# 3ds Max Wavefront OBJ Exporter v0.99 - (c)2007 guruware
# File Created: 22.10.2024 19:14:53

mtllib ala1.mtl

#
# object Ala_Derecha
#

v  -0.9024 0.7011 -1.0294
v  -0.8443 0.6357 -1.0854
v  -0.8453 0.4805 -0.8885
v  -0.8926 0.5550 -0.8294
v  -0.9479 0.5997 -0.7880
v  -0.9545 0.7514 -0.9812
v  -0.9605 0.8946 -1.1757
v  -0.9019 0.8418 -1.2223
v  -0.8353 0.7739 -1.2769
v  -0.8718 1.0354 -1.5439
v  -0.8886 0.9530 -1.3983
v  -0.9557 1.0206 -1.3551
v  -0.9475 1.1204 -1.5038
v  -0.7967 0.9342 -1.5843
v  -0.8176 0.8691 -1.4459
v  -0.6982 0.7929 -1.4868
v  -0.4737 0.8056 -1.4530
v  -0.5015 0.7158 -1.2949
v  -0.7213 0.6952 -1.3350
v  -0.6747 0.8529 -1.6111
v  -0.4637 0.8117 -1.5945
v  -0.5207 0.5899 -1.1042
v  -0.5305 0.4807 -0.8830
v  -0.7256 0.4431 -0.9279
v  -0.7265 0.5783 -1.1374
v  0.1284 0.1271 -0.5152
v  0.1887 0.2362 -0.7163
v  0.2994 0.1551 -0.7108
v  0.2349 0.0515 -0.5062
v  0.1856 -0.0312 -0.3207
v  0.0792 0.0348 -0.3372
v  -0.0781 0.1125 -0.3748
v  -0.0354 0.2174 -0.5450
v  0.0143 0.3340 -0.7431
v  0.2470 0.3513 -0.9106
v  0.3044 0.4540 -1.0905
v  0.4399 0.3752 -1.0612
v  0.3689 0.2704 -0.8990
v  0.0562 0.4451 -0.9477
v  0.0982 0.5493 -1.1432
v  -0.2262 0.5696 -1.0091
v  -0.2535 0.4496 -0.7995
v  -0.1936 0.6909 -1.2054
v  1.3093 -0.2881 -0.1514
v  1.2390 -0.3488 0.0215
v  1.2300 -0.4011 -0.0082
v  1.3008 -0.3354 -0.1863
v  1.3953 -0.2504 -0.3879
v  1.4021 -0.2092 -0.3474
v  1.3641 -0.1614 -0.3227
v  1.2530 -0.2605 -0.1495
v  1.1788 -0.3170 0.0190
v  -0.4211 1.0771 -0.5703
v  -0.4621 0.9757 -0.3653
v  -0.3548 0.8653 -0.3992
v  -0.3062 0.9718 -0.6011
v  -0.2542 1.0760 -0.7991
v  -0.3836 1.1744 -0.7751
v  -0.4898 1.2848 -0.7099
v  -0.5414 1.1688 -0.5240
v  -0.5955 1.0439 -0.3428
v  -0.0372 1.0730 -0.9738
v  0.1169 0.9912 -0.9595
v  0.1723 1.0800 -1.0852
v  0.0185 1.1650 -1.0956
v  -0.2025 1.1671 -0.9757
v  -0.1560 1.2489 -1.1100
v  -0.0968 0.9781 -0.8000
v  0.0553 0.8979 -0.7829
v  -0.3466 1.2653 -0.9563
v  -0.2920 1.3658 -1.0731
v  -0.3973 1.4921 -0.9813
v  -0.4442 1.3875 -0.8764
v  -0.7201 1.1618 -0.5228
v  -0.6674 1.2923 -0.6971
v  -0.8357 1.2196 -0.7386
v  -0.8737 1.0683 -0.5797
v  -0.9053 0.9175 -0.4365
v  -0.7712 1.0272 -0.3589
v  -1.1231 2.3008 -2.5878
v  -1.0702 2.0742 -2.4519
v  -1.1596 2.1105 -2.4099
v  -1.1980 2.3186 -2.5483
v  -1.2527 2.5191 -2.6999
v  -1.1943 2.5076 -2.7488
v  -1.1142 2.5017 -2.7806
v  -1.0377 2.2914 -2.6146
v  -0.9706 2.0524 -2.4804
v  -0.6530 0.8959 -1.7017
v  -0.4501 0.8327 -1.6845
v  -0.7762 0.9835 -1.6827
v  -0.7570 1.0230 -1.7619
v  -0.6280 0.9377 -1.7683
v  -0.4314 0.8675 -1.7429
v  -0.5982 0.9863 -1.8330
v  -0.5711 1.0482 -1.8775
v  -0.3868 0.9824 -1.8209
v  -0.4082 0.9149 -1.7928
v  -0.7333 1.0673 -1.8406
v  -0.7112 1.1173 -1.9003
v  -0.8600 1.0901 -1.6452
v  -0.8537 1.1288 -1.7267
v  -0.9428 1.1841 -1.6057
v  -0.9393 1.2303 -1.6831
v  -0.8486 1.1664 -1.8106
v  -0.8454 1.2093 -1.8818
v  -0.9386 1.2746 -1.7611
v  -0.9433 1.3248 -1.8321
v  -0.1601 0.7517 -1.3944
v  -0.1575 0.7092 -1.5618
v  0.1593 0.6018 -1.4998
v  0.1480 0.6373 -1.3259
v  -0.1533 0.7117 -1.6673
v  -0.1412 0.7557 -1.7252
v  0.1609 0.6371 -1.6952
v  0.1556 0.5915 -1.6214
v  -0.1248 0.8202 -1.7518
v  -0.1121 0.8906 -1.7582
v  0.1864 0.7886 -1.7260
v  0.1742 0.7119 -1.7259
v  0.3650 0.5336 -1.2512
v  0.3902 0.5242 -1.4092
v  0.5432 0.4427 -1.3376
v  0.5094 0.4472 -1.1953
v  2.1968 -0.0087 -1.0994
v  2.2417 0.1020 -1.0026
v  2.1728 0.0591 -0.9532
v  2.1278 -0.0349 -1.0512
v  2.0755 -0.0326 -1.1864
v  2.0588 -0.0464 -1.1254
v  2.1021 -0.0054 -1.2281
v  2.2282 0.0242 -1.1450
v  2.2739 0.1348 -1.0505
v  2.1296 0.0332 -1.2573
v  2.1525 0.0785 -1.2744
v  2.2143 0.1184 -1.2324
v  2.2438 0.0633 -1.1864
v  2.2501 0.2011 -1.1731
v  2.2809 0.1665 -1.1036
v  2.0062 0.1305 -0.9102
v  1.8695 0.0886 -0.8742
v  1.8705 0.0436 -0.9302
v  2.0297 0.0479 -0.9461
v  2.1377 0.1632 -0.9070
v  2.0559 0.2473 -0.9139
v  1.9540 0.2035 -0.9030
v  1.8355 0.1558 -0.8585
v  -0.3669 1.5610 -1.0365
v  -0.2575 1.4361 -1.1345
v  -0.1297 1.3141 -1.1905
v  -0.0909 1.3912 -1.1974
v  -0.2311 1.4969 -1.1626
v  -0.3543 1.6116 -1.0818
v  1.1871 0.1240 -1.1327
v  1.3139 0.0671 -1.1055
v  1.2158 -0.0486 -0.9599
v  1.1066 0.0044 -0.9810
v  0.9992 0.0599 -0.9987
v  1.0703 0.1802 -1.1541
v  1.1090 0.2147 -1.3306
v  1.2402 0.1523 -1.3064
v  1.3924 0.1080 -1.2621
v  1.2797 0.1625 -1.4238
v  1.4406 0.1178 -1.3715
v  1.1402 0.2124 -1.4584
v  1.1783 0.2597 -1.5288
v  1.3201 0.2082 -1.4902
v  1.4816 0.1493 -1.4376
v  0.8591 0.9622 -1.0878
v  1.0176 0.8476 -1.0879
v  1.0764 0.9163 -1.1301
v  0.9166 1.0534 -1.1276
v  0.7695 1.1512 -1.1548
v  0.7275 1.0604 -1.1010
v  0.6860 0.9638 -1.0970
v  0.8013 0.8682 -1.0986
v  0.9513 0.7638 -1.0932
v  0.9474 1.0871 -1.2302
v  1.1002 0.9343 -1.2089
v  1.0976 0.9156 -1.2891
v  0.9386 1.0540 -1.3342
v  0.7999 1.1666 -1.3729
v  0.8001 1.1929 -1.2601
v  0.7814 1.1131 -1.4526
v  0.9183 1.0033 -1.4092
v  0.8870 0.9407 -1.4761
v  0.7556 1.0533 -1.5209
v  1.0782 0.8714 -1.3568
v  1.0528 0.8158 -1.4265
v  -0.2223 1.5485 -1.2100
v  -0.3541 1.6668 -1.1443
v  -0.0704 1.4471 -1.2334
v  -0.0621 1.4847 -1.2862
v  -0.2247 1.5883 -1.2690
v  -0.3624 1.7145 -1.2234
v  -0.2319 1.6168 -1.3340
v  -0.0640 1.5033 -1.3469
v  -0.0699 1.5023 -1.4120
v  -0.2331 1.6301 -1.4065
v  -0.3677 1.7804 -1.3939
v  -0.3710 1.7523 -1.3050
v  -1.0271 1.8401 -2.3299
v  -0.9646 1.6465 -2.1873
v  -1.0713 1.7196 -2.1452
v  -1.1259 1.8982 -2.2785
v  -0.9098 1.8068 -2.3547
v  -0.8360 1.6011 -2.1972
v  -0.7982 1.7932 -2.3579
v  -0.7132 1.5775 -2.1840
v  -0.8725 2.0435 -2.5021
v  -0.6891 1.9863 -2.5469
v  -0.6106 1.7462 -2.3657
v  -0.5265 1.5239 -2.1771
v  -0.2578 1.6208 -2.3992
v  -0.2011 1.4059 -2.1853
v  -0.3183 1.8463 -2.6173
v  0.0823 1.6254 -2.7429
v  0.1158 1.4134 -2.4913
v  0.1399 1.2168 -2.2440
v  0.4496 1.2544 -2.5595
v  0.4486 1.0873 -2.2807
v  0.4372 1.4445 -2.8415
v  0.7191 1.3215 -2.9050
v  0.7127 1.1452 -2.6049
v  0.6854 0.9837 -2.3137
v  2.6615 0.6083 -2.6796
v  2.7426 0.5437 -2.6520
v  2.8969 0.6924 -3.0718
v  2.8862 0.7643 -3.0696
v  2.8556 0.8202 -3.0771
v  2.6159 0.6350 -2.6942
v  2.4326 0.5437 -2.2553
v  2.4854 0.5127 -2.2540
v  2.5291 0.4555 -2.2510
v  1.2365 1.2737 -2.4821
v  1.1184 1.1526 -2.2016
v  1.3577 1.0188 -2.1905
v  1.5012 1.1098 -2.5142
v  1.6345 1.2574 -2.8326
v  1.3338 1.4144 -2.7775
v  1.0554 1.5287 -2.7586
v  0.9868 1.3860 -2.4812
v  0.9038 1.2553 -2.2223
v  -0.2071 2.0195 -2.2215
v  -0.4128 2.1533 -2.1437
v  -0.3957 2.0161 -1.9781
v  -0.2136 1.8732 -2.0391
v  -0.0177 1.7580 -2.0758
v  0.0127 1.9109 -2.2694
v  0.0197 2.0767 -2.4680
v  -0.2182 2.1937 -2.4006
v  -0.4459 2.3236 -2.3091
v  1.6809 0.7522 -2.7019
v  1.4534 0.8425 -2.6835
v  1.5226 1.0268 -3.0259
v  1.7808 0.9402 -3.0532
v  2.0681 0.8148 -3.1018
v  1.9414 0.6428 -2.7241
v  1.8392 0.5703 -2.3057
v  1.6053 0.6675 -2.3034
v  1.3913 0.7161 -2.3156
v  -0.5804 2.3802 -1.9706
v  -0.8436 2.4777 -1.8913
v  -0.8152 2.3415 -1.7965
v  -0.5486 2.2539 -1.8358
v  -0.6270 2.5384 -2.1193
v  -0.8813 2.6427 -2.0085
v  2.1615 0.2965 -1.2405
v  2.1212 0.3608 -1.2272
v  2.1591 0.3499 -1.1323
v  2.2220 0.2781 -1.1416
v  2.1732 0.2396 -1.2627
v  2.1382 0.2776 -1.3683
v  2.1254 0.3262 -1.3451
v  2.0930 0.3804 -1.3229
v  1.3571 0.2687 -1.5278
v  1.5236 0.2017 -1.4826
v  1.2109 0.3273 -1.5585
v  1.2364 0.3979 -1.5637
v  1.3862 0.3320 -1.5420
v  1.5598 0.2705 -1.4936
v  -0.2307 1.6078 -1.4911
v  -0.2177 1.5943 -1.5718
v  -0.3456 1.7546 -1.5805
v  -0.3456 1.7849 -1.4949
v  -0.0805 1.4709 -1.4774
v  -0.0679 1.4701 -1.5469
v  -0.2217 1.7349 -1.8588
v  -0.3802 1.8887 -1.8193
v  -0.3642 1.7957 -1.6924
v  -0.2163 1.6434 -1.7056
v  -0.0661 1.5119 -1.7072
v  -0.0511 1.6101 -1.8796
v  -0.8506 1.2596 -1.9274
v  -0.8684 1.3430 -1.9761
v  -0.7248 1.2477 -1.9763
v  -0.7063 1.1650 -1.9330
v  -0.9577 1.3869 -1.8887
v  -0.9827 1.4693 -1.9495
v  -0.9070 1.4786 -2.0631
v  -0.7691 1.4089 -2.0602
v  -1.0194 1.5804 -2.0333
v  -0.5608 1.1123 -1.9054
v  -0.5785 1.2130 -1.9462
v  -0.3875 1.1824 -1.8838
v  -0.3750 1.0650 -1.8388
v  -0.6347 1.3808 -2.0361
v  -0.4444 1.3359 -2.0088
v  -0.1006 0.9721 -1.7644
v  -0.1047 1.0753 -1.8329
v  0.1890 0.9159 -1.8298
v  0.1947 0.8480 -1.7441
v  -0.1459 1.2169 -1.9902
v  0.1656 1.0405 -2.0121
v  0.4502 0.7590 -1.7513
v  0.4553 0.8265 -1.8294
v  0.6615 0.7516 -1.8449
v  0.6466 0.6768 -1.7839
v  0.6283 0.6180 -1.7662
v  0.4376 0.7030 -1.7250
v  0.4493 0.9324 -2.0264
v  0.6658 0.8388 -2.0509
v  2.1365 0.3465 -1.4240
v  2.1970 0.3740 -1.5646
v  2.1569 0.4211 -1.5506
v  2.0996 0.3945 -1.4032
v  2.1541 0.2966 -1.4393
v  2.2144 0.3225 -1.5708
v  2.3301 0.4372 -1.8574
v  2.2816 0.4824 -1.8498
v  2.3408 0.3788 -1.8685
v  0.8939 0.9334 -1.5719
v  0.7497 1.0273 -1.6175
v  1.0657 0.8177 -1.5197
v  1.1133 0.8508 -1.6588
v  0.9313 0.9662 -1.7119
v  0.7852 1.0737 -1.7533
v  1.2186 0.9242 -1.8945
v  1.0083 1.0386 -1.9361
v  0.8294 1.1372 -1.9729
v  -0.2083 1.6081 -1.6249
v  -0.3531 1.7541 -1.6295
v  -0.0644 1.4787 -1.6075
v  -0.5208 2.1363 -1.7069
v  -0.7855 2.2301 -1.6904
v  -0.7580 2.1409 -1.5976
v  -0.4977 2.0440 -1.6027
v  -2.3515 3.9319 -3.0833
v  -2.3848 3.9035 -3.1023
v  -2.3577 3.9266 -3.1318
v  -2.3291 3.9530 -3.1251
v  -2.2877 4.0014 -3.1204
v  -2.3156 3.9809 -3.0748
v  -2.3514 3.9830 -3.0340
v  -2.3894 3.9317 -3.0477
v  -2.4093 3.9096 -3.0680
v  -2.4871 4.0500 -3.0598
v  -2.4606 4.0835 -3.1010
v  -2.4759 4.0408 -3.1210
v  -2.4990 3.9991 -3.1049
v  -2.4964 3.9492 -3.0806
v  -2.4835 3.9989 -3.0227
v  -2.4340 4.0645 -2.9877
v  -2.4393 4.1195 -3.0250
v  -2.4198 4.1594 -3.0730
v  -2.4318 4.1042 -3.1431
v  -2.3942 4.1004 -3.1772
v  -2.4236 4.0532 -3.1842
v  -2.4573 4.0417 -3.1568
v  -2.3859 4.1775 -3.1213
v  -2.3474 4.1735 -3.1656
v  -2.3166 3.9779 -3.1695
v  -2.2676 4.0355 -3.1669
v  -2.3674 3.9339 -3.1621
v  -2.3851 3.9656 -3.1901
v  -2.3270 4.0182 -3.2014
v  -2.2700 4.0828 -3.2053
v  -2.2629 4.0426 -3.0728
v  -2.2378 4.0654 -3.1202
v  -2.1722 4.1106 -3.1266
v  -2.2020 4.0981 -3.0775
v  -2.2313 4.1085 -3.0280
v  -2.2993 4.0530 -3.0309
v  -2.3307 4.0836 -2.9884
v  -2.3632 4.1383 -2.9570
v  -2.3925 4.0086 -2.9913
v  -2.2558 4.1424 -2.9823
v  -2.2725 4.1964 -2.9463
v  -2.3749 4.2067 -2.9834
v  -2.3579 4.2563 -3.0401
v  -2.2770 4.2724 -2.9512
v  -2.2602 4.3312 -3.0068
v  -2.3199 4.2689 -3.0993
v  -2.2789 4.2551 -3.1495
v  -2.2259 4.3401 -3.0751
v  -2.1914 4.3194 -3.1330
v  -2.2393 4.2141 -3.1891
v  -2.3052 4.1377 -3.1994
v  -2.1623 4.2729 -3.1755
v  -2.1455 4.2123 -3.1977
v  -2.2107 4.1551 -3.1964
v  -2.2157 4.1045 -3.1609
v  -2.1477 4.1457 -3.1811
v  -2.1341 4.1046 -3.0866
v  -2.1094 4.1154 -3.1474
v  -2.0510 4.1223 -3.1579
v  -2.0734 4.0979 -3.1013
v  -2.0897 4.1036 -3.0341
v  -2.1579 4.1203 -3.0296
v  -2.1734 4.1577 -2.9796
v  -2.0964 4.1487 -2.9803
v  -2.0928 4.2122 -2.9589
v  -2.1778 4.2147 -2.9479
v  -2.1672 4.2852 -2.9500
v  -2.1460 4.3404 -2.9974
v  -2.0759 4.2741 -2.9691
v  -2.0521 4.3243 -3.0063
v  -2.1192 4.3530 -3.0631
v  -2.0952 4.3355 -3.1224
v  -2.0282 4.3491 -3.0642
v  -2.0103 4.3364 -3.1261
v  -2.0771 4.2339 -3.1932
v  -2.0802 4.2935 -3.1698
v  -2.0047 4.2940 -3.1741
v  -2.0109 4.2344 -3.1992
v  -2.0898 4.1655 -3.1952
v  -2.0300 4.1699 -3.1995
v  -2.0878 4.1479 -2.4982
v  -2.1200 4.1350 -2.5590
v  -2.0360 4.1208 -2.5956
v  -2.0007 4.1365 -2.5383
v  -1.9706 4.1845 -2.5001
v  -2.0596 4.1994 -2.4615
v  -2.1170 4.2122 -2.4462
v  -2.1636 4.1720 -2.4631
v  -2.1986 4.1528 -2.5285
v  -1.9965 4.0786 -2.7109
v  -2.0080 4.1498 -2.7548
v  -1.9482 4.1185 -2.8107
v  -1.9255 4.0635 -2.7545
v  -1.8663 4.0898 -2.6976
v  -1.9458 4.1089 -2.6456
v  -2.0805 4.0960 -2.6634
v  -2.0920 4.1658 -2.7062
v  -2.0153 4.2144 -2.7849
v  -1.9897 4.2838 -2.7632
v  -1.9134 4.2658 -2.8076
v  -1.9466 4.1940 -2.8326
v  -2.0967 4.2302 -2.7325
v  -2.0813 4.3008 -2.7257
v  -1.9583 4.3300 -2.7246
v  -1.8805 4.3204 -2.7781
v  -2.0498 4.3551 -2.6887
v  -2.0112 4.3726 -2.6300
v  -1.9236 4.3510 -2.6742
v  -1.8401 4.3507 -2.7326
v  -1.8899 4.3422 -2.6180
v  -1.7953 4.3458 -2.6717
v  -1.9754 4.3713 -2.5657
v  -1.9551 4.3223 -2.5148
v  -1.8651 4.3047 -2.5684
v  -1.7654 4.2972 -2.6200
v  -1.8556 4.2401 -2.5365
v  -1.8769 4.1700 -2.5528
v  -1.7934 4.1613 -2.6242
v  -1.7578 4.2249 -2.5916
v  -1.9538 4.2537 -2.4913
v  -1.9104 4.1305 -2.5952
v  -1.8296 4.1268 -2.6642
v  -2.0363 4.1385 -2.9831
v  -2.0315 4.0959 -3.0442
v  -1.9827 4.0927 -3.0483
v  -1.9895 4.1327 -2.9806
v  -1.9805 4.2041 -2.9627
v  -2.0310 4.2064 -2.9645
v  -2.0126 4.2691 -2.9763
v  -1.9595 4.2715 -2.9721
v  -1.9318 4.3277 -3.0108
v  -1.9871 4.3245 -3.0091
v  -1.9623 4.3566 -3.0699
v  -1.9458 4.3387 -3.1375
v  -1.9057 4.3593 -3.0765
v  -1.8884 4.3357 -3.1480
v  -1.9426 4.2896 -3.1836
v  -1.9516 4.2284 -3.2100
v  -1.8847 4.2803 -3.1962
v  -1.8942 4.2137 -3.2249
v  -1.9716 4.1631 -3.2087
v  -1.9169 4.1418 -3.2221
v  -1.9408 4.0910 -3.1783
v  -1.9928 4.1163 -3.1693
v  -2.0150 4.0967 -3.1138
v  -1.9623 4.0822 -3.1174
v  -1.9417 4.1396 -2.9723
v  -1.9270 4.2137 -2.9569
v  -1.9329 4.0886 -3.0368
v  -1.9041 4.0732 -3.0010
v  -1.9039 4.1495 -2.9585
v  -1.8769 4.2250 -2.9530
v  -1.9162 4.1720 -2.8714
v  -1.9148 4.0872 -2.8397
v  -1.8644 4.2490 -2.8504
v  -1.8397 4.2344 -2.8875
v  -1.9057 4.1568 -2.8921
v  -1.8961 4.0443 -2.8706
v  -1.8052 4.2859 -2.9306
v  -1.7583 4.3184 -2.9631
v  -1.8052 4.3170 -3.0031
v  -1.8431 4.2821 -2.9642
v  -1.8334 4.2229 -2.9297
v  -1.7970 4.2939 -2.8848
v  -1.7231 4.3218 -2.8888
v  -1.8998 4.2782 -2.9716
v  -1.8680 4.3279 -3.0117
v  -1.8250 4.3076 -2.8343
v  -1.7748 4.3385 -2.7996
v  -1.8421 4.3607 -3.0784
v  -1.8262 4.3337 -3.1545
v  -1.7770 4.3469 -3.0679
v  -1.7583 4.3294 -3.1522
v  -1.8220 4.2663 -3.2101
v  -1.8333 4.1890 -3.2472
v  -1.7552 4.2542 -3.2236
v  -1.7708 4.1675 -3.2800
v  -1.9078 4.0594 -2.9447
v  -1.8869 4.1505 -2.9254
v  -1.7194 4.3289 -2.7439
v  -1.6765 4.2850 -2.6879
v  -1.5968 4.2691 -2.7778
v  -1.6523 4.3041 -2.8339
v  -1.4790 4.1976 -2.8454
v  -1.4788 4.1233 -2.8282
v  -1.3335 4.1295 -2.8974
v  -1.3654 4.1917 -2.9521
v  -1.4285 4.2405 -3.0095
v  -1.5147 4.2515 -2.8935
v  -1.5722 4.2045 -2.7274
v  -1.6214 4.1119 -2.7500
v  -1.6607 4.2099 -2.6476
v  -1.7215 4.1455 -2.6960
v  -1.7059 4.0523 -2.7554
v  -1.7638 4.0957 -2.7194
v  -1.8124 4.0567 -2.7437
v  -1.7697 3.9927 -2.7705
v  -1.8763 4.0447 -2.7860
v  -1.8530 3.9963 -2.8040
v  -1.8282 3.9365 -2.8188
v  -1.7657 3.9216 -2.7768
v  -1.8739 3.9549 -2.8908
v  -1.8518 3.8727 -2.9044
v  -1.8019 3.8642 -2.8278
v  -1.7478 3.8560 -2.7755
v  -1.7702 3.7859 -2.8296
v  -1.7228 3.7840 -2.7747
v  -1.8190 3.7853 -2.9032
v  -1.7761 3.7014 -2.8928
v  -1.7325 3.7105 -2.8251
v  -1.6878 3.7149 -2.7741
v  -1.6245 3.7656 -2.6861
v  -1.6208 3.7678 -2.7291
v  -1.5902 3.7081 -2.7212
v  -1.6146 3.7184 -2.6658
v  -1.6481 3.7670 -2.6012
v  -1.6553 3.8027 -2.6728
v  -1.6534 3.8184 -2.7254
v  -1.6601 3.7771 -2.7592
v  -1.6869 3.8391 -2.7600
v  -1.6253 3.7117 -2.7585
v  -1.4746 3.4690 -2.4796
v  -1.5284 3.5820 -2.5010
v  -1.5534 3.5560 -2.5611
v  -1.5038 3.4348 -2.5307
v  -1.4504 3.2927 -2.4894
v  -1.3963 3.3384 -2.4529
v  -1.3432 3.4126 -2.4539
v  -1.4247 3.5230 -2.4582
v  -1.4776 3.6178 -2.4683
v  -1.5236 3.7041 -2.4567
v  -1.5562 3.7856 -2.4285
v  -1.6272 3.7680 -2.4912
v  -1.5813 3.6797 -2.5042
v  -1.6048 3.6610 -2.5787
v  -1.4594 3.7420 -2.4498
v  -1.4878 3.8110 -2.4115
v  -1.4182 3.6687 -2.4691
v  -1.3649 3.7365 -2.5077
v  -1.4014 3.7957 -2.4774
v  -1.4281 3.8518 -2.4324
v  -1.4584 4.0608 -2.8116
v  -1.5711 4.0425 -2.7870
v  -1.5249 4.0041 -2.7639
v  -1.4312 4.0194 -2.7858
v  -1.3288 4.0049 -2.8330
v  -1.3285 4.0614 -2.8647
v  -1.6489 4.0076 -2.7714
v  -1.6964 3.9552 -2.7720
v  -1.6455 3.9335 -2.7440
v  -1.5948 3.9709 -2.7647
v  -1.5682 3.9707 -2.7127
v  -1.5549 3.9790 -2.7362
v  -1.4934 4.0027 -2.7308
v  -1.4850 4.0031 -2.6971
v  -1.7038 3.8988 -2.7663
v  -1.6735 3.8767 -2.7292
v  -1.6971 3.8669 -2.6726
v  -1.6850 3.8616 -2.5853
v  -1.6976 3.9651 -2.5779
v  -1.6642 3.9387 -2.6764
v  -1.5922 4.0249 -2.6020
v  -1.5829 3.9855 -2.6673
v  -1.4885 4.0543 -2.5957
v  -1.4858 4.0148 -2.6547
v  -1.6473 3.8579 -2.4647
v  -1.6474 3.9444 -2.4259
v  -1.5713 3.8649 -2.3745
v  -1.5820 3.9416 -2.3149
v  -1.6451 4.0239 -2.3725
v  -1.6359 4.1012 -2.3208
v  -1.6418 4.1149 -2.4012
v  -1.6701 4.0553 -2.4709
v  -1.5962 4.0178 -2.2737
v  -1.6060 4.0741 -2.2618
v  -1.3856 3.9609 -2.4005
v  -1.3976 4.0231 -2.3334
v  -1.4465 3.9664 -2.3050
v  -1.4387 3.9058 -2.3699
v  -1.3867 3.9112 -2.4781
v  -1.3700 3.9763 -2.5288
v  -1.3720 4.0322 -2.4427
v  -1.3834 4.0657 -2.3810
v  -1.5015 3.8819 -2.3574
v  -1.5085 3.9428 -2.2836
v  -1.4069 4.0932 -2.4792
v  -1.4179 4.1208 -2.3788
v  -1.3992 4.0429 -2.5738
v  -1.4873 4.1146 -2.5008
v  -1.4840 4.1570 -2.3910
v  -1.5259 4.0166 -2.2168
v  -1.4613 4.0441 -2.2533
v  -1.4879 4.1050 -2.2382
v  -1.5572 4.1111 -2.2067
v  -1.5873 4.0899 -2.5065
v  -1.5784 4.1510 -2.4004
v  -1.5788 4.1734 -2.2899
v  -1.4832 4.1486 -2.2924
v  -1.4285 4.0926 -2.3020
v  -0.6215 1.4128 -0.8497
v  -0.5862 1.5278 -0.9473
v  -0.7696 1.4797 -0.9757
v  -0.7990 1.3605 -0.8762
v  -0.5647 1.6018 -0.9973
v  -0.5541 1.6595 -1.0370
v  -0.7414 1.6149 -1.0735
v  -0.7514 1.5556 -1.0303
v  -0.8753 1.5200 -1.0637
v  -0.9053 1.4374 -1.0042
v  -0.8549 1.5852 -1.1115
v  -0.9538 1.5823 -1.1356
v  -0.9786 1.5045 -1.0831
v  -1.0145 1.4144 -1.0187
v  -0.7367 1.6865 -1.1351
v  -0.5509 1.7292 -1.0955
v  -0.5503 1.7979 -1.1730
v  -0.7345 1.7621 -1.2067
v  -0.8438 1.6591 -1.1740
v  -0.9445 1.6668 -1.1898
v  -0.8384 1.7331 -1.2441
v  -0.9351 1.7297 -1.2634
v  -0.7320 1.8355 -1.2780
v  -0.5482 1.8563 -1.2564
v  -0.5353 1.9156 -1.3498
v  -0.7276 1.9084 -1.3476
v  -0.8348 1.8003 -1.3127
v  -0.8352 1.8613 -1.3783
v  -0.9301 1.8342 -1.3969
v  -0.9289 1.7826 -1.3340
v  -0.4824 1.9962 -1.5512
v  -0.7332 2.0779 -1.5283
v  -0.7187 2.0247 -1.4684
v  -0.4840 1.9713 -1.5046
v  -0.5065 1.9556 -1.4391
v  -0.7200 1.9719 -1.4111
v  -0.8409 1.9164 -1.4399
v  -0.8623 1.9711 -1.5063
v  -0.9679 1.9372 -1.5213
v  -0.9384 1.8842 -1.4557
v  -0.9457 1.3141 -0.9038
v  -0.9854 1.1700 -0.7719
v  -1.0593 1.2996 -0.9229
v  -1.1314 1.1611 -0.8031
v  -1.1308 1.0023 -0.6389
v  -1.0147 1.0236 -0.6178
v  -1.1459 0.8801 -0.5003
v  -1.0421 0.8963 -0.4702
v  -1.2022 1.0724 -0.8370
v  -1.1601 1.0166 -0.9103
v  -1.1428 0.8800 -0.7411
v  -1.1905 0.9411 -0.6845
v  -1.1428 0.7593 -0.5841
v  -1.1868 0.8203 -0.5446
v  -1.1035 1.4022 -1.0289
v  -1.1207 1.3161 -0.9503
v  -1.1837 1.3677 -1.0340
v  -1.1771 1.2637 -0.9252
v  -1.2113 1.1907 -0.9710
v  -1.1792 1.1406 -1.0539
v  -1.2403 1.3033 -1.0866
v  -1.2218 1.2446 -1.1735
v  -1.0833 1.5946 -1.1622
v  -1.1892 1.5616 -1.2259
v  -1.1892 1.4729 -1.1344
v  -1.0955 1.5067 -1.0916
v  -1.1324 1.1303 -1.1471
v  -1.0779 1.1208 -1.2368
v  -1.0670 0.9761 -1.0690
v  -1.1076 0.9986 -0.9878
v  -1.1844 1.2253 -1.2683
v  -1.1355 1.2398 -1.3984
v  -1.0211 1.0785 -1.3048
v  -1.0329 1.1845 -1.4548
v  -1.0162 0.9407 -1.1279
v  -1.2456 1.3392 -1.2670
v  -1.2533 1.4096 -1.1946
v  -1.2488 1.4950 -1.2900
v  -1.2472 1.4116 -1.3522
v  -1.2167 1.2992 -1.3235
v  -1.2117 1.3355 -1.3994
v  -1.0398 1.2523 -1.5644
v  -1.1346 1.3120 -1.5220
v  -1.1301 1.3751 -1.6063
v  -1.0300 1.3131 -1.6424
v  -1.0771 1.6680 -1.2288
v  -1.1912 1.6286 -1.2968
v  -1.0762 1.7326 -1.2906
v  -1.1944 1.6843 -1.3561
v  -1.2083 1.3845 -1.4757
v  -1.2085 1.4418 -1.5513
v  -1.2466 1.4674 -1.4223
v  -1.2472 1.5187 -1.4843
v  -1.2407 1.5534 -1.3635
v  -1.2409 1.6034 -1.4223
v  -1.0768 1.7895 -1.3510
v  -1.1965 1.7384 -1.4156
v  -1.0765 1.8389 -1.4116
v  -1.1946 1.7922 -1.4742
v  -1.2432 1.6589 -1.4803
v  -1.2411 1.7173 -1.5378
v  -1.2414 1.6408 -1.5993
v  -1.2469 1.5778 -1.5446
v  -1.2057 1.5065 -1.6203
v  -1.1169 1.4455 -1.6773
v  -1.2016 1.5746 -1.6691
v  -1.1171 1.5369 -1.7430
v  -1.0225 1.3719 -1.7170
v  -1.0248 1.4326 -1.7863
v  -1.2314 1.7759 -1.5926
v  -1.2150 1.8357 -1.6479
v  -1.2162 1.7530 -1.6965
v  -1.2314 1.7019 -1.6450
v  -1.1849 1.8450 -1.5312
v  -1.1742 1.8986 -1.5905
v  -1.0732 1.8816 -1.4748
v  -1.0793 1.9239 -1.5380
v  -1.2049 1.6382 -1.6885
v  -1.1808 1.6580 -1.7330
v  -0.9100 2.0304 -1.5860
v  -1.0344 1.9995 -1.6031
v  -0.9626 2.1095 -1.6683
v  -1.1403 2.0563 -1.7088
v  -1.0394 1.5018 -1.8455
v  -1.0631 1.5842 -1.9070
v  -1.1118 1.6069 -1.8075
v  -1.1244 1.6902 -1.8644
v  -1.1040 1.9674 -1.6041
v  -1.1683 1.9593 -1.6583
v  -1.1686 1.7150 -1.7778
v  -1.1707 1.7964 -1.8344
v  -1.2039 1.8167 -1.7478
v  -1.2029 1.8955 -1.8086
v  -1.2032 1.9035 -1.7073
v  -1.2008 1.9854 -1.7736
v  -0.9944 2.2105 -1.7522
v  -1.1445 2.1625 -1.8020
v  -1.0153 2.3244 -1.8421
v  -1.1527 2.2739 -1.8887
v  -1.0930 1.6842 -1.9843
v  -1.1339 1.8109 -2.0835
v  -1.1427 1.7872 -1.9366
v  -1.1687 1.9086 -2.0285
v  -1.1821 1.8915 -1.9070
v  -1.1983 2.0080 -1.9963
v  -1.2100 1.9911 -1.8828
v  -1.2183 2.1050 -1.9707
v  -1.2037 2.0832 -1.8501
v  -1.2090 2.1954 -1.9363
v  -1.0374 2.4460 -1.9384
v  -1.1626 2.3956 -1.9801
v  -1.0663 2.5974 -2.0563
v  -1.1806 2.5424 -2.0935
v  -1.1758 1.9799 -2.2061
v  -1.2096 2.1715 -2.3414
v  -1.1918 2.0685 -2.1424
v  -1.2192 2.2456 -2.2748
v  -1.2068 2.1541 -2.1040
v  -1.2215 2.3181 -2.2314
v  -1.2252 2.2377 -2.0723
v  -1.2314 2.3907 -2.1937
v  -1.2151 2.3203 -2.0311
v  -1.2262 2.4672 -2.1468
v  -1.2898 2.5427 -2.6373
v  -1.2434 2.3600 -2.4848
v  -1.2540 2.4204 -2.4211
v  -1.3019 2.5888 -2.5757
v  -1.8771 4.0192 -3.0612
v  -1.9119 4.0549 -3.1028
v  -1.8962 4.0441 -3.1740
v  -1.8321 3.9591 -3.1535
v  -1.8388 3.8052 -3.0068
v  -1.7825 3.8274 -3.1047
v  -1.7485 3.7305 -3.0769
v  -1.7935 3.7120 -2.9849
v  -1.8645 3.9025 -3.0118
v  -1.8687 4.0995 -3.2451
v  -1.8168 4.0624 -3.2725
v  -1.8919 3.9803 -2.9830
v  -1.7256 3.8395 -3.2948
v  -1.8000 3.7697 -3.3668
v  -1.7849 3.7342 -3.3134
v  -1.7294 3.8285 -3.2285
v  -1.7515 3.9493 -3.2576
v  -1.7167 3.9414 -3.3400
v  -1.7293 3.8485 -3.3785
v  -1.8126 3.8016 -3.4315
v  -1.7260 3.8628 -3.4495
v  -1.7960 3.8084 -3.4942
v  -1.7010 3.9417 -3.4123
v  -1.6900 3.9449 -3.4671
v  -1.7079 3.8884 -3.5140
v  -1.7652 3.8179 -3.5788
v  -1.7887 3.4131 -3.6462
v  -1.7640 3.3611 -3.6244
v  -1.8961 3.3402 -3.5359
v  -1.9222 3.4011 -3.5590
v  -1.9429 3.4703 -3.5729
v  -1.8106 3.4739 -3.6548
v  -1.6567 3.5096 -3.7118
v  -1.6362 3.4557 -3.7043
v  -1.6176 3.4076 -3.6891
v  -1.5678 3.0601 -3.3971
v  -1.6385 3.0008 -3.2779
v  -1.6860 3.0443 -3.3292
v  -1.5953 3.1142 -3.4413
v  -1.4907 3.1906 -3.5242
v  -1.4804 3.1328 -3.4804
v  -1.4676 3.0712 -3.4214
v  -1.5386 3.0059 -3.3415
v  -1.5917 2.9591 -3.2233
v  -1.4990 2.9508 -3.2682
v  -1.5377 2.9151 -3.1548
v  -1.4435 3.0051 -3.3493
v  -1.4195 2.9633 -3.2936
v  -1.4440 2.9100 -3.2193
v  -1.4554 2.8487 -3.0694
v  -1.6754 2.9798 -3.1630
v  -1.6849 2.9884 -3.0634
v  -1.7549 3.0317 -3.1242
v  -1.7333 3.0296 -3.2191
v  -1.6174 2.9399 -3.1056
v  -1.6179 2.9568 -3.0064
v  -1.6746 3.0173 -2.9902
v  -1.6317 3.0502 -2.9560
v  -1.7042 3.0934 -2.9778
v  -1.7457 3.0543 -3.0369
v  -1.5981 3.0026 -2.9592
v  -1.5837 3.0290 -2.9465
v  -1.5543 2.9013 -3.0403
v  -1.5476 2.9248 -2.9478
v  -1.4692 2.8409 -2.9458
v  -1.4625 2.8666 -2.8670
v  -1.3646 2.7165 -2.8014
v  -1.3780 2.7443 -2.7326
v  -1.3391 2.7062 -2.8723
v  -1.7181 3.2077 -3.0123
v  -1.6286 3.2516 -3.0441
v  -1.7105 3.3053 -3.0912
v  -1.8032 3.2695 -3.0638
v  -1.8615 3.2246 -3.0945
v  -1.7904 3.1553 -3.0264
v  -1.6241 3.1419 -2.9775
v  -1.5287 3.1895 -3.0111
v  -1.2535 2.4900 -2.3770
v  -1.2946 2.6594 -2.5351
v  -1.2448 2.5660 -2.3407
v  -1.2808 2.7404 -2.5013
v  -1.1926 3.0210 -2.3103
v  -1.2657 2.9379 -2.4248
v  -1.2022 2.7242 -2.2547
v  -1.1222 2.8215 -2.1769
v  -0.9322 2.8607 -2.1600
v  -1.0281 3.1059 -2.3557
v  -1.2335 2.6444 -2.3007
v  -1.2699 2.8203 -2.4602
v  -1.2887 3.1864 -2.4081
v  -1.2168 3.2853 -2.4187
v  -1.3590 3.1377 -2.4636
v  -1.3727 2.8117 -2.6934
v  -1.4237 2.9309 -2.8543
v  -1.3485 2.8896 -2.6636
v  -1.2932 3.0368 -2.9298
v  -1.5088 2.9876 -2.9327
v  -1.5127 3.0277 -2.9399
v  -1.5569 3.0741 -2.9504
v  -1.4187 3.1046 -2.9906
v  -1.3709 3.2012 -2.8227
v  -1.4283 3.3149 -2.7955
v  -1.4200 3.3129 -2.8845
v  -1.4301 3.3168 -2.9666
v  -1.4529 3.2544 -3.0020
v  -1.3029 3.2100 -2.9514
v  -1.3986 3.2045 -2.7294
v  -1.4335 3.3237 -2.7178
v  -1.3752 3.0730 -2.7115
v  -1.3738 3.0994 -2.6379
v  -1.4101 3.1963 -2.6385
v  -1.4578 3.3201 -2.6421
v  -1.4044 3.1544 -2.5446
v  -1.3399 3.0311 -2.5581
v  -1.4741 3.2949 -2.5631
v  -1.3353 2.9524 -2.6052
v  -2.1621 4.1135 -2.6253
v  -2.2378 4.1449 -2.5963
v  -2.2175 4.1887 -2.6391
v  -2.1689 4.1810 -2.6659
v  -2.0448 4.2670 -2.4572
v  -2.0443 4.3336 -2.4811
v  -2.1312 4.3353 -2.4617
v  -2.1272 4.2678 -2.4378
v  -2.1395 4.3704 -2.6558
v  -2.2067 4.3700 -2.6065
v  -2.1513 4.3904 -2.5745
v  -2.0943 4.3878 -2.5963
v  -2.1714 4.3076 -2.6886
v  -2.2481 4.3082 -2.6399
v  -2.1748 4.2399 -2.6851
v  -2.2359 4.2394 -2.6380
v  -2.0617 4.3804 -2.5334
v  -2.1448 4.3757 -2.5206
v  -2.2277 4.3520 -2.5348
v  -2.2908 4.2969 -2.5609
v  -2.2648 4.2733 -2.5050
v  -2.2190 4.3098 -2.4739
v  -2.2825 4.2154 -2.5775
v  -2.2664 4.2084 -2.4993
v  -2.2031 4.2404 -2.4535
v  -2.4608 3.9299 -3.1569
v  -2.4253 3.8986 -3.1320
v  -2.4586 3.9030 -3.0642
v  -2.4384 3.9512 -3.0186
v  -2.4684 3.9851 -3.1612
v  -2.4110 4.0120 -3.2013
v  -2.3587 4.0674 -3.2072
v  -1.5386 3.3113 -3.0484
v  -1.4852 3.3688 -2.9821
v  -1.5458 3.4441 -3.0106
v  -1.5972 3.3770 -3.1072
v  -1.7513 3.6271 -2.9654
v  -1.7286 3.6262 -2.8787
v  -1.7096 3.6482 -3.0580
v  -1.6599 3.5770 -3.0443
v  -1.6886 3.5609 -2.9479
v  -1.6757 3.5586 -2.8633
v  -1.4971 3.3761 -2.8873
v  -1.4834 3.3926 -2.8091
v  -1.5533 3.4432 -2.8322
v  -1.5567 3.4398 -2.9116
v  -1.6239 3.4988 -2.9303
v  -1.6172 3.4981 -2.8488
v  -1.6074 3.5080 -3.0268
v  -1.5838 3.6359 -2.6505
v  -1.5429 3.5329 -2.6309
v  -1.5614 3.6241 -2.7091
v  -1.5166 3.5216 -2.7109
v  -1.4897 3.4209 -2.6696
v  -1.5305 3.4728 -2.7681
v  -1.4721 3.4134 -2.7403
v  -1.5857 3.5295 -2.7863
v  -1.5700 3.5753 -2.7501
v  -1.6185 3.6044 -2.7681
v  -1.6402 3.5848 -2.7994
v  -1.5151 3.4196 -2.5979
v  -1.5835 3.6430 -2.7530
v  -1.6467 3.6533 -2.7665
v  -1.6886 3.6448 -2.8142
v  -1.5132 3.3850 -3.7515
v  -1.5998 3.3689 -3.6723
v  -1.5324 3.4241 -3.7712
v  -1.4480 3.4537 -3.8404
v  -1.4310 3.4083 -3.8223
v  -1.4102 3.3683 -3.8048
v  -1.4928 3.3530 -3.7318
v  -1.5806 3.3376 -3.6513
v  -1.7269 3.7742 -3.1992
v  -1.7160 3.6828 -3.1727
v  -1.7711 3.6779 -3.2822
v  -1.7628 3.5991 -3.2503
v  -1.6939 3.5976 -3.1582
v  -1.6600 3.5152 -3.1506
v  -1.7486 3.5129 -3.2320
v  -1.7470 3.4311 -3.1939
v  -1.6300 3.4387 -3.1339
v  -1.7436 3.3635 -3.1412
v  -1.8805 3.4686 -3.2021
v  -1.8651 3.3989 -3.1602
v  -1.9011 3.5443 -3.2392
v  -2.0013 3.4794 -3.2785
v  -1.9649 3.4108 -3.2369
v  -1.9370 3.3494 -3.1923
v  -1.9058 3.2881 -3.1481
v  -1.8468 3.3337 -3.1136
v  -1.6906 3.2526 -3.5501
v  -1.8135 3.2135 -3.4598
v  -1.8423 3.2518 -3.4862
v  -1.7150 3.2857 -3.5750
v  -1.5604 3.3095 -3.6273
v  -1.5213 3.2816 -3.6094
v  -1.6626 3.2151 -3.5208
v  -1.7783 3.1702 -3.4254
v  -1.9421 3.2491 -3.2165
v  -1.9416 3.2204 -3.3017
v  -1.8987 3.1658 -3.2576
v  -1.8972 3.1883 -3.1676
v  -1.9735 3.3039 -3.2565
v  -1.9702 3.2689 -3.3352
v  -1.8698 3.2923 -3.5118
v  -1.7395 3.3201 -3.6005
v  -1.9990 3.3592 -3.2975
v  -2.0309 3.4228 -3.3407
v  -2.0207 3.3796 -3.4016
v  -1.9940 3.3193 -3.3670
v  -1.7987 3.0925 -3.2830
v  -1.8321 3.0959 -3.1936
v  -1.8565 3.1581 -3.3404
v  -1.7335 3.1081 -3.3797
v  -1.8971 3.2062 -3.3800
v  -1.9242 3.2515 -3.4075
v  -1.8283 3.1154 -3.1007
v  -1.9512 3.2959 -3.4353
v  -1.9802 3.3481 -3.4647
v  -0.6873 2.7593 -2.2771
v  -0.5167 2.5432 -2.4735
v  -0.6065 2.7678 -2.6286
v  -0.7563 2.9912 -2.4347
v  -0.2709 2.4066 -2.5788
v  -0.0070 2.2758 -2.6687
v  -0.0458 2.4813 -2.8526
v  -0.3419 2.6236 -2.7436
v  -0.4112 2.8059 -2.8873
v  -0.6880 2.9610 -2.7589
v  -0.0742 2.6677 -2.9987
v  -0.0915 2.8107 -3.1032
v  -0.4634 2.9408 -2.9971
v  -0.7497 3.0961 -2.8629
v  1.1087 1.7235 -3.0353
v  1.4033 1.6283 -3.0608
v  1.7336 1.5033 -3.1140
v  1.8110 1.7717 -3.3563
v  1.4650 1.8720 -3.3012
v  1.1654 1.9486 -3.2672
v  3.0862 0.9863 -3.4214
v  3.0677 1.0488 -3.4095
v  3.0701 0.9242 -3.4393
v  3.2763 1.1587 -3.7467
v  3.2929 1.2268 -3.7059
v  3.2425 1.2890 -3.6920
v  1.8693 1.1749 -3.3565
v  1.5790 1.2556 -3.3232
v  1.6306 1.5069 -3.5756
v  1.9496 1.4276 -3.6224
v  2.2979 1.3031 -3.7087
v  2.1858 1.0435 -3.4307
v  0.4057 1.6803 -3.0946
v  0.3712 1.9232 -3.3112
v  0.6730 1.8031 -3.3763
v  0.6992 1.5533 -3.1644
v  0.0375 1.8623 -2.9776
v  -0.0065 2.0928 -3.1894
v  -0.9428 2.2856 -2.6337
v  -1.0154 2.4940 -2.7919
v  -0.8102 2.4449 -2.8395
v  -0.7516 2.2294 -2.6895
v  -0.3813 2.0737 -2.8170
v  -0.4336 2.2928 -2.9986
v  -0.4666 2.4855 -3.1667
v  -0.4900 2.6349 -3.2940
v  -0.0528 2.4429 -3.5003
v  -0.0351 2.2903 -3.3702
v  -0.8579 2.6289 -3.0070
v  -0.8912 2.7695 -3.1387
v  -1.1884 2.6840 -2.9703
v  -1.2805 2.6931 -2.9330
v  -1.3527 2.8236 -3.1133
v  -1.2388 2.8505 -3.1514
v  -1.0738 2.6838 -2.9634
v  -1.1053 2.8354 -3.0874
v  -0.5793 3.0838 -3.6899
v  -0.5961 3.1196 -3.7385
v  -0.1506 2.9818 -3.9432
v  -0.1287 2.9453 -3.8909
v  -0.1125 2.9044 -3.8399
v  -0.5794 3.0184 -3.6679
v  -1.0015 3.0874 -3.5710
v  -0.9903 3.1606 -3.5654
v  -0.9931 3.2010 -3.5968
v  0.2559 2.8093 -4.0779
v  0.2345 2.8609 -4.1322
v  0.5317 2.7709 -4.2847
v  0.5599 2.7120 -4.2184
v  0.5649 2.6732 -4.1792
v  0.2613 2.7711 -4.0449
v  2.3758 2.0611 -4.7587
v  2.3832 2.0314 -4.6983
v  1.9370 2.1815 -4.5509
v  1.9267 2.2264 -4.6111
v  1.5719 2.3079 -4.4732
v  1.5503 2.3412 -4.5377
v  1.4928 2.3889 -4.6626
v  1.8757 2.2827 -4.7472
v  2.3326 2.1377 -4.8903
v  1.6521 2.5149 -3.7938
v  1.6102 2.4172 -3.7592
v  1.9654 2.3237 -3.8487
v  1.9968 2.4153 -3.8796
v  2.0023 2.4875 -3.9443
v  1.6703 2.5915 -3.8646
v  1.4328 2.7237 -3.7651
v  1.4074 2.6320 -3.6538
v  1.3399 2.5051 -3.6343
v  -0.4817 3.0208 -3.0631
v  -0.7658 3.1649 -2.9330
v  -0.0950 2.8887 -3.1602
v  -0.0927 2.9516 -3.2109
v  -0.4662 3.0972 -3.0874
v  -0.7615 3.2416 -2.9461
v  -0.4616 3.3941 -3.2674
v  -0.1264 3.2392 -3.4645
v  -0.1489 3.2774 -3.5210
v  -0.1764 3.3103 -3.6055
v  -0.5004 3.4397 -3.3921
v  -0.4888 3.4028 -3.3221
v  -0.7613 3.5130 -3.2300
v  -0.7414 3.5242 -3.1522
v  -0.7264 3.5187 -3.0941
v  -0.4103 3.2211 -3.0641
v  -0.7339 3.3323 -2.9561
v  -0.0372 3.0921 -3.1969
v  -0.0382 3.2031 -3.2884
v  -0.3949 3.3327 -3.1152
v  -0.7060 3.4239 -2.9801
v  -0.4294 3.3738 -3.2019
v  -0.7130 3.4826 -3.0354
v  -0.0963 3.2043 -3.3981
v  -0.8363 3.1774 -2.5814
v  -1.0327 3.3104 -2.4981
v  -0.8697 3.3079 -2.6878
v  -1.0353 3.4696 -2.6118
v  -0.8928 3.3898 -2.7461
v  -0.8743 3.3127 -2.7766
v  -0.9191 3.4588 -2.7985
v  -0.9265 3.5130 -2.8667
v  -1.0186 3.6270 -2.7375
v  -1.0339 3.5687 -2.6716
v  -0.9101 3.5715 -2.9102
v  -0.8963 3.6262 -2.9736
v  -1.0074 3.7112 -2.8905
v  -1.0226 3.6660 -2.8097
v  -1.3687 3.5919 -2.4754
v  -1.2997 3.5063 -2.4837
v  -1.2611 3.6041 -2.5370
v  -1.3222 3.6701 -2.5256
v  -1.1926 3.4125 -2.4865
v  -1.1824 3.5388 -2.5679
v  -1.4109 3.9922 -2.7459
v  -1.3236 3.9618 -2.7753
v  -1.3991 3.9854 -2.6928
v  -1.3042 3.9268 -2.6837
v  -1.1531 3.6291 -2.6323
v  -1.1246 3.6913 -2.6916
v  -1.1972 3.7546 -2.6707
v  -1.2302 3.6856 -2.6112
v  -1.2403 3.8818 -2.7433
v  -1.2478 3.8291 -2.6615
v  -1.2278 3.8440 -2.7050
v  -1.1843 3.7904 -2.7220
v  -1.1828 3.8229 -2.7818
v  -1.2776 3.7615 -2.5902
v  -1.3176 3.8265 -2.5744
v  -1.3654 3.8687 -2.5410
v  -1.3435 3.9503 -2.6002
v  -1.3986 4.0028 -2.6385
v  -1.1131 3.7368 -2.7509
v  -1.1088 3.7656 -2.8297
v  3.8398 1.8439 -4.4334
v  3.8887 1.9299 -4.5023
v  3.8006 2.0085 -4.4392
v  3.7379 1.8959 -4.3446
v  3.6522 1.7745 -4.2801
v  3.7943 1.7587 -4.4006
v  3.8691 1.7429 -4.4705
v  3.9340 1.7859 -4.5044
v  3.9711 1.8476 -4.5555
v  3.7734 1.6926 -4.4234
v  3.8754 1.6923 -4.4990
v  3.6863 1.6854 -4.3198
v  3.6838 1.6188 -4.3788
v  3.7652 1.6329 -4.4617
v  3.8596 1.6297 -4.5255
v  3.9634 1.7197 -4.5425
v  3.9455 1.6528 -4.5768
v  4.0033 1.6956 -4.6383
v  4.0103 1.7719 -4.5966
v  3.9811 1.8836 -4.7334
v  3.9649 1.9369 -4.6832
v  3.9851 1.9017 -4.6203
v  4.0190 1.8213 -4.6665
v  4.0089 1.7425 -4.7187
v  3.9667 1.8031 -4.7984
v  3.9098 1.5909 -4.6297
v  3.8332 1.5766 -4.5756
v  3.7841 1.5593 -4.6084
v  3.8225 1.5603 -4.6662
v  3.8421 1.5728 -4.7208
v  3.9510 1.6207 -4.6889
v  3.9507 1.6585 -4.7582
v  3.9045 1.6997 -4.8311
v  3.8428 1.5947 -4.7787
v  3.8228 1.6315 -4.8229
v  3.7144 1.6279 -4.8298
v  3.6913 1.5731 -4.7743
v  3.6936 1.5419 -4.7187
v  3.5420 1.5072 -4.7069
v  3.5407 1.5433 -4.7850
v  3.5703 1.6238 -4.8536
v  0.2502 2.6925 -4.0218
v  0.2230 2.5888 -4.0144
v  -0.1510 2.7028 -3.8345
v  -0.1253 2.8088 -3.8310
v  0.5528 2.6067 -4.1438
v  0.5262 2.5143 -4.1226
v  -0.5146 2.7237 -3.3556
v  -0.5394 2.7784 -3.3960
v  -0.0841 2.5852 -3.6005
v  -0.0697 2.5310 -3.5673
v  -0.9120 2.8531 -3.1913
v  -0.9483 2.8964 -3.2324
v  -1.1026 2.8952 -3.1421
v  -1.1550 2.9161 -3.1831
v  -0.6024 2.9193 -3.6753
v  -1.0293 2.9872 -3.5716
v  -0.6155 2.8312 -3.6437
v  -1.0325 2.9142 -3.5066
v  -1.2294 3.0239 -3.4844
v  -1.3196 3.0364 -3.4349
v  -1.3286 3.0888 -3.5045
v  -1.2246 3.0942 -3.5353
v  -1.2139 2.9850 -3.4146
v  -1.2908 2.9958 -3.3504
v  -0.6097 2.8005 -3.5816
v  -1.0154 2.8961 -3.4386
v  -0.1481 2.6492 -3.7716
v  -0.1234 2.6503 -3.6963
v  -0.5969 2.7908 -3.5182
v  -1.0077 2.8917 -3.3763
v  -0.9856 2.8959 -3.3054
v  -1.1852 2.9513 -3.2529
v  -1.2817 2.9441 -3.2486
v  -1.1970 2.9665 -3.3288
v  -1.3701 2.9118 -3.2302
v  -1.3705 2.9806 -3.3130
v  -1.1840 2.9643 -3.3769
v  -1.3873 3.0344 -3.3961
v  -1.4034 3.0923 -3.4684
v  -0.5703 2.7950 -3.4560
v  -0.0986 2.6346 -3.6399
v  -1.6280 3.1681 -3.4822
v  -1.5106 3.2371 -3.5604
v  -1.4707 3.3249 -3.7089
v  -1.3868 3.3314 -3.7833
v  -1.3598 3.3044 -3.7549
v  -1.4441 3.3022 -3.6910
v  -1.4037 3.1541 -3.5291
v  -1.3182 3.1637 -3.5408
v  -1.3998 3.2159 -3.5702
v  -1.2938 3.2301 -3.5914
v  -1.2132 3.1707 -3.5439
v  -1.1991 3.2162 -3.5749
v  -1.4193 3.2710 -3.6500
v  -1.3232 3.2658 -3.6871
v  -1.3122 3.2509 -3.6450
v  -1.4111 3.2496 -3.6128
v  -1.4088 3.2853 -3.6860
v  -1.3340 3.2835 -3.7261
v  -1.1930 3.2481 -3.6437
v  -1.1695 3.2368 -3.6133
v  -0.9992 3.2718 -3.7103
v  -0.9906 3.2349 -3.6531
v  -1.2791 3.3422 -3.8568
v  -1.2505 3.3071 -3.8163
v  -1.3047 3.3913 -3.8860
v  -1.1248 3.4178 -4.0170
v  -1.0942 3.3630 -3.9754
v  -1.0614 3.3293 -3.9238
v  -1.2115 3.2733 -3.7271
v  -1.2270 3.2886 -3.7711
v  -1.0380 3.3179 -3.8724
v  -1.0206 3.3175 -3.8180
v  -1.2035 3.2601 -3.6832
v  -1.0073 3.3028 -3.7622
v  -0.7417 3.3660 -4.1376
v  -0.7880 3.3720 -4.2047
v  -0.8312 3.4238 -4.2583
v  -0.4916 3.4526 -4.5536
v  -0.4403 3.3905 -4.4989
v  -0.3861 3.3762 -4.4317
v  -0.1888 3.0526 -4.0325
v  -0.6165 3.1667 -3.8099
v  -0.6418 3.2227 -3.8952
v  -0.2349 3.1491 -4.1395
v  -0.6705 3.2782 -3.9737
v  -0.2832 3.2530 -4.2449
v  -0.6962 3.3308 -4.0388
v  -0.3259 3.3371 -4.3326
v  -0.7161 3.3630 -4.0879
v  -0.3532 3.3756 -4.3833
v  -0.1292 3.4606 -4.8081
v  0.1043 3.5084 -5.0867
v  0.1802 3.4691 -5.0074
v  -0.0683 3.4212 -4.7417
v  -0.1803 3.5391 -4.8587
v  0.0485 3.6041 -5.1408
v  0.1812 2.9607 -4.2426
v  0.1187 3.0973 -4.3790
v  0.3838 3.0498 -4.5864
v  0.4614 2.8862 -4.4195
v  0.0662 3.2530 -4.5147
v  0.3342 3.2501 -4.7464
v  0.0167 3.3736 -4.6303
v  0.2840 3.4016 -4.8857
v  -0.0232 3.4192 -4.6924
v  0.2362 3.4589 -4.9562
v  1.3461 3.4852 -6.0558
v  1.4294 3.4866 -5.9534
v  1.0624 3.5092 -5.7325
v  0.9739 3.5179 -5.8278
v  0.8869 3.5855 -5.9109
v  1.2535 3.5343 -6.1538
v  1.7011 3.4956 -6.4312
v  1.7971 3.4470 -6.3252
v  1.8766 3.4602 -6.2114
v  1.4443 3.4441 -5.8860
v  1.0957 3.4891 -5.6603
v  1.8810 3.4041 -6.1392
v  1.8980 3.2886 -6.0116
v  1.4487 3.3149 -5.7979
v  1.1030 3.3643 -5.5838
v  0.4752 3.8356 -4.7468
v  0.1096 3.8636 -4.4467
v  0.1302 3.7677 -4.4018
v  0.5000 3.7181 -4.7112
v  0.0905 3.9671 -4.4849
v  0.4520 3.9685 -4.7697
v  -0.2815 3.9892 -4.1273
v  -0.2713 3.8959 -4.0830
v  -0.2805 3.8085 -4.0597
v  -0.5616 3.8992 -3.7773
v  -0.5548 3.8322 -3.7492
v  -0.5795 3.9692 -3.8143
v  -0.7899 3.9537 -3.5567
v  -0.7644 3.8986 -3.5318
v  -0.7521 3.8441 -3.5104
v  -0.5036 3.5045 -3.5042
v  -0.1918 3.3844 -3.7389
v  -0.2013 3.4890 -3.8674
v  -0.5150 3.5733 -3.6188
v  -0.7571 3.6248 -3.4141
v  -0.7517 3.5605 -3.3301
v  -0.5615 3.7730 -3.7411
v  -0.5559 3.7149 -3.7231
v  -0.2520 3.6827 -4.0045
v  -0.2671 3.7479 -4.0315
v  -0.7592 3.7937 -3.4989
v  -0.7742 3.7408 -3.4912
v  -0.5342 3.6477 -3.6850
v  -0.7705 3.6822 -3.4662
v  -0.2261 3.5925 -3.9534
v  -1.0948 3.9561 -3.2186
v  -1.1085 3.9225 -3.1654
v  -1.0258 3.8840 -3.2516
v  -1.0137 3.9168 -3.2804
v  -1.0016 3.9452 -3.3210
v  -1.0592 3.9745 -3.3007
v  -1.1232 4.0170 -3.3000
v  -1.1578 4.0130 -3.1977
v  -1.2018 3.9764 -3.1042
v  -0.8875 3.6478 -3.0598
v  -0.8982 3.6150 -3.1572
v  -0.9882 3.7119 -3.1496
v  -0.9826 3.7378 -3.0030
v  -0.9330 3.6365 -3.2974
v  -0.8949 3.5872 -3.2529
v  -0.9045 3.9047 -3.3712
v  -0.9028 3.8632 -3.3510
v  -0.9276 3.9438 -3.3944
v  -1.0567 3.8181 -2.9321
v  -1.0473 3.8208 -3.0402
v  -1.1186 3.9081 -2.9780
v  -1.1568 3.8659 -2.8714
v  -1.0478 3.8157 -3.1037
v  -1.0266 3.7502 -3.2028
v  -1.0310 3.8061 -3.2065
v  -1.0857 3.8516 -3.0974
v  -1.1569 3.9479 -3.0315
v  -1.2554 4.0666 -2.9987
v  -1.2186 4.0227 -2.9399
v  -1.2205 3.9760 -2.8893
v  -1.0282 3.8499 -3.2221
v  -1.1096 3.8849 -3.1241
v  -1.2475 3.9113 -2.8206
v  -0.9160 3.8188 -3.3395
v  -0.9288 3.7713 -3.3284
v  -0.9429 3.7059 -3.3227
v  -0.9784 3.9808 -3.4144
v  -0.8379 3.9985 -3.5924
v  -0.9247 4.0109 -3.6176
v  -1.0489 4.0036 -3.4251
v  -0.6980 4.0314 -3.9497
v  -0.6310 4.0305 -3.8725
v  -0.3512 4.0302 -4.2161
v  -0.4293 4.0294 -4.3096
v  -0.7373 4.0445 -4.0170
v  -0.7621 4.0844 -4.0714
v  -0.8953 4.0507 -3.8678
v  -0.9243 4.0224 -3.7466
v  -0.4710 4.0681 -4.3698
v  -0.5089 4.1126 -4.4217
v  0.0255 4.0312 -4.5641
v  0.3887 4.0760 -4.8420
v  0.2927 4.0627 -4.9473
v  -0.0621 4.0156 -4.6634
v  -0.1167 4.0630 -4.7189
v  0.2269 4.0928 -5.0002
v  0.1387 4.1569 -5.0416
v  -0.1822 4.1191 -4.7670
v  1.5508 4.0990 -6.1090
v  1.2221 4.0570 -5.9202
v  1.2836 4.0289 -5.8089
v  1.6281 4.0686 -5.9996
v  2.0107 4.1234 -6.2292
v  1.9141 4.1527 -6.3284
v  1.7217 4.1940 -6.4293
v  1.3910 4.1544 -6.2170
v  1.0893 4.1113 -6.0297
v  1.1962 3.6261 -6.2175
v  1.1644 3.7343 -6.2350
v  1.5911 3.7175 -6.5088
v  1.6424 3.6126 -6.4805
v  0.8380 3.6712 -5.9636
v  0.8080 3.7644 -5.9841
v  -0.2126 3.6144 -4.8849
v  -0.5179 3.5388 -4.5767
v  -0.5399 3.6199 -4.5936
v  -0.2464 3.6850 -4.9088
v  -0.0202 3.7467 -5.1823
v  0.0137 3.6798 -5.1645
v  -1.3257 3.4441 -3.9091
v  -1.1478 3.4814 -4.0477
v  -1.3390 3.4989 -3.9264
v  -1.1595 3.5468 -4.0653
v  -0.8621 3.4970 -4.2945
v  -0.8766 3.5759 -4.3095
v  -1.3451 3.5514 -3.9440
v  -1.1633 3.5999 -4.0769
v  -1.4608 3.5069 -3.8638
v  -1.4715 3.5697 -3.9079
v  -1.3386 3.6032 -3.9601
v  -1.1555 3.6551 -4.0713
v  -1.5510 3.4728 -3.7944
v  -1.5765 3.5248 -3.8181
v  -0.8838 3.6411 -4.3156
v  -0.8967 3.7002 -4.3221
v  -0.5916 3.7634 -4.6253
v  -0.5571 3.6955 -4.6026
v  -1.3790 3.6597 -3.9835
v  -1.3171 3.6552 -3.9812
v  -1.2210 3.7743 -4.1286
v  -1.1686 3.7108 -4.0837
v  -1.0431 4.0220 -3.6483
v  -1.0781 3.9919 -3.5289
v  -0.9665 4.0691 -3.8258
v  -1.0135 4.1125 -3.8377
v  -1.1192 4.0509 -3.6350
v  -1.1732 4.0097 -3.5024
v  -1.2262 4.0530 -3.4163
v  -1.2321 4.0412 -3.4928
v  -1.2721 4.0645 -3.4799
v  -1.2512 4.0682 -3.3901
v  -1.2123 4.0684 -3.3437
v  -1.1852 4.0468 -3.4059
v  -1.1223 4.0235 -3.4147
v  -1.1720 4.0494 -3.3135
v  3.3451 3.6404 -6.9155
v  3.2800 3.5763 -6.8655
v  3.2039 3.5865 -7.0017
v  3.2875 3.6459 -7.0335
v  3.1140 3.6722 -7.0838
v  3.2132 3.7162 -7.1016
v  3.2842 3.7441 -7.0888
v  3.3470 3.7189 -7.0349
v  3.3777 3.6949 -6.9522
v  3.2733 4.0210 -6.9010
v  3.3467 3.9459 -6.9490
v  3.2937 3.9661 -7.0242
v  3.2113 4.0020 -7.0204
v  3.0876 4.0432 -6.9862
v  3.1779 4.0784 -6.8461
v  3.2223 3.9628 -6.7161
v  3.2959 3.9285 -6.7955
v  3.3443 3.9113 -6.8580
v  3.1803 3.9376 -7.0786
v  3.1758 3.8718 -7.1132
v  3.0463 3.8649 -7.0943
v  3.0495 3.9589 -7.0591
v  3.2958 3.9116 -7.0641
v  3.2900 3.8620 -7.0885
v  3.3907 3.8386 -6.9927
v  3.3821 3.8827 -6.9769
v  3.3614 3.8530 -6.8487
v  3.3723 3.7977 -6.8539
v  3.2856 3.8025 -7.0959
v  3.1818 3.7959 -7.1203
v  3.0658 3.7721 -7.0997
v  3.3823 3.7876 -7.0169
v  3.3880 3.7446 -6.8990
v  3.3444 3.6903 -6.8113
v  3.2842 3.6368 -6.7407
v  3.3099 3.7637 -6.7565
v  3.2500 3.7306 -6.6702
v  3.2931 3.8395 -6.7569
v  3.2217 3.8359 -6.6751
v  -1.1486 4.5063 -4.1329
v  -1.2150 4.5190 -4.1616
v  -1.3433 4.3711 -3.8631
v  -1.2782 4.3585 -3.8317
v  -1.2237 4.3232 -3.8051
v  -1.0915 4.4732 -4.1061
v  -0.9321 4.6385 -4.4671
v  -0.9875 4.6923 -4.4899
v  -1.0579 4.7235 -4.5216
v  -1.2988 4.5054 -4.1716
v  -1.4211 4.3574 -3.8749
v  -1.1522 4.7222 -4.5412
v  -1.2535 4.6922 -4.5792
v  -1.3886 4.4677 -4.2030
v  -1.5062 4.3197 -3.9093
v  -1.3631 4.2241 -3.6118
v  -1.4248 4.2392 -3.6359
v  -1.4699 4.1298 -3.4782
v  -1.4139 4.1162 -3.4594
v  -1.3617 4.0961 -3.4504
v  -1.3122 4.1902 -3.5974
v  -1.4916 4.2284 -3.6523
v  -1.5228 4.1289 -3.4948
v  -1.5705 4.1997 -3.6916
v  -1.6026 4.1017 -3.5176
v  -1.2972 4.0942 -3.3555
v  -1.2617 4.0998 -3.2847
v  -1.3149 4.0812 -3.4613
v  -1.3579 4.1214 -3.3320
v  -1.3398 4.1499 -3.2244
v  -1.6079 4.1025 -3.3989
v  -1.6720 4.0100 -3.4810
v  -1.6889 4.0462 -3.4130
v  -1.7258 4.0606 -3.3609
v  -1.6389 4.1478 -3.3221
v  -1.7654 4.0563 -3.3114
v  -1.7132 4.1618 -3.3070
v  -1.3208 4.1226 -3.0625
v  -1.2545 4.0916 -3.1459
v  -1.3700 4.2096 -3.1174
v  -1.2133 4.0685 -3.2257
v  -1.6871 4.2527 -3.2352
v  -1.6875 4.3257 -3.1396
v  -1.5989 4.3113 -3.1263
v  -1.6265 4.2509 -3.2443
v  -1.4308 4.1218 -3.3375
v  -1.4976 4.1197 -3.3578
v  -1.5159 4.1720 -3.2751
v  -1.4358 4.1855 -3.2539
v  -1.5804 4.2905 -2.9448
v  -1.6529 4.3225 -2.9950
v  -1.5083 4.2844 -3.0607
v  -1.7169 4.3333 -3.0379
v  -1.5337 4.2632 -3.2136
v  -1.5805 4.2354 -3.2563
v  -1.5716 4.1517 -3.2971
v  -1.4563 4.2512 -3.1674
v  -1.5506 4.1136 -3.3783
v  -1.6880 3.9431 -3.5704
v  -1.6664 4.0226 -3.6520
v  -1.7103 3.9343 -3.7668
v  -1.7245 3.8682 -3.6620
v  -1.6546 3.6198 -3.8517
v  -1.5832 3.6595 -3.9564
v  -1.5295 3.6151 -3.9294
v  -1.6144 3.5723 -3.8354
v  -1.6796 3.5667 -3.7055
v  -1.6983 3.6379 -3.6999
v  -1.7177 3.7113 -3.8173
v  -1.6833 3.6739 -3.8780
v  -1.7095 3.7781 -3.9354
v  -1.6437 3.7187 -3.9668
v  -1.7221 3.7835 -3.7413
v  -1.7557 3.7246 -3.6489
v  -1.7364 3.8556 -3.8637
v  -1.5121 3.6983 -4.0567
v  -1.4129 3.7877 -4.1973
v  -1.3331 3.7819 -4.1437
v  -1.4421 3.6677 -4.0178
v  -1.6330 4.1222 -3.7956
v  -1.6656 4.0268 -3.9140
v  -1.5770 4.2485 -4.0097
v  -1.5948 4.1474 -4.1224
v  -1.6768 3.9424 -4.0039
v  -1.6578 3.8543 -4.0638
v  -1.5984 4.0556 -4.2002
v  -1.5630 3.9599 -4.2370
v  -1.5893 3.7683 -4.0743
v  -1.4979 3.8589 -4.2333
v  -1.4599 4.3937 -4.3004
v  -1.4820 4.2942 -4.4090
v  -1.3255 4.6131 -4.6747
v  -1.3529 4.5112 -4.7775
v  -1.3610 4.0236 -4.4866
v  -1.2144 4.2349 -4.8437
v  -1.1187 4.1821 -4.7935
v  -1.2700 3.9694 -4.4340
v  -1.4241 4.1211 -4.4982
v  -1.2887 4.3293 -4.8592
v  -1.4656 4.2054 -4.4744
v  -1.3275 4.4197 -4.8340
v  -1.1830 4.9417 -5.1407
v  -1.2159 4.8363 -5.2277
v  -1.1000 5.0051 -5.0536
v  -0.9804 5.3284 -5.4640
v  -1.0722 5.2602 -5.5568
v  -1.0976 5.1388 -5.6320
v  -1.0728 4.4930 -5.2848
v  -0.9639 4.7197 -5.6865
v  -0.8524 4.6371 -5.6633
v  -0.9663 4.4333 -5.2438
v  -1.1590 4.6009 -5.2947
v  -1.0435 4.8545 -5.6780
v  -1.1953 4.7218 -5.2720
v  -1.0815 5.0012 -5.6626
v  -0.3568 5.8721 -6.7623
v  -0.2241 6.0968 -7.0651
v  -0.3289 5.9956 -7.1354
v  -0.4391 5.7867 -6.8183
v  -0.5752 5.6370 -6.5515
v  -0.5052 5.7235 -6.4968
v  -0.4105 5.7710 -6.4472
v  -0.2567 5.9230 -6.7099
v  -0.0901 6.1416 -6.9975
v  -0.4661 5.5530 -6.9492
v  -0.5839 5.4041 -6.6870
v  -0.6034 5.5323 -6.6259
v  -0.4911 5.6840 -6.8920
v  -0.3775 5.8686 -7.2068
v  -0.3482 5.7256 -7.2631
v  -0.3815 5.4067 -6.9713
v  -0.2498 5.5837 -7.2989
v  -0.0963 5.5205 -7.2670
v  -0.2350 5.3422 -6.9154
v  -0.3815 5.1777 -6.6292
v  -0.5038 5.2627 -6.6902
v  1.2262 0.7419 -1.0810
v  1.1623 0.6627 -1.0820
v  1.4010 0.5665 -1.0591
v  1.4579 0.6376 -1.0676
v  1.5103 0.7018 -1.0914
v  1.2840 0.8070 -1.1154
v  1.3070 0.8059 -1.2571
v  1.3111 0.8286 -1.1845
v  1.5459 0.7409 -1.1518
v  1.5477 0.7302 -1.2314
v  1.2805 0.7545 -1.3182
v  1.5111 0.6699 -1.2967
v  1.4928 0.6434 -1.3758
v  1.2564 0.7032 -1.3918
v  2.7025 2.0248 -3.9921
v  2.7250 2.0822 -4.0456
v  2.3467 2.2140 -3.9333
v  2.3388 2.1580 -3.8761
v  1.9545 2.2525 -3.8001
v  1.9338 2.1542 -3.7172
v  2.3129 2.0667 -3.7904
v  2.6668 1.9422 -3.8999
v  2.1569 0.1690 -1.2991
v  2.1237 0.2070 -1.3829
v  2.1074 0.0972 -1.3220
v  2.0619 0.1307 -1.3888
v  2.0058 -0.0178 -1.0292
v  1.9696 -0.0255 -1.1293
v  1.8677 0.0086 -0.9923
v  1.8536 -0.0080 -1.0868
v  2.1293 0.2270 -1.4453
v  2.0739 0.1732 -1.4481
v  2.1198 0.2143 -1.5829
v  2.1815 0.2560 -1.5777
v  3.7289 1.5761 -4.5102
v  3.6917 1.5390 -4.5728
v  3.6330 1.5427 -4.4283
v  3.5295 1.5306 -4.4956
v  3.5561 1.5067 -4.3653
v  3.6150 1.5879 -4.3060
v  3.5144 1.5296 -4.2026
v  3.4618 1.4619 -4.2597
v  3.3506 1.4762 -4.2812
v  3.4390 1.5136 -4.4030
v  3.6870 1.5253 -4.6475
v  3.5393 1.5027 -4.6101
v  3.7977 1.7481 -4.8724
v  3.6673 1.7900 -4.8686
v  3.7777 1.9815 -4.8984
v  3.8719 1.8859 -4.8377
v  2.9787 4.0870 -6.9402
v  2.8604 4.1353 -6.8932
v  2.9948 4.1394 -6.7152
v  3.0837 4.1170 -6.7826
v  3.0699 4.0220 -6.5732
v  3.1503 3.9976 -6.6415
v  2.9130 3.9760 -7.0367
v  2.8999 3.8375 -7.0503
v  2.7122 3.8093 -7.0669
v  2.7921 4.0051 -7.0530
v  3.2181 3.5945 -6.6809
v  3.1706 3.5424 -6.6191
v  3.1183 3.4850 -6.7561
v  3.2010 3.5379 -6.8138
v  3.1975 3.6968 -6.5947
v  3.1359 3.6578 -6.5029
v  3.1576 3.8326 -6.6012
v  3.0879 3.8394 -6.5353
v  3.8384 2.0990 -4.5641
v  3.9155 2.0006 -4.5932
v  3.9122 2.0200 -4.6954
v  3.8325 2.1527 -4.7277
v  3.9017 1.9766 -4.7790
v  3.8472 2.0827 -4.8404
v  1.7524 2.4424 -5.0330
v  1.3675 2.5339 -4.9166
v  1.2347 2.7814 -5.2040
v  1.6147 2.7100 -5.3583
v  2.1019 2.6866 -5.4883
v  2.2276 2.3641 -5.1659
v  1.5034 3.0291 -5.6270
v  1.1415 3.0892 -5.4380
v  1.9855 3.0282 -5.7759
v  0.7286 0.1583 -0.5295
v  0.8345 0.2641 -0.7527
v  0.6467 0.4248 -0.7253
v  0.5468 0.3176 -0.5159
v  0.4577 0.2195 -0.2971
v  0.6224 0.0518 -0.3096
v  0.8128 -0.0899 -0.3254
v  0.9271 0.0118 -0.5532
v  1.0563 0.1363 -0.7615
v  0.9162 -0.0685 -0.8623
v  1.0243 -0.1270 -0.8444
v  0.9286 -0.2465 -0.6818
v  0.8228 -0.1875 -0.7026
v  1.1308 -0.1783 -0.8207
v  1.0326 -0.2969 -0.6534
v  1.2801 -0.3632 -0.2213
v  1.2014 -0.4310 -0.0429
v  1.1564 -0.4622 -0.0829
v  1.2465 -0.3921 -0.2613
v  1.3553 -0.2989 -0.4608
v  1.3797 -0.2742 -0.4230
v  1.5381 -0.1576 -0.5632
v  1.5200 -0.1857 -0.5989
v  1.4880 -0.2091 -0.6354
v  1.6138 -0.1115 -0.7911
v  1.6480 -0.0889 -0.7552
v  1.6639 -0.0640 -0.7214
v  1.7568 -0.0257 -0.8910
v  1.7302 -0.0416 -0.9399
v  1.7645 -0.0019 -0.8437
v  1.7622 0.0386 -0.8005
v  1.6428 -0.0275 -0.7028
v  1.7153 0.0875 -0.8043
v  1.5920 0.0016 -0.7046
v  1.5159 -0.1168 -0.5423
v  1.4675 -0.0904 -0.5361
v  1.1132 0.6000 -1.0645
v  1.0498 0.5172 -1.0216
v  1.2842 0.4192 -1.0000
v  1.3507 0.5061 -1.0378
v  0.9035 0.7081 -1.0640
v  0.8434 0.6385 -1.0118
v  0.9483 0.3920 -0.9215
v  0.7491 0.5341 -0.8991
v  1.1817 0.2853 -0.9088
v  3.3497 1.3267 -4.0556
v  3.2540 1.3358 -4.0680
v  3.4114 1.3722 -4.0090
v  3.2293 1.1049 -3.7891
v  3.1508 1.0842 -3.8197
v  2.0411 1.3842 -3.1929
v  2.1485 1.6676 -3.4288
v  1.9095 1.1192 -2.9102
v  2.1979 1.0365 -2.9575
v  2.3427 1.2783 -3.2712
v  2.4620 1.5357 -3.5401
v  2.2443 1.8988 -3.6339
v  1.8825 1.9923 -3.5615
v  2.5816 1.7736 -3.7423
v  3.0507 0.8738 -3.4639
v  3.0095 0.8193 -3.5066
v  2.8812 0.6326 -3.0975
v  2.8427 0.5650 -3.1413
v  2.3110 0.3085 -1.8786
v  2.2472 0.2693 -1.8887
v  2.4503 0.2934 -2.2902
v  2.5107 0.3684 -2.2664
v  2.7192 0.4566 -2.6810
v  2.6507 0.3931 -2.7207
v  1.7391 0.9452 -2.5788
v  1.5752 0.8570 -2.2207
v  1.8081 0.7236 -2.2462
v  1.9972 0.8337 -2.6220
v  1.9395 2.0757 -4.5107
v  1.9593 1.9940 -4.4500
v  1.6159 2.1323 -4.3527
v  1.5942 2.2242 -4.4061
v  2.3740 1.9304 -4.6535
v  2.3685 1.8278 -4.5985
v  2.2430 0.2641 -1.0600
v  2.2299 0.2425 -0.9964
v  2.1611 0.3433 -1.0504
v  2.1380 0.3259 -0.9855
v  2.2021 0.2067 -0.9459
v  2.1101 0.2912 -0.9397
v  2.0473 0.0452 -1.3079
v  1.9805 0.0650 -1.3474
v  1.9973 0.0097 -1.2672
v  1.9165 0.0154 -1.2981
v  1.9700 -0.0150 -1.2078
v  1.8847 -0.0107 -1.2155
v  1.4335 0.7975 -1.8811
v  1.3211 0.7412 -1.6229
v  1.5443 0.6433 -1.5930
v  1.6616 0.6895 -1.8720
v  1.2703 0.7121 -1.4833
v  1.4978 0.6357 -1.4516
v  1.5205 0.5598 -1.9425
v  1.3337 0.6049 -1.9672
v  1.7322 0.4854 -1.9212
v  1.6313 0.3675 -1.6517
v  1.4417 0.4302 -1.6884
v  1.2749 0.4736 -1.7242
v  1.4057 0.3675 -1.5785
v  1.2521 0.4262 -1.6105
v  1.5858 0.3109 -1.5322
v  3.1167 3.5465 -6.9511
v  3.0142 3.6347 -7.0339
v  3.0240 3.5191 -6.8992
v  2.9119 3.5989 -6.9821
v  2.9388 3.7395 -7.0516
v  2.8081 3.6949 -7.0300
v  1.7136 3.7898 -5.7427
v  1.7191 3.8934 -5.7727
v  1.3909 3.8727 -5.5699
v  1.3913 3.7614 -5.5253
v  1.3768 3.6518 -5.4900
v  1.7118 3.6982 -5.6943
v  2.1107 3.7481 -5.9130
v  2.1083 3.8387 -5.9555
v  2.1153 3.9538 -5.9762
v  1.6970 4.0332 -5.8512
v  1.3583 4.0117 -5.6569
v  2.0874 4.0925 -6.0711
v  2.2788 2.4607 -4.2364
v  1.8692 2.5444 -4.1791
v  1.9104 2.5388 -4.1058
v  2.3109 2.4429 -4.1717
v  2.7445 2.3213 -4.2852
v  2.7137 2.3435 -4.3548
v  2.6499 2.4013 -4.4975
v  2.2187 2.5171 -4.3679
v  1.8035 2.5832 -4.3125
v  2.0840 2.6419 -4.6447
v  2.5275 2.5810 -4.7767
v  2.3535 2.7652 -5.1598
v  1.9198 2.8262 -4.9916
v  1.5327 2.8803 -4.8774
v  1.6741 2.6913 -4.5728
v  3.6189 1.6603 -4.2337
v  3.5222 1.5919 -4.1399
v  3.5589 1.7307 -4.1872
v  3.4671 1.6558 -4.0954
v  3.4270 1.4376 -3.9537
v  3.3704 1.5005 -3.9234
v  2.0188 1.6570 -3.8782
v  2.3982 1.5498 -3.9557
v  1.6829 1.7526 -3.7924
v  1.7254 1.9486 -3.9530
v  2.0677 1.8324 -4.0752
v  2.4641 1.7257 -4.1566
v  2.0917 1.9331 -4.1626
v  1.7371 2.0328 -4.0591
v  1.7294 2.0600 -4.1298
v  2.0847 1.9764 -4.2255
v  2.4897 1.8428 -4.3167
v  2.4916 1.8080 -4.2559
v  3.5218 2.3556 -5.3797
v  3.7197 2.2273 -5.0597
v  3.6443 2.1593 -5.0749
v  3.4861 2.3085 -5.4156
v  3.3827 2.4871 -5.9108
v  3.3899 2.5987 -5.7987
v  3.3276 2.6395 -5.7194
v  3.4828 2.3975 -5.3235
v  3.6568 2.2910 -4.9930
v  3.8144 2.1544 -4.9090
v  3.7572 2.2208 -4.8305
v  3.7545 2.0657 -4.9551
v  2.3639 2.4375 -4.0927
v  2.7871 2.3154 -4.2001
v  1.9621 2.5198 -4.0262
v  2.3961 2.3871 -4.0152
v  2.8062 2.2669 -4.1184
v  2.3731 2.2924 -3.9806
v  2.7743 2.1756 -4.0704
v  1.9813 1.9571 -4.4040
v  2.0114 1.9571 -4.3587
v  1.6755 2.0734 -4.2588
v  1.6449 2.0885 -4.3045
v  2.3816 1.7854 -4.5314
v  2.4129 1.8002 -4.4654
v  2.0538 1.9837 -4.3005
v  2.4586 1.8440 -4.3965
v  1.7063 2.0703 -4.1996
v  3.2216 3.0395 -6.0650
v  3.1819 2.8946 -6.2307
v  3.2627 2.9726 -6.1653
v  3.1655 3.3184 -6.4298
v  3.0732 3.2482 -6.4915
v  3.1079 3.3873 -6.3292
v  3.0920 3.3992 -6.6523
v  3.1548 3.4757 -6.5568
v  3.1203 3.5634 -6.4425
v  1.7805 3.0893 -5.3181
v  1.4247 3.1366 -5.1399
v  2.1882 3.0389 -5.5437
v  2.1308 3.4184 -5.7399
v  1.7054 3.3806 -5.5373
v  1.3683 3.3888 -5.3238
v  1.7027 3.5841 -5.6308
v  2.1298 3.6533 -5.8187
v  1.3651 3.5477 -5.4248
v  2.6913 4.0358 -7.0964
v  2.4599 4.1359 -7.1799
v  2.4395 4.1811 -7.0038
v  2.7122 4.1602 -6.9647
v  2.5885 3.8761 -7.1211
v  2.3822 3.9973 -7.2705
v  1.1071 3.8160 -6.2558
v  0.9822 3.9430 -6.3144
v  1.3848 3.9209 -6.5899
v  1.5301 3.7953 -6.5296
v  0.7435 3.8380 -6.0158
v  0.6262 3.9483 -6.0820
v  -0.0722 5.6767 -6.6131
v  -0.0830 5.8197 -6.6200
v  -0.2336 5.6633 -6.3482
v  -0.2141 5.5207 -6.3172
v  -0.2048 5.3866 -6.2856
v  -0.0526 5.5478 -6.5890
v  0.1813 5.7509 -6.8953
v  0.1463 5.8736 -6.9057
v  0.1202 6.0188 -6.8995
v  -0.1561 5.9131 -6.6522
v  0.0317 6.1226 -6.9310
v  -0.3086 5.7613 -6.3867
v  1.6864 0.5283 -1.0449
v  1.6335 0.4716 -1.0312
v  1.8309 0.3940 -0.9767
v  1.8823 0.4371 -0.9984
v  1.9201 0.4768 -1.0276
v  1.7309 0.5812 -1.0645
v  1.7528 0.6190 -1.2732
v  1.9403 0.5295 -1.2387
v  1.9175 0.5335 -1.3223
v  1.7276 0.5999 -1.3504
v  1.7848 0.6480 -1.1882
v  1.9609 0.5194 -1.1502
v  2.6383 1.1661 -3.3531
v  2.4734 0.9394 -3.0177
v  2.6954 0.8677 -3.0605
v  2.8861 1.1010 -3.3917
v  3.0517 1.3578 -3.6535
v  2.7735 1.4056 -3.6414
v  3.1726 2.0685 -4.1656
v  3.1047 1.9650 -4.1331
v  3.4027 1.8684 -4.2106
v  3.4945 1.9899 -4.2350
v  3.5567 2.1103 -4.3246
v  3.2230 2.1767 -4.2282
v  2.0048 0.1600 -1.4552
v  1.9066 0.1850 -1.4689
v  1.9691 0.2512 -1.5902
v  2.0580 0.2150 -1.5845
v  1.9753 0.1260 -1.4102
v  1.8769 0.1475 -1.4277
v  3.4283 1.5396 -4.5863
v  3.2592 1.6355 -4.5498
v  3.2516 1.6324 -4.6398
v  3.4273 1.5356 -4.6858
v  3.4074 1.5455 -4.4854
v  3.2433 1.6184 -4.4528
v  2.9214 0.8156 -3.5299
v  2.7668 0.8476 -3.5298
v  2.9166 1.1080 -3.8332
v  3.0692 1.0871 -3.8319
v  2.7452 0.5699 -3.1659
v  2.5997 0.6284 -3.1574
v  2.7884 4.1679 -6.7953
v  2.6410 4.1446 -6.6897
v  2.7511 4.1367 -6.5361
v  2.9077 4.1481 -6.6475
v  2.8206 4.0276 -6.4070
v  2.9851 4.0352 -6.5101
v  3.7549 2.1568 -4.5256
v  3.7313 2.2007 -4.6745
v  3.5710 2.2727 -4.5798
v  3.5792 2.1974 -4.4564
v  3.7198 2.0607 -4.3883
v  2.6361 3.0694 -5.7228
v  2.7481 2.6513 -5.4166
v  3.0934 2.6382 -5.5946
v  2.9696 3.0496 -5.9193
v  2.8770 3.4273 -6.1646
v  2.5790 3.4755 -5.9178
v  1.1150 -0.0502 -0.5624
v  0.9903 -0.1587 -0.3472
v  1.1448 -0.1806 -0.3598
v  1.2746 -0.0539 -0.5496
v  1.4165 0.0793 -0.7122
v  1.2574 0.0923 -0.7391
v  1.8777 0.2774 -0.9155
v  1.7686 0.2198 -0.8835
v  1.9627 0.3169 -0.9439
v  1.7561 0.3503 -0.9538
v  1.6599 0.2870 -0.9163
v  2.0115 0.3563 -0.9699
v  2.0421 0.3905 -1.0048
v  1.5724 0.4200 -1.0068
v  1.4928 0.3465 -0.9618
v  2.0702 0.4115 -1.0601
v  2.0770 0.4221 -1.1347
v  1.9502 0.5024 -1.0800
v  2.0519 0.4348 -1.2249
v  2.0290 0.4497 -1.3143
v  1.7698 0.6265 -1.1116
v  2.0362 0.4595 -1.3868
v  2.1005 0.4892 -1.5279
v  1.9934 0.5804 -1.5171
v  1.9255 0.5414 -1.3843
v  1.7322 0.5981 -1.4125
v  1.7938 0.6410 -1.5442
v  2.5749 0.6503 -2.6916
v  2.3763 0.5590 -2.2545
v  2.8085 0.8437 -3.0754
v  2.4765 0.6846 -2.6742
v  2.2691 0.5835 -2.2521
v  3.0141 1.0777 -3.4031
v  3.1852 1.3221 -3.6755
v  2.2673 0.7582 -2.6457
v  2.0651 0.6469 -2.2473
v  3.4826 1.7663 -4.1699
v  3.3966 1.6858 -4.0789
v  3.5539 1.8200 -4.2471
v  3.3385 1.8121 -4.1407
v  3.2617 1.7277 -4.0519
v  3.6507 1.9370 -4.2912
v  3.0615 1.9098 -4.0718
v  2.9991 1.8189 -3.9928
v  1.4522 0.0178 -1.0664
v  1.5788 -0.0215 -1.0241
v  1.4635 -0.1141 -0.8709
v  1.3436 -0.0851 -0.9159
v  1.5478 0.0686 -1.2123
v  1.6793 0.0190 -1.1708
v  1.6003 0.0534 -1.3278
v  1.7349 -0.0031 -1.2868
v  1.6456 0.0811 -1.3953
v  1.7821 0.0284 -1.3577
v  1.8196 -0.0170 -1.2449
v  1.7690 -0.0011 -1.1266
v  1.8593 0.0164 -1.3246
v  1.6702 -0.0372 -0.9829
v  1.5534 -0.1247 -0.8309
v  1.6916 0.1362 -1.4380
v  1.8330 0.0868 -1.4006
v  1.7310 0.2011 -1.4570
v  1.7595 0.2404 -1.4968
v  1.8171 0.3050 -1.6153
v  1.9188 0.0760 -1.3693
v  2.8752 1.6679 -4.3383
v  3.1946 1.5957 -4.3739
v  3.1226 1.5250 -4.2671
v  2.8305 1.6054 -4.2313
v  2.8995 1.6975 -4.3974
v  2.8993 1.7373 -4.4847
v  2.8699 1.7073 -4.5658
v  3.3494 1.5415 -4.4024
v  3.2726 1.5016 -4.2723
v  2.1944 0.5312 -2.7449
v  2.4104 0.4476 -2.7526
v  2.2402 0.3570 -2.3150
v  2.0574 0.4511 -2.3136
v  2.3602 0.7140 -3.1334
v  2.5087 0.9404 -3.4822
v  2.6449 1.1998 -3.7736
v  2.5498 0.3940 -2.7479
v  2.3588 0.3052 -2.3080
v  2.8955 1.8584 -4.7538
v  3.3314 1.8076 -4.8595
v  3.2579 1.6831 -4.7749
v  2.8539 1.7438 -4.6955
v  2.9196 1.9345 -4.8693
v  3.4020 1.9289 -4.9382
v  2.9219 1.9582 -4.9165
v  2.8685 2.0424 -5.0357
v  3.3409 2.0735 -5.0958
v  3.4103 1.9812 -4.9791
v  3.6421 1.9565 -4.9164
v  3.6510 2.0323 -4.9662
v  3.5675 2.1422 -5.0858
v  3.5547 1.8039 -4.8637
v  3.4518 1.6353 -4.8463
v  2.3846 3.4231 -6.3466
v  2.7646 3.3528 -6.5867
v  2.7689 3.2124 -6.4213
v  2.3977 3.2917 -6.1952
v  2.3725 3.4658 -6.4555
v  2.7742 3.4260 -6.6723
v  2.2902 3.4443 -6.5830
v  2.1816 3.4771 -6.6995
v  2.5942 3.5199 -6.8783
v  2.7042 3.4684 -6.7758
v  2.9179 3.4962 -6.8592
v  2.9877 3.4557 -6.7457
v  2.8054 3.5647 -6.9489
v  2.9820 3.3674 -6.6627
v  2.9786 3.2240 -6.4861
v  2.0929 3.5800 -6.7679
v  2.0075 3.6704 -6.8197
v  2.3863 3.7020 -6.9987
v  2.4879 3.6114 -6.9483
v  1.9367 3.7522 -6.8353
v  1.7809 3.9179 -6.8642
v  2.1072 3.9506 -7.0625
v  2.2958 3.7799 -7.0274
v  2.4859 3.8076 -7.1149
v  2.5851 3.7421 -7.0642
v  2.2678 3.9536 -7.1664
v  2.6938 3.6584 -7.0089
v  -0.0669 5.7907 -7.6015
v  0.0656 5.7240 -7.5942
v  -0.1692 5.9072 -7.5742
v  0.0092 6.0562 -7.8134
v  0.0803 5.9496 -7.8542
v  0.1929 5.8805 -7.8621
v  -0.1965 6.0416 -7.5214
v  0.0024 6.1639 -7.7576
v  -0.1537 6.1699 -7.4535
v  0.0428 6.2631 -7.6992
v  -0.0338 6.2519 -7.3808
v  0.1453 6.3311 -7.6374
v  0.1007 6.2783 -7.3157
v  0.2588 6.3601 -7.5776
v  0.2082 6.2484 -7.2563
v  0.2901 6.1630 -7.2204
v  0.4143 6.2603 -7.4875
v  0.3490 6.3402 -7.5165
v  0.3384 6.0411 -7.2230
v  0.3470 5.9231 -7.2485
v  0.4652 6.0531 -7.5409
v  0.4522 6.1550 -7.5034
v  2.2537 4.1462 -6.5746
v  2.5211 4.1471 -6.7716
v  2.2808 4.1721 -6.8712
v  2.0439 4.2241 -6.6575
v  2.3627 4.1204 -6.4887
v  2.4514 4.0909 -6.3406
v  2.5023 3.9906 -6.2173
v  2.6616 4.1739 -6.8694
v  2.4007 4.1737 -6.9567
v  2.4995 3.8680 -6.1967
v  2.4993 3.7635 -6.1647
v  2.8344 3.7642 -6.3424
v  2.8284 3.8853 -6.3783
v  2.5264 3.6586 -6.0719
v  2.8469 3.6431 -6.2792
v  3.0243 3.4005 -6.2828
v  3.0188 3.6099 -6.3849
v  3.0182 3.7255 -6.4349
v  3.0023 3.8667 -6.4751
v  3.1663 2.3399 -4.5157
v  3.5206 2.3197 -4.6802
v  3.4162 2.3441 -4.8568
v  3.0762 2.3506 -4.6863
v  3.2098 2.3187 -4.4270
v  3.2329 2.2650 -4.3233
v  3.6782 2.2510 -4.7777
v  3.5794 2.3169 -4.9452
v  3.4224 2.4098 -5.2816
v  3.2665 2.6463 -5.6749
v  3.2584 2.4130 -5.1969
v  3.1463 3.0550 -6.0056
v  2.9230 2.4346 -5.0168
v  3.0673 2.8901 -6.2073
v  3.2188 2.4787 -5.8830
v  2.9781 2.4777 -5.8373
v  2.8464 2.8816 -6.1614
v  3.4071 2.2877 -5.4292
v  3.1742 2.2286 -5.4261
v  2.7379 2.2712 -5.3207
v  2.5753 2.5676 -5.6870
v  2.4569 2.9531 -5.9863
v  1.1718 -0.2662 -0.1565
v  1.1030 -0.3165 0.0189
v  1.2695 -0.1646 -0.3406
v  1.0530 -0.2632 -0.1558
v  0.9943 -0.3077 0.0299
v  1.3929 -0.0610 -0.5328
v  1.5238 0.0401 -0.7057
v  0.9041 -0.2359 -0.1325
v  0.7327 -0.1631 -0.1062
v  0.6809 -0.2073 0.0850
v  0.8506 -0.2768 0.0590
v  1.4371 -0.2274 -0.6778
v  1.3599 -0.2318 -0.7255
v  1.3144 -0.3258 -0.5064
v  1.2469 -0.3450 -0.5597
v  1.1450 -0.3363 -0.6134
v  1.2507 -0.2184 -0.7795
v  1.3866 0.2378 -0.8640
v  1.5461 0.1970 -0.8314
v  1.6495 0.1373 -0.8192
v  3.3070 1.5332 -3.9043
v  3.1774 1.5808 -3.8694
v  2.9040 1.6473 -3.8398
v  2.7576 1.4446 -4.0219
v  3.0340 1.3522 -4.0789
v  3.1823 1.3381 -4.0742
v  1.9333 0.3972 -1.9044
v  2.0987 0.3307 -1.8894
v  2.1889 0.2880 -1.8879
v  2.2165 0.5191 -1.8411
v  2.1090 0.5770 -1.8337
v  1.9047 0.6252 -1.8503
v  3.4244 1.5615 -4.7666
v  3.2446 1.6433 -4.6993
v  2.8524 1.7052 -4.6278
v  -1.8283 3.5393 -3.6403
v  -1.8550 3.6036 -3.6281
v  -1.9621 3.5368 -3.5830
v  -1.9518 3.5872 -3.6043
v  -1.9315 3.6253 -3.2755
v  -2.0530 3.5627 -3.3198
v  -1.9639 3.7124 -3.3134
v  -2.0944 3.6511 -3.3680
v  -2.0868 3.5021 -3.3862
v  -2.1369 3.5873 -3.4360
v  -2.1056 3.5352 -3.4937
v  -2.0652 3.4554 -3.4445
v  -2.0953 3.7273 -3.4268
v  -1.9662 3.7736 -3.3822
v  -1.9631 3.8154 -3.4524
v  -2.0572 3.7762 -3.4678
v  -2.1416 3.6697 -3.4920
v  -2.0792 3.7479 -3.5337
v  -2.0580 3.6917 -3.5890
v  -2.1109 3.6117 -3.5436
v  -1.9356 3.7776 -3.6164
v  -1.9547 3.8216 -3.5410
v  -1.8979 3.6867 -3.6348
v  -2.0161 3.6298 -3.6006
v  -2.0517 3.5646 -3.5613
v  -2.0408 3.4935 -3.5307
v  -2.0121 3.4188 -3.4967
v  -1.1853 4.0826 -3.6278
v  -1.0748 4.1583 -3.8343
v  -1.2382 4.1183 -3.6196
v  -1.1271 4.2308 -3.8487
v  -1.1815 4.2779 -3.8041
v  -1.2761 4.1538 -3.6053
v  -0.9050 4.5753 -4.4799
v  -1.0511 4.4211 -4.1100
v  -1.0025 4.3834 -4.1512
v  -0.8766 4.5134 -4.5095
v  -0.7946 4.1333 -4.1196
v  -0.8395 4.1883 -4.1494
v  -0.5656 4.1805 -4.4785
v  -0.6342 4.2552 -4.5204
v  -0.8981 4.2469 -4.1473
v  -0.7087 4.3205 -4.5278
v  -0.7754 4.3856 -4.5263
v  -0.9385 4.3100 -4.1632
v  -0.9306 4.3782 -4.2487
v  -0.8236 4.4559 -4.5437
v  1.0942 4.3190 -6.3215
v  1.3731 4.3298 -6.5567
v  1.0213 4.5675 -6.6547
v  0.7804 4.5367 -6.4059
v  0.5374 4.4709 -6.2153
v  0.8212 4.2620 -6.1377
v  -0.0258 5.4659 -6.5672
v  0.0369 5.3634 -6.5528
v  0.2706 5.5683 -6.8622
v  0.2121 5.6795 -6.8798
v  -0.1911 5.3033 -6.2674
v  -0.1427 5.2048 -6.2717
v  0.5547 4.7372 -6.4720
v  0.3367 4.6584 -6.2669
v  0.7776 4.8039 -6.7287
v  0.5953 5.0604 -6.7801
v  0.3767 4.9499 -6.5100
v  0.1704 4.8404 -6.2924
v  0.4161 5.3410 -6.8233
v  0.1871 5.1746 -6.5360
v  -0.0077 5.0352 -6.2891
v  1.6478 4.3758 -6.7988
v  1.8430 4.3624 -7.0279
v  1.3895 4.6186 -7.1982
v  1.2251 4.5842 -6.9521
v  0.3747 5.8541 -7.2478
v  0.4362 5.7299 -7.2320
v  0.5566 5.8465 -7.5530
v  0.4940 5.9859 -7.5555
v  0.5853 5.4596 -7.1866
v  0.7860 5.1444 -7.1136
v  0.9586 5.2263 -7.3984
v  0.7303 5.5576 -7.4963
v  0.9715 4.8567 -7.0423
v  1.1415 4.9221 -7.3051
v  1.9414 4.3436 -7.1510
v  1.4715 4.6381 -7.3614
v  1.4631 4.6279 -7.3230
v  1.9300 4.3454 -7.1316
v  1.2385 4.9629 -7.4584
v  1.0803 5.2886 -7.5683
v  1.2842 4.9831 -7.5597
v  1.1367 5.3132 -7.6969
v  1.9462 4.3340 -7.2698
v  1.4881 4.6416 -7.4916
v  1.8661 4.2567 -7.3015
v  1.3898 4.5777 -7.5149
v  1.2495 4.9470 -7.6780
v  1.1001 5.2830 -7.8327
v  1.1381 4.8942 -7.6980
v  0.9741 5.2251 -7.8529
v  1.8058 4.2552 -7.2612
v  1.3160 4.5366 -7.4968
v  1.6825 4.2422 -7.1866
v  1.1892 4.4759 -7.4194
v  1.0457 4.8397 -7.6695
v  0.9182 4.7768 -7.5597
v  0.7627 5.1112 -7.6468
v  0.8785 5.1775 -7.7830
v  0.2617 5.5920 -7.5524
v  0.0723 5.3915 -7.2254
v  -0.0164 5.4747 -7.2567
v  0.1516 5.6807 -7.5925
v  0.2897 5.8488 -7.8573
v  0.4113 5.7464 -7.8204
v  1.4012 4.1645 -7.0179
v  0.9607 4.3983 -7.2405
v  1.0691 4.1414 -6.7529
v  0.7235 4.3964 -6.9391
v  0.7089 4.6927 -7.3623
v  0.5161 4.6653 -7.0376
v  0.3868 4.9421 -7.0820
v  0.5685 5.0119 -7.4212
v  0.4203 5.3476 -7.4802
v  0.2214 5.1976 -7.1572
v  0.6017 5.4857 -7.7188
v  -0.1654 5.2877 -6.8978
v  -0.3149 5.1096 -6.6034
v  -0.0995 5.2012 -6.8785
v  -0.2532 5.0213 -6.5826
v  0.7254 4.1388 -6.4738
v  0.4493 4.3653 -6.6454
v  0.4058 4.0948 -6.2444
v  0.1971 4.3132 -6.3850
v  0.2765 4.5938 -6.7304
v  0.0592 4.5117 -6.4571
v  -0.0493 4.6906 -6.5017
v  0.1461 4.8087 -6.7823
v  0.0138 5.0272 -6.8345
v  -0.1591 4.8708 -6.5461
v  0.2175 4.0909 -6.0389
v  0.0891 4.0636 -5.8882
v  -0.0617 4.2267 -6.0046
v  0.0422 4.2701 -6.1695
v  0.3954 3.9530 -5.9036
v  0.2448 3.9421 -5.7696
v  -0.0737 4.4424 -6.2457
v  -0.1637 4.3820 -6.0870
v  -0.2435 4.5282 -6.1425
v  -0.1635 4.6020 -6.2931
v  -0.8947 4.3913 -5.2166
v  -1.0522 4.1397 -4.7740
v  -0.7705 4.5932 -5.6258
v  -0.7030 4.5230 -5.6034
v  -0.8328 4.3320 -5.2115
v  -0.9779 4.1089 -4.7797
v  -0.9416 3.9261 -4.5617
v  -1.1020 3.9236 -4.4371
v  -0.8741 4.0762 -4.8198
v  -0.7652 4.0727 -4.9281
v  -0.7579 3.9767 -4.7991
v  -0.7097 3.8956 -4.7209
v  -0.9546 3.8225 -4.4073
v  -0.9323 3.7516 -4.3429
v  -0.6490 3.8271 -4.6643
v  -1.1994 3.9390 -4.4057
v  -0.6624 0.5041 0.3843
v  -0.5221 0.4502 0.4045
v  -0.5144 0.4860 0.3482
v  -0.6491 0.5397 0.3328
v  -0.8113 0.5846 0.2929
v  -0.7978 0.5324 0.3656
v  -0.9183 0.5796 0.2983
v  -0.9560 0.5998 0.1649
v  -1.0145 0.5748 0.2062
v  -1.0788 0.5918 0.0489
v  -1.1208 0.5597 0.1048
v  -1.2067 0.5467 0.0252
v  -1.1801 0.5944 -0.0432
v  -1.2498 0.5971 -0.0900
v  -1.2630 0.5650 -0.0316
v  -1.1054 0.8476 -0.8035
v  -1.0683 0.8194 -0.8717
v  -1.0945 0.6432 -0.6688
v  -1.1044 0.7208 -0.6286
v  -1.0076 0.7936 -0.9259
v  -1.0096 0.6333 -0.7363
v  -1.1809 0.1474 -0.2848
v  -1.1668 0.1647 -0.3174
v  -1.1479 0.1172 -0.3244
v  -1.1687 0.1036 -0.2837
v  -1.1188 0.0492 -0.3130
v  -1.1745 0.0545 -0.2992
v  -1.1210 0.6479 -0.5077
v  -1.1590 0.6869 -0.4747
v  -1.1084 0.5839 -0.5313
v  -1.1452 0.6034 -0.4187
v  -1.1244 0.5453 -0.4451
v  -1.1860 0.6419 -0.3948
v  1.0335 0.2369 -1.4777
v  0.9369 0.2415 -1.4880
v  0.9733 0.2633 -1.5882
v  1.0696 0.2750 -1.5576
v  1.0015 0.2565 -1.3485
v  0.9074 0.2815 -1.3571
v  1.1052 0.3539 -1.5842
v  1.0189 0.3602 -1.6242
v  1.0503 0.4633 -1.6088
v  1.1329 0.4386 -1.5774
v  0.0502 1.2273 -1.1662
v  0.2097 1.1435 -1.1480
v  0.2330 1.1818 -1.2005
v  0.0681 1.2714 -1.2215
v  1.2857 2.1291 -4.0405
v  1.2496 2.1329 -4.1445
v  1.4401 2.1347 -4.1858
v  1.4696 2.1229 -4.1090
v  1.4893 2.1162 -4.0263
v  1.3049 2.1269 -3.9456
v  1.4836 2.0780 -3.9562
v  1.2828 2.0733 -3.8943
v  1.4612 1.9809 -3.8744
v  1.2584 1.9866 -3.8256
v  0.2987 2.7785 -3.3701
v  0.2912 2.7103 -3.3183
v  0.6432 2.5794 -3.4230
v  0.6535 2.6461 -3.4749
v  0.2864 2.6340 -3.2558
v  0.6321 2.5053 -3.3593
v  0.1104 1.3488 -1.4805
v  0.1139 1.3499 -1.5437
v  0.1235 1.3783 -1.4226
v  0.3086 1.2843 -1.4289
v  0.2959 1.2570 -1.4863
v  0.2975 1.2656 -1.5489
v  0.5069 3.8683 -5.8310
v  0.5793 3.8123 -5.7877
v  0.4152 3.8304 -5.6522
v  0.3483 3.8792 -5.6950
v  -0.6080 5.6232 -6.3172
v  -0.6708 5.5359 -6.3634
v  -0.7762 5.4784 -6.2316
v  -0.7098 5.5782 -6.1838
v  -0.6064 5.6325 -6.1216
v  -0.5189 5.6799 -6.2654
v  -0.4093 5.6737 -6.1932
v  -0.4838 5.6243 -6.0386
v  -0.3925 5.5086 -5.9766
v  -0.3337 5.5618 -6.1486
v  -0.3075 5.4183 -6.1073
v  -0.2928 5.2837 -6.0748
v  -0.3507 5.3572 -5.9293
v  -0.3500 5.2134 -5.9117
v  -0.2811 5.2031 -6.0681
v  -0.3450 5.1326 -5.9207
v  -0.3001 5.0506 -5.9321
v  -0.2353 5.1145 -6.0770
v  1.1733 3.5450 -5.2495
v  1.1767 3.6348 -5.3013
v  1.0447 3.6328 -5.1545
v  1.0513 3.5534 -5.1172
v  1.0497 3.4496 -5.0582
v  1.1761 3.4212 -5.1663
v  1.5511 2.6534 -4.1488
v  1.3129 2.7619 -4.1205
v  1.3511 2.7367 -4.0268
v  1.5908 2.6338 -4.0631
v  1.4906 2.6957 -4.2797
v  1.2627 2.8119 -4.2451
v  1.6447 2.6337 -3.9606
v  1.4129 2.7679 -3.9001
v  -0.5053 4.4091 -4.8939
v  -0.3273 4.4828 -5.2036
v  -0.4321 4.5764 -5.2171
v  -0.5953 4.4842 -4.8971
v  -0.4068 4.3242 -4.8764
v  -0.2030 4.3772 -5.1759
v  -0.2890 4.2170 -4.8266
v  -0.0315 4.2476 -5.1162
v  1.2142 3.2108 -5.0042
v  1.0688 3.2651 -4.9132
v  1.1240 3.0777 -4.6962
v  1.2900 2.9872 -4.7760
v  1.3908 2.8062 -4.5127
v  1.1931 2.9203 -4.4558
v  -0.1572 0.8743 -0.6030
v  -0.0105 0.7981 -0.5837
v  -0.2183 0.7652 -0.4050
v  -0.0811 0.6891 -0.3874
v  0.9576 0.2334 -1.1735
v  0.8561 0.2803 -1.1852
v  0.8793 0.1266 -1.0160
v  0.7650 0.1869 -1.0329
v  0.5135 0.0012 -0.7259
v  0.4452 0.0474 -0.7209
v  0.5202 0.1623 -0.9005
v  0.5905 0.1179 -0.8992
v  0.6031 0.2717 -1.0485
v  0.6770 0.2317 -1.0431
v  0.6775 0.0686 -0.8917
v  0.5966 -0.0507 -0.7253
v  0.7714 0.3190 -1.1847
v  0.6926 0.3551 -1.1793
v  0.7305 0.3420 -1.3349
v  0.8161 0.3060 -1.3501
v  0.6113 0.3919 -1.1776
v  0.5308 0.3155 -1.0519
v  0.6508 0.3884 -1.3211
v  0.7944 0.0037 -0.8767
v  0.7064 -0.1172 -0.7166
v  0.4528 0.2099 -0.8985
v  0.3791 0.0954 -0.7143
v  0.2628 -0.0851 -0.3164
v  0.3130 -0.0056 -0.5066
v  0.3786 -0.0525 -0.5107
v  0.3264 -0.1316 -0.3171
v  0.3506 -0.4614 0.2057
v  0.2763 -0.4128 0.1955
v  0.3182 -0.3849 0.1090
v  0.3913 -0.4288 0.1197
v  0.4695 -0.4706 0.1324
v  0.4316 -0.5062 0.2146
v  0.4215 0.4433 -0.5147
v  0.3309 0.5427 -0.5200
v  0.2478 0.4450 -0.3119
v  0.3409 0.3505 -0.2979
v  0.5173 0.5500 -0.7172
v  0.4222 0.6483 -0.7197
v  0.2553 0.6254 -0.5243
v  0.1816 0.6952 -0.5329
v  0.0923 0.5721 -0.3464
v  0.1672 0.5151 -0.3279
v  0.3390 0.7277 -0.7250
v  0.2562 0.7900 -0.7382
v  0.0972 0.7454 -0.5567
v  0.1672 0.8414 -0.7597
v  0.0148 0.6255 -0.3684
v  0.4162 0.8177 -0.9082
v  0.3261 0.8777 -0.9216
v  0.5094 0.7451 -0.8986
v  0.5887 0.8332 -1.0258
v  0.4862 0.8989 -1.0426
v  0.3907 0.9616 -1.0528
v  0.2327 0.9321 -0.9392
v  0.2915 1.0177 -1.0685
v  0.7580 0.8127 -1.0647
v  0.6427 0.8943 -1.0895
v  0.6996 0.7463 -1.0129
v  0.5352 0.9534 -1.1171
v  0.5758 1.0283 -1.1200
v  0.4678 1.0648 -1.1692
v  0.4337 1.0151 -1.1269
v  0.6135 0.6534 -0.8912
v  1.4386 1.7942 -3.7345
v  1.2538 1.8121 -3.6996
v  1.4164 1.5613 -3.5348
v  1.2538 1.5867 -3.5179
v  0.3601 1.1187 -1.1823
v  0.3327 1.0801 -1.1316
v  1.3879 1.3164 -3.2936
v  1.3508 1.0885 -3.0052
v  1.2239 1.1297 -2.9919
v  1.2438 1.3496 -3.2811
v  1.1158 1.3918 -3.2584
v  1.1123 1.6272 -3.4909
v  1.1104 1.1763 -2.9716
v  1.0024 1.2204 -2.9513
v  0.9990 1.4401 -3.2288
v  0.9873 1.6817 -3.4523
v  0.6037 2.3740 -3.2341
v  0.2776 2.4967 -3.1404
v  0.2758 2.3242 -2.9720
v  0.5623 2.1937 -3.0702
v  0.8761 1.4785 -3.2080
v  0.8881 1.2539 -2.9382
v  0.8553 1.7245 -3.4262
v  0.2778 2.1263 -2.7718
v  0.5314 1.9960 -2.8610
v  0.2680 1.9295 -2.5586
v  0.4949 1.8017 -2.6342
v  0.6931 1.9120 -2.9191
v  0.7376 2.1139 -3.1349
v  0.6476 1.7187 -2.6794
v  0.7653 1.6612 -2.7070
v  0.8117 1.8545 -2.9583
v  0.8592 2.0614 -3.1807
v  0.9317 1.7971 -2.9971
v  0.8845 1.6062 -2.7326
v  0.9836 2.0116 -3.2231
v  1.3002 0.8992 -2.6734
v  1.1911 0.9511 -2.6602
v  1.2500 0.7508 -2.3228
v  1.1533 0.8032 -2.3166
v  1.0886 1.0066 -2.6434
v  0.9812 1.0454 -2.6351
v  1.0523 0.8514 -2.3153
v  0.9433 0.8829 -2.3231
v  0.8354 0.9210 -2.3253
v  0.8710 1.0793 -2.6289
v  0.2503 1.7830 -2.3307
v  0.2014 1.6325 -2.1211
v  0.3984 1.5138 -2.1664
v  0.4533 1.6521 -2.3974
v  0.5973 1.5702 -2.4323
v  0.5413 1.4402 -2.1892
v  0.6494 1.3793 -2.2073
v  0.7112 1.5133 -2.4515
v  1.4070 2.1634 -4.2522
v  1.3765 2.2265 -4.3123
v  1.2117 2.1765 -4.2450
v  1.1836 2.2655 -4.3250
v  0.8269 1.4598 -2.4688
v  0.7590 1.3243 -2.2212
v  1.3557 2.3334 -4.3646
v  1.3239 2.4073 -4.4501
v  1.1673 2.3829 -4.3816
v  1.1467 2.4760 -4.4448
v  0.9981 2.4222 -4.3758
v  0.9929 2.2881 -4.3430
v  0.8427 2.3648 -4.2847
v  0.8627 2.4824 -4.3107
v  0.8737 2.5683 -4.3390
v  1.0053 2.5314 -4.3958
v  0.1289 1.3908 -1.3562
v  0.1234 1.3802 -1.2901
v  0.2961 1.2906 -1.2833
v  0.3100 1.3016 -1.3565
v  0.7137 2.4430 -4.2077
v  0.7385 2.5415 -4.2330
v  0.7432 2.6068 -4.2789
v  0.6431 0.3285 -1.4730
v  0.7350 0.2796 -1.4788
v  0.5364 0.3980 -1.4892
v  0.5365 0.3937 -1.6416
v  0.6462 0.3079 -1.6371
v  0.7533 0.2612 -1.6314
v  0.1020 1.3376 -1.2399
v  0.2662 1.2407 -1.2350
v  0.8347 0.2512 -1.4864
v  0.8672 0.2524 -1.6141
v  0.4108 0.6083 -1.7125
v  0.3871 0.5237 -1.6549
v  0.5796 0.4883 -1.7587
v  0.7055 0.4031 -1.7827
v  0.7660 0.5530 -1.7758
v  0.8736 0.5129 -1.7376
v  0.8236 0.3630 -1.7560
v  0.3816 0.4910 -1.5489
v  1.0171 0.7040 -2.0117
v  0.9967 0.6151 -1.7732
v  0.8994 0.6550 -1.8067
v  0.9145 0.7428 -2.0315
v  1.1161 0.6684 -1.9931
v  1.0886 0.5723 -1.7458
v  0.9294 0.3582 -1.6892
v  0.9652 0.4876 -1.6679
v  0.8101 0.7839 -2.0472
v  0.7980 0.6956 -1.8351
v  1.1523 0.4783 -1.6208
v  1.1699 0.5254 -1.7353
v  1.0710 0.5122 -1.6435
v  0.9821 0.5479 -1.6849
v  0.8871 0.5787 -1.7386
v  1.2068 0.6280 -1.9862
v  0.7832 0.6158 -1.7793
v  0.1148 1.3554 -1.6089
v  0.3018 1.2729 -1.6136
v  0.1224 1.3904 -1.7179
v  0.3103 1.2948 -1.7310
v  0.3400 1.3748 -1.9366
v  0.1541 1.4910 -1.9038
v  0.3076 3.7297 -5.5681
v  0.3513 3.6385 -5.5558
v  0.2356 3.5997 -5.4694
v  0.1945 3.7000 -5.4825
v  0.1720 3.7796 -5.4768
v  0.2767 3.8045 -5.5656
v  0.4527 3.7573 -5.6430
v  0.4933 3.6727 -5.6275
v  0.2255 3.4887 -5.2753
v  0.3197 3.4915 -5.3959
v  0.4230 3.4818 -5.2802
v  0.3253 3.4799 -5.1710
v  0.1476 3.5886 -5.3472
v  0.7314 3.5622 -5.6728
v  0.6563 3.6510 -5.7376
v  0.8220 3.5391 -5.5790
v  0.6547 3.5325 -5.4751
v  0.5655 3.5729 -5.5687
v  0.5281 3.5093 -5.3778
v  0.4325 3.5368 -5.4864
v  0.6176 3.7356 -5.7660
v  0.1135 3.6892 -5.3626
v  0.0956 3.7691 -5.3606
v  1.1181 3.9931 -5.5342
v  1.1832 3.9010 -5.3914
v  1.0331 3.9984 -5.6926
v  0.8567 4.0161 -5.5852
v  0.9547 4.0145 -5.4209
v  1.0398 3.9334 -5.2508
v  1.1895 3.7615 -5.3331
v  1.0728 3.7840 -5.1625
v  0.2048 3.2615 -3.9444
v  0.2224 3.1621 -3.7980
v  0.6044 3.0679 -3.9347
v  0.5761 3.1729 -4.0986
v  0.5502 3.3101 -4.2916
v  0.1922 3.3936 -4.1011
v  0.2465 3.1100 -3.7124
v  0.2737 3.0700 -3.6483
v  0.6492 2.9613 -3.7889
v  0.6297 3.0162 -3.8484
v  1.1421 2.8472 -4.0673
v  0.9943 2.8963 -4.0053
v  1.0325 2.8849 -3.9238
v  1.1899 2.8522 -3.9768
v  1.1006 2.8977 -4.1803
v  0.9598 2.9468 -4.1076
v  0.7772 3.0930 -4.2149
v  0.8185 2.9932 -4.0351
v  0.9096 3.0447 -4.2971
v  0.8599 3.1827 -4.5202
v  0.7344 3.2264 -4.4313
v  0.8491 2.9447 -3.9411
v  0.8764 2.9075 -3.8715
v  1.5257 2.0795 -3.4958
v  1.5718 2.2374 -3.6384
v  1.2798 2.3160 -3.5530
v  1.2245 2.1487 -3.4463
v  1.0446 2.9994 -4.3781
v  0.9873 3.1406 -4.6081
v  0.7944 2.3011 -3.2965
v  0.8365 2.4401 -3.4145
v  0.9150 2.2498 -3.3500
v  0.9664 2.4026 -3.4552
v  1.5943 2.3401 -3.7109
v  1.3084 2.4186 -3.6089
v  1.1258 2.4645 -3.5421
v  1.0947 2.3653 -3.4987
v  1.1620 2.5532 -3.5533
v  1.0253 2.5805 -3.5061
v  0.9938 2.4942 -3.4972
v  1.0407 2.2050 -3.3952
v  0.3464 2.1330 -3.4917
v  0.3330 2.2945 -3.6179
v  0.6459 2.2019 -3.6599
v  0.6544 2.0292 -3.5441
v  0.8578 2.5229 -3.4640
v  0.8774 2.5967 -3.4980
v  1.1025 1.8505 -3.6655
v  1.0965 2.0152 -3.7910
v  0.9729 1.9052 -3.6250
v  0.9650 2.0719 -3.7465
v  0.3238 2.3783 -3.6833
v  0.3121 2.4217 -3.7219
v  0.6416 2.3323 -3.7805
v  0.6453 2.2867 -3.7264
v  0.8312 2.2284 -3.8375
v  0.8340 2.1989 -3.7799
v  0.9697 2.1541 -3.8803
v  0.9679 2.1339 -3.8242
v  0.8323 2.1254 -3.7094
v  0.8392 1.9527 -3.5939
v  0.8581 2.7900 -4.6801
v  0.9459 2.6565 -4.5151
v  0.8259 2.6846 -4.4490
v  0.7447 2.8170 -4.6034
v  0.6586 3.0079 -4.7925
v  0.7658 2.9861 -4.8793
v  0.8759 2.9405 -4.9757
v  0.9748 2.7302 -4.7619
v  1.0714 2.5913 -4.5810
v  1.1110 2.0835 -3.8640
v  1.1255 2.1112 -3.9146
v  0.6292 2.8407 -4.5302
v  0.7048 2.7118 -4.3850
v  0.5459 3.0224 -4.7111
v  1.2957 2.4431 -4.5126
v  1.2415 2.5025 -4.6154
v  1.1211 2.5253 -4.4948
v  0.9910 2.5900 -4.4340
v  0.8637 2.6179 -4.3753
v  1.1309 2.6476 -4.8269
v  1.0219 2.8835 -5.0653
v  0.3135 3.0390 -3.5647
v  0.6976 2.9398 -3.6846
v  0.3629 3.0302 -3.4566
v  0.7397 2.9116 -3.5595
v  0.7348 2.6452 -4.3182
v  1.2356 2.6978 -3.5627
v  1.2563 2.7948 -3.7005
v  1.1118 2.8335 -3.6536
v  1.0923 2.7280 -3.5162
v  0.3465 2.9134 -3.3845
v  0.7208 2.7951 -3.4599
v  0.9479 2.7503 -3.4839
v  0.9704 2.8710 -3.6054
v  0.9267 2.8930 -3.7550
v  1.0851 2.8856 -3.7971
v  0.2143 2.4921 -3.9553
v  0.5077 2.3946 -4.0773
v  0.5404 2.3312 -3.9720
v  0.2466 2.4632 -3.8566
v  1.2374 2.8485 -3.8460
v  1.0127 2.1687 -4.2544
v  1.0585 2.1171 -4.1240
v  0.8968 2.1884 -4.0779
v  0.8530 2.2468 -4.2033
v  0.2865 2.4543 -3.7795
v  0.5973 2.3322 -3.8684
v  0.8000 2.2506 -3.9252
v  0.7497 2.2651 -4.0304
v  0.9416 2.1680 -3.9668
v  0.7066 2.3216 -4.1480
v  0.5934 3.5023 -5.3028
v  0.4889 3.4816 -5.2111
v  0.7160 3.5199 -5.3974
v  0.7576 3.4180 -5.3143
v  0.6346 3.4055 -5.2289
v  0.5330 3.4012 -5.1376
v  1.1031 2.1126 -4.0040
v  0.4389 3.4096 -5.0361
v  0.3880 3.4724 -5.1129
v  0.9450 3.1659 -5.2713
v  0.8997 3.4101 -5.4187
v  0.8038 3.1945 -5.1715
v  0.6914 3.2136 -5.0751
v  0.5950 3.2317 -4.9775
v  0.8769 3.5354 -5.4951
v  0.1417 3.7022 -4.3686
v  0.1489 3.6306 -4.3240
v  0.5029 3.5663 -4.6136
v  0.5092 3.6472 -4.6724
v  0.1680 3.5199 -4.2328
v  0.5149 3.4384 -4.4807
v  0.4920 3.2417 -4.8858
v  0.9400 3.3064 -4.8210
v  0.9277 3.4734 -4.9625
v  0.8073 3.4949 -4.8730
v  0.8150 3.3361 -4.7317
v  0.7009 3.6087 -4.8418
v  0.6887 3.5179 -4.7820
v  0.8191 3.5888 -4.9272
v  0.8237 3.6688 -4.9500
v  0.7032 3.6882 -4.8695
v  0.6958 3.3705 -4.6386
v  0.3393 4.2058 -5.6323
v  0.4662 4.2062 -5.7936
v  0.2304 4.3812 -5.8603
v  0.1198 4.3715 -5.6968
v  0.0203 4.3745 -5.5405
v  0.2315 4.2244 -5.4736
v  0.4361 4.1266 -5.4000
v  0.5509 4.1008 -5.5588
v  0.6850 4.0828 -5.7176
v  0.9315 3.5673 -5.0178
v  0.9300 3.6464 -5.0440
v  0.1269 4.2479 -5.3161
v  -0.0751 4.3832 -5.3834
v  0.3267 4.1645 -5.2380
v  0.9729 4.0217 -5.7916
v  0.7944 4.0382 -5.6637
v  0.8542 4.0730 -5.8768
v  0.6182 4.2227 -5.9628
v  0.3634 4.4195 -6.0311
v  -0.2791 3.7494 -4.9320
v  -0.0555 3.8046 -5.2071
v  -0.3299 3.8202 -4.9697
v  -0.1217 3.8750 -5.2605
v  0.0023 4.0532 -5.7602
v  -0.0714 4.0363 -5.6521
v  -0.2127 4.1839 -5.7649
v  -0.1396 4.2060 -5.8724
v  0.1496 3.9409 -5.6464
v  0.0739 3.9261 -5.5379
v  0.0735 3.8390 -5.3701
v  0.1467 3.8496 -5.4845
v  0.0032 3.9152 -5.4245
v  -0.4223 3.9090 -5.0407
v  -0.5190 4.0092 -5.1148
v  -0.3744 4.1211 -5.4631
v  -0.2484 3.9865 -5.3626
v  -0.1389 4.0288 -5.5390
v  -0.2783 4.1727 -5.6510
v  0.2347 3.8696 -5.5845
v  -0.4211 5.0101 -6.3820
v  -0.5253 4.9093 -6.2502
v  -0.6368 4.9992 -6.3067
v  -0.5051 5.0937 -6.4209
v  -0.3440 4.8999 -6.3589
v  -0.4241 4.7945 -6.2103
v  -0.6084 4.8027 -6.1403
v  -0.6626 4.7300 -6.0100
v  -0.7842 4.7812 -6.0761
v  -0.7351 4.8775 -6.2113
v  -0.4897 4.7285 -6.0717
v  -0.5520 4.6777 -5.9435
v  -0.2587 4.7561 -6.3331
v  -0.3314 4.6652 -6.1800
v  -0.7682 4.7231 -4.8766
v  -0.7450 4.6510 -4.8943
v  -0.6164 4.7773 -5.2291
v  -0.6495 4.8487 -5.2234
v  -0.6561 4.9355 -5.2282
v  -0.7732 4.8028 -4.8667
v  -0.7034 4.6870 -5.8621
v  -0.6113 4.6309 -5.8129
v  -0.8095 4.7240 -5.9172
v  -0.5526 4.9373 -5.4409
v  -0.5140 4.8670 -5.4435
v  -0.4352 4.9316 -5.6044
v  -0.4771 5.0032 -5.5993
v  -0.4780 5.0886 -5.5932
v  -0.5614 5.0241 -5.4462
v  -0.5364 4.6797 -5.2267
v  -0.6805 4.5675 -4.8993
v  -0.9906 5.0203 -4.9967
v  -0.8853 4.9867 -4.9517
v  -0.7186 5.2394 -5.3173
v  -0.8438 5.3319 -5.3770
v  -0.8107 4.9088 -4.8954
v  -0.6612 5.0882 -5.2598
v  -0.3658 4.9908 -5.7711
v  -0.4140 5.0654 -5.7645
v  -0.3973 5.1524 -5.7441
v  -0.8956 5.2952 -6.1521
v  -0.9872 5.2176 -6.0375
v  -1.0148 5.3762 -6.0153
v  -0.9039 5.4333 -6.1284
v  -0.7857 5.3678 -6.2666
v  -0.7728 5.2500 -6.3014
v  -0.8689 5.1618 -6.1751
v  -0.9395 5.0711 -6.0474
v  -1.0268 5.1426 -5.8926
v  -0.9756 4.9930 -5.9000
v  -1.0631 5.2974 -5.8694
v  -0.6150 5.1880 -6.4745
v  -0.7280 5.1173 -6.3250
v  -0.6786 5.3183 -6.4697
v  -0.8209 5.0168 -6.2059
v  -0.8834 4.9142 -6.0761
v  -0.6857 5.4347 -6.4176
v  -0.1725 4.6833 -5.7590
v  -0.0856 4.7183 -5.9273
v  -0.2094 4.8985 -5.9361
v  -0.2840 4.8502 -5.7708
v  -0.3519 4.8069 -5.6017
v  -0.2408 4.6620 -5.5898
v  -0.9161 4.8370 -5.9251
v  -0.4303 4.7559 -5.4398
v  -0.3197 4.6322 -5.4277
v  0.1768 4.5960 -6.0770
v  0.0557 4.5514 -5.9015
v  0.0245 4.7688 -6.0993
v  -0.0415 4.5301 -5.7347
v  -0.1268 4.5204 -5.5743
v  -0.1263 4.9534 -6.0963
v  -0.5270 4.5126 -5.7971
v  -0.6145 4.4266 -5.5894
v  -0.4579 4.5636 -5.9169
v  -0.3746 4.4362 -5.8904
v  -0.4392 4.3939 -5.7716
v  -0.5251 4.3209 -5.5699
v  -0.2112 4.5125 -5.4138
v  -0.3902 4.6126 -6.0382
v  -0.3035 4.4847 -6.0040
v  -0.5917 4.0985 -5.1722
v  -0.4549 4.2275 -5.5290
v  -0.6616 4.1800 -5.2075
v  -0.3655 4.2896 -5.7242
v  -0.3021 4.3156 -5.8407
v  -0.7488 4.2600 -5.2145
v  -0.2300 4.3512 -5.9504
v  -0.3955 0.4237 0.3630
v  0.6668 1.2339 -1.2911
v  0.5525 1.2463 -1.3191
v  0.5311 1.2113 -1.2354
v  0.6407 1.1898 -1.1981
v  0.6722 1.2172 -1.3958
v  0.5597 1.2393 -1.4117
v  0.4433 1.2614 -1.3425
v  0.4486 1.2543 -1.4246
v  0.4239 1.2369 -1.2660
v  0.6091 1.1123 -1.1429
v  0.5014 1.1455 -1.1846
v  0.3931 1.1783 -1.2214
v  0.4353 1.2181 -1.4839
v  0.5506 1.2052 -1.4808
v  0.5335 1.1518 -1.5415
v  0.4208 1.1846 -1.5455
v  0.4862 1.3105 -1.9516
v  0.4497 1.2239 -1.7475
v  0.5683 1.1837 -1.7559
v  0.6012 1.2623 -1.9632
v  0.6448 1.1236 -1.5401
v  0.6394 1.0900 -1.6315
v  0.6726 1.1408 -1.7627
v  0.5381 1.1369 -1.6294
v  0.6613 1.1750 -1.4737
v  0.4322 1.1960 -1.6230
v  0.7044 1.2072 -1.9765
v  0.6569 4.0592 -5.5163
v  0.5451 4.0994 -5.3561
v  0.6186 4.1015 -5.2920
v  0.7241 4.0460 -5.4474
v  0.9647 3.8060 -5.0350
v  0.8515 3.8254 -4.9342
v  0.9268 3.9680 -5.1199
v  0.8180 3.9953 -4.9996
v  0.5055 4.1392 -5.1324
v  0.6122 4.1381 -5.0055
v  0.6891 4.0042 -4.8960
v  0.7347 4.1188 -5.1437
v  0.4313 4.1319 -5.1930
v  0.8395 4.0715 -5.2856
v  0.7202 3.8368 -4.8554
v  -0.8399 5.5760 -6.0640
v  -0.9653 5.5528 -5.9328
v  -0.8068 5.6212 -5.8152
v  -0.7045 5.6405 -5.9699
v  -1.0270 5.4531 -5.7859
v  -0.8920 5.5207 -5.6795
v  -0.7317 5.4892 -5.5876
v  -0.6078 5.3611 -5.5275
v  -0.5116 5.4346 -5.6491
v  -0.6399 5.5677 -5.7197
v  -0.5535 5.6117 -5.8741
v  -0.4286 5.4878 -5.7972
v  -0.3992 5.3045 -5.7617
v  -0.4836 5.2461 -5.6166
v  -0.5634 5.1864 -5.4763
v  0.6929 5.5613 -7.8501
v  0.7433 5.6022 -7.8733
v  0.4934 5.8346 -7.9483
v  0.5310 5.9157 -8.0309
v  0.3610 5.9355 -7.9889
v  0.2579 5.9591 -7.9970
v  0.2923 6.0087 -8.0769
v  0.3930 5.9832 -8.0717
v  0.1511 6.0267 -7.9846
v  0.0926 6.1299 -7.9381
v  0.1357 6.1772 -8.0239
v  0.1917 6.0765 -8.0645
v  0.0779 6.2338 -7.8865
v  0.1211 6.2824 -7.9757
v  0.1147 6.3325 -7.8266
v  0.1579 6.3828 -7.9176
v  0.2188 6.3977 -7.7630
v  0.2576 6.4545 -7.8551
v  0.3326 6.4290 -7.6995
v  0.3760 6.4781 -7.7948
v  0.4254 6.4040 -7.6369
v  0.4932 6.3222 -7.6076
v  0.5484 6.3695 -7.6972
v  0.4730 6.4504 -7.7324
v  0.5872 6.2663 -7.7145
v  0.5368 6.2203 -7.6263
v  0.5543 6.1240 -7.6736
v  0.6040 6.1738 -7.7592
v  0.8596 5.6370 -7.6598
v  0.6768 5.9307 -7.7074
v  0.9380 5.6782 -7.7807
v  0.7428 6.0096 -7.8396
v  0.5978 6.0641 -7.6997
v  0.6554 6.1153 -7.7934
v  0.8459 5.6360 -7.8805
v  0.6870 5.9334 -7.9748
v  0.4238 6.0520 -8.1682
v  0.3272 6.0783 -8.1820
v  0.3735 6.1584 -8.2852
v  0.4623 6.1279 -8.2677
v  0.5502 6.1243 -8.2255
v  0.5250 6.0427 -8.1408
v  0.2408 6.1483 -8.1747
v  0.3037 6.2240 -8.2848
v  0.1924 6.2456 -8.1475
v  0.2619 6.3111 -8.2734
v  0.1866 6.3525 -8.1089
v  0.2632 6.4135 -8.2476
v  0.2306 6.4505 -8.0608
v  0.3096 6.5055 -8.2137
v  0.3245 6.5149 -8.0128
v  0.3941 6.5638 -8.1814
v  0.4342 6.5286 -7.9650
v  0.4940 6.5783 -8.1438
v  0.5299 6.5027 -7.9058
v  0.6127 6.4335 -7.8591
v  0.6492 6.4685 -8.0485
v  0.5834 6.5384 -8.0939
v  0.3678 6.2759 -8.3851
v  0.4341 6.2242 -8.3802
v  0.3291 6.3495 -8.3777
v  0.3865 6.3718 -8.4268
v  0.4349 6.3378 -8.4448
v  0.5009 6.3048 -8.4449
v  0.3281 6.4404 -8.3605
v  0.4025 6.4385 -8.4298
v  0.3711 6.5209 -8.3357
v  0.4148 6.5046 -8.4001
v  0.6477 6.3365 -7.8584
v  0.6598 6.2540 -7.8799
v  0.6763 6.3209 -8.0234
v  0.6801 6.3925 -8.0244
v  0.4503 6.5731 -8.3125
v  0.4844 6.5284 -8.4089
v  0.5476 6.5885 -8.2822
v  0.5745 6.5307 -8.3856
v  0.4777 6.4326 -8.4603
v  0.5581 6.4224 -8.4560
v  0.6254 6.4062 -8.4180
v  0.6681 6.3878 -8.3614
v  0.6450 6.2911 -8.3501
v  0.5749 6.2926 -8.4145
v  0.6466 6.5053 -8.3505
v  0.6962 6.4594 -8.3038
v  0.6292 6.5473 -8.2384
v  0.6842 6.4831 -8.1931
v  0.6268 6.0748 -8.0618
v  0.6110 6.1492 -8.1444
v  0.6408 6.2025 -8.0782
v  0.6750 6.1287 -7.9683
v  0.5870 6.2030 -8.3050
v  0.5170 6.2008 -8.3588
v  0.6594 6.2578 -8.0410
v  0.6789 6.3002 -8.1725
v  0.6858 6.3343 -8.2750
v  0.7039 6.3636 -8.2267
v  0.6988 6.3546 -8.1440
v  0.6524 6.2485 -8.2107
v  0.6234 6.2016 -8.2287
v  0.6898 6.3778 -8.3128
v  0.7085 6.4067 -8.2541
v  0.7036 6.4145 -8.1561
v  -0.5376 0.3839 -0.6685
v  -0.5417 0.2899 -0.4892
v  -0.7084 0.2000 -0.5631
v  -0.7200 0.3068 -0.7364
v  -0.8265 0.2378 -0.5250
v  -0.8337 0.3541 -0.6912
v  -0.2826 0.3268 -0.6026
v  -0.3056 0.2168 -0.4336
v  -0.1431 -0.1312 0.1102
v  -0.1210 -0.1084 0.0382
v  0.0113 -0.1711 0.0698
v  -0.0172 -0.1895 0.1404
v  0.0991 -0.2292 0.0849
v  0.0673 -0.2469 0.1579
v  0.1208 -0.1911 -0.0009
v  0.0281 -0.1332 -0.0173
v  -0.1115 -0.0689 -0.0517
v  -0.1057 -0.0181 -0.1540
v  0.0404 -0.0835 -0.1162
v  0.1393 -0.1413 -0.0975
v  0.0535 -0.0320 -0.2139
v  -0.0981 0.0378 -0.2533
v  0.1571 -0.0921 -0.1945
v  0.8074 -0.3347 -0.4666
v  0.7189 -0.2811 -0.4905
v  0.8969 -0.3801 -0.4361
v  0.7769 -0.4221 -0.2288
v  0.7033 -0.3834 -0.2583
v  0.6328 -0.3396 -0.2845
v  0.5086 -0.5397 0.2163
v  0.5416 -0.5049 0.1434
v  0.6166 -0.5371 0.1545
v  0.5888 -0.5686 0.2151
v  0.5786 -0.4681 0.0609
v  0.6504 -0.5023 0.0793
v  0.5095 -0.4323 0.0442
v  0.5475 -0.4000 -0.0520
v  0.6149 -0.4369 -0.0309
v  0.6851 -0.4715 -0.0079
v  0.8727 -0.4582 -0.1987
v  1.0007 -0.4176 -0.4000
v  1.1049 -0.4357 -0.3564
v  0.9778 -0.4844 -0.1659
v  0.6483 -0.4118 -0.1247
v  0.5827 -0.3728 -0.1495
v  0.7172 -0.4475 -0.0980
v  1.1890 -0.4229 -0.3078
v  1.0783 -0.4880 -0.1268
v  0.9427 -0.6982 0.1846
v  0.8851 -0.6622 0.2305
v  0.9603 -0.6116 0.2251
v  1.0990 -0.5117 0.1404
v  1.0480 -0.5408 0.0999
v  1.0948 -0.5077 0.0261
v  1.1458 -0.4783 0.0666
v  1.1786 -0.4461 0.1060
v  1.1302 -0.4773 0.1837
v  0.9497 -0.6233 0.3206
v  0.9804 -0.6696 0.2510
v  1.0109 -0.5711 0.2663
v  1.0369 -0.5344 0.3146
v  0.9852 -0.5772 0.3569
v  1.0798 -0.5062 0.2566
v  1.0513 -0.5431 0.2106
v  1.0021 -0.5747 0.1700
v  1.1887 -0.3905 0.1418
v  1.1393 -0.4240 0.2272
v  1.1292 -0.3496 0.1435
v  1.0895 -0.3755 0.2431
v  1.0147 -0.5265 0.4126
v  1.0488 -0.4866 0.3710
v  1.0203 -0.4385 0.4156
v  1.0484 -0.4053 0.3391
v  1.0864 -0.4564 0.3071
v  1.0591 -0.3422 0.1474
v  1.0263 -0.3630 0.2504
v  0.9591 -0.3312 0.1632
v  0.9327 -0.3538 0.2674
v  0.9030 -0.3845 0.3690
v  0.8761 -0.4244 0.4534
v  0.9655 -0.4253 0.4345
v  0.9921 -0.3896 0.3512
v  0.8142 -0.3043 0.1963
v  0.7833 -0.3320 0.3041
v  0.6434 -0.2360 0.2264
v  0.6059 -0.2692 0.3375
v  0.5472 -0.0261 -0.0960
v  0.4989 -0.0759 0.0913
v  0.3873 0.1378 -0.0920
v  0.3378 0.0785 0.0867
v  0.5637 -0.3105 0.4442
v  0.5312 -0.3492 0.5330
v  0.7142 -0.4200 0.4899
v  0.7467 -0.3722 0.4065
v  0.4635 -0.1101 0.2307
v  0.3013 0.0358 0.2197
v  0.2666 -0.0045 0.3270
v  0.4270 -0.1470 0.3414
v  0.2372 -0.0381 0.4385
v  0.3901 -0.1847 0.4515
v  0.2236 -0.0547 0.5374
v  0.3643 -0.2148 0.5450
v  0.2137 0.1999 0.0690
v  0.2706 0.2676 -0.0997
v  0.1764 0.3615 -0.1182
v  0.1130 0.2871 0.0424
v  0.1738 0.1540 0.1971
v  0.0728 0.2438 0.1698
v  0.0438 0.2151 0.2796
v  0.1412 0.1176 0.3043
v  0.0183 0.1910 0.3920
v  0.1097 0.0836 0.4142
v  0.0012 0.1824 0.4893
v  0.0860 0.0626 0.5103
v  -0.5445 0.7862 -0.0300
v  -0.4281 0.6897 -0.0495
v  -0.3943 0.7713 -0.2094
v  -0.5054 0.8752 -0.1822
v  -0.6462 0.9271 -0.1820
v  -0.6892 0.8319 -0.0469
v  -0.5765 0.7129 0.0776
v  -0.7215 0.7630 0.0554
v  -0.7483 0.7057 0.1393
v  -0.6030 0.6508 0.1659
v  -0.4754 0.5788 0.1663
v  -0.4541 0.6284 0.0685
v  -0.7749 0.6394 0.2091
v  -0.6278 0.5910 0.2554
v  -0.4963 0.5308 0.2644
v  -0.8174 0.9176 -0.2190
v  -0.8503 0.8274 -0.1149
v  -0.9353 0.8063 -0.3223
v  -0.9675 0.7351 -0.2273
v  -0.8717 0.7571 -0.0360
v  -0.9995 0.7125 -0.1403
v  -1.0235 0.6746 -0.0733
v  -0.8954 0.7017 0.0360
v  -1.1964 0.7397 -0.4472
v  -1.2092 0.6857 -0.3718
v  -1.2009 0.7362 -0.3293
v  -1.1785 0.7987 -0.4002
v  -1.0482 0.6362 -0.0103
v  -0.9201 0.6487 0.1032
v  -1.0753 0.8100 -0.3582
v  -1.1060 0.7522 -0.2753
v  -1.1271 0.7108 -0.2103
v  -1.2112 0.6914 -0.2665
v  -1.2237 0.6589 -0.2049
v  -1.1436 0.6743 -0.1539
v  -1.2370 0.6261 -0.1445
v  -1.1610 0.6361 -0.0984
v  -1.2750 0.5607 -0.1146
v  -1.2895 0.5181 -0.1347
v  -1.3392 0.5426 -0.0986
v  -1.2621 0.5832 -0.1724
v  -1.2439 0.6146 -0.2376
v  -1.2402 0.5673 -0.2572
v  -1.2657 0.5320 -0.1891
v  -1.2260 0.6463 -0.3029
v  -1.2117 0.6036 -0.3236
v  -1.3419 0.4452 -0.1727
v  -1.2352 0.3288 -0.1182
v  -1.2665 0.3455 -0.2208
v  -1.2698 0.4502 -0.1508
v  -1.3509 0.4916 -0.1245
v  0.1254 -0.2920 0.1705
v  0.1608 -0.2738 0.0930
v  0.2106 -0.3103 0.0984
v  0.1726 -0.3311 0.1808
v  0.2411 -0.2732 0.0098
v  0.1872 -0.2362 0.0064
v  0.2099 -0.1895 -0.0902
v  0.2678 -0.2295 -0.0875
v  0.2203 -0.3703 0.1884
v  0.2604 -0.3465 0.1028
v  0.3906 -0.1777 -0.3176
v  0.4457 -0.0985 -0.5139
v  0.5228 -0.1505 -0.5132
v  0.4622 -0.2273 -0.3141
v  0.2311 -0.1438 -0.1884
v  0.2923 -0.1874 -0.1868
v  0.6193 -0.2150 -0.5053
v  0.5475 -0.2846 -0.3032
v  0.4219 -0.2744 -0.1802
v  0.5026 -0.3249 -0.1683
v  0.4683 -0.3552 -0.0688
v  0.3903 -0.3088 -0.0800
v  0.3257 -0.2681 -0.0851
v  0.3538 -0.2297 -0.1853
v  0.0927 0.4236 -0.1413
v  0.0156 0.4695 -0.1674
v  -0.0468 0.3873 -0.0110
v  0.0290 0.3451 0.0162
v  0.4315 -0.3901 0.0292
v  0.3562 -0.3469 0.0182
v  0.2952 -0.3089 0.0129
v  -0.0082 0.3063 0.1462
v  -0.0818 0.3486 0.1205
v  -0.1063 0.3252 0.2349
v  -0.0349 0.2812 0.2585
v  -0.1789 0.3607 0.2045
v  -0.2688 0.3971 0.1728
v  -0.2930 0.3642 0.2820
v  -0.2001 0.3422 0.3191
v  -0.3048 0.3493 0.3810
v  -0.2139 0.3297 0.4134
v  -0.1723 0.2423 0.4395
v  -0.1266 0.3123 0.3517
v  -0.0570 0.2634 0.3731
v  -0.0683 0.2637 0.4690
v  -0.0600 0.5198 -0.1914
v  -0.1497 0.5839 -0.2091
v  -0.2077 0.4942 -0.0566
v  -0.1214 0.4330 -0.0374
v  -0.1560 0.3871 0.0915
v  -0.2435 0.4371 0.0664
v  -0.2742 0.6640 -0.2218
v  -0.3232 0.5746 -0.0679
v  -0.3500 0.5196 0.0566
v  -0.3672 0.4817 0.1629
v  -0.3838 0.4493 0.2708
v  -0.5006 -0.0739 0.0062
v  -0.5254 0.0354 -0.0161
v  -0.3093 -0.0300 -0.0047
v  -0.3222 -0.0666 0.0837
v  -0.5404 0.2254 -0.3501
v  -0.3130 0.1380 -0.3095
v  -0.3126 0.0750 -0.2067
v  -0.5354 0.1653 -0.2388
v  -0.6825 -0.0625 -0.0916
v  -0.5298 0.1021 -0.1236
v  -0.3106 0.0158 -0.1010
v  -0.6857 -0.0003 -0.2009
v  -0.8189 -0.0573 -0.2322
v  -0.8206 0.0414 -0.3145
v  -0.6885 0.0618 -0.3148
v  -0.8233 -0.1775 -0.1557
v  -1.0251 0.4638 -0.5936
v  -1.0349 0.3217 -0.4818
v  -1.0922 0.3301 -0.5019
v  -1.1050 0.4617 -0.5878
v  -0.9631 0.4383 -0.6203
v  -0.9765 0.2952 -0.4850
v  -0.8231 0.1373 -0.4053
v  -0.6973 0.1248 -0.4296
v  -0.9009 0.4042 -0.6484
v  -0.9095 0.2667 -0.4990
v  -0.9896 0.0158 -0.2832
v  -0.9780 0.1010 -0.3321
v  -0.9107 0.0628 -0.3149
v  -0.9170 -0.0384 -0.2572
v  -0.9330 -0.1337 -0.2267
v  -1.0113 -0.0712 -0.2634
v  -1.0515 0.0698 -0.3138
v  -1.0421 0.1454 -0.3567
v  -1.0727 -0.0090 -0.2830
v  -1.1004 0.1131 -0.3540
v  -1.0957 0.1770 -0.3984
v  -1.0391 0.2223 -0.4090
v  -1.0917 0.2430 -0.4424
v  -0.9779 0.1875 -0.3955
v  -0.9099 0.1584 -0.3925
v  0.8791 -0.6149 0.1905
v  0.8331 -0.6396 0.2366
v  0.7674 -0.6230 0.2274
v  0.7938 -0.5989 0.1833
v  1.0110 -0.5235 -0.0126
v  0.9096 -0.5112 -0.0441
v  0.9665 -0.5509 0.0660
v  0.8703 -0.5353 0.0405
v  0.6812 -0.5984 0.2193
v  0.7039 -0.5709 0.1691
v  0.7371 -0.5372 0.1003
v  0.8299 -0.5665 0.1214
v  0.7736 -0.5065 0.0159
v  0.9224 -0.5847 0.1403
v  0.8084 -0.4827 -0.0716
v  -1.1914 0.1887 -0.2806
v  -1.1775 0.2109 -0.3104
v  -1.2065 0.2243 -0.2521
v  -1.1869 0.2530 -0.2860
v  -1.2015 0.5105 -0.2706
v  -1.1718 0.5581 -0.3418
v  -1.1456 0.4982 -0.3668
v  -1.1703 0.4460 -0.2942
v  -1.1371 0.1603 -0.3589
v  -1.1350 0.2174 -0.4011
v  -1.1621 0.2053 -0.3525
v  -1.1570 0.2568 -0.3884
v  -1.1491 0.3057 -0.4237
v  -1.1373 0.3684 -0.4448
v  -1.1331 0.3518 -0.4885
v  -1.1335 0.2739 -0.4452
v  -1.1263 0.4697 -0.5234
v  -1.1253 0.4567 -0.4531
v  -1.1967 0.3912 -0.2225
v  -1.2311 0.4630 -0.1991
v  -1.2337 0.2817 -0.2440
v  -1.2008 0.2930 -0.2312
v  -1.1745 0.2927 -0.3179
v  -1.1590 0.3340 -0.3574
v  -1.1601 0.2921 -0.3724
v  -1.1685 0.2499 -0.3402
v  -1.1834 0.3367 -0.2722
v  -1.1606 0.3858 -0.3280
v  -1.1456 0.3626 -0.4023
v  -1.1498 0.3212 -0.4015
v  -1.1408 0.4268 -0.3893
v  0.6764 6.1864 -7.9125
v  1.0075 -0.4860 0.4582
v  0.9590 -0.4657 0.4896
v  -1.3141 0.5437 -0.0595
# 3518 vertices

vn -0.2541 -0.4652 0.8480
vn -0.3643 -0.5719 0.7350
vn -0.3414 -0.5929 0.7293
vn -0.2584 -0.4615 0.8487
vn -0.3931 -0.5133 0.7629
vn -0.2756 -0.5046 0.8182
vn -0.3030 -0.5138 0.8026
vn -0.2979 -0.4899 0.8193
vn -0.3332 -0.5548 0.7623
vn -0.2908 -0.4858 0.8243
vn -0.2955 -0.4894 0.8205
vn -0.3090 -0.5247 0.7932
vn -0.3236 -0.5605 0.7623
vn -0.3453 -0.5751 0.7416
vn -0.3339 -0.5665 0.7534
vn -0.4430 -0.8295 0.3400
vn -0.2568 -0.9634 0.0768
vn -0.5145 -0.8569 -0.0319
vn -0.4955 -0.8067 0.3219
vn -0.4364 -0.8005 0.4107
vn -0.1891 -0.9500 0.2485
vn -0.5252 -0.8479 -0.0716
vn -0.4773 -0.8679 -0.1373
vn -0.5529 -0.8171 0.1634
vn -0.5159 -0.8069 0.2877
vn -0.4883 -0.7469 0.4513
vn -0.5130 -0.7231 0.4626
vn -0.5062 -0.6653 0.5488
vn -0.4483 -0.7112 0.5415
vn -0.4281 -0.7545 0.4974
vn -0.4733 -0.7866 0.3966
vn -0.5183 -0.7945 0.3165
vn -0.5232 -0.7819 0.3391
vn -0.5069 -0.7901 0.3447
vn -0.5246 -0.7477 0.4070
vn -0.5062 -0.7909 0.3439
vn -0.5553 -0.7136 0.4271
vn -0.5607 -0.6634 0.4955
vn -0.4870 -0.8115 0.3228
vn -0.4763 -0.8198 0.3179
vn -0.5094 -0.8483 0.1448
vn -0.5037 -0.8463 0.1731
vn -0.4458 -0.8816 0.1550
vn 0.4173 0.2201 -0.8817
vn 0.3705 0.2984 -0.8796
vn 0.0623 -0.5322 -0.8443
vn 0.0712 -0.5240 -0.8488
vn 0.1233 -0.5486 -0.8270
vn 0.3348 -0.0236 -0.9420
vn 0.5131 0.7305 -0.4506
vn 0.4623 0.8651 -0.1946
vn 0.3546 0.8998 -0.2543
vn 0.3813 0.5814 -0.7187
vn 0.4316 0.6196 -0.6555
vn 0.4145 0.6299 -0.6568
vn 0.4322 0.6597 -0.6148
vn 0.4563 0.6886 -0.5635
vn 0.3727 0.5563 -0.7427
vn 0.5138 0.6891 -0.5110
vn 0.5466 0.7478 -0.3769
vn 0.5868 0.7778 -0.2249
vn 0.5556 0.7156 -0.4234
vn 0.5571 0.7405 -0.3759
vn 0.6793 0.6453 -0.3495
vn 0.6621 0.6589 -0.3572
vn 0.5139 0.6687 -0.5374
vn 0.5820 0.6208 -0.5252
vn 0.4935 0.7385 -0.4595
vn 0.4922 0.7829 -0.3805
vn 0.4891 0.4738 -0.7323
vn 0.5707 0.3351 -0.7497
vn 0.6783 0.3926 -0.6211
vn 0.5770 0.5419 -0.6111
vn 0.5736 0.7801 0.2499
vn 0.5972 0.7930 0.1206
vn 0.6182 0.6999 0.3577
vn 0.5927 0.6722 0.4437
vn 0.5710 0.6702 0.4740
vn 0.5472 0.7509 0.3698
vn -0.6604 -0.5872 0.4681
vn -0.6952 -0.5007 0.5157
vn -0.4366 -0.4480 0.7802
vn -0.4288 -0.5179 0.7402
vn -0.3414 -0.5830 0.7373
vn -0.5489 -0.6710 0.4984
vn -0.6774 -0.6786 0.2838
vn -0.7464 -0.5795 0.3272
vn -0.7897 -0.4927 0.3655
vn -0.4785 -0.7711 0.4201
vn -0.3978 -0.8586 0.3233
vn -0.3738 -0.5747 0.7280
vn -0.4326 -0.6175 0.6569
vn -0.5996 -0.7018 0.3846
vn -0.6350 -0.7273 0.2605
vn -0.7332 -0.6202 0.2789
vn -0.8733 -0.4773 0.0972
vn -0.9493 -0.3133 -0.0261
vn -0.8314 -0.5405 0.1290
vn -0.5763 -0.6166 0.5363
vn -0.7183 -0.5736 0.3937
vn -0.2771 -0.5193 0.8084
vn -0.2410 -0.5531 0.7975
vn -0.3204 -0.5825 0.7470
vn -0.2915 -0.5579 0.7770
vn -0.3210 -0.5704 0.7560
vn -0.4361 -0.5832 0.6853
vn -0.2621 -0.5257 0.8093
vn -0.2731 -0.5014 0.8210
vn -0.0585 -0.9716 0.2292
vn 0.1020 -0.9454 0.3095
vn 0.1676 -0.9164 0.3636
vn -0.1348 -0.9229 0.3606
vn -0.3350 -0.8768 0.3449
vn -0.7875 -0.5640 0.2484
vn -0.7501 -0.6068 0.2631
vn -0.2069 -0.9064 0.3683
vn -0.9676 -0.2344 0.0938
vn -0.9947 -0.1024 0.0090
vn -0.9835 -0.1400 0.1142
vn -0.9760 -0.1806 0.1217
vn -0.2445 -0.8827 0.4012
vn 0.1660 -0.8762 0.4524
vn 0.1328 -0.8621 0.4891
vn -0.3235 -0.8362 0.4429
vn -0.0158 -0.8056 -0.5922
vn 0.4156 -0.3327 -0.8465
vn 0.6811 -0.5334 -0.5016
vn 0.2823 -0.9195 -0.2736
vn -0.3351 -0.9381 -0.0878
vn -0.0587 -0.9978 0.0310
vn -0.5385 -0.8073 -0.2414
vn -0.2460 -0.6655 -0.7047
vn 0.1736 -0.1506 -0.9732
vn -0.6774 -0.6221 -0.3927
vn -0.7157 -0.4134 -0.5629
vn -0.7331 -0.1082 -0.6714
vn -0.5273 -0.3884 -0.7557
vn -0.5037 0.2556 -0.8252
vn -0.1773 0.0877 -0.9802
vn 0.9488 -0.2201 -0.2264
vn 0.7243 -0.3517 -0.5930
vn 0.4773 -0.7471 -0.4626
vn 0.7730 -0.6175 -0.1455
vn 0.9257 -0.0725 -0.3713
vn 0.9521 0.2562 -0.1667
vn 0.9510 0.1688 -0.2590
vn 0.8983 0.2432 -0.3660
vn 0.6808 0.3933 -0.6179
vn 0.7013 0.1639 -0.6938
vn 0.8214 0.3313 -0.4642
vn 0.8900 0.1726 -0.4220
vn 0.6754 0.3107 -0.6688
vn 0.5812 0.5470 -0.6025
vn -0.4561 -0.8194 0.3472
vn -0.4826 -0.8419 0.2416
vn -0.6817 -0.7125 0.1662
vn -0.6901 -0.6642 0.2874
vn -0.6811 -0.6568 0.3235
vn -0.4409 -0.8189 0.3676
vn -0.1125 -0.9196 0.3765
vn -0.1940 -0.9246 0.3277
vn -0.2553 -0.9424 0.2163
vn -0.3922 -0.8939 0.2169
vn -0.3311 -0.9134 0.2368
vn -0.3305 -0.9158 0.2282
vn -0.7817 -0.6218 0.0475
vn -0.7374 -0.6669 0.1069
vn -0.6532 -0.7357 0.1790
vn 0.9786 0.1109 -0.1733
vn 0.9715 0.1546 -0.1796
vn 0.6519 0.6005 -0.4630
vn 0.6836 0.5611 -0.4667
vn 0.6541 0.7125 -0.2538
vn 0.9513 0.2998 -0.0718
vn 0.9970 0.0681 -0.0354
vn 0.9778 0.1277 -0.1662
vn 0.9751 0.1463 -0.1664
vn 0.0255 0.7736 -0.6332
vn 0.0294 0.8074 -0.5893
vn -0.4516 0.7056 -0.5460
vn -0.4638 0.6527 -0.5990
vn -0.4153 0.7722 -0.4809
vn 0.0870 0.8951 -0.4374
vn -0.6461 0.6109 -0.4576
vn -0.6616 0.5188 -0.5414
vn -0.4265 0.6755 -0.6015
vn -0.4942 0.6923 -0.5259
vn -0.6415 0.5917 -0.4882
vn -0.3510 0.7679 -0.5358
vn 0.4659 0.5736 -0.6737
vn 0.4397 0.6773 -0.5898
vn 0.6642 0.5456 -0.5110
vn 0.3504 0.7633 -0.5427
vn 0.2708 0.7010 -0.6598
vn 0.3001 0.7378 -0.6047
vn 0.1194 0.7357 -0.6667
vn 0.0465 0.8400 -0.5406
vn -0.2761 0.7990 -0.5342
vn -0.0440 0.7037 -0.7091
vn 0.1709 0.6567 -0.7346
vn 0.2356 0.7096 -0.6640
vn -0.6414 -0.5385 0.5465
vn -0.5770 -0.6211 0.5304
vn -0.3037 -0.5320 0.7904
vn -0.3609 -0.4447 0.8198
vn -0.7730 -0.5608 0.2967
vn -0.7458 -0.6195 0.2451
vn -0.7667 -0.5957 0.2393
vn -0.7627 -0.6220 0.1769
vn -0.7758 -0.5103 0.3711
vn -0.6903 -0.5732 0.4416
vn -0.6807 -0.6524 0.3333
vn -0.6856 -0.6705 0.2835
vn -0.5589 -0.6817 0.4722
vn -0.5611 -0.6996 0.4424
vn -0.5619 -0.6535 0.5072
vn -0.4927 -0.6608 0.5662
vn -0.4748 -0.6974 0.5368
vn -0.4802 -0.7263 0.4917
vn -0.4480 -0.7572 0.4754
vn -0.4518 -0.7762 0.4398
vn -0.4940 -0.7004 0.5151
vn -0.4928 -0.7300 0.4735
vn -0.4371 -0.7772 0.4526
vn -0.4377 -0.7842 0.4398
vn 0.4020 0.7829 -0.4748
vn 0.3631 0.2335 -0.9020
vn 0.2704 -0.1132 -0.9561
vn 0.4917 0.2619 -0.8305
vn 0.5971 0.5452 -0.5885
vn 0.4335 0.8070 -0.4011
vn 0.2901 0.8671 -0.4050
vn 0.3470 0.6830 -0.6427
vn 0.3667 0.1654 -0.9155
vn 0.4528 0.7553 -0.4738
vn 0.4580 0.7830 -0.4209
vn 0.3993 0.7399 -0.5413
vn 0.4308 0.6831 -0.5897
vn 0.5605 0.6327 -0.5343
vn 0.5218 0.7146 -0.4659
vn 0.5082 0.7410 -0.4390
vn 0.4725 0.7707 -0.4275
vn 0.4677 0.7815 -0.4129
vn 0.4984 0.6331 -0.5922
vn 0.3251 0.5372 -0.7783
vn 0.2856 0.5227 -0.8032
vn 0.4681 0.6279 -0.6218
vn 0.5299 0.6402 -0.5562
vn 0.5187 0.6530 -0.5519
vn 0.5212 0.6280 -0.5780
vn 0.5204 0.6161 -0.5913
vn 0.3536 0.5452 -0.7601
vn -0.3589 -0.8374 0.4123
vn -0.3874 -0.8386 0.3830
vn -0.5340 -0.7510 0.3884
vn -0.5406 -0.7319 0.4147
vn -0.5299 -0.7296 0.4323
vn -0.3539 -0.8235 0.4435
vn -0.2376 -0.8643 0.4434
vn -0.2852 -0.9018 0.3248
vn -0.3446 -0.9078 0.2392
vn 0.3885 0.5921 -0.7061
vn 0.7804 0.5960 -0.1892
vn 0.7582 0.6363 -0.1420
vn 0.3890 0.6180 -0.6832
vn 0.3844 0.5506 -0.7410
vn 0.7858 0.5863 -0.1970
vn -0.3643 0.4559 -0.8121
vn -0.2222 0.6293 -0.7447
vn -0.1470 0.7045 -0.6943
vn -0.3027 0.5543 -0.7753
vn -0.5100 0.2083 -0.8346
vn -0.1579 0.0458 -0.9864
vn -0.0841 0.4012 -0.9121
vn -0.0531 0.6033 -0.7958
vn -0.9160 -0.4000 0.0311
vn -0.9001 -0.4345 0.0329
vn -0.9651 -0.2619 -0.0030
vn -0.8590 -0.4861 0.1604
vn -0.8795 -0.4679 0.0865
vn -0.8839 -0.4654 0.0463
vn -0.1697 0.6695 -0.7231
vn 0.0869 0.6895 -0.7191
vn -0.1897 0.5831 -0.7900
vn -0.0865 0.6026 -0.7934
vn -0.2371 0.7869 -0.5698
vn 0.0654 0.8010 -0.5951
vn 0.3955 0.6388 -0.6600
vn 0.2429 0.5119 -0.8240
vn 0.1751 0.5333 -0.8276
vn 0.2655 0.6826 -0.6809
vn 0.3019 0.7377 -0.6039
vn 0.4567 0.6792 -0.5745
vn -0.5638 -0.5248 0.6377
vn -0.6095 -0.5186 0.5996
vn -0.8498 -0.4749 0.2287
vn -0.8298 -0.4901 0.2669
vn -0.3069 -0.4941 0.8134
vn -0.3172 -0.5092 0.8001
vn -0.5860 -0.5892 0.5563
vn -0.8034 -0.5515 0.2243
vn -0.3029 -0.5353 0.7885
vn -0.9274 -0.3731 -0.0250
vn -0.9043 -0.4268 -0.0116
vn -0.8569 -0.5125 0.0548
vn -0.9516 -0.3026 -0.0538
vn -0.8362 -0.5408 0.0905
vn -0.7458 -0.6398 0.1856
vn -0.9313 -0.3432 0.1221
vn -0.7038 -0.6453 0.2969
vn -0.5268 -0.7651 0.3704
vn -0.8151 -0.5224 0.2505
vn -0.5683 -0.7181 0.4016
vn -0.4731 -0.7607 0.4445
vn -0.7765 -0.5296 0.3414
vn -0.5084 -0.7792 0.3666
vn -0.5470 -0.7493 0.3733
vn -0.8542 -0.4023 0.3295
vn -0.9568 -0.0918 0.2758
vn -0.9397 -0.2126 0.2679
vn -0.4368 -0.8020 0.4075
vn -0.3974 -0.8262 0.3992
vn 0.2467 0.3505 -0.9035
vn 0.3544 0.3727 -0.8576
vn 0.3168 0.5169 -0.7953
vn 0.2268 0.5417 -0.8094
vn 0.1993 -0.0749 -0.9771
vn 0.2917 -0.1218 -0.9487
vn 0.3259 0.3880 -0.8621
vn 0.3037 0.7248 -0.6184
vn 0.2803 -0.1530 -0.9476
vn 0.0906 0.8305 -0.5495
vn 0.0314 0.8470 -0.5307
vn 0.1672 0.8530 -0.4944
vn 0.3467 0.8288 -0.4392
vn 0.3386 0.8124 -0.4747
vn 0.3396 0.8041 -0.4880
vn 0.3998 0.8002 -0.4470
vn 0.4058 0.8121 -0.4193
vn 0.3797 0.8092 -0.4483
vn 0.1929 0.6907 -0.6970
vn -0.0042 0.6009 -0.7993
vn 0.1555 0.7795 -0.6068
vn 0.3777 0.6242 -0.6839
vn 0.7198 0.6899 -0.0774
vn 0.7079 0.7055 -0.0344
vn 0.3601 0.6342 -0.6842
vn 0.2345 -0.7106 -0.6634
vn 0.0195 -0.9320 -0.3620
vn -0.2979 -0.7752 -0.5571
vn -0.1535 -0.6873 -0.7100
vn -0.0752 -0.6421 -0.7629
vn 0.3062 -0.6003 -0.7388
vn 0.6151 -0.5271 -0.5863
vn 0.6146 -0.6685 -0.4187
vn 0.4041 -0.8795 -0.2512
vn 0.2505 0.3553 0.9006
vn -0.1175 0.4974 0.8595
vn -0.2672 0.3793 0.8859
vn -0.1181 0.0807 0.9897
vn 0.1959 -0.3711 0.9077
vn 0.7151 -0.1221 0.6882
vn 0.9180 0.0437 0.3941
vn 0.4449 0.4281 0.7867
vn -0.0088 0.5530 0.8331
vn -0.4151 0.5101 0.7533
vn -0.7008 0.4489 0.5545
vn -0.7140 0.3092 0.6282
vn -0.4912 0.3068 0.8152
vn -0.3763 0.5753 0.7263
vn -0.6642 0.4928 0.5622
vn -0.5745 -0.6156 -0.5395
vn -0.4903 -0.5651 -0.6635
vn -0.6363 -0.7218 -0.2722
vn -0.8905 -0.4457 0.0912
vn -0.9332 -0.3176 -0.1679
vn -0.9414 -0.2150 -0.2600
vn 0.2837 -0.6524 -0.7028
vn -0.1523 -0.6947 -0.7030
vn -0.3242 -0.9227 -0.2088
vn 0.1557 -0.8933 -0.4217
vn 0.5300 -0.7472 -0.4011
vn 0.6056 -0.5429 -0.5818
vn 0.8034 -0.4519 -0.3878
vn 0.9855 -0.0937 0.1412
vn 0.8957 -0.3804 -0.2301
vn 0.7464 -0.5984 -0.2911
vn 0.9798 -0.1917 -0.0564
vn 0.6751 0.4259 0.6024
vn 0.1241 0.6871 0.7159
vn 0.8774 0.4207 0.2308
vn 0.3591 0.8664 0.3470
vn -0.3383 0.7128 0.6144
vn -0.6396 0.6078 0.4706
vn -0.1884 0.9276 0.3225
vn -0.5684 0.7784 0.2666
vn -0.8926 0.3512 0.2829
vn -0.9201 0.2755 0.2784
vn -0.8308 0.5176 0.2045
vn -0.9858 0.1092 0.1277
vn -0.9847 -0.1704 -0.0361
vn -0.5877 -0.6456 -0.4876
vn -0.8257 -0.5639 0.0157
vn -0.0135 -0.9987 0.0495
vn -0.4992 -0.8613 0.0947
vn -0.6010 -0.7836 0.1575
vn -0.1672 -0.9807 0.1011
vn 0.3682 -0.9258 0.0853
vn 0.4432 -0.8953 -0.0446
vn 0.7590 -0.6371 -0.1343
vn 0.8182 -0.5744 -0.0268
vn 0.9691 -0.1451 -0.1994
vn 0.9574 -0.2272 -0.1783
vn 0.9177 0.3657 -0.1554
vn 0.5192 0.8493 -0.0950
vn 0.9046 0.3326 -0.2665
vn 0.6390 0.7507 -0.1678
vn -0.0080 0.9999 0.0076
vn -0.4653 0.8794 0.1012
vn 0.1240 0.9922 0.0116
vn -0.4350 0.8916 0.1260
vn -0.9629 0.2264 0.1468
vn -0.7907 0.5932 0.1514
vn -0.7907 0.5899 0.1637
vn -0.9472 0.2386 0.2142
vn -0.9295 -0.3451 0.1299
vn -0.9347 -0.2740 0.2264
vn 0.5206 -0.8483 -0.0970
vn 0.3014 -0.9525 0.0440
vn 0.2867 -0.9575 -0.0330
vn 0.4619 -0.8620 -0.2089
vn 0.7675 -0.4861 -0.4180
vn 0.8500 -0.4112 -0.3293
vn 0.9302 -0.3245 -0.1715
vn 0.7315 -0.6544 0.1916
vn 0.4337 -0.8396 0.3271
vn -0.1269 -0.9326 0.3380
vn -0.6156 -0.4053 0.6758
vn -0.4652 -0.3818 0.7986
vn 0.0323 -0.9484 0.3155
vn 0.4817 -0.8631 -0.1517
vn 0.3349 -0.9377 -0.0925
vn -0.2014 -0.9229 0.3283
vn -0.6966 -0.4277 0.5760
vn -0.7971 0.0145 0.6036
vn -0.7524 0.5643 0.3398
vn -0.6715 0.5522 0.4941
vn -0.6756 0.1858 0.7135
vn -0.7954 -0.0861 0.5999
vn -0.8057 0.4454 0.3905
vn -0.5134 0.8425 0.1630
vn -0.4733 0.7943 0.3808
vn -0.5432 0.8337 0.0992
vn -0.1910 0.9765 -0.0995
vn -0.1613 0.9860 -0.0417
vn -0.1491 0.9860 0.0742
vn 0.2494 0.9185 -0.3068
vn 0.2434 0.9269 -0.2857
vn 0.2459 0.9063 -0.3437
vn 0.6691 0.5304 -0.5205
vn 0.6140 0.6257 -0.4812
vn 0.6064 0.5895 -0.5336
vn 0.8229 0.0152 -0.5679
vn 0.6534 -0.5920 -0.4718
vn 0.5355 -0.7114 -0.4551
vn 0.7948 -0.1641 -0.5843
vn 0.8585 0.0371 -0.5115
vn 0.4178 -0.8686 -0.2664
vn 0.4857 -0.8016 -0.3486
vn 0.8109 -0.5850 -0.0106
vn 0.2683 -0.9628 0.0317
vn 0.2618 -0.9604 0.0950
vn 0.7948 -0.6068 0.0096
vn 0.9985 -0.0479 -0.0249
vn 0.9897 -0.0734 -0.1226
vn 0.9338 0.3381 -0.1169
vn 0.9292 0.3688 -0.0251
vn 0.6477 0.7600 -0.0534
vn 0.6757 0.7354 -0.0511
vn 0.1210 0.9913 0.0516
vn -0.4904 0.8618 0.1295
vn 0.0784 0.9968 0.0123
vn -0.5393 0.8363 0.0990
vn -0.8069 0.5621 0.1816
vn -0.9296 0.2541 0.2671
vn -0.8196 0.5471 0.1700
vn -0.9163 0.2647 0.3005
vn -0.9077 -0.2226 0.3558
vn -0.8538 -0.1417 0.5009
vn -0.4741 -0.6543 0.5892
vn -0.5900 -0.7193 0.3669
vn -0.2132 -0.9589 0.1874
vn -0.0853 -0.9220 0.3777
vn 0.8784 -0.4632 0.1177
vn 0.9992 0.0388 0.0080
vn 0.3650 -0.8099 0.4592
vn 0.2267 -0.3750 0.8989
vn 0.8104 -0.0538 0.5834
vn 0.9384 0.2698 0.2159
vn -0.5454 0.2257 0.8072
vn -0.1979 -0.4143 0.8884
vn -0.5890 0.5321 0.6082
vn -0.3411 0.5362 0.7721
vn -0.3639 0.2589 0.8947
vn 0.2178 -0.2900 0.9319
vn 0.2969 0.7102 0.6383
vn 0.1782 0.9648 0.1936
vn 0.4500 0.8922 0.0388
vn 0.7670 0.5946 0.2412
vn 0.4071 0.5124 0.7561
vn -0.1617 0.7971 0.5819
vn -0.0134 0.9999 0.0075
vn 0.8939 0.4483 -0.0035
vn 0.6007 0.7962 -0.0723
vn -0.4535 0.7661 0.4554
vn -0.1946 0.9805 0.0282
vn 0.0598 0.9937 -0.0944
vn -0.5414 0.8407 0.0102
vn 0.1210 0.9829 -0.1391
vn -0.4896 0.8709 -0.0427
vn -0.8145 0.5616 0.1455
vn -0.8706 0.3235 0.3707
vn -0.7501 0.6424 0.1573
vn -0.8085 0.3993 0.4324
vn 0.1313 -0.0872 0.9875
vn 0.0909 0.4029 0.9107
vn 0.0848 0.9262 -0.3675
vn 0.4374 0.6663 -0.6039
vn 0.2669 0.7630 -0.5887
vn 0.0385 0.9358 -0.3503
vn 0.5360 0.5071 -0.6749
vn 0.8180 0.1418 -0.5575
vn 0.4547 0.5105 -0.7298
vn 0.1718 0.6972 -0.6960
vn 0.0830 0.8713 -0.4837
vn 0.2363 0.8318 -0.5022
vn 0.6324 0.1064 -0.7673
vn 0.7932 -0.4095 -0.4508
vn 0.7667 -0.1488 -0.6245
vn 0.6778 -0.6554 -0.3332
vn 0.9087 -0.3591 -0.2128
vn 0.7433 -0.6186 -0.2546
vn 0.7500 -0.6613 -0.0164
vn 0.9499 -0.2988 0.0915
vn 0.3916 -0.7698 0.5040
vn 0.6551 -0.4696 0.5919
vn 0.7099 -0.3445 0.6143
vn 0.9464 -0.1239 0.2982
vn 0.3371 -0.3134 0.8878
vn 0.3551 -0.3097 0.8820
vn 0.6730 -0.3090 0.6721
vn 0.9033 -0.1500 0.4020
vn 0.6498 -0.3234 0.6878
vn 0.8736 -0.2233 0.4325
vn 0.3946 -0.3729 0.8398
vn 0.4235 -0.4168 0.8043
vn 0.6530 -0.3646 0.6639
vn 0.8762 -0.2536 0.4099
vn -0.1162 -0.4599 0.8803
vn 0.4127 -0.4670 0.7821
vn 0.2578 -0.3881 0.8848
vn -0.1613 -0.3514 0.9222
vn 0.0816 -0.3869 0.9185
vn -0.0596 -0.5272 0.8476
vn 0.2758 -0.4623 0.8427
vn 0.8864 -0.2618 0.3818
vn 0.8746 -0.1616 0.4572
vn 0.8958 -0.2165 0.3881
vn 0.8613 -0.1715 0.4782
vn 0.7651 -0.2661 0.5864
vn 0.3224 -0.3591 0.8759
vn 0.5101 -0.2392 0.8262
vn 0.6867 -0.2308 0.6893
vn 0.9624 0.0016 0.2717
vn 0.9801 0.1592 -0.1183
vn 1.0000 0.0056 -0.0054
vn 0.9861 -0.1340 0.0984
vn 0.9269 -0.3446 0.1490
vn 0.8337 -0.4984 0.2376
vn 0.5733 -0.3962 0.7172
vn 0.6656 -0.4228 0.6150
vn 0.1968 -0.4182 0.8868
vn 0.8903 -0.2351 -0.3899
vn 0.7992 -0.4909 -0.3468
vn 0.9199 0.0014 -0.3921
vn 0.7231 0.0885 -0.6851
vn 0.6491 -0.0979 -0.7544
vn 0.5583 -0.3485 -0.7529
vn 0.8264 0.4642 -0.3187
vn 0.9443 0.1269 -0.3036
vn 0.6525 0.7516 0.0965
vn 0.5968 0.7475 -0.2917
vn 0.6147 0.5517 -0.5637
vn 0.6497 0.4709 -0.5968
vn 0.9820 0.0079 -0.1888
vn 0.9966 0.0363 0.0744
vn 0.5660 0.6421 0.5171
vn 0.7595 0.6365 0.1338
vn -0.0523 0.9219 0.3838
vn 0.2690 0.9012 0.3398
vn 0.1816 0.9759 0.1214
vn -0.1170 0.9914 0.0587
vn 0.9540 0.0904 0.2857
vn 0.2780 0.0798 0.9573
vn 0.0093 -0.0518 0.9986
vn 0.2015 -0.2050 0.9578
vn -0.0482 0.3028 0.9518
vn -0.2012 0.5912 0.7810
vn -0.4529 0.7972 0.3992
vn -0.4051 0.8379 0.3658
vn -0.5323 0.8456 0.0395
vn -0.4078 0.9120 0.0454
vn 0.5528 -0.2937 0.7798
vn 0.4894 -0.2247 0.8426
vn 0.7511 -0.5686 0.3355
vn 0.6839 -0.5447 0.4853
vn 0.4192 -0.1384 0.8973
vn 0.3793 0.2888 0.8791
vn 0.0477 0.6313 0.7741
vn -0.0057 0.4311 0.9023
vn 0.6581 -0.3843 0.6475
vn 0.6595 -0.0387 0.7507
vn 0.2016 -0.3177 -0.9265
vn 0.3881 -0.1183 -0.9140
vn 0.5765 -0.4844 -0.6580
vn 0.4876 -0.5781 -0.6543
vn 0.2255 -0.1782 -0.9578
vn 0.0306 0.1659 -0.9857
vn -0.1036 0.1672 -0.9805
vn 0.0853 0.2808 -0.9560
vn 0.6991 -0.6700 -0.2499
vn 0.7141 -0.6806 -0.1636
vn -0.3192 0.6998 -0.6391
vn 0.0031 0.7134 -0.7008
vn -0.3851 0.7051 -0.5955
vn -0.4501 0.8922 -0.0370
vn -0.1719 0.9575 -0.2317
vn 0.9010 -0.4224 -0.0990
vn 0.6722 -0.1357 -0.7279
vn 0.6976 0.3713 -0.6128
vn 0.9363 0.3263 0.1301
vn -0.4371 0.8106 0.3897
vn -0.2116 0.9153 0.3428
vn 0.3363 0.8811 0.3325
vn 0.3183 0.8101 -0.4924
vn 0.4127 0.3636 -0.8351
vn 0.6856 0.7279 -0.0053
vn 0.7959 0.6025 -0.0592
vn 0.7440 0.6232 0.2410
vn 0.6784 0.6826 0.2716
vn 0.8276 0.5552 -0.0820
vn 0.7879 0.6065 -0.1065
vn 0.7575 0.5986 0.2606
vn 0.7694 0.5895 0.2461
vn 0.7649 0.6081 0.2125
vn 0.7462 0.6322 0.2088
vn 0.7544 0.6192 0.2178
vn 0.8173 0.5726 0.0650
vn 0.7998 0.5964 0.0676
vn 0.7817 0.6158 0.0990
vn 0.7301 0.6262 0.2735
vn 0.7090 0.6910 -0.1406
vn 0.6089 0.7665 -0.2040
vn 0.7061 0.6540 0.2715
vn 0.7514 0.6344 0.1814
vn 0.7579 0.6503 0.0524
vn 0.7019 0.6828 0.2029
vn 0.6527 0.7522 0.0902
vn 0.7013 0.6682 0.2484
vn 0.5583 0.7825 -0.2756
vn 0.4904 0.7888 -0.3705
vn 0.6970 0.6897 0.1963
vn 0.6784 0.6833 0.2699
vn 0.6773 0.6653 0.3141
vn 0.6656 0.7366 0.1198
vn 0.6422 0.7584 0.1116
vn 0.3024 0.6458 -0.7011
vn 0.6886 0.7246 -0.0273
vn 0.6694 0.7429 0.0077
vn 0.2982 0.7125 -0.6351
vn 0.3784 0.7796 -0.4991
vn 0.6798 0.7246 0.1134
vn 0.6857 0.6558 0.3159
vn 0.7159 0.6361 0.2880
vn 0.7019 0.6952 0.1550
vn 0.6809 0.7187 0.1406
vn 0.7133 0.6707 0.2034
vn 0.6832 0.6998 0.2088
vn 0.7366 0.6661 0.1171
vn 0.6693 0.5962 0.4434
vn 0.6139 0.6242 0.4833
vn 0.6640 0.7115 0.2301
vn 0.5150 0.6506 0.5581
vn 0.6258 0.7566 0.1897
vn 0.2201 0.0416 0.9746
vn -0.2209 -0.4377 0.8716
vn -0.2067 -0.4107 0.8880
vn 0.1609 0.0329 0.9864
vn -0.2718 -0.4043 0.8733
vn 0.0273 -0.0008 0.9996
vn 0.7742 0.6038 0.1899
vn 0.7511 0.6422 0.1529
vn 0.6499 0.5354 0.5394
vn 0.6776 0.4535 0.5789
vn 0.2410 -0.0772 0.9675
vn -0.1409 -0.4676 0.8726
vn 0.3081 0.0226 0.9511
vn -0.0267 -0.4248 0.9049
vn 0.7501 0.6096 0.2563
vn 0.5714 0.5064 0.6458
vn 0.6329 0.4939 0.5963
vn 0.7945 0.5687 0.2129
vn -0.2464 -0.5930 0.7666
vn -0.2503 -0.6073 0.7540
vn -0.2670 -0.4883 0.8308
vn -0.2626 -0.4747 0.8400
vn -0.1922 -0.6089 0.7696
vn -0.2968 -0.6423 0.7067
vn -0.2693 -0.5611 0.7827
vn -0.3365 -0.6413 0.6896
vn -0.2943 -0.5107 0.8078
vn 0.0010 -0.2557 0.9668
vn 0.3154 0.1537 0.9364
vn 0.2525 0.2284 0.9403
vn -0.0283 -0.1532 0.9878
vn -0.1630 -0.4644 0.8705
vn -0.2075 -0.4421 0.8726
vn -0.3856 -0.6238 0.6799
vn -0.3558 -0.5918 0.7234
vn -0.4503 -0.5280 0.7200
vn -0.4364 -0.5597 0.7045
vn 0.7052 0.6457 0.2928
vn 0.5418 0.4774 0.6918
vn 0.6948 0.6701 0.2612
vn 0.5396 0.4491 0.7122
vn -0.2313 -0.4104 0.8821
vn -0.2649 -0.3898 0.8820
vn -0.0108 -0.1218 0.9925
vn -0.0020 -0.1143 0.9934
vn 0.2342 0.2197 0.9470
vn 0.2742 0.1642 0.9475
vn 0.6658 0.7057 0.2423
vn 0.5203 0.4734 0.7107
vn 0.6126 0.7508 0.2472
vn 0.4884 0.5231 0.6985
vn 0.2548 0.1604 0.9536
vn 0.2000 0.1976 0.9597
vn -0.1087 -0.0534 0.9926
vn -0.0464 -0.0900 0.9949
vn -0.3637 -0.3315 0.8706
vn -0.5083 -0.4521 0.7329
vn -0.4154 -0.2632 0.8707
vn -0.4623 -0.3893 0.7967
vn -0.3935 -0.5151 0.7615
vn -0.3336 -0.4776 0.8128
vn 0.1404 0.2549 0.9567
vn 0.1413 0.2489 0.9582
vn -0.2041 -0.0320 0.9784
vn -0.1684 -0.0045 0.9857
vn 0.4710 0.5670 0.6757
vn 0.4889 0.5442 0.6818
vn 0.5918 0.7652 0.2535
vn 0.6360 0.7171 0.2851
vn -0.3731 -0.1252 0.9193
vn -0.4332 -0.2153 0.8752
vn 0.7592 0.6041 0.2422
vn 0.7252 0.6550 0.2121
vn 0.7870 0.5701 0.2357
vn 0.6576 0.5052 0.5589
vn -0.2718 -0.4591 0.8458
vn -0.2015 -0.4431 0.8735
vn -0.3309 -0.3680 0.8689
vn -0.1972 -0.3490 0.9161
vn 0.6707 0.6422 0.3712
vn 0.5204 0.4561 0.7219
vn -0.3230 -0.2386 0.9158
vn -0.1758 -0.2649 0.9481
vn -0.1194 -0.0777 0.9898
vn -0.0007 -0.1123 0.9937
vn 0.2198 0.1852 0.9578
vn 0.3242 0.1825 0.9282
vn 0.7977 0.5504 0.2463
vn 0.6778 0.4525 0.5796
vn 0.8085 0.5294 0.2571
vn 0.6909 0.4176 0.5901
vn -0.1254 -0.4249 0.8965
vn -0.0701 -0.3701 0.9264
vn -0.0832 -0.3243 0.9423
vn -0.0136 -0.2595 0.9656
vn -0.0768 -0.2578 0.9631
vn -0.0347 -0.1992 0.9793
vn 0.0757 -0.0971 0.9924
vn 0.0980 -0.0589 0.9934
vn 0.3898 0.1861 0.9019
vn 0.4072 0.1847 0.8945
vn 0.8059 0.5154 0.2912
vn 0.6882 0.4007 0.6048
vn 0.8144 0.4713 0.3387
vn 0.6541 0.3943 0.6455
vn -0.0433 -0.2677 0.9625
vn -0.0523 -0.2643 0.9630
vn 0.0564 -0.1608 0.9854
vn 0.1434 -0.1191 0.9825
vn 0.0154 -0.1495 0.9886
vn 0.1260 -0.1044 0.9865
vn 0.1113 -0.0507 0.9925
vn 0.1600 -0.0463 0.9860
vn 0.3971 0.1710 0.9017
vn 0.3621 0.1399 0.9216
vn -0.0340 -0.4187 0.9075
vn -0.0538 -0.3182 0.9465
vn 0.1880 -0.1481 0.9709
vn 0.2609 -0.1929 0.9459
vn -0.0341 -0.4397 0.8975
vn 0.0744 -0.7579 0.6481
vn -0.2853 -0.6298 0.7225
vn -0.3024 -0.4517 0.8394
vn -0.1460 -0.3599 0.9215
vn -0.3237 -0.3828 0.8653
vn -0.2639 -0.4068 0.8746
vn -0.0968 -0.4653 0.8798
vn -0.0987 -0.2955 0.9502
vn -0.7662 -0.1717 0.6193
vn -0.6968 -0.2121 0.6851
vn 0.0184 -0.2505 0.9679
vn 0.1109 0.2406 0.9643
vn 0.5513 0.7461 0.3735
vn 0.7137 0.4672 0.5219
vn -0.0366 -0.0683 0.9970
vn -0.3748 -0.2940 0.8793
vn -0.2045 -0.0181 0.9787
vn 0.1892 0.5028 0.8434
vn 0.3111 0.9176 0.2474
vn 0.1119 0.6099 0.7845
vn 0.0121 0.9397 0.3418
vn -0.0776 0.2228 0.9718
vn -0.0065 0.3009 0.9536
vn 0.1182 0.5155 0.8487
vn -0.2166 0.7093 0.6708
vn -0.8127 -0.3657 0.4536
vn -0.7544 -0.5299 0.3875
vn -0.6261 -0.5354 0.5668
vn -0.6870 -0.4031 0.6045
vn -0.7792 -0.2789 0.5614
vn -0.8439 -0.1050 0.5262
vn -0.7175 -0.2797 0.6379
vn -0.7664 -0.3534 0.5364
vn -0.7496 -0.4593 0.4765
vn -0.6473 -0.7154 0.2631
vn -0.3786 -0.8424 0.3835
vn -0.4578 -0.7879 0.4119
vn -0.6951 -0.6616 0.2811
vn -0.7426 -0.6111 0.2742
vn -0.7110 -0.6433 0.2839
vn -0.6568 -0.7244 0.2095
vn -0.5699 -0.7836 0.2474
vn -0.3184 -0.8701 0.3762
vn -0.4880 -0.8383 0.2431
vn -0.2591 -0.8798 0.3986
vn -0.6089 -0.7845 0.1177
vn -0.6130 -0.7854 0.0856
vn -0.4883 -0.8372 0.2463
vn -0.2326 -0.8458 0.4802
vn -0.1098 -0.8528 0.5106
vn 0.2456 -0.7817 0.5733
vn 0.1334 -0.7672 0.6274
vn -0.1775 -0.8205 0.5435
vn -0.0209 -0.8684 0.4955
vn 0.4498 -0.7014 0.5530
vn 0.6929 -0.5347 0.4837
vn 0.9794 -0.0755 0.1872
vn 0.9398 -0.0678 0.3350
vn 0.5415 -0.5570 0.6297
vn 0.8779 -0.3434 0.3337
vn 0.9917 -0.0690 0.1086
vn 0.0680 -0.8288 0.5554
vn 0.6796 -0.4037 0.6125
vn 0.1298 -0.6973 0.7050
vn 0.5781 -0.1603 0.8000
vn 0.0074 -0.5543 0.8323
vn 0.2961 -0.3054 0.9050
vn -0.2241 -0.7084 0.6693
vn 0.9076 0.4151 0.0631
vn 0.8771 0.4803 -0.0044
vn 0.8158 0.5780 0.0187
vn 0.8819 0.4190 0.2161
vn 0.7492 -0.0321 0.6616
vn 0.8485 -0.0694 0.5246
vn 0.9283 0.3673 -0.0573
vn 0.9493 0.3114 -0.0423
vn 0.2695 -0.0418 0.9621
vn 0.4103 -0.0315 0.9114
vn 0.2913 0.0313 0.9561
vn 0.4217 0.0002 0.9067
vn 0.8543 0.3153 0.4132
vn 0.5254 -0.0897 0.8461
vn 0.5756 0.1646 0.8010
vn 0.8526 0.3230 0.4109
vn 0.7711 0.5790 -0.2650
vn 0.7541 0.5713 -0.3238
vn 0.3758 0.1083 0.9203
vn 0.4082 -0.0366 0.9122
vn 0.9571 0.0646 0.2826
vn 0.9325 0.3219 -0.1638
vn 0.6823 -0.2970 0.6680
vn 0.5067 0.0052 0.8621
vn 0.7064 0.5202 0.4800
vn 0.4006 0.0646 0.9140
vn 0.5313 0.3327 0.7791
vn 0.9175 0.0678 0.3918
vn 0.9447 0.3276 -0.0164
vn 0.9508 0.2877 -0.1147
vn 0.9559 0.2916 0.0357
vn -0.2312 -0.3261 0.9166
vn 0.0471 -0.4435 0.8950
vn 0.1230 -0.6345 0.7630
vn 0.4640 -0.2980 0.8342
vn 0.9104 -0.1562 0.3832
vn 0.4336 -0.3601 0.8260
vn -0.0724 -0.2735 0.9591
vn -0.0564 -0.3463 0.9364
vn -0.0029 -0.2004 0.9797
vn 0.1204 -0.2986 0.9467
vn -0.0768 -0.3573 0.9308
vn -0.2130 -0.3533 0.9109
vn 0.2333 -0.4416 0.8664
vn 0.3280 -0.3241 0.8874
vn 0.1073 -0.3609 0.9264
vn 0.3873 -0.1431 0.9108
vn -0.2061 -0.9003 0.3834
vn -0.0902 -0.7149 0.6934
vn -0.6687 -0.3280 0.6673
vn -0.7199 -0.3932 0.5720
vn 0.9123 0.0884 -0.3999
vn 0.7571 0.5481 -0.3555
vn 0.8141 0.5793 -0.0406
vn 0.9897 0.0939 -0.1083
vn -0.5046 0.8192 0.2726
vn -0.1939 0.8127 0.5495
vn 0.0810 0.9892 0.1222
vn -0.0814 0.9954 -0.0500
vn -0.7692 0.3228 0.5515
vn -0.5244 0.3133 0.7917
vn -0.7579 -0.1331 0.6386
vn -0.6287 -0.1306 0.7666
vn 0.3479 0.9197 -0.1822
vn 0.4509 0.8880 0.0903
vn 0.3559 0.7679 0.5325
vn 0.1114 0.3301 0.9373
vn 0.6476 0.1867 0.7388
vn 0.7978 0.4409 0.4111
vn -0.0934 -0.3029 0.9484
vn 0.5955 -0.4282 0.6798
vn 0.9390 -0.1459 0.3115
vn -0.5923 -0.5022 0.6301
vn -0.3558 -0.9257 0.1286
vn 0.4011 -0.8379 0.3701
vn 0.8413 -0.5329 0.0911
vn -0.6070 -0.0296 0.7941
vn -0.8963 -0.0674 0.4384
vn -0.9477 0.1579 0.2774
vn 0.9117 0.0669 0.4053
vn 0.4571 -0.5513 0.6979
vn 0.3343 -0.5580 0.7595
vn 0.8710 0.1471 0.4687
vn -0.0411 -0.5749 0.8172
vn 0.4429 -0.5053 0.7407
vn -0.1453 -0.4926 0.8580
vn 0.0147 -0.5874 0.8092
vn -0.0127 -0.6865 0.7270
vn 0.4029 -0.5834 0.7052
vn 0.1681 -0.7302 0.6623
vn 0.3350 -0.6411 0.6905
vn 0.3783 -0.6685 0.6403
vn 0.0455 -0.7138 0.6988
vn 0.0107 -0.7289 0.6846
vn 0.3846 -0.6505 0.6549
vn 0.1675 -0.6247 0.7627
vn -0.0988 -0.3865 0.9170
vn -0.0348 -0.3541 0.9346
vn 0.1651 -0.3330 0.9284
vn 0.2702 -0.3443 0.8991
vn -0.1098 -0.3904 0.9141
vn 0.4837 -0.5087 0.7122
vn 0.1168 -0.5697 0.8135
vn 0.6673 -0.4617 0.5844
vn 0.7377 -0.2916 0.6089
vn 0.8645 -0.2994 0.4037
vn 0.6791 -0.4442 0.5844
vn 0.0415 -0.2855 0.9575
vn 0.7914 -0.2036 0.5763
vn 0.8979 -0.2446 0.3661
vn 0.6676 -0.3979 0.6292
vn -0.6091 -0.5946 0.5248
vn -0.7008 -0.5780 0.4181
vn -0.6402 -0.5233 0.5625
vn -0.7241 -0.4475 0.5248
vn -0.6881 -0.5005 0.5254
vn -0.6386 -0.5860 0.4989
vn -0.5486 -0.6872 0.4762
vn -0.6397 -0.6834 0.3517
vn 0.1350 -0.1054 0.9852
vn 0.2892 -0.1548 0.9447
vn 0.8246 0.2486 0.5082
vn 0.8951 0.1617 0.4155
vn 0.4802 -0.2599 0.8377
vn 0.6668 -0.1977 0.7186
vn 0.9321 0.2193 0.2883
vn 0.8807 0.4527 0.1391
vn 0.8283 -0.0294 0.5596
vn 0.8228 0.5671 0.0386
vn 0.9093 0.3915 0.1413
vn 0.8704 0.4566 0.1841
vn 0.9394 0.3048 0.1569
vn 0.8052 0.0224 0.5925
vn 0.7630 0.1027 0.6382
vn 0.7440 0.1162 0.6580
vn 0.7272 0.0510 0.6845
vn 0.8594 0.4433 0.2549
vn -0.6832 -0.6747 0.2793
vn -0.5681 -0.7095 0.4170
vn -0.5763 -0.6745 0.4614
vn -0.6831 -0.6705 0.2895
vn -0.6282 -0.7160 0.3045
vn -0.5903 -0.7554 0.2846
vn -0.6772 -0.6895 0.2569
vn -0.5613 -0.7177 0.4121
vn 0.4327 -0.3152 0.8447
vn 0.0140 -0.5901 0.8072
vn 0.0252 -0.6626 0.7486
vn 0.4268 -0.4087 0.8067
vn 0.4265 -0.2307 0.8746
vn -0.0033 -0.5095 0.8605
vn -0.5890 -0.6228 0.5150
vn -0.7069 -0.6265 0.3284
vn 0.4182 -0.2192 0.8815
vn 0.4275 -0.3103 0.8491
vn 0.0074 -0.4749 0.8800
vn 0.0043 -0.4594 0.8882
vn -0.2589 -0.7780 0.5724
vn 0.0558 -0.7213 0.6903
vn -0.3204 -0.7503 0.5783
vn -0.5442 -0.7179 0.4341
vn -0.3506 -0.6991 0.6232
vn -0.3708 -0.6401 0.6729
vn 0.4515 -0.5027 0.7372
vn -0.3674 -0.6144 0.6983
vn -0.3866 -0.5531 0.7380
vn 0.3736 0.5179 -0.7696
vn 0.3429 0.5431 -0.7665
vn 0.3014 0.5451 -0.7823
vn 0.3384 0.5637 -0.7535
vn 0.5235 0.6046 -0.6003
vn 0.5340 0.6181 -0.5769
vn 0.5602 0.5905 -0.5809
vn 0.5246 0.6112 -0.5927
vn 0.5263 0.6292 -0.5719
vn 0.2578 0.5647 -0.7840
vn 0.6023 0.5595 -0.5693
vn 0.6413 0.5418 -0.5434
vn 0.5449 0.6256 -0.5583
vn 0.2551 0.5519 -0.7939
vn 0.6147 0.6693 -0.4174
vn 0.6469 0.6512 -0.3967
vn 0.6782 0.5790 -0.4526
vn 0.7208 0.5669 -0.3990
vn 0.7113 0.6063 -0.3555
vn 0.7005 0.5968 -0.3914
vn 0.3910 -0.1203 -0.9125
vn 0.6354 0.3486 -0.6890
vn 0.1444 -0.3812 -0.9131
vn -0.0066 -0.5143 -0.8576
vn 0.4157 -0.0209 -0.9093
vn 0.6447 0.4157 -0.6415
vn -0.6368 -0.6519 0.4116
vn -0.6390 -0.6768 0.3655
vn -0.7025 -0.6172 0.3543
vn -0.6687 -0.6160 0.4164
vn -0.6826 -0.6004 0.4166
vn -0.6289 -0.6457 0.4330
vn -0.5655 -0.6380 0.5227
vn -0.6155 -0.6107 0.4982
vn -0.6515 -0.5800 0.4891
vn -0.5848 -0.6418 0.4960
vn -0.5263 -0.6289 0.5723
vn -0.5480 -0.6140 0.5680
vn -0.7404 -0.5663 0.3620
vn -0.6917 -0.6561 0.3018
vn -0.6147 -0.6255 0.4806
vn -0.6626 -0.5555 0.5024
vn -0.5638 -0.6144 0.5519
vn -0.5504 -0.5998 0.5808
vn -0.5538 -0.5985 0.5789
vn -0.5760 -0.5861 0.5699
vn -0.5956 -0.5814 0.5544
vn -0.5734 -0.5960 0.5622
vn -0.5943 -0.6626 0.4558
vn -0.6403 -0.6046 0.4738
vn -0.6619 -0.7314 0.1640
vn -0.4269 -0.7640 0.4837
vn -0.5049 -0.8191 0.2723
vn -0.7088 -0.7035 -0.0521
vn -0.7040 -0.6733 0.2261
vn -0.7395 -0.6618 0.1228
vn -0.6818 -0.5644 0.4654
vn -0.4239 -0.7988 0.4269
vn -0.3761 -0.7911 0.4823
vn -0.4088 -0.7742 0.4833
vn -0.7282 -0.4208 0.5411
vn -0.9035 -0.0860 0.4199
vn -0.9537 0.0785 0.2904
vn -0.9051 -0.2668 0.3312
vn -0.6282 -0.7139 0.3093
vn -0.5060 -0.6602 0.5550
vn -0.4288 -0.7351 0.5251
vn -0.3992 -0.7515 0.5252
vn -0.4721 -0.6850 0.5548
vn -0.6462 -0.4951 0.5808
vn -0.7117 -0.3992 0.5780
vn -0.3643 -0.8483 0.3844
vn -0.6349 -0.6464 0.4233
vn -0.6589 -0.5704 0.4904
vn -0.3508 -0.8357 0.4225
vn -0.4806 -0.7641 0.4303
vn -0.2447 -0.8925 0.3788
vn -0.2353 -0.8899 0.3908
vn -0.2959 -0.8832 0.3638
vn -0.4146 -0.8210 0.3924
vn 0.7736 0.3445 -0.5319
vn 0.8267 0.2603 -0.4988
vn 0.8484 0.3549 -0.3928
vn 0.8041 0.4154 -0.4253
vn 0.4829 0.7837 -0.3907
vn 0.4530 0.7227 -0.5220
vn 0.3787 0.7254 -0.5748
vn 0.7433 0.2805 -0.6073
vn 0.8632 0.0104 -0.5047
vn 0.7143 0.4216 -0.5586
vn 0.5195 0.3329 -0.7870
vn 0.6619 0.5361 -0.5240
vn 0.8525 0.1634 -0.4966
vn 0.8917 -0.0593 -0.4488
vn 0.7014 -0.0264 -0.7122
vn -0.0117 0.9076 -0.4196
vn 0.2231 0.8129 -0.5380
vn 0.2203 0.8300 -0.5124
vn 0.2483 0.8184 -0.5183
vn 0.3358 0.7777 -0.5315
vn 0.1088 0.8913 -0.4401
vn 0.0193 0.8953 -0.4451
vn -0.1826 0.8746 -0.4492
vn 0.0994 0.8071 -0.5820
vn 0.8794 0.0237 -0.4755
vn 0.7845 0.0585 -0.6174
vn 0.8342 0.1764 -0.5225
vn 0.2649 0.8390 -0.4753
vn 0.5141 0.6463 -0.5639
vn 0.7087 0.3715 -0.5998
vn 0.1297 0.8651 -0.4846
vn 0.4056 0.6562 -0.6363
vn 0.0203 0.9055 -0.4238
vn 0.3196 0.5292 -0.7860
vn 0.6628 0.4951 -0.5618
vn 0.2111 0.4655 -0.8595
vn 0.5920 0.4477 -0.6702
vn 0.3136 0.4339 -0.8446
vn 0.1644 0.2325 -0.9586
vn 0.3066 0.5016 -0.8089
vn 0.4387 0.4094 -0.7999
vn 0.3490 0.4930 -0.7969
vn 0.5629 0.3972 -0.7248
vn 0.5420 0.4062 -0.7357
vn 0.3401 0.5871 -0.7346
vn 0.3588 0.5370 -0.7635
vn 0.2852 0.5479 -0.7864
vn 0.9031 0.1572 -0.3997
vn 0.8690 0.2427 -0.4312
vn 0.7305 0.3176 -0.6046
vn 0.7371 0.2347 -0.6338
vn 0.8061 0.4179 -0.4190
vn 0.7278 0.3843 -0.5680
vn 0.2416 0.9189 -0.3117
vn 0.2722 0.7578 -0.5930
vn -0.0705 0.9194 -0.3870
vn 0.2060 0.6652 -0.7177
vn 0.6932 0.4209 -0.5851
vn 0.5858 0.5000 -0.6378
vn 0.5567 0.4120 -0.7213
vn 0.6581 0.3427 -0.6704
vn 0.2025 0.6339 -0.7465
vn 0.4695 0.4513 -0.7589
vn 0.3679 0.5682 -0.7360
vn 0.3729 0.5439 -0.7518
vn 0.2926 0.6014 -0.7434
vn 0.6182 0.2480 -0.7459
vn 0.5530 0.2742 -0.7868
vn 0.4460 0.1093 -0.8883
vn 0.1000 0.4445 -0.8902
vn -0.4012 0.7786 -0.4826
vn 0.3494 0.6157 -0.7063
vn 0.3725 0.5921 -0.7146
vn 0.6751 0.0487 -0.7361
vn 0.5521 0.2962 -0.7794
vn 0.5618 0.3465 -0.7512
vn 0.7010 0.1036 -0.7056
vn 0.7302 0.0714 -0.6794
vn 0.6508 -0.2222 -0.7260
vn 0.6934 -0.2805 -0.6637
vn 0.6819 -0.0473 -0.7300
vn 0.4735 0.2280 -0.8508
vn 0.5582 -0.4660 -0.6865
vn 0.6785 -0.4139 -0.6068
vn 0.5293 -0.3011 -0.7932
vn 0.3848 -0.5893 -0.7104
vn 0.5208 -0.6220 -0.5847
vn 0.5784 -0.6119 -0.5394
vn 0.5735 -0.3112 -0.7578
vn 0.4031 -0.5926 -0.6974
vn 0.0191 -0.4101 -0.9118
vn 0.2609 -0.0322 -0.9648
vn -0.4752 0.3613 -0.8023
vn -0.2017 0.4937 -0.8459
vn 0.1433 0.3976 -0.9063
vn -0.1327 0.1648 -0.9774
vn -0.4117 -0.1818 -0.8930
vn -0.7593 0.0921 -0.6442
vn 0.1164 -0.8339 -0.5395
vn 0.3218 -0.8714 -0.3702
vn 0.1595 -0.9519 -0.2616
vn -0.0551 -0.9627 -0.2650
vn -0.3029 -0.9073 -0.2917
vn -0.2279 -0.7081 -0.6683
vn -0.5625 -0.5261 -0.6378
vn -0.8719 -0.2848 -0.3984
vn -0.5559 -0.7886 -0.2627
vn -0.8222 -0.5578 -0.1138
vn -0.8588 -0.5123 0.0055
vn -0.6057 -0.7905 -0.0914
vn -0.3746 -0.9136 -0.1583
vn -0.2457 -0.9673 0.0630
vn -0.6021 -0.7943 0.0805
vn -0.9164 -0.3954 0.0620
vn -0.8559 -0.0680 0.5126
vn -0.8310 -0.1806 0.5262
vn -0.7760 -0.2986 0.5555
vn -0.8780 0.0512 0.4759
vn -0.8152 -0.2003 0.5434
vn -0.8450 -0.1532 0.5124
vn -0.5664 -0.6044 0.5603
vn -0.3215 -0.8237 0.4671
vn -0.5741 -0.5847 0.5731
vn -0.6158 -0.5571 0.5572
vn -0.5852 -0.6687 0.4586
vn -0.2153 -0.9340 0.2850
vn -0.6020 -0.7898 0.1170
vn -0.5320 -0.8461 0.0341
vn -0.9136 -0.0484 0.4038
vn -0.8620 -0.2986 0.4095
vn -0.6545 -0.5993 0.4610
vn -0.4077 -0.8024 0.4358
vn -0.5531 -0.7022 0.4484
vn -0.4318 -0.8270 0.3600
vn -0.7130 -0.6072 0.3506
vn -0.8997 -0.3029 0.3144
vn -0.2268 -0.8759 0.4258
vn -0.3721 -0.8981 0.2345
vn -0.2074 -0.9129 0.3516
vn -0.0734 -0.9369 0.3418
vn -0.1960 -0.8615 0.4683
vn 0.0502 -0.9282 0.3686
vn 0.0464 -0.9685 0.2445
vn 0.0507 -0.9603 0.2744
vn 0.0822 -0.9796 0.1835
vn -0.2788 -0.9459 0.1659
vn -0.5794 -0.8150 0.0007
vn -0.1685 -0.9401 0.2963
vn -0.6392 -0.7673 0.0523
vn -0.5751 -0.8160 0.0584
vn -0.0652 -0.8948 0.4416
vn -0.5402 -0.8125 0.2192
vn -0.6084 -0.7168 0.3407
vn 0.0454 -0.9623 0.2682
vn -0.2844 -0.8073 0.5170
vn -0.6953 -0.6693 0.2620
vn -0.6785 -0.7004 0.2216
vn -0.4885 -0.7630 0.4233
vn -0.5408 -0.7278 0.4218
vn -0.4445 -0.8360 0.3217
vn -0.4515 -0.8082 0.3781
vn -0.7713 -0.5657 0.2918
vn -0.8698 -0.4622 0.1726
vn -0.7146 -0.6684 0.2064
vn -0.5977 -0.7956 0.0990
vn -0.9317 -0.3287 0.1547
vn -0.6810 -0.7234 0.1143
vn -0.4236 -0.8604 0.2833
vn -0.3426 -0.9257 0.1603
vn -0.3384 -0.9339 0.1155
vn -0.5116 -0.8307 0.2195
vn -0.4095 -0.8514 0.3277
vn -0.3827 -0.8973 0.2198
vn -0.3547 -0.9341 0.0397
vn -0.4587 -0.8855 0.0736
vn -0.4692 -0.8459 0.2535
vn -0.4875 -0.8219 0.2947
vn -0.5868 -0.7146 0.3808
vn -0.4356 -0.8753 0.2102
vn -0.6728 -0.5525 0.4920
vn -0.6153 -0.5968 0.5150
vn -0.5082 -0.7874 0.3488
vn -0.3355 -0.9321 0.1366
vn -0.3251 -0.9453 0.0266
vn -0.3321 -0.9404 0.0725
vn -0.1535 -0.9881 -0.0089
vn -0.1752 -0.9841 0.0286
vn -0.3167 -0.9481 0.0284
vn -0.3683 -0.9146 0.1670
vn -0.0942 -0.9954 0.0194
vn -0.2782 -0.9307 0.2373
vn -0.5324 -0.6734 0.5130
vn -0.5951 -0.5862 0.5498
vn -0.3440 -0.9033 0.2563
vn -0.1141 -0.9933 0.0169
vn -0.4227 -0.7600 0.4936
vn -0.4038 -0.8096 0.4261
vn -0.4056 -0.8125 0.4187
vn -0.4604 -0.7394 0.4913
vn -0.4399 -0.7978 0.4123
vn -0.4913 -0.7293 0.4762
vn -0.4488 -0.8208 0.3535
vn -0.4635 -0.7809 0.4188
vn -0.2751 -0.9476 0.1626
vn -0.2609 -0.9480 0.1822
vn -0.4526 -0.8089 0.3753
vn -0.3367 -0.8269 0.4504
vn -0.2235 -0.9648 0.1389
vn -0.2346 -0.9680 0.0896
vn -0.5680 -0.5662 0.5973
vn -0.4094 -0.5596 0.7206
vn -0.4337 -0.7308 0.5271
vn -0.4817 -0.6879 0.5429
vn -0.4832 -0.6595 0.5758
vn -0.4072 -0.7404 0.5349
vn -0.5199 -0.6720 0.5274
vn -0.5231 -0.6317 0.5721
vn -0.4652 -0.7727 0.4318
vn -0.4637 -0.7478 0.4752
vn -0.2702 -0.9489 0.1633
vn -0.2955 -0.9276 0.2287
vn -0.1026 -0.9823 0.1566
vn -0.2022 -0.9547 0.2183
vn -0.0832 -0.9808 0.1766
vn -0.1563 -0.9541 0.2556
vn -0.4161 -0.7546 0.5074
vn -0.4177 -0.8174 0.3968
vn -0.4682 -0.7824 0.4107
vn -0.0835 -0.9913 0.1022
vn -0.2440 -0.9568 0.1580
vn -0.5539 -0.6961 0.4568
vn -0.4191 -0.7769 0.4699
vn -0.5671 -0.7375 0.3666
vn -0.6393 -0.6766 0.3655
vn -0.6839 -0.5027 0.5288
vn -0.6243 -0.4576 0.6332
vn 0.7588 0.2761 -0.5900
vn 0.6115 0.3832 -0.6923
vn 0.5965 0.4213 -0.6832
vn 0.6722 0.3354 -0.6600
vn 0.5276 0.6397 -0.5589
vn 0.7193 0.4634 -0.5176
vn 0.4329 0.7116 -0.5534
vn 0.6192 0.2582 -0.7415
vn 0.6100 0.2726 -0.7440
vn 0.5314 0.3901 -0.7520
vn 0.5691 0.1738 -0.8037
vn 0.4737 0.6356 -0.6096
vn 0.4406 0.6701 -0.5973
vn 0.5020 0.4588 -0.7331
vn 0.5540 0.2028 -0.8074
vn 0.3613 0.7372 -0.5710
vn 0.3963 0.7198 -0.5699
vn 0.4964 0.6352 -0.5917
vn 0.4184 0.6694 -0.6139
vn 0.4913 0.6548 -0.5743
vn 0.4315 0.7533 -0.4964
vn 0.5867 0.1335 -0.7987
vn 0.5503 0.3810 -0.7430
vn 0.5814 0.4586 -0.6720
vn 0.5795 0.4081 -0.7054
vn 0.5982 -0.0317 -0.8007
vn 0.6082 0.1155 -0.7853
vn 0.4977 0.5576 -0.6644
vn 0.5491 0.4538 -0.7018
vn 0.5447 0.5587 -0.6254
vn 0.3869 0.5774 -0.7190
vn 0.4313 0.5031 -0.7489
vn 0.5383 0.3726 -0.7559
vn 0.5599 0.4772 -0.6774
vn 0.4681 0.6670 -0.5796
vn 0.3308 0.7495 -0.5735
vn 0.1602 0.8184 -0.5519
vn 0.2923 0.6422 -0.7086
vn 0.1008 0.6070 -0.7883
vn -0.0798 0.7478 -0.6591
vn -0.2850 0.7495 -0.5976
vn -0.2069 0.6478 -0.7332
vn 0.0246 0.6325 -0.7742
vn 0.3470 0.5761 -0.7401
vn 0.0559 0.7765 -0.6276
vn 0.5362 0.4859 -0.6903
vn 0.6398 0.1615 -0.7514
vn 0.4284 0.7138 -0.5541
vn 0.2887 0.5818 -0.7604
vn -0.1040 0.6273 -0.7718
vn 0.1000 0.6274 -0.7722
vn 0.4550 0.5494 -0.7008
vn -0.0969 0.6072 -0.7886
vn 0.1251 0.3537 -0.9270
vn 0.3379 0.1472 -0.9296
vn -0.0170 0.6609 -0.7503
vn -0.1596 0.6628 -0.7316
vn 0.0449 0.6901 -0.7224
vn 0.2350 0.6605 -0.7131
vn 0.5273 0.5000 -0.6870
vn 0.4518 0.2971 -0.8412
vn 0.1796 0.6171 -0.7661
vn 0.4040 0.6119 -0.6800
vn 0.6378 -0.0146 -0.7701
vn 0.6065 -0.0371 -0.7942
vn 0.5891 0.1365 -0.7964
vn 0.2932 0.8770 -0.3807
vn 0.2709 0.9138 -0.3026
vn 0.1396 0.9867 -0.0836
vn 0.0638 0.9679 -0.2432
vn 0.0893 0.9942 -0.0598
vn 0.2298 0.9462 -0.2278
vn 0.1117 0.9827 -0.1476
vn 0.1577 0.9673 -0.1984
vn 0.2516 0.9148 -0.3160
vn 0.3763 0.7754 -0.5071
vn 0.3270 0.8429 -0.4274
vn 0.2013 0.9583 -0.2027
vn 0.3306 0.8414 -0.4274
vn 0.3760 0.7831 -0.4953
vn 0.1933 0.9695 -0.1510
vn 0.4053 0.9040 -0.1357
vn 0.2050 0.9785 0.0208
vn 0.1819 0.9734 -0.1391
vn 0.4024 0.8262 -0.3943
vn 0.3817 0.8770 -0.2917
vn 0.3829 0.8436 -0.3765
vn 0.4181 0.7927 -0.4436
vn 0.3012 0.9498 -0.0850
vn 0.3109 0.9475 -0.0747
vn 0.1963 0.9804 -0.0160
vn 0.2531 0.9667 -0.0373
vn 0.1923 0.9774 -0.0876
vn 0.2493 0.9619 -0.1120
vn 0.3498 0.9214 -0.1692
vn 0.4079 0.8873 -0.2152
vn 0.4658 0.8600 -0.2082
vn -0.6560 -0.4906 0.5736
vn -0.6889 -0.4008 0.6040
vn -0.6457 -0.4941 0.5822
vn -0.6556 -0.4988 0.5670
vn -0.5816 -0.4863 0.6522
vn -0.5835 -0.5096 0.6324
vn -0.5802 -0.4735 0.6628
vn -0.6654 -0.3350 0.6671
vn -0.6570 -0.2689 0.7043
vn -0.5607 -0.4923 0.6658
vn -0.4936 -0.5305 0.6892
vn -0.4611 -0.4527 0.7632
vn -0.7141 -0.4290 0.5532
vn -0.6792 -0.4030 0.6134
vn -0.7469 -0.3404 0.5712
vn -0.7132 -0.2487 0.6553
vn -0.6553 -0.3906 0.6465
vn -0.6941 -0.1902 0.6943
vn -0.7975 -0.2915 0.5282
vn -0.7306 -0.0166 0.6826
vn -0.7308 -0.4920 0.4731
vn -0.7184 -0.6069 0.3401
vn -0.8558 -0.2693 0.4418
vn -0.7355 -0.0698 0.6740
vn -0.6402 -0.5055 0.5784
vn -0.5908 -0.5874 0.5531
vn -0.6836 -0.1619 0.7117
vn -0.6278 -0.4092 0.6621
vn -0.5310 -0.6131 0.5849
vn -0.6199 -0.3639 0.6952
vn -0.7341 -0.6785 0.0268
vn -0.8270 -0.4642 0.3173
vn -0.5698 -0.7785 0.2631
vn -0.6656 -0.5234 0.5319
vn 0.3060 0.9068 -0.2899
vn 0.0904 0.9889 -0.1179
vn 0.3626 0.7785 -0.5123
vn 0.4244 0.6921 -0.5838
vn 0.3978 0.8026 -0.4444
vn 0.0353 0.9321 -0.3604
vn -0.2268 0.9365 -0.2674
vn 0.0749 0.8592 -0.5061
vn 0.1393 0.8469 -0.5132
vn -0.2273 0.9239 -0.3079
vn -0.1808 0.9077 -0.3788
vn -0.2153 0.9313 -0.2937
vn -0.1296 0.9530 -0.2737
vn -0.0016 0.8576 -0.5143
vn -0.1391 -0.6488 -0.7481
vn -0.0707 -0.8122 -0.5791
vn -0.5669 -0.8073 -0.1640
vn -0.6517 -0.6551 -0.3824
vn -0.8590 -0.4732 0.1957
vn -0.9317 -0.3600 -0.0492
vn -0.9146 -0.2322 -0.3310
vn -0.6973 -0.3545 -0.6229
vn -0.2550 -0.4234 -0.8693
vn -0.0160 0.8008 -0.5987
vn -0.1269 0.6049 -0.7861
vn -0.5797 0.6842 -0.4426
vn -0.5880 0.7936 -0.1565
vn -0.5684 0.8222 -0.0310
vn -0.0058 0.8896 -0.4566
vn 0.4354 0.4535 -0.7777
vn 0.4269 0.4358 -0.7923
vn 0.2698 0.4324 -0.8604
vn -0.8368 0.5472 0.0171
vn -0.9526 0.2942 0.0771
vn -0.9383 0.1720 0.3000
vn -0.8353 0.5294 0.1485
vn -0.7982 0.4463 -0.4047
vn -0.9006 0.2431 -0.3603
vn -0.3838 0.1677 -0.9081
vn -0.2710 0.3635 -0.8913
vn 0.3221 0.2027 -0.9248
vn 0.2931 0.0800 -0.9527
vn -0.9426 -0.0029 -0.3338
vn -0.9964 -0.0296 0.0789
vn -0.9329 -0.1160 0.3409
vn -0.5861 -0.0597 -0.8080
vn 0.0668 -0.1331 -0.9888
vn 0.3156 -0.2945 -0.9020
vn 0.3674 -0.4407 -0.8190
vn 0.5035 0.0559 -0.8622
vn 0.5146 0.0205 -0.8572
vn 0.5398 0.1833 -0.8216
vn 0.5635 0.1973 -0.8022
vn 0.4775 0.8617 -0.1717
vn 0.4542 0.8894 0.0520
vn 0.4487 0.8897 0.0846
vn 0.5064 0.8477 -0.1579
vn 0.5338 0.6872 -0.4928
vn 0.4878 0.6792 -0.5484
vn 0.4455 0.5033 -0.7404
vn 0.5099 0.7741 -0.3751
vn 0.5123 0.8553 -0.0773
vn 0.3929 0.8745 0.2843
vn 0.3887 0.8660 0.3145
vn 0.4701 0.8599 0.1989
vn 0.3222 0.7441 0.5852
vn 0.2498 0.7626 0.5966
vn 0.2636 0.7405 0.6182
vn 0.5774 0.7886 -0.2116
vn 0.5266 0.8466 0.0774
vn 0.3595 0.9330 -0.0161
vn 0.3109 0.9231 -0.2262
vn 0.1850 0.9301 -0.3174
vn 0.5480 0.6472 -0.5299
vn 0.4628 0.8276 0.3177
vn 0.3092 0.9270 0.2124
vn 0.3186 0.6895 0.6504
vn 0.1887 0.7483 0.6359
vn -0.2355 0.9223 -0.3065
vn -0.1440 0.8945 -0.4232
vn 0.1667 0.8897 -0.4250
vn -0.3148 0.9268 -0.2049
vn -0.2179 0.8415 -0.4943
vn -0.2715 0.8790 0.3919
vn -0.0464 0.4238 0.9046
vn -0.4215 0.4743 0.7729
vn -0.5877 0.2713 0.7623
vn -0.7078 0.6946 0.1286
vn -0.6235 -0.0182 0.7816
vn -0.7831 0.5249 0.3334
vn -0.0070 0.6838 -0.7296
vn 0.0868 0.7401 -0.6669
vn -0.1568 0.7316 -0.6635
vn 0.0377 0.7970 -0.6028
vn -0.6723 0.7190 0.1762
vn -0.3405 0.9346 -0.1025
vn -0.2198 0.9494 -0.2243
vn -0.6526 0.7554 0.0589
vn -0.3582 0.9332 -0.0277
vn -0.2319 0.9727 0.0101
vn -0.7175 0.6960 -0.0286
vn -0.5501 0.8029 -0.2296
vn 0.1328 0.9231 -0.3609
vn 0.0934 0.9747 -0.2030
vn -0.0092 0.9241 -0.3821
vn 0.1213 0.9867 -0.1079
vn -0.5193 0.8312 -0.1984
vn -0.7632 0.6402 -0.0875
vn -0.6844 0.7264 -0.0631
vn -0.3030 0.8603 -0.4100
vn -0.1697 0.9827 0.0745
vn 0.1294 0.3567 0.9252
vn 0.1745 0.4219 0.8897
vn 0.1314 0.2882 0.9485
vn 0.0052 0.2876 0.9577
vn -0.3712 -0.5914 0.7159
vn -0.5208 -0.6928 0.4987
vn -0.5987 -0.7071 0.3764
vn -0.5088 -0.6067 0.6108
vn -0.6385 -0.1688 0.7509
vn -0.4972 -0.1411 0.8561
vn -0.0045 -0.3007 0.9537
vn -0.3201 -0.5180 0.7932
vn -0.3138 -0.2518 0.9155
vn -0.5013 -0.5480 0.6696
vn 0.0222 -0.0161 0.9996
vn -0.7074 0.1707 0.6859
vn 0.0011 0.0946 0.9955
vn -0.6041 -0.7386 0.2992
vn -0.5691 -0.8132 0.1220
vn -0.5337 -0.8439 -0.0548
vn -0.6249 -0.7807 -0.0015
vn 0.1503 0.4617 0.8742
vn 0.0021 0.3426 0.9395
vn 0.0716 0.5048 0.8603
vn -0.0920 0.3042 0.9482
vn -0.1702 0.1757 0.9696
vn -0.4200 -0.2167 0.8813
vn -0.2880 0.0729 0.9549
vn -0.5091 -0.2730 0.8162
vn -0.5605 -0.5520 0.6174
vn -0.6062 -0.5810 0.5431
vn 0.0518 0.5144 0.8560
vn -0.1397 0.2371 0.9614
vn 0.1064 0.4791 0.8713
vn -0.1202 0.1552 0.9805
vn -0.5750 -0.6673 0.4735
vn -0.5262 -0.7115 0.4657
vn -0.5367 -0.7867 0.3050
vn -0.5762 -0.7905 0.2074
vn -0.4783 -0.3691 0.7969
vn -0.4321 -0.4136 0.8014
vn -0.3382 -0.0919 0.9366
vn -0.3040 -0.1395 0.9424
vn 0.2012 0.4866 0.8502
vn -0.0797 0.1474 0.9859
vn 0.4307 0.7340 0.5251
vn 0.4669 0.7302 0.4988
vn 0.2343 0.4450 0.8643
vn -0.0548 0.0881 0.9946
vn -0.4882 -0.6969 0.5253
vn -0.3978 -0.5977 0.6961
vn -0.4182 -0.8179 0.3952
vn -0.4955 -0.8074 0.3204
vn -0.3907 -0.3753 0.8405
vn -0.3355 -0.2896 0.8964
vn -0.2641 -0.1151 0.9576
vn -0.2464 -0.1209 0.9616
vn 0.2433 0.7430 0.6235
vn 0.2553 0.7893 0.5584
vn 0.0594 0.5661 0.8222
vn 0.0782 0.5832 0.8085
vn -0.0278 0.5206 0.8533
vn 0.1326 0.7601 0.6361
vn 0.3325 0.8932 0.3028
vn 0.4229 0.8487 0.3176
vn 0.4037 0.8892 0.2155
vn -0.3721 -0.1839 0.9098
vn -0.3801 -0.1871 0.9058
vn -0.1845 0.2141 0.9592
vn -0.1432 0.2476 0.9582
vn -0.1953 0.2243 0.9548
vn -0.4157 -0.1865 0.8902
vn -0.5115 -0.6470 0.5655
vn -0.5617 -0.6047 0.5646
vn -0.5541 -0.7582 0.3437
vn -0.5258 -0.7704 0.3606
vn -0.5296 -0.7226 0.4443
vn -0.4954 -0.6378 0.5898
vn 0.9698 0.1973 -0.1437
vn 0.9877 0.1274 -0.0912
vn 0.9720 0.2150 -0.0943
vn 0.9676 0.2228 -0.1185
vn 0.7981 0.5468 -0.2529
vn 0.6904 0.6413 -0.3348
vn -0.5340 0.7781 -0.3308
vn 0.0503 0.9141 -0.4023
vn 0.2751 0.8914 -0.3603
vn -0.4601 0.8447 -0.2735
vn -0.6563 0.6895 -0.3064
vn -0.5625 0.7990 -0.2126
vn -0.2360 0.9413 -0.2412
vn -0.2853 0.8867 -0.3639
vn 0.6866 0.5525 -0.4727
vn 0.8413 0.3424 -0.4184
vn 0.7386 0.4936 -0.4591
vn 0.6699 0.5930 -0.4466
vn 0.7556 0.5276 -0.3881
vn 0.7246 0.5759 -0.3785
vn 0.7106 0.5534 -0.4345
vn 0.6900 0.5290 -0.4940
vn -0.6418 -0.1331 -0.7552
vn -0.4064 -0.3724 -0.8344
vn -0.7268 -0.4877 -0.4836
vn -0.6439 -0.6711 -0.3675
vn 0.3953 -0.9180 0.0318
vn -0.0066 -0.9887 0.1500
vn 0.2735 -0.9302 -0.2447
vn 0.0021 -0.9998 0.0211
vn -0.0419 -0.5479 -0.8355
vn -0.3517 -0.8223 -0.4474
vn -0.1579 -0.9471 -0.2793
vn 0.0978 -0.6598 -0.7451
vn 0.3290 -0.8180 -0.4718
vn 0.1635 -0.9445 -0.2848
vn 0.1301 -0.8753 -0.4658
vn -0.0219 -0.9998 0.0020
vn -0.0426 -0.9186 -0.3929
vn 0.3081 -0.5944 -0.7428
vn 0.1397 -0.5578 -0.8181
vn -0.2565 -0.8961 -0.3623
vn -0.4885 -0.8404 0.2347
vn -0.3128 -0.9369 0.1561
vn -0.0484 -0.9761 -0.2119
vn 0.0907 -0.9948 0.0456
vn -0.9974 -0.0706 -0.0151
vn -0.9854 -0.1547 0.0716
vn -0.8888 -0.2348 -0.3936
vn -0.9036 0.1258 -0.4095
vn -0.5310 0.8460 -0.0481
vn -0.4131 0.8859 -0.2108
vn 0.1207 0.9315 -0.3432
vn 0.0291 0.9275 -0.3726
vn 0.5416 0.5289 -0.6534
vn 0.4666 0.4926 -0.7346
vn -0.8895 0.4520 0.0672
vn -0.9791 -0.0012 0.2034
vn -0.9763 -0.2046 -0.0703
vn -0.9025 0.3598 -0.2366
vn 0.2655 -0.4984 -0.8253
vn 0.0452 -0.3470 -0.9368
vn -0.3332 -0.8260 -0.4546
vn -0.0692 -0.8804 -0.4692
vn 0.4879 0.0095 -0.8728
vn 0.5120 0.1527 -0.8453
vn 0.5994 0.2053 -0.7736
vn 0.6534 0.2348 -0.7197
vn 0.2828 0.6004 -0.7480
vn 0.2350 0.4997 -0.8337
vn -0.1680 0.5016 -0.8486
vn -0.0316 0.6776 -0.7347
vn -0.6020 0.2894 -0.7442
vn -0.5056 0.2150 -0.8356
vn -0.4440 -0.8295 0.3389
vn -0.3582 -0.8147 0.4560
vn -0.4833 -0.6829 0.5478
vn -0.5890 -0.7272 0.3525
vn -0.6025 -0.6954 0.3917
vn -0.5055 -0.7716 0.3863
vn -0.6724 -0.5965 0.4383
vn -0.5836 -0.5138 0.6288
vn -0.6640 -0.6571 0.3569
vn 0.5094 0.6075 -0.6095
vn 0.5955 0.5850 -0.5506
vn 0.5536 0.5499 -0.6254
vn 0.4913 0.5808 -0.6491
vn 0.4291 0.5816 -0.6911
vn 0.4451 0.6306 -0.6358
vn 0.4507 0.7288 -0.5155
vn 0.5452 0.6985 -0.4635
vn 0.6811 0.6639 -0.3087
vn -0.6866 -0.6418 0.3416
vn -0.6816 -0.6736 0.2859
vn -0.5633 -0.7604 0.3232
vn -0.5730 -0.7203 0.3910
vn -0.6626 -0.7268 0.1810
vn -0.5391 -0.8108 0.2280
vn -0.0438 -0.7163 -0.6965
vn -0.0788 -0.7628 -0.6419
vn -0.1399 -0.8637 -0.4842
vn -0.1137 -0.8073 -0.5790
vn -0.0708 -0.7963 -0.6008
vn 0.0203 -0.7224 -0.6911
vn 0.3718 -0.3525 -0.8588
vn 0.0146 -0.7555 -0.6550
vn -0.1562 -0.8491 -0.5045
vn -0.1925 -0.8789 -0.4364
vn 0.0183 -0.7712 -0.6364
vn 0.4002 -0.3940 -0.8274
vn 0.0955 -0.8274 -0.5534
vn -0.1449 -0.9544 -0.2610
vn 0.2953 -0.6324 -0.7161
vn 0.7192 -0.0739 -0.6908
vn 0.7132 0.3255 -0.6208
vn 0.8288 0.4436 -0.3412
vn 0.6963 0.5949 -0.4017
vn 0.6075 0.3614 -0.7073
vn 0.5564 0.6901 -0.4628
vn 0.9352 0.3034 -0.1826
vn 0.8640 0.4173 -0.2816
vn 0.8753 0.4647 -0.1339
vn 0.9309 0.3467 -0.1149
vn 0.8767 0.3534 -0.3264
vn 0.7996 0.4318 -0.4173
vn 0.7533 0.5148 -0.4093
vn 0.6719 0.5026 -0.5440
vn 0.7979 0.5766 -0.1758
vn -0.4679 -0.8249 -0.3172
vn -0.6415 -0.7653 0.0521
vn -0.0841 -0.5604 -0.8239
vn -0.3603 -0.7387 -0.5696
vn -0.6079 -0.7710 -0.1896
vn 0.7010 0.5521 -0.4515
vn 0.7226 0.5130 -0.4633
vn 0.6204 0.6355 -0.4595
vn 0.6143 0.6744 -0.4097
vn 0.6602 0.5757 -0.4823
vn 0.6973 0.4895 -0.5236
vn 0.7256 0.5240 -0.4461
vn 0.7171 0.5846 -0.3795
vn 0.7310 0.4623 -0.5020
vn -0.0532 -0.5178 -0.8538
vn -0.4074 -0.7599 -0.5065
vn 0.0358 -0.4433 -0.8957
vn -0.2942 -0.8231 -0.4858
vn 0.1631 -0.6606 -0.7329
vn -0.0752 -0.9916 -0.1048
vn -0.0242 -0.9358 -0.3518
vn 0.2171 -0.4844 -0.8475
vn 0.1040 -0.5682 -0.8163
vn -0.1625 -0.9152 -0.3689
vn 0.4583 0.7019 -0.5453
vn 0.3307 0.7526 -0.5694
vn 0.2865 0.8658 -0.4103
vn 0.4830 0.7871 -0.3837
vn -0.7322 -0.4630 0.4996
vn -0.5182 -0.6912 0.5038
vn -0.5854 -0.6614 0.4689
vn -0.6935 -0.5545 0.4601
vn -0.8206 -0.3872 0.4203
vn -0.6300 -0.6408 0.4387
vn 0.0425 0.5177 -0.8545
vn 0.4124 0.3782 -0.8288
vn 0.1606 0.7325 -0.6615
vn 0.5323 0.6524 -0.5395
vn 0.6861 0.1681 -0.7078
vn 0.7942 0.4841 -0.3673
vn -0.6740 -0.7221 -0.1556
vn -0.6778 -0.7310 -0.0789
vn -0.5131 -0.8581 -0.0185
vn -0.4920 -0.8657 -0.0926
vn -0.2636 -0.9615 0.0779
vn -0.1282 -0.9917 0.0044
vn 0.3263 0.8203 -0.4697
vn 0.3016 0.8661 -0.3986
vn 0.2049 0.9507 -0.2326
vn 0.1992 0.9233 -0.3283
vn 0.1879 0.9089 -0.3723
vn 0.0299 0.9650 -0.2605
vn -0.3969 -0.8824 0.2526
vn -0.3878 -0.9004 0.1970
vn -0.3564 -0.8678 0.3464
vn -0.4739 -0.8445 0.2495
vn -0.4890 -0.8443 0.2194
vn -0.4403 -0.8466 0.2990
vn -0.6112 -0.7612 0.2168
vn -0.4989 -0.8121 0.3027
vn -0.6132 -0.7640 0.2008
vn -0.4709 -0.8818 -0.0270
vn -0.7857 -0.5514 0.2804
vn -0.4965 -0.8680 0.0083
vn -0.7696 -0.6179 0.1607
vn -0.9279 -0.2080 0.3095
vn -0.9274 -0.3571 0.1110
vn 0.7809 0.3107 -0.5420
vn 0.7840 0.3500 -0.5127
vn 0.6847 0.4535 -0.5706
vn 0.7108 0.2410 -0.6609
vn 0.7157 0.2796 -0.6400
vn 0.7699 0.4147 -0.4851
vn 0.6975 0.5404 -0.4706
vn 0.7968 0.2449 -0.5524
vn 0.7827 0.3457 -0.5175
vn 0.5369 0.8022 -0.2612
vn 0.4692 0.8437 -0.2609
vn 0.4656 0.8423 -0.2714
vn 0.1739 0.9395 -0.2950
vn 0.0484 0.9653 -0.2566
vn -0.0279 0.9641 -0.2641
vn 0.0176 0.9680 -0.2503
vn 0.0947 0.9777 -0.1872
vn 0.2063 0.9457 -0.2513
vn 0.2631 0.9000 -0.3475
vn 0.2844 0.9156 -0.2841
vn 0.1949 0.9389 -0.2838
vn 0.3296 0.9120 -0.2441
vn 0.2810 0.8709 -0.4033
vn 0.3288 0.8539 -0.4034
vn 0.4249 0.8482 -0.3164
vn 0.4214 0.7946 -0.4371
vn 0.2996 0.8954 -0.3294
vn 0.5296 -0.2080 -0.8223
vn 0.4428 -0.1417 -0.8853
vn 0.7091 0.3027 -0.6369
vn 0.6828 0.3532 -0.6395
vn 0.3662 -0.0427 -0.9295
vn 0.6360 0.4039 -0.6575
vn -0.6556 -0.6166 0.4360
vn -0.6785 -0.6212 0.3920
vn -0.7228 -0.5733 0.3858
vn -0.6488 -0.6183 0.4436
vn -0.6684 -0.6014 0.4377
vn -0.6390 -0.6513 0.4092
vn -0.5916 -0.6899 0.4171
vn -0.4386 -0.7914 0.4257
vn -0.1642 -0.9350 0.3143
vn -0.2230 -0.9094 0.3510
vn -0.1854 -0.9163 0.3550
vn -0.5205 -0.7387 0.4282
vn -0.3896 0.2208 -0.8941
vn -0.5743 0.2295 -0.7858
vn -0.7287 -0.5896 -0.3483
vn -0.5573 -0.6040 -0.5697
vn -0.6426 -0.5274 -0.5558
vn -0.0728 0.3494 -0.9341
vn 0.3274 0.6817 -0.6543
vn 0.0718 0.8212 -0.5661
vn -0.0292 0.8481 -0.5290
vn -0.3888 0.2932 -0.8734
vn -0.0111 0.7811 -0.6243
vn -0.7918 -0.3741 -0.4827
vn 0.1579 0.9411 -0.2990
vn 0.2395 0.9325 -0.2702
vn 0.1172 0.9452 -0.3048
vn 0.6972 0.5979 -0.3955
vn 0.6681 0.6203 -0.4109
vn 0.8542 0.3202 -0.4097
vn 0.8974 0.2207 -0.3820
vn -0.0907 -0.9070 0.4112
vn 0.3510 -0.9165 0.1918
vn 0.0138 -0.9549 0.2965
vn -0.2612 -0.8758 0.4059
vn -0.0724 -0.9483 0.3089
vn 0.4324 -0.8960 0.1015
vn 0.2758 -0.9429 0.1867
vn 0.3440 -0.9273 0.1477
vn 0.0358 -0.9689 0.2447
vn 0.2818 0.5205 -0.8060
vn -0.8474 -0.4751 -0.2371
vn -0.3977 0.1030 -0.9117
vn -0.2792 -0.0109 -0.9602
vn -0.7200 -0.5964 -0.3550
vn 0.4313 0.4447 -0.7850
vn -0.5837 -0.6152 -0.5300
vn -0.1248 -0.1306 -0.9836
vn 0.4325 0.2258 -0.8729
vn 0.5609 0.6921 -0.4543
vn 0.5401 0.6430 -0.5430
vn 0.6396 0.6409 -0.4244
vn 0.8268 0.3792 -0.4155
vn 0.7214 0.4805 -0.4988
vn 0.6179 0.5129 -0.5959
vn 0.7893 0.3874 -0.4764
vn 0.7424 0.5214 -0.4207
vn 0.6740 0.4089 -0.6152
vn -0.8841 0.3552 -0.3035
vn -0.6475 0.6370 -0.4184
vn -0.0642 0.9755 -0.2103
vn -0.4529 0.8684 -0.2019
vn -0.9464 -0.2287 -0.2280
vn -0.9732 -0.2235 -0.0546
vn -0.5889 -0.6099 0.5303
vn -0.4883 -0.7547 0.4382
vn -0.4852 -0.7646 0.4243
vn -0.5802 -0.6276 0.5191
vn -0.4838 -0.7102 0.5114
vn -0.4389 -0.8069 0.3952
vn 0.5159 0.1606 -0.8415
vn 0.5926 0.3470 -0.7269
vn 0.5054 0.4174 -0.7552
vn 0.4235 0.2019 -0.8831
vn 0.4250 0.2114 -0.8802
vn 0.5495 0.2962 -0.7812
vn 0.5409 0.3304 -0.7735
vn 0.5136 0.1647 -0.8421
vn 0.5803 0.3783 -0.7212
vn 0.6027 0.7704 -0.2078
vn 0.5542 0.7919 -0.2564
vn 0.5225 0.8163 -0.2463
vn 0.9480 0.3089 -0.0771
vn 0.9359 0.3465 -0.0627
vn 0.8915 0.4435 -0.0924
vn 0.8746 0.4580 -0.1591
vn 0.7100 0.6158 -0.3416
vn 0.8453 0.4949 -0.2013
vn -0.4036 0.8594 -0.3138
vn -0.1485 0.8090 -0.5688
vn -0.0230 0.8747 -0.4842
vn -0.1719 0.9544 -0.2442
vn -0.0875 0.8811 -0.4648
vn 0.0642 0.7901 -0.6097
vn 0.6429 0.6325 -0.4321
vn 0.5747 0.6956 -0.4311
vn 0.5772 0.7353 -0.3552
vn 0.6710 0.6803 -0.2950
vn 0.7396 0.6026 -0.2997
vn 0.7337 0.5577 -0.3880
vn 0.8968 0.2253 -0.3807
vn 0.8459 0.3305 -0.4187
vn 0.8685 0.2938 -0.3992
vn 0.8824 0.2183 -0.4168
vn 0.6711 0.5726 -0.4710
vn 0.7504 0.5374 -0.3847
vn -0.5299 -0.8476 0.0291
vn -0.6151 -0.7636 0.1964
vn -0.4342 -0.8461 0.3091
vn -0.3506 -0.9164 0.1929
vn -0.6857 -0.7279 -0.0000
vn -0.7947 -0.6019 0.0792
vn 0.0734 -0.9323 0.3541
vn -0.0285 -0.9289 0.3691
vn -0.0108 -0.9328 0.3602
vn -0.0933 -0.9144 0.3940
vn -0.1563 -0.9300 0.3326
vn -0.3043 -0.8692 0.3897
vn -0.6212 -0.7820 0.0510
vn -0.6317 -0.6984 0.3365
vn -0.7022 -0.6445 0.3025
vn -0.6932 -0.7169 0.0742
vn -0.5015 -0.8460 0.1810
vn -0.5233 -0.7553 0.3944
vn -0.0033 0.9962 -0.0876
vn 0.1267 0.9911 0.0399
vn 0.3342 0.9286 -0.1616
vn 0.2678 0.9288 -0.2562
vn 0.6997 0.5303 -0.4788
vn 0.6241 0.5478 -0.5571
vn 0.3517 0.7284 -0.5880
vn 0.1462 0.8393 -0.5236
vn 0.2937 0.8632 -0.4107
vn 0.4857 0.7665 -0.4202
vn 0.6248 0.4812 -0.6149
vn 0.7280 0.5271 -0.4383
vn 0.4621 0.7830 -0.4165
vn 0.5460 0.7634 -0.3451
vn 0.6624 0.5771 -0.4777
vn 0.5841 0.5224 -0.6212
vn 0.6703 0.5281 -0.5213
vn 0.5862 0.7879 -0.1884
vn 0.4645 0.8269 -0.3169
vn 0.4742 0.8792 -0.0464
vn 0.5696 0.8217 -0.0203
vn 0.6900 0.7100 -0.1406
vn 0.6944 0.7154 -0.0767
vn 0.8950 0.4059 -0.1851
vn 0.8729 0.4607 -0.1604
vn 0.8943 0.4159 -0.1651
vn 0.8715 0.4843 -0.0774
vn 0.8306 0.5425 -0.1254
vn 0.8177 0.5207 -0.2454
vn 0.6281 0.6596 -0.4129
vn 0.8850 0.4558 -0.0949
vn 0.8209 0.5593 -0.1152
vn 0.2747 0.7716 -0.5737
vn -0.0192 0.7560 -0.6543
vn 0.3768 0.7587 -0.5314
vn -0.1336 0.7214 -0.6795
vn -0.0177 0.7358 -0.6769
vn 0.5171 0.7546 -0.4040
vn 0.2474 0.6873 -0.6829
vn 0.2842 0.6254 -0.7267
vn 0.2517 0.8471 -0.4681
vn 0.2618 0.8590 -0.4399
vn 0.1390 0.9730 -0.1845
vn 0.2155 0.9621 -0.1670
vn 0.4297 0.8126 -0.3938
vn 0.2557 0.9255 -0.2794
vn 0.5975 0.7126 -0.3678
vn 0.4315 0.8086 -0.4001
vn 0.2472 0.9207 -0.3020
vn 0.6859 0.6226 -0.3766
vn 0.7001 0.5341 -0.4739
vn 0.4615 0.8060 -0.3707
vn 0.2515 0.9175 -0.3083
vn 0.7290 0.5143 -0.4516
vn 0.7196 0.5341 -0.4439
vn 0.8333 0.2829 -0.4750
vn 0.7401 0.5171 -0.4299
vn 0.7108 0.5530 -0.4348
vn 0.8081 0.1930 -0.5566
vn 0.7475 0.5037 -0.4330
vn 0.7492 0.5090 -0.4239
vn -0.4853 -0.8578 0.1692
vn -0.4359 -0.8942 0.1018
vn -0.5474 -0.8368 -0.0129
vn -0.6329 -0.7728 0.0463
vn -0.2208 -0.9385 0.2656
vn -0.1466 -0.9594 0.2408
vn -0.2539 -0.9107 0.3257
vn -0.2124 -0.9532 0.2154
vn -0.6539 -0.7323 0.1899
vn -0.6245 -0.7787 0.0604
vn -0.1230 -0.9923 0.0144
vn -0.1108 -0.9896 0.0922
vn -0.5454 -0.8332 -0.0917
vn -0.3305 -0.9432 -0.0337
vn -0.4035 -0.8931 -0.1989
vn -0.8883 -0.4568 0.0466
vn -0.8331 -0.5523 -0.0307
vn -0.8579 -0.5038 0.1014
vn -0.6302 -0.7430 0.2254
vn -0.4648 -0.8424 0.2725
vn -0.7346 -0.6761 -0.0580
vn -0.5293 -0.7587 0.3799
vn -0.4906 -0.8070 0.3289
vn -0.6462 -0.7163 0.2632
vn -0.5965 -0.6940 0.4032
vn -0.4322 -0.8275 0.3585
vn 0.0374 -0.9655 0.2576
vn 0.2278 -0.9634 0.1414
vn -0.3699 -0.8424 0.3918
vn -0.5591 -0.7696 0.3086
vn -0.3784 -0.8286 0.4126
vn -0.3939 -0.8395 0.3742
vn -0.2247 -0.8737 0.4314
vn -0.2202 -0.8536 0.4721
vn -0.5363 -0.7508 0.3856
vn -0.6283 -0.6633 0.4067
vn -0.6901 -0.5948 0.4123
vn -0.3560 -0.9186 0.1715
vn -0.2077 -0.9423 0.2624
vn -0.7465 -0.5699 0.3434
vn -0.8699 -0.4137 0.2687
vn -0.6830 -0.5901 0.4304
vn -0.7056 -0.6329 0.3188
vn -0.5123 -0.8108 0.2832
vn -0.8327 -0.5468 0.0869
vn -0.4931 -0.8446 0.2084
vn -0.5005 -0.8331 0.2355
vn -0.5784 -0.8139 -0.0551
vn -0.7478 -0.6639 -0.0057
vn -0.9054 -0.4214 -0.0518
vn -0.8060 -0.5769 -0.1328
vn -0.6403 -0.7472 -0.1781
vn -0.9680 -0.2235 0.1138
vn -0.8666 -0.3960 0.3037
vn -0.4520 -0.8135 0.3660
vn -0.5871 -0.7196 0.3708
vn -0.6318 -0.6611 0.4047
vn -0.6205 -0.6340 0.4616
vn -0.1430 -0.9803 0.1360
vn -0.4833 -0.8419 0.2401
vn -0.0837 -0.9965 -0.0010
vn -0.4450 -0.8624 0.2413
vn -0.5655 -0.8105 0.1526
vn -0.3579 -0.9266 0.1156
vn -0.4918 -0.8682 0.0652
vn -0.5384 -0.8426 -0.0133
vn -0.7020 -0.7018 0.1207
vn -0.6950 -0.7183 0.0324
vn -0.7038 -0.7026 0.1053
vn -0.6201 -0.6762 0.3978
vn -0.6473 -0.5972 0.4736
vn -0.7187 -0.6235 0.3079
vn -0.7130 -0.6576 0.2432
vn -0.6531 -0.5393 0.5316
vn -0.5937 -0.6669 0.4503
vn -0.6337 -0.6389 0.4362
vn -0.7107 -0.5865 0.3886
vn -0.8074 -0.5825 0.0939
vn -0.8597 -0.5089 0.0439
vn -0.6233 -0.6686 0.4056
vn -0.8447 -0.5218 0.1190
vn -0.6184 -0.5533 0.5581
vn -0.5811 -0.7040 0.4083
vn -0.5380 -0.1662 0.8264
vn -0.5024 -0.0432 0.8636
vn -0.5719 -0.4613 0.6783
vn -0.5734 -0.7090 0.4106
vn -0.3414 0.2710 0.9000
vn -0.3206 0.3670 0.8732
vn -0.0974 0.6676 0.7381
vn -0.0813 0.6971 0.7124
vn 0.1298 0.9018 0.4122
vn 0.1585 0.8898 0.4279
vn 0.3030 0.9489 0.0882
vn 0.3216 0.9332 0.1606
vn 0.4446 0.8325 -0.3305
vn 0.4626 0.5028 -0.7302
vn 0.5124 0.4314 -0.7425
vn 0.4866 0.8176 -0.3079
vn 0.3881 0.1253 -0.9131
vn 0.3848 0.1553 -0.9098
vn 0.4103 0.0799 -0.9084
vn 0.4148 0.0737 -0.9069
vn 0.1551 0.9702 -0.1861
vn 0.1423 0.9898 -0.0023
vn 0.1716 0.9596 -0.2228
vn 0.2203 0.9330 -0.2846
vn 0.1524 0.9847 -0.0843
vn 0.3505 0.9115 -0.2152
vn 0.7136 0.4781 -0.5120
vn 0.0471 0.9986 -0.0242
vn 0.2173 0.9683 -0.1231
vn 0.8003 0.1818 -0.5714
vn 0.7185 0.4468 -0.5330
vn 0.7623 0.3361 -0.5530
vn 0.7946 0.2171 -0.5670
vn 0.5898 0.6280 -0.5078
vn 0.6853 0.4408 -0.5798
vn 0.6186 0.5147 -0.5937
vn 0.6910 0.3635 -0.6248
vn 0.7213 0.2988 -0.6248
vn 0.7373 0.2358 -0.6331
vn 0.1285 0.9878 -0.0879
vn 0.1352 0.9431 -0.3038
vn 0.0894 0.9830 -0.1606
vn 0.1258 0.9851 -0.1177
vn 0.2892 0.9313 -0.2213
vn 0.5110 0.7875 -0.3445
vn 0.1086 0.8781 -0.4659
vn 0.0818 0.9425 -0.3241
vn 0.2637 0.9178 -0.2968
vn 0.5129 0.7593 -0.4005
vn 0.2705 0.9362 -0.2246
vn 0.5888 0.6134 -0.5263
vn 0.2355 0.9198 -0.3138
vn -0.7521 -0.6251 0.2089
vn -0.6111 -0.7803 0.1328
vn -0.5863 -0.7552 0.2931
vn -0.6923 -0.6308 0.3505
vn -0.4850 -0.8528 -0.1939
vn -0.4901 -0.8708 0.0384
vn -0.4917 -0.8080 0.3246
vn -0.5518 -0.7036 0.4477
vn -0.6390 -0.5856 0.4988
vn 0.3642 0.9313 0.0059
vn 0.2645 0.9605 -0.0864
vn 0.4587 0.8846 0.0841
vn 0.3462 0.9234 -0.1658
vn 0.2435 0.9476 -0.2066
vn 0.5432 0.8146 -0.2032
vn 0.6917 0.6333 -0.3472
vn 0.3336 0.8727 -0.3566
vn 0.3319 0.7822 -0.5273
vn 0.2684 0.8129 -0.5169
vn 0.2519 0.9001 -0.3556
vn -0.3362 -0.8799 -0.3357
vn -0.5066 -0.8437 -0.1773
vn -0.2054 -0.8549 -0.4764
vn -0.3723 -0.8963 -0.2408
vn -0.4877 -0.8721 0.0387
vn -0.6183 -0.7858 -0.0116
vn 0.7615 0.6425 -0.0862
vn 0.7648 0.6121 -0.2009
vn 0.8025 0.5231 -0.2870
vn 0.6697 0.5404 -0.5094
vn 0.7004 0.5856 -0.4080
vn 0.7607 0.5179 -0.3912
vn -0.6650 -0.6214 0.4143
vn -0.7030 -0.6597 0.2658
vn -0.6936 -0.7152 0.0866
vn -0.2985 -0.8747 0.3818
vn -0.2643 -0.8749 0.4059
vn -0.2286 -0.8992 0.3732
vn 0.2348 0.8212 -0.5201
vn 0.1455 0.9099 -0.3886
vn 0.0960 0.9619 -0.2560
vn -0.4704 -0.7811 0.4106
vn -0.2844 -0.8732 0.3958
vn -0.2005 -0.9525 0.2292
vn -0.8503 0.0250 0.5258
vn -0.9172 -0.0405 0.3964
vn -0.8576 -0.2746 0.4349
vn -0.9126 -0.2723 0.3051
vn 0.9422 0.2923 0.1636
vn 0.8202 0.0159 0.5718
vn 0.8370 0.5110 0.1958
vn 0.7196 0.2363 0.6529
vn 0.4103 -0.3592 0.8382
vn 0.2720 -0.1716 0.9469
vn -0.2761 -0.4538 0.8472
vn -0.0769 -0.5352 0.8412
vn 0.4634 0.5771 0.6725
vn 0.6048 0.7778 0.1708
vn 0.3078 0.9389 0.1542
vn 0.2148 0.8052 0.5528
vn -0.0417 0.2270 0.9730
vn -0.3071 0.6170 0.7246
vn -0.7583 0.1843 0.6253
vn -0.5485 -0.1847 0.8155
vn -0.7503 0.5946 0.2890
vn -0.2473 0.9492 0.1945
vn -0.9616 -0.0045 0.2745
vn -0.8873 -0.1701 0.4287
vn -0.7558 -0.3633 0.5448
vn -0.6251 -0.4610 0.6298
vn -0.4736 -0.5125 0.7163
vn 0.4360 0.7175 -0.5433
vn 0.4606 0.6196 -0.6356
vn 0.4421 0.5936 -0.6725
vn 0.4627 0.4690 -0.7523
vn 0.4908 0.4682 -0.7348
vn 0.4582 0.5305 -0.7131
vn 0.3353 0.2531 -0.9075
vn 0.4409 0.4544 -0.7740
vn 0.4275 0.4657 -0.7748
vn 0.3250 0.3451 -0.8805
vn 0.3996 0.7191 -0.5685
vn 0.4069 0.6546 -0.6372
vn 0.3975 0.7380 -0.5453
vn 0.4050 0.7027 -0.5850
vn 0.4169 0.5830 -0.6973
vn 0.4013 0.6552 -0.6401
vn 0.3848 0.5937 -0.7067
vn 0.4213 0.5237 -0.7405
vn 0.3808 0.5294 -0.7581
vn 0.3652 0.5220 -0.7708
vn 0.5124 0.7748 -0.3703
vn 0.4139 0.8447 -0.3395
vn 0.4248 0.7377 -0.5247
vn 0.5704 0.6858 -0.4520
vn 0.5965 0.6612 -0.4549
vn 0.5717 0.7392 -0.3560
vn 0.5820 0.4059 -0.7047
vn 0.6104 0.4577 -0.6465
vn 0.5563 0.4550 -0.6953
vn 0.5602 0.4179 -0.7152
vn 0.4665 0.2869 -0.8367
vn 0.5341 0.3836 -0.7534
vn 0.6098 0.5876 -0.5318
vn 0.6130 0.5811 -0.5353
vn 0.4885 0.6175 -0.6165
vn 0.5311 0.5183 -0.6703
vn 0.6328 0.5164 -0.5769
vn 0.6187 0.5145 -0.5936
vn 0.5476 0.4901 -0.6782
vn 0.6343 0.4744 -0.6104
vn 0.5937 0.4532 -0.6649
vn 0.3230 0.8913 -0.3181
vn 0.1830 0.9007 -0.3940
vn 0.3424 0.7747 -0.5316
vn 0.3855 0.7700 -0.5085
vn 0.4146 0.3725 -0.8303
vn 0.4241 0.4566 -0.7821
vn 0.5135 0.4150 -0.7511
vn 0.4894 0.2847 -0.8243
vn 0.4384 0.5149 -0.7367
vn 0.4642 0.5330 -0.7075
vn 0.5082 0.5381 -0.6725
vn 0.5166 0.5167 -0.6827
vn 0.4487 0.6118 -0.6514
vn 0.4691 0.5864 -0.6604
vn 0.0127 0.9105 -0.4133
vn 0.1661 0.7309 -0.6619
vn 0.3025 0.7719 -0.5592
vn 0.1409 0.9053 -0.4008
vn 0.4303 0.5606 -0.7075
vn 0.4601 0.5267 -0.7148
vn -0.0347 0.4933 -0.8692
vn -0.0371 0.4596 -0.8873
vn -0.6474 0.6472 -0.4025
vn -0.6762 0.3121 -0.6674
vn -0.8864 -0.4416 0.1389
vn -0.9206 -0.3778 -0.0989
vn -0.8123 0.0138 -0.5830
vn -0.8259 0.1095 -0.5531
vn -0.9333 -0.3589 -0.0148
vn -0.9425 -0.2862 0.1728
vn -0.5446 -0.7577 0.3596
vn -0.7897 -0.6016 0.1203
vn -0.5828 -0.7626 0.2807
vn -0.6615 -0.7029 0.2613
vn -0.8217 -0.4749 0.3152
vn -0.6917 -0.5126 0.5088
vn -0.6433 -0.4165 0.6424
vn -0.7225 -0.4296 0.5418
vn -0.5958 -0.6255 0.5037
vn -0.5577 -0.6252 0.5459
vn -0.5536 -0.7019 0.4482
vn -0.5778 -0.7056 0.4101
vn -0.5973 -0.7220 0.3493
vn -0.6158 -0.6217 0.4840
vn -0.5140 -0.8079 0.2883
vn -0.4988 -0.7534 0.4284
vn -0.4076 -0.8271 0.3870
vn -0.4129 -0.7349 0.5380
vn -0.5443 -0.5268 0.6528
vn -0.4776 -0.5316 0.6995
vn -0.5132 -0.4769 0.7135
vn -0.5551 -0.4226 0.7164
vn -0.6021 -0.4655 0.6487
vn -0.5405 -0.5492 0.6373
vn -0.6195 -0.4828 0.6190
vn -0.5489 -0.6330 0.5459
vn -0.5398 -0.6050 0.5853
vn -0.5627 -0.5429 0.6234
vn -0.5308 -0.5302 0.6611
vn -0.4542 -0.8073 0.3767
vn -0.5104 -0.6956 0.5055
vn -0.4383 -0.8041 0.4016
vn -0.4994 -0.6688 0.5507
vn -0.5467 -0.5534 0.6284
vn -0.5337 -0.5476 0.6445
vn -0.5393 -0.5099 0.6702
vn -0.5800 -0.4851 0.6545
vn -0.5821 -0.5091 0.6340
vn -0.5372 -0.5079 0.6734
vn -0.4068 -0.7961 0.4481
vn -0.3882 -0.7973 0.4622
vn -0.4239 -0.6974 0.5779
vn -0.4615 -0.6911 0.5562
vn -0.3748 -0.8445 0.3825
vn -0.3505 -0.8564 0.3791
vn -0.5042 -0.5637 0.6542
vn -0.4456 -0.5898 0.6735
vn -0.4676 -0.5436 0.6971
vn -0.5195 -0.5201 0.6779
vn -0.4868 -0.7295 0.4805
vn -0.5291 -0.7540 0.3892
vn -0.4610 -0.7782 0.4264
vn -0.4678 -0.6302 0.6198
vn -0.4516 -0.6398 0.6218
vn -0.5065 -0.7320 0.4556
vn -0.4936 -0.7187 0.4897
vn -0.5032 -0.7600 0.4114
vn -0.4759 -0.7032 0.5281
vn -0.4336 -0.6837 0.5870
vn -0.4440 -0.7091 0.5477
vn -0.4379 -0.7482 0.4985
vn -0.5088 -0.7002 0.5009
vn -0.5396 -0.6341 0.5538
vn -0.4572 -0.7393 0.4943
vn -0.5369 -0.8103 0.2348
vn 0.5308 0.8072 -0.2581
vn 0.3643 0.8779 -0.3107
vn 0.4781 0.7902 -0.3834
vn 0.5646 0.7900 -0.2391
vn 0.4889 0.8708 -0.0511
vn 0.3494 0.9153 -0.2004
vn 0.1172 0.9925 -0.0349
vn 0.3645 0.8967 0.2512
vn 0.1820 0.9769 0.1121
vn 0.3936 0.8555 0.3363
vn -0.0600 0.9975 0.0371
vn -0.0043 0.9948 -0.1022
vn 0.5082 0.8188 0.2669
vn 0.3510 0.7367 0.5779
vn -0.0940 0.9940 -0.0557
vn -0.2210 -0.3687 0.9029
vn -0.3420 -0.4666 0.8157
vn -0.3306 -0.3022 0.8941
vn -0.1324 -0.2430 0.9610
vn -0.3478 -0.5376 0.7681
vn -0.5029 -0.5303 0.6826
vn -0.8163 -0.0359 0.5765
vn -0.3943 -0.2203 0.8922
vn -0.6081 -0.2523 0.7527
vn -0.8461 0.1374 0.5150
vn -0.9568 -0.2550 0.1397
vn -0.9791 0.1231 0.1622
vn -0.2203 -0.2657 0.9385
vn -0.3489 -0.3947 0.8500
vn -0.0654 -0.0171 0.9977
vn -0.3546 -0.3024 0.8848
vn -0.1451 -0.0464 0.9883
vn -0.3873 -0.3576 0.8498
vn -0.1661 -0.9799 0.1108
vn 0.0209 -0.9980 0.0602
vn -0.5677 -0.8006 -0.1917
vn -0.7242 -0.6803 -0.1127
vn -0.0147 -0.9580 0.2864
vn 0.0966 -0.9649 0.2443
vn -0.9610 -0.1993 -0.1917
vn -0.8886 -0.2405 -0.3905
vn -0.9082 -0.3448 -0.2372
vn -0.9134 -0.4066 0.0170
vn 0.6515 0.6776 -0.3411
vn 0.6779 0.6532 -0.3374
vn 0.7592 0.5826 -0.2900
vn 0.8468 0.4245 -0.3206
vn -0.0613 -0.9981 -0.0082
vn -0.2324 -0.9725 0.0168
vn -0.1708 -0.9630 0.2086
vn -0.0588 -0.9835 0.1708
vn -0.2411 -0.9359 0.2569
vn -0.4218 -0.8963 0.1371
vn -0.6087 -0.7101 0.3538
vn -0.7456 -0.6196 0.2455
vn -0.7565 -0.5624 0.3339
vn -0.7599 -0.5723 0.3083
vn 0.8292 0.2445 -0.5026
vn 0.6682 0.5105 -0.5412
vn 0.7179 0.5311 -0.4500
vn 0.9134 0.2031 -0.3527
vn 0.6473 0.5355 -0.5425
vn 0.6800 0.5511 -0.4836
vn -0.2620 0.8506 -0.4558
vn 0.0264 0.8679 -0.4960
vn -0.3809 0.8235 -0.4204
vn -0.3672 0.8817 -0.2964
vn -0.2448 0.8925 -0.3788
vn 0.0904 0.8667 -0.4906
vn -0.3704 -0.8195 0.4374
vn -0.4886 -0.6527 0.5790
vn -0.6189 -0.6078 0.4976
vn -0.4149 -0.8316 0.3693
vn 0.0059 0.7580 0.6522
vn -0.2106 0.4983 0.8410
vn -0.4468 0.4617 0.7663
vn -0.2389 0.8062 0.5413
vn 0.0274 0.9754 0.2189
vn 0.2294 0.9166 0.3274
vn 0.4425 0.8480 -0.2916
vn 0.2709 0.8870 -0.3740
vn 0.2492 0.5210 -0.8164
vn 0.4283 0.4521 -0.7824
vn 0.3188 0.2372 -0.9177
vn 0.3087 0.1546 -0.9385
vn 0.2104 0.1790 -0.9611
vn 0.2305 0.0358 -0.9724
vn 0.3885 0.2408 -0.8894
vn 0.3409 0.1670 -0.9251
vn 0.4250 0.3958 -0.8141
vn 0.4497 0.3823 -0.8072
vn 0.5792 0.3849 -0.7186
vn 0.5980 0.1948 -0.7775
vn 0.5981 0.1139 -0.7933
vn 0.5887 0.3532 -0.7271
vn 0.5787 0.4509 -0.6795
vn 0.5502 0.4811 -0.6825
vn 0.0564 0.9217 -0.3839
vn 0.0313 0.8751 -0.4830
vn -0.1758 0.8907 -0.4191
vn -0.1146 0.9308 -0.3470
vn 0.1410 0.8928 -0.4277
vn 0.1587 0.8396 -0.5196
vn 0.0074 0.9060 -0.4232
vn -0.1103 0.9013 -0.4189
vn 0.4255 0.6869 -0.5892
vn 0.4068 0.6940 -0.5940
vn 0.4351 0.6505 -0.6225
vn 0.4194 0.6497 -0.6340
vn 0.4223 0.7184 -0.5527
vn 0.3725 0.7501 -0.5464
vn 0.4202 0.7514 -0.5087
vn 0.3531 0.8305 -0.4307
vn 0.4805 0.6117 -0.6285
vn 0.4832 0.6108 -0.6272
vn 0.3393 0.7143 -0.6121
vn 0.3594 0.7264 -0.5858
vn 0.2451 0.8267 -0.5064
vn 0.2409 0.7775 -0.5809
vn 0.4851 0.7387 -0.4679
vn 0.4962 0.7886 -0.3633
vn 0.4867 0.7143 -0.5029
vn 0.5362 0.7358 -0.4137
vn -0.3948 -0.8455 0.3596
vn -0.3368 -0.8535 0.3977
vn -0.6592 -0.6738 0.3338
vn -0.6486 -0.6782 0.3454
vn -0.5200 -0.6780 0.5195
vn -0.5024 -0.6542 0.5654
vn -0.6030 -0.6267 0.4935
vn -0.6326 -0.6458 0.4274
vn -0.6389 -0.6507 0.4103
vn -0.6488 -0.6651 0.3697
vn -0.6532 -0.6602 0.3707
vn -0.5490 -0.6975 0.4606
vn -0.3194 -0.8442 0.4304
vn -0.3464 -0.8254 0.4458
vn 0.1934 -0.8952 0.4015
vn 0.1736 -0.9416 0.2886
vn -0.3686 -0.8237 0.4309
vn -0.6024 -0.6622 0.4456
vn 0.1530 -0.8779 0.4537
vn -0.6728 -0.6448 0.3627
vn -0.5710 -0.6976 0.4327
vn -0.5793 -0.6208 0.5282
vn -0.4996 -0.6469 0.5761
vn -0.4073 -0.7236 0.5573
vn -0.4275 -0.6998 0.5722
vn -0.4222 -0.7023 0.5731
vn -0.3991 -0.7160 0.5728
vn -0.4884 -0.7648 0.4203
vn -0.5964 -0.6638 0.4514
vn -0.4442 -0.7588 0.4764
vn -0.4615 -0.7790 0.4245
vn -0.4757 -0.7926 0.3814
vn -0.5508 -0.7234 0.4164
vn 0.4825 0.5818 -0.6548
vn 0.5042 0.5735 -0.6457
vn 0.4622 0.6618 -0.5903
vn 0.4351 0.6108 -0.6615
vn 0.5475 0.5481 -0.6323
vn 0.5309 0.5823 -0.6157
vn 0.5300 0.5954 -0.6038
vn 0.5370 0.6988 -0.4725
vn 0.5624 0.7051 -0.4319
vn 0.5156 0.6913 -0.5062
vn 0.5003 0.6600 -0.5604
vn 0.4786 0.7539 -0.4502
vn 0.5122 0.7822 -0.3547
vn 0.4814 0.7931 -0.3733
vn 0.5689 0.7151 -0.4062
vn 0.5483 0.6857 -0.4787
vn 0.5381 0.7290 -0.4230
vn 0.5913 0.6116 -0.5256
vn 0.6894 0.6107 -0.3896
vn 0.6212 0.6657 -0.4134
vn 0.6291 0.6613 -0.4085
vn 0.5459 0.7516 -0.3703
vn 0.6716 0.6623 -0.3323
vn 0.8495 0.4167 -0.3236
vn 0.8986 0.3981 -0.1847
vn 0.7629 0.4785 -0.4348
vn 0.8737 0.4577 -0.1646
vn 0.9667 0.2199 0.1309
vn 0.9250 0.3734 -0.0701
vn 0.7121 0.5904 -0.3800
vn 0.6255 0.5386 -0.5645
vn -0.7495 -0.5768 0.3249
vn -0.7453 -0.5745 0.3383
vn -0.7074 -0.6297 0.3211
vn -0.7017 -0.6348 0.3235
vn 0.7914 0.5599 -0.2453
vn 0.6839 0.6322 -0.3641
vn -0.6347 -0.6909 0.3462
vn -0.5335 -0.7546 0.3820
vn -0.5052 -0.7562 0.4159
vn -0.6177 -0.7044 0.3497
vn -0.5785 -0.6825 0.4467
vn -0.6534 -0.6027 0.4579
vn -0.4701 -0.7567 0.4544
vn -0.4922 -0.7706 0.4048
vn -0.5881 -0.6750 0.4456
vn -0.6530 -0.5921 0.4723
vn 0.6688 0.5411 -0.5098
vn 0.6206 0.5582 -0.5507
vn 0.5625 0.5988 -0.5700
vn 0.6138 0.5597 -0.5567
vn -0.6001 -0.6669 0.4417
vn -0.5044 -0.7630 0.4043
vn -0.6639 -0.5873 0.4630
vn 0.5431 0.5995 -0.5880
vn 0.5610 0.5841 -0.5865
vn 0.4951 0.6246 -0.6040
vn 0.5109 0.6295 -0.5854
vn 0.5676 0.5931 -0.5710
vn 0.6385 0.5303 -0.5578
vn 0.5173 0.6564 -0.5491
vn 0.5167 0.6853 -0.5133
vn 0.5673 0.6076 -0.5559
vn 0.6442 0.5315 -0.5501
vn 0.5792 0.6329 -0.5137
vn 0.5083 0.7101 -0.4872
vn 0.6677 0.5580 -0.4927
vn -0.4078 -0.8126 0.4165
vn -0.3932 -0.7735 0.4970
vn -0.3669 -0.8537 0.3696
vn -0.3711 -0.8060 0.4611
vn -0.4173 -0.7883 0.4521
vn -0.4497 -0.8183 0.3580
vn -0.4085 -0.8384 0.3607
vn -0.4319 -0.8481 0.3070
vn -0.4359 -0.8186 0.3740
vn -0.4464 -0.8058 0.3892
vn 0.4733 0.6546 -0.5895
vn 0.5195 0.6451 -0.5603
vn 0.4912 0.6796 -0.5448
vn 0.4602 0.6637 -0.5897
vn 0.4693 0.6994 -0.5391
vn 0.4566 0.7197 -0.5229
vn 0.4432 0.7340 -0.5146
vn 0.4816 0.7253 -0.4920
vn -0.4633 -0.8424 0.2753
vn -0.7513 -0.5911 0.2935
vn -0.5820 -0.8095 0.0769
vn -0.8396 -0.5347 0.0960
vn 0.4816 0.7456 -0.4607
vn 0.4599 0.7600 -0.4592
vn -0.7318 -0.6097 0.3044
vn -0.4635 -0.8089 0.3619
vn -0.8403 -0.5027 0.2028
vn -0.6415 -0.6431 0.4182
vn -0.8778 -0.2034 0.4337
vn -0.8311 -0.4276 0.3556
vn -0.7345 -0.2890 0.6140
vn -0.7883 -0.1300 0.6014
vn -0.7139 -0.4115 0.5665
vn -0.7362 -0.3768 0.5622
vn -0.0395 0.8762 -0.4803
vn 0.4068 0.7780 -0.4787
vn 0.4859 0.7793 -0.3958
vn -0.0256 0.9236 -0.3825
vn -0.7720 -0.1935 0.6055
vn -0.7537 -0.2414 0.6113
vn -0.6010 -0.5570 0.5731
vn 0.2562 -0.8454 0.4687
vn 0.2408 -0.9127 0.3300
vn 0.2009 -0.8164 0.5414
vn -0.2972 -0.7421 0.6008
vn -0.2451 -0.8266 0.5066
vn -0.3056 -0.9210 0.2418
vn 0.8300 0.4162 -0.3714
vn 0.8225 0.4936 -0.2826
vn 0.1619 -0.9750 0.1519
vn -0.4153 -0.9083 -0.0506
vn -0.9146 -0.2540 0.3146
vn -0.5450 -0.6913 0.4745
vn -0.8560 -0.2647 0.4441
vn -0.8947 -0.3642 0.2584
vn -0.9998 -0.0193 -0.0077
vn -0.9392 -0.0682 -0.3366
vn -0.8895 -0.4320 -0.1491
vn 0.0370 -0.8699 0.4919
vn -0.3758 -0.8765 0.3009
vn -0.5119 -0.8307 0.2186
vn -0.5786 -0.7932 0.1901
vn -0.3913 -0.8676 0.3068
vn -0.3516 -0.8677 0.3513
vn -0.4514 -0.8201 0.3518
vn -0.8414 -0.3455 -0.4156
vn -0.8866 -0.2159 -0.4091
vn -0.3904 -0.8543 0.3431
vn -0.5954 -0.7520 0.2829
vn -0.5698 -0.7706 0.2855
vn -0.4160 -0.8203 0.3925
vn -0.6826 -0.7241 0.0986
vn -0.7986 -0.5934 -0.1008
vn -0.8948 -0.4267 -0.1317
vn -0.3522 -0.8912 0.2859
vn -0.9313 -0.3543 0.0845
vn 0.1446 0.8493 -0.5077
vn 0.1309 0.8671 -0.4806
vn 0.3469 0.7801 -0.5206
vn 0.2779 0.8219 -0.4972
vn 0.4280 0.7414 -0.5169
vn 0.4564 0.7065 -0.5410
vn -0.7851 -0.2501 0.5666
vn -0.7570 -0.4911 0.4309
vn -0.6002 -0.5340 0.5955
vn -0.6175 -0.2475 0.7467
vn -0.5684 -0.2494 0.7840
vn -0.7061 -0.3822 0.5961
vn -0.7375 -0.3570 0.5733
vn -0.6964 -0.5135 0.5013
vn -0.1800 -0.9037 0.3884
vn -0.3786 -0.8915 0.2489
vn -0.1092 -0.9936 -0.0286
vn -0.0766 -0.9948 0.0678
vn -0.3670 -0.5497 0.7505
vn -0.2839 -0.8937 0.3474
vn -0.5167 -0.6132 0.5974
vn -0.0673 -0.9912 0.1139
vn -0.2136 -0.9729 0.0883
vn -0.4681 -0.8309 0.3007
vn -0.2447 -0.9688 -0.0399
vn -0.5419 -0.8263 0.1538
vn -0.5853 -0.4613 0.6668
vn -0.4163 -0.2549 0.8728
vn -0.4634 -0.2723 0.8433
vn 0.2350 0.9426 -0.2372
vn 0.4765 0.6119 -0.6312
vn 0.1202 0.9911 -0.0564
vn 0.0228 0.9853 -0.1693
vn 0.0231 0.9530 -0.3021
vn 0.3188 0.6631 -0.6772
vn 0.5682 0.2085 -0.7960
vn 0.5098 0.1820 -0.8408
vn 0.4752 0.7316 -0.4887
vn 0.3837 0.7950 -0.4699
vn 0.3782 0.8063 -0.4549
vn 0.4063 0.7613 -0.5053
vn 0.3806 0.7308 -0.5667
vn 0.5102 0.6814 -0.5248
vn 0.3274 0.8230 -0.4643
vn 0.2334 0.8721 -0.4301
vn 0.2804 0.8767 -0.3909
vn 0.4154 0.7833 -0.4625
vn 0.0008 0.9229 -0.3851
vn 0.1470 0.9176 -0.3692
vn -0.0212 0.9844 -0.1749
vn -0.1619 0.9302 -0.3294
vn 0.2122 0.8345 -0.5085
vn 0.2659 0.8380 -0.4764
vn 0.3082 0.7753 -0.5513
vn 0.2978 0.8228 -0.4840
vn 0.2965 0.7992 -0.5228
vn 0.3430 0.7505 -0.5649
vn 0.3214 0.7316 -0.6012
vn 0.2894 0.8519 -0.4364
vn 0.1511 0.9456 -0.2881
vn 0.7303 0.5734 -0.3714
vn 0.7460 0.5183 -0.4181
vn 0.8109 0.3945 -0.4322
vn 0.7705 0.5021 -0.3928
vn 0.2697 0.7878 -0.5537
vn 0.3356 0.7384 -0.5849
vn 0.6835 0.4896 -0.5414
vn 0.7657 0.4511 -0.4585
vn 0.7057 0.4551 -0.5430
vn 0.8109 0.3586 -0.4625
vn 0.7740 0.4354 -0.4596
vn 0.8476 0.2251 -0.4806
vn 0.8869 0.1250 -0.4448
vn 0.8252 0.3338 -0.4556
vn 0.8967 -0.0663 -0.4376
vn 0.9509 -0.0413 -0.3068
vn 0.9080 0.1805 -0.3782
vn 0.7437 0.4632 -0.4821
vn -0.6607 -0.5929 0.4604
vn -0.6837 -0.5862 0.4347
vn -0.7080 -0.5534 0.4388
vn -0.7027 -0.5453 0.4570
vn 0.8479 0.3790 -0.3708
vn 0.9674 0.0877 -0.2376
vn -0.6927 -0.5587 0.4561
vn -0.6656 -0.6037 0.4388
vn -0.6799 -0.5490 0.4860
vn -0.6090 -0.6029 0.5154
vn -0.6465 -0.6283 0.4328
vn -0.4252 -0.7809 0.4577
vn -0.2207 -0.8833 0.4136
vn -0.6127 -0.6442 0.4579
vn -0.1717 -0.8324 0.5268
vn -0.4807 -0.6922 0.5383
vn -0.1413 -0.8859 0.4419
vn -0.4271 -0.7434 0.5148
vn -0.6518 -0.5631 0.5080
vn -0.6961 -0.5354 0.4784
vn -0.3516 -0.7295 0.5867
vn -0.3333 -0.7791 0.5310
vn -0.4296 -0.7687 0.4738
vn -0.4290 -0.7403 0.5176
vn -0.4857 -0.6582 0.5752
vn -0.4072 -0.6488 0.6428
vn -0.4234 -0.6378 0.6434
vn -0.3129 -0.7259 0.6125
vn -0.2644 -0.7863 0.5584
vn -0.5858 -0.7275 0.3572
vn -0.2879 -0.9395 0.1855
vn -0.4221 -0.7382 0.5262
vn -0.4230 -0.7398 0.5233
vn -0.5025 -0.6541 0.5654
vn -0.2761 -0.8596 0.4300
vn -0.2491 -0.8348 0.4910
vn -0.3714 -0.7660 0.5246
vn -0.4737 -0.6853 0.5531
vn -0.5382 -0.6851 0.4909
vn -0.3173 -0.7568 0.5715
vn -0.4337 -0.6312 0.6430
vn 0.0222 0.9391 -0.3430
vn 0.0736 0.9581 -0.2767
vn 0.3755 0.7938 -0.4784
vn 0.4432 0.8277 -0.3443
vn -0.4844 -0.6951 0.5312
vn 0.7858 0.3246 -0.5265
vn 0.3928 0.7907 -0.4695
vn 0.3955 0.8397 -0.3721
vn 0.8427 0.3388 -0.4184
vn 0.8557 0.1809 -0.4848
vn 0.9269 0.2237 -0.3015
vn 0.9139 0.2827 -0.2914
vn 0.3853 0.8630 -0.3267
vn 0.0813 0.9782 -0.1913
vn 0.1241 0.9728 -0.1955
vn -0.4409 -0.7219 0.5333
vn -0.5952 -0.5930 0.5423
vn -0.0694 -0.9149 0.3977
vn 0.0020 -0.9118 0.4107
vn 0.0287 0.9250 -0.3790
vn -0.5303 -0.7938 0.2978
vn -0.1594 -0.9688 0.1897
vn -0.0561 -0.8772 0.4768
vn -0.4200 -0.7027 0.5742
vn -0.0697 -0.9014 0.4273
vn 0.1476 -0.9473 0.2844
vn 0.0573 -0.8926 0.4472
vn -0.0543 -0.9022 0.4279
vn 0.0364 -0.9066 0.4205
vn -0.5069 -0.6506 0.5656
vn -0.4112 -0.8853 0.2170
vn -0.3272 -0.9131 0.2433
vn -0.4022 -0.8768 0.2634
vn -0.6092 -0.5917 0.5280
vn -0.5840 -0.6260 0.5167
vn -0.4631 -0.6915 0.5544
vn -0.0074 -0.9944 0.1057
vn -0.4210 -0.7384 0.5269
vn -0.2667 -0.9279 0.2604
vn -0.5368 -0.5211 0.6635
vn -0.6017 -0.5118 0.6132
vn -0.5469 -0.5702 0.6130
vn -0.4643 -0.6114 0.6408
vn -0.4576 -0.6290 0.6284
vn -0.3708 -0.8535 0.3662
vn 0.5966 0.4416 -0.6701
vn 0.5649 0.5169 -0.6432
vn 0.5295 0.4985 -0.6863
vn 0.5822 0.4111 -0.7014
vn 0.5191 0.6270 -0.5808
vn 0.4133 0.6612 -0.6261
vn -0.5099 -0.6242 0.5919
vn 0.4776 0.6275 -0.6149
vn 0.5955 0.4521 -0.6640
vn 0.6101 0.4496 -0.6524
vn 0.4630 0.6457 -0.6073
vn 0.6571 0.3011 -0.6911
vn 0.5623 0.4575 -0.6889
vn 0.6841 0.2633 -0.6802
vn 0.7266 -0.0057 -0.6870
vn 0.7424 0.0296 -0.6693
vn 0.4163 0.6407 -0.6452
vn 0.2338 0.8518 -0.4688
vn 0.3494 0.8203 -0.4527
vn 0.4179 0.7248 -0.5477
vn 0.3174 0.7484 -0.5824
vn 0.2623 0.7651 -0.5880
vn 0.1482 0.8699 -0.4704
vn 0.0339 0.9412 -0.3362
vn 0.1197 0.9208 -0.3712
vn 0.2361 0.8978 -0.3718
vn 0.6414 0.2993 -0.7064
vn 0.6657 0.0366 -0.7453
vn 0.2141 0.8773 -0.4296
vn 0.2850 0.7667 -0.5753
vn 0.1688 0.9337 -0.3157
vn 0.2584 0.9546 -0.1482
vn 0.1431 0.9536 -0.2648
vn 0.3804 0.8747 -0.3003
vn 0.4656 0.7732 -0.4306
vn 0.5148 0.6913 -0.5071
vn -0.5192 -0.5821 0.6258
vn -0.4724 -0.6598 0.5843
vn -0.4458 -0.7244 0.5259
vn -0.4277 -0.7833 0.4511
vn -0.3562 -0.8054 0.4737
vn -0.3345 -0.8126 0.4773
vn -0.3970 -0.7171 0.5729
vn -0.4219 -0.6983 0.5782
vn -0.3275 -0.8363 0.4398
vn -0.3529 -0.8122 0.4645
vn -0.4782 -0.5518 0.6833
vn -0.4843 -0.5572 0.6745
vn -0.3862 -0.7944 0.4688
vn -0.4009 -0.7771 0.4851
vn -0.4066 -0.7389 0.5372
vn -0.4123 -0.7280 0.5477
vn -0.4050 -0.7907 0.4592
vn -0.3514 -0.8084 0.4722
vn -0.3769 -0.7298 0.5703
vn -0.5011 -0.6790 0.5365
vn -0.6133 -0.5965 0.5177
vn -0.7195 -0.6103 0.3313
vn -0.7708 -0.5039 0.3897
vn -0.6082 -0.6633 0.4360
vn -0.5713 -0.5111 0.6422
vn -0.5933 -0.5946 0.5427
vn -0.6097 -0.7609 0.2220
vn -0.4129 -0.8848 0.2160
vn -0.4698 -0.7371 0.4858
vn -0.7072 -0.5503 0.4439
vn -0.4888 -0.7411 0.4604
vn -0.4404 -0.7697 0.4621
vn -0.5358 -0.5052 0.6765
vn -0.4953 -0.5568 0.6669
vn 0.2827 0.1094 -0.9529
vn 0.3578 0.3557 -0.8634
vn 0.4118 0.4370 -0.7996
vn 0.3358 0.2114 -0.9179
vn 0.3200 0.1119 -0.9408
vn 0.3444 0.2222 -0.9122
vn -0.3607 -0.8950 0.2626
vn -0.4655 -0.7065 0.5330
vn -0.3420 -0.8237 0.4522
vn 0.4022 0.2508 -0.8805
vn 0.4503 0.4441 -0.7746
vn 0.4215 0.4363 -0.7950
vn 0.3860 0.2051 -0.8994
vn 0.3727 0.0164 -0.9278
vn 0.3717 0.0913 -0.9239
vn 0.4407 0.5872 -0.6790
vn 0.4071 0.5732 -0.7111
vn 0.5569 0.8243 0.1020
vn 0.5591 0.7835 -0.2712
vn 0.5829 0.6129 -0.5335
vn 0.6033 0.7972 -0.0201
vn 0.4801 0.5826 -0.6558
vn 0.4463 0.3101 -0.8394
vn 0.3966 0.4358 -0.8079
vn 0.3388 0.1114 -0.9342
vn 0.2889 -0.0775 -0.9542
vn -0.5699 0.0249 0.8214
vn -0.4109 -0.1373 0.9013
vn -0.3458 0.1857 0.9198
vn -0.5381 0.3308 0.7752
vn -0.5067 0.1581 0.8475
vn -0.5250 -0.0411 0.8501
vn -0.5372 -0.1011 0.8374
vn -0.3773 -0.2229 0.8989
vn -0.2408 -0.2092 0.9478
vn -0.2902 -0.2602 0.9209
vn -0.0928 0.0640 0.9936
vn -0.5267 -0.5543 0.6444
vn -0.6569 -0.3136 0.6857
vn -0.3903 -0.1259 0.9120
vn -0.6060 -0.2482 0.7558
vn -0.4123 -0.3604 0.8367
vn -0.2910 0.2206 0.9309
vn 0.3554 0.5656 -0.7442
vn 0.4466 0.5498 -0.7059
vn 0.4302 0.4617 -0.7758
vn 0.3794 0.4877 -0.7863
vn 0.3941 0.5346 -0.7476
vn 0.3374 0.5798 -0.7416
vn -0.3262 -0.4627 0.8243
vn 0.4452 0.5623 -0.6969
vn 0.4022 0.6116 -0.6813
vn 0.5329 0.6095 -0.5869
vn 0.4387 0.6350 -0.6359
vn 0.5322 0.5355 -0.6558
vn 0.3543 0.6553 -0.6671
vn 0.3109 0.6546 -0.6891
vn 0.4931 0.4620 -0.7372
vn -0.4892 -0.5431 0.6824
vn -0.4423 -0.6076 0.6597
vn -0.5085 -0.5513 0.6615
vn -0.5155 -0.5473 0.6593
vn -0.4511 -0.5948 0.6653
vn -0.4276 -0.6259 0.6523
vn 0.3434 0.6654 -0.6628
vn -0.4596 -0.5905 0.6634
vn -0.4664 -0.5500 0.6928
vn -0.4133 -0.6928 0.5909
vn -0.4196 -0.6685 0.6141
vn -0.4179 -0.6662 0.6177
vn -0.4128 -0.6560 0.6318
vn -0.4681 -0.6194 0.6303
vn -0.4314 -0.6508 0.6248
vn -0.4585 -0.5963 0.6589
vn 0.2569 0.8196 -0.5120
vn 0.1402 0.9691 -0.2030
vn 0.1529 0.9801 -0.1266
vn 0.6137 0.7884 -0.0422
vn 0.6340 0.7707 -0.0639
vn -0.3349 0.8981 -0.2851
vn -0.2747 0.9459 -0.1724
vn 0.1130 0.9754 -0.1894
vn -0.3172 0.9377 -0.1417
vn 0.5903 0.7893 -0.1687
vn 0.8878 0.4546 0.0724
vn 0.8819 0.4697 0.0406
vn 0.8210 0.5597 -0.1131
vn -0.5418 0.8294 -0.1361
vn -0.5751 0.8084 -0.1254
vn -0.3963 0.8897 -0.2266
vn -0.1531 0.9220 -0.3556
vn 0.4329 0.7878 -0.4382
vn 0.3208 0.8379 -0.4416
vn 0.3716 0.8395 -0.3965
vn 0.3841 0.7930 -0.4729
vn -0.4952 0.7929 -0.3551
vn 0.0204 0.8859 -0.4635
vn 0.3465 0.8174 -0.4602
vn 0.0637 0.9053 -0.4201
vn -0.5835 0.7532 -0.3036
vn 0.1474 0.8662 -0.4774
vn 0.3642 0.7909 -0.4917
vn 0.0250 0.9567 -0.2900
vn -0.0867 0.9757 -0.2010
vn -0.1960 0.9755 -0.1000
vn -0.1343 0.9755 -0.1742
vn 0.6028 0.1262 -0.7879
vn 0.7250 0.1030 -0.6810
vn 0.3405 0.6344 -0.6940
vn 0.4954 0.5752 -0.6510
vn 0.0070 0.9984 0.0567
vn 0.3115 0.9202 -0.2372
vn 0.6786 0.5023 -0.5359
vn 0.0467 0.9307 -0.3627
vn 0.0718 0.9927 -0.0970
vn -0.0679 0.9289 -0.3641
vn 0.7908 0.1125 -0.6017
vn -0.3209 0.7913 0.5205
vn -0.0686 0.7124 0.6984
vn 0.2842 0.9394 0.1916
vn -0.0081 0.9926 0.1210
vn 0.2270 0.5247 0.8204
vn 0.5023 0.7917 0.3478
vn 0.6109 0.7774 -0.1498
vn 0.6110 0.5057 -0.6090
vn 0.5673 0.4733 -0.6740
vn 0.4965 0.8238 -0.2735
vn 0.2644 0.8876 -0.3771
vn 0.3329 0.5226 -0.7849
vn 0.3331 0.1306 -0.9338
vn 0.4779 0.1731 -0.8612
vn 0.4599 0.2391 -0.8552
vn -0.7885 -0.4101 0.4584
vn -0.9507 -0.2539 0.1779
vn -0.6825 -0.6047 0.4105
vn -0.8282 -0.5597 0.0291
vn -0.5905 -0.7559 0.2827
vn -0.5767 -0.7210 0.3841
vn -0.5682 -0.7196 0.3992
vn -0.5944 -0.7774 0.2060
vn -0.5416 -0.4340 0.7200
vn -0.4288 -0.0530 0.9018
vn -0.3809 -0.0814 0.9210
vn -0.5305 -0.4348 0.7277
vn -0.2344 0.2942 0.9265
vn -0.2026 0.2635 0.9431
vn 0.0477 0.6538 0.7551
vn 0.0539 0.6376 0.7685
vn 0.2866 0.8329 0.4735
vn 0.2611 0.8525 0.4529
vn 0.4115 0.8952 0.1709
vn 0.3405 0.9348 0.1013
vn 0.5355 0.7958 -0.2827
vn 0.5658 0.4178 -0.7108
vn 0.4906 0.4598 -0.7402
vn 0.4419 0.8409 -0.3125
vn 0.3979 0.0849 -0.9135
vn 0.4637 0.0566 -0.8842
vn 0.4833 0.0794 -0.8719
vn 0.4397 0.1270 -0.8891
vn 0.5644 0.4858 -0.6674
vn 0.5765 0.4050 -0.7097
vn -0.1477 0.5216 -0.8403
vn -0.0108 0.4111 -0.9115
vn 0.5631 0.3049 -0.7681
vn 0.3824 0.3412 -0.8587
vn -0.9603 0.0832 -0.2664
vn -0.8156 -0.0476 -0.5767
vn -0.6173 -0.7836 0.0707
vn -0.6049 -0.6853 0.4055
vn -0.6306 -0.6634 0.4028
vn -0.6157 -0.7880 0.0002
vn -0.5518 -0.7235 -0.4147
vn -0.6873 -0.6709 -0.2786
vn -0.5405 -0.4082 0.7357
vn -0.5673 -0.4014 0.7190
vn -0.4004 -0.0710 0.9136
vn -0.4512 -0.0669 0.8899
vn -0.2265 0.3082 0.9240
vn -0.2830 0.3383 0.8975
vn -0.0087 0.6771 0.7358
vn -0.0953 0.7040 0.7038
vn 0.1884 0.9029 0.3864
vn 0.0634 0.9304 0.3610
vn 0.2673 0.9633 0.0254
vn 0.1845 0.9802 -0.0721
vn 0.2820 0.8962 -0.3425
vn 0.3053 0.5827 -0.7531
vn 0.1903 0.6051 -0.7730
vn 0.2230 0.8566 -0.4653
vn -0.6845 -0.4052 0.6060
vn -0.7293 -0.6248 0.2787
vn -0.5809 -0.0710 0.8109
vn -0.7889 -0.0224 0.6141
vn -0.8968 -0.2194 0.3841
vn -0.9236 -0.3812 0.0406
vn -0.4589 0.3292 0.8253
vn -0.7730 0.2687 0.5746
vn -0.3051 0.7086 0.6362
vn -0.6095 0.6118 0.5042
vn 0.2426 0.1739 -0.9544
vn 0.1435 0.0959 -0.9850
vn 0.0094 -0.1469 -0.9891
vn 0.1198 0.1932 -0.9738
vn -0.2333 0.9340 0.2707
vn -0.6715 0.7290 0.1329
vn -0.1549 0.9711 -0.1814
vn -0.6444 0.7159 -0.2686
vn -0.9509 0.2201 0.2176
vn -0.9650 0.1598 -0.2081
vn -0.8263 0.0527 -0.5607
vn -0.6222 -0.0767 -0.7791
vn -0.5541 -0.4598 -0.6939
vn -0.8194 -0.4492 -0.3560
vn -0.5355 0.5738 -0.6197
vn -0.3677 0.3242 -0.8716
vn -0.0189 0.8088 -0.5877
vn 0.0449 0.5318 -0.8457
vn -0.6555 -0.2666 -0.7066
vn -0.4054 -0.4652 -0.7869
vn -0.3044 -0.2431 -0.9210
vn -0.3261 0.0678 -0.9429
vn -0.5170 -0.6784 -0.5220
vn -0.6678 -0.7289 -0.1510
vn -0.1539 -0.1931 -0.9690
vn -0.1268 -0.3862 -0.9137
vn -0.3057 -0.3623 -0.8805
vn -0.1574 -0.2445 -0.9568
vn -0.0217 -0.1958 -0.9804
vn -0.2512 -0.4558 -0.8539
vn -0.4000 -0.5102 -0.7613
vn -0.4566 -0.2393 -0.8569
vn -0.1918 0.0137 -0.9813
vn 0.0412 0.1655 -0.9854
vn -0.4814 -0.8554 -0.1911
vn -0.4885 -0.8499 -0.1978
vn -0.5253 -0.8508 -0.0140
vn -0.5236 -0.8479 0.0834
vn -0.5290 -0.7131 0.4601
vn -0.3780 -0.6537 0.6556
vn -0.5286 -0.8214 0.2143
vn -0.5197 -0.8146 0.2578
vn -0.7393 -0.6391 0.2119
vn -0.3750 -0.8651 0.3330
vn -0.3780 -0.8215 0.4269
vn -0.7658 -0.5918 0.2517
vn -0.3897 -0.7646 0.5133
vn -0.7261 -0.6214 0.2943
vn -0.4249 -0.7617 0.4891
vn -0.4181 -0.8171 0.3969
vn -0.4097 -0.8546 0.3189
vn -0.4491 -0.8387 0.3080
vn -0.4398 -0.8175 0.3719
vn -0.4320 -0.7655 0.4769
vn -0.4615 -0.8071 0.3682
vn -0.4928 -0.8143 0.3068
vn -0.4324 -0.7646 0.4780
vn -0.4176 -0.8282 0.3737
vn -0.4320 -0.7819 0.4495
vn -0.3901 -0.8748 0.2874
vn -0.3104 -0.8935 0.3246
vn -0.3301 -0.8581 0.3934
vn -0.3542 -0.8191 0.4512
vn -0.6475 -0.6714 0.3605
vn -0.4872 -0.8014 0.3469
vn -0.4990 -0.8102 0.3077
vn -0.7231 -0.6173 0.3100
vn -0.4363 -0.8288 0.3504
vn -0.4422 -0.8415 0.3104
vn -0.4337 -0.8145 0.3853
vn -0.3674 -0.8359 0.4077
vn -0.3604 -0.8573 0.3677
vn -0.3625 -0.8754 0.3199
vn -0.2919 -0.9272 0.2346
vn -0.3540 -0.9220 0.1568
vn -0.2930 -0.9529 -0.0787
vn -0.2697 -0.9595 0.0814
vn -0.3195 -0.8648 0.3873
vn -0.3336 -0.8385 0.4308
vn -0.3081 -0.8922 0.3302
vn -0.2006 -0.9049 -0.3753
vn -0.2210 -0.9555 -0.1956
vn -0.6448 0.7433 -0.1785
vn -0.9537 0.2821 0.1047
vn -0.5154 -0.5624 -0.6466
vn -0.0403 -0.8053 -0.5914
vn -0.2032 -0.9054 -0.3728
vn -0.1800 -0.8957 -0.4065
vn -0.0817 -0.7935 -0.6031
vn 0.1027 -0.5680 -0.8166
vn 0.1599 -0.6000 -0.7838
vn -0.4388 0.1316 -0.8889
vn -0.4382 0.6614 -0.6087
vn -0.0071 -0.7464 -0.6654
vn 0.1300 -0.6188 -0.7747
vn -0.4819 -0.2544 -0.8385
vn 0.1795 -0.6028 -0.7775
vn -0.0142 -0.7869 -0.6169
vn -0.2388 -0.8834 -0.4031
vn 0.3997 0.2117 -0.8919
vn 0.4245 0.0602 -0.9034
vn 0.3527 0.8565 -0.3769
vn 0.3951 0.7494 -0.5312
vn -0.2584 0.1333 -0.9568
vn 0.3206 -0.1966 -0.9266
vn 0.4998 0.4532 -0.7382
vn 0.4232 0.6137 -0.6666
vn 0.3823 -0.0868 -0.9200
vn 0.2425 0.9567 -0.1609
vn 0.2860 0.9318 -0.2234
vn 0.2316 0.9483 -0.2169
vn 0.2850 0.9350 -0.2112
vn 0.3943 0.8969 -0.2003
vn 0.5215 0.8285 -0.2039
vn 0.5278 0.7803 -0.3354
vn 0.3758 0.8850 -0.2747
vn 0.2679 0.8998 -0.3444
vn 0.3552 0.8743 -0.3308
vn 0.3062 0.8068 -0.5053
vn 0.3980 0.7755 -0.4901
vn 0.3482 0.6792 -0.6461
vn 0.2880 0.7213 -0.6299
vn 0.3780 0.6187 -0.6887
vn 0.3343 0.6703 -0.6625
vn 0.4456 0.7384 -0.5062
vn 0.4321 0.7115 -0.5541
vn 0.5459 0.7673 -0.3366
vn 0.4737 0.8206 -0.3198
vn 0.3279 0.7244 -0.6064
vn 0.3549 0.6844 -0.6369
vn 0.3535 0.6881 -0.6336
vn 0.3757 0.7046 -0.6020
vn 0.2488 0.7147 -0.6537
vn 0.3497 0.6795 -0.6450
vn 0.1722 0.7147 -0.6779
vn 0.3247 0.6466 -0.6903
vn 0.3835 0.6904 -0.6135
vn 0.4233 0.6327 -0.6484
vn 0.4632 0.7014 -0.5417
vn 0.4091 0.7477 -0.5230
vn 0.3568 0.7027 -0.6156
vn 0.3298 0.7536 -0.5687
vn 0.2681 0.7328 -0.6254
vn 0.3383 0.6822 -0.6482
vn 0.1788 0.6882 -0.7032
vn 0.2752 0.6635 -0.6957
vn 0.1438 0.6647 -0.7332
vn 0.1976 0.6635 -0.7216
vn 0.5309 0.7019 -0.4748
vn 0.4235 0.6032 -0.6759
vn 0.4105 0.6166 -0.6718
vn 0.4815 0.6742 -0.5600
vn 0.5882 0.8004 -0.1154
vn 0.5911 0.8062 -0.0228
vn 0.5586 0.7155 -0.4196
vn 0.5642 0.8255 0.0162
vn 0.6196 0.7842 0.0340
vn 0.5742 0.7386 -0.3532
vn 0.4224 0.7062 -0.5682
vn 0.4214 0.6457 -0.6368
vn 0.5942 0.8030 0.0468
vn 0.5556 0.7838 -0.2776
vn 0.4389 0.7600 -0.4794
vn 0.5091 0.7331 0.4510
vn 0.5085 0.7360 0.4469
vn 0.5238 0.7276 0.4429
vn 0.3532 0.8561 0.3772
vn 0.5250 0.7613 0.3805
vn 0.3174 0.8731 0.3700
vn 0.4201 0.8366 0.3516
vn 0.5036 0.7827 0.3658
vn -0.1068 -0.0619 0.9924
vn -0.1326 -0.0203 0.9910
vn 0.3381 0.5739 0.7459
vn 0.4195 0.6150 0.6677
vn 0.4499 0.8212 0.3509
vn 0.5087 0.7928 0.3356
vn 0.5777 0.8008 0.1581
vn 0.5216 0.8307 0.1944
vn 0.4556 0.8523 0.2568
vn 0.3043 0.6181 0.7248
vn 0.2899 0.6763 0.6772
vn 0.4793 0.8269 0.2942
vn 0.3125 0.7117 0.6292
vn 0.4997 0.8159 0.2909
vn -0.0398 0.6462 0.7621
vn -0.6221 0.2688 0.7353
vn -0.7239 0.5758 -0.3799
vn -0.0246 0.3372 0.9411
vn -0.0410 0.2293 0.9725
vn -0.3270 -0.1804 0.9277
vn -0.3497 -0.0669 0.9345
vn -0.1022 0.1084 0.9888
vn -0.3879 -0.2761 0.8794
vn -0.3883 0.5866 -0.7107
vn -0.8180 0.5289 0.2259
vn -0.4111 0.5866 -0.6977
vn -0.8587 -0.0748 0.5069
vn -0.7811 0.4899 -0.3871
vn -0.6079 -0.6600 0.4415
vn -0.3995 -0.7411 0.5396
vn -0.4120 -0.7316 0.5431
vn -0.5734 -0.6625 0.4820
vn -0.4265 -0.7372 0.5240
vn -0.4255 -0.7395 0.5216
vn -0.4190 -0.7387 0.5280
vn -0.4093 -0.7390 0.5351
vn -0.5691 -0.6479 0.5063
vn -0.4279 -0.7360 0.5246
vn -0.3947 -0.7320 0.5553
vn -0.4239 -0.7185 0.5515
vn -0.4295 -0.7355 0.5240
vn -0.3882 -0.7566 0.5262
vn -0.4125 -0.7313 0.5431
vn -0.3988 -0.7317 0.5529
vn -0.4336 -0.7536 0.4941
vn -0.3761 -0.7867 0.4896
vn -0.3738 -0.7790 0.5034
vn -0.3540 -0.8098 0.4679
vn -0.3793 -0.8107 0.4460
vn -0.3928 -0.7836 0.4812
vn -0.4024 -0.7564 0.5157
vn -0.3875 -0.7511 0.5345
vn 0.4908 0.7652 -0.4166
vn 0.5220 0.7667 -0.3737
vn 0.4245 0.8268 -0.3691
vn 0.4120 0.8114 -0.4147
vn -0.4377 -0.7945 0.4210
vn -0.4391 -0.7709 0.4614
vn -0.4329 -0.7469 0.5048
vn 0.2994 0.8245 -0.4802
vn 0.2842 0.8744 -0.3932
vn 0.1991 0.8871 -0.4164
vn 0.2197 0.8121 -0.5405
vn 0.2377 0.9164 -0.3220
vn 0.3178 0.8150 -0.4846
vn 0.2264 0.8670 -0.4439
vn 0.1614 0.9524 -0.2587
vn 0.0458 0.9171 -0.3959
vn 0.1816 0.8458 -0.5017
vn -0.0325 0.8924 -0.4501
vn 0.3460 0.8239 -0.4488
vn 0.2236 0.8393 -0.4956
vn 0.1231 0.8924 -0.4342
vn 0.5435 0.7264 -0.4206
vn 0.5387 0.7057 -0.4602
vn 0.4841 0.7226 -0.4935
vn 0.4626 0.7806 -0.4202
vn 0.3239 0.8652 -0.3827
vn 0.3872 0.7704 -0.5065
vn 0.4871 0.6628 -0.5688
vn 0.4433 0.6450 -0.6225
vn 0.3557 0.6838 -0.6371
vn 0.3037 0.7177 -0.6266
vn 0.2790 0.7550 -0.5933
vn -0.9361 -0.2074 -0.2841
vn -0.8067 -0.5747 -0.1375
vn -0.4602 -0.8627 0.2096
vn -0.8151 -0.5786 -0.0303
vn -0.4890 -0.8531 -0.1819
vn -0.4986 -0.8142 0.2973
vn -0.4655 -0.8267 0.3160
vn -0.5099 -0.8456 -0.1582
vn -0.8217 -0.3124 -0.4767
vn -0.5271 -0.8382 -0.1397
vn -0.4284 -0.8480 0.3119
vn -0.5274 -0.7197 -0.4514
vn -0.7879 -0.5516 -0.2739
vn -0.7486 -0.6628 0.0186
vn -0.5411 -0.7821 -0.3092
vn -0.8878 -0.0019 -0.4603
vn -0.7606 -0.5122 0.3990
vn -0.7879 -0.5969 0.1514
vn -0.8186 -0.5050 0.2737
vn -0.6327 -0.3229 0.7038
vn -0.5890 -0.5288 0.6111
vn -0.6760 -0.5970 0.4320
vn -0.6415 -0.7255 0.2492
vn -0.5351 -0.8309 -0.1524
vn -0.4748 -0.5617 0.6775
vn -0.6182 -0.6294 0.4708
vn -0.9229 -0.3806 0.0584
vn -0.8263 -0.5358 0.1738
vn -0.8087 -0.5489 0.2114
vn -0.9140 -0.4057 0.0080
vn -0.9291 0.0359 -0.3681
vn -0.9725 0.0115 -0.2325
vn -0.8863 -0.4631 -0.0026
vn -0.8412 -0.5408 -0.0019
vn -0.9799 -0.1171 -0.1616
vn -0.8323 -0.5094 0.2186
vn -0.8137 -0.5503 0.1873
vn -0.8151 -0.5781 0.0390
vn -0.8117 -0.5663 0.1428
vn -0.7504 -0.5965 0.2849
vn -0.6974 -0.6353 0.3318
vn -0.6009 -0.7977 0.0499
vn -0.9903 -0.0822 0.1122
vn -0.9624 -0.2430 0.1212
vn -0.5248 -0.8273 0.2003
vn -0.2669 -0.9591 -0.0941
vn -0.2977 -0.9440 0.1420
vn -0.3378 -0.9395 -0.0571
vn -0.3702 -0.9150 0.1605
vn -0.8358 -0.4895 0.2485
vn -0.5106 -0.8198 0.2591
vn -0.4515 -0.8555 0.2535
vn -0.4670 -0.8662 0.1777
vn -0.3677 -0.8937 0.2569
vn -0.4305 -0.9015 -0.0446
vn -0.3029 -0.9173 0.2583
vn -0.7644 0.1000 0.6369
vn -0.2829 -0.0541 0.9576
vn -0.8804 0.3093 0.3594
vn -0.3528 0.0635 0.9335
vn -0.4268 -0.2907 0.8564
vn -0.4086 -0.3027 0.8611
vn -0.2559 -0.0937 0.9622
vn -0.3079 -0.0956 0.9466
vn -0.5799 -0.3989 0.7104
vn -0.5735 -0.4162 0.7056
vn -0.3319 -0.2156 0.9184
vn -0.2546 -0.1361 0.9574
vn -0.1669 -0.0121 0.9859
vn -0.0540 0.1264 0.9905
vn -0.4931 -0.1429 0.8581
vn -0.5642 -0.3894 0.7281
vn -0.1067 -0.0084 0.9943
vn 0.0014 0.0540 0.9985
vn -0.3307 -0.0931 0.9391
vn -0.5021 -0.2249 0.8351
vn -0.8672 0.4875 -0.1016
vn -0.5603 0.5710 0.6000
vn -0.1755 0.0725 0.9818
vn -0.1448 0.1122 0.9831
vn -0.1253 0.0673 0.9898
vn -0.1818 -0.0129 0.9833
vn -0.2044 0.0838 0.9753
vn -0.1875 0.0780 0.9792
vn -0.0920 0.1145 0.9892
vn -0.0637 0.1279 0.9897
vn -0.1351 0.0694 0.9884
vn -0.0283 0.0657 -0.9974
vn 0.0676 0.6657 -0.7432
vn 0.3499 0.8678 -0.3529
vn -0.4925 0.8448 -0.2091
# 3518 vertex normals

vt 0.0000 0.0000 0.0000
# 1 texture coords

o Ala_Derecha
g Ala_Derecha
usemtl _17174_Tiamat_v1default
s 1
f 1/1/1 2/1/2 3/1/3 
f 3/1/3 4/1/4 1/1/1 
f 4/1/4 5/1/5 6/1/6 
f 6/1/6 1/1/1 4/1/4 
f 1/1/1 6/1/6 7/1/7 
f 7/1/7 8/1/8 1/1/1 
f 8/1/8 9/1/9 2/1/2 
f 2/1/2 1/1/1 8/1/8 
f 10/1/10 11/1/11 12/1/12 
f 12/1/12 13/1/13 10/1/10 
f 10/1/10 14/1/14 15/1/15 
f 15/1/15 11/1/11 10/1/10 
f 11/1/11 15/1/15 9/1/9 
f 9/1/9 8/1/8 11/1/11 
f 8/1/8 7/1/7 12/1/12 
f 12/1/12 11/1/11 8/1/8 
f 16/1/16 17/1/17 18/1/18 
f 18/1/18 19/1/19 16/1/16 
f 19/1/19 9/1/9 15/1/15 
f 15/1/15 16/1/16 19/1/19 
f 16/1/16 15/1/15 14/1/14 
f 14/1/14 20/1/20 16/1/16 
f 16/1/16 20/1/20 21/1/21 
f 22/1/22 23/1/23 24/1/24 
f 24/1/24 25/1/25 22/1/22 
f 24/1/24 3/1/3 2/1/2 
f 2/1/2 25/1/25 24/1/24 
f 25/1/25 2/1/2 9/1/9 
f 9/1/9 19/1/19 25/1/25 
f 25/1/25 19/1/19 18/1/18 
f 18/1/18 22/1/22 25/1/25 
f 26/1/26 27/1/27 28/1/28 
f 28/1/28 29/1/29 26/1/26 
f 29/1/29 30/1/30 31/1/31 
f 31/1/31 26/1/26 29/1/29 
f 26/1/26 31/1/31 32/1/32 
f 32/1/32 33/1/33 26/1/26 
f 33/1/33 34/1/34 27/1/27 
f 27/1/27 26/1/26 33/1/33 
f 35/1/35 36/1/36 37/1/37 
f 37/1/37 38/1/38 35/1/35 
f 38/1/38 28/1/28 27/1/27 
f 27/1/27 35/1/35 38/1/38 
f 35/1/35 27/1/27 34/1/34 
f 34/1/34 39/1/39 35/1/35 
f 39/1/39 40/1/40 36/1/36 
f 36/1/36 35/1/35 39/1/39 
f 41/1/41 42/1/42 23/1/23 
f 23/1/23 22/1/22 41/1/41 
f 22/1/22 18/1/18 43/1/43 
f 43/1/43 41/1/41 22/1/22 
f 41/1/41 43/1/43 40/1/40 
f 40/1/40 39/1/39 41/1/41 
f 39/1/39 34/1/34 42/1/42 
f 42/1/42 41/1/41 39/1/39 
f 44/1/44 45/1/45 46/1/46 
f 46/1/46 47/1/47 44/1/44 
f 47/1/47 48/1/48 49/1/49 
f 49/1/49 44/1/44 47/1/47 
f 44/1/44 49/1/49 50/1/50 
f 51/1/51 52/1/52 45/1/45 
f 45/1/45 44/1/44 51/1/51 
f 53/1/53 54/1/54 55/1/55 
f 55/1/55 56/1/56 53/1/53 
f 56/1/56 57/1/57 58/1/58 
f 58/1/58 53/1/53 56/1/56 
f 53/1/53 58/1/58 59/1/59 
f 59/1/59 60/1/60 53/1/53 
f 60/1/60 61/1/61 54/1/54 
f 54/1/54 53/1/53 60/1/60 
f 62/1/62 63/1/63 64/1/64 
f 64/1/64 65/1/65 62/1/62 
f 66/1/66 62/1/62 65/1/65 
f 65/1/65 67/1/67 66/1/66 
f 68/1/68 62/1/62 66/1/66 
f 66/1/66 57/1/57 68/1/68 
f 68/1/68 69/1/69 63/1/63 
f 63/1/63 62/1/62 68/1/68 
f 70/1/70 71/1/71 72/1/72 
f 72/1/72 73/1/73 70/1/70 
f 73/1/73 59/1/59 58/1/58 
f 58/1/58 70/1/70 73/1/73 
f 70/1/70 58/1/58 57/1/57 
f 57/1/57 66/1/66 70/1/70 
f 66/1/66 67/1/67 71/1/71 
f 71/1/71 70/1/70 66/1/66 
f 74/1/74 75/1/75 76/1/76 
f 76/1/76 77/1/77 74/1/74 
f 77/1/77 78/1/78 79/1/79 
f 79/1/79 74/1/74 77/1/77 
f 74/1/74 79/1/79 61/1/61 
f 61/1/61 60/1/60 74/1/74 
f 60/1/60 59/1/59 75/1/75 
f 75/1/75 74/1/74 60/1/60 
f 80/1/80 81/1/81 82/1/82 
f 82/1/82 83/1/83 80/1/80 
f 83/1/83 84/1/84 85/1/85 
f 85/1/85 80/1/80 83/1/83 
f 80/1/80 85/1/85 86/1/86 
f 86/1/86 87/1/87 80/1/80 
f 87/1/87 88/1/88 81/1/81 
f 81/1/81 80/1/80 87/1/87 
f 89/1/89 90/1/90 21/1/21 
f 21/1/21 20/1/20 89/1/89 
f 20/1/20 14/1/14 91/1/91 
f 91/1/91 89/1/89 20/1/20 
f 89/1/89 91/1/91 92/1/92 
f 92/1/92 93/1/93 89/1/89 
f 93/1/93 94/1/94 90/1/90 
f 90/1/90 89/1/89 93/1/93 
f 95/1/95 96/1/96 97/1/97 
f 97/1/97 98/1/98 95/1/95 
f 98/1/98 94/1/94 93/1/93 
f 93/1/93 95/1/95 98/1/98 
f 95/1/95 93/1/93 92/1/92 
f 92/1/92 99/1/99 95/1/95 
f 99/1/99 100/1/100 96/1/96 
f 101/1/101 102/1/102 92/1/92 
f 92/1/92 91/1/91 101/1/101 
f 91/1/91 14/1/14 10/1/10 
f 10/1/10 101/1/101 91/1/91 
f 101/1/101 10/1/10 13/1/13 
f 13/1/13 103/1/103 101/1/101 
f 103/1/103 104/1/104 102/1/102 
f 102/1/102 101/1/101 103/1/103 
f 105/1/105 106/1/106 100/1/100 
f 102/1/102 105/1/105 99/1/99 
f 99/1/99 92/1/92 102/1/102 
f 105/1/105 102/1/102 104/1/104 
f 104/1/104 107/1/107 105/1/105 
f 107/1/107 108/1/108 106/1/106 
f 106/1/106 105/1/105 107/1/107 
f 109/1/109 43/1/43 18/1/18 
f 18/1/18 17/1/17 109/1/109 
f 17/1/17 21/1/21 110/1/110 
f 109/1/109 110/1/110 111/1/111 
f 111/1/111 112/1/112 109/1/109 
f 112/1/112 40/1/40 43/1/43 
f 43/1/43 109/1/109 112/1/112 
f 113/1/113 110/1/110 21/1/21 
f 21/1/21 90/1/90 113/1/113 
f 90/1/90 94/1/94 114/1/114 
f 114/1/114 113/1/113 90/1/90 
f 113/1/113 114/1/114 115/1/115 
f 115/1/115 116/1/116 113/1/113 
f 116/1/116 111/1/111 110/1/110 
f 110/1/110 113/1/113 116/1/116 
f 117/1/117 114/1/114 94/1/94 
f 98/1/98 97/1/97 118/1/118 
f 117/1/117 118/1/118 119/1/119 
f 119/1/119 120/1/120 117/1/117 
f 120/1/120 115/1/115 114/1/114 
f 114/1/114 117/1/117 120/1/120 
f 121/1/121 36/1/36 40/1/40 
f 40/1/40 112/1/112 121/1/121 
f 112/1/112 111/1/111 122/1/122 
f 122/1/122 121/1/121 112/1/112 
f 121/1/121 122/1/122 123/1/123 
f 123/1/123 124/1/124 121/1/121 
f 124/1/124 37/1/37 36/1/36 
f 36/1/36 121/1/121 124/1/124 
f 125/1/125 126/1/126 127/1/127 
f 127/1/127 128/1/128 125/1/125 
f 129/1/129 125/1/125 128/1/128 
f 128/1/128 130/1/130 129/1/129 
f 125/1/125 129/1/129 131/1/131 
f 131/1/131 132/1/132 125/1/125 
f 132/1/132 133/1/133 126/1/126 
f 126/1/126 125/1/125 132/1/132 
f 134/1/134 135/1/135 136/1/136 
f 137/1/137 136/1/136 138/1/138 
f 138/1/138 139/1/139 137/1/137 
f 132/1/132 137/1/137 139/1/139 
f 139/1/139 133/1/133 132/1/132 
f 132/1/132 131/1/131 134/1/134 
f 134/1/134 137/1/137 132/1/132 
f 140/1/140 141/1/141 142/1/142 
f 143/1/143 127/1/127 144/1/144 
f 144/1/144 140/1/140 143/1/143 
f 140/1/140 144/1/144 145/1/145 
f 145/1/145 146/1/146 140/1/140 
f 146/1/146 147/1/147 141/1/141 
f 141/1/141 140/1/140 146/1/146 
f 148/1/148 72/1/72 71/1/71 
f 71/1/71 149/1/149 148/1/148 
f 71/1/71 67/1/67 150/1/150 
f 150/1/150 149/1/149 71/1/71 
f 149/1/149 150/1/150 151/1/151 
f 152/1/152 153/1/153 148/1/148 
f 154/1/154 155/1/155 156/1/156 
f 156/1/156 157/1/157 154/1/154 
f 154/1/154 157/1/157 158/1/158 
f 158/1/158 159/1/159 154/1/154 
f 159/1/159 160/1/160 161/1/161 
f 161/1/161 154/1/154 159/1/159 
f 161/1/161 162/1/162 155/1/155 
f 155/1/155 154/1/154 161/1/161 
f 163/1/163 164/1/164 162/1/162 
f 162/1/162 161/1/161 163/1/163 
f 161/1/161 160/1/160 165/1/165 
f 165/1/165 163/1/163 161/1/161 
f 163/1/163 165/1/165 166/1/166 
f 166/1/166 167/1/167 163/1/163 
f 167/1/167 168/1/168 164/1/164 
f 164/1/164 163/1/163 167/1/167 
f 169/1/169 170/1/170 171/1/171 
f 171/1/171 172/1/172 169/1/169 
f 172/1/172 173/1/173 174/1/174 
f 174/1/174 169/1/169 172/1/172 
f 169/1/169 174/1/174 175/1/175 
f 175/1/175 176/1/176 169/1/169 
f 176/1/176 177/1/177 170/1/170 
f 170/1/170 169/1/169 176/1/176 
f 178/1/178 179/1/179 180/1/180 
f 180/1/180 181/1/181 178/1/178 
f 181/1/181 182/1/182 183/1/183 
f 183/1/183 178/1/178 181/1/181 
f 178/1/178 183/1/183 173/1/173 
f 173/1/173 172/1/172 178/1/178 
f 172/1/172 171/1/171 179/1/179 
f 179/1/179 178/1/178 172/1/172 
f 184/1/184 185/1/185 186/1/186 
f 186/1/186 187/1/187 184/1/184 
f 181/1/181 185/1/185 184/1/184 
f 184/1/184 182/1/182 181/1/181 
f 181/1/181 180/1/180 188/1/188 
f 188/1/188 185/1/185 181/1/181 
f 185/1/185 188/1/188 189/1/189 
f 189/1/189 186/1/186 185/1/185 
f 190/1/190 191/1/191 153/1/153 
f 153/1/153 152/1/152 190/1/190 
f 152/1/152 151/1/151 192/1/192 
f 192/1/192 190/1/190 152/1/152 
f 190/1/190 192/1/192 193/1/193 
f 193/1/193 194/1/194 190/1/190 
f 194/1/194 195/1/195 191/1/191 
f 191/1/191 190/1/190 194/1/194 
f 196/1/196 197/1/197 198/1/198 
f 198/1/198 199/1/199 196/1/196 
f 199/1/199 200/1/200 201/1/201 
f 201/1/201 196/1/196 199/1/199 
f 196/1/196 201/1/201 195/1/195 
f 195/1/195 194/1/194 196/1/196 
f 194/1/194 193/1/193 197/1/197 
f 197/1/197 196/1/196 194/1/194 
f 202/1/202 203/1/203 204/1/204 
f 204/1/204 205/1/205 202/1/202 
f 205/1/205 82/1/82 81/1/81 
f 81/1/81 202/1/202 205/1/205 
f 202/1/202 81/1/81 88/1/88 
f 88/1/88 206/1/206 202/1/202 
f 206/1/206 207/1/207 203/1/203 
f 203/1/203 202/1/202 206/1/206 
f 208/1/208 209/1/209 207/1/207 
f 207/1/207 206/1/206 208/1/208 
f 206/1/206 88/1/88 210/1/210 
f 210/1/210 208/1/208 206/1/206 
f 208/1/208 210/1/210 211/1/211 
f 211/1/211 212/1/212 208/1/208 
f 212/1/212 213/1/213 209/1/209 
f 209/1/209 208/1/208 212/1/212 
f 214/1/214 215/1/215 213/1/213 
f 213/1/213 212/1/212 214/1/214 
f 212/1/212 211/1/211 216/1/216 
f 216/1/216 214/1/214 212/1/212 
f 214/1/214 216/1/216 217/1/217 
f 217/1/217 218/1/218 214/1/214 
f 218/1/218 219/1/219 215/1/215 
f 215/1/215 214/1/214 218/1/218 
f 220/1/220 221/1/221 219/1/219 
f 219/1/219 218/1/218 220/1/220 
f 218/1/218 217/1/217 222/1/222 
f 222/1/222 220/1/220 218/1/218 
f 220/1/220 222/1/222 223/1/223 
f 223/1/223 224/1/224 220/1/220 
f 224/1/224 225/1/225 221/1/221 
f 221/1/221 220/1/220 224/1/224 
f 226/1/226 227/1/227 228/1/228 
f 229/1/229 230/1/230 231/1/231 
f 231/1/231 232/1/232 233/1/233 
f 233/1/233 226/1/226 231/1/231 
f 234/1/234 227/1/227 226/1/226 
f 235/1/235 236/1/236 237/1/237 
f 237/1/237 238/1/238 235/1/235 
f 238/1/238 239/1/239 240/1/240 
f 240/1/240 235/1/235 238/1/238 
f 235/1/235 240/1/240 241/1/241 
f 241/1/241 242/1/242 235/1/235 
f 242/1/242 243/1/243 236/1/236 
f 236/1/236 235/1/235 242/1/242 
f 244/1/244 245/1/245 246/1/246 
f 246/1/246 247/1/247 244/1/244 
f 247/1/247 248/1/248 249/1/249 
f 249/1/249 244/1/244 247/1/247 
f 244/1/244 249/1/249 250/1/250 
f 250/1/250 251/1/251 244/1/244 
f 251/1/251 252/1/252 245/1/245 
f 245/1/245 244/1/244 251/1/251 
f 253/1/253 254/1/254 255/1/255 
f 255/1/255 256/1/256 253/1/253 
f 256/1/256 257/1/257 258/1/258 
f 258/1/258 253/1/253 256/1/256 
f 253/1/253 258/1/258 259/1/259 
f 259/1/259 260/1/260 253/1/253 
f 260/1/260 261/1/261 254/1/254 
f 254/1/254 253/1/253 260/1/260 
f 262/1/262 263/1/263 264/1/264 
f 264/1/264 265/1/265 262/1/262 
f 265/1/265 246/1/246 245/1/245 
f 245/1/245 262/1/262 265/1/265 
f 262/1/262 245/1/245 252/1/252 
f 252/1/252 266/1/266 262/1/262 
f 266/1/266 267/1/267 263/1/263 
f 263/1/263 262/1/262 266/1/266 
f 268/1/268 269/1/269 270/1/270 
f 270/1/270 271/1/271 268/1/268 
f 271/1/271 138/1/138 272/1/272 
f 272/1/272 268/1/268 271/1/271 
f 272/1/272 273/1/273 274/1/274 
f 274/1/274 268/1/268 272/1/272 
f 274/1/274 275/1/275 269/1/269 
f 269/1/269 268/1/268 274/1/274 
f 276/1/276 277/1/277 168/1/168 
f 168/1/168 167/1/167 276/1/276 
f 167/1/167 166/1/166 278/1/278 
f 278/1/278 276/1/276 167/1/167 
f 278/1/278 279/1/279 280/1/280 
f 280/1/280 276/1/276 278/1/278 
f 280/1/280 281/1/281 277/1/277 
f 277/1/277 276/1/276 280/1/280 
f 282/1/282 283/1/283 284/1/284 
f 284/1/284 285/1/285 282/1/282 
f 285/1/285 200/1/200 199/1/199 
f 282/1/282 199/1/199 198/1/198 
f 286/1/286 287/1/287 283/1/283 
f 283/1/283 282/1/282 286/1/286 
f 288/1/288 289/1/289 290/1/290 
f 290/1/290 291/1/291 288/1/288 
f 291/1/291 292/1/292 293/1/293 
f 293/1/293 288/1/288 291/1/291 
f 288/1/288 293/1/293 248/1/248 
f 248/1/248 247/1/247 288/1/288 
f 247/1/247 246/1/246 289/1/289 
f 289/1/289 288/1/288 247/1/247 
f 294/1/294 295/1/295 296/1/296 
f 296/1/296 297/1/297 294/1/294 
f 297/1/297 100/1/100 106/1/106 
f 106/1/106 294/1/294 297/1/297 
f 294/1/294 106/1/106 108/1/108 
f 108/1/108 298/1/298 294/1/294 
f 298/1/298 299/1/299 295/1/295 
f 295/1/295 294/1/294 298/1/298 
f 300/1/300 203/1/203 207/1/207 
f 207/1/207 301/1/301 300/1/300 
f 301/1/301 296/1/296 295/1/295 
f 295/1/295 300/1/300 301/1/301 
f 300/1/300 295/1/295 299/1/299 
f 299/1/299 302/1/302 300/1/300 
f 302/1/302 204/1/204 203/1/203 
f 203/1/203 300/1/300 302/1/302 
f 303/1/303 304/1/304 305/1/305 
f 305/1/305 306/1/306 303/1/303 
f 306/1/306 97/1/97 96/1/96 
f 96/1/96 303/1/303 306/1/306 
f 303/1/303 96/1/96 100/1/100 
f 100/1/100 297/1/297 303/1/303 
f 297/1/297 296/1/296 304/1/304 
f 304/1/304 303/1/303 297/1/297 
f 307/1/307 209/1/209 213/1/213 
f 213/1/213 308/1/308 307/1/307 
f 308/1/308 305/1/305 304/1/304 
f 304/1/304 307/1/307 308/1/308 
f 307/1/307 304/1/304 296/1/296 
f 296/1/296 301/1/301 307/1/307 
f 301/1/301 207/1/207 209/1/209 
f 209/1/209 307/1/307 301/1/301 
f 309/1/309 310/1/310 311/1/311 
f 312/1/312 119/1/119 118/1/118 
f 118/1/118 309/1/309 312/1/312 
f 309/1/309 118/1/118 97/1/97 
f 97/1/97 306/1/306 309/1/309 
f 306/1/306 305/1/305 310/1/310 
f 310/1/310 309/1/309 306/1/306 
f 313/1/313 215/1/215 219/1/219 
f 219/1/219 314/1/314 313/1/313 
f 314/1/314 311/1/311 310/1/310 
f 310/1/310 313/1/313 314/1/314 
f 313/1/313 310/1/310 305/1/305 
f 305/1/305 308/1/308 313/1/313 
f 308/1/308 213/1/213 215/1/215 
f 215/1/215 313/1/313 308/1/308 
f 315/1/315 316/1/316 317/1/317 
f 317/1/317 318/1/318 315/1/315 
f 318/1/318 319/1/319 320/1/320 
f 320/1/320 315/1/315 318/1/318 
f 315/1/315 320/1/320 119/1/119 
f 119/1/119 312/1/312 315/1/315 
f 312/1/312 311/1/311 316/1/316 
f 316/1/316 315/1/315 312/1/312 
f 321/1/321 221/1/221 225/1/225 
f 225/1/225 322/1/322 321/1/321 
f 322/1/322 317/1/317 316/1/316 
f 316/1/316 321/1/321 322/1/322 
f 321/1/321 316/1/316 311/1/311 
f 311/1/311 314/1/314 321/1/321 
f 314/1/314 219/1/219 221/1/221 
f 221/1/221 321/1/321 314/1/314 
f 323/1/323 324/1/324 325/1/325 
f 325/1/325 326/1/326 323/1/323 
f 326/1/326 275/1/275 274/1/274 
f 274/1/274 323/1/323 326/1/326 
f 323/1/323 274/1/274 273/1/273 
f 273/1/273 327/1/327 323/1/323 
f 327/1/327 328/1/328 324/1/324 
f 324/1/324 323/1/323 327/1/327 
f 329/1/329 233/1/233 232/1/232 
f 232/1/232 330/1/330 329/1/329 
f 330/1/330 325/1/325 324/1/324 
f 324/1/324 329/1/329 330/1/330 
f 329/1/329 324/1/324 328/1/328 
f 328/1/328 331/1/331 329/1/329 
f 331/1/331 234/1/234 233/1/233 
f 332/1/332 333/1/333 187/1/187 
f 187/1/187 186/1/186 332/1/332 
f 186/1/186 189/1/189 334/1/334 
f 334/1/334 332/1/332 186/1/186 
f 332/1/332 334/1/334 335/1/335 
f 335/1/335 336/1/336 332/1/332 
f 336/1/336 337/1/337 333/1/333 
f 333/1/333 332/1/332 336/1/336 
f 338/1/338 237/1/237 236/1/236 
f 236/1/236 339/1/339 338/1/338 
f 236/1/236 243/1/243 340/1/340 
f 340/1/340 339/1/339 236/1/236 
f 339/1/339 340/1/340 337/1/337 
f 337/1/337 336/1/336 339/1/339 
f 336/1/336 335/1/335 338/1/338 
f 338/1/338 339/1/339 336/1/336 
f 341/1/341 342/1/342 284/1/284 
f 283/1/283 287/1/287 343/1/343 
f 343/1/343 341/1/341 283/1/283 
f 341/1/341 343/1/343 292/1/292 
f 292/1/292 291/1/291 341/1/341 
f 291/1/291 290/1/290 342/1/342 
f 342/1/342 341/1/341 291/1/291 
f 344/1/344 289/1/289 246/1/246 
f 246/1/246 265/1/265 344/1/344 
f 265/1/265 264/1/264 345/1/345 
f 345/1/345 344/1/344 265/1/265 
f 344/1/344 345/1/345 346/1/346 
f 346/1/346 347/1/347 344/1/344 
f 347/1/347 290/1/290 289/1/289 
f 289/1/289 344/1/344 347/1/347 
f 348/1/348 349/1/349 350/1/350 
f 350/1/350 351/1/351 348/1/348 
f 351/1/351 352/1/352 353/1/353 
f 353/1/353 348/1/348 351/1/351 
f 348/1/348 353/1/353 354/1/354 
f 354/1/354 355/1/355 348/1/348 
f 355/1/355 356/1/356 349/1/349 
f 349/1/349 348/1/348 355/1/355 
f 357/1/357 358/1/358 359/1/359 
f 359/1/359 360/1/360 357/1/357 
f 360/1/360 361/1/361 362/1/362 
f 362/1/362 357/1/357 360/1/360 
f 357/1/357 362/1/362 363/1/363 
f 363/1/363 364/1/364 357/1/357 
f 364/1/364 365/1/365 358/1/358 
f 358/1/358 357/1/357 364/1/364 
f 366/1/366 367/1/367 368/1/368 
f 368/1/368 369/1/369 366/1/366 
f 369/1/369 359/1/359 358/1/358 
f 358/1/358 366/1/366 369/1/369 
f 366/1/366 358/1/358 365/1/365 
f 365/1/365 370/1/370 366/1/366 
f 370/1/370 371/1/371 367/1/367 
f 367/1/367 366/1/366 370/1/370 
f 372/1/372 373/1/373 352/1/352 
f 352/1/352 351/1/351 372/1/372 
f 351/1/351 350/1/350 374/1/374 
f 374/1/374 372/1/372 351/1/351 
f 372/1/372 374/1/374 375/1/375 
f 375/1/375 376/1/376 372/1/372 
f 376/1/376 377/1/377 373/1/373 
f 373/1/373 372/1/372 376/1/376 
f 378/1/378 353/1/353 352/1/352 
f 352/1/352 379/1/379 378/1/378 
f 379/1/379 380/1/380 381/1/381 
f 381/1/381 378/1/378 379/1/379 
f 378/1/378 381/1/381 382/1/382 
f 382/1/382 383/1/383 378/1/378 
f 383/1/383 354/1/354 353/1/353 
f 353/1/353 378/1/378 383/1/383 
f 384/1/384 385/1/385 363/1/363 
f 386/1/386 354/1/354 383/1/383 
f 383/1/383 384/1/384 386/1/386 
f 384/1/384 383/1/383 382/1/382 
f 382/1/382 387/1/387 384/1/384 
f 387/1/387 388/1/388 385/1/385 
f 385/1/385 384/1/384 387/1/387 
f 389/1/389 390/1/390 365/1/365 
f 365/1/365 364/1/364 389/1/389 
f 364/1/364 363/1/363 385/1/385 
f 385/1/385 389/1/389 364/1/364 
f 389/1/389 385/1/385 388/1/388 
f 391/1/391 392/1/392 390/1/390 
f 390/1/390 389/1/389 391/1/391 
f 393/1/393 394/1/394 371/1/371 
f 371/1/371 370/1/370 393/1/393 
f 370/1/370 365/1/365 390/1/390 
f 390/1/390 393/1/393 370/1/370 
f 393/1/393 390/1/390 392/1/392 
f 392/1/392 395/1/395 393/1/393 
f 395/1/395 396/1/396 394/1/394 
f 394/1/394 393/1/393 395/1/395 
f 397/1/397 398/1/398 371/1/371 
f 371/1/371 394/1/394 397/1/397 
f 394/1/394 396/1/396 399/1/399 
f 399/1/399 397/1/397 394/1/394 
f 397/1/397 399/1/399 400/1/400 
f 400/1/400 401/1/401 397/1/397 
f 401/1/401 377/1/377 398/1/398 
f 398/1/398 397/1/397 401/1/401 
f 402/1/402 403/1/403 380/1/380 
f 380/1/380 379/1/379 402/1/402 
f 379/1/379 352/1/352 373/1/373 
f 373/1/373 402/1/402 379/1/379 
f 402/1/402 373/1/373 377/1/377 
f 377/1/377 401/1/401 402/1/402 
f 401/1/401 400/1/400 403/1/403 
f 404/1/404 381/1/381 380/1/380 
f 380/1/380 405/1/405 404/1/404 
f 405/1/405 406/1/406 407/1/407 
f 407/1/407 404/1/404 405/1/405 
f 404/1/404 407/1/407 408/1/408 
f 408/1/408 409/1/409 404/1/404 
f 409/1/409 382/1/382 381/1/381 
f 381/1/381 404/1/404 409/1/409 
f 410/1/410 387/1/387 382/1/382 
f 382/1/382 409/1/409 410/1/410 
f 409/1/409 408/1/408 411/1/411 
f 411/1/411 410/1/410 409/1/409 
f 410/1/410 411/1/411 412/1/412 
f 412/1/412 413/1/413 410/1/410 
f 387/1/387 410/1/410 413/1/413 
f 413/1/413 388/1/388 387/1/387 
f 414/1/414 415/1/415 392/1/392 
f 392/1/392 391/1/391 414/1/414 
f 391/1/391 388/1/388 413/1/413 
f 413/1/413 414/1/414 391/1/391 
f 414/1/414 413/1/413 412/1/412 
f 412/1/412 416/1/416 414/1/414 
f 416/1/416 417/1/417 415/1/415 
f 415/1/415 414/1/414 416/1/416 
f 418/1/418 419/1/419 396/1/396 
f 396/1/396 395/1/395 418/1/418 
f 395/1/395 392/1/392 415/1/415 
f 415/1/415 418/1/418 395/1/395 
f 418/1/418 415/1/415 417/1/417 
f 417/1/417 420/1/420 418/1/418 
f 420/1/420 421/1/421 419/1/419 
f 419/1/419 418/1/418 420/1/420 
f 422/1/422 400/1/400 399/1/399 
f 399/1/399 423/1/423 422/1/422 
f 399/1/399 396/1/396 419/1/419 
f 419/1/419 423/1/423 399/1/399 
f 423/1/423 419/1/419 421/1/421 
f 421/1/421 424/1/424 423/1/423 
f 422/1/422 423/1/423 424/1/424 
f 424/1/424 425/1/425 422/1/422 
f 426/1/426 427/1/427 406/1/406 
f 406/1/406 405/1/405 426/1/426 
f 405/1/405 380/1/380 403/1/403 
f 403/1/403 426/1/426 405/1/405 
f 426/1/426 403/1/403 400/1/400 
f 422/1/422 425/1/425 427/1/427 
f 427/1/427 426/1/426 422/1/422 
f 428/1/428 429/1/429 430/1/430 
f 430/1/430 431/1/431 428/1/428 
f 431/1/431 432/1/432 433/1/433 
f 433/1/433 428/1/428 431/1/431 
f 428/1/428 433/1/433 434/1/434 
f 434/1/434 435/1/435 428/1/428 
f 435/1/435 436/1/436 429/1/429 
f 429/1/429 428/1/428 435/1/435 
f 437/1/437 438/1/438 439/1/439 
f 440/1/440 441/1/441 442/1/442 
f 442/1/442 437/1/437 440/1/440 
f 437/1/437 442/1/442 430/1/430 
f 430/1/430 443/1/443 437/1/437 
f 443/1/443 444/1/444 438/1/438 
f 438/1/438 437/1/437 443/1/443 
f 445/1/445 446/1/446 447/1/447 
f 447/1/447 448/1/448 445/1/445 
f 448/1/448 439/1/439 438/1/438 
f 438/1/438 445/1/445 448/1/448 
f 445/1/445 438/1/438 444/1/444 
f 444/1/444 449/1/449 445/1/445 
f 450/1/450 446/1/446 445/1/445 
f 451/1/451 452/1/452 447/1/447 
f 447/1/447 446/1/446 451/1/451 
f 446/1/446 450/1/450 453/1/453 
f 453/1/453 451/1/451 446/1/446 
f 451/1/451 453/1/453 454/1/454 
f 454/1/454 455/1/455 451/1/451 
f 455/1/455 456/1/456 452/1/452 
f 452/1/452 451/1/451 455/1/455 
f 457/1/457 458/1/458 456/1/456 
f 456/1/456 455/1/455 457/1/457 
f 455/1/455 454/1/454 459/1/459 
f 459/1/459 457/1/457 455/1/455 
f 457/1/457 459/1/459 460/1/460 
f 460/1/460 461/1/461 457/1/457 
f 461/1/461 462/1/462 458/1/458 
f 458/1/458 457/1/457 461/1/461 
f 463/1/463 464/1/464 465/1/465 
f 461/1/461 463/1/463 466/1/466 
f 466/1/466 462/1/462 461/1/461 
f 461/1/461 460/1/460 467/1/467 
f 467/1/467 463/1/463 461/1/461 
f 467/1/467 432/1/432 464/1/464 
f 464/1/464 463/1/463 467/1/467 
f 468/1/468 464/1/464 432/1/432 
f 432/1/432 431/1/431 468/1/468 
f 431/1/431 430/1/430 442/1/442 
f 442/1/442 468/1/468 431/1/431 
f 441/1/441 469/1/469 468/1/468 
f 468/1/468 469/1/469 465/1/465 
f 465/1/465 464/1/464 468/1/468 
f 470/1/470 411/1/411 408/1/408 
f 408/1/408 471/1/471 470/1/470 
f 471/1/471 472/1/472 473/1/473 
f 473/1/473 470/1/470 471/1/471 
f 473/1/473 474/1/474 475/1/475 
f 475/1/475 470/1/470 473/1/473 
f 475/1/475 412/1/412 411/1/411 
f 411/1/411 470/1/470 475/1/475 
f 476/1/476 475/1/475 474/1/474 
f 474/1/474 477/1/477 476/1/476 
f 477/1/477 478/1/478 479/1/479 
f 479/1/479 476/1/476 477/1/477 
f 476/1/476 479/1/479 417/1/417 
f 417/1/417 416/1/416 476/1/476 
f 416/1/416 412/1/412 475/1/475 
f 475/1/475 476/1/476 416/1/416 
f 480/1/480 481/1/481 421/1/421 
f 421/1/421 420/1/420 480/1/480 
f 420/1/420 417/1/417 479/1/479 
f 479/1/479 480/1/480 420/1/420 
f 480/1/480 479/1/479 478/1/478 
f 478/1/478 482/1/482 480/1/480 
f 482/1/482 483/1/483 481/1/481 
f 481/1/481 480/1/480 482/1/482 
f 484/1/484 485/1/485 425/1/425 
f 425/1/425 424/1/424 484/1/484 
f 424/1/424 421/1/421 481/1/481 
f 481/1/481 484/1/484 424/1/424 
f 484/1/484 481/1/481 483/1/483 
f 483/1/483 486/1/486 484/1/484 
f 486/1/486 487/1/487 485/1/485 
f 485/1/485 484/1/484 486/1/486 
f 488/1/488 427/1/427 425/1/425 
f 425/1/425 485/1/485 488/1/488 
f 489/1/489 488/1/488 485/1/485 
f 485/1/485 487/1/487 489/1/489 
f 488/1/488 489/1/489 490/1/490 
f 490/1/490 491/1/491 488/1/488 
f 491/1/491 406/1/406 427/1/427 
f 427/1/427 488/1/488 491/1/491 
f 492/1/492 493/1/493 472/1/472 
f 472/1/472 471/1/471 492/1/492 
f 471/1/471 408/1/408 407/1/407 
f 407/1/407 492/1/492 471/1/471 
f 492/1/492 407/1/407 406/1/406 
f 406/1/406 491/1/491 492/1/492 
f 491/1/491 490/1/490 493/1/493 
f 493/1/493 492/1/492 491/1/491 
f 494/1/494 495/1/495 474/1/474 
f 474/1/474 473/1/473 494/1/494 
f 473/1/473 472/1/472 496/1/496 
f 496/1/496 494/1/494 473/1/473 
f 494/1/494 496/1/496 497/1/497 
f 498/1/498 499/1/499 495/1/495 
f 495/1/495 494/1/494 498/1/498 
f 500/1/500 501/1/501 439/1/439 
f 439/1/439 448/1/448 500/1/500 
f 448/1/448 447/1/447 502/1/502 
f 502/1/502 500/1/500 448/1/448 
f 500/1/500 502/1/502 503/1/503 
f 503/1/503 504/1/504 500/1/500 
f 504/1/504 505/1/505 501/1/501 
f 501/1/501 500/1/500 504/1/504 
f 506/1/506 507/1/507 508/1/508 
f 508/1/508 509/1/509 506/1/506 
f 509/1/509 499/1/499 510/1/510 
f 506/1/506 510/1/510 503/1/503 
f 511/1/511 512/1/512 507/1/507 
f 513/1/513 514/1/514 478/1/478 
f 478/1/478 477/1/477 513/1/513 
f 477/1/477 474/1/474 495/1/495 
f 495/1/495 513/1/513 477/1/477 
f 513/1/513 495/1/495 499/1/499 
f 499/1/499 509/1/509 513/1/513 
f 509/1/509 508/1/508 514/1/514 
f 514/1/514 513/1/513 509/1/509 
f 511/1/511 503/1/503 502/1/502 
f 502/1/502 515/1/515 511/1/511 
f 515/1/515 502/1/502 447/1/447 
f 447/1/447 452/1/452 515/1/515 
f 452/1/452 456/1/456 516/1/516 
f 516/1/516 515/1/515 452/1/452 
f 516/1/516 512/1/512 511/1/511 
f 511/1/511 515/1/515 516/1/516 
f 517/1/517 518/1/518 483/1/483 
f 483/1/483 482/1/482 517/1/517 
f 482/1/482 478/1/478 514/1/514 
f 514/1/514 517/1/517 482/1/482 
f 517/1/517 514/1/514 508/1/508 
f 508/1/508 519/1/519 517/1/517 
f 519/1/519 520/1/520 518/1/518 
f 518/1/518 517/1/517 519/1/519 
f 521/1/521 522/1/522 487/1/487 
f 487/1/487 486/1/486 521/1/521 
f 486/1/486 483/1/483 518/1/518 
f 518/1/518 521/1/521 486/1/486 
f 521/1/521 518/1/518 520/1/520 
f 520/1/520 523/1/523 521/1/521 
f 523/1/523 524/1/524 522/1/522 
f 522/1/522 521/1/521 523/1/523 
f 525/1/525 505/1/505 504/1/504 
f 526/1/526 504/1/504 503/1/503 
f 503/1/503 510/1/510 526/1/526 
f 526/1/526 510/1/510 499/1/499 
f 498/1/498 497/1/497 525/1/525 
f 527/1/527 528/1/528 529/1/529 
f 529/1/529 530/1/530 527/1/527 
f 530/1/530 512/1/512 516/1/516 
f 516/1/516 527/1/527 530/1/530 
f 527/1/527 516/1/516 456/1/456 
f 456/1/456 458/1/458 527/1/527 
f 458/1/458 462/1/462 528/1/528 
f 528/1/528 527/1/527 458/1/458 
f 531/1/531 532/1/532 533/1/533 
f 534/1/534 535/1/535 536/1/536 
f 536/1/536 531/1/531 534/1/534 
f 531/1/531 536/1/536 529/1/529 
f 529/1/529 537/1/537 531/1/531 
f 537/1/537 538/1/538 532/1/532 
f 539/1/539 540/1/540 538/1/538 
f 537/1/537 529/1/529 528/1/528 
f 528/1/528 539/1/539 537/1/537 
f 466/1/466 539/1/539 528/1/528 
f 528/1/528 462/1/462 466/1/466 
f 466/1/466 465/1/465 540/1/540 
f 541/1/541 538/1/538 540/1/540 
f 540/1/540 542/1/542 541/1/541 
f 540/1/540 465/1/465 469/1/469 
f 542/1/542 469/1/469 441/1/441 
f 441/1/441 543/1/543 542/1/542 
f 543/1/543 544/1/544 541/1/541 
f 545/1/545 543/1/543 441/1/441 
f 441/1/441 440/1/440 545/1/545 
f 440/1/440 439/1/439 501/1/501 
f 545/1/545 501/1/501 505/1/505 
f 505/1/505 546/1/546 545/1/545 
f 546/1/546 544/1/544 543/1/543 
f 543/1/543 545/1/545 546/1/546 
f 547/1/547 548/1/548 544/1/544 
f 546/1/546 505/1/505 549/1/549 
f 549/1/549 547/1/547 546/1/546 
f 547/1/547 549/1/549 550/1/550 
f 550/1/550 551/1/551 547/1/547 
f 551/1/551 552/1/552 548/1/548 
f 548/1/548 547/1/547 551/1/551 
f 553/1/553 554/1/554 552/1/552 
f 552/1/552 551/1/551 553/1/553 
f 551/1/551 550/1/550 555/1/555 
f 555/1/555 553/1/553 551/1/551 
f 553/1/553 555/1/555 556/1/556 
f 556/1/556 557/1/557 553/1/553 
f 557/1/557 558/1/558 554/1/554 
f 554/1/554 553/1/553 557/1/557 
f 559/1/559 560/1/560 561/1/561 
f 559/1/559 562/1/562 563/1/563 
f 559/1/559 564/1/564 565/1/565 
f 565/1/565 560/1/560 559/1/559 
f 566/1/566 560/1/560 565/1/565 
f 565/1/565 567/1/567 566/1/566 
f 567/1/567 552/1/552 554/1/554 
f 554/1/554 566/1/566 567/1/567 
f 566/1/566 554/1/554 558/1/558 
f 558/1/558 568/1/568 566/1/566 
f 568/1/568 561/1/561 560/1/560 
f 560/1/560 566/1/566 568/1/568 
f 569/1/569 570/1/570 571/1/571 
f 571/1/571 572/1/572 569/1/569 
f 572/1/572 573/1/573 574/1/574 
f 569/1/569 574/1/574 575/1/575 
f 576/1/576 577/1/577 570/1/570 
f 570/1/570 569/1/569 576/1/576 
f 578/1/578 579/1/579 580/1/580 
f 580/1/580 581/1/581 578/1/578 
f 580/1/580 563/1/563 582/1/582 
f 582/1/582 571/1/571 570/1/570 
f 570/1/570 581/1/581 582/1/582 
f 581/1/581 570/1/570 577/1/577 
f 577/1/577 578/1/578 581/1/581 
f 583/1/583 584/1/584 579/1/579 
f 579/1/579 578/1/578 583/1/583 
f 578/1/578 577/1/577 585/1/585 
f 585/1/585 583/1/583 578/1/578 
f 583/1/583 585/1/585 586/1/586 
f 586/1/586 587/1/587 583/1/583 
f 587/1/587 588/1/588 584/1/584 
f 584/1/584 583/1/583 587/1/587 
f 589/1/589 590/1/590 591/1/591 
f 591/1/591 592/1/592 589/1/589 
f 592/1/592 593/1/593 594/1/594 
f 594/1/594 589/1/589 592/1/592 
f 532/1/532 589/1/589 594/1/594 
f 594/1/594 533/1/533 532/1/532 
f 532/1/532 538/1/538 590/1/590 
f 595/1/595 596/1/596 597/1/597 
f 598/1/598 591/1/591 590/1/590 
f 590/1/590 595/1/595 598/1/598 
f 595/1/595 590/1/590 538/1/538 
f 538/1/538 541/1/541 595/1/595 
f 541/1/541 544/1/544 596/1/596 
f 596/1/596 595/1/595 541/1/541 
f 598/1/598 597/1/597 599/1/599 
f 599/1/599 600/1/600 598/1/598 
f 601/1/601 600/1/600 599/1/599 
f 599/1/599 602/1/602 601/1/601 
f 600/1/600 601/1/601 591/1/591 
f 591/1/591 598/1/598 600/1/600 
f 603/1/603 604/1/604 597/1/597 
f 596/1/596 544/1/544 548/1/548 
f 548/1/548 603/1/603 596/1/596 
f 603/1/603 548/1/548 552/1/552 
f 552/1/552 567/1/567 603/1/603 
f 567/1/567 565/1/565 604/1/604 
f 604/1/604 603/1/603 567/1/567 
f 605/1/605 604/1/604 565/1/565 
f 564/1/564 563/1/563 606/1/606 
f 606/1/606 607/1/607 608/1/608 
f 608/1/608 597/1/597 604/1/604 
f 604/1/604 605/1/605 608/1/608 
f 608/1/608 607/1/607 609/1/609 
f 609/1/609 610/1/610 608/1/608 
f 609/1/609 611/1/611 612/1/612 
f 612/1/612 610/1/610 609/1/609 
f 610/1/610 612/1/612 602/1/602 
f 602/1/602 599/1/599 610/1/610 
f 599/1/599 597/1/597 608/1/608 
f 608/1/608 610/1/610 599/1/599 
f 613/1/613 614/1/614 607/1/607 
f 607/1/607 606/1/606 613/1/613 
f 606/1/606 563/1/563 580/1/580 
f 580/1/580 613/1/613 606/1/606 
f 613/1/613 580/1/580 579/1/579 
f 579/1/579 615/1/615 613/1/613 
f 615/1/615 616/1/616 614/1/614 
f 614/1/614 613/1/613 615/1/615 
f 617/1/617 618/1/618 619/1/619 
f 619/1/619 620/1/620 617/1/617 
f 620/1/620 607/1/607 614/1/614 
f 614/1/614 617/1/617 620/1/620 
f 617/1/617 614/1/614 616/1/616 
f 616/1/616 621/1/621 617/1/617 
f 621/1/621 622/1/622 618/1/618 
f 618/1/618 617/1/617 621/1/621 
f 623/1/623 624/1/624 625/1/625 
f 625/1/625 626/1/626 623/1/623 
f 626/1/626 588/1/588 627/1/627 
f 627/1/627 628/1/628 629/1/629 
f 629/1/629 623/1/623 627/1/627 
f 623/1/623 629/1/629 630/1/630 
f 630/1/630 624/1/624 623/1/623 
f 631/1/631 632/1/632 616/1/616 
f 615/1/615 579/1/579 584/1/584 
f 584/1/584 631/1/631 615/1/615 
f 631/1/631 584/1/584 588/1/588 
f 631/1/631 626/1/626 625/1/625 
f 625/1/625 632/1/632 631/1/631 
f 633/1/633 634/1/634 630/1/630 
f 630/1/630 629/1/629 633/1/633 
f 633/1/633 629/1/629 628/1/628 
f 628/1/628 635/1/635 633/1/633 
f 635/1/635 611/1/611 636/1/636 
f 636/1/636 633/1/633 635/1/635 
f 633/1/633 636/1/636 637/1/637 
f 637/1/637 634/1/634 633/1/633 
f 638/1/638 639/1/639 640/1/640 
f 640/1/640 641/1/641 638/1/638 
f 638/1/638 641/1/641 622/1/622 
f 622/1/622 621/1/621 638/1/638 
f 621/1/621 616/1/616 632/1/632 
f 632/1/632 625/1/625 639/1/639 
f 639/1/639 638/1/638 632/1/632 
f 642/1/642 636/1/636 611/1/611 
f 611/1/611 609/1/609 642/1/642 
f 609/1/609 607/1/607 620/1/620 
f 620/1/620 642/1/642 609/1/609 
f 642/1/642 620/1/620 619/1/619 
f 619/1/619 643/1/643 642/1/642 
f 643/1/643 637/1/637 636/1/636 
f 636/1/636 642/1/642 643/1/643 
f 644/1/644 645/1/645 637/1/637 
f 643/1/643 619/1/619 618/1/618 
f 644/1/644 618/1/618 622/1/622 
f 622/1/622 641/1/641 644/1/644 
f 641/1/641 640/1/640 645/1/645 
f 645/1/645 644/1/644 641/1/641 
f 646/1/646 645/1/645 640/1/640 
f 639/1/639 625/1/625 624/1/624 
f 646/1/646 624/1/624 630/1/630 
f 634/1/634 637/1/637 645/1/645 
f 647/1/647 648/1/648 649/1/649 
f 649/1/649 650/1/650 647/1/647 
f 650/1/650 76/1/76 75/1/75 
f 75/1/75 647/1/647 650/1/650 
f 647/1/647 75/1/75 59/1/59 
f 59/1/59 73/1/73 647/1/647 
f 73/1/73 72/1/72 648/1/648 
f 648/1/648 647/1/647 73/1/73 
f 651/1/651 648/1/648 72/1/72 
f 72/1/72 148/1/148 651/1/651 
f 148/1/148 153/1/153 652/1/652 
f 652/1/652 651/1/651 148/1/148 
f 651/1/651 652/1/652 653/1/653 
f 653/1/653 654/1/654 651/1/651 
f 654/1/654 649/1/649 648/1/648 
f 648/1/648 651/1/651 654/1/654 
f 655/1/655 656/1/656 649/1/649 
f 649/1/649 654/1/654 655/1/655 
f 654/1/654 653/1/653 657/1/657 
f 657/1/657 655/1/655 654/1/654 
f 655/1/655 657/1/657 658/1/658 
f 658/1/658 659/1/659 655/1/655 
f 659/1/659 660/1/660 656/1/656 
f 656/1/656 655/1/655 659/1/659 
f 661/1/661 653/1/653 652/1/652 
f 652/1/652 662/1/662 661/1/661 
f 652/1/652 153/1/153 191/1/191 
f 191/1/191 662/1/662 652/1/652 
f 662/1/662 191/1/191 195/1/195 
f 195/1/195 663/1/663 662/1/662 
f 662/1/662 663/1/663 664/1/664 
f 664/1/664 661/1/661 662/1/662 
f 665/1/665 666/1/666 658/1/658 
f 658/1/658 657/1/657 665/1/665 
f 665/1/665 657/1/657 653/1/653 
f 653/1/653 661/1/661 665/1/665 
f 665/1/665 661/1/661 664/1/664 
f 664/1/664 667/1/667 665/1/665 
f 667/1/667 668/1/668 666/1/666 
f 666/1/666 665/1/665 667/1/667 
f 669/1/669 664/1/664 663/1/663 
f 663/1/663 670/1/670 669/1/669 
f 663/1/663 195/1/195 201/1/201 
f 201/1/201 670/1/670 663/1/663 
f 201/1/201 200/1/200 671/1/671 
f 670/1/670 671/1/671 672/1/672 
f 669/1/669 673/1/673 667/1/667 
f 667/1/667 664/1/664 669/1/669 
f 669/1/669 672/1/672 674/1/674 
f 674/1/674 673/1/673 669/1/669 
f 674/1/674 675/1/675 676/1/676 
f 676/1/676 673/1/673 674/1/674 
f 673/1/673 676/1/676 668/1/668 
f 668/1/668 667/1/667 673/1/673 
f 677/1/677 678/1/678 679/1/679 
f 679/1/679 680/1/680 677/1/677 
f 677/1/677 680/1/680 284/1/284 
f 677/1/677 342/1/342 290/1/290 
f 290/1/290 347/1/347 677/1/677 
f 347/1/347 346/1/346 678/1/678 
f 678/1/678 677/1/677 347/1/347 
f 681/1/681 680/1/680 679/1/679 
f 682/1/682 672/1/672 671/1/671 
f 681/1/681 671/1/671 200/1/200 
f 285/1/285 284/1/284 680/1/680 
f 683/1/683 674/1/674 672/1/672 
f 672/1/672 682/1/682 683/1/683 
f 683/1/683 682/1/682 679/1/679 
f 679/1/679 684/1/684 683/1/683 
f 684/1/684 685/1/685 686/1/686 
f 686/1/686 683/1/683 684/1/684 
f 683/1/683 686/1/686 675/1/675 
f 675/1/675 674/1/674 683/1/683 
f 687/1/687 688/1/688 76/1/76 
f 76/1/76 650/1/650 687/1/687 
f 650/1/650 649/1/649 656/1/656 
f 656/1/656 687/1/687 650/1/650 
f 687/1/687 656/1/656 660/1/660 
f 660/1/660 689/1/689 687/1/687 
f 689/1/689 690/1/690 688/1/688 
f 688/1/688 687/1/687 689/1/689 
f 691/1/691 692/1/692 688/1/688 
f 688/1/688 690/1/690 691/1/691 
f 691/1/691 693/1/693 694/1/694 
f 694/1/694 692/1/692 691/1/691 
f 692/1/692 694/1/694 78/1/78 
f 78/1/78 77/1/77 692/1/692 
f 77/1/77 76/1/76 688/1/688 
f 688/1/688 692/1/692 77/1/77 
f 695/1/695 696/1/696 697/1/697 
f 697/1/697 698/1/698 695/1/695 
f 697/1/697 699/1/699 700/1/700 
f 700/1/700 698/1/698 697/1/697 
f 698/1/698 700/1/700 693/1/693 
f 693/1/693 691/1/691 698/1/698 
f 691/1/691 690/1/690 695/1/695 
f 695/1/695 698/1/698 691/1/691 
f 689/1/689 660/1/660 701/1/701 
f 701/1/701 702/1/702 689/1/689 
f 702/1/702 701/1/701 703/1/703 
f 703/1/703 704/1/704 702/1/702 
f 704/1/704 690/1/690 689/1/689 
f 689/1/689 702/1/702 704/1/704 
f 705/1/705 706/1/706 696/1/696 
f 696/1/696 695/1/695 705/1/705 
f 705/1/705 695/1/695 690/1/690 
f 704/1/704 703/1/703 707/1/707 
f 707/1/707 705/1/705 704/1/704 
f 707/1/707 708/1/708 706/1/706 
f 706/1/706 705/1/705 707/1/707 
f 709/1/709 710/1/710 711/1/711 
f 711/1/711 712/1/712 709/1/709 
f 711/1/711 703/1/703 701/1/701 
f 701/1/701 712/1/712 711/1/711 
f 712/1/712 701/1/701 660/1/660 
f 660/1/660 659/1/659 712/1/712 
f 659/1/659 658/1/658 709/1/709 
f 709/1/709 712/1/712 659/1/659 
f 713/1/713 714/1/714 715/1/715 
f 715/1/715 716/1/716 713/1/713 
f 716/1/716 696/1/696 706/1/706 
f 706/1/706 713/1/713 716/1/716 
f 713/1/713 706/1/706 708/1/708 
f 708/1/708 717/1/717 713/1/713 
f 717/1/717 718/1/718 714/1/714 
f 714/1/714 713/1/713 717/1/717 
f 719/1/719 714/1/714 718/1/718 
f 718/1/718 720/1/720 719/1/719 
f 720/1/720 13/1/13 12/1/12 
f 12/1/12 719/1/719 720/1/720 
f 719/1/719 12/1/12 7/1/7 
f 7/1/7 721/1/721 719/1/719 
f 721/1/721 715/1/715 714/1/714 
f 714/1/714 719/1/719 721/1/721 
f 722/1/722 723/1/723 724/1/724 
f 724/1/724 725/1/725 722/1/722 
f 723/1/723 722/1/722 708/1/708 
f 708/1/708 707/1/707 723/1/723 
f 723/1/723 707/1/707 703/1/703 
f 703/1/703 711/1/711 723/1/723 
f 724/1/724 723/1/723 711/1/711 
f 711/1/711 710/1/710 724/1/724 
f 717/1/717 708/1/708 722/1/722 
f 722/1/722 726/1/726 717/1/717 
f 726/1/726 722/1/722 725/1/725 
f 725/1/725 727/1/727 726/1/726 
f 726/1/726 727/1/727 718/1/718 
f 718/1/718 717/1/717 726/1/726 
f 728/1/728 103/1/103 13/1/13 
f 13/1/13 720/1/720 728/1/728 
f 720/1/720 718/1/718 729/1/729 
f 729/1/729 728/1/728 720/1/720 
f 728/1/728 729/1/729 730/1/730 
f 730/1/730 731/1/731 728/1/728 
f 728/1/728 731/1/731 104/1/104 
f 104/1/104 103/1/103 728/1/728 
f 732/1/732 733/1/733 710/1/710 
f 710/1/710 709/1/709 732/1/732 
f 709/1/709 658/1/658 666/1/666 
f 666/1/666 732/1/732 709/1/709 
f 732/1/732 666/1/666 668/1/668 
f 668/1/668 734/1/734 732/1/732 
f 734/1/734 735/1/735 733/1/733 
f 733/1/733 732/1/732 734/1/734 
f 729/1/729 736/1/736 737/1/737 
f 737/1/737 730/1/730 729/1/729 
f 729/1/729 718/1/718 727/1/727 
f 727/1/727 736/1/736 729/1/729 
f 736/1/736 727/1/727 725/1/725 
f 725/1/725 738/1/738 736/1/736 
f 738/1/738 739/1/739 737/1/737 
f 737/1/737 736/1/736 738/1/738 
f 740/1/740 741/1/741 739/1/739 
f 739/1/739 738/1/738 740/1/740 
f 738/1/738 725/1/725 724/1/724 
f 724/1/724 740/1/740 738/1/738 
f 724/1/724 710/1/710 733/1/733 
f 733/1/733 740/1/740 724/1/724 
f 733/1/733 735/1/735 741/1/741 
f 741/1/741 740/1/740 733/1/733 
f 742/1/742 743/1/743 735/1/735 
f 735/1/735 734/1/734 742/1/742 
f 734/1/734 668/1/668 676/1/676 
f 676/1/676 742/1/742 734/1/734 
f 742/1/742 676/1/676 675/1/675 
f 675/1/675 744/1/744 742/1/742 
f 744/1/744 745/1/745 743/1/743 
f 743/1/743 742/1/742 744/1/744 
f 746/1/746 741/1/741 735/1/735 
f 735/1/735 743/1/743 746/1/746 
f 743/1/743 745/1/745 747/1/747 
f 747/1/747 746/1/746 743/1/743 
f 746/1/746 747/1/747 748/1/748 
f 748/1/748 749/1/749 746/1/746 
f 749/1/749 739/1/739 741/1/741 
f 741/1/741 746/1/746 749/1/749 
f 750/1/750 751/1/751 730/1/730 
f 730/1/730 737/1/737 750/1/750 
f 737/1/737 739/1/739 749/1/749 
f 749/1/749 750/1/750 737/1/737 
f 749/1/749 748/1/748 752/1/752 
f 752/1/752 750/1/750 749/1/749 
f 751/1/751 750/1/750 752/1/752 
f 752/1/752 753/1/753 751/1/751 
f 754/1/754 755/1/755 108/1/108 
f 108/1/108 107/1/107 754/1/754 
f 107/1/107 104/1/104 731/1/731 
f 731/1/731 754/1/754 107/1/107 
f 754/1/754 731/1/731 730/1/730 
f 730/1/730 751/1/751 754/1/754 
f 751/1/751 753/1/753 755/1/755 
f 755/1/755 754/1/754 751/1/751 
f 756/1/756 757/1/757 758/1/758 
f 758/1/758 759/1/759 756/1/756 
f 759/1/759 748/1/748 747/1/747 
f 747/1/747 756/1/756 759/1/759 
f 756/1/756 747/1/747 745/1/745 
f 745/1/745 760/1/760 756/1/756 
f 760/1/760 761/1/761 757/1/757 
f 757/1/757 756/1/756 760/1/760 
f 762/1/762 760/1/760 745/1/745 
f 745/1/745 744/1/744 762/1/762 
f 744/1/744 675/1/675 686/1/686 
f 686/1/686 762/1/762 744/1/744 
f 762/1/762 686/1/686 685/1/685 
f 685/1/685 763/1/763 762/1/762 
f 763/1/763 761/1/761 760/1/760 
f 760/1/760 762/1/762 763/1/763 
f 764/1/764 752/1/752 748/1/748 
f 748/1/748 759/1/759 764/1/764 
f 759/1/759 758/1/758 765/1/765 
f 765/1/765 764/1/764 759/1/759 
f 765/1/765 753/1/753 752/1/752 
f 752/1/752 764/1/764 765/1/765 
f 766/1/766 767/1/767 685/1/685 
f 685/1/685 684/1/684 766/1/766 
f 684/1/684 679/1/679 678/1/678 
f 678/1/678 766/1/766 684/1/684 
f 766/1/766 678/1/678 346/1/346 
f 346/1/346 768/1/768 766/1/766 
f 768/1/768 769/1/769 767/1/767 
f 767/1/767 766/1/766 768/1/768 
f 770/1/770 771/1/771 299/1/299 
f 299/1/299 298/1/298 770/1/770 
f 298/1/298 108/1/108 755/1/755 
f 755/1/755 770/1/770 298/1/298 
f 770/1/770 755/1/755 753/1/753 
f 753/1/753 772/1/772 770/1/770 
f 772/1/772 773/1/773 771/1/771 
f 771/1/771 770/1/770 772/1/772 
f 763/1/763 685/1/685 767/1/767 
f 767/1/767 774/1/774 763/1/763 
f 774/1/774 767/1/767 769/1/769 
f 774/1/774 775/1/775 761/1/761 
f 761/1/761 763/1/763 774/1/774 
f 776/1/776 777/1/777 773/1/773 
f 773/1/773 772/1/772 776/1/776 
f 772/1/772 753/1/753 765/1/765 
f 765/1/765 776/1/776 772/1/772 
f 776/1/776 765/1/765 758/1/758 
f 758/1/758 778/1/778 776/1/776 
f 778/1/778 779/1/779 777/1/777 
f 777/1/777 776/1/776 778/1/778 
f 780/1/780 781/1/781 779/1/779 
f 779/1/779 778/1/778 780/1/780 
f 778/1/778 758/1/758 757/1/757 
f 757/1/757 780/1/780 778/1/778 
f 780/1/780 757/1/757 761/1/761 
f 761/1/761 775/1/775 780/1/780 
f 775/1/775 769/1/769 781/1/781 
f 781/1/781 780/1/780 775/1/775 
f 782/1/782 783/1/783 769/1/769 
f 769/1/769 768/1/768 782/1/782 
f 768/1/768 346/1/346 345/1/345 
f 345/1/345 782/1/782 768/1/768 
f 782/1/782 345/1/345 264/1/264 
f 264/1/264 784/1/784 782/1/782 
f 784/1/784 785/1/785 783/1/783 
f 783/1/783 782/1/782 784/1/784 
f 786/1/786 787/1/787 204/1/204 
f 204/1/204 302/1/302 786/1/786 
f 302/1/302 299/1/299 771/1/771 
f 771/1/771 786/1/786 302/1/302 
f 786/1/786 771/1/771 773/1/773 
f 773/1/773 788/1/788 786/1/786 
f 788/1/788 789/1/789 787/1/787 
f 787/1/787 786/1/786 788/1/788 
f 790/1/790 791/1/791 789/1/789 
f 789/1/789 788/1/788 790/1/790 
f 788/1/788 773/1/773 777/1/777 
f 777/1/777 790/1/790 788/1/788 
f 790/1/790 777/1/777 779/1/779 
f 779/1/779 792/1/792 790/1/790 
f 792/1/792 793/1/793 791/1/791 
f 791/1/791 790/1/790 792/1/792 
f 794/1/794 795/1/795 793/1/793 
f 793/1/793 792/1/792 794/1/794 
f 792/1/792 779/1/779 781/1/781 
f 781/1/781 794/1/794 792/1/792 
f 794/1/794 781/1/781 769/1/769 
f 769/1/769 783/1/783 794/1/794 
f 783/1/783 785/1/785 795/1/795 
f 795/1/795 794/1/794 783/1/783 
f 784/1/784 796/1/796 797/1/797 
f 797/1/797 785/1/785 784/1/784 
f 784/1/784 264/1/264 263/1/263 
f 263/1/263 796/1/796 784/1/784 
f 796/1/796 263/1/263 267/1/267 
f 267/1/267 798/1/798 796/1/796 
f 796/1/796 798/1/798 799/1/799 
f 799/1/799 797/1/797 796/1/796 
f 800/1/800 801/1/801 82/1/82 
f 82/1/82 205/1/205 800/1/800 
f 205/1/205 204/1/204 787/1/787 
f 787/1/787 800/1/800 205/1/205 
f 800/1/800 787/1/787 789/1/789 
f 789/1/789 802/1/802 800/1/800 
f 802/1/802 803/1/803 801/1/801 
f 801/1/801 800/1/800 802/1/802 
f 804/1/804 805/1/805 803/1/803 
f 803/1/803 802/1/802 804/1/804 
f 802/1/802 789/1/789 791/1/791 
f 791/1/791 804/1/804 802/1/802 
f 804/1/804 791/1/791 793/1/793 
f 793/1/793 806/1/806 804/1/804 
f 806/1/806 807/1/807 805/1/805 
f 805/1/805 804/1/804 806/1/806 
f 808/1/808 809/1/809 807/1/807 
f 807/1/807 806/1/806 808/1/808 
f 806/1/806 793/1/793 795/1/795 
f 795/1/795 808/1/808 806/1/806 
f 808/1/808 795/1/795 785/1/785 
f 785/1/785 797/1/797 808/1/808 
f 797/1/797 799/1/799 809/1/809 
f 809/1/809 808/1/808 797/1/797 
f 810/1/810 84/1/84 83/1/83 
f 83/1/83 811/1/811 810/1/810 
f 83/1/83 82/1/82 801/1/801 
f 801/1/801 811/1/811 83/1/83 
f 811/1/811 801/1/801 803/1/803 
f 803/1/803 812/1/812 811/1/811 
f 812/1/812 813/1/813 810/1/810 
f 810/1/810 811/1/811 812/1/812 
f 814/1/814 497/1/497 496/1/496 
f 496/1/496 815/1/815 814/1/814 
f 496/1/496 472/1/472 493/1/493 
f 815/1/815 493/1/493 490/1/490 
f 816/1/816 817/1/817 814/1/814 
f 814/1/814 815/1/815 816/1/816 
f 818/1/818 819/1/819 820/1/820 
f 820/1/820 821/1/821 818/1/818 
f 821/1/821 556/1/556 555/1/555 
f 555/1/555 818/1/818 821/1/821 
f 818/1/818 555/1/555 550/1/550 
f 550/1/550 822/1/822 818/1/818 
f 822/1/822 817/1/817 819/1/819 
f 819/1/819 818/1/818 822/1/822 
f 823/1/823 816/1/816 490/1/490 
f 489/1/489 487/1/487 522/1/522 
f 522/1/522 823/1/823 489/1/489 
f 823/1/823 522/1/522 524/1/524 
f 524/1/524 824/1/824 823/1/823 
f 824/1/824 817/1/817 816/1/816 
f 816/1/816 823/1/823 824/1/824 
f 822/1/822 550/1/550 549/1/549 
f 549/1/549 825/1/825 822/1/822 
f 549/1/549 505/1/505 525/1/525 
f 525/1/525 825/1/825 549/1/549 
f 825/1/825 525/1/525 497/1/497 
f 497/1/497 814/1/814 825/1/825 
f 814/1/814 817/1/817 822/1/822 
f 822/1/822 825/1/825 814/1/814 
f 826/1/826 827/1/827 828/1/828 
f 829/1/829 817/1/817 830/1/830 
f 826/1/826 830/1/830 831/1/831 
f 832/1/832 833/1/833 827/1/827 
f 834/1/834 835/1/835 833/1/833 
f 833/1/833 832/1/832 834/1/834 
f 832/1/832 831/1/831 836/1/836 
f 836/1/836 834/1/834 832/1/832 
f 834/1/834 836/1/836 837/1/837 
f 837/1/837 838/1/838 834/1/834 
f 838/1/838 839/1/839 835/1/835 
f 840/1/840 841/1/841 842/1/842 
f 842/1/842 843/1/843 840/1/840 
f 843/1/843 844/1/844 845/1/845 
f 845/1/845 840/1/840 843/1/843 
f 840/1/840 845/1/845 846/1/846 
f 846/1/846 847/1/847 840/1/840 
f 840/1/840 847/1/847 848/1/848 
f 848/1/848 841/1/841 840/1/840 
f 849/1/849 850/1/850 851/1/851 
f 851/1/851 852/1/852 849/1/849 
f 852/1/852 853/1/853 854/1/854 
f 854/1/854 849/1/849 852/1/852 
f 849/1/849 854/1/854 855/1/855 
f 855/1/855 856/1/856 849/1/849 
f 856/1/856 857/1/857 850/1/850 
f 850/1/850 849/1/849 856/1/856 
f 858/1/858 859/1/859 857/1/857 
f 857/1/857 856/1/856 858/1/858 
f 856/1/856 855/1/855 860/1/860 
f 860/1/860 858/1/858 856/1/856 
f 858/1/858 860/1/860 861/1/861 
f 861/1/861 862/1/862 858/1/858 
f 862/1/862 863/1/863 859/1/859 
f 859/1/859 858/1/858 862/1/862 
f 864/1/864 865/1/865 866/1/866 
f 866/1/866 867/1/867 864/1/864 
f 867/1/867 851/1/851 850/1/850 
f 850/1/850 864/1/864 867/1/867 
f 864/1/864 850/1/850 857/1/857 
f 857/1/857 868/1/868 864/1/864 
f 868/1/868 869/1/869 865/1/865 
f 865/1/865 864/1/864 868/1/868 
f 870/1/870 871/1/871 872/1/872 
f 873/1/873 866/1/866 865/1/865 
f 865/1/865 870/1/870 873/1/873 
f 870/1/870 865/1/865 869/1/869 
f 874/1/874 875/1/875 871/1/871 
f 871/1/871 870/1/870 874/1/874 
f 876/1/876 877/1/877 869/1/869 
f 869/1/869 868/1/868 876/1/876 
f 868/1/868 857/1/857 859/1/859 
f 859/1/859 876/1/876 868/1/868 
f 876/1/876 859/1/859 863/1/863 
f 863/1/863 878/1/878 876/1/876 
f 878/1/878 879/1/879 877/1/877 
f 877/1/877 876/1/876 878/1/878 
f 880/1/880 881/1/881 879/1/879 
f 879/1/879 878/1/878 880/1/880 
f 878/1/878 863/1/863 882/1/882 
f 882/1/882 880/1/880 878/1/878 
f 880/1/880 882/1/882 84/1/84 
f 84/1/84 810/1/810 880/1/880 
f 810/1/810 813/1/813 881/1/881 
f 881/1/881 880/1/880 810/1/810 
f 883/1/883 884/1/884 885/1/885 
f 885/1/885 886/1/886 883/1/883 
f 886/1/886 887/1/887 888/1/888 
f 888/1/888 883/1/883 886/1/886 
f 883/1/883 888/1/888 872/1/872 
f 872/1/872 889/1/889 883/1/883 
f 889/1/889 890/1/890 884/1/884 
f 884/1/884 883/1/883 889/1/889 
f 891/1/891 892/1/892 813/1/813 
f 813/1/813 812/1/812 891/1/891 
f 812/1/812 803/1/803 805/1/805 
f 805/1/805 891/1/891 812/1/812 
f 891/1/891 805/1/805 807/1/807 
f 807/1/807 893/1/893 891/1/891 
f 893/1/893 894/1/894 892/1/892 
f 892/1/892 891/1/891 893/1/893 
f 895/1/895 896/1/896 897/1/897 
f 897/1/897 898/1/898 895/1/895 
f 897/1/897 799/1/799 798/1/798 
f 798/1/798 267/1/267 899/1/899 
f 899/1/899 898/1/898 798/1/798 
f 899/1/899 900/1/900 895/1/895 
f 895/1/895 898/1/898 899/1/899 
f 901/1/901 902/1/902 894/1/894 
f 894/1/894 893/1/893 901/1/901 
f 893/1/893 807/1/807 809/1/809 
f 809/1/809 901/1/901 893/1/893 
f 901/1/901 809/1/809 799/1/799 
f 799/1/799 897/1/897 901/1/901 
f 897/1/897 896/1/896 902/1/902 
f 902/1/902 901/1/901 897/1/897 
f 903/1/903 895/1/895 900/1/900 
f 904/1/904 575/1/575 574/1/574 
f 574/1/574 903/1/903 904/1/904 
f 574/1/574 573/1/573 905/1/905 
f 905/1/905 903/1/903 574/1/574 
f 903/1/903 905/1/905 896/1/896 
f 906/1/906 907/1/907 879/1/879 
f 881/1/881 813/1/813 892/1/892 
f 892/1/892 906/1/906 881/1/881 
f 906/1/906 892/1/892 894/1/894 
f 894/1/894 908/1/908 906/1/906 
f 908/1/908 909/1/909 907/1/907 
f 910/1/910 911/1/911 875/1/875 
f 874/1/874 869/1/869 877/1/877 
f 910/1/910 877/1/877 879/1/879 
f 879/1/879 907/1/907 910/1/910 
f 907/1/907 909/1/909 911/1/911 
f 912/1/912 913/1/913 890/1/890 
f 890/1/890 889/1/889 912/1/912 
f 889/1/889 872/1/872 871/1/871 
f 871/1/871 912/1/912 889/1/889 
f 912/1/912 871/1/871 875/1/875 
f 875/1/875 911/1/911 912/1/912 
f 911/1/911 909/1/909 913/1/913 
f 914/1/914 915/1/915 916/1/916 
f 916/1/916 917/1/917 918/1/918 
f 918/1/918 890/1/890 913/1/913 
f 913/1/913 919/1/919 918/1/918 
f 919/1/919 913/1/913 909/1/909 
f 920/1/920 921/1/921 915/1/915 
f 915/1/915 914/1/914 920/1/920 
f 914/1/914 909/1/909 922/1/922 
f 922/1/922 920/1/920 914/1/914 
f 920/1/920 922/1/922 923/1/923 
f 924/1/924 925/1/925 921/1/921 
f 921/1/921 920/1/920 924/1/924 
f 926/1/926 924/1/924 923/1/923 
f 923/1/923 927/1/927 926/1/926 
f 927/1/927 896/1/896 905/1/905 
f 905/1/905 926/1/926 927/1/927 
f 926/1/926 905/1/905 573/1/573 
f 573/1/573 928/1/928 926/1/926 
f 928/1/928 925/1/925 924/1/924 
f 924/1/924 926/1/926 928/1/928 
f 908/1/908 894/1/894 902/1/902 
f 902/1/902 929/1/929 908/1/908 
f 929/1/929 902/1/902 896/1/896 
f 896/1/896 927/1/927 929/1/929 
f 929/1/929 927/1/927 923/1/923 
f 923/1/923 922/1/922 929/1/929 
f 922/1/922 909/1/909 908/1/908 
f 930/1/930 429/1/429 436/1/436 
f 436/1/436 931/1/931 930/1/930 
f 930/1/930 931/1/931 932/1/932 
f 932/1/932 933/1/933 930/1/930 
f 930/1/930 933/1/933 444/1/444 
f 444/1/444 443/1/443 930/1/930 
f 443/1/443 430/1/430 429/1/429 
f 429/1/429 930/1/930 443/1/443 
f 934/1/934 935/1/935 936/1/936 
f 936/1/936 937/1/937 934/1/934 
f 934/1/934 937/1/937 434/1/434 
f 434/1/434 433/1/433 934/1/934 
f 934/1/934 433/1/433 432/1/432 
f 432/1/432 467/1/467 934/1/934 
f 934/1/934 467/1/467 460/1/460 
f 460/1/460 935/1/935 934/1/934 
f 938/1/938 939/1/939 940/1/940 
f 940/1/940 941/1/941 938/1/938 
f 941/1/941 454/1/454 453/1/453 
f 453/1/453 938/1/938 941/1/941 
f 938/1/938 453/1/453 450/1/450 
f 450/1/450 942/1/942 938/1/938 
f 942/1/942 943/1/943 939/1/939 
f 939/1/939 938/1/938 942/1/942 
f 942/1/942 450/1/450 449/1/449 
f 449/1/449 944/1/944 942/1/942 
f 449/1/449 444/1/444 933/1/933 
f 933/1/933 944/1/944 449/1/449 
f 944/1/944 933/1/933 932/1/932 
f 932/1/932 945/1/945 944/1/944 
f 945/1/945 943/1/943 942/1/942 
f 942/1/942 944/1/944 945/1/945 
f 946/1/946 947/1/947 936/1/936 
f 936/1/936 935/1/935 946/1/946 
f 935/1/935 460/1/460 459/1/459 
f 459/1/459 946/1/946 935/1/935 
f 946/1/946 459/1/459 454/1/454 
f 454/1/454 941/1/941 946/1/946 
f 941/1/941 940/1/940 947/1/947 
f 947/1/947 946/1/946 941/1/941 
f 948/1/948 949/1/949 950/1/950 
f 950/1/950 951/1/951 948/1/948 
f 951/1/951 936/1/936 947/1/947 
f 947/1/947 948/1/948 951/1/951 
f 948/1/948 947/1/947 940/1/940 
f 940/1/940 939/1/939 948/1/948 
f 948/1/948 939/1/939 943/1/943 
f 952/1/952 945/1/945 932/1/932 
f 932/1/932 931/1/931 952/1/952 
f 952/1/952 931/1/931 436/1/436 
f 952/1/952 953/1/953 950/1/950 
f 949/1/949 943/1/943 945/1/945 
f 945/1/945 952/1/952 949/1/949 
f 954/1/954 951/1/951 950/1/950 
f 950/1/950 953/1/953 954/1/954 
f 436/1/436 435/1/435 954/1/954 
f 954/1/954 435/1/435 434/1/434 
f 434/1/434 937/1/937 954/1/954 
f 937/1/937 936/1/936 951/1/951 
f 951/1/951 954/1/954 937/1/937 
f 955/1/955 375/1/375 374/1/374 
f 374/1/374 956/1/956 955/1/955 
f 374/1/374 350/1/350 349/1/349 
f 349/1/349 956/1/956 374/1/374 
f 956/1/956 349/1/349 356/1/356 
f 356/1/356 957/1/957 956/1/956 
f 957/1/957 361/1/361 955/1/955 
f 955/1/955 956/1/956 957/1/957 
f 958/1/958 362/1/362 361/1/361 
f 361/1/361 957/1/957 958/1/958 
f 958/1/958 957/1/957 356/1/356 
f 356/1/356 355/1/355 958/1/958 
f 958/1/958 355/1/355 354/1/354 
f 354/1/354 386/1/386 958/1/958 
f 386/1/386 363/1/363 362/1/362 
f 362/1/362 958/1/958 386/1/386 
f 959/1/959 360/1/360 359/1/359 
f 359/1/359 369/1/369 959/1/959 
f 369/1/369 368/1/368 960/1/960 
f 960/1/960 959/1/959 369/1/369 
f 959/1/959 960/1/960 375/1/375 
f 959/1/959 955/1/955 361/1/361 
f 361/1/361 360/1/360 959/1/959 
f 961/1/961 960/1/960 368/1/368 
f 368/1/368 367/1/367 961/1/961 
f 367/1/367 371/1/371 398/1/398 
f 398/1/398 961/1/961 367/1/367 
f 961/1/961 398/1/398 377/1/377 
f 377/1/377 376/1/376 961/1/961 
f 376/1/376 375/1/375 960/1/960 
f 960/1/960 961/1/961 376/1/376 
f 962/1/962 884/1/884 890/1/890 
f 890/1/890 918/1/918 962/1/962 
f 918/1/918 917/1/917 963/1/963 
f 963/1/963 962/1/962 918/1/918 
f 962/1/962 963/1/963 964/1/964 
f 964/1/964 965/1/965 962/1/962 
f 965/1/965 885/1/885 884/1/884 
f 884/1/884 962/1/962 965/1/965 
f 966/1/966 967/1/967 556/1/556 
f 556/1/556 821/1/821 966/1/966 
f 821/1/821 820/1/820 968/1/968 
f 968/1/968 966/1/966 821/1/821 
f 966/1/966 968/1/968 969/1/969 
f 969/1/969 970/1/970 966/1/966 
f 970/1/970 971/1/971 967/1/967 
f 967/1/967 966/1/966 970/1/970 
f 972/1/972 973/1/973 974/1/974 
f 974/1/974 975/1/975 972/1/972 
f 975/1/975 964/1/964 963/1/963 
f 963/1/963 972/1/972 975/1/975 
f 972/1/972 963/1/963 917/1/917 
f 917/1/917 916/1/916 972/1/972 
f 916/1/916 915/1/915 973/1/973 
f 976/1/976 977/1/977 971/1/971 
f 971/1/971 970/1/970 976/1/976 
f 970/1/970 969/1/969 978/1/978 
f 978/1/978 976/1/976 970/1/970 
f 976/1/976 978/1/978 964/1/964 
f 964/1/964 975/1/975 976/1/976 
f 975/1/975 974/1/974 977/1/977 
f 977/1/977 976/1/976 975/1/975 
f 979/1/979 980/1/980 571/1/571 
f 571/1/571 582/1/582 979/1/979 
f 582/1/582 563/1/563 562/1/562 
f 562/1/562 979/1/979 582/1/582 
f 979/1/979 562/1/562 561/1/561 
f 561/1/561 981/1/981 979/1/979 
f 981/1/981 982/1/982 980/1/980 
f 980/1/980 979/1/979 981/1/981 
f 983/1/983 982/1/982 984/1/984 
f 984/1/984 974/1/974 973/1/973 
f 973/1/973 985/1/985 984/1/984 
f 985/1/985 973/1/973 915/1/915 
f 921/1/921 925/1/925 983/1/983 
f 983/1/983 985/1/985 921/1/921 
f 986/1/986 987/1/987 988/1/988 
f 988/1/988 989/1/989 986/1/986 
f 989/1/989 971/1/971 977/1/977 
f 977/1/977 986/1/986 989/1/989 
f 986/1/986 977/1/977 974/1/974 
f 974/1/974 984/1/984 986/1/986 
f 986/1/986 984/1/984 982/1/982 
f 982/1/982 987/1/987 986/1/986 
f 990/1/990 983/1/983 925/1/925 
f 925/1/925 928/1/928 990/1/990 
f 928/1/928 573/1/573 572/1/572 
f 572/1/572 990/1/990 928/1/928 
f 572/1/572 571/1/571 980/1/980 
f 980/1/980 982/1/982 983/1/983 
f 983/1/983 990/1/990 980/1/980 
f 991/1/991 981/1/981 561/1/561 
f 568/1/568 558/1/558 992/1/992 
f 992/1/992 991/1/991 568/1/568 
f 991/1/991 992/1/992 988/1/988 
f 988/1/988 987/1/987 991/1/991 
f 987/1/987 982/1/982 981/1/981 
f 993/1/993 992/1/992 558/1/558 
f 558/1/558 557/1/557 993/1/993 
f 557/1/557 556/1/556 967/1/967 
f 967/1/967 993/1/993 557/1/557 
f 993/1/993 967/1/967 971/1/971 
f 971/1/971 989/1/989 993/1/993 
f 989/1/989 988/1/988 992/1/992 
f 992/1/992 993/1/993 989/1/989 
f 994/1/994 995/1/995 848/1/848 
f 848/1/848 996/1/996 994/1/994 
f 996/1/996 997/1/997 998/1/998 
f 998/1/998 994/1/994 996/1/996 
f 994/1/994 998/1/998 999/1/999 
f 999/1/999 1000/1/1000 994/1/994 
f 1000/1/1000 1001/1/1001 995/1/995 
f 995/1/995 994/1/994 1000/1/1000 
f 1002/1/1002 1003/1/1003 820/1/820 
f 820/1/820 819/1/819 1002/1/1002 
f 819/1/819 817/1/817 829/1/829 
f 829/1/829 1002/1/1002 819/1/819 
f 1002/1/1002 829/1/829 828/1/828 
f 828/1/828 1004/1/1004 1002/1/1002 
f 1004/1/1004 1005/1/1005 1003/1/1003 
f 1003/1/1003 1002/1/1002 1004/1/1004 
f 1006/1/1006 1007/1/1007 969/1/969 
f 969/1/969 968/1/968 1006/1/1006 
f 968/1/968 820/1/820 1003/1/1003 
f 1003/1/1003 1006/1/1006 968/1/968 
f 1006/1/1006 1003/1/1003 1005/1/1005 
f 1005/1/1005 1008/1/1008 1006/1/1006 
f 1008/1/1008 1009/1/1009 1007/1/1007 
f 1010/1/1010 1007/1/1007 1009/1/1009 
f 1011/1/1011 885/1/885 965/1/965 
f 1010/1/1010 965/1/965 964/1/964 
f 978/1/978 969/1/969 1007/1/1007 
f 1012/1/1012 1013/1/1013 1009/1/1009 
f 1009/1/1009 1008/1/1008 1012/1/1012 
f 1008/1/1008 1005/1/1005 1014/1/1014 
f 1012/1/1012 1014/1/1014 1015/1/1015 
f 1015/1/1015 1016/1/1016 1012/1/1012 
f 1016/1/1016 1017/1/1017 1013/1/1013 
f 1013/1/1013 1012/1/1012 1016/1/1016 
f 1013/1/1013 1017/1/1017 1018/1/1018 
f 1018/1/1018 1019/1/1019 1013/1/1013 
f 1019/1/1019 1018/1/1018 887/1/887 
f 887/1/887 886/1/886 1019/1/1019 
f 886/1/886 885/1/885 1011/1/1011 
f 1011/1/1011 1019/1/1019 886/1/886 
f 1011/1/1011 1009/1/1009 1013/1/1013 
f 1013/1/1013 1019/1/1019 1011/1/1011 
f 1020/1/1020 1021/1/1021 1022/1/1022 
f 1022/1/1022 1023/1/1023 1020/1/1020 
f 1023/1/1023 1001/1/1001 1024/1/1024 
f 1024/1/1024 1020/1/1020 1023/1/1023 
f 1024/1/1024 1025/1/1025 1026/1/1026 
f 1026/1/1026 1020/1/1020 1024/1/1024 
f 1026/1/1026 1027/1/1027 1021/1/1021 
f 1021/1/1021 1020/1/1020 1026/1/1026 
f 1028/1/1028 1029/1/1029 1030/1/1030 
f 1030/1/1030 1031/1/1031 1028/1/1028 
f 1031/1/1031 887/1/887 1018/1/1018 
f 1018/1/1018 1028/1/1028 1031/1/1031 
f 1028/1/1028 1018/1/1018 1017/1/1017 
f 1017/1/1017 1032/1/1032 1028/1/1028 
f 1032/1/1032 1033/1/1033 1029/1/1029 
f 1029/1/1029 1028/1/1028 1032/1/1032 
f 1034/1/1034 842/1/842 841/1/841 
f 841/1/841 1035/1/1035 1034/1/1034 
f 841/1/841 848/1/848 995/1/995 
f 995/1/995 1035/1/1035 841/1/841 
f 1035/1/1035 995/1/995 1001/1/1001 
f 1001/1/1001 1023/1/1023 1035/1/1035 
f 1034/1/1034 1035/1/1035 1023/1/1023 
f 1023/1/1023 1022/1/1022 1034/1/1034 
f 1036/1/1036 1016/1/1016 1015/1/1015 
f 1015/1/1015 1037/1/1037 1036/1/1036 
f 1036/1/1036 1037/1/1037 1038/1/1038 
f 1038/1/1038 1039/1/1039 1036/1/1036 
f 1036/1/1036 1039/1/1039 1033/1/1033 
f 1033/1/1033 1032/1/1032 1036/1/1036 
f 1032/1/1032 1017/1/1017 1016/1/1016 
f 1016/1/1016 1036/1/1036 1032/1/1032 
f 1040/1/1040 1041/1/1041 1030/1/1030 
f 1030/1/1030 1042/1/1042 1040/1/1040 
f 1042/1/1042 1027/1/1027 1043/1/1043 
f 1043/1/1043 1040/1/1040 1042/1/1042 
f 1040/1/1040 1043/1/1043 851/1/851 
f 851/1/851 867/1/867 1040/1/1040 
f 867/1/867 866/1/866 1041/1/1041 
f 1041/1/1041 1040/1/1040 867/1/867 
f 1021/1/1021 1044/1/1044 1045/1/1045 
f 1045/1/1045 1022/1/1022 1021/1/1021 
f 1044/1/1044 1021/1/1021 1027/1/1027 
f 1027/1/1027 1042/1/1042 1044/1/1044 
f 1042/1/1042 1030/1/1030 1029/1/1029 
f 1029/1/1029 1044/1/1044 1042/1/1042 
f 1044/1/1044 1029/1/1029 1033/1/1033 
f 1033/1/1033 1045/1/1045 1044/1/1044 
f 1046/1/1046 1041/1/1041 866/1/866 
f 866/1/866 873/1/873 1046/1/1046 
f 873/1/873 872/1/872 888/1/888 
f 888/1/888 1046/1/1046 873/1/873 
f 1046/1/1046 888/1/888 887/1/887 
f 887/1/887 1031/1/1031 1046/1/1046 
f 1031/1/1031 1030/1/1030 1041/1/1041 
f 1041/1/1041 1046/1/1046 1031/1/1031 
f 1039/1/1039 1047/1/1047 1045/1/1045 
f 1045/1/1045 1033/1/1033 1039/1/1039 
f 1039/1/1039 1038/1/1038 1048/1/1048 
f 1048/1/1048 1047/1/1047 1039/1/1039 
f 1047/1/1047 1048/1/1048 842/1/842 
f 842/1/842 1034/1/1034 1047/1/1047 
f 1034/1/1034 1022/1/1022 1045/1/1045 
f 1045/1/1045 1047/1/1047 1034/1/1034 
f 1049/1/1049 1050/1/1050 1051/1/1051 
f 1051/1/1051 1052/1/1052 1049/1/1049 
f 1052/1/1052 900/1/900 899/1/899 
f 899/1/899 1049/1/1049 1052/1/1052 
f 1049/1/1049 899/1/899 267/1/267 
f 267/1/267 266/1/266 1049/1/1049 
f 266/1/266 252/1/252 1050/1/1050 
f 1050/1/1050 1049/1/1049 266/1/266 
f 1053/1/1053 1050/1/1050 252/1/252 
f 252/1/252 251/1/251 1053/1/1053 
f 251/1/251 250/1/250 1054/1/1054 
f 1054/1/1054 1053/1/1053 251/1/251 
f 1053/1/1053 1054/1/1054 1055/1/1055 
f 1055/1/1055 1056/1/1056 1053/1/1053 
f 1056/1/1056 1051/1/1051 1050/1/1050 
f 1050/1/1050 1053/1/1053 1056/1/1056 
f 1057/1/1057 1058/1/1058 1051/1/1051 
f 1051/1/1051 1056/1/1056 1057/1/1057 
f 1056/1/1056 1055/1/1055 1059/1/1059 
f 1059/1/1059 1057/1/1057 1056/1/1056 
f 1057/1/1057 1059/1/1059 1060/1/1060 
f 1060/1/1060 1061/1/1061 1057/1/1057 
f 1061/1/1061 1062/1/1062 1058/1/1058 
f 1058/1/1058 1057/1/1057 1061/1/1061 
f 1063/1/1063 241/1/241 240/1/240 
f 240/1/240 1064/1/1064 1063/1/1063 
f 1064/1/1064 240/1/240 239/1/239 
f 239/1/239 1065/1/1065 1064/1/1064 
f 1065/1/1065 1066/1/1066 1067/1/1067 
f 1067/1/1067 1064/1/1064 1065/1/1065 
f 1064/1/1064 1067/1/1067 1068/1/1068 
f 1068/1/1068 1063/1/1063 1064/1/1064 
f 1069/1/1069 1070/1/1070 230/1/230 
f 229/1/229 228/1/228 1071/1/1071 
f 1069/1/1069 1071/1/1071 1072/1/1072 
f 1072/1/1072 1073/1/1073 1069/1/1069 
f 1073/1/1073 1074/1/1074 1070/1/1070 
f 1075/1/1075 1076/1/1076 1077/1/1077 
f 1077/1/1077 1078/1/1078 1075/1/1075 
f 1078/1/1078 1079/1/1079 1080/1/1080 
f 1080/1/1080 1075/1/1075 1078/1/1078 
f 1075/1/1075 1080/1/1080 257/1/257 
f 257/1/257 256/1/256 1075/1/1075 
f 256/1/256 255/1/255 1076/1/1076 
f 1076/1/1076 1075/1/1075 256/1/256 
f 1081/1/1081 1082/1/1082 1083/1/1083 
f 1083/1/1083 1084/1/1084 1081/1/1081 
f 1084/1/1084 223/1/223 222/1/222 
f 222/1/222 1081/1/1081 1084/1/1084 
f 1081/1/1081 222/1/222 217/1/217 
f 217/1/217 1085/1/1085 1081/1/1081 
f 1085/1/1085 1086/1/1086 1082/1/1082 
f 1082/1/1082 1081/1/1081 1085/1/1085 
f 1087/1/1087 1088/1/1088 1089/1/1089 
f 1089/1/1089 1090/1/1090 1087/1/1087 
f 1090/1/1090 211/1/211 210/1/210 
f 210/1/210 1087/1/1087 1090/1/1090 
f 1087/1/1087 210/1/210 88/1/88 
f 88/1/88 87/1/87 1087/1/1087 
f 87/1/87 86/1/86 1088/1/1088 
f 1088/1/1088 1087/1/1087 87/1/87 
f 1091/1/1091 1092/1/1092 1086/1/1086 
f 1086/1/1086 1085/1/1085 1091/1/1091 
f 1085/1/1085 217/1/217 216/1/216 
f 216/1/216 1091/1/1091 1085/1/1085 
f 1091/1/1091 216/1/216 211/1/211 
f 211/1/211 1090/1/1090 1091/1/1091 
f 1090/1/1090 1089/1/1089 1092/1/1092 
f 1092/1/1092 1091/1/1091 1090/1/1090 
f 1093/1/1093 1094/1/1094 1095/1/1095 
f 1095/1/1095 1096/1/1096 1093/1/1093 
f 1096/1/1096 1086/1/1086 1092/1/1092 
f 1092/1/1092 1093/1/1093 1096/1/1096 
f 1093/1/1093 1092/1/1092 1089/1/1089 
f 1089/1/1089 1097/1/1097 1093/1/1093 
f 1097/1/1097 1098/1/1098 1094/1/1094 
f 1094/1/1094 1093/1/1093 1097/1/1097 
f 1099/1/1099 86/1/86 85/1/85 
f 85/1/85 1100/1/1100 1099/1/1099 
f 85/1/85 84/1/84 882/1/882 
f 882/1/882 1100/1/1100 85/1/85 
f 882/1/882 863/1/863 1101/1/1101 
f 1101/1/1101 1100/1/1100 882/1/882 
f 1101/1/1101 1102/1/1102 1099/1/1099 
f 1103/1/1103 1104/1/1104 1098/1/1098 
f 1098/1/1098 1097/1/1097 1103/1/1103 
f 1097/1/1097 1089/1/1089 1088/1/1088 
f 1088/1/1088 1103/1/1103 1097/1/1097 
f 1103/1/1103 1088/1/1088 86/1/86 
f 86/1/86 1099/1/1099 1103/1/1103 
f 1099/1/1099 1102/1/1102 1104/1/1104 
f 1104/1/1104 1103/1/1103 1099/1/1099 
f 1105/1/1105 1106/1/1106 1107/1/1107 
f 1107/1/1107 1108/1/1108 1105/1/1105 
f 1108/1/1108 1109/1/1109 1110/1/1110 
f 1105/1/1105 1110/1/1110 1111/1/1111 
f 1112/1/1112 1113/1/1113 1106/1/1106 
f 1114/1/1114 1115/1/1115 1116/1/1116 
f 1116/1/1116 1117/1/1117 1114/1/1114 
f 1117/1/1117 1118/1/1118 1119/1/1119 
f 1119/1/1119 1114/1/1114 1117/1/1117 
f 1114/1/1114 1119/1/1119 1109/1/1109 
f 1109/1/1109 1108/1/1108 1114/1/1114 
f 1108/1/1108 1107/1/1107 1115/1/1115 
f 1115/1/1115 1114/1/1114 1108/1/1108 
f 1120/1/1120 1121/1/1121 1122/1/1122 
f 1122/1/1122 1123/1/1123 1120/1/1120 
f 1123/1/1123 1122/1/1122 1124/1/1124 
f 1124/1/1124 1125/1/1125 1123/1/1123 
f 1125/1/1125 1126/1/1126 1127/1/1127 
f 1127/1/1127 1123/1/1123 1125/1/1125 
f 1123/1/1123 1127/1/1127 1128/1/1128 
f 1128/1/1128 1120/1/1120 1123/1/1123 
f 1129/1/1129 1130/1/1130 1131/1/1131 
f 1131/1/1131 1132/1/1132 1129/1/1129 
f 1132/1/1132 1133/1/1133 1134/1/1134 
f 1134/1/1134 1129/1/1129 1132/1/1132 
f 1129/1/1129 1134/1/1134 1135/1/1135 
f 1135/1/1135 1136/1/1136 1129/1/1129 
f 1136/1/1136 1137/1/1137 1130/1/1130 
f 1130/1/1130 1129/1/1129 1136/1/1136 
f 1138/1/1138 1139/1/1139 1062/1/1062 
f 1062/1/1062 1061/1/1061 1138/1/1138 
f 1061/1/1061 1060/1/1060 1140/1/1140 
f 1140/1/1140 1138/1/1138 1061/1/1061 
f 1138/1/1138 1140/1/1140 1141/1/1141 
f 1142/1/1142 1143/1/1143 1139/1/1139 
f 1139/1/1139 1138/1/1138 1142/1/1142 
f 1144/1/1144 1145/1/1145 1146/1/1146 
f 1146/1/1146 1147/1/1147 1148/1/1148 
f 1148/1/1148 1149/1/1149 1146/1/1146 
f 1149/1/1149 1148/1/1148 1150/1/1150 
f 1151/1/1151 1152/1/1152 1144/1/1144 
f 1144/1/1144 1149/1/1149 1151/1/1151 
f 1153/1/1153 1154/1/1154 1143/1/1143 
f 1155/1/1155 1153/1/1153 1142/1/1142 
f 1142/1/1142 1141/1/1141 1155/1/1155 
f 1153/1/1153 1155/1/1155 1156/1/1156 
f 1153/1/1153 1157/1/1157 1158/1/1158 
f 1158/1/1158 1154/1/1154 1153/1/1153 
f 1159/1/1159 1160/1/1160 1158/1/1158 
f 1157/1/1157 1156/1/1156 1161/1/1161 
f 1159/1/1159 1161/1/1161 1145/1/1145 
f 1145/1/1145 1144/1/1144 1159/1/1159 
f 1159/1/1159 1144/1/1144 1152/1/1152 
f 1162/1/1162 1163/1/1163 900/1/900 
f 900/1/900 1052/1/1052 1162/1/1162 
f 1052/1/1052 1051/1/1051 1058/1/1058 
f 1058/1/1058 1162/1/1162 1052/1/1052 
f 1162/1/1162 1058/1/1058 1062/1/1062 
f 1062/1/1062 1164/1/1164 1162/1/1162 
f 1164/1/1164 1165/1/1165 1163/1/1163 
f 1163/1/1163 1162/1/1162 1164/1/1164 
f 1166/1/1166 1165/1/1165 1164/1/1164 
f 1167/1/1167 1164/1/1164 1062/1/1062 
f 1062/1/1062 1139/1/1139 1167/1/1167 
f 1167/1/1167 1139/1/1139 1143/1/1143 
f 1143/1/1143 1166/1/1166 1167/1/1167 
f 1168/1/1168 1169/1/1169 1170/1/1170 
f 1170/1/1170 1171/1/1171 1168/1/1168 
f 1168/1/1168 1171/1/1171 1165/1/1165 
f 1166/1/1166 1143/1/1143 1154/1/1154 
f 1154/1/1154 1158/1/1158 1169/1/1169 
f 1172/1/1172 1169/1/1169 1158/1/1158 
f 1160/1/1160 1152/1/1152 1173/1/1173 
f 1172/1/1172 1173/1/1173 1174/1/1174 
f 1174/1/1174 1175/1/1175 1172/1/1172 
f 1175/1/1175 1170/1/1170 1169/1/1169 
f 1176/1/1176 585/1/585 577/1/577 
f 577/1/577 576/1/576 1176/1/1176 
f 576/1/576 575/1/575 1177/1/1177 
f 1177/1/1177 1176/1/1176 576/1/576 
f 1176/1/1176 1177/1/1177 1178/1/1178 
f 1178/1/1178 1179/1/1179 1176/1/1176 
f 1179/1/1179 586/1/586 585/1/585 
f 585/1/585 1176/1/1176 1179/1/1179 
f 1180/1/1180 1177/1/1177 575/1/575 
f 575/1/575 904/1/904 1180/1/1180 
f 904/1/904 900/1/900 1163/1/1163 
f 1163/1/1163 1180/1/1180 904/1/904 
f 1180/1/1180 1163/1/1163 1165/1/1165 
f 1165/1/1165 1181/1/1181 1180/1/1180 
f 1181/1/1181 1178/1/1178 1177/1/1177 
f 1177/1/1177 1180/1/1180 1181/1/1181 
f 1182/1/1182 1183/1/1183 593/1/593 
f 593/1/593 592/1/592 1182/1/1182 
f 592/1/592 591/1/591 601/1/601 
f 1182/1/1182 601/1/601 602/1/602 
f 602/1/602 1184/1/1184 1182/1/1182 
f 1184/1/1184 1185/1/1185 1183/1/1183 
f 1183/1/1183 1182/1/1182 1184/1/1184 
f 1181/1/1181 1165/1/1165 1171/1/1171 
f 1171/1/1171 1186/1/1186 1181/1/1181 
f 1171/1/1171 1170/1/1170 1187/1/1187 
f 1187/1/1187 1186/1/1186 1171/1/1171 
f 1187/1/1187 1188/1/1188 1189/1/1189 
f 1189/1/1189 1186/1/1186 1187/1/1187 
f 1186/1/1186 1189/1/1189 1178/1/1178 
f 1178/1/1178 1181/1/1181 1186/1/1186 
f 1190/1/1190 1185/1/1185 1191/1/1191 
f 1191/1/1191 1192/1/1192 1190/1/1190 
f 1191/1/1191 1188/1/1188 1193/1/1193 
f 1193/1/1193 1192/1/1192 1191/1/1191 
f 1192/1/1192 1193/1/1193 1194/1/1194 
f 1194/1/1194 1190/1/1190 1192/1/1192 
f 1195/1/1195 1196/1/1196 586/1/586 
f 586/1/586 1179/1/1179 1195/1/1195 
f 1179/1/1179 1178/1/1178 1189/1/1189 
f 1189/1/1189 1195/1/1195 1179/1/1179 
f 1195/1/1195 1189/1/1189 1188/1/1188 
f 1188/1/1188 1191/1/1191 1195/1/1195 
f 1191/1/1191 1185/1/1185 1196/1/1196 
f 1196/1/1196 1195/1/1195 1191/1/1191 
f 1197/1/1197 1198/1/1198 628/1/628 
f 628/1/628 627/1/627 1197/1/1197 
f 627/1/627 588/1/588 587/1/587 
f 587/1/587 1197/1/1197 627/1/627 
f 587/1/587 586/1/586 1196/1/1196 
f 1196/1/1196 1197/1/1197 587/1/587 
f 1196/1/1196 1185/1/1185 1198/1/1198 
f 1184/1/1184 602/1/602 612/1/612 
f 612/1/612 1199/1/1199 1184/1/1184 
f 1199/1/1199 612/1/612 611/1/611 
f 611/1/611 635/1/635 1199/1/1199 
f 635/1/635 628/1/628 1198/1/1198 
f 1198/1/1198 1185/1/1185 1184/1/1184 
f 1200/1/1200 1187/1/1187 1170/1/1170 
f 1175/1/1175 1174/1/1174 1201/1/1201 
f 1201/1/1201 1200/1/1200 1175/1/1175 
f 1200/1/1200 1201/1/1201 1194/1/1194 
f 1194/1/1194 1193/1/1193 1200/1/1200 
f 1200/1/1200 1193/1/1193 1188/1/1188 
f 1188/1/1188 1187/1/1187 1200/1/1200 
f 1202/1/1202 1203/1/1203 1204/1/1204 
f 1204/1/1204 1205/1/1205 1202/1/1202 
f 1205/1/1205 1206/1/1206 1207/1/1207 
f 1207/1/1207 1202/1/1202 1205/1/1205 
f 1202/1/1202 1207/1/1207 1208/1/1208 
f 1208/1/1208 1209/1/1209 1202/1/1202 
f 1209/1/1209 1210/1/1210 1203/1/1203 
f 1203/1/1203 1202/1/1202 1209/1/1209 
f 1211/1/1211 1212/1/1212 1208/1/1208 
f 1208/1/1208 1207/1/1207 1211/1/1211 
f 1207/1/1207 1206/1/1206 1213/1/1213 
f 1211/1/1211 1213/1/1213 1214/1/1214 
f 1214/1/1214 1215/1/1215 1211/1/1211 
f 1215/1/1215 1216/1/1216 1212/1/1212 
f 1212/1/1212 1211/1/1211 1215/1/1215 
f 1209/1/1209 1208/1/1208 1212/1/1212 
f 1212/1/1212 1217/1/1217 1209/1/1209 
f 1212/1/1212 1216/1/1216 1218/1/1218 
f 1218/1/1218 1217/1/1217 1212/1/1212 
f 1217/1/1217 1218/1/1218 1219/1/1219 
f 1219/1/1219 1220/1/1220 1217/1/1217 
f 1220/1/1220 1210/1/1210 1209/1/1209 
f 1209/1/1209 1217/1/1217 1220/1/1220 
f 1221/1/1221 1222/1/1222 1223/1/1223 
f 1223/1/1223 1224/1/1224 1221/1/1221 
f 1224/1/1224 1223/1/1223 1210/1/1210 
f 1210/1/1210 1220/1/1220 1224/1/1224 
f 1220/1/1220 1219/1/1219 1225/1/1225 
f 1225/1/1225 1224/1/1224 1220/1/1220 
f 1224/1/1224 1225/1/1225 1226/1/1226 
f 1226/1/1226 1221/1/1221 1224/1/1224 
f 1227/1/1227 1218/1/1218 1216/1/1216 
f 1216/1/1216 1228/1/1228 1227/1/1227 
f 1228/1/1228 1229/1/1229 1230/1/1230 
f 1230/1/1230 1227/1/1227 1228/1/1228 
f 1227/1/1227 1230/1/1230 1231/1/1231 
f 1231/1/1231 1232/1/1232 1227/1/1227 
f 1232/1/1232 1219/1/1219 1218/1/1218 
f 1218/1/1218 1227/1/1227 1232/1/1232 
f 1233/1/1233 1234/1/1234 1226/1/1226 
f 1226/1/1226 1225/1/1225 1233/1/1233 
f 1233/1/1233 1225/1/1225 1219/1/1219 
f 1219/1/1219 1232/1/1232 1233/1/1233 
f 1235/1/1235 1233/1/1233 1232/1/1232 
f 1232/1/1232 1231/1/1231 1235/1/1235 
f 1235/1/1235 1236/1/1236 1234/1/1234 
f 1234/1/1234 1233/1/1233 1235/1/1235 
f 1237/1/1237 1236/1/1236 1235/1/1235 
f 1235/1/1235 1238/1/1238 1237/1/1237 
f 1238/1/1238 1235/1/1235 1231/1/1231 
f 1231/1/1231 1239/1/1239 1238/1/1238 
f 1239/1/1239 1240/1/1240 1241/1/1241 
f 1241/1/1241 1238/1/1238 1239/1/1239 
f 1238/1/1238 1241/1/1241 1242/1/1242 
f 1242/1/1242 1237/1/1237 1238/1/1238 
f 1243/1/1243 1244/1/1244 1245/1/1245 
f 1245/1/1245 1246/1/1246 1243/1/1243 
f 1246/1/1246 1109/1/1109 1119/1/1119 
f 1119/1/1119 1243/1/1243 1246/1/1246 
f 1119/1/1119 1118/1/1118 1247/1/1247 
f 1247/1/1247 1243/1/1243 1119/1/1119 
f 1243/1/1243 1247/1/1247 1248/1/1248 
f 1248/1/1248 1244/1/1244 1243/1/1243 
f 1249/1/1249 1250/1/1250 1251/1/1251 
f 1251/1/1251 1252/1/1252 1249/1/1249 
f 1252/1/1252 1095/1/1095 1094/1/1094 
f 1094/1/1094 1249/1/1249 1252/1/1252 
f 1249/1/1249 1094/1/1094 1098/1/1098 
f 1098/1/1098 1253/1/1253 1249/1/1249 
f 1253/1/1253 1254/1/1254 1250/1/1250 
f 1250/1/1250 1249/1/1249 1253/1/1253 
f 1255/1/1255 1256/1/1256 1254/1/1254 
f 1253/1/1253 1098/1/1098 1104/1/1104 
f 1104/1/1104 1255/1/1255 1253/1/1253 
f 1104/1/1104 1102/1/1102 1256/1/1256 
f 1256/1/1256 1255/1/1255 1104/1/1104 
f 1257/1/1257 1258/1/1258 1111/1/1111 
f 1111/1/1111 1110/1/1110 1257/1/1257 
f 1257/1/1257 1110/1/1110 1109/1/1109 
f 1109/1/1109 1246/1/1246 1257/1/1257 
f 1245/1/1245 1259/1/1259 1257/1/1257 
f 1259/1/1259 1260/1/1260 1258/1/1258 
f 1261/1/1261 1262/1/1262 1263/1/1263 
f 1264/1/1264 1111/1/1111 1258/1/1258 
f 1261/1/1261 1258/1/1258 1260/1/1260 
f 1265/1/1265 1266/1/1266 1262/1/1262 
f 1262/1/1262 1261/1/1261 1265/1/1265 
f 1267/1/1267 1268/1/1268 1260/1/1260 
f 1260/1/1260 1259/1/1259 1267/1/1267 
f 1259/1/1259 1245/1/1245 1269/1/1269 
f 1269/1/1269 1267/1/1267 1259/1/1259 
f 1267/1/1267 1269/1/1269 1270/1/1270 
f 1270/1/1270 1271/1/1271 1267/1/1267 
f 1271/1/1271 1272/1/1272 1268/1/1268 
f 1268/1/1268 1267/1/1267 1271/1/1271 
f 1272/1/1272 1273/1/1273 1274/1/1274 
f 1273/1/1273 1254/1/1254 1256/1/1256 
f 1256/1/1256 1102/1/1102 1275/1/1275 
f 1275/1/1275 1266/1/1266 1276/1/1276 
f 1277/1/1277 1275/1/1275 1102/1/1102 
f 1102/1/1102 1101/1/1101 1277/1/1277 
f 1101/1/1101 863/1/863 862/1/862 
f 1277/1/1277 862/1/862 861/1/861 
f 861/1/861 1278/1/1278 1277/1/1277 
f 1278/1/1278 1266/1/1266 1275/1/1275 
f 1279/1/1279 1268/1/1268 1272/1/1272 
f 1272/1/1272 1276/1/1276 1279/1/1279 
f 1276/1/1276 1266/1/1266 1265/1/1265 
f 1265/1/1265 1279/1/1279 1276/1/1276 
f 1279/1/1279 1265/1/1265 1260/1/1260 
f 1260/1/1260 1268/1/1268 1279/1/1279 
f 1280/1/1280 860/1/860 855/1/855 
f 855/1/855 1281/1/1281 1280/1/1280 
f 1281/1/1281 1263/1/1263 1262/1/1262 
f 1262/1/1262 1280/1/1280 1281/1/1281 
f 1280/1/1280 1262/1/1262 1266/1/1266 
f 1266/1/1266 1278/1/1278 1280/1/1280 
f 1278/1/1278 861/1/861 860/1/860 
f 860/1/860 1280/1/1280 1278/1/1278 
f 1282/1/1282 1271/1/1271 1270/1/1270 
f 1283/1/1283 1251/1/1251 1250/1/1250 
f 1282/1/1282 1250/1/1250 1254/1/1254 
f 1254/1/1254 1273/1/1273 1282/1/1282 
f 1271/1/1271 1282/1/1282 1273/1/1273 
f 1273/1/1273 1272/1/1272 1271/1/1271 
f 1284/1/1284 1285/1/1285 853/1/853 
f 853/1/853 852/1/852 1284/1/1284 
f 852/1/852 851/1/851 1043/1/1043 
f 1043/1/1043 1284/1/1284 852/1/852 
f 1284/1/1284 1043/1/1043 1027/1/1027 
f 1027/1/1027 1026/1/1026 1284/1/1284 
f 1026/1/1026 1025/1/1025 1285/1/1285 
f 1285/1/1285 1284/1/1284 1026/1/1026 
f 1286/1/1286 1024/1/1024 1001/1/1001 
f 1001/1/1001 1000/1/1000 1286/1/1286 
f 1000/1/1000 999/1/999 1287/1/1287 
f 1287/1/1287 1286/1/1286 1000/1/1000 
f 1287/1/1287 1288/1/1288 1289/1/1289 
f 1289/1/1289 1286/1/1286 1287/1/1287 
f 1286/1/1286 1289/1/1289 1025/1/1025 
f 1025/1/1025 1024/1/1024 1286/1/1286 
f 1290/1/1290 1291/1/1291 1263/1/1263 
f 1281/1/1281 855/1/855 854/1/854 
f 854/1/854 1290/1/1290 1281/1/1281 
f 1290/1/1290 854/1/854 853/1/853 
f 853/1/853 1292/1/1292 1290/1/1290 
f 1292/1/1292 1293/1/1293 1291/1/1291 
f 1291/1/1291 1290/1/1290 1292/1/1292 
f 1294/1/1294 1112/1/1112 1111/1/1111 
f 1111/1/1111 1264/1/1264 1294/1/1294 
f 1264/1/1264 1263/1/1263 1291/1/1291 
f 1294/1/1294 1291/1/1291 1293/1/1293 
f 1293/1/1293 1295/1/1295 1294/1/1294 
f 1295/1/1295 1113/1/1113 1112/1/1112 
f 1112/1/1112 1294/1/1294 1295/1/1295 
f 1296/1/1296 1297/1/1297 1298/1/1298 
f 1298/1/1298 1299/1/1299 1296/1/1296 
f 1293/1/1293 1292/1/1292 1299/1/1299 
f 1292/1/1292 853/1/853 1285/1/1285 
f 1285/1/1285 1299/1/1299 1292/1/1292 
f 1299/1/1299 1285/1/1285 1025/1/1025 
f 1025/1/1025 1296/1/1296 1299/1/1299 
f 1300/1/1300 1289/1/1289 1288/1/1288 
f 1288/1/1288 1301/1/1301 1300/1/1300 
f 1300/1/1300 1301/1/1301 1297/1/1297 
f 1297/1/1297 1296/1/1296 1300/1/1300 
f 1296/1/1296 1025/1/1025 1289/1/1289 
f 1289/1/1289 1300/1/1300 1296/1/1296 
f 1295/1/1295 1293/1/1293 1302/1/1302 
f 1302/1/1302 1303/1/1303 1295/1/1295 
f 1303/1/1303 1302/1/1302 1304/1/1304 
f 1304/1/1304 1305/1/1305 1303/1/1303 
f 1303/1/1303 1305/1/1305 1113/1/1113 
f 1113/1/1113 1295/1/1295 1303/1/1303 
f 1306/1/1306 1307/1/1307 1288/1/1288 
f 1288/1/1288 1287/1/1287 1306/1/1306 
f 1306/1/1306 1287/1/1287 999/1/999 
f 999/1/999 1308/1/1308 1306/1/1306 
f 1308/1/1308 1309/1/1309 1310/1/1310 
f 1310/1/1310 1306/1/1306 1308/1/1308 
f 1306/1/1306 1310/1/1310 1311/1/1311 
f 1311/1/1311 1307/1/1307 1306/1/1306 
f 1312/1/1312 1297/1/1297 1301/1/1301 
f 1301/1/1301 1313/1/1313 1312/1/1312 
f 1301/1/1301 1288/1/1288 1307/1/1307 
f 1307/1/1307 1313/1/1313 1301/1/1301 
f 1307/1/1307 1311/1/1311 1314/1/1314 
f 1314/1/1314 1313/1/1313 1307/1/1307 
f 1313/1/1313 1314/1/1314 1315/1/1315 
f 1316/1/1316 1317/1/1317 1304/1/1304 
f 1304/1/1304 1302/1/1302 1316/1/1316 
f 1302/1/1302 1293/1/1293 1298/1/1298 
f 1298/1/1298 1316/1/1316 1302/1/1302 
f 1316/1/1316 1298/1/1298 1297/1/1297 
f 1297/1/1297 1312/1/1312 1316/1/1316 
f 1312/1/1312 1315/1/1315 1317/1/1317 
f 1317/1/1317 1316/1/1316 1312/1/1312 
f 1318/1/1318 1311/1/1311 1310/1/1310 
f 1319/1/1319 1310/1/1310 1309/1/1309 
f 1309/1/1309 1320/1/1320 1319/1/1319 
f 1320/1/1320 1321/1/1321 1322/1/1322 
f 1322/1/1322 1319/1/1319 1320/1/1320 
f 1319/1/1319 1322/1/1322 1323/1/1323 
f 1323/1/1323 1318/1/1318 1319/1/1319 
f 1324/1/1324 1107/1/1107 1106/1/1106 
f 1106/1/1106 1325/1/1325 1324/1/1324 
f 1106/1/1106 1113/1/1113 1305/1/1305 
f 1305/1/1305 1325/1/1325 1106/1/1106 
f 1325/1/1325 1305/1/1305 1304/1/1304 
f 1304/1/1304 1326/1/1326 1325/1/1325 
f 1324/1/1324 1325/1/1325 1326/1/1326 
f 1326/1/1326 1327/1/1327 1324/1/1324 
f 1328/1/1328 1329/1/1329 1327/1/1327 
f 1327/1/1327 1326/1/1326 1328/1/1328 
f 1326/1/1326 1304/1/1304 1317/1/1317 
f 1317/1/1317 1328/1/1328 1326/1/1326 
f 1328/1/1328 1317/1/1317 1315/1/1315 
f 1330/1/1330 1331/1/1331 1329/1/1329 
f 1329/1/1329 1328/1/1328 1330/1/1330 
f 1332/1/1332 1333/1/1333 1331/1/1331 
f 1331/1/1331 1330/1/1330 1332/1/1332 
f 1330/1/1330 1315/1/1315 1314/1/1314 
f 1332/1/1332 1314/1/1314 1311/1/1311 
f 1311/1/1311 1318/1/1318 1332/1/1332 
f 1318/1/1318 1323/1/1323 1333/1/1333 
f 1333/1/1333 1332/1/1332 1318/1/1318 
f 1334/1/1334 1335/1/1335 1336/1/1336 
f 1336/1/1336 1337/1/1337 1334/1/1334 
f 1337/1/1337 1323/1/1323 1322/1/1322 
f 1322/1/1322 1334/1/1334 1337/1/1337 
f 1334/1/1334 1322/1/1322 1321/1/1321 
f 1321/1/1321 1338/1/1338 1334/1/1334 
f 1338/1/1338 1339/1/1339 1335/1/1335 
f 1335/1/1335 1334/1/1334 1338/1/1338 
f 1340/1/1340 1115/1/1115 1107/1/1107 
f 1107/1/1107 1324/1/1324 1340/1/1340 
f 1324/1/1324 1327/1/1327 1341/1/1341 
f 1341/1/1341 1340/1/1340 1324/1/1324 
f 1341/1/1341 1342/1/1342 1343/1/1343 
f 1343/1/1343 1340/1/1340 1341/1/1341 
f 1343/1/1343 1116/1/1116 1115/1/1115 
f 1115/1/1115 1340/1/1340 1343/1/1343 
f 1344/1/1344 1345/1/1345 1342/1/1342 
f 1342/1/1342 1341/1/1341 1344/1/1344 
f 1341/1/1341 1327/1/1327 1329/1/1329 
f 1329/1/1329 1344/1/1344 1341/1/1341 
f 1344/1/1344 1329/1/1329 1331/1/1331 
f 1331/1/1331 1346/1/1346 1344/1/1344 
f 1346/1/1346 1347/1/1347 1345/1/1345 
f 1345/1/1345 1344/1/1344 1346/1/1346 
f 1348/1/1348 1349/1/1349 1347/1/1347 
f 1347/1/1347 1346/1/1346 1348/1/1348 
f 1346/1/1346 1331/1/1331 1333/1/1333 
f 1333/1/1333 1348/1/1348 1346/1/1346 
f 1348/1/1348 1333/1/1333 1323/1/1323 
f 1323/1/1323 1337/1/1337 1348/1/1348 
f 1337/1/1337 1336/1/1336 1349/1/1349 
f 1349/1/1349 1348/1/1348 1337/1/1337 
f 1350/1/1350 1351/1/1351 1352/1/1352 
f 1352/1/1352 1353/1/1353 1350/1/1350 
f 1353/1/1353 1354/1/1354 1355/1/1355 
f 1355/1/1355 1350/1/1350 1353/1/1353 
f 1350/1/1350 1355/1/1355 1356/1/1356 
f 1356/1/1356 1357/1/1357 1350/1/1350 
f 1357/1/1357 1358/1/1358 1351/1/1351 
f 1351/1/1351 1350/1/1350 1357/1/1357 
f 1359/1/1359 1360/1/1360 1352/1/1352 
f 1351/1/1351 1358/1/1358 1361/1/1361 
f 1361/1/1361 1359/1/1359 1351/1/1351 
f 1359/1/1359 1361/1/1361 1362/1/1362 
f 1362/1/1362 1363/1/1363 1359/1/1359 
f 1363/1/1363 1364/1/1364 1360/1/1360 
f 1360/1/1360 1359/1/1359 1363/1/1363 
f 1365/1/1365 1366/1/1366 1367/1/1367 
f 1367/1/1367 1368/1/1368 1365/1/1365 
f 1369/1/1369 1366/1/1366 1365/1/1365 
f 1365/1/1365 1370/1/1370 1369/1/1369 
f 1366/1/1366 1369/1/1369 1371/1/1371 
f 1371/1/1371 1372/1/1372 1366/1/1366 
f 1372/1/1372 1373/1/1373 1367/1/1367 
f 1374/1/1374 1375/1/1375 1373/1/1373 
f 1373/1/1373 1372/1/1372 1374/1/1374 
f 1372/1/1372 1371/1/1371 1376/1/1376 
f 1376/1/1376 1374/1/1374 1372/1/1372 
f 1374/1/1374 1376/1/1376 1377/1/1377 
f 1377/1/1377 1378/1/1378 1374/1/1374 
f 1378/1/1378 1379/1/1379 1375/1/1375 
f 1375/1/1375 1374/1/1374 1378/1/1378 
f 1380/1/1380 1148/1/1148 1147/1/1147 
f 1147/1/1147 1381/1/1381 1380/1/1380 
f 1381/1/1381 1382/1/1382 1383/1/1383 
f 1383/1/1383 1380/1/1380 1381/1/1381 
f 1380/1/1380 1383/1/1383 1384/1/1384 
f 1384/1/1384 1385/1/1385 1380/1/1380 
f 1385/1/1385 1150/1/1150 1148/1/1148 
f 1148/1/1148 1380/1/1380 1385/1/1385 
f 1386/1/1386 1387/1/1387 1388/1/1388 
f 1388/1/1388 1389/1/1389 1386/1/1386 
f 1389/1/1389 1373/1/1373 1375/1/1375 
f 1386/1/1386 1375/1/1375 1379/1/1379 
f 1379/1/1379 1390/1/1390 1386/1/1386 
f 1390/1/1390 1391/1/1391 1387/1/1387 
f 1392/1/1392 1387/1/1387 1391/1/1391 
f 1391/1/1391 1393/1/1393 1392/1/1392 
f 1393/1/1393 1384/1/1384 1383/1/1383 
f 1383/1/1383 1392/1/1392 1393/1/1393 
f 1392/1/1392 1383/1/1383 1382/1/1382 
f 1382/1/1382 1394/1/1394 1392/1/1392 
f 1394/1/1394 1388/1/1388 1387/1/1387 
f 1387/1/1387 1392/1/1392 1394/1/1394 
f 1395/1/1395 1396/1/1396 1397/1/1397 
f 1397/1/1397 1398/1/1398 1395/1/1395 
f 1398/1/1398 1399/1/1399 1400/1/1400 
f 1400/1/1400 1395/1/1395 1398/1/1398 
f 1395/1/1395 1400/1/1400 1401/1/1401 
f 1401/1/1401 1402/1/1402 1395/1/1395 
f 1402/1/1402 1403/1/1403 1396/1/1396 
f 1396/1/1396 1395/1/1395 1402/1/1402 
f 1404/1/1404 1405/1/1405 1406/1/1406 
f 1406/1/1406 1407/1/1407 1404/1/1404 
f 1407/1/1407 1174/1/1174 1173/1/1173 
f 1173/1/1173 1404/1/1404 1407/1/1407 
f 1404/1/1404 1173/1/1173 1152/1/1152 
f 1151/1/1151 1150/1/1150 1405/1/1405 
f 1405/1/1405 1404/1/1404 1151/1/1151 
f 1408/1/1408 1406/1/1406 1405/1/1405 
f 1405/1/1405 1409/1/1409 1408/1/1408 
f 1409/1/1409 1405/1/1405 1150/1/1150 
f 1385/1/1385 1384/1/1384 1408/1/1408 
f 1408/1/1408 1409/1/1409 1385/1/1385 
f 1410/1/1410 1411/1/1411 1379/1/1379 
f 1379/1/1379 1378/1/1378 1410/1/1410 
f 1378/1/1378 1377/1/1377 1412/1/1412 
f 1412/1/1412 1410/1/1410 1378/1/1378 
f 1410/1/1410 1412/1/1412 1399/1/1399 
f 1399/1/1399 1398/1/1398 1410/1/1410 
f 1398/1/1398 1397/1/1397 1411/1/1411 
f 1411/1/1411 1410/1/1410 1398/1/1398 
f 1413/1/1413 1201/1/1201 1174/1/1174 
f 1407/1/1407 1406/1/1406 1414/1/1414 
f 1414/1/1414 1413/1/1413 1407/1/1407 
f 1413/1/1413 1414/1/1414 1415/1/1415 
f 1416/1/1416 1194/1/1194 1201/1/1201 
f 1201/1/1201 1413/1/1413 1416/1/1416 
f 1417/1/1417 1418/1/1418 1419/1/1419 
f 1420/1/1420 1415/1/1415 1414/1/1414 
f 1414/1/1414 1417/1/1417 1420/1/1420 
f 1417/1/1417 1414/1/1414 1406/1/1406 
f 1406/1/1406 1418/1/1418 1417/1/1417 
f 1421/1/1421 1403/1/1403 1422/1/1422 
f 1422/1/1422 1423/1/1423 1421/1/1421 
f 1422/1/1422 533/1/533 594/1/594 
f 594/1/594 593/1/593 1424/1/1424 
f 1423/1/1423 1424/1/1424 1415/1/1415 
f 1420/1/1420 1419/1/1419 1425/1/1425 
f 1425/1/1425 1397/1/1397 1396/1/1396 
f 1396/1/1396 1426/1/1426 1425/1/1425 
f 1426/1/1426 1396/1/1396 1403/1/1403 
f 1421/1/1421 1415/1/1415 1420/1/1420 
f 1420/1/1420 1426/1/1426 1421/1/1421 
f 1427/1/1427 1424/1/1424 593/1/593 
f 1183/1/1183 1185/1/1185 1190/1/1190 
f 1190/1/1190 1427/1/1427 1183/1/1183 
f 1427/1/1427 1190/1/1190 1194/1/1194 
f 1416/1/1416 1415/1/1415 1424/1/1424 
f 1424/1/1424 1427/1/1427 1416/1/1416 
f 1428/1/1428 1429/1/1429 1391/1/1391 
f 1391/1/1391 1390/1/1390 1428/1/1428 
f 1390/1/1390 1379/1/1379 1411/1/1411 
f 1411/1/1411 1428/1/1428 1390/1/1390 
f 1428/1/1428 1411/1/1411 1397/1/1397 
f 1425/1/1425 1419/1/1419 1429/1/1429 
f 1429/1/1429 1428/1/1428 1425/1/1425 
f 1418/1/1418 1406/1/1406 1408/1/1408 
f 1430/1/1430 1408/1/1408 1384/1/1384 
f 1393/1/1393 1391/1/1391 1429/1/1429 
f 1429/1/1429 1419/1/1419 1418/1/1418 
f 1418/1/1418 1430/1/1430 1429/1/1429 
f 1431/1/1431 1432/1/1432 1433/1/1433 
f 1433/1/1433 1434/1/1434 1431/1/1431 
f 1434/1/1434 1401/1/1401 1400/1/1400 
f 1431/1/1431 1400/1/1400 1399/1/1399 
f 1399/1/1399 1412/1/1412 1431/1/1431 
f 1412/1/1412 1377/1/1377 1432/1/1432 
f 1432/1/1432 1431/1/1431 1412/1/1412 
f 1435/1/1435 1433/1/1433 1432/1/1432 
f 1432/1/1432 1436/1/1436 1435/1/1435 
f 1432/1/1432 1377/1/1377 1376/1/1376 
f 1376/1/1376 1436/1/1436 1432/1/1432 
f 1436/1/1436 1376/1/1376 1371/1/1371 
f 1437/1/1437 1438/1/1438 1435/1/1435 
f 1435/1/1435 1436/1/1436 1437/1/1437 
f 1439/1/1439 1440/1/1440 1441/1/1441 
f 1441/1/1441 1442/1/1442 1439/1/1439 
f 1442/1/1442 1433/1/1433 1435/1/1435 
f 1435/1/1435 1439/1/1439 1442/1/1442 
f 1439/1/1439 1435/1/1435 1438/1/1438 
f 1443/1/1443 1444/1/1444 1440/1/1440 
f 1440/1/1440 1439/1/1439 1443/1/1443 
f 1437/1/1437 1371/1/1371 1369/1/1369 
f 1369/1/1369 1445/1/1445 1437/1/1437 
f 1370/1/1370 1446/1/1446 1445/1/1445 
f 1445/1/1445 1446/1/1446 1447/1/1447 
f 1447/1/1447 1448/1/1448 1445/1/1445 
f 1445/1/1445 1448/1/1448 1438/1/1438 
f 1438/1/1438 1437/1/1437 1445/1/1445 
f 1443/1/1443 1438/1/1438 1448/1/1448 
f 1448/1/1448 1449/1/1449 1443/1/1443 
f 1448/1/1448 1447/1/1447 1450/1/1450 
f 1450/1/1450 1449/1/1449 1448/1/1448 
f 1449/1/1449 1450/1/1450 1451/1/1451 
f 1451/1/1451 1452/1/1452 1449/1/1449 
f 1443/1/1443 1449/1/1449 1452/1/1452 
f 1452/1/1452 1444/1/1444 1443/1/1443 
f 1453/1/1453 1454/1/1454 1455/1/1455 
f 1455/1/1455 1456/1/1456 1453/1/1453 
f 1456/1/1456 1457/1/1457 1458/1/1458 
f 1458/1/1458 1453/1/1453 1456/1/1456 
f 1453/1/1453 1458/1/1458 1459/1/1459 
f 1459/1/1459 1460/1/1460 1453/1/1453 
f 1460/1/1460 1461/1/1461 1454/1/1454 
f 1454/1/1454 1453/1/1453 1460/1/1460 
f 1462/1/1462 1463/1/1463 1464/1/1464 
f 1464/1/1464 1465/1/1465 1462/1/1462 
f 1465/1/1465 1356/1/1356 1355/1/1355 
f 1355/1/1355 1462/1/1462 1465/1/1465 
f 1462/1/1462 1355/1/1355 1354/1/1354 
f 1354/1/1354 1466/1/1466 1462/1/1462 
f 1466/1/1466 1467/1/1467 1463/1/1463 
f 1463/1/1463 1462/1/1462 1466/1/1466 
f 1468/1/1468 1469/1/1469 1470/1/1470 
f 1470/1/1470 1471/1/1471 1468/1/1468 
f 1471/1/1471 1472/1/1472 1473/1/1473 
f 1473/1/1473 1468/1/1468 1471/1/1471 
f 1468/1/1468 1473/1/1473 1339/1/1339 
f 1339/1/1339 1338/1/1338 1468/1/1468 
f 1338/1/1338 1321/1/1321 1469/1/1469 
f 1469/1/1469 1468/1/1468 1338/1/1338 
f 1474/1/1474 1475/1/1475 1309/1/1309 
f 1309/1/1309 1308/1/1308 1474/1/1474 
f 1308/1/1308 999/1/999 998/1/998 
f 998/1/998 1474/1/1474 1308/1/1308 
f 1474/1/1474 998/1/998 997/1/997 
f 997/1/997 1476/1/1476 1474/1/1474 
f 1476/1/1476 1477/1/1477 1475/1/1475 
f 1475/1/1475 1474/1/1474 1476/1/1476 
f 1478/1/1478 1475/1/1475 1477/1/1477 
f 1477/1/1477 1479/1/1479 1478/1/1478 
f 1479/1/1479 1470/1/1470 1469/1/1469 
f 1469/1/1469 1478/1/1478 1479/1/1479 
f 1478/1/1478 1469/1/1469 1321/1/1321 
f 1321/1/1321 1320/1/1320 1478/1/1478 
f 1320/1/1320 1309/1/1309 1475/1/1475 
f 1475/1/1475 1478/1/1478 1320/1/1320 
f 1480/1/1480 1481/1/1481 1477/1/1477 
f 1477/1/1477 1476/1/1476 1480/1/1480 
f 1476/1/1476 997/1/997 1482/1/1482 
f 1482/1/1482 1480/1/1480 1476/1/1476 
f 1480/1/1480 1482/1/1482 1483/1/1483 
f 1484/1/1484 1485/1/1485 1481/1/1481 
f 1486/1/1486 1482/1/1482 997/1/997 
f 997/1/997 996/1/996 1486/1/1486 
f 996/1/996 848/1/848 847/1/847 
f 847/1/847 1486/1/1486 996/1/996 
f 1486/1/1486 847/1/847 846/1/846 
f 846/1/846 1487/1/1487 1486/1/1486 
f 1487/1/1487 1483/1/1483 1482/1/1482 
f 1482/1/1482 1486/1/1486 1487/1/1487 
f 1488/1/1488 1481/1/1481 1485/1/1485 
f 1489/1/1489 1490/1/1490 1491/1/1491 
f 1488/1/1488 1491/1/1491 1470/1/1470 
f 1470/1/1470 1479/1/1479 1488/1/1488 
f 1479/1/1479 1477/1/1477 1481/1/1481 
f 1481/1/1481 1488/1/1488 1479/1/1479 
f 1484/1/1484 1483/1/1483 1492/1/1492 
f 1492/1/1492 1493/1/1493 1484/1/1484 
f 1493/1/1493 1492/1/1492 1494/1/1494 
f 1494/1/1494 1495/1/1495 1493/1/1493 
f 1493/1/1493 1495/1/1495 1485/1/1485 
f 1485/1/1485 1484/1/1484 1493/1/1493 
f 1496/1/1496 1497/1/1497 1433/1/1433 
f 1433/1/1433 1442/1/1442 1496/1/1496 
f 1442/1/1442 1441/1/1441 1498/1/1498 
f 1498/1/1498 1496/1/1496 1442/1/1442 
f 1496/1/1496 1498/1/1498 1499/1/1499 
f 1499/1/1499 1500/1/1500 1496/1/1496 
f 1500/1/1500 1501/1/1501 1497/1/1497 
f 1497/1/1497 1496/1/1496 1500/1/1500 
f 1502/1/1502 1503/1/1503 1504/1/1504 
f 1504/1/1504 1505/1/1505 1502/1/1502 
f 1505/1/1505 1506/1/1506 1507/1/1507 
f 1507/1/1507 1502/1/1502 1505/1/1505 
f 1507/1/1507 1501/1/1501 1503/1/1503 
f 1508/1/1508 1509/1/1509 1401/1/1401 
f 1434/1/1434 1433/1/1433 1497/1/1497 
f 1508/1/1508 1497/1/1497 1501/1/1501 
f 1501/1/1501 1507/1/1507 1508/1/1508 
f 1507/1/1507 1506/1/1506 1509/1/1509 
f 1509/1/1509 1508/1/1508 1507/1/1507 
f 1510/1/1510 1511/1/1511 1512/1/1512 
f 1512/1/1512 1513/1/1513 1510/1/1510 
f 1512/1/1512 1514/1/1514 1515/1/1515 
f 1515/1/1515 1513/1/1513 1512/1/1512 
f 1513/1/1513 1515/1/1515 1516/1/1516 
f 1516/1/1516 1517/1/1517 1513/1/1513 
f 1513/1/1513 1517/1/1517 1518/1/1518 
f 1518/1/1518 1510/1/1510 1513/1/1513 
f 1519/1/1519 1520/1/1520 1521/1/1521 
f 1522/1/1522 1523/1/1523 1524/1/1524 
f 1524/1/1524 1519/1/1519 1522/1/1522 
f 1524/1/1524 1525/1/1525 1526/1/1526 
f 1526/1/1526 1519/1/1519 1524/1/1524 
f 1519/1/1519 1526/1/1526 1527/1/1527 
f 1527/1/1527 1520/1/1520 1519/1/1519 
f 1528/1/1528 1529/1/1529 1530/1/1530 
f 1530/1/1530 1531/1/1531 1528/1/1528 
f 1528/1/1528 1531/1/1531 1523/1/1523 
f 1523/1/1523 1522/1/1522 1528/1/1528 
f 1528/1/1528 1522/1/1522 1521/1/1521 
f 1521/1/1521 1532/1/1532 1528/1/1528 
f 1528/1/1528 1532/1/1532 1533/1/1533 
f 1533/1/1533 1529/1/1529 1528/1/1528 
f 1534/1/1534 1533/1/1533 1532/1/1532 
f 1532/1/1532 1535/1/1535 1534/1/1534 
f 1520/1/1520 1535/1/1535 1532/1/1532 
f 1532/1/1532 1521/1/1521 1520/1/1520 
f 1535/1/1535 1520/1/1520 1527/1/1527 
f 1527/1/1527 1536/1/1536 1535/1/1535 
f 1536/1/1536 1537/1/1537 1534/1/1534 
f 1534/1/1534 1535/1/1535 1536/1/1536 
f 1538/1/1538 1516/1/1516 1515/1/1515 
f 1515/1/1515 1539/1/1539 1538/1/1538 
f 1539/1/1539 1515/1/1515 1514/1/1514 
f 1514/1/1514 1540/1/1540 1539/1/1539 
f 1540/1/1540 1530/1/1530 1529/1/1529 
f 1529/1/1529 1539/1/1539 1540/1/1540 
f 1538/1/1538 1539/1/1539 1529/1/1529 
f 1529/1/1529 1533/1/1533 1538/1/1538 
f 1541/1/1541 1542/1/1542 1518/1/1518 
f 1517/1/1517 1516/1/1516 1538/1/1538 
f 1538/1/1538 1541/1/1541 1517/1/1517 
f 1541/1/1541 1538/1/1538 1533/1/1533 
f 1533/1/1533 1534/1/1534 1541/1/1541 
f 1534/1/1534 1537/1/1537 1542/1/1542 
f 1543/1/1543 1544/1/1544 1511/1/1511 
f 1511/1/1511 1510/1/1510 1543/1/1543 
f 1510/1/1510 1518/1/1518 1542/1/1542 
f 1542/1/1542 1543/1/1543 1510/1/1510 
f 1543/1/1543 1542/1/1542 1537/1/1537 
f 1537/1/1537 1545/1/1545 1543/1/1543 
f 1545/1/1545 1546/1/1546 1544/1/1544 
f 1544/1/1544 1543/1/1543 1545/1/1545 
f 1547/1/1547 1526/1/1526 1525/1/1525 
f 1525/1/1525 1548/1/1548 1547/1/1547 
f 1548/1/1548 1546/1/1546 1545/1/1545 
f 1545/1/1545 1547/1/1547 1548/1/1548 
f 1547/1/1547 1545/1/1545 1537/1/1537 
f 1537/1/1537 1536/1/1536 1547/1/1547 
f 1536/1/1536 1527/1/1527 1526/1/1526 
f 1526/1/1526 1547/1/1547 1536/1/1536 
f 1549/1/1549 1550/1/1550 1551/1/1551 
f 1551/1/1551 1552/1/1552 1549/1/1549 
f 1552/1/1552 1553/1/1553 1554/1/1554 
f 1554/1/1554 1549/1/1549 1552/1/1552 
f 1549/1/1549 1554/1/1554 1555/1/1555 
f 1555/1/1555 1556/1/1556 1549/1/1549 
f 1556/1/1556 1557/1/1557 1550/1/1550 
f 1550/1/1550 1549/1/1549 1556/1/1556 
f 1558/1/1558 1559/1/1559 1551/1/1551 
f 1551/1/1551 1550/1/1550 1558/1/1558 
f 1550/1/1550 1557/1/1557 1560/1/1560 
f 1560/1/1560 1558/1/1558 1550/1/1550 
f 1558/1/1558 1560/1/1560 1561/1/1561 
f 1561/1/1561 1562/1/1562 1558/1/1558 
f 1562/1/1562 1563/1/1563 1559/1/1559 
f 1559/1/1559 1558/1/1558 1562/1/1562 
f 1564/1/1564 1565/1/1565 1566/1/1566 
f 1566/1/1566 1567/1/1567 1564/1/1564 
f 1567/1/1567 1568/1/1568 1569/1/1569 
f 1569/1/1569 1564/1/1564 1567/1/1567 
f 1564/1/1564 1569/1/1569 1553/1/1553 
f 1553/1/1553 1552/1/1552 1564/1/1564 
f 1552/1/1552 1551/1/1551 1565/1/1565 
f 1565/1/1565 1564/1/1564 1552/1/1552 
f 1570/1/1570 1571/1/1571 1566/1/1566 
f 1566/1/1566 1565/1/1565 1570/1/1570 
f 1565/1/1565 1551/1/1551 1559/1/1559 
f 1559/1/1559 1570/1/1570 1565/1/1565 
f 1570/1/1570 1559/1/1559 1563/1/1563 
f 1563/1/1563 1572/1/1572 1570/1/1570 
f 1572/1/1572 1573/1/1573 1571/1/1571 
f 1571/1/1571 1570/1/1570 1572/1/1572 
f 1574/1/1574 1575/1/1575 1506/1/1506 
f 1506/1/1506 1505/1/1505 1574/1/1574 
f 1505/1/1505 1504/1/1504 1576/1/1576 
f 1576/1/1576 1574/1/1574 1505/1/1505 
f 1574/1/1574 1576/1/1576 1568/1/1568 
f 1568/1/1568 1577/1/1577 1574/1/1574 
f 1577/1/1577 1578/1/1578 1575/1/1575 
f 1575/1/1575 1574/1/1574 1577/1/1577 
f 1579/1/1579 1573/1/1573 1580/1/1580 
f 1580/1/1580 837/1/837 836/1/836 
f 836/1/836 1581/1/1581 1580/1/1580 
f 1581/1/1581 836/1/836 831/1/831 
f 1582/1/1582 1583/1/1583 1579/1/1579 
f 1579/1/1579 1581/1/1581 1582/1/1582 
f 1584/1/1584 1582/1/1582 831/1/831 
f 830/1/830 817/1/817 824/1/824 
f 824/1/824 1584/1/1584 830/1/830 
f 1584/1/1584 824/1/824 524/1/524 
f 524/1/524 1585/1/1585 1584/1/1584 
f 1585/1/1585 1583/1/1583 1582/1/1582 
f 1586/1/1586 1587/1/1587 1578/1/1578 
f 1588/1/1588 535/1/535 534/1/534 
f 1586/1/1586 534/1/534 533/1/533 
f 1422/1/1422 1403/1/1403 1587/1/1587 
f 1575/1/1575 1578/1/1578 1587/1/1587 
f 1587/1/1587 1589/1/1589 1575/1/1575 
f 1587/1/1587 1403/1/1403 1402/1/1402 
f 1402/1/1402 1401/1/1401 1509/1/1509 
f 1509/1/1509 1589/1/1589 1402/1/1402 
f 1509/1/1509 1506/1/1506 1575/1/1575 
f 1575/1/1575 1589/1/1589 1509/1/1509 
f 1590/1/1590 1585/1/1585 524/1/524 
f 524/1/524 523/1/523 1590/1/1590 
f 523/1/523 520/1/520 1591/1/1591 
f 1591/1/1591 1592/1/1592 1593/1/1593 
f 1593/1/1593 1583/1/1583 1585/1/1585 
f 1585/1/1585 1590/1/1590 1593/1/1593 
f 1594/1/1594 1577/1/1577 1568/1/1568 
f 1567/1/1567 1566/1/1566 1595/1/1595 
f 1594/1/1594 1595/1/1595 1596/1/1596 
f 1596/1/1596 1597/1/1597 1594/1/1594 
f 1597/1/1597 1578/1/1578 1577/1/1577 
f 1598/1/1598 1599/1/1599 512/1/512 
f 512/1/512 530/1/530 1598/1/1598 
f 530/1/530 529/1/529 536/1/536 
f 536/1/536 1598/1/1598 530/1/530 
f 536/1/536 535/1/535 1600/1/1600 
f 1600/1/1600 1598/1/1598 536/1/536 
f 1600/1/1600 1592/1/1592 1599/1/1599 
f 1599/1/1599 1598/1/1598 1600/1/1600 
f 1601/1/1601 519/1/519 508/1/508 
f 507/1/507 512/1/512 1599/1/1599 
f 1599/1/1599 1601/1/1601 507/1/507 
f 1591/1/1591 1601/1/1601 1599/1/1599 
f 1599/1/1599 1592/1/1592 1591/1/1591 
f 1591/1/1591 520/1/520 519/1/519 
f 519/1/519 1601/1/1601 1591/1/1591 
f 1593/1/1593 1592/1/1592 1602/1/1602 
f 1602/1/1602 1603/1/1603 1593/1/1593 
f 1603/1/1603 1602/1/1602 1596/1/1596 
f 1596/1/1596 1604/1/1604 1603/1/1603 
f 1603/1/1603 1604/1/1604 1583/1/1583 
f 1605/1/1605 1600/1/1600 535/1/535 
f 535/1/535 1588/1/1588 1605/1/1605 
f 1588/1/1588 1578/1/1578 1597/1/1597 
f 1597/1/1597 1605/1/1605 1588/1/1588 
f 1597/1/1597 1596/1/1596 1602/1/1602 
f 1602/1/1602 1592/1/1592 1600/1/1600 
f 1600/1/1600 1605/1/1605 1602/1/1602 
f 1606/1/1606 1595/1/1595 1566/1/1566 
f 1566/1/1566 1571/1/1571 1606/1/1606 
f 1571/1/1571 1573/1/1573 1579/1/1579 
f 1579/1/1579 1606/1/1606 1571/1/1571 
f 1606/1/1606 1579/1/1579 1583/1/1583 
f 1583/1/1583 1604/1/1604 1606/1/1606 
f 1604/1/1604 1596/1/1596 1595/1/1595 
f 1595/1/1595 1606/1/1606 1604/1/1604 
f 1607/1/1607 838/1/838 837/1/837 
f 837/1/837 1580/1/1580 1607/1/1607 
f 1580/1/1580 1573/1/1573 1608/1/1608 
f 1608/1/1608 1609/1/1609 1610/1/1610 
f 1610/1/1610 1607/1/1607 1608/1/1608 
f 1607/1/1607 1610/1/1610 839/1/839 
f 1611/1/1611 1612/1/1612 1613/1/1613 
f 1613/1/1613 1614/1/1614 1611/1/1611 
f 1613/1/1613 1483/1/1483 1487/1/1487 
f 1487/1/1487 1614/1/1614 1613/1/1613 
f 1614/1/1614 1487/1/1487 846/1/846 
f 1615/1/1615 1616/1/1616 1611/1/1611 
f 1611/1/1611 1616/1/1616 1617/1/1617 
f 1617/1/1617 1618/1/1618 1611/1/1611 
f 1618/1/1618 1617/1/1617 1619/1/1619 
f 1618/1/1618 1620/1/1620 1612/1/1612 
f 1612/1/1612 1611/1/1611 1618/1/1618 
f 1621/1/1621 1617/1/1617 1616/1/1616 
f 1622/1/1622 839/1/839 1610/1/1610 
f 1610/1/1610 1621/1/1621 1622/1/1622 
f 1621/1/1621 1610/1/1610 1609/1/1609 
f 1623/1/1623 1619/1/1619 1617/1/1617 
f 1617/1/1617 1621/1/1621 1623/1/1623 
f 1624/1/1624 1625/1/1625 1626/1/1626 
f 1626/1/1626 1494/1/1494 1492/1/1492 
f 1492/1/1492 1627/1/1627 1626/1/1626 
f 1627/1/1627 1492/1/1492 1483/1/1483 
f 1613/1/1613 1612/1/1612 1624/1/1624 
f 1628/1/1628 1629/1/1629 1609/1/1609 
f 1609/1/1609 1608/1/1608 1628/1/1628 
f 1608/1/1608 1573/1/1573 1572/1/1572 
f 1572/1/1572 1628/1/1628 1608/1/1608 
f 1628/1/1628 1572/1/1572 1563/1/1563 
f 1563/1/1563 1630/1/1630 1628/1/1628 
f 1630/1/1630 1631/1/1631 1629/1/1629 
f 1629/1/1629 1628/1/1628 1630/1/1630 
f 1632/1/1632 1633/1/1633 1619/1/1619 
f 1619/1/1619 1623/1/1623 1632/1/1632 
f 1623/1/1623 1609/1/1609 1629/1/1629 
f 1629/1/1629 1632/1/1632 1623/1/1623 
f 1632/1/1632 1629/1/1629 1631/1/1631 
f 1631/1/1631 1634/1/1634 1632/1/1632 
f 1634/1/1634 1635/1/1635 1633/1/1633 
f 1633/1/1633 1632/1/1632 1634/1/1634 
f 1636/1/1636 1637/1/1637 1625/1/1625 
f 1625/1/1625 1624/1/1624 1636/1/1636 
f 1620/1/1620 1636/1/1636 1624/1/1624 
f 1624/1/1624 1612/1/1612 1620/1/1620 
f 1620/1/1620 1619/1/1619 1633/1/1633 
f 1633/1/1633 1636/1/1636 1620/1/1620 
f 1633/1/1633 1635/1/1635 1637/1/1637 
f 1637/1/1637 1636/1/1636 1633/1/1633 
f 1638/1/1638 1639/1/1639 1631/1/1631 
f 1631/1/1631 1630/1/1630 1638/1/1638 
f 1630/1/1630 1563/1/1563 1562/1/1562 
f 1562/1/1562 1638/1/1638 1630/1/1630 
f 1638/1/1638 1562/1/1562 1561/1/1561 
f 1561/1/1561 1640/1/1640 1638/1/1638 
f 1640/1/1640 1641/1/1641 1639/1/1639 
f 1639/1/1639 1638/1/1638 1640/1/1640 
f 1642/1/1642 1643/1/1643 1644/1/1644 
f 1644/1/1644 1645/1/1645 1642/1/1642 
f 1645/1/1645 1625/1/1625 1637/1/1637 
f 1637/1/1637 1642/1/1642 1645/1/1645 
f 1642/1/1642 1637/1/1637 1635/1/1635 
f 1635/1/1635 1646/1/1646 1642/1/1642 
f 1646/1/1646 1647/1/1647 1643/1/1643 
f 1643/1/1643 1642/1/1642 1646/1/1646 
f 1646/1/1646 1635/1/1635 1634/1/1634 
f 1634/1/1634 1648/1/1648 1646/1/1646 
f 1634/1/1634 1631/1/1631 1639/1/1639 
f 1639/1/1639 1648/1/1648 1634/1/1634 
f 1648/1/1648 1639/1/1639 1641/1/1641 
f 1641/1/1641 1649/1/1649 1648/1/1648 
f 1648/1/1648 1649/1/1649 1647/1/1647 
f 1647/1/1647 1646/1/1646 1648/1/1648 
f 1650/1/1650 1651/1/1651 1641/1/1641 
f 1641/1/1641 1640/1/1640 1650/1/1650 
f 1640/1/1640 1561/1/1561 1652/1/1652 
f 1652/1/1652 1650/1/1650 1640/1/1640 
f 1650/1/1650 1652/1/1652 1653/1/1653 
f 1653/1/1653 1654/1/1654 1650/1/1650 
f 1650/1/1650 1654/1/1654 1655/1/1655 
f 1655/1/1655 1651/1/1651 1650/1/1650 
f 1656/1/1656 1657/1/1657 1658/1/1658 
f 1658/1/1658 1659/1/1659 1656/1/1656 
f 1659/1/1659 1644/1/1644 1643/1/1643 
f 1643/1/1643 1656/1/1656 1659/1/1659 
f 1656/1/1656 1643/1/1643 1647/1/1647 
f 1647/1/1647 1660/1/1660 1656/1/1656 
f 1660/1/1660 1661/1/1661 1657/1/1657 
f 1657/1/1657 1656/1/1656 1660/1/1660 
f 1662/1/1662 1663/1/1663 1661/1/1661 
f 1661/1/1661 1660/1/1660 1662/1/1662 
f 1660/1/1660 1647/1/1647 1649/1/1649 
f 1649/1/1649 1662/1/1662 1660/1/1660 
f 1662/1/1662 1649/1/1649 1641/1/1641 
f 1641/1/1641 1651/1/1651 1662/1/1662 
f 1651/1/1651 1655/1/1655 1663/1/1663 
f 1663/1/1663 1662/1/1662 1651/1/1651 
f 1664/1/1664 1665/1/1665 1666/1/1666 
f 1666/1/1666 1667/1/1667 1664/1/1664 
f 1667/1/1667 1668/1/1668 1669/1/1669 
f 1669/1/1669 1664/1/1664 1667/1/1667 
f 1664/1/1664 1669/1/1669 1670/1/1670 
f 1670/1/1670 1671/1/1671 1664/1/1664 
f 1671/1/1671 1672/1/1672 1665/1/1665 
f 1665/1/1665 1664/1/1664 1671/1/1671 
f 1673/1/1673 1674/1/1674 1675/1/1675 
f 1675/1/1675 1676/1/1676 1673/1/1673 
f 1676/1/1676 1675/1/1675 1668/1/1668 
f 1668/1/1668 1667/1/1667 1676/1/1676 
f 1667/1/1667 1666/1/1666 1677/1/1677 
f 1677/1/1677 1676/1/1676 1667/1/1667 
f 1676/1/1676 1677/1/1677 1678/1/1678 
f 1678/1/1678 1673/1/1673 1676/1/1676 
f 1679/1/1679 1680/1/1680 1681/1/1681 
f 1681/1/1681 1682/1/1682 1679/1/1679 
f 1682/1/1682 1683/1/1683 1684/1/1684 
f 1684/1/1684 1679/1/1679 1682/1/1682 
f 1679/1/1679 1684/1/1684 1674/1/1674 
f 1674/1/1674 1673/1/1673 1679/1/1679 
f 1673/1/1673 1678/1/1678 1680/1/1680 
f 1680/1/1680 1679/1/1679 1673/1/1673 
f 1685/1/1685 1686/1/1686 1687/1/1687 
f 1687/1/1687 1688/1/1688 1685/1/1685 
f 1688/1/1688 1689/1/1689 1690/1/1690 
f 1690/1/1690 1685/1/1685 1688/1/1688 
f 1685/1/1685 1690/1/1690 171/1/171 
f 171/1/171 170/1/170 1685/1/1685 
f 170/1/170 177/1/177 1686/1/1686 
f 1686/1/1686 1685/1/1685 170/1/170 
f 1691/1/1691 180/1/180 179/1/179 
f 179/1/179 1692/1/1692 1691/1/1691 
f 179/1/179 171/1/171 1690/1/1690 
f 1690/1/1690 1692/1/1692 179/1/179 
f 1692/1/1692 1690/1/1690 1689/1/1689 
f 1692/1/1692 1693/1/1693 1694/1/1694 
f 1694/1/1694 1691/1/1691 1692/1/1692 
f 1695/1/1695 188/1/188 180/1/180 
f 180/1/180 1691/1/1691 1695/1/1695 
f 1691/1/1691 1694/1/1694 1696/1/1696 
f 1696/1/1696 1695/1/1695 1691/1/1691 
f 1695/1/1695 1696/1/1696 1697/1/1697 
f 1698/1/1698 189/1/189 188/1/188 
f 188/1/188 1695/1/1695 1698/1/1698 
f 1699/1/1699 1700/1/1700 1701/1/1701 
f 1701/1/1701 1702/1/1702 1699/1/1699 
f 1702/1/1702 1701/1/1701 1131/1/1131 
f 1131/1/1131 1703/1/1703 1702/1/1702 
f 1703/1/1703 1704/1/1704 1705/1/1705 
f 1705/1/1705 1702/1/1702 1703/1/1703 
f 1702/1/1702 1705/1/1705 1706/1/1706 
f 1706/1/1706 1699/1/1699 1702/1/1702 
f 1707/1/1707 1708/1/1708 273/1/273 
f 273/1/273 272/1/272 1707/1/1707 
f 272/1/272 138/1/138 136/1/136 
f 136/1/136 1707/1/1707 272/1/272 
f 1707/1/1707 136/1/136 135/1/135 
f 135/1/135 1709/1/1709 1707/1/1707 
f 1709/1/1709 1710/1/1710 1708/1/1708 
f 1708/1/1708 1707/1/1707 1709/1/1709 
f 1711/1/1711 1712/1/1712 130/1/130 
f 130/1/130 128/1/128 1711/1/1711 
f 128/1/128 127/1/127 143/1/143 
f 143/1/143 1711/1/1711 128/1/128 
f 143/1/143 142/1/142 1713/1/1713 
f 1713/1/1713 1711/1/1711 143/1/143 
f 1711/1/1711 1713/1/1713 1714/1/1714 
f 1714/1/1714 1712/1/1712 1711/1/1711 
f 1715/1/1715 1716/1/1716 1717/1/1717 
f 1717/1/1717 1718/1/1718 1715/1/1715 
f 1718/1/1718 328/1/328 327/1/327 
f 327/1/327 1715/1/1715 1718/1/1718 
f 1715/1/1715 327/1/327 273/1/273 
f 273/1/273 1708/1/1708 1715/1/1715 
f 1708/1/1708 1710/1/1710 1716/1/1716 
f 1716/1/1716 1715/1/1715 1708/1/1708 
f 1719/1/1719 1720/1/1720 1229/1/1229 
f 1229/1/1229 1228/1/1228 1719/1/1719 
f 1719/1/1719 1228/1/1228 1216/1/1216 
f 1216/1/1216 1215/1/1215 1719/1/1719 
f 1719/1/1719 1215/1/1215 1214/1/1214 
f 1214/1/1214 1721/1/1721 1719/1/1719 
f 1721/1/1721 1722/1/1722 1720/1/1720 
f 1723/1/1723 1724/1/1724 1725/1/1725 
f 1725/1/1725 1726/1/1726 1723/1/1723 
f 1726/1/1726 1727/1/1727 1728/1/1728 
f 1728/1/1728 1723/1/1723 1726/1/1726 
f 1723/1/1723 1728/1/1728 1722/1/1722 
f 1721/1/1721 1214/1/1214 1724/1/1724 
f 1724/1/1724 1723/1/1723 1721/1/1721 
f 1729/1/1729 1730/1/1730 1240/1/1240 
f 1240/1/1240 1239/1/1239 1729/1/1729 
f 1239/1/1239 1231/1/1231 1230/1/1230 
f 1230/1/1230 1729/1/1729 1239/1/1239 
f 1729/1/1729 1230/1/1230 1229/1/1229 
f 1229/1/1229 1720/1/1720 1729/1/1729 
f 1720/1/1720 1722/1/1722 1730/1/1730 
f 1730/1/1730 1729/1/1729 1720/1/1720 
f 1731/1/1731 1234/1/1234 1236/1/1236 
f 1236/1/1236 1237/1/1237 1731/1/1731 
f 1237/1/1237 1242/1/1242 1732/1/1732 
f 1732/1/1732 1733/1/1733 1734/1/1734 
f 1734/1/1734 1226/1/1226 1234/1/1234 
f 1234/1/1234 1731/1/1731 1734/1/1734 
f 1735/1/1735 1736/1/1736 1737/1/1737 
f 1737/1/1737 1738/1/1738 1735/1/1735 
f 1737/1/1737 1739/1/1739 1740/1/1740 
f 1740/1/1740 1738/1/1738 1737/1/1737 
f 1738/1/1738 1740/1/1740 1525/1/1525 
f 1525/1/1525 1524/1/1524 1738/1/1738 
f 1738/1/1738 1524/1/1524 1523/1/1523 
f 1523/1/1523 1735/1/1735 1738/1/1738 
f 1741/1/1741 1531/1/1531 1530/1/1530 
f 1742/1/1742 1743/1/1743 1744/1/1744 
f 1744/1/1744 1741/1/1741 1742/1/1742 
f 1741/1/1741 1744/1/1744 1736/1/1736 
f 1735/1/1735 1523/1/1523 1531/1/1531 
f 1531/1/1531 1741/1/1741 1735/1/1735 
f 1745/1/1745 1746/1/1746 1747/1/1747 
f 1748/1/1748 1511/1/1511 1544/1/1544 
f 1544/1/1544 1745/1/1745 1748/1/1748 
f 1745/1/1745 1544/1/1544 1546/1/1546 
f 1546/1/1546 1749/1/1749 1745/1/1745 
f 1749/1/1749 1750/1/1750 1746/1/1746 
f 1746/1/1746 1745/1/1745 1749/1/1749 
f 1751/1/1751 1749/1/1749 1546/1/1546 
f 1546/1/1546 1548/1/1548 1751/1/1751 
f 1548/1/1548 1525/1/1525 1740/1/1740 
f 1740/1/1740 1751/1/1751 1548/1/1548 
f 1740/1/1740 1739/1/1739 1752/1/1752 
f 1752/1/1752 1751/1/1751 1740/1/1740 
f 1752/1/1752 1750/1/1750 1749/1/1749 
f 1749/1/1749 1751/1/1751 1752/1/1752 
f 1753/1/1753 1204/1/1204 1203/1/1203 
f 1203/1/1203 1754/1/1754 1753/1/1753 
f 1203/1/1203 1210/1/1210 1223/1/1223 
f 1223/1/1223 1754/1/1754 1203/1/1203 
f 1754/1/1754 1223/1/1223 1222/1/1222 
f 1222/1/1222 1755/1/1755 1754/1/1754 
f 1755/1/1755 1756/1/1756 1753/1/1753 
f 1753/1/1753 1754/1/1754 1755/1/1755 
f 1757/1/1757 1755/1/1755 1222/1/1222 
f 1222/1/1222 1221/1/1221 1757/1/1757 
f 1221/1/1221 1226/1/1226 1734/1/1734 
f 1734/1/1734 1757/1/1757 1221/1/1221 
f 1757/1/1757 1734/1/1734 1733/1/1733 
f 1758/1/1758 1756/1/1756 1755/1/1755 
f 1755/1/1755 1757/1/1757 1758/1/1758 
f 1759/1/1759 1127/1/1127 1126/1/1126 
f 1126/1/1126 1760/1/1760 1759/1/1759 
f 1760/1/1760 1761/1/1761 1762/1/1762 
f 1762/1/1762 1759/1/1759 1760/1/1760 
f 1759/1/1759 1762/1/1762 1763/1/1763 
f 1763/1/1763 1764/1/1764 1759/1/1759 
f 1764/1/1764 1128/1/1128 1127/1/1127 
f 1127/1/1127 1759/1/1759 1764/1/1764 
f 1765/1/1765 1762/1/1762 1761/1/1761 
f 1761/1/1761 1766/1/1766 1765/1/1765 
f 1363/1/1363 1765/1/1765 1766/1/1766 
f 1766/1/1766 1364/1/1364 1363/1/1363 
f 1767/1/1767 1765/1/1765 1363/1/1363 
f 1363/1/1363 1362/1/1362 1767/1/1767 
f 1767/1/1767 1763/1/1763 1762/1/1762 
f 1762/1/1762 1765/1/1765 1767/1/1767 
f 1768/1/1768 1769/1/1769 1770/1/1770 
f 1770/1/1770 1771/1/1771 1768/1/1768 
f 1771/1/1771 1772/1/1772 1773/1/1773 
f 1773/1/1773 1768/1/1768 1771/1/1771 
f 1768/1/1768 1773/1/1773 1774/1/1774 
f 1774/1/1774 1775/1/1775 1768/1/1768 
f 1775/1/1775 1776/1/1776 1769/1/1769 
f 1769/1/1769 1768/1/1768 1775/1/1775 
f 1777/1/1777 1778/1/1778 1779/1/1779 
f 1779/1/1779 1780/1/1780 1777/1/1777 
f 1777/1/1777 158/1/158 157/1/157 
f 157/1/157 1778/1/1778 1777/1/1777 
f 1778/1/1778 157/1/157 156/1/156 
f 156/1/156 1781/1/1781 1778/1/1778 
f 1779/1/1779 1778/1/1778 1781/1/1781 
f 1781/1/1781 1782/1/1782 1779/1/1779 
f 1783/1/1783 1784/1/1784 1785/1/1785 
f 1785/1/1785 1786/1/1786 1783/1/1783 
f 1786/1/1786 1787/1/1787 1788/1/1788 
f 1788/1/1788 1783/1/1783 1786/1/1786 
f 1783/1/1783 1788/1/1788 48/1/48 
f 48/1/48 47/1/47 1783/1/1783 
f 47/1/47 46/1/46 1784/1/1784 
f 1784/1/1784 1783/1/1783 47/1/47 
f 1789/1/1789 48/1/48 1788/1/1788 
f 1788/1/1788 1790/1/1790 1789/1/1789 
f 1790/1/1790 1788/1/1788 1787/1/1787 
f 1787/1/1787 1791/1/1791 1790/1/1790 
f 1790/1/1790 1791/1/1791 1792/1/1792 
f 1792/1/1792 1793/1/1793 1790/1/1790 
f 1790/1/1790 1793/1/1793 1794/1/1794 
f 1794/1/1794 1789/1/1789 1790/1/1790 
f 1795/1/1795 1793/1/1793 1792/1/1792 
f 1792/1/1792 1796/1/1796 1795/1/1795 
f 1796/1/1796 1714/1/1714 1713/1/1713 
f 1713/1/1713 1795/1/1795 1796/1/1796 
f 1795/1/1795 1713/1/1713 142/1/142 
f 142/1/142 1797/1/1797 1795/1/1795 
f 1797/1/1797 1794/1/1794 1793/1/1793 
f 1793/1/1793 1795/1/1795 1797/1/1797 
f 1798/1/1798 1799/1/1799 1794/1/1794 
f 1797/1/1797 142/1/142 141/1/141 
f 141/1/141 1798/1/1798 1797/1/1797 
f 1798/1/1798 141/1/141 147/1/147 
f 1800/1/1800 1801/1/1801 1799/1/1799 
f 1799/1/1799 1798/1/1798 1800/1/1800 
f 1802/1/1802 49/1/49 48/1/48 
f 1789/1/1789 1794/1/1794 1799/1/1799 
f 1799/1/1799 1802/1/1802 1789/1/1789 
f 1802/1/1802 1799/1/1799 1801/1/1801 
f 1801/1/1801 1803/1/1803 1802/1/1802 
f 1803/1/1803 50/1/50 49/1/49 
f 1804/1/1804 1805/1/1805 1806/1/1806 
f 1806/1/1806 1807/1/1807 1804/1/1804 
f 1807/1/1807 1687/1/1687 1686/1/1686 
f 1686/1/1686 1804/1/1804 1807/1/1807 
f 1804/1/1804 1686/1/1686 177/1/177 
f 177/1/177 1808/1/1808 1804/1/1804 
f 1808/1/1808 1809/1/1809 1805/1/1805 
f 1805/1/1805 1804/1/1804 1808/1/1808 
f 1810/1/1810 1805/1/1805 1809/1/1809 
f 1809/1/1809 1811/1/1811 1810/1/1810 
f 1811/1/1811 1770/1/1770 1769/1/1769 
f 1769/1/1769 1810/1/1810 1811/1/1811 
f 1810/1/1810 1769/1/1769 1776/1/1776 
f 1776/1/1776 1812/1/1812 1810/1/1810 
f 1812/1/1812 1806/1/1806 1805/1/1805 
f 1805/1/1805 1810/1/1810 1812/1/1812 
f 1813/1/1813 1814/1/1814 1727/1/1727 
f 1727/1/1727 1726/1/1726 1813/1/1813 
f 1726/1/1726 1725/1/1725 1815/1/1815 
f 1815/1/1815 1813/1/1813 1726/1/1726 
f 1813/1/1813 1815/1/1815 1072/1/1072 
f 1072/1/1072 1816/1/1816 1813/1/1813 
f 1816/1/1816 1817/1/1817 1814/1/1814 
f 1818/1/1818 1819/1/1819 1066/1/1066 
f 1066/1/1066 1065/1/1065 1818/1/1818 
f 1065/1/1065 239/1/239 1820/1/1820 
f 1820/1/1820 1818/1/1818 1065/1/1065 
f 1818/1/1818 1820/1/1820 1821/1/1821 
f 1821/1/1821 1822/1/1822 1818/1/1818 
f 1822/1/1822 1823/1/1823 1819/1/1819 
f 1819/1/1819 1818/1/1818 1822/1/1822 
f 1824/1/1824 1705/1/1705 1704/1/1704 
f 1704/1/1704 1825/1/1825 1824/1/1824 
f 1825/1/1825 1066/1/1066 1819/1/1819 
f 1819/1/1819 1824/1/1824 1825/1/1825 
f 1824/1/1824 1819/1/1819 1823/1/1823 
f 1823/1/1823 1826/1/1826 1824/1/1824 
f 1826/1/1826 1706/1/1706 1705/1/1705 
f 1705/1/1705 1824/1/1824 1826/1/1826 
f 1827/1/1827 1828/1/1828 1817/1/1817 
f 1816/1/1816 1072/1/1072 1071/1/1071 
f 1827/1/1827 1071/1/1071 228/1/228 
f 228/1/228 1829/1/1829 1827/1/1827 
f 1829/1/1829 1830/1/1830 1828/1/1828 
f 1828/1/1828 1827/1/1827 1829/1/1829 
f 1831/1/1831 1832/1/1832 1833/1/1833 
f 1834/1/1834 234/1/234 331/1/331 
f 331/1/331 1831/1/1831 1834/1/1834 
f 1831/1/1831 331/1/331 328/1/328 
f 328/1/328 1718/1/1718 1831/1/1831 
f 1718/1/1718 1717/1/1717 1832/1/1832 
f 1832/1/1832 1831/1/1831 1718/1/1718 
f 1835/1/1835 1836/1/1836 1830/1/1830 
f 1829/1/1829 228/1/228 227/1/227 
f 227/1/227 1835/1/1835 1829/1/1829 
f 1835/1/1835 227/1/227 234/1/234 
f 234/1/234 1834/1/1834 1835/1/1835 
f 1834/1/1834 1833/1/1833 1836/1/1836 
f 1836/1/1836 1835/1/1835 1834/1/1834 
f 1837/1/1837 1838/1/1838 1839/1/1839 
f 1839/1/1839 1840/1/1840 1837/1/1837 
f 1840/1/1840 1821/1/1821 1820/1/1820 
f 1820/1/1820 1837/1/1837 1840/1/1840 
f 1837/1/1837 1820/1/1820 239/1/239 
f 239/1/239 238/1/238 1837/1/1837 
f 238/1/238 237/1/237 1838/1/1838 
f 1838/1/1838 1837/1/1837 238/1/238 
f 1841/1/1841 1842/1/1842 1843/1/1843 
f 1843/1/1843 1844/1/1844 1841/1/1841 
f 1844/1/1844 1124/1/1124 1122/1/1122 
f 1841/1/1841 1122/1/1122 1121/1/1121 
f 1121/1/1121 1845/1/1845 1841/1/1841 
f 1845/1/1845 1846/1/1846 1842/1/1842 
f 1842/1/1842 1841/1/1841 1845/1/1845 
f 1847/1/1847 1848/1/1848 133/1/133 
f 133/1/133 139/1/139 1847/1/1847 
f 1847/1/1847 139/1/139 138/1/138 
f 138/1/138 271/1/271 1847/1/1847 
f 271/1/271 270/1/270 1849/1/1849 
f 1849/1/1849 1847/1/1847 271/1/271 
f 1849/1/1849 1850/1/1850 1848/1/1848 
f 1848/1/1848 1847/1/1847 1849/1/1849 
f 1851/1/1851 144/1/144 127/1/127 
f 127/1/127 126/1/126 1851/1/1851 
f 126/1/126 133/1/133 1848/1/1848 
f 1848/1/1848 1851/1/1851 126/1/126 
f 1852/1/1852 1851/1/1851 1848/1/1848 
f 1848/1/1848 1850/1/1850 1852/1/1852 
f 1852/1/1852 145/1/145 144/1/144 
f 144/1/144 1851/1/1851 1852/1/1852 
f 1853/1/1853 1854/1/1854 1710/1/1710 
f 1710/1/1710 1709/1/1709 1853/1/1853 
f 1709/1/1709 135/1/135 134/1/134 
f 134/1/134 1853/1/1853 1709/1/1709 
f 1853/1/1853 134/1/134 131/1/131 
f 131/1/131 1855/1/1855 1853/1/1853 
f 1855/1/1855 1856/1/1856 1854/1/1854 
f 1854/1/1854 1853/1/1853 1855/1/1855 
f 1857/1/1857 1858/1/1858 1856/1/1856 
f 1856/1/1856 1855/1/1855 1857/1/1857 
f 1855/1/1855 131/1/131 129/1/129 
f 129/1/129 1857/1/1857 1855/1/1855 
f 129/1/129 130/1/130 1712/1/1712 
f 1712/1/1712 1857/1/1857 129/1/129 
f 1712/1/1712 1714/1/1714 1858/1/1858 
f 1858/1/1858 1857/1/1857 1712/1/1712 
f 1859/1/1859 1860/1/1860 1861/1/1861 
f 1861/1/1861 1862/1/1862 1859/1/1859 
f 1862/1/1862 1839/1/1839 1838/1/1838 
f 1838/1/1838 1859/1/1859 1862/1/1862 
f 1859/1/1859 1838/1/1838 237/1/237 
f 237/1/237 338/1/338 1859/1/1859 
f 338/1/338 335/1/335 1860/1/1860 
f 1860/1/1860 1859/1/1859 338/1/338 
f 1863/1/1863 1860/1/1860 335/1/335 
f 335/1/335 334/1/334 1863/1/1863 
f 1863/1/1863 334/1/334 189/1/189 
f 189/1/189 1698/1/1698 1863/1/1863 
f 1864/1/1864 1863/1/1863 1698/1/1698 
f 1698/1/1698 1697/1/1697 1864/1/1864 
f 1864/1/1864 1861/1/1861 1860/1/1860 
f 1860/1/1860 1863/1/1863 1864/1/1864 
f 1865/1/1865 1866/1/1866 261/1/261 
f 261/1/261 260/1/260 1865/1/1865 
f 260/1/260 259/1/259 1867/1/1867 
f 1867/1/1867 1865/1/1865 260/1/260 
f 1865/1/1865 1867/1/1867 1868/1/1868 
f 1868/1/1868 1869/1/1869 1865/1/1865 
f 1865/1/1865 1869/1/1869 1870/1/1870 
f 1870/1/1870 1866/1/1866 1865/1/1865 
f 1871/1/1871 280/1/280 279/1/279 
f 279/1/279 1872/1/1872 1871/1/1871 
f 1872/1/1872 1870/1/1870 1869/1/1869 
f 1869/1/1869 1871/1/1871 1872/1/1872 
f 1871/1/1871 1869/1/1869 1868/1/1868 
f 1868/1/1868 1873/1/1873 1871/1/1871 
f 280/1/280 1871/1/1871 1873/1/1873 
f 1873/1/1873 281/1/281 280/1/280 
f 1874/1/1874 1875/1/1875 1514/1/1514 
f 1514/1/1514 1512/1/1512 1874/1/1874 
f 1874/1/1874 1512/1/1512 1511/1/1511 
f 1511/1/1511 1748/1/1748 1874/1/1874 
f 1748/1/1748 1747/1/1747 1876/1/1876 
f 1876/1/1876 1874/1/1874 1748/1/1748 
f 1876/1/1876 1877/1/1877 1875/1/1875 
f 1875/1/1875 1874/1/1874 1876/1/1876 
f 1878/1/1878 1875/1/1875 1877/1/1877 
f 1879/1/1879 1743/1/1743 1742/1/1742 
f 1878/1/1878 1742/1/1742 1530/1/1530 
f 1530/1/1530 1540/1/1540 1878/1/1878 
f 1540/1/1540 1514/1/1514 1875/1/1875 
f 1875/1/1875 1878/1/1878 1540/1/1540 
f 1880/1/1880 1881/1/1881 1882/1/1882 
f 1882/1/1882 1883/1/1883 1880/1/1880 
f 1883/1/1883 1884/1/1884 1885/1/1885 
f 1885/1/1885 1880/1/1880 1883/1/1883 
f 1880/1/1880 1885/1/1885 1886/1/1886 
f 1886/1/1886 1887/1/1887 1880/1/1880 
f 1887/1/1887 1888/1/1888 1881/1/1881 
f 1881/1/1881 1880/1/1880 1887/1/1887 
f 1889/1/1889 1456/1/1456 1455/1/1455 
f 1455/1/1455 1890/1/1890 1889/1/1889 
f 1890/1/1890 1882/1/1882 1881/1/1881 
f 1881/1/1881 1889/1/1889 1890/1/1890 
f 1889/1/1889 1881/1/1881 1888/1/1888 
f 1888/1/1888 1891/1/1891 1889/1/1889 
f 1891/1/1891 1457/1/1457 1456/1/1456 
f 1456/1/1456 1889/1/1889 1891/1/1891 
f 1892/1/1892 1893/1/1893 1894/1/1894 
f 1894/1/1894 1895/1/1895 1892/1/1892 
f 1895/1/1895 1896/1/1896 1897/1/1897 
f 1897/1/1897 1892/1/1892 1895/1/1895 
f 1892/1/1892 1897/1/1897 1898/1/1898 
f 1898/1/1898 1899/1/1899 1892/1/1892 
f 1899/1/1899 1900/1/1900 1893/1/1893 
f 1893/1/1893 1892/1/1892 1899/1/1899 
f 1901/1/1901 1902/1/1902 1903/1/1903 
f 1903/1/1903 1904/1/1904 1901/1/1901 
f 1904/1/1904 1905/1/1905 1906/1/1906 
f 1906/1/1906 1901/1/1901 1904/1/1904 
f 1901/1/1901 1906/1/1906 1900/1/1900 
f 1900/1/1900 1899/1/1899 1901/1/1901 
f 1899/1/1899 1898/1/1898 1902/1/1902 
f 1902/1/1902 1901/1/1901 1899/1/1899 
f 1907/1/1907 1908/1/1908 1725/1/1725 
f 1725/1/1725 1724/1/1724 1907/1/1907 
f 1724/1/1724 1214/1/1214 1213/1/1213 
f 1213/1/1213 1907/1/1907 1724/1/1724 
f 1907/1/1907 1213/1/1213 1206/1/1206 
f 1206/1/1206 1909/1/1909 1907/1/1907 
f 1909/1/1909 1910/1/1910 1908/1/1908 
f 1908/1/1908 1907/1/1907 1909/1/1909 
f 1911/1/1911 1912/1/1912 1074/1/1074 
f 1074/1/1074 1073/1/1073 1911/1/1911 
f 1073/1/1073 1072/1/1072 1815/1/1815 
f 1815/1/1815 1911/1/1911 1073/1/1073 
f 1908/1/1908 1911/1/1911 1815/1/1815 
f 1815/1/1815 1725/1/1725 1908/1/1908 
f 1911/1/1911 1908/1/1908 1910/1/1910 
f 1910/1/1910 1912/1/1912 1911/1/1911 
f 1913/1/1913 1914/1/1914 1079/1/1079 
f 1079/1/1079 1078/1/1078 1913/1/1913 
f 1078/1/1078 1077/1/1077 1915/1/1915 
f 1915/1/1915 1913/1/1913 1078/1/1078 
f 1913/1/1913 1915/1/1915 1916/1/1916 
f 1916/1/1916 1917/1/1917 1913/1/1913 
f 1917/1/1917 1918/1/1918 1914/1/1914 
f 1914/1/1914 1913/1/1913 1917/1/1917 
f 1919/1/1919 1920/1/1920 1921/1/1921 
f 1921/1/1921 1922/1/1922 1919/1/1919 
f 1919/1/1919 1922/1/1922 1923/1/1923 
f 1923/1/1923 1924/1/1924 1919/1/1919 
f 1919/1/1919 1924/1/1924 1918/1/1918 
f 1918/1/1918 1917/1/1917 1919/1/1919 
f 1917/1/1917 1916/1/1916 1920/1/1920 
f 1920/1/1920 1919/1/1919 1917/1/1917 
f 1925/1/1925 1926/1/1926 1927/1/1927 
f 1928/1/1928 1929/1/1929 1930/1/1930 
f 1925/1/1925 1930/1/1930 1931/1/1931 
f 1931/1/1931 1932/1/1932 1925/1/1925 
f 1932/1/1932 1933/1/1933 1926/1/1926 
f 1926/1/1926 1925/1/1925 1932/1/1932 
f 1934/1/1934 1926/1/1926 1933/1/1933 
f 1933/1/1933 1935/1/1935 1934/1/1934 
f 1935/1/1935 1756/1/1756 1758/1/1758 
f 1758/1/1758 1733/1/1733 1936/1/1936 
f 1936/1/1936 1934/1/1934 1758/1/1758 
f 1936/1/1936 1927/1/1927 1926/1/1926 
f 1937/1/1937 1938/1/1938 1896/1/1896 
f 1896/1/1896 1895/1/1895 1937/1/1937 
f 1895/1/1895 1894/1/1894 1939/1/1939 
f 1939/1/1939 1937/1/1937 1895/1/1895 
f 1937/1/1937 1939/1/1939 1133/1/1133 
f 1133/1/1133 1940/1/1940 1937/1/1937 
f 1940/1/1940 1941/1/1941 1938/1/1938 
f 1938/1/1938 1937/1/1937 1940/1/1940 
f 1133/1/1133 1132/1/1132 1942/1/1942 
f 1132/1/1132 1131/1/1131 1701/1/1701 
f 1701/1/1701 1942/1/1942 1132/1/1132 
f 1942/1/1942 1701/1/1701 1700/1/1700 
f 1943/1/1943 1941/1/1941 1940/1/1940 
f 1940/1/1940 1942/1/1942 1943/1/1943 
f 1944/1/1944 1945/1/1945 1946/1/1946 
f 1946/1/1946 1947/1/1947 1944/1/1944 
f 1947/1/1947 1843/1/1843 1842/1/1842 
f 1842/1/1842 1944/1/1944 1947/1/1947 
f 1944/1/1944 1842/1/1842 1846/1/1846 
f 1846/1/1846 1948/1/1948 1944/1/1944 
f 1948/1/1948 1949/1/1949 1945/1/1945 
f 1945/1/1945 1944/1/1944 1948/1/1948 
f 1950/1/1950 1945/1/1945 1949/1/1949 
f 1949/1/1949 1951/1/1951 1950/1/1950 
f 1951/1/1951 1923/1/1923 1922/1/1922 
f 1922/1/1922 1950/1/1950 1951/1/1951 
f 1950/1/1950 1922/1/1922 1921/1/1921 
f 1921/1/1921 1952/1/1952 1950/1/1950 
f 1952/1/1952 1946/1/1946 1945/1/1945 
f 1953/1/1953 1931/1/1931 1930/1/1930 
f 1929/1/1929 1954/1/1954 1955/1/1955 
f 1956/1/1956 1955/1/1955 1954/1/1954 
f 1954/1/1954 1957/1/1957 1956/1/1956 
f 1956/1/1956 1958/1/1958 1953/1/1953 
f 1953/1/1953 1955/1/1955 1956/1/1956 
f 1956/1/1956 1957/1/1957 1959/1/1959 
f 1959/1/1959 1747/1/1747 1746/1/1746 
f 1746/1/1746 1960/1/1960 1959/1/1959 
f 1746/1/1746 1750/1/1750 1961/1/1961 
f 1961/1/1961 1960/1/1960 1746/1/1746 
f 1956/1/1956 1960/1/1960 1961/1/1961 
f 1961/1/1961 1958/1/1958 1956/1/1956 
f 1962/1/1962 1963/1/1963 1905/1/1905 
f 1905/1/1905 1904/1/1904 1962/1/1962 
f 1904/1/1904 1903/1/1903 1964/1/1964 
f 1964/1/1964 1962/1/1962 1904/1/1904 
f 1964/1/1964 1965/1/1965 1966/1/1966 
f 1966/1/1966 1962/1/1962 1964/1/1964 
f 1962/1/1962 1966/1/1966 1967/1/1967 
f 1967/1/1967 1963/1/1963 1962/1/1962 
f 1968/1/1968 1966/1/1966 1965/1/1965 
f 1965/1/1965 1969/1/1969 1968/1/1968 
f 1969/1/1969 1886/1/1886 1885/1/1885 
f 1968/1/1968 1885/1/1885 1884/1/1884 
f 1884/1/1884 1970/1/1970 1968/1/1968 
f 1970/1/1970 1967/1/1967 1966/1/1966 
f 1966/1/1966 1968/1/1968 1970/1/1970 
f 1971/1/1971 1972/1/1972 1973/1/1973 
f 1974/1/1974 1736/1/1736 1744/1/1744 
f 1744/1/1744 1971/1/1971 1974/1/1974 
f 1971/1/1971 1744/1/1744 1743/1/1743 
f 1743/1/1743 1975/1/1975 1971/1/1971 
f 1975/1/1975 1976/1/1976 1972/1/1972 
f 1977/1/1977 1978/1/1978 1979/1/1979 
f 1979/1/1979 1980/1/1980 1977/1/1977 
f 1980/1/1980 1464/1/1464 1463/1/1463 
f 1463/1/1463 1977/1/1977 1980/1/1980 
f 1977/1/1977 1463/1/1463 1467/1/1467 
f 1467/1/1467 1981/1/1981 1977/1/1977 
f 1981/1/1981 1982/1/1982 1978/1/1978 
f 1978/1/1978 1977/1/1977 1981/1/1981 
f 1983/1/1983 1984/1/1984 1985/1/1985 
f 1985/1/1985 1986/1/1986 1983/1/1983 
f 1986/1/1986 1987/1/1987 1988/1/1988 
f 1988/1/1988 1983/1/1983 1986/1/1986 
f 1983/1/1983 1988/1/1988 1989/1/1989 
f 1989/1/1989 1990/1/1990 1983/1/1983 
f 1990/1/1990 1991/1/1991 1984/1/1984 
f 1984/1/1984 1983/1/1983 1990/1/1990 
f 1992/1/1992 1984/1/1984 1991/1/1991 
f 1991/1/1991 1993/1/1993 1992/1/1992 
f 1993/1/1993 1672/1/1672 1671/1/1671 
f 1671/1/1671 1992/1/1992 1993/1/1993 
f 1992/1/1992 1671/1/1671 1670/1/1670 
f 1670/1/1670 1994/1/1994 1992/1/1992 
f 1994/1/1994 1985/1/1985 1984/1/1984 
f 1984/1/1984 1992/1/1992 1994/1/1994 
f 1995/1/1995 1996/1/1996 1997/1/1997 
f 1997/1/1997 1998/1/1998 1995/1/1995 
f 1998/1/1998 1999/1/1999 2000/1/2000 
f 2000/1/2000 1995/1/1995 1998/1/1998 
f 1995/1/1995 2000/1/2000 1689/1/1689 
f 1689/1/1689 1688/1/1688 1995/1/1995 
f 1688/1/1688 1687/1/1687 1996/1/1996 
f 1996/1/1996 1995/1/1995 1688/1/1688 
f 2001/1/2001 2002/1/2002 2003/1/2003 
f 2004/1/2004 1697/1/1697 1696/1/1696 
f 1696/1/1696 2001/1/2001 2004/1/2004 
f 2001/1/2001 1696/1/1696 1694/1/1694 
f 2005/1/2005 2006/1/2006 2002/1/2002 
f 2007/1/2007 2008/1/2008 2009/1/2009 
f 2009/1/2009 2010/1/2010 2007/1/2007 
f 2010/1/2010 2011/1/2011 2012/1/2012 
f 2012/1/2012 2007/1/2007 2010/1/2010 
f 2007/1/2007 2012/1/2012 1823/1/1823 
f 1823/1/1823 1822/1/1822 2007/1/2007 
f 1822/1/1822 1821/1/1821 2008/1/2008 
f 2008/1/2008 2007/1/2007 1822/1/1822 
f 2013/1/2013 2014/1/2014 2015/1/2015 
f 2015/1/2015 2016/1/2016 2013/1/2013 
f 2016/1/2016 2017/1/2017 2018/1/2018 
f 2018/1/2018 2013/1/2013 2016/1/2016 
f 2013/1/2013 2018/1/2018 1941/1/1941 
f 1941/1/1941 1943/1/1943 2013/1/2013 
f 1943/1/1943 1700/1/1700 2014/1/2014 
f 2014/1/2014 2013/1/2013 1943/1/1943 
f 2019/1/2019 2020/1/2020 2021/1/2021 
f 2021/1/2021 2022/1/2022 2019/1/2019 
f 2022/1/2022 1717/1/1717 1716/1/1716 
f 1716/1/1716 2019/1/2019 2022/1/2022 
f 2019/1/2019 1716/1/1716 1710/1/1710 
f 1710/1/1710 2023/1/2023 2019/1/2019 
f 2023/1/2023 2024/1/2024 2020/1/2020 
f 2020/1/2020 2019/1/2019 2023/1/2023 
f 2025/1/2025 2026/1/2026 2027/1/2027 
f 2027/1/2027 2028/1/2028 2025/1/2025 
f 2028/1/2028 1240/1/1240 1730/1/1730 
f 1730/1/1730 2025/1/2025 2028/1/2028 
f 2025/1/2025 1730/1/1730 1722/1/1722 
f 1722/1/1722 2029/1/2029 2025/1/2025 
f 2029/1/2029 2030/1/2030 2026/1/2026 
f 2026/1/2026 2025/1/2025 2029/1/2029 
f 2031/1/2031 2032/1/2032 2033/1/2033 
f 2033/1/2033 2034/1/2034 2031/1/2031 
f 2034/1/2034 1817/1/1817 1828/1/1828 
f 1828/1/1828 2031/1/2031 2034/1/2034 
f 2031/1/2031 1828/1/1828 1830/1/1830 
f 1830/1/1830 2035/1/2035 2031/1/2031 
f 2035/1/2035 2036/1/2036 2032/1/2032 
f 2032/1/2032 2031/1/2031 2035/1/2035 
f 2037/1/2037 2038/1/2038 2039/1/2039 
f 2039/1/2039 2040/1/2040 2037/1/2037 
f 2039/1/2039 2041/1/2041 2042/1/2042 
f 2042/1/2042 2040/1/2040 2039/1/2039 
f 2040/1/2040 2042/1/2042 1739/1/1739 
f 1739/1/1739 1737/1/1737 2040/1/2040 
f 1737/1/1737 1736/1/1736 2037/1/2037 
f 2037/1/2037 2040/1/2040 1737/1/1737 
f 2043/1/2043 2044/1/2044 2045/1/2045 
f 2046/1/2046 2017/1/2017 2047/1/2047 
f 2047/1/2047 2043/1/2043 2046/1/2046 
f 2043/1/2043 2047/1/2047 1204/1/1204 
f 1204/1/1204 1753/1/1753 2043/1/2043 
f 1753/1/1753 1756/1/1756 2044/1/2044 
f 2044/1/2044 2043/1/2043 1753/1/1753 
f 2048/1/2048 2049/1/2049 2050/1/2050 
f 2050/1/2050 2051/1/2051 2048/1/2048 
f 2051/1/2051 2052/1/2052 2053/1/2053 
f 2053/1/2053 2048/1/2048 2051/1/2051 
f 2048/1/2048 2053/1/2053 1965/1/1965 
f 1965/1/1965 1964/1/1964 2048/1/2048 
f 1964/1/1964 1903/1/1903 2049/1/2049 
f 2054/1/2054 2055/1/2055 2056/1/2056 
f 2056/1/2056 2057/1/2057 2054/1/2054 
f 2057/1/2057 2058/1/2058 2059/1/2059 
f 2059/1/2059 2054/1/2054 2057/1/2057 
f 2054/1/2054 2059/1/2059 1776/1/1776 
f 1776/1/1776 1775/1/1775 2054/1/2054 
f 1775/1/1775 1774/1/1774 2055/1/2055 
f 2055/1/2055 2054/1/2054 1775/1/1775 
f 2060/1/2060 2061/1/2061 147/1/147 
f 147/1/147 146/1/146 2060/1/2060 
f 146/1/146 145/1/145 2062/1/2062 
f 2062/1/2062 2060/1/2060 146/1/146 
f 2060/1/2060 2062/1/2062 1997/1/1997 
f 1997/1/1997 2063/1/2063 2060/1/2060 
f 2063/1/2063 2064/1/2064 2061/1/2061 
f 2061/1/2061 2060/1/2060 2063/1/2063 
f 1998/1/1998 1997/1/1997 2062/1/2062 
f 2062/1/2062 2065/1/2065 1998/1/1998 
f 2065/1/2065 2062/1/2062 145/1/145 
f 145/1/145 1852/1/1852 2065/1/2065 
f 2065/1/2065 1852/1/1852 1850/1/1850 
f 1850/1/1850 2066/1/2066 2065/1/2065 
f 2065/1/2065 2066/1/2066 1999/1/1999 
f 1999/1/1999 1998/1/1998 2065/1/2065 
f 2067/1/2067 1996/1/1996 1687/1/1687 
f 1687/1/1687 1807/1/1807 2067/1/2067 
f 1807/1/1807 1806/1/1806 2068/1/2068 
f 2068/1/2068 2067/1/2067 1807/1/1807 
f 2067/1/2067 2068/1/2068 2064/1/2064 
f 2064/1/2064 2063/1/2063 2067/1/2067 
f 2063/1/2063 1997/1/1997 1996/1/1996 
f 1996/1/1996 2067/1/2067 2063/1/2063 
f 2069/1/2069 2066/1/2066 1850/1/1850 
f 1850/1/1850 1849/1/1849 2069/1/2069 
f 2069/1/2069 1849/1/1849 270/1/270 
f 270/1/270 2070/1/2070 2069/1/2069 
f 2070/1/2070 2006/1/2006 2071/1/2071 
f 2071/1/2071 2069/1/2069 2070/1/2070 
f 2071/1/2071 1999/1/1999 2066/1/2066 
f 2066/1/2066 2069/1/2069 2071/1/2071 
f 2072/1/2072 2002/1/2002 2006/1/2006 
f 2006/1/2006 2070/1/2070 2072/1/2072 
f 2070/1/2070 270/1/270 269/1/269 
f 269/1/269 2072/1/2072 2070/1/2070 
f 2072/1/2072 269/1/269 275/1/275 
f 275/1/275 2073/1/2073 2072/1/2072 
f 2073/1/2073 2003/1/2003 2002/1/2002 
f 2002/1/2002 2072/1/2072 2073/1/2073 
f 2005/1/2005 1694/1/1694 1693/1/1693 
f 1693/1/1693 1689/1/1689 2000/1/2000 
f 2000/1/2000 2074/1/2074 1693/1/1693 
f 2074/1/2074 2000/1/2000 1999/1/1999 
f 2074/1/2074 2071/1/2071 2006/1/2006 
f 2006/1/2006 2005/1/2005 2074/1/2074 
f 2075/1/2075 2073/1/2073 275/1/275 
f 275/1/275 326/1/326 2075/1/2075 
f 326/1/326 325/1/325 2076/1/2076 
f 2076/1/2076 2075/1/2075 326/1/326 
f 2075/1/2075 2076/1/2076 2077/1/2077 
f 2077/1/2077 2078/1/2078 2075/1/2075 
f 2075/1/2075 2078/1/2078 2003/1/2003 
f 2003/1/2003 2073/1/2073 2075/1/2075 
f 2004/1/2004 2003/1/2003 2078/1/2078 
f 2078/1/2078 2079/1/2079 2004/1/2004 
f 2078/1/2078 2077/1/2077 2080/1/2080 
f 2080/1/2080 2079/1/2079 2078/1/2078 
f 2079/1/2079 2080/1/2080 1861/1/1861 
f 2079/1/2079 1864/1/1864 1697/1/1697 
f 1697/1/1697 2004/1/2004 2079/1/2079 
f 2081/1/2081 2082/1/2082 232/1/232 
f 232/1/232 231/1/231 2081/1/2081 
f 231/1/231 230/1/230 2083/1/2083 
f 2083/1/2083 2081/1/2081 231/1/231 
f 2081/1/2081 2083/1/2083 2009/1/2009 
f 2009/1/2009 2084/1/2084 2081/1/2081 
f 2084/1/2084 2085/1/2085 2082/1/2082 
f 2082/1/2082 2081/1/2081 2084/1/2084 
f 2086/1/2086 2083/1/2083 230/1/230 
f 230/1/230 1070/1/1070 2086/1/2086 
f 1070/1/1070 1074/1/1074 2087/1/2087 
f 2087/1/2087 2086/1/2086 1070/1/1070 
f 2086/1/2086 2087/1/2087 2011/1/2011 
f 2011/1/2011 2010/1/2010 2086/1/2086 
f 2010/1/2010 2009/1/2009 2083/1/2083 
f 2083/1/2083 2086/1/2086 2010/1/2010 
f 2088/1/2088 2008/1/2008 1821/1/1821 
f 1821/1/1821 1840/1/1840 2088/1/2088 
f 1840/1/1840 1839/1/1839 2089/1/2089 
f 2089/1/2089 2088/1/2088 1840/1/1840 
f 2088/1/2088 2089/1/2089 2085/1/2085 
f 2085/1/2085 2084/1/2084 2088/1/2088 
f 2084/1/2084 2009/1/2009 2008/1/2008 
f 2008/1/2008 2088/1/2088 2084/1/2084 
f 2090/1/2090 2091/1/2091 1910/1/1910 
f 1910/1/1910 1909/1/1909 2090/1/2090 
f 1909/1/1909 1206/1/1206 2092/1/2092 
f 2092/1/2092 2090/1/2090 1909/1/1909 
f 2090/1/2090 2092/1/2092 2015/1/2015 
f 2015/1/2015 2093/1/2093 2090/1/2090 
f 2093/1/2093 2094/1/2094 2091/1/2091 
f 2091/1/2091 2090/1/2090 2093/1/2093 
f 2095/1/2095 2092/1/2092 1206/1/1206 
f 1206/1/1206 1205/1/1205 2095/1/2095 
f 1205/1/1205 1204/1/1204 2047/1/2047 
f 2047/1/2047 2095/1/2095 1205/1/1205 
f 2095/1/2095 2047/1/2047 2017/1/2017 
f 2017/1/2017 2016/1/2016 2095/1/2095 
f 2016/1/2016 2015/1/2015 2092/1/2092 
f 2092/1/2092 2095/1/2095 2016/1/2016 
f 2096/1/2096 2014/1/2014 1700/1/1700 
f 1700/1/1700 1699/1/1699 2096/1/2096 
f 1699/1/1699 1706/1/1706 2097/1/2097 
f 2097/1/2097 2096/1/2096 1699/1/1699 
f 2096/1/2096 2097/1/2097 2094/1/2094 
f 2094/1/2094 2093/1/2093 2096/1/2096 
f 2093/1/2093 2015/1/2015 2014/1/2014 
f 2014/1/2014 2096/1/2096 2093/1/2093 
f 2098/1/2098 2099/1/2099 2100/1/2100 
f 2100/1/2100 2101/1/2101 2098/1/2098 
f 2101/1/2101 156/1/156 155/1/155 
f 155/1/155 2098/1/2098 2101/1/2101 
f 2098/1/2098 155/1/155 162/1/162 
f 162/1/162 2102/1/2102 2098/1/2098 
f 2102/1/2102 2103/1/2103 2099/1/2099 
f 2099/1/2099 2098/1/2098 2102/1/2102 
f 2104/1/2104 2105/1/2105 2103/1/2103 
f 2103/1/2103 2102/1/2102 2104/1/2104 
f 2102/1/2102 162/1/162 164/1/164 
f 164/1/164 2104/1/2104 2102/1/2102 
f 2104/1/2104 164/1/164 168/1/168 
f 168/1/168 2106/1/2106 2104/1/2104 
f 2106/1/2106 2107/1/2107 2105/1/2105 
f 2105/1/2105 2104/1/2104 2106/1/2106 
f 2108/1/2108 2109/1/2109 2103/1/2103 
f 2103/1/2103 2105/1/2105 2108/1/2108 
f 2108/1/2108 2105/1/2105 2107/1/2107 
f 2107/1/2107 2110/1/2110 2108/1/2108 
f 1858/1/1858 2108/1/2108 2110/1/2110 
f 2110/1/2110 1856/1/1856 1858/1/1858 
f 1858/1/1858 1714/1/1714 2109/1/2109 
f 2109/1/2109 2108/1/2108 1858/1/1858 
f 2111/1/2111 1796/1/1796 1792/1/1792 
f 1792/1/1792 2112/1/2112 2111/1/2111 
f 2112/1/2112 2100/1/2100 2099/1/2099 
f 2099/1/2099 2111/1/2111 2112/1/2112 
f 2111/1/2111 2099/1/2099 2103/1/2103 
f 2103/1/2103 2109/1/2109 2111/1/2111 
f 2109/1/2109 1714/1/1714 1796/1/1796 
f 1796/1/1796 2111/1/2111 2109/1/2109 
f 2113/1/2113 2114/1/2114 2107/1/2107 
f 2107/1/2107 2106/1/2106 2113/1/2113 
f 2106/1/2106 168/1/168 277/1/277 
f 277/1/277 2113/1/2113 2106/1/2106 
f 2113/1/2113 277/1/277 281/1/281 
f 281/1/281 2115/1/2115 2113/1/2113 
f 2115/1/2115 2024/1/2024 2114/1/2114 
f 2114/1/2114 2113/1/2113 2115/1/2115 
f 2116/1/2116 2020/1/2020 2024/1/2024 
f 2024/1/2024 2115/1/2115 2116/1/2116 
f 2115/1/2115 281/1/281 1873/1/1873 
f 1873/1/1873 2116/1/2116 2115/1/2115 
f 2116/1/2116 1873/1/1873 1868/1/1868 
f 1868/1/1868 2117/1/2117 2116/1/2116 
f 2117/1/2117 2021/1/2021 2020/1/2020 
f 2020/1/2020 2116/1/2116 2117/1/2117 
f 2118/1/2118 1854/1/1854 1856/1/1856 
f 1856/1/1856 2110/1/2110 2118/1/2118 
f 2110/1/2110 2107/1/2107 2114/1/2114 
f 2114/1/2114 2118/1/2118 2110/1/2110 
f 2118/1/2118 2114/1/2114 2024/1/2024 
f 2024/1/2024 2023/1/2023 2118/1/2118 
f 2023/1/2023 1710/1/1710 1854/1/1854 
f 1854/1/1854 2118/1/2118 2023/1/2023 
f 2119/1/2119 2120/1/2120 2121/1/2121 
f 2121/1/2121 2122/1/2122 2119/1/2119 
f 2122/1/2122 1918/1/1918 1924/1/1924 
f 1924/1/1924 2119/1/2119 2122/1/2122 
f 2119/1/2119 1924/1/1924 1923/1/1923 
f 1923/1/1923 2123/1/2123 2119/1/2119 
f 2123/1/2123 2030/1/2030 2120/1/2120 
f 2120/1/2120 2119/1/2119 2123/1/2123 
f 2124/1/2124 2123/1/2123 1923/1/1923 
f 1951/1/1951 1949/1/1949 2125/1/2125 
f 2125/1/2125 2124/1/2124 1951/1/1951 
f 2125/1/2125 2027/1/2027 2026/1/2026 
f 2124/1/2124 2026/1/2026 2030/1/2030 
f 2030/1/2030 2123/1/2123 2124/1/2124 
f 2126/1/2126 1728/1/1728 1727/1/1727 
f 1727/1/1727 2127/1/2127 2126/1/2126 
f 2127/1/2127 2121/1/2121 2120/1/2120 
f 2126/1/2126 2120/1/2120 2030/1/2030 
f 2030/1/2030 2029/1/2029 2126/1/2126 
f 2029/1/2029 1722/1/1722 1728/1/1728 
f 1728/1/1728 2126/1/2126 2029/1/2029 
f 2128/1/2128 2129/1/2129 2130/1/2130 
f 2130/1/2130 2131/1/2131 2128/1/2128 
f 2131/1/2131 259/1/259 258/1/258 
f 258/1/258 2128/1/2128 2131/1/2131 
f 2128/1/2128 258/1/258 257/1/257 
f 257/1/257 2132/1/2132 2128/1/2128 
f 2132/1/2132 2036/1/2036 2129/1/2129 
f 2129/1/2129 2128/1/2128 2132/1/2132 
f 2133/1/2133 2032/1/2032 2036/1/2036 
f 2036/1/2036 2132/1/2132 2133/1/2133 
f 2132/1/2132 257/1/257 1080/1/1080 
f 1080/1/1080 2133/1/2133 2132/1/2132 
f 2133/1/2133 1080/1/1080 1079/1/1079 
f 1079/1/1079 2134/1/2134 2133/1/2133 
f 2134/1/2134 2033/1/2033 2032/1/2032 
f 2032/1/2032 2133/1/2133 2134/1/2134 
f 2135/1/2135 1836/1/1836 1833/1/1833 
f 1833/1/1833 2136/1/2136 2135/1/2135 
f 2136/1/2136 2130/1/2130 2129/1/2129 
f 2129/1/2129 2135/1/2135 2136/1/2136 
f 2135/1/2135 2129/1/2129 2036/1/2036 
f 2036/1/2036 2035/1/2035 2135/1/2135 
f 2035/1/2035 1830/1/1830 1836/1/1836 
f 1836/1/1836 2135/1/2135 2035/1/2035 
f 2137/1/2137 2138/1/2138 2139/1/2139 
f 2139/1/2139 2140/1/2140 2137/1/2137 
f 2140/1/2140 1846/1/1846 1845/1/1845 
f 1845/1/1845 2137/1/2137 2140/1/2140 
f 2137/1/2137 1845/1/1845 1121/1/1121 
f 2141/1/2141 2142/1/2142 2138/1/2138 
f 2141/1/2141 1121/1/1121 1120/1/1120 
f 1120/1/1120 2143/1/2143 2141/1/2141 
f 1120/1/1120 1128/1/1128 2144/1/2144 
f 2144/1/2144 2143/1/2143 1120/1/1120 
f 2143/1/2143 2144/1/2144 2145/1/2145 
f 2145/1/2145 2146/1/2146 2143/1/2143 
f 2143/1/2143 2146/1/2146 2142/1/2142 
f 2147/1/2147 2142/1/2142 2146/1/2146 
f 2146/1/2146 2148/1/2148 2147/1/2147 
f 2146/1/2146 2145/1/2145 2149/1/2149 
f 2149/1/2149 2148/1/2148 2146/1/2146 
f 2148/1/2148 2149/1/2149 1927/1/1927 
f 1927/1/1927 1936/1/1936 2148/1/2148 
f 2148/1/2148 1936/1/1936 1733/1/1733 
f 1733/1/1733 2147/1/2147 2148/1/2148 
f 2150/1/2150 1732/1/1732 1242/1/1242 
f 1242/1/1242 2151/1/2151 2150/1/2150 
f 2151/1/2151 2139/1/2139 2138/1/2138 
f 2150/1/2150 2138/1/2138 2142/1/2142 
f 2142/1/2142 2147/1/2147 2150/1/2150 
f 2147/1/2147 1733/1/1733 1732/1/1732 
f 1732/1/1732 2150/1/2150 2147/1/2147 
f 2152/1/2152 2153/1/2153 2154/1/2154 
f 2154/1/2154 2155/1/2155 2152/1/2152 
f 2155/1/2155 1362/1/1362 1361/1/1361 
f 1361/1/1361 2152/1/2152 2155/1/2155 
f 2152/1/2152 1361/1/1361 1358/1/1358 
f 2156/1/2156 2157/1/2157 2153/1/2153 
f 2158/1/2158 2156/1/2156 1358/1/1358 
f 1358/1/1358 1357/1/1357 2158/1/2158 
f 1357/1/1357 1356/1/1356 2159/1/2159 
f 2159/1/2159 2158/1/2158 1357/1/1357 
f 2158/1/2158 2159/1/2159 2160/1/2160 
f 2160/1/2160 2161/1/2161 2158/1/2158 
f 2161/1/2161 2157/1/2157 2156/1/2156 
f 2162/1/2162 2163/1/2163 2157/1/2157 
f 2157/1/2157 2161/1/2161 2162/1/2162 
f 2161/1/2161 2160/1/2160 2164/1/2164 
f 2164/1/2164 2162/1/2162 2161/1/2161 
f 2162/1/2162 2164/1/2164 1877/1/1877 
f 1877/1/1877 1876/1/1876 2162/1/2162 
f 1876/1/1876 1747/1/1747 2163/1/2163 
f 2163/1/2163 2162/1/2162 1876/1/1876 
f 2165/1/2165 1959/1/1959 1957/1/1957 
f 1957/1/1957 2166/1/2166 2165/1/2165 
f 2166/1/2166 2154/1/2154 2153/1/2153 
f 2153/1/2153 2165/1/2165 2166/1/2166 
f 2165/1/2165 2153/1/2153 2157/1/2157 
f 2157/1/2157 2163/1/2163 2165/1/2165 
f 2163/1/2163 1747/1/1747 1959/1/1959 
f 1959/1/1959 2165/1/2165 2163/1/2163 
f 2167/1/2167 2159/1/2159 1356/1/1356 
f 1356/1/1356 1465/1/1465 2167/1/2167 
f 1465/1/1465 1464/1/1464 2168/1/2168 
f 2167/1/2167 2168/1/2168 2169/1/2169 
f 2169/1/2169 2170/1/2170 2167/1/2167 
f 2170/1/2170 2160/1/2160 2159/1/2159 
f 2159/1/2159 2167/1/2167 2170/1/2170 
f 2171/1/2171 2168/1/2168 1464/1/1464 
f 1464/1/1464 1980/1/1980 2171/1/2171 
f 1980/1/1980 1979/1/1979 2172/1/2172 
f 2172/1/2172 2171/1/2171 1980/1/1980 
f 2171/1/2171 2172/1/2172 2173/1/2173 
f 2173/1/2173 2174/1/2174 2171/1/2171 
f 2174/1/2174 2169/1/2169 2168/1/2168 
f 2168/1/2168 2171/1/2171 2174/1/2174 
f 2175/1/2175 2176/1/2176 2169/1/2169 
f 2169/1/2169 2174/1/2174 2175/1/2175 
f 2174/1/2174 2173/1/2173 2177/1/2177 
f 2177/1/2177 2175/1/2175 2174/1/2174 
f 2175/1/2175 2177/1/2177 1976/1/1976 
f 1975/1/1975 1743/1/1743 2176/1/2176 
f 2176/1/2176 2175/1/2175 1975/1/1975 
f 2178/1/2178 2176/1/2176 1743/1/1743 
f 1743/1/1743 1879/1/1879 2178/1/2178 
f 1879/1/1879 1877/1/1877 2164/1/2164 
f 2164/1/2164 2178/1/2178 1879/1/1879 
f 2178/1/2178 2164/1/2164 2160/1/2160 
f 2160/1/2160 2170/1/2170 2178/1/2178 
f 2170/1/2170 2169/1/2169 2176/1/2176 
f 2176/1/2176 2178/1/2178 2170/1/2170 
f 2179/1/2179 2180/1/2180 1681/1/1681 
f 1681/1/1681 1680/1/1680 2179/1/2179 
f 1680/1/1680 1678/1/1678 2181/1/2181 
f 2181/1/2181 2179/1/2179 1680/1/1680 
f 2179/1/2179 2181/1/2181 2182/1/2182 
f 2182/1/2182 2183/1/2183 2179/1/2179 
f 2183/1/2183 2184/1/2184 2180/1/2180 
f 2180/1/2180 2179/1/2179 2183/1/2183 
f 2181/1/2181 2185/1/2185 2186/1/2186 
f 2186/1/2186 2182/1/2182 2181/1/2181 
f 2181/1/2181 1678/1/1678 1677/1/1677 
f 1677/1/1677 2185/1/2185 2181/1/2181 
f 2185/1/2185 1677/1/1677 1666/1/1666 
f 1666/1/1666 2187/1/2187 2185/1/2185 
f 2187/1/2187 2188/1/2188 2186/1/2186 
f 2186/1/2186 2185/1/2185 2187/1/2187 
f 2189/1/2189 2190/1/2190 2188/1/2188 
f 2188/1/2188 2187/1/2187 2189/1/2189 
f 2187/1/2187 1666/1/1666 1665/1/1665 
f 1665/1/1665 2189/1/2189 2187/1/2187 
f 2189/1/2189 1665/1/1665 1672/1/1672 
f 1672/1/1672 2191/1/2191 2189/1/2189 
f 2191/1/2191 2192/1/2192 2190/1/2190 
f 2190/1/2190 2189/1/2189 2191/1/2191 
f 2193/1/2193 2191/1/2191 1672/1/1672 
f 1672/1/1672 1993/1/1993 2193/1/2193 
f 1993/1/1993 1991/1/1991 2194/1/2194 
f 2194/1/2194 2193/1/2193 1993/1/1993 
f 2193/1/2193 2194/1/2194 2195/1/2195 
f 2195/1/2195 2196/1/2196 2193/1/2193 
f 2196/1/2196 2192/1/2192 2191/1/2191 
f 2191/1/2191 2193/1/2193 2196/1/2196 
f 2197/1/2197 2194/1/2194 1991/1/1991 
f 1991/1/1991 1990/1/1990 2197/1/2197 
f 1990/1/1990 1989/1/1989 2198/1/2198 
f 2197/1/2197 2198/1/2198 2199/1/2199 
f 2199/1/2199 2200/1/2200 2197/1/2197 
f 2200/1/2200 2195/1/2195 2194/1/2194 
f 2194/1/2194 2197/1/2197 2200/1/2200 
f 2201/1/2201 2202/1/2202 2203/1/2203 
f 2203/1/2203 2204/1/2204 2201/1/2201 
f 2204/1/2204 1459/1/1459 1458/1/1458 
f 1458/1/1458 2201/1/2201 2204/1/2204 
f 2201/1/2201 1458/1/1458 1457/1/1457 
f 1457/1/1457 2205/1/2205 2201/1/2201 
f 2205/1/2205 2038/1/2038 2202/1/2202 
f 2202/1/2202 2201/1/2201 2205/1/2205 
f 2206/1/2206 2205/1/2205 1457/1/1457 
f 1457/1/1457 1891/1/1891 2206/1/2206 
f 1891/1/1891 1888/1/1888 2207/1/2207 
f 2206/1/2206 2207/1/2207 2041/1/2041 
f 2041/1/2041 2039/1/2039 2206/1/2206 
f 2039/1/2039 2038/1/2038 2205/1/2205 
f 2205/1/2205 2206/1/2206 2039/1/2039 
f 2208/1/2208 1974/1/1974 1973/1/1973 
f 1973/1/1973 2209/1/2209 2208/1/2208 
f 2209/1/2209 2203/1/2203 2202/1/2202 
f 2202/1/2202 2208/1/2208 2209/1/2209 
f 2208/1/2208 2202/1/2202 2038/1/2038 
f 2038/1/2038 2037/1/2037 2208/1/2208 
f 2037/1/2037 1736/1/1736 1974/1/1974 
f 1974/1/1974 2208/1/2208 2037/1/2037 
f 2210/1/2210 2207/1/2207 1888/1/1888 
f 1888/1/1888 1887/1/1887 2210/1/2210 
f 1887/1/1887 1886/1/1886 2211/1/2211 
f 2211/1/2211 2210/1/2210 1887/1/1887 
f 2210/1/2210 2211/1/2211 2212/1/2212 
f 2212/1/2212 2213/1/2213 2210/1/2210 
f 2213/1/2213 2041/1/2041 2207/1/2207 
f 2207/1/2207 2210/1/2210 2213/1/2213 
f 2214/1/2214 2211/1/2211 1886/1/1886 
f 1886/1/1886 1969/1/1969 2214/1/2214 
f 1969/1/1969 1965/1/1965 2053/1/2053 
f 2214/1/2214 2053/1/2053 2052/1/2052 
f 2052/1/2052 2215/1/2215 2214/1/2214 
f 2215/1/2215 2212/1/2212 2211/1/2211 
f 2215/1/2215 2052/1/2052 2216/1/2216 
f 2216/1/2216 2217/1/2217 2215/1/2215 
f 2217/1/2217 2216/1/2216 1958/1/1958 
f 1958/1/1958 1961/1/1961 2217/1/2217 
f 2217/1/2217 1961/1/1961 1750/1/1750 
f 1750/1/1750 2218/1/2218 2217/1/2217 
f 2217/1/2217 2218/1/2218 2212/1/2212 
f 2212/1/2212 2215/1/2215 2217/1/2217 
f 2219/1/2219 1752/1/1752 1739/1/1739 
f 1739/1/1739 2042/1/2042 2219/1/2219 
f 2219/1/2219 2042/1/2042 2041/1/2041 
f 2041/1/2041 2213/1/2213 2219/1/2219 
f 2219/1/2219 2213/1/2213 2212/1/2212 
f 2212/1/2212 2218/1/2218 2219/1/2219 
f 2218/1/2218 1750/1/1750 1752/1/1752 
f 1752/1/1752 2219/1/2219 2218/1/2218 
f 2220/1/2220 2221/1/2221 2222/1/2222 
f 2222/1/2222 2223/1/2223 2220/1/2220 
f 2223/1/2223 1898/1/1898 1897/1/1897 
f 2220/1/2220 1897/1/1897 1896/1/1896 
f 1896/1/1896 2224/1/2224 2220/1/2220 
f 2224/1/2224 2045/1/2045 2221/1/2221 
f 2221/1/2221 2220/1/2220 2224/1/2224 
f 2224/1/2224 1896/1/1896 1938/1/1938 
f 1938/1/1938 1941/1/1941 2018/1/2018 
f 2225/1/2225 2018/1/2018 2017/1/2017 
f 2017/1/2017 2046/1/2046 2225/1/2225 
f 2046/1/2046 2045/1/2045 2224/1/2224 
f 2224/1/2224 2225/1/2225 2046/1/2046 
f 2226/1/2226 1935/1/1935 1933/1/1933 
f 1933/1/1933 2227/1/2227 2226/1/2226 
f 2227/1/2227 2222/1/2222 2221/1/2221 
f 2226/1/2226 2221/1/2221 2045/1/2045 
f 2045/1/2045 2044/1/2044 2226/1/2226 
f 2044/1/2044 1756/1/1756 1935/1/1935 
f 1935/1/1935 2226/1/2226 2044/1/2044 
f 2228/1/2228 2227/1/2227 1933/1/1933 
f 1933/1/1933 1932/1/1932 2228/1/2228 
f 1932/1/1932 1931/1/1931 2229/1/2229 
f 2229/1/2229 2228/1/2228 1932/1/1932 
f 2228/1/2228 2229/1/2229 2050/1/2050 
f 2050/1/2050 2230/1/2230 2228/1/2228 
f 2230/1/2230 2222/1/2222 2227/1/2227 
f 2227/1/2227 2228/1/2228 2230/1/2230 
f 2231/1/2231 2229/1/2229 1931/1/1931 
f 1931/1/1931 1953/1/1953 2231/1/2231 
f 2216/1/2216 2231/1/2231 1953/1/1953 
f 1953/1/1953 1958/1/1958 2216/1/2216 
f 2231/1/2231 2216/1/2216 2052/1/2052 
f 2051/1/2051 2050/1/2050 2229/1/2229 
f 2229/1/2229 2231/1/2231 2051/1/2051 
f 2232/1/2232 2049/1/2049 1903/1/1903 
f 1903/1/1903 1902/1/1902 2232/1/2232 
f 2232/1/2232 1902/1/1902 1898/1/1898 
f 2232/1/2232 2223/1/2223 2222/1/2222 
f 2222/1/2222 2230/1/2230 2232/1/2232 
f 2230/1/2230 2050/1/2050 2049/1/2049 
f 2049/1/2049 2232/1/2232 2230/1/2230 
f 2233/1/2233 2166/1/2166 1957/1/1957 
f 1957/1/1957 1954/1/1954 2233/1/2233 
f 1954/1/1954 1929/1/1929 2234/1/2234 
f 2234/1/2234 2233/1/2233 1954/1/1954 
f 2233/1/2233 2234/1/2234 2235/1/2235 
f 2235/1/2235 2236/1/2236 2233/1/2233 
f 2166/1/2166 2233/1/2233 2236/1/2236 
f 2236/1/2236 2154/1/2154 2166/1/2166 
f 2237/1/2237 2234/1/2234 1929/1/1929 
f 1928/1/1928 1927/1/1927 2149/1/2149 
f 2149/1/2149 2237/1/2237 1928/1/1928 
f 2237/1/2237 2149/1/2149 2145/1/2145 
f 2145/1/2145 2238/1/2238 2237/1/2237 
f 2238/1/2238 2235/1/2235 2234/1/2234 
f 2239/1/2239 2240/1/2240 2235/1/2235 
f 2235/1/2235 2238/1/2238 2239/1/2239 
f 2238/1/2238 2145/1/2145 2144/1/2144 
f 2239/1/2239 2144/1/2144 1128/1/1128 
f 1128/1/1128 1764/1/1764 2239/1/2239 
f 1764/1/1764 1763/1/1763 2240/1/2240 
f 2240/1/2240 2239/1/2239 1764/1/1764 
f 2241/1/2241 2240/1/2240 1763/1/1763 
f 1763/1/1763 1767/1/1767 2241/1/2241 
f 1767/1/1767 1362/1/1362 2155/1/2155 
f 2155/1/2155 2241/1/2241 1767/1/1767 
f 2241/1/2241 2155/1/2155 2154/1/2154 
f 2154/1/2154 2236/1/2236 2241/1/2241 
f 2236/1/2236 2235/1/2235 2240/1/2240 
f 2240/1/2240 2241/1/2241 2236/1/2236 
f 2242/1/2242 2243/1/2243 52/1/52 
f 52/1/52 51/1/51 2242/1/2242 
f 51/1/51 50/1/50 2244/1/2244 
f 2244/1/2244 2242/1/2242 51/1/51 
f 2242/1/2242 2244/1/2244 2056/1/2056 
f 2056/1/2056 2245/1/2245 2242/1/2242 
f 2245/1/2245 2246/1/2246 2243/1/2243 
f 2243/1/2243 2242/1/2242 2245/1/2245 
f 2247/1/2247 2244/1/2244 50/1/50 
f 1803/1/1803 1801/1/1801 2248/1/2248 
f 2248/1/2248 2247/1/2247 1803/1/1803 
f 2247/1/2247 2248/1/2248 2058/1/2058 
f 2057/1/2057 2056/1/2056 2244/1/2244 
f 2244/1/2244 2247/1/2247 2057/1/2057 
f 2249/1/2249 2055/1/2055 1774/1/1774 
f 1774/1/1774 2250/1/2250 2249/1/2249 
f 2250/1/2250 2251/1/2251 2252/1/2252 
f 2252/1/2252 2249/1/2249 2250/1/2250 
f 2249/1/2249 2252/1/2252 2246/1/2246 
f 2246/1/2246 2245/1/2245 2249/1/2249 
f 2245/1/2245 2056/1/2056 2055/1/2055 
f 2055/1/2055 2249/1/2249 2245/1/2245 
f 2253/1/2253 2254/1/2254 2100/1/2100 
f 2100/1/2100 2112/1/2112 2253/1/2253 
f 2112/1/2112 1792/1/1792 1791/1/1791 
f 1791/1/1791 2253/1/2253 2112/1/2112 
f 2253/1/2253 1791/1/1791 1787/1/1787 
f 1787/1/1787 2255/1/2255 2253/1/2253 
f 2255/1/2255 2256/1/2256 2254/1/2254 
f 2254/1/2254 2253/1/2253 2255/1/2255 
f 2257/1/2257 1782/1/1782 1781/1/1781 
f 1781/1/1781 2258/1/2258 2257/1/2257 
f 2101/1/2101 2258/1/2258 1781/1/1781 
f 1781/1/1781 156/1/156 2101/1/2101 
f 2101/1/2101 2100/1/2100 2254/1/2254 
f 2254/1/2254 2258/1/2258 2101/1/2101 
f 2258/1/2258 2254/1/2254 2256/1/2256 
f 2256/1/2256 2257/1/2257 2258/1/2258 
f 2259/1/2259 2068/1/2068 1806/1/1806 
f 1806/1/1806 1812/1/1812 2259/1/2259 
f 1812/1/1812 1776/1/1776 2059/1/2059 
f 2059/1/2059 2259/1/2259 1812/1/1812 
f 2259/1/2259 2059/1/2059 2058/1/2058 
f 2058/1/2058 2260/1/2260 2259/1/2259 
f 2260/1/2260 2064/1/2064 2068/1/2068 
f 2068/1/2068 2259/1/2259 2260/1/2260 
f 2261/1/2261 2248/1/2248 1801/1/1801 
f 1801/1/1801 1800/1/1800 2261/1/2261 
f 1800/1/1800 147/1/147 2061/1/2061 
f 2061/1/2061 2261/1/2261 1800/1/1800 
f 2261/1/2261 2061/1/2061 2064/1/2064 
f 2064/1/2064 2260/1/2260 2261/1/2261 
f 2260/1/2260 2058/1/2058 2248/1/2248 
f 2248/1/2248 2261/1/2261 2260/1/2260 
f 2262/1/2262 2087/1/2087 1074/1/1074 
f 1074/1/1074 1912/1/1912 2262/1/2262 
f 1912/1/1912 1910/1/1910 2091/1/2091 
f 2091/1/2091 2262/1/2262 1912/1/1912 
f 2262/1/2262 2091/1/2091 2094/1/2094 
f 2094/1/2094 2263/1/2263 2262/1/2262 
f 2263/1/2263 2011/1/2011 2087/1/2087 
f 2087/1/2087 2262/1/2262 2263/1/2263 
f 2264/1/2264 2012/1/2012 2011/1/2011 
f 2011/1/2011 2263/1/2263 2264/1/2264 
f 2263/1/2263 2094/1/2094 2097/1/2097 
f 2097/1/2097 2264/1/2264 2263/1/2263 
f 2264/1/2264 2097/1/2097 1706/1/1706 
f 1706/1/1706 1826/1/1826 2264/1/2264 
f 1826/1/1826 1823/1/1823 2012/1/2012 
f 2012/1/2012 2264/1/2264 1826/1/1826 
f 2265/1/2265 2266/1/2266 2033/1/2033 
f 2033/1/2033 2134/1/2134 2265/1/2265 
f 2134/1/2134 1079/1/1079 1914/1/1914 
f 1914/1/1914 2265/1/2265 2134/1/2134 
f 2265/1/2265 1914/1/1914 1918/1/1918 
f 1918/1/1918 2122/1/2122 2265/1/2265 
f 2122/1/2122 2121/1/2121 2266/1/2266 
f 2266/1/2266 2265/1/2265 2122/1/2122 
f 2267/1/2267 2266/1/2266 2121/1/2121 
f 2121/1/2121 2127/1/2127 2267/1/2267 
f 2127/1/2127 1727/1/1727 1814/1/1814 
f 2267/1/2267 1814/1/1814 1817/1/1817 
f 1817/1/1817 2034/1/2034 2267/1/2267 
f 2034/1/2034 2033/1/2033 2266/1/2266 
f 2266/1/2266 2267/1/2267 2034/1/2034 
f 2268/1/2268 2269/1/2269 2021/1/2021 
f 2021/1/2021 2117/1/2117 2268/1/2268 
f 2117/1/2117 1868/1/1868 1867/1/1867 
f 1867/1/1867 2268/1/2268 2117/1/2117 
f 2268/1/2268 1867/1/1867 259/1/259 
f 259/1/259 2131/1/2131 2268/1/2268 
f 2131/1/2131 2130/1/2130 2269/1/2269 
f 2269/1/2269 2268/1/2268 2131/1/2131 
f 2270/1/2270 1832/1/1832 1717/1/1717 
f 2022/1/2022 2021/1/2021 2269/1/2269 
f 2269/1/2269 2270/1/2270 2022/1/2022 
f 2270/1/2270 2269/1/2269 2130/1/2130 
f 2130/1/2130 2136/1/2136 2270/1/2270 
f 2136/1/2136 1833/1/1833 1832/1/1832 
f 1832/1/1832 2270/1/2270 2136/1/2136 
f 2271/1/2271 2076/1/2076 325/1/325 
f 330/1/330 232/1/232 2082/1/2082 
f 2271/1/2271 2082/1/2082 2085/1/2085 
f 2272/1/2272 2077/1/2077 2076/1/2076 
f 2076/1/2076 2271/1/2271 2272/1/2272 
f 2273/1/2273 2089/1/2089 1839/1/1839 
f 1839/1/1839 1862/1/1862 2273/1/2273 
f 1862/1/1862 1861/1/1861 2080/1/2080 
f 2273/1/2273 2080/1/2080 2077/1/2077 
f 2077/1/2077 2272/1/2272 2273/1/2273 
f 2272/1/2272 2085/1/2085 2089/1/2089 
f 2089/1/2089 2273/1/2273 2272/1/2272 
f 2151/1/2151 1242/1/1242 1241/1/1241 
f 1241/1/1241 2274/1/2274 2151/1/2151 
f 2274/1/2274 1241/1/1241 1240/1/1240 
f 1240/1/1240 2028/1/2028 2274/1/2274 
f 2028/1/2028 2027/1/2027 2275/1/2275 
f 2275/1/2275 2274/1/2274 2028/1/2028 
f 2274/1/2274 2275/1/2275 2139/1/2139 
f 2140/1/2140 2139/1/2139 2275/1/2275 
f 2275/1/2275 2276/1/2276 2140/1/2140 
f 2275/1/2275 2027/1/2027 2125/1/2125 
f 2125/1/2125 2276/1/2276 2275/1/2275 
f 2276/1/2276 2125/1/2125 1949/1/1949 
f 1949/1/1949 1948/1/1948 2276/1/2276 
f 2140/1/2140 2276/1/2276 1948/1/1948 
f 1948/1/1948 1846/1/1846 2140/1/2140 
f 2277/1/2277 2278/1/2278 1616/1/1616 
f 1616/1/1616 1615/1/1615 2277/1/2277 
f 1615/1/1615 846/1/846 845/1/845 
f 845/1/845 2277/1/2277 1615/1/1615 
f 2277/1/2277 845/1/845 844/1/844 
f 2279/1/2279 2280/1/2280 2278/1/2278 
f 2281/1/2281 2282/1/2282 1015/1/1015 
f 1015/1/1015 1014/1/1014 2281/1/2281 
f 2281/1/2281 1014/1/1014 1005/1/1005 
f 1005/1/1005 1004/1/1004 2281/1/2281 
f 2281/1/2281 1004/1/1004 828/1/828 
f 828/1/828 2283/1/2283 2281/1/2281 
f 2283/1/2283 2284/1/2284 2282/1/2282 
f 2282/1/2282 2281/1/2281 2283/1/2283 
f 2285/1/2285 2286/1/2286 2287/1/2287 
f 2287/1/2287 2288/1/2288 2285/1/2285 
f 2288/1/2288 1038/1/1038 1037/1/1037 
f 1037/1/1037 2285/1/2285 2288/1/2288 
f 2285/1/2285 1037/1/1037 1015/1/1015 
f 1015/1/1015 2282/1/2282 2285/1/2285 
f 2282/1/2282 2284/1/2284 2286/1/2286 
f 2286/1/2286 2285/1/2285 2282/1/2282 
f 2289/1/2289 2284/1/2284 2283/1/2283 
f 2283/1/2283 2290/1/2290 2289/1/2289 
f 2283/1/2283 828/1/828 827/1/827 
f 827/1/827 2290/1/2290 2283/1/2283 
f 2290/1/2290 827/1/827 833/1/833 
f 833/1/833 2291/1/2291 2290/1/2290 
f 2290/1/2290 2291/1/2291 2292/1/2292 
f 2292/1/2292 2289/1/2289 2290/1/2290 
f 2293/1/2293 2286/1/2286 2284/1/2284 
f 2284/1/2284 2289/1/2289 2293/1/2293 
f 2289/1/2289 2292/1/2292 2294/1/2294 
f 2294/1/2294 2293/1/2293 2289/1/2289 
f 2293/1/2293 2294/1/2294 2295/1/2295 
f 2295/1/2295 2296/1/2296 2293/1/2293 
f 2296/1/2296 2287/1/2287 2286/1/2286 
f 2286/1/2286 2293/1/2293 2296/1/2296 
f 2297/1/2297 2295/1/2295 2294/1/2294 
f 2298/1/2298 2294/1/2294 2292/1/2292 
f 2292/1/2292 2291/1/2291 2298/1/2298 
f 2291/1/2291 833/1/833 835/1/835 
f 835/1/835 2298/1/2298 2291/1/2291 
f 835/1/835 839/1/839 2297/1/2297 
f 2297/1/2297 839/1/839 1622/1/1622 
f 1622/1/1622 1616/1/1616 2278/1/2278 
f 2299/1/2299 2278/1/2278 2280/1/2280 
f 2280/1/2280 2300/1/2300 2299/1/2299 
f 2299/1/2299 2300/1/2300 2295/1/2295 
f 2295/1/2295 2297/1/2297 2299/1/2299 
f 2300/1/2300 2280/1/2280 2279/1/2279 
f 2279/1/2279 2301/1/2301 2300/1/2300 
f 2279/1/2279 844/1/844 2302/1/2302 
f 2302/1/2302 2301/1/2301 2279/1/2279 
f 2301/1/2301 2302/1/2302 2287/1/2287 
f 2287/1/2287 2296/1/2296 2301/1/2301 
f 2296/1/2296 2295/1/2295 2300/1/2300 
f 2300/1/2300 2301/1/2301 2296/1/2296 
f 2303/1/2303 2302/1/2302 844/1/844 
f 844/1/844 843/1/843 2303/1/2303 
f 843/1/843 842/1/842 1048/1/1048 
f 1048/1/1048 2303/1/2303 843/1/843 
f 2303/1/2303 1048/1/1048 1038/1/1038 
f 1038/1/1038 2288/1/2288 2303/1/2303 
f 2288/1/2288 2287/1/2287 2302/1/2302 
f 2302/1/2302 2303/1/2303 2288/1/2288 
f 2304/1/2304 1503/1/1503 1501/1/1501 
f 1501/1/1501 1500/1/1500 2304/1/2304 
f 1500/1/1500 1499/1/1499 2305/1/2305 
f 2305/1/2305 2304/1/2304 1500/1/1500 
f 2306/1/2306 2304/1/2304 2305/1/2305 
f 2305/1/2305 2307/1/2307 2306/1/2306 
f 2306/1/2306 1504/1/1504 1503/1/1503 
f 1503/1/1503 2304/1/2304 2306/1/2306 
f 2308/1/2308 1553/1/1553 1569/1/1569 
f 1569/1/1569 2309/1/2309 2308/1/2308 
f 1569/1/1569 1568/1/1568 1576/1/1576 
f 2309/1/2309 1576/1/1576 1504/1/1504 
f 1504/1/1504 2306/1/2306 2309/1/2309 
f 2306/1/2306 2307/1/2307 2308/1/2308 
f 2308/1/2308 2309/1/2309 2306/1/2306 
f 2310/1/2310 1555/1/1555 1554/1/1554 
f 2311/1/2311 1554/1/1554 1553/1/1553 
f 1553/1/1553 2308/1/2308 2311/1/2311 
f 2311/1/2311 2308/1/2308 2307/1/2307 
f 2307/1/2307 2312/1/2312 2311/1/2311 
f 2312/1/2312 2313/1/2313 2310/1/2310 
f 2314/1/2314 2315/1/2315 1499/1/1499 
f 1499/1/1499 1498/1/1498 2314/1/2314 
f 2314/1/2314 1498/1/1498 1441/1/1441 
f 1441/1/1441 1440/1/1440 2314/1/2314 
f 2314/1/2314 1440/1/1440 1444/1/1444 
f 1444/1/1444 2316/1/2316 2314/1/2314 
f 2316/1/2316 2317/1/2317 2315/1/2315 
f 2315/1/2315 2314/1/2314 2316/1/2316 
f 2318/1/2318 2305/1/2305 1499/1/1499 
f 1499/1/1499 2315/1/2315 2318/1/2318 
f 2315/1/2315 2317/1/2317 2319/1/2319 
f 2319/1/2319 2318/1/2318 2315/1/2315 
f 2318/1/2318 2319/1/2319 2320/1/2320 
f 2320/1/2320 2321/1/2321 2318/1/2318 
f 2318/1/2318 2321/1/2321 2307/1/2307 
f 2307/1/2307 2305/1/2305 2318/1/2318 
f 2322/1/2322 2321/1/2321 2320/1/2320 
f 2320/1/2320 2323/1/2323 2322/1/2322 
f 2322/1/2322 2323/1/2323 2313/1/2313 
f 2313/1/2313 2312/1/2312 2322/1/2322 
f 2312/1/2312 2307/1/2307 2321/1/2321 
f 2321/1/2321 2322/1/2322 2312/1/2312 
f 2324/1/2324 2325/1/2325 2326/1/2326 
f 2326/1/2326 2327/1/2327 2324/1/2324 
f 2327/1/2327 2328/1/2328 2329/1/2329 
f 2329/1/2329 2324/1/2324 2327/1/2327 
f 2324/1/2324 2329/1/2329 1461/1/1461 
f 1461/1/1461 1460/1/1460 2324/1/2324 
f 1460/1/1460 1459/1/1459 2325/1/2325 
f 2325/1/2325 2324/1/2324 1460/1/1460 
f 2330/1/2330 2331/1/2331 2332/1/2332 
f 2332/1/2332 2333/1/2333 2330/1/2330 
f 2333/1/2333 1989/1/1989 1988/1/1988 
f 1988/1/1988 2330/1/2330 2333/1/2333 
f 2330/1/2330 1988/1/1988 1987/1/1987 
f 1987/1/1987 2334/1/2334 2330/1/2330 
f 2334/1/2334 2335/1/2335 2331/1/2331 
f 2331/1/2331 2330/1/2330 2334/1/2334 
f 2336/1/2336 2337/1/2337 2328/1/2328 
f 2328/1/2328 2327/1/2327 2336/1/2336 
f 2327/1/2327 2326/1/2326 2338/1/2338 
f 2338/1/2338 2336/1/2336 2327/1/2327 
f 2336/1/2336 2338/1/2338 2339/1/2339 
f 2339/1/2339 2340/1/2340 2336/1/2336 
f 2340/1/2340 2341/1/2341 2337/1/2337 
f 2337/1/2337 2336/1/2336 2340/1/2340 
f 2342/1/2342 2332/1/2332 2331/1/2331 
f 2331/1/2331 2343/1/2343 2342/1/2342 
f 2344/1/2344 2343/1/2343 2331/1/2331 
f 2331/1/2331 2335/1/2335 2344/1/2344 
f 2343/1/2343 2344/1/2344 2341/1/2341 
f 2341/1/2341 2340/1/2340 2343/1/2343 
f 2343/1/2343 2340/1/2340 2339/1/2339 
f 2339/1/2339 2342/1/2342 2343/1/2343 
f 2345/1/2345 2325/1/2325 1459/1/1459 
f 1459/1/1459 2204/1/2204 2345/1/2345 
f 2204/1/2204 2203/1/2203 2346/1/2346 
f 2346/1/2346 2345/1/2345 2204/1/2204 
f 2345/1/2345 2346/1/2346 2347/1/2347 
f 2347/1/2347 2348/1/2348 2345/1/2345 
f 2348/1/2348 2326/1/2326 2325/1/2325 
f 2325/1/2325 2345/1/2345 2348/1/2348 
f 2349/1/2349 2350/1/2350 2351/1/2351 
f 2351/1/2351 2352/1/2352 2349/1/2349 
f 2352/1/2352 2199/1/2199 2198/1/2198 
f 2198/1/2198 2349/1/2349 2352/1/2352 
f 2349/1/2349 2198/1/2198 1989/1/1989 
f 1989/1/1989 2333/1/2333 2349/1/2349 
f 2333/1/2333 2332/1/2332 2350/1/2350 
f 2350/1/2350 2349/1/2349 2333/1/2333 
f 2353/1/2353 2354/1/2354 2355/1/2355 
f 2355/1/2355 2356/1/2356 2353/1/2353 
f 2356/1/2356 2351/1/2351 2350/1/2350 
f 2350/1/2350 2353/1/2353 2356/1/2356 
f 2353/1/2353 2350/1/2350 2332/1/2332 
f 2332/1/2332 2342/1/2342 2353/1/2353 
f 2342/1/2342 2339/1/2339 2354/1/2354 
f 2354/1/2354 2353/1/2353 2342/1/2342 
f 2357/1/2357 2354/1/2354 2339/1/2339 
f 2339/1/2339 2338/1/2338 2357/1/2357 
f 2357/1/2357 2338/1/2338 2326/1/2326 
f 2326/1/2326 2348/1/2348 2357/1/2357 
f 2348/1/2348 2347/1/2347 2358/1/2358 
f 2358/1/2358 2357/1/2357 2348/1/2348 
f 2358/1/2358 2355/1/2355 2354/1/2354 
f 2354/1/2354 2357/1/2357 2358/1/2358 
f 2359/1/2359 2360/1/2360 2361/1/2361 
f 2361/1/2361 2362/1/2362 2359/1/2359 
f 2361/1/2361 2347/1/2347 2346/1/2346 
f 2346/1/2346 2362/1/2362 2361/1/2361 
f 2362/1/2362 2346/1/2346 2203/1/2203 
f 2203/1/2203 2209/1/2209 2362/1/2362 
f 2209/1/2209 1973/1/1973 2359/1/2359 
f 2359/1/2359 2362/1/2362 2209/1/2209 
f 2363/1/2363 2364/1/2364 2355/1/2355 
f 2355/1/2355 2358/1/2358 2363/1/2363 
f 2358/1/2358 2347/1/2347 2361/1/2361 
f 2361/1/2361 2363/1/2363 2358/1/2358 
f 2363/1/2363 2361/1/2361 2360/1/2360 
f 2360/1/2360 2365/1/2365 2363/1/2363 
f 2365/1/2365 2366/1/2366 2364/1/2364 
f 2364/1/2364 2363/1/2363 2365/1/2365 
f 2367/1/2367 2368/1/2368 2360/1/2360 
f 2360/1/2360 2359/1/2359 2367/1/2367 
f 2359/1/2359 1973/1/1973 1972/1/1972 
f 1972/1/1972 2367/1/2367 2359/1/2359 
f 2367/1/2367 1972/1/1972 1976/1/1976 
f 1976/1/1976 2369/1/2369 2367/1/2367 
f 2369/1/2369 2370/1/2370 2368/1/2368 
f 2368/1/2368 2367/1/2367 2369/1/2369 
f 2371/1/2371 2372/1/2372 2366/1/2366 
f 2366/1/2366 2365/1/2365 2371/1/2371 
f 2365/1/2365 2360/1/2360 2368/1/2368 
f 2371/1/2371 2368/1/2368 2370/1/2370 
f 2370/1/2370 2373/1/2373 2371/1/2371 
f 2373/1/2373 2374/1/2374 2372/1/2372 
f 2372/1/2372 2371/1/2371 2373/1/2373 
f 2375/1/2375 2376/1/2376 2370/1/2370 
f 2369/1/2369 1976/1/1976 2177/1/2177 
f 2177/1/2177 2375/1/2375 2369/1/2369 
f 2375/1/2375 2177/1/2177 2173/1/2173 
f 2173/1/2173 2377/1/2377 2375/1/2375 
f 2377/1/2377 2378/1/2378 2376/1/2376 
f 2376/1/2376 2375/1/2375 2377/1/2377 
f 2379/1/2379 2380/1/2380 2381/1/2381 
f 2381/1/2381 2382/1/2382 2379/1/2379 
f 2382/1/2382 2374/1/2374 2373/1/2373 
f 2373/1/2373 2370/1/2370 2376/1/2376 
f 2376/1/2376 2379/1/2379 2373/1/2373 
f 2379/1/2379 2376/1/2376 2378/1/2378 
f 2378/1/2378 2380/1/2380 2379/1/2379 
f 2383/1/2383 2384/1/2384 2385/1/2385 
f 2385/1/2385 2386/1/2386 2383/1/2383 
f 2385/1/2385 1681/1/1681 2180/1/2180 
f 2180/1/2180 2386/1/2386 2385/1/2385 
f 2386/1/2386 2180/1/2180 2184/1/2184 
f 2184/1/2184 2387/1/2387 2386/1/2386 
f 2386/1/2386 2387/1/2387 2388/1/2388 
f 2388/1/2388 2383/1/2383 2386/1/2386 
f 2389/1/2389 2390/1/2390 2378/1/2378 
f 2378/1/2378 2377/1/2377 2389/1/2389 
f 2377/1/2377 2173/1/2173 2172/1/2172 
f 2172/1/2172 2389/1/2389 2377/1/2377 
f 2389/1/2389 2172/1/2172 1979/1/1979 
f 1979/1/1979 2391/1/2391 2389/1/2389 
f 2391/1/2391 2392/1/2392 2390/1/2390 
f 2390/1/2390 2389/1/2389 2391/1/2391 
f 2380/1/2380 2378/1/2378 2390/1/2390 
f 2390/1/2390 2393/1/2393 2380/1/2380 
f 2393/1/2393 2390/1/2390 2392/1/2392 
f 2392/1/2392 2394/1/2394 2393/1/2393 
f 2393/1/2393 2394/1/2394 2395/1/2395 
f 2395/1/2395 2396/1/2396 2393/1/2393 
f 2396/1/2396 2381/1/2381 2380/1/2380 
f 2380/1/2380 2393/1/2393 2396/1/2396 
f 2397/1/2397 2398/1/2398 2384/1/2384 
f 2384/1/2384 2383/1/2383 2397/1/2397 
f 2383/1/2383 2388/1/2388 2399/1/2399 
f 2399/1/2399 2397/1/2397 2383/1/2383 
f 2397/1/2397 2399/1/2399 2381/1/2381 
f 2381/1/2381 2396/1/2396 2397/1/2397 
f 2396/1/2396 2395/1/2395 2398/1/2398 
f 2398/1/2398 2397/1/2397 2396/1/2396 
f 2400/1/2400 2401/1/2401 1683/1/1683 
f 1683/1/1683 1682/1/1682 2400/1/2400 
f 1682/1/1682 1681/1/1681 2385/1/2385 
f 2385/1/2385 2400/1/2400 1682/1/1682 
f 2400/1/2400 2385/1/2385 2384/1/2384 
f 2384/1/2384 2402/1/2402 2400/1/2400 
f 2402/1/2402 2403/1/2403 2401/1/2401 
f 2401/1/2401 2400/1/2400 2402/1/2402 
f 2404/1/2404 2405/1/2405 2392/1/2392 
f 2392/1/2392 2391/1/2391 2404/1/2404 
f 2391/1/2391 1979/1/1979 1978/1/1978 
f 1978/1/1978 2404/1/2404 2391/1/2391 
f 2404/1/2404 1978/1/1978 1982/1/1982 
f 1982/1/1982 2406/1/2406 2404/1/2404 
f 2406/1/2406 2407/1/2407 2405/1/2405 
f 2405/1/2405 2404/1/2404 2406/1/2406 
f 2394/1/2394 2392/1/2392 2405/1/2405 
f 2405/1/2405 2408/1/2408 2394/1/2394 
f 2408/1/2408 2405/1/2405 2407/1/2407 
f 2407/1/2407 2409/1/2409 2408/1/2408 
f 2408/1/2408 2409/1/2409 2410/1/2410 
f 2410/1/2410 2411/1/2411 2408/1/2408 
f 2411/1/2411 2395/1/2395 2394/1/2394 
f 2394/1/2394 2408/1/2408 2411/1/2411 
f 2412/1/2412 2413/1/2413 2403/1/2403 
f 2403/1/2403 2402/1/2402 2412/1/2412 
f 2402/1/2402 2384/1/2384 2398/1/2398 
f 2398/1/2398 2412/1/2412 2402/1/2402 
f 2412/1/2412 2398/1/2398 2395/1/2395 
f 2395/1/2395 2411/1/2411 2412/1/2412 
f 2411/1/2411 2410/1/2410 2413/1/2413 
f 2413/1/2413 2412/1/2412 2411/1/2411 
f 2414/1/2414 2415/1/2415 2416/1/2416 
f 2416/1/2416 2417/1/2417 2414/1/2414 
f 2406/1/2406 2414/1/2414 2417/1/2417 
f 2417/1/2417 2407/1/2407 2406/1/2406 
f 2406/1/2406 1982/1/1982 2418/1/2418 
f 2418/1/2418 2414/1/2414 2406/1/2406 
f 2414/1/2414 2418/1/2418 2419/1/2419 
f 2419/1/2419 2415/1/2415 2414/1/2414 
f 2420/1/2420 2409/1/2409 2407/1/2407 
f 2407/1/2407 2417/1/2417 2420/1/2420 
f 2417/1/2417 2416/1/2416 2421/1/2421 
f 2421/1/2421 2420/1/2420 2417/1/2417 
f 2420/1/2420 2421/1/2421 2422/1/2422 
f 2422/1/2422 2423/1/2423 2420/1/2420 
f 2423/1/2423 2410/1/2410 2409/1/2409 
f 2409/1/2409 2420/1/2420 2423/1/2423 
f 2424/1/2424 2425/1/2425 1644/1/1644 
f 1644/1/1644 1659/1/1659 2424/1/2424 
f 1659/1/1659 1658/1/1658 2426/1/2426 
f 2426/1/2426 2424/1/2424 1659/1/1659 
f 2424/1/2424 2426/1/2426 2427/1/2427 
f 2427/1/2427 2428/1/2428 2424/1/2424 
f 2425/1/2425 2424/1/2424 2428/1/2428 
f 2428/1/2428 2429/1/2429 2425/1/2425 
f 2430/1/2430 2431/1/2431 2429/1/2429 
f 2429/1/2429 2432/1/2432 2430/1/2430 
f 2432/1/2432 2433/1/2433 2434/1/2434 
f 2434/1/2434 2430/1/2430 2432/1/2432 
f 2430/1/2430 2434/1/2434 2435/1/2435 
f 2435/1/2435 2436/1/2436 2430/1/2430 
f 2436/1/2436 1494/1/1494 2431/1/2431 
f 2431/1/2431 2430/1/2430 2436/1/2436 
f 1489/1/1489 1485/1/1485 1495/1/1495 
f 2437/1/2437 1495/1/1495 1494/1/1494 
f 1494/1/1494 2436/1/2436 2437/1/2437 
f 2436/1/2436 2435/1/2435 2438/1/2438 
f 2438/1/2438 2437/1/2437 2436/1/2436 
f 1489/1/1489 2437/1/2437 2438/1/2438 
f 2438/1/2438 1490/1/1490 1489/1/1489 
f 2425/1/2425 2429/1/2429 2431/1/2431 
f 2431/1/2431 2439/1/2439 2425/1/2425 
f 2439/1/2439 2431/1/2431 1494/1/1494 
f 2439/1/2439 1626/1/1626 1625/1/1625 
f 1645/1/1645 1644/1/1644 2425/1/2425 
f 2425/1/2425 2439/1/2439 1645/1/1645 
f 2440/1/2440 2441/1/2441 2442/1/2442 
f 2442/1/2442 2443/1/2443 2440/1/2440 
f 2443/1/2443 2444/1/2444 2445/1/2445 
f 2445/1/2445 2440/1/2440 2443/1/2443 
f 2446/1/2446 2444/1/2444 2447/1/2447 
f 2447/1/2447 2448/1/2448 2446/1/2446 
f 2448/1/2448 2447/1/2447 2449/1/2449 
f 2449/1/2449 2450/1/2450 2448/1/2448 
f 2451/1/2451 2450/1/2450 2449/1/2449 
f 2449/1/2449 2452/1/2452 2451/1/2451 
f 2452/1/2452 2453/1/2453 2454/1/2454 
f 2454/1/2454 2451/1/2451 2452/1/2452 
f 2455/1/2455 697/1/697 696/1/696 
f 696/1/696 716/1/716 2455/1/2455 
f 716/1/716 715/1/715 2456/1/2456 
f 2456/1/2456 2455/1/2455 716/1/716 
f 2455/1/2455 2456/1/2456 2457/1/2457 
f 2458/1/2458 699/1/699 697/1/697 
f 697/1/697 2455/1/2455 2458/1/2458 
f 2459/1/2459 2456/1/2456 715/1/715 
f 715/1/715 721/1/721 2459/1/2459 
f 721/1/721 7/1/7 6/1/6 
f 6/1/6 2459/1/2459 721/1/721 
f 2459/1/2459 6/1/6 5/1/5 
f 5/1/5 2460/1/2460 2459/1/2459 
f 2460/1/2460 2457/1/2457 2456/1/2456 
f 2456/1/2456 2459/1/2459 2460/1/2460 
f 2461/1/2461 2462/1/2462 2463/1/2463 
f 2463/1/2463 2464/1/2464 2461/1/2461 
f 2463/1/2463 2465/1/2465 2466/1/2466 
f 2467/1/2467 2468/1/2468 699/1/699 
f 699/1/699 2458/1/2458 2467/1/2467 
f 2467/1/2467 2458/1/2458 2457/1/2457 
f 2457/1/2457 2469/1/2469 2467/1/2467 
f 2470/1/2470 2467/1/2467 2469/1/2469 
f 2469/1/2469 2471/1/2471 2470/1/2470 
f 2470/1/2470 2472/1/2472 2468/1/2468 
f 2468/1/2468 2467/1/2467 2470/1/2470 
f 2473/1/2473 2474/1/2474 2475/1/2475 
f 2476/1/2476 166/1/166 165/1/165 
f 165/1/165 2473/1/2473 2476/1/2476 
f 2473/1/2473 165/1/165 160/1/160 
f 160/1/160 2477/1/2477 2473/1/2473 
f 2477/1/2477 2478/1/2478 2474/1/2474 
f 2474/1/2474 2473/1/2473 2477/1/2477 
f 2479/1/2479 278/1/278 166/1/166 
f 166/1/166 2476/1/2476 2479/1/2479 
f 2476/1/2476 2475/1/2475 2480/1/2480 
f 2480/1/2480 2479/1/2479 2476/1/2476 
f 2479/1/2479 2480/1/2480 2481/1/2481 
f 2481/1/2481 2482/1/2482 2479/1/2479 
f 2482/1/2482 279/1/279 278/1/278 
f 278/1/278 2479/1/2479 2482/1/2482 
f 2483/1/2483 2484/1/2484 2485/1/2485 
f 2485/1/2485 2486/1/2486 2483/1/2483 
f 2486/1/2486 151/1/151 150/1/150 
f 2483/1/2483 150/1/150 67/1/67 
f 67/1/67 65/1/65 2483/1/2483 
f 65/1/65 64/1/64 2484/1/2484 
f 2484/1/2484 2483/1/2483 65/1/65 
f 2487/1/2487 2488/1/2488 2489/1/2489 
f 2489/1/2489 2490/1/2490 2487/1/2487 
f 2490/1/2490 2489/1/2489 1946/1/1946 
f 1946/1/1946 1952/1/1952 2490/1/2490 
f 2490/1/2490 1952/1/1952 1921/1/1921 
f 1921/1/1921 2491/1/2491 2490/1/2490 
f 2491/1/2491 2492/1/2492 2487/1/2487 
f 2487/1/2487 2490/1/2490 2491/1/2491 
f 2493/1/2493 2494/1/2494 2492/1/2492 
f 2491/1/2491 1921/1/1921 1920/1/1920 
f 1920/1/1920 2493/1/2493 2491/1/2491 
f 2493/1/2493 1920/1/1920 1916/1/1916 
f 1916/1/1916 2495/1/2495 2493/1/2493 
f 2495/1/2495 2496/1/2496 2494/1/2494 
f 2494/1/2494 2493/1/2493 2495/1/2495 
f 2497/1/2497 2498/1/2498 2499/1/2499 
f 2499/1/2499 2500/1/2500 2497/1/2497 
f 2497/1/2497 1141/1/1141 1140/1/1140 
f 1140/1/1140 2498/1/2498 2497/1/2497 
f 2498/1/2498 1140/1/1140 1060/1/1060 
f 1060/1/1060 2501/1/2501 2498/1/2498 
f 2501/1/2501 2502/1/2502 2499/1/2499 
f 2499/1/2499 2498/1/2498 2501/1/2501 
f 2503/1/2503 2504/1/2504 287/1/287 
f 287/1/287 286/1/286 2503/1/2503 
f 286/1/286 198/1/198 2505/1/2505 
f 2505/1/2505 2503/1/2503 286/1/286 
f 2503/1/2503 2505/1/2505 2506/1/2506 
f 2506/1/2506 2507/1/2507 2503/1/2503 
f 2507/1/2507 2508/1/2508 2504/1/2504 
f 2504/1/2504 2503/1/2503 2507/1/2507 
f 2509/1/2509 2510/1/2510 2511/1/2511 
f 2511/1/2511 2512/1/2512 2509/1/2509 
f 2512/1/2512 2419/1/2419 2418/1/2418 
f 2418/1/2418 2509/1/2509 2512/1/2512 
f 2509/1/2509 2418/1/2418 1982/1/1982 
f 1982/1/1982 1981/1/1981 2509/1/2509 
f 1981/1/1981 1467/1/1467 2510/1/2510 
f 2510/1/2510 2509/1/2509 1981/1/1981 
f 2513/1/2513 1669/1/1669 1668/1/1668 
f 1668/1/1668 2514/1/2514 2513/1/2513 
f 2514/1/2514 2515/1/2515 2516/1/2516 
f 2516/1/2516 2513/1/2513 2514/1/2514 
f 2513/1/2513 2516/1/2516 2517/1/2517 
f 2517/1/2517 2518/1/2518 2513/1/2513 
f 2518/1/2518 1670/1/1670 1669/1/1669 
f 1669/1/1669 2513/1/2513 2518/1/2518 
f 2519/1/2519 2518/1/2518 2517/1/2517 
f 2517/1/2517 2520/1/2520 2519/1/2519 
f 2520/1/2520 2521/1/2521 2522/1/2522 
f 2522/1/2522 2519/1/2519 2520/1/2520 
f 2519/1/2519 2522/1/2522 1985/1/1985 
f 1985/1/1985 1994/1/1994 2519/1/2519 
f 1994/1/1994 1670/1/1670 2518/1/2518 
f 2518/1/2518 2519/1/2519 1994/1/1994 
f 2523/1/2523 2524/1/2524 1987/1/1987 
f 1987/1/1987 1986/1/1986 2523/1/2523 
f 1986/1/1986 1985/1/1985 2522/1/2522 
f 2522/1/2522 2523/1/2523 1986/1/1986 
f 2523/1/2523 2522/1/2522 2521/1/2521 
f 2521/1/2521 2525/1/2525 2523/1/2523 
f 2525/1/2525 2526/1/2526 2524/1/2524 
f 2524/1/2524 2523/1/2523 2525/1/2525 
f 2527/1/2527 2524/1/2524 2526/1/2526 
f 2526/1/2526 2528/1/2528 2527/1/2527 
f 2528/1/2528 2529/1/2529 2530/1/2530 
f 2530/1/2530 2527/1/2527 2528/1/2528 
f 2527/1/2527 2530/1/2530 2335/1/2335 
f 2335/1/2335 2334/1/2334 2527/1/2527 
f 2334/1/2334 1987/1/1987 2524/1/2524 
f 2524/1/2524 2527/1/2527 2334/1/2334 
f 2531/1/2531 2532/1/2532 2533/1/2533 
f 2533/1/2533 2534/1/2534 2531/1/2531 
f 2534/1/2534 2535/1/2535 2536/1/2536 
f 2536/1/2536 2531/1/2531 2534/1/2534 
f 2531/1/2531 2536/1/2536 1967/1/1967 
f 1967/1/1967 1970/1/1970 2531/1/2531 
f 1970/1/1970 1884/1/1884 2532/1/2532 
f 2532/1/2532 2531/1/2531 1970/1/1970 
f 2537/1/2537 2538/1/2538 2539/1/2539 
f 2539/1/2539 2540/1/2540 2537/1/2537 
f 2540/1/2540 1894/1/1894 1893/1/1893 
f 1893/1/1893 2537/1/2537 2540/1/2540 
f 2537/1/2537 1893/1/1893 1900/1/1900 
f 1900/1/1900 2541/1/2541 2537/1/2537 
f 2541/1/2541 2542/1/2542 2538/1/2538 
f 2538/1/2538 2537/1/2537 2541/1/2541 
f 2543/1/2543 2544/1/2544 1135/1/1135 
f 1135/1/1135 1134/1/1134 2543/1/2543 
f 1134/1/1134 1133/1/1133 1939/1/1939 
f 1939/1/1939 2543/1/2543 1134/1/1134 
f 2543/1/2543 1939/1/1939 1894/1/1894 
f 1894/1/1894 2540/1/2540 2543/1/2543 
f 2540/1/2540 2539/1/2539 2544/1/2544 
f 2544/1/2544 2543/1/2543 2540/1/2540 
f 2545/1/2545 2546/1/2546 2547/1/2547 
f 2547/1/2547 2548/1/2548 2545/1/2545 
f 2548/1/2548 2320/1/2320 2319/1/2319 
f 2319/1/2319 2545/1/2545 2548/1/2548 
f 2545/1/2545 2319/1/2319 2317/1/2317 
f 2317/1/2317 2549/1/2549 2545/1/2545 
f 2549/1/2549 2550/1/2550 2546/1/2546 
f 2546/1/2546 2545/1/2545 2549/1/2549 
f 2551/1/2551 2552/1/2552 2550/1/2550 
f 2550/1/2550 2549/1/2549 2551/1/2551 
f 2549/1/2549 2317/1/2317 2316/1/2316 
f 2316/1/2316 2551/1/2551 2549/1/2549 
f 2551/1/2551 2316/1/2316 1444/1/1444 
f 1444/1/1444 1452/1/1452 2551/1/2551 
f 1452/1/1452 1451/1/1451 2552/1/2552 
f 2552/1/2552 2551/1/2551 1452/1/1452 
f 2553/1/2553 2554/1/2554 2555/1/2555 
f 2555/1/2555 2556/1/2556 2553/1/2553 
f 2556/1/2556 1905/1/1905 1963/1/1963 
f 1963/1/1963 2553/1/2553 2556/1/2556 
f 1963/1/1963 1967/1/1967 2536/1/2536 
f 2536/1/2536 2553/1/2553 1963/1/1963 
f 2553/1/2553 2536/1/2536 2535/1/2535 
f 2535/1/2535 2554/1/2554 2553/1/2553 
f 2557/1/2557 2558/1/2558 2542/1/2542 
f 2542/1/2542 2541/1/2541 2557/1/2557 
f 2541/1/2541 1900/1/1900 1906/1/1906 
f 1906/1/1906 2557/1/2557 2541/1/2541 
f 2557/1/2557 1906/1/1906 1905/1/1905 
f 1905/1/1905 2556/1/2556 2557/1/2557 
f 2556/1/2556 2555/1/2555 2558/1/2558 
f 2558/1/2558 2557/1/2557 2556/1/2556 
f 2559/1/2559 2560/1/2560 69/1/69 
f 69/1/69 68/1/68 2559/1/2559 
f 68/1/68 57/1/57 56/1/56 
f 56/1/56 2559/1/2559 68/1/68 
f 2559/1/2559 56/1/56 55/1/55 
f 55/1/55 2561/1/2561 2559/1/2559 
f 2561/1/2561 2562/1/2562 2560/1/2560 
f 2560/1/2560 2559/1/2559 2561/1/2561 
f 2563/1/2563 2564/1/2564 2478/1/2478 
f 2478/1/2478 2477/1/2477 2563/1/2563 
f 159/1/159 2563/1/2563 2477/1/2477 
f 2477/1/2477 160/1/160 159/1/159 
f 159/1/159 158/1/158 2565/1/2565 
f 2565/1/2565 2563/1/2563 159/1/159 
f 2565/1/2565 2566/1/2566 2564/1/2564 
f 2564/1/2564 2563/1/2563 2565/1/2565 
f 2567/1/2567 2568/1/2568 2569/1/2569 
f 2569/1/2569 2570/1/2570 2567/1/2567 
f 2570/1/2570 2569/1/2569 2571/1/2571 
f 2571/1/2571 2572/1/2572 2570/1/2570 
f 2572/1/2572 2566/1/2566 2573/1/2573 
f 2573/1/2573 2570/1/2570 2572/1/2572 
f 2567/1/2567 2570/1/2570 2573/1/2573 
f 2573/1/2573 2574/1/2574 2567/1/2567 
f 2575/1/2575 2576/1/2576 2577/1/2577 
f 2577/1/2577 2578/1/2578 2575/1/2575 
f 2578/1/2578 2478/1/2478 2564/1/2564 
f 2564/1/2564 2575/1/2575 2578/1/2578 
f 2575/1/2575 2564/1/2564 2566/1/2566 
f 2566/1/2566 2572/1/2572 2575/1/2575 
f 2572/1/2572 2571/1/2571 2576/1/2576 
f 2576/1/2576 2575/1/2575 2572/1/2572 
f 2579/1/2579 2576/1/2576 2571/1/2571 
f 2571/1/2571 2580/1/2580 2579/1/2579 
f 2580/1/2580 37/1/37 124/1/124 
f 124/1/124 2579/1/2579 2580/1/2580 
f 2579/1/2579 124/1/124 123/1/123 
f 123/1/123 2581/1/2581 2579/1/2579 
f 2581/1/2581 2577/1/2577 2576/1/2576 
f 2576/1/2576 2579/1/2579 2581/1/2581 
f 2582/1/2582 2583/1/2583 2574/1/2574 
f 2574/1/2574 2573/1/2573 2582/1/2582 
f 2582/1/2582 2573/1/2573 2566/1/2566 
f 2566/1/2566 2565/1/2565 2582/1/2582 
f 2582/1/2582 2565/1/2565 158/1/158 
f 158/1/158 1777/1/1777 2582/1/2582 
f 2583/1/2583 2582/1/2582 1777/1/1777 
f 1777/1/1777 1780/1/1780 2583/1/2583 
f 2584/1/2584 2585/1/2585 28/1/28 
f 28/1/28 38/1/38 2584/1/2584 
f 38/1/38 37/1/37 2580/1/2580 
f 2580/1/2580 2584/1/2584 38/1/38 
f 2580/1/2580 2571/1/2571 2569/1/2569 
f 2569/1/2569 2584/1/2584 2580/1/2580 
f 2584/1/2584 2569/1/2569 2568/1/2568 
f 2568/1/2568 2585/1/2585 2584/1/2584 
f 2586/1/2586 2587/1/2587 2588/1/2588 
f 2588/1/2588 2589/1/2589 2586/1/2586 
f 2587/1/2587 2586/1/2586 30/1/30 
f 30/1/30 29/1/29 2587/1/2587 
f 29/1/29 28/1/28 2585/1/2585 
f 2585/1/2585 2587/1/2587 29/1/29 
f 2585/1/2585 2568/1/2568 2588/1/2588 
f 2588/1/2588 2587/1/2587 2585/1/2585 
f 2590/1/2590 2591/1/2591 2592/1/2592 
f 2592/1/2592 2593/1/2593 2590/1/2590 
f 2593/1/2593 2594/1/2594 2595/1/2595 
f 2595/1/2595 2590/1/2590 2593/1/2593 
f 2596/1/2596 2597/1/2597 2598/1/2598 
f 2598/1/2598 2599/1/2599 2596/1/2596 
f 2599/1/2599 1772/1/1772 1771/1/1771 
f 1771/1/1771 2596/1/2596 2599/1/2599 
f 2600/1/2600 2596/1/2596 1771/1/1771 
f 1771/1/1771 1770/1/1770 2600/1/2600 
f 2600/1/2600 2601/1/2601 2597/1/2597 
f 2597/1/2597 2596/1/2596 2600/1/2600 
f 2602/1/2602 2603/1/2603 2604/1/2604 
f 2604/1/2604 2605/1/2605 2602/1/2602 
f 2605/1/2605 2598/1/2598 2597/1/2597 
f 2597/1/2597 2602/1/2602 2605/1/2605 
f 2602/1/2602 2597/1/2597 2601/1/2601 
f 2601/1/2601 2606/1/2606 2602/1/2602 
f 2606/1/2606 2607/1/2607 2603/1/2603 
f 2603/1/2603 2602/1/2602 2606/1/2606 
f 2608/1/2608 2603/1/2603 2607/1/2607 
f 2607/1/2607 2609/1/2609 2608/1/2608 
f 2609/1/2609 69/1/69 2560/1/2560 
f 2560/1/2560 2608/1/2608 2609/1/2609 
f 2608/1/2608 2560/1/2560 2562/1/2562 
f 2562/1/2562 2610/1/2610 2608/1/2608 
f 2610/1/2610 2604/1/2604 2603/1/2603 
f 2603/1/2603 2608/1/2608 2610/1/2610 
f 2611/1/2611 2612/1/2612 2607/1/2607 
f 2607/1/2607 2606/1/2606 2611/1/2611 
f 2606/1/2606 2601/1/2601 2613/1/2613 
f 2613/1/2613 2611/1/2611 2606/1/2606 
f 2611/1/2611 2613/1/2613 2614/1/2614 
f 2614/1/2614 2615/1/2615 2611/1/2611 
f 2615/1/2615 2616/1/2616 2612/1/2612 
f 2612/1/2612 2611/1/2611 2615/1/2615 
f 2617/1/2617 2612/1/2612 2616/1/2616 
f 2616/1/2616 2618/1/2618 2617/1/2617 
f 2618/1/2618 64/1/64 63/1/63 
f 63/1/63 2617/1/2617 2618/1/2618 
f 2617/1/2617 63/1/63 69/1/69 
f 69/1/69 2609/1/2609 2617/1/2617 
f 2609/1/2609 2607/1/2607 2612/1/2612 
f 2612/1/2612 2617/1/2617 2609/1/2609 
f 1808/1/1808 177/1/177 176/1/176 
f 176/1/176 2619/1/2619 1808/1/1808 
f 176/1/176 175/1/175 2620/1/2620 
f 2619/1/2619 2620/1/2620 2614/1/2614 
f 2614/1/2614 2621/1/2621 2619/1/2619 
f 2619/1/2619 2621/1/2621 1809/1/1809 
f 1809/1/1809 1808/1/1808 2619/1/2619 
f 2622/1/2622 2615/1/2615 2614/1/2614 
f 2614/1/2614 2620/1/2620 2622/1/2622 
f 2623/1/2623 2622/1/2622 2620/1/2620 
f 2620/1/2620 175/1/175 2623/1/2623 
f 2622/1/2622 2623/1/2623 2624/1/2624 
f 2625/1/2625 2616/1/2616 2615/1/2615 
f 2615/1/2615 2622/1/2622 2625/1/2625 
f 2626/1/2626 2613/1/2613 2601/1/2601 
f 2601/1/2601 2600/1/2600 2626/1/2626 
f 2626/1/2626 2600/1/2600 1770/1/1770 
f 1770/1/1770 1811/1/1811 2626/1/2626 
f 1811/1/1811 1809/1/1809 2621/1/2621 
f 2621/1/2621 2626/1/2626 1811/1/1811 
f 2621/1/2621 2614/1/2614 2613/1/2613 
f 2613/1/2613 2626/1/2626 2621/1/2621 
f 2627/1/2627 2628/1/2628 2496/1/2496 
f 2496/1/2496 2495/1/2495 2627/1/2627 
f 2495/1/2495 1916/1/1916 1915/1/1915 
f 1915/1/1915 2627/1/2627 2495/1/2495 
f 2627/1/2627 1915/1/1915 1077/1/1077 
f 1077/1/1077 2629/1/2629 2627/1/2627 
f 2629/1/2629 2630/1/2630 2628/1/2628 
f 2628/1/2628 2627/1/2627 2629/1/2629 
f 2631/1/2631 2485/1/2485 2484/1/2484 
f 2484/1/2484 2632/1/2632 2631/1/2631 
f 2632/1/2632 2484/1/2484 64/1/64 
f 64/1/64 2618/1/2618 2632/1/2632 
f 2625/1/2625 2632/1/2632 2618/1/2618 
f 2618/1/2618 2616/1/2616 2625/1/2625 
f 2625/1/2625 2624/1/2624 2631/1/2631 
f 2631/1/2631 2632/1/2632 2625/1/2625 
f 2629/1/2629 1077/1/1077 1076/1/1076 
f 1076/1/1076 2633/1/2633 2629/1/2629 
f 2633/1/2633 1076/1/1076 255/1/255 
f 255/1/255 2634/1/2634 2633/1/2633 
f 2633/1/2633 2634/1/2634 2635/1/2635 
f 2635/1/2635 2636/1/2636 2633/1/2633 
f 2636/1/2636 2630/1/2630 2629/1/2629 
f 2629/1/2629 2633/1/2633 2636/1/2636 
f 2637/1/2637 2638/1/2638 2630/1/2630 
f 2630/1/2630 2636/1/2636 2637/1/2637 
f 2636/1/2636 2635/1/2635 2639/1/2639 
f 2639/1/2639 2637/1/2637 2636/1/2636 
f 2637/1/2637 2639/1/2639 2640/1/2640 
f 2640/1/2640 2641/1/2641 2637/1/2637 
f 2641/1/2641 2642/1/2642 2638/1/2638 
f 2638/1/2638 2637/1/2637 2641/1/2641 
f 2643/1/2643 2502/1/2502 2501/1/2501 
f 2501/1/2501 2644/1/2644 2643/1/2643 
f 2501/1/2501 1060/1/1060 1059/1/1059 
f 1059/1/1059 2644/1/2644 2501/1/2501 
f 2644/1/2644 1059/1/1059 1055/1/1055 
f 1055/1/1055 2645/1/2645 2644/1/2644 
f 2643/1/2643 2644/1/2644 2645/1/2645 
f 2645/1/2645 2646/1/2646 2643/1/2643 
f 2647/1/2647 2648/1/2648 223/1/223 
f 223/1/223 1084/1/1084 2647/1/2647 
f 1084/1/1084 1083/1/1083 2649/1/2649 
f 2649/1/2649 2647/1/2647 1084/1/1084 
f 2647/1/2647 2649/1/2649 2642/1/2642 
f 2642/1/2642 2641/1/2641 2647/1/2647 
f 2641/1/2641 2640/1/2640 2648/1/2648 
f 2648/1/2648 2647/1/2647 2641/1/2641 
f 2650/1/2650 2651/1/2651 2646/1/2646 
f 2646/1/2646 2645/1/2645 2650/1/2650 
f 2645/1/2645 1055/1/1055 1054/1/1054 
f 1054/1/1054 2650/1/2650 2645/1/2645 
f 2650/1/2650 1054/1/1054 250/1/250 
f 250/1/250 2652/1/2652 2650/1/2650 
f 2652/1/2652 2653/1/2653 2651/1/2651 
f 2651/1/2651 2650/1/2650 2652/1/2652 
f 2654/1/2654 2655/1/2655 2646/1/2646 
f 2646/1/2646 2651/1/2651 2654/1/2654 
f 2651/1/2651 2653/1/2653 2656/1/2656 
f 2656/1/2656 2654/1/2654 2651/1/2651 
f 2654/1/2654 2656/1/2656 2657/1/2657 
f 2657/1/2657 2658/1/2658 2654/1/2654 
f 2658/1/2658 2659/1/2659 2655/1/2655 
f 2655/1/2655 2654/1/2654 2658/1/2658 
f 2660/1/2660 2661/1/2661 241/1/241 
f 241/1/241 1063/1/1063 2660/1/2660 
f 1063/1/1063 1068/1/1068 2662/1/2662 
f 2662/1/2662 2660/1/2660 1063/1/1063 
f 2660/1/2660 2662/1/2662 2659/1/2659 
f 2659/1/2659 2658/1/2658 2660/1/2660 
f 2658/1/2658 2657/1/2657 2661/1/2661 
f 2661/1/2661 2660/1/2660 2658/1/2658 
f 2663/1/2663 2664/1/2664 2635/1/2635 
f 2635/1/2635 2634/1/2634 2663/1/2663 
f 2634/1/2634 255/1/255 254/1/254 
f 254/1/254 2663/1/2663 2634/1/2634 
f 2663/1/2663 254/1/254 261/1/261 
f 261/1/261 2665/1/2665 2663/1/2663 
f 2664/1/2664 2663/1/2663 2665/1/2665 
f 2665/1/2665 2666/1/2666 2664/1/2664 
f 2639/1/2639 2667/1/2667 2668/1/2668 
f 2668/1/2668 2640/1/2640 2639/1/2639 
f 2664/1/2664 2667/1/2667 2639/1/2639 
f 2639/1/2639 2635/1/2635 2664/1/2664 
f 2664/1/2664 2666/1/2666 2669/1/2669 
f 2669/1/2669 2667/1/2667 2664/1/2664 
f 2667/1/2667 2669/1/2669 2670/1/2670 
f 2670/1/2670 2668/1/2668 2667/1/2667 
f 2668/1/2668 2670/1/2670 2671/1/2671 
f 2671/1/2671 2672/1/2672 2668/1/2668 
f 224/1/224 2672/1/2672 2671/1/2671 
f 2671/1/2671 225/1/225 224/1/224 
f 224/1/224 223/1/223 2648/1/2648 
f 2648/1/2648 2672/1/2672 224/1/224 
f 2672/1/2672 2648/1/2648 2640/1/2640 
f 2640/1/2640 2668/1/2668 2672/1/2672 
f 2652/1/2652 250/1/250 249/1/249 
f 249/1/249 2673/1/2673 2652/1/2652 
f 249/1/249 248/1/248 2674/1/2674 
f 2674/1/2674 2673/1/2673 249/1/249 
f 2673/1/2673 2674/1/2674 2675/1/2675 
f 2675/1/2675 2676/1/2676 2673/1/2673 
f 2676/1/2676 2653/1/2653 2652/1/2652 
f 2652/1/2652 2673/1/2673 2676/1/2676 
f 2677/1/2677 2678/1/2678 2679/1/2679 
f 2679/1/2679 2680/1/2680 2677/1/2677 
f 2680/1/2680 2657/1/2657 2656/1/2656 
f 2656/1/2656 2677/1/2677 2680/1/2680 
f 2677/1/2677 2656/1/2656 2653/1/2653 
f 2653/1/2653 2676/1/2676 2677/1/2677 
f 2676/1/2676 2675/1/2675 2678/1/2678 
f 2678/1/2678 2677/1/2677 2676/1/2676 
f 2681/1/2681 2682/1/2682 1843/1/1843 
f 1843/1/1843 1947/1/1947 2681/1/2681 
f 1947/1/1947 1946/1/1946 2489/1/2489 
f 2489/1/2489 2681/1/2681 1947/1/1947 
f 2681/1/2681 2489/1/2489 2488/1/2488 
f 2488/1/2488 2683/1/2683 2681/1/2681 
f 2683/1/2683 2684/1/2684 2682/1/2682 
f 2682/1/2682 2681/1/2681 2683/1/2683 
f 2685/1/2685 2686/1/2686 243/1/243 
f 243/1/243 242/1/242 2685/1/2685 
f 242/1/242 241/1/241 2661/1/2661 
f 2661/1/2661 2685/1/2685 242/1/242 
f 2685/1/2685 2661/1/2661 2657/1/2657 
f 2657/1/2657 2680/1/2680 2685/1/2685 
f 2680/1/2680 2679/1/2679 2686/1/2686 
f 2686/1/2686 2685/1/2685 2680/1/2680 
f 2687/1/2687 2688/1/2688 1124/1/1124 
f 1124/1/1124 1844/1/1844 2687/1/2687 
f 1844/1/1844 1843/1/1843 2682/1/2682 
f 2682/1/2682 2687/1/2687 1844/1/1844 
f 2687/1/2687 2682/1/2682 2684/1/2684 
f 2684/1/2684 2689/1/2689 2687/1/2687 
f 2689/1/2689 2690/1/2690 2688/1/2688 
f 2691/1/2691 2692/1/2692 2693/1/2693 
f 2693/1/2693 2694/1/2694 2691/1/2691 
f 2694/1/2694 2695/1/2695 2696/1/2696 
f 2696/1/2696 2691/1/2691 2694/1/2694 
f 2691/1/2691 2696/1/2696 2690/1/2690 
f 2689/1/2689 2684/1/2684 2692/1/2692 
f 2692/1/2692 2691/1/2691 2689/1/2689 
f 2697/1/2697 2505/1/2505 198/1/198 
f 198/1/198 197/1/197 2697/1/2697 
f 2697/1/2697 197/1/197 193/1/193 
f 193/1/193 2698/1/2698 2697/1/2697 
f 2697/1/2697 2698/1/2698 2699/1/2699 
f 2699/1/2699 2700/1/2700 2697/1/2697 
f 2700/1/2700 2506/1/2506 2505/1/2505 
f 2505/1/2505 2697/1/2697 2700/1/2700 
f 2694/1/2694 2693/1/2693 2701/1/2701 
f 2701/1/2701 2702/1/2702 2694/1/2694 
f 2701/1/2701 1248/1/1248 1247/1/1247 
f 1247/1/1247 2702/1/2702 2701/1/2701 
f 2702/1/2702 1247/1/1247 1118/1/1118 
f 1118/1/1118 2703/1/2703 2702/1/2702 
f 2702/1/2702 2703/1/2703 2695/1/2695 
f 2704/1/2704 2705/1/2705 2577/1/2577 
f 2577/1/2577 2581/1/2581 2704/1/2704 
f 2706/1/2706 2704/1/2704 2581/1/2581 
f 2581/1/2581 123/1/123 2706/1/2706 
f 2706/1/2706 2707/1/2707 2708/1/2708 
f 2708/1/2708 2704/1/2704 2706/1/2706 
f 2708/1/2708 2709/1/2709 2705/1/2705 
f 2705/1/2705 2704/1/2704 2708/1/2708 
f 2710/1/2710 2711/1/2711 2699/1/2699 
f 2699/1/2699 2698/1/2698 2710/1/2710 
f 2698/1/2698 193/1/193 192/1/192 
f 192/1/192 2710/1/2710 2698/1/2698 
f 2710/1/2710 192/1/192 151/1/151 
f 2486/1/2486 2485/1/2485 2711/1/2711 
f 2711/1/2711 2710/1/2710 2486/1/2486 
f 2712/1/2712 2705/1/2705 2709/1/2709 
f 2709/1/2709 2713/1/2713 2712/1/2712 
f 2713/1/2713 2475/1/2475 2474/1/2474 
f 2712/1/2712 2474/1/2474 2478/1/2478 
f 2478/1/2478 2578/1/2578 2712/1/2712 
f 2578/1/2578 2577/1/2577 2705/1/2705 
f 2705/1/2705 2712/1/2712 2578/1/2578 
f 2714/1/2714 2715/1/2715 115/1/115 
f 115/1/115 120/1/120 2714/1/2714 
f 120/1/120 119/1/119 320/1/320 
f 320/1/320 2714/1/2714 120/1/120 
f 2714/1/2714 320/1/320 319/1/319 
f 319/1/319 2716/1/2716 2714/1/2714 
f 2716/1/2716 2707/1/2707 2715/1/2715 
f 2715/1/2715 2714/1/2714 2716/1/2716 
f 2717/1/2717 2708/1/2708 2707/1/2707 
f 2707/1/2707 2716/1/2716 2717/1/2717 
f 2716/1/2716 319/1/319 2718/1/2718 
f 2718/1/2718 2717/1/2717 2716/1/2716 
f 2718/1/2718 2719/1/2719 2720/1/2720 
f 2720/1/2720 2717/1/2717 2718/1/2718 
f 2717/1/2717 2720/1/2720 2709/1/2709 
f 2709/1/2709 2708/1/2708 2717/1/2717 
f 2721/1/2721 122/1/122 111/1/111 
f 111/1/111 116/1/116 2721/1/2721 
f 116/1/116 115/1/115 2715/1/2715 
f 2715/1/2715 2721/1/2721 116/1/116 
f 2721/1/2721 2715/1/2715 2707/1/2707 
f 2706/1/2706 123/1/123 122/1/122 
f 122/1/122 2721/1/2721 2706/1/2706 
f 2722/1/2722 2723/1/2723 2724/1/2724 
f 2724/1/2724 2725/1/2725 2722/1/2722 
f 2725/1/2725 2670/1/2670 2669/1/2669 
f 2669/1/2669 2722/1/2722 2725/1/2725 
f 2722/1/2722 2669/1/2669 2666/1/2666 
f 2666/1/2666 2726/1/2726 2722/1/2722 
f 2726/1/2726 2727/1/2727 2723/1/2723 
f 2723/1/2723 2722/1/2722 2726/1/2726 
f 2728/1/2728 2720/1/2720 2719/1/2719 
f 2719/1/2719 2729/1/2729 2728/1/2728 
f 2729/1/2729 2481/1/2481 2480/1/2480 
f 2480/1/2480 2728/1/2728 2729/1/2729 
f 2728/1/2728 2480/1/2480 2475/1/2475 
f 2713/1/2713 2709/1/2709 2720/1/2720 
f 2730/1/2730 2731/1/2731 317/1/317 
f 317/1/317 322/1/322 2730/1/2730 
f 322/1/322 225/1/225 2671/1/2671 
f 2671/1/2671 2730/1/2730 322/1/322 
f 2730/1/2730 2671/1/2671 2670/1/2670 
f 2670/1/2670 2725/1/2725 2730/1/2730 
f 2725/1/2725 2724/1/2724 2731/1/2731 
f 2731/1/2731 2730/1/2730 2725/1/2725 
f 2732/1/2732 2733/1/2733 1870/1/1870 
f 1870/1/1870 1872/1/1872 2732/1/2732 
f 1872/1/1872 279/1/279 2482/1/2482 
f 2482/1/2482 2732/1/2732 1872/1/1872 
f 2732/1/2732 2482/1/2482 2481/1/2481 
f 2481/1/2481 2734/1/2734 2732/1/2732 
f 2734/1/2734 2727/1/2727 2733/1/2733 
f 2733/1/2733 2732/1/2732 2734/1/2734 
f 2735/1/2735 2723/1/2723 2727/1/2727 
f 2727/1/2727 2734/1/2734 2735/1/2735 
f 2734/1/2734 2481/1/2481 2729/1/2729 
f 2735/1/2735 2729/1/2729 2719/1/2719 
f 2736/1/2736 2724/1/2724 2723/1/2723 
f 2723/1/2723 2735/1/2735 2736/1/2736 
f 2737/1/2737 2665/1/2665 261/1/261 
f 261/1/261 1866/1/1866 2737/1/2737 
f 1866/1/1866 1870/1/1870 2733/1/2733 
f 2737/1/2737 2733/1/2733 2727/1/2727 
f 2727/1/2727 2726/1/2726 2737/1/2737 
f 2726/1/2726 2666/1/2666 2665/1/2665 
f 2665/1/2665 2737/1/2737 2726/1/2726 
f 2738/1/2738 2718/1/2718 319/1/319 
f 319/1/319 318/1/318 2738/1/2738 
f 318/1/318 317/1/317 2731/1/2731 
f 2731/1/2731 2738/1/2738 318/1/318 
f 2738/1/2738 2731/1/2731 2724/1/2724 
f 2724/1/2724 2736/1/2736 2738/1/2738 
f 2736/1/2736 2719/1/2719 2718/1/2718 
f 2718/1/2718 2738/1/2738 2736/1/2736 
f 2739/1/2739 343/1/343 287/1/287 
f 287/1/287 2504/1/2504 2739/1/2739 
f 2739/1/2739 2504/1/2504 2508/1/2508 
f 2508/1/2508 2740/1/2740 2739/1/2739 
f 2741/1/2741 2739/1/2739 2740/1/2740 
f 2740/1/2740 2742/1/2742 2741/1/2741 
f 2741/1/2741 292/1/292 343/1/343 
f 343/1/343 2739/1/2739 2741/1/2741 
f 2743/1/2743 2675/1/2675 2674/1/2674 
f 2674/1/2674 2744/1/2744 2743/1/2743 
f 2674/1/2674 248/1/248 293/1/293 
f 293/1/293 2744/1/2744 2674/1/2674 
f 2744/1/2744 293/1/293 292/1/292 
f 292/1/292 2741/1/2741 2744/1/2744 
f 2744/1/2744 2741/1/2741 2742/1/2742 
f 2742/1/2742 2743/1/2743 2744/1/2744 
f 2745/1/2745 2746/1/2746 2747/1/2747 
f 2747/1/2747 2748/1/2748 2745/1/2745 
f 2748/1/2748 2749/1/2749 2750/1/2750 
f 2750/1/2750 2745/1/2745 2748/1/2748 
f 2745/1/2745 2750/1/2750 2511/1/2511 
f 2511/1/2511 2751/1/2751 2745/1/2745 
f 2751/1/2751 2752/1/2752 2746/1/2746 
f 2746/1/2746 2745/1/2745 2751/1/2751 
f 2753/1/2753 2754/1/2754 2755/1/2755 
f 2755/1/2755 2756/1/2756 2753/1/2753 
f 2756/1/2756 1336/1/1336 1335/1/1335 
f 2753/1/2753 1335/1/1335 1339/1/1339 
f 1339/1/1339 2757/1/2757 2753/1/2753 
f 2757/1/2757 2747/1/2747 2754/1/2754 
f 2754/1/2754 2753/1/2753 2757/1/2757 
f 2758/1/2758 2759/1/2759 1354/1/1354 
f 1354/1/1354 1353/1/1353 2758/1/2758 
f 1353/1/1353 1352/1/1352 2760/1/2760 
f 2760/1/2760 2758/1/2758 1353/1/1353 
f 2758/1/2758 2760/1/2760 2761/1/2761 
f 2761/1/2761 2762/1/2762 2758/1/2758 
f 2762/1/2762 2752/1/2752 2759/1/2759 
f 2759/1/2759 2758/1/2758 2762/1/2762 
f 2762/1/2762 2761/1/2761 2763/1/2763 
f 2763/1/2763 2764/1/2764 2762/1/2762 
f 2763/1/2763 2755/1/2755 2754/1/2754 
f 2754/1/2754 2764/1/2764 2763/1/2763 
f 2764/1/2764 2754/1/2754 2747/1/2747 
f 2747/1/2747 2746/1/2746 2764/1/2764 
f 2764/1/2764 2746/1/2746 2752/1/2752 
f 2752/1/2752 2762/1/2762 2764/1/2764 
f 2765/1/2765 2510/1/2510 1467/1/1467 
f 1467/1/1467 1466/1/1466 2765/1/2765 
f 1466/1/1466 1354/1/1354 2759/1/2759 
f 2759/1/2759 2765/1/2765 1466/1/1466 
f 2765/1/2765 2759/1/2759 2752/1/2752 
f 2752/1/2752 2751/1/2751 2765/1/2765 
f 2751/1/2751 2511/1/2511 2510/1/2510 
f 2510/1/2510 2765/1/2765 2751/1/2751 
f 2757/1/2757 1339/1/1339 1473/1/1473 
f 1473/1/1473 2766/1/2766 2757/1/2757 
f 1473/1/1473 1472/1/1472 2767/1/2767 
f 2766/1/2766 2767/1/2767 2749/1/2749 
f 2749/1/2749 2748/1/2748 2766/1/2766 
f 2748/1/2748 2747/1/2747 2757/1/2757 
f 2757/1/2757 2766/1/2766 2748/1/2748 
f 2768/1/2768 2769/1/2769 1882/1/1882 
f 2768/1/2768 1890/1/1890 1455/1/1455 
f 1455/1/1455 2770/1/2770 2768/1/2768 
f 2768/1/2768 2770/1/2770 2771/1/2771 
f 2771/1/2771 2772/1/2772 2768/1/2768 
f 2772/1/2772 2773/1/2773 2769/1/2769 
f 2769/1/2769 2768/1/2768 2772/1/2772 
f 2774/1/2774 2532/1/2532 1884/1/1884 
f 1884/1/1884 1883/1/1883 2774/1/2774 
f 1883/1/1883 1882/1/1882 2769/1/2769 
f 2769/1/2769 2774/1/2774 1883/1/1883 
f 2774/1/2774 2769/1/2769 2773/1/2773 
f 2773/1/2773 2775/1/2775 2774/1/2774 
f 2775/1/2775 2533/1/2533 2532/1/2532 
f 2532/1/2532 2774/1/2774 2775/1/2775 
f 2776/1/2776 2777/1/2777 2778/1/2778 
f 2778/1/2778 2779/1/2779 2776/1/2776 
f 2779/1/2779 2780/1/2780 2781/1/2781 
f 2781/1/2781 2776/1/2776 2779/1/2779 
f 2776/1/2776 2781/1/2781 1382/1/1382 
f 1382/1/1382 1381/1/1381 2776/1/2776 
f 1381/1/1381 1147/1/1147 2777/1/2777 
f 2777/1/2777 2776/1/2776 1381/1/1381 
f 2782/1/2782 1146/1/1146 1145/1/1145 
f 1145/1/1145 2783/1/2783 2782/1/2782 
f 2783/1/2783 2784/1/2784 2785/1/2785 
f 2785/1/2785 2782/1/2782 2783/1/2783 
f 2782/1/2782 2785/1/2785 2778/1/2778 
f 2778/1/2778 2777/1/2777 2782/1/2782 
f 2777/1/2777 1147/1/1147 1146/1/1146 
f 1146/1/1146 2782/1/2782 2777/1/2777 
f 2786/1/2786 2787/1/2787 2788/1/2788 
f 2788/1/2788 2789/1/2789 2786/1/2786 
f 2789/1/2789 2539/1/2539 2538/1/2538 
f 2786/1/2786 2538/1/2538 2542/1/2542 
f 2542/1/2542 2790/1/2790 2786/1/2786 
f 2790/1/2790 2791/1/2791 2787/1/2787 
f 2787/1/2787 2786/1/2786 2790/1/2790 
f 2792/1/2792 2793/1/2793 2791/1/2791 
f 2791/1/2791 2794/1/2794 2792/1/2792 
f 2794/1/2794 2795/1/2795 2796/1/2796 
f 2796/1/2796 2792/1/2792 2794/1/2794 
f 2792/1/2792 2796/1/2796 2780/1/2780 
f 2780/1/2780 2779/1/2779 2792/1/2792 
f 2779/1/2779 2778/1/2778 2793/1/2793 
f 2793/1/2793 2792/1/2792 2779/1/2779 
f 2797/1/2797 2785/1/2785 2784/1/2784 
f 2798/1/2798 2788/1/2788 2787/1/2787 
f 2797/1/2797 2787/1/2787 2791/1/2791 
f 2791/1/2791 2793/1/2793 2797/1/2797 
f 2793/1/2793 2778/1/2778 2785/1/2785 
f 2785/1/2785 2797/1/2797 2793/1/2793 
f 2799/1/2799 2800/1/2800 2801/1/2801 
f 2801/1/2801 2802/1/2802 2799/1/2799 
f 2802/1/2802 1068/1/1068 1067/1/1067 
f 1067/1/1067 2799/1/2799 2802/1/2802 
f 2799/1/2799 1067/1/1067 1066/1/1066 
f 1066/1/1066 1825/1/1825 2799/1/2799 
f 1825/1/1825 1704/1/1704 2800/1/2800 
f 2800/1/2800 2799/1/2799 1825/1/1825 
f 2790/1/2790 2542/1/2542 2558/1/2558 
f 2558/1/2558 2803/1/2803 2790/1/2790 
f 2804/1/2804 2803/1/2803 2558/1/2558 
f 2558/1/2558 2555/1/2555 2804/1/2804 
f 2803/1/2803 2804/1/2804 2795/1/2795 
f 2795/1/2795 2794/1/2794 2803/1/2803 
f 2794/1/2794 2791/1/2791 2790/1/2790 
f 2790/1/2790 2803/1/2803 2794/1/2794 
f 2805/1/2805 2806/1/2806 2502/1/2502 
f 2502/1/2502 2643/1/2643 2805/1/2805 
f 2643/1/2643 2646/1/2646 2655/1/2655 
f 2655/1/2655 2805/1/2805 2643/1/2643 
f 2805/1/2805 2655/1/2655 2659/1/2659 
f 2659/1/2659 2807/1/2807 2805/1/2805 
f 2807/1/2807 2808/1/2808 2806/1/2806 
f 2806/1/2806 2805/1/2805 2807/1/2807 
f 2809/1/2809 2800/1/2800 1704/1/1704 
f 1704/1/1704 1703/1/1703 2809/1/2809 
f 1703/1/1703 1131/1/1131 1130/1/1130 
f 1130/1/1130 2809/1/2809 1703/1/1703 
f 2809/1/2809 1130/1/1130 1137/1/1137 
f 2810/1/2810 2801/1/2801 2800/1/2800 
f 2800/1/2800 2809/1/2809 2810/1/2810 
f 2811/1/2811 2812/1/2812 2801/1/2801 
f 2801/1/2801 2810/1/2810 2811/1/2811 
f 2810/1/2810 1137/1/1137 2813/1/2813 
f 2813/1/2813 2811/1/2811 2810/1/2810 
f 2811/1/2811 2813/1/2813 2814/1/2814 
f 2814/1/2814 2815/1/2815 2811/1/2811 
f 2815/1/2815 2808/1/2808 2812/1/2812 
f 2812/1/2812 2811/1/2811 2815/1/2815 
f 2816/1/2816 2812/1/2812 2808/1/2808 
f 2808/1/2808 2807/1/2807 2816/1/2816 
f 2807/1/2807 2659/1/2659 2662/1/2662 
f 2662/1/2662 2816/1/2816 2807/1/2807 
f 2816/1/2816 2662/1/2662 1068/1/1068 
f 1068/1/1068 2802/1/2802 2816/1/2816 
f 2802/1/2802 2801/1/2801 2812/1/2812 
f 2812/1/2812 2816/1/2816 2802/1/2802 
f 2817/1/2817 2818/1/2818 2819/1/2819 
f 2819/1/2819 2820/1/2820 2817/1/2817 
f 2820/1/2820 1083/1/1083 1082/1/1082 
f 1082/1/1082 2817/1/2817 2820/1/2820 
f 2817/1/2817 1082/1/1082 1086/1/1086 
f 1086/1/1086 1096/1/1096 2817/1/2817 
f 1096/1/1096 1095/1/1095 2818/1/2818 
f 2818/1/2818 2817/1/2817 1096/1/1096 
f 2821/1/2821 2822/1/2822 2500/1/2500 
f 2500/1/2500 2499/1/2499 2821/1/2821 
f 2499/1/2499 2502/1/2502 2806/1/2806 
f 2806/1/2806 2821/1/2821 2499/1/2499 
f 2821/1/2821 2806/1/2806 2808/1/2808 
f 2808/1/2808 2815/1/2815 2821/1/2821 
f 2815/1/2815 2814/1/2814 2822/1/2822 
f 2823/1/2823 2824/1/2824 2496/1/2496 
f 2496/1/2496 2628/1/2628 2823/1/2823 
f 2628/1/2628 2630/1/2630 2638/1/2638 
f 2638/1/2638 2823/1/2823 2628/1/2628 
f 2823/1/2823 2638/1/2638 2642/1/2642 
f 2642/1/2642 2825/1/2825 2823/1/2823 
f 2825/1/2825 2826/1/2826 2824/1/2824 
f 2824/1/2824 2823/1/2823 2825/1/2825 
f 2827/1/2827 2818/1/2818 1095/1/1095 
f 1095/1/1095 1252/1/1252 2827/1/2827 
f 1252/1/1252 1251/1/1251 2828/1/2828 
f 2828/1/2828 2827/1/2827 1252/1/1252 
f 2827/1/2827 2828/1/2828 2829/1/2829 
f 2829/1/2829 2830/1/2830 2827/1/2827 
f 2830/1/2830 2819/1/2819 2818/1/2818 
f 2818/1/2818 2827/1/2827 2830/1/2830 
f 2830/1/2830 2829/1/2829 2831/1/2831 
f 2831/1/2831 2832/1/2832 2830/1/2830 
f 2831/1/2831 2833/1/2833 2834/1/2834 
f 2834/1/2834 2832/1/2832 2831/1/2831 
f 2834/1/2834 2826/1/2826 2835/1/2835 
f 2835/1/2835 2832/1/2832 2834/1/2834 
f 2832/1/2832 2835/1/2835 2819/1/2819 
f 2819/1/2819 2830/1/2830 2832/1/2832 
f 2836/1/2836 2835/1/2835 2826/1/2826 
f 2826/1/2826 2825/1/2825 2836/1/2836 
f 2825/1/2825 2642/1/2642 2649/1/2649 
f 2649/1/2649 2836/1/2836 2825/1/2825 
f 2836/1/2836 2649/1/2649 1083/1/1083 
f 1083/1/1083 2820/1/2820 2836/1/2836 
f 2820/1/2820 2819/1/2819 2835/1/2835 
f 2835/1/2835 2836/1/2836 2820/1/2820 
f 2837/1/2837 2838/1/2838 2839/1/2839 
f 2839/1/2839 2840/1/2840 2837/1/2837 
f 2837/1/2837 2840/1/2840 2841/1/2841 
f 2841/1/2841 2842/1/2842 2837/1/2837 
f 2837/1/2837 2842/1/2842 2843/1/2843 
f 2843/1/2843 2844/1/2844 2837/1/2837 
f 2844/1/2844 2845/1/2845 2838/1/2838 
f 2838/1/2838 2837/1/2837 2844/1/2844 
f 2846/1/2846 2834/1/2834 2833/1/2833 
f 2833/1/2833 2847/1/2847 2846/1/2846 
f 2847/1/2847 2492/1/2492 2494/1/2494 
f 2846/1/2846 2494/1/2494 2496/1/2496 
f 2496/1/2496 2824/1/2824 2846/1/2846 
f 2824/1/2824 2826/1/2826 2834/1/2834 
f 2834/1/2834 2846/1/2846 2824/1/2824 
f 2848/1/2848 2849/1/2849 1116/1/1116 
f 1116/1/1116 1343/1/1343 2848/1/2848 
f 2848/1/2848 1343/1/1343 1342/1/1342 
f 1342/1/1342 2850/1/2850 2848/1/2848 
f 2850/1/2850 2841/1/2841 2840/1/2840 
f 2840/1/2840 2848/1/2848 2850/1/2850 
f 2840/1/2840 2839/1/2839 2849/1/2849 
f 2849/1/2849 2848/1/2848 2840/1/2840 
f 2851/1/2851 2852/1/2852 1126/1/1126 
f 1126/1/1126 1125/1/1125 2851/1/2851 
f 1125/1/1125 1124/1/1124 2688/1/2688 
f 2688/1/2688 2851/1/2851 1125/1/1125 
f 2851/1/2851 2688/1/2688 2690/1/2690 
f 2690/1/2690 2853/1/2853 2851/1/2851 
f 2853/1/2853 2845/1/2845 2852/1/2852 
f 2852/1/2852 2851/1/2851 2853/1/2853 
f 2854/1/2854 2838/1/2838 2845/1/2845 
f 2845/1/2845 2853/1/2853 2854/1/2854 
f 2853/1/2853 2690/1/2690 2696/1/2696 
f 2696/1/2696 2854/1/2854 2853/1/2853 
f 2854/1/2854 2696/1/2696 2695/1/2695 
f 2695/1/2695 2855/1/2855 2854/1/2854 
f 2855/1/2855 2839/1/2839 2838/1/2838 
f 2838/1/2838 2854/1/2854 2855/1/2855 
f 2856/1/2856 2852/1/2852 2845/1/2845 
f 2845/1/2845 2844/1/2844 2856/1/2856 
f 2844/1/2844 2843/1/2843 2857/1/2857 
f 2857/1/2857 2856/1/2856 2844/1/2844 
f 2856/1/2856 2857/1/2857 1761/1/1761 
f 1761/1/1761 1760/1/1760 2856/1/2856 
f 1760/1/1760 1126/1/1126 2852/1/2852 
f 2852/1/2852 2856/1/2856 1760/1/1760 
f 2858/1/2858 2859/1/2859 2784/1/2784 
f 2784/1/2784 2783/1/2783 2858/1/2858 
f 2783/1/2783 1145/1/1145 1161/1/1161 
f 1161/1/1161 2858/1/2858 2783/1/2783 
f 2858/1/2858 1161/1/1161 1156/1/1156 
f 1156/1/1156 2860/1/2860 2858/1/2858 
f 2860/1/2860 2861/1/2861 2859/1/2859 
f 2859/1/2859 2858/1/2858 2860/1/2860 
f 2703/1/2703 1118/1/1118 1117/1/1117 
f 1117/1/1117 2862/1/2862 2703/1/2703 
f 1117/1/1117 1116/1/1116 2849/1/2849 
f 2849/1/2849 2862/1/2862 1117/1/1117 
f 2862/1/2862 2849/1/2849 2839/1/2839 
f 2839/1/2839 2855/1/2855 2862/1/2862 
f 2855/1/2855 2695/1/2695 2703/1/2703 
f 2703/1/2703 2862/1/2862 2855/1/2855 
f 2863/1/2863 2813/1/2813 1137/1/1137 
f 1137/1/1137 1136/1/1136 2863/1/2863 
f 1136/1/1136 1135/1/1135 2864/1/2864 
f 2864/1/2864 2863/1/2863 1136/1/1136 
f 2863/1/2863 2864/1/2864 2865/1/2865 
f 2865/1/2865 2866/1/2866 2863/1/2863 
f 2866/1/2866 2814/1/2814 2813/1/2813 
f 2813/1/2813 2863/1/2863 2866/1/2866 
f 2860/1/2860 1156/1/1156 1155/1/1155 
f 1155/1/1155 2867/1/2867 2860/1/2860 
f 2867/1/2867 1155/1/1155 1141/1/1141 
f 1141/1/1141 2497/1/2497 2867/1/2867 
f 2867/1/2867 2497/1/2497 2500/1/2500 
f 2500/1/2500 2868/1/2868 2867/1/2867 
f 2860/1/2860 2867/1/2867 2868/1/2868 
f 2868/1/2868 2861/1/2861 2860/1/2860 
f 2869/1/2869 2870/1/2870 2861/1/2861 
f 2861/1/2861 2868/1/2868 2869/1/2869 
f 2868/1/2868 2500/1/2500 2822/1/2822 
f 2822/1/2822 2869/1/2869 2868/1/2868 
f 2869/1/2869 2822/1/2822 2814/1/2814 
f 2814/1/2814 2866/1/2866 2869/1/2869 
f 2866/1/2866 2865/1/2865 2870/1/2870 
f 2870/1/2870 2869/1/2869 2866/1/2866 
f 2871/1/2871 2872/1/2872 2788/1/2788 
f 2788/1/2788 2798/1/2798 2871/1/2871 
f 2798/1/2798 2784/1/2784 2859/1/2859 
f 2859/1/2859 2871/1/2871 2798/1/2798 
f 2871/1/2871 2859/1/2859 2861/1/2861 
f 2861/1/2861 2870/1/2870 2871/1/2871 
f 2871/1/2871 2870/1/2870 2865/1/2865 
f 2873/1/2873 1269/1/1269 1245/1/1245 
f 1244/1/1244 1248/1/1248 2874/1/2874 
f 2874/1/2874 2873/1/2873 1244/1/1244 
f 2874/1/2874 2875/1/2875 2876/1/2876 
f 2876/1/2876 2873/1/2873 2874/1/2874 
f 2876/1/2876 1270/1/1270 1269/1/1269 
f 2872/1/2872 2865/1/2865 2864/1/2864 
f 2864/1/2864 2877/1/2877 2872/1/2872 
f 2877/1/2877 2864/1/2864 1135/1/1135 
f 1135/1/1135 2544/1/2544 2877/1/2877 
f 2877/1/2877 2544/1/2544 2539/1/2539 
f 2789/1/2789 2788/1/2788 2872/1/2872 
f 2872/1/2872 2877/1/2877 2789/1/2789 
f 2878/1/2878 2692/1/2692 2684/1/2684 
f 2684/1/2684 2683/1/2683 2878/1/2878 
f 2683/1/2683 2488/1/2488 2879/1/2879 
f 2879/1/2879 2878/1/2878 2683/1/2683 
f 2878/1/2878 2879/1/2879 2880/1/2880 
f 2880/1/2880 2881/1/2881 2878/1/2878 
f 2881/1/2881 2693/1/2693 2692/1/2692 
f 2692/1/2692 2878/1/2878 2881/1/2881 
f 2882/1/2882 2876/1/2876 2875/1/2875 
f 2875/1/2875 2883/1/2883 2882/1/2882 
f 2883/1/2883 2829/1/2829 2828/1/2828 
f 2882/1/2882 2828/1/2828 1251/1/1251 
f 1283/1/1283 1270/1/1270 2876/1/2876 
f 2876/1/2876 2882/1/2882 1283/1/1283 
f 2884/1/2884 2885/1/2885 2880/1/2880 
f 2880/1/2880 2886/1/2886 2884/1/2884 
f 2886/1/2886 2833/1/2833 2831/1/2831 
f 2831/1/2831 2884/1/2884 2886/1/2886 
f 2884/1/2884 2831/1/2831 2829/1/2829 
f 2883/1/2883 2875/1/2875 2885/1/2885 
f 2885/1/2885 2884/1/2884 2883/1/2883 
f 2887/1/2887 2885/1/2885 2875/1/2875 
f 2875/1/2875 2874/1/2874 2887/1/2887 
f 2874/1/2874 1248/1/1248 2701/1/2701 
f 2701/1/2701 2887/1/2887 2874/1/2874 
f 2887/1/2887 2701/1/2701 2693/1/2693 
f 2693/1/2693 2881/1/2881 2887/1/2887 
f 2881/1/2881 2880/1/2880 2885/1/2885 
f 2885/1/2885 2887/1/2887 2881/1/2881 
f 2763/1/2763 2888/1/2888 2889/1/2889 
f 2889/1/2889 2755/1/2755 2763/1/2763 
f 2888/1/2888 2763/1/2763 2761/1/2761 
f 2761/1/2761 2890/1/2890 2888/1/2888 
f 2888/1/2888 2890/1/2890 2891/1/2891 
f 2891/1/2891 2892/1/2892 2888/1/2888 
f 2892/1/2892 2893/1/2893 2889/1/2889 
f 2889/1/2889 2888/1/2888 2892/1/2892 
f 2894/1/2894 2879/1/2879 2488/1/2488 
f 2488/1/2488 2487/1/2487 2894/1/2894 
f 2487/1/2487 2492/1/2492 2847/1/2847 
f 2847/1/2847 2894/1/2894 2487/1/2487 
f 2894/1/2894 2847/1/2847 2833/1/2833 
f 2833/1/2833 2886/1/2886 2894/1/2894 
f 2886/1/2886 2880/1/2880 2879/1/2879 
f 2879/1/2879 2894/1/2894 2886/1/2886 
f 2895/1/2895 1347/1/1347 1349/1/1349 
f 1349/1/1349 2896/1/2896 2895/1/2895 
f 2756/1/2756 2896/1/2896 1349/1/1349 
f 1349/1/1349 1336/1/1336 2756/1/2756 
f 2756/1/2756 2755/1/2755 2889/1/2889 
f 2889/1/2889 2896/1/2896 2756/1/2756 
f 2896/1/2896 2889/1/2889 2893/1/2893 
f 2893/1/2893 2895/1/2895 2896/1/2896 
f 1766/1/1766 2897/1/2897 2898/1/2898 
f 2898/1/2898 1364/1/1364 1766/1/1766 
f 1766/1/1766 1761/1/1761 2857/1/2857 
f 2857/1/2857 2897/1/2897 1766/1/1766 
f 2897/1/2897 2857/1/2857 2843/1/2843 
f 2843/1/2843 2899/1/2899 2897/1/2897 
f 2897/1/2897 2899/1/2899 2891/1/2891 
f 2891/1/2891 2898/1/2898 2897/1/2897 
f 2900/1/2900 2899/1/2899 2843/1/2843 
f 2843/1/2843 2842/1/2842 2900/1/2900 
f 2842/1/2842 2841/1/2841 2901/1/2901 
f 2901/1/2901 2900/1/2900 2842/1/2842 
f 2900/1/2900 2901/1/2901 2893/1/2893 
f 2893/1/2893 2892/1/2892 2900/1/2900 
f 2892/1/2892 2891/1/2891 2899/1/2899 
f 2899/1/2899 2900/1/2900 2892/1/2892 
f 2890/1/2890 2761/1/2761 2760/1/2760 
f 2760/1/2760 2902/1/2902 2890/1/2890 
f 2760/1/2760 1352/1/1352 1360/1/1360 
f 1360/1/1360 2902/1/2902 2760/1/2760 
f 2902/1/2902 1360/1/1360 1364/1/1364 
f 1364/1/1364 2898/1/2898 2902/1/2902 
f 2898/1/2898 2891/1/2891 2890/1/2890 
f 2890/1/2890 2902/1/2902 2898/1/2898 
f 2903/1/2903 2904/1/2904 2905/1/2905 
f 2905/1/2905 2906/1/2906 2903/1/2903 
f 2906/1/2906 1368/1/1368 1367/1/1367 
f 1367/1/1367 2903/1/2903 2906/1/2906 
f 2903/1/2903 1367/1/1367 1373/1/1373 
f 1373/1/1373 1389/1/1389 2903/1/2903 
f 1389/1/1389 1388/1/1388 2904/1/2904 
f 2904/1/2904 2903/1/2903 1389/1/1389 
f 2907/1/2907 2904/1/2904 1388/1/1388 
f 1388/1/1388 1394/1/1394 2907/1/2907 
f 1394/1/1394 1382/1/1382 2781/1/2781 
f 2781/1/2781 2907/1/2907 1394/1/1394 
f 2907/1/2907 2781/1/2781 2780/1/2780 
f 2780/1/2780 2908/1/2908 2907/1/2907 
f 2908/1/2908 2905/1/2905 2904/1/2904 
f 2904/1/2904 2907/1/2907 2908/1/2908 
f 2909/1/2909 2901/1/2901 2841/1/2841 
f 2841/1/2841 2850/1/2850 2909/1/2909 
f 2850/1/2850 1342/1/1342 1345/1/1345 
f 1345/1/1345 2909/1/2909 2850/1/2850 
f 2909/1/2909 1345/1/1345 1347/1/1347 
f 1347/1/1347 2895/1/2895 2909/1/2909 
f 2895/1/2895 2893/1/2893 2901/1/2901 
f 2901/1/2901 2909/1/2909 2895/1/2895 
f 2910/1/2910 2804/1/2804 2555/1/2555 
f 2555/1/2555 2554/1/2554 2910/1/2910 
f 2554/1/2554 2535/1/2535 2911/1/2911 
f 2911/1/2911 2910/1/2910 2554/1/2554 
f 2910/1/2910 2911/1/2911 2912/1/2912 
f 2912/1/2912 2913/1/2913 2910/1/2910 
f 2913/1/2913 2795/1/2795 2804/1/2804 
f 2804/1/2804 2910/1/2910 2913/1/2913 
f 2914/1/2914 2915/1/2915 2912/1/2912 
f 2912/1/2912 2916/1/2916 2914/1/2914 
f 2916/1/2916 2917/1/2917 2918/1/2918 
f 2918/1/2918 2914/1/2914 2916/1/2916 
f 2914/1/2914 2918/1/2918 1368/1/1368 
f 1368/1/1368 2906/1/2906 2914/1/2914 
f 2906/1/2906 2905/1/2905 2915/1/2915 
f 2915/1/2915 2914/1/2914 2906/1/2906 
f 2919/1/2919 2915/1/2915 2905/1/2905 
f 2905/1/2905 2908/1/2908 2919/1/2919 
f 2908/1/2908 2780/1/2780 2796/1/2796 
f 2796/1/2796 2919/1/2919 2908/1/2908 
f 2919/1/2919 2796/1/2796 2795/1/2795 
f 2795/1/2795 2913/1/2913 2919/1/2919 
f 2913/1/2913 2912/1/2912 2915/1/2915 
f 2915/1/2915 2919/1/2919 2913/1/2913 
f 2920/1/2920 2921/1/2921 2922/1/2922 
f 2922/1/2922 2923/1/2923 2920/1/2920 
f 2923/1/2923 2924/1/2924 2925/1/2925 
f 2925/1/2925 2920/1/2920 2923/1/2923 
f 2920/1/2920 2925/1/2925 2926/1/2926 
f 2926/1/2926 2927/1/2927 2920/1/2920 
f 2927/1/2927 2928/1/2928 2921/1/2921 
f 2921/1/2921 2920/1/2920 2927/1/2927 
f 2929/1/2929 2911/1/2911 2535/1/2535 
f 2535/1/2535 2534/1/2534 2929/1/2929 
f 2534/1/2534 2533/1/2533 2930/1/2930 
f 2930/1/2930 2929/1/2929 2534/1/2534 
f 2929/1/2929 2930/1/2930 2917/1/2917 
f 2917/1/2917 2916/1/2916 2929/1/2929 
f 2916/1/2916 2912/1/2912 2911/1/2911 
f 2911/1/2911 2929/1/2929 2916/1/2916 
f 2931/1/2931 2925/1/2925 2924/1/2924 
f 2924/1/2924 2932/1/2932 2931/1/2931 
f 2932/1/2932 2550/1/2550 2552/1/2552 
f 2552/1/2552 2931/1/2931 2932/1/2932 
f 2931/1/2931 2552/1/2552 1451/1/1451 
f 1451/1/1451 2933/1/2933 2931/1/2931 
f 2933/1/2933 2926/1/2926 2925/1/2925 
f 2925/1/2925 2931/1/2931 2933/1/2933 
f 2934/1/2934 2935/1/2935 2771/1/2771 
f 2771/1/2771 2770/1/2770 2934/1/2934 
f 2770/1/2770 1455/1/1455 1454/1/1454 
f 1454/1/1454 2934/1/2934 2770/1/2770 
f 2934/1/2934 1454/1/1454 1461/1/1461 
f 1461/1/1461 2936/1/2936 2934/1/2934 
f 2936/1/2936 2928/1/2928 2935/1/2935 
f 2935/1/2935 2934/1/2934 2936/1/2936 
f 2937/1/2937 2329/1/2329 2328/1/2328 
f 2328/1/2328 2938/1/2938 2937/1/2937 
f 2938/1/2938 2922/1/2922 2921/1/2921 
f 2921/1/2921 2937/1/2937 2938/1/2938 
f 2937/1/2937 2921/1/2921 2928/1/2928 
f 2928/1/2928 2936/1/2936 2937/1/2937 
f 2936/1/2936 1461/1/1461 2329/1/2329 
f 2329/1/2329 2937/1/2937 2936/1/2936 
f 2939/1/2939 2940/1/2940 1472/1/1472 
f 1472/1/1472 1471/1/1471 2939/1/2939 
f 1471/1/1471 1470/1/1470 1491/1/1491 
f 2939/1/2939 1491/1/1491 1490/1/1490 
f 1490/1/1490 2941/1/2941 2939/1/2939 
f 2941/1/2941 2942/1/2942 2940/1/2940 
f 2940/1/2940 2939/1/2939 2941/1/2941 
f 2943/1/2943 2944/1/2944 2945/1/2945 
f 2945/1/2945 2946/1/2946 2943/1/2943 
f 2946/1/2946 2416/1/2416 2415/1/2415 
f 2415/1/2415 2943/1/2943 2946/1/2946 
f 2943/1/2943 2415/1/2415 2419/1/2419 
f 2419/1/2419 2947/1/2947 2943/1/2943 
f 2947/1/2947 2948/1/2948 2944/1/2944 
f 2944/1/2944 2943/1/2943 2947/1/2947 
f 2767/1/2767 2949/1/2949 2950/1/2950 
f 2950/1/2950 2749/1/2749 2767/1/2767 
f 2767/1/2767 1472/1/1472 2940/1/2940 
f 2949/1/2949 2940/1/2940 2942/1/2942 
f 2942/1/2942 2951/1/2951 2949/1/2949 
f 2951/1/2951 2948/1/2948 2950/1/2950 
f 2950/1/2950 2949/1/2949 2951/1/2951 
f 2952/1/2952 2438/1/2438 2435/1/2435 
f 2435/1/2435 2953/1/2953 2952/1/2952 
f 2953/1/2953 2954/1/2954 2955/1/2955 
f 2955/1/2955 2952/1/2952 2953/1/2953 
f 2952/1/2952 2955/1/2955 2942/1/2942 
f 2942/1/2942 2941/1/2941 2952/1/2952 
f 2941/1/2941 1490/1/1490 2438/1/2438 
f 2438/1/2438 2952/1/2952 2941/1/2941 
f 2956/1/2956 2955/1/2955 2954/1/2954 
f 2954/1/2954 2957/1/2957 2956/1/2956 
f 2957/1/2957 2945/1/2945 2944/1/2944 
f 2944/1/2944 2956/1/2956 2957/1/2957 
f 2956/1/2956 2944/1/2944 2948/1/2948 
f 2948/1/2948 2951/1/2951 2956/1/2956 
f 2951/1/2951 2942/1/2942 2955/1/2955 
f 2955/1/2955 2956/1/2956 2951/1/2951 
f 2958/1/2958 2947/1/2947 2419/1/2419 
f 2419/1/2419 2512/1/2512 2958/1/2958 
f 2512/1/2512 2511/1/2511 2750/1/2750 
f 2958/1/2958 2750/1/2750 2749/1/2749 
f 2958/1/2958 2950/1/2950 2948/1/2948 
f 2948/1/2948 2947/1/2947 2958/1/2958 
f 2959/1/2959 2960/1/2960 2961/1/2961 
f 2961/1/2961 2962/1/2962 2959/1/2959 
f 2962/1/2962 1683/1/1683 2401/1/2401 
f 2401/1/2401 2959/1/2959 2962/1/2962 
f 2959/1/2959 2401/1/2401 2403/1/2403 
f 2403/1/2403 2963/1/2963 2959/1/2959 
f 2963/1/2963 2964/1/2964 2960/1/2960 
f 2960/1/2960 2959/1/2959 2963/1/2963 
f 2965/1/2965 2966/1/2966 2967/1/2967 
f 2967/1/2967 2968/1/2968 2965/1/2965 
f 2968/1/2968 2961/1/2961 2960/1/2960 
f 2960/1/2960 2965/1/2965 2968/1/2968 
f 2965/1/2965 2960/1/2960 2964/1/2964 
f 2969/1/2969 2970/1/2970 2966/1/2966 
f 2966/1/2966 2965/1/2965 2969/1/2969 
f 2971/1/2971 2972/1/2972 2964/1/2964 
f 2964/1/2964 2963/1/2963 2971/1/2971 
f 2963/1/2963 2403/1/2403 2413/1/2413 
f 2413/1/2413 2971/1/2971 2963/1/2963 
f 2971/1/2971 2413/1/2413 2410/1/2410 
f 2410/1/2410 2423/1/2423 2971/1/2971 
f 2423/1/2423 2422/1/2422 2972/1/2972 
f 2972/1/2972 2971/1/2971 2423/1/2423 
f 2973/1/2973 2974/1/2974 2975/1/2975 
f 2975/1/2975 2976/1/2976 2973/1/2973 
f 2976/1/2976 2977/1/2977 2978/1/2978 
f 2978/1/2978 2973/1/2973 2976/1/2976 
f 2973/1/2973 2978/1/2978 1555/1/1555 
f 2973/1/2973 2310/1/2310 2313/1/2313 
f 2313/1/2313 2974/1/2974 2973/1/2973 
f 2979/1/2979 2966/1/2966 2970/1/2970 
f 2970/1/2970 2980/1/2980 2979/1/2979 
f 2980/1/2980 2427/1/2427 2426/1/2426 
f 2979/1/2979 2426/1/2426 1658/1/1658 
f 1658/1/1658 2981/1/2981 2979/1/2979 
f 2981/1/2981 2967/1/2967 2966/1/2966 
f 2966/1/2966 2979/1/2979 2981/1/2981 
f 2982/1/2982 2983/1/2983 2984/1/2984 
f 2984/1/2984 2985/1/2985 2982/1/2982 
f 2985/1/2985 2986/1/2986 2987/1/2987 
f 2987/1/2987 2982/1/2982 2985/1/2985 
f 2982/1/2982 2987/1/2987 2977/1/2977 
f 2977/1/2977 2976/1/2976 2982/1/2982 
f 2976/1/2976 2975/1/2975 2983/1/2983 
f 2983/1/2983 2982/1/2982 2976/1/2976 
f 2988/1/2988 2975/1/2975 2974/1/2974 
f 2974/1/2974 2989/1/2989 2988/1/2988 
f 2974/1/2974 2313/1/2313 2323/1/2323 
f 2323/1/2323 2989/1/2989 2974/1/2974 
f 2323/1/2323 2320/1/2320 2548/1/2548 
f 2548/1/2548 2989/1/2989 2323/1/2323 
f 2548/1/2548 2547/1/2547 2988/1/2988 
f 2988/1/2988 2989/1/2989 2548/1/2548 
f 2990/1/2990 2991/1/2991 2992/1/2992 
f 2992/1/2992 2993/1/2993 2990/1/2990 
f 2993/1/2993 1653/1/1653 1652/1/1652 
f 1652/1/1652 2990/1/2990 2993/1/2993 
f 1652/1/1652 1561/1/1561 1560/1/1560 
f 1560/1/1560 2990/1/2990 1652/1/1652 
f 1560/1/1560 1557/1/1557 2991/1/2991 
f 2991/1/2991 2990/1/2990 1560/1/1560 
f 2994/1/2994 2991/1/2991 1557/1/1557 
f 1557/1/1557 1556/1/1556 2994/1/2994 
f 1556/1/1556 1555/1/1555 2978/1/2978 
f 2994/1/2994 2978/1/2978 2977/1/2977 
f 2995/1/2995 2992/1/2992 2991/1/2991 
f 2985/1/2985 2984/1/2984 2996/1/2996 
f 2996/1/2996 2997/1/2997 2985/1/2985 
f 2997/1/2997 2996/1/2996 2529/1/2529 
f 2529/1/2529 2528/1/2528 2997/1/2997 
f 2528/1/2528 2526/1/2526 2998/1/2998 
f 2997/1/2997 2998/1/2998 2986/1/2986 
f 2986/1/2986 2985/1/2985 2997/1/2997 
f 2999/1/2999 3000/1/3000 3001/1/3001 
f 3001/1/3001 3002/1/3002 2999/1/2999 
f 3002/1/3002 2515/1/2515 3003/1/3003 
f 3003/1/3003 2999/1/2999 3002/1/3002 
f 2999/1/2999 3003/1/3003 3004/1/3004 
f 3004/1/3004 3005/1/3005 2999/1/2999 
f 3005/1/3005 3006/1/3006 3000/1/3000 
f 3000/1/3000 2999/1/2999 3005/1/3005 
f 3007/1/3007 3000/1/3000 3006/1/3006 
f 3006/1/3006 3008/1/3008 3007/1/3007 
f 3008/1/3008 1661/1/1661 1663/1/1663 
f 1663/1/1663 3007/1/3007 3008/1/3008 
f 3007/1/3007 1663/1/1663 1655/1/1655 
f 1655/1/1655 3009/1/3009 3007/1/3007 
f 3009/1/3009 3001/1/3001 3000/1/3000 
f 3000/1/3000 3007/1/3007 3009/1/3009 
f 3010/1/3010 1684/1/1684 1683/1/1683 
f 1683/1/1683 2962/1/2962 3010/1/3010 
f 2962/1/2962 2961/1/2961 3011/1/3011 
f 3010/1/3010 3011/1/3011 3004/1/3004 
f 3004/1/3004 3012/1/3012 3010/1/3010 
f 3012/1/3012 1674/1/1674 1684/1/1684 
f 1684/1/1684 3010/1/3010 3012/1/3012 
f 3013/1/3013 3011/1/3011 2961/1/2961 
f 2961/1/2961 2968/1/2968 3013/1/3013 
f 2968/1/2968 2967/1/2967 3014/1/3014 
f 3014/1/3014 3013/1/3013 2968/1/2968 
f 3013/1/3013 3014/1/3014 3006/1/3006 
f 3006/1/3006 3005/1/3005 3013/1/3013 
f 3005/1/3005 3004/1/3004 3011/1/3011 
f 3011/1/3011 3013/1/3013 3005/1/3005 
f 3003/1/3003 3015/1/3015 3012/1/3012 
f 3012/1/3012 3004/1/3004 3003/1/3003 
f 3015/1/3015 3003/1/3003 2515/1/2515 
f 2515/1/2515 2514/1/2514 3015/1/3015 
f 3015/1/3015 2514/1/2514 1668/1/1668 
f 1668/1/1668 1675/1/1675 3015/1/3015 
f 1675/1/1675 1674/1/1674 3012/1/3012 
f 3012/1/3012 3015/1/3015 1675/1/1675 
f 3016/1/3016 3017/1/3017 3018/1/3018 
f 3018/1/3018 3019/1/3019 3016/1/3016 
f 3018/1/3018 2529/1/2529 2996/1/2996 
f 2996/1/2996 3019/1/3019 3018/1/3018 
f 3019/1/3019 2996/1/2996 2984/1/2984 
f 2984/1/2984 3020/1/3020 3019/1/3019 
f 3019/1/3019 3020/1/3020 3021/1/3021 
f 3021/1/3021 3016/1/3016 3019/1/3019 
f 3022/1/3022 3014/1/3014 2967/1/2967 
f 2967/1/2967 2981/1/2981 3022/1/3022 
f 2981/1/2981 1658/1/1658 1657/1/1657 
f 1657/1/1657 3022/1/3022 2981/1/2981 
f 3022/1/3022 1657/1/1657 1661/1/1661 
f 1661/1/1661 3008/1/3008 3022/1/3022 
f 3008/1/3008 3006/1/3006 3014/1/3014 
f 3014/1/3014 3022/1/3022 3008/1/3008 
f 3020/1/3020 2984/1/2984 2983/1/2983 
f 2983/1/2983 3023/1/3023 3020/1/3020 
f 3023/1/3023 2983/1/2983 2975/1/2975 
f 2975/1/2975 2988/1/2988 3023/1/3023 
f 3023/1/3023 2988/1/2988 2547/1/2547 
f 2547/1/2547 3024/1/3024 3023/1/3023 
f 3024/1/3024 3021/1/3021 3020/1/3020 
f 3020/1/3020 3023/1/3023 3024/1/3024 
f 3025/1/3025 3026/1/3026 2922/1/2922 
f 2922/1/2922 2938/1/2938 3025/1/3025 
f 2938/1/2938 2328/1/2328 2337/1/2337 
f 2337/1/2337 3025/1/3025 2938/1/2938 
f 3025/1/3025 2337/1/2337 2341/1/2341 
f 2341/1/2341 3027/1/3027 3025/1/3025 
f 3027/1/3027 3017/1/3017 3026/1/3026 
f 3026/1/3026 3025/1/3025 3027/1/3027 
f 3028/1/3028 3029/1/3029 2924/1/2924 
f 2924/1/2924 2923/1/2923 3028/1/3028 
f 2923/1/2923 2922/1/2922 3026/1/3026 
f 3026/1/3026 3028/1/3028 2923/1/2923 
f 3028/1/3028 3026/1/3026 3017/1/3017 
f 3017/1/3017 3016/1/3016 3028/1/3028 
f 3016/1/3016 3021/1/3021 3029/1/3029 
f 3029/1/3029 3028/1/3028 3016/1/3016 
f 3030/1/3030 2344/1/2344 2335/1/2335 
f 2335/1/2335 2530/1/2530 3030/1/3030 
f 3018/1/3018 3030/1/3030 2530/1/2530 
f 2530/1/2530 2529/1/2529 3018/1/3018 
f 3030/1/3030 3018/1/3018 3017/1/3017 
f 3017/1/3017 3027/1/3027 3030/1/3030 
f 3027/1/3027 2341/1/2341 2344/1/2344 
f 2344/1/2344 3030/1/3030 3027/1/3027 
f 3031/1/3031 3032/1/3032 2427/1/2427 
f 2427/1/2427 2980/1/2980 3031/1/3031 
f 2980/1/2980 2970/1/2970 3033/1/3033 
f 3033/1/3033 3031/1/3031 2980/1/2980 
f 3031/1/3031 3033/1/3033 3034/1/3034 
f 3034/1/3034 3035/1/3035 3031/1/3031 
f 3035/1/3035 3036/1/3036 3032/1/3032 
f 3032/1/3032 3031/1/3031 3035/1/3035 
f 3037/1/3037 3029/1/3029 3021/1/3021 
f 3021/1/3021 3024/1/3024 3037/1/3037 
f 3024/1/3024 2547/1/2547 2546/1/2546 
f 2546/1/2546 3037/1/3037 3024/1/3024 
f 3037/1/3037 2546/1/2546 2550/1/2550 
f 2550/1/2550 2932/1/2932 3037/1/3037 
f 2932/1/2932 2924/1/2924 3029/1/3029 
f 3029/1/3029 3037/1/3037 2932/1/2932 
f 3038/1/3038 3033/1/3033 2970/1/2970 
f 2970/1/2970 2969/1/2969 3038/1/3038 
f 2969/1/2969 2964/1/2964 2972/1/2972 
f 2972/1/2972 3038/1/3038 2969/1/2969 
f 3038/1/3038 2972/1/2972 2422/1/2422 
f 2422/1/2422 3039/1/3039 3038/1/3038 
f 3039/1/3039 3034/1/3034 3033/1/3033 
f 3033/1/3033 3038/1/3038 3039/1/3039 
f 3040/1/3040 3041/1/3041 2954/1/2954 
f 2954/1/2954 2953/1/2953 3040/1/3040 
f 2953/1/2953 2435/1/2435 2434/1/2434 
f 2434/1/2434 3040/1/3040 2953/1/2953 
f 3040/1/3040 2434/1/2434 2433/1/2433 
f 2433/1/2433 3042/1/3042 3040/1/3040 
f 3042/1/3042 3036/1/3036 3041/1/3041 
f 3041/1/3041 3040/1/3040 3042/1/3042 
f 3043/1/3043 3044/1/3044 2945/1/2945 
f 2945/1/2945 2957/1/2957 3043/1/3043 
f 2957/1/2957 2954/1/2954 3041/1/3041 
f 3041/1/3041 3043/1/3043 2957/1/2957 
f 3043/1/3043 3041/1/3041 3036/1/3036 
f 3036/1/3036 3035/1/3035 3043/1/3043 
f 3035/1/3035 3034/1/3034 3044/1/3044 
f 3044/1/3044 3043/1/3043 3035/1/3035 
f 3045/1/3045 3042/1/3042 2433/1/2433 
f 2433/1/2433 2432/1/2432 3045/1/3045 
f 2432/1/2432 2429/1/2429 2428/1/2428 
f 2428/1/2428 3045/1/3045 2432/1/2432 
f 2428/1/2428 2427/1/2427 3032/1/3032 
f 3032/1/3032 3045/1/3045 2428/1/2428 
f 3045/1/3045 3032/1/3032 3036/1/3036 
f 3036/1/3036 3042/1/3042 3045/1/3045 
f 3046/1/3046 3044/1/3044 3034/1/3034 
f 3034/1/3034 3039/1/3039 3046/1/3046 
f 3039/1/3039 2422/1/2422 2421/1/2421 
f 2421/1/2421 3046/1/3046 3039/1/3039 
f 3046/1/3046 2421/1/2421 2416/1/2416 
f 2416/1/2416 2946/1/2946 3046/1/3046 
f 2946/1/2946 2945/1/2945 3044/1/3044 
f 3044/1/3044 3046/1/3046 2946/1/2946 
f 3047/1/3047 2442/1/2442 2441/1/2441 
f 3048/1/3048 3049/1/3049 3050/1/3050 
f 3050/1/3050 3051/1/3051 3048/1/3048 
f 3051/1/3051 173/1/173 183/1/183 
f 183/1/183 3048/1/3048 3051/1/3051 
f 3048/1/3048 183/1/183 182/1/182 
f 182/1/182 3052/1/3052 3048/1/3048 
f 3052/1/3052 3053/1/3053 3049/1/3049 
f 3049/1/3049 3048/1/3048 3052/1/3052 
f 3054/1/3054 3049/1/3049 3053/1/3053 
f 3053/1/3053 3055/1/3055 3054/1/3054 
f 2700/1/2700 3054/1/3054 3055/1/3055 
f 3055/1/3055 2506/1/2506 2700/1/2700 
f 2700/1/2700 2699/1/2699 3056/1/3056 
f 3056/1/3056 3054/1/3054 2700/1/2700 
f 3056/1/3056 3050/1/3050 3049/1/3049 
f 3049/1/3049 3054/1/3054 3056/1/3056 
f 3057/1/3057 3058/1/3058 2624/1/2624 
f 2624/1/2624 2623/1/2623 3057/1/3057 
f 2623/1/2623 175/1/175 174/1/174 
f 174/1/174 3057/1/3057 2623/1/2623 
f 3057/1/3057 174/1/174 173/1/173 
f 173/1/173 3051/1/3051 3057/1/3057 
f 3051/1/3051 3050/1/3050 3058/1/3058 
f 3058/1/3058 3057/1/3057 3051/1/3051 
f 2711/1/2711 3059/1/3059 3056/1/3056 
f 3056/1/3056 2699/1/2699 2711/1/2711 
f 3059/1/3059 2711/1/2711 2485/1/2485 
f 2485/1/2485 2631/1/2631 3059/1/3059 
f 2631/1/2631 2624/1/2624 3058/1/3058 
f 3059/1/3059 3058/1/3058 3050/1/3050 
f 3050/1/3050 3056/1/3056 3059/1/3059 
f 3060/1/3060 2507/1/2507 2506/1/2506 
f 2506/1/2506 3055/1/3055 3060/1/3060 
f 3055/1/3055 3053/1/3053 3061/1/3061 
f 3061/1/3061 3060/1/3060 3055/1/3055 
f 3060/1/3060 3061/1/3061 3062/1/3062 
f 3062/1/3062 3063/1/3063 3060/1/3060 
f 3063/1/3063 2508/1/2508 2507/1/2507 
f 3064/1/3064 3065/1/3065 3066/1/3066 
f 3066/1/3066 3067/1/3067 3064/1/3064 
f 3067/1/3067 2679/1/2679 2678/1/2678 
f 2678/1/2678 3064/1/3064 3067/1/3067 
f 3064/1/3064 2678/1/2678 2675/1/2675 
f 2675/1/2675 2743/1/2743 3064/1/3064 
f 2743/1/2743 2742/1/2742 3065/1/3065 
f 3065/1/3065 3064/1/3064 2743/1/2743 
f 3068/1/3068 187/1/187 333/1/333 
f 333/1/333 3069/1/3069 3068/1/3068 
f 3069/1/3069 333/1/333 337/1/337 
f 337/1/337 3070/1/3070 3069/1/3069 
f 3069/1/3069 3070/1/3070 3066/1/3066 
f 3066/1/3066 3071/1/3071 3069/1/3069 
f 3071/1/3071 3062/1/3062 3068/1/3068 
f 3068/1/3068 3069/1/3069 3071/1/3071 
f 3072/1/3072 3061/1/3061 3053/1/3053 
f 3053/1/3053 3052/1/3052 3072/1/3072 
f 3052/1/3052 182/1/182 184/1/184 
f 184/1/184 3072/1/3072 3052/1/3052 
f 3072/1/3072 184/1/184 187/1/187 
f 187/1/187 3068/1/3068 3072/1/3072 
f 3068/1/3068 3062/1/3062 3061/1/3061 
f 3061/1/3061 3072/1/3072 3068/1/3068 
f 3073/1/3073 3065/1/3065 2742/1/2742 
f 2742/1/2742 2740/1/2740 3073/1/3073 
f 2740/1/2740 2508/1/2508 3063/1/3063 
f 3063/1/3063 3073/1/3073 2740/1/2740 
f 3073/1/3073 3063/1/3063 3062/1/3062 
f 3071/1/3071 3066/1/3066 3065/1/3065 
f 3065/1/3065 3073/1/3073 3071/1/3071 
f 3070/1/3070 337/1/337 340/1/340 
f 340/1/340 3074/1/3074 3070/1/3070 
f 2686/1/2686 3074/1/3074 340/1/340 
f 340/1/340 243/1/243 2686/1/2686 
f 3074/1/3074 2686/1/2686 2679/1/2679 
f 2679/1/2679 3067/1/3067 3074/1/3074 
f 3067/1/3067 3066/1/3066 3070/1/3070 
f 3070/1/3070 3074/1/3074 3067/1/3067 
f 3075/1/3075 2935/1/2935 2928/1/2928 
f 2928/1/2928 2927/1/2927 3075/1/3075 
f 2927/1/2927 2926/1/2926 3076/1/3076 
f 3076/1/3076 3075/1/3075 2927/1/2927 
f 3076/1/3076 3077/1/3077 3078/1/3078 
f 3078/1/3078 3075/1/3075 3076/1/3076 
f 3075/1/3075 3078/1/3078 2771/1/2771 
f 2771/1/2771 2935/1/2935 3075/1/3075 
f 3079/1/3079 3080/1/3080 2917/1/2917 
f 2917/1/2917 2930/1/2930 3079/1/3079 
f 3079/1/3079 2930/1/2930 2533/1/2533 
f 2533/1/2533 2775/1/2775 3079/1/3079 
f 2775/1/2775 2773/1/2773 3081/1/3081 
f 3081/1/3081 3079/1/3079 2775/1/2775 
f 3079/1/3079 3081/1/3081 3082/1/3082 
f 3082/1/3082 3080/1/3080 3079/1/3079 
f 3083/1/3083 1447/1/1447 1446/1/1446 
f 1446/1/1446 3084/1/3084 3083/1/3083 
f 1446/1/1446 1370/1/1370 3085/1/3085 
f 3085/1/3085 3084/1/3084 1446/1/1446 
f 3084/1/3084 3085/1/3085 3082/1/3082 
f 3082/1/3082 3086/1/3086 3084/1/3084 
f 3086/1/3086 3077/1/3077 3083/1/3083 
f 3083/1/3083 3084/1/3084 3086/1/3086 
f 3087/1/3087 3076/1/3076 2926/1/2926 
f 2926/1/2926 2933/1/2933 3087/1/3087 
f 2933/1/2933 1451/1/1451 1450/1/1450 
f 3087/1/3087 1450/1/1450 1447/1/1447 
f 3087/1/3087 3083/1/3083 3077/1/3077 
f 3077/1/3077 3076/1/3076 3087/1/3087 
f 3088/1/3088 3081/1/3081 2773/1/2773 
f 2773/1/2773 2772/1/2772 3088/1/3088 
f 2772/1/2772 2771/1/2771 3078/1/3078 
f 3078/1/3078 3088/1/3088 2772/1/2772 
f 3088/1/3088 3078/1/3078 3077/1/3077 
f 3077/1/3077 3086/1/3086 3088/1/3088 
f 3086/1/3086 3082/1/3082 3081/1/3081 
f 3081/1/3081 3088/1/3088 3086/1/3086 
f 3089/1/3089 3080/1/3080 3082/1/3082 
f 3082/1/3082 3085/1/3085 3089/1/3089 
f 1365/1/1365 3089/1/3089 3085/1/3085 
f 3085/1/3085 1370/1/1370 1365/1/1365 
f 3089/1/3089 1365/1/1365 1368/1/1368 
f 2918/1/2918 2917/1/2917 3080/1/3080 
f 3080/1/3080 3089/1/3089 2918/1/2918 
f 3090/1/3090 2516/1/2516 2515/1/2515 
f 2515/1/2515 3002/1/3002 3090/1/3090 
f 3002/1/3002 3001/1/3001 3091/1/3091 
f 3091/1/3091 3090/1/3090 3002/1/3002 
f 3090/1/3090 3091/1/3091 3092/1/3092 
f 3092/1/3092 3093/1/3093 3090/1/3090 
f 3093/1/3093 2517/1/2517 2516/1/2516 
f 2516/1/2516 3090/1/3090 3093/1/3093 
f 3094/1/3094 3091/1/3091 3001/1/3001 
f 3001/1/3001 3009/1/3009 3094/1/3094 
f 3009/1/3009 1655/1/1655 1654/1/1654 
f 1654/1/1654 3094/1/3094 3009/1/3009 
f 1654/1/1654 1653/1/1653 3095/1/3095 
f 3095/1/3095 3094/1/3094 1654/1/1654 
f 3095/1/3095 3092/1/3092 3091/1/3091 
f 3091/1/3091 3094/1/3094 3095/1/3095 
f 3096/1/3096 3095/1/3095 1653/1/1653 
f 1653/1/1653 2993/1/2993 3096/1/3096 
f 2993/1/2993 2992/1/2992 3097/1/3097 
f 3097/1/3097 3096/1/3096 2993/1/2993 
f 3096/1/3096 3097/1/3097 3098/1/3098 
f 3098/1/3098 3099/1/3099 3096/1/3096 
f 3099/1/3099 3092/1/3092 3095/1/3095 
f 3095/1/3095 3096/1/3096 3099/1/3099 
f 3100/1/3100 3101/1/3101 2521/1/2521 
f 2521/1/2521 2520/1/2520 3100/1/3100 
f 2520/1/2520 2517/1/2517 3093/1/3093 
f 3093/1/3093 3100/1/3100 2520/1/2520 
f 3100/1/3100 3093/1/3093 3092/1/3092 
f 3092/1/3092 3099/1/3099 3100/1/3100 
f 3099/1/3099 3098/1/3098 3101/1/3101 
f 3101/1/3101 3100/1/3100 3099/1/3099 
f 3102/1/3102 2998/1/2998 2526/1/2526 
f 2526/1/2526 2525/1/2525 3102/1/3102 
f 2525/1/2525 2521/1/2521 3101/1/3101 
f 3101/1/3101 3102/1/3102 2525/1/2525 
f 3102/1/3102 3101/1/3101 3098/1/3098 
f 3098/1/3098 3103/1/3103 3102/1/3102 
f 3103/1/3103 2986/1/2986 2998/1/2998 
f 2998/1/2998 3102/1/3102 3103/1/3103 
f 3104/1/3104 3097/1/3097 2992/1/2992 
f 2992/1/2992 2995/1/2995 3104/1/3104 
f 2995/1/2995 2977/1/2977 2987/1/2987 
f 2987/1/2987 3104/1/3104 2995/1/2995 
f 3104/1/3104 2987/1/2987 2986/1/2986 
f 2986/1/2986 3103/1/3103 3104/1/3104 
f 3103/1/3103 3098/1/3098 3097/1/3097 
f 3097/1/3097 3104/1/3104 3103/1/3103 
f 3105/1/3105 3106/1/3106 2374/1/2374 
f 2374/1/2374 2382/1/2382 3105/1/3105 
f 2382/1/2382 2381/1/2381 2399/1/2399 
f 2399/1/2399 3105/1/3105 2382/1/2382 
f 3105/1/3105 2399/1/2399 2388/1/2388 
f 2388/1/2388 3107/1/3107 3105/1/3105 
f 3107/1/3107 3108/1/3108 3106/1/3106 
f 3109/1/3109 3110/1/3110 3111/1/3111 
f 3111/1/3111 3112/1/3112 3109/1/3109 
f 3109/1/3109 3112/1/3112 3108/1/3108 
f 3108/1/3108 3107/1/3107 3109/1/3109 
f 3107/1/3107 2388/1/2388 2387/1/2387 
f 2387/1/2387 3109/1/3109 3107/1/3107 
f 2387/1/2387 2184/1/2184 3110/1/3110 
f 3110/1/3110 3109/1/3109 2387/1/2387 
f 3113/1/3113 3114/1/3114 3115/1/3115 
f 3115/1/3115 3116/1/3116 3113/1/3113 
f 3116/1/3116 3111/1/3111 3110/1/3110 
f 3110/1/3110 3113/1/3113 3116/1/3116 
f 3113/1/3113 3110/1/3110 2184/1/2184 
f 2184/1/2184 2183/1/2183 3113/1/3113 
f 2183/1/2183 2182/1/2182 3114/1/3114 
f 3114/1/3114 3113/1/3113 2183/1/2183 
f 3114/1/3114 3117/1/3117 3118/1/3118 
f 3118/1/3118 3115/1/3115 3114/1/3114 
f 2186/1/2186 3117/1/3117 3114/1/3114 
f 3114/1/3114 2182/1/2182 2186/1/2186 
f 3117/1/3117 2186/1/2186 2188/1/2188 
f 2188/1/2188 3119/1/3119 3117/1/3117 
f 3119/1/3119 3120/1/3120 3118/1/3118 
f 3118/1/3118 3117/1/3117 3119/1/3119 
f 3121/1/3121 3122/1/3122 3120/1/3120 
f 3120/1/3120 3119/1/3119 3121/1/3121 
f 3119/1/3119 2188/1/2188 2190/1/2190 
f 2190/1/2190 3121/1/3121 3119/1/3119 
f 3121/1/3121 2190/1/2190 2192/1/2192 
f 2192/1/2192 3123/1/3123 3121/1/3121 
f 3123/1/3123 3124/1/3124 3122/1/3122 
f 3122/1/3122 3121/1/3121 3123/1/3123 
f 3125/1/3125 3126/1/3126 3127/1/3127 
f 3127/1/3127 3128/1/3128 3125/1/3125 
f 3128/1/3128 3124/1/3124 3123/1/3123 
f 3123/1/3123 3125/1/3125 3128/1/3128 
f 3125/1/3125 3123/1/3123 2192/1/2192 
f 2192/1/2192 2196/1/2196 3125/1/3125 
f 2196/1/2196 2195/1/2195 3126/1/3126 
f 3126/1/3126 3125/1/3125 2196/1/2196 
f 3129/1/3129 3127/1/3127 3126/1/3126 
f 3126/1/3126 3130/1/3130 3129/1/3129 
f 3130/1/3130 3126/1/3126 2195/1/2195 
f 2195/1/2195 2200/1/2200 3130/1/3130 
f 3131/1/3131 3130/1/3130 2200/1/2200 
f 2200/1/2200 2199/1/2199 3131/1/3131 
f 3131/1/3131 3132/1/3132 3129/1/3129 
f 3129/1/3129 3130/1/3130 3131/1/3131 
f 3133/1/3133 3134/1/3134 2351/1/2351 
f 2351/1/2351 2356/1/2356 3133/1/3133 
f 2356/1/2356 2355/1/2355 2364/1/2364 
f 2364/1/2364 3133/1/3133 2356/1/2356 
f 3133/1/3133 2364/1/2364 2366/1/2366 
f 2366/1/2366 3135/1/3135 3133/1/3133 
f 3135/1/3135 3136/1/3136 3134/1/3134 
f 3134/1/3134 3133/1/3133 3135/1/3135 
f 3137/1/3137 3138/1/3138 3132/1/3132 
f 3132/1/3132 3131/1/3131 3137/1/3137 
f 3131/1/3131 2199/1/2199 2352/1/2352 
f 2352/1/2352 3137/1/3137 3131/1/3131 
f 2352/1/2352 2351/1/2351 3134/1/3134 
f 3134/1/3134 3137/1/3137 2352/1/2352 
f 3134/1/3134 3136/1/3136 3138/1/3138 
f 3138/1/3138 3137/1/3137 3134/1/3134 
f 3139/1/3139 2372/1/2372 2374/1/2374 
f 2374/1/2374 3106/1/3106 3139/1/3139 
f 3106/1/3106 3108/1/3108 3140/1/3140 
f 3139/1/3139 3140/1/3140 3136/1/3136 
f 3135/1/3135 2366/1/2366 2372/1/2372 
f 3141/1/3141 3142/1/3142 3143/1/3143 
f 3143/1/3143 3144/1/3144 3141/1/3141 
f 3141/1/3141 3144/1/3144 3145/1/3145 
f 3145/1/3145 3146/1/3146 3141/1/3141 
f 3146/1/3146 3108/1/3108 3112/1/3112 
f 3112/1/3112 3111/1/3111 3142/1/3142 
f 3142/1/3142 3141/1/3141 3112/1/3112 
f 3147/1/3147 3148/1/3148 3143/1/3143 
f 3143/1/3143 3142/1/3142 3147/1/3147 
f 3147/1/3147 3142/1/3142 3111/1/3111 
f 3111/1/3111 3116/1/3116 3147/1/3147 
f 3147/1/3147 3116/1/3116 3115/1/3115 
f 3115/1/3115 3149/1/3149 3147/1/3147 
f 3149/1/3149 3150/1/3150 3148/1/3148 
f 3148/1/3148 3147/1/3147 3149/1/3149 
f 3151/1/3151 3152/1/3152 3150/1/3150 
f 3150/1/3150 3149/1/3149 3151/1/3151 
f 3149/1/3149 3115/1/3115 3118/1/3118 
f 3118/1/3118 3151/1/3151 3149/1/3149 
f 3151/1/3151 3118/1/3118 3120/1/3120 
f 3120/1/3120 3153/1/3153 3151/1/3151 
f 3153/1/3153 3154/1/3154 3152/1/3152 
f 3152/1/3152 3151/1/3151 3153/1/3153 
f 3155/1/3155 3156/1/3156 3154/1/3154 
f 3154/1/3154 3153/1/3153 3155/1/3155 
f 3153/1/3153 3120/1/3120 3122/1/3122 
f 3122/1/3122 3155/1/3155 3153/1/3153 
f 3122/1/3122 3124/1/3124 3157/1/3157 
f 3157/1/3157 3155/1/3155 3122/1/3122 
f 3156/1/3156 3155/1/3155 3157/1/3157 
f 3157/1/3157 3158/1/3158 3156/1/3156 
f 3159/1/3159 3160/1/3160 3161/1/3161 
f 3161/1/3161 3162/1/3162 3159/1/3159 
f 3162/1/3162 3158/1/3158 3157/1/3157 
f 3157/1/3157 3159/1/3159 3162/1/3162 
f 3159/1/3159 3157/1/3157 3124/1/3124 
f 3124/1/3124 3128/1/3128 3159/1/3159 
f 3128/1/3128 3127/1/3127 3160/1/3160 
f 3160/1/3160 3159/1/3159 3128/1/3128 
f 3163/1/3163 3164/1/3164 3143/1/3143 
f 3143/1/3143 3148/1/3148 3163/1/3163 
f 3165/1/3165 3163/1/3163 3148/1/3148 
f 3148/1/3148 3150/1/3150 3165/1/3165 
f 3163/1/3163 3165/1/3165 3166/1/3166 
f 3166/1/3166 3167/1/3167 3163/1/3163 
f 3167/1/3167 3168/1/3168 3164/1/3164 
f 3164/1/3164 3163/1/3163 3167/1/3167 
f 3169/1/3169 3170/1/3170 3166/1/3166 
f 3166/1/3166 3165/1/3165 3169/1/3169 
f 3165/1/3165 3150/1/3150 3152/1/3152 
f 3152/1/3152 3169/1/3169 3165/1/3165 
f 3169/1/3169 3152/1/3152 3154/1/3154 
f 3154/1/3154 3171/1/3171 3169/1/3169 
f 3169/1/3169 3171/1/3171 3172/1/3172 
f 3172/1/3172 3170/1/3170 3169/1/3169 
f 3173/1/3173 3174/1/3174 3175/1/3175 
f 3175/1/3175 3176/1/3176 3173/1/3173 
f 3176/1/3176 3161/1/3161 3160/1/3160 
f 3160/1/3160 3173/1/3173 3176/1/3176 
f 3173/1/3173 3160/1/3160 3127/1/3127 
f 3127/1/3127 3129/1/3129 3173/1/3173 
f 3129/1/3129 3132/1/3132 3174/1/3174 
f 3174/1/3174 3173/1/3173 3129/1/3129 
f 3177/1/3177 3178/1/3178 3172/1/3172 
f 3172/1/3172 3171/1/3171 3177/1/3177 
f 3171/1/3171 3154/1/3154 3156/1/3156 
f 3156/1/3156 3177/1/3177 3171/1/3171 
f 3177/1/3177 3156/1/3156 3158/1/3158 
f 3158/1/3158 3179/1/3179 3177/1/3177 
f 3177/1/3177 3179/1/3179 3180/1/3180 
f 3180/1/3180 3178/1/3178 3177/1/3177 
f 3181/1/3181 3182/1/3182 3168/1/3168 
f 3168/1/3168 3167/1/3167 3181/1/3181 
f 3167/1/3167 3166/1/3166 3170/1/3170 
f 3170/1/3170 3181/1/3181 3167/1/3167 
f 3181/1/3181 3170/1/3170 3172/1/3172 
f 3172/1/3172 3178/1/3178 3181/1/3181 
f 3178/1/3178 3180/1/3180 3182/1/3182 
f 3182/1/3182 3181/1/3181 3178/1/3178 
f 3183/1/3183 3184/1/3184 3185/1/3185 
f 3185/1/3185 3186/1/3186 3183/1/3183 
f 3186/1/3186 3168/1/3168 3182/1/3182 
f 3182/1/3182 3183/1/3183 3186/1/3186 
f 3183/1/3183 3182/1/3182 3180/1/3180 
f 3180/1/3180 3187/1/3187 3183/1/3183 
f 3187/1/3187 3188/1/3188 3184/1/3184 
f 3184/1/3184 3183/1/3183 3187/1/3187 
f 3189/1/3189 3179/1/3179 3158/1/3158 
f 3158/1/3158 3162/1/3162 3189/1/3189 
f 3162/1/3162 3161/1/3161 3190/1/3190 
f 3190/1/3190 3189/1/3189 3162/1/3162 
f 3189/1/3189 3190/1/3190 3188/1/3188 
f 3188/1/3188 3187/1/3187 3189/1/3189 
f 3187/1/3187 3180/1/3180 3179/1/3179 
f 3179/1/3179 3189/1/3189 3187/1/3187 
f 3191/1/3191 3192/1/3192 3193/1/3193 
f 3193/1/3193 3194/1/3194 3191/1/3191 
f 3194/1/3194 3136/1/3136 3140/1/3140 
f 3140/1/3140 3191/1/3191 3194/1/3194 
f 3191/1/3191 3140/1/3140 3108/1/3108 
f 3146/1/3146 3145/1/3145 3192/1/3192 
f 3195/1/3195 3145/1/3145 3144/1/3144 
f 3144/1/3144 3196/1/3196 3195/1/3195 
f 3144/1/3144 3143/1/3143 3164/1/3164 
f 3164/1/3164 3196/1/3196 3144/1/3144 
f 3196/1/3196 3164/1/3164 3168/1/3168 
f 3168/1/3168 3186/1/3186 3196/1/3196 
f 3186/1/3186 3185/1/3185 3195/1/3195 
f 3195/1/3195 3196/1/3196 3186/1/3186 
f 3194/1/3194 3193/1/3193 3197/1/3197 
f 3197/1/3197 3175/1/3175 3174/1/3174 
f 3174/1/3174 3132/1/3132 3138/1/3138 
f 3138/1/3138 3136/1/3136 3194/1/3194 
f 3198/1/3198 3199/1/3199 3200/1/3200 
f 3200/1/3200 3201/1/3201 3198/1/3198 
f 3201/1/3201 3175/1/3175 3197/1/3197 
f 3197/1/3197 3198/1/3198 3201/1/3201 
f 3198/1/3198 3197/1/3197 3193/1/3193 
f 3193/1/3193 3202/1/3202 3198/1/3198 
f 3202/1/3202 3185/1/3185 3199/1/3199 
f 3199/1/3199 3198/1/3198 3202/1/3202 
f 3195/1/3195 3185/1/3185 3202/1/3202 
f 3202/1/3202 3193/1/3193 3192/1/3192 
f 3192/1/3192 3203/1/3203 3202/1/3202 
f 3203/1/3203 3192/1/3192 3145/1/3145 
f 3145/1/3145 3195/1/3195 3203/1/3203 
f 3204/1/3204 3184/1/3184 3188/1/3188 
f 3188/1/3188 3205/1/3205 3204/1/3204 
f 3205/1/3205 3200/1/3200 3199/1/3199 
f 3199/1/3199 3204/1/3204 3205/1/3205 
f 3199/1/3199 3185/1/3185 3184/1/3184 
f 3184/1/3184 3204/1/3204 3199/1/3199 
f 3206/1/3206 3190/1/3190 3161/1/3161 
f 3161/1/3161 3176/1/3176 3206/1/3206 
f 3176/1/3176 3175/1/3175 3201/1/3201 
f 3201/1/3201 3206/1/3206 3176/1/3176 
f 3206/1/3206 3201/1/3201 3200/1/3200 
f 3200/1/3200 3205/1/3205 3206/1/3206 
f 3205/1/3205 3188/1/3188 3190/1/3190 
f 3190/1/3190 3206/1/3206 3205/1/3205 
f 3207/1/3207 3208/1/3208 3209/1/3209 
f 3209/1/3209 3210/1/3210 3207/1/3207 
f 3209/1/3209 3211/1/3211 3212/1/3212 
f 3212/1/3212 3210/1/3210 3209/1/3209 
f 3210/1/3210 3212/1/3212 3/1/3 
f 3/1/3 24/1/24 3210/1/3210 
f 3210/1/3210 24/1/24 23/1/23 
f 3213/1/3213 3214/1/3214 3208/1/3208 
f 3208/1/3208 3207/1/3207 3213/1/3213 
f 3207/1/3207 23/1/23 42/1/42 
f 42/1/42 3213/1/3213 3207/1/3207 
f 3213/1/3213 42/1/42 34/1/34 
f 34/1/34 33/1/33 3213/1/3213 
f 33/1/33 32/1/32 3214/1/3214 
f 3214/1/3214 3213/1/3213 33/1/33 
f 3215/1/3215 3216/1/3216 3217/1/3217 
f 3217/1/3217 3218/1/3218 3215/1/3215 
f 3217/1/3217 3219/1/3219 3220/1/3220 
f 3220/1/3220 3218/1/3218 3217/1/3217 
f 3221/1/3221 3219/1/3219 3217/1/3217 
f 3217/1/3217 3222/1/3222 3221/1/3221 
f 3222/1/3222 3217/1/3217 3216/1/3216 
f 3216/1/3216 3223/1/3223 3222/1/3222 
f 3223/1/3223 3224/1/3224 3225/1/3225 
f 3225/1/3225 3222/1/3222 3223/1/3223 
f 3222/1/3222 3225/1/3225 3226/1/3226 
f 3226/1/3226 3221/1/3221 3222/1/3222 
f 3227/1/3227 3225/1/3225 3224/1/3224 
f 3224/1/3224 3228/1/3228 3227/1/3227 
f 3228/1/3228 32/1/32 31/1/31 
f 31/1/31 3227/1/3227 3228/1/3228 
f 3227/1/3227 31/1/31 30/1/30 
f 30/1/30 3229/1/3229 3227/1/3227 
f 3229/1/3229 3226/1/3226 3225/1/3225 
f 3225/1/3225 3227/1/3227 3229/1/3229 
f 3230/1/3230 3231/1/3231 1780/1/1780 
f 1780/1/1780 1779/1/1779 3230/1/3230 
f 1779/1/1779 1782/1/1782 3232/1/3232 
f 3232/1/3232 3230/1/3230 1779/1/1779 
f 3230/1/3230 3232/1/3232 3233/1/3233 
f 3233/1/3233 3234/1/3234 3230/1/3230 
f 3230/1/3230 3234/1/3234 3235/1/3235 
f 3235/1/3235 3231/1/3231 3230/1/3230 
f 3236/1/3236 2595/1/2595 2594/1/2594 
f 2594/1/2594 3237/1/3237 3236/1/3236 
f 3237/1/3237 3238/1/3238 3239/1/3239 
f 3239/1/3239 3236/1/3236 3237/1/3237 
f 3240/1/3240 3241/1/3241 3238/1/3238 
f 3238/1/3238 3237/1/3237 3240/1/3240 
f 3237/1/3237 2594/1/2594 3242/1/3242 
f 3242/1/3242 3240/1/3240 3237/1/3237 
f 3242/1/3242 3243/1/3243 3244/1/3244 
f 3244/1/3244 3240/1/3240 3242/1/3242 
f 3240/1/3240 3244/1/3244 3245/1/3245 
f 3245/1/3245 3241/1/3241 3240/1/3240 
f 3246/1/3246 3233/1/3233 3232/1/3232 
f 3232/1/3232 3247/1/3247 3246/1/3246 
f 3247/1/3247 3232/1/3232 1782/1/1782 
f 1782/1/1782 2257/1/2257 3247/1/3247 
f 2257/1/2257 2256/1/2256 3248/1/3248 
f 3248/1/3248 3247/1/3247 2257/1/2257 
f 3247/1/3247 3248/1/3248 3249/1/3249 
f 3249/1/3249 3246/1/3246 3247/1/3247 
f 3250/1/3250 3244/1/3244 3243/1/3243 
f 3243/1/3243 3251/1/3251 3250/1/3250 
f 3251/1/3251 3235/1/3235 3234/1/3234 
f 3234/1/3234 3250/1/3250 3251/1/3251 
f 3250/1/3250 3234/1/3234 3233/1/3233 
f 3233/1/3233 3252/1/3252 3250/1/3250 
f 3252/1/3252 3245/1/3245 3244/1/3244 
f 3244/1/3244 3250/1/3250 3252/1/3252 
f 3253/1/3253 3248/1/3248 2256/1/2256 
f 2256/1/2256 2255/1/2255 3253/1/3253 
f 3253/1/3253 2255/1/2255 1787/1/1787 
f 1787/1/1787 1786/1/1786 3253/1/3253 
f 3253/1/3253 1786/1/1786 1785/1/1785 
f 1785/1/1785 3254/1/3254 3253/1/3253 
f 3254/1/3254 3249/1/3249 3248/1/3248 
f 3248/1/3248 3253/1/3253 3254/1/3254 
f 3255/1/3255 3256/1/3256 3257/1/3257 
f 3258/1/3258 3259/1/3259 3260/1/3260 
f 3260/1/3260 3261/1/3261 3258/1/3258 
f 3260/1/3260 1785/1/1785 1784/1/1784 
f 1784/1/1784 3261/1/3261 3260/1/3260 
f 3261/1/3261 1784/1/1784 46/1/46 
f 46/1/46 3262/1/3262 3261/1/3261 
f 3262/1/3262 3263/1/3263 3258/1/3258 
f 3258/1/3258 3261/1/3261 3262/1/3262 
f 3264/1/3264 3265/1/3265 3257/1/3257 
f 3266/1/3266 3267/1/3267 3268/1/3268 
f 3268/1/3268 3264/1/3264 3266/1/3266 
f 3269/1/3269 3267/1/3267 3266/1/3266 
f 3266/1/3266 3270/1/3270 3269/1/3269 
f 3266/1/3266 3257/1/3257 3271/1/3271 
f 3271/1/3271 3270/1/3270 3266/1/3266 
f 3270/1/3270 3271/1/3271 3259/1/3259 
f 3259/1/3259 3258/1/3258 3270/1/3270 
f 3270/1/3270 3258/1/3258 3263/1/3263 
f 3263/1/3263 3269/1/3269 3270/1/3270 
f 3272/1/3272 3273/1/3273 3263/1/3263 
f 3263/1/3263 3262/1/3262 3272/1/3272 
f 3262/1/3262 46/1/46 45/1/45 
f 45/1/45 3272/1/3272 3262/1/3262 
f 3272/1/3272 45/1/45 52/1/52 
f 52/1/52 3274/1/3274 3272/1/3272 
f 3274/1/3274 3275/1/3275 3273/1/3273 
f 3276/1/3276 3268/1/3268 3267/1/3267 
f 3267/1/3267 3277/1/3277 3276/1/3276 
f 3276/1/3276 3277/1/3277 3278/1/3278 
f 3279/1/3279 3278/1/3278 3277/1/3277 
f 3277/1/3277 3280/1/3280 3279/1/3279 
f 3280/1/3280 3277/1/3277 3267/1/3267 
f 3267/1/3267 3269/1/3269 3280/1/3280 
f 3269/1/3269 3263/1/3263 3273/1/3273 
f 3273/1/3273 3280/1/3280 3269/1/3269 
f 3280/1/3280 3273/1/3273 3275/1/3275 
f 3281/1/3281 3282/1/3282 3275/1/3275 
f 3275/1/3275 3274/1/3274 3281/1/3281 
f 3274/1/3274 52/1/52 2243/1/2243 
f 2243/1/2243 3281/1/3281 3274/1/3274 
f 3281/1/3281 2243/1/2243 2246/1/2246 
f 2246/1/2246 3283/1/3283 3281/1/3281 
f 3283/1/3283 3284/1/3284 3282/1/3282 
f 3282/1/3282 3281/1/3281 3283/1/3283 
f 3285/1/3285 3286/1/3286 3287/1/3287 
f 3287/1/3287 3288/1/3288 3285/1/3285 
f 3288/1/3288 3287/1/3287 3278/1/3278 
f 3278/1/3278 3279/1/3279 3288/1/3288 
f 3279/1/3279 3275/1/3275 3282/1/3282 
f 3282/1/3282 3288/1/3288 3279/1/3279 
f 3288/1/3288 3282/1/3282 3284/1/3284 
f 3284/1/3284 3285/1/3285 3288/1/3288 
f 3289/1/3289 3290/1/3290 3284/1/3284 
f 3284/1/3284 3283/1/3283 3289/1/3289 
f 3283/1/3283 2246/1/2246 2252/1/2252 
f 2252/1/2252 3289/1/3289 3283/1/3283 
f 3289/1/3289 2252/1/2252 2251/1/2251 
f 2251/1/2251 3291/1/3291 3289/1/3289 
f 3291/1/3291 3292/1/3292 3290/1/3290 
f 3290/1/3290 3289/1/3289 3291/1/3291 
f 3293/1/3293 3294/1/3294 2251/1/2251 
f 2251/1/2251 2250/1/2250 3293/1/3293 
f 2250/1/2250 1774/1/1774 1773/1/1773 
f 1773/1/1773 3293/1/3293 2250/1/2250 
f 3293/1/3293 1773/1/1773 1772/1/1772 
f 1772/1/1772 3295/1/3295 3293/1/3293 
f 3293/1/3293 3295/1/3295 3296/1/3296 
f 3296/1/3296 3294/1/3294 3293/1/3293 
f 3297/1/3297 3298/1/3298 3299/1/3299 
f 3299/1/3299 3300/1/3300 3297/1/3297 
f 3300/1/3300 3299/1/3299 3286/1/3286 
f 3286/1/3286 3285/1/3285 3300/1/3300 
f 3285/1/3285 3284/1/3284 3290/1/3290 
f 3290/1/3290 3300/1/3300 3285/1/3285 
f 3300/1/3300 3290/1/3290 3292/1/3292 
f 3292/1/3292 3297/1/3297 3300/1/3300 
f 3301/1/3301 3302/1/3302 3303/1/3303 
f 3303/1/3303 3304/1/3304 3301/1/3301 
f 3301/1/3301 3304/1/3304 3292/1/3292 
f 3292/1/3292 3291/1/3291 3301/1/3301 
f 3291/1/3291 2251/1/2251 3294/1/3294 
f 3294/1/3294 3301/1/3301 3291/1/3291 
f 3294/1/3294 3296/1/3296 3302/1/3302 
f 3302/1/3302 3301/1/3301 3294/1/3294 
f 3304/1/3304 3303/1/3303 3305/1/3305 
f 3305/1/3305 3306/1/3306 3304/1/3304 
f 3306/1/3306 3305/1/3305 3307/1/3307 
f 3307/1/3307 3308/1/3308 3306/1/3306 
f 3306/1/3306 3308/1/3308 3298/1/3298 
f 3298/1/3298 3297/1/3297 3306/1/3306 
f 3297/1/3297 3292/1/3292 3304/1/3304 
f 3304/1/3304 3306/1/3306 3297/1/3297 
f 3309/1/3309 3296/1/3296 3295/1/3295 
f 3295/1/3295 3310/1/3310 3309/1/3309 
f 3310/1/3310 3295/1/3295 1772/1/1772 
f 1772/1/1772 2599/1/2599 3310/1/3310 
f 2599/1/2599 2598/1/2598 3311/1/3311 
f 3311/1/3311 3310/1/3310 2599/1/2599 
f 3310/1/3310 3311/1/3311 3312/1/3312 
f 3312/1/3312 3309/1/3309 3310/1/3310 
f 3313/1/3313 3314/1/3314 3315/1/3315 
f 3315/1/3315 3316/1/3316 3313/1/3313 
f 3316/1/3316 3303/1/3303 3302/1/3302 
f 3302/1/3302 3313/1/3313 3316/1/3316 
f 3313/1/3313 3302/1/3302 3296/1/3296 
f 3296/1/3296 3309/1/3309 3313/1/3313 
f 3309/1/3309 3312/1/3312 3314/1/3314 
f 3314/1/3314 3313/1/3313 3309/1/3309 
f 3316/1/3316 3315/1/3315 3317/1/3317 
f 3317/1/3317 3318/1/3318 3316/1/3316 
f 3318/1/3318 3317/1/3317 3319/1/3319 
f 3319/1/3319 3320/1/3320 3318/1/3318 
f 3320/1/3320 3307/1/3307 3305/1/3305 
f 3305/1/3305 3318/1/3318 3320/1/3320 
f 3318/1/3318 3305/1/3305 3303/1/3303 
f 3303/1/3303 3316/1/3316 3318/1/3318 
f 3321/1/3321 3322/1/3322 3323/1/3323 
f 3323/1/3323 3324/1/3324 3321/1/3321 
f 3324/1/3324 3323/1/3323 55/1/55 
f 55/1/55 54/1/54 3324/1/3324 
f 3324/1/3324 54/1/54 61/1/61 
f 61/1/61 3325/1/3325 3324/1/3324 
f 3325/1/3325 3326/1/3326 3321/1/3321 
f 3321/1/3321 3324/1/3324 3325/1/3325 
f 3327/1/3327 3328/1/3328 3329/1/3329 
f 3329/1/3329 3330/1/3330 3327/1/3327 
f 3330/1/3330 3331/1/3331 3332/1/3332 
f 3332/1/3332 3327/1/3327 3330/1/3330 
f 3327/1/3327 3332/1/3332 3322/1/3322 
f 3322/1/3322 3321/1/3321 3327/1/3327 
f 3321/1/3321 3326/1/3326 3328/1/3328 
f 3328/1/3328 3327/1/3327 3321/1/3321 
f 3330/1/3330 3329/1/3329 3333/1/3333 
f 3333/1/3333 3334/1/3334 3330/1/3330 
f 3334/1/3334 3333/1/3333 2444/1/2444 
f 2444/1/2444 2443/1/2443 3334/1/3334 
f 2443/1/2443 2442/1/2442 3335/1/3335 
f 3335/1/3335 3334/1/3334 2443/1/2443 
f 3334/1/3334 3335/1/3335 3331/1/3331 
f 3331/1/3331 3330/1/3330 3334/1/3334 
f 3336/1/3336 3337/1/3337 3326/1/3326 
f 3326/1/3326 3325/1/3325 3336/1/3336 
f 3325/1/3325 61/1/61 79/1/79 
f 79/1/79 3336/1/3336 3325/1/3325 
f 3336/1/3336 79/1/79 78/1/78 
f 78/1/78 3338/1/3338 3336/1/3336 
f 3338/1/3338 3339/1/3339 3337/1/3337 
f 3337/1/3337 3336/1/3336 3338/1/3338 
f 3340/1/3340 3341/1/3341 3342/1/3342 
f 3342/1/3342 3343/1/3343 3340/1/3340 
f 3343/1/3343 3329/1/3329 3328/1/3328 
f 3328/1/3328 3340/1/3340 3343/1/3343 
f 3340/1/3340 3328/1/3328 3326/1/3326 
f 3326/1/3326 3337/1/3337 3340/1/3340 
f 3337/1/3337 3339/1/3339 3341/1/3341 
f 3344/1/3344 3345/1/3345 3346/1/3346 
f 3346/1/3346 3347/1/3347 3344/1/3344 
f 3347/1/3347 693/1/693 700/1/700 
f 3344/1/3344 700/1/700 699/1/699 
f 699/1/699 2468/1/2468 3344/1/3344 
f 3344/1/3344 2468/1/2468 2472/1/2472 
f 2472/1/2472 3345/1/3345 3344/1/3344 
f 3343/1/3343 3342/1/3342 3348/1/3348 
f 3348/1/3348 3349/1/3349 3343/1/3343 
f 3349/1/3349 3348/1/3348 2449/1/2449 
f 2449/1/2449 2447/1/2447 3349/1/3349 
f 2447/1/2447 2444/1/2444 3333/1/3333 
f 3333/1/3333 3349/1/3349 2447/1/2447 
f 3349/1/3349 3333/1/3333 3329/1/3329 
f 3329/1/3329 3343/1/3343 3349/1/3349 
f 3350/1/3350 3347/1/3347 3346/1/3346 
f 3346/1/3346 3351/1/3351 3350/1/3350 
f 3338/1/3338 3350/1/3350 3351/1/3351 
f 3351/1/3351 3339/1/3339 3338/1/3338 
f 3338/1/3338 78/1/78 694/1/694 
f 694/1/694 3350/1/3350 3338/1/3338 
f 3350/1/3350 694/1/694 693/1/693 
f 693/1/693 3347/1/3347 3350/1/3350 
f 3352/1/3352 3353/1/3353 3354/1/3354 
f 3354/1/3354 3355/1/3355 3352/1/3352 
f 3355/1/3355 3342/1/3342 3341/1/3341 
f 3341/1/3341 3352/1/3352 3355/1/3355 
f 3352/1/3352 3341/1/3341 3339/1/3339 
f 3351/1/3351 3346/1/3346 3353/1/3353 
f 3353/1/3353 3352/1/3352 3351/1/3351 
f 3355/1/3355 3354/1/3354 3356/1/3356 
f 3356/1/3356 3357/1/3357 3355/1/3355 
f 3357/1/3357 3356/1/3356 2453/1/2453 
f 2453/1/2453 2452/1/2452 3357/1/3357 
f 2452/1/2452 2449/1/2449 3348/1/3348 
f 3348/1/3348 3357/1/3357 2452/1/2452 
f 3357/1/3357 3348/1/3348 3342/1/3342 
f 3342/1/3342 3355/1/3355 3357/1/3357 
f 2454/1/2454 2453/1/2453 3358/1/3358 
f 3358/1/3358 3359/1/3359 3360/1/3360 
f 3359/1/3359 3358/1/3358 3361/1/3361 
f 3358/1/3358 2453/1/2453 3356/1/3356 
f 3356/1/3356 3361/1/3361 3358/1/3358 
f 3361/1/3361 3356/1/3356 3354/1/3354 
f 3354/1/3354 3362/1/3362 3361/1/3361 
f 3361/1/3361 3362/1/3362 3363/1/3363 
f 3363/1/3363 3364/1/3364 3361/1/3361 
f 3362/1/3362 3354/1/3354 3353/1/3353 
f 3353/1/3353 3365/1/3365 3362/1/3362 
f 3365/1/3365 3353/1/3353 3346/1/3346 
f 3346/1/3346 3345/1/3345 3365/1/3365 
f 3345/1/3345 2472/1/2472 3366/1/3366 
f 3366/1/3366 3365/1/3365 3345/1/3345 
f 3362/1/3362 3365/1/3365 3366/1/3366 
f 3366/1/3366 3363/1/3363 3362/1/3362 
f 3367/1/3367 3368/1/3368 3369/1/3369 
f 3370/1/3370 3368/1/3368 3367/1/3367 
f 3371/1/3371 3360/1/3360 3359/1/3359 
f 3372/1/3372 3220/1/3220 3219/1/3219 
f 3219/1/3219 3373/1/3373 3372/1/3372 
f 3373/1/3373 3374/1/3374 3375/1/3375 
f 3375/1/3375 3372/1/3372 3373/1/3373 
f 3376/1/3376 3374/1/3374 3373/1/3373 
f 3373/1/3373 3377/1/3377 3376/1/3376 
f 3377/1/3377 3373/1/3373 3219/1/3219 
f 3219/1/3219 3221/1/3221 3377/1/3377 
f 3221/1/3221 3226/1/3226 3378/1/3378 
f 3378/1/3378 3377/1/3377 3221/1/3221 
f 3377/1/3377 3378/1/3378 3379/1/3379 
f 3379/1/3379 3376/1/3376 3377/1/3377 
f 3380/1/3380 3375/1/3375 3374/1/3374 
f 3374/1/3374 3381/1/3381 3380/1/3380 
f 3381/1/3381 2592/1/2592 2591/1/2591 
f 2591/1/2591 3380/1/3380 3381/1/3381 
f 3382/1/3382 3383/1/3383 3384/1/3384 
f 3384/1/3384 3385/1/3385 3382/1/3382 
f 3382/1/3382 2589/1/2589 2588/1/2588 
f 2588/1/2588 3383/1/3383 3382/1/3382 
f 3383/1/3383 2588/1/2588 2568/1/2568 
f 2568/1/2568 2567/1/2567 3383/1/3383 
f 2567/1/2567 2574/1/2574 3384/1/3384 
f 3384/1/3384 3383/1/3383 2567/1/2567 
f 3386/1/3386 3378/1/3378 3226/1/3226 
f 3226/1/3226 3229/1/3229 3386/1/3386 
f 3229/1/3229 30/1/30 2586/1/2586 
f 2586/1/2586 3386/1/3386 3229/1/3229 
f 3386/1/3386 2586/1/2586 2589/1/2589 
f 2589/1/2589 3387/1/3387 3386/1/3386 
f 3387/1/3387 3379/1/3379 3378/1/3378 
f 3378/1/3378 3386/1/3386 3387/1/3387 
f 2583/1/2583 3388/1/3388 3384/1/3384 
f 3384/1/3384 2574/1/2574 2583/1/2583 
f 2583/1/2583 1780/1/1780 3231/1/3231 
f 3231/1/3231 3388/1/3388 2583/1/2583 
f 3389/1/3389 3388/1/3388 3231/1/3231 
f 3231/1/3231 3235/1/3235 3389/1/3389 
f 3388/1/3388 3389/1/3389 3385/1/3385 
f 3385/1/3385 3384/1/3384 3388/1/3388 
f 3390/1/3390 3385/1/3385 3389/1/3389 
f 3389/1/3389 3391/1/3391 3390/1/3390 
f 3391/1/3391 3389/1/3389 3235/1/3235 
f 3235/1/3235 3251/1/3251 3391/1/3391 
f 3251/1/3251 3243/1/3243 3392/1/3392 
f 3392/1/3392 3391/1/3391 3251/1/3251 
f 3391/1/3391 3392/1/3392 3393/1/3393 
f 3393/1/3393 3390/1/3390 3391/1/3391 
f 3390/1/3390 3393/1/3393 3394/1/3394 
f 3394/1/3394 3395/1/3395 3390/1/3390 
f 3395/1/3395 3394/1/3394 3379/1/3379 
f 3379/1/3379 3387/1/3387 3395/1/3395 
f 3387/1/3387 2589/1/2589 3382/1/3382 
f 3382/1/3382 3395/1/3395 3387/1/3387 
f 3395/1/3395 3382/1/3382 3385/1/3385 
f 3385/1/3385 3390/1/3390 3395/1/3395 
f 3396/1/3396 3397/1/3397 3398/1/3398 
f 3398/1/3398 3399/1/3399 3396/1/3396 
f 3399/1/3399 3312/1/3312 3311/1/3311 
f 3311/1/3311 3396/1/3396 3399/1/3399 
f 3396/1/3396 3311/1/3311 2598/1/2598 
f 2598/1/2598 2605/1/2605 3396/1/3396 
f 2605/1/2605 2604/1/2604 3397/1/3397 
f 3397/1/3397 3396/1/3396 2605/1/2605 
f 3400/1/3400 3392/1/3392 3243/1/3243 
f 3243/1/3243 3242/1/3242 3400/1/3400 
f 3400/1/3400 3242/1/3242 2594/1/2594 
f 2594/1/2594 2593/1/2593 3400/1/3400 
f 2593/1/2593 2592/1/2592 3401/1/3401 
f 3401/1/3401 3400/1/3400 2593/1/2593 
f 3392/1/3392 3400/1/3400 3401/1/3401 
f 3401/1/3401 3393/1/3393 3392/1/3392 
f 3401/1/3401 3402/1/3402 3394/1/3394 
f 3394/1/3394 3393/1/3393 3401/1/3401 
f 3402/1/3402 3401/1/3401 2592/1/2592 
f 2592/1/2592 3381/1/3381 3402/1/3402 
f 3376/1/3376 3402/1/3402 3381/1/3381 
f 3381/1/3381 3374/1/3374 3376/1/3376 
f 3376/1/3376 3379/1/3379 3394/1/3394 
f 3394/1/3394 3402/1/3402 3376/1/3376 
f 3403/1/3403 3404/1/3404 3405/1/3405 
f 3405/1/3405 3406/1/3406 3403/1/3403 
f 3406/1/3406 3315/1/3315 3314/1/3314 
f 3314/1/3314 3403/1/3403 3406/1/3406 
f 3403/1/3403 3314/1/3314 3312/1/3312 
f 3312/1/3312 3399/1/3399 3403/1/3403 
f 3399/1/3399 3398/1/3398 3404/1/3404 
f 3404/1/3404 3403/1/3403 3399/1/3399 
f 3407/1/3407 3408/1/3408 3409/1/3409 
f 3409/1/3409 3410/1/3410 3407/1/3407 
f 3410/1/3410 3409/1/3409 3411/1/3411 
f 3411/1/3411 3412/1/3412 3410/1/3410 
f 3412/1/3412 3413/1/3413 3414/1/3414 
f 3410/1/3410 3414/1/3414 3405/1/3405 
f 3405/1/3405 3407/1/3407 3410/1/3410 
f 3406/1/3406 3405/1/3405 3414/1/3414 
f 3414/1/3414 3415/1/3415 3406/1/3406 
f 3415/1/3415 3414/1/3414 3413/1/3413 
f 3416/1/3416 3319/1/3319 3317/1/3317 
f 3317/1/3317 3415/1/3415 3416/1/3416 
f 3415/1/3415 3317/1/3317 3315/1/3315 
f 3315/1/3315 3406/1/3406 3415/1/3415 
f 3417/1/3417 3418/1/3418 3419/1/3419 
f 3419/1/3419 3420/1/3420 3417/1/3417 
f 3420/1/3420 3398/1/3398 3397/1/3397 
f 3397/1/3397 3417/1/3417 3420/1/3420 
f 3417/1/3417 3397/1/3397 2604/1/2604 
f 2604/1/2604 2610/1/2610 3417/1/3417 
f 2610/1/2610 2562/1/2562 3418/1/3418 
f 3418/1/3418 3417/1/3417 2610/1/2610 
f 3421/1/3421 3422/1/3422 3408/1/3408 
f 3408/1/3408 3407/1/3407 3421/1/3421 
f 3407/1/3407 3405/1/3405 3404/1/3404 
f 3404/1/3404 3421/1/3421 3407/1/3407 
f 3421/1/3421 3404/1/3404 3398/1/3398 
f 3398/1/3398 3420/1/3420 3421/1/3421 
f 3420/1/3420 3419/1/3419 3422/1/3422 
f 3422/1/3422 3421/1/3421 3420/1/3420 
f 3423/1/3423 3418/1/3418 2562/1/2562 
f 2562/1/2562 2561/1/2561 3423/1/3423 
f 2561/1/2561 55/1/55 3323/1/3323 
f 3323/1/3323 3423/1/3423 2561/1/2561 
f 3423/1/3423 3323/1/3323 3322/1/3322 
f 3322/1/3322 3424/1/3424 3423/1/3423 
f 3424/1/3424 3419/1/3419 3418/1/3418 
f 3418/1/3418 3423/1/3423 3424/1/3424 
f 3425/1/3425 3422/1/3422 3419/1/3419 
f 3419/1/3419 3424/1/3424 3425/1/3425 
f 3424/1/3424 3322/1/3322 3332/1/3332 
f 3332/1/3332 3425/1/3425 3424/1/3424 
f 3425/1/3425 3332/1/3332 3331/1/3331 
f 3331/1/3331 3426/1/3426 3425/1/3425 
f 3426/1/3426 3408/1/3408 3422/1/3422 
f 3422/1/3422 3425/1/3425 3426/1/3426 
f 3426/1/3426 3331/1/3331 3335/1/3335 
f 3335/1/3335 3427/1/3427 3426/1/3426 
f 3427/1/3427 3335/1/3335 2442/1/2442 
f 2442/1/2442 3047/1/3047 3427/1/3427 
f 3047/1/3047 3411/1/3411 3409/1/3409 
f 3409/1/3409 3427/1/3427 3047/1/3047 
f 3427/1/3427 3409/1/3409 3408/1/3408 
f 3408/1/3408 3426/1/3426 3427/1/3427 
f 3428/1/3428 3429/1/3429 3430/1/3430 
f 3431/1/3431 3430/1/3430 3216/1/3216 
f 3216/1/3216 3215/1/3215 3431/1/3431 
f 3432/1/3432 3208/1/3208 3214/1/3214 
f 3214/1/3214 3433/1/3433 3432/1/3432 
f 3433/1/3433 3214/1/3214 32/1/32 
f 32/1/32 3228/1/3228 3433/1/3433 
f 3228/1/3228 3224/1/3224 3434/1/3434 
f 3434/1/3434 3433/1/3433 3228/1/3228 
f 3433/1/3433 3434/1/3434 3435/1/3435 
f 3435/1/3435 3432/1/3432 3433/1/3433 
f 3436/1/3436 3429/1/3429 3428/1/3428 
f 3437/1/3437 3435/1/3435 3434/1/3434 
f 3434/1/3434 3438/1/3438 3437/1/3437 
f 3438/1/3438 3434/1/3434 3224/1/3224 
f 3224/1/3224 3223/1/3223 3438/1/3438 
f 3223/1/3223 3216/1/3216 3430/1/3430 
f 3430/1/3430 3438/1/3438 3223/1/3223 
f 3438/1/3438 3430/1/3430 3429/1/3429 
f 3429/1/3429 3437/1/3437 3438/1/3438 
f 3439/1/3439 3440/1/3440 3441/1/3441 
f 3439/1/3439 3442/1/3442 3435/1/3435 
f 3435/1/3435 3437/1/3437 3439/1/3439 
f 3437/1/3437 3429/1/3429 3436/1/3436 
f 3436/1/3436 3439/1/3439 3437/1/3437 
f 3436/1/3436 3443/1/3443 3440/1/3440 
f 3444/1/3444 3445/1/3445 3446/1/3446 
f 3446/1/3446 3447/1/3447 3444/1/3444 
f 3444/1/3444 3447/1/3447 2457/1/2457 
f 2460/1/2460 5/1/5 3448/1/3448 
f 3448/1/3448 3444/1/3444 2460/1/2460 
f 3448/1/3448 3449/1/3449 3445/1/3445 
f 3445/1/3445 3444/1/3444 3448/1/3448 
f 3442/1/3442 3441/1/3441 3450/1/3450 
f 3451/1/3451 3450/1/3450 3211/1/3211 
f 3451/1/3451 3209/1/3209 3208/1/3208 
f 3208/1/3208 3432/1/3432 3451/1/3451 
f 3432/1/3432 3435/1/3435 3442/1/3442 
f 3442/1/3442 3451/1/3451 3432/1/3432 
f 3452/1/3452 3448/1/3448 5/1/5 
f 5/1/5 4/1/4 3452/1/3452 
f 4/1/4 3/1/3 3212/1/3212 
f 3452/1/3452 3212/1/3212 3211/1/3211 
f 3452/1/3452 3453/1/3453 3449/1/3449 
f 3449/1/3449 3448/1/3448 3452/1/3452 
f 3454/1/3454 3455/1/3455 3456/1/3456 
f 3456/1/3456 3457/1/3457 3454/1/3454 
f 3457/1/3457 3456/1/3456 3441/1/3441 
f 3441/1/3441 3440/1/3440 3457/1/3457 
f 3440/1/3440 3443/1/3443 3458/1/3458 
f 3457/1/3457 3458/1/3458 3459/1/3459 
f 3459/1/3459 3454/1/3454 3457/1/3457 
f 3460/1/3460 3461/1/3461 3455/1/3455 
f 3455/1/3455 3454/1/3454 3460/1/3460 
f 3454/1/3454 3459/1/3459 3462/1/3462 
f 3462/1/3462 3460/1/3460 3454/1/3454 
f 3460/1/3460 3462/1/3462 2465/1/2465 
f 2465/1/2465 3463/1/3463 3460/1/3460 
f 3463/1/3463 3464/1/3464 3461/1/3461 
f 3461/1/3461 3460/1/3460 3463/1/3463 
f 3465/1/3465 3461/1/3461 3464/1/3464 
f 3464/1/3464 3466/1/3466 3465/1/3465 
f 3466/1/3466 3446/1/3446 3445/1/3445 
f 3445/1/3445 3465/1/3465 3466/1/3466 
f 3465/1/3465 3445/1/3445 3449/1/3449 
f 3449/1/3449 3467/1/3467 3465/1/3465 
f 3467/1/3467 3455/1/3455 3461/1/3461 
f 3461/1/3461 3465/1/3465 3467/1/3467 
f 3467/1/3467 3449/1/3449 3453/1/3453 
f 3453/1/3453 3468/1/3468 3467/1/3467 
f 3468/1/3468 3453/1/3453 3211/1/3211 
f 3211/1/3211 3450/1/3450 3468/1/3468 
f 3450/1/3450 3441/1/3441 3456/1/3456 
f 3456/1/3456 3468/1/3468 3450/1/3450 
f 3468/1/3468 3456/1/3456 3455/1/3455 
f 3455/1/3455 3467/1/3467 3468/1/3468 
f 3469/1/3469 3257/1/3257 3256/1/3256 
f 3470/1/3470 3471/1/3471 3472/1/3472 
f 3472/1/3472 3469/1/3469 3470/1/3470 
f 3473/1/3473 3474/1/3474 3249/1/3249 
f 3249/1/3249 3254/1/3254 3473/1/3473 
f 3254/1/3254 1785/1/1785 3260/1/3260 
f 3260/1/3260 3473/1/3473 3254/1/3254 
f 3473/1/3473 3260/1/3260 3259/1/3259 
f 3259/1/3259 3475/1/3475 3473/1/3473 
f 3475/1/3475 3476/1/3476 3474/1/3474 
f 3474/1/3474 3473/1/3473 3475/1/3475 
f 3477/1/3477 3239/1/3239 3238/1/3238 
f 3238/1/3238 3478/1/3478 3477/1/3477 
f 3478/1/3478 3472/1/3472 3471/1/3471 
f 3471/1/3471 3477/1/3477 3478/1/3478 
f 3479/1/3479 3480/1/3480 3472/1/3472 
f 3472/1/3472 3478/1/3478 3479/1/3479 
f 3478/1/3478 3238/1/3238 3241/1/3241 
f 3241/1/3241 3479/1/3479 3478/1/3478 
f 3479/1/3479 3241/1/3241 3245/1/3245 
f 3245/1/3245 3481/1/3481 3479/1/3479 
f 3481/1/3481 3476/1/3476 3480/1/3480 
f 3480/1/3480 3479/1/3479 3481/1/3481 
f 3482/1/3482 3480/1/3480 3476/1/3476 
f 3476/1/3476 3475/1/3475 3482/1/3482 
f 3475/1/3475 3259/1/3259 3271/1/3271 
f 3271/1/3271 3482/1/3482 3475/1/3475 
f 3482/1/3482 3271/1/3271 3257/1/3257 
f 3257/1/3257 3469/1/3469 3482/1/3482 
f 3469/1/3469 3472/1/3472 3480/1/3480 
f 3480/1/3480 3482/1/3482 3469/1/3469 
f 3483/1/3483 3474/1/3474 3476/1/3476 
f 3476/1/3476 3481/1/3481 3483/1/3483 
f 3483/1/3483 3481/1/3481 3245/1/3245 
f 3245/1/3245 3252/1/3252 3483/1/3483 
f 3483/1/3483 3252/1/3252 3233/1/3233 
f 3233/1/3233 3246/1/3246 3483/1/3483 
f 3246/1/3246 3249/1/3249 3474/1/3474 
f 3474/1/3474 3483/1/3483 3246/1/3246 
f 3484/1/3484 3485/1/3485 2462/1/2462 
f 2462/1/2462 2461/1/2461 3484/1/3484 
f 3484/1/3484 3486/1/3486 3487/1/3487 
f 3487/1/3487 3485/1/3485 3484/1/3484 
f 3488/1/3488 3363/1/3363 3366/1/3366 
f 3366/1/3366 3489/1/3489 3488/1/3488 
f 3489/1/3489 3366/1/3366 2472/1/2472 
f 2472/1/2472 2470/1/2470 3489/1/3489 
f 3489/1/3489 2470/1/2470 2471/1/2471 
f 2471/1/2471 3490/1/3490 3489/1/3489 
f 3490/1/3490 3491/1/3491 3488/1/3488 
f 3488/1/3488 3489/1/3489 3490/1/3490 
f 3492/1/3492 3493/1/3493 3464/1/3464 
f 3464/1/3464 3463/1/3463 3492/1/3492 
f 3463/1/3463 2465/1/2465 2463/1/2463 
f 2463/1/2463 3492/1/3492 3463/1/3463 
f 3492/1/3492 2463/1/2463 2462/1/2462 
f 2462/1/2462 3494/1/3494 3492/1/3492 
f 3494/1/3494 3495/1/3495 3493/1/3493 
f 3493/1/3493 3492/1/3492 3494/1/3494 
f 3496/1/3496 3497/1/3497 3498/1/3498 
f 3499/1/3499 3498/1/3498 3446/1/3446 
f 3446/1/3446 3466/1/3466 3499/1/3499 
f 3466/1/3466 3464/1/3464 3493/1/3493 
f 3493/1/3493 3499/1/3499 3466/1/3466 
f 3499/1/3499 3493/1/3493 3495/1/3495 
f 3495/1/3495 3496/1/3496 3499/1/3499 
f 3500/1/3500 3501/1/3501 2471/1/2471 
f 2471/1/2471 2469/1/2469 3500/1/3500 
f 2469/1/2469 2457/1/2457 3447/1/3447 
f 3500/1/3500 3447/1/3447 3446/1/3446 
f 3498/1/3498 3497/1/3497 3501/1/3501 
f 3501/1/3501 3500/1/3500 3498/1/3498 
f 3502/1/3502 3368/1/3368 3370/1/3370 
f 3370/1/3370 3503/1/3503 3502/1/3502 
f 3370/1/3370 3359/1/3359 3364/1/3364 
f 3364/1/3364 3363/1/3363 3488/1/3488 
f 3488/1/3488 3503/1/3503 3364/1/3364 
f 3503/1/3503 3488/1/3488 3491/1/3491 
f 3491/1/3491 3502/1/3502 3503/1/3503 
f 3504/1/3504 3505/1/3505 3487/1/3487 
f 3369/1/3369 3368/1/3368 3505/1/3505 
f 3506/1/3506 3507/1/3507 3508/1/3508 
f 3508/1/3508 3509/1/3509 3506/1/3506 
f 3509/1/3509 3508/1/3508 3495/1/3495 
f 3495/1/3495 3494/1/3494 3509/1/3509 
f 3494/1/3494 2462/1/2462 3485/1/3485 
f 3485/1/3485 3509/1/3509 3494/1/3494 
f 3509/1/3509 3485/1/3485 3487/1/3487 
f 3487/1/3487 3506/1/3506 3509/1/3509 
f 3510/1/3510 3506/1/3506 3487/1/3487 
f 3487/1/3487 3505/1/3505 3510/1/3510 
f 3505/1/3505 3368/1/3368 3502/1/3502 
f 3502/1/3502 3510/1/3510 3505/1/3505 
f 3511/1/3511 3510/1/3510 3502/1/3502 
f 3502/1/3502 3491/1/3491 3511/1/3511 
f 3510/1/3510 3511/1/3511 3507/1/3507 
f 3507/1/3507 3506/1/3506 3510/1/3510 
f 3512/1/3512 3497/1/3497 3496/1/3496 
f 3496/1/3496 3513/1/3513 3512/1/3512 
f 3496/1/3496 3495/1/3495 3508/1/3508 
f 3508/1/3508 3513/1/3513 3496/1/3496 
f 3513/1/3513 3508/1/3508 3507/1/3507 
f 3507/1/3507 3512/1/3512 3513/1/3513 
f 3514/1/3514 3511/1/3511 3491/1/3491 
f 3491/1/3491 3490/1/3490 3514/1/3514 
f 3490/1/3490 2471/1/2471 3501/1/3501 
f 3501/1/3501 3514/1/3514 3490/1/3490 
f 3514/1/3514 3501/1/3501 3497/1/3497 
f 3497/1/3497 3512/1/3512 3514/1/3514 
f 3512/1/3512 3507/1/3507 3511/1/3511 
f 3511/1/3511 3514/1/3514 3512/1/3512 
f 21/1/21 17/1/17 16/1/16 
f 50/1/50 51/1/51 44/1/44 
f 96/1/96 95/1/95 99/1/99 
f 100/1/100 99/1/99 105/1/105 
f 110/1/110 109/1/109 17/1/17 
f 94/1/94 98/1/98 117/1/117 
f 118/1/118 117/1/117 98/1/98 
f 136/1/136 137/1/137 134/1/134 
f 142/1/142 143/1/143 140/1/140 
f 151/1/151 152/1/152 149/1/149 
f 148/1/148 149/1/149 152/1/152 
f 228/1/228 229/1/229 226/1/226 
f 231/1/231 226/1/226 229/1/229 
f 226/1/226 233/1/233 234/1/234 
f 199/1/199 282/1/282 285/1/285 
f 198/1/198 286/1/286 282/1/282 
f 311/1/311 312/1/312 309/1/309 
f 233/1/233 329/1/329 331/1/331 
f 284/1/284 283/1/283 341/1/341 
f 363/1/363 386/1/386 384/1/384 
f 388/1/388 391/1/391 389/1/389 
f 403/1/403 402/1/402 401/1/401 
f 400/1/400 422/1/422 426/1/426 
f 439/1/439 440/1/440 437/1/437 
f 445/1/445 449/1/449 450/1/450 
f 465/1/465 466/1/466 463/1/463 
f 468/1/468 442/1/442 441/1/441 
f 497/1/497 498/1/498 494/1/494 
f 510/1/510 506/1/506 509/1/509 
f 503/1/503 511/1/511 506/1/506 
f 507/1/507 506/1/506 511/1/511 
f 504/1/504 526/1/526 525/1/525 
f 499/1/499 498/1/498 526/1/526 
f 525/1/525 526/1/526 498/1/498 
f 533/1/533 534/1/534 531/1/531 
f 532/1/532 531/1/531 537/1/537 
f 538/1/538 537/1/537 539/1/539 
f 540/1/540 539/1/539 466/1/466 
f 469/1/469 542/1/542 540/1/540 
f 541/1/541 542/1/542 543/1/543 
f 501/1/501 545/1/545 440/1/440 
f 544/1/544 546/1/546 547/1/547 
f 561/1/561 562/1/562 559/1/559 
f 563/1/563 564/1/564 559/1/559 
f 574/1/574 569/1/569 572/1/572 
f 575/1/575 576/1/576 569/1/569 
f 582/1/582 581/1/581 580/1/580 
f 590/1/590 589/1/589 532/1/532 
f 597/1/597 598/1/598 595/1/595 
f 597/1/597 596/1/596 603/1/603 
f 565/1/565 564/1/564 605/1/605 
f 606/1/606 605/1/605 564/1/564 
f 608/1/608 605/1/605 606/1/606 
f 627/1/627 623/1/623 626/1/626 
f 616/1/616 615/1/615 631/1/631 
f 588/1/588 626/1/626 631/1/631 
f 632/1/632 638/1/638 621/1/621 
f 637/1/637 643/1/643 644/1/644 
f 618/1/618 644/1/644 643/1/643 
f 640/1/640 639/1/639 646/1/646 
f 624/1/624 646/1/646 639/1/639 
f 630/1/630 634/1/634 646/1/646 
f 645/1/645 646/1/646 634/1/634 
f 671/1/671 670/1/670 201/1/201 
f 672/1/672 669/1/669 670/1/670 
f 284/1/284 342/1/342 677/1/677 
f 679/1/679 682/1/682 681/1/681 
f 671/1/671 681/1/681 682/1/682 
f 200/1/200 285/1/285 681/1/681 
f 680/1/680 681/1/681 285/1/285 
f 690/1/690 704/1/704 705/1/705 
f 769/1/769 775/1/775 774/1/774 
f 493/1/493 815/1/815 496/1/496 
f 490/1/490 816/1/816 815/1/815 
f 490/1/490 489/1/489 823/1/823 
f 828/1/828 829/1/829 826/1/826 
f 830/1/830 826/1/826 829/1/829 
f 831/1/831 832/1/832 826/1/826 
f 827/1/827 826/1/826 832/1/832 
f 835/1/835 834/1/834 838/1/838 
f 872/1/872 873/1/873 870/1/870 
f 869/1/869 874/1/874 870/1/870 
f 798/1/798 898/1/898 897/1/897 
f 900/1/900 904/1/904 903/1/903 
f 896/1/896 895/1/895 903/1/903 
f 879/1/879 881/1/881 906/1/906 
f 907/1/907 906/1/906 908/1/908 
f 875/1/875 874/1/874 910/1/910 
f 877/1/877 910/1/910 874/1/874 
f 911/1/911 910/1/910 907/1/907 
f 913/1/913 912/1/912 911/1/911 
f 916/1/916 919/1/919 914/1/914 
f 918/1/918 919/1/919 916/1/916 
f 909/1/909 914/1/914 919/1/919 
f 923/1/923 924/1/924 920/1/920 
f 908/1/908 929/1/929 922/1/922 
f 943/1/943 949/1/949 948/1/948 
f 436/1/436 953/1/953 952/1/952 
f 950/1/950 949/1/949 952/1/952 
f 954/1/954 953/1/953 436/1/436 
f 375/1/375 955/1/955 959/1/959 
f 973/1/973 972/1/972 916/1/916 
f 984/1/984 985/1/985 983/1/983 
f 915/1/915 921/1/921 985/1/985 
f 980/1/980 990/1/990 572/1/572 
f 561/1/561 568/1/568 991/1/991 
f 981/1/981 991/1/991 987/1/987 
f 1007/1/1007 1006/1/1006 1008/1/1008 
f 1009/1/1009 1011/1/1011 1010/1/1010 
f 965/1/965 1010/1/1010 1011/1/1011 
f 964/1/964 978/1/978 1010/1/1010 
f 1007/1/1007 1010/1/1010 978/1/978 
f 1014/1/1014 1012/1/1012 1008/1/1008 
f 230/1/230 229/1/229 1069/1/1069 
f 1071/1/1071 1069/1/1069 229/1/229 
f 1070/1/1070 1069/1/1069 1073/1/1073 
f 1099/1/1099 1100/1/1100 1101/1/1101 
f 1110/1/1110 1105/1/1105 1108/1/1108 
f 1111/1/1111 1112/1/1112 1105/1/1105 
f 1106/1/1106 1105/1/1105 1112/1/1112 
f 1141/1/1141 1142/1/1142 1138/1/1138 
f 1146/1/1146 1149/1/1149 1144/1/1144 
f 1150/1/1150 1151/1/1151 1149/1/1149 
f 1143/1/1143 1142/1/1142 1153/1/1153 
f 1156/1/1156 1157/1/1157 1153/1/1153 
f 1158/1/1158 1157/1/1157 1159/1/1159 
f 1161/1/1161 1159/1/1159 1157/1/1157 
f 1152/1/1152 1160/1/1160 1159/1/1159 
f 1164/1/1164 1167/1/1167 1166/1/1166 
f 1165/1/1165 1166/1/1166 1168/1/1168 
f 1154/1/1154 1168/1/1168 1166/1/1166 
f 1169/1/1169 1168/1/1168 1154/1/1154 
f 1158/1/1158 1160/1/1160 1172/1/1172 
f 1173/1/1173 1172/1/1172 1160/1/1160 
f 1169/1/1169 1172/1/1172 1175/1/1175 
f 601/1/601 1182/1/1182 592/1/592 
f 1198/1/1198 1197/1/1197 1196/1/1196 
f 1198/1/1198 1199/1/1199 635/1/635 
f 1184/1/1184 1199/1/1199 1198/1/1198 
f 1170/1/1170 1175/1/1175 1200/1/1200 
f 1213/1/1213 1211/1/1211 1207/1/1207 
f 1254/1/1254 1253/1/1253 1255/1/1255 
f 1257/1/1257 1246/1/1246 1245/1/1245 
f 1258/1/1258 1257/1/1257 1259/1/1259 
f 1263/1/1263 1264/1/1264 1261/1/1261 
f 1258/1/1258 1261/1/1261 1264/1/1264 
f 1260/1/1260 1265/1/1265 1261/1/1261 
f 1274/1/1274 1276/1/1276 1272/1/1272 
f 1256/1/1256 1274/1/1274 1273/1/1273 
f 1275/1/1275 1274/1/1274 1256/1/1256 
f 1276/1/1276 1274/1/1274 1275/1/1275 
f 862/1/862 1277/1/1277 1101/1/1101 
f 1275/1/1275 1277/1/1277 1278/1/1278 
f 1270/1/1270 1283/1/1283 1282/1/1282 
f 1250/1/1250 1282/1/1282 1283/1/1283 
f 1263/1/1263 1281/1/1281 1290/1/1290 
f 1291/1/1291 1294/1/1294 1264/1/1264 
f 1299/1/1299 1298/1/1298 1293/1/1293 
f 1315/1/1315 1312/1/1312 1313/1/1313 
f 1310/1/1310 1319/1/1319 1318/1/1318 
f 1315/1/1315 1330/1/1330 1328/1/1328 
f 1314/1/1314 1332/1/1332 1330/1/1330 
f 1352/1/1352 1351/1/1351 1359/1/1359 
f 1367/1/1367 1366/1/1366 1372/1/1372 
f 1375/1/1375 1386/1/1386 1389/1/1389 
f 1387/1/1387 1386/1/1386 1390/1/1390 
f 1152/1/1152 1151/1/1151 1404/1/1404 
f 1150/1/1150 1385/1/1385 1409/1/1409 
f 1174/1/1174 1407/1/1407 1413/1/1413 
f 1415/1/1415 1416/1/1416 1413/1/1413 
f 1419/1/1419 1420/1/1420 1417/1/1417 
f 594/1/594 1423/1/1423 1422/1/1422 
f 1424/1/1424 1423/1/1423 594/1/594 
f 1415/1/1415 1421/1/1421 1423/1/1423 
f 1425/1/1425 1426/1/1426 1420/1/1420 
f 1403/1/1403 1421/1/1421 1426/1/1426 
f 593/1/593 1183/1/1183 1427/1/1427 
f 1194/1/1194 1416/1/1416 1427/1/1427 
f 1397/1/1397 1425/1/1425 1428/1/1428 
f 1408/1/1408 1430/1/1430 1418/1/1418 
f 1384/1/1384 1393/1/1393 1430/1/1430 
f 1429/1/1429 1430/1/1430 1393/1/1393 
f 1400/1/1400 1431/1/1431 1434/1/1434 
f 1371/1/1371 1437/1/1437 1436/1/1436 
f 1438/1/1438 1443/1/1443 1439/1/1439 
f 1445/1/1445 1369/1/1369 1370/1/1370 
f 1483/1/1483 1484/1/1484 1480/1/1480 
f 1481/1/1481 1480/1/1480 1484/1/1484 
f 1485/1/1485 1489/1/1489 1488/1/1488 
f 1491/1/1491 1488/1/1488 1489/1/1489 
f 1503/1/1503 1502/1/1502 1507/1/1507 
f 1401/1/1401 1434/1/1434 1508/1/1508 
f 1497/1/1497 1508/1/1508 1434/1/1434 
f 1521/1/1521 1522/1/1522 1519/1/1519 
f 1518/1/1518 1517/1/1517 1541/1/1541 
f 1542/1/1542 1541/1/1541 1534/1/1534 
f 1580/1/1580 1581/1/1581 1579/1/1579 
f 831/1/831 1582/1/1582 1581/1/1581 
f 831/1/831 830/1/830 1584/1/1584 
f 1582/1/1582 1584/1/1584 1585/1/1585 
f 1578/1/1578 1588/1/1588 1586/1/1586 
f 534/1/534 1586/1/1586 1588/1/1588 
f 533/1/533 1422/1/1422 1586/1/1586 
f 1587/1/1587 1586/1/1586 1422/1/1422 
f 1402/1/1402 1589/1/1589 1587/1/1587 
f 1591/1/1591 1590/1/1590 523/1/523 
f 1593/1/1593 1590/1/1590 1591/1/1591 
f 1568/1/1568 1567/1/1567 1594/1/1594 
f 1595/1/1595 1594/1/1594 1567/1/1567 
f 1577/1/1577 1594/1/1594 1597/1/1597 
f 508/1/508 507/1/507 1601/1/1601 
f 1583/1/1583 1593/1/1593 1603/1/1603 
f 1602/1/1602 1605/1/1605 1597/1/1597 
f 1608/1/1608 1607/1/1607 1580/1/1580 
f 839/1/839 838/1/838 1607/1/1607 
f 846/1/846 1615/1/1615 1614/1/1614 
f 1611/1/1611 1614/1/1614 1615/1/1615 
f 1619/1/1619 1620/1/1620 1618/1/1618 
f 1616/1/1616 1622/1/1622 1621/1/1621 
f 1609/1/1609 1623/1/1623 1621/1/1621 
f 1626/1/1626 1627/1/1627 1624/1/1624 
f 1483/1/1483 1613/1/1613 1627/1/1627 
f 1624/1/1624 1627/1/1627 1613/1/1613 
f 1689/1/1689 1693/1/1693 1692/1/1692 
f 1697/1/1697 1698/1/1698 1695/1/1695 
f 1720/1/1720 1719/1/1719 1721/1/1721 
f 1722/1/1722 1721/1/1721 1723/1/1723 
f 1732/1/1732 1731/1/1731 1237/1/1237 
f 1734/1/1734 1731/1/1731 1732/1/1732 
f 1530/1/1530 1742/1/1742 1741/1/1741 
f 1736/1/1736 1735/1/1735 1741/1/1741 
f 1747/1/1747 1748/1/1748 1745/1/1745 
f 1733/1/1733 1758/1/1758 1757/1/1757 
f 1794/1/1794 1797/1/1797 1798/1/1798 
f 147/1/147 1800/1/1800 1798/1/1798 
f 48/1/48 1789/1/1789 1802/1/1802 
f 49/1/49 1802/1/1802 1803/1/1803 
f 1814/1/1814 1813/1/1813 1816/1/1816 
f 1817/1/1817 1816/1/1816 1827/1/1827 
f 1071/1/1071 1827/1/1827 1816/1/1816 
f 1833/1/1833 1834/1/1834 1831/1/1831 
f 1830/1/1830 1829/1/1829 1835/1/1835 
f 1122/1/1122 1841/1/1841 1844/1/1844 
f 1877/1/1877 1879/1/1879 1878/1/1878 
f 1742/1/1742 1878/1/1878 1879/1/1879 
f 1927/1/1927 1928/1/1928 1925/1/1925 
f 1930/1/1930 1925/1/1925 1928/1/1928 
f 1758/1/1758 1934/1/1934 1935/1/1935 
f 1926/1/1926 1934/1/1934 1936/1/1936 
f 1942/1/1942 1940/1/1940 1133/1/1133 
f 1700/1/1700 1943/1/1943 1942/1/1942 
f 1945/1/1945 1950/1/1950 1952/1/1952 
f 1930/1/1930 1955/1/1955 1953/1/1953 
f 1955/1/1955 1930/1/1930 1929/1/1929 
f 1959/1/1959 1960/1/1960 1956/1/1956 
f 1885/1/1885 1968/1/1968 1969/1/1969 
f 1973/1/1973 1974/1/1974 1971/1/1971 
f 1972/1/1972 1971/1/1971 1975/1/1975 
f 2003/1/2003 2004/1/2004 2001/1/2001 
f 1694/1/1694 2005/1/2005 2001/1/2001 
f 2002/1/2002 2001/1/2001 2005/1/2005 
f 2045/1/2045 2046/1/2046 2043/1/2043 
f 2049/1/2049 2048/1/2048 1964/1/1964 
f 1693/1/1693 2074/1/2074 2005/1/2005 
f 1999/1/1999 2071/1/2071 2074/1/2074 
f 1861/1/1861 1864/1/1864 2079/1/2079 
f 1923/1/1923 1951/1/1951 2124/1/2124 
f 2026/1/2026 2124/1/2124 2125/1/2125 
f 2120/1/2120 2126/1/2126 2127/1/2127 
f 1121/1/1121 2141/1/2141 2137/1/2137 
f 2138/1/2138 2137/1/2137 2141/1/2141 
f 2142/1/2142 2141/1/2141 2143/1/2143 
f 2138/1/2138 2150/1/2150 2151/1/2151 
f 1358/1/1358 2156/1/2156 2152/1/2152 
f 2153/1/2153 2152/1/2152 2156/1/2156 
f 2156/1/2156 2158/1/2158 2161/1/2161 
f 2168/1/2168 2167/1/2167 1465/1/1465 
f 1976/1/1976 1975/1/1975 2175/1/2175 
f 2198/1/2198 2197/1/2197 1990/1/1990 
f 2207/1/2207 2206/1/2206 1891/1/1891 
f 2053/1/2053 2214/1/2214 1969/1/1969 
f 2211/1/2211 2214/1/2214 2215/1/2215 
f 1897/1/1897 2220/1/2220 2223/1/2223 
f 1938/1/1938 2225/1/2225 2224/1/2224 
f 2018/1/2018 2225/1/2225 1938/1/1938 
f 2221/1/2221 2226/1/2226 2227/1/2227 
f 2052/1/2052 2051/1/2051 2231/1/2231 
f 1898/1/1898 2223/1/2223 2232/1/2232 
f 1929/1/1929 1928/1/1928 2237/1/2237 
f 2234/1/2234 2237/1/2237 2238/1/2238 
f 2144/1/2144 2239/1/2239 2238/1/2238 
f 50/1/50 1803/1/1803 2247/1/2247 
f 2058/1/2058 2057/1/2057 2247/1/2247 
f 1814/1/1814 2267/1/2267 2127/1/2127 
f 1717/1/1717 2022/1/2022 2270/1/2270 
f 325/1/325 330/1/330 2271/1/2271 
f 2082/1/2082 2271/1/2271 330/1/330 
f 2085/1/2085 2272/1/2272 2271/1/2271 
f 2080/1/2080 2273/1/2273 1862/1/1862 
f 2139/1/2139 2151/1/2151 2274/1/2274 
f 844/1/844 2279/1/2279 2277/1/2277 
f 2278/1/2278 2277/1/2277 2279/1/2279 
f 2294/1/2294 2298/1/2298 2297/1/2297 
f 2297/1/2297 2298/1/2298 835/1/835 
f 1622/1/1622 2299/1/2299 2297/1/2297 
f 2278/1/2278 2299/1/2299 1622/1/1622 
f 1576/1/1576 2309/1/2309 1569/1/1569 
f 1554/1/1554 2311/1/2311 2310/1/2310 
f 2310/1/2310 2311/1/2311 2312/1/2312 
f 2368/1/2368 2371/1/2371 2365/1/2365 
f 2370/1/2370 2369/1/2369 2375/1/2375 
f 2373/1/2373 2379/1/2379 2382/1/2382 
f 1495/1/1495 2437/1/2437 1489/1/1489 
f 1494/1/1494 1626/1/1626 2439/1/2439 
f 1625/1/1625 1645/1/1645 2439/1/2439 
f 2457/1/2457 2458/1/2458 2455/1/2455 
f 2466/1/2466 2464/1/2464 2463/1/2463 
f 2475/1/2475 2476/1/2476 2473/1/2473 
f 150/1/150 2483/1/2483 2486/1/2486 
f 2492/1/2492 2491/1/2491 2493/1/2493 
f 2620/1/2620 2619/1/2619 176/1/176 
f 2624/1/2624 2625/1/2625 2622/1/2622 
f 2688/1/2688 2687/1/2687 2689/1/2689 
f 2690/1/2690 2689/1/2689 2691/1/2691 
f 2695/1/2695 2694/1/2694 2702/1/2702 
f 151/1/151 2486/1/2486 2710/1/2710 
f 2474/1/2474 2712/1/2712 2713/1/2713 
f 2707/1/2707 2706/1/2706 2721/1/2721 
f 2475/1/2475 2713/1/2713 2728/1/2728 
f 2720/1/2720 2728/1/2728 2713/1/2713 
f 2729/1/2729 2735/1/2735 2734/1/2734 
f 2719/1/2719 2736/1/2736 2735/1/2735 
f 2733/1/2733 2737/1/2737 1866/1/1866 
f 1335/1/1335 2753/1/2753 2756/1/2756 
f 2767/1/2767 2766/1/2766 1473/1/1473 
f 1882/1/1882 1890/1/1890 2768/1/2768 
f 2538/1/2538 2786/1/2786 2789/1/2789 
f 2784/1/2784 2798/1/2798 2797/1/2797 
f 2787/1/2787 2797/1/2797 2798/1/2798 
f 1137/1/1137 2810/1/2810 2809/1/2809 
f 2822/1/2822 2821/1/2821 2815/1/2815 
f 2494/1/2494 2846/1/2846 2847/1/2847 
f 2865/1/2865 2872/1/2872 2871/1/2871 
f 1245/1/1245 1244/1/1244 2873/1/2873 
f 1269/1/1269 2873/1/2873 2876/1/2876 
f 2539/1/2539 2789/1/2789 2877/1/2877 
f 2828/1/2828 2882/1/2882 2883/1/2883 
f 1251/1/1251 1283/1/1283 2882/1/2882 
f 2829/1/2829 2883/1/2883 2884/1/2884 
f 1491/1/1491 2939/1/2939 1471/1/1471 
f 2940/1/2940 2949/1/2949 2767/1/2767 
f 2750/1/2750 2958/1/2958 2512/1/2512 
f 2749/1/2749 2950/1/2950 2958/1/2958 
f 2964/1/2964 2969/1/2969 2965/1/2965 
f 1555/1/1555 2310/1/2310 2973/1/2973 
f 2426/1/2426 2979/1/2979 2980/1/2980 
f 2978/1/2978 2994/1/2994 1556/1/1556 
f 2977/1/2977 2995/1/2995 2994/1/2994 
f 2991/1/2991 2994/1/2994 2995/1/2995 
f 2998/1/2998 2997/1/2997 2528/1/2528 
f 3011/1/3011 3010/1/3010 2962/1/2962 
f 3058/1/3058 3059/1/3059 2631/1/2631 
f 2507/1/2507 3060/1/3060 3063/1/3063 
f 3062/1/3062 3071/1/3071 3073/1/3073 
f 1450/1/1450 3087/1/3087 2933/1/2933 
f 1447/1/1447 3083/1/3083 3087/1/3087 
f 1368/1/1368 2918/1/2918 3089/1/3089 
f 3106/1/3106 3105/1/3105 3107/1/3107 
f 3140/1/3140 3139/1/3139 3106/1/3106 
f 3136/1/3136 3135/1/3135 3139/1/3139 
f 2372/1/2372 3139/1/3139 3135/1/3135 
f 3112/1/3112 3141/1/3141 3146/1/3146 
f 3108/1/3108 3146/1/3146 3191/1/3191 
f 3192/1/3192 3191/1/3191 3146/1/3146 
f 3197/1/3197 3515/1/3515 3194/1/3194 
f 3174/1/3174 3515/1/3515 3197/1/3197 
f 3138/1/3138 3515/1/3515 3174/1/3174 
f 3194/1/3194 3515/1/3515 3138/1/3138 
f 3202/1/3202 3203/1/3203 3195/1/3195 
f 23/1/23 3207/1/3207 3210/1/3210 
f 3257/1/3257 3265/1/3265 3255/1/3255 
f 3257/1/3257 3266/1/3266 3264/1/3264 
f 3273/1/3273 3272/1/3272 3274/1/3274 
f 3278/1/3278 3516/1/3516 3276/1/3276 
f 3275/1/3275 3279/1/3279 3280/1/3280 
f 3287/1/3287 3517/1/3517 3516/1/3516 
f 3341/1/3341 3340/1/3340 3337/1/3337 
f 700/1/700 3344/1/3344 3347/1/3347 
f 3339/1/3339 3351/1/3351 3352/1/3352 
f 3358/1/3358 3518/1/3518 2454/1/2454 
f 3360/1/3360 3518/1/3518 3358/1/3358 
f 3361/1/3361 3364/1/3364 3359/1/3359 
f 3367/1/3367 3371/1/3371 3370/1/3370 
f 3359/1/3359 3370/1/3370 3371/1/3371 
f 3414/1/3414 3410/1/3410 3412/1/3412 
f 3413/1/3413 3416/1/3416 3415/1/3415 
f 3430/1/3430 3431/1/3431 3428/1/3428 
f 3441/1/3441 3442/1/3442 3439/1/3439 
f 3440/1/3440 3439/1/3439 3436/1/3436 
f 2457/1/2457 2460/1/2460 3444/1/3444 
f 3450/1/3450 3451/1/3451 3442/1/3442 
f 3211/1/3211 3209/1/3209 3451/1/3451 
f 3212/1/3212 3452/1/3452 4/1/4 
f 3211/1/3211 3453/1/3453 3452/1/3452 
f 3458/1/3458 3457/1/3457 3440/1/3440 
f 3256/1/3256 3470/1/3470 3469/1/3469 
f 3498/1/3498 3499/1/3499 3496/1/3496 
f 3447/1/3447 3500/1/3500 2469/1/2469 
f 3446/1/3446 3498/1/3498 3500/1/3500 
f 3364/1/3364 3503/1/3503 3370/1/3370 
f 3487/1/3487 3486/1/3486 3504/1/3504 
f 3505/1/3505 3504/1/3504 3369/1/3369 
# 6970 faces

