# 3ds Max Wavefront OBJ Exporter v0.99 - (c)2007 guruware
# File Created: 21.10.2024 15:01:37

mtllib ala2.mtl

#
# object Ala_Izquierda
#

v  -1.3599 0.7524 1.4468
v  -1.3297 0.6033 1.2497
v  -1.2907 0.5275 1.3178
v  -1.3082 0.6863 1.5107
v  -1.3192 0.8271 1.7005
v  -1.3794 0.8952 1.6372
v  -1.4322 0.9482 1.5829
v  -1.4061 0.8029 1.3915
v  -1.3795 0.6485 1.2008
v  -1.3846 1.0085 1.8127
v  -1.3834 1.0924 1.9587
v  -1.4539 1.1773 1.9093
v  -1.4464 1.0761 1.7611
v  -1.3195 0.9245 1.8695
v  -1.3134 0.9914 2.0089
v  -1.2060 0.8484 1.9240
v  -1.2128 0.7491 1.7716
v  -0.9902 0.7684 1.7552
v  -0.9797 0.8591 1.9141
v  -0.9845 0.8677 2.0560
v  -1.1957 0.9102 2.0500
v  -1.1738 0.4910 1.3696
v  -0.9764 0.5273 1.3452
v  -0.9899 0.6396 1.5647
v  -1.1970 0.6292 1.5763
v  -0.2080 0.3958 1.4574
v  -0.0859 0.3141 1.4599
v  -0.0322 0.4213 1.6271
v  -0.1700 0.5010 1.6407
v  -0.3785 0.5972 1.6703
v  -0.4007 0.4904 1.4725
v  -0.4217 0.3765 1.2660
v  -0.2460 0.2777 1.2593
v  -0.1357 0.1962 1.2670
v  -0.6887 0.6166 1.5010
v  -0.6937 0.4939 1.2920
v  -0.6762 0.7421 1.7004
v  -0.6720 -0.0360 0.4135
v  -0.4901 -0.1017 0.4079
v  -0.4762 -0.0778 0.4805
v  -0.6679 0.0020 0.5018
v  -0.8824 0.0689 0.4882
v  -0.8565 -0.0413 0.4728
v  0.2285 -0.5491 0.3503
v  0.2495 -0.5159 0.4211
v  0.1787 -0.4818 0.4294
v  0.1541 -0.5179 0.3480
v  0.1098 -0.4459 0.4374
v  0.0818 -0.4830 0.3478
v  -0.2782 -0.2181 0.3833
v  -0.2536 -0.2000 0.4586
v  -0.3419 -0.1413 0.4640
v  -0.3634 -0.1602 0.3915
v  -1.0477 -0.0277 0.5494
v  -0.9866 -0.1146 0.5440
v  -0.8341 1.1204 1.0314
v  -0.7230 1.0148 1.0771
v  -0.7510 0.9059 0.8712
v  -0.8542 1.0161 0.8229
v  -0.9851 1.0847 0.7834
v  -0.9498 1.2123 0.9699
v  -0.9168 1.3304 1.1606
v  -0.8178 1.2207 1.2393
v  -0.6915 1.1214 1.2795
v  -0.4945 1.1200 1.4776
v  -0.4515 1.2132 1.6042
v  -0.2976 1.1282 1.6112
v  -0.3402 1.0372 1.4813
v  -0.3832 0.9418 1.2999
v  -0.5358 1.0231 1.2991
v  -0.6582 1.2145 1.4603
v  -0.6265 1.2979 1.5983
v  -0.7999 1.3137 1.4238
v  -0.8880 1.4346 1.3312
v  -0.8519 1.5412 1.4404
v  -0.7574 1.4137 1.5443
v  -1.1277 1.2054 0.9499
v  -1.2850 1.1135 0.9915
v  -1.2632 1.2667 1.1532
v  -1.0922 1.3381 1.1292
v  -1.1621 1.0685 0.7803
v  -1.3027 0.9610 0.8459
v  -1.7395 2.3721 2.9536
v  -1.8099 2.3892 2.9064
v  -1.7584 2.1788 2.7761
v  -1.6734 2.1432 2.8275
v  -1.5775 2.1217 2.8666
v  -1.6572 2.3632 2.9892
v  -1.7502 2.5758 3.1434
v  -1.8265 2.5812 3.1033
v  -1.8799 2.5918 3.0487
v  -1.1839 0.9535 2.1408
v  -0.9805 0.8896 2.1465
v  -0.9678 0.9256 2.2072
v  -1.1655 0.9969 2.2108
v  -1.2928 1.0820 2.1894
v  -1.3036 1.0413 2.1081
v  -1.1432 1.0452 2.2765
v  -0.9498 0.9738 2.2570
v  -0.9313 1.0412 2.2869
v  -1.1208 1.1079 2.3233
v  -1.2621 1.1782 2.3306
v  -1.2778 1.1268 2.2687
v  -1.3850 1.1873 2.1422
v  -1.3824 1.1480 2.0606
v  -1.4651 1.2885 2.0883
v  -1.4603 1.2416 2.0109
v  -1.3886 1.2257 2.2257
v  -1.3923 1.2695 2.2965
v  -1.4851 1.3847 2.2349
v  -1.4726 1.3338 2.1654
v  -0.6627 0.8044 1.8885
v  -0.3475 0.6868 1.8541
v  -0.3560 0.6546 2.0315
v  -0.6769 0.7644 2.0572
v  -0.6842 0.7681 2.1621
v  -0.3721 0.6461 2.1519
v  -0.3739 0.6937 2.2256
v  -0.6778 0.8137 2.2220
v  -0.6643 0.8776 2.2480
v  -0.3644 0.7683 2.2549
v  -0.3523 0.8452 2.2558
v  -0.6516 0.9488 2.2552
v  -0.1274 0.5824 1.8041
v  0.0226 0.4949 1.7659
v  0.0424 0.4922 1.9128
v  -0.1171 0.5747 1.9680
v  1.7093 0.0347 1.8549
v  1.6456 0.0073 1.8012
v  1.7009 0.0998 1.7075
v  1.7648 0.1438 1.7620
v  1.7921 0.1775 1.8116
v  1.7356 0.0697 1.9038
v  1.6026 0.0408 1.9726
v  1.5789 0.0118 1.9274
v  1.5668 -0.0019 1.8669
v  1.7154 0.1631 1.9876
v  1.6487 0.1229 2.0219
v  1.6272 0.0788 2.0040
v  1.7476 0.1097 1.9470
v  1.7937 0.2111 1.8658
v  1.7558 0.2460 1.9305
v  1.5389 0.1704 1.6446
v  1.5574 0.0883 1.6852
v  1.4002 0.0831 1.6520
v  1.4066 0.1276 1.5940
v  1.3733 0.1951 1.5758
v  1.4877 0.2438 1.6317
v  1.5888 0.2880 1.6523
v  1.6710 0.2029 1.6550
v  -0.8284 1.6088 1.4975
v  -0.7287 1.4863 1.6106
v  -0.8202 1.6603 1.5433
v  -0.7064 1.5457 1.6410
v  -0.5725 1.4389 1.6932
v  -0.6096 1.3648 1.6820
v  0.7014 0.1688 1.7800
v  0.6348 0.0467 1.6220
v  0.7442 -0.0068 1.6132
v  0.8279 0.1114 1.7674
v  0.8914 0.1549 1.9308
v  0.7362 0.2005 1.9578
v  0.6034 0.2635 1.9673
v  0.5823 0.2264 1.7886
v  0.5270 0.1030 1.6275
v  0.7639 0.2139 2.0785
v  0.9288 0.1655 2.0449
v  0.9634 0.1990 2.1138
v  0.7974 0.2586 2.1480
v  0.6526 0.3106 2.1707
v  0.6228 0.2627 2.0983
v  0.3835 1.0073 1.6889
v  0.4370 1.0990 1.7322
v  0.5971 0.9644 1.7521
v  0.5413 0.8926 1.7073
v  0.4743 0.8092 1.7071
v  0.3259 0.9150 1.6914
v  0.2111 1.0098 1.6801
v  0.2521 1.1063 1.6869
v  0.2878 1.1974 1.7425
v  0.4576 1.1344 1.8395
v  0.4374 1.1026 1.9408
v  0.6001 0.9637 1.9148
v  0.6111 0.9815 1.8353
v  0.3082 1.2417 1.8519
v  0.2959 1.2165 1.9635
v  0.3707 0.9916 2.0780
v  0.4096 1.0537 2.0143
v  0.2691 1.1643 2.0414
v  0.2362 1.1056 2.1076
v  0.5396 0.8644 2.0480
v  0.5736 0.9207 1.9808
v  -0.7021 1.5978 1.6879
v  -0.8267 1.7169 1.6077
v  -0.8425 1.7644 1.6828
v  -0.7107 1.6388 1.7469
v  -0.5509 1.5349 1.7821
v  -0.5534 1.4969 1.7286
v  -0.7246 1.6678 1.8097
v  -0.7335 1.6821 1.8817
v  -0.5718 1.5541 1.9062
v  -0.5593 1.5542 1.8421
v  -0.8597 1.8035 1.7651
v  -0.8659 1.8332 1.8527
v  -1.6188 1.9072 2.7142
v  -1.7119 1.9649 2.6513
v  -1.6442 1.7843 2.5268
v  -1.5424 1.7113 2.5813
v  -1.4150 1.6661 2.6057
v  -1.5039 1.8742 2.7518
v  -1.3944 1.8603 2.7664
v  -1.2922 1.6420 2.6057
v  -1.1059 1.5880 2.6190
v  -1.2085 1.8133 2.7944
v  -1.3049 2.0562 2.9630
v  -1.4823 2.1129 2.8985
v  -0.8616 1.6878 2.8666
v  -0.7840 1.4696 2.6625
v  -0.4512 1.2809 2.7599
v  -0.5004 1.4811 3.0003
v  -0.5595 1.6970 3.2440
v  -0.9440 1.9165 3.0736
v  -0.1762 1.3226 3.1054
v  -0.1484 1.1514 2.8305
v  0.0831 1.0480 2.8897
v  0.0804 1.2137 3.1797
v  0.0560 1.3945 3.4763
v  -0.2174 1.5170 3.3820
v  2.0078 0.6754 3.4659
v  2.1911 0.8362 3.8753
v  2.2018 0.7645 3.8793
v  1.9208 0.5168 3.0278
v  1.8779 0.5731 3.0255
v  1.8247 0.6047 3.0212
v  1.9590 0.7034 3.4757
v  2.1600 0.8924 3.8788
v  0.6146 1.3394 3.1105
v  0.8739 1.1756 3.1725
v  0.7648 1.0800 2.8370
v  0.5260 1.2144 2.8209
v  0.3108 1.3177 2.8177
v  0.3666 1.4522 3.0818
v  0.4064 1.5988 3.3626
v  0.6808 1.4845 3.4125
v  0.9737 1.3278 3.5009
v  -0.7912 2.0836 2.6894
v  -0.7791 1.9346 2.5095
v  -0.9539 2.0765 2.4280
v  -0.9873 2.2165 2.5886
v  -1.0369 2.3894 2.7473
v  -0.8205 2.2606 2.8639
v  -0.5914 2.1442 2.9576
v  -0.5780 1.9754 2.7616
v  -0.5886 1.8197 2.5682
v  1.0319 0.8205 3.3832
v  1.0950 1.0138 3.7404
v  0.8415 1.1004 3.6849
v  0.8080 0.9109 3.3398
v  0.7840 0.7793 2.9693
v  0.9980 0.7301 2.9804
v  1.2300 0.6325 3.0084
v  1.2872 0.7115 3.4340
v  1.3747 0.8889 3.8206
v  -1.1341 2.4409 2.3963
v  -1.0885 2.3118 2.2676
v  -1.3507 2.4003 2.1985
v  -1.3881 2.5372 2.2873
v  -1.4359 2.7059 2.3988
v  -1.1962 2.6016 2.5369
v  1.6612 0.3423 1.9872
v  1.7313 0.3224 1.8954
v  1.6700 0.3940 1.8786
v  1.6227 0.4064 1.9686
v  1.5843 0.4273 2.0606
v  1.6140 0.3733 2.0868
v  1.6241 0.3254 2.1118
v  1.6703 0.2857 2.0112
v  0.8310 0.3197 2.1898
v  1.0010 0.2522 2.1623
v  1.0360 0.3207 2.1762
v  0.8587 0.3832 2.2058
v  0.7076 0.4492 2.2111
v  0.6826 0.3797 2.2033
v  -0.7400 1.6613 1.9669
v  -0.8553 1.8392 1.9554
v  -0.8634 1.8098 2.0414
v  -0.7357 1.6487 2.0484
v  -0.5841 1.5240 2.0411
v  -0.5895 1.5235 1.9711
v  -0.7688 1.7935 2.3317
v  -0.7478 1.6998 2.1807
v  -0.8913 1.8538 2.1494
v  -0.9219 1.9471 2.2734
v  -0.6019 1.6691 2.3718
v  -0.5991 1.5682 2.1999
v  -1.4026 1.3206 2.3416
v  -1.2603 1.2263 2.3640
v  -1.2828 1.3090 2.4021
v  -1.4250 1.4048 2.3858
v  -1.5362 1.5309 2.3457
v  -1.5052 1.4476 2.2890
v  -1.4725 1.5417 2.4666
v  -1.3354 1.4716 2.4793
v  -1.5814 1.6431 2.4236
v  -1.1129 1.1734 2.3513
v  -0.9220 1.1230 2.3051
v  -0.9384 1.2423 2.3474
v  -1.1346 1.2735 2.3885
v  -1.1990 1.4430 2.4697
v  -1.0071 1.3975 2.4633
v  -0.6422 1.0259 2.2616
v  -0.3458 0.9040 2.2729
v  -0.3601 0.9736 2.3574
v  -0.6524 1.1330 2.3268
v  -0.7091 1.2778 2.4775
v  -0.4020 1.1010 2.5344
v  -0.0925 0.8153 2.3082
v  0.0992 0.7337 2.3626
v  0.1077 0.8088 2.4244
v  -0.0956 0.8840 2.3859
v  -0.1031 0.7581 2.2835
v  0.0821 0.6740 2.3454
v  -0.1218 0.9927 2.5800
v  0.0907 0.8991 2.6283
v  1.6179 0.3953 2.1660
v  1.5827 0.4427 2.1409
v  1.6244 0.4716 2.2932
v  1.6628 0.4246 2.3119
v  1.6794 0.3721 2.3209
v  1.6330 0.3449 2.1838
v  1.7644 0.4919 2.6163
v  1.7178 0.5369 2.6029
v  1.7737 0.4334 2.6293
v  0.3681 0.9861 2.1747
v  0.2205 1.0810 2.2036
v  0.2414 1.1293 2.3415
v  0.3908 1.0209 2.3173
v  0.5765 0.9046 2.2853
v  0.5437 0.8696 2.1424
v  0.6570 0.9812 2.5295
v  0.4440 1.0966 2.5471
v  0.2627 1.1959 2.5634
v  -0.7315 1.6634 2.1020
v  -0.8748 1.8102 2.0886
v  -0.5870 1.5334 2.1014
v  -1.0483 2.1931 2.1445
v  -1.0160 2.0991 2.0425
v  -1.2736 2.1949 2.0079
v  -1.3106 2.2882 2.0979
v  -3.0070 4.0116 3.2959
v  -2.9897 4.0342 3.3388
v  -3.0185 4.0080 3.3412
v  -3.0430 3.9846 3.3106
v  -3.0635 3.9881 3.2747
v  -3.0405 4.0107 3.2557
v  -3.0008 4.0610 3.2435
v  -2.9708 4.0612 3.2901
v  -2.9494 4.0838 3.3374
v  -3.1378 4.1292 3.2559
v  -3.1551 4.0797 3.3007
v  -3.1332 4.1220 3.3187
v  -3.1160 4.1634 3.2993
v  -3.0702 4.2371 3.2751
v  -3.0859 4.1977 3.2272
v  -3.0756 4.1424 3.1959
v  -3.1302 4.0777 3.2197
v  -3.1502 4.0284 3.2763
v  -3.0905 4.1836 3.3420
v  -3.1202 4.1231 3.3571
v  -3.0886 4.1338 3.3864
v  -3.0588 4.1818 3.3816
v  -3.0098 4.2536 3.3734
v  -3.0433 4.2570 3.3248
v  -2.9819 4.0601 3.3829
v  -2.9341 4.1183 3.3834
v  -2.9392 4.1651 3.4230
v  -2.9957 4.1006 3.4153
v  -3.0533 4.0486 3.3978
v  -3.0312 4.0152 3.3706
v  -2.9208 4.1258 3.2936
v  -2.9016 4.1505 3.3402
v  -2.9483 4.1310 3.2454
v  -2.8809 4.1866 3.2494
v  -2.8593 4.1817 3.3030
v  -2.8335 4.1923 3.3538
v  -2.9755 4.1611 3.1984
v  -3.0386 4.0867 3.1966
v  -3.0036 4.2156 3.1677
v  -2.9134 4.2740 3.1611
v  -2.9011 4.2212 3.2021
v  -3.0161 4.2831 3.1933
v  -3.0050 4.3326 3.2473
v  -2.9058 4.4060 3.2245
v  -2.9187 4.3509 3.1675
v  -2.9743 4.3466 3.3080
v  -2.9402 4.3351 3.3642
v  -2.8521 4.4005 3.3563
v  -2.8802 4.4191 3.2937
v  -2.9060 4.2955 3.4079
v  -2.9727 4.2197 3.4125
v  -2.8783 4.2366 3.4213
v  -2.8131 4.2937 3.4255
v  -2.8272 4.3537 3.4006
v  -2.8805 4.1865 3.3828
v  -2.8138 4.2263 3.4108
v  -2.7915 4.1883 3.3187
v  -2.7729 4.1969 3.3815
v  -2.8088 4.1998 3.2595
v  -2.7415 4.1932 3.2753
v  -2.7313 4.1832 3.3391
v  -2.7159 4.2025 3.3987
v  -2.8187 4.2356 3.2071
v  -2.8191 4.2922 3.1721
v  -2.7357 4.2897 3.1924
v  -2.7424 4.2282 3.2178
v  -2.8089 4.3641 3.1756
v  -2.7926 4.4206 3.2239
v  -2.6999 4.4042 3.2428
v  -2.7194 4.3538 3.2015
v  -2.7733 4.4352 3.2928
v  -2.7554 4.4163 3.3550
v  -2.6711 4.4190 3.3683
v  -2.6820 4.4346 3.3029
v  -2.7450 4.3148 3.4283
v  -2.7452 4.3736 3.4030
v  -2.6794 4.3152 3.4407
v  -2.6707 4.3752 3.4165
v  -2.7573 4.2480 3.4264
v  -2.6985 4.2511 3.4401
v  -2.6843 4.2211 2.7392
v  -2.6009 4.2084 2.7872
v  -2.6418 4.1933 2.8401
v  -2.7217 4.2069 2.7942
v  -2.7943 4.2250 2.7553
v  -2.7543 4.2408 2.6926
v  -2.7076 4.2806 2.6821
v  -2.6516 4.2694 2.7041
v  -2.5651 4.2542 2.7481
v  -2.6146 4.1524 2.9592
v  -2.5480 4.1378 3.0093
v  -2.5745 4.1962 3.0616
v  -2.6306 4.2251 3.0010
v  -2.7092 4.2407 2.9440
v  -2.6931 4.1697 2.9029
v  -2.5579 4.1815 2.8993
v  -2.4845 4.1613 2.9592
v  -2.6381 4.2898 3.0257
v  -2.5742 4.2700 3.0816
v  -2.5416 4.3406 3.0617
v  -2.6137 4.3588 3.0103
v  -2.7164 4.3049 2.9683
v  -2.6997 4.3747 2.9620
v  -2.5774 4.4033 2.9731
v  -2.5061 4.3955 3.0355
v  -2.4606 4.4254 2.9936
v  -2.5377 4.4247 2.9268
v  -2.6200 4.4447 2.8737
v  -2.6646 4.4293 2.9290
v  -2.4977 4.4164 2.8739
v  -2.4095 4.4188 2.9378
v  -2.3740 4.3695 2.8897
v  -2.4668 4.3777 2.8259
v  -2.5524 4.3929 2.7649
v  -2.5779 4.4428 2.8132
v  -2.4559 4.3111 2.7977
v  -2.3628 4.2964 2.8628
v  -2.4053 4.2358 2.8960
v  -2.4787 4.2423 2.8125
v  -2.5482 4.3243 2.7414
v  -2.5179 4.2049 2.8541
v  -2.4439 4.1999 2.9297
v  -2.6841 4.2187 3.2280
v  -2.6846 4.1875 3.2922
v  -2.6752 4.2834 3.2024
v  -2.6240 4.2816 3.2078
v  -2.6332 4.2162 3.2361
v  -2.6319 4.1839 3.3024
v  -2.6572 4.3493 3.2134
v  -2.6039 4.3513 3.2156
v  -2.6358 4.4051 3.2518
v  -2.5807 4.4057 3.2612
v  -2.6177 4.4387 3.3160
v  -2.6084 4.4200 3.3860
v  -2.5526 4.4165 3.4023
v  -2.5619 4.4415 3.3284
v  -2.6102 4.3709 3.4327
v  -2.6221 4.3097 3.4578
v  -2.5660 4.2953 3.4789
v  -2.5538 4.3615 3.4513
v  -2.6428 4.2445 3.4567
v  -2.6597 4.1971 3.4159
v  -2.6083 4.1713 3.4306
v  -2.5886 4.2230 3.4757
v  -2.6755 4.1778 3.3581
v  -2.6220 4.1647 3.3671
v  -2.5865 4.2215 3.2328
v  -2.5717 4.2922 3.2090
v  -2.5220 4.3032 3.2085
v  -2.5415 4.2287 3.2228
v  -2.5375 4.1585 3.2662
v  -2.5774 4.1787 3.2989
v  -2.5430 4.2480 3.1218
v  -2.5444 4.1648 3.0957
v  -2.5303 4.1207 3.1298
v  -2.5299 4.2318 3.1479
v  -2.4762 4.3103 3.1492
v  -2.4980 4.3250 3.1099
v  -2.4506 4.3684 3.1927
v  -2.4922 4.3673 3.2165
v  -2.4554 4.4020 3.2638
v  -2.4044 4.3995 3.2311
v  -2.3612 4.4010 3.1614
v  -2.4345 4.3711 3.1505
v  -2.4785 4.3012 3.1907
v  -2.5461 4.3593 3.2209
v  -2.5180 4.4077 3.2682
v  -2.4580 4.3858 3.0981
v  -2.4023 4.4157 3.0670
v  -2.4987 4.4421 3.3366
v  -2.4908 4.4151 3.4158
v  -2.4241 4.4107 3.4208
v  -2.4332 4.4325 3.3329
v  -2.4927 4.3474 3.4715
v  -2.5073 4.2711 3.5082
v  -2.4518 4.2502 3.5462
v  -2.4285 4.3359 3.4922
v  -2.5475 4.1350 3.1994
v  -2.5186 4.2260 3.1857
v  -2.3411 4.4035 3.0172
v  -2.2837 4.3808 3.1138
v  -2.2247 4.3444 3.0661
v  -2.2943 4.3585 2.9669
v  -2.1100 4.2732 3.1431
v  -2.0189 4.2630 3.2641
v  -2.0015 4.1852 3.2288
v  -2.1100 4.1982 3.1276
v  -2.2462 4.1858 3.0375
v  -2.1924 4.2752 3.0180
v  -2.1551 4.3280 3.1895
v  -2.0824 4.3178 3.3135
v  -2.2738 4.2817 2.9251
v  -2.3391 4.2186 2.9718
v  -2.3302 4.1268 3.0343
v  -2.3839 4.1693 2.9921
v  -2.3958 4.0677 3.0445
v  -2.4360 4.1293 3.0102
v  -2.5040 4.1188 3.0457
v  -2.4825 4.0733 3.0684
v  -2.4597 4.0121 3.0871
v  -2.3895 3.9978 3.0574
v  -2.3690 3.9329 3.0624
v  -2.4341 3.9396 3.0994
v  -2.4920 3.9490 3.1699
v  -2.5105 4.0311 3.1535
v  -2.4032 3.8616 3.1055
v  -2.3507 3.8587 3.0554
v  -2.3160 3.7894 3.0593
v  -2.3655 3.7859 3.1061
v  -2.4160 3.7777 3.1687
v  -2.4608 3.8619 3.1729
v  -2.2438 3.8387 2.9780
v  -2.2291 3.7925 2.9597
v  -2.2138 3.7816 3.0166
v  -2.2445 3.8423 3.0209
v  -2.2754 3.8925 3.0137
v  -2.2736 3.8753 2.9610
v  -2.2578 3.8391 2.8912
v  -2.2865 3.8517 3.0468
v  -2.3131 3.9138 3.0442
v  -2.2503 3.7865 3.0519
v  -2.0742 3.5386 2.7921
v  -2.1086 3.5054 2.8411
v  -2.1609 3.6269 2.8644
v  -2.1290 3.6524 2.8059
v  -2.0751 3.6877 2.7781
v  -2.0215 3.5922 2.7754
v  -1.9408 3.4819 2.7815
v  -1.9943 3.4079 2.7759
v  -2.0524 3.3625 2.8072
v  -2.2255 3.8371 2.7817
v  -2.1488 3.8547 2.7286
v  -2.1202 3.7728 2.7588
v  -2.1806 3.7505 2.8027
v  -2.2104 3.7338 2.8761
v  -2.0547 3.8109 2.7593
v  -2.0795 3.8802 2.7195
v  -2.0214 3.9206 2.7453
v  -1.9999 3.8654 2.7935
v  -1.9657 3.8071 2.8267
v  -2.0157 3.7384 2.7828
v  -2.0912 4.1355 3.1171
v  -2.0612 4.0920 3.0936
v  -2.1509 4.0822 3.0579
v  -2.1997 4.1165 3.0774
v  -1.9922 4.1157 3.2005
v  -1.9790 4.0606 3.1604
v  -2.2752 4.0833 3.0592
v  -2.2213 4.0481 3.0578
v  -2.2689 4.0071 3.0322
v  -2.3233 4.0295 3.0540
v  -2.1908 4.0473 3.0073
v  -2.1793 4.0543 3.0312
v  -2.1172 4.0779 3.0317
v  -2.1058 4.0763 3.0000
v  -2.3310 3.9725 3.0479
v  -2.2968 3.9506 3.0142
v  -2.3138 3.9370 2.9557
v  -2.2824 4.0119 2.9624
v  -2.3042 4.0365 2.8585
v  -2.2917 3.9314 2.8697
v  -2.2018 4.0972 2.8930
v  -2.1992 4.0585 2.9609
v  -2.1019 4.0877 2.9577
v  -2.0984 4.1264 2.8984
v  -2.2429 3.9268 2.7535
v  -2.2380 4.0144 2.7152
v  -2.1620 4.0086 2.6109
v  -2.1572 3.9352 2.6741
v  -2.2319 4.0942 2.6610
v  -2.2641 4.1266 2.7568
v  -2.2298 4.1817 2.6893
v  -2.2153 4.1685 2.6096
v  -2.1799 4.1403 2.5538
v  -2.1727 4.0844 2.5667
v  -1.9755 4.0298 2.7149
v  -2.0250 3.9741 2.6805
v  -2.0252 4.0339 2.6159
v  -1.9794 4.0897 2.6480
v  -1.9696 4.1298 2.6944
v  -1.9650 4.1000 2.7578
v  -1.9720 4.0468 2.8454
v  -1.9841 3.9805 2.7937
v  -2.0868 3.9498 2.6620
v  -2.0859 4.0091 2.5870
v  -2.0034 4.1623 2.7912
v  -2.0050 4.1903 2.6867
v  -2.0735 4.2266 2.6907
v  -2.0868 4.1845 2.8038
v  -2.0080 4.1112 2.8854
v  -2.0981 4.0821 2.5191
v  -2.1228 4.1807 2.5041
v  -2.0572 4.1776 2.5469
v  -2.0347 4.1121 2.5620
v  -2.1862 4.1604 2.7985
v  -2.1650 4.2206 2.6924
v  -2.1477 4.2417 2.5849
v  -2.0617 4.2168 2.5967
v  -2.0085 4.1617 2.6100
v  -1.0615 1.4598 1.2854
v  -1.2406 1.4084 1.2940
v  -1.2215 1.5282 1.3959
v  -1.0360 1.5757 1.3865
v  -1.0192 1.6493 1.4382
v  -1.2091 1.6043 1.4522
v  -1.2036 1.6637 1.4966
v  -1.0129 1.7070 1.4788
v  -1.3358 1.5695 1.4730
v  -1.3594 1.4866 1.4108
v  -1.4698 1.4642 1.4140
v  -1.4408 1.5548 1.4813
v  -1.4214 1.6327 1.5360
v  -1.3204 1.6348 1.5226
v  -1.2050 1.7363 1.5573
v  -1.0160 1.7787 1.5378
v  -1.2099 1.8122 1.6281
v  -1.0239 1.8459 1.6118
v  -1.3159 1.7093 1.5854
v  -1.4176 1.7172 1.5905
v  -1.4162 1.7817 1.6635
v  -1.3175 1.7839 1.6551
v  -1.2141 1.8878 1.6990
v  -1.0300 1.9089 1.6995
v  -1.2157 1.9594 1.7655
v  -1.0258 1.9648 1.7866
v  -1.3211 1.8520 1.7230
v  -1.4168 1.8341 1.7353
v  -1.4245 1.8870 1.7967
v  -1.3281 1.9139 1.7877
v  -0.9964 2.0482 1.9857
v  -0.9927 2.0302 1.9569
v  -1.2187 2.0836 1.8908
v  -1.2408 2.1317 1.9432
v  -1.0062 2.0077 1.8814
v  -1.2141 2.0244 1.8291
v  -1.3399 1.9701 1.8474
v  -1.4387 1.9378 1.8537
v  -1.4749 1.9921 1.9149
v  -1.3681 2.0255 1.9102
v  -1.3896 1.3630 1.3074
v  -1.4159 1.2176 1.1722
v  -1.5645 1.2096 1.1884
v  -1.5039 1.3485 1.3152
v  -1.4291 1.0698 1.0155
v  -1.5467 1.0492 1.0251
v  -1.4421 0.9411 0.8653
v  -1.5483 0.9256 0.8846
v  -1.5682 0.9298 1.1271
v  -1.6034 1.0675 1.2939
v  -1.6377 1.1240 1.2152
v  -1.6109 0.9892 1.0650
v  -1.5935 0.8678 0.9250
v  -1.5523 0.8078 0.9701
v  -1.5591 1.4521 1.4156
v  -1.5685 1.3650 1.3364
v  -1.6231 1.3133 1.3072
v  -1.6405 1.4182 1.4125
v  -1.6619 1.2430 1.3483
v  -1.6368 1.1926 1.4349
v  -1.6921 1.2972 1.5492
v  -1.7018 1.3540 1.4604
v  -1.6560 1.5235 1.5112
v  -1.6652 1.6137 1.6021
v  -1.5524 1.6455 1.5490
v  -1.5569 1.5567 1.4780
v  -1.5998 1.1839 1.5325
v  -1.5577 1.0515 1.3767
v  -1.5261 1.0298 1.4625
v  -1.5543 1.1755 1.6280
v  -1.6294 1.2958 1.7826
v  -1.6640 1.2793 1.6481
v  -1.5056 1.1339 1.7027
v  -1.5335 1.2411 1.8504
v  -1.4819 0.9946 1.5278
v  -1.7253 1.3920 1.6385
v  -1.7362 1.4660 1.7232
v  -1.7319 1.5478 1.6608
v  -1.7261 1.4605 1.5652
v  -1.7021 1.3532 1.6989
v  -1.7057 1.3910 1.7746
v  -1.5516 1.3100 1.9583
v  -1.5508 1.3711 2.0370
v  -1.6463 1.4323 1.9896
v  -1.6418 1.3688 1.9057
v  -1.5534 1.7195 1.6152
v  -1.6740 1.6809 1.6718
v  -1.6835 1.7372 1.7298
v  -1.5589 1.7845 1.6761
v  -1.7187 1.4986 1.9257
v  -1.7108 1.4404 1.8511
v  -1.7501 1.5742 1.8544
v  -1.7428 1.5223 1.7930
v  -1.7316 1.6073 1.7336
v  -1.7369 1.6577 1.7922
v  -1.5655 1.8424 1.7359
v  -1.6917 1.7924 1.7884
v  -1.6957 1.8470 1.8467
v  -1.5717 1.8927 1.7958
v  -1.7454 1.7139 1.8492
v  -1.7560 1.6341 1.9139
v  -1.7564 1.6970 1.9674
v  -1.7488 1.7730 1.9054
v  -1.7241 1.5639 1.9944
v  -1.6406 1.5034 2.0612
v  -1.7239 1.6319 2.0422
v  -1.6477 1.5956 2.1253
v  -1.5513 1.4304 2.1112
v  -1.5608 1.4919 2.1794
v  -1.7449 1.8321 1.9598
v  -1.7508 1.7586 2.0130
v  -1.7406 1.8106 2.0653
v  -1.7350 1.8932 2.0159
v  -1.6873 1.9552 1.9627
v  -1.6921 1.9003 1.9028
v  -1.5757 1.9368 1.8573
v  -1.5878 1.9793 1.9201
v  -1.7294 1.6954 2.0602
v  -1.7099 1.7163 2.1066
v  -1.4239 2.0863 1.9839
v  -1.5490 2.0556 1.9882
v  -1.6659 2.1144 2.0822
v  -1.4845 2.1665 2.0589
v  -1.5814 1.5618 2.2360
v  -1.6112 1.6450 2.2935
v  -1.6673 1.7506 2.2432
v  -1.6490 1.6664 2.1892
v  -1.6181 2.0247 1.9825
v  -1.6882 2.0174 2.0309
v  -1.7021 1.7741 2.1523
v  -1.7098 1.8563 2.2070
v  -1.7388 1.9551 2.1766
v  -1.7344 1.8753 2.1175
v  -1.7289 1.9621 2.0765
v  -1.7334 2.0446 2.1412
v  -1.5249 2.2689 2.1378
v  -1.6789 2.2212 2.1730
v  -1.6960 2.3347 2.2561
v  -1.5549 2.3841 2.2233
v  -1.6488 1.7461 2.3659
v  -1.6996 1.8742 2.4587
v  -1.7276 1.9715 2.3987
v  -1.6927 1.8487 2.3116
v  -1.7284 1.9526 2.2766
v  -1.7531 2.0704 2.3621
v  -1.7704 2.1668 2.3333
v  -1.7534 2.0518 2.2483
v  -1.7435 2.1435 2.2146
v  -1.7570 2.2571 2.2983
v  -1.7146 2.4574 2.3444
v  -1.5865 2.5070 2.3148
v  -1.7437 2.6057 2.4533
v  -1.6267 2.6605 2.4267
v  -1.7534 2.0452 2.5735
v  -1.8015 2.2386 2.7021
v  -1.8027 2.3121 2.6333
v  -1.7621 2.1330 2.5071
v  -1.7725 2.2182 2.4661
v  -1.8001 2.3840 2.5889
v  -1.8059 2.4559 2.5494
v  -1.7875 2.3010 2.4317
v  -1.7723 2.3834 2.3901
v  -1.7953 2.5320 2.5019
v  -1.9104 2.6144 2.9821
v  -1.8484 2.4296 2.8380
v  -1.9151 2.6599 2.9190
v  -1.8519 2.4892 2.7726
v  -2.5303 4.0997 3.3215
v  -2.4984 4.0395 3.4185
v  -2.5617 4.1259 3.4322
v  -2.5686 4.1383 3.3589
v  -2.4829 3.8863 3.2752
v  -2.4394 3.7911 3.2592
v  -2.4092 3.8094 3.3546
v  -2.4438 3.9068 3.3772
v  -2.5154 3.9788 3.2756
v  -2.5419 4.1804 3.5049
v  -2.4994 4.1497 3.5320
v  -2.5389 4.0564 3.2413
v  -2.4072 3.9259 3.5727
v  -2.4046 3.9180 3.5170
v  -2.4697 3.8186 3.5886
v  -2.4896 3.8508 3.6377
v  -2.5091 3.8854 3.6983
v  -2.4195 3.9305 3.6514
v  -2.4030 4.0246 3.6156
v  -2.4280 4.0309 3.5310
v  -2.4211 3.9483 3.7271
v  -2.4980 3.8939 3.7654
v  -2.4757 3.9040 3.8503
v  -2.4106 3.9740 3.7911
v  -2.3895 4.0297 3.7456
v  -2.3944 4.0255 3.6900
v  -2.5085 3.5006 3.9206
v  -2.6319 3.4876 3.8203
v  -2.6039 3.4270 3.8012
v  -2.4815 3.4491 3.9021
v  -2.3428 3.4958 3.9816
v  -2.3627 3.5439 3.9938
v  -2.3839 3.5983 3.9980
v  -2.5312 3.5618 3.9264
v  -2.6539 3.5571 3.8312
v  -2.2645 3.1438 3.7012
v  -2.2949 3.1981 3.7410
v  -2.3735 3.1268 3.6219
v  -2.3217 3.0841 3.5755
v  -2.2701 3.0406 3.5273
v  -2.2296 3.0889 3.6496
v  -2.1669 3.1551 3.7360
v  -2.1853 3.2182 3.7917
v  -2.1999 3.2761 3.8337
v  -2.1809 3.0321 3.5814
v  -2.2082 2.9948 3.4654
v  -2.1188 2.9276 3.3900
v  -2.1230 2.9917 3.5395
v  -2.1058 3.0456 3.6150
v  -2.1353 3.0877 3.6675
v  -2.3469 3.0600 3.4585
v  -2.4100 3.1106 3.5074
v  -2.4216 3.1117 3.4104
v  -2.3470 3.0662 3.3579
v  -2.2766 3.0291 3.3075
v  -2.2829 3.0198 3.4078
v  -2.3363 3.0884 3.2791
v  -2.4067 3.1308 3.3221
v  -2.3672 3.1725 3.2517
v  -2.3040 3.1266 3.2171
v  -2.2601 3.0969 3.2012
v  -2.2710 3.0587 3.2378
v  -2.2140 2.9790 3.3496
v  -2.2074 2.9912 3.2530
v  -2.1158 2.9363 3.1820
v  -2.1206 2.9168 3.2657
v  -2.0013 2.7913 3.1346
v  -2.0064 2.8180 3.0650
v  -1.9826 2.7818 3.2086
v  -2.3760 3.2885 3.2904
v  -2.4624 3.3487 3.3395
v  -2.3721 3.3844 3.3794
v  -2.2893 3.3317 3.3351
v  -2.1920 3.2714 3.2999
v  -2.2865 3.2322 3.2470
v  -2.4482 3.2334 3.3054
v  -2.5235 3.3032 3.3667
v  -1.8467 2.5582 2.7279
v  -1.9034 2.7299 2.8784
v  -1.8858 2.8106 2.8447
v  -1.8339 2.6337 2.6914
v  -1.7819 2.7903 2.6080
v  -1.8623 3.0066 2.7677
v  -1.7740 3.0901 2.6602
v  -1.6934 2.8857 2.5370
v  -1.6212 3.1695 2.7266
v  -1.4961 2.9262 2.5413
v  -1.8187 2.7111 2.6521
v  -1.8712 2.8885 2.8049
v  -1.8816 3.2561 2.7450
v  -1.8126 3.3538 2.7610
v  -1.9582 3.2061 2.7943
v  -1.9975 2.8848 3.0250
v  -2.1055 2.9977 3.1387
v  -2.0782 3.1173 3.1472
v  -1.9722 2.9625 2.9950
v  -2.2029 3.0374 3.1897
v  -2.1997 3.1081 3.1790
v  -2.2269 3.1702 3.2080
v  -2.1351 3.2118 3.2363
v  -2.0814 3.3852 3.1963
v  -2.0624 3.3909 3.1139
v  -2.0326 3.2732 3.1416
v  -2.0746 3.2913 3.2238
v  -2.1300 3.3347 3.2884
v  -2.0977 3.3945 3.2682
v  -2.0275 3.2769 3.0509
v  -2.0582 3.3993 3.0363
v  -2.0746 3.3924 2.9582
v  -2.0273 3.2686 2.9614
v  -1.9920 3.1706 2.9662
v  -2.0080 3.1432 3.0352
v  -2.0085 3.2259 2.8713
v  -1.9495 3.1018 2.8909
v  -2.0832 3.3658 2.8777
v  -1.9510 3.0234 2.9394
v  -2.7699 4.1880 2.8565
v  -2.8403 4.2199 2.8200
v  -2.7812 4.2559 2.8956
v  -2.8270 4.2635 2.8638
v  -2.6351 4.3368 2.6994
v  -2.7164 4.3379 2.6712
v  -2.7229 4.4071 2.6959
v  -2.6379 4.4037 2.7229
v  -2.7496 4.4444 2.8864
v  -2.6990 4.4603 2.8306
v  -2.7538 4.4633 2.8014
v  -2.8128 4.4429 2.8289
v  -2.8582 4.3798 2.8597
v  -2.7854 4.3815 2.9156
v  -2.7893 4.3142 2.9131
v  -2.8447 4.3128 2.8600
v  -2.6608 4.4504 2.7714
v  -2.7415 4.4468 2.7506
v  -2.8249 4.4236 2.7557
v  -2.8105 4.3823 2.6982
v  -2.8614 4.3473 2.7222
v  -2.8905 4.3683 2.7773
v  -2.8881 4.2878 2.7973
v  -2.8609 4.2796 2.7174
v  -2.7924 4.3110 2.6799
v  -3.1234 4.0124 3.3576
v  -3.0867 3.9788 3.3345
v  -3.1132 3.9814 3.2645
v  -3.0860 4.0302 3.2199
v  -3.1293 4.0670 3.3617
v  -3.0786 4.0943 3.4053
v  -3.0271 4.1502 3.4152
v  -2.1978 3.3938 3.3538
v  -2.2585 3.4526 3.4025
v  -2.1989 3.5198 3.3136
v  -2.1379 3.4481 3.2911
v  -2.3974 3.7056 3.2458
v  -2.3677 3.7022 3.1606
v  -2.3138 3.6348 3.1515
v  -2.3316 3.6408 3.2363
v  -2.3165 3.6557 3.3348
v  -2.3688 3.7261 3.3407
v  -2.1370 3.4535 3.1980
v  -2.2002 3.5168 3.2144
v  -2.1890 3.5191 3.1348
v  -2.1169 3.4673 3.1212
v  -2.2687 3.5758 3.2257
v  -2.2538 3.5736 3.1436
v  -2.2615 3.5876 3.3255
v  -2.1989 3.7089 2.9486
v  -2.1560 3.6057 2.9350
v  -2.1398 3.5951 3.0160
v  -2.1830 3.6976 3.0093
v  -2.1601 3.5467 3.0733
v  -2.1088 3.4937 2.9804
v  -2.1000 3.4856 3.0519
v  -2.2152 3.6046 3.0859
v  -2.2708 3.6603 3.0926
v  -2.2473 3.6782 3.0618
v  -2.1989 3.6483 3.0480
v  -2.1286 3.4911 2.9053
v  -2.2090 3.7174 3.0509
v  -2.2745 3.7275 3.0569
v  -2.3214 3.7196 3.1004
v  -2.2454 3.4740 4.0548
v  -2.2664 3.5132 4.0718
v  -2.3233 3.4565 3.9674
v  -2.3019 3.4253 3.9485
v  -2.2232 3.4416 4.0378
v  -2.1486 3.4581 4.1187
v  -2.1711 3.4980 4.1335
v  -2.1895 3.5439 4.1487
v  -2.3995 3.8525 3.4777
v  -2.3863 3.7641 3.4553
v  -2.4413 3.6822 3.5252
v  -2.4510 3.7589 3.5548
v  -2.3614 3.6767 3.4440
v  -2.3300 3.5953 3.4409
v  -2.4167 3.5126 3.4751
v  -2.4220 3.5945 3.5111
v  -2.2994 3.5200 3.4297
v  -2.4093 3.4446 3.4243
v  -2.5523 3.5497 3.4694
v  -2.5331 3.4807 3.4302
v  -2.6088 3.4309 3.4553
v  -2.6409 3.4923 3.4958
v  -2.6808 3.5615 3.5332
v  -2.5752 3.6248 3.5057
v  -2.5731 3.3690 3.4152
v  -2.5101 3.4150 3.3854
v  -2.4013 3.3388 3.8376
v  -2.4281 3.3723 3.8597
v  -2.5456 3.3373 3.7585
v  -2.5143 3.2989 3.7356
v  -2.4755 3.2547 3.7057
v  -2.3707 3.3009 3.8119
v  -2.2391 3.3684 3.9139
v  -2.2796 3.3966 3.9277
v  -2.6167 3.3308 3.4802
v  -2.5668 3.2688 3.4365
v  -2.5777 3.2478 3.5261
v  -2.6253 3.3034 3.5650
v  -2.6571 3.3524 3.5947
v  -2.6520 3.3861 3.5160
v  -2.5749 3.3784 3.7798
v  -2.4548 3.4071 3.8817
v  -2.6824 3.4416 3.5526
v  -2.7174 3.5063 3.5919
v  -2.6836 3.4031 3.6232
v  -2.7136 3.4642 3.6539
v  -2.4819 3.1748 3.5632
v  -2.5457 3.2399 3.6137
v  -2.5055 3.1773 3.4704
v  -2.4266 3.1923 3.6660
v  -2.6188 3.3360 3.6717
v  -2.5890 3.2906 3.6477
v  -2.4922 3.1954 3.3777
v  -2.6479 3.3808 3.6956
v  -2.6801 3.4338 3.7214
v  -1.2721 2.8253 2.6856
v  -1.3544 3.0567 2.8299
v  -1.2284 2.8385 3.0418
v  -1.1238 2.6115 2.9001
v  -0.8910 2.4762 3.0324
v  -0.9780 2.6956 3.1857
v  -0.6954 2.5545 3.3271
v  -0.6382 2.3463 3.1514
v  -1.0613 2.8804 3.3187
v  -1.3225 3.0337 3.1604
v  -1.3943 3.1693 3.2538
v  -1.1240 3.0167 3.4204
v  -0.7659 2.8878 3.5667
v  -0.7382 2.7433 3.4666
v  0.4312 1.7976 3.6408
v  0.7211 1.7024 3.6982
v  0.4639 2.0264 3.8741
v  0.7580 1.9496 3.9403
v  1.0961 1.8496 4.0326
v  1.0434 1.5778 3.7876
v  2.3536 1.0633 4.2428
v  2.3373 1.1253 4.2282
v  2.4827 1.3697 4.5234
v  2.5295 1.3085 4.5438
v  2.5087 1.2395 4.5844
v  2.3366 1.0016 4.2592
v  1.1519 1.2529 4.0476
v  1.2047 1.5094 4.3169
v  0.8927 1.5884 4.2357
v  0.8670 1.3334 3.9830
v  1.4584 1.1220 4.1567
v  1.5418 1.3857 4.4408
v  -0.2743 1.7564 3.6266
v  0.0100 1.6300 3.7287
v  -0.0377 1.8831 3.9333
v  -0.3306 2.0029 3.8352
v  -0.6929 2.1713 3.6718
v  -0.6278 1.9374 3.4690
v  -1.5647 2.3574 3.0187
v  -1.3813 2.3017 3.0949
v  -1.4546 2.5189 3.2340
v  -1.6526 2.5683 3.1648
v  -1.0267 2.1473 3.2626
v  -1.0969 2.3687 3.4342
v  -1.1467 2.5645 3.5955
v  -0.7397 2.3713 3.8456
v  -0.7703 2.5259 3.9709
v  -1.1831 2.7155 3.7175
v  -1.5651 2.8489 3.5194
v  -1.5189 2.7058 3.3935
v  -1.8431 2.7615 3.3212
v  -1.9309 2.7696 3.2749
v  -1.9118 2.9301 3.4941
v  -2.0219 2.9029 3.4444
v  -1.7282 2.7605 3.3270
v  -1.7709 2.9147 3.4442
v  -1.3106 3.1673 4.0924
v  -0.8846 3.0342 4.3445
v  -0.9116 3.0712 4.3933
v  -1.3327 3.2058 4.1393
v  -1.7124 3.2874 3.9576
v  -1.7078 3.2412 3.9265
v  -1.7188 3.1735 3.9328
v  -1.3090 3.1081 4.0761
v  -0.8640 2.9943 4.2972
v  -0.5224 2.9003 4.5725
v  -0.2350 2.8047 4.7456
v  -0.2698 2.8646 4.8076
v  -0.5491 2.9527 4.6235
v  -0.5134 2.8618 4.5404
v  -0.2259 2.7652 4.7074
v  1.0977 2.2770 5.2281
v  1.5256 2.1284 5.4232
v  1.5115 2.1596 5.4845
v  1.0814 2.3224 5.2858
v  1.4568 2.2371 5.6073
v  1.0166 2.3813 5.4151
v  0.6446 2.4869 5.2891
v  0.7153 2.4372 5.1718
v  0.7439 2.4037 5.1101
v  0.8946 2.5996 4.4405
v  1.2280 2.5002 4.5631
v  1.1999 2.4083 4.5302
v  0.8560 2.5002 4.4025
v  0.6012 2.5879 4.2486
v  0.6670 2.7155 4.2723
v  0.6800 2.8086 4.3855
v  0.9057 2.6771 4.5112
v  1.2275 2.5741 4.6269
v  -1.1490 3.0954 3.4807
v  -1.4176 3.2362 3.3183
v  -1.4155 3.3155 3.3338
v  -1.1358 3.1746 3.5066
v  -0.7778 3.0302 3.6718
v  -0.7751 2.9667 3.6219
v  -0.8652 3.3607 3.9699
v  -0.8365 3.3207 3.9153
v  -1.1490 3.4740 3.6826
v  -1.3939 3.5965 3.4811
v  -1.4155 3.6025 3.5378
v  -1.1824 3.4841 3.7352
v  -1.4425 3.5928 3.6126
v  -1.2005 3.5215 3.8024
v  -0.9015 3.3950 4.0505
v  -1.0773 3.2983 3.4885
v  -1.3875 3.4086 3.3455
v  -1.3623 3.4997 3.3715
v  -1.0663 3.4096 3.5377
v  -0.7302 3.2825 3.7484
v  -0.7211 3.1717 3.6614
v  -1.1104 3.4527 3.6215
v  -1.3742 3.5599 3.4244
v  -0.8000 3.2858 3.8542
v  -1.4491 3.2461 2.9673
v  -1.6386 3.3799 2.8581
v  -1.6493 3.5426 2.9688
v  -1.4944 3.3778 3.0675
v  -1.5238 3.4640 3.1179
v  -1.5085 3.3854 3.1521
v  -1.5537 3.5329 3.1668
v  -1.6562 3.6414 3.0277
v  -1.6466 3.7003 3.0935
v  -1.5687 3.5879 3.2343
v  -1.5574 3.6464 3.2783
v  -1.6647 3.7346 3.1676
v  -1.6653 3.7722 3.2492
v  -1.5508 3.7010 3.3420
v  -1.9685 3.6612 2.7978
v  -1.9251 3.7411 2.8495
v  -1.8670 3.6746 2.8702
v  -1.9004 3.5760 2.8141
v  -1.7941 3.4823 2.8290
v  -1.7945 3.6081 2.9115
v  -2.0361 4.0663 3.0568
v  -1.9583 4.0279 3.0977
v  -1.9246 3.9994 3.0071
v  -2.0187 4.0589 3.0051
v  -1.7694 3.7009 2.9753
v  -1.8435 3.7574 2.9451
v  -1.8177 3.8263 3.0077
v  -1.7477 3.7634 3.0369
v  -1.8670 3.9017 2.9919
v  -1.8706 3.9527 3.0751
v  -1.8519 3.9163 3.0381
v  -1.8239 3.8888 3.1210
v  -1.8117 3.8616 3.0604
v  -1.8892 3.8330 2.9181
v  -1.9267 3.8982 2.8961
v  -1.9704 3.9391 2.8593
v  -1.9529 4.0209 2.9184
v  -2.0122 4.0751 2.9498
v  -1.7448 3.8074 3.0974
v  -1.7706 3.8180 3.1807
v  3.0013 1.9349 5.3151
v  2.9089 1.9865 5.2151
v  2.9620 2.1000 5.3142
v  3.0429 2.0215 5.3874
v  3.1186 1.9394 5.4497
v  3.0871 1.8778 5.3963
v  3.0262 1.8343 5.3567
v  2.9591 1.8490 5.2789
v  2.8303 1.8632 5.1438
v  2.9355 1.7835 5.3006
v  3.0299 1.7836 5.3860
v  3.0106 1.7219 5.4121
v  2.9233 1.7241 5.3385
v  2.8514 1.7094 5.2471
v  2.8600 1.7740 5.1880
v  3.1114 1.8113 5.4384
v  3.1531 1.8636 5.4954
v  3.1416 1.7881 5.5383
v  3.0913 1.7443 5.4719
v  3.1263 1.9949 5.5158
v  3.0993 2.0313 5.5760
v  3.1100 1.9786 5.6268
v  3.1551 1.9150 5.5661
v  3.0896 1.8978 5.6916
v  3.1386 1.8375 5.6190
v  3.0496 1.6839 5.5223
v  2.9792 1.6693 5.4601
v  3.0834 1.7156 5.5839
v  2.9725 1.6689 5.6038
v  2.9588 1.6547 5.5487
v  2.9265 1.6521 5.4881
v  3.0752 1.7558 5.6536
v  3.0229 1.7959 5.7202
v  2.9437 1.7293 5.7050
v  2.9676 1.6911 5.6637
v  2.8342 1.7249 5.7000
v  2.8168 1.6695 5.6422
v  2.6899 1.7222 5.7073
v  2.6663 1.6396 5.6378
v  2.6748 1.6027 5.5609
v  2.8250 1.6375 5.5872
v  -0.5225 2.7826 4.5178
v  -0.8760 2.8965 4.2870
v  -0.9020 2.7901 4.2894
v  -0.5500 2.6761 4.5086
v  -0.2593 2.6052 4.6496
v  -0.2342 2.6985 4.6716
v  -1.2136 2.8067 3.7758
v  -0.7938 2.6152 4.0348
v  -0.8113 2.6698 4.0653
v  -1.2422 2.8612 3.8126
v  -1.6323 2.9780 3.6076
v  -1.5912 2.9362 3.5701
v  -1.7754 2.9757 3.4988
v  -1.8332 2.9968 3.5342
v  -1.3334 3.0056 4.0807
v  -1.7467 3.0717 3.9334
v  -1.7444 2.9993 3.8707
v  -1.3424 2.9185 4.0479
v  -1.9378 3.1091 3.8230
v  -1.9373 3.1790 3.8732
v  -2.0373 3.1741 3.8320
v  -2.0217 3.1207 3.7646
v  -1.9838 3.0780 3.6845
v  -1.9141 3.0688 3.7564
v  -1.3314 2.8852 3.9886
v  -1.7194 2.9795 3.8020
v  -1.7057 2.9743 3.7415
v  -1.3116 2.8760 3.9265
v  -0.8597 2.7365 4.1544
v  -0.8925 2.7370 4.2279
v  -1.8891 3.0480 3.6734
v  -1.8709 3.0309 3.5986
v  -1.9657 3.0249 3.5845
v  -1.6756 2.9774 3.6728
v  -2.0510 2.9937 3.5578
v  -2.0591 3.0629 3.6390
v  -1.8807 3.0472 3.7231
v  -2.0847 3.1172 3.7198
v  -2.1077 3.1771 3.7887
v  -1.2789 2.8782 3.8674
v  -0.8300 2.7205 4.1030
v  -2.3326 3.2538 3.7778
v  -2.2234 3.3231 3.8669
v  -2.1990 3.4132 4.0176
v  -2.1708 3.3899 4.0030
v  -2.0935 3.3933 4.0754
v  -2.1230 3.4208 4.1000
v  -2.1142 3.2397 3.8482
v  -2.0303 3.2493 3.8684
v  -2.0112 3.3167 3.9207
v  -2.1144 3.3022 3.8885
v  -1.9257 3.2555 3.8824
v  -1.9148 3.3021 3.9143
v  -2.0350 3.3377 3.9717
v  -2.0503 3.3533 4.0123
v  -2.1421 3.3576 3.9656
v  -2.1300 3.3360 3.9296
v  -2.1353 3.3730 4.0018
v  -2.0649 3.3719 4.0497
v  -1.9160 3.3351 3.9828
v  -1.8895 3.3234 3.9550
v  -1.7172 3.3237 4.0166
v  -1.7307 3.3594 4.0688
v  -2.0236 3.4321 4.1844
v  -1.9912 3.3970 4.1479
v  -1.8149 3.4177 4.2750
v  -1.8525 3.4540 4.3219
v  -1.8867 3.5101 4.3590
v  -2.0523 3.4821 4.2103
v  -1.9427 3.3608 4.0634
v  -1.9633 3.3774 4.1058
v  -1.7628 3.4074 4.1736
v  -1.7858 3.4075 4.2256
v  -1.9304 3.3478 4.0209
v  -1.7438 3.3918 4.1191
v  -1.5193 3.4595 4.5202
v  -1.5719 3.4660 4.5818
v  -1.1953 3.4745 4.8483
v  -1.2570 3.4891 4.9101
v  -1.3131 3.5519 4.9583
v  -1.6204 3.5193 4.6299
v  -0.9590 3.1437 4.4775
v  -1.3612 3.2562 4.2111
v  -1.3942 3.3120 4.2906
v  -1.0156 3.2417 4.5775
v  -1.4313 3.3694 4.3655
v  -1.0745 3.3473 4.6759
v  -1.1255 3.4327 4.7572
v  -1.4629 3.4224 4.4264
v  -1.4868 3.4551 4.4715
v  -1.1574 3.4732 4.8037
v  -0.9794 3.5631 5.2492
v  -0.9122 3.5222 5.1902
v  -0.6925 3.5740 5.4794
v  -0.7760 3.6147 5.5500
v  -0.8368 3.7113 5.5961
v  -1.0354 3.6423 5.2929
v  -0.6133 3.0543 4.7263
v  -0.3534 2.9820 4.9326
v  -0.4474 3.1482 5.0880
v  -0.6892 3.1930 4.8533
v  -0.7552 3.3508 4.9806
v  -0.5129 3.3510 5.2390
v  -0.5769 3.5046 5.3701
v  -0.8159 3.4732 5.0887
v  -0.8618 3.5202 5.1454
v  -0.6308 3.5648 5.4335
v  0.3571 3.6031 6.6440
v  0.0107 3.6339 6.3767
v  0.1094 3.6237 6.2913
v  0.4511 3.6048 6.5499
v  0.8684 3.5805 6.8540
v  0.7765 3.5683 6.9597
v  0.6716 3.6180 7.0529
v  0.2549 3.6550 6.7310
v  -0.0846 3.7039 6.4503
v  0.4728 3.5606 6.4850
v  0.1493 3.6021 6.2240
v  0.1646 3.4769 6.1509
v  0.4854 3.4304 6.4006
v  0.9099 3.4059 6.6600
v  0.8802 3.5231 6.7833
v  -0.6780 3.8635 4.8678
v  -0.7028 3.9606 4.9087
v  -0.3706 3.9361 5.2458
v  -0.3422 3.8180 5.2144
v  -1.0508 3.8990 4.4842
v  -1.0433 3.9878 4.5067
v  -1.0577 4.0813 4.5482
v  -0.7252 4.0645 4.9431
v  -0.3956 4.0692 5.2642
v  -1.2998 3.9871 4.1722
v  -1.2909 3.9193 4.1464
v  -1.4619 3.9281 3.8880
v  -1.4761 3.9830 3.9072
v  -1.5036 4.0380 3.9283
v  -1.3213 4.0572 4.2064
v  -1.2156 3.5876 3.9127
v  -0.9303 3.4708 4.1799
v  -1.4434 3.6407 3.7122
v  -1.4575 3.7076 3.7950
v  -1.2385 3.6587 4.0245
v  -0.9529 3.5780 4.3058
v  -1.2968 3.8605 4.1384
v  -1.0344 3.8392 4.4583
v  -1.0168 3.7733 4.4339
v  -1.2895 3.8023 4.1217
v  -1.4830 3.8244 3.8684
v  -1.4681 3.8774 3.8767
v  -1.2639 3.7337 4.0870
v  -1.4756 3.7658 3.8440
v  -0.9859 3.6819 4.3868
v  -1.7721 4.0369 3.5607
v  -1.6974 3.9981 3.6306
v  -1.7061 3.9652 3.6008
v  -1.7815 4.0003 3.5074
v  -1.8763 4.0460 3.4385
v  -1.8321 4.0926 3.5319
v  -1.8083 4.0982 3.6374
v  -1.7448 4.0562 3.6453
v  -1.6898 4.0264 3.6721
v  -1.5501 3.7246 3.4284
v  -1.6451 3.8086 3.3617
v  -1.6596 3.7907 3.5061
v  -1.5712 3.6945 3.5245
v  -1.6212 3.7157 3.6620
v  -1.5780 3.6679 3.6201
v  -1.5987 3.9872 3.7328
v  -1.5955 3.9446 3.7135
v  -1.6235 4.0263 3.7525
v  -1.7366 3.8672 3.2876
v  -1.8372 3.9083 3.2190
v  -1.8083 3.9560 3.3285
v  -1.7167 3.8906 3.3926
v  -1.7148 3.8922 3.4533
v  -1.7545 3.9282 3.4440
v  -1.7072 3.8853 3.5565
v  -1.7029 3.8300 3.5544
v  -1.8391 4.0068 3.3740
v  -1.9108 4.0638 3.2865
v  -1.9046 4.0107 3.2336
v  -1.9381 4.1217 3.3320
v  -1.7064 3.9301 3.5722
v  -1.7792 3.9620 3.4667
v  -1.8992 3.9686 3.1537
v  -1.6070 3.9005 3.7011
v  -1.6188 3.8522 3.6896
v  -1.6324 3.7871 3.6841
v  -1.6763 4.0637 3.7670
v  -1.7479 4.0868 3.7697
v  -1.6443 4.0961 3.9742
v  -1.5551 4.0838 3.9581
v  -1.4532 4.1220 4.3279
v  -1.3783 4.1193 4.2581
v  -1.2235 4.1249 4.7137
v  -1.1364 4.1236 4.6290
v  -1.4993 4.1359 4.3904
v  -1.6566 4.1100 4.1023
v  -1.6403 4.1398 4.2254
v  -1.5295 4.1767 4.4415
v  -1.3148 4.2096 4.8161
v  -1.2714 4.1644 4.7687
v  -0.7983 4.1287 5.0146
v  -0.8966 4.1162 5.1052
v  -0.5728 4.1662 5.4231
v  -0.4659 4.1777 5.3289
v  -0.9550 4.1637 5.1528
v  -1.0254 4.2209 5.1933
v  -0.7350 4.2620 5.4993
v  -0.6431 4.1973 5.4681
v  0.5574 4.2181 6.7090
v  0.6458 4.1858 6.6080
v  0.3234 4.1444 6.3829
v  0.2503 4.1741 6.4872
v  0.1070 4.2299 6.5815
v  0.3874 4.2754 6.7988
v  0.6942 4.3175 7.0439
v  0.8960 4.2744 6.9643
v  1.0027 4.2435 6.8761
v  0.1920 3.7475 6.7861
v  0.6085 3.7380 7.0947
v  0.5543 3.8428 7.1163
v  0.1586 3.8562 6.7990
v  -0.1694 3.8830 6.5120
v  -0.1371 3.7892 6.4952
v  -1.0697 3.7180 5.3144
v  -1.1059 3.7896 5.3338
v  -1.3649 3.7202 4.9905
v  -1.3411 3.6385 4.9771
v  -0.8738 3.7874 5.6152
v  -0.9093 3.8547 5.6288
v  -2.0752 3.5349 4.2302
v  -1.9128 3.5741 4.3863
v  -1.9260 3.6397 4.4014
v  -2.0902 3.5901 4.2455
v  -1.6540 3.5929 4.6610
v  -1.6701 3.6719 4.6736
v  -2.0977 3.6429 4.2614
v  -1.9308 3.6929 4.4119
v  -1.9227 3.7504 4.4059
v  -2.0926 3.6950 4.2778
v  -2.2199 3.6604 4.2124
v  -2.2050 3.5971 4.1707
v  -2.2873 3.5626 4.0924
v  -2.3142 3.6139 4.1122
v  -1.6777 3.7372 4.6782
v  -1.6918 3.7961 4.6830
v  -1.3824 3.7948 4.9966
v  -1.4188 3.8633 5.0143
v  -2.1357 3.7528 4.2939
v  -2.0735 3.7471 4.2998
v  -1.9392 3.8073 4.4175
v  -1.9933 3.8687 4.4551
v  -1.7661 4.1094 3.9925
v  -1.7905 4.0771 3.8725
v  -1.8774 4.0950 3.8338
v  -1.8393 4.1377 3.9709
v  -1.7551 4.2018 4.1823
v  -1.7072 4.1580 4.1760
v  -1.9227 4.1368 3.7420
v  -1.9452 4.1503 3.7128
v  -1.9746 4.1491 3.8009
v  -1.9348 4.1244 3.8181
v  -1.8819 4.1266 3.7361
v  -1.9016 4.1520 3.6714
v  -1.8195 4.1074 3.7512
v  -1.8584 4.1311 3.6454
v  2.1070 3.7165 7.7774
v  2.1951 3.7037 7.6498
v  2.2564 3.7698 7.7036
v  2.1863 3.7747 7.8155
v  2.2857 3.8249 7.7412
v  2.2462 3.8507 7.8237
v  2.1761 3.8785 7.8707
v  2.1047 3.8475 7.8755
v  2.0085 3.8055 7.8488
v  2.1874 4.1492 7.6779
v  2.1121 4.1308 7.7914
v  2.1951 4.0968 7.8013
v  2.2550 4.0750 7.7324
v  2.2620 4.0389 7.6443
v  2.2204 4.0557 7.5770
v  2.1553 4.0886 7.4889
v  2.0998 4.2048 7.6092
v  1.9940 4.1716 7.7439
v  2.0752 4.0674 7.8465
v  1.9475 4.0890 7.8128
v  1.9408 3.9959 7.8486
v  2.0673 4.0023 7.8808
v  2.1828 3.9894 7.8693
v  2.1927 4.0422 7.8436
v  2.2943 3.9634 7.7849
v  2.2869 4.0141 7.7619
v  2.2897 3.9251 7.6439
v  2.2790 3.9818 7.6366
v  2.1768 3.9336 7.8765
v  2.0722 3.9264 7.8890
v  1.9595 3.9038 7.8572
v  2.2806 3.9171 7.8096
v  2.3004 3.8728 7.6911
v  2.2664 3.8187 7.6010
v  2.2132 3.7618 7.5249
v  2.1873 3.8556 7.4497
v  2.2379 3.8900 7.5417
v  2.2213 3.9657 7.5391
v  2.1590 3.9608 7.4503
v  -1.9190 4.6001 4.4562
v  -2.0173 4.4476 4.1453
v  -2.0847 4.4609 4.1694
v  -1.9878 4.6133 4.4776
v  -1.8683 4.8228 4.8488
v  -1.7954 4.7911 4.8251
v  -1.7390 4.7382 4.8087
v  -1.8595 4.5665 4.4358
v  -1.9597 4.4120 4.1248
v  -2.0721 4.5997 4.4790
v  -2.1632 4.4478 4.1731
v  -2.2513 4.4113 4.1987
v  -2.1646 4.5632 4.5012
v  -2.0689 4.7929 4.8861
v  -1.9643 4.8220 4.8586
v  -2.0789 4.3105 3.9195
v  -2.1135 4.2003 3.7639
v  -2.1718 4.2142 3.7766
v  -2.1423 4.3257 3.9371
v  -2.0268 4.2763 3.9109
v  -2.0605 4.1801 3.7610
v  -2.2104 4.3155 3.9463
v  -2.2254 4.2139 3.7882
v  -2.3075 4.1871 3.8027
v  -2.2933 4.2875 3.9773
v  -1.9866 4.1774 3.6733
v  -1.9452 4.1822 3.6066
v  -2.0154 4.2300 3.5376
v  -2.0449 4.2035 3.6434
v  -2.0159 4.1658 3.7772
v  -2.3727 4.0953 3.7608
v  -2.3002 4.1860 3.6840
v  -2.3228 4.2304 3.6044
v  -2.4108 4.1423 3.6385
v  -2.3819 4.1307 3.6885
v  -2.4478 4.1419 3.5793
v  -2.3943 4.2439 3.5815
v  -1.9852 4.1957 3.3797
v  -2.0352 4.2854 3.4259
v  -1.9252 4.1671 3.4702
v  -1.8900 4.1490 3.5530
v  -2.3600 4.3350 3.5103
v  -2.3000 4.3337 3.5251
v  -2.2622 4.3910 3.4115
v  -2.3514 4.4067 3.4152
v  -2.1181 4.2047 3.6406
v  -2.1135 4.2661 3.5557
v  -2.1955 4.2545 3.5700
v  -2.1862 4.2029 3.6543
v  -2.2243 4.3683 3.2321
v  -2.3028 4.4004 3.2737
v  -2.1657 4.3627 3.3559
v  -2.3705 4.4167 3.3097
v  -2.2085 4.3438 3.5059
v  -2.2601 4.3186 3.5420
v  -2.2521 4.2346 3.5867
v  -2.1249 4.3310 3.4671
v  -2.2398 4.1970 3.6692
v  -2.3971 4.0287 3.8486
v  -2.4452 3.9561 3.9373
v  -2.4410 4.0240 4.0423
v  -2.3839 4.1097 3.9316
v  -2.2792 3.7065 4.2267
v  -2.3363 3.7523 4.2477
v  -2.3957 3.7118 4.1380
v  -2.3542 3.6633 4.1253
v  -2.4229 3.7250 3.9799
v  -2.4048 3.6541 3.9864
v  -2.4539 3.7999 4.0923
v  -2.4251 3.7622 4.1583
v  -2.3971 3.8114 4.2505
v  -2.4588 3.8712 4.2114
v  -2.4506 3.8725 4.0171
v  -2.4746 3.8121 3.9226
v  -2.4789 3.9462 4.1382
v  -2.1906 3.8826 4.5026
v  -2.2754 3.7923 4.3546
v  -2.2016 3.7606 4.3232
v  -2.1047 3.8765 4.4578
v  -2.3670 4.2109 4.0757
v  -2.4116 4.1182 4.1912
v  -2.3628 4.2422 4.4040
v  -2.3333 4.3408 4.2928
v  -2.4327 4.0348 4.2809
v  -2.4202 3.9484 4.3437
v  -2.3435 4.0558 4.5242
v  -2.3737 4.1506 4.4825
v  -2.3540 3.8625 4.3626
v  -2.2794 3.9551 4.5286
v  -2.2466 4.4903 4.5922
v  -2.2799 4.3931 4.6989
v  -2.1908 4.6155 5.0756
v  -2.1511 4.7147 4.9752
v  -2.1688 4.1233 4.7927
v  -2.0735 4.0680 4.7508
v  -1.9592 4.2858 5.1208
v  -2.0600 4.3393 5.1599
v  -2.1346 4.4338 5.1663
v  -2.2322 4.2208 4.7963
v  -2.2708 4.3048 4.7670
v  -2.1706 4.5243 5.1360
v  -2.0570 5.0500 5.4488
v  -2.1000 4.9469 5.5331
v  -2.0236 5.2552 5.9428
v  -1.9892 5.3746 5.8694
v  -1.8874 5.4416 5.7853
v  -1.9652 5.1128 5.3693
v  -1.9638 4.6039 5.6098
v  -1.8530 4.5433 5.5808
v  -1.7836 4.7533 6.0070
v  -1.8965 4.8363 6.0172
v  -1.9741 4.9706 5.9987
v  -2.0498 4.7113 5.6094
v  -2.0835 4.8329 5.5808
v  -2.0098 5.1177 5.9770
v  -1.4018 6.0038 7.1335
v  -1.4909 5.9199 7.1817
v  -1.4126 6.1333 7.5053
v  -1.2997 6.2324 7.4448
v  -1.1610 6.2761 7.3915
v  -1.2966 6.0536 7.0911
v  -1.4226 5.8979 6.8162
v  -1.5220 5.8515 6.8560
v  -1.5978 5.7658 6.9043
v  -1.6346 5.6620 6.9774
v  -1.6219 5.5361 7.0408
v  -1.5312 5.6879 7.3126
v  -1.5498 5.8175 7.2514
v  -1.4461 5.8641 7.6343
v  -1.4691 6.0066 7.5734
v  -1.4495 5.5417 7.3459
v  -1.2984 5.4760 7.3061
v  -1.1974 5.6596 7.6675
v  -1.3519 5.7228 7.6818
v  -1.5434 5.3934 7.0542
v  -1.4148 5.3075 7.0085
v  0.7490 0.7867 1.7239
v  0.9806 0.6820 1.7361
v  0.9243 0.6107 1.7231
v  0.6851 0.7077 1.7196
v  0.8033 0.8526 1.7635
v  1.0306 0.7464 1.7657
v  0.8103 0.8514 1.9059
v  0.8230 0.8747 1.8345
v  1.0527 0.7765 1.9078
v  1.0589 0.7849 1.8271
v  0.7783 0.8035 1.9652
v  0.7461 0.7526 2.0383
v  0.9834 0.6921 2.0475
v  1.0100 0.7173 1.9693
v  1.5696 2.2995 4.6569
v  1.9334 2.1682 4.8101
v  1.9171 2.1108 4.7544
v  1.5680 2.2427 4.5990
v  1.8908 2.0268 4.6602
v  1.5508 2.1499 4.5123
v  1.1817 2.2373 4.3988
v  1.1940 2.3367 4.4820
v  1.6503 0.2156 2.0471
v  1.6099 0.2542 2.1271
v  1.5458 0.1790 2.1266
v  1.5979 0.1439 2.0658
v  1.5254 0.0236 1.7670
v  1.4796 0.0183 1.8612
v  1.3670 0.0348 1.8069
v  1.3907 0.0491 1.7139
v  1.6065 0.2764 2.1881
v  1.6451 0.3074 2.3253
v  1.5835 0.2653 2.3243
v  1.5524 0.2215 2.1864
v  2.8826 1.6668 5.3835
v  2.8389 1.6300 5.4425
v  2.6846 1.6223 5.3490
v  2.7943 1.6335 5.2920
v  2.7241 1.5963 5.2216
v  2.6423 1.5512 5.1093
v  2.7006 1.6174 5.0561
v  2.7903 1.6782 5.1677
v  2.6035 1.6049 5.2481
v  2.5292 1.5655 5.1179
v  2.8263 1.6200 5.5153
v  2.6823 1.5967 5.4629
v  2.9102 1.8444 5.7487
v  2.9908 1.9821 5.7200
v  2.8909 2.0790 5.7689
v  2.7843 1.8869 5.7306
v  1.9266 4.2659 7.4624
v  1.7758 4.2650 7.6242
v  1.8906 4.2139 7.6878
v  2.0153 4.2426 7.5400
v  2.0915 4.1215 7.4070
v  2.0198 4.1448 7.3310
v  1.8141 4.1049 7.7749
v  1.7995 3.9695 7.7906
v  1.6892 4.1340 7.7793
v  1.6112 3.9405 7.7866
v  2.1542 3.7188 7.4593
v  2.1234 3.6659 7.5909
v  2.0470 3.6105 7.5256
v  2.1126 3.6676 7.3933
v  2.0910 3.7805 7.2722
v  2.1423 3.8213 7.3689
v  2.1030 3.9565 7.3702
v  2.0403 3.9623 7.2972
v  2.9869 2.1924 5.4417
v  3.0603 2.0939 5.4805
v  2.9635 2.2473 5.6023
v  3.0464 2.1143 5.5811
v  3.0266 2.0721 5.6624
v  2.9662 2.1799 5.7184
v  0.8641 2.5459 5.6843
v  0.4933 2.6362 5.5263
v  1.3243 2.4683 5.8678
v  1.1655 2.7958 6.1699
v  0.6947 2.8169 5.9879
v  0.3333 2.8871 5.7943
v  0.5568 3.1417 6.2404
v  0.2178 3.1988 6.0144
v  1.0208 3.1419 6.4387
v  0.3053 0.1944 1.1299
v  0.1280 0.3539 1.0952
v  0.2064 0.4641 1.3127
v  0.3888 0.3032 1.3618
v  0.6069 0.1752 1.3964
v  0.4990 0.0468 1.1764
v  0.4074 -0.0590 0.9369
v  0.2211 0.0842 0.8992
v  0.0610 0.2525 0.8678
v  0.4849 -0.2094 1.3075
v  0.5650 -0.0871 1.4788
v  0.4573 -0.0279 1.4845
v  0.3795 -0.1494 1.3168
v  0.5890 -0.2612 1.2906
v  0.6721 -0.1396 1.4670
v  0.9517 -0.2451 1.0989
v  0.9708 -0.2219 1.0655
v  1.0982 -0.1262 1.2559
v  1.0773 -0.1530 1.2889
v  1.2110 -0.0287 1.4247
v  1.1915 -0.0531 1.4572
v  1.1537 -0.0740 1.4893
v  1.0412 -0.1755 1.3222
v  0.9239 -0.2688 1.1339
v  1.2885 0.0131 1.6026
v  1.2574 -0.0021 1.6485
v  1.3011 0.0362 1.5562
v  1.3052 0.0760 1.5108
v  1.1923 0.0076 1.4036
v  1.1422 0.0369 1.3998
v  1.2567 0.1254 1.5106
v  1.0791 -0.0849 1.2315
v  0.9831 -0.1811 1.0259
v  0.9481 -0.1319 0.9960
v  1.0336 -0.0590 1.2193
v  0.6371 0.6442 1.6975
v  0.8755 0.5496 1.6974
v  0.8118 0.4622 1.6543
v  0.5778 0.5609 1.6494
v  0.3747 0.6826 1.6164
v  0.4294 0.7529 1.6735
v  0.4862 0.4342 1.5410
v  0.2915 0.5764 1.4958
v  0.7176 0.3269 1.5544
v  2.5513 1.4127 4.8956
v  2.4550 1.4221 4.8979
v  2.3779 1.1677 4.6429
v  2.4581 1.1870 4.6217
v  2.6172 1.4569 4.8555
v  1.3407 1.4593 3.9000
v  1.4237 1.7461 4.1417
v  1.7234 1.6154 4.2871
v  1.6321 1.3542 4.0110
v  1.5199 1.1081 3.6875
v  1.2388 1.1906 3.6093
v  1.4983 1.9801 4.3523
v  1.1463 2.0732 4.2410
v  1.8221 1.8559 4.4972
v  2.3145 0.9514 4.2827
v  2.2710 0.8985 4.3202
v  2.1434 0.6416 3.9421
v  2.1834 0.7049 3.9042
v  1.7430 0.3639 2.6370
v  1.9016 0.4300 3.0422
v  1.8371 0.3563 3.0610
v  1.6791 0.3239 2.6409
v  2.0668 0.5242 3.4750
v  1.9949 0.4618 3.5076
v  2.0893 0.6134 3.4480
v  1.1033 1.0117 3.2643
v  1.3539 0.9011 3.3363
v  1.2054 0.7849 2.9433
v  0.9773 0.9178 2.8914
v  1.1062 2.1731 5.1865
v  0.7723 2.3179 5.0473
v  0.7991 2.2253 4.9977
v  1.1298 2.0880 5.1326
v  1.5202 1.9237 5.3263
v  1.5207 2.0267 5.3793
v  1.7607 0.3074 1.8170
v  1.7548 0.2842 1.7523
v  1.6642 0.3680 1.7309
v  1.6805 0.3863 1.7973
v  1.7325 0.2476 1.7007
v  1.6418 0.3334 1.6822
v  1.5389 0.0925 2.0453
v  1.4685 0.1126 2.0778
v  1.4096 0.0627 2.0225
v  1.4937 0.0563 2.0004
v  1.4722 0.0304 1.9383
v  1.3858 0.0350 1.9371
v  0.8717 0.8538 2.5406
v  1.0994 0.7459 2.5568
v  1.0118 0.6953 2.2680
v  0.7868 0.7941 2.2728
v  0.7507 0.7629 2.1289
v  0.9803 0.6858 2.1219
v  0.9513 0.6170 2.6139
v  0.7626 0.6628 2.6185
v  0.7293 0.5282 2.3726
v  0.8989 0.4840 2.3552
v  1.0910 0.4205 2.3395
v  1.1633 0.5423 2.6163
v  0.8743 0.4195 2.2429
v  0.7184 0.4790 2.2578
v  1.0580 0.3618 2.2166
v  2.0273 3.6758 7.7178
v  1.9135 3.7661 7.7890
v  1.8173 3.7293 7.7269
v  1.9387 3.6462 7.6553
v  1.8378 3.8709 7.7968
v  1.7099 3.8259 7.7617
v  0.7565 3.9034 6.3660
v  0.4584 3.8723 6.1168
v  0.4540 3.9842 6.1595
v  0.7592 4.0074 6.3950
v  1.1323 4.0696 6.6380
v  1.1270 3.9546 6.6183
v  1.1335 3.8634 6.5775
v  0.7594 3.8109 6.3191
v  0.4476 3.7616 6.0817
v  0.7286 4.1478 6.4685
v  0.4137 4.1241 6.2412
v  1.0958 4.2103 6.7280
v  1.4715 2.5509 4.9471
v  1.5103 2.5321 4.8859
v  1.1191 2.6275 4.7773
v  1.0705 2.6336 4.8458
v  0.9917 2.6751 4.9713
v  1.3984 2.6092 5.0704
v  1.8130 2.4949 5.2463
v  1.8916 2.4346 5.1112
v  1.9290 2.4109 5.0464
v  1.2358 2.7384 5.3298
v  1.0371 2.9284 5.6548
v  1.4503 2.8689 5.8678
v  1.6631 2.6787 5.5083
v  0.8365 2.7872 5.2154
v  0.6647 2.9809 5.5003
v  2.8018 1.7484 5.0963
v  2.7156 1.6787 4.9933
v  2.6646 1.7419 4.9432
v  2.7476 1.8183 5.0423
v  2.6414 1.5220 4.7998
v  2.5865 1.5844 4.7639
v  1.2476 1.7423 4.5751
v  1.6164 1.6358 4.6933
v  1.6615 1.8146 4.8974
v  1.2763 1.9208 4.7736
v  0.9491 2.0357 4.6148
v  0.9229 1.8372 4.4531
v  1.2911 2.0223 4.8614
v  1.2773 2.0670 4.9235
v  0.9350 2.1496 4.7891
v  0.9503 2.1209 4.7196
v  1.6788 1.8985 4.9979
v  1.6708 1.9338 5.0575
v  2.5887 2.4609 6.2158
v  2.5498 2.4135 6.2495
v  2.7409 2.2603 5.9279
v  2.8185 2.3284 5.9189
v  2.7627 2.3902 5.8460
v  2.5533 2.5023 6.1535
v  2.3591 2.7506 6.5278
v  2.4118 2.7103 6.6143
v  2.3944 2.6012 6.7288
v  2.9258 2.2524 5.7834
v  2.8788 2.3173 5.6951
v  2.8615 2.1656 5.8230
v  1.5709 2.5248 4.8137
v  1.9808 2.4052 4.9655
v  2.0082 2.3555 4.8869
v  1.6109 2.4739 4.7402
v  1.1788 2.6074 4.7037
v  1.5915 2.3785 4.7046
v  1.9808 2.2624 4.8377
v  1.1565 2.0504 5.0897
v  0.8327 2.1811 4.9539
v  0.8679 2.1651 4.9116
v  1.1909 2.0498 5.0477
v  1.5785 1.8937 5.1979
v  1.5401 1.8786 5.2601
v  1.2391 2.0756 4.9934
v  1.6317 1.9362 5.1340
v  0.9047 2.1608 4.8556
v  2.2199 3.1554 6.8553
v  2.0798 3.5073 7.1011
v  2.1256 3.4399 7.2089
v  2.2499 3.0887 6.9613
v  2.1634 3.0127 7.0187
v  2.0282 3.3709 7.2606
v  2.0303 3.5249 7.4232
v  2.0802 3.6839 7.2117
v  2.1038 3.6003 7.3301
v  0.8648 3.1963 5.9608
v  0.5303 3.2415 5.7462
v  0.4553 3.4965 5.9195
v  0.7681 3.4910 6.1670
v  1.1707 3.5310 6.4125
v  1.2470 3.1488 6.2292
v  0.7566 3.6960 6.2565
v  1.1616 3.7670 6.4872
v  0.4424 3.6564 6.0172
v  1.5878 4.1656 7.8113
v  1.6262 4.2904 7.6783
v  1.3471 4.3121 7.6898
v  1.3503 4.2697 7.8650
v  1.2595 4.1283 7.9495
v  1.4812 4.0090 7.8275
v  0.0998 3.9379 6.8127
v  0.4917 3.9207 7.1295
v  0.3414 4.0475 7.1723
v  -0.0301 4.0662 6.8560
v  -0.3598 4.0686 6.5876
v  -0.2365 3.9571 6.5357
v  -1.1041 5.8058 7.0175
v  -1.2143 5.6456 6.7107
v  -1.2366 5.7886 6.7376
v  -1.1145 5.9489 7.0211
v  -0.9412 6.1515 7.3174
v  -0.9165 6.0065 7.3285
v  -0.8809 5.8838 7.3234
v  -1.0820 5.6758 6.9976
v  -1.2027 5.5105 6.6827
v  -1.1906 6.0427 7.0445
v  -1.0328 6.2559 7.3383
v  -1.3151 5.8874 6.7669
v  1.2097 0.5719 1.7393
v  1.4092 0.4796 1.7151
v  1.3595 0.4359 1.6888
v  1.1581 0.5148 1.7216
v  1.2524 0.6256 1.7628
v  1.4444 0.5205 1.7471
v  1.2526 0.6658 1.9720
v  1.2192 0.6481 2.0457
v  1.4111 0.5812 2.0390
v  1.4426 0.5753 1.9587
v  1.4722 0.5637 1.8741
v  1.2930 0.6932 1.8932
v  1.9172 1.2427 4.1251
v  2.1590 1.1779 4.1903
v  2.0031 0.9398 3.8442
v  1.7876 1.0108 3.7773
v  2.0222 1.4867 4.4227
v  2.2971 1.4379 4.4646
v  2.3665 2.1563 4.9757
v  2.6793 2.0776 5.0801
v  2.5898 1.9565 5.0474
v  2.3019 2.0523 4.9379
v  2.4104 2.2663 5.0417
v  2.7323 2.2000 5.1738
v  1.4825 0.2087 2.1865
v  1.5218 0.2662 2.3194
v  1.4327 0.3026 2.3153
v  1.3832 0.2344 2.1894
v  1.3580 0.1964 2.1458
v  1.4577 0.1745 2.1387
v  2.5747 1.6335 5.4283
v  2.5633 1.6315 5.5278
v  2.3938 1.7271 5.4615
v  2.4102 1.7294 5.3734
v  2.4051 1.7104 5.2746
v  2.5645 1.6378 5.3258
v  2.1793 0.8945 4.3356
v  2.2950 1.1701 4.6472
v  2.1437 1.1913 4.6323
v  2.0252 0.9268 4.3189
v  1.8971 0.7022 3.9341
v  2.0405 0.6438 3.9589
v  1.7055 4.2598 7.2592
v  1.5809 4.2705 7.3996
v  1.7147 4.2957 7.5177
v  1.8460 4.2734 7.3849
v  1.9413 4.1570 7.2583
v  1.7885 4.1473 7.1388
v  2.9075 2.2493 5.3932
v  2.7413 2.2885 5.3053
v  2.7202 2.3658 5.4264
v  2.8689 2.2949 5.5382
v  2.8872 2.1512 5.2547
v  1.6732 3.1813 6.4535
v  1.9845 3.1639 6.6838
v  2.1414 2.7468 6.3800
v  1.8163 2.7569 6.1654
v  1.5976 3.5904 6.6354
v  1.8678 3.5451 6.9126
v  0.6832 -0.0160 1.2063
v  0.8403 -0.0202 1.2115
v  0.7280 -0.1500 1.0094
v  0.5789 -0.1279 0.9787
v  0.8086 0.1300 1.3963
v  0.9680 0.1160 1.3869
v  1.4112 0.3181 1.6348
v  1.3044 0.2596 1.5927
v  1.1933 0.3272 1.6132
v  1.2866 0.3919 1.6590
v  1.4937 0.3582 1.6710
v  1.5404 0.3985 1.7011
v  1.5676 0.4333 1.7385
v  1.0989 0.4624 1.6910
v  1.0232 0.3881 1.6393
v  1.5895 0.4547 1.7960
v  1.4684 0.5456 1.8014
v  1.5884 0.4664 1.8713
v  1.5541 0.4805 1.9580
v  1.5220 0.4968 2.0443
v  1.2854 0.6703 1.8111
v  1.5216 0.5076 2.1171
v  1.4123 0.5898 2.1023
v  1.4650 0.6321 2.2403
v  1.5711 0.5391 2.2639
v  1.2174 0.6472 2.1095
v  1.2656 0.6918 2.2446
v  1.9233 0.7160 3.4675
v  1.7693 0.6197 3.0144
v  1.6642 0.6439 3.0000
v  1.8256 0.7512 3.4399
v  2.1149 0.9150 3.8713
v  2.2853 1.1543 4.2155
v  2.4279 1.4027 4.5005
v  1.6211 0.8246 3.3887
v  1.4609 0.7079 2.9730
v  2.6732 1.8537 5.0169
v  2.5968 1.7719 4.9186
v  2.4657 1.8136 4.8769
v  2.5332 1.8993 4.9720
v  2.7341 1.9072 5.1033
v  2.8285 2.0260 5.1525
v  2.2650 1.9961 4.8733
v  2.2113 1.9043 4.7893
v  0.9695 0.0606 1.7436
v  0.8748 -0.0450 1.5837
v  0.9976 -0.0752 1.5522
v  1.0986 0.0203 1.7158
v  1.1851 0.0634 1.8717
v  1.0509 0.1141 1.8982
v  1.0917 0.1012 2.0188
v  1.2298 0.0440 1.9929
v  1.2702 0.0764 2.0679
v  1.1307 0.1300 2.0901
v  1.2790 0.0422 1.8374
v  1.3176 0.0288 1.9598
v  1.3505 0.0637 2.0429
v  1.1935 0.0034 1.6845
v  1.0906 -0.0880 1.5228
v  1.1723 0.1852 2.1373
v  1.3169 0.1353 2.1151
v  1.2098 0.2505 2.1590
v  1.2344 0.2906 2.2006
v  1.2796 0.3570 2.3235
v  1.4054 0.1226 2.0942
v  2.0511 1.7585 5.1216
v  2.0177 1.6947 5.0118
v  2.3041 1.6144 5.0793
v  2.3649 1.6867 5.1921
v  2.0694 1.7895 5.1829
v  2.0598 1.8304 5.2697
v  2.0220 1.8006 5.3473
v  2.5157 1.6327 5.2373
v  2.4527 1.5907 5.1005
v  1.5376 0.5991 3.4828
v  1.4459 0.5132 3.0411
v  1.6270 0.4188 3.0631
v  1.7508 0.5157 3.5144
v  1.6621 0.7876 3.8838
v  1.7737 1.0192 4.2432
v  1.8798 1.2828 4.5433
v  1.8881 0.4624 3.5254
v  1.7450 0.3669 3.0694
v  2.0286 1.9553 5.5347
v  1.9928 1.8396 5.4742
v  2.3859 1.7799 5.5962
v  2.4497 1.9052 5.6883
v  2.5125 2.0279 5.7699
v  2.0408 2.0334 5.6511
v  2.0364 2.0620 5.7044
v  2.5169 2.0838 5.8131
v  2.4370 2.1747 5.9177
v  1.9729 2.1424 5.8071
v  2.7545 2.0547 5.7730
v  2.7585 2.1316 5.8226
v  2.6637 2.2436 5.9313
v  2.6725 1.9015 5.7135
v  2.5721 1.7329 5.6880
v  1.3582 3.5455 7.0436
v  1.3875 3.4104 6.8942
v  1.7329 3.3344 7.1597
v  1.7121 3.4774 7.3211
v  1.7127 3.5517 7.4067
v  1.3361 3.5895 7.1483
v  1.2402 3.5695 7.2680
v  1.6324 3.5960 7.5021
v  1.5128 3.6482 7.5904
v  1.1226 3.6015 7.3685
v  1.8355 3.6236 7.6051
v  1.9172 3.5821 7.5016
v  1.7153 3.6948 7.6833
v  1.9193 3.4931 7.4203
v  1.9342 3.3462 7.2461
v  1.0252 3.7092 7.4287
v  1.3996 3.7430 7.6478
v  1.2941 3.8328 7.6864
v  0.9350 3.8002 7.4701
v  0.8642 3.8797 7.4758
v  1.2016 3.9109 7.7048
v  1.0106 4.0828 7.7170
v  0.7069 4.0484 7.4862
v  1.3812 3.9414 7.8113
v  1.4859 3.8745 7.7721
v  1.1594 4.0874 7.8374
v  1.5989 3.7888 7.7306
v  -1.2011 5.9340 7.9994
v  -1.0696 5.8677 8.0067
v  -0.9708 6.0280 8.2843
v  -1.0807 6.0965 8.2637
v  -1.1473 6.2026 8.2144
v  -1.2997 6.0501 7.9601
v  -1.1478 6.3100 8.1562
v  -1.3214 6.1847 7.9024
v  -1.1015 6.4086 8.1009
v  -1.2708 6.3119 7.8371
v  -1.1439 6.3926 7.7764
v  -0.9924 6.4750 8.0492
v  -0.8733 6.5026 8.0013
v  -1.0036 6.4172 7.7259
v  -0.8905 6.3865 7.6782
v  -0.7773 6.4818 7.9503
v  -0.7093 6.4017 7.9291
v  -0.8056 6.3001 7.6524
v  -0.7583 6.1785 7.6616
v  -0.6737 6.2965 7.9506
v  -0.6653 6.1949 7.9907
v  -0.7521 6.0610 7.6892
v  1.2077 4.2712 7.2448
v  0.9908 4.3506 7.3040
v  1.2042 4.3025 7.5424
v  1.4531 4.2746 7.4688
v  1.3252 4.2438 7.1710
v  1.4284 4.2121 7.0334
v  1.4920 4.1087 6.9174
v  1.5832 4.3029 7.5795
v  1.3126 4.3037 7.6370
v  1.4907 3.9867 6.8985
v  1.7989 4.0064 7.1133
v  1.8079 3.8847 7.0804
v  1.4936 3.8823 6.8681
v  1.5300 3.7754 6.7801
v  1.8273 3.7629 7.0199
v  2.0022 3.5200 7.0460
v  1.9865 3.7306 7.1439
v  1.9813 3.8472 7.1919
v  1.9617 3.9891 7.2280
v  2.3241 2.4331 5.3201
v  2.2169 2.4462 5.4797
v  2.5376 2.4422 5.6845
v  2.6593 2.4147 5.5206
v  2.3770 2.4101 5.2356
v  2.4103 2.3535 5.1359
v  2.8061 2.3474 5.6345
v  2.6902 2.4157 5.7897
v  2.4987 2.5139 6.1060
v  2.3463 2.5160 6.0062
v  2.3040 2.7565 6.4780
v  2.1514 3.1702 6.7881
v  2.0304 2.5356 5.7914
v  2.0505 3.0086 6.9827
v  1.8360 2.9994 6.9140
v  1.9990 2.5921 6.6132
v  2.2344 2.5925 6.6831
v  2.4685 2.3940 6.2538
v  2.2372 2.3351 6.2265
v  1.8134 2.3766 6.0749
v  1.6147 2.6799 6.4198
v  1.4672 3.0692 6.6983
v  0.9594 -0.0286 1.2077
v  0.8539 -0.1355 1.0034
v  1.0749 0.0757 1.3925
v  0.9874 -0.1928 1.3588
v  0.9071 -0.1959 1.3977
v  0.8082 -0.3130 1.2206
v  0.8796 -0.2948 1.1748
v  0.7029 -0.3023 1.2628
v  0.7937 -0.1808 1.4396
v  0.9260 0.2776 1.5324
v  1.0871 0.2359 1.5177
v  1.1908 0.1755 1.5176
v  2.5254 1.6167 4.7380
v  2.4004 1.6642 4.6888
v  2.1321 1.7304 4.6297
v  1.9665 1.5310 4.7985
v  2.2352 1.4390 4.8855
v  2.3835 1.4245 4.8963
v  1.3652 0.4533 2.6221
v  1.5306 0.3861 2.6260
v  1.6205 0.3434 2.6340
v  1.6540 0.5736 2.5868
v  1.5466 0.6323 2.5677
v  1.3431 0.6804 2.5617
v  2.5519 1.6570 5.6071
v  2.3808 1.7390 5.5202
v  1.9984 1.8002 5.4071
v  -2.5461 3.6271 3.9084
v  -2.5716 3.6910 3.8931
v  -2.6660 3.6744 3.8597
v  -2.6738 3.6239 3.8381
v  -2.6109 3.7086 3.5348
v  -2.7366 3.6461 3.5671
v  -2.7817 3.7346 3.6087
v  -2.6478 3.7943 3.5641
v  -2.7775 3.5861 3.6305
v  -2.7624 3.5406 3.6908
v  -2.8072 3.6207 3.7338
v  -2.8324 3.6719 3.6731
v  -2.6576 3.8561 3.6328
v  -2.7898 3.8122 3.6675
v  -2.7566 3.8623 3.7153
v  -2.6607 3.9012 3.7073
v  -2.8419 3.7566 3.7294
v  -2.8170 3.6989 3.7827
v  -2.7701 3.7792 3.8315
v  -2.7837 3.8344 3.7741
v  -2.6485 3.8665 3.8674
v  -2.6588 3.9102 3.7853
v  -2.6128 3.7739 3.8941
v  -2.7289 3.7164 3.8485
v  -2.7603 3.6514 3.8077
v  -2.7468 3.5795 3.7788
v  -2.7147 3.5050 3.7484
v  -1.9030 4.1689 3.9560
v  -1.9554 4.2043 3.9418
v  -1.8149 4.2479 4.1715
v  -1.8693 4.3198 4.1801
v  -1.9180 4.3670 4.1289
v  -1.9917 4.2399 3.9231
v  -1.7127 4.6732 4.8259
v  -1.6876 4.6123 4.8589
v  -1.7761 4.4776 4.4912
v  -1.8198 4.5140 4.4447
v  -1.5668 4.2264 4.4852
v  -1.6140 4.2821 4.5093
v  -1.4485 4.3540 4.8987
v  -1.3762 4.2785 4.8653
v  -1.6723 4.3403 4.5004
v  -1.7135 4.4035 4.5110
v  -1.5893 4.4846 4.8881
v  -1.5233 4.4196 4.8974
v  -1.7142 4.4728 4.5960
v  -1.6387 4.5552 4.8993
v  0.0819 4.4420 6.8694
v  -0.2382 4.6614 6.9172
v  -0.0244 4.6954 7.1892
v  0.3347 4.4560 7.1324
v  -0.1706 4.3826 6.6589
v  -0.4599 4.5932 6.7030
v  -1.0538 5.5943 6.9797
v  -0.8490 5.8119 7.3123
v  -0.7896 5.7005 7.3025
v  -0.9905 5.4915 6.9735
v  -1.1403 5.3290 6.6777
v  -1.1873 5.4274 6.6669
v  -0.4689 4.8633 6.9564
v  -0.6645 4.7817 6.7308
v  -0.8319 4.9645 6.7362
v  -0.6492 5.0766 6.9725
v  -0.4598 5.1908 7.2623
v  -0.2739 4.9335 7.2341
v  -0.6413 5.4726 7.2820
v  -0.8397 5.3020 6.9753
v  -1.0079 5.1592 6.7114
v  0.5827 4.5050 7.4009
v  0.1475 4.7159 7.5059
v  0.2848 4.7537 7.7670
v  0.7527 4.4947 7.6490
v  -0.7254 5.9919 7.6928
v  -0.6385 6.1280 8.0092
v  -0.5761 5.9887 8.0156
v  -0.6629 5.8674 7.6852
v  -0.5108 5.5962 7.6595
v  -0.3985 5.6987 7.9818
v  -0.1626 5.3655 7.9127
v  -0.3049 5.2796 7.6126
v  -0.1139 4.9908 7.5653
v  0.0279 5.0597 7.8434
v  0.3436 4.7646 7.8949
v  0.3491 4.7759 7.9366
v  0.8371 4.4775 7.7804
v  0.8271 4.4789 7.7572
v  0.1085 5.1026 8.0053
v  -0.0590 5.4301 8.0936
v  -0.0162 5.4562 8.2272
v  0.1430 5.1238 8.1109
v  0.8294 4.4696 7.9000
v  0.3531 4.7837 8.0660
v  0.2515 4.7182 8.0817
v  0.7469 4.3932 7.9257
v  0.1004 5.0930 8.2237
v  -0.0672 5.4290 8.3581
v  -0.1964 5.3713 8.3655
v  -0.0168 5.0373 8.2339
v  0.6918 4.3920 7.8809
v  0.1798 4.6766 8.0574
v  0.0617 4.6147 7.9683
v  0.5762 4.3772 7.7925
v  -0.1075 4.9815 8.1969
v  -0.2827 5.3228 8.2872
v  -0.3838 5.2545 8.1409
v  -0.2212 4.9184 8.0752
v  -1.1165 5.6132 7.6662
v  -1.0254 5.5296 7.6456
v  -0.8709 5.7348 7.9875
v  -0.9840 5.8241 8.0146
v  -0.7496 5.8928 8.2672
v  -0.8737 5.9959 8.2898
v  0.3137 4.2974 7.5960
v  -0.1465 4.5350 7.7677
v  -0.3510 4.5293 7.4438
v  0.0111 4.2709 7.2981
v  -0.4087 4.8315 7.8579
v  -0.5540 5.1525 7.8976
v  -0.6988 5.0776 7.5422
v  -0.5667 4.7998 7.5159
v  -0.7061 5.4889 7.9359
v  -0.8704 5.3344 7.5963
v  -0.5506 5.6303 8.1892
v  -1.2278 5.4211 7.2968
v  -1.3462 5.2387 6.9908
v  -1.2829 5.1502 6.9778
v  -1.1605 5.3343 7.2854
v  -0.3014 4.2647 6.9848
v  -0.5934 4.4942 7.1232
v  -0.8170 4.4388 6.8388
v  -0.5953 4.2178 6.7240
v  -0.7732 4.7242 7.1862
v  -0.9075 4.9399 7.2212
v  -1.0728 4.8179 6.9235
v  -0.9609 4.6383 6.8931
v  -1.0438 5.1595 7.2561
v  -1.1860 4.9991 6.9536
v  -0.7612 4.2111 6.4998
v  -0.9485 4.3926 6.6089
v  -1.0347 4.3469 6.4347
v  -0.8731 4.1816 6.3370
v  -0.7064 4.0582 6.2371
v  -0.5706 4.0710 6.3861
v  -1.0711 4.5660 6.6700
v  -1.1648 4.7265 6.7055
v  -1.2289 4.6506 6.5484
v  -1.1442 4.5035 6.5037
v  -1.7802 4.5011 5.5620
v  -1.8911 4.2429 5.1089
v  -1.7183 4.4416 5.5641
v  -1.8180 4.2122 5.1227
v  -1.6293 4.6379 5.9647
v  -1.6989 4.7087 5.9788
v  -1.7598 4.0261 4.9125
v  -1.7191 4.1799 5.1741
v  -1.9058 4.0218 4.7718
v  -1.7567 3.9202 4.7592
v  -1.5457 3.9974 5.0955
v  -1.6016 4.0798 5.1671
v  -1.6217 4.1775 5.2933
v  -1.7285 3.8488 4.6987
v  -1.4803 3.9281 5.0469
v  -1.9994 4.0369 4.7303
v  0.3912 -0.6089 0.3425
v  0.4151 -0.5825 0.4003
v  0.3316 -0.5518 0.4107
v  0.3130 -0.5816 0.3485
v  0.4886 -0.6519 0.3325
v  0.5627 -0.6022 0.3595
v  0.4912 -0.6029 0.3934
v  0.4470 -0.6240 0.3403
v  0.3742 -0.4449 0.0144
v  0.2088 -0.3625 -0.0417
v  0.2127 -0.3303 0.0272
v  0.3835 -0.4021 0.0876
v  0.5327 -0.4093 0.1389
v  0.5217 -0.4502 0.0650
v  -0.0873 -0.0456 -0.0687
v  -0.0864 -0.0339 -0.0027
v  0.0516 -0.1951 0.0006
v  0.0464 -0.2197 -0.0666
v  -0.3178 0.2081 -0.0375
v  -0.3100 0.2056 0.0263
v  -0.2244 0.0848 0.0126
v  -0.2331 0.0782 -0.0565
v  0.5705 -0.6689 0.3127
v  0.5913 -0.5691 0.1992
v  0.6479 -0.5261 0.2800
v  0.6136 -0.5640 0.3227
v  0.5555 -0.6268 0.2393
v  0.6299 -0.5215 0.1566
v  0.6407 -0.4770 0.1191
v  0.6559 -0.4270 0.1845
v  0.6722 -0.4772 0.2288
v  0.6071 -0.4540 0.0916
v  0.6119 -0.4124 0.1637
v  -1.2375 0.5856 0.0233
v  -1.2588 0.6096 0.0890
v  -1.1481 0.6153 0.1114
v  -1.3648 0.6070 0.1707
v  -1.4797 0.5963 0.2605
v  -1.4392 0.6303 0.3245
v  -1.3060 0.6342 0.2223
v  -1.5737 0.5842 0.3285
v  -1.5487 0.6363 0.4043
v  -1.6388 0.6040 0.3767
v  -1.6222 0.6412 0.4396
v  -1.5367 0.8991 1.1937
v  -1.5164 0.7722 1.0179
v  -1.5110 0.6942 1.0624
v  -1.5077 0.8713 1.2668
v  -1.4521 0.8457 1.3288
v  -1.4349 0.6826 1.1407
v  -1.5769 0.2763 0.6249
v  -1.5637 0.3044 0.6643
v  -1.5761 0.3420 0.5985
v  0.5135 0.2886 2.1061
v  0.5413 0.3267 2.1875
v  0.4441 0.3154 2.2073
v  0.4171 0.2931 2.1060
v  0.4016 0.3311 1.9710
v  0.4960 0.3055 1.9727
v  0.5747 0.4066 2.2175
v  0.6037 0.4910 2.2133
v  0.5179 0.5179 2.2335
v  0.4858 0.4136 2.2477
v  -0.4274 1.2759 1.6775
v  -0.4161 1.3190 1.7335
v  -0.2496 1.2298 1.7316
v  -0.2669 1.1920 1.6768
v  0.6412 2.2239 4.8140
v  0.4560 2.2222 4.7527
v  0.5034 2.2185 4.6526
v  0.6791 2.2123 4.7401
v  0.5318 2.2146 4.5605
v  0.7078 2.2038 4.6590
v  0.7088 2.1650 4.5901
v  0.5153 2.1600 4.5080
v  0.4984 2.0728 4.4378
v  0.6945 2.0678 4.5085
v  -0.0694 2.6599 3.9651
v  -0.4083 2.7901 3.8223
v  -0.4060 2.8589 3.8734
v  -0.0645 2.7282 4.0172
v  -0.0741 2.5847 3.9016
v  -0.4068 2.7127 3.7607
v  -0.4002 1.4013 1.9957
v  -0.4033 1.4035 2.0587
v  -0.2217 1.3191 2.0842
v  -0.2172 1.3094 2.0218
v  -0.1979 1.3360 1.9661
v  -0.3812 1.4300 1.9388
v  -0.4523 3.9849 6.3266
v  -0.5957 3.9944 6.1752
v  -0.5242 3.9446 6.1402
v  -0.3761 3.9275 6.2916
v  -1.6059 5.7488 6.6682
v  -1.6738 5.6623 6.7091
v  -1.5115 5.8039 6.6254
v  -1.5841 5.7557 6.4741
v  -1.6931 5.7018 6.5258
v  -1.7645 5.6024 6.5681
v  -1.3954 5.7968 6.5653
v  -1.4535 5.7451 6.4039
v  -1.3156 5.6843 6.5303
v  -1.3566 5.6285 6.3537
v  -1.2858 5.5401 6.4940
v  -1.2682 5.4050 6.4650
v  -1.3081 5.3324 6.2978
v  -1.3102 5.4762 6.3132
v  -1.2560 5.3244 6.4607
v  -1.3047 5.2516 6.3087
v  -1.2119 5.2358 6.4757
v  -1.2614 5.1698 6.3257
v  0.2699 3.6517 5.8227
v  0.1627 3.6587 5.6783
v  0.1519 3.7383 5.7140
v  0.2681 3.7423 5.8734
v  0.2809 3.5268 5.7422
v  0.1667 3.5538 5.6209
v  0.7578 2.7438 4.7805
v  0.8061 2.7231 4.7003
v  0.5718 2.8251 4.6373
v  0.5242 2.8519 4.7261
v  0.4614 2.9039 4.8439
v  0.6839 2.7878 4.9038
v  0.8701 2.7202 4.6036
v  0.6462 2.8547 4.5170
v  -1.3591 4.5132 5.2814
v  -1.4485 4.5884 5.2742
v  -1.3194 4.6852 5.6080
v  -1.2141 4.5912 5.6069
v  -1.0879 4.4850 5.5938
v  -1.2595 4.4278 5.2755
v  -1.1374 4.3198 5.2399
v  -0.9116 4.3543 5.5543
v  0.3350 3.3144 5.5879
v  0.4332 3.0869 5.3717
v  0.2769 3.1765 5.2737
v  0.1999 3.3675 5.4814
v  0.5603 2.9021 5.1235
v  0.3703 3.0155 5.0446
v  -0.5757 0.9168 1.0972
v  -0.4281 0.8395 1.0954
v  -0.4785 0.7279 0.8934
v  -0.6165 0.8053 0.8943
v  0.4697 0.2802 1.7956
v  0.3688 0.3274 1.7966
v  0.2926 0.2314 1.6355
v  0.4071 0.1705 1.6313
v  0.0635 0.2055 1.4786
v  0.0070 0.0880 1.2937
v  0.0735 0.0415 1.3060
v  0.1328 0.1609 1.4851
v  0.2193 0.1111 1.4872
v  0.1552 -0.0108 1.3145
v  0.2046 0.2769 1.6359
v  0.1311 0.3171 1.6331
v  0.2836 0.3672 1.7867
v  0.3114 0.3558 1.9545
v  0.2288 0.3915 1.9301
v  0.2075 0.4024 1.7720
v  0.1267 0.4390 1.7606
v  0.0593 0.3610 1.6284
v  0.1501 0.4380 1.9078
v  0.3359 0.0454 1.4853
v  0.2639 -0.0779 1.3179
v  -0.0029 0.2533 1.4690
v  -0.0574 0.1361 1.2797
v  -0.1717 -0.3040 0.3696
v  -0.1430 -0.2820 0.4555
v  -0.1920 -0.2451 0.4566
v  -0.2188 -0.2643 0.3763
v  0.0047 0.4804 1.0790
v  -0.0536 0.3844 0.8551
v  -0.1464 0.4797 0.8580
v  -0.0847 0.5804 1.0733
v  -0.0140 0.6889 1.2807
v  0.0797 0.5901 1.2895
v  -0.1591 0.6642 1.0680
v  -0.2272 0.5508 0.8646
v  -0.3029 0.6088 0.8740
v  -0.2327 0.7341 1.0679
v  -0.1796 0.8320 1.2793
v  -0.0965 0.7689 1.2761
v  -0.3188 0.7857 1.0815
v  -0.2698 0.8843 1.2900
v  -0.3817 0.6632 0.8864
v  -0.0384 0.8616 1.4655
v  -0.1286 0.9220 1.4683
v  -0.0780 1.0076 1.6045
v  0.0175 0.9443 1.6055
v  0.1208 0.8783 1.6007
v  0.0547 0.7884 1.4669
v  -0.2231 0.9773 1.4749
v  -0.1782 1.0643 1.6088
v  0.2852 0.8580 1.6575
v  0.2321 0.7909 1.6009
v  0.1678 0.9400 1.6698
v  0.0582 0.9980 1.6876
v  -0.0426 1.0622 1.6823
v  -0.0127 1.1139 1.7247
v  0.0989 1.0746 1.6905
v  0.1581 0.6961 1.4719
v  0.6861 1.8784 4.3694
v  0.5061 1.8961 4.3151
v  0.5243 1.6680 4.1376
v  0.6841 1.6424 4.1720
v  -0.1219 1.1661 1.7290
v  -0.1433 1.1275 1.6750
v  0.6802 1.3941 3.9327
v  0.5383 1.4274 3.9045
v  0.5479 1.2034 3.6182
v  0.6727 1.1620 3.6455
v  0.4139 1.4693 3.8681
v  0.3868 1.7083 4.0955
v  0.2664 1.7625 4.0431
v  0.3006 1.5175 3.8257
v  0.3324 1.2936 3.5533
v  0.4377 1.2497 3.5857
v  -0.0897 2.4518 3.7761
v  -0.4039 2.5739 3.6470
v  -0.3886 2.3986 3.4817
v  -0.1143 2.2692 3.6113
v  0.1807 1.5558 3.7915
v  0.2203 1.3271 3.5278
v  0.1379 1.8050 4.0028
v  -0.3664 2.1979 3.2860
v  -0.1239 2.0685 3.4030
v  -0.1371 1.8709 3.1764
v  -0.3545 1.9978 3.0756
v  0.0305 1.9851 3.4791
v  0.0529 2.1902 3.6951
v  0.1687 2.1382 3.7541
v  0.1442 1.9280 3.5313
v  0.1236 1.7311 3.2792
v  0.0098 1.7884 3.2386
v  0.2591 1.8712 3.5831
v  0.2393 1.6763 3.3179
v  0.2880 2.0888 3.8101
v  0.6565 0.9679 3.3128
v  0.5495 1.0198 3.2875
v  0.6425 0.8138 2.9615
v  0.5475 0.8668 2.9442
v  0.3439 1.1139 3.2393
v  0.4497 1.0752 3.2593
v  0.3383 0.9468 2.9274
v  0.4474 0.9150 2.9316
v  0.2310 0.9851 2.9179
v  0.2351 1.1479 3.2211
v  -0.3487 1.8480 2.8494
v  -0.1542 1.7178 2.9389
v  -0.1851 1.5762 2.7054
v  -0.3758 1.6944 2.6380
v  -0.0150 1.6362 2.9898
v  0.0961 1.5795 3.0217
v  0.0598 1.4418 2.7742
v  -0.0456 1.5028 2.7441
v  0.6016 2.2550 4.8761
v  0.5655 2.3194 4.9312
v  0.3721 2.3585 4.9231
v  0.4083 2.2684 4.8475
v  0.2091 1.5260 3.0518
v  0.1671 1.3870 2.8003
v  0.5390 2.4265 4.9788
v  0.4993 2.5023 5.0602
v  0.3242 2.5713 5.0352
v  0.3508 2.4768 4.9760
v  0.1833 2.5170 4.9520
v  0.0556 2.5760 4.8722
v  0.0382 2.4579 4.8464
v  0.1813 2.3807 4.9203
v  0.1888 2.6261 4.9708
v  0.0632 2.6618 4.9005
v  -0.3688 1.4415 1.8733
v  -0.1891 1.3520 1.8939
v  -0.1952 1.3401 1.8194
v  -0.3671 1.4301 1.8065
v  -0.0821 2.5355 4.7547
v  -0.0596 2.6341 4.7817
v  -0.0594 2.7001 4.8262
v  0.1278 0.3799 2.0585
v  0.2164 0.3318 2.0749
v  0.2191 0.3156 2.2298
v  0.1147 0.3611 2.2243
v  0.0024 0.4492 2.2153
v  0.0189 0.4506 2.0625
v  -0.3829 1.3875 1.7544
v  -0.2199 1.2896 1.7691
v  0.3161 0.3026 2.0932
v  0.3353 0.3068 2.2223
v  -0.1285 0.6635 2.2694
v  -0.1458 0.5788 2.2104
v  0.0326 0.5454 2.3331
v  0.1596 0.4590 2.3726
v  0.2766 0.4202 2.3591
v  0.3290 0.5662 2.3454
v  0.2183 0.6084 2.3697
v  -0.1407 0.5443 2.1048
v  0.4437 0.7632 2.6281
v  0.3397 0.8025 2.6365
v  0.3475 0.7112 2.4125
v  0.4480 0.6704 2.3900
v  0.5423 0.6273 2.3730
v  0.5440 0.7272 2.6206
v  0.3884 0.4134 2.3044
v  0.4274 0.5413 2.2847
v  0.2344 0.8439 2.6406
v  0.2443 0.7524 2.4296
v  0.6181 0.5310 2.2579
v  0.6239 0.5802 2.3719
v  0.5353 0.5667 2.2699
v  0.4427 0.6023 2.3019
v  0.3425 0.6334 2.3455
v  0.6348 0.6867 2.6236
v  0.2352 0.6718 2.3746
v  -0.4093 1.4098 2.1234
v  -0.4129 1.4465 2.2323
v  -0.2241 1.3272 2.1491
v  -0.2279 1.3508 2.2664
v  -0.2196 1.4339 2.4729
v  -0.4006 1.5498 2.4190
v  -0.6237 3.8435 6.0462
v  -0.7270 3.8126 5.9503
v  -0.6855 3.7106 5.9421
v  -0.5787 3.7501 6.0394
v  -0.4454 3.7858 6.1261
v  -0.4868 3.8711 6.1357
v  -0.6537 3.9177 6.0396
v  -0.7486 3.8914 5.9410
v  -0.6759 3.5969 5.7506
v  -0.5650 3.5873 5.6569
v  -0.4796 3.5917 5.7751
v  -0.5962 3.6017 5.8783
v  -0.7602 3.6990 5.8121
v  -0.2137 3.6763 6.1974
v  -0.2950 3.7661 6.2528
v  -0.3678 3.6838 6.0785
v  -0.2694 3.6435 5.9931
v  -0.1141 3.6515 6.1139
v  -0.3855 3.6185 5.8837
v  -0.4921 3.6483 5.9808
v  -0.3360 3.8515 6.2753
v  -0.7951 3.7993 5.8224
v  -0.8124 3.8794 5.8174
v  0.1869 4.1040 6.0935
v  0.2661 4.0109 5.9603
v  0.1374 4.0416 5.8041
v  0.0357 4.1241 5.9628
v  -0.0781 4.1285 6.1167
v  0.0858 4.1122 6.2424
v  0.2781 3.8696 5.9044
v  0.1797 3.8897 5.7214
v  -0.5574 3.3504 4.4278
v  -0.2048 3.2636 4.6214
v  -0.1599 3.1562 4.4627
v  -0.5251 3.2491 4.2861
v  -0.5860 3.4851 4.5805
v  -0.2503 3.4037 4.8085
v  -0.4925 3.1957 4.2041
v  -0.4587 3.1543 4.1428
v  -0.1257 3.1035 4.3803
v  -0.1004 3.0482 4.3240
v  0.3600 2.9363 4.6541
v  0.4172 2.9401 4.5693
v  0.2668 2.9736 4.4993
v  0.2199 2.9851 4.5763
v  0.1751 3.0371 4.6736
v  0.3074 2.9889 4.7614
v  -0.0173 3.1852 4.7593
v  0.1057 3.1379 4.8556
v  0.0424 3.0826 4.5860
v  -0.0819 3.3218 4.9678
v  0.0334 3.2791 5.0700
v  0.0825 3.0329 4.4965
v  0.1166 2.9945 4.4309
v  0.7988 2.1600 4.1367
v  0.5043 2.2286 4.0550
v  0.5489 2.3979 4.1647
v  0.8300 2.3204 4.2815
v  0.2312 3.0934 4.9508
v  0.1509 3.2381 5.1715
v  0.0931 2.3796 3.8591
v  0.1231 2.5202 3.9788
v  0.2477 2.4832 4.0333
v  0.2070 2.3292 3.9256
v  0.8453 2.4235 4.3541
v  0.5719 2.5011 4.2215
v  0.3978 2.5461 4.1354
v  0.3712 2.4463 4.0907
v  0.2711 2.5755 4.0765
v  0.3016 2.6610 4.0878
v  0.4326 2.6349 4.1492
v  0.3277 2.2846 3.9844
v  -0.3734 2.2152 4.0087
v  -0.0730 2.1117 4.0947
v  -0.0931 2.2864 4.2064
v  -0.3995 2.3784 4.1302
v  0.1394 2.6038 4.0291
v  0.1553 2.6779 4.0645
v  0.3594 1.9342 4.2648
v  0.3407 2.1010 4.3868
v  0.2150 2.1568 4.3278
v  0.2349 1.9885 4.2101
v  -0.4152 2.4646 4.1943
v  -0.0997 2.3722 4.2701
v  -0.1090 2.4182 4.3233
v  -0.4305 2.5074 4.2297
v  0.0725 2.3144 4.4017
v  0.0818 2.2850 4.3452
v  0.0874 2.2106 4.2757
v  0.2097 2.2200 4.4044
v  0.2058 2.2409 4.4601
v  0.1054 2.0359 4.1645
v  0.0134 2.8890 5.2345
v  -0.0911 2.9150 5.1461
v  0.0053 2.7802 5.0029
v  0.1177 2.7530 5.0816
v  0.2354 2.6886 5.1614
v  0.1211 2.8301 5.3290
v  0.0008 3.0441 5.5288
v  -0.0986 3.0883 5.4202
v  -0.1960 3.1089 5.3223
v  0.3478 2.1699 4.4593
v  0.3575 2.1994 4.5101
v  -0.1984 2.9379 5.0608
v  -0.1084 2.8067 4.9262
v  -0.2994 3.1224 5.2294
v  0.4651 2.5390 5.1188
v  0.4008 2.6000 5.2150
v  0.2932 2.6208 5.0818
v  0.1708 2.6856 5.0070
v  0.0508 2.7131 4.9340
v  0.2694 2.7484 5.4114
v  0.1363 2.9883 5.6335
v  -0.4109 3.1222 4.0652
v  -0.0417 3.0241 4.2258
v  0.0138 2.9943 4.1055
v  -0.3494 3.1127 3.9614
v  -0.0718 2.7391 4.8639
v  0.5059 2.7799 4.1650
v  0.3673 2.8102 4.1031
v  0.3733 2.9169 4.2398
v  0.5125 2.8784 4.3020
v  -0.3593 2.9940 3.8909
v  0.0052 2.8766 4.0071
v  0.2266 2.8328 4.0553
v  0.2371 2.9542 4.1766
v  0.1787 2.9779 4.3203
v  0.3321 2.9707 4.3788
v  -0.5529 2.5814 4.4524
v  -0.5108 2.5512 4.3587
v  -0.2303 2.4201 4.5046
v  -0.2718 2.4860 4.6047
v  0.4786 2.9343 4.4437
v  0.2098 2.2599 4.8374
v  0.0562 2.3391 4.7679
v  0.1132 2.2783 4.6478
v  0.2688 2.2075 4.7117
v  -0.4620 2.5406 4.2837
v  -0.1626 2.4197 4.4069
v  0.0325 2.3382 4.4856
v  0.1691 2.2564 4.5433
v  -0.0283 2.3545 4.5844
v  -0.0838 2.4135 4.6962
v  -0.4068 3.5892 5.7140
v  -0.3124 3.6112 5.8155
v  -0.3555 3.5076 5.6467
v  -0.2640 3.5131 5.7479
v  -0.1508 3.5264 5.8457
v  -0.2001 3.6293 5.9221
v  0.3250 2.2012 4.5985
v  -0.4384 3.5147 5.5357
v  -0.4969 3.5786 5.6058
v  -0.0201 3.5197 5.9645
v  0.0392 3.2736 5.8258
v  -0.0904 3.3010 5.7116
v  -0.1922 3.3187 5.6038
v  -0.2776 3.3355 5.4965
v  -0.0500 3.6448 6.0358
v  -0.6631 3.7973 4.8367
v  -0.3294 3.7466 5.1779
v  -0.3298 3.6649 5.1199
v  -0.6516 3.7254 4.7940
v  -0.6234 3.6132 4.7070
v  -0.3047 3.5346 4.9912
v  -0.3706 3.3444 5.3943
v  0.0822 3.4073 5.3760
v  -0.0329 3.4359 5.2736
v  -0.0548 3.5970 5.4109
v  0.0556 3.5766 5.5128
v  -0.1568 3.7104 5.3670
v  -0.0484 3.6915 5.4646
v  -0.1632 3.6188 5.3076
v  -0.1563 3.7904 5.3930
v  -0.0453 3.7718 5.4862
v  -0.1419 3.4694 5.1678
v  -0.5969 4.3196 6.1068
v  -0.8214 4.4867 6.1458
v  -0.7287 4.4986 6.3193
v  -0.4878 4.3221 6.2799
v  -0.2629 4.1975 6.2292
v  -0.3795 4.2132 6.0574
v  -0.4768 4.2368 5.8873
v  -0.6875 4.3362 5.9377
v  -0.9040 4.4874 5.9797
v  0.0537 3.6710 5.5669
v  0.0502 3.7506 5.5914
v  -0.7751 4.3573 5.7695
v  -0.9823 4.4938 5.8133
v  -0.5681 4.2734 5.7139
v  0.0164 4.1366 6.3335
v  -0.1481 4.1517 6.1876
v  -0.1107 4.1898 6.4058
v  -0.3541 4.3412 6.4648
v  -0.6141 4.5393 6.5028
v  -1.1402 3.8536 5.3524
v  -0.9464 3.9127 5.6487
v  -1.0177 3.9841 5.6937
v  -1.1942 3.9251 5.3835
v  -0.9459 4.1695 6.2009
v  -1.0984 4.3243 6.2954
v  -1.1601 4.3007 6.1812
v  -1.0081 4.1510 6.0859
v  -0.8520 4.0390 5.9891
v  -0.7880 4.0554 6.1047
v  -0.7749 3.9615 5.9447
v  -0.8350 3.9493 5.8237
v  -0.9105 4.0266 5.8693
v  -1.2934 4.0152 5.4432
v  -1.3971 4.1168 5.5055
v  -1.1539 4.0973 5.7804
v  -1.2894 4.2336 5.8652
v  -1.0633 4.1422 5.9665
v  -1.2132 4.2879 6.0613
v  -0.6970 3.9843 6.0526
v  -1.4281 5.1357 6.7617
v  -1.5174 5.2214 6.7901
v  -1.6355 5.1237 6.6647
v  -1.5189 5.0334 6.6203
v  -1.4145 4.9181 6.5931
v  -1.3497 5.0255 6.7478
v  -1.5906 4.9256 6.5043
v  -1.7222 5.0003 6.5599
v  -1.7588 4.9031 6.4218
v  -1.6312 4.8508 6.3698
v  -1.5139 4.7972 6.3169
v  -1.4651 4.8500 6.4493
v  -1.2631 4.8814 6.7330
v  -1.3197 4.7883 6.5746
v  -1.6176 4.8273 5.2322
v  -1.5360 4.9580 5.5877
v  -1.5033 4.8866 5.5980
v  -1.5972 4.7549 5.2538
v  -1.6224 4.9083 5.2202
v  -1.5421 5.0450 5.5904
v  -1.6561 4.8064 6.2190
v  -1.5596 4.7494 6.1805
v  -1.7682 4.8442 6.2629
v  -1.4622 5.0493 5.8130
v  -1.4040 5.1172 5.9778
v  -1.3620 5.0460 5.9876
v  -1.4239 4.9791 5.8206
v  -1.4703 5.1364 5.8158
v  -1.4028 5.2029 5.9701
v  -1.4237 4.7888 5.6053
v  -1.5333 4.6716 5.2663
v  -1.8503 5.1265 5.3242
v  -1.7435 5.4433 5.7133
v  -1.6123 5.3495 5.6680
v  -1.7406 5.0920 5.2908
v  -1.6607 5.0129 5.2439
v  -1.5497 5.1977 5.6194
v  -1.3101 5.1078 6.1598
v  -1.3569 5.1822 6.1472
v  -1.3381 5.2688 6.1273
v  -1.8758 5.4186 6.4790
v  -1.8807 5.5553 6.4531
v  -1.9796 5.4972 6.3293
v  -1.9550 5.3391 6.3561
v  -1.9092 5.1929 6.3733
v  -1.8525 5.2862 6.5059
v  -1.7699 5.3761 6.6412
v  -1.7788 5.4928 6.6035
v  -1.9794 5.2623 6.2097
v  -1.9295 5.1126 6.2245
v  -2.0131 5.4176 6.1808
v  -1.6308 5.3160 6.8303
v  -1.6940 5.4471 6.8169
v  -1.7273 5.2434 6.6716
v  -1.8082 5.1403 6.5434
v  -1.8567 5.0364 6.4104
v  -1.6942 5.5618 6.7628
v  -1.1722 5.0176 6.3413
v  -1.0488 4.8371 6.3481
v  -1.1174 4.7997 6.1725
v  -1.2291 4.9670 6.1701
v  -1.1679 4.7760 5.9972
v  -1.2790 4.9213 5.9954
v  -1.8737 4.9570 6.2581
v  -1.3403 4.8680 5.8270
v  -1.2294 4.7439 5.8283
v  -0.8040 4.7167 6.5264
v  -0.9061 4.6696 6.3397
v  -0.9571 4.8901 6.5300
v  -0.9852 4.6460 6.1642
v  -1.0534 4.6340 5.9957
v  -1.1062 5.0746 6.5086
v  -1.4748 4.6303 6.1757
v  -1.5403 4.5414 5.9614
v  -1.4497 4.4352 5.9528
v  -1.3851 4.5110 6.1612
v  -1.3332 4.5550 6.2855
v  -1.4183 4.6829 6.3013
v  -1.1205 4.6239 5.8276
v  -1.3637 4.7338 6.4282
v  -1.2744 4.6051 6.4052
v  -1.4750 4.2069 5.5536
v  -1.3758 4.3409 5.9208
v  -1.5479 4.2892 5.5803
v  -1.3072 4.4059 6.1233
v  -1.2562 4.4337 6.2454
v  -1.6351 4.3693 5.5770
v  -1.1960 4.4708 6.3615
v  0.1724 1.2832 1.8677
v  0.1557 1.2370 1.7719
v  0.0434 1.2594 1.7975
v  0.0565 1.2958 1.8833
v  0.0535 1.2905 1.9749
v  0.1669 1.2677 1.9718
v  -0.0550 1.3114 1.8948
v  -0.0584 1.3056 1.9760
v  -0.0664 1.2862 1.8163
v  0.1301 1.1595 1.7152
v  0.0190 1.1932 1.7450
v  -0.0925 1.2272 1.7691
v  -0.0778 1.2704 2.0348
v  -0.0986 1.2379 2.0939
v  0.0137 1.2050 2.1030
v  0.0368 1.2570 2.0441
v  -0.0760 1.3697 2.5039
v  0.0371 1.3213 2.5283
v  0.0258 1.2398 2.3198
v  -0.0911 1.2799 2.2984
v  0.1243 1.1766 2.1140
v  0.1090 1.1441 2.2051
v  0.0089 1.1911 2.1916
v  0.1286 1.1969 2.3380
v  0.1478 1.2266 2.0490
v  -0.0960 1.2495 2.1733
v  0.1379 1.2665 2.5530
v  -0.2697 4.1709 6.0266
v  -0.1956 4.1566 5.9653
v  -0.2844 4.2098 5.7988
v  -0.3638 4.2089 5.8551
v  0.0863 3.9103 5.5837
v  -0.0151 3.9287 5.4725
v  -0.0552 4.0986 5.5308
v  0.0401 4.0737 5.6629
v  -0.3793 4.2453 5.6275
v  -0.2615 4.2422 5.5119
v  -0.1529 4.2247 5.6623
v  -0.1734 4.1052 5.4131
v  -0.4596 4.2390 5.6805
v  -0.0625 4.1793 5.8163
v  -0.1388 3.9391 5.3793
v  -1.8101 5.6981 6.3928
v  -1.6666 5.7606 6.3131
v  -1.7509 5.7395 6.1488
v  -1.9206 5.6738 6.2489
v  -1.9669 5.5721 6.0988
v  -1.8210 5.6369 6.0058
v  -1.6533 5.6040 5.9321
v  -1.5746 5.6844 6.0730
v  -1.4397 5.5503 6.0180
v  -1.5246 5.4742 5.8874
v  -1.5052 5.7303 6.2330
v  -1.3738 5.6053 6.1715
v  -1.3412 5.4212 6.1422
v  -1.4097 5.3607 5.9907
v  -1.4749 5.2990 5.8432
v  -0.4721 5.7076 8.3296
v  -0.4218 5.7501 8.3576
v  -0.6519 6.0651 8.4863
v  -0.6805 5.9843 8.4032
v  -0.8164 6.0847 8.4274
v  -0.7927 6.1333 8.5118
v  -0.8941 6.1593 8.5063
v  -0.9198 6.1084 8.4237
v  -1.0240 6.1754 8.3993
v  -0.9926 6.2258 8.4830
v  -1.0432 6.3270 8.4344
v  -1.0770 6.2783 8.3455
v  -1.0526 6.4317 8.3834
v  -1.0865 6.3819 8.2913
v  -1.0102 6.5318 8.3282
v  -1.0431 6.4797 8.2339
v  -0.9325 6.5433 8.1808
v  -0.9037 6.6013 8.2757
v  -0.7793 6.6239 8.2277
v  -0.8124 6.5733 8.1294
v  -0.7134 6.5475 8.0767
v  -0.6750 6.5945 8.1763
v  -0.5981 6.5138 8.1505
v  -0.6439 6.4649 8.0558
v  -0.5618 6.4113 8.1726
v  -0.6025 6.3633 8.0803
v  -0.5498 6.3186 8.2205
v  -0.5904 6.2677 8.1309
v  -0.2868 5.7804 8.1561
v  -0.4729 6.0745 8.1798
v  -0.4218 6.1568 8.3149
v  -0.2201 5.8233 8.2865
v  -0.5503 6.2083 8.1625
v  -0.5039 6.2611 8.2594
v  -0.3243 5.7823 8.3741
v  -0.4934 6.0798 8.4488
v  -0.7712 6.2038 8.6108
v  -0.7445 6.2810 8.7122
v  -0.8343 6.3120 8.7198
v  -0.8712 6.2291 8.6141
v  -0.6681 6.1958 8.5939
v  -0.6523 6.2762 8.6788
v  -0.9542 6.2993 8.5962
v  -0.9028 6.3771 8.7116
v  -0.9428 6.4647 8.6944
v  -0.9993 6.3972 8.5621
v  -1.0008 6.5037 8.5217
v  -0.9387 6.5664 8.6675
v  -0.8886 6.6582 8.6368
v  -0.9516 6.6006 8.4774
v  -0.8536 6.6639 8.4387
v  -0.8014 6.7150 8.6128
v  -0.7391 6.6769 8.4024
v  -0.6983 6.7289 8.5861
v  -0.6360 6.6491 8.3537
v  -0.6030 6.6878 8.5460
v  -0.5346 6.6178 8.5084
v  -0.5512 6.5806 8.3169
v  -0.8490 6.4295 8.8169
v  -0.7834 6.3784 8.8191
v  -0.7229 6.4588 8.8891
v  -0.7889 6.4932 8.8824
v  -0.8368 6.5283 8.8573
v  -0.8872 6.5040 8.8040
v  -0.8862 6.5933 8.7866
v  -0.8198 6.5951 8.8628
v  -0.8011 6.6585 8.8327
v  -0.8405 6.6748 8.7648
v  -0.5169 6.4854 8.3207
v  -0.5017 6.5430 8.4884
v  -0.5052 6.4687 8.4893
v  -0.5063 6.3985 8.3470
v  -0.7596 6.7263 8.7488
v  -0.7348 6.6836 8.8486
v  -0.6461 6.6850 8.8355
v  -0.6608 6.7412 8.7287
v  -0.7465 6.5919 8.9009
v  -0.6680 6.5787 8.9050
v  -0.5977 6.5580 8.8752
v  -0.6484 6.4467 8.8676
v  -0.5702 6.4441 8.8103
v  -0.5485 6.5394 8.8225
v  -0.5139 6.6116 8.7682
v  -0.5664 6.6575 8.8085
v  -0.5731 6.6995 8.6932
v  -0.5150 6.6349 8.6550
v  -0.5609 6.2218 8.5275
v  -0.5001 6.2781 8.4337
v  -0.5466 6.3519 8.5412
v  -0.5834 6.2996 8.6045
v  -0.6245 6.3559 8.7609
v  -0.6998 6.3552 8.8076
v  -0.5235 6.4070 8.5051
v  -0.5180 6.4514 8.6372
v  -0.4951 6.5048 8.6105
v  -0.4986 6.5163 8.6938
v  -0.5211 6.4874 8.7388
v  -0.5482 6.4007 8.6738
v  -0.5804 6.3528 8.6898
v  -0.5220 6.5306 8.7766
v  -0.4979 6.5605 8.7213
v  -0.4917 6.5674 8.6221
v  -1.4366 0.3697 0.8900
v  -1.3800 0.3423 0.9020
v  -1.3777 0.4852 1.0351
v  -1.4361 0.5118 0.9994
v  -1.5165 0.5098 0.9847
v  -1.4918 0.3791 0.9022
v  -1.3198 0.4503 1.0712
v  -1.3148 0.3119 0.9246
v  -1.2340 0.2813 0.9604
v  -1.2593 0.3974 1.1242
v  -1.3087 0.2066 0.8224
v  -1.3801 0.2399 0.8167
v  -1.3792 0.1575 0.7565
v  -1.3047 0.1127 0.7484
v  -1.2072 0.0839 0.7573
v  -1.2188 0.1802 0.8445
v  -1.3810 0.0667 0.7066
v  -1.3024 0.0084 0.6889
v  -1.1970 -0.0172 0.6765
v  -1.1187 0.2440 1.0131
v  -0.9453 0.3335 0.9532
v  -0.9606 0.4280 1.1319
v  -1.1479 0.3522 1.1811
v  -1.0939 0.1664 0.8814
v  -0.9286 0.2689 0.8187
v  -1.0740 0.1030 0.7709
v  -0.9124 0.2064 0.7085
v  -1.0605 0.0379 0.6576
v  -0.8961 0.1416 0.5956
v  -0.7023 0.3683 1.0944
v  -0.4510 0.2572 1.0655
v  -0.7077 0.2561 0.9262
v  -0.4759 0.1498 0.8932
v  -0.7024 0.1759 0.8036
v  -0.4831 0.0732 0.7712
v  -0.6915 0.1112 0.7028
v  -0.4803 0.0158 0.6724
v  -0.6786 0.0500 0.5984
v  -0.4758 -0.0366 0.5708
v  -0.2853 0.1657 1.0547
v  -0.1789 0.0896 1.0580
v  -0.3158 0.0708 0.8736
v  -0.2088 0.0041 0.8693
v  -0.3285 0.0019 0.7488
v  -0.2241 -0.0589 0.7411
v  -0.3313 -0.0512 0.6508
v  -0.2318 -0.1098 0.6431
v  -0.3338 -0.1022 0.5518
v  -0.2404 -0.1609 0.5457
v  0.2349 -0.4108 0.6191
v  0.1688 -0.3723 0.6354
v  0.1403 -0.4064 0.5328
v  0.2072 -0.4437 0.5200
v  0.2762 -0.4795 0.5054
v  0.3033 -0.4471 0.6009
v  0.3852 -0.3013 1.0802
v  0.2970 -0.2464 1.0947
v  0.2316 -0.3081 0.8798
v  0.3022 -0.3532 0.8602
v  0.3757 -0.3931 0.8378
v  0.4746 -0.3477 1.0594
v  0.2599 -0.3838 0.7191
v  0.1948 -0.3435 0.7384
v  0.3281 -0.4210 0.6980
v  0.1470 -0.2520 0.8899
v  0.1982 -0.1792 1.0988
v  0.1030 -0.1139 1.0963
v  0.0627 -0.1938 0.8921
v  0.5796 -0.3872 1.0344
v  0.4713 -0.4310 0.8174
v  0.5760 -0.4588 0.7957
v  0.6853 -0.4070 1.0025
v  0.7725 -0.3956 0.9629
v  0.6778 -0.4642 0.7675
v  0.7581 -0.4396 0.7323
v  0.8330 -0.3659 0.9226
v  0.5176 -0.4883 0.6624
v  0.4179 -0.4580 0.6799
v  0.3894 -0.4840 0.5842
v  0.4831 -0.5149 0.5682
v  0.3593 -0.5166 0.4900
v  0.4476 -0.5482 0.4754
v  0.8059 -0.4094 0.6975
v  0.8384 -0.3800 0.6660
v  0.8941 -0.3105 0.8537
v  0.8697 -0.3381 0.8866
v  0.7027 -0.4881 0.6118
v  0.6180 -0.5028 0.6417
v  0.5763 -0.5331 0.5518
v  0.6568 -0.5245 0.5256
v  0.5346 -0.5689 0.4630
v  0.6103 -0.5614 0.4384
v  0.7561 -0.4602 0.5770
v  0.7929 -0.4288 0.5419
v  0.7096 -0.4969 0.4901
v  0.7452 -0.4637 0.4511
v  0.6605 -0.5316 0.4023
v  0.6940 -0.4954 0.3608
v  0.9073 -0.2636 0.8196
v  0.8523 -0.2358 0.8111
v  0.8515 -0.3274 0.6370
v  0.7930 -0.2958 0.6329
v  0.8082 -0.3713 0.5086
v  0.7520 -0.3312 0.4995
v  0.7621 -0.4084 0.4098
v  0.7176 -0.3597 0.3893
v  0.7110 -0.4435 0.3132
v  0.6817 -0.3918 0.2788
v  0.4788 -0.2526 0.5559
v  0.3164 -0.1821 0.5111
v  0.3491 -0.1351 0.7098
v  0.5133 -0.2082 0.7551
v  0.6568 -0.2368 0.7944
v  0.6157 -0.2845 0.6008
v  0.7727 -0.2407 0.8085
v  0.7193 -0.2942 0.6243
v  0.6858 -0.3230 0.4875
v  0.5919 -0.3104 0.4605
v  0.6600 -0.3464 0.3753
v  0.5734 -0.3355 0.3484
v  0.6332 -0.3751 0.2620
v  0.5525 -0.3679 0.2362
v  0.1679 0.0034 0.6784
v  0.1388 -0.0497 0.4850
v  -0.0193 0.1057 0.4717
v  0.0116 0.1678 0.6559
v  0.4555 -0.2824 0.4116
v  0.2929 -0.2130 0.3631
v  0.4342 -0.3122 0.2957
v  0.2663 -0.2479 0.2441
v  0.4078 -0.3540 0.1825
v  0.2354 -0.2905 0.1265
v  -0.0415 0.0608 0.3342
v  0.1180 -0.0863 0.3401
v  0.0933 -0.1246 0.2228
v  -0.0647 0.0188 0.2214
v  0.0678 -0.1639 0.1035
v  -0.0828 -0.0163 0.1026
v  -0.1979 0.3934 0.6578
v  -0.1036 0.2985 0.6502
v  -0.1430 0.2283 0.4754
v  -0.2448 0.3166 0.4908
v  -0.2720 0.2715 0.3584
v  -0.1693 0.1805 0.3427
v  -0.1907 0.1423 0.2305
v  -0.2896 0.2413 0.2441
v  -0.2825 0.4567 0.6713
v  -0.3301 0.3759 0.5077
v  -0.4075 0.4191 0.5262
v  -0.3612 0.5036 0.6883
v  -0.2108 0.1071 0.1143
v  -0.3035 0.2153 0.1275
v  -0.8796 0.9133 0.6352
v  -1.0200 0.9661 0.6177
v  -0.7719 0.8093 0.6778
v  -0.9046 0.8225 0.4782
v  -0.7901 0.7259 0.5140
v  -1.0505 0.8682 0.4767
v  -1.1302 0.5625 0.0432
v  -0.9793 0.5706 0.0973
v  -0.9873 0.5337 0.0444
v  -0.8398 0.5163 0.1029
v  -0.8424 0.4791 0.0446
v  -0.8300 0.5616 0.1891
v  -0.9648 0.6225 0.1790
v  -1.1183 0.6715 0.2039
v  -1.0953 0.7391 0.2796
v  -0.9468 0.6840 0.2731
v  -0.8177 0.6115 0.2911
v  -0.7134 0.4314 0.0407
v  -0.7188 0.4521 0.1054
v  -0.6253 0.3762 0.1008
v  -0.9274 0.7476 0.3658
v  -1.0743 0.7979 0.3697
v  -0.8053 0.6626 0.3925
v  -1.1953 0.9578 0.6366
v  -1.3214 0.8478 0.7286
v  -1.2187 0.8650 0.5267
v  -1.3456 0.7765 0.6280
v  -1.3712 0.7531 0.5337
v  -1.2343 0.7946 0.4432
v  -1.2533 0.7379 0.3652
v  -1.3911 0.7141 0.4603
v  -1.2747 0.6833 0.2916
v  -1.4132 0.6743 0.3903
v  -1.4653 0.8538 0.7487
v  -1.5704 0.8444 0.7798
v  -1.4888 0.7951 0.6601
v  -1.5863 0.7830 0.7037
v  -1.5944 0.7386 0.6355
v  -1.5048 0.7535 0.5898
v  -1.5179 0.7158 0.5275
v  -1.6025 0.7043 0.5690
v  -1.5937 0.7878 0.8251
v  -1.6008 0.7332 0.7458
v  -1.5764 0.6911 0.7716
v  -1.5573 0.7358 0.8573
v  -1.5335 0.6771 0.4652
v  -1.6129 0.6698 0.5021
v  -1.4401 0.1195 0.7268
v  -1.4878 0.1597 0.7624
v  -1.4980 0.0976 0.7147
v  -1.4382 0.1983 0.7722
v  -1.4879 0.2249 0.8044
v  -1.4382 0.2726 0.8207
v  -1.4897 0.2887 0.8509
v  -1.6407 0.6287 0.5275
v  -1.6441 0.5791 0.5443
v  -1.6217 0.6153 0.6197
v  -1.6253 0.6612 0.5998
v  -1.6532 0.6059 0.4618
v  -1.6654 0.5670 0.4795
v  -1.5210 0.6996 0.8939
v  -1.5383 0.6543 0.7999
v  -1.5189 0.5957 0.8293
v  -1.5103 0.6348 0.9211
v  -1.6119 0.6935 0.6717
v  -1.5985 0.6518 0.6941
v  -1.5659 0.2427 0.6597
v  -1.5554 0.2621 0.6946
v  -1.5527 0.2003 0.6705
v  -1.5404 0.2177 0.7044
v  -1.5326 0.5480 0.7464
v  -1.5583 0.6081 0.7157
v  -1.5827 0.5605 0.6374
v  -1.5510 0.4954 0.6681
v  -1.6087 0.5123 0.5579
v  -1.6473 0.4990 0.4983
v  -1.6187 0.3599 0.4401
v  -1.5735 0.4414 0.5892
v  -1.5236 0.1691 0.7170
v  -1.5390 0.1573 0.6739
v  -1.5466 0.1073 0.6924
v  -1.5207 0.2095 0.7558
v  -1.5414 0.2555 0.7417
v  -1.5244 0.2658 0.7983
v  -1.5389 0.3061 0.7785
v  -1.5287 0.4720 0.7765
v  -1.5355 0.4037 0.7955
v  -1.5347 0.4165 0.8376
v  -1.5197 0.5067 0.8407
v  -1.5429 0.4280 0.7128
v  -1.5434 0.3710 0.7503
v  -1.5606 0.3829 0.6498
v  -1.5544 0.3356 0.7042
v  -1.5282 0.5207 0.9126
v  -1.5342 0.4007 0.8840
v  -1.5265 0.3236 0.8410
v  -1.5383 0.3546 0.8153
v  -1.5382 0.3639 0.7949
v  -1.5429 0.3334 0.7650
v  -1.5496 0.2954 0.7295
v  -0.0379 -0.0150 1.0786
v  -0.1019 0.0321 1.0673
v  -0.1324 -0.0503 0.8736
v  -0.0700 -0.0970 0.8812
v  -0.1508 -0.1111 0.7433
v  -0.0908 -0.1548 0.7482
v  -0.1618 -0.1583 0.6435
v  -0.1051 -0.1985 0.6467
v  -0.0074 -0.1435 0.8883
v  0.0275 -0.0614 1.0889
v  0.0337 -0.4028 0.4457
v  0.0028 -0.4365 0.3533
v  -0.0379 -0.3579 0.4518
v  -0.0697 -0.3871 0.3599
v  -0.0942 -0.3186 0.4545
v  -0.1249 -0.3436 0.3645
v  -0.1746 -0.2064 0.5454
v  -0.1218 -0.2436 0.5471
v  0.0640 -0.3627 0.5423
v  -0.0097 -0.3184 0.5477
v  0.0908 -0.3262 0.6457
v  0.0141 -0.2786 0.6503
v  -0.0691 -0.2797 0.5485
v  -0.0489 -0.2374 0.6497
v  -0.6538 0.7016 0.7063
v  -0.6872 0.6104 0.5468
v  -0.5288 0.6203 0.7092
v  -0.5717 0.5286 0.5510
v  0.1153 -0.2943 0.7499
v  0.0358 -0.2427 0.7542
v  -0.0308 -0.1975 0.7527
v  -0.4380 0.5550 0.7029
v  -0.4838 0.4660 0.5432
v  -0.5951 0.4698 0.4247
v  -0.6089 0.4296 0.3143
v  -0.7093 0.5137 0.3104
v  -0.7022 0.5532 0.4202
v  -0.6106 0.3807 0.0303
v  -0.5305 0.3562 0.0802
v  -0.5279 0.3495 0.0145
v  -0.4876 0.2661 0.0615
v  -0.4589 0.3183 -0.0037
v  -0.3806 0.2880 0.0392
v  -0.4023 0.2651 -0.0235
v  -0.7158 0.4795 0.1999
v  -0.6231 0.3931 0.2026
v  -0.4501 0.3386 0.1532
v  -0.5264 0.3706 0.1769
v  -0.5173 0.3902 0.2946
v  -0.4421 0.3535 0.2730
v  -0.3694 0.3083 0.2571
v  -0.3795 0.2886 0.1391
v  -0.5057 0.4183 0.4108
v  -0.4292 0.3785 0.3906
v  -0.3540 0.3352 0.3731
v  -0.4938 6.3337 8.3790
# 3521 vertices

vn -0.8540 -0.2467 -0.4580
vn -0.8600 -0.2455 -0.4474
vn -0.7327 -0.3407 -0.5891
vn -0.7390 -0.3616 -0.5685
vn -0.7659 -0.3280 -0.5531
vn -0.8246 -0.2896 -0.4859
vn -0.8094 -0.2925 -0.5093
vn -0.8268 -0.2637 -0.4969
vn -0.7748 -0.3818 -0.5039
vn -0.8240 -0.2885 -0.4876
vn -0.8269 -0.2833 -0.4857
vn -0.7647 -0.3157 -0.5617
vn -0.7971 -0.3004 -0.5239
vn -0.7568 -0.3281 -0.5653
vn -0.7447 -0.3392 -0.5748
vn -0.3443 -0.4386 -0.8301
vn -0.3252 -0.4926 -0.8072
vn 0.0297 -0.5121 -0.8584
vn -0.0786 -0.2545 -0.9639
vn -0.2500 -0.1875 -0.9499
vn -0.4141 -0.4316 -0.8014
vn -0.1597 -0.5529 -0.8178
vn 0.1356 -0.4763 -0.8687
vn 0.0697 -0.5246 -0.8485
vn -0.2908 -0.5137 -0.8072
vn -0.4096 -0.5238 -0.7469
vn -0.4979 -0.5601 -0.6622
vn -0.4286 -0.5549 -0.7130
vn -0.3456 -0.5057 -0.7905
vn -0.3197 -0.4759 -0.8193
vn -0.3250 -0.4860 -0.8113
vn -0.3473 -0.5061 -0.7895
vn -0.4653 -0.5123 -0.7219
vn -0.5518 -0.5054 -0.6634
vn -0.1470 -0.5085 -0.8484
vn -0.1765 -0.5023 -0.8465
vn -0.1571 -0.4443 -0.8820
vn 0.0303 -0.8208 -0.5705
vn -0.2135 -0.7463 -0.6305
vn -0.3346 -0.3771 -0.8636
vn -0.2128 -0.4629 -0.8605
vn 0.1332 -0.8170 -0.5611
vn 0.2818 -0.9391 -0.1968
vn -0.3035 -0.6781 -0.6694
vn -0.3189 -0.4714 -0.8222
vn -0.3540 -0.4637 -0.8122
vn -0.3494 -0.6104 -0.7109
vn -0.3862 -0.4570 -0.8012
vn -0.4121 -0.5210 -0.7475
vn -0.2802 -0.7598 -0.5867
vn -0.5154 -0.3888 -0.7637
vn -0.4288 -0.3783 -0.8204
vn -0.2415 -0.7810 -0.5759
vn 0.4755 -0.8239 -0.3085
vn 0.3587 -0.9193 0.1618
vn 0.7207 0.3784 0.5809
vn 0.6189 0.4282 0.6585
vn 0.6656 0.4047 0.6271
vn 0.6558 0.4237 0.6248
vn 0.2300 0.5811 0.7806
vn 0.3777 0.5421 0.7506
vn 0.5113 0.5092 0.6923
vn 0.7451 0.3684 0.5559
vn 0.5678 0.4516 0.6882
vn 0.4274 0.5517 0.7162
vn 0.3599 0.6566 0.6628
vn 0.3550 0.6773 0.6443
vn 0.3816 0.5552 0.7390
vn 0.3867 0.4892 0.7818
vn 0.4646 0.4896 0.7378
vn 0.5412 0.5086 0.6697
vn 0.5292 0.5743 0.6247
vn 0.7359 0.4839 0.4736
vn 0.6129 0.5719 0.5453
vn 0.6229 0.6718 0.4008
vn 0.7534 0.5637 0.3386
vn -0.2513 0.5674 0.7841
vn -0.4457 0.5857 0.6770
vn -0.3596 0.6109 0.7053
vn -0.1207 0.5905 0.7979
vn -0.3697 0.5394 0.7565
vn -0.4750 0.5635 0.6759
vn -0.4657 -0.6621 -0.5871
vn -0.7387 -0.4312 -0.5180
vn -0.7768 -0.4402 -0.4504
vn -0.5143 -0.6964 -0.5005
vn -0.3661 -0.7899 -0.4919
vn -0.3274 -0.7468 -0.5788
vn -0.2824 -0.6780 -0.6786
vn -0.4956 -0.5513 -0.6712
vn -0.7343 -0.3448 -0.5847
vn -0.4229 -0.4737 -0.7725
vn -0.3245 -0.3938 -0.8600
vn -0.2609 -0.6392 -0.7235
vn -0.3852 -0.5967 -0.7040
vn -0.6585 -0.4281 -0.6189
vn -0.7307 -0.3673 -0.5755
vn -0.2802 -0.7293 -0.6242
vn -0.1293 -0.8327 -0.5384
vn 0.0228 -0.9466 -0.3215
vn -0.0990 -0.8724 -0.4787
vn -0.3959 -0.7135 -0.5781
vn -0.5386 -0.5727 -0.6180
vn -0.7983 -0.2350 -0.5546
vn -0.8100 -0.2691 -0.5210
vn -0.7786 -0.2846 -0.5593
vn -0.7500 -0.3105 -0.5840
vn -0.7575 -0.3188 -0.5697
vn -0.6863 -0.4307 -0.5861
vn -0.8205 -0.2688 -0.5045
vn -0.8091 -0.2576 -0.5282
vn -0.2299 -0.0591 -0.9714
vn -0.3624 -0.1370 -0.9219
vn -0.3647 0.1654 -0.9163
vn -0.3100 0.1024 -0.9452
vn -0.3459 -0.3304 -0.8782
vn -0.3696 -0.2107 -0.9050
vn -0.2638 -0.7555 -0.5997
vn -0.2479 -0.7896 -0.5613
vn -0.0940 -0.9682 -0.2317
vn -0.1239 -0.9763 -0.1776
vn -0.1153 -0.9837 -0.1381
vn -0.0120 -0.9940 -0.1084
vn -0.4016 -0.2463 -0.8821
vn -0.4427 -0.3242 -0.8360
vn -0.4883 0.1326 -0.8625
vn -0.4526 0.1658 -0.8762
vn 0.5963 -0.0225 -0.8024
vn 0.2740 0.2751 -0.9216
vn 0.5007 0.6788 -0.5371
vn 0.8436 0.4175 -0.3377
vn 0.9723 0.1751 -0.1547
vn 0.7049 -0.2489 -0.6643
vn 0.2403 -0.5367 -0.8088
vn 0.0873 -0.3340 -0.9385
vn -0.0380 -0.0595 -0.9975
vn 0.6720 -0.7327 -0.1077
vn 0.5569 -0.7157 -0.4215
vn 0.3852 -0.6724 -0.6320
vn 0.7565 -0.5245 -0.3906
vn 0.9799 -0.1776 0.0912
vn 0.8244 -0.5023 0.2610
vn 0.2299 0.9475 -0.2224
vn 0.1497 0.7679 -0.6228
vn 0.4591 0.4712 -0.7532
vn 0.5879 0.7286 -0.3514
vn 0.3549 0.9005 0.2513
vn 0.2564 0.9512 0.1718
vn 0.1596 0.9548 0.2506
vn 0.3731 0.9243 -0.0806
vn 0.6202 0.6752 0.3992
vn 0.7027 0.6905 0.1717
vn 0.6024 0.5765 0.5520
vn 0.6747 0.6695 0.3107
vn 0.4190 0.8934 0.1619
vn 0.4725 0.8137 0.3387
vn -0.3500 -0.4592 -0.8165
vn -0.2902 -0.6917 -0.6613
vn -0.1705 -0.6835 -0.7098
vn -0.2454 -0.4858 -0.8389
vn -0.2210 -0.2582 -0.9405
vn -0.3273 -0.2012 -0.9233
vn -0.3777 -0.1147 -0.9188
vn -0.3697 -0.4426 -0.8170
vn -0.3266 -0.6822 -0.6542
vn -0.2201 -0.3908 -0.8938
vn -0.2390 -0.3362 -0.9110
vn -0.1749 -0.6580 -0.7325
vn -0.1148 -0.7305 -0.6732
vn -0.0471 -0.7802 -0.6238
vn -0.2266 -0.3325 -0.9155
vn 0.1727 0.9777 0.1195
vn 0.4627 0.6843 0.5636
vn 0.4643 0.6480 0.6037
vn 0.1757 0.9744 0.1400
vn 0.1761 0.9744 0.1394
vn 0.1583 0.9794 0.1250
vn 0.0374 0.9966 0.0730
vn 0.0715 0.9523 0.2968
vn 0.2536 0.6560 0.7109
vn 0.6334 0.0197 0.7736
vn 0.5989 -0.4650 0.6520
vn 0.5472 -0.4513 0.7049
vn 0.5902 0.0124 0.8072
vn 0.4390 0.0849 0.8945
vn 0.4806 -0.4180 0.7709
vn 0.6043 -0.4263 0.6731
vn 0.5422 -0.6623 0.5170
vn 0.4570 -0.6457 0.6117
vn 0.5271 -0.4928 0.6924
vn 0.5347 -0.3507 0.7689
vn 0.4834 -0.6474 0.5892
vn 0.6751 0.4635 0.5739
vn 0.5901 0.4329 0.6814
vn 0.6034 0.2967 0.7402
vn 0.6603 0.2670 0.7020
vn 0.5427 0.3430 0.7667
vn 0.5087 0.6729 0.5371
vn 0.6669 0.1167 0.7359
vn 0.7081 -0.0453 0.7047
vn 0.5342 -0.2758 0.7991
vn 0.5405 0.0444 0.8402
vn 0.6638 0.2327 0.7108
vn 0.7350 0.1690 0.6566
vn -0.5467 -0.6411 -0.5385
vn -0.8202 -0.3599 -0.4446
vn -0.7909 -0.3034 -0.5315
vn -0.5306 -0.5772 -0.6208
vn -0.2454 -0.7459 -0.6192
vn -0.2955 -0.7734 -0.5608
vn -0.2390 -0.7668 -0.5957
vn -0.1771 -0.7630 -0.6216
vn -0.2837 -0.6858 -0.6703
vn -0.3332 -0.6808 -0.6523
vn -0.4416 -0.6902 -0.5732
vn -0.3716 -0.7758 -0.5100
vn -0.4727 -0.5586 -0.6816
vn -0.4425 -0.5611 -0.6996
vn -0.4921 -0.4800 -0.7263
vn -0.5371 -0.4746 -0.6974
vn -0.5665 -0.4925 -0.6607
vn -0.5076 -0.5618 -0.6533
vn -0.4756 -0.4478 -0.7571
vn -0.4401 -0.4517 -0.7760
vn -0.4402 -0.4377 -0.7840
vn -0.4528 -0.4371 -0.7772
vn -0.4736 -0.4928 -0.7300
vn -0.5154 -0.4940 -0.7003
vn 0.4686 0.4003 0.7875
vn 0.8284 0.4931 0.2659
vn 0.9556 0.2732 -0.1105
vn 0.9141 0.3671 0.1722
vn 0.6423 0.3468 0.6836
vn 0.4026 0.2895 0.8684
vn 0.4021 0.4352 0.8056
vn 0.5909 0.5970 0.5426
vn 0.4742 0.4526 0.7551
vn 0.5900 0.4307 0.6830
vn 0.5418 0.3993 0.7396
vn 0.4212 0.4580 0.7829
vn 0.4132 0.4675 0.7815
vn 0.4276 0.4724 0.7707
vn 0.4393 0.5080 0.7409
vn 0.4661 0.5218 0.7145
vn 0.5346 0.5604 0.6326
vn 0.5920 0.4987 0.6331
vn 0.6213 0.4683 0.6282
vn 0.8037 0.2849 0.5224
vn 0.7793 0.3249 0.5358
vn 0.7604 0.3529 0.5452
vn 0.5915 0.5201 0.6161
vn 0.5784 0.5208 0.6279
vn 0.5523 0.5184 0.6528
vn 0.5566 0.5299 0.6399
vn -0.4125 -0.3589 -0.8373
vn -0.4151 -0.5407 -0.7317
vn -0.3885 -0.5341 -0.7509
vn -0.3834 -0.3872 -0.8385
vn -0.2380 -0.3446 -0.9081
vn -0.3250 -0.2851 -0.9017
vn -0.4434 -0.2374 -0.8643
vn -0.4435 -0.3539 -0.8234
vn -0.4329 -0.5297 -0.7294
vn 0.7069 0.3875 0.5917
vn 0.6862 0.3870 0.6159
vn 0.1425 0.7577 0.6368
vn 0.1890 0.7809 0.5954
vn 0.2012 0.7854 0.5854
vn 0.7418 0.3828 0.5506
vn 0.8114 -0.3663 0.4556
vn 0.7743 -0.3034 0.5553
vn 0.6944 -0.1468 0.7045
vn 0.7437 -0.2240 0.6298
vn 0.7965 -0.0544 0.6021
vn 0.9123 -0.0812 0.4013
vn 0.9863 -0.1568 0.0515
vn 0.8330 -0.5108 0.2126
vn -0.0347 -0.9146 -0.4029
vn -0.0337 -0.8992 -0.4362
vn -0.0471 -0.8846 -0.4640
vn -0.0834 -0.8822 -0.4635
vn -0.1604 -0.8612 -0.4822
vn -0.0002 -0.9633 -0.2683
vn 0.7226 -0.1698 0.6701
vn 0.7975 -0.0809 0.5978
vn 0.7913 -0.1822 0.5836
vn 0.7192 0.0881 0.6892
vn 0.5944 0.0667 0.8014
vn 0.5698 -0.2352 0.7874
vn 0.6618 0.3927 0.6385
vn 0.6841 0.2638 0.6801
vn 0.8273 0.1782 0.5327
vn 0.8231 0.2372 0.5159
vn 0.5747 0.4564 0.6793
vn 0.6041 0.3014 0.7377
vn -0.6367 -0.5649 -0.5249
vn -0.2662 -0.8293 -0.4913
vn -0.2288 -0.8526 -0.4698
vn -0.5994 -0.6109 -0.5172
vn -0.7992 -0.3164 -0.5110
vn -0.8131 -0.3066 -0.4948
vn -0.5557 -0.5855 -0.5903
vn -0.2256 -0.8022 -0.5527
vn -0.7883 -0.3023 -0.5359
vn 0.0256 -0.9274 -0.3731
vn 0.0521 -0.9511 -0.3043
vn -0.0556 -0.8565 -0.5132
vn 0.0116 -0.9046 -0.4262
vn -0.0914 -0.8358 -0.5414
vn -0.1861 -0.7459 -0.6395
vn -0.1193 -0.9339 -0.3369
vn -0.2476 -0.8173 -0.5204
vn -0.3677 -0.5286 -0.7651
vn -0.2958 -0.7109 -0.6381
vn -0.4018 -0.5688 -0.7176
vn -0.4447 -0.4733 -0.7604
vn -0.3404 -0.7849 -0.5177
vn -0.3297 -0.8582 -0.3935
vn -0.3742 -0.5435 -0.7514
vn -0.3668 -0.5067 -0.7802
vn -0.2663 -0.9435 -0.1974
vn -0.2729 -0.9582 -0.0858
vn -0.4077 -0.4365 -0.8021
vn -0.3997 -0.3974 -0.8260
vn 0.9028 0.2507 0.3495
vn 0.8068 0.2304 0.5440
vn 0.7944 0.3159 0.5188
vn 0.8588 0.3525 0.3718
vn 0.9481 0.2893 -0.1320
vn 0.9762 0.1970 -0.0902
vn 0.8636 0.3249 0.3856
vn 0.6206 0.3034 0.7230
vn 0.9479 0.2793 -0.1532
vn 0.5501 0.0936 0.8299
vn 0.5306 0.0315 0.8470
vn 0.4883 0.3392 0.8040
vn 0.4752 0.3384 0.8122
vn 0.4395 0.3465 0.8287
vn 0.4942 0.1771 0.8511
vn 0.4476 0.3997 0.7999
vn 0.4196 0.4058 0.8120
vn 0.4488 0.3795 0.8091
vn 0.6975 0.1950 0.6896
vn 0.8009 0.0131 0.5987
vn 0.6066 0.1546 0.7799
vn 0.6867 0.3757 0.6223
vn 0.6846 0.3531 0.6377
vn 0.0327 0.7090 0.7045
vn 0.0791 0.7198 0.6896
vn 0.6650 0.2073 -0.7175
vn 0.7197 -0.1650 -0.6744
vn 0.5587 -0.2924 -0.7761
vn 0.3746 0.0043 -0.9272
vn 0.2675 0.3861 -0.8828
vn 0.4220 0.5948 -0.6842
vn 0.5932 0.6025 -0.5340
vn 0.7643 0.2654 -0.5878
vn 0.7865 -0.0745 -0.6131
vn -0.8906 0.2753 0.3619
vn -0.9889 -0.1092 0.1012
vn -0.8921 -0.2488 0.3772
vn -0.8486 -0.1139 0.5167
vn -0.8275 -0.0019 0.5614
vn -0.7787 0.4596 0.4270
vn -0.4034 0.9118 0.0762
vn -0.6828 0.7247 -0.0924
vn -0.9099 0.2072 -0.3594
vn -0.7516 -0.3953 0.5280
vn -0.8160 -0.4843 0.3157
vn -0.6202 -0.7112 0.3308
vn -0.5750 -0.6793 0.4560
vn -0.5672 -0.6504 0.5052
vn -0.7331 -0.3558 0.5797
vn 0.5578 -0.5613 -0.6113
vn 0.6903 -0.4497 -0.5667
vn 0.2657 -0.9357 -0.2321
vn 0.1782 -0.9308 -0.3191
vn -0.0941 -0.8876 -0.4509
vn 0.2813 -0.6299 -0.7240
vn 0.7301 0.2183 -0.6476
vn 0.7005 -0.1261 -0.7024
vn 0.6104 0.5638 -0.5563
vn 0.4190 0.4947 -0.7614
vn 0.4103 0.1184 -0.9042
vn 0.1989 -0.2812 -0.9388
vn 0.3664 0.8242 -0.4317
vn 0.1960 0.9189 -0.3425
vn -0.1688 0.9825 -0.0787
vn 0.0301 0.9813 -0.1899
vn 0.2889 0.7484 -0.5970
vn -0.6203 0.6572 0.4282
vn -0.7200 0.1266 0.6823
vn -0.3706 0.3497 0.8605
vn -0.2600 0.8541 0.4505
vn -0.6262 -0.3150 0.7132
vn -0.4870 -0.6264 0.6086
vn -0.2768 -0.5754 0.7696
vn -0.3549 -0.1655 0.9201
vn -0.2867 -0.8850 0.3670
vn -0.2921 -0.9133 0.2838
vn 0.0397 -0.9840 -0.1735
vn -0.1105 -0.9876 0.1118
vn -0.2000 -0.8359 0.5112
vn 0.4834 -0.5444 -0.6855
vn 0.0156 -0.8244 -0.5658
vn -0.0012 0.0188 -0.9998
vn -0.0817 -0.4783 -0.8744
vn 0.1001 0.3973 -0.9122
vn -0.0157 0.3330 -0.9428
vn -0.0846 -0.0675 -0.9941
vn -0.1804 -0.5883 -0.7883
vn 0.1444 0.7436 -0.6528
vn 0.1763 0.9577 -0.2273
vn 0.1804 0.9673 -0.1782
vn 0.0477 0.7651 -0.6421
vn 0.1288 0.9170 0.3776
vn 0.0663 0.5223 0.8502
vn 0.1519 0.6407 0.7526
vn 0.2431 0.9096 0.3370
vn -0.0292 -0.0109 0.9995
vn -0.1157 -0.4956 0.8608
vn -0.1281 -0.4659 0.8755
vn -0.0120 0.1234 0.9923
vn -0.1495 -0.9643 0.2184
vn -0.1582 -0.7977 0.5819
vn -0.2200 -0.9460 0.2379
vn -0.1765 -0.8014 0.5715
vn -0.1339 -0.9305 -0.3409
vn -0.2531 -0.9300 -0.2667
vn 0.1122 0.5127 -0.8512
vn 0.1929 0.4522 -0.8708
vn 0.0333 0.2948 -0.9550
vn -0.0385 0.3031 -0.9522
vn -0.3331 0.4160 -0.8462
vn -0.1874 0.7312 -0.6559
vn 0.1840 0.9245 -0.3338
vn 0.3097 0.8457 -0.4347
vn 0.4090 0.7631 -0.5004
vn -0.3386 -0.1349 -0.9312
vn -0.3348 0.0205 -0.9421
vn -0.7871 -0.5005 -0.3605
vn -0.6679 -0.6346 -0.3888
vn -0.5727 -0.7007 -0.4254
vn -0.3324 -0.1986 -0.9220
vn 0.1002 0.3516 -0.9308
vn 0.1499 0.4953 -0.8557
vn -0.5971 -0.8021 0.0097
vn -0.6951 -0.7022 0.1540
vn -0.5147 -0.6732 0.5309
vn -0.3455 -0.7653 0.5432
vn -0.5818 -0.8088 -0.0861
vn -0.3955 -0.8107 0.4317
vn -0.1604 -0.5113 0.8443
vn -0.3981 -0.4628 0.7921
vn -0.0753 -0.1439 0.9867
vn 0.0224 -0.1689 0.9854
vn 0.1016 -0.1866 0.9772
vn -0.0950 -0.5439 0.8338
vn 0.2950 0.2424 0.9242
vn 0.2924 0.2392 0.9259
vn 0.5342 0.6036 0.5919
vn 0.4908 0.6163 0.6159
vn 0.5026 0.6732 0.5424
vn 0.3300 0.2489 0.9106
vn 0.5822 0.8130 -0.0030
vn 0.5610 0.8081 -0.1795
vn 0.4342 0.5446 -0.7175
vn 0.4866 0.6284 -0.6069
vn 0.5079 0.8597 0.0535
vn 0.2787 0.4163 -0.8655
vn 0.3570 0.5176 -0.7776
vn 0.0625 0.7291 -0.6815
vn -0.0100 0.2884 -0.9575
vn 0.1305 0.9804 -0.1476
vn 0.0601 0.9862 -0.1540
vn 0.0520 0.7018 -0.7105
vn -0.0655 0.3420 -0.9374
vn 0.1131 0.9325 0.3430
vn 0.0372 0.9291 0.3679
vn 0.0772 0.6633 0.7443
vn 0.0588 0.6290 0.7751
vn -0.0250 0.1184 0.9927
vn -0.1244 -0.5069 0.8530
vn -0.1013 -0.5500 0.8290
vn -0.0117 0.0792 0.9968
vn -0.1845 -0.8134 0.5517
vn -0.2683 -0.9286 0.2564
vn -0.2987 -0.9165 0.2659
vn -0.1717 -0.8258 0.5372
vn -0.3591 -0.9088 -0.2123
vn -0.3633 -0.5804 -0.7288
vn -0.5823 -0.4521 -0.6757
vn -0.4936 -0.8587 -0.1378
vn -0.1759 -0.1089 -0.9784
vn -0.3513 0.0195 -0.9361
vn -0.1180 0.8051 -0.5812
vn 0.0089 0.9980 -0.0624
vn -0.2475 0.9566 0.1541
vn -0.6025 0.7850 -0.1441
vn -0.9189 0.2056 -0.3367
vn -0.4659 0.4262 -0.7754
vn -0.7826 -0.5962 0.1790
vn -0.9026 -0.2454 -0.3536
vn -0.9473 0.1982 -0.2517
vn -0.9052 -0.3442 0.2491
vn -0.8115 -0.2914 0.5066
vn -0.6298 -0.6067 0.4851
vn -0.5661 0.3920 0.7252
vn -0.2508 0.7690 0.5881
vn -0.0412 0.4301 0.9018
vn -0.1484 0.2021 0.9681
vn -0.0062 -0.0095 0.9999
vn -0.5837 -0.1271 0.8019
vn -0.7621 0.4775 0.4373
vn -0.0423 0.8891 0.4557
vn 0.0175 0.5650 0.8249
vn -0.4553 -0.4578 0.7636
vn -0.0229 -0.1792 0.9835
vn 0.0599 0.0482 0.9970
vn -0.0251 -0.5566 0.8304
vn 0.0410 -0.5197 0.8534
vn 0.1298 0.0927 0.9872
vn -0.1505 -0.8192 0.5534
vn -0.3728 -0.8686 0.3266
vn -0.4343 -0.8095 0.3950
vn -0.1592 -0.7558 0.6351
vn -0.9965 0.0778 -0.0319
vn -0.9364 0.1416 0.3211
vn 0.3738 0.1005 0.9220
vn 0.3617 0.0468 0.9311
vn 0.5861 0.2712 0.7635
vn 0.6039 0.4296 0.6714
vn 0.7223 0.4950 0.4830
vn 0.7856 0.2426 0.5692
vn 0.8228 0.4453 0.3533
vn 0.6444 0.7565 0.1112
vn 0.4400 0.7932 -0.4209
vn 0.7619 0.6410 0.0922
vn 0.5092 0.2183 0.8325
vn 0.5196 0.0928 0.8493
vn 0.6247 0.7665 -0.1494
vn 0.3198 0.6764 -0.6635
vn 0.2263 0.9016 -0.3686
vn 0.2603 0.7462 -0.6128
vn -0.0869 0.9378 -0.3361
vn 0.0265 0.7427 -0.6691
vn -0.5137 0.3654 -0.7762
vn -0.5954 0.6383 -0.4880
vn -0.5976 0.7219 -0.3489
vn -0.2830 0.9443 -0.1681
vn -0.4256 0.8951 -0.1326
vn -0.6227 0.7215 -0.3028
vn -0.8871 0.3425 -0.3095
vn -0.8912 0.3381 -0.3023
vn -0.6748 0.6759 -0.2964
vn -0.4591 0.8714 -0.1727
vn -0.4043 0.8794 -0.2513
vn -0.6669 0.6511 -0.3623
vn -0.8092 0.4087 -0.4221
vn -0.8521 0.3670 -0.3732
vn -0.8725 -0.1101 -0.4760
vn -0.9195 -0.1350 -0.3692
vn -0.8876 0.2474 -0.3886
vn -0.7891 0.3981 -0.4677
vn -0.8429 0.2692 -0.4658
vn -0.8432 -0.0674 -0.5334
vn -0.9114 0.0796 -0.4037
vn -0.3749 0.8893 -0.2618
vn -0.5056 0.8496 -0.1504
vn -0.3968 0.8910 -0.2208
vn -0.4793 0.8604 -0.1730
vn -0.8040 0.5382 -0.2529
vn -0.8882 0.3280 -0.3219
vn -0.5916 0.7633 -0.2595
vn -0.1011 0.9838 -0.1479
vn 0.0103 0.9999 0.0071
vn 0.1178 0.9802 0.1591
vn -0.2716 0.9624 0.0009
vn -0.6900 0.6831 -0.2393
vn -0.7156 0.5721 -0.4008
vn -0.2283 0.8506 -0.4737
vn -0.1571 0.9235 -0.3500
vn -0.6281 0.6411 -0.4410
vn -0.8905 0.1902 -0.4133
vn 0.3915 0.8959 -0.2101
vn 0.3425 0.8059 -0.4828
vn 0.7470 0.5598 -0.3587
vn 0.7504 0.6555 -0.0848
vn 0.6828 0.7234 0.1026
vn 0.3910 0.9203 -0.0113
vn 0.4503 0.7572 0.4732
vn 0.4080 0.4858 0.7730
vn -0.0911 0.6530 0.7519
vn 0.2666 0.9539 0.1378
vn 0.7332 0.5029 0.4577
vn 0.6869 0.3553 0.6340
vn 0.1867 0.9824 -0.0018
vn -0.1658 0.7724 0.6131
vn -0.5285 0.5499 0.6468
vn -0.0862 0.9958 0.0309
vn -0.3751 -0.0453 0.9259
vn -0.3292 0.2739 0.9037
vn -0.0923 0.2147 0.9723
vn -0.0541 -0.1033 0.9932
vn -0.3585 0.9312 0.0659
vn -0.9579 0.2755 0.0814
vn -0.9970 0.0127 -0.0762
vn -0.7895 -0.1961 0.5816
vn -0.9537 -0.0376 0.2983
vn -0.9563 0.2033 -0.2101
vn -0.4027 -0.4507 0.7967
vn -0.3638 -0.3797 0.8506
vn -0.0471 -0.4092 0.9112
vn -0.0308 -0.5297 0.8476
vn -0.7753 0.5631 -0.2860
vn -0.8426 0.4905 -0.2224
vn -0.4893 0.6721 -0.5557
vn -0.3419 0.7480 -0.5688
vn -0.9047 0.4053 -0.1310
vn -0.8951 -0.0170 0.4456
vn -0.7787 0.0417 0.6260
vn -0.8671 0.3859 0.3150
vn -0.7467 0.6651 -0.0067
vn -0.6510 0.6584 -0.3778
vn 0.9232 0.2088 -0.3226
vn 0.6519 0.4907 -0.5781
vn 0.6597 0.5782 -0.4801
vn 0.9104 0.3944 -0.1250
vn 0.9609 0.0939 0.2605
vn 0.9820 -0.0943 0.1635
vn 0.9843 0.0220 0.1754
vn 0.9562 0.2265 -0.1854
vn 0.2354 0.6938 -0.6806
vn 0.1701 0.7147 -0.6785
vn 0.6382 -0.3257 0.6976
vn 0.7024 0.0043 0.7117
vn 0.2266 -0.1740 0.9583
vn 0.0403 -0.4523 0.8910
vn 0.5930 -0.3832 0.7081
vn 0.0887 0.9054 -0.4152
vn -0.1031 0.9274 0.3595
vn 0.6064 0.6754 0.4198
vn 0.7176 0.6843 -0.1295
vn -0.3882 -0.4339 0.8130
vn -0.3506 -0.2057 0.9136
vn -0.2879 0.3322 0.8982
vn 0.4823 0.3145 0.8176
vn 0.8340 0.4133 0.3656
vn 0.0052 0.6780 0.7350
vn -0.2729 0.6706 0.6898
vn -0.2422 0.7362 0.6319
vn 0.0575 0.7883 0.6126
vn 0.0817 0.8193 0.5675
vn -0.2462 0.7607 0.6006
vn -0.2604 0.7523 0.6052
vn 0.1063 0.7818 0.6144
vn -0.2107 0.7583 0.6169
vn -0.2088 0.7400 0.6394
vn -0.1028 0.7766 0.6215
vn -0.0677 0.7941 0.6040
vn -0.0633 0.8109 0.5817
vn -0.2151 0.7491 0.6266
vn -0.2739 0.7274 0.6292
vn 0.1415 0.7050 0.6949
vn -0.2725 0.7038 0.6561
vn 0.2011 0.6064 0.7693
vn -0.1812 0.7473 0.6393
vn -0.0502 0.7557 0.6530
vn -0.0882 0.6470 0.7574
vn -0.1993 0.7004 0.6853
vn -0.2474 0.6997 0.6702
vn 0.2789 0.5560 0.7830
vn -0.1943 0.6968 0.6904
vn 0.3745 0.4886 0.7881
vn -0.2728 0.6741 0.6864
vn -0.1134 0.6349 0.7642
vn -0.1180 0.6673 0.7354
vn -0.3159 0.6773 0.6645
vn 0.6888 0.3138 0.6535
vn 0.6456 0.2995 0.7025
vn 0.0017 0.6653 0.7466
vn 0.0230 0.6831 0.7300
vn 0.5106 0.3841 0.7693
vn -0.1085 0.6806 0.7246
vn -0.3165 0.6861 0.6550
vn -0.1382 0.6821 0.7181
vn -0.1524 0.7014 0.6962
vn -0.2876 0.7166 0.6355
vn -0.2071 0.7062 0.6770
vn -0.2110 0.6756 0.7064
vn -0.4413 0.6627 0.6050
vn -0.1236 0.7296 0.6726
vn -0.2310 0.6565 0.7181
vn -0.4831 0.6073 0.6307
vn -0.1863 0.6165 0.7650
vn -0.5562 0.5037 0.6610
vn -0.8795 -0.2098 -0.4272
vn -0.8653 -0.2220 -0.4494
vn -0.9732 0.2258 0.0443
vn -0.9880 0.1526 0.0245
vn -0.9998 0.0169 -0.0055
vn -0.8556 -0.2842 -0.4326
vn -0.1909 0.7695 0.6095
vn -0.1560 0.7484 0.6446
vn -0.5809 0.6707 0.4612
vn -0.5404 0.6469 0.5381
vn -0.9679 0.2394 -0.0764
vn -0.8655 -0.1444 -0.4796
vn -0.9003 -0.0290 -0.4342
vn -0.9527 0.3034 0.0153
vn -0.5962 0.6289 0.4990
vn -0.6456 0.5679 0.5106
vn -0.2554 0.7465 0.6144
vn -0.2130 0.7905 0.5742
vn -0.7590 -0.2452 -0.6031
vn -0.8347 -0.2634 -0.4837
vn -0.8312 -0.2604 -0.4912
vn -0.7515 -0.2446 -0.6128
vn -0.7034 -0.2904 -0.6488
vn -0.7625 -0.1919 -0.6179
vn -0.7852 -0.2592 -0.5623
vn -0.6896 -0.3298 -0.6448
vn -0.8130 -0.2839 -0.5084
vn -0.9671 -0.0026 -0.2544
vn -0.9870 -0.0169 -0.1597
vn -0.9425 0.2538 0.2173
vn -0.9411 0.3031 0.1496
vn -0.8658 -0.1621 -0.4734
vn -0.8697 -0.2017 -0.4505
vn -0.6793 -0.3777 -0.6291
vn -0.7046 -0.4278 -0.5661
vn -0.7160 -0.4482 -0.5353
vn -0.7171 -0.3497 -0.6028
vn -0.2934 0.7025 0.6484
vn -0.6906 0.5394 0.4818
vn -0.7124 0.5391 0.4493
vn -0.2621 0.6900 0.6747
vn -0.8829 -0.2594 -0.3913
vn -0.8813 -0.2232 -0.4164
vn -0.9931 -0.0024 -0.1171
vn -0.9917 -0.0111 -0.1279
vn -0.9461 0.2334 0.2247
vn -0.9473 0.2720 0.1690
vn -0.2386 0.6648 0.7079
vn -0.7103 0.5190 0.4754
vn -0.6995 0.4887 0.5214
vn -0.2448 0.6170 0.7479
vn -0.9533 0.2561 0.1603
vn -0.9949 -0.0432 -0.0913
vn -0.9928 -0.1068 -0.0539
vn -0.9586 0.2022 0.2005
vn -0.8719 -0.3595 -0.3324
vn -0.7308 -0.5067 -0.4574
vn -0.8703 -0.4167 -0.2625
vn -0.7965 -0.4614 -0.3907
vn -0.7612 -0.3890 -0.5188
vn -0.8131 -0.3303 -0.4793
vn -0.9571 0.1442 0.2514
vn -0.9858 -0.1679 -0.0008
vn -0.9789 -0.2011 -0.0366
vn -0.9580 0.1445 0.2478
vn -0.6786 0.4894 0.5477
vn -0.6771 0.4717 0.5648
vn -0.2530 0.5920 0.7652
vn -0.2860 0.6306 0.7215
vn -0.9180 -0.3755 -0.1276
vn -0.8756 -0.4321 -0.2158
vn -0.2426 0.7597 0.6033
vn -0.2104 0.7249 0.6559
vn -0.5589 0.6573 0.5055
vn -0.2372 0.7871 0.5694
vn -0.8460 -0.2696 -0.4600
vn -0.8739 -0.1988 -0.4436
vn -0.9163 -0.1964 -0.3490
vn -0.8691 -0.3295 -0.3690
vn -0.3689 0.6701 0.6441
vn -0.7213 0.5207 0.4567
vn -0.9157 -0.3218 -0.2408
vn -0.9477 -0.1787 -0.2646
vn -0.9936 -0.0034 -0.1128
vn -0.9894 -0.1212 -0.0798
vn -0.9569 0.2207 0.1886
vn -0.9283 0.3250 0.1805
vn -0.2492 0.7972 0.5498
vn -0.5781 0.6781 0.4538
vn -0.5896 0.6923 0.4161
vn -0.2582 0.8090 0.5281
vn -0.8971 -0.1232 -0.4243
vn -0.9267 -0.0685 -0.3695
vn -0.9662 -0.0113 -0.2576
vn -0.9428 -0.0816 -0.3232
vn -0.9631 -0.0773 -0.2579
vn -0.9792 -0.0355 -0.2000
vn -0.9935 0.0968 -0.0595
vn -0.9924 0.0733 -0.0985
vn -0.9002 0.3917 0.1902
vn -0.8932 0.4092 0.1864
vn -0.6051 0.6872 0.4020
vn -0.2929 0.8055 0.5152
vn -0.6453 0.6551 0.3930
vn -0.3393 0.8146 0.4705
vn -0.9626 -0.0410 -0.2679
vn -0.9632 -0.0517 -0.2636
vn -0.9823 0.1480 -0.1151
vn -0.9852 0.0603 -0.1604
vn -0.9885 0.0159 -0.1501
vn -0.9864 0.1272 -0.1040
vn -0.9858 0.1616 -0.0462
vn -0.9924 0.1123 -0.0498
vn -0.9000 0.3998 0.1738
vn -0.9196 0.3662 0.1423
vn -0.9085 -0.0311 -0.4167
vn -0.9467 -0.0537 -0.3177
vn -0.9457 0.2646 -0.1889
vn -0.9707 0.1895 -0.1475
vn -0.9309 0.0113 -0.3650
vn -0.8477 -0.2978 -0.4390
vn -0.7200 -0.2768 -0.6364
vn -0.6685 0.1553 -0.7273
vn -0.9157 -0.1505 -0.3727
vn -0.8876 -0.1029 -0.4489
vn -0.8854 -0.2413 -0.3972
vn -0.8719 -0.3049 -0.3831
vn -0.9449 -0.0950 -0.3133
vn -0.6100 -0.7705 -0.1851
vn -0.6753 -0.7056 -0.2145
vn -0.9779 0.0152 -0.2086
vn -0.9663 0.0974 0.2382
vn -0.9982 -0.0352 -0.0483
vn -0.5251 0.6990 0.4855
vn -0.3716 0.5530 0.7458
vn -0.2414 0.3274 0.9135
vn -0.8441 0.1765 0.5063
vn -0.9830 -0.1783 -0.0435
vn -0.8807 -0.3819 -0.2802
vn -0.7899 0.1052 0.6041
vn -0.3359 0.0113 0.9418
vn -0.6699 -0.2134 0.7111
vn -0.8519 0.1170 0.5105
vn -0.9564 -0.0085 0.2918
vn -0.9771 -0.1124 0.1809
vn -0.4513 -0.8112 -0.3720
vn -0.6056 -0.6851 -0.4048
vn -0.5632 -0.6254 -0.5401
vn -0.3882 -0.7527 -0.5318
vn -0.4783 -0.7494 -0.4578
vn -0.5380 -0.7664 -0.3509
vn -0.6454 -0.7161 -0.2659
vn -0.5251 -0.8454 -0.0976
vn -0.5614 -0.7790 -0.2794
vn -0.2651 -0.6471 -0.7148
vn -0.2812 -0.6971 -0.6596
vn -0.4054 -0.4573 -0.7915
vn -0.3822 -0.3784 -0.8431
vn -0.3793 -0.3210 -0.8678
vn -0.2526 -0.5668 -0.7842
vn -0.2130 -0.6606 -0.7199
vn -0.2840 -0.7108 -0.6435
vn -0.2742 -0.7413 -0.6127
vn -0.2398 -0.4875 -0.8395
vn -0.3985 -0.2621 -0.8789
vn -0.4779 -0.2379 -0.8456
vn -0.2435 -0.4889 -0.8377
vn -0.0821 -0.6094 -0.7886
vn -0.1187 -0.6051 -0.7873
vn -0.5073 -0.1171 -0.8538
vn -0.5410 -0.1786 -0.8219
vn -0.6315 0.1145 -0.7669
vn -0.5832 0.1775 -0.7927
vn -0.5833 0.2279 -0.7797
vn -0.4909 -0.0461 -0.8700
vn -0.6315 0.4712 -0.6158
vn -0.6798 0.4548 -0.5754
vn -0.5337 0.8428 -0.0701
vn -0.4862 0.8667 -0.1112
vn -0.4617 0.8718 -0.1639
vn -0.6055 0.5248 -0.5983
vn -0.5396 0.0030 -0.8419
vn -0.6329 0.3077 -0.7105
vn -0.7547 0.4084 -0.5135
vn -0.6670 0.0548 -0.7430
vn -0.8195 0.0073 -0.5730
vn -0.8912 0.3151 -0.3263
vn -0.6663 -0.2267 -0.7104
vn -0.1568 0.8618 0.4823
vn -0.2404 0.8682 0.4341
vn -0.0230 0.7975 0.6029
vn -0.0232 0.8163 0.5772
vn -0.1897 0.8314 0.5224
vn -0.0617 0.8610 0.5049
vn -0.5999 0.7974 -0.0652
vn -0.6751 0.7370 -0.0335
vn -0.9620 0.2698 -0.0416
vn -0.9115 0.4100 -0.0327
vn -0.9062 0.4228 -0.0049
vn -0.9562 0.2910 0.0303
vn -0.7999 0.5765 0.1664
vn -0.8422 0.5324 -0.0853
vn -0.3911 0.8577 0.3337
vn -0.4098 0.8522 0.3252
vn 0.3300 0.7489 0.5747
vn 0.2775 0.7629 0.5839
vn -0.9198 0.3773 0.1080
vn -0.9100 0.4129 -0.0366
vn -0.2741 0.9597 0.0618
vn 0.1684 0.9351 0.3117
vn -0.6783 0.6719 -0.2975
vn -0.8298 0.5520 -0.0824
vn -0.6496 0.7543 -0.0950
vn -0.6286 0.7418 0.2335
vn -0.8377 0.5460 -0.0123
vn -0.5658 0.7298 -0.3837
vn -0.2936 0.9338 0.2047
vn -0.1040 0.8924 0.4392
vn -0.4184 0.7676 0.4855
vn -0.8873 0.2339 -0.3974
vn -0.9045 0.1751 -0.3889
vn -0.9388 0.3441 -0.0187
vn -0.8126 0.5518 0.1874
vn -0.6022 0.7718 0.2041
vn -0.8255 0.5052 -0.2515
vn -0.9742 0.0505 -0.2200
vn -0.9365 -0.0439 -0.3480
vn -0.9082 -0.2224 -0.3546
vn -0.9329 -0.0543 -0.3560
vn -0.9444 0.1802 -0.2752
vn -0.9224 0.3825 -0.0540
vn -0.8686 0.2283 -0.4397
vn -0.8881 0.3345 -0.3152
vn -0.9227 0.1076 -0.3703
vn -0.8993 0.4151 -0.1377
vn -0.3945 -0.2049 -0.8958
vn -0.6748 -0.0951 -0.7319
vn -0.5709 -0.7172 -0.3995
vn -0.6585 -0.6708 -0.3413
vn 0.3888 0.9165 0.0946
vn 0.1057 0.9893 0.1006
vn 0.0424 0.8052 0.5915
vn 0.3493 0.7562 0.5533
vn -0.2736 -0.5056 0.8182
vn 0.0634 -0.0707 0.9955
vn -0.1151 0.0977 0.9885
vn -0.5582 -0.1891 0.8079
vn -0.7976 -0.5246 0.2977
vn -0.5502 -0.7701 0.3228
vn -0.6381 -0.7587 -0.1311
vn -0.7572 -0.6411 -0.1247
vn 0.1862 0.3539 0.9166
vn -0.0800 0.4574 0.8857
vn -0.5300 0.3544 0.7704
vn -0.3904 0.7994 0.4567
vn -0.7330 0.6480 0.2070
vn -0.9344 0.0872 0.3454
vn -0.9462 -0.1161 -0.3020
vn -0.6584 0.6078 -0.4440
vn -0.3039 0.9420 -0.1423
vn -0.6228 -0.6025 -0.4991
vn -0.1286 -0.3554 -0.9258
vn -0.3825 0.3984 -0.8337
vn -0.0925 0.8421 -0.5313
vn -0.7812 -0.6239 -0.0212
vn -0.4393 -0.8964 -0.0582
vn -0.2872 -0.9423 0.1720
vn -0.4885 0.8577 0.1605
vn -0.4731 0.8652 0.1663
vn -0.7644 0.3405 -0.5475
vn -0.7794 0.4557 -0.4300
vn -0.8148 -0.0421 -0.5782
vn -0.7451 0.4247 -0.5143
vn -0.7113 0.3902 -0.5847
vn -0.7275 -0.0237 -0.6857
vn -0.7993 0.0388 -0.5997
vn -0.8565 -0.1351 -0.4981
vn -0.7287 0.1632 -0.6651
vn -0.6913 0.0504 -0.7208
vn -0.6389 0.3729 -0.6729
vn -0.7120 0.3351 -0.6171
vn -0.6973 -0.0004 -0.7168
vn -0.6520 0.3918 -0.6492
vn -0.7702 0.1849 -0.6105
vn -0.9219 -0.0868 -0.3775
vn -0.9417 -0.0746 -0.3281
vn -0.8975 0.2742 -0.3455
vn -0.9289 0.1804 -0.3233
vn -0.7217 0.4765 -0.5021
vn -0.9148 -0.1094 -0.3888
vn -0.8132 0.1186 -0.5697
vn -0.5928 0.6536 -0.4705
vn -0.5871 0.6708 -0.4531
vn -0.4316 0.8499 -0.3022
vn -0.6131 0.7322 -0.2967
vn -0.9491 0.0250 -0.3140
vn -0.5851 0.7896 -0.1849
vn -0.3599 0.9017 -0.2397
vn -0.6275 0.6674 -0.4010
vn -0.5244 -0.6092 -0.5949
vn -0.5619 -0.6402 -0.5238
vn -0.4175 -0.6986 -0.5811
vn -0.3513 -0.6393 -0.6840
vn -0.4749 -0.5487 -0.6881
vn -0.4969 -0.6357 -0.5908
vn -0.5264 -0.6883 -0.4992
vn -0.5240 -0.7230 -0.4503
vn -0.9872 0.1269 -0.0967
vn -0.9438 0.2910 -0.1565
vn -0.4112 0.8989 0.1512
vn -0.5212 0.8117 0.2638
vn -0.8355 0.4827 -0.2626
vn -0.7160 0.6713 -0.1917
vn -0.1457 0.8806 0.4509
vn -0.3002 0.9305 0.2098
vn -0.5546 0.8320 -0.0138
vn -0.0334 0.8226 0.5677
vn -0.1478 0.9012 0.4075
vn -0.1868 0.8664 0.4631
vn -0.6578 0.7440 0.1171
vn -0.6356 0.7641 0.1103
vn -0.5880 0.8083 0.0296
vn -0.1569 0.9412 0.2992
vn -0.6866 0.7251 0.0524
vn -0.2595 0.8538 0.4512
vn -0.2787 -0.6805 -0.6776
vn -0.2959 -0.6819 -0.6690
vn -0.4631 -0.5812 -0.6691
vn -0.4163 -0.5665 -0.7112
vn -0.4100 -0.5665 -0.7148
vn -0.2568 -0.6756 -0.6911
vn -0.2850 -0.5889 -0.7563
vn -0.3057 -0.6301 -0.7138
vn -0.8443 0.4340 -0.3143
vn -0.8084 0.4251 -0.4072
vn -0.7491 0.0341 -0.6615
vn -0.8095 0.0153 -0.5869
vn -0.8593 -0.0061 -0.5114
vn -0.8713 0.4312 -0.2342
vn -0.5119 -0.5918 -0.6227
vn -0.3358 -0.7049 -0.6248
vn -0.8805 0.4203 -0.2192
vn -0.8515 0.4282 -0.3026
vn -0.8868 -0.0050 -0.4622
vn -0.8799 0.0029 -0.4751
vn -0.5703 -0.2551 -0.7808
vn -0.5815 -0.3233 -0.7466
vn -0.6914 0.0574 -0.7202
vn -0.4303 -0.5478 -0.7175
vn -0.6728 -0.3719 -0.6396
vn -0.6266 -0.3579 -0.6923
vn -0.7483 0.4358 -0.5001
vn -0.6972 -0.3697 -0.6142
vn -0.7379 -0.3873 -0.5527
vn 0.7744 0.3691 0.5139
vn 0.7505 0.3368 0.5686
vn 0.7829 0.3007 0.5447
vn 0.7668 0.3425 0.5428
vn 0.6006 0.5233 0.6046
vn 0.5930 0.5246 0.6109
vn 0.5813 0.5603 0.5901
vn 0.5772 0.5338 0.6180
vn 0.5720 0.5265 0.6290
vn 0.7839 0.2568 0.5653
vn 0.7932 0.2498 0.5554
vn 0.5578 0.5445 0.6264
vn 0.5438 0.6408 0.5418
vn 0.5697 0.6022 0.5594
vn 0.4177 0.6147 0.6691
vn 0.3971 0.6468 0.6511
vn 0.3919 0.7005 0.5965
vn 0.3558 0.7115 0.6059
vn 0.3994 0.7208 0.5665
vn 0.4530 0.6780 0.5789
vn 0.9127 0.3920 -0.1154
vn 0.6945 0.6331 0.3420
vn 0.6455 0.6446 0.4097
vn 0.9092 0.4156 -0.0256
vn 0.8590 -0.0050 -0.5120
vn 0.9153 0.1476 -0.3747
vn -0.4122 -0.6366 -0.6518
vn -0.4168 -0.6685 -0.6160
vn -0.3544 -0.7026 -0.6171
vn -0.3656 -0.6389 -0.6768
vn -0.4336 -0.6289 -0.6454
vn -0.4169 -0.6827 -0.6002
vn -0.5230 -0.5652 -0.6380
vn -0.4963 -0.5845 -0.6419
vn -0.4891 -0.6514 -0.5800
vn -0.4989 -0.6152 -0.6104
vn -0.5684 -0.5478 -0.6139
vn -0.5727 -0.5263 -0.6285
vn -0.3648 -0.7398 -0.5653
vn -0.5031 -0.6623 -0.5552
vn -0.4817 -0.6142 -0.6251
vn -0.3014 -0.6914 -0.6566
vn -0.5522 -0.5637 -0.6143
vn -0.5810 -0.5502 -0.5997
vn -0.5790 -0.5533 -0.5989
vn -0.5626 -0.5730 -0.5960
vn -0.5547 -0.5951 -0.5815
vn -0.5703 -0.5763 -0.5854
vn -0.4764 -0.6407 -0.6022
vn -0.4564 -0.5938 -0.6627
vn -0.1636 -0.6631 -0.7305
vn -0.4804 -0.4290 -0.7649
vn 0.0522 -0.7085 -0.7038
vn -0.2734 -0.5051 -0.8186
vn -0.2304 -0.7041 -0.6716
vn -0.1259 -0.7386 -0.6622
vn -0.4673 -0.6971 -0.5437
vn -0.4824 -0.4046 -0.7769
vn -0.4821 -0.3763 -0.7912
vn -0.4281 -0.4320 -0.7938
vn -0.3135 -0.6435 -0.6983
vn -0.3271 -0.9154 -0.2345
vn -0.2875 -0.9533 0.0920
vn -0.4219 -0.9033 -0.0775
vn -0.5411 -0.7229 -0.4296
vn -0.5542 -0.5028 -0.6634
vn -0.5550 -0.4707 -0.6859
vn -0.5254 -0.3991 -0.7514
vn -0.5254 -0.4288 -0.7349
vn -0.5777 -0.7107 -0.4015
vn -0.5823 -0.6430 -0.4975
vn -0.4893 -0.6465 -0.5854
vn -0.4251 -0.6307 -0.6493
vn -0.3840 -0.3623 -0.8493
vn -0.4242 -0.3508 -0.8348
vn -0.3931 -0.4161 -0.8199
vn -0.3645 -0.2969 -0.8826
vn -0.3907 -0.2349 -0.8900
vn -0.3773 -0.2391 -0.8947
vn -0.4303 -0.4799 -0.7646
vn 0.5339 0.7722 0.3444
vn 0.4257 0.8051 0.4130
vn 0.3937 0.8474 0.3563
vn 0.5011 0.8246 0.2624
vn 0.5027 0.8644 0.0078
vn 0.6072 0.7430 0.2816
vn 0.5754 0.3742 0.7273
vn 0.5219 0.4520 0.7234
vn 0.3911 0.4834 0.7832
vn 0.5601 0.7112 0.4248
vn 0.7888 0.5049 0.3507
vn 0.7169 0.6971 -0.0129
vn 0.4528 0.8900 -0.0533
vn 0.4978 0.8516 0.1642
vn 0.5245 0.6614 0.5362
vn 0.5128 0.2209 0.8296
vn 0.5373 0.2211 0.8139
vn 0.4211 -0.0096 0.9070
vn 0.5776 0.0940 0.8109
vn 0.4481 -0.1838 0.8749
vn 0.4415 0.1119 0.8902
vn 0.4454 0.0184 0.8951
vn 0.5311 0.3344 0.7785
vn 0.5181 0.2483 0.8185
vn 0.4746 0.8799 0.0221
vn 0.6192 0.7830 0.0592
vn 0.6002 0.7093 0.3698
vn 0.5629 0.5188 0.6434
vn 0.4770 0.2707 0.8362
vn 0.5222 0.8350 0.1736
vn 0.4846 0.1293 0.8651
vn 0.6357 0.4076 0.6555
vn 0.4229 0.0196 0.9060
vn 0.7850 0.3206 0.5301
vn 0.5652 0.6709 0.4800
vn 0.6654 0.5928 0.4537
vn 0.8636 0.2060 0.4601
vn 0.8468 0.3177 0.4266
vn 0.9594 0.1606 0.2320
vn 0.8094 0.3015 0.5040
vn 0.7168 0.5679 0.4046
vn 0.7914 0.3181 0.5220
vn 0.7945 0.4327 0.4262
vn 0.7115 0.5466 0.4416
vn 0.7413 0.1854 0.6450
vn 0.6684 0.3606 0.6505
vn 0.6986 0.3637 0.6162
vn 0.4020 0.9041 0.1448
vn 0.6394 0.7356 0.2238
vn 0.6152 0.7290 0.3003
vn 0.4352 0.8659 0.2467
vn 0.4157 0.8053 0.4227
vn 0.5678 0.7283 0.3836
vn 0.3698 0.1669 0.9140
vn 0.6186 0.0824 0.7814
vn 0.7233 0.1546 0.6730
vn 0.4008 -0.0914 0.9116
vn 0.5890 0.6954 0.4117
vn 0.6752 0.6516 0.3458
vn 0.7288 0.5365 0.4255
vn 0.6391 0.5672 0.5194
vn 0.7680 0.4491 0.4566
vn 0.7566 0.0580 0.6513
vn 0.7450 0.3119 0.5896
vn 0.7667 0.0224 0.6417
vn 0.7629 0.2923 0.5766
vn 0.7529 0.6078 0.2523
vn 0.7884 0.5508 0.2738
vn 0.8844 0.4544 0.1063
vn 0.8912 0.1047 0.4414
vn 0.4895 -0.3827 0.7835
vn 0.7047 0.1901 0.6835
vn 0.6838 0.1680 0.7101
vn 0.7365 0.6747 0.0484
vn 0.7059 0.7005 0.1049
vn 0.7509 0.5614 0.3478
vn 0.7807 0.5504 0.2960
vn 0.8509 0.4734 0.2278
vn 0.7310 0.6807 -0.0470
vn 0.6625 0.6965 -0.2757
vn 0.7271 0.6491 -0.2235
vn 0.6728 0.7357 0.0782
vn 0.6874 0.5575 -0.4654
vn 0.6061 0.6799 -0.4127
vn 0.5381 0.5761 -0.6153
vn 0.5889 0.5243 -0.6150
vn 0.7096 0.3858 -0.5896
vn 0.7935 0.5283 -0.3021
vn 0.7581 0.5738 -0.3099
vn 0.9639 0.2638 -0.0373
vn 0.9111 0.0116 -0.4121
vn 0.6991 0.3988 -0.5935
vn 0.9068 0.1410 0.3972
vn 0.8450 -0.2092 0.4922
vn 0.8001 -0.4766 0.3642
vn 0.9775 -0.1331 0.1637
vn 0.6466 -0.7574 0.0912
vn 0.8900 -0.4162 -0.1862
vn 0.5384 0.1026 -0.8364
vn 0.3760 0.3190 -0.8700
vn 0.6640 -0.2442 -0.7067
vn 0.2941 -0.3045 -0.9060
vn 0.2639 -0.0676 -0.9622
vn 0.2680 0.1487 -0.9519
vn 0.6373 -0.5623 -0.5270
vn 0.3997 -0.8714 -0.2846
vn 0.1142 -0.8260 -0.5520
vn 0.2696 -0.5457 -0.7934
vn -0.0119 -0.8568 -0.5155
vn 0.0913 -0.6017 -0.7935
vn -0.0612 -0.9176 -0.3927
vn -0.0756 -0.6059 -0.7919
vn -0.0622 -0.2430 -0.9680
vn 0.1611 -0.3730 -0.9137
vn -0.5120 -0.8565 -0.0654
vn -0.4771 -0.8777 0.0447
vn -0.5588 -0.7715 -0.3043
vn -0.5261 -0.8308 -0.1815
vn -0.5117 -0.8455 -0.1525
vn -0.5449 -0.8144 -0.1997
vn -0.5607 -0.5645 -0.6058
vn -0.5573 -0.6159 -0.5568
vn -0.5733 -0.5735 -0.5851
vn -0.4656 -0.3158 -0.8268
vn -0.2740 -0.1902 -0.9427
vn -0.4563 -0.5710 -0.6824
vn -0.1121 -0.5945 -0.7962
vn -0.0303 -0.5253 -0.8504
vn -0.4078 -0.9107 -0.0657
vn -0.4101 -0.8639 -0.2923
vn -0.4367 -0.4104 -0.8006
vn -0.4602 -0.6594 -0.5945
vn -0.4509 -0.5504 -0.7027
vn -0.3180 -0.8976 -0.3053
vn -0.3496 -0.7126 -0.6083
vn -0.3557 -0.4388 -0.8252
vn -0.2354 -0.3742 -0.8970
vn -0.4275 -0.2309 -0.8740
vn -0.3518 -0.2116 -0.9118
vn -0.3404 -0.0718 -0.9375
vn -0.2725 0.0480 -0.9610
vn -0.2432 0.0497 -0.9687
vn -0.3694 0.0481 -0.9280
vn -0.4688 -0.1927 -0.8620
vn -0.3003 -0.1789 -0.9369
vn -0.1647 -0.2744 -0.9474
vn -0.0056 -0.5781 -0.8160
vn -0.1759 0.0896 -0.9803
vn -0.0535 -0.6383 -0.7680
vn -0.0598 -0.5694 -0.8199
vn -0.4417 -0.0767 -0.8939
vn -0.2175 -0.5427 -0.8113
vn -0.3403 -0.6126 -0.7134
vn -0.2697 0.0411 -0.9621
vn -0.5168 -0.2825 -0.8081
vn -0.2625 -0.6944 -0.6700
vn -0.2225 -0.6771 -0.7014
vn -0.4244 -0.4903 -0.7612
vn -0.3810 -0.4566 -0.8040
vn -0.3233 -0.4469 -0.8341
vn -0.4225 -0.5403 -0.7277
vn -0.2915 -0.7707 -0.5666
vn -0.1730 -0.8687 -0.4641
vn -0.0983 -0.5944 -0.7982
vn -0.2048 -0.7117 -0.6720
vn -0.1582 -0.9308 -0.3296
vn -0.1165 -0.6842 -0.7199
vn -0.1109 -0.3354 -0.9355
vn -0.1595 -0.3455 -0.9248
vn -0.2840 -0.4254 -0.8593
vn -0.2178 -0.5036 -0.8361
vn -0.3252 -0.4191 -0.8477
vn -0.2216 -0.3860 -0.8955
vn -0.0381 -0.3545 -0.9343
vn -0.0698 -0.4594 -0.8855
vn -0.2944 -0.4841 -0.8240
vn -0.2558 -0.4730 -0.8431
vn -0.3838 -0.5836 -0.7156
vn -0.2128 -0.4326 -0.8761
vn -0.1350 -0.3291 -0.9346
vn -0.3577 -0.5180 -0.7770
vn -0.5171 -0.6162 -0.5941
vn -0.4930 -0.6723 -0.5522
vn -0.0233 -0.3212 -0.9467
vn -0.0758 -0.3373 -0.9383
vn -0.0233 -0.1681 -0.9855
vn 0.0217 -0.1313 -0.9911
vn -0.0244 -0.3118 -0.9498
vn -0.1672 -0.3714 -0.9133
vn -0.0175 -0.0971 -0.9951
vn -0.2363 -0.2784 -0.9310
vn -0.0125 -0.1100 -0.9939
vn -0.2535 -0.3412 -0.9052
vn -0.5510 -0.5954 -0.5847
vn -0.5158 -0.5353 -0.6688
vn -0.4938 -0.4223 -0.7602
vn -0.4261 -0.4031 -0.8099
vn -0.4193 -0.4051 -0.8125
vn -0.4914 -0.4602 -0.7394
vn -0.4130 -0.4395 -0.7977
vn -0.4765 -0.4913 -0.7291
vn -0.4246 -0.4691 -0.7744
vn -0.3561 -0.4515 -0.8181
vn -0.1661 -0.2828 -0.9447
vn -0.1883 -0.2672 -0.9451
vn -0.3765 -0.4533 -0.8079
vn -0.0856 -0.2319 -0.9690
vn -0.1306 -0.2164 -0.9675
vn -0.4514 -0.3363 -0.8265
vn -0.7212 -0.4089 -0.5591
vn -0.5981 -0.5682 -0.5651
vn -0.5273 -0.4336 -0.7307
vn -0.5351 -0.4071 -0.7402
vn -0.5761 -0.4830 -0.6594
vn -0.5430 -0.4817 -0.6878
vn -0.5277 -0.5198 -0.6718
vn -0.5724 -0.5228 -0.6317
vn -0.4807 -0.4689 -0.7410
vn -0.4343 -0.4662 -0.7707
vn -0.1613 -0.2688 -0.9496
vn -0.2264 -0.2922 -0.9292
vn -0.1554 -0.0998 -0.9828
vn -0.2567 -0.1568 -0.9537
vn -0.1775 -0.0858 -0.9804
vn -0.2160 -0.1996 -0.9558
vn -0.1577 -0.2424 -0.9573
vn -0.1006 -0.0809 -0.9916
vn -0.4124 -0.4695 -0.7807
vn -0.4004 -0.4210 -0.8139
vn -0.5095 -0.4186 -0.7518
vn -0.4586 -0.5574 -0.6921
vn -0.4703 -0.4217 -0.7752
vn -0.6333 -0.6237 -0.4582
vn -0.5292 -0.6848 -0.5009
vn -0.3662 -0.6392 -0.6763
vn -0.3681 -0.5670 -0.7369
vn 0.6831 0.5972 0.4204
vn 0.6929 0.6120 0.3813
vn 0.5902 0.7579 0.2780
vn 0.6599 0.6722 0.3358
vn 0.7443 0.6090 0.2741
vn 0.7424 0.6195 0.2552
vn 0.5526 0.4322 0.7126
vn 0.5573 0.5252 0.6431
vn 0.5171 0.7179 0.4661
vn 0.7532 0.5319 0.3870
vn 0.8046 0.5690 0.1699
vn 0.8078 0.5545 0.2000
vn 0.7339 0.5018 0.4578
vn 0.5989 0.4405 0.6688
vn 0.6085 0.4723 0.6377
vn 0.5712 0.3613 0.7370
vn 0.5699 0.3969 0.7195
vn 0.4941 0.4287 0.7564
vn 0.5740 0.4977 0.6502
vn 0.6150 0.4192 0.6678
vn 0.5918 0.4962 0.6353
vn 0.7989 0.5859 0.1358
vn 0.7044 0.5775 0.4127
vn 0.6725 0.5815 0.4578
vn 0.7428 0.5508 0.3806
vn 0.7862 0.6058 0.1220
vn 0.8001 0.5987 -0.0383
vn 0.6649 0.4981 0.5565
vn 0.6997 0.5465 0.4602
vn 0.6255 0.5440 0.5593
vn 0.7134 0.4025 0.5736
vn 0.6784 0.5524 0.4844
vn 0.7528 0.5453 0.3688
vn 0.7208 0.4768 0.5031
vn 0.7539 0.3069 0.5808
vn 0.6969 0.3440 0.6293
vn 0.5503 0.1625 0.8190
vn 0.5719 0.3289 0.7515
vn 0.5814 0.4626 0.6693
vn 0.6471 -0.0597 0.7600
vn 0.7069 0.1283 0.6956
vn 0.7312 -0.1823 0.6574
vn 0.5963 -0.2844 0.7507
vn 0.7386 0.3500 0.5762
vn 0.6193 0.0381 0.7842
vn 0.6927 0.5388 0.4794
vn 0.7539 0.6371 0.1605
vn 0.5532 0.4307 0.7130
vn 0.6370 0.3873 0.6665
vn 0.7186 0.2847 0.6344
vn 0.7022 0.3022 0.6447
vn 0.7223 0.1113 0.6826
vn 0.7994 0.0019 0.6008
vn 0.7116 0.1483 0.6867
vn 0.9245 0.3476 0.1563
vn 0.9280 0.1296 0.3494
vn 0.7118 0.1340 0.6895
vn 0.7646 0.3038 0.5684
vn 0.7476 0.3720 0.5502
vn 0.8175 0.2226 0.5312
vn 0.8335 0.4670 0.2954
vn 0.7193 0.2940 0.6295
vn 0.7408 0.0787 0.6671
vn 0.7726 0.6348 -0.0136
vn 0.7948 0.6055 -0.0409
vn 0.7956 0.5932 0.1227
vn 0.3789 0.2918 0.8782
vn 0.2473 0.0635 0.9669
vn 0.0846 0.1400 0.9865
vn 0.3009 0.2703 0.9145
vn 0.0604 0.0899 0.9941
vn 0.2302 0.2305 0.9455
vn 0.1990 0.1578 0.9672
vn 0.1485 0.1121 0.9825
vn 0.3148 0.2509 0.9154
vn 0.2045 0.2018 0.9578
vn 0.4260 0.3259 0.8440
vn 0.5075 0.3760 0.7753
vn 0.4957 0.3757 0.7830
vn 0.4252 0.3286 0.8434
vn 0.1518 0.1933 0.9693
vn 0.1447 0.1868 0.9717
vn -0.0189 0.2069 0.9782
vn 0.1339 0.4048 0.9046
vn 0.3950 0.4030 0.8255
vn 0.4437 0.4184 0.7925
vn 0.3754 0.3837 0.8437
vn 0.2923 0.3833 0.8762
vn 0.0855 0.3008 0.9499
vn 0.0384 0.2537 0.9665
vn 0.0164 0.1976 0.9801
vn 0.0733 0.3100 0.9479
vn 0.2077 0.4655 0.8603
vn 0.2155 0.4076 0.8874
vn 0.1693 0.3500 0.9213
vn 0.1119 0.2494 0.9619
vn 0.0873 0.1921 0.9775
vn -0.5740 -0.6556 -0.4907
vn -0.5673 -0.6549 -0.4993
vn -0.5815 -0.6434 -0.4978
vn -0.6038 -0.6873 -0.4037
vn -0.6310 -0.5817 -0.5134
vn -0.6516 -0.5810 -0.4877
vn -0.6636 -0.5802 -0.4722
vn -0.6658 -0.5601 -0.4929
vn -0.7040 -0.6567 -0.2705
vn -0.6677 -0.6650 -0.3347
vn -0.7646 -0.4368 -0.4740
vn -0.7125 -0.4746 -0.5167
vn -0.5535 -0.7130 -0.4305
vn -0.6137 -0.6790 -0.4030
vn -0.6554 -0.7132 -0.2486
vn -0.5709 -0.7466 -0.3415
vn -0.6467 -0.6556 -0.3899
vn -0.6938 -0.6934 -0.1945
vn -0.5268 -0.7984 -0.2917
vn -0.6829 -0.7302 -0.0211
vn -0.6789 -0.7274 -0.1000
vn -0.4467 -0.8555 -0.2617
vn -0.3412 -0.7205 -0.6037
vn -0.4712 -0.7276 -0.4986
vn -0.5790 -0.6389 -0.5066
vn -0.5570 -0.5894 -0.5851
vn -0.7166 -0.6740 -0.1796
vn -0.6655 -0.6263 -0.4061
vn -0.6878 -0.6264 -0.3669
vn -0.5830 -0.5407 -0.6064
vn -0.0276 -0.7385 -0.6737
vn -0.3319 -0.8266 -0.4545
vn -0.5352 -0.6528 -0.5361
vn -0.2626 -0.5674 -0.7804
vn 0.2941 0.3118 0.9035
vn 0.1349 0.0980 0.9860
vn 0.3499 0.0437 0.9358
vn 0.4502 0.3989 0.7989
vn 0.5878 0.4241 0.6890
vn 0.5122 0.3624 0.7787
vn 0.3142 -0.1931 0.9295
vn 0.3147 -0.2378 0.9189
vn 0.5157 0.1430 0.8447
vn 0.5057 0.0789 0.8591
vn 0.2909 -0.2172 0.9318
vn 0.3929 -0.2031 0.8969
vn 0.2615 -0.1223 0.9574
vn 0.5178 -0.0052 0.8555
vn 0.1620 -0.5686 -0.8065
vn 0.5785 -0.0732 -0.8124
vn 0.7521 -0.1307 -0.6459
vn 0.3877 -0.6465 -0.6570
vn 0.8776 -0.2416 -0.4142
vn 0.6254 -0.6970 -0.3509
vn 0.3241 -0.9190 -0.2246
vn 0.0488 -0.9318 -0.3596
vn -0.1977 -0.8609 -0.4687
vn 0.5936 -0.0225 0.8044
vn 0.1524 -0.5923 0.7912
vn 0.4462 -0.5728 0.6876
vn 0.7858 -0.1233 0.6061
vn 0.8597 0.2713 0.4328
vn 0.7931 0.4257 0.4356
vn 0.7773 0.4386 0.4510
vn 0.4651 0.0001 0.8852
vn 0.0335 -0.5686 0.8219
vn -0.0170 -0.8390 0.5438
vn -0.1540 -0.8356 0.5273
vn -0.3003 -0.9382 0.1718
vn -0.0769 -0.9541 0.2893
vn 0.3558 -0.9049 0.2335
vn 0.4087 -0.7955 0.4474
vn 0.9071 -0.3929 0.1512
vn 0.8937 -0.2530 0.3705
vn 0.9520 0.2960 0.0778
vn 0.9207 0.3310 0.2068
vn 0.3251 -0.9457 -0.0035
vn -0.0813 -0.9962 -0.0320
vn -0.3405 -0.9333 -0.1144
vn 0.7960 -0.6019 -0.0640
vn 0.9891 0.0671 -0.1310
vn 0.9023 0.3168 -0.2923
vn 0.8208 0.3608 -0.4429
vn 0.8580 0.5132 0.0210
vn 0.8626 0.5029 0.0554
vn 0.8218 0.5392 0.1840
vn 0.8022 0.5631 0.1987
vn 0.1701 0.4782 0.8616
vn 0.1550 0.5060 0.8485
vn -0.0821 0.4498 0.8893
vn -0.0534 0.4544 0.8892
vn 0.0776 0.5122 0.8553
vn 0.3716 0.5095 0.7761
vn 0.7378 0.4462 0.5065
vn 0.5487 0.4881 0.6787
vn 0.4901 0.5334 0.6894
vn -0.2837 0.3933 0.8746
vn -0.3108 0.3902 0.8667
vn -0.6166 0.2650 0.7413
vn -0.5948 0.2509 0.7637
vn -0.5851 0.3229 0.7439
vn -0.1983 0.4707 0.8597
vn 0.2080 0.5763 0.7903
vn 0.2251 0.3077 0.9245
vn 0.0149 0.3564 0.9342
vn -0.0776 0.5255 0.8472
vn 0.5290 0.5480 0.6480
vn 0.3152 0.1839 0.9310
vn -0.3146 0.4638 0.8282
vn -0.2123 0.3104 0.9266
vn -0.6377 0.1874 0.7471
vn -0.6510 0.3201 0.6883
vn 0.3030 -0.2396 0.9224
vn 0.4214 -0.1301 0.8975
vn 0.5004 -0.1954 0.8435
vn 0.2010 -0.3100 0.9292
vn 0.4266 0.1693 0.8885
vn -0.9049 -0.0454 0.4231
vn -0.3943 -0.2728 0.8775
vn -0.1306 -0.7072 0.6949
vn -0.7714 -0.5565 0.3086
vn -0.7285 -0.4546 0.5125
vn -0.7778 -0.6284 -0.0117
vn -0.3376 -0.7795 0.5276
vn 0.8085 0.0984 0.5802
vn 0.6893 -0.1377 0.7113
vn 0.6822 0.1900 0.7061
vn 0.5943 0.0641 0.8017
vn -0.1744 -0.6757 0.7163
vn -0.0567 -0.6491 0.7586
vn 0.2316 -0.2183 0.9480
vn 0.1181 -0.3514 0.9287
vn 0.0322 -0.3583 0.9330
vn 0.2426 -0.5402 0.8058
vn 0.0368 -0.7142 0.6990
vn -0.0101 -0.2384 0.9711
vn 0.3680 0.1250 0.9214
vn 0.2226 0.0862 0.9711
vn 0.3862 -0.0118 0.9223
vn 0.1631 0.1187 0.9794
vn 0.2004 -0.5215 0.8294
vn 0.0775 -0.7578 0.6479
vn 0.0557 -0.6814 0.7298
vn 0.4216 -0.3024 0.8549
vn -0.0768 -0.1741 0.9817
vn -0.9252 0.1311 0.3561
vn -0.9570 0.0121 0.2897
vn -0.9466 0.1354 0.2927
vn -0.8892 0.1773 0.4217
vn -0.3828 -0.6254 -0.6799
vn -0.4663 -0.5397 -0.7009
vn -0.7127 -0.3714 -0.5951
vn -0.6133 -0.5064 -0.6061
vn -0.8532 -0.4995 -0.1501
vn -0.7485 -0.6437 -0.1596
vn -0.9521 -0.0044 -0.3057
vn -0.7913 -0.3186 -0.5219
vn -0.6732 -0.5000 -0.5448
vn -0.9149 -0.3141 -0.2537
vn -0.9996 0.0229 -0.0182
vn -0.6894 -0.7045 0.1687
vn -0.9957 -0.0014 0.0921
vn -0.1279 -0.5937 -0.7944
vn -0.3286 -0.5603 -0.7603
vn -0.0111 -0.5908 -0.8067
vn 0.0820 -0.5395 -0.8380
vn -0.8746 0.1531 0.4601
vn -0.9389 0.0028 0.3442
vn -0.9490 -0.0946 0.3008
vn -0.8606 0.0722 0.5042
vn -0.9687 -0.1739 0.1769
vn -0.8817 -0.4201 -0.2146
vn -0.8182 -0.5077 -0.2698
vn -0.9544 -0.2898 0.0714
vn -0.6190 -0.5601 -0.5505
vn -0.5447 -0.6058 -0.5799
vn -0.8558 0.0520 0.5147
vn -0.9618 -0.1379 0.2364
vn -0.9807 -0.1187 0.1554
vn -0.8694 0.1100 0.4818
vn -0.4749 -0.5746 -0.6665
vn -0.2081 -0.5765 -0.7902
vn -0.3045 -0.5368 -0.7869
vn -0.4656 -0.5261 -0.7116
vn -0.8014 -0.4320 -0.4137
vn -0.7975 -0.4772 -0.3691
vn -0.9372 -0.3361 -0.0932
vn -0.9409 -0.3064 -0.1444
vn -0.8492 0.2021 0.4879
vn -0.9858 -0.0799 0.1476
vn -0.9946 -0.0550 0.0875
vn -0.8625 0.2364 0.4474
vn -0.4986 0.4670 0.7302
vn -0.5256 0.4305 0.7338
vn -0.5237 -0.4884 -0.6980
vn -0.3205 -0.4955 -0.8073
vn -0.3948 -0.4185 -0.8179
vn -0.6960 -0.3973 -0.5981
vn -0.8969 -0.3348 -0.2889
vn -0.8400 -0.3911 -0.3762
vn -0.9566 -0.2665 -0.1180
vn -0.9607 -0.2480 -0.1245
vn -0.6197 0.2454 0.7455
vn -0.8087 0.0792 0.5828
vn -0.8199 0.0610 0.5692
vn -0.5569 0.2567 0.7899
vn -0.2171 0.4038 0.8887
vn -0.3169 0.4231 0.8488
vn -0.3029 0.3335 0.8928
vn -0.6351 0.1350 0.7605
vn -0.8531 -0.0260 0.5211
vn -0.9591 -0.1836 0.2154
vn -0.9058 -0.3809 -0.1857
vn -0.9094 -0.3725 -0.1849
vn -0.9589 -0.1446 0.2440
vn -0.8893 -0.4165 -0.1889
vn -0.9549 -0.1962 0.2231
vn -0.5657 -0.5115 -0.6468
vn -0.3618 -0.5259 -0.7698
vn -0.3437 -0.5542 -0.7581
vn -0.5635 -0.5616 -0.6059
vn -0.5914 -0.4953 -0.6364
vn -0.4453 -0.5299 -0.7217
vn 0.1453 0.9705 0.1924
vn 0.1219 0.9666 0.2255
vn 0.0941 0.9726 0.2124
vn 0.0920 0.9876 0.1271
vn 0.3411 0.6867 0.6419
vn 0.2567 0.7931 0.5523
vn 0.3314 -0.5340 0.7778
vn 0.4027 0.0355 0.9146
vn 0.2722 -0.4556 0.8475
vn 0.3603 0.2816 0.8893
vn 0.3119 -0.6455 0.6972
vn 0.3616 -0.2819 0.8887
vn 0.2418 -0.2336 0.9418
vn 0.2121 -0.5595 0.8012
vn 0.4601 0.7376 0.4942
vn 0.4194 0.8399 0.3445
vn 0.4739 0.6810 0.5583
vn 0.4472 0.6668 0.5962
vn 0.4945 0.6901 0.5284
vn 0.4349 0.7109 0.5528
vn 0.3790 0.7244 0.5758
vn 0.3884 0.7553 0.5280
vn 0.7570 -0.6402 -0.1310
vn 0.8376 -0.4132 -0.3572
vn 0.3592 -0.6397 -0.6795
vn 0.4753 -0.7264 -0.4964
vn -0.0289 0.3883 -0.9211
vn -0.1479 -0.0139 -0.9889
vn -0.0181 -0.0055 -0.9998
vn 0.2458 0.2693 -0.9312
vn 0.8414 -0.0558 -0.5375
vn 0.7426 0.0983 -0.6625
vn 0.2838 -0.1574 -0.9459
vn 0.4486 -0.3550 -0.8202
vn 0.4767 0.3334 -0.8134
vn 0.2849 0.1527 -0.9463
vn -0.0067 -0.0201 -0.9998
vn 0.4638 0.1360 -0.8755
vn 0.3929 -0.0425 -0.9186
vn 0.3599 -0.2558 -0.8972
vn 0.8175 0.1351 -0.5598
vn 0.7426 0.3088 -0.5943
vn -0.1603 -0.3117 -0.9366
vn -0.2344 -0.4889 -0.8403
vn 0.2097 -0.0598 -0.9759
vn -0.0507 0.0872 -0.9949
vn 0.0076 -0.9975 -0.0700
vn 0.4104 -0.9027 0.1291
vn 0.3929 -0.8888 -0.2361
vn -0.0757 -0.9853 -0.1534
vn 0.3389 0.1191 0.9332
vn 0.2129 -0.4133 0.8854
vn 0.0414 -0.5391 0.8412
vn 0.3756 0.0335 0.9262
vn 0.7325 0.4705 0.4920
vn 0.6536 0.5392 0.5310
vn -0.0689 -0.8888 0.4530
vn -0.2029 -0.9792 0.0006
vn 0.2400 -0.9042 0.3533
vn 0.0691 -0.9764 -0.2045
vn 0.8239 0.2666 -0.5002
vn 0.4721 -0.0709 -0.8787
vn 0.4567 -0.3334 -0.8248
vn 0.9363 0.0537 -0.3471
vn 0.8453 0.5131 0.1489
vn 0.8721 0.4892 0.0117
vn 0.7732 0.5992 0.2076
vn 0.7197 0.6530 0.2360
vn 0.7475 0.2797 0.6025
vn 0.8350 0.2310 0.4994
vn 0.7341 -0.0313 0.6784
vn 0.8482 -0.1732 0.5005
vn 0.7443 -0.6034 0.2863
vn 0.8366 -0.5052 0.2118
vn -0.3391 -0.4440 -0.8294
vn -0.4567 -0.3578 -0.8145
vn -0.3866 -0.5053 -0.7715
vn -0.3922 -0.6023 -0.6953
vn -0.3528 -0.5885 -0.7274
vn -0.5480 -0.4828 -0.6831
vn -0.4385 -0.6723 -0.5965
vn -0.6287 -0.5838 -0.5138
vn -0.3573 -0.6639 -0.6569
vn 0.6129 0.5094 0.6040
vn 0.6525 0.4908 0.5774
vn 0.6279 0.5536 0.5470
vn 0.5533 0.5960 0.5819
vn 0.3121 0.6823 0.6611
vn 0.4680 0.5460 0.6949
vn 0.5214 0.4505 0.7247
vn 0.6407 0.4436 0.6267
vn 0.6953 0.4275 0.5778
vn -0.3325 -0.5628 -0.7568
vn -0.2915 -0.6846 -0.6681
vn -0.3456 -0.6874 -0.6388
vn -0.3969 -0.5735 -0.7167
vn -0.2347 -0.5387 -0.8092
vn -0.1835 -0.6658 -0.7232
vn 0.6881 0.0253 -0.7252
vn 0.8203 0.1253 -0.5581
vn 0.8530 0.3733 -0.3647
vn 0.6508 0.0168 -0.7591
vn 0.8192 0.4071 -0.4040
vn 0.6280 0.0147 -0.7781
vn 0.4379 -0.1909 -0.8785
vn 0.5020 -0.1540 -0.8510
vn 0.6009 -0.0648 -0.7967
vn 0.5495 0.1006 -0.8294
vn 0.2590 -0.1438 -0.9551
vn 0.7050 0.2889 -0.6477
vn 0.6809 0.7274 -0.0852
vn 0.6143 0.7231 0.3158
vn 0.4048 0.7022 0.5857
vn 0.3299 0.8326 0.4448
vn 0.7149 0.6107 0.3405
vn 0.9403 0.3373 -0.0453
vn 0.4520 0.5189 0.7256
vn 0.4733 0.5622 0.6782
vn 0.1842 0.9349 0.3033
vn 0.1152 0.9317 0.3445
vn 0.1356 0.8763 0.4623
vn 0.2830 0.8645 0.4153
vn 0.4178 0.8005 0.4297
vn 0.3292 0.8779 0.3477
vn 0.4109 0.7541 0.5124
vn 0.5452 0.6727 0.5003
vn 0.1788 0.7986 0.5747
vn 0.3161 -0.4685 -0.8250
vn -0.0528 -0.6411 -0.7656
vn 0.1900 -0.6072 -0.7715
vn 0.5654 -0.3633 -0.7405
vn 0.8169 -0.0906 -0.5696
vn 0.4519 0.7008 0.5519
vn 0.4638 0.7224 0.5129
vn 0.5240 0.6971 0.4893
vn 0.4827 0.6601 0.5755
vn 0.4101 0.6143 0.6741
vn 0.4599 0.6205 0.6352
vn 0.4466 0.7255 0.5237
vn 0.3802 0.7170 0.5843
vn 0.5025 0.7309 0.4619
vn 0.8566 -0.0510 -0.5135
vn 0.5168 -0.4007 -0.7566
vn 0.5051 -0.2845 -0.8148
vn 0.8980 0.0403 -0.4382
vn 0.7377 0.1624 -0.6553
vn 0.8457 0.2168 -0.4876
vn 0.3508 -0.0257 -0.9361
vn 0.1112 -0.0743 -0.9910
vn 0.8282 0.1109 -0.5494
vn 0.3743 -0.1601 -0.9134
vn 0.8917 0.3664 0.2656
vn 0.5457 0.4583 0.7016
vn 0.3845 0.4832 0.7865
vn 0.4105 0.2861 0.8658
vn 0.5693 0.3303 0.7528
vn -0.4993 -0.7336 -0.4610
vn -0.4585 -0.6958 -0.5529
vn -0.4660 -0.5892 -0.6601
vn -0.5082 -0.5321 -0.6772
vn -0.4398 -0.6347 -0.6354
vn -0.4229 -0.8216 -0.3823
vn 0.8532 0.0401 0.5200
vn 0.8283 0.4145 0.3769
vn 0.5433 0.5269 0.6536
vn 0.6615 0.1606 0.7326
vn 0.7100 0.6855 0.1616
vn 0.3705 0.7930 0.4836
vn 0.1529 -0.6721 -0.7245
vn 0.0907 -0.6730 -0.7340
vn 0.0830 -0.4784 -0.8742
vn 0.0195 -0.5142 -0.8574
vn -0.0787 -0.2690 -0.9599
vn -0.0065 -0.1447 -0.9895
vn 0.4694 0.3261 0.8206
vn 0.3278 0.1991 0.9235
vn 0.2324 0.2048 0.9508
vn 0.3987 0.3012 0.8662
vn 0.3703 0.1911 0.9090
vn 0.2603 0.0292 0.9651
vn -0.2526 -0.3970 -0.8824
vn -0.1981 -0.3880 -0.9001
vn -0.2980 -0.4410 -0.8466
vn -0.2196 -0.4893 -0.8440
vn -0.2496 -0.4747 -0.8440
vn -0.3467 -0.3562 -0.8677
vn -0.2144 -0.6166 -0.7575
vn -0.2998 -0.5068 -0.8082
vn -0.2006 -0.6156 -0.7621
vn 0.0316 -0.4701 -0.8820
vn -0.2792 -0.7870 -0.5502
vn -0.1621 -0.7695 -0.6177
vn -0.0055 -0.4956 -0.8685
vn -0.3104 -0.9274 -0.2086
vn -0.1097 -0.9279 -0.3564
vn 0.5423 0.7808 0.3103
vn 0.6613 0.7104 0.2409
vn 0.5706 0.6846 0.4535
vn 0.5127 0.7832 0.3518
vn 0.5180 0.7826 0.3452
vn 0.5528 0.7965 0.2452
vn 0.4711 0.6979 0.5395
vn 0.4854 0.7698 0.4145
vn 0.6401 0.7156 0.2796
vn 0.2618 0.5365 0.8023
vn 0.2623 0.4702 0.8427
vn 0.2721 0.4660 0.8419
vn 0.2945 0.1734 0.9398
vn 0.2516 0.0199 0.9676
vn 0.2626 -0.0315 0.9644
vn 0.2568 0.0456 0.9654
vn 0.2848 0.1961 0.9383
vn 0.2839 0.2849 0.9155
vn 0.3476 0.2630 0.9000
vn 0.2530 0.2096 0.9445
vn 0.1853 0.0917 0.9784
vn 0.2441 0.3300 0.9119
vn 0.3163 0.4252 0.8480
vn 0.4038 0.3286 0.8538
vn 0.4036 0.2810 0.8707
vn 0.3293 0.3000 0.8953
vn 0.4368 0.4216 0.7946
vn 0.8229 0.5280 -0.2098
vn 0.8862 0.4422 -0.1380
vn 0.6370 0.6839 0.3558
vn 0.6349 0.7054 0.3152
vn 0.9292 0.3666 -0.0460
vn 0.6490 0.6391 0.4128
vn -0.4362 -0.6556 -0.6164
vn -0.3924 -0.6785 -0.6210
vn -0.4095 -0.6391 -0.6510
vn -0.4381 -0.6681 -0.6014
vn -0.4441 -0.6489 -0.6178
vn -0.3865 -0.7225 -0.5732
vn -0.4175 -0.5894 -0.6916
vn -0.3512 -0.2217 -0.9097
vn -0.3140 -0.1645 -0.9351
vn -0.4263 -0.4395 -0.7906
vn -0.4282 -0.5193 -0.7396
vn -0.3549 -0.1846 -0.9165
vn 0.8941 -0.3802 0.2366
vn 0.5681 -0.5575 -0.6054
vn 0.3510 -0.7284 -0.5885
vn 0.7871 -0.5697 0.2365
vn 0.5281 -0.0277 0.8487
vn 0.5589 0.0789 0.8255
vn 0.6565 0.3248 0.6808
vn 0.9326 -0.0715 0.3537
vn 0.5588 -0.6428 -0.5240
vn 0.8714 -0.3973 0.2879
vn 0.6274 -0.0110 0.7786
vn 0.4789 -0.7926 -0.3774
vn 0.2985 0.1558 0.9416
vn 0.2668 0.2324 0.9353
vn 0.4107 0.6708 0.6176
vn 0.3949 0.6949 0.6010
vn 0.3039 0.1152 0.9457
vn 0.4097 0.8558 0.3158
vn 0.3801 0.9002 0.2125
vn -0.4121 -0.0901 -0.9067
vn -0.4048 -0.2648 -0.8752
vn -0.2958 0.0110 -0.9552
vn -0.1920 0.3518 -0.9162
vn -0.0971 0.4404 -0.8925
vn -0.3077 -0.0683 -0.9490
vn -0.1870 0.2742 -0.9433
vn -0.1474 0.3446 -0.9271
vn -0.2445 0.0346 -0.9690
vn 0.8081 0.2787 0.5190
vn 0.7870 0.4292 0.4433
vn 0.9598 -0.2802 -0.0163
vn 0.9109 -0.3996 0.1027
vn 0.2342 -0.8487 -0.4743
vn 0.3560 -0.7196 -0.5961
vn 0.5262 -0.5825 -0.6195
vn 0.8721 0.4348 0.2244
vn 0.9854 -0.1186 -0.1225
vn 0.4543 0.5606 0.6924
vn 0.5433 0.5397 0.6431
vn 0.5963 0.6174 0.5131
vn 0.4991 0.7215 0.4799
vn 0.4161 0.8266 0.3790
vn 0.4247 0.6395 0.6408
vn 0.4766 0.7892 0.3873
vn 0.4213 0.7426 0.5205
vn 0.6155 0.6740 0.4085
vn 0.3036 -0.8857 0.3512
vn 0.2052 -0.4550 0.8665
vn 0.2112 -0.0653 0.9753
vn 0.4155 -0.6487 0.6376
vn 0.0431 -0.9710 -0.2352
vn 0.2250 -0.9475 -0.2271
vn -0.5304 -0.5885 -0.6101
vn -0.5194 -0.5801 -0.6274
vn -0.4244 -0.4856 -0.7642
vn -0.4387 -0.4884 -0.7544
vn -0.3954 -0.4389 -0.8069
vn -0.5117 -0.4841 -0.7098
vn 0.8419 0.5154 0.1601
vn 0.8836 0.4232 0.2003
vn 0.7545 0.5056 0.4184
vn 0.7268 0.5926 0.3473
vn 0.7209 0.5798 0.3797
vn 0.8420 0.5136 0.1654
vn 0.7739 0.5408 0.3295
vn 0.7809 0.5497 0.2967
vn 0.8803 0.4248 0.2114
vn 0.2062 0.6020 0.7714
vn 0.2554 0.5539 0.7925
vn 0.2447 0.5230 0.8164
vn 0.0756 0.9490 0.3061
vn 0.1544 0.8785 0.4521
vn 0.0912 0.8933 0.4402
vn 0.0627 0.9371 0.3434
vn 0.1978 0.8472 0.4930
vn 0.3418 0.7103 0.6153
vn 0.3116 -0.4076 0.8584
vn 0.2433 -0.1721 0.9546
vn 0.4848 -0.0233 0.8743
vn 0.5701 -0.1468 0.8084
vn 0.6096 0.0627 0.7902
vn 0.4625 -0.0977 0.8812
vn 0.4325 0.6428 0.6323
vn 0.2965 0.6709 0.6797
vn 0.3571 0.5772 0.7344
vn 0.4315 0.5745 0.6955
vn 0.3892 0.7335 0.5573
vn 0.2987 0.7398 0.6029
vn 0.3818 0.8969 0.2232
vn 0.4192 0.8828 0.2119
vn 0.4072 0.8648 0.2937
vn 0.4180 0.8467 0.3291
vn 0.3869 0.7469 0.5408
vn 0.4705 0.6712 0.5728
vn -0.0312 -0.5273 -0.8491
vn -0.1935 -0.3530 -0.9154
vn -0.3093 -0.4354 -0.8454
vn -0.1981 -0.6146 -0.7635
vn -0.0814 -0.7968 -0.5987
vn 0.0050 -0.6864 -0.7272
vn -0.3560 0.0701 -0.9319
vn -0.3945 -0.0884 -0.9146
vn -0.3584 -0.0104 -0.9335
vn -0.3677 -0.0265 -0.9296
vn -0.3900 -0.3053 -0.8687
vn -0.3349 -0.1561 -0.9292
vn -0.0438 -0.6189 -0.7843
vn -0.0682 -0.6921 -0.7185
vn -0.3029 -0.7020 -0.6445
vn -0.3364 -0.6319 -0.6982
vn -0.3950 -0.5233 -0.7550
vn -0.1639 -0.4995 -0.8507
vn 0.1623 0.3362 0.9277
vn -0.0406 0.1295 0.9907
vn 0.0846 0.0022 0.9964
vn 0.2532 0.2696 0.9291
vn 0.5567 0.6236 0.5488
vn 0.4793 0.6999 0.5296
vn 0.5865 0.3515 0.7297
vn 0.4199 0.4860 0.7665
vn 0.4109 0.2935 0.8631
vn 0.5255 0.1457 0.8382
vn 0.6145 0.6244 0.4821
vn 0.4384 0.7280 0.5271
vn 0.4780 0.6622 0.5770
vn 0.3448 0.5460 0.7636
vn 0.4167 0.4610 0.7835
vn 0.5216 0.6702 0.5279
vn 0.6215 0.5847 0.5215
vn 0.1937 0.5876 0.7856
vn 0.0273 0.5720 0.8198
vn 0.0560 0.4756 0.8779
vn 0.3256 0.4654 0.8231
vn 0.0809 0.6961 0.7134
vn 0.1458 0.6935 0.7055
vn 0.1832 0.8978 0.4004
vn 0.1571 0.8759 0.4562
vn 0.1245 0.8342 0.5372
vn 0.0755 0.8740 0.4800
vn 0.1615 0.8979 0.4096
vn 0.2428 0.8214 0.5160
vn 0.4170 0.6270 0.6580
vn 0.0964 0.8862 0.4532
vn 0.1170 0.8234 0.5553
vn 0.5750 0.2719 0.7716
vn 0.5330 0.3709 0.7605
vn 0.6542 -0.0194 0.7560
vn 0.6797 -0.1348 0.7210
vn 0.6794 -0.0183 0.7335
vn 0.4014 0.5162 0.7566
vn 0.6847 0.2469 0.6857
vn 0.4402 0.2613 0.8590
vn 0.4676 0.2523 0.8472
vn 0.7279 0.2836 0.6243
vn 0.1836 0.1409 0.9728
vn 0.1656 0.2177 0.9619
vn 0.3935 0.4269 0.8142
vn 0.2778 0.2556 0.9260
vn 0.3021 0.2471 0.9207
vn 0.4001 0.4316 0.8085
vn 0.3726 0.5975 0.7100
vn 0.3808 0.6859 0.6201
vn 0.4737 0.7004 0.5339
vn 0.3710 0.4613 0.8060
vn 0.3083 0.2516 0.9174
vn 0.4566 0.7215 0.5206
vn 0.4471 0.7193 0.5317
vn 0.4353 0.7109 0.5524
vn 0.4302 0.7400 0.5170
vn 0.4698 0.8328 0.2929
vn 0.5522 0.8119 0.1894
vn 0.4329 0.7470 0.5045
vn 0.4249 0.7482 0.5095
vn -0.1717 -0.4895 -0.8549
vn -0.0507 -0.6352 -0.7707
vn 0.0043 -0.5518 -0.8340
vn -0.1047 -0.4417 -0.8910
vn -0.2417 -0.1546 -0.9580
vn -0.2665 -0.2259 -0.9370
vn -0.3229 -0.2610 -0.9097
vn -0.2159 -0.2192 -0.9515
vn -0.0601 -0.6240 -0.7791
vn -0.1924 -0.6526 -0.7329
vn -0.0899 -0.1170 -0.9891
vn -0.0014 -0.1323 -0.9912
vn 0.0981 -0.5282 -0.8434
vn 0.0319 -0.3352 -0.9416
vn 0.2022 -0.4027 -0.8927
vn -0.0487 -0.8875 -0.4582
vn 0.0254 -0.8331 -0.5525
vn -0.0988 -0.8607 -0.4995
vn -0.2249 -0.6329 -0.7408
vn -0.2732 -0.4654 -0.8419
vn 0.0629 -0.7322 -0.6782
vn -0.3802 -0.5306 -0.7576
vn -0.4037 -0.5967 -0.6935
vn -0.2638 -0.6463 -0.7161
vn -0.3293 -0.4917 -0.8061
vn -0.3583 -0.4315 -0.8279
vn -0.2545 0.0459 -0.9660
vn -0.1413 0.2274 -0.9635
vn -0.3929 -0.3706 -0.8416
vn -0.3086 -0.5594 -0.7693
vn -0.4128 -0.3782 -0.8286
vn -0.4724 -0.2203 -0.8534
vn -0.4317 -0.2250 -0.8735
vn -0.3749 -0.3939 -0.8392
vn -0.3859 -0.5361 -0.7508
vn -0.4069 -0.6283 -0.6630
vn -0.4127 -0.6900 -0.5946
vn -0.1674 -0.3549 -0.9198
vn -0.2551 -0.2073 -0.9444
vn -0.3450 -0.7467 -0.5687
vn -0.3191 -0.7050 -0.6334
vn -0.4310 -0.6790 -0.5943
vn -0.2666 -0.8704 -0.4140
vn -0.0842 -0.8345 -0.5445
vn -0.2841 -0.5161 -0.8081
vn -0.2089 -0.4979 -0.8417
vn 0.0079 -0.7469 -0.6649
vn 0.0556 -0.5777 -0.8143
vn -0.2365 -0.5011 -0.8325
vn 0.0510 -0.9054 -0.4216
vn 0.1321 -0.8064 -0.5765
vn 0.1786 -0.6388 -0.7484
vn -0.1117 -0.9680 -0.2245
vn -0.2974 -0.8686 -0.3963
vn -0.3660 -0.4528 -0.8131
vn -0.4618 -0.6196 -0.6347
vn -0.4055 -0.6318 -0.6606
vn -0.3719 -0.5863 -0.7196
vn -0.2414 -0.4816 -0.8425
vn -0.1366 -0.1446 -0.9800
vn 0.0054 -0.0799 -0.9968
vn -0.1156 -0.3580 -0.9265
vn -0.1547 -0.5649 -0.8105
vn -0.2374 -0.4418 -0.8651
vn -0.0668 -0.4907 -0.8688
vn 0.0087 -0.5378 -0.8430
vn -0.1194 -0.7022 -0.7019
vn -0.0387 -0.6941 -0.7188
vn -0.1038 -0.7045 -0.7021
vn -0.3966 -0.6196 -0.6773
vn -0.2456 -0.7122 -0.6576
vn -0.3042 -0.7172 -0.6270
vn -0.4733 -0.6465 -0.5983
vn -0.5333 -0.6526 -0.5383
vn -0.3868 -0.7112 -0.5869
vn -0.4370 -0.6340 -0.6380
vn -0.4516 -0.5942 -0.6656
vn -0.0935 -0.8076 -0.5823
vn -0.0463 -0.8602 -0.5078
vn -0.4085 -0.6178 -0.6719
vn -0.1197 -0.8454 -0.5205
vn -0.5571 -0.6180 -0.5547
vn -0.4083 -0.5810 -0.7041
vn -0.4104 -0.5734 -0.7090
vn -0.6778 -0.5719 -0.4621
vn -0.8632 -0.5028 -0.0448
vn -0.8259 -0.5380 -0.1687
vn -0.8745 -0.3187 0.3655
vn -0.9000 -0.3407 0.2718
vn -0.7125 -0.0795 0.6971
vn -0.7375 -0.0950 0.6686
vn -0.4112 0.1317 0.9020
vn -0.4247 0.1606 0.8910
vn -0.1607 0.3222 0.9329
vn -0.0876 0.3031 0.9489
vn 0.3299 0.4452 0.8325
vn 0.3057 0.4860 0.8187
vn 0.7422 0.5115 0.4330
vn 0.7304 0.4633 0.5018
vn 0.9126 0.3883 0.1283
vn 0.9073 0.4142 0.0719
vn 0.9090 0.4091 0.0794
vn 0.9107 0.3835 0.1537
vn 0.1866 0.1565 0.9699
vn 0.2839 0.2215 0.9329
vn 0.2247 0.1710 0.9593
vn 0.0029 0.1440 0.9896
vn 0.0847 0.1524 0.9847
vn 0.2174 0.3510 0.9108
vn 0.5135 0.7140 0.4759
vn 0.0233 0.0475 0.9986
vn 0.1249 0.2139 0.9688
vn 0.5721 0.7997 0.1822
vn 0.5677 0.7944 0.2158
vn 0.5539 0.7613 0.3370
vn 0.5334 0.7179 0.4473
vn 0.5081 0.5906 0.6269
vn 0.5810 0.6830 0.4427
vn 0.5956 0.6172 0.5141
vn 0.6265 0.6900 0.3625
vn 0.6235 0.7226 0.2986
vn 0.6334 0.7371 0.2356
vn 0.0874 0.1292 0.9878
vn 0.1170 0.1262 0.9851
vn 0.1614 0.0894 0.9828
vn 0.3034 0.1360 0.9431
vn 0.2231 0.2932 0.9297
vn 0.3464 0.5103 0.7871
vn 0.4682 0.1092 0.8768
vn 0.3241 0.0810 0.9425
vn 0.2964 0.2639 0.9179
vn 0.2240 0.2705 0.9363
vn 0.3998 0.5137 0.7592
vn 0.5273 0.5880 0.6134
vn 0.3137 0.2353 0.9199
vn -0.2118 -0.7516 -0.6247
vn -0.3509 -0.6925 -0.6304
vn -0.2937 -0.5870 -0.7545
vn -0.1347 -0.6103 -0.7806
vn 0.1844 -0.4834 -0.8558
vn -0.0388 -0.4903 -0.8707
vn -0.3247 -0.4918 -0.8079
vn -0.4484 -0.5518 -0.7031
vn -0.4994 -0.6390 -0.5851
vn 0.2105 0.5469 0.8103
vn -0.0823 0.4588 0.8847
vn 0.3529 0.6965 0.6247
vn 0.3337 -0.3340 -0.8815
vn 0.1735 -0.5077 -0.8439
vn 0.2380 -0.3715 -0.8974
vn 0.4787 -0.1997 -0.8550
vn -0.0461 -0.4896 -0.8707
vn 0.0062 -0.6200 -0.7846
vn 0.0892 0.7631 0.6401
vn 0.2044 0.7674 0.6077
vn 0.2881 0.8063 0.5167
vn 0.5091 0.6696 0.5409
vn 0.4091 0.7003 0.5850
vn 0.3918 0.7609 0.5172
vn -0.4148 -0.6648 -0.6213
vn -0.2660 -0.7029 -0.6597
vn -0.0861 -0.6930 -0.7158
vn -0.3832 -0.2983 -0.8742
vn -0.4054 -0.2637 -0.8753
vn -0.3746 -0.2287 -0.8985
vn 0.5197 0.2351 0.8214
vn 0.3879 0.1448 0.9102
vn 0.2557 0.0950 0.9621
vn -0.4103 -0.4681 -0.7826
vn -0.3957 -0.2835 -0.8735
vn -0.2305 -0.2046 -0.9513
vn -0.5217 -0.8526 0.0296
vn -0.3944 -0.9179 -0.0428
vn -0.3053 -0.9127 -0.2717
vn -0.4314 -0.8593 -0.2747
vn -0.1550 0.9493 0.2734
vn -0.5704 0.8213 0.0085
vn -0.6497 0.7168 0.2530
vn -0.2087 0.8330 0.5123
vn -0.8370 0.4121 -0.3601
vn -0.8396 -0.0773 -0.5376
vn -0.8483 -0.2742 -0.4530
vn -0.9479 0.2714 -0.1670
vn -0.1908 0.6100 0.7691
vn -0.6663 0.4762 0.5739
vn -0.5636 0.1898 0.8040
vn -0.1555 0.3135 0.9368
vn -0.9719 -0.0513 0.2296
vn -0.8141 -0.5498 -0.1868
vn -0.6215 -0.7596 0.1915
vn -0.7191 -0.3141 0.6198
vn -0.2868 -0.7376 0.6113
vn -0.1860 -0.2197 0.9577
vn -0.2764 -0.9610 0.0088
vn -0.4267 -0.8887 -0.1677
vn -0.5457 -0.7566 -0.3602
vn -0.6293 -0.6232 -0.4644
vn -0.7149 -0.4727 -0.5152
vn 0.5391 0.4349 0.7213
vn 0.6708 0.4416 0.5958
vn 0.6332 0.4593 0.6230
vn 0.7521 0.4608 0.4712
vn 0.7382 0.4888 0.4649
vn 0.7126 0.4583 0.5312
vn 0.9068 0.3356 0.2550
vn 0.8798 0.3249 0.3470
vn 0.7745 0.4279 0.4660
vn 0.7748 0.4407 0.4534
vn 0.5704 0.4000 0.7174
vn 0.6361 0.4072 0.6554
vn 0.5855 0.4044 0.7026
vn 0.5473 0.3981 0.7362
vn 0.6956 0.4172 0.5849
vn 0.7413 0.4219 0.5220
vn 0.7066 0.3848 0.5938
vn 0.6397 0.4010 0.6558
vn 0.7592 0.3804 0.5281
vn 0.7710 0.3644 0.5223
vn 0.3705 0.5124 0.7747
vn 0.4526 0.5702 0.6856
vn 0.5249 0.4247 0.7377
vn 0.3397 0.4138 0.8446
vn 0.3563 0.5718 0.7390
vn 0.4551 0.5967 0.6609
vn 0.7049 0.5820 0.4055
vn 0.7164 0.5598 0.4163
vn 0.6954 0.5561 0.4552
vn 0.6469 0.6104 0.4571
vn 0.7543 0.5333 0.3829
vn 0.8368 0.4657 0.2879
vn 0.5319 0.6095 0.5879
vn 0.5351 0.6131 0.5812
vn 0.5940 0.6186 0.5143
vn 0.5772 0.6325 0.5165
vn 0.6708 0.5309 0.5178
vn 0.6167 0.4881 0.6175
vn 0.6783 0.5476 0.4899
vn 0.6105 0.6344 0.4741
vn 0.6645 0.5938 0.4537
vn 0.3181 0.3229 0.8914
vn 0.5086 0.3851 0.7701
vn 0.5315 0.3430 0.7745
vn 0.3933 0.1828 0.9010
vn 0.8329 0.4133 0.3681
vn 0.8250 0.4882 0.2847
vn 0.7510 0.5136 0.4151
vn 0.7823 0.4239 0.4565
vn 0.7370 0.4379 0.5149
vn 0.6829 0.5170 0.5161
vn 0.6728 0.5079 0.5379
vn 0.7079 0.4639 0.5326
vn 0.6515 0.4484 0.6119
vn 0.6602 0.4692 0.5865
vn 0.5581 0.3069 0.7710
vn 0.6571 0.1793 0.7322
vn 0.4132 0.0149 0.9105
vn 0.3995 0.1405 0.9059
vn 0.7089 0.4273 0.5612
vn 0.7158 0.4592 0.5261
vn 0.8870 -0.0365 0.4603
vn 0.8679 -0.0221 0.4962
vn 0.4054 -0.6438 0.6490
vn 0.6756 -0.6616 0.3253
vn 0.1074 -0.9231 -0.3693
vn -0.1352 -0.8901 -0.4353
vn 0.5981 -0.8011 0.0238
vn 0.5493 -0.8285 0.1084
vn -0.1763 -0.9416 -0.2868
vn 0.0211 -0.9344 -0.3557
vn -0.3600 -0.5442 -0.7578
vn -0.1162 -0.7922 -0.5991
vn -0.2614 -0.6612 -0.7032
vn -0.2809 -0.5826 -0.7627
vn -0.3161 -0.8215 -0.4746
vn -0.5429 -0.7222 -0.4285
vn -0.6437 -0.6428 -0.4153
vn -0.5123 -0.6883 -0.5137
vn -0.4482 -0.5537 -0.7018
vn -0.5458 -0.5577 -0.6253
vn -0.5035 -0.5958 -0.6257
vn -0.4107 -0.5778 -0.7053
vn -0.4839 -0.6160 -0.6216
vn -0.3489 -0.5975 -0.7220
vn -0.2883 -0.5137 -0.8081
vn -0.4288 -0.4985 -0.7534
vn -0.5382 -0.4129 -0.7347
vn -0.3872 -0.4076 -0.8270
vn -0.6532 -0.5437 -0.5270
vn -0.7167 -0.5545 -0.4229
vn -0.7138 -0.5131 -0.4767
vn -0.6999 -0.4777 -0.5310
vn -0.6488 -0.6022 -0.4652
vn -0.6375 -0.5402 -0.5494
vn -0.6190 -0.6195 -0.4828
vn -0.5461 -0.5488 -0.6330
vn -0.5852 -0.5398 -0.6051
vn -0.6610 -0.5305 -0.5308
vn -0.6228 -0.5626 -0.5437
vn -0.3768 -0.4542 -0.8073
vn -0.5059 -0.5103 -0.6955
vn -0.5510 -0.4992 -0.6687
vn -0.4019 -0.4383 -0.8040
vn -0.6287 -0.5464 -0.5533
vn -0.6547 -0.5800 -0.4848
vn -0.6706 -0.5390 -0.5097
vn -0.6446 -0.5335 -0.5476
vn -0.6341 -0.5820 -0.5090
vn -0.6740 -0.5367 -0.5076
vn -0.4483 -0.4070 -0.7959
vn -0.5564 -0.4614 -0.6910
vn -0.5781 -0.4239 -0.6972
vn -0.4624 -0.3882 -0.7971
vn -0.3788 -0.3486 -0.8573
vn -0.3826 -0.3747 -0.8445
vn -0.6544 -0.5038 -0.5638
vn -0.6783 -0.5193 -0.5198
vn -0.6972 -0.4677 -0.5433
vn -0.6734 -0.4455 -0.5900
vn -0.4812 -0.4866 -0.7292
vn -0.3888 -0.5293 -0.7541
vn -0.6219 -0.4514 -0.6399
vn -0.4558 -0.5064 -0.7320
vn -0.6195 -0.4683 -0.6300
vn -0.4262 -0.4622 -0.7777
vn -0.4903 -0.4933 -0.7185
vn -0.5290 -0.4757 -0.7027
vn -0.4114 -0.5032 -0.7600
vn -0.5014 -0.5084 -0.7001
vn -0.4996 -0.4383 -0.7472
vn -0.5478 -0.4438 -0.7092
vn -0.5874 -0.4336 -0.6834
vn -0.5565 -0.5537 -0.6194
vn -0.4944 -0.4568 -0.7395
vn -0.2340 -0.5366 -0.8107
vn -0.1008 -0.9238 -0.3695
vn -0.2178 -0.4800 -0.8498
vn -0.2773 -0.4761 -0.8345
vn -0.2291 -0.7938 -0.5634
vn 0.2084 -0.9776 0.0277
vn 0.4457 -0.4992 -0.7431
vn -0.0225 -0.5036 -0.8636
vn -0.0601 -0.9390 -0.3385
vn 0.3402 0.2244 0.9132
vn 0.5752 0.0007 0.8180
vn 0.5639 0.3893 0.7283
vn 0.3430 0.4931 0.7995
vn 0.2026 0.4660 0.8613
vn 0.1547 0.3838 0.9104
vn 0.6996 0.2029 0.6851
vn 0.6833 0.1533 0.7139
vn 0.6979 0.2913 0.6543
vn 0.6996 -0.0278 0.7140
vn 0.7002 0.0475 0.7124
vn 0.7354 0.1375 0.6635
vn 0.7258 0.1832 0.6630
vn 0.7585 0.0413 0.6504
vn 0.7456 -0.5967 0.2966
vn 0.8652 -0.3336 -0.3743
vn 0.7452 0.1371 -0.6526
vn 0.7328 0.0114 -0.6803
vn 0.9696 -0.2215 0.1036
vn 0.9505 -0.2670 -0.1589
vn 0.8851 -0.0146 0.4651
vn 0.7878 0.4537 0.4166
vn 0.9180 0.2903 -0.2703
vn 0.4128 0.2954 0.8616
vn 0.3537 0.4723 0.8074
vn 0.4405 -0.4476 0.7782
vn 0.0262 0.1251 0.9918
vn 0.0727 0.4797 0.8744
vn -0.1102 0.1940 0.9748
vn -0.0548 -0.0338 0.9979
vn -0.3110 0.3789 0.8716
vn -0.2298 0.3532 0.9069
vn 0.0758 0.0282 0.9967
vn -0.2309 0.4904 0.8404
vn -0.0375 -0.0940 0.9949
vn -0.5174 0.3276 0.7905
vn -0.9003 -0.2164 -0.3777
vn -0.9547 -0.1398 -0.2627
vn -0.9019 -0.3164 -0.2940
vn -0.8196 -0.3336 -0.4658
vn -0.7748 -0.3387 -0.5338
vn -0.6993 -0.4881 -0.5222
vn -0.3902 -0.8237 0.4115
vn -0.9710 -0.2353 0.0428
vn -0.6275 -0.6431 0.4389
vn -0.1106 -0.1659 -0.9799
vn 0.1092 -0.7214 -0.6838
vn 0.1854 -0.5633 -0.8052
vn -0.0599 0.0188 -0.9980
vn -0.2460 0.0948 -0.9646
vn -0.2890 -0.0176 -0.9572
vn 0.1866 -0.9611 -0.2036
vn -0.0310 -0.9124 -0.4081
vn 0.2342 -0.9075 -0.3486
vn 0.3923 -0.8877 -0.2411
vn 0.3454 0.6402 0.6862
vn 0.3219 0.8421 0.4327
vn 0.2943 0.7524 0.5893
vn 0.3439 0.6679 0.6600
vn -0.2066 -0.1710 -0.9634
vn -0.0186 -0.2311 -0.9727
vn 0.0087 -0.0544 -0.9985
vn -0.1678 -0.0531 -0.9844
vn -0.1406 -0.4222 -0.8955
vn -0.2595 -0.2450 -0.9341
vn -0.3542 -0.6101 -0.7088
vn -0.2486 -0.7446 -0.6195
vn -0.3086 -0.7587 -0.5737
vn -0.3350 -0.7557 -0.5628
vn 0.4503 0.7184 0.5302
vn 0.5416 0.6684 0.5097
vn 0.5033 0.8289 0.2440
vn 0.3534 0.9135 0.2017
vn 0.4840 0.6800 0.5508
vn 0.5431 0.6468 0.5354
vn 0.4558 -0.2605 0.8511
vn 0.4961 0.0268 0.8678
vn 0.4896 0.0922 0.8671
vn 0.3779 -0.2463 0.8925
vn 0.2953 -0.3687 0.8814
vn 0.4200 -0.3807 0.8238
vn -0.4389 -0.3706 -0.8186
vn -0.3710 -0.4128 -0.8318
vn -0.4989 -0.6178 -0.6078
vn -0.5798 -0.4884 -0.6521
vn -0.6503 0.0064 0.7596
vn -0.8417 -0.2098 0.4975
vn -0.3250 0.2281 0.9178
vn -0.2193 0.0287 0.9752
vn -0.5440 -0.2383 0.8045
vn -0.7667 -0.4446 0.4632
vn 0.2905 0.4413 0.8490
vn 0.3753 0.2712 0.8863
vn 0.7816 0.4288 0.4531
vn 0.8163 0.2485 0.5215
vn 0.9178 0.3182 0.2373
vn 0.9387 0.3074 0.1558
vn 0.9725 0.2303 0.0335
vn 0.9610 0.2099 0.1799
vn 0.8900 0.3878 0.2398
vn 0.9254 0.3408 0.1656
vn 0.8084 0.4496 0.3799
vn 0.8149 0.4233 0.3958
vn 0.7188 0.5785 0.3857
vn 0.7274 0.5870 0.3553
vn 0.7946 0.5961 0.1155
vn 0.7777 0.5980 0.1940
vn 0.6834 0.5493 0.4808
vn 0.6799 0.5785 0.4506
vn 0.3836 0.0547 0.9219
vn 0.3490 -0.1119 0.9304
vn 0.4182 -0.1754 0.8913
vn 0.4823 0.0316 0.8754
vn 0.5195 0.1589 0.8395
vn 0.4276 0.1399 0.8931
vn 0.4242 0.0094 0.9055
vn 0.4189 -0.1105 0.9013
vn 0.5893 0.4253 0.6869
vn 0.6338 0.4192 0.6501
vn 0.6227 0.4351 0.6503
vn 0.5940 0.4068 0.6940
vn 0.5464 0.3724 0.7502
vn 0.5525 0.4221 0.7188
vn 0.5088 0.4204 0.7512
vn 0.4314 0.3532 0.8301
vn 0.6288 0.4801 0.6117
vn 0.5861 0.3594 0.7261
vn 0.6124 0.3393 0.7140
vn 0.6273 0.4833 0.6107
vn 0.5066 0.2449 0.8267
vn 0.5809 0.2406 0.7776
vn 0.4738 0.4815 0.7373
vn 0.3706 0.4935 0.7869
vn 0.4225 0.5336 0.7326
vn 0.5094 0.4836 0.7118
vn -0.3615 -0.3961 -0.8441
vn -0.3997 -0.3366 -0.8526
vn -0.3479 -0.6484 -0.6771
vn -0.3360 -0.6597 -0.6722
vn -0.4954 -0.6030 -0.6253
vn -0.5684 -0.5020 -0.6518
vn -0.5235 -0.5197 -0.6752
vn -0.4297 -0.6327 -0.6442
vn -0.3736 -0.6533 -0.6585
vn -0.4645 -0.5490 -0.6949
vn -0.3718 -0.6486 -0.6641
vn -0.4116 -0.6389 -0.6499
vn -0.4331 -0.3168 -0.8438
vn -0.2903 0.1743 -0.9409
vn -0.4007 0.1938 -0.8955
vn -0.4460 -0.3459 -0.8255
vn -0.4305 -0.3686 -0.8239
vn -0.4469 -0.6023 -0.6614
vn -0.4522 0.1536 -0.8786
vn -0.3660 -0.6732 -0.6425
vn -0.4374 -0.5711 -0.6946
vn -0.5300 -0.5790 -0.6196
vn -0.5793 -0.4990 -0.6445
vn -0.4177 -0.6376 -0.6473
vn -0.5436 -0.4075 -0.7338
vn -0.5413 -0.3968 -0.7414
vn -0.4028 -0.6843 -0.6078
vn 0.6590 0.4815 0.5778
vn 0.6662 0.4334 0.6069
vn 0.5963 0.4604 0.6576
vn 0.6523 0.5029 0.5671
vn 0.6203 0.5295 0.5787
vn 0.6357 0.5468 0.5449
vn 0.6096 0.5281 0.5912
vn 0.5138 0.5144 0.6866
vn 0.4406 0.5608 0.7010
vn 0.4788 0.5348 0.6962
vn 0.4569 0.4771 0.7508
vn 0.5657 0.4986 0.6569
vn 0.3638 0.5104 0.7792
vn 0.3801 0.4791 0.7912
vn 0.4162 0.5665 0.7112
vn 0.4826 0.5471 0.6839
vn 0.4282 0.5364 0.7273
vn 0.4122 0.6278 0.6603
vn 0.4246 0.6096 0.6694
vn 0.3906 0.6839 0.6163
vn 0.5289 0.5910 0.6091
vn 0.3759 0.5433 0.7507
vn 0.3383 0.6704 0.6604
vn 0.3109 0.8618 0.4008
vn 0.4360 0.7634 0.4766
vn 0.1719 0.9039 0.3918
vn 0.1613 0.8791 0.4485
vn 0.3848 0.7185 0.5794
vn 0.0618 0.9278 0.3680
vn -0.1325 0.9689 0.2089
vn 0.5669 0.6258 0.5357
vn -0.3257 -0.7499 -0.5759
vn -0.3391 -0.7461 -0.5730
vn -0.3249 -0.7013 -0.6345
vn -0.3217 -0.7074 -0.6294
vn 0.2455 0.7910 0.5604
vn 0.3729 0.6753 0.6363
vn -0.3468 -0.6343 -0.6909
vn -0.3503 -0.6174 -0.7043
vn -0.4166 -0.5049 -0.7560
vn -0.3826 -0.5335 -0.7544
vn -0.4468 -0.5785 -0.6824
vn -0.4582 -0.6534 -0.6026
vn -0.4721 -0.6531 -0.5921
vn -0.4459 -0.5881 -0.6748
vn -0.4052 -0.4921 -0.7705
vn -0.4545 -0.4701 -0.7566
vn 0.5102 0.6683 0.5414
vn 0.5512 0.6201 0.5582
vn 0.5703 0.5625 0.5986
vn 0.5571 0.6137 0.5595
vn -0.4421 -0.5999 -0.6668
vn -0.4046 -0.5044 -0.7628
vn -0.4628 -0.6641 -0.5872
vn 0.5883 0.5429 0.5993
vn 0.5870 0.5607 0.5840
vn 0.5854 0.5108 0.6296
vn 0.6042 0.4949 0.6246
vn 0.5715 0.5674 0.5929
vn 0.5583 0.6383 0.5300
vn 0.5505 0.6440 0.5312
vn 0.5558 0.5675 0.6075
vn 0.5139 0.5162 0.6851
vn 0.5497 0.5169 0.6563
vn 0.5139 0.5792 0.6328
vn 0.4873 0.5083 0.7101
vn 0.4931 0.6677 0.5577
vn -0.4171 -0.4077 -0.8123
vn -0.4975 -0.3931 -0.7733
vn -0.3702 -0.3669 -0.8534
vn -0.4635 -0.3709 -0.8047
vn -0.3579 -0.4499 -0.8182
vn -0.4520 -0.4174 -0.7883
vn -0.3072 -0.4320 -0.8480
vn -0.3609 -0.4086 -0.8383
vn -0.3744 -0.4360 -0.8184
vn -0.3897 -0.4464 -0.8055
vn 0.5898 0.4730 0.6545
vn 0.5898 0.4601 0.6637
vn 0.5448 0.4911 0.6797
vn 0.5607 0.5193 0.6449
vn 0.5392 0.4693 0.6993
vn 0.4925 0.4814 0.7251
vn 0.5148 0.4430 0.7340
vn 0.5232 0.4564 0.7197
vn -0.2782 -0.4733 -0.8358
vn -0.2945 -0.7531 -0.5883
vn -0.0936 -0.8403 -0.5340
vn -0.0767 -0.5840 -0.8081
vn 0.4611 0.4814 0.7455
vn 0.4596 0.4596 0.7599
vn -0.3021 -0.7344 -0.6078
vn -0.3615 -0.4644 -0.8085
vn -0.4186 -0.6384 -0.6459
vn -0.2035 -0.8410 -0.5013
vn -0.4339 -0.8779 -0.2025
vn -0.6007 -0.7884 -0.1327
vn -0.6142 -0.7346 -0.2884
vn -0.3564 -0.8314 -0.4264
vn -0.5614 -0.7360 -0.3784
vn -0.5677 -0.7176 -0.4034
vn 0.4801 -0.0427 0.8762
vn 0.3819 -0.0262 0.9238
vn 0.3968 0.4831 0.7805
vn 0.4801 0.3977 0.7819
vn -0.6071 -0.7706 -0.1938
vn -0.6132 -0.7521 -0.2416
vn -0.5746 -0.6031 -0.5533
vn -0.4686 0.2560 -0.8455
vn -0.3318 0.2399 -0.9123
vn -0.2358 -0.3106 -0.9208
vn -0.5045 -0.2508 -0.8262
vn -0.6002 -0.3006 -0.7412
vn -0.5412 0.2005 -0.8167
vn 0.3710 0.8298 0.4169
vn 0.2826 0.8222 0.4941
vn -0.1517 0.1586 -0.9756
vn 0.0491 -0.4153 -0.9083
vn -0.3177 -0.9122 -0.2587
vn -0.4750 -0.5437 -0.6919
vn -0.4432 -0.8551 -0.2691
vn -0.2530 -0.8968 -0.3629
vn 0.1486 -0.8893 -0.4325
vn 0.3348 -0.9402 -0.0621
vn 0.0033 -0.9998 -0.0217
vn -0.4918 0.0357 -0.8700
vn -0.3011 -0.3763 -0.8762
vn -0.3067 -0.3915 -0.8676
vn -0.1896 -0.5827 -0.7902
vn -0.2163 -0.5131 -0.8306
vn -0.3510 -0.4488 -0.8218
vn -0.3507 -0.3514 -0.8680
vn 0.4128 -0.8402 -0.3517
vn 0.4211 -0.8816 -0.2134
vn -0.3430 -0.3905 -0.8543
vn -0.2845 -0.5964 -0.7506
vn -0.2942 -0.5682 -0.7685
vn -0.3950 -0.4164 -0.8189
vn -0.1029 -0.6793 -0.7266
vn 0.1108 -0.7989 -0.5912
vn 0.1348 -0.8994 -0.4159
vn -0.2861 -0.3519 -0.8912
vn -0.0868 -0.9320 -0.3518
vn 0.5077 0.1437 0.8494
vn 0.5210 0.3468 0.7800
vn 0.4816 0.1288 0.8669
vn 0.4980 0.2782 0.8213
vn 0.5168 0.4280 0.7414
vn 0.5414 0.4560 0.7064
vn -0.5662 -0.7851 -0.2509
vn -0.7461 -0.6183 -0.2472
vn -0.5966 -0.5995 -0.5336
vn -0.4315 -0.7562 -0.4920
vn -0.5069 -0.6975 -0.5065
vn -0.5754 -0.7371 -0.3544
vn -0.5985 -0.7064 -0.3780
vn -0.7832 -0.5694 -0.2498
vn -0.3876 -0.1797 -0.9041
vn -0.0659 -0.0788 -0.9947
vn 0.0280 -0.1080 -0.9938
vn -0.2499 -0.3746 -0.8929
vn -0.7528 -0.3670 -0.5464
vn -0.3438 -0.2864 -0.8943
vn -0.5969 -0.5216 -0.6097
vn -0.3024 -0.4678 -0.8305
vn -0.0820 -0.2114 -0.9740
vn -0.1184 -0.0731 -0.9903
vn 0.0403 -0.2363 -0.9708
vn -0.1610 -0.5394 -0.8265
vn -0.6665 -0.5861 -0.4607
vn -0.8590 -0.4356 -0.2690
vn -0.8379 -0.4850 -0.2506
vn 0.2370 0.2345 0.9428
vn 0.6306 0.4747 0.6140
vn 0.6769 0.3168 0.6644
vn 0.3022 0.0205 0.9530
vn 0.1696 0.0231 0.9852
vn 0.0557 0.1212 0.9911
vn 0.7966 0.5675 0.2084
vn 0.8415 0.5094 0.1799
vn 0.4890 0.4754 0.7314
vn 0.5055 0.4059 0.7614
vn 0.4543 0.3768 0.8072
vn 0.4699 0.3840 0.7948
vn 0.5250 0.5098 0.6815
vn 0.5668 0.3801 0.7309
vn 0.4638 0.3274 0.8232
vn 0.4296 0.2334 0.8723
vn 0.4617 0.4130 0.7850
vn 0.3926 0.2825 0.8753
vn 0.3860 -0.0011 0.9225
vn 0.3308 -0.1632 0.9295
vn 0.1749 -0.0222 0.9843
vn 0.3672 0.1423 0.9192
vn 0.4766 0.2655 0.8380
vn 0.5093 0.2127 0.8339
vn 0.5513 0.3080 0.7754
vn 0.5233 0.2958 0.7992
vn 0.4838 0.2969 0.8233
vn 0.6014 0.3211 0.7316
vn 0.5654 0.3428 0.7502
vn 0.4375 0.2890 0.8515
vn 0.2875 0.1530 0.9455
vn 0.3717 0.7303 0.5731
vn 0.3932 0.7704 0.5019
vn 0.4326 0.8111 0.3936
vn 0.4188 0.7458 0.5180
vn 0.5539 0.2691 0.7879
vn 0.5850 0.3360 0.7382
vn 0.5417 0.6831 0.4898
vn 0.4586 0.7657 0.4510
vn 0.4621 0.8113 0.3580
vn 0.5430 0.7056 0.4552
vn 0.4608 0.7727 0.4366
vn 0.4805 0.8481 0.2230
vn 0.4452 0.8865 0.1258
vn 0.4559 0.8254 0.3329
vn 0.3773 0.9079 0.1825
vn 0.3066 0.9511 -0.0370
vn 0.4375 0.8970 -0.0629
vn 0.4823 0.7435 0.4632
vn -0.4610 -0.6605 -0.5927
vn -0.4566 -0.7035 -0.5447
vn -0.4384 -0.7109 -0.5500
vn -0.4345 -0.6842 -0.5857
vn 0.3712 0.8465 0.3817
vn 0.2381 0.9669 0.0918
vn -0.4561 -0.6929 -0.5585
vn -0.4370 -0.6663 -0.6042
vn -0.5177 -0.6079 -0.6020
vn -0.4866 -0.6795 -0.5490
vn -0.4321 -0.6465 -0.6288
vn -0.4591 -0.6126 -0.6433
vn -0.4147 -0.2179 -0.8835
vn -0.4572 -0.4234 -0.7821
vn -0.5266 -0.1662 -0.8337
vn -0.5397 -0.4726 -0.6967
vn -0.5092 -0.6512 -0.5628
vn -0.5154 -0.4246 -0.7443
vn -0.4401 -0.1425 -0.8866
vn -0.4788 -0.6966 -0.5344
vn -0.5866 -0.3514 -0.7297
vn -0.5180 -0.4286 -0.7402
vn -0.4717 -0.4276 -0.7711
vn -0.5311 -0.3313 -0.7798
vn -0.5595 -0.2648 -0.7854
vn -0.6121 -0.3129 -0.7263
vn -0.6435 -0.4235 -0.6377
vn -0.6433 -0.4068 -0.6486
vn -0.5755 -0.4855 -0.6581
vn -0.3557 -0.5936 -0.7219
vn -0.1837 -0.2954 -0.9375
vn -0.5266 -0.4220 -0.7380
vn -0.5235 -0.4229 -0.7397
vn -0.5657 -0.5023 -0.6540
vn -0.4298 -0.2753 -0.8599
vn -0.4908 -0.2497 -0.8347
vn -0.5248 -0.3686 -0.7673
vn -0.5549 -0.4726 -0.6846
vn -0.4942 -0.5437 -0.6784
vn -0.5718 -0.3172 -0.7566
vn -0.6429 -0.4337 -0.6313
vn 0.3411 0.0202 0.9398
vn 0.2781 0.0741 0.9577
vn 0.3450 0.4424 0.8278
vn 0.4791 0.3761 0.7931
vn -0.5291 -0.4846 -0.6966
vn 0.5243 0.7864 0.3266
vn 0.4191 0.8414 0.3412
vn 0.3721 0.3944 0.8402
vn 0.4681 0.3928 0.7916
vn 0.4847 0.8569 0.1753
vn 0.3016 0.9274 0.2214
vn 0.2930 0.9129 0.2843
vn 0.3273 0.3825 0.8640
vn 0.1911 0.0825 0.9781
vn 0.1980 0.1271 0.9719
vn -0.5322 -0.4429 -0.7215
vn -0.4117 -0.0004 -0.9113
vn -0.3998 -0.0741 -0.9136
vn -0.5425 -0.5982 -0.5898
vn 0.3780 0.0293 0.9253
vn -0.2967 -0.5296 -0.7947
vn -0.5763 -0.4190 -0.7016
vn -0.4766 -0.0544 -0.8774
vn -0.1901 -0.1555 -0.9694
vn -0.4278 -0.0696 -0.9012
vn -0.2850 0.1475 -0.9471
vn -0.4480 0.0556 -0.8923
vn -0.4202 0.0344 -0.9068
vn -0.4283 -0.0554 -0.9019
vn -0.5667 -0.5076 -0.6490
vn -0.2463 -0.3321 -0.9105
vn -0.2181 -0.4090 -0.8861
vn -0.5548 -0.4631 -0.6911
vn -0.5177 -0.5838 -0.6254
vn -0.5291 -0.6086 -0.5913
vn -0.2672 -0.4024 -0.8756
vn -0.1033 -0.0022 -0.9946
vn -0.5294 -0.4199 -0.7372
vn -0.2619 -0.2652 -0.9279
vn -0.6132 -0.6013 -0.5123
vn -0.6637 -0.5366 -0.5212
vn -0.6132 -0.5469 -0.5700
vn -0.6410 -0.4645 -0.6111
vn -0.6289 -0.4574 -0.6287
vn -0.3717 -0.3757 -0.8489
vn 0.6693 0.5957 0.4440
vn 0.7019 0.5824 0.4100
vn 0.6868 0.5298 0.4977
vn 0.6432 0.5645 0.5174
vn 0.5812 0.5190 0.6268
vn 0.6266 0.4139 0.6604
vn -0.5922 -0.5098 -0.6240
vn 0.6152 0.4777 0.6271
vn 0.6076 0.4630 0.6453
vn 0.6528 0.6100 0.4492
vn 0.6645 0.5946 0.4527
vn 0.6922 0.6587 0.2949
vn 0.6820 0.6840 0.2590
vn 0.6897 0.5621 0.4565
vn 0.6692 0.7425 0.0280
vn 0.6886 0.7251 -0.0080
vn 0.6458 0.4163 0.6401
vn 0.4692 0.2336 0.8516
vn 0.5825 0.3173 0.7484
vn 0.5478 0.4177 0.7249
vn 0.4529 0.3492 0.8203
vn 0.3715 0.2363 0.8979
vn 0.3708 0.1195 0.9210
vn 0.3372 0.0325 0.9409
vn 0.4701 0.1473 0.8702
vn 0.5880 0.2622 0.7652
vn 0.7072 0.6416 0.2970
vn 0.7473 0.6636 0.0341
vn 0.4280 0.2144 0.8780
vn 0.5754 0.2849 0.7667
vn 0.3176 0.1695 0.9329
vn 0.1474 0.2582 0.9548
vn 0.2649 0.1429 0.9536
vn 0.3003 0.3805 0.8747
vn 0.4309 0.4657 0.7730
vn 0.5070 0.5150 0.6912
vn -0.6263 -0.5191 -0.5817
vn -0.5857 -0.4730 -0.6582
vn -0.4515 -0.4278 -0.7831
vn -0.5263 -0.4461 -0.7239
vn -0.4738 -0.3561 -0.8055
vn -0.5784 -0.4220 -0.6981
vn -0.5732 -0.3969 -0.7169
vn -0.4775 -0.3339 -0.8127
vn -0.4635 -0.3544 -0.8121
vn -0.4361 -0.3253 -0.8390
vn -0.6724 -0.4876 -0.5569
vn -0.6840 -0.4770 -0.5519
vn -0.4697 -0.3864 -0.7938
vn -0.4852 -0.4011 -0.7770
vn -0.5374 -0.4066 -0.7388
vn -0.4593 -0.4052 -0.7905
vn -0.5476 -0.4124 -0.7280
vn -0.4726 -0.3510 -0.8083
vn -0.5703 -0.3763 -0.7301
vn -0.5380 -0.5017 -0.6774
vn -0.5172 -0.6129 -0.5974
vn -0.4367 -0.6102 -0.6610
vn -0.3907 -0.7693 -0.5055
vn -0.3292 -0.7183 -0.6129
vn -0.5428 -0.5931 -0.5946
vn -0.6422 -0.5709 -0.5116
vn -0.2212 -0.6096 -0.7612
vn -0.4412 -0.7056 -0.5546
vn -0.4862 -0.4700 -0.7367
vn -0.2170 -0.4121 -0.8849
vn -0.4636 -0.4390 -0.7697
vn -0.4607 -0.4898 -0.7401
vn -0.6772 -0.5357 -0.5045
vn -0.6675 -0.4950 -0.5563
vn 0.9530 0.2822 0.1105
vn 0.9182 0.3350 0.2113
vn 0.7982 0.4120 0.4394
vn 0.8646 0.3569 0.3537
vn 0.9111 0.3451 0.2254
vn 0.9420 0.3181 0.1071
vn -0.2620 -0.3589 -0.8959
vn -0.5343 -0.4646 -0.7062
vn -0.4526 -0.3413 -0.8238
vn 0.8819 0.4003 0.2489
vn 0.8994 0.3863 0.2047
vn 0.7907 0.4223 0.4432
vn 0.7725 0.4503 0.4476
vn 0.9259 0.3680 0.0854
vn 0.9285 0.3711 0.0093
vn 0.6785 0.4413 0.5873
vn 0.7082 0.4071 0.5768
vn -0.0995 0.5574 0.8243
vn 0.0206 0.6032 0.7973
vn 0.5335 0.5818 0.6139
vn 0.2721 0.5590 0.7832
vn 0.6581 0.4796 0.5804
vn 0.8400 0.4456 0.3096
vn 0.8070 0.3981 0.4361
vn 0.9337 0.3406 0.1105
vn 0.9543 0.2886 -0.0777
vn -0.8230 -0.5675 0.0239
vn -0.7763 -0.5367 0.3306
vn -0.9196 -0.3457 0.1867
vn -0.9015 -0.4100 -0.1383
vn -0.8992 -0.3766 -0.2229
vn -0.8381 -0.5357 -0.1026
vn -0.8506 -0.5241 -0.0428
vn -0.8474 -0.5059 0.1614
vn -0.9473 -0.2412 -0.2110
vn -0.9213 -0.2889 -0.2601
vn -0.9934 -0.0932 0.0667
vn -0.6439 -0.5264 -0.5552
vn -0.9130 -0.3886 -0.1241
vn -0.6864 -0.6560 -0.3137
vn -0.7564 -0.6045 -0.2499
vn -0.8361 -0.4133 -0.3606
vn -0.9310 -0.2885 0.2235
vn 0.7760 0.4286 0.4628
vn 0.7060 0.4463 0.5499
vn 0.7444 0.3551 0.5655
vn 0.7864 0.3790 0.4878
vn 0.7419 0.3371 0.5797
vn 0.7472 0.3941 0.5352
vn -0.8251 -0.3257 -0.4616
vn 0.6962 0.4448 0.5635
vn 0.6816 0.4020 0.6114
vn 0.5872 0.5328 0.6094
vn 0.6361 0.4384 0.6349
vn 0.6559 0.5322 0.5354
vn 0.6673 0.3541 0.6552
vn 0.6892 0.3107 0.6546
vn 0.7365 0.4936 0.4625
vn -0.6836 -0.4895 -0.5415
vn -0.6598 -0.4420 -0.6077
vn -0.6525 -0.4273 -0.6258
vn -0.6654 -0.4510 -0.5949
vn -0.6596 -0.5148 -0.5476
vn -0.6622 -0.5075 -0.5513
vn 0.6629 0.3433 0.6653
vn -0.6637 -0.4600 -0.5898
vn -0.6931 -0.4662 -0.5499
vn -0.5913 -0.4133 -0.6925
vn -0.6141 -0.4194 -0.6686
vn -0.6177 -0.4178 -0.6662
vn -0.6318 -0.4129 -0.6560
vn -0.6304 -0.4681 -0.6193
vn -0.6248 -0.4313 -0.6508
vn -0.6589 -0.4579 -0.5968
vn 0.2024 0.1387 0.9694
vn 0.0639 0.6341 0.7706
vn 0.0447 0.6133 0.7886
vn 0.1264 0.1516 0.9803
vn 0.1715 -0.2735 0.9465
vn 0.2847 -0.3363 0.8977
vn 0.1890 0.1099 0.9758
vn 0.1427 -0.3143 0.9385
vn 0.1714 0.5853 0.7925
vn -0.0677 0.8880 0.4548
vn -0.0385 0.8762 0.4803
vn 0.1140 0.8251 0.5534
vn 0.1353 -0.5419 0.8295
vn 0.3530 -0.1638 0.9212
vn 0.2239 -0.3980 0.8897
vn 0.1243 -0.5742 0.8092
vn 0.4383 0.4329 0.7877
vn 0.4732 0.3839 0.7929
vn 0.3964 0.3718 0.8394
vn 0.4406 0.3229 0.8376
vn 0.3548 -0.4947 0.7933
vn 0.4630 0.0193 0.8861
vn 0.4180 0.0634 0.9062
vn 0.4604 0.3469 0.8171
vn 0.3037 -0.5822 0.7542
vn 0.4769 0.1428 0.8673
vn 0.4919 0.3640 0.7909
vn 0.2896 0.0246 0.9568
vn 0.1745 -0.1342 0.9755
vn 0.1003 -0.1947 0.9757
vn 0.2011 -0.0864 0.9758
vn 0.7889 0.6013 0.1270
vn 0.6809 0.7245 0.1069
vn 0.6503 0.4964 0.5750
vn 0.6938 0.3399 0.6349
vn -0.0569 0.0074 0.9984
vn 0.2352 0.3144 0.9197
vn 0.3628 0.0496 0.9306
vn 0.5356 0.6805 0.5000
vn 0.0998 0.0731 0.9923
vn 0.3650 -0.0677 0.9286
vn 0.6017 0.7902 0.1165
vn -0.5217 -0.3209 0.7905
vn -0.1232 -0.0088 0.9923
vn -0.1902 0.2850 0.9395
vn -0.6971 -0.0662 0.7139
vn -0.8182 0.2294 0.5271
vn -0.3456 0.5038 0.7917
vn 0.1503 0.6113 0.7770
vn 0.2738 0.4964 0.8238
vn 0.6741 0.5679 0.4723
vn 0.6080 0.6121 0.5056
vn 0.3771 0.2639 0.8878
vn 0.7848 0.3321 0.5232
vn 0.9341 0.3327 0.1299
vn 0.8611 0.4784 0.1722
vn 0.8553 0.4589 0.2406
vn -0.4552 -0.7914 -0.4080
vn -0.1736 -0.9521 -0.2518
vn -0.0356 -0.8271 -0.5609
vn -0.4076 -0.6842 -0.6047
vn -0.2823 -0.5904 -0.7562
vn -0.2021 -0.5942 -0.7785
vn -0.3983 -0.5650 -0.7226
vn -0.3833 -0.5757 -0.7223
vn -0.7220 -0.5378 -0.4354
vn -0.7288 -0.5289 -0.4348
vn -0.9214 -0.3802 -0.0804
vn -0.9013 -0.4296 -0.0558
vn -0.9434 -0.2043 0.2612
vn -0.9269 -0.2346 0.2929
vn -0.7679 0.0552 0.6382
vn -0.7545 0.0517 0.6542
vn -0.4703 0.2900 0.8335
vn -0.4497 0.2625 0.8537
vn -0.0997 0.3421 0.9344
vn -0.1704 0.4117 0.8952
vn 0.2831 0.5350 0.7960
vn 0.3157 0.4417 0.8398
vn 0.7407 0.4905 0.4590
vn 0.7115 0.5645 0.4184
vn 0.9134 0.3976 0.0869
vn 0.8851 0.4618 0.0576
vn 0.8906 0.4367 0.1268
vn 0.8730 0.4814 0.0781
vn 0.6681 0.5636 0.4858
vn 0.7077 0.5753 0.4101
vn 0.9105 0.0021 0.4134
vn 0.8370 -0.1624 0.5225
vn 0.7749 0.5555 0.3015
vn 0.8582 0.3913 0.3321
vn 0.2591 -0.9625 0.0802
vn 0.5727 -0.8181 -0.0525
vn -0.0583 -0.6162 -0.7854
vn -0.0021 -0.6163 -0.7875
vn -0.4022 -0.6325 -0.6620
vn -0.4071 -0.6053 -0.6840
vn 0.2798 -0.6857 -0.6720
vn 0.4133 -0.5508 -0.7252
vn -0.7383 -0.5404 -0.4036
vn -0.7200 -0.5672 -0.3998
vn -0.8903 -0.4504 -0.0670
vn -0.9136 -0.4005 -0.0698
vn -0.9235 -0.2284 0.3082
vn -0.8974 -0.2834 0.3383
vn -0.7024 -0.0952 0.7054
vn -0.7344 -0.0100 0.6787
vn -0.3869 0.1882 0.9027
vn -0.3596 0.0640 0.9309
vn -0.0241 0.2675 0.9633
vn 0.0703 0.1843 0.9804
vn 0.3451 0.2816 0.8953
vn 0.4663 0.2234 0.8559
vn 0.7716 0.1905 0.6069
vn 0.7515 0.3053 0.5848
vn -0.6037 -0.6856 -0.4068
vn -0.2779 -0.7281 -0.6266
vn -0.0393 -0.9225 -0.3839
vn -0.3828 -0.8976 -0.2187
vn -0.6242 -0.7809 -0.0245
vn -0.8118 -0.5790 -0.0755
vn -0.8247 -0.4607 0.3280
vn -0.5745 -0.7669 0.2860
vn -0.5016 -0.6054 0.6179
vn -0.6332 -0.3186 0.7053
vn 0.9534 0.2437 0.1778
vn 0.9723 0.1216 0.1996
vn 0.9899 0.0097 -0.1416
vn 0.9850 0.1415 0.0988
vn -0.2746 -0.2350 0.9324
vn -0.1401 -0.6647 0.7338
vn 0.2643 -0.6444 0.7176
vn 0.1749 -0.1564 0.9721
vn -0.2110 -0.9484 0.2367
vn 0.2115 -0.9635 0.1641
vn 0.5555 -0.8305 0.0412
vn 0.3511 -0.8200 -0.4520
vn 0.6923 -0.5532 -0.4633
vn 0.7801 -0.6200 -0.0845
vn 0.8751 -0.3676 0.3147
vn 0.6187 -0.5425 0.5682
vn 0.5858 -0.0194 0.8102
vn 0.8448 0.0448 0.5332
vn 0.7002 -0.6599 -0.2726
vn 0.9460 -0.3172 0.0674
vn 0.9202 -0.3046 -0.2458
vn 0.7856 -0.4078 -0.4653
vn 0.5171 -0.5191 -0.6806
vn 0.1480 -0.6677 -0.7296
vn 0.9683 -0.1563 -0.1949
vn 0.9141 -0.1271 -0.3851
vn 0.9810 -0.0225 -0.1927
vn 0.9592 -0.1620 -0.2316
vn 0.8839 -0.3038 -0.3555
vn 0.8531 -0.2512 -0.4572
vn 0.7561 -0.4049 -0.5141
vn 0.8624 -0.4487 -0.2345
vn 0.9812 -0.1921 0.0207
vn 0.9836 0.0398 0.1757
vn -0.1704 -0.7946 -0.5827
vn -0.4609 -0.6684 -0.5838
vn -0.6337 -0.5764 -0.5160
vn -0.4206 -0.7534 -0.5055
vn -0.7213 -0.6121 -0.3241
vn -0.2883 -0.8220 -0.4911
vn -0.6999 -0.4589 -0.5473
vn -0.4881 -0.6132 -0.6211
vn -0.4673 -0.5226 -0.7131
vn -0.6629 -0.3696 -0.6511
vn -0.3559 -0.6907 -0.6295
vn -0.3093 -0.7455 -0.5904
vn -0.2011 -0.8213 -0.5338
vn -0.2409 -0.8005 -0.5487
vn -0.0358 -0.7477 -0.6631
vn -0.2598 -0.6410 -0.7222
vn -0.0990 -0.9160 -0.3888
vn -0.0404 -0.9131 -0.4058
vn 0.2548 -0.7936 -0.5525
vn 0.0212 -0.5219 -0.8527
vn 0.1952 -0.4842 -0.8529
vn 0.1901 -0.4772 -0.8580
vn -0.0717 -0.5249 -0.8481
vn 0.1551 -0.5341 -0.8311
vn 0.1727 -0.4885 -0.8553
vn 0.3086 -0.5406 -0.7827
vn 0.1484 -0.5099 -0.8473
vn 0.4516 -0.5279 -0.7193
vn 0.1300 -0.5322 -0.8366
vn -0.2213 -0.5261 -0.8211
vn -0.3422 -0.5227 -0.7808
vn -0.2693 -0.5175 -0.8122
vn -0.3196 -0.5177 -0.7936
vn -0.3096 -0.4965 -0.8110
vn -0.3098 -0.4921 -0.8136
vn -0.3279 -0.4642 -0.8228
vn -0.3107 -0.4491 -0.8377
vn -0.3204 -0.4299 -0.8441
vn -0.3213 -0.4107 -0.8533
vn -0.4540 -0.4877 -0.7457
vn -0.5445 -0.4476 -0.7094
vn -0.3997 -0.4725 -0.7855
vn -0.5011 -0.4272 -0.7526
vn -0.3715 -0.4607 -0.8061
vn -0.4823 -0.4316 -0.7623
vn -0.3755 -0.4393 -0.8161
vn -0.4808 -0.4308 -0.7637
vn -0.3998 -0.4180 -0.8157
vn -0.4923 -0.4242 -0.7601
vn -0.3823 -0.3574 -0.8521
vn -0.4193 -0.3644 -0.8315
vn -0.3951 -0.4212 -0.8164
vn -0.3622 -0.4204 -0.8319
vn -0.3231 -0.4238 -0.8461
vn -0.3346 -0.3568 -0.8722
vn -0.3832 -0.4191 -0.8231
vn -0.4553 -0.4350 -0.7768
vn -0.4596 -0.3515 -0.8156
vn -0.4050 -0.3316 -0.8520
vn -0.3373 -0.3133 -0.8877
vn -0.2977 -0.3925 -0.8702
vn -0.4011 -0.3208 -0.8580
vn -0.4423 -0.3335 -0.8326
vn -0.3448 -0.3106 -0.8858
vn -0.5011 -0.3727 -0.7811
vn -0.5018 -0.4363 -0.7469
vn -0.5295 -0.4291 -0.7318
vn -0.5329 -0.3872 -0.7524
vn -0.1669 -0.3568 -0.9192
vn -0.2466 -0.2956 -0.9229
vn -0.0918 -0.2728 -0.9577
vn 0.0724 -0.2937 -0.9531
vn 0.3756 -0.1961 -0.9058
vn 0.1920 -0.2180 -0.9569
vn 0.4835 -0.1281 -0.8659
vn 0.5800 -0.1060 -0.8077
vn -0.1565 -0.3019 -0.9404
vn -0.2729 -0.3064 -0.9120
vn -0.2766 -0.3616 -0.8904
vn -0.1793 -0.3637 -0.9141
vn -0.2752 -0.4321 -0.8588
vn -0.1956 -0.4407 -0.8761
vn 0.6368 -0.0667 -0.7681
vn 0.8353 0.0748 -0.5447
vn 0.8422 0.0769 -0.5336
vn 0.6951 -0.0352 -0.7180
vn 0.4019 -0.1627 -0.9011
vn 0.0871 -0.2628 -0.9609
vn 0.0437 -0.3209 -0.9461
vn 0.3645 -0.1753 -0.9146
vn 0.0335 -0.3867 -0.9216
vn 0.3893 -0.1849 -0.9024
vn 0.5923 -0.0621 -0.8033
vn 0.8042 0.1258 -0.5809
vn 0.5778 -0.0144 -0.8161
vn 0.7664 0.1754 -0.6179
vn 0.5997 0.0241 -0.7999
vn 0.7546 0.1915 -0.6276
vn 0.8828 0.4235 0.2034
vn 0.2034 0.4657 0.8612
vn 0.8787 0.3839 0.2839
vn 0.2651 0.3601 0.8944
vn 0.8884 0.4146 0.1971
vn 0.3929 0.3615 0.8456
vn 0.9044 0.4256 0.0296
vn 0.5548 0.3977 0.7308
vn 0.9182 0.3718 -0.1368
vn 0.7054 0.4113 0.5773
vn 0.3690 0.2520 0.8946
vn 0.5264 0.2663 0.8075
vn 0.5356 0.3306 0.7771
vn 0.3675 0.3345 0.8678
vn 0.1771 0.3478 0.9207
vn 0.2223 0.2467 0.9433
vn 0.0048 0.3657 0.9307
vn 0.1017 0.2686 0.9579
vn 0.1833 0.2485 0.9511
vn 0.2385 0.2348 0.9423
vn 0.2519 0.2857 0.9246
vn 0.2346 0.2795 0.9310
vn 0.3085 0.3546 0.8827
vn 0.2177 0.3674 0.9042
vn 0.6518 0.3461 0.6748
vn 0.6359 0.2855 0.7170
vn 0.6678 0.3302 0.6671
vn 0.6932 0.3754 0.6153
vn 0.3602 0.2657 0.8942
vn 0.5154 0.3001 0.8027
vn 0.3464 0.3415 0.8737
vn 0.5014 0.3800 0.7773
vn 0.3315 0.4399 0.8346
vn 0.5167 0.4164 0.7481
vn 0.6428 0.3474 0.6827
vn 0.6133 0.3195 0.7223
vn 0.6090 0.3601 0.7067
vn 0.6395 0.3422 0.6884
vn 0.6510 0.3297 0.6837
vn 0.6592 0.2379 0.7133
vn 0.5482 0.4608 0.6980
vn 0.6535 0.4206 0.6293
vn 0.6187 0.3792 0.6881
vn 0.5292 0.4054 0.7454
vn 0.5744 0.3254 0.7511
vn 0.6209 0.3507 0.7011
vn 0.6530 0.3296 0.6819
vn 0.6297 0.2636 0.7308
vn 0.4244 0.4888 0.7622
vn 0.4222 0.4093 0.8089
vn 0.3790 0.4228 0.8232
vn 0.3838 0.5202 0.7630
vn 0.6996 0.2638 0.6641
vn 0.7066 0.1722 0.6864
vn 0.5550 0.4777 0.6810
vn 0.1218 0.5821 0.8039
vn 0.6870 0.4015 0.6056
vn 0.4721 0.5349 0.7007
vn 0.6847 0.4260 0.5913
vn 0.0329 0.5824 0.8122
vn 0.2593 0.3579 0.8970
vn 0.2546 0.5575 0.7902
vn 0.2391 0.5498 0.8003
vn 0.3962 0.4705 0.7885
vn 0.3190 0.3664 0.8741
vn 0.4862 0.4324 0.7594
vn 0.2918 0.5438 0.7868
vn -0.0248 0.5755 0.8174
vn -0.0139 0.6033 0.7974
vn 0.3650 0.5670 0.7384
vn 0.5731 0.4198 0.7038
vn 0.4079 0.0206 0.9128
vn 0.5189 0.2509 0.8172
vn 0.3962 0.0490 0.9169
vn 0.4275 0.5524 0.7156
vn -0.0010 0.5513 0.8343
vn 0.6416 0.4200 0.6419
vn -0.4524 0.4992 0.7390
vn -0.4396 0.5110 0.7387
vn -0.4398 0.4890 0.7533
vn -0.3667 0.3351 0.8679
vn -0.3543 0.2967 0.8868
vn -0.3646 0.5033 0.7834
vn -0.3438 0.4820 0.8059
vn -0.3310 0.3948 0.8571
vn -0.3097 0.4871 0.8166
vn -0.3223 0.4251 0.8458
vn -0.1453 0.5617 0.8145
vn -0.6673 0.4053 0.6248
vn -0.1713 0.4995 0.8492
vn -0.7326 0.2971 0.6124
vn -0.7120 0.2678 0.6492
vn -0.2275 0.4324 0.8725
vn -0.2643 0.4479 0.8541
vn -0.6588 0.2637 0.7046
vn -0.9926 -0.1009 -0.0678
vn -0.9868 -0.1612 -0.0136
vn -0.8280 -0.3993 -0.3936
vn -0.8314 -0.3530 -0.4292
vn -0.2542 0.4595 0.8510
vn -0.6022 0.2676 0.7521
vn -0.0173 -0.8741 -0.4854
vn -0.3014 -0.7971 -0.5233
vn -0.1648 -0.9640 -0.2087
vn 0.0275 -0.8401 -0.5418
vn -0.2266 -0.7962 -0.5611
vn -0.0117 -0.8107 -0.5853
vn -0.1970 -0.8051 -0.5594
vn -0.9365 -0.0825 0.3409
vn -0.9225 -0.3742 -0.0944
vn -0.9137 -0.3468 -0.2121
vn -0.9718 -0.0803 0.2216
vn -0.7854 -0.0636 0.6157
vn -0.7941 -0.5558 0.2462
vn -0.9286 -0.2311 -0.2902
vn -0.8736 -0.3539 -0.3341
vn -0.9879 -0.1449 -0.0549
vn -0.9979 -0.0632 -0.0133
vn -0.9865 -0.1298 0.0994
vn -0.8607 -0.4007 -0.3140
vn -0.7123 -0.6783 0.1801
vn -0.9523 -0.2807 -0.1201
vn -0.5663 -0.8241 0.0148
vn -0.9073 -0.3504 -0.2324
vn -0.9594 -0.2649 -0.0967
vn -0.8422 -0.4245 -0.3324
vn -0.8424 -0.4358 -0.3169
vn -0.9419 -0.3182 -0.1071
vn -0.8243 -0.5092 -0.2474
vn -0.5898 -0.7892 -0.1714
vn -0.1111 -0.8072 0.5797
vn -0.9273 -0.3585 -0.1079
vn -0.8416 -0.4939 -0.2187
vn -0.5272 -0.8348 0.1584
vn -0.2220 -0.9442 0.2431
vn -0.8135 -0.4523 -0.3655
vn -0.9323 -0.2832 -0.2248
vn -0.8065 -0.4665 -0.3632
vn -0.9638 -0.2306 -0.1340
vn -0.9893 -0.1252 0.0749
vn -0.9948 -0.0547 0.0855
vn -0.9937 -0.0319 0.1076
vn -0.9982 -0.0002 0.0592
vn -0.9800 -0.1867 0.0695
vn -0.9871 -0.1414 0.0747
vn -0.9716 -0.2272 0.0662
vn -0.9806 -0.1879 0.0560
vn -0.9964 -0.0849 0.0027
vn -0.8487 -0.5065 -0.1523
vn -0.8050 -0.4849 -0.3417
vn -0.9912 -0.1194 -0.0571
vn -0.9949 -0.0664 0.0757
vn -0.9875 -0.1577 -0.0022
vn -0.9731 -0.2232 -0.0571
vn -0.5772 -0.4211 -0.6997
vn -0.5760 -0.4266 -0.6973
vn -0.5611 -0.4065 -0.7211
vn -0.5766 -0.3987 -0.7131
vn -0.5473 -0.4113 -0.7289
vn -0.5570 -0.3973 -0.7293
vn -0.5314 -0.4172 -0.7373
vn -0.5395 -0.4075 -0.7368
vn -0.5615 -0.3940 -0.7277
vn -0.5567 -0.4230 -0.7149
vn -0.4278 -0.4489 -0.7846
vn -0.4031 -0.4787 -0.7800
vn -0.4774 -0.4371 -0.7623
vn -0.4277 -0.6122 -0.6650
vn -0.5234 -0.4224 -0.7400
vn -0.4643 -0.6078 -0.6442
vn -0.5247 -0.4241 -0.7382
vn -0.5268 -0.4237 -0.7369
vn -0.4286 -0.4251 -0.7973
vn -0.4688 -0.4277 -0.7728
vn -0.4530 -0.3776 -0.8076
vn -0.4888 -0.3914 -0.7797
vn -0.5065 -0.4262 -0.7495
vn -0.5209 -0.4001 -0.7540
vn 0.5752 0.4825 0.6605
vn 0.6290 0.4410 0.6402
vn 0.4700 0.5349 0.7021
vn 0.5041 0.4816 0.7169
vn -0.4770 -0.3529 -0.8049
vn -0.5105 -0.3724 -0.7751
vn -0.5401 -0.3861 -0.7478
vn 0.4316 0.5408 0.7220
vn 0.4318 0.4606 0.7755
vn 0.5150 0.3789 0.7689
vn 0.4939 0.3167 0.8098
vn 0.6269 0.3018 0.7183
vn 0.6422 0.3550 0.6794
vn 0.3488 -0.2944 0.8898
vn 0.5108 0.1884 0.8388
vn 0.5356 -0.3925 0.7478
vn 0.4568 -0.0146 0.8895
vn 0.5049 -0.4148 0.7569
vn 0.4345 0.1197 0.8927
vn 0.6815 -0.0213 0.7315
vn 0.5960 0.2819 0.7519
vn 0.4471 0.2335 0.8635
vn 0.4606 0.3463 0.8173
vn 0.2663 0.1605 0.9504
vn 0.3376 0.2372 0.9109
vn 0.4261 0.1973 0.8829
vn 0.5469 0.2178 0.8084
vn 0.4985 0.2238 0.8375
vn 0.3966 0.3195 0.8606
vn 0.4016 0.2819 0.8713
vn 0.4876 0.2969 0.8210
vn 0.9976 -0.0188 0.0666
# 3521 vertex normals

vt 0.0000 0.0000 0.0000
# 1 texture coords

o Ala_Izquierda
g Ala_Izquierda
usemtl _17174_Tiamat_v1default
s 1
f 1/1/1 2/1/2 3/1/3 
f 3/1/3 4/1/4 1/1/1 
f 4/1/4 5/1/5 6/1/6 
f 6/1/6 1/1/1 4/1/4 
f 1/1/1 6/1/6 7/1/7 
f 7/1/7 8/1/8 1/1/1 
f 8/1/8 9/1/9 2/1/2 
f 2/1/2 1/1/1 8/1/8 
f 10/1/10 11/1/11 12/1/12 
f 12/1/12 13/1/13 10/1/10 
f 13/1/13 7/1/7 6/1/6 
f 6/1/6 10/1/10 13/1/13 
f 10/1/10 6/1/6 5/1/5 
f 5/1/5 14/1/14 10/1/10 
f 14/1/14 15/1/15 11/1/11 
f 11/1/11 10/1/10 14/1/14 
f 16/1/16 17/1/17 18/1/18 
f 18/1/18 19/1/19 16/1/16 
f 16/1/16 19/1/19 20/1/20 
f 16/1/16 21/1/21 15/1/15 
f 15/1/15 14/1/14 16/1/16 
f 14/1/14 5/1/5 17/1/17 
f 17/1/17 16/1/16 14/1/14 
f 22/1/22 23/1/23 24/1/24 
f 24/1/24 25/1/25 22/1/22 
f 25/1/25 24/1/24 18/1/18 
f 18/1/18 17/1/17 25/1/25 
f 25/1/25 17/1/17 5/1/5 
f 5/1/5 4/1/4 25/1/25 
f 4/1/4 3/1/3 22/1/22 
f 22/1/22 25/1/25 4/1/4 
f 26/1/26 27/1/27 28/1/28 
f 28/1/28 29/1/29 26/1/26 
f 29/1/29 30/1/30 31/1/31 
f 31/1/31 26/1/26 29/1/29 
f 26/1/26 31/1/31 32/1/32 
f 32/1/32 33/1/33 26/1/26 
f 33/1/33 34/1/34 27/1/27 
f 27/1/27 26/1/26 33/1/33 
f 35/1/35 24/1/24 23/1/23 
f 23/1/23 36/1/36 35/1/35 
f 36/1/36 32/1/32 31/1/31 
f 31/1/31 35/1/35 36/1/36 
f 35/1/35 31/1/31 30/1/30 
f 30/1/30 37/1/37 35/1/35 
f 37/1/37 18/1/18 24/1/24 
f 24/1/24 35/1/35 37/1/37 
f 38/1/38 39/1/39 40/1/40 
f 40/1/40 41/1/41 38/1/38 
f 41/1/41 42/1/42 43/1/43 
f 44/1/44 45/1/45 46/1/46 
f 46/1/46 47/1/47 44/1/44 
f 47/1/47 46/1/46 48/1/48 
f 48/1/48 49/1/49 47/1/47 
f 50/1/50 51/1/51 52/1/52 
f 52/1/52 53/1/53 50/1/50 
f 52/1/52 40/1/40 39/1/39 
f 39/1/39 53/1/53 52/1/52 
f 43/1/43 42/1/42 54/1/54 
f 54/1/54 55/1/55 43/1/43 
f 56/1/56 57/1/57 58/1/58 
f 58/1/58 59/1/59 56/1/56 
f 59/1/59 60/1/60 61/1/61 
f 61/1/61 56/1/56 59/1/59 
f 56/1/56 61/1/61 62/1/62 
f 62/1/62 63/1/63 56/1/56 
f 63/1/63 64/1/64 57/1/57 
f 57/1/57 56/1/56 63/1/63 
f 65/1/65 66/1/66 67/1/67 
f 67/1/67 68/1/68 65/1/65 
f 68/1/68 69/1/69 70/1/70 
f 70/1/70 65/1/65 68/1/68 
f 71/1/71 65/1/65 70/1/70 
f 70/1/70 64/1/64 71/1/71 
f 66/1/66 65/1/65 71/1/71 
f 71/1/71 72/1/72 66/1/66 
f 73/1/73 74/1/74 75/1/75 
f 75/1/75 76/1/76 73/1/73 
f 76/1/76 72/1/72 71/1/71 
f 71/1/71 73/1/73 76/1/76 
f 73/1/73 71/1/71 64/1/64 
f 64/1/64 63/1/63 73/1/73 
f 63/1/63 62/1/62 74/1/74 
f 74/1/74 73/1/73 63/1/63 
f 77/1/77 78/1/78 79/1/79 
f 79/1/79 80/1/80 77/1/77 
f 80/1/80 62/1/62 61/1/61 
f 61/1/61 77/1/77 80/1/80 
f 77/1/77 61/1/61 60/1/60 
f 60/1/60 81/1/81 77/1/77 
f 81/1/81 82/1/82 78/1/78 
f 78/1/78 77/1/77 81/1/81 
f 83/1/83 84/1/84 85/1/85 
f 85/1/85 86/1/86 83/1/83 
f 86/1/86 87/1/87 88/1/88 
f 88/1/88 83/1/83 86/1/86 
f 83/1/83 88/1/88 89/1/89 
f 89/1/89 90/1/90 83/1/83 
f 90/1/90 91/1/91 84/1/84 
f 84/1/84 83/1/83 90/1/90 
f 92/1/92 21/1/21 20/1/20 
f 20/1/20 93/1/93 92/1/92 
f 93/1/93 94/1/94 95/1/95 
f 95/1/95 92/1/92 93/1/93 
f 92/1/92 95/1/95 96/1/96 
f 96/1/96 97/1/97 92/1/92 
f 97/1/97 15/1/15 21/1/21 
f 21/1/21 92/1/92 97/1/97 
f 98/1/98 99/1/99 100/1/100 
f 100/1/100 101/1/101 98/1/98 
f 101/1/101 102/1/102 103/1/103 
f 98/1/98 103/1/103 96/1/96 
f 96/1/96 95/1/95 98/1/98 
f 95/1/95 94/1/94 99/1/99 
f 99/1/99 98/1/98 95/1/95 
f 104/1/104 105/1/105 97/1/97 
f 97/1/97 96/1/96 104/1/104 
f 104/1/104 106/1/106 107/1/107 
f 107/1/107 105/1/105 104/1/104 
f 105/1/105 107/1/107 12/1/12 
f 12/1/12 11/1/11 105/1/105 
f 11/1/11 15/1/15 97/1/97 
f 97/1/97 105/1/105 11/1/11 
f 108/1/108 103/1/103 102/1/102 
f 109/1/109 110/1/110 111/1/111 
f 111/1/111 108/1/108 109/1/109 
f 108/1/108 111/1/111 106/1/106 
f 106/1/106 104/1/104 108/1/108 
f 103/1/103 108/1/108 104/1/104 
f 104/1/104 96/1/96 103/1/103 
f 112/1/112 19/1/19 18/1/18 
f 18/1/18 37/1/37 112/1/112 
f 37/1/37 30/1/30 113/1/113 
f 113/1/113 112/1/112 37/1/37 
f 112/1/112 113/1/113 114/1/114 
f 114/1/114 115/1/115 112/1/112 
f 115/1/115 20/1/20 19/1/19 
f 116/1/116 93/1/93 20/1/20 
f 20/1/20 115/1/115 116/1/116 
f 115/1/115 114/1/114 117/1/117 
f 117/1/117 116/1/116 115/1/115 
f 116/1/116 117/1/117 118/1/118 
f 118/1/118 119/1/119 116/1/116 
f 119/1/119 94/1/94 93/1/93 
f 93/1/93 116/1/116 119/1/119 
f 120/1/120 99/1/99 94/1/94 
f 119/1/119 118/1/118 121/1/121 
f 121/1/121 120/1/120 119/1/119 
f 120/1/120 121/1/121 122/1/122 
f 122/1/122 123/1/123 120/1/120 
f 123/1/123 100/1/100 99/1/99 
f 124/1/124 113/1/113 30/1/30 
f 30/1/30 29/1/29 124/1/124 
f 29/1/29 28/1/28 125/1/125 
f 125/1/125 124/1/124 29/1/29 
f 124/1/124 125/1/125 126/1/126 
f 126/1/126 127/1/127 124/1/124 
f 127/1/127 114/1/114 113/1/113 
f 113/1/113 124/1/124 127/1/127 
f 128/1/128 129/1/129 130/1/130 
f 130/1/130 131/1/131 128/1/128 
f 131/1/131 132/1/132 133/1/133 
f 133/1/133 128/1/128 131/1/131 
f 128/1/128 133/1/133 134/1/134 
f 134/1/134 135/1/135 128/1/128 
f 135/1/135 136/1/136 129/1/129 
f 129/1/129 128/1/128 135/1/135 
f 137/1/137 138/1/138 139/1/139 
f 139/1/139 134/1/134 133/1/133 
f 133/1/133 140/1/140 139/1/139 
f 141/1/141 140/1/140 133/1/133 
f 133/1/133 132/1/132 141/1/141 
f 140/1/140 141/1/141 142/1/142 
f 142/1/142 137/1/137 140/1/140 
f 143/1/143 144/1/144 145/1/145 
f 146/1/146 147/1/147 148/1/148 
f 148/1/148 143/1/143 146/1/146 
f 143/1/143 148/1/148 149/1/149 
f 149/1/149 150/1/150 143/1/143 
f 150/1/150 130/1/130 144/1/144 
f 144/1/144 143/1/143 150/1/150 
f 76/1/76 75/1/75 151/1/151 
f 151/1/151 152/1/152 76/1/76 
f 151/1/151 153/1/153 154/1/154 
f 152/1/152 154/1/154 155/1/155 
f 156/1/156 72/1/72 76/1/76 
f 76/1/76 152/1/152 156/1/156 
f 157/1/157 158/1/158 159/1/159 
f 159/1/159 160/1/160 157/1/157 
f 160/1/160 161/1/161 162/1/162 
f 162/1/162 157/1/157 160/1/160 
f 162/1/162 163/1/163 164/1/164 
f 164/1/164 157/1/157 162/1/162 
f 157/1/157 164/1/164 165/1/165 
f 165/1/165 158/1/158 157/1/157 
f 166/1/166 162/1/162 161/1/161 
f 161/1/161 167/1/167 166/1/166 
f 167/1/167 168/1/168 169/1/169 
f 169/1/169 166/1/166 167/1/167 
f 166/1/166 169/1/169 170/1/170 
f 170/1/170 171/1/171 166/1/166 
f 171/1/171 163/1/163 162/1/162 
f 162/1/162 166/1/166 171/1/171 
f 172/1/172 173/1/173 174/1/174 
f 174/1/174 175/1/175 172/1/172 
f 175/1/175 176/1/176 177/1/177 
f 177/1/177 172/1/172 175/1/175 
f 172/1/172 177/1/177 178/1/178 
f 178/1/178 179/1/179 172/1/172 
f 179/1/179 180/1/180 173/1/173 
f 173/1/173 172/1/172 179/1/179 
f 181/1/181 182/1/182 183/1/183 
f 183/1/183 184/1/184 181/1/181 
f 184/1/184 174/1/174 173/1/173 
f 173/1/173 181/1/181 184/1/184 
f 181/1/181 173/1/173 180/1/180 
f 180/1/180 185/1/185 181/1/181 
f 185/1/185 186/1/186 182/1/182 
f 182/1/182 181/1/181 185/1/185 
f 187/1/187 188/1/188 189/1/189 
f 189/1/189 190/1/190 187/1/187 
f 188/1/188 187/1/187 191/1/191 
f 191/1/191 192/1/192 188/1/188 
f 192/1/192 183/1/183 182/1/182 
f 182/1/182 188/1/188 192/1/192 
f 189/1/189 188/1/188 182/1/182 
f 182/1/182 186/1/186 189/1/189 
f 193/1/193 154/1/154 153/1/153 
f 153/1/153 194/1/194 193/1/193 
f 194/1/194 195/1/195 196/1/196 
f 196/1/196 193/1/193 194/1/194 
f 193/1/193 196/1/196 197/1/197 
f 197/1/197 198/1/198 193/1/193 
f 198/1/198 155/1/155 154/1/154 
f 199/1/199 200/1/200 201/1/201 
f 201/1/201 202/1/202 199/1/199 
f 202/1/202 197/1/197 196/1/196 
f 196/1/196 199/1/199 202/1/202 
f 199/1/199 196/1/196 195/1/195 
f 195/1/195 203/1/203 199/1/199 
f 203/1/203 204/1/204 200/1/200 
f 200/1/200 199/1/199 203/1/203 
f 205/1/205 206/1/206 207/1/207 
f 207/1/207 208/1/208 205/1/205 
f 208/1/208 209/1/209 210/1/210 
f 210/1/210 205/1/205 208/1/208 
f 205/1/205 210/1/210 87/1/87 
f 87/1/87 86/1/86 205/1/205 
f 86/1/86 85/1/85 206/1/206 
f 206/1/206 205/1/205 86/1/86 
f 211/1/211 210/1/210 209/1/209 
f 209/1/209 212/1/212 211/1/211 
f 212/1/212 213/1/213 214/1/214 
f 214/1/214 211/1/211 212/1/212 
f 211/1/211 214/1/214 215/1/215 
f 215/1/215 216/1/216 211/1/211 
f 216/1/216 87/1/87 210/1/210 
f 210/1/210 211/1/211 216/1/216 
f 217/1/217 214/1/214 213/1/213 
f 213/1/213 218/1/218 217/1/217 
f 218/1/218 219/1/219 220/1/220 
f 220/1/220 217/1/217 218/1/218 
f 217/1/217 220/1/220 221/1/221 
f 221/1/221 222/1/222 217/1/217 
f 222/1/222 215/1/215 214/1/214 
f 214/1/214 217/1/217 222/1/222 
f 223/1/223 220/1/220 219/1/219 
f 219/1/219 224/1/224 223/1/223 
f 224/1/224 225/1/225 226/1/226 
f 226/1/226 223/1/223 224/1/224 
f 223/1/223 226/1/226 227/1/227 
f 227/1/227 228/1/228 223/1/223 
f 228/1/228 221/1/221 220/1/220 
f 220/1/220 223/1/223 228/1/228 
f 229/1/229 230/1/230 231/1/231 
f 232/1/232 233/1/233 229/1/229 
f 233/1/233 234/1/234 235/1/235 
f 235/1/235 229/1/229 233/1/233 
f 235/1/235 236/1/236 230/1/230 
f 237/1/237 238/1/238 239/1/239 
f 239/1/239 240/1/240 237/1/237 
f 240/1/240 241/1/241 242/1/242 
f 242/1/242 237/1/237 240/1/240 
f 237/1/237 242/1/242 243/1/243 
f 243/1/243 244/1/244 237/1/237 
f 244/1/244 245/1/245 238/1/238 
f 238/1/238 237/1/237 244/1/244 
f 246/1/246 247/1/247 248/1/248 
f 248/1/248 249/1/249 246/1/246 
f 249/1/249 250/1/250 251/1/251 
f 251/1/251 246/1/246 249/1/249 
f 246/1/246 251/1/251 252/1/252 
f 252/1/252 253/1/253 246/1/246 
f 253/1/253 254/1/254 247/1/247 
f 247/1/247 246/1/246 253/1/253 
f 255/1/255 256/1/256 257/1/257 
f 257/1/257 258/1/258 255/1/255 
f 258/1/258 259/1/259 260/1/260 
f 260/1/260 255/1/255 258/1/258 
f 255/1/255 260/1/260 261/1/261 
f 261/1/261 262/1/262 255/1/255 
f 262/1/262 263/1/263 256/1/256 
f 256/1/256 255/1/255 262/1/262 
f 264/1/264 265/1/265 266/1/266 
f 266/1/266 267/1/267 264/1/264 
f 267/1/267 268/1/268 269/1/269 
f 269/1/269 264/1/264 267/1/267 
f 264/1/264 269/1/269 250/1/250 
f 250/1/250 249/1/249 264/1/264 
f 249/1/249 248/1/248 265/1/265 
f 265/1/265 264/1/264 249/1/249 
f 270/1/270 271/1/271 272/1/272 
f 272/1/272 273/1/273 270/1/270 
f 273/1/273 274/1/274 275/1/275 
f 275/1/275 270/1/270 273/1/273 
f 275/1/275 276/1/276 277/1/277 
f 277/1/277 270/1/270 275/1/275 
f 277/1/277 142/1/142 271/1/271 
f 271/1/271 270/1/270 277/1/277 
f 278/1/278 169/1/169 168/1/168 
f 168/1/168 279/1/279 278/1/278 
f 279/1/279 280/1/280 281/1/281 
f 281/1/281 278/1/278 279/1/279 
f 281/1/281 282/1/282 283/1/283 
f 283/1/283 278/1/278 281/1/281 
f 283/1/283 170/1/170 169/1/169 
f 169/1/169 278/1/278 283/1/283 
f 284/1/284 285/1/285 286/1/286 
f 286/1/286 287/1/287 284/1/284 
f 287/1/287 288/1/288 289/1/289 
f 289/1/289 284/1/284 287/1/287 
f 284/1/284 289/1/289 201/1/201 
f 200/1/200 204/1/204 285/1/285 
f 290/1/290 291/1/291 292/1/292 
f 292/1/292 293/1/293 290/1/290 
f 293/1/293 248/1/248 247/1/247 
f 247/1/247 290/1/290 293/1/293 
f 290/1/290 247/1/247 254/1/254 
f 254/1/254 294/1/294 290/1/290 
f 294/1/294 295/1/295 291/1/291 
f 291/1/291 290/1/290 294/1/294 
f 296/1/296 297/1/297 298/1/298 
f 298/1/298 299/1/299 296/1/296 
f 299/1/299 300/1/300 301/1/301 
f 301/1/301 296/1/296 299/1/299 
f 296/1/296 301/1/301 110/1/110 
f 110/1/110 109/1/109 296/1/296 
f 109/1/109 102/1/102 297/1/297 
f 297/1/297 296/1/296 109/1/109 
f 302/1/302 303/1/303 209/1/209 
f 209/1/209 208/1/208 302/1/302 
f 208/1/208 207/1/207 304/1/304 
f 304/1/304 302/1/302 208/1/208 
f 302/1/302 304/1/304 300/1/300 
f 300/1/300 299/1/299 302/1/302 
f 299/1/299 298/1/298 303/1/303 
f 303/1/303 302/1/302 299/1/299 
f 305/1/305 306/1/306 307/1/307 
f 307/1/307 308/1/308 305/1/305 
f 308/1/308 298/1/298 297/1/297 
f 297/1/297 305/1/305 308/1/308 
f 305/1/305 297/1/297 102/1/102 
f 102/1/102 101/1/101 305/1/305 
f 101/1/101 100/1/100 306/1/306 
f 306/1/306 305/1/305 101/1/101 
f 309/1/309 310/1/310 213/1/213 
f 213/1/213 212/1/212 309/1/309 
f 212/1/212 209/1/209 303/1/303 
f 303/1/303 309/1/309 212/1/212 
f 309/1/309 303/1/303 298/1/298 
f 298/1/298 308/1/308 309/1/309 
f 308/1/308 307/1/307 310/1/310 
f 310/1/310 309/1/309 308/1/308 
f 311/1/311 312/1/312 313/1/313 
f 314/1/314 307/1/307 306/1/306 
f 306/1/306 311/1/311 314/1/314 
f 311/1/311 306/1/306 100/1/100 
f 100/1/100 123/1/123 311/1/311 
f 123/1/123 122/1/122 312/1/312 
f 312/1/312 311/1/311 123/1/123 
f 315/1/315 316/1/316 219/1/219 
f 219/1/219 218/1/218 315/1/315 
f 218/1/218 213/1/213 310/1/310 
f 310/1/310 315/1/315 218/1/218 
f 315/1/315 310/1/310 307/1/307 
f 307/1/307 314/1/314 315/1/315 
f 314/1/314 313/1/313 316/1/316 
f 316/1/316 315/1/315 314/1/314 
f 317/1/317 318/1/318 319/1/319 
f 319/1/319 320/1/320 317/1/317 
f 320/1/320 313/1/313 312/1/312 
f 312/1/312 317/1/317 320/1/320 
f 317/1/317 312/1/312 122/1/122 
f 122/1/122 321/1/321 317/1/317 
f 321/1/321 322/1/322 318/1/318 
f 318/1/318 317/1/317 321/1/321 
f 323/1/323 324/1/324 225/1/225 
f 225/1/225 224/1/224 323/1/323 
f 224/1/224 219/1/219 316/1/316 
f 316/1/316 323/1/323 224/1/224 
f 323/1/323 316/1/316 313/1/313 
f 313/1/313 320/1/320 323/1/323 
f 320/1/320 319/1/319 324/1/324 
f 324/1/324 323/1/323 320/1/320 
f 325/1/325 326/1/326 327/1/327 
f 327/1/327 328/1/328 325/1/325 
f 328/1/328 329/1/329 330/1/330 
f 330/1/330 325/1/325 328/1/328 
f 325/1/325 330/1/330 276/1/276 
f 276/1/276 275/1/275 325/1/325 
f 275/1/275 274/1/274 326/1/326 
f 326/1/326 325/1/325 275/1/275 
f 331/1/331 332/1/332 234/1/234 
f 234/1/234 233/1/233 331/1/331 
f 233/1/233 232/1/232 333/1/333 
f 331/1/331 333/1/333 329/1/329 
f 329/1/329 328/1/328 331/1/331 
f 328/1/328 327/1/327 332/1/332 
f 332/1/332 331/1/331 328/1/328 
f 334/1/334 187/1/187 190/1/190 
f 190/1/190 335/1/335 334/1/334 
f 335/1/335 336/1/336 337/1/337 
f 337/1/337 334/1/334 335/1/335 
f 334/1/334 337/1/337 338/1/338 
f 338/1/338 339/1/339 334/1/334 
f 339/1/339 191/1/191 187/1/187 
f 187/1/187 334/1/334 339/1/339 
f 240/1/240 239/1/239 340/1/340 
f 340/1/340 341/1/341 240/1/240 
f 340/1/340 338/1/338 337/1/337 
f 337/1/337 341/1/341 340/1/340 
f 341/1/341 337/1/337 336/1/336 
f 336/1/336 342/1/342 341/1/341 
f 342/1/342 241/1/241 240/1/240 
f 240/1/240 341/1/341 342/1/342 
f 343/1/343 287/1/287 286/1/286 
f 344/1/344 292/1/292 291/1/291 
f 291/1/291 343/1/343 344/1/344 
f 343/1/343 291/1/291 295/1/295 
f 295/1/295 345/1/345 343/1/343 
f 345/1/345 288/1/288 287/1/287 
f 287/1/287 343/1/343 345/1/345 
f 346/1/346 265/1/265 248/1/248 
f 248/1/248 293/1/293 346/1/346 
f 293/1/293 292/1/292 347/1/347 
f 347/1/347 346/1/346 293/1/293 
f 346/1/346 347/1/347 348/1/348 
f 348/1/348 349/1/349 346/1/346 
f 349/1/349 266/1/266 265/1/265 
f 265/1/265 346/1/346 349/1/349 
f 350/1/350 351/1/351 352/1/352 
f 352/1/352 353/1/353 350/1/350 
f 353/1/353 354/1/354 355/1/355 
f 355/1/355 350/1/350 353/1/353 
f 350/1/350 355/1/355 356/1/356 
f 356/1/356 357/1/357 350/1/350 
f 357/1/357 358/1/358 351/1/351 
f 351/1/351 350/1/350 357/1/357 
f 359/1/359 360/1/360 361/1/361 
f 361/1/361 362/1/362 359/1/359 
f 362/1/362 363/1/363 364/1/364 
f 364/1/364 359/1/359 362/1/362 
f 359/1/359 364/1/364 365/1/365 
f 365/1/365 366/1/366 359/1/359 
f 366/1/366 367/1/367 360/1/360 
f 360/1/360 359/1/359 366/1/366 
f 368/1/368 369/1/369 370/1/370 
f 370/1/370 371/1/371 368/1/368 
f 371/1/371 372/1/372 373/1/373 
f 373/1/373 368/1/368 371/1/371 
f 368/1/368 373/1/373 363/1/363 
f 363/1/363 362/1/362 368/1/368 
f 362/1/362 361/1/361 369/1/369 
f 369/1/369 368/1/368 362/1/362 
f 374/1/374 351/1/351 358/1/358 
f 358/1/358 375/1/375 374/1/374 
f 375/1/375 376/1/376 377/1/377 
f 377/1/377 374/1/374 375/1/375 
f 374/1/374 377/1/377 378/1/378 
f 378/1/378 379/1/379 374/1/374 
f 379/1/379 352/1/352 351/1/351 
f 351/1/351 374/1/374 379/1/379 
f 380/1/380 381/1/381 358/1/358 
f 358/1/358 357/1/357 380/1/380 
f 357/1/357 356/1/356 382/1/382 
f 382/1/382 380/1/380 357/1/357 
f 380/1/380 382/1/382 383/1/383 
f 383/1/383 384/1/384 380/1/380 
f 384/1/384 385/1/385 381/1/381 
f 386/1/386 387/1/387 365/1/365 
f 388/1/388 389/1/389 390/1/390 
f 390/1/390 386/1/386 388/1/388 
f 382/1/382 386/1/386 390/1/390 
f 390/1/390 383/1/383 382/1/382 
f 382/1/382 356/1/356 387/1/387 
f 387/1/387 386/1/386 382/1/382 
f 391/1/391 364/1/364 363/1/363 
f 363/1/363 392/1/392 391/1/391 
f 392/1/392 393/1/393 394/1/394 
f 394/1/394 391/1/391 392/1/392 
f 391/1/391 394/1/394 389/1/389 
f 389/1/389 388/1/388 391/1/391 
f 388/1/388 365/1/365 364/1/364 
f 364/1/364 391/1/391 388/1/388 
f 395/1/395 373/1/373 372/1/372 
f 372/1/372 396/1/396 395/1/395 
f 396/1/396 397/1/397 398/1/398 
f 398/1/398 395/1/395 396/1/396 
f 395/1/395 398/1/398 393/1/393 
f 393/1/393 392/1/392 395/1/395 
f 392/1/392 363/1/363 373/1/373 
f 373/1/373 395/1/395 392/1/392 
f 399/1/399 396/1/396 372/1/372 
f 372/1/372 400/1/400 399/1/399 
f 400/1/400 376/1/376 401/1/401 
f 401/1/401 399/1/399 400/1/400 
f 399/1/399 401/1/401 402/1/402 
f 402/1/402 403/1/403 399/1/399 
f 403/1/403 397/1/397 396/1/396 
f 396/1/396 399/1/399 403/1/403 
f 404/1/404 381/1/381 385/1/385 
f 385/1/385 405/1/405 404/1/404 
f 405/1/405 402/1/402 401/1/401 
f 404/1/404 401/1/401 376/1/376 
f 376/1/376 375/1/375 404/1/404 
f 375/1/375 358/1/358 381/1/381 
f 381/1/381 404/1/404 375/1/375 
f 406/1/406 407/1/407 385/1/385 
f 385/1/385 384/1/384 406/1/406 
f 384/1/384 383/1/383 408/1/408 
f 408/1/408 406/1/406 384/1/384 
f 406/1/406 408/1/408 409/1/409 
f 409/1/409 410/1/410 406/1/406 
f 410/1/410 411/1/411 407/1/407 
f 407/1/407 406/1/406 410/1/410 
f 412/1/412 408/1/408 383/1/383 
f 383/1/383 390/1/390 412/1/412 
f 413/1/413 412/1/412 390/1/390 
f 390/1/390 389/1/389 413/1/413 
f 412/1/412 413/1/413 414/1/414 
f 414/1/414 415/1/415 412/1/412 
f 415/1/415 409/1/409 408/1/408 
f 408/1/408 412/1/412 415/1/415 
f 416/1/416 394/1/394 393/1/393 
f 393/1/393 417/1/417 416/1/416 
f 417/1/417 418/1/418 419/1/419 
f 419/1/419 416/1/416 417/1/417 
f 416/1/416 419/1/419 414/1/414 
f 414/1/414 413/1/413 416/1/416 
f 413/1/413 389/1/389 394/1/394 
f 394/1/394 416/1/416 413/1/413 
f 420/1/420 398/1/398 397/1/397 
f 397/1/397 421/1/421 420/1/420 
f 421/1/421 422/1/422 423/1/423 
f 423/1/423 420/1/420 421/1/421 
f 420/1/420 423/1/423 418/1/418 
f 417/1/417 393/1/393 398/1/398 
f 398/1/398 420/1/420 417/1/417 
f 403/1/403 402/1/402 424/1/424 
f 424/1/424 425/1/425 403/1/403 
f 425/1/425 424/1/424 426/1/426 
f 426/1/426 427/1/427 425/1/425 
f 425/1/425 427/1/427 422/1/422 
f 422/1/422 421/1/421 425/1/425 
f 421/1/421 397/1/397 403/1/403 
f 403/1/403 425/1/425 421/1/421 
f 428/1/428 407/1/407 411/1/411 
f 411/1/411 429/1/429 428/1/428 
f 429/1/429 426/1/426 424/1/424 
f 424/1/424 428/1/428 429/1/429 
f 428/1/428 424/1/424 402/1/402 
f 402/1/402 405/1/405 428/1/428 
f 405/1/405 385/1/385 407/1/407 
f 430/1/430 431/1/431 432/1/432 
f 432/1/432 433/1/433 430/1/430 
f 430/1/430 433/1/433 434/1/434 
f 434/1/434 435/1/435 430/1/430 
f 430/1/430 435/1/435 436/1/436 
f 436/1/436 437/1/437 430/1/430 
f 437/1/437 438/1/438 431/1/431 
f 431/1/431 430/1/430 437/1/437 
f 439/1/439 440/1/440 441/1/441 
f 442/1/442 443/1/443 444/1/444 
f 444/1/444 439/1/439 442/1/442 
f 439/1/439 444/1/444 432/1/432 
f 432/1/432 445/1/445 439/1/439 
f 445/1/445 446/1/446 440/1/440 
f 440/1/440 439/1/439 445/1/445 
f 447/1/447 448/1/448 449/1/449 
f 449/1/449 450/1/450 447/1/447 
f 451/1/451 447/1/447 450/1/450 
f 450/1/450 452/1/452 451/1/451 
f 447/1/447 451/1/451 443/1/443 
f 443/1/443 442/1/442 447/1/447 
f 442/1/442 441/1/441 448/1/448 
f 448/1/448 447/1/447 442/1/442 
f 453/1/453 450/1/450 449/1/449 
f 449/1/449 454/1/454 453/1/453 
f 454/1/454 455/1/455 456/1/456 
f 456/1/456 453/1/453 454/1/454 
f 453/1/453 456/1/456 457/1/457 
f 457/1/457 458/1/458 453/1/453 
f 458/1/458 452/1/452 450/1/450 
f 450/1/450 453/1/453 458/1/458 
f 459/1/459 456/1/456 455/1/455 
f 455/1/455 460/1/460 459/1/459 
f 460/1/460 461/1/461 462/1/462 
f 462/1/462 459/1/459 460/1/460 
f 459/1/459 462/1/462 463/1/463 
f 463/1/463 464/1/464 459/1/459 
f 464/1/464 457/1/457 456/1/456 
f 456/1/456 459/1/459 464/1/464 
f 465/1/465 466/1/466 467/1/467 
f 468/1/468 438/1/438 469/1/469 
f 469/1/469 465/1/465 468/1/468 
f 469/1/469 463/1/463 462/1/462 
f 462/1/462 465/1/465 469/1/469 
f 461/1/461 466/1/466 465/1/465 
f 465/1/465 462/1/462 461/1/461 
f 470/1/470 431/1/431 438/1/438 
f 438/1/438 468/1/468 470/1/470 
f 470/1/470 468/1/468 467/1/467 
f 467/1/467 471/1/471 470/1/470 
f 470/1/470 471/1/471 446/1/446 
f 445/1/445 432/1/432 431/1/431 
f 431/1/431 470/1/470 445/1/445 
f 472/1/472 473/1/473 409/1/409 
f 409/1/409 415/1/415 472/1/472 
f 415/1/415 414/1/414 474/1/474 
f 474/1/474 472/1/472 415/1/415 
f 474/1/474 475/1/475 476/1/476 
f 476/1/476 472/1/472 474/1/474 
f 476/1/476 477/1/477 473/1/473 
f 473/1/473 472/1/472 476/1/476 
f 478/1/478 479/1/479 475/1/475 
f 475/1/475 474/1/474 478/1/478 
f 474/1/474 414/1/414 419/1/419 
f 419/1/419 478/1/478 474/1/474 
f 478/1/478 419/1/419 418/1/418 
f 418/1/418 480/1/480 478/1/478 
f 480/1/480 481/1/481 479/1/479 
f 479/1/479 478/1/478 480/1/480 
f 482/1/482 423/1/423 422/1/422 
f 422/1/422 483/1/483 482/1/482 
f 483/1/483 484/1/484 485/1/485 
f 485/1/485 482/1/482 483/1/483 
f 482/1/482 485/1/485 481/1/481 
f 481/1/481 480/1/480 482/1/482 
f 480/1/480 418/1/418 423/1/423 
f 423/1/423 482/1/482 480/1/480 
f 486/1/486 427/1/427 426/1/426 
f 426/1/426 487/1/487 486/1/486 
f 487/1/487 488/1/488 489/1/489 
f 489/1/489 486/1/486 487/1/487 
f 486/1/486 489/1/489 484/1/484 
f 484/1/484 483/1/483 486/1/486 
f 483/1/483 422/1/422 427/1/427 
f 427/1/427 486/1/486 483/1/483 
f 490/1/490 487/1/487 426/1/426 
f 426/1/426 429/1/429 490/1/490 
f 429/1/429 411/1/411 491/1/491 
f 491/1/491 490/1/490 429/1/429 
f 490/1/490 491/1/491 492/1/492 
f 492/1/492 493/1/493 490/1/490 
f 487/1/487 490/1/490 493/1/493 
f 493/1/493 488/1/488 487/1/487 
f 494/1/494 473/1/473 477/1/477 
f 477/1/477 495/1/495 494/1/494 
f 495/1/495 492/1/492 491/1/491 
f 494/1/494 491/1/491 411/1/411 
f 411/1/411 410/1/410 494/1/494 
f 410/1/410 409/1/409 473/1/473 
f 473/1/473 494/1/494 410/1/410 
f 496/1/496 476/1/476 475/1/475 
f 475/1/475 497/1/497 496/1/496 
f 497/1/497 498/1/498 499/1/499 
f 499/1/499 496/1/496 497/1/497 
f 496/1/496 499/1/499 500/1/500 
f 496/1/496 501/1/501 477/1/477 
f 477/1/477 476/1/476 496/1/496 
f 502/1/502 448/1/448 441/1/441 
f 441/1/441 503/1/503 502/1/502 
f 503/1/503 504/1/504 505/1/505 
f 505/1/505 502/1/502 503/1/503 
f 502/1/502 505/1/505 506/1/506 
f 506/1/506 507/1/507 502/1/502 
f 507/1/507 449/1/449 448/1/448 
f 448/1/448 502/1/502 507/1/507 
f 508/1/508 509/1/509 510/1/510 
f 510/1/510 511/1/511 508/1/508 
f 511/1/511 512/1/512 513/1/513 
f 513/1/513 508/1/508 511/1/511 
f 508/1/508 513/1/513 506/1/506 
f 514/1/514 498/1/498 509/1/509 
f 509/1/509 508/1/508 514/1/514 
f 515/1/515 479/1/479 481/1/481 
f 481/1/481 516/1/516 515/1/515 
f 516/1/516 510/1/510 509/1/509 
f 509/1/509 515/1/515 516/1/516 
f 515/1/515 509/1/509 498/1/498 
f 498/1/498 497/1/497 515/1/515 
f 497/1/497 475/1/475 479/1/479 
f 479/1/479 515/1/515 497/1/497 
f 507/1/507 506/1/506 513/1/513 
f 513/1/513 517/1/517 507/1/507 
f 513/1/513 512/1/512 518/1/518 
f 518/1/518 517/1/517 513/1/513 
f 518/1/518 455/1/455 454/1/454 
f 454/1/454 517/1/517 518/1/518 
f 517/1/517 454/1/454 449/1/449 
f 449/1/449 507/1/507 517/1/517 
f 519/1/519 485/1/485 484/1/484 
f 484/1/484 520/1/520 519/1/519 
f 520/1/520 521/1/521 522/1/522 
f 522/1/522 519/1/519 520/1/520 
f 519/1/519 522/1/522 510/1/510 
f 510/1/510 516/1/516 519/1/519 
f 516/1/516 481/1/481 485/1/485 
f 485/1/485 519/1/519 516/1/516 
f 523/1/523 489/1/489 488/1/488 
f 488/1/488 524/1/524 523/1/523 
f 524/1/524 525/1/525 526/1/526 
f 526/1/526 523/1/523 524/1/524 
f 523/1/523 526/1/526 521/1/521 
f 521/1/521 520/1/520 523/1/523 
f 520/1/520 484/1/484 489/1/489 
f 489/1/489 523/1/523 520/1/520 
f 505/1/505 504/1/504 527/1/527 
f 527/1/527 500/1/500 499/1/499 
f 528/1/528 499/1/499 498/1/498 
f 514/1/514 506/1/506 505/1/505 
f 529/1/529 530/1/530 531/1/531 
f 531/1/531 532/1/532 529/1/529 
f 532/1/532 461/1/461 460/1/460 
f 460/1/460 529/1/529 532/1/532 
f 529/1/529 460/1/460 455/1/455 
f 455/1/455 518/1/518 529/1/529 
f 518/1/518 512/1/512 530/1/530 
f 530/1/530 529/1/529 518/1/518 
f 533/1/533 534/1/534 535/1/535 
f 536/1/536 537/1/537 538/1/538 
f 533/1/533 538/1/538 531/1/531 
f 531/1/531 539/1/539 533/1/533 
f 539/1/539 540/1/540 534/1/534 
f 534/1/534 533/1/533 539/1/539 
f 541/1/541 538/1/538 537/1/537 
f 542/1/542 467/1/467 466/1/466 
f 466/1/466 541/1/541 542/1/542 
f 541/1/541 466/1/466 461/1/461 
f 461/1/461 532/1/532 541/1/541 
f 532/1/532 531/1/531 538/1/538 
f 538/1/538 541/1/541 532/1/532 
f 542/1/542 537/1/537 543/1/543 
f 543/1/543 544/1/544 542/1/542 
f 543/1/543 545/1/545 546/1/546 
f 546/1/546 544/1/544 543/1/543 
f 544/1/544 546/1/546 446/1/446 
f 446/1/446 471/1/471 544/1/544 
f 471/1/471 467/1/467 542/1/542 
f 547/1/547 440/1/440 446/1/446 
f 446/1/446 546/1/546 547/1/547 
f 546/1/546 545/1/545 548/1/548 
f 548/1/548 547/1/547 546/1/546 
f 547/1/547 548/1/548 504/1/504 
f 504/1/504 503/1/503 547/1/547 
f 503/1/503 441/1/441 440/1/440 
f 549/1/549 548/1/548 545/1/545 
f 545/1/545 550/1/550 549/1/549 
f 550/1/550 551/1/551 552/1/552 
f 552/1/552 549/1/549 550/1/550 
f 549/1/549 552/1/552 553/1/553 
f 553/1/553 554/1/554 549/1/549 
f 554/1/554 504/1/504 548/1/548 
f 548/1/548 549/1/549 554/1/554 
f 555/1/555 552/1/552 551/1/551 
f 556/1/556 557/1/557 558/1/558 
f 558/1/558 555/1/555 556/1/556 
f 555/1/555 558/1/558 559/1/559 
f 559/1/559 560/1/560 555/1/555 
f 560/1/560 553/1/553 552/1/552 
f 552/1/552 555/1/555 560/1/560 
f 561/1/561 562/1/562 563/1/563 
f 563/1/563 564/1/564 561/1/561 
f 561/1/561 564/1/564 565/1/565 
f 565/1/565 566/1/566 561/1/561 
f 561/1/561 566/1/566 567/1/567 
f 568/1/568 569/1/569 565/1/565 
f 565/1/565 564/1/564 568/1/568 
f 564/1/564 563/1/563 570/1/570 
f 570/1/570 568/1/568 564/1/564 
f 568/1/568 570/1/570 557/1/557 
f 557/1/557 556/1/556 568/1/568 
f 556/1/556 551/1/551 569/1/569 
f 569/1/569 568/1/568 556/1/556 
f 571/1/571 572/1/572 573/1/573 
f 573/1/573 574/1/574 571/1/571 
f 574/1/574 575/1/575 576/1/576 
f 576/1/576 571/1/571 574/1/574 
f 571/1/571 576/1/576 577/1/577 
f 578/1/578 579/1/579 572/1/572 
f 580/1/580 581/1/581 582/1/582 
f 582/1/582 583/1/583 580/1/580 
f 583/1/583 582/1/582 575/1/575 
f 575/1/575 574/1/574 583/1/583 
f 574/1/574 573/1/573 584/1/584 
f 584/1/584 583/1/583 574/1/574 
f 584/1/584 567/1/567 580/1/580 
f 580/1/580 583/1/583 584/1/584 
f 585/1/585 582/1/582 581/1/581 
f 581/1/581 586/1/586 585/1/585 
f 586/1/586 587/1/587 588/1/588 
f 588/1/588 585/1/585 586/1/586 
f 585/1/585 588/1/588 589/1/589 
f 589/1/589 590/1/590 585/1/585 
f 590/1/590 575/1/575 582/1/582 
f 582/1/582 585/1/585 590/1/590 
f 591/1/591 592/1/592 593/1/593 
f 593/1/593 594/1/594 591/1/591 
f 594/1/594 537/1/537 536/1/536 
f 591/1/591 536/1/536 535/1/535 
f 535/1/535 595/1/595 591/1/591 
f 595/1/595 596/1/596 592/1/592 
f 592/1/592 591/1/591 595/1/595 
f 597/1/597 598/1/598 599/1/599 
f 600/1/600 545/1/545 543/1/543 
f 597/1/597 543/1/543 537/1/537 
f 537/1/537 594/1/594 597/1/597 
f 594/1/594 593/1/593 598/1/598 
f 601/1/601 599/1/599 598/1/598 
f 602/1/602 598/1/598 593/1/593 
f 593/1/593 603/1/603 602/1/602 
f 602/1/602 603/1/603 604/1/604 
f 604/1/604 601/1/601 602/1/602 
f 605/1/605 600/1/600 599/1/599 
f 606/1/606 565/1/565 569/1/569 
f 569/1/569 605/1/605 606/1/606 
f 605/1/605 569/1/569 551/1/551 
f 551/1/551 550/1/550 605/1/605 
f 550/1/550 545/1/545 600/1/600 
f 607/1/607 566/1/566 565/1/565 
f 606/1/606 599/1/599 608/1/608 
f 608/1/608 607/1/607 606/1/606 
f 608/1/608 609/1/609 610/1/610 
f 610/1/610 567/1/567 566/1/566 
f 611/1/611 609/1/609 608/1/608 
f 608/1/608 612/1/612 611/1/611 
f 608/1/608 599/1/599 601/1/601 
f 601/1/601 612/1/612 608/1/608 
f 612/1/612 601/1/601 604/1/604 
f 604/1/604 613/1/613 612/1/612 
f 613/1/613 614/1/614 611/1/611 
f 611/1/611 612/1/612 613/1/613 
f 615/1/615 610/1/610 609/1/609 
f 609/1/609 616/1/616 615/1/615 
f 616/1/616 617/1/617 618/1/618 
f 615/1/615 618/1/618 581/1/581 
f 581/1/581 580/1/580 615/1/615 
f 580/1/580 567/1/567 610/1/610 
f 610/1/610 615/1/615 580/1/580 
f 619/1/619 620/1/620 621/1/621 
f 621/1/621 622/1/622 619/1/619 
f 622/1/622 623/1/623 624/1/624 
f 624/1/624 619/1/619 622/1/622 
f 619/1/619 624/1/624 617/1/617 
f 617/1/617 616/1/616 619/1/619 
f 616/1/616 609/1/609 620/1/620 
f 620/1/620 619/1/619 616/1/616 
f 625/1/625 626/1/626 627/1/627 
f 627/1/627 628/1/628 625/1/625 
f 625/1/625 628/1/628 629/1/629 
f 629/1/629 630/1/630 625/1/625 
f 630/1/630 631/1/631 632/1/632 
f 632/1/632 625/1/625 630/1/630 
f 632/1/632 587/1/587 626/1/626 
f 633/1/633 618/1/618 617/1/617 
f 633/1/633 634/1/634 627/1/627 
f 627/1/627 626/1/626 633/1/633 
f 633/1/633 626/1/626 587/1/587 
f 586/1/586 581/1/581 618/1/618 
f 618/1/618 633/1/633 586/1/586 
f 635/1/635 630/1/630 629/1/629 
f 629/1/629 636/1/636 635/1/635 
f 635/1/635 636/1/636 637/1/637 
f 637/1/637 638/1/638 635/1/635 
f 638/1/638 614/1/614 639/1/639 
f 639/1/639 635/1/635 638/1/638 
f 635/1/635 639/1/639 631/1/631 
f 631/1/631 630/1/630 635/1/635 
f 640/1/640 641/1/641 642/1/642 
f 642/1/642 643/1/643 640/1/640 
f 643/1/643 627/1/627 634/1/634 
f 634/1/634 640/1/640 643/1/643 
f 634/1/634 617/1/617 624/1/624 
f 640/1/640 624/1/624 623/1/623 
f 623/1/623 641/1/641 640/1/640 
f 644/1/644 611/1/611 614/1/614 
f 614/1/614 638/1/638 644/1/644 
f 638/1/638 637/1/637 645/1/645 
f 645/1/645 644/1/644 638/1/638 
f 644/1/644 645/1/645 621/1/621 
f 621/1/621 620/1/620 644/1/644 
f 620/1/620 609/1/609 611/1/611 
f 611/1/611 644/1/644 620/1/620 
f 646/1/646 645/1/645 637/1/637 
f 641/1/641 646/1/646 647/1/647 
f 647/1/647 642/1/642 641/1/641 
f 646/1/646 641/1/641 623/1/623 
f 623/1/623 622/1/622 646/1/646 
f 622/1/622 621/1/621 645/1/645 
f 648/1/648 643/1/643 642/1/642 
f 647/1/647 637/1/637 636/1/636 
f 648/1/648 636/1/636 629/1/629 
f 628/1/628 627/1/627 643/1/643 
f 649/1/649 650/1/650 651/1/651 
f 651/1/651 652/1/652 649/1/649 
f 652/1/652 75/1/75 74/1/74 
f 74/1/74 649/1/649 652/1/652 
f 649/1/649 74/1/74 62/1/62 
f 62/1/62 80/1/80 649/1/649 
f 80/1/80 79/1/79 650/1/650 
f 650/1/650 649/1/649 80/1/80 
f 653/1/653 151/1/151 75/1/75 
f 75/1/75 652/1/652 653/1/653 
f 652/1/652 651/1/651 654/1/654 
f 654/1/654 653/1/653 652/1/652 
f 653/1/653 654/1/654 655/1/655 
f 655/1/655 656/1/656 653/1/653 
f 656/1/656 153/1/153 151/1/151 
f 151/1/151 653/1/653 656/1/656 
f 657/1/657 654/1/654 651/1/651 
f 651/1/651 658/1/658 657/1/657 
f 658/1/658 659/1/659 660/1/660 
f 660/1/660 657/1/657 658/1/658 
f 657/1/657 660/1/660 661/1/661 
f 661/1/661 662/1/662 657/1/657 
f 662/1/662 655/1/655 654/1/654 
f 654/1/654 657/1/657 662/1/662 
f 656/1/656 655/1/655 663/1/663 
f 663/1/663 664/1/664 656/1/656 
f 664/1/664 663/1/663 665/1/665 
f 665/1/665 666/1/666 664/1/664 
f 664/1/664 666/1/666 195/1/195 
f 195/1/195 194/1/194 664/1/664 
f 194/1/194 153/1/153 656/1/656 
f 656/1/656 664/1/664 194/1/194 
f 667/1/667 662/1/662 661/1/661 
f 661/1/661 668/1/668 667/1/667 
f 668/1/668 669/1/669 670/1/670 
f 670/1/670 667/1/667 668/1/668 
f 667/1/667 670/1/670 665/1/665 
f 665/1/665 663/1/663 667/1/667 
f 667/1/667 663/1/663 655/1/655 
f 655/1/655 662/1/662 667/1/667 
f 666/1/666 665/1/665 671/1/671 
f 671/1/671 672/1/672 666/1/666 
f 672/1/672 671/1/671 673/1/673 
f 674/1/674 204/1/204 203/1/203 
f 203/1/203 195/1/195 666/1/666 
f 666/1/666 672/1/672 203/1/203 
f 675/1/675 671/1/671 665/1/665 
f 665/1/665 670/1/670 675/1/675 
f 675/1/675 670/1/670 669/1/669 
f 669/1/669 676/1/676 675/1/675 
f 676/1/676 677/1/677 678/1/678 
f 678/1/678 675/1/675 676/1/676 
f 678/1/678 673/1/673 671/1/671 
f 671/1/671 675/1/675 678/1/678 
f 679/1/679 680/1/680 681/1/681 
f 681/1/681 682/1/682 679/1/679 
f 682/1/682 348/1/348 347/1/347 
f 347/1/347 679/1/679 682/1/682 
f 679/1/679 347/1/347 292/1/292 
f 292/1/292 344/1/344 679/1/679 
f 679/1/679 344/1/344 286/1/286 
f 683/1/683 684/1/684 681/1/681 
f 680/1/680 286/1/286 285/1/285 
f 683/1/683 285/1/285 204/1/204 
f 674/1/674 673/1/673 684/1/684 
f 685/1/685 684/1/684 673/1/673 
f 673/1/673 678/1/678 685/1/685 
f 685/1/685 678/1/678 677/1/677 
f 677/1/677 686/1/686 685/1/685 
f 686/1/686 687/1/687 688/1/688 
f 688/1/688 685/1/685 686/1/686 
f 685/1/685 688/1/688 681/1/681 
f 681/1/681 684/1/684 685/1/685 
f 689/1/689 650/1/650 79/1/79 
f 79/1/79 690/1/690 689/1/689 
f 690/1/690 691/1/691 692/1/692 
f 692/1/692 689/1/689 690/1/690 
f 689/1/689 692/1/692 659/1/659 
f 659/1/659 658/1/658 689/1/689 
f 658/1/658 651/1/651 650/1/650 
f 650/1/650 689/1/689 658/1/658 
f 690/1/690 693/1/693 694/1/694 
f 694/1/694 691/1/691 690/1/690 
f 690/1/690 79/1/79 78/1/78 
f 78/1/78 693/1/693 690/1/690 
f 693/1/693 78/1/78 82/1/82 
f 82/1/82 695/1/695 693/1/693 
f 695/1/695 696/1/696 694/1/694 
f 694/1/694 693/1/693 695/1/695 
f 697/1/697 698/1/698 699/1/699 
f 699/1/699 700/1/700 697/1/697 
f 699/1/699 691/1/691 694/1/694 
f 694/1/694 700/1/700 699/1/699 
f 700/1/700 694/1/694 696/1/696 
f 696/1/696 701/1/701 700/1/700 
f 697/1/697 700/1/700 701/1/701 
f 701/1/701 702/1/702 697/1/697 
f 703/1/703 659/1/659 692/1/692 
f 692/1/692 704/1/704 703/1/703 
f 692/1/692 691/1/691 705/1/705 
f 705/1/705 704/1/704 692/1/692 
f 704/1/704 705/1/705 706/1/706 
f 706/1/706 703/1/703 704/1/704 
f 707/1/707 699/1/699 698/1/698 
f 698/1/698 708/1/708 707/1/707 
f 708/1/708 709/1/709 710/1/710 
f 710/1/710 707/1/707 708/1/708 
f 710/1/710 706/1/706 705/1/705 
f 705/1/705 707/1/707 710/1/710 
f 707/1/707 705/1/705 691/1/691 
f 711/1/711 712/1/712 713/1/713 
f 713/1/713 714/1/714 711/1/711 
f 713/1/713 661/1/661 660/1/660 
f 660/1/660 714/1/714 713/1/713 
f 714/1/714 660/1/660 659/1/659 
f 659/1/659 703/1/703 714/1/714 
f 703/1/703 706/1/706 711/1/711 
f 711/1/711 714/1/714 703/1/703 
f 715/1/715 716/1/716 717/1/717 
f 717/1/717 718/1/718 715/1/715 
f 718/1/718 719/1/719 720/1/720 
f 720/1/720 715/1/715 718/1/718 
f 715/1/715 720/1/720 709/1/709 
f 709/1/709 708/1/708 715/1/715 
f 708/1/708 698/1/698 716/1/716 
f 716/1/716 715/1/715 708/1/708 
f 721/1/721 722/1/722 719/1/719 
f 719/1/719 718/1/718 721/1/721 
f 718/1/718 717/1/717 723/1/723 
f 723/1/723 721/1/721 718/1/718 
f 721/1/721 723/1/723 7/1/7 
f 7/1/7 13/1/13 721/1/721 
f 13/1/13 12/1/12 722/1/722 
f 722/1/722 721/1/721 13/1/13 
f 724/1/724 725/1/725 726/1/726 
f 726/1/726 727/1/727 724/1/724 
f 711/1/711 727/1/727 726/1/726 
f 726/1/726 712/1/712 711/1/711 
f 727/1/727 711/1/711 706/1/706 
f 706/1/706 710/1/710 727/1/727 
f 727/1/727 710/1/710 709/1/709 
f 709/1/709 724/1/724 727/1/727 
f 724/1/724 709/1/709 720/1/720 
f 720/1/720 728/1/728 724/1/724 
f 728/1/728 720/1/720 719/1/719 
f 719/1/719 729/1/729 728/1/728 
f 728/1/728 729/1/729 725/1/725 
f 725/1/725 724/1/724 728/1/728 
f 730/1/730 722/1/722 12/1/12 
f 12/1/12 107/1/107 730/1/730 
f 730/1/730 107/1/107 106/1/106 
f 106/1/106 731/1/731 730/1/730 
f 730/1/730 731/1/731 732/1/732 
f 732/1/732 733/1/733 730/1/730 
f 733/1/733 719/1/719 722/1/722 
f 722/1/722 730/1/730 733/1/733 
f 734/1/734 713/1/713 712/1/712 
f 712/1/712 735/1/735 734/1/734 
f 735/1/735 736/1/736 737/1/737 
f 737/1/737 734/1/734 735/1/735 
f 734/1/734 737/1/737 669/1/669 
f 669/1/669 668/1/668 734/1/734 
f 668/1/668 661/1/661 713/1/713 
f 713/1/713 734/1/734 668/1/668 
f 733/1/733 732/1/732 738/1/738 
f 738/1/738 739/1/739 733/1/733 
f 738/1/738 740/1/740 741/1/741 
f 741/1/741 739/1/739 738/1/738 
f 739/1/739 741/1/741 725/1/725 
f 725/1/725 729/1/729 739/1/739 
f 729/1/729 719/1/719 733/1/733 
f 733/1/733 739/1/739 729/1/729 
f 742/1/742 741/1/741 740/1/740 
f 740/1/740 743/1/743 742/1/742 
f 743/1/743 736/1/736 735/1/735 
f 735/1/735 742/1/742 743/1/743 
f 735/1/735 712/1/712 726/1/726 
f 726/1/726 742/1/742 735/1/735 
f 726/1/726 725/1/725 741/1/741 
f 741/1/741 742/1/742 726/1/726 
f 744/1/744 737/1/737 736/1/736 
f 736/1/736 745/1/745 744/1/744 
f 745/1/745 746/1/746 747/1/747 
f 747/1/747 744/1/744 745/1/745 
f 744/1/744 747/1/747 677/1/677 
f 677/1/677 676/1/676 744/1/744 
f 676/1/676 669/1/669 737/1/737 
f 737/1/737 744/1/744 676/1/676 
f 748/1/748 745/1/745 736/1/736 
f 736/1/736 743/1/743 748/1/748 
f 743/1/743 740/1/740 749/1/749 
f 749/1/749 748/1/748 743/1/743 
f 748/1/748 749/1/749 750/1/750 
f 750/1/750 751/1/751 748/1/748 
f 751/1/751 746/1/746 745/1/745 
f 745/1/745 748/1/748 751/1/751 
f 752/1/752 738/1/738 732/1/732 
f 732/1/732 753/1/753 752/1/752 
f 754/1/754 752/1/752 753/1/753 
f 753/1/753 755/1/755 754/1/754 
f 754/1/754 750/1/750 749/1/749 
f 749/1/749 752/1/752 754/1/754 
f 749/1/749 740/1/740 738/1/738 
f 738/1/738 752/1/752 749/1/749 
f 756/1/756 111/1/111 110/1/110 
f 110/1/110 757/1/757 756/1/756 
f 757/1/757 755/1/755 753/1/753 
f 753/1/753 756/1/756 757/1/757 
f 756/1/756 753/1/753 732/1/732 
f 732/1/732 731/1/731 756/1/756 
f 731/1/731 106/1/106 111/1/111 
f 111/1/111 756/1/756 731/1/731 
f 758/1/758 759/1/759 760/1/760 
f 760/1/760 761/1/761 758/1/758 
f 761/1/761 762/1/762 763/1/763 
f 763/1/763 758/1/758 761/1/761 
f 758/1/758 763/1/763 746/1/746 
f 746/1/746 751/1/751 758/1/758 
f 751/1/751 750/1/750 759/1/759 
f 759/1/759 758/1/758 751/1/751 
f 764/1/764 747/1/747 746/1/746 
f 746/1/746 763/1/763 764/1/764 
f 763/1/763 762/1/762 765/1/765 
f 765/1/765 764/1/764 763/1/763 
f 764/1/764 765/1/765 687/1/687 
f 687/1/687 686/1/686 764/1/764 
f 686/1/686 677/1/677 747/1/747 
f 747/1/747 764/1/764 686/1/686 
f 766/1/766 759/1/759 750/1/750 
f 750/1/750 754/1/754 766/1/766 
f 754/1/754 755/1/755 767/1/767 
f 767/1/767 766/1/766 754/1/754 
f 767/1/767 760/1/760 759/1/759 
f 759/1/759 766/1/766 767/1/767 
f 768/1/768 688/1/688 687/1/687 
f 687/1/687 769/1/769 768/1/768 
f 769/1/769 770/1/770 771/1/771 
f 771/1/771 768/1/768 769/1/769 
f 768/1/768 771/1/771 348/1/348 
f 348/1/348 682/1/682 768/1/768 
f 682/1/682 681/1/681 688/1/688 
f 688/1/688 768/1/768 682/1/682 
f 772/1/772 301/1/301 300/1/300 
f 300/1/300 773/1/773 772/1/772 
f 773/1/773 774/1/774 775/1/775 
f 775/1/775 772/1/772 773/1/773 
f 772/1/772 775/1/775 755/1/755 
f 755/1/755 757/1/757 772/1/772 
f 757/1/757 110/1/110 301/1/301 
f 301/1/301 772/1/772 757/1/757 
f 769/1/769 687/1/687 765/1/765 
f 765/1/765 776/1/776 769/1/769 
f 776/1/776 765/1/765 762/1/762 
f 762/1/762 777/1/777 776/1/776 
f 776/1/776 777/1/777 770/1/770 
f 778/1/778 775/1/775 774/1/774 
f 774/1/774 779/1/779 778/1/778 
f 779/1/779 780/1/780 781/1/781 
f 781/1/781 778/1/778 779/1/779 
f 778/1/778 781/1/781 760/1/760 
f 760/1/760 767/1/767 778/1/778 
f 767/1/767 755/1/755 775/1/775 
f 775/1/775 778/1/778 767/1/767 
f 782/1/782 781/1/781 780/1/780 
f 780/1/780 783/1/783 782/1/782 
f 783/1/783 770/1/770 777/1/777 
f 777/1/777 782/1/782 783/1/783 
f 782/1/782 777/1/777 762/1/762 
f 762/1/762 761/1/761 782/1/782 
f 761/1/761 760/1/760 781/1/781 
f 781/1/781 782/1/782 761/1/761 
f 784/1/784 771/1/771 770/1/770 
f 770/1/770 785/1/785 784/1/784 
f 785/1/785 786/1/786 787/1/787 
f 787/1/787 784/1/784 785/1/785 
f 784/1/784 787/1/787 266/1/266 
f 266/1/266 349/1/349 784/1/784 
f 349/1/349 348/1/348 771/1/771 
f 771/1/771 784/1/784 349/1/349 
f 788/1/788 304/1/304 207/1/207 
f 207/1/207 789/1/789 788/1/788 
f 789/1/789 790/1/790 791/1/791 
f 791/1/791 788/1/788 789/1/789 
f 788/1/788 791/1/791 774/1/774 
f 774/1/774 773/1/773 788/1/788 
f 773/1/773 300/1/300 304/1/304 
f 304/1/304 788/1/788 773/1/773 
f 792/1/792 791/1/791 790/1/790 
f 790/1/790 793/1/793 792/1/792 
f 793/1/793 794/1/794 795/1/795 
f 795/1/795 792/1/792 793/1/793 
f 792/1/792 795/1/795 780/1/780 
f 780/1/780 779/1/779 792/1/792 
f 779/1/779 774/1/774 791/1/791 
f 791/1/791 792/1/792 779/1/779 
f 796/1/796 795/1/795 794/1/794 
f 794/1/794 797/1/797 796/1/796 
f 797/1/797 786/1/786 785/1/785 
f 785/1/785 796/1/796 797/1/797 
f 796/1/796 785/1/785 770/1/770 
f 770/1/770 783/1/783 796/1/796 
f 783/1/783 780/1/780 795/1/795 
f 795/1/795 796/1/796 783/1/783 
f 798/1/798 799/1/799 787/1/787 
f 787/1/787 786/1/786 798/1/798 
f 799/1/799 798/1/798 800/1/800 
f 800/1/800 801/1/801 799/1/799 
f 799/1/799 801/1/801 268/1/268 
f 268/1/268 267/1/267 799/1/799 
f 267/1/267 266/1/266 787/1/787 
f 787/1/787 799/1/799 267/1/267 
f 802/1/802 206/1/206 85/1/85 
f 85/1/85 803/1/803 802/1/802 
f 803/1/803 804/1/804 805/1/805 
f 805/1/805 802/1/802 803/1/803 
f 802/1/802 805/1/805 790/1/790 
f 790/1/790 789/1/789 802/1/802 
f 789/1/789 207/1/207 206/1/206 
f 206/1/206 802/1/802 789/1/789 
f 806/1/806 805/1/805 804/1/804 
f 804/1/804 807/1/807 806/1/806 
f 807/1/807 808/1/808 809/1/809 
f 809/1/809 806/1/806 807/1/807 
f 806/1/806 809/1/809 794/1/794 
f 794/1/794 793/1/793 806/1/806 
f 793/1/793 790/1/790 805/1/805 
f 805/1/805 806/1/806 793/1/793 
f 810/1/810 809/1/809 808/1/808 
f 808/1/808 811/1/811 810/1/810 
f 811/1/811 800/1/800 798/1/798 
f 798/1/798 810/1/810 811/1/811 
f 810/1/810 798/1/798 786/1/786 
f 786/1/786 797/1/797 810/1/810 
f 797/1/797 794/1/794 809/1/809 
f 809/1/809 810/1/810 797/1/797 
f 84/1/84 91/1/91 812/1/812 
f 812/1/812 813/1/813 84/1/84 
f 812/1/812 814/1/814 815/1/815 
f 815/1/815 813/1/813 812/1/812 
f 813/1/813 815/1/815 804/1/804 
f 804/1/804 803/1/803 813/1/813 
f 803/1/803 85/1/85 84/1/84 
f 84/1/84 813/1/813 803/1/803 
f 501/1/501 500/1/500 816/1/816 
f 816/1/816 817/1/817 818/1/818 
f 818/1/818 819/1/819 816/1/816 
f 819/1/819 818/1/818 492/1/492 
f 495/1/495 477/1/477 501/1/501 
f 820/1/820 821/1/821 822/1/822 
f 822/1/822 823/1/823 820/1/820 
f 823/1/823 817/1/817 824/1/824 
f 824/1/824 820/1/820 823/1/823 
f 820/1/820 824/1/824 553/1/553 
f 553/1/553 560/1/560 820/1/820 
f 560/1/560 559/1/559 821/1/821 
f 821/1/821 820/1/820 560/1/560 
f 825/1/825 493/1/493 492/1/492 
f 818/1/818 817/1/817 826/1/826 
f 826/1/826 825/1/825 818/1/818 
f 825/1/825 826/1/826 525/1/525 
f 525/1/525 524/1/524 825/1/825 
f 524/1/524 488/1/488 493/1/493 
f 493/1/493 825/1/825 524/1/524 
f 554/1/554 553/1/553 824/1/824 
f 824/1/824 827/1/827 554/1/554 
f 824/1/824 817/1/817 816/1/816 
f 816/1/816 827/1/827 824/1/824 
f 827/1/827 816/1/816 500/1/500 
f 500/1/500 527/1/527 827/1/827 
f 527/1/527 504/1/504 554/1/554 
f 554/1/554 827/1/827 527/1/527 
f 828/1/828 829/1/829 830/1/830 
f 831/1/831 832/1/832 833/1/833 
f 828/1/828 833/1/833 834/1/834 
f 835/1/835 817/1/817 829/1/829 
f 836/1/836 833/1/833 832/1/832 
f 832/1/832 837/1/837 836/1/836 
f 837/1/837 838/1/838 839/1/839 
f 836/1/836 839/1/839 840/1/840 
f 840/1/840 841/1/841 836/1/836 
f 841/1/841 834/1/834 833/1/833 
f 833/1/833 836/1/836 841/1/841 
f 842/1/842 843/1/843 844/1/844 
f 844/1/844 845/1/845 842/1/842 
f 842/1/842 845/1/845 846/1/846 
f 846/1/846 847/1/847 842/1/842 
f 842/1/842 847/1/847 848/1/848 
f 848/1/848 849/1/849 842/1/842 
f 849/1/849 850/1/850 843/1/843 
f 843/1/843 842/1/842 849/1/849 
f 851/1/851 852/1/852 853/1/853 
f 853/1/853 854/1/854 851/1/851 
f 854/1/854 855/1/855 856/1/856 
f 856/1/856 851/1/851 854/1/854 
f 851/1/851 856/1/856 857/1/857 
f 857/1/857 858/1/858 851/1/851 
f 858/1/858 859/1/859 852/1/852 
f 852/1/852 851/1/851 858/1/858 
f 860/1/860 856/1/856 855/1/855 
f 855/1/855 861/1/861 860/1/860 
f 861/1/861 862/1/862 863/1/863 
f 863/1/863 860/1/860 861/1/861 
f 860/1/860 863/1/863 864/1/864 
f 864/1/864 865/1/865 860/1/860 
f 865/1/865 857/1/857 856/1/856 
f 856/1/856 860/1/860 865/1/865 
f 866/1/866 867/1/867 868/1/868 
f 868/1/868 869/1/869 866/1/866 
f 869/1/869 870/1/870 871/1/871 
f 871/1/871 866/1/866 869/1/869 
f 866/1/866 871/1/871 855/1/855 
f 855/1/855 854/1/854 866/1/866 
f 854/1/854 853/1/853 867/1/867 
f 867/1/867 866/1/866 854/1/854 
f 872/1/872 873/1/873 874/1/874 
f 874/1/874 875/1/875 872/1/872 
f 875/1/875 876/1/876 877/1/877 
f 877/1/877 872/1/872 875/1/875 
f 872/1/872 877/1/877 870/1/870 
f 870/1/870 869/1/869 872/1/872 
f 869/1/869 868/1/868 873/1/873 
f 873/1/873 872/1/872 869/1/869 
f 878/1/878 871/1/871 870/1/870 
f 870/1/870 879/1/879 878/1/878 
f 879/1/879 880/1/880 881/1/881 
f 881/1/881 878/1/878 879/1/879 
f 878/1/878 881/1/881 862/1/862 
f 862/1/862 861/1/861 878/1/878 
f 861/1/861 855/1/855 871/1/871 
f 871/1/871 878/1/878 861/1/861 
f 882/1/882 881/1/881 880/1/880 
f 880/1/880 883/1/883 882/1/882 
f 883/1/883 814/1/814 812/1/812 
f 812/1/812 882/1/882 883/1/883 
f 882/1/882 812/1/812 91/1/91 
f 91/1/91 884/1/884 882/1/882 
f 884/1/884 862/1/862 881/1/881 
f 881/1/881 882/1/882 884/1/884 
f 885/1/885 886/1/886 887/1/887 
f 887/1/887 888/1/888 885/1/885 
f 888/1/888 889/1/889 890/1/890 
f 890/1/890 885/1/885 888/1/888 
f 885/1/885 890/1/890 874/1/874 
f 874/1/874 891/1/891 885/1/885 
f 891/1/891 892/1/892 886/1/886 
f 886/1/886 885/1/885 891/1/891 
f 893/1/893 815/1/815 814/1/814 
f 814/1/814 894/1/894 893/1/893 
f 894/1/894 895/1/895 896/1/896 
f 896/1/896 893/1/893 894/1/894 
f 893/1/893 896/1/896 808/1/808 
f 808/1/808 807/1/807 893/1/893 
f 807/1/807 804/1/804 815/1/815 
f 815/1/815 893/1/893 807/1/807 
f 897/1/897 898/1/898 899/1/899 
f 899/1/899 900/1/900 897/1/897 
f 899/1/899 901/1/901 902/1/902 
f 902/1/902 900/1/900 899/1/899 
f 902/1/902 268/1/268 801/1/801 
f 801/1/801 900/1/900 902/1/902 
f 801/1/801 800/1/800 897/1/897 
f 903/1/903 896/1/896 895/1/895 
f 895/1/895 904/1/904 903/1/903 
f 904/1/904 898/1/898 897/1/897 
f 897/1/897 903/1/903 904/1/904 
f 903/1/903 897/1/897 800/1/800 
f 800/1/800 811/1/811 903/1/903 
f 811/1/811 808/1/808 896/1/896 
f 896/1/896 903/1/903 811/1/811 
f 905/1/905 906/1/906 901/1/901 
f 905/1/905 899/1/899 898/1/898 
f 907/1/907 579/1/579 578/1/578 
f 578/1/578 905/1/905 907/1/907 
f 578/1/578 577/1/577 906/1/906 
f 906/1/906 905/1/905 578/1/578 
f 908/1/908 883/1/883 880/1/880 
f 880/1/880 909/1/909 908/1/908 
f 909/1/909 910/1/910 911/1/911 
f 911/1/911 908/1/908 909/1/909 
f 908/1/908 911/1/911 895/1/895 
f 895/1/895 894/1/894 908/1/908 
f 894/1/894 814/1/814 883/1/883 
f 883/1/883 908/1/908 894/1/894 
f 912/1/912 877/1/877 876/1/876 
f 913/1/913 910/1/910 909/1/909 
f 912/1/912 909/1/909 880/1/880 
f 879/1/879 870/1/870 877/1/877 
f 877/1/877 912/1/912 879/1/879 
f 914/1/914 890/1/890 889/1/889 
f 889/1/889 915/1/915 914/1/914 
f 915/1/915 910/1/910 913/1/913 
f 914/1/914 913/1/913 876/1/876 
f 876/1/876 875/1/875 914/1/914 
f 875/1/875 874/1/874 890/1/890 
f 890/1/890 914/1/914 875/1/875 
f 916/1/916 917/1/917 918/1/918 
f 918/1/918 919/1/919 916/1/916 
f 918/1/918 910/1/910 915/1/915 
f 915/1/915 889/1/889 920/1/920 
f 920/1/920 919/1/919 915/1/915 
f 919/1/919 920/1/920 921/1/921 
f 922/1/922 918/1/918 917/1/917 
f 917/1/917 923/1/923 922/1/922 
f 923/1/923 924/1/924 925/1/925 
f 925/1/925 922/1/922 923/1/923 
f 922/1/922 925/1/925 926/1/926 
f 927/1/927 910/1/910 918/1/918 
f 928/1/928 929/1/929 926/1/926 
f 926/1/926 925/1/925 928/1/928 
f 925/1/925 924/1/924 930/1/930 
f 930/1/930 928/1/928 925/1/925 
f 928/1/928 930/1/930 579/1/579 
f 579/1/579 907/1/907 928/1/928 
f 907/1/907 898/1/898 929/1/929 
f 929/1/929 928/1/928 907/1/907 
f 904/1/904 895/1/895 911/1/911 
f 911/1/911 931/1/931 904/1/904 
f 911/1/911 910/1/910 927/1/927 
f 927/1/927 931/1/931 911/1/911 
f 931/1/931 927/1/927 926/1/926 
f 926/1/926 929/1/929 931/1/931 
f 931/1/931 929/1/929 898/1/898 
f 898/1/898 904/1/904 931/1/931 
f 932/1/932 933/1/933 434/1/434 
f 434/1/434 433/1/433 932/1/932 
f 433/1/433 432/1/432 444/1/444 
f 444/1/444 932/1/932 433/1/433 
f 932/1/932 444/1/444 443/1/443 
f 443/1/443 934/1/934 932/1/932 
f 932/1/932 934/1/934 935/1/935 
f 935/1/935 933/1/933 932/1/932 
f 936/1/936 937/1/937 938/1/938 
f 938/1/938 939/1/939 936/1/936 
f 936/1/936 939/1/939 463/1/463 
f 463/1/463 469/1/469 936/1/936 
f 936/1/936 469/1/469 438/1/438 
f 438/1/438 437/1/437 936/1/936 
f 936/1/936 437/1/437 436/1/436 
f 436/1/436 937/1/937 936/1/936 
f 940/1/940 941/1/941 942/1/942 
f 942/1/942 943/1/943 940/1/940 
f 943/1/943 944/1/944 945/1/945 
f 945/1/945 940/1/940 943/1/943 
f 940/1/940 945/1/945 452/1/452 
f 452/1/452 458/1/458 940/1/940 
f 458/1/458 457/1/457 941/1/941 
f 941/1/941 940/1/940 458/1/458 
f 451/1/451 452/1/452 945/1/945 
f 945/1/945 946/1/946 451/1/451 
f 945/1/945 944/1/944 947/1/947 
f 947/1/947 946/1/946 945/1/945 
f 946/1/946 947/1/947 935/1/935 
f 935/1/935 934/1/934 946/1/946 
f 934/1/934 443/1/443 451/1/451 
f 451/1/451 946/1/946 934/1/934 
f 948/1/948 939/1/939 938/1/938 
f 938/1/938 949/1/949 948/1/948 
f 949/1/949 942/1/942 941/1/941 
f 941/1/941 948/1/948 949/1/949 
f 948/1/948 941/1/941 457/1/457 
f 457/1/457 464/1/464 948/1/948 
f 464/1/464 463/1/463 939/1/939 
f 939/1/939 948/1/948 464/1/464 
f 950/1/950 951/1/951 952/1/952 
f 952/1/952 953/1/953 950/1/950 
f 950/1/950 953/1/953 944/1/944 
f 950/1/950 943/1/943 942/1/942 
f 942/1/942 949/1/949 950/1/950 
f 949/1/949 938/1/938 951/1/951 
f 951/1/951 950/1/950 949/1/949 
f 954/1/954 933/1/933 935/1/935 
f 935/1/935 947/1/947 954/1/954 
f 947/1/947 944/1/944 953/1/953 
f 954/1/954 953/1/953 952/1/952 
f 952/1/952 955/1/955 954/1/954 
f 434/1/434 933/1/933 954/1/954 
f 956/1/956 955/1/955 952/1/952 
f 952/1/952 951/1/951 956/1/956 
f 951/1/951 938/1/938 937/1/937 
f 937/1/937 956/1/956 951/1/951 
f 956/1/956 937/1/937 436/1/436 
f 436/1/436 435/1/435 956/1/956 
f 956/1/956 435/1/435 434/1/434 
f 379/1/379 378/1/378 957/1/957 
f 957/1/957 958/1/958 379/1/379 
f 957/1/957 367/1/367 959/1/959 
f 959/1/959 958/1/958 957/1/957 
f 958/1/958 959/1/959 354/1/354 
f 354/1/354 353/1/353 958/1/958 
f 353/1/353 352/1/352 379/1/379 
f 379/1/379 958/1/958 353/1/353 
f 960/1/960 959/1/959 367/1/367 
f 367/1/367 366/1/366 960/1/960 
f 366/1/366 365/1/365 387/1/387 
f 387/1/387 960/1/960 366/1/366 
f 960/1/960 387/1/387 356/1/356 
f 356/1/356 355/1/355 960/1/960 
f 960/1/960 355/1/355 354/1/354 
f 354/1/354 959/1/959 960/1/960 
f 961/1/961 369/1/369 361/1/361 
f 361/1/361 360/1/360 961/1/961 
f 360/1/360 367/1/367 957/1/957 
f 957/1/957 961/1/961 360/1/360 
f 961/1/961 957/1/957 378/1/378 
f 962/1/962 370/1/370 369/1/369 
f 369/1/369 961/1/961 962/1/962 
f 963/1/963 371/1/371 370/1/370 
f 370/1/370 962/1/962 963/1/963 
f 962/1/962 378/1/378 377/1/377 
f 377/1/377 963/1/963 962/1/962 
f 963/1/963 377/1/377 376/1/376 
f 376/1/376 400/1/400 963/1/963 
f 400/1/400 372/1/372 371/1/371 
f 371/1/371 963/1/963 400/1/400 
f 964/1/964 920/1/920 889/1/889 
f 888/1/888 887/1/887 965/1/965 
f 965/1/965 964/1/964 888/1/888 
f 964/1/964 965/1/965 966/1/966 
f 966/1/966 967/1/967 964/1/964 
f 967/1/967 921/1/921 920/1/920 
f 920/1/920 964/1/964 967/1/967 
f 968/1/968 821/1/821 559/1/559 
f 559/1/559 969/1/969 968/1/968 
f 969/1/969 970/1/970 971/1/971 
f 971/1/971 968/1/968 969/1/969 
f 968/1/968 971/1/971 972/1/972 
f 972/1/972 973/1/973 968/1/968 
f 973/1/973 822/1/822 821/1/821 
f 821/1/821 968/1/968 973/1/973 
f 974/1/974 975/1/975 976/1/976 
f 976/1/976 977/1/977 974/1/974 
f 977/1/977 917/1/917 916/1/916 
f 916/1/916 974/1/974 977/1/977 
f 974/1/974 916/1/916 921/1/921 
f 921/1/921 967/1/967 974/1/974 
f 967/1/967 966/1/966 975/1/975 
f 975/1/975 974/1/974 967/1/967 
f 978/1/978 971/1/971 970/1/970 
f 970/1/970 979/1/979 978/1/978 
f 979/1/979 976/1/976 975/1/975 
f 975/1/975 978/1/978 979/1/979 
f 978/1/978 975/1/975 966/1/966 
f 966/1/966 980/1/980 978/1/978 
f 980/1/980 972/1/972 971/1/971 
f 971/1/971 978/1/978 980/1/980 
f 981/1/981 584/1/584 573/1/573 
f 573/1/573 982/1/982 981/1/981 
f 982/1/982 983/1/983 984/1/984 
f 984/1/984 981/1/981 982/1/982 
f 981/1/981 984/1/984 563/1/563 
f 563/1/563 562/1/562 981/1/981 
f 562/1/562 567/1/567 584/1/584 
f 584/1/584 981/1/981 562/1/562 
f 985/1/985 983/1/983 986/1/986 
f 986/1/986 924/1/924 923/1/923 
f 923/1/923 987/1/987 986/1/986 
f 987/1/987 923/1/923 917/1/917 
f 977/1/977 976/1/976 985/1/985 
f 988/1/988 989/1/989 990/1/990 
f 990/1/990 991/1/991 988/1/988 
f 988/1/988 991/1/991 983/1/983 
f 983/1/983 985/1/985 988/1/988 
f 988/1/988 985/1/985 976/1/976 
f 976/1/976 979/1/979 988/1/988 
f 979/1/979 970/1/970 989/1/989 
f 989/1/989 988/1/988 979/1/979 
f 992/1/992 930/1/930 924/1/924 
f 924/1/924 986/1/986 992/1/992 
f 986/1/986 983/1/983 982/1/982 
f 982/1/982 992/1/992 986/1/986 
f 573/1/573 572/1/572 992/1/992 
f 572/1/572 579/1/579 930/1/930 
f 930/1/930 992/1/992 572/1/572 
f 993/1/993 570/1/570 563/1/563 
f 984/1/984 983/1/983 991/1/991 
f 993/1/993 991/1/991 990/1/990 
f 990/1/990 994/1/994 993/1/993 
f 994/1/994 557/1/557 570/1/570 
f 570/1/570 993/1/993 994/1/994 
f 995/1/995 558/1/558 557/1/557 
f 557/1/557 994/1/994 995/1/995 
f 994/1/994 990/1/990 989/1/989 
f 989/1/989 995/1/995 994/1/994 
f 995/1/995 989/1/989 970/1/970 
f 970/1/970 969/1/969 995/1/995 
f 969/1/969 559/1/559 558/1/558 
f 558/1/558 995/1/995 969/1/969 
f 996/1/996 997/1/997 846/1/846 
f 846/1/846 998/1/998 996/1/996 
f 998/1/998 999/1/999 1000/1/1000 
f 1000/1/1000 996/1/996 998/1/998 
f 996/1/996 1000/1/1000 1001/1/1001 
f 1001/1/1001 1002/1/1002 996/1/996 
f 1002/1/1002 1003/1/1003 997/1/997 
f 997/1/997 996/1/996 1002/1/1002 
f 1004/1/1004 823/1/823 822/1/822 
f 822/1/822 1005/1/1005 1004/1/1004 
f 1005/1/1005 1006/1/1006 1007/1/1007 
f 1007/1/1007 1004/1/1004 1005/1/1005 
f 1004/1/1004 1007/1/1007 830/1/830 
f 830/1/830 829/1/829 1004/1/1004 
f 829/1/829 817/1/817 823/1/823 
f 823/1/823 1004/1/1004 829/1/829 
f 1008/1/1008 973/1/973 972/1/972 
f 1009/1/1009 1010/1/1010 1011/1/1011 
f 1008/1/1008 1011/1/1011 1006/1/1006 
f 1006/1/1006 1005/1/1005 1008/1/1008 
f 1005/1/1005 822/1/822 973/1/973 
f 973/1/973 1008/1/1008 1005/1/1005 
f 1012/1/1012 1013/1/1013 1010/1/1010 
f 1009/1/1009 972/1/972 980/1/980 
f 1012/1/1012 980/1/980 966/1/966 
f 965/1/965 887/1/887 1013/1/1013 
f 1014/1/1014 1011/1/1011 1010/1/1010 
f 1010/1/1010 1015/1/1015 1014/1/1014 
f 1015/1/1015 1016/1/1016 1017/1/1017 
f 1017/1/1017 1014/1/1014 1015/1/1015 
f 1014/1/1014 1017/1/1017 1018/1/1018 
f 1018/1/1018 1019/1/1019 1014/1/1014 
f 1019/1/1019 1006/1/1006 1011/1/1011 
f 1020/1/1020 1016/1/1016 1015/1/1015 
f 1015/1/1015 1021/1/1021 1020/1/1020 
f 1015/1/1015 1010/1/1010 1013/1/1013 
f 1013/1/1013 1021/1/1021 1015/1/1015 
f 1013/1/1013 887/1/887 886/1/886 
f 886/1/886 1021/1/1021 1013/1/1013 
f 1021/1/1021 886/1/886 892/1/892 
f 892/1/892 1020/1/1020 1021/1/1021 
f 1022/1/1022 1023/1/1023 1024/1/1024 
f 1024/1/1024 1025/1/1025 1022/1/1022 
f 1025/1/1025 1026/1/1026 1027/1/1027 
f 1027/1/1027 1022/1/1022 1025/1/1025 
f 1027/1/1027 1028/1/1028 1029/1/1029 
f 1029/1/1029 1022/1/1022 1027/1/1027 
f 1029/1/1029 999/1/999 1023/1/1023 
f 1023/1/1023 1022/1/1022 1029/1/1029 
f 1030/1/1030 1031/1/1031 1032/1/1032 
f 1032/1/1032 1033/1/1033 1030/1/1030 
f 1033/1/1033 1034/1/1034 1035/1/1035 
f 1035/1/1035 1030/1/1030 1033/1/1033 
f 1030/1/1030 1035/1/1035 1016/1/1016 
f 1016/1/1016 1020/1/1020 1030/1/1030 
f 1020/1/1020 892/1/892 1031/1/1031 
f 1031/1/1031 1030/1/1030 1020/1/1020 
f 845/1/845 844/1/844 1036/1/1036 
f 1036/1/1036 1037/1/1037 845/1/845 
f 1036/1/1036 1024/1/1024 1023/1/1023 
f 1023/1/1023 1037/1/1037 1036/1/1036 
f 1037/1/1037 1023/1/1023 999/1/999 
f 999/1/999 998/1/998 1037/1/1037 
f 998/1/998 846/1/846 845/1/845 
f 845/1/845 1037/1/1037 998/1/998 
f 1038/1/1038 1039/1/1039 1018/1/1018 
f 1018/1/1018 1017/1/1017 1038/1/1038 
f 1017/1/1017 1016/1/1016 1035/1/1035 
f 1035/1/1035 1038/1/1038 1017/1/1017 
f 1038/1/1038 1035/1/1035 1034/1/1034 
f 1034/1/1034 1040/1/1040 1038/1/1038 
f 1038/1/1038 1040/1/1040 1041/1/1041 
f 1041/1/1041 1039/1/1039 1038/1/1038 
f 1042/1/1042 1043/1/1043 1032/1/1032 
f 1032/1/1032 1044/1/1044 1042/1/1042 
f 1044/1/1044 868/1/868 867/1/867 
f 867/1/867 1042/1/1042 1044/1/1044 
f 1042/1/1042 867/1/867 853/1/853 
f 853/1/853 1045/1/1045 1042/1/1042 
f 1045/1/1045 1026/1/1026 1043/1/1043 
f 1043/1/1043 1042/1/1042 1045/1/1045 
f 1046/1/1046 1047/1/1047 1025/1/1025 
f 1025/1/1025 1024/1/1024 1046/1/1046 
f 1047/1/1047 1046/1/1046 1034/1/1034 
f 1034/1/1034 1033/1/1033 1047/1/1047 
f 1033/1/1033 1032/1/1032 1043/1/1043 
f 1043/1/1043 1047/1/1047 1033/1/1033 
f 1047/1/1047 1043/1/1043 1026/1/1026 
f 1026/1/1026 1025/1/1025 1047/1/1047 
f 1048/1/1048 873/1/873 868/1/868 
f 868/1/868 1044/1/1044 1048/1/1048 
f 1044/1/1044 1032/1/1032 1031/1/1031 
f 1031/1/1031 1048/1/1048 1044/1/1044 
f 1048/1/1048 1031/1/1031 892/1/892 
f 892/1/892 891/1/891 1048/1/1048 
f 891/1/891 874/1/874 873/1/873 
f 873/1/873 1048/1/1048 891/1/891 
f 1046/1/1046 1049/1/1049 1040/1/1040 
f 1040/1/1040 1034/1/1034 1046/1/1046 
f 1046/1/1046 1024/1/1024 1036/1/1036 
f 1036/1/1036 1049/1/1049 1046/1/1046 
f 1049/1/1049 1036/1/1036 844/1/844 
f 844/1/844 1050/1/1050 1049/1/1049 
f 1050/1/1050 1041/1/1041 1040/1/1040 
f 1040/1/1040 1049/1/1049 1050/1/1050 
f 1051/1/1051 1052/1/1052 1053/1/1053 
f 1053/1/1053 1054/1/1054 1051/1/1051 
f 1054/1/1054 250/1/250 269/1/269 
f 269/1/269 1051/1/1051 1054/1/1054 
f 1051/1/1051 269/1/269 268/1/268 
f 268/1/268 902/1/902 1051/1/1051 
f 902/1/902 901/1/901 1052/1/1052 
f 1052/1/1052 1051/1/1051 902/1/902 
f 1055/1/1055 251/1/251 250/1/250 
f 250/1/250 1054/1/1054 1055/1/1055 
f 1054/1/1054 1053/1/1053 1056/1/1056 
f 1056/1/1056 1055/1/1055 1054/1/1054 
f 1055/1/1055 1056/1/1056 1057/1/1057 
f 1057/1/1057 1058/1/1058 1055/1/1055 
f 1058/1/1058 252/1/252 251/1/251 
f 251/1/251 1055/1/1055 1058/1/1058 
f 1059/1/1059 1056/1/1056 1053/1/1053 
f 1053/1/1053 1060/1/1060 1059/1/1059 
f 1060/1/1060 1061/1/1061 1062/1/1062 
f 1062/1/1062 1059/1/1059 1060/1/1060 
f 1059/1/1059 1062/1/1062 1063/1/1063 
f 1063/1/1063 1064/1/1064 1059/1/1059 
f 1064/1/1064 1057/1/1057 1056/1/1056 
f 1056/1/1056 1059/1/1059 1064/1/1064 
f 244/1/244 243/1/243 1065/1/1065 
f 1065/1/1065 1066/1/1066 244/1/244 
f 1066/1/1066 1065/1/1065 1067/1/1067 
f 1067/1/1067 1068/1/1068 1066/1/1066 
f 1068/1/1068 1069/1/1069 1070/1/1070 
f 1070/1/1070 1066/1/1066 1068/1/1068 
f 1066/1/1066 1070/1/1070 245/1/245 
f 245/1/245 244/1/244 1066/1/1066 
f 1071/1/1071 230/1/230 236/1/236 
f 1072/1/1072 1073/1/1073 1074/1/1074 
f 1071/1/1071 1074/1/1074 1075/1/1075 
f 1075/1/1075 1076/1/1076 1071/1/1071 
f 1076/1/1076 231/1/231 230/1/230 
f 1077/1/1077 1078/1/1078 1079/1/1079 
f 1079/1/1079 1080/1/1080 1077/1/1077 
f 1080/1/1080 257/1/257 256/1/256 
f 256/1/256 1077/1/1077 1080/1/1080 
f 1077/1/1077 256/1/256 263/1/263 
f 263/1/263 1081/1/1081 1077/1/1077 
f 1081/1/1081 1082/1/1082 1078/1/1078 
f 1078/1/1078 1077/1/1077 1081/1/1081 
f 1083/1/1083 1084/1/1084 1085/1/1085 
f 1085/1/1085 1086/1/1086 1083/1/1083 
f 1086/1/1086 1087/1/1087 1088/1/1088 
f 1088/1/1088 1083/1/1083 1086/1/1086 
f 1083/1/1083 1088/1/1088 221/1/221 
f 221/1/221 228/1/228 1083/1/1083 
f 228/1/228 227/1/227 1084/1/1084 
f 1084/1/1084 1083/1/1083 228/1/228 
f 1089/1/1089 1090/1/1090 1091/1/1091 
f 1091/1/1091 1092/1/1092 1089/1/1089 
f 1092/1/1092 89/1/89 88/1/88 
f 88/1/88 1089/1/1089 1092/1/1092 
f 1089/1/1089 88/1/88 87/1/87 
f 87/1/87 216/1/216 1089/1/1089 
f 216/1/216 215/1/215 1090/1/1090 
f 1090/1/1090 1089/1/1089 216/1/216 
f 1093/1/1093 1088/1/1088 1087/1/1087 
f 1087/1/1087 1094/1/1094 1093/1/1093 
f 1094/1/1094 1091/1/1091 1090/1/1090 
f 1090/1/1090 1093/1/1093 1094/1/1094 
f 1093/1/1093 1090/1/1090 215/1/215 
f 215/1/215 222/1/222 1093/1/1093 
f 222/1/222 221/1/221 1088/1/1088 
f 1088/1/1088 1093/1/1093 222/1/222 
f 1095/1/1095 1096/1/1096 1097/1/1097 
f 1097/1/1097 1098/1/1098 1095/1/1095 
f 1098/1/1098 1099/1/1099 1100/1/1100 
f 1100/1/1100 1095/1/1095 1098/1/1098 
f 1095/1/1095 1100/1/1100 1091/1/1091 
f 1091/1/1091 1094/1/1094 1095/1/1095 
f 1094/1/1094 1087/1/1087 1096/1/1096 
f 1096/1/1096 1095/1/1095 1094/1/1094 
f 90/1/90 89/1/89 1101/1/1101 
f 1101/1/1101 1102/1/1102 90/1/90 
f 1101/1/1101 1103/1/1103 1104/1/1104 
f 1104/1/1104 862/1/862 884/1/884 
f 884/1/884 1102/1/1102 1104/1/1104 
f 884/1/884 91/1/91 90/1/90 
f 90/1/90 1102/1/1102 884/1/884 
f 1105/1/1105 1100/1/1100 1099/1/1099 
f 1099/1/1099 1106/1/1106 1105/1/1105 
f 1106/1/1106 1103/1/1103 1101/1/1101 
f 1101/1/1101 1105/1/1105 1106/1/1106 
f 1105/1/1105 1101/1/1101 89/1/89 
f 89/1/89 1092/1/1092 1105/1/1105 
f 1092/1/1092 1091/1/1091 1100/1/1100 
f 1100/1/1100 1105/1/1105 1092/1/1092 
f 1107/1/1107 1108/1/1108 1109/1/1109 
f 1109/1/1109 1110/1/1110 1107/1/1107 
f 1110/1/1110 1111/1/1111 1112/1/1112 
f 1107/1/1107 1112/1/1112 1113/1/1113 
f 1114/1/1114 1115/1/1115 1108/1/1108 
f 1116/1/1116 1117/1/1117 1118/1/1118 
f 1118/1/1118 1119/1/1119 1116/1/1116 
f 1119/1/1119 1109/1/1109 1108/1/1108 
f 1108/1/1108 1116/1/1116 1119/1/1119 
f 1116/1/1116 1108/1/1108 1115/1/1115 
f 1115/1/1115 1120/1/1120 1116/1/1116 
f 1120/1/1120 1121/1/1121 1117/1/1117 
f 1117/1/1117 1116/1/1116 1120/1/1120 
f 1122/1/1122 1123/1/1123 1124/1/1124 
f 1124/1/1124 1125/1/1125 1122/1/1122 
f 1125/1/1125 1124/1/1124 1126/1/1126 
f 1126/1/1126 1127/1/1127 1125/1/1125 
f 1127/1/1127 1128/1/1128 1129/1/1129 
f 1129/1/1129 1125/1/1125 1127/1/1127 
f 1125/1/1125 1129/1/1129 1130/1/1130 
f 1130/1/1130 1122/1/1122 1125/1/1125 
f 1131/1/1131 1132/1/1132 1133/1/1133 
f 1133/1/1133 1134/1/1134 1131/1/1131 
f 1134/1/1134 1135/1/1135 1136/1/1136 
f 1136/1/1136 1131/1/1131 1134/1/1134 
f 1131/1/1131 1136/1/1136 1137/1/1137 
f 1137/1/1137 1138/1/1138 1131/1/1131 
f 1138/1/1138 1139/1/1139 1132/1/1132 
f 1132/1/1132 1131/1/1131 1138/1/1138 
f 1140/1/1140 1062/1/1062 1061/1/1061 
f 1061/1/1061 1141/1/1141 1140/1/1140 
f 1141/1/1141 1142/1/1142 1143/1/1143 
f 1143/1/1143 1140/1/1140 1141/1/1141 
f 1140/1/1140 1143/1/1143 1144/1/1144 
f 1145/1/1145 1063/1/1063 1062/1/1062 
f 1062/1/1062 1140/1/1140 1145/1/1145 
f 1146/1/1146 1147/1/1147 1148/1/1148 
f 1148/1/1148 1149/1/1149 1150/1/1150 
f 1150/1/1150 1151/1/1151 1148/1/1148 
f 1151/1/1151 1150/1/1150 1152/1/1152 
f 1153/1/1153 1154/1/1154 1146/1/1146 
f 1146/1/1146 1151/1/1151 1153/1/1153 
f 1155/1/1155 1143/1/1143 1142/1/1142 
f 1155/1/1155 1156/1/1156 1157/1/1157 
f 1157/1/1157 1158/1/1158 1155/1/1155 
f 1155/1/1155 1158/1/1158 1159/1/1159 
f 1143/1/1143 1155/1/1155 1160/1/1160 
f 1160/1/1160 1144/1/1144 1143/1/1143 
f 1161/1/1161 1158/1/1158 1157/1/1157 
f 1161/1/1161 1162/1/1162 1149/1/1149 
f 1161/1/1161 1148/1/1148 1147/1/1147 
f 1147/1/1147 1163/1/1163 1161/1/1161 
f 1163/1/1163 1159/1/1159 1158/1/1158 
f 1164/1/1164 1052/1/1052 901/1/901 
f 1165/1/1165 1166/1/1166 1167/1/1167 
f 1167/1/1167 1164/1/1164 1165/1/1165 
f 1164/1/1164 1167/1/1167 1061/1/1061 
f 1061/1/1061 1060/1/1060 1164/1/1164 
f 1060/1/1060 1053/1/1053 1052/1/1052 
f 1052/1/1052 1164/1/1164 1060/1/1060 
f 1167/1/1167 1166/1/1166 1168/1/1168 
f 1169/1/1169 1168/1/1168 1142/1/1142 
f 1142/1/1142 1141/1/1141 1169/1/1169 
f 1169/1/1169 1141/1/1141 1061/1/1061 
f 1061/1/1061 1167/1/1167 1169/1/1169 
f 1170/1/1170 1171/1/1171 1172/1/1172 
f 1173/1/1173 1157/1/1157 1156/1/1156 
f 1156/1/1156 1142/1/1142 1168/1/1168 
f 1170/1/1170 1168/1/1168 1166/1/1166 
f 1174/1/1174 1162/1/1162 1157/1/1157 
f 1157/1/1157 1173/1/1173 1174/1/1174 
f 1173/1/1173 1172/1/1172 1175/1/1175 
f 1174/1/1174 1175/1/1175 1176/1/1176 
f 1176/1/1176 1177/1/1177 1174/1/1174 
f 1177/1/1177 1149/1/1149 1162/1/1162 
f 1178/1/1178 576/1/576 575/1/575 
f 575/1/575 590/1/590 1178/1/1178 
f 590/1/590 589/1/589 1179/1/1179 
f 1179/1/1179 1178/1/1178 590/1/590 
f 1178/1/1178 1179/1/1179 1180/1/1180 
f 1180/1/1180 1181/1/1181 1178/1/1178 
f 1181/1/1181 577/1/577 576/1/576 
f 576/1/576 1178/1/1178 1181/1/1181 
f 1182/1/1182 906/1/906 577/1/577 
f 577/1/577 1181/1/1181 1182/1/1182 
f 1181/1/1181 1180/1/1180 1183/1/1183 
f 1182/1/1182 1183/1/1183 1166/1/1166 
f 1166/1/1166 1165/1/1165 1182/1/1182 
f 1165/1/1165 901/1/901 906/1/906 
f 906/1/906 1182/1/1182 1165/1/1165 
f 1184/1/1184 592/1/592 596/1/596 
f 596/1/596 1185/1/1185 1184/1/1184 
f 1185/1/1185 1186/1/1186 1187/1/1187 
f 1187/1/1187 1184/1/1184 1185/1/1185 
f 1184/1/1184 1187/1/1187 604/1/604 
f 604/1/604 603/1/603 1184/1/1184 
f 603/1/603 593/1/593 592/1/592 
f 1171/1/1171 1166/1/1166 1183/1/1183 
f 1183/1/1183 1188/1/1188 1171/1/1171 
f 1188/1/1188 1183/1/1183 1180/1/1180 
f 1180/1/1180 1189/1/1189 1188/1/1188 
f 1189/1/1189 1190/1/1190 1191/1/1191 
f 1191/1/1191 1188/1/1188 1189/1/1189 
f 1191/1/1191 1172/1/1172 1171/1/1171 
f 1171/1/1171 1188/1/1188 1191/1/1191 
f 1192/1/1192 1186/1/1186 1193/1/1193 
f 1194/1/1194 1193/1/1193 1195/1/1195 
f 1195/1/1195 1196/1/1196 1194/1/1194 
f 1196/1/1196 1190/1/1190 1192/1/1192 
f 1192/1/1192 1194/1/1194 1196/1/1196 
f 1197/1/1197 1179/1/1179 589/1/589 
f 589/1/589 1198/1/1198 1197/1/1197 
f 1198/1/1198 1186/1/1186 1192/1/1192 
f 1192/1/1192 1197/1/1197 1198/1/1198 
f 1197/1/1197 1192/1/1192 1190/1/1190 
f 1190/1/1190 1189/1/1189 1197/1/1197 
f 1189/1/1189 1180/1/1180 1179/1/1179 
f 1179/1/1179 1197/1/1197 1189/1/1189 
f 1199/1/1199 632/1/632 631/1/631 
f 631/1/631 1200/1/1200 1199/1/1199 
f 1200/1/1200 1186/1/1186 1198/1/1198 
f 1198/1/1198 589/1/589 588/1/588 
f 588/1/588 1199/1/1199 1198/1/1198 
f 588/1/588 587/1/587 632/1/632 
f 632/1/632 1199/1/1199 588/1/588 
f 613/1/613 604/1/604 1187/1/1187 
f 1187/1/1187 1201/1/1201 613/1/613 
f 1187/1/1187 1186/1/1186 1200/1/1200 
f 1200/1/1200 631/1/631 639/1/639 
f 1201/1/1201 639/1/639 614/1/614 
f 614/1/614 613/1/613 1201/1/1201 
f 1202/1/1202 1175/1/1175 1172/1/1172 
f 1202/1/1202 1191/1/1191 1190/1/1190 
f 1190/1/1190 1196/1/1196 1202/1/1202 
f 1202/1/1202 1196/1/1196 1195/1/1195 
f 1203/1/1203 1176/1/1176 1175/1/1175 
f 1204/1/1204 1205/1/1205 1206/1/1206 
f 1206/1/1206 1207/1/1207 1204/1/1204 
f 1207/1/1207 1208/1/1208 1209/1/1209 
f 1209/1/1209 1204/1/1204 1207/1/1207 
f 1204/1/1204 1209/1/1209 1210/1/1210 
f 1210/1/1210 1211/1/1211 1204/1/1204 
f 1211/1/1211 1212/1/1212 1205/1/1205 
f 1205/1/1205 1204/1/1204 1211/1/1211 
f 1213/1/1213 1211/1/1211 1210/1/1210 
f 1210/1/1210 1214/1/1214 1213/1/1213 
f 1214/1/1214 1215/1/1215 1216/1/1216 
f 1216/1/1216 1213/1/1213 1214/1/1214 
f 1213/1/1213 1216/1/1216 1217/1/1217 
f 1217/1/1217 1218/1/1218 1213/1/1213 
f 1218/1/1218 1212/1/1212 1211/1/1211 
f 1214/1/1214 1210/1/1210 1209/1/1209 
f 1209/1/1209 1219/1/1219 1214/1/1214 
f 1209/1/1209 1208/1/1208 1220/1/1220 
f 1220/1/1220 1219/1/1219 1209/1/1209 
f 1219/1/1219 1220/1/1220 1221/1/1221 
f 1221/1/1221 1222/1/1222 1219/1/1219 
f 1222/1/1222 1215/1/1215 1214/1/1214 
f 1214/1/1214 1219/1/1219 1222/1/1222 
f 1223/1/1223 1224/1/1224 1225/1/1225 
f 1225/1/1225 1226/1/1226 1223/1/1223 
f 1226/1/1226 1225/1/1225 1227/1/1227 
f 1227/1/1227 1228/1/1228 1226/1/1226 
f 1228/1/1228 1221/1/1221 1220/1/1220 
f 1220/1/1220 1226/1/1226 1228/1/1228 
f 1226/1/1226 1220/1/1220 1208/1/1208 
f 1208/1/1208 1223/1/1223 1226/1/1226 
f 1229/1/1229 1230/1/1230 1215/1/1215 
f 1215/1/1215 1222/1/1222 1229/1/1229 
f 1222/1/1222 1221/1/1221 1231/1/1231 
f 1231/1/1231 1229/1/1229 1222/1/1222 
f 1229/1/1229 1231/1/1231 1232/1/1232 
f 1232/1/1232 1233/1/1233 1229/1/1229 
f 1233/1/1233 1234/1/1234 1230/1/1230 
f 1230/1/1230 1229/1/1229 1233/1/1233 
f 1235/1/1235 1228/1/1228 1227/1/1227 
f 1227/1/1227 1236/1/1236 1235/1/1235 
f 1236/1/1236 1237/1/1237 1238/1/1238 
f 1238/1/1238 1235/1/1235 1236/1/1236 
f 1231/1/1231 1235/1/1235 1238/1/1238 
f 1238/1/1238 1232/1/1232 1231/1/1231 
f 1235/1/1235 1231/1/1231 1221/1/1221 
f 1221/1/1221 1228/1/1228 1235/1/1235 
f 1238/1/1238 1237/1/1237 1239/1/1239 
f 1239/1/1239 1240/1/1240 1238/1/1238 
f 1240/1/1240 1239/1/1239 1241/1/1241 
f 1241/1/1241 1242/1/1242 1240/1/1240 
f 1242/1/1242 1243/1/1243 1244/1/1244 
f 1244/1/1244 1240/1/1240 1242/1/1242 
f 1240/1/1240 1244/1/1244 1232/1/1232 
f 1232/1/1232 1238/1/1238 1240/1/1240 
f 1245/1/1245 1246/1/1246 1247/1/1247 
f 1247/1/1247 1248/1/1248 1245/1/1245 
f 1245/1/1245 1248/1/1248 1249/1/1249 
f 1249/1/1249 1250/1/1250 1245/1/1245 
f 1250/1/1250 1121/1/1121 1120/1/1120 
f 1120/1/1120 1245/1/1245 1250/1/1250 
f 1120/1/1120 1115/1/1115 1246/1/1246 
f 1246/1/1246 1245/1/1245 1120/1/1120 
f 1251/1/1251 1252/1/1252 1253/1/1253 
f 1253/1/1253 1254/1/1254 1251/1/1251 
f 1254/1/1254 1255/1/1255 1256/1/1256 
f 1256/1/1256 1251/1/1251 1254/1/1254 
f 1251/1/1251 1256/1/1256 1099/1/1099 
f 1099/1/1099 1098/1/1098 1251/1/1251 
f 1098/1/1098 1097/1/1097 1252/1/1252 
f 1252/1/1252 1251/1/1251 1098/1/1098 
f 1257/1/1257 1256/1/1256 1255/1/1255 
f 1258/1/1258 1103/1/1103 1106/1/1106 
f 1106/1/1106 1257/1/1257 1258/1/1258 
f 1106/1/1106 1099/1/1099 1256/1/1256 
f 1256/1/1256 1257/1/1257 1106/1/1106 
f 1259/1/1259 1114/1/1114 1113/1/1113 
f 1113/1/1113 1260/1/1260 1259/1/1259 
f 1260/1/1260 1261/1/1261 1262/1/1262 
f 1247/1/1247 1246/1/1246 1259/1/1259 
f 1259/1/1259 1246/1/1246 1115/1/1115 
f 1115/1/1115 1114/1/1114 1259/1/1259 
f 1263/1/1263 1264/1/1264 1265/1/1265 
f 1266/1/1266 1267/1/1267 1268/1/1268 
f 1268/1/1268 1263/1/1263 1266/1/1266 
f 1263/1/1263 1268/1/1268 1261/1/1261 
f 1260/1/1260 1113/1/1113 1264/1/1264 
f 1269/1/1269 1262/1/1262 1261/1/1261 
f 1270/1/1270 1271/1/1271 1272/1/1272 
f 1272/1/1272 1269/1/1269 1270/1/1270 
f 1269/1/1269 1272/1/1272 1273/1/1273 
f 1273/1/1273 1274/1/1274 1269/1/1269 
f 1274/1/1274 1247/1/1247 1262/1/1262 
f 1262/1/1262 1269/1/1269 1274/1/1274 
f 1271/1/1271 1275/1/1275 1276/1/1276 
f 1275/1/1275 1267/1/1267 1277/1/1277 
f 1277/1/1277 1103/1/1103 1258/1/1258 
f 1258/1/1258 1255/1/1255 1278/1/1278 
f 1279/1/1279 1104/1/1104 1103/1/1103 
f 1103/1/1103 1277/1/1277 1279/1/1279 
f 1277/1/1277 1267/1/1267 1280/1/1280 
f 1279/1/1279 1280/1/1280 864/1/864 
f 864/1/864 863/1/863 1279/1/1279 
f 863/1/863 862/1/862 1104/1/1104 
f 1281/1/1281 1275/1/1275 1271/1/1271 
f 1271/1/1271 1270/1/1270 1281/1/1281 
f 1281/1/1281 1270/1/1270 1261/1/1261 
f 1261/1/1261 1268/1/1268 1281/1/1281 
f 1268/1/1268 1267/1/1267 1275/1/1275 
f 1275/1/1275 1281/1/1281 1268/1/1268 
f 1282/1/1282 1283/1/1283 857/1/857 
f 857/1/857 865/1/865 1282/1/1282 
f 865/1/865 864/1/864 1280/1/1280 
f 1280/1/1280 1282/1/1282 865/1/865 
f 1282/1/1282 1280/1/1280 1267/1/1267 
f 1267/1/1267 1266/1/1266 1282/1/1282 
f 1266/1/1266 1265/1/1265 1283/1/1283 
f 1283/1/1283 1282/1/1282 1266/1/1266 
f 1284/1/1284 1285/1/1285 1273/1/1273 
f 1278/1/1278 1284/1/1284 1272/1/1272 
f 1272/1/1272 1271/1/1271 1278/1/1278 
f 1284/1/1284 1278/1/1278 1255/1/1255 
f 1255/1/1255 1254/1/1254 1284/1/1284 
f 1254/1/1254 1253/1/1253 1285/1/1285 
f 1286/1/1286 852/1/852 859/1/859 
f 859/1/859 1287/1/1287 1286/1/1286 
f 1287/1/1287 1028/1/1028 1027/1/1027 
f 1027/1/1027 1286/1/1286 1287/1/1287 
f 1286/1/1286 1027/1/1027 1026/1/1026 
f 1026/1/1026 1045/1/1045 1286/1/1286 
f 1045/1/1045 853/1/853 852/1/852 
f 852/1/852 1286/1/1286 1045/1/1045 
f 1288/1/1288 1000/1/1000 999/1/999 
f 999/1/999 1029/1/1029 1288/1/1288 
f 1288/1/1288 1029/1/1029 1028/1/1028 
f 1028/1/1028 1289/1/1289 1288/1/1288 
f 1289/1/1289 1290/1/1290 1291/1/1291 
f 1291/1/1291 1288/1/1288 1289/1/1289 
f 1291/1/1291 1001/1/1001 1000/1/1000 
f 1000/1/1000 1288/1/1288 1291/1/1291 
f 1292/1/1292 1283/1/1283 1265/1/1265 
f 1293/1/1293 1294/1/1294 1295/1/1295 
f 1295/1/1295 1292/1/1292 1293/1/1293 
f 1292/1/1292 1295/1/1295 859/1/859 
f 859/1/859 858/1/858 1292/1/1292 
f 858/1/858 857/1/857 1283/1/1283 
f 1283/1/1283 1292/1/1292 858/1/858 
f 1296/1/1296 1264/1/1264 1113/1/1113 
f 1113/1/1113 1112/1/1112 1296/1/1296 
f 1112/1/1112 1111/1/1111 1297/1/1297 
f 1297/1/1297 1296/1/1296 1112/1/1112 
f 1296/1/1296 1297/1/1297 1294/1/1294 
f 1294/1/1294 1293/1/1293 1296/1/1296 
f 1293/1/1293 1265/1/1265 1264/1/1264 
f 1298/1/1298 1299/1/1299 1300/1/1300 
f 1300/1/1300 1301/1/1301 1298/1/1298 
f 1301/1/1301 1300/1/1300 1028/1/1028 
f 1028/1/1028 1287/1/1287 1301/1/1301 
f 1287/1/1287 859/1/859 1295/1/1295 
f 1295/1/1295 1301/1/1301 1287/1/1287 
f 1294/1/1294 1298/1/1298 1301/1/1301 
f 1302/1/1302 1303/1/1303 1290/1/1290 
f 1290/1/1290 1289/1/1289 1302/1/1302 
f 1289/1/1289 1028/1/1028 1300/1/1300 
f 1300/1/1300 1302/1/1302 1289/1/1289 
f 1302/1/1302 1300/1/1300 1299/1/1299 
f 1299/1/1299 1303/1/1303 1302/1/1302 
f 1304/1/1304 1294/1/1294 1297/1/1297 
f 1297/1/1297 1305/1/1305 1304/1/1304 
f 1305/1/1305 1297/1/1297 1111/1/1111 
f 1111/1/1111 1306/1/1306 1305/1/1305 
f 1305/1/1305 1306/1/1306 1307/1/1307 
f 1307/1/1307 1304/1/1304 1305/1/1305 
f 1308/1/1308 1291/1/1291 1290/1/1290 
f 1290/1/1290 1309/1/1309 1308/1/1308 
f 1308/1/1308 1309/1/1309 1310/1/1310 
f 1310/1/1310 1311/1/1311 1308/1/1308 
f 1311/1/1311 1312/1/1312 1313/1/1313 
f 1313/1/1313 1308/1/1308 1311/1/1311 
f 1308/1/1308 1313/1/1313 1001/1/1001 
f 1001/1/1001 1291/1/1291 1308/1/1308 
f 1303/1/1303 1299/1/1299 1314/1/1314 
f 1314/1/1314 1315/1/1315 1303/1/1303 
f 1315/1/1315 1314/1/1314 1316/1/1316 
f 1317/1/1317 1310/1/1310 1309/1/1309 
f 1309/1/1309 1315/1/1315 1317/1/1317 
f 1309/1/1309 1290/1/1290 1303/1/1303 
f 1303/1/1303 1315/1/1315 1309/1/1309 
f 1318/1/1318 1304/1/1304 1307/1/1307 
f 1307/1/1307 1319/1/1319 1318/1/1318 
f 1319/1/1319 1316/1/1316 1314/1/1314 
f 1314/1/1314 1318/1/1318 1319/1/1319 
f 1318/1/1318 1314/1/1314 1299/1/1299 
f 1299/1/1299 1298/1/1298 1318/1/1318 
f 1298/1/1298 1294/1/1294 1304/1/1304 
f 1304/1/1304 1318/1/1318 1298/1/1298 
f 1311/1/1311 1310/1/1310 1320/1/1320 
f 1321/1/1321 1320/1/1320 1322/1/1322 
f 1322/1/1322 1323/1/1323 1321/1/1321 
f 1323/1/1323 1324/1/1324 1325/1/1325 
f 1325/1/1325 1321/1/1321 1323/1/1323 
f 1321/1/1321 1325/1/1325 1312/1/1312 
f 1312/1/1312 1311/1/1311 1321/1/1321 
f 1110/1/1110 1109/1/1109 1326/1/1326 
f 1326/1/1326 1327/1/1327 1110/1/1110 
f 1328/1/1328 1327/1/1327 1326/1/1326 
f 1326/1/1326 1329/1/1329 1328/1/1328 
f 1327/1/1327 1328/1/1328 1307/1/1307 
f 1307/1/1307 1306/1/1306 1327/1/1327 
f 1306/1/1306 1111/1/1111 1110/1/1110 
f 1110/1/1110 1327/1/1327 1306/1/1306 
f 1330/1/1330 1328/1/1328 1329/1/1329 
f 1329/1/1329 1331/1/1331 1330/1/1330 
f 1331/1/1331 1332/1/1332 1333/1/1333 
f 1333/1/1333 1330/1/1330 1331/1/1331 
f 1330/1/1330 1333/1/1333 1316/1/1316 
f 1319/1/1319 1307/1/1307 1328/1/1328 
f 1328/1/1328 1330/1/1330 1319/1/1319 
f 1334/1/1334 1333/1/1333 1332/1/1332 
f 1332/1/1332 1335/1/1335 1334/1/1334 
f 1335/1/1335 1322/1/1322 1320/1/1320 
f 1320/1/1320 1334/1/1334 1335/1/1335 
f 1334/1/1334 1320/1/1320 1310/1/1310 
f 1310/1/1310 1317/1/1317 1334/1/1334 
f 1317/1/1317 1316/1/1316 1333/1/1333 
f 1336/1/1336 1337/1/1337 1338/1/1338 
f 1338/1/1338 1339/1/1339 1336/1/1336 
f 1339/1/1339 1340/1/1340 1341/1/1341 
f 1341/1/1341 1336/1/1336 1339/1/1339 
f 1336/1/1336 1341/1/1341 1324/1/1324 
f 1324/1/1324 1323/1/1323 1336/1/1336 
f 1323/1/1323 1322/1/1322 1337/1/1337 
f 1342/1/1342 1326/1/1326 1109/1/1109 
f 1109/1/1109 1119/1/1119 1342/1/1342 
f 1119/1/1119 1118/1/1118 1343/1/1343 
f 1343/1/1343 1342/1/1342 1119/1/1119 
f 1343/1/1343 1344/1/1344 1345/1/1345 
f 1345/1/1345 1342/1/1342 1343/1/1343 
f 1345/1/1345 1329/1/1329 1326/1/1326 
f 1326/1/1326 1342/1/1342 1345/1/1345 
f 1346/1/1346 1345/1/1345 1344/1/1344 
f 1344/1/1344 1347/1/1347 1346/1/1346 
f 1347/1/1347 1348/1/1348 1349/1/1349 
f 1349/1/1349 1346/1/1346 1347/1/1347 
f 1346/1/1346 1349/1/1349 1332/1/1332 
f 1332/1/1332 1331/1/1331 1346/1/1346 
f 1331/1/1331 1329/1/1329 1345/1/1345 
f 1345/1/1345 1346/1/1346 1331/1/1331 
f 1350/1/1350 1349/1/1349 1348/1/1348 
f 1348/1/1348 1351/1/1351 1350/1/1350 
f 1351/1/1351 1338/1/1338 1337/1/1337 
f 1337/1/1337 1350/1/1350 1351/1/1351 
f 1350/1/1350 1337/1/1337 1322/1/1322 
f 1322/1/1322 1335/1/1335 1350/1/1350 
f 1335/1/1335 1332/1/1332 1349/1/1349 
f 1349/1/1349 1350/1/1350 1335/1/1335 
f 1352/1/1352 1353/1/1353 1354/1/1354 
f 1354/1/1354 1355/1/1355 1352/1/1352 
f 1355/1/1355 1356/1/1356 1357/1/1357 
f 1357/1/1357 1352/1/1352 1355/1/1355 
f 1352/1/1352 1357/1/1357 1358/1/1358 
f 1358/1/1358 1359/1/1359 1352/1/1352 
f 1359/1/1359 1360/1/1360 1353/1/1353 
f 1353/1/1353 1352/1/1352 1359/1/1359 
f 1361/1/1361 1355/1/1355 1354/1/1354 
f 1362/1/1362 1363/1/1363 1364/1/1364 
f 1364/1/1364 1361/1/1361 1362/1/1362 
f 1361/1/1361 1364/1/1364 1365/1/1365 
f 1365/1/1365 1366/1/1366 1361/1/1361 
f 1366/1/1366 1356/1/1356 1355/1/1355 
f 1355/1/1355 1361/1/1361 1366/1/1366 
f 1367/1/1367 1368/1/1368 1369/1/1369 
f 1369/1/1369 1370/1/1370 1367/1/1367 
f 1367/1/1367 1371/1/1371 1372/1/1372 
f 1368/1/1368 1372/1/1372 1373/1/1373 
f 1373/1/1373 1374/1/1374 1368/1/1368 
f 1369/1/1369 1368/1/1368 1374/1/1374 
f 1374/1/1374 1375/1/1375 1369/1/1369 
f 1376/1/1376 1372/1/1372 1371/1/1371 
f 1371/1/1371 1377/1/1377 1376/1/1376 
f 1377/1/1377 1378/1/1378 1379/1/1379 
f 1379/1/1379 1376/1/1376 1377/1/1377 
f 1376/1/1376 1379/1/1379 1380/1/1380 
f 1380/1/1380 1381/1/1381 1376/1/1376 
f 1381/1/1381 1373/1/1373 1372/1/1372 
f 1372/1/1372 1376/1/1376 1381/1/1381 
f 1382/1/1382 1383/1/1383 1154/1/1154 
f 1154/1/1154 1153/1/1153 1382/1/1382 
f 1153/1/1153 1152/1/1152 1384/1/1384 
f 1384/1/1384 1382/1/1382 1153/1/1153 
f 1382/1/1382 1384/1/1384 1385/1/1385 
f 1385/1/1385 1386/1/1386 1382/1/1382 
f 1386/1/1386 1387/1/1387 1383/1/1383 
f 1383/1/1383 1382/1/1382 1386/1/1386 
f 1388/1/1388 1389/1/1389 1390/1/1390 
f 1390/1/1390 1391/1/1391 1388/1/1388 
f 1391/1/1391 1392/1/1392 1393/1/1393 
f 1388/1/1388 1393/1/1393 1378/1/1378 
f 1378/1/1378 1377/1/1377 1388/1/1388 
f 1377/1/1377 1371/1/1371 1389/1/1389 
f 1394/1/1394 1395/1/1395 1392/1/1392 
f 1392/1/1392 1391/1/1391 1394/1/1394 
f 1391/1/1391 1390/1/1390 1396/1/1396 
f 1396/1/1396 1394/1/1394 1391/1/1391 
f 1394/1/1394 1396/1/1396 1387/1/1387 
f 1387/1/1387 1386/1/1386 1394/1/1394 
f 1386/1/1386 1385/1/1385 1395/1/1395 
f 1395/1/1395 1394/1/1394 1386/1/1386 
f 1397/1/1397 1398/1/1398 1399/1/1399 
f 1399/1/1399 1400/1/1400 1397/1/1397 
f 1400/1/1400 1401/1/1401 1402/1/1402 
f 1402/1/1402 1397/1/1397 1400/1/1400 
f 1397/1/1397 1402/1/1402 1403/1/1403 
f 1403/1/1403 1404/1/1404 1397/1/1397 
f 1404/1/1404 1405/1/1405 1398/1/1398 
f 1398/1/1398 1397/1/1397 1404/1/1404 
f 1406/1/1406 1407/1/1407 1408/1/1408 
f 1408/1/1408 1409/1/1409 1406/1/1406 
f 1409/1/1409 1152/1/1152 1150/1/1150 
f 1150/1/1150 1406/1/1406 1409/1/1409 
f 1406/1/1406 1150/1/1150 1149/1/1149 
f 1177/1/1177 1176/1/1176 1407/1/1407 
f 1407/1/1407 1406/1/1406 1177/1/1177 
f 1409/1/1409 1408/1/1408 1410/1/1410 
f 1410/1/1410 1411/1/1411 1409/1/1409 
f 1410/1/1410 1385/1/1385 1384/1/1384 
f 1384/1/1384 1411/1/1411 1410/1/1410 
f 1411/1/1411 1384/1/1384 1152/1/1152 
f 1412/1/1412 1379/1/1379 1378/1/1378 
f 1378/1/1378 1413/1/1413 1412/1/1412 
f 1413/1/1413 1399/1/1399 1398/1/1398 
f 1398/1/1398 1412/1/1412 1413/1/1413 
f 1412/1/1412 1398/1/1398 1405/1/1405 
f 1405/1/1405 1414/1/1414 1412/1/1412 
f 1414/1/1414 1380/1/1380 1379/1/1379 
f 1379/1/1379 1412/1/1412 1414/1/1414 
f 1415/1/1415 1407/1/1407 1176/1/1176 
f 1176/1/1176 1203/1/1203 1415/1/1415 
f 1203/1/1203 1195/1/1195 1416/1/1416 
f 1415/1/1415 1416/1/1416 1417/1/1417 
f 1417/1/1417 1418/1/1418 1415/1/1415 
f 1418/1/1418 1408/1/1408 1407/1/1407 
f 1419/1/1419 1420/1/1420 1421/1/1421 
f 1419/1/1419 1422/1/1422 1408/1/1408 
f 1418/1/1418 1417/1/1417 1420/1/1420 
f 1420/1/1420 1419/1/1419 1418/1/1418 
f 1401/1/1401 1423/1/1423 1424/1/1424 
f 1417/1/1417 1425/1/1425 1424/1/1424 
f 1425/1/1425 596/1/596 595/1/595 
f 595/1/595 1424/1/1424 1425/1/1425 
f 595/1/595 535/1/535 1426/1/1426 
f 1427/1/1427 1421/1/1421 1420/1/1420 
f 1420/1/1420 1417/1/1417 1423/1/1423 
f 1423/1/1423 1428/1/1428 1420/1/1420 
f 1428/1/1428 1423/1/1423 1401/1/1401 
f 1400/1/1400 1399/1/1399 1427/1/1427 
f 1427/1/1427 1428/1/1428 1400/1/1400 
f 1429/1/1429 1185/1/1185 596/1/596 
f 596/1/596 1425/1/1425 1429/1/1429 
f 1425/1/1425 1417/1/1417 1416/1/1416 
f 1416/1/1416 1429/1/1429 1425/1/1425 
f 1429/1/1429 1416/1/1416 1195/1/1195 
f 1195/1/1195 1193/1/1193 1429/1/1429 
f 1193/1/1193 1186/1/1186 1185/1/1185 
f 1185/1/1185 1429/1/1429 1193/1/1193 
f 1430/1/1430 1393/1/1393 1392/1/1392 
f 1392/1/1392 1431/1/1431 1430/1/1430 
f 1431/1/1431 1421/1/1421 1427/1/1427 
f 1427/1/1427 1430/1/1430 1431/1/1431 
f 1430/1/1430 1427/1/1427 1399/1/1399 
f 1413/1/1413 1378/1/1378 1393/1/1393 
f 1393/1/1393 1430/1/1430 1413/1/1413 
f 1410/1/1410 1408/1/1408 1422/1/1422 
f 1422/1/1422 1421/1/1421 1431/1/1431 
f 1431/1/1431 1432/1/1432 1422/1/1422 
f 1431/1/1431 1392/1/1392 1395/1/1395 
f 1432/1/1432 1395/1/1395 1385/1/1385 
f 1433/1/1433 1434/1/1434 1435/1/1435 
f 1435/1/1435 1436/1/1436 1433/1/1433 
f 1436/1/1436 1380/1/1380 1414/1/1414 
f 1414/1/1414 1433/1/1433 1436/1/1436 
f 1433/1/1433 1414/1/1414 1405/1/1405 
f 1405/1/1405 1404/1/1404 1433/1/1433 
f 1404/1/1404 1403/1/1403 1434/1/1434 
f 1436/1/1436 1435/1/1435 1437/1/1437 
f 1437/1/1437 1438/1/1438 1436/1/1436 
f 1437/1/1437 1439/1/1439 1440/1/1440 
f 1440/1/1440 1438/1/1438 1437/1/1437 
f 1438/1/1438 1440/1/1440 1373/1/1373 
f 1381/1/1381 1380/1/1380 1436/1/1436 
f 1436/1/1436 1438/1/1438 1381/1/1381 
f 1441/1/1441 1442/1/1442 1443/1/1443 
f 1443/1/1443 1444/1/1444 1441/1/1441 
f 1444/1/1444 1445/1/1445 1446/1/1446 
f 1446/1/1446 1441/1/1441 1444/1/1444 
f 1441/1/1441 1446/1/1446 1439/1/1439 
f 1437/1/1437 1435/1/1435 1442/1/1442 
f 1442/1/1442 1441/1/1441 1437/1/1437 
f 1374/1/1374 1373/1/1373 1440/1/1440 
f 1440/1/1440 1447/1/1447 1374/1/1374 
f 1447/1/1447 1440/1/1440 1439/1/1439 
f 1439/1/1439 1448/1/1448 1447/1/1447 
f 1447/1/1447 1448/1/1448 1449/1/1449 
f 1449/1/1449 1450/1/1450 1447/1/1447 
f 1375/1/1375 1374/1/1374 1447/1/1447 
f 1448/1/1448 1439/1/1439 1446/1/1446 
f 1446/1/1446 1451/1/1451 1448/1/1448 
f 1452/1/1452 1451/1/1451 1446/1/1446 
f 1446/1/1446 1445/1/1445 1452/1/1452 
f 1451/1/1451 1452/1/1452 1453/1/1453 
f 1453/1/1453 1454/1/1454 1451/1/1451 
f 1454/1/1454 1449/1/1449 1448/1/1448 
f 1448/1/1448 1451/1/1451 1454/1/1454 
f 1455/1/1455 1456/1/1456 1457/1/1457 
f 1457/1/1457 1458/1/1458 1455/1/1455 
f 1458/1/1458 1459/1/1459 1460/1/1460 
f 1460/1/1460 1455/1/1455 1458/1/1458 
f 1455/1/1455 1460/1/1460 1461/1/1461 
f 1461/1/1461 1462/1/1462 1455/1/1455 
f 1462/1/1462 1463/1/1463 1456/1/1456 
f 1456/1/1456 1455/1/1455 1462/1/1462 
f 1464/1/1464 1465/1/1465 1466/1/1466 
f 1466/1/1466 1467/1/1467 1464/1/1464 
f 1467/1/1467 1468/1/1468 1469/1/1469 
f 1469/1/1469 1464/1/1464 1467/1/1467 
f 1464/1/1464 1469/1/1469 1360/1/1360 
f 1360/1/1360 1359/1/1359 1464/1/1464 
f 1359/1/1359 1358/1/1358 1465/1/1465 
f 1465/1/1465 1464/1/1464 1359/1/1359 
f 1470/1/1470 1471/1/1471 1472/1/1472 
f 1472/1/1472 1473/1/1473 1470/1/1470 
f 1473/1/1473 1324/1/1324 1341/1/1341 
f 1341/1/1341 1470/1/1470 1473/1/1473 
f 1470/1/1470 1341/1/1341 1340/1/1340 
f 1340/1/1340 1474/1/1474 1470/1/1470 
f 1474/1/1474 1475/1/1475 1471/1/1471 
f 1471/1/1471 1470/1/1470 1474/1/1474 
f 1476/1/1476 1313/1/1313 1312/1/1312 
f 1312/1/1312 1477/1/1477 1476/1/1476 
f 1477/1/1477 1478/1/1478 1479/1/1479 
f 1479/1/1479 1476/1/1476 1477/1/1477 
f 1476/1/1476 1479/1/1479 1003/1/1003 
f 1003/1/1003 1002/1/1002 1476/1/1476 
f 1002/1/1002 1001/1/1001 1313/1/1313 
f 1313/1/1313 1476/1/1476 1002/1/1002 
f 1480/1/1480 1481/1/1481 1478/1/1478 
f 1478/1/1478 1477/1/1477 1480/1/1480 
f 1477/1/1477 1312/1/1312 1325/1/1325 
f 1325/1/1325 1480/1/1480 1477/1/1477 
f 1480/1/1480 1325/1/1325 1324/1/1324 
f 1324/1/1324 1473/1/1473 1480/1/1480 
f 1473/1/1473 1472/1/1472 1481/1/1481 
f 1481/1/1481 1480/1/1480 1473/1/1473 
f 1482/1/1482 1479/1/1479 1478/1/1478 
f 1478/1/1478 1483/1/1483 1482/1/1482 
f 1483/1/1483 1484/1/1484 1485/1/1485 
f 1482/1/1482 1485/1/1485 1486/1/1486 
f 1487/1/1487 1003/1/1003 1479/1/1479 
f 1479/1/1479 1482/1/1482 1487/1/1487 
f 1488/1/1488 997/1/997 1003/1/1003 
f 1003/1/1003 1487/1/1487 1488/1/1488 
f 1487/1/1487 1486/1/1486 1489/1/1489 
f 1489/1/1489 1488/1/1488 1487/1/1487 
f 1488/1/1488 1489/1/1489 848/1/848 
f 848/1/848 847/1/847 1488/1/1488 
f 847/1/847 846/1/846 997/1/997 
f 997/1/997 1488/1/1488 847/1/847 
f 1490/1/1490 1491/1/1491 1484/1/1484 
f 1483/1/1483 1478/1/1478 1481/1/1481 
f 1481/1/1481 1490/1/1490 1483/1/1483 
f 1490/1/1490 1481/1/1481 1472/1/1472 
f 1472/1/1472 1492/1/1492 1490/1/1490 
f 1493/1/1493 1491/1/1491 1490/1/1490 
f 1494/1/1494 1486/1/1486 1485/1/1485 
f 1485/1/1485 1495/1/1495 1494/1/1494 
f 1495/1/1495 1485/1/1485 1484/1/1484 
f 1484/1/1484 1496/1/1496 1495/1/1495 
f 1495/1/1495 1496/1/1496 1497/1/1497 
f 1497/1/1497 1494/1/1494 1495/1/1495 
f 1498/1/1498 1442/1/1442 1435/1/1435 
f 1435/1/1435 1499/1/1499 1498/1/1498 
f 1499/1/1499 1500/1/1500 1501/1/1501 
f 1501/1/1501 1498/1/1498 1499/1/1499 
f 1498/1/1498 1501/1/1501 1502/1/1502 
f 1502/1/1502 1503/1/1503 1498/1/1498 
f 1503/1/1503 1443/1/1443 1442/1/1442 
f 1442/1/1442 1498/1/1498 1503/1/1503 
f 1504/1/1504 1505/1/1505 1506/1/1506 
f 1506/1/1506 1507/1/1507 1504/1/1504 
f 1507/1/1507 1500/1/1500 1508/1/1508 
f 1508/1/1508 1504/1/1504 1507/1/1507 
f 1508/1/1508 1509/1/1509 1505/1/1505 
f 1505/1/1505 1504/1/1504 1508/1/1508 
f 1510/1/1510 1434/1/1434 1403/1/1403 
f 1511/1/1511 1509/1/1509 1508/1/1508 
f 1510/1/1510 1508/1/1508 1500/1/1500 
f 1500/1/1500 1499/1/1499 1510/1/1510 
f 1499/1/1499 1435/1/1435 1434/1/1434 
f 1512/1/1512 1513/1/1513 1514/1/1514 
f 1514/1/1514 1515/1/1515 1512/1/1512 
f 1515/1/1515 1514/1/1514 1516/1/1516 
f 1516/1/1516 1517/1/1517 1515/1/1515 
f 1515/1/1515 1517/1/1517 1518/1/1518 
f 1518/1/1518 1519/1/1519 1515/1/1515 
f 1519/1/1519 1520/1/1520 1512/1/1512 
f 1512/1/1512 1515/1/1515 1519/1/1519 
f 1521/1/1521 1522/1/1522 1523/1/1523 
f 1521/1/1521 1524/1/1524 1525/1/1525 
f 1525/1/1525 1526/1/1526 1521/1/1521 
f 1526/1/1526 1527/1/1527 1528/1/1528 
f 1528/1/1528 1521/1/1521 1526/1/1526 
f 1528/1/1528 1529/1/1529 1522/1/1522 
f 1522/1/1522 1521/1/1521 1528/1/1528 
f 1530/1/1530 1531/1/1531 1532/1/1532 
f 1532/1/1532 1533/1/1533 1530/1/1530 
f 1530/1/1530 1533/1/1533 1534/1/1534 
f 1534/1/1534 1535/1/1535 1530/1/1530 
f 1522/1/1522 1530/1/1530 1535/1/1535 
f 1535/1/1535 1523/1/1523 1522/1/1522 
f 1530/1/1530 1522/1/1522 1529/1/1529 
f 1529/1/1529 1531/1/1531 1530/1/1530 
f 1535/1/1535 1534/1/1534 1536/1/1536 
f 1536/1/1536 1537/1/1537 1535/1/1535 
f 1537/1/1537 1536/1/1536 1538/1/1538 
f 1538/1/1538 1539/1/1539 1537/1/1537 
f 1537/1/1537 1539/1/1539 1525/1/1525 
f 1525/1/1525 1524/1/1524 1537/1/1537 
f 1537/1/1537 1524/1/1524 1523/1/1523 
f 1523/1/1523 1535/1/1535 1537/1/1537 
f 1519/1/1519 1518/1/1518 1540/1/1540 
f 1540/1/1540 1541/1/1541 1519/1/1519 
f 1533/1/1533 1541/1/1541 1540/1/1540 
f 1540/1/1540 1534/1/1534 1533/1/1533 
f 1533/1/1533 1532/1/1532 1542/1/1542 
f 1542/1/1542 1541/1/1541 1533/1/1533 
f 1541/1/1541 1542/1/1542 1520/1/1520 
f 1520/1/1520 1519/1/1519 1541/1/1541 
f 1543/1/1543 1517/1/1517 1516/1/1516 
f 1544/1/1544 1538/1/1538 1536/1/1536 
f 1543/1/1543 1536/1/1536 1534/1/1534 
f 1534/1/1534 1540/1/1540 1543/1/1543 
f 1540/1/1540 1518/1/1518 1517/1/1517 
f 1517/1/1517 1543/1/1543 1540/1/1540 
f 1545/1/1545 1514/1/1514 1513/1/1513 
f 1513/1/1513 1546/1/1546 1545/1/1545 
f 1546/1/1546 1547/1/1547 1548/1/1548 
f 1548/1/1548 1545/1/1545 1546/1/1546 
f 1545/1/1545 1548/1/1548 1538/1/1538 
f 1538/1/1538 1544/1/1544 1545/1/1545 
f 1544/1/1544 1516/1/1516 1514/1/1514 
f 1514/1/1514 1545/1/1545 1544/1/1544 
f 1549/1/1549 1550/1/1550 1527/1/1527 
f 1527/1/1527 1526/1/1526 1549/1/1549 
f 1526/1/1526 1525/1/1525 1539/1/1539 
f 1539/1/1539 1549/1/1549 1526/1/1526 
f 1549/1/1549 1539/1/1539 1538/1/1538 
f 1538/1/1538 1548/1/1548 1549/1/1549 
f 1548/1/1548 1547/1/1547 1550/1/1550 
f 1550/1/1550 1549/1/1549 1548/1/1548 
f 1551/1/1551 1552/1/1552 1553/1/1553 
f 1553/1/1553 1554/1/1554 1551/1/1551 
f 1554/1/1554 1555/1/1555 1556/1/1556 
f 1556/1/1556 1551/1/1551 1554/1/1554 
f 1551/1/1551 1556/1/1556 1557/1/1557 
f 1557/1/1557 1558/1/1558 1551/1/1551 
f 1558/1/1558 1559/1/1559 1552/1/1552 
f 1552/1/1552 1551/1/1551 1558/1/1558 
f 1560/1/1560 1554/1/1554 1553/1/1553 
f 1553/1/1553 1561/1/1561 1560/1/1560 
f 1561/1/1561 1562/1/1562 1563/1/1563 
f 1563/1/1563 1560/1/1560 1561/1/1561 
f 1560/1/1560 1563/1/1563 1564/1/1564 
f 1564/1/1564 1565/1/1565 1560/1/1560 
f 1565/1/1565 1555/1/1555 1554/1/1554 
f 1554/1/1554 1560/1/1560 1565/1/1565 
f 1566/1/1566 1567/1/1567 1568/1/1568 
f 1568/1/1568 1569/1/1569 1566/1/1566 
f 1569/1/1569 1553/1/1553 1552/1/1552 
f 1552/1/1552 1566/1/1566 1569/1/1569 
f 1566/1/1566 1552/1/1552 1559/1/1559 
f 1559/1/1559 1570/1/1570 1566/1/1566 
f 1570/1/1570 1571/1/1571 1567/1/1567 
f 1567/1/1567 1566/1/1566 1570/1/1570 
f 1572/1/1572 1569/1/1569 1568/1/1568 
f 1568/1/1568 1573/1/1573 1572/1/1572 
f 1573/1/1573 1574/1/1574 1575/1/1575 
f 1575/1/1575 1572/1/1572 1573/1/1573 
f 1572/1/1572 1575/1/1575 1562/1/1562 
f 1562/1/1562 1561/1/1561 1572/1/1572 
f 1561/1/1561 1553/1/1553 1569/1/1569 
f 1569/1/1569 1572/1/1572 1561/1/1561 
f 1576/1/1576 1505/1/1505 1509/1/1509 
f 1509/1/1509 1577/1/1577 1576/1/1576 
f 1577/1/1577 1578/1/1578 1579/1/1579 
f 1579/1/1579 1576/1/1576 1577/1/1577 
f 1576/1/1576 1579/1/1579 1571/1/1571 
f 1571/1/1571 1580/1/1580 1576/1/1576 
f 1580/1/1580 1506/1/1506 1505/1/1505 
f 1505/1/1505 1576/1/1576 1580/1/1580 
f 1581/1/1581 1574/1/1574 1582/1/1582 
f 1582/1/1582 1583/1/1583 1584/1/1584 
f 1584/1/1584 1585/1/1585 1582/1/1582 
f 1584/1/1584 834/1/834 841/1/841 
f 841/1/841 840/1/840 1581/1/1581 
f 1581/1/1581 1585/1/1585 841/1/841 
f 1586/1/1586 835/1/835 834/1/834 
f 1584/1/1584 1583/1/1583 1587/1/1587 
f 1586/1/1586 1587/1/1587 525/1/525 
f 525/1/525 826/1/826 1586/1/1586 
f 826/1/826 817/1/817 835/1/835 
f 835/1/835 1586/1/1586 826/1/826 
f 1588/1/1588 1589/1/1589 1578/1/1578 
f 1590/1/1590 1401/1/1401 1426/1/1426 
f 1588/1/1588 1426/1/1426 535/1/535 
f 534/1/534 540/1/540 1589/1/1589 
f 1590/1/1590 1578/1/1578 1577/1/1577 
f 1577/1/1577 1591/1/1591 1590/1/1590 
f 1577/1/1577 1509/1/1509 1511/1/1511 
f 1511/1/1511 1591/1/1591 1577/1/1577 
f 1511/1/1511 1403/1/1403 1402/1/1402 
f 1402/1/1402 1591/1/1591 1511/1/1511 
f 1402/1/1402 1401/1/1401 1590/1/1590 
f 1592/1/1592 526/1/526 525/1/525 
f 525/1/525 1587/1/1587 1592/1/1592 
f 1587/1/1587 1583/1/1583 1593/1/1593 
f 1593/1/1593 1592/1/1592 1587/1/1587 
f 1593/1/1593 1594/1/1594 1595/1/1595 
f 1595/1/1595 521/1/521 526/1/526 
f 1596/1/1596 1567/1/1567 1571/1/1571 
f 1579/1/1579 1578/1/1578 1597/1/1597 
f 1596/1/1596 1597/1/1597 1598/1/1598 
f 1598/1/1598 1599/1/1599 1596/1/1596 
f 1599/1/1599 1568/1/1568 1567/1/1567 
f 1600/1/1600 530/1/530 512/1/512 
f 512/1/512 1601/1/1601 1600/1/1600 
f 1601/1/1601 1594/1/1594 1602/1/1602 
f 1602/1/1602 1600/1/1600 1601/1/1601 
f 1602/1/1602 540/1/540 539/1/539 
f 539/1/539 1600/1/1600 1602/1/1602 
f 539/1/539 531/1/531 530/1/530 
f 530/1/530 1600/1/1600 539/1/539 
f 1603/1/1603 511/1/511 510/1/510 
f 522/1/522 521/1/521 1595/1/1595 
f 1595/1/1595 1594/1/1594 1601/1/1601 
f 1601/1/1601 1603/1/1603 1595/1/1595 
f 1601/1/1601 512/1/512 511/1/511 
f 1604/1/1604 1594/1/1594 1593/1/1593 
f 1593/1/1593 1605/1/1605 1604/1/1604 
f 1605/1/1605 1593/1/1593 1583/1/1583 
f 1605/1/1605 1606/1/1606 1598/1/1598 
f 1598/1/1598 1604/1/1604 1605/1/1605 
f 1607/1/1607 1589/1/1589 540/1/540 
f 540/1/540 1602/1/1602 1607/1/1607 
f 1602/1/1602 1594/1/1594 1604/1/1604 
f 1604/1/1604 1607/1/1607 1602/1/1602 
f 1604/1/1604 1598/1/1598 1597/1/1597 
f 1597/1/1597 1578/1/1578 1589/1/1589 
f 1589/1/1589 1607/1/1607 1597/1/1597 
f 1608/1/1608 1573/1/1573 1568/1/1568 
f 1568/1/1568 1599/1/1599 1608/1/1608 
f 1599/1/1599 1598/1/1598 1606/1/1606 
f 1606/1/1606 1608/1/1608 1599/1/1599 
f 1608/1/1608 1606/1/1606 1583/1/1583 
f 1583/1/1583 1582/1/1582 1608/1/1608 
f 1582/1/1582 1574/1/1574 1573/1/1573 
f 1573/1/1573 1608/1/1608 1582/1/1582 
f 1609/1/1609 1581/1/1581 840/1/840 
f 840/1/840 839/1/839 1609/1/1609 
f 1609/1/1609 839/1/839 838/1/838 
f 1610/1/1610 1611/1/1611 1612/1/1612 
f 1612/1/1612 1609/1/1609 1610/1/1610 
f 1612/1/1612 1574/1/1574 1581/1/1581 
f 1613/1/1613 1614/1/1614 1615/1/1615 
f 1615/1/1615 1616/1/1616 1613/1/1613 
f 1615/1/1615 1617/1/1617 1618/1/1618 
f 1616/1/1616 1618/1/1618 848/1/848 
f 1489/1/1489 1486/1/1486 1613/1/1613 
f 1613/1/1613 1616/1/1616 1489/1/1489 
f 1619/1/1619 1617/1/1617 1615/1/1615 
f 1615/1/1615 1620/1/1620 1619/1/1619 
f 1620/1/1620 1615/1/1615 1614/1/1614 
f 1614/1/1614 1621/1/1621 1620/1/1620 
f 1620/1/1620 1621/1/1621 1622/1/1622 
f 1623/1/1623 1624/1/1624 1617/1/1617 
f 1619/1/1619 1622/1/1622 1625/1/1625 
f 1625/1/1625 1623/1/1623 1619/1/1619 
f 1623/1/1623 1625/1/1625 1611/1/1611 
f 1610/1/1610 838/1/838 1624/1/1624 
f 1624/1/1624 1623/1/1623 1610/1/1610 
f 1626/1/1626 1627/1/1627 1628/1/1628 
f 1614/1/1614 1613/1/1613 1628/1/1628 
f 1628/1/1628 1613/1/1613 1486/1/1486 
f 1494/1/1494 1497/1/1497 1629/1/1629 
f 1629/1/1629 1628/1/1628 1494/1/1494 
f 1630/1/1630 1612/1/1612 1611/1/1611 
f 1611/1/1611 1631/1/1631 1630/1/1630 
f 1631/1/1631 1632/1/1632 1633/1/1633 
f 1633/1/1633 1630/1/1630 1631/1/1631 
f 1630/1/1630 1633/1/1633 1562/1/1562 
f 1562/1/1562 1575/1/1575 1630/1/1630 
f 1575/1/1575 1574/1/1574 1612/1/1612 
f 1612/1/1612 1630/1/1630 1575/1/1575 
f 1634/1/1634 1625/1/1625 1622/1/1622 
f 1622/1/1622 1635/1/1635 1634/1/1634 
f 1635/1/1635 1636/1/1636 1637/1/1637 
f 1637/1/1637 1634/1/1634 1635/1/1635 
f 1634/1/1634 1637/1/1637 1632/1/1632 
f 1632/1/1632 1631/1/1631 1634/1/1634 
f 1631/1/1631 1611/1/1611 1625/1/1625 
f 1625/1/1625 1634/1/1634 1631/1/1631 
f 1638/1/1638 1627/1/1627 1626/1/1626 
f 1626/1/1626 1639/1/1639 1638/1/1638 
f 1639/1/1639 1636/1/1636 1635/1/1635 
f 1635/1/1635 1638/1/1638 1639/1/1639 
f 1635/1/1635 1622/1/1622 1621/1/1621 
f 1621/1/1621 1638/1/1638 1635/1/1635 
f 1638/1/1638 1621/1/1621 1614/1/1614 
f 1614/1/1614 1627/1/1627 1638/1/1638 
f 1640/1/1640 1633/1/1633 1632/1/1632 
f 1632/1/1632 1641/1/1641 1640/1/1640 
f 1641/1/1641 1642/1/1642 1643/1/1643 
f 1643/1/1643 1640/1/1640 1641/1/1641 
f 1640/1/1640 1643/1/1643 1564/1/1564 
f 1564/1/1564 1563/1/1563 1640/1/1640 
f 1563/1/1563 1562/1/1562 1633/1/1633 
f 1633/1/1633 1640/1/1640 1563/1/1563 
f 1644/1/1644 1645/1/1645 1646/1/1646 
f 1646/1/1646 1647/1/1647 1644/1/1644 
f 1647/1/1647 1648/1/1648 1649/1/1649 
f 1649/1/1649 1644/1/1644 1647/1/1647 
f 1644/1/1644 1649/1/1649 1636/1/1636 
f 1636/1/1636 1639/1/1639 1644/1/1644 
f 1639/1/1639 1626/1/1626 1645/1/1645 
f 1645/1/1645 1644/1/1644 1639/1/1639 
f 1637/1/1637 1636/1/1636 1649/1/1649 
f 1649/1/1649 1650/1/1650 1637/1/1637 
f 1650/1/1650 1649/1/1649 1648/1/1648 
f 1648/1/1648 1651/1/1651 1650/1/1650 
f 1650/1/1650 1651/1/1651 1642/1/1642 
f 1642/1/1642 1641/1/1641 1650/1/1650 
f 1641/1/1641 1632/1/1632 1637/1/1637 
f 1637/1/1637 1650/1/1650 1641/1/1641 
f 1652/1/1652 1643/1/1643 1642/1/1642 
f 1642/1/1642 1653/1/1653 1652/1/1652 
f 1652/1/1652 1653/1/1653 1654/1/1654 
f 1654/1/1654 1655/1/1655 1652/1/1652 
f 1652/1/1652 1655/1/1655 1656/1/1656 
f 1656/1/1656 1657/1/1657 1652/1/1652 
f 1657/1/1657 1564/1/1564 1643/1/1643 
f 1643/1/1643 1652/1/1652 1657/1/1657 
f 1658/1/1658 1659/1/1659 1660/1/1660 
f 1660/1/1660 1661/1/1661 1658/1/1658 
f 1661/1/1661 1662/1/1662 1663/1/1663 
f 1663/1/1663 1658/1/1658 1661/1/1661 
f 1658/1/1658 1663/1/1663 1648/1/1648 
f 1648/1/1648 1647/1/1647 1658/1/1658 
f 1647/1/1647 1646/1/1646 1659/1/1659 
f 1659/1/1659 1658/1/1658 1647/1/1647 
f 1664/1/1664 1663/1/1663 1662/1/1662 
f 1662/1/1662 1665/1/1665 1664/1/1664 
f 1665/1/1665 1654/1/1654 1653/1/1653 
f 1653/1/1653 1664/1/1664 1665/1/1665 
f 1664/1/1664 1653/1/1653 1642/1/1642 
f 1642/1/1642 1651/1/1651 1664/1/1664 
f 1651/1/1651 1648/1/1648 1663/1/1663 
f 1663/1/1663 1664/1/1664 1651/1/1651 
f 1666/1/1666 1667/1/1667 1668/1/1668 
f 1668/1/1668 1669/1/1669 1666/1/1666 
f 1669/1/1669 1670/1/1670 1671/1/1671 
f 1671/1/1671 1666/1/1666 1669/1/1669 
f 1666/1/1666 1671/1/1671 1672/1/1672 
f 1672/1/1672 1673/1/1673 1666/1/1666 
f 1673/1/1673 1674/1/1674 1667/1/1667 
f 1667/1/1667 1666/1/1666 1673/1/1673 
f 1675/1/1675 1676/1/1676 1677/1/1677 
f 1677/1/1677 1678/1/1678 1675/1/1675 
f 1678/1/1678 1677/1/1677 1679/1/1679 
f 1679/1/1679 1680/1/1680 1678/1/1678 
f 1680/1/1680 1668/1/1668 1667/1/1667 
f 1667/1/1667 1678/1/1678 1680/1/1680 
f 1678/1/1678 1667/1/1667 1674/1/1674 
f 1674/1/1674 1675/1/1675 1678/1/1678 
f 1681/1/1681 1682/1/1682 1683/1/1683 
f 1683/1/1683 1684/1/1684 1681/1/1681 
f 1684/1/1684 1679/1/1679 1677/1/1677 
f 1677/1/1677 1681/1/1681 1684/1/1684 
f 1681/1/1681 1677/1/1677 1676/1/1676 
f 1676/1/1676 1685/1/1685 1681/1/1681 
f 1685/1/1685 1686/1/1686 1682/1/1682 
f 1682/1/1682 1681/1/1681 1685/1/1685 
f 1687/1/1687 1688/1/1688 1689/1/1689 
f 1689/1/1689 1690/1/1690 1687/1/1687 
f 1690/1/1690 176/1/176 175/1/175 
f 175/1/175 1687/1/1687 1690/1/1690 
f 1687/1/1687 175/1/175 174/1/174 
f 174/1/174 1691/1/1691 1687/1/1687 
f 1691/1/1691 1692/1/1692 1688/1/1688 
f 1688/1/1688 1687/1/1687 1691/1/1691 
f 184/1/184 183/1/183 1693/1/1693 
f 1693/1/1693 1694/1/1694 184/1/184 
f 1694/1/1694 1693/1/1693 1695/1/1695 
f 1695/1/1695 1696/1/1696 1694/1/1694 
f 1694/1/1694 1696/1/1696 1692/1/1692 
f 1691/1/1691 174/1/174 184/1/184 
f 184/1/184 1694/1/1694 1691/1/1691 
f 1697/1/1697 1693/1/1693 183/1/183 
f 183/1/183 192/1/192 1697/1/1697 
f 192/1/192 191/1/191 1698/1/1698 
f 1698/1/1698 1697/1/1697 192/1/192 
f 1697/1/1697 1698/1/1698 1699/1/1699 
f 1700/1/1700 1695/1/1695 1693/1/1693 
f 1693/1/1693 1697/1/1697 1700/1/1700 
f 1701/1/1701 1702/1/1702 1703/1/1703 
f 1703/1/1703 1704/1/1704 1701/1/1701 
f 1704/1/1704 1703/1/1703 1705/1/1705 
f 1705/1/1705 1706/1/1706 1704/1/1704 
f 1706/1/1706 1707/1/1707 1708/1/1708 
f 1708/1/1708 1704/1/1704 1706/1/1706 
f 1704/1/1704 1708/1/1708 1133/1/1133 
f 1133/1/1133 1701/1/1701 1704/1/1704 
f 1709/1/1709 277/1/277 276/1/276 
f 276/1/276 1710/1/1710 1709/1/1709 
f 1710/1/1710 1711/1/1711 1712/1/1712 
f 1709/1/1709 1712/1/1712 138/1/138 
f 138/1/138 137/1/137 1709/1/1709 
f 137/1/137 142/1/142 277/1/277 
f 277/1/277 1709/1/1709 137/1/137 
f 1713/1/1713 129/1/129 136/1/136 
f 136/1/136 1714/1/1714 1713/1/1713 
f 1713/1/1713 1714/1/1714 1715/1/1715 
f 1715/1/1715 1716/1/1716 1713/1/1713 
f 1716/1/1716 145/1/145 144/1/144 
f 144/1/144 1713/1/1713 1716/1/1716 
f 144/1/144 130/1/130 129/1/129 
f 129/1/129 1713/1/1713 144/1/144 
f 1717/1/1717 1718/1/1718 1719/1/1719 
f 1719/1/1719 1720/1/1720 1717/1/1717 
f 1720/1/1720 1711/1/1711 1710/1/1710 
f 1710/1/1710 1717/1/1717 1720/1/1720 
f 1717/1/1717 1710/1/1710 276/1/276 
f 276/1/276 330/1/330 1717/1/1717 
f 330/1/330 329/1/329 1718/1/1718 
f 1718/1/1718 1717/1/1717 330/1/330 
f 1721/1/1721 1230/1/1230 1234/1/1234 
f 1234/1/1234 1722/1/1722 1721/1/1721 
f 1722/1/1722 1723/1/1723 1724/1/1724 
f 1721/1/1721 1724/1/1724 1217/1/1217 
f 1217/1/1217 1216/1/1216 1721/1/1721 
f 1721/1/1721 1216/1/1216 1215/1/1215 
f 1215/1/1215 1230/1/1230 1721/1/1721 
f 1725/1/1725 1726/1/1726 1727/1/1727 
f 1727/1/1727 1728/1/1728 1725/1/1725 
f 1728/1/1728 1217/1/1217 1724/1/1724 
f 1724/1/1724 1725/1/1725 1728/1/1728 
f 1725/1/1725 1724/1/1724 1723/1/1723 
f 1729/1/1729 1730/1/1730 1726/1/1726 
f 1726/1/1726 1725/1/1725 1729/1/1729 
f 1731/1/1731 1244/1/1244 1243/1/1243 
f 1243/1/1243 1732/1/1732 1731/1/1731 
f 1732/1/1732 1723/1/1723 1722/1/1722 
f 1722/1/1722 1731/1/1731 1732/1/1732 
f 1731/1/1731 1722/1/1722 1234/1/1234 
f 1234/1/1234 1233/1/1233 1731/1/1731 
f 1233/1/1233 1232/1/1232 1244/1/1244 
f 1244/1/1244 1731/1/1731 1233/1/1233 
f 1733/1/1733 1239/1/1239 1237/1/1237 
f 1237/1/1237 1236/1/1236 1733/1/1733 
f 1236/1/1236 1227/1/1227 1734/1/1734 
f 1734/1/1734 1733/1/1733 1236/1/1236 
f 1734/1/1734 1735/1/1735 1736/1/1736 
f 1736/1/1736 1241/1/1241 1239/1/1239 
f 1737/1/1737 1738/1/1738 1739/1/1739 
f 1739/1/1739 1740/1/1740 1737/1/1737 
f 1740/1/1740 1739/1/1739 1529/1/1529 
f 1529/1/1529 1528/1/1528 1740/1/1740 
f 1740/1/1740 1528/1/1528 1527/1/1527 
f 1527/1/1527 1741/1/1741 1740/1/1740 
f 1741/1/1741 1742/1/1742 1737/1/1737 
f 1737/1/1737 1740/1/1740 1741/1/1741 
f 1743/1/1743 1744/1/1744 1532/1/1532 
f 1531/1/1531 1529/1/1529 1739/1/1739 
f 1739/1/1739 1743/1/1743 1531/1/1531 
f 1743/1/1743 1739/1/1739 1738/1/1738 
f 1745/1/1745 1746/1/1746 1744/1/1744 
f 1744/1/1744 1743/1/1743 1745/1/1745 
f 1747/1/1747 1748/1/1748 1749/1/1749 
f 1749/1/1749 1750/1/1750 1747/1/1747 
f 1750/1/1750 1751/1/1751 1752/1/1752 
f 1752/1/1752 1747/1/1747 1750/1/1750 
f 1747/1/1747 1752/1/1752 1547/1/1547 
f 1547/1/1547 1546/1/1546 1747/1/1747 
f 1546/1/1546 1513/1/1513 1748/1/1748 
f 1748/1/1748 1747/1/1747 1546/1/1546 
f 1753/1/1753 1550/1/1550 1547/1/1547 
f 1547/1/1547 1752/1/1752 1753/1/1753 
f 1752/1/1752 1751/1/1751 1754/1/1754 
f 1754/1/1754 1753/1/1753 1752/1/1752 
f 1754/1/1754 1742/1/1742 1741/1/1741 
f 1741/1/1741 1753/1/1753 1754/1/1754 
f 1741/1/1741 1527/1/1527 1550/1/1550 
f 1550/1/1550 1753/1/1753 1741/1/1741 
f 1207/1/1207 1206/1/1206 1755/1/1755 
f 1755/1/1755 1756/1/1756 1207/1/1207 
f 1755/1/1755 1757/1/1757 1758/1/1758 
f 1758/1/1758 1756/1/1756 1755/1/1755 
f 1756/1/1756 1758/1/1758 1224/1/1224 
f 1224/1/1224 1223/1/1223 1756/1/1756 
f 1223/1/1223 1208/1/1208 1207/1/1207 
f 1207/1/1207 1756/1/1756 1223/1/1223 
f 1759/1/1759 1225/1/1225 1224/1/1224 
f 1224/1/1224 1758/1/1758 1759/1/1759 
f 1758/1/1758 1757/1/1757 1760/1/1760 
f 1760/1/1760 1759/1/1759 1758/1/1758 
f 1759/1/1759 1760/1/1760 1735/1/1735 
f 1734/1/1734 1227/1/1227 1225/1/1225 
f 1225/1/1225 1759/1/1759 1734/1/1734 
f 1761/1/1761 1762/1/1762 1128/1/1128 
f 1128/1/1128 1127/1/1127 1761/1/1761 
f 1127/1/1127 1126/1/1126 1763/1/1763 
f 1763/1/1763 1761/1/1761 1127/1/1127 
f 1761/1/1761 1763/1/1763 1764/1/1764 
f 1764/1/1764 1765/1/1765 1761/1/1761 
f 1765/1/1765 1766/1/1766 1762/1/1762 
f 1762/1/1762 1761/1/1761 1765/1/1765 
f 1767/1/1767 1768/1/1768 1766/1/1766 
f 1766/1/1766 1765/1/1765 1767/1/1767 
f 1765/1/1765 1764/1/1764 1769/1/1769 
f 1769/1/1769 1767/1/1767 1765/1/1765 
f 1364/1/1364 1767/1/1767 1769/1/1769 
f 1769/1/1769 1365/1/1365 1364/1/1364 
f 1768/1/1768 1767/1/1767 1364/1/1364 
f 1364/1/1364 1363/1/1363 1768/1/1768 
f 1770/1/1770 1771/1/1771 1772/1/1772 
f 1772/1/1772 1773/1/1773 1770/1/1770 
f 1773/1/1773 1774/1/1774 1775/1/1775 
f 1775/1/1775 1770/1/1770 1773/1/1773 
f 1770/1/1770 1775/1/1775 1776/1/1776 
f 1776/1/1776 1777/1/1777 1770/1/1770 
f 1777/1/1777 1778/1/1778 1771/1/1771 
f 1771/1/1771 1770/1/1770 1777/1/1777 
f 1779/1/1779 1780/1/1780 1781/1/1781 
f 1781/1/1781 1782/1/1782 1779/1/1779 
f 1779/1/1779 1783/1/1783 1784/1/1784 
f 1784/1/1784 1780/1/1780 1779/1/1779 
f 1780/1/1780 1784/1/1784 159/1/159 
f 159/1/159 158/1/158 1780/1/1780 
f 158/1/158 165/1/165 1781/1/1781 
f 1781/1/1781 1780/1/1780 158/1/158 
f 1785/1/1785 1786/1/1786 1787/1/1787 
f 1787/1/1787 1788/1/1788 1785/1/1785 
f 1788/1/1788 1787/1/1787 1789/1/1789 
f 1789/1/1789 1790/1/1790 1788/1/1788 
f 1788/1/1788 1790/1/1790 1791/1/1791 
f 1791/1/1791 1792/1/1792 1788/1/1788 
f 1788/1/1788 1792/1/1792 1793/1/1793 
f 1793/1/1793 1785/1/1785 1788/1/1788 
f 1794/1/1794 1795/1/1795 1791/1/1791 
f 1791/1/1791 1790/1/1790 1794/1/1794 
f 1790/1/1790 1789/1/1789 1796/1/1796 
f 1796/1/1796 1794/1/1794 1790/1/1790 
f 1794/1/1794 1796/1/1796 145/1/145 
f 145/1/145 1716/1/1716 1794/1/1794 
f 1716/1/1716 1715/1/1715 1795/1/1795 
f 1795/1/1795 1794/1/1794 1716/1/1716 
f 1797/1/1797 1796/1/1796 1789/1/1789 
f 1798/1/1798 1799/1/1799 1800/1/1800 
f 1800/1/1800 1797/1/1797 1798/1/1798 
f 1797/1/1797 1800/1/1800 147/1/147 
f 146/1/146 145/1/145 1796/1/1796 
f 1796/1/1796 1797/1/1797 146/1/146 
f 1801/1/1801 1787/1/1787 1786/1/1786 
f 1802/1/1802 1803/1/1803 1804/1/1804 
f 1801/1/1801 1804/1/1804 1799/1/1799 
f 1799/1/1799 1798/1/1798 1801/1/1801 
f 1798/1/1798 1789/1/1789 1787/1/1787 
f 1787/1/1787 1801/1/1801 1798/1/1798 
f 1805/1/1805 1806/1/1806 1807/1/1807 
f 1807/1/1807 1808/1/1808 1805/1/1805 
f 1808/1/1808 1809/1/1809 1810/1/1810 
f 1810/1/1810 1805/1/1805 1808/1/1808 
f 1805/1/1805 1810/1/1810 176/1/176 
f 176/1/176 1690/1/1690 1805/1/1805 
f 1690/1/1690 1689/1/1689 1806/1/1806 
f 1806/1/1806 1805/1/1805 1690/1/1690 
f 1811/1/1811 1812/1/1812 1809/1/1809 
f 1809/1/1809 1808/1/1808 1811/1/1811 
f 1808/1/1808 1807/1/1807 1813/1/1813 
f 1813/1/1813 1811/1/1811 1808/1/1808 
f 1811/1/1811 1813/1/1813 1774/1/1774 
f 1774/1/1774 1773/1/1773 1811/1/1811 
f 1773/1/1773 1772/1/1772 1812/1/1812 
f 1812/1/1812 1811/1/1811 1773/1/1773 
f 1814/1/1814 1726/1/1726 1730/1/1730 
f 1730/1/1730 1815/1/1815 1814/1/1814 
f 1815/1/1815 1816/1/1816 1817/1/1817 
f 1814/1/1814 1817/1/1817 1075/1/1075 
f 1075/1/1075 1818/1/1818 1814/1/1814 
f 1818/1/1818 1727/1/1727 1726/1/1726 
f 1726/1/1726 1814/1/1814 1818/1/1818 
f 1819/1/1819 1070/1/1070 1069/1/1069 
f 1069/1/1069 1820/1/1820 1819/1/1819 
f 1820/1/1820 1821/1/1821 1822/1/1822 
f 1822/1/1822 1819/1/1819 1820/1/1820 
f 1819/1/1819 1822/1/1822 1823/1/1823 
f 1823/1/1823 1824/1/1824 1819/1/1819 
f 1824/1/1824 245/1/245 1070/1/1070 
f 1070/1/1070 1819/1/1819 1824/1/1824 
f 1825/1/1825 1826/1/1826 1707/1/1707 
f 1707/1/1707 1706/1/1706 1825/1/1825 
f 1706/1/1706 1705/1/1705 1827/1/1827 
f 1827/1/1827 1825/1/1825 1706/1/1706 
f 1825/1/1825 1827/1/1827 1821/1/1821 
f 1821/1/1821 1820/1/1820 1825/1/1825 
f 1820/1/1820 1069/1/1069 1826/1/1826 
f 1826/1/1826 1825/1/1825 1820/1/1820 
f 1828/1/1828 1817/1/1817 1816/1/1816 
f 1829/1/1829 1830/1/1830 1831/1/1831 
f 1831/1/1831 1828/1/1828 1829/1/1829 
f 1828/1/1828 1831/1/1831 231/1/231 
f 231/1/231 1076/1/1076 1828/1/1828 
f 1076/1/1076 1075/1/1075 1817/1/1817 
f 1832/1/1832 1833/1/1833 1834/1/1834 
f 1835/1/1835 1719/1/1719 1718/1/1718 
f 1718/1/1718 1832/1/1832 1835/1/1835 
f 1832/1/1832 1718/1/1718 329/1/329 
f 329/1/329 333/1/333 1832/1/1832 
f 333/1/333 232/1/232 1833/1/1833 
f 1833/1/1833 1832/1/1832 333/1/333 
f 1836/1/1836 1831/1/1831 1830/1/1830 
f 1837/1/1837 1834/1/1834 1833/1/1833 
f 1833/1/1833 1836/1/1836 1837/1/1837 
f 1836/1/1836 1833/1/1833 232/1/232 
f 232/1/232 1838/1/1838 1836/1/1836 
f 1838/1/1838 231/1/231 1831/1/1831 
f 1831/1/1831 1836/1/1836 1838/1/1838 
f 1839/1/1839 1840/1/1840 1841/1/1841 
f 1841/1/1841 1842/1/1842 1839/1/1839 
f 1842/1/1842 239/1/239 238/1/238 
f 238/1/238 1839/1/1839 1842/1/1842 
f 1839/1/1839 238/1/238 245/1/245 
f 245/1/245 1824/1/1824 1839/1/1839 
f 1824/1/1824 1823/1/1823 1840/1/1840 
f 1840/1/1840 1839/1/1839 1824/1/1824 
f 1843/1/1843 1844/1/1844 1845/1/1845 
f 1845/1/1845 1846/1/1846 1843/1/1843 
f 1846/1/1846 1847/1/1847 1848/1/1848 
f 1848/1/1848 1843/1/1843 1846/1/1846 
f 1843/1/1843 1848/1/1848 1123/1/1123 
f 1123/1/1123 1122/1/1122 1843/1/1843 
f 1122/1/1122 1130/1/1130 1844/1/1844 
f 1849/1/1849 141/1/141 132/1/132 
f 132/1/132 1850/1/1850 1849/1/1849 
f 1850/1/1850 1851/1/1851 1852/1/1852 
f 1852/1/1852 1849/1/1849 1850/1/1850 
f 1852/1/1852 272/1/272 271/1/271 
f 271/1/271 1849/1/1849 1852/1/1852 
f 1849/1/1849 271/1/271 142/1/142 
f 142/1/142 141/1/141 1849/1/1849 
f 1853/1/1853 131/1/131 130/1/130 
f 130/1/130 150/1/150 1853/1/1853 
f 150/1/150 149/1/149 1854/1/1854 
f 1854/1/1854 1853/1/1853 150/1/150 
f 1850/1/1850 1853/1/1853 1854/1/1854 
f 1854/1/1854 1851/1/1851 1850/1/1850 
f 1850/1/1850 132/1/132 131/1/131 
f 131/1/131 1853/1/1853 1850/1/1850 
f 1855/1/1855 1712/1/1712 1711/1/1711 
f 1711/1/1711 1856/1/1856 1855/1/1855 
f 1856/1/1856 1857/1/1857 1858/1/1858 
f 1858/1/1858 1855/1/1855 1856/1/1856 
f 1855/1/1855 1858/1/1858 134/1/134 
f 134/1/134 139/1/139 1855/1/1855 
f 139/1/139 138/1/138 1712/1/1712 
f 1712/1/1712 1855/1/1855 139/1/139 
f 1859/1/1859 1858/1/1858 1857/1/1857 
f 1857/1/1857 1860/1/1860 1859/1/1859 
f 1860/1/1860 1715/1/1715 1714/1/1714 
f 1714/1/1714 1859/1/1859 1860/1/1860 
f 1714/1/1714 136/1/136 135/1/135 
f 135/1/135 1859/1/1859 1714/1/1714 
f 135/1/135 134/1/134 1858/1/1858 
f 1858/1/1858 1859/1/1859 135/1/135 
f 1861/1/1861 1862/1/1862 1863/1/1863 
f 1863/1/1863 1864/1/1864 1861/1/1861 
f 1864/1/1864 338/1/338 340/1/340 
f 340/1/340 1861/1/1861 1864/1/1864 
f 1861/1/1861 340/1/340 239/1/239 
f 239/1/239 1842/1/1842 1861/1/1861 
f 1842/1/1842 1841/1/1841 1862/1/1862 
f 1862/1/1862 1861/1/1861 1842/1/1842 
f 1865/1/1865 339/1/339 338/1/338 
f 338/1/338 1864/1/1864 1865/1/1865 
f 1864/1/1864 1863/1/1863 1866/1/1866 
f 1866/1/1866 1865/1/1865 1864/1/1864 
f 1698/1/1698 1865/1/1865 1866/1/1866 
f 1866/1/1866 1699/1/1699 1698/1/1698 
f 1865/1/1865 1698/1/1698 191/1/191 
f 191/1/191 339/1/339 1865/1/1865 
f 1867/1/1867 260/1/260 259/1/259 
f 259/1/259 1868/1/1868 1867/1/1867 
f 1867/1/1867 1868/1/1868 1869/1/1869 
f 1869/1/1869 1870/1/1870 1867/1/1867 
f 1867/1/1867 1870/1/1870 1871/1/1871 
f 1871/1/1871 1872/1/1872 1867/1/1867 
f 1872/1/1872 261/1/261 260/1/260 
f 260/1/260 1867/1/1867 1872/1/1872 
f 1873/1/1873 1874/1/1874 282/1/282 
f 282/1/282 281/1/281 1873/1/1873 
f 1875/1/1875 1873/1/1873 281/1/281 
f 281/1/281 280/1/280 1875/1/1875 
f 1873/1/1873 1875/1/1875 1871/1/1871 
f 1871/1/1871 1870/1/1870 1873/1/1873 
f 1870/1/1870 1869/1/1869 1874/1/1874 
f 1874/1/1874 1873/1/1873 1870/1/1870 
f 1876/1/1876 1512/1/1512 1520/1/1520 
f 1520/1/1520 1877/1/1877 1876/1/1876 
f 1877/1/1877 1878/1/1878 1879/1/1879 
f 1879/1/1879 1876/1/1876 1877/1/1877 
f 1879/1/1879 1749/1/1749 1748/1/1748 
f 1876/1/1876 1748/1/1748 1513/1/1513 
f 1513/1/1513 1512/1/1512 1876/1/1876 
f 1880/1/1880 1881/1/1881 1878/1/1878 
f 1877/1/1877 1520/1/1520 1542/1/1542 
f 1542/1/1542 1880/1/1880 1877/1/1877 
f 1880/1/1880 1542/1/1542 1532/1/1532 
f 1532/1/1532 1744/1/1744 1880/1/1880 
f 1744/1/1744 1746/1/1746 1881/1/1881 
f 1882/1/1882 1883/1/1883 1884/1/1884 
f 1884/1/1884 1885/1/1885 1882/1/1882 
f 1885/1/1885 1886/1/1886 1887/1/1887 
f 1887/1/1887 1882/1/1882 1885/1/1885 
f 1882/1/1882 1887/1/1887 1888/1/1888 
f 1888/1/1888 1889/1/1889 1882/1/1882 
f 1889/1/1889 1890/1/1890 1883/1/1883 
f 1883/1/1883 1882/1/1882 1889/1/1889 
f 1891/1/1891 1892/1/1892 1457/1/1457 
f 1457/1/1457 1456/1/1456 1891/1/1891 
f 1456/1/1456 1463/1/1463 1893/1/1893 
f 1893/1/1893 1891/1/1891 1456/1/1456 
f 1891/1/1891 1893/1/1893 1886/1/1886 
f 1886/1/1886 1885/1/1885 1891/1/1891 
f 1885/1/1885 1884/1/1884 1892/1/1892 
f 1892/1/1892 1891/1/1891 1885/1/1885 
f 1894/1/1894 1895/1/1895 1896/1/1896 
f 1896/1/1896 1897/1/1897 1894/1/1894 
f 1897/1/1897 1898/1/1898 1899/1/1899 
f 1899/1/1899 1894/1/1894 1897/1/1897 
f 1894/1/1894 1899/1/1899 1900/1/1900 
f 1900/1/1900 1901/1/1901 1894/1/1894 
f 1901/1/1901 1902/1/1902 1895/1/1895 
f 1895/1/1895 1894/1/1894 1901/1/1901 
f 1903/1/1903 1904/1/1904 1905/1/1905 
f 1905/1/1905 1906/1/1906 1903/1/1903 
f 1906/1/1906 1900/1/1900 1899/1/1899 
f 1899/1/1899 1903/1/1903 1906/1/1906 
f 1903/1/1903 1899/1/1899 1898/1/1898 
f 1898/1/1898 1907/1/1907 1903/1/1903 
f 1907/1/1907 1908/1/1908 1904/1/1904 
f 1904/1/1904 1903/1/1903 1907/1/1907 
f 1909/1/1909 1728/1/1728 1727/1/1727 
f 1727/1/1727 1910/1/1910 1909/1/1909 
f 1910/1/1910 1911/1/1911 1912/1/1912 
f 1912/1/1912 1909/1/1909 1910/1/1910 
f 1909/1/1909 1912/1/1912 1212/1/1212 
f 1212/1/1212 1218/1/1218 1909/1/1909 
f 1218/1/1218 1217/1/1217 1728/1/1728 
f 1728/1/1728 1909/1/1909 1218/1/1218 
f 1913/1/1913 1074/1/1074 1073/1/1073 
f 1073/1/1073 1914/1/1914 1913/1/1913 
f 1913/1/1913 1914/1/1914 1911/1/1911 
f 1911/1/1911 1910/1/1910 1913/1/1913 
f 1818/1/1818 1913/1/1913 1910/1/1910 
f 1910/1/1910 1727/1/1727 1818/1/1818 
f 1818/1/1818 1075/1/1075 1074/1/1074 
f 1074/1/1074 1913/1/1913 1818/1/1818 
f 1915/1/1915 1078/1/1078 1082/1/1082 
f 1082/1/1082 1916/1/1916 1915/1/1915 
f 1916/1/1916 1917/1/1917 1918/1/1918 
f 1918/1/1918 1915/1/1915 1916/1/1916 
f 1915/1/1915 1918/1/1918 1919/1/1919 
f 1919/1/1919 1920/1/1920 1915/1/1915 
f 1920/1/1920 1079/1/1079 1078/1/1078 
f 1078/1/1078 1915/1/1915 1920/1/1920 
f 1921/1/1921 1922/1/1922 1923/1/1923 
f 1923/1/1923 1924/1/1924 1921/1/1921 
f 1924/1/1924 1919/1/1919 1918/1/1918 
f 1918/1/1918 1921/1/1921 1924/1/1924 
f 1921/1/1921 1918/1/1918 1917/1/1917 
f 1917/1/1917 1925/1/1925 1921/1/1921 
f 1921/1/1921 1925/1/1925 1926/1/1926 
f 1926/1/1926 1922/1/1922 1921/1/1921 
f 1927/1/1927 1928/1/1928 1929/1/1929 
f 1930/1/1930 1931/1/1931 1932/1/1932 
f 1932/1/1932 1927/1/1927 1930/1/1930 
f 1927/1/1927 1932/1/1932 1933/1/1933 
f 1933/1/1933 1934/1/1934 1927/1/1927 
f 1934/1/1934 1935/1/1935 1928/1/1928 
f 1936/1/1936 1937/1/1937 1931/1/1931 
f 1931/1/1931 1930/1/1930 1936/1/1936 
f 1930/1/1930 1929/1/1929 1938/1/1938 
f 1938/1/1938 1735/1/1735 1760/1/1760 
f 1760/1/1760 1936/1/1936 1938/1/1938 
f 1760/1/1760 1757/1/1757 1937/1/1937 
f 1939/1/1939 1895/1/1895 1902/1/1902 
f 1902/1/1902 1940/1/1940 1939/1/1939 
f 1940/1/1940 1941/1/1941 1942/1/1942 
f 1942/1/1942 1939/1/1939 1940/1/1940 
f 1939/1/1939 1942/1/1942 1139/1/1139 
f 1139/1/1139 1943/1/1943 1939/1/1939 
f 1943/1/1943 1896/1/1896 1895/1/1895 
f 1895/1/1895 1939/1/1939 1943/1/1943 
f 1944/1/1944 1132/1/1132 1139/1/1139 
f 1942/1/1942 1941/1/1941 1945/1/1945 
f 1945/1/1945 1944/1/1944 1942/1/1942 
f 1944/1/1944 1945/1/1945 1702/1/1702 
f 1701/1/1701 1133/1/1133 1132/1/1132 
f 1132/1/1132 1944/1/1944 1701/1/1701 
f 1946/1/1946 1947/1/1947 1948/1/1948 
f 1948/1/1948 1949/1/1949 1946/1/1946 
f 1949/1/1949 1950/1/1950 1951/1/1951 
f 1951/1/1951 1946/1/1946 1949/1/1949 
f 1946/1/1946 1951/1/1951 1847/1/1847 
f 1847/1/1847 1846/1/1846 1946/1/1946 
f 1846/1/1846 1845/1/1845 1947/1/1947 
f 1947/1/1947 1946/1/1946 1846/1/1846 
f 1952/1/1952 1953/1/1953 1950/1/1950 
f 1950/1/1950 1949/1/1949 1952/1/1952 
f 1949/1/1949 1948/1/1948 1954/1/1954 
f 1952/1/1952 1954/1/1954 1923/1/1923 
f 1923/1/1923 1922/1/1922 1952/1/1952 
f 1922/1/1922 1926/1/1926 1953/1/1953 
f 1953/1/1953 1952/1/1952 1922/1/1922 
f 1934/1/1934 1933/1/1933 1955/1/1955 
f 1955/1/1955 1956/1/1956 1957/1/1957 
f 1957/1/1957 1958/1/1958 1955/1/1955 
f 1959/1/1959 1958/1/1958 1957/1/1957 
f 1957/1/1957 1960/1/1960 1959/1/1959 
f 1958/1/1958 1959/1/1959 1935/1/1935 
f 1961/1/1961 1960/1/1960 1957/1/1957 
f 1962/1/1962 1963/1/1963 1957/1/1957 
f 1957/1/1957 1956/1/1956 1962/1/1962 
f 1962/1/1962 1751/1/1751 1750/1/1750 
f 1750/1/1750 1963/1/1963 1962/1/1962 
f 1750/1/1750 1749/1/1749 1961/1/1961 
f 1961/1/1961 1963/1/1963 1750/1/1750 
f 1964/1/1964 1904/1/1904 1908/1/1908 
f 1908/1/1908 1965/1/1965 1964/1/1964 
f 1964/1/1964 1965/1/1965 1966/1/1966 
f 1966/1/1966 1967/1/1967 1964/1/1964 
f 1967/1/1967 1968/1/1968 1969/1/1969 
f 1969/1/1969 1964/1/1964 1967/1/1967 
f 1969/1/1969 1905/1/1905 1904/1/1904 
f 1904/1/1904 1964/1/1964 1969/1/1969 
f 1970/1/1970 1971/1/1971 1968/1/1968 
f 1968/1/1968 1967/1/1967 1970/1/1970 
f 1967/1/1967 1966/1/1966 1972/1/1972 
f 1972/1/1972 1970/1/1970 1967/1/1967 
f 1970/1/1970 1972/1/1972 1890/1/1890 
f 1890/1/1890 1889/1/1889 1970/1/1970 
f 1889/1/1889 1888/1/1888 1971/1/1971 
f 1973/1/1973 1974/1/1974 1975/1/1975 
f 1976/1/1976 1977/1/1977 1978/1/1978 
f 1973/1/1973 1978/1/1978 1746/1/1746 
f 1746/1/1746 1745/1/1745 1973/1/1973 
f 1745/1/1745 1738/1/1738 1974/1/1974 
f 1974/1/1974 1973/1/1973 1745/1/1745 
f 1979/1/1979 1980/1/1980 1981/1/1981 
f 1981/1/1981 1982/1/1982 1979/1/1979 
f 1982/1/1982 1983/1/1983 1984/1/1984 
f 1984/1/1984 1979/1/1979 1982/1/1982 
f 1979/1/1979 1984/1/1984 1468/1/1468 
f 1468/1/1468 1467/1/1467 1979/1/1979 
f 1467/1/1467 1466/1/1466 1980/1/1980 
f 1980/1/1980 1979/1/1979 1467/1/1467 
f 1985/1/1985 1986/1/1986 1987/1/1987 
f 1987/1/1987 1988/1/1988 1985/1/1985 
f 1988/1/1988 1989/1/1989 1990/1/1990 
f 1990/1/1990 1985/1/1985 1988/1/1988 
f 1985/1/1985 1990/1/1990 1991/1/1991 
f 1991/1/1991 1992/1/1992 1985/1/1985 
f 1992/1/1992 1993/1/1993 1986/1/1986 
f 1986/1/1986 1985/1/1985 1992/1/1992 
f 1994/1/1994 1995/1/1995 1989/1/1989 
f 1989/1/1989 1988/1/1988 1994/1/1994 
f 1988/1/1988 1987/1/1987 1996/1/1996 
f 1996/1/1996 1994/1/1994 1988/1/1988 
f 1994/1/1994 1996/1/1996 1672/1/1672 
f 1672/1/1672 1671/1/1671 1994/1/1994 
f 1671/1/1671 1670/1/1670 1995/1/1995 
f 1995/1/1995 1994/1/1994 1671/1/1671 
f 1997/1/1997 1998/1/1998 1999/1/1999 
f 1999/1/1999 2000/1/2000 1997/1/1997 
f 2000/1/2000 1689/1/1689 1688/1/1688 
f 1688/1/1688 1997/1/1997 2000/1/2000 
f 1997/1/1997 1688/1/1688 1692/1/1692 
f 1692/1/1692 2001/1/2001 1997/1/1997 
f 2001/1/2001 2002/1/2002 1998/1/1998 
f 1998/1/1998 1997/1/1997 2001/1/2001 
f 2003/1/2003 2004/1/2004 2005/1/2005 
f 2006/1/2006 2007/1/2007 2008/1/2008 
f 2003/1/2003 2008/1/2008 1695/1/1695 
f 1700/1/1700 1699/1/1699 2004/1/2004 
f 2004/1/2004 2003/1/2003 1700/1/1700 
f 2009/1/2009 2010/1/2010 2011/1/2011 
f 2011/1/2011 2012/1/2012 2009/1/2009 
f 2012/1/2012 1823/1/1823 1822/1/1822 
f 1822/1/1822 2009/1/2009 2012/1/2012 
f 2009/1/2009 1822/1/1822 1821/1/1821 
f 1821/1/1821 2013/1/2013 2009/1/2009 
f 2013/1/2013 2014/1/2014 2010/1/2010 
f 2010/1/2010 2009/1/2009 2013/1/2013 
f 2015/1/2015 2016/1/2016 2017/1/2017 
f 2017/1/2017 2018/1/2018 2015/1/2015 
f 2018/1/2018 1702/1/1702 1945/1/1945 
f 1945/1/1945 2015/1/2015 2018/1/2018 
f 2015/1/2015 1945/1/1945 1941/1/1941 
f 1941/1/1941 2019/1/2019 2015/1/2015 
f 2019/1/2019 2020/1/2020 2016/1/2016 
f 2016/1/2016 2015/1/2015 2019/1/2019 
f 2021/1/2021 2022/1/2022 2023/1/2023 
f 2023/1/2023 2024/1/2024 2021/1/2021 
f 2024/1/2024 2025/1/2025 2026/1/2026 
f 2026/1/2026 2021/1/2021 2024/1/2024 
f 2021/1/2021 2026/1/2026 1711/1/1711 
f 1711/1/1711 1720/1/1720 2021/1/2021 
f 1720/1/1720 1719/1/1719 2022/1/2022 
f 2022/1/2022 2021/1/2021 1720/1/1720 
f 2027/1/2027 2028/1/2028 2029/1/2029 
f 2029/1/2029 2030/1/2030 2027/1/2027 
f 2030/1/2030 2031/1/2031 2032/1/2032 
f 2032/1/2032 2027/1/2027 2030/1/2030 
f 2027/1/2027 2032/1/2032 1723/1/1723 
f 1723/1/1723 1732/1/1732 2027/1/2027 
f 1732/1/1732 1243/1/1243 2028/1/2028 
f 2028/1/2028 2027/1/2027 1732/1/1732 
f 2033/1/2033 2034/1/2034 2035/1/2035 
f 2035/1/2035 2036/1/2036 2033/1/2033 
f 2036/1/2036 2037/1/2037 2038/1/2038 
f 2038/1/2038 2033/1/2033 2036/1/2036 
f 2033/1/2033 2038/1/2038 1830/1/1830 
f 1830/1/1830 1829/1/1829 2033/1/2033 
f 1829/1/1829 1816/1/1816 2034/1/2034 
f 2034/1/2034 2033/1/2033 1829/1/1829 
f 2039/1/2039 2040/1/2040 2041/1/2041 
f 2041/1/2041 2042/1/2042 2039/1/2039 
f 2041/1/2041 1738/1/1738 1737/1/1737 
f 1737/1/1737 2042/1/2042 2041/1/2041 
f 2042/1/2042 1737/1/1737 1742/1/1742 
f 1742/1/1742 2043/1/2043 2042/1/2042 
f 2043/1/2043 2044/1/2044 2039/1/2039 
f 2039/1/2039 2042/1/2042 2043/1/2043 
f 2045/1/2045 2046/1/2046 2047/1/2047 
f 2048/1/2048 1757/1/1757 1755/1/1755 
f 1755/1/1755 2045/1/2045 2048/1/2048 
f 2045/1/2045 1755/1/1755 1206/1/1206 
f 1206/1/1206 2049/1/2049 2045/1/2045 
f 2049/1/2049 2020/1/2020 2046/1/2046 
f 2046/1/2046 2045/1/2045 2049/1/2049 
f 2050/1/2050 2051/1/2051 2052/1/2052 
f 2052/1/2052 2053/1/2053 2050/1/2050 
f 2053/1/2053 1905/1/1905 1969/1/1969 
f 2050/1/2050 1969/1/1969 1968/1/1968 
f 1968/1/1968 2054/1/2054 2050/1/2050 
f 2054/1/2054 2055/1/2055 2051/1/2051 
f 2051/1/2051 2050/1/2050 2054/1/2054 
f 2056/1/2056 2057/1/2057 2058/1/2058 
f 2058/1/2058 2059/1/2059 2056/1/2056 
f 2059/1/2059 1776/1/1776 1775/1/1775 
f 1775/1/1775 2056/1/2056 2059/1/2059 
f 2056/1/2056 1775/1/1775 1774/1/1774 
f 1774/1/1774 2060/1/2060 2056/1/2056 
f 2060/1/2060 2061/1/2061 2057/1/2057 
f 2057/1/2057 2056/1/2056 2060/1/2060 
f 2062/1/2062 148/1/148 147/1/147 
f 147/1/147 2063/1/2063 2062/1/2062 
f 2063/1/2063 2064/1/2064 2065/1/2065 
f 2065/1/2065 2062/1/2062 2063/1/2063 
f 2062/1/2062 2065/1/2065 1999/1/1999 
f 1999/1/1999 2066/1/2066 2062/1/2062 
f 2066/1/2066 149/1/149 148/1/148 
f 148/1/148 2062/1/2062 2066/1/2066 
f 2066/1/2066 1999/1/1999 1998/1/1998 
f 1998/1/1998 2067/1/2067 2066/1/2066 
f 2067/1/2067 1998/1/1998 2002/1/2002 
f 2002/1/2002 2068/1/2068 2067/1/2067 
f 2067/1/2067 2068/1/2068 1851/1/1851 
f 1851/1/1851 1854/1/1854 2067/1/2067 
f 2067/1/2067 1854/1/1854 149/1/149 
f 149/1/149 2066/1/2066 2067/1/2067 
f 2069/1/2069 1806/1/1806 1689/1/1689 
f 1689/1/1689 2000/1/2000 2069/1/2069 
f 2000/1/2000 1999/1/1999 2065/1/2065 
f 2065/1/2065 2069/1/2069 2000/1/2000 
f 2069/1/2069 2065/1/2065 2064/1/2064 
f 2064/1/2064 2070/1/2070 2069/1/2069 
f 2070/1/2070 1807/1/1807 1806/1/1806 
f 1806/1/1806 2069/1/2069 2070/1/2070 
f 2071/1/2071 1852/1/1852 1851/1/1851 
f 1851/1/1851 2068/1/2068 2071/1/2071 
f 2068/1/2068 2002/1/2002 2072/1/2072 
f 2072/1/2072 2071/1/2071 2068/1/2068 
f 2072/1/2072 2007/1/2007 2073/1/2073 
f 2073/1/2073 2071/1/2071 2072/1/2072 
f 2071/1/2071 2073/1/2073 272/1/272 
f 272/1/272 1852/1/1852 2071/1/2071 
f 2074/1/2074 2073/1/2073 2007/1/2007 
f 2007/1/2007 2006/1/2006 2074/1/2074 
f 2006/1/2006 2005/1/2005 2075/1/2075 
f 2075/1/2075 2074/1/2074 2006/1/2006 
f 2074/1/2074 2075/1/2075 274/1/274 
f 274/1/274 273/1/273 2074/1/2074 
f 273/1/273 272/1/272 2073/1/2073 
f 2073/1/2073 2074/1/2074 273/1/273 
f 1696/1/1696 1695/1/1695 2008/1/2008 
f 2076/1/2076 2008/1/2008 2007/1/2007 
f 2007/1/2007 2072/1/2072 2076/1/2076 
f 2076/1/2076 2072/1/2072 2002/1/2002 
f 2001/1/2001 1692/1/1692 1696/1/1696 
f 1696/1/1696 2076/1/2076 2001/1/2001 
f 2077/1/2077 326/1/326 274/1/274 
f 274/1/274 2075/1/2075 2077/1/2077 
f 2077/1/2077 2075/1/2075 2005/1/2005 
f 2005/1/2005 2078/1/2078 2077/1/2077 
f 2077/1/2077 2078/1/2078 2079/1/2079 
f 2079/1/2079 2080/1/2080 2077/1/2077 
f 2080/1/2080 327/1/327 326/1/326 
f 326/1/326 2077/1/2077 2080/1/2080 
f 2078/1/2078 2005/1/2005 2004/1/2004 
f 2004/1/2004 2081/1/2081 2078/1/2078 
f 2081/1/2081 2004/1/2004 1699/1/1699 
f 1699/1/1699 1866/1/1866 2081/1/2081 
f 2081/1/2081 1866/1/1866 1863/1/1863 
f 2082/1/2082 2079/1/2079 2078/1/2078 
f 2078/1/2078 2081/1/2081 2082/1/2082 
f 2083/1/2083 235/1/235 234/1/234 
f 234/1/234 2084/1/2084 2083/1/2083 
f 2084/1/2084 2085/1/2085 2086/1/2086 
f 2086/1/2086 2083/1/2083 2084/1/2084 
f 2083/1/2083 2086/1/2086 2011/1/2011 
f 2011/1/2011 2087/1/2087 2083/1/2083 
f 2087/1/2087 236/1/236 235/1/235 
f 235/1/235 2083/1/2083 2087/1/2087 
f 2088/1/2088 1072/1/1072 236/1/236 
f 236/1/236 2087/1/2087 2088/1/2088 
f 2087/1/2087 2011/1/2011 2010/1/2010 
f 2010/1/2010 2088/1/2088 2087/1/2087 
f 2088/1/2088 2010/1/2010 2014/1/2014 
f 2014/1/2014 2089/1/2089 2088/1/2088 
f 2089/1/2089 1073/1/1073 1072/1/1072 
f 1072/1/1072 2088/1/2088 2089/1/2089 
f 2090/1/2090 1840/1/1840 1823/1/1823 
f 1823/1/1823 2012/1/2012 2090/1/2090 
f 2012/1/2012 2011/1/2011 2086/1/2086 
f 2086/1/2086 2090/1/2090 2012/1/2012 
f 2090/1/2090 2086/1/2086 2085/1/2085 
f 2085/1/2085 2091/1/2091 2090/1/2090 
f 2091/1/2091 1841/1/1841 1840/1/1840 
f 1840/1/1840 2090/1/2090 2091/1/2091 
f 2092/1/2092 1912/1/1912 1911/1/1911 
f 1911/1/1911 2093/1/2093 2092/1/2092 
f 2093/1/2093 2094/1/2094 2095/1/2095 
f 2095/1/2095 2092/1/2092 2093/1/2093 
f 2092/1/2092 2095/1/2095 2017/1/2017 
f 2017/1/2017 2096/1/2096 2092/1/2092 
f 2096/1/2096 1212/1/1212 1912/1/1912 
f 1912/1/1912 2092/1/2092 2096/1/2096 
f 2097/1/2097 1205/1/1205 1212/1/1212 
f 1212/1/1212 2096/1/2096 2097/1/2097 
f 2096/1/2096 2017/1/2017 2016/1/2016 
f 2016/1/2016 2097/1/2097 2096/1/2096 
f 2097/1/2097 2016/1/2016 2020/1/2020 
f 2020/1/2020 2049/1/2049 2097/1/2097 
f 2049/1/2049 1206/1/1206 1205/1/1205 
f 1205/1/1205 2097/1/2097 2049/1/2049 
f 2098/1/2098 1703/1/1703 1702/1/1702 
f 1702/1/1702 2018/1/2018 2098/1/2098 
f 2018/1/2018 2017/1/2017 2095/1/2095 
f 2095/1/2095 2098/1/2098 2018/1/2018 
f 2098/1/2098 2095/1/2095 2094/1/2094 
f 2094/1/2094 2099/1/2099 2098/1/2098 
f 2099/1/2099 1705/1/1705 1703/1/1703 
f 1703/1/1703 2098/1/2098 2099/1/2099 
f 2100/1/2100 2101/1/2101 2102/1/2102 
f 2102/1/2102 2103/1/2103 2100/1/2100 
f 2103/1/2103 2104/1/2104 2105/1/2105 
f 2105/1/2105 2100/1/2100 2103/1/2103 
f 2100/1/2100 2105/1/2105 161/1/161 
f 161/1/161 160/1/160 2100/1/2100 
f 160/1/160 159/1/159 2101/1/2101 
f 2101/1/2101 2100/1/2100 160/1/160 
f 2106/1/2106 2105/1/2105 2104/1/2104 
f 2104/1/2104 2107/1/2107 2106/1/2106 
f 2107/1/2107 2108/1/2108 2109/1/2109 
f 2109/1/2109 2106/1/2106 2107/1/2107 
f 2106/1/2106 2109/1/2109 168/1/168 
f 168/1/168 167/1/167 2106/1/2106 
f 167/1/167 161/1/161 2105/1/2105 
f 2105/1/2105 2106/1/2106 167/1/167 
f 2110/1/2110 2111/1/2111 2107/1/2107 
f 2107/1/2107 2104/1/2104 2110/1/2110 
f 2110/1/2110 1715/1/1715 1860/1/1860 
f 1860/1/1860 2111/1/2111 2110/1/2110 
f 1860/1/1860 1857/1/1857 2112/1/2112 
f 2112/1/2112 2111/1/2111 1860/1/1860 
f 2111/1/2111 2112/1/2112 2108/1/2108 
f 2108/1/2108 2107/1/2107 2111/1/2111 
f 2113/1/2113 2114/1/2114 1791/1/1791 
f 1791/1/1791 1795/1/1795 2113/1/2113 
f 1795/1/1795 1715/1/1715 2110/1/2110 
f 2110/1/2110 2113/1/2113 1795/1/1795 
f 2113/1/2113 2110/1/2110 2104/1/2104 
f 2104/1/2104 2103/1/2103 2113/1/2113 
f 2103/1/2103 2102/1/2102 2114/1/2114 
f 2114/1/2114 2113/1/2113 2103/1/2103 
f 2115/1/2115 2109/1/2109 2108/1/2108 
f 2108/1/2108 2116/1/2116 2115/1/2115 
f 2116/1/2116 2025/1/2025 2117/1/2117 
f 2117/1/2117 2115/1/2115 2116/1/2116 
f 2115/1/2115 2117/1/2117 280/1/280 
f 280/1/280 279/1/279 2115/1/2115 
f 279/1/279 168/1/168 2109/1/2109 
f 2109/1/2109 2115/1/2115 279/1/279 
f 2118/1/2118 2117/1/2117 2025/1/2025 
f 2025/1/2025 2024/1/2024 2118/1/2118 
f 2024/1/2024 2023/1/2023 2119/1/2119 
f 2119/1/2119 2118/1/2118 2024/1/2024 
f 2118/1/2118 2119/1/2119 1871/1/1871 
f 1871/1/1871 1875/1/1875 2118/1/2118 
f 1875/1/1875 280/1/280 2117/1/2117 
f 2117/1/2117 2118/1/2118 1875/1/1875 
f 2120/1/2120 2112/1/2112 1857/1/1857 
f 1857/1/1857 1856/1/1856 2120/1/2120 
f 1856/1/1856 1711/1/1711 2026/1/2026 
f 2026/1/2026 2120/1/2120 1856/1/1856 
f 2120/1/2120 2026/1/2026 2025/1/2025 
f 2025/1/2025 2116/1/2116 2120/1/2120 
f 2116/1/2116 2108/1/2108 2112/1/2112 
f 2112/1/2112 2120/1/2120 2116/1/2116 
f 2121/1/2121 2122/1/2122 2123/1/2123 
f 2123/1/2123 2124/1/2124 2121/1/2121 
f 2124/1/2124 2031/1/2031 2125/1/2125 
f 2125/1/2125 2121/1/2121 2124/1/2124 
f 2121/1/2121 2125/1/2125 1926/1/1926 
f 1926/1/1926 1925/1/1925 2121/1/2121 
f 1925/1/1925 1917/1/1917 2122/1/2122 
f 2122/1/2122 2121/1/2121 1925/1/1925 
f 2126/1/2126 1953/1/1953 1926/1/1926 
f 2126/1/2126 2125/1/2125 2031/1/2031 
f 2031/1/2031 2030/1/2030 2126/1/2126 
f 2030/1/2030 2029/1/2029 2127/1/2127 
f 2127/1/2127 1950/1/1950 1953/1/1953 
f 1953/1/1953 2126/1/2126 2127/1/2127 
f 2128/1/2128 2129/1/2129 1730/1/1730 
f 1730/1/1730 1729/1/1729 2128/1/2128 
f 1729/1/1729 1723/1/1723 2032/1/2032 
f 2032/1/2032 2128/1/2128 1729/1/1729 
f 2128/1/2128 2032/1/2032 2031/1/2031 
f 2031/1/2031 2124/1/2124 2128/1/2128 
f 2124/1/2124 2123/1/2123 2129/1/2129 
f 2130/1/2130 2131/1/2131 2132/1/2132 
f 2132/1/2132 2133/1/2133 2130/1/2130 
f 2133/1/2133 2037/1/2037 2134/1/2134 
f 2134/1/2134 2130/1/2130 2133/1/2133 
f 2130/1/2130 2134/1/2134 263/1/263 
f 263/1/263 262/1/262 2130/1/2130 
f 262/1/262 261/1/261 2131/1/2131 
f 2131/1/2131 2130/1/2130 262/1/262 
f 2135/1/2135 2134/1/2134 2037/1/2037 
f 2037/1/2037 2036/1/2036 2135/1/2135 
f 2036/1/2036 2035/1/2035 2136/1/2136 
f 2136/1/2136 2135/1/2135 2036/1/2036 
f 2135/1/2135 2136/1/2136 1082/1/1082 
f 1082/1/1082 1081/1/1081 2135/1/2135 
f 1081/1/1081 263/1/263 2134/1/2134 
f 2134/1/2134 2135/1/2135 1081/1/1081 
f 2137/1/2137 2138/1/2138 1834/1/1834 
f 1834/1/1834 1837/1/1837 2137/1/2137 
f 1837/1/1837 1830/1/1830 2038/1/2038 
f 2038/1/2038 2137/1/2137 1837/1/1837 
f 2137/1/2137 2038/1/2038 2037/1/2037 
f 2037/1/2037 2133/1/2133 2137/1/2137 
f 2133/1/2133 2132/1/2132 2138/1/2138 
f 2138/1/2138 2137/1/2137 2133/1/2133 
f 2139/1/2139 2140/1/2140 2141/1/2141 
f 2141/1/2141 2142/1/2142 2139/1/2139 
f 2142/1/2142 2143/1/2143 2144/1/2144 
f 2139/1/2139 2144/1/2144 1123/1/1123 
f 1848/1/1848 1847/1/1847 2140/1/2140 
f 2140/1/2140 2139/1/2139 1848/1/1848 
f 1124/1/1124 1123/1/1123 2144/1/2144 
f 2144/1/2144 2145/1/2145 1124/1/1124 
f 2145/1/2145 2144/1/2144 2143/1/2143 
f 2145/1/2145 2146/1/2146 2147/1/2147 
f 2147/1/2147 2148/1/2148 2145/1/2145 
f 2148/1/2148 1126/1/1126 1124/1/1124 
f 1124/1/1124 2145/1/2145 2148/1/2148 
f 2146/1/2146 2143/1/2143 2149/1/2149 
f 2149/1/2149 2150/1/2150 2146/1/2146 
f 2150/1/2150 2149/1/2149 1735/1/1735 
f 1735/1/1735 1938/1/1938 2150/1/2150 
f 2150/1/2150 1938/1/1938 1929/1/1929 
f 1929/1/1929 2151/1/2151 2150/1/2150 
f 2151/1/2151 2147/1/2147 2146/1/2146 
f 2146/1/2146 2150/1/2150 2151/1/2151 
f 2152/1/2152 2153/1/2153 1241/1/1241 
f 1241/1/1241 1736/1/1736 2152/1/2152 
f 1736/1/1736 1735/1/1735 2149/1/2149 
f 2149/1/2149 2152/1/2152 1736/1/1736 
f 2152/1/2152 2149/1/2149 2143/1/2143 
f 2143/1/2143 2142/1/2142 2152/1/2152 
f 2142/1/2142 2141/1/2141 2153/1/2153 
f 2154/1/2154 2155/1/2155 2156/1/2156 
f 2156/1/2156 2157/1/2157 2154/1/2154 
f 2157/1/2157 2158/1/2158 2159/1/2159 
f 2154/1/2154 2159/1/2159 1356/1/1356 
f 1366/1/1366 1365/1/1365 2155/1/2155 
f 2155/1/2155 2154/1/2154 1366/1/1366 
f 2160/1/2160 1357/1/1357 1356/1/1356 
f 1356/1/1356 2159/1/2159 2160/1/2160 
f 2159/1/2159 2158/1/2158 2161/1/2161 
f 2160/1/2160 2161/1/2161 2162/1/2162 
f 2162/1/2162 2163/1/2163 2160/1/2160 
f 2163/1/2163 1358/1/1358 1357/1/1357 
f 1357/1/1357 2160/1/2160 2163/1/2163 
f 2164/1/2164 2161/1/2161 2158/1/2158 
f 2158/1/2158 2165/1/2165 2164/1/2164 
f 2165/1/2165 1749/1/1749 1879/1/1879 
f 1879/1/1879 2164/1/2164 2165/1/2165 
f 2164/1/2164 1879/1/1879 1878/1/1878 
f 1878/1/1878 2166/1/2166 2164/1/2164 
f 2166/1/2166 2162/1/2162 2161/1/2161 
f 2161/1/2161 2164/1/2164 2166/1/2166 
f 2167/1/2167 2168/1/2168 1960/1/1960 
f 1960/1/1960 1961/1/1961 2167/1/2167 
f 1961/1/1961 1749/1/1749 2165/1/2165 
f 2165/1/2165 2167/1/2167 1961/1/1961 
f 2167/1/2167 2165/1/2165 2158/1/2158 
f 2158/1/2158 2157/1/2157 2167/1/2167 
f 2157/1/2157 2156/1/2156 2168/1/2168 
f 2168/1/2168 2167/1/2167 2157/1/2157 
f 2169/1/2169 1465/1/1465 1358/1/1358 
f 1358/1/1358 2163/1/2163 2169/1/2169 
f 2163/1/2163 2162/1/2162 2170/1/2170 
f 2170/1/2170 2169/1/2169 2163/1/2163 
f 2169/1/2169 2170/1/2170 2171/1/2171 
f 2171/1/2171 2172/1/2172 2169/1/2169 
f 2172/1/2172 1466/1/1466 1465/1/1465 
f 2173/1/2173 1980/1/1980 1466/1/1466 
f 1466/1/1466 2172/1/2172 2173/1/2173 
f 2172/1/2172 2171/1/2171 2174/1/2174 
f 2174/1/2174 2173/1/2173 2172/1/2172 
f 2173/1/2173 2174/1/2174 2175/1/2175 
f 2175/1/2175 2176/1/2176 2173/1/2173 
f 2176/1/2176 1981/1/1981 1980/1/1980 
f 1980/1/1980 2173/1/2173 2176/1/2176 
f 2177/1/2177 2174/1/2174 2171/1/2171 
f 2171/1/2171 2178/1/2178 2177/1/2177 
f 2178/1/2178 1746/1/1746 1978/1/1978 
f 1978/1/1978 2177/1/2177 2178/1/2178 
f 2177/1/2177 1978/1/1978 1977/1/1977 
f 2179/1/2179 2175/1/2175 2174/1/2174 
f 2174/1/2174 2177/1/2177 2179/1/2179 
f 2180/1/2180 1881/1/1881 1746/1/1746 
f 1746/1/1746 2178/1/2178 2180/1/2180 
f 2178/1/2178 2171/1/2171 2170/1/2170 
f 2170/1/2170 2180/1/2180 2178/1/2178 
f 2180/1/2180 2170/1/2170 2162/1/2162 
f 2162/1/2162 2166/1/2166 2180/1/2180 
f 2166/1/2166 1878/1/1878 1881/1/1881 
f 1881/1/1881 2180/1/2180 2166/1/2166 
f 2181/1/2181 1684/1/1684 1683/1/1683 
f 1683/1/1683 2182/1/2182 2181/1/2181 
f 2182/1/2182 2183/1/2183 2184/1/2184 
f 2184/1/2184 2181/1/2181 2182/1/2182 
f 2181/1/2181 2184/1/2184 2185/1/2185 
f 2185/1/2185 2186/1/2186 2181/1/2181 
f 2186/1/2186 1679/1/1679 1684/1/1684 
f 1684/1/1684 2181/1/2181 2186/1/2186 
f 2187/1/2187 2188/1/2188 2186/1/2186 
f 2186/1/2186 2185/1/2185 2187/1/2187 
f 2187/1/2187 2189/1/2189 2190/1/2190 
f 2190/1/2190 2188/1/2188 2187/1/2187 
f 2188/1/2188 2190/1/2190 1668/1/1668 
f 1668/1/1668 1680/1/1680 2188/1/2188 
f 1680/1/1680 1679/1/1679 2186/1/2186 
f 2186/1/2186 2188/1/2188 1680/1/1680 
f 2191/1/2191 2190/1/2190 2189/1/2189 
f 2189/1/2189 2192/1/2192 2191/1/2191 
f 2192/1/2192 2193/1/2193 2194/1/2194 
f 2194/1/2194 2191/1/2191 2192/1/2192 
f 2191/1/2191 2194/1/2194 1670/1/1670 
f 1670/1/1670 1669/1/1669 2191/1/2191 
f 1669/1/1669 1668/1/1668 2190/1/2190 
f 2190/1/2190 2191/1/2191 1669/1/1669 
f 2195/1/2195 1995/1/1995 1670/1/1670 
f 1670/1/1670 2194/1/2194 2195/1/2195 
f 2194/1/2194 2193/1/2193 2196/1/2196 
f 2196/1/2196 2195/1/2195 2194/1/2194 
f 2195/1/2195 2196/1/2196 2197/1/2197 
f 2197/1/2197 2198/1/2198 2195/1/2195 
f 2198/1/2198 1989/1/1989 1995/1/1995 
f 1995/1/1995 2195/1/2195 2198/1/2198 
f 2199/1/2199 1990/1/1990 1989/1/1989 
f 1989/1/1989 2198/1/2198 2199/1/2199 
f 2198/1/2198 2197/1/2197 2200/1/2200 
f 2200/1/2200 2199/1/2199 2198/1/2198 
f 2199/1/2199 2200/1/2200 2201/1/2201 
f 2201/1/2201 2202/1/2202 2199/1/2199 
f 2202/1/2202 1991/1/1991 1990/1/1990 
f 2203/1/2203 2204/1/2204 2205/1/2205 
f 2205/1/2205 2206/1/2206 2203/1/2203 
f 2206/1/2206 2040/1/2040 2207/1/2207 
f 2207/1/2207 2203/1/2203 2206/1/2206 
f 2203/1/2203 2207/1/2207 1463/1/1463 
f 1463/1/1463 1462/1/1462 2203/1/2203 
f 1462/1/1462 1461/1/1461 2204/1/2204 
f 2204/1/2204 2203/1/2203 1462/1/1462 
f 2208/1/2208 1893/1/1893 1463/1/1463 
f 1463/1/1463 2207/1/2207 2208/1/2208 
f 2207/1/2207 2040/1/2040 2039/1/2039 
f 2039/1/2039 2208/1/2208 2207/1/2207 
f 2208/1/2208 2039/1/2039 2044/1/2044 
f 2044/1/2044 2209/1/2209 2208/1/2208 
f 2209/1/2209 1886/1/1886 1893/1/1893 
f 2210/1/2210 2211/1/2211 1975/1/1975 
f 1975/1/1975 1974/1/1974 2210/1/2210 
f 1974/1/1974 1738/1/1738 2041/1/2041 
f 2041/1/2041 2210/1/2210 1974/1/1974 
f 2210/1/2210 2041/1/2041 2040/1/2040 
f 2040/1/2040 2206/1/2206 2210/1/2210 
f 2206/1/2206 2205/1/2205 2211/1/2211 
f 2211/1/2211 2210/1/2210 2206/1/2206 
f 2212/1/2212 1887/1/1887 1886/1/1886 
f 1886/1/1886 2209/1/2209 2212/1/2212 
f 2209/1/2209 2044/1/2044 2213/1/2213 
f 2213/1/2213 2212/1/2212 2209/1/2209 
f 2212/1/2212 2213/1/2213 2214/1/2214 
f 2214/1/2214 2215/1/2215 2212/1/2212 
f 2215/1/2215 1888/1/1888 1887/1/1887 
f 1887/1/1887 2212/1/2212 2215/1/2215 
f 2216/1/2216 1971/1/1971 1888/1/1888 
f 1888/1/1888 2215/1/2215 2216/1/2216 
f 2215/1/2215 2214/1/2214 2217/1/2217 
f 2217/1/2217 2216/1/2216 2215/1/2215 
f 2216/1/2216 2217/1/2217 2055/1/2055 
f 2055/1/2055 2054/1/2054 2216/1/2216 
f 2054/1/2054 1968/1/1968 1971/1/1971 
f 2218/1/2218 2055/1/2055 2217/1/2217 
f 2217/1/2217 2219/1/2219 2218/1/2218 
f 2219/1/2219 2217/1/2217 2214/1/2214 
f 2214/1/2214 2220/1/2220 2219/1/2219 
f 2219/1/2219 2220/1/2220 1751/1/1751 
f 1751/1/1751 1962/1/1962 2219/1/2219 
f 2218/1/2218 2219/1/2219 1962/1/1962 
f 1962/1/1962 1956/1/1956 2218/1/2218 
f 2221/1/2221 2043/1/2043 1742/1/1742 
f 1742/1/1742 1754/1/1754 2221/1/2221 
f 1754/1/1754 1751/1/1751 2220/1/2220 
f 2220/1/2220 2221/1/2221 1754/1/1754 
f 2221/1/2221 2220/1/2220 2214/1/2214 
f 2214/1/2214 2213/1/2213 2221/1/2221 
f 2221/1/2221 2213/1/2213 2044/1/2044 
f 2044/1/2044 2043/1/2043 2221/1/2221 
f 2222/1/2222 2223/1/2223 2224/1/2224 
f 2224/1/2224 2225/1/2225 2222/1/2222 
f 2225/1/2225 2047/1/2047 2226/1/2226 
f 2226/1/2226 2222/1/2222 2225/1/2225 
f 2222/1/2222 2226/1/2226 1902/1/1902 
f 1902/1/1902 1901/1/1901 2222/1/2222 
f 1901/1/1901 1900/1/1900 2223/1/2223 
f 1940/1/1940 1902/1/1902 2226/1/2226 
f 2226/1/2226 2047/1/2047 2046/1/2046 
f 2046/1/2046 2227/1/2227 2226/1/2226 
f 2227/1/2227 2046/1/2046 2020/1/2020 
f 2020/1/2020 2019/1/2019 2227/1/2227 
f 2019/1/2019 1941/1/1941 1940/1/1940 
f 2228/1/2228 2229/1/2229 1931/1/1931 
f 1931/1/1931 1937/1/1937 2228/1/2228 
f 1937/1/1937 1757/1/1757 2048/1/2048 
f 2048/1/2048 2228/1/2228 1937/1/1937 
f 2228/1/2228 2048/1/2048 2047/1/2047 
f 2047/1/2047 2225/1/2225 2228/1/2228 
f 2225/1/2225 2224/1/2224 2229/1/2229 
f 2230/1/2230 1932/1/1932 1931/1/1931 
f 1931/1/1931 2229/1/2229 2230/1/2230 
f 2229/1/2229 2224/1/2224 2231/1/2231 
f 2231/1/2231 2230/1/2230 2229/1/2229 
f 2230/1/2230 2231/1/2231 2052/1/2052 
f 2052/1/2052 2232/1/2232 2230/1/2230 
f 2232/1/2232 1933/1/1933 1932/1/1932 
f 1932/1/1932 2230/1/2230 2232/1/2232 
f 2233/1/2233 1955/1/1955 1933/1/1933 
f 1933/1/1933 2232/1/2232 2233/1/2233 
f 2232/1/2232 2052/1/2052 2051/1/2051 
f 2051/1/2051 2233/1/2233 2232/1/2232 
f 2233/1/2233 2051/1/2051 2055/1/2055 
f 1955/1/1955 2233/1/2233 2218/1/2218 
f 2218/1/2218 1956/1/1956 1955/1/1955 
f 2234/1/2234 1906/1/1906 1905/1/1905 
f 1905/1/1905 2053/1/2053 2234/1/2234 
f 2053/1/2053 2052/1/2052 2231/1/2231 
f 2231/1/2231 2234/1/2234 2053/1/2053 
f 2234/1/2234 2231/1/2231 2224/1/2224 
f 2224/1/2224 2223/1/2223 2234/1/2234 
f 2234/1/2234 2223/1/2223 1900/1/1900 
f 2235/1/2235 1959/1/1959 1960/1/1960 
f 2236/1/2236 2235/1/2235 2168/1/2168 
f 2168/1/2168 2156/1/2156 2236/1/2236 
f 2235/1/2235 2236/1/2236 2237/1/2237 
f 2237/1/2237 2238/1/2238 2235/1/2235 
f 2238/1/2238 1935/1/1935 1959/1/1959 
f 1959/1/1959 2235/1/2235 2238/1/2238 
f 2239/1/2239 1928/1/1928 1935/1/1935 
f 2238/1/2238 2237/1/2237 2240/1/2240 
f 2239/1/2239 2240/1/2240 2147/1/2147 
f 2147/1/2147 2151/1/2151 2239/1/2239 
f 2151/1/2151 1929/1/1929 1928/1/1928 
f 1928/1/1928 2239/1/2239 2151/1/2151 
f 2241/1/2241 2240/1/2240 2237/1/2237 
f 2237/1/2237 2242/1/2242 2241/1/2241 
f 2242/1/2242 1764/1/1764 1763/1/1763 
f 1763/1/1763 2241/1/2241 2242/1/2242 
f 2241/1/2241 1763/1/1763 1126/1/1126 
f 1126/1/1126 2148/1/2148 2241/1/2241 
f 2148/1/2148 2147/1/2147 2240/1/2240 
f 2243/1/2243 1769/1/1769 1764/1/1764 
f 1764/1/1764 2242/1/2242 2243/1/2243 
f 2242/1/2242 2237/1/2237 2236/1/2236 
f 2236/1/2236 2243/1/2243 2242/1/2242 
f 2243/1/2243 2236/1/2236 2156/1/2156 
f 2156/1/2156 2155/1/2155 2243/1/2243 
f 2155/1/2155 1365/1/1365 1769/1/1769 
f 1769/1/1769 2243/1/2243 2155/1/2155 
f 2244/1/2244 1804/1/1804 1803/1/1803 
f 2245/1/2245 2058/1/2058 2057/1/2057 
f 2057/1/2057 2244/1/2244 2245/1/2245 
f 2244/1/2244 2057/1/2057 2061/1/2061 
f 2246/1/2246 1799/1/1799 1804/1/1804 
f 1804/1/1804 2244/1/2244 2246/1/2246 
f 2247/1/2247 2114/1/2114 2102/1/2102 
f 2102/1/2102 2248/1/2248 2247/1/2247 
f 2248/1/2248 2249/1/2249 2250/1/2250 
f 2250/1/2250 2247/1/2247 2248/1/2248 
f 2247/1/2247 2250/1/2250 1793/1/1793 
f 1793/1/1793 1792/1/1792 2247/1/2247 
f 1792/1/1792 1791/1/1791 2114/1/2114 
f 2114/1/2114 2247/1/2247 1792/1/1792 
f 1784/1/1784 1783/1/1783 2251/1/2251 
f 2251/1/2251 2252/1/2252 1784/1/1784 
f 2252/1/2252 2251/1/2251 2249/1/2249 
f 2249/1/2249 2248/1/2248 2252/1/2252 
f 2248/1/2248 2102/1/2102 2101/1/2101 
f 2101/1/2101 2252/1/2252 2248/1/2248 
f 2252/1/2252 2101/1/2101 159/1/159 
f 159/1/159 1784/1/1784 2252/1/2252 
f 2253/1/2253 1813/1/1813 1807/1/1807 
f 1807/1/1807 2070/1/2070 2253/1/2253 
f 2070/1/2070 2064/1/2064 2254/1/2254 
f 2254/1/2254 2253/1/2253 2070/1/2070 
f 2253/1/2253 2254/1/2254 2061/1/2061 
f 2061/1/2061 2060/1/2060 2253/1/2253 
f 2060/1/2060 1774/1/1774 1813/1/1813 
f 1813/1/1813 2253/1/2253 2060/1/2060 
f 2255/1/2255 1800/1/1800 1799/1/1799 
f 1799/1/1799 2246/1/2246 2255/1/2255 
f 2246/1/2246 2061/1/2061 2254/1/2254 
f 2254/1/2254 2255/1/2255 2246/1/2246 
f 2255/1/2255 2254/1/2254 2064/1/2064 
f 2064/1/2064 2063/1/2063 2255/1/2255 
f 2063/1/2063 147/1/147 1800/1/1800 
f 1800/1/1800 2255/1/2255 2063/1/2063 
f 2256/1/2256 1914/1/1914 1073/1/1073 
f 1073/1/1073 2089/1/2089 2256/1/2256 
f 2089/1/2089 2014/1/2014 2257/1/2257 
f 2257/1/2257 2256/1/2256 2089/1/2089 
f 2256/1/2256 2257/1/2257 2094/1/2094 
f 2094/1/2094 2093/1/2093 2256/1/2256 
f 2093/1/2093 1911/1/1911 1914/1/1914 
f 1914/1/1914 2256/1/2256 2093/1/2093 
f 2258/1/2258 2257/1/2257 2014/1/2014 
f 2014/1/2014 2013/1/2013 2258/1/2258 
f 2013/1/2013 1821/1/1821 1827/1/1827 
f 1827/1/1827 2258/1/2258 2013/1/2013 
f 2258/1/2258 1827/1/1827 1705/1/1705 
f 1705/1/1705 2099/1/2099 2258/1/2258 
f 2099/1/2099 2094/1/2094 2257/1/2257 
f 2257/1/2257 2258/1/2258 2099/1/2099 
f 2259/1/2259 2136/1/2136 2035/1/2035 
f 2035/1/2035 2260/1/2260 2259/1/2259 
f 2260/1/2260 2123/1/2123 2122/1/2122 
f 2122/1/2122 2259/1/2259 2260/1/2260 
f 2259/1/2259 2122/1/2122 1917/1/1917 
f 1917/1/1917 1916/1/1916 2259/1/2259 
f 1916/1/1916 1082/1/1082 2136/1/2136 
f 2136/1/2136 2259/1/2259 1916/1/1916 
f 2261/1/2261 2129/1/2129 2123/1/2123 
f 2123/1/2123 2260/1/2260 2261/1/2261 
f 2260/1/2260 2035/1/2035 2034/1/2034 
f 2034/1/2034 2261/1/2261 2260/1/2260 
f 2261/1/2261 2034/1/2034 1816/1/1816 
f 1816/1/1816 1815/1/1815 2261/1/2261 
f 1815/1/1815 1730/1/1730 2129/1/2129 
f 2262/1/2262 2119/1/2119 2023/1/2023 
f 2023/1/2023 2263/1/2263 2262/1/2262 
f 2263/1/2263 2132/1/2132 2131/1/2131 
f 2131/1/2131 2262/1/2262 2263/1/2263 
f 2262/1/2262 2131/1/2131 261/1/261 
f 261/1/261 1872/1/1872 2262/1/2262 
f 1872/1/1872 1871/1/1871 2119/1/2119 
f 2119/1/2119 2262/1/2262 1872/1/1872 
f 2264/1/2264 2022/1/2022 1719/1/1719 
f 1835/1/1835 1834/1/1834 2138/1/2138 
f 2138/1/2138 2264/1/2264 1835/1/1835 
f 2264/1/2264 2138/1/2138 2132/1/2132 
f 2132/1/2132 2263/1/2263 2264/1/2264 
f 2263/1/2263 2023/1/2023 2022/1/2022 
f 2022/1/2022 2264/1/2264 2263/1/2263 
f 2265/1/2265 332/1/332 327/1/327 
f 2080/1/2080 2079/1/2079 2266/1/2266 
f 2266/1/2266 2265/1/2265 2080/1/2080 
f 2265/1/2265 2266/1/2266 2085/1/2085 
f 2084/1/2084 234/1/234 332/1/332 
f 2267/1/2267 1862/1/1862 1841/1/1841 
f 1841/1/1841 2091/1/2091 2267/1/2267 
f 2091/1/2091 2085/1/2085 2266/1/2266 
f 2266/1/2266 2267/1/2267 2091/1/2091 
f 2267/1/2267 2266/1/2266 2079/1/2079 
f 2079/1/2079 2082/1/2082 2267/1/2267 
f 2082/1/2082 1863/1/1863 1862/1/1862 
f 1242/1/1242 1241/1/1241 2153/1/2153 
f 2153/1/2153 2268/1/2268 1242/1/1242 
f 2268/1/2268 2153/1/2153 2141/1/2141 
f 2269/1/2269 2029/1/2029 2028/1/2028 
f 2028/1/2028 2268/1/2268 2269/1/2269 
f 2268/1/2268 2028/1/2028 1243/1/1243 
f 1243/1/1243 1242/1/1242 2268/1/2268 
f 2269/1/2269 2141/1/2141 2140/1/2140 
f 2140/1/2140 2270/1/2270 2269/1/2269 
f 1951/1/1951 2270/1/2270 2140/1/2140 
f 2140/1/2140 1847/1/1847 1951/1/1951 
f 2270/1/2270 1951/1/1951 1950/1/1950 
f 1950/1/1950 2127/1/2127 2270/1/2270 
f 2127/1/2127 2029/1/2029 2269/1/2269 
f 2269/1/2269 2270/1/2270 2127/1/2127 
f 2271/1/2271 1618/1/1618 1617/1/1617 
f 1617/1/1617 2272/1/2272 2271/1/2271 
f 2272/1/2272 2273/1/2273 2274/1/2274 
f 2271/1/2271 2274/1/2274 850/1/850 
f 849/1/849 848/1/848 1618/1/1618 
f 1618/1/1618 2271/1/2271 849/1/849 
f 2275/1/2275 1019/1/1019 1018/1/1018 
f 1018/1/1018 2276/1/2276 2275/1/2275 
f 2276/1/2276 2277/1/2277 2278/1/2278 
f 2278/1/2278 2275/1/2275 2276/1/2276 
f 2275/1/2275 2278/1/2278 830/1/830 
f 830/1/830 1007/1/1007 2275/1/2275 
f 2275/1/2275 1007/1/1007 1006/1/1006 
f 1006/1/1006 1019/1/1019 2275/1/2275 
f 2279/1/2279 2280/1/2280 2281/1/2281 
f 2281/1/2281 2282/1/2282 2279/1/2279 
f 2282/1/2282 2277/1/2277 2276/1/2276 
f 2276/1/2276 2279/1/2279 2282/1/2282 
f 2279/1/2279 2276/1/2276 1018/1/1018 
f 1018/1/1018 1039/1/1039 2279/1/2279 
f 1039/1/1039 1041/1/1041 2280/1/2280 
f 2280/1/2280 2279/1/2279 1039/1/1039 
f 2283/1/2283 2278/1/2278 2277/1/2277 
f 2277/1/2277 2284/1/2284 2283/1/2283 
f 2283/1/2283 2284/1/2284 2285/1/2285 
f 2285/1/2285 2286/1/2286 2283/1/2283 
f 2283/1/2283 2286/1/2286 832/1/832 
f 832/1/832 831/1/831 2283/1/2283 
f 831/1/831 830/1/830 2278/1/2278 
f 2278/1/2278 2283/1/2283 831/1/831 
f 2287/1/2287 2284/1/2284 2277/1/2277 
f 2277/1/2277 2282/1/2282 2287/1/2287 
f 2282/1/2282 2281/1/2281 2288/1/2288 
f 2288/1/2288 2287/1/2287 2282/1/2282 
f 2287/1/2287 2288/1/2288 2289/1/2289 
f 2289/1/2289 2290/1/2290 2287/1/2287 
f 2290/1/2290 2285/1/2285 2284/1/2284 
f 2284/1/2284 2287/1/2287 2290/1/2290 
f 2290/1/2290 2289/1/2289 2291/1/2291 
f 2291/1/2291 838/1/838 837/1/837 
f 837/1/837 832/1/832 2286/1/2286 
f 2286/1/2286 2292/1/2292 837/1/837 
f 2292/1/2292 2286/1/2286 2285/1/2285 
f 1624/1/1624 838/1/838 2291/1/2291 
f 2293/1/2293 2291/1/2291 2289/1/2289 
f 2289/1/2289 2294/1/2294 2293/1/2293 
f 2293/1/2293 2294/1/2294 2273/1/2273 
f 2273/1/2273 2272/1/2272 2293/1/2293 
f 2272/1/2272 1617/1/1617 1624/1/1624 
f 2274/1/2274 2273/1/2273 2294/1/2294 
f 2294/1/2294 2295/1/2295 2274/1/2274 
f 2294/1/2294 2289/1/2289 2288/1/2288 
f 2288/1/2288 2295/1/2295 2294/1/2294 
f 2295/1/2295 2288/1/2288 2281/1/2281 
f 2281/1/2281 2296/1/2296 2295/1/2295 
f 2296/1/2296 850/1/850 2274/1/2274 
f 2274/1/2274 2295/1/2295 2296/1/2296 
f 2297/1/2297 843/1/843 850/1/850 
f 850/1/850 2296/1/2296 2297/1/2297 
f 2296/1/2296 2281/1/2281 2280/1/2280 
f 2280/1/2280 2297/1/2297 2296/1/2296 
f 2297/1/2297 2280/1/2280 1041/1/1041 
f 1041/1/1041 1050/1/1050 2297/1/2297 
f 1050/1/1050 844/1/844 843/1/843 
f 843/1/843 2297/1/2297 1050/1/1050 
f 2298/1/2298 1501/1/1501 1500/1/1500 
f 1500/1/1500 1507/1/1507 2298/1/2298 
f 1507/1/1507 1506/1/1506 2299/1/2299 
f 2299/1/2299 2298/1/2298 1507/1/1507 
f 2300/1/2300 2298/1/2298 2299/1/2299 
f 2299/1/2299 2301/1/2301 2300/1/2300 
f 2300/1/2300 1502/1/1502 1501/1/1501 
f 1501/1/1501 2298/1/2298 2300/1/2300 
f 1570/1/1570 1559/1/1559 2302/1/2302 
f 2302/1/2302 2303/1/2303 1570/1/1570 
f 2302/1/2302 2301/1/2301 2299/1/2299 
f 2299/1/2299 2303/1/2303 2302/1/2302 
f 2303/1/2303 2299/1/2299 1506/1/1506 
f 1580/1/1580 1571/1/1571 1570/1/1570 
f 1558/1/1558 1557/1/1557 2304/1/2304 
f 2304/1/2304 2305/1/2305 2306/1/2306 
f 2307/1/2307 2306/1/2306 2301/1/2301 
f 2301/1/2301 2302/1/2302 2307/1/2307 
f 2307/1/2307 2302/1/2302 1559/1/1559 
f 1559/1/1559 1558/1/1558 2307/1/2307 
f 2308/1/2308 1503/1/1503 1502/1/1502 
f 1502/1/1502 2309/1/2309 2308/1/2308 
f 2309/1/2309 2310/1/2310 2311/1/2311 
f 2311/1/2311 2308/1/2308 2309/1/2309 
f 2308/1/2308 2311/1/2311 1445/1/1445 
f 1445/1/1445 1444/1/1444 2308/1/2308 
f 2308/1/2308 1444/1/1444 1443/1/1443 
f 1443/1/1443 1503/1/1503 2308/1/2308 
f 2312/1/2312 2309/1/2309 1502/1/1502 
f 1502/1/1502 2300/1/2300 2312/1/2312 
f 2312/1/2312 2300/1/2300 2301/1/2301 
f 2301/1/2301 2313/1/2313 2312/1/2312 
f 2312/1/2312 2313/1/2313 2314/1/2314 
f 2314/1/2314 2315/1/2315 2312/1/2312 
f 2315/1/2315 2310/1/2310 2309/1/2309 
f 2309/1/2309 2312/1/2312 2315/1/2315 
f 2316/1/2316 2317/1/2317 2314/1/2314 
f 2314/1/2314 2313/1/2313 2316/1/2316 
f 2313/1/2313 2301/1/2301 2306/1/2306 
f 2306/1/2306 2316/1/2316 2313/1/2313 
f 2316/1/2316 2306/1/2306 2305/1/2305 
f 2305/1/2305 2317/1/2317 2316/1/2316 
f 2318/1/2318 2319/1/2319 2320/1/2320 
f 2320/1/2320 2321/1/2321 2318/1/2318 
f 2321/1/2321 1461/1/1461 1460/1/1460 
f 1460/1/1460 2318/1/2318 2321/1/2321 
f 2318/1/2318 1460/1/1460 1459/1/1459 
f 1459/1/1459 2322/1/2322 2318/1/2318 
f 2322/1/2322 2323/1/2323 2319/1/2319 
f 2319/1/2319 2318/1/2318 2322/1/2322 
f 2324/1/2324 2325/1/2325 2326/1/2326 
f 2326/1/2326 2327/1/2327 2324/1/2324 
f 2327/1/2327 2328/1/2328 2329/1/2329 
f 2329/1/2329 2324/1/2324 2327/1/2327 
f 2324/1/2324 2329/1/2329 1993/1/1993 
f 1993/1/1993 1992/1/1992 2324/1/2324 
f 1992/1/1992 1991/1/1991 2325/1/2325 
f 2325/1/2325 2324/1/2324 1992/1/1992 
f 2330/1/2330 2319/1/2319 2323/1/2323 
f 2323/1/2323 2331/1/2331 2330/1/2330 
f 2331/1/2331 2332/1/2332 2333/1/2333 
f 2333/1/2333 2330/1/2330 2331/1/2331 
f 2330/1/2330 2333/1/2333 2334/1/2334 
f 2334/1/2334 2335/1/2335 2330/1/2330 
f 2335/1/2335 2320/1/2320 2319/1/2319 
f 2319/1/2319 2330/1/2330 2335/1/2335 
f 2327/1/2327 2326/1/2326 2336/1/2336 
f 2336/1/2336 2337/1/2337 2327/1/2327 
f 2337/1/2337 2336/1/2336 2334/1/2334 
f 2334/1/2334 2333/1/2333 2337/1/2337 
f 2337/1/2337 2333/1/2333 2332/1/2332 
f 2332/1/2332 2338/1/2338 2337/1/2337 
f 2327/1/2327 2337/1/2337 2338/1/2338 
f 2338/1/2338 2328/1/2328 2327/1/2327 
f 2339/1/2339 2204/1/2204 1461/1/1461 
f 1461/1/1461 2321/1/2321 2339/1/2339 
f 2321/1/2321 2320/1/2320 2340/1/2340 
f 2340/1/2340 2339/1/2339 2321/1/2321 
f 2339/1/2339 2340/1/2340 2341/1/2341 
f 2341/1/2341 2342/1/2342 2339/1/2339 
f 2342/1/2342 2205/1/2205 2204/1/2204 
f 2204/1/2204 2339/1/2339 2342/1/2342 
f 2343/1/2343 2344/1/2344 2345/1/2345 
f 2345/1/2345 2346/1/2346 2343/1/2343 
f 2346/1/2346 2326/1/2326 2325/1/2325 
f 2325/1/2325 2343/1/2343 2346/1/2346 
f 2343/1/2343 2325/1/2325 1991/1/1991 
f 1991/1/1991 2202/1/2202 2343/1/2343 
f 2202/1/2202 2201/1/2201 2344/1/2344 
f 2344/1/2344 2343/1/2343 2202/1/2202 
f 2347/1/2347 2348/1/2348 2349/1/2349 
f 2349/1/2349 2350/1/2350 2347/1/2347 
f 2350/1/2350 2334/1/2334 2336/1/2336 
f 2336/1/2336 2347/1/2347 2350/1/2350 
f 2347/1/2347 2336/1/2336 2326/1/2326 
f 2326/1/2326 2346/1/2346 2347/1/2347 
f 2346/1/2346 2345/1/2345 2348/1/2348 
f 2348/1/2348 2347/1/2347 2346/1/2346 
f 2351/1/2351 2335/1/2335 2334/1/2334 
f 2334/1/2334 2350/1/2350 2351/1/2351 
f 2350/1/2350 2349/1/2349 2352/1/2352 
f 2352/1/2352 2351/1/2351 2350/1/2350 
f 2352/1/2352 2341/1/2341 2340/1/2340 
f 2340/1/2340 2351/1/2351 2352/1/2352 
f 2351/1/2351 2340/1/2340 2320/1/2320 
f 2320/1/2320 2335/1/2335 2351/1/2351 
f 2353/1/2353 2354/1/2354 2355/1/2355 
f 2355/1/2355 2356/1/2356 2353/1/2353 
f 2355/1/2355 1975/1/1975 2211/1/2211 
f 2211/1/2211 2356/1/2356 2355/1/2355 
f 2356/1/2356 2211/1/2211 2205/1/2205 
f 2205/1/2205 2342/1/2342 2356/1/2356 
f 2342/1/2342 2341/1/2341 2353/1/2353 
f 2353/1/2353 2356/1/2356 2342/1/2342 
f 2357/1/2357 2352/1/2352 2349/1/2349 
f 2349/1/2349 2358/1/2358 2357/1/2357 
f 2358/1/2358 2359/1/2359 2360/1/2360 
f 2360/1/2360 2357/1/2357 2358/1/2358 
f 2357/1/2357 2360/1/2360 2354/1/2354 
f 2354/1/2354 2353/1/2353 2357/1/2357 
f 2353/1/2353 2341/1/2341 2352/1/2352 
f 2352/1/2352 2357/1/2357 2353/1/2353 
f 2361/1/2361 2355/1/2355 2354/1/2354 
f 2354/1/2354 2362/1/2362 2361/1/2361 
f 2362/1/2362 2363/1/2363 2364/1/2364 
f 2364/1/2364 2361/1/2361 2362/1/2362 
f 2361/1/2361 2364/1/2364 1977/1/1977 
f 1977/1/1977 1976/1/1976 2361/1/2361 
f 1976/1/1976 1975/1/1975 2355/1/2355 
f 2355/1/2355 2361/1/2361 1976/1/1976 
f 2365/1/2365 2360/1/2360 2359/1/2359 
f 2359/1/2359 2366/1/2366 2365/1/2365 
f 2366/1/2366 2367/1/2367 2368/1/2368 
f 2368/1/2368 2365/1/2365 2366/1/2366 
f 2365/1/2365 2368/1/2368 2363/1/2363 
f 2363/1/2363 2362/1/2362 2365/1/2365 
f 2362/1/2362 2354/1/2354 2360/1/2360 
f 2369/1/2369 2364/1/2364 2363/1/2363 
f 2370/1/2370 2371/1/2371 2372/1/2372 
f 2372/1/2372 2369/1/2369 2370/1/2370 
f 2369/1/2369 2372/1/2372 2175/1/2175 
f 2175/1/2175 2179/1/2179 2369/1/2369 
f 2179/1/2179 1977/1/1977 2364/1/2364 
f 2364/1/2364 2369/1/2369 2179/1/2179 
f 2373/1/2373 2374/1/2374 2375/1/2375 
f 2375/1/2375 2376/1/2376 2373/1/2373 
f 2373/1/2373 2376/1/2376 2371/1/2371 
f 2371/1/2371 2370/1/2370 2373/1/2373 
f 2370/1/2370 2363/1/2363 2368/1/2368 
f 2368/1/2368 2373/1/2373 2370/1/2370 
f 2368/1/2368 2367/1/2367 2374/1/2374 
f 2377/1/2377 2378/1/2378 2379/1/2379 
f 2379/1/2379 2380/1/2380 2377/1/2377 
f 2380/1/2380 2379/1/2379 2381/1/2381 
f 2381/1/2381 2382/1/2382 2380/1/2380 
f 2380/1/2380 2382/1/2382 2183/1/2183 
f 2183/1/2183 2182/1/2182 2380/1/2380 
f 2182/1/2182 1683/1/1683 2377/1/2377 
f 2377/1/2377 2380/1/2380 2182/1/2182 
f 2383/1/2383 2372/1/2372 2371/1/2371 
f 2371/1/2371 2384/1/2384 2383/1/2383 
f 2384/1/2384 2385/1/2385 2386/1/2386 
f 2386/1/2386 2383/1/2383 2384/1/2384 
f 2383/1/2383 2386/1/2386 1981/1/1981 
f 1981/1/1981 2176/1/2176 2383/1/2383 
f 2176/1/2176 2175/1/2175 2372/1/2372 
f 2372/1/2372 2383/1/2383 2176/1/2176 
f 2384/1/2384 2371/1/2371 2376/1/2376 
f 2376/1/2376 2387/1/2387 2384/1/2384 
f 2376/1/2376 2375/1/2375 2388/1/2388 
f 2388/1/2388 2387/1/2387 2376/1/2376 
f 2387/1/2387 2388/1/2388 2389/1/2389 
f 2389/1/2389 2390/1/2390 2387/1/2387 
f 2387/1/2387 2390/1/2390 2385/1/2385 
f 2385/1/2385 2384/1/2384 2387/1/2387 
f 2391/1/2391 2379/1/2379 2378/1/2378 
f 2378/1/2378 2392/1/2392 2391/1/2391 
f 2392/1/2392 2389/1/2389 2388/1/2388 
f 2388/1/2388 2391/1/2391 2392/1/2392 
f 2391/1/2391 2388/1/2388 2375/1/2375 
f 2375/1/2375 2393/1/2393 2391/1/2391 
f 2393/1/2393 2381/1/2381 2379/1/2379 
f 2379/1/2379 2391/1/2391 2393/1/2393 
f 2394/1/2394 1682/1/1682 1686/1/1686 
f 1686/1/1686 2395/1/2395 2394/1/2394 
f 2395/1/2395 2396/1/2396 2397/1/2397 
f 2397/1/2397 2394/1/2394 2395/1/2395 
f 2394/1/2394 2397/1/2397 2378/1/2378 
f 2378/1/2378 2377/1/2377 2394/1/2394 
f 2377/1/2377 1683/1/1683 1682/1/1682 
f 1682/1/1682 2394/1/2394 2377/1/2377 
f 2398/1/2398 2386/1/2386 2385/1/2385 
f 2385/1/2385 2399/1/2399 2398/1/2398 
f 2399/1/2399 2400/1/2400 2401/1/2401 
f 2401/1/2401 2398/1/2398 2399/1/2399 
f 2398/1/2398 2401/1/2401 1983/1/1983 
f 1983/1/1983 1982/1/1982 2398/1/2398 
f 1982/1/1982 1981/1/1981 2386/1/2386 
f 2386/1/2386 2398/1/2398 1982/1/1982 
f 2399/1/2399 2385/1/2385 2390/1/2390 
f 2390/1/2390 2402/1/2402 2399/1/2399 
f 2390/1/2390 2389/1/2389 2403/1/2403 
f 2403/1/2403 2402/1/2402 2390/1/2390 
f 2402/1/2402 2403/1/2403 2404/1/2404 
f 2404/1/2404 2405/1/2405 2402/1/2402 
f 2402/1/2402 2405/1/2405 2400/1/2400 
f 2400/1/2400 2399/1/2399 2402/1/2402 
f 2406/1/2406 2397/1/2397 2396/1/2396 
f 2396/1/2396 2407/1/2407 2406/1/2406 
f 2407/1/2407 2404/1/2404 2403/1/2403 
f 2403/1/2403 2406/1/2406 2407/1/2407 
f 2406/1/2406 2403/1/2403 2389/1/2389 
f 2389/1/2389 2392/1/2392 2406/1/2406 
f 2392/1/2392 2378/1/2378 2397/1/2397 
f 2397/1/2397 2406/1/2406 2392/1/2392 
f 2408/1/2408 2409/1/2409 2410/1/2410 
f 2410/1/2410 2411/1/2411 2408/1/2408 
f 2408/1/2408 2411/1/2411 2412/1/2412 
f 2412/1/2412 2413/1/2413 2408/1/2408 
f 2413/1/2413 1983/1/1983 2401/1/2401 
f 2401/1/2401 2408/1/2408 2413/1/2413 
f 2409/1/2409 2408/1/2408 2401/1/2401 
f 2401/1/2401 2400/1/2400 2409/1/2409 
f 2414/1/2414 2409/1/2409 2400/1/2400 
f 2400/1/2400 2405/1/2405 2414/1/2414 
f 2405/1/2405 2404/1/2404 2415/1/2415 
f 2415/1/2415 2414/1/2414 2405/1/2405 
f 2414/1/2414 2415/1/2415 2416/1/2416 
f 2416/1/2416 2417/1/2417 2414/1/2414 
f 2417/1/2417 2410/1/2410 2409/1/2409 
f 2409/1/2409 2414/1/2414 2417/1/2417 
f 2418/1/2418 1659/1/1659 1646/1/1646 
f 1646/1/1646 2419/1/2419 2418/1/2418 
f 2420/1/2420 2418/1/2418 2419/1/2419 
f 2419/1/2419 2421/1/2421 2420/1/2420 
f 2418/1/2418 2420/1/2420 2422/1/2422 
f 2422/1/2422 2423/1/2423 2418/1/2418 
f 2423/1/2423 1660/1/1660 1659/1/1659 
f 1659/1/1659 2418/1/2418 2423/1/2423 
f 2424/1/2424 2425/1/2425 2421/1/2421 
f 2421/1/2421 2426/1/2426 2424/1/2424 
f 2426/1/2426 1497/1/1497 2427/1/2427 
f 2427/1/2427 2424/1/2424 2426/1/2426 
f 2424/1/2424 2427/1/2427 2428/1/2428 
f 2428/1/2428 2429/1/2429 2424/1/2424 
f 2429/1/2429 2430/1/2430 2425/1/2425 
f 2425/1/2425 2424/1/2424 2429/1/2429 
f 1484/1/1484 1491/1/1491 2431/1/2431 
f 2432/1/2432 2431/1/2431 1491/1/1491 
f 1491/1/1491 1493/1/1493 2432/1/2432 
f 2432/1/2432 2428/1/2428 2427/1/2427 
f 2427/1/2427 2431/1/2431 2432/1/2432 
f 2431/1/2431 2427/1/2427 1497/1/1497 
f 1497/1/1497 1496/1/1496 2431/1/2431 
f 2426/1/2426 2421/1/2421 2419/1/2419 
f 2419/1/2419 2433/1/2433 2426/1/2426 
f 2419/1/2419 1646/1/1646 1645/1/1645 
f 1645/1/1645 2433/1/2433 2419/1/2419 
f 2433/1/2433 1645/1/1645 1626/1/1626 
f 2433/1/2433 1629/1/1629 1497/1/1497 
f 2434/1/2434 2435/1/2435 2436/1/2436 
f 2436/1/2436 2437/1/2437 2434/1/2434 
f 2437/1/2437 2436/1/2436 45/1/45 
f 45/1/45 44/1/44 2437/1/2437 
f 2438/1/2438 2439/1/2439 2440/1/2440 
f 2441/1/2441 2440/1/2440 2435/1/2435 
f 2435/1/2435 2434/1/2434 2441/1/2441 
f 2442/1/2442 2443/1/2443 2444/1/2444 
f 2444/1/2444 2445/1/2445 2442/1/2442 
f 2445/1/2445 2446/1/2446 2447/1/2447 
f 2447/1/2447 2442/1/2442 2445/1/2445 
f 2448/1/2448 2449/1/2449 2450/1/2450 
f 2450/1/2450 2451/1/2451 2448/1/2448 
f 2451/1/2451 2450/1/2450 2444/1/2444 
f 2444/1/2444 2443/1/2443 2451/1/2451 
f 2452/1/2452 2453/1/2453 2454/1/2454 
f 2454/1/2454 2455/1/2455 2452/1/2452 
f 2455/1/2455 2454/1/2454 2449/1/2449 
f 2449/1/2449 2448/1/2448 2455/1/2455 
f 2456/1/2456 2439/1/2439 2438/1/2438 
f 2457/1/2457 2458/1/2458 2459/1/2459 
f 2459/1/2459 2460/1/2460 2457/1/2457 
f 2459/1/2459 2439/1/2439 2456/1/2456 
f 2461/1/2461 2462/1/2462 2463/1/2463 
f 2461/1/2461 2464/1/2464 2458/1/2458 
f 2458/1/2458 2457/1/2457 2461/1/2461 
f 2465/1/2465 2447/1/2447 2446/1/2446 
f 2446/1/2446 2466/1/2466 2465/1/2465 
f 2466/1/2466 2463/1/2463 2462/1/2462 
f 2467/1/2467 2468/1/2468 2469/1/2469 
f 2470/1/2470 2471/1/2471 2472/1/2472 
f 2472/1/2472 2473/1/2473 2470/1/2470 
f 2473/1/2473 2469/1/2469 2468/1/2468 
f 2468/1/2468 2470/1/2470 2473/1/2473 
f 2474/1/2474 2475/1/2475 2472/1/2472 
f 2472/1/2472 2471/1/2471 2474/1/2474 
f 2476/1/2476 2477/1/2477 2475/1/2475 
f 2475/1/2475 2474/1/2474 2476/1/2476 
f 2478/1/2478 716/1/716 698/1/698 
f 698/1/698 697/1/697 2478/1/2478 
f 697/1/697 702/1/702 2479/1/2479 
f 2479/1/2479 2478/1/2478 697/1/697 
f 2478/1/2478 2479/1/2479 2480/1/2480 
f 2481/1/2481 717/1/717 716/1/716 
f 716/1/716 2478/1/2478 2481/1/2481 
f 2482/1/2482 723/1/723 717/1/717 
f 717/1/717 2481/1/2481 2482/1/2482 
f 2481/1/2481 2480/1/2480 2483/1/2483 
f 2483/1/2483 2482/1/2482 2481/1/2481 
f 2482/1/2482 2483/1/2483 9/1/9 
f 9/1/9 8/1/8 2482/1/2482 
f 8/1/8 7/1/7 723/1/723 
f 723/1/723 2482/1/2482 8/1/8 
f 2484/1/2484 2485/1/2485 2486/1/2486 
f 2487/1/2487 2488/1/2488 2489/1/2489 
f 2490/1/2490 2491/1/2491 2492/1/2492 
f 2492/1/2492 2487/1/2487 2490/1/2490 
f 2487/1/2487 2492/1/2492 163/1/163 
f 163/1/163 171/1/171 2487/1/2487 
f 171/1/171 170/1/170 2488/1/2488 
f 2488/1/2488 2487/1/2487 171/1/171 
f 2493/1/2493 2488/1/2488 170/1/170 
f 170/1/170 283/1/283 2493/1/2493 
f 283/1/283 282/1/282 2494/1/2494 
f 2494/1/2494 2493/1/2493 283/1/283 
f 2493/1/2493 2494/1/2494 2495/1/2495 
f 2495/1/2495 2496/1/2496 2493/1/2493 
f 2496/1/2496 2489/1/2489 2488/1/2488 
f 2488/1/2488 2493/1/2493 2496/1/2496 
f 2497/1/2497 2498/1/2498 2499/1/2499 
f 2499/1/2499 2500/1/2500 2497/1/2497 
f 2500/1/2500 67/1/67 66/1/66 
f 66/1/66 2497/1/2497 2500/1/2500 
f 2497/1/2497 66/1/66 72/1/72 
f 72/1/72 156/1/156 2497/1/2497 
f 156/1/156 155/1/155 2498/1/2498 
f 2501/1/2501 2502/1/2502 2503/1/2503 
f 2503/1/2503 2504/1/2504 2501/1/2501 
f 2503/1/2503 2505/1/2505 2506/1/2506 
f 2506/1/2506 2504/1/2504 2503/1/2503 
f 2504/1/2504 2506/1/2506 1923/1/1923 
f 1923/1/1923 1954/1/1954 2504/1/2504 
f 2504/1/2504 1954/1/1954 1948/1/1948 
f 1948/1/1948 2501/1/2501 2504/1/2504 
f 2507/1/2507 2506/1/2506 2505/1/2505 
f 2508/1/2508 2509/1/2509 2510/1/2510 
f 2510/1/2510 2507/1/2507 2508/1/2508 
f 2507/1/2507 2510/1/2510 1919/1/1919 
f 1919/1/1919 1924/1/1924 2507/1/2507 
f 1924/1/1924 1923/1/1923 2506/1/2506 
f 2506/1/2506 2507/1/2507 1924/1/1924 
f 2511/1/2511 2512/1/2512 2513/1/2513 
f 2513/1/2513 2514/1/2514 2511/1/2511 
f 2511/1/2511 2515/1/2515 2516/1/2516 
f 2516/1/2516 2512/1/2512 2511/1/2511 
f 2512/1/2512 2516/1/2516 1063/1/1063 
f 1063/1/1063 1145/1/1145 2512/1/2512 
f 1145/1/1145 1144/1/1144 2513/1/2513 
f 2513/1/2513 2512/1/2512 1145/1/1145 
f 2517/1/2517 289/1/289 288/1/288 
f 288/1/288 2518/1/2518 2517/1/2517 
f 2518/1/2518 2519/1/2519 2520/1/2520 
f 2520/1/2520 2517/1/2517 2518/1/2518 
f 2517/1/2517 2520/1/2520 2521/1/2521 
f 2521/1/2521 2522/1/2522 2517/1/2517 
f 2522/1/2522 201/1/201 289/1/289 
f 289/1/289 2517/1/2517 2522/1/2522 
f 2523/1/2523 2524/1/2524 2525/1/2525 
f 2525/1/2525 2526/1/2526 2523/1/2523 
f 2526/1/2526 1468/1/1468 1984/1/1984 
f 1984/1/1984 2523/1/2523 2526/1/2526 
f 2523/1/2523 1984/1/1984 1983/1/1983 
f 1983/1/1983 2413/1/2413 2523/1/2523 
f 2413/1/2413 2412/1/2412 2524/1/2524 
f 2524/1/2524 2523/1/2523 2413/1/2413 
f 2527/1/2527 2528/1/2528 1674/1/1674 
f 1674/1/1674 1673/1/1673 2527/1/2527 
f 1673/1/1673 1672/1/1672 2529/1/2529 
f 2529/1/2529 2527/1/2527 1673/1/1673 
f 2527/1/2527 2529/1/2529 2530/1/2530 
f 2530/1/2530 2531/1/2531 2527/1/2527 
f 2531/1/2531 2532/1/2532 2528/1/2528 
f 2528/1/2528 2527/1/2527 2531/1/2531 
f 2533/1/2533 2534/1/2534 2530/1/2530 
f 2530/1/2530 2529/1/2529 2533/1/2533 
f 2529/1/2529 1672/1/1672 1996/1/1996 
f 1996/1/1996 2533/1/2533 2529/1/2529 
f 2533/1/2533 1996/1/1996 1987/1/1987 
f 1987/1/1987 2535/1/2535 2533/1/2533 
f 2535/1/2535 2536/1/2536 2534/1/2534 
f 2534/1/2534 2533/1/2533 2535/1/2535 
f 2537/1/2537 1986/1/1986 1993/1/1993 
f 1993/1/1993 2538/1/2538 2537/1/2537 
f 2538/1/2538 2539/1/2539 2540/1/2540 
f 2540/1/2540 2537/1/2537 2538/1/2538 
f 2537/1/2537 2540/1/2540 2536/1/2536 
f 2536/1/2536 2535/1/2535 2537/1/2537 
f 2535/1/2535 1987/1/1987 1986/1/1986 
f 1986/1/1986 2537/1/2537 2535/1/2535 
f 2541/1/2541 2542/1/2542 2539/1/2539 
f 2539/1/2539 2538/1/2538 2541/1/2541 
f 2538/1/2538 1993/1/1993 2329/1/2329 
f 2329/1/2329 2541/1/2541 2538/1/2538 
f 2541/1/2541 2329/1/2329 2328/1/2328 
f 2328/1/2328 2543/1/2543 2541/1/2541 
f 2543/1/2543 2544/1/2544 2542/1/2542 
f 2542/1/2542 2541/1/2541 2543/1/2543 
f 2545/1/2545 2546/1/2546 2547/1/2547 
f 2547/1/2547 2548/1/2548 2545/1/2545 
f 2548/1/2548 1890/1/1890 1972/1/1972 
f 1972/1/1972 2545/1/2545 2548/1/2548 
f 2545/1/2545 1972/1/1972 1966/1/1966 
f 1966/1/1966 2549/1/2549 2545/1/2545 
f 2549/1/2549 2550/1/2550 2546/1/2546 
f 2546/1/2546 2545/1/2545 2549/1/2549 
f 2551/1/2551 2552/1/2552 2553/1/2553 
f 2553/1/2553 2554/1/2554 2551/1/2551 
f 2554/1/2554 2555/1/2555 2556/1/2556 
f 2556/1/2556 2551/1/2551 2554/1/2554 
f 2551/1/2551 2556/1/2556 1898/1/1898 
f 1898/1/1898 1897/1/1897 2551/1/2551 
f 1897/1/1897 1896/1/1896 2552/1/2552 
f 2552/1/2552 2551/1/2551 1897/1/1897 
f 2557/1/2557 1138/1/1138 1137/1/1137 
f 1137/1/1137 2558/1/2558 2557/1/2557 
f 2558/1/2558 2553/1/2553 2552/1/2552 
f 2552/1/2552 2557/1/2557 2558/1/2558 
f 2557/1/2557 2552/1/2552 1896/1/1896 
f 1896/1/1896 1943/1/1943 2557/1/2557 
f 1943/1/1943 1139/1/1139 1138/1/1138 
f 1138/1/1138 2557/1/2557 1943/1/1943 
f 2559/1/2559 2560/1/2560 2561/1/2561 
f 2561/1/2561 2562/1/2562 2559/1/2559 
f 2562/1/2562 2563/1/2563 2564/1/2564 
f 2564/1/2564 2559/1/2559 2562/1/2562 
f 2559/1/2559 2564/1/2564 2310/1/2310 
f 2310/1/2310 2315/1/2315 2559/1/2559 
f 2315/1/2315 2314/1/2314 2560/1/2560 
f 2560/1/2560 2559/1/2559 2315/1/2315 
f 2565/1/2565 2564/1/2564 2563/1/2563 
f 2563/1/2563 2566/1/2566 2565/1/2565 
f 2566/1/2566 1453/1/1453 1452/1/1452 
f 1452/1/1452 2565/1/2565 2566/1/2566 
f 2565/1/2565 1452/1/1452 1445/1/1445 
f 1445/1/1445 2311/1/2311 2565/1/2565 
f 2311/1/2311 2310/1/2310 2564/1/2564 
f 2564/1/2564 2565/1/2565 2311/1/2311 
f 2567/1/2567 2568/1/2568 2569/1/2569 
f 2569/1/2569 2570/1/2570 2567/1/2567 
f 2567/1/2567 2570/1/2570 2550/1/2550 
f 2550/1/2550 2549/1/2549 2567/1/2567 
f 2549/1/2549 1966/1/1966 1965/1/1965 
f 1965/1/1965 2567/1/2567 2549/1/2549 
f 1965/1/1965 1908/1/1908 2568/1/2568 
f 2568/1/2568 2567/1/2567 1965/1/1965 
f 2571/1/2571 2556/1/2556 2555/1/2555 
f 2555/1/2555 2572/1/2572 2571/1/2571 
f 2572/1/2572 2569/1/2569 2568/1/2568 
f 2568/1/2568 2571/1/2571 2572/1/2572 
f 2571/1/2571 2568/1/2568 1908/1/1908 
f 1908/1/1908 1907/1/1907 2571/1/2571 
f 1907/1/1907 1898/1/1898 2556/1/2556 
f 2556/1/2556 2571/1/2571 1907/1/1907 
f 2573/1/2573 70/1/70 69/1/69 
f 69/1/69 2574/1/2574 2573/1/2573 
f 2574/1/2574 2575/1/2575 2576/1/2576 
f 2576/1/2576 2573/1/2573 2574/1/2574 
f 2573/1/2573 2576/1/2576 58/1/58 
f 58/1/58 57/1/57 2573/1/2573 
f 57/1/57 64/1/64 70/1/70 
f 70/1/70 2573/1/2573 57/1/57 
f 2577/1/2577 2492/1/2492 2491/1/2491 
f 2491/1/2491 2578/1/2578 2577/1/2577 
f 2578/1/2578 2579/1/2579 2580/1/2580 
f 2580/1/2580 2577/1/2577 2578/1/2578 
f 2580/1/2580 165/1/165 164/1/164 
f 164/1/164 2577/1/2577 2580/1/2580 
f 2492/1/2492 2577/1/2577 164/1/164 
f 164/1/164 163/1/163 2492/1/2492 
f 2581/1/2581 2582/1/2582 2583/1/2583 
f 2583/1/2583 2584/1/2584 2581/1/2581 
f 2585/1/2585 2584/1/2584 2583/1/2583 
f 2583/1/2583 2586/1/2586 2585/1/2585 
f 2585/1/2585 2579/1/2579 2587/1/2587 
f 2587/1/2587 2584/1/2584 2585/1/2585 
f 2584/1/2584 2587/1/2587 2588/1/2588 
f 2588/1/2588 2581/1/2581 2584/1/2584 
f 2589/1/2589 2590/1/2590 2591/1/2591 
f 2591/1/2591 2592/1/2592 2589/1/2589 
f 2592/1/2592 2588/1/2588 2587/1/2587 
f 2587/1/2587 2589/1/2589 2592/1/2592 
f 2589/1/2589 2587/1/2587 2579/1/2579 
f 2579/1/2579 2578/1/2578 2589/1/2589 
f 2578/1/2578 2491/1/2491 2590/1/2590 
f 2590/1/2590 2589/1/2589 2578/1/2578 
f 2593/1/2593 2594/1/2594 2588/1/2588 
f 2588/1/2588 2592/1/2592 2593/1/2593 
f 2592/1/2592 2591/1/2591 2595/1/2595 
f 2595/1/2595 2593/1/2593 2592/1/2592 
f 2593/1/2593 2595/1/2595 126/1/126 
f 126/1/126 125/1/125 2593/1/2593 
f 125/1/125 28/1/28 2594/1/2594 
f 2594/1/2594 2593/1/2593 125/1/125 
f 2596/1/2596 2585/1/2585 2586/1/2586 
f 2586/1/2586 2597/1/2597 2596/1/2596 
f 1781/1/1781 2596/1/2596 2597/1/2597 
f 2597/1/2597 1782/1/1782 1781/1/1781 
f 2596/1/2596 1781/1/1781 165/1/165 
f 165/1/165 2580/1/2580 2596/1/2596 
f 2585/1/2585 2596/1/2596 2580/1/2580 
f 2580/1/2580 2579/1/2579 2585/1/2585 
f 2598/1/2598 27/1/27 34/1/34 
f 34/1/34 2599/1/2599 2598/1/2598 
f 2598/1/2598 2599/1/2599 2582/1/2582 
f 2582/1/2582 2581/1/2581 2598/1/2598 
f 2581/1/2581 2588/1/2588 2594/1/2594 
f 2594/1/2594 2598/1/2598 2581/1/2581 
f 2594/1/2594 28/1/28 27/1/27 
f 27/1/27 2598/1/2598 2594/1/2594 
f 2600/1/2600 2601/1/2601 2602/1/2602 
f 2602/1/2602 2603/1/2603 2600/1/2600 
f 2603/1/2603 2602/1/2602 51/1/51 
f 51/1/51 50/1/50 2603/1/2603 
f 2604/1/2604 2605/1/2605 2606/1/2606 
f 2606/1/2606 2607/1/2607 2604/1/2604 
f 2607/1/2607 2608/1/2608 2609/1/2609 
f 2609/1/2609 2604/1/2604 2607/1/2607 
f 1771/1/1771 2604/1/2604 2609/1/2609 
f 2609/1/2609 1772/1/1772 1771/1/1771 
f 1771/1/1771 1778/1/1778 2605/1/2605 
f 2605/1/2605 2604/1/2604 1771/1/1771 
f 2610/1/2610 2611/1/2611 2612/1/2612 
f 2612/1/2612 2613/1/2613 2610/1/2610 
f 2613/1/2613 2614/1/2614 2615/1/2615 
f 2615/1/2615 2610/1/2610 2613/1/2613 
f 2610/1/2610 2615/1/2615 2608/1/2608 
f 2608/1/2608 2607/1/2607 2610/1/2610 
f 2607/1/2607 2606/1/2606 2611/1/2611 
f 2611/1/2611 2610/1/2610 2607/1/2607 
f 2616/1/2616 2617/1/2617 2614/1/2614 
f 2614/1/2614 2613/1/2613 2616/1/2616 
f 2613/1/2613 2612/1/2612 2618/1/2618 
f 2618/1/2618 2616/1/2616 2613/1/2613 
f 2616/1/2616 2618/1/2618 2575/1/2575 
f 2575/1/2575 2574/1/2574 2616/1/2616 
f 2574/1/2574 69/1/69 2617/1/2617 
f 2617/1/2617 2616/1/2616 2574/1/2574 
f 2619/1/2619 2615/1/2615 2614/1/2614 
f 2614/1/2614 2620/1/2620 2619/1/2619 
f 2620/1/2620 2621/1/2621 2622/1/2622 
f 2622/1/2622 2619/1/2619 2620/1/2620 
f 2619/1/2619 2622/1/2622 2623/1/2623 
f 2623/1/2623 2624/1/2624 2619/1/2619 
f 2624/1/2624 2608/1/2608 2615/1/2615 
f 2615/1/2615 2619/1/2619 2624/1/2624 
f 2625/1/2625 2626/1/2626 2621/1/2621 
f 2621/1/2621 2620/1/2620 2625/1/2625 
f 2620/1/2620 2614/1/2614 2617/1/2617 
f 2617/1/2617 2625/1/2625 2620/1/2620 
f 2625/1/2625 2617/1/2617 69/1/69 
f 69/1/69 68/1/68 2625/1/2625 
f 68/1/68 67/1/67 2626/1/2626 
f 2626/1/2626 2625/1/2625 68/1/68 
f 177/1/177 176/1/176 1810/1/1810 
f 1810/1/1810 2627/1/2627 177/1/177 
f 2627/1/2627 1810/1/1810 1809/1/1809 
f 1809/1/1809 2628/1/2628 2627/1/2627 
f 2627/1/2627 2628/1/2628 2623/1/2623 
f 2623/1/2623 2629/1/2629 2627/1/2627 
f 2629/1/2629 178/1/178 177/1/177 
f 2630/1/2630 2629/1/2629 2623/1/2623 
f 2623/1/2623 2622/1/2622 2630/1/2630 
f 2622/1/2622 2621/1/2621 2631/1/2631 
f 2631/1/2631 2630/1/2630 2622/1/2622 
f 2630/1/2630 2631/1/2631 2632/1/2632 
f 2633/1/2633 178/1/178 2629/1/2629 
f 2629/1/2629 2630/1/2630 2633/1/2633 
f 2634/1/2634 2609/1/2609 2608/1/2608 
f 2608/1/2608 2624/1/2624 2634/1/2634 
f 2624/1/2624 2623/1/2623 2628/1/2628 
f 2628/1/2628 2634/1/2634 2624/1/2624 
f 2628/1/2628 1809/1/1809 1812/1/1812 
f 1812/1/1812 2634/1/2634 2628/1/2628 
f 2634/1/2634 1812/1/1812 1772/1/1772 
f 1772/1/1772 2609/1/2609 2634/1/2634 
f 2635/1/2635 2510/1/2510 2509/1/2509 
f 2509/1/2509 2636/1/2636 2635/1/2635 
f 2636/1/2636 2637/1/2637 2638/1/2638 
f 2638/1/2638 2635/1/2635 2636/1/2636 
f 2635/1/2635 2638/1/2638 1079/1/1079 
f 1079/1/1079 1920/1/1920 2635/1/2635 
f 1920/1/1920 1919/1/1919 2510/1/2510 
f 2510/1/2510 2635/1/2635 1920/1/1920 
f 2500/1/2500 2499/1/2499 2639/1/2639 
f 2639/1/2639 2640/1/2640 2500/1/2500 
f 2639/1/2639 2632/1/2632 2631/1/2631 
f 2626/1/2626 2640/1/2640 2631/1/2631 
f 2631/1/2631 2621/1/2621 2626/1/2626 
f 2640/1/2640 2626/1/2626 67/1/67 
f 67/1/67 2500/1/2500 2640/1/2640 
f 1080/1/1080 1079/1/1079 2638/1/2638 
f 2638/1/2638 2641/1/2641 1080/1/1080 
f 2638/1/2638 2637/1/2637 2642/1/2642 
f 2642/1/2642 2641/1/2641 2638/1/2638 
f 2641/1/2641 2642/1/2642 2643/1/2643 
f 2643/1/2643 2644/1/2644 2641/1/2641 
f 2641/1/2641 2644/1/2644 257/1/257 
f 257/1/257 1080/1/1080 2641/1/2641 
f 2645/1/2645 2642/1/2642 2637/1/2637 
f 2637/1/2637 2646/1/2646 2645/1/2645 
f 2646/1/2646 2647/1/2647 2648/1/2648 
f 2648/1/2648 2645/1/2645 2646/1/2646 
f 2645/1/2645 2648/1/2648 2649/1/2649 
f 2649/1/2649 2650/1/2650 2645/1/2645 
f 2650/1/2650 2643/1/2643 2642/1/2642 
f 2642/1/2642 2645/1/2645 2650/1/2650 
f 2516/1/2516 2515/1/2515 2651/1/2651 
f 2651/1/2651 2652/1/2652 2516/1/2516 
f 2653/1/2653 2652/1/2652 2651/1/2651 
f 2651/1/2651 2654/1/2654 2653/1/2653 
f 2652/1/2652 2653/1/2653 1057/1/1057 
f 1057/1/1057 1064/1/1064 2652/1/2652 
f 1064/1/1064 1063/1/1063 2516/1/2516 
f 2516/1/2516 2652/1/2652 1064/1/1064 
f 2655/1/2655 1084/1/1084 227/1/227 
f 227/1/227 2656/1/2656 2655/1/2655 
f 2656/1/2656 2649/1/2649 2648/1/2648 
f 2648/1/2648 2655/1/2655 2656/1/2656 
f 2655/1/2655 2648/1/2648 2647/1/2647 
f 2647/1/2647 2657/1/2657 2655/1/2655 
f 2657/1/2657 1085/1/1085 1084/1/1084 
f 1084/1/1084 2655/1/2655 2657/1/2657 
f 2658/1/2658 2653/1/2653 2654/1/2654 
f 2654/1/2654 2659/1/2659 2658/1/2658 
f 2659/1/2659 2660/1/2660 2661/1/2661 
f 2661/1/2661 2658/1/2658 2659/1/2659 
f 2658/1/2658 2661/1/2661 252/1/252 
f 252/1/252 1058/1/1058 2658/1/2658 
f 1058/1/1058 1057/1/1057 2653/1/2653 
f 2653/1/2653 2658/1/2658 1058/1/1058 
f 2662/1/2662 2659/1/2659 2654/1/2654 
f 2654/1/2654 2663/1/2663 2662/1/2662 
f 2663/1/2663 2664/1/2664 2665/1/2665 
f 2665/1/2665 2662/1/2662 2663/1/2663 
f 2662/1/2662 2665/1/2665 2666/1/2666 
f 2666/1/2666 2667/1/2667 2662/1/2662 
f 2667/1/2667 2660/1/2660 2659/1/2659 
f 2659/1/2659 2662/1/2662 2667/1/2667 
f 2668/1/2668 1065/1/1065 243/1/243 
f 243/1/243 2669/1/2669 2668/1/2668 
f 2669/1/2669 2666/1/2666 2665/1/2665 
f 2665/1/2665 2668/1/2668 2669/1/2669 
f 2668/1/2668 2665/1/2665 2664/1/2664 
f 2664/1/2664 2670/1/2670 2668/1/2668 
f 2670/1/2670 1067/1/1067 1065/1/1065 
f 1065/1/1065 2668/1/2668 2670/1/2670 
f 2671/1/2671 2644/1/2644 2643/1/2643 
f 2643/1/2643 2672/1/2672 2671/1/2671 
f 2673/1/2673 2671/1/2671 2672/1/2672 
f 2672/1/2672 2674/1/2674 2673/1/2673 
f 2671/1/2671 2673/1/2673 259/1/259 
f 259/1/259 258/1/258 2671/1/2671 
f 258/1/258 257/1/257 2644/1/2644 
f 2644/1/2644 2671/1/2671 258/1/258 
f 2675/1/2675 2676/1/2676 2650/1/2650 
f 2650/1/2650 2649/1/2649 2675/1/2675 
f 2676/1/2676 2675/1/2675 2677/1/2677 
f 2677/1/2677 2678/1/2678 2676/1/2676 
f 2678/1/2678 2674/1/2674 2672/1/2672 
f 2672/1/2672 2676/1/2676 2678/1/2678 
f 2650/1/2650 2676/1/2676 2672/1/2672 
f 2672/1/2672 2643/1/2643 2650/1/2650 
f 2679/1/2679 2677/1/2677 2675/1/2675 
f 2675/1/2675 2680/1/2680 2679/1/2679 
f 2680/1/2680 2675/1/2675 2649/1/2649 
f 2649/1/2649 2656/1/2656 2680/1/2680 
f 2656/1/2656 227/1/227 226/1/226 
f 226/1/226 2680/1/2680 2656/1/2656 
f 2679/1/2679 2680/1/2680 226/1/226 
f 226/1/226 225/1/225 2679/1/2679 
f 253/1/253 252/1/252 2661/1/2661 
f 2661/1/2661 2681/1/2681 253/1/253 
f 2661/1/2661 2660/1/2660 2682/1/2682 
f 2682/1/2682 2681/1/2681 2661/1/2661 
f 2681/1/2681 2682/1/2682 2683/1/2683 
f 2683/1/2683 2684/1/2684 2681/1/2681 
f 2684/1/2684 254/1/254 253/1/253 
f 253/1/253 2681/1/2681 2684/1/2684 
f 2685/1/2685 2686/1/2686 2687/1/2687 
f 2687/1/2687 2688/1/2688 2685/1/2685 
f 2688/1/2688 2683/1/2683 2682/1/2682 
f 2682/1/2682 2685/1/2685 2688/1/2688 
f 2685/1/2685 2682/1/2682 2660/1/2660 
f 2660/1/2660 2667/1/2667 2685/1/2685 
f 2667/1/2667 2666/1/2666 2686/1/2686 
f 2686/1/2686 2685/1/2685 2667/1/2667 
f 2689/1/2689 1947/1/1947 1845/1/1845 
f 1845/1/1845 2690/1/2690 2689/1/2689 
f 2690/1/2690 2691/1/2691 2692/1/2692 
f 2692/1/2692 2689/1/2689 2690/1/2690 
f 2689/1/2689 2692/1/2692 2502/1/2502 
f 2502/1/2502 2501/1/2501 2689/1/2689 
f 2501/1/2501 1948/1/1948 1947/1/1947 
f 1947/1/1947 2689/1/2689 2501/1/2501 
f 2693/1/2693 242/1/242 241/1/241 
f 241/1/241 2694/1/2694 2693/1/2693 
f 2694/1/2694 2687/1/2687 2686/1/2686 
f 2686/1/2686 2693/1/2693 2694/1/2694 
f 2693/1/2693 2686/1/2686 2666/1/2666 
f 2666/1/2666 2669/1/2669 2693/1/2693 
f 2669/1/2669 243/1/243 242/1/242 
f 242/1/242 2693/1/2693 2669/1/2669 
f 2695/1/2695 1844/1/1844 1130/1/1130 
f 1130/1/1130 2696/1/2696 2695/1/2695 
f 2696/1/2696 2697/1/2697 2698/1/2698 
f 2695/1/2695 2698/1/2698 2691/1/2691 
f 2691/1/2691 2690/1/2690 2695/1/2695 
f 2690/1/2690 1845/1/1845 1844/1/1844 
f 1844/1/1844 2695/1/2695 2690/1/2690 
f 2699/1/2699 2700/1/2700 2701/1/2701 
f 2701/1/2701 2702/1/2702 2699/1/2699 
f 2702/1/2702 2691/1/2691 2698/1/2698 
f 2698/1/2698 2699/1/2699 2702/1/2702 
f 2699/1/2699 2698/1/2698 2697/1/2697 
f 2703/1/2703 2704/1/2704 2700/1/2700 
f 2700/1/2700 2699/1/2699 2703/1/2703 
f 2705/1/2705 202/1/202 201/1/201 
f 201/1/201 2522/1/2522 2705/1/2705 
f 2522/1/2522 2521/1/2521 2706/1/2706 
f 2706/1/2706 2705/1/2705 2522/1/2522 
f 2705/1/2705 2706/1/2706 2707/1/2707 
f 2707/1/2707 2708/1/2708 2705/1/2705 
f 2705/1/2705 2708/1/2708 197/1/197 
f 197/1/197 202/1/202 2705/1/2705 
f 2709/1/2709 2701/1/2701 2700/1/2700 
f 2700/1/2700 2710/1/2710 2709/1/2709 
f 2710/1/2710 2700/1/2700 2704/1/2704 
f 2710/1/2710 2711/1/2711 1121/1/1121 
f 1121/1/1121 1250/1/1250 2710/1/2710 
f 1250/1/1250 1249/1/1249 2709/1/2709 
f 2709/1/2709 2710/1/2710 1250/1/1250 
f 2712/1/2712 2595/1/2595 2591/1/2591 
f 2591/1/2591 2713/1/2713 2712/1/2712 
f 2713/1/2713 2714/1/2714 2715/1/2715 
f 2715/1/2715 2712/1/2712 2713/1/2713 
f 2715/1/2715 2716/1/2716 2717/1/2717 
f 2717/1/2717 2712/1/2712 2715/1/2715 
f 2595/1/2595 2712/1/2712 2717/1/2717 
f 2717/1/2717 126/1/126 2595/1/2595 
f 2718/1/2718 2708/1/2708 2707/1/2707 
f 2707/1/2707 2719/1/2719 2718/1/2718 
f 2719/1/2719 2499/1/2499 2498/1/2498 
f 2498/1/2498 2718/1/2718 2719/1/2719 
f 2718/1/2718 2498/1/2498 155/1/155 
f 198/1/198 197/1/197 2708/1/2708 
f 2708/1/2708 2718/1/2718 198/1/198 
f 2720/1/2720 2721/1/2721 2714/1/2714 
f 2714/1/2714 2713/1/2713 2720/1/2720 
f 2713/1/2713 2591/1/2591 2590/1/2590 
f 2590/1/2590 2720/1/2720 2713/1/2713 
f 2720/1/2720 2590/1/2590 2491/1/2491 
f 2491/1/2491 2490/1/2490 2720/1/2720 
f 2490/1/2490 2489/1/2489 2721/1/2721 
f 2721/1/2721 2720/1/2720 2490/1/2490 
f 2722/1/2722 121/1/121 118/1/118 
f 118/1/118 2723/1/2723 2722/1/2722 
f 2723/1/2723 2716/1/2716 2724/1/2724 
f 2724/1/2724 2722/1/2722 2723/1/2723 
f 2722/1/2722 2724/1/2724 322/1/322 
f 322/1/322 321/1/321 2722/1/2722 
f 321/1/321 122/1/122 121/1/121 
f 121/1/121 2722/1/2722 321/1/321 
f 2725/1/2725 2724/1/2724 2716/1/2716 
f 2716/1/2716 2715/1/2715 2725/1/2725 
f 2725/1/2725 2715/1/2715 2714/1/2714 
f 2714/1/2714 2726/1/2726 2725/1/2725 
f 2726/1/2726 2727/1/2727 2728/1/2728 
f 2728/1/2728 2725/1/2725 2726/1/2726 
f 2728/1/2728 322/1/322 2724/1/2724 
f 2724/1/2724 2725/1/2725 2728/1/2728 
f 2729/1/2729 117/1/117 114/1/114 
f 114/1/114 127/1/127 2729/1/2729 
f 127/1/127 126/1/126 2717/1/2717 
f 2717/1/2717 2729/1/2729 127/1/127 
f 2729/1/2729 2717/1/2717 2716/1/2716 
f 2723/1/2723 118/1/118 117/1/117 
f 117/1/117 2729/1/2729 2723/1/2723 
f 2730/1/2730 2731/1/2731 2732/1/2732 
f 2732/1/2732 2733/1/2733 2730/1/2730 
f 2733/1/2733 2734/1/2734 2735/1/2735 
f 2735/1/2735 2730/1/2730 2733/1/2733 
f 2730/1/2730 2735/1/2735 2674/1/2674 
f 2674/1/2674 2678/1/2678 2730/1/2730 
f 2678/1/2678 2677/1/2677 2731/1/2731 
f 2731/1/2731 2730/1/2730 2678/1/2678 
f 2736/1/2736 2737/1/2737 2727/1/2727 
f 2727/1/2727 2726/1/2726 2736/1/2736 
f 2726/1/2726 2714/1/2714 2721/1/2721 
f 2736/1/2736 2721/1/2721 2489/1/2489 
f 2496/1/2496 2495/1/2495 2737/1/2737 
f 2737/1/2737 2736/1/2736 2496/1/2496 
f 2738/1/2738 324/1/324 319/1/319 
f 319/1/319 2739/1/2739 2738/1/2738 
f 2739/1/2739 2732/1/2732 2731/1/2731 
f 2731/1/2731 2738/1/2738 2739/1/2739 
f 2738/1/2738 2731/1/2731 2677/1/2677 
f 2677/1/2677 2679/1/2679 2738/1/2738 
f 2679/1/2679 225/1/225 324/1/324 
f 324/1/324 2738/1/2738 2679/1/2679 
f 2740/1/2740 1874/1/1874 1869/1/1869 
f 1869/1/1869 2741/1/2741 2740/1/2740 
f 2741/1/2741 2734/1/2734 2742/1/2742 
f 2742/1/2742 2740/1/2740 2741/1/2741 
f 2740/1/2740 2742/1/2742 2495/1/2495 
f 2495/1/2495 2494/1/2494 2740/1/2740 
f 2494/1/2494 282/1/282 1874/1/1874 
f 1874/1/1874 2740/1/2740 2494/1/2494 
f 2743/1/2743 2742/1/2742 2734/1/2734 
f 2734/1/2734 2733/1/2733 2743/1/2743 
f 2733/1/2733 2732/1/2732 2744/1/2744 
f 2744/1/2744 2743/1/2743 2733/1/2733 
f 2743/1/2743 2744/1/2744 2727/1/2727 
f 2737/1/2737 2495/1/2495 2742/1/2742 
f 2745/1/2745 1868/1/1868 259/1/259 
f 259/1/259 2673/1/2673 2745/1/2745 
f 2673/1/2673 2674/1/2674 2735/1/2735 
f 2735/1/2735 2745/1/2745 2673/1/2673 
f 2745/1/2745 2735/1/2735 2734/1/2734 
f 2734/1/2734 2741/1/2741 2745/1/2745 
f 2741/1/2741 1869/1/1869 1868/1/1868 
f 2746/1/2746 318/1/318 322/1/322 
f 322/1/322 2728/1/2728 2746/1/2746 
f 2728/1/2728 2727/1/2727 2744/1/2744 
f 2744/1/2744 2746/1/2746 2728/1/2728 
f 2746/1/2746 2744/1/2744 2732/1/2732 
f 2732/1/2732 2739/1/2739 2746/1/2746 
f 2739/1/2739 319/1/319 318/1/318 
f 318/1/318 2746/1/2746 2739/1/2739 
f 2747/1/2747 2518/1/2518 288/1/288 
f 288/1/288 345/1/345 2747/1/2747 
f 345/1/345 295/1/295 2748/1/2748 
f 2748/1/2748 2747/1/2747 345/1/345 
f 2749/1/2749 2747/1/2747 2748/1/2748 
f 2748/1/2748 2750/1/2750 2749/1/2749 
f 2747/1/2747 2749/1/2749 2519/1/2519 
f 2519/1/2519 2518/1/2518 2747/1/2747 
f 2684/1/2684 2683/1/2683 2751/1/2751 
f 2751/1/2751 2752/1/2752 2684/1/2684 
f 2752/1/2752 2751/1/2751 2750/1/2750 
f 2750/1/2750 2748/1/2748 2752/1/2752 
f 2752/1/2752 2748/1/2748 295/1/295 
f 295/1/295 294/1/294 2752/1/2752 
f 294/1/294 254/1/254 2684/1/2684 
f 2684/1/2684 2752/1/2752 294/1/294 
f 2753/1/2753 2754/1/2754 2755/1/2755 
f 2755/1/2755 2756/1/2756 2753/1/2753 
f 2756/1/2756 2757/1/2757 2758/1/2758 
f 2758/1/2758 2753/1/2753 2756/1/2756 
f 2753/1/2753 2758/1/2758 2525/1/2525 
f 2525/1/2525 2759/1/2759 2753/1/2753 
f 2759/1/2759 2760/1/2760 2754/1/2754 
f 2754/1/2754 2753/1/2753 2759/1/2759 
f 2761/1/2761 2762/1/2762 2763/1/2763 
f 2763/1/2763 2764/1/2764 2761/1/2761 
f 2764/1/2764 2755/1/2755 2765/1/2765 
f 2765/1/2765 2761/1/2761 2764/1/2764 
f 2761/1/2761 2765/1/2765 1340/1/1340 
f 1340/1/1340 1339/1/1339 2761/1/2761 
f 1339/1/1339 1338/1/1338 2762/1/2762 
f 2766/1/2766 1353/1/1353 1360/1/1360 
f 1360/1/1360 2767/1/2767 2766/1/2766 
f 2767/1/2767 2757/1/2757 2768/1/2768 
f 2768/1/2768 2766/1/2766 2767/1/2767 
f 2766/1/2766 2768/1/2768 2769/1/2769 
f 2769/1/2769 2770/1/2770 2766/1/2766 
f 2770/1/2770 1354/1/1354 1353/1/1353 
f 1353/1/1353 2766/1/2766 2770/1/2770 
f 2771/1/2771 2769/1/2769 2768/1/2768 
f 2768/1/2768 2772/1/2772 2771/1/2771 
f 2772/1/2772 2768/1/2768 2757/1/2757 
f 2757/1/2757 2756/1/2756 2772/1/2772 
f 2772/1/2772 2756/1/2756 2755/1/2755 
f 2755/1/2755 2764/1/2764 2772/1/2772 
f 2764/1/2764 2763/1/2763 2771/1/2771 
f 2771/1/2771 2772/1/2772 2764/1/2764 
f 2773/1/2773 1469/1/1469 1468/1/1468 
f 1468/1/1468 2526/1/2526 2773/1/2773 
f 2526/1/2526 2525/1/2525 2758/1/2758 
f 2758/1/2758 2773/1/2773 2526/1/2526 
f 2773/1/2773 2758/1/2758 2757/1/2757 
f 2757/1/2757 2767/1/2767 2773/1/2773 
f 2767/1/2767 1360/1/1360 1469/1/1469 
f 1469/1/1469 2773/1/2773 2767/1/2767 
f 1474/1/1474 1340/1/1340 2765/1/2765 
f 2765/1/2765 2774/1/2774 1474/1/1474 
f 2765/1/2765 2755/1/2755 2754/1/2754 
f 2754/1/2754 2774/1/2774 2765/1/2765 
f 2774/1/2774 2754/1/2754 2760/1/2760 
f 2760/1/2760 2775/1/2775 2774/1/2774 
f 1475/1/1475 1474/1/1474 2774/1/2774 
f 2776/1/2776 1892/1/1892 1884/1/1884 
f 2777/1/2777 2778/1/2778 2779/1/2779 
f 2779/1/2779 2776/1/2776 2777/1/2777 
f 2776/1/2776 2779/1/2779 2780/1/2780 
f 2780/1/2780 2781/1/2781 2776/1/2776 
f 2776/1/2776 2781/1/2781 1457/1/1457 
f 1457/1/1457 1892/1/1892 2776/1/2776 
f 2782/1/2782 1883/1/1883 1890/1/1890 
f 1890/1/1890 2548/1/2548 2782/1/2782 
f 2548/1/2548 2547/1/2547 2783/1/2783 
f 2783/1/2783 2782/1/2782 2548/1/2548 
f 2782/1/2782 2783/1/2783 2778/1/2778 
f 2778/1/2778 2777/1/2777 2782/1/2782 
f 2777/1/2777 1884/1/1884 1883/1/1883 
f 1883/1/1883 2782/1/2782 2777/1/2777 
f 2784/1/2784 2785/1/2785 2786/1/2786 
f 2786/1/2786 2787/1/2787 2784/1/2784 
f 2787/1/2787 1154/1/1154 1383/1/1383 
f 1383/1/1383 2784/1/2784 2787/1/2787 
f 2784/1/2784 1383/1/1383 1387/1/1387 
f 1387/1/1387 2788/1/2788 2784/1/2784 
f 2788/1/2788 2789/1/2789 2785/1/2785 
f 2785/1/2785 2784/1/2784 2788/1/2788 
f 2790/1/2790 2791/1/2791 1147/1/1147 
f 1147/1/1147 1146/1/1146 2790/1/2790 
f 1146/1/1146 1154/1/1154 2787/1/2787 
f 2787/1/2787 2790/1/2790 1146/1/1146 
f 2790/1/2790 2787/1/2787 2786/1/2786 
f 2786/1/2786 2792/1/2792 2790/1/2790 
f 2792/1/2792 2793/1/2793 2791/1/2791 
f 2791/1/2791 2790/1/2790 2792/1/2792 
f 2794/1/2794 2795/1/2795 2796/1/2796 
f 2796/1/2796 2797/1/2797 2794/1/2794 
f 2797/1/2797 2798/1/2798 2799/1/2799 
f 2799/1/2799 2794/1/2794 2797/1/2797 
f 2794/1/2794 2799/1/2799 2555/1/2555 
f 2555/1/2555 2554/1/2554 2794/1/2794 
f 2554/1/2554 2553/1/2553 2795/1/2795 
f 2800/1/2800 2801/1/2801 2798/1/2798 
f 2798/1/2798 2802/1/2802 2800/1/2800 
f 2802/1/2802 2786/1/2786 2785/1/2785 
f 2785/1/2785 2800/1/2800 2802/1/2802 
f 2800/1/2800 2785/1/2785 2789/1/2789 
f 2789/1/2789 2803/1/2803 2800/1/2800 
f 2803/1/2803 2804/1/2804 2801/1/2801 
f 2801/1/2801 2800/1/2800 2803/1/2803 
f 2805/1/2805 2806/1/2806 2793/1/2793 
f 2793/1/2793 2792/1/2792 2805/1/2805 
f 2792/1/2792 2786/1/2786 2802/1/2802 
f 2802/1/2802 2805/1/2805 2792/1/2792 
f 2805/1/2805 2802/1/2802 2798/1/2798 
f 2798/1/2798 2797/1/2797 2805/1/2805 
f 2797/1/2797 2796/1/2796 2806/1/2806 
f 2807/1/2807 2808/1/2808 2809/1/2809 
f 2809/1/2809 2810/1/2810 2807/1/2807 
f 2810/1/2810 1707/1/1707 1826/1/1826 
f 1826/1/1826 2807/1/2807 2810/1/2810 
f 2807/1/2807 1826/1/1826 1069/1/1069 
f 1069/1/1069 1068/1/1068 2807/1/2807 
f 1068/1/1068 1067/1/1067 2808/1/2808 
f 2808/1/2808 2807/1/2807 1068/1/1068 
f 2572/1/2572 2555/1/2555 2799/1/2799 
f 2799/1/2799 2811/1/2811 2572/1/2572 
f 2799/1/2799 2798/1/2798 2801/1/2801 
f 2801/1/2801 2811/1/2811 2799/1/2799 
f 2811/1/2811 2801/1/2801 2804/1/2804 
f 2804/1/2804 2812/1/2812 2811/1/2811 
f 2572/1/2572 2811/1/2811 2812/1/2812 
f 2812/1/2812 2569/1/2569 2572/1/2572 
f 2813/1/2813 2651/1/2651 2515/1/2515 
f 2515/1/2515 2814/1/2814 2813/1/2813 
f 2814/1/2814 2815/1/2815 2816/1/2816 
f 2816/1/2816 2813/1/2813 2814/1/2814 
f 2813/1/2813 2816/1/2816 2664/1/2664 
f 2664/1/2664 2663/1/2663 2813/1/2813 
f 2663/1/2663 2654/1/2654 2651/1/2651 
f 2651/1/2651 2813/1/2813 2663/1/2663 
f 2817/1/2817 1708/1/1708 1707/1/1707 
f 1707/1/1707 2810/1/2810 2817/1/2817 
f 2810/1/2810 2809/1/2809 2818/1/2818 
f 2818/1/2818 2817/1/2817 2810/1/2810 
f 2817/1/2817 2818/1/2818 1135/1/1135 
f 1134/1/1134 1133/1/1133 1708/1/1708 
f 1708/1/1708 2817/1/2817 1134/1/1134 
f 2819/1/2819 2818/1/2818 2809/1/2809 
f 2809/1/2809 2820/1/2820 2819/1/2819 
f 2820/1/2820 2815/1/2815 2821/1/2821 
f 2821/1/2821 2819/1/2819 2820/1/2820 
f 2819/1/2819 2821/1/2821 2822/1/2822 
f 2822/1/2822 2823/1/2823 2819/1/2819 
f 2823/1/2823 1135/1/1135 2818/1/2818 
f 2818/1/2818 2819/1/2819 2823/1/2823 
f 2824/1/2824 2816/1/2816 2815/1/2815 
f 2815/1/2815 2820/1/2820 2824/1/2824 
f 2820/1/2820 2809/1/2809 2808/1/2808 
f 2808/1/2808 2824/1/2824 2820/1/2820 
f 2824/1/2824 2808/1/2808 1067/1/1067 
f 1067/1/1067 2670/1/2670 2824/1/2824 
f 2670/1/2670 2664/1/2664 2816/1/2816 
f 2816/1/2816 2824/1/2824 2670/1/2670 
f 2825/1/2825 2826/1/2826 2827/1/2827 
f 2827/1/2827 2828/1/2828 2825/1/2825 
f 2828/1/2828 1097/1/1097 1096/1/1096 
f 1096/1/1096 2825/1/2825 2828/1/2828 
f 2825/1/2825 1096/1/1096 1087/1/1087 
f 1087/1/1087 1086/1/1086 2825/1/2825 
f 1086/1/1086 1085/1/1085 2826/1/2826 
f 2826/1/2826 2825/1/2825 1086/1/1086 
f 2829/1/2829 2511/1/2511 2514/1/2514 
f 2514/1/2514 2830/1/2830 2829/1/2829 
f 2830/1/2830 2822/1/2822 2821/1/2821 
f 2829/1/2829 2821/1/2821 2815/1/2815 
f 2815/1/2815 2814/1/2814 2829/1/2829 
f 2814/1/2814 2515/1/2515 2511/1/2511 
f 2511/1/2511 2829/1/2829 2814/1/2814 
f 2831/1/2831 2636/1/2636 2509/1/2509 
f 2509/1/2509 2832/1/2832 2831/1/2831 
f 2832/1/2832 2833/1/2833 2834/1/2834 
f 2834/1/2834 2831/1/2831 2832/1/2832 
f 2831/1/2831 2834/1/2834 2647/1/2647 
f 2647/1/2647 2646/1/2646 2831/1/2831 
f 2646/1/2646 2637/1/2637 2636/1/2636 
f 2636/1/2636 2831/1/2831 2646/1/2646 
f 2835/1/2835 1252/1/1252 1097/1/1097 
f 1097/1/1097 2828/1/2828 2835/1/2835 
f 2828/1/2828 2827/1/2827 2836/1/2836 
f 2836/1/2836 2835/1/2835 2828/1/2828 
f 2835/1/2835 2836/1/2836 2837/1/2837 
f 2837/1/2837 2838/1/2838 2835/1/2835 
f 2838/1/2838 1253/1/1253 1252/1/1252 
f 1252/1/1252 2835/1/2835 2838/1/2838 
f 2839/1/2839 2837/1/2837 2836/1/2836 
f 2836/1/2836 2840/1/2840 2839/1/2839 
f 2840/1/2840 2836/1/2836 2827/1/2827 
f 2827/1/2827 2841/1/2841 2840/1/2840 
f 2841/1/2841 2833/1/2833 2842/1/2842 
f 2842/1/2842 2840/1/2840 2841/1/2841 
f 2842/1/2842 2843/1/2843 2839/1/2839 
f 2839/1/2839 2840/1/2840 2842/1/2842 
f 2844/1/2844 2834/1/2834 2833/1/2833 
f 2833/1/2833 2841/1/2841 2844/1/2844 
f 2841/1/2841 2827/1/2827 2826/1/2826 
f 2826/1/2826 2844/1/2844 2841/1/2841 
f 2844/1/2844 2826/1/2826 1085/1/1085 
f 1085/1/1085 2657/1/2657 2844/1/2844 
f 2657/1/2657 2647/1/2647 2834/1/2834 
f 2834/1/2834 2844/1/2844 2657/1/2657 
f 2845/1/2845 2846/1/2846 2847/1/2847 
f 2847/1/2847 2848/1/2848 2845/1/2845 
f 2848/1/2848 2849/1/2849 2850/1/2850 
f 2850/1/2850 2845/1/2845 2848/1/2848 
f 2845/1/2845 2850/1/2850 2851/1/2851 
f 2851/1/2851 2852/1/2852 2845/1/2845 
f 2845/1/2845 2852/1/2852 2853/1/2853 
f 2853/1/2853 2846/1/2846 2845/1/2845 
f 2854/1/2854 2855/1/2855 2843/1/2843 
f 2843/1/2843 2842/1/2842 2854/1/2854 
f 2842/1/2842 2833/1/2833 2832/1/2832 
f 2832/1/2832 2854/1/2854 2842/1/2842 
f 2854/1/2854 2832/1/2832 2509/1/2509 
f 2509/1/2509 2508/1/2508 2854/1/2854 
f 2508/1/2508 2505/1/2505 2855/1/2855 
f 2856/1/2856 1343/1/1343 1118/1/1118 
f 1118/1/1118 2857/1/2857 2856/1/2856 
f 2857/1/2857 2847/1/2847 2846/1/2846 
f 2846/1/2846 2856/1/2856 2857/1/2857 
f 2846/1/2846 2853/1/2853 2858/1/2858 
f 2858/1/2858 2856/1/2856 2846/1/2846 
f 2856/1/2856 2858/1/2858 1344/1/1344 
f 1344/1/1344 1343/1/1343 2856/1/2856 
f 2859/1/2859 1129/1/1129 1128/1/1128 
f 1128/1/1128 2860/1/2860 2859/1/2859 
f 2860/1/2860 2849/1/2849 2861/1/2861 
f 2861/1/2861 2859/1/2859 2860/1/2860 
f 2859/1/2859 2861/1/2861 2697/1/2697 
f 2697/1/2697 2696/1/2696 2859/1/2859 
f 2696/1/2696 1130/1/1130 1129/1/1129 
f 1129/1/1129 2859/1/2859 2696/1/2696 
f 2862/1/2862 2861/1/2861 2849/1/2849 
f 2849/1/2849 2848/1/2848 2862/1/2862 
f 2848/1/2848 2847/1/2847 2863/1/2863 
f 2863/1/2863 2862/1/2862 2848/1/2848 
f 2862/1/2862 2863/1/2863 2704/1/2704 
f 2704/1/2704 2703/1/2703 2862/1/2862 
f 2703/1/2703 2697/1/2697 2861/1/2861 
f 2864/1/2864 2850/1/2850 2849/1/2849 
f 2849/1/2849 2860/1/2860 2864/1/2864 
f 2860/1/2860 1128/1/1128 1762/1/1762 
f 1762/1/1762 2864/1/2864 2860/1/2860 
f 2864/1/2864 1762/1/1762 1766/1/1766 
f 1766/1/1766 2865/1/2865 2864/1/2864 
f 2865/1/2865 2851/1/2851 2850/1/2850 
f 2850/1/2850 2864/1/2864 2865/1/2865 
f 2866/1/2866 2791/1/2791 2793/1/2793 
f 2793/1/2793 2867/1/2867 2866/1/2866 
f 2867/1/2867 2868/1/2868 2869/1/2869 
f 2869/1/2869 2866/1/2866 2867/1/2867 
f 2866/1/2866 2869/1/2869 1159/1/1159 
f 1159/1/1159 1163/1/1163 2866/1/2866 
f 1163/1/1163 1147/1/1147 2791/1/2791 
f 2791/1/2791 2866/1/2866 1163/1/1163 
f 1117/1/1117 1121/1/1121 2711/1/2711 
f 2711/1/2711 2870/1/2870 1117/1/1117 
f 2711/1/2711 2704/1/2704 2863/1/2863 
f 2863/1/2863 2870/1/2870 2711/1/2711 
f 2870/1/2870 2863/1/2863 2847/1/2847 
f 2847/1/2847 2857/1/2857 2870/1/2870 
f 2857/1/2857 1118/1/1118 1117/1/1117 
f 1117/1/1117 2870/1/2870 2857/1/2857 
f 2871/1/2871 1136/1/1136 1135/1/1135 
f 1135/1/1135 2823/1/2823 2871/1/2871 
f 2823/1/2823 2822/1/2822 2872/1/2872 
f 2872/1/2872 2871/1/2871 2823/1/2823 
f 2871/1/2871 2872/1/2872 2873/1/2873 
f 2873/1/2873 2874/1/2874 2871/1/2871 
f 2874/1/2874 1137/1/1137 1136/1/1136 
f 1136/1/1136 2871/1/2871 2874/1/2874 
f 1160/1/1160 1159/1/1159 2869/1/2869 
f 2869/1/2869 2875/1/2875 1160/1/1160 
f 2876/1/2876 2875/1/2875 2869/1/2869 
f 2869/1/2869 2868/1/2868 2876/1/2876 
f 2875/1/2875 2876/1/2876 2514/1/2514 
f 2514/1/2514 2513/1/2513 2875/1/2875 
f 2875/1/2875 2513/1/2513 1144/1/1144 
f 1144/1/1144 1160/1/1160 2875/1/2875 
f 2877/1/2877 2876/1/2876 2868/1/2868 
f 2868/1/2868 2878/1/2878 2877/1/2877 
f 2878/1/2878 2873/1/2873 2872/1/2872 
f 2872/1/2872 2877/1/2877 2878/1/2878 
f 2877/1/2877 2872/1/2872 2822/1/2822 
f 2822/1/2822 2830/1/2830 2877/1/2877 
f 2830/1/2830 2514/1/2514 2876/1/2876 
f 2876/1/2876 2877/1/2877 2830/1/2830 
f 2879/1/2879 2806/1/2806 2796/1/2796 
f 2796/1/2796 2880/1/2880 2879/1/2879 
f 2879/1/2879 2880/1/2880 2873/1/2873 
f 2879/1/2879 2878/1/2878 2868/1/2868 
f 2868/1/2868 2867/1/2867 2879/1/2879 
f 2867/1/2867 2793/1/2793 2806/1/2806 
f 2806/1/2806 2879/1/2879 2867/1/2867 
f 2881/1/2881 1248/1/1248 1247/1/1247 
f 1274/1/1274 1273/1/1273 2882/1/2882 
f 2882/1/2882 2881/1/2881 1274/1/1274 
f 2882/1/2882 2883/1/2883 2884/1/2884 
f 2884/1/2884 1249/1/1249 1248/1/1248 
f 1248/1/1248 2881/1/2881 2884/1/2884 
f 2874/1/2874 2873/1/2873 2880/1/2880 
f 2880/1/2880 2885/1/2885 2874/1/2874 
f 2880/1/2880 2796/1/2796 2795/1/2795 
f 2795/1/2795 2885/1/2885 2880/1/2880 
f 2885/1/2885 2795/1/2795 2553/1/2553 
f 2885/1/2885 2558/1/2558 1137/1/1137 
f 1137/1/1137 2874/1/2874 2885/1/2885 
f 2886/1/2886 2692/1/2692 2691/1/2691 
f 2691/1/2691 2702/1/2702 2886/1/2886 
f 2702/1/2702 2701/1/2701 2887/1/2887 
f 2887/1/2887 2886/1/2886 2702/1/2702 
f 2886/1/2886 2887/1/2887 2888/1/2888 
f 2888/1/2888 2889/1/2889 2886/1/2886 
f 2889/1/2889 2502/1/2502 2692/1/2692 
f 2692/1/2692 2886/1/2886 2889/1/2889 
f 2890/1/2890 2891/1/2891 2883/1/2883 
f 2883/1/2883 2882/1/2882 2890/1/2890 
f 2882/1/2882 1273/1/1273 1285/1/1285 
f 1285/1/1285 2890/1/2890 2882/1/2882 
f 2890/1/2890 1285/1/1285 1253/1/1253 
f 2838/1/2838 2837/1/2837 2891/1/2891 
f 2892/1/2892 2893/1/2893 2888/1/2888 
f 2888/1/2888 2894/1/2894 2892/1/2892 
f 2894/1/2894 2883/1/2883 2891/1/2891 
f 2891/1/2891 2892/1/2892 2894/1/2894 
f 2892/1/2892 2891/1/2891 2837/1/2837 
f 2839/1/2839 2843/1/2843 2893/1/2893 
f 2893/1/2893 2892/1/2892 2839/1/2839 
f 2895/1/2895 2884/1/2884 2883/1/2883 
f 2883/1/2883 2894/1/2894 2895/1/2895 
f 2894/1/2894 2888/1/2888 2887/1/2887 
f 2887/1/2887 2895/1/2895 2894/1/2894 
f 2895/1/2895 2887/1/2887 2701/1/2701 
f 2701/1/2701 2709/1/2709 2895/1/2895 
f 2709/1/2709 1249/1/1249 2884/1/2884 
f 2884/1/2884 2895/1/2895 2709/1/2709 
f 2896/1/2896 2897/1/2897 2771/1/2771 
f 2771/1/2771 2763/1/2763 2896/1/2896 
f 2896/1/2896 2898/1/2898 2899/1/2899 
f 2899/1/2899 2897/1/2897 2896/1/2896 
f 2897/1/2897 2899/1/2899 2900/1/2900 
f 2900/1/2900 2901/1/2901 2897/1/2897 
f 2897/1/2897 2901/1/2901 2769/1/2769 
f 2769/1/2769 2771/1/2771 2897/1/2897 
f 2902/1/2902 2503/1/2503 2502/1/2502 
f 2502/1/2502 2889/1/2889 2902/1/2902 
f 2889/1/2889 2888/1/2888 2893/1/2893 
f 2893/1/2893 2902/1/2902 2889/1/2889 
f 2902/1/2902 2893/1/2893 2843/1/2843 
f 2843/1/2843 2855/1/2855 2902/1/2902 
f 2855/1/2855 2505/1/2505 2503/1/2503 
f 2503/1/2503 2902/1/2902 2855/1/2855 
f 1351/1/1351 1348/1/1348 2903/1/2903 
f 2903/1/2903 2904/1/2904 1351/1/1351 
f 2904/1/2904 2903/1/2903 2898/1/2898 
f 2898/1/2898 2896/1/2896 2904/1/2904 
f 2896/1/2896 2763/1/2763 2762/1/2762 
f 2762/1/2762 2904/1/2904 2896/1/2896 
f 1351/1/1351 2904/1/2904 2762/1/2762 
f 2762/1/2762 1338/1/1338 1351/1/1351 
f 2905/1/2905 2906/1/2906 1768/1/1768 
f 1768/1/1768 1363/1/1363 2905/1/2905 
f 2906/1/2906 2905/1/2905 2900/1/2900 
f 2900/1/2900 2907/1/2907 2906/1/2906 
f 2906/1/2906 2907/1/2907 2851/1/2851 
f 2851/1/2851 2865/1/2865 2906/1/2906 
f 2865/1/2865 1766/1/1766 1768/1/1768 
f 1768/1/1768 2906/1/2906 2865/1/2865 
f 2908/1/2908 2852/1/2852 2851/1/2851 
f 2851/1/2851 2907/1/2907 2908/1/2908 
f 2907/1/2907 2900/1/2900 2899/1/2899 
f 2899/1/2899 2908/1/2908 2907/1/2907 
f 2908/1/2908 2899/1/2899 2898/1/2898 
f 2898/1/2898 2909/1/2909 2908/1/2908 
f 2909/1/2909 2853/1/2853 2852/1/2852 
f 2852/1/2852 2908/1/2908 2909/1/2909 
f 2770/1/2770 2769/1/2769 2901/1/2901 
f 2901/1/2901 2910/1/2910 2770/1/2770 
f 2901/1/2901 2900/1/2900 2905/1/2905 
f 2905/1/2905 2910/1/2910 2901/1/2901 
f 2910/1/2910 2905/1/2905 1363/1/1363 
f 1363/1/1363 1362/1/1362 2910/1/2910 
f 1362/1/1362 1354/1/1354 2770/1/2770 
f 2770/1/2770 2910/1/2910 1362/1/1362 
f 2911/1/2911 2912/1/2912 2913/1/2913 
f 2913/1/2913 2914/1/2914 2911/1/2911 
f 2914/1/2914 1390/1/1390 1389/1/1389 
f 1389/1/1389 2911/1/2911 2914/1/2914 
f 2911/1/2911 1389/1/1389 1371/1/1371 
f 1371/1/1371 1367/1/1367 2911/1/2911 
f 1367/1/1367 1370/1/1370 2912/1/2912 
f 2912/1/2912 2911/1/2911 1367/1/1367 
f 2915/1/2915 1396/1/1396 1390/1/1390 
f 1390/1/1390 2914/1/2914 2915/1/2915 
f 2914/1/2914 2913/1/2913 2916/1/2916 
f 2916/1/2916 2915/1/2915 2914/1/2914 
f 2915/1/2915 2916/1/2916 2789/1/2789 
f 2789/1/2789 2788/1/2788 2915/1/2915 
f 2788/1/2788 1387/1/1387 1396/1/1396 
f 1396/1/1396 2915/1/2915 2788/1/2788 
f 2917/1/2917 2858/1/2858 2853/1/2853 
f 2853/1/2853 2909/1/2909 2917/1/2917 
f 2909/1/2909 2898/1/2898 2903/1/2903 
f 2903/1/2903 2917/1/2917 2909/1/2909 
f 2917/1/2917 2903/1/2903 1348/1/1348 
f 1348/1/1348 1347/1/1347 2917/1/2917 
f 1347/1/1347 1344/1/1344 2858/1/2858 
f 2858/1/2858 2917/1/2917 1347/1/1347 
f 2918/1/2918 2570/1/2570 2569/1/2569 
f 2569/1/2569 2812/1/2812 2918/1/2918 
f 2812/1/2812 2804/1/2804 2919/1/2919 
f 2919/1/2919 2918/1/2918 2812/1/2812 
f 2918/1/2918 2919/1/2919 2920/1/2920 
f 2920/1/2920 2921/1/2921 2918/1/2918 
f 2921/1/2921 2550/1/2550 2570/1/2570 
f 2570/1/2570 2918/1/2918 2921/1/2921 
f 2922/1/2922 2923/1/2923 2920/1/2920 
f 2920/1/2920 2924/1/2924 2922/1/2922 
f 2924/1/2924 2913/1/2913 2912/1/2912 
f 2912/1/2912 2922/1/2922 2924/1/2924 
f 2922/1/2922 2912/1/2912 1370/1/1370 
f 1370/1/1370 2925/1/2925 2922/1/2922 
f 2925/1/2925 2926/1/2926 2923/1/2923 
f 2923/1/2923 2922/1/2922 2925/1/2925 
f 2927/1/2927 2916/1/2916 2913/1/2913 
f 2913/1/2913 2924/1/2924 2927/1/2927 
f 2924/1/2924 2920/1/2920 2919/1/2919 
f 2919/1/2919 2927/1/2927 2924/1/2924 
f 2927/1/2927 2919/1/2919 2804/1/2804 
f 2804/1/2804 2803/1/2803 2927/1/2927 
f 2803/1/2803 2789/1/2789 2916/1/2916 
f 2916/1/2916 2927/1/2927 2803/1/2803 
f 2928/1/2928 2929/1/2929 2930/1/2930 
f 2930/1/2930 2931/1/2931 2928/1/2928 
f 2931/1/2931 2932/1/2932 2933/1/2933 
f 2933/1/2933 2928/1/2928 2931/1/2931 
f 2928/1/2928 2933/1/2933 2934/1/2934 
f 2934/1/2934 2935/1/2935 2928/1/2928 
f 2935/1/2935 2936/1/2936 2929/1/2929 
f 2929/1/2929 2928/1/2928 2935/1/2935 
f 2937/1/2937 2546/1/2546 2550/1/2550 
f 2550/1/2550 2921/1/2921 2937/1/2937 
f 2921/1/2921 2920/1/2920 2923/1/2923 
f 2923/1/2923 2937/1/2937 2921/1/2921 
f 2937/1/2937 2923/1/2923 2926/1/2926 
f 2926/1/2926 2938/1/2938 2937/1/2937 
f 2938/1/2938 2547/1/2547 2546/1/2546 
f 2546/1/2546 2937/1/2937 2938/1/2938 
f 2939/1/2939 2940/1/2940 2936/1/2936 
f 2936/1/2936 2935/1/2935 2939/1/2939 
f 2935/1/2935 2934/1/2934 2941/1/2941 
f 2941/1/2941 2939/1/2939 2935/1/2935 
f 2939/1/2939 2941/1/2941 1453/1/1453 
f 1453/1/1453 2566/1/2566 2939/1/2939 
f 2566/1/2566 2563/1/2563 2940/1/2940 
f 2940/1/2940 2939/1/2939 2566/1/2566 
f 2942/1/2942 2781/1/2781 2780/1/2780 
f 2780/1/2780 2943/1/2943 2942/1/2942 
f 2943/1/2943 2932/1/2932 2944/1/2944 
f 2944/1/2944 2942/1/2942 2943/1/2943 
f 2942/1/2942 2944/1/2944 1459/1/1459 
f 1459/1/1459 1458/1/1458 2942/1/2942 
f 1458/1/1458 1457/1/1457 2781/1/2781 
f 2781/1/2781 2942/1/2942 1458/1/1458 
f 2945/1/2945 2946/1/2946 2323/1/2323 
f 2323/1/2323 2322/1/2322 2945/1/2945 
f 2322/1/2322 1459/1/1459 2944/1/2944 
f 2944/1/2944 2945/1/2945 2322/1/2322 
f 2945/1/2945 2944/1/2944 2932/1/2932 
f 2932/1/2932 2931/1/2931 2945/1/2945 
f 2931/1/2931 2930/1/2930 2946/1/2946 
f 2946/1/2946 2945/1/2945 2931/1/2931 
f 2947/1/2947 1471/1/1471 1475/1/1475 
f 1475/1/1475 2948/1/2948 2947/1/2947 
f 2948/1/2948 2949/1/2949 2950/1/2950 
f 2950/1/2950 2947/1/2947 2948/1/2948 
f 2947/1/2947 2950/1/2950 1493/1/1493 
f 1493/1/1493 1492/1/1492 2947/1/2947 
f 1492/1/1492 1472/1/1472 1471/1/1471 
f 2951/1/2951 2952/1/2952 2953/1/2953 
f 2953/1/2953 2954/1/2954 2951/1/2951 
f 2954/1/2954 2955/1/2955 2956/1/2956 
f 2956/1/2956 2951/1/2951 2954/1/2954 
f 2951/1/2951 2956/1/2956 2412/1/2412 
f 2412/1/2412 2411/1/2411 2951/1/2951 
f 2411/1/2411 2410/1/2410 2952/1/2952 
f 2952/1/2952 2951/1/2951 2411/1/2411 
f 2957/1/2957 2958/1/2958 2775/1/2775 
f 2775/1/2775 2760/1/2760 2957/1/2957 
f 2957/1/2957 2955/1/2955 2959/1/2959 
f 2959/1/2959 2958/1/2958 2957/1/2957 
f 2958/1/2958 2959/1/2959 2949/1/2949 
f 2949/1/2949 2948/1/2948 2958/1/2958 
f 2948/1/2948 1475/1/1475 2775/1/2775 
f 2960/1/2960 2961/1/2961 2428/1/2428 
f 2428/1/2428 2432/1/2432 2960/1/2960 
f 2432/1/2432 1493/1/1493 2950/1/2950 
f 2950/1/2950 2960/1/2960 2432/1/2432 
f 2960/1/2960 2950/1/2950 2949/1/2949 
f 2949/1/2949 2962/1/2962 2960/1/2960 
f 2962/1/2962 2963/1/2963 2961/1/2961 
f 2961/1/2961 2960/1/2960 2962/1/2962 
f 2964/1/2964 2965/1/2965 2963/1/2963 
f 2963/1/2963 2962/1/2962 2964/1/2964 
f 2962/1/2962 2949/1/2949 2959/1/2959 
f 2959/1/2959 2964/1/2964 2962/1/2962 
f 2964/1/2964 2959/1/2959 2955/1/2955 
f 2955/1/2955 2954/1/2954 2964/1/2964 
f 2954/1/2954 2953/1/2953 2965/1/2965 
f 2965/1/2965 2964/1/2964 2954/1/2954 
f 2966/1/2966 2524/1/2524 2412/1/2412 
f 2412/1/2412 2956/1/2956 2966/1/2966 
f 2966/1/2966 2956/1/2956 2955/1/2955 
f 2955/1/2955 2957/1/2957 2966/1/2966 
f 2966/1/2966 2957/1/2957 2760/1/2760 
f 2759/1/2759 2525/1/2525 2524/1/2524 
f 2967/1/2967 2968/1/2968 2969/1/2969 
f 2969/1/2969 2970/1/2970 2967/1/2967 
f 2970/1/2970 2971/1/2971 2972/1/2972 
f 2972/1/2972 2967/1/2967 2970/1/2970 
f 2967/1/2967 2972/1/2972 2396/1/2396 
f 2396/1/2396 2395/1/2395 2967/1/2967 
f 2395/1/2395 1686/1/1686 2968/1/2968 
f 2968/1/2968 2967/1/2967 2395/1/2395 
f 2973/1/2973 2974/1/2974 2975/1/2975 
f 2975/1/2975 2976/1/2976 2973/1/2973 
f 2976/1/2976 2977/1/2977 2978/1/2978 
f 2978/1/2978 2973/1/2973 2976/1/2976 
f 2973/1/2973 2978/1/2978 2971/1/2971 
f 2970/1/2970 2969/1/2969 2974/1/2974 
f 2974/1/2974 2973/1/2973 2970/1/2970 
f 2979/1/2979 2972/1/2972 2971/1/2971 
f 2971/1/2971 2980/1/2980 2979/1/2979 
f 2980/1/2980 2416/1/2416 2415/1/2415 
f 2415/1/2415 2979/1/2979 2980/1/2980 
f 2979/1/2979 2415/1/2415 2404/1/2404 
f 2404/1/2404 2407/1/2407 2979/1/2979 
f 2407/1/2407 2396/1/2396 2972/1/2972 
f 2972/1/2972 2979/1/2979 2407/1/2407 
f 2981/1/2981 2982/1/2982 2983/1/2983 
f 2983/1/2983 2984/1/2984 2981/1/2981 
f 2981/1/2981 2984/1/2984 2305/1/2305 
f 2305/1/2305 2304/1/2304 2981/1/2981 
f 2981/1/2981 2304/1/2304 1557/1/1557 
f 2985/1/2985 2986/1/2986 2982/1/2982 
f 2982/1/2982 2981/1/2981 2985/1/2985 
f 2987/1/2987 2988/1/2988 2977/1/2977 
f 2977/1/2977 2976/1/2976 2987/1/2987 
f 2976/1/2976 2975/1/2975 2989/1/2989 
f 2989/1/2989 2987/1/2987 2976/1/2976 
f 2987/1/2987 2989/1/2989 1660/1/1660 
f 1660/1/1660 2423/1/2423 2987/1/2987 
f 2423/1/2423 2422/1/2422 2988/1/2988 
f 2990/1/2990 2991/1/2991 2992/1/2992 
f 2992/1/2992 2993/1/2993 2990/1/2990 
f 2993/1/2993 2983/1/2983 2982/1/2982 
f 2982/1/2982 2990/1/2990 2993/1/2993 
f 2990/1/2990 2982/1/2982 2986/1/2986 
f 2986/1/2986 2994/1/2994 2990/1/2990 
f 2994/1/2994 2995/1/2995 2991/1/2991 
f 2991/1/2991 2990/1/2990 2994/1/2994 
f 2984/1/2984 2983/1/2983 2996/1/2996 
f 2996/1/2996 2997/1/2997 2984/1/2984 
f 2996/1/2996 2561/1/2561 2560/1/2560 
f 2560/1/2560 2997/1/2997 2996/1/2996 
f 2560/1/2560 2314/1/2314 2317/1/2317 
f 2317/1/2317 2997/1/2997 2560/1/2560 
f 2317/1/2317 2305/1/2305 2984/1/2984 
f 2984/1/2984 2997/1/2997 2317/1/2317 
f 2998/1/2998 2999/1/2999 3000/1/3000 
f 3000/1/3000 3001/1/3001 2998/1/2998 
f 3001/1/3001 1555/1/1555 1565/1/1565 
f 1565/1/1565 2998/1/2998 3001/1/3001 
f 1565/1/1565 1564/1/1564 1657/1/1657 
f 1657/1/1657 2998/1/2998 1565/1/1565 
f 1657/1/1657 1656/1/1656 2999/1/2999 
f 2999/1/2999 2998/1/2998 1657/1/1657 
f 3002/1/3002 1556/1/1556 1555/1/1555 
f 1555/1/1555 3001/1/3001 3002/1/3002 
f 3001/1/3001 3000/1/3000 3003/1/3003 
f 3002/1/3002 3003/1/3003 2986/1/2986 
f 2985/1/2985 1557/1/1557 1556/1/1556 
f 3004/1/3004 2992/1/2992 2991/1/2991 
f 2991/1/2991 3005/1/3005 3004/1/3004 
f 3005/1/3005 2991/1/2991 2995/1/2995 
f 2995/1/2995 3006/1/3006 3005/1/3005 
f 3006/1/3006 2539/1/2539 2542/1/2542 
f 3005/1/3005 2542/1/2542 2544/1/2544 
f 2544/1/2544 3004/1/3004 3005/1/3005 
f 3007/1/3007 3008/1/3008 3009/1/3009 
f 3009/1/3009 3010/1/3010 3007/1/3007 
f 3010/1/3010 3011/1/3011 3012/1/3012 
f 3012/1/3012 3007/1/3007 3010/1/3010 
f 3007/1/3007 3012/1/3012 3013/1/3013 
f 3013/1/3013 3014/1/3014 3007/1/3007 
f 3014/1/3014 2532/1/2532 3008/1/3008 
f 3008/1/3008 3007/1/3007 3014/1/3014 
f 3015/1/3015 3016/1/3016 3011/1/3011 
f 3011/1/3011 3010/1/3010 3015/1/3015 
f 3010/1/3010 3009/1/3009 3017/1/3017 
f 3017/1/3017 3015/1/3015 3010/1/3010 
f 3015/1/3015 3017/1/3017 1654/1/1654 
f 1654/1/1654 1665/1/1665 3015/1/3015 
f 1665/1/1665 1662/1/1662 3016/1/3016 
f 3016/1/3016 3015/1/3015 1665/1/1665 
f 3018/1/3018 2968/1/2968 1686/1/1686 
f 1686/1/1686 1685/1/1685 3018/1/3018 
f 1685/1/1685 1676/1/1676 3019/1/3019 
f 3019/1/3019 3018/1/3018 1685/1/1685 
f 3018/1/3018 3019/1/3019 3013/1/3013 
f 3013/1/3013 3020/1/3020 3018/1/3018 
f 3020/1/3020 2969/1/2969 2968/1/2968 
f 3021/1/3021 2974/1/2974 2969/1/2969 
f 2969/1/2969 3020/1/3020 3021/1/3021 
f 3020/1/3020 3013/1/3013 3012/1/3012 
f 3012/1/3012 3021/1/3021 3020/1/3020 
f 3021/1/3021 3012/1/3012 3011/1/3011 
f 3011/1/3011 3022/1/3022 3021/1/3021 
f 3022/1/3022 2975/1/2975 2974/1/2974 
f 2974/1/2974 3021/1/3021 3022/1/3022 
f 3019/1/3019 3023/1/3023 3014/1/3014 
f 3014/1/3014 3013/1/3013 3019/1/3019 
f 3019/1/3019 1676/1/1676 1675/1/1675 
f 1675/1/1675 3023/1/3023 3019/1/3019 
f 3023/1/3023 1675/1/1675 1674/1/1674 
f 1674/1/1674 2528/1/2528 3023/1/3023 
f 3023/1/3023 2528/1/2528 2532/1/2532 
f 2532/1/2532 3014/1/3014 3023/1/3023 
f 3024/1/3024 3025/1/3025 3026/1/3026 
f 3026/1/3026 3027/1/3027 3024/1/3024 
f 3027/1/3027 3026/1/3026 3028/1/3028 
f 3028/1/3028 3029/1/3029 3027/1/3027 
f 3027/1/3027 3029/1/3029 2992/1/2992 
f 2992/1/2992 3004/1/3004 3027/1/3027 
f 3004/1/3004 2544/1/2544 3024/1/3024 
f 3024/1/3024 3027/1/3027 3004/1/3004 
f 3030/1/3030 2989/1/2989 2975/1/2975 
f 2975/1/2975 3022/1/3022 3030/1/3030 
f 3022/1/3022 3011/1/3011 3016/1/3016 
f 3016/1/3016 3030/1/3030 3022/1/3022 
f 3030/1/3030 3016/1/3016 1662/1/1662 
f 1662/1/1662 1661/1/1661 3030/1/3030 
f 1661/1/1661 1660/1/1660 2989/1/2989 
f 2989/1/2989 3030/1/3030 1661/1/1661 
f 2993/1/2993 2992/1/2992 3029/1/3029 
f 3029/1/3029 3031/1/3031 2993/1/2993 
f 3029/1/3029 3028/1/3028 3032/1/3032 
f 3032/1/3032 3031/1/3031 3029/1/3029 
f 3031/1/3031 3032/1/3032 2561/1/2561 
f 2561/1/2561 2996/1/2996 3031/1/3031 
f 3031/1/3031 2996/1/2996 2983/1/2983 
f 2983/1/2983 2993/1/2993 3031/1/3031 
f 3033/1/3033 2946/1/2946 2930/1/2930 
f 2930/1/2930 3034/1/3034 3033/1/3033 
f 3034/1/3034 3025/1/3025 3035/1/3035 
f 3035/1/3035 3033/1/3033 3034/1/3034 
f 3033/1/3033 3035/1/3035 2332/1/2332 
f 2332/1/2332 2331/1/2331 3033/1/3033 
f 2331/1/2331 2323/1/2323 2946/1/2946 
f 2946/1/2946 3033/1/3033 2331/1/2331 
f 3036/1/3036 2929/1/2929 2936/1/2936 
f 2936/1/2936 3037/1/3037 3036/1/3036 
f 3037/1/3037 3028/1/3028 3026/1/3026 
f 3026/1/3026 3036/1/3036 3037/1/3037 
f 3036/1/3036 3026/1/3026 3025/1/3025 
f 3025/1/3025 3034/1/3034 3036/1/3036 
f 3034/1/3034 2930/1/2930 2929/1/2929 
f 2929/1/2929 3036/1/3036 3034/1/3034 
f 3038/1/3038 2543/1/2543 2328/1/2328 
f 2328/1/2328 2338/1/2338 3038/1/3038 
f 2338/1/2338 2332/1/2332 3035/1/3035 
f 3035/1/3035 3038/1/3038 2338/1/2338 
f 3038/1/3038 3035/1/3035 3025/1/3025 
f 3025/1/3025 3024/1/3024 3038/1/3038 
f 2544/1/2544 2543/1/2543 3038/1/3038 
f 3038/1/3038 3024/1/3024 2544/1/2544 
f 3039/1/3039 2988/1/2988 2422/1/2422 
f 2422/1/2422 3040/1/3040 3039/1/3039 
f 3040/1/3040 3041/1/3041 3042/1/3042 
f 3042/1/3042 3039/1/3039 3040/1/3040 
f 3039/1/3039 3042/1/3042 3043/1/3043 
f 3043/1/3043 3044/1/3044 3039/1/3039 
f 3044/1/3044 2977/1/2977 2988/1/2988 
f 2988/1/2988 3039/1/3039 3044/1/3044 
f 3045/1/3045 3032/1/3032 3028/1/3028 
f 3028/1/3028 3037/1/3037 3045/1/3045 
f 3037/1/3037 2936/1/2936 2940/1/2940 
f 2940/1/2940 3045/1/3045 3037/1/3037 
f 3045/1/3045 2940/1/2940 2563/1/2563 
f 2563/1/2563 2562/1/2562 3045/1/3045 
f 2562/1/2562 2561/1/2561 3032/1/3032 
f 3032/1/3032 3045/1/3045 2562/1/2562 
f 3046/1/3046 2978/1/2978 2977/1/2977 
f 2977/1/2977 3044/1/3044 3046/1/3046 
f 3044/1/3044 3043/1/3043 3047/1/3047 
f 3047/1/3047 3046/1/3046 3044/1/3044 
f 3046/1/3046 3047/1/3047 2416/1/2416 
f 2416/1/2416 2980/1/2980 3046/1/3046 
f 2980/1/2980 2971/1/2971 2978/1/2978 
f 2978/1/2978 3046/1/3046 2980/1/2980 
f 3048/1/3048 2961/1/2961 2963/1/2963 
f 2963/1/2963 3049/1/3049 3048/1/3048 
f 3049/1/3049 3041/1/3041 3050/1/3050 
f 3050/1/3050 3048/1/3048 3049/1/3049 
f 3048/1/3048 3050/1/3050 2430/1/2430 
f 2430/1/2430 2429/1/2429 3048/1/3048 
f 2429/1/2429 2428/1/2428 2961/1/2961 
f 2961/1/2961 3048/1/3048 2429/1/2429 
f 3051/1/3051 2965/1/2965 2953/1/2953 
f 2953/1/2953 3052/1/3052 3051/1/3051 
f 3052/1/3052 3043/1/3043 3042/1/3042 
f 3042/1/3042 3051/1/3051 3052/1/3052 
f 3051/1/3051 3042/1/3042 3041/1/3041 
f 3041/1/3041 3049/1/3049 3051/1/3051 
f 3049/1/3049 2963/1/2963 2965/1/2965 
f 2965/1/2965 3051/1/3051 3049/1/3049 
f 3053/1/3053 2425/1/2425 2430/1/2430 
f 2430/1/2430 3050/1/3050 3053/1/3053 
f 3053/1/3053 3050/1/3050 3041/1/3041 
f 3041/1/3041 3040/1/3040 3053/1/3053 
f 3040/1/3040 2422/1/2422 2420/1/2420 
f 2420/1/2420 3053/1/3053 3040/1/3040 
f 2420/1/2420 2421/1/2421 2425/1/2425 
f 2425/1/2425 3053/1/3053 2420/1/2420 
f 3054/1/3054 3047/1/3047 3043/1/3043 
f 3043/1/3043 3052/1/3052 3054/1/3054 
f 3052/1/3052 2953/1/2953 2952/1/2952 
f 2952/1/2952 3054/1/3054 3052/1/3052 
f 3054/1/3054 2952/1/2952 2410/1/2410 
f 2410/1/2410 2417/1/2417 3054/1/3054 
f 2417/1/2417 2416/1/2416 3047/1/3047 
f 3047/1/3047 3054/1/3054 2417/1/2417 
f 3055/1/3055 3056/1/3056 3057/1/3057 
f 3057/1/3057 3058/1/3058 3055/1/3055 
f 3058/1/3058 3059/1/3059 3060/1/3060 
f 3060/1/3060 3055/1/3055 3058/1/3058 
f 3055/1/3055 3060/1/3060 186/1/186 
f 186/1/186 185/1/185 3055/1/3055 
f 185/1/185 180/1/180 3056/1/3056 
f 3056/1/3056 3055/1/3055 185/1/185 
f 3061/1/3061 3062/1/3062 3059/1/3059 
f 3059/1/3059 3058/1/3058 3061/1/3061 
f 3058/1/3058 3057/1/3057 3063/1/3063 
f 3063/1/3063 3061/1/3061 3058/1/3058 
f 3063/1/3063 2707/1/2707 2706/1/2706 
f 2706/1/2706 3061/1/3061 3063/1/3063 
f 3062/1/3062 3061/1/3061 2706/1/2706 
f 2706/1/2706 2521/1/2521 3062/1/3062 
f 3064/1/3064 2633/1/2633 2632/1/2632 
f 2632/1/2632 3065/1/3065 3064/1/3064 
f 3065/1/3065 3057/1/3057 3056/1/3056 
f 3056/1/3056 3064/1/3064 3065/1/3065 
f 3064/1/3064 3056/1/3056 180/1/180 
f 180/1/180 179/1/179 3064/1/3064 
f 179/1/179 178/1/178 2633/1/2633 
f 2633/1/2633 3064/1/3064 179/1/179 
f 3063/1/3063 3066/1/3066 2719/1/2719 
f 2719/1/2719 2707/1/2707 3063/1/3063 
f 3066/1/3066 3063/1/3063 3057/1/3057 
f 3057/1/3057 3065/1/3065 3066/1/3066 
f 3065/1/3065 2632/1/2632 2639/1/2639 
f 3066/1/3066 2639/1/2639 2499/1/2499 
f 2499/1/2499 2719/1/2719 3066/1/3066 
f 3067/1/3067 3062/1/3062 2521/1/2521 
f 2521/1/2521 2520/1/2520 3067/1/3067 
f 2520/1/2520 2519/1/2519 3068/1/3068 
f 3067/1/3067 3068/1/3068 3069/1/3069 
f 3069/1/3069 3070/1/3070 3067/1/3067 
f 3070/1/3070 3059/1/3059 3062/1/3062 
f 3062/1/3062 3067/1/3067 3070/1/3070 
f 3071/1/3071 3072/1/3072 3073/1/3073 
f 3073/1/3073 3074/1/3074 3071/1/3071 
f 3074/1/3074 2750/1/2750 2751/1/2751 
f 2751/1/2751 3071/1/3071 3074/1/3074 
f 3071/1/3071 2751/1/2751 2683/1/2683 
f 2683/1/2683 2688/1/2688 3071/1/3071 
f 2688/1/2688 2687/1/2687 3072/1/3072 
f 3072/1/3072 3071/1/3071 2688/1/2688 
f 335/1/335 190/1/190 3075/1/3075 
f 3075/1/3075 3076/1/3076 335/1/335 
f 3075/1/3075 3069/1/3069 3077/1/3077 
f 3077/1/3077 3076/1/3076 3075/1/3075 
f 3076/1/3076 3077/1/3077 3073/1/3073 
f 3073/1/3073 3078/1/3078 3076/1/3076 
f 3076/1/3076 3078/1/3078 336/1/336 
f 336/1/336 335/1/335 3076/1/3076 
f 3079/1/3079 3060/1/3060 3059/1/3059 
f 3059/1/3059 3070/1/3070 3079/1/3079 
f 3070/1/3070 3069/1/3069 3075/1/3075 
f 3075/1/3075 3079/1/3079 3070/1/3070 
f 3079/1/3079 3075/1/3075 190/1/190 
f 190/1/190 189/1/189 3079/1/3079 
f 189/1/189 186/1/186 3060/1/3060 
f 3060/1/3060 3079/1/3079 189/1/189 
f 3080/1/3080 2749/1/2749 2750/1/2750 
f 2750/1/2750 3074/1/3074 3080/1/3080 
f 3074/1/3074 3073/1/3073 3077/1/3077 
f 3077/1/3077 3080/1/3080 3074/1/3074 
f 3080/1/3080 3077/1/3077 3069/1/3069 
f 3068/1/3068 2519/1/2519 2749/1/2749 
f 2749/1/2749 3080/1/3080 3068/1/3068 
f 342/1/342 336/1/336 3078/1/3078 
f 3078/1/3078 3081/1/3081 342/1/342 
f 3078/1/3078 3073/1/3073 3072/1/3072 
f 3072/1/3072 3081/1/3081 3078/1/3078 
f 3081/1/3081 3072/1/3072 2687/1/2687 
f 2687/1/2687 2694/1/2694 3081/1/3081 
f 342/1/342 3081/1/3081 2694/1/2694 
f 2694/1/2694 241/1/241 342/1/342 
f 3082/1/3082 2933/1/2933 2932/1/2932 
f 2932/1/2932 2943/1/2943 3082/1/3082 
f 3082/1/3082 2943/1/2943 2780/1/2780 
f 2780/1/2780 3083/1/3083 3082/1/3082 
f 3083/1/3083 3084/1/3084 3085/1/3085 
f 3085/1/3085 3082/1/3082 3083/1/3083 
f 3085/1/3085 2934/1/2934 2933/1/2933 
f 2933/1/2933 3082/1/3082 3085/1/3085 
f 3086/1/3086 2938/1/2938 2926/1/2926 
f 2926/1/2926 3087/1/3087 3086/1/3086 
f 3086/1/3086 3087/1/3087 3088/1/3088 
f 3088/1/3088 3089/1/3089 3086/1/3086 
f 3089/1/3089 2778/1/2778 2783/1/2783 
f 2783/1/2783 3086/1/3086 3089/1/3089 
f 3086/1/3086 2783/1/2783 2547/1/2547 
f 2547/1/2547 2938/1/2938 3086/1/3086 
f 1450/1/1450 1449/1/1449 3090/1/3090 
f 3090/1/3090 3091/1/3091 1450/1/1450 
f 3090/1/3090 3084/1/3084 3092/1/3092 
f 3092/1/3092 3091/1/3091 3090/1/3090 
f 3091/1/3091 3092/1/3092 3088/1/3088 
f 3088/1/3088 3093/1/3093 3091/1/3091 
f 3093/1/3093 1375/1/1375 1450/1/1450 
f 1450/1/1450 3091/1/3091 3093/1/3093 
f 3094/1/3094 2941/1/2941 2934/1/2934 
f 2934/1/2934 3085/1/3085 3094/1/3094 
f 3094/1/3094 3085/1/3085 3084/1/3084 
f 3084/1/3084 3090/1/3090 3094/1/3094 
f 3094/1/3094 3090/1/3090 1449/1/1449 
f 1454/1/1454 1453/1/1453 2941/1/2941 
f 3095/1/3095 2779/1/2779 2778/1/2778 
f 2778/1/2778 3089/1/3089 3095/1/3095 
f 3089/1/3089 3088/1/3088 3092/1/3092 
f 3092/1/3092 3095/1/3095 3089/1/3089 
f 3095/1/3095 3092/1/3092 3084/1/3084 
f 3084/1/3084 3083/1/3083 3095/1/3095 
f 3083/1/3083 2780/1/2780 2779/1/2779 
f 2779/1/2779 3095/1/3095 3083/1/3083 
f 3096/1/3096 3093/1/3093 3088/1/3088 
f 3088/1/3088 3087/1/3087 3096/1/3096 
f 3087/1/3087 2926/1/2926 2925/1/2925 
f 2925/1/2925 3096/1/3096 3087/1/3087 
f 3096/1/3096 2925/1/2925 1370/1/1370 
f 3093/1/3093 3096/1/3096 1369/1/1369 
f 1369/1/1369 1375/1/1375 3093/1/3093 
f 3097/1/3097 3008/1/3008 2532/1/2532 
f 2532/1/2532 2531/1/2531 3097/1/3097 
f 2531/1/2531 2530/1/2530 3098/1/3098 
f 3098/1/3098 3097/1/3097 2531/1/2531 
f 3097/1/3097 3098/1/3098 3099/1/3099 
f 3099/1/3099 3100/1/3100 3097/1/3097 
f 3100/1/3100 3009/1/3009 3008/1/3008 
f 3008/1/3008 3097/1/3097 3100/1/3100 
f 3101/1/3101 3017/1/3017 3009/1/3009 
f 3009/1/3009 3100/1/3100 3101/1/3101 
f 3100/1/3100 3099/1/3099 3102/1/3102 
f 3102/1/3102 3101/1/3101 3100/1/3100 
f 3102/1/3102 1656/1/1656 1655/1/1655 
f 1655/1/1655 3101/1/3101 3102/1/3102 
f 1655/1/1655 1654/1/1654 3017/1/3017 
f 3017/1/3017 3101/1/3101 1655/1/1655 
f 3103/1/3103 2999/1/2999 1656/1/1656 
f 1656/1/1656 3102/1/3102 3103/1/3103 
f 3102/1/3102 3099/1/3099 3104/1/3104 
f 3104/1/3104 3103/1/3103 3102/1/3102 
f 3103/1/3103 3104/1/3104 3105/1/3105 
f 3105/1/3105 3106/1/3106 3103/1/3103 
f 3106/1/3106 3000/1/3000 2999/1/2999 
f 2999/1/2999 3103/1/3103 3106/1/3106 
f 3107/1/3107 2534/1/2534 2536/1/2536 
f 2536/1/2536 3108/1/3108 3107/1/3107 
f 3108/1/3108 3105/1/3105 3104/1/3104 
f 3104/1/3104 3107/1/3107 3108/1/3108 
f 3107/1/3107 3104/1/3104 3099/1/3099 
f 3099/1/3099 3098/1/3098 3107/1/3107 
f 3098/1/3098 2530/1/2530 2534/1/2534 
f 2534/1/2534 3107/1/3107 3098/1/3098 
f 3109/1/3109 2540/1/2540 2539/1/2539 
f 2539/1/2539 3006/1/3006 3109/1/3109 
f 3006/1/3006 2995/1/2995 3110/1/3110 
f 3110/1/3110 3109/1/3109 3006/1/3006 
f 3109/1/3109 3110/1/3110 3105/1/3105 
f 3105/1/3105 3108/1/3108 3109/1/3109 
f 3108/1/3108 2536/1/2536 2540/1/2540 
f 2540/1/2540 3109/1/3109 3108/1/3108 
f 3111/1/3111 3003/1/3003 3000/1/3000 
f 3000/1/3000 3106/1/3106 3111/1/3111 
f 3106/1/3106 3105/1/3105 3110/1/3110 
f 3110/1/3110 3111/1/3111 3106/1/3106 
f 3111/1/3111 3110/1/3110 2995/1/2995 
f 2995/1/2995 2994/1/2994 3111/1/3111 
f 2994/1/2994 2986/1/2986 3003/1/3003 
f 3003/1/3003 3111/1/3111 2994/1/2994 
f 3112/1/3112 2374/1/2374 2367/1/2367 
f 3113/1/3113 3114/1/3114 3115/1/3115 
f 3112/1/3112 3115/1/3115 2381/1/2381 
f 2381/1/2381 2393/1/2393 3112/1/3112 
f 2393/1/2393 2375/1/2375 2374/1/2374 
f 2374/1/2374 3112/1/3112 2393/1/2393 
f 3116/1/3116 3117/1/3117 3118/1/3118 
f 3118/1/3118 3119/1/3119 3116/1/3116 
f 3119/1/3119 2183/1/2183 2382/1/2382 
f 2382/1/2382 3116/1/3116 3119/1/3119 
f 2382/1/2382 2381/1/2381 3115/1/3115 
f 3115/1/3115 3116/1/3116 2382/1/2382 
f 3116/1/3116 3115/1/3115 3114/1/3114 
f 3114/1/3114 3117/1/3117 3116/1/3116 
f 3120/1/3120 3121/1/3121 3122/1/3122 
f 3122/1/3122 3123/1/3123 3120/1/3120 
f 3123/1/3123 2185/1/2185 2184/1/2184 
f 2184/1/2184 3120/1/3120 3123/1/3123 
f 3120/1/3120 2184/1/2184 2183/1/2183 
f 2183/1/2183 3119/1/3119 3120/1/3120 
f 3119/1/3119 3118/1/3118 3121/1/3121 
f 3121/1/3121 3120/1/3120 3119/1/3119 
f 3124/1/3124 3125/1/3125 3123/1/3123 
f 3123/1/3123 3122/1/3122 3124/1/3124 
f 3124/1/3124 3126/1/3126 3127/1/3127 
f 3127/1/3127 3125/1/3125 3124/1/3124 
f 3125/1/3125 3127/1/3127 2189/1/2189 
f 2189/1/2189 2187/1/2187 3125/1/3125 
f 3123/1/3123 3125/1/3125 2187/1/2187 
f 2187/1/2187 2185/1/2185 3123/1/3123 
f 3128/1/3128 3127/1/3127 3126/1/3126 
f 3126/1/3126 3129/1/3129 3128/1/3128 
f 3129/1/3129 3130/1/3130 3131/1/3131 
f 3131/1/3131 3128/1/3128 3129/1/3129 
f 3128/1/3128 3131/1/3131 2193/1/2193 
f 2193/1/2193 2192/1/2192 3128/1/3128 
f 2192/1/2192 2189/1/2189 3127/1/3127 
f 3127/1/3127 3128/1/3128 2192/1/2192 
f 3132/1/3132 3133/1/3133 3134/1/3134 
f 3134/1/3134 3135/1/3135 3132/1/3132 
f 3135/1/3135 2197/1/2197 2196/1/2196 
f 2196/1/2196 3132/1/3132 3135/1/3135 
f 3132/1/3132 2196/1/2196 2193/1/2193 
f 2193/1/2193 3131/1/3131 3132/1/3132 
f 3131/1/3131 3130/1/3130 3133/1/3133 
f 3133/1/3133 3132/1/3132 3131/1/3131 
f 3135/1/3135 3134/1/3134 3136/1/3136 
f 3136/1/3136 3137/1/3137 3135/1/3135 
f 3136/1/3136 3138/1/3138 3139/1/3139 
f 3139/1/3139 3137/1/3137 3136/1/3136 
f 2200/1/2200 3137/1/3137 3139/1/3139 
f 3139/1/3139 2201/1/2201 2200/1/2200 
f 3137/1/3137 2200/1/2200 2197/1/2197 
f 2197/1/2197 3135/1/3135 3137/1/3137 
f 3140/1/3140 2348/1/2348 2345/1/2345 
f 2345/1/2345 3141/1/3141 3140/1/3140 
f 3141/1/3141 3142/1/3142 3143/1/3143 
f 3143/1/3143 3140/1/3140 3141/1/3141 
f 3140/1/3140 3143/1/3143 2359/1/2359 
f 2359/1/2359 2358/1/2358 3140/1/3140 
f 2358/1/2358 2349/1/2349 2348/1/2348 
f 2348/1/2348 3140/1/3140 2358/1/2358 
f 3144/1/3144 3139/1/3139 3138/1/3138 
f 3138/1/3138 3145/1/3145 3144/1/3144 
f 3141/1/3141 3144/1/3144 3145/1/3145 
f 3145/1/3145 3142/1/3142 3141/1/3141 
f 3141/1/3141 2345/1/2345 2344/1/2344 
f 2344/1/2344 3144/1/3144 3141/1/3141 
f 2344/1/2344 2201/1/2201 3139/1/3139 
f 3139/1/3139 3144/1/3144 2344/1/2344 
f 3146/1/3146 3113/1/3113 2367/1/2367 
f 2367/1/2367 2366/1/2366 3146/1/3146 
f 2366/1/2366 2359/1/2359 3143/1/3143 
f 3146/1/3146 3143/1/3143 3142/1/3142 
f 3147/1/3147 3114/1/3114 3113/1/3113 
f 3148/1/3148 3149/1/3149 3150/1/3150 
f 3150/1/3150 3151/1/3151 3148/1/3148 
f 3151/1/3151 3118/1/3118 3117/1/3117 
f 3117/1/3117 3148/1/3148 3151/1/3151 
f 3117/1/3117 3114/1/3114 3152/1/3152 
f 3148/1/3148 3152/1/3152 3153/1/3153 
f 3153/1/3153 3149/1/3149 3148/1/3148 
f 3154/1/3154 3151/1/3151 3150/1/3150 
f 3150/1/3150 3155/1/3155 3154/1/3154 
f 3155/1/3155 3156/1/3156 3157/1/3157 
f 3157/1/3157 3154/1/3154 3155/1/3155 
f 3154/1/3154 3157/1/3157 3122/1/3122 
f 3122/1/3122 3121/1/3121 3154/1/3154 
f 3154/1/3154 3121/1/3121 3118/1/3118 
f 3118/1/3118 3151/1/3151 3154/1/3154 
f 3158/1/3158 3157/1/3157 3156/1/3156 
f 3156/1/3156 3159/1/3159 3158/1/3158 
f 3159/1/3159 3160/1/3160 3161/1/3161 
f 3161/1/3161 3158/1/3158 3159/1/3159 
f 3158/1/3158 3161/1/3161 3126/1/3126 
f 3126/1/3126 3124/1/3124 3158/1/3158 
f 3124/1/3124 3122/1/3122 3157/1/3157 
f 3157/1/3157 3158/1/3158 3124/1/3124 
f 3162/1/3162 3161/1/3161 3160/1/3160 
f 3160/1/3160 3163/1/3163 3162/1/3162 
f 3164/1/3164 3162/1/3162 3163/1/3163 
f 3163/1/3163 3165/1/3165 3164/1/3164 
f 3164/1/3164 3130/1/3130 3129/1/3129 
f 3129/1/3129 3162/1/3162 3164/1/3164 
f 3129/1/3129 3126/1/3126 3161/1/3161 
f 3161/1/3161 3162/1/3162 3129/1/3129 
f 3166/1/3166 3167/1/3167 3168/1/3168 
f 3168/1/3168 3169/1/3169 3166/1/3166 
f 3169/1/3169 3134/1/3134 3133/1/3133 
f 3133/1/3133 3166/1/3166 3169/1/3169 
f 3166/1/3166 3133/1/3133 3130/1/3130 
f 3130/1/3130 3164/1/3164 3166/1/3166 
f 3164/1/3164 3165/1/3165 3167/1/3167 
f 3167/1/3167 3166/1/3166 3164/1/3164 
f 3170/1/3170 3155/1/3155 3150/1/3150 
f 3150/1/3150 3171/1/3171 3170/1/3170 
f 3171/1/3171 3172/1/3172 3173/1/3173 
f 3173/1/3173 3170/1/3170 3171/1/3171 
f 3170/1/3170 3173/1/3173 3174/1/3174 
f 3174/1/3174 3175/1/3175 3170/1/3170 
f 3155/1/3155 3170/1/3170 3175/1/3175 
f 3175/1/3175 3156/1/3156 3155/1/3155 
f 3176/1/3176 3175/1/3175 3174/1/3174 
f 3174/1/3174 3177/1/3177 3176/1/3176 
f 3176/1/3176 3177/1/3177 3178/1/3178 
f 3178/1/3178 3179/1/3179 3176/1/3176 
f 3176/1/3176 3179/1/3179 3160/1/3160 
f 3160/1/3160 3159/1/3159 3176/1/3176 
f 3159/1/3159 3156/1/3156 3175/1/3175 
f 3175/1/3175 3176/1/3176 3159/1/3159 
f 3180/1/3180 3181/1/3181 3182/1/3182 
f 3182/1/3182 3183/1/3183 3180/1/3180 
f 3183/1/3183 3138/1/3138 3136/1/3136 
f 3136/1/3136 3180/1/3180 3183/1/3183 
f 3180/1/3180 3136/1/3136 3134/1/3134 
f 3134/1/3134 3169/1/3169 3180/1/3180 
f 3169/1/3169 3168/1/3168 3181/1/3181 
f 3181/1/3181 3180/1/3180 3169/1/3169 
f 3184/1/3184 3179/1/3179 3178/1/3178 
f 3178/1/3178 3185/1/3185 3184/1/3184 
f 3184/1/3184 3185/1/3185 3186/1/3186 
f 3186/1/3186 3187/1/3187 3184/1/3184 
f 3184/1/3184 3187/1/3187 3165/1/3165 
f 3165/1/3165 3163/1/3163 3184/1/3184 
f 3163/1/3163 3160/1/3160 3179/1/3179 
f 3179/1/3179 3184/1/3184 3163/1/3163 
f 3188/1/3188 3173/1/3173 3172/1/3172 
f 3172/1/3172 3189/1/3189 3188/1/3188 
f 3189/1/3189 3186/1/3186 3185/1/3185 
f 3185/1/3185 3188/1/3188 3189/1/3189 
f 3188/1/3188 3185/1/3185 3178/1/3178 
f 3178/1/3178 3177/1/3177 3188/1/3188 
f 3177/1/3177 3174/1/3174 3173/1/3173 
f 3173/1/3173 3188/1/3188 3177/1/3177 
f 3190/1/3190 3191/1/3191 3192/1/3192 
f 3192/1/3192 3193/1/3193 3190/1/3190 
f 3193/1/3193 3194/1/3194 3195/1/3195 
f 3195/1/3195 3190/1/3190 3193/1/3193 
f 3190/1/3190 3195/1/3195 3186/1/3186 
f 3186/1/3186 3189/1/3189 3190/1/3190 
f 3189/1/3189 3172/1/3172 3191/1/3191 
f 3191/1/3191 3190/1/3190 3189/1/3189 
f 3196/1/3196 3167/1/3167 3165/1/3165 
f 3165/1/3165 3187/1/3187 3196/1/3196 
f 3187/1/3187 3186/1/3186 3195/1/3195 
f 3195/1/3195 3196/1/3196 3187/1/3187 
f 3196/1/3196 3195/1/3195 3194/1/3194 
f 3194/1/3194 3197/1/3197 3196/1/3196 
f 3197/1/3197 3168/1/3168 3167/1/3167 
f 3167/1/3167 3196/1/3196 3197/1/3197 
f 3198/1/3198 3199/1/3199 3200/1/3200 
f 3200/1/3200 3201/1/3201 3198/1/3198 
f 3201/1/3201 3153/1/3153 3152/1/3152 
f 3198/1/3198 3152/1/3152 3114/1/3114 
f 3147/1/3147 3142/1/3142 3199/1/3199 
f 3199/1/3199 3198/1/3198 3147/1/3147 
f 3149/1/3149 3153/1/3153 3202/1/3202 
f 3202/1/3202 3203/1/3203 3149/1/3149 
f 3202/1/3202 3192/1/3192 3191/1/3191 
f 3191/1/3191 3203/1/3203 3202/1/3202 
f 3203/1/3203 3191/1/3191 3172/1/3172 
f 3172/1/3172 3171/1/3171 3203/1/3203 
f 3171/1/3171 3150/1/3150 3149/1/3149 
f 3149/1/3149 3203/1/3203 3171/1/3171 
f 3204/1/3204 3200/1/3200 3199/1/3199 
f 3199/1/3199 3142/1/3142 3145/1/3145 
f 3145/1/3145 3138/1/3138 3183/1/3183 
f 3183/1/3183 3182/1/3182 3204/1/3204 
f 3205/1/3205 3206/1/3206 3207/1/3207 
f 3207/1/3207 3208/1/3208 3205/1/3205 
f 3208/1/3208 3192/1/3192 3209/1/3209 
f 3209/1/3209 3205/1/3205 3208/1/3208 
f 3205/1/3205 3209/1/3209 3200/1/3200 
f 3200/1/3200 3204/1/3204 3205/1/3205 
f 3204/1/3204 3182/1/3182 3206/1/3206 
f 3206/1/3206 3205/1/3205 3204/1/3204 
f 3209/1/3209 3192/1/3192 3202/1/3202 
f 3210/1/3210 3202/1/3202 3153/1/3153 
f 3153/1/3153 3201/1/3201 3210/1/3210 
f 3201/1/3201 3200/1/3200 3209/1/3209 
f 3209/1/3209 3210/1/3210 3201/1/3201 
f 3211/1/3211 3212/1/3212 3194/1/3194 
f 3194/1/3194 3193/1/3193 3211/1/3211 
f 3193/1/3193 3192/1/3192 3208/1/3208 
f 3208/1/3208 3211/1/3211 3193/1/3193 
f 3208/1/3208 3207/1/3207 3212/1/3212 
f 3212/1/3212 3211/1/3211 3208/1/3208 
f 3213/1/3213 3181/1/3181 3168/1/3168 
f 3168/1/3168 3197/1/3197 3213/1/3213 
f 3197/1/3197 3194/1/3194 3212/1/3212 
f 3212/1/3212 3213/1/3213 3197/1/3197 
f 3213/1/3213 3212/1/3212 3207/1/3207 
f 3207/1/3207 3206/1/3206 3213/1/3213 
f 3206/1/3206 3182/1/3182 3181/1/3181 
f 3181/1/3181 3213/1/3213 3206/1/3206 
f 3214/1/3214 3215/1/3215 3216/1/3216 
f 3216/1/3216 3217/1/3217 3214/1/3214 
f 3216/1/3216 9/1/9 2483/1/2483 
f 2483/1/2483 3217/1/3217 3216/1/3216 
f 3217/1/3217 2483/1/2483 2480/1/2480 
f 3217/1/3217 3218/1/3218 3219/1/3219 
f 3219/1/3219 3214/1/3214 3217/1/3217 
f 3220/1/3220 3221/1/3221 3222/1/3222 
f 3223/1/3223 3/1/3 2/1/2 
f 3220/1/3220 2/1/2 9/1/9 
f 9/1/9 3216/1/3216 3220/1/3220 
f 3220/1/3220 3216/1/3216 3215/1/3215 
f 3215/1/3215 3221/1/3221 3220/1/3220 
f 3224/1/3224 3225/1/3225 3226/1/3226 
f 3226/1/3226 3227/1/3227 3224/1/3224 
f 3227/1/3227 3228/1/3228 3229/1/3229 
f 3229/1/3229 3224/1/3224 3227/1/3227 
f 3224/1/3224 3229/1/3229 3222/1/3222 
f 3222/1/3222 3221/1/3221 3224/1/3224 
f 3221/1/3221 3215/1/3215 3225/1/3225 
f 3225/1/3225 3224/1/3224 3221/1/3221 
f 3227/1/3227 3226/1/3226 3230/1/3230 
f 3230/1/3230 3231/1/3231 3227/1/3227 
f 3231/1/3231 3232/1/3232 3228/1/3228 
f 3228/1/3228 3227/1/3227 3231/1/3231 
f 3233/1/3233 3234/1/3234 3235/1/3235 
f 3235/1/3235 3236/1/3236 3233/1/3233 
f 3236/1/3236 3235/1/3235 23/1/23 
f 3236/1/3236 22/1/22 3/1/3 
f 3/1/3 3223/1/3223 3236/1/3236 
f 3223/1/3223 3222/1/3222 3233/1/3233 
f 3233/1/3233 3236/1/3236 3223/1/3223 
f 3237/1/3237 3238/1/3238 3234/1/3234 
f 3234/1/3234 3233/1/3233 3237/1/3237 
f 3237/1/3237 3233/1/3233 3222/1/3222 
f 3229/1/3229 3228/1/3228 3239/1/3239 
f 3239/1/3239 3240/1/3240 3238/1/3238 
f 3238/1/3238 3237/1/3237 3239/1/3239 
f 3241/1/3241 3239/1/3239 3228/1/3228 
f 54/1/54 42/1/42 3242/1/3242 
f 3242/1/3242 3241/1/3241 54/1/54 
f 3241/1/3241 3242/1/3242 3240/1/3240 
f 3240/1/3240 3239/1/3239 3241/1/3241 
f 3243/1/3243 3244/1/3244 32/1/32 
f 32/1/32 36/1/36 3243/1/3243 
f 36/1/36 23/1/23 3235/1/3235 
f 3235/1/3235 3243/1/3243 36/1/36 
f 3243/1/3243 3235/1/3235 3234/1/3234 
f 3234/1/3234 3245/1/3245 3243/1/3243 
f 3245/1/3245 3246/1/3246 3244/1/3244 
f 3244/1/3244 3243/1/3243 3245/1/3245 
f 3247/1/3247 3248/1/3248 3246/1/3246 
f 3246/1/3246 3245/1/3245 3247/1/3247 
f 3245/1/3245 3234/1/3234 3238/1/3238 
f 3238/1/3238 3247/1/3247 3245/1/3245 
f 3247/1/3247 3238/1/3238 3240/1/3240 
f 3240/1/3240 3249/1/3249 3247/1/3247 
f 3249/1/3249 3250/1/3250 3248/1/3248 
f 3248/1/3248 3247/1/3247 3249/1/3249 
f 3249/1/3249 3240/1/3240 3242/1/3242 
f 3242/1/3242 3251/1/3251 3249/1/3249 
f 3251/1/3251 3242/1/3242 42/1/42 
f 42/1/42 41/1/41 3251/1/3251 
f 41/1/41 40/1/40 3252/1/3252 
f 3252/1/3252 3251/1/3251 41/1/41 
f 3251/1/3251 3252/1/3252 3250/1/3250 
f 3250/1/3250 3249/1/3249 3251/1/3251 
f 3253/1/3253 3254/1/3254 34/1/34 
f 34/1/34 33/1/33 3253/1/3253 
f 33/1/33 32/1/32 3244/1/3244 
f 3244/1/3244 3253/1/3253 33/1/33 
f 3253/1/3253 3244/1/3244 3246/1/3246 
f 3246/1/3246 3255/1/3255 3253/1/3253 
f 3255/1/3255 3256/1/3256 3254/1/3254 
f 3254/1/3254 3253/1/3253 3255/1/3255 
f 3257/1/3257 3258/1/3258 3256/1/3256 
f 3256/1/3256 3255/1/3255 3257/1/3257 
f 3255/1/3255 3246/1/3246 3248/1/3248 
f 3248/1/3248 3257/1/3257 3255/1/3255 
f 3257/1/3257 3248/1/3248 3250/1/3250 
f 3250/1/3250 3259/1/3259 3257/1/3257 
f 3259/1/3259 3260/1/3260 3258/1/3258 
f 3258/1/3258 3257/1/3257 3259/1/3259 
f 3259/1/3259 3250/1/3250 3252/1/3252 
f 3252/1/3252 3261/1/3261 3259/1/3259 
f 3261/1/3261 3252/1/3252 40/1/40 
f 40/1/40 52/1/52 3261/1/3261 
f 52/1/52 51/1/51 3262/1/3262 
f 3262/1/3262 3261/1/3261 52/1/52 
f 3261/1/3261 3262/1/3262 3260/1/3260 
f 3260/1/3260 3259/1/3259 3261/1/3261 
f 3263/1/3263 3264/1/3264 3265/1/3265 
f 3265/1/3265 3266/1/3266 3263/1/3263 
f 3266/1/3266 3265/1/3265 48/1/48 
f 48/1/48 46/1/46 3266/1/3266 
f 46/1/46 45/1/45 3267/1/3267 
f 3267/1/3267 3266/1/3266 46/1/46 
f 3266/1/3266 3267/1/3267 3268/1/3268 
f 3268/1/3268 3263/1/3263 3266/1/3266 
f 3269/1/3269 3270/1/3270 3271/1/3271 
f 3271/1/3271 3272/1/3272 3269/1/3269 
f 3269/1/3269 3272/1/3272 3273/1/3273 
f 3273/1/3273 3274/1/3274 3269/1/3269 
f 3274/1/3274 1783/1/1783 1779/1/1779 
f 1779/1/1779 3269/1/3269 3274/1/3274 
f 3269/1/3269 1779/1/1779 1782/1/1782 
f 1782/1/1782 3270/1/3270 3269/1/3269 
f 3275/1/3275 3276/1/3276 3264/1/3264 
f 3264/1/3264 3263/1/3263 3275/1/3275 
f 3263/1/3263 3268/1/3268 3277/1/3277 
f 3277/1/3277 3275/1/3275 3263/1/3263 
f 3275/1/3275 3277/1/3277 3273/1/3273 
f 3273/1/3273 3272/1/3272 3275/1/3275 
f 3272/1/3272 3271/1/3271 3276/1/3276 
f 3276/1/3276 3275/1/3275 3272/1/3272 
f 3278/1/3278 3271/1/3271 3270/1/3270 
f 3270/1/3270 3279/1/3279 3278/1/3278 
f 3270/1/3270 1782/1/1782 2597/1/2597 
f 2597/1/2597 3279/1/3279 3270/1/3270 
f 3280/1/3280 3279/1/3279 2597/1/2597 
f 2597/1/2597 2586/1/2586 3280/1/3280 
f 3279/1/3279 3280/1/3280 3281/1/3281 
f 3281/1/3281 3278/1/3278 3279/1/3279 
f 3282/1/3282 3283/1/3283 3284/1/3284 
f 3284/1/3284 3285/1/3285 3282/1/3282 
f 3285/1/3285 2249/1/2249 2251/1/2251 
f 2251/1/2251 3282/1/3282 3285/1/3285 
f 3282/1/3282 2251/1/2251 1783/1/1783 
f 1783/1/1783 3274/1/3274 3282/1/3282 
f 3274/1/3274 3273/1/3273 3283/1/3283 
f 3283/1/3283 3282/1/3282 3274/1/3274 
f 3286/1/3286 3287/1/3287 3288/1/3288 
f 3288/1/3288 3289/1/3289 3286/1/3286 
f 3286/1/3286 3289/1/3289 1793/1/1793 
f 1793/1/1793 2250/1/2250 3286/1/3286 
f 3286/1/3286 2250/1/2250 2249/1/2249 
f 2249/1/2249 3285/1/3285 3286/1/3286 
f 3285/1/3285 3284/1/3284 3287/1/3287 
f 3287/1/3287 3286/1/3286 3285/1/3285 
f 3290/1/3290 3284/1/3284 3283/1/3283 
f 3283/1/3283 3291/1/3291 3290/1/3290 
f 3291/1/3291 3283/1/3283 3273/1/3273 
f 3273/1/3273 3277/1/3277 3291/1/3291 
f 3291/1/3291 3277/1/3277 3268/1/3268 
f 3268/1/3268 3292/1/3292 3291/1/3291 
f 3291/1/3291 3292/1/3292 3293/1/3293 
f 3293/1/3293 3290/1/3290 3291/1/3291 
f 3292/1/3292 3268/1/3268 3267/1/3267 
f 3267/1/3267 3294/1/3294 3292/1/3292 
f 3294/1/3294 3267/1/3267 45/1/45 
f 45/1/45 2436/1/2436 3294/1/3294 
f 3294/1/3294 2436/1/2436 2435/1/2435 
f 2435/1/2435 3295/1/3295 3294/1/3294 
f 3295/1/3295 3293/1/3293 3292/1/3292 
f 3292/1/3292 3294/1/3294 3295/1/3295 
f 3296/1/3296 3297/1/3297 3298/1/3298 
f 3298/1/3298 3299/1/3299 3296/1/3296 
f 3299/1/3299 3298/1/3298 1786/1/1786 
f 1786/1/1786 1785/1/1785 3299/1/3299 
f 1785/1/1785 1793/1/1793 3289/1/3289 
f 3289/1/3289 3299/1/3299 1785/1/1785 
f 3299/1/3299 3289/1/3289 3288/1/3288 
f 3288/1/3288 3296/1/3296 3299/1/3299 
f 3300/1/3300 3288/1/3288 3287/1/3287 
f 3287/1/3287 3301/1/3301 3300/1/3300 
f 3301/1/3301 3287/1/3287 3284/1/3284 
f 3284/1/3284 3290/1/3290 3301/1/3301 
f 3290/1/3290 3293/1/3293 3302/1/3302 
f 3302/1/3302 3301/1/3301 3290/1/3290 
f 3301/1/3301 3302/1/3302 3303/1/3303 
f 3303/1/3303 3300/1/3300 3301/1/3301 
f 3304/1/3304 3302/1/3302 3293/1/3293 
f 3293/1/3293 3295/1/3295 3304/1/3304 
f 3295/1/3295 2435/1/2435 2440/1/2440 
f 2440/1/2440 3304/1/3304 3295/1/3295 
f 3304/1/3304 2440/1/2440 2439/1/2439 
f 2439/1/2439 3305/1/3305 3304/1/3304 
f 3305/1/3305 3303/1/3303 3302/1/3302 
f 3302/1/3302 3304/1/3304 3305/1/3305 
f 3306/1/3306 3307/1/3307 3297/1/3297 
f 3297/1/3297 3296/1/3296 3306/1/3306 
f 3296/1/3296 3288/1/3288 3300/1/3300 
f 3300/1/3300 3306/1/3306 3296/1/3296 
f 3300/1/3300 3303/1/3303 3308/1/3308 
f 3308/1/3308 3306/1/3306 3300/1/3300 
f 3308/1/3308 3309/1/3309 3307/1/3307 
f 3307/1/3307 3306/1/3306 3308/1/3308 
f 3310/1/3310 3308/1/3308 3303/1/3303 
f 3303/1/3303 3305/1/3305 3310/1/3310 
f 3305/1/3305 2439/1/2439 2459/1/2459 
f 2459/1/2459 3310/1/3310 3305/1/3305 
f 2459/1/2459 2458/1/2458 3311/1/3311 
f 3311/1/3311 3310/1/3310 2459/1/2459 
f 3310/1/3310 3311/1/3311 3309/1/3309 
f 3309/1/3309 3308/1/3308 3310/1/3310 
f 3312/1/3312 3313/1/3313 1803/1/1803 
f 1802/1/1802 1786/1/1786 3298/1/3298 
f 3298/1/3298 3312/1/3312 1802/1/1802 
f 3312/1/3312 3298/1/3298 3297/1/3297 
f 3297/1/3297 3314/1/3314 3312/1/3312 
f 3314/1/3314 3315/1/3315 3313/1/3313 
f 3313/1/3313 3312/1/3312 3314/1/3314 
f 3316/1/3316 3317/1/3317 3315/1/3315 
f 3315/1/3315 3314/1/3314 3316/1/3316 
f 3314/1/3314 3297/1/3297 3307/1/3307 
f 3307/1/3307 3316/1/3316 3314/1/3314 
f 3316/1/3316 3307/1/3307 3309/1/3309 
f 3309/1/3309 3318/1/3318 3316/1/3316 
f 3318/1/3318 3319/1/3319 3317/1/3317 
f 3318/1/3318 3309/1/3309 3311/1/3311 
f 3311/1/3311 3320/1/3320 3318/1/3318 
f 3320/1/3320 3311/1/3311 2458/1/2458 
f 2458/1/2458 2464/1/2464 3320/1/3320 
f 2464/1/2464 2463/1/2463 3321/1/3321 
f 3321/1/3321 3320/1/3320 2464/1/2464 
f 3320/1/3320 3321/1/3321 3319/1/3319 
f 3322/1/3322 3323/1/3323 3324/1/3324 
f 3324/1/3324 3325/1/3325 3322/1/3322 
f 3325/1/3325 3324/1/3324 1776/1/1776 
f 1776/1/1776 2059/1/2059 3325/1/3325 
f 2059/1/2059 2058/1/2058 3326/1/3326 
f 3326/1/3326 3325/1/3325 2059/1/2059 
f 3325/1/3325 3326/1/3326 3327/1/3327 
f 3327/1/3327 3322/1/3322 3325/1/3325 
f 3328/1/3328 3326/1/3326 2058/1/2058 
f 2058/1/2058 2245/1/2245 3328/1/3328 
f 2245/1/2245 1803/1/1803 3313/1/3313 
f 3313/1/3313 3328/1/3328 2245/1/2245 
f 3328/1/3328 3313/1/3313 3315/1/3315 
f 3315/1/3315 3329/1/3329 3328/1/3328 
f 3329/1/3329 3327/1/3327 3326/1/3326 
f 3326/1/3326 3328/1/3328 3329/1/3329 
f 3330/1/3330 3331/1/3331 3327/1/3327 
f 3327/1/3327 3329/1/3329 3330/1/3330 
f 3329/1/3329 3315/1/3315 3317/1/3317 
f 3317/1/3317 3330/1/3330 3329/1/3329 
f 3330/1/3330 3317/1/3317 3319/1/3319 
f 3319/1/3319 3332/1/3332 3330/1/3330 
f 3332/1/3332 3333/1/3333 3331/1/3331 
f 3331/1/3331 3330/1/3330 3332/1/3332 
f 3332/1/3332 3319/1/3319 3321/1/3321 
f 3321/1/3321 3334/1/3334 3332/1/3332 
f 3334/1/3334 3321/1/3321 2463/1/2463 
f 2463/1/2463 2466/1/2466 3334/1/3334 
f 2466/1/2466 2446/1/2446 3335/1/3335 
f 3335/1/3335 3334/1/3334 2466/1/2466 
f 3334/1/3334 3335/1/3335 3333/1/3333 
f 3333/1/3333 3332/1/3332 3334/1/3334 
f 3336/1/3336 3337/1/3337 3338/1/3338 
f 3338/1/3338 3339/1/3339 3336/1/3336 
f 1777/1/1777 3336/1/3336 3339/1/3339 
f 3339/1/3339 1778/1/1778 1777/1/1777 
f 1777/1/1777 1776/1/1776 3324/1/3324 
f 3324/1/3324 3336/1/3336 1777/1/1777 
f 3336/1/3336 3324/1/3324 3323/1/3323 
f 3323/1/3323 3337/1/3337 3336/1/3336 
f 3340/1/3340 3341/1/3341 3323/1/3323 
f 3323/1/3323 3322/1/3322 3340/1/3340 
f 3322/1/3322 3327/1/3327 3331/1/3331 
f 3331/1/3331 3340/1/3340 3322/1/3322 
f 3340/1/3340 3331/1/3331 3333/1/3333 
f 3333/1/3333 3342/1/3342 3340/1/3340 
f 3342/1/3342 3343/1/3343 3341/1/3341 
f 3341/1/3341 3340/1/3340 3342/1/3342 
f 3342/1/3342 3333/1/3333 3335/1/3335 
f 3335/1/3335 3344/1/3344 3342/1/3342 
f 3344/1/3344 3335/1/3335 2446/1/2446 
f 2446/1/2446 2445/1/2445 3344/1/3344 
f 2445/1/2445 2444/1/2444 3345/1/3345 
f 3345/1/3345 3344/1/3344 2445/1/2445 
f 3344/1/3344 3345/1/3345 3343/1/3343 
f 3343/1/3343 3342/1/3342 3344/1/3344 
f 3346/1/3346 3338/1/3338 3337/1/3337 
f 3337/1/3337 3347/1/3347 3346/1/3346 
f 3337/1/3337 3323/1/3323 3341/1/3341 
f 3341/1/3341 3347/1/3347 3337/1/3337 
f 3347/1/3347 3341/1/3341 3343/1/3343 
f 3343/1/3343 3348/1/3348 3347/1/3347 
f 3347/1/3347 3348/1/3348 3349/1/3349 
f 3349/1/3349 3346/1/3346 3347/1/3347 
f 3348/1/3348 3343/1/3343 3345/1/3345 
f 3345/1/3345 3350/1/3350 3348/1/3348 
f 3350/1/3350 3345/1/3345 2444/1/2444 
f 2444/1/2444 2450/1/2450 3350/1/3350 
f 3350/1/3350 2450/1/2450 2449/1/2449 
f 2449/1/2449 3351/1/3351 3350/1/3350 
f 3351/1/3351 3349/1/3349 3348/1/3348 
f 3348/1/3348 3350/1/3350 3351/1/3351 
f 3352/1/3352 2606/1/2606 2605/1/2605 
f 2605/1/2605 3353/1/3353 3352/1/3352 
f 3353/1/3353 2605/1/2605 1778/1/1778 
f 1778/1/1778 3339/1/3339 3353/1/3353 
f 3339/1/3339 3338/1/3338 3354/1/3354 
f 3354/1/3354 3353/1/3353 3339/1/3339 
f 3353/1/3353 3354/1/3354 3355/1/3355 
f 3355/1/3355 3352/1/3352 3353/1/3353 
f 3356/1/3356 3355/1/3355 3354/1/3354 
f 3354/1/3354 3357/1/3357 3356/1/3356 
f 3357/1/3357 3354/1/3354 3338/1/3338 
f 3338/1/3338 3346/1/3346 3357/1/3357 
f 3346/1/3346 3349/1/3349 3358/1/3358 
f 3358/1/3358 3357/1/3357 3346/1/3346 
f 3357/1/3357 3358/1/3358 3359/1/3359 
f 3359/1/3359 3356/1/3356 3357/1/3357 
f 3360/1/3360 3361/1/3361 3362/1/3362 
f 3362/1/3362 3363/1/3363 3360/1/3360 
f 3363/1/3363 2612/1/2612 2611/1/2611 
f 2611/1/2611 3360/1/3360 3363/1/3363 
f 3360/1/3360 2611/1/2611 2606/1/2606 
f 2606/1/2606 3352/1/3352 3360/1/3360 
f 3352/1/3352 3355/1/3355 3361/1/3361 
f 3361/1/3361 3360/1/3360 3352/1/3352 
f 3364/1/3364 3358/1/3358 3349/1/3349 
f 3349/1/3349 3351/1/3351 3364/1/3364 
f 3351/1/3351 2449/1/2449 2454/1/2454 
f 2454/1/2454 3364/1/3364 3351/1/3351 
f 3364/1/3364 2454/1/2454 2453/1/2453 
f 2453/1/2453 3365/1/3365 3364/1/3364 
f 3365/1/3365 3359/1/3359 3358/1/3358 
f 3358/1/3358 3364/1/3364 3365/1/3365 
f 3366/1/3366 3367/1/3367 60/1/60 
f 60/1/60 59/1/59 3366/1/3366 
f 59/1/59 58/1/58 3368/1/3368 
f 3368/1/3368 3366/1/3366 59/1/59 
f 3369/1/3369 3366/1/3366 3368/1/3368 
f 3368/1/3368 3370/1/3370 3369/1/3369 
f 3369/1/3369 3371/1/3371 3367/1/3367 
f 3367/1/3367 3366/1/3366 3369/1/3369 
f 3372/1/3372 2469/1/2469 3373/1/3373 
f 3373/1/3373 3374/1/3374 3372/1/3372 
f 3374/1/3374 3373/1/3373 3375/1/3375 
f 3375/1/3375 3376/1/3376 3374/1/3374 
f 3377/1/3377 3375/1/3375 3373/1/3373 
f 3373/1/3373 3378/1/3378 3377/1/3377 
f 3378/1/3378 3373/1/3373 2469/1/2469 
f 2469/1/2469 3379/1/3379 3378/1/3378 
f 3379/1/3379 3380/1/3380 3381/1/3381 
f 3381/1/3381 3378/1/3378 3379/1/3379 
f 3378/1/3378 3381/1/3381 3382/1/3382 
f 3382/1/3382 3377/1/3377 3378/1/3378 
f 3383/1/3383 3384/1/3384 3385/1/3385 
f 3376/1/3376 3375/1/3375 3384/1/3384 
f 3386/1/3386 3381/1/3381 3380/1/3380 
f 3380/1/3380 3387/1/3387 3386/1/3386 
f 3387/1/3387 3371/1/3371 3369/1/3369 
f 3369/1/3369 3386/1/3386 3387/1/3387 
f 3386/1/3386 3369/1/3369 3370/1/3370 
f 3370/1/3370 3388/1/3388 3386/1/3386 
f 3388/1/3388 3382/1/3382 3381/1/3381 
f 3381/1/3381 3386/1/3386 3388/1/3388 
f 3389/1/3389 3390/1/3390 82/1/82 
f 82/1/82 81/1/81 3389/1/3389 
f 81/1/81 60/1/60 3367/1/3367 
f 3367/1/3367 3389/1/3389 81/1/81 
f 3389/1/3389 3367/1/3367 3371/1/3371 
f 3371/1/3371 3391/1/3391 3389/1/3389 
f 3391/1/3391 3392/1/3392 3390/1/3390 
f 3390/1/3390 3389/1/3389 3391/1/3391 
f 3393/1/3393 3392/1/3392 3391/1/3391 
f 3394/1/3394 3391/1/3391 3371/1/3371 
f 3371/1/3371 3387/1/3387 3394/1/3394 
f 3387/1/3387 3380/1/3380 3395/1/3395 
f 3395/1/3395 3394/1/3394 3387/1/3387 
f 3394/1/3394 3395/1/3395 3396/1/3396 
f 3396/1/3396 3393/1/3393 3394/1/3394 
f 3397/1/3397 3395/1/3395 3380/1/3380 
f 3380/1/3380 3379/1/3379 3397/1/3397 
f 3379/1/3379 2469/1/2469 2473/1/2473 
f 2473/1/2473 3397/1/3397 3379/1/3379 
f 3397/1/3397 2473/1/2473 2472/1/2472 
f 2472/1/2472 3398/1/3398 3397/1/3397 
f 3398/1/3398 3396/1/3396 3395/1/3395 
f 3395/1/3395 3397/1/3397 3398/1/3398 
f 3399/1/3399 3400/1/3400 696/1/696 
f 696/1/696 695/1/695 3399/1/3399 
f 695/1/695 82/1/82 3390/1/3390 
f 3390/1/3390 3399/1/3399 695/1/695 
f 3399/1/3399 3390/1/3390 3392/1/3392 
f 3392/1/3392 3401/1/3401 3399/1/3399 
f 3399/1/3399 3401/1/3401 3402/1/3402 
f 3402/1/3402 3400/1/3400 3399/1/3399 
f 3403/1/3403 3402/1/3402 3401/1/3401 
f 3401/1/3401 3404/1/3404 3403/1/3403 
f 3404/1/3404 3401/1/3401 3392/1/3392 
f 3393/1/3393 3396/1/3396 3405/1/3405 
f 3405/1/3405 3404/1/3404 3393/1/3393 
f 3404/1/3404 3405/1/3405 3406/1/3406 
f 3406/1/3406 3403/1/3403 3404/1/3404 
f 3407/1/3407 3408/1/3408 3409/1/3409 
f 3409/1/3409 3410/1/3410 3407/1/3407 
f 701/1/701 3407/1/3407 3410/1/3410 
f 3410/1/3410 702/1/702 701/1/701 
f 701/1/701 696/1/696 3400/1/3400 
f 3400/1/3400 3402/1/3402 3408/1/3408 
f 3408/1/3408 3407/1/3407 3400/1/3400 
f 3411/1/3411 3405/1/3405 3396/1/3396 
f 3396/1/3396 3398/1/3398 3411/1/3411 
f 3398/1/3398 2472/1/2472 2475/1/2475 
f 2475/1/2475 3411/1/3411 3398/1/3398 
f 3411/1/3411 2475/1/2475 2477/1/2477 
f 2477/1/2477 3412/1/3412 3411/1/3411 
f 3412/1/3412 3406/1/3406 3405/1/3405 
f 3405/1/3405 3411/1/3411 3412/1/3412 
f 3413/1/3413 3414/1/3414 3415/1/3415 
f 3413/1/3413 3230/1/3230 3226/1/3226 
f 3226/1/3226 3416/1/3416 3413/1/3413 
f 3416/1/3416 3417/1/3417 3414/1/3414 
f 3414/1/3414 3413/1/3413 3416/1/3416 
f 3416/1/3416 3226/1/3226 3225/1/3225 
f 3225/1/3225 3418/1/3418 3416/1/3416 
f 3418/1/3418 3225/1/3225 3215/1/3215 
f 3215/1/3215 3214/1/3214 3418/1/3418 
f 3214/1/3214 3219/1/3219 3419/1/3419 
f 3419/1/3419 3418/1/3418 3214/1/3214 
f 3418/1/3418 3419/1/3419 3417/1/3417 
f 3417/1/3417 3416/1/3416 3418/1/3418 
f 3420/1/3420 3421/1/3421 3422/1/3422 
f 3422/1/3422 3423/1/3423 3420/1/3420 
f 3420/1/3420 3423/1/3423 3406/1/3406 
f 3406/1/3406 3412/1/3412 3420/1/3420 
f 3412/1/3412 2477/1/2477 3424/1/3424 
f 3424/1/3424 3420/1/3420 3412/1/3412 
f 3420/1/3420 3424/1/3424 3425/1/3425 
f 3426/1/3426 3427/1/3427 3428/1/3428 
f 3428/1/3428 3429/1/3429 3426/1/3426 
f 2479/1/2479 3426/1/3426 3429/1/3429 
f 3429/1/3429 2480/1/2480 2479/1/2479 
f 3426/1/3426 2479/1/2479 702/1/702 
f 702/1/702 3410/1/3410 3426/1/3426 
f 3410/1/3410 3409/1/3409 3427/1/3427 
f 3427/1/3427 3426/1/3426 3410/1/3410 
f 3430/1/3430 3423/1/3423 3422/1/3422 
f 3422/1/3422 3431/1/3431 3430/1/3430 
f 3431/1/3431 3409/1/3409 3408/1/3408 
f 3408/1/3408 3430/1/3430 3431/1/3431 
f 3430/1/3430 3408/1/3408 3402/1/3402 
f 3402/1/3402 3403/1/3403 3430/1/3430 
f 3403/1/3403 3406/1/3406 3423/1/3423 
f 3423/1/3423 3430/1/3430 3403/1/3403 
f 3432/1/3432 3433/1/3433 2485/1/2485 
f 2485/1/2485 2484/1/2484 3432/1/3432 
f 3432/1/3432 3434/1/3434 3435/1/3435 
f 3435/1/3435 3433/1/3433 3432/1/3432 
f 3436/1/3436 3428/1/3428 3427/1/3427 
f 3427/1/3427 3437/1/3437 3436/1/3436 
f 3437/1/3437 3427/1/3427 3409/1/3409 
f 3409/1/3409 3431/1/3431 3437/1/3437 
f 3431/1/3431 3422/1/3422 3438/1/3438 
f 3438/1/3438 3437/1/3437 3431/1/3431 
f 3438/1/3438 3439/1/3439 3436/1/3436 
f 3436/1/3436 3437/1/3437 3438/1/3438 
f 3438/1/3438 3422/1/3422 3421/1/3421 
f 3421/1/3421 3440/1/3440 3438/1/3438 
f 3421/1/3421 3425/1/3425 3441/1/3441 
f 3441/1/3441 3442/1/3442 3443/1/3443 
f 3443/1/3443 3440/1/3440 3441/1/3441 
f 3440/1/3440 3443/1/3443 3439/1/3439 
f 3439/1/3439 3438/1/3438 3440/1/3440 
f 3444/1/3444 3435/1/3435 3434/1/3434 
f 3434/1/3434 3445/1/3445 3444/1/3444 
f 3446/1/3446 3415/1/3415 3444/1/3444 
f 3447/1/3447 3448/1/3448 3435/1/3435 
f 3435/1/3435 3444/1/3444 3447/1/3447 
f 3444/1/3444 3415/1/3415 3414/1/3414 
f 3414/1/3414 3447/1/3447 3444/1/3444 
f 3447/1/3447 3414/1/3414 3417/1/3417 
f 3417/1/3417 3449/1/3449 3447/1/3447 
f 3449/1/3449 3450/1/3450 3448/1/3448 
f 3448/1/3448 3447/1/3447 3449/1/3449 
f 3451/1/3451 3452/1/3452 3453/1/3453 
f 3453/1/3453 3454/1/3454 3451/1/3451 
f 3454/1/3454 3428/1/3428 3436/1/3436 
f 3436/1/3436 3451/1/3451 3454/1/3454 
f 3451/1/3451 3436/1/3436 3439/1/3439 
f 3439/1/3439 3455/1/3455 3451/1/3451 
f 3455/1/3455 3456/1/3456 3452/1/3452 
f 3452/1/3452 3451/1/3451 3455/1/3455 
f 3457/1/3457 3455/1/3455 3439/1/3439 
f 3439/1/3439 3443/1/3443 3457/1/3457 
f 3443/1/3443 3442/1/3442 2486/1/2486 
f 2486/1/2486 3457/1/3457 3443/1/3443 
f 3457/1/3457 2486/1/2486 2485/1/2485 
f 2485/1/2485 3458/1/3458 3457/1/3457 
f 3458/1/3458 3456/1/3456 3455/1/3455 
f 3455/1/3455 3457/1/3457 3458/1/3458 
f 3459/1/3459 3460/1/3460 3219/1/3219 
f 3218/1/3218 2480/1/2480 3429/1/3429 
f 3429/1/3429 3459/1/3459 3218/1/3218 
f 3459/1/3459 3429/1/3429 3428/1/3428 
f 3428/1/3428 3454/1/3454 3459/1/3459 
f 3454/1/3454 3453/1/3453 3460/1/3460 
f 3460/1/3460 3459/1/3459 3454/1/3454 
f 3461/1/3461 3462/1/3462 3450/1/3450 
f 3450/1/3450 3449/1/3449 3461/1/3461 
f 3449/1/3449 3417/1/3417 3419/1/3419 
f 3419/1/3419 3461/1/3461 3449/1/3449 
f 3461/1/3461 3419/1/3419 3219/1/3219 
f 3219/1/3219 3460/1/3460 3461/1/3461 
f 3460/1/3460 3453/1/3453 3462/1/3462 
f 3463/1/3463 3452/1/3452 3456/1/3456 
f 3456/1/3456 3464/1/3464 3463/1/3463 
f 3464/1/3464 3450/1/3450 3462/1/3462 
f 3462/1/3462 3463/1/3463 3464/1/3464 
f 3462/1/3462 3453/1/3453 3452/1/3452 
f 3452/1/3452 3463/1/3463 3462/1/3462 
f 3464/1/3464 3456/1/3456 3458/1/3458 
f 3458/1/3458 3465/1/3465 3464/1/3464 
f 3465/1/3465 3458/1/3458 2485/1/2485 
f 2485/1/2485 3433/1/3433 3465/1/3465 
f 3433/1/3433 3435/1/3435 3448/1/3448 
f 3448/1/3448 3465/1/3465 3433/1/3433 
f 3465/1/3465 3448/1/3448 3450/1/3450 
f 3450/1/3450 3464/1/3464 3465/1/3465 
f 3466/1/3466 2582/1/2582 2599/1/2599 
f 2599/1/2599 3467/1/3467 3466/1/3466 
f 2599/1/2599 34/1/34 3254/1/3254 
f 3254/1/3254 3467/1/3467 2599/1/2599 
f 3467/1/3467 3254/1/3254 3256/1/3256 
f 3256/1/3256 3468/1/3468 3467/1/3467 
f 3466/1/3466 3467/1/3467 3468/1/3468 
f 3468/1/3468 3469/1/3469 3466/1/3466 
f 3470/1/3470 3471/1/3471 3469/1/3469 
f 3469/1/3469 3468/1/3468 3470/1/3470 
f 3468/1/3468 3256/1/3256 3258/1/3258 
f 3258/1/3258 3470/1/3470 3468/1/3468 
f 3470/1/3470 3258/1/3258 3260/1/3260 
f 3260/1/3260 3472/1/3472 3470/1/3470 
f 3472/1/3472 3473/1/3473 3471/1/3471 
f 3471/1/3471 3470/1/3470 3472/1/3472 
f 3474/1/3474 3475/1/3475 3466/1/3466 
f 3466/1/3466 3469/1/3469 3474/1/3474 
f 3474/1/3474 3281/1/3281 3280/1/3280 
f 3280/1/3280 3475/1/3475 3474/1/3474 
f 3280/1/3280 2586/1/2586 2583/1/2583 
f 2583/1/2583 3475/1/3475 3280/1/3280 
f 3475/1/3475 2583/1/2583 2582/1/2582 
f 2582/1/2582 3466/1/3466 3475/1/3475 
f 49/1/49 48/1/48 3476/1/3476 
f 3476/1/3476 3477/1/3477 49/1/49 
f 3477/1/3477 3476/1/3476 3478/1/3478 
f 3478/1/3478 3479/1/3479 3477/1/3477 
f 3479/1/3479 3478/1/3478 3480/1/3480 
f 3480/1/3480 3481/1/3481 3479/1/3479 
f 3481/1/3481 3480/1/3480 2601/1/2601 
f 2601/1/2601 2600/1/2600 3481/1/3481 
f 3472/1/3472 3260/1/3260 3262/1/3262 
f 3262/1/3262 3482/1/3482 3472/1/3472 
f 3482/1/3482 3262/1/3262 51/1/51 
f 51/1/51 2602/1/2602 3482/1/3482 
f 2602/1/2602 2601/1/2601 3483/1/3483 
f 3483/1/3483 3482/1/3482 2602/1/2602 
f 3482/1/3482 3483/1/3483 3473/1/3473 
f 3473/1/3473 3472/1/3472 3482/1/3482 
f 3484/1/3484 3485/1/3485 3478/1/3478 
f 3478/1/3478 3476/1/3476 3484/1/3484 
f 3476/1/3476 48/1/48 3265/1/3265 
f 3265/1/3265 3484/1/3484 3476/1/3476 
f 3484/1/3484 3265/1/3265 3264/1/3264 
f 3264/1/3264 3486/1/3486 3484/1/3484 
f 3486/1/3486 3487/1/3487 3485/1/3485 
f 3485/1/3485 3484/1/3484 3486/1/3486 
f 3488/1/3488 3485/1/3485 3487/1/3487 
f 3487/1/3487 3489/1/3489 3488/1/3488 
f 3489/1/3489 3473/1/3473 3483/1/3483 
f 3483/1/3483 3488/1/3488 3489/1/3489 
f 3488/1/3488 3483/1/3483 2601/1/2601 
f 2601/1/2601 3480/1/3480 3488/1/3488 
f 3480/1/3480 3478/1/3478 3485/1/3485 
f 3485/1/3485 3488/1/3488 3480/1/3480 
f 3490/1/3490 3491/1/3491 3370/1/3370 
f 3370/1/3370 3368/1/3368 3490/1/3490 
f 3368/1/3368 58/1/58 2576/1/2576 
f 2576/1/2576 3490/1/3490 3368/1/3368 
f 3490/1/3490 2576/1/2576 2575/1/2575 
f 2575/1/2575 3492/1/3492 3490/1/3490 
f 3492/1/3492 3493/1/3493 3491/1/3491 
f 3491/1/3491 3490/1/3490 3492/1/3492 
f 3486/1/3486 3264/1/3264 3276/1/3276 
f 3276/1/3276 3494/1/3494 3486/1/3486 
f 3494/1/3494 3276/1/3276 3271/1/3271 
f 3271/1/3271 3278/1/3278 3494/1/3494 
f 3278/1/3278 3281/1/3281 3495/1/3495 
f 3495/1/3495 3494/1/3494 3278/1/3278 
f 3494/1/3494 3495/1/3495 3487/1/3487 
f 3487/1/3487 3486/1/3486 3494/1/3494 
f 3489/1/3489 3487/1/3487 3495/1/3495 
f 3495/1/3495 3496/1/3496 3489/1/3489 
f 3496/1/3496 3495/1/3495 3281/1/3281 
f 3281/1/3281 3474/1/3474 3496/1/3496 
f 3474/1/3474 3469/1/3469 3471/1/3471 
f 3471/1/3471 3496/1/3496 3474/1/3474 
f 3496/1/3496 3471/1/3471 3473/1/3473 
f 3473/1/3473 3489/1/3489 3496/1/3496 
f 3492/1/3492 2575/1/2575 2618/1/2618 
f 2618/1/2618 3497/1/3497 3492/1/3492 
f 3497/1/3497 2618/1/2618 2612/1/2612 
f 2612/1/2612 3363/1/3363 3497/1/3497 
f 3363/1/3363 3362/1/3362 3498/1/3498 
f 3498/1/3498 3497/1/3497 3363/1/3363 
f 3497/1/3497 3498/1/3498 3493/1/3493 
f 3493/1/3493 3492/1/3492 3497/1/3497 
f 3499/1/3499 3500/1/3500 3501/1/3501 
f 3501/1/3501 3502/1/3502 3499/1/3499 
f 3502/1/3502 3501/1/3501 3382/1/3382 
f 3382/1/3382 3388/1/3388 3502/1/3502 
f 3388/1/3388 3370/1/3370 3491/1/3491 
f 3491/1/3491 3502/1/3502 3388/1/3388 
f 3502/1/3502 3491/1/3491 3493/1/3493 
f 3493/1/3493 3499/1/3499 3502/1/3502 
f 3503/1/3503 3385/1/3385 3504/1/3504 
f 3504/1/3504 3505/1/3505 3503/1/3503 
f 3505/1/3505 3504/1/3504 3506/1/3506 
f 3507/1/3507 3506/1/3506 3508/1/3508 
f 3509/1/3509 3508/1/3508 2453/1/2453 
f 3510/1/3510 3501/1/3501 3500/1/3500 
f 3500/1/3500 3511/1/3511 3510/1/3510 
f 3511/1/3511 3385/1/3385 3384/1/3384 
f 3384/1/3384 3510/1/3510 3511/1/3511 
f 3510/1/3510 3384/1/3384 3375/1/3375 
f 3375/1/3375 3377/1/3377 3510/1/3510 
f 3377/1/3377 3382/1/3382 3501/1/3501 
f 3501/1/3501 3510/1/3510 3377/1/3377 
f 3512/1/3512 3506/1/3506 3504/1/3504 
f 3513/1/3513 3504/1/3504 3385/1/3385 
f 3385/1/3385 3511/1/3511 3513/1/3513 
f 3511/1/3511 3500/1/3500 3514/1/3514 
f 3514/1/3514 3513/1/3513 3511/1/3511 
f 3513/1/3513 3514/1/3514 3515/1/3515 
f 3515/1/3515 3512/1/3512 3513/1/3513 
f 3512/1/3512 3515/1/3515 3516/1/3516 
f 3516/1/3516 3517/1/3517 3512/1/3512 
f 3517/1/3517 3516/1/3516 3359/1/3359 
f 3359/1/3359 3365/1/3365 3517/1/3517 
f 3365/1/3365 2453/1/2453 3508/1/3508 
f 3508/1/3508 3517/1/3517 3365/1/3365 
f 3517/1/3517 3508/1/3508 3506/1/3506 
f 3518/1/3518 3514/1/3514 3500/1/3500 
f 3500/1/3500 3499/1/3499 3518/1/3518 
f 3499/1/3499 3493/1/3493 3498/1/3498 
f 3498/1/3498 3518/1/3518 3499/1/3499 
f 3518/1/3518 3498/1/3498 3362/1/3362 
f 3362/1/3362 3519/1/3519 3518/1/3518 
f 3519/1/3519 3515/1/3515 3514/1/3514 
f 3514/1/3514 3518/1/3518 3519/1/3519 
f 3520/1/3520 3516/1/3516 3515/1/3515 
f 3515/1/3515 3519/1/3519 3520/1/3520 
f 3519/1/3519 3362/1/3362 3361/1/3361 
f 3361/1/3361 3520/1/3520 3519/1/3519 
f 3520/1/3520 3361/1/3361 3355/1/3355 
f 3355/1/3355 3356/1/3356 3520/1/3520 
f 3356/1/3356 3359/1/3359 3516/1/3516 
f 3516/1/3516 3520/1/3520 3356/1/3356 
f 20/1/20 21/1/21 16/1/16 
f 43/1/43 38/1/38 41/1/41 
f 103/1/103 98/1/98 101/1/101 
f 102/1/102 109/1/109 108/1/108 
f 19/1/19 112/1/112 115/1/115 
f 94/1/94 119/1/119 120/1/120 
f 99/1/99 120/1/120 123/1/123 
f 139/1/139 140/1/140 137/1/137 
f 145/1/145 146/1/146 143/1/143 
f 154/1/154 152/1/152 151/1/151 
f 155/1/155 156/1/156 152/1/152 
f 154/1/154 193/1/193 198/1/198 
f 231/1/231 1838/1/1838 229/1/229 
f 229/1/229 1838/1/1838 232/1/232 
f 230/1/230 229/1/229 235/1/235 
f 201/1/201 200/1/200 284/1/284 
f 285/1/285 284/1/284 200/1/200 
f 313/1/313 314/1/314 311/1/311 
f 333/1/333 331/1/331 233/1/233 
f 286/1/286 344/1/344 343/1/343 
f 381/1/381 380/1/380 384/1/384 
f 365/1/365 388/1/388 386/1/386 
f 401/1/401 404/1/404 405/1/405 
f 418/1/418 417/1/417 420/1/420 
f 407/1/407 428/1/428 405/1/405 
f 441/1/441 442/1/442 439/1/439 
f 467/1/467 468/1/468 465/1/465 
f 446/1/446 445/1/445 470/1/470 
f 491/1/491 494/1/494 495/1/495 
f 500/1/500 501/1/501 496/1/496 
f 506/1/506 514/1/514 508/1/508 
f 527/1/527 528/1/528 505/1/505 
f 499/1/499 528/1/528 527/1/527 
f 498/1/498 514/1/514 528/1/528 
f 505/1/505 528/1/528 514/1/514 
f 535/1/535 536/1/536 533/1/533 
f 538/1/538 533/1/533 536/1/536 
f 537/1/537 542/1/542 541/1/541 
f 542/1/542 544/1/544 471/1/471 
f 440/1/440 547/1/547 503/1/503 
f 551/1/551 556/1/556 555/1/555 
f 567/1/567 562/1/562 561/1/561 
f 577/1/577 578/1/578 571/1/571 
f 572/1/572 571/1/571 578/1/578 
f 536/1/536 591/1/591 594/1/594 
f 599/1/599 600/1/600 597/1/597 
f 543/1/543 597/1/597 600/1/600 
f 598/1/598 597/1/597 594/1/594 
f 598/1/598 602/1/602 601/1/601 
f 599/1/599 606/1/606 605/1/605 
f 600/1/600 605/1/605 550/1/550 
f 565/1/565 606/1/606 607/1/607 
f 610/1/610 607/1/607 608/1/608 
f 566/1/566 607/1/607 610/1/610 
f 618/1/618 615/1/615 616/1/616 
f 626/1/626 625/1/625 632/1/632 
f 617/1/617 634/1/634 633/1/633 
f 587/1/587 586/1/586 633/1/633 
f 624/1/624 640/1/640 634/1/634 
f 637/1/637 647/1/647 646/1/646 
f 645/1/645 646/1/646 622/1/622 
f 642/1/642 647/1/647 648/1/648 
f 636/1/636 648/1/648 647/1/647 
f 629/1/629 628/1/628 648/1/648 
f 643/1/643 648/1/648 628/1/628 
f 673/1/673 674/1/674 672/1/672 
f 203/1/203 672/1/672 674/1/674 
f 286/1/286 680/1/680 679/1/679 
f 681/1/681 680/1/680 683/1/683 
f 285/1/285 683/1/683 680/1/680 
f 204/1/204 674/1/674 683/1/683 
f 684/1/684 683/1/683 674/1/674 
f 691/1/691 699/1/699 707/1/707 
f 770/1/770 769/1/769 776/1/776 
f 816/1/816 819/1/819 501/1/501 
f 492/1/492 495/1/495 819/1/819 
f 501/1/501 819/1/819 495/1/495 
f 492/1/492 818/1/818 825/1/825 
f 830/1/830 831/1/831 828/1/828 
f 833/1/833 828/1/828 831/1/831 
f 834/1/834 835/1/835 828/1/828 
f 829/1/829 828/1/828 835/1/835 
f 839/1/839 836/1/836 837/1/837 
f 897/1/897 900/1/900 801/1/801 
f 901/1/901 899/1/899 905/1/905 
f 898/1/898 907/1/907 905/1/905 
f 876/1/876 913/1/913 912/1/912 
f 909/1/909 912/1/912 913/1/913 
f 880/1/880 879/1/879 912/1/912 
f 913/1/913 914/1/914 915/1/915 
f 915/1/915 919/1/919 918/1/918 
f 921/1/921 916/1/916 919/1/919 
f 926/1/926 927/1/927 922/1/922 
f 918/1/918 922/1/922 927/1/927 
f 944/1/944 943/1/943 950/1/950 
f 953/1/953 954/1/954 947/1/947 
f 954/1/954 955/1/955 434/1/434 
f 434/1/434 955/1/955 956/1/956 
f 378/1/378 962/1/962 961/1/961 
f 889/1/889 888/1/888 964/1/964 
f 986/1/986 987/1/987 985/1/985 
f 917/1/917 977/1/977 987/1/987 
f 985/1/985 987/1/987 977/1/977 
f 992/1/992 982/1/982 573/1/573 
f 563/1/563 984/1/984 993/1/993 
f 991/1/991 993/1/993 984/1/984 
f 972/1/972 1009/1/1009 1008/1/1008 
f 1011/1/1011 1008/1/1008 1009/1/1009 
f 1010/1/1010 1009/1/1009 1012/1/1012 
f 980/1/980 1012/1/1012 1009/1/1009 
f 966/1/966 965/1/965 1012/1/1012 
f 1013/1/1013 1012/1/1012 965/1/965 
f 1011/1/1011 1014/1/1014 1019/1/1019 
f 236/1/236 1072/1/1072 1071/1/1071 
f 1074/1/1074 1071/1/1071 1072/1/1072 
f 230/1/230 1071/1/1071 1076/1/1076 
f 1104/1/1104 1102/1/1102 1101/1/1101 
f 1112/1/1112 1107/1/1107 1110/1/1110 
f 1113/1/1113 1114/1/1114 1107/1/1107 
f 1108/1/1108 1107/1/1107 1114/1/1114 
f 1144/1/1144 1145/1/1145 1140/1/1140 
f 1148/1/1148 1151/1/1151 1146/1/1146 
f 1152/1/1152 1153/1/1153 1151/1/1151 
f 1142/1/1142 1156/1/1156 1155/1/1155 
f 1159/1/1159 1160/1/1160 1155/1/1155 
f 1157/1/1157 1162/1/1162 1161/1/1161 
f 1149/1/1149 1148/1/1148 1161/1/1161 
f 1158/1/1158 1161/1/1161 1163/1/1163 
f 901/1/901 1165/1/1165 1164/1/1164 
f 1168/1/1168 1169/1/1169 1167/1/1167 
f 1172/1/1172 1173/1/1173 1170/1/1170 
f 1156/1/1156 1170/1/1170 1173/1/1173 
f 1168/1/1168 1170/1/1170 1156/1/1156 
f 1166/1/1166 1171/1/1171 1170/1/1170 
f 1175/1/1175 1174/1/1174 1173/1/1173 
f 1162/1/1162 1174/1/1174 1177/1/1177 
f 1183/1/1183 1182/1/1182 1181/1/1181 
f 592/1/592 1184/1/1184 603/1/603 
f 1193/1/1193 1194/1/1194 1192/1/1192 
f 1198/1/1198 1199/1/1199 1200/1/1200 
f 1200/1/1200 1201/1/1201 1187/1/1187 
f 639/1/639 1201/1/1201 1200/1/1200 
f 1172/1/1172 1191/1/1191 1202/1/1202 
f 1195/1/1195 1203/1/1203 1202/1/1202 
f 1175/1/1175 1202/1/1202 1203/1/1203 
f 1211/1/1211 1213/1/1213 1218/1/1218 
f 1255/1/1255 1258/1/1258 1257/1/1257 
f 1262/1/1262 1259/1/1259 1260/1/1260 
f 1259/1/1259 1262/1/1262 1247/1/1247 
f 1265/1/1265 1266/1/1266 1263/1/1263 
f 1261/1/1261 1260/1/1260 1263/1/1263 
f 1264/1/1264 1263/1/1263 1260/1/1260 
f 1261/1/1261 1270/1/1270 1269/1/1269 
f 1276/1/1276 1278/1/1278 1271/1/1271 
f 1277/1/1277 1276/1/1276 1275/1/1275 
f 1258/1/1258 1276/1/1276 1277/1/1277 
f 1278/1/1278 1276/1/1276 1258/1/1258 
f 1280/1/1280 1279/1/1279 1277/1/1277 
f 1104/1/1104 1279/1/1279 863/1/863 
f 1273/1/1273 1272/1/1272 1284/1/1284 
f 1285/1/1285 1284/1/1284 1254/1/1254 
f 1265/1/1265 1293/1/1293 1292/1/1292 
f 1264/1/1264 1296/1/1296 1293/1/1293 
f 1301/1/1301 1295/1/1295 1294/1/1294 
f 1316/1/1316 1317/1/1317 1315/1/1315 
f 1320/1/1320 1321/1/1321 1311/1/1311 
f 1316/1/1316 1319/1/1319 1330/1/1330 
f 1333/1/1333 1334/1/1334 1317/1/1317 
f 1337/1/1337 1336/1/1336 1323/1/1323 
f 1354/1/1354 1362/1/1362 1361/1/1361 
f 1372/1/1372 1368/1/1368 1367/1/1367 
f 1393/1/1393 1388/1/1388 1391/1/1391 
f 1389/1/1389 1388/1/1388 1377/1/1377 
f 1149/1/1149 1177/1/1177 1406/1/1406 
f 1152/1/1152 1409/1/1409 1411/1/1411 
f 1416/1/1416 1415/1/1415 1203/1/1203 
f 1407/1/1407 1415/1/1415 1418/1/1418 
f 1421/1/1421 1422/1/1422 1419/1/1419 
f 1408/1/1408 1418/1/1418 1419/1/1419 
f 1424/1/1424 1426/1/1426 1401/1/1401 
f 1424/1/1424 1423/1/1423 1417/1/1417 
f 1426/1/1426 1424/1/1424 595/1/595 
f 1420/1/1420 1428/1/1428 1427/1/1427 
f 1401/1/1401 1400/1/1400 1428/1/1428 
f 1399/1/1399 1413/1/1413 1430/1/1430 
f 1422/1/1422 1432/1/1432 1410/1/1410 
f 1395/1/1395 1432/1/1432 1431/1/1431 
f 1385/1/1385 1410/1/1410 1432/1/1432 
f 1434/1/1434 1433/1/1433 1404/1/1404 
f 1373/1/1373 1381/1/1381 1438/1/1438 
f 1439/1/1439 1437/1/1437 1441/1/1441 
f 1447/1/1447 1450/1/1450 1375/1/1375 
f 1485/1/1485 1482/1/1482 1483/1/1483 
f 1486/1/1486 1487/1/1487 1482/1/1482 
f 1484/1/1484 1483/1/1483 1490/1/1490 
f 1490/1/1490 1492/1/1492 1493/1/1493 
f 1403/1/1403 1511/1/1511 1510/1/1510 
f 1508/1/1508 1510/1/1510 1511/1/1511 
f 1434/1/1434 1510/1/1510 1499/1/1499 
f 1523/1/1523 1524/1/1524 1521/1/1521 
f 1516/1/1516 1544/1/1544 1543/1/1543 
f 1536/1/1536 1543/1/1543 1544/1/1544 
f 1582/1/1582 1585/1/1585 1581/1/1581 
f 841/1/841 1585/1/1585 1584/1/1584 
f 834/1/834 1584/1/1584 1586/1/1586 
f 1587/1/1587 1586/1/1586 1584/1/1584 
f 1578/1/1578 1590/1/1590 1588/1/1588 
f 1426/1/1426 1588/1/1588 1590/1/1590 
f 535/1/535 534/1/534 1588/1/1588 
f 1589/1/1589 1588/1/1588 534/1/534 
f 1590/1/1590 1591/1/1591 1402/1/1402 
f 1595/1/1595 1592/1/1592 1593/1/1593 
f 526/1/526 1592/1/1592 1595/1/1595 
f 1571/1/1571 1579/1/1579 1596/1/1596 
f 1597/1/1597 1596/1/1596 1579/1/1579 
f 1567/1/1567 1596/1/1596 1599/1/1599 
f 510/1/510 522/1/522 1603/1/1603 
f 1595/1/1595 1603/1/1603 522/1/522 
f 511/1/511 1603/1/1603 1601/1/1601 
f 1583/1/1583 1606/1/1606 1605/1/1605 
f 1597/1/1597 1607/1/1607 1604/1/1604 
f 838/1/838 1610/1/1610 1609/1/1609 
f 1581/1/1581 1609/1/1609 1612/1/1612 
f 1618/1/1618 1616/1/1616 1615/1/1615 
f 848/1/848 1489/1/1489 1616/1/1616 
f 1622/1/1622 1619/1/1619 1620/1/1620 
f 1617/1/1617 1619/1/1619 1623/1/1623 
f 1611/1/1611 1610/1/1610 1623/1/1623 
f 1628/1/1628 1629/1/1629 1626/1/1626 
f 1628/1/1628 1627/1/1627 1614/1/1614 
f 1486/1/1486 1494/1/1494 1628/1/1628 
f 1692/1/1692 1691/1/1691 1694/1/1694 
f 1699/1/1699 1700/1/1700 1697/1/1697 
f 1712/1/1712 1709/1/1709 1710/1/1710 
f 1724/1/1724 1721/1/1721 1722/1/1722 
f 1723/1/1723 1729/1/1729 1725/1/1725 
f 1736/1/1736 1733/1/1733 1734/1/1734 
f 1239/1/1239 1733/1/1733 1736/1/1736 
f 1532/1/1532 1531/1/1531 1743/1/1743 
f 1738/1/1738 1745/1/1745 1743/1/1743 
f 1735/1/1735 1734/1/1734 1759/1/1759 
f 1789/1/1789 1798/1/1798 1797/1/1797 
f 147/1/147 146/1/146 1797/1/1797 
f 1786/1/1786 1802/1/1802 1801/1/1801 
f 1804/1/1804 1801/1/1801 1802/1/1802 
f 1817/1/1817 1814/1/1814 1815/1/1815 
f 1816/1/1816 1829/1/1829 1828/1/1828 
f 1817/1/1817 1828/1/1828 1076/1/1076 
f 1834/1/1834 1835/1/1835 1832/1/1832 
f 1830/1/1830 1837/1/1837 1836/1/1836 
f 1844/1/1844 1843/1/1843 1122/1/1122 
f 1748/1/1748 1876/1/1876 1879/1/1879 
f 1878/1/1878 1877/1/1877 1880/1/1880 
f 1881/1/1881 1880/1/1880 1744/1/1744 
f 1929/1/1929 1930/1/1930 1927/1/1927 
f 1928/1/1928 1927/1/1927 1934/1/1934 
f 1938/1/1938 1936/1/1936 1930/1/1930 
f 1937/1/1937 1936/1/1936 1760/1/1760 
f 1139/1/1139 1942/1/1942 1944/1/1944 
f 1702/1/1702 1701/1/1701 1944/1/1944 
f 1954/1/1954 1952/1/1952 1949/1/1949 
f 1955/1/1955 1958/1/1958 1934/1/1934 
f 1935/1/1935 1934/1/1934 1958/1/1958 
f 1957/1/1957 1963/1/1963 1961/1/1961 
f 1971/1/1971 1970/1/1970 1889/1/1889 
f 1975/1/1975 1976/1/1976 1973/1/1973 
f 1978/1/1978 1973/1/1973 1976/1/1976 
f 2005/1/2005 2006/1/2006 2003/1/2003 
f 2008/1/2008 2003/1/2003 2006/1/2006 
f 1695/1/1695 1700/1/1700 2003/1/2003 
f 2047/1/2047 2048/1/2048 2045/1/2045 
f 1969/1/1969 2050/1/2050 2053/1/2053 
f 2008/1/2008 2076/1/2076 1696/1/1696 
f 2002/1/2002 2001/1/2001 2076/1/2076 
f 1863/1/1863 2082/1/2082 2081/1/2081 
f 1926/1/1926 2125/1/2125 2126/1/2126 
f 2127/1/2127 2126/1/2126 2030/1/2030 
f 2129/1/2129 2128/1/2128 2124/1/2124 
f 2144/1/2144 2139/1/2139 2142/1/2142 
f 1123/1/1123 1848/1/1848 2139/1/2139 
f 2143/1/2143 2146/1/2146 2145/1/2145 
f 2153/1/2153 2152/1/2152 2142/1/2142 
f 2159/1/2159 2154/1/2154 2157/1/2157 
f 1356/1/1356 1366/1/1366 2154/1/2154 
f 2161/1/2161 2160/1/2160 2159/1/2159 
f 1465/1/1465 2169/1/2169 2172/1/2172 
f 1977/1/1977 2179/1/2179 2177/1/2177 
f 1990/1/1990 2199/1/2199 2202/1/2202 
f 1893/1/1893 2208/1/2208 2209/1/2209 
f 1971/1/1971 2216/1/2216 2054/1/2054 
f 2223/1/2223 2222/1/2222 1901/1/1901 
f 2226/1/2226 2227/1/2227 1940/1/1940 
f 1940/1/1940 2227/1/2227 2019/1/2019 
f 2229/1/2229 2228/1/2228 2225/1/2225 
f 2055/1/2055 2218/1/2218 2233/1/2233 
f 1900/1/1900 1906/1/1906 2234/1/2234 
f 1960/1/1960 2168/1/2168 2235/1/2235 
f 1935/1/1935 2238/1/2238 2239/1/2239 
f 2240/1/2240 2239/1/2239 2238/1/2238 
f 2240/1/2240 2241/1/2241 2148/1/2148 
f 1803/1/1803 2245/1/2245 2244/1/2244 
f 2061/1/2061 2246/1/2246 2244/1/2244 
f 2129/1/2129 2261/1/2261 1815/1/1815 
f 1719/1/1719 1835/1/1835 2264/1/2264 
f 327/1/327 2080/1/2080 2265/1/2265 
f 2085/1/2085 2084/1/2084 2265/1/2265 
f 332/1/332 2265/1/2265 2084/1/2084 
f 1862/1/1862 2267/1/2267 2082/1/2082 
f 2141/1/2141 2269/1/2269 2268/1/2268 
f 2274/1/2274 2271/1/2271 2272/1/2272 
f 850/1/850 849/1/849 2271/1/2271 
f 2291/1/2291 2292/1/2292 2290/1/2290 
f 837/1/837 2292/1/2292 2291/1/2291 
f 2285/1/2285 2290/1/2290 2292/1/2292 
f 2291/1/2291 2293/1/2293 1624/1/1624 
f 1624/1/1624 2293/1/2293 2272/1/2272 
f 1506/1/1506 1580/1/1580 2303/1/2303 
f 1570/1/1570 2303/1/2303 1580/1/1580 
f 2304/1/2304 2307/1/2307 1558/1/1558 
f 2306/1/2306 2307/1/2307 2304/1/2304 
f 2360/1/2360 2365/1/2365 2362/1/2362 
f 2363/1/2363 2370/1/2370 2369/1/2369 
f 2374/1/2374 2373/1/2373 2368/1/2368 
f 2431/1/2431 1496/1/1496 1484/1/1484 
f 1626/1/1626 1629/1/1629 2433/1/2433 
f 1497/1/1497 2426/1/2426 2433/1/2433 
f 2440/1/2440 2441/1/2441 2438/1/2438 
f 2456/1/2456 2460/1/2460 2459/1/2459 
f 2463/1/2463 2464/1/2464 2461/1/2461 
f 2462/1/2462 2465/1/2465 2466/1/2466 
f 2469/1/2469 3372/1/3372 2467/1/2467 
f 2480/1/2480 2481/1/2481 2478/1/2478 
f 2489/1/2489 2490/1/2490 2487/1/2487 
f 2498/1/2498 2497/1/2497 156/1/156 
f 2505/1/2505 2508/1/2508 2507/1/2507 
f 177/1/177 2627/1/2627 2629/1/2629 
f 2632/1/2632 2633/1/2633 2630/1/2630 
f 2631/1/2631 2640/1/2640 2639/1/2639 
f 2698/1/2698 2695/1/2695 2696/1/2696 
f 2697/1/2697 2703/1/2703 2699/1/2699 
f 2704/1/2704 2711/1/2711 2710/1/2710 
f 155/1/155 198/1/198 2718/1/2718 
f 2716/1/2716 2723/1/2723 2729/1/2729 
f 2721/1/2721 2736/1/2736 2726/1/2726 
f 2489/1/2489 2496/1/2496 2736/1/2736 
f 2727/1/2727 2737/1/2737 2743/1/2743 
f 2742/1/2742 2743/1/2743 2737/1/2737 
f 1868/1/1868 2745/1/2745 2741/1/2741 
f 2762/1/2762 2761/1/2761 1339/1/1339 
f 2774/1/2774 2775/1/2775 1475/1/1475 
f 1884/1/1884 2777/1/2777 2776/1/2776 
f 2795/1/2795 2794/1/2794 2554/1/2554 
f 2806/1/2806 2805/1/2805 2797/1/2797 
f 1135/1/1135 1134/1/1134 2817/1/2817 
f 2821/1/2821 2829/1/2829 2830/1/2830 
f 2855/1/2855 2854/1/2854 2508/1/2508 
f 2861/1/2861 2862/1/2862 2703/1/2703 
f 2873/1/2873 2878/1/2878 2879/1/2879 
f 1247/1/1247 1274/1/1274 2881/1/2881 
f 2884/1/2884 2881/1/2881 2882/1/2882 
f 2553/1/2553 2558/1/2558 2885/1/2885 
f 1253/1/1253 2838/1/2838 2890/1/2890 
f 2891/1/2891 2890/1/2890 2838/1/2838 
f 2837/1/2837 2839/1/2839 2892/1/2892 
f 1471/1/1471 2947/1/2947 1492/1/1492 
f 2775/1/2775 2958/1/2958 2948/1/2948 
f 2760/1/2760 2759/1/2759 2966/1/2966 
f 2524/1/2524 2966/1/2966 2759/1/2759 
f 2971/1/2971 2970/1/2970 2973/1/2973 
f 1557/1/1557 2985/1/2985 2981/1/2981 
f 2988/1/2988 2987/1/2987 2423/1/2423 
f 3003/1/3003 3002/1/3002 3001/1/3001 
f 2986/1/2986 2985/1/2985 3002/1/3002 
f 1556/1/1556 3002/1/3002 2985/1/2985 
f 2542/1/2542 3005/1/3005 3006/1/3006 
f 2968/1/2968 3018/1/3018 3020/1/3020 
f 2639/1/2639 3066/1/3066 3065/1/3065 
f 3068/1/3068 3067/1/3067 2520/1/2520 
f 3069/1/3069 3068/1/3068 3080/1/3080 
f 1449/1/1449 1454/1/1454 3094/1/3094 
f 2941/1/2941 3094/1/3094 1454/1/1454 
f 1370/1/1370 1369/1/1369 3096/1/3096 
f 2367/1/2367 3113/1/3113 3112/1/3112 
f 3115/1/3115 3112/1/3112 3113/1/3113 
f 3143/1/3143 3146/1/3146 2366/1/2366 
f 3142/1/3142 3147/1/3147 3146/1/3146 
f 3113/1/3113 3146/1/3146 3147/1/3147 
f 3152/1/3152 3148/1/3148 3117/1/3117 
f 3152/1/3152 3198/1/3198 3201/1/3201 
f 3114/1/3114 3147/1/3147 3198/1/3198 
f 3199/1/3199 3521/1/3521 3204/1/3204 
f 3145/1/3145 3521/1/3521 3199/1/3199 
f 3183/1/3183 3521/1/3521 3145/1/3145 
f 3204/1/3204 3521/1/3521 3183/1/3183 
f 3202/1/3202 3210/1/3210 3209/1/3209 
f 2480/1/2480 3218/1/3218 3217/1/3217 
f 3222/1/3222 3223/1/3223 3220/1/3220 
f 2/1/2 3220/1/3220 3223/1/3223 
f 23/1/23 22/1/22 3236/1/3236 
f 3222/1/3222 3229/1/3229 3237/1/3237 
f 3239/1/3239 3237/1/3237 3229/1/3229 
f 3228/1/3228 3232/1/3232 3241/1/3241 
f 54/1/54 3241/1/3241 3232/1/3232 
f 1803/1/1803 1802/1/1802 3312/1/3312 
f 3317/1/3317 3316/1/3316 3318/1/3318 
f 3319/1/3319 3318/1/3318 3320/1/3320 
f 3385/1/3385 3503/1/3503 3383/1/3383 
f 3384/1/3384 3383/1/3383 3376/1/3376 
f 3391/1/3391 3394/1/3394 3393/1/3393 
f 3392/1/3392 3393/1/3393 3404/1/3404 
f 3400/1/3400 3407/1/3407 701/1/701 
f 3425/1/3425 3421/1/3421 3420/1/3420 
f 3441/1/3441 3440/1/3440 3421/1/3421 
f 3444/1/3444 3445/1/3445 3446/1/3446 
f 3219/1/3219 3218/1/3218 3459/1/3459 
f 3462/1/3462 3461/1/3461 3460/1/3460 
f 3506/1/3506 3507/1/3507 3505/1/3505 
f 3508/1/3508 3509/1/3509 3507/1/3507 
f 2453/1/2453 2452/1/2452 3509/1/3509 
f 3504/1/3504 3513/1/3513 3512/1/3512 
f 3506/1/3506 3512/1/3512 3517/1/3517 
# 6978 faces

