# 3ds Max Wavefront OBJ Exporter v0.99 - (c)2007 guruware
# File Created: 23.04.2025 02:49:44

mtllib Ala_izquierda.mtl

#
# object Ala_izquierda
#

v  1.7777 3.7078 1.5343
v  1.7602 3.8663 1.7274
v  1.7085 3.9325 1.6636
v  1.7387 3.7837 1.4663
v  1.6890 4.0751 1.8542
v  1.7491 4.0069 1.9174
v  1.6362 4.1281 1.7999
v  1.6623 3.9831 1.6084
v  1.6889 3.8289 1.4175
v  1.6145 4.3568 2.1266
v  1.6220 4.2558 1.9783
v  1.6838 4.1882 2.0298
v  1.6850 4.2719 2.1759
v  1.7489 4.1041 2.0865
v  1.7550 4.1708 2.2260
v  2.0782 3.9481 1.9720
v  2.0887 4.0386 2.1310
v  1.8624 4.0279 2.1409
v  1.8556 3.9288 1.9884
v  2.0839 4.0471 2.2729
v  1.8727 4.0896 2.2670
v  2.0785 3.8196 1.7814
v  1.8714 3.8092 1.7929
v  1.8946 3.6712 1.5861
v  2.0920 3.7075 1.5617
v  3.0362 3.6012 1.8435
v  2.8984 3.6809 1.8572
v  2.8604 3.5759 1.6738
v  2.9825 3.4942 1.6762
v  2.6677 3.6705 1.6890
v  2.6899 3.7770 1.8869
v  2.6467 3.5568 1.4823
v  2.8224 3.4581 1.4755
v  3.1552 3.4802 1.4831
v  2.3747 3.6742 1.5085
v  2.3797 3.7967 1.7176
v  2.3922 3.9219 1.9172
v  2.6189 3.2490 0.6293
v  2.4344 3.2436 0.6886
v  2.4451 3.1716 0.6666
v  2.6076 3.1701 0.6378
v  2.7674 3.1329 0.6109
v  2.8147 3.2071 0.6963
v  2.6230 3.2869 0.7177
v  2.8008 3.1833 0.6236
v  2.4084 3.3538 0.7042
v  2.9490 3.1437 0.6797
v  2.2813 3.0322 0.7920
v  2.3517 3.1097 0.7506
v  2.3042 3.1703 0.7597
v  2.2047 3.0745 0.7959
v  2.2431 3.2571 0.7652
v  2.2397 2.9647 0.8174
v  2.3633 3.0715 0.7299
v  2.4466 3.1213 0.6698
v  2.5905 3.1208 0.6452
v  2.3174 4.0867 1.0882
v  2.2142 4.1970 1.0400
v  2.2343 4.3010 1.2487
v  2.3454 4.1954 1.2942
v  2.1186 4.3930 1.1873
v  2.0833 4.2656 1.0006
v  2.1516 4.5109 1.3781
v  2.2505 4.4011 1.4567
v  2.3769 4.3017 1.4968
v  2.7708 4.3081 1.8285
v  2.7282 4.2173 1.6984
v  2.5739 4.3001 1.6949
v  2.6169 4.3931 1.8216
v  2.5326 4.2034 1.5162
v  2.6852 4.1221 1.5169
v  2.4102 4.3946 1.6777
v  2.4419 4.4778 1.8158
v  2.2165 4.7213 1.6582
v  2.3110 4.5937 1.7619
v  2.2685 4.4938 1.6413
v  2.1804 4.6149 1.5488
v  1.8052 4.4472 1.3706
v  1.9761 4.5186 1.3467
v  1.9407 4.3861 1.1673
v  1.7834 4.2942 1.2087
v  1.9063 4.2494 0.9975
v  1.7657 4.1419 1.0630
v  1.3100 5.3573 2.9947
v  1.3949 5.3216 3.0460
v  1.3289 5.5504 3.1724
v  1.2585 5.5675 3.1252
v  1.4112 5.5414 3.2080
v  1.4909 5.3001 3.0851
v  1.3182 5.7538 3.3625
v  1.2419 5.7593 3.3224
v  1.1885 5.7699 3.2678
v  2.0879 4.0689 2.3635
v  1.8845 4.1328 2.3578
v  1.9029 4.1761 2.4279
v  2.1006 4.1048 2.4242
v  1.7756 4.2612 2.4066
v  1.7648 4.2206 2.3253
v  2.1370 4.2203 2.5041
v  1.9476 4.2869 2.5405
v  1.9251 4.2243 2.4937
v  2.1186 4.1529 2.4741
v  1.8063 4.3572 2.5479
v  1.7906 4.3059 2.4860
v  1.6834 4.3666 2.3595
v  1.6859 4.3274 2.2779
v  1.6081 4.4210 2.2283
v  1.6033 4.4678 2.3058
v  1.6798 4.4049 2.4431
v  1.5958 4.5130 2.3829
v  1.6761 4.4486 2.5139
v  1.5833 4.5638 2.4525
v  2.4057 3.9840 2.1054
v  2.7209 3.8664 2.0708
v  2.7124 3.8340 2.2482
v  2.3915 3.9438 2.2740
v  2.3842 3.9473 2.3789
v  2.6963 3.8253 2.3686
v  2.6945 3.8729 2.4423
v  2.3906 3.9929 2.4389
v  2.4041 4.0567 2.4650
v  2.7040 3.9474 2.4717
v  2.7161 4.0243 2.4727
v  2.4168 4.1279 2.4722
v  2.9410 3.7621 2.0207
v  3.0910 3.6746 1.9824
v  3.1108 3.6717 2.1293
v  2.9513 3.7542 2.1846
v  4.7692 3.2796 1.9235
v  4.8332 3.3235 1.9780
v  4.7777 3.2143 2.0708
v  4.7139 3.1870 2.0171
v  4.8040 3.2493 2.1198
v  4.8604 3.3572 2.0277
v  4.6710 3.2203 2.1885
v  4.6473 3.1913 2.1433
v  4.6352 3.1777 2.0828
v  4.7838 3.3425 2.2037
v  4.7171 3.3023 2.2379
v  4.6956 3.2582 2.2200
v  4.8160 3.2892 2.1630
v  4.8621 3.3907 2.0819
v  4.8242 3.4255 2.1467
v  4.6073 3.3503 1.8607
v  4.6258 3.2681 1.9012
v  4.4686 3.2630 1.8680
v  4.5561 3.4237 1.8479
v  4.4750 3.3075 1.8100
v  4.4417 3.3751 1.7919
v  4.6571 3.4679 1.8685
v  4.7394 3.3828 1.8711
v  2.2400 4.7889 1.7154
v  2.3397 4.6662 1.8283
v  2.2482 4.8403 1.7612
v  2.3620 4.7256 1.8588
v  2.4959 4.6187 1.9108
v  2.4588 4.5446 1.8996
v  3.8126 3.1731 1.8291
v  3.8963 3.2911 1.9834
v  3.7698 3.3485 1.9961
v  3.7032 3.2266 1.8379
v  3.8046 3.3800 2.1739
v  3.9598 3.3344 2.1469
v  3.6507 3.4061 2.0047
v  3.6718 3.4430 2.1835
v  3.5954 3.2829 1.8435
v  3.9972 3.3449 2.2610
v  3.8323 3.3932 2.2946
v  3.8658 3.4379 2.3642
v  4.0318 3.3783 2.3299
v  3.7210 3.4898 2.3869
v  3.6912 3.4420 2.3145
v  3.6655 4.1441 1.9692
v  3.6097 4.0724 1.9243
v  3.4519 4.1871 1.9060
v  3.5054 4.2788 1.9494
v  3.3943 4.0948 1.9084
v  3.5427 3.9890 1.9240
v  3.2795 4.1896 1.8972
v  3.3205 4.2861 1.9041
v  3.3562 4.3772 1.9598
v  3.6685 4.1432 2.1319
v  3.6795 4.1611 2.0524
v  3.5260 4.3140 2.0568
v  3.5058 4.2821 2.1580
v  3.3766 4.4213 2.0693
v  3.3643 4.3960 2.1809
v  3.3375 4.3437 2.2587
v  3.3046 4.2849 2.3248
v  3.4391 4.1709 2.2951
v  3.4780 4.2331 2.2315
v  3.6080 4.0438 2.2649
v  3.6420 4.1002 2.1978
v  2.2417 4.8968 1.8257
v  2.3663 4.7776 1.9057
v  2.3577 4.8185 1.9648
v  2.2259 4.9442 1.9009
v  2.5175 4.7146 1.9999
v  2.5150 4.6767 1.9463
v  2.4966 4.7337 2.1240
v  2.5091 4.7338 2.0599
v  2.3438 4.8475 2.0276
v  2.3349 4.8617 2.0996
v  2.2087 4.9832 1.9832
v  2.2024 5.0128 2.0708
v  1.4242 4.9631 2.7449
v  1.5260 4.8900 2.7993
v  1.4495 5.0858 2.9324
v  1.3565 5.1435 2.8696
v  1.5645 5.0527 2.9700
v  1.6534 4.8448 2.8236
v  1.7762 4.8207 2.8236
v  1.6740 5.0388 2.9846
v  1.8599 4.9917 3.0125
v  1.9625 4.7667 2.8368
v  1.7635 5.2344 3.1814
v  1.5861 5.2912 3.1170
v  2.2844 4.6482 2.8802
v  2.2067 4.8662 3.0846
v  2.5680 4.6593 3.2180
v  2.6172 4.4594 2.9773
v  2.5089 4.8749 3.4620
v  2.1244 5.0946 3.2918
v  2.9200 4.3298 3.0478
v  2.8922 4.5007 3.3229
v  3.1488 4.3917 3.3971
v  3.1515 4.2263 3.1069
v  3.1244 4.5721 3.6939
v  2.8510 4.6947 3.5997
v  5.0762 3.8530 3.6826
v  5.2595 4.0133 4.0922
v  5.2701 3.9416 4.0961
v  4.9892 3.6950 3.2443
v  4.9463 3.7513 3.2421
v  5.0274 3.8810 3.6924
v  4.8931 3.7829 3.2378
v  5.2284 4.0695 4.0958
v  3.8332 4.2584 3.0542
v  3.5944 4.3928 3.0383
v  3.6830 4.5175 3.3280
v  3.9423 4.3536 3.3898
v  3.4350 4.6303 3.2995
v  3.3792 4.4961 3.0352
v  3.4748 4.7765 3.5804
v  3.7492 4.6622 3.6302
v  4.0421 4.5054 3.7184
v  2.1145 5.2554 2.6464
v  2.0811 5.3952 2.8072
v  2.2772 5.2622 2.9078
v  2.2893 5.1134 2.7278
v  2.2479 5.4390 3.0826
v  2.0314 5.5679 2.9661
v  2.4770 5.3224 3.1761
v  2.4904 5.1539 2.9799
v  2.4798 4.9984 2.7863
v  3.9099 4.2777 3.9021
v  3.8764 4.0887 3.5568
v  4.1003 3.9982 3.6001
v  4.1634 4.1911 3.9575
v  4.0664 3.9083 3.1972
v  3.8524 3.9575 3.1861
v  4.2984 3.8107 3.2250
v  4.3556 3.8892 3.6507
v  4.4431 4.0661 4.0376
v  1.7177 5.5795 2.4173
v  1.6803 5.7163 2.5063
v  1.9343 5.6198 2.6152
v  1.9799 5.4909 2.4863
v  1.8722 5.7804 2.7560
v  1.6325 5.8848 2.6180
v  4.7384 3.5736 2.0950
v  4.6911 3.5859 2.1850
v  4.7296 3.5217 2.2035
v  4.7997 3.5020 2.1117
v  4.6823 3.5526 2.3031
v  4.6527 3.6067 2.2770
v  4.7387 3.4651 2.2274
v  4.6925 3.5047 2.3281
v  4.0694 3.4314 2.3785
v  3.8994 3.4989 2.4061
v  3.9271 3.5624 2.4221
v  4.1044 3.4999 2.3925
v  3.7510 3.5589 2.4196
v  3.7760 3.6284 2.4275
v  2.2050 4.9892 2.2595
v  2.3327 4.8281 2.2663
v  2.3284 4.8408 2.1848
v  2.2131 5.0187 2.1735
v  2.4789 4.7030 2.1889
v  2.4843 4.7034 2.2589
v  2.1771 5.0331 2.3676
v  2.1465 5.1262 2.4917
v  2.2996 4.9725 2.5498
v  2.3206 4.8790 2.3987
v  2.4665 4.8481 2.5897
v  2.4693 4.7474 2.4177
v  1.7856 4.4879 2.6196
v  1.6434 4.5838 2.6034
v  1.6658 4.4996 2.5591
v  1.8081 4.4053 2.5814
v  1.5632 4.6267 2.5067
v  1.5322 4.7099 2.5635
v  1.5959 4.7206 2.6844
v  1.7330 4.6504 2.6970
v  1.4869 4.8220 2.6415
v  2.1300 4.4213 2.5648
v  1.9337 4.4525 2.6059
v  1.9555 4.3524 2.5686
v  2.1464 4.3021 2.5224
v  1.8694 4.6219 2.6874
v  2.0613 4.5764 2.6809
v  2.4262 4.2050 2.4787
v  2.7226 4.0831 2.4899
v  2.7083 4.1526 2.5745
v  2.4160 4.3120 2.5441
v  2.3593 4.4566 2.6949
v  2.6664 4.2798 2.7516
v  3.1761 3.9877 2.6413
v  2.9728 4.0630 2.6029
v  2.9759 3.9944 2.5251
v  3.1676 3.9127 2.5794
v  2.9653 3.9372 2.5003
v  3.1505 3.8530 2.5621
v  2.9466 4.1714 2.7971
v  3.1591 4.0778 2.8453
v  4.6928 3.6507 2.5096
v  4.7312 3.6036 2.5283
v  4.6863 3.5745 2.3824
v  4.6511 3.6220 2.3573
v  4.7014 3.5241 2.4001
v  4.7478 3.5511 2.5372
v  4.8328 3.6706 2.8328
v  4.7862 3.7156 2.8194
v  4.8421 3.6121 2.8457
v  3.2889 4.2602 2.4208
v  3.4365 4.1653 2.3918
v  3.4592 4.1999 2.5344
v  3.3098 4.3083 2.5588
v  3.6449 4.0837 2.5023
v  3.6121 4.0489 2.3593
v  3.7254 4.1600 2.7466
v  3.5124 4.2754 2.7643
v  3.3311 4.3746 2.7807
v  2.3369 4.8427 2.3199
v  2.1936 4.9895 2.3067
v  2.4814 4.7127 2.3192
v  2.0201 5.3724 2.3631
v  2.0524 5.2785 2.2610
v  1.7948 5.3743 2.2265
v  1.7578 5.4675 2.3166
v  0.0499 7.1858 3.5620
v  0.0254 7.1624 3.5314
v  0.0614 7.1894 3.5167
v  0.0787 7.2120 3.5597
v  0.0278 7.1886 3.4765
v  0.0048 7.1660 3.4955
v  0.0675 7.2389 3.4644
v  0.0976 7.2390 3.5110
v  0.1190 7.2616 3.5583
v  -0.0649 7.2998 3.5397
v  -0.0476 7.3412 3.5203
v  -0.0694 7.3071 3.4769
v  -0.0867 7.2575 3.5216
v  -0.0175 7.3756 3.4483
v  -0.0018 7.4150 3.4962
v  -0.0073 7.3203 3.4169
v  -0.0619 7.2556 3.4406
v  -0.0819 7.2063 3.4972
v  -0.0203 7.3115 3.6074
v  0.0096 7.3595 3.6026
v  -0.0221 7.3614 3.5630
v  -0.0518 7.3009 3.5781
v  0.0251 7.4348 3.5459
v  0.0586 7.4313 3.5945
v  0.1343 7.2960 3.6044
v  0.0865 7.2378 3.6038
v  0.0726 7.2783 3.6362
v  0.1291 7.3428 3.6440
v  0.0150 7.2263 3.6187
v  0.0372 7.1929 3.5914
v  0.1476 7.3036 3.5146
v  0.1668 7.3283 3.5612
v  0.1200 7.3089 3.4664
v  0.1875 7.3645 3.4704
v  0.2090 7.3595 3.5240
v  0.2348 7.3701 3.5749
v  0.0929 7.3390 3.4194
v  0.0298 7.2647 3.4175
v  0.1673 7.3991 3.4232
v  0.0648 7.3936 3.3888
v  0.1550 7.4520 3.3823
v  0.0634 7.5105 3.4685
v  0.0523 7.4611 3.4145
v  0.1497 7.5289 3.3888
v  0.1626 7.5839 3.4458
v  0.1282 7.5128 3.5854
v  0.0941 7.5244 3.5292
v  0.1882 7.5969 3.5150
v  0.2162 7.5783 3.5776
v  0.0957 7.3974 3.6336
v  0.1624 7.4732 3.6291
v  0.1901 7.4143 3.6424
v  0.2552 7.4714 3.6467
v  0.2412 7.5314 3.6219
v  0.2545 7.4040 3.6319
v  0.1879 7.3642 3.6038
v  0.2769 7.3661 3.5398
v  0.2954 7.3746 3.6026
v  0.2596 7.3777 3.4806
v  0.3269 7.3711 3.4964
v  0.3371 7.3610 3.5601
v  0.3525 7.3802 3.6198
v  0.2497 7.4135 3.4282
v  0.2492 7.4702 3.3933
v  0.3326 7.4677 3.4136
v  0.3259 7.4061 3.4389
v  0.2757 7.5985 3.4452
v  0.2594 7.5421 3.3969
v  0.3490 7.5317 3.4228
v  0.3684 7.5821 3.4641
v  0.3130 7.5941 3.5763
v  0.2951 7.6130 3.5142
v  0.3863 7.6124 3.5243
v  0.3972 7.5967 3.5896
v  0.3234 7.4925 3.6495
v  0.3231 7.5513 3.6243
v  0.3890 7.4928 3.6619
v  0.3977 7.5529 3.6378
v  0.3699 7.4287 3.6612
v  0.3110 7.4257 3.6475
v  0.4265 7.3717 3.0612
v  0.3467 7.3853 3.0153
v  0.3841 7.3996 2.9603
v  0.4675 7.3869 3.0083
v  0.2741 7.4035 2.9764
v  0.3140 7.4194 2.9137
v  0.3608 7.4592 2.9033
v  0.4167 7.4480 2.9253
v  0.5033 7.4327 2.9692
v  0.4538 7.3306 3.1802
v  0.5203 7.3160 3.2303
v  0.4939 7.3743 3.2827
v  0.3753 7.3480 3.1239
v  0.4378 7.4033 3.2221
v  0.3592 7.4190 3.1651
v  0.5105 7.3598 3.1203
v  0.5839 7.3395 3.1802
v  0.5268 7.5187 3.2829
v  0.4546 7.5370 3.2316
v  0.4302 7.4680 3.2469
v  0.4942 7.4481 3.3028
v  0.3686 7.5529 3.1833
v  0.3520 7.4831 3.1895
v  0.5623 7.5736 3.2568
v  0.4910 7.5815 3.1944
v  0.5307 7.6030 3.1481
v  0.6077 7.6036 3.2149
v  0.4484 7.6230 3.0951
v  0.4038 7.6076 3.1503
v  0.6588 7.5971 3.1591
v  0.5707 7.5947 3.0952
v  0.6016 7.5561 3.0472
v  0.6944 7.5478 3.1110
v  0.5159 7.5714 2.9862
v  0.4905 7.6212 3.0346
v  0.6125 7.4895 3.0189
v  0.7055 7.4748 3.0840
v  0.6631 7.4141 3.1171
v  0.5202 7.5028 2.9626
v  0.5897 7.4207 3.0336
v  0.5505 7.3833 3.0752
v  0.6244 7.3782 3.1508
v  0.3843 7.3966 3.4491
v  0.3838 7.3653 3.5132
v  0.3932 7.4613 3.4236
v  0.4351 7.3941 3.4572
v  0.4444 7.4595 3.4290
v  0.4365 7.3617 3.5234
v  0.4111 7.5272 3.4346
v  0.4645 7.5292 3.4369
v  0.4326 7.5830 3.4731
v  0.4876 7.5836 3.4825
v  0.4599 7.5977 3.6073
v  0.4506 7.6165 3.5374
v  0.5065 7.6193 3.5498
v  0.5158 7.5942 3.6236
v  0.4463 7.4873 3.6790
v  0.4582 7.5486 3.6540
v  0.5145 7.5391 3.6726
v  0.5024 7.4729 3.7001
v  0.4256 7.4221 3.6778
v  0.4087 7.3748 3.6370
v  0.4601 7.3490 3.6516
v  0.4798 7.4006 3.6968
v  0.4464 7.3424 3.5881
v  0.3928 7.3555 3.5791
v  0.4967 7.4701 3.4302
v  0.4819 7.3994 3.4539
v  0.5269 7.4066 3.4439
v  0.5464 7.4811 3.4297
v  0.5308 7.3364 3.4872
v  0.4910 7.3565 3.5199
v  0.5240 7.3429 3.3167
v  0.5254 7.4260 3.3429
v  0.5385 7.4098 3.3690
v  0.5381 7.2987 3.3508
v  0.5922 7.4883 3.3704
v  0.5704 7.5031 3.3311
v  0.6130 7.5799 3.4851
v  0.6639 7.5774 3.4524
v  0.6178 7.5464 3.4140
v  0.5762 7.5452 3.4378
v  0.6339 7.5491 3.3718
v  0.7072 7.5790 3.3827
v  0.5898 7.4792 3.4119
v  0.5504 7.5856 3.4895
v  0.5223 7.5372 3.4422
v  0.6104 7.5639 3.3194
v  0.6661 7.5938 3.2883
v  0.5775 7.5928 3.6371
v  0.5696 7.6199 3.5580
v  0.6352 7.6103 3.5543
v  0.6443 7.5884 3.6421
v  0.5611 7.4487 3.7294
v  0.5757 7.5250 3.6927
v  0.6399 7.5135 3.7134
v  0.6166 7.4277 3.7673
v  0.5208 7.3129 3.4204
v  0.5498 7.4040 3.4068
v  0.8437 7.5225 3.2873
v  0.7741 7.5367 3.1882
v  0.7273 7.5817 3.2385
v  0.7847 7.5589 3.3351
v  0.9583 7.4512 3.3643
v  1.0494 7.4409 3.4852
v  1.0669 7.3631 3.4498
v  0.9583 7.3762 3.3487
v  0.8222 7.3639 3.2585
v  0.8760 7.4534 3.2392
v  0.9133 7.5060 3.4107
v  0.9860 7.4956 3.5347
v  0.7945 7.4600 3.1463
v  0.7292 7.3968 3.1929
v  0.7382 7.3049 3.2553
v  0.6845 7.3475 3.2131
v  0.6324 7.3075 3.2312
v  0.6726 7.2458 3.2654
v  0.5644 7.2969 3.2667
v  0.5859 7.2514 3.2893
v  0.6789 7.1759 3.2782
v  0.6087 7.1902 3.3079
v  0.6342 7.1177 3.3201
v  0.6994 7.1110 3.2831
v  0.5764 7.1270 3.3907
v  0.5579 7.2091 3.3744
v  0.6651 7.0397 3.3261
v  0.7029 6.9640 3.3267
v  0.7177 7.0368 3.2760
v  0.7524 6.9675 3.2799
v  0.6524 6.9557 3.3892
v  0.6076 7.0399 3.3935
v  0.8546 6.9598 3.2371
v  0.8238 7.0205 3.2415
v  0.8245 7.0169 3.1986
v  0.8393 6.9707 3.1803
v  0.7930 7.0707 3.2344
v  0.7947 7.0535 3.1817
v  0.8106 7.0174 3.1118
v  0.7819 7.0298 3.2674
v  0.7552 7.0919 3.2649
v  0.8180 6.9646 3.2725
v  0.9075 6.8053 3.0848
v  0.9394 6.8308 3.0263
v  0.9942 6.7170 3.0123
v  0.9597 6.6838 3.0613
v  1.0469 6.7707 2.9957
v  0.9933 6.8662 2.9985
v  1.1276 6.6604 3.0017
v  1.0740 6.5864 2.9960
v  1.0160 6.5409 3.0272
v  0.9482 6.9513 2.9793
v  0.8877 6.9289 3.0232
v  0.8428 7.0156 3.0023
v  0.9196 7.0332 2.9492
v  0.8580 6.9121 3.0966
v  0.9889 7.0587 2.9402
v  1.0137 6.9894 2.9799
v  1.0684 7.0438 3.0142
v  1.0470 7.0991 2.9660
v  1.1027 6.9855 3.0473
v  1.0527 6.9169 3.0033
v  0.9174 7.2603 3.2788
v  0.8687 7.2946 3.2984
v  0.9771 7.3135 3.3381
v  1.0071 7.2701 3.3145
v  1.0762 7.2936 3.4215
v  1.0894 7.2386 3.3813
v  0.7931 7.2614 3.2801
v  0.8471 7.2262 3.2787
v  0.7995 7.1853 3.2530
v  0.7451 7.2076 3.2749
v  0.8776 7.2255 3.2282
v  0.9511 7.2561 3.2526
v  0.8891 7.2325 3.2521
v  0.9626 7.2545 3.2209
v  0.7374 7.1506 3.2687
v  0.7715 7.1288 3.2350
v  0.7545 7.1152 3.1764
v  0.7860 7.1901 3.1832
v  0.7642 7.2149 3.0794
v  0.7766 7.1098 3.0904
v  0.8691 7.2367 3.1818
v  0.8665 7.2755 3.1139
v  0.9664 7.2659 3.1786
v  0.9699 7.3047 3.1194
v  0.8303 7.1929 2.9360
v  0.8254 7.1053 2.9742
v  0.9064 7.1873 2.8317
v  0.9112 7.1138 2.8948
v  0.8386 7.3603 2.9103
v  0.8531 7.3472 2.8306
v  0.8365 7.2728 2.8819
v  0.8043 7.3051 2.9778
v  0.8956 7.2631 2.7876
v  0.8884 7.3190 2.7748
v  1.0431 7.2126 2.8368
v  1.0889 7.2683 2.8689
v  1.0929 7.2083 2.9358
v  1.0434 7.1527 2.9013
v  1.0988 7.3084 2.9154
v  1.1034 7.2785 2.9787
v  1.0842 7.1589 3.0145
v  1.0963 7.2252 3.0663
v  0.9816 7.1284 2.8828
v  0.9825 7.1878 2.8078
v  1.0634 7.3689 2.9078
v  1.0650 7.3408 3.0122
v  0.9948 7.4052 2.9118
v  0.9815 7.3629 3.0248
v  1.0604 7.2895 3.1064
v  1.0112 7.3564 2.7679
v  1.0337 7.2908 2.7830
v  0.9703 7.2609 2.7400
v  0.9456 7.3595 2.7251
v  0.8821 7.3388 3.0195
v  0.9034 7.3992 2.9135
v  0.9207 7.4204 2.8060
v  1.0067 7.3955 2.8178
v  1.0599 7.3404 2.8310
v  1.8469 4.7084 1.6137
v  2.0324 4.7559 1.6043
v  2.0069 4.6401 1.5031
v  1.8278 4.5887 1.5116
v  2.0492 4.8294 1.6561
v  1.8593 4.7844 1.6701
v  1.8648 4.8438 1.7145
v  2.0555 4.8871 1.6968
v  1.7090 4.6668 1.6285
v  1.7326 4.7496 1.6908
v  1.6276 4.7349 1.6991
v  1.5986 4.6444 1.6317
v  1.6470 4.8127 1.7539
v  1.7480 4.8148 1.7405
v  1.8634 4.9163 1.7753
v  2.0524 4.9587 1.7559
v  1.8585 4.9921 1.8462
v  2.0445 5.0258 1.8300
v  1.6508 4.8971 1.8085
v  1.7525 4.8892 1.8034
v  1.7509 4.9638 1.8732
v  1.6522 4.9616 1.8816
v  1.8543 5.0676 1.9172
v  2.0384 5.0887 1.9177
v  1.8527 5.1391 1.9838
v  2.0426 5.1445 2.0049
v  1.7473 5.0318 1.9412
v  1.6516 5.0139 1.9534
v  1.7403 5.0936 2.0059
v  1.6439 5.0667 2.0149
v  1.8497 5.2632 2.1092
v  1.8276 5.3112 2.1617
v  2.0720 5.2276 2.2041
v  2.0757 5.2097 2.1753
v  2.0622 5.1873 2.0998
v  1.8543 5.2040 2.0475
v  1.7285 5.1497 2.0657
v  1.6297 5.1174 2.0720
v  1.7002 5.2050 2.1286
v  1.5935 5.1716 2.1332
v  1.6525 4.3981 1.3896
v  1.6788 4.5433 1.5250
v  1.5645 4.5288 1.5327
v  1.5039 4.3900 1.4058
v  1.5217 4.2298 1.2423
v  1.6392 4.2505 1.2327
v  1.6263 4.1219 1.0823
v  1.5201 4.1064 1.1016
v  1.4307 4.3044 1.4325
v  1.4575 4.1698 1.2821
v  1.5002 4.1103 1.3441
v  1.4650 4.2478 1.5111
v  1.4749 4.0486 1.1419
v  1.5161 3.9885 1.1870
v  1.4999 4.5453 1.5540
v  1.5093 4.6323 1.6333
v  1.4453 4.4936 1.5247
v  1.4279 4.5984 1.6301
v  1.4316 4.3727 1.6522
v  1.4065 4.4232 1.5657
v  1.3666 4.5341 1.6779
v  1.3763 4.4772 1.7667
v  1.5160 4.8255 1.7669
v  1.5115 4.7368 1.6958
v  1.4124 4.7035 1.7290
v  1.4032 4.7936 1.8200
v  1.5423 4.2099 1.6796
v  1.5141 4.3554 1.8453
v  1.4686 4.3639 1.7498
v  1.5106 4.2317 1.5939
v  1.4044 4.4592 1.8655
v  1.4390 4.4755 2.0001
v  1.5628 4.3137 1.9200
v  1.5349 4.4207 2.0678
v  1.5865 4.1746 1.7449
v  1.3365 4.7277 1.8786
v  1.3423 4.6405 1.7829
v  1.3431 4.5719 1.8561
v  1.3322 4.6458 1.9409
v  1.3663 4.5330 1.9164
v  1.3626 4.5707 1.9922
v  1.5168 4.4895 2.1758
v  1.5176 4.5505 2.2546
v  1.4221 4.6117 2.2072
v  1.4266 4.5483 2.1233
v  1.3944 4.8607 1.8897
v  1.5149 4.8994 1.8332
v  1.5095 4.9643 1.8942
v  1.3849 4.9170 1.9478
v  1.3497 4.6781 2.1434
v  1.3576 4.6200 2.0687
v  1.3256 4.7020 2.0107
v  1.3183 4.7538 2.0722
v  1.3315 4.8374 2.0101
v  1.3367 4.7871 1.9515
v  1.3767 4.9721 2.0065
v  1.5029 5.0222 1.9540
v  1.4967 5.0724 2.0140
v  1.3727 5.0266 2.0649
v  1.3230 4.8935 2.0672
v  1.3124 4.8136 2.1318
v  1.3120 4.8765 2.1854
v  1.3195 4.9526 2.1235
v  1.4278 4.6828 2.2789
v  1.3443 4.7433 2.2122
v  1.4207 4.7749 2.3431
v  1.3445 4.8113 2.2601
v  1.5076 4.6711 2.3971
v  1.5171 4.6097 2.3288
v  1.3278 4.9900 2.2834
v  1.3334 5.0726 2.2341
v  1.3235 5.0116 2.1779
v  1.3176 4.9380 2.2310
v  1.3762 5.0799 2.1210
v  1.3811 5.1347 2.1810
v  1.4927 5.1164 2.0756
v  1.4806 5.1588 2.1384
v  1.3390 4.8748 2.2782
v  1.3585 4.8956 2.3246
v  1.5194 5.2350 2.2066
v  1.6445 5.2658 2.2023
v  1.5839 5.3459 2.2774
v  1.4025 5.2937 2.3007
v  1.4572 4.8241 2.5114
v  1.4870 4.7409 2.4538
v  1.4194 4.8456 2.4071
v  1.4011 4.9297 2.4612
v  1.4502 5.2042 2.2009
v  1.3802 5.1968 2.2493
v  1.3586 5.0355 2.4252
v  1.3662 4.9533 2.3704
v  1.3340 5.0546 2.3357
v  1.3296 5.1343 2.3949
v  1.3350 5.2239 2.3596
v  1.3395 5.1414 2.2948
v  1.3895 5.4004 2.3916
v  1.5435 5.4482 2.3565
v  1.5134 5.5633 2.4421
v  1.3724 5.5138 2.4749
v  1.3688 5.0531 2.6769
v  1.4196 4.9251 2.5839
v  1.3757 5.0278 2.5298
v  1.3408 5.1504 2.6170
v  1.3152 5.2494 2.5805
v  1.3400 5.1317 2.4949
v  1.3150 5.2309 2.4667
v  1.2979 5.3458 2.5518
v  1.3114 5.4362 2.5170
v  1.3249 5.3227 2.4331
v  1.3538 5.6364 2.5633
v  1.4819 5.6860 2.5338
v  1.3247 5.7846 2.6724
v  1.4416 5.8394 2.6459
v  1.2669 5.4172 2.9207
v  1.3150 5.2239 2.7919
v  1.3063 5.3118 2.7256
v  1.2656 5.4907 2.8520
v  1.2683 5.5627 2.8077
v  1.2958 5.3971 2.6847
v  1.2809 5.4799 2.6504
v  1.2625 5.6347 2.7683
v  1.2731 5.7108 2.7209
v  1.2961 5.5624 2.6089
v  1.1580 5.7926 3.2012
v  1.2200 5.6080 3.0569
v  1.2164 5.6677 2.9915
v  1.1533 5.8382 3.1382
v  0.5381 7.2775 3.5424
v  0.5067 7.3036 3.6532
v  0.4998 7.3160 3.5799
v  0.5700 7.2172 3.6394
v  0.6592 6.9872 3.5752
v  0.6246 7.0845 3.5979
v  0.5854 7.0641 3.4959
v  0.6290 6.9690 3.4798
v  0.5530 7.1567 3.4964
v  0.5265 7.3580 3.7259
v  0.5690 7.3272 3.7530
v  0.5294 7.2343 3.4622
v  0.6611 7.1034 3.7934
v  0.6638 7.0956 3.7377
v  0.5987 6.9961 3.8092
v  0.5788 7.0282 3.8583
v  0.5593 7.0627 3.9190
v  0.6489 7.1079 3.8721
v  0.6653 7.2020 3.8364
v  0.6404 7.2084 3.7519
v  0.5703 7.0711 3.9861
v  0.6472 7.1256 3.9479
v  0.5926 7.0811 4.0710
v  0.6578 7.1512 4.0119
v  0.6789 7.2070 3.9665
v  0.6740 7.2028 3.9108
v  0.4645 6.6042 4.0213
v  0.5868 6.6262 4.1222
v  0.5599 6.6777 4.1408
v  0.4365 6.6648 4.0405
v  0.7256 6.6728 4.2018
v  0.7057 6.7209 4.2141
v  0.6845 6.7753 4.2183
v  0.5371 6.7388 4.1467
v  0.4145 6.7343 4.0515
v  0.6949 6.3042 3.8416
v  0.7466 6.2616 3.7952
v  0.8039 6.3211 3.9210
v  0.7735 6.3754 3.9608
v  0.8388 6.2663 3.8693
v  0.7982 6.2181 3.7469
v  0.9014 6.3324 3.9558
v  0.8830 6.3954 4.0115
v  0.8684 6.4533 4.0536
v  0.8602 6.1724 3.6850
v  0.8874 6.2096 3.8010
v  0.9453 6.1692 3.7591
v  0.9495 6.1053 3.6095
v  0.9625 6.2230 3.8346
v  0.9331 6.2651 3.8872
v  0.6467 6.2894 3.6301
v  0.7213 6.2440 3.5776
v  0.7215 6.2376 3.6782
v  0.6584 6.2882 3.7271
v  0.7855 6.1975 3.6274
v  0.7918 6.2069 3.5271
v  0.7011 6.3504 3.4715
v  0.7643 6.3045 3.4368
v  0.7320 6.2662 3.4988
v  0.6616 6.3086 3.5418
v  0.7973 6.2366 3.4575
v  0.8082 6.2748 3.4209
v  0.8610 6.1691 3.4726
v  0.8544 6.1568 3.5692
v  0.9478 6.0947 3.4852
v  0.9525 6.1143 3.4015
v  1.0619 5.9961 3.2844
v  1.0671 5.9693 3.3539
v  1.0858 5.9597 3.4279
v  0.6963 6.5621 3.5995
v  0.7791 6.5095 3.5551
v  0.6924 6.4663 3.5103
v  0.6060 6.5265 3.5595
v  0.7819 6.4101 3.4669
v  0.8763 6.4492 3.5198
v  0.6202 6.4112 3.5253
v  0.5449 6.4809 3.5867
v  1.1650 5.9082 3.0976
v  1.2217 5.7367 2.9469
v  1.2345 5.8123 2.9105
v  1.1825 5.9890 3.0640
v  1.2944 6.2687 2.8799
v  1.3750 6.0645 2.7564
v  1.2865 5.9690 2.8273
v  1.2061 6.1851 2.9873
v  1.5723 6.1050 2.7608
v  1.4472 6.3480 2.9464
v  1.1972 6.0669 3.0243
v  1.2497 5.8897 2.8713
v  1.1868 6.4346 2.9649
v  1.2558 6.5323 2.9810
v  1.1102 6.3845 3.0141
v  0.9629 6.1757 3.3583
v  1.0709 6.0630 3.2444
v  1.0962 6.1407 3.2145
v  0.9901 6.2953 3.3669
v  0.8655 6.2154 3.4093
v  0.8686 6.2861 3.3987
v  0.9332 6.3897 3.4561
v  0.8415 6.3481 3.4278
v  1.0357 6.4512 3.3615
v  0.9938 6.4692 3.4437
v  0.9870 6.5631 3.4164
v  1.0059 6.5690 3.3340
v  0.9383 6.5125 3.5084
v  0.9706 6.5724 3.4883
v  1.0102 6.5774 3.2564
v  1.0409 6.4550 3.2708
v  1.0411 6.4468 3.1813
v  0.9938 6.5706 3.1783
v  1.0763 6.3488 3.1860
v  1.0603 6.3214 3.2550
v  1.0598 6.4043 3.0912
v  1.1189 6.2801 3.1106
v  0.9852 6.5441 3.0977
v  1.1174 6.2017 3.1590
v  0.2985 7.3664 3.0776
v  0.2281 7.3983 3.0411
v  0.2872 7.4342 3.1167
v  0.2413 7.4419 3.0849
v  0.3455 7.5857 2.9172
v  0.4305 7.5822 2.9442
v  0.4332 7.5154 2.9206
v  0.3519 7.5165 2.8924
v  0.3146 7.6417 3.0228
v  0.2556 7.6213 3.0503
v  0.3188 7.6227 3.1078
v  0.3694 7.6387 3.0520
v  0.2829 7.5598 3.1369
v  0.2102 7.5582 3.0810
v  0.2791 7.4925 3.1343
v  0.2236 7.4912 3.0812
v  0.3269 7.6253 2.9720
v  0.4076 7.6289 2.9928
v  0.2069 7.5258 2.9434
v  0.1779 7.5468 2.9986
v  0.2435 7.6021 2.9770
v  0.2578 7.5609 2.9195
v  0.1802 7.4662 3.0185
v  0.2075 7.4581 2.9386
v  0.2760 7.4896 2.9011
v  -0.0550 7.1901 3.5784
v  -0.0183 7.1566 3.5553
v  -0.0448 7.1593 3.4853
v  -0.0176 7.2081 3.4408
v  -0.0609 7.2447 3.5826
v  -0.0102 7.2720 3.6262
v  0.0413 7.3279 3.6362
v  0.8706 6.5716 3.5739
v  0.8098 6.6303 3.6226
v  0.8695 6.6976 3.5338
v  0.9305 6.6259 3.5112
v  0.7006 6.8802 3.3810
v  0.6709 6.8835 3.4663
v  0.7368 6.8187 3.4567
v  0.7546 6.8128 3.3719
v  0.7519 6.8335 3.5552
v  0.6995 6.9039 3.5612
v  0.8793 6.6971 3.3550
v  0.9515 6.6453 3.3414
v  0.9314 6.6314 3.4181
v  0.8682 6.6947 3.4346
v  0.8145 6.7516 3.3639
v  0.7996 6.7537 3.4460
v  0.8069 6.7654 3.5458
v  0.9123 6.7840 3.1553
v  0.8695 6.8872 3.1691
v  0.8854 6.8758 3.2297
v  0.9286 6.7733 3.2363
v  0.9083 6.7248 3.2936
v  0.9596 6.6719 3.2006
v  0.9684 6.6637 3.2721
v  0.8210 6.8563 3.2822
v  0.8695 6.8264 3.2684
v  0.8532 6.7827 3.3062
v  0.7975 6.8384 3.3130
v  0.9397 6.6694 3.1255
v  0.8594 6.8955 3.2714
v  0.7939 6.9056 3.2774
v  0.7470 6.8977 3.3209
v  0.7450 6.6335 4.1875
v  0.8230 6.6509 4.2750
v  0.8020 6.6901 4.2920
v  0.8452 6.6185 4.2579
v  0.7664 6.6023 4.1686
v  0.9197 6.6349 4.3388
v  0.8973 6.6748 4.3537
v  0.8789 6.7207 4.3690
v  0.6821 6.9417 3.6758
v  0.6689 7.0301 3.6983
v  0.6174 6.9364 3.7753
v  0.6270 6.8597 3.7456
v  0.7069 6.8543 3.6644
v  0.7383 6.7729 3.6612
v  0.6516 6.6902 3.6953
v  0.6463 6.7721 3.7314
v  0.7690 6.6977 3.6499
v  0.6591 6.6223 3.6444
v  0.5353 6.6584 3.6504
v  0.5161 6.7273 3.6897
v  0.4274 6.6699 3.7160
v  0.4596 6.6085 3.6754
v  0.3876 6.7390 3.7535
v  0.4932 6.8024 3.7261
v  0.5582 6.5927 3.6055
v  0.4953 6.5467 3.6352
v  0.5228 6.5146 3.9785
v  0.5541 6.4762 3.9555
v  0.6671 6.5160 4.0576
v  0.6402 6.5494 4.0797
v  0.6977 6.4781 4.0319
v  0.5929 6.4320 3.9256
v  0.7887 6.5736 4.1478
v  0.8293 6.5455 4.1339
v  0.4906 6.4253 3.7460
v  0.4430 6.4809 3.7850
v  0.4517 6.5084 3.7002
v  0.5016 6.4465 3.6564
v  0.4164 6.5637 3.7361
v  0.4113 6.5299 3.8147
v  0.4935 6.5556 3.9998
v  0.6135 6.5842 4.1018
v  0.3860 6.6191 3.7727
v  0.3510 6.6838 3.8121
v  0.3848 6.5805 3.8433
v  0.3548 6.6416 3.8741
v  0.5629 6.3549 3.6902
v  0.5865 6.3523 3.7830
v  0.5227 6.4173 3.8336
v  0.6418 6.3697 3.8858
v  0.4496 6.5134 3.8917
v  0.4794 6.4680 3.8676
v  0.5762 6.3731 3.5975
v  0.4204 6.5581 3.9157
v  0.3883 6.6111 3.9415
v  1.8400 6.0166 3.2612
v  1.9446 5.7898 3.1192
v  1.7963 6.0039 2.9050
v  1.7140 6.2351 3.0496
v  2.1774 5.6544 3.2513
v  2.0903 5.8736 3.4049
v  2.3730 5.7323 3.5461
v  2.4302 5.5243 3.3702
v  1.7459 6.2117 3.3800
v  2.0070 6.0582 3.5381
v  1.9444 6.1944 3.6400
v  1.6741 6.3472 3.4736
v  2.3025 6.0653 3.7861
v  2.3302 5.9209 3.6859
v  3.4996 4.9750 3.8589
v  3.7895 4.8797 3.9162
v  3.5323 5.2035 4.0925
v  3.8264 5.1266 4.1586
v  4.1118 4.7550 4.0054
v  4.1644 5.0265 4.2508
v  5.4220 4.2400 4.4600
v  5.4057 4.3020 4.4455
v  5.5511 4.5460 4.7410
v  5.5979 4.4848 4.7613
v  5.5771 4.4157 4.8018
v  5.4050 4.1782 4.4763
v  3.9611 4.7651 4.4535
v  3.9354 4.5104 4.2005
v  4.2203 4.4298 4.2650
v  4.2731 4.6860 4.5346
v  4.5268 4.2988 4.3740
v  4.6102 4.5621 4.6584
v  3.0307 5.0601 4.1515
v  2.7378 5.1801 4.0535
v  2.7941 4.9338 3.8446
v  3.0784 4.8073 3.9466
v  2.4406 5.1150 3.6873
v  2.3755 5.3487 3.8904
v  1.6138 5.6968 3.4530
v  1.4157 5.7463 3.3838
v  1.5037 5.5356 3.2375
v  1.6871 5.4798 3.3136
v  1.9715 5.5464 3.6530
v  2.0417 5.3252 3.4811
v  2.2981 5.7029 4.1899
v  1.8853 5.8928 3.9367
v  1.9217 5.7420 3.8145
v  2.3287 5.5484 4.0644
v  1.5495 5.8835 3.6127
v  1.5033 6.0265 3.7388
v  1.2253 5.9393 3.5405
v  1.1374 5.9475 3.4942
v  1.1566 6.1077 3.7136
v  1.0465 6.0805 3.6639
v  1.2975 6.0923 3.6637
v  1.3402 5.9383 3.5463
v  2.1568 6.2477 4.6130
v  1.7357 6.3826 4.3591
v  1.7577 6.3441 4.3122
v  2.1837 6.2107 4.5641
v  1.3560 6.4644 4.1775
v  1.3606 6.4182 4.1464
v  1.3496 6.3505 4.1526
v  1.7594 6.2850 4.2958
v  2.2044 6.1709 4.5168
v  2.7986 6.0406 5.0270
v  2.5193 6.1289 4.8430
v  2.5460 6.0765 4.7920
v  2.8334 5.9807 4.9649
v  2.5550 6.0381 4.7598
v  2.8425 5.9413 4.9267
v  4.5799 5.3347 5.7030
v  4.1498 5.4978 5.5045
v  4.1661 5.4524 5.4468
v  4.5940 5.3036 5.6417
v  4.5252 5.4121 5.8259
v  4.0850 5.5565 5.6339
v  3.7837 5.6127 5.3907
v  3.7130 5.6623 5.5080
v  3.8123 5.5793 5.3289
v  4.2683 5.5846 4.7490
v  3.9244 5.6767 4.6215
v  3.9630 5.7760 4.6596
v  4.2964 5.6765 4.7821
v  3.7354 5.8921 4.4915
v  3.6696 5.7645 4.4677
v  3.7484 5.9851 4.6048
v  3.9741 5.8534 4.7304
v  4.2958 5.7503 4.8459
v  1.6507 6.4140 3.5382
v  1.9194 6.2730 3.7004
v  1.9326 6.3522 3.7264
v  1.6528 6.4933 3.5538
v  2.2906 6.2076 3.8914
v  2.2933 6.1441 3.8414
v  2.2031 6.5377 4.1899
v  2.2318 6.4978 4.1353
v  1.9194 6.6513 3.9028
v  1.6529 6.7800 3.7581
v  1.8860 6.6614 3.9554
v  1.6745 6.7741 3.7014
v  1.6259 6.7702 3.8329
v  1.8679 6.6987 4.0226
v  2.1669 6.5719 4.2706
v  1.9911 6.4759 3.7084
v  1.7061 6.6774 3.5917
v  2.0021 6.5871 3.7578
v  1.6808 6.5864 3.5656
v  2.3382 6.4598 3.9683
v  2.3473 6.3491 3.8812
v  1.9580 6.6301 3.8416
v  1.6942 6.7376 3.6447
v  2.2684 6.4629 4.0741
v  1.6193 6.4243 3.1872
v  1.5740 6.5559 3.2875
v  1.4298 6.5583 3.0782
v  1.4191 6.7208 3.1891
v  1.5446 6.6420 3.3381
v  1.5599 6.5634 3.3722
v  1.5147 6.7109 3.3870
v  1.4122 6.8196 3.2481
v  1.4218 6.8784 3.3139
v  1.4997 6.7658 3.4546
v  1.5110 6.8242 3.4987
v  1.4037 6.9126 3.3881
v  1.4031 6.9501 3.4697
v  1.5176 6.8788 3.5624
v  1.0998 6.8396 3.0182
v  1.1433 6.9195 3.0700
v  1.2014 6.8530 3.0906
v  1.1680 6.7544 3.0344
v  1.2742 6.6607 3.0492
v  1.2739 6.7864 3.1318
v  1.1100 7.2060 3.3186
v  1.0322 7.2444 3.2777
v  1.0497 7.2371 3.2260
v  1.1437 7.1776 3.2279
v  1.2990 6.8791 3.1957
v  1.2249 6.9357 3.1656
v  1.3207 6.9415 3.2574
v  1.2507 7.0045 3.2283
v  1.2013 7.0799 3.2126
v  1.1978 7.1308 3.2959
v  1.2445 7.0668 3.3417
v  1.2566 7.0397 3.2810
v  1.2164 7.0944 3.2588
v  1.1416 7.0765 3.1168
v  1.1792 7.0113 3.1387
v  1.1155 7.1992 3.1392
v  1.0980 7.1175 3.0800
v  1.0562 7.2534 3.1707
v  1.3236 6.9855 3.3180
v  1.2978 6.9960 3.4013
v  6.0303 5.2753 5.5327
v  6.1113 5.1967 5.6058
v  6.0697 5.1102 5.5334
v  5.9773 5.1619 5.4334
v  6.1555 5.0530 5.6145
v  6.1870 5.1146 5.6680
v  6.0946 5.0096 5.5748
v  6.0275 5.0244 5.4971
v  5.8987 5.0387 5.3620
v  6.0982 4.9588 5.6041
v  6.0039 4.9588 5.5187
v  5.9917 4.8994 5.5565
v  6.0789 4.8971 5.6301
v  5.9197 4.8848 5.4651
v  5.9284 4.9495 5.4061
v  6.1798 4.9865 5.6565
v  6.2215 5.0387 5.7136
v  6.2100 4.9632 5.7564
v  6.1597 4.9194 5.6899
v  6.1784 5.1535 5.8451
v  6.2234 5.0900 5.7843
v  6.1946 5.1700 5.7341
v  6.1677 5.2063 5.7944
v  6.1579 5.0727 5.9098
v  6.2069 5.0125 5.8371
v  6.1179 4.8590 5.7402
v  6.0475 4.8444 5.6780
v  6.1518 4.8906 5.8019
v  6.0409 4.8439 5.8217
v  6.0271 4.8297 5.7666
v  5.9949 4.8272 5.7060
v  6.0912 4.9707 5.9383
v  6.1436 4.9307 5.8716
v  6.0359 4.8660 5.8817
v  6.0120 4.9041 5.9230
v  5.9026 4.8998 5.9180
v  5.8852 4.8444 5.8601
v  5.7583 4.8970 5.9253
v  5.7347 4.8145 5.8557
v  5.8934 4.8125 5.8051
v  5.7432 4.7777 5.7787
v  2.1664 5.9667 4.5087
v  2.5184 5.8524 4.7278
v  2.5459 5.9589 4.7371
v  2.1923 6.0731 4.5065
v  2.8091 5.7813 4.8687
v  2.8342 5.8746 4.8908
v  2.2570 5.8467 4.2845
v  1.8262 6.0384 4.0320
v  1.8548 5.9839 3.9951
v  2.2746 5.7921 4.2539
v  1.4772 6.1137 3.7896
v  1.4361 6.1554 3.8272
v  1.2930 6.1533 3.7183
v  1.2352 6.1743 3.7538
v  1.3217 6.2487 4.1531
v  1.7350 6.1825 4.3003
v  1.3240 6.1764 4.0903
v  1.7260 6.0954 4.2674
v  1.1306 6.2863 4.0427
v  1.1311 6.3561 4.0930
v  1.0310 6.3513 4.0518
v  1.1543 6.2461 3.9761
v  1.0467 6.2979 3.9843
v  1.0846 6.2553 3.9042
v  1.7369 6.0622 4.2080
v  1.7568 6.0530 4.1459
v  1.3490 6.1567 4.0216
v  1.3627 6.1516 3.9610
v  2.2087 5.9133 4.3737
v  2.1758 5.9137 4.4472
v  1.1793 6.2254 3.8930
v  1.1974 6.2084 3.8182
v  1.1027 6.2024 3.8041
v  1.3928 6.1548 3.8924
v  1.0174 6.1712 3.7774
v  1.0093 6.2403 3.8587
v  1.1877 6.2245 3.9427
v  0.9837 6.2945 3.9395
v  0.9606 6.3543 4.0085
v  1.7895 6.0553 4.0868
v  2.2383 5.8973 4.3222
v  0.8450 6.5002 4.0869
v  0.7357 6.4310 3.9977
v  0.8694 6.5901 4.2377
v  0.8976 6.5669 4.2231
v  0.9454 6.5976 4.3201
v  0.9748 6.5702 4.2955
v  0.9541 6.4168 4.0681
v  0.9540 6.4793 4.1085
v  1.0381 6.4264 4.0883
v  1.0572 6.4938 4.1407
v  1.1427 6.4326 4.1023
v  1.1536 6.4792 4.1343
v  0.9263 6.5346 4.1856
v  0.9383 6.5130 4.1496
v  1.0334 6.5147 4.1917
v  1.0181 6.5302 4.2323
v  0.9331 6.5500 4.2218
v  1.0034 6.5488 4.2697
v  1.1788 6.5004 4.1750
v  1.1524 6.5121 4.2028
v  1.3511 6.5006 4.2366
v  1.3377 6.5363 4.2888
v  1.0772 6.5738 4.3680
v  1.0447 6.6088 4.4045
v  1.2535 6.5943 4.4951
v  1.2159 6.6306 4.5420
v  1.0161 6.6588 4.4305
v  1.1816 6.6866 4.5792
v  1.1257 6.5377 4.2834
v  1.1051 6.5542 4.3258
v  1.3056 6.5841 4.3937
v  1.2826 6.5842 4.4457
v  1.3246 6.5686 4.3392
v  1.1380 6.5247 4.2409
v  1.5491 6.6358 4.7403
v  1.8731 6.6504 5.0685
v  1.8114 6.6649 5.1303
v  1.4965 6.6422 4.8020
v  1.4480 6.6955 4.8501
v  1.7553 6.7277 5.1786
v  2.1094 6.3201 4.6973
v  1.7072 6.4329 4.4310
v  2.0528 6.4179 4.7974
v  1.6742 6.4886 4.5106
v  1.9939 6.5234 4.8959
v  1.6371 6.5459 4.5855
v  1.6055 6.5988 4.6465
v  1.9429 6.6087 4.9773
v  1.9110 6.6492 5.0239
v  1.5816 6.6315 4.6916
v  2.3759 6.7491 5.6997
v  2.2924 6.7897 5.7703
v  2.0889 6.7385 5.4695
v  2.1562 6.6977 5.4104
v  2.0330 6.8177 5.5133
v  2.2316 6.8863 5.8166
v  2.4551 6.2304 4.9459
v  2.7150 6.1578 5.1522
v  2.3792 6.3689 5.0731
v  2.6210 6.3238 5.3078
v  2.5555 6.5264 5.4590
v  2.3132 6.5265 5.2006
v  2.2525 6.6488 5.3089
v  2.4915 6.6799 5.5903
v  2.4376 6.7400 5.6538
v  2.2066 6.6957 5.3656
v  3.1778 6.7978 6.5117
v  3.5195 6.7786 6.7702
v  3.4255 6.7768 6.8643
v  3.0791 6.8079 6.5971
v  3.8449 6.7416 7.1800
v  3.9368 6.7539 7.0743
v  3.7400 6.7912 7.2732
v  3.3233 6.8286 6.9514
v  2.9838 6.8778 6.6707
v  3.5412 6.7345 6.7053
v  3.5538 6.6044 6.6207
v  3.2177 6.7763 6.4443
v  3.2330 6.6512 6.3711
v  3.9783 6.5796 6.8801
v  3.9486 6.6966 7.0035
v  2.6978 7.1115 5.4665
v  2.7262 6.9934 5.4350
v  2.3904 7.0394 5.0884
v  2.3656 7.1364 5.1295
v  2.0176 7.0754 4.7049
v  2.0251 7.1641 4.7275
v  2.0106 7.2576 4.7691
v  2.3432 7.2403 5.1640
v  2.6728 7.2446 5.4851
v  1.7775 7.0961 4.3671
v  1.7686 7.1638 4.3930
v  1.5923 7.1601 4.1280
v  1.6065 7.1052 4.1087
v  1.5648 7.2150 4.1492
v  1.7471 7.2339 4.4273
v  1.8528 6.7647 4.1330
v  2.1381 6.6475 4.4001
v  1.6250 6.8180 3.9326
v  1.6109 6.8848 4.0155
v  1.8299 6.8356 4.2449
v  2.1155 6.7546 4.5261
v  2.0515 6.9497 4.6544
v  1.7789 6.9791 4.3423
v  1.7716 7.0373 4.3590
v  2.0340 7.0156 4.6789
v  1.5854 7.0015 4.0890
v  1.6003 7.0545 4.0974
v  1.8044 6.9105 4.3075
v  1.5928 6.9430 4.0645
v  2.0825 6.8584 4.6072
v  1.3623 7.1426 3.8216
v  1.2869 7.1779 3.7282
v  1.2963 7.2144 3.7816
v  1.3710 7.1755 3.8514
v  1.2362 7.2701 3.7528
v  1.1920 7.2236 3.6594
v  1.2601 7.2756 3.8583
v  1.3236 7.2336 3.8662
v  1.3786 7.2038 3.8930
v  1.4088 6.9683 3.7267
v  1.4972 6.8720 3.7449
v  1.5183 6.9023 3.6489
v  1.4233 6.9863 3.5823
v  1.4472 6.8931 3.8825
v  1.4904 6.8453 3.8405
v  1.4729 7.1219 3.9342
v  1.4696 7.1645 3.9536
v  1.4449 7.2036 3.9734
v  1.3317 7.0450 3.5083
v  1.2311 7.0862 3.4397
v  1.2601 7.1338 3.5493
v  1.3517 7.0683 3.6133
v  1.3536 7.0698 3.6740
v  1.3139 7.1058 3.6647
v  1.3612 7.0628 3.7772
v  1.3655 7.0075 3.7750
v  1.2292 7.1845 3.5948
v  1.1576 7.2416 3.5074
v  1.1637 7.1886 3.4544
v  1.1303 7.2995 3.5530
v  1.3620 7.1076 3.7929
v  1.2892 7.1396 3.6875
v  1.1692 7.1466 3.3745
v  1.4495 7.0295 3.9102
v  1.4614 7.0778 3.9218
v  1.4359 6.9644 3.9047
v  1.4241 7.2731 4.1951
v  1.5133 7.2608 4.1790
v  1.3920 7.2409 3.9879
v  1.3205 7.2640 3.9906
v  1.6152 7.2985 4.5489
v  1.6901 7.2959 4.4791
v  1.9320 7.2998 4.8500
v  1.8449 7.3010 4.9347
v  1.4281 7.3165 4.4464
v  1.5389 7.3531 4.6625
v  1.5691 7.3124 4.6114
v  1.4118 7.2868 4.3233
v  1.7970 7.3404 4.9897
v  1.7536 7.3855 5.0372
v  2.2701 7.3044 5.2356
v  2.1718 7.2918 5.3262
v  2.4956 7.3414 5.6441
v  2.6025 7.3530 5.5499
v  2.1134 7.3392 5.3738
v  2.0430 7.3964 5.4144
v  2.3334 7.4371 5.7204
v  2.4253 7.3724 5.6892
v  3.3918 7.3184 6.6039
v  3.3187 7.3480 6.7082
v  3.6258 7.3917 6.9301
v  3.7142 7.3595 6.8290
v  3.4558 7.4489 7.0200
v  3.1754 7.4037 6.8026
v  3.7626 7.4907 7.2651
v  3.9644 7.4477 7.1855
v  4.0711 7.4169 7.0972
v  3.6227 7.0159 7.3369
v  3.2270 7.0297 7.0196
v  3.2604 6.9210 7.0066
v  3.6769 6.9111 7.3152
v  2.9313 6.9631 6.7158
v  2.8990 7.0568 6.7327
v  1.7035 6.8959 5.2110
v  1.7273 6.8142 5.1975
v  1.9987 6.8933 5.5349
v  1.9625 6.9649 5.5544
v  2.1946 6.9624 5.8358
v  2.1591 7.0296 5.8494
v  1.1556 6.7506 4.6066
v  0.9932 6.7116 4.4504
v  0.9782 6.7668 4.4658
v  1.1424 6.8162 4.6218
v  1.4144 6.7690 4.8813
v  1.3983 6.8480 4.8940
v  1.1376 6.8693 4.6323
v  0.9706 6.8195 4.4818
v  1.1457 6.9269 4.6264
v  0.9757 6.8716 4.4982
v  0.8485 6.8371 4.4328
v  0.8633 6.7738 4.3910
v  0.7810 6.7394 4.3127
v  0.7541 6.7907 4.3325
v  1.3906 6.9133 4.8987
v  1.3766 6.9722 4.9036
v  1.6860 6.9705 5.2172
v  1.6496 7.0390 5.2349
v  0.9948 6.9237 4.5203
v  0.9327 6.9294 4.5144
v  1.1292 6.9837 4.6381
v  1.0751 7.0451 4.6758
v  1.2778 7.2542 4.0934
v  1.3023 7.2864 4.2135
v  1.2291 7.3147 4.1919
v  1.1909 7.2722 4.0547
v  1.3133 7.3785 4.4034
v  1.3611 7.3347 4.3970
v  1.0938 7.3263 4.0219
v  1.1335 7.3016 4.0391
v  1.1457 7.3141 3.9630
v  1.1232 7.3276 3.9338
v  1.1865 7.3039 3.9571
v  1.1668 7.3294 3.8924
v  1.2489 7.2847 3.9722
v  1.2100 7.3085 3.8664
v  5.3248 6.9422 7.9241
v  5.2547 6.9469 8.0360
v  5.1754 6.8888 7.9979
v  5.2635 6.8761 7.8702
v  5.3541 6.9972 7.9618
v  5.3145 7.0229 8.0443
v  5.2445 7.0507 8.0914
v  5.1731 7.0197 8.0961
v  5.0768 6.9777 8.0694
v  5.2558 7.3216 7.8989
v  5.1804 7.3031 8.0124
v  5.2634 7.2690 8.0222
v  5.3304 7.2113 7.8652
v  5.2888 7.2282 7.7979
v  5.3234 7.2473 7.9533
v  5.1682 7.3773 7.8303
v  5.2236 7.2612 7.7098
v  5.0623 7.3439 7.9649
v  5.0092 7.1681 8.0694
v  5.1357 7.1744 8.1016
v  5.1436 7.2396 8.0674
v  5.0159 7.2612 8.0337
v  5.2512 7.1616 8.0901
v  5.2611 7.2144 8.0645
v  5.3627 7.1357 8.0057
v  5.3553 7.1864 7.9827
v  5.3581 7.0975 7.8646
v  5.3474 7.1542 7.8574
v  5.2452 7.1058 8.0972
v  5.1406 7.0985 8.1097
v  5.0279 7.0760 8.0779
v  5.3489 7.0893 8.0303
v  5.3688 7.0452 7.9118
v  5.2815 6.9344 7.7454
v  5.3348 6.9912 7.8216
v  5.3063 7.0626 7.7624
v  5.2557 7.0283 7.6703
v  5.2897 7.1383 7.7599
v  5.2274 7.1335 7.6711
v  0.9837 7.6376 4.3908
v  1.0805 7.7897 4.6992
v  1.1494 7.7765 4.6778
v  1.0510 7.6244 4.3667
v  1.2730 7.9670 5.0469
v  1.2001 7.9987 5.0706
v  1.3294 7.9141 5.0304
v  1.2088 7.7429 4.6573
v  1.1087 7.5888 4.3461
v  0.9051 7.6245 4.3945
v  0.9962 7.7761 4.7006
v  0.9038 7.7395 4.7227
v  0.8170 7.5880 4.4200
v  0.9995 7.9688 5.1079
v  1.1040 7.9979 5.0804
v  0.8966 7.3914 3.9977
v  0.9260 7.5027 4.1583
v  0.9894 7.4876 4.1407
v  0.9548 7.3775 3.9850
v  1.0416 7.4534 4.1321
v  1.0078 7.3574 3.9820
v  0.8430 7.3911 4.0093
v  0.8580 7.4925 4.1675
v  0.7751 7.4645 4.1985
v  0.7609 7.3643 4.0237
v  1.1232 7.3596 3.8276
v  1.0817 7.3548 3.8943
v  1.0235 7.3809 3.8645
v  1.0530 7.4075 3.7587
v  1.0525 7.3430 3.9982
v  0.6957 7.2725 3.9817
v  0.7682 7.3633 3.9050
v  0.6576 7.3197 3.8595
v  0.6865 7.3080 3.9095
v  0.7455 7.4078 3.8255
v  0.6206 7.3194 3.8003
v  0.6741 7.4214 3.8026
v  1.0831 7.3734 3.6008
v  1.0331 7.4631 3.6471
v  1.1432 7.3447 3.6912
v  1.1783 7.3265 3.7740
v  0.7083 7.5126 3.7315
v  0.7684 7.5112 3.7463
v  0.8062 7.5687 3.6328
v  0.7169 7.5844 3.6365
v  0.9503 7.3821 3.8617
v  0.9549 7.4436 3.7768
v  0.8729 7.4320 3.7911
v  0.8821 7.3803 3.8754
v  0.7656 7.5783 3.4950
v  0.8440 7.5462 3.4534
v  0.9027 7.5405 3.5772
v  0.6979 7.5945 3.5310
v  0.8082 7.4961 3.7632
v  0.8598 7.5214 3.7271
v  0.8163 7.4121 3.8078
v  0.9434 7.5086 3.6883
v  0.8286 7.3744 3.8903
v  0.6713 7.2058 4.0695
v  0.6844 7.2867 4.1526
v  0.6232 7.1331 4.1581
v  0.6274 7.2009 4.2631
v  0.6727 6.8886 4.3585
v  0.7141 6.8401 4.3457
v  0.7892 6.8832 4.4472
v  0.7321 6.9289 4.4682
v  0.6455 6.9020 4.2004
v  0.6636 6.8311 4.2068
v  0.6433 6.9390 4.3788
v  0.6145 6.9767 4.3129
v  0.6713 6.9880 4.4711
v  0.6096 7.0479 4.4321
v  0.6177 7.0494 4.2378
v  0.5938 6.9891 4.1432
v  0.5895 7.1230 4.3590
v  0.8777 7.0589 4.7233
v  0.7929 6.9688 4.5752
v  0.8668 6.9372 4.5437
v  0.9637 7.0529 4.6785
v  0.6567 7.2949 4.4122
v  0.7014 7.3878 4.2968
v  0.7350 7.5174 4.5140
v  0.7055 7.4187 4.6251
v  0.6481 7.1249 4.5645
v  0.6357 7.2114 4.5018
v  0.6947 7.3270 4.7035
v  0.7249 7.2321 4.7451
v  0.7890 7.1314 4.7494
v  0.7144 7.0390 4.5832
v  0.7885 7.5692 4.9202
v  0.8218 7.6665 4.8136
v  0.9172 7.8904 5.1969
v  0.8776 7.7911 5.2972
v  1.1091 7.4614 5.3420
v  1.0084 7.5148 5.3811
v  0.8995 7.2993 5.0137
v  0.9948 7.2440 4.9717
v  0.8361 7.3968 5.0174
v  0.9338 7.6093 5.3877
v  0.7975 7.4808 4.9882
v  0.8978 7.6998 5.3575
v  0.9683 8.1220 5.7551
v  1.0113 8.2252 5.6709
v  1.0448 8.4297 6.1652
v  1.0791 8.5492 6.0919
v  1.1809 8.6163 6.0079
v  1.1032 8.2881 5.5915
v  1.2848 7.9278 6.2287
v  1.1718 8.0107 6.2391
v  1.1046 7.7789 5.8314
v  1.2153 7.7183 5.8023
v  1.0185 7.8863 5.8311
v  1.0942 8.1451 6.2207
v  1.0586 8.2922 6.1992
v  0.9848 8.0079 5.8026
v  1.6558 9.3059 7.7288
v  1.7687 9.4051 7.6684
v  1.6665 9.1769 7.3568
v  1.5775 9.0929 7.4049
v  1.7718 9.2267 7.3145
v  1.9074 9.4488 7.6151
v  1.6458 9.0714 7.0394
v  1.5464 9.0249 7.0791
v  1.4706 8.9392 7.1273
v  1.5372 8.8608 7.5355
v  1.5186 8.9904 7.4745
v  1.4338 8.8353 7.2003
v  1.4465 8.7093 7.2635
v  1.6223 9.0366 7.8574
v  1.5993 9.1791 7.7967
v  1.8710 8.8320 7.8904
v  1.7165 8.8952 7.9047
v  1.6189 8.7145 7.5686
v  1.7699 8.6489 7.5287
v  1.5250 8.5666 7.2767
v  1.6535 8.4807 7.2309
v  3.9927 3.7905 1.9397
v  3.7535 3.8875 1.9363
v  3.8174 3.9665 1.9407
v  4.0490 3.8618 1.9528
v  3.8717 4.0323 1.9804
v  4.0990 3.9261 1.9825
v  3.8787 4.0309 2.1228
v  3.8914 4.0543 2.0514
v  4.1211 3.9560 2.1246
v  4.1273 3.9645 2.0439
v  3.8467 3.9830 2.1821
v  3.8145 3.9320 2.2551
v  4.0518 3.8715 2.2642
v  4.0784 3.8968 2.1861
v  4.9854 5.2868 4.9729
v  4.6364 5.4189 4.8176
v  4.6380 5.4756 4.8756
v  5.0018 5.3442 5.0286
v  4.9592 5.2029 4.8786
v  4.6192 5.3262 4.7308
v  4.2624 5.5131 4.7008
v  4.2501 5.4138 4.6174
v  4.6783 3.4335 2.3433
v  4.7187 3.3950 2.2632
v  4.6142 3.3583 2.3427
v  4.6663 3.3233 2.2818
v  4.5480 3.1979 2.0771
v  4.5938 3.2033 1.9829
v  4.4354 3.2145 2.0228
v  4.4591 3.2289 1.9298
v  4.6519 3.4443 2.5405
v  4.6208 3.4007 2.4025
v  4.6749 3.4556 2.4043
v  4.7135 3.4864 2.5415
v  5.9073 4.8052 5.6604
v  5.9510 4.8420 5.6014
v  5.7530 4.7976 5.5669
v  5.8626 4.8089 5.5099
v  5.7690 4.7930 5.2740
v  5.8586 4.8537 5.3856
v  5.7925 4.7717 5.4394
v  5.7107 4.7268 5.3271
v  5.6719 4.7803 5.4659
v  5.5976 4.7411 5.3357
v  5.7506 4.7718 5.6807
v  5.8947 4.7951 5.7332
v  5.9786 5.0192 5.9668
v  6.0591 5.1569 5.9383
v  5.9593 5.2538 5.9873
v  5.8526 5.0617 5.9488
v  4.9590 7.3863 7.9089
v  5.0837 7.4152 7.7611
v  4.9950 7.4386 7.6835
v  4.8442 7.4375 7.8453
v  5.1599 7.2942 7.6280
v  5.0881 7.3176 7.5520
v  4.8825 7.2772 7.9958
v  4.8679 7.1418 8.0114
v  4.7576 7.3063 8.0003
v  4.6796 7.1128 8.0073
v  5.1154 6.7831 7.7459
v  5.1810 6.8404 7.6137
v  5.2226 6.8915 7.6798
v  5.1918 6.8384 7.8113
v  5.2107 6.9941 7.5895
v  5.1594 6.9534 7.4927
v  5.1713 7.1293 7.5910
v  5.1087 7.1352 7.5180
v  6.0553 5.3676 5.6603
v  6.1286 5.2690 5.6990
v  6.1147 5.2893 5.7996
v  6.0319 5.4223 5.8209
v  6.0949 5.2470 5.8808
v  6.0346 5.3547 5.9370
v  3.9325 5.7208 5.9033
v  3.5617 5.8113 5.7454
v  4.3927 5.6429 6.0867
v  4.2339 5.9701 6.3892
v  3.7631 5.9914 6.2072
v  3.4017 6.0618 6.0137
v  3.6252 6.3159 6.4602
v  3.2862 6.3733 6.2342
v  4.0892 6.3158 6.6584
v  3.2748 3.6444 1.5291
v  3.4572 3.4834 1.5780
v  3.3734 3.3824 1.3460
v  3.1964 3.5345 1.3115
v  3.5674 3.2273 1.3923
v  3.6753 3.3554 1.6125
v  3.4755 3.1292 1.1527
v  3.2892 3.2725 1.1152
v  3.1291 3.4408 1.0840
v  3.5257 3.1522 1.7003
v  3.6704 3.1345 1.5325
v  3.5533 2.9709 1.5231
v  3.6334 3.0930 1.6946
v  3.7405 3.0405 1.6827
v  3.6574 2.9191 1.5061
v  4.1666 3.0542 1.4716
v  4.1457 3.0273 1.5046
v  4.0201 2.9355 1.3145
v  4.0392 2.9587 1.2811
v  4.2794 3.1514 1.6405
v  4.2599 3.1270 1.6730
v  4.2220 3.1061 1.7051
v  4.1096 3.0048 1.5378
v  3.9923 2.9117 1.3494
v  4.3568 3.1930 1.8185
v  4.3258 3.1778 1.8644
v  4.3695 3.2162 1.7721
v  4.3736 3.2560 1.7268
v  4.3251 3.3054 1.7266
v  4.2606 3.1878 1.6195
v  4.2106 3.2171 1.6157
v  4.1475 3.0955 1.4473
v  4.0515 2.9995 1.2415
v  4.0165 3.0488 1.2117
v  4.1019 3.1214 1.4351
v  3.8802 3.6421 1.8707
v  3.6462 3.7408 1.8660
v  3.7055 3.8240 1.9142
v  3.9439 3.7294 1.9139
v  3.4978 3.9327 1.8903
v  3.4431 3.8625 1.8331
v  3.5546 3.6142 1.7574
v  3.3599 3.7565 1.7124
v  3.7860 3.5069 1.7707
v  5.5234 4.5979 5.1155
v  5.6197 4.5885 5.1132
v  5.4463 4.3439 4.8602
v  5.5264 4.3632 4.8390
v  5.6856 4.6328 5.0732
v  4.4921 4.9229 4.3597
v  4.4091 4.6364 4.1177
v  4.7005 4.5311 4.2285
v  4.7918 4.7920 4.5050
v  4.5882 4.2854 3.9047
v  4.3072 4.3680 3.8266
v  4.5667 5.1566 4.5706
v  4.2147 5.2499 4.4594
v  4.8905 5.0322 4.7154
v  5.3828 4.1280 4.4997
v  5.2517 3.8820 4.1209
v  5.3394 4.0751 4.5372
v  5.2118 3.8186 4.1588
v  4.8114 3.5425 2.8533
v  4.9700 3.6081 3.2586
v  4.9055 3.5344 3.2773
v  4.7475 3.5025 2.8572
v  5.1352 3.7018 3.6915
v  5.0633 3.6394 3.7240
v  5.1576 3.7910 3.6646
v  4.2738 3.9632 3.1601
v  4.0457 4.0961 3.1084
v  4.1717 4.1896 3.4814
v  4.4222 4.0789 3.5533
v  3.8675 5.4010 5.2163
v  4.1982 5.2636 5.3511
v  4.1746 5.3486 5.4051
v  3.8407 5.4936 5.2660
v  4.5891 5.2019 5.5977
v  4.5886 5.0990 5.5445
v  4.8232 3.4639 1.9685
v  4.8291 3.4871 2.0332
v  4.7489 3.5660 2.0136
v  4.7326 3.5478 1.9472
v  4.8008 3.4274 1.9169
v  4.7102 3.5132 1.8985
v  4.5369 3.2919 2.2938
v  4.6073 3.2719 2.2613
v  4.5621 3.2357 2.2163
v  4.4780 3.2421 2.2384
v  4.4542 3.2145 2.1530
v  4.5406 3.2099 2.1542
v  4.0802 3.8744 2.4847
v  3.8552 3.9732 2.4896
v  3.9401 4.0326 2.7575
v  4.1678 3.9246 2.7736
v  3.8191 3.9422 2.3457
v  4.0487 3.8651 2.3386
v  3.8310 3.8415 2.8352
v  4.0197 3.7957 2.8305
v  3.7977 3.7072 2.5891
v  3.9673 3.6630 2.5717
v  4.1593 3.5995 2.5559
v  4.2317 3.7210 2.8328
v  3.9427 3.5986 2.4593
v  3.7868 3.6581 2.4743
v  4.1263 3.5410 2.4329
v  4.9819 6.9384 8.0095
v  5.0957 6.8482 7.9382
v  5.0071 6.8186 7.8757
v  4.8856 6.9016 7.9474
v  4.9062 7.0432 8.0175
v  4.7783 6.9982 7.9823
v  3.5224 7.1585 6.3803
v  3.8276 7.1814 6.6158
v  3.8249 7.0774 6.5867
v  3.5268 7.0466 6.3375
v  4.1954 7.1283 6.8391
v  4.2007 7.2433 6.8589
v  4.2018 7.0372 6.7981
v  3.8278 6.9850 6.5397
v  3.5160 6.9360 6.3022
v  3.7970 7.3217 6.6895
v  3.4821 7.2983 6.4622
v  4.1642 7.3839 6.9491
v  4.1875 5.8035 4.9964
v  4.1389 5.8095 5.0649
v  4.5399 5.7267 5.1661
v  4.5787 5.7080 5.1049
v  4.4667 5.7848 5.2895
v  4.0601 5.8509 5.1905
v  4.8813 5.6703 5.4653
v  4.9600 5.6102 5.3301
v  4.9974 5.5866 5.2652
v  4.5187 6.0435 6.0872
v  4.7315 5.8538 5.7275
v  4.3042 5.9137 5.5491
v  4.1054 6.1033 5.8743
v  3.9049 5.9626 5.4347
v  3.7331 6.1560 5.7199
v  5.7840 4.8544 5.2112
v  5.8702 4.9240 5.3143
v  5.8159 4.9940 5.2604
v  5.7330 4.9177 5.1612
v  5.6549 4.7604 4.9817
v  5.7097 4.6980 5.0175
v  4.6848 4.8119 4.9112
v  4.3159 4.9185 4.7931
v  4.3447 5.0968 4.9918
v  4.7299 4.9904 5.1155
v  4.0175 5.2119 4.8332
v  3.9913 5.0136 4.6712
v  4.0034 5.3256 5.0076
v  4.0187 5.2970 4.9381
v  4.3595 5.1982 5.0798
v  4.3457 5.2428 5.1419
v  4.7472 5.0742 5.2161
v  4.7392 5.1094 5.2758
v  5.6571 5.6351 6.4347
v  5.6182 5.5877 6.4684
v  5.8093 5.4349 6.1466
v  5.6217 5.6766 6.3725
v  5.8869 5.5030 6.1376
v  5.8311 5.5649 6.0648
v  5.4274 5.9244 6.7471
v  5.4802 5.8840 6.8335
v  5.4628 5.7748 6.9479
v  5.9942 5.4271 6.0021
v  5.9472 5.4922 5.9138
v  5.9299 5.3403 6.0415
v  5.0492 5.5810 5.1843
v  4.6392 5.7007 5.0327
v  4.6793 5.6499 4.9591
v  5.0766 5.5314 5.1057
v  4.2472 5.7835 4.9228
v  4.6599 5.5546 4.9234
v  5.0492 5.4383 5.0564
v  3.9363 5.3409 5.1301
v  4.2593 5.2255 5.2661
v  4.2248 5.2260 5.3081
v  3.9011 5.3569 5.1725
v  4.6085 5.0540 5.4783
v  4.6469 5.0692 5.4161
v  4.3075 5.2513 5.2118
v  4.7001 5.1118 5.3523
v  3.9731 5.3367 5.0741
v  5.2882 6.3288 7.0751
v  5.1940 6.6129 7.4290
v  5.3182 6.2620 7.1810
v  5.1481 6.6804 7.3213
v  5.0965 6.5438 7.4806
v  5.2317 6.1859 7.2383
v  5.0987 6.6976 7.6434
v  5.1485 6.8569 7.4321
v  5.1722 6.7731 7.5504
v  3.5987 6.4163 5.9661
v  3.9332 6.3708 6.1806
v  3.5237 6.6711 6.1397
v  3.8365 6.6653 6.3872
v  4.3154 6.3230 6.4490
v  4.2390 6.7050 6.6327
v  3.8250 6.8702 6.4769
v  4.2300 6.9409 6.7077
v  3.5108 6.8309 6.2376
v  4.6562 7.3378 8.0323
v  4.6945 7.4628 7.8995
v  4.4155 7.4845 7.9110
v  4.4187 7.4419 8.0861
v  4.3279 7.3004 8.1705
v  4.5496 7.1812 8.0483
v  3.4098 7.2205 7.3932
v  3.0383 7.2396 7.0769
v  3.1682 7.1114 7.0334
v  3.5601 7.0938 7.3502
v  2.8319 7.1309 6.7565
v  2.7086 7.2423 6.8085
v  1.8317 8.9622 6.9606
v  1.9538 9.1221 7.2443
v  1.9643 8.9790 7.2406
v  1.8541 8.8192 6.9336
v  2.1519 9.1793 7.5518
v  2.1272 9.3243 7.5409
v  2.1875 9.0566 7.5465
v  1.9864 8.8490 7.2205
v  1.8657 8.6841 6.9054
v  1.8777 9.2159 7.2678
v  2.0356 9.4287 7.5619
v  1.7533 9.0609 6.9901
v  4.4234 3.6222 1.9052
v  4.2265 3.6946 1.9381
v  4.2781 3.7517 1.9559
v  4.4775 3.6594 1.9316
v  4.3208 3.8053 1.9794
v  4.5128 3.7002 1.9636
v  4.3209 3.8453 2.1887
v  4.2876 3.8275 2.2624
v  4.4795 3.7606 2.2556
v  4.5110 3.7548 2.1753
v  4.5406 3.7433 2.0907
v  4.3614 3.8728 2.1099
v  5.0715 4.1169 4.0612
v  4.8560 4.1880 3.9944
v  4.9856 4.4195 4.3425
v  5.2274 4.3546 4.4076
v  5.0906 4.6631 4.6404
v  5.3655 4.6143 4.6822
v  5.6582 5.1322 5.2657
v  5.3703 5.2281 5.1563
v  5.4348 5.3320 5.1942
v  5.7476 5.2532 5.2985
v  5.4788 5.4420 5.2604
v  5.8007 5.3755 5.3924
v  4.5011 3.4816 2.5315
v  4.4516 3.4136 2.4056
v  4.5508 3.3879 2.4026
v  4.5902 3.4452 2.5356
v  4.5261 3.3538 2.3548
v  4.4264 3.3757 2.3619
v  5.4622 4.9022 5.6795
v  5.4786 4.9047 5.5914
v  5.6430 4.8087 5.6462
v  5.6317 4.8066 5.7457
v  5.6329 4.8131 5.5437
v  5.4735 4.8858 5.4926
v  5.2120 4.3675 4.8496
v  5.0936 4.1034 4.5359
v  5.2476 4.0710 4.5526
v  5.3634 4.3463 4.8645
v  5.1088 3.8208 4.1756
v  4.9655 3.8792 4.1508
v  4.7831 7.4683 7.7389
v  4.9144 7.4462 7.6061
v  4.7739 7.4327 7.4803
v  4.6493 7.4432 7.6207
v  5.0097 7.3299 7.4793
v  4.8568 7.3204 7.3598
v  5.9759 5.4245 5.6118
v  5.8097 5.4638 5.5240
v  5.7886 5.5410 5.6452
v  5.9373 5.4700 5.7569
v  5.9555 5.3266 5.4732
v  5.2098 5.9208 6.5993
v  4.8847 5.9312 6.3847
v  4.7416 6.3552 6.6733
v  5.0529 6.3375 6.9036
v  4.6660 6.7641 6.8557
v  4.9362 6.7184 7.1329
v  3.7964 3.0307 1.2251
v  3.6473 3.0528 1.1944
v  3.7516 3.1644 1.4221
v  3.9087 3.1602 1.4273
v  3.8770 3.3102 1.6123
v  4.0364 3.2962 1.6029
v  4.3728 3.4395 1.8089
v  4.4796 3.4980 1.8511
v  4.3505 3.5782 1.8754
v  4.2617 3.5071 1.8295
v  4.5621 3.5380 1.8873
v  4.6088 3.5783 1.9175
v  4.6360 3.6131 1.9549
v  4.1672 3.6422 1.9074
v  4.0916 3.5680 1.8556
v  4.6578 3.6344 2.0124
v  4.5368 3.7253 2.0179
v  4.6568 3.6460 2.0877
v  4.6225 3.6600 2.1745
v  4.5904 3.6762 2.2608
v  4.3538 3.8500 2.0278
v  4.5900 3.6869 2.3336
v  4.4807 3.7691 2.3189
v  4.5334 3.8112 2.4569
v  4.6395 3.7182 2.4804
v  4.2858 3.8265 2.3262
v  4.3340 3.8709 2.4613
v  4.8377 3.7979 3.2310
v  4.9917 3.8936 3.6843
v  4.8940 3.9288 3.6567
v  4.7326 3.8221 3.2167
v  5.1833 4.0921 4.0883
v  5.3537 4.3310 4.4328
v  5.4962 4.5790 4.7181
v  4.6895 4.0023 3.6056
v  4.5293 3.8861 3.1897
v  5.6652 4.9477 5.1367
v  5.7416 5.0294 5.2351
v  5.6016 5.0751 5.1902
v  5.5341 4.9895 5.0950
v  5.8025 5.0828 5.3215
v  5.8969 5.2015 5.3709
v  5.3334 5.1720 5.0916
v  5.2796 5.0803 5.0075
v  4.0660 3.1048 1.7680
v  4.1670 3.2001 1.9317
v  4.0379 3.2404 1.9595
v  3.9432 3.1350 1.7995
v  4.1193 3.2937 2.1142
v  4.2535 3.2430 2.0876
v  4.2982 3.2234 2.2088
v  4.1601 3.2806 2.2348
v  4.1990 3.3093 2.3061
v  4.3386 3.2558 2.2839
v  4.3474 3.2218 2.0533
v  4.3860 3.2083 2.1757
v  4.4189 3.2431 2.2588
v  4.2619 3.1832 1.9004
v  4.1590 3.0920 1.7386
v  4.3853 3.3146 2.3311
v  4.2407 3.3645 2.3534
v  4.2782 3.4297 2.3752
v  4.3028 3.4698 2.4168
v  4.3480 3.5360 2.5398
v  4.4738 3.3019 2.3102
v  5.3725 4.7900 5.2972
v  5.4333 4.8622 5.4100
v  5.1195 4.9341 5.3396
v  5.0860 4.8704 5.2298
v  5.1377 4.9650 5.4010
v  5.1281 5.0058 5.4878
v  5.0904 4.9759 5.5654
v  5.5840 4.8081 5.4552
v  5.5211 4.7663 5.3183
v  4.6954 3.5969 3.2795
v  4.8192 3.6933 3.7309
v  4.6060 3.7767 3.6994
v  4.5143 3.6913 3.2576
v  4.7305 3.9647 4.1006
v  4.8421 4.1959 4.4603
v  4.9481 4.4591 4.7608
v  4.9565 3.6399 3.7418
v  4.8134 3.5450 3.2857
v  5.4543 4.9549 5.8143
v  5.5180 5.0801 5.9065
v  5.0970 5.1304 5.7530
v  5.0612 5.0147 5.6923
v  5.5809 5.2027 5.9883
v  5.1092 5.2083 5.8695
v  5.1048 5.2368 5.9228
v  5.5054 5.3493 6.1363
v  5.0413 5.3171 6.0256
v  5.5853 5.2585 6.0315
v  5.8229 5.2295 5.9914
v  5.8268 5.3063 6.0411
v  5.7321 5.4182 6.1499
v  5.7409 5.0763 5.9317
v  5.6405 4.9078 5.9060
v  4.8013 6.5074 7.3797
v  4.7805 6.6502 7.5413
v  4.4265 6.7187 7.2638
v  4.4559 6.5838 7.1143
v  4.7811 6.7244 7.6270
v  4.4045 6.7626 7.3686
v  4.3086 6.7424 7.4883
v  4.7008 6.7686 7.7224
v  4.5812 6.8207 7.8108
v  4.1910 6.7743 7.5888
v  4.9856 6.7547 7.7219
v  4.9039 6.7961 7.8254
v  4.7837 6.8672 7.9037
v  4.9877 6.6658 7.6405
v  5.0026 6.5191 7.4661
v  4.0936 6.8819 7.6492
v  4.4680 6.9154 7.8683
v  4.3625 7.0052 7.9070
v  4.0034 6.9729 7.6907
v  3.9326 7.0523 7.6965
v  4.2700 7.0833 7.9255
v  4.0789 7.2551 7.9379
v  3.7753 7.2210 7.7071
v  4.5543 7.0468 7.9928
v  4.4496 7.1136 8.0320
v  4.2278 7.2596 8.0583
v  4.6672 6.9611 7.9512
v  1.9988 9.0397 8.2298
v  1.8673 9.1060 8.2226
v  1.9876 9.2682 8.4871
v  2.0975 9.1996 8.5076
v  1.9211 9.3743 8.4379
v  1.7687 9.2221 8.1834
v  1.9206 9.4818 8.3799
v  1.7469 9.3568 8.1259
v  1.7976 9.4841 8.0608
v  1.9669 9.5805 8.3247
v  2.0759 9.6469 8.2731
v  1.9244 9.5649 8.0002
v  2.0648 9.5895 7.9497
v  2.1951 9.6746 8.2252
v  2.1779 9.5589 7.9020
v  2.2911 9.6539 8.1742
v  2.3591 9.5738 8.1529
v  2.2628 9.4725 7.8761
v  2.3101 9.3509 7.8851
v  2.3947 9.4686 8.1743
v  2.4031 9.3669 8.2142
v  2.3163 9.2334 7.9126
v  4.2726 7.4751 7.7636
v  4.5215 7.4473 7.6900
v  4.2761 7.4441 7.4660
v  4.0592 7.5235 7.5252
v  4.3935 7.4168 7.3921
v  4.4968 7.3853 7.2545
v  4.5604 7.2820 7.1384
v  4.6516 7.4754 7.8007
v  4.3810 7.4762 7.8582
v  4.5591 7.1601 7.1193
v  4.8673 7.1795 7.3341
v  4.8762 7.0578 7.3011
v  4.5620 7.0557 7.0888
v  4.5984 6.9489 7.0006
v  4.8956 6.9361 7.2404
v  5.0549 6.9037 7.3644
v  5.0705 6.6932 7.2662
v  5.0497 7.0202 7.4125
v  5.0301 7.1621 7.4488
v  5.6060 5.6171 5.9034
v  5.7277 5.5898 5.7395
v  5.3925 5.6084 5.5390
v  5.2853 5.6213 5.6986
v  5.4454 5.5855 5.4544
v  5.4787 5.5290 5.3547
v  5.8745 5.5223 5.8533
v  5.7586 5.5904 6.0086
v  5.5670 5.6882 6.3250
v  5.4147 5.6905 6.2252
v  5.3724 5.9304 6.6973
v  5.2197 6.3437 7.0079
v  5.0988 5.7103 6.0104
v  5.1189 6.1819 7.2023
v  4.9044 6.1727 7.1336
v  5.0674 5.7658 6.8323
v  5.3028 5.7661 6.9022
v  5.5369 5.5682 6.4726
v  5.3056 5.5093 6.4453
v  4.6830 5.8539 6.6390
v  4.8818 5.5510 6.2937
v  4.5356 6.2428 6.9180
v  4.0278 3.1518 1.4235
v  3.9223 3.0452 1.2191
v  4.1433 3.2559 1.6085
v  3.9755 2.9843 1.6133
v  4.0558 2.9874 1.5744
v  3.9480 2.8857 1.3903
v  3.8766 2.8674 1.4361
v  3.7713 2.8780 1.4783
v  3.8621 2.9993 1.6552
v  3.9944 3.4576 1.7486
v  4.1555 3.4159 1.7339
v  4.2591 3.3555 1.7337
v  5.5938 4.7927 4.9559
v  5.4688 4.8403 4.9067
v  5.2004 4.9066 4.8477
v  5.3036 4.6149 5.1031
v  5.0349 4.7070 5.0163
v  5.4519 4.6003 5.1139
v  4.5990 3.5648 2.8423
v  4.4336 3.6320 2.8385
v  4.6889 3.5220 2.8503
v  4.7224 3.7523 2.8034
v  4.6150 3.8110 2.7843
v  4.4115 3.8591 2.7784
v  5.6203 4.8320 5.8250
v  5.4492 4.9141 5.7382
v  5.0668 4.9754 5.6252
v  0.4968 6.8681 4.1135
v  0.5222 6.8042 4.1288
v  0.4024 6.8515 4.0801
v  0.3946 6.8011 4.0585
v  0.3318 6.8236 3.7875
v  0.4575 6.8861 3.7553
v  0.4206 6.9718 3.7847
v  0.2866 6.9120 3.8292
v  0.2612 6.7980 3.9541
v  0.2360 6.8493 3.8935
v  0.2909 6.7635 3.8508
v  0.3060 6.7179 3.9110
v  0.2786 6.9896 3.8881
v  0.4107 7.0335 3.8534
v  0.3117 7.0396 3.9359
v  0.4077 7.0785 3.9280
v  0.2264 6.9339 3.9499
v  0.2514 6.8761 4.0031
v  0.2983 6.9564 4.0520
v  0.2847 7.0116 3.9947
v  0.4199 7.0436 4.0881
v  0.4095 7.0874 4.0060
v  0.3395 6.8935 4.0690
v  0.4555 6.9510 4.1146
v  0.3080 6.8286 4.0281
v  0.3216 6.7567 3.9991
v  0.3537 6.6823 3.9686
v  1.1653 7.3459 4.1770
v  1.1130 7.3813 4.1629
v  1.1991 7.4965 4.4013
v  1.2534 7.4246 4.3926
v  1.1504 7.5438 4.3502
v  1.0767 7.4169 4.1442
v  1.3557 7.8491 5.0475
v  1.3808 7.7882 5.0805
v  1.2922 7.6539 4.7126
v  1.2486 7.6904 4.6662
v  1.4544 7.4584 4.7305
v  1.5016 7.4028 4.7063
v  1.6922 7.4544 5.0865
v  1.6198 7.5298 5.1200
v  1.3961 7.5166 4.7216
v  1.3549 7.5798 4.7323
v  1.4791 7.6605 5.1095
v  1.5451 7.5954 5.1187
v  1.3542 7.6490 4.8174
v  1.4297 7.7310 5.1208
v  3.0440 7.8684 7.4109
v  3.4031 7.6291 7.3538
v  3.1503 7.6154 7.0908
v  2.8302 7.8347 7.1388
v  2.8978 7.5563 6.8802
v  2.6085 7.7668 6.9245
v  2.2788 8.8734 7.5254
v  2.0779 8.6648 7.1962
v  2.0146 8.7676 7.2025
v  2.2194 8.9848 7.5354
v  1.8811 8.6010 6.8895
v  1.9281 8.5026 6.9002
v  2.4039 7.9553 6.9526
v  2.5995 8.0366 7.1783
v  2.4192 8.2499 7.1946
v  2.2365 8.1381 6.9582
v  2.6086 8.3637 7.4846
v  2.7945 8.1064 7.4561
v  2.4271 8.6455 7.5046
v  2.2287 8.4753 7.1977
v  2.0605 8.3328 6.9337
v  3.6511 7.6777 7.6223
v  3.2159 7.8885 7.7276
v  3.3532 7.9260 7.9887
v  3.8211 7.6671 7.8704
v  2.4923 9.1607 8.2389
v  2.4055 9.0398 7.9083
v  2.3430 9.1643 7.9161
v  2.4299 9.3000 8.2326
v  2.9058 8.5376 8.1352
v  2.7635 8.4521 7.8350
v  2.5576 8.7686 7.8823
v  2.6699 8.8707 8.2047
v  2.9545 8.1633 7.7873
v  3.0963 8.2319 8.0655
v  3.9055 7.6498 8.0018
v  3.8955 7.6512 7.9786
v  3.4120 7.9367 8.1167
v  3.4175 7.9480 8.1584
v  3.0094 8.6020 8.3162
v  3.1769 8.2746 8.2275
v  3.2114 8.2957 8.3331
v  3.0522 8.6279 8.4498
v  3.4215 7.9556 8.2878
v  3.8978 7.6417 8.1214
v  3.8153 7.5653 8.1470
v  3.3199 7.8901 8.3034
v  3.0012 8.6006 8.5807
v  3.1688 8.2647 8.4459
v  3.0516 8.2090 8.4560
v  2.8720 8.5428 8.5880
v  3.7602 7.5641 8.1022
v  3.6446 7.5495 8.0138
v  3.2482 7.8485 8.2790
v  3.1301 7.7867 8.1899
v  2.6846 8.4263 8.3633
v  2.8472 8.0903 8.2971
v  2.9609 8.1533 8.4189
v  2.7857 8.4944 8.5097
v  2.1975 8.9068 8.2105
v  2.0844 8.9961 8.2377
v  1.9519 8.7856 7.8890
v  2.0430 8.7020 7.8683
v  2.3188 9.0645 8.4904
v  2.1947 9.1675 8.5131
v  2.9219 7.7073 7.9892
v  3.3821 7.4699 7.8172
v  3.0795 7.4438 7.5192
v  2.7174 7.7020 7.6653
v  2.6597 8.0037 8.0797
v  2.5144 8.3246 8.1198
v  2.3696 8.2502 7.7644
v  2.5017 7.9724 7.7377
v  2.1980 8.5069 7.8188
v  2.3623 8.6610 8.1586
v  2.5178 8.8021 8.4120
v  1.7222 8.4120 7.2132
v  1.8406 8.5940 7.5194
v  1.9078 8.5072 7.5079
v  1.7855 8.3235 7.2000
v  2.4750 7.6673 7.3446
v  2.7670 7.4380 7.2059
v  2.4731 7.3914 6.9451
v  2.2514 7.6122 7.0602
v  2.2952 7.8972 7.4079
v  2.1609 8.1129 7.4432
v  1.9956 7.9912 7.1453
v  2.1075 7.8117 7.1147
v  1.8824 8.1724 7.1757
v  2.0246 8.3324 7.4783
v  2.0337 7.5208 6.6559
v  2.1952 7.3557 6.5580
v  2.3072 7.3850 6.7209
v  2.1198 7.5663 6.8302
v  2.3620 7.2324 6.4580
v  2.4978 7.2450 6.6070
v  1.9973 7.7396 6.8915
v  1.9035 7.9001 6.9272
v  1.8395 7.8244 6.7700
v  1.9242 7.6774 6.7251
v  1.1772 7.4185 5.3300
v  1.2882 7.6761 5.7834
v  1.2504 7.3878 5.3438
v  1.3501 7.6166 5.7855
v  1.4391 7.8124 6.1863
v  1.3695 7.8832 6.2005
v  1.1626 7.1978 4.9926
v  1.3086 7.2019 5.1333
v  1.3493 7.3554 5.3951
v  1.3116 7.0962 4.9799
v  1.5227 7.1730 5.3163
v  1.4667 7.2553 5.3880
v  1.4466 7.3529 5.5143
v  1.3399 7.0249 4.9193
v  1.5881 7.1038 5.2676
v  1.0690 7.2130 4.9512
v  2.4541 3.7509 0.2052
v  2.4744 3.7922 0.1477
v  2.3178 3.8349 0.1513
v  2.2956 3.7859 0.2055
v  2.3359 3.8741 0.0902
v  2.4883 3.8271 0.0834
v  2.4886 3.8358 0.0165
v  2.3415 3.8865 0.0218
v  2.4880 3.8379 -0.0477
v  2.3425 3.8868 -0.0503
v  1.4947 3.7657 0.5451
v  1.5197 3.8177 0.6210
v  1.6291 3.8118 0.5411
v  1.4296 3.7854 0.5933
v  1.4462 3.8226 0.6563
v  1.5317 4.0795 1.4107
v  1.5520 3.9528 1.2347
v  1.5573 3.8748 1.2791
v  1.5607 4.0516 1.4837
v  1.6162 4.0260 1.5457
v  1.6334 3.8631 1.3574
v  3.5819 3.4679 2.3223
v  3.6097 3.5059 2.4038
v  3.5125 3.4946 2.4236
v  3.5644 3.4850 2.1889
v  3.4855 3.4724 2.3222
v  3.4700 3.5106 2.1873
v  3.6431 3.5858 2.4339
v  3.6721 3.6702 2.4298
v  3.5863 3.6970 2.4500
v  3.5542 3.5927 2.4641
v  2.8188 4.4096 1.9490
v  2.8015 4.3718 1.8941
v  2.6410 4.4557 1.8949
v  2.6523 4.4988 1.9510
v  3.5718 5.3946 4.8712
v  3.7475 5.3883 4.9587
v  3.7096 5.3998 5.0326
v  3.5244 5.3982 4.9713
v  3.7762 5.3799 4.8776
v  3.6002 5.3909 4.7791
v  3.7772 5.3412 4.8086
v  3.7629 5.2441 4.7269
v  3.5837 5.3363 4.7265
v  3.5668 5.2492 4.6562
v  2.6624 6.0360 4.0928
v  3.0039 5.9051 4.2364
v  2.9990 5.8369 4.1843
v  2.6601 5.9673 4.0416
v  2.6616 5.8900 3.9799
v  2.9943 5.7618 4.1207
v  2.6651 4.5829 2.2763
v  2.6682 4.5807 2.2133
v  2.8512 4.4888 2.2393
v  2.8467 4.4984 2.3017
v  2.8705 4.5155 2.1836
v  2.6872 4.6095 2.1564
v  2.5442 7.1189 6.3609
v  2.6923 7.1016 6.5123
v  2.6161 7.1590 6.5474
v  2.4727 7.1687 6.3960
v  1.4624 8.9225 6.8912
v  1.3946 8.8359 6.9320
v  1.5569 8.9776 6.8484
v  1.4843 8.9296 6.6971
v  1.3753 8.8756 6.7487
v  1.3039 8.7762 6.7909
v  1.6729 8.9706 6.7883
v  1.6149 8.9191 6.6269
v  1.7527 8.8581 6.7532
v  1.7117 8.8025 6.5765
v  1.8002 8.5789 6.6876
v  1.7826 8.7140 6.7167
v  1.7582 8.6503 6.5358
v  1.7603 8.5065 6.5203
v  1.8124 8.4983 6.6832
v  1.7637 8.4257 6.5311
v  1.8565 8.4097 6.6980
v  1.8070 8.3439 6.5480
v  3.2203 6.9131 5.9345
v  3.3365 6.9169 6.0939
v  3.3383 6.8264 6.0431
v  3.2311 6.8336 5.8987
v  3.3493 6.7016 5.9624
v  3.2351 6.7287 5.8412
v  3.6402 6.0013 4.8567
v  3.5926 6.0280 4.9455
v  3.8262 5.9198 4.9998
v  3.8745 5.8992 4.9195
v  3.7523 5.9636 5.1231
v  3.5298 6.0798 5.0634
v  3.7146 6.0310 4.7364
v  3.9385 5.8964 4.8228
v  1.7490 7.8602 5.8297
v  1.8543 7.7662 5.8284
v  1.7093 7.6886 5.5029
v  1.6198 7.7638 5.4957
v  1.8089 7.6032 5.4968
v  1.9805 7.6600 5.8152
v  2.1568 7.5293 5.7756
v  1.9310 7.4952 5.4611
v  3.3453 6.3519 5.4935
v  3.2683 6.5426 5.7014
v  3.4034 6.4894 5.8079
v  3.5016 6.2622 5.5914
v  3.4387 6.1912 5.2642
v  3.6287 6.0777 5.3430
v  2.6403 4.0201 1.3123
v  2.4927 4.0974 1.3142
v  2.4519 3.9861 1.1112
v  2.5899 3.9087 1.1102
v  3.4372 3.5071 2.0129
v  3.5381 3.4599 2.0118
v  3.4755 3.3504 1.8474
v  3.3610 3.4113 1.8517
v  3.3644 3.3254 1.5219
v  3.4237 3.4446 1.7012
v  3.1319 3.3856 1.6947
v  3.2979 3.3719 1.5097
v  3.4461 3.2731 1.5304
v  3.2877 3.2912 1.7032
v  3.2730 3.4568 1.8521
v  3.1995 3.4970 1.8494
v  3.2972 3.5710 2.1464
v  3.2759 3.5821 1.9884
v  3.3520 3.5469 2.0030
v  3.3798 3.5353 2.1708
v  3.1951 3.6187 1.9770
v  3.1277 3.5409 1.8447
v  3.2185 3.6175 2.1242
v  3.5548 3.2060 1.5337
v  3.4043 3.2255 1.7012
v  3.2335 3.4200 1.4957
v  3.0655 3.4334 1.6852
v  2.9217 3.6680 1.0745
v  2.9837 3.7610 1.2899
v  3.0731 3.6610 1.2955
v  3.0145 3.5727 1.0714
v  3.1481 3.7704 1.5061
v  3.0544 3.8692 1.4974
v  2.7655 3.7896 1.0906
v  2.8357 3.9147 1.2847
v  2.9093 3.8448 1.2847
v  2.8412 3.7316 1.0811
v  2.9719 3.9492 1.4929
v  2.8888 4.0123 1.4962
v  2.7496 3.9663 1.2983
v  2.7986 4.0646 1.5070
v  2.6867 3.8440 1.1031
v  2.9398 4.1021 1.6853
v  3.0300 4.0417 1.6824
v  3.0859 4.1242 1.8225
v  2.9904 4.1875 1.8216
v  3.1892 4.0582 1.8177
v  3.1231 3.9685 1.6837
v  2.8453 4.1574 1.6920
v  2.8902 4.2442 1.8260
v  3.3536 4.0379 1.8744
v  3.3005 3.9708 1.8177
v  3.2362 4.1198 1.8868
v  3.1266 4.1778 1.9047
v  3.0258 4.2420 1.8995
v  3.0557 4.2937 1.9419
v  3.1673 4.2544 1.9077
v  3.2265 3.8762 1.6886
v  3.5745 5.0727 4.5333
v  3.7545 5.0549 4.5876
v  3.7525 4.8191 4.3899
v  3.5927 4.8448 4.3555
v  2.9465 4.3459 1.9463
v  2.9251 4.3073 1.8923
v  3.7486 4.5711 4.1503
v  3.6067 4.6045 4.1221
v  3.6163 4.3808 3.8356
v  3.7411 4.3394 3.8628
v  3.4552 4.8851 4.3135
v  3.4823 4.6464 4.0858
v  3.3690 4.6947 4.0434
v  3.3348 4.9394 4.2611
v  3.4008 4.4711 3.7708
v  3.5061 4.4272 3.8031
v  2.9787 5.6290 3.9950
v  2.6645 5.7513 3.8661
v  2.9541 5.4466 3.8300
v  2.6798 5.5762 3.7005
v  3.2887 4.5046 3.7453
v  3.2491 4.7330 4.0093
v  3.2063 4.9820 4.2209
v  2.9445 5.2462 3.6214
v  2.7020 5.3757 3.5046
v  2.7139 5.1759 3.2939
v  2.9313 5.0489 3.3946
v  3.1213 5.3675 3.9137
v  3.0989 5.1627 3.6974
v  3.2126 5.1055 3.7496
v  3.2371 5.3155 3.9726
v  3.1920 4.9089 3.4972
v  3.0782 4.9663 3.4567
v  3.3077 4.8541 3.5358
v  3.3275 5.0487 3.8013
v  3.3564 5.2660 4.0285
v  3.6179 4.1976 3.5046
v  3.7249 4.1457 3.5299
v  3.6159 4.0451 3.1611
v  3.7109 3.9920 3.1784
v  3.4123 4.2918 3.4565
v  3.5181 4.2531 3.4765
v  3.4067 4.1251 3.1444
v  3.5158 4.0933 3.1486
v  3.3035 4.3258 3.4384
v  3.2994 4.1634 3.1350
v  2.7197 5.0264 3.0676
v  2.9142 4.8961 3.1569
v  2.8833 4.7548 2.9232
v  2.6926 4.8730 2.8560
v  3.1282 4.6203 2.9918
v  3.0228 4.6813 2.9618
v  3.0534 4.8144 3.2077
v  3.1645 4.7577 3.2395
v  3.6339 5.4952 5.1499
v  3.6700 5.4309 5.0948
v  3.4767 5.4443 5.0662
v  3.4405 5.5343 5.1419
v  3.2355 4.5654 3.0179
v  3.2775 4.7041 3.2696
v  3.5677 5.6779 5.2792
v  3.6074 5.6022 5.1977
v  3.3926 5.7470 5.2542
v  3.4192 5.6525 5.1949
v  3.1066 5.6338 5.0653
v  3.2497 5.5565 5.1391
v  3.2517 5.6928 5.1710
v  3.1240 5.7519 5.0913
v  3.2572 5.8019 5.1899
v  3.1316 5.8376 5.1197
v  2.6996 4.6211 2.0909
v  2.8793 4.5316 2.1114
v  2.8732 4.5198 2.0369
v  2.7013 4.6098 2.0241
v  3.0088 5.8101 5.0008
v  2.9863 5.7115 4.9737
v  3.0090 5.8760 5.0454
v  3.2848 3.5111 2.2912
v  3.1962 3.5593 2.2748
v  3.1831 3.5403 2.4406
v  3.2875 3.4947 2.4461
v  3.0873 3.6300 2.2789
v  3.0708 3.6284 2.4317
v  2.8485 4.4693 1.9866
v  2.6855 4.5672 1.9720
v  3.3845 3.4819 2.3094
v  3.4037 3.4860 2.4385
v  2.9226 3.7580 2.4270
v  2.9399 3.8426 2.4861
v  3.1010 3.7244 2.5496
v  3.2280 3.6380 2.5890
v  3.3450 3.5992 2.5755
v  3.2867 3.7874 2.5863
v  3.3974 3.7452 2.5620
v  2.9277 3.7236 2.3213
v  3.4159 3.8901 2.6292
v  3.5164 3.8494 2.6067
v  3.5121 3.9419 2.8449
v  3.4081 3.9811 2.8534
v  3.6124 3.9059 2.8374
v  3.6107 3.8063 2.5896
v  3.4568 3.5925 2.5208
v  3.4958 3.7204 2.5012
v  3.3127 3.9313 2.6464
v  3.3028 4.0225 2.8575
v  3.6923 3.7592 2.5885
v  3.6865 3.7101 2.4744
v  3.6037 3.7458 2.4865
v  3.5111 3.7814 2.5185
v  3.4109 3.8124 2.5621
v  3.7032 3.8654 2.8403
v  3.3036 3.8508 2.5913
v  2.6591 4.5891 2.3410
v  2.6555 4.6256 2.4500
v  2.8405 4.5299 2.4839
v  2.8443 4.5065 2.3666
v  2.8488 4.6127 2.6905
v  2.6678 4.7287 2.6368
v  2.3829 6.8852 6.1626
v  2.4897 6.9245 6.2599
v  2.4447 7.0179 6.2668
v  2.3414 6.9871 6.1709
v  2.5816 7.0454 6.3564
v  2.6230 6.9601 6.3466
v  2.4147 7.0921 6.2603
v  2.3198 7.0659 6.1617
v  2.5888 6.7665 5.9954
v  2.4722 6.7763 6.0986
v  2.3925 6.7717 5.9709
v  2.5034 6.7622 5.8772
v  2.3082 6.8737 6.0325
v  2.7734 6.9403 6.4733
v  2.8547 6.8505 6.4178
v  2.7006 6.8582 6.2989
v  2.7990 6.8180 6.2135
v  2.9543 6.8258 6.3343
v  2.5763 6.8228 6.2012
v  2.6829 6.7931 6.1040
v  2.7324 7.0256 6.4959
v  2.2733 6.9740 6.0430
v  2.2560 7.0541 6.0381
v  3.2553 7.2784 6.3144
v  3.1041 7.2986 6.1838
v  3.3345 7.1854 6.1811
v  3.2058 7.2163 6.0250
v  2.9903 7.3028 6.3377
v  3.1542 7.2864 6.4634
v  3.3465 7.0442 6.1251
v  3.2481 7.0645 5.9421
v  2.9085 6.3326 4.6825
v  2.5433 6.4257 4.5060
v  2.5110 6.5268 4.6478
v  2.8636 6.4398 4.8413
v  2.4824 6.6613 4.8007
v  2.8181 6.5797 5.0286
v  2.5759 6.3724 4.4239
v  2.6097 6.3311 4.3626
v  2.9427 6.2800 4.6000
v  2.9680 6.2248 4.5436
v  3.3352 6.1499 4.7188
v  3.2883 6.1613 4.7959
v  3.4284 6.1124 4.8736
v  3.4856 6.1164 4.7888
v  3.3758 6.1649 4.9810
v  3.2435 6.2132 4.8932
v  3.1108 6.2588 4.8057
v  3.0511 6.3612 4.9791
v  3.1741 6.3138 5.0753
v  2.9865 6.4976 5.1878
v  3.1018 6.4547 5.2899
v  3.1509 6.2092 4.7161
v  3.1850 6.1709 4.6505
v  3.6173 5.5747 4.3835
v  3.8984 5.4970 4.5002
v  3.8672 5.3368 4.3552
v  3.5727 5.4055 4.2736
v  3.2996 6.2692 5.1705
v  3.2193 6.4136 5.3914
v  3.1915 5.6972 4.1978
v  3.1615 5.5567 4.0779
v  3.2754 5.5062 4.1443
v  3.3161 5.6601 4.2522
v  3.9137 5.6000 4.5730
v  3.6403 5.6778 4.4405
v  3.4396 5.6231 4.3096
v  3.4662 5.7229 4.3544
v  3.3395 5.7524 4.2956
v  3.3700 5.8378 4.3070
v  3.5010 5.8117 4.3683
v  3.3961 5.4616 4.2031
v  2.9753 5.4631 4.4251
v  2.6689 5.5552 4.3490
v  2.6950 5.3921 4.2273
v  2.9954 5.2885 4.3132
v  3.2237 5.8548 4.2837
v  3.2078 5.7807 4.2482
v  3.4091 5.2775 4.6053
v  3.4278 5.1108 4.4831
v  3.3033 5.1652 4.4284
v  3.2834 5.3333 4.5463
v  2.6532 5.6413 4.4132
v  2.9687 5.5488 4.4889
v  2.9594 5.5948 4.5422
v  2.6379 5.6841 4.4487
v  3.1502 5.4615 4.5639
v  3.1409 5.4909 4.6204
v  3.1558 5.3872 4.4943
v  3.2781 5.3965 4.6230
v  3.2742 5.4173 4.6787
v  3.1738 5.2126 4.3829
v  3.0737 5.9559 5.2222
v  3.1861 5.9286 5.3009
v  3.0818 6.0644 5.4539
v  2.9773 6.0905 5.3656
v  3.1895 6.0054 5.5484
v  3.3038 5.8641 5.3806
v  3.0692 6.2192 5.7484
v  2.9698 6.2635 5.6399
v  2.8724 6.2842 5.5420
v  3.4162 5.3463 4.6779
v  3.4259 5.3757 4.7287
v  2.9600 5.9825 5.1455
v  2.8700 6.1135 5.2803
v  2.7690 6.2978 5.4491
v  3.4692 5.7755 5.4341
v  3.5335 5.7146 5.3378
v  3.3616 5.7964 5.3009
v  3.2392 5.8613 5.2262
v  3.1192 5.8889 5.1532
v  3.3378 5.9236 5.6307
v  3.2047 6.1632 5.8531
v  3.0267 6.2008 4.4454
v  2.6575 6.2991 4.2849
v  2.7190 6.2897 4.1811
v  3.0822 6.1711 4.3251
v  2.9966 5.9150 5.0832
v  3.5743 5.9566 4.3843
v  3.4357 5.9870 4.3224
v  3.4417 6.0936 4.4593
v  3.5809 6.0550 4.5214
v  2.7091 6.1711 4.1105
v  3.0736 6.0535 4.2265
v  3.3055 6.1309 4.3961
v  3.2950 6.0097 4.2747
v  3.4005 6.1472 4.5983
v  3.2471 6.1545 4.5399
v  2.5155 5.7578 4.6715
v  2.5576 5.7277 4.5777
v  2.8381 5.5964 4.7235
v  2.7966 5.6622 4.8236
v  3.5470 6.1107 4.6632
v  3.2782 5.4358 5.0561
v  3.1246 5.5151 4.9867
v  3.1816 5.4545 4.8665
v  3.3372 5.3836 4.9303
v  2.6064 5.7172 4.5027
v  2.9058 5.5962 4.6258
v  3.0401 5.5307 4.8032
v  3.1009 5.5146 4.7044
v  3.2375 5.4327 4.7620
v  2.9846 5.5896 4.9151
v  2.6616 6.7640 5.9343
v  2.7560 6.7859 6.0358
v  2.8044 6.6879 5.9681
v  2.7129 6.6825 5.8669
v  2.9176 6.7011 6.0659
v  2.8683 6.8039 6.1425
v  3.3934 5.3774 4.8171
v  2.6300 6.6898 5.7559
v  2.5715 6.7536 5.8261
v  3.0483 6.6942 6.1847
v  3.1076 6.4483 6.0457
v  2.9780 6.4758 5.9316
v  2.8762 6.4937 5.8238
v  2.7908 6.5106 5.7165
v  3.0184 6.8192 6.2562
v  2.7386 6.8405 5.3403
v  2.4168 6.9014 5.0145
v  2.4053 6.9732 5.0573
v  2.7390 6.9221 5.3984
v  2.4450 6.7893 4.9273
v  2.7637 6.7103 5.2114
v  2.6978 6.5196 5.6143
v  3.1506 6.5825 5.5961
v  3.0355 6.6113 5.4937
v  3.0136 6.7722 5.6312
v  3.1240 6.7517 5.7331
v  2.9052 6.7941 5.5279
v  2.9116 6.8857 5.5875
v  3.0200 6.8666 5.6850
v  2.9121 6.9656 5.6136
v  3.0231 6.9469 5.7067
v  2.9265 6.6449 5.3880
v  2.3397 7.6727 6.5407
v  2.5806 7.4962 6.5011
v  2.4715 7.4939 6.3280
v  2.2469 7.6610 6.3672
v  2.6889 7.3876 6.2785
v  2.8055 7.3717 6.4503
v  2.5916 7.4114 6.1084
v  2.3809 7.5108 6.1589
v  2.1644 7.6619 6.2011
v  3.1221 6.8460 5.7873
v  3.1186 6.9256 5.8119
v  2.2933 7.5321 5.9908
v  2.0860 7.6685 6.0347
v  2.5003 7.4482 5.9351
v  2.9203 7.3259 6.4086
v  3.0848 7.3107 6.5545
v  2.9577 7.3638 6.6269
v  2.7143 7.5151 6.6860
v  2.4543 7.7132 6.7243
v  2.1220 7.0876 5.8694
v  1.9282 7.0289 5.5730
v  1.8741 7.1003 5.6042
v  2.0507 7.1590 5.9145
v  1.9083 7.4750 6.4024
v  2.0603 7.3254 6.3069
v  2.1225 7.3437 6.4219
v  1.9700 7.4984 6.5166
v  2.2804 7.2297 6.3256
v  2.2164 7.2135 6.2100
v  2.2935 7.1360 6.1655
v  2.2333 7.1240 6.0445
v  2.1579 7.2012 6.0901
v  1.7749 7.1904 5.6640
v  1.6713 7.2919 5.7265
v  1.9145 7.2720 6.0013
v  1.7790 7.4082 6.0863
v  2.0051 7.3167 6.1875
v  1.8552 7.4623 6.2825
v  2.3714 7.1587 6.2734
v  1.4329 8.2973 6.8869
v  1.5494 8.2071 6.8424
v  1.6403 8.3092 6.9839
v  1.5510 8.3949 7.0124
v  1.7187 8.1990 6.9699
v  1.6539 8.0918 6.8151
v  1.3096 8.0771 6.6437
v  1.4372 8.0248 6.5917
v  1.4778 8.0995 6.7263
v  1.3461 8.1741 6.7820
v  1.6032 8.0239 6.6712
v  1.5545 7.9713 6.5387
v  1.7487 7.9621 6.7964
v  1.8053 8.0550 6.9549
v  1.5651 8.0616 5.8199
v  1.4711 7.9303 5.4755
v  1.4508 8.0027 5.4540
v  1.5324 8.1330 5.8097
v  1.4460 8.0837 5.4421
v  1.5263 8.2200 5.8125
v  1.4123 7.9806 6.4408
v  1.5088 7.9236 6.4022
v  1.3001 8.0183 6.4848
v  1.7064 8.2205 6.2097
v  1.6445 8.1538 6.0426
v  1.6062 8.2240 6.0351
v  1.6643 8.2917 6.2000
v  1.5981 8.3111 6.0380
v  1.6656 8.3774 6.1924
v  1.6447 7.9638 5.8271
v  1.5351 7.8470 5.4879
v  1.4561 8.5244 5.8905
v  1.3278 8.2674 5.5130
v  1.2181 8.3018 5.5464
v  1.3249 8.6181 5.9359
v  1.4077 8.1883 5.4660
v  1.5187 8.3726 5.8417
v  1.7115 8.3565 6.3695
v  1.7583 8.2821 6.3820
v  1.7303 8.4431 6.3497
v  1.0888 8.6713 6.5520
v  1.1134 8.5131 6.5786
v  1.1925 8.5925 6.7016
v  1.1876 8.7292 6.6758
v  1.2159 8.4601 6.7283
v  1.1592 8.3669 6.5956
v  1.2985 8.5498 6.8637
v  1.2896 8.6665 6.8262
v  1.0890 8.4365 6.4321
v  1.1388 8.2868 6.4467
v  1.0553 8.5919 6.4034
v  1.4376 8.4894 7.0527
v  1.3744 8.6206 7.0395
v  1.3411 8.4170 6.8940
v  1.2602 8.3141 6.7656
v  1.2117 8.2104 6.6325
v  1.3741 8.7353 6.9855
v  1.9509 7.9740 6.3943
v  1.8393 8.1413 6.3921
v  1.8962 8.1916 6.5634
v  2.0196 8.0111 6.5700
v  1.9005 7.9505 6.2190
v  1.7893 8.0958 6.2174
v  1.1947 8.1312 6.4801
v  1.7281 8.0427 6.0489
v  1.8390 7.9186 6.0500
v  2.1623 7.8437 6.5613
v  2.2644 7.8905 6.7481
v  2.1113 8.0639 6.7519
v  2.0150 7.8085 6.2173
v  2.0831 7.8203 6.3858
v  1.9622 8.2484 6.7307
v  1.5281 7.7159 6.1829
v  1.5936 7.8046 6.3973
v  1.6833 7.6853 6.3826
v  1.6187 7.6097 6.1742
v  1.7352 7.7291 6.5070
v  1.6501 7.8570 6.5230
v  1.9479 7.7986 6.0492
v  1.7047 7.9077 6.6499
v  1.7940 7.7791 6.6268
v  1.6926 7.5155 6.1420
v  1.5934 7.3819 5.7747
v  1.5205 7.4642 5.8015
v  1.8122 7.6079 6.4668
v  1.7612 7.5802 6.3446
v  1.4333 7.5443 5.7983
v  1.8724 7.6448 6.5829
v  2.7903 3.6813 0.1314
v  2.7836 3.6623 0.1848
v  2.8377 3.6184 0.1655
v  2.7996 3.6949 0.0750
v  2.8485 3.6452 0.1237
v  2.8612 3.6661 0.0753
v  2.7218 3.7256 0.0736
v  2.7145 3.7147 0.1369
v  2.7043 3.6938 0.1955
v  2.9014 3.6014 0.1101
v  2.9701 3.5309 0.0925
v  2.9935 3.5675 0.0603
v  2.9189 3.6304 0.0695
v  2.8962 3.5775 0.1517
v  2.9620 3.5015 0.1311
v  2.6094 3.7565 0.1445
v  2.5925 3.7221 0.2016
v  2.6188 3.7770 0.0780
v  2.6248 3.7776 0.0141
v  2.6297 3.7778 -0.0455
v  2.7386 3.7253 0.0136
v  2.7506 3.7241 -0.0437
v  2.8232 3.7045 0.0172
v  2.8372 3.7038 -0.0429
v  2.8919 3.6948 0.0234
v  2.9068 3.6996 -0.0431
v  2.9525 3.6606 0.0217
v  3.1118 4.4391 2.0149
v  3.1249 4.4754 2.1008
v  3.2408 4.4628 2.0852
v  3.2241 4.4167 1.9893
v  3.2353 4.4472 2.1892
v  3.1219 4.4700 2.1924
v  3.0134 4.4910 2.1123
v  3.0100 4.4851 2.1935
v  3.0020 4.4659 2.0338
v  3.0874 4.3729 1.9623
v  3.1985 4.3393 1.9325
v  2.9759 4.4069 1.9865
v  2.9906 4.4498 2.2522
v  2.9698 4.4172 2.3113
v  3.0821 4.3843 2.3204
v  3.1052 4.4364 2.2615
v  3.0942 4.4188 2.5372
v  2.9773 4.4590 2.5158
v  2.9924 4.5485 2.7215
v  3.1055 4.5001 2.7458
v  3.1927 4.3559 2.3313
v  3.1774 4.3233 2.4224
v  3.0773 4.3703 2.4089
v  3.1970 4.3759 2.5553
v  3.2162 4.4060 2.2664
v  2.9724 4.4287 2.3907
v  3.2063 4.4452 2.7704
v  2.7987 7.3453 6.2476
v  2.8728 7.3311 6.1863
v  2.7046 7.3836 6.0762
v  2.7840 7.3845 6.0199
v  3.0533 7.1038 5.6932
v  3.1547 7.0853 5.8044
v  3.0132 7.2737 5.7517
v  3.1085 7.2486 5.8838
v  2.6891 7.4202 5.8486
v  2.8069 7.4173 5.7330
v  2.9155 7.3996 5.8834
v  2.8950 7.2804 5.6340
v  2.6088 7.4139 5.9016
v  3.0059 7.3540 6.0373
v  2.9296 7.1143 5.6000
v  1.2583 8.8721 6.6157
v  1.4018 8.9347 6.5361
v  1.3175 8.9138 6.3718
v  1.1478 8.8480 6.4718
v  1.1015 8.7465 6.3216
v  1.2473 8.8114 6.2286
v  1.4150 8.7786 6.1549
v  1.4938 8.8588 6.2959
v  1.6287 8.7248 6.2407
v  1.5438 8.6488 6.1100
v  1.6946 8.7796 6.3943
v  1.5632 8.9045 6.4560
v  1.7272 8.5955 6.3648
v  1.6586 8.5352 6.2132
v  1.5935 8.4737 6.0656
v  2.5963 8.8792 8.5525
v  2.6466 8.9217 8.5806
v  2.4165 9.2365 8.7097
v  2.3879 9.1558 8.6265
v  2.1743 9.3307 8.7298
v  2.1485 9.2799 8.6471
v  2.2520 9.2562 8.6508
v  2.2757 9.3047 8.7353
v  2.0252 9.4985 8.6581
v  1.9914 9.4499 8.5691
v  2.0444 9.3469 8.6228
v  2.0758 9.3972 8.7066
v  2.0158 9.6032 8.6072
v  1.9818 9.5535 8.5151
v  2.0253 9.6514 8.4578
v  2.0582 9.7034 8.5521
v  2.1647 9.7730 8.4997
v  2.1359 9.7151 8.4048
v  2.2560 9.7451 8.3534
v  2.2891 9.7956 8.4518
v  2.4703 9.6856 8.3744
v  2.4245 9.6368 8.2797
v  2.3550 9.7194 8.3007
v  2.3934 9.7663 8.4003
v  2.5066 9.5831 8.3964
v  2.4659 9.5352 8.3040
v  2.4780 9.4395 8.3545
v  2.5186 9.4903 8.4442
v  2.5955 9.2463 8.4032
v  2.7816 8.9522 8.3791
v  2.8483 8.9949 8.5096
v  2.6466 9.3284 8.5384
v  2.5645 9.4328 8.4830
v  2.5181 9.3801 8.3860
v  2.7441 8.9538 8.5971
v  2.5750 9.2512 8.6722
v  2.2340 9.4831 8.9435
v  2.1972 9.4003 8.8377
v  2.2972 9.3750 8.8343
v  2.3239 9.4521 8.9358
v  2.4003 9.3671 8.8174
v  2.4161 9.4474 8.9024
v  2.1656 9.5482 8.9354
v  2.1142 9.4706 8.8199
v  2.0691 9.5685 8.7859
v  2.1256 9.6358 8.9183
v  2.1297 9.7376 8.8915
v  2.0676 9.6750 8.7456
v  2.1168 9.7720 8.7014
v  2.1798 9.8294 8.8609
v  2.2670 9.8862 8.8370
v  2.2148 9.8354 8.6628
v  2.3701 9.9002 8.8103
v  2.3293 9.8484 8.6265
v  2.5338 9.7892 8.7325
v  2.5172 9.7522 8.5409
v  2.4324 9.8207 8.5778
v  2.4654 9.8591 8.7701
v  2.2850 9.5494 9.0429
v  2.2194 9.6005 9.0407
v  2.2795 9.6641 9.1063
v  2.3455 9.6297 9.1130
v  2.2316 9.6992 9.0812
v  2.1812 9.6750 9.0279
v  2.2486 9.7660 9.0868
v  2.1822 9.7643 9.0106
v  2.2673 9.8295 9.0568
v  2.2279 9.8459 8.9889
v  2.5632 9.6401 8.7132
v  2.5621 9.5701 8.5708
v  2.5515 9.6570 8.5446
v  2.5667 9.7144 8.7124
v  2.3336 9.8545 9.0727
v  2.3088 9.8974 8.9730
v  2.4223 9.8560 9.0596
v  2.4076 9.9123 8.9529
v  2.4004 9.7496 9.1290
v  2.3219 9.7628 9.1249
v  2.4982 9.6151 9.0341
v  2.5199 9.7104 9.0465
v  2.4707 9.7289 9.0992
v  2.4200 9.6176 9.0914
v  2.5020 9.8285 9.0326
v  2.5545 9.7826 8.9922
v  2.4953 9.8706 8.9174
v  2.5534 9.8061 8.8791
v  2.5218 9.5232 8.7649
v  2.4850 9.4708 8.8282
v  2.5075 9.3931 8.7511
v  2.5683 9.4496 8.6573
v  2.4439 9.5270 8.9846
v  2.3686 9.5262 9.0313
v  2.5449 9.5784 8.7289
v  2.5698 9.6874 8.9177
v  2.5473 9.6585 8.9627
v  2.5504 9.6226 8.8610
v  2.5733 9.6760 8.8344
v  2.5202 9.5719 8.8976
v  2.4880 9.5239 8.9135
v  2.5464 9.7016 9.0005
v  2.5705 9.7316 8.9453
v  2.5767 9.7386 8.8461
v  2.4940 3.8257 -0.1783
v  2.6231 3.7763 -0.1682
v  2.6150 3.7556 -0.2341
v  2.4814 3.7899 -0.2415
v  2.7180 3.7140 -0.2230
v  2.7247 3.7251 -0.1605
v  2.6272 3.7772 -0.1049
v  2.4914 3.8346 -0.1118
v  2.7403 3.7249 -0.1010
v  2.8244 3.7041 -0.1025
v  2.8933 3.6940 -0.1082
v  2.8022 3.6949 -0.1602
v  1.6907 3.6658 1.2516
v  1.6323 3.6925 1.2159
v  1.6318 3.5505 1.1063
v  1.6884 3.5231 1.1183
v  1.5766 3.5599 1.1185
v  1.5519 3.6905 1.2012
v  1.7486 3.6309 1.2876
v  1.7536 3.4927 1.1409
v  1.8344 3.4620 1.1766
v  1.8091 3.5779 1.3406
v  2.1078 3.6085 1.3483
v  1.9205 3.5326 1.3974
v  1.9497 3.4247 1.2293
v  2.1231 3.5142 1.1695
v  2.1970 3.4508 1.0975
v  2.3623 3.5534 1.0349
v  2.0721 3.4647 1.0606
v  2.0836 3.3685 0.9733
v  2.2169 3.3876 0.9869
v  2.3785 3.4911 0.9246
v  2.2304 3.3226 0.8735
v  2.3947 3.4264 0.8116
v  2.3661 3.5489 1.3107
v  2.8399 3.5414 1.2817
v  2.5832 3.5405 1.1424
v  2.8150 3.4342 1.1093
v  2.5885 3.4604 1.0197
v  2.8078 3.3578 0.9872
v  2.5994 3.3959 0.9188
v  2.8106 3.3005 0.8883
v  2.6123 3.3348 0.8143
v  2.8151 3.2482 0.7866
v  3.0056 3.4499 1.2708
v  3.1120 3.3738 1.2740
v  2.9751 3.3552 1.0896
v  3.0821 3.2886 1.0852
v  2.9624 3.2865 0.9647
v  3.0668 3.2257 0.9569
v  2.9596 3.2335 0.8666
v  3.0591 3.1749 0.8588
v  2.9571 3.1826 0.7675
v  3.0505 3.1240 0.7614
v  3.5225 2.9763 1.0953
v  3.5931 2.9313 1.0756
v  3.6761 2.9829 1.2957
v  3.5879 3.0378 1.3103
v  3.6666 2.8914 1.0532
v  3.5430 2.8329 1.2748
v  3.4891 3.1050 1.3144
v  3.4379 3.0324 1.1055
v  3.3939 3.1703 1.3120
v  3.3536 3.0906 1.1077
v  3.6480 2.7934 1.2498
v  3.7537 2.7737 1.2179
v  3.8265 2.7414 0.9476
v  3.9014 2.8149 1.1380
v  3.8409 2.7851 1.1783
v  3.9625 2.8704 1.0692
v  3.9381 2.8427 1.1020
v  3.8743 2.7716 0.9129
v  3.9068 2.8011 0.8814
v  3.6030 2.6124 0.6782
v  3.5596 2.5785 0.6085
v  3.6311 2.5793 0.5746
v  3.8242 2.7285 0.7923
v  3.8610 2.7599 0.7572
v  3.9757 2.9173 1.0351
v  3.9207 2.9451 1.0267
v  3.9199 2.8537 0.8525
v  3.8611 2.8928 0.8484
v  3.8763 2.8175 0.7240
v  3.8201 2.8576 0.7150
v  3.4172 3.0534 0.9255
v  3.5814 2.9803 0.9707
v  3.5534 2.9310 0.7715
v  3.4030 2.9984 0.7267
v  3.7249 2.9516 1.0100
v  3.6838 2.9041 0.8163
v  3.8411 2.9402 1.0241
v  3.7874 2.8944 0.8398
v  3.7539 2.8658 0.7030
v  3.6600 2.8784 0.6760
v  3.0673 3.2862 0.6877
v  3.0797 3.3564 0.8720
v  3.2360 3.1920 0.8943
v  3.2254 3.1308 0.7008
v  3.5421 2.8982 0.6271
v  3.2494 3.3459 0.5501
v  2.9645 3.4871 0.8664
v  2.8702 3.5820 0.8742
v  2.9254 3.4096 0.6915
v  2.8418 3.4971 0.7071
v  2.8991 3.3620 0.5588
v  2.7964 3.4530 0.5746
v  3.1002 3.4275 0.4465
v  3.0037 3.2004 0.4373
v  3.0013 3.5265 0.4603
v  2.6791 3.5996 0.7426
v  2.7069 3.6921 0.9048
v  2.7856 3.6453 0.8877
v  2.7565 3.5564 0.7240
v  2.9856 3.1655 0.3184
v  2.8576 3.2889 0.3303
v  2.9809 3.4911 0.2424
v  2.9874 3.5007 0.3436
v  2.1888 4.0944 0.8522
v  2.0484 4.1472 0.8348
v  2.2965 3.9904 0.8947
v  2.2783 3.9072 0.7308
v  2.1638 4.0038 0.6951
v  2.0179 4.0495 0.6936
v  2.4485 3.7646 0.2611
v  2.4511 3.8017 0.3194
v  2.3036 3.8192 0.2609
v  2.3116 3.8560 0.3139
v  2.3261 3.9078 0.3956
v  2.4608 3.8469 0.4057
v  2.4732 3.8967 0.5077
v  2.1816 3.8764 0.4898
v  2.5775 3.7169 0.2571
v  2.5721 3.7375 0.3218
v  2.6656 3.6616 0.3171
v  2.6803 3.6662 0.2466
v  1.9731 3.9207 0.4964
v  1.9941 3.9794 0.5866
v  2.1410 3.9291 0.5826
v  2.3231 3.8549 0.6092
v  1.8731 4.1389 0.8537
v  1.7470 4.0288 0.9455
v  1.8497 4.0463 0.7436
v  1.7228 3.9576 0.8448
v  1.6972 3.9344 0.7505
v  1.8341 3.9760 0.6601
v  1.8151 3.9194 0.5820
v  1.6772 3.8954 0.6771
v  1.7937 3.8649 0.5083
v  1.6552 3.8557 0.6070
v  1.6031 4.0348 0.9656
v  1.4980 4.0253 0.9967
v  1.5795 3.9762 0.8770
v  1.4821 3.9640 0.9205
v  1.5636 3.9347 0.8066
v  1.4740 3.9197 0.8523
v  1.5505 3.8971 0.7443
v  1.4659 3.8855 0.7857
v  1.4919 3.8721 0.9883
v  1.5111 3.9166 1.0741
v  1.4747 3.9687 1.0419
v  1.4676 3.9142 0.9626
v  1.5349 3.8584 0.6819
v  1.4555 3.8511 0.7188
v  1.6302 3.4535 1.0369
v  1.5787 3.4696 1.0671
v  1.4467 3.7964 0.8363
v  1.4431 3.8424 0.8165
v  1.4277 3.8100 0.7441
v  1.4243 3.7603 0.7609
v  1.5495 3.7766 1.0459
v  1.5580 3.8156 1.1378
v  1.5474 3.8804 1.1106
v  1.5301 3.8352 1.0166
v  1.4699 3.8329 0.9108
v  1.4565 3.8746 0.8884
v  1.5101 3.7891 0.9323
v  1.5357 3.7290 0.9629
v  1.4857 3.7416 0.8540
v  1.5174 3.6765 0.8846
v  1.4597 3.6935 0.7744
v  1.4948 3.6226 0.8056
v  1.4211 3.6803 0.7148
v  1.5337 3.5974 1.0540
v  1.5487 3.6876 1.0572
v  1.5397 3.6529 0.9930
v  1.5329 3.5846 1.0119
v  1.5255 3.6090 0.9292
v  1.5250 3.5520 0.9666
v  1.5078 3.5640 0.8661
v  1.4923 3.5232 0.8148
v  1.5140 3.5166 0.9205
v  1.5402 3.7015 1.1291
v  1.5342 3.5815 1.1004
v  1.5419 3.5045 1.0573
v  1.5300 3.5355 1.0316
v  1.5295 3.4870 0.9947
v  1.5302 3.5448 1.0112
v  1.5255 3.5144 0.9813
v  3.1890 3.3163 1.2832
v  3.2530 3.2692 1.2944
v  3.1585 3.2341 1.0894
v  3.2209 3.1874 1.0969
v  3.1401 3.1735 0.9590
v  3.2001 3.1298 0.9639
v  3.1291 3.1264 0.8592
v  3.1858 3.0862 0.8623
v  3.2835 3.1409 1.1040
v  3.3184 3.2228 1.3047
v  3.1163 3.0785 0.7610
v  2.4146 3.8826 0.9230
v  2.3812 3.7916 0.7634
v  2.5396 3.8013 0.9258
v  2.5149 3.7091 0.7675
v  3.4062 2.9903 0.9654
v  3.3267 3.0419 0.9698
v  3.2601 3.0871 0.9683
v  3.2420 3.0473 0.8653
v  2.6304 3.7360 0.9195
v  2.6028 3.6465 0.7596
v  2.5816 3.7988 0.5269
v  2.4262 3.7455 0.6368
v  2.6958 3.7548 0.6411
v  2.6820 3.7147 0.5307
v  2.8320 3.6038 0.2126
v  2.7630 3.6350 0.2308
v  2.7604 3.6416 0.2965
v  2.8033 3.5516 0.2777
v  2.9103 3.5735 0.2554
v  2.8886 3.5507 0.1927
v  2.9731 3.4937 0.1786
v  2.6678 3.6784 0.4190
v  2.5751 3.7648 0.4164
v  2.8408 3.6239 0.3695
v  2.7645 3.6559 0.3932
v  2.7736 3.6754 0.5110
v  2.8488 3.6387 0.4893
v  2.9215 3.5935 0.4733
v  2.9114 3.5740 0.3553
v  2.7852 3.7033 0.6272
v  2.8617 3.6635 0.6069
v  2.9369 3.6203 0.5894
v  2.5746 9.5052 8.6027
v  2.0939 3.2675 0.8923
# 3448 vertices

vn -0.7327 -0.3407 -0.5891
vn -0.7390 -0.3616 -0.5685
vn -0.8540 -0.2467 -0.4580
vn -0.8600 -0.2455 -0.4474
vn -0.8246 -0.2896 -0.4859
vn -0.7659 -0.3280 -0.5531
vn -0.8094 -0.2925 -0.5093
vn -0.8268 -0.2637 -0.4969
vn -0.7748 -0.3818 -0.5039
vn -0.7647 -0.3157 -0.5617
vn -0.7971 -0.3004 -0.5239
vn -0.8240 -0.2885 -0.4876
vn -0.8269 -0.2833 -0.4857
vn -0.7568 -0.3281 -0.5653
vn -0.7447 -0.3392 -0.5748
vn 0.0297 -0.5121 -0.8584
vn -0.0786 -0.2545 -0.9639
vn -0.3443 -0.4386 -0.8301
vn -0.3252 -0.4926 -0.8072
vn -0.2500 -0.1875 -0.9499
vn -0.4141 -0.4316 -0.8014
vn 0.0697 -0.5246 -0.8485
vn -0.2908 -0.5137 -0.8072
vn -0.1597 -0.5529 -0.8178
vn 0.1356 -0.4763 -0.8687
vn -0.4286 -0.5549 -0.7130
vn -0.3456 -0.5057 -0.7905
vn -0.4096 -0.5238 -0.7469
vn -0.4979 -0.5601 -0.6622
vn -0.3250 -0.4860 -0.8113
vn -0.3197 -0.4759 -0.8193
vn -0.3473 -0.5061 -0.7895
vn -0.4653 -0.5123 -0.7219
vn -0.5518 -0.5054 -0.6634
vn -0.1765 -0.5023 -0.8465
vn -0.1470 -0.5085 -0.8484
vn -0.1571 -0.4443 -0.8820
vn 0.0303 -0.8208 -0.5705
vn 0.2818 -0.9391 -0.1968
vn 0.4026 -0.9149 -0.0309
vn 0.1824 -0.9801 0.0789
vn 0.0535 -0.9969 -0.0585
vn -0.3346 -0.3771 -0.8636
vn -0.2128 -0.4629 -0.8605
vn -0.2135 -0.7463 -0.6305
vn 0.1332 -0.8170 -0.5611
vn -0.4288 -0.3783 -0.8204
vn 0.3978 -0.9130 0.0901
vn 0.5572 -0.8290 0.0486
vn 0.3587 -0.9193 0.1618
vn 0.2374 -0.9522 0.1924
vn 0.4755 -0.8239 -0.3085
vn 0.4160 -0.9077 0.0541
vn 0.6753 -0.6839 -0.2760
vn 0.4081 -0.9127 -0.0229
vn 0.1714 -0.9851 0.0114
vn 0.6656 0.4047 0.6271
vn 0.6558 0.4237 0.6248
vn 0.7207 0.3784 0.5809
vn 0.6189 0.4282 0.6585
vn 0.3777 0.5421 0.7506
vn 0.2300 0.5811 0.7806
vn 0.5113 0.5092 0.6923
vn 0.7451 0.3684 0.5559
vn 0.5678 0.4516 0.6882
vn 0.3550 0.6773 0.6443
vn 0.3816 0.5552 0.7390
vn 0.4274 0.5517 0.7162
vn 0.3599 0.6566 0.6628
vn 0.4646 0.4896 0.7378
vn 0.3867 0.4892 0.7818
vn 0.5412 0.5086 0.6697
vn 0.5292 0.5743 0.6247
vn 0.6229 0.6718 0.4008
vn 0.7534 0.5637 0.3386
vn 0.7359 0.4839 0.4736
vn 0.6129 0.5719 0.5453
vn -0.3596 0.6109 0.7053
vn -0.1207 0.5905 0.7979
vn -0.2513 0.5674 0.7841
vn -0.4457 0.5857 0.6770
vn -0.3697 0.5394 0.7565
vn -0.4750 0.5635 0.6759
vn -0.7768 -0.4402 -0.4504
vn -0.5143 -0.6964 -0.5005
vn -0.4657 -0.6621 -0.5871
vn -0.7387 -0.4312 -0.5180
vn -0.3274 -0.7468 -0.5788
vn -0.3661 -0.7899 -0.4919
vn -0.2824 -0.6780 -0.6786
vn -0.4956 -0.5513 -0.6712
vn -0.7343 -0.3448 -0.5847
vn -0.3245 -0.3938 -0.8600
vn -0.4229 -0.4737 -0.7725
vn -0.3852 -0.5967 -0.7040
vn -0.2609 -0.6392 -0.7235
vn -0.6585 -0.4281 -0.6189
vn -0.7307 -0.3673 -0.5755
vn 0.0228 -0.9466 -0.3215
vn -0.0990 -0.8724 -0.4787
vn -0.2802 -0.7293 -0.6242
vn -0.1293 -0.8327 -0.5384
vn -0.3959 -0.7135 -0.5781
vn -0.5386 -0.5727 -0.6180
vn -0.7983 -0.2350 -0.5546
vn -0.8100 -0.2691 -0.5210
vn -0.7500 -0.3105 -0.5840
vn -0.7786 -0.2846 -0.5593
vn -0.7575 -0.3188 -0.5697
vn -0.8091 -0.2576 -0.5282
vn -0.6863 -0.4307 -0.5861
vn -0.8205 -0.2688 -0.5045
vn -0.2299 -0.0591 -0.9714
vn -0.3624 -0.1370 -0.9219
vn -0.3647 0.1654 -0.9163
vn -0.3100 0.1024 -0.9452
vn -0.3459 -0.3304 -0.8782
vn -0.3696 -0.2107 -0.9050
vn -0.2638 -0.7555 -0.5997
vn -0.2479 -0.7896 -0.5613
vn -0.0940 -0.9682 -0.2317
vn -0.1239 -0.9763 -0.1776
vn -0.1153 -0.9837 -0.1381
vn -0.0120 -0.9940 -0.1084
vn -0.4016 -0.2463 -0.8821
vn -0.4427 -0.3242 -0.8360
vn -0.4883 0.1326 -0.8625
vn -0.4526 0.1658 -0.8762
vn 0.5007 0.6788 -0.5371
vn 0.8436 0.4175 -0.3377
vn 0.5963 -0.0225 -0.8024
vn 0.2740 0.2751 -0.9216
vn 0.7049 -0.2489 -0.6643
vn 0.9723 0.1751 -0.1547
vn 0.2403 -0.5367 -0.8088
vn 0.0873 -0.3340 -0.9385
vn -0.0380 -0.0595 -0.9975
vn 0.6720 -0.7327 -0.1077
vn 0.5569 -0.7157 -0.4215
vn 0.3852 -0.6724 -0.6320
vn 0.7565 -0.5245 -0.3906
vn 0.9799 -0.1776 0.0912
vn 0.8244 -0.5023 0.2610
vn 0.2299 0.9475 -0.2224
vn 0.1497 0.7679 -0.6228
vn 0.4591 0.4712 -0.7532
vn 0.2564 0.9512 0.1718
vn 0.5879 0.7286 -0.3514
vn 0.3549 0.9005 0.2513
vn 0.1596 0.9548 0.2506
vn 0.3731 0.9243 -0.0806
vn 0.6202 0.6752 0.3992
vn 0.7027 0.6905 0.1717
vn 0.6024 0.5765 0.5520
vn 0.6747 0.6695 0.3107
vn 0.4190 0.8934 0.1619
vn 0.4725 0.8137 0.3387
vn -0.1705 -0.6835 -0.7098
vn -0.2454 -0.4858 -0.8389
vn -0.3500 -0.4592 -0.8165
vn -0.2902 -0.6917 -0.6613
vn -0.3273 -0.2012 -0.9233
vn -0.2210 -0.2582 -0.9405
vn -0.3697 -0.4426 -0.8170
vn -0.3777 -0.1147 -0.9188
vn -0.3266 -0.6822 -0.6542
vn -0.2390 -0.3362 -0.9110
vn -0.2201 -0.3908 -0.8938
vn -0.1148 -0.7305 -0.6732
vn -0.1749 -0.6580 -0.7325
vn -0.0471 -0.7802 -0.6238
vn -0.2266 -0.3325 -0.9155
vn 0.4643 0.6480 0.6037
vn 0.1757 0.9744 0.1400
vn 0.1727 0.9777 0.1195
vn 0.4627 0.6843 0.5636
vn 0.1583 0.9794 0.1250
vn 0.1761 0.9744 0.1394
vn 0.0374 0.9966 0.0730
vn 0.0715 0.9523 0.2968
vn 0.2536 0.6560 0.7109
vn 0.5472 -0.4513 0.7049
vn 0.5902 0.0124 0.8072
vn 0.6334 0.0197 0.7736
vn 0.5989 -0.4650 0.6520
vn 0.4390 0.0849 0.8945
vn 0.4806 -0.4180 0.7709
vn 0.4570 -0.6457 0.6117
vn 0.5271 -0.4928 0.6924
vn 0.6043 -0.4263 0.6731
vn 0.5422 -0.6623 0.5170
vn 0.5347 -0.3507 0.7689
vn 0.4834 -0.6474 0.5892
vn 0.5901 0.4329 0.6814
vn 0.6751 0.4635 0.5739
vn 0.6603 0.2670 0.7020
vn 0.6034 0.2967 0.7402
vn 0.5427 0.3430 0.7667
vn 0.5087 0.6729 0.5371
vn 0.5342 -0.2758 0.7991
vn 0.5405 0.0444 0.8402
vn 0.6669 0.1167 0.7359
vn 0.7081 -0.0453 0.7047
vn 0.6638 0.2327 0.7108
vn 0.7350 0.1690 0.6566
vn -0.7909 -0.3034 -0.5315
vn -0.5306 -0.5772 -0.6208
vn -0.5467 -0.6411 -0.5385
vn -0.8202 -0.3599 -0.4446
vn -0.2955 -0.7734 -0.5608
vn -0.2454 -0.7459 -0.6192
vn -0.1771 -0.7630 -0.6216
vn -0.2390 -0.7668 -0.5957
vn -0.3332 -0.6808 -0.6523
vn -0.2837 -0.6858 -0.6703
vn -0.4416 -0.6902 -0.5732
vn -0.3716 -0.7758 -0.5100
vn -0.4425 -0.5611 -0.6996
vn -0.4727 -0.5586 -0.6816
vn -0.5371 -0.4746 -0.6974
vn -0.4921 -0.4800 -0.7263
vn -0.5665 -0.4925 -0.6607
vn -0.5076 -0.5618 -0.6533
vn -0.4401 -0.4517 -0.7760
vn -0.4756 -0.4478 -0.7571
vn -0.4528 -0.4371 -0.7772
vn -0.4402 -0.4377 -0.7840
vn -0.4736 -0.4928 -0.7300
vn -0.5154 -0.4940 -0.7003
vn 0.4686 0.4003 0.7875
vn 0.8284 0.4931 0.2659
vn 0.9556 0.2732 -0.1105
vn 0.9141 0.3671 0.1722
vn 0.6423 0.3468 0.6836
vn 0.4021 0.4352 0.8056
vn 0.4026 0.2895 0.8684
vn 0.5909 0.5970 0.5426
vn 0.5418 0.3993 0.7396
vn 0.4212 0.4580 0.7829
vn 0.4742 0.4526 0.7551
vn 0.5900 0.4307 0.6830
vn 0.4276 0.4724 0.7707
vn 0.4132 0.4675 0.7815
vn 0.4393 0.5080 0.7409
vn 0.4661 0.5218 0.7145
vn 0.5346 0.5604 0.6326
vn 0.8037 0.2849 0.5224
vn 0.7793 0.3249 0.5358
vn 0.5920 0.4987 0.6331
vn 0.6213 0.4683 0.6282
vn 0.5915 0.5201 0.6161
vn 0.7604 0.3529 0.5452
vn 0.5784 0.5208 0.6279
vn 0.5523 0.5184 0.6528
vn 0.5566 0.5299 0.6399
vn -0.3885 -0.5341 -0.7509
vn -0.3834 -0.3872 -0.8385
vn -0.4125 -0.3589 -0.8373
vn -0.4151 -0.5407 -0.7317
vn -0.3250 -0.2851 -0.9017
vn -0.2380 -0.3446 -0.9081
vn -0.4434 -0.2374 -0.8643
vn -0.4435 -0.3539 -0.8234
vn -0.4329 -0.5297 -0.7294
vn 0.1425 0.7577 0.6368
vn 0.1890 0.7809 0.5954
vn 0.7069 0.3875 0.5917
vn 0.6862 0.3870 0.6159
vn 0.7418 0.3828 0.5506
vn 0.2012 0.7854 0.5854
vn 0.6944 -0.1468 0.7045
vn 0.7437 -0.2240 0.6298
vn 0.8114 -0.3663 0.4556
vn 0.7743 -0.3034 0.5553
vn 0.9123 -0.0812 0.4013
vn 0.7965 -0.0544 0.6021
vn 0.8330 -0.5108 0.2126
vn 0.9863 -0.1568 0.0515
vn -0.0337 -0.8992 -0.4362
vn -0.0347 -0.9146 -0.4029
vn -0.0834 -0.8822 -0.4635
vn -0.0471 -0.8846 -0.4640
vn -0.0002 -0.9633 -0.2683
vn -0.1604 -0.8612 -0.4822
vn 0.7913 -0.1822 0.5836
vn 0.7192 0.0881 0.6892
vn 0.7226 -0.1698 0.6701
vn 0.7975 -0.0809 0.5978
vn 0.5698 -0.2352 0.7874
vn 0.5944 0.0667 0.8014
vn 0.8273 0.1782 0.5327
vn 0.8231 0.2372 0.5159
vn 0.6618 0.3927 0.6385
vn 0.6841 0.2638 0.6801
vn 0.5747 0.4564 0.6793
vn 0.6041 0.3014 0.7377
vn -0.2288 -0.8526 -0.4698
vn -0.5994 -0.6109 -0.5172
vn -0.6367 -0.5649 -0.5249
vn -0.2662 -0.8293 -0.4913
vn -0.8131 -0.3066 -0.4948
vn -0.7992 -0.3164 -0.5110
vn -0.5557 -0.5855 -0.5903
vn -0.2256 -0.8022 -0.5527
vn -0.7883 -0.3023 -0.5359
vn -0.0556 -0.8565 -0.5132
vn 0.0116 -0.9046 -0.4262
vn 0.0256 -0.9274 -0.3731
vn 0.0521 -0.9511 -0.3043
vn -0.0914 -0.8358 -0.5414
vn -0.1861 -0.7459 -0.6395
vn -0.1193 -0.9339 -0.3369
vn -0.2476 -0.8173 -0.5204
vn -0.3677 -0.5286 -0.7651
vn -0.2958 -0.7109 -0.6381
vn -0.4018 -0.5688 -0.7176
vn -0.4447 -0.4733 -0.7604
vn -0.3742 -0.5435 -0.7514
vn -0.3668 -0.5067 -0.7802
vn -0.3404 -0.7849 -0.5177
vn -0.3297 -0.8582 -0.3935
vn -0.2663 -0.9435 -0.1974
vn -0.2729 -0.9582 -0.0858
vn -0.4077 -0.4365 -0.8021
vn -0.3997 -0.3974 -0.8260
vn 0.7944 0.3159 0.5188
vn 0.8588 0.3525 0.3718
vn 0.9028 0.2507 0.3495
vn 0.8068 0.2304 0.5440
vn 0.9762 0.1970 -0.0902
vn 0.9481 0.2893 -0.1320
vn 0.8636 0.3249 0.3856
vn 0.6206 0.3034 0.7230
vn 0.9479 0.2793 -0.1532
vn 0.5306 0.0315 0.8470
vn 0.5501 0.0936 0.8299
vn 0.4752 0.3384 0.8122
vn 0.4883 0.3392 0.8040
vn 0.4395 0.3465 0.8287
vn 0.4942 0.1771 0.8511
vn 0.4476 0.3997 0.7999
vn 0.4196 0.4058 0.8120
vn 0.4488 0.3795 0.8091
vn 0.6975 0.1950 0.6896
vn 0.8009 0.0131 0.5987
vn 0.6066 0.1546 0.7799
vn 0.6867 0.3757 0.6223
vn 0.6846 0.3531 0.6377
vn 0.0327 0.7090 0.7045
vn 0.0791 0.7198 0.6896
vn 0.5587 -0.2924 -0.7761
vn 0.3746 0.0043 -0.9272
vn 0.6650 0.2073 -0.7175
vn 0.7197 -0.1650 -0.6744
vn 0.4220 0.5948 -0.6842
vn 0.2675 0.3861 -0.8828
vn 0.5932 0.6025 -0.5340
vn 0.7643 0.2654 -0.5878
vn 0.7865 -0.0745 -0.6131
vn -0.8921 -0.2488 0.3772
vn -0.8486 -0.1139 0.5167
vn -0.8906 0.2753 0.3619
vn -0.9889 -0.1092 0.1012
vn -0.7787 0.4596 0.4270
vn -0.8275 -0.0019 0.5614
vn -0.4034 0.9118 0.0762
vn -0.6828 0.7247 -0.0924
vn -0.9099 0.2072 -0.3594
vn -0.6202 -0.7112 0.3308
vn -0.5750 -0.6793 0.4560
vn -0.7516 -0.3953 0.5280
vn -0.8160 -0.4843 0.3157
vn -0.7331 -0.3558 0.5797
vn -0.5672 -0.6504 0.5052
vn 0.6903 -0.4497 -0.5667
vn 0.5578 -0.5613 -0.6113
vn 0.1782 -0.9308 -0.3191
vn 0.2657 -0.9357 -0.2321
vn -0.0941 -0.8876 -0.4509
vn 0.2813 -0.6299 -0.7240
vn 0.7301 0.2183 -0.6476
vn 0.7005 -0.1261 -0.7024
vn 0.6104 0.5638 -0.5563
vn 0.4190 0.4947 -0.7614
vn 0.4103 0.1184 -0.9042
vn 0.1989 -0.2812 -0.9388
vn 0.3664 0.8242 -0.4317
vn 0.1960 0.9189 -0.3425
vn 0.2889 0.7484 -0.5970
vn -0.1688 0.9825 -0.0787
vn 0.0301 0.9813 -0.1899
vn -0.7200 0.1266 0.6823
vn -0.6203 0.6572 0.4282
vn -0.2600 0.8541 0.4505
vn -0.3706 0.3497 0.8605
vn -0.4870 -0.6264 0.6086
vn -0.6262 -0.3150 0.7132
vn -0.3549 -0.1655 0.9201
vn -0.2768 -0.5754 0.7696
vn -0.2921 -0.9133 0.2838
vn -0.2867 -0.8850 0.3670
vn 0.0397 -0.9840 -0.1735
vn -0.1105 -0.9876 0.1118
vn -0.2000 -0.8359 0.5112
vn 0.0156 -0.8244 -0.5658
vn 0.4834 -0.5444 -0.6855
vn -0.0012 0.0188 -0.9998
vn -0.0817 -0.4783 -0.8744
vn 0.1001 0.3973 -0.9122
vn -0.0157 0.3330 -0.9428
vn -0.0846 -0.0675 -0.9941
vn -0.1804 -0.5883 -0.7883
vn 0.1444 0.7436 -0.6528
vn 0.1763 0.9577 -0.2273
vn 0.1804 0.9673 -0.1782
vn 0.0477 0.7651 -0.6421
vn 0.0663 0.5223 0.8502
vn 0.1288 0.9170 0.3776
vn 0.2431 0.9096 0.3370
vn 0.1519 0.6407 0.7526
vn -0.1157 -0.4956 0.8608
vn -0.0292 -0.0109 0.9995
vn -0.0120 0.1234 0.9923
vn -0.1281 -0.4659 0.8755
vn -0.1495 -0.9643 0.2184
vn -0.1582 -0.7977 0.5819
vn -0.2200 -0.9460 0.2379
vn -0.1765 -0.8014 0.5715
vn -0.2531 -0.9300 -0.2667
vn -0.1339 -0.9305 -0.3409
vn 0.0333 0.2948 -0.9550
vn -0.0385 0.3031 -0.9522
vn 0.1122 0.5127 -0.8512
vn 0.1929 0.4522 -0.8708
vn -0.3331 0.4160 -0.8462
vn -0.1874 0.7312 -0.6559
vn 0.1840 0.9245 -0.3338
vn 0.3097 0.8457 -0.4347
vn 0.4090 0.7631 -0.5004
vn -0.3386 -0.1349 -0.9312
vn -0.3348 0.0205 -0.9421
vn -0.7871 -0.5005 -0.3605
vn -0.3324 -0.1986 -0.9220
vn -0.6679 -0.6346 -0.3888
vn -0.5727 -0.7007 -0.4254
vn 0.1002 0.3516 -0.9308
vn 0.1499 0.4953 -0.8557
vn -0.5147 -0.6732 0.5309
vn -0.3455 -0.7653 0.5432
vn -0.5971 -0.8021 0.0097
vn -0.6951 -0.7022 0.1540
vn -0.3955 -0.8107 0.4317
vn -0.5818 -0.8088 -0.0861
vn -0.3981 -0.4628 0.7921
vn -0.1604 -0.5113 0.8443
vn 0.0224 -0.1689 0.9854
vn -0.0753 -0.1439 0.9867
vn 0.1016 -0.1866 0.9772
vn -0.0950 -0.5439 0.8338
vn 0.2924 0.2392 0.9259
vn 0.2950 0.2424 0.9242
vn 0.4908 0.6163 0.6159
vn 0.5342 0.6036 0.5919
vn 0.5026 0.6732 0.5424
vn 0.3300 0.2489 0.9106
vn 0.5822 0.8130 -0.0030
vn 0.5610 0.8081 -0.1795
vn 0.4342 0.5446 -0.7175
vn 0.5079 0.8597 0.0535
vn 0.4866 0.6284 -0.6069
vn 0.2787 0.4163 -0.8655
vn 0.3570 0.5176 -0.7776
vn 0.0625 0.7291 -0.6815
vn -0.0100 0.2884 -0.9575
vn 0.1305 0.9804 -0.1476
vn 0.0520 0.7018 -0.7105
vn 0.0601 0.9862 -0.1540
vn -0.0655 0.3420 -0.9374
vn 0.1131 0.9325 0.3430
vn 0.0372 0.9291 0.3679
vn 0.0772 0.6633 0.7443
vn 0.0588 0.6290 0.7751
vn -0.1244 -0.5069 0.8530
vn -0.0250 0.1184 0.9927
vn -0.0117 0.0792 0.9968
vn -0.1013 -0.5500 0.8290
vn -0.2683 -0.9286 0.2564
vn -0.1845 -0.8134 0.5517
vn -0.1717 -0.8258 0.5372
vn -0.2987 -0.9165 0.2659
vn -0.3591 -0.9088 -0.2123
vn -0.3633 -0.5804 -0.7288
vn -0.5823 -0.4521 -0.6757
vn -0.4936 -0.8587 -0.1378
vn -0.3513 0.0195 -0.9361
vn -0.1759 -0.1089 -0.9784
vn 0.0089 0.9980 -0.0624
vn -0.1180 0.8051 -0.5812
vn -0.6025 0.7850 -0.1441
vn -0.2475 0.9566 0.1541
vn -0.9189 0.2056 -0.3367
vn -0.4659 0.4262 -0.7754
vn -0.9026 -0.2454 -0.3536
vn -0.7826 -0.5962 0.1790
vn -0.9052 -0.3442 0.2491
vn -0.9473 0.1982 -0.2517
vn -0.8115 -0.2914 0.5066
vn -0.6298 -0.6067 0.4851
vn -0.0412 0.4301 0.9018
vn -0.1484 0.2021 0.9681
vn -0.5661 0.3920 0.7252
vn -0.2508 0.7690 0.5881
vn -0.5837 -0.1271 0.8019
vn -0.0062 -0.0095 0.9999
vn -0.7621 0.4775 0.4373
vn 0.0175 0.5650 0.8249
vn -0.0423 0.8891 0.4557
vn -0.4553 -0.4578 0.7636
vn -0.0229 -0.1792 0.9835
vn -0.0251 -0.5566 0.8304
vn 0.0599 0.0482 0.9970
vn 0.1298 0.0927 0.9872
vn 0.0410 -0.5197 0.8534
vn -0.3728 -0.8686 0.3266
vn -0.1505 -0.8192 0.5534
vn -0.1592 -0.7558 0.6351
vn -0.4343 -0.8095 0.3950
vn -0.9965 0.0778 -0.0319
vn -0.9364 0.1416 0.3211
vn 0.5861 0.2712 0.7635
vn 0.6039 0.4296 0.6714
vn 0.3738 0.1005 0.9220
vn 0.3617 0.0468 0.9311
vn 0.7223 0.4950 0.4830
vn 0.7856 0.2426 0.5692
vn 0.8228 0.4453 0.3533
vn 0.6444 0.7565 0.1112
vn 0.4400 0.7932 -0.4209
vn 0.7619 0.6410 0.0922
vn 0.5092 0.2183 0.8325
vn 0.5196 0.0928 0.8493
vn 0.6247 0.7665 -0.1494
vn 0.3198 0.6764 -0.6635
vn 0.2263 0.9016 -0.3686
vn 0.2603 0.7462 -0.6128
vn 0.0265 0.7427 -0.6691
vn -0.0869 0.9378 -0.3361
vn -0.5137 0.3654 -0.7762
vn -0.5954 0.6383 -0.4880
vn -0.2830 0.9443 -0.1681
vn -0.5976 0.7219 -0.3489
vn -0.6227 0.7215 -0.3028
vn -0.4256 0.8951 -0.1326
vn -0.8871 0.3425 -0.3095
vn -0.8912 0.3381 -0.3023
vn -0.6748 0.6759 -0.2964
vn -0.6669 0.6511 -0.3623
vn -0.4591 0.8714 -0.1727
vn -0.4043 0.8794 -0.2513
vn -0.8092 0.4087 -0.4221
vn -0.8521 0.3670 -0.3732
vn -0.8876 0.2474 -0.3886
vn -0.7891 0.3981 -0.4677
vn -0.8725 -0.1101 -0.4760
vn -0.9195 -0.1350 -0.3692
vn -0.8429 0.2692 -0.4658
vn -0.8432 -0.0674 -0.5334
vn -0.9114 0.0796 -0.4037
vn -0.3749 0.8893 -0.2618
vn -0.5056 0.8496 -0.1504
vn -0.3968 0.8910 -0.2208
vn -0.8882 0.3280 -0.3219
vn -0.5916 0.7633 -0.2595
vn -0.4793 0.8604 -0.1730
vn -0.8040 0.5382 -0.2529
vn 0.0103 0.9999 0.0071
vn -0.1011 0.9838 -0.1479
vn 0.1178 0.9802 0.1591
vn -0.2716 0.9624 0.0009
vn -0.6900 0.6831 -0.2393
vn -0.1571 0.9235 -0.3500
vn -0.6281 0.6411 -0.4410
vn -0.7156 0.5721 -0.4008
vn -0.2283 0.8506 -0.4737
vn -0.8905 0.1902 -0.4133
vn 0.3425 0.8059 -0.4828
vn 0.3915 0.8959 -0.2101
vn 0.7504 0.6555 -0.0848
vn 0.7470 0.5598 -0.3587
vn 0.6828 0.7234 0.1026
vn 0.3910 0.9203 -0.0113
vn -0.0911 0.6530 0.7519
vn 0.2666 0.9539 0.1378
vn 0.4503 0.7572 0.4732
vn 0.4080 0.4858 0.7730
vn 0.7332 0.5029 0.4577
vn 0.6869 0.3553 0.6340
vn 0.1867 0.9824 -0.0018
vn -0.1658 0.7724 0.6131
vn -0.5285 0.5499 0.6468
vn -0.0862 0.9958 0.0309
vn -0.3751 -0.0453 0.9259
vn -0.0923 0.2147 0.9723
vn -0.3292 0.2739 0.9037
vn -0.0541 -0.1033 0.9932
vn -0.3585 0.9312 0.0659
vn -0.9579 0.2755 0.0814
vn -0.9970 0.0127 -0.0762
vn -0.7895 -0.1961 0.5816
vn -0.9537 -0.0376 0.2983
vn -0.9563 0.2033 -0.2101
vn -0.3638 -0.3797 0.8506
vn -0.4027 -0.4507 0.7967
vn -0.0471 -0.4092 0.9112
vn -0.0308 -0.5297 0.8476
vn -0.8426 0.4905 -0.2224
vn -0.7753 0.5631 -0.2860
vn -0.4893 0.6721 -0.5557
vn -0.3419 0.7480 -0.5688
vn -0.7787 0.0417 0.6260
vn -0.8671 0.3859 0.3150
vn -0.9047 0.4053 -0.1310
vn -0.8951 -0.0170 0.4456
vn -0.6510 0.6584 -0.3778
vn -0.7467 0.6651 -0.0067
vn 0.6597 0.5782 -0.4801
vn 0.9104 0.3944 -0.1250
vn 0.9232 0.2088 -0.3226
vn 0.6519 0.4907 -0.5781
vn 0.9609 0.0939 0.2605
vn 0.9820 -0.0943 0.1635
vn 0.9562 0.2265 -0.1854
vn 0.9843 0.0220 0.1754
vn 0.2354 0.6938 -0.6806
vn 0.1701 0.7147 -0.6785
vn 0.7024 0.0043 0.7117
vn 0.6382 -0.3257 0.6976
vn 0.2266 -0.1740 0.9583
vn 0.0403 -0.4523 0.8910
vn 0.5930 -0.3832 0.7081
vn 0.6064 0.6754 0.4198
vn 0.7176 0.6843 -0.1295
vn 0.0887 0.9054 -0.4152
vn -0.1031 0.9274 0.3595
vn -0.3882 -0.4339 0.8130
vn -0.3506 -0.2057 0.9136
vn -0.2879 0.3322 0.8982
vn 0.4823 0.3145 0.8176
vn 0.8340 0.4133 0.3656
vn -0.2422 0.7362 0.6319
vn 0.0575 0.7883 0.6126
vn 0.0052 0.6780 0.7350
vn -0.2729 0.6706 0.6898
vn 0.0817 0.8193 0.5675
vn -0.2462 0.7607 0.6006
vn -0.2604 0.7523 0.6052
vn 0.1063 0.7818 0.6144
vn -0.2088 0.7400 0.6394
vn -0.2107 0.7583 0.6169
vn -0.0677 0.7941 0.6040
vn -0.1028 0.7766 0.6215
vn -0.0633 0.8109 0.5817
vn -0.2151 0.7491 0.6266
vn -0.2739 0.7274 0.6292
vn 0.1415 0.7050 0.6949
vn -0.2725 0.7038 0.6561
vn 0.2011 0.6064 0.7693
vn -0.0502 0.7557 0.6530
vn -0.1812 0.7473 0.6393
vn -0.1993 0.7004 0.6853
vn -0.0882 0.6470 0.7574
vn -0.2474 0.6997 0.6702
vn 0.2789 0.5560 0.7830
vn -0.1943 0.6968 0.6904
vn 0.3745 0.4886 0.7881
vn -0.2728 0.6741 0.6864
vn -0.1134 0.6349 0.7642
vn -0.3159 0.6773 0.6645
vn -0.1180 0.6673 0.7354
vn 0.0017 0.6653 0.7466
vn 0.0230 0.6831 0.7300
vn 0.6888 0.3138 0.6535
vn 0.6456 0.2995 0.7025
vn 0.5106 0.3841 0.7693
vn -0.1085 0.6806 0.7246
vn -0.3165 0.6861 0.6550
vn -0.1382 0.6821 0.7181
vn -0.2876 0.7166 0.6355
vn -0.1524 0.7014 0.6962
vn -0.2110 0.6756 0.7064
vn -0.2071 0.7062 0.6770
vn -0.1236 0.7296 0.6726
vn -0.4413 0.6627 0.6050
vn -0.4831 0.6073 0.6307
vn -0.2310 0.6565 0.7181
vn -0.1863 0.6165 0.7650
vn -0.5562 0.5037 0.6610
vn -0.9732 0.2258 0.0443
vn -0.9880 0.1526 0.0245
vn -0.8795 -0.2098 -0.4272
vn -0.8653 -0.2220 -0.4494
vn -0.9998 0.0169 -0.0055
vn -0.8556 -0.2842 -0.4326
vn -0.1560 0.7484 0.6446
vn -0.1909 0.7695 0.6095
vn -0.5809 0.6707 0.4612
vn -0.5404 0.6469 0.5381
vn -0.8655 -0.1444 -0.4796
vn -0.9679 0.2394 -0.0764
vn -0.9527 0.3034 0.0153
vn -0.9003 -0.0290 -0.4342
vn -0.2554 0.7465 0.6144
vn -0.2130 0.7905 0.5742
vn -0.5962 0.6289 0.4990
vn -0.6456 0.5679 0.5106
vn -0.8312 -0.2604 -0.4912
vn -0.7515 -0.2446 -0.6128
vn -0.7590 -0.2452 -0.6031
vn -0.8347 -0.2634 -0.4837
vn -0.7625 -0.1919 -0.6179
vn -0.7034 -0.2904 -0.6488
vn -0.7852 -0.2592 -0.5623
vn -0.6896 -0.3298 -0.6448
vn -0.8130 -0.2839 -0.5084
vn -0.9425 0.2538 0.2173
vn -0.9411 0.3031 0.1496
vn -0.9671 -0.0026 -0.2544
vn -0.9870 -0.0169 -0.1597
vn -0.8658 -0.1621 -0.4734
vn -0.8697 -0.2017 -0.4505
vn -0.6793 -0.3777 -0.6291
vn -0.7046 -0.4278 -0.5661
vn -0.7160 -0.4482 -0.5353
vn -0.7171 -0.3497 -0.6028
vn -0.6906 0.5394 0.4818
vn -0.2934 0.7025 0.6484
vn -0.2621 0.6900 0.6747
vn -0.7124 0.5391 0.4493
vn -0.8829 -0.2594 -0.3913
vn -0.8813 -0.2232 -0.4164
vn -0.9917 -0.0111 -0.1279
vn -0.9931 -0.0024 -0.1171
vn -0.9473 0.2720 0.1690
vn -0.9461 0.2334 0.2247
vn -0.7103 0.5190 0.4754
vn -0.2386 0.6648 0.7079
vn -0.2448 0.6170 0.7479
vn -0.6995 0.4887 0.5214
vn -0.9533 0.2561 0.1603
vn -0.9949 -0.0432 -0.0913
vn -0.9928 -0.1068 -0.0539
vn -0.9586 0.2022 0.2005
vn -0.7308 -0.5067 -0.4574
vn -0.8719 -0.3595 -0.3324
vn -0.7965 -0.4614 -0.3907
vn -0.8703 -0.4167 -0.2625
vn -0.8131 -0.3303 -0.4793
vn -0.7612 -0.3890 -0.5188
vn -0.9789 -0.2011 -0.0366
vn -0.9580 0.1445 0.2478
vn -0.9571 0.1442 0.2514
vn -0.9858 -0.1679 -0.0008
vn -0.6771 0.4717 0.5648
vn -0.6786 0.4894 0.5477
vn -0.2530 0.5920 0.7652
vn -0.2860 0.6306 0.7215
vn -0.9180 -0.3755 -0.1276
vn -0.8756 -0.4321 -0.2158
vn -0.2104 0.7249 0.6559
vn -0.2426 0.7597 0.6033
vn -0.2372 0.7871 0.5694
vn -0.5589 0.6573 0.5055
vn -0.8739 -0.1988 -0.4436
vn -0.8460 -0.2696 -0.4600
vn -0.8691 -0.3295 -0.3690
vn -0.9163 -0.1964 -0.3490
vn -0.3689 0.6701 0.6441
vn -0.7213 0.5207 0.4567
vn -0.9477 -0.1787 -0.2646
vn -0.9157 -0.3218 -0.2408
vn -0.9894 -0.1212 -0.0798
vn -0.9936 -0.0034 -0.1128
vn -0.9283 0.3250 0.1805
vn -0.9569 0.2207 0.1886
vn -0.5781 0.6781 0.4538
vn -0.2492 0.7972 0.5498
vn -0.2582 0.8090 0.5281
vn -0.5896 0.6923 0.4161
vn -0.9267 -0.0685 -0.3695
vn -0.8971 -0.1232 -0.4243
vn -0.9428 -0.0816 -0.3232
vn -0.9662 -0.0113 -0.2576
vn -0.9792 -0.0355 -0.2000
vn -0.9631 -0.0773 -0.2579
vn -0.9924 0.0733 -0.0985
vn -0.9935 0.0968 -0.0595
vn -0.8932 0.4092 0.1864
vn -0.9002 0.3917 0.1902
vn -0.6051 0.6872 0.4020
vn -0.2929 0.8055 0.5152
vn -0.6453 0.6551 0.3930
vn -0.3393 0.8146 0.4705
vn -0.9632 -0.0517 -0.2636
vn -0.9626 -0.0410 -0.2679
vn -0.9852 0.0603 -0.1604
vn -0.9823 0.1480 -0.1151
vn -0.9864 0.1272 -0.1040
vn -0.9885 0.0159 -0.1501
vn -0.9924 0.1123 -0.0498
vn -0.9858 0.1616 -0.0462
vn -0.9196 0.3662 0.1423
vn -0.9000 0.3998 0.1738
vn -0.9085 -0.0311 -0.4167
vn -0.9467 -0.0537 -0.3177
vn -0.9707 0.1895 -0.1475
vn -0.9457 0.2646 -0.1889
vn -0.9309 0.0113 -0.3650
vn -0.7200 -0.2768 -0.6364
vn -0.6685 0.1553 -0.7273
vn -0.8477 -0.2978 -0.4390
vn -0.8854 -0.2413 -0.3972
vn -0.8719 -0.3049 -0.3831
vn -0.9157 -0.1505 -0.3727
vn -0.8876 -0.1029 -0.4489
vn -0.9449 -0.0950 -0.3133
vn -0.6100 -0.7705 -0.1851
vn -0.6753 -0.7056 -0.2145
vn -0.9779 0.0152 -0.2086
vn -0.9663 0.0974 0.2382
vn -0.9982 -0.0352 -0.0483
vn -0.5251 0.6990 0.4855
vn -0.3716 0.5530 0.7458
vn -0.2414 0.3274 0.9135
vn -0.8441 0.1765 0.5063
vn -0.9830 -0.1783 -0.0435
vn -0.8807 -0.3819 -0.2802
vn -0.3359 0.0113 0.9418
vn -0.7899 0.1052 0.6041
vn -0.6699 -0.2134 0.7111
vn -0.8519 0.1170 0.5105
vn -0.9564 -0.0085 0.2918
vn -0.9771 -0.1124 0.1809
vn -0.5632 -0.6254 -0.5401
vn -0.3882 -0.7527 -0.5318
vn -0.4513 -0.8112 -0.3720
vn -0.6056 -0.6851 -0.4048
vn -0.4783 -0.7494 -0.4578
vn -0.5380 -0.7664 -0.3509
vn -0.6454 -0.7161 -0.2659
vn -0.5251 -0.8454 -0.0976
vn -0.5614 -0.7790 -0.2794
vn -0.4054 -0.4573 -0.7915
vn -0.3822 -0.3784 -0.8431
vn -0.2651 -0.6471 -0.7148
vn -0.2812 -0.6971 -0.6596
vn -0.2526 -0.5668 -0.7842
vn -0.3793 -0.3210 -0.8678
vn -0.2130 -0.6606 -0.7199
vn -0.2840 -0.7108 -0.6435
vn -0.2742 -0.7413 -0.6127
vn -0.3985 -0.2621 -0.8789
vn -0.2398 -0.4875 -0.8395
vn -0.2435 -0.4889 -0.8377
vn -0.4779 -0.2379 -0.8456
vn -0.0821 -0.6094 -0.7886
vn -0.1187 -0.6051 -0.7873
vn -0.6315 0.1145 -0.7669
vn -0.5832 0.1775 -0.7927
vn -0.5073 -0.1171 -0.8538
vn -0.5410 -0.1786 -0.8219
vn -0.4909 -0.0461 -0.8700
vn -0.5833 0.2279 -0.7797
vn -0.5337 0.8428 -0.0701
vn -0.4862 0.8667 -0.1112
vn -0.6315 0.4712 -0.6158
vn -0.6798 0.4548 -0.5754
vn -0.6055 0.5248 -0.5983
vn -0.4617 0.8718 -0.1639
vn -0.6329 0.3077 -0.7105
vn -0.5396 0.0030 -0.8419
vn -0.6670 0.0548 -0.7430
vn -0.7547 0.4084 -0.5135
vn -0.8912 0.3151 -0.3263
vn -0.8195 0.0073 -0.5730
vn -0.6663 -0.2267 -0.7104
vn -0.0230 0.7975 0.6029
vn -0.0232 0.8163 0.5772
vn -0.1568 0.8618 0.4823
vn -0.2404 0.8682 0.4341
vn -0.0617 0.8610 0.5049
vn -0.1897 0.8314 0.5224
vn -0.5999 0.7974 -0.0652
vn -0.6751 0.7370 -0.0335
vn -0.9115 0.4100 -0.0327
vn -0.9620 0.2698 -0.0416
vn -0.9562 0.2910 0.0303
vn -0.9062 0.4228 -0.0049
vn -0.3911 0.8577 0.3337
vn -0.4098 0.8522 0.3252
vn -0.7999 0.5765 0.1664
vn -0.8422 0.5324 -0.0853
vn 0.2775 0.7629 0.5839
vn 0.3300 0.7489 0.5747
vn -0.9100 0.4129 -0.0366
vn -0.9198 0.3773 0.1080
vn -0.2741 0.9597 0.0618
vn 0.1684 0.9351 0.3117
vn -0.6783 0.6719 -0.2975
vn -0.6496 0.7543 -0.0950
vn -0.8298 0.5520 -0.0824
vn -0.8377 0.5460 -0.0123
vn -0.6286 0.7418 0.2335
vn -0.5658 0.7298 -0.3837
vn -0.2936 0.9338 0.2047
vn -0.4184 0.7676 0.4855
vn -0.1040 0.8924 0.4392
vn -0.9388 0.3441 -0.0187
vn -0.8126 0.5518 0.1874
vn -0.8873 0.2339 -0.3974
vn -0.9045 0.1751 -0.3889
vn -0.6022 0.7718 0.2041
vn -0.8255 0.5052 -0.2515
vn -0.9365 -0.0439 -0.3480
vn -0.9742 0.0505 -0.2200
vn -0.9329 -0.0543 -0.3560
vn -0.9082 -0.2224 -0.3546
vn -0.9444 0.1802 -0.2752
vn -0.9224 0.3825 -0.0540
vn -0.8686 0.2283 -0.4397
vn -0.8881 0.3345 -0.3152
vn -0.9227 0.1076 -0.3703
vn -0.8993 0.4151 -0.1377
vn -0.3945 -0.2049 -0.8958
vn -0.6748 -0.0951 -0.7319
vn -0.5709 -0.7172 -0.3995
vn -0.6585 -0.6708 -0.3413
vn 0.0424 0.8052 0.5915
vn 0.3493 0.7562 0.5533
vn 0.3888 0.9165 0.0946
vn 0.1057 0.9893 0.1006
vn -0.1151 0.0977 0.9885
vn -0.5582 -0.1891 0.8079
vn -0.2736 -0.5056 0.8182
vn 0.0634 -0.0707 0.9955
vn -0.5502 -0.7701 0.3228
vn -0.7976 -0.5246 0.2977
vn -0.6381 -0.7587 -0.1311
vn -0.7572 -0.6411 -0.1247
vn -0.0800 0.4574 0.8857
vn 0.1862 0.3539 0.9166
vn -0.7330 0.6480 0.2070
vn -0.9344 0.0872 0.3454
vn -0.5300 0.3544 0.7704
vn -0.3904 0.7994 0.4567
vn -0.9462 -0.1161 -0.3020
vn -0.6584 0.6078 -0.4440
vn -0.3039 0.9420 -0.1423
vn -0.6228 -0.6025 -0.4991
vn -0.1286 -0.3554 -0.9258
vn -0.3825 0.3984 -0.8337
vn -0.0925 0.8421 -0.5313
vn -0.7812 -0.6239 -0.0212
vn -0.4393 -0.8964 -0.0582
vn -0.2872 -0.9423 0.1720
vn -0.4885 0.8577 0.1605
vn -0.4731 0.8652 0.1663
vn -0.7644 0.3405 -0.5475
vn -0.7794 0.4557 -0.4300
vn -0.7451 0.4247 -0.5143
vn -0.8148 -0.0421 -0.5782
vn -0.7275 -0.0237 -0.6857
vn -0.7113 0.3902 -0.5847
vn -0.7993 0.0388 -0.5997
vn -0.8565 -0.1351 -0.4981
vn -0.6389 0.3729 -0.6729
vn -0.7120 0.3351 -0.6171
vn -0.7287 0.1632 -0.6651
vn -0.6913 0.0504 -0.7208
vn -0.6520 0.3918 -0.6492
vn -0.6973 -0.0004 -0.7168
vn -0.7702 0.1849 -0.6105
vn -0.9417 -0.0746 -0.3281
vn -0.9219 -0.0868 -0.3775
vn -0.9289 0.1804 -0.3233
vn -0.8975 0.2742 -0.3455
vn -0.7217 0.4765 -0.5021
vn -0.9148 -0.1094 -0.3888
vn -0.8132 0.1186 -0.5697
vn -0.4316 0.8499 -0.3022
vn -0.6131 0.7322 -0.2967
vn -0.5928 0.6536 -0.4705
vn -0.5871 0.6708 -0.4531
vn -0.9491 0.0250 -0.3140
vn -0.5851 0.7896 -0.1849
vn -0.3599 0.9017 -0.2397
vn -0.6275 0.6674 -0.4010
vn -0.4175 -0.6986 -0.5811
vn -0.5244 -0.6092 -0.5949
vn -0.5619 -0.6402 -0.5238
vn -0.4749 -0.5487 -0.6881
vn -0.3513 -0.6393 -0.6840
vn -0.4969 -0.6357 -0.5908
vn -0.5264 -0.6883 -0.4992
vn -0.5240 -0.7230 -0.4503
vn -0.9438 0.2910 -0.1565
vn -0.9872 0.1269 -0.0967
vn -0.5212 0.8117 0.2638
vn -0.4112 0.8989 0.1512
vn -0.8355 0.4827 -0.2626
vn -0.7160 0.6713 -0.1917
vn -0.1457 0.8806 0.4509
vn -0.3002 0.9305 0.2098
vn -0.5546 0.8320 -0.0138
vn -0.0334 0.8226 0.5677
vn -0.1868 0.8664 0.4631
vn -0.1478 0.9012 0.4075
vn -0.6356 0.7641 0.1103
vn -0.6578 0.7440 0.1171
vn -0.5880 0.8083 0.0296
vn -0.1569 0.9412 0.2992
vn -0.2595 0.8538 0.4512
vn -0.6866 0.7251 0.0524
vn -0.4631 -0.5812 -0.6691
vn -0.4163 -0.5665 -0.7112
vn -0.2787 -0.6805 -0.6776
vn -0.2959 -0.6819 -0.6690
vn -0.2568 -0.6756 -0.6911
vn -0.4100 -0.5665 -0.7148
vn -0.3057 -0.6301 -0.7138
vn -0.2850 -0.5889 -0.7563
vn -0.7491 0.0341 -0.6615
vn -0.8095 0.0153 -0.5869
vn -0.8443 0.4340 -0.3143
vn -0.8084 0.4251 -0.4072
vn -0.8713 0.4312 -0.2342
vn -0.8593 -0.0061 -0.5114
vn -0.5119 -0.5918 -0.6227
vn -0.3358 -0.7049 -0.6248
vn -0.8805 0.4203 -0.2192
vn -0.8515 0.4282 -0.3026
vn -0.8868 -0.0050 -0.4622
vn -0.8799 0.0029 -0.4751
vn -0.6914 0.0574 -0.7202
vn -0.5703 -0.2551 -0.7808
vn -0.5815 -0.3233 -0.7466
vn -0.4303 -0.5478 -0.7175
vn -0.6728 -0.3719 -0.6396
vn -0.6266 -0.3579 -0.6923
vn -0.7483 0.4358 -0.5001
vn -0.6972 -0.3697 -0.6142
vn -0.7379 -0.3873 -0.5527
vn 0.7829 0.3007 0.5447
vn 0.7668 0.3425 0.5428
vn 0.7744 0.3691 0.5139
vn 0.7505 0.3368 0.5686
vn 0.6006 0.5233 0.6046
vn 0.5930 0.5246 0.6109
vn 0.5813 0.5603 0.5901
vn 0.5772 0.5338 0.6180
vn 0.7839 0.2568 0.5653
vn 0.5720 0.5265 0.6290
vn 0.5578 0.5445 0.6264
vn 0.7932 0.2498 0.5554
vn 0.5438 0.6408 0.5418
vn 0.5697 0.6022 0.5594
vn 0.4177 0.6147 0.6691
vn 0.3971 0.6468 0.6511
vn 0.3919 0.7005 0.5965
vn 0.3558 0.7115 0.6059
vn 0.4530 0.6780 0.5789
vn 0.3994 0.7208 0.5665
vn 0.9127 0.3920 -0.1154
vn 0.6945 0.6331 0.3420
vn 0.6455 0.6446 0.4097
vn 0.9092 0.4156 -0.0256
vn 0.8590 -0.0050 -0.5120
vn 0.9153 0.1476 -0.3747
vn -0.3544 -0.7026 -0.6171
vn -0.3656 -0.6389 -0.6768
vn -0.4122 -0.6366 -0.6518
vn -0.4168 -0.6685 -0.6160
vn -0.4336 -0.6289 -0.6454
vn -0.4169 -0.6827 -0.6002
vn -0.4891 -0.6514 -0.5800
vn -0.4989 -0.6152 -0.6104
vn -0.5230 -0.5652 -0.6380
vn -0.4963 -0.5845 -0.6419
vn -0.5727 -0.5263 -0.6285
vn -0.5684 -0.5478 -0.6139
vn -0.4817 -0.6142 -0.6251
vn -0.3014 -0.6914 -0.6566
vn -0.3648 -0.7398 -0.5653
vn -0.5031 -0.6623 -0.5552
vn -0.5810 -0.5502 -0.5997
vn -0.5522 -0.5637 -0.6143
vn -0.5547 -0.5951 -0.5815
vn -0.5703 -0.5763 -0.5854
vn -0.5790 -0.5533 -0.5989
vn -0.5626 -0.5730 -0.5960
vn -0.4564 -0.5938 -0.6627
vn -0.4764 -0.6407 -0.6022
vn -0.1636 -0.6631 -0.7305
vn -0.4804 -0.4290 -0.7649
vn 0.0522 -0.7085 -0.7038
vn -0.2734 -0.5051 -0.8186
vn -0.1259 -0.7386 -0.6622
vn -0.2304 -0.7041 -0.6716
vn -0.4821 -0.3763 -0.7912
vn -0.4281 -0.4320 -0.7938
vn -0.4673 -0.6971 -0.5437
vn -0.4824 -0.4046 -0.7769
vn -0.3135 -0.6435 -0.6983
vn -0.3271 -0.9154 -0.2345
vn -0.2875 -0.9533 0.0920
vn -0.4219 -0.9033 -0.0775
vn -0.5411 -0.7229 -0.4296
vn -0.5254 -0.3991 -0.7514
vn -0.5254 -0.4288 -0.7349
vn -0.5542 -0.5028 -0.6634
vn -0.5550 -0.4707 -0.6859
vn -0.5777 -0.7107 -0.4015
vn -0.5823 -0.6430 -0.4975
vn -0.3840 -0.3623 -0.8493
vn -0.4242 -0.3508 -0.8348
vn -0.4893 -0.6465 -0.5854
vn -0.4251 -0.6307 -0.6493
vn -0.3931 -0.4161 -0.8199
vn -0.3645 -0.2969 -0.8826
vn -0.3773 -0.2391 -0.8947
vn -0.3907 -0.2349 -0.8900
vn -0.4303 -0.4799 -0.7646
vn 0.3937 0.8474 0.3563
vn 0.5011 0.8246 0.2624
vn 0.5339 0.7722 0.3444
vn 0.4257 0.8051 0.4130
vn 0.6072 0.7430 0.2816
vn 0.5027 0.8644 0.0078
vn 0.5754 0.3742 0.7273
vn 0.5219 0.4520 0.7234
vn 0.3911 0.4834 0.7832
vn 0.7888 0.5049 0.3507
vn 0.5601 0.7112 0.4248
vn 0.4528 0.8900 -0.0533
vn 0.7169 0.6971 -0.0129
vn 0.4978 0.8516 0.1642
vn 0.5245 0.6614 0.5362
vn 0.5128 0.2209 0.8296
vn 0.5373 0.2211 0.8139
vn 0.4211 -0.0096 0.9070
vn 0.4481 -0.1838 0.8749
vn 0.4415 0.1119 0.8902
vn 0.5776 0.0940 0.8109
vn 0.4454 0.0184 0.8951
vn 0.5311 0.3344 0.7785
vn 0.5181 0.2483 0.8185
vn 0.4746 0.8799 0.0221
vn 0.6002 0.7093 0.3698
vn 0.5629 0.5188 0.6434
vn 0.6192 0.7830 0.0592
vn 0.4770 0.2707 0.8362
vn 0.5222 0.8350 0.1736
vn 0.4846 0.1293 0.8651
vn 0.6357 0.4076 0.6555
vn 0.4229 0.0196 0.9060
vn 0.7850 0.3206 0.5301
vn 0.8636 0.2060 0.4601
vn 0.5652 0.6709 0.4800
vn 0.6654 0.5928 0.4537
vn 0.8468 0.3177 0.4266
vn 0.9594 0.1606 0.2320
vn 0.8094 0.3015 0.5040
vn 0.7168 0.5679 0.4046
vn 0.7914 0.3181 0.5220
vn 0.7945 0.4327 0.4262
vn 0.7115 0.5466 0.4416
vn 0.7413 0.1854 0.6450
vn 0.6684 0.3606 0.6505
vn 0.6986 0.3637 0.6162
vn 0.4020 0.9041 0.1448
vn 0.6394 0.7356 0.2238
vn 0.6152 0.7290 0.3003
vn 0.4352 0.8659 0.2467
vn 0.4157 0.8053 0.4227
vn 0.5678 0.7283 0.3836
vn 0.6186 0.0824 0.7814
vn 0.3698 0.1669 0.9140
vn 0.4008 -0.0914 0.9116
vn 0.7233 0.1546 0.6730
vn 0.5890 0.6954 0.4117
vn 0.6752 0.6516 0.3458
vn 0.6391 0.5672 0.5194
vn 0.7288 0.5365 0.4255
vn 0.7680 0.4491 0.4566
vn 0.7566 0.0580 0.6513
vn 0.7667 0.0224 0.6417
vn 0.7629 0.2923 0.5766
vn 0.7450 0.3119 0.5896
vn 0.7884 0.5508 0.2738
vn 0.7529 0.6078 0.2523
vn 0.8912 0.1047 0.4414
vn 0.8844 0.4544 0.1063
vn 0.4895 -0.3827 0.7835
vn 0.7047 0.1901 0.6835
vn 0.6838 0.1680 0.7101
vn 0.7509 0.5614 0.3478
vn 0.7807 0.5504 0.2960
vn 0.7365 0.6747 0.0484
vn 0.7059 0.7005 0.1049
vn 0.7310 0.6807 -0.0470
vn 0.8509 0.4734 0.2278
vn 0.6625 0.6965 -0.2757
vn 0.7271 0.6491 -0.2235
vn 0.6728 0.7357 0.0782
vn 0.6061 0.6799 -0.4127
vn 0.6874 0.5575 -0.4654
vn 0.5889 0.5243 -0.6150
vn 0.5381 0.5761 -0.6153
vn 0.7096 0.3858 -0.5896
vn 0.7935 0.5283 -0.3021
vn 0.7581 0.5738 -0.3099
vn 0.9639 0.2638 -0.0373
vn 0.9111 0.0116 -0.4121
vn 0.6991 0.3988 -0.5935
vn 0.8001 -0.4766 0.3642
vn 0.9775 -0.1331 0.1637
vn 0.9068 0.1410 0.3972
vn 0.8450 -0.2092 0.4922
vn 0.6466 -0.7574 0.0912
vn 0.8900 -0.4162 -0.1862
vn 0.5384 0.1026 -0.8364
vn 0.3760 0.3190 -0.8700
vn 0.6640 -0.2442 -0.7067
vn 0.2941 -0.3045 -0.9060
vn 0.2639 -0.0676 -0.9622
vn 0.2680 0.1487 -0.9519
vn 0.3997 -0.8714 -0.2846
vn 0.6373 -0.5623 -0.5270
vn 0.2696 -0.5457 -0.7934
vn 0.1142 -0.8260 -0.5520
vn -0.0119 -0.8568 -0.5155
vn 0.0913 -0.6017 -0.7935
vn -0.0612 -0.9176 -0.3927
vn -0.0756 -0.6059 -0.7919
vn 0.1611 -0.3730 -0.9137
vn -0.0622 -0.2430 -0.9680
vn -0.5588 -0.7715 -0.3043
vn -0.5261 -0.8308 -0.1815
vn -0.5120 -0.8565 -0.0654
vn -0.4771 -0.8777 0.0447
vn -0.5117 -0.8455 -0.1525
vn -0.5449 -0.8144 -0.1997
vn -0.5733 -0.5735 -0.5851
vn -0.4656 -0.3158 -0.8268
vn -0.5607 -0.5645 -0.6058
vn -0.5573 -0.6159 -0.5568
vn -0.4563 -0.5710 -0.6824
vn -0.2740 -0.1902 -0.9427
vn -0.1121 -0.5945 -0.7962
vn -0.0303 -0.5253 -0.8504
vn -0.4101 -0.8639 -0.2923
vn -0.4078 -0.9107 -0.0657
vn -0.4367 -0.4104 -0.8006
vn -0.4602 -0.6594 -0.5945
vn -0.4509 -0.5504 -0.7027
vn -0.3180 -0.8976 -0.3053
vn -0.3496 -0.7126 -0.6083
vn -0.4275 -0.2309 -0.8740
vn -0.3557 -0.4388 -0.8252
vn -0.2354 -0.3742 -0.8970
vn -0.3518 -0.2116 -0.9118
vn -0.2432 0.0497 -0.9687
vn -0.3404 -0.0718 -0.9375
vn -0.2725 0.0480 -0.9610
vn -0.3694 0.0481 -0.9280
vn -0.4688 -0.1927 -0.8620
vn -0.3003 -0.1789 -0.9369
vn -0.1647 -0.2744 -0.9474
vn -0.0056 -0.5781 -0.8160
vn -0.1759 0.0896 -0.9803
vn -0.0535 -0.6383 -0.7680
vn -0.0598 -0.5694 -0.8199
vn -0.4417 -0.0767 -0.8939
vn -0.2175 -0.5427 -0.8113
vn -0.3403 -0.6126 -0.7134
vn -0.2697 0.0411 -0.9621
vn -0.5168 -0.2825 -0.8081
vn -0.2225 -0.6771 -0.7014
vn -0.2625 -0.6944 -0.6700
vn -0.4244 -0.4903 -0.7612
vn -0.3810 -0.4566 -0.8040
vn -0.4225 -0.5403 -0.7277
vn -0.3233 -0.4469 -0.8341
vn -0.2915 -0.7707 -0.5666
vn -0.2048 -0.7117 -0.6720
vn -0.1730 -0.8687 -0.4641
vn -0.0983 -0.5944 -0.7982
vn -0.1582 -0.9308 -0.3296
vn -0.1165 -0.6842 -0.7199
vn -0.2840 -0.4254 -0.8593
vn -0.2178 -0.5036 -0.8361
vn -0.1109 -0.3354 -0.9355
vn -0.1595 -0.3455 -0.9248
vn -0.3252 -0.4191 -0.8477
vn -0.2216 -0.3860 -0.8955
vn -0.0698 -0.4594 -0.8855
vn -0.0381 -0.3545 -0.9343
vn -0.2944 -0.4841 -0.8240
vn -0.2558 -0.4730 -0.8431
vn -0.2128 -0.4326 -0.8761
vn -0.3838 -0.5836 -0.7156
vn -0.1350 -0.3291 -0.9346
vn -0.3577 -0.5180 -0.7770
vn -0.4930 -0.6723 -0.5522
vn -0.5171 -0.6162 -0.5941
vn -0.0233 -0.3212 -0.9467
vn -0.0758 -0.3373 -0.9383
vn -0.0233 -0.1681 -0.9855
vn 0.0217 -0.1313 -0.9911
vn -0.1672 -0.3714 -0.9133
vn -0.0244 -0.3118 -0.9498
vn -0.0175 -0.0971 -0.9951
vn -0.0125 -0.1100 -0.9939
vn -0.2535 -0.3412 -0.9052
vn -0.2363 -0.2784 -0.9310
vn -0.5158 -0.5353 -0.6688
vn -0.5510 -0.5954 -0.5847
vn -0.4938 -0.4223 -0.7602
vn -0.4261 -0.4031 -0.8099
vn -0.4914 -0.4602 -0.7394
vn -0.4193 -0.4051 -0.8125
vn -0.4765 -0.4913 -0.7291
vn -0.4130 -0.4395 -0.7977
vn -0.3561 -0.4515 -0.8181
vn -0.4246 -0.4691 -0.7744
vn -0.1883 -0.2672 -0.9451
vn -0.1661 -0.2828 -0.9447
vn -0.1306 -0.2164 -0.9675
vn -0.4514 -0.3363 -0.8265
vn -0.3765 -0.4533 -0.8079
vn -0.0856 -0.2319 -0.9690
vn -0.5981 -0.5682 -0.5651
vn -0.7212 -0.4089 -0.5591
vn -0.5273 -0.4336 -0.7307
vn -0.5351 -0.4071 -0.7402
vn -0.5430 -0.4817 -0.6878
vn -0.5761 -0.4830 -0.6594
vn -0.5724 -0.5228 -0.6317
vn -0.5277 -0.5198 -0.6718
vn -0.4343 -0.4662 -0.7707
vn -0.4807 -0.4689 -0.7410
vn -0.2264 -0.2922 -0.9292
vn -0.1613 -0.2688 -0.9496
vn -0.1775 -0.0858 -0.9804
vn -0.2160 -0.1996 -0.9558
vn -0.1554 -0.0998 -0.9828
vn -0.2567 -0.1568 -0.9537
vn -0.1006 -0.0809 -0.9916
vn -0.1577 -0.2424 -0.9573
vn -0.4124 -0.4695 -0.7807
vn -0.4004 -0.4210 -0.8139
vn -0.5095 -0.4186 -0.7518
vn -0.4586 -0.5574 -0.6921
vn -0.5292 -0.6848 -0.5009
vn -0.4703 -0.4217 -0.7752
vn -0.6333 -0.6237 -0.4582
vn -0.3662 -0.6392 -0.6763
vn -0.3681 -0.5670 -0.7369
vn 0.5902 0.7579 0.2780
vn 0.6599 0.6722 0.3358
vn 0.6831 0.5972 0.4204
vn 0.6929 0.6120 0.3813
vn 0.7443 0.6090 0.2741
vn 0.7424 0.6195 0.2552
vn 0.5526 0.4322 0.7126
vn 0.5573 0.5252 0.6431
vn 0.5171 0.7179 0.4661
vn 0.8046 0.5690 0.1699
vn 0.7532 0.5319 0.3870
vn 0.7339 0.5018 0.4578
vn 0.8078 0.5545 0.2000
vn 0.5989 0.4405 0.6688
vn 0.6085 0.4723 0.6377
vn 0.5712 0.3613 0.7370
vn 0.5699 0.3969 0.7195
vn 0.4941 0.4287 0.7564
vn 0.5740 0.4977 0.6502
vn 0.6150 0.4192 0.6678
vn 0.5918 0.4962 0.6353
vn 0.6725 0.5815 0.4578
vn 0.7428 0.5508 0.3806
vn 0.7989 0.5859 0.1358
vn 0.7044 0.5775 0.4127
vn 0.7862 0.6058 0.1220
vn 0.8001 0.5987 -0.0383
vn 0.6649 0.4981 0.5565
vn 0.6997 0.5465 0.4602
vn 0.6255 0.5440 0.5593
vn 0.7528 0.5453 0.3688
vn 0.7208 0.4768 0.5031
vn 0.7134 0.4025 0.5736
vn 0.6784 0.5524 0.4844
vn 0.6969 0.3440 0.6293
vn 0.7539 0.3069 0.5808
vn 0.5503 0.1625 0.8190
vn 0.5719 0.3289 0.7515
vn 0.5814 0.4626 0.6693
vn 0.7312 -0.1823 0.6574
vn 0.5963 -0.2844 0.7507
vn 0.6471 -0.0597 0.7600
vn 0.7069 0.1283 0.6956
vn 0.7386 0.3500 0.5762
vn 0.6193 0.0381 0.7842
vn 0.7539 0.6371 0.1605
vn 0.6927 0.5388 0.4794
vn 0.5532 0.4307 0.7130
vn 0.6370 0.3873 0.6665
vn 0.7186 0.2847 0.6344
vn 0.7022 0.3022 0.6447
vn 0.7223 0.1113 0.6826
vn 0.7994 0.0019 0.6008
vn 0.7116 0.1483 0.6867
vn 0.9245 0.3476 0.1563
vn 0.9280 0.1296 0.3494
vn 0.7118 0.1340 0.6895
vn 0.7646 0.3038 0.5684
vn 0.7476 0.3720 0.5502
vn 0.8175 0.2226 0.5312
vn 0.8335 0.4670 0.2954
vn 0.7193 0.2940 0.6295
vn 0.7408 0.0787 0.6671
vn 0.7948 0.6055 -0.0409
vn 0.7726 0.6348 -0.0136
vn 0.7956 0.5932 0.1227
vn 0.0846 0.1400 0.9865
vn 0.3009 0.2703 0.9145
vn 0.3789 0.2918 0.8782
vn 0.2473 0.0635 0.9669
vn 0.0604 0.0899 0.9941
vn 0.2302 0.2305 0.9455
vn 0.1485 0.1121 0.9825
vn 0.1990 0.1578 0.9672
vn 0.4260 0.3259 0.8440
vn 0.5075 0.3760 0.7753
vn 0.3148 0.2509 0.9154
vn 0.2045 0.2018 0.9578
vn 0.4252 0.3286 0.8434
vn 0.4957 0.3757 0.7830
vn 0.1518 0.1933 0.9693
vn 0.1447 0.1868 0.9717
vn -0.0189 0.2069 0.9782
vn 0.1339 0.4048 0.9046
vn 0.3950 0.4030 0.8255
vn 0.4437 0.4184 0.7925
vn 0.3754 0.3837 0.8437
vn 0.2923 0.3833 0.8762
vn 0.0164 0.1976 0.9801
vn 0.0733 0.3100 0.9479
vn 0.0855 0.3008 0.9499
vn 0.0384 0.2537 0.9665
vn 0.2155 0.4076 0.8874
vn 0.2077 0.4655 0.8603
vn 0.1693 0.3500 0.9213
vn 0.1119 0.2494 0.9619
vn 0.0873 0.1921 0.9775
vn -0.5815 -0.6434 -0.4978
vn -0.6038 -0.6873 -0.4037
vn -0.5740 -0.6556 -0.4907
vn -0.5673 -0.6549 -0.4993
vn -0.6516 -0.5810 -0.4877
vn -0.6310 -0.5817 -0.5134
vn -0.7040 -0.6567 -0.2705
vn -0.6677 -0.6650 -0.3347
vn -0.6636 -0.5802 -0.4722
vn -0.6658 -0.5601 -0.4929
vn -0.7646 -0.4368 -0.4740
vn -0.7125 -0.4746 -0.5167
vn -0.6137 -0.6790 -0.4030
vn -0.5535 -0.7130 -0.4305
vn -0.5709 -0.7466 -0.3415
vn -0.6554 -0.7132 -0.2486
vn -0.6467 -0.6556 -0.3899
vn -0.6938 -0.6934 -0.1945
vn -0.6829 -0.7302 -0.0211
vn -0.5268 -0.7984 -0.2917
vn -0.6789 -0.7274 -0.1000
vn -0.4467 -0.8555 -0.2617
vn -0.3412 -0.7205 -0.6037
vn -0.4712 -0.7276 -0.4986
vn -0.5790 -0.6389 -0.5066
vn -0.5570 -0.5894 -0.5851
vn -0.7166 -0.6740 -0.1796
vn -0.6655 -0.6263 -0.4061
vn -0.6878 -0.6264 -0.3669
vn -0.5830 -0.5407 -0.6064
vn -0.3319 -0.8266 -0.4545
vn -0.0276 -0.7385 -0.6737
vn -0.5352 -0.6528 -0.5361
vn -0.2626 -0.5674 -0.7804
vn 0.1349 0.0980 0.9860
vn 0.2941 0.3118 0.9035
vn 0.4502 0.3989 0.7989
vn 0.3499 0.0437 0.9358
vn 0.5878 0.4241 0.6890
vn 0.5122 0.3624 0.7787
vn 0.5157 0.1430 0.8447
vn 0.5057 0.0789 0.8591
vn 0.3142 -0.1931 0.9295
vn 0.3147 -0.2378 0.9189
vn 0.2909 -0.2172 0.9318
vn 0.3929 -0.2031 0.8969
vn 0.2615 -0.1223 0.9574
vn 0.5178 -0.0052 0.8555
vn 0.7521 -0.1307 -0.6459
vn 0.3877 -0.6465 -0.6570
vn 0.1620 -0.5686 -0.8065
vn 0.5785 -0.0732 -0.8124
vn 0.8776 -0.2416 -0.4142
vn 0.6254 -0.6970 -0.3509
vn 0.3241 -0.9190 -0.2246
vn 0.0488 -0.9318 -0.3596
vn -0.1977 -0.8609 -0.4687
vn 0.5936 -0.0225 0.8044
vn 0.1524 -0.5923 0.7912
vn 0.4462 -0.5728 0.6876
vn 0.8597 0.2713 0.4328
vn 0.7931 0.4257 0.4356
vn 0.7858 -0.1233 0.6061
vn 0.4651 0.0001 0.8852
vn 0.7773 0.4386 0.4510
vn 0.0335 -0.5686 0.8219
vn -0.3003 -0.9382 0.1718
vn -0.0769 -0.9541 0.2893
vn -0.0170 -0.8390 0.5438
vn -0.1540 -0.8356 0.5273
vn 0.3558 -0.9049 0.2335
vn 0.4087 -0.7955 0.4474
vn 0.9071 -0.3929 0.1512
vn 0.8937 -0.2530 0.3705
vn 0.9520 0.2960 0.0778
vn 0.9207 0.3310 0.2068
vn 0.3251 -0.9457 -0.0035
vn -0.0813 -0.9962 -0.0320
vn -0.3405 -0.9333 -0.1144
vn 0.7960 -0.6019 -0.0640
vn 0.9891 0.0671 -0.1310
vn 0.8208 0.3608 -0.4429
vn 0.9023 0.3168 -0.2923
vn 0.8626 0.5029 0.0554
vn 0.8580 0.5132 0.0210
vn 0.8218 0.5392 0.1840
vn 0.8022 0.5631 0.1987
vn -0.0821 0.4498 0.8893
vn -0.0534 0.4544 0.8892
vn 0.1701 0.4782 0.8616
vn 0.1550 0.5060 0.8485
vn 0.3716 0.5095 0.7761
vn 0.0776 0.5122 0.8553
vn 0.7378 0.4462 0.5065
vn 0.5487 0.4881 0.6787
vn 0.4901 0.5334 0.6894
vn -0.3108 0.3902 0.8667
vn -0.2837 0.3933 0.8746
vn -0.5948 0.2509 0.7637
vn -0.6166 0.2650 0.7413
vn -0.5851 0.3229 0.7439
vn -0.1983 0.4707 0.8597
vn 0.0149 0.3564 0.9342
vn -0.0776 0.5255 0.8472
vn 0.2080 0.5763 0.7903
vn 0.2251 0.3077 0.9245
vn 0.5290 0.5480 0.6480
vn 0.3152 0.1839 0.9310
vn -0.2123 0.3104 0.9266
vn -0.3146 0.4638 0.8282
vn -0.6510 0.3201 0.6883
vn -0.6377 0.1874 0.7471
vn 0.4214 -0.1301 0.8975
vn 0.3030 -0.2396 0.9224
vn 0.2010 -0.3100 0.9292
vn 0.5004 -0.1954 0.8435
vn 0.4266 0.1693 0.8885
vn -0.9049 -0.0454 0.4231
vn -0.3943 -0.2728 0.8775
vn -0.7714 -0.5565 0.3086
vn -0.7285 -0.4546 0.5125
vn -0.1306 -0.7072 0.6949
vn -0.7778 -0.6284 -0.0117
vn -0.3376 -0.7795 0.5276
vn 0.8085 0.0984 0.5802
vn 0.6893 -0.1377 0.7113
vn 0.6822 0.1900 0.7061
vn 0.5943 0.0641 0.8017
vn -0.1744 -0.6757 0.7163
vn -0.0567 -0.6491 0.7586
vn 0.2316 -0.2183 0.9480
vn 0.1181 -0.3514 0.9287
vn 0.0322 -0.3583 0.9330
vn 0.2426 -0.5402 0.8058
vn 0.0368 -0.7142 0.6990
vn -0.0101 -0.2384 0.9711
vn 0.2226 0.0862 0.9711
vn 0.3680 0.1250 0.9214
vn 0.3862 -0.0118 0.9223
vn 0.1631 0.1187 0.9794
vn 0.0775 -0.7578 0.6479
vn 0.2004 -0.5215 0.8294
vn 0.0557 -0.6814 0.7298
vn 0.4216 -0.3024 0.8549
vn -0.0768 -0.1741 0.9817
vn -0.9252 0.1311 0.3561
vn -0.8892 0.1773 0.4217
vn -0.9570 0.0121 0.2897
vn -0.9466 0.1354 0.2927
vn -0.7127 -0.3714 -0.5951
vn -0.6133 -0.5064 -0.6061
vn -0.3828 -0.6254 -0.6799
vn -0.4663 -0.5397 -0.7009
vn -0.8532 -0.4995 -0.1501
vn -0.7485 -0.6437 -0.1596
vn -0.7913 -0.3186 -0.5219
vn -0.9521 -0.0044 -0.3057
vn -0.6732 -0.5000 -0.5448
vn -0.9149 -0.3141 -0.2537
vn -0.9996 0.0229 -0.0182
vn -0.6894 -0.7045 0.1687
vn -0.9957 -0.0014 0.0921
vn -0.1279 -0.5937 -0.7944
vn -0.3286 -0.5603 -0.7603
vn -0.0111 -0.5908 -0.8067
vn 0.0820 -0.5395 -0.8380
vn -0.9389 0.0028 0.3442
vn -0.8746 0.1531 0.4601
vn -0.8606 0.0722 0.5042
vn -0.9490 -0.0946 0.3008
vn -0.8817 -0.4201 -0.2146
vn -0.9687 -0.1739 0.1769
vn -0.9544 -0.2898 0.0714
vn -0.8182 -0.5077 -0.2698
vn -0.5447 -0.6058 -0.5799
vn -0.6190 -0.5601 -0.5505
vn -0.9618 -0.1379 0.2364
vn -0.8558 0.0520 0.5147
vn -0.8694 0.1100 0.4818
vn -0.9807 -0.1187 0.1554
vn -0.3045 -0.5368 -0.7869
vn -0.4656 -0.5261 -0.7116
vn -0.4749 -0.5746 -0.6665
vn -0.2081 -0.5765 -0.7902
vn -0.7975 -0.4772 -0.3691
vn -0.8014 -0.4320 -0.4137
vn -0.9372 -0.3361 -0.0932
vn -0.9409 -0.3064 -0.1444
vn -0.9858 -0.0799 0.1476
vn -0.8492 0.2021 0.4879
vn -0.9946 -0.0550 0.0875
vn -0.8625 0.2364 0.4474
vn -0.4986 0.4670 0.7302
vn -0.5256 0.4305 0.7338
vn -0.3948 -0.4185 -0.8179
vn -0.6960 -0.3973 -0.5981
vn -0.5237 -0.4884 -0.6980
vn -0.3205 -0.4955 -0.8073
vn -0.8400 -0.3911 -0.3762
vn -0.8969 -0.3348 -0.2889
vn -0.9607 -0.2480 -0.1245
vn -0.9566 -0.2665 -0.1180
vn -0.8199 0.0610 0.5692
vn -0.5569 0.2567 0.7899
vn -0.6197 0.2454 0.7455
vn -0.8087 0.0792 0.5828
vn -0.3169 0.4231 0.8488
vn -0.2171 0.4038 0.8887
vn -0.3029 0.3335 0.8928
vn -0.6351 0.1350 0.7605
vn -0.8531 -0.0260 0.5211
vn -0.9094 -0.3725 -0.1849
vn -0.9589 -0.1446 0.2440
vn -0.9591 -0.1836 0.2154
vn -0.9058 -0.3809 -0.1857
vn -0.8893 -0.4165 -0.1889
vn -0.9549 -0.1962 0.2231
vn -0.3437 -0.5542 -0.7581
vn -0.5635 -0.5616 -0.6059
vn -0.5657 -0.5115 -0.6468
vn -0.3618 -0.5259 -0.7698
vn -0.5914 -0.4953 -0.6364
vn -0.4453 -0.5299 -0.7217
vn 0.0941 0.9726 0.2124
vn 0.0920 0.9876 0.1271
vn 0.1453 0.9705 0.1924
vn 0.1219 0.9666 0.2255
vn 0.3411 0.6867 0.6419
vn 0.2567 0.7931 0.5523
vn 0.3314 -0.5340 0.7778
vn 0.4027 0.0355 0.9146
vn 0.2722 -0.4556 0.8475
vn 0.3603 0.2816 0.8893
vn 0.3119 -0.6455 0.6972
vn 0.3616 -0.2819 0.8887
vn 0.2418 -0.2336 0.9418
vn 0.2121 -0.5595 0.8012
vn 0.4739 0.6810 0.5583
vn 0.4472 0.6668 0.5962
vn 0.4601 0.7376 0.4942
vn 0.4194 0.8399 0.3445
vn 0.4945 0.6901 0.5284
vn 0.4349 0.7109 0.5528
vn 0.3884 0.7553 0.5280
vn 0.3790 0.7244 0.5758
vn 0.8376 -0.4132 -0.3572
vn 0.7570 -0.6402 -0.1310
vn 0.3592 -0.6397 -0.6795
vn 0.4753 -0.7264 -0.4964
vn -0.1479 -0.0139 -0.9889
vn -0.0289 0.3883 -0.9211
vn -0.0181 -0.0055 -0.9998
vn 0.2458 0.2693 -0.9312
vn 0.2838 -0.1574 -0.9459
vn 0.4486 -0.3550 -0.8202
vn 0.8414 -0.0558 -0.5375
vn 0.7426 0.0983 -0.6625
vn 0.2849 0.1527 -0.9463
vn 0.4767 0.3334 -0.8134
vn -0.0067 -0.0201 -0.9998
vn 0.4638 0.1360 -0.8755
vn 0.8175 0.1351 -0.5598
vn 0.7426 0.3088 -0.5943
vn 0.3929 -0.0425 -0.9186
vn 0.3599 -0.2558 -0.8972
vn -0.1603 -0.3117 -0.9366
vn -0.2344 -0.4889 -0.8403
vn -0.0507 0.0872 -0.9949
vn 0.2097 -0.0598 -0.9759
vn 0.0076 -0.9975 -0.0700
vn 0.4104 -0.9027 0.1291
vn 0.3929 -0.8888 -0.2361
vn -0.0757 -0.9853 -0.1534
vn 0.0414 -0.5391 0.8412
vn 0.3756 0.0335 0.9262
vn 0.3389 0.1191 0.9332
vn 0.2129 -0.4133 0.8854
vn 0.7325 0.4705 0.4920
vn 0.6536 0.5392 0.5310
vn -0.0689 -0.8888 0.4530
vn -0.2029 -0.9792 0.0006
vn 0.2400 -0.9042 0.3533
vn 0.0691 -0.9764 -0.2045
vn 0.4567 -0.3334 -0.8248
vn 0.9363 0.0537 -0.3471
vn 0.8239 0.2666 -0.5002
vn 0.4721 -0.0709 -0.8787
vn 0.8721 0.4892 0.0117
vn 0.8453 0.5131 0.1489
vn 0.7732 0.5992 0.2076
vn 0.7197 0.6530 0.2360
vn 0.7475 0.2797 0.6025
vn 0.8350 0.2310 0.4994
vn 0.8482 -0.1732 0.5005
vn 0.7341 -0.0313 0.6784
vn 0.7443 -0.6034 0.2863
vn 0.8366 -0.5052 0.2118
vn -0.3391 -0.4440 -0.8294
vn -0.4567 -0.3578 -0.8145
vn -0.3866 -0.5053 -0.7715
vn -0.3922 -0.6023 -0.6953
vn -0.3528 -0.5885 -0.7274
vn -0.5480 -0.4828 -0.6831
vn -0.4385 -0.6723 -0.5965
vn -0.6287 -0.5838 -0.5138
vn -0.3573 -0.6639 -0.6569
vn 0.6279 0.5536 0.5470
vn 0.5533 0.5960 0.5819
vn 0.6129 0.5094 0.6040
vn 0.6525 0.4908 0.5774
vn 0.4680 0.5460 0.6949
vn 0.3121 0.6823 0.6611
vn 0.5214 0.4505 0.7247
vn 0.6407 0.4436 0.6267
vn 0.6953 0.4275 0.5778
vn -0.3456 -0.6874 -0.6388
vn -0.3969 -0.5735 -0.7167
vn -0.3325 -0.5628 -0.7568
vn -0.2915 -0.6846 -0.6681
vn -0.1835 -0.6658 -0.7232
vn -0.2347 -0.5387 -0.8092
vn 0.8530 0.3733 -0.3647
vn 0.6508 0.0168 -0.7591
vn 0.6881 0.0253 -0.7252
vn 0.8203 0.1253 -0.5581
vn 0.8192 0.4071 -0.4040
vn 0.6280 0.0147 -0.7781
vn 0.4379 -0.1909 -0.8785
vn 0.5020 -0.1540 -0.8510
vn 0.6009 -0.0648 -0.7967
vn 0.5495 0.1006 -0.8294
vn 0.2590 -0.1438 -0.9551
vn 0.7050 0.2889 -0.6477
vn 0.6809 0.7274 -0.0852
vn 0.3299 0.8326 0.4448
vn 0.6143 0.7231 0.3158
vn 0.4048 0.7022 0.5857
vn 0.7149 0.6107 0.3405
vn 0.9403 0.3373 -0.0453
vn 0.4520 0.5189 0.7256
vn 0.4733 0.5622 0.6782
vn 0.1356 0.8763 0.4623
vn 0.2830 0.8645 0.4153
vn 0.1842 0.9349 0.3033
vn 0.1152 0.9317 0.3445
vn 0.3292 0.8779 0.3477
vn 0.4178 0.8005 0.4297
vn 0.4109 0.7541 0.5124
vn 0.5452 0.6727 0.5003
vn 0.1788 0.7986 0.5747
vn -0.0528 -0.6411 -0.7656
vn 0.3161 -0.4685 -0.8250
vn 0.1900 -0.6072 -0.7715
vn 0.5654 -0.3633 -0.7405
vn 0.8169 -0.0906 -0.5696
vn 0.4638 0.7224 0.5129
vn 0.4519 0.7008 0.5519
vn 0.4827 0.6601 0.5755
vn 0.5240 0.6971 0.4893
vn 0.4101 0.6143 0.6741
vn 0.4599 0.6205 0.6352
vn 0.4466 0.7255 0.5237
vn 0.3802 0.7170 0.5843
vn 0.5025 0.7309 0.4619
vn 0.8566 -0.0510 -0.5135
vn 0.8980 0.0403 -0.4382
vn 0.5168 -0.4007 -0.7566
vn 0.5051 -0.2845 -0.8148
vn 0.7377 0.1624 -0.6553
vn 0.8457 0.2168 -0.4876
vn 0.3508 -0.0257 -0.9361
vn 0.1112 -0.0743 -0.9910
vn 0.8282 0.1109 -0.5494
vn 0.3743 -0.1601 -0.9134
vn 0.8917 0.3664 0.2656
vn 0.4105 0.2861 0.8658
vn 0.5693 0.3303 0.7528
vn 0.5457 0.4583 0.7016
vn 0.3845 0.4832 0.7865
vn -0.4660 -0.5892 -0.6601
vn -0.5082 -0.5321 -0.6772
vn -0.4993 -0.7336 -0.4610
vn -0.4585 -0.6958 -0.5529
vn -0.4229 -0.8216 -0.3823
vn -0.4398 -0.6347 -0.6354
vn 0.8283 0.4145 0.3769
vn 0.8532 0.0401 0.5200
vn 0.6615 0.1606 0.7326
vn 0.5433 0.5269 0.6536
vn 0.7100 0.6855 0.1616
vn 0.3705 0.7930 0.4836
vn 0.0907 -0.6730 -0.7340
vn 0.1529 -0.6721 -0.7245
vn 0.0195 -0.5142 -0.8574
vn 0.0830 -0.4784 -0.8742
vn -0.0065 -0.1447 -0.9895
vn -0.0787 -0.2690 -0.9599
vn 0.2324 0.2048 0.9508
vn 0.3987 0.3012 0.8662
vn 0.4694 0.3261 0.8206
vn 0.3278 0.1991 0.9235
vn 0.3703 0.1911 0.9090
vn 0.2603 0.0292 0.9651
vn -0.1981 -0.3880 -0.9001
vn -0.2526 -0.3970 -0.8824
vn -0.2980 -0.4410 -0.8466
vn -0.2196 -0.4893 -0.8440
vn -0.2496 -0.4747 -0.8440
vn -0.3467 -0.3562 -0.8677
vn -0.2144 -0.6166 -0.7575
vn -0.2998 -0.5068 -0.8082
vn -0.2006 -0.6156 -0.7621
vn -0.2792 -0.7870 -0.5502
vn 0.0316 -0.4701 -0.8820
vn -0.0055 -0.4956 -0.8685
vn -0.1621 -0.7695 -0.6177
vn -0.3104 -0.9274 -0.2086
vn -0.1097 -0.9279 -0.3564
vn 0.5706 0.6846 0.4535
vn 0.5127 0.7832 0.3518
vn 0.5423 0.7808 0.3103
vn 0.6613 0.7104 0.2409
vn 0.5528 0.7965 0.2452
vn 0.5180 0.7826 0.3452
vn 0.4711 0.6979 0.5395
vn 0.4854 0.7698 0.4145
vn 0.6401 0.7156 0.2796
vn 0.2618 0.5365 0.8023
vn 0.2623 0.4702 0.8427
vn 0.2721 0.4660 0.8419
vn 0.2626 -0.0315 0.9644
vn 0.2568 0.0456 0.9654
vn 0.2945 0.1734 0.9398
vn 0.2516 0.0199 0.9676
vn 0.2839 0.2849 0.9155
vn 0.2848 0.1961 0.9383
vn 0.3476 0.2630 0.9000
vn 0.2530 0.2096 0.9445
vn 0.1853 0.0917 0.9784
vn 0.4038 0.3286 0.8538
vn 0.4036 0.2810 0.8707
vn 0.2441 0.3300 0.9119
vn 0.3163 0.4252 0.8480
vn 0.3293 0.3000 0.8953
vn 0.4368 0.4216 0.7946
vn 0.8862 0.4422 -0.1380
vn 0.8229 0.5280 -0.2098
vn 0.6349 0.7054 0.3152
vn 0.6370 0.6839 0.3558
vn 0.6490 0.6391 0.4128
vn 0.9292 0.3666 -0.0460
vn -0.3924 -0.6785 -0.6210
vn -0.4362 -0.6556 -0.6164
vn -0.4381 -0.6681 -0.6014
vn -0.4095 -0.6391 -0.6510
vn -0.4441 -0.6489 -0.6178
vn -0.3865 -0.7225 -0.5732
vn -0.3140 -0.1645 -0.9351
vn -0.4263 -0.4395 -0.7906
vn -0.4175 -0.5894 -0.6916
vn -0.3512 -0.2217 -0.9097
vn -0.4282 -0.5193 -0.7396
vn -0.3549 -0.1846 -0.9165
vn 0.8941 -0.3802 0.2366
vn 0.5681 -0.5575 -0.6054
vn 0.3510 -0.7284 -0.5885
vn 0.5589 0.0789 0.8255
vn 0.7871 -0.5697 0.2365
vn 0.5281 -0.0277 0.8487
vn 0.6565 0.3248 0.6808
vn 0.9326 -0.0715 0.3537
vn 0.5588 -0.6428 -0.5240
vn 0.8714 -0.3973 0.2879
vn 0.6274 -0.0110 0.7786
vn 0.4789 -0.7926 -0.3774
vn 0.2668 0.2324 0.9353
vn 0.2985 0.1558 0.9416
vn 0.3949 0.6949 0.6010
vn 0.4107 0.6708 0.6176
vn 0.3039 0.1152 0.9457
vn 0.4097 0.8558 0.3158
vn 0.3801 0.9002 0.2125
vn -0.2958 0.0110 -0.9552
vn -0.1920 0.3518 -0.9162
vn -0.4121 -0.0901 -0.9067
vn -0.4048 -0.2648 -0.8752
vn -0.3077 -0.0683 -0.9490
vn -0.0971 0.4404 -0.8925
vn -0.1870 0.2742 -0.9433
vn -0.1474 0.3446 -0.9271
vn -0.2445 0.0346 -0.9690
vn 0.8081 0.2787 0.5190
vn 0.9598 -0.2802 -0.0163
vn 0.9109 -0.3996 0.1027
vn 0.7870 0.4292 0.4433
vn 0.3560 -0.7196 -0.5961
vn 0.2342 -0.8487 -0.4743
vn 0.5262 -0.5825 -0.6195
vn 0.8721 0.4348 0.2244
vn 0.9854 -0.1186 -0.1225
vn 0.5433 0.5397 0.6431
vn 0.4543 0.5606 0.6924
vn 0.5963 0.6174 0.5131
vn 0.4991 0.7215 0.4799
vn 0.4247 0.6395 0.6408
vn 0.4161 0.8266 0.3790
vn 0.4766 0.7892 0.3873
vn 0.4213 0.7426 0.5205
vn 0.6155 0.6740 0.4085
vn 0.3036 -0.8857 0.3512
vn 0.2052 -0.4550 0.8665
vn 0.2112 -0.0653 0.9753
vn 0.4155 -0.6487 0.6376
vn 0.0431 -0.9710 -0.2352
vn 0.2250 -0.9475 -0.2271
vn -0.4244 -0.4856 -0.7642
vn -0.4387 -0.4884 -0.7544
vn -0.5304 -0.5885 -0.6101
vn -0.5194 -0.5801 -0.6274
vn -0.5117 -0.4841 -0.7098
vn -0.3954 -0.4389 -0.8069
vn 0.7545 0.5056 0.4184
vn 0.7268 0.5926 0.3473
vn 0.8419 0.5154 0.1601
vn 0.8836 0.4232 0.2003
vn 0.8420 0.5136 0.1654
vn 0.7209 0.5798 0.3797
vn 0.7739 0.5408 0.3295
vn 0.7809 0.5497 0.2967
vn 0.8803 0.4248 0.2114
vn 0.2062 0.6020 0.7714
vn 0.2554 0.5539 0.7925
vn 0.2447 0.5230 0.8164
vn 0.0912 0.8933 0.4402
vn 0.0627 0.9371 0.3434
vn 0.0756 0.9490 0.3061
vn 0.1544 0.8785 0.4521
vn 0.1978 0.8472 0.4930
vn 0.3418 0.7103 0.6153
vn 0.3116 -0.4076 0.8584
vn 0.2433 -0.1721 0.9546
vn 0.4848 -0.0233 0.8743
vn 0.5701 -0.1468 0.8084
vn 0.6096 0.0627 0.7902
vn 0.4625 -0.0977 0.8812
vn 0.3571 0.5772 0.7344
vn 0.4315 0.5745 0.6955
vn 0.4325 0.6428 0.6323
vn 0.2965 0.6709 0.6797
vn 0.3892 0.7335 0.5573
vn 0.2987 0.7398 0.6029
vn 0.4072 0.8648 0.2937
vn 0.4180 0.8467 0.3291
vn 0.3818 0.8969 0.2232
vn 0.4192 0.8828 0.2119
vn 0.3869 0.7469 0.5408
vn 0.4705 0.6712 0.5728
vn -0.3093 -0.4354 -0.8454
vn -0.1981 -0.6146 -0.7635
vn -0.0312 -0.5273 -0.8491
vn -0.1935 -0.3530 -0.9154
vn 0.0050 -0.6864 -0.7272
vn -0.0814 -0.7968 -0.5987
vn -0.3584 -0.0104 -0.9335
vn -0.3677 -0.0265 -0.9296
vn -0.3560 0.0701 -0.9319
vn -0.3945 -0.0884 -0.9146
vn -0.3349 -0.1561 -0.9292
vn -0.3900 -0.3053 -0.8687
vn -0.3029 -0.7020 -0.6445
vn -0.3364 -0.6319 -0.6982
vn -0.0438 -0.6189 -0.7843
vn -0.0682 -0.6921 -0.7185
vn -0.1639 -0.4995 -0.8507
vn -0.3950 -0.5233 -0.7550
vn 0.0846 0.0022 0.9964
vn 0.2532 0.2696 0.9291
vn 0.1623 0.3362 0.9277
vn -0.0406 0.1295 0.9907
vn 0.5567 0.6236 0.5488
vn 0.4793 0.6999 0.5296
vn 0.5865 0.3515 0.7297
vn 0.4199 0.4860 0.7665
vn 0.4109 0.2935 0.8631
vn 0.5255 0.1457 0.8382
vn 0.6145 0.6244 0.4821
vn 0.3448 0.5460 0.7636
vn 0.4167 0.4610 0.7835
vn 0.4384 0.7280 0.5271
vn 0.4780 0.6622 0.5770
vn 0.5216 0.6702 0.5279
vn 0.6215 0.5847 0.5215
vn 0.0560 0.4756 0.8779
vn 0.3256 0.4654 0.8231
vn 0.1937 0.5876 0.7856
vn 0.0273 0.5720 0.8198
vn 0.0809 0.6961 0.7134
vn 0.1458 0.6935 0.7055
vn 0.1571 0.8759 0.4562
vn 0.1832 0.8978 0.4004
vn 0.0755 0.8740 0.4800
vn 0.1245 0.8342 0.5372
vn 0.1615 0.8979 0.4096
vn 0.2428 0.8214 0.5160
vn 0.4170 0.6270 0.6580
vn 0.0964 0.8862 0.4532
vn 0.1170 0.8234 0.5553
vn 0.5750 0.2719 0.7716
vn 0.5330 0.3709 0.7605
vn 0.6542 -0.0194 0.7560
vn 0.6797 -0.1348 0.7210
vn 0.6794 -0.0183 0.7335
vn 0.4014 0.5162 0.7566
vn 0.6847 0.2469 0.6857
vn 0.4402 0.2613 0.8590
vn 0.4676 0.2523 0.8472
vn 0.7279 0.2836 0.6243
vn 0.1836 0.1409 0.9728
vn 0.1656 0.2177 0.9619
vn 0.2778 0.2556 0.9260
vn 0.3935 0.4269 0.8142
vn 0.4001 0.4316 0.8085
vn 0.3021 0.2471 0.9207
vn 0.3726 0.5975 0.7100
vn 0.3808 0.6859 0.6201
vn 0.4737 0.7004 0.5339
vn 0.3710 0.4613 0.8060
vn 0.3083 0.2516 0.9174
vn 0.4471 0.7193 0.5317
vn 0.4566 0.7215 0.5206
vn 0.4302 0.7400 0.5170
vn 0.4353 0.7109 0.5524
vn 0.4698 0.8328 0.2929
vn 0.5522 0.8119 0.1894
vn 0.4329 0.7470 0.5045
vn 0.4249 0.7482 0.5095
vn 0.0043 -0.5518 -0.8340
vn -0.1047 -0.4417 -0.8910
vn -0.1717 -0.4895 -0.8549
vn -0.0507 -0.6352 -0.7707
vn -0.2665 -0.2259 -0.9370
vn -0.2417 -0.1546 -0.9580
vn -0.2159 -0.2192 -0.9515
vn -0.3229 -0.2610 -0.9097
vn -0.1924 -0.6526 -0.7329
vn -0.0601 -0.6240 -0.7791
vn -0.0899 -0.1170 -0.9891
vn -0.0014 -0.1323 -0.9912
vn 0.0981 -0.5282 -0.8434
vn 0.0319 -0.3352 -0.9416
vn 0.2022 -0.4027 -0.8927
vn 0.0254 -0.8331 -0.5525
vn -0.0487 -0.8875 -0.4582
vn -0.0988 -0.8607 -0.4995
vn -0.2249 -0.6329 -0.7408
vn -0.2732 -0.4654 -0.8419
vn 0.0629 -0.7322 -0.6782
vn -0.2638 -0.6463 -0.7161
vn -0.3293 -0.4917 -0.8061
vn -0.3802 -0.5306 -0.7576
vn -0.4037 -0.5967 -0.6935
vn -0.3583 -0.4315 -0.8279
vn -0.2545 0.0459 -0.9660
vn -0.1413 0.2274 -0.9635
vn -0.3929 -0.3706 -0.8416
vn -0.3086 -0.5594 -0.7693
vn -0.4317 -0.2250 -0.8735
vn -0.3749 -0.3939 -0.8392
vn -0.4128 -0.3782 -0.8286
vn -0.4724 -0.2203 -0.8534
vn -0.3859 -0.5361 -0.7508
vn -0.4069 -0.6283 -0.6630
vn -0.4127 -0.6900 -0.5946
vn -0.1674 -0.3549 -0.9198
vn -0.2551 -0.2073 -0.9444
vn -0.4310 -0.6790 -0.5943
vn -0.2666 -0.8704 -0.4140
vn -0.3450 -0.7467 -0.5687
vn -0.3191 -0.7050 -0.6334
vn -0.0842 -0.8345 -0.5445
vn -0.2841 -0.5161 -0.8081
vn -0.2089 -0.4979 -0.8417
vn 0.0556 -0.5777 -0.8143
vn -0.2365 -0.5011 -0.8325
vn 0.0079 -0.7469 -0.6649
vn 0.0510 -0.9054 -0.4216
vn 0.1321 -0.8064 -0.5765
vn 0.1786 -0.6388 -0.7484
vn -0.1117 -0.9680 -0.2245
vn -0.2974 -0.8686 -0.3963
vn -0.4055 -0.6318 -0.6606
vn -0.3719 -0.5863 -0.7196
vn -0.3660 -0.4528 -0.8131
vn -0.4618 -0.6196 -0.6347
vn -0.2414 -0.4816 -0.8425
vn -0.1366 -0.1446 -0.9800
vn 0.0054 -0.0799 -0.9968
vn -0.1156 -0.3580 -0.9265
vn -0.1547 -0.5649 -0.8105
vn -0.2374 -0.4418 -0.8651
vn 0.0087 -0.5378 -0.8430
vn -0.0668 -0.4907 -0.8688
vn -0.1194 -0.7022 -0.7019
vn -0.0387 -0.6941 -0.7188
vn -0.1038 -0.7045 -0.7021
vn -0.3966 -0.6196 -0.6773
vn -0.2456 -0.7122 -0.6576
vn -0.3042 -0.7172 -0.6270
vn -0.4733 -0.6465 -0.5983
vn -0.5333 -0.6526 -0.5383
vn -0.3868 -0.7112 -0.5869
vn -0.4370 -0.6340 -0.6380
vn -0.4516 -0.5942 -0.6656
vn -0.0463 -0.8602 -0.5078
vn -0.0935 -0.8076 -0.5823
vn -0.4085 -0.6178 -0.6719
vn -0.1197 -0.8454 -0.5205
vn -0.4083 -0.5810 -0.7041
vn -0.5571 -0.6180 -0.5547
vn -0.6778 -0.5719 -0.4621
vn -0.4104 -0.5734 -0.7090
vn -0.8632 -0.5028 -0.0448
vn -0.8259 -0.5380 -0.1687
vn -0.8745 -0.3187 0.3655
vn -0.9000 -0.3407 0.2718
vn -0.7375 -0.0950 0.6686
vn -0.7125 -0.0795 0.6971
vn -0.4247 0.1606 0.8910
vn -0.4112 0.1317 0.9020
vn -0.0876 0.3031 0.9489
vn -0.1607 0.3222 0.9329
vn 0.3299 0.4452 0.8325
vn 0.3057 0.4860 0.8187
vn 0.7422 0.5115 0.4330
vn 0.7304 0.4633 0.5018
vn 0.9126 0.3883 0.1283
vn 0.9073 0.4142 0.0719
vn 0.9090 0.4091 0.0794
vn 0.9107 0.3835 0.1537
vn 0.2247 0.1710 0.9593
vn 0.0029 0.1440 0.9896
vn 0.1866 0.1565 0.9699
vn 0.2839 0.2215 0.9329
vn 0.0847 0.1524 0.9847
vn 0.2174 0.3510 0.9108
vn 0.5135 0.7140 0.4759
vn 0.0233 0.0475 0.9986
vn 0.1249 0.2139 0.9688
vn 0.5721 0.7997 0.1822
vn 0.5677 0.7944 0.2158
vn 0.5539 0.7613 0.3370
vn 0.5334 0.7179 0.4473
vn 0.5081 0.5906 0.6269
vn 0.5810 0.6830 0.4427
vn 0.6265 0.6900 0.3625
vn 0.5956 0.6172 0.5141
vn 0.6235 0.7226 0.2986
vn 0.6334 0.7371 0.2356
vn 0.1614 0.0894 0.9828
vn 0.3034 0.1360 0.9431
vn 0.0874 0.1292 0.9878
vn 0.1170 0.1262 0.9851
vn 0.2231 0.2932 0.9297
vn 0.3464 0.5103 0.7871
vn 0.4682 0.1092 0.8768
vn 0.3241 0.0810 0.9425
vn 0.2964 0.2639 0.9179
vn 0.2240 0.2705 0.9363
vn 0.3998 0.5137 0.7592
vn 0.5273 0.5880 0.6134
vn 0.3137 0.2353 0.9199
vn -0.2118 -0.7516 -0.6247
vn -0.3509 -0.6925 -0.6304
vn -0.2937 -0.5870 -0.7545
vn -0.1347 -0.6103 -0.7806
vn 0.1844 -0.4834 -0.8558
vn -0.0388 -0.4903 -0.8707
vn -0.4484 -0.5518 -0.7031
vn -0.3247 -0.4918 -0.8079
vn -0.4994 -0.6390 -0.5851
vn 0.2105 0.5469 0.8103
vn -0.0823 0.4588 0.8847
vn 0.3529 0.6965 0.6247
vn 0.1735 -0.5077 -0.8439
vn 0.3337 -0.3340 -0.8815
vn 0.4787 -0.1997 -0.8550
vn 0.2380 -0.3715 -0.8974
vn -0.0461 -0.4896 -0.8707
vn 0.0062 -0.6200 -0.7846
vn 0.0892 0.7631 0.6401
vn 0.2044 0.7674 0.6077
vn 0.2881 0.8063 0.5167
vn 0.5091 0.6696 0.5409
vn 0.4091 0.7003 0.5850
vn 0.3918 0.7609 0.5172
vn -0.2660 -0.7029 -0.6597
vn -0.4148 -0.6648 -0.6213
vn -0.0861 -0.6930 -0.7158
vn -0.4054 -0.2637 -0.8753
vn -0.3832 -0.2983 -0.8742
vn -0.3746 -0.2287 -0.8985
vn 0.5197 0.2351 0.8214
vn 0.3879 0.1448 0.9102
vn 0.2557 0.0950 0.9621
vn -0.4103 -0.4681 -0.7826
vn -0.3957 -0.2835 -0.8735
vn -0.2305 -0.2046 -0.9513
vn -0.3944 -0.9179 -0.0428
vn -0.5217 -0.8526 0.0296
vn -0.3053 -0.9127 -0.2717
vn -0.4314 -0.8593 -0.2747
vn -0.5704 0.8213 0.0085
vn -0.1550 0.9493 0.2734
vn -0.2087 0.8330 0.5123
vn -0.6497 0.7168 0.2530
vn -0.8483 -0.2742 -0.4530
vn -0.9479 0.2714 -0.1670
vn -0.8370 0.4121 -0.3601
vn -0.8396 -0.0773 -0.5376
vn -0.6663 0.4762 0.5739
vn -0.1908 0.6100 0.7691
vn -0.5636 0.1898 0.8040
vn -0.1555 0.3135 0.9368
vn -0.9719 -0.0513 0.2296
vn -0.8141 -0.5498 -0.1868
vn -0.6215 -0.7596 0.1915
vn -0.7191 -0.3141 0.6198
vn -0.2868 -0.7376 0.6113
vn -0.1860 -0.2197 0.9577
vn -0.4267 -0.8887 -0.1677
vn -0.2764 -0.9610 0.0088
vn -0.5457 -0.7566 -0.3602
vn -0.6293 -0.6232 -0.4644
vn -0.7149 -0.4727 -0.5152
vn 0.5391 0.4349 0.7213
vn 0.6708 0.4416 0.5958
vn 0.7521 0.4608 0.4712
vn 0.6332 0.4593 0.6230
vn 0.7382 0.4888 0.4649
vn 0.7126 0.4583 0.5312
vn 0.9068 0.3356 0.2550
vn 0.8798 0.3249 0.3470
vn 0.7745 0.4279 0.4660
vn 0.7748 0.4407 0.4534
vn 0.6361 0.4072 0.6554
vn 0.5704 0.4000 0.7174
vn 0.5473 0.3981 0.7362
vn 0.5855 0.4044 0.7026
vn 0.6956 0.4172 0.5849
vn 0.7413 0.4219 0.5220
vn 0.7066 0.3848 0.5938
vn 0.6397 0.4010 0.6558
vn 0.7592 0.3804 0.5281
vn 0.7710 0.3644 0.5223
vn 0.5249 0.4247 0.7377
vn 0.3397 0.4138 0.8446
vn 0.3705 0.5124 0.7747
vn 0.4526 0.5702 0.6856
vn 0.3563 0.5718 0.7390
vn 0.4551 0.5967 0.6609
vn 0.6954 0.5561 0.4552
vn 0.6469 0.6104 0.4571
vn 0.7049 0.5820 0.4055
vn 0.7164 0.5598 0.4163
vn 0.8368 0.4657 0.2879
vn 0.7543 0.5333 0.3829
vn 0.5351 0.6131 0.5812
vn 0.5319 0.6095 0.5879
vn 0.5772 0.6325 0.5165
vn 0.5940 0.6186 0.5143
vn 0.6708 0.5309 0.5178
vn 0.6167 0.4881 0.6175
vn 0.6783 0.5476 0.4899
vn 0.6105 0.6344 0.4741
vn 0.6645 0.5938 0.4537
vn 0.3181 0.3229 0.8914
vn 0.5086 0.3851 0.7701
vn 0.5315 0.3430 0.7745
vn 0.3933 0.1828 0.9010
vn 0.7510 0.5136 0.4151
vn 0.7823 0.4239 0.4565
vn 0.8329 0.4133 0.3681
vn 0.8250 0.4882 0.2847
vn 0.6728 0.5079 0.5379
vn 0.7079 0.4639 0.5326
vn 0.7370 0.4379 0.5149
vn 0.6829 0.5170 0.5161
vn 0.6515 0.4484 0.6119
vn 0.6602 0.4692 0.5865
vn 0.4132 0.0149 0.9105
vn 0.3995 0.1405 0.9059
vn 0.5581 0.3069 0.7710
vn 0.6571 0.1793 0.7322
vn 0.7158 0.4592 0.5261
vn 0.7089 0.4273 0.5612
vn 0.8679 -0.0221 0.4962
vn 0.8870 -0.0365 0.4603
vn 0.6756 -0.6616 0.3253
vn 0.4054 -0.6438 0.6490
vn -0.1352 -0.8901 -0.4353
vn 0.1074 -0.9231 -0.3693
vn 0.5493 -0.8285 0.1084
vn 0.5981 -0.8011 0.0238
vn 0.0211 -0.9344 -0.3557
vn -0.1763 -0.9416 -0.2868
vn -0.3600 -0.5442 -0.7578
vn -0.2809 -0.5826 -0.7627
vn -0.1162 -0.7922 -0.5991
vn -0.2614 -0.6612 -0.7032
vn -0.6437 -0.6428 -0.4153
vn -0.5123 -0.6883 -0.5137
vn -0.3161 -0.8215 -0.4746
vn -0.5429 -0.7222 -0.4285
vn -0.5035 -0.5958 -0.6257
vn -0.4107 -0.5778 -0.7053
vn -0.4482 -0.5537 -0.7018
vn -0.5458 -0.5577 -0.6253
vn -0.4839 -0.6160 -0.6216
vn -0.3489 -0.5975 -0.7220
vn -0.4288 -0.4985 -0.7534
vn -0.2883 -0.5137 -0.8081
vn -0.3872 -0.4076 -0.8270
vn -0.5382 -0.4129 -0.7347
vn -0.6532 -0.5437 -0.5270
vn -0.7167 -0.5545 -0.4229
vn -0.7138 -0.5131 -0.4767
vn -0.6999 -0.4777 -0.5310
vn -0.6375 -0.5402 -0.5494
vn -0.6488 -0.6022 -0.4652
vn -0.6190 -0.6195 -0.4828
vn -0.5852 -0.5398 -0.6051
vn -0.5461 -0.5488 -0.6330
vn -0.6228 -0.5626 -0.5437
vn -0.6610 -0.5305 -0.5308
vn -0.5059 -0.5103 -0.6955
vn -0.3768 -0.4542 -0.8073
vn -0.4019 -0.4383 -0.8040
vn -0.5510 -0.4992 -0.6687
vn -0.6287 -0.5464 -0.5533
vn -0.6547 -0.5800 -0.4848
vn -0.6706 -0.5390 -0.5097
vn -0.6446 -0.5335 -0.5476
vn -0.6740 -0.5367 -0.5076
vn -0.6341 -0.5820 -0.5090
vn -0.5781 -0.4239 -0.6972
vn -0.4624 -0.3882 -0.7971
vn -0.4483 -0.4070 -0.7959
vn -0.5564 -0.4614 -0.6910
vn -0.3788 -0.3486 -0.8573
vn -0.3826 -0.3747 -0.8445
vn -0.6544 -0.5038 -0.5638
vn -0.6783 -0.5193 -0.5198
vn -0.6972 -0.4677 -0.5433
vn -0.6734 -0.4455 -0.5900
vn -0.3888 -0.5293 -0.7541
vn -0.4812 -0.4866 -0.7292
vn -0.4558 -0.5064 -0.7320
vn -0.6219 -0.4514 -0.6399
vn -0.6195 -0.4683 -0.6300
vn -0.4262 -0.4622 -0.7777
vn -0.4114 -0.5032 -0.7600
vn -0.4903 -0.4933 -0.7185
vn -0.5290 -0.4757 -0.7027
vn -0.5014 -0.5084 -0.7001
vn -0.4996 -0.4383 -0.7472
vn -0.5478 -0.4438 -0.7092
vn -0.5874 -0.4336 -0.6834
vn -0.5565 -0.5537 -0.6194
vn -0.4944 -0.4568 -0.7395
vn -0.2340 -0.5366 -0.8107
vn 0.2500 -0.2534 0.9345
vn 0.2263 -0.5600 0.7970
vn 0.2869 -0.6363 0.7161
vn 0.3131 -0.1647 0.9353
vn 0.3171 -0.3659 0.8750
vn 0.3112 -0.3071 0.8993
vn 0.3545 -0.0681 0.9326
vn 0.3000 -0.0994 0.9487
vn 0.3579 0.0007 0.9338
vn 0.3074 0.0003 0.9516
vn 0.0758 0.0282 0.9967
vn -0.2309 0.4904 0.8404
vn -0.3110 0.3789 0.8716
vn -0.0375 -0.0940 0.9949
vn -0.5174 0.3276 0.7905
vn -0.9003 -0.2164 -0.3777
vn -0.9547 -0.1398 -0.2627
vn -0.9019 -0.3164 -0.2940
vn -0.8196 -0.3336 -0.4658
vn -0.7748 -0.3387 -0.5338
vn -0.6993 -0.4881 -0.5222
vn -0.1106 -0.1659 -0.9799
vn 0.1092 -0.7214 -0.6838
vn 0.1854 -0.5633 -0.8052
vn -0.2890 -0.0176 -0.9572
vn -0.0599 0.0188 -0.9980
vn -0.2460 0.0948 -0.9646
vn 0.1866 -0.9611 -0.2036
vn -0.0310 -0.9124 -0.4081
vn 0.2342 -0.9075 -0.3486
vn 0.3923 -0.8877 -0.2411
vn 0.2943 0.7524 0.5893
vn 0.3439 0.6679 0.6600
vn 0.3454 0.6402 0.6862
vn 0.3219 0.8421 0.4327
vn 0.0087 -0.0544 -0.9985
vn -0.1678 -0.0531 -0.9844
vn -0.2066 -0.1710 -0.9634
vn -0.0186 -0.2311 -0.9727
vn -0.2595 -0.2450 -0.9341
vn -0.1406 -0.4222 -0.8955
vn -0.3542 -0.6101 -0.7088
vn -0.3350 -0.7557 -0.5628
vn -0.2486 -0.7446 -0.6195
vn -0.3086 -0.7587 -0.5737
vn 0.5033 0.8289 0.2440
vn 0.3534 0.9135 0.2017
vn 0.4503 0.7184 0.5302
vn 0.5416 0.6684 0.5097
vn 0.5431 0.6468 0.5354
vn 0.4840 0.6800 0.5508
vn 0.4961 0.0268 0.8678
vn 0.4558 -0.2605 0.8511
vn 0.3779 -0.2463 0.8925
vn 0.4896 0.0922 0.8671
vn 0.2953 -0.3687 0.8814
vn 0.4200 -0.3807 0.8238
vn -0.4989 -0.6178 -0.6078
vn -0.5798 -0.4884 -0.6521
vn -0.4389 -0.3706 -0.8186
vn -0.3710 -0.4128 -0.8318
vn -0.6503 0.0064 0.7596
vn -0.8417 -0.2098 0.4975
vn -0.3250 0.2281 0.9178
vn -0.2193 0.0287 0.9752
vn -0.5440 -0.2383 0.8045
vn -0.7667 -0.4446 0.4632
vn 0.2905 0.4413 0.8490
vn 0.3753 0.2712 0.8863
vn 0.7816 0.4288 0.4531
vn 0.8163 0.2485 0.5215
vn 0.9387 0.3074 0.1558
vn 0.9178 0.3182 0.2373
vn 0.9610 0.2099 0.1799
vn 0.9725 0.2303 0.0335
vn 0.8900 0.3878 0.2398
vn 0.9254 0.3408 0.1656
vn 0.8084 0.4496 0.3799
vn 0.8149 0.4233 0.3958
vn 0.7946 0.5961 0.1155
vn 0.7777 0.5980 0.1940
vn 0.7188 0.5785 0.3857
vn 0.7274 0.5870 0.3553
vn 0.6834 0.5493 0.4808
vn 0.6799 0.5785 0.4506
vn 0.4182 -0.1754 0.8913
vn 0.4823 0.0316 0.8754
vn 0.3836 0.0547 0.9219
vn 0.3490 -0.1119 0.9304
vn 0.4276 0.1399 0.8931
vn 0.5195 0.1589 0.8395
vn 0.4189 -0.1105 0.9013
vn 0.4242 0.0094 0.9055
vn 0.6227 0.4351 0.6503
vn 0.5940 0.4068 0.6940
vn 0.5893 0.4253 0.6869
vn 0.6338 0.4192 0.6501
vn 0.5525 0.4221 0.7188
vn 0.5464 0.3724 0.7502
vn 0.4314 0.3532 0.8301
vn 0.5088 0.4204 0.7512
vn 0.6124 0.3393 0.7140
vn 0.6273 0.4833 0.6107
vn 0.6288 0.4801 0.6117
vn 0.5861 0.3594 0.7261
vn 0.5809 0.2406 0.7776
vn 0.5066 0.2449 0.8267
vn 0.3706 0.4935 0.7869
vn 0.4738 0.4815 0.7373
vn 0.5094 0.4836 0.7118
vn 0.4225 0.5336 0.7326
vn -0.3997 -0.3366 -0.8526
vn -0.3615 -0.3961 -0.8441
vn -0.3360 -0.6597 -0.6722
vn -0.3479 -0.6484 -0.6771
vn -0.5235 -0.5197 -0.6752
vn -0.4297 -0.6327 -0.6442
vn -0.4954 -0.6030 -0.6253
vn -0.5684 -0.5020 -0.6518
vn -0.4645 -0.5490 -0.6949
vn -0.3736 -0.6533 -0.6585
vn -0.3718 -0.6486 -0.6641
vn -0.4116 -0.6389 -0.6499
vn -0.4007 0.1938 -0.8955
vn -0.4460 -0.3459 -0.8255
vn -0.4331 -0.3168 -0.8438
vn -0.2903 0.1743 -0.9409
vn -0.4305 -0.3686 -0.8239
vn -0.4469 -0.6023 -0.6614
vn -0.4522 0.1536 -0.8786
vn -0.4374 -0.5711 -0.6946
vn -0.3660 -0.6732 -0.6425
vn -0.5793 -0.4990 -0.6445
vn -0.5300 -0.5790 -0.6196
vn 0.5963 0.4604 0.6576
vn 0.6523 0.5029 0.5671
vn 0.6590 0.4815 0.5778
vn 0.6662 0.4334 0.6069
vn 0.6357 0.5468 0.5449
vn 0.6203 0.5295 0.5787
vn 0.4406 0.5608 0.7010
vn 0.4788 0.5348 0.6962
vn 0.6096 0.5281 0.5912
vn 0.5138 0.5144 0.6866
vn 0.5657 0.4986 0.6569
vn 0.4569 0.4771 0.7508
vn 0.3638 0.5104 0.7792
vn 0.3801 0.4791 0.7912
vn 0.4162 0.5665 0.7112
vn 0.4282 0.5364 0.7273
vn 0.4826 0.5471 0.6839
vn 0.4246 0.6096 0.6694
vn 0.4122 0.6278 0.6603
vn 0.3906 0.6839 0.6163
vn 0.5289 0.5910 0.6091
vn 0.3759 0.5433 0.7507
vn 0.3383 0.6704 0.6604
vn 0.3109 0.8618 0.4008
vn 0.4360 0.7634 0.4766
vn 0.1719 0.9039 0.3918
vn 0.1613 0.8791 0.4485
vn 0.3848 0.7185 0.5794
vn 0.0618 0.9278 0.3680
vn -0.1325 0.9689 0.2089
vn 0.5669 0.6258 0.5357
vn -0.3391 -0.7461 -0.5730
vn -0.3257 -0.7499 -0.5759
vn -0.3217 -0.7074 -0.6294
vn -0.3249 -0.7013 -0.6345
vn 0.2455 0.7910 0.5604
vn 0.3729 0.6753 0.6363
vn -0.3468 -0.6343 -0.6909
vn -0.3503 -0.6174 -0.7043
vn -0.4166 -0.5049 -0.7560
vn -0.3826 -0.5335 -0.7544
vn -0.4582 -0.6534 -0.6026
vn -0.4468 -0.5785 -0.6824
vn -0.4459 -0.5881 -0.6748
vn -0.4721 -0.6531 -0.5921
vn -0.4052 -0.4921 -0.7705
vn -0.4545 -0.4701 -0.7566
vn 0.5102 0.6683 0.5414
vn 0.5512 0.6201 0.5582
vn 0.5571 0.6137 0.5595
vn 0.5703 0.5625 0.5986
vn -0.4046 -0.5044 -0.7628
vn -0.4421 -0.5999 -0.6668
vn -0.4628 -0.6641 -0.5872
vn 0.5870 0.5607 0.5840
vn 0.5883 0.5429 0.5993
vn 0.6042 0.4949 0.6246
vn 0.5854 0.5108 0.6296
vn 0.5583 0.6383 0.5300
vn 0.5715 0.5674 0.5929
vn 0.5558 0.5675 0.6075
vn 0.5505 0.6440 0.5312
vn 0.5139 0.5162 0.6851
vn 0.5497 0.5169 0.6563
vn 0.4873 0.5083 0.7101
vn 0.5139 0.5792 0.6328
vn 0.4931 0.6677 0.5577
vn -0.4975 -0.3931 -0.7733
vn -0.4171 -0.4077 -0.8123
vn -0.4635 -0.3709 -0.8047
vn -0.3702 -0.3669 -0.8534
vn -0.3579 -0.4499 -0.8182
vn -0.4520 -0.4174 -0.7883
vn -0.3072 -0.4320 -0.8480
vn -0.3609 -0.4086 -0.8383
vn -0.3897 -0.4464 -0.8055
vn -0.3744 -0.4360 -0.8184
vn 0.5898 0.4730 0.6545
vn 0.5898 0.4601 0.6637
vn 0.5448 0.4911 0.6797
vn 0.5607 0.5193 0.6449
vn 0.5148 0.4430 0.7340
vn 0.5232 0.4564 0.7197
vn 0.5392 0.4693 0.6993
vn 0.4925 0.4814 0.7251
vn -0.2945 -0.7531 -0.5883
vn -0.2782 -0.4733 -0.8358
vn -0.0767 -0.5840 -0.8081
vn -0.0936 -0.8403 -0.5340
vn 0.4596 0.4596 0.7599
vn 0.4611 0.4814 0.7455
vn -0.3615 -0.4644 -0.8085
vn -0.3021 -0.7344 -0.6078
vn -0.4186 -0.6384 -0.6459
vn -0.2035 -0.8410 -0.5013
vn -0.6142 -0.7346 -0.2884
vn -0.3564 -0.8314 -0.4264
vn -0.4339 -0.8779 -0.2025
vn -0.6007 -0.7884 -0.1327
vn -0.5614 -0.7360 -0.3784
vn -0.5677 -0.7176 -0.4034
vn 0.4801 -0.0427 0.8762
vn 0.3819 -0.0262 0.9238
vn 0.3968 0.4831 0.7805
vn 0.4801 0.3977 0.7819
vn -0.6132 -0.7521 -0.2416
vn -0.6071 -0.7706 -0.1938
vn -0.5746 -0.6031 -0.5533
vn -0.3318 0.2399 -0.9123
vn -0.4686 0.2560 -0.8455
vn -0.5045 -0.2508 -0.8262
vn -0.2358 -0.3106 -0.9208
vn -0.5412 0.2005 -0.8167
vn -0.6002 -0.3006 -0.7412
vn 0.2826 0.8222 0.4941
vn 0.3710 0.8298 0.4169
vn -0.1517 0.1586 -0.9756
vn 0.0491 -0.4153 -0.9083
vn -0.4750 -0.5437 -0.6919
vn -0.3177 -0.9122 -0.2587
vn -0.4432 -0.8551 -0.2691
vn -0.2530 -0.8968 -0.3629
vn 0.1486 -0.8893 -0.4325
vn 0.0033 -0.9998 -0.0217
vn 0.3348 -0.9402 -0.0621
vn -0.4918 0.0357 -0.8700
vn -0.1896 -0.5827 -0.7902
vn -0.2163 -0.5131 -0.8306
vn -0.3011 -0.3763 -0.8762
vn -0.3067 -0.3915 -0.8676
vn -0.3507 -0.3514 -0.8680
vn -0.3510 -0.4488 -0.8218
vn 0.4128 -0.8402 -0.3517
vn 0.4211 -0.8816 -0.2134
vn -0.2845 -0.5964 -0.7506
vn -0.3430 -0.3905 -0.8543
vn -0.3950 -0.4164 -0.8189
vn -0.2942 -0.5682 -0.7685
vn -0.1029 -0.6793 -0.7266
vn 0.1108 -0.7989 -0.5912
vn 0.1348 -0.8994 -0.4159
vn -0.2861 -0.3519 -0.8912
vn -0.0868 -0.9320 -0.3518
vn 0.5077 0.1437 0.8494
vn 0.5210 0.3468 0.7800
vn 0.4980 0.2782 0.8213
vn 0.4816 0.1288 0.8669
vn 0.5168 0.4280 0.7414
vn 0.5414 0.4560 0.7064
vn -0.5966 -0.5995 -0.5336
vn -0.4315 -0.7562 -0.4920
vn -0.5662 -0.7851 -0.2509
vn -0.7461 -0.6183 -0.2472
vn -0.5754 -0.7371 -0.3544
vn -0.5069 -0.6975 -0.5065
vn -0.5985 -0.7064 -0.3780
vn -0.7832 -0.5694 -0.2498
vn 0.0280 -0.1080 -0.9938
vn -0.2499 -0.3746 -0.8929
vn -0.3876 -0.1797 -0.9041
vn -0.0659 -0.0788 -0.9947
vn -0.7528 -0.3670 -0.5464
vn -0.5969 -0.5216 -0.6097
vn -0.3438 -0.2864 -0.8943
vn -0.3024 -0.4678 -0.8305
vn -0.0820 -0.2114 -0.9740
vn -0.1184 -0.0731 -0.9903
vn -0.1610 -0.5394 -0.8265
vn 0.0403 -0.2363 -0.9708
vn -0.6665 -0.5861 -0.4607
vn -0.8590 -0.4356 -0.2690
vn -0.8379 -0.4850 -0.2506
vn 0.2370 0.2345 0.9428
vn 0.3022 0.0205 0.9530
vn 0.6306 0.4747 0.6140
vn 0.6769 0.3168 0.6644
vn 0.1696 0.0231 0.9852
vn 0.0557 0.1212 0.9911
vn 0.7966 0.5675 0.2084
vn 0.8415 0.5094 0.1799
vn 0.4543 0.3768 0.8072
vn 0.4699 0.3840 0.7948
vn 0.4890 0.4754 0.7314
vn 0.5055 0.4059 0.7614
vn 0.5250 0.5098 0.6815
vn 0.5668 0.3801 0.7309
vn 0.4638 0.3274 0.8232
vn 0.4296 0.2334 0.8723
vn 0.4617 0.4130 0.7850
vn 0.3926 0.2825 0.8753
vn 0.1749 -0.0222 0.9843
vn 0.3672 0.1423 0.9192
vn 0.3860 -0.0011 0.9225
vn 0.3308 -0.1632 0.9295
vn 0.5093 0.2127 0.8339
vn 0.4766 0.2655 0.8380
vn 0.4838 0.2969 0.8233
vn 0.5513 0.3080 0.7754
vn 0.5233 0.2958 0.7992
vn 0.6014 0.3211 0.7316
vn 0.5654 0.3428 0.7502
vn 0.4375 0.2890 0.8515
vn 0.2875 0.1530 0.9455
vn 0.4326 0.8111 0.3936
vn 0.4188 0.7458 0.5180
vn 0.3717 0.7303 0.5731
vn 0.3932 0.7704 0.5019
vn 0.5539 0.2691 0.7879
vn 0.5850 0.3360 0.7382
vn 0.4586 0.7657 0.4510
vn 0.5417 0.6831 0.4898
vn 0.5430 0.7056 0.4552
vn 0.4621 0.8113 0.3580
vn 0.4608 0.7727 0.4366
vn 0.4805 0.8481 0.2230
vn 0.4559 0.8254 0.3329
vn 0.4452 0.8865 0.1258
vn 0.3773 0.9079 0.1825
vn 0.3066 0.9511 -0.0370
vn 0.4375 0.8970 -0.0629
vn 0.4823 0.7435 0.4632
vn -0.4384 -0.7109 -0.5500
vn -0.4345 -0.6842 -0.5857
vn -0.4610 -0.6605 -0.5927
vn -0.4566 -0.7035 -0.5447
vn 0.2381 0.9669 0.0918
vn 0.3712 0.8465 0.3817
vn -0.4370 -0.6663 -0.6042
vn -0.4561 -0.6929 -0.5585
vn -0.4866 -0.6795 -0.5490
vn -0.5177 -0.6079 -0.6020
vn -0.4321 -0.6465 -0.6288
vn -0.4591 -0.6126 -0.6433
vn -0.4147 -0.2179 -0.8835
vn -0.4572 -0.4234 -0.7821
vn -0.5397 -0.4726 -0.6967
vn -0.5266 -0.1662 -0.8337
vn -0.5092 -0.6512 -0.5628
vn -0.5154 -0.4246 -0.7443
vn -0.4401 -0.1425 -0.8866
vn -0.4788 -0.6966 -0.5344
vn -0.4717 -0.4276 -0.7711
vn -0.5311 -0.3313 -0.7798
vn -0.5866 -0.3514 -0.7297
vn -0.5180 -0.4286 -0.7402
vn -0.6121 -0.3129 -0.7263
vn -0.5595 -0.2648 -0.7854
vn -0.6435 -0.4235 -0.6377
vn -0.6433 -0.4068 -0.6486
vn -0.5755 -0.4855 -0.6581
vn -0.3557 -0.5936 -0.7219
vn -0.1837 -0.2954 -0.9375
vn -0.5235 -0.4229 -0.7397
vn -0.5266 -0.4220 -0.7380
vn -0.5657 -0.5023 -0.6540
vn -0.4908 -0.2497 -0.8347
vn -0.4298 -0.2753 -0.8599
vn -0.5248 -0.3686 -0.7673
vn -0.5549 -0.4726 -0.6846
vn -0.4942 -0.5437 -0.6784
vn -0.5718 -0.3172 -0.7566
vn -0.6429 -0.4337 -0.6313
vn 0.2781 0.0741 0.9577
vn 0.3411 0.0202 0.9398
vn 0.4791 0.3761 0.7931
vn 0.3450 0.4424 0.8278
vn -0.5291 -0.4846 -0.6966
vn 0.5243 0.7864 0.3266
vn 0.4191 0.8414 0.3412
vn 0.3721 0.3944 0.8402
vn 0.4681 0.3928 0.7916
vn 0.4847 0.8569 0.1753
vn 0.3016 0.9274 0.2214
vn 0.3273 0.3825 0.8640
vn 0.2930 0.9129 0.2843
vn 0.1980 0.1271 0.9719
vn 0.1911 0.0825 0.9781
vn -0.5322 -0.4429 -0.7215
vn -0.4117 -0.0004 -0.9113
vn -0.3998 -0.0741 -0.9136
vn -0.5425 -0.5982 -0.5898
vn 0.3780 0.0293 0.9253
vn -0.2967 -0.5296 -0.7947
vn -0.5763 -0.4190 -0.7016
vn -0.4766 -0.0544 -0.8774
vn -0.1901 -0.1555 -0.9694
vn -0.4278 -0.0696 -0.9012
vn -0.2850 0.1475 -0.9471
vn -0.4283 -0.0554 -0.9019
vn -0.4480 0.0556 -0.8923
vn -0.4202 0.0344 -0.9068
vn -0.5667 -0.5076 -0.6490
vn -0.2463 -0.3321 -0.9105
vn -0.2181 -0.4090 -0.8861
vn -0.5177 -0.5838 -0.6254
vn -0.5548 -0.4631 -0.6911
vn -0.5291 -0.6086 -0.5913
vn -0.2672 -0.4024 -0.8756
vn -0.1033 -0.0022 -0.9946
vn -0.5294 -0.4199 -0.7372
vn -0.2619 -0.2652 -0.9279
vn -0.6132 -0.6013 -0.5123
vn -0.6637 -0.5366 -0.5212
vn -0.6132 -0.5469 -0.5700
vn -0.6410 -0.4645 -0.6111
vn -0.6289 -0.4574 -0.6287
vn -0.3717 -0.3757 -0.8489
vn 0.6868 0.5298 0.4977
vn 0.6432 0.5645 0.5174
vn 0.6693 0.5957 0.4440
vn 0.7019 0.5824 0.4100
vn 0.5812 0.5190 0.6268
vn 0.6266 0.4139 0.6604
vn -0.5922 -0.5098 -0.6240
vn 0.6152 0.4777 0.6271
vn 0.6076 0.4630 0.6453
vn 0.6528 0.6100 0.4492
vn 0.6645 0.5946 0.4527
vn 0.6897 0.5621 0.4565
vn 0.6922 0.6587 0.2949
vn 0.6820 0.6840 0.2590
vn 0.6692 0.7425 0.0280
vn 0.6886 0.7251 -0.0080
vn 0.6458 0.4163 0.6401
vn 0.5478 0.4177 0.7249
vn 0.4529 0.3492 0.8203
vn 0.4692 0.2336 0.8516
vn 0.5825 0.3173 0.7484
vn 0.3708 0.1195 0.9210
vn 0.3715 0.2363 0.8979
vn 0.3372 0.0325 0.9409
vn 0.4701 0.1473 0.8702
vn 0.5880 0.2622 0.7652
vn 0.7072 0.6416 0.2970
vn 0.7473 0.6636 0.0341
vn 0.4280 0.2144 0.8780
vn 0.5754 0.2849 0.7667
vn 0.3176 0.1695 0.9329
vn 0.2649 0.1429 0.9536
vn 0.1474 0.2582 0.9548
vn 0.3003 0.3805 0.8747
vn 0.4309 0.4657 0.7730
vn 0.5070 0.5150 0.6912
vn -0.5857 -0.4730 -0.6582
vn -0.6263 -0.5191 -0.5817
vn -0.5263 -0.4461 -0.7239
vn -0.4515 -0.4278 -0.7831
vn -0.5732 -0.3969 -0.7169
vn -0.4775 -0.3339 -0.8127
vn -0.4738 -0.3561 -0.8055
vn -0.5784 -0.4220 -0.6981
vn -0.4361 -0.3253 -0.8390
vn -0.4635 -0.3544 -0.8121
vn -0.6724 -0.4876 -0.5569
vn -0.6840 -0.4770 -0.5519
vn -0.4697 -0.3864 -0.7938
vn -0.4852 -0.4011 -0.7770
vn -0.5374 -0.4066 -0.7388
vn -0.4593 -0.4052 -0.7905
vn -0.5476 -0.4124 -0.7280
vn -0.4726 -0.3510 -0.8083
vn -0.5703 -0.3763 -0.7301
vn -0.5380 -0.5017 -0.6774
vn -0.3907 -0.7693 -0.5055
vn -0.3292 -0.7183 -0.6129
vn -0.5172 -0.6129 -0.5974
vn -0.4367 -0.6102 -0.6610
vn -0.6422 -0.5709 -0.5116
vn -0.5428 -0.5931 -0.5946
vn -0.4862 -0.4700 -0.7367
vn -0.2170 -0.4121 -0.8849
vn -0.2212 -0.6096 -0.7612
vn -0.4412 -0.7056 -0.5546
vn -0.4607 -0.4898 -0.7401
vn -0.4636 -0.4390 -0.7697
vn -0.6675 -0.4950 -0.5563
vn -0.6772 -0.5357 -0.5045
vn 0.7982 0.4120 0.4394
vn 0.8646 0.3569 0.3537
vn 0.9530 0.2822 0.1105
vn 0.9182 0.3350 0.2113
vn 0.9111 0.3451 0.2254
vn 0.9420 0.3181 0.1071
vn -0.2620 -0.3589 -0.8959
vn -0.5343 -0.4646 -0.7062
vn -0.4526 -0.3413 -0.8238
vn 0.7907 0.4223 0.4432
vn 0.7725 0.4503 0.4476
vn 0.8819 0.4003 0.2489
vn 0.8994 0.3863 0.2047
vn 0.9259 0.3680 0.0854
vn 0.9285 0.3711 0.0093
vn 0.6785 0.4413 0.5873
vn 0.7082 0.4071 0.5768
vn 0.5335 0.5818 0.6139
vn 0.2721 0.5590 0.7832
vn -0.0995 0.5574 0.8243
vn 0.0206 0.6032 0.7973
vn 0.6581 0.4796 0.5804
vn 0.8400 0.4456 0.3096
vn 0.9337 0.3406 0.1105
vn 0.8070 0.3981 0.4361
vn 0.9543 0.2886 -0.0777
vn -0.9196 -0.3457 0.1867
vn -0.9015 -0.4100 -0.1383
vn -0.8230 -0.5675 0.0239
vn -0.7763 -0.5367 0.3306
vn -0.8381 -0.5357 -0.1026
vn -0.8992 -0.3766 -0.2229
vn -0.8506 -0.5241 -0.0428
vn -0.8474 -0.5059 0.1614
vn -0.9473 -0.2412 -0.2110
vn -0.9213 -0.2889 -0.2601
vn -0.9934 -0.0932 0.0667
vn -0.6439 -0.5264 -0.5552
vn -0.9130 -0.3886 -0.1241
vn -0.6864 -0.6560 -0.3137
vn -0.7564 -0.6045 -0.2499
vn -0.8361 -0.4133 -0.3606
vn -0.9310 -0.2885 0.2235
vn 0.7444 0.3551 0.5655
vn 0.7864 0.3790 0.4878
vn 0.7760 0.4286 0.4628
vn 0.7060 0.4463 0.5499
vn 0.7419 0.3371 0.5797
vn 0.7472 0.3941 0.5352
vn -0.8251 -0.3257 -0.4616
vn 0.6962 0.4448 0.5635
vn 0.6816 0.4020 0.6114
vn 0.6361 0.4384 0.6349
vn 0.5872 0.5328 0.6094
vn 0.6559 0.5322 0.5354
vn 0.6892 0.3107 0.6546
vn 0.6673 0.3541 0.6552
vn 0.7365 0.4936 0.4625
vn -0.6598 -0.4420 -0.6077
vn -0.6836 -0.4895 -0.5415
vn -0.6654 -0.4510 -0.5949
vn -0.6525 -0.4273 -0.6258
vn -0.6596 -0.5148 -0.5476
vn -0.6622 -0.5075 -0.5513
vn 0.6629 0.3433 0.6653
vn -0.6637 -0.4600 -0.5898
vn -0.6931 -0.4662 -0.5499
vn -0.6141 -0.4194 -0.6686
vn -0.5913 -0.4133 -0.6925
vn -0.6177 -0.4178 -0.6662
vn -0.6304 -0.4681 -0.6193
vn -0.6318 -0.4129 -0.6560
vn -0.6248 -0.4313 -0.6508
vn -0.6589 -0.4579 -0.5968
vn 0.4794 -0.3257 0.8149
vn 0.4990 -0.4444 0.7440
vn 0.6277 -0.4108 0.6613
vn 0.3719 -0.2768 0.8860
vn 0.5507 -0.4791 0.6835
vn 0.4084 -0.5061 0.7596
vn 0.4074 -0.1538 0.9002
vn 0.3976 -0.2941 0.8691
vn 0.3377 -0.4864 0.8058
vn 0.5965 -0.5435 0.5906
vn 0.6155 -0.6640 0.4246
vn 0.5027 -0.7514 0.4275
vn 0.4796 -0.6513 0.5880
vn 0.6476 -0.4745 0.5962
vn 0.7367 -0.2981 0.6070
vn 0.2994 -0.4374 0.8480
vn 0.2743 -0.4081 0.8708
vn 0.3971 -0.1793 0.9001
vn 0.4102 -0.0450 0.9109
vn 0.4034 -0.0039 0.9150
vn 0.3444 -0.0902 0.9345
vn 0.3111 -0.0001 0.9504
vn 0.2161 -0.1894 0.9578
vn 0.1561 0.0035 0.9877
vn 0.2925 -0.3685 0.8824
vn 0.3089 0.0041 0.9511
vn 0.5155 -0.4525 0.7277
vn 0.0447 0.6133 0.7886
vn 0.1264 0.1516 0.9803
vn 0.2024 0.1387 0.9694
vn 0.0639 0.6341 0.7706
vn 0.2847 -0.3363 0.8977
vn 0.1715 -0.2735 0.9465
vn 0.1890 0.1099 0.9758
vn 0.1427 -0.3143 0.9385
vn 0.1714 0.5853 0.7925
vn -0.0385 0.8762 0.4803
vn -0.0677 0.8880 0.4548
vn 0.1140 0.8251 0.5534
vn 0.1353 -0.5419 0.8295
vn 0.3530 -0.1638 0.9212
vn 0.2239 -0.3980 0.8897
vn 0.1243 -0.5742 0.8092
vn 0.3964 0.3718 0.8394
vn 0.4406 0.3229 0.8376
vn 0.4383 0.4329 0.7877
vn 0.4732 0.3839 0.7929
vn 0.3548 -0.4947 0.7933
vn 0.4630 0.0193 0.8861
vn 0.4180 0.0634 0.9062
vn 0.4604 0.3469 0.8171
vn 0.3037 -0.5822 0.7542
vn 0.4769 0.1428 0.8673
vn 0.4919 0.3640 0.7909
vn 0.2896 0.0246 0.9568
vn 0.1745 -0.1342 0.9755
vn 0.2011 -0.0864 0.9758
vn 0.1003 -0.1947 0.9757
vn 0.6809 0.7245 0.1069
vn 0.7889 0.6013 0.1270
vn 0.6503 0.4964 0.5750
vn 0.6938 0.3399 0.6349
vn -0.0569 0.0074 0.9984
vn 0.2352 0.3144 0.9197
vn 0.3628 0.0496 0.9306
vn 0.5356 0.6805 0.5000
vn 0.0998 0.0731 0.9923
vn 0.3650 -0.0677 0.9286
vn 0.6017 0.7902 0.1165
vn -0.5217 -0.3209 0.7905
vn -0.1232 -0.0088 0.9923
vn -0.1902 0.2850 0.9395
vn -0.6971 -0.0662 0.7139
vn -0.8182 0.2294 0.5271
vn -0.3456 0.5038 0.7917
vn 0.1503 0.6113 0.7770
vn 0.2738 0.4964 0.8238
vn 0.6741 0.5679 0.4723
vn 0.6080 0.6121 0.5056
vn 0.7848 0.3321 0.5232
vn 0.3771 0.2639 0.8878
vn 0.9341 0.3327 0.1299
vn 0.8611 0.4784 0.1722
vn 0.8553 0.4589 0.2406
vn -0.4552 -0.7914 -0.4080
vn -0.1736 -0.9521 -0.2518
vn -0.0356 -0.8271 -0.5609
vn -0.4076 -0.6842 -0.6047
vn -0.3983 -0.5650 -0.7226
vn -0.3833 -0.5757 -0.7223
vn -0.2823 -0.5904 -0.7562
vn -0.2021 -0.5942 -0.7785
vn -0.9214 -0.3802 -0.0804
vn -0.9013 -0.4296 -0.0558
vn -0.7220 -0.5378 -0.4354
vn -0.7288 -0.5289 -0.4348
vn -0.9434 -0.2043 0.2612
vn -0.9269 -0.2346 0.2929
vn -0.7545 0.0517 0.6542
vn -0.7679 0.0552 0.6382
vn -0.4497 0.2625 0.8537
vn -0.4703 0.2900 0.8335
vn -0.1704 0.4117 0.8952
vn -0.0997 0.3421 0.9344
vn 0.7407 0.4905 0.4590
vn 0.7115 0.5645 0.4184
vn 0.2831 0.5350 0.7960
vn 0.3157 0.4417 0.8398
vn 0.9134 0.3976 0.0869
vn 0.8851 0.4618 0.0576
vn 0.8730 0.4814 0.0781
vn 0.8906 0.4367 0.1268
vn 0.7077 0.5753 0.4101
vn 0.6681 0.5636 0.4858
vn 0.8370 -0.1624 0.5225
vn 0.9105 0.0021 0.4134
vn 0.8582 0.3913 0.3321
vn 0.7749 0.5555 0.3015
vn 0.2591 -0.9625 0.0802
vn 0.5727 -0.8181 -0.0525
vn -0.4022 -0.6325 -0.6620
vn -0.4071 -0.6053 -0.6840
vn -0.0583 -0.6162 -0.7854
vn -0.0021 -0.6163 -0.7875
vn 0.2798 -0.6857 -0.6720
vn 0.4133 -0.5508 -0.7252
vn -0.7200 -0.5672 -0.3998
vn -0.7383 -0.5404 -0.4036
vn -0.9136 -0.4005 -0.0698
vn -0.8903 -0.4504 -0.0670
vn -0.8974 -0.2834 0.3383
vn -0.9235 -0.2284 0.3082
vn -0.7344 -0.0100 0.6787
vn -0.7024 -0.0952 0.7054
vn -0.3596 0.0640 0.9309
vn -0.3869 0.1882 0.9027
vn 0.0703 0.1843 0.9804
vn -0.0241 0.2675 0.9633
vn 0.7716 0.1905 0.6069
vn 0.7515 0.3053 0.5848
vn 0.3451 0.2816 0.8953
vn 0.4663 0.2234 0.8559
vn -0.2779 -0.7281 -0.6266
vn -0.6037 -0.6856 -0.4068
vn -0.3828 -0.8976 -0.2187
vn -0.0393 -0.9225 -0.3839
vn -0.6242 -0.7809 -0.0245
vn -0.8118 -0.5790 -0.0755
vn -0.5745 -0.7669 0.2860
vn -0.8247 -0.4607 0.3280
vn -0.5016 -0.6054 0.6179
vn -0.6332 -0.3186 0.7053
vn 0.9899 0.0097 -0.1416
vn 0.9850 0.1415 0.0988
vn 0.9534 0.2437 0.1778
vn 0.9723 0.1216 0.1996
vn -0.1401 -0.6647 0.7338
vn -0.2746 -0.2350 0.9324
vn 0.2643 -0.6444 0.7176
vn 0.1749 -0.1564 0.9721
vn 0.2115 -0.9635 0.1641
vn -0.2110 -0.9484 0.2367
vn 0.6923 -0.5532 -0.4633
vn 0.7801 -0.6200 -0.0845
vn 0.5555 -0.8305 0.0412
vn 0.3511 -0.8200 -0.4520
vn 0.6187 -0.5425 0.5682
vn 0.8751 -0.3676 0.3147
vn 0.5858 -0.0194 0.8102
vn 0.8448 0.0448 0.5332
vn 0.9202 -0.3046 -0.2458
vn 0.7856 -0.4078 -0.4653
vn 0.7002 -0.6599 -0.2726
vn 0.9460 -0.3172 0.0674
vn 0.5171 -0.5191 -0.6806
vn 0.1480 -0.6677 -0.7296
vn 0.9683 -0.1563 -0.1949
vn 0.9592 -0.1620 -0.2316
vn 0.8839 -0.3038 -0.3555
vn 0.9141 -0.1271 -0.3851
vn 0.9810 -0.0225 -0.1927
vn 0.8531 -0.2512 -0.4572
vn 0.7561 -0.4049 -0.5141
vn 0.8624 -0.4487 -0.2345
vn 0.9812 -0.1921 0.0207
vn 0.9836 0.0398 0.1757
vn 0.3218 0.3085 0.8952
vn 0.4036 0.1772 0.8976
vn 0.3118 0.4485 0.8376
vn 0.2414 0.5766 0.7805
vn 0.4023 0.3032 0.8638
vn 0.4097 0.1536 0.8992
vn 0.4117 0.0392 0.9105
vn 0.3564 0.0656 0.9320
vn 0.3468 0.0877 0.9338
vn 0.2210 0.1874 0.9571
vn 0.2932 0.3663 0.8831
vn 0.3765 0.2715 0.8858
vn -0.6337 -0.5764 -0.5160
vn -0.4206 -0.7534 -0.5055
vn -0.1704 -0.7946 -0.5827
vn -0.4609 -0.6684 -0.5838
vn -0.2883 -0.8220 -0.4911
vn -0.7213 -0.6121 -0.3241
vn -0.6999 -0.4589 -0.5473
vn -0.4881 -0.6132 -0.6211
vn -0.4673 -0.5226 -0.7131
vn -0.6629 -0.3696 -0.6511
vn 0.1901 -0.4772 -0.8580
vn -0.0717 -0.5249 -0.8481
vn 0.0212 -0.5219 -0.8527
vn 0.1952 -0.4842 -0.8529
vn 0.1551 -0.5341 -0.8311
vn 0.1727 -0.4885 -0.8553
vn -0.2598 -0.6410 -0.7222
vn -0.0358 -0.7477 -0.6631
vn 0.3086 -0.5406 -0.7827
vn 0.1484 -0.5099 -0.8473
vn 0.4516 -0.5279 -0.7193
vn 0.1300 -0.5322 -0.8366
vn -0.2213 -0.5261 -0.8211
vn -0.3422 -0.5227 -0.7808
vn -0.2693 -0.5175 -0.8122
vn -0.3196 -0.5177 -0.7936
vn -0.3096 -0.4965 -0.8110
vn -0.3098 -0.4921 -0.8136
vn -0.3279 -0.4642 -0.8228
vn -0.3107 -0.4491 -0.8377
vn -0.3204 -0.4299 -0.8441
vn -0.3213 -0.4107 -0.8533
vn -0.4540 -0.4877 -0.7457
vn -0.5445 -0.4476 -0.7094
vn -0.3997 -0.4725 -0.7855
vn -0.5011 -0.4272 -0.7526
vn -0.3715 -0.4607 -0.8061
vn -0.4823 -0.4316 -0.7623
vn -0.3755 -0.4393 -0.8161
vn -0.4808 -0.4308 -0.7637
vn -0.3998 -0.4180 -0.8157
vn -0.4923 -0.4242 -0.7601
vn -0.4596 -0.3515 -0.8156
vn -0.4050 -0.3316 -0.8520
vn -0.3832 -0.4191 -0.8231
vn -0.4553 -0.4350 -0.7768
vn -0.3373 -0.3133 -0.8877
vn -0.2977 -0.3925 -0.8702
vn -0.5018 -0.4363 -0.7469
vn -0.5011 -0.3727 -0.7811
vn -0.5295 -0.4291 -0.7318
vn -0.5329 -0.3872 -0.7524
vn -0.1669 -0.3568 -0.9192
vn 0.0724 -0.2937 -0.9531
vn 0.4835 -0.1281 -0.8659
vn 0.5800 -0.1060 -0.8077
vn 0.3756 -0.1961 -0.9058
vn 0.8422 0.0769 -0.5336
vn 0.6951 -0.0352 -0.7180
vn 0.6368 -0.0667 -0.7681
vn 0.8353 0.0748 -0.5447
vn 0.0335 -0.3867 -0.9216
vn -0.0225 -0.5036 -0.8636
vn 0.4457 -0.4992 -0.7431
vn 0.5923 -0.0621 -0.8033
vn 0.8042 0.1258 -0.5809
vn 0.8828 0.4235 0.2034
vn 0.2034 0.4657 0.8612
vn 0.8787 0.3839 0.2839
vn 0.2651 0.3601 0.8944
vn 0.8884 0.4146 0.1971
vn 0.3929 0.3615 0.8456
vn 0.5356 0.3306 0.7771
vn 0.3675 0.3345 0.8678
vn 0.3690 0.2520 0.8946
vn 0.5264 0.2663 0.8075
vn 0.1771 0.3478 0.9207
vn 0.2223 0.2467 0.9433
vn 0.0048 0.3657 0.9307
vn 0.1017 0.2686 0.9579
vn 0.1833 0.2485 0.9511
vn 0.2385 0.2348 0.9423
vn 0.6678 0.3302 0.6671
vn 0.6932 0.3754 0.6153
vn 0.6518 0.3461 0.6748
vn 0.6359 0.2855 0.7170
vn 0.3602 0.2657 0.8942
vn 0.6428 0.3474 0.6827
vn 0.6535 0.4206 0.6293
vn 0.5482 0.4608 0.6980
vn 0.6187 0.3792 0.6881
vn 0.5292 0.4054 0.7454
vn 0.6209 0.3507 0.7011
vn 0.5744 0.3254 0.7511
vn 0.6530 0.3296 0.6819
vn 0.6395 0.3422 0.6884
vn 0.6297 0.2636 0.7308
vn 0.3790 0.4228 0.8232
vn 0.3838 0.5202 0.7630
vn 0.4244 0.4888 0.7622
vn 0.4222 0.4093 0.8089
vn 0.6592 0.2379 0.7133
vn 0.6996 0.2638 0.6641
vn 0.7354 0.1375 0.6635
vn 0.7066 0.1722 0.6864
vn 0.5550 0.4777 0.6810
vn 0.1218 0.5821 0.8039
vn 0.6870 0.4015 0.6056
vn 0.6847 0.4260 0.5913
vn 0.4721 0.5349 0.7007
vn 0.0329 0.5824 0.8122
vn 0.3190 0.3664 0.8741
vn 0.3962 0.4705 0.7885
vn 0.2391 0.5498 0.8003
vn 0.2546 0.5575 0.7902
vn 0.2918 0.5438 0.7868
vn 0.4862 0.4324 0.7594
vn 0.5731 0.4198 0.7038
vn 0.3650 0.5670 0.7384
vn 0.4079 0.0206 0.9128
vn 0.5189 0.2509 0.8172
vn 0.3962 0.0490 0.9169
vn 0.3488 -0.2944 0.8898
vn -0.0139 0.6033 0.7974
vn -0.0010 0.5513 0.8343
vn 0.4275 0.5524 0.7156
vn 0.6416 0.4200 0.6419
vn -0.4524 0.4992 0.7390
vn -0.4396 0.5110 0.7387
vn -0.4398 0.4890 0.7533
vn -0.3667 0.3351 0.8679
vn -0.3543 0.2967 0.8868
vn -0.3646 0.5033 0.7834
vn -0.3438 0.4820 0.8059
vn -0.3310 0.3948 0.8571
vn -0.3097 0.4871 0.8166
vn -0.3223 0.4251 0.8458
vn -0.1453 0.5617 0.8145
vn -0.6673 0.4053 0.6248
vn -0.1713 0.4995 0.8492
vn -0.7326 0.2971 0.6124
vn -0.2275 0.4324 0.8725
vn -0.7120 0.2678 0.6492
vn -0.2643 0.4479 0.8541
vn -0.6588 0.2637 0.7046
vn -0.8280 -0.3993 -0.3936
vn -0.8314 -0.3530 -0.4292
vn -0.9926 -0.1009 -0.0678
vn -0.9868 -0.1612 -0.0136
vn -0.2542 0.4595 0.8510
vn -0.6022 0.2676 0.7521
vn -0.0117 -0.8107 -0.5853
vn -0.1970 -0.8051 -0.5594
vn -0.9137 -0.3468 -0.2121
vn -0.9718 -0.0803 0.2216
vn -0.9365 -0.0825 0.3409
vn -0.9225 -0.3742 -0.0944
vn -0.9879 -0.1449 -0.0549
vn -0.9979 -0.0632 -0.0133
vn -0.9286 -0.2311 -0.2902
vn -0.8736 -0.3539 -0.3341
vn -0.8607 -0.4007 -0.3140
vn -0.9865 -0.1298 0.0994
vn -0.8422 -0.4245 -0.3324
vn -0.9594 -0.2649 -0.0967
vn -0.8424 -0.4358 -0.3169
vn -0.9419 -0.3182 -0.1071
vn -0.8243 -0.5092 -0.2474
vn -0.9273 -0.3585 -0.1079
vn -0.5898 -0.7892 -0.1714
vn -0.9937 -0.0319 0.1076
vn -0.9982 -0.0002 0.0592
vn -0.9893 -0.1252 0.0749
vn -0.9948 -0.0547 0.0855
vn -0.9800 -0.1867 0.0695
vn -0.9871 -0.1414 0.0747
vn -0.9716 -0.2272 0.0662
vn -0.6275 -0.6431 0.4389
vn -0.9806 -0.1879 0.0560
vn -0.9964 -0.0849 0.0027
vn -0.8487 -0.5065 -0.1523
vn -0.8050 -0.4849 -0.3417
vn -0.9912 -0.1194 -0.0571
vn -0.9638 -0.2306 -0.1340
vn -0.9949 -0.0664 0.0757
vn -0.9875 -0.1577 -0.0022
vn -0.5760 -0.4266 -0.6973
vn -0.5772 -0.4211 -0.6997
vn -0.5611 -0.4065 -0.7211
vn -0.5766 -0.3987 -0.7131
vn -0.5473 -0.4113 -0.7289
vn -0.5570 -0.3973 -0.7293
vn -0.5314 -0.4172 -0.7373
vn -0.5395 -0.4075 -0.7368
vn -0.5615 -0.3940 -0.7277
vn -0.5567 -0.4230 -0.7149
vn -0.5247 -0.4241 -0.7382
vn 0.5752 0.4825 0.6605
vn 0.6290 0.4410 0.6402
vn 0.4700 0.5349 0.7021
vn 0.5041 0.4816 0.7169
vn -0.4770 -0.3529 -0.8049
vn -0.5105 -0.3724 -0.7751
vn -0.5401 -0.3861 -0.7478
vn -0.5209 -0.4001 -0.7540
vn 0.4316 0.5408 0.7220
vn 0.4318 0.4606 0.7755
vn 0.6269 0.3018 0.7183
vn 0.6422 0.3550 0.6794
vn 0.5150 0.3789 0.7689
vn 0.4939 0.3167 0.8098
vn 0.5049 -0.4148 0.7569
vn 0.5356 -0.3925 0.7478
vn 0.5108 0.1884 0.8388
vn 0.4568 -0.0146 0.8895
vn 0.4345 0.1197 0.8927
vn 0.6815 -0.0213 0.7315
vn 0.7002 0.0475 0.7124
vn 0.4471 0.2335 0.8635
vn 0.5960 0.2819 0.7519
vn 0.4606 0.3463 0.8173
vn 0.2663 0.1605 0.9504
vn 0.3376 0.2372 0.9109
vn 0.4261 0.1973 0.8829
vn 0.5469 0.2178 0.8084
vn 0.4985 0.2238 0.8375
vn 0.3966 0.3195 0.8606
vn 0.4016 0.2819 0.8713
vn 0.4876 0.2969 0.8210
vn 0.9976 -0.0188 0.0666
vn 0.2548 -0.7936 -0.5525
# 3448 vertex normals

vt 0.0000 0.0000 0.0000
# 1 texture coords

o Ala_izquierda
g Ala_izquierda
usemtl 17174_Tiamat_new__17174_Tiamat_v1default
s 1
f 1/1/1 2/1/2 3/1/3 4/1/4 
f 5/1/5 3/1/3 2/1/2 6/1/6 
f 7/1/7 8/1/8 3/1/3 5/1/5 
f 4/1/4 3/1/3 8/1/8 9/1/9 
f 10/1/10 11/1/11 12/1/12 13/1/13 
f 5/1/5 12/1/12 11/1/11 7/1/7 
f 6/1/6 14/1/14 12/1/12 5/1/5 
f 13/1/13 12/1/12 14/1/14 15/1/15 
f 16/1/16 17/1/17 18/1/18 19/1/19 
f 18/1/18 17/1/17 20/1/20 
f 15/1/15 14/1/14 18/1/18 21/1/21 
f 19/1/19 18/1/18 14/1/14 6/1/6 
f 22/1/22 23/1/23 24/1/24 25/1/25 
f 16/1/16 19/1/19 23/1/23 22/1/22 
f 6/1/6 2/1/2 23/1/23 19/1/19 
f 24/1/24 23/1/23 2/1/2 1/1/1 
f 26/1/26 27/1/27 28/1/28 29/1/29 
f 30/1/30 28/1/28 27/1/27 31/1/31 
f 32/1/32 33/1/33 28/1/28 30/1/30 
f 29/1/29 28/1/28 33/1/33 34/1/34 
f 25/1/25 35/1/35 36/1/36 22/1/22 
f 30/1/30 36/1/36 35/1/35 32/1/32 
f 31/1/31 37/1/37 36/1/36 30/1/30 
f 22/1/22 36/1/36 37/1/37 16/1/16 
f 38/1/38 39/1/39 40/1/40 
f 38/1/38 41/1/41 42/1/42 
f 43/1/43 44/1/44 38/1/38 45/1/45 
f 44/1/44 46/1/46 39/1/39 
f 47/1/47 43/1/43 45/1/45 
f 48/1/48 49/1/49 50/1/50 51/1/51 
f 40/1/40 39/1/39 50/1/50 
f 52/1/52 50/1/50 39/1/39 46/1/46 
f 51/1/51 50/1/50 52/1/52 
f 53/1/53 48/1/48 51/1/51 
f 54/1/54 49/1/49 48/1/48 
f 55/1/55 40/1/40 49/1/49 
f 40/1/40 55/1/55 56/1/56 41/1/41 
f 57/1/57 58/1/58 59/1/59 60/1/60 
f 61/1/61 59/1/59 58/1/58 62/1/62 
f 63/1/63 64/1/64 59/1/59 61/1/61 
f 60/1/60 59/1/59 64/1/64 65/1/65 
f 66/1/66 67/1/67 68/1/68 69/1/69 
f 70/1/70 68/1/68 67/1/67 71/1/71 
f 70/1/70 65/1/65 72/1/72 68/1/68 
f 72/1/72 73/1/73 69/1/69 68/1/68 
f 74/1/74 75/1/75 76/1/76 77/1/77 
f 72/1/72 76/1/76 75/1/75 73/1/73 
f 65/1/65 64/1/64 76/1/76 72/1/72 
f 77/1/77 76/1/76 64/1/64 63/1/63 
f 78/1/78 79/1/79 80/1/80 81/1/81 
f 61/1/61 80/1/80 79/1/79 63/1/63 
f 62/1/62 82/1/82 80/1/80 61/1/61 
f 81/1/81 80/1/80 82/1/82 83/1/83 
f 84/1/84 85/1/85 86/1/86 87/1/87 
f 88/1/88 86/1/86 85/1/85 89/1/89 
f 90/1/90 91/1/91 86/1/86 88/1/88 
f 87/1/87 86/1/86 91/1/91 92/1/92 
f 20/1/20 93/1/93 94/1/94 21/1/21 
f 95/1/95 94/1/94 93/1/93 96/1/96 
f 97/1/97 98/1/98 94/1/94 95/1/95 
f 21/1/21 94/1/94 98/1/98 15/1/15 
f 99/1/99 100/1/100 101/1/101 102/1/102 
f 100/1/100 103/1/103 104/1/104 
f 97/1/97 95/1/95 101/1/101 104/1/104 
f 102/1/102 101/1/101 95/1/95 96/1/96 
f 98/1/98 97/1/97 105/1/105 106/1/106 
f 107/1/107 106/1/106 105/1/105 108/1/108 
f 10/1/10 13/1/13 106/1/106 107/1/107 
f 98/1/98 106/1/106 13/1/13 15/1/15 
f 109/1/109 104/1/104 103/1/103 
f 110/1/110 109/1/109 111/1/111 112/1/112 
f 108/1/108 105/1/105 109/1/109 110/1/110 
f 105/1/105 97/1/97 104/1/104 109/1/109 
f 16/1/16 37/1/37 113/1/113 17/1/17 
f 114/1/114 113/1/113 37/1/37 31/1/31 
f 115/1/115 116/1/116 113/1/113 114/1/114 
f 116/1/116 20/1/20 17/1/17 
f 20/1/20 116/1/116 117/1/117 93/1/93 
f 118/1/118 117/1/117 116/1/116 115/1/115 
f 119/1/119 120/1/120 117/1/117 118/1/118 
f 93/1/93 117/1/117 120/1/120 96/1/96 
f 121/1/121 102/1/102 96/1/96 
f 122/1/122 121/1/121 120/1/120 119/1/119 
f 123/1/123 124/1/124 121/1/121 122/1/122 
f 124/1/124 99/1/99 102/1/102 
f 31/1/31 27/1/27 125/1/125 114/1/114 
f 126/1/126 125/1/125 27/1/27 26/1/26 
f 127/1/127 128/1/128 125/1/125 126/1/126 
f 114/1/114 125/1/125 128/1/128 115/1/115 
f 129/1/129 130/1/130 131/1/131 132/1/132 
f 133/1/133 131/1/131 130/1/130 134/1/134 
f 135/1/135 136/1/136 131/1/131 133/1/133 
f 132/1/132 131/1/131 136/1/136 137/1/137 
f 138/1/138 139/1/139 140/1/140 
f 133/1/133 141/1/141 140/1/140 135/1/135 
f 133/1/133 134/1/134 142/1/142 141/1/141 
f 143/1/143 138/1/138 141/1/141 142/1/142 
f 144/1/144 145/1/145 146/1/146 
f 147/1/147 144/1/144 148/1/148 149/1/149 
f 150/1/150 151/1/151 144/1/144 147/1/147 
f 145/1/145 144/1/144 151/1/151 129/1/129 
f 152/1/152 153/1/153 75/1/75 74/1/74 
f 152/1/152 154/1/154 155/1/155 
f 153/1/153 155/1/155 156/1/156 
f 75/1/75 153/1/153 157/1/157 73/1/73 
f 158/1/158 159/1/159 160/1/160 161/1/161 
f 162/1/162 160/1/160 159/1/159 163/1/163 
f 164/1/164 160/1/160 162/1/162 165/1/165 
f 166/1/166 161/1/161 160/1/160 164/1/164 
f 163/1/163 167/1/167 168/1/168 162/1/162 
f 169/1/169 168/1/168 167/1/167 170/1/170 
f 171/1/171 172/1/172 168/1/168 169/1/169 
f 162/1/162 168/1/168 172/1/172 165/1/165 
f 173/1/173 174/1/174 175/1/175 176/1/176 
f 177/1/177 175/1/175 174/1/174 178/1/178 
f 179/1/179 180/1/180 175/1/175 177/1/177 
f 176/1/176 175/1/175 180/1/180 181/1/181 
f 182/1/182 183/1/183 184/1/184 185/1/185 
f 176/1/176 184/1/184 183/1/183 173/1/173 
f 181/1/181 186/1/186 184/1/184 176/1/176 
f 185/1/185 184/1/184 186/1/186 187/1/187 
f 188/1/188 189/1/189 190/1/190 191/1/191 
f 192/1/192 193/1/193 191/1/191 190/1/190 
f 185/1/185 191/1/191 193/1/193 182/1/182 
f 185/1/185 187/1/187 188/1/188 191/1/191 
f 154/1/154 194/1/194 195/1/195 155/1/155 
f 196/1/196 195/1/195 194/1/194 197/1/197 
f 198/1/198 199/1/199 195/1/195 196/1/196 
f 199/1/199 156/1/156 155/1/155 
f 200/1/200 201/1/201 202/1/202 203/1/203 
f 196/1/196 202/1/202 201/1/201 198/1/198 
f 197/1/197 204/1/204 202/1/202 196/1/196 
f 203/1/203 202/1/202 204/1/204 205/1/205 
f 206/1/206 207/1/207 208/1/208 209/1/209 
f 210/1/210 208/1/208 207/1/207 211/1/211 
f 89/1/89 85/1/85 208/1/208 210/1/210 
f 209/1/209 208/1/208 85/1/85 84/1/84 
f 211/1/211 212/1/212 213/1/213 210/1/210 
f 214/1/214 213/1/213 212/1/212 215/1/215 
f 216/1/216 217/1/217 213/1/213 214/1/214 
f 210/1/210 213/1/213 217/1/217 89/1/89 
f 215/1/215 218/1/218 219/1/219 214/1/214 
f 220/1/220 219/1/219 218/1/218 221/1/221 
f 222/1/222 223/1/223 219/1/219 220/1/220 
f 214/1/214 219/1/219 223/1/223 216/1/216 
f 221/1/221 224/1/224 225/1/225 220/1/220 
f 226/1/226 225/1/225 224/1/224 227/1/227 
f 228/1/228 229/1/229 225/1/225 226/1/226 
f 220/1/220 225/1/225 229/1/229 222/1/222 
f 230/1/230 231/1/231 232/1/232 
f 233/1/233 234/1/234 230/1/230 
f 235/1/235 230/1/230 234/1/234 236/1/236 
f 235/1/235 237/1/237 231/1/231 
f 238/1/238 239/1/239 240/1/240 241/1/241 
f 242/1/242 240/1/240 239/1/239 243/1/243 
f 244/1/244 245/1/245 240/1/240 242/1/242 
f 241/1/241 240/1/240 245/1/245 246/1/246 
f 247/1/247 248/1/248 249/1/249 250/1/250 
f 251/1/251 249/1/249 248/1/248 252/1/252 
f 253/1/253 254/1/254 249/1/249 251/1/251 
f 250/1/250 249/1/249 254/1/254 255/1/255 
f 256/1/256 257/1/257 258/1/258 259/1/259 
f 260/1/260 258/1/258 257/1/257 261/1/261 
f 262/1/262 263/1/263 258/1/258 260/1/260 
f 259/1/259 258/1/258 263/1/263 264/1/264 
f 265/1/265 266/1/266 267/1/267 268/1/268 
f 269/1/269 267/1/267 266/1/266 270/1/270 
f 252/1/252 248/1/248 267/1/267 269/1/269 
f 268/1/268 267/1/267 248/1/248 247/1/247 
f 271/1/271 272/1/272 273/1/273 274/1/274 
f 275/1/275 273/1/273 272/1/272 276/1/276 
f 277/1/277 273/1/273 275/1/275 278/1/278 
f 274/1/274 273/1/273 277/1/277 143/1/143 
f 170/1/170 279/1/279 280/1/280 169/1/169 
f 281/1/281 280/1/280 279/1/279 282/1/282 
f 283/1/283 280/1/280 281/1/281 284/1/284 
f 169/1/169 280/1/280 283/1/283 171/1/171 
f 285/1/285 286/1/286 287/1/287 288/1/288 
f 289/1/289 287/1/287 286/1/286 290/1/290 
f 287/1/287 289/1/289 200/1/200 
f 203/1/203 205/1/205 288/1/288 
f 291/1/291 292/1/292 293/1/293 294/1/294 
f 250/1/250 293/1/293 292/1/292 247/1/247 
f 255/1/255 295/1/295 293/1/293 250/1/250 
f 294/1/294 293/1/293 295/1/295 296/1/296 
f 297/1/297 298/1/298 299/1/299 300/1/300 
f 301/1/301 299/1/299 298/1/298 302/1/302 
f 112/1/112 111/1/111 299/1/299 301/1/301 
f 300/1/300 299/1/299 111/1/111 103/1/103 
f 211/1/211 207/1/207 303/1/303 304/1/304 
f 305/1/305 303/1/303 207/1/207 206/1/206 
f 302/1/302 298/1/298 303/1/303 305/1/305 
f 304/1/304 303/1/303 298/1/298 297/1/297 
f 306/1/306 307/1/307 308/1/308 309/1/309 
f 300/1/300 308/1/308 307/1/307 297/1/297 
f 103/1/103 100/1/100 308/1/308 300/1/300 
f 309/1/309 308/1/308 100/1/100 99/1/99 
f 215/1/215 212/1/212 310/1/310 311/1/311 
f 304/1/304 310/1/310 212/1/212 211/1/211 
f 297/1/297 307/1/307 310/1/310 304/1/304 
f 311/1/311 310/1/310 307/1/307 306/1/306 
f 312/1/312 313/1/313 314/1/314 
f 309/1/309 312/1/312 315/1/315 306/1/306 
f 99/1/99 124/1/124 312/1/312 309/1/309 
f 313/1/313 312/1/312 124/1/124 123/1/123 
f 221/1/221 218/1/218 316/1/316 317/1/317 
f 311/1/311 316/1/316 218/1/218 215/1/215 
f 306/1/306 315/1/315 316/1/316 311/1/311 
f 317/1/317 316/1/316 315/1/315 314/1/314 
f 318/1/318 319/1/319 320/1/320 321/1/321 
f 313/1/313 320/1/320 319/1/319 314/1/314 
f 123/1/123 322/1/322 320/1/320 313/1/313 
f 321/1/321 320/1/320 322/1/322 323/1/323 
f 227/1/227 224/1/224 324/1/324 325/1/325 
f 317/1/317 324/1/324 224/1/224 221/1/221 
f 314/1/314 319/1/319 324/1/324 317/1/317 
f 325/1/325 324/1/324 319/1/319 318/1/318 
f 326/1/326 327/1/327 328/1/328 329/1/329 
f 330/1/330 328/1/328 327/1/327 331/1/331 
f 278/1/278 275/1/275 328/1/328 330/1/330 
f 329/1/329 328/1/328 275/1/275 276/1/276 
f 236/1/236 234/1/234 332/1/332 333/1/333 
f 234/1/234 233/1/233 334/1/334 
f 331/1/331 327/1/327 332/1/332 334/1/334 
f 333/1/333 332/1/332 327/1/327 326/1/326 
f 189/1/189 335/1/335 336/1/336 190/1/190 
f 337/1/337 336/1/336 335/1/335 338/1/338 
f 339/1/339 340/1/340 336/1/336 337/1/337 
f 190/1/190 336/1/336 340/1/340 192/1/192 
f 341/1/341 342/1/342 239/1/239 238/1/238 
f 337/1/337 342/1/342 341/1/341 339/1/339 
f 338/1/338 343/1/343 342/1/342 337/1/337 
f 239/1/239 342/1/342 343/1/343 243/1/243 
f 344/1/344 286/1/286 285/1/285 
f 294/1/294 344/1/344 345/1/345 291/1/291 
f 296/1/296 346/1/346 344/1/344 294/1/294 
f 286/1/286 344/1/344 346/1/346 290/1/290 
f 247/1/247 292/1/292 347/1/347 268/1/268 
f 348/1/348 347/1/347 292/1/292 291/1/291 
f 349/1/349 350/1/350 347/1/347 348/1/348 
f 268/1/268 347/1/347 350/1/350 265/1/265 
f 351/1/351 352/1/352 353/1/353 354/1/354 
f 355/1/355 353/1/353 352/1/352 356/1/356 
f 357/1/357 358/1/358 353/1/353 355/1/355 
f 354/1/354 353/1/353 358/1/358 359/1/359 
f 360/1/360 361/1/361 362/1/362 363/1/363 
f 364/1/364 362/1/362 361/1/361 365/1/365 
f 366/1/366 367/1/367 362/1/362 364/1/364 
f 363/1/363 362/1/362 367/1/367 368/1/368 
f 369/1/369 370/1/370 371/1/371 372/1/372 
f 373/1/373 371/1/371 370/1/370 374/1/374 
f 365/1/365 361/1/361 371/1/371 373/1/373 
f 372/1/372 371/1/371 361/1/361 360/1/360 
f 359/1/359 375/1/375 376/1/376 354/1/354 
f 377/1/377 376/1/376 375/1/375 378/1/378 
f 379/1/379 380/1/380 376/1/376 377/1/377 
f 354/1/354 376/1/376 380/1/380 351/1/351 
f 359/1/359 358/1/358 381/1/381 382/1/382 
f 383/1/383 381/1/381 358/1/358 357/1/357 
f 384/1/384 385/1/385 381/1/381 383/1/383 
f 385/1/385 386/1/386 382/1/382 
f 387/1/387 388/1/388 366/1/366 
f 389/1/389 387/1/387 390/1/390 391/1/391 
f 389/1/389 384/1/384 383/1/383 387/1/387 
f 388/1/388 387/1/387 383/1/383 357/1/357 
f 365/1/365 392/1/392 393/1/393 364/1/364 
f 394/1/394 393/1/393 392/1/392 395/1/395 
f 391/1/391 390/1/390 393/1/393 394/1/394 
f 364/1/364 393/1/393 390/1/390 366/1/366 
f 374/1/374 396/1/396 397/1/397 373/1/373 
f 398/1/398 397/1/397 396/1/396 399/1/399 
f 395/1/395 392/1/392 397/1/397 398/1/398 
f 373/1/373 397/1/397 392/1/392 365/1/365 
f 374/1/374 400/1/400 401/1/401 396/1/396 
f 402/1/402 401/1/401 400/1/400 378/1/378 
f 403/1/403 404/1/404 401/1/401 402/1/402 
f 396/1/396 401/1/401 404/1/404 399/1/399 
f 386/1/386 405/1/405 406/1/406 382/1/382 
f 405/1/405 403/1/403 402/1/402 
f 378/1/378 375/1/375 406/1/406 402/1/402 
f 382/1/382 406/1/406 375/1/375 359/1/359 
f 386/1/386 385/1/385 407/1/407 408/1/408 
f 409/1/409 407/1/407 385/1/385 384/1/384 
f 410/1/410 411/1/411 407/1/407 409/1/409 
f 408/1/408 407/1/407 411/1/411 412/1/412 
f 384/1/384 389/1/389 413/1/413 409/1/409 
f 389/1/389 391/1/391 414/1/414 413/1/413 
f 415/1/415 416/1/416 413/1/413 414/1/414 
f 409/1/409 413/1/413 416/1/416 410/1/410 
f 395/1/395 417/1/417 418/1/418 394/1/394 
f 419/1/419 418/1/418 417/1/417 420/1/420 
f 415/1/415 414/1/414 418/1/418 419/1/419 
f 394/1/394 418/1/418 414/1/414 391/1/391 
f 399/1/399 421/1/421 422/1/422 398/1/398 
f 423/1/423 422/1/422 421/1/421 424/1/424 
f 422/1/422 423/1/423 420/1/420 
f 398/1/398 422/1/422 417/1/417 395/1/395 
f 425/1/425 426/1/426 404/1/404 403/1/403 
f 427/1/427 428/1/428 426/1/426 425/1/425 
f 424/1/424 421/1/421 426/1/426 428/1/428 
f 404/1/404 426/1/426 421/1/421 399/1/399 
f 412/1/412 429/1/429 430/1/430 408/1/408 
f 425/1/425 430/1/430 429/1/429 427/1/427 
f 403/1/403 405/1/405 430/1/430 425/1/425 
f 405/1/405 386/1/386 408/1/408 
f 431/1/431 432/1/432 433/1/433 434/1/434 
f 435/1/435 436/1/436 433/1/433 432/1/432 
f 437/1/437 438/1/438 433/1/433 436/1/436 
f 434/1/434 433/1/433 438/1/438 439/1/439 
f 440/1/440 441/1/441 442/1/442 
f 443/1/443 440/1/440 444/1/444 445/1/445 
f 431/1/431 446/1/446 440/1/440 443/1/443 
f 441/1/441 440/1/440 446/1/446 447/1/447 
f 448/1/448 449/1/449 450/1/450 451/1/451 
f 449/1/449 452/1/452 453/1/453 450/1/450 
f 445/1/445 444/1/444 450/1/450 453/1/453 
f 451/1/451 450/1/450 444/1/444 442/1/442 
f 448/1/448 454/1/454 455/1/455 449/1/449 
f 456/1/456 455/1/455 454/1/454 457/1/457 
f 458/1/458 459/1/459 455/1/455 456/1/456 
f 449/1/449 455/1/455 459/1/459 452/1/452 
f 457/1/457 460/1/460 461/1/461 456/1/456 
f 462/1/462 461/1/461 460/1/460 463/1/463 
f 464/1/464 465/1/465 461/1/461 462/1/462 
f 456/1/456 461/1/461 465/1/465 458/1/458 
f 466/1/466 467/1/467 468/1/468 
f 469/1/469 466/1/466 470/1/470 439/1/439 
f 462/1/462 466/1/466 469/1/469 464/1/464 
f 466/1/466 462/1/462 463/1/463 467/1/467 
f 439/1/439 470/1/470 471/1/471 434/1/434 
f 468/1/468 472/1/472 471/1/471 470/1/470 
f 471/1/471 472/1/472 447/1/447 
f 434/1/434 471/1/471 446/1/446 431/1/431 
f 410/1/410 416/1/416 473/1/473 474/1/474 
f 475/1/475 473/1/473 416/1/416 415/1/415 
f 476/1/476 473/1/473 475/1/475 477/1/477 
f 474/1/474 473/1/473 476/1/476 478/1/478 
f 477/1/477 475/1/475 479/1/479 480/1/480 
f 419/1/419 479/1/479 475/1/475 415/1/415 
f 420/1/420 481/1/481 479/1/479 419/1/419 
f 480/1/480 479/1/479 481/1/481 482/1/482 
f 424/1/424 483/1/483 484/1/484 423/1/423 
f 485/1/485 484/1/484 483/1/483 486/1/486 
f 482/1/482 481/1/481 484/1/484 485/1/485 
f 423/1/423 484/1/484 481/1/481 420/1/420 
f 427/1/427 487/1/487 488/1/488 428/1/428 
f 489/1/489 488/1/488 487/1/487 490/1/490 
f 486/1/486 483/1/483 488/1/488 489/1/489 
f 428/1/428 488/1/488 483/1/483 424/1/424 
f 427/1/427 429/1/429 491/1/491 487/1/487 
f 492/1/492 491/1/491 429/1/429 412/1/412 
f 493/1/493 494/1/494 491/1/491 492/1/492 
f 494/1/494 490/1/490 487/1/487 491/1/491 
f 478/1/478 495/1/495 496/1/496 474/1/474 
f 495/1/495 493/1/493 492/1/492 
f 412/1/412 411/1/411 496/1/496 492/1/492 
f 474/1/474 496/1/496 411/1/411 410/1/410 
f 477/1/477 497/1/497 498/1/498 476/1/476 
f 499/1/499 498/1/498 497/1/497 500/1/500 
f 498/1/498 499/1/499 501/1/501 
f 478/1/478 476/1/476 498/1/498 502/1/502 
f 442/1/442 503/1/503 504/1/504 451/1/451 
f 505/1/505 504/1/504 503/1/503 506/1/506 
f 507/1/507 508/1/508 504/1/504 505/1/505 
f 451/1/451 504/1/504 508/1/508 448/1/448 
f 509/1/509 510/1/510 511/1/511 512/1/512 
f 513/1/513 511/1/511 510/1/510 514/1/514 
f 511/1/511 513/1/513 507/1/507 
f 512/1/512 511/1/511 515/1/515 500/1/500 
f 482/1/482 516/1/516 517/1/517 480/1/480 
f 512/1/512 517/1/517 516/1/516 509/1/509 
f 500/1/500 497/1/497 517/1/517 512/1/512 
f 480/1/480 517/1/517 497/1/497 477/1/477 
f 513/1/513 518/1/518 508/1/508 507/1/507 
f 519/1/519 518/1/518 513/1/513 514/1/514 
f 454/1/454 518/1/518 519/1/519 457/1/457 
f 448/1/448 508/1/508 518/1/518 454/1/454 
f 486/1/486 520/1/520 521/1/521 485/1/485 
f 522/1/522 521/1/521 520/1/520 523/1/523 
f 509/1/509 516/1/516 521/1/521 522/1/522 
f 485/1/485 521/1/521 516/1/516 482/1/482 
f 490/1/490 524/1/524 525/1/525 489/1/489 
f 526/1/526 525/1/525 524/1/524 527/1/527 
f 523/1/523 520/1/520 525/1/525 526/1/526 
f 489/1/489 525/1/525 520/1/520 486/1/486 
f 505/1/505 506/1/506 528/1/528 
f 528/1/528 501/1/501 499/1/499 
f 529/1/529 499/1/499 500/1/500 
f 515/1/515 507/1/507 505/1/505 
f 530/1/530 531/1/531 532/1/532 533/1/533 
f 460/1/460 532/1/532 531/1/531 463/1/463 
f 457/1/457 519/1/519 532/1/532 460/1/460 
f 533/1/533 532/1/532 519/1/519 514/1/514 
f 534/1/534 535/1/535 536/1/536 
f 537/1/537 538/1/538 539/1/539 
f 530/1/530 540/1/540 534/1/534 539/1/539 
f 535/1/535 534/1/534 540/1/540 541/1/541 
f 542/1/542 539/1/539 538/1/538 
f 467/1/467 542/1/542 543/1/543 468/1/468 
f 463/1/463 531/1/531 542/1/542 467/1/467 
f 539/1/539 542/1/542 531/1/531 530/1/530 
f 544/1/544 545/1/545 543/1/543 538/1/538 
f 546/1/546 545/1/545 544/1/544 547/1/547 
f 447/1/447 472/1/472 545/1/545 546/1/546 
f 472/1/472 468/1/468 543/1/543 
f 447/1/447 546/1/546 548/1/548 441/1/441 
f 549/1/549 548/1/548 546/1/546 547/1/547 
f 506/1/506 503/1/503 548/1/548 549/1/549 
f 503/1/503 442/1/442 441/1/441 
f 547/1/547 550/1/550 551/1/551 549/1/549 
f 552/1/552 551/1/551 550/1/550 553/1/553 
f 554/1/554 555/1/555 551/1/551 552/1/552 
f 549/1/549 551/1/551 555/1/555 506/1/506 
f 556/1/556 552/1/552 553/1/553 
f 557/1/557 556/1/556 558/1/558 559/1/559 
f 560/1/560 561/1/561 556/1/556 557/1/557 
f 552/1/552 556/1/556 561/1/561 554/1/554 
f 562/1/562 563/1/563 564/1/564 565/1/565 
f 566/1/566 567/1/567 564/1/564 563/1/563 
f 564/1/564 567/1/567 568/1/568 
f 566/1/566 563/1/563 569/1/569 570/1/570 
f 571/1/571 569/1/569 563/1/563 562/1/562 
f 559/1/559 558/1/558 569/1/569 571/1/571 
f 570/1/570 569/1/569 558/1/558 553/1/553 
f 572/1/572 573/1/573 574/1/574 575/1/575 
f 576/1/576 574/1/574 573/1/573 577/1/577 
f 574/1/574 576/1/576 578/1/578 
f 579/1/579 580/1/580 575/1/575 
f 581/1/581 582/1/582 583/1/583 584/1/584 
f 577/1/577 573/1/573 582/1/582 581/1/581 
f 585/1/585 582/1/582 573/1/573 572/1/572 
f 583/1/583 582/1/582 585/1/585 568/1/568 
f 584/1/584 586/1/586 587/1/587 581/1/581 
f 588/1/588 587/1/587 586/1/586 589/1/589 
f 590/1/590 591/1/591 587/1/587 588/1/588 
f 581/1/581 587/1/587 591/1/591 577/1/577 
f 592/1/592 593/1/593 594/1/594 595/1/595 
f 593/1/593 538/1/538 537/1/537 
f 536/1/536 596/1/596 594/1/594 537/1/537 
f 595/1/595 594/1/594 596/1/596 597/1/597 
f 598/1/598 599/1/599 600/1/600 
f 601/1/601 547/1/547 544/1/544 
f 538/1/538 593/1/593 598/1/598 544/1/544 
f 593/1/593 592/1/592 599/1/599 
f 602/1/602 600/1/600 599/1/599 
f 592/1/592 603/1/603 604/1/604 599/1/599 
f 605/1/605 602/1/602 604/1/604 603/1/603 
f 606/1/606 601/1/601 600/1/600 
f 570/1/570 606/1/606 607/1/607 566/1/566 
f 553/1/553 550/1/550 606/1/606 570/1/570 
f 550/1/550 547/1/547 601/1/601 
f 608/1/608 567/1/567 566/1/566 
f 609/1/609 608/1/608 607/1/607 600/1/600 
f 609/1/609 610/1/610 611/1/611 
f 611/1/611 568/1/568 567/1/567 
f 609/1/609 612/1/612 613/1/613 610/1/610 
f 602/1/602 612/1/612 609/1/609 600/1/600 
f 605/1/605 614/1/614 612/1/612 602/1/602 
f 613/1/613 612/1/612 614/1/614 615/1/615 
f 610/1/610 616/1/616 617/1/617 611/1/611 
f 616/1/616 618/1/618 619/1/619 
f 584/1/584 583/1/583 617/1/617 619/1/619 
f 611/1/611 617/1/617 583/1/583 568/1/568 
f 620/1/620 621/1/621 622/1/622 623/1/623 
f 624/1/624 622/1/622 621/1/621 625/1/625 
f 618/1/618 616/1/616 622/1/622 624/1/624 
f 623/1/623 622/1/622 616/1/616 610/1/610 
f 626/1/626 627/1/627 628/1/628 629/1/629 
f 630/1/630 631/1/631 628/1/628 627/1/627 
f 632/1/632 628/1/628 631/1/631 633/1/633 
f 632/1/632 589/1/589 629/1/629 
f 634/1/634 619/1/619 618/1/618 
f 626/1/626 629/1/629 634/1/634 635/1/635 
f 634/1/634 629/1/629 589/1/589 
f 619/1/619 634/1/634 586/1/586 584/1/584 
f 630/1/630 636/1/636 637/1/637 631/1/631 
f 638/1/638 639/1/639 637/1/637 636/1/636 
f 640/1/640 637/1/637 639/1/639 615/1/615 
f 633/1/633 631/1/631 637/1/637 640/1/640 
f 641/1/641 642/1/642 643/1/643 644/1/644 
f 635/1/635 643/1/643 642/1/642 626/1/626 
f 635/1/635 618/1/618 624/1/624 
f 625/1/625 644/1/644 643/1/643 624/1/624 
f 615/1/615 639/1/639 645/1/645 613/1/613 
f 646/1/646 645/1/645 639/1/639 638/1/638 
f 620/1/620 623/1/623 645/1/645 646/1/646 
f 613/1/613 645/1/645 623/1/623 610/1/610 
f 647/1/647 646/1/646 638/1/638 
f 648/1/648 641/1/641 644/1/644 647/1/647 
f 625/1/625 621/1/621 647/1/647 644/1/644 
f 621/1/621 620/1/620 646/1/646 
f 649/1/649 642/1/642 641/1/641 
f 648/1/648 638/1/638 636/1/636 
f 649/1/649 636/1/636 630/1/630 
f 627/1/627 626/1/626 642/1/642 
f 650/1/650 651/1/651 652/1/652 653/1/653 
f 77/1/77 652/1/652 651/1/651 74/1/74 
f 63/1/63 79/1/79 652/1/652 77/1/77 
f 653/1/653 652/1/652 79/1/79 78/1/78 
f 74/1/74 651/1/651 654/1/654 152/1/152 
f 655/1/655 654/1/654 651/1/651 650/1/650 
f 656/1/656 657/1/657 654/1/654 655/1/655 
f 152/1/152 654/1/654 657/1/657 154/1/154 
f 650/1/650 658/1/658 659/1/659 655/1/655 
f 660/1/660 659/1/659 658/1/658 661/1/661 
f 662/1/662 663/1/663 659/1/659 660/1/660 
f 655/1/655 659/1/659 663/1/663 656/1/656 
f 664/1/664 665/1/665 657/1/657 656/1/656 
f 666/1/666 667/1/667 665/1/665 664/1/664 
f 197/1/197 194/1/194 665/1/665 667/1/667 
f 657/1/657 665/1/665 194/1/194 154/1/154 
f 662/1/662 668/1/668 669/1/669 663/1/663 
f 670/1/670 669/1/669 668/1/668 671/1/671 
f 666/1/666 664/1/664 669/1/669 670/1/670 
f 656/1/656 663/1/663 669/1/669 664/1/664 
f 672/1/672 673/1/673 667/1/667 666/1/666 
f 673/1/673 672/1/672 674/1/674 
f 675/1/675 205/1/205 204/1/204 
f 667/1/667 673/1/673 204/1/204 197/1/197 
f 666/1/666 670/1/670 676/1/676 672/1/672 
f 671/1/671 677/1/677 676/1/676 670/1/670 
f 678/1/678 676/1/676 677/1/677 679/1/679 
f 672/1/672 676/1/676 678/1/678 674/1/674 
f 680/1/680 681/1/681 682/1/682 683/1/683 
f 348/1/348 682/1/682 681/1/681 349/1/349 
f 291/1/291 345/1/345 682/1/682 348/1/348 
f 682/1/682 345/1/345 285/1/285 
f 684/1/684 685/1/685 680/1/680 
f 683/1/683 285/1/285 288/1/288 
f 684/1/684 288/1/288 205/1/205 
f 675/1/675 674/1/674 685/1/685 
f 674/1/674 678/1/678 686/1/686 685/1/685 
f 679/1/679 687/1/687 686/1/686 678/1/678 
f 688/1/688 686/1/686 687/1/687 689/1/689 
f 680/1/680 685/1/685 686/1/686 688/1/688 
f 78/1/78 690/1/690 691/1/691 653/1/653 
f 692/1/692 691/1/691 690/1/690 693/1/693 
f 661/1/661 658/1/658 691/1/691 692/1/692 
f 653/1/653 691/1/691 658/1/658 650/1/650 
f 694/1/694 693/1/693 690/1/690 695/1/695 
f 81/1/81 695/1/695 690/1/690 78/1/78 
f 83/1/83 696/1/696 695/1/695 81/1/81 
f 694/1/694 695/1/695 696/1/696 697/1/697 
f 698/1/698 699/1/699 700/1/700 701/1/701 
f 694/1/694 699/1/699 698/1/698 693/1/693 
f 697/1/697 702/1/702 699/1/699 694/1/694 
f 702/1/702 703/1/703 700/1/700 699/1/699 
f 692/1/692 704/1/704 705/1/705 661/1/661 
f 706/1/706 704/1/704 692/1/692 693/1/693 
f 707/1/707 705/1/705 704/1/704 706/1/706 
f 701/1/701 708/1/708 709/1/709 698/1/698 
f 710/1/710 709/1/709 708/1/708 711/1/711 
f 706/1/706 709/1/709 710/1/710 707/1/707 
f 709/1/709 706/1/706 693/1/693 
f 712/1/712 713/1/713 714/1/714 715/1/715 
f 660/1/660 713/1/713 712/1/712 662/1/662 
f 661/1/661 705/1/705 713/1/713 660/1/660 
f 714/1/714 713/1/713 705/1/705 707/1/707 
f 716/1/716 717/1/717 718/1/718 719/1/719 
f 720/1/720 718/1/718 717/1/717 721/1/721 
f 711/1/711 708/1/708 718/1/718 720/1/720 
f 719/1/719 718/1/718 708/1/708 701/1/701 
f 721/1/721 717/1/717 722/1/722 723/1/723 
f 724/1/724 722/1/722 717/1/717 716/1/716 
f 7/1/7 11/1/11 722/1/722 724/1/724 
f 723/1/723 722/1/722 11/1/11 10/1/10 
f 725/1/725 726/1/726 727/1/727 728/1/728 
f 725/1/725 715/1/715 714/1/714 726/1/726 
f 707/1/707 710/1/710 726/1/726 714/1/714 
f 711/1/711 727/1/727 726/1/726 710/1/710 
f 720/1/720 729/1/729 727/1/727 711/1/711 
f 721/1/721 730/1/730 729/1/729 720/1/720 
f 728/1/728 727/1/727 729/1/729 730/1/730 
f 10/1/10 107/1/107 731/1/731 723/1/723 
f 108/1/108 732/1/732 731/1/731 107/1/107 
f 733/1/733 734/1/734 731/1/731 732/1/732 
f 723/1/723 731/1/731 734/1/734 721/1/721 
f 715/1/715 735/1/735 736/1/736 712/1/712 
f 737/1/737 736/1/736 735/1/735 738/1/738 
f 671/1/671 668/1/668 736/1/736 737/1/737 
f 712/1/712 736/1/736 668/1/668 662/1/662 
f 739/1/739 740/1/740 734/1/734 733/1/733 
f 741/1/741 740/1/740 739/1/739 742/1/742 
f 728/1/728 730/1/730 740/1/740 741/1/741 
f 734/1/734 740/1/740 730/1/730 721/1/721 
f 742/1/742 743/1/743 744/1/744 741/1/741 
f 735/1/735 744/1/744 743/1/743 738/1/738 
f 725/1/725 744/1/744 735/1/735 715/1/715 
f 741/1/741 744/1/744 725/1/725 728/1/728 
f 738/1/738 745/1/745 746/1/746 737/1/737 
f 747/1/747 746/1/746 745/1/745 748/1/748 
f 679/1/679 677/1/677 746/1/746 747/1/747 
f 737/1/737 746/1/746 677/1/677 671/1/671 
f 738/1/738 743/1/743 749/1/749 745/1/745 
f 750/1/750 749/1/749 743/1/743 742/1/742 
f 751/1/751 752/1/752 749/1/749 750/1/750 
f 745/1/745 749/1/749 752/1/752 748/1/748 
f 733/1/733 753/1/753 754/1/754 739/1/739 
f 753/1/753 755/1/755 756/1/756 754/1/754 
f 750/1/750 754/1/754 756/1/756 751/1/751 
f 739/1/739 754/1/754 750/1/750 742/1/742 
f 112/1/112 757/1/757 758/1/758 110/1/110 
f 753/1/753 758/1/758 757/1/757 755/1/755 
f 733/1/733 732/1/732 758/1/758 753/1/753 
f 110/1/110 758/1/758 732/1/732 108/1/108 
f 759/1/759 760/1/760 761/1/761 762/1/762 
f 763/1/763 761/1/761 760/1/760 764/1/764 
f 748/1/748 752/1/752 761/1/761 763/1/763 
f 762/1/762 761/1/761 752/1/752 751/1/751 
f 748/1/748 763/1/763 765/1/765 747/1/747 
f 766/1/766 765/1/765 763/1/763 764/1/764 
f 689/1/689 687/1/687 765/1/765 766/1/766 
f 747/1/747 765/1/765 687/1/687 679/1/679 
f 751/1/751 756/1/756 767/1/767 762/1/762 
f 768/1/768 767/1/767 756/1/756 755/1/755 
f 762/1/762 767/1/767 768/1/768 759/1/759 
f 689/1/689 769/1/769 770/1/770 688/1/688 
f 771/1/771 770/1/770 769/1/769 772/1/772 
f 349/1/349 681/1/681 770/1/770 771/1/771 
f 688/1/688 770/1/770 681/1/681 680/1/680 
f 302/1/302 773/1/773 774/1/774 301/1/301 
f 775/1/775 774/1/774 773/1/773 776/1/776 
f 755/1/755 757/1/757 774/1/774 775/1/775 
f 301/1/301 774/1/774 757/1/757 112/1/112 
f 766/1/766 777/1/777 769/1/769 689/1/689 
f 764/1/764 778/1/778 777/1/777 766/1/766 
f 777/1/777 778/1/778 772/1/772 
f 776/1/776 779/1/779 780/1/780 775/1/775 
f 781/1/781 780/1/780 779/1/779 782/1/782 
f 759/1/759 768/1/768 780/1/780 781/1/781 
f 775/1/775 780/1/780 768/1/768 755/1/755 
f 782/1/782 783/1/783 784/1/784 781/1/781 
f 778/1/778 784/1/784 783/1/783 772/1/772 
f 764/1/764 760/1/760 784/1/784 778/1/778 
f 781/1/781 784/1/784 760/1/760 759/1/759 
f 772/1/772 785/1/785 786/1/786 771/1/771 
f 787/1/787 786/1/786 785/1/785 788/1/788 
f 265/1/265 350/1/350 786/1/786 787/1/787 
f 771/1/771 786/1/786 350/1/350 349/1/349 
f 206/1/206 789/1/789 790/1/790 305/1/305 
f 791/1/791 790/1/790 789/1/789 792/1/792 
f 776/1/776 773/1/773 790/1/790 791/1/791 
f 305/1/305 790/1/790 773/1/773 302/1/302 
f 792/1/792 793/1/793 794/1/794 791/1/791 
f 795/1/795 794/1/794 793/1/793 796/1/796 
f 782/1/782 779/1/779 794/1/794 795/1/795 
f 791/1/791 794/1/794 779/1/779 776/1/776 
f 796/1/796 797/1/797 798/1/798 795/1/795 
f 785/1/785 798/1/798 797/1/797 788/1/788 
f 772/1/772 783/1/783 798/1/798 785/1/785 
f 795/1/795 798/1/798 783/1/783 782/1/782 
f 787/1/787 788/1/788 799/1/799 800/1/800 
f 801/1/801 802/1/802 800/1/800 799/1/799 
f 270/1/270 266/1/266 800/1/800 802/1/802 
f 787/1/787 800/1/800 266/1/266 265/1/265 
f 84/1/84 803/1/803 804/1/804 209/1/209 
f 805/1/805 804/1/804 803/1/803 806/1/806 
f 792/1/792 789/1/789 804/1/804 805/1/805 
f 209/1/209 804/1/804 789/1/789 206/1/206 
f 806/1/806 807/1/807 808/1/808 805/1/805 
f 809/1/809 808/1/808 807/1/807 810/1/810 
f 796/1/796 793/1/793 808/1/808 809/1/809 
f 805/1/805 808/1/808 793/1/793 792/1/792 
f 810/1/810 811/1/811 812/1/812 809/1/809 
f 799/1/799 812/1/812 811/1/811 801/1/801 
f 788/1/788 797/1/797 812/1/812 799/1/799 
f 809/1/809 812/1/812 797/1/797 796/1/796 
f 813/1/813 814/1/814 87/1/87 92/1/92 
f 815/1/815 814/1/814 813/1/813 816/1/816 
f 806/1/806 803/1/803 814/1/814 815/1/815 
f 87/1/87 814/1/814 803/1/803 84/1/84 
f 502/1/502 501/1/501 817/1/817 
f 818/1/818 819/1/819 817/1/817 820/1/820 
f 819/1/819 818/1/818 493/1/493 
f 495/1/495 478/1/478 502/1/502 
f 821/1/821 822/1/822 823/1/823 824/1/824 
f 825/1/825 823/1/823 822/1/822 820/1/820 
f 554/1/554 561/1/561 823/1/823 825/1/825 
f 824/1/824 823/1/823 561/1/561 560/1/560 
f 826/1/826 494/1/494 493/1/493 
f 827/1/827 826/1/826 818/1/818 820/1/820 
f 527/1/527 524/1/524 826/1/826 827/1/827 
f 494/1/494 826/1/826 524/1/524 490/1/490 
f 825/1/825 828/1/828 555/1/555 554/1/554 
f 817/1/817 828/1/828 825/1/825 820/1/820 
f 501/1/501 528/1/528 828/1/828 817/1/817 
f 555/1/555 828/1/828 528/1/528 506/1/506 
f 829/1/829 830/1/830 831/1/831 
f 832/1/832 833/1/833 834/1/834 
f 829/1/829 834/1/834 835/1/835 
f 836/1/836 820/1/820 830/1/830 
f 833/1/833 837/1/837 838/1/838 834/1/834 
f 837/1/837 839/1/839 840/1/840 
f 841/1/841 842/1/842 838/1/838 840/1/840 
f 834/1/834 838/1/838 842/1/842 835/1/835 
f 843/1/843 844/1/844 845/1/845 846/1/846 
f 847/1/847 848/1/848 845/1/845 844/1/844 
f 849/1/849 850/1/850 845/1/845 848/1/848 
f 846/1/846 845/1/845 850/1/850 851/1/851 
f 852/1/852 853/1/853 854/1/854 855/1/855 
f 856/1/856 854/1/854 853/1/853 857/1/857 
f 858/1/858 859/1/859 854/1/854 856/1/856 
f 855/1/855 854/1/854 859/1/859 860/1/860 
f 857/1/857 861/1/861 862/1/862 856/1/856 
f 863/1/863 862/1/862 861/1/861 864/1/864 
f 865/1/865 866/1/866 862/1/862 863/1/863 
f 856/1/856 862/1/862 866/1/866 858/1/858 
f 867/1/867 868/1/868 869/1/869 870/1/870 
f 871/1/871 869/1/869 868/1/868 872/1/872 
f 857/1/857 853/1/853 869/1/869 871/1/871 
f 870/1/870 869/1/869 853/1/853 852/1/852 
f 873/1/873 874/1/874 875/1/875 876/1/876 
f 877/1/877 875/1/875 874/1/874 878/1/878 
f 872/1/872 868/1/868 875/1/875 877/1/877 
f 876/1/876 875/1/875 868/1/868 867/1/867 
f 872/1/872 879/1/879 880/1/880 871/1/871 
f 881/1/881 880/1/880 879/1/879 882/1/882 
f 864/1/864 861/1/861 880/1/880 881/1/881 
f 871/1/871 880/1/880 861/1/861 857/1/857 
f 882/1/882 883/1/883 884/1/884 881/1/881 
f 813/1/813 884/1/884 883/1/883 816/1/816 
f 92/1/92 885/1/885 884/1/884 813/1/813 
f 881/1/881 884/1/884 885/1/885 864/1/864 
f 886/1/886 887/1/887 888/1/888 889/1/889 
f 890/1/890 888/1/888 887/1/887 891/1/891 
f 873/1/873 892/1/892 888/1/888 890/1/890 
f 889/1/889 888/1/888 892/1/892 893/1/893 
f 816/1/816 894/1/894 895/1/895 815/1/815 
f 896/1/896 895/1/895 894/1/894 897/1/897 
f 810/1/810 807/1/807 895/1/895 896/1/896 
f 815/1/815 895/1/895 807/1/807 806/1/806 
f 898/1/898 899/1/899 900/1/900 901/1/901 
f 902/1/902 899/1/899 898/1/898 903/1/903 
f 802/1/802 899/1/899 902/1/902 270/1/270 
f 802/1/802 801/1/801 900/1/900 
f 897/1/897 904/1/904 905/1/905 896/1/896 
f 900/1/900 905/1/905 904/1/904 901/1/901 
f 801/1/801 811/1/811 905/1/905 900/1/900 
f 896/1/896 905/1/905 811/1/811 810/1/810 
f 906/1/906 907/1/907 903/1/903 
f 906/1/906 898/1/898 901/1/901 
f 579/1/579 906/1/906 908/1/908 580/1/580 
f 907/1/907 906/1/906 579/1/579 578/1/578 
f 882/1/882 909/1/909 910/1/910 883/1/883 
f 911/1/911 910/1/910 909/1/909 912/1/912 
f 897/1/897 894/1/894 910/1/910 911/1/911 
f 883/1/883 910/1/910 894/1/894 816/1/816 
f 913/1/913 877/1/877 878/1/878 
f 914/1/914 912/1/912 909/1/909 
f 913/1/913 909/1/909 882/1/882 
f 877/1/877 913/1/913 879/1/879 872/1/872 
f 891/1/891 915/1/915 916/1/916 890/1/890 
f 915/1/915 912/1/912 914/1/914 
f 878/1/878 874/1/874 916/1/916 914/1/914 
f 890/1/890 916/1/916 874/1/874 873/1/873 
f 917/1/917 918/1/918 919/1/919 920/1/920 
f 917/1/917 912/1/912 915/1/915 
f 921/1/921 918/1/918 915/1/915 891/1/891 
f 918/1/918 921/1/921 922/1/922 
f 920/1/920 923/1/923 924/1/924 917/1/917 
f 925/1/925 924/1/924 923/1/923 926/1/926 
f 924/1/924 925/1/925 927/1/927 
f 928/1/928 912/1/912 917/1/917 
f 927/1/927 925/1/925 929/1/929 930/1/930 
f 931/1/931 929/1/929 925/1/925 926/1/926 
f 580/1/580 908/1/908 929/1/929 931/1/931 
f 930/1/930 929/1/929 908/1/908 901/1/901 
f 911/1/911 932/1/932 904/1/904 897/1/897 
f 928/1/928 932/1/932 911/1/911 912/1/912 
f 927/1/927 930/1/930 932/1/932 928/1/928 
f 901/1/901 904/1/904 932/1/932 930/1/930 
f 435/1/435 432/1/432 933/1/933 934/1/934 
f 443/1/443 933/1/933 432/1/432 431/1/431 
f 445/1/445 935/1/935 933/1/933 443/1/443 
f 936/1/936 934/1/934 933/1/933 935/1/935 
f 937/1/937 938/1/938 939/1/939 940/1/940 
f 464/1/464 469/1/469 939/1/939 938/1/938 
f 439/1/439 438/1/438 939/1/939 469/1/469 
f 437/1/437 940/1/940 939/1/939 438/1/438 
f 941/1/941 942/1/942 943/1/943 944/1/944 
f 945/1/945 943/1/943 942/1/942 946/1/946 
f 452/1/452 459/1/459 943/1/943 945/1/945 
f 944/1/944 943/1/943 459/1/459 458/1/458 
f 945/1/945 947/1/947 453/1/453 452/1/452 
f 948/1/948 947/1/947 945/1/945 946/1/946 
f 936/1/936 935/1/935 947/1/947 948/1/948 
f 453/1/453 947/1/947 935/1/935 445/1/445 
f 937/1/937 949/1/949 950/1/950 938/1/938 
f 944/1/944 950/1/950 949/1/949 941/1/941 
f 458/1/458 465/1/465 950/1/950 944/1/944 
f 938/1/938 950/1/950 465/1/465 464/1/464 
f 951/1/951 952/1/952 953/1/953 954/1/954 
f 953/1/953 952/1/952 946/1/946 
f 941/1/941 949/1/949 953/1/953 942/1/942 
f 954/1/954 953/1/953 949/1/949 937/1/937 
f 936/1/936 948/1/948 955/1/955 934/1/934 
f 948/1/948 946/1/946 952/1/952 
f 951/1/951 956/1/956 955/1/955 952/1/952 
f 435/1/435 934/1/934 955/1/955 
f 951/1/951 954/1/954 957/1/957 956/1/956 
f 940/1/940 957/1/957 954/1/954 937/1/937 
f 437/1/437 436/1/436 957/1/957 940/1/940 
f 957/1/957 436/1/436 435/1/435 
f 958/1/958 959/1/959 380/1/380 379/1/379 
f 960/1/960 959/1/959 958/1/958 368/1/368 
f 356/1/356 352/1/352 959/1/959 960/1/960 
f 380/1/380 959/1/959 352/1/352 351/1/351 
f 368/1/368 367/1/367 961/1/961 960/1/960 
f 388/1/388 961/1/961 367/1/367 366/1/366 
f 357/1/357 355/1/355 961/1/961 388/1/388 
f 356/1/356 960/1/960 961/1/961 355/1/355 
f 360/1/360 363/1/363 962/1/962 372/1/372 
f 958/1/958 962/1/962 363/1/363 368/1/368 
f 962/1/962 958/1/958 379/1/379 
f 372/1/372 962/1/962 963/1/963 369/1/369 
f 369/1/369 963/1/963 964/1/964 370/1/370 
f 377/1/377 964/1/964 963/1/963 379/1/379 
f 378/1/378 400/1/400 964/1/964 377/1/377 
f 370/1/370 964/1/964 400/1/400 374/1/374 
f 965/1/965 921/1/921 891/1/891 
f 966/1/966 965/1/965 887/1/887 886/1/886 
f 967/1/967 968/1/968 965/1/965 966/1/966 
f 921/1/921 965/1/965 968/1/968 922/1/922 
f 560/1/560 969/1/969 970/1/970 824/1/824 
f 971/1/971 970/1/970 969/1/969 972/1/972 
f 973/1/973 974/1/974 970/1/970 971/1/971 
f 824/1/824 970/1/970 974/1/974 821/1/821 
f 975/1/975 976/1/976 977/1/977 978/1/978 
f 919/1/919 977/1/977 976/1/976 920/1/920 
f 922/1/922 968/1/968 977/1/977 919/1/919 
f 978/1/978 977/1/977 968/1/968 967/1/967 
f 972/1/972 979/1/979 980/1/980 971/1/971 
f 978/1/978 980/1/980 979/1/979 975/1/975 
f 967/1/967 981/1/981 980/1/980 978/1/978 
f 971/1/971 980/1/980 981/1/981 973/1/973 
f 572/1/572 982/1/982 983/1/983 585/1/585 
f 984/1/984 983/1/983 982/1/982 985/1/985 
f 562/1/562 565/1/565 983/1/983 984/1/984 
f 585/1/585 983/1/983 565/1/565 568/1/568 
f 986/1/986 985/1/985 987/1/987 
f 923/1/923 988/1/988 987/1/987 926/1/926 
f 988/1/988 923/1/923 920/1/920 
f 976/1/976 975/1/975 986/1/986 
f 989/1/989 990/1/990 991/1/991 992/1/992 
f 985/1/985 986/1/986 991/1/991 990/1/990 
f 975/1/975 979/1/979 991/1/991 986/1/986 
f 992/1/992 991/1/991 979/1/979 972/1/972 
f 926/1/926 987/1/987 993/1/993 931/1/931 
f 982/1/982 993/1/993 987/1/987 985/1/985 
f 572/1/572 575/1/575 993/1/993 
f 931/1/931 993/1/993 575/1/575 580/1/580 
f 994/1/994 571/1/571 562/1/562 
f 984/1/984 985/1/985 990/1/990 
f 989/1/989 995/1/995 994/1/994 990/1/990 
f 571/1/571 994/1/994 995/1/995 559/1/559 
f 559/1/559 995/1/995 996/1/996 557/1/557 
f 992/1/992 996/1/996 995/1/995 989/1/989 
f 972/1/972 969/1/969 996/1/996 992/1/992 
f 557/1/557 996/1/996 969/1/969 560/1/560 
f 847/1/847 997/1/997 998/1/998 999/1/999 
f 1000/1/1000 998/1/998 997/1/997 1001/1/1001 
f 1002/1/1002 1003/1/1003 998/1/998 1000/1/1000 
f 999/1/999 998/1/998 1003/1/1003 1004/1/1004 
f 821/1/821 1005/1/1005 1006/1/1006 822/1/822 
f 1007/1/1007 1006/1/1006 1005/1/1005 1008/1/1008 
f 831/1/831 830/1/830 1006/1/1006 1007/1/1007 
f 822/1/822 1006/1/1006 830/1/830 820/1/820 
f 1009/1/1009 974/1/974 973/1/973 
f 1010/1/1010 1011/1/1011 1012/1/1012 
f 1008/1/1008 1005/1/1005 1009/1/1009 1012/1/1012 
f 974/1/974 1009/1/1009 1005/1/1005 821/1/821 
f 1013/1/1013 1014/1/1014 1011/1/1011 
f 1010/1/1010 973/1/973 981/1/981 
f 1013/1/1013 981/1/981 967/1/967 
f 966/1/966 886/1/886 1014/1/1014 
f 1011/1/1011 1015/1/1015 1016/1/1016 1012/1/1012 
f 1017/1/1017 1016/1/1016 1015/1/1015 1018/1/1018 
f 1019/1/1019 1020/1/1020 1016/1/1016 1017/1/1017 
f 1020/1/1020 1008/1/1008 1012/1/1012 
f 1015/1/1015 1021/1/1021 1022/1/1022 1018/1/1018 
f 1014/1/1014 1021/1/1021 1015/1/1015 1011/1/1011 
f 889/1/889 1021/1/1021 1014/1/1014 886/1/886 
f 893/1/893 1022/1/1022 1021/1/1021 889/1/889 
f 1023/1/1023 1024/1/1024 1025/1/1025 1026/1/1026 
f 1027/1/1027 1025/1/1025 1024/1/1024 1028/1/1028 
f 1029/1/1029 1025/1/1025 1027/1/1027 1030/1/1030 
f 1026/1/1026 1025/1/1025 1029/1/1029 1001/1/1001 
f 1031/1/1031 1032/1/1032 1033/1/1033 1034/1/1034 
f 1035/1/1035 1033/1/1033 1032/1/1032 1036/1/1036 
f 1018/1/1018 1022/1/1022 1033/1/1033 1035/1/1035 
f 1034/1/1034 1033/1/1033 1022/1/1022 893/1/893 
f 1037/1/1037 1038/1/1038 844/1/844 843/1/843 
f 1026/1/1026 1038/1/1038 1037/1/1037 1023/1/1023 
f 1001/1/1001 997/1/997 1038/1/1038 1026/1/1026 
f 844/1/844 1038/1/1038 997/1/997 847/1/847 
f 1019/1/1019 1017/1/1017 1039/1/1039 1040/1/1040 
f 1035/1/1035 1039/1/1039 1017/1/1017 1018/1/1018 
f 1036/1/1036 1041/1/1041 1039/1/1039 1035/1/1035 
f 1042/1/1042 1040/1/1040 1039/1/1039 1041/1/1041 
f 1031/1/1031 1043/1/1043 1044/1/1044 1045/1/1045 
f 870/1/870 1044/1/1044 1043/1/1043 867/1/867 
f 852/1/852 1046/1/1046 1044/1/1044 870/1/870 
f 1045/1/1045 1044/1/1044 1046/1/1046 1028/1/1028 
f 1024/1/1024 1023/1/1023 1047/1/1047 1048/1/1048 
f 1036/1/1036 1032/1/1032 1048/1/1048 1047/1/1047 
f 1045/1/1045 1048/1/1048 1032/1/1032 1031/1/1031 
f 1028/1/1028 1024/1/1024 1048/1/1048 1045/1/1045 
f 867/1/867 1043/1/1043 1049/1/1049 876/1/876 
f 1034/1/1034 1049/1/1049 1043/1/1043 1031/1/1031 
f 893/1/893 892/1/892 1049/1/1049 1034/1/1034 
f 876/1/876 1049/1/1049 892/1/892 873/1/873 
f 1041/1/1041 1036/1/1036 1047/1/1047 1050/1/1050 
f 1037/1/1037 1050/1/1050 1047/1/1047 1023/1/1023 
f 843/1/843 1051/1/1051 1050/1/1050 1037/1/1037 
f 1041/1/1041 1050/1/1050 1051/1/1051 1042/1/1042 
f 1052/1/1052 1053/1/1053 1054/1/1054 1055/1/1055 
f 269/1/269 1054/1/1054 1053/1/1053 252/1/252 
f 270/1/270 902/1/902 1054/1/1054 269/1/269 
f 1055/1/1055 1054/1/1054 902/1/902 903/1/903 
f 252/1/252 1053/1/1053 1056/1/1056 251/1/251 
f 1057/1/1057 1056/1/1056 1053/1/1053 1052/1/1052 
f 1058/1/1058 1059/1/1059 1056/1/1056 1057/1/1057 
f 251/1/251 1056/1/1056 1059/1/1059 253/1/253 
f 1052/1/1052 1060/1/1060 1061/1/1061 1057/1/1057 
f 1062/1/1062 1061/1/1061 1060/1/1060 1063/1/1063 
f 1064/1/1064 1065/1/1065 1061/1/1061 1062/1/1062 
f 1057/1/1057 1061/1/1061 1065/1/1065 1058/1/1058 
f 1066/1/1066 1067/1/1067 245/1/245 244/1/244 
f 1068/1/1068 1069/1/1069 1067/1/1067 1066/1/1066 
f 1070/1/1070 1067/1/1067 1069/1/1069 1071/1/1071 
f 246/1/246 245/1/245 1067/1/1067 1070/1/1070 
f 1072/1/1072 231/1/231 237/1/237 
f 1073/1/1073 1074/1/1074 1075/1/1075 
f 1076/1/1076 1077/1/1077 1072/1/1072 1075/1/1075 
f 1077/1/1077 232/1/232 231/1/231 
f 1078/1/1078 1079/1/1079 1080/1/1080 1081/1/1081 
f 259/1/259 1080/1/1080 1079/1/1079 256/1/256 
f 264/1/264 1082/1/1082 1080/1/1080 259/1/259 
f 1081/1/1081 1080/1/1080 1082/1/1082 1083/1/1083 
f 1084/1/1084 1085/1/1085 1086/1/1086 1087/1/1087 
f 1088/1/1088 1086/1/1086 1085/1/1085 1089/1/1089 
f 222/1/222 229/1/229 1086/1/1086 1088/1/1088 
f 1087/1/1087 1086/1/1086 229/1/229 228/1/228 
f 1090/1/1090 1091/1/1091 1092/1/1092 1093/1/1093 
f 88/1/88 1092/1/1092 1091/1/1091 90/1/90 
f 89/1/89 217/1/217 1092/1/1092 88/1/88 
f 1093/1/1093 1092/1/1092 217/1/217 216/1/216 
f 1089/1/1089 1094/1/1094 1095/1/1095 1088/1/1088 
f 1093/1/1093 1095/1/1095 1094/1/1094 1090/1/1090 
f 216/1/216 223/1/223 1095/1/1095 1093/1/1093 
f 1088/1/1088 1095/1/1095 223/1/223 222/1/222 
f 1096/1/1096 1097/1/1097 1098/1/1098 1099/1/1099 
f 1100/1/1100 1098/1/1098 1097/1/1097 1101/1/1101 
f 1090/1/1090 1094/1/1094 1098/1/1098 1100/1/1100 
f 1099/1/1099 1098/1/1098 1094/1/1094 1089/1/1089 
f 1102/1/1102 1103/1/1103 91/1/91 90/1/90 
f 1102/1/1102 1104/1/1104 1105/1/1105 
f 885/1/885 1103/1/1103 1105/1/1105 864/1/864 
f 91/1/91 1103/1/1103 885/1/885 92/1/92 
f 1101/1/1101 1106/1/1106 1107/1/1107 1100/1/1100 
f 1102/1/1102 1107/1/1107 1106/1/1106 1104/1/1104 
f 90/1/90 1091/1/1091 1107/1/1107 1102/1/1102 
f 1100/1/1100 1107/1/1107 1091/1/1091 1090/1/1090 
f 1108/1/1108 1109/1/1109 1110/1/1110 1111/1/1111 
f 1109/1/1109 1112/1/1112 1113/1/1113 
f 1110/1/1110 1113/1/1113 1114/1/1114 
f 1115/1/1115 1116/1/1116 1111/1/1111 
f 1117/1/1117 1118/1/1118 1119/1/1119 1120/1/1120 
f 1111/1/1111 1119/1/1119 1118/1/1118 1108/1/1108 
f 1116/1/1116 1121/1/1121 1119/1/1119 1111/1/1111 
f 1120/1/1120 1119/1/1119 1121/1/1121 1122/1/1122 
f 1123/1/1123 1124/1/1124 1125/1/1125 1126/1/1126 
f 1127/1/1127 1128/1/1128 1124/1/1124 1123/1/1123 
f 1129/1/1129 1124/1/1124 1128/1/1128 1130/1/1130 
f 1131/1/1131 1125/1/1125 1124/1/1124 1129/1/1129 
f 1132/1/1132 1133/1/1133 1134/1/1134 1135/1/1135 
f 1136/1/1136 1134/1/1134 1133/1/1133 1137/1/1137 
f 1138/1/1138 1139/1/1139 1134/1/1134 1136/1/1136 
f 1135/1/1135 1134/1/1134 1139/1/1139 1140/1/1140 
f 1063/1/1063 1141/1/1141 1142/1/1142 1062/1/1062 
f 1143/1/1143 1142/1/1142 1141/1/1141 1144/1/1144 
f 1142/1/1142 1143/1/1143 1145/1/1145 
f 1062/1/1062 1142/1/1142 1146/1/1146 1064/1/1064 
f 1147/1/1147 1148/1/1148 1149/1/1149 
f 1150/1/1150 1151/1/1151 1149/1/1149 1152/1/1152 
f 1151/1/1151 1150/1/1150 1153/1/1153 
f 1147/1/1147 1151/1/1151 1154/1/1154 1155/1/1155 
f 1156/1/1156 1143/1/1143 1144/1/1144 
f 1157/1/1157 1158/1/1158 1156/1/1156 1159/1/1159 
f 1156/1/1156 1158/1/1158 1160/1/1160 
f 1161/1/1161 1145/1/1145 1143/1/1143 1156/1/1156 
f 1162/1/1162 1158/1/1158 1157/1/1157 
f 1162/1/1162 1163/1/1163 1152/1/1152 
f 1148/1/1148 1164/1/1164 1162/1/1162 1149/1/1149 
f 1164/1/1164 1160/1/1160 1158/1/1158 
f 1165/1/1165 1055/1/1055 903/1/903 
f 1166/1/1166 1165/1/1165 1167/1/1167 1168/1/1168 
f 1063/1/1063 1060/1/1060 1165/1/1165 1166/1/1166 
f 1055/1/1055 1165/1/1165 1060/1/1060 1052/1/1052 
f 1166/1/1166 1168/1/1168 1169/1/1169 
f 1144/1/1144 1141/1/1141 1170/1/1170 1169/1/1169 
f 1063/1/1063 1166/1/1166 1170/1/1170 1141/1/1141 
f 1171/1/1171 1172/1/1172 1173/1/1173 
f 1174/1/1174 1157/1/1157 1159/1/1159 
f 1159/1/1159 1144/1/1144 1169/1/1169 
f 1171/1/1171 1169/1/1169 1168/1/1168 
f 1157/1/1157 1174/1/1174 1175/1/1175 1163/1/1163 
f 1174/1/1174 1173/1/1173 1176/1/1176 
f 1177/1/1177 1178/1/1178 1175/1/1175 1176/1/1176 
f 1178/1/1178 1152/1/1152 1163/1/1163 
f 577/1/577 591/1/591 1179/1/1179 576/1/576 
f 1180/1/1180 1179/1/1179 591/1/591 590/1/590 
f 1181/1/1181 1182/1/1182 1179/1/1179 1180/1/1180 
f 576/1/576 1179/1/1179 1182/1/1182 578/1/578 
f 578/1/578 1182/1/1182 1183/1/1183 907/1/907 
f 1182/1/1182 1181/1/1181 1184/1/1184 
f 1168/1/1168 1167/1/1167 1183/1/1183 1184/1/1184 
f 907/1/907 1183/1/1183 1167/1/1167 903/1/903 
f 597/1/597 1185/1/1185 1186/1/1186 595/1/595 
f 1187/1/1187 1186/1/1186 1185/1/1185 1188/1/1188 
f 605/1/605 603/1/603 1186/1/1186 1187/1/1187 
f 603/1/603 592/1/592 595/1/595 
f 1184/1/1184 1189/1/1189 1172/1/1172 1168/1/1168 
f 1181/1/1181 1190/1/1190 1189/1/1189 1184/1/1184 
f 1191/1/1191 1189/1/1189 1190/1/1190 1192/1/1192 
f 1172/1/1172 1189/1/1189 1191/1/1191 1173/1/1173 
f 1193/1/1193 1188/1/1188 1194/1/1194 
f 1195/1/1195 1196/1/1196 1197/1/1197 1194/1/1194 
f 1193/1/1193 1197/1/1197 1196/1/1196 1192/1/1192 
f 590/1/590 1198/1/1198 1199/1/1199 1180/1/1180 
f 1193/1/1193 1199/1/1199 1198/1/1198 1188/1/1188 
f 1192/1/1192 1190/1/1190 1199/1/1199 1193/1/1193 
f 1180/1/1180 1199/1/1199 1190/1/1190 1181/1/1181 
f 633/1/633 1200/1/1200 1201/1/1201 632/1/632 
f 1200/1/1200 1188/1/1188 1198/1/1198 
f 588/1/588 1201/1/1201 1198/1/1198 590/1/590 
f 632/1/632 1201/1/1201 588/1/588 589/1/589 
f 1187/1/1187 1202/1/1202 614/1/614 605/1/605 
f 1187/1/1187 1188/1/1188 1200/1/1200 
f 1200/1/1200 633/1/633 640/1/640 
f 615/1/615 614/1/614 1202/1/1202 640/1/640 
f 1203/1/1203 1176/1/1176 1173/1/1173 
f 1192/1/1192 1196/1/1196 1203/1/1203 1191/1/1191 
f 1203/1/1203 1196/1/1196 1195/1/1195 
f 1204/1/1204 1177/1/1177 1176/1/1176 
f 1205/1/1205 1206/1/1206 1207/1/1207 1208/1/1208 
f 1209/1/1209 1207/1/1207 1206/1/1206 1210/1/1210 
f 1211/1/1211 1212/1/1212 1207/1/1207 1209/1/1209 
f 1208/1/1208 1207/1/1207 1212/1/1212 1213/1/1213 
f 1211/1/1211 1214/1/1214 1215/1/1215 1212/1/1212 
f 1216/1/1216 1215/1/1215 1214/1/1214 1217/1/1217 
f 1218/1/1218 1219/1/1219 1215/1/1215 1216/1/1216 
f 1219/1/1219 1213/1/1213 1212/1/1212 
f 1209/1/1209 1220/1/1220 1214/1/1214 1211/1/1211 
f 1221/1/1221 1220/1/1220 1209/1/1209 1210/1/1210 
f 1222/1/1222 1223/1/1223 1220/1/1220 1221/1/1221 
f 1214/1/1214 1220/1/1220 1223/1/1223 1217/1/1217 
f 1224/1/1224 1225/1/1225 1226/1/1226 1227/1/1227 
f 1228/1/1228 1229/1/1229 1225/1/1225 1224/1/1224 
f 1221/1/1221 1225/1/1225 1229/1/1229 1222/1/1222 
f 1210/1/1210 1226/1/1226 1225/1/1225 1221/1/1221 
f 1217/1/1217 1223/1/1223 1230/1/1230 1231/1/1231 
f 1232/1/1232 1230/1/1230 1223/1/1223 1222/1/1222 
f 1233/1/1233 1234/1/1234 1230/1/1230 1232/1/1232 
f 1231/1/1231 1230/1/1230 1234/1/1234 1235/1/1235 
f 1228/1/1228 1236/1/1236 1237/1/1237 1229/1/1229 
f 1238/1/1238 1237/1/1237 1236/1/1236 1239/1/1239 
f 1238/1/1238 1233/1/1233 1232/1/1232 1237/1/1237 
f 1222/1/1222 1229/1/1229 1237/1/1237 1232/1/1232 
f 1240/1/1240 1241/1/1241 1238/1/1238 1239/1/1239 
f 1242/1/1242 1243/1/1243 1241/1/1241 1240/1/1240 
f 1244/1/1244 1241/1/1241 1243/1/1243 1245/1/1245 
f 1233/1/1233 1238/1/1238 1241/1/1241 1244/1/1244 
f 1246/1/1246 1247/1/1247 1248/1/1248 1249/1/1249 
f 1250/1/1250 1251/1/1251 1248/1/1248 1247/1/1247 
f 1121/1/1121 1248/1/1248 1251/1/1251 1122/1/1122 
f 1249/1/1249 1248/1/1248 1121/1/1121 1116/1/1116 
f 1252/1/1252 1253/1/1253 1254/1/1254 1255/1/1255 
f 1256/1/1256 1254/1/1254 1253/1/1253 1257/1/1257 
f 1101/1/1101 1097/1/1097 1254/1/1254 1256/1/1256 
f 1255/1/1255 1254/1/1254 1097/1/1097 1096/1/1096 
f 1258/1/1258 1256/1/1256 1257/1/1257 
f 1106/1/1106 1258/1/1258 1259/1/1259 1104/1/1104 
f 1256/1/1256 1258/1/1258 1106/1/1106 1101/1/1101 
f 1114/1/1114 1260/1/1260 1261/1/1261 1115/1/1115 
f 1260/1/1260 1262/1/1262 1263/1/1263 
f 1246/1/1246 1249/1/1249 1261/1/1261 
f 1116/1/1116 1115/1/1115 1261/1/1261 1249/1/1249 
f 1264/1/1264 1265/1/1265 1266/1/1266 
f 1267/1/1267 1264/1/1264 1268/1/1268 1269/1/1269 
f 1264/1/1264 1267/1/1267 1262/1/1262 
f 1260/1/1260 1114/1/1114 1265/1/1265 
f 1270/1/1270 1263/1/1263 1262/1/1262 
f 1271/1/1271 1270/1/1270 1272/1/1272 1273/1/1273 
f 1274/1/1274 1275/1/1275 1270/1/1270 1271/1/1271 
f 1263/1/1263 1270/1/1270 1275/1/1275 1246/1/1246 
f 1273/1/1273 1276/1/1276 1277/1/1277 
f 1276/1/1276 1269/1/1269 1278/1/1278 
f 1278/1/1278 1104/1/1104 1259/1/1259 
f 1259/1/1259 1257/1/1257 1279/1/1279 
f 1104/1/1104 1278/1/1278 1280/1/1280 1105/1/1105 
f 1278/1/1278 1269/1/1269 1281/1/1281 
f 865/1/865 863/1/863 1280/1/1280 1281/1/1281 
f 863/1/863 864/1/864 1105/1/1105 
f 1273/1/1273 1272/1/1272 1282/1/1282 1276/1/1276 
f 1262/1/1262 1267/1/1267 1282/1/1282 1272/1/1272 
f 1276/1/1276 1282/1/1282 1267/1/1267 1269/1/1269 
f 858/1/858 866/1/866 1283/1/1283 1284/1/1284 
f 1281/1/1281 1283/1/1283 866/1/866 865/1/865 
f 1269/1/1269 1268/1/1268 1283/1/1283 1281/1/1281 
f 1284/1/1284 1283/1/1283 1268/1/1268 1266/1/1266 
f 1285/1/1285 1286/1/1286 1274/1/1274 
f 1271/1/1271 1273/1/1273 1279/1/1279 1285/1/1285 
f 1257/1/1257 1253/1/1253 1285/1/1285 1279/1/1279 
f 1253/1/1253 1252/1/1252 1286/1/1286 
f 860/1/860 1287/1/1287 1288/1/1288 855/1/855 
f 1027/1/1027 1288/1/1288 1287/1/1287 1030/1/1030 
f 1028/1/1028 1046/1/1046 1288/1/1288 1027/1/1027 
f 855/1/855 1288/1/1288 1046/1/1046 852/1/852 
f 1001/1/1001 1029/1/1029 1289/1/1289 1000/1/1000 
f 1030/1/1030 1290/1/1290 1289/1/1289 1029/1/1029 
f 1291/1/1291 1289/1/1289 1290/1/1290 1292/1/1292 
f 1000/1/1000 1289/1/1289 1291/1/1291 1002/1/1002 
f 1293/1/1293 1284/1/1284 1266/1/1266 
f 1294/1/1294 1293/1/1293 1295/1/1295 1296/1/1296 
f 860/1/860 859/1/859 1293/1/1293 1294/1/1294 
f 1284/1/1284 1293/1/1293 859/1/859 858/1/858 
f 1114/1/1114 1113/1/1113 1297/1/1297 1265/1/1265 
f 1298/1/1298 1297/1/1297 1113/1/1113 1112/1/1112 
f 1296/1/1296 1295/1/1295 1297/1/1297 1298/1/1298 
f 1295/1/1295 1266/1/1266 1265/1/1265 
f 1299/1/1299 1300/1/1300 1301/1/1301 1302/1/1302 
f 1030/1/1030 1287/1/1287 1300/1/1300 1299/1/1299 
f 1294/1/1294 1300/1/1300 1287/1/1287 860/1/860 
f 1296/1/1296 1301/1/1301 1300/1/1300 
f 1292/1/1292 1290/1/1290 1303/1/1303 1304/1/1304 
f 1299/1/1299 1303/1/1303 1290/1/1290 1030/1/1030 
f 1302/1/1302 1304/1/1304 1303/1/1303 1299/1/1299 
f 1298/1/1298 1305/1/1305 1306/1/1306 1296/1/1296 
f 1112/1/1112 1307/1/1307 1305/1/1305 1298/1/1298 
f 1308/1/1308 1306/1/1306 1305/1/1305 1307/1/1307 
f 1292/1/1292 1309/1/1309 1310/1/1310 1291/1/1291 
f 1311/1/1311 1312/1/1312 1310/1/1310 1309/1/1309 
f 1313/1/1313 1310/1/1310 1312/1/1312 1314/1/1314 
f 1002/1/1002 1291/1/1291 1310/1/1310 1313/1/1313 
f 1315/1/1315 1316/1/1316 1304/1/1304 1302/1/1302 
f 1316/1/1316 1315/1/1315 1317/1/1317 
f 1309/1/1309 1316/1/1316 1318/1/1318 1311/1/1311 
f 1304/1/1304 1316/1/1316 1309/1/1309 1292/1/1292 
f 1308/1/1308 1319/1/1319 1320/1/1320 1306/1/1306 
f 1315/1/1315 1320/1/1320 1319/1/1319 1317/1/1317 
f 1302/1/1302 1301/1/1301 1320/1/1320 1315/1/1315 
f 1306/1/1306 1320/1/1320 1301/1/1301 1296/1/1296 
f 1312/1/1312 1311/1/1311 1321/1/1321 
f 1322/1/1322 1323/1/1323 1324/1/1324 1321/1/1321 
f 1325/1/1325 1324/1/1324 1323/1/1323 1326/1/1326 
f 1314/1/1314 1312/1/1312 1324/1/1324 1325/1/1325 
f 1327/1/1327 1328/1/1328 1109/1/1109 1108/1/1108 
f 1327/1/1327 1329/1/1329 1330/1/1330 1328/1/1328 
f 1308/1/1308 1307/1/1307 1328/1/1328 1330/1/1330 
f 1109/1/1109 1328/1/1328 1307/1/1307 1112/1/1112 
f 1329/1/1329 1331/1/1331 1332/1/1332 1330/1/1330 
f 1333/1/1333 1332/1/1332 1331/1/1331 1334/1/1334 
f 1332/1/1332 1333/1/1333 1317/1/1317 
f 1330/1/1330 1332/1/1332 1319/1/1319 1308/1/1308 
f 1334/1/1334 1335/1/1335 1336/1/1336 1333/1/1333 
f 1321/1/1321 1336/1/1336 1335/1/1335 1322/1/1322 
f 1311/1/1311 1318/1/1318 1336/1/1336 1321/1/1321 
f 1318/1/1318 1317/1/1317 1333/1/1333 
f 1337/1/1337 1338/1/1338 1339/1/1339 1340/1/1340 
f 1341/1/1341 1339/1/1339 1338/1/1338 1342/1/1342 
f 1326/1/1326 1323/1/1323 1339/1/1339 1341/1/1341 
f 1323/1/1323 1322/1/1322 1340/1/1340 
f 1108/1/1108 1118/1/1118 1343/1/1343 1327/1/1327 
f 1344/1/1344 1343/1/1343 1118/1/1118 1117/1/1117 
f 1345/1/1345 1343/1/1343 1344/1/1344 1346/1/1346 
f 1327/1/1327 1343/1/1343 1345/1/1345 1329/1/1329 
f 1346/1/1346 1347/1/1347 1348/1/1348 1345/1/1345 
f 1349/1/1349 1348/1/1348 1347/1/1347 1350/1/1350 
f 1334/1/1334 1331/1/1331 1348/1/1348 1349/1/1349 
f 1345/1/1345 1348/1/1348 1331/1/1331 1329/1/1329 
f 1350/1/1350 1351/1/1351 1352/1/1352 1349/1/1349 
f 1340/1/1340 1352/1/1352 1351/1/1351 1337/1/1337 
f 1322/1/1322 1335/1/1335 1352/1/1352 1340/1/1340 
f 1349/1/1349 1352/1/1352 1335/1/1335 1334/1/1334 
f 1353/1/1353 1354/1/1354 1355/1/1355 1356/1/1356 
f 1357/1/1357 1355/1/1355 1354/1/1354 1358/1/1358 
f 1359/1/1359 1360/1/1360 1355/1/1355 1357/1/1357 
f 1356/1/1356 1355/1/1355 1360/1/1360 1361/1/1361 
f 1362/1/1362 1354/1/1354 1353/1/1353 
f 1363/1/1363 1362/1/1362 1364/1/1364 1365/1/1365 
f 1366/1/1366 1367/1/1367 1362/1/1362 1363/1/1363 
f 1354/1/1354 1362/1/1362 1367/1/1367 1358/1/1358 
f 1368/1/1368 1369/1/1369 1370/1/1370 1371/1/1371 
f 1370/1/1370 1372/1/1372 1373/1/1373 
f 1374/1/1374 1375/1/1375 1371/1/1371 1373/1/1373 
f 1375/1/1375 1376/1/1376 1368/1/1368 1371/1/1371 
f 1372/1/1372 1377/1/1377 1378/1/1378 1373/1/1373 
f 1379/1/1379 1378/1/1378 1377/1/1377 1380/1/1380 
f 1381/1/1381 1382/1/1382 1378/1/1378 1379/1/1379 
f 1373/1/1373 1378/1/1378 1382/1/1382 1374/1/1374 
f 1155/1/1155 1154/1/1154 1383/1/1383 1384/1/1384 
f 1385/1/1385 1383/1/1383 1154/1/1154 1153/1/1153 
f 1386/1/1386 1387/1/1387 1383/1/1383 1385/1/1385 
f 1384/1/1384 1383/1/1383 1387/1/1387 1388/1/1388 
f 1389/1/1389 1390/1/1390 1391/1/1391 1392/1/1392 
f 1390/1/1390 1393/1/1393 1394/1/1394 
f 1380/1/1380 1377/1/1377 1391/1/1391 1394/1/1394 
f 1377/1/1377 1372/1/1372 1392/1/1392 
f 1393/1/1393 1390/1/1390 1395/1/1395 1396/1/1396 
f 1397/1/1397 1395/1/1395 1390/1/1390 1389/1/1389 
f 1388/1/1388 1387/1/1387 1395/1/1395 1397/1/1397 
f 1396/1/1396 1395/1/1395 1387/1/1387 1386/1/1386 
f 1398/1/1398 1399/1/1399 1400/1/1400 1401/1/1401 
f 1402/1/1402 1400/1/1400 1399/1/1399 1403/1/1403 
f 1404/1/1404 1405/1/1405 1400/1/1400 1402/1/1402 
f 1401/1/1401 1400/1/1400 1405/1/1405 1406/1/1406 
f 1407/1/1407 1408/1/1408 1409/1/1409 1410/1/1410 
f 1150/1/1150 1409/1/1409 1408/1/1408 1153/1/1153 
f 1409/1/1409 1150/1/1150 1152/1/1152 
f 1410/1/1410 1409/1/1409 1178/1/1178 1177/1/1177 
f 1411/1/1411 1412/1/1412 1408/1/1408 1407/1/1407 
f 1385/1/1385 1412/1/1412 1411/1/1411 1386/1/1386 
f 1412/1/1412 1385/1/1385 1153/1/1153 
f 1380/1/1380 1413/1/1413 1414/1/1414 1379/1/1379 
f 1401/1/1401 1414/1/1414 1413/1/1413 1398/1/1398 
f 1406/1/1406 1415/1/1415 1414/1/1414 1401/1/1401 
f 1379/1/1379 1414/1/1414 1415/1/1415 1381/1/1381 
f 1177/1/1177 1204/1/1204 1416/1/1416 1410/1/1410 
f 1204/1/1204 1195/1/1195 1417/1/1417 
f 1418/1/1418 1419/1/1419 1416/1/1416 1417/1/1417 
f 1419/1/1419 1407/1/1407 1410/1/1410 
f 1420/1/1420 1421/1/1421 1422/1/1422 
f 1420/1/1420 1423/1/1423 1407/1/1407 
f 1421/1/1421 1420/1/1420 1419/1/1419 1418/1/1418 
f 1403/1/1403 1424/1/1424 1425/1/1425 
f 1418/1/1418 1426/1/1426 1425/1/1425 
f 596/1/596 1425/1/1425 1426/1/1426 597/1/597 
f 596/1/596 536/1/536 1427/1/1427 
f 1428/1/1428 1422/1/1422 1421/1/1421 
f 1424/1/1424 1429/1/1429 1421/1/1421 1418/1/1418 
f 1429/1/1429 1424/1/1424 1403/1/1403 
f 1428/1/1428 1429/1/1429 1399/1/1399 1398/1/1398 
f 597/1/597 1426/1/1426 1430/1/1430 1185/1/1185 
f 1417/1/1417 1430/1/1430 1426/1/1426 1418/1/1418 
f 1195/1/1195 1194/1/1194 1430/1/1430 1417/1/1417 
f 1185/1/1185 1430/1/1430 1194/1/1194 1188/1/1188 
f 1393/1/1393 1431/1/1431 1432/1/1432 1394/1/1394 
f 1428/1/1428 1432/1/1432 1431/1/1431 1422/1/1422 
f 1432/1/1432 1428/1/1428 1398/1/1398 
f 1394/1/1394 1432/1/1432 1413/1/1413 1380/1/1380 
f 1411/1/1411 1407/1/1407 1423/1/1423 
f 1431/1/1431 1433/1/1433 1423/1/1423 1422/1/1422 
f 1431/1/1431 1393/1/1393 1396/1/1396 
f 1433/1/1433 1396/1/1396 1386/1/1386 
f 1434/1/1434 1435/1/1435 1436/1/1436 1437/1/1437 
f 1415/1/1415 1436/1/1436 1435/1/1435 1381/1/1381 
f 1406/1/1406 1405/1/1405 1436/1/1436 1415/1/1415 
f 1405/1/1405 1404/1/1404 1437/1/1437 
f 1438/1/1438 1439/1/1439 1435/1/1435 1434/1/1434 
f 1440/1/1440 1439/1/1439 1438/1/1438 1441/1/1441 
f 1439/1/1439 1440/1/1440 1374/1/1374 
f 1435/1/1435 1439/1/1439 1382/1/1382 1381/1/1381 
f 1442/1/1442 1443/1/1443 1444/1/1444 1445/1/1445 
f 1446/1/1446 1444/1/1444 1443/1/1443 1447/1/1447 
f 1444/1/1444 1446/1/1446 1441/1/1441 
f 1445/1/1445 1444/1/1444 1438/1/1438 1434/1/1434 
f 1440/1/1440 1448/1/1448 1375/1/1375 1374/1/1374 
f 1441/1/1441 1449/1/1449 1448/1/1448 1440/1/1440 
f 1450/1/1450 1451/1/1451 1448/1/1448 1449/1/1449 
f 1376/1/1376 1375/1/1375 1448/1/1448 
f 1446/1/1446 1452/1/1452 1449/1/1449 1441/1/1441 
f 1446/1/1446 1447/1/1447 1453/1/1453 1452/1/1452 
f 1454/1/1454 1455/1/1455 1452/1/1452 1453/1/1453 
f 1449/1/1449 1452/1/1452 1455/1/1455 1450/1/1450 
f 1456/1/1456 1457/1/1457 1458/1/1458 1459/1/1459 
f 1460/1/1460 1458/1/1458 1457/1/1457 1461/1/1461 
f 1462/1/1462 1463/1/1463 1458/1/1458 1460/1/1460 
f 1459/1/1459 1458/1/1458 1463/1/1463 1464/1/1464 
f 1465/1/1465 1466/1/1466 1467/1/1467 1468/1/1468 
f 1469/1/1469 1467/1/1467 1466/1/1466 1470/1/1470 
f 1361/1/1361 1360/1/1360 1467/1/1467 1469/1/1469 
f 1468/1/1468 1467/1/1467 1360/1/1360 1359/1/1359 
f 1471/1/1471 1472/1/1472 1473/1/1473 1474/1/1474 
f 1341/1/1341 1473/1/1473 1472/1/1472 1326/1/1326 
f 1342/1/1342 1475/1/1475 1473/1/1473 1341/1/1341 
f 1474/1/1474 1473/1/1473 1475/1/1475 1476/1/1476 
f 1314/1/1314 1477/1/1477 1478/1/1478 1313/1/1313 
f 1479/1/1479 1478/1/1478 1477/1/1477 1480/1/1480 
f 1004/1/1004 1003/1/1003 1478/1/1478 1479/1/1479 
f 1313/1/1313 1478/1/1478 1003/1/1003 1002/1/1002 
f 1480/1/1480 1477/1/1477 1481/1/1481 1482/1/1482 
f 1325/1/1325 1481/1/1481 1477/1/1477 1314/1/1314 
f 1326/1/1326 1472/1/1472 1481/1/1481 1325/1/1325 
f 1482/1/1482 1481/1/1481 1472/1/1472 1471/1/1471 
f 1480/1/1480 1483/1/1483 1484/1/1484 1479/1/1479 
f 1483/1/1483 1485/1/1485 1486/1/1486 
f 1484/1/1484 1486/1/1486 1487/1/1487 
f 1479/1/1479 1484/1/1484 1488/1/1488 1004/1/1004 
f 1004/1/1004 1488/1/1488 1489/1/1489 999/1/999 
f 1490/1/1490 1489/1/1489 1488/1/1488 1487/1/1487 
f 849/1/849 848/1/848 1489/1/1489 1490/1/1490 
f 999/1/999 1489/1/1489 848/1/848 847/1/847 
f 1491/1/1491 1492/1/1492 1485/1/1485 
f 1482/1/1482 1491/1/1491 1483/1/1483 1480/1/1480 
f 1471/1/1471 1493/1/1493 1491/1/1491 1482/1/1482 
f 1494/1/1494 1492/1/1492 1491/1/1491 
f 1486/1/1486 1495/1/1495 1496/1/1496 1487/1/1487 
f 1485/1/1485 1497/1/1497 1495/1/1495 1486/1/1486 
f 1498/1/1498 1496/1/1496 1495/1/1495 1497/1/1497 
f 1434/1/1434 1499/1/1499 1500/1/1500 1445/1/1445 
f 1501/1/1501 1500/1/1500 1499/1/1499 1502/1/1502 
f 1503/1/1503 1504/1/1504 1500/1/1500 1501/1/1501 
f 1445/1/1445 1500/1/1500 1504/1/1504 1442/1/1442 
f 1505/1/1505 1506/1/1506 1507/1/1507 1508/1/1508 
f 1509/1/1509 1507/1/1507 1506/1/1506 1502/1/1502 
f 1508/1/1508 1507/1/1507 1509/1/1509 1510/1/1510 
f 1511/1/1511 1437/1/1437 1404/1/1404 
f 1512/1/1512 1510/1/1510 1509/1/1509 
f 1502/1/1502 1499/1/1499 1511/1/1511 1509/1/1509 
f 1499/1/1499 1434/1/1434 1437/1/1437 
f 1513/1/1513 1514/1/1514 1515/1/1515 1516/1/1516 
f 1517/1/1517 1518/1/1518 1514/1/1514 1513/1/1513 
f 1519/1/1519 1520/1/1520 1514/1/1514 1518/1/1518 
f 1515/1/1515 1514/1/1514 1520/1/1520 1521/1/1521 
f 1522/1/1522 1523/1/1523 1524/1/1524 
f 1525/1/1525 1526/1/1526 1522/1/1522 1527/1/1527 
f 1528/1/1528 1522/1/1522 1526/1/1526 1529/1/1529 
f 1523/1/1523 1522/1/1522 1528/1/1528 1530/1/1530 
f 1531/1/1531 1532/1/1532 1533/1/1533 1534/1/1534 
f 1535/1/1535 1536/1/1536 1533/1/1533 1532/1/1532 
f 1536/1/1536 1524/1/1524 1523/1/1523 1533/1/1533 
f 1530/1/1530 1534/1/1534 1533/1/1533 1523/1/1523 
f 1537/1/1537 1538/1/1538 1536/1/1536 1535/1/1535 
f 1539/1/1539 1540/1/1540 1538/1/1538 1537/1/1537 
f 1525/1/1525 1527/1/1527 1538/1/1538 1540/1/1540 
f 1524/1/1524 1536/1/1536 1538/1/1538 1527/1/1527 
f 1541/1/1541 1542/1/1542 1520/1/1520 1519/1/1519 
f 1541/1/1541 1535/1/1535 1532/1/1532 1542/1/1542 
f 1543/1/1543 1542/1/1542 1532/1/1532 1531/1/1531 
f 1521/1/1521 1520/1/1520 1542/1/1542 1543/1/1543 
f 1544/1/1544 1518/1/1518 1517/1/1517 
f 1545/1/1545 1539/1/1539 1537/1/1537 
f 1535/1/1535 1541/1/1541 1544/1/1544 1537/1/1537 
f 1518/1/1518 1544/1/1544 1541/1/1541 1519/1/1519 
f 1516/1/1516 1546/1/1546 1547/1/1547 1513/1/1513 
f 1548/1/1548 1547/1/1547 1546/1/1546 1549/1/1549 
f 1539/1/1539 1545/1/1545 1547/1/1547 1548/1/1548 
f 1513/1/1513 1547/1/1547 1545/1/1545 1517/1/1517 
f 1529/1/1529 1526/1/1526 1550/1/1550 1551/1/1551 
f 1540/1/1540 1550/1/1550 1526/1/1526 1525/1/1525 
f 1539/1/1539 1548/1/1548 1550/1/1550 1540/1/1540 
f 1551/1/1551 1550/1/1550 1548/1/1548 1549/1/1549 
f 1552/1/1552 1553/1/1553 1554/1/1554 1555/1/1555 
f 1556/1/1556 1554/1/1554 1553/1/1553 1557/1/1557 
f 1558/1/1558 1559/1/1559 1554/1/1554 1556/1/1556 
f 1555/1/1555 1554/1/1554 1559/1/1559 1560/1/1560 
f 1552/1/1552 1561/1/1561 1562/1/1562 1553/1/1553 
f 1563/1/1563 1562/1/1562 1561/1/1561 1564/1/1564 
f 1565/1/1565 1566/1/1566 1562/1/1562 1563/1/1563 
f 1553/1/1553 1562/1/1562 1566/1/1566 1557/1/1557 
f 1567/1/1567 1568/1/1568 1569/1/1569 1570/1/1570 
f 1555/1/1555 1569/1/1569 1568/1/1568 1552/1/1552 
f 1560/1/1560 1571/1/1571 1569/1/1569 1555/1/1555 
f 1570/1/1570 1569/1/1569 1571/1/1571 1572/1/1572 
f 1567/1/1567 1573/1/1573 1574/1/1574 1568/1/1568 
f 1575/1/1575 1574/1/1574 1573/1/1573 1576/1/1576 
f 1564/1/1564 1561/1/1561 1574/1/1574 1575/1/1575 
f 1568/1/1568 1574/1/1574 1561/1/1561 1552/1/1552 
f 1510/1/1510 1577/1/1577 1578/1/1578 1508/1/1508 
f 1579/1/1579 1578/1/1578 1577/1/1577 1580/1/1580 
f 1572/1/1572 1581/1/1581 1578/1/1578 1579/1/1579 
f 1508/1/1508 1578/1/1578 1581/1/1581 1505/1/1505 
f 1582/1/1582 1576/1/1576 1583/1/1583 
f 1584/1/1584 1585/1/1585 1583/1/1583 1586/1/1586 
f 1584/1/1584 835/1/835 842/1/842 
f 1582/1/1582 1585/1/1585 842/1/842 841/1/841 
f 1587/1/1587 836/1/836 835/1/835 
f 1584/1/1584 1586/1/1586 1588/1/1588 
f 527/1/527 827/1/827 1587/1/1587 1588/1/1588 
f 836/1/836 1587/1/1587 827/1/827 820/1/820 
f 1589/1/1589 1590/1/1590 1580/1/1580 
f 1591/1/1591 1403/1/1403 1427/1/1427 
f 1589/1/1589 1427/1/1427 536/1/536 
f 535/1/535 541/1/541 1590/1/1590 
f 1577/1/1577 1592/1/1592 1591/1/1591 1580/1/1580 
f 1512/1/1512 1592/1/1592 1577/1/1577 1510/1/1510 
f 1402/1/1402 1592/1/1592 1512/1/1512 1404/1/1404 
f 1402/1/1402 1403/1/1403 1591/1/1591 
f 527/1/527 1588/1/1588 1593/1/1593 526/1/526 
f 1594/1/1594 1593/1/1593 1588/1/1588 1586/1/1586 
f 1594/1/1594 1595/1/1595 1596/1/1596 
f 1596/1/1596 523/1/523 526/1/526 
f 1597/1/1597 1570/1/1570 1572/1/1572 
f 1579/1/1579 1580/1/1580 1598/1/1598 
f 1599/1/1599 1600/1/1600 1597/1/1597 1598/1/1598 
f 1600/1/1600 1567/1/1567 1570/1/1570 
f 514/1/514 1601/1/1601 1602/1/1602 533/1/533 
f 1603/1/1603 1602/1/1602 1601/1/1601 1595/1/1595 
f 540/1/540 1602/1/1602 1603/1/1603 541/1/541 
f 533/1/533 1602/1/1602 540/1/540 530/1/530 
f 1604/1/1604 510/1/510 509/1/509 
f 522/1/522 523/1/523 1596/1/1596 
f 1601/1/1601 1604/1/1604 1596/1/1596 1595/1/1595 
f 1601/1/1601 514/1/514 510/1/510 
f 1594/1/1594 1605/1/1605 1606/1/1606 1595/1/1595 
f 1605/1/1605 1594/1/1594 1586/1/1586 
f 1599/1/1599 1606/1/1606 1605/1/1605 1607/1/1607 
f 541/1/541 1603/1/1603 1608/1/1608 1590/1/1590 
f 1606/1/1606 1608/1/1608 1603/1/1603 1595/1/1595 
f 1606/1/1606 1599/1/1599 1598/1/1598 
f 1590/1/1590 1608/1/1608 1598/1/1598 1580/1/1580 
f 1567/1/1567 1600/1/1600 1609/1/1609 1573/1/1573 
f 1607/1/1607 1609/1/1609 1600/1/1600 1599/1/1599 
f 1586/1/1586 1583/1/1583 1609/1/1609 1607/1/1607 
f 1573/1/1573 1609/1/1609 1583/1/1583 1576/1/1576 
f 841/1/841 840/1/840 1610/1/1610 1582/1/1582 
f 1610/1/1610 840/1/840 839/1/839 
f 1611/1/1611 1610/1/1610 1612/1/1612 1613/1/1613 
f 1611/1/1611 1576/1/1576 1582/1/1582 
f 1614/1/1614 1615/1/1615 1616/1/1616 1617/1/1617 
f 1614/1/1614 1618/1/1618 1619/1/1619 
f 1615/1/1615 1619/1/1619 849/1/849 
f 1616/1/1616 1615/1/1615 1490/1/1490 1487/1/1487 
f 1614/1/1614 1620/1/1620 1621/1/1621 1618/1/1618 
f 1617/1/1617 1622/1/1622 1620/1/1620 1614/1/1614 
f 1620/1/1620 1622/1/1622 1623/1/1623 
f 1624/1/1624 1625/1/1625 1618/1/1618 
f 1626/1/1626 1624/1/1624 1621/1/1621 1623/1/1623 
f 1624/1/1624 1626/1/1626 1613/1/1613 
f 1625/1/1625 1624/1/1624 1612/1/1612 839/1/839 
f 1627/1/1627 1628/1/1628 1629/1/1629 
f 1617/1/1617 1616/1/1616 1629/1/1629 
f 1629/1/1629 1616/1/1616 1487/1/1487 
f 1630/1/1630 1629/1/1629 1496/1/1496 1498/1/1498 
f 1613/1/1613 1631/1/1631 1632/1/1632 1611/1/1611 
f 1633/1/1633 1632/1/1632 1631/1/1631 1634/1/1634 
f 1564/1/1564 1575/1/1575 1632/1/1632 1633/1/1633 
f 1611/1/1611 1632/1/1632 1575/1/1575 1576/1/1576 
f 1623/1/1623 1635/1/1635 1636/1/1636 1626/1/1626 
f 1637/1/1637 1636/1/1636 1635/1/1635 1638/1/1638 
f 1634/1/1634 1631/1/1631 1636/1/1636 1637/1/1637 
f 1626/1/1626 1636/1/1636 1631/1/1631 1613/1/1613 
f 1627/1/1627 1639/1/1639 1640/1/1640 1628/1/1628 
f 1635/1/1635 1640/1/1640 1639/1/1639 1638/1/1638 
f 1622/1/1622 1640/1/1640 1635/1/1635 1623/1/1623 
f 1617/1/1617 1628/1/1628 1640/1/1640 1622/1/1622 
f 1634/1/1634 1641/1/1641 1642/1/1642 1633/1/1633 
f 1643/1/1643 1642/1/1642 1641/1/1641 1644/1/1644 
f 1565/1/1565 1563/1/1563 1642/1/1642 1643/1/1643 
f 1633/1/1633 1642/1/1642 1563/1/1563 1564/1/1564 
f 1645/1/1645 1646/1/1646 1647/1/1647 1648/1/1648 
f 1649/1/1649 1647/1/1647 1646/1/1646 1650/1/1650 
f 1638/1/1638 1639/1/1639 1647/1/1647 1649/1/1649 
f 1648/1/1648 1647/1/1647 1639/1/1639 1627/1/1627 
f 1649/1/1649 1651/1/1651 1637/1/1637 1638/1/1638 
f 1650/1/1650 1652/1/1652 1651/1/1651 1649/1/1649 
f 1644/1/1644 1641/1/1641 1651/1/1651 1652/1/1652 
f 1637/1/1637 1651/1/1651 1641/1/1641 1634/1/1634 
f 1644/1/1644 1653/1/1653 1654/1/1654 1643/1/1643 
f 1655/1/1655 1656/1/1656 1654/1/1654 1653/1/1653 
f 1657/1/1657 1658/1/1658 1654/1/1654 1656/1/1656 
f 1643/1/1643 1654/1/1654 1658/1/1658 1565/1/1565 
f 1659/1/1659 1660/1/1660 1661/1/1661 1662/1/1662 
f 1663/1/1663 1661/1/1661 1660/1/1660 1664/1/1664 
f 1650/1/1650 1646/1/1646 1661/1/1661 1663/1/1663 
f 1662/1/1662 1661/1/1661 1646/1/1646 1645/1/1645 
f 1664/1/1664 1665/1/1665 1666/1/1666 1663/1/1663 
f 1653/1/1653 1666/1/1666 1665/1/1665 1655/1/1655 
f 1644/1/1644 1652/1/1652 1666/1/1666 1653/1/1653 
f 1663/1/1663 1666/1/1666 1652/1/1652 1650/1/1650 
f 1667/1/1667 1668/1/1668 1669/1/1669 1670/1/1670 
f 1671/1/1671 1669/1/1669 1668/1/1668 1672/1/1672 
f 1673/1/1673 1674/1/1674 1669/1/1669 1671/1/1671 
f 1670/1/1670 1669/1/1669 1674/1/1674 1675/1/1675 
f 1676/1/1676 1677/1/1677 1678/1/1678 1679/1/1679 
f 1680/1/1680 1681/1/1681 1677/1/1677 1676/1/1676 
f 1670/1/1670 1677/1/1677 1681/1/1681 1667/1/1667 
f 1675/1/1675 1678/1/1678 1677/1/1677 1670/1/1670 
f 1682/1/1682 1683/1/1683 1684/1/1684 1685/1/1685 
f 1676/1/1676 1684/1/1684 1683/1/1683 1680/1/1680 
f 1679/1/1679 1686/1/1686 1684/1/1684 1676/1/1676 
f 1685/1/1685 1684/1/1684 1686/1/1686 1687/1/1687 
f 1688/1/1688 1689/1/1689 1690/1/1690 1691/1/1691 
f 174/1/174 1690/1/1690 1689/1/1689 178/1/178 
f 173/1/173 1692/1/1692 1690/1/1690 174/1/174 
f 1691/1/1691 1690/1/1690 1692/1/1692 1693/1/1693 
f 1694/1/1694 1695/1/1695 183/1/183 182/1/182 
f 1696/1/1696 1697/1/1697 1695/1/1695 1694/1/1694 
f 1695/1/1695 1697/1/1697 1693/1/1693 
f 183/1/183 1695/1/1695 1692/1/1692 173/1/173 
f 182/1/182 193/1/193 1698/1/1698 1694/1/1694 
f 1699/1/1699 1698/1/1698 193/1/193 192/1/192 
f 1698/1/1698 1699/1/1699 1700/1/1700 
f 1694/1/1694 1698/1/1698 1701/1/1701 1696/1/1696 
f 1702/1/1702 1703/1/1703 1704/1/1704 1705/1/1705 
f 1706/1/1706 1707/1/1707 1703/1/1703 1702/1/1702 
f 1708/1/1708 1703/1/1703 1707/1/1707 1709/1/1709 
f 1132/1/1132 1704/1/1704 1703/1/1703 1708/1/1708 
f 278/1/278 1710/1/1710 1711/1/1711 277/1/277 
f 1710/1/1710 1712/1/1712 1713/1/1713 
f 139/1/139 138/1/138 1711/1/1711 1713/1/1713 
f 277/1/277 1711/1/1711 138/1/138 143/1/143 
f 137/1/137 1714/1/1714 1715/1/1715 132/1/132 
f 1716/1/1716 1717/1/1717 1715/1/1715 1714/1/1714 
f 145/1/145 1715/1/1715 1717/1/1717 146/1/146 
f 132/1/132 1715/1/1715 145/1/145 129/1/129 
f 1718/1/1718 1719/1/1719 1720/1/1720 1721/1/1721 
f 1710/1/1710 1720/1/1720 1719/1/1719 1712/1/1712 
f 278/1/278 330/1/330 1720/1/1720 1710/1/1710 
f 1721/1/1721 1720/1/1720 330/1/330 331/1/331 
f 1235/1/1235 1722/1/1722 1723/1/1723 1231/1/1231 
f 1722/1/1722 1724/1/1724 1725/1/1725 
f 1218/1/1218 1216/1/1216 1723/1/1723 1725/1/1725 
f 1217/1/1217 1231/1/1231 1723/1/1723 1216/1/1216 
f 1726/1/1726 1727/1/1727 1728/1/1728 1729/1/1729 
f 1725/1/1725 1728/1/1728 1727/1/1727 1218/1/1218 
f 1728/1/1728 1725/1/1725 1724/1/1724 
f 1729/1/1729 1728/1/1728 1730/1/1730 1731/1/1731 
f 1245/1/1245 1732/1/1732 1733/1/1733 1244/1/1244 
f 1722/1/1722 1733/1/1733 1732/1/1732 1724/1/1724 
f 1235/1/1235 1234/1/1234 1733/1/1733 1722/1/1722 
f 1244/1/1244 1733/1/1733 1234/1/1234 1233/1/1233 
f 1239/1/1239 1236/1/1236 1734/1/1734 1240/1/1240 
f 1735/1/1735 1734/1/1734 1236/1/1236 1228/1/1228 
f 1735/1/1735 1736/1/1736 1737/1/1737 
f 1737/1/1737 1242/1/1242 1240/1/1240 
f 1738/1/1738 1739/1/1739 1740/1/1740 1741/1/1741 
f 1530/1/1530 1528/1/1528 1739/1/1739 1738/1/1738 
f 1529/1/1529 1742/1/1742 1739/1/1739 1528/1/1528 
f 1740/1/1740 1739/1/1739 1742/1/1742 1743/1/1743 
f 1744/1/1744 1745/1/1745 1531/1/1531 
f 1738/1/1738 1744/1/1744 1534/1/1534 1530/1/1530 
f 1744/1/1744 1738/1/1738 1741/1/1741 
f 1745/1/1745 1744/1/1744 1746/1/1746 1747/1/1747 
f 1748/1/1748 1749/1/1749 1750/1/1750 1751/1/1751 
f 1752/1/1752 1750/1/1750 1749/1/1749 1753/1/1753 
f 1549/1/1549 1546/1/1546 1750/1/1750 1752/1/1752 
f 1751/1/1751 1750/1/1750 1546/1/1546 1516/1/1516 
f 1549/1/1549 1752/1/1752 1754/1/1754 1551/1/1551 
f 1755/1/1755 1754/1/1754 1752/1/1752 1753/1/1753 
f 1742/1/1742 1754/1/1754 1755/1/1755 1743/1/1743 
f 1551/1/1551 1754/1/1754 1742/1/1742 1529/1/1529 
f 1756/1/1756 1757/1/1757 1206/1/1206 1205/1/1205 
f 1758/1/1758 1757/1/1757 1756/1/1756 1759/1/1759 
f 1227/1/1227 1226/1/1226 1757/1/1757 1758/1/1758 
f 1206/1/1206 1757/1/1757 1226/1/1226 1210/1/1210 
f 1227/1/1227 1758/1/1758 1760/1/1760 1224/1/1224 
f 1761/1/1761 1760/1/1760 1758/1/1758 1759/1/1759 
f 1760/1/1760 1761/1/1761 1736/1/1736 
f 1224/1/1224 1760/1/1760 1735/1/1735 1228/1/1228 
f 1130/1/1130 1128/1/1128 1762/1/1762 1763/1/1763 
f 1764/1/1764 1762/1/1762 1128/1/1128 1127/1/1127 
f 1765/1/1765 1766/1/1766 1762/1/1762 1764/1/1764 
f 1763/1/1763 1762/1/1762 1766/1/1766 1767/1/1767 
f 1767/1/1767 1766/1/1766 1768/1/1768 1769/1/1769 
f 1770/1/1770 1768/1/1768 1766/1/1766 1765/1/1765 
f 1770/1/1770 1366/1/1366 1363/1/1363 1768/1/1768 
f 1363/1/1363 1365/1/1365 1769/1/1769 1768/1/1768 
f 1771/1/1771 1772/1/1772 1773/1/1773 1774/1/1774 
f 1775/1/1775 1773/1/1773 1772/1/1772 1776/1/1776 
f 1777/1/1777 1778/1/1778 1773/1/1773 1775/1/1775 
f 1774/1/1774 1773/1/1773 1778/1/1778 1779/1/1779 
f 1780/1/1780 1781/1/1781 1782/1/1782 1783/1/1783 
f 1784/1/1784 1783/1/1783 1782/1/1782 1785/1/1785 
f 158/1/158 161/1/161 1783/1/1783 1784/1/1784 
f 1780/1/1780 1783/1/1783 161/1/161 166/1/166 
f 1786/1/1786 1787/1/1787 1788/1/1788 1789/1/1789 
f 1790/1/1790 1791/1/1791 1787/1/1787 1786/1/1786 
f 1792/1/1792 1793/1/1793 1787/1/1787 1791/1/1791 
f 1794/1/1794 1788/1/1788 1787/1/1787 1793/1/1793 
f 1792/1/1792 1791/1/1791 1795/1/1795 1796/1/1796 
f 1797/1/1797 1795/1/1795 1791/1/1791 1790/1/1790 
f 146/1/146 1717/1/1717 1795/1/1795 1797/1/1797 
f 1796/1/1796 1795/1/1795 1717/1/1717 1716/1/1716 
f 1798/1/1798 1797/1/1797 1790/1/1790 
f 1799/1/1799 1798/1/1798 1800/1/1800 1801/1/1801 
f 1798/1/1798 1799/1/1799 149/1/149 
f 1797/1/1797 1798/1/1798 148/1/148 146/1/146 
f 1802/1/1802 1786/1/1786 1789/1/1789 
f 1803/1/1803 1804/1/1804 1805/1/1805 
f 1801/1/1801 1800/1/1800 1802/1/1802 1805/1/1805 
f 1786/1/1786 1802/1/1802 1800/1/1800 1790/1/1790 
f 1806/1/1806 1807/1/1807 1808/1/1808 1809/1/1809 
f 1810/1/1810 1808/1/1808 1807/1/1807 1811/1/1811 
f 178/1/178 1689/1/1689 1808/1/1808 1810/1/1810 
f 1809/1/1809 1808/1/1808 1689/1/1689 1688/1/1688 
f 1811/1/1811 1807/1/1807 1812/1/1812 1813/1/1813 
f 1814/1/1814 1812/1/1812 1807/1/1807 1806/1/1806 
f 1776/1/1776 1772/1/1772 1812/1/1812 1814/1/1814 
f 1813/1/1813 1812/1/1812 1772/1/1772 1771/1/1771 
f 1731/1/1731 1815/1/1815 1816/1/1816 1729/1/1729 
f 1815/1/1815 1817/1/1817 1818/1/1818 
f 1076/1/1076 1819/1/1819 1816/1/1816 1818/1/1818 
f 1729/1/1729 1816/1/1816 1819/1/1819 1726/1/1726 
f 1071/1/1071 1820/1/1820 1821/1/1821 1070/1/1070 
f 1822/1/1822 1821/1/1821 1820/1/1820 1823/1/1823 
f 1824/1/1824 1825/1/1825 1821/1/1821 1822/1/1822 
f 1070/1/1070 1821/1/1821 1825/1/1825 246/1/246 
f 1709/1/1709 1707/1/1707 1826/1/1826 1827/1/1827 
f 1828/1/1828 1826/1/1826 1707/1/1707 1706/1/1706 
f 1823/1/1823 1820/1/1820 1826/1/1826 1828/1/1828 
f 1827/1/1827 1826/1/1826 1820/1/1820 1071/1/1071 
f 1829/1/1829 1818/1/1818 1817/1/1817 
f 1830/1/1830 1829/1/1829 1831/1/1831 1832/1/1832 
f 232/1/232 1077/1/1077 1829/1/1829 1830/1/1830 
f 1077/1/1077 1076/1/1076 1818/1/1818 
f 1833/1/1833 1834/1/1834 1835/1/1835 
f 1721/1/1721 1833/1/1833 1836/1/1836 1718/1/1718 
f 331/1/331 334/1/334 1833/1/1833 1721/1/1721 
f 1834/1/1834 1833/1/1833 334/1/334 233/1/233 
f 1837/1/1837 1830/1/1830 1832/1/1832 
f 1834/1/1834 1837/1/1837 1838/1/1838 1835/1/1835 
f 233/1/233 1839/1/1839 1837/1/1837 1834/1/1834 
f 1830/1/1830 1837/1/1837 1839/1/1839 232/1/232 
f 1840/1/1840 1841/1/1841 1842/1/1842 1843/1/1843 
f 241/1/241 1842/1/1842 1841/1/1841 238/1/238 
f 246/1/246 1825/1/1825 1842/1/1842 241/1/241 
f 1843/1/1843 1842/1/1842 1825/1/1825 1824/1/1824 
f 1844/1/1844 1845/1/1845 1846/1/1846 1847/1/1847 
f 1848/1/1848 1846/1/1846 1845/1/1845 1849/1/1849 
f 1126/1/1126 1125/1/1125 1846/1/1846 1848/1/1848 
f 1125/1/1125 1131/1/1131 1847/1/1847 
f 134/1/134 1850/1/1850 1851/1/1851 142/1/142 
f 1852/1/1852 1851/1/1851 1850/1/1850 1853/1/1853 
f 274/1/274 1851/1/1851 1852/1/1852 271/1/271 
f 143/1/143 142/1/142 1851/1/1851 274/1/274 
f 129/1/129 151/1/151 1854/1/1854 130/1/130 
f 1855/1/1855 1854/1/1854 151/1/151 150/1/150 
f 1855/1/1855 1853/1/1853 1850/1/1850 1854/1/1854 
f 130/1/130 1854/1/1854 1850/1/1850 134/1/134 
f 1712/1/1712 1856/1/1856 1857/1/1857 1713/1/1713 
f 1858/1/1858 1857/1/1857 1856/1/1856 1859/1/1859 
f 135/1/135 140/1/140 1857/1/1857 1858/1/1858 
f 1713/1/1713 1857/1/1857 140/1/140 139/1/139 
f 1859/1/1859 1860/1/1860 1861/1/1861 1858/1/1858 
f 1714/1/1714 1861/1/1861 1860/1/1860 1716/1/1716 
f 136/1/136 1861/1/1861 1714/1/1714 137/1/137 
f 1858/1/1858 1861/1/1861 136/1/136 135/1/135 
f 1862/1/1862 1863/1/1863 1864/1/1864 1865/1/1865 
f 341/1/341 1864/1/1864 1863/1/1863 339/1/339 
f 238/1/238 1841/1/1841 1864/1/1864 341/1/341 
f 1865/1/1865 1864/1/1864 1841/1/1841 1840/1/1840 
f 339/1/339 1863/1/1863 1866/1/1866 340/1/340 
f 1867/1/1867 1866/1/1866 1863/1/1863 1862/1/1862 
f 1867/1/1867 1700/1/1700 1699/1/1699 1866/1/1866 
f 192/1/192 340/1/340 1866/1/1866 1699/1/1699 
f 261/1/261 1868/1/1868 1869/1/1869 260/1/260 
f 1870/1/1870 1871/1/1871 1869/1/1869 1868/1/1868 
f 1872/1/1872 1873/1/1873 1869/1/1869 1871/1/1871 
f 260/1/260 1869/1/1869 1873/1/1873 262/1/262 
f 284/1/284 281/1/281 1874/1/1874 1875/1/1875 
f 281/1/281 282/1/282 1876/1/1876 1874/1/1874 
f 1872/1/1872 1871/1/1871 1874/1/1874 1876/1/1876 
f 1875/1/1875 1874/1/1874 1871/1/1871 1870/1/1870 
f 1521/1/1521 1877/1/1877 1878/1/1878 1515/1/1515 
f 1879/1/1879 1878/1/1878 1877/1/1877 1880/1/1880 
f 1879/1/1879 1748/1/1748 1751/1/1751 
f 1516/1/1516 1515/1/1515 1878/1/1878 1751/1/1751 
f 1881/1/1881 1882/1/1882 1880/1/1880 
f 1543/1/1543 1881/1/1881 1877/1/1877 1521/1/1521 
f 1531/1/1531 1745/1/1745 1881/1/1881 1543/1/1543 
f 1745/1/1745 1747/1/1747 1882/1/1882 
f 1883/1/1883 1884/1/1884 1885/1/1885 1886/1/1886 
f 1887/1/1887 1885/1/1885 1884/1/1884 1888/1/1888 
f 1889/1/1889 1890/1/1890 1885/1/1885 1887/1/1887 
f 1886/1/1886 1885/1/1885 1890/1/1890 1891/1/1891 
f 1456/1/1456 1459/1/1459 1892/1/1892 1893/1/1893 
f 1894/1/1894 1892/1/1892 1459/1/1459 1464/1/1464 
f 1888/1/1888 1884/1/1884 1892/1/1892 1894/1/1894 
f 1893/1/1893 1892/1/1892 1884/1/1884 1883/1/1883 
f 1895/1/1895 1896/1/1896 1897/1/1897 1898/1/1898 
f 1899/1/1899 1897/1/1897 1896/1/1896 1900/1/1900 
f 1901/1/1901 1902/1/1902 1897/1/1897 1899/1/1899 
f 1898/1/1898 1897/1/1897 1902/1/1902 1903/1/1903 
f 1904/1/1904 1905/1/1905 1906/1/1906 1907/1/1907 
f 1899/1/1899 1906/1/1906 1905/1/1905 1901/1/1901 
f 1900/1/1900 1908/1/1908 1906/1/1906 1899/1/1899 
f 1907/1/1907 1906/1/1906 1908/1/1908 1909/1/1909 
f 1726/1/1726 1910/1/1910 1911/1/1911 1727/1/1727 
f 1912/1/1912 1911/1/1911 1910/1/1910 1913/1/1913 
f 1213/1/1213 1219/1/1219 1911/1/1911 1912/1/1912 
f 1727/1/1727 1911/1/1911 1219/1/1219 1218/1/1218 
f 1074/1/1074 1914/1/1914 1915/1/1915 1075/1/1075 
f 1913/1/1913 1910/1/1910 1915/1/1915 1914/1/1914 
f 1910/1/1910 1726/1/1726 1819/1/1819 1915/1/1915 
f 1075/1/1075 1915/1/1915 1819/1/1819 1076/1/1076 
f 1083/1/1083 1916/1/1916 1917/1/1917 1081/1/1081 
f 1918/1/1918 1917/1/1917 1916/1/1916 1919/1/1919 
f 1920/1/1920 1921/1/1921 1917/1/1917 1918/1/1918 
f 1081/1/1081 1917/1/1917 1921/1/1921 1078/1/1078 
f 1922/1/1922 1923/1/1923 1924/1/1924 1925/1/1925 
f 1918/1/1918 1924/1/1924 1923/1/1923 1920/1/1920 
f 1919/1/1919 1926/1/1926 1924/1/1924 1918/1/1918 
f 1927/1/1927 1925/1/1925 1924/1/1924 1926/1/1926 
f 1928/1/1928 1929/1/1929 1930/1/1930 
f 1931/1/1931 1928/1/1928 1932/1/1932 1933/1/1933 
f 1934/1/1934 1935/1/1935 1928/1/1928 1931/1/1931 
f 1935/1/1935 1936/1/1936 1929/1/1929 
f 1933/1/1933 1932/1/1932 1937/1/1937 1938/1/1938 
f 1932/1/1932 1930/1/1930 1939/1/1939 
f 1761/1/1761 1937/1/1937 1939/1/1939 1736/1/1736 
f 1761/1/1761 1759/1/1759 1938/1/1938 
f 1903/1/1903 1940/1/1940 1941/1/1941 1898/1/1898 
f 1942/1/1942 1941/1/1941 1940/1/1940 1943/1/1943 
f 1140/1/1140 1944/1/1944 1941/1/1941 1942/1/1942 
f 1898/1/1898 1941/1/1941 1944/1/1944 1895/1/1895 
f 1945/1/1945 1135/1/1135 1140/1/1140 
f 1946/1/1946 1945/1/1945 1942/1/1942 1943/1/1943 
f 1945/1/1945 1946/1/1946 1705/1/1705 
f 1135/1/1135 1945/1/1945 1704/1/1704 1132/1/1132 
f 1947/1/1947 1948/1/1948 1949/1/1949 1950/1/1950 
f 1951/1/1951 1949/1/1949 1948/1/1948 1952/1/1952 
f 1849/1/1849 1845/1/1845 1949/1/1949 1951/1/1951 
f 1950/1/1950 1949/1/1949 1845/1/1845 1844/1/1844 
f 1952/1/1952 1948/1/1948 1953/1/1953 1954/1/1954 
f 1948/1/1948 1947/1/1947 1955/1/1955 
f 1922/1/1922 1925/1/1925 1953/1/1953 1955/1/1955 
f 1954/1/1954 1953/1/1953 1925/1/1925 1927/1/1927 
f 1935/1/1935 1934/1/1934 1956/1/1956 
f 1957/1/1957 1958/1/1958 1956/1/1956 1959/1/1959 
f 1957/1/1957 1960/1/1960 1961/1/1961 1958/1/1958 
f 1958/1/1958 1961/1/1961 1936/1/1936 
f 1962/1/1962 1960/1/1960 1957/1/1957 
f 1957/1/1957 1959/1/1959 1963/1/1963 1964/1/1964 
f 1749/1/1749 1964/1/1964 1963/1/1963 1753/1/1753 
f 1962/1/1962 1964/1/1964 1749/1/1749 1748/1/1748 
f 1909/1/1909 1965/1/1965 1966/1/1966 1907/1/1907 
f 1967/1/1967 1968/1/1968 1966/1/1966 1965/1/1965 
f 1969/1/1969 1966/1/1966 1968/1/1968 1970/1/1970 
f 1907/1/1907 1966/1/1966 1969/1/1969 1904/1/1904 
f 1970/1/1970 1968/1/1968 1971/1/1971 1972/1/1972 
f 1973/1/1973 1971/1/1971 1968/1/1968 1967/1/1967 
f 1891/1/1891 1890/1/1890 1971/1/1971 1973/1/1973 
f 1890/1/1890 1889/1/1889 1972/1/1972 
f 1974/1/1974 1975/1/1975 1976/1/1976 
f 1977/1/1977 1978/1/1978 1979/1/1979 
f 1747/1/1747 1746/1/1746 1974/1/1974 1979/1/1979 
f 1975/1/1975 1974/1/1974 1746/1/1746 1741/1/1741 
f 1980/1/1980 1981/1/1981 1982/1/1982 1983/1/1983 
f 1984/1/1984 1982/1/1982 1981/1/1981 1985/1/1985 
f 1470/1/1470 1466/1/1466 1982/1/1982 1984/1/1984 
f 1983/1/1983 1982/1/1982 1466/1/1466 1465/1/1465 
f 1986/1/1986 1987/1/1987 1988/1/1988 1989/1/1989 
f 1990/1/1990 1988/1/1988 1987/1/1987 1991/1/1991 
f 1992/1/1992 1993/1/1993 1988/1/1988 1990/1/1990 
f 1989/1/1989 1988/1/1988 1993/1/1993 1994/1/1994 
f 1991/1/1991 1987/1/1987 1995/1/1995 1996/1/1996 
f 1997/1/1997 1995/1/1995 1987/1/1987 1986/1/1986 
f 1673/1/1673 1671/1/1671 1995/1/1995 1997/1/1997 
f 1996/1/1996 1995/1/1995 1671/1/1671 1672/1/1672 
f 1998/1/1998 1999/1/1999 2000/1/2000 2001/1/2001 
f 1691/1/1691 2000/1/2000 1999/1/1999 1688/1/1688 
f 1693/1/1693 2002/1/2002 2000/1/2000 1691/1/1691 
f 2001/1/2001 2000/1/2000 2002/1/2002 2003/1/2003 
f 2004/1/2004 2005/1/2005 2006/1/2006 
f 2007/1/2007 2008/1/2008 2009/1/2009 
f 2004/1/2004 2009/1/2009 1696/1/1696 
f 2005/1/2005 2004/1/2004 1701/1/1701 1700/1/1700 
f 2010/1/2010 2011/1/2011 2012/1/2012 2013/1/2013 
f 1822/1/1822 2012/1/2012 2011/1/2011 1824/1/1824 
f 1823/1/1823 2014/1/2014 2012/1/2012 1822/1/1822 
f 2013/1/2013 2012/1/2012 2014/1/2014 2015/1/2015 
f 2016/1/2016 2017/1/2017 2018/1/2018 2019/1/2019 
f 1946/1/1946 2018/1/2018 2017/1/2017 1705/1/1705 
f 1943/1/1943 2020/1/2020 2018/1/2018 1946/1/1946 
f 2019/1/2019 2018/1/2018 2020/1/2020 2021/1/2021 
f 2022/1/2022 2023/1/2023 2024/1/2024 2025/1/2025 
f 2026/1/2026 2024/1/2024 2023/1/2023 2027/1/2027 
f 1712/1/1712 1719/1/1719 2024/1/2024 2026/1/2026 
f 2025/1/2025 2024/1/2024 1719/1/1719 1718/1/1718 
f 2028/1/2028 2029/1/2029 2030/1/2030 2031/1/2031 
f 2032/1/2032 2030/1/2030 2029/1/2029 2033/1/2033 
f 1724/1/1724 1732/1/1732 2030/1/2030 2032/1/2032 
f 2031/1/2031 2030/1/2030 1732/1/1732 1245/1/1245 
f 2034/1/2034 2035/1/2035 2036/1/2036 2037/1/2037 
f 2038/1/2038 2036/1/2036 2035/1/2035 2039/1/2039 
f 1832/1/1832 1831/1/1831 2036/1/2036 2038/1/2038 
f 2037/1/2037 2036/1/2036 1831/1/1831 1817/1/1817 
f 2040/1/2040 2041/1/2041 2042/1/2042 2043/1/2043 
f 1740/1/1740 2041/1/2041 2040/1/2040 1741/1/1741 
f 1743/1/1743 2044/1/2044 2041/1/2041 1740/1/1740 
f 2042/1/2042 2041/1/2041 2044/1/2044 2045/1/2045 
f 2046/1/2046 2047/1/2047 2048/1/2048 
f 1756/1/1756 2046/1/2046 2049/1/2049 1759/1/1759 
f 1205/1/1205 2050/1/2050 2046/1/2046 1756/1/1756 
f 2047/1/2047 2046/1/2046 2050/1/2050 2021/1/2021 
f 2051/1/2051 2052/1/2052 2053/1/2053 2054/1/2054 
f 2052/1/2052 1904/1/1904 1969/1/1969 
f 1970/1/1970 2055/1/2055 2053/1/2053 1969/1/1969 
f 2054/1/2054 2053/1/2053 2055/1/2055 2056/1/2056 
f 2057/1/2057 2058/1/2058 2059/1/2059 2060/1/2060 
f 1775/1/1775 2059/1/2059 2058/1/2058 1777/1/1777 
f 1776/1/1776 2061/1/2061 2059/1/2059 1775/1/1775 
f 2060/1/2060 2059/1/2059 2061/1/2061 2062/1/2062 
f 149/1/149 2063/1/2063 2064/1/2064 147/1/147 
f 2065/1/2065 2064/1/2064 2063/1/2063 2066/1/2066 
f 1998/1/1998 2067/1/2067 2064/1/2064 2065/1/2065 
f 147/1/147 2064/1/2064 2067/1/2067 150/1/150 
f 2001/1/2001 2068/1/2068 2067/1/2067 1998/1/1998 
f 2003/1/2003 2069/1/2069 2068/1/2068 2001/1/2001 
f 1853/1/1853 1855/1/1855 2068/1/2068 2069/1/2069 
f 150/1/150 2067/1/2067 2068/1/2068 1855/1/1855 
f 1688/1/1688 1999/1/1999 2070/1/2070 1809/1/1809 
f 2065/1/2065 2070/1/2070 1999/1/1999 1998/1/1998 
f 2066/1/2066 2071/1/2071 2070/1/2070 2065/1/2065 
f 1809/1/1809 2070/1/2070 2071/1/2071 1806/1/1806 
f 1853/1/1853 2069/1/2069 2072/1/2072 1852/1/1852 
f 2073/1/2073 2072/1/2072 2069/1/2069 2003/1/2003 
f 2074/1/2074 2072/1/2072 2073/1/2073 2008/1/2008 
f 271/1/271 1852/1/1852 2072/1/2072 2074/1/2074 
f 2008/1/2008 2007/1/2007 2075/1/2075 2074/1/2074 
f 2076/1/2076 2075/1/2075 2007/1/2007 2006/1/2006 
f 276/1/276 272/1/272 2075/1/2075 2076/1/2076 
f 2074/1/2074 2075/1/2075 272/1/272 271/1/271 
f 1697/1/1697 1696/1/1696 2009/1/2009 
f 2008/1/2008 2073/1/2073 2077/1/2077 2009/1/2009 
f 2077/1/2077 2073/1/2073 2003/1/2003 
f 1697/1/1697 2077/1/2077 2002/1/2002 1693/1/1693 
f 276/1/276 2076/1/2076 2078/1/2078 329/1/329 
f 2006/1/2006 2079/1/2079 2078/1/2078 2076/1/2076 
f 2080/1/2080 2081/1/2081 2078/1/2078 2079/1/2079 
f 329/1/329 2078/1/2078 2081/1/2081 326/1/326 
f 2005/1/2005 2082/1/2082 2079/1/2079 2006/1/2006 
f 1700/1/1700 1867/1/1867 2082/1/2082 2005/1/2005 
f 2082/1/2082 1867/1/1867 1862/1/1862 
f 2079/1/2079 2082/1/2082 2083/1/2083 2080/1/2080 
f 236/1/236 2084/1/2084 2085/1/2085 235/1/235 
f 2086/1/2086 2085/1/2085 2084/1/2084 2087/1/2087 
f 2010/1/2010 2088/1/2088 2085/1/2085 2086/1/2086 
f 235/1/235 2085/1/2085 2088/1/2088 237/1/237 
f 237/1/237 2088/1/2088 2089/1/2089 1073/1/1073 
f 2013/1/2013 2089/1/2089 2088/1/2088 2010/1/2010 
f 2015/1/2015 2090/1/2090 2089/1/2089 2013/1/2013 
f 1073/1/1073 2089/1/2089 2090/1/2090 1074/1/1074 
f 1824/1/1824 2011/1/2011 2091/1/2091 1843/1/1843 
f 2086/1/2086 2091/1/2091 2011/1/2011 2010/1/2010 
f 2087/1/2087 2092/1/2092 2091/1/2091 2086/1/2086 
f 1843/1/1843 2091/1/2091 2092/1/2092 1840/1/1840 
f 1913/1/1913 2093/1/2093 2094/1/2094 1912/1/1912 
f 2095/1/2095 2094/1/2094 2093/1/2093 2096/1/2096 
f 2016/1/2016 2097/1/2097 2094/1/2094 2095/1/2095 
f 1912/1/1912 2094/1/2094 2097/1/2097 1213/1/1213 
f 1213/1/1213 2097/1/2097 2098/1/2098 1208/1/1208 
f 2019/1/2019 2098/1/2098 2097/1/2097 2016/1/2016 
f 2021/1/2021 2050/1/2050 2098/1/2098 2019/1/2019 
f 1208/1/1208 2098/1/2098 2050/1/2050 1205/1/1205 
f 1705/1/1705 2017/1/2017 2099/1/2099 1702/1/1702 
f 2095/1/2095 2099/1/2099 2017/1/2017 2016/1/2016 
f 2096/1/2096 2100/1/2100 2099/1/2099 2095/1/2095 
f 1702/1/1702 2099/1/2099 2100/1/2100 1706/1/1706 
f 2101/1/2101 2102/1/2102 2103/1/2103 2104/1/2104 
f 2105/1/2105 2103/1/2103 2102/1/2102 2106/1/2106 
f 163/1/163 159/1/159 2103/1/2103 2105/1/2105 
f 2104/1/2104 2103/1/2103 159/1/159 158/1/158 
f 2106/1/2106 2107/1/2107 2108/1/2108 2105/1/2105 
f 2109/1/2109 2108/1/2108 2107/1/2107 2110/1/2110 
f 170/1/170 167/1/167 2108/1/2108 2109/1/2109 
f 2105/1/2105 2108/1/2108 167/1/167 163/1/163 
f 2107/1/2107 2106/1/2106 2111/1/2111 2112/1/2112 
f 1860/1/1860 2112/1/2112 2111/1/2111 1716/1/1716 
f 2113/1/2113 2112/1/2112 1860/1/1860 1859/1/1859 
f 2110/1/2110 2107/1/2107 2112/1/2112 2113/1/2113 
f 1792/1/1792 1796/1/1796 2114/1/2114 2115/1/2115 
f 2111/1/2111 2114/1/2114 1796/1/1796 1716/1/1716 
f 2106/1/2106 2102/1/2102 2114/1/2114 2111/1/2111 
f 2115/1/2115 2114/1/2114 2102/1/2102 2101/1/2101 
f 2110/1/2110 2116/1/2116 2117/1/2117 2109/1/2109 
f 2118/1/2118 2117/1/2117 2116/1/2116 2027/1/2027 
f 282/1/282 279/1/279 2117/1/2117 2118/1/2118 
f 2109/1/2109 2117/1/2117 279/1/279 170/1/170 
f 2027/1/2027 2023/1/2023 2119/1/2119 2118/1/2118 
f 2120/1/2120 2119/1/2119 2023/1/2023 2022/1/2022 
f 1872/1/1872 1876/1/1876 2119/1/2119 2120/1/2120 
f 2118/1/2118 2119/1/2119 1876/1/1876 282/1/282 
f 1859/1/1859 1856/1/1856 2121/1/2121 2113/1/2113 
f 2026/1/2026 2121/1/2121 1856/1/1856 1712/1/1712 
f 2027/1/2027 2116/1/2116 2121/1/2121 2026/1/2026 
f 2113/1/2113 2121/1/2121 2116/1/2116 2110/1/2110 
f 2122/1/2122 2123/1/2123 2124/1/2124 2125/1/2125 
f 2126/1/2126 2124/1/2124 2123/1/2123 2033/1/2033 
f 1927/1/1927 1926/1/1926 2124/1/2124 2126/1/2126 
f 2125/1/2125 2124/1/2124 1926/1/1926 1919/1/1919 
f 2127/1/2127 1954/1/1954 1927/1/1927 
f 2033/1/2033 2029/1/2029 2127/1/2127 2126/1/2126 
f 2029/1/2029 2028/1/2028 2128/1/2128 
f 1954/1/1954 2127/1/2127 2128/1/2128 1952/1/1952 
f 1731/1/1731 1730/1/1730 2129/1/2129 2130/1/2130 
f 2032/1/2032 2129/1/2129 1730/1/1730 1724/1/1724 
f 2033/1/2033 2123/1/2123 2129/1/2129 2032/1/2032 
f 2123/1/2123 2122/1/2122 2130/1/2130 
f 2131/1/2131 2132/1/2132 2133/1/2133 2134/1/2134 
f 2135/1/2135 2133/1/2133 2132/1/2132 2039/1/2039 
f 264/1/264 263/1/263 2133/1/2133 2135/1/2135 
f 2134/1/2134 2133/1/2133 263/1/263 262/1/262 
f 2039/1/2039 2035/1/2035 2136/1/2136 2135/1/2135 
f 2137/1/2137 2136/1/2136 2035/1/2035 2034/1/2034 
f 1083/1/1083 1082/1/1082 2136/1/2136 2137/1/2137 
f 2135/1/2135 2136/1/2136 1082/1/1082 264/1/264 
f 1835/1/1835 1838/1/1838 2138/1/2138 2139/1/2139 
f 2038/1/2038 2138/1/2138 1838/1/1838 1832/1/1832 
f 2039/1/2039 2132/1/2132 2138/1/2138 2038/1/2038 
f 2139/1/2139 2138/1/2138 2132/1/2132 2131/1/2131 
f 2140/1/2140 2141/1/2141 2142/1/2142 2143/1/2143 
f 2141/1/2141 2144/1/2144 2145/1/2145 
f 2142/1/2142 2145/1/2145 1126/1/1126 
f 2143/1/2143 2142/1/2142 1848/1/1848 1849/1/1849 
f 2145/1/2145 2146/1/2146 1123/1/1123 1126/1/1126 
f 2146/1/2146 2145/1/2145 2144/1/2144 
f 2147/1/2147 2148/1/2148 2146/1/2146 2149/1/2149 
f 1123/1/1123 2146/1/2146 2148/1/2148 1127/1/1127 
f 2150/1/2150 2151/1/2151 2149/1/2149 2144/1/2144 
f 1736/1/1736 1939/1/1939 2151/1/2151 2150/1/2150 
f 1930/1/1930 2152/1/2152 2151/1/2151 1939/1/1939 
f 2149/1/2149 2151/1/2151 2152/1/2152 2147/1/2147 
f 1242/1/1242 1737/1/1737 2153/1/2153 2154/1/2154 
f 2150/1/2150 2153/1/2153 1737/1/1737 1736/1/1736 
f 2144/1/2144 2141/1/2141 2153/1/2153 2150/1/2150 
f 2141/1/2141 2140/1/2140 2154/1/2154 
f 2155/1/2155 2156/1/2156 2157/1/2157 2158/1/2158 
f 2156/1/2156 2159/1/2159 2160/1/2160 
f 2157/1/2157 2160/1/2160 1358/1/1358 
f 2158/1/2158 2157/1/2157 1367/1/1367 1366/1/1366 
f 1358/1/1358 2160/1/2160 2161/1/2161 1357/1/1357 
f 2160/1/2160 2159/1/2159 2162/1/2162 
f 2163/1/2163 2164/1/2164 2161/1/2161 2162/1/2162 
f 1357/1/1357 2161/1/2161 2164/1/2164 1359/1/1359 
f 2159/1/2159 2165/1/2165 2166/1/2166 2162/1/2162 
f 1879/1/1879 2166/1/2166 2165/1/2165 1748/1/1748 
f 1880/1/1880 2167/1/2167 2166/1/2166 1879/1/1879 
f 2162/1/2162 2166/1/2166 2167/1/2167 2163/1/2163 
f 1960/1/1960 1962/1/1962 2168/1/2168 2169/1/2169 
f 2165/1/2165 2168/1/2168 1962/1/1962 1748/1/1748 
f 2159/1/2159 2156/1/2156 2168/1/2168 2165/1/2165 
f 2169/1/2169 2168/1/2168 2156/1/2156 2155/1/2155 
f 1359/1/1359 2164/1/2164 2170/1/2170 1468/1/1468 
f 2171/1/2171 2170/1/2170 2164/1/2164 2163/1/2163 
f 2172/1/2172 2173/1/2173 2170/1/2170 2171/1/2171 
f 2173/1/2173 1465/1/1465 1468/1/1468 
f 1465/1/1465 2173/1/2173 2174/1/2174 1983/1/1983 
f 2175/1/2175 2174/1/2174 2173/1/2173 2172/1/2172 
f 2176/1/2176 2177/1/2177 2174/1/2174 2175/1/2175 
f 1983/1/1983 2174/1/2174 2177/1/2177 1980/1/1980 
f 2172/1/2172 2178/1/2178 2179/1/2179 2175/1/2175 
f 1979/1/1979 2179/1/2179 2178/1/2178 1747/1/1747 
f 2179/1/2179 1979/1/1979 1978/1/1978 
f 2175/1/2175 2179/1/2179 2180/1/2180 2176/1/2176 
f 1747/1/1747 2178/1/2178 2181/1/2181 1882/1/1882 
f 2171/1/2171 2181/1/2181 2178/1/2178 2172/1/2172 
f 2163/1/2163 2167/1/2167 2181/1/2181 2171/1/2171 
f 1882/1/1882 2181/1/2181 2167/1/2167 1880/1/1880 
f 1682/1/1682 2182/1/2182 2183/1/2183 1683/1/1683 
f 2184/1/2184 2183/1/2183 2182/1/2182 2185/1/2185 
f 2186/1/2186 2187/1/2187 2183/1/2183 2184/1/2184 
f 1683/1/1683 2183/1/2183 2187/1/2187 1680/1/1680 
f 2187/1/2187 2186/1/2186 2188/1/2188 2189/1/2189 
f 2190/1/2190 2189/1/2189 2188/1/2188 2191/1/2191 
f 1667/1/1667 1681/1/1681 2189/1/2189 2190/1/2190 
f 2187/1/2187 2189/1/2189 1681/1/1681 1680/1/1680 
f 2191/1/2191 2192/1/2192 2193/1/2193 2190/1/2190 
f 2194/1/2194 2193/1/2193 2192/1/2192 2195/1/2195 
f 1672/1/1672 1668/1/1668 2193/1/2193 2194/1/2194 
f 2190/1/2190 2193/1/2193 1668/1/1668 1667/1/1667 
f 1672/1/1672 2194/1/2194 2196/1/2196 1996/1/1996 
f 2197/1/2197 2196/1/2196 2194/1/2194 2195/1/2195 
f 2198/1/2198 2199/1/2199 2196/1/2196 2197/1/2197 
f 1996/1/1996 2196/1/2196 2199/1/2199 1991/1/1991 
f 1991/1/1991 2199/1/2199 2200/1/2200 1990/1/1990 
f 2201/1/2201 2200/1/2200 2199/1/2199 2198/1/2198 
f 2202/1/2202 2203/1/2203 2200/1/2200 2201/1/2201 
f 2203/1/2203 1992/1/1992 1990/1/1990 
f 2204/1/2204 2205/1/2205 2206/1/2206 2207/1/2207 
f 2208/1/2208 2206/1/2206 2205/1/2205 2043/1/2043 
f 1464/1/1464 1463/1/1463 2206/1/2206 2208/1/2208 
f 2207/1/2207 2206/1/2206 1463/1/1463 1462/1/1462 
f 1464/1/1464 2208/1/2208 2209/1/2209 1894/1/1894 
f 2042/1/2042 2209/1/2209 2208/1/2208 2043/1/2043 
f 2045/1/2045 2210/1/2210 2209/1/2209 2042/1/2042 
f 2210/1/2210 1888/1/1888 1894/1/1894 
f 1976/1/1976 1975/1/1975 2211/1/2211 2212/1/2212 
f 2040/1/2040 2211/1/2211 1975/1/1975 1741/1/1741 
f 2043/1/2043 2205/1/2205 2211/1/2211 2040/1/2040 
f 2212/1/2212 2211/1/2211 2205/1/2205 2204/1/2204 
f 1888/1/1888 2210/1/2210 2213/1/2213 1887/1/1887 
f 2214/1/2214 2213/1/2213 2210/1/2210 2045/1/2045 
f 2215/1/2215 2216/1/2216 2213/1/2213 2214/1/2214 
f 1887/1/1887 2213/1/2213 2216/1/2216 1889/1/1889 
f 1889/1/1889 2216/1/2216 2217/1/2217 1972/1/1972 
f 2218/1/2218 2217/1/2217 2216/1/2216 2215/1/2215 
f 2056/1/2056 2055/1/2055 2217/1/2217 2218/1/2218 
f 2055/1/2055 1970/1/1970 1972/1/1972 
f 2218/1/2218 2219/1/2219 2220/1/2220 2056/1/2056 
f 2215/1/2215 2221/1/2221 2219/1/2219 2218/1/2218 
f 1753/1/1753 1963/1/1963 2219/1/2219 2221/1/2221 
f 1963/1/1963 1959/1/1959 2220/1/2220 2219/1/2219 
f 1743/1/1743 1755/1/1755 2222/1/2222 2044/1/2044 
f 2221/1/2221 2222/1/2222 1755/1/1755 1753/1/1753 
f 2215/1/2215 2214/1/2214 2222/1/2222 2221/1/2221 
f 2045/1/2045 2044/1/2044 2222/1/2222 2214/1/2214 
f 2223/1/2223 2224/1/2224 2225/1/2225 2226/1/2226 
f 2227/1/2227 2225/1/2225 2224/1/2224 2048/1/2048 
f 1903/1/1903 1902/1/1902 2225/1/2225 2227/1/2227 
f 1902/1/1902 1901/1/1901 2226/1/2226 
f 1940/1/1940 1903/1/1903 2227/1/2227 
f 2047/1/2047 2228/1/2228 2227/1/2227 2048/1/2048 
f 2021/1/2021 2020/1/2020 2228/1/2228 2047/1/2047 
f 2020/1/2020 1943/1/1943 1940/1/1940 
f 1933/1/1933 1938/1/1938 2229/1/2229 2230/1/2230 
f 2049/1/2049 2229/1/2229 1938/1/1938 1759/1/1759 
f 2048/1/2048 2224/1/2224 2229/1/2229 2049/1/2049 
f 2224/1/2224 2223/1/2223 2230/1/2230 
f 1933/1/1933 2230/1/2230 2231/1/2231 1931/1/1931 
f 2232/1/2232 2231/1/2231 2230/1/2230 2223/1/2223 
f 2051/1/2051 2233/1/2233 2231/1/2231 2232/1/2232 
f 1931/1/1931 2231/1/2231 2233/1/2233 1934/1/1934 
f 1934/1/1934 2233/1/2233 2234/1/2234 1956/1/1956 
f 2054/1/2054 2234/1/2234 2233/1/2233 2051/1/2051 
f 2234/1/2234 2054/1/2054 2056/1/2056 
f 2220/1/2220 1959/1/1959 1956/1/1956 2234/1/2234 
f 1904/1/1904 2052/1/2052 2235/1/2235 1905/1/1905 
f 2232/1/2232 2235/1/2235 2052/1/2052 2051/1/2051 
f 2223/1/2223 2226/1/2226 2235/1/2235 2232/1/2232 
f 2235/1/2235 2226/1/2226 1901/1/1901 
f 2236/1/2236 1961/1/1961 1960/1/1960 
f 2169/1/2169 2155/1/2155 2237/1/2237 2236/1/2236 
f 2238/1/2238 2239/1/2239 2236/1/2236 2237/1/2237 
f 1961/1/1961 2236/1/2236 2239/1/2239 1936/1/1936 
f 2240/1/2240 1929/1/1929 1936/1/1936 
f 2239/1/2239 2238/1/2238 2241/1/2241 
f 2147/1/2147 2152/1/2152 2240/1/2240 2241/1/2241 
f 1929/1/1929 2240/1/2240 2152/1/2152 1930/1/1930 
f 2238/1/2238 2242/1/2242 2243/1/2243 2241/1/2241 
f 1764/1/1764 2243/1/2243 2242/1/2242 1765/1/1765 
f 1127/1/1127 2148/1/2148 2243/1/2243 1764/1/1764 
f 2148/1/2148 2147/1/2147 2241/1/2241 
f 1765/1/1765 2242/1/2242 2244/1/2244 1770/1/1770 
f 2237/1/2237 2244/1/2244 2242/1/2242 2238/1/2238 
f 2155/1/2155 2158/1/2158 2244/1/2244 2237/1/2237 
f 1770/1/1770 2244/1/2244 2158/1/2158 1366/1/1366 
f 2245/1/2245 1805/1/1805 1804/1/1804 
f 2060/1/2060 2245/1/2245 2246/1/2246 2057/1/2057 
f 2245/1/2245 2060/1/2060 2062/1/2062 
f 1805/1/1805 2245/1/2245 2247/1/2247 1801/1/1801 
f 2101/1/2101 2248/1/2248 2249/1/2249 2115/1/2115 
f 2250/1/2250 2249/1/2249 2248/1/2248 2251/1/2251 
f 1794/1/1794 1793/1/1793 2249/1/2249 2250/1/2250 
f 2115/1/2115 2249/1/2249 1793/1/1793 1792/1/1792 
f 2252/1/2252 2253/1/2253 1784/1/1784 1785/1/1785 
f 2251/1/2251 2248/1/2248 2253/1/2253 2252/1/2252 
f 2104/1/2104 2253/1/2253 2248/1/2248 2101/1/2101 
f 158/1/158 1784/1/1784 2253/1/2253 2104/1/2104 
f 1806/1/1806 2071/1/2071 2254/1/2254 1814/1/1814 
f 2255/1/2255 2254/1/2254 2071/1/2071 2066/1/2066 
f 2062/1/2062 2061/1/2061 2254/1/2254 2255/1/2255 
f 1814/1/1814 2254/1/2254 2061/1/2061 1776/1/1776 
f 1801/1/1801 2247/1/2247 2256/1/2256 1799/1/1799 
f 2255/1/2255 2256/1/2256 2247/1/2247 2062/1/2062 
f 2066/1/2066 2063/1/2063 2256/1/2256 2255/1/2255 
f 1799/1/1799 2256/1/2256 2063/1/2063 149/1/149 
f 1074/1/1074 2090/1/2090 2257/1/2257 1914/1/1914 
f 2258/1/2258 2257/1/2257 2090/1/2090 2015/1/2015 
f 2096/1/2096 2093/1/2093 2257/1/2257 2258/1/2258 
f 1914/1/1914 2257/1/2257 2093/1/2093 1913/1/1913 
f 2015/1/2015 2014/1/2014 2259/1/2259 2258/1/2258 
f 1828/1/1828 2259/1/2259 2014/1/2014 1823/1/1823 
f 1706/1/1706 2100/1/2100 2259/1/2259 1828/1/1828 
f 2258/1/2258 2259/1/2259 2100/1/2100 2096/1/2096 
f 2034/1/2034 2260/1/2260 2261/1/2261 2137/1/2137 
f 2125/1/2125 2261/1/2261 2260/1/2260 2122/1/2122 
f 1919/1/1919 1916/1/1916 2261/1/2261 2125/1/2125 
f 2137/1/2137 2261/1/2261 1916/1/1916 1083/1/1083 
f 2122/1/2122 2260/1/2260 2262/1/2262 2130/1/2130 
f 2037/1/2037 2262/1/2262 2260/1/2260 2034/1/2034 
f 1817/1/1817 1815/1/1815 2262/1/2262 2037/1/2037 
f 1815/1/1815 1731/1/1731 2130/1/2130 
f 2022/1/2022 2263/1/2263 2264/1/2264 2120/1/2120 
f 2134/1/2134 2264/1/2264 2263/1/2263 2131/1/2131 
f 262/1/262 1873/1/1873 2264/1/2264 2134/1/2134 
f 2120/1/2120 2264/1/2264 1873/1/1873 1872/1/1872 
f 2265/1/2265 2025/1/2025 1718/1/1718 
f 2139/1/2139 2265/1/2265 1836/1/1836 1835/1/1835 
f 2131/1/2131 2263/1/2263 2265/1/2265 2139/1/2139 
f 2025/1/2025 2265/1/2265 2263/1/2263 2022/1/2022 
f 2266/1/2266 333/1/333 326/1/326 
f 2267/1/2267 2266/1/2266 2081/1/2081 2080/1/2080 
f 2266/1/2266 2267/1/2267 2087/1/2087 
f 2084/1/2084 236/1/236 333/1/333 
f 1840/1/1840 2092/1/2092 2268/1/2268 1865/1/1865 
f 2267/1/2267 2268/1/2268 2092/1/2092 2087/1/2087 
f 2080/1/2080 2083/1/2083 2268/1/2268 2267/1/2267 
f 2083/1/2083 1862/1/1862 1865/1/1865 
f 2154/1/2154 2269/1/2269 1243/1/1243 1242/1/1242 
f 2269/1/2269 2154/1/2154 2140/1/2140 
f 2031/1/2031 2269/1/2269 2270/1/2270 2028/1/2028 
f 1245/1/1245 1243/1/1243 2269/1/2269 2031/1/2031 
f 2143/1/2143 2271/1/2271 2270/1/2270 2140/1/2140 
f 2143/1/2143 1849/1/1849 1951/1/1951 2271/1/2271 
f 1952/1/1952 2128/1/2128 2271/1/2271 1951/1/1951 
f 2270/1/2270 2271/1/2271 2128/1/2128 2028/1/2028 
f 1618/1/1618 2272/1/2272 2273/1/2273 1619/1/1619 
f 2272/1/2272 2274/1/2274 2275/1/2275 
f 2273/1/2273 2275/1/2275 851/1/851 
f 1619/1/1619 2273/1/2273 850/1/850 849/1/849 
f 1019/1/1019 2276/1/2276 2277/1/2277 1020/1/1020 
f 2278/1/2278 2277/1/2277 2276/1/2276 2279/1/2279 
f 831/1/831 1007/1/1007 2277/1/2277 2278/1/2278 
f 1008/1/1008 1020/1/1020 2277/1/2277 1007/1/1007 
f 2280/1/2280 2281/1/2281 2282/1/2282 2283/1/2283 
f 2276/1/2276 2282/1/2282 2281/1/2281 2279/1/2279 
f 1019/1/1019 1040/1/1040 2282/1/2282 2276/1/2276 
f 2283/1/2283 2282/1/2282 1040/1/1040 1042/1/1042 
f 2279/1/2279 2284/1/2284 2285/1/2285 2278/1/2278 
f 2286/1/2286 2287/1/2287 2285/1/2285 2284/1/2284 
f 833/1/833 832/1/832 2285/1/2285 2287/1/2287 
f 2278/1/2278 2285/1/2285 832/1/832 831/1/831 
f 2279/1/2279 2281/1/2281 2288/1/2288 2284/1/2284 
f 2289/1/2289 2288/1/2288 2281/1/2281 2280/1/2280 
f 2290/1/2290 2291/1/2291 2288/1/2288 2289/1/2289 
f 2284/1/2284 2288/1/2288 2291/1/2291 2286/1/2286 
f 2291/1/2291 2290/1/2290 2292/1/2292 
f 2292/1/2292 839/1/839 837/1/837 
f 2287/1/2287 2293/1/2293 837/1/837 833/1/833 
f 2293/1/2293 2287/1/2287 2286/1/2286 
f 1625/1/1625 839/1/839 2292/1/2292 
f 2290/1/2290 2294/1/2294 2295/1/2295 2292/1/2292 
f 2274/1/2274 2272/1/2272 2295/1/2295 2294/1/2294 
f 2272/1/2272 1618/1/1618 1625/1/1625 
f 2294/1/2294 2296/1/2296 2275/1/2275 2274/1/2274 
f 2289/1/2289 2296/1/2296 2294/1/2294 2290/1/2290 
f 2280/1/2280 2297/1/2297 2296/1/2296 2289/1/2289 
f 2275/1/2275 2296/1/2296 2297/1/2297 851/1/851 
f 851/1/851 2297/1/2297 2298/1/2298 846/1/846 
f 2283/1/2283 2298/1/2298 2297/1/2297 2280/1/2280 
f 1042/1/1042 1051/1/1051 2298/1/2298 2283/1/2283 
f 846/1/846 2298/1/2298 1051/1/1051 843/1/843 
f 1502/1/1502 1506/1/1506 2299/1/2299 1501/1/1501 
f 2300/1/2300 2299/1/2299 1506/1/1506 1505/1/1505 
f 2300/1/2300 2301/1/2301 2302/1/2302 2299/1/2299 
f 1501/1/1501 2299/1/2299 2302/1/2302 1503/1/1503 
f 2303/1/2303 2304/1/2304 1571/1/1571 1560/1/1560 
f 2300/1/2300 2304/1/2304 2303/1/2303 2301/1/2301 
f 2304/1/2304 2300/1/2300 1505/1/1505 
f 1581/1/1581 1572/1/1572 1571/1/1571 
f 1559/1/1559 1558/1/1558 2305/1/2305 
f 2305/1/2305 2306/1/2306 2307/1/2307 
f 2301/1/2301 2303/1/2303 2308/1/2308 2307/1/2307 
f 1560/1/1560 1559/1/1559 2308/1/2308 2303/1/2303 
f 1503/1/1503 2309/1/2309 2310/1/2310 1504/1/1504 
f 2311/1/2311 2310/1/2310 2309/1/2309 2312/1/2312 
f 1447/1/1447 1443/1/1443 2310/1/2310 2311/1/2311 
f 1442/1/1442 1504/1/1504 2310/1/2310 1443/1/1443 
f 1503/1/1503 2302/1/2302 2313/1/2313 2309/1/2309 
f 2301/1/2301 2314/1/2314 2313/1/2313 2302/1/2302 
f 2315/1/2315 2316/1/2316 2313/1/2313 2314/1/2314 
f 2309/1/2309 2313/1/2313 2316/1/2316 2312/1/2312 
f 2315/1/2315 2314/1/2314 2317/1/2317 2318/1/2318 
f 2307/1/2307 2317/1/2317 2314/1/2314 2301/1/2301 
f 2306/1/2306 2318/1/2318 2317/1/2317 2307/1/2307 
f 2319/1/2319 2320/1/2320 2321/1/2321 2322/1/2322 
f 1460/1/1460 2321/1/2321 2320/1/2320 1462/1/1462 
f 1461/1/1461 2323/1/2323 2321/1/2321 1460/1/1460 
f 2322/1/2322 2321/1/2321 2323/1/2323 2324/1/2324 
f 2325/1/2325 2326/1/2326 2327/1/2327 2328/1/2328 
f 2329/1/2329 2327/1/2327 2326/1/2326 2330/1/2330 
f 1994/1/1994 1993/1/1993 2327/1/2327 2329/1/2329 
f 2328/1/2328 2327/1/2327 1993/1/1993 1992/1/1992 
f 2324/1/2324 2331/1/2331 2332/1/2332 2322/1/2322 
f 2333/1/2333 2332/1/2332 2331/1/2331 2334/1/2334 
f 2335/1/2335 2336/1/2336 2332/1/2332 2333/1/2333 
f 2322/1/2322 2332/1/2332 2336/1/2336 2319/1/2319 
f 2337/1/2337 2338/1/2338 2326/1/2326 2325/1/2325 
f 2335/1/2335 2333/1/2333 2338/1/2338 2337/1/2337 
f 2334/1/2334 2339/1/2339 2338/1/2338 2333/1/2333 
f 2339/1/2339 2330/1/2330 2326/1/2326 2338/1/2338 
f 1462/1/1462 2320/1/2320 2340/1/2340 2207/1/2207 
f 2341/1/2341 2340/1/2340 2320/1/2320 2319/1/2319 
f 2342/1/2342 2343/1/2343 2340/1/2340 2341/1/2341 
f 2207/1/2207 2340/1/2340 2343/1/2343 2204/1/2204 
f 2344/1/2344 2345/1/2345 2346/1/2346 2347/1/2347 
f 2328/1/2328 2346/1/2346 2345/1/2345 2325/1/2325 
f 1992/1/1992 2203/1/2203 2346/1/2346 2328/1/2328 
f 2347/1/2347 2346/1/2346 2203/1/2203 2202/1/2202 
f 2348/1/2348 2349/1/2349 2350/1/2350 2351/1/2351 
f 2337/1/2337 2350/1/2350 2349/1/2349 2335/1/2335 
f 2325/1/2325 2345/1/2345 2350/1/2350 2337/1/2337 
f 2351/1/2351 2350/1/2350 2345/1/2345 2344/1/2344 
f 2335/1/2335 2349/1/2349 2352/1/2352 2336/1/2336 
f 2353/1/2353 2352/1/2352 2349/1/2349 2348/1/2348 
f 2341/1/2341 2352/1/2352 2353/1/2353 2342/1/2342 
f 2319/1/2319 2336/1/2336 2352/1/2352 2341/1/2341 
f 2354/1/2354 2355/1/2355 2356/1/2356 2357/1/2357 
f 2212/1/2212 2355/1/2355 2354/1/2354 1976/1/1976 
f 2204/1/2204 2343/1/2343 2355/1/2355 2212/1/2212 
f 2356/1/2356 2355/1/2355 2343/1/2343 2342/1/2342 
f 2348/1/2348 2358/1/2358 2359/1/2359 2353/1/2353 
f 2360/1/2360 2359/1/2359 2358/1/2358 2361/1/2361 
f 2357/1/2357 2356/1/2356 2359/1/2359 2360/1/2360 
f 2353/1/2353 2359/1/2359 2356/1/2356 2342/1/2342 
f 2357/1/2357 2362/1/2362 2363/1/2363 2354/1/2354 
f 2364/1/2364 2363/1/2363 2362/1/2362 2365/1/2365 
f 1978/1/1978 1977/1/1977 2363/1/2363 2364/1/2364 
f 2354/1/2354 2363/1/2363 1977/1/1977 1976/1/1976 
f 2361/1/2361 2366/1/2366 2367/1/2367 2360/1/2360 
f 2368/1/2368 2367/1/2367 2366/1/2366 2369/1/2369 
f 2365/1/2365 2362/1/2362 2367/1/2367 2368/1/2368 
f 2362/1/2362 2357/1/2357 2360/1/2360 
f 2370/1/2370 2364/1/2364 2365/1/2365 
f 2371/1/2371 2370/1/2370 2372/1/2372 2373/1/2373 
f 2176/1/2176 2180/1/2180 2370/1/2370 2371/1/2371 
f 2364/1/2364 2370/1/2370 2180/1/2180 1978/1/1978 
f 2374/1/2374 2375/1/2375 2376/1/2376 2377/1/2377 
f 2373/1/2373 2372/1/2372 2376/1/2376 2375/1/2375 
f 2368/1/2368 2376/1/2376 2372/1/2372 2365/1/2365 
f 2368/1/2368 2369/1/2369 2377/1/2377 
f 2378/1/2378 2379/1/2379 2380/1/2380 2381/1/2381 
f 2382/1/2382 2383/1/2383 2379/1/2379 2378/1/2378 
f 2185/1/2185 2182/1/2182 2379/1/2379 2383/1/2383 
f 2380/1/2380 2379/1/2379 2182/1/2182 1682/1/1682 
f 2373/1/2373 2384/1/2384 2385/1/2385 2371/1/2371 
f 2386/1/2386 2385/1/2385 2384/1/2384 2387/1/2387 
f 1980/1/1980 2177/1/2177 2385/1/2385 2386/1/2386 
f 2371/1/2371 2385/1/2385 2177/1/2177 2176/1/2176 
f 2375/1/2375 2388/1/2388 2384/1/2384 2373/1/2373 
f 2389/1/2389 2388/1/2388 2375/1/2375 2374/1/2374 
f 2390/1/2390 2391/1/2391 2388/1/2388 2389/1/2389 
f 2387/1/2387 2384/1/2384 2388/1/2388 2391/1/2391 
f 2381/1/2381 2392/1/2392 2393/1/2393 2378/1/2378 
f 2389/1/2389 2393/1/2393 2392/1/2392 2390/1/2390 
f 2374/1/2374 2394/1/2394 2393/1/2393 2389/1/2389 
f 2378/1/2378 2393/1/2393 2394/1/2394 2382/1/2382 
f 1687/1/1687 2395/1/2395 2396/1/2396 1685/1/1685 
f 2397/1/2397 2396/1/2396 2395/1/2395 2398/1/2398 
f 2381/1/2381 2380/1/2380 2396/1/2396 2397/1/2397 
f 1685/1/1685 2396/1/2396 2380/1/2380 1682/1/1682 
f 2387/1/2387 2399/1/2399 2400/1/2400 2386/1/2386 
f 2401/1/2401 2400/1/2400 2399/1/2399 2402/1/2402 
f 1985/1/1985 1981/1/1981 2400/1/2400 2401/1/2401 
f 2386/1/2386 2400/1/2400 1981/1/1981 1980/1/1980 
f 2391/1/2391 2403/1/2403 2399/1/2399 2387/1/2387 
f 2404/1/2404 2403/1/2403 2391/1/2391 2390/1/2390 
f 2405/1/2405 2406/1/2406 2403/1/2403 2404/1/2404 
f 2402/1/2402 2399/1/2399 2403/1/2403 2406/1/2406 
f 2398/1/2398 2407/1/2407 2408/1/2408 2397/1/2397 
f 2404/1/2404 2408/1/2408 2407/1/2407 2405/1/2405 
f 2390/1/2390 2392/1/2392 2408/1/2408 2404/1/2404 
f 2397/1/2397 2408/1/2408 2392/1/2392 2381/1/2381 
f 2409/1/2409 2410/1/2410 2411/1/2411 2412/1/2412 
f 2413/1/2413 2414/1/2414 2411/1/2411 2410/1/2410 
f 2401/1/2401 2411/1/2411 2414/1/2414 1985/1/1985 
f 2401/1/2401 2402/1/2402 2412/1/2412 2411/1/2411 
f 2402/1/2402 2406/1/2406 2415/1/2415 2412/1/2412 
f 2416/1/2416 2415/1/2415 2406/1/2406 2405/1/2405 
f 2417/1/2417 2418/1/2418 2415/1/2415 2416/1/2416 
f 2412/1/2412 2415/1/2415 2418/1/2418 2409/1/2409 
f 1645/1/1645 2419/1/2419 2420/1/2420 1662/1/1662 
f 2419/1/2419 2421/1/2421 2422/1/2422 2420/1/2420 
f 2423/1/2423 2424/1/2424 2420/1/2420 2422/1/2422 
f 1662/1/1662 2420/1/2420 2424/1/2424 1659/1/1659 
f 2421/1/2421 2425/1/2425 2426/1/2426 2427/1/2427 
f 2428/1/2428 2426/1/2426 2425/1/2425 1498/1/1498 
f 2429/1/2429 2430/1/2430 2426/1/2426 2428/1/2428 
f 2427/1/2427 2426/1/2426 2430/1/2430 2431/1/2431 
f 1485/1/1485 1492/1/1492 2432/1/2432 
f 1492/1/1492 1494/1/1494 2433/1/2433 2432/1/2432 
f 2428/1/2428 2432/1/2432 2433/1/2433 2429/1/2429 
f 1498/1/1498 1497/1/1497 2432/1/2432 2428/1/2428 
f 2419/1/2419 2434/1/2434 2425/1/2425 2421/1/2421 
f 1648/1/1648 2434/1/2434 2419/1/2419 1645/1/1645 
f 2434/1/2434 1648/1/1648 1627/1/1627 
f 2434/1/2434 1630/1/1630 1498/1/1498 
f 2435/1/2435 2436/1/2436 2437/1/2437 2438/1/2438 
f 2439/1/2439 2437/1/2437 2436/1/2436 2440/1/2440 
f 2440/1/2440 2441/1/2441 2442/1/2442 2439/1/2439 
f 2441/1/2441 2443/1/2443 2444/1/2444 2442/1/2442 
f 2445/1/2445 2446/1/2446 2447/1/2447 
f 2446/1/2446 2445/1/2445 2448/1/2448 2449/1/2449 
f 701/1/701 700/1/700 2450/1/2450 719/1/719 
f 2451/1/2451 2450/1/2450 700/1/700 703/1/703 
f 2450/1/2450 2451/1/2451 2452/1/2452 
f 719/1/719 2450/1/2450 2453/1/2453 716/1/716 
f 716/1/716 2453/1/2453 2454/1/2454 724/1/724 
f 2455/1/2455 2454/1/2454 2453/1/2453 2452/1/2452 
f 9/1/9 8/1/8 2454/1/2454 2455/1/2455 
f 724/1/724 2454/1/2454 8/1/8 7/1/7 
f 2456/1/2456 2457/1/2457 2458/1/2458 
f 2459/1/2459 2456/1/2456 2460/1/2460 2461/1/2461 
f 165/1/165 172/1/172 2456/1/2456 2459/1/2459 
f 2457/1/2457 2456/1/2456 172/1/172 171/1/171 
f 171/1/171 283/1/283 2462/1/2462 2457/1/2457 
f 2463/1/2463 2462/1/2462 283/1/283 284/1/284 
f 2464/1/2464 2465/1/2465 2462/1/2462 2463/1/2463 
f 2457/1/2457 2462/1/2462 2465/1/2465 2458/1/2458 
f 2466/1/2466 2467/1/2467 2468/1/2468 2469/1/2469 
f 69/1/69 2468/1/2468 2467/1/2467 66/1/66 
f 73/1/73 157/1/157 2468/1/2468 69/1/69 
f 157/1/157 156/1/156 2469/1/2469 
f 2470/1/2470 2471/1/2471 2472/1/2472 2473/1/2473 
f 2474/1/2474 2471/1/2471 2470/1/2470 2475/1/2475 
f 1922/1/1922 1955/1/1955 2471/1/2471 2474/1/2474 
f 1947/1/1947 2472/1/2472 2471/1/2471 1955/1/1955 
f 2476/1/2476 2474/1/2474 2475/1/2475 
f 2477/1/2477 2476/1/2476 2478/1/2478 2479/1/2479 
f 1920/1/1920 1923/1/1923 2476/1/2476 2477/1/2477 
f 2474/1/2474 2476/1/2476 1923/1/1923 1922/1/1922 
f 2480/1/2480 2481/1/2481 2482/1/2482 2483/1/2483 
f 2484/1/2484 2483/1/2483 2482/1/2482 2485/1/2485 
f 1064/1/1064 1146/1/1146 2483/1/2483 2484/1/2484 
f 2480/1/2480 2483/1/2483 1146/1/1146 1145/1/1145 
f 290/1/290 2486/1/2486 2487/1/2487 289/1/289 
f 2488/1/2488 2487/1/2487 2486/1/2486 2489/1/2489 
f 2490/1/2490 2491/1/2491 2487/1/2487 2488/1/2488 
f 289/1/289 2487/1/2487 2491/1/2491 200/1/200 
f 2492/1/2492 2493/1/2493 2494/1/2494 2495/1/2495 
f 1984/1/1984 2494/1/2494 2493/1/2493 1470/1/1470 
f 1985/1/1985 2414/1/2414 2494/1/2494 1984/1/1984 
f 2495/1/2495 2494/1/2494 2414/1/2414 2413/1/2413 
f 1675/1/1675 1674/1/1674 2496/1/2496 2497/1/2497 
f 2498/1/2498 2496/1/2496 1674/1/1674 1673/1/1673 
f 2499/1/2499 2500/1/2500 2496/1/2496 2498/1/2498 
f 2497/1/2497 2496/1/2496 2500/1/2500 2501/1/2501 
f 2499/1/2499 2498/1/2498 2502/1/2502 2503/1/2503 
f 1997/1/1997 2502/1/2502 2498/1/2498 1673/1/1673 
f 1986/1/1986 2504/1/2504 2502/1/2502 1997/1/1997 
f 2503/1/2503 2502/1/2502 2504/1/2504 2505/1/2505 
f 1994/1/1994 2506/1/2506 2507/1/2507 1989/1/1989 
f 2508/1/2508 2507/1/2507 2506/1/2506 2509/1/2509 
f 2505/1/2505 2504/1/2504 2507/1/2507 2508/1/2508 
f 1989/1/1989 2507/1/2507 2504/1/2504 1986/1/1986 
f 2509/1/2509 2506/1/2506 2510/1/2510 2511/1/2511 
f 2329/1/2329 2510/1/2510 2506/1/2506 1994/1/1994 
f 2330/1/2330 2512/1/2512 2510/1/2510 2329/1/2329 
f 2511/1/2511 2510/1/2510 2512/1/2512 2513/1/2513 
f 2514/1/2514 2515/1/2515 2516/1/2516 2517/1/2517 
f 1973/1/1973 2516/1/2516 2515/1/2515 1891/1/1891 
f 1967/1/1967 2518/1/2518 2516/1/2516 1973/1/1973 
f 2517/1/2517 2516/1/2516 2518/1/2518 2519/1/2519 
f 2520/1/2520 2521/1/2521 2522/1/2522 2523/1/2523 
f 2524/1/2524 2522/1/2522 2521/1/2521 2525/1/2525 
f 1900/1/1900 1896/1/1896 2522/1/2522 2524/1/2524 
f 2523/1/2523 2522/1/2522 1896/1/1896 1895/1/1895 
f 1138/1/1138 2526/1/2526 2527/1/2527 1139/1/1139 
f 2523/1/2523 2527/1/2527 2526/1/2526 2520/1/2520 
f 1895/1/1895 1944/1/1944 2527/1/2527 2523/1/2523 
f 1139/1/1139 2527/1/2527 1944/1/1944 1140/1/1140 
f 2528/1/2528 2529/1/2529 2530/1/2530 2531/1/2531 
f 2532/1/2532 2530/1/2530 2529/1/2529 2533/1/2533 
f 2312/1/2312 2316/1/2316 2530/1/2530 2532/1/2532 
f 2531/1/2531 2530/1/2530 2316/1/2316 2315/1/2315 
f 2533/1/2533 2534/1/2534 2535/1/2535 2532/1/2532 
f 1453/1/1453 2535/1/2535 2534/1/2534 1454/1/1454 
f 1447/1/1447 2311/1/2311 2535/1/2535 1453/1/1453 
f 2532/1/2532 2535/1/2535 2311/1/2311 2312/1/2312 
f 2536/1/2536 2537/1/2537 2538/1/2538 2539/1/2539 
f 2519/1/2519 2518/1/2518 2538/1/2538 2537/1/2537 
f 1965/1/1965 2538/1/2538 2518/1/2518 1967/1/1967 
f 2539/1/2539 2538/1/2538 1965/1/1965 1909/1/1909 
f 2525/1/2525 2540/1/2540 2541/1/2541 2524/1/2524 
f 2539/1/2539 2541/1/2541 2540/1/2540 2536/1/2536 
f 1909/1/1909 1908/1/1908 2541/1/2541 2539/1/2539 
f 2524/1/2524 2541/1/2541 1908/1/1908 1900/1/1900 
f 71/1/71 2542/1/2542 2543/1/2543 70/1/70 
f 2544/1/2544 2543/1/2543 2542/1/2542 2545/1/2545 
f 57/1/57 60/1/60 2543/1/2543 2544/1/2544 
f 70/1/70 2543/1/2543 60/1/60 65/1/65 
f 2461/1/2461 2546/1/2546 2547/1/2547 2459/1/2459 
f 2548/1/2548 2547/1/2547 2546/1/2546 2549/1/2549 
f 164/1/164 2547/1/2547 2548/1/2548 166/1/166 
f 164/1/164 165/1/165 2459/1/2459 2547/1/2547 
f 2550/1/2550 2551/1/2551 2552/1/2552 2553/1/2553 
f 2550/1/2550 2554/1/2554 2555/1/2555 2551/1/2551 
f 2556/1/2556 2551/1/2551 2555/1/2555 2549/1/2549 
f 2557/1/2557 2552/1/2552 2551/1/2551 2556/1/2556 
f 2558/1/2558 2559/1/2559 2560/1/2560 2561/1/2561 
f 2556/1/2556 2560/1/2560 2559/1/2559 2557/1/2557 
f 2549/1/2549 2546/1/2546 2560/1/2560 2556/1/2556 
f 2561/1/2561 2560/1/2560 2546/1/2546 2461/1/2461 
f 2557/1/2557 2559/1/2559 2562/1/2562 2563/1/2563 
f 2564/1/2564 2562/1/2562 2559/1/2559 2558/1/2558 
f 127/1/127 126/1/126 2562/1/2562 2564/1/2564 
f 2563/1/2563 2562/1/2562 126/1/126 26/1/26 
f 2554/1/2554 2565/1/2565 2566/1/2566 2555/1/2555 
f 2565/1/2565 1781/1/1781 1780/1/1780 2566/1/2566 
f 166/1/166 2548/1/2548 2566/1/2566 1780/1/1780 
f 2548/1/2548 2549/1/2549 2555/1/2555 2566/1/2566 
f 34/1/34 2567/1/2567 2568/1/2568 29/1/29 
f 2553/1/2553 2552/1/2552 2568/1/2568 2567/1/2567 
f 2563/1/2563 2568/1/2568 2552/1/2552 2557/1/2557 
f 29/1/29 2568/1/2568 2563/1/2563 26/1/26 
f 2569/1/2569 2570/1/2570 2571/1/2571 2572/1/2572 
f 2573/1/2573 2571/1/2571 2570/1/2570 2574/1/2574 
f 2573/1/2573 1771/1/1771 1774/1/1774 2571/1/2571 
f 2572/1/2572 2571/1/2571 1774/1/1774 1779/1/1779 
f 2575/1/2575 2576/1/2576 2577/1/2577 2578/1/2578 
f 2579/1/2579 2577/1/2577 2576/1/2576 2580/1/2580 
f 2574/1/2574 2570/1/2570 2577/1/2577 2579/1/2579 
f 2578/1/2578 2577/1/2577 2570/1/2570 2569/1/2569 
f 2580/1/2580 2576/1/2576 2581/1/2581 2582/1/2582 
f 2583/1/2583 2581/1/2581 2576/1/2576 2575/1/2575 
f 2545/1/2545 2542/1/2542 2581/1/2581 2583/1/2583 
f 2582/1/2582 2581/1/2581 2542/1/2542 71/1/71 
f 2580/1/2580 2584/1/2584 2585/1/2585 2579/1/2579 
f 2586/1/2586 2585/1/2585 2584/1/2584 2587/1/2587 
f 2588/1/2588 2589/1/2589 2585/1/2585 2586/1/2586 
f 2579/1/2579 2585/1/2585 2589/1/2589 2574/1/2574 
f 2587/1/2587 2584/1/2584 2590/1/2590 2591/1/2591 
f 2582/1/2582 2590/1/2590 2584/1/2584 2580/1/2580 
f 71/1/71 67/1/67 2590/1/2590 2582/1/2582 
f 2591/1/2591 2590/1/2590 67/1/67 66/1/66 
f 1810/1/1810 2592/1/2592 177/1/177 178/1/178 
f 1811/1/1811 2593/1/2593 2592/1/2592 1810/1/1810 
f 2588/1/2588 2594/1/2594 2592/1/2592 2593/1/2593 
f 2594/1/2594 179/1/179 177/1/177 
f 2588/1/2588 2586/1/2586 2595/1/2595 2594/1/2594 
f 2596/1/2596 2595/1/2595 2586/1/2586 2587/1/2587 
f 2595/1/2595 2596/1/2596 2597/1/2597 
f 2594/1/2594 2595/1/2595 2598/1/2598 179/1/179 
f 2574/1/2574 2589/1/2589 2599/1/2599 2573/1/2573 
f 2593/1/2593 2599/1/2599 2589/1/2589 2588/1/2588 
f 1813/1/1813 2599/1/2599 2593/1/2593 1811/1/1811 
f 1771/1/1771 2573/1/2573 2599/1/2599 1813/1/1813 
f 2479/1/2479 2600/1/2600 2601/1/2601 2477/1/2477 
f 2602/1/2602 2601/1/2601 2600/1/2600 2603/1/2603 
f 1078/1/1078 1921/1/1921 2601/1/2601 2602/1/2602 
f 2477/1/2477 2601/1/2601 1921/1/1921 1920/1/1920 
f 2604/1/2604 2605/1/2605 2467/1/2467 2466/1/2466 
f 2604/1/2604 2597/1/2597 2596/1/2596 
f 2596/1/2596 2587/1/2587 2591/1/2591 2605/1/2605 
f 66/1/66 2467/1/2467 2605/1/2605 2591/1/2591 
f 2602/1/2602 2606/1/2606 1079/1/1079 1078/1/1078 
f 2607/1/2607 2606/1/2606 2602/1/2602 2603/1/2603 
f 2608/1/2608 2609/1/2609 2606/1/2606 2607/1/2607 
f 256/1/256 1079/1/1079 2606/1/2606 2609/1/2609 
f 2603/1/2603 2610/1/2610 2611/1/2611 2607/1/2607 
f 2612/1/2612 2611/1/2611 2610/1/2610 2613/1/2613 
f 2614/1/2614 2615/1/2615 2611/1/2611 2612/1/2612 
f 2607/1/2607 2611/1/2611 2615/1/2615 2608/1/2608 
f 2616/1/2616 2617/1/2617 2484/1/2484 2485/1/2485 
f 2616/1/2616 2618/1/2618 2619/1/2619 2617/1/2617 
f 1058/1/1058 1065/1/1065 2617/1/2617 2619/1/2619 
f 2484/1/2484 2617/1/2617 1065/1/1065 1064/1/1064 
f 228/1/228 2620/1/2620 2621/1/2621 1087/1/1087 
f 2612/1/2612 2621/1/2621 2620/1/2620 2614/1/2614 
f 2613/1/2613 2622/1/2622 2621/1/2621 2612/1/2612 
f 1087/1/1087 2621/1/2621 2622/1/2622 1084/1/1084 
f 2618/1/2618 2623/1/2623 2624/1/2624 2619/1/2619 
f 2625/1/2625 2624/1/2624 2623/1/2623 2626/1/2626 
f 253/1/253 1059/1/1059 2624/1/2624 2625/1/2625 
f 2619/1/2619 2624/1/2624 1059/1/1059 1058/1/1058 
f 2618/1/2618 2627/1/2627 2628/1/2628 2623/1/2623 
f 2629/1/2629 2628/1/2628 2627/1/2627 2630/1/2630 
f 2631/1/2631 2632/1/2632 2628/1/2628 2629/1/2629 
f 2623/1/2623 2628/1/2628 2632/1/2632 2626/1/2626 
f 244/1/244 2633/1/2633 2634/1/2634 1066/1/1066 
f 2629/1/2629 2634/1/2634 2633/1/2633 2631/1/2631 
f 2630/1/2630 2635/1/2635 2634/1/2634 2629/1/2629 
f 1066/1/1066 2634/1/2634 2635/1/2635 1068/1/1068 
f 2608/1/2608 2636/1/2636 2637/1/2637 2609/1/2609 
f 2636/1/2636 2638/1/2638 2639/1/2639 2637/1/2637 
f 261/1/261 257/1/257 2637/1/2637 2639/1/2639 
f 2609/1/2609 2637/1/2637 257/1/257 256/1/256 
f 2615/1/2615 2614/1/2614 2640/1/2640 2641/1/2641 
f 2642/1/2642 2643/1/2643 2641/1/2641 2640/1/2640 
f 2636/1/2636 2641/1/2641 2643/1/2643 2638/1/2638 
f 2636/1/2636 2608/1/2608 2615/1/2615 2641/1/2641 
f 2640/1/2640 2644/1/2644 2645/1/2645 2642/1/2642 
f 2614/1/2614 2620/1/2620 2644/1/2644 2640/1/2640 
f 226/1/226 2644/1/2644 2620/1/2620 228/1/228 
f 226/1/226 227/1/227 2645/1/2645 2644/1/2644 
f 2625/1/2625 2646/1/2646 254/1/254 253/1/253 
f 2647/1/2647 2646/1/2646 2625/1/2625 2626/1/2626 
f 2648/1/2648 2649/1/2649 2646/1/2646 2647/1/2647 
f 254/1/254 2646/1/2646 2649/1/2649 255/1/255 
f 2650/1/2650 2651/1/2651 2652/1/2652 2653/1/2653 
f 2647/1/2647 2652/1/2652 2651/1/2651 2648/1/2648 
f 2626/1/2626 2632/1/2632 2652/1/2652 2647/1/2647 
f 2653/1/2653 2652/1/2652 2632/1/2632 2631/1/2631 
f 1844/1/1844 2654/1/2654 2655/1/2655 1950/1/1950 
f 2656/1/2656 2655/1/2655 2654/1/2654 2657/1/2657 
f 2473/1/2473 2472/1/2472 2655/1/2655 2656/1/2656 
f 1950/1/1950 2655/1/2655 2472/1/2472 1947/1/1947 
f 243/1/243 2658/1/2658 2659/1/2659 242/1/242 
f 2653/1/2653 2659/1/2659 2658/1/2658 2650/1/2650 
f 2631/1/2631 2633/1/2633 2659/1/2659 2653/1/2653 
f 242/1/242 2659/1/2659 2633/1/2633 244/1/244 
f 1131/1/1131 2660/1/2660 2661/1/2661 1847/1/1847 
f 2660/1/2660 2662/1/2662 2663/1/2663 
f 2657/1/2657 2654/1/2654 2661/1/2661 2663/1/2663 
f 1847/1/1847 2661/1/2661 2654/1/2654 1844/1/1844 
f 2664/1/2664 2665/1/2665 2666/1/2666 2667/1/2667 
f 2663/1/2663 2666/1/2666 2665/1/2665 2657/1/2657 
f 2666/1/2666 2663/1/2663 2662/1/2662 
f 2667/1/2667 2666/1/2666 2668/1/2668 2669/1/2669 
f 200/1/200 2491/1/2491 2670/1/2670 201/1/201 
f 2671/1/2671 2670/1/2670 2491/1/2491 2490/1/2490 
f 2672/1/2672 2673/1/2673 2670/1/2670 2671/1/2671 
f 198/1/198 201/1/201 2670/1/2670 2673/1/2673 
f 2667/1/2667 2674/1/2674 2675/1/2675 2664/1/2664 
f 2674/1/2674 2667/1/2667 2669/1/2669 
f 1122/1/1122 1251/1/1251 2674/1/2674 2676/1/2676 
f 2675/1/2675 2674/1/2674 1251/1/1251 1250/1/1250 
f 2558/1/2558 2677/1/2677 2678/1/2678 2564/1/2564 
f 2679/1/2679 2678/1/2678 2677/1/2677 2680/1/2680 
f 2681/1/2681 2678/1/2678 2679/1/2679 2682/1/2682 
f 2681/1/2681 127/1/127 2564/1/2564 2678/1/2678 
f 2672/1/2672 2683/1/2683 2684/1/2684 2673/1/2673 
f 2469/1/2469 2684/1/2684 2683/1/2683 2466/1/2466 
f 2684/1/2684 2469/1/2469 156/1/156 
f 2673/1/2673 2684/1/2684 199/1/199 198/1/198 
f 2680/1/2680 2677/1/2677 2685/1/2685 2686/1/2686 
f 2561/1/2561 2685/1/2685 2677/1/2677 2558/1/2558 
f 2461/1/2461 2460/1/2460 2685/1/2685 2561/1/2561 
f 2686/1/2686 2685/1/2685 2460/1/2460 2458/1/2458 
f 119/1/119 2687/1/2687 2688/1/2688 122/1/122 
f 2689/1/2689 2688/1/2688 2687/1/2687 2682/1/2682 
f 323/1/323 322/1/322 2688/1/2688 2689/1/2689 
f 122/1/122 2688/1/2688 322/1/322 123/1/123 
f 2682/1/2682 2679/1/2679 2690/1/2690 2689/1/2689 
f 2680/1/2680 2691/1/2691 2690/1/2690 2679/1/2679 
f 2692/1/2692 2690/1/2690 2691/1/2691 2693/1/2693 
f 2689/1/2689 2690/1/2690 2692/1/2692 323/1/323 
f 115/1/115 128/1/128 2694/1/2694 118/1/118 
f 2681/1/2681 2694/1/2694 128/1/128 127/1/127 
f 2694/1/2694 2681/1/2681 2682/1/2682 
f 118/1/118 2694/1/2694 2687/1/2687 119/1/119 
f 2695/1/2695 2696/1/2696 2697/1/2697 2698/1/2698 
f 2699/1/2699 2697/1/2697 2696/1/2696 2700/1/2700 
f 2638/1/2638 2643/1/2643 2697/1/2697 2699/1/2699 
f 2698/1/2698 2697/1/2697 2643/1/2643 2642/1/2642 
f 2693/1/2693 2691/1/2691 2701/1/2701 2702/1/2702 
f 2691/1/2691 2680/1/2680 2686/1/2686 
f 2701/1/2701 2686/1/2686 2458/1/2458 
f 2702/1/2702 2701/1/2701 2465/1/2465 2464/1/2464 
f 318/1/318 2703/1/2703 2704/1/2704 325/1/325 
f 2698/1/2698 2704/1/2704 2703/1/2703 2695/1/2695 
f 2642/1/2642 2645/1/2645 2704/1/2704 2698/1/2698 
f 325/1/325 2704/1/2704 2645/1/2645 227/1/227 
f 1870/1/1870 2705/1/2705 2706/1/2706 1875/1/1875 
f 2707/1/2707 2706/1/2706 2705/1/2705 2700/1/2700 
f 2464/1/2464 2463/1/2463 2706/1/2706 2707/1/2707 
f 1875/1/1875 2706/1/2706 2463/1/2463 284/1/284 
f 2700/1/2700 2696/1/2696 2708/1/2708 2707/1/2707 
f 2709/1/2709 2708/1/2708 2696/1/2696 2695/1/2695 
f 2708/1/2708 2709/1/2709 2693/1/2693 
f 2702/1/2702 2464/1/2464 2707/1/2707 
f 261/1/261 2639/1/2639 2710/1/2710 1868/1/1868 
f 2699/1/2699 2710/1/2710 2639/1/2639 2638/1/2638 
f 2700/1/2700 2705/1/2705 2710/1/2710 2699/1/2699 
f 2705/1/2705 1870/1/1870 1868/1/1868 
f 323/1/323 2692/1/2692 2711/1/2711 321/1/321 
f 2709/1/2709 2711/1/2711 2692/1/2692 2693/1/2693 
f 2695/1/2695 2703/1/2703 2711/1/2711 2709/1/2709 
f 321/1/321 2711/1/2711 2703/1/2703 318/1/318 
f 290/1/290 346/1/346 2712/1/2712 2486/1/2486 
f 2713/1/2713 2712/1/2712 346/1/346 296/1/296 
f 2713/1/2713 2714/1/2714 2715/1/2715 2712/1/2712 
f 2489/1/2489 2486/1/2486 2712/1/2712 2715/1/2715 
f 2716/1/2716 2717/1/2717 2649/1/2649 2648/1/2648 
f 2714/1/2714 2713/1/2713 2717/1/2717 2716/1/2716 
f 296/1/296 295/1/295 2717/1/2717 2713/1/2713 
f 2649/1/2649 2717/1/2717 295/1/295 255/1/255 
f 2718/1/2718 2719/1/2719 2720/1/2720 2721/1/2721 
f 2722/1/2722 2720/1/2720 2719/1/2719 2723/1/2723 
f 2492/1/2492 2724/1/2724 2720/1/2720 2722/1/2722 
f 2721/1/2721 2720/1/2720 2724/1/2724 2725/1/2725 
f 2726/1/2726 2727/1/2727 2728/1/2728 2729/1/2729 
f 2730/1/2730 2728/1/2728 2727/1/2727 2718/1/2718 
f 1342/1/1342 1338/1/1338 2728/1/2728 2730/1/2730 
f 1338/1/1338 1337/1/1337 2729/1/2729 
f 1361/1/1361 2731/1/2731 2732/1/2732 1356/1/1356 
f 2733/1/2733 2732/1/2732 2731/1/2731 2723/1/2723 
f 2734/1/2734 2735/1/2735 2732/1/2732 2733/1/2733 
f 1356/1/1356 2732/1/2732 2735/1/2735 1353/1/1353 
f 2733/1/2733 2736/1/2736 2737/1/2737 2734/1/2734 
f 2723/1/2723 2719/1/2719 2736/1/2736 2733/1/2733 
f 2718/1/2718 2727/1/2727 2736/1/2736 2719/1/2719 
f 2737/1/2737 2736/1/2736 2727/1/2727 2726/1/2726 
f 1470/1/1470 2493/1/2493 2738/1/2738 1469/1/1469 
f 2722/1/2722 2738/1/2738 2493/1/2493 2492/1/2492 
f 2723/1/2723 2731/1/2731 2738/1/2738 2722/1/2722 
f 1469/1/1469 2738/1/2738 2731/1/2731 1361/1/1361 
f 2730/1/2730 2739/1/2739 1475/1/1475 1342/1/1342 
f 2721/1/2721 2739/1/2739 2730/1/2730 2718/1/2718 
f 2725/1/2725 2740/1/2740 2739/1/2739 2721/1/2721 
f 1476/1/1476 1475/1/1475 2739/1/2739 
f 2741/1/2741 1893/1/1893 1883/1/1883 
f 2742/1/2742 2741/1/2741 2743/1/2743 2744/1/2744 
f 2745/1/2745 2746/1/2746 2741/1/2741 2742/1/2742 
f 1456/1/1456 1893/1/1893 2741/1/2741 2746/1/2746 
f 1891/1/1891 2515/1/2515 2747/1/2747 1886/1/1886 
f 2748/1/2748 2747/1/2747 2515/1/2515 2514/1/2514 
f 2744/1/2744 2743/1/2743 2747/1/2747 2748/1/2748 
f 1886/1/1886 2747/1/2747 2743/1/2743 1883/1/1883 
f 2749/1/2749 2750/1/2750 2751/1/2751 2752/1/2752 
f 1384/1/1384 2751/1/2751 2750/1/2750 1155/1/1155 
f 1388/1/1388 2753/1/2753 2751/1/2751 1384/1/1384 
f 2752/1/2752 2751/1/2751 2753/1/2753 2754/1/2754 
f 1148/1/1148 1147/1/1147 2755/1/2755 2756/1/2756 
f 2750/1/2750 2755/1/2755 1147/1/1147 1155/1/1155 
f 2749/1/2749 2757/1/2757 2755/1/2755 2750/1/2750 
f 2756/1/2756 2755/1/2755 2757/1/2757 2758/1/2758 
f 2759/1/2759 2760/1/2760 2761/1/2761 2762/1/2762 
f 2763/1/2763 2761/1/2761 2760/1/2760 2764/1/2764 
f 2525/1/2525 2521/1/2521 2761/1/2761 2763/1/2763 
f 2521/1/2521 2520/1/2520 2762/1/2762 
f 2764/1/2764 2765/1/2765 2766/1/2766 2767/1/2767 
f 2752/1/2752 2766/1/2766 2765/1/2765 2749/1/2749 
f 2754/1/2754 2768/1/2768 2766/1/2766 2752/1/2752 
f 2767/1/2767 2766/1/2766 2768/1/2768 2769/1/2769 
f 2758/1/2758 2757/1/2757 2770/1/2770 2771/1/2771 
f 2765/1/2765 2770/1/2770 2757/1/2757 2749/1/2749 
f 2764/1/2764 2760/1/2760 2770/1/2770 2765/1/2765 
f 2760/1/2760 2759/1/2759 2771/1/2771 
f 2772/1/2772 2773/1/2773 2774/1/2774 2775/1/2775 
f 1827/1/1827 2774/1/2774 2773/1/2773 1709/1/1709 
f 1071/1/1071 1069/1/1069 2774/1/2774 1827/1/1827 
f 2775/1/2775 2774/1/2774 1069/1/1069 1068/1/1068 
f 2763/1/2763 2776/1/2776 2540/1/2540 2525/1/2525 
f 2767/1/2767 2776/1/2776 2763/1/2763 2764/1/2764 
f 2769/1/2769 2777/1/2777 2776/1/2776 2767/1/2767 
f 2777/1/2777 2536/1/2536 2540/1/2540 2776/1/2776 
f 2485/1/2485 2778/1/2778 2779/1/2779 2616/1/2616 
f 2780/1/2780 2779/1/2779 2778/1/2778 2781/1/2781 
f 2630/1/2630 2627/1/2627 2779/1/2779 2780/1/2780 
f 2616/1/2616 2779/1/2779 2627/1/2627 2618/1/2618 
f 1709/1/1709 2773/1/2773 2782/1/2782 1708/1/1708 
f 2783/1/2783 2782/1/2782 2773/1/2773 2772/1/2772 
f 2782/1/2782 2783/1/2783 1137/1/1137 
f 1708/1/1708 2782/1/2782 1133/1/1133 1132/1/1132 
f 2772/1/2772 2784/1/2784 2785/1/2785 2783/1/2783 
f 2786/1/2786 2785/1/2785 2784/1/2784 2781/1/2781 
f 2787/1/2787 2788/1/2788 2785/1/2785 2786/1/2786 
f 2783/1/2783 2785/1/2785 2788/1/2788 1137/1/1137 
f 2781/1/2781 2784/1/2784 2789/1/2789 2780/1/2780 
f 2775/1/2775 2789/1/2789 2784/1/2784 2772/1/2772 
f 1068/1/1068 2635/1/2635 2789/1/2789 2775/1/2775 
f 2780/1/2780 2789/1/2789 2635/1/2635 2630/1/2630 
f 2790/1/2790 2791/1/2791 2792/1/2792 2793/1/2793 
f 1099/1/1099 2792/1/2792 2791/1/2791 1096/1/1096 
f 1089/1/1089 1085/1/1085 2792/1/2792 1099/1/1099 
f 2793/1/2793 2792/1/2792 1085/1/1085 1084/1/1084 
f 2481/1/2481 2794/1/2794 2795/1/2795 2482/1/2482 
f 2794/1/2794 2787/1/2787 2786/1/2786 
f 2781/1/2781 2778/1/2778 2795/1/2795 2786/1/2786 
f 2482/1/2482 2795/1/2795 2778/1/2778 2485/1/2485 
f 2479/1/2479 2796/1/2796 2797/1/2797 2600/1/2600 
f 2798/1/2798 2797/1/2797 2796/1/2796 2799/1/2799 
f 2613/1/2613 2610/1/2610 2797/1/2797 2798/1/2798 
f 2600/1/2600 2797/1/2797 2610/1/2610 2603/1/2603 
f 1096/1/1096 2791/1/2791 2800/1/2800 1255/1/1255 
f 2801/1/2801 2800/1/2800 2791/1/2791 2790/1/2790 
f 2802/1/2802 2803/1/2803 2800/1/2800 2801/1/2801 
f 1255/1/1255 2800/1/2800 2803/1/2803 1252/1/1252 
f 2801/1/2801 2804/1/2804 2805/1/2805 2802/1/2802 
f 2790/1/2790 2806/1/2806 2804/1/2804 2801/1/2801 
f 2807/1/2807 2804/1/2804 2806/1/2806 2799/1/2799 
f 2805/1/2805 2804/1/2804 2807/1/2807 2808/1/2808 
f 2799/1/2799 2806/1/2806 2809/1/2809 2798/1/2798 
f 2793/1/2793 2809/1/2809 2806/1/2806 2790/1/2790 
f 1084/1/1084 2622/1/2622 2809/1/2809 2793/1/2793 
f 2798/1/2798 2809/1/2809 2622/1/2622 2613/1/2613 
f 2810/1/2810 2811/1/2811 2812/1/2812 2813/1/2813 
f 2814/1/2814 2812/1/2812 2811/1/2811 2815/1/2815 
f 2816/1/2816 2817/1/2817 2812/1/2812 2814/1/2814 
f 2818/1/2818 2813/1/2813 2812/1/2812 2817/1/2817 
f 2808/1/2808 2807/1/2807 2819/1/2819 2820/1/2820 
f 2796/1/2796 2819/1/2819 2807/1/2807 2799/1/2799 
f 2479/1/2479 2478/1/2478 2819/1/2819 2796/1/2796 
f 2478/1/2478 2475/1/2475 2820/1/2820 
f 1117/1/1117 2821/1/2821 2822/1/2822 1344/1/1344 
f 2813/1/2813 2822/1/2822 2821/1/2821 2810/1/2810 
f 2823/1/2823 2822/1/2822 2813/1/2813 2818/1/2818 
f 1346/1/1346 1344/1/1344 2822/1/2822 2823/1/2823 
f 1130/1/1130 2824/1/2824 2825/1/2825 1129/1/1129 
f 2826/1/2826 2825/1/2825 2824/1/2824 2815/1/2815 
f 2662/1/2662 2660/1/2660 2825/1/2825 2826/1/2826 
f 1129/1/1129 2825/1/2825 2660/1/2660 1131/1/1131 
f 2815/1/2815 2811/1/2811 2827/1/2827 2826/1/2826 
f 2828/1/2828 2827/1/2827 2811/1/2811 2810/1/2810 
f 2669/1/2669 2668/1/2668 2827/1/2827 2828/1/2828 
f 2668/1/2668 2662/1/2662 2826/1/2826 
f 2815/1/2815 2824/1/2824 2829/1/2829 2814/1/2814 
f 1763/1/1763 2829/1/2829 2824/1/2824 1130/1/1130 
f 1767/1/1767 2830/1/2830 2829/1/2829 1763/1/1763 
f 2814/1/2814 2829/1/2829 2830/1/2830 2816/1/2816 
f 2758/1/2758 2831/1/2831 2832/1/2832 2756/1/2756 
f 2833/1/2833 2832/1/2832 2831/1/2831 2834/1/2834 
f 1160/1/1160 1164/1/1164 2832/1/2832 2833/1/2833 
f 2756/1/2756 2832/1/2832 1164/1/1164 1148/1/1148 
f 2676/1/2676 2835/1/2835 1120/1/1120 1122/1/1122 
f 2828/1/2828 2835/1/2835 2676/1/2676 2669/1/2669 
f 2810/1/2810 2821/1/2821 2835/1/2835 2828/1/2828 
f 1120/1/1120 2835/1/2835 2821/1/2821 1117/1/1117 
f 1137/1/1137 2788/1/2788 2836/1/2836 1136/1/1136 
f 2837/1/2837 2836/1/2836 2788/1/2788 2787/1/2787 
f 2838/1/2838 2839/1/2839 2836/1/2836 2837/1/2837 
f 1136/1/1136 2836/1/2836 2839/1/2839 1138/1/1138 
f 2833/1/2833 2840/1/2840 1161/1/1161 1160/1/1160 
f 2833/1/2833 2834/1/2834 2841/1/2841 2840/1/2840 
f 2481/1/2481 2480/1/2480 2840/1/2840 2841/1/2841 
f 1145/1/1145 1161/1/1161 2840/1/2840 2480/1/2480 
f 2834/1/2834 2842/1/2842 2843/1/2843 2841/1/2841 
f 2837/1/2837 2843/1/2843 2842/1/2842 2838/1/2838 
f 2787/1/2787 2794/1/2794 2843/1/2843 2837/1/2837 
f 2841/1/2841 2843/1/2843 2794/1/2794 2481/1/2481 
f 2759/1/2759 2844/1/2844 2845/1/2845 2771/1/2771 
f 2845/1/2845 2844/1/2844 2838/1/2838 
f 2834/1/2834 2831/1/2831 2845/1/2845 2842/1/2842 
f 2771/1/2771 2845/1/2845 2831/1/2831 2758/1/2758 
f 2846/1/2846 1247/1/1247 1246/1/1246 
f 2847/1/2847 2846/1/2846 1275/1/1275 1274/1/1274 
f 2847/1/2847 2848/1/2848 2849/1/2849 
f 1247/1/1247 2846/1/2846 2849/1/2849 1250/1/1250 
f 2844/1/2844 2850/1/2850 2839/1/2839 2838/1/2838 
f 2762/1/2762 2850/1/2850 2844/1/2844 2759/1/2759 
f 2850/1/2850 2762/1/2762 2520/1/2520 
f 1138/1/1138 2839/1/2839 2850/1/2850 2526/1/2526 
f 2657/1/2657 2665/1/2665 2851/1/2851 2656/1/2656 
f 2852/1/2852 2851/1/2851 2665/1/2665 2664/1/2664 
f 2853/1/2853 2854/1/2854 2851/1/2851 2852/1/2852 
f 2656/1/2656 2851/1/2851 2854/1/2854 2473/1/2473 
f 2848/1/2848 2847/1/2847 2855/1/2855 2856/1/2856 
f 1286/1/1286 2855/1/2855 2847/1/2847 1274/1/1274 
f 2855/1/2855 1286/1/1286 1252/1/1252 
f 2803/1/2803 2802/1/2802 2856/1/2856 
f 2853/1/2853 2857/1/2857 2858/1/2858 2859/1/2859 
f 2856/1/2856 2858/1/2858 2857/1/2857 2848/1/2848 
f 2858/1/2858 2856/1/2856 2802/1/2802 
f 2859/1/2859 2858/1/2858 2805/1/2805 2808/1/2808 
f 2848/1/2848 2857/1/2857 2860/1/2860 2849/1/2849 
f 2852/1/2852 2860/1/2860 2857/1/2857 2853/1/2853 
f 2664/1/2664 2675/1/2675 2860/1/2860 2852/1/2852 
f 2849/1/2849 2860/1/2860 2675/1/2675 1250/1/1250 
f 2737/1/2737 2726/1/2726 2861/1/2861 2862/1/2862 
f 2863/1/2863 2862/1/2862 2861/1/2861 2864/1/2864 
f 2865/1/2865 2866/1/2866 2862/1/2862 2863/1/2863 
f 2734/1/2734 2737/1/2737 2862/1/2862 2866/1/2866 
f 2473/1/2473 2854/1/2854 2867/1/2867 2470/1/2470 
f 2859/1/2859 2867/1/2867 2854/1/2854 2853/1/2853 
f 2808/1/2808 2820/1/2820 2867/1/2867 2859/1/2859 
f 2470/1/2470 2867/1/2867 2820/1/2820 2475/1/2475 
f 2868/1/2868 2869/1/2869 1351/1/1351 1350/1/1350 
f 2864/1/2864 2861/1/2861 2869/1/2869 2868/1/2868 
f 2729/1/2729 2869/1/2869 2861/1/2861 2726/1/2726 
f 2729/1/2729 1337/1/1337 1351/1/1351 2869/1/2869 
f 1769/1/1769 1365/1/1365 2870/1/2870 2871/1/2871 
f 2865/1/2865 2872/1/2872 2871/1/2871 2870/1/2870 
f 2816/1/2816 2830/1/2830 2871/1/2871 2872/1/2872 
f 1769/1/1769 2871/1/2871 2830/1/2830 1767/1/1767 
f 2816/1/2816 2872/1/2872 2873/1/2873 2817/1/2817 
f 2863/1/2863 2873/1/2873 2872/1/2872 2865/1/2865 
f 2864/1/2864 2874/1/2874 2873/1/2873 2863/1/2863 
f 2817/1/2817 2873/1/2873 2874/1/2874 2818/1/2818 
f 2866/1/2866 2875/1/2875 2735/1/2735 2734/1/2734 
f 2870/1/2870 2875/1/2875 2866/1/2866 2865/1/2865 
f 1365/1/1365 1364/1/1364 2875/1/2875 2870/1/2870 
f 2735/1/2735 2875/1/2875 1364/1/1364 1353/1/1353 
f 2876/1/2876 2877/1/2877 2878/1/2878 2879/1/2879 
f 1392/1/1392 2878/1/2878 2877/1/2877 1389/1/1389 
f 1372/1/1372 1370/1/1370 2878/1/2878 1392/1/1392 
f 2879/1/2879 2878/1/2878 1370/1/1370 1369/1/1369 
f 1389/1/1389 2877/1/2877 2880/1/2880 1397/1/1397 
f 2881/1/2881 2880/1/2880 2877/1/2877 2876/1/2876 
f 2754/1/2754 2753/1/2753 2880/1/2880 2881/1/2881 
f 1397/1/1397 2880/1/2880 2753/1/2753 1388/1/1388 
f 2818/1/2818 2874/1/2874 2882/1/2882 2823/1/2823 
f 2868/1/2868 2882/1/2882 2874/1/2874 2864/1/2864 
f 1350/1/1350 1347/1/1347 2882/1/2882 2868/1/2868 
f 2823/1/2823 2882/1/2882 1347/1/1347 1346/1/1346 
f 2536/1/2536 2777/1/2777 2883/1/2883 2537/1/2537 
f 2884/1/2884 2883/1/2883 2777/1/2777 2769/1/2769 
f 2885/1/2885 2886/1/2886 2883/1/2883 2884/1/2884 
f 2537/1/2537 2883/1/2883 2886/1/2886 2519/1/2519 
f 2885/1/2885 2887/1/2887 2888/1/2888 2889/1/2889 
f 2879/1/2879 2888/1/2888 2887/1/2887 2876/1/2876 
f 1369/1/1369 2890/1/2890 2888/1/2888 2879/1/2879 
f 2889/1/2889 2888/1/2888 2890/1/2890 2891/1/2891 
f 2876/1/2876 2887/1/2887 2892/1/2892 2881/1/2881 
f 2884/1/2884 2892/1/2892 2887/1/2887 2885/1/2885 
f 2769/1/2769 2768/1/2768 2892/1/2892 2884/1/2884 
f 2881/1/2881 2892/1/2892 2768/1/2768 2754/1/2754 
f 2893/1/2893 2894/1/2894 2895/1/2895 2896/1/2896 
f 2897/1/2897 2895/1/2895 2894/1/2894 2898/1/2898 
f 2899/1/2899 2900/1/2900 2895/1/2895 2897/1/2897 
f 2896/1/2896 2895/1/2895 2900/1/2900 2901/1/2901 
f 2519/1/2519 2886/1/2886 2902/1/2902 2517/1/2517 
f 2889/1/2889 2902/1/2902 2886/1/2886 2885/1/2885 
f 2891/1/2891 2903/1/2903 2902/1/2902 2889/1/2889 
f 2517/1/2517 2902/1/2902 2903/1/2903 2514/1/2514 
f 2901/1/2901 2900/1/2900 2904/1/2904 2905/1/2905 
f 2906/1/2906 2904/1/2904 2900/1/2900 2899/1/2899 
f 1454/1/1454 2534/1/2534 2904/1/2904 2906/1/2906 
f 2905/1/2905 2904/1/2904 2534/1/2534 2533/1/2533 
f 2745/1/2745 2907/1/2907 2908/1/2908 2746/1/2746 
f 2909/1/2909 2908/1/2908 2907/1/2907 2898/1/2898 
f 1461/1/1461 1457/1/1457 2908/1/2908 2909/1/2909 
f 2746/1/2746 2908/1/2908 1457/1/1457 1456/1/1456 
f 2324/1/2324 2323/1/2323 2910/1/2910 2911/1/2911 
f 2909/1/2909 2910/1/2910 2323/1/2323 1461/1/1461 
f 2898/1/2898 2894/1/2894 2910/1/2910 2909/1/2909 
f 2911/1/2911 2910/1/2910 2894/1/2894 2893/1/2893 
f 1476/1/1476 2912/1/2912 2913/1/2913 1474/1/1474 
f 2914/1/2914 2913/1/2913 2912/1/2912 2915/1/2915 
f 1494/1/1494 1493/1/1493 2913/1/2913 2914/1/2914 
f 1493/1/1493 1471/1/1471 1474/1/1474 
f 2916/1/2916 2917/1/2917 2918/1/2918 2919/1/2919 
f 2920/1/2920 2918/1/2918 2917/1/2917 2921/1/2921 
f 2413/1/2413 2410/1/2410 2918/1/2918 2920/1/2920 
f 2919/1/2919 2918/1/2918 2410/1/2410 2409/1/2409 
f 2740/1/2740 2725/1/2725 2922/1/2922 2923/1/2923 
f 2924/1/2924 2923/1/2923 2922/1/2922 2921/1/2921 
f 2915/1/2915 2912/1/2912 2923/1/2923 2924/1/2924 
f 2912/1/2912 1476/1/1476 2740/1/2740 
f 2429/1/2429 2433/1/2433 2925/1/2925 2926/1/2926 
f 2914/1/2914 2925/1/2925 2433/1/2433 1494/1/1494 
f 2915/1/2915 2927/1/2927 2925/1/2925 2914/1/2914 
f 2926/1/2926 2925/1/2925 2927/1/2927 2928/1/2928 
f 2928/1/2928 2927/1/2927 2929/1/2929 2930/1/2930 
f 2924/1/2924 2929/1/2929 2927/1/2927 2915/1/2915 
f 2921/1/2921 2917/1/2917 2929/1/2929 2924/1/2924 
f 2930/1/2930 2929/1/2929 2917/1/2917 2916/1/2916 
f 2413/1/2413 2920/1/2920 2931/1/2931 2495/1/2495 
f 2921/1/2921 2922/1/2922 2931/1/2931 2920/1/2920 
f 2931/1/2931 2922/1/2922 2725/1/2725 
f 2724/1/2724 2492/1/2492 2495/1/2495 
f 2932/1/2932 2933/1/2933 2934/1/2934 2935/1/2935 
f 2936/1/2936 2934/1/2934 2933/1/2933 2937/1/2937 
f 2398/1/2398 2395/1/2395 2934/1/2934 2936/1/2936 
f 2935/1/2935 2934/1/2934 2395/1/2395 1687/1/1687 
f 2938/1/2938 2939/1/2939 2940/1/2940 2941/1/2941 
f 2942/1/2942 2940/1/2940 2939/1/2939 2943/1/2943 
f 2940/1/2940 2942/1/2942 2937/1/2937 
f 2941/1/2941 2940/1/2940 2933/1/2933 2932/1/2932 
f 2937/1/2937 2944/1/2944 2945/1/2945 2936/1/2936 
f 2416/1/2416 2945/1/2945 2944/1/2944 2417/1/2417 
f 2405/1/2405 2407/1/2407 2945/1/2945 2416/1/2416 
f 2936/1/2936 2945/1/2945 2407/1/2407 2398/1/2398 
f 2946/1/2946 2947/1/2947 2948/1/2948 2949/1/2949 
f 2306/1/2306 2305/1/2305 2948/1/2948 2947/1/2947 
f 2948/1/2948 2305/1/2305 1558/1/1558 
f 2949/1/2949 2948/1/2948 2950/1/2950 2951/1/2951 
f 2943/1/2943 2939/1/2939 2952/1/2952 2953/1/2953 
f 2954/1/2954 2952/1/2952 2939/1/2939 2938/1/2938 
f 1659/1/1659 2424/1/2424 2952/1/2952 2954/1/2954 
f 2424/1/2424 2423/1/2423 2953/1/2953 
f 2955/1/2955 2956/1/2956 2957/1/2957 2958/1/2958 
f 2949/1/2949 2957/1/2957 2956/1/2956 2946/1/2946 
f 2951/1/2951 2959/1/2959 2957/1/2957 2949/1/2949 
f 2958/1/2958 2957/1/2957 2959/1/2959 2960/1/2960 
f 2961/1/2961 2962/1/2962 2947/1/2947 2946/1/2946 
f 2531/1/2531 2962/1/2962 2961/1/2961 2528/1/2528 
f 2318/1/2318 2962/1/2962 2531/1/2531 2315/1/2315 
f 2947/1/2947 2962/1/2962 2318/1/2318 2306/1/2306 
f 2963/1/2963 2964/1/2964 2965/1/2965 2966/1/2966 
f 1566/1/1566 2965/1/2965 2964/1/2964 1557/1/1557 
f 1658/1/1658 2965/1/2965 1566/1/1566 1565/1/1565 
f 2966/1/2966 2965/1/2965 1658/1/1658 1657/1/1657 
f 1557/1/1557 2964/1/2964 2967/1/2967 1556/1/1556 
f 2964/1/2964 2963/1/2963 2968/1/2968 
f 2967/1/2967 2968/1/2968 2951/1/2951 
f 2950/1/2950 1558/1/1558 1556/1/1556 
f 2958/1/2958 2969/1/2969 2970/1/2970 2955/1/2955 
f 2960/1/2960 2971/1/2971 2969/1/2969 2958/1/2958 
f 2971/1/2971 2509/1/2509 2511/1/2511 
f 2513/1/2513 2970/1/2970 2969/1/2969 2511/1/2511 
f 2972/1/2972 2973/1/2973 2974/1/2974 2975/1/2975 
f 2976/1/2976 2974/1/2974 2973/1/2973 2977/1/2977 
f 2978/1/2978 2979/1/2979 2974/1/2974 2976/1/2976 
f 2975/1/2975 2974/1/2974 2979/1/2979 2501/1/2501 
f 2977/1/2977 2973/1/2973 2980/1/2980 2981/1/2981 
f 2982/1/2982 2980/1/2980 2973/1/2973 2972/1/2972 
f 1655/1/1655 1665/1/1665 2980/1/2980 2982/1/2982 
f 2981/1/2981 2980/1/2980 1665/1/1665 1664/1/1664 
f 1687/1/1687 1686/1/1686 2983/1/2983 2935/1/2935 
f 2984/1/2984 2983/1/2983 1686/1/1686 1679/1/1679 
f 2978/1/2978 2985/1/2985 2983/1/2983 2984/1/2984 
f 2985/1/2985 2932/1/2932 2935/1/2935 
f 2932/1/2932 2985/1/2985 2986/1/2986 2941/1/2941 
f 2976/1/2976 2986/1/2986 2985/1/2985 2978/1/2978 
f 2977/1/2977 2987/1/2987 2986/1/2986 2976/1/2976 
f 2941/1/2941 2986/1/2986 2987/1/2987 2938/1/2938 
f 2979/1/2979 2978/1/2978 2984/1/2984 2988/1/2988 
f 1678/1/1678 2988/1/2988 2984/1/2984 1679/1/1679 
f 1675/1/1675 2497/1/2497 2988/1/2988 1678/1/1678 
f 2501/1/2501 2979/1/2979 2988/1/2988 2497/1/2497 
f 2989/1/2989 2990/1/2990 2991/1/2991 2992/1/2992 
f 2993/1/2993 2994/1/2994 2990/1/2990 2989/1/2989 
f 2955/1/2955 2970/1/2970 2990/1/2990 2994/1/2994 
f 2991/1/2991 2990/1/2990 2970/1/2970 2513/1/2513 
f 2938/1/2938 2987/1/2987 2995/1/2995 2954/1/2954 
f 2981/1/2981 2995/1/2995 2987/1/2987 2977/1/2977 
f 1664/1/1664 1660/1/1660 2995/1/2995 2981/1/2981 
f 2954/1/2954 2995/1/2995 1660/1/1660 1659/1/1659 
f 2994/1/2994 2996/1/2996 2956/1/2956 2955/1/2955 
f 2997/1/2997 2996/1/2996 2994/1/2994 2993/1/2993 
f 2528/1/2528 2961/1/2961 2996/1/2996 2997/1/2997 
f 2946/1/2946 2956/1/2956 2996/1/2996 2961/1/2961 
f 2893/1/2893 2998/1/2998 2999/1/2999 2911/1/2911 
f 3000/1/3000 2999/1/2999 2998/1/2998 2992/1/2992 
f 2334/1/2334 2331/1/2331 2999/1/2999 3000/1/3000 
f 2911/1/2911 2999/1/2999 2331/1/2331 2324/1/2324 
f 2901/1/2901 3001/1/3001 3002/1/3002 2896/1/2896 
f 2989/1/2989 3002/1/3002 3001/1/3001 2993/1/2993 
f 2992/1/2992 2998/1/2998 3002/1/3002 2989/1/2989 
f 2896/1/2896 3002/1/3002 2998/1/2998 2893/1/2893 
f 2330/1/2330 2339/1/2339 3003/1/3003 2512/1/2512 
f 3000/1/3000 3003/1/3003 2339/1/2339 2334/1/2334 
f 2992/1/2992 2991/1/2991 3003/1/3003 3000/1/3000 
f 3003/1/3003 2991/1/2991 2513/1/2513 2512/1/2512 
f 2423/1/2423 3004/1/3004 3005/1/3005 2953/1/2953 
f 3006/1/3006 3005/1/3005 3004/1/3004 3007/1/3007 
f 3008/1/3008 3009/1/3009 3005/1/3005 3006/1/3006 
f 2953/1/2953 3005/1/3005 3009/1/3009 2943/1/2943 
f 2993/1/2993 3001/1/3001 3010/1/3010 2997/1/2997 
f 2905/1/2905 3010/1/3010 3001/1/3001 2901/1/2901 
f 2533/1/2533 2529/1/2529 3010/1/3010 2905/1/2905 
f 2997/1/2997 3010/1/3010 2529/1/2529 2528/1/2528 
f 2943/1/2943 3009/1/3009 3011/1/3011 2942/1/2942 
f 3012/1/3012 3011/1/3011 3009/1/3009 3008/1/3008 
f 2417/1/2417 2944/1/2944 3011/1/3011 3012/1/3012 
f 2942/1/2942 3011/1/3011 2944/1/2944 2937/1/2937 
f 2928/1/2928 3013/1/3013 3014/1/3014 2926/1/2926 
f 3015/1/3015 3014/1/3014 3013/1/3013 3007/1/3007 
f 2431/1/2431 2430/1/2430 3014/1/3014 3015/1/3015 
f 2926/1/2926 3014/1/3014 2430/1/2430 2429/1/2429 
f 2916/1/2916 3016/1/3016 3017/1/3017 2930/1/2930 
f 3006/1/3006 3017/1/3017 3016/1/3016 3008/1/3008 
f 3007/1/3007 3013/1/3013 3017/1/3017 3006/1/3006 
f 2930/1/2930 3017/1/3017 3013/1/3013 2928/1/2928 
f 2431/1/2431 3015/1/3015 3018/1/3018 2427/1/2427 
f 3007/1/3007 3004/1/3004 3018/1/3018 3015/1/3015 
f 2422/1/2422 3018/1/3018 3004/1/3004 2423/1/2423 
f 2427/1/2427 3018/1/3018 2422/1/2422 2421/1/2421 
f 3008/1/3008 3016/1/3016 3019/1/3019 3012/1/3012 
f 2919/1/2919 3019/1/3019 3016/1/3016 2916/1/2916 
f 2409/1/2409 2418/1/2418 3019/1/3019 2919/1/2919 
f 3012/1/3012 3019/1/3019 2418/1/2418 2417/1/2417 
f 3020/1/3020 3021/1/3021 3022/1/3022 
f 3023/1/3023 3020/1/3020 3024/1/3024 3025/1/3025 
f 3026/1/3026 3027/1/3027 3020/1/3020 3023/1/3023 
f 3021/1/3021 3020/1/3020 3027/1/3027 3028/1/3028 
f 3029/1/3029 3030/1/3030 3031/1/3031 
f 3029/1/3029 3032/1/3032 3025/1/3025 
f 3022/1/3022 3033/1/3033 3029/1/3029 3024/1/3024 
f 3030/1/3030 3029/1/3029 3033/1/3033 3034/1/3034 
f 3028/1/3028 3027/1/3027 3035/1/3035 3036/1/3036 
f 3037/1/3037 3035/1/3035 3027/1/3027 3026/1/3026 
f 2440/1/2440 2436/1/2436 3035/1/3035 3037/1/3037 
f 3036/1/3036 3035/1/3035 2436/1/2436 2435/1/2435 
f 2443/1/2443 2441/1/2441 3038/1/3038 3039/1/3039 
f 3037/1/3037 3038/1/3038 2441/1/2441 2440/1/2440 
f 3026/1/3026 3040/1/3040 3038/1/3038 3037/1/3037 
f 3039/1/3039 3038/1/3038 3040/1/3040 3041/1/3041 
f 3041/1/3041 3040/1/3040 3042/1/3042 3043/1/3043 
f 3023/1/3023 3042/1/3042 3040/1/3040 3026/1/3026 
f 3042/1/3042 3023/1/3023 3025/1/3025 
f 3043/1/3043 3042/1/3042 3044/1/3044 3045/1/3045 
f 3045/1/3045 3044/1/3044 3046/1/3046 
f 3032/1/3032 3046/1/3046 3044/1/3044 3025/1/3025 
f 3047/1/3047 3048/1/3048 3049/1/3049 3050/1/3050 
f 3051/1/3051 3049/1/3049 3048/1/3048 3052/1/3052 
f 187/1/187 186/1/186 3049/1/3049 3051/1/3051 
f 3050/1/3050 3049/1/3049 186/1/186 181/1/181 
f 3052/1/3052 3048/1/3048 3053/1/3053 3054/1/3054 
f 3055/1/3055 3053/1/3053 3048/1/3048 3047/1/3047 
f 2671/1/2671 3053/1/3053 3055/1/3055 2672/1/2672 
f 2671/1/2671 2490/1/2490 3054/1/3054 3053/1/3053 
f 2597/1/2597 3056/1/3056 3057/1/3057 2598/1/2598 
f 3050/1/3050 3057/1/3057 3056/1/3056 3047/1/3047 
f 181/1/181 180/1/180 3057/1/3057 3050/1/3050 
f 2598/1/2598 3057/1/3057 180/1/180 179/1/179 
f 2683/1/2683 2672/1/2672 3055/1/3055 3058/1/3058 
f 3047/1/3047 3056/1/3056 3058/1/3058 3055/1/3055 
f 3056/1/3056 2597/1/2597 2604/1/2604 
f 2466/1/2466 2683/1/2683 3058/1/3058 2604/1/2604 
f 2490/1/2490 2488/1/2488 3059/1/3059 3054/1/3054 
f 2488/1/2488 2489/1/2489 3060/1/3060 
f 3061/1/3061 3062/1/3062 3059/1/3059 3060/1/3060 
f 3054/1/3054 3059/1/3059 3062/1/3062 3052/1/3052 
f 3063/1/3063 3064/1/3064 3065/1/3065 3066/1/3066 
f 2716/1/2716 3065/1/3065 3064/1/3064 2714/1/2714 
f 2648/1/2648 2651/1/2651 3065/1/3065 2716/1/2716 
f 3066/1/3066 3065/1/3065 2651/1/2651 2650/1/2650 
f 3067/1/3067 3068/1/3068 335/1/335 189/1/189 
f 3069/1/3069 3068/1/3068 3067/1/3067 3061/1/3061 
f 3063/1/3063 3070/1/3070 3068/1/3068 3069/1/3069 
f 338/1/338 335/1/335 3068/1/3068 3070/1/3070 
f 3052/1/3052 3062/1/3062 3071/1/3071 3051/1/3051 
f 3067/1/3067 3071/1/3071 3062/1/3062 3061/1/3061 
f 189/1/189 188/1/188 3071/1/3071 3067/1/3067 
f 3051/1/3051 3071/1/3071 188/1/188 187/1/187 
f 2714/1/2714 3064/1/3064 3072/1/3072 2715/1/2715 
f 3069/1/3069 3072/1/3072 3064/1/3064 3063/1/3063 
f 3072/1/3072 3069/1/3069 3061/1/3061 
f 2715/1/2715 3072/1/3072 3060/1/3060 2489/1/2489 
f 3070/1/3070 3073/1/3073 343/1/343 338/1/338 
f 3066/1/3066 3073/1/3073 3070/1/3070 3063/1/3063 
f 2650/1/2650 2658/1/2658 3073/1/3073 3066/1/3066 
f 2658/1/2658 243/1/243 343/1/343 3073/1/3073 
f 2898/1/2898 2907/1/2907 3074/1/3074 2897/1/2897 
f 2745/1/2745 3075/1/3075 3074/1/3074 2907/1/2907 
f 3076/1/3076 3074/1/3074 3075/1/3075 3077/1/3077 
f 2897/1/2897 3074/1/3074 3076/1/3076 2899/1/2899 
f 2891/1/2891 3078/1/3078 3079/1/3079 2903/1/2903 
f 3080/1/3080 3081/1/3081 3079/1/3079 3078/1/3078 
f 2748/1/2748 3079/1/3079 3081/1/3081 2744/1/2744 
f 2514/1/2514 2903/1/2903 3079/1/3079 2748/1/2748 
f 3082/1/3082 3083/1/3083 1451/1/1451 1450/1/1450 
f 3084/1/3084 3083/1/3083 3082/1/3082 3077/1/3077 
f 3080/1/3080 3085/1/3085 3083/1/3083 3084/1/3084 
f 1451/1/1451 3083/1/3083 3085/1/3085 1376/1/1376 
f 2899/1/2899 3076/1/3076 3086/1/3086 2906/1/2906 
f 3077/1/3077 3082/1/3082 3086/1/3086 3076/1/3076 
f 3086/1/3086 3082/1/3082 1450/1/1450 
f 1455/1/1455 1454/1/1454 2906/1/2906 
f 2744/1/2744 3081/1/3081 3087/1/3087 2742/1/2742 
f 3084/1/3084 3087/1/3087 3081/1/3081 3080/1/3080 
f 3077/1/3077 3075/1/3075 3087/1/3087 3084/1/3084 
f 2742/1/2742 3087/1/3087 3075/1/3075 2745/1/2745 
f 3080/1/3080 3078/1/3078 3088/1/3088 3085/1/3085 
f 2890/1/2890 3088/1/3088 3078/1/3078 2891/1/2891 
f 3088/1/3088 2890/1/2890 1369/1/1369 
f 1368/1/1368 1376/1/1376 3085/1/3085 3088/1/3088 
f 2501/1/2501 2500/1/2500 3089/1/3089 2975/1/2975 
f 3090/1/3090 3089/1/3089 2500/1/2500 2499/1/2499 
f 3091/1/3091 3092/1/3092 3089/1/3089 3090/1/3090 
f 2975/1/2975 3089/1/3089 3092/1/3092 2972/1/2972 
f 2972/1/2972 3092/1/3092 3093/1/3093 2982/1/2982 
f 3094/1/3094 3093/1/3093 3092/1/3092 3091/1/3091 
f 1656/1/1656 3093/1/3093 3094/1/3094 1657/1/1657 
f 2982/1/2982 3093/1/3093 1656/1/1656 1655/1/1655 
f 1657/1/1657 3094/1/3094 3095/1/3095 2966/1/2966 
f 3096/1/3096 3095/1/3095 3094/1/3094 3091/1/3091 
f 3097/1/3097 3098/1/3098 3095/1/3095 3096/1/3096 
f 2966/1/2966 3095/1/3095 3098/1/3098 2963/1/2963 
f 2505/1/2505 3099/1/3099 3100/1/3100 2503/1/2503 
f 3096/1/3096 3100/1/3100 3099/1/3099 3097/1/3097 
f 3091/1/3091 3090/1/3090 3100/1/3100 3096/1/3096 
f 2503/1/2503 3100/1/3100 3090/1/3090 2499/1/2499 
f 2509/1/2509 2971/1/2971 3101/1/3101 2508/1/2508 
f 3102/1/3102 3101/1/3101 2971/1/2971 2960/1/2960 
f 3097/1/3097 3099/1/3099 3101/1/3101 3102/1/3102 
f 2508/1/2508 3101/1/3101 3099/1/3099 2505/1/2505 
f 2963/1/2963 3098/1/3098 3103/1/3103 2968/1/2968 
f 3102/1/3102 3103/1/3103 3098/1/3098 3097/1/3097 
f 2960/1/2960 2959/1/2959 3103/1/3103 3102/1/3102 
f 2968/1/2968 3103/1/3103 2959/1/2959 2951/1/2951 
f 3104/1/3104 2377/1/2377 2369/1/2369 
f 3105/1/3105 3106/1/3106 3107/1/3107 
f 2382/1/2382 2394/1/2394 3104/1/3104 3107/1/3107 
f 2377/1/2377 3104/1/3104 2394/1/2394 2374/1/2374 
f 3108/1/3108 3109/1/3109 3110/1/3110 3111/1/3111 
f 2383/1/2383 3110/1/3110 3109/1/3109 2185/1/2185 
f 3107/1/3107 3110/1/3110 2383/1/2383 2382/1/2382 
f 3106/1/3106 3111/1/3111 3110/1/3110 3107/1/3107 
f 3112/1/3112 3113/1/3113 3114/1/3114 3115/1/3115 
f 2184/1/2184 3114/1/3114 3113/1/3113 2186/1/2186 
f 2185/1/2185 3109/1/3109 3114/1/3114 2184/1/2184 
f 3115/1/3115 3114/1/3114 3109/1/3109 3108/1/3108 
f 3113/1/3113 3112/1/3112 3116/1/3116 3117/1/3117 
f 3118/1/3118 3117/1/3117 3116/1/3116 3119/1/3119 
f 2191/1/2191 2188/1/2188 3117/1/3117 3118/1/3118 
f 2188/1/2188 2186/1/2186 3113/1/3113 3117/1/3117 
f 3119/1/3119 3120/1/3120 3121/1/3121 3118/1/3118 
f 3122/1/3122 3121/1/3121 3120/1/3120 3123/1/3123 
f 2195/1/2195 2192/1/2192 3121/1/3121 3122/1/3122 
f 3118/1/3118 3121/1/3121 2192/1/2192 2191/1/2191 
f 3124/1/3124 3125/1/3125 3126/1/3126 3127/1/3127 
f 2197/1/2197 3126/1/3126 3125/1/3125 2198/1/2198 
f 2195/1/2195 3122/1/3122 3126/1/3126 2197/1/2197 
f 3127/1/3127 3126/1/3126 3122/1/3122 3123/1/3123 
f 3128/1/3128 3129/1/3129 3125/1/3125 3124/1/3124 
f 3130/1/3130 3129/1/3129 3128/1/3128 3131/1/3131 
f 3130/1/3130 2202/1/2202 2201/1/2201 3129/1/3129 
f 2198/1/2198 3125/1/3125 3129/1/3129 2201/1/2201 
f 2344/1/2344 3132/1/3132 3133/1/3133 2351/1/2351 
f 3134/1/3134 3133/1/3133 3132/1/3132 3135/1/3135 
f 2361/1/2361 2358/1/2358 3133/1/3133 3134/1/3134 
f 2351/1/2351 3133/1/3133 2358/1/2358 2348/1/2348 
f 3131/1/3131 3136/1/3136 3137/1/3137 3130/1/3130 
f 3136/1/3136 3135/1/3135 3132/1/3132 3137/1/3137 
f 2347/1/2347 3137/1/3137 3132/1/3132 2344/1/2344 
f 3130/1/3130 3137/1/3137 2347/1/2347 2202/1/2202 
f 2369/1/2369 2366/1/2366 3138/1/3138 3105/1/3105 
f 2366/1/2366 2361/1/2361 3134/1/3134 
f 3138/1/3138 3134/1/3134 3135/1/3135 
f 3139/1/3139 3106/1/3106 3105/1/3105 
f 3140/1/3140 3141/1/3141 3142/1/3142 3143/1/3143 
f 3111/1/3111 3142/1/3142 3141/1/3141 3108/1/3108 
f 3111/1/3111 3106/1/3106 3144/1/3144 
f 3145/1/3145 3143/1/3143 3142/1/3142 3144/1/3144 
f 3140/1/3140 3146/1/3146 3147/1/3147 3141/1/3141 
f 3148/1/3148 3147/1/3147 3146/1/3146 3149/1/3149 
f 3112/1/3112 3115/1/3115 3147/1/3147 3148/1/3148 
f 3108/1/3108 3141/1/3141 3147/1/3147 3115/1/3115 
f 3149/1/3149 3150/1/3150 3151/1/3151 3148/1/3148 
f 3152/1/3152 3151/1/3151 3150/1/3150 3153/1/3153 
f 3119/1/3119 3116/1/3116 3151/1/3151 3152/1/3152 
f 3148/1/3148 3151/1/3151 3116/1/3116 3112/1/3112 
f 3153/1/3153 3154/1/3154 3155/1/3155 3152/1/3152 
f 3154/1/3154 3156/1/3156 3157/1/3157 3155/1/3155 
f 3120/1/3120 3155/1/3155 3157/1/3157 3123/1/3123 
f 3152/1/3152 3155/1/3155 3120/1/3120 3119/1/3119 
f 3158/1/3158 3159/1/3159 3160/1/3160 3161/1/3161 
f 3127/1/3127 3160/1/3160 3159/1/3159 3124/1/3124 
f 3123/1/3123 3157/1/3157 3160/1/3160 3127/1/3127 
f 3161/1/3161 3160/1/3160 3157/1/3157 3156/1/3156 
f 3140/1/3140 3162/1/3162 3163/1/3163 3146/1/3146 
f 3164/1/3164 3163/1/3163 3162/1/3162 3165/1/3165 
f 3166/1/3166 3167/1/3167 3163/1/3163 3164/1/3164 
f 3167/1/3167 3149/1/3149 3146/1/3146 3163/1/3163 
f 3166/1/3166 3168/1/3168 3169/1/3169 3167/1/3167 
f 3170/1/3170 3171/1/3171 3169/1/3169 3168/1/3168 
f 3153/1/3153 3150/1/3150 3169/1/3169 3171/1/3171 
f 3167/1/3167 3169/1/3169 3150/1/3150 3149/1/3149 
f 3172/1/3172 3173/1/3173 3174/1/3174 3175/1/3175 
f 3128/1/3128 3174/1/3174 3173/1/3173 3131/1/3131 
f 3124/1/3124 3159/1/3159 3174/1/3174 3128/1/3128 
f 3175/1/3175 3174/1/3174 3159/1/3159 3158/1/3158 
f 3170/1/3170 3176/1/3176 3177/1/3177 3171/1/3171 
f 3178/1/3178 3179/1/3179 3177/1/3177 3176/1/3176 
f 3156/1/3156 3154/1/3154 3177/1/3177 3179/1/3179 
f 3171/1/3171 3177/1/3177 3154/1/3154 3153/1/3153 
f 3165/1/3165 3180/1/3180 3181/1/3181 3164/1/3164 
f 3176/1/3176 3181/1/3181 3180/1/3180 3178/1/3178 
f 3170/1/3170 3168/1/3168 3181/1/3181 3176/1/3176 
f 3164/1/3164 3181/1/3181 3168/1/3168 3166/1/3166 
f 3182/1/3182 3183/1/3183 3184/1/3184 3185/1/3185 
f 3186/1/3186 3184/1/3184 3183/1/3183 3187/1/3187 
f 3178/1/3178 3180/1/3180 3184/1/3184 3186/1/3186 
f 3185/1/3185 3184/1/3184 3180/1/3180 3165/1/3165 
f 3156/1/3156 3179/1/3179 3188/1/3188 3161/1/3161 
f 3186/1/3186 3188/1/3188 3179/1/3179 3178/1/3178 
f 3187/1/3187 3189/1/3189 3188/1/3188 3186/1/3186 
f 3161/1/3161 3188/1/3188 3189/1/3189 3158/1/3158 
f 3190/1/3190 3191/1/3191 3192/1/3192 3193/1/3193 
f 3191/1/3191 3145/1/3145 3144/1/3144 
f 3192/1/3192 3144/1/3144 3106/1/3106 
f 3193/1/3193 3192/1/3192 3139/1/3139 3135/1/3135 
f 3194/1/3194 3195/1/3195 3143/1/3143 3145/1/3145 
f 3185/1/3185 3195/1/3195 3194/1/3194 3182/1/3182 
f 3165/1/3165 3162/1/3162 3195/1/3195 3185/1/3185 
f 3143/1/3143 3195/1/3195 3162/1/3162 3140/1/3140 
f 3196/1/3196 3190/1/3190 3193/1/3193 
f 3193/1/3193 3135/1/3135 3136/1/3136 
f 3136/1/3136 3131/1/3131 3173/1/3173 
f 3173/1/3173 3172/1/3172 3196/1/3196 
f 3197/1/3197 3198/1/3198 3199/1/3199 3200/1/3200 
f 3201/1/3201 3199/1/3199 3198/1/3198 3182/1/3182 
f 3190/1/3190 3196/1/3196 3199/1/3199 3201/1/3201 
f 3200/1/3200 3199/1/3199 3196/1/3196 3172/1/3172 
f 3201/1/3201 3182/1/3182 3194/1/3194 
f 3145/1/3145 3191/1/3191 3202/1/3202 3194/1/3194 
f 3201/1/3201 3202/1/3202 3191/1/3191 3190/1/3190 
f 3187/1/3187 3183/1/3183 3203/1/3203 3204/1/3204 
f 3198/1/3198 3203/1/3203 3183/1/3183 3182/1/3182 
f 3204/1/3204 3203/1/3203 3198/1/3198 3197/1/3197 
f 3158/1/3158 3189/1/3189 3205/1/3205 3175/1/3175 
f 3204/1/3204 3205/1/3205 3189/1/3189 3187/1/3187 
f 3197/1/3197 3200/1/3200 3205/1/3205 3204/1/3204 
f 3175/1/3175 3205/1/3205 3200/1/3200 3172/1/3172 
f 3206/1/3206 3207/1/3207 3208/1/3208 3209/1/3209 
f 3210/1/3210 3208/1/3208 3207/1/3207 3211/1/3211 
f 2443/1/2443 3039/1/3039 3212/1/3212 3213/1/3213 
f 3214/1/3214 3212/1/3212 3039/1/3039 3041/1/3041 
f 3211/1/3211 3207/1/3207 3212/1/3212 3214/1/3214 
f 3213/1/3213 3212/1/3212 3207/1/3207 3206/1/3206 
f 3041/1/3041 3043/1/3043 3215/1/3215 3214/1/3214 
f 3216/1/3216 3215/1/3215 3043/1/3043 3045/1/3045 
f 3214/1/3214 3215/1/3215 3217/1/3217 3211/1/3211 
f 3218/1/3218 3219/1/3219 3220/1/3220 3221/1/3221 
f 2455/1/2455 3219/1/3219 3218/1/3218 9/1/9 
f 3219/1/3219 2455/1/2455 2452/1/2452 
f 3222/1/3222 3220/1/3220 3219/1/3219 3223/1/3223 
f 3224/1/3224 3225/1/3225 3226/1/3226 
f 3227/1/3227 1/1/1 4/1/4 
f 9/1/9 3218/1/3218 3224/1/3224 4/1/4 
f 3221/1/3221 3225/1/3225 3224/1/3224 3218/1/3218 
f 3228/1/3228 3229/1/3229 3230/1/3230 3231/1/3231 
f 3229/1/3229 3228/1/3228 25/1/25 
f 1/1/1 3227/1/3227 3229/1/3229 24/1/24 
f 3230/1/3230 3229/1/3229 3227/1/3227 3226/1/3226 
f 3231/1/3231 3230/1/3230 3232/1/3232 3233/1/3233 
f 3232/1/3232 3230/1/3230 3226/1/3226 
f 3234/1/3234 3235/1/3235 3236/1/3236 
f 3233/1/3233 3232/1/3232 3236/1/3236 3237/1/3237 
f 3238/1/3238 3236/1/3236 3235/1/3235 
f 3239/1/3239 3238/1/3238 52/1/52 46/1/46 
f 3237/1/3237 3236/1/3236 3238/1/3238 3239/1/3239 
f 32/1/32 35/1/35 3240/1/3240 3241/1/3241 
f 3228/1/3228 3240/1/3240 35/1/35 25/1/25 
f 3231/1/3231 3242/1/3242 3240/1/3240 3228/1/3228 
f 3241/1/3241 3240/1/3240 3242/1/3242 3243/1/3243 
f 3243/1/3243 3242/1/3242 3244/1/3244 3245/1/3245 
f 3233/1/3233 3244/1/3244 3242/1/3242 3231/1/3231 
f 3237/1/3237 3246/1/3246 3244/1/3244 3233/1/3233 
f 3245/1/3245 3244/1/3244 3246/1/3246 3247/1/3247 
f 3239/1/3239 3248/1/3248 3246/1/3246 3237/1/3237 
f 46/1/46 44/1/44 3248/1/3248 3239/1/3239 
f 3249/1/3249 3248/1/3248 44/1/44 43/1/43 
f 3247/1/3247 3246/1/3246 3248/1/3248 3249/1/3249 
f 34/1/34 33/1/33 3250/1/3250 3251/1/3251 
f 3241/1/3241 3250/1/3250 33/1/33 32/1/32 
f 3243/1/3243 3252/1/3252 3250/1/3250 3241/1/3241 
f 3251/1/3251 3250/1/3250 3252/1/3252 3253/1/3253 
f 3253/1/3253 3252/1/3252 3254/1/3254 3255/1/3255 
f 3245/1/3245 3254/1/3254 3252/1/3252 3243/1/3243 
f 3247/1/3247 3256/1/3256 3254/1/3254 3245/1/3245 
f 3255/1/3255 3254/1/3254 3256/1/3256 3257/1/3257 
f 3249/1/3249 3258/1/3258 3256/1/3256 3247/1/3247 
f 43/1/43 47/1/47 3258/1/3258 3249/1/3249 
f 3259/1/3259 3258/1/3258 47/1/47 
f 3257/1/3257 3256/1/3256 3258/1/3258 3259/1/3259 
f 3260/1/3260 3261/1/3261 3262/1/3262 3263/1/3263 
f 3264/1/3264 3265/1/3265 3262/1/3262 3261/1/3261 
f 1782/1/1782 3262/1/3262 3265/1/3265 1785/1/1785 
f 1781/1/1781 3263/1/3263 3262/1/3262 1782/1/1782 
f 3263/1/3263 3266/1/3266 3267/1/3267 3260/1/3260 
f 2565/1/2565 3266/1/3266 3263/1/3263 1781/1/1781 
f 2565/1/2565 2554/1/2554 3268/1/3268 3266/1/3266 
f 3269/1/3269 3267/1/3267 3266/1/3266 3268/1/3268 
f 2252/1/2252 3270/1/3270 3271/1/3271 2251/1/2251 
f 1785/1/1785 3265/1/3265 3270/1/3270 2252/1/2252 
f 3272/1/3272 3273/1/3273 3274/1/3274 
f 1794/1/1794 2250/1/2250 3274/1/3274 3273/1/3273 
f 2251/1/2251 3271/1/3271 3274/1/3274 2250/1/2250 
f 3275/1/3275 3276/1/3276 3277/1/3277 3278/1/3278 
f 1789/1/1789 1788/1/1788 3276/1/3276 3275/1/3275 
f 3273/1/3273 3276/1/3276 1788/1/1788 1794/1/1794 
f 3272/1/3272 3277/1/3277 3276/1/3276 3273/1/3273 
f 3279/1/3279 3280/1/3280 3281/1/3281 
f 3278/1/3278 3277/1/3277 3282/1/3282 3283/1/3283 
f 3284/1/3284 3285/1/3285 1804/1/1804 
f 3275/1/3275 3284/1/3284 1803/1/1803 1789/1/1789 
f 3278/1/3278 3286/1/3286 3284/1/3284 3275/1/3275 
f 3285/1/3285 3284/1/3284 3286/1/3286 3287/1/3287 
f 3287/1/3287 3286/1/3286 3288/1/3288 3289/1/3289 
f 3283/1/3283 3288/1/3288 3286/1/3286 3278/1/3278 
f 3290/1/3290 3291/1/3291 3292/1/3292 3293/1/3293 
f 1777/1/1777 2058/1/2058 3291/1/3291 3290/1/3290 
f 3294/1/3294 3291/1/3291 2058/1/2058 2057/1/2057 
f 3295/1/3295 3292/1/3292 3291/1/3291 3294/1/3294 
f 2057/1/2057 2246/1/2246 3296/1/3296 3294/1/3294 
f 3285/1/3285 3296/1/3296 2246/1/2246 1804/1/1804 
f 3287/1/3287 3297/1/3297 3296/1/3296 3285/1/3285 
f 3294/1/3294 3296/1/3296 3297/1/3297 3295/1/3295 
f 3295/1/3295 3297/1/3297 3298/1/3298 3299/1/3299 
f 3289/1/3289 3298/1/3298 3297/1/3297 3287/1/3287 
f 3300/1/3300 3301/1/3301 3302/1/3302 3303/1/3303 
f 3301/1/3301 1779/1/1779 1778/1/1778 3302/1/3302 
f 3290/1/3290 3302/1/3302 1778/1/1778 1777/1/1777 
f 3293/1/3293 3303/1/3303 3302/1/3302 3290/1/3290 
f 3293/1/3293 3292/1/3292 3304/1/3304 
f 3292/1/3292 3295/1/3295 3299/1/3299 
f 3305/1/3305 3300/1/3300 3303/1/3303 
f 2572/1/2572 3306/1/3306 3307/1/3307 2569/1/2569 
f 1779/1/1779 3301/1/3301 3306/1/3306 2572/1/2572 
f 3308/1/3308 3306/1/3306 3301/1/3301 3300/1/3300 
f 3309/1/3309 3307/1/3307 3306/1/3306 3308/1/3308 
f 3308/1/3308 3310/1/3310 3311/1/3311 3309/1/3309 
f 3300/1/3300 3305/1/3305 3310/1/3310 3308/1/3308 
f 3312/1/3312 3310/1/3310 3305/1/3305 3313/1/3313 
f 3314/1/3314 3311/1/3311 3310/1/3310 3312/1/3312 
f 3315/1/3315 3316/1/3316 3317/1/3317 3318/1/3318 
f 2578/1/2578 3317/1/3317 3316/1/3316 2575/1/2575 
f 2569/1/2569 3307/1/3307 3317/1/3317 2578/1/2578 
f 3318/1/3318 3317/1/3317 3307/1/3307 3309/1/3309 
f 3313/1/3313 3319/1/3319 3320/1/3320 3312/1/3312 
f 3321/1/3321 3322/1/3322 3320/1/3320 
f 3312/1/3312 3320/1/3320 3322/1/3322 3314/1/3314 
f 62/1/62 58/1/58 3323/1/3323 3324/1/3324 
f 3325/1/3325 3323/1/3323 58/1/58 57/1/57 
f 3325/1/3325 3326/1/3326 3327/1/3327 3323/1/3323 
f 3324/1/3324 3323/1/3323 3327/1/3327 3328/1/3328 
f 3329/1/3329 2435/1/2435 2438/1/2438 
f 3330/1/3330 3329/1/3329 3331/1/3331 3332/1/3332 
f 3332/1/3332 3333/1/3333 3334/1/3334 3330/1/3330 
f 3335/1/3335 3334/1/3334 3333/1/3333 3336/1/3336 
f 3337/1/3337 3338/1/3338 3339/1/3339 
f 3340/1/3340 3028/1/3028 3036/1/3036 
f 3337/1/3337 3036/1/3036 2435/1/2435 
f 3329/1/3329 3330/1/3330 3338/1/3338 
f 3341/1/3341 3342/1/3342 3343/1/3343 
f 3327/1/3327 3343/1/3343 3342/1/3342 3328/1/3328 
f 3326/1/3326 3344/1/3344 3343/1/3343 3327/1/3327 
f 3336/1/3336 3343/1/3343 3344/1/3344 3335/1/3335 
f 83/1/83 82/1/82 3345/1/3345 3346/1/3346 
f 3324/1/3324 3345/1/3345 82/1/82 62/1/62 
f 3328/1/3328 3347/1/3347 3345/1/3345 3324/1/3324 
f 3346/1/3346 3345/1/3345 3347/1/3347 3348/1/3348 
f 3349/1/3349 3348/1/3348 3347/1/3347 
f 3328/1/3328 3342/1/3342 3350/1/3350 3347/1/3347 
f 3351/1/3351 3350/1/3350 3342/1/3342 3341/1/3341 
f 3352/1/3352 3349/1/3349 3350/1/3350 3351/1/3351 
f 3353/1/3353 3351/1/3351 3341/1/3341 
f 2447/1/2447 3354/1/3354 3353/1/3353 
f 3351/1/3351 3353/1/3353 3354/1/3354 3352/1/3352 
f 697/1/697 696/1/696 3355/1/3355 3356/1/3356 
f 3346/1/3346 3355/1/3355 696/1/696 83/1/83 
f 3348/1/3348 3357/1/3357 3355/1/3355 3346/1/3346 
f 3358/1/3358 3356/1/3356 3355/1/3355 3357/1/3357 
f 3357/1/3357 3359/1/3359 3360/1/3360 3358/1/3358 
f 3359/1/3359 3357/1/3357 3348/1/3348 
f 3361/1/3361 3359/1/3359 3349/1/3349 3352/1/3352 
f 3362/1/3362 3360/1/3360 3359/1/3359 3361/1/3361 
f 3363/1/3363 3364/1/3364 3365/1/3365 3366/1/3366 
f 3364/1/3364 703/1/703 702/1/702 3365/1/3365 
f 702/1/702 697/1/697 3356/1/3356 
f 3366/1/3366 3365/1/3365 3356/1/3356 3358/1/3358 
f 3352/1/3352 3354/1/3354 3367/1/3367 3361/1/3361 
f 2446/1/2446 3367/1/3367 3354/1/3354 2447/1/2447 
f 2449/1/2449 3368/1/3368 3367/1/3367 2446/1/2446 
f 3361/1/3361 3367/1/3367 3368/1/3368 3362/1/3362 
f 3221/1/3221 3220/1/3220 3369/1/3369 
f 3370/1/3370 3369/1/3369 3220/1/3220 3222/1/3222 
f 3371/1/3371 3372/1/3372 3373/1/3373 3374/1/3374 
f 3362/1/3362 3368/1/3368 3373/1/3373 3372/1/3372 
f 3375/1/3375 3376/1/3376 3377/1/3377 3378/1/3378 
f 3376/1/3376 2452/1/2452 2451/1/2451 3377/1/3377 
f 703/1/703 3364/1/3364 3377/1/3377 2451/1/2451 
f 3378/1/3378 3377/1/3377 3364/1/3364 3363/1/3363 
f 3371/1/3371 3379/1/3379 3380/1/3380 3372/1/3372 
f 3366/1/3366 3380/1/3380 3379/1/3379 3363/1/3363 
f 3358/1/3358 3360/1/3360 3380/1/3380 3366/1/3366 
f 3372/1/3372 3380/1/3380 3360/1/3360 3362/1/3362 
f 3378/1/3378 3381/1/3381 3382/1/3382 3375/1/3375 
f 3363/1/3363 3379/1/3379 3381/1/3381 3378/1/3378 
f 3383/1/3383 3381/1/3381 3379/1/3379 3371/1/3371 
f 3382/1/3382 3381/1/3381 3383/1/3383 3384/1/3384 
f 3374/1/3374 3385/1/3385 3383/1/3383 3371/1/3371 
f 3386/1/3386 3385/1/3385 3387/1/3387 
f 3384/1/3384 3383/1/3383 3385/1/3385 3386/1/3386 
f 3388/1/3388 3389/1/3389 3390/1/3390 3391/1/3391 
f 3382/1/3382 3390/1/3390 3389/1/3389 3375/1/3375 
f 3384/1/3384 3392/1/3392 3390/1/3390 3382/1/3382 
f 3391/1/3391 3390/1/3390 3392/1/3392 3393/1/3393 
f 3384/1/3384 3386/1/3386 3394/1/3394 3392/1/3392 
f 3395/1/3395 3394/1/3394 3386/1/3386 
f 3392/1/3392 3394/1/3394 3396/1/3396 3393/1/3393 
f 3397/1/3397 3398/1/3398 3222/1/3222 
f 3376/1/3376 3397/1/3397 3223/1/3223 2452/1/2452 
f 3375/1/3375 3389/1/3389 3397/1/3397 3376/1/3376 
f 3398/1/3398 3397/1/3397 3389/1/3389 3388/1/3388 
f 3399/1/3399 3400/1/3400 3401/1/3401 
f 3222/1/3222 3398/1/3398 3399/1/3399 3370/1/3370 
f 3398/1/3398 3388/1/3388 3400/1/3400 
f 3402/1/3402 3391/1/3391 3393/1/3393 
f 3400/1/3400 3402/1/3402 3403/1/3403 3401/1/3401 
f 3391/1/3391 3402/1/3402 3400/1/3400 3388/1/3388 
f 2567/1/2567 3404/1/3404 3405/1/3405 2553/1/2553 
f 3251/1/3251 3404/1/3404 2567/1/2567 34/1/34 
f 3253/1/3253 3406/1/3406 3404/1/3404 3251/1/3251 
f 3406/1/3406 3407/1/3407 3405/1/3405 3404/1/3404 
f 3407/1/3407 3406/1/3406 3408/1/3408 3409/1/3409 
f 3255/1/3255 3408/1/3408 3406/1/3406 3253/1/3253 
f 3257/1/3257 3410/1/3410 3408/1/3408 3255/1/3255 
f 3409/1/3409 3408/1/3408 3410/1/3410 3411/1/3411 
f 3405/1/3405 3407/1/3407 3412/1/3412 3413/1/3413 
f 3268/1/3268 3413/1/3413 3412/1/3412 3269/1/3269 
f 2550/1/2550 3413/1/3413 3268/1/3268 2554/1/2554 
f 2553/1/2553 3405/1/3405 3413/1/3413 2550/1/2550 
f 3259/1/3259 3414/1/3414 3410/1/3410 3257/1/3257 
f 3411/1/3411 3410/1/3410 3414/1/3414 
f 3326/1/3326 3325/1/3325 3415/1/3415 3416/1/3416 
f 2544/1/2544 3415/1/3415 3325/1/3325 57/1/57 
f 2545/1/2545 3417/1/3417 3415/1/3415 2544/1/2544 
f 3416/1/3416 3415/1/3415 3417/1/3417 3418/1/3418 
f 3260/1/3260 3267/1/3267 3419/1/3419 
f 3420/1/3420 3419/1/3419 3267/1/3267 3269/1/3269 
f 3420/1/3420 3421/1/3421 3422/1/3422 
f 3269/1/3269 3412/1/3412 3421/1/3421 3420/1/3420 
f 3409/1/3409 3421/1/3421 3412/1/3412 3407/1/3407 
f 3411/1/3411 3422/1/3422 3421/1/3421 3409/1/3409 
f 2583/1/2583 3423/1/3423 3417/1/3417 2545/1/2545 
f 2575/1/2575 3316/1/3316 3423/1/3423 2583/1/2583 
f 3424/1/3424 3423/1/3423 3316/1/3316 3315/1/3315 
f 3418/1/3418 3417/1/3417 3423/1/3423 3424/1/3424 
f 3425/1/3425 3426/1/3426 3427/1/3427 3428/1/3428 
f 3335/1/3335 3344/1/3344 3426/1/3426 3425/1/3425 
f 3416/1/3416 3426/1/3426 3344/1/3344 3326/1/3326 
f 3418/1/3418 3427/1/3427 3426/1/3426 3416/1/3416 
f 3429/1/3429 3022/1/3022 3021/1/3021 
f 3028/1/3028 3340/1/3340 3430/1/3430 3021/1/3021 
f 3431/1/3431 3430/1/3430 3340/1/3340 3339/1/3339 
f 3430/1/3430 3431/1/3431 3432/1/3432 
f 3429/1/3429 3432/1/3432 3433/1/3433 
f 3434/1/3434 3433/1/3433 3321/1/3321 
f 3434/1/3434 3435/1/3435 3034/1/3034 
f 3434/1/3434 3033/1/3033 3022/1/3022 
f 3428/1/3428 3436/1/3436 3437/1/3437 3425/1/3425 
f 3338/1/3338 3437/1/3437 3436/1/3436 3339/1/3339 
f 3330/1/3330 3334/1/3334 3437/1/3437 3338/1/3338 
f 3425/1/3425 3437/1/3437 3334/1/3334 3335/1/3335 
f 3438/1/3438 3432/1/3432 3431/1/3431 
f 3339/1/3339 3436/1/3436 3439/1/3439 3431/1/3431 
f 3440/1/3440 3439/1/3439 3436/1/3436 3428/1/3428 
f 3441/1/3441 3438/1/3438 3439/1/3439 3440/1/3440 
f 3442/1/3442 3443/1/3443 3438/1/3438 3441/1/3441 
f 3314/1/3314 3322/1/3322 3443/1/3443 3442/1/3442 
f 3433/1/3433 3443/1/3443 3322/1/3322 3321/1/3321 
f 3443/1/3443 3433/1/3433 3432/1/3432 
f 3428/1/3428 3427/1/3427 3444/1/3444 3440/1/3440 
f 3424/1/3424 3444/1/3444 3427/1/3427 3418/1/3418 
f 3315/1/3315 3445/1/3445 3444/1/3444 3424/1/3424 
f 3440/1/3440 3444/1/3444 3445/1/3445 3441/1/3441 
f 3441/1/3441 3445/1/3445 3446/1/3446 3442/1/3442 
f 3318/1/3318 3446/1/3446 3445/1/3445 3315/1/3315 
f 3309/1/3309 3311/1/3311 3446/1/3446 3318/1/3318 
f 3442/1/3442 3446/1/3446 3311/1/3311 3314/1/3314 
f 20/1/20 21/1/21 18/1/18 
f 40/1/40 41/1/41 38/1/38 
f 42/1/42 45/1/45 38/1/38 
f 39/1/39 38/1/38 44/1/44 
f 50/1/50 49/1/49 40/1/40 
f 49/1/49 54/1/54 55/1/55 
f 104/1/104 101/1/101 100/1/100 
f 103/1/103 111/1/111 109/1/109 
f 17/1/17 113/1/113 116/1/116 
f 96/1/96 120/1/120 121/1/121 
f 102/1/102 121/1/121 124/1/124 
f 140/1/140 141/1/141 138/1/138 
f 146/1/146 148/1/148 144/1/144 
f 155/1/155 153/1/153 152/1/152 
f 156/1/156 157/1/157 153/1/153 
f 155/1/155 195/1/195 199/1/199 
f 232/1/232 1839/1/1839 230/1/230 
f 230/1/230 1839/1/1839 233/1/233 
f 231/1/231 230/1/230 235/1/235 
f 200/1/200 203/1/203 287/1/287 
f 288/1/288 287/1/287 203/1/203 
f 314/1/314 315/1/315 312/1/312 
f 334/1/334 332/1/332 234/1/234 
f 285/1/285 345/1/345 344/1/344 
f 382/1/382 381/1/381 385/1/385 
f 366/1/366 390/1/390 387/1/387 
f 402/1/402 406/1/406 405/1/405 
f 420/1/420 417/1/417 422/1/422 
f 408/1/408 430/1/430 405/1/405 
f 442/1/442 444/1/444 440/1/440 
f 468/1/468 470/1/470 466/1/466 
f 447/1/447 446/1/446 471/1/471 
f 492/1/492 496/1/496 495/1/495 
f 501/1/501 502/1/502 498/1/498 
f 507/1/507 515/1/515 511/1/511 
f 528/1/528 529/1/529 505/1/505 
f 499/1/499 529/1/529 528/1/528 
f 500/1/500 515/1/515 529/1/529 
f 505/1/505 529/1/529 515/1/515 
f 536/1/536 537/1/537 534/1/534 
f 539/1/539 534/1/534 537/1/537 
f 538/1/538 543/1/543 542/1/542 
f 543/1/543 545/1/545 472/1/472 
f 441/1/441 548/1/548 503/1/503 
f 553/1/553 558/1/558 556/1/556 
f 568/1/568 565/1/565 564/1/564 
f 578/1/578 579/1/579 574/1/574 
f 575/1/575 574/1/574 579/1/579 
f 537/1/537 594/1/594 593/1/593 
f 600/1/600 601/1/601 598/1/598 
f 544/1/544 598/1/598 601/1/601 
f 599/1/599 598/1/598 593/1/593 
f 599/1/599 604/1/604 602/1/602 
f 600/1/600 607/1/607 606/1/606 
f 601/1/601 606/1/606 550/1/550 
f 566/1/566 607/1/607 608/1/608 
f 611/1/611 608/1/608 609/1/609 
f 567/1/567 608/1/608 611/1/611 
f 619/1/619 617/1/617 616/1/616 
f 629/1/629 628/1/628 632/1/632 
f 618/1/618 635/1/635 634/1/634 
f 589/1/589 586/1/586 634/1/634 
f 624/1/624 643/1/643 635/1/635 
f 638/1/638 648/1/648 647/1/647 
f 646/1/646 647/1/647 621/1/621 
f 641/1/641 648/1/648 649/1/649 
f 636/1/636 649/1/649 648/1/648 
f 630/1/630 627/1/627 649/1/649 
f 642/1/642 649/1/649 627/1/627 
f 674/1/674 675/1/675 673/1/673 
f 204/1/204 673/1/673 675/1/675 
f 285/1/285 683/1/683 682/1/682 
f 680/1/680 683/1/683 684/1/684 
f 288/1/288 684/1/684 683/1/683 
f 205/1/205 675/1/675 684/1/684 
f 685/1/685 684/1/684 675/1/675 
f 693/1/693 698/1/698 709/1/709 
f 772/1/772 769/1/769 777/1/777 
f 817/1/817 819/1/819 502/1/502 
f 493/1/493 495/1/495 819/1/819 
f 502/1/502 819/1/819 495/1/495 
f 493/1/493 818/1/818 826/1/826 
f 831/1/831 832/1/832 829/1/829 
f 834/1/834 829/1/829 832/1/832 
f 835/1/835 836/1/836 829/1/829 
f 830/1/830 829/1/829 836/1/836 
f 840/1/840 838/1/838 837/1/837 
f 900/1/900 899/1/899 802/1/802 
f 903/1/903 898/1/898 906/1/906 
f 901/1/901 908/1/908 906/1/906 
f 878/1/878 914/1/914 913/1/913 
f 909/1/909 913/1/913 914/1/914 
f 882/1/882 879/1/879 913/1/913 
f 914/1/914 916/1/916 915/1/915 
f 915/1/915 918/1/918 917/1/917 
f 922/1/922 919/1/919 918/1/918 
f 927/1/927 928/1/928 924/1/924 
f 917/1/917 924/1/924 928/1/928 
f 946/1/946 942/1/942 953/1/953 
f 952/1/952 955/1/955 948/1/948 
f 955/1/955 956/1/956 435/1/435 
f 435/1/435 956/1/956 957/1/957 
f 379/1/379 963/1/963 962/1/962 
f 891/1/891 887/1/887 965/1/965 
f 987/1/987 988/1/988 986/1/986 
f 920/1/920 976/1/976 988/1/988 
f 986/1/986 988/1/988 976/1/976 
f 993/1/993 982/1/982 572/1/572 
f 562/1/562 984/1/984 994/1/994 
f 990/1/990 994/1/994 984/1/984 
f 973/1/973 1010/1/1010 1009/1/1009 
f 1012/1/1012 1009/1/1009 1010/1/1010 
f 1011/1/1011 1010/1/1010 1013/1/1013 
f 981/1/981 1013/1/1013 1010/1/1010 
f 967/1/967 966/1/966 1013/1/1013 
f 1014/1/1014 1013/1/1013 966/1/966 
f 1012/1/1012 1016/1/1016 1020/1/1020 
f 237/1/237 1073/1/1073 1072/1/1072 
f 1075/1/1075 1072/1/1072 1073/1/1073 
f 231/1/231 1072/1/1072 1077/1/1077 
f 1105/1/1105 1103/1/1103 1102/1/1102 
f 1113/1/1113 1110/1/1110 1109/1/1109 
f 1114/1/1114 1115/1/1115 1110/1/1110 
f 1111/1/1111 1110/1/1110 1115/1/1115 
f 1145/1/1145 1146/1/1146 1142/1/1142 
f 1149/1/1149 1151/1/1151 1147/1/1147 
f 1153/1/1153 1154/1/1154 1151/1/1151 
f 1144/1/1144 1159/1/1159 1156/1/1156 
f 1160/1/1160 1161/1/1161 1156/1/1156 
f 1157/1/1157 1163/1/1163 1162/1/1162 
f 1152/1/1152 1149/1/1149 1162/1/1162 
f 1158/1/1158 1162/1/1162 1164/1/1164 
f 903/1/903 1167/1/1167 1165/1/1165 
f 1169/1/1169 1170/1/1170 1166/1/1166 
f 1173/1/1173 1174/1/1174 1171/1/1171 
f 1159/1/1159 1171/1/1171 1174/1/1174 
f 1169/1/1169 1171/1/1171 1159/1/1159 
f 1168/1/1168 1172/1/1172 1171/1/1171 
f 1176/1/1176 1175/1/1175 1174/1/1174 
f 1163/1/1163 1175/1/1175 1178/1/1178 
f 1184/1/1184 1183/1/1183 1182/1/1182 
f 595/1/595 1186/1/1186 603/1/603 
f 1194/1/1194 1197/1/1197 1193/1/1193 
f 1198/1/1198 1201/1/1201 1200/1/1200 
f 1200/1/1200 1202/1/1202 1187/1/1187 
f 640/1/640 1202/1/1202 1200/1/1200 
f 1173/1/1173 1191/1/1191 1203/1/1203 
f 1195/1/1195 1204/1/1204 1203/1/1203 
f 1176/1/1176 1203/1/1203 1204/1/1204 
f 1212/1/1212 1215/1/1215 1219/1/1219 
f 1257/1/1257 1259/1/1259 1258/1/1258 
f 1263/1/1263 1261/1/1261 1260/1/1260 
f 1261/1/1261 1263/1/1263 1246/1/1246 
f 1266/1/1266 1268/1/1268 1264/1/1264 
f 1262/1/1262 1260/1/1260 1264/1/1264 
f 1265/1/1265 1264/1/1264 1260/1/1260 
f 1262/1/1262 1272/1/1272 1270/1/1270 
f 1277/1/1277 1279/1/1279 1273/1/1273 
f 1278/1/1278 1277/1/1277 1276/1/1276 
f 1259/1/1259 1277/1/1277 1278/1/1278 
f 1279/1/1279 1277/1/1277 1259/1/1259 
f 1281/1/1281 1280/1/1280 1278/1/1278 
f 1105/1/1105 1280/1/1280 863/1/863 
f 1274/1/1274 1271/1/1271 1285/1/1285 
f 1286/1/1286 1285/1/1285 1253/1/1253 
f 1266/1/1266 1295/1/1295 1293/1/1293 
f 1265/1/1265 1297/1/1297 1295/1/1295 
f 1300/1/1300 1294/1/1294 1296/1/1296 
f 1317/1/1317 1318/1/1318 1316/1/1316 
f 1321/1/1321 1324/1/1324 1312/1/1312 
f 1317/1/1317 1319/1/1319 1332/1/1332 
f 1333/1/1333 1336/1/1336 1318/1/1318 
f 1340/1/1340 1339/1/1339 1323/1/1323 
f 1353/1/1353 1364/1/1364 1362/1/1362 
f 1373/1/1373 1371/1/1371 1370/1/1370 
f 1394/1/1394 1391/1/1391 1390/1/1390 
f 1392/1/1392 1391/1/1391 1377/1/1377 
f 1152/1/1152 1178/1/1178 1409/1/1409 
f 1153/1/1153 1408/1/1408 1412/1/1412 
f 1417/1/1417 1416/1/1416 1204/1/1204 
f 1410/1/1410 1416/1/1416 1419/1/1419 
f 1422/1/1422 1423/1/1423 1420/1/1420 
f 1407/1/1407 1419/1/1419 1420/1/1420 
f 1425/1/1425 1427/1/1427 1403/1/1403 
f 1425/1/1425 1424/1/1424 1418/1/1418 
f 1427/1/1427 1425/1/1425 596/1/596 
f 1421/1/1421 1429/1/1429 1428/1/1428 
f 1403/1/1403 1399/1/1399 1429/1/1429 
f 1398/1/1398 1413/1/1413 1432/1/1432 
f 1423/1/1423 1433/1/1433 1411/1/1411 
f 1396/1/1396 1433/1/1433 1431/1/1431 
f 1386/1/1386 1411/1/1411 1433/1/1433 
f 1437/1/1437 1436/1/1436 1405/1/1405 
f 1374/1/1374 1382/1/1382 1439/1/1439 
f 1441/1/1441 1438/1/1438 1444/1/1444 
f 1448/1/1448 1451/1/1451 1376/1/1376 
f 1486/1/1486 1484/1/1484 1483/1/1483 
f 1487/1/1487 1488/1/1488 1484/1/1484 
f 1485/1/1485 1483/1/1483 1491/1/1491 
f 1491/1/1491 1493/1/1493 1494/1/1494 
f 1404/1/1404 1512/1/1512 1511/1/1511 
f 1509/1/1509 1511/1/1511 1512/1/1512 
f 1437/1/1437 1511/1/1511 1499/1/1499 
f 1524/1/1524 1527/1/1527 1522/1/1522 
f 1517/1/1517 1545/1/1545 1544/1/1544 
f 1537/1/1537 1544/1/1544 1545/1/1545 
f 1583/1/1583 1585/1/1585 1582/1/1582 
f 842/1/842 1585/1/1585 1584/1/1584 
f 835/1/835 1584/1/1584 1587/1/1587 
f 1588/1/1588 1587/1/1587 1584/1/1584 
f 1580/1/1580 1591/1/1591 1589/1/1589 
f 1427/1/1427 1589/1/1589 1591/1/1591 
f 536/1/536 535/1/535 1589/1/1589 
f 1590/1/1590 1589/1/1589 535/1/535 
f 1591/1/1591 1592/1/1592 1402/1/1402 
f 1596/1/1596 1593/1/1593 1594/1/1594 
f 526/1/526 1593/1/1593 1596/1/1596 
f 1572/1/1572 1579/1/1579 1597/1/1597 
f 1598/1/1598 1597/1/1597 1579/1/1579 
f 1570/1/1570 1597/1/1597 1600/1/1600 
f 509/1/509 522/1/522 1604/1/1604 
f 1596/1/1596 1604/1/1604 522/1/522 
f 510/1/510 1604/1/1604 1601/1/1601 
f 1586/1/1586 1607/1/1607 1605/1/1605 
f 1598/1/1598 1608/1/1608 1606/1/1606 
f 839/1/839 1612/1/1612 1610/1/1610 
f 1582/1/1582 1610/1/1610 1611/1/1611 
f 1619/1/1619 1615/1/1615 1614/1/1614 
f 849/1/849 1490/1/1490 1615/1/1615 
f 1623/1/1623 1621/1/1621 1620/1/1620 
f 1618/1/1618 1621/1/1621 1624/1/1624 
f 1613/1/1613 1612/1/1612 1624/1/1624 
f 1629/1/1629 1630/1/1630 1627/1/1627 
f 1629/1/1629 1628/1/1628 1617/1/1617 
f 1487/1/1487 1496/1/1496 1629/1/1629 
f 1693/1/1693 1692/1/1692 1695/1/1695 
f 1700/1/1700 1701/1/1701 1698/1/1698 
f 1713/1/1713 1711/1/1711 1710/1/1710 
f 1725/1/1725 1723/1/1723 1722/1/1722 
f 1724/1/1724 1730/1/1730 1728/1/1728 
f 1737/1/1737 1734/1/1734 1735/1/1735 
f 1240/1/1240 1734/1/1734 1737/1/1737 
f 1531/1/1531 1534/1/1534 1744/1/1744 
f 1741/1/1741 1746/1/1746 1744/1/1744 
f 1736/1/1736 1735/1/1735 1760/1/1760 
f 1790/1/1790 1800/1/1800 1798/1/1798 
f 149/1/149 148/1/148 1798/1/1798 
f 1789/1/1789 1803/1/1803 1802/1/1802 
f 1805/1/1805 1802/1/1802 1803/1/1803 
f 1818/1/1818 1816/1/1816 1815/1/1815 
f 1817/1/1817 1831/1/1831 1829/1/1829 
f 1818/1/1818 1829/1/1829 1077/1/1077 
f 1835/1/1835 1836/1/1836 1833/1/1833 
f 1832/1/1832 1838/1/1838 1837/1/1837 
f 1847/1/1847 1846/1/1846 1125/1/1125 
f 1751/1/1751 1878/1/1878 1879/1/1879 
f 1880/1/1880 1877/1/1877 1881/1/1881 
f 1882/1/1882 1881/1/1881 1745/1/1745 
f 1930/1/1930 1932/1/1932 1928/1/1928 
f 1929/1/1929 1928/1/1928 1935/1/1935 
f 1939/1/1939 1937/1/1937 1932/1/1932 
f 1938/1/1938 1937/1/1937 1761/1/1761 
f 1140/1/1140 1942/1/1942 1945/1/1945 
f 1705/1/1705 1704/1/1704 1945/1/1945 
f 1955/1/1955 1953/1/1953 1948/1/1948 
f 1956/1/1956 1958/1/1958 1935/1/1935 
f 1936/1/1936 1935/1/1935 1958/1/1958 
f 1957/1/1957 1964/1/1964 1962/1/1962 
f 1972/1/1972 1971/1/1971 1890/1/1890 
f 1976/1/1976 1977/1/1977 1974/1/1974 
f 1979/1/1979 1974/1/1974 1977/1/1977 
f 2006/1/2006 2007/1/2007 2004/1/2004 
f 2009/1/2009 2004/1/2004 2007/1/2007 
f 1696/1/1696 1701/1/1701 2004/1/2004 
f 2048/1/2048 2049/1/2049 2046/1/2046 
f 1969/1/1969 2053/1/2053 2052/1/2052 
f 2009/1/2009 2077/1/2077 1697/1/1697 
f 2003/1/2003 2002/1/2002 2077/1/2077 
f 1862/1/1862 2083/1/2083 2082/1/2082 
f 1927/1/1927 2126/1/2126 2127/1/2127 
f 2128/1/2128 2127/1/2127 2029/1/2029 
f 2130/1/2130 2129/1/2129 2123/1/2123 
f 2145/1/2145 2142/1/2142 2141/1/2141 
f 1126/1/1126 1848/1/1848 2142/1/2142 
f 2144/1/2144 2149/1/2149 2146/1/2146 
f 2154/1/2154 2153/1/2153 2141/1/2141 
f 2160/1/2160 2157/1/2157 2156/1/2156 
f 1358/1/1358 1367/1/1367 2157/1/2157 
f 2162/1/2162 2161/1/2161 2160/1/2160 
f 1468/1/1468 2170/1/2170 2173/1/2173 
f 1978/1/1978 2180/1/2180 2179/1/2179 
f 1990/1/1990 2200/1/2200 2203/1/2203 
f 1894/1/1894 2209/1/2209 2210/1/2210 
f 1972/1/1972 2217/1/2217 2055/1/2055 
f 2226/1/2226 2225/1/2225 1902/1/1902 
f 2227/1/2227 2228/1/2228 1940/1/1940 
f 1940/1/1940 2228/1/2228 2020/1/2020 
f 2230/1/2230 2229/1/2229 2224/1/2224 
f 2056/1/2056 2220/1/2220 2234/1/2234 
f 1901/1/1901 1905/1/1905 2235/1/2235 
f 1960/1/1960 2169/1/2169 2236/1/2236 
f 1936/1/1936 2239/1/2239 2240/1/2240 
f 2241/1/2241 2240/1/2240 2239/1/2239 
f 2241/1/2241 2243/1/2243 2148/1/2148 
f 1804/1/1804 2246/1/2246 2245/1/2245 
f 2062/1/2062 2247/1/2247 2245/1/2245 
f 2130/1/2130 2262/1/2262 1815/1/1815 
f 1718/1/1718 1836/1/1836 2265/1/2265 
f 326/1/326 2081/1/2081 2266/1/2266 
f 2087/1/2087 2084/1/2084 2266/1/2266 
f 333/1/333 2266/1/2266 2084/1/2084 
f 1865/1/1865 2268/1/2268 2083/1/2083 
f 2140/1/2140 2270/1/2270 2269/1/2269 
f 2275/1/2275 2273/1/2273 2272/1/2272 
f 851/1/851 850/1/850 2273/1/2273 
f 2292/1/2292 2293/1/2293 2291/1/2291 
f 837/1/837 2293/1/2293 2292/1/2292 
f 2286/1/2286 2291/1/2291 2293/1/2293 
f 2292/1/2292 2295/1/2295 1625/1/1625 
f 1625/1/1625 2295/1/2295 2272/1/2272 
f 1505/1/1505 1581/1/1581 2304/1/2304 
f 1571/1/1571 2304/1/2304 1581/1/1581 
f 2305/1/2305 2308/1/2308 1559/1/1559 
f 2307/1/2307 2308/1/2308 2305/1/2305 
f 2360/1/2360 2367/1/2367 2362/1/2362 
f 2365/1/2365 2372/1/2372 2370/1/2370 
f 2377/1/2377 2376/1/2376 2368/1/2368 
f 2432/1/2432 1497/1/1497 1485/1/1485 
f 1627/1/1627 1630/1/1630 2434/1/2434 
f 1498/1/1498 2425/1/2425 2434/1/2434 
f 2452/1/2452 2453/1/2453 2450/1/2450 
f 2458/1/2458 2460/1/2460 2456/1/2456 
f 2469/1/2469 2468/1/2468 157/1/157 
f 2475/1/2475 2478/1/2478 2476/1/2476 
f 177/1/177 2592/1/2592 2594/1/2594 
f 2597/1/2597 2598/1/2598 2595/1/2595 
f 2596/1/2596 2605/1/2605 2604/1/2604 
f 2663/1/2663 2661/1/2661 2660/1/2660 
f 2662/1/2662 2668/1/2668 2666/1/2666 
f 2669/1/2669 2676/1/2676 2674/1/2674 
f 156/1/156 199/1/199 2684/1/2684 
f 2682/1/2682 2687/1/2687 2694/1/2694 
f 2686/1/2686 2701/1/2701 2691/1/2691 
f 2458/1/2458 2465/1/2465 2701/1/2701 
f 2693/1/2693 2702/1/2702 2708/1/2708 
f 2707/1/2707 2708/1/2708 2702/1/2702 
f 1868/1/1868 2710/1/2710 2705/1/2705 
f 2729/1/2729 2728/1/2728 1338/1/1338 
f 2739/1/2739 2740/1/2740 1476/1/1476 
f 1883/1/1883 2743/1/2743 2741/1/2741 
f 2762/1/2762 2761/1/2761 2521/1/2521 
f 2771/1/2771 2770/1/2770 2760/1/2760 
f 1137/1/1137 1133/1/1133 2782/1/2782 
f 2786/1/2786 2795/1/2795 2794/1/2794 
f 2820/1/2820 2819/1/2819 2478/1/2478 
f 2826/1/2826 2827/1/2827 2668/1/2668 
f 2838/1/2838 2842/1/2842 2845/1/2845 
f 1246/1/1246 1275/1/1275 2846/1/2846 
f 2849/1/2849 2846/1/2846 2847/1/2847 
f 2520/1/2520 2526/1/2526 2850/1/2850 
f 1252/1/1252 2803/1/2803 2855/1/2855 
f 2856/1/2856 2855/1/2855 2803/1/2803 
f 2802/1/2802 2805/1/2805 2858/1/2858 
f 1474/1/1474 2913/1/2913 1493/1/1493 
f 2740/1/2740 2923/1/2923 2912/1/2912 
f 2725/1/2725 2724/1/2724 2931/1/2931 
f 2495/1/2495 2931/1/2931 2724/1/2724 
f 2937/1/2937 2933/1/2933 2940/1/2940 
f 1558/1/1558 2950/1/2950 2948/1/2948 
f 2953/1/2953 2952/1/2952 2424/1/2424 
f 2968/1/2968 2967/1/2967 2964/1/2964 
f 2951/1/2951 2950/1/2950 2967/1/2967 
f 1556/1/1556 2967/1/2967 2950/1/2950 
f 2511/1/2511 2969/1/2969 2971/1/2971 
f 2935/1/2935 2983/1/2983 2985/1/2985 
f 3022/1/3022 3024/1/3024 3020/1/3020 
f 3031/1/3031 3032/1/3032 3029/1/3029 
f 3025/1/3025 3024/1/3024 3029/1/3029 
f 3025/1/3025 3044/1/3044 3042/1/3042 
f 2604/1/2604 3058/1/3058 3056/1/3056 
f 3060/1/3060 3059/1/3059 2488/1/2488 
f 3061/1/3061 3060/1/3060 3072/1/3072 
f 1450/1/1450 1455/1/1455 3086/1/3086 
f 2906/1/2906 3086/1/3086 1455/1/1455 
f 1369/1/1369 1368/1/1368 3088/1/3088 
f 2369/1/2369 3105/1/3105 3104/1/3104 
f 3107/1/3107 3104/1/3104 3105/1/3105 
f 3134/1/3134 3138/1/3138 2366/1/2366 
f 3135/1/3135 3139/1/3139 3138/1/3138 
f 3105/1/3105 3138/1/3138 3139/1/3139 
f 3144/1/3144 3142/1/3142 3111/1/3111 
f 3144/1/3144 3192/1/3192 3191/1/3191 
f 3106/1/3106 3139/1/3139 3192/1/3192 
f 3193/1/3193 3447/1/3447 3196/1/3196 
f 3136/1/3136 3447/1/3447 3193/1/3193 
f 3173/1/3173 3447/1/3447 3136/1/3136 
f 3196/1/3196 3447/1/3447 3173/1/3173 
f 3194/1/3194 3202/1/3202 3201/1/3201 
f 2452/1/2452 3223/1/3223 3219/1/3219 
f 3226/1/3226 3227/1/3227 3224/1/3224 
f 4/1/4 3224/1/3224 3227/1/3227 
f 25/1/25 24/1/24 3229/1/3229 
f 3226/1/3226 3234/1/3234 3232/1/3232 
f 3236/1/3236 3232/1/3232 3234/1/3234 
f 3235/1/3235 3448/1/3448 3238/1/3238 
f 52/1/52 3238/1/3238 3448/1/3448 
f 1804/1/1804 1803/1/1803 3284/1/3284 
f 2438/1/2438 3331/1/3331 3329/1/3329 
f 3339/1/3339 3340/1/3340 3337/1/3337 
f 3036/1/3036 3337/1/3337 3340/1/3340 
f 2435/1/2435 3329/1/3329 3337/1/3337 
f 3338/1/3338 3337/1/3337 3329/1/3329 
f 3347/1/3347 3350/1/3350 3349/1/3349 
f 3348/1/3348 3349/1/3349 3359/1/3359 
f 3356/1/3356 3365/1/3365 702/1/702 
f 3387/1/3387 3385/1/3385 3374/1/3374 
f 3222/1/3222 3223/1/3223 3397/1/3397 
f 3400/1/3400 3399/1/3399 3398/1/3398 
f 3021/1/3021 3430/1/3430 3429/1/3429 
f 3432/1/3432 3429/1/3429 3430/1/3430 
f 3433/1/3433 3434/1/3434 3429/1/3429 
f 3321/1/3321 3435/1/3435 3434/1/3434 
f 3034/1/3034 3033/1/3033 3434/1/3434 
f 3022/1/3022 3429/1/3429 3434/1/3434 
f 3431/1/3431 3439/1/3439 3438/1/3438 
f 3432/1/3432 3438/1/3438 3443/1/3443 
# 2960 polygons - 874 triangles

