# 3ds Max Wavefront OBJ Exporter v0.99 - (c)2007 guruware
# File Created: 26.04.2025 19:10:22

mtllib arco.mtl

#
# object Mesh1
#

v  0.3100 -0.8571 -1.7237
v  0.3022 -0.9385 -1.7377
v  0.3004 -0.8489 -1.7362
v  0.3171 -0.9807 -1.7294
v  0.3065 -1.0205 -1.7467
v  0.3068 -0.8054 -1.7434
v  0.3016 -0.8297 -1.7258
v  0.3209 -0.7336 -1.7361
v  3.2326 -2.2143 -2.0185
v  3.4684 -2.1931 -2.0250
v  3.2482 -2.2204 -2.0514
v  -2.0004 0.4771 -2.0759
v  -2.0161 0.5134 -2.0784
v  -2.0266 0.4606 -2.0779
v  -2.0232 0.4449 -2.0765
v  -2.0048 0.3682 -2.0782
v  -2.0177 0.3324 -2.0770
v  -1.9924 0.5145 -2.0606
v  3.3707 -1.7073 -2.0762
v  3.4010 -1.7768 -2.0596
v  3.3952 -1.7507 -2.0712
v  3.3977 -1.6387 -2.0553
v  -2.0687 0.9937 -1.8410
v  -2.0166 0.9030 -1.7277
v  -2.0959 1.0009 -1.6940
v  3.2881 -1.2334 -2.0789
v  3.2886 -1.2624 -2.0578
v  3.3178 -1.2622 -2.0699
v  -0.8357 -0.9489 -1.7454
v  -0.8573 -0.9834 -1.7626
v  -0.8843 -0.8911 -1.7531
v  -0.9712 -1.0440 -1.7579
v  -0.9685 -0.9844 -1.7519
v  -0.9913 -1.0532 -1.7855
v  -1.0430 -1.0898 -1.7798
v  -1.9297 -0.9593 -2.0797
v  -1.9379 -1.0583 -2.0778
v  -1.9194 -1.0023 -2.0786
v  2.8665 0.5897 -1.8662
v  3.0764 0.5637 -1.5784
v  3.0730 0.5606 -1.8651
v  -0.9244 -0.4697 -1.7776
v  -0.9622 -0.4119 -1.7756
v  -0.9514 -0.3756 -1.8078
v  3.3255 -0.7392 -2.0806
v  3.3923 -0.7383 -2.0748
v  3.3722 -0.6612 -2.0787
v  3.3892 -0.4907 -2.0730
v  3.3329 -0.8088 -2.0747
v  3.3294 -0.7433 -2.0621
v  3.3133 -0.7446 -2.0737
v  3.3218 -0.9670 -2.0798
v  3.3067 -0.9582 -2.0572
v  3.3773 -0.7940 -2.0778
v  3.3831 -1.0615 -2.0727
v  3.3689 -1.0400 -2.0792
v  -1.9970 0.6141 -1.4172
v  -2.0030 0.6307 -1.4166
v  -1.9965 0.6613 -1.4199
v  -1.9972 0.6162 -1.4472
v  -2.0340 0.5915 -1.4215
v  0.6586 -0.2058 -1.6900
v  0.7165 -0.1579 -1.6893
v  0.6647 -0.1150 -1.7435
v  -1.8665 0.9772 -1.6238
v  -2.0023 0.9697 -1.6113
v  -1.9225 0.8961 -1.7068
v  -1.9991 0.0235 -2.0387
v  -1.9740 0.1143 -2.0602
v  -2.0007 0.0952 -2.0651
v  3.4098 0.4822 -2.0784
v  3.3554 0.5876 -2.0778
v  3.3571 0.4211 -2.0739
v  3.3792 0.3532 -2.0622
v  -0.0259 1.6202 -1.6186
v  -0.1066 1.6369 -1.6190
v  -0.0121 1.7062 -1.6251
v  -0.0597 1.6097 -1.8265
v  0.0203 1.6927 -1.8161
v  -0.0214 1.7054 -1.7928
v  -0.1428 1.6600 -1.8136
v  1.7691 0.2285 -1.7222
v  1.7785 0.1278 -1.7366
v  1.7638 0.0836 -1.7414
v  1.7676 0.4162 -1.7329
v  1.7732 0.2851 -1.7404
v  3.2238 -0.2158 -1.6874
v  3.2532 -0.1982 -1.7492
v  3.2350 -0.1676 -1.6981
v  1.6037 0.3806 -1.7260
v  1.5970 0.5065 -1.7405
v  1.5973 0.3898 -1.7457
v  1.6062 0.4430 -1.7430
v  3.6498 0.4302 -1.7148
v  3.6994 0.4175 -1.7175
v  3.6289 0.4541 -1.7403
v  3.5047 0.6724 -1.3731
v  3.5328 0.6892 -1.4600
v  3.5423 0.7148 -1.4550
v  2.0508 1.3154 -1.7019
v  1.9786 1.3711 -1.7019
v  2.0320 1.3139 -1.7228
v  1.9621 1.3370 -1.6876
v  -0.8920 -1.4364 -1.7437
v  -0.9798 -1.3920 -1.7443
v  -0.9196 -1.3696 -1.7478
v  -0.9066 -1.0990 -1.7411
v  -0.8670 -1.1231 -1.7711
v  -0.9323 -1.0680 -1.7508
v  -0.8793 -1.0834 -1.7461
v  0.1357 0.5685 -1.7466
v  0.1368 0.4854 -1.7384
v  0.1350 0.5709 -1.7326
v  0.1419 0.6057 -1.7469
v  0.1554 0.3629 -1.7734
v  0.1354 0.4543 -1.7486
v  0.1507 0.5937 -1.7316
v  0.1454 0.3618 -1.7385
v  0.3275 -2.0094 -1.6928
v  0.3047 -2.0219 -1.7478
v  0.3174 -1.9715 -1.7424
v  0.3058 -2.0106 -1.7190
v  2.1620 1.0793 -1.7055
v  2.2195 0.9890 -1.7190
v  2.1906 1.0476 -1.6871
v  1.0778 -0.9474 -1.7308
v  1.0911 -0.9172 -1.7309
v  1.0742 -0.7949 -1.7388
v  1.0900 -0.9193 -1.7402
v  3.3610 -0.4134 -2.0550
v  3.4383 -0.6055 -2.0742
v  3.4456 -0.4434 -2.0717
v  3.4439 -0.5815 -2.0769
v  3.3248 0.0710 -1.4280
v  3.3269 -0.1977 -1.4137
v  3.2650 -0.0821 -1.4168
v  3.2830 -0.4454 -1.4199
v  3.2632 -0.4076 -1.4114
v  3.3203 -0.5228 -1.4140
v  1.0653 -2.0555 -1.7375
v  1.0494 -2.0534 -1.7279
v  1.0683 -2.0659 -1.7119
v  -0.8873 -1.4094 -1.6981
v  -0.9148 -1.5019 -1.7210
v  -0.8223 -1.5334 -1.7114
v  3.3866 -0.1043 -2.0755
v  3.4267 -0.1026 -2.0567
v  3.3964 0.0963 -2.0793
v  3.3607 0.2866 -2.0634
v  3.3798 -0.0670 -2.0795
v  -2.1396 0.6743 -1.8979
v  -2.1588 0.6640 -1.9768
v  -2.1006 0.6517 -2.0793
v  -2.1453 0.7162 -1.8966
v  -2.0975 -2.1274 -2.0742
v  -2.0199 -2.1035 -2.0458
v  -2.0419 -2.1101 -2.0637
v  3.2924 -2.1999 -1.4067
v  3.3177 -2.1121 -1.4164
v  3.3198 -2.1271 -1.3874
v  3.3831 -1.5137 -2.0669
v  3.3906 -1.4181 -2.0792
v  3.3770 -1.1689 -2.0749
v  1.4012 0.3620 -1.7702
v  1.4086 0.3590 -1.7362
v  1.3982 0.4790 -1.7306
v  1.4082 0.4695 -1.7444
v  1.4106 0.3210 -1.7710
v  3.1467 0.3830 -1.7512
v  3.1556 0.4096 -1.7598
v  3.1619 0.3876 -1.7156
v  1.9644 1.3088 -1.7347
v  1.9309 1.3139 -1.6987
v  1.9398 1.3330 -1.7002
v  0.3032 -1.2622 -1.7454
v  0.3176 -1.2535 -1.7336
v  0.3173 -1.3268 -1.7511
v  -0.8533 -0.7219 -1.6809
v  -0.8345 -0.6798 -1.7142
v  -0.8073 -0.6928 -1.6663
v  2.2410 -1.3436 -1.7197
v  2.2171 -1.4085 -1.7141
v  2.2011 -1.3359 -1.6684
v  2.2076 -1.3392 -1.6992
v  -0.6205 1.3865 -1.7033
v  -0.6533 1.3372 -1.7008
v  -0.6464 1.3844 -1.7172
v  -1.8151 0.4000 -1.8306
v  -1.8323 0.4117 -1.7224
v  -1.7789 0.4058 -1.7775
v  -0.8462 -1.1327 -1.7091
v  -0.8544 -1.1692 -1.7089
v  -0.8697 -1.1444 -1.7089
v  -0.8834 -1.2338 -1.7237
v  -1.0043 -1.3436 -1.7465
v  -0.9861 -1.3393 -1.7651
v  -1.0024 -1.3111 -1.7509
v  -2.0049 0.5367 -2.0753
v  -2.0134 0.5950 -2.0778
v  3.2744 -0.6230 -1.3899
v  3.2940 -0.7155 -1.4125
v  3.2787 -0.8225 -1.3954
v  -0.2837 -2.0260 -1.7457
v  -0.3495 -2.0093 -1.6971
v  -0.1859 -2.0185 -1.7304
v  -0.8136 -1.0182 -1.7588
v  -0.8889 -1.0563 -1.7448
v  -0.8172 -1.8558 -1.7325
v  -0.8130 -2.0290 -1.7575
v  -0.8095 -1.9997 -1.7257
v  0.7286 1.7270 -1.7136
v  0.7950 1.4434 -1.7227
v  0.7934 1.7154 -1.7166
v  -0.8662 -0.7136 -1.7080
v  -0.9207 -0.6783 -1.7577
v  -0.8977 -0.7281 -1.7627
v  1.1241 -2.0596 -1.7113
v  1.1372 -2.0619 -1.7229
v  1.1909 -2.0575 -1.7211
v  3.3118 -0.0699 -2.0747
v  3.3345 -0.0519 -2.0805
v  3.3185 -0.4447 -2.0809
v  2.2867 -0.0791 -1.7181
v  2.2619 -0.1277 -1.7127
v  2.2522 -0.1268 -1.7612
v  -1.2224 -0.7648 -1.7510
v  -1.3407 -0.7821 -1.7526
v  -1.1122 -0.7266 -1.7347
v  0.1767 -2.2230 -1.7205
v  0.0650 -2.2457 -1.6895
v  0.2041 -2.2460 -1.6963
v  -0.6750 1.2605 -1.7463
v  -0.6572 1.2337 -1.7199
v  -0.6673 1.2090 -1.7588
v  1.4672 1.7098 -1.7967
v  1.4512 1.8108 -1.7617
v  1.5732 1.6947 -1.7558
v  2.4558 -1.7919 -1.7688
v  2.4570 -1.9886 -1.6099
v  2.4528 -2.0488 -1.8527
v  -1.0200 -1.3042 -1.7343
v  -0.9363 -1.2644 -1.7406
v  -1.0532 -0.2467 -1.7125
v  -1.0460 -0.2226 -1.7944
v  -1.0273 -0.2109 -1.8174
v  -1.0008 -0.2120 -1.7620
v  3.0257 -0.1744 -1.8183
v  3.0259 -0.1694 -1.7206
v  3.2135 -0.1674 -1.7793
v  3.1361 0.6679 -1.3599
v  3.2603 0.6693 -1.3969
v  2.2872 -0.2307 -1.7097
v  2.3365 -0.2514 -1.7735
v  2.2923 -0.2491 -1.7372
v  -0.9692 -1.5213 -1.7214
v  -0.9536 -1.5776 -1.7168
v  -0.9200 -1.5461 -1.7291
v  2.2572 0.4734 -1.6828
v  2.2069 0.5127 -1.7388
v  2.1981 0.4691 -1.7189
v  -1.9093 -1.3479 -2.0360
v  -1.8983 -1.8315 -2.0676
v  -1.9256 -1.8320 -2.0398
v  -0.9653 0.2030 -1.7180
v  -0.9254 0.2011 -1.7285
v  -0.9033 0.1678 -1.7096
v  2.2230 -1.4920 -1.7519
v  2.2307 -1.5620 -1.7233
v  1.4128 -2.2511 -1.6983
v  1.6875 -2.2831 -1.7042
v  1.7609 -2.2473 -1.6946
v  2.1603 -1.7622 -1.5824
v  2.1609 -2.0774 -1.5830
v  2.1985 -2.0398 -1.5830
v  2.1624 -2.4328 -1.5815
v  2.1962 -2.3975 -1.5866
v  2.4112 -1.1370 -1.7549
v  2.4186 -1.1086 -1.7683
v  2.4546 -1.0915 -1.7813
v  -0.8469 -0.7150 -1.7808
v  -0.8409 -0.7009 -1.7544
v  -0.8773 -0.7721 -1.7550
v  2.2509 -0.1088 -1.6710
v  2.2454 -0.1178 -1.7109
v  2.2323 -0.1341 -1.6910
v  0.3838 -2.2048 -1.7434
v  0.3563 -2.2455 -1.7622
v  0.3763 -2.2457 -1.6974
v  0.3467 -2.2182 -1.7407
v  -0.8876 -0.7484 -1.7253
v  -0.8285 -0.7620 -1.7236
v  0.3207 -1.5731 -1.7364
v  -0.4172 1.3909 -1.7264
v  -0.3888 1.4433 -1.7049
v  -0.4142 1.4015 -1.6927
v  2.2091 -1.2567 -1.7695
v  2.2542 -1.2893 -1.7760
v  2.2546 -1.3111 -1.7306
v  2.5413 0.0324 -1.7070
v  2.4859 0.0927 -1.7037
v  2.5255 0.0046 -1.7449
v  -1.8460 -0.2530 -1.6643
v  -1.8320 -0.2395 -1.6609
v  -1.7546 -0.2791 -1.6847
v  -1.8486 -0.3258 -1.6926
v  -1.0127 -0.9335 -1.7273
v  -0.9916 -0.8859 -1.6755
v  -0.9794 -0.9176 -1.6739
v  -0.9318 -1.1024 -1.7702
v  -0.9165 -1.1837 -1.7389
v  -0.5629 0.3673 -1.7463
v  -0.5467 -0.1585 -1.7372
v  -0.5618 -0.2274 -1.7458
v  0.6378 2.0919 -1.5759
v  0.9587 2.0815 -1.5781
v  0.8500 2.0929 -1.6921
v  -0.4160 -1.5532 -1.7148
v  -0.3615 -1.5714 -1.7407
v  -0.3409 -1.5240 -1.6835
v  1.7649 1.3153 -1.6007
v  1.7537 1.2926 -1.6139
v  1.9436 1.1101 -1.6019
v  -0.1711 -2.0009 -1.7286
v  -0.1717 -1.5718 -1.7215
v  -0.1840 -1.6219 -1.7298
v  1.4615 -2.0892 -1.7239
v  1.4691 -2.1887 -1.7404
v  1.5004 -2.1116 -1.7083
v  1.4554 -2.1555 -1.7172
v  -0.0650 1.6320 -1.6071
v  -1.0287 0.5622 -1.8555
v  -1.0017 0.6899 -1.7832
v  -1.0265 0.5175 -1.7674
v  3.1815 0.5063 -1.7337
v  3.2009 0.4729 -1.7595
v  3.1904 0.4117 -1.7584
v  -0.9202 0.3916 -1.7440
v  -0.8917 0.3850 -1.7047
v  -0.8629 0.4195 -1.7225
v  -0.3734 -2.1148 -1.7151
v  -0.4423 -2.1389 -1.7397
v  -0.3476 -2.1360 -1.7013
v  2.2532 0.1058 -1.6978
v  2.3169 0.1225 -1.7018
v  2.2896 0.1788 -1.7184
v  -0.9790 -1.4299 -1.7854
v  -0.9655 -1.4272 -1.7179
v  -1.0487 -1.4602 -1.7722
v  0.1338 -1.5764 -1.7389
v  0.1674 -1.5674 -1.7502
v  0.1483 -1.6295 -1.7419
v  1.3972 -2.0783 -1.7314
v  1.3800 -2.1967 -1.7325
v  1.4348 -2.1779 -1.7262
v  1.3931 -2.0526 -1.7259
v  3.6913 0.4055 -1.7463
v  3.6864 0.4071 -1.7061
v  0.4349 1.7088 -1.8607
v  0.5559 1.7328 -1.7151
v  0.7005 1.7649 -1.8468
v  1.5985 -1.6597 -1.7243
v  1.5918 -2.0216 -1.7386
v  1.6054 -2.0018 -1.7282
v  2.3824 0.3323 -1.7020
v  2.3534 0.3009 -1.7101
v  2.2913 0.4062 -1.6873
v  2.3015 -0.1322 -1.7452
v  2.3679 -0.1210 -1.7525
v  2.3797 -0.0657 -1.7462
v  1.6047 -1.3217 -1.7228
v  1.5889 -1.3569 -1.7024
v  1.6457 -1.3412 -1.7284
v  -1.7655 -0.1997 -1.8127
v  -1.4988 -0.2004 -1.8161
v  -1.5070 -0.2337 -1.7866
v  1.9865 -1.2028 -1.7629
v  2.0262 -1.2163 -1.7754
v  2.0195 -1.2061 -1.7469
v  3.1434 0.7080 -1.6968
v  3.1385 0.7106 -2.0955
v  3.1426 0.6747 -1.7411
v  2.2236 0.3967 -1.6921
v  2.2366 0.4235 -1.7523
v  -0.4925 1.3281 -1.7124
v  -0.4966 1.3224 -1.6990
v  -0.4977 1.2742 -1.7083
v  3.2071 -1.9782 -1.6931
v  3.2357 -2.0242 -1.6842
v  3.2246 -1.9654 -1.7063
v  -0.8071 -1.3050 -1.7257
v  -0.8000 -1.3548 -1.7114
v  -0.7674 -1.3474 -1.6826
v  3.2455 0.4049 -1.7618
v  3.2498 0.3841 -1.7023
v  3.2543 -0.9922 -1.4319
v  3.2559 -1.5644 -1.4276
v  3.3043 -1.3793 -1.4229
v  -0.9518 -1.6191 -1.7524
v  -0.9392 -1.5049 -1.7392
v  3.3590 0.3268 -2.0807
v  -0.9935 -1.5005 -1.6692
v  -0.9843 -1.5389 -1.6738
v  -0.9835 -1.4715 -1.7121
v  0.0502 -2.0720 -1.7392
v  0.1167 -2.0266 -1.7342
v  0.0928 -2.0641 -1.7212
v  3.5510 0.2580 -1.6702
v  3.5744 0.2083 -1.6652
v  3.5913 0.2642 -1.6871
v  3.5390 0.2450 -1.7061
v  2.2828 -0.8045 -1.7184
v  2.2652 -0.7764 -1.7459
v  2.2651 -0.8416 -1.7331
v  0.2523 -1.5307 -1.6988
v  0.3381 -1.5255 -1.7010
v  0.3050 -1.3210 -1.7124
v  1.0723 -2.0313 -1.6891
v  1.2490 -2.0271 -1.6932
v  -1.7188 0.5562 -1.8543
v  -1.6202 0.5655 -1.8124
v  -1.5125 0.5821 -1.8621
v  3.1788 -2.1398 -1.7434
v  3.1384 -2.2087 -1.7072
v  3.1521 -2.1662 -1.6693
v  -1.3266 0.4163 -1.7227
v  -1.3189 0.3731 -1.6950
v  -1.1292 0.3735 -1.6826
v  3.4988 -0.9843 -1.5370
v  3.4988 -1.7662 -1.7872
v  3.4980 -0.7364 -2.0783
v  0.4822 -0.2157 -1.7472
v  0.4850 -0.3147 -1.7253
v  0.4767 -0.6481 -1.7477
v  3.2487 -0.1616 -1.7762
v  3.2489 -0.2055 -1.8192
v  2.1587 -1.6577 -1.7377
v  2.1579 -1.8391 -1.7177
v  1.6465 -2.2357 -1.7241
v  1.6977 -2.2299 -1.7281
v  1.6650 -2.2453 -1.7577
v  2.4469 -0.0330 -1.8302
v  2.4420 0.2675 -1.8148
v  2.4718 0.1981 -1.8201
v  1.9733 -1.3441 -1.7049
v  1.9297 -1.5435 -1.7104
v  1.9902 -1.5346 -1.6868
v  -0.9259 -0.5508 -1.7588
v  -0.8681 -0.5653 -1.7152
v  -0.8571 -0.5540 -1.7743
v  -1.7074 -0.3046 -1.7537
v  -1.8178 -0.3427 -1.7059
v  1.8251 1.3360 -1.7360
v  1.9436 1.3269 -1.7297
v  1.8600 1.2891 -1.7390
v  -0.3637 -0.2814 -1.7269
v  -0.3682 0.1875 -1.7435
v  -0.3660 -0.4344 -1.7376
v  -0.3900 -2.1672 -1.7197
v  -0.3676 -2.1949 -1.7341
v  -0.8752 -0.6650 -1.7283
v  -0.8713 -0.6301 -1.7447
v  -0.9917 0.0766 -1.7015
v  -0.9904 0.0874 -1.6923
v  -1.0069 0.0360 -1.7022
v  -0.9017 1.1402 -1.8661
v  -1.0495 0.8283 -1.8667
v  -0.9383 1.0592 -1.5731
v  -2.0944 -0.7740 -1.3908
v  -2.0597 -0.9208 -1.3913
v  -2.0500 -0.5543 -1.3905
v  1.1558 0.0662 -1.7037
v  1.3373 0.2182 -1.6870
v  1.4032 -0.2053 -1.6796
v  1.9543 -1.5924 -1.7321
v  1.9529 -1.8436 -1.7309
v  1.9647 -1.5710 -1.7249
v  -1.6137 0.4239 -1.7353
v  -1.5220 0.4275 -1.7175
v  -1.4972 0.4119 -1.7446
v  0.4316 -2.1940 -1.7386
v  0.4584 -2.1977 -1.7040
v  0.4298 -2.1320 -1.7229
v  2.1477 -2.2577 -1.6983
v  2.1555 -2.1085 -1.7367
v  2.1581 -2.2834 -1.7510
v  0.7578 0.6116 -1.7189
v  0.7578 0.6287 -1.7382
v  0.8695 0.5529 -1.7305
v  1.7850 -1.1749 -1.7786
v  1.7844 -0.8467 -1.7785
v  2.2044 0.7635 -1.7203
v  2.2480 0.7464 -1.7515
v  2.2467 0.7399 -1.6937
v  -0.5749 -2.0576 -1.7148
v  -0.5793 -2.1833 -1.7190
v  -0.5079 -2.1418 -1.7152
v  3.2536 0.5585 -1.6833
v  3.2536 0.5488 -1.5738
v  0.8355 2.3053 -1.7083
v  0.9144 2.2610 -1.7051
v  1.4442 1.6558 -1.6843
v  1.4607 1.7007 -1.6211
v  1.4901 1.7021 -1.6424
v  1.4970 1.6798 -1.6369
v  2.4018 -0.4048 -1.7457
v  2.4598 -0.4250 -1.7980
v  2.4548 -0.5759 -1.7614
v  -1.9933 0.5253 -1.4529
v  -1.9988 0.0891 -1.3926
v  -1.9892 0.0432 -1.4489
v  -1.3775 -0.8237 -1.7287
v  -1.4164 -1.0724 -1.7205
v  -1.4085 -0.9463 -1.7516
v  1.3741 -1.4831 -1.7000
v  1.4281 -1.5593 -1.6806
v  1.4344 -1.3615 -1.6845
v  0.3653 -2.1726 -1.7294
v  0.3973 -2.2318 -1.7299
v  -0.8557 0.3179 -1.7233
v  -0.8083 0.3018 -1.7459
v  -0.8666 0.2761 -1.7390
v  -0.8043 -1.4977 -1.7013
v  -0.7656 -1.3643 -1.7016
v  -0.7616 -1.4861 -1.6570
v  -0.0085 -0.2071 -1.7336
v  -0.0136 -0.3121 -1.7466
v  -0.0120 -0.3294 -1.7246
v  2.2428 -0.1342 -1.7181
v  2.2377 -0.0898 -1.7436
v  2.2215 -0.1322 -1.7689
v  3.2873 -0.6649 -2.0792
v  3.2917 -0.7133 -2.0559
v  0.7058 1.7313 -1.8433
v  1.4226 0.7423 -1.7012
v  1.4482 0.6907 -1.6876
v  1.5700 0.6381 -1.6814
v  -0.5054 -2.1789 -1.7224
v  -0.5516 -2.2324 -1.7138
v  -0.4897 -2.2409 -1.6973
v  -0.5657 1.4855 -1.7029
v  -0.4821 1.4765 -1.6821
v  -0.4687 1.5437 -1.6985
v  -0.4210 1.5521 -1.7235
v  -0.4069 1.4997 -1.7426
v  -0.4117 1.5141 -1.7071
v  -0.5601 -1.9674 -1.7341
v  -0.5597 -2.0224 -1.7421
v  -0.5521 -2.0000 -1.7198
v  -1.9195 0.8392 -1.6738
v  -0.8238 -1.6249 -1.7488
v  -0.8626 -1.5358 -1.7684
v  -0.8245 -1.5812 -1.7354
v  0.7441 -0.2160 -1.7639
v  0.8105 -0.2107 -1.7814
v  1.3971 -0.2157 -1.7518
v  -0.8458 1.0082 -1.7520
v  -0.8496 0.9705 -1.7194
v  -0.8864 0.9727 -1.7388
v  2.6956 0.3807 -1.6766
v  2.8647 0.4323 -1.7133
v  2.8269 0.3776 -1.7491
v  -0.9005 0.7696 -1.7390
v  -0.8961 0.8367 -1.7464
v  -0.8304 0.7740 -1.7507
v  2.2018 -0.5285 -1.8831
v  2.2028 -0.8204 -1.7971
v  2.2026 -1.0647 -1.8803
v  1.9999 1.3062 -1.7216
v  2.0220 1.2740 -1.7011
v  1.9818 1.2308 -1.7224
v  0.3023 -0.7299 -1.7249
v  2.2567 -1.0369 -1.7711
v  2.2683 -0.9040 -1.7758
v  2.2856 -0.9242 -1.7668
v  2.7202 -2.1521 -1.7427
v  2.7815 -2.1157 -1.7766
v  2.7792 -2.1057 -1.7043
v  0.9447 -1.5654 -1.6869
v  0.9808 -1.5453 -1.7404
v  0.9375 -1.3463 -1.7064
v  3.1387 0.7110 -1.3581
v  3.5298 0.7141 -1.3754
v  3.3004 0.7401 -1.5472
v  1.6940 -2.1804 -1.7362
v  1.7445 -2.1985 -1.7102
v  1.7393 -2.1831 -1.7371
v  -0.8997 0.9397 -1.7012
v  -0.8783 0.9496 -1.7055
v  -0.8977 0.9999 -1.7209
v  1.8043 -0.8516 -1.5776
v  1.7967 -1.2074 -1.5774
v  2.0240 -0.8432 -1.5776
v  3.4509 -0.3747 -2.0775
v  -0.9475 -1.5318 -1.6727
v  -0.3603 0.3632 -1.7198
v  -0.3698 0.4484 -1.7262
v  0.4031 -2.1839 -1.7236
v  -0.8282 -1.2645 -1.7360
v  -0.8116 -1.3903 -1.7629
v  2.3932 -1.3760 -1.7606
v  2.4108 -1.2879 -1.7684
v  2.4032 -1.4241 -1.7650
v  2.4185 -0.1270 -1.6605
v  2.4069 -0.2158 -1.7182
v  2.4056 -0.2023 -1.6197
v  2.2477 -0.6999 -1.7036
v  2.2596 -0.6632 -1.6962
v  2.2785 -0.6182 -1.7136
v  -1.9287 0.6583 -2.1003
v  -1.7548 0.7096 -2.1004
v  -1.7689 0.6560 -2.0939
v  -1.1224 0.1290 -1.6865
v  -1.1184 0.4031 -1.7656
v  -1.1212 0.0742 -1.7272
v  -0.8059 0.1542 -1.5843
v  -0.8064 0.2789 -1.6868
v  -0.8080 0.1671 -1.6976
v  -1.1467 -1.2017 -1.7285
v  -1.0807 -1.2516 -1.7269
v  -1.1098 -1.1596 -1.7206
v  1.8586 1.2043 -1.8524
v  1.9816 1.0576 -1.8471
v  -1.0563 -1.1521 -1.8197
v  -1.0284 -1.1168 -1.8240
v  -1.0432 -1.3212 -1.8218
v  1.0419 -2.2138 -1.7287
v  0.9986 -2.1602 -1.7397
v  1.0428 -2.1673 -1.7296
v  -0.7670 -2.2750 -1.7529
v  -0.4611 -2.2807 -1.7577
v  -0.7599 -2.2816 -1.7056
v  -0.9316 -0.2194 -1.7031
v  -0.9485 -0.2099 -1.7184
v  -0.9107 -0.2461 -1.7246
v  -0.9068 -0.0040 -1.7138
v  -0.9683 -0.0205 -1.7586
v  -0.9309 -0.0446 -1.7486
v  2.2481 0.9111 -1.7119
v  2.2391 0.8707 -1.7337
v  2.2501 0.8477 -1.7155
v  2.2711 0.8412 -1.6917
v  0.6362 0.3779 -1.7539
v  0.6460 0.3626 -1.7756
v  0.6437 0.3577 -1.7371
v  -1.0034 -2.0226 -1.7126
v  -0.9873 -1.9239 -1.7356
v  -0.9981 -2.0277 -1.7496
v  2.4196 -0.3243 -1.6375
v  2.4513 -0.3432 -1.6449
v  2.4514 -0.2592 -1.6710
v  0.9174 -2.1677 -1.7178
v  0.9629 -2.2076 -1.7085
v  0.9699 -2.1850 -1.7212
v  0.9471 -2.1582 -1.7216
v  -0.9730 -0.0727 -1.7334
v  -1.0038 -0.1375 -1.6969
v  -0.9844 -0.1858 -1.7176
v  -1.0254 -0.1021 -1.6501
v  -1.0116 -0.1951 -1.7074
v  2.6578 -2.1729 -1.7518
v  2.6965 -2.1554 -1.7716
v  1.8424 1.2739 -1.6940
v  1.8886 1.3265 -1.6864
v  1.8363 1.3654 -1.6879
v  -0.0034 -0.4626 -1.7219
v  -0.0029 -0.2167 -1.7345
v  2.2881 0.2735 -1.7242
v  2.3229 0.2631 -1.6989
v  2.3058 0.2692 -1.7253
v  -0.1085 -2.0224 -1.7592
v  -0.1112 -2.0974 -1.7143
v  -0.0905 -2.0504 -1.7131
v  1.4689 -2.2320 -1.7142
v  1.5949 -2.2037 -1.7135
v  1.5219 -2.1716 -1.7222
v  2.2656 -1.6128 -1.7664
v  2.2886 -1.6317 -1.7883
v  2.2787 -1.6694 -1.7558
v  2.4318 0.2734 -1.7538
v  2.4276 0.1566 -1.7434
v  2.4373 0.3070 -1.7014
v  -0.1191 -2.2318 -1.7367
v  -0.0536 -2.2004 -1.7425
v  -0.0607 -2.1793 -1.7171
v  2.2204 -0.0740 -1.7070
v  2.2053 -0.0809 -1.7862
v  3.3334 -0.1006 -2.0642
v  3.3232 0.1270 -2.0453
v  3.3632 -0.0970 -2.0549
v  -1.1715 -2.0149 -1.7533
v  -1.1897 -1.9864 -1.7278
v  -1.1834 -2.0588 -1.7266
v  2.2202 -0.3534 -1.7493
v  2.2181 -0.4429 -1.7335
v  2.2055 -0.3517 -1.8483
v  -0.3700 1.3235 -1.6003
v  -0.5998 1.0348 -1.6064
v  -0.3926 1.2581 -1.6010
v  -1.8504 0.5232 -1.5730
v  -1.7513 0.5183 -1.6826
v  -1.7419 0.5146 -1.5749
v  3.3175 -1.1988 -2.0587
v  3.3100 -1.2388 -2.0807
v  1.4599 -1.5698 -1.7589
v  1.4001 -1.3385 -1.7647
v  1.4457 -1.3311 -1.7555
v  0.0731 -2.0201 -1.7653
v  0.0911 -2.0365 -1.7511
v  0.1397 -2.0464 -1.7503
v  -1.3874 -1.3741 -1.7160
v  -1.4292 -1.3528 -1.7486
v  -1.3172 -1.3480 -1.7118
v  0.2832 -2.1261 -1.7080
v  0.3614 -2.1409 -1.6996
v  0.2841 -2.1538 -1.7390
v  -0.7741 1.1886 -1.6838
v  -0.7255 1.1702 -1.6996
v  -0.7013 1.2379 -1.6900
v  -0.9143 -0.7261 -1.7021
v  -0.8645 -0.7173 -1.6881
v  2.2717 -0.3062 -1.7079
v  2.2623 -0.3171 -1.7329
v  -1.0400 -0.4642 -1.6508
v  -1.0540 -0.4523 -1.6931
v  -1.0540 -0.5041 -1.6709
v  -1.0578 -0.5164 -1.6476
v  2.2391 -1.2643 -1.7426
v  2.2605 -1.2240 -1.7708
v  2.7859 -0.1771 -1.8200
v  2.9778 -0.1656 -1.7651
v  1.6573 1.5174 -1.7427
v  1.6764 1.5090 -1.7531
v  1.6640 1.4675 -1.7246
v  3.3439 -1.3036 -2.0592
v  1.6370 -2.0589 -1.7412
v  1.6214 -2.0255 -1.7795
v  1.6841 -2.0572 -1.7198
v  1.4663 1.7477 -1.6312
v  1.4405 1.7777 -1.6299
v  -1.0465 -1.4280 -1.6951
v  -1.0532 -1.2947 -1.6300
v  -1.0225 -1.3587 -1.6333
v  -1.0534 -1.1892 -1.5838
v  -1.0482 -1.1693 -1.6663
v  2.1173 0.8735 -1.6949
v  2.1011 0.8971 -1.7300
v  2.1451 0.8675 -1.7218
v  2.1501 0.8748 -1.7000
v  2.1227 0.7189 -1.6018
v  2.0309 0.9093 -1.6955
v  2.1156 0.7121 -1.7364
v  0.9094 2.2455 -1.7815
v  -0.3596 -1.9672 -1.7416
v  -0.3456 -1.5720 -1.7420
v  -0.3432 -1.9385 -1.7349
v  1.9147 -2.0521 -1.7702
v  1.9389 -2.0192 -1.7839
v  2.0451 -2.0682 -1.7415
v  2.4158 0.7925 -1.5785
v  2.4648 0.7152 -1.6859
v  2.5059 0.6884 -1.5801
v  0.4937 2.2626 -1.7939
v  0.6251 2.2396 -1.7905
v  0.5111 2.1942 -1.7320
v  1.7375 -2.0524 -1.7672
v  1.8026 -2.0547 -1.7653
v  -0.8134 -0.1839 -1.7336
v  -0.8448 -0.2590 -1.7167
v  -0.8598 -0.2613 -1.7657
v  -0.8702 -0.1780 -1.7638
v  2.2012 -1.6737 -1.8895
v  2.2009 -1.8284 -1.8081
v  2.2008 -1.9529 -1.8898
v  0.1461 -2.0480 -1.7253
v  1.6672 1.6044 -1.7342
v  1.6953 1.5663 -1.7245
v  1.6698 1.5755 -1.7720
v  1.7741 1.5536 -1.7498
v  1.7977 1.5659 -1.7731
v  1.8468 1.5461 -1.7148
v  -2.2168 -2.2171 -1.7390
v  -2.2315 -2.0972 -1.7433
v  -2.1891 -2.0853 -1.7323
v  1.2067 -2.1212 -1.7495
v  1.2273 -2.1634 -1.7266
v  1.2413 -2.2153 -1.7396
v  1.9675 1.4569 -1.7034
v  2.0172 1.3842 -1.6857
v  0.9091 -2.1975 -1.7386
v  0.9352 -2.2001 -1.7187
v  0.8839 -2.2403 -1.7250
v  -0.9728 -1.0206 -1.7789
v  -0.9350 -0.9615 -1.7765
v  1.7854 -1.2007 -1.7270
v  1.7840 -1.3222 -1.7638
v  1.7939 -1.2071 -1.7557
v  3.4496 -0.6401 -2.0774
v  2.1064 0.9993 -1.7046
v  2.0694 0.9622 -1.7032
v  2.1574 0.9023 -1.7194
v  2.1972 -1.3190 -1.6533
v  2.2051 -1.4027 -1.6701
v  2.2556 -1.3290 -1.6633
v  1.3834 1.7005 -1.6498
v  1.4453 1.6220 -1.6395
v  -0.7653 -1.0114 -1.7252
v  -0.7982 -1.0005 -1.7013
v  -0.7643 -1.0663 -1.7185
v  -0.9599 -0.3689 -1.6892
v  -0.9145 -0.3718 -1.7017
v  -0.8723 -0.3187 -1.7179
v  -0.3552 -0.5143 -1.7219
v  -0.3496 0.2599 -1.7295
v  3.3192 0.1433 -2.0817
v  3.3317 0.2791 -2.0463
v  2.3235 0.7283 -1.7024
v  2.3384 0.6968 -1.7300
v  2.3343 0.6611 -1.7013
v  1.1912 1.6461 -1.6164
v  1.4101 1.5283 -1.7641
v  1.3225 1.5871 -1.6185
v  3.2501 -0.2229 -1.6835
v  3.2501 -0.4449 -1.5522
v  3.2511 -0.3801 -1.4494
v  1.9545 -2.0215 -1.7425
v  1.9688 -2.0206 -1.7324
v  2.3944 -0.1745 -1.7633
v  2.3361 -0.1981 -1.7405
v  3.5300 0.2791 -1.6809
v  -1.7733 0.6503 -1.8659
v  -1.8570 0.6488 -2.0123
v  3.3011 0.8122 -1.7524
v  3.2667 0.8738 -1.7043
v  3.3371 0.8718 -1.8313
v  3.3243 -0.9559 -2.0610
v  3.3831 -0.8160 -2.0569
v  -1.4367 -1.4101 -1.7333
v  -1.2770 -1.4373 -1.7233
v  -1.3480 -1.3999 -1.7281
v  3.5060 0.2340 -1.6880
v  3.5299 0.1018 -1.7204
v  3.5464 0.1009 -1.7181
v  3.0733 -0.2035 -1.7180
v  1.0776 -2.0222 -1.7281
v  1.0917 -1.9918 -1.7278
v  1.0921 -1.5862 -1.7303
v  -0.5126 1.4577 -1.7093
v  2.4453 -0.0176 -1.7766
v  2.4247 -0.1791 -1.7794
v  3.5018 0.1540 -1.7988
v  3.5423 0.1407 -1.7807
v  3.4992 -0.0362 -1.7557
v  3.6884 0.3625 -1.7005
v  3.7067 0.3070 -1.7008
v  3.7022 0.3971 -1.6861
v  0.7796 0.0141 -1.7029
v  0.7741 0.0027 -1.7317
v  0.9834 0.0216 -1.7051
v  -0.5858 1.2116 -1.7108
v  -0.6232 1.2047 -1.6918
v  -0.5590 1.1914 -1.6963
v  -1.3545 -0.3086 -1.7513
v  -1.4087 -0.4062 -1.7461
v  -1.3828 -0.4369 -1.7259
v  1.8362 1.6553 -1.8621
v  2.0572 1.5125 -1.8606
v  2.0191 1.4966 -1.8552
v  2.2198 0.9125 -1.7213
v  2.2140 0.8654 -1.7150
v  0.5484 -2.2347 -1.7209
v  0.6735 -2.2819 -1.7012
v  0.6423 -2.2401 -1.7026
v  -1.4840 0.3809 -1.6883
v  -1.4932 0.2533 -1.7257
v  -1.4772 0.0844 -1.6876
v  -1.0170 -0.7362 -1.7253
v  -1.0304 -0.9230 -1.6624
v  -1.0155 -0.8683 -1.7415
v  -0.1543 -2.2450 -1.7696
v  -0.0657 -2.2410 -1.7692
v  0.1405 -2.2815 -1.7589
v  -1.0367 0.4202 -1.6779
v  -1.0022 0.2777 -1.7124
v  -1.0139 0.4138 -1.7443
v  2.2993 -1.5487 -1.7399
v  2.2881 -1.4860 -1.7339
v  2.3316 -1.5118 -1.7174
v  3.3323 -2.1148 -1.4214
v  3.3825 -2.1119 -1.4228
v  1.6546 0.5909 -1.7438
v  1.5074 0.6510 -1.7429
v  -0.5673 1.6101 -1.5808
v  -0.6230 1.4691 -1.5762
v  -0.3856 1.6966 -1.5811
v  -1.0171 -1.1417 -1.7671
v  -0.9817 -1.0942 -1.7441
v  0.4138 -1.5468 -1.7238
v  0.4491 -1.4588 -1.7825
v  0.4837 -1.5720 -1.7577
v  -2.2630 -0.5286 -1.7333
v  -2.1691 -0.5387 -1.7114
v  -2.2669 -0.5432 -1.7378
v  2.4528 -1.5326 -1.6028
v  2.4495 -1.7640 -1.6032
v  -1.9635 1.1985 -1.7269
v  -1.9425 1.1708 -1.7199
v  -1.9691 1.1279 -1.8138
v  2.2897 1.0808 -1.8658
v  2.3790 0.9722 -1.8613
v  2.4501 0.7232 -1.8674
v  2.8331 -1.3417 -1.7268
v  2.8817 -1.3413 -1.6961
v  2.8567 -1.3732 -1.7347
v  2.1602 -1.2178 -1.7013
v  2.1598 -1.2014 -1.8816
v  2.1591 -1.3555 -1.7240
v  -1.0375 -0.1903 -1.6473
v  1.9525 -0.1639 -1.7372
v  1.9611 -0.3682 -1.7453
v  1.9538 -0.8460 -1.7419
v  -0.1707 -1.7742 -1.7383
v  -0.1812 -1.9604 -1.7426
v  -1.0624 -0.4696 -1.5987
v  -1.0552 -0.6299 -1.6723
v  -0.7648 -1.2543 -1.7126
v  -0.7653 -1.0661 -1.8667
v  -0.7695 -0.0353 -1.6676
v  -0.7643 0.1616 -1.5836
v  -0.7716 -0.1333 -1.6516
v  3.5060 0.5766 -1.7079
v  3.5032 0.3797 -1.6847
v  3.5054 0.4760 -1.7464
v  -0.8318 -1.1874 -1.7311
v  -0.8659 -1.1897 -1.7080
v  2.2700 -1.9190 -1.7404
v  2.2708 -1.9059 -1.7064
v  2.3248 -2.0016 -1.7187
v  -0.6354 1.2945 -1.7004
v  -0.6230 1.3799 -1.6881
v  -0.6167 1.2567 -1.6939
v  -0.5865 1.2546 -1.7038
v  2.3656 -0.6097 -1.7190
v  2.3298 -0.5491 -1.7526
v  2.4156 -0.6073 -1.7577
v  -2.2240 -2.2279 -1.6885
v  -0.2338 -2.1058 -1.7380
v  -0.2621 -2.0780 -1.7107
v  -0.2320 -2.1780 -1.7419
v  1.5078 1.6520 -1.7020
v  1.4507 1.5583 -1.7136
v  1.5174 1.6125 -1.7462
v  2.9678 -0.5542 -1.7002
v  2.9588 -0.5982 -1.6932
v  3.0100 -0.4510 -1.6743
v  2.3779 -1.6594 -1.6776
v  2.3821 -1.6754 -1.6688
v  2.3897 -1.6161 -1.6698
v  3.4521 -0.8312 -2.0588
v  0.5780 1.4937 -1.7542
v  0.5934 1.3110 -1.7321
v  0.5804 1.2296 -1.7430
v  -0.7679 -2.0972 -1.8762
v  -0.7713 -2.4288 -1.8827
v  2.1216 0.7225 -1.8488
v  2.1474 0.5600 -1.7293
v  3.3301 1.0892 -1.8227
v  3.4654 1.0067 -1.8334
v  3.3805 0.9858 -1.8705
v  1.7599 -2.1947 -1.7215
v  1.7773 -2.2306 -1.7479
v  1.7411 -2.2185 -1.7409
v  3.2386 -2.2627 -2.0467
v  3.5144 -2.2180 -2.0451
v  3.5153 -2.4323 -2.0480
v  -0.7737 -0.3895 -1.6969
v  -0.7688 -0.5119 -1.6879
v  -0.7649 -0.3740 -1.8720
v  3.3704 -2.1069 -2.0403
v  3.3275 -1.5161 -2.0584
v  3.3743 -1.6513 -2.0470
v  2.2700 -1.1589 -1.7525
v  2.2279 -1.1096 -1.7188
v  2.2967 -1.1329 -1.7190
v  2.2697 0.2972 -1.7117
v  2.2837 0.3705 -1.7111
v  2.9726 -0.2106 -1.6367
v  2.9006 -0.2162 -1.6799
v  3.2524 -0.2026 -1.6319
v  3.2795 -1.5681 -1.4198
v  0.7574 1.0867 -1.7114
v  0.7507 1.0970 -1.7487
v  0.7516 0.9456 -1.7325
v  1.5900 1.7285 -1.7583
v  1.5905 1.7553 -1.7011
v  -1.9951 0.5436 -2.0804
v  2.2208 -0.3361 -1.7046
v  2.2596 -0.3813 -1.6981
v  2.2655 -0.3554 -1.7034
v  0.7374 1.8488 -1.7521
v  0.8346 1.9391 -1.7560
v  0.8258 1.8668 -1.7260
v  -0.9927 -0.7745 -1.7138
v  -0.9935 -0.8589 -1.7012
v  -0.9789 -0.7967 -1.6734
v  1.6535 -2.1998 -1.7415
v  1.6500 -2.1901 -1.7188
v  -1.0167 0.7688 -1.7381
v  -1.0137 0.7194 -1.7065
v  -0.9860 0.7206 -1.7617
v  -0.8564 -0.9947 -1.7187
v  -0.8710 -1.0773 -1.7217
v  -0.8435 -1.0603 -1.7351
v  -2.0600 -0.7302 -2.0778
v  -2.0432 -1.1700 -2.0451
v  -2.0660 -1.0962 -2.0785
v  2.2667 -1.1244 -1.7065
v  2.2556 -1.0621 -1.7171
v  0.1456 -2.0188 -1.7399
v  2.2918 -0.5762 -1.6952
v  2.3534 -0.6509 -1.7006
v  0.6446 -1.2531 -1.7505
v  0.6454 -1.6629 -1.7506
v  0.6448 -1.3728 -1.7200
v  1.2706 0.7750 -1.7489
v  1.8063 1.4120 -1.6871
v  1.7311 1.4081 -1.6827
v  1.7887 1.3641 -1.6852
v  3.3130 -1.4829 -1.4207
v  3.2933 -1.7837 -1.4216
v  3.3151 -1.8106 -1.4174
v  1.2196 -2.1636 -1.7179
v  1.2093 -2.1377 -1.7280
v  1.2528 -2.0795 -1.7328
v  2.3552 0.1769 -1.7194
v  2.3751 0.1816 -1.7475
v  2.3929 0.2044 -1.7144
v  3.3321 0.3734 -2.0493
v  0.3903 1.7683 -1.7021
v  0.3984 1.7878 -1.7195
v  0.4299 1.7301 -1.7229
v  0.3889 2.0735 -1.5778
v  0.5842 2.0460 -1.5840
v  -0.9175 -1.9498 -1.7277
v  -0.9479 -1.9751 -1.7232
v  -0.9340 -2.0091 -1.7053
v  0.4651 -2.0108 -1.6966
v  0.4699 -2.0043 -1.7259
v  0.4785 -2.0215 -1.7389
v  2.7138 0.4228 -1.7428
v  3.3768 -0.3692 -1.4222
v  3.3782 -0.6923 -1.4135
v  3.4024 -0.7223 -1.4267
v  1.9401 -2.1766 -1.7164
v  1.9125 -2.2318 -1.7141
v  2.0628 -2.2277 -1.7168
v  2.6105 0.6340 -1.5799
v  2.6734 0.6464 -1.5772
v  1.3904 1.7428 -1.6864
v  2.9939 0.5410 -1.7458
v  2.8619 0.5589 -1.8586
v  3.1215 0.5277 -1.8662
v  0.5757 0.5588 -1.7219
v  0.4886 0.5451 -1.7378
v  0.6419 0.6191 -1.7213
v  -0.8629 0.3820 -1.7207
v  -0.9158 0.3312 -1.7101
v  -2.1503 0.7094 -1.3546
v  -2.1480 0.7206 -1.5407
v  -2.1342 0.6686 -1.4746
v  3.3456 1.2515 -1.7166
v  3.4059 1.2007 -1.7052
v  3.3806 1.2071 -1.7710
v  0.1558 -2.1297 -1.7105
v  0.1392 -2.1469 -1.7247
v  0.1474 -2.1883 -1.7223
v  0.4628 -2.0672 -1.6992
v  0.3919 -2.0562 -1.7311
v  3.2490 0.6751 -1.6927
v  3.2502 0.5729 -1.8272
v  1.9926 -0.9028 -1.7671
v  2.0119 -0.9010 -1.7550
v  -1.8959 0.8144 -1.8436
v  -2.0472 0.8265 -1.7938
v  -1.9248 0.8351 -1.8056
v  -0.5206 1.2253 -1.6948
v  -0.5524 1.1956 -1.7283
v  -1.4339 -2.0384 -1.7469
v  -1.4589 -1.4012 -1.7484
v  -0.8524 1.1298 -1.5755
v  -0.8464 1.2510 -1.5739
v  -1.8447 0.4961 -1.7349
v  -1.8250 0.5100 -1.7613
v  -1.7683 0.5098 -1.7392
v  1.4062 -2.0314 -1.6934
v  1.4592 -2.0698 -1.6975
v  1.6029 -2.0214 -1.6954
v  -0.3607 0.4819 -1.7422
v  -0.3503 -0.0661 -1.7436
v  3.0406 -0.1800 -1.7063
v  3.2373 -0.1971 -1.7210
v  1.8180 -0.8504 -1.5931
v  2.0101 -0.8438 -1.5944
v  2.0108 -1.1819 -1.5933
v  -2.0005 0.6181 -1.3986
v  -0.8724 0.2482 -1.7149
v  -0.8524 0.1740 -1.7196
v  -0.8075 0.0162 -1.7054
v  -0.8074 -0.0890 -1.6854
v  2.2541 0.7047 -1.7074
v  2.2751 0.6930 -1.6987
v  2.2781 0.7427 -1.7132
v  3.5339 0.7291 -1.6579
v  -1.8548 -1.3825 -1.4314
v  -1.8602 -1.3883 -1.3907
v  -1.8558 -2.1011 -1.3900
v  -0.3614 1.4752 -1.7018
v  -0.3463 1.4674 -1.6952
v  -0.3090 1.4332 -1.7530
v  2.6231 -2.1253 -1.6958
v  2.6910 -2.1424 -1.6931
v  -0.9489 -0.3852 -1.6311
v  3.2507 -1.8139 -1.4491
v  3.2461 -1.9551 -1.8321
v  3.2481 -2.1767 -1.6138
v  -0.7418 1.3240 -1.8672
v  -0.5838 1.5941 -1.8662
v  -0.5007 1.6098 -1.8657
v  -0.3761 -2.0430 -1.7497
v  -0.3541 -2.0702 -1.7524
v  -0.3568 -2.0602 -1.6977
v  2.2404 -0.9404 -1.7320
v  2.2731 -0.9593 -1.7073
v  2.3275 -0.9327 -1.7042
v  -0.8657 0.9677 -1.6901
v  -0.8469 0.9469 -1.6810
v  -0.8250 0.9434 -1.6938
v  -0.9015 0.9082 -1.7144
v  -0.8250 0.8862 -1.7015
v  -0.8552 0.9227 -1.7243
v  2.5853 -1.9810 -1.6973
v  2.5881 -2.0927 -1.7839
v  -1.9522 0.8973 -1.7800
v  -1.9023 0.9948 -1.8754
v  -0.3630 1.4064 -1.6760
v  -0.4532 1.4173 -1.6824
v  2.1632 -2.4257 -1.8881
v  2.2230 -2.3992 -1.8598
v  2.2211 -2.4280 -1.8574
v  -1.0030 -0.4034 -1.6466
v  -0.9859 -0.3563 -1.7306
v  1.9470 1.2881 -1.7733
v  -0.9221 -1.0913 -1.7170
v  -0.9001 -1.1260 -1.7186
v  -0.9451 -0.9393 -1.7712
v  -0.9459 -0.8875 -1.7806
v  0.5732 2.2543 -1.7013
v  0.5506 2.1458 -1.6716
v  1.8869 -2.0256 -1.6888
v  2.0129 -2.0266 -1.6871
v  1.9600 -2.0191 -1.7255
v  -1.0212 -1.6107 -1.8422
v  -1.0249 -1.6326 -1.7088
v  -1.0235 -1.7268 -1.8304
v  2.9173 0.5802 -1.5761
v  -1.0021 0.5819 -1.7278
v  -1.0152 0.4410 -1.7540
v  -0.9995 0.4585 -1.7198
v  2.9664 -1.9907 -1.7579
v  2.9896 -2.0631 -1.7753
v  2.9859 -1.9616 -1.7656
v  -0.8929 1.0350 -1.7208
v  -0.9050 1.0090 -1.6992
v  -0.7029 1.3671 -1.7013
v  -1.1014 0.1013 -1.6883
v  -1.0770 0.1711 -1.7363
v  -1.0636 0.0582 -1.7680
v  -0.7640 -0.6583 -1.7104
v  -1.0230 -1.3305 -1.7215
v  -0.9313 -1.3748 -1.7138
v  -0.9871 -1.3342 -1.6729
v  3.4811 0.8449 -1.7760
v  3.4287 0.8686 -1.6299
v  3.4296 0.8131 -1.6748
v  3.3344 -1.9092 -1.4239
v  -1.0027 0.6031 -1.7239
v  -1.0293 0.6014 -1.6868
v  2.3275 -1.3451 -1.7178
v  2.3707 -1.3065 -1.7017
v  2.3652 -1.3527 -1.7283
v  -1.4283 -0.6932 -1.7031
v  -1.4552 -0.6399 -1.7415
v  -1.4762 -0.9081 -1.7429
v  0.6697 0.9260 -1.7145
v  0.5789 0.8953 -1.6994
v  0.7910 0.9185 -1.7139
v  -0.9556 0.1740 -1.7158
v  -0.9813 0.1963 -1.7300
v  1.1592 1.9883 -1.5815
v  1.1392 1.9875 -1.7184
v  1.4729 1.8888 -1.5819
v  0.8632 1.8204 -1.6962
v  0.8723 1.8285 -1.7217
v  -1.7674 0.0461 -1.7191
v  -1.7661 0.0005 -1.6267
v  -1.7832 -0.0891 -1.6741
v  2.8348 -1.4120 -1.7577
v  2.8702 -1.3386 -1.7881
v  2.9278 -1.3325 -1.7316
v  -0.8510 0.1176 -1.7352
v  -0.8343 0.0520 -1.7541
v  -0.8077 0.0733 -1.7090
v  1.3420 -2.0569 -1.7583
v  1.3728 -2.0636 -1.7249
v  1.3117 -2.1789 -1.7425
v  3.4991 -2.1821 -2.0391
v  3.5133 -2.2259 -1.8126
v  -0.9966 -0.5887 -1.7449
v  -0.9942 -0.6195 -1.7738
v  -1.0120 -0.6110 -1.7135
v  3.2508 0.5185 -1.8075
v  3.2546 0.3151 -2.0811
v  3.2493 0.1979 -1.7518
v  1.2516 -1.3091 -1.7206
v  1.2391 -1.3250 -1.7424
v  1.2464 -1.3498 -1.6986
v  1.4001 0.6405 -1.7365
v  -0.4150 1.3293 -1.7367
v  -0.3984 1.4680 -1.7048
v  0.1187 -1.5309 -1.7693
v  -0.9444 -1.5501 -1.6854
v  3.5001 -1.9761 -1.6762
v  3.5001 -1.7958 -1.3947
v  3.5004 -2.1915 -1.4732
v  2.1586 -0.7342 -1.8800
v  2.1595 -0.9666 -1.7292
v  2.1618 -0.7196 -1.7822
v  -0.3755 0.4546 -1.7372
v  -0.3911 0.4484 -1.6976
v  -0.5459 0.3611 -1.7347
v  2.4277 -1.8953 -1.6071
v  -0.6103 1.4026 -1.7572
v  -0.6166 1.4427 -1.7062
v  -0.5937 1.4147 -1.7195
v  2.3644 0.1588 -1.7109
v  2.3661 0.1201 -1.7492
v  1.6094 -0.3755 -1.7275
v  1.6116 -0.7705 -1.7334
v  1.1138 -2.2822 -1.7551
v  1.6545 -2.2820 -1.7570
v  -0.9539 -0.0346 -1.7044
v  -0.9987 -1.5439 -1.6872
v  -0.9816 -1.5793 -1.6745
v  -0.9885 -1.5588 -1.7137
v  -2.3204 -0.4963 -1.7223
v  -2.3012 -0.4524 -1.7314
v  -0.8169 -1.1505 -1.7270
v  0.6321 0.6137 -1.7482
v  0.6345 0.6438 -1.7465
v  0.6623 0.6342 -1.7144
v  -0.6698 -2.1956 -1.7147
v  -0.7282 -2.0864 -1.7046
v  -0.7202 -2.2324 -1.7086
v  2.4476 -0.7846 -1.6707
v  2.4437 -0.7370 -1.6315
v  2.4570 -1.1242 -1.6831
v  1.7642 -0.3089 -1.7274
v  1.7648 -0.3856 -1.7420
v  1.7644 -0.8677 -1.7270
v  0.6338 0.7539 -1.7171
v  0.6273 0.8037 -1.7489
v  0.6402 0.6793 -1.7527
v  -0.7659 -2.0776 -1.7266
v  -0.7603 -2.0533 -1.6998
v  2.0955 1.1858 -1.7502
v  2.0836 1.1728 -1.6852
v  2.1714 1.1255 -1.7605
v  2.1859 1.2693 -1.5880
v  2.2783 1.0960 -1.5793
v  2.2527 1.2302 -1.5810
v  3.3216 -0.2037 -1.3899
v  3.3326 -0.5641 -1.4175
v  -0.3522 -2.0182 -1.7436
v  -0.3114 -2.0250 -1.7557
v  -0.8380 -1.0742 -1.7694
v  -0.8196 -1.0895 -1.7252
v  2.2646 -0.1876 -1.6579
v  2.2608 -0.1859 -1.6747
v  0.7455 1.7646 -1.7427
v  2.2630 -1.7539 -1.6729
v  2.3095 -1.7052 -1.6918
v  2.3179 -1.6886 -1.6683
v  -0.2236 -2.2290 -1.7222
v  -0.1611 -2.2391 -1.7497
v  2.2604 -1.2047 -1.6726
v  2.2961 -1.2106 -1.6726
v  2.2777 -1.1838 -1.6717
v  0.9784 -2.0356 -1.7753
v  1.0878 -2.0217 -1.7700
v  1.1438 -2.0492 -1.7744
v  2.8180 0.5601 -1.5774
v  -0.9723 -1.6322 -1.7500
v  -0.9475 -1.6736 -1.8012
v  -0.9593 -1.7154 -1.7242
v  2.5203 -0.7884 -1.7328
v  2.5278 -0.7654 -1.7019
v  2.6280 -0.7623 -1.7540
v  2.2986 1.0391 -1.7285
v  2.3297 0.9608 -1.7249
v  2.2656 -0.9572 -1.6701
v  2.2449 -1.0045 -1.6803
v  -0.7135 -2.2362 -1.7445
v  -0.7147 -2.0594 -1.7584
v  -0.6298 -2.1336 -1.7321
v  -0.8118 -2.0528 -1.8780
v  -0.8242 -2.0665 -1.7518
v  0.9874 -2.2279 -1.7297
v  0.9262 -2.2452 -1.7608
v  -1.9922 -1.3578 -2.0788
v  -1.9838 -1.0235 -2.0349
v  -1.9823 -1.5989 -2.0290
v  3.3083 -0.4152 -2.0575
v  3.3008 -0.5553 -2.0638
v  2.2090 -1.3738 -1.7688
v  3.5188 -2.4357 -1.6073
v  -1.4476 0.3059 -1.7186
v  -1.4218 0.1381 -1.7324
v  0.4514 -1.4785 -1.6860
v  0.5241 -1.5370 -1.7211
v  0.5108 -1.3953 -1.7351
v  3.1156 -2.2135 -1.7206
v  3.2326 -2.2166 -1.8839
v  -0.8059 -0.6926 -1.7100
v  -1.3355 -1.3234 -1.6913
v  -1.2591 -1.3533 -1.7204
v  -1.2817 -1.2896 -1.7121
v  -1.4466 -0.3038 -1.7075
v  -0.8071 -0.7552 -1.5769
v  -0.8134 -0.8711 -1.7238
v  -0.8082 -1.0113 -1.5779
v  -1.9394 0.6515 -1.4456
v  -0.8494 0.2001 -1.7587
v  -0.8636 0.0635 -1.7633
v  -0.8127 -0.3917 -1.6806
v  -0.8119 -0.4528 -1.7005
v  0.3257 0.5893 -1.7270
v  0.3256 0.3625 -1.7402
v  0.3139 0.5194 -1.7439
v  -1.8447 -0.1814 -1.7731
v  -1.7071 -0.1964 -1.7654
v  -1.8096 -0.1660 -1.8202
v  -1.3776 -0.5635 -1.7346
v  2.3698 -0.1102 -1.7220
v  2.3720 -0.1749 -1.7033
v  2.3539 -0.2039 -1.7191
v  1.7665 -2.0203 -1.7232
v  1.8394 1.4365 -1.6919
v  1.8711 1.3999 -1.7377
v  1.8286 -0.8825 -1.7211
v  1.8088 -0.8882 -1.6961
v  -1.8536 -0.3029 -1.6629
v  -1.8543 -0.1884 -1.6239
v  -0.8401 0.0383 -1.7346
v  -0.8206 -0.0111 -1.7371
v  2.0089 1.2145 -1.7362
v  2.0362 1.2794 -1.7466
v  -1.4621 -1.2057 -1.7641
v  -1.4207 -1.1221 -1.7387
v  -1.2549 -1.1406 -1.7559
v  -0.9149 -0.7006 -1.6929
v  -0.4633 1.4358 -1.7486
v  -0.4701 1.2951 -1.7566
v  -0.5091 1.3810 -1.7505
v  0.7211 2.3401 -1.7189
v  0.7216 2.3821 -1.7741
v  0.7289 2.3286 -1.7168
v  -1.3482 -0.8317 -1.7316
v  -1.1267 -0.7230 -1.7320
v  -0.5192 -1.5319 -1.7597
v  -0.5676 -1.4913 -1.6766
v  -0.5369 -1.5613 -1.7115
v  0.2600 0.0654 -1.7024
v  0.0347 0.2387 -1.6881
v  0.4263 0.1494 -1.7050
v  -1.2371 -1.2824 -1.7278
v  -1.1771 -1.2744 -1.7249
v  -1.2315 -1.2362 -1.7286
v  1.8024 1.4588 -1.7353
v  1.8706 1.4760 -1.6793
v  1.9584 -1.7604 -1.7442
v  0.6692 2.3632 -1.7748
v  0.7689 2.2481 -1.7797
v  -0.0178 -0.3841 -1.7368
v  -0.0181 -1.2816 -1.7351
v  -0.0124 -0.5223 -1.7253
v  2.4402 0.5861 -1.6771
v  2.4306 0.5607 -1.7513
v  2.4323 0.4608 -1.7533
v  -0.5440 -2.0184 -1.7318
v  -0.5204 -2.0169 -1.6908
v  -0.4815 -2.0213 -1.7514
v  0.0349 1.6042 -1.5968
v  0.0118 1.5555 -1.5990
v  0.3220 1.6737 -1.6023
v  -0.4602 1.3184 -1.6867
v  0.4326 -0.2071 -1.7357
v  0.4655 -0.2218 -1.7295
v  -1.8529 0.6440 -1.5710
v  -1.8581 0.6523 -1.3984
v  2.3650 -0.4383 -1.7221
v  2.3435 -0.3738 -1.7452
v  3.4985 -0.2348 -1.3877
v  3.4184 -0.1801 -1.4265
v  3.4973 -0.6585 -1.3904
v  -1.9833 -1.5033 -1.4248
v  -2.0060 -1.6354 -1.4162
v  -1.9181 -1.5581 -1.4244
v  -1.8635 -1.5436 -2.0744
v  -1.8541 -2.0853 -2.0714
v  2.4485 -0.3535 -1.6778
v  2.4508 -0.4376 -1.6365
v  -0.3656 1.3786 -1.7392
v  2.1515 0.5181 -1.8525
v  2.1620 0.6752 -1.8506
v  1.6008 -0.1414 -1.7450
v  1.6108 -0.1046 -1.7385
v  1.6088 -0.9459 -1.7416
v  1.6112 -1.2655 -1.7321
v  1.6023 -1.3183 -1.7473
v  -0.5678 1.0259 -1.6046
v  1.7632 -2.0210 -1.7436
v  1.7746 -2.0213 -1.7396
v  2.1582 -0.1883 -1.8818
v  2.1747 -0.4870 -1.8865
v  -0.5723 1.3291 -1.6975
v  -0.5805 1.3558 -1.7287
v  -0.5391 1.2637 -1.7376
v  -0.8835 -0.8969 -1.6997
v  -0.9313 -0.9354 -1.6802
v  -0.8543 -0.8832 -1.6947
v  3.2828 -0.3677 -1.4229
v  3.3504 -0.1308 -1.4204
v  -0.8864 -1.8173 -1.7409
v  -0.9278 -1.8778 -1.7081
v  -0.9348 -1.8989 -1.7329
v  2.2810 -0.8170 -1.7472
v  2.2685 -0.6303 -1.7467
v  -1.0025 -1.0846 -1.7578
v  2.0894 1.3923 -1.6990
v  2.1851 1.2617 -1.8547
v  2.2312 1.1815 -1.7423
v  2.9914 0.4594 -1.7396
v  2.8594 0.5317 -1.7337
v  0.9946 0.8912 -1.6920
v  0.8109 0.9025 -1.7517
v  -1.6821 0.5245 -1.7039
v  -1.5754 0.5364 -1.5744
v  -0.9663 -0.6547 -1.7132
v  -0.8774 -0.5970 -1.7227
v  3.5322 0.6753 -1.9175
v  3.5277 0.6764 -1.8869
v  3.5046 0.6697 -1.9396
v  -0.3659 0.5151 -1.7490
v  -0.5451 0.4012 -1.7386
v  -0.5550 0.3822 -1.6881
v  -1.1531 -0.4024 -1.7462
v  -1.1686 -0.4424 -1.7072
v  -1.1565 -0.3092 -1.7138
v  1.9655 0.3640 -1.7231
v  1.9559 -0.1101 -1.7269
v  1.9712 -0.2989 -1.7330
v  0.2522 1.9891 -1.6615
v  0.3116 2.0135 -1.8659
v  0.3856 2.0199 -1.5805
v  3.4088 -2.0892 -2.0463
v  3.5043 -0.0021 -1.6589
v  3.4994 -0.1289 -1.5592
v  -0.8744 -2.1612 -1.7382
v  -0.8084 -2.0947 -1.7458
v  -0.9271 -0.7348 -1.6738
v  -0.9168 -0.7411 -1.7402
v  -0.9916 -0.7031 -1.6945
v  -2.2860 0.3263 -1.6841
v  -2.3212 0.2552 -1.7023
v  -2.2124 0.2391 -1.6901
v  -2.3181 -0.4012 -1.7190
v  -2.3066 -0.4500 -1.7171
v  -2.2826 -0.3974 -1.7263
v  -0.8347 -0.3310 -1.7291
v  -0.8317 -0.3721 -1.7297
v  2.4108 -0.8779 -1.7649
v  2.4105 -0.9689 -1.7492
v  2.4114 -0.9874 -1.7067
v  -1.6779 -0.2240 -1.6683
v  -1.5466 -0.1945 -1.6965
v  -1.3089 -0.2217 -1.6584
v  3.3161 -1.3882 -2.0819
v  2.2569 0.4399 -1.6977
v  2.2536 0.4524 -1.7484
v  2.3023 0.4917 -1.7353
v  0.5684 1.2763 -1.7174
v  0.6407 1.1316 -1.7144
v  2.3595 0.3047 -1.7378
v  2.3328 0.3141 -1.7581
v  2.4136 0.3183 -1.7608
v  0.4790 -2.0406 -1.7303
v  0.4587 -2.0522 -1.7568
v  2.1557 0.1238 -1.8515
v  2.1882 0.5306 -1.8512
v  2.1917 0.0718 -1.8569
v  -0.5068 -2.0556 -1.7786
v  -0.4699 1.1581 -1.8595
v  -0.5551 1.0435 -1.8607
v  2.2843 1.1795 -1.8594
v  -0.8080 -1.5987 -1.6855
v  -0.8118 -1.6831 -1.7180
v  -0.8060 -1.8957 -1.5753
v  1.1399 0.8656 -1.7487
v  1.0698 0.8440 -1.7507
v  0.2363 -2.0577 -1.7781
v  0.3985 -2.0149 -1.7872
v  0.6149 -2.0538 -1.7734
v  0.4503 -2.2353 -1.7436
v  0.4788 -2.2339 -1.7322
v  -1.0360 0.0291 -1.8230
v  -1.0299 0.0543 -1.7724
v  -1.0201 0.0120 -1.7124
v  -1.0248 -0.1140 -1.7986
v  -1.0753 0.4265 -1.7092
v  -1.0839 0.3776 -1.7624
v  -1.8519 0.6551 -1.6816
v  -1.4411 -0.2768 -1.7361
v  -1.4804 -0.4175 -1.7572
v  3.3527 -0.7162 -1.4253
v  3.3240 -0.7441 -1.3885
v  -0.3597 -0.5065 -1.7469
v  1.4863 1.5411 -1.7400
v  1.5094 1.5288 -1.5990
v  1.5806 1.4754 -1.7245
v  2.2740 -1.3197 -1.7640
v  1.0712 -2.1611 -1.7454
v  2.4447 -1.3446 -1.7206
v  2.4310 -1.3158 -1.7549
v  2.4444 -1.3603 -1.7806
v  0.4679 -0.1992 -1.7367
v  0.4753 -0.0543 -1.7349
v  -1.7378 -0.2654 -1.6677
v  -0.8491 -1.1427 -1.7561
v  2.8732 -1.2408 -1.7074
v  2.8177 -1.2809 -1.6858
v  2.8488 -1.3108 -1.7390
v  3.5913 0.2686 -1.7033
v  3.6144 0.2208 -1.6881
v  3.6500 0.2567 -1.7031
v  3.6257 0.0686 -1.7037
v  -0.9552 -0.2787 -1.7296
v  -0.9363 -0.3630 -1.8229
v  1.2150 0.8126 -1.6833
v  3.4635 0.5093 -1.3912
v  3.4530 0.0901 -1.3907
v  3.5003 0.3410 -1.3927
v  0.4062 -2.1461 -1.7340
v  1.3852 -1.5731 -1.7600
v  1.4144 -1.5892 -1.7308
v  2.0770 0.8912 -1.8479
v  2.1004 0.8148 -1.6916
v  2.1106 0.8151 -1.7326
v  1.7798 -0.3520 -1.7335
v  1.7701 -0.7786 -1.7469
v  -0.7978 0.6018 -1.8658
v  -0.7410 0.7277 -1.7622
v  -0.7233 0.7880 -1.8656
v  -1.9157 -0.1305 -1.3934
v  -1.9158 -0.0888 -1.4358
v  -1.9235 -0.1201 -1.4421
v  -0.4134 1.3500 -1.6997
v  -1.9981 0.5645 -1.3938
v  -0.8093 -1.3643 -1.7223
v  -0.8091 -1.4052 -1.5793
v  -0.8675 -1.9623 -1.7126
v  -0.8259 -1.9424 -1.7229
v  -0.8358 -1.9335 -1.7199
v  2.2852 0.6999 -1.7526
v  2.3361 0.7563 -1.7559
v  -0.9913 -0.1090 -1.7424
v  -0.9328 -0.0992 -1.7357
v  2.8214 -1.2304 -1.7607
v  2.8633 -1.2682 -1.7387
v  2.8819 -1.3092 -1.7524
v  1.9639 -0.8700 -1.7774
v  2.0110 -0.8402 -1.7717
v  2.0190 -0.8581 -1.7790
v  0.8925 -1.5610 -1.7676
v  0.9312 -1.5010 -1.7840
v  -1.0274 -2.3738 -1.6367
v  -1.0294 -1.9393 -1.5787
v  -1.0272 -2.3035 -1.5781
v  2.4108 -1.1006 -1.7409
v  2.4255 -1.0894 -1.6738
v  2.2147 -0.9095 -1.7238
v  2.2034 -0.9842 -1.6814
v  2.2188 -1.0690 -1.7112
v  3.3833 -2.0982 -2.0783
v  3.3865 -2.1272 -2.0580
v  1.9635 -0.0661 -1.7447
v  1.9415 0.4003 -1.7514
v  0.9391 1.7305 -1.6090
v  1.2197 1.6618 -1.6083
v  1.0896 1.7037 -1.7339
v  3.2625 -0.4935 -2.0806
v  3.3322 -0.5196 -2.0623
v  0.4169 1.7755 -1.6902
v  0.4065 1.8065 -1.7183
v  2.2808 -1.6447 -1.6876
v  2.2159 -1.6287 -1.6973
v  2.2586 -1.6846 -1.7090
v  2.3679 0.3852 -1.7179
v  2.3369 0.3551 -1.7476
v  1.6665 0.5462 -1.6935
v  0.5089 -2.1704 -1.7273
v  0.4941 -2.1192 -1.7303
v  0.6026 -2.1833 -1.7341
v  0.5425 -2.2254 -1.7436
v  1.0048 -2.1863 -1.7224
v  1.0537 -2.1903 -1.7108
v  2.3805 -1.7087 -1.6879
v  2.3498 -1.7271 -1.6791
v  2.3868 -1.7513 -1.7275
v  -0.3222 1.3522 -1.8641
v  -0.5322 1.1147 -1.8644
v  -0.4361 1.2371 -1.7910
v  -0.8121 -1.7162 -1.8761
v  -0.8124 -1.7740 -1.7383
v  -0.9821 -0.6126 -1.6796
v  1.0163 -2.0612 -1.7337
v  1.9712 1.6011 -1.5789
v  1.9950 1.5249 -1.5838
v  2.0749 1.4797 -1.5849
v  2.8296 -1.0888 -1.7110
v  2.9136 -1.1669 -1.7186
v  2.8477 -1.1324 -1.7595
v  -1.1622 -1.9862 -1.7219
v  -1.1852 -1.9647 -1.7221
v  -1.1476 -2.0013 -1.6630
v  3.2514 -1.8783 -2.0677
v  3.2656 -2.1441 -2.0667
v  3.2492 -2.1829 -2.0024
v  0.3821 1.8015 -1.7040
v  0.3665 1.8865 -1.7045
v  3.2431 0.4718 -1.7172
v  -0.4412 -2.0154 -1.7823
v  -0.9930 -1.1955 -1.7333
v  -0.9630 -1.1592 -1.7401
v  -0.9530 -1.1983 -1.7373
v  -0.3405 1.7930 -1.5790
v  -0.2972 1.7578 -1.5793
v  2.7185 -1.3407 -1.7175
v  2.7976 -1.3930 -1.7420
v  2.8103 -1.3335 -1.7147
v  -0.9602 -0.9345 -1.7195
v  -0.9105 -0.9436 -1.7266
v  1.2693 -2.0518 -1.7690
v  1.3971 -2.0180 -1.7702
v  2.7834 0.5030 -1.7142
v  2.9844 0.5349 -1.7135
v  -0.4168 -2.2467 -1.7687
v  -0.3196 -2.2332 -1.7326
v  1.2601 -2.0266 -1.7386
v  2.4878 0.1653 -1.6951
v  2.5248 0.3543 -1.7109
v  -0.0052 -2.1376 -1.7421
v  0.0289 -2.2306 -1.7386
v  -0.9593 -1.9130 -1.7289
v  0.2997 -0.2650 -1.7277
v  0.6831 1.7380 -1.6068
v  0.9579 1.6981 -1.6945
v  -0.7624 -0.6683 -1.8699
v  -0.7702 -0.7605 -1.6996
v  -0.7650 -0.8702 -1.7428
v  2.3630 -0.3333 -1.7210
v  2.4056 -0.2454 -1.7118
v  2.4082 -0.2731 -1.7152
v  2.3997 -0.3188 -1.7074
v  2.4202 -0.3595 -1.6640
v  2.4039 -0.3646 -1.7336
v  2.3887 -0.3873 -1.6897
v  0.0962 -2.0557 -1.7735
v  -0.0225 -2.0174 -1.7860
v  -0.6060 -1.3407 -1.7387
v  -0.5396 -1.3509 -1.6990
v  -0.5619 -1.2988 -1.7241
v  -1.0046 -1.2608 -1.7359
v  -0.9721 -1.2655 -1.7195
v  -1.0648 -2.2297 -1.5841
v  -1.0971 -2.2104 -1.7054
v  -1.0524 -2.2446 -1.6340
v  1.2346 -2.0527 -1.7238
v  1.3730 -2.0579 -1.7159
v  -2.0949 -1.3518 -2.0782
v  -2.0607 -1.5409 -2.0769
v  -2.0740 -2.0986 -2.0762
v  -0.9948 -1.6378 -1.7204
v  -0.9993 -1.7286 -1.7539
v  -1.3506 -1.3038 -1.7476
v  -1.3598 -1.2755 -1.7370
v  -1.3189 -1.2685 -1.7484
v  -2.1193 -2.1763 -2.0675
v  -2.1157 -2.2243 -2.0513
v  -2.1145 -2.2179 -1.7985
v  -0.7813 -0.0777 -1.6969
v  -0.8120 -0.0496 -1.7265
v  3.3785 -0.1794 -2.0562
v  3.4370 -0.3050 -2.0543
v  -1.8439 -0.2377 -1.7805
v  2.5024 -2.2170 -1.5999
v  2.8769 -2.2152 -1.5968
v  2.5251 -2.2194 -1.8261
v  3.3825 -0.2841 -1.3902
v  3.3883 -0.8298 -1.3892
v  0.8134 1.2583 -1.7192
v  0.8197 1.2953 -1.7287
v  2.2525 0.6102 -1.7510
v  2.2422 0.5813 -1.7016
v  2.1584 -2.2851 -1.7049
v  2.8347 -1.3115 -1.7757
v  2.8645 -1.2978 -1.7371
v  -0.8120 -1.0578 -1.7030
v  -0.8168 -1.1200 -1.7043
v  -0.8066 -1.2101 -1.6488
v  3.2499 -0.0685 -1.9701
v  2.0672 1.0399 -1.7504
v  2.1100 1.0632 -1.7460
v  2.1309 1.0227 -1.7393
v  -2.1024 0.2542 -1.8021
v  -2.1016 0.3685 -2.0794
v  -2.0998 -0.2016 -2.0763
v  -1.7591 0.6583 -1.6035
v  -0.1712 -2.0299 -1.7337
v  -0.1281 -2.0154 -1.7167
v  1.0757 -1.3894 -1.6820
v  1.0527 -1.3698 -1.7358
v  1.0763 -1.5719 -1.6957
v  -0.6779 1.1111 -1.6918
v  -0.7017 1.1219 -1.7410
v  -0.7254 1.1282 -1.6927
v  -1.8516 -0.2244 -1.8270
v  -1.8537 -0.7542 -1.8756
v  -1.8552 -0.6949 -2.0441
v  -0.1838 -0.5378 -1.7468
v  -0.1698 -0.2833 -1.7385
v  -0.1728 -0.7635 -1.7422
v  2.3265 -0.0412 -1.7093
v  2.3516 -0.0650 -1.7034
v  2.3488 -0.0130 -1.6688
v  2.0440 0.9934 -1.7153
v  2.0794 1.0102 -1.7352
v  2.4487 0.0491 -1.6227
v  2.4370 0.1071 -1.7308
v  0.1474 2.0097 -1.5784
v  0.2813 2.0496 -1.7829
v  3.5006 0.6649 -2.0831
v  3.4535 0.3520 -2.0797
v  3.4284 0.5146 -2.0541
v  -1.8579 0.5661 -1.8495
v  -1.8547 0.4691 -1.8426
v  -1.8547 0.1372 -1.9590
v  2.1547 -2.0203 -1.6961
v  2.1387 -2.0628 -1.7382
v  2.6208 -2.2342 -1.5968
v  2.9626 -2.2333 -1.5978
v  -1.0513 -2.2358 -1.8531
v  -1.0522 -2.4339 -1.8730
v  1.9055 1.3096 -1.6686
v  1.8916 1.2561 -1.6832
v  1.8849 1.2236 -1.6851
v  2.2634 -1.5317 -1.7211
v  2.2860 -1.4845 -1.7071
v  2.2178 -1.7069 -1.7019
v  2.2387 -1.6460 -1.7196
v  2.4307 -1.3341 -1.7082
v  2.4594 -1.4098 -1.6839
v  2.4449 -1.3946 -1.7203
v  3.3872 0.8896 -1.6908
v  3.3973 0.8920 -1.7802
v  3.5023 1.0064 -1.7189
v  3.1348 0.5129 -1.7064
v  3.2200 0.5000 -1.7216
v  0.2631 -2.2253 -1.7201
v  -1.0479 -1.3719 -1.7235
v  -1.0200 -1.4192 -1.7210
v  -0.0678 -2.1245 -1.7383
v  0.1005 -2.2842 -1.7233
v  -0.8367 1.0084 -1.7189
v  -1.0506 -1.7764 -1.8219
v  -1.0290 -1.9805 -1.8525
v  2.8229 -2.0560 -1.7014
v  2.8327 -2.1528 -1.7731
v  2.8456 -2.2041 -1.6920
v  -0.9931 -0.5003 -1.7228
v  -0.9987 -0.4849 -1.7885
v  2.4567 0.6585 -1.7770
v  2.4908 0.6833 -1.7475
v  2.4789 0.5867 -1.7238
v  2.4561 0.6111 -1.7659
v  3.3265 -1.7568 -2.0796
v  3.6035 -2.2218 -1.7251
v  3.5028 -2.2098 -1.7739
v  3.5183 -2.2181 -1.6044
v  0.5512 2.0976 -1.8681
v  0.6567 2.1015 -1.7858
v  0.8431 2.0903 -1.7767
v  3.3064 -0.8684 -1.4252
v  -0.5442 -2.0985 -1.7470
v  -0.4843 -2.1401 -1.7240
v  1.7178 -2.1346 -1.7303
v  0.5612 -2.0189 -1.7570
v  0.8368 1.2545 -1.7394
v  0.7878 1.1185 -1.7332
v  3.0644 -2.0611 -1.7491
v  3.0743 -1.9984 -1.7315
v  3.0976 -2.0202 -1.7512
v  -2.1013 -1.3315 -1.4053
v  -2.1012 -1.3335 -1.6359
v  -2.1000 -1.7483 -1.4013
v  0.7319 2.2248 -1.6700
v  0.7971 2.2268 -1.6718
v  0.7552 2.2698 -1.6994
v  -1.0331 -0.5886 -1.6459
v  -1.0305 -0.6269 -1.6576
v  -1.8390 -2.4356 -1.4019
v  -1.9716 -2.4380 -1.7204
v  -1.8389 -2.4360 -1.6200
v  -0.7146 0.9949 -1.7022
v  -0.7692 0.9918 -1.7270
v  -0.7156 0.9373 -1.7433
v  -1.9257 -0.5988 -2.0368
v  -1.9094 -0.9142 -2.0721
v  -1.9160 -0.8338 -2.0385
v  -1.9315 -0.0743 -2.0379
v  -1.9922 0.1836 -2.0377
v  -1.9170 0.2887 -2.0341
v  0.3116 -0.1999 -1.7355
v  -1.0318 0.1803 -1.7697
v  3.4984 -0.0828 -2.0778
v  3.4991 -0.4443 -1.7810
v  2.0603 1.1286 -1.7602
v  2.0415 1.0921 -1.6897
v  1.1441 -2.0543 -1.7558
v  1.1598 -2.0563 -1.7336
v  1.1671 -2.2106 -1.7369
v  -1.1802 -2.0288 -1.6960
v  -1.0370 0.6956 -1.8662
v  0.1499 0.7867 -1.7318
v  1.4407 1.9517 -1.8515
v  1.6284 1.8576 -1.8629
v  1.3391 1.9402 -1.8606
v  -1.2222 -1.1756 -1.7314
v  -1.2126 -1.2229 -1.7196
v  -1.2334 -1.2153 -1.7420
v  0.8892 -0.2086 -1.6829
v  0.2137 -2.1322 -1.6914
v  0.2124 -2.1753 -1.7334
v  3.7145 0.3705 -1.7220
v  -2.1184 -2.1868 -1.4067
v  -2.1156 -2.2327 -1.4024
v  -1.8426 -2.2302 -1.4175
v  2.2306 -0.3240 -1.7219
v  2.2504 -0.3609 -1.7191
v  2.2120 -0.2901 -1.7739
v  2.3835 -0.1335 -1.7022
v  3.2533 -0.0811 -1.4316
v  3.2586 -0.4298 -1.4257
v  -0.8085 -2.3955 -1.5812
v  -0.7639 -2.0149 -1.5765
v  2.4722 0.7716 -1.5795
v  2.4964 0.7426 -1.8646
v  2.3161 -0.3037 -1.7592
v  2.3370 -0.2542 -1.7052
v  2.3446 -0.3236 -1.7164
v  -1.0259 -1.9099 -1.7160
v  -1.0192 -2.1264 -1.8398
v  0.1700 -2.0530 -1.6958
v  0.1623 -2.0655 -1.7334
v  3.4572 -2.0929 -2.0781
v  3.4636 -1.8583 -2.0367
v  3.4544 -1.6395 -2.0531
v  0.6595 1.7587 -1.7221
v  0.6449 1.7718 -1.7542
v  -0.9024 -0.1321 -1.7443
v  -0.8311 -0.0934 -1.7394
v  -0.9988 0.0742 -1.7593
v  -0.9976 0.0639 -1.7158
v  -0.9286 0.0137 -1.7655
v  0.6774 2.0465 -1.7715
v  0.9125 2.0430 -1.6921
v  0.8655 2.0437 -1.5835
v  2.2817 -1.1846 -1.7087
v  2.2357 -1.2255 -1.7150
v  2.2692 -1.2275 -1.7150
v  -1.8559 -0.8623 -1.4289
v  -1.8601 -0.8549 -1.3913
v  -0.9777 0.5892 -1.7008
v  -0.9819 0.5506 -1.7540
v  -0.9988 0.5785 -1.7018
v  -0.8105 -0.4020 -1.8704
v  -0.7650 -0.1210 -1.8741
v  1.9010 1.4168 -1.6925
v  -0.3373 1.4203 -1.7152
v  -0.3125 1.3997 -1.7495
v  3.3069 -1.4393 -1.4010
v  3.3128 -2.1457 -1.3993
v  0.8265 1.7463 -1.7002
v  0.8318 1.7469 -1.7607
v  1.2156 -1.3882 -1.7696
v  1.2847 -1.3615 -1.7453
v  1.2620 -1.5598 -1.7701
v  -0.9708 -0.0734 -1.6700
v  -0.9262 -0.0708 -1.7225
v  -0.8772 -0.0349 -1.6937
v  -1.8236 0.5102 -1.7997
v  -1.7657 0.4714 -1.7700
v  3.2067 -2.0731 -1.7283
v  3.2037 -2.0333 -1.8134
v  3.2044 -2.0677 -1.7867
v  2.3307 -1.2276 -1.7163
v  2.3808 -1.2421 -1.7149
v  2.3974 -1.2440 -1.7429
v  2.3669 -1.2202 -1.7117
v  -1.8126 0.4793 -1.7676
v  -0.8063 1.0548 -1.7450
v  -0.8026 1.0957 -1.6858
v  2.8822 0.3787 -1.7026
v  2.8832 0.3955 -1.7124
v  -2.0442 1.1210 -1.7200
v  -0.9838 -1.6033 -1.7147
v  1.6529 1.7788 -1.6988
v  1.6381 1.8020 -1.8608
v  1.7579 1.7067 -1.7201
v  2.4416 -0.9414 -1.6182
v  2.4239 -0.8280 -1.6717
v  -0.1808 -1.5497 -1.6893
v  0.8887 1.7333 -1.8460
v  0.8913 1.7275 -1.7500
v  0.9262 1.7344 -1.7600
v  2.3595 0.4890 -1.7199
v  2.3718 0.4598 -1.6988
v  2.3587 0.5259 -1.6956
v  -0.6140 1.3066 -1.7503
v  -0.6225 1.1920 -1.7586
v  0.2933 0.8428 -1.7083
v  0.2847 0.8789 -1.7545
v  0.4848 0.8772 -1.7484
v  2.3065 -1.2358 -1.7406
v  2.2833 -1.2848 -1.7193
v  0.9995 0.8597 -1.7126
v  0.7567 -2.0275 -1.7609
v  0.7404 -2.0288 -1.6964
v  0.9218 -2.0190 -1.6910
v  -0.9240 -1.9901 -1.7549
v  2.1616 -0.9135 -1.5849
v  2.1602 -1.3428 -1.5849
v  2.1972 -0.8052 -1.5862
v  2.3334 0.4165 -1.7672
v  2.3294 -1.4515 -1.7183
v  2.3705 -1.4846 -1.7338
v  -1.9927 0.6562 -2.0289
v  -2.0120 0.6559 -2.0553
v  1.2459 -1.7146 -1.7221
v  3.1824 -2.1620 -1.6462
v  2.3986 -0.1120 -1.7526
v  2.4101 -0.1993 -1.7456
v  3.4403 0.3849 -1.4183
v  3.3894 0.5023 -1.3862
v  3.4097 0.2198 -1.4205
v  -0.7623 -1.3212 -1.7441
v  -0.7590 -1.5186 -1.7104
v  2.4494 -1.5050 -1.8570
v  2.8907 0.3763 -1.6848
v  2.9852 0.3725 -1.6928
v  2.9760 0.4175 -1.7010
v  -0.8204 1.1193 -1.7081
v  -0.7751 1.1414 -1.7017
v  0.9042 -0.7530 -1.7375
v  0.9057 -0.2437 -1.7374
v  0.9216 -0.7854 -1.7433
v  0.6780 2.1550 -1.6608
v  0.7658 2.1734 -1.6840
v  -1.1143 -1.1980 -1.7427
v  -0.8143 -1.5406 -1.7474
v  -0.8095 -1.4748 -1.8716
v  -1.9836 -0.6706 -1.4347
v  -1.9809 -0.9809 -1.4348
v  -1.9244 -0.8402 -1.4250
v  -0.8067 0.0541 -1.8675
v  -0.9281 -1.6698 -1.7844
v  -0.9451 -1.6537 -1.8034
v  0.1356 -0.2089 -1.7351
v  0.1342 -0.3783 -1.7250
v  0.1491 -0.2129 -1.7372
v  0.3100 0.7286 -1.7288
v  0.3345 0.8103 -1.7309
v  -2.0181 0.7469 -1.8178
v  -1.9698 0.7975 -1.7412
v  -1.9164 0.7585 -1.8455
v  2.2207 -0.1503 -1.7001
v  -2.0153 -1.9363 -1.4273
v  -2.0409 -2.0888 -1.4257
v  -1.9898 -2.0893 -1.4260
v  2.5048 0.4140 -1.7562
v  3.3357 -2.1008 -2.0497
v  1.4769 1.7109 -1.6036
v  1.4805 1.7055 -1.6909
v  1.4760 1.6852 -1.6191
v  -0.9231 -0.6922 -1.7387
v  -0.9288 -0.6973 -1.7755
v  -1.7890 -0.2470 -1.6615
v  -1.7824 -0.1940 -1.6871
v  2.2104 -1.7121 -1.7719
v  2.2334 -1.7071 -1.7156
v  -0.9561 -0.1425 -1.7495
v  2.2187 -0.5858 -1.7056
v  2.2007 -0.5500 -1.6522
v  2.2137 -0.5879 -1.7312
v  -0.3670 -1.2884 -1.7373
v  -0.3642 -1.1995 -1.7256
v  -1.6021 0.3639 -1.7060
v  -1.2323 -2.1294 -1.6984
v  -0.8506 -1.3169 -1.7716
v  0.1515 -2.0130 -1.6910
v  0.2123 -2.0661 -1.7022
v  2.2181 -0.7381 -1.7018
v  2.2808 -0.7683 -1.6986
v  -0.8469 -0.3811 -1.7721
v  -0.8149 -0.3867 -1.7790
v  -1.0540 -1.5035 -1.5800
v  3.2591 0.9886 -1.6129
v  3.3117 0.8939 -1.7388
v  2.3790 -1.4507 -1.7653
v  2.4283 -1.4511 -1.7614
v  2.3482 -1.6139 -1.7129
v  2.3371 -1.6689 -1.7208
v  0.3706 -2.0976 -1.7355
v  1.0312 1.8753 -1.7068
v  1.0082 1.8286 -1.7131
v  1.0224 1.8234 -1.7479
v  -0.9857 -0.2875 -1.7157
v  -0.9620 -0.2614 -1.7365
v  1.5290 1.8570 -1.7244
v  3.2066 -2.1059 -1.7063
v  3.2073 -2.0777 -1.8196
v  3.2026 -0.1784 -1.6386
v  3.2926 -2.0603 -1.4234
v  3.2567 -2.1716 -1.4096
v  3.2690 -1.4084 -1.4102
v  3.2691 -0.9405 -1.4072
v  3.2972 -0.9324 -1.4140
v  3.4050 0.7434 -1.8363
v  3.4664 0.7422 -1.7834
v  3.5304 0.7129 -1.9067
v  3.0943 -2.2186 -1.8826
v  -0.7622 -2.0447 -1.7879
v  -0.7588 -2.0228 -1.7042
v  -0.7677 -1.2719 -1.6217
v  -0.7641 -1.0403 -1.5794
v  -0.7641 -1.4591 -1.5807
v  0.6262 1.8748 -1.7195
v  0.5997 1.9112 -1.7463
v  0.8316 2.3049 -1.7674
v  1.2254 -2.1609 -1.7113
v  1.7682 1.6352 -1.7084
v  1.7886 1.6223 -1.7455
v  -0.7355 1.4113 -1.8684
v  -0.9291 -0.9602 -1.7168
v  0.0019 -0.4277 -1.7412
v  -1.0413 -2.4329 -1.5821
v  -1.0209 -2.3934 -1.5846
v  -1.9160 0.6547 -2.0332
v  -1.8690 0.6496 -2.0838
v  -1.9182 0.3742 -2.0802
v  -2.2700 -0.4105 -1.7363
v  -2.2790 -0.5523 -1.7233
v  0.3214 0.8150 -1.7521
v  -0.9630 -0.8826 -1.7369
v  1.2822 -2.0478 -1.7349
v  0.2798 0.3530 -1.6790
v  0.7121 0.3593 -1.6836
v  0.4846 0.2866 -1.6815
v  -2.0079 -1.9444 -1.3893
v  -2.0052 -2.0875 -1.4106
v  -2.2427 0.3794 -1.6958
v  -2.1423 0.3625 -1.6911
v  -2.0106 0.2480 -2.0381
v  -1.9941 0.2242 -2.0737
v  -0.8906 -1.7213 -1.7510
v  -0.8520 -1.6800 -1.7200
v  0.1575 -2.1677 -1.7356
v  0.0039 -1.5443 -1.6881
v  -0.0380 -1.5483 -1.7789
v  -0.0197 -1.5713 -1.7315
v  2.2899 -0.3804 -1.7025
v  2.3062 -0.3416 -1.7170
v  -0.7712 -0.9358 -1.6276
v  -0.7723 -0.9782 -1.6743
v  -1.0278 0.4147 -1.7710
v  -1.0245 0.3372 -1.8689
v  -1.8664 -0.2233 -1.3915
v  -1.8557 0.3803 -1.3979
v  -0.9390 0.4237 -1.7589
v  -0.8730 0.4206 -1.7724
v  -0.9463 0.3490 -1.7194
v  -1.8101 0.0219 -1.6830
v  3.4972 -1.5774 -2.0781
v  3.4983 -1.5330 -2.0485
v  3.4994 -2.1452 -2.0755
v  0.9198 -1.2748 -1.7250
v  0.9243 -1.3003 -1.7371
v  1.5560 -1.5682 -1.7359
v  1.5915 -1.6333 -1.7397
v  1.6284 -1.5551 -1.6792
v  -0.9883 -1.2421 -1.6885
v  2.2000 -1.9827 -1.6761
v  2.1992 -2.0137 -1.7488
v  2.2292 -1.9851 -1.7316
v  -1.7624 0.7269 -1.8231
v  -1.7583 0.7142 -1.3690
v  2.2576 -1.3736 -1.7108
v  2.3209 -1.3288 -1.6954
v  1.7881 1.5780 -1.7439
v  1.8514 1.5716 -1.7326
v  0.4197 -0.2120 -1.6819
v  0.5870 -0.2098 -1.6399
v  0.4890 -2.0026 -1.7335
v  0.6006 -2.0130 -1.6977
v  2.3053 0.0110 -1.6897
v  2.4483 -0.1957 -1.8303
v  2.7062 -0.1735 -1.7912
v  -2.0132 -0.0437 -2.0512
v  -2.0119 0.0486 -2.0784
v  -2.0118 -0.3108 -2.0531
v  0.8631 -2.0707 -1.7367
v  0.9807 -2.0531 -1.7144
v  -1.0172 -1.1453 -1.7219
v  -0.9930 -1.0843 -1.7228
v  -1.0055 -1.1073 -1.7454
v  3.3916 -1.5933 -2.0797
v  -0.8551 -0.3211 -1.6847
v  -0.8086 -0.3178 -1.6676
v  0.3491 1.8495 -1.7494
v  0.4566 1.7965 -1.7677
v  -1.4333 -2.2428 -1.8518
v  -1.1400 -2.2208 -1.8524
v  -1.0741 -2.2407 -1.8488
v  2.4117 -0.5854 -1.7586
v  0.8584 -2.2853 -1.7541
v  0.7019 -2.2838 -1.7632
v  -2.0143 -1.1927 -2.0377
v  -2.0069 -1.2597 -2.0775
v  -2.0165 -1.5445 -2.0395
v  -2.2120 -1.9174 -1.7312
v  -2.2231 -2.0522 -1.7366
v  -2.2309 -1.9263 -1.7400
v  2.2019 -0.2308 -1.5954
v  2.2035 -0.4002 -1.6647
v  2.2026 -0.2313 -1.6585
v  1.8183 -2.1649 -1.7164
v  1.8005 -2.0979 -1.7470
v  1.8501 -2.1518 -1.7285
v  2.3554 -0.0340 -1.7172
v  2.3871 -0.0787 -1.6985
v  2.4474 -0.0829 -1.6519
v  1.5903 1.4284 -1.6072
v  1.6959 1.3358 -1.8403
v  1.2100 -2.2336 -1.7083
v  1.2415 -2.2825 -1.7037
v  -0.9419 -1.1575 -1.6701
v  -0.9532 -1.1308 -1.7221
v  -0.9355 -1.2107 -1.7024
v  -1.8464 -0.2029 -1.6749
v  -0.7662 -2.0215 -1.7853
v  1.3284 0.0030 -1.7739
v  0.9023 0.3613 -1.7726
v  -1.9910 -0.7406 -2.0796
v  0.6841 1.8303 -1.6701
v  0.6974 1.7712 -1.6620
v  0.7164 1.8390 -1.6882
v  -1.0539 -0.8467 -1.5884
v  -1.0490 -0.9105 -1.6670
v  3.5518 0.0822 -1.7353
v  3.5747 0.1098 -1.7397
v  3.5767 0.0565 -1.7346
v  -1.8577 0.5634 -1.6877
v  -0.5404 1.4710 -1.7335
v  -0.5011 1.4297 -1.7283
v  2.3176 0.2236 -1.7230
v  2.3265 0.1991 -1.6937
v  0.5603 1.9314 -1.7257
v  0.6336 1.8025 -1.7046
v  -0.8091 -0.2323 -1.5774
v  0.5530 2.1458 -1.7940
v  0.6129 2.1176 -1.6645
v  -0.9252 -0.2969 -1.7440
v  -0.9449 -0.2946 -1.7793
v  1.3745 1.5897 -1.5912
v  1.2435 -2.2060 -1.7220
v  3.1743 -2.2341 -1.8888
v  2.1922 0.9300 -1.7071
v  2.1924 0.8943 -1.7535
v  2.1751 0.8632 -1.7140
v  -1.0154 -1.5293 -1.7336
v  0.5208 1.6967 -1.8543
v  0.5644 1.7062 -1.6997
v  3.2058 -2.0586 -1.8283
v  3.1895 -1.9245 -1.8183
v  3.2125 -1.9960 -1.8247
v  -1.0548 0.2702 -1.7709
v  -1.0580 0.3461 -1.8679
v  -1.0558 0.1283 -1.8573
v  1.7466 -2.1360 -1.7423
v  1.7296 -2.0846 -1.7494
v  1.7797 -2.0795 -1.7280
v  1.3107 -2.1763 -1.7219
v  1.3767 -2.2069 -1.7133
v  1.3080 -2.0747 -1.7213
v  -1.7307 0.5192 -1.8530
v  -1.7508 0.4040 -1.8279
v  1.7534 1.7070 -1.7015
v  2.7101 -0.7587 -1.7051
v  2.6834 -0.8007 -1.7217
v  2.7693 -0.8750 -1.7124
v  2.7949 -0.8226 -1.7281
v  -1.3413 -1.4066 -1.7623
v  0.9340 -2.1175 -1.7374
v  -1.0664 -0.1392 -1.6530
v  -1.0334 0.1100 -1.6500
v  0.2707 -2.0488 -1.7251
v  0.3299 -2.0602 -1.6984
v  -0.9467 0.2793 -1.7320
v  -0.4678 1.5037 -1.7267
v  -0.0918 -2.0603 -1.6986
v  3.3762 -0.9462 -1.3916
v  3.3884 -1.2388 -1.3869
v  -0.3444 1.4546 -1.6869
v  -0.3527 1.4996 -1.6941
v  -0.3885 1.4952 -1.6870
v  -0.7113 0.9886 -1.7558
v  2.4586 0.0653 -1.7660
v  1.6088 -1.5938 -1.7400
v  1.6065 -2.0034 -1.7412
v  2.2778 0.2341 -1.7076
v  2.2291 0.1378 -1.7385
v  2.1928 0.1720 -1.7610
v  2.8255 0.3570 -1.6992
v  2.8328 0.0654 -1.7534
v  2.8549 0.1021 -1.7040
v  2.4926 -1.1603 -1.7004
v  2.4803 -1.2252 -1.7710
v  2.4596 -1.2789 -1.7057
v  -0.1826 -0.8257 -1.7262
v  -0.1699 -0.9289 -1.7262
v  -0.1717 -0.7488 -1.7240
v  2.3504 -0.7850 -1.6782
v  0.6700 2.3251 -1.6852
v  -0.0569 1.7303 -1.8374
v  1.0867 -1.3183 -1.7185
v  -0.7589 0.3661 -1.7213
v  1.5962 0.0798 -1.7252
v  1.5895 0.3452 -1.7370
v  1.5942 -0.5449 -1.7362
v  -1.0567 -1.5399 -1.7685
v  0.0002 -2.1938 -1.7043
v  0.0185 -2.1972 -1.7263
v  0.0026 -2.1357 -1.7153
v  -1.0406 -0.4098 -1.8145
v  -1.0117 -0.3963 -1.7874
v  -1.0216 -0.3754 -1.8133
v  -1.0318 -0.3510 -1.8163
v  -0.9947 -1.3038 -1.8016
v  2.4048 -0.9933 -1.7700
v  -1.4799 0.3805 -1.7355
v  -1.4671 0.3708 -1.7413
v  -1.4592 0.3794 -1.6877
v  1.7432 1.4031 -1.7431
v  1.7997 1.4305 -1.7582
v  2.4551 -2.4324 -1.5929
v  2.9608 0.3626 -1.7084
v  2.9566 0.4071 -1.7529
v  2.9643 0.0926 -1.7547
v  -1.7305 -2.2095 -1.7811
v  -1.8539 -2.2041 -1.6803
v  -1.7985 -2.2070 -1.5849
v  2.4041 -1.3773 -1.7522
v  -0.9468 -0.3126 -1.7179
v  1.8465 -2.0587 -1.7294
v  1.8313 -2.1032 -1.7076
v  1.9053 -2.0714 -1.7171
v  2.3588 0.7444 -1.7046
v  2.4247 0.7174 -1.6479
v  2.3816 0.7855 -1.7067
v  -0.2180 -2.0146 -1.7863
v  3.3105 -0.8605 -2.0803
v  -0.5229 -2.2310 -1.7374
v  -0.4807 -2.1973 -1.7387
v  -0.0618 -2.0311 -1.7444
v  -0.6533 -2.0612 -1.7014
v  3.0251 -2.0998 -1.7982
v  3.0358 -2.0973 -1.7234
v  -2.1011 0.6589 -1.3935
v  -2.0509 0.6599 -1.3974
v  -2.0068 0.6653 -1.3725
v  -2.1012 0.0778 -1.4061
v  -2.1028 0.3874 -1.6671
v  -2.1025 0.0363 -1.6724
v  2.4179 -1.9009 -1.7146
v  2.4355 -2.0414 -1.6290
v  2.4322 -1.9045 -1.6693
v  2.2307 0.4413 -1.6987
v  2.1951 0.4048 -1.7076
v  1.0742 -1.1200 -1.7360
v  1.0900 -1.1583 -1.7283
v  3.2575 0.6269 -2.0810
v  3.3264 0.6131 -2.0809
v  -1.4362 -0.9108 -1.7082
v  -1.4238 -0.8612 -1.7454
v  2.3663 0.9838 -1.5798
v  1.7459 1.5742 -1.6960
v  1.6638 1.5173 -1.6914
v  1.6911 1.5149 -1.7142
v  3.3259 0.6356 -1.3902
v  3.3280 0.2560 -1.3905
v  3.3244 0.4318 -1.4307
v  2.2826 -1.3141 -1.7271
v  2.3269 -1.3144 -1.7516
v  2.2277 -0.8658 -1.7595
v  2.2040 -0.9118 -1.7875
v  3.1450 -2.2139 -1.6036
v  3.2072 -2.2261 -1.5951
v  2.6287 -2.1479 -1.7797
v  2.6292 -2.1228 -1.7245
v  2.9708 -0.1200 -1.7126
v  2.9977 -0.0003 -1.7079
v  3.0379 -0.3270 -1.6981
v  3.3512 0.5627 -2.0794
v  -0.7610 -2.4283 -1.5813
v  -0.0940 -2.1512 -1.7010
v  -1.0180 -0.3482 -1.6253
v  -0.9791 -0.4021 -1.6174
v  2.4037 -1.4210 -1.7263
v  2.4253 -1.4953 -1.7005
v  2.4276 -1.4314 -1.7170
v  -0.9755 -1.5668 -1.7381
v  0.9216 -1.5956 -1.7455
v  0.9293 -1.5828 -1.7332
v  0.9194 -1.9953 -1.7450
v  -0.7613 -2.2100 -1.7128
v  -0.7579 -2.2451 -1.7214
v  0.4680 -1.0836 -1.7332
v  -0.5722 1.3983 -1.6924
v  -0.5278 1.4205 -1.7286
v  3.2383 -2.2323 -1.6408
v  3.2354 -2.2978 -1.6289
v  3.2350 -2.2146 -1.3990
v  -0.8741 -0.1971 -1.7219
v  0.3021 -0.2166 -1.7484
v  0.3168 -0.2137 -1.7418
v  -1.6455 0.5617 -1.5743
v  -0.3528 -1.3042 -1.7429
v  0.9479 -2.0931 -1.7120
v  2.3792 -1.6379 -1.7308
v  2.3981 -1.6315 -1.6865
v  -0.0879 0.6644 -1.7414
v  -0.1786 0.5962 -1.7223
v  -0.1822 0.5852 -1.7480
v  -2.2357 -2.0656 -1.7258
v  1.7828 1.3428 -1.7414
v  1.8007 1.3864 -1.6968
v  2.1607 -1.6378 -1.6459
v  2.1577 -1.5403 -1.7497
v  3.2468 -0.4824 -1.8470
v  3.2532 -0.2252 -2.0443
v  3.2521 -0.8731 -2.0381
v  -0.1752 -2.2814 -1.7035
v  -0.1759 -2.2406 -1.6913
v  -1.0340 -0.2629 -1.8075
v  -1.0307 -0.2909 -1.8175
v  -0.8071 -0.7508 -1.6547
v  -1.0182 -0.6486 -1.7802
v  -1.0281 -0.5560 -1.6886
v  -0.0150 -2.0132 -1.6932
v  -0.3768 1.5816 -1.6948
v  -1.1662 -0.8026 -1.7444
v  -1.1053 -0.8629 -1.7326
v  1.2448 -1.5869 -1.7484
v  1.2633 -1.5811 -1.7404
v  -0.9162 -0.8149 -1.7574
v  -0.9320 -0.7716 -1.7691
v  2.2667 0.0355 -1.7549
v  2.2306 0.0744 -1.7030
v  2.3044 0.0626 -1.6996
v  -1.0185 -1.2700 -1.5789
v  -1.0087 -0.9915 -1.7701
v  -1.0172 -1.0711 -1.7153
v  0.4507 1.7157 -1.7567
v  -1.9392 0.7911 -1.7128
v  -1.9899 0.7520 -1.6521
v  -1.9063 0.7569 -1.6690
v  -1.1843 -2.0928 -1.6794
v  -1.1918 -2.1101 -1.7298
v  1.4446 1.6621 -1.5747
v  1.7423 -2.2221 -1.7080
v  -1.0660 -0.1792 -1.5977
v  -1.0775 -0.1854 -1.6274
v  -0.8179 -0.3143 -1.7329
v  -0.7654 -1.9440 -1.6952
v  2.3287 0.0277 -1.7220
v  2.3784 -0.0104 -1.6962
v  0.9414 0.0031 -1.7361
v  0.9985 -0.2102 -1.7404
v  1.1513 0.0138 -1.7356
v  -0.9363 -0.3605 -1.7838
v  -0.8918 -0.4114 -1.8164
v  3.4278 1.1311 -1.6718
v  3.4458 1.1494 -1.7730
v  3.2447 0.5200 -1.6909
v  -0.1734 -1.2896 -1.7367
v  -0.1685 -1.3361 -1.7108
v  -0.1602 -1.3374 -1.7488
v  -0.0020 -1.2136 -1.7296
v  0.0006 -1.3038 -1.7445
v  2.2682 -0.0353 -1.7492
v  2.2860 0.0220 -1.7019
v  -0.8174 -1.9042 -1.7251
v  2.2100 -0.6638 -1.7580
v  -1.0002 -0.0629 -1.7139
v  -0.6084 1.0011 -1.8647
v  -0.6806 0.8648 -1.6950
v  2.2526 -0.9163 -1.7316
v  2.4533 -1.3703 -1.7335
v  0.3369 -2.2353 -1.7200
v  0.2955 -2.2161 -1.7311
v  1.2136 -2.0631 -1.7473
v  2.3635 0.4475 -1.7438
v  1.7029 1.8108 -1.5786
v  1.8184 1.7308 -1.8608
v  2.2169 -1.8414 -1.7162
v  2.2360 -1.8985 -1.7297
v  2.2025 -1.9735 -1.7781
v  2.4172 -0.3221 -1.6830
v  3.6077 0.2615 -1.6681
v  -1.3195 0.5950 -1.5749
v  -1.4124 0.5596 -1.7332
v  -1.2188 0.6235 -1.8566
v  2.2531 -1.1470 -1.7094
v  2.2725 -1.1884 -1.6879
v  -0.9309 -0.6032 -1.7259
v  2.3316 0.5117 -1.7632
v  1.7782 -2.1685 -1.7314
v  -1.0897 0.2256 -1.6922
v  -2.2311 -2.2258 -1.7704
v  1.3890 -1.3406 -1.7156
v  2.1759 -1.0041 -1.8845
v  2.1733 -1.4182 -1.8860
v  -1.0628 0.0783 -1.6045
v  -0.8645 1.0117 -1.6957
v  -1.3737 0.4071 -1.6798
v  -1.4229 0.3661 -1.7458
v  -1.4161 0.3174 -1.7183
v  -1.0448 -1.0263 -1.6731
v  3.3987 -2.1053 -2.0759
v  0.6841 1.7952 -1.7292
v  2.6465 0.3646 -1.7292
v  -1.7956 -2.1050 -1.8190
v  -1.7928 -2.0816 -1.8257
v  -1.7905 -2.1248 -1.8106
v  -1.4651 -1.6257 -1.7221
v  -1.4398 -1.5291 -1.7207
v  2.2898 0.3074 -1.6976
v  -1.9160 -0.4020 -1.3965
v  0.6590 -2.0530 -1.6976
v  0.7071 -1.5561 -1.6950
v  -0.0238 -2.2350 -1.7232
v  -0.2640 1.3684 -1.8626
v  -0.3562 1.2803 -1.7555
v  -0.9971 -0.6921 -1.7380
v  -0.9410 -0.7477 -1.7298
v  1.3951 1.5803 -1.7436
v  -1.3610 -2.2092 -1.5838
v  -1.0952 -2.2413 -1.5844
v  -0.8064 -0.1399 -1.6700
v  -0.8274 -0.1098 -1.7205
v  2.3110 -1.3777 -1.7498
v  2.2667 -1.4224 -1.7639
v  2.2641 -1.3838 -1.7764
v  3.3809 -1.5460 -2.0800
v  -0.5857 1.1524 -1.7382
v  -1.4217 -1.2327 -1.7184
v  -1.4001 -1.2185 -1.7367
v  -0.8365 0.0058 -1.7593
v  -0.8099 0.0840 -1.7592
v  2.4855 0.4206 -1.6977
v  3.3850 0.0830 -2.0568
v  2.2786 -0.2120 -1.7754
v  2.2612 -0.2530 -1.7265
v  -1.8191 -0.0725 -1.6356
v  3.3144 -1.4615 -1.3884
v  -1.9224 -1.5666 -1.3910
v  -1.9210 -2.1064 -1.3900
v  3.4995 -0.5060 -1.7028
v  3.5007 -0.3433 -1.7133
v  2.2228 -1.4747 -1.7073
v  2.2237 -1.5462 -1.6762
v  -1.9188 -1.7871 -1.4271
v  3.2707 -0.0838 -2.0818
v  1.8832 1.5853 -1.6999
v  1.8866 1.4844 -1.7409
v  1.8570 1.4949 -1.7676
v  -0.3284 -2.0495 -1.6954
v  -0.2951 -2.0597 -1.7029
v  -2.1659 0.7101 -2.1027
v  -0.0105 0.2128 -1.7299
v  0.2195 0.2604 -1.7345
v  0.0120 0.3622 -1.7371
v  3.5437 0.0012 -1.7337
v  -0.0198 -1.9965 -1.7354
v  -0.0046 -2.0246 -1.7420
v  2.4404 0.6031 -1.7885
v  2.4451 0.3189 -1.7870
v  2.4551 0.4380 -1.8166
v  1.6128 1.6443 -1.7017
v  1.6821 1.6575 -1.7302
v  1.6997 1.6437 -1.6985
v  -1.7578 0.6626 -1.3789
v  -0.3029 -2.0574 -1.7374
v  -1.0296 -1.2320 -1.6445
v  -1.0338 -1.2822 -1.6654
v  1.1861 -2.2504 -1.7632
v  0.4242 1.9327 -1.7431
v  0.4359 1.8205 -1.7418
v  2.3687 0.3499 -1.6918
v  3.5190 -2.4355 -1.3956
v  0.7109 0.6611 -1.7628
v  0.7073 0.3710 -1.7615
v  -0.9853 -0.8191 -1.6962
v  2.2626 0.2396 -1.7565
v  -0.5462 -1.2928 -1.7263
v  -0.5292 -1.3314 -1.7599
v  3.2858 -0.0648 -2.0548
v  2.4407 -0.4772 -1.6721
v  1.4051 -2.0222 -1.7272
v  1.4135 -2.0222 -1.7401
v  -0.3406 1.4721 -1.7392
v  -0.2870 1.4741 -1.7302
v  -0.2981 1.5510 -1.7262
v  -0.3015 1.5231 -1.7602
v  0.2994 -1.5717 -1.7329
v  0.2968 -1.5404 -1.7781
v  0.3075 -1.5734 -1.7469
v  -1.2976 -1.3279 -1.7281
v  -1.3079 -1.2455 -1.7913
v  0.4145 2.0793 -1.8658
v  -0.5355 1.2314 -1.7551
v  -1.0822 0.7041 -1.5751
v  0.3066 0.3612 -1.7342
v  2.2032 -0.6035 -1.6809
v  2.2519 -0.5837 -1.7255
v  2.2334 -0.6615 -1.7175
v  3.6322 0.2623 -1.7339
v  3.6243 0.3411 -1.7545
v  3.6873 0.2910 -1.7436
v  -0.1316 -1.5262 -1.7434
v  -0.2304 -1.5046 -1.7715
v  3.3802 0.4133 -1.4298
v  3.3818 0.0589 -1.4281
v  2.2101 -1.2346 -1.6911
v  3.1867 -0.2034 -1.7434
v  -1.1095 0.7357 -1.5747
v  -1.1385 0.7156 -1.8634
v  -1.2595 0.6575 -1.8627
v  -1.6783 -2.2404 -1.7113
v  -1.8262 -2.2355 -1.8673
v  -0.5722 1.3738 -1.7499
v  -0.5526 1.3303 -1.7551
v  -0.5490 -0.4134 -1.7260
v  -0.5515 -0.9317 -1.7214
v  -0.5468 -0.4827 -1.7390
v  -2.0475 -1.7285 -2.0495
v  -0.1429 -2.0705 -1.6938
v  1.7965 -2.0570 -1.7348
v  -0.2856 -2.1363 -1.7243
v  1.8926 1.2551 -1.7562
v  1.8937 1.2750 -1.7052
v  -2.0511 -2.0868 -2.0473
v  -2.0997 -2.1663 -2.0428
v  -0.1941 0.5836 -1.7330
v  -0.2368 0.5672 -1.6886
v  2.2519 -1.3309 -1.6876
v  3.3067 1.1377 -1.8046
v  3.3064 1.1130 -1.6662
v  3.3148 1.1823 -1.6750
v  -1.9318 -2.1243 -2.0644
v  -1.9397 -2.0724 -2.0460
v  -1.9046 -2.0442 -2.0604
v  2.2569 0.8844 -1.7355
v  2.1857 1.3362 -1.8447
v  -0.8299 0.4072 -1.7148
v  -0.8076 0.4402 -1.6958
v  0.8548 1.7530 -1.7259
v  0.9641 1.7759 -1.7068
v  -0.3480 1.3849 -1.7206
v  -0.3552 1.3997 -1.7380
v  0.9173 -0.3410 -1.7447
v  0.8021 0.1913 -1.7345
v  0.5468 0.2518 -1.7359
v  -1.0229 -0.0732 -1.5928
v  -0.9187 0.1436 -1.7191
v  -1.4706 -1.0450 -1.7334
v  1.5189 -2.0431 -1.7250
v  1.5742 -2.0527 -1.7352
v  0.4564 1.7282 -1.6941
v  -2.2536 -0.3856 -1.7472
v  -2.2662 -0.4973 -1.7448
v  2.9869 -0.1866 -1.7062
v  -0.5539 -1.8952 -1.7437
v  3.2480 -1.0234 -1.4507
v  -1.8701 -0.8654 -2.0795
v  -1.8609 -1.0788 -2.0807
v  -0.8846 -0.9680 -1.7466
v  -0.8953 -0.8658 -1.7468
v  -0.8752 -0.8457 -1.7313
v  1.7900 -2.0540 -1.7082
v  3.4595 -1.3741 -2.0771
v  3.4982 -1.2259 -2.0772
v  3.3556 -0.4703 -1.4248
v  -0.3454 -0.5618 -1.7340
v  2.6454 0.6160 -1.8640
v  2.6469 0.6571 -1.8618
v  1.6727 1.6716 -1.7002
v  1.7126 1.6844 -1.7495
v  -0.8142 -0.2657 -1.7279
v  -0.8583 -0.3284 -1.7669
v  -0.3696 -2.0141 -1.6925
v  0.6803 0.9256 -1.7411
v  1.7571 -2.0698 -1.7158
v  -1.9999 -1.6613 -1.3906
v  -1.9934 -2.0460 -1.3878
v  -1.9852 -1.8166 -1.4143
v  1.2550 1.6559 -1.8528
v  1.2526 1.6558 -1.7461
v  -1.1989 -2.2419 -1.6678
v  -0.1483 -2.1227 -1.7264
v  -0.8484 -1.3878 -1.7113
v  2.1750 0.6423 -1.7404
v  2.1899 0.5648 -1.7331
v  0.2560 -2.1831 -1.7172
v  0.1339 -1.6144 -1.7272
v  0.1507 -1.6084 -1.7300
v  1.9681 -1.5733 -1.7420
v  0.5191 -2.2408 -1.7031
v  1.8739 -2.2108 -1.7425
v  1.5857 -1.3462 -1.7657
v  0.0078 -1.5033 -1.7690
v  0.0043 -1.3335 -1.7200
v  0.0268 -1.5494 -1.7422
v  -1.7897 -2.1884 -1.8594
v  -1.6768 -2.2108 -1.8620
v  0.1441 -1.7553 -1.7208
v  0.1494 -1.9987 -1.7293
v  -0.4293 -2.2050 -1.7079
v  -0.4252 -2.2306 -1.7378
v  -0.4624 -2.2334 -1.7246
v  1.7710 1.3025 -1.7428
v  2.5886 -2.0681 -1.7446
v  2.8606 0.5474 -1.7258
v  -0.9323 0.9812 -1.8654
v  -1.0218 0.7813 -1.8651
v  1.0196 1.8604 -1.7724
v  1.0084 1.9298 -1.7577
v  1.0430 1.9278 -1.7319
v  -0.8661 -1.7652 -1.7105
v  2.4359 -1.6250 -1.7796
v  2.4326 -1.6245 -1.6651
v  -0.8872 -0.8179 -1.7366
v  -1.0565 -0.4113 -1.6535
v  -1.7807 -2.1195 -1.7461
v  -1.7773 -2.1166 -1.7774
v  -1.9398 -1.4851 -2.0350
v  3.5217 -1.9944 -1.7431
v  3.5747 -2.0897 -1.7495
v  3.5004 -2.0567 -1.7369
v  -1.2520 -1.4092 -1.7391
v  -1.2384 -1.3491 -1.7267
v  -0.8347 -0.0336 -1.7077
v  0.7117 -1.1106 -1.6931
v  0.7394 -1.0826 -1.7029
v  0.7399 -0.4226 -1.7028
v  3.4163 0.8029 -1.7794
v  2.4105 -1.3394 -1.7232
v  2.3789 -1.3172 -1.7495
v  2.4050 -1.3146 -1.7276
v  -0.6177 1.2089 -1.7355
v  3.3757 -1.5355 -1.4272
v  3.3857 -1.6700 -1.3866
v  -1.9185 -0.8036 -1.3935
v  -1.9212 -1.2869 -1.3911
v  -1.9868 -1.7650 -2.0349
v  -1.9573 -1.7278 -2.0530
v  -1.9559 -2.0136 -2.0488
v  -0.8334 -2.0514 -1.7410
v  0.5938 2.3153 -1.7590
v  -0.8169 -0.7770 -1.7365
v  -0.8096 -0.7166 -1.8754
v  -0.8121 -0.8716 -1.7571
v  -0.8624 1.1263 -1.8669
v  -0.0579 -1.5125 -1.6936
v  3.2619 0.0837 -1.3920
v  3.2537 0.2777 -1.4578
v  1.8165 -2.0498 -1.7357
v  -0.8747 -1.6814 -1.8188
v  -0.8733 -1.6990 -1.7979
v  -2.1007 -1.4956 -1.8817
v  -2.1026 -2.1590 -1.7409
v  3.5428 0.4060 -1.7174
v  3.5766 0.4226 -1.7372
v  -1.1928 -1.3519 -1.7506
v  -1.1619 -1.3165 -1.7401
v  -0.3017 0.5666 -1.6910
v  0.4645 -1.3077 -1.7262
v  0.4743 -1.2973 -1.7431
v  3.2734 -1.4066 -1.3978
v  -1.9794 -2.1633 -1.4335
v  -1.9605 -2.1155 -1.4122
v  1.9193 1.1021 -1.8493
v  -1.0151 0.3318 -1.7566
v  1.4195 1.5339 -1.8456
v  1.4603 1.5080 -1.7569
v  2.7894 -0.2715 -1.7160
v  2.7841 -0.3230 -1.7640
v  2.7787 -0.4938 -1.6933
v  -0.9265 -1.8252 -1.7135
v  -0.9659 -1.7764 -1.7292
v  1.4620 1.6393 -1.7651
v  1.5050 1.6595 -1.7551
v  -1.7898 -2.0953 -1.7519
v  -1.7926 -2.1098 -1.7905
v  -1.8087 -2.0679 -1.7265
v  -1.9295 0.2036 -1.3944
v  2.2044 -0.1915 -1.6759
v  -0.7582 0.4097 -1.7104
v  1.5412 -2.0453 -1.7779
v  2.4431 0.2977 -1.7652
v  -0.8484 0.9474 -1.7046
v  -0.8076 0.9091 -1.7406
v  2.2490 -0.4317 -1.6838
v  -0.9820 0.1746 -1.7167
v  -0.9392 0.2207 -1.6908
v  2.4273 0.6938 -1.7344
v  -0.7397 1.2002 -1.7197
v  -0.6641 1.2089 -1.7027
v  2.1278 0.8914 -1.6878
v  0.3273 -2.0462 -1.7362
v  1.7082 -2.0458 -1.6927
v  -1.9061 -1.3541 -2.0742
v  3.2587 -1.1142 -2.0812
v  3.2527 -1.6131 -2.0721
v  3.3369 -1.1524 -1.4247
v  3.3741 -1.2214 -1.4276
v  3.3687 -0.9000 -1.4239
v  -2.0479 0.6457 -2.0757
v  -2.0234 0.5604 -2.0373
v  -2.0436 0.5184 -2.0391
v  1.4960 -2.0725 -1.7322
v  -1.2996 -2.1367 -1.7439
v  -1.2185 -2.1066 -1.7585
v  2.2572 -0.1990 -1.7714
v  0.4246 1.7709 -1.7057
v  0.4741 1.7998 -1.6856
v  -1.8149 -2.0474 -1.8241
v  -1.7921 -1.9731 -1.8069
v  0.0591 1.9342 -1.5800
v  0.0784 1.9476 -1.8649
v  2.2154 -1.0067 -1.7443
v  2.2301 -0.9135 -1.7574
v  2.2609 -0.9404 -1.7650
v  2.2440 -0.9752 -1.7289
v  -0.9122 1.0004 -1.7371
v  -0.9764 0.8495 -1.7058
v  2.9776 -0.5825 -1.7147
v  0.7357 0.6992 -1.7029
v  0.7838 0.8498 -1.7075
v  2.2184 0.0179 -1.7312
v  -0.8702 -0.8881 -1.7334
v  -0.8759 -1.2847 -1.7280
v  -1.3475 -0.2024 -1.6385
v  -1.0721 -0.2189 -1.6477
v  -0.1858 1.8794 -1.5790
v  2.3416 -1.5979 -1.7003
v  2.3734 -1.5695 -1.6973
v  1.4486 1.5245 -1.6165
v  2.1670 -0.3420 -1.5902
v  2.1647 -0.4196 -1.7153
v  2.1622 -0.4943 -1.6693
v  0.5088 1.8698 -1.7352
v  0.5131 1.9231 -1.7223
v  2.2176 -0.2291 -1.7139
v  2.2239 -0.2882 -1.7199
v  3.3960 0.0692 -1.3880
v  2.5165 0.2965 -1.7552
v  2.5117 0.1145 -1.7572
v  -0.8784 0.1192 -1.7053
v  -1.5016 -2.2158 -1.8525
v  -1.7877 -2.1027 -1.8219
v  -0.0048 -1.5708 -1.7218
v  -0.0088 -1.9797 -1.7207
v  -0.0008 -1.8194 -1.7438
v  1.0905 -0.4051 -1.7391
v  1.0872 -0.7626 -1.7276
v  -1.0184 -0.4655 -1.6146
v  0.6439 -2.2487 -1.7617
v  -0.1789 -0.3410 -1.7226
v  -0.5548 -1.3012 -1.7415
v  -1.0218 -0.9324 -1.5941
v  2.8217 -2.2123 -1.7804
v  3.5544 0.1354 -1.7228
v  -2.0041 -2.1011 -2.0798
v  -1.9795 -2.0762 -2.0321
v  -2.0152 -1.1490 -1.4363
v  -2.0358 -1.6168 -1.4316
v  -2.0035 -1.3149 -1.4013
v  0.6142 1.0989 -1.7141
v  0.6058 0.9123 -1.7439
v  -0.8714 0.3520 -1.6985
v  -0.9364 0.3505 -1.6883
v  -0.9214 0.3130 -1.6976
v  -0.9759 -0.0358 -1.7162
v  -0.3436 1.3743 -1.7636
v  -1.9353 0.1105 -1.4486
v  -1.2068 -1.2595 -1.7671
v  -1.1922 -1.3049 -1.7573
v  -1.0426 -0.3945 -1.5954
v  2.4146 -0.0223 -1.7406
v  -0.3396 -2.2296 -1.6954
v  0.5840 1.6444 -1.7040
v  0.6118 1.4917 -1.7174
v  0.6510 1.7208 -1.7483
v  -0.9854 0.4295 -1.7181
v  -0.6632 1.0360 -1.6936
v  0.7624 2.0925 -1.6869
v  -0.5479 1.3537 -1.7251
v  -1.2051 -0.8611 -1.7324
v  1.2435 -0.9103 -1.7264
v  0.7465 -0.2006 -1.6940
v  0.8898 -0.2032 -1.6365
v  0.1369 -2.0014 -1.7230
v  -1.7911 0.4963 -1.8330
v  0.6558 1.9082 -1.7401
v  3.1363 0.4641 -1.7284
v  3.1498 0.4058 -1.8113
v  2.6962 -1.4583 -1.7184
v  2.8380 -1.4497 -1.6990
v  -1.7700 0.5634 -1.5736
v  2.8022 -1.3674 -1.7659
v  -1.3187 -1.2838 -1.6751
v  -0.9411 -1.6052 -1.7295
v  2.4521 -0.1874 -1.6268
v  2.4673 -0.0162 -1.6277
v  3.4435 -0.0785 -2.0779
v  3.4388 0.0344 -2.0429
v  2.2685 -0.3244 -1.7191
v  0.9835 1.6982 -1.8425
v  2.6254 -0.2829 -1.7590
v  2.6780 -0.2992 -1.6949
v  3.5329 0.0784 -1.7137
v  1.8557 1.2495 -1.7323
v  1.9445 1.2744 -1.7117
v  2.3399 0.9469 -1.7407
v  -0.9781 0.0076 -1.7633
v  2.8174 -1.6821 -1.7529
v  2.8065 -2.0617 -1.7706
v  -2.3007 0.2932 -1.7681
v  -2.2332 0.2432 -1.7553
v  3.4402 0.3539 -2.0459
v  0.4496 1.7539 -1.7446
v  0.4956 1.8108 -1.6976
v  -1.3377 0.3740 -1.7567
v  1.9559 -2.0667 -1.7258
v  -0.8565 -1.2139 -1.7493
v  2.2208 -0.7295 -1.7255
v  2.2298 -0.7921 -1.7144
v  2.4462 0.2085 -1.7686
v  2.3519 -0.8097 -1.7553
v  2.3338 -0.7228 -1.7458
v  2.3558 -0.7359 -1.7559
v  -1.8372 -2.2324 -1.4028
v  -0.8599 -0.4513 -1.7600
v  -0.8314 -0.5639 -1.7225
v  0.4877 -0.6233 -1.7323
v  0.6615 -1.1069 -1.6962
v  -1.0329 -0.3788 -1.8220
v  3.2845 -0.9555 -1.3986
v  -0.8120 -1.2102 -1.7414
v  -0.8066 0.1885 -1.7265
v  -0.8312 0.1152 -1.7573
v  2.5734 -0.7914 -1.7278
v  -0.9852 -0.4490 -1.7135
v  3.2114 -1.9402 -1.6559
v  3.1996 -2.0899 -1.6290
v  -0.3947 1.5357 -1.6854
v  -0.8636 -2.0209 -1.7363
v  -0.8546 -1.9675 -1.7626
v  -2.1031 -0.0711 -1.7744
v  -2.1038 -0.3859 -1.7518
v  0.5473 -2.0356 -1.7355
v  -1.0147 -0.3983 -1.6356
v  2.4311 -2.2762 -1.6161
v  2.4539 -2.2117 -1.6094
v  -0.9857 -1.0266 -1.7286
v  -0.5285 1.5207 -1.7548
v  1.9770 1.3167 -1.6752
v  3.5995 0.0911 -1.7243
v  -0.4524 -2.0693 -1.6966
v  -0.0672 -2.0512 -1.7623
v  1.2025 -1.5436 -1.7078
v  -0.7641 -0.1364 -1.7224
v  -0.7725 -0.2408 -1.6904
v  -0.3484 -1.2579 -1.7269
v  -0.8230 -0.4030 -1.7349
v  -1.8934 0.8221 -1.6115
v  2.2116 -1.1363 -1.7803
v  2.2039 -1.2119 -1.8399
v  -0.4332 1.5905 -1.6911
v  -0.3722 1.5824 -1.7424
v  -0.4504 1.5608 -1.7514
v  2.6293 -1.3866 -1.7562
v  2.6961 -1.4282 -1.7432
v  3.3237 0.5350 -2.0475
v  3.2647 0.6738 -2.0509
v  3.4717 0.6701 -2.0656
v  3.3689 -0.8099 -1.3888
v  1.2359 0.1100 -1.7334
v  1.4081 0.2461 -1.7370
v  -0.6125 -1.5503 -1.7618
v  2.0627 -2.0534 -1.7170
v  2.1041 -2.2132 -1.7126
v  2.6456 -1.1500 -1.7595
v  2.7690 -1.1515 -1.7071
v  2.6449 -1.1043 -1.7020
v  0.2560 -1.4167 -1.7567
v  -1.8401 -2.2277 -1.5702
v  -1.8392 -2.2446 -1.5857
v  -0.0545 -1.3313 -1.7451
v  -1.2042 -0.3274 -1.7579
v  -1.2322 -0.3014 -1.7624
v  -1.1407 -0.3484 -1.7723
v  -0.9661 -1.0567 -1.7051
v  -0.9946 -1.0161 -1.7031
v  -0.8261 -0.4005 -1.7556
v  -0.3601 -1.3256 -1.6945
v  -0.8097 -1.0896 -1.8752
v  3.2477 -1.0801 -1.8171
v  -0.1134 -2.1766 -1.7230
v  -0.8630 0.9848 -1.7002
v  2.2746 -1.0611 -1.7199
v  2.2713 -1.0600 -1.7693
v  0.3342 0.3609 -1.7738
v  -1.0536 -1.9398 -1.5790
v  1.4080 0.3611 -1.6856
v  2.2334 -0.2326 -1.7245
v  1.7671 -1.3193 -1.7284
v  1.7702 -1.2708 -1.7285
v  -0.4279 1.7306 -1.8651
v  -0.1756 1.8379 -1.8656
v  -1.5393 -0.1815 -1.7751
v  1.0033 -2.1289 -1.7432
v  0.7426 -2.0131 -1.7545
v  1.5703 1.4484 -1.8444
v  -0.8352 -1.1147 -1.7257
v  -1.0181 -1.5996 -1.7306
v  1.4971 1.7255 -1.5995
v  2.3983 -0.5903 -1.7409
v  -0.5027 1.3666 -1.7113
v  -0.4431 1.4002 -1.7323
v  -0.4583 1.3670 -1.6953
v  -1.0389 -1.1511 -1.6980
v  -0.4807 -2.0667 -1.7187
v  -0.4701 -2.0471 -1.7169
v  -0.0604 -2.2390 -1.6999
v  -1.3116 -1.1990 -1.7388
v  -1.2688 -1.2152 -1.7298
v  -1.2436 -1.2660 -1.7748
v  3.4610 -0.9203 -2.0782
v  3.4447 -1.2668 -2.0554
v  -0.8250 -0.9504 -1.7164
v  -0.4806 1.4189 -1.7034
v  2.2280 -1.7492 -1.7490
v  -0.8504 -1.6566 -1.7762
v  2.2534 -0.5638 -1.7146
v  2.2591 -0.5825 -1.7551
v  -1.0032 0.1894 -1.7218
v  -1.0065 0.1245 -1.7451
v  3.2502 -0.3097 -1.7889
v  3.2087 -2.0291 -1.7960
v  2.2428 0.2676 -1.7343
v  2.4411 -0.6470 -1.6254
v  2.3507 -0.0989 -1.7018
v  2.3435 -0.1169 -1.6811
v  -0.7678 -1.0644 -1.8748
v  2.3533 -1.3847 -1.7170
v  2.4286 -0.6501 -1.6405
v  2.4456 -0.5513 -1.6729
v  2.4570 -1.3702 -1.6255
v  -1.0581 -0.8598 -1.7713
v  2.3410 0.0021 -1.7574
v  2.2595 -1.3040 -1.7180
v  0.1007 -2.2447 -1.7665
v  0.1210 -2.1990 -1.7389
v  0.1126 -2.2168 -1.7074
v  2.6162 -1.2248 -1.7116
v  2.7440 -1.1820 -1.7410
v  2.7352 -1.1891 -1.6875
v  -1.0070 -1.5414 -1.7256
v  -0.6039 1.3710 -1.7201
v  2.1597 -0.3188 -1.7685
v  -0.9979 -1.0032 -1.6665
v  3.6498 0.3085 -1.6809
v  3.6139 0.2475 -1.6826
v  3.3309 -0.3189 -2.0657
v  3.3418 -0.3004 -2.0792
v  1.8395 1.4168 -1.7354
v  0.6742 2.0496 -1.8636
v  0.9321 2.0904 -1.8625
v  0.9808 2.0340 -1.8622
v  -0.7439 0.9138 -1.7240
v  -0.6791 0.9598 -1.7202
v  2.2240 0.9785 -1.7452
v  2.1945 0.3444 -1.7452
v  2.0813 1.0532 -1.7127
v  1.7380 0.5263 -1.6906
v  -0.8787 -1.6363 -1.7384
v  -1.7952 -0.1997 -1.6367
v  2.0112 -0.8553 -1.7052
v  -0.0955 -2.0599 -1.7763
v  0.1490 -0.3713 -1.7408
v  0.1471 -0.4227 -1.7213
v  0.1526 -1.1114 -1.7302
v  -1.0510 0.7166 -1.5810
v  -1.0361 0.7455 -1.7399
v  -0.9726 -0.4476 -1.8270
v  -2.1618 0.2307 -1.7290
v  -2.1351 0.1847 -1.7232
v  -2.1335 0.1856 -1.6775
v  -0.1863 -1.1068 -1.7452
v  -0.1900 -1.1402 -1.7303
v  3.4308 -0.5860 -2.0576
v  0.9090 -0.5634 -1.7279
v  0.9228 -0.5955 -1.7304
v  0.9209 -0.4612 -1.7251
v  2.7877 -2.0773 -1.7748
v  0.6547 1.7634 -1.6693
v  0.6952 1.7694 -1.6008
v  2.4794 -1.3446 -1.7625
v  2.5002 -1.3692 -1.7129
v  1.2564 -0.5353 -1.7267
v  1.2443 -0.5863 -1.7331
v  1.2599 -0.8230 -1.7308
v  2.7781 -0.8457 -1.7491
v  2.4337 -0.2210 -1.6734
v  1.8877 -2.0883 -1.7373
v  -0.3584 -1.7554 -1.7213
v  -0.3540 -1.9781 -1.7192
v  -0.8080 0.4744 -1.7425
v  -0.7875 0.5984 -1.7206
v  2.4566 -2.2240 -1.7499
v  2.5658 -2.2338 -1.6911
v  2.4553 -2.2321 -1.6034
v  1.6244 1.6711 -1.7324
v  3.5166 -0.3726 -1.7287
v  0.9133 -1.3032 -1.7439
v  0.9132 -0.8078 -1.7447
v  1.2435 -0.7590 -1.7429
v  1.2441 -1.0908 -1.7443
v  0.7733 1.7136 -1.7605
v  3.5416 0.2526 -1.7351
v  2.2039 -0.1480 -1.8807
v  2.2073 -0.1933 -1.7913
v  -2.1008 -0.5764 -1.4048
v  -2.1010 -0.8122 -1.4048
v  2.4605 -0.1885 -1.7463
v  2.4537 -0.1019 -1.6888
v  -1.0184 -1.3687 -1.7652
v  0.1871 -2.0256 -1.7401
v  -0.2868 -2.1986 -1.7044
v  -0.8227 0.2388 -1.7173
v  -0.5089 1.4058 -1.6937
v  0.1013 1.5943 -1.8486
v  0.3824 1.8536 -1.7445
v  -0.8821 -1.1308 -1.6590
v  2.4526 -0.2145 -1.6795
v  -1.0565 -1.3409 -1.7315
v  -1.0484 -1.3411 -1.7882
v  -1.0282 -1.3321 -1.8131
v  -0.0083 -0.4843 -1.7444
v  -1.0299 -1.2531 -1.8142
v  -1.0522 -1.2432 -1.7707
v  -1.0565 -1.9869 -1.6346
v  -1.8556 -0.0839 -2.0744
v  -1.8535 0.4981 -2.0733
v  1.4278 -2.0668 -1.7451
v  3.2395 -2.4327 -2.0476
v  3.2351 -2.4361 -1.3971
v  -1.8349 -2.4358 -2.0686
v  -1.8352 -2.4360 -1.8150
v  -2.0559 0.7213 -1.3621
v  3.2642 0.3594 -1.3933
v  -2.2246 0.3254 -1.7640
v  -2.2630 0.4836 -1.7484
v  -2.1463 0.4052 -1.7321
v  1.0993 0.3597 -1.7376
v  -0.9327 -0.3651 -1.7234
v  2.1786 0.8406 -1.7058
v  -1.8307 -0.1735 -1.6551
v  -0.3646 1.4245 -1.7741
v  -1.0269 -2.3791 -1.8731
v  -1.0185 -2.3999 -1.8647
v  -2.0940 -1.4451 -1.3914
v  2.1965 -2.4036 -1.8881
v  1.1145 -2.0996 -1.7333
v  1.1320 -2.2246 -1.7428
v  -2.1142 -2.2279 -1.6546
v  -2.0998 -2.1597 -1.4397
v  0.4300 -1.3534 -1.7499
v  -1.0252 -1.6348 -1.5784
v  -1.0305 -1.4309 -1.6736
v  -0.9874 -0.9213 -1.7666
v  2.9620 -2.2138 -1.6868
v  2.3360 0.1781 -1.7400
v  2.4049 -0.5752 -1.6967
v  0.1495 -1.2932 -1.7409
v  -0.3672 -2.2316 -1.7308
v  -1.0307 0.7307 -1.5773
v  -1.4498 -1.3364 -1.7234
v  0.3238 -0.3976 -1.7211
v  3.1911 0.5569 -1.8559
v  -2.3251 0.3356 -1.6760
v  -2.3178 0.4520 -1.7110
v  -2.3267 0.3789 -1.7612
v  3.3289 0.6708 -1.4292
v  3.4217 0.6700 -1.4142
v  1.4123 1.5127 -1.7234
v  1.4486 1.3647 -1.7388
v  1.9828 1.0313 -1.5975
v  -1.8258 -2.2371 -1.5256
v  -1.8359 -2.2824 -1.5610
v  3.0396 -2.0764 -1.7023
v  0.4478 1.7380 -1.7100
v  1.5583 -2.2270 -1.7445
v  2.6327 -0.2105 -1.6392
v  2.4514 -1.2607 -1.8005
v  2.4301 -1.2595 -1.7079
v  -0.3598 1.5059 -1.7289
v  -1.9204 -1.0812 -1.4254
v  1.9250 1.6433 -1.8609
v  2.9645 -1.9933 -1.8197
v  3.4634 -1.0302 -1.3905
v  3.4639 -1.4961 -1.3895
v  3.4999 -1.1341 -1.3911
v  0.9607 -2.2032 -1.7412
v  -2.0083 -0.3909 -1.4076
v  -2.0180 -0.5856 -1.4381
v  -2.0088 -0.7113 -1.4118
v  -1.4902 -1.3690 -1.7441
v  0.7474 -0.4709 -1.7319
v  -0.9677 -0.4734 -1.6261
v  -0.9095 -0.4571 -1.7002
v  -1.8790 1.1100 -1.7229
v  -1.9596 1.0712 -1.6083
v  2.2128 0.6362 -1.7421
v  2.2239 0.6223 -1.6848
v  -0.8332 -0.3932 -1.7267
v  2.3504 -0.7992 -1.7143
v  2.3402 -0.7516 -1.7141
v  -0.9279 0.2527 -1.7701
v  -0.8812 0.4123 -1.7516
v  -1.2257 -1.0897 -1.7317
v  3.1969 0.5097 -1.8200
v  -1.3783 -1.1734 -1.7113
v  2.0888 0.9633 -1.7212
v  2.1543 0.9198 -1.7445
v  -0.6218 1.2200 -1.6986
v  -0.6408 1.2031 -1.7097
v  2.4524 -0.8467 -1.7713
v  2.2483 -1.5468 -1.7519
v  2.2682 -1.5076 -1.7745
v  -1.8538 -0.9196 -2.0621
v  2.4736 0.0865 -1.7953
v  2.4607 -0.1569 -1.8000
v  0.5169 -0.2130 -1.7762
v  0.6328 0.1208 -1.7752
v  0.7402 -0.1459 -1.7846
v  -0.7868 0.9146 -1.6986
v  1.6824 -2.0795 -1.7425
v  2.4735 0.6931 -1.8014
v  -1.9132 -2.1103 -1.4192
v  -1.9637 0.3928 -2.0422
v  1.0779 -1.5715 -1.7278
v  1.1205 -1.5678 -1.7692
v  2.4584 -1.2528 -1.6857
v  2.2537 -0.6240 -1.7105
v  2.3417 -1.5147 -1.7037
v  2.3845 -1.5069 -1.7067
v  2.8181 -1.5236 -1.7825
v  2.8491 -1.4594 -1.7438
v  2.8401 -1.6774 -1.7807
v  0.9072 -2.0175 -1.7307
v  -0.1226 1.5074 -1.7229
v  3.2038 -1.9471 -1.7596
v  3.1906 -2.0808 -1.8196
v  2.3619 -1.1263 -1.7011
v  2.3703 -1.2084 -1.7230
v  -0.8654 -0.0980 -1.7622
v  1.8971 1.1259 -1.7133
v  2.2385 0.4738 -1.7413
v  2.8228 -0.9866 -1.7595
v  2.8294 -0.9194 -1.7018
v  2.5654 -1.1942 -1.6999
v  1.7976 1.6923 -1.5818
v  2.4511 -0.4132 -1.6792
v  -1.9274 -0.7047 -2.0800
v  2.2448 0.2101 -1.6918
v  2.3002 0.0860 -1.7490
v  2.2041 0.8532 -1.7352
v  2.1784 0.8020 -1.7593
v  0.0296 -2.0610 -1.7028
v  -0.1353 0.6780 -1.7477
v  2.8420 0.4956 -1.7426
v  0.4918 1.8191 -1.7306
v  3.2028 -1.9202 -1.7097
v  3.2065 -1.9852 -1.6614
v  2.4345 -1.8906 -1.8545
v  0.6678 2.3993 -1.7170
v  0.7494 2.3750 -1.7087
v  3.2922 -1.3077 -1.3949
v  3.3246 -1.2699 -1.3884
v  3.3274 -1.0379 -1.3883
v  2.1585 -0.6018 -1.8239
v  -0.7648 -0.3016 -1.5800
v  2.2329 0.8228 -1.7351
v  2.2856 -1.9940 -1.7124
v  2.2850 -1.9737 -1.7654
v  3.3268 -1.6925 -1.3882
v  -1.8544 0.1335 -1.6230
v  -1.8534 -1.0777 -1.7464
v  -2.1561 -0.5324 -1.7446
v  -2.1407 -0.5110 -1.7120
v  -2.1533 -0.5465 -1.7306
v  1.0764 -1.5359 -1.7685
v  1.3493 1.6296 -1.7321
v  0.6535 -1.6889 -1.7034
v  2.7341 -0.2755 -1.7382
v  -0.7736 0.8424 -1.7377
v  -0.7509 0.8224 -1.7150
v  3.4532 -1.6810 -1.4186
v  3.3994 -1.8442 -1.4256
v  3.4666 -1.9700 -1.4202
v  -1.9841 -1.1500 -1.4319
v  1.5643 -1.5396 -1.7749
v  1.6459 -1.5550 -1.7608
v  3.2799 -1.4128 -1.4048
v  -0.8882 -2.0379 -1.7090
v  1.0685 -0.6003 -1.7348
v  -0.9688 -1.1745 -1.7907
v  -0.9951 -1.3229 -1.6867
v  2.3714 -0.0631 -1.6716
v  -0.8183 -1.4135 -1.7325
v  -0.8112 -1.4395 -1.7075
v  -0.8558 0.6398 -1.7518
v  -0.9381 0.6727 -1.7085
v  -0.9434 0.6386 -1.7505
v  -1.0654 0.1156 -1.6794
v  -1.0530 -0.1354 -1.7033
v  -0.3988 -1.3215 -1.7417
v  -0.1614 1.4488 -1.6062
v  0.3023 -1.0131 -1.7210
v  1.6254 -2.1456 -1.7548
v  -0.2050 -1.3341 -1.7193
v  -1.9932 0.6026 -2.0387
v  2.2651 -1.1150 -1.6779
v  2.2675 -1.1519 -1.6869
v  3.4221 1.0024 -1.5984
v  2.3449 -1.3995 -1.7014
v  -1.3485 -0.3638 -1.7357
v  -0.4435 -2.0570 -1.7299
v  -0.4427 -2.1172 -1.7031
v  2.2827 -1.6960 -1.6947
v  2.2640 -0.4084 -1.6997
v  2.2856 -0.4052 -1.6986
v  3.4560 -1.6070 -2.0789
v  2.4031 -0.6422 -1.6987
v  2.4277 -0.6881 -1.6818
v  2.4308 -2.3906 -1.8632
v  2.4317 -2.1920 -1.7770
v  -2.0094 -1.8660 -2.0794
v  -2.0161 -1.8152 -2.0432
v  0.5650 1.6984 -1.7474
v  0.6102 1.5190 -1.7545
v  -1.2194 -0.8131 -1.7371
v  -0.8126 -0.6651 -1.7284
v  3.4979 -2.0707 -1.8830
v  2.1603 -0.7173 -1.6557
v  1.4064 -1.7655 -1.7449
v  1.4008 -1.8573 -1.7434
v  -1.0603 0.6088 -1.7218
v  -1.0720 0.3759 -1.6874
v  -1.8535 -2.1617 -2.0378
v  3.1056 0.5302 -1.5797
v  -1.0569 -0.5221 -1.7805
v  2.0260 -0.8443 -1.6377
v  0.3921 0.8911 -1.6972
v  -1.8528 -1.7429 -2.0556
v  3.4250 -1.5137 -2.0528
v  1.9493 0.3198 -1.7289
v  2.3705 -0.9628 -1.6912
v  2.3603 -1.0794 -1.7080
v  2.3730 -0.9770 -1.7165
v  2.1924 0.1720 -1.6059
v  2.1939 0.0389 -1.6895
v  -0.7648 -0.0470 -1.7085
v  -0.9796 -0.4118 -1.8005
v  1.6084 -0.3661 -1.7413
v  2.5385 -1.2422 -1.7102
v  2.2839 -2.0190 -1.7676
v  0.1196 -0.2161 -1.7743
v  -1.0032 -1.2700 -1.7082
v  1.4025 1.9624 -1.5797
v  1.2633 2.0096 -1.8632
v  2.2631 0.9906 -1.7389
v  1.8111 -2.0744 -1.7224
v  3.5043 0.0717 -1.6752
v  -0.1693 -2.2301 -1.7347
v  -0.1189 -2.2310 -1.7162
v  2.2158 -1.5553 -1.7604
v  2.2420 -1.5184 -1.7740
v  2.1432 0.7187 -1.6035
v  2.1900 0.5440 -1.6021
v  -1.7864 -0.1831 -1.6527
v  -1.4031 -0.1811 -1.6525
v  -0.8312 0.6267 -1.7132
v  1.4033 -1.6579 -1.7263
v  -2.0108 1.1096 -1.7945
v  1.6004 -0.8816 -1.7447
v  2.7974 -1.0920 -1.7452
v  -2.0187 0.8155 -1.6425
v  -0.3320 -2.1297 -1.7292
v  -0.7713 -1.3743 -1.6401
v  2.4523 -0.0110 -1.6764
v  -0.3669 1.4973 -1.7386
v  2.1501 0.3994 -1.7340
v  2.1515 0.3893 -1.7537
v  2.1496 0.3846 -1.7273
v  0.4337 -2.1579 -1.7341
v  0.3744 1.8080 -1.7092
v  1.3956 -0.8018 -1.7428
v  1.4122 -0.9303 -1.7397
v  1.4112 -1.1882 -1.7432
v  1.4008 -1.1447 -1.7282
v  2.8474 -2.0463 -1.7864
v  3.2763 -1.9684 -1.4018
v  0.1790 0.8258 -1.6902
v  0.4901 1.9435 -1.7427
v  2.3757 -1.2243 -1.6762
v  3.0888 -1.9803 -1.6938
v  -0.5627 -0.7642 -1.7426
v  -0.5468 -0.9462 -1.7368
v  -0.5601 -0.9117 -1.7411
v  -1.8591 -0.6771 -2.0761
v  -2.0207 -0.0556 -2.0350
v  -2.0189 -0.4299 -2.0356
v  2.2624 0.8502 -1.7202
v  2.2742 0.7852 -1.7490
v  -0.6407 1.3758 -1.7491
v  -1.7585 0.3974 -1.7459
v  -2.0078 -0.5382 -2.0793
v  2.3594 -0.2788 -1.7548
v  0.5386 2.3128 -1.7149
v  -1.5098 -1.1996 -1.7326
v  1.4009 0.3585 -1.6360
v  1.4043 0.0916 -1.6352
v  3.3935 -2.1194 -1.3831
v  2.8072 -2.2376 -1.8328
v  2.1326 0.8302 -1.6998
v  1.2358 -2.0178 -1.7739
v  -0.9248 0.2575 -1.7486
v  3.2508 -0.8082 -1.5105
v  3.4003 -1.2249 -1.4189
v  3.3995 -1.4659 -1.4252
v  1.5924 -1.3266 -1.7383
v  2.1946 -1.0989 -1.6185
v  -0.6583 1.3915 -1.7000
v  0.4077 -2.1030 -1.7407
v  2.4754 0.3746 -1.6134
v  -0.6554 1.0348 -1.7667
v  -0.1454 1.4561 -1.7810
v  -0.0703 1.5014 -1.8564
v  0.5880 0.0234 -1.7035
v  -2.1688 0.2790 -1.7836
v  -0.3695 -1.3661 -1.7697
v  -0.3775 -1.5255 -1.7857
v  2.1069 1.1428 -1.7237
v  0.7972 1.4353 -1.7492
v  2.2781 -0.0378 -1.7339
v  -0.7641 0.7740 -1.7180
v  -0.9264 -1.0688 -1.7231
v  0.8716 -2.2331 -1.7398
v  2.5744 -1.1913 -1.7237
v  2.2756 -1.8250 -1.7282
v  2.4424 -0.2483 -1.7793
v  1.5865 -2.1840 -1.7264
v  1.6161 -2.0515 -1.7247
v  3.2510 -0.1859 -1.4988
v  1.8031 -1.2075 -1.7249
v  -0.8608 0.3835 -1.7043
v  -1.8326 -2.2429 -1.7136
v  1.4140 -1.2379 -1.7312
v  -0.8920 -2.0259 -1.7341
v  -0.1856 -1.5721 -1.7410
v  1.6565 1.5573 -1.7799
v  1.6637 1.5667 -1.7465
v  2.1570 0.5141 -1.6039
v  2.1483 0.3980 -1.6980
v  3.5195 -2.2390 -1.3954
v  3.4972 -2.1770 -1.3994
v  0.0120 1.9704 -1.8657
v  1.2428 -0.2070 -1.6848
v  2.7452 -0.1960 -1.7451
v  2.2171 1.1315 -1.7313
v  -0.2839 -2.1954 -1.7369
v  -0.2424 -2.2060 -1.7327
v  2.3398 -0.1620 -1.7674
v  2.3664 -0.0746 -1.7740
v  -1.8677 0.0930 -2.0813
v  3.1125 0.5344 -1.7493
v  3.1536 0.5135 -1.7707
v  2.3486 -1.6977 -1.7655
v  2.1980 -1.6257 -1.8206
v  2.0287 1.3802 -1.7522
v  2.0750 1.3502 -1.7234
v  3.2928 -0.4214 -2.0599
v  -0.0309 -2.0757 -1.7128
v  1.4531 1.7977 -1.6979
v  -0.7666 -1.3414 -1.8723
v  2.7200 -0.2067 -1.8055
v  -0.9284 -0.1475 -1.7273
v  0.4676 -1.5761 -1.7285
v  0.4905 -1.6035 -1.7227
v  -0.9370 -0.2849 -1.7053
v  3.3348 -1.5008 -1.4240
v  1.0863 1.6715 -1.6774
v  -0.4294 -2.1898 -1.7367
v  0.9693 1.7963 -1.7160
v  -2.0981 -0.1312 -1.3912
v  -0.8032 0.4369 -1.5847
v  -1.1942 -1.2906 -1.7400
v  3.5076 0.3158 -1.7651
v  0.1324 -1.0640 -1.7352
v  0.1344 -0.9449 -1.7378
v  1.7876 1.4472 -1.6966
v  2.3311 0.2296 -1.7450
v  2.3886 0.2674 -1.7180
v  0.1185 -1.3279 -1.7418
v  0.1710 -1.3393 -1.7276
v  0.1075 -2.1722 -1.7249
v  -1.0308 -1.0565 -1.6384
v  -0.1880 -0.7912 -1.7341
v  -0.3520 1.4724 -1.7509
v  -0.8188 -0.7204 -1.6960
v  2.4149 -1.0027 -1.7387
v  2.1332 1.0216 -1.7139
v  -0.2036 -2.2031 -1.7406
v  2.3754 -0.6804 -1.7245
v  3.2661 -1.5555 -1.4018
v  -0.9519 -1.6023 -1.6696
v  -0.9369 -1.5781 -1.6717
v  -0.9318 -1.5198 -1.6693
v  -0.1739 0.0175 -1.7219
v  2.0679 1.0972 -1.7027
v  2.2687 1.0170 -1.7029
v  1.3949 -2.1728 -1.7134
v  3.3957 -0.4312 -2.0801
v  0.2008 1.6727 -1.6127
v  0.4715 1.7317 -1.6006
v  0.3533 1.7151 -1.7107
v  1.3941 1.7755 -1.7619
v  -0.5903 1.4508 -1.7338
v  -0.5584 1.3952 -1.7567
v  -0.5256 1.5246 -1.7252
v  -0.5277 1.4775 -1.7228
v  1.4925 1.7357 -1.8205
v  1.4398 1.6526 -1.8212
v  1.1090 -2.1738 -1.7114
v  3.4155 0.7491 -1.6512
v  1.8006 1.3758 -1.6855
v  -1.0571 -0.5399 -1.6841
v  -1.0342 -0.5323 -1.6602
v  1.8197 0.4474 -1.7506
v  0.7510 -2.2400 -1.7549
v  3.3683 -1.3540 -2.0790
v  1.8410 -1.3796 -1.7018
v  1.8180 -1.4494 -1.7743
v  -1.8547 0.3520 -1.7146
v  -0.1272 1.4975 -1.8644
v  1.0839 -1.5892 -1.7444
v  -1.0484 0.2752 -1.6703
v  0.6762 -0.8646 -1.7685
v  0.7120 -0.5119 -1.7708
v  0.7347 -1.0125 -1.7654
v  -2.0107 0.4023 -1.4331
v  -1.4689 -0.0047 -1.7522
v  -1.4643 0.2697 -1.7468
v  3.3227 -2.1054 -2.0767
v  -0.5249 1.3255 -1.6920
v  0.7357 0.3768 -1.7112
v  0.6474 0.3720 -1.7068
v  0.7433 0.3583 -1.7389
v  2.1590 -1.5968 -1.8886
v  2.2672 -0.6939 -1.6906
v  2.2008 -1.2638 -1.5860
v  2.1979 -0.8149 -1.6456
v  3.4999 0.5154 -2.0834
v  -1.9399 -1.1701 -2.0799
v  -1.9405 -1.1228 -2.0781
v  -1.9317 -1.1240 -2.0786
v  0.0169 1.5861 -1.6889
v  0.0487 1.6064 -1.8623
v  2.2845 -0.3637 -1.6757
v  2.4253 -2.3906 -1.7232
v  2.3465 -0.6911 -1.7185
v  2.3467 -0.7398 -1.7012
v  2.3465 -0.7315 -1.6833
v  2.3646 -0.8114 -1.7008
v  -2.1144 -2.4360 -1.3998
v  -2.1029 -0.3531 -1.7301
v  2.2031 -1.3656 -1.8832
v  -0.6680 1.2952 -1.7413
v  3.2944 0.7652 -1.7071
v  2.4042 -0.6090 -1.7221
v  3.3872 -0.1858 -2.0717
v  2.3587 -1.0874 -1.7362
v  2.2752 -0.4206 -1.7298
v  3.2497 0.6695 -2.0159
v  3.2507 -0.1738 -1.6945
v  -0.9021 -0.9842 -1.7277
v  2.3844 -1.2565 -1.7501
v  -0.8273 0.4385 -1.7286
v  0.1010 -2.1146 -1.7130
v  2.3016 0.7710 -1.7225
v  2.3158 0.8393 -1.7203
v  0.5570 -2.1950 -1.7095
v  0.7453 -0.5674 -1.7564
v  0.7455 -1.2231 -1.7183
v  0.3206 0.3685 -1.7172
v  -0.5628 0.3449 -1.7249
v  -0.6686 0.8299 -1.8632
v  -0.7284 0.6793 -1.7197
v  -0.7585 0.5795 -1.8646
v  0.7395 0.4657 -1.7526
v  -0.9900 -1.6904 -1.6964
v  -0.9974 -1.8397 -1.7388
v  -0.9963 -1.8704 -1.7131
v  2.2906 0.6920 -1.6795
v  -2.0017 -2.1019 -1.3924
v  -1.0532 0.5033 -1.7771
v  -0.9928 0.2581 -1.7725
v  1.4128 -0.2221 -1.7327
v  -0.5551 -1.6313 -1.7226
v  0.1286 -1.5276 -1.6853
v  0.1372 -1.3346 -1.7166
v  -1.0248 -1.5281 -1.7833
v  1.2999 0.3599 -1.6822
v  -1.9337 0.5040 -1.4512
v  3.4679 -1.0726 -1.4086
v  3.4705 -1.5383 -1.4070
v  2.8732 0.0702 -1.7376
v  2.4267 -1.5172 -1.6069
v  -1.0547 0.8192 -1.5741
v  0.8608 -2.1639 -1.7085
v  0.8725 -2.1830 -1.7223
v  -2.0998 -0.8997 -1.9354
v  -2.0993 -1.4297 -2.0620
v  2.1999 -0.5163 -1.5899
v  2.5084 -0.3627 -1.7119
v  2.5219 -0.3067 -1.6884
v  1.0719 -2.0609 -1.7531
v  2.2828 0.8741 -1.7306
v  -1.3408 -1.3350 -1.7248
v  -0.8507 -1.3427 -1.7137
v  -0.9651 0.0845 -1.6998
v  -0.0067 -0.2106 -1.6396
v  0.0095 -0.2091 -1.6863
v  -0.9463 -0.8137 -1.7529
v  3.3911 -1.1379 -2.0781
v  2.3345 -0.4202 -1.6870
v  2.3596 -0.3508 -1.6871
v  -1.2777 -0.3460 -1.7093
v  0.4731 -1.0377 -1.7243
v  -0.1563 -2.2005 -1.7445
v  -0.1374 -2.2218 -1.7256
v  -0.1904 -2.1898 -1.7249
v  2.1570 -1.9181 -1.8887
v  1.7806 -0.8706 -1.7270
v  3.6805 0.3243 -1.7164
v  -2.1030 0.4532 -1.7797
v  2.0813 0.8762 -1.7271
v  2.1242 0.9072 -1.7694
v  0.4849 -1.9873 -1.7450
v  0.8265 -2.2101 -1.7154
v  -1.0424 0.1329 -1.8063
v  -1.0311 0.1159 -1.8680
v  0.6014 2.2348 -1.6696
v  -0.7616 0.3899 -1.7455
v  -0.9662 -1.8662 -1.7326
v  1.9136 1.3005 -1.6845
v  -1.1905 -2.0468 -1.8110
v  -1.3785 0.5725 -1.8622
v  -1.3854 0.6125 -1.8556
v  -0.8090 -2.3992 -1.8741
v  -1.9839 -0.5604 -2.0380
v  0.1345 -0.3105 -1.7371
v  -1.0612 -0.3728 -1.7145
v  -1.0103 -0.3688 -1.7174
v  -1.0021 -0.3193 -1.7139
v  -0.6882 0.8521 -1.6012
v  -0.7918 0.5969 -1.5874
v  0.4865 -1.2097 -1.7293
v  0.4781 -1.0518 -1.7452
v  2.4153 -0.2622 -1.6839
v  -0.0348 0.7171 -1.6885
v  0.1270 0.7730 -1.7288
v  -0.9794 -1.9768 -1.7313
v  -0.4595 1.2945 -1.7134
v  -0.9870 0.2067 -1.7583
v  2.1972 -1.2085 -1.6536
v  2.2150 -1.1747 -1.7053
v  -0.7660 -1.6362 -1.6844
v  -0.7694 -1.7672 -1.8741
v  -2.1279 0.4277 -1.6803
v  1.9360 0.3668 -1.6857
v  2.2708 0.8397 -1.7088
v  2.2892 0.8030 -1.7642
v  0.7512 -0.2094 -1.7487
v  -2.1030 -0.4980 -1.6764
v  0.5384 1.8873 -1.7159
v  -0.8349 -1.4193 -1.7336
v  -1.5982 -0.2107 -1.6471
v  -0.2817 -2.0336 -1.7551
v  2.9118 0.4322 -1.7066
v  0.9187 -1.9659 -1.7230
v  2.2525 -0.9433 -1.6740
v  1.1380 -2.0468 -1.7327
v  0.6545 -0.2202 -1.7719
v  -0.9957 0.3902 -1.7172
v  -0.9828 0.4046 -1.7600
v  -2.0011 -1.5474 -1.3875
v  -1.9924 -1.1824 -1.3888
v  0.9561 1.9759 -1.7428
v  -0.9392 0.1338 -1.6967
v  2.2017 -0.1480 -1.6607
v  3.3588 -0.3728 -1.3918
v  2.9086 0.4436 -1.7414
v  -2.0105 -0.3525 -1.3941
v  -1.9884 -0.5708 -1.3887
v  -1.9875 -0.1875 -1.3938
v  2.2411 -0.8533 -1.7276
v  2.2594 -0.8622 -1.7189
v  2.4441 0.6104 -1.8363
v  1.2381 -2.2287 -1.7294
v  -1.0709 0.3675 -1.7134
v  2.4471 0.5549 -1.6105
v  -1.9804 -2.1670 -2.0489
v  -1.8308 -2.1847 -2.0448
v  -1.8971 -2.2305 -2.0388
v  -0.6533 1.3305 -1.7238
v  -1.0625 0.2820 -1.5869
v  -0.9695 0.0071 -1.7217
v  3.6068 0.0555 -1.7294
v  3.6359 0.1570 -1.7447
v  0.1429 -1.0494 -1.7212
v  3.0477 -1.9270 -1.7465
v  3.0239 -1.9037 -1.7715
v  3.0648 -1.9426 -1.7580
v  -1.4308 -1.0888 -1.7489
v  -0.4722 -2.1774 -1.7236
v  -0.0145 0.4614 -1.7402
v  0.7386 -1.3222 -1.7038
v  3.5519 0.2208 -1.6752
v  2.2539 -1.9297 -1.7154
v  2.4502 -2.4261 -1.8643
v  2.7881 -0.6870 -1.7534
v  -1.4247 0.6025 -1.5759
v  2.5478 -0.2955 -1.7560
v  2.1608 0.8352 -1.7324
v  1.0403 -2.0485 -1.7364
v  1.0963 -2.0487 -1.7281
v  -0.7322 -2.2485 -1.7710
v  0.8371 -2.1474 -1.7410
v  1.9093 1.5942 -1.7414
v  -0.7628 -0.3127 -1.7081
v  -0.7707 -0.3387 -1.6247
v  1.2463 -2.0711 -1.7223
v  1.7280 1.6510 -1.7487
v  1.6901 1.5657 -1.7518
v  2.2891 -0.3407 -1.7467
v  2.2020 0.1778 -1.7056
v  1.1123 -2.1001 -1.7147
v  -1.6719 -0.4679 -1.7286
v  -1.6314 -0.3283 -1.7351
v  -1.6392 -0.4450 -1.7169
v  -0.9369 -2.0293 -1.7467
v  -0.9337 -2.0539 -1.7445
v  -0.9908 -0.8449 -1.6695
v  0.1536 0.7994 -1.7516
v  2.2750 -0.3893 -1.7480
v  -2.1155 -2.2244 -1.7587
v  -1.1626 -0.4709 -1.7491
v  1.2826 -1.5416 -1.6946
v  -0.9190 -0.2053 -1.7344
v  3.4069 -2.1524 -1.4135
v  2.3350 0.8873 -1.7263
v  3.3047 -1.8934 -2.0518
v  3.2543 0.6730 -1.5508
v  1.5657 1.6728 -1.7009
v  -0.2288 -2.0495 -1.7370
v  -0.1518 -2.0546 -1.7692
v  1.1458 -2.0883 -1.7269
v  -1.0515 -0.1903 -1.7771
v  -0.9561 -1.1899 -1.6585
v  2.7707 -1.4321 -1.6978
v  -0.9980 -0.7919 -1.7662
v  2.5617 -2.0040 -1.7769
v  -1.0595 -0.2985 -1.7784
v  0.4766 -0.7633 -1.7240
v  0.6405 0.4961 -1.7065
v  -1.0509 -1.5570 -1.8309
v  2.1068 -2.2565 -1.7588
v  0.6905 2.1390 -1.7902
v  -0.5081 1.4583 -1.6940
v  -0.7753 1.0221 -1.6807
v  3.0385 -1.9054 -1.6987
v  2.4085 -0.6924 -1.7047
v  -1.8556 -0.3091 -1.4493
v  -0.3672 -2.0519 -1.7828
v  2.1526 0.7167 -1.7408
v  1.8300 -1.1239 -1.7602
v  1.7823 -1.2185 -1.7734
v  -1.4653 -2.0888 -1.7165
v  -1.4332 -1.9878 -1.7156
v  2.4251 -1.2982 -1.6057
v  -1.0302 -1.2448 -1.7019
v  2.0109 -1.1829 -1.7138
v  2.2042 -1.4382 -1.7975
v  -2.1001 -2.0828 -1.3902
v  3.4292 -1.3373 -1.4243
v  1.3842 1.6635 -1.5885
v  1.4821 1.7699 -1.5806
v  -2.0456 -0.9527 -1.4388
v  -2.0507 -1.3734 -1.4364
v  1.1760 -2.1852 -1.7145
v  -1.7508 0.3955 -1.6828
v  2.4486 0.1632 -1.7674
v  -0.9222 -2.2807 -1.7321
v  3.4683 -0.7317 -1.4102
v  -0.5625 -1.5718 -1.7368
v  -1.9177 -0.0103 -2.0803
v  -1.9185 -0.3238 -2.0412
v  -2.0936 0.1808 -1.3909
v  -2.0582 0.0436 -1.3922
v  -2.0573 0.3884 -1.3905
v  1.2563 -0.5932 -1.7425
v  -0.9867 0.2803 -1.6948
v  -0.9929 0.4099 -1.6893
v  1.7892 -2.1094 -1.7366
v  3.4470 0.1501 -1.4260
v  -0.8428 -1.4676 -1.7497
v  -1.0681 0.4592 -1.5841
v  -1.0391 0.2986 -1.5874
v  -0.9726 -0.5887 -1.7118
v  0.4522 1.9062 -1.7212
v  1.7942 1.3305 -1.6699
v  -0.6027 1.5142 -1.7321
v  0.8087 0.3587 -1.6364
v  0.9097 -1.2487 -1.7257
v  3.5614 0.3886 -1.6852
v  0.6554 -0.4081 -1.6984
v  0.7035 -0.3461 -1.6920
v  -1.6714 -0.3062 -1.7038
v  1.7826 -0.9127 -1.7413
v  1.7994 -0.8867 -1.7656
v  0.1974 -1.5219 -1.7087
v  1.6553 1.5523 -1.7619
v  3.3913 -0.0609 -1.4203
v  -0.0107 -0.2172 -1.7727
v  2.1629 -0.4089 -1.8108
v  2.1608 -0.5115 -1.8373
v  1.7525 -1.5743 -1.7610
v  1.8185 -1.5708 -1.7471
v  1.7589 -1.7775 -1.7353
v  2.3824 -1.5516 -1.7124
v  2.3102 -0.3914 -1.7459
v  -1.9807 -0.0372 -2.0446
v  -1.9942 -0.0035 -2.0811
v  -1.0112 -0.2627 -1.7658
v  2.7301 -0.1778 -1.6983
v  2.6073 -1.1201 -1.7808
v  -0.7645 -0.7100 -1.6061
v  -0.7676 -0.8637 -1.6463
v  0.6254 -2.0515 -1.7379
v  1.5712 -2.0627 -1.7243
v  1.9666 0.3952 -1.6896
v  3.3054 0.8237 -1.6357
v  1.7702 0.0919 -1.7227
v  -1.9396 -1.1674 -2.0626
v  -2.1159 -2.4362 -1.7706
v  -1.8290 -2.2319 -2.0658
v  -0.5503 0.1602 -1.7215
v  -1.2397 -0.4880 -1.7448
v  1.6082 -2.2098 -1.7299
v  -0.1690 0.1582 -1.7356
v  -0.1845 0.0153 -1.7468
v  -0.5413 -1.6366 -1.7356
v  3.3044 -1.4804 -2.0788
v  3.2983 -1.5222 -2.0596
v  0.8901 1.3338 -1.7242
v  1.6757 1.3940 -1.8492
v  -0.8076 1.2159 -1.7266
v  -1.3383 -0.1877 -1.6789
v  -1.1003 -0.1935 -1.6727
v  -2.0134 0.2931 -2.0793
v  -0.7750 -0.6376 -1.6857
v  3.2205 1.0030 -1.7813
v  -2.1281 0.0883 -1.6863
v  2.1588 -0.1616 -1.7490
v  1.6086 -2.0476 -1.6971
v  2.3478 -0.2040 -1.6779
v  -0.1872 -0.3809 -1.7374
v  -1.7648 -0.2770 -1.7101
v  0.7488 -2.2492 -1.7023
v  0.7468 -2.0567 -1.7047
v  0.6443 -0.2076 -1.7341
v  0.6472 -0.6211 -1.7117
v  3.1505 0.5290 -1.6660
v  -1.8373 -2.1782 -1.4114
v  3.5086 0.6712 -1.6451
v  -1.4736 0.3332 -1.7493
v  -2.0466 0.4402 -1.4385
v  -0.8657 0.7011 -1.7232
v  1.9479 1.4394 -1.7418
v  -0.5224 1.3078 -1.7356
v  0.2205 -2.2352 -1.7288
v  0.2723 -2.2003 -1.7464
v  -0.3201 -1.5383 -1.7535
v  2.2857 0.6651 -1.7015
v  2.8980 -0.6583 -1.7209
v  1.0925 0.1410 -1.7052
v  1.1023 0.1767 -1.7337
v  2.2845 0.6562 -1.7456
v  2.3165 -0.1098 -1.6933
v  3.1364 0.6732 -2.0965
v  2.2891 -0.9435 -1.7242
v  2.1988 -1.7389 -1.6604
v  1.8247 -1.1807 -1.7191
v  1.8169 -1.1926 -1.5913
v  0.9787 2.0841 -1.7523
v  -1.8524 -1.9262 -1.7109
v  -2.0412 -0.1454 -1.4404
v  -2.0479 -0.0897 -1.3917
v  -0.8060 0.3650 -1.8670
v  1.7673 -1.6370 -1.7229
v  3.6605 0.3914 -1.7186
v  3.3880 0.6011 -1.3942
v  1.5973 -0.9800 -1.7252
v  3.6383 0.3929 -1.6864
v  -0.7004 1.2453 -1.7530
v  2.4525 -0.4919 -1.6925
v  0.6256 1.1514 -1.7496
v  -0.3162 -2.0773 -1.6942
v  -0.1924 0.3508 -1.7282
v  2.2040 -0.8682 -1.6929
v  -2.1474 0.2784 -1.7082
v  1.9378 1.1941 -1.7201
v  -0.4699 -2.0689 -1.7222
v  2.3447 -0.9514 -1.7552
v  0.7101 0.1482 -1.7073
v  1.0269 0.2784 -1.6838
v  2.2964 0.5476 -1.7451
v  2.3330 0.2592 -1.7204
v  0.6174 2.3024 -1.6661
v  3.4961 -1.9253 -1.7701
v  -0.0012 0.3657 -1.6374
v  -0.0075 0.3599 -1.6808
v  -2.0959 -1.7489 -1.3899
v  -2.0578 -2.0658 -1.3881
v  2.8575 -2.0198 -1.6889
v  -1.4063 -1.3413 -1.7317
v  -0.8821 -0.4247 -1.7225
v  2.1426 0.8479 -1.7442
v  -1.8563 -2.1517 -1.4298
v  3.6283 0.2298 -1.6879
v  1.0809 -0.3097 -1.7236
v  -1.9446 -1.9949 -2.0795
v  -1.9275 -2.0617 -2.0775
v  2.1648 0.9729 -1.7554
v  0.6406 -2.0315 -1.7507
v  -0.7676 -1.7686 -1.6884
v  -0.7619 -1.8135 -1.5779
v  1.9927 1.2102 -1.6950
v  2.9026 -1.2035 -1.7625
v  -2.0446 0.0335 -2.0416
v  -0.8138 -0.5937 -1.7469
v  -0.6423 1.2354 -1.6933
v  -0.8690 0.3112 -1.7567
v  0.7416 0.6514 -1.7012
v  -0.8674 -0.1176 -1.7277
v  1.9549 -0.8157 -1.7271
v  1.9641 -0.3616 -1.7248
v  2.0069 -1.5670 -1.7570
v  -1.9313 0.6266 -1.3944
v  2.7493 0.5711 -1.7042
v  -2.1157 -2.2334 -2.0679
v  -2.1168 -2.4362 -2.0693
v  1.7801 -1.5249 -1.6763
v  0.8656 -2.1629 -1.7385
v  3.5334 -1.9270 -1.7362
v  0.8397 1.3212 -1.7423
v  1.0609 1.3344 -1.7336
v  -1.0448 -0.2001 -1.8152
v  2.1998 -1.5594 -1.6596
v  2.1995 -1.6584 -1.5843
v  0.6173 2.0906 -1.7102
v  -0.0099 0.0608 -1.7298
v  0.2113 -0.0983 -1.7361
v  2.4568 -0.1952 -1.7806
v  -0.6775 1.3183 -1.7599
v  -0.6574 1.3089 -1.7736
v  0.9707 1.9418 -1.7022
v  0.8789 -1.4052 -1.7094
v  2.3465 0.5802 -1.7217
v  2.3995 0.6016 -1.7334
v  3.5024 0.3535 -1.8349
v  1.9050 1.2543 -1.6795
v  1.6038 -0.5490 -1.7454
v  -0.0103 -0.2196 -1.7456
v  2.8243 -0.4805 -1.7747
v  2.8286 -0.2902 -1.7528
v  1.2579 -1.3212 -1.7409
v  -1.0223 -0.6494 -1.5886
v  -2.1208 -0.3766 -1.7120
v  2.0294 0.9655 -1.6238
v  2.9587 -0.2063 -1.8164
v  -1.0550 -2.2104 -1.5871
v  1.0628 -2.2486 -1.7018
v  2.1090 -2.2019 -1.7380
v  1.4023 -0.2068 -1.7402
v  1.4080 -0.2134 -1.7746
v  -0.9777 -0.8069 -1.7447
v  3.2502 -2.0331 -1.4236
v  0.7869 0.8333 -1.7508
v  2.3466 -0.1232 -1.7039
v  -0.2948 -2.2215 -1.7373
v  2.3899 -1.5281 -1.7613
v  -1.9178 -0.5118 -1.4376
v  2.0300 -1.4178 -1.7382
v  0.0947 -2.1473 -1.7309
v  -2.0361 -0.6082 -1.4379
v  3.3123 -0.9864 -1.4230
v  2.1487 0.7134 -1.6958
v  -0.0074 0.3598 -1.7746
v  3.4248 -1.0308 -1.4271
v  -1.9517 -1.5462 -2.0765
v  -1.3647 -1.2878 -1.8080
v  -0.3397 1.4110 -1.7572
v  -0.9499 -0.7454 -1.7386
v  0.6554 -0.8317 -1.6989
v  -2.1017 0.6449 -1.6281
v  0.9440 -2.2513 -1.6983
v  -0.1071 1.8725 -1.6979
v  3.0217 0.4774 -1.7227
v  2.4267 -0.7281 -1.6730
v  0.4662 1.9431 -1.6959
v  -2.0512 -1.5786 -1.3911
v  2.2403 0.6208 -1.7011
v  -1.8365 -2.1892 -1.8964
v  -0.9700 -1.0802 -1.6723
v  3.5326 0.7151 -2.0932
v  3.5364 0.6736 -2.0954
v  -0.6729 1.4936 -1.5770
v  1.4011 -0.8160 -1.7261
v  0.8389 1.9448 -1.7053
v  1.4350 1.5642 -1.7378
v  3.2836 -0.8964 -1.4241
v  1.2687 1.6129 -1.8443
v  0.4764 0.9207 -1.7458
v  2.3756 -1.5265 -1.7534
v  2.3893 -1.5807 -1.7557
v  -2.0092 0.0107 -1.4363
v  -1.9969 -1.9214 -2.0779
v  1.2431 -1.9332 -1.7399
v  -1.8664 -0.4436 -2.0801
v  -1.8520 -0.3744 -1.7245
v  -0.8730 -0.0432 -1.7577
v  0.7502 -1.4765 -1.7580
v  2.1656 -0.6318 -1.5891
v  -0.9977 -1.2558 -1.6698
v  0.7436 -1.6974 -1.7213
v  2.5219 -0.8477 -1.7243
v  3.6030 0.1803 -1.7265
v  -1.0005 -1.6016 -1.6668
v  -1.0471 0.1554 -1.5991
v  2.3738 -1.1859 -1.7609
v  2.2575 0.3417 -1.7378
v  2.2483 0.9287 -1.7614
v  -1.4637 -1.9943 -1.7478
v  2.2859 -0.0668 -1.7718
v  -0.6367 0.8915 -1.7251
v  -0.7636 0.1311 -1.8601
v  1.9937 -2.2138 -1.7396
v  2.0551 -2.1977 -1.7143
v  0.8913 1.8201 -1.7608
v  -2.0958 -0.6696 -2.0776
v  -1.8512 0.5379 -1.6445
v  -1.8198 0.5045 -1.7058
v  0.6882 -1.4220 -1.7682
v  0.9708 1.7226 -1.7418
v  -1.1408 -2.0286 -1.6682
v  -2.1253 0.2530 -1.7864
v  -0.2034 1.8702 -1.8613
v  -1.3661 -1.2439 -1.7537
v  0.8472 1.3327 -1.7366
v  -1.4247 -0.0523 -1.7433
v  -1.8539 -0.3019 -2.0591
v  2.8416 -0.8780 -1.7602
v  2.8317 -0.6710 -1.7481
v  2.9226 -0.7951 -1.7395
v  -1.1442 0.0370 -1.7133
v  2.6215 -1.4110 -1.7173
v  2.9917 0.3470 -1.7325
v  2.8628 -0.6709 -1.7165
v  2.8803 -0.7002 -1.7686
v  2.8527 -0.7331 -1.7196
v  0.8703 1.9309 -1.7376
v  2.8357 -0.2662 -1.7022
v  2.3449 -0.1785 -1.7451
v  -0.8247 0.7665 -1.7123
v  2.8294 -0.5255 -1.6931
v  -1.0506 -0.7540 -1.7952
v  0.3795 0.3663 -1.6700
v  0.9014 -1.3476 -1.7445
v  -1.0318 -1.3923 -1.7031
v  3.2505 -1.3691 -1.4855
v  0.8587 -2.0593 -1.7032
v  2.8574 -1.7712 -1.7124
v  0.5399 1.9396 -1.6916
v  0.5508 1.9039 -1.6991
v  -0.8563 0.2820 -1.7185
v  -1.0326 -0.4121 -1.8262
v  -0.9783 0.3533 -1.6962
v  2.2330 -0.8799 -1.7208
v  -2.0537 0.1927 -2.0758
v  2.1560 0.0877 -1.6924
v  2.9857 0.1893 -1.7494
v  2.8232 -0.1258 -1.7671
v  -1.9323 -1.5260 -2.0770
v  2.1768 0.7958 -1.6946
v  -0.9418 -1.8306 -1.7407
v  -1.8659 -0.4479 -1.3923
v  1.4282 1.5640 -1.8500
v  -0.7859 1.1778 -1.7327
v  -0.7513 1.1334 -1.7478
v  0.1646 -1.3927 -1.7683
v  -0.7844 0.7431 -1.7229
v  -0.7929 0.8452 -1.6898
v  3.2480 -1.5325 -1.7994
v  -1.0391 -1.3100 -1.8044
v  -1.8388 0.5058 -1.8412
v  3.5150 -0.5119 -1.7308
v  -0.5598 -0.7194 -1.7258
v  -0.3446 -1.6398 -1.7289
v  -0.7599 0.5685 -1.5864
v  -1.8406 0.9730 -1.8020
v  -0.5668 1.2477 -1.6940
v  2.2260 -0.4030 -1.6962
v  -0.7116 0.7460 -1.5990
v  0.5000 -1.3327 -1.7139
v  0.0568 0.7932 -1.7217
v  0.2878 -0.1117 -1.6964
v  -2.2504 -0.3905 -1.7326
v  -1.3565 -1.2196 -1.7541
v  1.1064 -1.3511 -1.7653
v  1.1391 -1.4608 -1.7147
v  2.0220 -1.0393 -1.7773
v  -1.9358 -1.0841 -2.0792
v  2.1331 0.7926 -1.7196
v  -1.8297 0.0942 -1.7472
v  -1.7907 0.0693 -1.7723
v  -1.0094 -0.3483 -1.7225
v  2.1613 0.2148 -1.6078
v  -1.3358 -1.2726 -1.7702
v  -0.9064 -0.5764 -1.6912
v  0.8211 -2.0611 -1.7511
v  2.4727 0.6709 -1.6027
v  3.5634 0.1149 -1.6762
v  -0.8942 0.9056 -1.7603
v  -1.9897 -0.0751 -1.4412
v  2.5066 -0.1866 -1.7244
v  0.9168 -1.6134 -1.7241
v  1.7009 1.5346 -1.7814
v  2.0287 -1.2040 -1.5770
v  -1.8506 -0.3442 -1.7124
v  -0.9345 0.0668 -1.6954
v  1.5825 1.6536 -1.6986
v  -2.0995 -0.6477 -2.0569
v  3.3881 -1.0242 -2.0792
v  2.2318 0.3366 -1.7644
v  -2.0164 -0.7012 -2.0348
v  3.4284 0.5402 -1.4268
v  1.3980 -0.2034 -1.6380
v  1.0831 -1.8161 -1.7397
v  1.0943 -1.3148 -1.7397
v  1.7387 -1.5656 -1.7226
v  2.3712 -1.5898 -1.7512
v  1.9725 -0.8134 -1.7374
v  0.5840 0.3669 -1.6349
v  -1.1314 0.6676 -1.8625
v  2.9271 -0.1952 -1.6435
v  2.3480 0.9380 -1.5789
v  0.0490 -2.1587 -1.7157
v  0.2812 1.6814 -1.8589
v  0.6478 -0.8130 -1.7549
v  -2.0483 -0.6582 -2.0448
v  0.8026 -2.0746 -1.7268
v  0.7743 -2.2257 -1.7419
v  -1.9098 -0.4689 -2.0774
v  1.5620 1.4854 -1.8499
v  0.6796 -1.6589 -1.7636
v  2.7809 -0.6977 -1.6921
v  3.4382 -0.5928 -2.0785
v  2.8299 -0.1139 -1.7064
v  2.4322 -2.3963 -1.5928
v  -0.9626 -1.1966 -1.7130
v  -0.6497 1.2275 -1.7414
v  0.5697 2.1362 -1.5629
v  2.1538 -2.0272 -1.7680
v  -0.1890 -0.0660 -1.7295
v  -1.9843 -0.2208 -2.0375
v  3.6492 0.3574 -1.7064
v  1.2468 -0.2878 -1.7340
v  -0.7459 1.0658 -1.7082
v  -1.7369 -0.0951 -1.7486
v  -0.8514 0.4328 -1.7582
v  -0.7554 0.5234 -1.7287
v  2.4524 -0.3805 -1.8371
v  1.9958 1.1594 -1.7294
v  -0.5623 1.4861 -1.7685
v  2.3184 0.3226 -1.7291
v  2.1612 -0.5605 -1.6718
v  1.9700 -1.3408 -1.7624
v  0.6998 1.8026 -1.6900
v  -0.8888 -2.0064 -1.7232
v  -0.7915 -0.7851 -1.7000
v  1.3812 1.6955 -1.8191
v  3.2062 -1.9595 -1.6926
v  0.2736 1.6546 -1.8566
v  1.4057 -1.5920 -1.7467
v  -0.7383 1.1109 -1.6903
v  -2.0043 -1.0504 -1.3908
v  -1.9264 -0.8822 -1.3904
v  -1.9200 -0.9287 -1.3907
v  -1.9184 -0.8577 -1.3905
v  -1.4596 -0.1227 -1.7512
v  3.2469 0.7365 -1.8900
v  1.9341 -2.1822 -1.7365
v  2.4125 -0.8364 -1.6986
v  -1.7622 -2.1431 -1.6797
v  -0.0053 0.5652 -1.7417
v  -1.8071 -2.0806 -1.6522
v  -0.9398 -0.2092 -1.7747
v  1.9442 -1.5681 -1.7632
v  2.0259 1.0822 -1.7461
v  1.2622 -0.3064 -1.7350
# 4184 vertices

vn 0.9908 0.0532 0.1244
vn 0.0706 0.0683 -0.9952
vn -0.8978 -0.0551 -0.4369
vn 0.9948 0.0532 -0.0874
vn 0.0931 0.0376 -0.9949
vn 0.5399 -0.0426 -0.8407
vn 0.0343 0.0380 0.9987
vn 0.9836 -0.0713 0.1657
vn -0.7034 0.1500 -0.6948
vn -0.2565 0.1156 -0.9596
vn -0.3045 0.5342 -0.7886
vn 0.2664 -0.0657 0.9616
vn -0.9492 -0.0015 -0.3146
vn -0.9769 0.0054 0.2137
vn -0.1312 0.0036 0.9913
vn 0.9301 0.1732 -0.3239
vn -0.8249 0.0193 0.5649
vn -0.2304 -0.2937 -0.9277
vn -0.9420 0.3056 0.1384
vn 0.5726 0.1392 -0.8080
vn 0.9677 0.1083 0.2277
vn 0.1604 -0.1259 -0.9790
vn -0.6779 -0.3113 -0.6659
vn -0.8917 -0.2062 0.4029
vn -0.9396 0.0612 0.3367
vn 0.7655 0.4353 -0.4739
vn 0.8009 0.3145 -0.5096
vn 0.8283 0.3429 0.4432
vn -0.1298 -0.1074 -0.9857
vn 0.1912 0.3775 -0.9060
vn -0.1817 0.2671 -0.9464
vn 0.1500 0.4347 -0.8880
vn -0.8301 0.3113 -0.4626
vn -0.5423 0.1025 -0.8339
vn -0.4133 0.2264 -0.8820
vn -0.3627 0.0303 -0.9314
vn -0.2450 -0.0025 0.9695
vn 0.2143 -0.0266 0.9764
vn 0.1577 0.7547 -0.6369
vn 0.0719 0.9190 0.3876
vn 0.0551 0.5362 -0.8423
vn -0.0061 -0.9811 -0.1935
vn -0.0337 0.5038 -0.8631
vn -0.6475 0.0858 0.7572
vn 0.2700 0.0195 -0.9627
vn 0.3159 -0.0006 0.9488
vn -0.9895 0.0182 -0.1437
vn 0.0191 -0.0014 0.9998
vn 0.4038 -0.0561 0.9131
vn 0.2532 -0.2482 -0.9350
vn -0.9460 -0.3218 0.0386
vn 0.7844 0.1548 -0.6006
vn -0.6591 0.2206 -0.7190
vn -0.3776 -0.1838 -0.9075
vn 0.1583 -0.0010 0.9874
vn -0.9741 0.0081 -0.2259
vn -0.1024 0.7038 -0.7029
vn 0.0350 -0.9971 0.0672
vn 0.7652 -0.5409 0.3493
vn 0.7892 -0.1093 0.6044
vn 0.0451 0.1227 0.9914
vn -0.6513 -0.3608 0.6675
vn 0.1795 0.2305 -0.9564
vn -0.0710 0.1133 0.9910
vn 0.6940 -0.2081 0.6893
vn -0.2879 -0.5028 0.8151
vn 0.7413 -0.5342 0.4064
vn -0.2231 0.2764 -0.9348
vn 0.9847 0.0478 0.1674
vn -0.8377 -0.0231 0.5456
vn 0.8588 -0.0341 -0.5112
vn -0.3117 0.0938 0.9455
vn -0.4802 0.1201 0.8689
vn 0.8424 0.0869 -0.5318
vn 0.0826 -0.9634 0.2552
vn -0.5329 -0.8048 0.2613
vn 0.0693 0.3512 0.9337
vn 0.3172 -0.9344 -0.1622
vn 0.9258 0.3726 0.0634
vn 0.1139 0.2949 0.9487
vn -0.6647 0.2886 0.6892
vn -0.0270 0.2334 -0.9720
vn -0.0041 0.0839 -0.9965
vn -0.7011 0.0426 -0.7117
vn -0.0000 -0.0000 -0.0000
vn 0.8659 0.0180 0.4999
vn 0.0013 -0.8949 -0.4463
vn -0.8494 -0.5193 0.0941
vn 0.4254 0.8970 -0.1204
vn 0.1313 0.1022 0.9861
vn -0.2437 0.5607 -0.7914
vn -0.7518 0.0865 -0.6537
vn 0.7908 0.0457 -0.6103
vn 0.2038 0.2540 0.9455
vn 0.7477 0.6638 0.0163
vn 0.0364 0.9912 -0.1271
vn 0.5446 -0.5585 0.6257
vn 0.8386 -0.5433 0.0384
vn 0.8554 0.4971 0.1454
vn 0.5821 -0.5414 0.6067
vn -0.0850 -0.3181 0.9442
vn -0.9456 -0.2587 -0.1975
vn -0.4396 0.6282 0.6420
vn 0.0754 -0.0258 -0.9968
vn 0.2276 0.2287 -0.9465
vn -0.0082 0.1263 -0.9920
vn 0.1756 -0.1138 -0.9779
vn -0.1394 -0.9901 -0.0154
vn 0.2965 0.2630 -0.9181
vn -0.6385 0.3208 -0.6996
vn -0.8883 0.0056 -0.4591
vn -0.1139 -0.0182 0.9933
vn -0.5210 -0.5060 0.6874
vn 0.5544 -0.0776 -0.8287
vn 0.2323 0.6026 -0.7635
vn -0.9278 0.0937 -0.3612
vn 0.8654 -0.2260 0.4472
vn 0.0068 0.5141 0.8577
vn 0.0401 0.4992 0.8655
vn -0.1478 0.8660 -0.4778
vn 0.8880 0.1285 -0.4415
vn -0.1990 0.9152 0.3504
vn -0.6899 0.1396 0.7103
vn -0.3001 -0.4782 0.8254
vn -0.1749 -0.0647 0.9825
vn -0.8129 0.0105 0.5823
vn 0.4436 0.0176 0.8961
vn -0.9948 -0.0274 -0.0986
vn 0.5889 0.0022 -0.8082
vn 0.1697 0.0667 -0.9832
vn -0.9405 -0.0659 -0.3335
vn -0.3193 -0.8999 -0.2969
vn 0.9516 0.0774 -0.2975
vn 0.5805 0.0136 0.8141
vn 0.5848 -0.0134 -0.8111
vn -0.8798 -0.0570 0.4719
vn 0.2078 0.0945 0.9736
vn -0.8334 0.5062 -0.2218
vn 0.0808 0.0973 -0.9920
vn -0.9663 -0.2359 -0.1034
vn 0.0727 -0.4177 -0.9057
vn -0.0528 0.1715 0.9838
vn -0.0228 0.0359 0.9991
vn -0.1780 -0.1179 0.9769
vn -0.3833 -0.2768 0.8812
vn -0.5499 0.3007 0.7792
vn -0.1381 0.1696 -0.9758
vn 0.9965 0.0176 -0.0813
vn -0.6493 -0.2281 -0.7255
vn -0.9989 -0.0259 0.0380
vn -0.8197 -0.5657 0.0899
vn -0.8151 -0.5747 0.0732
vn -0.7360 -0.5908 -0.3305
vn -0.7927 0.6052 0.0731
vn -0.6349 -0.2965 -0.7134
vn -0.4950 0.4835 -0.7219
vn -0.0235 0.9997 0.0029
vn -0.0811 0.1436 0.9863
vn -0.2793 -0.4445 0.8511
vn 0.4007 0.3392 0.8511
vn -0.3677 0.1483 0.9181
vn 0.9162 0.0198 -0.4003
vn -0.0335 0.0004 0.9994
vn -0.1703 0.7125 -0.6806
vn 0.2890 0.2788 0.9158
vn 0.4277 -0.0612 0.9018
vn 0.9988 0.0418 -0.0269
vn 0.8171 0.0310 -0.5757
vn -0.5001 -0.7452 0.4412
vn 0.8833 0.3607 -0.2996
vn -0.1758 -0.6772 0.7145
vn -0.7479 0.5736 -0.3342
vn 0.6281 -0.5309 0.5689
vn 0.4983 0.3353 0.7996
vn -0.5910 0.1731 -0.7879
vn 0.9956 0.0279 -0.0896
vn 0.7612 0.1130 -0.6387
vn 0.0949 0.0907 0.9914
vn 0.2950 0.5235 0.7993
vn -0.9714 0.2158 0.0989
vn 0.9322 0.3384 0.1284
vn 0.9886 -0.1022 -0.1109
vn 0.6157 0.6062 0.5034
vn 0.7833 0.0605 0.6187
vn 0.0344 -0.2977 -0.9540
vn -0.4932 -0.3131 0.8116
vn 0.5324 0.8225 0.2002
vn -0.6871 -0.6442 -0.3361
vn -0.8294 -0.4682 0.3049
vn 0.0836 0.9226 -0.3765
vn 0.2463 0.2864 0.9259
vn 0.9871 -0.0725 -0.1428
vn -0.6501 -0.6806 -0.3379
vn 0.4529 -0.4103 0.7915
vn 0.4634 0.7008 -0.5423
vn 0.9278 -0.3665 0.0700
vn -0.7763 -0.1337 0.6160
vn -0.6181 0.3145 -0.7205
vn -0.9247 -0.0824 -0.3716
vn -0.7623 -0.0283 0.6466
vn -0.6309 -0.0229 -0.7756
vn -0.8835 0.0010 0.4685
vn -0.5460 0.6536 -0.5241
vn 0.2670 0.7838 0.5607
vn -0.3115 0.9502 -0.0104
vn -0.9299 0.1133 -0.3500
vn -0.0537 -0.0213 -0.9983
vn -0.7710 -0.0287 -0.6362
vn -0.8708 0.0651 -0.4873
vn -0.9364 -0.0382 0.3488
vn -0.4192 -0.9035 0.0891
vn -0.4507 -0.0763 0.8894
vn 0.4133 -0.8739 0.2558
vn -0.8131 0.5611 0.1551
vn 0.1453 0.2726 -0.9511
vn 0.0216 -0.5104 0.8597
vn 0.1716 -0.7517 0.6368
vn -0.0492 -0.5913 -0.8049
vn -0.1180 -0.8998 0.4201
vn -0.3997 -0.2317 -0.8869
vn 0.5275 0.0312 -0.8490
vn -0.2361 -0.0443 -0.9707
vn 0.8474 0.4309 0.3103
vn 0.6047 -0.7544 -0.2555
vn 0.6141 -0.7096 0.3455
vn 0.1847 -0.3481 -0.9191
vn -0.0798 0.4726 -0.8776
vn 0.1336 0.3682 -0.9201
vn 0.1825 0.9422 0.2809
vn -0.0170 0.5320 0.8466
vn 0.0188 0.4867 0.8734
vn 0.6866 0.1158 0.7178
vn 0.0161 0.9996 -0.0245
vn 0.3854 -0.5034 -0.7734
vn -0.7146 0.6074 -0.3470
vn 0.1044 0.7443 -0.6597
vn 0.0233 -0.5815 -0.8132
vn 0.9973 0.0086 -0.0724
vn 0.7390 -0.0390 0.6726
vn 0.7113 0.0324 -0.7022
vn 0.9839 0.1610 0.0774
vn 0.0652 0.2369 -0.9693
vn -0.9269 -0.1153 0.3572
vn -0.2679 -0.9453 -0.1860
vn 0.8541 -0.2397 -0.4616
vn 0.5254 0.1681 -0.8341
vn 0.0412 0.7794 -0.6251
vn 0.4827 0.7188 0.5004
vn -0.0112 0.9715 0.2369
vn -0.4280 -0.8804 0.2043
vn -0.2059 -0.8741 0.4399
vn -0.2385 0.8422 0.4836
vn -0.1343 0.3532 -0.9259
vn -0.6896 0.6827 -0.2415
vn 0.8525 -0.3617 0.3774
vn -0.9540 0.0657 0.2927
vn 0.9286 -0.3612 0.0855
vn 0.0540 0.4178 0.9069
vn 0.4906 0.1321 -0.8613
vn 0.7007 -0.1904 0.6876
vn -0.6911 -0.0010 -0.7228
vn -0.5413 -0.0073 -0.8408
vn -0.0152 0.0233 -0.9996
vn -0.3895 0.6298 0.6720
vn 0.3298 -0.4540 -0.8278
vn -0.1790 0.7605 -0.6242
vn 0.8377 0.0923 -0.5383
vn 0.8590 -0.1866 0.4767
vn 0.0140 0.3668 0.9302
vn -0.0026 -0.7872 0.6167
vn -0.0809 0.3873 0.9184
vn -0.6946 0.0050 0.7194
vn -0.8355 -0.0044 0.5494
vn 0.5613 -0.0050 0.8276
vn -0.5566 -0.5805 0.5942
vn 0.4652 0.6318 0.6200
vn -0.8812 -0.4052 -0.2434
vn -0.7714 0.0503 -0.6344
vn 0.3249 -0.0463 -0.9446
vn 0.0213 0.1428 -0.9895
vn -0.5259 0.2536 -0.8119
vn 0.2022 0.1396 -0.9693
vn 0.0611 0.7633 0.6431
vn -0.9263 0.2923 -0.2378
vn -0.5514 0.7603 -0.3434
vn 0.0026 0.1838 -0.9830
vn 0.1010 0.7022 -0.7047
vn 0.0075 0.7973 0.6036
vn 0.7020 0.0260 -0.7117
vn -0.6872 -0.4136 0.5972
vn 0.1423 0.2161 0.9659
vn 0.9504 -0.3020 0.0746
vn 0.9797 0.1877 0.0700
vn 0.0557 0.9960 -0.0703
vn -0.8699 -0.4667 -0.1594
vn 0.8364 0.0834 -0.5417
vn 0.1150 0.0252 -0.9930
vn 0.9235 -0.3691 -0.1043
vn 0.6319 -0.2302 0.7400
vn 0.4903 -0.6481 0.5828
vn -0.0657 -0.9751 -0.2119
vn 0.8748 -0.0588 -0.4809
vn -0.1396 0.9658 0.2186
vn -0.2464 -0.9615 0.1215
vn 0.9871 -0.1590 0.0195
vn 0.9908 -0.0172 0.1339
vn 0.9175 0.0558 -0.3938
vn 0.9672 0.2451 -0.0664
vn -0.6394 0.0090 -0.7688
vn 0.0075 -0.3059 -0.9520
vn -0.1022 -0.3526 -0.9302
vn 0.9194 0.0009 -0.3933
vn -0.5590 -0.0012 -0.8292
vn 0.0275 0.8288 0.5589
vn 0.0816 0.6465 0.7585
vn 0.4141 0.6083 0.6771
vn -0.9203 -0.3633 0.1450
vn -0.6896 -0.6596 -0.2991
vn 0.4739 -0.4028 0.7830
vn 0.3868 0.3867 0.8372
vn -0.5757 -0.5679 0.5883
vn 0.7192 0.5301 0.4490
vn 0.9179 0.1265 0.3761
vn 0.9069 -0.3571 0.2237
vn -0.9525 -0.1119 0.2833
vn 0.1555 0.2306 -0.9605
vn 0.1646 0.2930 -0.9418
vn 0.2498 0.0922 0.9639
vn 0.8245 -0.0856 0.5593
vn -0.0539 -0.2405 0.9691
vn 0.8303 -0.0183 -0.5570
vn 0.7861 0.1153 -0.6072
vn 0.8705 -0.0735 -0.4866
vn -0.3099 -0.5062 -0.8048
vn 0.0798 -0.0185 -0.9966
vn -0.5943 0.6916 -0.4105
vn 0.6800 0.6361 0.3648
vn -0.1163 0.2763 0.9540
vn -0.4777 0.6669 0.5719
vn -0.9979 -0.0423 -0.0500
vn 0.4073 -0.1587 -0.8994
vn -0.0603 -0.2821 0.9575
vn -0.8102 0.1435 0.5683
vn 0.3802 0.0459 0.9238
vn -0.4594 0.0973 0.8829
vn 0.1661 0.0249 -0.9858
vn -0.1032 -0.1172 0.9877
vn -0.3604 0.0801 -0.9294
vn -0.8094 -0.1628 -0.5642
vn 0.8313 -0.4819 -0.2770
vn 0.7264 -0.0931 -0.6810
vn -0.7646 -0.5144 0.3884
vn 0.0042 0.4172 -0.9088
vn -0.1941 0.1269 0.9727
vn 0.1007 -0.8031 0.5872
vn 0.9252 0.1558 -0.3460
vn -0.5410 -0.3506 -0.7645
vn -0.0681 0.6404 -0.7650
vn -0.2141 0.9752 -0.0559
vn -0.0440 0.8754 -0.4813
vn -0.2714 -0.0735 0.9597
vn -0.7382 0.6732 -0.0433
vn 0.6926 0.3944 0.6040
vn 0.8013 -0.1106 -0.5880
vn -0.3958 0.4997 -0.7705
vn -0.0805 0.2692 0.9597
vn -0.6570 0.2556 0.7092
vn -0.0957 -0.9085 0.4067
vn -0.1187 0.8489 -0.5151
vn 0.1213 0.2099 0.9702
vn -0.7262 0.3151 0.6110
vn 0.9323 0.3413 0.1192
vn 0.2222 0.0563 -0.9734
vn 0.0017 0.2313 -0.9729
vn 0.0297 -0.9076 0.4188
vn -0.3967 -0.6407 0.6574
vn 0.0912 -0.5572 -0.8254
vn -0.1404 -0.6210 0.7711
vn -0.7254 0.6882 0.0148
vn -0.6972 0.6342 -0.3344
vn -0.7229 -0.6909 0.0042
vn 0.2819 -0.0580 0.9577
vn -0.1834 0.1613 -0.9697
vn -0.2041 0.5770 0.7908
vn 0.8479 0.2183 -0.4831
vn 0.8768 -0.4733 -0.0854
vn -0.4896 0.3488 0.7992
vn 0.9975 0.0564 0.0433
vn 0.9765 0.0085 0.2155
vn -0.8504 0.0598 0.5227
vn -0.3318 -0.0522 0.9419
vn 0.9907 -0.0236 -0.1342
vn -0.5820 -0.1395 -0.8011
vn -0.9560 -0.1990 0.2154
vn -0.6038 -0.0018 0.7971
vn -0.8240 0.1978 0.5309
vn -0.8060 -0.0985 0.5836
vn 0.4711 0.4090 -0.7816
vn -0.6458 0.1208 -0.7539
vn -0.4119 -0.1036 -0.9053
vn 0.1624 0.3474 0.9236
vn 0.8936 -0.1991 0.4022
vn -0.3753 0.1528 0.9142
vn 0.1207 -0.1790 -0.9764
vn 0.1207 0.4130 -0.9027
vn 0.3686 -0.9204 0.1302
vn -0.0996 0.4515 0.8867
vn -0.0014 -0.0071 1.0000
vn -0.4161 -0.8386 -0.3516
vn 0.8362 -0.4551 -0.3061
vn 0.0879 0.2946 0.9516
vn -0.7375 -0.2561 -0.6249
vn -0.6484 -0.6809 0.3404
vn -0.8045 -0.3563 0.4753
vn 0.8014 -0.2728 0.5323
vn 0.0045 0.2040 0.9790
vn -0.0863 0.2090 0.9741
vn -0.1819 -0.3338 0.9249
vn -0.0688 0.4736 -0.8781
vn -0.0415 0.9979 -0.0496
vn -0.1448 0.7961 -0.5876
vn -0.1491 -0.6464 -0.7483
vn 0.4349 0.7408 -0.5119
vn -0.7148 0.6985 0.0352
vn -0.0911 0.9779 0.1883
vn 0.3627 -0.4304 0.8266
vn -0.1546 -0.1389 0.9782
vn 1.0000 -0.0014 -0.0056
vn 1.0000 -0.0047 -0.0050
vn 0.8299 -0.0000 -0.5580
vn 0.1263 -0.9788 0.1610
vn 0.8358 0.0794 0.5432
vn 0.2960 0.0018 -0.9552
vn -0.9259 0.3759 -0.0373
vn -0.7264 -0.4118 -0.5503
vn -1.0000 0.0024 0.0091
vn -0.9998 0.0128 0.0180
vn 0.3528 0.6163 0.7040
vn -0.5056 0.4709 0.7229
vn 0.1009 0.6219 -0.7766
vn -0.4207 0.0693 -0.9046
vn -0.8583 -0.0257 -0.5125
vn 0.8487 0.0433 -0.5271
vn 0.0329 0.4970 0.8671
vn -0.8259 -0.3473 0.4441
vn 0.3738 -0.3751 0.8483
vn -0.0480 0.2825 -0.9581
vn -0.3497 0.5170 0.7813
vn 0.1650 0.1310 -0.9776
vn -0.0894 0.0640 -0.9939
vn 0.0712 -0.1709 0.9827
vn -0.0963 -0.1383 -0.9857
vn 0.5544 -0.0719 -0.8292
vn 0.2033 0.2560 -0.9451
vn -0.8459 -0.0034 0.5333
vn -0.8216 -0.0064 -0.5700
vn -0.9959 -0.0014 -0.0904
vn -0.5636 0.7293 0.3879
vn -0.1537 0.0732 -0.9854
vn 0.2748 -0.7806 0.5613
vn -0.0723 0.0827 -0.9939
vn 0.8658 -0.4581 -0.2011
vn 0.3078 0.0471 0.9503
vn -0.1567 -0.7768 0.6100
vn -0.5309 0.2728 -0.8023
vn -0.6072 0.3527 -0.7120
vn -0.7413 0.3553 0.5694
vn -0.6138 -0.0013 0.7894
vn 0.6977 -0.0096 0.7164
vn 0.6156 -0.0036 0.7880
vn 0.3823 -0.3427 -0.8581
vn 0.0309 0.0404 -0.9987
vn 0.5858 -0.2977 -0.7538
vn -0.9923 -0.1013 -0.0715
vn -0.9500 -0.0003 0.3122
vn 0.1806 -0.4762 0.8606
vn -0.2586 0.8507 -0.4576
vn 0.0711 0.8024 0.5926
vn -0.2292 0.0612 -0.9714
vn 0.0345 -0.4661 -0.8841
vn -0.1897 0.1411 0.9717
vn -0.0371 -0.1008 0.9942
vn 0.3298 0.5406 0.7739
vn -0.9943 -0.0887 0.0589
vn -0.9061 -0.1299 -0.4027
vn 0.7994 -0.5203 0.3005
vn 0.8269 0.1707 -0.5358
vn -0.0242 -0.9952 0.0950
vn -0.8645 0.1315 -0.4852
vn -0.3405 0.2712 -0.9003
vn 0.0043 -0.6360 0.7717
vn -0.2045 -0.3179 -0.9258
vn 0.1025 0.3166 0.9430
vn -0.0293 -0.7614 0.6477
vn -0.0202 0.0568 0.9982
vn 0.1609 -0.1367 0.9775
vn -0.7436 0.6665 0.0534
vn -0.9368 -0.0162 0.3495
vn 0.3431 0.5137 0.7864
vn 0.7833 0.5432 0.3023
vn 0.1585 -0.7931 0.5882
vn 0.9296 0.2174 0.2976
vn 0.6129 0.4843 -0.6244
vn 0.8617 -0.5070 0.0200
vn -0.3911 0.0513 -0.9189
vn 0.8169 0.0141 -0.5765
vn 0.6574 -0.0253 -0.7531
vn 0.5605 -0.0075 0.8281
vn 0.4416 0.0301 0.8967
vn 0.4807 0.0385 0.8760
vn -0.0836 0.2711 0.9589
vn 0.7962 -0.1327 0.5903
vn 0.5668 -0.1787 -0.8042
vn -0.8893 -0.0279 0.4564
vn -0.1127 -0.5332 0.8385
vn 0.3807 0.3446 0.8581
vn 0.8081 -0.2526 -0.5321
vn 0.2179 0.8166 0.5345
vn -0.0888 0.5347 -0.8404
vn -0.8359 0.0887 -0.5416
vn -0.7468 -0.3883 -0.5400
vn 0.8976 0.4254 -0.1154
vn 0.9146 0.1809 0.3617
vn 0.9750 0.1342 -0.1774
vn -0.8125 0.3327 0.4788
vn -0.6284 0.0384 -0.7769
vn -0.5907 0.0505 0.8053
vn 0.0447 -0.8385 0.5431
vn -0.2234 0.9622 0.1555
vn 0.4741 0.4947 -0.7284
vn 0.1723 -0.1115 -0.9787
vn -0.1986 -0.4209 -0.8851
vn 0.0015 -0.7218 -0.6921
vn 0.4587 0.8883 0.0222
vn -0.3412 -0.5611 0.7541
vn 0.2551 0.3898 0.8848
vn 0.1555 0.5205 0.8396
vn -0.0334 0.4058 0.9134
vn 0.0590 0.3709 0.9268
vn -0.3811 0.5861 0.7150
vn 0.0962 -0.1339 0.9863
vn -0.1694 0.0395 0.9848
vn 0.0908 -0.8349 0.5429
vn -0.7540 -0.0205 -0.6566
vn 0.6869 0.7121 0.1451
vn -0.9992 0.0004 0.0393
vn -0.3107 0.9497 -0.0381
vn 0.3448 0.1227 0.9306
vn 0.4162 0.8247 0.3829
vn -0.6112 -0.0559 -0.7895
vn 0.0457 -0.1475 -0.9880
vn 0.9432 -0.2357 0.2340
vn 0.5099 -0.8172 -0.2686
vn 0.0083 -0.6641 -0.7476
vn -0.2605 -0.9615 0.0873
vn -0.1787 -0.2403 -0.9541
vn 0.6120 -0.7848 0.0980
vn -0.1121 -0.0895 -0.9897
vn 0.0451 0.0547 0.9975
vn -0.5096 0.0927 0.8554
vn -0.3241 0.1173 -0.9387
vn -0.4917 -0.8688 -0.0575
vn 0.2691 0.9631 -0.0080
vn -0.0815 0.1448 -0.9861
vn 0.8803 -0.0109 -0.4742
vn 0.9864 0.1126 -0.1194
vn 0.9368 0.0087 -0.3496
vn 0.5998 0.0279 -0.7997
vn 0.5354 0.4546 0.7119
vn -0.6053 -0.2744 -0.7472
vn -0.3693 -0.0148 0.9292
vn -0.7494 0.1409 -0.6469
vn 0.2505 0.2238 -0.9419
vn 0.8717 -0.3309 -0.3614
vn 0.4044 -0.9095 0.0966
vn 0.6021 -0.7204 -0.3442
vn 0.1871 0.3169 0.9298
vn -0.1135 -0.4210 0.8999
vn 0.8766 -0.3521 -0.3279
vn 0.8944 0.1469 0.4223
vn -0.3545 0.6439 0.6781
vn 0.4452 0.6772 0.5859
vn -0.0552 0.9930 0.1040
vn 0.6602 0.3445 -0.6675
vn -0.0753 0.1199 0.9899
vn -0.1044 -0.1226 -0.9870
vn -0.9132 -0.0168 0.4073
vn 0.6056 0.7552 -0.2511
vn -0.8237 -0.5535 -0.1230
vn -0.5822 0.8004 0.1429
vn -0.6804 -0.3271 0.6558
vn 0.2416 0.8017 0.5467
vn -0.3097 0.0350 -0.9502
vn -0.6732 0.4755 0.5663
vn 0.3189 0.0534 0.9463
vn -0.4974 -0.2629 0.8268
vn -0.2196 0.4083 0.8860
vn 0.4347 -0.2617 0.8617
vn -0.8069 -0.1867 -0.5604
vn -0.3184 0.5871 -0.7442
vn -0.4620 0.3483 -0.8156
vn -0.3794 0.0562 -0.9235
vn -0.7985 0.3245 0.5071
vn -0.9014 0.3557 -0.2470
vn -0.4075 -0.4065 0.8177
vn -0.7980 0.5396 0.2686
vn -0.8455 0.1063 0.5233
vn 0.1229 -0.4566 -0.8811
vn -0.0074 -0.8677 -0.4970
vn 0.6485 0.4099 -0.6414
vn 0.3011 -0.8651 -0.4012
vn -0.7650 0.0266 0.6435
vn -0.2255 0.1926 -0.9550
vn 0.0116 -0.2175 -0.9760
vn -0.9584 0.0049 0.2854
vn -0.7394 -0.1696 0.6515
vn -0.9420 0.0031 0.3355
vn -0.4422 -0.8496 0.2875
vn 0.5026 -0.4265 -0.7520
vn 0.4486 0.2763 0.8500
vn 0.4713 0.4200 -0.7755
vn 0.7071 0.4576 -0.5391
vn -0.9510 0.0943 0.2944
vn 0.2182 0.6182 -0.7552
vn -0.3731 -0.2086 -0.9041
vn 0.1227 0.3783 -0.9175
vn -0.0736 0.0471 -0.9962
vn -0.9697 0.2311 0.0788
vn 0.8996 0.0058 -0.4366
vn -0.0074 -0.7486 -0.6630
vn 0.5273 -0.5904 0.6110
vn 0.2813 -0.4618 0.8412
vn -0.4372 0.5548 0.7079
vn 0.1125 0.6598 0.7429
vn -0.1333 0.7549 0.6422
vn -0.1188 -0.7096 -0.6945
vn -0.3183 -0.1052 -0.9421
vn -0.3687 -0.0924 0.9250
vn -0.5292 -0.4855 -0.6958
vn -0.4393 -0.3208 0.8391
vn -0.0748 -0.2243 0.9716
vn -0.9617 0.0393 -0.2713
vn -0.1870 0.7033 -0.6859
vn -0.4452 -0.1109 0.8885
vn -0.2728 0.0005 0.9621
vn -0.9878 -0.0962 -0.1225
vn -0.2749 -0.4959 -0.8238
vn -0.7059 0.1094 0.6998
vn 0.9637 0.2660 0.0242
vn 0.6418 0.1087 0.7592
vn -0.4251 0.2823 0.8600
vn 0.2868 0.1662 0.9435
vn -0.4584 0.7949 0.3976
vn 0.7470 -0.5859 -0.3142
vn 0.8298 0.0668 0.5540
vn 0.8145 -0.1240 0.5668
vn 0.5101 -0.0718 0.8571
vn 0.9189 0.3248 -0.2240
vn 0.5737 -0.0546 0.8172
vn -0.0866 -0.9953 0.0441
vn 0.0465 0.3547 -0.9338
vn -0.1361 -0.7404 0.6582
vn -0.0198 -0.1053 0.9942
vn -0.0156 0.3045 0.9524
vn 0.4549 0.0115 0.8905
vn 0.9915 -0.0520 0.1190
vn 0.3435 0.8645 -0.3670
vn -0.0500 -0.1253 0.9909
vn 0.5399 0.8359 0.0985
vn -0.5057 0.4386 0.7429
vn -0.9905 -0.0761 0.1142
vn 0.1914 -0.4015 -0.8956
vn 0.0251 0.1596 0.9869
vn 0.3351 0.2476 0.9091
vn 0.5482 0.6196 0.5617
vn -0.9080 -0.2692 -0.3211
vn 0.1736 -0.2321 -0.9571
vn -0.2543 -0.5452 -0.7988
vn -0.9813 0.1634 -0.1017
vn -0.9308 -0.2417 -0.2743
vn -0.9953 0.0340 0.0912
vn 0.2416 0.4743 -0.8466
vn -0.0151 0.1197 -0.9927
vn -0.0999 -0.0903 0.9909
vn 0.8588 0.1975 0.4727
vn 0.9312 -0.0165 -0.3642
vn 0.9184 0.0638 -0.3906
vn 0.3236 0.0149 -0.9461
vn -0.2004 0.1693 -0.9650
vn 1.0000 0.0029 0.0058
vn -0.8844 -0.2160 0.4136
vn 0.9682 0.2499 0.0092
vn 0.9946 -0.0284 -0.1003
vn 0.9721 -0.1924 -0.1342
vn 0.9936 0.0024 -0.1131
vn -0.4537 0.4796 0.7511
vn -0.7340 0.4679 0.4923
vn 0.5455 -0.5655 0.6186
vn 0.7283 -0.3960 0.5592
vn 0.2987 -0.9387 0.1723
vn 0.0388 -0.8449 0.5335
vn 0.0472 -0.0319 -0.9984
vn -0.8777 0.1131 -0.4657
vn 0.7174 -0.5206 -0.4630
vn -0.5613 0.0859 -0.8231
vn 0.8452 0.4845 -0.2255
vn 0.0815 0.9758 0.2031
vn 0.4830 -0.8614 -0.1573
vn 0.2199 -0.0938 0.9710
vn 0.2638 0.1565 0.9518
vn 0.2799 0.3129 -0.9076
vn 0.0358 -0.9084 0.4165
vn 0.0864 -0.2478 0.9649
vn 0.2645 -0.2307 0.9364
vn -0.0315 0.2530 -0.9669
vn -0.5128 0.5394 0.6678
vn 0.9089 -0.2373 0.3430
vn -0.0957 0.7073 0.7005
vn -0.3124 0.0549 -0.9484
vn -0.2472 0.7354 0.6309
vn -0.0480 0.0751 0.9960
vn -0.5099 -0.0130 -0.8601
vn -0.1869 0.1385 -0.9726
vn -0.5262 0.1727 0.8326
vn -0.8502 -0.0799 0.5204
vn -0.6156 0.0476 -0.7866
vn 0.5975 0.7722 -0.2160
vn 0.5784 0.7217 -0.3803
vn -0.0124 0.5067 -0.8620
vn -0.2796 0.8633 -0.4201
vn -0.9916 0.0244 -0.1272
vn 0.1253 -0.5151 -0.8479
vn -0.1070 -0.9846 -0.1379
vn 0.1739 0.0665 -0.9825
vn 0.0802 -0.3109 -0.9471
vn 0.2300 0.4282 -0.8739
vn 0.3015 -0.9094 0.2864
vn -0.3966 0.2118 0.8932
vn 0.1142 0.9197 0.3756
vn -0.8934 0.4153 -0.1715
vn -0.9795 -0.0862 -0.1822
vn 0.9369 0.0691 -0.3428
vn -0.8167 0.0185 0.5768
vn -0.9626 0.0101 -0.2709
vn -0.3769 -0.8045 0.4590
vn -0.7857 0.5379 0.3055
vn 0.5482 -0.3725 0.7488
vn 0.9564 -0.1822 -0.2284
vn -0.7321 -0.2289 0.6416
vn -0.8912 -0.4514 0.0440
vn -0.9537 -0.3005 -0.0062
vn 0.7315 0.0734 -0.6779
vn -0.7724 0.1391 -0.6198
vn 0.7370 -0.1848 -0.6502
vn 0.9985 -0.0164 -0.0513
vn 0.1602 -0.8442 -0.5116
vn 0.0485 0.6130 -0.7886
vn 0.0028 -0.3726 -0.9280
vn -0.6572 -0.4097 0.6326
vn -0.5547 -0.4182 0.7193
vn -0.3374 -0.4362 0.8342
vn -0.5762 0.3522 -0.7375
vn -0.1138 0.0916 -0.9893
vn -0.9783 -0.1286 0.1622
vn -0.0372 -0.8802 -0.4731
vn -0.0968 -0.8618 -0.4980
vn -0.9777 0.0564 -0.2021
vn 0.0466 0.2581 0.9650
vn 0.1555 0.2247 -0.9620
vn -0.3432 -0.0509 -0.9379
vn 0.8531 0.0093 -0.5216
vn 0.9853 -0.0282 -0.1683
vn 0.7903 -0.0227 -0.6123
vn 0.3850 -0.5291 -0.7562
vn -0.6581 0.7423 0.1259
vn -0.0950 0.7939 -0.6006
vn 0.9374 0.2007 -0.2845
vn -0.8161 -0.5706 0.0917
vn 0.1907 0.0202 -0.9814
vn -0.6425 -0.3760 0.6677
vn 0.5419 0.7683 -0.3406
vn -0.2833 0.0288 -0.9586
vn 0.9647 0.2625 -0.0191
vn 0.4354 0.1913 -0.8797
vn 0.8074 0.5900 -0.0036
vn 0.7801 -0.1579 -0.6055
vn 0.6240 0.5908 0.5115
vn 0.2148 0.4479 0.8679
vn 0.1406 0.1212 -0.9826
vn -0.7983 0.5878 0.1313
vn 0.2415 0.6190 0.7474
vn -0.1635 0.0925 -0.9822
vn 0.8991 0.2008 -0.3890
vn 0.8103 0.1451 0.5678
vn 0.1874 0.3240 -0.9273
vn 0.9128 -0.3914 0.1166
vn -0.4507 -0.0360 -0.8919
vn 0.2705 0.5635 0.7806
vn -0.7384 -0.0336 0.6735
vn 0.7904 0.0783 0.6076
vn 0.9819 0.0099 0.1893
vn 0.8557 -0.0718 0.5124
vn 0.3305 0.3290 0.8846
vn -0.9990 -0.0452 0.0024
vn -0.2513 -0.9593 -0.1285
vn 0.9497 -0.1283 0.2857
vn 0.8846 -0.2101 0.4163
vn 0.9945 0.1050 0.0002
vn -0.2027 0.8307 0.5185
vn 0.3132 0.1268 0.9412
vn -0.3930 0.2519 0.8843
vn 0.2502 -0.0009 0.9682
vn 0.9710 0.0212 0.2380
vn 0.7337 -0.0022 -0.6794
vn 0.0970 -0.1575 -0.9827
vn -0.3553 0.3344 0.8729
vn 0.6872 -0.5587 -0.4643
vn 0.0844 -0.6712 0.7365
vn -0.3279 -0.8434 0.4256
vn -0.5757 -0.7835 -0.2338
vn -0.4560 -0.7470 0.4837
vn -0.9783 -0.1681 -0.1214
vn -1.0000 0.0037 0.0076
vn -0.9932 0.0016 0.1165
vn -0.3703 0.9156 -0.1567
vn 0.7061 0.6870 -0.1714
vn 0.2883 0.0618 -0.9555
vn -0.3379 -0.2926 0.8945
vn -0.0508 -0.2840 0.9575
vn 0.6483 -0.7614 0.0053
vn 0.8633 -0.5039 -0.0271
vn -0.9424 -0.2710 -0.1959
vn -0.8438 0.5290 0.0904
vn -0.3041 0.3038 -0.9029
vn 0.2021 0.2157 -0.9553
vn 0.0443 -0.0036 -0.9990
vn 0.1473 -0.5847 0.7978
vn 0.3613 -0.6361 0.6818
vn 0.1300 0.6703 0.7306
vn 0.4208 -0.2570 0.8700
vn 0.9118 0.0688 0.4049
vn -0.9211 0.0894 -0.3789
vn 0.3655 -0.9225 -0.1240
vn -0.6013 0.7448 0.2892
vn 0.9760 0.0790 0.2028
vn 0.9860 -0.0963 0.1361
vn 0.5136 -0.6677 -0.5388
vn -0.8839 0.1646 -0.4377
vn -0.9301 -0.0353 -0.3656
vn 0.8948 -0.0187 -0.4462
vn 0.9484 0.0043 -0.3171
vn 0.9607 -0.1431 -0.2377
vn -0.8931 -0.2411 0.3799
vn 0.4569 -0.3928 0.7981
vn 0.2344 0.0340 0.9715
vn -0.0012 -0.6843 -0.7292
vn 0.0354 -0.6909 0.7221
vn 0.0744 -0.9958 0.0533
vn 0.2419 0.9525 -0.1849
vn -0.0347 -0.0966 0.9947
vn 0.3582 -0.4203 0.8337
vn -0.3411 0.5998 0.7238
vn 0.3087 -0.0709 -0.9485
vn 0.4446 0.2014 0.8728
vn -0.3719 -0.4798 -0.7947
vn 0.5321 0.4198 -0.7353
vn -0.5012 -0.4983 -0.7074
vn 0.5871 0.2411 0.7728
vn 0.3732 -0.1629 0.9134
vn 0.5544 -0.0001 0.8322
vn -0.0074 -0.3806 0.9247
vn -0.6683 0.1881 0.7198
vn -0.5708 -0.1823 0.8006
vn -0.9297 -0.0109 -0.3681
vn -0.1963 -0.1269 0.9723
vn 0.6900 -0.5704 -0.4456
vn 0.9889 -0.0275 0.1462
vn 0.9759 0.2086 0.0639
vn -0.0130 0.6641 -0.7475
vn -0.1541 0.7092 -0.6880
vn 0.0037 -0.4339 -0.9010
vn 0.9581 -0.0165 0.2861
vn 0.9588 0.1337 0.2505
vn 0.9218 0.3772 -0.0891
vn 0.5950 -0.6863 -0.4183
vn 0.1988 0.3335 -0.9215
vn 0.1717 -0.8723 -0.4578
vn 0.2879 0.5262 0.8001
vn -0.5010 0.4637 0.7307
vn 0.4309 0.6159 -0.6595
vn -0.3084 -0.5176 -0.7981
vn -0.4746 0.5250 0.7064
vn 0.4899 -0.3723 0.7883
vn 0.5045 -0.6351 0.5850
vn 0.7177 -0.1361 -0.6830
vn 0.7529 -0.1898 -0.6301
vn -0.8253 -0.5169 0.2275
vn 0.0537 0.0158 -0.9984
vn 0.1632 -0.4296 -0.8882
vn 0.9731 0.1526 0.1725
vn -0.0631 0.6801 0.7304
vn -0.0600 -0.1964 -0.9787
vn 0.7180 0.1771 0.6731
vn 0.4816 -0.0035 0.8764
vn 0.0351 0.9972 0.0659
vn 0.6134 0.6018 0.5114
vn 0.0872 0.7217 -0.6866
vn -0.6843 -0.3186 -0.6558
vn 0.6767 0.3351 -0.6555
vn -0.5946 -0.4283 -0.6805
vn 0.1007 0.2232 -0.9695
vn -0.2830 0.2475 0.9266
vn -0.8945 0.2283 -0.3843
vn -1.0000 0.0027 0.0060
vn -0.8362 0.0055 -0.5485
vn -1.0000 0.0041 0.0056
vn 0.4708 -0.3221 -0.8214
vn -0.9148 0.0008 -0.4040
vn 0.4604 -0.0279 -0.8873
vn -0.9344 -0.2069 -0.2900
vn 0.5098 -0.0058 -0.8603
vn 0.0533 -0.0246 -0.9983
vn -0.7745 0.0549 0.6302
vn -0.9847 0.1737 -0.0152
vn 0.9995 -0.0000 0.0324
vn 0.9931 0.0829 -0.0831
vn 0.9793 -0.1689 -0.1113
vn 0.8723 -0.0120 0.4887
vn 0.9987 0.0135 -0.0489
vn 0.9999 -0.0130 -0.0062
vn 0.6355 0.2898 0.7156
vn 0.9486 0.2829 0.1417
vn 0.8753 -0.0971 0.4736
vn 0.1032 -0.2459 0.9638
vn 0.0720 -0.0668 -0.9952
vn 0.4417 0.2425 0.8638
vn 0.9989 -0.0064 0.0469
vn 0.2183 0.0495 -0.9746
vn 0.2976 -0.1842 0.9368
vn 0.0336 0.0530 0.9980
vn -0.2128 -0.0578 -0.9754
vn 0.3007 -0.2434 -0.9221
vn 0.1461 0.7838 -0.6036
vn -0.5401 -0.2557 -0.8018
vn -0.4519 -0.6086 0.6523
vn 0.0583 -0.7309 -0.6799
vn 0.1211 -0.3544 0.9272
vn 0.3879 -0.0373 -0.9209
vn 0.3619 -0.0203 0.9320
vn 0.6816 0.5212 0.5136
vn 0.5209 -0.6295 -0.5766
vn -0.8683 0.4360 -0.2364
vn 0.2761 -0.4038 0.8722
vn 0.0254 -0.0430 0.9988
vn -0.9779 0.2031 -0.0498
vn 0.1878 -0.0684 0.9798
vn 0.0315 0.1583 0.9869
vn -0.5627 -0.0326 -0.8260
vn -0.6060 -0.0456 -0.7942
vn 0.9388 0.0404 -0.3420
vn -0.5331 -0.1502 -0.8326
vn 0.8333 0.0146 -0.5527
vn 0.6379 -0.2714 -0.7208
vn -0.7565 -0.2339 -0.6108
vn -0.9938 -0.1109 0.0001
vn -0.0676 0.3456 -0.9359
vn 0.6531 0.0001 -0.7573
vn -0.1393 -0.3075 -0.9413
vn -0.2230 0.1935 0.9554
vn -0.1114 0.3131 -0.9431
vn 0.1313 0.5452 -0.8280
vn -0.7452 -0.0067 -0.6668
vn 0.3813 0.2230 -0.8972
vn 0.6688 -0.3198 -0.6711
vn 0.9987 -0.0477 0.0193
vn 0.9922 0.0048 0.1249
vn 0.9031 -0.0072 -0.4294
vn 0.0338 -0.2696 -0.9624
vn 0.6326 -0.0030 -0.7745
vn -0.5256 -0.0123 -0.8506
vn -0.3397 0.0182 -0.9404
vn 0.4819 0.1757 -0.8584
vn 0.8267 0.4516 -0.3355
vn -0.9356 -0.2423 0.2569
vn 0.5789 -0.5359 0.6145
vn -0.0124 -0.3287 0.9444
vn -0.0043 -0.9947 -0.1032
vn -0.5485 -0.2560 0.7960
vn 0.4955 0.4113 0.7651
vn -0.0626 0.0575 0.9964
vn -0.6622 0.1442 -0.7353
vn -0.7516 0.5402 -0.3785
vn 0.3089 0.7982 -0.5172
vn 0.5033 0.4782 0.7197
vn 0.6292 0.1338 -0.7657
vn 0.4390 0.0553 0.8968
vn -0.1810 -0.1801 0.9668
vn 0.2218 0.6726 0.7060
vn -0.0200 0.4378 -0.8988
vn 0.1910 0.1297 -0.9730
vn 0.0412 -0.9347 -0.3531
vn -0.5538 0.2295 0.8004
vn -0.2534 0.0352 -0.9667
vn 0.5120 -0.0076 0.8589
vn 0.2340 -0.2045 -0.9505
vn -0.0437 -0.1423 0.9889
vn 0.9696 0.0981 -0.2240
vn 0.9494 0.1333 0.2844
vn 0.9790 0.1891 0.0758
vn -0.0294 0.2457 0.9689
vn 0.0629 0.0213 0.9978
vn -0.3626 0.9319 -0.0076
vn 0.5332 -0.0003 -0.8460
vn 0.7161 0.0019 -0.6980
vn 0.3696 -0.0011 -0.9292
vn 0.8823 0.0432 0.4687
vn -0.9462 0.2831 0.1570
vn 0.1241 0.0050 -0.9923
vn -0.0114 0.2379 0.9712
vn -0.0919 -0.1386 0.9861
vn -0.8370 -0.0015 -0.5472
vn -0.7768 -0.0044 -0.6298
vn -0.9462 -0.0045 0.3236
vn -0.2033 -0.5920 -0.7799
vn 0.4611 0.1330 0.8773
vn -0.7367 -0.2106 0.6426
vn -0.8182 0.1366 -0.5585
vn -0.8006 -0.0211 0.5988
vn 0.2303 0.0052 0.9731
vn -0.7370 -0.0041 0.6759
vn -0.9446 0.0276 -0.3270
vn 0.2520 0.0420 0.9668
vn -0.0953 -0.4539 -0.8859
vn -0.1670 -0.9704 0.1743
vn 0.7634 -0.0920 -0.6394
vn 0.7622 -0.1464 0.6306
vn 0.4665 0.1363 -0.8740
vn -0.8415 -0.5121 0.1723
vn -0.8942 -0.1884 -0.4060
vn -0.8241 0.5581 -0.0968
vn -0.1330 0.7600 0.6361
vn 0.0390 -0.6198 0.7838
vn 0.4012 0.2708 0.8751
vn -0.9993 -0.0168 0.0332
vn 0.0144 -0.0450 0.9989
vn -0.2631 0.7607 0.5933
vn -0.9254 0.2705 0.2654
vn 0.0984 0.6130 -0.7839
vn 0.1571 0.9053 -0.3946
vn 0.7274 -0.0102 0.6861
vn 0.9386 0.0655 0.3388
vn 0.3093 0.0329 0.9504
vn -0.0371 0.0496 0.9981
vn 0.0321 0.3050 0.9518
vn -0.1183 0.8015 0.5862
vn -0.4014 -0.8223 0.4033
vn 0.2714 0.6390 0.7198
vn -0.8945 0.3652 0.2580
vn 0.0090 -0.6342 -0.7731
vn -0.1363 -0.7976 -0.5875
vn -0.0801 -0.8346 -0.5450
vn -0.7266 0.4231 -0.5413
vn 0.6006 -0.7606 -0.2466
vn -0.0317 -0.5564 0.8303
vn 0.2251 -0.7077 -0.6697
vn 0.1982 -0.2442 -0.9492
vn -0.6393 -0.3053 0.7058
vn -0.8286 0.5594 0.0218
vn -0.7312 -0.6813 0.0334
vn 0.0225 0.9934 0.1126
vn 0.6278 0.6735 0.3902
vn 0.0172 0.7697 -0.6381
vn 0.3349 -0.2024 0.9203
vn -0.9642 -0.2460 -0.0992
vn 0.3519 -0.2953 0.8882
vn -0.0558 -0.5548 0.8301
vn 0.0413 -0.9919 -0.1199
vn -0.6940 -0.7199 0.0088
vn -0.9817 0.1019 -0.1608
vn -0.2521 0.0615 0.9657
vn -0.9424 0.0425 0.3316
vn 0.7762 -0.1734 -0.6061
vn -0.7008 0.0607 -0.7108
vn 0.5584 0.6658 -0.4949
vn -0.4037 0.3168 0.8583
vn 0.5354 0.5982 -0.5962
vn 0.8165 -0.1421 -0.5597
vn -0.3240 -0.1902 -0.9267
vn 0.7478 -0.3916 0.5361
vn -0.5999 0.3646 0.7121
vn 0.4970 -0.8306 -0.2513
vn -0.0637 -0.9494 0.3076
vn 0.4941 -0.8125 -0.3093
vn 0.1026 0.3010 0.9481
vn -0.1332 -0.3219 0.9374
vn 0.0005 0.7547 0.6561
vn 0.8041 -0.3132 -0.5052
vn 0.6119 0.0058 -0.7909
vn 0.0583 0.9883 -0.1412
vn -0.7994 -0.1454 -0.5829
vn 0.3986 0.7439 -0.5365
vn -0.3804 0.8634 -0.3315
vn -0.6778 0.3234 -0.6603
vn -0.7235 0.1697 0.6691
vn 0.1250 0.1750 0.9766
vn -0.4250 -0.6838 0.5932
vn -0.8631 -0.2627 0.4314
vn -0.9258 0.2575 0.2769
vn 0.8796 -0.4117 0.2383
vn -0.9141 0.3178 0.2519
vn 0.7107 -0.1476 0.6878
vn 0.8275 0.5612 -0.0168
vn 0.9984 0.0020 0.0571
vn 0.6588 0.0022 0.7523
vn 0.7115 -0.1455 0.6875
vn -0.8033 0.2072 -0.5584
vn 0.9830 -0.1809 -0.0310
vn 0.9338 0.3201 -0.1597
vn -0.5653 -0.3464 0.7486
vn 0.4847 0.1884 0.8542
vn 0.5688 0.5644 0.5982
vn -0.9987 0.0023 0.0515
vn -0.9993 0.0109 -0.0364
vn -0.9611 0.2758 0.0128
vn 0.5821 -0.4095 -0.7025
vn -0.5036 0.4858 -0.7144
vn 0.4808 -0.5302 -0.6984
vn -0.1460 -0.9859 -0.0822
vn -0.4676 0.1170 -0.8762
vn -0.4235 -0.4802 0.7681
vn -0.2154 -0.1946 0.9569
vn -0.0230 -0.3925 0.9195
vn 0.2460 0.9059 0.3447
vn 0.2861 0.5663 0.7730
vn -0.0839 -0.2834 0.9553
vn 0.4582 0.6005 0.6553
vn -0.4103 -0.4522 0.7919
vn -0.5316 -0.7675 0.3582
vn 0.4067 0.8911 0.2016
vn -0.0112 -0.7645 -0.6446
vn -0.3645 0.9165 -0.1652
vn 0.1469 -0.3627 -0.9203
vn 0.2314 0.0630 -0.9708
vn 0.3488 -0.2614 0.9000
vn 0.0250 -0.2178 0.9757
vn -0.5621 -0.5380 -0.6281
vn 0.2990 0.3935 -0.8693
vn 0.0921 -0.7297 -0.6776
vn -0.5294 0.8463 -0.0589
vn -0.4762 0.5680 -0.6713
vn 0.2274 0.3560 -0.9064
vn -0.1864 -0.0508 0.9812
vn 0.1983 0.0699 0.9777
vn -0.4421 0.0611 0.8949
vn -0.4788 0.1077 -0.8713
vn -0.5947 0.1277 0.7937
vn -0.7549 -0.2006 0.6244
vn 0.0949 0.5201 0.8488
vn 0.1574 0.6175 0.7707
vn -0.2304 0.8022 0.5508
vn 0.8354 -0.1472 -0.5296
vn 0.9799 -0.0681 0.1878
vn 0.5634 -0.0226 -0.8258
vn 0.1042 0.5220 0.8466
vn 0.8483 0.0680 0.5250
vn 0.2171 -0.5189 -0.8268
vn -0.9877 -0.1555 -0.0146
vn -0.9209 -0.3897 -0.0030
vn -0.6010 0.2102 0.7711
vn 0.8731 -0.4004 -0.2781
vn 0.9493 -0.2773 -0.1478
vn 0.3761 -0.7188 0.5847
vn 0.8235 -0.5642 -0.0595
vn 0.1922 -0.5550 0.8094
vn -0.6988 0.0425 -0.7141
vn -0.9146 -0.0635 -0.3994
vn 0.9824 -0.0147 0.1863
vn -0.1070 -0.2147 0.9708
vn -0.0432 0.1143 0.9925
vn -0.2334 -0.2253 0.9459
vn 0.9100 0.0043 -0.4146
vn 0.2823 0.7473 0.6015
vn 0.5374 -0.6758 0.5045
vn 0.6129 -0.0134 0.7900
vn 0.9809 -0.0908 -0.1719
vn 0.7623 -0.2373 0.6022
vn 0.5830 0.1387 -0.8006
vn -0.1152 0.9439 -0.3096
vn -0.5900 0.2049 -0.7810
vn -0.0869 -0.0413 0.9954
vn -0.4258 -0.0203 -0.9046
vn -0.8489 0.0226 -0.5281
vn 0.0101 0.5795 0.8149
vn -0.2058 0.3669 0.9072
vn 0.1144 0.4207 0.9000
vn 0.2928 0.0376 -0.9554
vn -0.3908 0.4094 -0.8244
vn -0.1753 -0.7065 0.6857
vn -0.2780 -0.9606 -0.0061
vn -0.3366 -0.7249 0.6010
vn 0.1265 0.2209 0.9671
vn 0.4252 0.4707 -0.7731
vn 0.8939 0.4478 0.0215
vn 0.3368 0.4298 0.8378
vn 0.2794 -0.2149 -0.9358
vn -0.2007 0.0145 -0.9795
vn 0.1520 0.4390 -0.8855
vn 0.9795 -0.1686 -0.1100
vn -0.7934 -0.0557 0.6062
vn -0.8689 0.0741 -0.4895
vn -0.8497 0.1321 0.5105
vn -0.0773 -0.6719 -0.7366
vn 0.1980 -0.9198 -0.3388
vn -0.0486 -0.3491 -0.9358
vn 0.9727 0.0275 -0.2303
vn 0.9862 0.1583 -0.0475
vn -0.4807 0.8046 0.3486
vn -0.1127 -0.1936 -0.9746
vn 0.0341 0.7747 0.6314
vn -0.7338 -0.4864 -0.4743
vn -0.8388 -0.0048 -0.5445
vn -0.9999 -0.0041 -0.0116
vn 0.1305 0.1284 0.9831
vn -0.8301 0.2410 -0.5029
vn -0.1256 0.3740 0.9189
vn 0.9920 0.1229 -0.0276
vn 0.4069 -0.7737 -0.4855
vn 0.7354 -0.6350 0.2366
vn -0.8229 -0.2241 -0.5221
vn -0.6649 -0.2032 -0.7187
vn 0.9491 0.0851 0.3032
vn 0.5870 -0.0399 0.8086
vn 0.9768 0.2143 0.0044
vn -0.9026 0.0017 -0.4306
vn -1.0000 0.0025 0.0088
vn -0.9999 -0.0061 0.0107
vn -0.2267 -0.5098 -0.8299
vn 0.4074 -0.7278 0.5516
vn 0.8392 -0.4054 -0.3624
vn -0.8022 -0.0519 0.5948
vn 0.2491 0.3803 -0.8907
vn -0.6529 0.7554 -0.0557
vn 0.3764 -0.4105 -0.8305
vn -0.4272 0.1579 -0.8903
vn 0.4771 -0.3138 -0.8209
vn 0.8575 0.0025 0.5145
vn 0.9707 0.0033 -0.2401
vn -0.0016 -0.7710 -0.6368
vn 0.0018 -0.6615 -0.7500
vn 0.2254 0.9302 0.2896
vn -0.7088 -0.4151 -0.5704
vn 0.9925 0.0197 0.1205
vn 0.2618 0.1819 0.9478
vn -0.9137 -0.2748 -0.2995
vn 0.7483 -0.3253 -0.5781
vn -0.2888 -0.9458 -0.1485
vn -0.7163 -0.0237 -0.6973
vn -0.3685 0.2309 -0.9005
vn -0.3830 0.2572 0.8872
vn 0.1552 0.0243 0.9876
vn -0.0739 0.1862 0.9797
vn -0.1745 0.2581 0.9502
vn 0.9971 0.0693 0.0319
vn 0.1834 -0.0290 0.9826
vn 0.9975 0.0348 0.0609
vn -0.5811 0.0012 0.8138
vn -0.6831 0.0028 -0.7303
vn -0.9684 -0.1457 0.2023
vn -0.9222 -0.0993 0.3736
vn -0.4298 -0.2446 -0.8691
vn -0.7048 -0.0357 -0.7085
vn 0.9417 0.2073 -0.2649
vn 0.9898 0.1281 0.0626
vn -0.0814 0.3621 -0.9286
vn 0.0670 0.5491 0.8330
vn -0.2386 0.2534 -0.9375
vn -0.6132 -0.3892 0.6873
vn -0.7239 -0.3227 0.6098
vn 0.5701 0.3536 0.7416
vn 0.7220 0.0022 0.6919
vn 0.7673 0.0480 0.6395
vn 0.3800 0.7745 -0.5057
vn 0.1680 0.9362 0.3086
vn 0.3747 0.3778 -0.8467
vn -0.9069 -0.4064 -0.1111
vn 0.5592 -0.0944 0.8236
vn 0.7306 -0.3841 -0.5645
vn 0.4907 0.8496 0.1935
vn 0.6375 -0.7365 -0.2259
vn -0.2037 -0.9534 -0.2225
vn -0.0561 0.4101 0.9103
vn -0.2285 0.9705 0.0767
vn 0.0014 0.8401 -0.5424
vn -0.3864 0.0713 0.9196
vn 0.0524 -0.7545 0.6542
vn 0.6797 0.2989 0.6699
vn -0.0972 -0.3122 -0.9450
vn 0.2660 0.6683 -0.6947
vn 0.0453 -0.7670 -0.6401
vn -0.1504 -0.7718 0.6179
vn -0.3111 0.2474 -0.9176
vn -0.4773 -0.5768 -0.6630
vn 0.6389 -0.7167 0.2796
vn -0.5020 -0.0134 -0.8648
vn -0.4272 0.1538 0.8910
vn -0.0354 0.2101 -0.9770
vn -0.9759 -0.1595 -0.1487
vn -0.5461 -0.6509 0.5273
vn 0.2468 -0.1089 0.9629
vn 0.2557 -0.3427 -0.9040
vn -0.4157 0.4885 -0.7672
vn -0.3066 -0.6258 -0.7172
vn 0.3572 0.4390 -0.8244
vn -0.7546 -0.0489 -0.6544
vn -0.4563 0.1023 -0.8839
vn 0.2770 0.8496 0.4488
vn -0.0811 0.5382 -0.8389
vn 0.7099 -0.0050 -0.7043
vn 0.4434 -0.0037 -0.8963
vn -0.1467 0.0953 -0.9846
vn -0.5078 0.0188 -0.8613
vn -0.0934 0.0468 -0.9945
vn 0.9041 -0.1118 -0.4124
vn 0.7099 -0.7042 -0.0105
vn 0.7045 0.0233 0.7093
vn 0.9304 0.0736 -0.3590
vn -0.0986 0.0263 0.9948
vn 0.7933 -0.2757 0.5429
vn 0.9801 0.1262 -0.1534
vn -0.1396 0.9804 -0.1390
vn -0.3666 0.9194 -0.1424
vn -0.9054 0.3596 0.2257
vn -0.0459 0.2546 0.9660
vn 0.7202 -0.4236 0.5495
vn -0.0024 0.2409 0.9706
vn -0.2721 0.2599 0.9265
vn -0.8852 0.0015 0.4651
vn -0.7843 0.0430 0.6189
vn -0.8271 0.0038 0.5620
vn -0.2921 -0.4246 0.8570
vn -0.2922 0.1607 -0.9428
vn -0.0023 -0.0419 -0.9991
vn -0.9449 0.0416 0.3247
vn -0.9440 -0.3294 -0.0199
vn 0.6925 0.0141 0.7213
vn 0.6190 0.7319 0.2849
vn 0.1061 -0.0168 -0.9942
vn 0.8869 0.3688 0.2783
vn 0.1683 0.5470 0.8201
vn 0.0101 0.7729 -0.6345
vn 0.9552 -0.1245 -0.2686
vn -0.1853 -0.3793 -0.9065
vn 0.9685 0.2043 0.1425
vn -0.4450 0.1759 -0.8781
vn -0.2134 0.9386 0.2712
vn -0.1943 -0.1058 0.9752
vn -0.2259 0.0530 -0.9727
vn -0.1673 0.6433 -0.7471
vn -0.9306 0.2500 -0.2675
vn 0.8169 -0.2712 0.5091
vn 0.8613 0.0743 0.5026
vn -0.9912 0.1120 0.0702
vn -0.3729 0.3131 0.8734
vn 0.8609 -0.4674 -0.2008
vn -0.3416 0.1953 -0.9193
vn 0.1483 -0.1278 -0.9807
vn 0.2491 0.6109 0.7515
vn 0.0572 -0.1579 -0.9858
vn 0.3191 0.6902 0.6494
vn 0.2207 0.4968 -0.8393
vn 0.3923 -0.2907 -0.8727
vn -0.7461 0.0625 -0.6629
vn -0.2041 -0.9767 -0.0664
vn -0.2298 0.5010 -0.8344
vn -0.3112 0.3925 0.8655
vn 0.5846 -0.8007 0.1312
vn 0.0005 0.1094 0.9940
vn 0.9181 -0.1960 -0.3445
vn -0.1676 -0.2058 0.9641
vn 0.3966 -0.2243 0.8902
vn -0.4534 -0.8826 -0.1243
vn -0.0407 0.0564 -0.9976
vn -0.0160 0.6962 0.7176
vn 0.1209 -0.9597 0.2536
vn 0.6950 0.4027 0.5956
vn -0.5815 -0.1186 0.8049
vn -0.8924 0.3999 -0.2090
vn -0.3216 0.0922 0.9424
vn -0.4079 0.0076 -0.9130
vn -0.0586 0.6148 -0.7865
vn 0.0477 0.0706 -0.9964
vn -0.9965 0.0104 -0.0832
vn -0.9770 0.1245 0.1730
vn -0.5892 -0.0047 0.8080
vn -0.9948 -0.0507 0.0881
vn -0.9167 -0.0607 -0.3949
vn -0.9362 -0.0111 -0.3513
vn 0.6048 0.2763 -0.7469
vn -0.0004 0.2048 0.9788
vn -0.1200 0.9907 0.0646
vn -0.2686 0.5475 0.7925
vn 0.4153 -0.7926 0.4465
vn 0.1762 -0.7252 0.6656
vn 0.2215 -0.4161 0.8819
vn -0.0516 -0.5327 0.8447
vn -0.7624 -0.1190 0.6361
vn 0.8907 -0.4260 0.1587
vn 0.4736 -0.7111 0.5197
vn -0.6368 -0.6876 -0.3488
vn -0.2621 -0.0736 -0.9622
vn 0.5993 -0.0173 0.8003
vn -0.3019 -0.0039 0.9533
vn 0.1103 0.0098 0.9939
vn 0.7085 -0.0198 0.7054
vn -0.2683 0.0117 0.9633
vn -0.6221 0.0152 0.7828
vn 0.5097 -0.0071 -0.8603
vn 0.3396 -0.0717 -0.9378
vn 0.7995 0.4118 0.4373
vn 0.9818 0.1123 0.1529
vn 0.2029 -0.6512 0.7313
vn -0.6976 -0.0365 -0.7156
vn 0.7373 0.2457 -0.6293
vn 0.1838 -0.0066 -0.9830
vn 0.9386 -0.0062 -0.3451
vn 0.7380 0.0076 -0.6747
vn 0.9956 0.0902 -0.0267
vn 0.1875 0.2417 -0.9521
vn 0.6714 -0.4150 0.6141
vn -0.2163 0.9441 -0.2487
vn 0.3589 0.9283 -0.0972
vn -0.8856 0.0112 -0.4643
vn -0.0772 0.0021 -0.9970
vn 0.3262 -0.4327 0.8405
vn -0.3629 0.0948 -0.9270
vn 0.5840 0.6624 0.4691
vn -0.5281 0.7722 -0.3534
vn -0.2071 -0.2832 0.9364
vn -0.2168 0.3766 0.9006
vn -0.2341 0.0661 0.9700
vn -0.4230 0.0468 0.9049
vn 0.0566 -0.2725 -0.9605
vn 0.2447 -0.3051 0.9204
vn 0.6365 -0.5538 -0.5367
vn 0.3455 0.0362 -0.9377
vn 0.9996 0.0211 -0.0180
vn 0.3859 -0.7170 -0.5805
vn -0.7959 -0.6054 0.0082
vn -0.5652 -0.3252 -0.7581
vn -0.8703 -0.4925 0.0007
vn 0.1338 -0.0717 -0.9884
vn -0.1104 0.2231 -0.9685
vn 0.0728 0.8404 0.5370
vn 0.6074 0.0335 -0.7937
vn 0.1271 -0.9919 0.0021
vn 0.1120 -0.6855 0.7194
vn 0.8696 0.4292 0.2443
vn -0.1230 -0.8582 0.4984
vn 0.6614 -0.7468 0.0699
vn 0.7954 -0.6047 0.0423
vn 0.7716 -0.6361 0.0070
vn -0.2829 0.3731 -0.8836
vn 0.0467 0.5521 -0.8325
vn -0.3969 0.1041 0.9120
vn -0.9460 0.0743 -0.3154
vn -0.4114 -0.1555 0.8981
vn 0.4082 0.4898 0.7704
vn 0.7430 -0.6693 -0.0057
vn -0.5030 -0.0002 0.8643
vn 0.9830 -0.0279 0.1816
vn 0.2594 -0.9650 -0.0392
vn 0.1575 -0.8686 -0.4698
vn 0.1515 -0.7979 0.5835
vn 0.8303 0.2336 -0.5060
vn 0.8966 -0.2500 0.3656
vn 0.9999 -0.0091 0.0125
vn 0.8386 -0.5090 -0.1941
vn -0.9499 -0.2320 0.2095
vn -0.4342 -0.3034 0.8482
vn 0.3173 0.9475 0.0393
vn -0.0097 -0.2114 0.9774
vn 0.0509 0.0323 0.9982
vn -0.6818 -0.6841 0.2592
vn 0.1022 -0.6194 0.7784
vn -0.6219 0.6581 0.4245
vn 0.4088 -0.0317 0.9121
vn 0.3378 0.1427 0.9303
vn 0.9679 0.2098 -0.1384
vn 0.7293 0.5878 0.3500
vn -0.8923 0.0276 -0.4506
vn -0.5091 0.8205 0.2600
vn -0.9970 -0.0159 0.0758
vn 0.0374 -0.9954 -0.0888
vn 0.0164 0.3178 -0.9480
vn 0.0272 -0.9671 -0.2530
vn 0.4754 0.0191 -0.8796
vn 0.6500 0.0356 0.7591
vn -0.0133 -0.4727 -0.8811
vn 0.5029 -0.4634 0.7297
vn -0.4661 -0.0573 0.8828
vn 0.7373 0.1796 0.6513
vn 0.3994 -0.6362 0.6601
vn -0.5878 0.1574 -0.7935
vn 0.4608 -0.3029 -0.8342
vn 0.4971 -0.3460 -0.7957
vn 0.1714 -0.9349 0.3108
vn -0.7208 0.0290 -0.6925
vn 0.8332 0.0690 -0.5487
vn 0.8296 0.0983 -0.5497
vn 0.1683 -0.9614 -0.2175
vn 0.7010 -0.6087 -0.3717
vn 0.6556 -0.3907 -0.6462
vn 0.6503 0.3708 -0.6631
vn -0.9789 -0.0005 0.2042
vn -0.9619 -0.0325 0.2715
vn -0.8075 -0.0015 0.5899
vn 0.2318 0.8286 -0.5096
vn -0.2899 -0.5389 -0.7909
vn -0.0194 -0.9911 -0.1319
vn 0.0242 0.9339 -0.3568
vn 0.2528 -0.7891 -0.5598
vn -0.1236 0.8358 -0.5350
vn 0.2007 0.8856 -0.4189
vn 0.6620 -0.2411 -0.7097
vn 0.2691 0.0750 -0.9602
vn 0.8789 -0.0886 0.4686
vn 0.7168 0.0463 -0.6957
vn -0.4617 0.8806 0.1067
vn 0.7320 0.0381 -0.6802
vn 0.5605 -0.8280 -0.0162
vn 0.4652 0.5830 -0.6661
vn -0.9425 0.0929 -0.3209
vn -0.2697 -0.0133 0.9628
vn 0.5597 0.0049 0.8287
vn -0.1461 -0.0034 -0.9893
vn 0.4867 0.8730 -0.0321
vn 0.3699 0.6044 0.7056
vn 0.6276 0.7785 -0.0070
vn 0.9954 0.0784 0.0556
vn 0.0367 -0.3895 -0.9203
vn -0.6501 -0.1832 -0.7375
vn -0.4828 -0.4362 0.7594
vn -0.9944 0.0352 0.0993
vn 0.2096 0.0250 0.9775
vn 0.0006 -0.1263 0.9920
vn 0.5937 0.5024 0.6286
vn 0.3110 -0.1411 -0.9399
vn 0.1044 -0.0753 0.9917
vn 0.1268 -0.1827 0.9750
vn 0.7416 -0.1789 0.6466
vn 0.0902 -0.6262 0.7745
vn -0.5796 -0.2090 0.7876
vn 0.8958 -0.1397 0.4219
vn 0.3885 -0.2832 0.8769
vn -0.5119 0.8144 -0.2735
vn 0.1081 0.7843 -0.6109
vn -0.1290 -0.3977 0.9084
vn -0.5141 -0.0250 0.8574
vn -0.6317 0.0044 0.7752
vn 0.8857 -0.0116 0.4641
vn -0.0803 -0.6699 -0.7381
vn -0.8081 -0.4507 -0.3793
vn 0.7438 -0.5075 0.4349
vn 0.6987 0.4406 -0.5636
vn 0.9116 0.4008 0.0912
vn 0.2555 0.6210 -0.7410
vn 0.9780 0.0030 -0.2087
vn 0.2251 0.0619 -0.9724
vn -0.8789 0.2112 -0.4277
vn -0.9297 0.3662 0.0386
vn -0.6405 0.2892 -0.7114
vn -0.6698 0.0359 0.7417
vn -0.6851 0.0057 0.7284
vn -0.7821 0.0060 0.6232
vn 0.7661 -0.6147 0.1876
vn 0.7631 -0.0017 0.6463
vn -0.7592 -0.2000 0.6193
vn -0.9473 0.0094 0.3202
vn -0.5734 0.3157 0.7560
vn 0.0651 0.0678 -0.9956
vn 0.7992 0.2675 0.5383
vn 0.0264 0.1877 -0.9819
vn 0.1497 -0.3607 -0.9206
vn -0.0629 0.2016 -0.9775
vn -0.4417 -0.7859 0.4328
vn -0.2883 -0.1420 -0.9469
vn -0.9797 0.1666 0.1117
vn -0.1053 -0.0344 -0.9938
vn -0.0249 0.0936 -0.9953
vn -0.5954 0.7353 0.3239
vn 0.6246 0.2744 -0.7311
vn -0.6540 -0.4670 -0.5952
vn -0.2312 0.0238 -0.9726
vn 0.9941 0.1080 -0.0054
vn 0.7901 -0.0014 0.6130
vn 0.0319 -0.0610 0.9976
vn -0.8712 0.3722 0.3202
vn -0.9781 -0.0303 0.2058
vn 0.9399 -0.1367 0.3130
vn 0.7612 -0.0518 0.6464
vn 0.9347 0.1201 0.3346
vn -0.5479 0.5743 -0.6083
vn -0.4945 -0.8644 -0.0906
vn 0.0987 0.0026 -0.9951
vn -0.5007 0.1655 -0.8496
vn 0.0592 0.5196 0.8524
vn 0.1193 0.5024 0.8564
vn 0.2213 0.9752 -0.0070
vn -0.3658 0.0527 -0.9292
vn 0.4195 -0.0210 -0.9075
vn 0.1983 0.0423 0.9792
vn -0.4167 0.8244 0.3830
vn 0.2380 0.5925 0.7696
vn 0.7499 0.0277 0.6610
vn -0.7928 -0.5360 0.2902
vn 0.8528 -0.0882 0.5147
vn -0.5833 -0.4001 -0.7069
vn -0.4981 -0.7767 0.3856
vn -0.1216 0.7828 -0.6103
vn -0.3398 -0.7821 -0.5223
vn 0.5827 -0.2470 -0.7742
vn -0.1229 0.5872 -0.8000
vn 0.2607 0.0785 0.9622
vn 0.2809 -0.0700 0.9572
vn 0.8758 0.1088 0.4702
vn -0.1334 -0.7971 0.5890
vn 0.8051 -0.5875 -0.0818
vn -0.5499 0.6018 -0.5792
vn -0.3798 0.2888 -0.8788
vn -0.7266 0.6864 -0.0296
vn -0.8870 -0.0135 -0.4616
vn -0.9219 0.0254 -0.3865
vn 0.3254 -0.3904 0.8612
vn 0.7961 -0.4123 0.4430
vn 0.5347 0.5598 0.6330
vn -0.5104 -0.4863 0.7092
vn 0.5366 0.3986 0.7438
vn 0.3398 0.3686 0.8653
vn 0.7862 0.3954 0.4748
vn 0.1970 0.0677 -0.9781
vn 0.7852 0.1305 -0.6053
vn -0.3046 0.9436 -0.1296
vn -0.0851 0.4355 0.8962
vn -0.5854 -0.0174 -0.8105
vn -0.6241 -0.2187 -0.7501
vn -0.9552 0.2948 -0.0279
vn 0.5336 0.0882 -0.8411
vn -0.3744 0.0515 0.9258
vn -0.9262 0.0381 0.3751
vn -0.0036 0.8677 -0.4971
vn -0.6830 -0.1460 -0.7157
vn -0.2188 -0.0208 -0.9755
vn 0.2201 -0.7841 -0.5803
vn -0.3886 0.5826 0.7139
vn 0.3660 -0.6299 0.6850
vn -0.0295 0.1706 0.9849
vn 0.5489 -0.7102 0.4408
vn -0.9877 0.0725 0.1385
vn -0.0021 0.4093 0.9124
vn 0.3612 -0.4872 -0.7951
vn 0.0982 -0.4383 -0.8934
vn 0.0229 0.6341 -0.7729
vn -0.8932 0.2683 0.3609
vn -0.0534 -0.4702 0.8809
vn 0.0538 0.7089 -0.7033
vn 0.0790 0.9283 -0.3634
vn 0.5591 0.8092 -0.1804
vn 0.7161 -0.0290 0.6974
vn 0.8364 -0.4314 0.3383
vn -0.0445 0.1540 -0.9871
vn 0.0556 0.3056 -0.9505
vn -0.0015 -0.2753 0.9613
vn -0.9302 -0.1154 -0.3485
vn 0.0221 -0.8633 0.5042
vn -0.1293 -0.9828 0.1321
vn 0.9114 -0.0076 -0.4114
vn 0.9894 -0.1252 0.0739
vn 0.9874 -0.0098 0.1577
vn 0.3085 0.7865 -0.5349
vn -0.9902 0.1370 0.0277
vn -0.3729 -0.2681 -0.8883
vn -0.1863 0.7702 0.6100
vn -0.8957 0.4204 -0.1451
vn -0.9580 0.1364 -0.2524
vn -0.2485 -0.0139 0.9685
vn -0.0247 -0.9891 0.1452
vn 0.1406 0.6426 -0.7532
vn -0.8849 0.4657 -0.0059
vn 0.4346 0.2533 0.8643
vn -0.7116 0.2942 0.6380
vn -0.8111 0.5648 -0.1517
vn 0.4273 -0.1685 0.8883
vn -0.1268 -0.6242 0.7709
vn 0.1756 0.9803 -0.0901
vn -0.9857 -0.1635 0.0395
vn 0.1884 -0.7047 0.6840
vn -0.0874 -0.6860 0.7223
vn -0.4012 -0.0017 -0.9160
vn 0.6390 -0.0060 -0.7692
vn 0.3277 0.3194 -0.8892
vn -0.0754 -0.1993 0.9770
vn -0.2226 0.1255 -0.9668
vn 0.8000 -0.4941 -0.3405
vn -0.2409 0.7890 0.5652
vn -0.8576 0.4421 -0.2629
vn -0.6288 0.5891 -0.5075
vn -0.8376 0.0960 -0.5378
vn -0.9347 0.3542 -0.0311
vn 0.9779 0.0436 0.2044
vn -0.9533 -0.1905 0.2342
vn 0.1192 -0.1162 -0.9860
vn -0.4349 0.0335 -0.8999
vn 0.6799 -0.6999 0.2187
vn -0.0406 0.7565 0.6527
vn -0.0034 0.8071 0.5904
vn -0.0889 0.9452 -0.3143
vn 0.6706 0.0104 0.7418
vn 0.6180 0.0345 0.7854
vn -0.0390 -0.0071 0.9992
vn -0.9650 0.2185 0.1452
vn 0.5458 -0.2586 -0.7970
vn 0.5468 -0.4558 0.7023
vn -0.6741 -0.5053 0.5388
vn -0.2705 -0.0621 -0.9607
vn -0.6448 -0.6316 0.4304
vn -0.9292 0.1343 0.3444
vn -0.8680 0.0860 0.4891
vn -0.9977 -0.0099 0.0676
vn -0.9985 0.0042 -0.0547
vn -0.5393 0.1720 -0.8244
vn 0.5314 0.7095 0.4628
vn -0.2449 -0.0566 -0.9679
vn -0.8981 -0.1012 -0.4279
vn -0.5162 -0.0016 -0.8565
vn -0.8389 -0.0017 -0.5442
vn 0.6416 -0.7669 -0.0118
vn 0.5150 0.0245 -0.8568
vn -0.1976 0.9770 -0.0805
vn 0.1299 0.2758 0.9524
vn -0.8936 0.1727 -0.4143
vn -0.2808 -0.6463 0.7095
vn 0.5426 0.3631 0.7574
vn -0.5508 0.4990 -0.6690
vn 0.9061 0.1789 0.3833
vn 0.9526 -0.0850 -0.2921
vn 1.0000 -0.0042 0.0060
vn 0.9986 0.0016 -0.0523
vn -0.4019 0.0005 -0.9157
vn 0.9686 -0.0001 -0.2486
vn 0.8070 -0.0016 -0.5906
vn -0.8120 -0.5643 -0.1489
vn -0.8351 -0.5220 0.1734
vn -0.2058 0.1463 0.9676
vn -0.7760 -0.6304 0.0203
vn -0.0307 0.3467 0.9375
vn -0.8930 -0.0197 0.4497
vn -0.9456 0.0846 -0.3140
vn -0.2070 0.6517 0.7296
vn -0.2543 0.9670 -0.0125
vn -0.0121 -0.3561 -0.9344
vn -0.6760 -0.0002 -0.7369
vn -0.3161 0.0146 -0.9486
vn 0.6645 0.5687 -0.4848
vn 0.9731 -0.0964 -0.2094
vn 0.9999 0.0090 -0.0143
vn -0.8585 0.0820 0.5062
vn -0.1843 -0.9239 -0.3353
vn -0.0158 -0.5611 0.8276
vn 0.0094 -0.6354 0.7722
vn -0.7646 0.0312 -0.6438
vn -0.4120 -0.3626 -0.8359
vn -0.4273 0.2000 0.8817
vn -0.7349 0.6701 0.1039
vn -0.5713 -0.3258 0.7533
vn 0.3178 -0.6965 0.6433
vn -0.2233 -0.0507 0.9734
vn 0.9945 0.0508 -0.0918
vn 0.3985 0.1822 -0.8989
vn -0.7754 -0.2472 0.5811
vn 0.1112 0.4946 0.8620
vn -0.6805 0.6619 -0.3144
vn 0.4320 -0.3414 0.8347
vn 0.7365 0.2255 -0.6378
vn 0.9723 -0.1807 0.1481
vn -0.1615 -0.5973 0.7856
vn 0.2178 -0.9109 0.3506
vn 0.0741 0.4776 0.8754
vn -0.9797 -0.0279 0.1987
vn 0.4058 0.1463 0.9022
vn -0.0037 0.3496 -0.9369
vn -0.0014 -0.9999 0.0170
vn 0.5727 -0.3475 0.7425
vn -0.8338 0.0167 -0.5518
vn 0.4845 0.0472 -0.8735
vn -0.7987 -0.0396 0.6004
vn -0.0883 -0.6256 -0.7751
vn -0.3916 -0.2215 0.8931
vn 0.8860 -0.2106 0.4132
vn 0.4030 -0.5741 -0.7127
vn -0.0910 -0.1440 -0.9854
vn 0.5237 -0.8384 -0.1510
vn 0.9977 -0.0274 -0.0626
vn 0.6013 -0.1272 -0.7889
vn 0.3470 -0.0099 -0.9378
vn 0.3649 0.9019 -0.2312
vn 0.8458 0.5313 -0.0492
vn 0.9744 0.2245 0.0099
vn -0.0026 0.9448 -0.3278
vn -0.1328 0.3261 -0.9360
vn 0.2517 0.7140 -0.6533
vn -0.9571 0.1547 0.2450
vn -0.0044 0.1782 -0.9840
vn 0.3108 -0.6934 0.6501
vn -0.3654 -0.6862 0.6290
vn 0.1257 0.9898 0.0671
vn 0.4742 -0.3056 -0.8257
vn 0.9704 -0.1748 0.1665
vn 0.3240 0.6460 -0.6911
vn -0.9357 0.0014 -0.3528
vn 0.8175 -0.5010 -0.2840
vn -0.9601 -0.0003 0.2795
vn -1.0000 -0.0001 -0.0009
vn -0.9802 0.0033 0.1981
vn 0.1255 0.1509 0.9806
vn 0.4804 0.1971 0.8546
vn 0.2094 0.2828 0.9360
vn 0.8255 0.0740 -0.5596
vn 0.9829 0.1757 0.0551
vn 0.6657 -0.6663 0.3360
vn 0.0027 -1.0000 0.0005
vn 0.7038 -0.7104 0.0075
vn 0.0066 0.2276 0.9737
vn -0.3773 -0.8965 0.2322
vn -0.2471 -0.5000 -0.8300
vn -0.6799 -0.0059 -0.7333
vn -0.8205 -0.0340 -0.5706
vn -0.6791 -0.0179 -0.7338
vn -0.2620 0.0269 -0.9647
vn 0.5471 -0.1520 -0.8231
vn -0.5702 -0.0399 -0.8205
vn 0.0098 -0.1654 0.9862
vn 0.4599 0.1764 -0.8703
vn 0.8551 -0.0055 -0.5185
vn 0.9442 0.0175 -0.3288
vn -0.3889 0.0147 -0.9212
vn -0.6708 -0.1250 0.7311
vn 0.0197 -0.8026 -0.5961
vn 0.3626 -0.8738 0.3241
vn 0.1127 0.1753 -0.9780
vn -0.9792 0.2011 0.0280
vn -0.1664 0.5072 -0.8456
vn 0.7563 -0.5901 0.2823
vn 0.3539 0.7923 -0.4970
vn 0.2823 0.5162 -0.8086
vn -0.1768 -0.5282 -0.8305
vn 0.2202 -0.8214 0.5262
vn 0.6943 0.3537 0.6268
vn 0.0116 0.0239 -0.9996
vn 0.0123 -0.4173 -0.9087
vn -0.2308 -0.2455 0.9415
vn -0.5456 0.2998 -0.7826
vn 0.8540 0.1483 -0.4987
vn -0.4413 0.4755 0.7611
vn -0.6344 0.3361 0.6961
vn 0.4940 0.6723 0.5513
vn 0.2087 0.3226 -0.9233
vn -0.2427 0.1006 -0.9649
vn 0.9888 0.0878 -0.1204
vn 0.7381 -0.5567 0.3811
vn -0.9018 -0.0226 0.4316
vn -0.9956 0.0515 0.0787
vn -0.6478 0.4177 0.6371
vn 0.7088 0.0062 0.7054
vn 0.5569 0.4168 0.7184
vn 0.5513 0.6209 -0.5573
vn 0.3636 -0.6865 -0.6298
vn 0.4642 -0.1289 0.8763
vn 0.5706 0.5742 -0.5871
vn 1.0000 0.0065 0.0074
vn 0.8800 0.0322 -0.4738
vn -0.0139 -0.4982 0.8669
vn 0.1341 0.0641 -0.9889
vn -0.6522 0.1938 -0.7329
vn -0.2646 -0.0358 -0.9637
vn -0.7580 -0.0347 -0.6513
vn -0.2147 0.9328 0.2896
vn -0.4960 0.6705 -0.5518
vn 0.0410 -0.1439 -0.9887
vn 0.7807 -0.0943 -0.6178
vn 0.8641 0.3821 -0.3277
vn 0.7864 0.3828 -0.4848
vn 0.2571 0.7711 -0.5825
vn 0.0491 -0.9988 -0.0025
vn -0.1223 -0.9924 -0.0136
vn -0.0520 -0.7592 0.6488
vn -0.1919 0.0106 0.9813
vn 0.9677 -0.0036 0.2519
vn 0.5027 -0.3895 0.7718
vn 0.9984 0.0012 0.0563
vn 0.6439 0.0059 0.7651
vn 0.8895 0.0941 0.4471
vn 0.8245 0.1014 -0.5568
vn -0.8535 -0.2009 0.4808
vn -0.8992 0.0243 -0.4368
vn 0.6973 0.0139 -0.7167
vn -0.1315 -0.1747 0.9758
vn 0.9362 -0.2134 0.2792
vn 0.7597 -0.6502 0.0068
vn -0.9642 0.0483 0.2606
vn -0.8523 -0.1822 0.4904
vn 0.2514 0.9385 0.2366
vn 0.0100 0.9656 -0.2598
vn -0.7165 0.2164 -0.6632
vn 0.8013 0.2816 -0.5278
vn 0.3281 -0.3299 -0.8852
vn 0.1174 -0.0603 0.9912
vn 0.3011 -0.6707 0.6779
vn 0.0416 -0.3094 0.9500
vn -0.1712 -0.9543 -0.2449
vn 0.1794 -0.8921 0.4147
vn -0.8553 0.4667 -0.2252
vn -0.9428 -0.1501 -0.2977
vn -0.8910 0.4485 -0.0712
vn 0.9838 -0.0338 -0.1760
vn -0.1109 0.8299 0.5468
vn 0.7568 0.5070 0.4125
vn -0.0231 0.0364 0.9991
vn -0.6265 -0.7610 0.1687
vn 0.0562 0.7789 -0.6247
vn 0.2215 -0.4669 0.8561
vn -0.6842 -0.7129 0.1539
vn 0.9159 -0.3768 0.1386
vn -0.5916 0.5924 0.5469
vn 0.8271 -0.1657 0.5370
vn -0.5515 -0.8337 -0.0269
vn -0.4171 -0.6711 -0.6129
vn -0.4594 -0.7393 -0.4924
vn -0.1760 0.0575 0.9827
vn -0.9295 0.0108 0.3686
vn -0.1607 -0.2863 0.9446
vn 0.1600 0.8670 -0.4719
vn 0.0463 0.9489 0.3121
vn 0.0214 0.8080 -0.5889
vn -0.9440 0.0052 0.3298
vn 0.5484 0.1286 0.8262
vn -0.1690 -0.1696 0.9709
vn -0.9860 -0.1207 -0.1153
vn -0.1116 -0.3889 -0.9145
vn 0.3219 -0.9437 0.0756
vn -0.2130 0.6068 -0.7658
vn -0.0116 -0.5137 -0.8579
vn 0.2608 -0.0301 -0.9649
vn 0.1508 -0.0788 0.9854
vn -0.1581 -0.9609 0.2273
vn 0.2888 0.5434 -0.7882
vn 0.3837 0.1314 0.9141
vn 0.1331 0.7198 0.6813
vn -0.1186 0.1243 -0.9851
vn -0.7907 0.0087 0.6122
vn -0.7934 0.0025 0.6088
vn 0.7270 0.0003 0.6866
vn 0.2780 0.6020 -0.7486
vn -0.8038 0.2896 0.5196
vn -0.3129 -0.3387 -0.8873
vn 0.6050 -0.5473 -0.5783
vn 0.4296 -0.5875 -0.6858
vn -0.3733 -0.0320 0.9272
vn 0.8634 -0.2061 0.4605
vn 0.9707 -0.1032 0.2172
vn 0.4005 -0.6005 -0.6921
vn -0.3191 -0.0118 0.9476
vn -0.0701 0.0203 0.9973
vn 0.5852 -0.0410 0.8098
vn 0.9948 -0.0108 0.1009
vn 0.9852 0.1301 0.1111
vn 0.0507 0.1603 -0.9858
vn -0.1977 -0.0321 0.9797
vn 0.3411 -0.3416 0.8758
vn 0.0035 0.1185 0.9929
vn -0.8198 0.5508 -0.1569
vn -0.6274 -0.4166 -0.6578
vn -0.8854 0.0221 -0.4643
vn -0.9939 0.0791 -0.0771
vn 0.2648 0.0242 -0.9640
vn 0.1728 -0.0144 0.9849
vn 0.3275 -0.0747 0.9419
vn 0.1158 -0.1714 -0.9784
vn -0.5344 -0.0080 -0.8452
vn -0.7904 0.0273 -0.6119
vn 0.7349 0.0117 0.6781
vn 0.4014 0.0017 0.9159
vn -0.5761 0.0104 0.8173
vn -0.8432 0.0240 -0.5371
vn 0.6358 0.7265 -0.2607
vn -0.0276 0.8301 -0.5570
vn -0.4568 -0.3253 0.8279
vn -0.6704 0.0301 0.7414
vn 0.4523 -0.5986 0.6611
vn -0.8549 0.0862 0.5116
vn 0.8496 0.1657 0.5007
vn -0.3454 0.9351 -0.0797
vn -0.8022 -0.3162 -0.5065
vn 0.1760 0.9738 -0.1442
vn 0.7159 -0.6950 -0.0669
vn -0.8246 -0.0233 0.5653
vn 0.1540 -0.2689 0.9508
vn 0.2926 0.2780 0.9149
vn 0.5887 0.0856 -0.8038
vn 0.9028 0.0444 -0.4277
vn -0.1164 -0.8826 -0.4556
vn 0.7646 -0.3683 0.5289
vn 0.4034 -0.3956 0.8251
vn 0.6352 -0.7683 -0.0787
vn -0.3386 0.5139 0.7882
vn -0.0509 -0.1259 -0.9907
vn -0.0321 0.2582 -0.9655
vn 0.8624 0.4286 -0.2695
vn -0.3146 0.0805 0.9458
vn 0.0782 -0.4328 -0.8981
vn -0.5396 0.3928 0.7446
vn 0.9774 -0.1172 0.1757
vn 0.8889 -0.3316 -0.3160
vn -0.5781 0.0919 -0.8108
vn -0.7464 0.0156 0.6653
vn -0.4324 -0.6981 0.5707
vn -0.8466 0.2057 0.4909
vn 0.1323 0.1045 -0.9857
vn -0.0600 0.8646 0.4988
vn 0.9658 -0.2587 -0.0165
vn 0.1153 0.0581 0.9916
vn 0.9542 -0.1169 0.2753
vn 0.4896 0.0588 -0.8700
vn -0.9414 0.2052 -0.2679
vn -0.7326 0.0168 0.6805
vn -0.6093 -0.3403 0.7162
vn -0.9572 0.2427 -0.1576
vn -0.1853 -0.0778 -0.9796
vn -0.7702 0.1908 -0.6086
vn -0.7372 0.0490 -0.6739
vn -0.4604 0.6528 0.6016
vn 0.3531 0.1920 -0.9157
vn -0.2514 -0.4890 0.8353
vn -0.5287 0.7286 0.4355
vn 0.8766 -0.4806 -0.0244
vn 0.5428 -0.2580 0.7993
vn 0.5662 -0.7689 -0.2970
vn -0.4240 -0.9054 -0.0219
vn 0.9415 -0.3326 -0.0542
vn 0.9716 0.0307 -0.2348
vn 0.0117 0.8435 0.5370
vn 0.1187 0.0748 0.9901
vn -0.4838 0.1301 0.8654
vn -0.3654 -0.0635 -0.9287
vn -0.9247 0.0324 0.3794
vn -0.8067 -0.0297 -0.5903
vn 0.0259 0.8976 -0.4400
vn 0.4315 0.8924 -0.1320
vn 0.8456 0.5339 -0.0057
vn -0.0633 0.8529 -0.5183
vn 0.7605 -0.5111 -0.4005
vn -0.2044 0.2758 0.9392
vn 0.9997 -0.0156 -0.0164
vn 0.9169 0.0161 0.3988
vn 0.8035 0.0083 0.5953
vn 0.5319 0.5586 0.6364
vn 0.6038 0.7842 0.1430
vn 0.4848 0.7241 -0.4906
vn 0.2093 0.0667 0.9756
vn -0.2506 0.8900 0.3810
vn 0.3852 0.5368 -0.7507
vn -0.6679 0.4782 -0.5702
vn 0.6423 -0.0842 0.7618
vn 0.8980 0.0107 -0.4398
vn -0.5220 -0.3060 0.7961
vn 0.5633 0.3591 0.7441
vn -0.3975 -0.3402 -0.8522
vn 0.1625 -0.6287 -0.7605
vn -0.7274 0.0304 -0.6856
vn 0.1164 -0.4655 0.8774
vn 0.1214 -0.4503 0.8846
vn -0.8883 0.2339 -0.3953
vn 0.5591 0.7971 0.2283
vn 0.0778 -0.8633 0.4986
vn 0.0009 0.2603 -0.9655
vn -0.0018 0.6860 -0.7276
vn -0.0023 0.0840 -0.9965
vn -0.8016 -0.0202 0.5976
vn -0.9004 -0.4267 -0.0854
vn 0.1175 0.4268 0.8967
vn -0.2390 0.1148 0.9642
vn -0.7405 0.0611 -0.6692
vn 0.5939 0.1109 -0.7968
vn 0.0860 -0.3207 -0.9433
vn 0.3964 -0.0789 0.9147
vn 0.6920 -0.1979 -0.6942
vn -0.0474 -0.5230 0.8510
vn -0.5189 -0.5631 -0.6432
vn -0.8946 -0.1377 0.4250
vn 0.4055 -0.9103 -0.0832
vn -0.3651 0.8492 0.3815
vn 0.9942 -0.0907 0.0571
vn 0.9765 -0.2133 0.0318
vn 0.8712 0.1784 -0.4574
vn 0.9194 0.0126 -0.3931
vn 0.4692 -0.0047 0.8831
vn 0.7675 -0.0024 0.6410
vn -0.3026 0.8009 0.5167
vn 0.4163 -0.6466 -0.6393
vn -0.7486 -0.1548 -0.6447
vn -0.9856 -0.1626 -0.0469
vn 0.4529 0.0011 -0.8916
vn 0.9999 0.0002 -0.0119
vn 0.5687 -0.2830 -0.7723
vn -0.3461 0.2364 0.9079
vn 0.8600 -0.0284 -0.5096
vn -0.8306 -0.4298 -0.3542
vn -0.8869 -0.0938 -0.4523
vn 0.2994 -0.2919 0.9084
vn 0.3348 0.5169 0.7879
vn 0.9778 -0.1188 0.1725
vn 0.8301 -0.5312 0.1694
vn 0.9046 0.2879 0.3145
vn 0.8039 0.5947 -0.0120
vn 0.7302 0.5808 0.3598
vn -0.0106 -0.6772 0.7358
vn 0.5244 0.7526 0.3982
vn 0.7306 0.0956 0.6761
vn 0.3243 0.7108 -0.6242
vn -0.0012 -0.7297 -0.6838
vn 0.0173 -0.7247 0.6889
vn 0.7919 0.5873 -0.1671
vn 0.0666 0.9978 -0.0068
vn -0.4524 0.0689 0.8891
vn 0.0347 -0.0463 -0.9983
vn -0.1501 0.9359 0.3187
vn -0.9908 0.0950 -0.0963
vn -0.9164 0.0905 -0.3900
vn -0.9636 -0.0039 -0.2675
vn 0.6231 -0.4164 -0.6621
vn -0.0832 -0.8014 0.5924
vn 0.7493 -0.1188 0.6515
vn -0.6886 -0.2035 0.6960
vn -0.8173 0.5580 0.1438
vn 0.6606 0.0021 -0.7507
vn -0.4042 0.8845 0.2331
vn -0.9455 0.0608 0.3199
vn -0.6303 -0.1383 -0.7639
vn 0.3363 -0.1846 -0.9235
vn 0.0176 -0.6116 -0.7909
vn 0.1110 0.6190 -0.7775
vn 0.6377 -0.2777 -0.7185
vn -0.4579 0.5062 -0.7308
vn 0.0134 -0.8739 -0.4859
vn -0.0546 -0.3142 -0.9478
vn -0.1999 0.0052 -0.9798
vn -0.7383 0.0012 -0.6745
vn -0.6930 0.0084 -0.7208
vn 0.6951 0.0227 0.7185
vn 0.8766 0.1773 -0.4473
vn -0.3684 0.1096 -0.9232
vn 0.9562 0.0144 0.2925
vn 0.9454 0.0290 0.3246
vn 0.9402 -0.1796 0.2896
vn 0.0526 0.5325 0.8448
vn -0.1629 0.0001 -0.9866
vn -0.0265 -0.9996 -0.0102
vn 0.7843 0.4065 0.4687
vn 0.7654 0.1629 0.6226
vn 0.4179 0.2552 -0.8719
vn -0.5187 -0.6490 0.5566
vn -0.6027 -0.6192 -0.5033
vn 0.0613 0.2192 0.9737
vn 0.0052 -0.5196 0.8544
vn -0.5771 0.7870 0.2184
vn -0.3704 0.4593 0.8074
vn -0.5296 -0.5183 0.6715
vn 0.8557 0.1124 -0.5051
vn 0.6989 0.5377 -0.4715
vn 0.0099 0.0075 -0.9999
vn 0.0176 0.6851 -0.7282
vn 0.6187 -0.0011 -0.7856
vn -0.6013 0.1266 0.7889
vn 0.4918 0.8326 0.2546
vn 0.5743 0.2019 0.7933
vn -0.7063 -0.0076 0.7079
vn -0.9995 -0.0300 -0.0075
vn -0.5332 0.1191 -0.8376
vn 0.0397 0.2934 -0.9552
vn 0.6111 -0.6162 -0.4969
vn 0.9157 0.3841 -0.1185
vn 0.6116 0.4378 -0.6590
vn 0.4506 0.7401 0.4992
vn -0.0288 0.5493 0.8351
vn -0.6481 -0.0367 0.7607
vn 0.3930 -0.0943 -0.9147
vn -0.3855 -0.5194 0.7626
vn -0.7981 0.0227 0.6021
vn -0.5906 -0.5574 -0.5836
vn -0.2318 -0.8799 0.4147
vn -0.3582 -0.3167 -0.8783
vn -0.1393 -0.8786 0.4569
vn 0.2558 0.6042 0.7546
vn 0.5667 -0.3885 0.7266
vn -0.0965 -0.4791 -0.8724
vn -0.8320 0.3314 0.4449
vn -0.0793 0.1215 -0.9894
vn -0.5130 0.5647 0.6464
vn 0.9945 -0.0874 -0.0573
vn 0.0971 -0.9355 -0.3397
vn -0.0650 -0.9534 0.2947
vn -0.3220 -0.2581 -0.9109
vn -0.7912 0.0969 -0.6038
vn 0.9911 -0.0370 -0.1281
vn -0.9808 -0.0565 -0.1865
vn -0.6137 0.0077 -0.7895
vn -0.9961 -0.0345 -0.0814
vn 0.0930 -0.0661 -0.9935
vn 0.0866 0.1613 -0.9831
vn 0.2630 0.1847 -0.9470
vn -0.1436 0.1695 0.9750
vn -0.2979 0.1933 0.9348
vn 0.2277 0.4346 0.8713
vn 0.1496 -0.7133 -0.6847
vn 0.9363 0.1920 0.2941
vn -0.6414 -0.1068 0.7597
vn 0.1624 0.4869 0.8582
vn -0.3385 -0.9119 0.2320
vn -0.7017 -0.2261 0.6757
vn -0.6639 0.5416 0.5156
vn 0.3083 0.1168 -0.9441
vn -0.5563 0.2083 -0.8045
vn -0.7548 0.1551 -0.6374
vn 0.9672 -0.0169 0.2535
vn -0.3034 -0.7925 -0.5290
vn 0.1496 -0.8158 0.5587
vn -0.9507 0.2473 -0.1870
vn 0.5221 -0.3944 -0.7562
vn 0.2335 -0.4229 0.8756
vn -0.7677 -0.0302 0.6401
vn -0.0955 -0.0148 0.9953
vn 0.4380 0.0731 0.8960
vn 0.7330 0.5191 0.4397
vn 0.0111 -0.5326 0.8463
vn 0.5654 0.3567 -0.7437
vn -0.7151 0.0333 -0.6983
vn 0.7850 -0.2668 -0.5591
vn 0.3344 0.3668 -0.8681
vn 0.4478 -0.8843 0.1325
vn 0.9653 0.2467 -0.0855
vn 0.7916 0.0925 -0.6040
vn -0.3425 -0.4387 0.8308
vn -0.9520 0.0271 -0.3050
vn 0.0300 -0.0583 0.9978
vn -0.2090 0.7375 0.6422
vn -0.0656 -0.4198 -0.9052
vn 0.9354 -0.0192 -0.3532
vn -0.6654 -0.0031 0.7465
vn 0.6887 0.0031 0.7250
vn 0.7328 -0.0003 0.6805
vn -0.4179 0.0189 0.9083
vn 0.3280 0.1517 0.9324
vn 0.0253 0.7851 -0.6188
vn 0.3335 0.1635 0.9285
vn 0.8167 -0.5625 0.1287
vn -0.5441 0.0030 0.8390
vn -0.9971 0.0614 0.0455
vn -0.8951 0.0022 -0.4458
vn -0.9722 0.1473 -0.1818
vn 0.2826 -0.1792 0.9424
vn 0.1343 0.0803 0.9877
vn 0.1043 -0.0431 0.9936
vn -0.9738 -0.0085 0.2273
vn 0.4851 0.6110 -0.6256
vn 0.2467 0.1872 0.9508
vn -0.7909 0.4168 0.4480
vn -0.3096 0.1085 -0.9446
vn -0.7668 -0.0797 -0.6370
vn -0.8246 -0.4051 -0.3949
vn -0.5115 -0.5501 0.6602
vn 0.8049 0.1973 0.5596
vn -0.7148 0.4052 -0.5700
vn -0.5940 0.3443 -0.7271
vn 0.3185 -0.5021 0.8040
vn -0.9648 -0.2624 0.0182
vn -0.5733 0.2630 -0.7760
vn -0.8148 -0.0121 -0.5796
vn 0.0738 0.9968 0.0318
vn 0.5439 0.8336 0.0967
vn 0.0501 0.8695 0.4914
vn 0.8077 0.4087 -0.4250
vn -0.5207 -0.8283 0.2068
vn -0.4315 -0.7295 -0.5307
vn -0.0515 0.0778 0.9956
vn 0.3488 -0.2097 0.9134
vn -0.0243 -0.3367 0.9413
vn -0.6991 0.2271 0.6780
vn 0.1070 0.9712 0.2131
vn 0.0073 0.8558 -0.5173
vn -0.5615 -0.0158 -0.8273
vn 0.0497 0.5498 -0.8338
vn -0.1542 -0.1500 -0.9766
vn -0.1798 -0.9099 -0.3739
vn 0.2969 -0.3529 0.8873
vn -0.2825 -0.7002 -0.6557
vn 0.2701 -0.9225 0.2757
vn -0.6271 -0.5250 0.5755
vn 0.2243 -0.6044 0.7645
vn -0.0165 -0.8490 0.5282
vn -0.9825 0.0001 0.1862
vn -0.8608 0.0683 0.5043
vn -0.9598 -0.0323 0.2788
vn -0.9986 0.0157 0.0514
vn -0.8772 -0.0099 0.4799
vn -0.9929 0.0059 0.1189
vn -0.8708 0.0049 0.4916
vn 0.7819 0.5434 0.3056
vn -0.9982 0.0586 -0.0118
vn 0.5436 0.0166 0.8392
vn -0.7567 0.2135 -0.6179
vn 0.7491 0.2373 -0.6186
vn 0.0893 -0.0113 0.9959
vn 0.6086 0.3837 -0.6946
vn 0.5476 0.2607 0.7951
vn 0.5703 -0.6526 0.4988
vn -0.5472 0.0745 0.8337
vn 0.7262 -0.6827 -0.0809
vn 0.6174 0.1995 0.7609
vn 0.6958 0.0007 0.7182
vn 0.8400 -0.0034 0.5426
vn -0.8882 -0.2204 -0.4030
vn 0.4601 0.0357 -0.8871
vn 0.5622 0.8268 0.0198
vn 0.8535 -0.3100 -0.4188
vn -0.0406 0.8891 0.4559
vn -0.7167 0.3832 0.5826
vn -0.4318 -0.4071 -0.8049
vn 0.5634 0.8142 -0.1403
vn -0.6323 -0.0522 0.7729
vn 0.8085 0.0148 0.5884
vn -0.7127 0.3256 -0.6213
vn -0.8224 0.0242 -0.5684
vn 0.8152 -0.3429 0.4669
vn 0.0009 -0.0968 0.9953
vn 0.9325 0.3034 -0.1960
vn 0.0275 -0.0061 0.9996
vn 0.3025 0.8608 0.4094
vn -0.7085 -0.2246 0.6690
vn -0.7933 0.5475 0.2662
vn -0.0055 0.0440 -0.9990
vn -0.7345 -0.4070 -0.5431
vn 0.9084 -0.3941 0.1397
vn 0.7802 0.1877 -0.5967
vn 0.9631 -0.2688 -0.0122
vn 0.3113 0.9495 -0.0387
vn -0.9928 0.0052 -0.1193
vn 0.4090 -0.1254 0.9039
vn 0.2154 -0.9682 -0.1271
vn -0.4253 -0.9046 0.0283
vn -0.9999 0.0141 -0.0075
vn -0.7580 0.1575 0.6330
vn -0.0589 -0.2392 0.9692
vn 0.1085 -0.9503 0.2917
vn 0.7398 -0.5777 -0.3449
vn -0.0598 0.5910 0.8045
vn 0.6246 0.0563 -0.7790
vn -0.4067 0.0152 0.9134
vn 0.7764 0.3771 -0.5050
vn 0.8224 -0.3051 -0.4802
vn 0.4401 -0.7023 -0.5595
vn 0.6131 -0.5718 0.5451
vn -0.0216 -0.0120 -0.9997
vn -0.3570 0.1758 0.9174
vn -0.6117 -0.5565 -0.5622
vn 0.2857 -0.8191 0.4975
vn -0.9999 0.0013 0.0150
vn -1.0000 -0.0007 0.0091
vn -1.0000 0.0034 -0.0057
vn -0.9843 0.0173 -0.1759
vn -0.9932 0.0021 -0.1165
vn -0.0072 -0.5113 0.8594
vn 0.0543 0.7630 0.6441
vn 0.6495 0.6961 0.3060
vn 0.6615 -0.3271 -0.6748
vn -0.9909 -0.0359 0.1296
vn 0.8546 -0.0442 -0.5174
vn 0.8385 0.0634 0.5413
vn -0.0500 0.6807 0.7308
vn 0.9691 -0.1472 0.1978
vn -0.0343 -0.0352 -0.9988
vn 0.3046 -0.0840 0.9488
vn -0.4053 -0.2290 -0.8851
vn 0.8623 -0.4786 0.1651
vn 0.6819 -0.5713 -0.4568
vn 0.2781 -0.5159 -0.8103
vn -0.3850 0.0083 -0.9229
vn 0.5372 0.1352 0.8326
vn 0.5461 0.0750 0.8344
vn 0.9043 0.0209 0.4263
vn 0.8819 0.1095 -0.4585
vn 0.9374 -0.2782 0.2093
vn 0.1159 0.9423 -0.3142
vn 0.8825 -0.0688 0.4653
vn -0.2785 0.9358 0.2160
vn 0.2194 0.9654 0.1410
vn 0.6437 -0.5379 0.5443
vn 0.7404 -0.6494 -0.1736
vn 0.7464 -0.4830 0.4579
vn 0.6970 0.1528 0.7006
vn -0.8469 -0.0273 0.5311
vn -0.6159 0.5386 0.5750
vn -0.8484 0.4251 -0.3154
vn 0.9996 0.0200 -0.0207
vn 0.7271 0.6178 0.2994
vn 0.9276 0.2689 -0.2592
vn 0.0090 -0.3711 0.9286
vn -0.0099 -0.5364 0.8439
vn 0.1276 -0.3584 0.9248
vn 0.0761 0.9660 0.2470
vn 0.8932 0.0590 -0.4457
vn 0.5364 0.4277 0.7276
vn 0.6964 0.5193 -0.4953
vn -0.4844 -0.7841 0.3880
vn 0.4078 0.0449 -0.9120
vn 0.5833 0.1303 0.8017
vn 0.4438 0.2943 -0.8465
vn 0.5139 0.0179 0.8577
vn 0.5631 0.1075 -0.8194
vn -0.8928 0.3157 -0.3212
vn -0.3187 -0.4114 0.8539
vn -0.6761 0.0122 0.7367
vn 0.8603 0.1427 -0.4894
vn -0.6742 0.4885 -0.5539
vn -0.5667 0.3218 -0.7585
vn -0.9092 0.4164 0.0047
vn 0.6608 0.5283 0.5331
vn 0.4467 0.5587 0.6988
vn 0.6581 0.3901 0.6440
vn -0.3659 0.9305 -0.0153
vn -0.0994 -0.8084 -0.5802
vn 0.6669 0.1691 -0.7257
vn 0.4013 0.6626 0.6324
vn 0.4296 0.5665 -0.7032
vn 0.9831 -0.0288 0.1809
vn 0.3122 0.1110 -0.9435
vn 0.8788 0.0894 -0.4688
vn -0.8912 -0.2553 0.3750
vn 0.1111 -0.3158 0.9423
vn 0.2609 -0.7603 0.5949
vn 0.2102 -0.9777 0.0019
vn 0.3391 -0.8494 -0.4045
vn -0.3453 -0.5835 0.7350
vn 0.6642 0.0647 -0.7448
vn 0.2627 -0.9317 -0.2508
vn -0.2578 -0.3649 -0.8947
vn -0.7231 0.5566 0.4091
vn 0.8546 -0.0644 0.5153
vn -0.1425 -0.7755 -0.6151
vn -0.4773 0.4838 0.7336
vn -0.0348 0.0011 -0.9994
vn -0.0255 0.0121 -0.9996
vn -0.4285 -0.0016 0.9035
vn 0.3216 0.7628 0.5610
vn -0.4493 0.7541 0.4791
vn -0.1781 0.6469 -0.7414
vn -0.0059 -0.2995 0.9541
vn -0.4421 0.1274 0.8879
vn 0.3355 -0.0852 -0.9382
vn -0.2761 -0.3118 0.9092
vn -0.0127 -0.8361 -0.5485
vn -0.6982 0.4702 -0.5399
vn 0.2047 -0.4573 -0.8655
vn -0.2545 -0.7745 -0.5791
vn -0.7052 0.0386 0.7079
vn 0.3861 -0.0018 0.9225
vn 0.5333 0.2892 0.7950
vn -0.7020 -0.0033 0.7121
vn -0.3008 -0.1932 0.9339
vn 0.1699 0.0001 0.9855
vn 0.1586 0.2089 0.9650
vn 0.4466 -0.5258 -0.7240
vn 0.6750 -0.7377 0.0139
vn 0.3161 -0.2112 -0.9249
vn -0.3664 -0.8408 0.3986
vn 0.2216 0.9691 -0.1085
vn 0.0035 0.4620 0.8869
vn 0.0987 -0.8744 0.4750
vn -0.9908 -0.0140 0.1349
vn -0.4579 -0.0268 0.8886
vn 0.8920 -0.3284 -0.3107
vn 0.6939 -0.7002 -0.1678
vn 0.2652 -0.1798 -0.9473
vn -0.6970 -0.0572 -0.7148
vn 0.1914 -0.9733 -0.1266
vn 0.2474 -0.3525 0.9025
vn -0.1736 -0.3699 -0.9127
vn -0.2900 0.0668 -0.9547
vn -0.5695 0.2589 -0.7802
vn 0.6866 0.3697 0.6260
vn 0.0578 -0.0002 -0.9983
vn 0.1480 -0.4168 -0.8969
vn -0.1207 -0.6788 -0.7243
vn -0.9146 0.0795 0.3966
vn -0.5377 -0.0276 0.8427
vn -0.8465 -0.0018 0.5324
vn -0.5154 -0.1760 0.8387
vn 0.9978 -0.0628 0.0200
vn 0.9901 0.1138 0.0822
vn 0.6726 -0.0936 0.7341
vn 0.8895 -0.0363 0.4555
vn -0.3826 -0.0042 0.9239
vn -0.2782 -0.2187 -0.9353
vn 0.6668 0.7443 -0.0388
vn 0.3937 0.1582 -0.9055
vn -0.1459 0.4151 -0.8980
vn 0.5761 -0.1555 0.8024
vn -0.1145 -0.1478 0.9824
vn -0.5068 0.3419 -0.7914
vn -0.5403 0.0684 0.8387
vn -0.0097 0.0903 0.9959
vn 0.1660 0.3931 0.9044
vn 0.3556 -0.4110 -0.8394
vn -0.8424 0.3417 -0.4168
vn 0.2554 0.1812 -0.9497
vn -0.9608 -0.0560 0.2716
vn 0.3555 0.3855 0.8515
vn 0.9802 -0.0446 -0.1930
vn -0.1367 -0.9870 -0.0850
vn -0.5750 -0.2076 -0.7914
vn 0.1359 -0.8297 0.5414
vn 0.3270 -0.6367 0.6984
vn -0.8146 0.5289 0.2381
vn 0.9967 -0.0382 -0.0716
vn 0.9703 0.2046 -0.1290
vn 0.0408 0.3156 -0.9480
vn -0.5378 0.5297 -0.6558
vn -0.4470 -0.0673 0.8920
vn 0.2959 0.1731 0.9394
vn 0.8168 -0.4094 0.4066
vn 0.2704 0.0242 -0.9624
vn 0.1174 0.4806 -0.8690
vn 0.9354 -0.2822 -0.2129
vn -0.1926 -0.1901 -0.9627
vn 0.8684 0.3501 0.3511
vn 0.4680 0.3659 -0.8044
vn 0.2899 -0.4068 -0.8663
vn -0.8393 0.2021 0.5046
vn -0.1889 0.8281 0.5278
vn 0.4129 0.8529 -0.3195
vn 0.5760 0.3238 0.7506
vn 0.9393 -0.3364 -0.0668
vn -0.0120 0.7860 0.6181
vn 0.3767 0.3364 -0.8631
vn -0.7448 -0.5713 0.3449
vn -0.0322 -0.4045 -0.9140
vn -0.0071 -0.3027 -0.9531
vn -0.2845 -0.0917 -0.9543
vn -0.2885 -0.2878 -0.9132
vn -0.1226 0.5655 -0.8156
vn 0.6446 -0.3146 -0.6968
vn 0.3634 -0.6253 0.6906
vn -0.7094 0.6171 0.3404
vn 0.8910 0.0444 0.4518
vn -0.0227 -0.3286 -0.9442
vn -0.9907 0.1322 -0.0335
vn 0.0805 -0.7227 -0.6864
vn 0.0317 -0.0591 -0.9977
vn 0.5629 -0.3646 -0.7417
vn 0.9174 -0.3190 -0.2379
vn -0.6627 -0.1614 -0.7313
vn -0.6098 0.0274 0.7921
vn -0.7077 0.0478 0.7049
vn 0.7434 -0.3088 0.5934
vn -0.0338 -0.7400 0.6717
vn -0.5646 0.6878 0.4563
vn -0.4435 0.5369 -0.7177
vn -0.2382 0.5299 -0.8139
vn 0.0019 -0.9999 -0.0133
vn 0.7225 -0.4136 -0.5540
vn -0.9821 0.0216 -0.1872
vn 0.6777 -0.1751 -0.7142
vn 0.7549 -0.0003 0.6558
vn 0.5491 0.0026 0.8358
vn 0.8845 -0.0020 -0.4666
vn 0.4888 -0.0001 -0.8724
vn 0.1018 -0.3495 0.9314
vn -0.7968 -0.6011 0.0608
vn -0.0785 -0.5451 -0.8347
vn -0.3294 -0.1204 -0.9365
vn -0.3391 -0.4184 0.8426
vn 0.5705 -0.0931 -0.8160
vn -0.7729 0.2840 -0.5674
vn -0.1501 -0.5018 -0.8519
vn 0.4644 -0.6937 0.5506
vn 0.5339 0.7008 0.4731
vn -0.5707 0.5058 -0.6469
vn -0.5974 0.4564 0.6594
vn -0.5880 0.5692 0.5747
vn -0.0397 0.0108 -0.9992
vn -0.3107 -0.0256 -0.9502
vn -0.4155 0.0684 -0.9070
vn 0.6509 -0.2924 -0.7006
vn 0.6100 0.4204 -0.6717
vn -0.7974 -0.5811 0.1625
vn -0.8189 0.1819 0.5443
vn 0.9250 0.3356 0.1785
vn 0.6702 -0.5043 0.5446
vn 0.8978 -0.4372 0.0535
vn 0.4205 0.4992 0.7576
vn 0.9493 0.0421 -0.3117
vn 0.0132 0.2577 0.9661
vn 0.0111 0.1197 0.9928
vn 0.8309 0.0353 0.5553
vn -0.1942 -0.3148 -0.9291
vn -0.9336 -0.0648 0.3524
vn 0.0253 -0.9807 0.1937
vn 0.0593 -0.8164 -0.5745
vn 0.2421 0.9566 0.1625
vn 0.3799 0.2197 -0.8986
vn 0.1289 -0.0290 -0.9912
vn -0.1546 0.9104 0.3836
vn -0.1241 0.0481 -0.9911
vn -0.9914 0.0001 0.1312
vn 0.0243 -0.0063 -0.9997
vn 0.3290 -0.0022 -0.9443
vn -0.8200 -0.0125 -0.5723
vn -0.3732 0.2096 -0.9038
vn -0.3638 0.0981 0.9263
vn 0.1333 -0.9320 0.3369
vn -0.4778 -0.0009 -0.8785
vn 0.5505 -0.0011 -0.8348
vn -0.3386 0.0161 0.9408
vn 0.9903 -0.0007 -0.1391
vn -0.3187 -0.7741 -0.5469
vn 0.2360 0.5336 -0.8122
vn -0.3938 0.2179 0.8930
vn -0.2682 0.1043 -0.9577
vn -0.7178 0.5974 -0.3576
vn 0.1293 -0.0364 -0.9909
vn -0.2416 0.5043 0.8290
vn 0.3698 0.3423 -0.8638
vn -0.0344 -0.1564 0.9871
vn -0.0684 0.1047 0.9922
vn 0.6490 -0.0617 0.7583
vn 0.8058 0.0230 0.5917
vn 0.1388 0.4309 -0.8917
vn 0.3996 0.9165 0.0206
vn 0.0807 -0.9942 -0.0708
vn 0.4964 -0.2675 0.8259
vn 0.9169 0.1189 0.3809
vn 0.9884 0.1488 -0.0294
vn 0.8071 0.3200 -0.4961
vn -0.1007 0.8904 0.4438
vn -0.4304 0.0624 0.9005
vn 0.7517 0.0633 0.6565
vn 0.0313 -0.7951 -0.6057
vn -0.1056 0.8756 0.4714
vn -0.0714 0.2973 -0.9521
vn -0.4447 0.3917 -0.8055
vn 0.5818 0.0417 -0.8123
vn 0.5849 0.1909 0.7883
vn 0.8636 -0.4280 -0.2665
vn 0.2741 0.8579 -0.4346
vn 0.0904 0.6114 -0.7862
vn 0.2760 0.0110 0.9611
vn 0.9713 0.1411 0.1915
vn 0.1149 -0.2864 0.9512
vn -0.2651 0.6581 -0.7047
vn 0.3690 0.9053 -0.2105
vn 0.7134 0.7006 -0.0166
vn 0.8980 0.3880 -0.2073
vn -0.4924 -0.7085 -0.5056
vn 0.6147 -0.2993 -0.7297
vn 0.7647 -0.4687 -0.4423
vn -0.3814 0.3179 -0.8680
vn -0.3039 -0.2805 -0.9104
vn 0.9083 0.4148 -0.0535
vn -0.0590 0.0271 0.9979
vn -0.9950 0.0144 -0.0987
vn -0.9998 -0.0186 -0.0052
vn -0.5972 -0.1931 0.7785
vn -0.5188 0.1934 -0.8327
vn -0.7485 -0.6631 0.0051
vn 0.9417 -0.2392 -0.2365
vn -0.1850 0.2329 -0.9547
vn 0.7783 -0.0045 -0.6278
vn 0.9585 -0.2763 -0.0705
vn 0.9471 -0.1834 -0.2632
vn -0.0855 0.0242 -0.9960
vn -0.8932 0.3442 0.2893
vn 0.9613 -0.0870 0.2615
vn 0.1963 -0.0038 0.9805
vn 0.7348 -0.0222 0.6779
vn 0.6227 -0.0192 0.7822
vn 0.7118 -0.0924 -0.6962
vn 0.4826 -0.2805 -0.8297
vn -0.7778 -0.5977 0.1945
vn 0.2670 0.7535 0.6008
vn 0.3353 0.9276 -0.1646
vn -0.5832 0.0003 0.8123
vn -0.0298 -0.0037 0.9995
vn -0.7717 0.0068 0.6359
vn -0.7309 0.0028 0.6825
vn 0.3634 0.0011 -0.9316
vn -0.7880 -0.0090 -0.6156
vn -0.6700 -0.0924 -0.7366
vn 0.4438 0.6801 0.5835
vn -0.3887 0.7932 -0.4688
vn -0.8108 0.2841 -0.5117
vn -0.8107 0.0438 -0.5838
vn -0.5850 0.1758 -0.7918
vn 0.7143 -0.3749 -0.5910
vn -0.6762 -0.1799 0.7144
vn -0.7953 -0.0196 0.6059
vn -0.9983 0.0078 0.0583
vn 0.4808 -0.8634 0.1528
vn 0.2234 0.4784 -0.8493
vn 0.0305 -0.9990 0.0324
vn -1.0000 0.0011 -0.0060
vn -0.9975 0.0712 0.0026
vn 0.0904 0.7031 0.7053
vn -0.0291 0.9955 -0.0904
vn -0.1680 -0.4087 -0.8971
vn 0.9096 -0.3746 0.1798
vn -0.3820 0.5595 0.7356
vn -0.7026 0.2340 0.6720
vn 0.0691 0.2643 -0.9620
vn -0.2390 -0.0468 0.9699
vn -0.0785 0.2418 0.9671
vn -0.0310 -0.2988 0.9538
vn -0.5019 -0.3561 -0.7882
vn 0.8623 -0.2777 -0.4235
vn -0.2962 -0.5947 -0.7474
vn -0.1677 -0.9853 -0.0312
vn -0.5011 0.5031 0.7041
vn -0.7576 -0.3906 -0.5229
vn -0.8486 0.0385 0.5276
vn -0.1161 -0.0000 0.9932
vn 0.8755 0.2184 0.4311
vn -0.2001 -0.3108 -0.9292
vn 0.8506 -0.1161 -0.5128
vn 0.4641 0.7837 0.4128
vn -0.9940 -0.1094 0.0026
vn -0.8787 -0.4684 -0.0921
vn -0.8549 -0.0254 0.5182
vn 0.7227 0.5185 0.4571
vn 0.9244 0.3377 0.1773
vn 0.0597 -0.6741 -0.7362
vn -0.4477 0.2351 -0.8627
vn 0.2256 0.5260 -0.8200
vn 0.4551 0.2500 -0.8546
vn 0.1430 -0.3222 0.9358
vn -0.3667 -0.4076 -0.8363
vn -0.0595 0.6506 0.7571
vn -0.8923 -0.2699 -0.3619
vn -0.2220 0.2956 -0.9292
vn -0.0651 -0.5990 0.7981
vn 0.0988 0.4816 0.8708
vn -0.2699 -0.8126 -0.5167
vn -0.0247 -0.7178 0.6958
vn -0.5888 -0.0126 -0.8082
vn -0.2779 0.0158 -0.9605
vn -0.7379 -0.0903 -0.6688
vn 0.6502 -0.0067 0.7598
vn -0.5685 -0.0140 0.8225
vn -0.7522 -0.0423 0.6576
vn 0.3594 -0.3714 -0.8561
vn -0.2069 -0.0467 -0.9773
vn 0.3263 -0.0472 -0.9441
vn 0.4570 0.6295 -0.6284
vn 0.2405 -0.9178 -0.3159
vn -0.9976 0.0697 -0.0022
vn -0.9054 -0.4235 -0.0310
vn 0.4790 -0.7110 0.5148
vn -0.1524 0.2835 0.9468
vn -0.7915 -0.0274 0.6105
vn -0.4564 0.3233 -0.8290
vn 0.2741 -0.7810 0.5612
vn 0.2568 -0.7525 -0.6065
vn 0.8873 -0.0441 -0.4591
vn -0.7442 -0.6378 -0.1986
vn 0.4359 -0.8715 -0.2246
vn 0.8901 -0.1630 0.4257
vn 0.8229 -0.5490 -0.1463
vn 0.9090 -0.4146 -0.0417
vn 0.7546 -0.3497 -0.5553
vn 0.6153 -0.0570 0.7862
vn 0.4552 -0.3761 0.8071
vn 0.9567 -0.2907 0.0156
vn -0.7478 0.3128 0.5856
vn -0.2479 0.4641 0.8504
vn -0.0246 -0.2032 0.9788
vn -0.3634 -0.8161 -0.4493
vn -0.2959 0.6290 0.7189
vn -0.7198 -0.0934 0.6879
vn 0.6891 0.1934 0.6984
vn -0.3576 -0.8138 0.4581
vn -0.8108 0.0072 0.5853
vn -0.9999 0.0023 0.0148
vn -0.9995 0.0202 0.0248
vn -0.2563 0.2042 -0.9448
vn -0.5430 -0.7823 0.3052
vn 0.8727 0.1157 0.4744
vn 0.9504 0.0026 -0.3111
vn 0.1864 0.0401 0.9817
vn 0.5053 0.0209 -0.8627
vn 0.5051 -0.0029 -0.8631
vn 0.0984 -0.6125 0.7844
vn 0.0286 0.8231 -0.5672
vn 0.4322 0.7513 0.4987
vn 0.6083 -0.7014 0.3715
vn 0.2691 0.1343 0.9537
vn 0.5619 -0.0274 -0.8267
vn 0.3850 0.0356 -0.9222
vn 0.3547 -0.0142 0.9349
vn 0.7166 -0.2896 0.6345
vn -0.1300 0.6219 -0.7722
vn -0.1581 -0.0041 0.9874
vn -0.0532 0.4245 -0.9039
vn 0.8712 0.0041 0.4909
vn -0.0187 0.9856 -0.1680
vn -0.3695 0.8366 -0.4043
vn -0.2443 0.2632 -0.9333
vn 0.2408 0.2008 -0.9496
vn -0.6687 0.0045 0.7436
vn 0.3432 0.0168 0.9391
vn -0.8988 -0.0068 0.4382
vn -0.8162 -0.1650 0.5536
vn -0.4078 0.5327 -0.7416
vn -0.7076 0.7018 0.0824
vn -0.3845 0.3028 0.8721
vn -0.0253 -0.4591 0.8880
vn 0.0738 0.3766 0.9234
vn 0.7625 -0.5516 -0.3382
vn -0.5295 -0.0008 0.8483
vn 0.6957 0.2771 -0.6627
vn -0.6879 0.5230 0.5033
vn 0.0419 -0.1220 0.9916
vn -0.9849 0.1457 -0.0932
vn -0.0276 0.5317 0.8465
vn -0.4769 -0.0761 0.8756
vn 0.8193 -0.1054 0.5635
vn 0.4794 -0.8715 0.1033
vn 0.8992 -0.3002 -0.3183
vn -0.6697 -0.6860 -0.2844
vn 0.0958 0.2238 0.9699
vn 0.7208 0.1764 -0.6703
vn -0.1103 -0.2264 -0.9678
vn -0.8385 0.0114 0.5447
vn 0.7121 -0.6397 0.2894
vn -0.0062 -0.6904 0.7234
vn -0.7904 0.4892 0.3687
vn 0.0057 -0.5184 0.8551
vn -0.2847 0.9432 0.1711
vn -0.9187 -0.3630 -0.1554
vn 0.0861 0.8493 -0.5208
vn -0.2275 -0.9520 -0.2050
vn -0.0797 -0.4770 0.8753
vn 0.1556 0.9061 0.3935
vn -0.2429 0.0794 -0.9668
vn 0.3218 0.6431 0.6949
vn 0.5468 -0.6268 0.5551
vn 0.4185 0.6380 0.6464
vn 0.8728 -0.1868 0.4509
vn -0.5894 0.0111 -0.8077
vn -0.5903 0.0557 -0.8053
vn 0.2924 -0.9512 -0.0981
vn -0.1525 -0.8238 -0.5460
vn 0.2034 -0.4877 -0.8490
vn 0.2441 -0.6619 0.7087
vn 0.6323 0.5322 -0.5630
vn -0.7939 -0.5760 -0.1948
vn 0.4373 0.1641 0.8842
vn -0.8492 -0.5143 -0.1201
vn -0.7832 -0.2938 -0.5480
vn -0.9978 0.0038 -0.0667
vn -0.9548 0.2737 0.1159
vn -0.3584 -0.2953 -0.8856
vn -0.2235 -0.7157 -0.6617
vn -0.1880 -0.0401 -0.9814
vn 0.0166 -0.6236 -0.7815
vn 0.8558 -0.4976 0.1412
vn 0.0830 -0.4025 -0.9117
vn -0.2895 -0.9510 -0.1089
vn 0.1410 -0.1203 -0.9827
vn 0.8668 -0.0116 -0.4985
vn 0.9131 -0.4042 -0.0526
vn -0.3916 -0.0947 -0.9152
vn -0.6900 -0.2358 -0.6843
vn -0.9237 0.1974 -0.3282
vn 0.7773 0.1178 -0.6181
vn 0.6431 0.4482 0.6210
vn 0.3040 -0.4230 -0.8536
vn 0.7615 0.2382 0.6028
vn 0.9918 0.0028 0.1280
vn -0.4061 -0.0024 0.9138
vn -0.4916 -0.2013 -0.8473
vn -0.6925 -0.3120 0.6505
vn -0.9556 0.0396 -0.2921
vn -0.8093 -0.2285 -0.5411
vn 0.8466 -0.0475 -0.5301
vn 0.1291 -0.9289 -0.3472
vn -0.1578 -0.8442 0.5123
vn 0.5468 0.1035 0.8308
vn -0.2883 -0.2213 0.9316
vn 0.0192 0.2784 0.9603
vn -0.0909 -0.7510 -0.6540
vn 0.2954 0.2503 -0.9220
vn -0.9931 -0.0723 -0.0925
vn -0.9245 -0.3031 -0.2310
vn -0.3179 -0.8369 -0.4456
vn 0.7611 0.2937 -0.5784
vn -0.8337 0.0853 0.5457
vn -0.2229 0.4045 0.8870
vn -0.1600 0.2317 -0.9595
vn -0.5211 0.4122 -0.7473
vn -0.2232 -0.2646 0.9382
vn -0.4881 0.0794 0.8692
vn -0.3156 -0.5750 0.7548
vn 0.1883 -0.5292 0.8274
vn -0.9193 -0.2860 0.2702
vn 0.9822 0.0214 0.1864
vn 0.9892 0.0235 0.1447
vn 0.5304 0.0546 0.8460
vn 0.8758 -0.1963 -0.4409
vn 0.8492 -0.0547 0.5253
vn 0.9776 -0.0008 -0.2106
vn 0.9974 -0.0083 -0.0715
vn -0.2887 0.8277 0.4812
vn 0.5544 0.8112 0.1862
vn -0.3664 0.4579 -0.8100
vn -0.3814 -0.3914 -0.8375
vn 0.2405 -0.5920 -0.7692
vn 0.5584 0.0934 -0.8243
vn -0.1042 -0.5060 -0.8562
vn -0.2537 -0.3719 -0.8930
vn -0.6211 -0.0360 0.7829
vn 0.1661 0.0408 0.9853
vn 0.7982 -0.0101 0.6023
vn -0.6287 -0.4205 -0.6541
vn 0.0557 -0.2952 0.9538
vn -0.1617 0.1264 0.9787
vn 0.0216 -0.9952 0.0956
vn -0.1004 0.3499 0.9314
vn -0.1130 0.4139 0.9033
vn -0.8587 0.1533 -0.4889
vn 0.9363 0.3451 0.0656
vn 0.5748 -0.5534 0.6027
vn -0.7591 0.3615 -0.5414
vn -0.3969 -0.7849 -0.4759
vn 0.1298 -0.2975 -0.9458
vn -0.1660 -0.0065 -0.9861
vn 0.1742 0.1537 0.9726
vn -0.0181 0.4893 0.8719
vn -0.8399 -0.4998 -0.2116
vn 0.6499 0.1638 0.7422
vn -0.8846 -0.0048 -0.4664
vn -1.0000 -0.0011 -0.0075
vn -0.8752 0.1858 0.4467
vn 0.7852 -0.5519 0.2810
vn 0.8215 0.3663 0.4371
vn 0.2235 -0.1923 -0.9555
vn -0.0176 0.7906 -0.6121
vn -0.7477 -0.0015 0.6640
vn 0.6967 0.3564 -0.6225
vn 0.8657 0.3146 -0.3894
vn -0.9531 0.1513 0.2623
vn -0.9186 0.2282 0.3226
vn -0.4303 0.5760 -0.6951
vn 0.3549 -0.5926 -0.7231
vn -0.0008 0.9008 0.4342
vn 0.1872 -0.1223 -0.9747
vn 0.6033 0.1480 -0.7837
vn -0.4606 -0.7095 -0.5333
vn 0.3917 0.7966 0.4605
vn 0.5558 0.8275 -0.0798
vn 0.9393 -0.2487 0.2365
vn 0.7459 0.3272 0.5801
vn 0.7732 -0.3754 0.5111
vn 0.8009 0.5410 0.2568
vn -0.9782 0.2034 0.0414
vn -0.2682 -0.8521 0.4494
vn 0.8559 0.3059 0.4170
vn -0.4852 -0.5623 -0.6696
vn -0.1891 0.8715 0.4524
vn 0.1525 0.1841 -0.9710
vn -0.1085 -0.3382 0.9348
vn -0.1268 0.2334 -0.9641
vn -0.5298 -0.0055 -0.8481
vn -0.4389 0.0098 -0.8985
vn -0.5605 -0.4850 0.6713
vn -0.7388 -0.4978 0.4543
vn 0.9698 -0.2140 -0.1173
vn 0.8027 0.0778 -0.5913
vn -0.2590 0.9627 -0.0783
vn -0.4110 0.2123 -0.8866
vn 0.7394 0.5863 0.3308
vn 0.9619 -0.0119 -0.2730
vn -0.9999 0.0112 -0.0018
vn 0.9974 -0.0327 -0.0636
vn 0.5856 0.3551 -0.7287
vn 0.2401 -0.0295 0.9703
vn -0.7817 0.6184 -0.0809
vn -0.2763 -0.1682 0.9462
vn 0.6618 0.0709 -0.7463
vn 0.7464 -0.6655 -0.0015
vn -0.9927 -0.0121 -0.1196
vn 0.9155 -0.1260 0.3820
vn 0.5906 -0.6982 0.4047
vn -0.9210 -0.0431 -0.3872
vn 0.6260 -0.0287 -0.7793
vn -0.8320 -0.5329 0.1541
vn 0.1584 0.6003 -0.7840
vn 0.2691 -0.0442 -0.9621
vn 0.5828 0.3880 0.7140
vn 0.1267 -0.9914 -0.0325
vn -0.2409 -0.6006 -0.7624
vn -0.2686 -0.6916 0.6705
vn -0.8843 -0.2220 0.4108
vn 0.6338 -0.3433 0.6931
vn -0.9996 -0.0235 0.0156
vn -0.4003 -0.2386 0.8848
vn 0.5455 0.0647 0.8356
vn 0.4031 -0.6829 0.6092
vn 0.9504 0.1228 -0.2857
vn 0.9579 0.0274 -0.2858
vn 0.3425 -0.6109 -0.7138
vn 0.0130 -0.6175 -0.7865
vn 0.0736 0.6954 -0.7148
vn -0.1286 -0.6946 -0.7078
vn 0.0321 -0.9436 0.3295
vn 0.8340 -0.4545 -0.3127
vn -0.0103 -0.0704 -0.9975
vn 0.6098 0.0108 -0.7925
vn 0.0281 0.4709 0.8818
vn 0.4178 0.5887 0.6920
vn -0.4414 0.8101 0.3859
vn 0.3397 0.0284 0.9401
vn -0.9628 0.2703 -0.0031
vn 0.0530 -0.9359 -0.3482
vn 0.6141 0.0074 -0.7892
vn 0.6302 0.0207 0.7761
vn 0.7186 -0.0460 0.6939
vn -0.5142 -0.2454 0.8218
vn -0.4589 -0.7918 -0.4031
vn 0.0587 -0.3091 -0.9492
vn -0.5344 -0.8416 0.0779
vn -0.9158 -0.3252 -0.2356
vn -0.8329 -0.1445 0.5343
vn -0.8036 -0.0245 -0.5946
vn -0.9197 0.0060 0.3925
vn -0.3411 0.0186 -0.9399
vn -0.4630 -0.0021 0.8864
vn 0.8195 0.0004 0.5730
vn 0.5954 0.0320 0.8028
vn -0.4483 0.5166 -0.7295
vn -0.4155 0.9091 -0.0297
vn 0.0107 0.8702 0.4927
vn -0.3837 -0.5392 -0.7497
vn 0.9762 0.0759 -0.2031
vn 0.3929 0.0042 0.9196
vn -0.9249 0.0196 0.3796
vn 0.7042 0.0060 0.7100
vn -0.5932 -0.2566 -0.7631
vn -0.4427 -0.5360 0.7188
vn -0.0346 -0.0133 -0.9993
vn -0.3063 0.0285 0.9515
vn 0.4103 0.4042 0.8175
vn -0.9851 0.0821 -0.1514
vn -0.9763 0.2141 0.0314
vn 0.9972 -0.0131 -0.0741
vn -0.0245 -0.9992 -0.0309
vn 0.1064 -0.3266 0.9392
vn 0.4642 -0.8814 -0.0871
vn 0.9435 0.2650 -0.1987
vn -0.2603 0.0560 -0.9639
vn -0.0112 0.0263 -0.9996
vn -0.6332 0.0147 -0.7738
vn -0.5887 0.0044 -0.8083
vn -0.0995 -0.9581 -0.2687
vn 0.3361 -0.2931 -0.8950
vn 0.7666 0.0515 -0.6400
vn 0.9555 0.0036 -0.2948
vn -0.9794 -0.0008 0.2018
vn -0.9887 0.0003 0.1497
vn 0.9100 -0.1766 0.3752
vn 0.9653 0.1384 0.2216
vn -0.2303 0.0311 -0.9726
vn -0.5497 0.8234 -0.1406
vn 0.4831 -0.0388 0.8747
vn -0.6876 -0.3559 0.6329
vn 0.6888 -0.1852 0.7009
vn 0.3506 -0.8324 -0.4292
vn 0.7869 -0.4533 -0.4187
vn -0.7592 -0.2348 0.6070
vn 0.5467 -0.8348 -0.0653
vn -0.7580 -0.6477 0.0763
vn -0.8261 -0.4891 -0.2800
vn 0.8524 -0.5160 -0.0843
vn -0.3006 -0.0086 -0.9537
vn 0.8971 -0.2980 -0.3262
vn -0.9767 0.1864 -0.1065
vn -1.0000 -0.0010 0.0005
vn 0.8434 -0.0007 -0.5374
vn 0.9091 0.0206 -0.4161
vn 0.2735 -0.8422 -0.4647
vn -0.6634 -0.6662 -0.3407
vn -0.5817 -0.5772 0.5731
vn 0.3395 -0.6656 -0.6646
vn 0.9186 -0.3949 0.0111
vn -0.0301 0.7268 0.6862
vn -0.6907 0.0092 0.7231
vn -0.0003 0.0942 -0.9956
vn 0.0462 0.8935 -0.4467
vn -0.5756 0.8055 -0.1411
vn -0.0031 0.6902 0.7237
vn -0.2435 0.8618 -0.4449
vn 0.3004 -0.0934 0.9492
vn -0.4598 0.7759 -0.4319
vn 0.5399 0.4293 -0.7240
vn 0.5859 0.1066 -0.8033
vn 0.5576 0.6856 -0.4681
vn -0.4558 0.0032 0.8901
vn 0.7020 0.0572 -0.7099
vn -0.2528 0.5611 -0.7882
vn -0.2319 0.3652 -0.9016
vn -0.9682 0.2489 0.0241
vn -0.7172 0.2238 0.6600
vn -0.9347 0.3440 -0.0890
vn 0.9052 -0.0090 0.4249
vn 0.9938 0.1111 0.0073
vn -0.0248 -0.1775 -0.9838
vn 0.0008 1.0000 -0.0021
vn -0.8221 0.4229 -0.3811
vn -0.7408 0.1983 0.6418
vn 0.5259 0.0602 -0.8484
vn -0.3194 0.8478 -0.4234
vn 0.7821 -0.1414 0.6069
vn 0.1553 0.2414 0.9579
vn 0.5544 0.0598 0.8301
vn 0.2416 0.4467 -0.8614
vn -0.6417 -0.0025 0.7669
vn -0.3814 0.5186 0.7652
vn -0.7634 0.1015 -0.6379
vn 0.3831 -0.1243 0.9153
vn -0.4064 -0.5502 0.7294
vn -0.4932 -0.8207 0.2884
vn -0.6361 -0.6395 -0.4317
vn -0.2458 -0.2018 0.9481
vn 0.8760 0.4791 -0.0560
vn 0.9997 -0.0188 -0.0156
vn -0.6465 0.2099 0.7335
vn 0.9674 0.1417 -0.2100
vn 0.1651 0.2924 -0.9419
vn 0.0513 -0.7671 0.6395
vn -0.2941 0.1992 -0.9348
vn -0.9992 0.0066 0.0382
vn 0.0089 -0.2947 0.9555
vn -0.7312 0.0002 0.6821
vn 0.4791 0.5311 -0.6989
vn 0.7614 0.4802 -0.4355
vn -0.8760 0.0132 0.4822
vn -0.7565 -0.0514 0.6520
vn 0.7237 -0.0011 0.6901
vn -0.0283 0.4939 -0.8691
vn -0.9667 -0.0222 0.2548
vn -0.5314 0.0020 0.8471
vn -0.9006 0.0024 0.4346
vn -0.8800 -0.2358 -0.4124
vn 0.9929 -0.0053 0.1191
vn 0.3698 -0.6868 0.6257
vn 0.6692 -0.6201 0.4094
vn 0.7360 0.6646 0.1286
vn -0.2487 0.4243 0.8707
vn -0.8794 -0.4106 -0.2408
vn -0.5320 -0.0688 0.8440
vn -0.5721 -0.6365 0.5173
vn -0.6274 0.7295 -0.2725
vn -0.4023 -0.3406 0.8498
vn -0.0635 0.0433 -0.9970
vn -0.6267 -0.0085 0.7792
vn 0.2651 0.9530 0.1469
vn 0.0902 -0.8983 -0.4301
vn 0.0178 -0.0015 0.9998
vn -0.0284 -0.6306 -0.7756
vn 0.6726 0.3208 -0.6668
vn 0.3706 0.9238 0.0958
vn -0.3224 -0.9348 -0.1489
vn 0.6566 0.0341 -0.7535
vn 0.8203 0.5237 -0.2297
vn 0.5804 0.3804 -0.7200
vn 0.9823 0.0017 -0.1875
vn 0.9825 0.0287 0.1842
vn 0.9070 0.3360 -0.2539
vn -0.0225 -0.7299 -0.6831
vn -0.0047 0.0095 -0.9999
vn -0.0088 -0.0536 -0.9985
vn 0.8377 0.5052 -0.2075
vn 0.0516 0.2786 -0.9590
vn -0.5493 -0.6727 -0.4957
vn -0.7465 0.4404 0.4988
vn -0.1109 -0.0825 -0.9904
vn -0.0423 -0.2690 0.9622
vn 0.5812 -0.4681 -0.6656
vn 0.7288 -0.0379 0.6837
vn 0.1321 -0.4018 0.9061
vn -0.6409 -0.5213 0.5634
vn 0.4640 -0.1920 0.8648
vn -0.6021 0.0800 -0.7944
vn 0.9125 -0.0992 -0.3968
vn 0.6236 -0.0099 -0.7817
vn -0.8826 0.4364 -0.1750
vn -0.5689 0.8224 -0.0095
vn 0.9344 0.2104 0.2875
vn -0.5818 0.8099 -0.0749
vn 0.5079 0.4431 0.7387
vn 0.9930 -0.1127 0.0360
vn 0.0465 -0.1113 -0.9927
vn -0.7868 -0.6152 0.0499
vn -0.3202 0.3729 -0.8709
vn 0.3116 -0.0758 -0.9472
vn 0.5569 -0.1084 0.8234
vn 0.1010 0.2839 0.9535
vn -0.4599 -0.6480 0.6071
vn 0.8247 -0.1673 0.5402
vn -0.7312 -0.0141 -0.6820
vn 0.1634 -0.5609 0.8116
vn 0.4899 0.0399 -0.8709
vn 0.2738 0.0690 -0.9593
vn -0.3499 -0.0285 -0.9363
vn 0.0338 -0.4270 0.9036
vn -0.3569 0.5679 -0.7416
vn -0.4366 0.1451 -0.8879
vn 0.8119 0.0913 -0.5767
vn -0.9634 0.1548 -0.2187
vn -0.9988 0.0458 -0.0193
vn -0.8233 0.0045 -0.5676
vn -0.2599 0.9340 0.2452
vn 0.2747 0.4915 0.8264
vn -0.5673 0.0459 0.8223
vn 0.5456 0.0005 0.8381
vn -0.1031 -0.1108 0.9885
vn -1.0000 0.0006 0.0084
vn 0.8999 0.0036 0.4362
vn 0.9324 -0.2840 -0.2236
vn -0.5072 -0.4156 0.7550
vn 0.0471 0.5849 -0.8098
vn 0.7280 -0.0022 0.6856
vn 0.9997 0.0042 0.0246
vn 1.0000 0.0010 0.0028
vn 0.1298 0.6233 -0.7712
vn 0.9731 0.0274 0.2289
vn 0.4406 -0.8868 -0.1399
vn -0.5128 -0.2953 -0.8061
vn -0.9713 -0.2337 -0.0440
vn -0.7895 -0.0014 0.6138
vn 0.0405 0.9323 0.3594
vn 0.0582 0.1386 -0.9886
vn 0.9759 0.0596 0.2099
vn -0.2974 -0.0100 0.9547
vn 0.5509 0.0176 0.8344
vn -0.2761 0.0155 0.9610
vn 0.4625 0.0084 0.8866
vn -0.7408 -0.2006 -0.6410
vn 0.5371 -0.3991 -0.7431
vn 0.8884 -0.3792 0.2588
vn 0.1484 -0.1629 0.9754
vn -0.9999 0.0099 -0.0139
vn -0.2939 -0.3362 -0.8947
vn -0.9141 0.3942 0.0953
vn 0.4364 0.0034 0.8997
vn -0.6559 0.1621 -0.7373
vn -0.6131 0.2057 0.7628
vn 0.3466 -0.7291 -0.5902
vn -0.4595 -0.5428 0.7030
vn -0.4022 0.3824 -0.8319
vn -0.6836 -0.3181 0.6569
vn -0.9458 0.0749 0.3160
vn -0.8260 0.3845 -0.4122
vn 0.3707 -0.5311 0.7619
vn -0.7354 -0.0056 0.6777
vn -0.7316 0.0789 -0.6772
vn -0.9829 0.1824 -0.0256
vn 0.0754 0.1766 -0.9814
vn -0.4910 0.2277 0.8409
vn -0.5104 -0.3583 -0.7817
vn 0.3515 -0.0019 0.9362
vn 0.3266 0.2349 0.9155
vn 0.3482 -0.5567 0.7543
vn 0.4922 0.0748 -0.8673
vn 0.2257 -0.1431 0.9636
vn -0.4620 0.4222 0.7800
vn -0.1796 0.6241 -0.7605
vn -0.0116 0.7106 0.7035
vn -0.6825 0.0065 -0.7309
vn -0.6461 0.2500 0.7211
vn -0.5076 -0.1531 0.8479
vn -0.4848 0.4731 -0.7356
vn -0.9826 -0.0104 -0.1856
vn -0.6183 -0.0023 -0.7860
vn -0.5464 0.0020 -0.8375
vn -0.5976 -0.6529 -0.4653
vn 0.5156 -0.0856 -0.8525
vn -0.8500 0.5084 0.1379
vn -0.9435 -0.0749 0.3227
vn 1.0000 0.0088 -0.0007
vn -0.9998 0.0049 0.0176
vn -0.0308 -0.0187 -0.9993
vn -0.3943 0.0398 -0.9181
vn -0.9943 0.0970 -0.0448
vn -0.7516 0.0678 0.6561
vn 0.8156 0.0684 -0.5745
vn -0.0286 -0.7853 0.6184
vn -0.7310 -0.0066 -0.6823
vn 0.6877 0.7250 -0.0364
vn -0.1395 0.0686 0.9879
vn 0.9874 0.0015 -0.1585
vn -0.0276 0.0191 -0.9994
vn -0.9263 -0.1570 0.3425
vn -0.1983 -0.9605 0.1953
vn 0.1373 -0.4528 0.8810
vn 0.9749 0.1852 0.1232
vn 0.5857 0.0122 0.8104
vn 0.8920 0.0006 0.4521
vn 0.8080 -0.0321 0.5884
vn 0.5969 0.0608 0.8000
vn 0.6288 0.0149 -0.7774
vn 0.4927 -0.8588 0.1402
vn 0.2065 -0.6709 -0.7122
vn -0.0260 -0.3869 -0.9217
vn -0.6520 -0.4835 0.5841
vn 0.2489 0.7334 0.6326
vn 0.2076 0.6781 -0.7050
vn -0.1226 0.0593 -0.9907
vn -0.2249 0.5356 0.8140
vn 0.9440 0.0755 0.3212
vn 0.4239 0.9057 0.0064
vn 0.1087 0.3972 0.9113
vn 0.6303 -0.0524 -0.7746
vn -0.7979 0.4152 -0.4370
vn 0.8270 0.3337 0.4524
vn 0.8325 0.0870 0.5471
vn 0.2511 0.9181 0.3065
vn -0.0135 0.9667 0.2555
vn 0.6699 -0.4645 0.5792
vn -0.9898 -0.0348 0.1380
vn -0.7513 0.4319 -0.4990
vn -0.0919 0.0087 -0.9957
vn -0.6483 0.7268 -0.2266
vn -0.6466 -0.0706 0.7595
vn -0.0172 -0.0785 -0.9968
vn 0.9995 0.0207 0.0255
vn 0.5449 -0.5018 0.6718
vn 0.3600 -0.3713 -0.8559
vn -0.8886 0.2444 -0.3881
vn -0.9992 -0.0284 -0.0298
vn -0.7252 -0.6747 -0.1371
vn 0.1394 0.2654 -0.9540
vn -0.6831 -0.7295 0.0335
vn -0.5151 -0.0065 -0.8571
vn 0.9997 0.0107 0.0241
vn 0.2353 0.0316 -0.9714
vn -0.8106 0.1043 0.5762
vn 0.0681 0.1608 -0.9846
vn 0.5573 -0.0139 0.8302
vn 0.1155 -0.1171 0.9864
vn 0.3483 0.5878 -0.7302
vn 0.7294 0.6240 -0.2803
vn -0.0462 0.1556 0.9867
vn -0.3872 -0.0100 -0.9219
vn 0.8019 -0.0011 -0.5975
vn -0.7360 -0.0073 -0.6769
vn 0.8050 0.0013 -0.5932
vn -0.6238 0.0464 -0.7802
vn -0.2515 -0.0020 -0.9679
vn 0.0552 0.1696 0.9840
vn 0.1547 0.4993 -0.8525
vn -0.6457 0.3781 -0.6634
vn 0.8114 -0.5289 -0.2488
vn -0.6800 -0.0020 -0.7332
vn 0.5764 -0.1200 -0.8083
vn -0.6224 0.5435 0.5632
vn -0.5945 0.0648 0.8015
vn 0.2491 0.5161 0.8195
vn 0.7929 -0.0065 0.6093
vn 0.3131 -0.0676 0.9473
vn -0.1150 -0.6379 -0.7615
vn -0.4967 0.8505 -0.1734
vn -0.0665 0.5141 -0.8552
vn 0.5590 -0.5634 0.6083
vn -1.0000 0.0002 -0.0047
vn 0.6413 -0.0016 0.7673
vn 0.5644 -0.0072 0.8255
vn -0.9701 0.2392 -0.0409
vn 0.9970 -0.0009 0.0780
vn -0.7091 0.7025 0.0610
vn -0.1717 0.0269 -0.9848
vn 0.8179 0.0258 0.5748
vn 0.9252 0.2632 -0.2734
vn 0.5891 -0.8080 0.0114
vn 0.4348 -0.6824 -0.5877
vn -0.0134 -0.8402 0.5421
vn -0.3994 -0.0321 -0.9162
vn 0.1895 0.1644 -0.9680
vn -0.2087 -0.4029 -0.8911
vn 0.3106 -0.9471 -0.0810
vn -0.4999 -0.1464 -0.8536
vn 0.0213 -0.0967 0.9951
vn 0.8736 -0.4748 0.1065
vn 0.2506 0.1133 0.9614
vn -0.3291 0.9437 -0.0326
vn 0.3971 0.0874 -0.9136
vn 0.6114 0.7314 -0.3021
vn -0.9470 0.0265 -0.3201
vn -0.1377 0.9901 -0.0261
vn 0.0772 -0.9969 -0.0117
vn -0.9997 0.0252 0.0039
vn -0.4206 -0.2533 -0.8711
vn 0.7240 0.3561 0.5908
vn 0.8422 -0.5390 0.0136
vn 0.9518 -0.0688 0.2987
vn 0.2198 0.3665 -0.9041
vn -0.4740 -0.5668 -0.6738
vn -0.8992 0.1698 -0.4032
vn -0.6759 -0.4717 -0.5664
vn -0.7954 -0.0250 0.6056
vn -0.8783 0.0675 0.4734
vn 0.5647 0.2435 0.7886
vn 0.2776 0.1878 0.9422
vn -0.2720 0.7538 -0.5982
vn 0.0116 -0.8715 -0.4903
vn -0.4788 -0.8776 -0.0248
vn 0.7236 0.6448 0.2463
vn 0.2140 0.6421 -0.7361
vn 0.6156 -0.2297 0.7539
vn 0.1011 -0.3497 -0.9314
vn 0.0702 0.2252 -0.9718
vn 0.2495 -0.0018 -0.9684
vn -0.2958 -0.7282 -0.6182
vn -0.3553 -0.8155 -0.4569
vn -0.6074 -0.1196 -0.7853
vn 0.9754 -0.0135 -0.2202
vn 0.4209 0.1908 -0.8868
vn 0.9067 0.2661 -0.3271
vn 0.4669 0.0250 -0.8839
vn -0.5879 -0.6956 -0.4130
vn -0.1434 0.8854 0.4421
vn 0.7559 0.0031 -0.6547
vn -0.1319 -0.9912 -0.0125
vn -0.5657 -0.6988 -0.4378
vn -0.8268 -0.3026 0.4741
vn 0.8150 -0.1035 0.5701
vn -0.2026 0.2122 0.9560
vn 0.6418 0.0005 0.7669
vn -0.2601 -0.9607 0.0971
vn 0.1580 0.4033 -0.9013
vn -0.4109 0.7206 -0.5585
vn -0.5856 0.0020 0.8106
vn -0.8837 0.0427 0.4661
vn -0.3485 -0.0090 -0.9372
vn 0.6415 0.0650 -0.7643
vn -0.9420 -0.0249 0.3348
vn -0.8877 0.0017 -0.4603
vn -0.4935 0.7643 0.4151
vn -0.2998 0.4715 -0.8294
vn 0.9191 -0.1964 0.3417
vn -0.4908 0.1630 -0.8559
vn 0.8754 0.4127 0.2517
vn 0.0431 0.5783 0.8147
vn 0.9978 0.0419 -0.0508
vn -0.9906 -0.0036 0.1370
vn -0.5057 -0.2074 -0.8374
vn -0.8995 0.3552 -0.2543
vn -0.8971 -0.4040 0.1789
vn -0.0888 -0.4459 0.8907
vn -0.2350 0.5422 -0.8067
vn 0.7673 -0.5906 0.2499
vn -0.6771 0.2141 0.7040
vn -0.8759 -0.2138 0.4326
vn 0.7383 -0.2942 0.6070
vn 0.7958 0.2398 0.5560
vn 0.3592 -0.0031 0.9333
vn 0.6653 -0.7243 0.1810
vn 0.2270 0.2204 0.9486
vn 0.6328 0.2769 0.7231
vn 0.8289 -0.0040 -0.5594
vn -0.3100 0.9020 0.3005
vn -0.1423 0.8513 0.5051
vn -0.1841 0.9803 -0.0721
vn -0.7526 0.4307 -0.4981
vn -0.6767 0.3031 -0.6710
vn 0.3237 0.0927 -0.9416
vn -0.4926 0.6270 0.6035
vn 0.0702 -0.9353 0.3468
vn 0.3557 0.8974 -0.2609
vn 0.0292 -0.8882 -0.4585
vn -0.3600 0.3150 0.8782
vn 0.2467 0.9086 0.3371
vn 0.9351 -0.2051 -0.2891
vn -0.9330 -0.0027 0.3599
vn 0.8524 0.4264 -0.3026
vn -0.0066 0.0923 -0.9957
vn 0.5845 0.5687 -0.5788
vn -0.8913 -0.0208 -0.4530
vn 0.8845 0.2091 0.4172
vn 0.5482 0.0044 -0.8364
vn 0.9996 -0.0287 0.0038
vn -0.2340 0.3584 -0.9038
vn 0.4907 -0.0131 -0.8712
vn 0.9771 0.0497 0.2070
vn -0.2111 -0.0085 -0.9774
vn 0.1805 -0.0023 -0.9836
vn 0.5191 0.0008 -0.8547
vn -0.6777 -0.0516 0.7335
vn -0.4336 -0.0185 -0.9009
vn 0.1695 -0.2808 -0.9447
vn -0.0216 -0.0590 -0.9980
vn -0.3631 -0.2114 0.9075
vn 0.6193 -0.2072 0.7573
vn -0.4993 -0.5462 0.6726
vn 0.5007 0.0656 0.8631
vn -0.7119 0.0074 -0.7022
vn 0.0476 0.0874 0.9950
vn 0.6124 0.0043 0.7905
vn 0.9665 0.0147 0.2561
vn 0.7821 -0.0085 -0.6231
vn -0.0755 -0.1538 -0.9852
vn -0.9372 0.3468 -0.0362
vn 0.9821 0.1821 -0.0485
vn -0.4490 0.8928 -0.0365
vn -0.2630 0.5277 -0.8077
vn 0.3287 0.2500 0.9107
vn -0.9276 0.3731 0.0185
vn -0.3942 -0.2411 0.8868
vn 0.8817 0.1936 -0.4302
vn 0.6885 0.5170 0.5087
vn 0.9255 -0.3528 0.1382
vn -0.5788 -0.5732 0.5800
vn -0.7415 0.6234 0.2478
vn 0.8572 -0.0013 -0.5150
vn -0.3369 -0.2542 0.9066
vn -0.3574 0.9324 0.0543
vn -0.9582 -0.0830 -0.2739
vn -0.0805 -0.3924 0.9163
vn -0.7272 0.0613 -0.6836
vn 0.4268 -0.3949 -0.8136
vn -0.7159 -0.6884 -0.1163
vn -0.9713 0.0453 -0.2337
vn 0.2849 0.5030 0.8160
vn -0.5074 0.2341 -0.8293
vn 0.3223 -0.1067 -0.9406
vn -0.0330 -0.1966 0.9799
vn -0.3143 -0.1296 0.9404
vn 0.4968 0.2221 0.8389
vn 0.0545 -0.1041 0.9931
vn 0.8515 -0.0066 -0.5244
vn 0.9579 -0.0063 0.2870
vn 0.0956 -0.0157 0.9953
vn -0.9520 0.0076 0.3060
vn 0.6753 -0.2950 -0.6759
vn 0.9568 -0.2903 0.0166
vn 0.7749 -0.0953 -0.6249
vn 0.8443 -0.0425 -0.5342
vn -0.3504 0.0455 0.9355
vn -0.7698 -0.3514 -0.5328
vn -0.3491 -0.2019 0.9151
vn 0.1095 0.1262 0.9859
vn -0.4951 -0.0455 0.8677
vn -0.9827 0.0403 -0.1806
vn 0.8967 0.3739 -0.2368
vn 0.9699 -0.2004 -0.1380
vn -0.6354 -0.0576 0.7700
vn -0.3566 -0.2499 0.9002
vn -0.2403 0.1243 0.9627
vn 0.5014 0.5638 -0.6563
vn -0.0095 0.6157 -0.7880
vn -0.8006 -0.0197 0.5988
vn -0.8935 -0.0002 0.4490
vn -0.8417 -0.0277 0.5392
vn 0.9555 -0.0958 -0.2790
vn -0.7240 0.1957 0.6615
vn -0.2958 0.1505 0.9433
vn 0.5459 0.2011 0.8133
vn 0.1534 0.4877 -0.8594
vn -1.0000 -0.0007 -0.0059
vn -0.9935 0.0002 -0.1136
vn 0.7075 0.0127 0.7066
vn -0.3172 -0.8081 -0.4963
vn -0.3670 0.7028 0.6094
vn -0.0327 -0.8175 -0.5750
vn -0.5262 -0.5275 -0.6670
vn 0.1668 0.0674 -0.9837
vn 0.2198 0.1348 0.9662
vn 0.1753 -0.0564 -0.9829
vn -0.5828 -0.6070 0.5403
vn -0.2546 -0.2554 -0.9327
vn -0.8008 -0.2324 0.5521
vn 0.9602 -0.0161 -0.2788
vn -0.0922 -0.5566 0.8256
vn -0.1585 0.3409 0.9266
vn -0.1521 -0.9182 0.3656
vn -0.4271 0.0063 0.9042
vn 0.1209 0.0018 -0.9927
vn -0.0823 -0.4765 0.8753
vn -0.6624 0.6612 0.3521
vn -0.8886 -0.0062 -0.4587
vn 0.7708 0.0224 0.6367
vn 0.0742 0.3730 0.9249
vn -0.8975 0.3695 -0.2407
vn 0.1437 0.8410 0.5217
vn -0.2023 0.4379 -0.8760
vn 0.0768 -0.0791 -0.9939
vn 0.2127 -0.6070 0.7658
vn 0.7320 -0.2464 0.6352
vn 0.6256 -0.2721 -0.7312
vn -0.1774 0.1142 0.9775
vn 0.7804 0.0886 -0.6190
vn -0.8567 0.2152 -0.4687
vn 0.8530 -0.1262 0.5065
vn 0.1454 0.0516 -0.9880
vn 0.0928 -0.4132 -0.9059
vn -0.2181 0.7285 -0.6494
vn -0.4754 0.3182 -0.8202
vn 0.7590 -0.0001 -0.6511
vn -0.7580 -0.0242 -0.6518
vn -0.4741 0.0597 0.8784
vn 0.5124 0.4464 0.7336
vn 0.2817 0.4693 0.8369
vn -0.4834 0.2459 0.8402
vn -0.7501 0.2566 0.6096
vn 0.9446 0.0124 0.3280
vn 0.0637 -0.0075 -0.9979
vn -0.7811 0.1267 0.6114
vn 0.2197 -0.4385 0.8715
vn -0.4130 -0.8924 0.1820
vn 0.5926 -0.0658 -0.8028
vn 0.3057 -0.8013 0.5143
vn 0.8538 -0.2348 -0.4646
vn 0.8675 -0.0048 0.4974
vn 0.4129 0.4073 0.8146
vn 0.9996 -0.0255 0.0079
vn 0.8938 -0.0047 -0.4485
vn -0.5927 0.5543 0.5844
vn -0.1549 -0.7311 0.6645
vn -0.7023 -0.6735 -0.2307
vn -0.0125 0.1914 -0.9814
vn 0.6134 -0.2006 0.7639
vn -0.9970 0.0098 0.0768
vn 0.8015 -0.5980 0.0020
vn 0.7532 -0.6543 0.0682
vn 0.0044 -0.4353 0.9003
vn -0.4078 0.8886 0.2100
vn 0.0751 -0.4270 0.9011
vn 0.4757 0.0762 0.8763
vn 0.0993 0.9746 0.2005
vn -0.3962 -0.9179 -0.0233
vn -0.2198 -0.5272 -0.8209
vn -0.6968 0.2199 0.6827
vn 0.6884 0.3964 -0.6074
vn 0.0163 -0.1024 0.9946
vn 0.6817 -0.0083 0.7316
vn 0.2136 0.8936 -0.3947
vn 0.3474 -0.8432 0.4104
vn 0.9395 0.1456 0.3101
vn -0.8093 0.0174 0.5871
vn 0.3476 -0.3710 -0.8611
vn -0.8151 -0.0197 0.5790
vn -0.2203 -0.0200 0.9752
vn 0.8060 0.0165 0.5917
vn 0.6973 0.5650 -0.4410
vn 0.6511 0.0592 0.7567
vn -0.3131 0.1769 -0.9331
vn 0.2591 0.8287 0.4961
vn -0.9206 -0.0906 -0.3798
vn -0.5706 -0.0475 0.8199
vn 0.0157 -0.0477 -0.9987
vn 0.4379 0.3885 -0.8108
vn -0.0565 0.5093 -0.8587
vn 0.9218 -0.0288 -0.3866
vn -0.7686 -0.0691 0.6359
vn -0.0032 0.8378 0.5459
vn 0.1209 -0.7654 -0.6321
vn 0.7508 0.0597 -0.6579
vn -0.5032 -0.0490 0.8628
vn -0.4014 -0.8742 -0.2733
vn -0.3762 0.1713 -0.9106
vn 0.1908 0.1045 -0.9760
vn 0.3397 -0.0010 -0.9405
vn -0.0915 0.0869 0.9920
vn -0.7957 0.0475 0.6038
vn 0.7556 -0.0020 0.6550
vn -0.4103 -0.8850 -0.2202
vn -0.7177 -0.6021 0.3499
vn 0.7901 -0.2647 -0.5528
vn -0.7435 -0.0267 -0.6683
vn -0.2041 0.6880 0.6964
vn -0.5219 0.8005 -0.2945
vn 0.8940 -0.2480 -0.3732
vn 0.0513 -0.9985 0.0186
vn 0.1280 -0.9914 -0.0268
vn -0.1927 0.5448 -0.8161
vn -0.6513 0.2598 -0.7129
vn -0.6492 -0.7604 0.0184
vn 0.9931 -0.0251 0.1145
vn 1.0000 -0.0052 -0.0035
vn -0.0070 -0.1320 0.9912
vn 0.6955 -0.4841 -0.5310
vn -0.9200 0.1257 -0.3711
vn 0.5101 0.1946 0.8378
vn 0.5204 -0.0240 0.8536
vn 0.0833 0.1431 0.9862
vn -0.5672 -0.6966 -0.4393
vn 0.7625 0.5068 -0.4021
vn 0.6909 -0.1967 0.6957
vn -0.3033 0.0216 -0.9526
vn -0.2011 -0.1562 -0.9670
vn 0.9555 0.1487 0.2548
vn 0.2208 -0.4149 -0.8827
vn -0.8742 -0.2098 -0.4380
vn -0.5455 -0.8356 -0.0652
vn 0.8081 -0.5865 -0.0545
vn 0.7711 -0.2812 0.5712
vn 0.3777 -0.2140 -0.9009
vn 0.1793 -0.0757 0.9809
vn 0.7854 -0.2188 -0.5790
vn -0.4065 0.0042 -0.9136
vn -0.9267 -0.3746 0.0316
vn -0.3721 0.3165 0.8726
vn 0.1103 -0.4574 -0.8824
vn 0.1340 -0.9788 0.1548
vn 0.3332 0.0992 0.9376
vn -0.8829 0.4609 -0.0893
vn 0.4346 -0.5971 0.6743
vn -0.5823 0.6488 0.4899
vn -0.5046 0.0766 -0.8599
vn 0.9595 0.2167 -0.1802
vn -0.8170 -0.0255 -0.5761
vn -0.0320 -0.0001 0.9995
vn -0.5982 0.0241 0.8010
vn -0.4443 0.3497 -0.8248
vn 0.1463 0.4330 -0.8895
vn 0.0517 -0.0396 -0.9979
vn -0.4003 -0.2853 0.8708
vn -0.1125 0.4966 0.8606
vn 0.4631 0.5914 0.6601
vn -0.9945 -0.0856 0.0604
vn 0.9945 0.0006 0.1049
vn -0.0439 -0.7843 -0.6188
vn 0.5859 0.6353 -0.5032
vn 0.3405 -0.2846 0.8961
vn 0.4883 -0.6886 -0.5360
vn -0.6259 -0.5767 0.5250
vn 0.5799 -0.0823 0.8105
vn -0.9530 -0.1125 0.2813
vn 0.2944 -0.9196 0.2602
vn -0.6651 0.6454 -0.3757
vn 0.9415 -0.0286 -0.3357
vn -0.6106 -0.3317 0.7191
vn -0.1232 -0.0034 0.9924
vn -0.7259 -0.2924 0.6225
vn -0.1173 0.6145 0.7801
vn 0.4517 -0.0077 0.8921
vn 0.7218 0.0227 0.6917
vn 0.0786 0.1120 0.9906
vn 0.0146 -0.5335 0.8457
vn -0.1798 0.0947 -0.9791
vn -0.1818 -0.2790 0.9429
vn -0.5836 0.0057 0.8120
vn -0.8420 -0.5315 -0.0927
vn -0.7263 -0.0057 -0.6873
vn -0.7242 -0.0107 -0.6895
vn -0.3341 0.0020 0.9425
vn 0.7613 0.0215 0.6481
vn 0.5868 -0.0166 0.8095
vn 0.4191 0.0160 -0.9078
vn -0.5482 -0.1407 0.8244
vn -0.2626 0.0148 0.9648
vn -0.9608 -0.0177 -0.2768
vn -0.4182 -0.0009 0.9084
vn 0.2782 0.2112 -0.9370
vn -0.7175 0.0104 0.6965
vn 0.7387 -0.0658 0.6709
vn 0.0623 0.9739 -0.2184
vn 0.4313 -0.7168 0.5478
vn -0.2757 -0.1347 0.9518
vn 0.7547 -0.6554 -0.0278
vn 0.0105 0.7233 0.6905
vn -0.6456 -0.0695 0.7605
vn -0.0508 0.5038 0.8623
vn -0.5891 -0.0057 0.8081
vn 0.0649 -0.0173 0.9977
vn -0.0490 -0.3004 0.9525
vn -0.3359 -0.2068 0.9189
vn 0.4922 0.1559 0.8564
vn 0.9355 -0.2123 0.2824
vn -0.9571 -0.2866 0.0429
vn 0.7493 -0.0406 0.6610
vn -0.5681 -0.7751 -0.2765
vn -0.9997 -0.0132 0.0221
vn -0.9997 0.0163 0.0179
vn -0.6301 -0.1327 -0.7651
vn 0.9064 -0.4194 -0.0511
vn -0.8016 -0.0251 -0.5974
vn 0.7100 -0.2844 -0.6442
vn 0.2961 -0.2150 -0.9307
vn 0.6786 0.1193 -0.7247
vn 0.8045 0.0319 -0.5931
vn 0.6795 -0.0492 -0.7321
vn 0.0108 0.9975 -0.0697
vn -0.1068 0.3029 -0.9470
vn 0.9979 0.0010 -0.0648
vn 0.9849 -0.0407 -0.1680
vn -0.7363 -0.1725 -0.6543
vn 0.6676 -0.4842 0.5656
vn 0.2057 0.9030 0.3771
vn -0.4142 -0.6091 0.6764
vn 0.3402 0.0127 0.9403
vn 0.0925 0.1415 0.9856
vn -0.9305 -0.3663 -0.0000
vn 0.8291 0.3499 -0.4361
vn 0.5467 -0.0233 0.8370
vn -0.9831 -0.1820 -0.0209
vn 0.4157 0.8783 0.2363
vn 0.9673 0.0073 -0.2537
vn -0.4861 -0.0009 -0.8739
vn 0.9740 -0.1814 -0.1360
vn -0.2420 -0.0974 -0.9654
vn 0.1602 -0.1408 -0.9770
vn 0.2019 0.1215 0.9718
vn 0.4053 0.4393 -0.8017
vn 0.8648 -0.5009 -0.0353
vn 0.0473 0.6356 -0.7706
vn -0.0695 0.0429 -0.9967
vn -0.5794 -0.0695 -0.8121
vn 0.9937 -0.0038 0.1120
vn -0.8900 0.0128 -0.4558
vn -0.9745 -0.1720 0.1437
vn -0.9998 -0.0109 0.0164
vn -0.0479 -0.7560 0.6528
vn 0.1799 0.2841 0.9418
vn -0.9920 -0.0019 0.1258
vn -0.5294 0.8478 -0.0306
vn 0.4916 0.3785 0.7843
vn 0.6997 -0.6052 0.3797
vn -0.8414 -0.2035 0.5006
vn -0.9711 0.0022 0.2385
vn -0.0725 -0.9792 0.1895
vn 0.5368 0.4793 0.6943
vn 0.7707 -0.6371 0.0079
vn -0.2912 0.4605 -0.8385
vn 0.5579 -0.0446 0.8287
vn 0.2763 0.8466 -0.4548
vn 0.1630 0.2668 -0.9499
vn -0.8989 0.0969 -0.4272
vn -0.0816 0.8803 -0.4673
vn 0.1619 0.3207 -0.9332
vn 0.8144 -0.2313 -0.5322
vn 0.5606 -0.7342 0.3830
vn 0.4476 -0.0642 -0.8919
vn 0.2657 0.9495 0.1670
vn 0.0633 0.2582 0.9640
vn 0.7462 -0.6164 -0.2517
vn -0.9879 -0.0355 -0.1510
vn -0.2208 -0.8523 -0.4743
vn 0.2351 -0.6252 -0.7442
vn 0.7495 0.1756 0.6383
vn 0.7454 0.3746 -0.5514
vn 0.3994 0.8421 -0.3625
vn 0.1557 0.9877 0.0101
vn 0.9999 0.0144 0.0018
vn 0.6993 0.0176 0.7146
vn 0.5455 0.0220 0.8378
vn -0.7690 0.0026 -0.6392
vn -0.3181 -0.0808 0.9446
vn 0.8985 0.3344 0.2845
vn -0.3725 0.1549 0.9150
vn -0.6345 -0.0016 0.7729
vn 0.1321 0.6007 0.7885
vn -0.7798 0.6043 0.1637
vn 0.9174 0.1481 0.3695
vn 0.0996 0.0823 -0.9916
vn 0.1949 0.2057 0.9590
vn -0.9498 -0.0044 0.3128
vn 0.9894 0.1021 0.1033
vn -0.0342 -0.1484 0.9883
vn 0.1972 -0.9246 0.3260
vn -0.4613 -0.0673 0.8847
vn -0.4796 -0.0881 -0.8730
vn 0.0071 0.7790 -0.6270
vn 0.0042 0.1134 -0.9935
vn -0.7994 0.5949 -0.0837
vn -0.4013 -0.6727 -0.6216
vn -0.3214 0.4103 0.8534
vn 0.9384 0.1390 -0.3163
vn -0.2774 0.5286 0.8023
vn -0.5079 0.3700 -0.7779
vn -0.5857 0.0072 0.8105
vn 0.4248 -0.1558 0.8918
vn 0.9344 -0.0346 0.3545
vn -0.5654 0.7394 0.3656
vn 0.0283 -0.4176 0.9082
vn 0.3769 -0.1194 -0.9185
vn 0.7721 -0.1040 0.6269
vn 0.3309 -0.0684 0.9412
vn -0.3692 0.0753 0.9263
vn -0.6997 -0.1009 -0.7072
vn 0.1654 -0.2082 -0.9640
vn -0.4414 -0.8934 0.0837
vn -0.7845 0.1725 -0.5957
vn 0.9995 0.0011 -0.0302
vn 0.9112 0.0032 0.4120
vn 0.1373 -0.4577 0.8784
vn 0.2847 0.0828 -0.9550
vn 0.4402 -0.0079 -0.8978
vn -0.7555 0.1187 -0.6443
vn -0.4835 -0.0505 0.8739
vn 0.6807 0.6309 -0.3723
vn 0.3398 0.0990 0.9353
vn -0.0859 0.1523 0.9846
vn -0.0870 -0.1505 0.9848
vn 0.7769 -0.0241 0.6292
vn 0.5696 -0.7527 -0.3302
vn -0.6170 0.2290 0.7530
vn -0.2858 -0.9582 -0.0121
vn -0.2844 0.5734 -0.7684
vn -0.6703 -0.6617 -0.3360
vn -0.0088 -0.2447 0.9696
vn 0.6581 -0.1942 -0.7274
vn 0.9034 0.4264 0.0454
vn 0.1439 -0.0820 -0.9862
vn 0.0452 0.7911 -0.6101
vn -0.2924 0.4100 -0.8639
vn 0.9011 -0.0382 0.4320
vn 0.9577 0.0034 0.2876
vn -0.8079 0.4801 0.3418
vn -0.5876 -0.0617 0.8068
vn -0.0056 -0.0665 0.9978
vn 0.8558 -0.5168 0.0230
vn -0.5929 0.7144 -0.3717
vn 0.8313 0.0916 -0.5483
vn 0.0295 -0.2804 0.9594
vn -0.9546 0.1290 0.2685
vn -0.4299 0.9018 0.0444
vn 0.7820 0.5778 -0.2335
vn 0.9992 0.0006 -0.0397
vn 0.6297 -0.0321 0.7762
vn 0.0610 0.0088 -0.9981
vn -0.7028 -0.1543 0.6945
vn 0.6842 -0.0122 -0.7292
vn 0.2832 0.6362 -0.7177
vn 0.7911 0.1142 -0.6010
vn 0.8839 0.0283 0.4669
vn -0.2401 -0.6755 0.6972
vn 0.8799 0.4512 0.1490
vn -0.0103 -0.8598 -0.5105
vn -0.6219 0.4138 0.6648
vn 0.0339 0.2907 0.9562
vn 0.1104 -0.1455 -0.9832
vn 0.0716 -0.0499 0.9962
vn 0.7322 -0.3858 -0.5613
vn 0.8312 -0.5556 0.0192
vn -0.9797 -0.0009 0.2005
vn 0.5610 -0.1312 -0.8174
vn -0.8984 -0.4234 -0.1163
vn -0.0068 -0.7228 -0.6910
vn 0.2020 -0.0187 -0.9792
vn -0.6768 0.0182 0.7359
vn 0.9753 0.2130 0.0581
vn 0.5409 -0.4909 -0.6830
vn 0.7077 -0.0094 0.7064
vn -0.9841 -0.1681 0.0572
vn 0.7618 0.2900 0.5793
vn -0.5243 0.2880 -0.8014
vn -0.1665 0.0027 0.9860
vn -0.7532 0.1856 -0.6311
vn 0.3818 0.0372 -0.9235
vn -0.3440 0.3085 -0.8868
vn -0.3696 0.9221 -0.1147
vn -0.5836 -0.0015 0.8121
vn -0.9235 -0.3835 0.0107
vn -0.0864 0.4681 0.8794
vn 0.4261 -0.9036 -0.0437
vn 0.7566 -0.6538 -0.0031
vn -0.8155 0.0999 0.5700
vn -0.0901 0.3149 0.9449
vn 0.7259 0.0184 0.6876
vn 0.9481 0.1295 -0.2905
vn 0.9436 0.3120 -0.1106
vn -0.2693 0.1779 0.9465
vn 0.3066 0.7783 -0.5479
vn 0.6343 -0.4435 -0.6333
vn -0.6415 0.5347 0.5501
vn -0.5069 0.0069 0.8619
vn -0.3096 0.5373 0.7845
vn 0.5389 0.3863 -0.7485
vn -0.2937 -0.0232 0.9556
vn -0.3487 -0.8413 -0.4131
vn -0.0423 0.9530 -0.3001
vn -0.9598 0.0680 -0.2725
vn -0.6840 -0.4814 0.5480
vn -0.7761 0.0013 0.6306
vn 0.7240 -0.0041 -0.6898
vn -0.8818 0.0592 -0.4678
vn 0.2047 -0.0027 -0.9788
vn 0.9321 -0.3075 0.1915
vn -0.2782 -0.3200 -0.9056
vn 0.9438 -0.0050 -0.3306
vn -0.9131 0.0101 0.4075
vn -0.9000 0.1959 0.3894
vn 0.9086 -0.0007 0.4176
vn -0.7802 -0.5901 0.2076
vn -0.8922 -0.2953 -0.3417
vn -0.2049 -0.3555 0.9119
vn 0.7712 -0.0812 0.6314
vn 0.4089 0.1483 -0.9005
vn 0.9927 0.0187 -0.1191
vn -0.1509 -0.0163 -0.9884
vn -0.7433 -0.0879 -0.6631
vn 0.8403 -0.0378 -0.5408
vn 0.8993 -0.4370 0.0148
vn 0.9065 0.0110 -0.4221
vn 0.1063 0.1544 -0.9823
vn 0.0354 -0.6410 0.7667
vn -0.0835 0.4076 -0.9093
vn -0.6335 -0.0005 -0.7737
vn 0.4788 -0.8455 0.2362
vn -0.3989 -0.4477 0.8003
vn -0.1101 -0.0080 -0.9939
vn 0.2515 0.9673 -0.0342
vn 0.9733 -0.2293 -0.0079
vn -0.6273 -0.4391 -0.6432
vn -0.4068 0.7422 -0.5326
vn 0.7726 0.6294 0.0834
vn 0.1483 0.9889 -0.0128
vn 0.9673 -0.1693 -0.1887
vn 0.9976 -0.0012 -0.0697
vn 0.3634 -0.1468 -0.9200
vn 0.9724 0.0381 -0.2300
vn 0.9069 -0.3295 -0.2627
vn -0.3000 -0.6791 0.6700
vn -0.4352 0.6777 0.5927
vn 0.9338 -0.0029 -0.3578
vn -0.8165 0.5773 0.0070
vn -0.3997 0.4230 -0.8132
vn 0.4569 -0.8782 0.1417
vn 0.3969 -0.8038 -0.4431
vn 0.8734 0.4608 0.1574
vn 0.4445 0.2149 0.8696
vn -0.1508 -0.0295 0.9881
vn 0.5948 -0.0147 0.8037
vn -0.4613 -0.0259 -0.8869
vn 0.0070 0.9294 -0.3690
vn -0.8758 0.1796 -0.4480
vn 0.5305 -0.2536 -0.8089
vn -0.9998 -0.0010 -0.0185
vn -0.0887 -0.5555 0.8268
vn 0.4808 0.0598 0.8748
vn 0.2728 0.6334 0.7242
vn 0.1707 -0.4278 0.8876
vn -0.3993 -0.3559 0.8450
vn 0.0040 -0.0881 -0.9961
vn 0.9887 -0.0066 -0.1497
vn -0.2314 -0.4377 0.8688
vn 0.7045 -0.0047 -0.7097
vn -0.9994 -0.0108 0.0337
vn 0.6963 0.0538 -0.7158
vn 0.3491 -0.1522 -0.9246
vn 0.6588 0.1564 -0.7359
vn 0.1580 0.0484 0.9862
vn 0.0925 -0.0579 -0.9940
vn 0.4614 0.0058 0.8872
vn 0.4081 0.8172 -0.4070
vn -0.8496 0.2818 -0.4458
vn 0.1301 -0.3754 -0.9177
vn 0.5014 0.1566 -0.8509
vn 0.1264 -0.9919 0.0160
vn -0.3444 -0.0296 0.9384
vn -1.0000 0.0020 -0.0029
vn -0.3394 0.2098 0.9170
vn 0.2845 -0.7430 -0.6058
vn 0.9208 -0.2485 0.3007
vn -0.7454 -0.0010 0.6666
vn 0.5565 -0.0225 0.8305
vn 0.6864 -0.0828 0.7225
vn 0.8790 -0.4011 -0.2576
vn 0.9893 0.1362 0.0527
vn 0.4261 0.7158 0.5533
vn 0.6741 -0.2372 0.6996
vn 0.7631 0.2035 0.6134
vn -0.4464 0.8904 -0.0890
vn 0.0002 -0.0857 -0.9963
vn 0.3247 -0.8847 0.3345
vn -0.9822 0.0285 -0.1856
vn 0.8858 0.3417 -0.3140
vn 0.8943 0.0225 0.4469
vn 0.8985 -0.0005 -0.4389
vn -0.1798 -0.0338 -0.9831
vn 0.4157 -0.8244 0.3840
vn -0.1747 0.8881 0.4251
vn -0.0342 0.1415 -0.9894
vn 0.8247 -0.3548 -0.4404
vn -0.9205 -0.0397 0.3887
vn 0.9734 0.2099 -0.0924
vn 0.0571 0.1327 0.9895
vn -0.2146 -0.6656 -0.7148
vn 0.8051 0.3161 0.5019
vn -0.0258 -0.2834 0.9586
vn -0.5470 -0.2016 -0.8125
vn 0.5656 -0.0055 0.8247
vn 0.0492 0.1235 -0.9911
vn -0.5486 0.0198 0.8358
vn 0.1036 0.0945 -0.9901
vn 0.8048 -0.5355 0.2561
vn 0.8797 0.3267 -0.3456
vn 0.1384 -0.9425 -0.3041
vn 0.2446 -0.1382 0.9597
vn -0.9981 -0.0037 -0.0617
vn 0.7924 -0.0037 -0.6100
vn -0.0301 0.0293 -0.9991
vn -0.7465 -0.0010 -0.6654
vn 0.1296 -0.0019 0.9916
vn 0.3147 -0.6371 0.7036
vn -0.0851 0.0145 -0.9963
vn 0.7272 0.1606 -0.6674
vn -0.9179 -0.2188 0.3310
vn -0.4503 -0.0822 -0.8891
vn 0.9610 -0.1701 0.2179
vn 0.0129 0.7377 0.6750
vn 0.3530 -0.4991 -0.7914
vn -0.0027 0.7142 0.6999
vn -0.7173 -0.3894 0.5778
vn 0.0812 -0.0892 0.9927
vn -0.2055 0.7496 -0.6292
vn -0.8810 -0.0051 -0.4731
vn 0.6398 0.0020 -0.7685
vn 0.1151 0.4282 0.8963
vn -0.0249 -0.3406 -0.9399
vn -0.6399 0.0165 -0.7683
vn 0.3592 0.5070 -0.7835
vn -0.1304 -0.0086 -0.9914
vn -0.4930 -0.1348 0.8595
vn -0.4808 -0.0507 -0.8754
vn -0.1359 -0.2007 0.9702
vn -0.4457 0.3496 0.8241
vn -0.8718 0.1127 0.4767
vn -0.3131 0.6753 -0.6677
vn -0.0455 -0.8606 0.5072
vn -0.9145 0.0169 -0.4043
vn -0.8997 -0.0062 0.4366
vn 0.3859 -0.0148 -0.9224
vn 0.6095 -0.1533 0.7778
vn -0.9958 0.0671 0.0630
vn -0.0314 -0.4562 0.8893
vn 0.9812 -0.1325 0.1405
vn -0.2058 0.9706 0.1248
vn 0.9967 -0.0811 -0.0006
vn -0.9724 -0.0926 -0.2142
vn -0.6938 -0.5546 -0.4593
vn 0.4301 -0.4913 -0.7574
vn -0.7119 0.4363 0.5503
vn -0.9996 0.0058 0.0269
vn -0.2477 0.3989 -0.8829
vn -0.0131 -0.9906 -0.1362
vn 0.4100 -0.6266 0.6628
vn 0.9713 -0.2328 0.0492
vn -0.5730 0.5833 0.5757
vn -0.7139 -0.6193 0.3268
vn 0.1500 -0.5844 -0.7974
vn 0.2017 -0.5831 -0.7870
vn -0.4714 -0.2176 0.8546
vn -0.7649 -0.0048 0.6441
vn 0.0308 -0.0039 0.9995
vn -0.8199 -0.5556 -0.1380
vn -0.1241 0.9884 -0.0878
vn 0.0640 0.0851 -0.9943
vn -0.9622 -0.0013 0.2723
vn -0.5674 -0.8188 -0.0871
vn -0.3399 0.7353 0.5864
vn 0.8475 0.5282 0.0525
vn 0.2633 0.5798 -0.7711
vn -0.4967 -0.6892 -0.5275
vn 0.1163 -0.9703 -0.2121
vn 0.9972 0.0354 0.0656
# 4182 vertex normals

vt 0.0000 0.0000 0.0000
# 1 texture coords

o Mesh1
g Mesh1
usemtl reja_uploads_files_1987534_Bank_02_wire_135059008
s 1
f 1/1/1 2/1/2 3/1/3 
f 2/1/2 4/1/4 5/1/5 
f 6/1/6 7/1/7 1/1/1 
f 2/1/2 1/1/1 4/1/4 
f 6/1/6 1/1/1 3/1/3 
f 6/1/6 8/1/8 7/1/7 
f 9/1/9 10/1/10 11/1/11 
f 12/1/12 13/1/13 14/1/14 
f 12/1/12 14/1/14 15/1/15 
f 16/1/16 12/1/12 15/1/15 
f 15/1/15 17/1/17 16/1/16 
f 13/1/13 12/1/12 18/1/18 
f 19/1/19 20/1/20 21/1/21 
f 22/1/22 19/1/19 21/1/21 
f 23/1/23 24/1/24 25/1/25 
f 26/1/26 27/1/27 28/1/28 
f 29/1/29 30/1/30 31/1/31 
f 32/1/32 33/1/33 34/1/34 
f 34/1/34 35/1/35 32/1/32 
f 36/1/36 37/1/37 38/1/38 
f 39/1/39 40/1/40 41/1/41 
f 42/1/42 43/1/43 44/1/44 
f 45/1/45 46/1/46 47/1/47 
f 47/1/47 46/1/46 48/1/48 
f 49/1/49 50/1/50 51/1/51 
f 52/1/52 49/1/49 53/1/53 
f 53/1/53 49/1/49 51/1/51 
f 46/1/46 45/1/45 49/1/49 
f 46/1/46 49/1/49 54/1/54 
f 46/1/46 54/1/54 55/1/55 
f 54/1/54 56/1/56 55/1/55 
f 57/1/57 58/1/58 59/1/59 
f 57/1/57 60/1/60 61/1/61 
f 62/1/62 63/1/63 64/1/64 
f 65/1/65 66/1/66 67/1/67 
f 68/1/68 69/1/69 70/1/70 
f 71/1/71 72/1/72 73/1/73 
f 74/1/74 71/1/71 73/1/73 
f 75/1/75 76/1/76 77/1/77 
f 78/1/78 79/1/79 80/1/80 
f 78/1/78 80/1/80 81/1/81 
f 82/1/82 83/1/83 84/1/84 
f 82/1/82 85/1/85 83/1/83 
f 85/1/85 86/1/86 83/1/83 
f 87/1/87 88/1/88 89/1/89 
f 90/1/90 91/1/91 92/1/92 
f 91/1/91 90/1/90 93/1/93 
f 94/1/94 95/1/95 96/1/96 
f 97/1/97 98/1/98 99/1/99 
f 100/1/100 101/1/101 102/1/102 
f 101/1/101 100/1/100 103/1/103 
f 104/1/104 105/1/105 106/1/106 
f 107/1/107 108/1/108 109/1/109 
f 108/1/108 110/1/110 109/1/109 
f 111/1/111 112/1/112 113/1/113 
f 114/1/114 112/1/112 115/1/115 
f 116/1/116 112/1/112 111/1/111 
f 112/1/112 114/1/114 113/1/113 
f 113/1/113 114/1/114 117/1/117 
f 112/1/112 118/1/118 115/1/115 
f 119/1/119 120/1/120 121/1/121 
f 121/1/121 122/1/122 119/1/119 
f 123/1/123 124/1/124 125/1/125 
f 126/1/126 127/1/127 128/1/128 
f 128/1/128 129/1/129 126/1/126 
f 130/1/130 131/1/131 132/1/132 
f 133/1/133 132/1/132 131/1/131 
f 134/1/134 135/1/135 136/1/136 
f 137/1/137 138/1/138 139/1/139 
f 135/1/135 139/1/139 138/1/138 
f 140/1/140 141/1/141 142/1/142 
f 143/1/143 144/1/144 145/1/145 
f 146/1/146 147/1/147 148/1/148 
f 149/1/149 150/1/150 146/1/146 
f 149/1/149 146/1/146 148/1/148 
f 148/1/148 74/1/74 149/1/149 
f 151/1/151 152/1/152 153/1/153 
f 154/1/154 152/1/152 151/1/151 
f 155/1/155 156/1/156 157/1/157 
f 158/1/158 159/1/159 160/1/160 
f 161/1/161 162/1/162 163/1/163 
f 164/1/164 165/1/165 166/1/166 
f 167/1/167 166/1/166 168/1/168 
f 166/1/166 165/1/165 168/1/168 
f 169/1/169 170/1/170 171/1/171 
f 172/1/172 173/1/173 174/1/174 
f 103/1/103 172/1/172 174/1/174 
f 175/1/175 176/1/176 177/1/177 
f 178/1/178 179/1/179 180/1/180 
f 181/1/181 182/1/182 183/1/183 
f 182/1/182 184/1/184 183/1/183 
f 185/1/185 186/1/186 187/1/187 
f 188/1/188 189/1/189 190/1/190 
f 191/1/191 192/1/192 193/1/193 
f 192/1/192 194/1/194 193/1/193 
f 195/1/195 196/1/196 197/1/197 
f 198/1/198 18/1/18 199/1/199 
f 200/1/200 201/1/201 202/1/202 
f 203/1/203 204/1/204 205/1/205 
f 30/1/30 206/1/206 207/1/207 
f 208/1/208 209/1/209 210/1/210 
f 211/1/211 212/1/212 213/1/213 
f 214/1/214 215/1/215 216/1/216 
f 217/1/217 218/1/218 219/1/219 
f 220/1/220 221/1/221 222/1/222 
f 223/1/223 224/1/224 225/1/225 
f 226/1/226 227/1/227 228/1/228 
f 229/1/229 230/1/230 231/1/231 
f 232/1/232 233/1/233 234/1/234 
f 235/1/235 236/1/236 237/1/237 
f 238/1/238 239/1/239 240/1/240 
f 195/1/195 241/1/241 242/1/242 
f 195/1/195 242/1/242 105/1/105 
f 243/1/243 244/1/244 245/1/245 
f 243/1/243 245/1/245 246/1/246 
f 247/1/247 248/1/248 249/1/249 
f 250/1/250 251/1/251 97/1/97 
f 252/1/252 253/1/253 254/1/254 
f 255/1/255 256/1/256 257/1/257 
f 258/1/258 259/1/259 260/1/260 
f 261/1/261 262/1/262 263/1/263 
f 264/1/264 265/1/265 266/1/266 
f 267/1/267 182/1/182 268/1/268 
f 269/1/269 270/1/270 271/1/271 
f 272/1/272 273/1/273 274/1/274 
f 273/1/273 275/1/275 276/1/276 
f 277/1/277 278/1/278 279/1/279 
f 280/1/280 281/1/281 282/1/282 
f 283/1/283 284/1/284 285/1/285 
f 286/1/286 287/1/287 288/1/288 
f 289/1/289 286/1/286 288/1/288 
f 178/1/178 290/1/290 291/1/291 
f 292/1/292 122/1/122 121/1/121 
f 293/1/293 294/1/294 295/1/295 
f 296/1/296 297/1/297 298/1/298 
f 299/1/299 300/1/300 301/1/301 
f 302/1/302 303/1/303 304/1/304 
f 305/1/305 302/1/302 304/1/304 
f 306/1/306 307/1/307 308/1/308 
f 309/1/309 107/1/107 310/1/310 
f 311/1/311 312/1/312 313/1/313 
f 314/1/314 315/1/315 316/1/316 
f 317/1/317 318/1/318 319/1/319 
f 320/1/320 321/1/321 322/1/322 
f 323/1/323 324/1/324 325/1/325 
f 326/1/326 327/1/327 328/1/328 
f 329/1/329 326/1/326 328/1/328 
f 330/1/330 76/1/76 75/1/75 
f 331/1/331 332/1/332 333/1/333 
f 334/1/334 335/1/335 336/1/336 
f 337/1/337 338/1/338 339/1/339 
f 340/1/340 341/1/341 342/1/342 
f 343/1/343 344/1/344 345/1/345 
f 346/1/346 347/1/347 255/1/255 
f 346/1/346 255/1/255 348/1/348 
f 349/1/349 350/1/350 351/1/351 
f 352/1/352 353/1/353 354/1/354 
f 352/1/352 354/1/354 355/1/355 
f 94/1/94 356/1/356 357/1/357 
f 358/1/358 359/1/359 360/1/360 
f 361/1/361 362/1/362 363/1/363 
f 364/1/364 365/1/365 366/1/366 
f 367/1/367 368/1/368 369/1/369 
f 370/1/370 371/1/371 372/1/372 
f 373/1/373 374/1/374 375/1/375 
f 376/1/376 377/1/377 378/1/378 
f 379/1/379 380/1/380 381/1/381 
f 382/1/382 383/1/383 366/1/366 
f 384/1/384 385/1/385 386/1/386 
f 387/1/387 388/1/388 389/1/389 
f 390/1/390 391/1/391 392/1/392 
f 169/1/169 393/1/393 394/1/394 
f 395/1/395 396/1/396 397/1/397 
f 398/1/398 399/1/399 257/1/257 
f 149/1/149 400/1/400 150/1/150 
f 401/1/401 402/1/402 255/1/255 
f 403/1/403 401/1/401 255/1/255 
f 404/1/404 405/1/405 406/1/406 
f 407/1/407 408/1/408 409/1/409 
f 410/1/410 407/1/407 409/1/409 
f 411/1/411 412/1/412 413/1/413 
f 414/1/414 415/1/415 416/1/416 
f 417/1/417 217/1/217 418/1/418 
f 419/1/419 420/1/420 421/1/421 
f 422/1/422 423/1/423 424/1/424 
f 425/1/425 426/1/426 427/1/427 
f 428/1/428 429/1/429 430/1/430 
f 431/1/431 432/1/432 433/1/433 
f 249/1/249 434/1/434 435/1/435 
f 272/1/272 436/1/436 437/1/437 
f 438/1/438 439/1/439 440/1/440 
f 441/1/441 442/1/442 443/1/443 
f 444/1/444 445/1/445 446/1/446 
f 447/1/447 448/1/448 449/1/449 
f 450/1/450 304/1/304 451/1/451 
f 452/1/452 453/1/453 454/1/454 
f 455/1/455 456/1/456 457/1/457 
f 458/1/458 340/1/340 459/1/459 
f 460/1/460 461/1/461 281/1/281 
f 462/1/462 463/1/463 464/1/464 
f 465/1/465 466/1/466 467/1/467 
f 468/1/468 469/1/469 470/1/470 
f 471/1/471 472/1/472 473/1/473 
f 474/1/474 475/1/475 476/1/476 
f 477/1/477 478/1/478 479/1/479 
f 480/1/480 481/1/481 482/1/482 
f 483/1/483 484/1/484 485/1/485 
f 486/1/486 487/1/487 488/1/488 
f 489/1/489 490/1/490 377/1/377 
f 491/1/491 492/1/492 493/1/493 
f 494/1/494 495/1/495 496/1/496 
f 497/1/497 40/1/40 498/1/498 
f 499/1/499 316/1/316 500/1/500 
f 501/1/501 502/1/502 503/1/503 
f 501/1/501 503/1/503 504/1/504 
f 505/1/505 506/1/506 507/1/507 
f 508/1/508 509/1/509 510/1/510 
f 511/1/511 512/1/512 513/1/513 
f 514/1/514 515/1/515 516/1/516 
f 517/1/517 289/1/289 518/1/518 
f 519/1/519 520/1/520 521/1/521 
f 522/1/522 523/1/523 524/1/524 
f 525/1/525 526/1/526 527/1/527 
f 528/1/528 529/1/529 530/1/530 
f 531/1/531 532/1/532 27/1/27 
f 533/1/533 358/1/358 360/1/360 
f 534/1/534 535/1/535 536/1/536 
f 537/1/537 538/1/538 539/1/539 
f 540/1/540 541/1/541 542/1/542 
f 543/1/543 544/1/544 545/1/545 
f 546/1/546 547/1/547 548/1/548 
f 24/1/24 549/1/549 67/1/67 
f 550/1/550 551/1/551 552/1/552 
f 553/1/553 554/1/554 555/1/555 
f 556/1/556 557/1/557 558/1/558 
f 559/1/559 560/1/560 561/1/561 
f 562/1/562 563/1/563 564/1/564 
f 565/1/565 566/1/566 567/1/567 
f 568/1/568 569/1/569 570/1/570 
f 571/1/571 3/1/3 7/1/7 
f 572/1/572 573/1/573 574/1/574 
f 575/1/575 576/1/576 577/1/577 
f 578/1/578 579/1/579 580/1/580 
f 581/1/581 582/1/582 583/1/583 
f 584/1/584 585/1/585 586/1/586 
f 587/1/587 588/1/588 589/1/589 
f 590/1/590 591/1/591 592/1/592 
f 593/1/593 132/1/132 133/1/133 
f 399/1/399 594/1/594 144/1/144 
f 595/1/595 596/1/596 455/1/455 
f 518/1/518 480/1/480 597/1/597 
f 598/1/598 599/1/599 390/1/390 
f 600/1/600 601/1/601 602/1/602 
f 603/1/603 604/1/604 605/1/605 
f 606/1/606 607/1/607 608/1/608 
f 609/1/609 610/1/610 611/1/611 
f 612/1/612 613/1/613 614/1/614 
f 615/1/615 616/1/616 617/1/617 
f 618/1/618 619/1/619 620/1/620 
f 621/1/621 322/1/322 622/1/622 
f 623/1/623 624/1/624 625/1/625 
f 626/1/626 627/1/627 628/1/628 
f 629/1/629 630/1/630 631/1/631 
f 632/1/632 633/1/633 634/1/634 
f 635/1/635 636/1/636 637/1/637 
f 638/1/638 639/1/639 640/1/640 
f 638/1/638 640/1/640 641/1/641 
f 642/1/642 643/1/643 644/1/644 
f 645/1/645 646/1/646 647/1/647 
f 648/1/648 649/1/649 650/1/650 
f 651/1/651 652/1/652 653/1/653 
f 651/1/651 653/1/653 654/1/654 
f 655/1/655 656/1/656 657/1/657 
f 656/1/656 658/1/658 659/1/659 
f 660/1/660 661/1/661 575/1/575 
f 662/1/662 663/1/663 664/1/664 
f 527/1/527 665/1/665 666/1/666 
f 667/1/667 668/1/668 669/1/669 
f 670/1/670 671/1/671 672/1/672 
f 673/1/673 674/1/674 675/1/675 
f 328/1/328 673/1/673 675/1/675 
f 676/1/676 677/1/677 678/1/678 
f 679/1/679 680/1/680 681/1/681 
f 682/1/682 683/1/683 684/1/684 
f 685/1/685 530/1/530 686/1/686 
f 687/1/687 688/1/688 689/1/689 
f 690/1/690 691/1/691 692/1/692 
f 693/1/693 694/1/694 695/1/695 
f 696/1/696 697/1/697 698/1/698 
f 699/1/699 700/1/700 701/1/701 
f 702/1/702 703/1/703 28/1/28 
f 704/1/704 705/1/705 706/1/706 
f 707/1/707 708/1/708 709/1/709 
f 710/1/710 711/1/711 712/1/712 
f 713/1/713 714/1/714 715/1/715 
f 716/1/716 717/1/717 718/1/718 
f 719/1/719 214/1/214 178/1/178 
f 720/1/720 719/1/719 178/1/178 
f 721/1/721 254/1/254 722/1/722 
f 723/1/723 724/1/724 725/1/725 
f 723/1/723 725/1/725 726/1/726 
f 296/1/296 727/1/727 728/1/728 
f 729/1/729 730/1/730 247/1/247 
f 731/1/731 732/1/732 733/1/733 
f 28/1/28 27/1/27 734/1/734 
f 341/1/341 458/1/458 342/1/342 
f 735/1/735 736/1/736 737/1/737 
f 738/1/738 739/1/739 502/1/502 
f 740/1/740 741/1/741 742/1/742 
f 743/1/743 744/1/744 741/1/741 
f 745/1/745 746/1/746 747/1/747 
f 745/1/745 747/1/747 748/1/748 
f 749/1/749 750/1/750 751/1/751 
f 500/1/500 316/1/316 752/1/752 
f 753/1/753 754/1/754 755/1/755 
f 756/1/756 757/1/757 758/1/758 
f 759/1/759 760/1/760 761/1/761 
f 762/1/762 763/1/763 764/1/764 
f 765/1/765 757/1/757 766/1/766 
f 767/1/767 768/1/768 769/1/769 
f 770/1/770 767/1/767 769/1/769 
f 771/1/771 772/1/772 773/1/773 
f 709/1/709 405/1/405 774/1/774 
f 775/1/775 776/1/776 777/1/777 
f 778/1/778 779/1/779 780/1/780 
f 781/1/781 782/1/782 783/1/783 
f 784/1/784 785/1/785 786/1/786 
f 787/1/787 101/1/101 788/1/788 
f 789/1/789 790/1/790 791/1/791 
f 792/1/792 793/1/793 32/1/32 
f 794/1/794 795/1/795 796/1/796 
f 132/1/132 593/1/593 797/1/797 
f 798/1/798 799/1/799 800/1/800 
f 183/1/183 801/1/801 802/1/802 
f 183/1/183 802/1/802 803/1/803 
f 804/1/804 501/1/501 805/1/805 
f 806/1/806 807/1/807 808/1/808 
f 809/1/809 810/1/810 811/1/811 
f 595/1/595 812/1/812 813/1/813 
f 814/1/814 815/1/815 688/1/688 
f 816/1/816 817/1/817 818/1/818 
f 819/1/819 820/1/820 821/1/821 
f 822/1/822 823/1/823 824/1/824 
f 825/1/825 826/1/826 757/1/757 
f 368/1/368 827/1/827 828/1/828 
f 829/1/829 407/1/407 410/1/410 
f 830/1/830 831/1/831 611/1/611 
f 832/1/832 833/1/833 834/1/834 
f 835/1/835 836/1/836 702/1/702 
f 837/1/837 838/1/838 839/1/839 
f 840/1/840 841/1/841 842/1/842 
f 248/1/248 843/1/843 249/1/249 
f 844/1/844 845/1/845 846/1/846 
f 540/1/540 542/1/542 847/1/847 
f 848/1/848 441/1/441 849/1/849 
f 850/1/850 851/1/851 852/1/852 
f 427/1/427 613/1/613 612/1/612 
f 853/1/853 854/1/854 855/1/855 
f 856/1/856 857/1/857 858/1/858 
f 859/1/859 860/1/860 861/1/861 
f 862/1/862 863/1/863 864/1/864 
f 865/1/865 866/1/866 867/1/867 
f 868/1/868 869/1/869 638/1/638 
f 870/1/870 871/1/871 872/1/872 
f 873/1/873 874/1/874 875/1/875 
f 876/1/876 877/1/877 878/1/878 
f 879/1/879 880/1/880 881/1/881 
f 882/1/882 883/1/883 884/1/884 
f 885/1/885 886/1/886 887/1/887 
f 888/1/888 160/1/160 889/1/889 
f 534/1/534 890/1/890 891/1/891 
f 892/1/892 893/1/893 894/1/894 
f 895/1/895 34/1/34 896/1/896 
f 897/1/897 898/1/898 899/1/899 
f 900/1/900 901/1/901 902/1/902 
f 903/1/903 904/1/904 238/1/238 
f 905/1/905 906/1/906 907/1/907 
f 908/1/908 909/1/909 910/1/910 
f 911/1/911 912/1/912 913/1/913 
f 914/1/914 915/1/915 916/1/916 
f 917/1/917 659/1/659 658/1/658 
f 918/1/918 919/1/919 920/1/920 
f 325/1/325 921/1/921 922/1/922 
f 923/1/923 726/1/726 924/1/924 
f 808/1/808 925/1/925 926/1/926 
f 927/1/927 928/1/928 929/1/929 
f 930/1/930 931/1/931 932/1/932 
f 933/1/933 934/1/934 598/1/598 
f 935/1/935 936/1/936 937/1/937 
f 938/1/938 939/1/939 940/1/940 
f 938/1/938 940/1/940 941/1/941 
f 942/1/942 943/1/943 944/1/944 
f 781/1/781 783/1/783 945/1/945 
f 946/1/946 947/1/947 948/1/948 
f 949/1/949 950/1/950 951/1/951 
f 952/1/952 953/1/953 954/1/954 
f 955/1/955 956/1/956 957/1/957 
f 702/1/702 836/1/836 958/1/958 
f 959/1/959 960/1/960 961/1/961 
f 962/1/962 629/1/629 963/1/963 
f 751/1/751 964/1/964 965/1/965 
f 966/1/966 967/1/967 968/1/968 
f 969/1/969 586/1/586 970/1/970 
f 969/1/969 970/1/970 971/1/971 
f 972/1/972 973/1/973 974/1/974 
f 975/1/975 976/1/976 977/1/977 
f 978/1/978 979/1/979 980/1/980 
f 981/1/981 982/1/982 983/1/983 
f 50/1/50 49/1/49 45/1/45 
f 366/1/366 984/1/984 985/1/985 
f 986/1/986 987/1/987 988/1/988 
f 396/1/396 989/1/989 397/1/397 
f 990/1/990 991/1/991 992/1/992 
f 993/1/993 236/1/236 994/1/994 
f 13/1/13 198/1/198 995/1/995 
f 996/1/996 997/1/997 998/1/998 
f 999/1/999 1000/1/1000 1001/1/1001 
f 1002/1/1002 1003/1/1003 1004/1/1004 
f 728/1/728 297/1/297 296/1/296 
f 1005/1/1005 1006/1/1006 438/1/438 
f 1005/1/1005 438/1/438 440/1/440 
f 1007/1/1007 1008/1/1008 1009/1/1009 
f 1010/1/1010 1011/1/1011 1012/1/1012 
f 1013/1/1013 1014/1/1014 1015/1/1015 
f 1016/1/1016 1017/1/1017 982/1/982 
f 1018/1/1018 774/1/774 405/1/405 
f 1019/1/1019 1020/1/1020 942/1/942 
f 1021/1/1021 1022/1/1022 1023/1/1023 
f 1024/1/1024 891/1/891 535/1/535 
f 1025/1/1025 1026/1/1026 1027/1/1027 
f 1028/1/1028 1029/1/1029 1030/1/1030 
f 1031/1/1031 1032/1/1032 1033/1/1033 
f 1034/1/1034 1035/1/1035 1036/1/1036 
f 73/1/73 400/1/400 1037/1/1037 
f 1038/1/1038 1039/1/1039 1040/1/1040 
f 1041/1/1041 1042/1/1042 314/1/314 
f 1043/1/1043 1044/1/1044 1045/1/1045 
f 1046/1/1046 1047/1/1047 1048/1/1048 
f 561/1/561 1049/1/1049 559/1/559 
f 1050/1/1050 1051/1/1051 1052/1/1052 
f 1053/1/1053 1054/1/1054 1055/1/1055 
f 761/1/761 1056/1/1056 1057/1/1057 
f 1058/1/1058 501/1/501 804/1/804 
f 1059/1/1059 1060/1/1060 1061/1/1061 
f 1062/1/1062 1063/1/1063 1064/1/1064 
f 1065/1/1065 338/1/338 1066/1/1066 
f 1067/1/1067 1068/1/1068 1069/1/1069 
f 1070/1/1070 1071/1/1071 1072/1/1072 
f 1073/1/1073 1074/1/1074 1075/1/1075 
f 1076/1/1076 1077/1/1077 482/1/482 
f 1078/1/1078 1079/1/1079 497/1/497 
f 1080/1/1080 376/1/376 378/1/378 
f 1080/1/1080 378/1/378 1081/1/1081 
f 1082/1/1082 1083/1/1083 1084/1/1084 
f 859/1/859 1085/1/1085 1086/1/1086 
f 837/1/837 1087/1/1087 1088/1/1088 
f 467/1/467 1089/1/1089 1090/1/1090 
f 1091/1/1091 1092/1/1092 1093/1/1093 
f 1094/1/1094 1095/1/1095 1096/1/1096 
f 1097/1/1097 813/1/813 1098/1/1098 
f 843/1/843 1099/1/1099 1100/1/1100 
f 1101/1/1101 1102/1/1102 1103/1/1103 
f 61/1/61 1104/1/1104 57/1/57 
f 265/1/265 1105/1/1105 1106/1/1106 
f 266/1/266 265/1/265 1106/1/1106 
f 1107/1/1107 1108/1/1108 615/1/615 
f 1109/1/1109 1110/1/1110 1111/1/1111 
f 1112/1/1112 99/1/99 98/1/98 
f 1113/1/1113 1114/1/1114 1115/1/1115 
f 1116/1/1116 1117/1/1117 1118/1/1118 
f 1119/1/1119 660/1/660 1120/1/1120 
f 53/1/53 532/1/532 50/1/50 
f 1121/1/1121 810/1/810 809/1/809 
f 1122/1/1122 1123/1/1123 1124/1/1124 
f 1125/1/1125 1126/1/1126 1127/1/1127 
f 1128/1/1128 1129/1/1129 1130/1/1130 
f 1131/1/1131 1132/1/1132 1133/1/1133 
f 169/1/169 394/1/394 336/1/336 
f 170/1/170 169/1/169 336/1/336 
f 1134/1/1134 1135/1/1135 1136/1/1136 
f 1137/1/1137 1138/1/1138 1139/1/1139 
f 1140/1/1140 1141/1/1141 1119/1/1119 
f 1142/1/1142 23/1/23 1143/1/1143 
f 1144/1/1144 294/1/294 1145/1/1145 
f 534/1/534 536/1/536 890/1/890 
f 1146/1/1146 1147/1/1147 1148/1/1148 
f 1149/1/1149 809/1/809 1150/1/1150 
f 1151/1/1151 172/1/172 568/1/568 
f 1152/1/1152 1153/1/1153 1011/1/1011 
f 1154/1/1154 1155/1/1155 792/1/792 
f 1156/1/1156 764/1/764 1157/1/1157 
f 1158/1/1158 1159/1/1159 1160/1/1160 
f 1161/1/1161 1162/1/1162 1163/1/1163 
f 1057/1/1057 1164/1/1164 39/1/39 
f 1165/1/1165 1166/1/1166 1167/1/1167 
f 1168/1/1168 1169/1/1169 1170/1/1170 
f 1171/1/1171 1089/1/1089 1172/1/1172 
f 1173/1/1173 893/1/893 1089/1/1089 
f 1174/1/1174 1175/1/1175 1176/1/1176 
f 977/1/977 976/1/976 1177/1/1177 
f 1178/1/1178 1179/1/1179 1180/1/1180 
f 1181/1/1181 1182/1/1182 1183/1/1183 
f 888/1/888 1184/1/1184 159/1/159 
f 1185/1/1185 1186/1/1186 1165/1/1165 
f 1187/1/1187 1188/1/1188 1189/1/1189 
f 1190/1/1190 1191/1/1191 1192/1/1192 
f 1193/1/1193 1194/1/1194 1195/1/1195 
f 1196/1/1196 1197/1/1197 265/1/265 
f 1198/1/1198 1199/1/1199 1200/1/1200 
f 1000/1/1000 1201/1/1201 1202/1/1202 
f 1203/1/1203 1204/1/1204 1205/1/1205 
f 1206/1/1206 1207/1/1207 1208/1/1208 
f 1209/1/1209 1210/1/1210 1211/1/1211 
f 1212/1/1212 1213/1/1213 353/1/353 
f 1212/1/1212 353/1/353 1214/1/1214 
f 973/1/973 1215/1/1215 1216/1/1216 
f 1217/1/1217 1218/1/1218 1219/1/1219 
f 1220/1/1220 1221/1/1221 1222/1/1222 
f 1223/1/1223 1224/1/1224 1225/1/1225 
f 166/1/166 1226/1/1226 164/1/164 
f 544/1/544 1227/1/1227 1228/1/1228 
f 349/1/349 1229/1/1229 350/1/350 
f 144/1/144 1230/1/1230 255/1/255 
f 1231/1/1231 1232/1/1232 1233/1/1233 
f 1234/1/1234 1235/1/1235 1236/1/1236 
f 1237/1/1237 1238/1/1238 1239/1/1239 
f 904/1/904 1240/1/1240 239/1/239 
f 1241/1/1241 1242/1/1242 1243/1/1243 
f 1244/1/1244 1034/1/1034 1036/1/1036 
f 1244/1/1244 1036/1/1036 1245/1/1245 
f 1246/1/1246 370/1/370 1247/1/1247 
f 270/1/270 1248/1/1248 1249/1/1249 
f 1250/1/1250 635/1/635 637/1/637 
f 1251/1/1251 402/1/402 1252/1/1252 
f 1253/1/1253 1251/1/1251 1252/1/1252 
f 1254/1/1254 1255/1/1255 902/1/902 
f 192/1/192 934/1/934 933/1/933 
f 1256/1/1256 192/1/192 933/1/933 
f 311/1/311 1239/1/1239 312/1/312 
f 1257/1/1257 1258/1/1258 1259/1/1259 
f 1260/1/1260 1261/1/1261 1262/1/1262 
f 1263/1/1263 1264/1/1264 1265/1/1265 
f 1266/1/1266 1267/1/1267 1268/1/1268 
f 1269/1/1269 1270/1/1270 1271/1/1271 
f 1272/1/1272 1273/1/1273 1261/1/1261 
f 1274/1/1274 1275/1/1275 1276/1/1276 
f 1277/1/1277 1278/1/1278 1279/1/1279 
f 135/1/135 1280/1/1280 1281/1/1281 
f 1282/1/1282 204/1/204 1283/1/1283 
f 1284/1/1284 1012/1/1012 206/1/206 
f 1284/1/1284 206/1/206 1285/1/1285 
f 283/1/283 1286/1/1286 1287/1/1287 
f 1288/1/1288 999/1/999 1001/1/1001 
f 1289/1/1289 1290/1/1290 1291/1/1291 
f 879/1/879 1292/1/1292 1293/1/1293 
f 51/1/51 531/1/531 45/1/45 
f 1294/1/1294 1295/1/1295 1296/1/1296 
f 1297/1/1297 1298/1/1298 1299/1/1299 
f 1056/1/1056 1300/1/1300 1057/1/1057 
f 1301/1/1301 1302/1/1302 1303/1/1303 
f 1304/1/1304 1305/1/1305 1306/1/1306 
f 1278/1/1278 1307/1/1307 1308/1/1308 
f 1309/1/1309 1310/1/1310 1132/1/1132 
f 1311/1/1311 1312/1/1312 1313/1/1313 
f 209/1/209 1314/1/1314 1315/1/1315 
f 1316/1/1316 626/1/626 1317/1/1317 
f 1318/1/1318 1319/1/1319 1320/1/1320 
f 1321/1/1321 222/1/222 1322/1/1322 
f 727/1/727 297/1/297 1323/1/1323 
f 1216/1/1216 1324/1/1324 974/1/974 
f 1325/1/1325 875/1/875 1326/1/1326 
f 1327/1/1327 1328/1/1328 1329/1/1329 
f 1330/1/1330 423/1/423 1331/1/1331 
f 281/1/281 179/1/179 1332/1/1332 
f 1333/1/1333 1334/1/1334 1335/1/1335 
f 104/1/104 551/1/551 257/1/257 
f 1336/1/1336 1190/1/1190 864/1/864 
f 1337/1/1337 1338/1/1338 1339/1/1339 
f 1340/1/1340 59/1/59 60/1/60 
f 1341/1/1341 1342/1/1342 1209/1/1209 
f 1337/1/1337 1343/1/1343 1344/1/1344 
f 1345/1/1345 1346/1/1346 1347/1/1347 
f 1348/1/1348 1349/1/1349 1350/1/1350 
f 375/1/375 374/1/374 244/1/244 
f 1190/1/1190 1351/1/1351 864/1/864 
f 1352/1/1352 1353/1/1353 1354/1/1354 
f 736/1/736 1096/1/1096 1355/1/1355 
f 452/1/452 1356/1/1356 1357/1/1357 
f 1358/1/1358 1359/1/1359 590/1/590 
f 1360/1/1360 302/1/302 1361/1/1361 
f 1107/1/1107 1362/1/1362 1363/1/1363 
f 100/1/100 1364/1/1364 1365/1/1365 
f 1366/1/1366 1367/1/1367 1368/1/1368 
f 1369/1/1369 720/1/720 214/1/214 
f 264/1/264 266/1/266 1105/1/1105 
f 1370/1/1370 1371/1/1371 1372/1/1372 
f 1373/1/1373 1374/1/1374 1375/1/1375 
f 1376/1/1376 226/1/226 1377/1/1377 
f 1378/1/1378 1379/1/1379 1380/1/1380 
f 1381/1/1381 1382/1/1382 1383/1/1383 
f 1384/1/1384 1385/1/1385 1386/1/1386 
f 1387/1/1387 1388/1/1388 1025/1/1025 
f 474/1/474 1389/1/1389 475/1/475 
f 1390/1/1390 1374/1/1374 1391/1/1391 
f 1392/1/1392 1393/1/1393 1394/1/1394 
f 1395/1/1395 1396/1/1396 1397/1/1397 
f 1398/1/1398 1399/1/1399 1400/1/1400 
f 1401/1/1401 1402/1/1402 1403/1/1403 
f 386/1/386 385/1/385 1404/1/1404 
f 1405/1/1405 431/1/431 1406/1/1406 
f 1407/1/1407 1408/1/1408 699/1/699 
f 505/1/505 1409/1/1409 1410/1/1410 
f 1411/1/1411 1412/1/1412 1413/1/1413 
f 1414/1/1414 1415/1/1415 1416/1/1416 
f 262/1/262 1417/1/1417 1418/1/1418 
f 1419/1/1419 649/1/649 1420/1/1420 
f 1227/1/1227 1421/1/1421 293/1/293 
f 1422/1/1422 964/1/964 1423/1/1423 
f 1424/1/1424 1425/1/1425 1246/1/1246 
f 1426/1/1426 1427/1/1427 1428/1/1428 
f 697/1/697 1429/1/1429 698/1/698 
f 757/1/757 1430/1/1430 1431/1/1431 
f 1432/1/1432 1433/1/1433 1234/1/1234 
f 1434/1/1434 1435/1/1435 1436/1/1436 
f 1437/1/1437 1438/1/1438 1439/1/1439 
f 136/1/136 1440/1/1440 1441/1/1441 
f 1442/1/1442 1443/1/1443 1444/1/1444 
f 1445/1/1445 1446/1/1446 411/1/411 
f 1447/1/1447 895/1/895 792/1/792 
f 1448/1/1448 1449/1/1449 1450/1/1450 
f 1451/1/1451 1452/1/1452 1059/1/1059 
f 1195/1/1195 1453/1/1453 1454/1/1454 
f 701/1/701 1455/1/1455 1456/1/1456 
f 461/1/461 1457/1/1457 1458/1/1458 
f 1459/1/1459 1460/1/1460 1461/1/1461 
f 1462/1/1462 1463/1/1463 1464/1/1464 
f 1465/1/1465 1466/1/1466 1467/1/1467 
f 1468/1/1468 1469/1/1469 1470/1/1470 
f 1471/1/1471 1472/1/1472 1473/1/1473 
f 978/1/978 1474/1/1474 10/1/10 
f 1475/1/1475 1476/1/1476 852/1/852 
f 110/1/110 207/1/207 1012/1/1012 
f 1477/1/1477 1315/1/1315 1478/1/1478 
f 1479/1/1479 719/1/719 1480/1/1480 
f 1481/1/1481 1479/1/1479 1480/1/1480 
f 1482/1/1482 1483/1/1483 1484/1/1484 
f 1485/1/1485 1486/1/1486 1487/1/1487 
f 1488/1/1488 810/1/810 1489/1/1489 
f 1490/1/1490 1491/1/1491 1492/1/1492 
f 1493/1/1493 1494/1/1494 1495/1/1495 
f 703/1/703 52/1/52 1496/1/1496 
f 1497/1/1497 1498/1/1498 1499/1/1499 
f 1500/1/1500 1501/1/1501 960/1/960 
f 1502/1/1502 1503/1/1503 1504/1/1504 
f 1505/1/1505 1077/1/1077 1506/1/1506 
f 1507/1/1507 1508/1/1508 1509/1/1509 
f 1312/1/1312 1510/1/1510 494/1/494 
f 1511/1/1511 1429/1/1429 1512/1/1512 
f 302/1/302 1360/1/1360 303/1/303 
f 908/1/908 1513/1/1513 909/1/909 
f 1514/1/1514 1515/1/1515 1516/1/1516 
f 1453/1/1453 1517/1/1517 1518/1/1518 
f 1454/1/1454 1453/1/1453 1518/1/1518 
f 1519/1/1519 1520/1/1520 1521/1/1521 
f 1522/1/1522 480/1/480 1523/1/1523 
f 1524/1/1524 1525/1/1525 1526/1/1526 
f 1524/1/1524 1526/1/1526 1527/1/1527 
f 613/1/613 1528/1/1528 1529/1/1529 
f 831/1/831 830/1/830 1530/1/1530 
f 1336/1/1336 1531/1/1531 1532/1/1532 
f 1533/1/1533 1281/1/1281 1534/1/1534 
f 340/1/340 1129/1/1129 459/1/459 
f 456/1/456 1535/1/1535 457/1/457 
f 1536/1/1536 1537/1/1537 1538/1/1538 
f 727/1/727 1323/1/1323 1539/1/1539 
f 628/1/628 1540/1/1540 626/1/626 
f 1541/1/1541 1542/1/1542 1543/1/1543 
f 1405/1/1405 1544/1/1544 1545/1/1545 
f 1360/1/1360 305/1/305 304/1/304 
f 1360/1/1360 304/1/304 1546/1/1546 
f 110/1/110 108/1/108 1547/1/1547 
f 1548/1/1548 1549/1/1549 1550/1/1550 
f 1551/1/1551 1552/1/1552 1553/1/1553 
f 1551/1/1551 1553/1/1553 1554/1/1554 
f 1555/1/1555 1556/1/1556 44/1/44 
f 1453/1/1453 1557/1/1557 1517/1/1517 
f 1558/1/1558 1559/1/1559 1560/1/1560 
f 1005/1/1005 971/1/971 439/1/439 
f 1006/1/1006 1005/1/1005 439/1/439 
f 1561/1/1561 597/1/597 482/1/482 
f 1562/1/1562 1563/1/1563 515/1/515 
f 1564/1/1564 1565/1/1565 1566/1/1566 
f 1267/1/1267 1567/1/1567 1568/1/1568 
f 1569/1/1569 1570/1/1570 1571/1/1571 
f 1572/1/1572 1573/1/1573 1574/1/1574 
f 1227/1/1227 1575/1/1575 1404/1/1404 
f 60/1/60 1576/1/1576 508/1/508 
f 390/1/390 1577/1/1577 1578/1/1578 
f 1579/1/1579 1580/1/1580 210/1/210 
f 1581/1/1581 1579/1/1579 210/1/210 
f 1582/1/1582 1583/1/1583 817/1/817 
f 1584/1/1584 637/1/637 1585/1/1585 
f 1586/1/1586 1587/1/1587 1588/1/1588 
f 1589/1/1589 1590/1/1590 1591/1/1591 
f 1592/1/1592 1593/1/1593 579/1/579 
f 973/1/973 1216/1/1216 974/1/974 
f 1594/1/1594 1595/1/1595 1596/1/1596 
f 1597/1/1597 277/1/277 1598/1/1598 
f 1599/1/1599 1600/1/1600 1601/1/1601 
f 980/1/980 1602/1/1602 1603/1/1603 
f 1604/1/1604 1605/1/1605 1468/1/1468 
f 1606/1/1606 1607/1/1607 1608/1/1608 
f 1609/1/1609 1610/1/1610 45/1/45 
f 1039/1/1039 1611/1/1611 1612/1/1612 
f 1613/1/1613 1614/1/1614 1615/1/1615 
f 1616/1/1616 1617/1/1617 1502/1/1502 
f 535/1/535 891/1/891 1618/1/1618 
f 1619/1/1619 1620/1/1620 1621/1/1621 
f 1619/1/1619 1621/1/1621 1622/1/1622 
f 1623/1/1623 1624/1/1624 628/1/628 
f 1625/1/1625 1626/1/1626 1627/1/1627 
f 1628/1/1628 1629/1/1629 1630/1/1630 
f 1515/1/1515 1631/1/1631 1632/1/1632 
f 266/1/266 1341/1/1341 1209/1/1209 
f 1219/1/1219 1481/1/1481 1633/1/1633 
f 102/1/102 103/1/103 568/1/568 
f 417/1/417 141/1/141 1634/1/1634 
f 417/1/417 1634/1/1634 142/1/142 
f 1635/1/1635 1636/1/1636 1637/1/1637 
f 1638/1/1638 1639/1/1639 1640/1/1640 
f 1641/1/1641 1642/1/1642 1643/1/1643 
f 1123/1/1123 1644/1/1644 1645/1/1645 
f 1123/1/1123 1645/1/1645 1646/1/1646 
f 1647/1/1647 1648/1/1648 1611/1/1611 
f 328/1/328 327/1/327 673/1/673 
f 1649/1/1649 171/1/171 394/1/394 
f 1650/1/1650 1400/1/1400 1283/1/1283 
f 1651/1/1651 1652/1/1652 1653/1/1653 
f 1654/1/1654 894/1/894 1655/1/1655 
f 984/1/984 383/1/383 1617/1/1617 
f 1656/1/1656 1657/1/1657 1658/1/1658 
f 1659/1/1659 1437/1/1437 1660/1/1660 
f 1661/1/1661 1662/1/1662 1212/1/1212 
f 1663/1/1663 560/1/560 1664/1/1664 
f 1665/1/1665 1666/1/1666 879/1/879 
f 418/1/418 1094/1/1094 1667/1/1667 
f 1668/1/1668 299/1/299 1669/1/1669 
f 683/1/683 1670/1/1670 1671/1/1671 
f 1672/1/1672 646/1/646 1043/1/1043 
f 1673/1/1673 3/1/3 571/1/571 
f 1674/1/1674 1675/1/1675 1606/1/1606 
f 1676/1/1676 1677/1/1677 1678/1/1678 
f 1620/1/1620 1505/1/1505 1621/1/1621 
f 1679/1/1679 1680/1/1680 1681/1/1681 
f 1679/1/1679 1681/1/1681 1682/1/1682 
f 1683/1/1683 1684/1/1684 1685/1/1685 
f 1686/1/1686 1687/1/1687 1519/1/1519 
f 1688/1/1688 1689/1/1689 1690/1/1690 
f 1691/1/1691 1692/1/1692 242/1/242 
f 1693/1/1693 1694/1/1694 1695/1/1695 
f 1696/1/1696 1697/1/1697 418/1/418 
f 1698/1/1698 1699/1/1699 1700/1/1700 
f 1701/1/1701 1301/1/1301 1702/1/1702 
f 1703/1/1703 1704/1/1704 1705/1/1705 
f 1706/1/1706 1707/1/1707 1708/1/1708 
f 1709/1/1709 1710/1/1710 927/1/927 
f 130/1/130 1711/1/1711 1712/1/1712 
f 1713/1/1713 373/1/373 375/1/375 
f 1714/1/1714 1715/1/1715 1716/1/1716 
f 1051/1/1051 1717/1/1717 1718/1/1718 
f 991/1/991 1719/1/1719 1720/1/1720 
f 259/1/259 1721/1/1721 1722/1/1722 
f 484/1/484 483/1/483 1723/1/1723 
f 1550/1/1550 1724/1/1724 1725/1/1725 
f 1726/1/1726 1727/1/1727 1728/1/1728 
f 434/1/434 1222/1/1222 1729/1/1729 
f 1632/1/1632 1631/1/1631 208/1/208 
f 1730/1/1730 1731/1/1731 1732/1/1732 
f 1733/1/1733 1734/1/1734 1735/1/1735 
f 1407/1/1407 1530/1/1530 1736/1/1736 
f 1737/1/1737 1738/1/1738 672/1/672 
f 1739/1/1739 1740/1/1740 1741/1/1741 
f 1742/1/1742 1743/1/1743 1744/1/1744 
f 1745/1/1745 1746/1/1746 1747/1/1747 
f 1748/1/1748 1749/1/1749 1750/1/1750 
f 1751/1/1751 1752/1/1752 1753/1/1753 
f 1754/1/1754 1730/1/1730 1755/1/1755 
f 1756/1/1756 681/1/681 1757/1/1757 
f 1758/1/1758 1041/1/1041 1759/1/1759 
f 1760/1/1760 1761/1/1761 1762/1/1762 
f 1763/1/1763 1764/1/1764 1765/1/1765 
f 1766/1/1766 1767/1/1767 484/1/484 
f 1715/1/1715 1768/1/1768 1769/1/1769 
f 1770/1/1770 1771/1/1771 1695/1/1695 
f 1772/1/1772 1773/1/1773 1774/1/1774 
f 268/1/268 1775/1/1775 1776/1/1776 
f 1777/1/1777 1778/1/1778 1615/1/1615 
f 1779/1/1779 1780/1/1780 1781/1/1781 
f 1541/1/1541 1779/1/1779 1781/1/1781 
f 1782/1/1782 1783/1/1783 1784/1/1784 
f 1785/1/1785 171/1/171 1786/1/1786 
f 1787/1/1787 231/1/231 288/1/288 
f 1788/1/1788 1789/1/1789 1178/1/1178 
f 683/1/683 1790/1/1790 1670/1/1670 
f 630/1/630 1791/1/1791 631/1/631 
f 1792/1/1792 557/1/557 556/1/556 
f 1793/1/1793 1794/1/1794 1770/1/1770 
f 1795/1/1795 1796/1/1796 1797/1/1797 
f 1798/1/1798 1799/1/1799 43/1/43 
f 90/1/90 1246/1/1246 1425/1/1425 
f 1800/1/1800 1801/1/1801 1802/1/1802 
f 1800/1/1800 1802/1/1802 1803/1/1803 
f 676/1/676 678/1/678 1778/1/1778 
f 1613/1/1613 676/1/676 1778/1/1778 
f 1496/1/1496 979/1/979 1804/1/1804 
f 1805/1/1805 1806/1/1806 1807/1/1807 
f 1808/1/1808 1809/1/1809 1810/1/1810 
f 139/1/139 1281/1/1281 1811/1/1811 
f 1812/1/1812 1813/1/1813 537/1/537 
f 1814/1/1814 586/1/586 585/1/585 
f 1048/1/1048 1815/1/1815 1520/1/1520 
f 1816/1/1816 1817/1/1817 991/1/991 
f 1818/1/1818 1819/1/1819 1820/1/1820 
f 1821/1/1821 1822/1/1822 1823/1/1823 
f 1184/1/1184 888/1/888 889/1/889 
f 1824/1/1824 1825/1/1825 1826/1/1826 
f 924/1/924 726/1/726 1827/1/1827 
f 924/1/924 1827/1/1827 1828/1/1828 
f 1829/1/1829 1830/1/1830 1831/1/1831 
f 1832/1/1832 1833/1/1833 1834/1/1834 
f 1835/1/1835 1836/1/1836 1837/1/1837 
f 1838/1/1838 1839/1/1839 1840/1/1840 
f 1841/1/1841 1405/1/1405 1545/1/1545 
f 1176/1/1176 1175/1/1175 1842/1/1842 
f 1843/1/1843 1844/1/1844 430/1/430 
f 1275/1/1275 1845/1/1845 1846/1/1846 
f 1847/1/1847 1848/1/1848 1849/1/1849 
f 691/1/691 1641/1/1641 1850/1/1850 
f 1642/1/1642 691/1/691 1850/1/1850 
f 145/1/145 550/1/550 1514/1/1514 
f 331/1/331 1851/1/1851 332/1/332 
f 114/1/114 1852/1/1852 117/1/117 
f 1123/1/1123 1646/1/1646 1124/1/1124 
f 1853/1/1853 1854/1/1854 1855/1/1855 
f 1856/1/1856 1857/1/1857 1858/1/1858 
f 1859/1/1859 858/1/858 471/1/471 
f 1860/1/1860 1861/1/1861 1787/1/1787 
f 1862/1/1862 855/1/855 854/1/854 
f 1213/1/1213 1212/1/1212 355/1/355 
f 1863/1/1863 1864/1/1864 1865/1/1865 
f 1866/1/1866 1867/1/1867 693/1/693 
f 1868/1/1868 1866/1/1866 693/1/693 
f 1353/1/1353 1352/1/1352 1869/1/1869 
f 1870/1/1870 1871/1/1871 1440/1/1440 
f 1516/1/1516 1872/1/1872 1873/1/1873 
f 909/1/909 1874/1/1874 1875/1/1875 
f 1876/1/1876 1877/1/1877 1878/1/1878 
f 1794/1/1794 1879/1/1879 1880/1/1880 
f 1881/1/1881 1882/1/1882 1860/1/1860 
f 1883/1/1883 1884/1/1884 1885/1/1885 
f 359/1/359 1886/1/1886 1887/1/1887 
f 1710/1/1710 767/1/767 1108/1/1108 
f 1888/1/1888 1889/1/1889 767/1/767 
f 1890/1/1890 1891/1/1891 1892/1/1892 
f 1525/1/1525 1890/1/1890 1892/1/1892 
f 1893/1/1893 1894/1/1894 1895/1/1895 
f 1042/1/1042 1893/1/1893 1895/1/1895 
f 1896/1/1896 981/1/981 1897/1/1897 
f 1896/1/1896 1897/1/1897 1898/1/1898 
f 1899/1/1899 1900/1/1900 1114/1/1114 
f 1185/1/1185 1901/1/1901 1902/1/1902 
f 1903/1/1903 1185/1/1185 1902/1/1902 
f 1884/1/1884 1883/1/1883 10/1/10 
f 1904/1/1904 1905/1/1905 977/1/977 
f 1906/1/1906 1357/1/1357 664/1/664 
f 1907/1/1907 1908/1/1908 1118/1/1118 
f 355/1/355 1212/1/1212 352/1/352 
f 1909/1/1909 1028/1/1028 1910/1/1910 
f 1288/1/1288 1911/1/1911 1912/1/1912 
f 1913/1/1913 1914/1/1914 1915/1/1915 
f 1916/1/1916 1917/1/1917 1918/1/1918 
f 1919/1/1919 1093/1/1093 1920/1/1920 
f 1921/1/1921 1922/1/1922 1923/1/1923 
f 766/1/766 757/1/757 756/1/756 
f 1924/1/1924 1925/1/1925 1926/1/1926 
f 1927/1/1927 1924/1/1924 1926/1/1926 
f 1092/1/1092 1928/1/1928 1920/1/1920 
f 1792/1/1792 1929/1/1929 1930/1/1930 
f 1931/1/1931 560/1/560 1932/1/1932 
f 1933/1/1933 906/1/906 905/1/905 
f 1253/1/1253 1934/1/1934 398/1/398 
f 1935/1/1935 1936/1/1936 1937/1/1937 
f 1938/1/1938 1939/1/1939 1598/1/1598 
f 1940/1/1940 325/1/325 324/1/324 
f 1941/1/1941 1942/1/1942 1943/1/1943 
f 349/1/349 351/1/351 1018/1/1018 
f 1944/1/1944 1945/1/1945 1946/1/1946 
f 1947/1/1947 1241/1/1241 1948/1/1948 
f 1949/1/1949 1950/1/1950 1951/1/1951 
f 1896/1/1896 1952/1/1952 1953/1/1953 
f 1954/1/1954 1454/1/1454 1518/1/1518 
f 1955/1/1955 1956/1/1956 1957/1/1957 
f 1672/1/1672 1958/1/1958 1044/1/1044 
f 1959/1/1959 1960/1/1960 1961/1/1961 
f 383/1/383 1497/1/1497 1962/1/1962 
f 1963/1/1963 1964/1/1964 887/1/887 
f 1965/1/1965 1966/1/1966 609/1/609 
f 1967/1/1967 418/1/418 1667/1/1667 
f 423/1/423 422/1/422 1968/1/1968 
f 827/1/827 1969/1/1969 1970/1/1970 
f 1971/1/1971 1972/1/1972 1973/1/1973 
f 1974/1/1974 523/1/523 1975/1/1975 
f 1780/1/1780 238/1/238 1976/1/1976 
f 1977/1/1977 1978/1/1978 1979/1/1979 
f 1932/1/1932 1977/1/1977 1979/1/1979 
f 1980/1/1980 716/1/716 1981/1/1981 
f 1153/1/1153 1256/1/1256 193/1/193 
f 1982/1/1982 1983/1/1983 1984/1/1984 
f 1985/1/1985 1986/1/1986 1824/1/1824 
f 1987/1/1987 619/1/619 618/1/618 
f 1896/1/1896 1924/1/1924 1927/1/1927 
f 1988/1/1988 1989/1/1989 550/1/550 
f 1990/1/1990 1991/1/1991 1992/1/1992 
f 1993/1/1993 767/1/767 1710/1/1710 
f 1301/1/1301 398/1/398 1994/1/1994 
f 1995/1/1995 1301/1/1301 1994/1/1994 
f 88/1/88 1100/1/1100 435/1/435 
f 1996/1/1996 1997/1/1997 1998/1/1998 
f 1999/1/1999 1345/1/1345 2000/1/2000 
f 2001/1/2001 2002/1/2002 2003/1/2003 
f 528/1/528 285/1/285 2004/1/2004 
f 2005/1/2005 2006/1/2006 2007/1/2007 
f 710/1/710 837/1/837 839/1/839 
f 1803/1/1803 1802/1/1802 2008/1/2008 
f 2009/1/2009 979/1/979 978/1/978 
f 2010/1/2010 2011/1/2011 503/1/503 
f 2010/1/2010 503/1/503 2012/1/2012 
f 2013/1/2013 2014/1/2014 216/1/216 
f 2013/1/2013 216/1/216 215/1/215 
f 2015/1/2015 2016/1/2016 1493/1/1493 
f 2017/1/2017 1777/1/1777 2018/1/2018 
f 659/1/659 1584/1/1584 2019/1/2019 
f 659/1/659 2019/1/2019 246/1/246 
f 2020/1/2020 2021/1/2021 2022/1/2022 
f 457/1/457 2023/1/2023 2024/1/2024 
f 2025/1/2025 873/1/873 478/1/478 
f 1850/1/1850 2026/1/2026 1643/1/1643 
f 390/1/390 599/1/599 2027/1/2027 
f 2028/1/2028 1881/1/1881 2029/1/2029 
f 2030/1/2030 411/1/411 2031/1/2031 
f 2032/1/2032 1489/1/1489 2033/1/2033 
f 741/1/741 740/1/740 2034/1/2034 
f 2035/1/2035 2036/1/2036 1782/1/1782 
f 2037/1/2037 602/1/602 2038/1/2038 
f 957/1/957 2039/1/2039 2040/1/2040 
f 957/1/957 2040/1/2040 955/1/955 
f 2041/1/2041 1561/1/1561 517/1/517 
f 2042/1/2042 2043/1/2043 2044/1/2044 
f 657/1/657 2045/1/2045 2046/1/2046 
f 1199/1/1199 1855/1/1855 2047/1/2047 
f 1921/1/1921 2048/1/2048 2049/1/2049 
f 89/1/89 2050/1/2050 988/1/988 
f 1514/1/1514 552/1/552 1515/1/1515 
f 2051/1/2051 2052/1/2052 158/1/158 
f 2053/1/2053 2054/1/2054 2055/1/2055 
f 2056/1/2056 2057/1/2057 2058/1/2058 
f 2059/1/2059 1330/1/1330 1331/1/1331 
f 2060/1/2060 2061/1/2061 1272/1/1272 
f 2062/1/2062 2063/1/2063 2064/1/2064 
f 2065/1/2065 1887/1/1887 2066/1/2066 
f 2067/1/2067 499/1/499 500/1/500 
f 2067/1/2067 500/1/500 752/1/752 
f 1033/1/1033 2068/1/2068 785/1/785 
f 2069/1/2069 2070/1/2070 778/1/778 
f 465/1/465 2071/1/2071 1125/1/1125 
f 1438/1/1438 1659/1/1659 2072/1/2072 
f 526/1/526 666/1/666 2073/1/2073 
f 1596/1/1596 2074/1/2074 2075/1/2075 
f 2076/1/2076 2077/1/2077 2078/1/2078 
f 2079/1/2079 2080/1/2080 900/1/900 
f 1999/1/1999 2081/1/2081 1347/1/1347 
f 877/1/877 306/1/306 2082/1/2082 
f 2083/1/2083 1697/1/1697 1696/1/1696 
f 2084/1/2084 2085/1/2085 2086/1/2086 
f 2087/1/2087 2005/1/2005 2088/1/2088 
f 2089/1/2089 1482/1/1482 2090/1/2090 
f 16/1/16 17/1/17 2091/1/2091 
f 16/1/16 2091/1/2091 2092/1/2092 
f 1303/1/1303 2093/1/2093 2094/1/2094 
f 1882/1/1882 1073/1/1073 2095/1/2095 
f 2096/1/2096 2097/1/2097 2098/1/2098 
f 998/1/998 2099/1/2099 2100/1/2100 
f 806/1/806 2101/1/2101 2102/1/2102 
f 511/1/511 513/1/513 1376/1/1376 
f 333/1/333 2103/1/2103 2104/1/2104 
f 1572/1/1572 2105/1/2105 2106/1/2106 
f 2107/1/2107 2108/1/2108 2109/1/2109 
f 2110/1/2110 1203/1/1203 1205/1/1205 
f 1253/1/1253 1252/1/1252 1934/1/1934 
f 2111/1/2111 2112/1/2112 2113/1/2113 
f 2114/1/2114 580/1/580 2115/1/2115 
f 2116/1/2116 2117/1/2117 2118/1/2118 
f 2119/1/2119 1692/1/1692 1653/1/1653 
f 2120/1/2120 2121/1/2121 2122/1/2122 
f 2123/1/2123 2124/1/2124 1736/1/1736 
f 803/1/803 2125/1/2125 2126/1/2126 
f 2127/1/2127 778/1/778 2128/1/2128 
f 2129/1/2129 62/1/62 2130/1/2130 
f 1048/1/1048 2131/1/2131 2132/1/2132 
f 1753/1/1753 2133/1/2133 1751/1/1751 
f 2134/1/2134 2135/1/2135 729/1/729 
f 2136/1/2136 2137/1/2137 2138/1/2138 
f 2139/1/2139 1297/1/1297 2140/1/2140 
f 2141/1/2141 2142/1/2142 2143/1/2143 
f 35/1/35 2141/1/2141 2143/1/2143 
f 162/1/162 161/1/161 2144/1/2144 
f 2145/1/2145 810/1/810 2146/1/2146 
f 973/1/973 10/1/10 1215/1/1215 
f 1029/1/1029 2051/1/2051 1030/1/1030 
f 1039/1/1039 2147/1/2147 2148/1/2148 
f 2149/1/2149 2150/1/2150 2151/1/2151 
f 943/1/943 2152/1/2152 944/1/944 
f 1317/1/1317 2153/1/2153 2154/1/2154 
f 1850/1/1850 1641/1/1641 692/1/692 
f 2155/1/2155 2156/1/2156 2157/1/2157 
f 2158/1/2158 2159/1/2159 2160/1/2160 
f 1443/1/1443 1672/1/1672 1444/1/1444 
f 2161/1/2161 2162/1/2162 2163/1/2163 
f 2164/1/2164 2165/1/2165 2166/1/2166 
f 2167/1/2167 2168/1/2168 369/1/369 
f 1756/1/1756 2169/1/2169 603/1/603 
f 13/1/13 995/1/995 16/1/16 
f 2170/1/2170 2171/1/2171 321/1/321 
f 269/1/269 2172/1/2172 2173/1/2173 
f 2174/1/2174 2175/1/2175 2176/1/2176 
f 2177/1/2177 302/1/302 305/1/305 
f 1839/1/1839 70/1/70 69/1/69 
f 56/1/56 163/1/163 55/1/55 
f 962/1/962 2178/1/2178 2060/1/2060 
f 2179/1/2179 2180/1/2180 168/1/168 
f 2156/1/2156 2181/1/2181 1318/1/1318 
f 2182/1/2182 2183/1/2183 2184/1/2184 
f 2185/1/2185 2186/1/2186 743/1/743 
f 2187/1/2187 2188/1/2188 2189/1/2189 
f 453/1/453 103/1/103 102/1/102 
f 831/1/831 2190/1/2190 1763/1/1763 
f 2191/1/2191 847/1/847 2192/1/2192 
f 2193/1/2193 345/1/345 2194/1/2194 
f 2141/1/2141 1651/1/1651 2175/1/2175 
f 2195/1/2195 2196/1/2196 2065/1/2065 
f 2146/1/2146 1343/1/1343 2197/1/2197 
f 1157/1/1157 2198/1/2198 2199/1/2199 
f 2200/1/2200 2201/1/2201 1556/1/1556 
f 2202/1/2202 1537/1/1537 950/1/950 
f 1906/1/1906 664/1/664 663/1/663 
f 2172/1/2172 786/1/786 2203/1/2203 
f 2059/1/2059 1331/1/1331 2204/1/2204 
f 898/1/898 1329/1/1329 1328/1/1328 
f 2205/1/2205 2206/1/2206 2207/1/2207 
f 1789/1/1789 2208/1/2208 403/1/403 
f 2011/1/2011 502/1/502 501/1/501 
f 1403/1/1403 2209/1/2209 2210/1/2210 
f 2211/1/2211 2212/1/2212 2213/1/2213 
f 2214/1/2214 2215/1/2215 2216/1/2216 
f 2217/1/2217 2218/1/2218 2219/1/2219 
f 159/1/159 158/1/158 1910/1/1910 
f 2220/1/2220 2221/1/2221 353/1/353 
f 2222/1/2222 2220/1/2220 353/1/353 
f 188/1/188 2223/1/2223 2224/1/2224 
f 1935/1/1935 1937/1/1937 2225/1/2225 
f 2226/1/2226 2227/1/2227 2228/1/2228 
f 2226/1/2226 2228/1/2228 2229/1/2229 
f 837/1/837 2230/1/2230 838/1/838 
f 651/1/651 2231/1/2231 789/1/789 
f 2232/1/2232 2233/1/2233 658/1/658 
f 2234/1/2234 2235/1/2235 715/1/715 
f 2236/1/2236 2109/1/2109 1066/1/1066 
f 2236/1/2236 1066/1/1066 521/1/521 
f 847/1/847 2237/1/2237 1228/1/1228 
f 672/1/672 2238/1/2238 1790/1/1790 
f 2239/1/2239 2240/1/2240 1718/1/1718 
f 2241/1/2241 1117/1/1117 2242/1/2242 
f 2243/1/2243 2241/1/2241 2242/1/2242 
f 556/1/556 2244/1/2244 1833/1/1833 
f 1757/1/1757 2245/1/2245 848/1/848 
f 2117/1/2117 2246/1/2246 2247/1/2247 
f 2248/1/2248 2249/1/2249 2250/1/2250 
f 2251/1/2251 2252/1/2252 2253/1/2253 
f 2254/1/2254 2255/1/2255 2256/1/2256 
f 660/1/660 575/1/575 1120/1/1120 
f 2257/1/2257 2258/1/2258 2259/1/2259 
f 2260/1/2260 411/1/411 413/1/413 
f 2261/1/2261 1824/1/1824 1826/1/1826 
f 2040/1/2040 1291/1/1291 1625/1/1625 
f 81/1/81 80/1/80 2262/1/2262 
f 2263/1/2263 1740/1/1740 1739/1/1739 
f 2264/1/2264 311/1/311 1464/1/1464 
f 2265/1/2265 2266/1/2266 2267/1/2267 
f 2034/1/2034 740/1/740 2268/1/2268 
f 517/1/517 1561/1/1561 714/1/714 
f 2269/1/2269 2270/1/2270 2271/1/2271 
f 123/1/123 1276/1/1276 1732/1/1732 
f 2272/1/2272 2273/1/2273 2274/1/2274 
f 2275/1/2275 2272/1/2272 2274/1/2274 
f 2276/1/2276 1691/1/1691 242/1/242 
f 2276/1/2276 242/1/242 196/1/196 
f 278/1/278 2277/1/2277 279/1/279 
f 1623/1/1623 1316/1/1316 1624/1/1624 
f 2278/1/2278 2279/1/2279 2280/1/2280 
f 2281/1/2281 1025/1/1025 2282/1/2282 
f 275/1/275 2283/1/2283 276/1/276 
f 863/1/863 1191/1/1191 1532/1/1532 
f 2284/1/2284 2285/1/2285 2286/1/2286 
f 1356/1/1356 2282/1/2282 1025/1/1025 
f 2287/1/2287 2288/1/2288 2289/1/2289 
f 2290/1/2290 2038/1/2038 602/1/602 
f 1555/1/1555 2201/1/2201 2291/1/2291 
f 2292/1/2292 2293/1/2293 2294/1/2294 
f 2295/1/2295 2296/1/2296 2297/1/2297 
f 1516/1/1516 210/1/210 1872/1/1872 
f 2298/1/2298 203/1/203 205/1/205 
f 703/1/703 2299/1/2299 52/1/52 
f 2300/1/2300 537/1/537 2301/1/2301 
f 1738/1/1738 670/1/670 2302/1/2302 
f 1313/1/1313 2303/1/2303 1260/1/1260 
f 104/1/104 106/1/106 599/1/599 
f 2304/1/2304 1818/1/1818 2305/1/2305 
f 2306/1/2306 2307/1/2307 2308/1/2308 
f 1881/1/1881 1860/1/1860 2029/1/2029 
f 2309/1/2309 2310/1/2310 2311/1/2311 
f 2312/1/2312 2313/1/2313 2314/1/2314 
f 382/1/382 2315/1/2315 2316/1/2316 
f 2317/1/2317 2263/1/2263 2318/1/2318 
f 2319/1/2319 2320/1/2320 1221/1/1221 
f 2321/1/2321 512/1/512 2322/1/2322 
f 1279/1/1279 1278/1/1278 2323/1/2323 
f 2324/1/2324 2325/1/2325 2326/1/2326 
f 2327/1/2327 2328/1/2328 2329/1/2329 
f 34/1/34 33/1/33 792/1/792 
f 2330/1/2330 1952/1/1952 2331/1/2331 
f 566/1/566 2332/1/2332 2333/1/2333 
f 2334/1/2334 2335/1/2335 1331/1/1331 
f 2036/1/2036 1182/1/1182 1782/1/1782 
f 2336/1/2336 2337/1/2337 661/1/661 
f 2338/1/2338 2339/1/2339 1978/1/1978 
f 94/1/94 357/1/357 855/1/855 
f 954/1/954 2340/1/2340 952/1/952 
f 2341/1/2341 400/1/400 73/1/73 
f 72/1/72 2341/1/2341 73/1/73 
f 2075/1/2075 2074/1/2074 2342/1/2342 
f 1790/1/1790 2238/1/2238 2343/1/2343 
f 1771/1/1771 2342/1/2342 2074/1/2074 
f 2344/1/2344 2345/1/2345 1121/1/1121 
f 938/1/938 186/1/186 185/1/185 
f 2346/1/2346 2347/1/2347 2348/1/2348 
f 2349/1/2349 1253/1/1253 398/1/398 
f 2350/1/2350 2351/1/2351 2352/1/2352 
f 2353/1/2353 631/1/631 2354/1/2354 
f 2355/1/2355 1406/1/1406 433/1/433 
f 847/1/847 2356/1/2356 2357/1/2357 
f 2358/1/2358 2359/1/2359 2360/1/2360 
f 2060/1/2060 2178/1/2178 1510/1/1510 
f 768/1/768 767/1/767 2361/1/2361 
f 587/1/587 1134/1/1134 588/1/588 
f 1673/1/1673 2362/1/2362 2363/1/2363 
f 826/1/826 1160/1/1160 1159/1/1159 
f 2364/1/2364 421/1/421 420/1/420 
f 1535/1/1535 2365/1/2365 2023/1/2023 
f 654/1/654 2231/1/2231 627/1/627 
f 654/1/654 627/1/627 2366/1/2366 
f 2293/1/2293 2166/1/2166 2294/1/2294 
f 481/1/481 518/1/518 1523/1/1523 
f 2367/1/2367 957/1/957 2368/1/2368 
f 2137/1/2137 70/1/70 2092/1/2092 
f 2369/1/2369 2370/1/2370 2371/1/2371 
f 1794/1/1794 1880/1/1880 1770/1/1770 
f 2158/1/2158 2160/1/2160 2372/1/2372 
f 2373/1/2373 664/1/664 2374/1/2374 
f 2375/1/2375 916/1/916 2376/1/2376 
f 2377/1/2377 2378/1/2378 2379/1/2379 
f 2380/1/2380 231/1/231 2381/1/2381 
f 245/1/245 2382/1/2382 2383/1/2383 
f 288/1/288 231/1/231 871/1/871 
f 291/1/291 1338/1/1338 2384/1/2384 
f 1066/1/1066 2109/1/2109 337/1/337 
f 1560/1/1560 1411/1/1411 1476/1/1476 
f 1480/1/1480 290/1/290 282/1/282 
f 2385/1/2385 2386/1/2386 1219/1/1219 
f 2387/1/2387 2028/1/2028 405/1/405 
f 545/1/545 542/1/542 2388/1/2388 
f 545/1/545 2388/1/2388 1116/1/1116 
f 2389/1/2389 228/1/228 2390/1/2390 
f 2391/1/2391 1915/1/1915 2392/1/2392 
f 2294/1/2294 2166/1/2166 1053/1/1053 
f 2393/1/2393 2394/1/2394 282/1/282 
f 2395/1/2395 2396/1/2396 2397/1/2397 
f 743/1/743 2034/1/2034 2398/1/2398 
f 2299/1/2299 51/1/51 45/1/45 
f 748/1/748 747/1/747 800/1/800 
f 1106/1/1106 1105/1/1105 1209/1/1209 
f 2399/1/2399 2400/1/2400 35/1/35 
f 358/1/358 2401/1/2401 359/1/359 
f 2402/1/2402 2403/1/2403 2404/1/2404 
f 692/1/692 2405/1/2405 2406/1/2406 
f 502/1/502 2407/1/2407 2012/1/2012 
f 2408/1/2408 969/1/969 585/1/585 
f 2409/1/2409 2232/1/2232 2410/1/2410 
f 768/1/768 2411/1/2411 2146/1/2146 
f 2412/1/2412 1873/1/1873 1273/1/1273 
f 410/1/410 1475/1/1475 2189/1/2189 
f 842/1/842 410/1/410 2189/1/2189 
f 2413/1/2413 1753/1/1753 2414/1/2414 
f 2415/1/2415 2416/1/2416 2417/1/2417 
f 2418/1/2418 2419/1/2419 1556/1/1556 
f 1071/1/1071 2420/1/2420 2421/1/2421 
f 695/1/695 694/1/694 565/1/565 
f 1339/1/1339 1578/1/1578 2064/1/2064 
f 991/1/991 1454/1/1454 992/1/992 
f 498/1/498 2422/1/2422 394/1/394 
f 2423/1/2423 2424/1/2424 2425/1/2425 
f 2426/1/2426 2427/1/2427 2073/1/2073 
f 2395/1/2395 2428/1/2428 2429/1/2429 
f 1632/1/1632 2430/1/2430 1516/1/1516 
f 565/1/565 2022/1/2022 2431/1/2431 
f 1527/1/1527 2432/1/2432 1584/1/1584 
f 697/1/697 2433/1/2433 2434/1/2434 
f 35/1/35 34/1/34 1447/1/1447 
f 1133/1/1133 2435/1/2435 1131/1/1131 
f 1781/1/1781 1780/1/1780 2436/1/2436 
f 1787/1/1787 2437/1/2437 2438/1/2438 
f 2439/1/2439 1661/1/1661 1033/1/1033 
f 366/1/366 1944/1/1944 2440/1/2440 
f 1854/1/1854 2441/1/2441 2442/1/2442 
f 2443/1/2443 2444/1/2444 2445/1/2445 
f 2446/1/2446 1684/1/1684 1419/1/1419 
f 2123/1/2123 830/1/830 610/1/610 
f 2447/1/2447 409/1/409 408/1/408 
f 2448/1/2448 2449/1/2449 2450/1/2450 
f 1897/1/1897 982/1/982 2451/1/2451 
f 1897/1/1897 2451/1/2451 2452/1/2452 
f 1217/1/1217 1457/1/1457 2453/1/2453 
f 521/1/521 1341/1/1341 1106/1/1106 
f 2454/1/2454 1499/1/1499 1498/1/1498 
f 586/1/586 2455/1/2455 970/1/970 
f 752/1/752 316/1/316 1810/1/1810 
f 2120/1/2120 276/1/276 2121/1/2121 
f 614/1/614 2456/1/2456 1175/1/1175 
f 945/1/945 782/1/782 2457/1/2457 
f 2458/1/2458 514/1/514 516/1/516 
f 2353/1/2353 1262/1/1262 1261/1/1261 
f 915/1/915 1234/1/1234 2459/1/2459 
f 915/1/915 2459/1/2459 2460/1/2460 
f 2409/1/2409 2461/1/2461 2232/1/2232 
f 1172/1/1172 1134/1/1134 2462/1/2462 
f 801/1/801 183/1/183 184/1/184 
f 2463/1/2463 2464/1/2464 2465/1/2465 
f 2186/1/2186 2466/1/2466 877/1/877 
f 2467/1/2467 20/1/20 1474/1/1474 
f 2468/1/2468 1886/1/1886 1288/1/1288 
f 1669/1/1669 2008/1/2008 2469/1/2469 
f 2470/1/2470 2471/1/2471 2472/1/2472 
f 2473/1/2473 2474/1/2474 1088/1/1088 
f 287/1/287 286/1/286 518/1/518 
f 667/1/667 985/1/985 2475/1/2475 
f 634/1/634 769/1/769 2200/1/2200 
f 1661/1/1661 2083/1/2083 2222/1/2222 
f 1572/1/1572 1574/1/1574 2476/1/2476 
f 2477/1/2477 1956/1/1956 2478/1/2478 
f 1339/1/1339 1726/1/1726 1728/1/1728 
f 684/1/684 2479/1/2479 2269/1/2269 
f 2480/1/2480 2481/1/2481 1511/1/1511 
f 2482/1/2482 215/1/215 2483/1/2483 
f 2248/1/2248 345/1/345 2193/1/2193 
f 501/1/501 2484/1/2484 950/1/950 
f 2485/1/2485 2486/1/2486 1693/1/1693 
f 2487/1/2487 2488/1/2488 767/1/767 
f 2489/1/2489 2490/1/2490 2491/1/2491 
f 19/1/19 2492/1/2492 2144/1/2144 
f 1086/1/1086 861/1/861 2493/1/2493 
f 2494/1/2494 1366/1/1366 2495/1/2495 
f 1824/1/1824 1986/1/1986 1825/1/1825 
f 2496/1/2496 1210/1/1210 2497/1/2497 
f 2207/1/2207 869/1/869 868/1/868 
f 2307/1/2307 1104/1/1104 59/1/59 
f 1669/1/1669 2498/1/2498 1668/1/1668 
f 1713/1/1713 375/1/375 1349/1/1349 
f 689/1/689 688/1/688 2499/1/2499 
f 2500/1/2500 254/1/254 2501/1/2501 
f 2110/1/2110 2502/1/2502 1204/1/1204 
f 2503/1/2503 1910/1/1910 160/1/160 
f 1356/1/1356 664/1/664 1357/1/1357 
f 2504/1/2504 2505/1/2505 1115/1/1115 
f 1476/1/1476 2506/1/2506 2507/1/2507 
f 2508/1/2508 2509/1/2509 268/1/268 
f 1415/1/1415 2510/1/2510 1416/1/1416 
f 633/1/633 632/1/632 2361/1/2361 
f 154/1/154 2403/1/2403 2001/1/2001 
f 2511/1/2511 814/1/814 220/1/220 
f 2512/1/2512 2513/1/2513 2514/1/2514 
f 2515/1/2515 203/1/203 2516/1/2516 
f 714/1/714 713/1/713 2438/1/2438 
f 2366/1/2366 651/1/651 654/1/654 
f 2150/1/2150 1694/1/1694 2151/1/2151 
f 610/1/610 2517/1/2517 2003/1/2003 
f 2458/1/2458 516/1/516 706/1/706 
f 5/1/5 4/1/4 176/1/176 
f 2518/1/2518 2519/1/2519 2520/1/2520 
f 2189/1/2189 1475/1/1475 2521/1/2521 
f 2302/1/2302 2387/1/2387 2522/1/2522 
f 2302/1/2302 2522/1/2522 2523/1/2523 
f 2524/1/2524 2525/1/2525 2526/1/2526 
f 2527/1/2527 2528/1/2528 2529/1/2529 
f 2124/1/2124 2530/1/2530 1736/1/1736 
f 2516/1/2516 203/1/203 2531/1/2531 
f 2532/1/2532 2398/1/2398 2533/1/2533 
f 1248/1/1248 2534/1/2534 1249/1/1249 
f 2535/1/2535 2148/1/2148 2536/1/2536 
f 2394/1/2394 1480/1/1480 282/1/282 
f 807/1/807 806/1/806 2102/1/2102 
f 1261/1/1261 1260/1/1260 2303/1/2303 
f 366/1/366 365/1/365 2537/1/2537 
f 1807/1/1807 2538/1/2538 1324/1/1324 
f 1257/1/1257 2539/1/2539 2540/1/2540 
f 642/1/642 1257/1/1257 2540/1/2540 
f 307/1/307 1003/1/1003 2541/1/2541 
f 2542/1/2542 2249/1/2249 345/1/345 
f 2543/1/2543 1689/1/1689 2544/1/2544 
f 220/1/220 2545/1/2545 2511/1/2511 
f 648/1/648 1683/1/1683 2546/1/2546 
f 2547/1/2547 1096/1/1096 2548/1/2548 
f 2549/1/2549 2550/1/2550 2551/1/2551 
f 2552/1/2552 2549/1/2549 2551/1/2551 
f 2553/1/2553 2554/1/2554 2555/1/2555 
f 2556/1/2556 1705/1/1705 2557/1/2557 
f 1041/1/1041 1808/1/1808 2558/1/2558 
f 1354/1/1354 1353/1/1353 604/1/604 
f 1435/1/1435 2559/1/2559 1086/1/1086 
f 2448/1/2448 2450/1/2450 2560/1/2560 
f 1999/1/1999 2561/1/2561 1345/1/1345 
f 2562/1/2562 2563/1/2563 2564/1/2564 
f 2565/1/2565 2566/1/2566 2567/1/2567 
f 2425/1/2425 2568/1/2568 2569/1/2569 
f 2570/1/2570 2571/1/2571 1972/1/1972 
f 2572/1/2572 801/1/801 184/1/184 
f 249/1/249 843/1/843 2573/1/2573 
f 96/1/96 95/1/95 356/1/356 
f 1272/1/1272 2353/1/2353 629/1/629 
f 2574/1/2574 2575/1/2575 2576/1/2576 
f 2577/1/2577 2578/1/2578 2149/1/2149 
f 1435/1/1435 2579/1/2579 2580/1/2580 
f 2581/1/2581 2582/1/2582 2583/1/2583 
f 2290/1/2290 602/1/602 601/1/601 
f 1699/1/1699 1014/1/1014 2584/1/2584 
f 204/1/204 2516/1/2516 2585/1/2585 
f 765/1/765 766/1/766 2586/1/2586 
f 2516/1/2516 342/1/342 2587/1/2587 
f 663/1/663 1151/1/1151 2588/1/2588 
f 663/1/663 2588/1/2588 2589/1/2589 
f 2590/1/2590 2591/1/2591 155/1/155 
f 157/1/157 2590/1/2590 155/1/155 
f 1097/1/1097 2592/1/2592 2593/1/2593 
f 1953/1/1953 1898/1/1898 2594/1/2594 
f 1953/1/1953 2594/1/2594 2126/1/2126 
f 684/1/684 683/1/683 880/1/880 
f 2595/1/2595 2596/1/2596 2597/1/2597 
f 309/1/309 1284/1/1284 108/1/108 
f 107/1/107 309/1/309 108/1/108 
f 2598/1/2598 2599/1/2599 2600/1/2600 
f 638/1/638 641/1/641 2601/1/2601 
f 866/1/866 1637/1/1637 2602/1/2602 
f 2603/1/2603 520/1/520 2604/1/2604 
f 2605/1/2605 2606/1/2606 1201/1/1201 
f 294/1/294 1907/1/1907 2607/1/2607 
f 2608/1/2608 294/1/294 2607/1/2607 
f 1983/1/1983 2609/1/2609 1984/1/1984 
f 1383/1/1383 2610/1/2610 2611/1/2611 
f 658/1/658 2612/1/2612 917/1/917 
f 1196/1/1196 266/1/266 2613/1/2613 
f 2614/1/2614 1367/1/1367 512/1/512 
f 2615/1/2615 2616/1/2616 675/1/675 
f 2401/1/2401 2617/1/2617 359/1/359 
f 2079/1/2079 2618/1/2618 2619/1/2619 
f 2338/1/2338 2620/1/2620 248/1/248 
f 2621/1/2621 548/1/548 1398/1/1398 
f 331/1/331 333/1/333 2104/1/2104 
f 395/1/395 2622/1/2622 396/1/396 
f 2623/1/2623 2624/1/2624 1836/1/1836 
f 14/1/14 13/1/13 16/1/16 
f 1660/1/1660 31/1/31 2625/1/2625 
f 2626/1/2626 2627/1/2627 31/1/31 
f 847/1/847 1145/1/1145 294/1/294 
f 765/1/765 2586/1/2586 2628/1/2628 
f 2629/1/2629 2630/1/2630 2111/1/2111 
f 1281/1/1281 1533/1/1533 2631/1/2631 
f 2323/1/2323 1874/1/1874 909/1/909 
f 21/1/21 20/1/20 2467/1/2467 
f 813/1/813 2632/1/2632 1098/1/1098 
f 2633/1/2633 2634/1/2634 39/1/39 
f 2635/1/2635 2636/1/2636 2528/1/2528 
f 769/1/769 2637/1/2637 2638/1/2638 
f 1400/1/1400 1399/1/1399 2639/1/2639 
f 1501/1/1501 1193/1/1193 2640/1/2640 
f 2628/1/2628 2641/1/2641 2219/1/2219 
f 765/1/765 2628/1/2628 2219/1/2219 
f 2642/1/2642 2643/1/2643 2644/1/2644 
f 2645/1/2645 1608/1/1608 2646/1/2646 
f 1500/1/1500 959/1/959 961/1/961 
f 2486/1/2486 2647/1/2647 1693/1/1693 
f 495/1/495 538/1/538 537/1/537 
f 947/1/947 946/1/946 2648/1/2648 
f 2027/1/2027 2649/1/2649 106/1/106 
f 1714/1/1714 1768/1/1768 1715/1/1715 
f 1508/1/1508 2650/1/2650 2651/1/2651 
f 1860/1/1860 1787/1/1787 2652/1/2652 
f 2653/1/2653 2654/1/2654 350/1/350 
f 2655/1/2655 826/1/826 1389/1/1389 
f 1134/1/1134 587/1/587 1135/1/1135 
f 2656/1/2656 288/1/288 870/1/870 
f 2166/1/2166 2657/1/2657 1053/1/1053 
f 789/1/789 654/1/654 790/1/790 
f 1428/1/1428 372/1/372 2658/1/2658 
f 2659/1/2659 2660/1/2660 2661/1/2661 
f 2662/1/2662 2287/1/2287 2663/1/2663 
f 918/1/918 920/1/920 1469/1/1469 
f 2654/1/2654 2664/1/2664 2665/1/2665 
f 858/1/858 2415/1/2415 2417/1/2417 
f 66/1/66 24/1/24 67/1/67 
f 1214/1/1214 2222/1/2222 1212/1/1212 
f 2666/1/2666 2667/1/2667 2668/1/2668 
f 2669/1/2669 322/1/322 621/1/621 
f 2670/1/2670 1140/1/1140 1119/1/1119 
f 2671/1/2671 1060/1/1060 1059/1/1059 
f 466/1/466 2672/1/2672 2673/1/2673 
f 2674/1/2674 2675/1/2675 2676/1/2676 
f 2677/1/2677 1442/1/1442 1579/1/1579 
f 2678/1/2678 2312/1/2312 2679/1/2679 
f 2680/1/2680 2627/1/2627 291/1/291 
f 917/1/917 2344/1/2344 2681/1/2681 
f 2682/1/2682 2472/1/2472 2683/1/2683 
f 2684/1/2684 261/1/261 263/1/263 
f 2685/1/2685 2686/1/2686 2687/1/2687 
f 2688/1/2688 1334/1/1334 2689/1/2689 
f 1918/1/1918 2488/1/2488 2690/1/2690 
f 2394/1/2394 215/1/215 280/1/280 
f 53/1/53 2299/1/2299 703/1/703 
f 2691/1/2691 2692/1/2692 2693/1/2693 
f 971/1/971 2408/1/2408 271/1/271 
f 832/1/832 834/1/834 2694/1/2694 
f 2695/1/2695 2696/1/2696 1542/1/1542 
f 2695/1/2695 1542/1/1542 2697/1/2697 
f 2206/1/2206 868/1/868 639/1/639 
f 2698/1/2698 859/1/859 1086/1/1086 
f 2240/1/2240 2699/1/2699 2700/1/2700 
f 1435/1/1435 2580/1/2580 2559/1/2559 
f 2701/1/2701 2702/1/2702 1900/1/1900 
f 2703/1/2703 2704/1/2704 2705/1/2705 
f 1446/1/1446 2031/1/2031 411/1/411 
f 1477/1/1477 1478/1/1478 2706/1/2706 
f 1952/1/1952 1924/1/1924 1187/1/1187 
f 763/1/763 2707/1/2707 1390/1/1390 
f 2708/1/2708 2709/1/2709 2710/1/2710 
f 465/1/465 2711/1/2711 2672/1/2672 
f 2712/1/2712 2096/1/2096 2660/1/2660 
f 2708/1/2708 281/1/281 2709/1/2709 
f 2713/1/2713 2714/1/2714 1870/1/1870 
f 2489/1/2489 181/1/181 2126/1/2126 
f 2715/1/2715 2628/1/2628 2586/1/2586 
f 1302/1/1302 2716/1/2716 2717/1/2717 
f 1822/1/1822 2718/1/2718 2719/1/2719 
f 932/1/932 2720/1/2720 2721/1/2721 
f 2722/1/2722 2723/1/2723 838/1/838 
f 2722/1/2722 838/1/838 2688/1/2688 
f 2724/1/2724 1238/1/1238 2593/1/2593 
f 2725/1/2725 2355/1/2355 2726/1/2726 
f 23/1/23 1142/1/1142 24/1/24 
f 2054/1/2054 2053/1/2053 2727/1/2727 
f 2006/1/2006 2728/1/2728 2729/1/2729 
f 2730/1/2730 621/1/621 622/1/622 
f 884/1/884 883/1/883 2731/1/2731 
f 820/1/820 2732/1/2732 2733/1/2733 
f 2734/1/2734 2735/1/2735 2736/1/2736 
f 1672/1/1672 2737/1/2737 2738/1/2738 
f 2739/1/2739 2740/1/2740 951/1/951 
f 1350/1/1350 1349/1/1349 373/1/373 
f 81/1/81 2262/1/2262 78/1/78 
f 191/1/191 1256/1/1256 1727/1/1727 
f 2741/1/2741 2742/1/2742 2682/1/2682 
f 2743/1/2743 2741/1/2741 2682/1/2682 
f 2744/1/2744 1573/1/1573 1572/1/1572 
f 2745/1/2745 2004/1/2004 1287/1/1287 
f 2746/1/2746 2264/1/2264 1464/1/1464 
f 2548/1/2548 736/1/736 2747/1/2747 
f 2525/1/2525 679/1/679 2748/1/2748 
f 1139/1/1139 2749/1/2749 2750/1/2750 
f 2162/1/2162 694/1/694 2751/1/2751 
f 264/1/264 2752/1/2752 2753/1/2753 
f 720/1/720 180/1/180 179/1/179 
f 214/1/214 720/1/720 179/1/179 
f 2754/1/2754 1396/1/1396 1395/1/1395 
f 2755/1/2755 234/1/234 2756/1/2756 
f 717/1/717 2755/1/2755 2756/1/2756 
f 2757/1/2757 746/1/746 745/1/745 
f 2234/1/2234 2758/1/2758 2235/1/2235 
f 2759/1/2759 2628/1/2628 1158/1/1158 
f 262/1/262 2760/1/2760 1417/1/1417 
f 2379/1/2379 2761/1/2761 2762/1/2762 
f 2763/1/2763 2764/1/2764 2765/1/2765 
f 2766/1/2766 2767/1/2767 2768/1/2768 
f 1435/1/1435 1086/1/1086 1436/1/1436 
f 2769/1/2769 675/1/675 327/1/327 
f 2770/1/2770 2026/1/2026 2771/1/2771 
f 2770/1/2770 2771/1/2771 2406/1/2406 
f 225/1/225 2772/1/2772 254/1/254 
f 850/1/850 852/1/852 1843/1/1843 
f 2368/1/2368 957/1/957 1625/1/1625 
f 429/1/429 428/1/428 1232/1/1232 
f 1611/1/1611 2773/1/2773 2774/1/2774 
f 2775/1/2775 2776/1/2776 2470/1/2470 
f 2777/1/2777 2778/1/2778 1471/1/1471 
f 2779/1/2779 2780/1/2780 2781/1/2781 
f 2779/1/2779 2781/1/2781 2782/1/2782 
f 2783/1/2783 1172/1/1172 2784/1/2784 
f 952/1/952 2340/1/2340 2785/1/2785 
f 347/1/347 399/1/399 144/1/144 
f 1194/1/1194 2786/1/2786 2787/1/2787 
f 2396/1/2396 2788/1/2788 2429/1/2429 
f 2625/1/2625 1010/1/1010 2789/1/2789 
f 1660/1/1660 2625/1/2625 2789/1/2789 
f 934/1/934 2790/1/2790 598/1/598 
f 2791/1/2791 2792/1/2792 2410/1/2410 
f 2793/1/2793 2777/1/2777 1758/1/1758 
f 2794/1/2794 957/1/957 2795/1/2795 
f 2202/1/2202 821/1/821 2796/1/2796 
f 2797/1/2797 2798/1/2798 2799/1/2799 
f 2800/1/2800 2801/1/2801 2195/1/2195 
f 2802/1/2802 2803/1/2803 252/1/252 
f 1973/1/1973 1972/1/1972 2804/1/2804 
f 2805/1/2805 1669/1/1669 2806/1/2806 
f 1105/1/1105 2807/1/2807 1209/1/1209 
f 2808/1/2808 1694/1/1694 2150/1/2150 
f 2742/1/2742 2683/1/2683 2809/1/2809 
f 2470/1/2470 2742/1/2742 2809/1/2809 
f 2810/1/2810 2811/1/2811 2812/1/2812 
f 297/1/297 2491/1/2491 1323/1/1323 
f 2813/1/2813 2814/1/2814 129/1/129 
f 1291/1/1291 955/1/955 1625/1/1625 
f 1149/1/1149 2815/1/2815 2345/1/2345 
f 1622/1/1622 870/1/870 2816/1/2816 
f 2817/1/2817 2259/1/2259 1749/1/1749 
f 2543/1/2543 2544/1/2544 2818/1/2818 
f 2185/1/2185 743/1/743 2819/1/2819 
f 1716/1/1716 1715/1/1715 2820/1/2820 
f 283/1/283 223/1/223 284/1/284 
f 2821/1/2821 2187/1/2187 842/1/842 
f 494/1/494 1510/1/1510 547/1/547 
f 2822/1/2822 2823/1/2823 2598/1/2598 
f 2824/1/2824 2825/1/2825 1415/1/1415 
f 2826/1/2826 2824/1/2824 1415/1/1415 
f 146/1/146 689/1/689 147/1/147 
f 1599/1/1599 1601/1/1601 2782/1/2782 
f 2827/1/2827 2828/1/2828 1193/1/1193 
f 2829/1/2829 1065/1/1065 519/1/519 
f 2830/1/2830 2831/1/2831 616/1/616 
f 2830/1/2830 616/1/616 2829/1/2829 
f 2832/1/2832 1250/1/1250 1917/1/1917 
f 2608/1/2608 2833/1/2833 1908/1/1908 
f 272/1/272 437/1/437 273/1/273 
f 2235/1/2235 713/1/713 715/1/715 
f 2817/1/2817 2257/1/2257 2259/1/2259 
f 2744/1/2744 2834/1/2834 1573/1/1573 
f 2809/1/2809 2683/1/2683 2472/1/2472 
f 2835/1/2835 2836/1/2836 2723/1/2723 
f 1032/1/1032 784/1/784 1033/1/1033 
f 2612/1/2612 2837/1/2837 2344/1/2344 
f 2322/1/2322 1190/1/1190 2321/1/2321 
f 2838/1/2838 849/1/849 604/1/604 
f 712/1/712 839/1/839 838/1/838 
f 712/1/712 838/1/838 1334/1/1334 
f 342/1/342 2839/1/2839 459/1/459 
f 295/1/295 1421/1/1421 1575/1/1575 
f 2840/1/2840 2841/1/2841 2842/1/2842 
f 1166/1/1166 2843/1/2843 1167/1/1167 
f 831/1/831 1763/1/1763 1765/1/1765 
f 2119/1/2119 1180/1/1180 1179/1/1179 
f 1271/1/1271 2539/1/2539 1257/1/1257 
f 1271/1/1271 1257/1/1257 1259/1/1259 
f 1744/1/1744 1743/1/1743 2844/1/2844 
f 2845/1/2845 316/1/316 1986/1/1986 
f 1434/1/1434 2580/1/2580 2846/1/2846 
f 2235/1/2235 2758/1/2758 714/1/714 
f 2847/1/2847 2389/1/2389 2390/1/2390 
f 2848/1/2848 1224/1/1224 1223/1/1223 
f 2303/1/2303 494/1/494 1399/1/1399 
f 835/1/835 50/1/50 836/1/836 
f 2515/1/2515 2531/1/2531 1129/1/1129 
f 1128/1/1128 2515/1/2515 1129/1/1129 
f 2130/1/2130 2849/1/2849 2850/1/2850 
f 1201/1/1201 1911/1/1911 2605/1/2605 
f 2665/1/2665 2664/1/2664 2851/1/2851 
f 188/1/188 190/1/190 2852/1/2852 
f 2853/1/2853 2468/1/2468 2182/1/2182 
f 2854/1/2854 170/1/170 2855/1/2855 
f 2856/1/2856 1206/1/1206 2857/1/2857 
f 2858/1/2858 2364/1/2364 420/1/420 
f 1541/1/1541 1543/1/1543 2436/1/2436 
f 2176/1/2176 242/1/242 1692/1/1692 
f 1177/1/1177 1677/1/1677 1676/1/1676 
f 405/1/405 2028/1/2028 2851/1/2851 
f 2455/1/2455 2164/1/2164 2293/1/2293 
f 2859/1/2859 1724/1/1724 1207/1/1207 
f 2860/1/2860 1335/1/1335 1705/1/1705 
f 275/1/275 1148/1/1148 2283/1/2283 
f 2861/1/2861 398/1/398 257/1/257 
f 603/1/603 2862/1/2862 2863/1/2863 
f 1761/1/1761 2864/1/2864 2865/1/2865 
f 694/1/694 2021/1/2021 2020/1/2020 
f 1866/1/1866 722/1/722 2866/1/2866 
f 1350/1/1350 1745/1/1745 1348/1/1348 
f 2867/1/2867 1941/1/1941 2645/1/2645 
f 2868/1/2868 2735/1/2735 2869/1/2869 
f 824/1/824 2622/1/2622 395/1/395 
f 841/1/841 2870/1/2870 851/1/851 
f 2589/1/2589 2871/1/2871 2872/1/2872 
f 979/1/979 734/1/734 980/1/980 
f 2873/1/2873 910/1/910 759/1/759 
f 1891/1/1891 1890/1/1890 2874/1/2874 
f 1891/1/1891 2874/1/2874 464/1/464 
f 101/1/101 103/1/103 788/1/788 
f 281/1/281 280/1/280 214/1/214 
f 460/1/460 281/1/281 214/1/214 
f 2875/1/2875 2876/1/2876 1795/1/1795 
f 1483/1/1483 2877/1/2877 2878/1/2878 
f 270/1/270 1723/1/1723 271/1/271 
f 1762/1/1762 1761/1/1761 2879/1/2879 
f 2773/1/2773 1612/1/1612 2880/1/2880 
f 2773/1/2773 2880/1/2880 2881/1/2881 
f 427/1/427 2882/1/2882 613/1/613 
f 423/1/423 1968/1/1968 2334/1/2334 
f 1158/1/1158 756/1/756 2883/1/2883 
f 933/1/933 2884/1/2884 1547/1/1547 
f 933/1/933 1547/1/1547 1256/1/1256 
f 566/1/566 2885/1/2885 2886/1/2886 
f 679/1/679 442/1/442 2887/1/2887 
f 2888/1/2888 2889/1/2889 2890/1/2890 
f 1865/1/1865 1864/1/1864 2891/1/2891 
f 2892/1/2892 2893/1/2893 449/1/449 
f 433/1/433 432/1/432 2894/1/2894 
f 2895/1/2895 2478/1/2478 2691/1/2691 
f 2275/1/2275 2896/1/2896 2272/1/2272 
f 2055/1/2055 2897/1/2897 2053/1/2053 
f 2884/1/2884 2898/1/2898 598/1/598 
f 2899/1/2899 1106/1/1106 2900/1/2900 
f 1503/1/1503 1617/1/1617 1504/1/1504 
f 2901/1/2901 1306/1/1306 2227/1/2227 
f 723/1/723 2902/1/2902 2815/1/2815 
f 2903/1/2903 2904/1/2904 388/1/388 
f 1116/1/1116 2905/1/2905 2242/1/2242 
f 2906/1/2906 2907/1/2907 209/1/209 
f 2908/1/2908 1735/1/1735 2909/1/2909 
f 1815/1/1815 1506/1/1506 2910/1/2910 
f 2837/1/2837 2911/1/2911 2345/1/2345 
f 1836/1/1836 2624/1/2624 2760/1/2760 
f 2313/1/2313 2912/1/2912 2913/1/2913 
f 109/1/109 2914/1/2914 207/1/207 
f 2915/1/2915 2192/1/2192 1372/1/1372 
f 2916/1/2916 568/1/568 100/1/100 
f 2821/1/2821 2917/1/2917 2188/1/2188 
f 2639/1/2639 2918/1/2918 1130/1/1130 
f 356/1/356 1862/1/1862 2567/1/2567 
f 670/1/670 672/1/672 2919/1/2919 
f 24/1/24 1142/1/1142 1083/1/1083 
f 1149/1/1149 1150/1/1150 2902/1/2902 
f 2695/1/2695 2697/1/2697 1541/1/1541 
f 255/1/255 1253/1/1253 256/1/256 
f 2920/1/2920 2391/1/2391 1967/1/1967 
f 2921/1/2921 929/1/929 2922/1/2922 
f 2632/1/2632 812/1/812 2923/1/2923 
f 1786/1/1786 171/1/171 335/1/335 
f 2032/1/2032 2924/1/2924 1344/1/1344 
f 2892/1/2892 2032/1/2032 1344/1/1344 
f 924/1/924 2186/1/2186 2185/1/2185 
f 1082/1/1082 549/1/549 2925/1/2925 
f 567/1/567 2926/1/2926 2927/1/2927 
f 2928/1/2928 2388/1/2388 2929/1/2929 
f 2930/1/2930 2928/1/2928 2929/1/2929 
f 2931/1/2931 2932/1/2932 2856/1/2856 
f 631/1/631 2353/1/2353 2342/1/2342 
f 161/1/161 2492/1/2492 980/1/980 
f 2933/1/2933 2934/1/2934 2935/1/2935 
f 2866/1/2866 1876/1/1876 1878/1/1878 
f 2936/1/2936 2765/1/2765 2239/1/2239 
f 165/1/165 2937/1/2937 2938/1/2938 
f 2939/1/2939 2544/1/2544 1378/1/1378 
f 2940/1/2940 2941/1/2941 1767/1/1767 
f 2942/1/2942 2943/1/2943 2944/1/2944 
f 1687/1/1687 2302/1/2302 2919/1/2919 
f 2945/1/2945 175/1/175 177/1/177 
f 2946/1/2946 2947/1/2947 2289/1/2289 
f 2948/1/2948 2660/1/2660 1393/1/1393 
f 543/1/543 2929/1/2929 2388/1/2388 
f 542/1/542 543/1/543 2388/1/2388 
f 2949/1/2949 2950/1/2950 2951/1/2951 
f 2466/1/2466 2952/1/2952 2953/1/2953 
f 2954/1/2954 2032/1/2032 2033/1/2033 
f 541/1/541 1228/1/1228 2243/1/2243 
f 2923/1/2923 2955/1/2955 2365/1/2365 
f 2956/1/2956 1989/1/1989 599/1/599 
f 2379/1/2379 2762/1/2762 2957/1/2957 
f 1508/1/1508 2250/1/2250 1509/1/1509 
f 2958/1/2958 1790/1/1790 682/1/682 
f 816/1/816 818/1/818 2295/1/2295 
f 1474/1/1474 1884/1/1884 10/1/10 
f 588/1/588 1172/1/1172 2959/1/2959 
f 588/1/588 2959/1/2959 2749/1/2749 
f 2960/1/2960 983/1/983 2961/1/2961 
f 2561/1/2561 1346/1/1346 2962/1/2962 
f 1665/1/1665 2300/1/2300 2667/1/2667 
f 2963/1/2963 1596/1/1596 1595/1/1595 
f 472/1/472 2964/1/2964 473/1/473 
f 910/1/910 909/1/909 1875/1/1875 
f 2339/1/2339 2338/1/2338 248/1/248 
f 2315/1/2315 1497/1/1497 258/1/258 
f 2004/1/2004 2802/1/2802 2965/1/2965 
f 2966/1/2966 2967/1/2967 796/1/796 
f 1127/1/1127 2968/1/2968 2969/1/2969 
f 1349/1/1349 2970/1/2970 373/1/373 
f 1546/1/1546 303/1/303 1360/1/1360 
f 2366/1/2366 2971/1/2971 628/1/628 
f 2972/1/2972 1956/1/1956 1955/1/1955 
f 2732/1/2732 2973/1/2973 2733/1/2733 
f 843/1/843 1100/1/1100 87/1/87 
f 1752/1/1752 369/1/369 1352/1/1352 
f 1968/1/1968 2048/1/2048 2904/1/2904 
f 2974/1/2974 1727/1/1727 1285/1/1285 
f 1162/1/1162 1701/1/1701 2975/1/2975 
f 1783/1/1783 967/1/967 1784/1/1784 
f 1235/1/1235 915/1/915 914/1/914 
f 1986/1/1986 1985/1/1985 2845/1/2845 
f 2012/1/2012 504/1/504 2976/1/2976 
f 2010/1/2010 2012/1/2012 2976/1/2976 
f 943/1/943 2977/1/2977 2152/1/2152 
f 2978/1/2978 2979/1/2979 2980/1/2980 
f 2400/1/2400 2981/1/2981 2141/1/2141 
f 2982/1/2982 1398/1/1398 2983/1/2983 
f 1544/1/1544 432/1/432 431/1/431 
f 2984/1/2984 231/1/231 230/1/230 
f 2898/1/2898 390/1/390 1728/1/1728 
f 2985/1/2985 2986/1/2986 2987/1/2987 
f 2557/1/2557 2985/1/2985 2987/1/2987 
f 958/1/958 2988/1/2988 2989/1/2989 
f 1439/1/1439 2990/1/2990 1338/1/1338 
f 291/1/291 1439/1/1439 1338/1/1338 
f 2192/1/2192 2357/1/2357 2978/1/2978 
f 2192/1/2192 2978/1/2978 2991/1/2991 
f 226/1/226 228/1/228 2389/1/2389 
f 2017/1/2017 2992/1/2992 772/1/772 
f 2740/1/2740 235/1/235 237/1/237 
f 2993/1/2993 2717/1/2717 2716/1/2716 
f 1778/1/1778 1614/1/1614 1613/1/1613 
f 2994/1/2994 2995/1/2995 2563/1/2563 
f 2996/1/2996 2233/1/2233 2997/1/2997 
f 1516/1/1516 2430/1/2430 210/1/210 
f 2998/1/2998 2377/1/2377 823/1/823 
f 2999/1/2999 1921/1/1921 2049/1/2049 
f 2234/1/2234 2652/1/2652 713/1/713 
f 1800/1/1800 2524/1/2524 1396/1/1396 
f 558/1/558 587/1/587 589/1/589 
f 3000/1/3000 667/1/667 2542/1/2542 
f 2104/1/2104 2731/1/2731 1842/1/1842 
f 648/1/648 3001/1/3001 1420/1/1420 
f 3002/1/3002 3003/1/3003 2168/1/2168 
f 581/1/581 97/1/97 582/1/582 
f 2709/1/2709 1676/1/1676 3004/1/3004 
f 1188/1/1188 2126/1/2126 3005/1/3005 
f 1918/1/1918 1362/1/1362 635/1/635 
f 3006/1/3006 3007/1/3007 1263/1/1263 
f 1938/1/1938 3008/1/3008 1265/1/1265 
f 3009/1/3009 35/1/35 2466/1/2466 
f 728/1/728 1539/1/1539 297/1/297 
f 1751/1/1751 2429/1/2429 3010/1/3010 
f 181/1/181 3011/1/3011 2126/1/2126 
f 3012/1/3012 3013/1/3013 3014/1/3014 
f 1909/1/1909 1910/1/1910 2503/1/2503 
f 3015/1/3015 3016/1/3016 3017/1/3017 
f 896/1/896 32/1/32 109/1/109 
f 2038/1/2038 1976/1/1976 2678/1/2678 
f 481/1/481 1522/1/1522 518/1/518 
f 1129/1/1129 342/1/342 459/1/459 
f 2585/1/2585 947/1/947 2648/1/2648 
f 3018/1/3018 1253/1/1253 255/1/255 
f 1242/1/1242 3019/1/3019 185/1/185 
f 207/1/207 107/1/107 109/1/109 
f 3020/1/3020 2798/1/2798 2797/1/2797 
f 3021/1/3021 307/1/307 306/1/306 
f 2234/1/2234 1519/1/1519 2758/1/2758 
f 11/1/11 972/1/972 9/1/9 
f 3022/1/3022 2447/1/2447 3023/1/3023 
f 3024/1/3024 130/1/130 3025/1/3025 
f 3026/1/3026 2513/1/2513 1357/1/1357 
f 3027/1/3027 3028/1/3028 3029/1/3029 
f 3030/1/3030 1834/1/1834 3031/1/3031 
f 2206/1/2206 3032/1/3032 868/1/868 
f 2932/1/2932 2859/1/2859 1657/1/1657 
f 2965/1/2965 2803/1/2803 1868/1/1868 
f 2173/1/2173 270/1/270 269/1/269 
f 1508/1/1508 2651/1/2651 3033/1/3033 
f 840/1/840 842/1/842 2870/1/2870 
f 2851/1/2851 2028/1/2028 2665/1/2665 
f 1733/1/1733 1735/1/1735 2908/1/2908 
f 1754/1/1754 3034/1/3034 1730/1/1730 
f 536/1/536 3035/1/3035 890/1/890 
f 525/1/525 527/1/527 666/1/666 
f 1994/1/1994 2717/1/2717 3036/1/3036 
f 1361/1/1361 1546/1/1546 3037/1/3037 
f 1590/1/1590 1081/1/1081 3038/1/3038 
f 136/1/136 2713/1/2713 1870/1/1870 
f 2919/1/2919 3039/1/3039 1686/1/1686 
f 3040/1/3040 3041/1/3041 3042/1/3042 
f 3043/1/3043 2560/1/2560 3044/1/3044 
f 2896/1/2896 2275/1/2275 1556/1/1556 
f 2896/1/2896 1556/1/1556 3045/1/3045 
f 829/1/829 1551/1/1551 409/1/409 
f 3046/1/3046 3047/1/3047 3048/1/3048 
f 2257/1/2257 3049/1/3049 3050/1/3050 
f 836/1/836 3051/1/3051 958/1/958 
f 699/1/699 701/1/701 2364/1/2364 
f 3052/1/3052 3053/1/3053 3054/1/3054 
f 661/1/661 577/1/577 3055/1/3055 
f 3056/1/3056 3057/1/3057 2183/1/2183 
f 424/1/424 1921/1/1921 422/1/422 
f 2976/1/2976 504/1/504 503/1/503 
f 3058/1/3058 2256/1/2256 3059/1/3059 
f 1111/1/1111 816/1/816 1582/1/1582 
f 2564/1/2564 2563/1/2563 608/1/608 
f 2564/1/2564 608/1/608 2885/1/2885 
f 1669/1/1669 2469/1/2469 559/1/559 
f 3060/1/3060 3061/1/3061 3062/1/3062 
f 1936/1/1936 2442/1/2442 865/1/865 
f 1306/1/1306 2229/1/2229 3063/1/3063 
f 1387/1/1387 2282/1/2282 1356/1/1356 
f 2479/1/2479 2984/1/2984 230/1/230 
f 252/1/252 604/1/604 3064/1/3064 
f 1354/1/1354 252/1/252 3064/1/3064 
f 1868/1/1868 996/1/996 1866/1/1866 
f 756/1/756 2294/1/2294 3065/1/3065 
f 3066/1/3066 753/1/753 3067/1/3067 
f 3068/1/3068 3069/1/3069 1569/1/1569 
f 3070/1/3070 3071/1/3071 3072/1/3072 
f 3073/1/3073 2636/1/2636 2635/1/2635 
f 993/1/993 3073/1/3073 2635/1/2635 
f 2507/1/2507 3074/1/3074 1844/1/1844 
f 453/1/453 102/1/102 101/1/101 
f 2978/1/2978 384/1/384 1371/1/1371 
f 2979/1/2979 2978/1/2978 1371/1/1371 
f 3009/1/3009 2399/1/2399 35/1/35 
f 3075/1/3075 3076/1/3076 2115/1/2115 
f 1526/1/1526 656/1/656 2432/1/2432 
f 2848/1/2848 3077/1/3077 3078/1/3078 
f 744/1/744 2981/1/2981 2532/1/2532 
f 3079/1/3079 2867/1/2867 1675/1/1675 
f 410/1/410 851/1/851 3080/1/3080 
f 3081/1/3081 686/1/686 3082/1/3082 
f 468/1/468 3083/1/3083 3084/1/3084 
f 1889/1/1889 1108/1/1108 767/1/767 
f 2862/1/2862 3085/1/3085 3086/1/3086 
f 196/1/196 105/1/105 3087/1/3087 
f 3088/1/3088 122/1/122 120/1/120 
f 391/1/391 1974/1/1974 392/1/392 
f 1785/1/1785 1786/1/1786 2422/1/2422 
f 2587/1/2587 459/1/459 3089/1/3089 
f 414/1/414 2554/1/2554 2553/1/2553 
f 533/1/533 360/1/360 1941/1/1941 
f 533/1/533 1941/1/1941 2867/1/2867 
f 2394/1/2394 2393/1/2393 1155/1/1155 
f 2093/1/2093 2717/1/2717 2993/1/2993 
f 2899/1/2899 521/1/521 3090/1/3090 
f 1035/1/1035 1244/1/1244 1245/1/1245 
f 2978/1/2978 3091/1/3091 385/1/385 
f 1402/1/1402 3092/1/3092 1403/1/1403 
f 3093/1/3093 1039/1/1039 1612/1/1612 
f 2082/1/2082 31/1/31 1660/1/1660 
f 1895/1/1895 1894/1/1894 1198/1/1198 
f 1758/1/1758 1473/1/1473 1041/1/1041 
f 3094/1/3094 1153/1/1153 193/1/193 
f 3094/1/3094 193/1/193 934/1/934 
f 2148/1/2148 2881/1/2881 2880/1/2880 
f 3095/1/3095 3064/1/3064 650/1/650 
f 3096/1/3096 3097/1/3097 3098/1/3098 
f 2572/1/2572 2594/1/2594 298/1/298 
f 1461/1/1461 1760/1/1760 1459/1/1459 
f 2427/1/2427 3099/1/3099 2073/1/2073 
f 2147/1/2147 1648/1/1648 2535/1/2535 
f 623/1/623 3100/1/3100 3101/1/3101 
f 2268/1/2268 1793/1/1793 3102/1/3102 
f 1034/1/1034 344/1/344 1035/1/1035 
f 2563/1/2563 2885/1/2885 2431/1/2431 
f 366/1/366 383/1/383 984/1/984 
f 202/1/202 201/1/201 2055/1/2055 
f 1826/1/1826 316/1/316 499/1/499 
f 494/1/494 1812/1/1812 1313/1/1313 
f 2443/1/2443 936/1/936 2444/1/2444 
f 1765/1/1765 3103/1/3103 3104/1/3104 
f 3024/1/3024 687/1/687 1711/1/1711 
f 352/1/352 1212/1/1212 3105/1/3105 
f 2359/1/2359 3106/1/3106 3107/1/3107 
f 371/1/371 2118/1/2118 372/1/372 
f 1830/1/1830 3108/1/3108 3109/1/3109 
f 3110/1/3110 2124/1/2124 2404/1/2404 
f 1580/1/1580 2430/1/2430 208/1/208 
f 3111/1/3111 2714/1/2714 2713/1/2713 
f 858/1/858 2417/1/2417 471/1/471 
f 3112/1/3112 3113/1/3113 3114/1/3114 
f 1172/1/1172 588/1/588 1134/1/1134 
f 2678/1/2678 2679/1/2679 2038/1/2038 
f 2544/1/2544 1689/1/1689 1378/1/1378 
f 2180/1/2180 3115/1/3115 164/1/164 
f 811/1/811 2638/1/2638 3116/1/3116 
f 2815/1/2815 725/1/725 2386/1/2386 
f 1851/1/1851 1007/1/1007 332/1/332 
f 3011/1/3011 1953/1/1953 2126/1/2126 
f 1057/1/1057 1300/1/1300 1164/1/1164 
f 2207/1/2207 3117/1/3117 869/1/869 
f 1719/1/1719 991/1/991 990/1/990 
f 209/1/209 1631/1/1631 1314/1/1314 
f 2748/1/2748 1803/1/1803 2008/1/2008 
f 1361/1/1361 3118/1/3118 2177/1/2177 
f 1228/1/1228 2608/1/2608 3119/1/3119 
f 2409/1/2409 2837/1/2837 2612/1/2612 
f 3120/1/3120 1594/1/1594 3121/1/3121 
f 1960/1/1960 2375/1/2375 272/1/272 
f 1575/1/1575 2980/1/2980 295/1/295 
f 2030/1/2030 606/1/606 2564/1/2564 
f 469/1/469 468/1/468 3122/1/3122 
f 773/1/773 2121/1/2121 3123/1/3123 
f 3124/1/3124 1847/1/1847 3125/1/3125 
f 831/1/831 3104/1/3104 2077/1/2077 
f 2719/1/2719 3126/1/3126 3127/1/3127 
f 2574/1/2574 466/1/466 2575/1/2575 
f 3128/1/3128 2726/1/2726 898/1/898 
f 742/1/742 3129/1/3129 3130/1/3130 
f 33/1/33 3131/1/3131 2072/1/2072 
f 447/1/447 1217/1/1217 448/1/448 
f 3132/1/3132 1715/1/1715 2334/1/2334 
f 2009/1/2009 1645/1/1645 1603/1/1603 
f 1549/1/1549 912/1/912 911/1/911 
f 345/1/345 344/1/344 3133/1/3133 
f 1245/1/1245 345/1/345 3133/1/3133 
f 1685/1/1685 1409/1/1409 3134/1/3134 
f 2690/1/2690 2488/1/2488 1889/1/1889 
f 3040/1/3040 3042/1/3042 3135/1/3135 
f 458/1/458 3136/1/3136 2839/1/2839 
f 1007/1/1007 3137/1/3137 1008/1/1008 
f 2494/1/2494 3138/1/3138 1366/1/1366 
f 1154/1/1154 793/1/793 2393/1/2393 
f 691/1/691 690/1/690 1641/1/1641 
f 1673/1/1673 571/1/571 3139/1/3139 
f 1079/1/1079 1220/1/1220 3140/1/3140 
f 880/1/880 683/1/683 1671/1/1671 
f 3141/1/3141 3142/1/3142 3143/1/3143 
f 2899/1/2899 1993/1/1993 2497/1/2497 
f 2863/1/2863 2862/1/2862 2169/1/2169 
f 1011/1/1011 1284/1/1284 1285/1/1285 
f 2971/1/2971 141/1/141 628/1/628 
f 693/1/693 1867/1/1867 996/1/996 
f 1297/1/1297 1957/1/1957 844/1/844 
f 3144/1/3144 2570/1/2570 3145/1/3145 
f 3146/1/3146 3147/1/3147 2733/1/2733 
f 321/1/321 3148/1/3148 322/1/322 
f 3149/1/3149 2891/1/2891 3150/1/3150 
f 2819/1/2819 743/1/743 2398/1/2398 
f 1169/1/1169 3151/1/3151 1818/1/1818 
f 2773/1/2773 2881/1/2881 3152/1/3152 
f 2774/1/2774 2773/1/2773 3152/1/3152 
f 2534/1/2534 3153/1/3153 440/1/440 
f 3095/1/3095 987/1/987 3154/1/3154 
f 3064/1/3064 3095/1/3095 3154/1/3154 
f 277/1/277 3155/1/3155 3156/1/3156 
f 164/1/164 167/1/167 168/1/168 
f 2394/1/2394 2680/1/2680 290/1/290 
f 1400/1/1400 1510/1/1510 1128/1/1128 
f 3007/1/3007 1420/1/1420 3001/1/3001 
f 252/1/252 2803/1/2803 1866/1/1866 
f 252/1/252 1866/1/1866 996/1/996 
f 1116/1/1116 3157/1/3157 1117/1/1117 
f 3032/1/3032 2206/1/2206 2205/1/2205 
f 1637/1/1637 1279/1/1279 2602/1/2602 
f 1991/1/1991 3158/1/3158 1992/1/1992 
f 238/1/238 904/1/904 239/1/239 
f 865/1/865 2442/1/2442 3159/1/3159 
f 2577/1/2577 2647/1/2647 2486/1/2486 
f 3160/1/3160 1169/1/1169 1818/1/1818 
f 3160/1/3160 1818/1/1818 2304/1/2304 
f 142/1/142 1634/1/1634 628/1/628 
f 3161/1/3161 3162/1/3162 3163/1/3163 
f 1985/1/1985 2199/1/2199 2845/1/2845 
f 3164/1/3164 1623/1/1623 652/1/652 
f 3164/1/3164 652/1/652 1316/1/1316 
f 60/1/60 57/1/57 1576/1/1576 
f 763/1/763 1390/1/1390 1391/1/1391 
f 2052/1/2052 2360/1/2360 158/1/158 
f 2555/1/2555 121/1/121 120/1/120 
f 3165/1/3165 3166/1/3166 3167/1/3167 
f 3168/1/3168 2474/1/2474 837/1/837 
f 2849/1/2849 2693/1/2693 3169/1/3169 
f 1705/1/1705 1335/1/1335 2986/1/2986 
f 1121/1/1121 3170/1/3170 3171/1/3171 
f 821/1/821 820/1/820 3146/1/3146 
f 3172/1/3172 3173/1/3173 65/1/65 
f 3174/1/3174 2651/1/2651 1722/1/1722 
f 3175/1/3175 3174/1/3174 1722/1/1722 
f 1489/1/1489 3176/1/3176 2146/1/2146 
f 3177/1/3177 3178/1/3178 2888/1/2888 
f 2468/1/2468 1887/1/1887 1886/1/1886 
f 2236/1/2236 3179/1/3179 264/1/264 
f 2637/1/2637 811/1/811 1488/1/1488 
f 2107/1/2107 337/1/337 3180/1/3180 
f 1271/1/1271 1064/1/1064 1258/1/1258 
f 200/1/200 1280/1/1280 2328/1/2328 
f 1987/1/1987 3181/1/3181 620/1/620 
f 3182/1/3182 3140/1/3140 1220/1/1220 
f 3183/1/3183 2495/1/2495 2985/1/2985 
f 1557/1/1557 535/1/535 534/1/534 
f 3184/1/3184 798/1/798 3185/1/3185 
f 938/1/938 941/1/941 3186/1/3186 
f 3187/1/3187 938/1/938 3186/1/3186 
f 3188/1/3188 1265/1/1265 279/1/279 
f 1940/1/1940 2568/1/2568 2424/1/2424 
f 630/1/630 879/1/879 881/1/881 
f 3189/1/3189 676/1/676 3190/1/3190 
f 3189/1/3189 3190/1/3190 885/1/885 
f 3191/1/3191 1747/1/1747 1746/1/1746 
f 3192/1/3192 3086/1/3086 3193/1/3193 
f 3194/1/3194 3195/1/3195 3196/1/3196 
f 2749/1/2749 3197/1/3197 2750/1/2750 
f 3198/1/3198 584/1/584 1005/1/1005 
f 2237/1/2237 2192/1/2192 2915/1/2915 
f 3199/1/3199 2297/1/2297 760/1/760 
f 2510/1/2510 2007/1/2007 3200/1/3200 
f 2091/1/2091 3201/1/3201 2092/1/2092 
f 2712/1/2712 2097/1/2097 2096/1/2096 
f 3202/1/3202 846/1/846 3203/1/3203 
f 2256/1/2256 3204/1/3204 3059/1/3059 
f 2562/1/2562 3205/1/3205 1019/1/1019 
f 2756/1/2756 234/1/234 3187/1/3187 
f 3206/1/3206 2795/1/2795 3207/1/3207 
f 3208/1/3208 3209/1/3209 3210/1/3210 
f 3211/1/3211 2352/1/2352 1297/1/1297 
f 696/1/696 1401/1/1401 3212/1/3212 
f 2186/1/2186 3009/1/3009 2466/1/2466 
f 1883/1/1883 2111/1/2111 2113/1/2113 
f 1209/1/1209 617/1/617 2497/1/2497 
f 1921/1/1921 3213/1/3213 1922/1/1922 
f 1922/1/1922 3214/1/3214 2213/1/2213 
f 3215/1/3215 1896/1/1896 3216/1/3216 
f 1889/1/1889 1888/1/1888 3217/1/3217 
f 1728/1/1728 1578/1/1578 1339/1/1339 
f 2906/1/2906 1315/1/1315 210/1/210 
f 2171/1/2171 2730/1/2730 3218/1/3218 
f 3033/1/3033 3219/1/3219 260/1/260 
f 3220/1/3220 3221/1/3221 1638/1/1638 
f 2943/1/2943 3222/1/3222 3017/1/3017 
f 1935/1/1935 2225/1/2225 3223/1/3223 
f 1683/1/1683 3224/1/3224 1420/1/1420 
f 3225/1/3225 2623/1/2623 1836/1/1836 
f 3226/1/3226 3227/1/3227 345/1/345 
f 2911/1/2911 2815/1/2815 1149/1/1149 
f 1507/1/1507 1509/1/1509 3081/1/3081 
f 3228/1/3228 3229/1/3229 3117/1/3117 
f 3071/1/3071 2358/1/2358 1769/1/1769 
f 3230/1/3230 2271/1/2271 406/1/406 
f 2096/1/2096 2098/1/2098 2810/1/2810 
f 2096/1/2096 2810/1/2810 2661/1/2661 
f 3231/1/3231 2369/1/2369 2592/1/2592 
f 624/1/624 895/1/895 3100/1/3100 
f 2671/1/2671 1452/1/1452 3232/1/3232 
f 1612/1/1612 3233/1/3233 2880/1/2880 
f 2903/1/2903 3234/1/3234 3235/1/3235 
f 2678/1/2678 1976/1/1976 3236/1/3236 
f 2300/1/2300 1812/1/1812 537/1/537 
f 2948/1/2948 2427/1/2427 2659/1/2659 
f 806/1/806 808/1/808 926/1/926 
f 3004/1/3004 806/1/806 926/1/926 
f 981/1/981 1924/1/1924 1952/1/1952 
f 3237/1/3237 3238/1/3238 1374/1/1374 
f 3239/1/3239 3240/1/3240 3241/1/3241 
f 1564/1/1564 1566/1/1566 1423/1/1423 
f 2527/1/2527 3073/1/3073 2528/1/2528 
f 52/1/52 28/1/28 1496/1/1496 
f 2252/1/2252 2251/1/2251 561/1/561 
f 3242/1/3242 1234/1/1234 1236/1/1236 
f 1415/1/1415 2642/1/2642 2644/1/2644 
f 2197/1/2197 3243/1/3243 928/1/928 
f 1161/1/1161 1301/1/1301 1701/1/1701 
f 1162/1/1162 1161/1/1161 1701/1/1701 
f 339/1/339 1065/1/1065 337/1/337 
f 3229/1/3229 3228/1/3228 3244/1/3244 
f 2122/1/2122 3245/1/3245 3246/1/3246 
f 3045/1/3045 2419/1/2419 42/1/42 
f 1088/1/1088 711/1/711 2230/1/2230 
f 2787/1/2787 1454/1/1454 1954/1/1954 
f 1011/1/1011 1285/1/1285 1726/1/1726 
f 2147/1/2147 1612/1/1612 2148/1/2148 
f 1073/1/1073 1075/1/1075 2095/1/2095 
f 2913/1/2913 2912/1/2912 3072/1/3072 
f 3240/1/3240 2503/1/2503 3247/1/3247 
f 325/1/325 922/1/922 205/1/205 
f 2274/1/2274 44/1/44 1556/1/1556 
f 2275/1/2275 2274/1/2274 1556/1/1556 
f 820/1/820 2733/1/2733 3147/1/3147 
f 2916/1/2916 172/1/172 570/1/570 
f 3248/1/3248 1361/1/1361 2177/1/2177 
f 1360/1/1360 1899/1/1899 3249/1/3249 
f 1955/1/1955 2154/1/2154 2972/1/2972 
f 669/1/669 2248/1/2248 2193/1/2193 
f 3250/1/3250 3251/1/3251 3252/1/3252 
f 1740/1/1740 3253/1/3253 1741/1/1741 
f 687/1/687 3024/1/3024 3025/1/3025 
f 249/1/249 2573/1/2573 1100/1/1100 
f 1441/1/1441 1717/1/1717 2804/1/2804 
f 3254/1/3254 2484/1/2484 501/1/501 
f 3255/1/3255 2477/1/2477 2478/1/2478 
f 3256/1/3256 2735/1/2735 2734/1/2734 
f 1024/1/1024 1518/1/1518 1517/1/1517 
f 1683/1/1683 1685/1/1685 3224/1/3224 
f 1700/1/1700 157/1/157 2598/1/2598 
f 155/1/155 1700/1/1700 2598/1/2598 
f 2295/1/2295 2754/1/2754 2296/1/2296 
f 2245/1/2245 301/1/301 300/1/300 
f 1636/1/1636 1277/1/1277 1637/1/1637 
f 119/1/119 1046/1/1046 1048/1/1048 
f 1243/1/1243 3019/1/3019 1241/1/1241 
f 566/1/566 1599/1/1599 2332/1/2332 
f 3257/1/3257 3197/1/3197 3258/1/3258 
f 2563/1/2563 2995/1/2995 412/1/412 
f 3026/1/3026 1356/1/1356 452/1/452 
f 3259/1/3259 3260/1/3260 3261/1/3261 
f 3168/1/3168 711/1/711 1088/1/1088 
f 1389/1/1389 474/1/474 2655/1/2655 
f 3262/1/3262 1416/1/1416 3158/1/3158 
f 2116/1/2116 3263/1/3263 3264/1/3264 
f 2053/1/2053 397/1/397 3265/1/3265 
f 2906/1/2906 3266/1/3266 2706/1/2706 
f 128/1/128 3267/1/3267 2813/1/2813 
f 2358/1/2358 9/1/9 972/1/972 
f 2330/1/2330 2489/1/2489 2126/1/2126 
f 1187/1/1187 2330/1/2330 2126/1/2126 
f 522/1/522 524/1/524 1975/1/1975 
f 1652/1/1652 310/1/310 3268/1/3268 
f 344/1/344 343/1/343 2397/1/2397 
f 241/1/241 3269/1/3269 1179/1/1179 
f 1919/1/1919 2852/1/2852 1093/1/1093 
f 197/1/197 196/1/196 242/1/242 
f 241/1/241 197/1/197 242/1/242 
f 1753/1/1753 1752/1/1752 3270/1/3270 
f 2523/1/2523 2811/1/2811 2387/1/2387 
f 577/1/577 1120/1/1120 575/1/575 
f 347/1/347 403/1/403 255/1/255 
f 3271/1/3271 3272/1/3272 1577/1/1577 
f 558/1/558 588/1/588 1139/1/1139 
f 670/1/670 2387/1/2387 1687/1/1687 
f 1923/1/1923 3214/1/3214 1921/1/1921 
f 3273/1/3273 3274/1/3274 3275/1/3275 
f 3276/1/3276 3277/1/3277 1526/1/1526 
f 2955/1/2955 3278/1/3278 317/1/317 
f 68/1/68 2137/1/2137 2136/1/2136 
f 698/1/698 3279/1/3279 696/1/696 
f 3/1/3 2/1/2 3280/1/3280 
f 3139/1/3139 571/1/571 8/1/8 
f 3110/1/3110 2308/1/2308 2530/1/2530 
f 3213/1/3213 2212/1/2212 1922/1/1922 
f 3281/1/3281 735/1/735 1005/1/1005 
f 3282/1/3282 2423/1/2423 2425/1/2425 
f 3283/1/3283 1965/1/1965 2076/1/2076 
f 3284/1/3284 1601/1/1601 2451/1/2451 
f 3284/1/3284 2451/1/2451 3285/1/3285 
f 2035/1/2035 1782/1/1782 3286/1/3286 
f 1687/1/1687 2387/1/2387 2302/1/2302 
f 2372/1/2372 945/1/945 783/1/783 
f 1436/1/1436 386/1/386 2559/1/2559 
f 1963/1/1963 2347/1/2347 3287/1/3287 
f 3066/1/3066 3067/1/3067 755/1/755 
f 1207/1/1207 1588/1/1588 1208/1/1208 
f 863/1/863 2950/1/2950 3288/1/3288 
f 1496/1/1496 28/1/28 979/1/979 
f 1200/1/1200 2047/1/2047 1935/1/1935 
f 1558/1/1558 1560/1/1560 97/1/97 
f 3289/1/3289 2918/1/2918 3290/1/3290 
f 3289/1/3289 3290/1/3290 458/1/458 
f 1678/1/1678 2101/1/2101 806/1/806 
f 2018/1/2018 3291/1/3291 1615/1/1615 
f 3292/1/3292 997/1/997 2099/1/2099 
f 3292/1/3292 2099/1/2099 3293/1/3293 
f 3294/1/3294 1883/1/1883 1885/1/1885 
f 3134/1/3134 3295/1/3295 3296/1/3296 
f 1005/1/1005 735/1/735 3198/1/3198 
f 240/1/240 3297/1/3297 3298/1/3298 
f 786/1/786 785/1/785 2220/1/2220 
f 2329/1/2329 3144/1/3144 2327/1/2327 
f 3299/1/3299 2822/1/2822 3300/1/3300 
f 720/1/720 2384/1/2384 180/1/180 
f 1024/1/1024 534/1/534 891/1/891 
f 959/1/959 3301/1/3301 3302/1/3302 
f 1210/1/1210 1362/1/1362 1211/1/1211 
f 3303/1/3303 2390/1/2390 1377/1/1377 
f 2389/1/2389 3303/1/3303 1377/1/1377 
f 179/1/179 461/1/461 3304/1/3304 
f 138/1/138 1871/1/1871 200/1/200 
f 2850/1/2850 2849/1/2849 1859/1/1859 
f 685/1/685 686/1/686 528/1/528 
f 2160/1/2160 782/1/782 2372/1/2372 
f 310/1/310 242/1/242 2176/1/2176 
f 2113/1/2113 3305/1/3305 1215/1/1215 
f 2923/1/2923 3278/1/3278 2955/1/2955 
f 1236/1/1236 1235/1/1235 3306/1/3306 
f 3307/1/3307 1563/1/1563 3308/1/3308 
f 3309/1/3309 1528/1/1528 3310/1/3310 
f 2598/1/2598 1418/1/1418 3311/1/3311 
f 1164/1/1164 3312/1/3312 40/1/40 
f 2992/1/2992 1615/1/1615 1290/1/1290 
f 3313/1/3313 1799/1/1799 2385/1/2385 
f 1614/1/1614 1777/1/1777 1615/1/1615 
f 1102/1/1102 592/1/592 3314/1/3314 
f 1194/1/1194 3315/1/3315 1270/1/1270 
f 1487/1/1487 1486/1/1486 1255/1/1255 
f 3316/1/3316 3311/1/3311 1418/1/1418 
f 2629/1/2629 3317/1/3317 2989/1/2989 
f 918/1/918 3318/1/3318 1604/1/1604 
f 2386/1/2386 2385/1/2385 1798/1/1798 
f 3319/1/3319 3320/1/3320 3321/1/3321 
f 452/1/452 2871/1/2871 662/1/662 
f 2316/1/2316 3322/1/3322 3323/1/3323 
f 1710/1/1710 3324/1/3324 927/1/927 
f 3189/1/3189 1775/1/1775 676/1/676 
f 2915/1/2915 2930/1/2930 2237/1/2237 
f 44/1/44 3325/1/3325 42/1/42 
f 2378/1/2378 1609/1/1609 2379/1/2379 
f 2267/1/2267 1424/1/1424 3326/1/3326 
f 3327/1/3327 3222/1/3222 3204/1/3204 
f 937/1/937 3328/1/3328 3246/1/3246 
f 1238/1/1238 1097/1/1097 2593/1/2593 
f 435/1/435 1729/1/1729 2998/1/2998 
f 115/1/115 2962/1/2962 3329/1/3329 
f 880/1/880 1671/1/1671 3012/1/3012 
f 1336/1/1336 1532/1/1532 1190/1/1190 
f 1692/1/1692 2119/1/2119 3330/1/3330 
f 3290/1/3290 340/1/340 458/1/458 
f 3331/1/3331 1853/1/1853 3332/1/3332 
f 1557/1/1557 1518/1/1518 1024/1/1024 
f 3333/1/3333 1307/1/1307 2873/1/2873 
f 2993/1/2993 550/1/550 2094/1/2094 
f 3230/1/3230 406/1/406 1881/1/1881 
f 3334/1/3334 2455/1/2455 2293/1/2293 
f 2069/1/2069 2325/1/2325 2324/1/2324 
f 3335/1/3335 1475/1/1475 2870/1/2870 
f 3336/1/3336 3337/1/3337 1293/1/1293 
f 3338/1/3338 3339/1/3339 676/1/676 
f 3340/1/3340 3341/1/3341 2650/1/2650 
f 3342/1/3342 3343/1/3343 1494/1/1494 
f 2016/1/2016 3342/1/3342 1494/1/1494 
f 2385/1/2385 1219/1/1219 2482/1/2482 
f 3274/1/3274 3273/1/3273 3344/1/3344 
f 1547/1/1547 2974/1/2974 1256/1/1256 
f 2893/1/2893 3304/1/3304 180/1/180 
f 3345/1/3345 3308/1/3308 2547/1/2547 
f 23/1/23 25/1/25 3346/1/3346 
f 1153/1/1153 2176/1/2176 194/1/194 
f 1428/1/1428 3347/1/3347 1426/1/1426 
f 635/1/635 1362/1/1362 2690/1/2690 
f 1051/1/1051 1050/1/1050 1717/1/1717 
f 1543/1/1543 2038/1/2038 1781/1/1781 
f 2436/1/2436 1543/1/1543 1781/1/1781 
f 2228/1/2228 3348/1/3348 1638/1/1638 
f 2228/1/2228 1638/1/1638 3221/1/3221 
f 734/1/734 2989/1/2989 3317/1/3317 
f 24/1/24 1083/1/1083 3349/1/3349 
f 1129/1/1129 2531/1/2531 3350/1/3350 
f 3351/1/3351 2062/1/2062 2064/1/2064 
f 300/1/300 1668/1/1668 2863/1/2863 
f 300/1/300 2863/1/2863 3352/1/3352 
f 3353/1/3353 1228/1/1228 3119/1/3119 
f 3354/1/3354 3355/1/3355 3356/1/3356 
f 690/1/690 692/1/692 2406/1/2406 
f 2492/1/2492 22/1/22 980/1/980 
f 1038/1/1038 1040/1/1040 1611/1/1611 
f 3357/1/3357 482/1/482 481/1/481 
f 3358/1/3358 1038/1/1038 1648/1/1648 
f 3359/1/3359 3360/1/3360 3361/1/3361 
f 3359/1/3359 3361/1/3361 3362/1/3362 
f 2986/1/2986 2985/1/2985 1858/1/1858 
f 1520/1/1520 120/1/120 1048/1/1048 
f 3055/1/3055 2876/1/2876 3363/1/3363 
f 1309/1/1309 1132/1/1132 3319/1/3319 
f 1250/1/1250 1916/1/1916 635/1/635 
f 989/1/989 3364/1/3364 1029/1/1029 
f 912/1/912 2857/1/2857 1208/1/1208 
f 768/1/768 2146/1/2146 2637/1/2637 
f 3365/1/3365 3315/1/3315 1950/1/1950 
f 2883/1/2883 2294/1/2294 1053/1/1053 
f 840/1/840 1560/1/1560 3335/1/3335 
f 2801/1/2801 3366/1/3366 2195/1/2195 
f 1296/1/1296 3367/1/3367 2452/1/2452 
f 2392/1/2392 1967/1/1967 1667/1/1667 
f 3368/1/3368 1819/1/1819 3151/1/3151 
f 3369/1/3369 3370/1/3370 3371/1/3371 
f 2623/1/2623 3372/1/3372 2624/1/2624 
f 3373/1/3373 2138/1/2138 3374/1/3374 
f 2774/1/2774 1040/1/1040 2617/1/2617 
f 2601/1/2601 3375/1/3375 3376/1/3376 
f 1171/1/1171 2462/1/2462 589/1/589 
f 996/1/996 2163/1/2163 2162/1/2162 
f 635/1/635 2832/1/2832 636/1/636 
f 1617/1/1617 1962/1/1962 1504/1/1504 
f 187/1/187 3019/1/3019 1242/1/1242 
f 3377/1/3377 187/1/187 1242/1/1242 
f 2197/1/2197 1337/1/1337 3243/1/3243 
f 3378/1/3378 1093/1/1093 700/1/700 
f 1361/1/1361 302/1/302 1546/1/1546 
f 2156/1/2156 3379/1/3379 2181/1/2181 
f 604/1/604 1679/1/1679 3380/1/3380 
f 3227/1/3227 343/1/343 345/1/345 
f 1447/1/1447 34/1/34 895/1/895 
f 1337/1/1337 180/1/180 2384/1/2384 
f 1509/1/1509 2250/1/2250 2249/1/2249 
f 811/1/811 2637/1/2637 2411/1/2411 
f 414/1/414 2553/1/2553 415/1/415 
f 762/1/762 764/1/764 3381/1/3381 
f 3066/1/3066 318/1/318 753/1/753 
f 2235/1/2235 714/1/714 1077/1/1077 
f 3259/1/3259 3261/1/3261 1232/1/1232 
f 3238/1/3238 1375/1/1375 1826/1/1826 
f 2497/1/2497 1993/1/1993 1710/1/1710 
f 2614/1/2614 3382/1/3382 1367/1/1367 
f 3266/1/3266 2906/1/2906 210/1/210 
f 2964/1/2964 3383/1/3383 3384/1/3384 
f 160/1/160 1910/1/1910 3385/1/3385 
f 1716/1/1716 3386/1/3386 3071/1/3071 
f 3387/1/3387 745/1/745 748/1/748 
f 418/1/418 3388/1/3388 417/1/417 
f 3093/1/3093 1648/1/1648 1647/1/1647 
f 3389/1/3389 264/1/264 1105/1/1105 
f 2377/1/2377 2957/1/2957 3390/1/3390 
f 3391/1/3391 2240/1/2240 3392/1/3392 
f 2658/1/2658 3393/1/3393 1428/1/1428 
f 1601/1/1601 1600/1/1600 3394/1/3394 
f 3395/1/3395 1242/1/1242 185/1/185 
f 2566/1/2566 356/1/356 2567/1/2567 
f 3357/1/3357 3396/1/3396 1620/1/1620 
f 2210/1/2210 2209/1/2209 3301/1/3301 
f 505/1/505 1679/1/1679 1685/1/1685 
f 3312/1/3312 2422/1/2422 498/1/498 
f 3397/1/3397 2863/1/2863 1668/1/1668 
f 1742/1/1742 2844/1/2844 3398/1/3398 
f 3057/1/3057 1911/1/1911 2183/1/2183 
f 1333/1/1333 710/1/710 712/1/712 
f 2286/1/2286 730/1/730 2338/1/2338 
f 1982/1/1982 1984/1/1984 3076/1/3076 
f 1016/1/1016 1296/1/1296 3285/1/3285 
f 3399/1/3399 3400/1/3400 1402/1/1402 
f 3239/1/3239 3265/1/3265 2503/1/2503 
f 2846/1/2846 2356/1/2356 2978/1/2978 
f 64/1/64 857/1/857 3401/1/3401 
f 3112/1/3112 3114/1/3114 3402/1/3402 
f 3403/1/3403 3404/1/3404 317/1/317 
f 2429/1/2429 1751/1/1751 2167/1/2167 
f 1845/1/1845 1274/1/1274 3405/1/3405 
f 2194/1/2194 344/1/344 1036/1/1036 
f 211/1/211 3079/1/3079 3406/1/3406 
f 2429/1/2429 2428/1/2428 3407/1/3407 
f 3343/1/3343 2791/1/2791 2410/1/2410 
f 383/1/383 2316/1/2316 2315/1/2315 
f 383/1/383 2315/1/2315 1498/1/1498 
f 950/1/950 1537/1/1537 1536/1/1536 
f 1939/1/1939 1492/1/1492 1598/1/1598 
f 3276/1/3276 1176/1/1176 3277/1/3277 
f 2718/1/2718 2591/1/2591 2719/1/2719 
f 3257/1/3257 3258/1/3258 3408/1/3408 
f 2952/1/2952 1152/1/1152 3409/1/3409 
f 2729/1/2729 2505/1/2505 3200/1/3200 
f 116/1/116 114/1/114 115/1/115 
f 1844/1/1844 2506/1/2506 430/1/430 
f 2943/1/2943 2942/1/2942 3016/1/3016 
f 3410/1/3410 789/1/789 1317/1/1317 
f 3327/1/3327 2255/1/2255 3411/1/3411 
f 429/1/429 1232/1/1232 1231/1/1231 
f 1871/1/1871 137/1/137 139/1/139 
f 219/1/219 2439/1/2439 784/1/784 
f 1835/1/1835 3225/1/3225 1836/1/1836 
f 151/1/151 153/1/153 1069/1/1069 
f 2444/1/2444 936/1/936 3412/1/3412 
f 1684/1/1684 3413/1/3413 506/1/506 
f 1429/1/1429 1511/1/1511 698/1/698 
f 3414/1/3414 2616/1/2616 3415/1/3415 
f 988/1/988 822/1/822 3416/1/3416 
f 2709/1/2709 977/1/977 1676/1/1676 
f 1359/1/1359 3417/1/3417 591/1/591 
f 184/1/184 2125/1/2125 181/1/181 
f 339/1/339 338/1/338 3418/1/3418 
f 2578/1/2578 3419/1/3419 3109/1/3109 
f 3360/1/3360 3420/1/3420 3361/1/3361 
f 3421/1/3421 3266/1/3266 1579/1/1579 
f 663/1/663 174/1/174 101/1/101 
f 1940/1/1940 3422/1/3422 325/1/325 
f 183/1/183 803/1/803 2594/1/2594 
f 1339/1/1339 2064/1/2064 2063/1/2063 
f 775/1/775 777/1/777 3423/1/3423 
f 775/1/775 3423/1/3423 3424/1/3424 
f 2658/1/2658 3264/1/3264 3263/1/3263 
f 814/1/814 687/1/687 221/1/221 
f 570/1/570 1365/1/1365 1364/1/1364 
f 1147/1/1147 276/1/276 3297/1/3297 
f 2974/1/2974 191/1/191 1727/1/1727 
f 2441/1/2441 3223/1/3223 1635/1/1635 
f 902/1/902 3250/1/3250 3252/1/3252 
f 2080/1/2080 902/1/902 3252/1/3252 
f 3425/1/3425 3354/1/3354 3426/1/3426 
f 3214/1/3214 1923/1/1923 2049/1/2049 
f 1403/1/1403 2210/1/2210 1674/1/1674 
f 3000/1/3000 2248/1/2248 2250/1/2250 
f 158/1/158 3427/1/3427 3428/1/3428 
f 3429/1/3429 1758/1/1758 1759/1/1759 
f 351/1/351 2665/1/2665 1018/1/1018 
f 67/1/67 549/1/549 1084/1/1084 
f 1859/1/1859 471/1/471 3430/1/3430 
f 1992/1/1992 3158/1/3158 2701/1/2701 
f 987/1/987 3431/1/3431 843/1/843 
f 123/1/123 125/1/125 3432/1/3432 
f 418/1/418 1697/1/1697 1094/1/1094 
f 3433/1/3433 3434/1/3434 947/1/947 
f 2587/1/2587 3433/1/3433 947/1/947 
f 3435/1/3435 3436/1/3436 368/1/368 
f 1457/1/1457 1369/1/1369 460/1/460 
f 2849/1/2849 3169/1/3169 553/1/553 
f 223/1/223 283/1/283 224/1/224 
f 2077/1/2077 3104/1/3104 3437/1/3437 
f 3438/1/3438 3439/1/3439 2854/1/2854 
f 3440/1/3440 1627/1/1627 1626/1/1626 
f 1777/1/1777 3441/1/3441 1778/1/1778 
f 1116/1/1116 2242/1/2242 3157/1/3157 
f 608/1/608 3205/1/3205 2885/1/2885 
f 1188/1/1188 1187/1/1187 2126/1/2126 
f 2157/1/2157 2156/1/2156 3299/1/3299 
f 102/1/102 3442/1/3442 3443/1/3443 
f 1273/1/1273 2353/1/2353 1261/1/1261 
f 2988/1/2988 797/1/797 430/1/430 
f 2511/1/2511 3444/1/3444 1609/1/1609 
f 1790/1/1790 684/1/684 3445/1/3445 
f 252/1/252 996/1/996 721/1/721 
f 357/1/357 356/1/356 95/1/95 
f 393/1/393 1222/1/1222 394/1/394 
f 1058/1/1058 739/1/739 3446/1/3446 
f 926/1/926 925/1/925 1974/1/1974 
f 926/1/926 1974/1/1974 3447/1/3447 
f 3445/1/3445 3230/1/3230 2238/1/2238 
f 2134/1/2134 729/1/729 3448/1/3448 
f 1239/1/1239 1238/1/1238 1464/1/1464 
f 1162/1/1162 1595/1/1595 1879/1/1879 
f 1584/1/1584 1585/1/1585 3449/1/3449 
f 3450/1/3450 1047/1/1047 3451/1/3451 
f 2424/1/2424 2568/1/2568 2425/1/2425 
f 633/1/633 2200/1/2200 3452/1/3452 
f 2764/1/2764 3453/1/3453 2699/1/2699 
f 1606/1/1606 1675/1/1675 3454/1/3454 
f 3455/1/3455 2666/1/2666 458/1/458 
f 3283/1/3283 1966/1/1966 199/1/199 
f 3021/1/3021 2953/1/2953 308/1/308 
f 2975/1/2975 3018/1/3018 2349/1/2349 
f 2975/1/2975 2349/1/2349 398/1/398 
f 3456/1/3456 1942/1/1942 2606/1/2606 
f 3457/1/3457 468/1/468 470/1/470 
f 743/1/743 741/1/741 2034/1/2034 
f 3458/1/3458 616/1/616 615/1/615 
f 2836/1/2836 3459/1/3459 1385/1/1385 
f 2836/1/2836 1385/1/1385 2723/1/2723 
f 1099/1/1099 89/1/89 1100/1/1100 
f 2246/1/2246 363/1/363 2247/1/2247 
f 2232/1/2232 3276/1/3276 2233/1/2233 
f 3460/1/3460 2566/1/2566 3080/1/3080 
f 3461/1/3461 3462/1/3462 3135/1/3135 
f 3463/1/3463 1388/1/1388 2514/1/2514 
f 3464/1/3464 365/1/365 3465/1/3465 
f 3466/1/3466 3461/1/3461 3135/1/3135 
f 3466/1/3466 3135/1/3135 3467/1/3467 
f 1856/1/1856 1368/1/1368 1987/1/1987 
f 1928/1/1928 1919/1/1919 1920/1/1920 
f 2503/1/2503 160/1/160 3247/1/3247 
f 1298/1/1298 3388/1/3388 1299/1/1299 
f 1074/1/1074 2095/1/2095 3013/1/3013 
f 3468/1/3468 1074/1/1074 3013/1/3013 
f 1362/1/1362 2496/1/2496 1363/1/1363 
f 2457/1/2457 782/1/782 781/1/781 
f 2143/1/2143 896/1/896 792/1/792 
f 895/1/895 2143/1/2143 792/1/792 
f 2754/1/2754 1800/1/1800 1396/1/1396 
f 3469/1/3469 2819/1/2819 2398/1/2398 
f 2091/1/2091 70/1/70 1839/1/1839 
f 388/1/388 2904/1/2904 2048/1/2048 
f 3470/1/3470 3049/1/3049 2257/1/2257 
f 1117/1/1117 3471/1/3471 2549/1/2549 
f 1637/1/1637 1277/1/1277 1279/1/1279 
f 1031/1/1031 1033/1/1033 785/1/785 
f 2172/1/2172 1031/1/1031 785/1/785 
f 3039/1/3039 1687/1/1687 1686/1/1686 
f 2881/1/2881 2774/1/2774 2617/1/2617 
f 2881/1/2881 2617/1/2617 3152/1/3152 
f 2635/1/2635 2527/1/2527 2529/1/2529 
f 3443/1/3443 100/1/100 1365/1/1365 
f 1384/1/1384 2987/1/2987 2836/1/2836 
f 840/1/840 2870/1/2870 410/1/410 
f 180/1/180 1332/1/1332 3472/1/3472 
f 634/1/634 768/1/768 770/1/770 
f 3473/1/3473 278/1/278 1492/1/1492 
f 757/1/757 1159/1/1159 1766/1/1766 
f 1959/1/1959 3306/1/3306 1235/1/1235 
f 3474/1/3474 798/1/798 3184/1/3184 
f 1612/1/1612 2773/1/2773 2148/1/2148 
f 788/1/788 100/1/100 3443/1/3443 
f 2997/1/2997 464/1/464 1526/1/1526 
f 2563/1/2563 943/1/943 942/1/942 
f 1496/1/1496 26/1/26 703/1/703 
f 1293/1/1293 3475/1/3475 3336/1/3336 
f 1020/1/1020 3476/1/3476 3296/1/3296 
f 3477/1/3477 2053/1/2053 989/1/989 
f 594/1/594 3478/1/3478 3479/1/3479 
f 594/1/594 3479/1/3479 3480/1/3480 
f 1578/1/1578 1577/1/1577 3272/1/3272 
f 1216/1/1216 1807/1/1807 1324/1/1324 
f 1260/1/1260 1262/1/1262 495/1/495 
f 3481/1/3481 2817/1/2817 1749/1/1749 
f 616/1/616 3090/1/3090 617/1/617 
f 2027/1/2027 599/1/599 1577/1/1577 
f 1846/1/1846 3482/1/3482 1275/1/1275 
f 764/1/764 763/1/763 2198/1/2198 
f 3483/1/3483 1307/1/1307 3333/1/3333 
f 1661/1/1661 2222/1/2222 1214/1/1214 
f 355/1/355 1697/1/1697 3484/1/3484 
f 47/1/47 150/1/150 3485/1/3485 
f 438/1/438 271/1/271 439/1/439 
f 3264/1/3264 2658/1/2658 372/1/372 
f 3486/1/3486 3487/1/3487 3488/1/3488 
f 2739/1/2739 3489/1/3489 235/1/235 
f 2913/1/2913 3072/1/3072 1714/1/1714 
f 1456/1/1456 2449/1/2449 2448/1/2448 
f 1699/1/1699 2584/1/2584 2590/1/2590 
f 3490/1/3490 3491/1/3491 2579/1/2579 
f 2515/1/2515 2516/1/2516 204/1/204 
f 191/1/191 934/1/934 192/1/192 
f 3492/1/3492 3493/1/3493 847/1/847 
f 2578/1/2578 2662/1/2662 2663/1/2663 
f 1058/1/1058 3254/1/3254 501/1/501 
f 702/1/702 958/1/958 2989/1/2989 
f 2028/1/2028 119/1/119 122/1/122 
f 1787/1/1787 288/1/288 2437/1/2437 
f 2256/1/2256 3327/1/3327 3204/1/3204 
f 2233/1/2233 2612/1/2612 658/1/658 
f 541/1/541 1145/1/1145 847/1/847 
f 993/1/993 2225/1/2225 2636/1/2636 
f 3494/1/3494 2740/1/2740 3495/1/3495 
f 177/1/177 415/1/415 2554/1/2554 
f 1802/1/1802 3397/1/3397 2498/1/2498 
f 711/1/711 1366/1/1366 3138/1/3138 
f 626/1/626 3496/1/3496 3125/1/3125 
f 2057/1/2057 3497/1/3497 1112/1/1112 
f 1025/1/1025 3498/1/3498 2374/1/2374 
f 1520/1/1520 3088/1/3088 120/1/120 
f 3499/1/3499 3500/1/3500 725/1/725 
f 2451/1/2451 1016/1/1016 3285/1/3285 
f 1618/1/1618 890/1/890 3501/1/3501 
f 1916/1/1916 2832/1/2832 1917/1/1917 
f 2101/1/2101 2063/1/2063 2102/1/2102 
f 2154/1/2154 3502/1/3502 1317/1/1317 
f 585/1/585 439/1/439 2408/1/2408 
f 163/1/163 3503/1/3503 161/1/161 
f 715/1/715 517/1/517 286/1/286 
f 289/1/289 715/1/715 286/1/286 
f 1745/1/1745 1350/1/1350 373/1/373 
f 1598/1/1598 277/1/277 3156/1/3156 
f 2241/1/2241 294/1/294 1144/1/1144 
f 795/1/795 3504/1/3504 3505/1/3505 
f 3248/1/3248 1764/1/1764 3506/1/3506 
f 2730/1/2730 964/1/964 750/1/750 
f 2432/1/2432 1250/1/1250 2832/1/2832 
f 3427/1/3427 2538/1/2538 1807/1/1807 
f 2480/1/2480 1628/1/1628 3507/1/3507 
f 2907/1/2907 1442/1/1442 208/1/208 
f 3403/1/3403 2365/1/2365 2955/1/2955 
f 1741/1/1741 3253/1/3253 3508/1/3508 
f 1187/1/1187 3005/1/3005 1963/1/1963 
f 1526/1/1526 2874/1/2874 1890/1/1890 
f 2860/1/2860 1703/1/1703 1335/1/1335 
f 3509/1/3509 2233/1/2233 2996/1/2996 
f 1594/1/1594 1596/1/1596 2075/1/2075 
f 1517/1/1517 534/1/534 1024/1/1024 
f 3510/1/3510 3511/1/3511 3512/1/3512 
f 1576/1/1576 3513/1/3513 509/1/509 
f 1814/1/1814 2217/1/2217 586/1/586 
f 3045/1/3045 1556/1/1556 2419/1/2419 
f 1658/1/1658 2859/1/2859 1656/1/1656 
f 1001/1/1001 1202/1/1202 1912/1/1912 
f 3514/1/3514 3515/1/3515 1326/1/1326 
f 857/1/857 2415/1/2415 858/1/858 
f 2376/1/2376 436/1/436 2375/1/2375 
f 2649/1/2649 143/1/143 3272/1/3272 
f 2177/1/2177 3118/1/3118 2016/1/2016 
f 2445/1/2445 3328/1/3328 2121/1/2121 
f 2763/1/2763 3453/1/3453 2764/1/2764 
f 3436/1/3436 3435/1/3435 367/1/367 
f 1804/1/1804 2009/1/2009 3516/1/3516 
f 3118/1/3118 3342/1/3342 2016/1/2016 
f 2356/1/2356 3517/1/3517 3091/1/3091 
f 2810/1/2810 2097/1/2097 2661/1/2661 
f 932/1/932 2721/1/2721 3460/1/3460 
f 3518/1/3518 3519/1/3519 3520/1/3520 
f 3431/1/3431 2620/1/2620 2135/1/2135 
f 916/1/916 3521/1/3521 2376/1/2376 
f 1048/1/1048 2132/1/2132 2910/1/2910 
f 1505/1/1505 1048/1/1048 2910/1/2910 
f 3271/1/3271 599/1/599 1988/1/1988 
f 3026/1/3026 2514/1/2514 2513/1/2513 
f 607/1/607 3522/1/3522 1019/1/1019 
f 547/1/547 1398/1/1398 2982/1/2982 
f 494/1/494 547/1/547 2982/1/2982 
f 1961/1/1961 1960/1/1960 3523/1/3523 
f 3524/1/3524 2886/1/2886 2030/1/2030 
f 1761/1/1761 1760/1/1760 3525/1/3525 
f 3109/1/3109 3150/1/3150 1831/1/1831 
f 2539/1/2539 2786/1/2786 487/1/487 
f 3526/1/3526 3527/1/3527 3528/1/3528 
f 2140/1/2140 2231/1/2231 2366/1/2366 
f 3212/1/3212 3529/1/3529 3530/1/3530 
f 998/1/998 3531/1/3531 2099/1/2099 
f 1206/1/1206 913/1/913 1207/1/1207 
f 2312/1/2312 3298/1/3298 3532/1/3532 
f 942/1/942 2889/1/2889 3533/1/3533 
f 3534/1/3534 3535/1/3535 3536/1/3536 
f 1586/1/1586 1724/1/1724 1658/1/1658 
f 1549/1/1549 1586/1/1586 1658/1/1658 
f 2949/1/2949 2951/1/2951 1465/1/1465 
f 1629/1/1629 2480/1/2480 1511/1/1511 
f 3537/1/3537 1830/1/1830 1829/1/1829 
f 3538/1/3538 2908/1/2908 2909/1/2909 
f 1092/1/1092 1920/1/1920 1093/1/1093 
f 2533/1/2533 2398/1/2398 742/1/742 
f 1746/1/1746 3249/1/3249 3191/1/3191 
f 2605/1/2605 1942/1/1942 1941/1/1941 
f 296/1/296 1323/1/1323 3539/1/3539 
f 643/1/643 2540/1/2540 2180/1/2180 
f 767/1/767 1993/1/1993 1904/1/1904 
f 767/1/767 1904/1/1904 2637/1/2637 
f 186/1/186 3540/1/3540 233/1/233 
f 186/1/186 233/1/233 2756/1/2756 
f 529/1/529 685/1/685 223/1/223 
f 832/1/832 3541/1/3541 3497/1/3497 
f 2977/1/2977 944/1/944 3542/1/3542 
f 689/1/689 3543/1/3543 1711/1/1711 
f 3544/1/3544 1597/1/1597 278/1/278 
f 3545/1/3545 3292/1/3292 3293/1/3293 
f 528/1/528 284/1/284 223/1/223 
f 381/1/381 3546/1/3546 1078/1/1078 
f 1095/1/1095 329/1/329 328/1/328 
f 1095/1/1095 328/1/328 2769/1/2769 
f 3227/1/3227 2413/1/2413 3010/1/3010 
f 2395/1/2395 3227/1/3227 3010/1/3010 
f 1342/1/1342 2900/1/2900 1210/1/1210 
f 3134/1/3134 1019/1/1019 3295/1/3295 
f 2335/1/2335 1124/1/1124 1331/1/1331 
f 201/1/201 1871/1/1871 139/1/139 
f 3547/1/3547 3416/1/3416 2714/1/2714 
f 1921/1/1921 3214/1/3214 422/1/422 
f 2072/1/2072 3409/1/3409 3548/1/3548 
f 2997/1/2997 2233/1/2233 463/1/463 
f 2936/1/2936 2239/1/2239 1718/1/1718 
f 3035/1/3035 536/1/536 1618/1/1618 
f 3302/1/3302 960/1/960 959/1/959 
f 3282/1/3282 3050/1/3050 2423/1/2423 
f 3183/1/3183 2986/1/2986 1856/1/1856 
f 2271/1/2271 3445/1/3445 684/1/684 
f 2271/1/2271 684/1/684 2269/1/2269 
f 1927/1/1927 3549/1/3549 1925/1/1925 
f 1325/1/1325 873/1/873 875/1/875 
f 3550/1/3550 2604/1/2604 3068/1/3068 
f 774/1/774 3551/1/3551 1073/1/1073 
f 705/1/705 3362/1/3362 3361/1/3361 
f 705/1/705 3361/1/3361 706/1/706 
f 641/1/641 3552/1/3552 3553/1/3553 
f 1505/1/1505 3554/1/3554 1621/1/1621 
f 944/1/944 507/1/507 3188/1/3188 
f 3519/1/3519 642/1/642 644/1/644 
f 3555/1/3555 3556/1/3556 3512/1/3512 
f 2356/1/2356 1434/1/1434 3517/1/3517 
f 3557/1/3557 2561/1/2561 2519/1/2519 
f 3557/1/3557 2519/1/2519 1346/1/1346 
f 1775/1/1775 3339/1/3339 885/1/885 
f 2276/1/2276 196/1/196 3087/1/3087 
f 2009/1/2009 9/1/9 1645/1/1645 
f 3208/1/3208 1206/1/1206 3209/1/3209 
f 2103/1/2103 333/1/333 1166/1/1166 
f 3558/1/3558 311/1/311 313/1/313 
f 3559/1/3559 3560/1/3560 3561/1/3561 
f 2540/1/2540 2539/1/2539 3562/1/3562 
f 2165/1/2165 2292/1/2292 2166/1/2166 
f 1372/1/1372 2192/1/2192 1370/1/1370 
f 2504/1/2504 3200/1/3200 2505/1/2505 
f 733/1/733 2326/1/2326 2325/1/2325 
f 3563/1/3563 1702/1/1702 3564/1/3564 
f 3563/1/3563 3564/1/3564 3565/1/3565 
f 799/1/799 3184/1/3184 800/1/800 
f 1110/1/1110 3175/1/3175 3566/1/3566 
f 2643/1/2643 3567/1/3567 2729/1/2729 
f 2088/1/2088 2643/1/2643 2729/1/2729 
f 3309/1/3309 3044/1/3044 3568/1/3568 
f 2731/1/2731 883/1/883 3569/1/3569 
f 2838/1/2838 603/1/603 3352/1/3352 
f 591/1/591 590/1/590 1359/1/1359 
f 2357/1/2357 3091/1/3091 2978/1/2978 
f 3570/1/3570 3360/1/3360 3359/1/3359 
f 548/1/548 3571/1/3571 546/1/546 
f 2838/1/2838 3352/1/3352 1757/1/1757 
f 1229/1/1229 3572/1/3572 3573/1/3573 
f 772/1/772 2445/1/2445 773/1/773 
f 2334/1/2334 1769/1/1769 2335/1/2335 
f 2414/1/2414 1753/1/1753 3270/1/3270 
f 697/1/697 1630/1/1630 1629/1/1629 
f 776/1/776 2069/1/2069 778/1/778 
f 3490/1/3490 2191/1/2191 2357/1/2357 
f 2268/1/2268 348/1/348 3574/1/3574 
f 3575/1/3575 3383/1/3383 2964/1/2964 
f 3576/1/3576 2834/1/2834 2744/1/2744 
f 3161/1/3161 3577/1/3577 3578/1/3578 
f 561/1/561 3579/1/3579 2252/1/2252 
f 3580/1/3580 2347/1/2347 2679/1/2679 
f 2574/1/2574 2560/1/2560 3581/1/3581 
f 1854/1/1854 2442/1/2442 1936/1/1936 
f 3412/1/3412 936/1/936 935/1/935 
f 3582/1/3582 790/1/790 3583/1/3583 
f 3584/1/3584 3585/1/3585 2718/1/2718 
f 1959/1/1959 1961/1/1961 3586/1/3586 
f 464/1/464 2432/1/2432 1916/1/1916 
f 3587/1/3587 2868/1/2868 3588/1/3588 
f 3589/1/3589 1297/1/1297 1299/1/1299 
f 3376/1/3376 3375/1/3375 3590/1/3590 
f 3591/1/3591 1334/1/1334 2688/1/2688 
f 143/1/143 2649/1/2649 3592/1/3592 
f 1989/1/1989 2956/1/2956 3004/1/3004 
f 462/1/462 2997/1/2997 3593/1/3593 
f 2291/1/2291 811/1/811 3452/1/3452 
f 3594/1/3594 3595/1/3595 2129/1/2129 
f 2246/1/2246 2118/1/2118 361/1/361 
f 1027/1/1027 2374/1/2374 3498/1/3498 
f 2335/1/2335 2358/1/2358 2360/1/2360 
f 3563/1/3563 3565/1/3565 2738/1/2738 
f 1076/1/1076 2910/1/2910 2477/1/2477 
f 2394/1/2394 1155/1/1155 3596/1/3596 
f 1080/1/1080 1081/1/1081 1590/1/1590 
f 3503/1/3503 56/1/56 3597/1/3597 
f 3169/1/3169 2693/1/2693 2692/1/2692 
f 3168/1/3168 1366/1/1366 711/1/711 
f 1237/1/1237 1097/1/1097 456/1/456 
f 2100/1/2100 3598/1/3598 3599/1/3599 
f 2950/1/2950 2949/1/2949 3600/1/3600 
f 3601/1/3601 2355/1/2355 2725/1/2725 
f 2948/1/2948 2712/1/2712 2660/1/2660 
f 874/1/874 3515/1/3515 3514/1/3514 
f 3301/1/3301 2209/1/2209 2842/1/2842 
f 3336/1/3336 3602/1/3602 3603/1/3603 
f 3604/1/3604 3336/1/3336 3603/1/3603 
f 2604/1/2604 520/1/520 3458/1/3458 
f 105/1/105 104/1/104 346/1/346 
f 3090/1/3090 520/1/520 2899/1/2899 
f 3604/1/3604 3603/1/3603 2648/1/2648 
f 2986/1/2986 1335/1/1335 2987/1/2987 
f 1659/1/1659 1660/1/1660 2789/1/2789 
f 2767/1/2767 1966/1/1966 3283/1/3283 
f 3107/1/3107 2360/1/2360 2359/1/2359 
f 3605/1/3605 1146/1/1146 485/1/485 
f 1960/1/1960 272/1/272 3523/1/3523 
f 1266/1/1266 3606/1/3606 1567/1/1567 
f 3607/1/3607 3022/1/3022 854/1/854 
f 1195/1/1195 2787/1/2787 1453/1/1453 
f 3450/1/3450 3451/1/3451 1328/1/1328 
f 2465/1/2465 2882/1/2882 426/1/426 
f 142/1/142 628/1/628 1624/1/1624 
f 153/1/153 1733/1/1733 3608/1/3608 
f 2164/1/2164 1053/1/1053 2657/1/2657 
f 3609/1/3609 746/1/746 3610/1/3610 
f 3611/1/3611 2131/1/2131 1048/1/1048 
f 3582/1/3582 3612/1/3612 3410/1/3410 
f 3582/1/3582 3410/1/3410 790/1/790 
f 1842/1/1842 3613/1/3613 3614/1/3614 
f 3615/1/3615 1157/1/1157 1985/1/1985 
f 399/1/399 104/1/104 257/1/257 
f 3616/1/3616 1463/1/1463 311/1/311 
f 3153/1/3153 3414/1/3414 440/1/440 
f 1242/1/1242 939/1/939 2356/1/2356 
f 3564/1/3564 1672/1/1672 3617/1/3617 
f 3036/1/3036 2993/1/2993 2716/1/2716 
f 1901/1/1901 2843/1/2843 1902/1/1902 
f 3386/1/3386 2059/1/2059 2204/1/2204 
f 1772/1/1772 3618/1/3618 663/1/663 
f 1737/1/1737 670/1/670 2298/1/2298 
f 1642/1/1642 3619/1/3619 691/1/691 
f 3620/1/3620 3621/1/3621 2576/1/2576 
f 2504/1/2504 1115/1/1115 1114/1/1114 
f 1314/1/1314 3622/1/3622 1478/1/1478 
f 1319/1/1319 3623/1/3623 1835/1/1835 
f 157/1/157 156/1/156 2822/1/2822 
f 2775/1/2775 2470/1/2470 2809/1/2809 
f 2775/1/2775 2809/1/2809 2471/1/2471 
f 3106/1/3106 972/1/972 974/1/974 
f 2287/1/2287 2289/1/2289 1694/1/1694 
f 2258/1/2258 2257/1/2257 3050/1/3050 
f 3624/1/3624 3329/1/3329 1998/1/1998 
f 3625/1/3625 3626/1/3626 3627/1/3627 
f 3628/1/3628 2434/1/2434 3629/1/3629 
f 433/1/433 3630/1/3630 3631/1/3631 
f 1680/1/1680 1682/1/1682 3632/1/3632 
f 3633/1/3633 3634/1/3634 3365/1/3365 
f 647/1/647 646/1/646 3635/1/3635 
f 2032/1/2032 1488/1/1488 1489/1/1489 
f 384/1/384 386/1/386 3636/1/3636 
f 384/1/384 3636/1/3636 2980/1/2980 
f 3637/1/3637 1197/1/1197 2752/1/2752 
f 2996/1/2996 3637/1/3637 2752/1/2752 
f 3487/1/3487 1403/1/1403 1674/1/1674 
f 780/1/780 779/1/779 2514/1/2514 
f 3511/1/3511 3555/1/3555 3512/1/3512 
f 682/1/682 3337/1/3337 880/1/880 
f 3638/1/3638 1294/1/1294 3639/1/3639 
f 1975/1/1975 3640/1/3640 3641/1/3641 
f 2153/1/2153 1317/1/1317 1248/1/1248 
f 828/1/828 3435/1/3435 1970/1/1970 
f 3458/1/3458 615/1/615 928/1/928 
f 657/1/657 1584/1/1584 659/1/659 
f 984/1/984 2475/1/2475 985/1/985 
f 3642/1/3642 2310/1/2310 3608/1/3608 
f 3308/1/3308 1563/1/1563 2548/1/2548 
f 3643/1/3643 1605/1/1605 3318/1/3318 
f 3442/1/3442 788/1/788 3443/1/3443 
f 2846/1/2846 2978/1/2978 385/1/385 
f 3375/1/3375 3644/1/3644 3553/1/3553 
f 3645/1/3645 3552/1/3552 2297/1/2297 
f 27/1/27 53/1/53 702/1/702 
f 446/1/446 445/1/445 476/1/476 
f 29/1/29 2710/1/2710 206/1/206 
f 3646/1/3646 2416/1/2416 2415/1/2415 
f 3647/1/3647 3584/1/3584 1822/1/1822 
f 3233/1/3233 2800/1/2800 3648/1/3648 
f 3233/1/3233 3648/1/3648 2881/1/2881 
f 784/1/784 2439/1/2439 1696/1/1696 
f 784/1/784 1696/1/1696 1033/1/1033 
f 3649/1/3649 599/1/599 3271/1/3271 
f 1034/1/1034 3133/1/3133 344/1/344 
f 2133/1/2133 2167/1/2167 2414/1/2414 
f 2391/1/2391 2392/1/2392 1667/1/1667 
f 2840/1/2840 3301/1/3301 959/1/959 
f 3650/1/3650 1493/1/1493 1495/1/1495 
f 3650/1/3650 1495/1/1495 2791/1/2791 
f 1131/1/1131 2779/1/2779 1599/1/1599 
f 2782/1/2782 1131/1/1131 1599/1/1599 
f 1283/1/1283 1128/1/1128 2531/1/2531 
f 1283/1/1283 2531/1/2531 3651/1/3651 
f 1932/1/1932 3652/1/3652 1977/1/1977 
f 3211/1/3211 1957/1/1957 3653/1/3653 
f 1293/1/1293 1292/1/1292 3475/1/3475 
f 3563/1/3563 1701/1/1701 1702/1/1702 
f 1309/1/1309 3319/1/3319 1133/1/1133 
f 3654/1/3654 1309/1/1309 1133/1/1133 
f 218/1/218 3655/1/3655 219/1/219 
f 942/1/942 3476/1/3476 2890/1/2890 
f 3656/1/3656 553/1/553 3511/1/3511 
f 481/1/481 1619/1/1619 3357/1/3357 
f 1902/1/1902 3657/1/3657 3658/1/3658 
f 1788/1/1788 3096/1/3096 3087/1/3087 
f 628/1/628 141/1/141 140/1/140 
f 2277/1/2277 278/1/278 3473/1/3473 
f 3652/1/3652 1979/1/1979 1664/1/1664 
f 2372/1/2372 2159/1/2159 2158/1/2158 
f 3062/1/3062 2848/1/2848 1223/1/1223 
f 2826/1/2826 3659/1/3659 3660/1/3660 
f 812/1/812 2024/1/2024 2923/1/2923 
f 3279/1/3279 3399/1/3399 1402/1/1402 
f 3661/1/3661 2676/1/2676 2675/1/2675 
f 463/1/463 3662/1/3662 2753/1/2753 
f 3663/1/3663 2745/1/2745 2802/1/2802 
f 3622/1/3622 1314/1/1314 962/1/962 
f 1441/1/1441 2631/1/2631 3664/1/3664 
f 3665/1/3665 3652/1/3652 1932/1/1932 
f 3666/1/3666 3667/1/3667 3668/1/3668 
f 185/1/185 3019/1/3019 1243/1/1243 
f 185/1/185 1243/1/1243 1435/1/1435 
f 1344/1/1344 180/1/180 1337/1/1337 
f 3669/1/3669 3670/1/3670 2435/1/2435 
f 2525/1/2525 3671/1/3671 442/1/442 
f 2534/1/2534 3672/1/3672 353/1/353 
f 568/1/568 3442/1/3442 102/1/102 
f 1528/1/1528 3568/1/3568 3673/1/3673 
f 3674/1/3674 3397/1/3397 1802/1/1802 
f 2216/1/2216 3613/1/3613 1842/1/1842 
f 387/1/387 1921/1/1921 3235/1/3235 
f 2768/1/2768 18/1/18 3201/1/3201 
f 3675/1/3675 3676/1/3676 3677/1/3677 
f 871/1/871 2153/1/2153 2173/1/2173 
f 2465/1/2465 426/1/426 2463/1/2463 
f 709/1/709 708/1/708 406/1/406 
f 405/1/405 709/1/709 406/1/406 
f 1285/1/1285 1256/1/1256 2974/1/2974 
f 3678/1/3678 1947/1/1947 3019/1/3019 
f 3141/1/3141 1483/1/1483 1482/1/1482 
f 2003/1/2003 2404/1/2404 2123/1/2123 
f 258/1/258 1499/1/1499 3219/1/3219 
f 745/1/745 3387/1/3387 1565/1/1565 
f 3679/1/3679 3310/1/3310 3673/1/3673 
f 2050/1/2050 986/1/986 988/1/988 
f 144/1/144 257/1/257 145/1/145 
f 1603/1/1603 2113/1/2113 1215/1/1215 
f 3680/1/3680 1250/1/1250 2432/1/2432 
f 1206/1/1206 3208/1/3208 2857/1/2857 
f 3144/1/3144 2329/1/2329 2570/1/2570 
f 758/1/758 757/1/757 1767/1/1767 
f 3681/1/3681 3682/1/3682 1554/1/1554 
f 3683/1/3683 3461/1/3461 3042/1/3042 
f 561/1/561 3665/1/3665 3579/1/3579 
f 2020/1/2020 2563/1/2563 2431/1/2431 
f 2020/1/2020 2431/1/2431 2562/1/2562 
f 1548/1/1548 1587/1/1587 1725/1/1725 
f 3684/1/3684 3685/1/3685 3686/1/3686 
f 3118/1/3118 2502/1/2502 1205/1/1205 
f 2614/1/2614 1192/1/1192 3687/1/3687 
f 633/1/633 3452/1/3452 634/1/634 
f 964/1/964 1564/1/1564 1423/1/1423 
f 3688/1/3688 2666/1/2666 3290/1/3290 
f 3689/1/3689 2518/1/2518 2520/1/2520 
f 2691/1/2691 2478/1/2478 3690/1/3690 
f 2779/1/2779 2926/1/2926 567/1/567 
f 407/1/407 829/1/829 840/1/840 
f 407/1/407 840/1/840 3691/1/3691 
f 3160/1/3160 1170/1/1170 1169/1/1169 
f 3036/1/3036 2094/1/2094 1515/1/1515 
f 1442/1/1442 2907/1/2907 1579/1/1579 
f 3692/1/3692 3245/1/3245 936/1/936 
f 1837/1/1837 1836/1/1836 261/1/261 
f 1148/1/1148 3297/1/3297 3693/1/3693 
f 3345/1/3345 2547/1/2547 1563/1/1563 
f 3694/1/3694 3063/1/3063 2229/1/2229 
f 1870/1/1870 1440/1/1440 136/1/136 
f 1571/1/1571 2433/1/2433 3559/1/3559 
f 3502/1/3502 3410/1/3410 1317/1/1317 
f 2065/1/2065 2853/1/2853 1887/1/1887 
f 3695/1/3695 2364/1/2364 1456/1/1456 
f 1932/1/1932 2253/1/2253 3579/1/3579 
f 3050/1/3050 3282/1/3282 2424/1/2424 
f 472/1/472 3575/1/3575 2964/1/2964 
f 2796/1/2796 2733/1/2733 2973/1/2973 
f 3696/1/3696 3588/1/3588 3256/1/3256 
f 2558/1/2558 3429/1/3429 1759/1/1759 
f 1145/1/1145 2991/1/2991 2980/1/2980 
f 3697/1/3697 3228/1/3228 3117/1/3117 
f 629/1/629 2353/1/2353 2354/1/2354 
f 3698/1/3698 140/1/140 3699/1/3699 
f 3698/1/3698 3699/1/3699 141/1/141 
f 2504/1/2504 1416/1/1416 2510/1/2510 
f 2103/1/2103 884/1/884 3658/1/3658 
f 896/1/896 2142/1/2142 2175/1/2175 
f 1311/1/1311 2300/1/2300 3700/1/3700 
f 2270/1/2270 2479/1/2479 230/1/230 
f 3415/1/3415 1006/1/1006 737/1/737 
f 1264/1/1264 1939/1/1939 1938/1/1938 
f 2589/1/2589 2872/1/2872 3618/1/3618 
f 3114/1/3114 2090/1/2090 3642/1/3642 
f 1175/1/1175 2214/1/2214 1842/1/1842 
f 3582/1/3582 3701/1/3701 3612/1/3612 
f 691/1/691 3619/1/3619 2771/1/2771 
f 1124/1/1124 2335/1/2335 2360/1/2360 
f 2529/1/2529 1937/1/1937 3702/1/3702 
f 2899/1/2899 2900/1/2900 1341/1/1341 
f 434/1/434 1729/1/1729 435/1/435 
f 240/1/240 239/1/239 3070/1/3070 
f 605/1/605 2862/1/2862 603/1/603 
f 2898/1/2898 1728/1/1728 1727/1/1727 
f 3703/1/3703 3704/1/3704 975/1/975 
f 2345/1/2345 3170/1/3170 1121/1/1121 
f 3705/1/3705 1696/1/1696 2068/1/2068 
f 3164/1/3164 627/1/627 626/1/626 
f 2525/1/2525 442/1/442 679/1/679 
f 1191/1/1191 863/1/863 1351/1/1351 
f 2636/1/2636 3706/1/3706 3707/1/3707 
f 3587/1/3587 3696/1/3696 2868/1/2868 
f 1876/1/1876 2866/1/2866 3708/1/3708 
f 2670/1/2670 1119/1/1119 2337/1/2337 
f 2592/1/2592 2369/1/2369 2371/1/2371 
f 3082/1/3082 530/1/530 2965/1/2965 
f 991/1/991 1817/1/1817 1454/1/1454 
f 3088/1/3088 1519/1/1519 2234/1/2234 
f 1303/1/1303 1302/1/1302 2093/1/2093 
f 739/1/739 738/1/738 3446/1/3446 
f 1682/1/1682 2446/1/2446 3413/1/3413 
f 2027/1/2027 391/1/391 390/1/390 
f 517/1/517 597/1/597 286/1/286 
f 3141/1/3141 1482/1/1482 3142/1/3142 
f 3323/1/3323 2396/1/2396 3709/1/3709 
f 2719/1/2719 2591/1/2591 1708/1/1708 
f 586/1/586 2408/1/2408 971/1/971 
f 237/1/237 3073/1/3073 2527/1/2527 
f 142/1/142 1624/1/1624 3710/1/3710 
f 1391/1/1391 2067/1/2067 752/1/752 
f 3711/1/3711 3712/1/3712 3713/1/3713 
f 647/1/647 3714/1/3714 3715/1/3715 
f 25/1/25 24/1/24 66/1/66 
f 371/1/371 2658/1/2658 3263/1/3263 
f 1003/1/1003 307/1/307 3021/1/3021 
f 3716/1/3716 1003/1/1003 3021/1/3021 
f 3717/1/3717 3633/1/3633 2369/1/2369 
f 3320/1/3320 3544/1/3544 277/1/277 
f 1462/1/1462 2724/1/2724 3231/1/3231 
f 1515/1/1515 1632/1/1632 1516/1/1516 
f 1319/1/1319 261/1/261 2684/1/2684 
f 1867/1/1867 3718/1/3718 2099/1/2099 
f 945/1/945 2457/1/2457 3719/1/3719 
f 1467/1/1467 1466/1/1466 3720/1/3720 
f 2951/1/2951 1467/1/1467 3720/1/3720 
f 2392/1/2392 3721/1/3721 2920/1/2920 
f 2737/1/2737 1442/1/1442 2677/1/2677 
f 2093/1/2093 2737/1/2737 2677/1/2677 
f 3449/1/3449 3722/1/3722 633/1/633 
f 1197/1/1197 2996/1/2996 264/1/264 
f 1222/1/1222 1221/1/1221 1729/1/1729 
f 335/1/335 171/1/171 1649/1/1649 
f 3101/1/3101 35/1/35 895/1/895 
f 3261/1/3261 3260/1/3260 3723/1/3723 
f 638/1/638 3724/1/3724 1308/1/1308 
f 1804/1/1804 3516/1/3516 3725/1/3725 
f 3111/1/3111 3726/1/3726 2714/1/2714 
f 670/1/670 3039/1/3039 1790/1/1790 
f 1066/1/1066 2830/1/2830 2829/1/2829 
f 2011/1/2011 2740/1/2740 237/1/237 
f 2011/1/2011 237/1/237 3727/1/3727 
f 1737/1/1737 3728/1/3728 3729/1/3729 
f 2443/1/2443 3692/1/3692 936/1/936 
f 218/1/218 3730/1/3730 1848/1/1848 
f 1422/1/1422 1423/1/1423 1508/1/1508 
f 2648/1/2648 2958/1/2958 3602/1/3602 
f 329/1/329 354/1/354 673/1/673 
f 3477/1/3477 3364/1/3364 3265/1/3265 
f 892/1/892 894/1/894 1654/1/1654 
f 3731/1/3731 1176/1/1176 1527/1/1527 
f 242/1/242 194/1/194 2790/1/2790 
f 2176/1/2176 3732/1/3732 1653/1/1653 
f 600/1/600 2695/1/2695 2290/1/2290 
f 2025/1/2025 479/1/479 873/1/873 
f 873/1/873 2278/1/2278 874/1/874 
f 2076/1/2076 609/1/609 2077/1/2077 
f 3430/1/3430 471/1/471 473/1/473 
f 3017/1/3017 1549/1/1549 2943/1/2943 
f 3733/1/3733 913/1/913 1206/1/1206 
f 1704/1/1704 1333/1/1333 2860/1/2860 
f 1225/1/1225 1913/1/1913 2920/1/2920 
f 2100/1/2100 2866/1/2866 1878/1/1878 
f 116/1/116 111/1/111 114/1/114 
f 199/1/199 1966/1/1966 995/1/995 
f 198/1/198 199/1/199 995/1/995 
f 878/1/878 3734/1/3734 3131/1/3131 
f 3609/1/3609 1565/1/1565 747/1/747 
f 3609/1/3609 747/1/747 746/1/746 
f 3680/1/3680 2874/1/2874 2832/1/2832 
f 3680/1/3680 2832/1/2832 635/1/635 
f 740/1/740 3130/1/3130 1178/1/1178 
f 3096/1/3096 740/1/740 1178/1/1178 
f 3735/1/3735 1141/1/1141 1140/1/1140 
f 1701/1/1701 3563/1/3563 1303/1/1303 
f 243/1/243 2382/1/2382 3736/1/3736 
f 432/1/432 3737/1/3737 2894/1/2894 
f 2578/1/2578 2663/1/2663 2149/1/2149 
f 1064/1/1064 1257/1/1257 3738/1/3738 
f 89/1/89 3547/1/3547 87/1/87 
f 3739/1/3739 1161/1/1161 1163/1/1163 
f 485/1/485 3740/1/3740 483/1/483 
f 2163/1/2163 2802/1/2802 1287/1/1287 
f 1809/1/1809 3741/1/3741 1810/1/1810 
f 3691/1/3691 410/1/410 409/1/409 
f 3691/1/3691 409/1/409 3023/1/3023 
f 66/1/66 3173/1/3173 25/1/25 
f 3076/1/3076 1984/1/1984 2115/1/2115 
f 3639/1/3639 2451/1/2451 1601/1/1601 
f 2759/1/2759 2641/1/2641 2628/1/2628 
f 2939/1/2939 1688/1/1688 2544/1/2544 
f 2991/1/2991 3742/1/3742 847/1/847 
f 1285/1/1285 2898/1/2898 1256/1/1256 
f 1929/1/1929 3743/1/3743 2244/1/2244 
f 2891/1/2891 1829/1/1829 3150/1/3150 
f 1168/1/1168 3684/1/3684 3744/1/3744 
f 1228/1/1228 1227/1/1227 2979/1/2979 
f 3542/1/3542 3745/1/3745 3295/1/3295 
f 2122/1/2122 2121/1/2121 3245/1/3245 
f 3117/1/3117 3244/1/3244 869/1/869 
f 1608/1/1608 1607/1/1607 2646/1/2646 
f 1361/1/1361 3746/1/3746 1899/1/1899 
f 2291/1/2291 2200/1/2200 811/1/811 
f 1510/1/1510 1650/1/1650 3747/1/3747 
f 1535/1/1535 2632/1/2632 2365/1/2365 
f 2933/1/2933 1762/1/1762 1037/1/1037 
f 1566/1/1566 3748/1/3748 1423/1/1423 
f 2305/1/2305 1169/1/1169 2304/1/2304 
f 1594/1/1594 2075/1/2075 3121/1/3121 
f 306/1/306 308/1/308 1659/1/1659 
f 3749/1/3749 3750/1/3750 377/1/377 
f 3749/1/3749 377/1/377 376/1/376 
f 396/1/396 3477/1/3477 989/1/989 
f 2473/1/2473 3751/1/3751 3752/1/3752 
f 3329/1/3329 3624/1/3624 1996/1/1996 
f 3753/1/3753 1598/1/1598 3156/1/3156 
f 3572/1/3572 1229/1/1229 349/1/349 
f 1179/1/1179 143/1/143 3592/1/3592 
f 2141/1/2141 3754/1/3754 241/1/241 
f 3034/1/3034 1731/1/1731 1730/1/1730 
f 2700/1/2700 889/1/889 3385/1/3385 
f 2953/1/2953 3131/1/3131 33/1/33 
f 2170/1/2170 321/1/321 320/1/320 
f 2011/1/2011 501/1/501 949/1/949 
f 1444/1/1444 3617/1/3617 1442/1/1442 
f 3038/1/3038 1081/1/1081 3755/1/3755 
f 3756/1/3756 3338/1/3338 3441/1/3441 
f 2629/1/2629 3294/1/3294 1885/1/1885 
f 2994/1/2994 2020/1/2020 1019/1/1019 
f 2994/1/2994 1019/1/1019 943/1/943 
f 3757/1/3757 2719/1/2719 3127/1/3127 
f 1437/1/1437 2789/1/2789 2990/1/2990 
f 3391/1/3391 3392/1/3392 3758/1/3758 
f 2618/1/2618 3538/1/3538 2909/1/2909 
f 1575/1/1575 1421/1/1421 2607/1/2607 
f 3726/1/3726 497/1/497 498/1/498 
f 2709/1/2709 1904/1/1904 977/1/977 
f 2715/1/2715 3334/1/3334 2165/1/2165 
f 1433/1/1433 1432/1/1432 3081/1/3081 
f 1433/1/1433 3081/1/3081 565/1/565 
f 804/1/804 3759/1/3759 3760/1/3760 
f 518/1/518 286/1/286 480/1/480 
f 2203/1/2203 1214/1/1214 353/1/353 
f 3672/1/3672 2203/1/2203 353/1/353 
f 333/1/333 332/1/332 1902/1/1902 
f 3761/1/3761 3762/1/3762 2824/1/2824 
f 521/1/521 3389/1/3389 3179/1/3179 
f 1941/1/1941 1912/1/1912 2605/1/2605 
f 219/1/219 3763/1/3763 1032/1/1032 
f 90/1/90 92/1/92 2266/1/2266 
f 3378/1/3378 700/1/700 3764/1/3764 
f 3580/1/3580 1780/1/1780 2347/1/2347 
f 786/1/786 1214/1/1214 2203/1/2203 
f 2812/1/2812 2811/1/2811 2523/1/2523 
f 680/1/680 2887/1/2887 3765/1/3765 
f 3266/1/3266 3766/1/3766 1477/1/1477 
f 1391/1/1391 1374/1/1374 2067/1/2067 
f 3161/1/3161 1413/1/1413 3767/1/3767 
f 1955/1/1955 1297/1/1297 2139/1/2139 
f 2178/1/2178 547/1/547 1650/1/1650 
f 1964/1/1964 2037/1/2037 2347/1/2347 
f 3253/1/3253 3203/1/3203 846/1/846 
f 3331/1/3331 2441/1/2441 1853/1/1853 
f 572/1/572 574/1/574 2961/1/2961 
f 430/1/430 593/1/593 1843/1/1843 
f 1485/1/1485 1487/1/1487 2618/1/2618 
f 1892/1/1892 635/1/635 1210/1/1210 
f 1379/1/1379 3768/1/3768 1380/1/1380 
f 3114/1/3114 3608/1/3608 3402/1/3402 
f 3051/1/3051 133/1/133 131/1/131 
f 468/1/468 1821/1/1821 3122/1/3122 
f 1838/1/1838 3769/1/3769 3770/1/3770 
f 448/1/448 3304/1/3304 2893/1/2893 
f 1925/1/1925 3549/1/3549 2696/1/2696 
f 1398/1/1398 1400/1/1400 2983/1/2983 
f 724/1/724 3313/1/3313 3499/1/3499 
f 3283/1/3283 199/1/199 1965/1/1965 
f 3325/1/3325 2273/1/2273 43/1/43 
f 2815/1/2815 2902/1/2902 3170/1/3170 
f 3733/1/3733 2857/1/2857 912/1/912 
f 128/1/128 2813/1/2813 129/1/129 
f 3771/1/3771 3772/1/3772 3773/1/3773 
f 2442/1/2442 1635/1/1635 3159/1/3159 
f 1166/1/1166 1902/1/1902 3658/1/3658 
f 3060/1/3060 3062/1/3062 3774/1/3774 
f 2341/1/2341 72/1/72 71/1/71 
f 942/1/942 944/1/944 2977/1/2977 
f 3134/1/3134 505/1/505 2152/1/2152 
f 3657/1/3657 2731/1/2731 3775/1/3775 
f 3776/1/3776 3657/1/3657 3775/1/3775 
f 1319/1/1319 1835/1/1835 1837/1/1837 
f 623/1/623 3101/1/3101 624/1/624 
f 3334/1/3334 3777/1/3777 2455/1/2455 
f 3546/1/3546 2319/1/2319 1079/1/1079 
f 1789/1/1789 3130/1/3130 1162/1/1162 
f 756/1/756 1158/1/1158 2294/1/2294 
f 1256/1/1256 194/1/194 192/1/192 
f 2459/1/2459 567/1/567 3539/1/3539 
f 3769/1/3769 2078/1/2078 3437/1/3437 
f 1971/1/1971 1973/1/1973 3778/1/3778 
f 660/1/660 2336/1/2336 661/1/661 
f 411/1/411 2260/1/2260 3177/1/3177 
f 627/1/627 1623/1/1623 628/1/628 
f 505/1/505 1684/1/1684 506/1/506 
f 2969/1/2969 3429/1/3429 2778/1/2778 
f 1653/1/1653 3268/1/3268 310/1/310 
f 104/1/104 3649/1/3649 3779/1/3779 
f 2484/1/2484 2202/1/2202 950/1/950 
f 3780/1/3780 3679/1/3679 3781/1/3781 
f 2360/1/2360 3427/1/3427 158/1/158 
f 1408/1/1408 1736/1/1736 2530/1/2530 
f 3649/1/3649 3271/1/3271 1577/1/1577 
f 106/1/106 3649/1/3649 1577/1/1577 
f 1633/1/1633 3782/1/3782 2453/1/2453 
f 1168/1/1168 3160/1/3160 2304/1/2304 
f 2535/1/2535 3783/1/3783 3093/1/3093 
f 383/1/383 1962/1/1962 1617/1/1617 
f 1525/1/1525 1842/1/1842 1890/1/1890 
f 1527/1/1527 656/1/656 659/1/659 
f 1107/1/1107 1363/1/1363 1710/1/1710 
f 1025/1/1025 1027/1/1027 3784/1/3784 
f 1125/1/1125 3785/1/3785 1173/1/1173 
f 1095/1/1095 354/1/354 329/1/329 
f 2085/1/2085 3786/1/3786 3575/1/3575 
f 442/1/442 3671/1/3671 2526/1/2526 
f 3787/1/3787 2114/1/2114 3053/1/3053 
f 523/1/523 392/1/392 3351/1/3351 
f 1015/1/1015 1014/1/1014 1699/1/1699 
f 931/1/931 829/1/829 3788/1/3788 
f 3789/1/3789 3790/1/3790 62/1/62 
f 338/1/338 2829/1/2829 3418/1/3418 
f 725/1/725 724/1/724 3499/1/3499 
f 1432/1/1432 1507/1/1507 3081/1/3081 
f 3791/1/3791 3713/1/3713 3712/1/3712 
f 3792/1/3792 3749/1/3749 3793/1/3793 
f 3572/1/3572 350/1/350 3794/1/3794 
f 3785/1/3785 1125/1/1125 1127/1/1127 
f 442/1/442 2245/1/2245 3765/1/3765 
f 442/1/442 3765/1/3765 3192/1/3192 
f 731/1/731 2326/1/2326 777/1/777 
f 3795/1/3795 731/1/731 777/1/777 
f 1903/1/1903 3776/1/3776 1901/1/1901 
f 3323/1/3323 2161/1/2161 3663/1/3663 
f 3796/1/3796 2804/1/2804 1717/1/1717 
f 3286/1/3286 1782/1/1782 1784/1/1784 
f 1983/1/1983 3054/1/3054 2609/1/2609 
f 902/1/902 901/1/901 3250/1/3250 
f 520/1/520 616/1/616 3458/1/3458 
f 1996/1/1996 3797/1/3797 3329/1/3329 
f 1397/1/1397 1396/1/1396 1803/1/1803 
f 2798/1/2798 3798/1/3798 3799/1/3799 
f 647/1/647 3635/1/3635 3714/1/3714 
f 3315/1/3315 1949/1/1949 1951/1/1951 
f 3800/1/3800 3801/1/3801 3802/1/3802 
f 2979/1/2979 1421/1/1421 2608/1/2608 
f 2836/1/2836 2987/1/2987 2722/1/2722 
f 2501/1/2501 254/1/254 1877/1/1877 
f 252/1/252 2501/1/2501 1877/1/1877 
f 1863/1/1863 2728/1/2728 3127/1/3127 
f 3765/1/3765 2805/1/2805 2806/1/2806 
f 3405/1/3405 123/1/123 3432/1/3432 
f 3206/1/3206 3803/1/3803 2039/1/2039 
f 2794/1/2794 3206/1/3206 2039/1/2039 
f 441/1/441 443/1/443 3192/1/3192 
f 644/1/644 3520/1/3520 3519/1/3519 
f 3589/1/3589 1847/1/1847 3699/1/3699 
f 934/1/934 2884/1/2884 2790/1/2790 
f 2024/1/2024 3278/1/3278 2923/1/2923 
f 3545/1/3545 3718/1/3718 3804/1/3804 
f 1061/1/1061 41/1/41 3140/1/3140 
f 1269/1/1269 1271/1/1271 1258/1/1258 
f 2918/1/2918 3289/1/3289 1130/1/1130 
f 2153/1/2153 1248/1/1248 2173/1/2173 
f 2776/1/2776 2471/1/2471 2470/1/2470 
f 68/1/68 3805/1/3805 3806/1/3806 
f 69/1/69 68/1/68 3806/1/3806 
f 2382/1/2382 3807/1/3807 2383/1/2383 
f 3104/1/3104 831/1/831 1765/1/1765 
f 1475/1/1475 852/1/852 2521/1/2521 
f 413/1/413 412/1/412 1445/1/1445 
f 3431/1/3431 3808/1/3808 2620/1/2620 
f 742/1/742 2398/1/2398 3129/1/3129 
f 2396/1/2396 2429/1/2429 2397/1/2397 
f 3411/1/3411 3809/1/3809 2942/1/2942 
f 1799/1/1799 1798/1/1798 2385/1/2385 
f 1209/1/1209 2900/1/2900 1106/1/1106 
f 492/1/492 3244/1/3244 3376/1/3376 
f 2008/1/2008 1802/1/1802 2498/1/2498 
f 1606/1/1606 3454/1/3454 819/1/819 
f 3464/1/3464 345/1/345 1245/1/1245 
f 3581/1/3581 3043/1/3043 3137/1/3137 
f 103/1/103 453/1/453 172/1/172 
f 3304/1/3304 281/1/281 1332/1/1332 
f 3810/1/3810 2063/1/2063 2101/1/2101 
f 2846/1/2846 385/1/385 384/1/384 
f 3517/1/3517 2846/1/2846 384/1/384 
f 2602/1/2602 1279/1/1279 1513/1/1513 
f 3335/1/3335 1476/1/1476 1475/1/1475 
f 3810/1/3810 3811/1/3811 1677/1/1677 
f 1346/1/1346 2611/1/2611 644/1/644 
f 1676/1/1676 1678/1/1678 3004/1/3004 
f 2689/1/2689 3459/1/3459 2722/1/2722 
f 2395/1/2395 3010/1/3010 2428/1/2428 
f 3112/1/3112 2878/1/2878 2877/1/2877 
f 2910/1/2910 3812/1/3812 2477/1/2477 
f 414/1/414 2945/1/2945 2554/1/2554 
f 694/1/694 1867/1/1867 3545/1/3545 
f 3387/1/3387 3117/1/3117 2207/1/2207 
f 946/1/946 3604/1/3604 2648/1/2648 
f 675/1/675 3414/1/3414 3813/1/3813 
f 2615/1/2615 675/1/675 3813/1/3813 
f 2752/1/2752 2613/1/2613 3662/1/3662 
f 323/1/323 1738/1/1738 1737/1/1737 
f 540/1/540 3742/1/3742 541/1/541 
f 3814/1/3814 3643/1/3643 3426/1/3426 
f 2246/1/2246 2116/1/2116 3264/1/3264 
f 2781/1/2781 573/1/573 572/1/572 
f 1933/1/1933 3172/1/3172 906/1/906 
f 1182/1/1182 3815/1/3815 1183/1/1183 
f 3320/1/3320 277/1/277 1597/1/1597 
f 3321/1/3321 3320/1/3320 1597/1/1597 
f 3461/1/3461 3573/1/3573 3042/1/3042 
f 3714/1/3714 1958/1/1958 3421/1/3421 
f 1918/1/1918 1107/1/1107 1211/1/1211 
f 3169/1/3169 2692/1/2692 3556/1/3556 
f 84/1/84 1266/1/1266 3816/1/3816 
f 2443/1/2443 2122/1/2122 3692/1/3692 
f 1445/1/1445 411/1/411 3177/1/3177 
f 1667/1/1667 1094/1/1094 2547/1/2547 
f 2044/1/2044 2043/1/2043 2606/1/2606 
f 1126/1/1126 2968/1/2968 1127/1/1127 
f 3528/1/3528 3817/1/3817 3526/1/3526 
f 3719/1/3719 1708/1/1708 3818/1/3818 
f 448/1/448 1217/1/1217 2453/1/2453 
f 489/1/489 3750/1/3750 2967/1/2967 
f 794/1/794 489/1/489 2967/1/2967 
f 3677/1/3677 3676/1/3676 3819/1/3819 
f 1142/1/1142 67/1/67 1084/1/1084 
f 1577/1/1577 390/1/390 392/1/392 
f 173/1/173 172/1/172 2916/1/2916 
f 103/1/103 173/1/173 2916/1/2916 
f 3596/1/3596 1155/1/1155 1154/1/1154 
f 1399/1/1399 2918/1/2918 2639/1/2639 
f 3718/1/3718 722/1/722 3804/1/3804 
f 1117/1/1117 2241/1/2241 1907/1/1907 
f 1239/1/1239 3820/1/3820 312/1/312 
f 3821/1/3821 1465/1/1465 3720/1/3720 
f 2522/1/2522 2098/1/2098 2812/1/2812 
f 2337/1/2337 1119/1/1119 1120/1/1120 
f 3822/1/3822 1005/1/1005 440/1/440 
f 1567/1/1567 3606/1/3606 1568/1/1568 
f 2349/1/2349 399/1/399 1253/1/1253 
f 3823/1/3823 1749/1/1749 3824/1/3824 
f 3013/1/3013 1075/1/1075 3014/1/3014 
f 1658/1/1658 1724/1/1724 2859/1/2859 
f 1378/1/1378 1380/1/1380 3825/1/3825 
f 3826/1/3826 3827/1/3827 2762/1/2762 
f 475/1/475 1389/1/1389 825/1/825 
f 1720/1/1720 1719/1/1719 3828/1/3828 
f 242/1/242 2027/1/2027 106/1/106 
f 1070/1/1070 2597/1/2597 1071/1/1071 
f 3585/1/3585 155/1/155 2591/1/2591 
f 710/1/710 3138/1/3138 837/1/837 
f 3162/1/3162 1232/1/1232 3163/1/3163 
f 1745/1/1745 1765/1/1765 1348/1/1348 
f 3147/1/3147 3146/1/3146 820/1/820 
f 2171/1/2171 3829/1/3829 621/1/621 
f 1173/1/1173 1089/1/1089 3830/1/3830 
f 1495/1/1495 3831/1/3831 3832/1/3832 
f 3012/1/3012 3014/1/3014 229/1/229 
f 3455/1/3455 459/1/459 2667/1/2667 
f 17/1/17 14/1/14 3833/1/3833 
f 594/1/594 1230/1/1230 3478/1/3478 
f 1384/1/1384 1334/1/1334 2556/1/2556 
f 1296/1/1296 1295/1/1295 3367/1/3367 
f 1918/1/1918 2690/1/2690 1107/1/1107 
f 2087/1/2087 3567/1/3567 2643/1/2643 
f 1814/1/1814 1006/1/1006 584/1/584 
f 2579/1/2579 3491/1/3491 2580/1/2580 
f 833/1/833 3815/1/3815 1182/1/1182 
f 976/1/976 3834/1/3834 1177/1/1177 
f 880/1/880 3012/1/3012 881/1/881 
f 240/1/240 3070/1/3070 3693/1/3693 
f 3130/1/3130 3129/1/3129 1162/1/1162 
f 3664/1/3664 2936/1/2936 1717/1/1717 
f 2036/1/2036 3835/1/3835 968/1/968 
f 3836/1/3836 3048/1/3048 3047/1/3047 
f 3376/1/3376 3645/1/3645 1111/1/1111 
f 640/1/640 3644/1/3644 641/1/641 
f 2797/1/2797 3837/1/3837 3020/1/3020 
f 1883/1/1883 3294/1/3294 2111/1/2111 
f 2129/1/2129 63/1/63 62/1/62 
f 3735/1/3735 2670/1/2670 1141/1/1141 
f 1907/1/1907 1144/1/1144 2607/1/2607 
f 2070/1/2070 2069/1/2069 2128/1/2128 
f 3813/1/3813 2616/1/2616 3838/1/3838 
f 1011/1/1011 3409/1/3409 1152/1/1152 
f 1146/1/1146 3605/1/3605 3123/1/3123 
f 1394/1/1394 1393/1/1393 2426/1/2426 
f 2118/1/2118 2117/1/2117 361/1/361 
f 253/1/253 604/1/604 3380/1/3380 
f 1202/1/1202 1201/1/1201 3456/1/3456 
f 90/1/90 2266/1/2266 2265/1/2265 
f 414/1/414 416/1/416 2945/1/2945 
f 2988/1/2988 430/1/430 2630/1/2630 
f 1353/1/1353 3839/1/3839 604/1/604 
f 2599/1/2599 263/1/263 2600/1/2600 
f 2257/1/2257 3840/1/3840 3470/1/3470 
f 1876/1/1876 253/1/253 3380/1/3380 
f 3841/1/3841 1546/1/1546 450/1/450 
f 865/1/865 3159/1/3159 866/1/866 
f 795/1/795 794/1/794 2967/1/2967 
f 2221/1/2221 354/1/354 3484/1/3484 
f 2580/1/2580 1436/1/1436 2559/1/2559 
f 155/1/155 2598/1/2598 3675/1/3675 
f 155/1/155 3675/1/3675 156/1/156 
f 1401/1/1401 696/1/696 3279/1/3279 
f 1956/1/1956 3842/1/3842 3843/1/3843 
f 404/1/404 1670/1/1670 3445/1/3445 
f 3789/1/3789 3844/1/3844 3845/1/3845 
f 3846/1/3846 1785/1/1785 2422/1/2422 
f 379/1/379 381/1/381 250/1/250 
f 2946/1/2946 3847/1/3847 1865/1/1865 
f 2168/1/2168 1352/1/1352 1969/1/1969 
f 3848/1/3848 1461/1/1461 1460/1/1460 
f 2278/1/2278 2280/1/2280 3849/1/3849 
f 3850/1/3850 3773/1/3773 3772/1/3772 
f 1856/1/1856 618/1/618 620/1/620 
f 2594/1/2594 803/1/803 2126/1/2126 
f 717/1/717 716/1/716 1744/1/1744 
f 3275/1/3275 3851/1/3851 3273/1/3273 
f 901/1/901 3252/1/3252 3251/1/3251 
f 2363/1/2363 2362/1/2362 1405/1/1405 
f 3852/1/3852 3442/1/3442 453/1/453 
f 2019/1/2019 1888/1/1888 3449/1/3449 
f 594/1/594 255/1/255 1230/1/1230 
f 540/1/540 3490/1/3490 2356/1/2356 
f 678/1/678 1613/1/1613 2040/1/2040 
f 2777/1/2777 1471/1/1471 1473/1/1473 
f 1216/1/1216 1806/1/1806 1805/1/1805 
f 3517/1/3517 3853/1/3853 1085/1/1085 
f 1650/1/1650 2298/1/2298 3747/1/3747 
f 1377/1/1377 226/1/226 2389/1/2389 
f 608/1/608 1020/1/1020 1019/1/1019 
f 291/1/291 3472/1/3472 1332/1/1332 
f 179/1/179 291/1/291 1332/1/1332 
f 2022/1/2022 2994/1/2994 2563/1/2563 
f 833/1/833 832/1/832 3815/1/3815 
f 3717/1/3717 1950/1/1950 1949/1/1949 
f 3061/1/3061 3077/1/3077 2848/1/2848 
f 3854/1/3854 3855/1/3855 2438/1/2438 
f 318/1/318 3404/1/3404 3856/1/3856 
f 1555/1/1555 3452/1/3452 2200/1/2200 
f 2061/1/2061 1399/1/1399 547/1/547 
f 816/1/816 3857/1/3857 817/1/817 
f 1375/1/1375 2261/1/2261 1826/1/1826 
f 2163/1/2163 1287/1/1287 1286/1/1286 
f 797/1/797 593/1/593 430/1/430 
f 39/1/39 41/1/41 1060/1/1060 
f 3105/1/3105 1212/1/1212 2747/1/2747 
f 2948/1/2948 2097/1/2097 2712/1/2712 
f 1340/1/1340 508/1/508 3576/1/3576 
f 727/1/727 1953/1/1953 1952/1/1952 
f 531/1/531 27/1/27 26/1/26 
f 953/1/953 3858/1/3858 2785/1/2785 
f 2883/1/2883 1053/1/1053 2940/1/2940 
f 3859/1/3859 2937/1/2937 3860/1/3860 
f 97/1/97 3848/1/3848 98/1/98 
f 2601/1/2601 641/1/641 3553/1/3553 
f 3644/1/3644 2601/1/2601 3553/1/3553 
f 1555/1/1555 2291/1/2291 3452/1/3452 
f 2388/1/2388 2928/1/2928 2905/1/2905 
f 1582/1/1582 817/1/817 3861/1/3861 
f 2381/1/2381 2984/1/2984 880/1/880 
f 1190/1/1190 1192/1/1192 2321/1/2321 
f 3494/1/3494 235/1/235 2740/1/2740 
f 2236/1/2236 264/1/264 3389/1/3389 
f 3002/1/3002 3862/1/3862 3003/1/3003 
f 3634/1/3634 111/1/111 113/1/113 
f 3625/1/3625 724/1/724 2902/1/2902 
f 3546/1/3546 3863/1/3863 2934/1/2934 
f 2831/1/2831 2236/1/2236 3389/1/3389 
f 521/1/521 2831/1/2831 3389/1/3389 
f 697/1/697 2434/1/2434 3628/1/3628 
f 2377/1/2377 2379/1/2379 2957/1/2957 
f 3253/1/3253 846/1/846 3508/1/3508 
f 3864/1/3864 1132/1/1132 2960/1/2960 
f 3131/1/3131 2082/1/2082 1660/1/1660 
f 2141/1/2141 2175/1/2175 2142/1/2142 
f 3795/1/3795 3423/1/3423 732/1/732 
f 2858/1/2858 699/1/699 2364/1/2364 
f 1291/1/1291 3291/1/3291 3865/1/3865 
f 1765/1/1765 2177/1/2177 1348/1/1348 
f 2404/1/2404 2124/1/2124 2123/1/2123 
f 665/1/665 2426/1/2426 2073/1/2073 
f 3866/1/3866 1101/1/1101 3867/1/3867 
f 1130/1/1130 340/1/340 342/1/342 
f 2200/1/2200 769/1/769 2638/1/2638 
f 3866/1/3866 3755/1/3755 3417/1/3417 
f 1091/1/1091 190/1/190 189/1/189 
f 3332/1/3332 3028/1/3028 3868/1/3868 
f 2071/1/2071 1126/1/1126 1125/1/1125 
f 1430/1/1430 3802/1/3802 1431/1/1431 
f 3524/1/3524 1600/1/1600 3654/1/3654 
f 2880/1/2880 2536/1/2536 3152/1/3152 
f 3262/1/3262 3660/1/3660 1414/1/1414 
f 2890/1/2890 3536/1/3536 2888/1/2888 
f 68/1/68 2136/1/2136 3373/1/3373 
f 73/1/73 1037/1/1037 74/1/74 
f 3249/1/3249 1113/1/1113 3869/1/3869 
f 2030/1/2030 2886/1/2886 411/1/411 
f 268/1/268 1778/1/1778 3441/1/3441 
f 3087/1/3087 348/1/348 1788/1/1788 
f 2979/1/2979 2608/1/2608 1228/1/1228 
f 3870/1/3870 3772/1/3772 3871/1/3871 
f 3375/1/3375 639/1/639 3552/1/3552 
f 2376/1/2376 3521/1/3521 436/1/436 
f 95/1/95 855/1/855 1862/1/1862 
f 2123/1/2123 1736/1/1736 830/1/830 
f 3254/1/3254 2739/1/2739 2484/1/2484 
f 2215/1/2215 2104/1/2104 3614/1/3614 
f 3872/1/3872 1993/1/1993 2899/1/2899 
f 1911/1/1911 1942/1/1942 2605/1/2605 
f 3113/1/3113 2089/1/2089 3114/1/3114 
f 3873/1/3873 1355/1/1355 1431/1/1431 
f 1980/1/1980 1981/1/1981 1929/1/1929 
f 2752/1/2752 3593/1/3593 463/1/463 
f 2753/1/2753 2752/1/2752 463/1/463 
f 2877/1/2877 3143/1/3143 3112/1/3112 
f 356/1/356 3874/1/3874 3607/1/3607 
f 374/1/374 2970/1/2970 3731/1/3731 
f 3875/1/3875 2570/1/2570 1972/1/1972 
f 755/1/755 3067/1/3067 1282/1/1282 
f 3294/1/3294 2629/1/2629 2111/1/2111 
f 3876/1/3876 3393/1/3393 370/1/370 
f 3573/1/3573 3461/1/3461 3466/1/3466 
f 96/1/96 3877/1/3877 94/1/94 
f 3878/1/3878 718/1/718 2756/1/2756 
f 1590/1/1590 3038/1/3038 3314/1/3314 
f 2504/1/2504 2510/1/2510 3200/1/3200 
f 2399/1/2399 2953/1/2953 2914/1/2914 
f 2400/1/2400 2399/1/2399 2914/1/2914 
f 2280/1/2280 1325/1/1325 3849/1/3849 
f 1891/1/1891 462/1/462 1250/1/1250 
f 1891/1/1891 1250/1/1250 3680/1/3680 
f 3362/1/3362 3420/1/3420 3360/1/3360 
f 3874/1/3874 357/1/357 853/1/853 
f 507/1/507 3224/1/3224 3879/1/3879 
f 2177/1/2177 2016/1/2016 2015/1/2015 
f 3308/1/3308 2548/1/2548 1662/1/1662 
f 3456/1/3456 1943/1/1943 1942/1/1942 
f 584/1/584 586/1/586 971/1/971 
f 1534/1/1534 3241/1/3241 2763/1/2763 
f 2819/1/2819 3469/1/3469 877/1/877 
f 960/1/960 1501/1/1501 3880/1/3880 
f 1347/1/1347 2000/1/2000 1345/1/1345 
f 2531/1/2531 3881/1/3881 2516/1/2516 
f 3882/1/3882 3481/1/3481 2370/1/2370 
f 2886/1/2886 3883/1/3883 566/1/566 
f 2317/1/2317 126/1/126 129/1/129 
f 3884/1/3884 3046/1/3046 3048/1/3048 
f 2872/1/2872 3885/1/3885 570/1/570 
f 3827/1/3827 3826/1/3826 3725/1/3725 
f 1249/1/1249 440/1/440 3740/1/3740 
f 1170/1/1170 3685/1/3685 3684/1/3684 
f 3886/1/3886 3688/1/3688 3290/1/3290 
f 566/1/566 565/1/565 2431/1/2431 
f 3864/1/3864 3887/1/3887 3319/1/3319 
f 2002/1/2002 1083/1/1083 1082/1/1082 
f 3571/1/3571 2621/1/2621 546/1/546 
f 1618/1/1618 3501/1/3501 3643/1/3643 
f 3888/1/3888 3889/1/3889 3859/1/3859 
f 341/1/341 3290/1/3290 2666/1/2666 
f 341/1/341 2666/1/2666 3455/1/3455 
f 1498/1/1498 3890/1/3890 2454/1/2454 
f 2942/1/2942 3809/1/3809 1640/1/1640 
f 3465/1/3465 668/1/668 3891/1/3891 
f 215/1/215 1457/1/1457 461/1/461 
f 215/1/215 461/1/461 460/1/460 
f 3548/1/3548 1011/1/1011 1010/1/1010 
f 1050/1/1050 1052/1/1052 1412/1/1412 
f 1586/1/1586 3016/1/3016 1640/1/1640 
f 1156/1/1156 3615/1/3615 3892/1/3892 
f 3893/1/3893 2687/1/2687 3305/1/3305 
f 2545/1/2545 220/1/220 1321/1/1321 
f 867/1/867 1448/1/1448 3702/1/3702 
f 872/1/872 871/1/871 1956/1/1956 
f 2709/1/2709 2956/1/2956 206/1/206 
f 1532/1/1532 1531/1/1531 863/1/863 
f 62/1/62 2849/1/2849 2130/1/2130 
f 2433/1/2433 1571/1/1571 2434/1/2434 
f 3594/1/3594 3894/1/3894 3895/1/3895 
f 3844/1/3844 62/1/62 64/1/64 
f 2022/1/2022 2563/1/2563 2020/1/2020 
f 117/1/117 3634/1/3634 113/1/113 
f 2549/1/2549 1118/1/1118 2550/1/2550 
f 615/1/615 2487/1/2487 2197/1/2197 
f 589/1/589 1172/1/1172 2783/1/2783 
f 1384/1/1384 2689/1/2689 1385/1/1385 
f 1412/1/1412 1052/1/1052 3767/1/3767 
f 306/1/306 2953/1/2953 3021/1/3021 
f 381/1/381 1078/1/1078 250/1/250 
f 3801/1/3801 3873/1/3873 1431/1/1431 
f 204/1/204 1738/1/1738 205/1/205 
f 1777/1/1777 3865/1/3865 3291/1/3291 
f 1494/1/1494 3343/1/3343 3831/1/3831 
f 2596/1/2596 2595/1/2595 3835/1/3835 
f 2884/1/2884 310/1/310 1547/1/1547 
f 2883/1/2883 756/1/756 758/1/758 
f 3516/1/3516 2467/1/2467 1603/1/1603 
f 1275/1/1275 3482/1/3482 3405/1/3405 
f 2216/1/2216 3614/1/3614 1524/1/1524 
f 1604/1/1604 1468/1/1468 1470/1/1470 
f 3896/1/3896 3757/1/3757 3897/1/3897 
f 260/1/260 259/1/259 1722/1/1722 
f 2651/1/2651 260/1/260 1722/1/1722 
f 1980/1/1980 1792/1/1792 1930/1/1930 
f 2201/1/2201 1555/1/1555 44/1/44 
f 3456/1/3456 2043/1/2043 1943/1/1943 
f 97/1/97 1560/1/1560 930/1/930 
f 3898/1/3898 1797/1/1797 1796/1/1796 
f 2694/1/2694 1181/1/1181 1183/1/1183 
f 1531/1/1531 1336/1/1336 864/1/864 
f 3899/1/3899 1333/1/1333 1704/1/1704 
f 1647/1/1647 1611/1/1611 1039/1/1039 
f 1038/1/1038 1647/1/1647 1039/1/1039 
f 2149/1/2149 2663/1/2663 2808/1/2808 
f 3900/1/3900 448/1/448 2893/1/2893 
f 3185/1/3185 800/1/800 747/1/747 
f 3185/1/3185 747/1/747 3901/1/3901 
f 3625/1/3625 3627/1/3627 2045/1/2045 
f 243/1/243 3625/1/3625 2045/1/2045 
f 2728/1/2728 3847/1/3847 3902/1/3902 
f 3730/1/3730 3496/1/3496 3763/1/3763 
f 3023/1/3023 1552/1/1552 3903/1/3903 
f 2523/1/2523 1686/1/1686 708/1/708 
f 2498/1/2498 3397/1/3397 1668/1/1668 
f 635/1/635 2690/1/2690 1363/1/1363 
f 3904/1/3904 2814/1/2814 2813/1/2813 
f 1282/1/1282 3067/1/3067 204/1/204 
f 603/1/603 3086/1/3086 3352/1/3352 
f 109/1/109 309/1/309 1152/1/1152 
f 1576/1/1576 61/1/61 3513/1/3513 
f 813/1/813 812/1/812 2632/1/2632 
f 2081/1/2081 1999/1/1999 2000/1/2000 
f 726/1/726 3499/1/3499 2386/1/2386 
f 3905/1/3905 3906/1/3906 2599/1/2599 
f 2705/1/2705 3905/1/3905 2599/1/2599 
f 2725/1/2725 2726/1/2726 3128/1/3128 
f 1756/1/1756 603/1/603 2863/1/2863 
f 1904/1/1904 1993/1/1993 1905/1/1905 
f 124/1/124 3907/1/3907 3032/1/3032 
f 313/1/313 2583/1/2583 3369/1/3369 
f 253/1/253 252/1/252 1354/1/1354 
f 600/1/600 2290/1/2290 1543/1/1543 
f 2696/1/2696 600/1/600 1543/1/1543 
f 1408/1/1408 2106/1/2106 699/1/699 
f 1349/1/1349 375/1/375 2970/1/2970 
f 3812/1/3812 3908/1/3908 872/1/872 
f 672/1/672 2302/1/2302 3445/1/3445 
f 1408/1/1408 1407/1/1407 1736/1/1736 
f 2329/1/2329 134/1/134 2570/1/2570 
f 2050/1/2050 89/1/89 1099/1/1099 
f 1323/1/1323 2491/1/2491 2125/1/2125 
f 3735/1/3735 1140/1/1140 2670/1/2670 
f 3909/1/3909 3910/1/3910 2412/1/2412 
f 2916/1/2916 570/1/570 3911/1/3911 
f 232/1/232 3878/1/3878 233/1/233 
f 421/1/421 3695/1/3695 3621/1/3621 
f 2617/1/2617 3487/1/3487 359/1/359 
f 3152/1/3152 2617/1/2617 2401/1/2401 
f 1314/1/1314 3641/1/3641 962/1/962 
f 1096/1/1096 1158/1/1158 1355/1/1355 
f 40/1/40 3312/1/3312 498/1/498 
f 1973/1/1973 2804/1/2804 3796/1/3796 
f 1587/1/1587 1640/1/1640 3912/1/3912 
f 1587/1/1587 3912/1/3912 1588/1/1588 
f 3913/1/3913 2091/1/2091 68/1/68 
f 942/1/942 2977/1/2977 3134/1/3134 
f 637/1/637 1918/1/1918 1917/1/1917 
f 3334/1/3334 2293/1/2293 2292/1/2292 
f 1387/1/1387 1025/1/1025 2281/1/2281 
f 2499/1/2499 2879/1/2879 2865/1/2865 
f 3651/1/3651 203/1/203 2298/1/2298 
f 1458/1/1458 449/1/449 3914/1/3914 
f 137/1/137 1811/1/1811 1281/1/1281 
f 2508/1/2508 268/1/268 886/1/886 
f 2508/1/2508 886/1/886 1776/1/1776 
f 3164/1/3164 626/1/626 1623/1/1623 
f 1481/1/1481 876/1/876 1002/1/1002 
f 3915/1/3915 3187/1/3187 860/1/860 
f 1066/1/1066 3916/1/3916 521/1/521 
f 2591/1/2591 2590/1/2590 156/1/156 
f 3917/1/3917 486/1/486 488/1/488 
f 1421/1/1421 1227/1/1227 2833/1/2833 
f 5/1/5 176/1/176 175/1/175 
f 2297/1/2297 3552/1/3552 2295/1/2295 
f 5/1/5 175/1/175 3280/1/3280 
f 3238/1/3238 499/1/499 2067/1/2067 
f 1584/1/1584 3449/1/3449 3918/1/3918 
f 1584/1/1584 3918/1/3918 1888/1/1888 
f 1469/1/1469 3919/1/3919 3920/1/3920 
f 2905/1/2905 2243/1/2243 2242/1/2242 
f 1209/1/1209 1211/1/1211 617/1/617 
f 1947/1/1947 3377/1/3377 1241/1/1241 
f 476/1/476 2655/1/2655 3921/1/3921 
f 446/1/446 476/1/476 3921/1/3921 
f 1810/1/1810 1391/1/1391 752/1/752 
f 2834/1/2834 510/1/510 1573/1/1573 
f 1810/1/1810 316/1/316 3868/1/3868 
f 2194/1/2194 1034/1/1034 1244/1/1244 
f 344/1/344 2194/1/2194 1244/1/1244 
f 1755/1/1755 3034/1/3034 1754/1/1754 
f 1990/1/1990 3660/1/3660 1991/1/1991 
f 3922/1/3922 2744/1/2744 2106/1/2106 
f 1411/1/1411 1413/1/1413 2506/1/2506 
f 3883/1/3883 3524/1/3524 3654/1/3654 
f 686/1/686 2788/1/2788 529/1/529 
f 3750/1/3750 489/1/489 377/1/377 
f 2309/1/2309 2311/1/2311 3083/1/3083 
f 3923/1/3923 1060/1/1060 2671/1/2671 
f 601/1/601 3156/1/3156 3155/1/3155 
f 3178/1/3178 3177/1/3177 3536/1/3536 
f 2890/1/2890 3178/1/3178 3536/1/3536 
f 1707/1/1707 3924/1/3924 3925/1/3925 
f 2322/1/2322 1191/1/1191 1351/1/1351 
f 3926/1/3926 3801/1/3801 3504/1/3504 
f 1776/1/1776 1775/1/1775 887/1/887 
f 2248/1/2248 3891/1/3891 668/1/668 
f 535/1/535 1618/1/1618 536/1/536 
f 1530/1/1530 1407/1/1407 2190/1/2190 
f 476/1/476 1160/1/1160 826/1/826 
f 3546/1/3546 2934/1/2934 2319/1/2319 
f 1098/1/1098 1535/1/1535 456/1/456 
f 2369/1/2369 3231/1/3231 3717/1/3717 
f 3701/1/3701 2139/1/2139 3927/1/3927 
f 3324/1/3324 2921/1/2921 1905/1/1905 
f 3214/1/3214 2049/1/2049 2213/1/2213 
f 3223/1/3223 1636/1/1636 1635/1/1635 
f 749/1/749 3341/1/3341 3340/1/3340 
f 3859/1/3859 471/1/471 2937/1/2937 
f 3715/1/3715 1315/1/1315 1477/1/1477 
f 2496/1/2496 2497/1/2497 1710/1/1710 
f 3928/1/3928 1231/1/1231 2685/1/2685 
f 2082/1/2082 2627/1/2627 2680/1/2680 
f 3828/1/3828 3929/1/3929 3930/1/3930 
f 2382/1/2382 3931/1/3931 3736/1/3736 
f 3932/1/3932 3933/1/3933 3865/1/3865 
f 2049/1/2049 422/1/422 2211/1/2211 
f 123/1/123 3474/1/3474 124/1/124 
f 2198/1/2198 1809/1/1809 3934/1/3934 
f 3146/1/3146 2733/1/2733 2796/1/2796 
f 2261/1/2261 1373/1/1373 3238/1/3238 
f 2653/1/2653 349/1/349 2851/1/2851 
f 2282/1/2282 3026/1/3026 2373/1/2373 
f 2282/1/2282 2373/1/2373 2281/1/2281 
f 2469/1/2469 1049/1/1049 561/1/561 
f 2051/1/2051 158/1/158 160/1/160 
f 2051/1/2051 160/1/160 888/1/888 
f 2759/1/2759 737/1/737 765/1/765 
f 1104/1/1104 1576/1/1576 59/1/59 
f 958/1/958 131/1/131 797/1/797 
f 3415/1/3415 674/1/674 3822/1/3822 
f 1755/1/1755 799/1/799 798/1/798 
f 2730/1/2730 622/1/622 1564/1/1564 
f 1513/1/1513 2323/1/2323 909/1/909 
f 2029/1/2029 713/1/713 119/1/119 
f 3935/1/3935 3936/1/3936 1381/1/1381 
f 3477/1/3477 3265/1/3265 2727/1/2727 
f 3095/1/3095 650/1/650 3937/1/3937 
f 1132/1/1132 1016/1/1016 2960/1/2960 
f 334/1/334 3182/1/3182 335/1/335 
f 1541/1/1541 2436/1/2436 1779/1/1779 
f 2936/1/2936 3664/1/3664 1533/1/1533 
f 1381/1/1381 3936/1/3936 1545/1/1545 
f 2727/1/2727 3265/1/3265 3239/1/3239 
f 1663/1/1663 3232/1/3232 560/1/560 
f 3938/1/3938 3678/1/3678 3939/1/3939 
f 2557/1/2557 1384/1/1384 2556/1/2556 
f 1150/1/1150 3626/1/3626 2902/1/2902 
f 360/1/360 1887/1/1887 1288/1/1288 
f 2042/1/2042 3940/1/3940 2675/1/2675 
f 2649/1/2649 3271/1/3271 3779/1/3779 
f 2004/1/2004 2965/1/2965 530/1/530 
f 2053/1/2053 3265/1/3265 989/1/989 
f 3667/1/3667 3165/1/3165 3167/1/3167 
f 1659/1/1659 308/1/308 2953/1/2953 
f 718/1/718 3878/1/3878 2755/1/2755 
f 1305/1/1305 2901/1/2901 2227/1/2227 
f 3353/1/3353 2552/1/2552 3471/1/3471 
f 2422/1/2422 1786/1/1786 1649/1/1649 
f 94/1/94 3877/1/3877 3874/1/3874 
f 1215/1/1215 1806/1/1806 1216/1/1216 
f 519/1/519 521/1/521 3916/1/3916 
f 1055/1/1055 483/1/483 2941/1/2941 
f 2114/1/2114 3941/1/3941 580/1/580 
f 3370/1/3370 2543/1/2543 2818/1/2818 
f 1566/1/1566 3901/1/3901 3697/1/3697 
f 1566/1/1566 3697/1/3697 3229/1/3229 
f 3300/1/3300 2822/1/2822 156/1/156 
f 3276/1/3276 1526/1/1526 464/1/464 
f 9/1/9 978/1/978 10/1/10 
f 1168/1/1168 3685/1/3685 3160/1/3160 
f 1533/1/1533 1534/1/1534 2763/1/2763 
f 2454/1/2454 3942/1/3942 3943/1/3943 
f 2454/1/2454 3943/1/3943 2440/1/2440 
f 309/1/309 109/1/109 1284/1/1284 
f 3887/1/3887 1133/1/1133 1491/1/1491 
f 1361/1/1361 1899/1/1899 1360/1/1360 
f 3460/1/3460 3944/1/3944 932/1/932 
f 3618/1/3618 1772/1/1772 3945/1/3945 
f 551/1/551 550/1/550 3036/1/3036 
f 1526/1/1526 2432/1/2432 1527/1/1527 
f 3401/1/3401 857/1/857 856/1/856 
f 531/1/531 51/1/51 532/1/532 
f 2986/1/2986 1386/1/1386 1857/1/1857 
f 3468/1/3468 2270/1/2270 1075/1/1075 
f 1255/1/1255 1486/1/1486 2080/1/2080 
f 1462/1/1462 1097/1/1097 1237/1/1237 
f 2248/1/2248 3226/1/3226 2249/1/2249 
f 425/1/425 1528/1/1528 613/1/613 
f 3784/1/3784 2373/1/2373 662/1/662 
f 777/1/777 2326/1/2326 732/1/732 
f 3825/1/3825 548/1/548 2621/1/2621 
f 2267/1/2267 3946/1/3946 3347/1/3347 
f 3935/1/3935 3797/1/3797 3947/1/3947 
f 7/1/7 3/1/3 3280/1/3280 
f 2840/1/2840 1500/1/1500 2841/1/2841 
f 2077/1/2077 611/1/611 831/1/831 
f 3948/1/3948 2735/1/2735 3949/1/3949 
f 572/1/572 1017/1/1017 2960/1/2960 
f 3476/1/3476 942/1/942 3295/1/3295 
f 79/1/79 2262/1/2262 80/1/80 
f 3097/1/3097 3101/1/3101 3087/1/3087 
f 1224/1/1224 3950/1/3950 1914/1/1914 
f 2815/1/2815 923/1/923 3951/1/3951 
f 316/1/316 315/1/315 3868/1/3868 
f 1276/1/1276 3432/1/3432 3032/1/3032 
f 1732/1/1732 1276/1/1276 3032/1/3032 
f 2040/1/2040 2367/1/2367 2368/1/2368 
f 1394/1/1394 2426/1/2426 665/1/665 
f 3826/1/3826 1496/1/1496 1804/1/1804 
f 1516/1/1516 1578/1/1578 1514/1/1514 
f 3156/1/3156 1542/1/1542 1541/1/1541 
f 2911/1/2911 2344/1/2344 1121/1/1121 
f 2696/1/2696 3549/1/3549 601/1/601 
f 2133/1/2133 1753/1/1753 2413/1/2413 
f 1998/1/1998 3194/1/3194 2362/1/2362 
f 3538/1/3538 1487/1/1487 3952/1/3952 
f 622/1/622 322/1/322 3953/1/3953 
f 3569/1/3569 883/1/883 3637/1/3637 
f 1998/1/1998 1997/1/1997 3041/1/3041 
f 252/1/252 1877/1/1877 1876/1/1876 
f 3159/1/3159 1635/1/1635 866/1/866 
f 2777/1/2777 1473/1/1473 1758/1/1758 
f 988/1/988 987/1/987 87/1/87 
f 3511/1/3511 553/1/553 3555/1/3555 
f 3954/1/3954 435/1/435 2573/1/2573 
f 2881/1/2881 2801/1/2801 2800/1/2800 
f 2881/1/2881 2800/1/2800 2774/1/2774 
f 1697/1/1697 1213/1/1213 2221/1/2221 
f 1155/1/1155 793/1/793 792/1/792 
f 3955/1/3955 2485/1/2485 1693/1/1693 
f 3956/1/3956 2173/1/2173 2172/1/2172 
f 1055/1/1055 3957/1/3957 3740/1/3740 
f 455/1/455 457/1/457 2024/1/2024 
f 1683/1/1683 649/1/649 1419/1/1419 
f 1684/1/1684 1683/1/1683 1419/1/1419 
f 1707/1/1707 1706/1/1706 3675/1/3675 
f 2895/1/2895 3255/1/3255 2478/1/2478 
f 810/1/810 3176/1/3176 1489/1/1489 
f 187/1/187 186/1/186 3678/1/3678 
f 1101/1/1101 590/1/590 592/1/592 
f 1703/1/1703 1333/1/1333 3591/1/3591 
f 1170/1/1170 3684/1/3684 1168/1/1168 
f 287/1/287 2438/1/2438 289/1/289 
f 3431/1/3431 3448/1/3448 3954/1/3954 
f 894/1/894 1127/1/1127 2969/1/2969 
f 1680/1/1680 1679/1/1679 3599/1/3599 
f 3280/1/3280 175/1/175 416/1/416 
f 2659/1/2659 2661/1/2661 2097/1/2097 
f 1257/1/1257 1063/1/1063 1062/1/1062 
f 1680/1/1680 3632/1/3632 3064/1/3064 
f 1879/1/1879 1595/1/1595 1594/1/1594 
f 3414/1/3414 3415/1/3415 3822/1/3822 
f 225/1/225 254/1/254 2500/1/2500 
f 2563/1/2563 412/1/412 1446/1/1446 
f 3958/1/3958 3570/1/3570 3959/1/3959 
f 2967/1/2967 3504/1/3504 795/1/795 
f 3855/1/3855 289/1/289 713/1/713 
f 878/1/878 2082/1/2082 3960/1/3960 
f 1002/1/1002 878/1/878 3960/1/3960 
f 1173/1/1173 3830/1/3830 1125/1/1125 
f 946/1/946 3728/1/3728 3604/1/3604 
f 553/1/553 3169/1/3169 3555/1/3555 
f 1544/1/1544 431/1/431 3844/1/3844 
f 396/1/396 3961/1/3961 3477/1/3477 
f 153/1/153 2517/1/2517 2766/1/2766 
f 744/1/744 3101/1/3101 3754/1/3754 
f 321/1/321 2171/1/2171 3218/1/3218 
f 3187/1/3187 3186/1/3186 2698/1/2698 
f 233/1/233 3187/1/3187 2698/1/2698 
f 186/1/186 3395/1/3395 3540/1/3540 
f 3585/1/3585 2591/1/2591 2718/1/2718 
f 2061/1/2061 547/1/547 2178/1/2178 
f 3962/1/3962 992/1/992 1454/1/1454 
f 425/1/425 427/1/427 1528/1/1528 
f 1094/1/1094 1096/1/1096 2547/1/2547 
f 150/1/150 400/1/400 148/1/148 
f 501/1/501 504/1/504 2012/1/2012 
f 2407/1/2407 501/1/501 2012/1/2012 
f 2953/1/2953 2952/1/2952 1659/1/1659 
f 1599/1/1599 2780/1/2780 2332/1/2332 
f 2958/1/2958 2648/1/2648 3603/1/3603 
f 2915/1/2915 3490/1/3490 540/1/540 
f 3963/1/3963 1352/1/1352 1354/1/1354 
f 3963/1/3963 1354/1/1354 3839/1/3839 
f 3941/1/3941 1592/1/1592 578/1/578 
f 406/1/406 3551/1/3551 404/1/404 
f 276/1/276 1147/1/1147 3123/1/3123 
f 3121/1/3121 2075/1/2075 1872/1/1872 
f 670/1/670 2919/1/2919 2302/1/2302 
f 847/1/847 2357/1/2357 2192/1/2192 
f 459/1/459 3433/1/3433 3964/1/3964 
f 1964/1/1964 2347/1/2347 3965/1/3965 
f 3709/1/3709 2396/1/2396 2249/1/2249 
f 2215/1/2215 331/1/331 2104/1/2104 
f 3145/1/3145 1558/1/1558 97/1/97 
f 2476/1/2476 3966/1/3966 2701/1/2701 
f 1867/1/1867 998/1/998 2100/1/2100 
f 2264/1/2264 3616/1/3616 311/1/311 
f 1970/1/1970 3435/1/3435 827/1/827 
f 446/1/446 3921/1/3921 3967/1/3967 
f 653/1/653 1623/1/1623 2366/1/2366 
f 627/1/627 653/1/653 2366/1/2366 
f 1517/1/1517 1557/1/1557 534/1/534 
f 2306/1/2306 3773/1/3773 2307/1/2307 
f 1450/1/1450 908/1/908 1307/1/1307 
f 3964/1/3964 948/1/948 3434/1/3434 
f 1703/1/1703 2860/1/2860 1333/1/1333 
f 512/1/512 3687/1/3687 513/1/513 
f 1558/1/1558 1971/1/1971 1559/1/1559 
f 2148/1/2148 2535/1/2535 3366/1/3366 
f 3206/1/3206 887/1/887 1964/1/1964 
f 2772/1/2772 2965/1/2965 254/1/254 
f 3837/1/3837 1432/1/1432 3020/1/3020 
f 1294/1/1294 3285/1/3285 2452/1/2452 
f 3758/1/3758 3259/1/3259 3578/1/3578 
f 107/1/107 110/1/110 1547/1/1547 
f 310/1/310 107/1/107 1547/1/1547 
f 2715/1/2715 766/1/766 2292/1/2292 
f 3591/1/3591 1333/1/1333 2556/1/2556 
f 2850/1/2850 1859/1/1859 3430/1/3430 
f 1671/1/1671 404/1/404 3968/1/3968 
f 1671/1/1671 3968/1/3968 3468/1/3468 
f 3099/1/3099 526/1/526 2073/1/2073 
f 3881/1/3881 1130/1/1130 342/1/342 
f 3802/1/3802 1430/1/1430 1355/1/1355 
f 2753/1/2753 3662/1/3662 266/1/266 
f 94/1/94 855/1/855 95/1/95 
f 1345/1/1345 2561/1/2561 3557/1/3557 
f 578/1/578 580/1/580 3941/1/3941 
f 1666/1/1666 1292/1/1292 879/1/879 
f 687/1/687 689/1/689 1711/1/1711 
f 3870/1/3870 470/1/470 3969/1/3969 
f 1337/1/1337 1339/1/1339 2063/1/2063 
f 3407/1/3407 2428/1/2428 529/1/529 
f 667/1/667 669/1/669 1503/1/1503 
f 667/1/667 1503/1/1503 2542/1/2542 
f 663/1/663 662/1/662 454/1/454 
f 3970/1/3970 3239/1/3239 3241/1/3241 
f 1937/1/1937 1936/1/1936 865/1/865 
f 3748/1/3748 3971/1/3971 493/1/493 
f 3329/1/3329 3972/1/3972 115/1/115 
f 3419/1/3419 2947/1/2947 3150/1/3150 
f 2135/1/2135 3448/1/3448 3431/1/3431 
f 2265/1/2265 2267/1/2267 3876/1/3876 
f 3176/1/3176 3900/1/3900 2032/1/2032 
f 2954/1/2954 3176/1/3176 2032/1/2032 
f 3577/1/3577 3973/1/3973 3578/1/3578 
f 2100/1/2100 1878/1/1878 1410/1/1410 
f 155/1/155 1698/1/1698 1700/1/1700 
f 2684/1/2684 3974/1/3974 1320/1/1320 
f 3678/1/3678 3377/1/3377 1947/1/1947 
f 1726/1/1726 1285/1/1285 1727/1/1727 
f 2561/1/2561 118/1/118 2519/1/2519 
f 2449/1/2449 3620/1/3620 2450/1/2450 
f 2495/1/2495 3975/1/3975 3899/1/3899 
f 2369/1/2369 3633/1/3633 2370/1/2370 
f 1650/1/1650 1283/1/1283 2298/1/2298 
f 3464/1/3464 3465/1/3465 1035/1/1035 
f 2357/1/2357 2915/1/2915 1372/1/1372 
f 1116/1/1116 3471/1/3471 3976/1/3976 
f 1116/1/1116 3976/1/3976 1907/1/1907 
f 1999/1/1999 1347/1/1347 2561/1/2561 
f 2169/1/2169 3352/1/3352 2863/1/2863 
f 3299/1/3299 3300/1/3300 2157/1/2157 
f 3437/1/3437 3104/1/3104 3103/1/3103 
f 876/1/876 2482/1/2482 3977/1/3977 
f 225/1/225 530/1/530 2772/1/2772 
f 3978/1/3978 2895/1/2895 2691/1/2691 
f 3212/1/3212 1628/1/1628 1630/1/1630 
f 1757/1/1757 2806/1/2806 2245/1/2245 
f 157/1/157 2822/1/2822 2598/1/2598 
f 1069/1/1069 153/1/153 3979/1/3979 
f 2008/1/2008 2498/1/2498 1049/1/1049 
f 790/1/790 3164/1/3164 1317/1/1317 
f 790/1/790 1317/1/1317 3980/1/3980 
f 2249/1/2249 3226/1/3226 345/1/345 
f 2321/1/2321 2614/1/2614 512/1/512 
f 362/1/362 2247/1/2247 736/1/736 
f 1655/1/1655 3981/1/3981 2777/1/2777 
f 1401/1/1401 3279/1/3279 1402/1/1402 
f 3194/1/3194 3656/1/3656 431/1/431 
f 3134/1/3134 3296/1/3296 3007/1/3007 
f 3982/1/3982 1059/1/1059 3438/1/3438 
f 1929/1/1929 1792/1/1792 1833/1/1833 
f 3296/1/3296 3983/1/3983 3879/1/3879 
f 3048/1/3048 3836/1/3836 2311/1/2311 
f 2736/1/2736 2735/1/2735 3694/1/3694 
f 1218/1/1218 1457/1/1457 2482/1/2482 
f 1913/1/1913 1225/1/1225 1224/1/1224 
f 2934/1/2934 3863/1/3863 2935/1/2935 
f 3449/1/3449 1888/1/1888 770/1/770 
f 3554/1/3554 2656/1/2656 870/1/870 
f 2535/1/2535 1648/1/1648 3984/1/3984 
f 965/1/965 1422/1/1422 3355/1/3355 
f 1145/1/1145 293/1/293 295/1/295 
f 1732/1/1732 3032/1/3032 3907/1/3907 
f 2026/1/2026 2770/1/2770 2406/1/2406 
f 285/1/285 284/1/284 224/1/224 
f 3331/1/3331 1200/1/1200 2441/1/2441 
f 1510/1/1510 2178/1/2178 1650/1/1650 
f 3425/1/3425 965/1/965 3354/1/3354 
f 1681/1/1681 3632/1/3632 1682/1/1682 
f 3122/1/3122 3985/1/3985 469/1/469 
f 288/1/288 871/1/871 870/1/870 
f 3797/1/3797 3972/1/3972 3329/1/3329 
f 3086/1/3086 603/1/603 2169/1/2169 
f 3605/1/3605 773/1/773 3123/1/3123 
f 493/1/493 3175/1/3175 3986/1/3986 
f 493/1/493 3986/1/3986 1109/1/1109 
f 1025/1/1025 2374/1/2374 1356/1/1356 
f 759/1/759 761/1/761 1874/1/1874 
f 3987/1/3987 2662/1/2662 2578/1/2578 
f 568/1/568 570/1/570 1151/1/1151 
f 1133/1/1133 3319/1/3319 3321/1/3321 
f 3157/1/3157 3353/1/3353 3471/1/3471 
f 3191/1/3191 3249/1/3249 3316/1/3316 
f 1269/1/1269 1064/1/1064 2786/1/2786 
f 2162/1/2162 693/1/693 996/1/996 
f 2983/1/2983 1400/1/1400 1128/1/1128 
f 3544/1/3544 3321/1/3321 1597/1/1597 
f 2864/1/2864 3525/1/3525 1843/1/1843 
f 2952/1/2952 2142/1/2142 3988/1/3988 
f 494/1/494 1313/1/1313 495/1/495 
f 3863/1/3863 3989/1/3989 3990/1/3990 
f 2136/1/2136 2138/1/2138 3373/1/3373 
f 961/1/961 2827/1/2827 1500/1/1500 
f 644/1/644 2610/1/2610 3520/1/3520 
f 2071/1/2071 1090/1/1090 3991/1/3991 
f 2301/1/2301 3688/1/3688 2668/1/2668 
f 753/1/753 1282/1/1282 2639/1/2639 
f 3199/1/3199 760/1/760 910/1/910 
f 2127/1/2127 2324/1/2324 778/1/778 
f 3673/1/3673 3310/1/3310 2456/1/2456 
f 3598/1/3598 3804/1/3804 1410/1/1410 
f 2788/1/2788 686/1/686 1509/1/1509 
f 963/1/963 1771/1/1771 3622/1/3622 
f 993/1/993 2635/1/2635 2225/1/2225 
f 3500/1/3500 3951/1/3951 1827/1/1827 
f 3515/1/3515 2464/1/2464 2882/1/2882 
f 3487/1/3487 3056/1/3056 359/1/359 
f 585/1/585 584/1/584 439/1/439 
f 244/1/244 2382/1/2382 245/1/245 
f 3992/1/3992 555/1/555 3359/1/3359 
f 569/1/569 3911/1/3911 1364/1/1364 
f 999/1/999 2184/1/2184 3993/1/3993 
f 1171/1/1171 2783/1/2783 2672/1/2672 
f 514/1/514 2458/1/2458 705/1/705 
f 2484/1/2484 2739/1/2739 3994/1/3994 
f 218/1/218 217/1/217 3730/1/3730 
f 3552/1/3552 1583/1/1583 816/1/816 
f 153/1/153 3608/1/3608 3979/1/3979 
f 2702/1/2702 2504/1/2504 1114/1/1114 
f 1614/1/1614 1778/1/1778 268/1/268 
f 1613/1/1613 678/1/678 677/1/677 
f 1856/1/1856 1858/1/1858 2985/1/2985 
f 2966/1/2966 3926/1/3926 3504/1/3504 
f 2673/1/2673 2784/1/2784 1007/1/1007 
f 2344/1/2344 2837/1/2837 2345/1/2345 
f 290/1/290 280/1/280 282/1/282 
f 753/1/753 755/1/755 1282/1/1282 
f 395/1/395 397/1/397 3995/1/3995 
f 3899/1/3899 3975/1/3975 1703/1/1703 
f 396/1/396 1122/1/1122 3961/1/3961 
f 3996/1/3996 2732/1/2732 820/1/820 
f 3128/1/3128 898/1/898 897/1/897 
f 1950/1/1950 3315/1/3315 3997/1/3997 
f 1964/1/1964 3998/1/3998 3999/1/3999 
f 3996/1/3996 2645/1/2645 2732/1/2732 
f 201/1/201 1811/1/1811 2055/1/2055 
f 148/1/148 3543/1/3543 3485/1/3485 
f 3596/1/3596 2393/1/2393 2680/1/2680 
f 2394/1/2394 3596/1/3596 2680/1/2680 
f 1219/1/1219 1828/1/1828 877/1/877 
f 1219/1/1219 877/1/877 876/1/876 
f 897/1/897 899/1/899 3450/1/3450 
f 762/1/762 2707/1/2707 763/1/763 
f 3101/1/3101 895/1/895 624/1/624 
f 382/1/382 366/1/366 1497/1/1497 
f 2315/1/2315 382/1/382 1497/1/1497 
f 394/1/394 1222/1/1222 2714/1/2714 
f 595/1/595 455/1/455 812/1/812 
f 531/1/531 1609/1/1609 45/1/45 
f 2832/1/2832 1916/1/1916 655/1/655 
f 3850/1/3850 3870/1/3870 4000/1/4000 
f 87/1/87 822/1/822 988/1/988 
f 1789/1/1789 347/1/347 1178/1/1178 
f 3290/1/3290 341/1/341 340/1/340 
f 2704/1/2704 3905/1/3905 2705/1/2705 
f 1789/1/1789 403/1/403 347/1/347 
f 3223/1/3223 3702/1/3702 1636/1/1636 
f 2884/1/2884 2027/1/2027 2790/1/2790 
f 3598/1/3598 3718/1/3718 3293/1/3293 
f 2197/1/2197 2487/1/2487 2146/1/2146 
f 3299/1/3299 2156/1/2156 1318/1/1318 
f 3299/1/3299 1318/1/1318 4001/1/4001 
f 1731/1/1731 1755/1/1755 1732/1/1732 
f 2391/1/2391 4002/1/4002 1967/1/1967 
f 379/1/379 581/1/581 583/1/583 
f 3043/1/3043 3044/1/3044 3309/1/3309 
f 4003/1/4003 3372/1/3372 2623/1/2623 
f 2592/1/2592 1462/1/1462 3231/1/3231 
f 1254/1/1254 2080/1/2080 1486/1/1486 
f 450/1/450 3711/1/3711 3791/1/3791 
f 1610/1/1610 3051/1/3051 836/1/836 
f 2792/1/2792 917/1/917 2681/1/2681 
f 2361/1/2361 767/1/767 2488/1/2488 
f 1497/1/1497 1499/1/1499 258/1/258 
f 3432/1/3432 125/1/125 3483/1/3483 
f 2142/1/2142 109/1/109 1152/1/1152 
f 134/1/134 2571/1/2571 2570/1/2570 
f 49/1/49 2299/1/2299 54/1/54 
f 508/1/508 510/1/510 2834/1/2834 
f 2503/1/2503 3265/1/3265 397/1/397 
f 2503/1/2503 397/1/397 1909/1/1909 
f 547/1/547 546/1/546 2621/1/2621 
f 2041/1/2041 2758/1/2758 1077/1/1077 
f 4004/1/4004 305/1/305 1360/1/1360 
f 250/1/250 1078/1/1078 3726/1/3726 
f 1711/1/1711 147/1/147 1712/1/1712 
f 401/1/401 403/1/403 1251/1/1251 
f 1995/1/1995 1994/1/1994 2716/1/2716 
f 3792/1/3792 796/1/796 3749/1/3749 
f 27/1/27 532/1/532 53/1/53 
f 3934/1/3934 314/1/314 2845/1/2845 
f 1074/1/1074 1882/1/1882 2095/1/2095 
f 1189/1/1189 602/1/602 2346/1/2346 
f 61/1/61 3850/1/3850 3513/1/3513 
f 1030/1/1030 2051/1/2051 159/1/159 
f 636/1/636 4005/1/4005 637/1/637 
f 1441/1/1441 3664/1/3664 1717/1/1717 
f 2708/1/2708 291/1/291 2384/1/2384 
f 2788/1/2788 685/1/685 529/1/529 
f 3556/1/3556 3690/1/3690 4006/1/4006 
f 1004/1/1004 1003/1/1003 3716/1/3716 
f 1980/1/1980 1929/1/1929 2462/1/2462 
f 1980/1/1980 2462/1/2462 1792/1/1792 
f 403/1/403 2208/1/2208 3018/1/3018 
f 2980/1/2980 1404/1/1404 295/1/295 
f 4007/1/4007 3306/1/3306 1959/1/1959 
f 2471/1/2471 2741/1/2741 2683/1/2683 
f 2178/1/2178 1273/1/1273 2061/1/2061 
f 608/1/608 2563/1/2563 942/1/942 
f 396/1/396 2622/1/2622 1122/1/1122 
f 2367/1/2367 1625/1/1625 1627/1/1627 
f 1277/1/1277 1450/1/1450 1278/1/1278 
f 394/1/394 2422/1/2422 1649/1/1649 
f 1221/1/1221 2320/1/2320 814/1/814 
f 3549/1/3549 1927/1/1927 1926/1/1926 
f 4008/1/4008 1180/1/1180 2119/1/2119 
f 2972/1/2972 4009/1/4009 1956/1/1956 
f 2499/1/2499 149/1/149 2879/1/2879 
f 303/1/303 2177/1/2177 2015/1/2015 
f 3505/1/3505 3504/1/3504 3801/1/3801 
f 2901/1/2901 1305/1/1305 4010/1/4010 
f 2610/1/2610 3859/1/3859 3860/1/3860 
f 410/1/410 3080/1/3080 4011/1/4011 
f 2488/1/2488 2487/1/2487 1108/1/1108 
f 2668/1/2668 2839/1/2839 3136/1/3136 
f 4012/1/4012 1252/1/1252 402/1/402 
f 1061/1/1061 3439/1/3439 3438/1/3438 
f 222/1/222 1610/1/1610 1322/1/1322 
f 1996/1/1996 3624/1/3624 1997/1/1997 
f 2967/1/2967 3750/1/3750 796/1/796 
f 369/1/369 2168/1/2168 1969/1/1969 
f 3445/1/3445 2523/1/2523 404/1/404 
f 3509/1/3509 4013/1/4013 2233/1/2233 
f 1316/1/1316 652/1/652 3980/1/3980 
f 24/1/24 3349/1/3349 549/1/549 
f 3185/1/3185 3901/1/3901 3610/1/3610 
f 1702/1/1702 1301/1/1301 1303/1/1303 
f 1447/1/1447 2400/1/2400 2141/1/2141 
f 1447/1/1447 2141/1/2141 35/1/35 
f 3666/1/3666 3165/1/3165 3667/1/3667 
f 2074/1/2074 1695/1/1695 1771/1/1771 
f 576/1/576 3055/1/3055 1796/1/1796 
f 2759/1/2759 765/1/765 2641/1/2641 
f 3266/1/3266 1477/1/1477 2706/1/2706 
f 204/1/204 2585/1/2585 1738/1/1738 
f 2959/1/2959 1792/1/1792 2462/1/2462 
f 1098/1/1098 2632/1/2632 1535/1/1535 
f 1323/1/1323 2489/1/2489 1539/1/1539 
f 94/1/94 3874/1/3874 356/1/356 
f 854/1/854 2565/1/2565 2567/1/2567 
f 1741/1/1741 3508/1/3508 3202/1/3202 
f 1084/1/1084 549/1/549 1082/1/1082 
f 54/1/54 47/1/47 3485/1/3485 
f 4014/1/4014 3215/1/3215 3216/1/3216 
f 2849/1/2849 3790/1/3790 2693/1/2693 
f 1696/1/1696 1032/1/1032 2068/1/2068 
f 3488/1/3488 3487/1/3487 2617/1/2617 
f 1351/1/1351 1190/1/1190 2322/1/2322 
f 382/1/382 3000/1/3000 4015/1/4015 
f 3938/1/3938 3939/1/3939 3878/1/3878 
f 487/1/487 2786/1/2786 3917/1/3917 
f 1588/1/1588 1207/1/1207 912/1/912 
f 747/1/747 2207/1/2207 3901/1/3901 
f 2061/1/2061 2060/1/2060 1312/1/1312 
f 1658/1/1658 3733/1/3733 912/1/912 
f 3243/1/3243 2063/1/2063 3810/1/3810 
f 1136/1/1136 1135/1/1135 1138/1/1138 
f 2851/1/2851 1018/1/1018 405/1/405 
f 343/1/343 3227/1/3227 2395/1/2395 
f 2231/1/2231 2971/1/2971 627/1/627 
f 3162/1/3162 3161/1/3161 3578/1/3578 
f 2011/1/2011 949/1/949 2740/1/2740 
f 2380/1/2380 1791/1/1791 871/1/871 
f 186/1/186 940/1/940 939/1/939 
f 360/1/360 1288/1/1288 1912/1/1912 
f 1649/1/1649 1220/1/1220 393/1/393 
f 2601/1/2601 4016/1/4016 3590/1/3590 
f 315/1/315 1895/1/1895 1198/1/1198 
f 187/1/187 3678/1/3678 3019/1/3019 
f 1201/1/1201 1912/1/1912 1911/1/1911 
f 1088/1/1088 4017/1/4017 2473/1/2473 
f 2513/1/2513 787/1/787 3852/1/3852 
f 2466/1/2466 744/1/744 3469/1/3469 
f 3799/1/3799 1234/1/1234 3242/1/3242 
f 967/1/967 2421/1/2421 1784/1/1784 
f 3957/1/3957 483/1/483 3740/1/3740 
f 2428/1/2428 3010/1/3010 4018/1/4018 
f 4019/1/4019 3560/1/3560 3559/1/3559 
f 3542/1/3542 944/1/944 3745/1/3745 
f 2489/1/2489 2331/1/2331 1187/1/1187 
f 168/1/168 2938/1/2938 3959/1/3959 
f 2534/1/2534 786/1/786 3672/1/3672 
f 3052/1/3052 1982/1/1982 3787/1/3787 
f 4020/1/4020 928/1/928 927/1/927 
f 4001/1/4001 2703/1/2703 2823/1/2823 
f 1779/1/1779 3156/1/3156 2697/1/2697 
f 1447/1/1447 792/1/792 32/1/32 
f 1767/1/1767 483/1/483 3957/1/3957 
f 3722/1/3722 3449/1/3449 770/1/770 
f 4021/1/4021 3957/1/3957 4022/1/4022 
f 2991/1/2991 293/1/293 2979/1/2979 
f 3960/1/3960 2082/1/2082 3131/1/3131 
f 3444/1/3444 2545/1/2545 1321/1/1321 
f 3023/1/3023 2565/1/2565 1552/1/1552 
f 669/1/669 365/1/365 3891/1/3891 
f 1230/1/1230 256/1/256 3478/1/3478 
f 2605/1/2605 1202/1/1202 4023/1/4023 
f 4008/1/4008 3330/1/3330 3269/1/3269 
f 1665/1/1665 3136/1/3136 1666/1/1666 
f 815/1/815 400/1/400 149/1/149 
f 1855/1/1855 1854/1/1854 1936/1/1936 
f 384/1/384 2980/1/2980 1371/1/1371 
f 1698/1/1698 4024/1/4024 1015/1/1015 
f 700/1/700 4025/1/4025 4026/1/4026 
f 2927/1/2927 296/1/296 3539/1/3539 
f 1786/1/1786 1220/1/1220 1649/1/1649 
f 332/1/332 1009/1/1009 1902/1/1902 
f 412/1/412 2995/1/2995 1445/1/1445 
f 1022/1/1022 1021/1/1021 4027/1/4027 
f 2198/1/2198 3741/1/3741 1809/1/1809 
f 2883/1/2883 2940/1/2940 1159/1/1159 
f 1227/1/1227 3119/1/3119 2833/1/2833 
f 2361/1/2361 770/1/770 768/1/768 
f 1439/1/1439 2627/1/2627 2789/1/2789 
f 1439/1/1439 2789/1/2789 1437/1/1437 
f 2062/1/2062 3351/1/3351 392/1/392 
f 2337/1/2337 1120/1/1120 661/1/661 
f 1606/1/1606 1608/1/1608 4028/1/4028 
f 3055/1/3055 577/1/577 2876/1/2876 
f 472/1/472 3889/1/3889 3575/1/3575 
f 3659/1/3659 1415/1/1415 1414/1/1414 
f 2330/1/2330 2331/1/2331 2489/1/2489 
f 784/1/784 786/1/786 1849/1/1849 
f 1643/1/1643 2405/1/2405 4029/1/4029 
f 2979/1/2979 293/1/293 1421/1/1421 
f 2022/1/2022 2562/1/2562 2431/1/2431 
f 2279/1/2279 3849/1/3849 2465/1/2465 
f 3836/1/3836 4030/1/4030 2908/1/2908 
f 119/1/119 713/1/713 2235/1/2235 
f 4031/1/4031 2968/1/2968 1654/1/1654 
f 3866/1/3866 3867/1/3867 3755/1/3755 
f 2495/1/2495 4032/1/4032 3975/1/3975 
f 3547/1/3547 2998/1/2998 822/1/822 
f 1051/1/1051 1718/1/1718 1052/1/1052 
f 3003/1/3003 3963/1/3963 1869/1/1869 
f 3003/1/3003 1869/1/1869 2168/1/2168 
f 810/1/810 1121/1/1121 3171/1/3171 
f 61/1/61 2307/1/2307 3773/1/3773 
f 3133/1/3133 3464/1/3464 1035/1/1035 
f 3289/1/3289 1128/1/1128 1130/1/1130 
f 2569/1/2569 3422/1/3422 1940/1/1940 
f 3541/1/3541 832/1/832 2056/1/2056 
f 2164/1/2164 271/1/271 1054/1/1054 
f 3947/1/3947 1996/1/1996 3936/1/3936 
f 233/1/233 3878/1/3878 2756/1/2756 
f 3194/1/3194 3196/1/3196 3656/1/3656 
f 1099/1/1099 843/1/843 248/1/248 
f 4033/1/4033 3828/1/3828 3930/1/3930 
f 1803/1/1803 2524/1/2524 2526/1/2526 
f 1447/1/1447 32/1/32 896/1/896 
f 603/1/603 2838/1/2838 604/1/604 
f 875/1/875 4034/1/4034 1326/1/1326 
f 185/1/185 941/1/941 1434/1/1434 
f 185/1/185 1434/1/1434 2356/1/2356 
f 272/1/272 3933/1/3933 3523/1/3523 
f 2702/1/2702 3158/1/3158 1416/1/1416 
f 494/1/494 2982/1/2982 1812/1/1812 
f 3103/1/3103 4035/1/4035 3372/1/3372 
f 4036/1/4036 4037/1/4037 4038/1/4038 
f 2347/1/2347 2038/1/2038 2679/1/2679 
f 3503/1/3503 3597/1/3597 162/1/162 
f 1509/1/1509 2249/1/2249 2788/1/2788 
f 478/1/478 2280/1/2280 479/1/479 
f 3710/1/3710 1540/1/1540 3496/1/3496 
f 605/1/605 3064/1/3064 3154/1/3154 
f 3722/1/3722 632/1/632 634/1/634 
f 418/1/418 219/1/219 1696/1/1696 
f 3980/1/3980 3956/1/3956 1316/1/1316 
f 1922/1/1922 2211/1/2211 3214/1/3214 
f 2159/1/2159 2372/1/2372 783/1/783 
f 1290/1/1290 2040/1/2040 3440/1/3440 
f 1290/1/1290 3440/1/3440 1626/1/1626 
f 2222/1/2222 1213/1/1213 1697/1/1697 
f 852/1/852 2507/1/2507 1844/1/1844 
f 1340/1/1340 1408/1/1408 2308/1/2308 
f 3959/1/3959 2179/1/2179 168/1/168 
f 1760/1/1760 3990/1/3990 1459/1/1459 
f 3552/1/3552 639/1/639 3376/1/3376 
f 1574/1/1574 3966/1/3966 2476/1/2476 
f 2221/1/2221 1213/1/1213 355/1/355 
f 1984/1/1984 3053/1/3053 2115/1/2115 
f 3212/1/3212 1401/1/1401 3529/1/3529 
f 614/1/614 1174/1/1174 4039/1/4039 
f 2216/1/2216 1525/1/1525 3613/1/3613 
f 1963/1/1963 2037/1/2037 1964/1/1964 
f 1755/1/1755 798/1/798 3474/1/3474 
f 2204/1/2204 1331/1/1331 9/1/9 
f 1522/1/1522 1523/1/1523 2816/1/2816 
f 2839/1/2839 2380/1/2380 2381/1/2381 
f 1323/1/1323 267/1/267 2490/1/2490 
f 2931/1/2931 4040/1/4040 2859/1/2859 
f 3268/1/3268 1653/1/1653 1652/1/1652 
f 1162/1/1162 3129/1/3129 1595/1/1595 
f 284/1/284 528/1/528 224/1/224 
f 907/1/907 1933/1/1933 905/1/905 
f 1233/1/1233 1806/1/1806 2687/1/2687 
f 2181/1/2181 3623/1/3623 1319/1/1319 
f 3244/1/3244 639/1/639 3375/1/3375 
f 640/1/640 3244/1/3244 3375/1/3375 
f 3892/1/3892 3615/1/3615 2261/1/2261 
f 2285/1/2285 1451/1/1451 4041/1/4041 
f 924/1/924 3009/1/3009 2186/1/2186 
f 1715/1/1715 1769/1/1769 2334/1/2334 
f 4042/1/4042 4043/1/4043 4044/1/4044 
f 1306/1/1306 1305/1/1305 2226/1/2226 
f 3420/1/3420 2458/1/2458 3361/1/3361 
f 2001/1/2001 2003/1/2003 2517/1/2517 
f 3602/1/3602 3475/1/3475 3604/1/3604 
f 3993/1/3993 1201/1/1201 4045/1/4045 
f 1083/1/1083 2002/1/2002 3349/1/3349 
f 3900/1/3900 2893/1/2893 1344/1/1344 
f 1599/1/1599 566/1/566 3669/1/3669 
f 3111/1/3111 2713/1/2713 2328/1/2328 
f 3411/1/3411 3222/1/3222 2943/1/2943 
f 387/1/387 3235/1/3235 388/1/388 
f 3780/1/3780 3781/1/3781 3137/1/3137 
f 2103/1/2103 2731/1/2731 2104/1/2104 
f 2216/1/2216 2215/1/2215 3614/1/3614 
f 3339/1/3339 3190/1/3190 677/1/677 
f 676/1/676 3339/1/3339 677/1/677 
f 2312/1/2312 3236/1/3236 3298/1/3298 
f 1047/1/1047 2131/1/2131 3451/1/3451 
f 1689/1/1689 1379/1/1379 1378/1/1378 
f 3778/1/3778 1412/1/1412 1559/1/1559 
f 3515/1/3515 2882/1/2882 2465/1/2465 
f 1325/1/1325 3515/1/3515 2465/1/2465 
f 2367/1/2367 2040/1/2040 1625/1/1625 
f 3986/1/3986 1722/1/1722 1721/1/1721 
f 3704/1/3704 3243/1/3243 3834/1/3834 
f 3135/1/3135 3573/1/3573 3467/1/3467 
f 943/1/943 1019/1/1019 3134/1/3134 
f 3210/1/3210 3898/1/3898 3363/1/3363 
f 3949/1/3949 4046/1/4046 3948/1/3948 
f 3699/1/3699 3124/1/3124 3589/1/3589 
f 2810/1/2810 2098/1/2098 2811/1/2811 
f 3105/1/3105 329/1/329 327/1/327 
f 2955/1/2955 319/1/319 3856/1/3856 
f 3101/1/3101 3097/1/3097 3096/1/3096 
f 3421/1/3421 2906/1/2906 2706/1/2706 
f 1315/1/1315 3421/1/3421 2706/1/2706 
f 1816/1/1816 1719/1/1719 1817/1/1817 
f 4047/1/4047 828/1/828 827/1/827 
f 3435/1/3435 4047/1/4047 827/1/827 
f 1898/1/1898 981/1/981 1952/1/1952 
f 1898/1/1898 1952/1/1952 1896/1/1896 
f 1132/1/1132 1017/1/1017 1016/1/1016 
f 27/1/27 702/1/702 734/1/734 
f 1513/1/1513 1279/1/1279 2323/1/2323 
f 2473/1/2473 4017/1/4017 3751/1/3751 
f 2194/1/2194 1036/1/1036 2193/1/2193 
f 1808/1/1808 314/1/314 3934/1/3934 
f 563/1/563 4048/1/4048 564/1/564 
f 3077/1/3077 3061/1/3061 3774/1/3774 
f 1017/1/1017 572/1/572 2961/1/2961 
f 2349/1/2349 255/1/255 399/1/399 
f 1673/1/1673 3139/1/3139 2362/1/2362 
f 1894/1/1894 3027/1/3027 3029/1/3029 
f 2072/1/2072 2952/1/2952 3409/1/3409 
f 786/1/786 2172/1/2172 3672/1/3672 
f 3283/1/3283 2076/1/2076 18/1/18 
f 997/1/997 3292/1/3292 2751/1/2751 
f 1807/1/1807 1216/1/1216 1805/1/1805 
f 3415/1/3415 3281/1/3281 1006/1/1006 
f 2686/1/2686 1231/1/1231 2687/1/2687 
f 537/1/537 539/1/539 3688/1/3688 
f 3785/1/3785 1127/1/1127 894/1/894 
f 3238/1/3238 1373/1/1373 1375/1/1375 
f 4046/1/4046 4049/1/4049 3948/1/3948 
f 3056/1/3056 3487/1/3487 3057/1/3057 
f 862/1/862 3288/1/3288 3600/1/3600 
f 4027/1/4027 3510/1/3510 3512/1/3512 
f 3459/1/3459 2835/1/2835 1385/1/1385 
f 797/1/797 133/1/133 3051/1/3051 
f 4050/1/4050 3313/1/3313 2385/1/2385 
f 3251/1/3251 3250/1/3250 901/1/901 
f 2990/1/2990 206/1/206 1726/1/1726 
f 1808/1/1808 1810/1/1810 3028/1/3028 
f 749/1/749 965/1/965 3425/1/3425 
f 2766/1/2766 609/1/609 1966/1/1966 
f 506/1/506 1419/1/1419 3224/1/3224 
f 516/1/516 515/1/515 704/1/704 
f 241/1/241 1692/1/1692 3330/1/3330 
f 2279/1/2279 2464/1/2464 2280/1/2280 
f 2463/1/2463 426/1/426 425/1/425 
f 2897/1/2897 3970/1/3970 3241/1/3241 
f 2030/1/2030 2031/1/2031 3522/1/3522 
f 4051/1/4051 3786/1/3786 2085/1/2085 
f 2325/1/2325 3424/1/3424 731/1/731 
f 3941/1/3941 4052/1/4052 1593/1/1593 
f 3660/1/3660 3659/1/3659 1414/1/1414 
f 4042/1/4042 953/1/953 952/1/952 
f 589/1/589 557/1/557 2959/1/2959 
f 1172/1/1172 589/1/589 2959/1/2959 
f 740/1/740 4053/1/4053 1789/1/1789 
f 1788/1/1788 740/1/740 1789/1/1789 
f 1610/1/1610 50/1/50 45/1/45 
f 2320/1/2320 1037/1/1037 814/1/814 
f 2460/1/2460 771/1/771 3521/1/3521 
f 2622/1/2622 4054/1/4054 1122/1/1122 
f 2625/1/2625 30/1/30 207/1/207 
f 3548/1/3548 2625/1/2625 207/1/207 
f 3143/1/3143 2877/1/2877 1483/1/1483 
f 2803/1/2803 721/1/721 722/1/722 
f 1866/1/1866 2803/1/2803 722/1/722 
f 2523/1/2523 2387/1/2387 707/1/707 
f 3932/1/3932 2509/1/2509 802/1/802 
f 2295/1/2295 3552/1/3552 816/1/816 
f 2780/1/2780 2333/1/2333 573/1/573 
f 4055/1/4055 2140/1/2140 1957/1/1957 
f 1956/1/1956 4055/1/4055 1957/1/1957 
f 2273/1/2273 3325/1/3325 44/1/44 
f 1551/1/1551 829/1/829 410/1/410 
f 2936/1/2936 1718/1/1718 1717/1/1717 
f 4055/1/4055 3582/1/3582 2139/1/2139 
f 467/1/467 466/1/466 3581/1/3581 
f 1642/1/1642 1850/1/1850 1643/1/1643 
f 2922/1/2922 3704/1/3704 3703/1/3703 
f 1737/1/1737 2648/1/2648 3602/1/3602 
f 42/1/42 2418/1/2418 2032/1/2032 
f 2238/1/2238 2585/1/2585 671/1/671 
f 3742/1/3742 1372/1/1372 3091/1/3091 
f 2875/1/2875 4056/1/4056 2857/1/2857 
f 2042/1/2042 2675/1/2675 2674/1/2674 
f 2042/1/2042 2674/1/2674 2043/1/2043 
f 194/1/194 2884/1/2884 934/1/934 
f 2619/1/2619 900/1/900 902/1/902 
f 594/1/594 399/1/399 255/1/255 
f 1133/1/1133 3321/1/3321 1491/1/1491 
f 145/1/145 551/1/551 3036/1/3036 
f 2127/1/2127 2128/1/2128 779/1/779 
f 2694/1/2694 3497/1/3497 2057/1/2057 
f 3278/1/3278 2023/1/2023 2365/1/2365 
f 781/1/781 945/1/945 3126/1/3126 
f 461/1/461 3914/1/3914 3304/1/3304 
f 4057/1/4057 4058/1/4058 2066/1/2066 
f 3395/1/3395 185/1/185 187/1/187 
f 1771/1/1771 1770/1/1770 3120/1/3120 
f 3876/1/3876 370/1/370 1246/1/1246 
f 543/1/543 542/1/542 2237/1/2237 
f 2635/1/2635 2529/1/2529 2225/1/2225 
f 643/1/643 1346/1/1346 644/1/644 
f 410/1/410 4011/1/4011 1551/1/1551 
f 2477/1/2477 3812/1/3812 872/1/872 
f 3039/1/3039 2919/1/2919 672/1/672 
f 3934/1/3934 1809/1/1809 1808/1/1808 
f 2290/1/2290 2346/1/2346 2038/1/2038 
f 2831/1/2831 521/1/521 4059/1/4059 
f 59/1/59 1576/1/1576 57/1/57 
f 2495/1/2495 3183/1/3183 4032/1/4032 
f 1618/1/1618 3643/1/3643 3035/1/3035 
f 648/1/648 3632/1/3632 2446/1/2446 
f 4060/1/4060 2272/1/2272 2896/1/2896 
f 1291/1/1291 3865/1/3865 1289/1/1289 
f 1990/1/1990 1992/1/1992 3966/1/3966 
f 1065/1/1065 1066/1/1066 337/1/337 
f 3673/1/3673 3568/1/3568 2214/1/2214 
f 3969/1/3969 469/1/469 3761/1/3761 
f 1285/1/1285 206/1/206 2898/1/2898 
f 708/1/708 1686/1/1686 774/1/774 
f 897/1/897 3450/1/3450 1328/1/1328 
f 2324/1/2324 2128/1/2128 780/1/780 
f 30/1/30 1010/1/1010 206/1/206 
f 2216/1/2216 1524/1/1524 1176/1/1176 
f 1167/1/1167 2843/1/2843 4061/1/4061 
f 3657/1/3657 1167/1/1167 4061/1/4061 
f 1688/1/1688 1690/1/1690 2818/1/2818 
f 2983/1/2983 3886/1/3886 2918/1/2918 
f 2721/1/2721 3877/1/3877 96/1/96 
f 363/1/363 1096/1/1096 736/1/736 
f 2247/1/2247 363/1/363 736/1/736 
f 2033/1/2033 2637/1/2637 1904/1/1904 
f 1457/1/1457 1218/1/1218 2453/1/2453 
f 106/1/106 2649/1/2649 3649/1/3649 
f 4062/1/4062 2332/1/2332 2780/1/2780 
f 4062/1/4062 2780/1/2780 1131/1/1131 
f 3935/1/3935 3947/1/3947 3936/1/3936 
f 2048/1/2048 1968/1/1968 422/1/422 
f 355/1/355 3105/1/3105 2615/1/2615 
f 1800/1/1800 3671/1/3671 2524/1/2524 
f 1523/1/1523 3554/1/3554 481/1/481 
f 676/1/676 1775/1/1775 268/1/268 
f 1362/1/1362 1107/1/1107 2690/1/2690 
f 2667/1/2667 459/1/459 1665/1/1665 
f 1013/1/1013 1735/1/1735 4063/1/4063 
f 3727/1/3727 237/1/237 951/1/951 
f 3016/1/3016 1586/1/1586 3017/1/3017 
f 3339/1/3339 3189/1/3189 885/1/885 
f 877/1/877 2082/1/2082 878/1/878 
f 4064/1/4064 1507/1/1507 3837/1/3837 
f 2006/1/2006 3757/1/3757 3127/1/3127 
f 1585/1/1585 637/1/637 3217/1/3217 
f 1131/1/1131 2780/1/2780 2779/1/2779 
f 289/1/289 288/1/288 518/1/518 
f 3653/1/3653 2352/1/2352 2351/1/2351 
f 2097/1/2097 2948/1/2948 2659/1/2659 
f 342/1/342 3350/1/3350 1666/1/1666 
f 1527/1/1527 659/1/659 246/1/246 
f 1888/1/1888 767/1/767 770/1/770 
f 2010/1/2010 2407/1/2407 502/1/502 
f 380/1/380 3989/1/3989 3863/1/3863 
f 996/1/996 998/1/998 2866/1/2866 
f 3954/1/3954 247/1/247 435/1/435 
f 475/1/475 825/1/825 1160/1/1160 
f 400/1/400 71/1/71 74/1/74 
f 227/1/227 1377/1/1377 228/1/228 
f 2006/1/2006 2005/1/2005 2825/1/2825 
f 2286/1/2286 4065/1/4065 730/1/730 
f 2778/1/2778 1472/1/1472 1471/1/1471 
f 729/1/729 2135/1/2135 730/1/730 
f 2453/1/2453 447/1/447 1458/1/1458 
f 1584/1/1584 657/1/657 656/1/656 
f 244/1/244 3931/1/3931 2382/1/2382 
f 2322/1/2322 227/1/227 513/1/513 
f 2985/1/2985 1368/1/1368 1856/1/1856 
f 1465/1/1465 2951/1/2951 3720/1/3720 
f 1766/1/1766 2940/1/2940 1767/1/1767 
f 2885/1/2885 2030/1/2030 2564/1/2564 
f 2929/1/2929 3157/1/3157 2552/1/2552 
f 1561/1/1561 3396/1/3396 3357/1/3357 
f 2962/1/2962 1346/1/1346 643/1/643 
f 2252/1/2252 3579/1/3579 4066/1/4066 
f 3037/1/3037 2015/1/2015 1493/1/1493 
f 2276/1/2276 197/1/197 1691/1/1691 
f 1344/1/1344 1904/1/1904 3914/1/3914 
f 127/1/127 2318/1/2318 129/1/129 
f 3617/1/3617 1672/1/1672 1443/1/1443 
f 1512/1/1512 4019/1/4019 3559/1/3559 
f 148/1/148 147/1/147 3543/1/3543 
f 2886/1/2886 412/1/412 411/1/411 
f 4067/1/4067 2684/1/2684 263/1/263 
f 3568/1/3568 2215/1/2215 2214/1/2214 
f 2418/1/2418 3116/1/3116 2032/1/2032 
f 635/1/635 1363/1/1363 2496/1/2496 
f 908/1/908 1449/1/1449 1513/1/1513 
f 3193/1/3193 3086/1/3086 3085/1/3085 
f 4030/1/4030 1733/1/1733 2908/1/2908 
f 1766/1/1766 484/1/484 273/1/273 
f 3983/1/3983 1263/1/1263 3879/1/3879 
f 876/1/876 2385/1/2385 2482/1/2482 
f 3697/1/3697 4068/1/4068 3229/1/3229 
f 107/1/107 207/1/207 110/1/110 
f 2790/1/2790 3592/1/3592 598/1/598 
f 3554/1/3554 1622/1/1622 2656/1/2656 
f 1000/1/1000 999/1/999 3993/1/3993 
f 1946/1/1946 1499/1/1499 2454/1/2454 
f 1946/1/1946 2454/1/2454 1944/1/1944 
f 735/1/735 2616/1/2616 736/1/736 
f 3224/1/3224 2546/1/2546 3879/1/3879 
f 3617/1/3617 4069/1/4069 1442/1/1442 
f 208/1/208 1579/1/1579 1581/1/1581 
f 3537/1/3537 3818/1/3818 1830/1/1830 
f 2408/1/2408 586/1/586 969/1/969 
f 1007/1/1007 1009/1/1009 332/1/332 
f 3746/1/3746 4070/1/4070 1900/1/1900 
f 552/1/552 1514/1/1514 550/1/550 
f 3593/1/3593 2752/1/2752 3662/1/3662 
f 40/1/40 3140/1/3140 41/1/41 
f 834/1/834 833/1/833 2036/1/2036 
f 2281/1/2281 2373/1/2373 1026/1/1026 
f 422/1/422 2049/1/2049 2048/1/2048 
f 2219/1/2219 2641/1/2641 3334/1/3334 
f 372/1/372 2118/1/2118 3264/1/3264 
f 2732/1/2732 2645/1/2645 4071/1/4071 
f 2705/1/2705 2599/1/2599 2823/1/2823 
f 4072/1/4072 2755/1/2755 4073/1/4073 
f 281/1/281 291/1/291 282/1/282 
f 1229/1/1229 3466/1/3466 4074/1/4074 
f 1905/1/1905 2921/1/2921 977/1/977 
f 2148/1/2148 3783/1/3783 3233/1/3233 
f 3052/1/3052 3787/1/3787 3053/1/3053 
f 651/1/651 790/1/790 652/1/652 
f 2762/1/2762 2761/1/2761 3826/1/3826 
f 3234/1/3234 389/1/389 1921/1/1921 
f 642/1/642 2540/1/2540 643/1/643 
f 3421/1/3421 1579/1/1579 2906/1/2906 
f 3981/1/3981 1655/1/1655 2969/1/2969 
f 335/1/335 393/1/393 336/1/336 
f 693/1/693 695/1/695 1868/1/1868 
f 490/1/490 1590/1/1590 1589/1/1589 
f 161/1/161 3317/1/3317 2144/1/2144 
f 4048/1/4048 4075/1/4075 3408/1/3408 
f 3347/1/3347 3946/1/3946 1247/1/1247 
f 1993/1/1993 4020/1/4020 1905/1/1905 
f 2807/1/2807 2613/1/2613 1209/1/1209 
f 3006/1/3006 1263/1/1263 3983/1/3983 
f 3006/1/3006 3983/1/3983 1264/1/1264 
f 3318/1/3318 1605/1/1605 1604/1/1604 
f 564/1/564 4076/1/4076 3257/1/3257 
f 3954/1/3954 729/1/729 247/1/247 
f 267/1/267 1775/1/1775 3189/1/3189 
f 2516/1/2516 2587/1/2587 947/1/947 
f 3380/1/3380 505/1/505 1410/1/1410 
f 2657/1/2657 4021/1/4021 3740/1/3740 
f 2797/1/2797 2161/1/2161 3322/1/3322 
f 615/1/615 2197/1/2197 928/1/928 
f 4077/1/4077 1123/1/1123 1122/1/1122 
f 3706/1/3706 1937/1/1937 2529/1/2529 
f 3514/1/3514 1326/1/1326 4034/1/4034 
f 4078/1/4078 3098/1/3098 3100/1/3100 
f 1912/1/1912 1202/1/1202 2605/1/2605 
f 1871/1/1871 395/1/395 137/1/137 
f 3918/1/3918 2361/1/2361 2488/1/2488 
f 4079/1/4079 2852/1/2852 1919/1/1919 
f 3241/1/3241 3240/1/3240 2763/1/2763 
f 87/1/87 1100/1/1100 88/1/88 
f 558/1/558 557/1/557 588/1/588 
f 2248/1/2248 669/1/669 3891/1/3891 
f 1844/1/1844 4080/1/4080 2506/1/2506 
f 2590/1/2590 2584/1/2584 3300/1/3300 
f 1187/1/1187 1963/1/1963 3287/1/3287 
f 1225/1/1225 3721/1/3721 1914/1/1914 
f 3609/1/3609 3953/1/3953 1565/1/1565 
f 3792/1/3792 490/1/490 489/1/489 
f 2583/1/2583 2582/1/2582 3370/1/3370 
f 1045/1/1045 1579/1/1579 1958/1/1958 
f 2801/1/2801 2881/1/2881 3648/1/3648 
f 3195/1/3195 2962/1/2962 643/1/643 
f 3042/1/3042 3573/1/3573 3135/1/3135 
f 3558/1/3558 4081/1/4081 3820/1/3820 
f 2796/1/2796 2973/1/2973 2170/1/2170 
f 680/1/680 679/1/679 2887/1/2887 
f 2243/1/2243 545/1/545 1116/1/1116 
f 980/1/980 3317/1/3317 161/1/161 
f 4082/1/4082 3066/1/3066 755/1/755 
f 489/1/489 794/1/794 796/1/796 
f 3458/1/3458 4083/1/4083 3629/1/3629 
f 3010/1/3010 3407/1/3407 4018/1/4018 
f 688/1/688 149/1/149 2499/1/2499 
f 1861/1/1861 2029/1/2029 2652/1/2652 
f 3141/1/3141 3143/1/3143 1483/1/1483 
f 1044/1/1044 1043/1/1043 646/1/646 
f 2311/1/2311 3647/1/3647 3084/1/3084 
f 1041/1/1041 1473/1/1473 1042/1/1042 
f 809/1/809 3627/1/3627 3626/1/3626 
f 2082/1/2082 2626/1/2626 31/1/31 
f 216/1/216 2394/1/2394 280/1/280 
f 1257/1/1257 1064/1/1064 1063/1/1063 
f 2728/1/2728 1863/1/1863 3847/1/3847 
f 1410/1/1410 1878/1/1878 1679/1/1679 
f 345/1/345 1034/1/1034 2194/1/2194 
f 67/1/67 4084/1/4084 65/1/65 
f 2791/1/2791 1495/1/1495 2792/1/2792 
f 940/1/940 3186/1/3186 861/1/861 
f 940/1/940 861/1/861 4085/1/4085 
f 545/1/545 2243/1/2243 1228/1/1228 
f 4086/1/4086 2162/1/2162 2751/1/2751 
f 2628/1/2628 2292/1/2292 2294/1/2294 
f 2628/1/2628 2294/1/2294 1158/1/1158 
f 1107/1/1107 1710/1/1710 1709/1/1709 
f 1108/1/1108 1107/1/1107 1709/1/1709 
f 1813/1/1813 496/1/496 537/1/537 
f 3829/1/3829 2669/1/2669 621/1/621 
f 559/1/559 1049/1/1049 2498/1/2498 
f 270/1/270 1249/1/1249 1723/1/1723 
f 3924/1/3924 3819/1/3819 3108/1/3108 
f 1917/1/1917 1585/1/1585 3918/1/3918 
f 2531/1/2531 3747/1/3747 3729/1/3729 
f 2531/1/2531 3729/1/3729 3728/1/3728 
f 842/1/842 841/1/841 410/1/410 
f 3741/1/3741 1391/1/1391 1810/1/1810 
f 2793/1/2793 1654/1/1654 1655/1/1655 
f 3207/1/3207 2795/1/2795 3803/1/3803 
f 3441/1/3441 2017/1/2017 771/1/771 
f 3140/1/3140 497/1/497 1079/1/1079 
f 1500/1/1500 2827/1/2827 1501/1/1501 
f 3905/1/3905 4067/1/4067 3906/1/3906 
f 1790/1/1790 3445/1/3445 1670/1/1670 
f 2588/1/2588 570/1/570 3885/1/3885 
f 3932/1/3932 1614/1/1614 2509/1/2509 
f 1320/1/1320 2703/1/2703 1318/1/1318 
f 2746/1/2746 928/1/928 2264/1/2264 
f 2603/1/2603 3068/1/3068 520/1/520 
f 3781/1/3781 3509/1/3509 882/1/882 
f 263/1/263 262/1/262 2600/1/2600 
f 3986/1/3986 3861/1/3861 3174/1/3174 
f 1109/1/1109 3986/1/3986 3174/1/3174 
f 2477/1/2477 3255/1/3255 3908/1/3908 
f 4019/1/4019 4087/1/4087 3560/1/3560 
f 1738/1/1738 2585/1/2585 2387/1/2387 
f 1153/1/1153 194/1/194 1256/1/1256 
f 1200/1/1200 1199/1/1199 2047/1/2047 
f 425/1/425 2882/1/2882 2463/1/2463 
f 3870/1/3870 3166/1/3166 4000/1/4000 
f 2265/1/2265 1246/1/1246 90/1/90 
f 2726/1/2726 4088/1/4088 1329/1/1329 
f 2015/1/2015 3841/1/3841 304/1/304 
f 1851/1/1851 2215/1/2215 3568/1/3568 
f 3044/1/3044 1851/1/1851 3568/1/3568 
f 3260/1/3260 3385/1/3385 3723/1/3723 
f 1950/1/1950 3717/1/3717 4089/1/4089 
f 2788/1/2788 2395/1/2395 2429/1/2429 
f 2666/1/2666 459/1/459 3136/1/3136 
f 634/1/634 3452/1/3452 768/1/768 
f 2129/1/2129 4090/1/4090 63/1/63 
f 3960/1/3960 3131/1/3131 3734/1/3734 
f 646/1/646 1444/1/1444 3635/1/3635 
f 2125/1/2125 3287/1/3287 2126/1/2126 
f 1019/1/1019 942/1/942 3542/1/3542 
f 1019/1/1019 3542/1/3542 3295/1/3295 
f 1540/1/1540 3124/1/3124 3496/1/3496 
f 123/1/123 1755/1/1755 3474/1/3474 
f 1002/1/1002 1004/1/1004 2483/1/2483 
f 3952/1/3952 4091/1/4091 2909/1/2909 
f 2620/1/2620 2050/1/2050 1099/1/1099 
f 2986/1/2986 3183/1/3183 4092/1/4092 
f 339/1/339 3418/1/3418 2603/1/2603 
f 3138/1/3138 3899/1/3899 711/1/711 
f 1914/1/1914 3721/1/3721 1915/1/1915 
f 3870/1/3870 3871/1/3871 470/1/470 
f 1021/1/1021 3510/1/3510 4027/1/4027 
f 184/1/184 182/1/182 2125/1/2125 
f 2400/1/2400 1447/1/1447 2142/1/2142 
f 4093/1/4093 4094/1/4094 3203/1/3203 
f 1591/1/1591 3314/1/3314 4095/1/4095 
f 1440/1/1440 137/1/137 2631/1/2631 
f 2147/1/2147 2535/1/2535 3093/1/3093 
f 3787/1/3787 3075/1/3075 2114/1/2114 
f 1454/1/1454 990/1/990 1195/1/1195 
f 1839/1/1839 3201/1/3201 1840/1/1840 
f 1980/1/1980 1930/1/1930 716/1/716 
f 707/1/707 709/1/709 3088/1/3088 
f 1189/1/1189 2696/1/2696 2695/1/2695 
f 1149/1/1149 2902/1/2902 723/1/723 
f 1586/1/1586 1548/1/1548 1550/1/1550 
f 4096/1/4096 36/1/36 38/1/38 
f 310/1/310 2884/1/2884 242/1/242 
f 174/1/174 663/1/663 3618/1/3618 
f 103/1/103 174/1/174 3618/1/3618 
f 3818/1/3818 3925/1/3925 1830/1/1830 
f 2642/1/2642 1415/1/1415 2005/1/2005 
f 2642/1/2642 2005/1/2005 2087/1/2087 
f 1143/1/1143 4084/1/4084 1142/1/1142 
f 1091/1/1091 1093/1/1093 190/1/190 
f 931/1/931 840/1/840 829/1/829 
f 935/1/935 3246/1/3246 3245/1/3245 
f 3692/1/3692 935/1/935 3245/1/3245 
f 1565/1/1565 3971/1/3971 4097/1/4097 
f 3339/1/3339 886/1/886 3190/1/3190 
f 1453/1/1453 1954/1/1954 1557/1/1557 
f 3675/1/3675 2591/1/2591 156/1/156 
f 3280/1/3280 4/1/4 1/1/1 
f 1674/1/1674 213/1/213 1675/1/1675 
f 1362/1/1362 1918/1/1918 1211/1/1211 
f 4098/1/4098 1203/1/1203 4099/1/4099 
f 191/1/191 3094/1/3094 934/1/934 
f 2273/1/2273 4100/1/4100 3626/1/3626 
f 3405/1/3405 1274/1/1274 1276/1/1276 
f 2197/1/2197 1343/1/1343 1337/1/1337 
f 3322/1/3322 4101/1/4101 2797/1/2797 
f 3369/1/3369 3371/1/3371 4081/1/4081 
f 4102/1/4102 1703/1/1703 3975/1/3975 
f 997/1/997 1867/1/1867 2099/1/2099 
f 906/1/906 3172/1/3172 907/1/907 
f 2910/1/2910 1521/1/1521 3812/1/3812 
f 3451/1/3451 3611/1/3611 899/1/899 
f 1253/1/1253 3018/1/3018 2975/1/2975 
f 1253/1/1253 2975/1/2975 1701/1/1701 
f 4103/1/4103 1458/1/1458 448/1/448 
f 3977/1/3977 1002/1/1002 2483/1/2483 
f 2689/1/2689 2723/1/2723 1385/1/1385 
f 1962/1/1962 1616/1/1616 1504/1/1504 
f 1989/1/1989 1631/1/1631 550/1/550 
f 3297/1/3297 276/1/276 3532/1/3532 
f 3993/1/3993 3940/1/3940 3661/1/3661 
f 1421/1/1421 2833/1/2833 2607/1/2607 
f 3476/1/3476 3295/1/3295 3745/1/3745 
f 4104/1/4104 2139/1/2139 3701/1/3701 
f 530/1/530 4018/1/4018 2500/1/2500 
f 253/1/253 1354/1/1354 604/1/604 
f 3639/1/3639 2452/1/2452 2451/1/2451 
f 2270/1/2270 3014/1/3014 1075/1/1075 
f 2738/1/2738 3565/1/3565 1672/1/1672 
f 1867/1/1867 694/1/694 4086/1/4086 
f 996/1/996 1867/1/1867 4086/1/4086 
f 754/1/754 318/1/318 3856/1/3856 
f 3465/1/3465 1036/1/1036 1035/1/1035 
f 1097/1/1097 1238/1/1238 596/1/596 
f 2763/1/2763 3240/1/3240 3453/1/3453 
f 1291/1/1291 956/1/956 955/1/955 
f 657/1/657 3449/1/3449 1585/1/1585 
f 1040/1/1040 2774/1/2774 3152/1/3152 
f 521/1/521 1106/1/1106 617/1/617 
f 521/1/521 617/1/617 3090/1/3090 
f 2286/1/2286 2285/1/2285 4065/1/4065 
f 741/1/741 3101/1/3101 3096/1/3096 
f 826/1/826 1159/1/1159 757/1/757 
f 2052/1/2052 2051/1/2051 3364/1/3364 
f 1487/1/1487 2079/1/2079 4091/1/4091 
f 857/1/857 64/1/64 2415/1/2415 
f 3605/1/3605 3521/1/3521 773/1/773 
f 2677/1/2677 1579/1/1579 2430/1/2430 
f 2677/1/2677 2430/1/2430 1632/1/1632 
f 1801/1/1801 4105/1/4105 1802/1/1802 
f 2725/1/2725 1327/1/1327 4088/1/4088 
f 3137/1/3137 3043/1/3043 3780/1/3780 
f 3914/1/3914 1904/1/1904 2709/1/2709 
f 3453/1/3453 3247/1/3247 1184/1/1184 
f 1737/1/1737 672/1/672 2585/1/2585 
f 3023/1/3023 408/1/408 4106/1/4106 
f 4045/1/4045 3661/1/3661 2675/1/2675 
f 1284/1/1284 1547/1/1547 108/1/108 
f 2182/1/2182 3056/1/3056 2183/1/2183 
f 791/1/791 3980/1/3980 1317/1/1317 
f 1953/1/1953 1187/1/1187 1924/1/1924 
f 2356/1/2356 3091/1/3091 1372/1/1372 
f 707/1/707 3088/1/3088 1520/1/1520 
f 97/1/97 251/1/251 3145/1/3145 
f 1148/1/1148 1147/1/1147 3297/1/3297 
f 252/1/252 1876/1/1876 604/1/604 
f 568/1/568 2916/1/2916 569/1/569 
f 2218/1/2218 1814/1/1814 584/1/584 
f 4107/1/4107 1139/1/1139 2750/1/2750 
f 3545/1/3545 3804/1/3804 3598/1/3598 
f 2767/1/2767 198/1/198 13/1/13 
f 2767/1/2767 13/1/13 18/1/18 
f 2820/1/2820 1715/1/1715 3132/1/3132 
f 232/1/232 234/1/234 3939/1/3939 
f 1896/1/1896 1953/1/1953 1924/1/1924 
f 2312/1/2312 3532/1/3532 2313/1/2313 
f 1372/1/1372 3742/1/3742 2991/1/2991 
f 1372/1/1372 2991/1/2991 2357/1/2357 
f 884/1/884 2731/1/2731 3657/1/3657 
f 1892/1/1892 1210/1/1210 1209/1/1209 
f 2364/1/2364 3695/1/3695 421/1/421 
f 1903/1/1903 1902/1/1902 1165/1/1165 
f 1523/1/1523 1622/1/1622 2816/1/2816 
f 2754/1/2754 2297/1/2297 3199/1/3199 
f 1814/1/1814 2218/1/2218 2217/1/2217 
f 3726/1/3726 1078/1/1078 497/1/497 
f 1974/1/1974 1975/1/1975 3447/1/3447 
f 3191/1/3191 3316/1/3316 1417/1/1417 
f 2624/1/2624 3191/1/3191 1417/1/1417 
f 330/1/330 75/1/75 77/1/77 
f 1067/1/1067 3110/1/3110 1068/1/1068 
f 921/1/921 323/1/323 922/1/922 
f 801/1/801 3933/1/3933 3932/1/3932 
f 4108/1/4108 1574/1/1574 1573/1/1573 
f 2118/1/2118 371/1/371 2116/1/2116 
f 834/1/834 1181/1/1181 2694/1/2694 
f 4011/1/4011 3682/1/3682 2917/1/2917 
f 3095/1/3095 3085/1/3085 4109/1/4109 
f 965/1/965 3355/1/3355 3354/1/3354 
f 792/1/792 896/1/896 34/1/34 
f 1267/1/1267 84/1/84 1567/1/1567 
f 2140/1/2140 141/1/141 417/1/417 
f 1617/1/1617 985/1/985 667/1/667 
f 2907/1/2907 210/1/210 209/1/209 
f 626/1/626 1624/1/1624 3956/1/3956 
f 626/1/626 3956/1/3956 3496/1/3496 
f 4110/1/4110 3653/1/3653 2351/1/2351 
f 3707/1/3707 3706/1/3706 4111/1/4111 
f 1253/1/1253 1701/1/1701 4012/1/4012 
f 2048/1/2048 1921/1/1921 388/1/388 
f 3865/1/3865 2443/1/2443 1289/1/1289 
f 246/1/246 657/1/657 633/1/633 
f 2221/1/2221 269/1/269 354/1/354 
f 1763/1/1763 419/1/419 4079/1/4079 
f 3655/1/3655 1847/1/1847 3124/1/3124 
f 439/1/439 971/1/971 440/1/440 
f 4092/1/4092 2557/1/2557 1705/1/1705 
f 3635/1/3635 1672/1/1672 1044/1/1044 
f 3613/1/3613 1525/1/1525 1524/1/1524 
f 2814/1/2814 127/1/127 129/1/129 
f 3182/1/3182 1786/1/1786 335/1/335 
f 1229/1/1229 4074/1/4074 350/1/350 
f 3363/1/3363 3898/1/3898 1796/1/1796 
f 3838/1/3838 674/1/674 3415/1/3415 
f 4057/1/4057 2801/1/2801 4058/1/4058 
f 3995/1/3995 397/1/397 3970/1/3970 
f 3077/1/3077 3774/1/3774 3950/1/3950 
f 684/1/684 880/1/880 2984/1/2984 
f 3395/1/3395 3938/1/3938 3540/1/3540 
f 2866/1/2866 998/1/998 1867/1/1867 
f 1593/1/1593 3075/1/3075 579/1/579 
f 2371/1/2371 3824/1/3824 3882/1/3882 
f 1451/1/1451 1059/1/1059 3982/1/3982 
f 1961/1/1961 3394/1/3394 3524/1/3524 
f 132/1/132 797/1/797 3051/1/3051 
f 1996/1/1996 1998/1/1998 3936/1/3936 
f 978/1/978 1603/1/1603 1474/1/1474 
f 2022/1/2022 2021/1/2021 2562/1/2562 
f 1196/1/1196 265/1/265 264/1/264 
f 735/1/735 737/1/737 3198/1/3198 
f 2907/1/2907 3266/1/3266 210/1/210 
f 1566/1/1566 3229/1/3229 4097/1/4097 
f 822/1/822 2998/1/2998 823/1/823 
f 4095/1/4095 4112/1/4112 378/1/378 
f 2003/1/2003 2402/1/2402 2404/1/2404 
f 3311/1/3311 3987/1/3987 3676/1/3676 
f 1255/1/1255 2080/1/2080 2619/1/2619 
f 2754/1/2754 1583/1/1583 2297/1/2297 
f 1745/1/1745 4113/1/4113 4004/1/4004 
f 3906/1/3906 4067/1/4067 2599/1/2599 
f 3312/1/3312 1664/1/1664 3846/1/3846 
f 3345/1/3345 3307/1/3307 3308/1/3308 
f 1512/1/1512 1629/1/1629 1511/1/1511 
f 2068/1/2068 1032/1/1032 1031/1/1031 
f 1096/1/1096 2759/1/2759 1158/1/1158 
f 462/1/462 3593/1/3593 4114/1/4114 
f 827/1/827 3436/1/3436 1969/1/1969 
f 4071/1/4071 3994/1/3994 1536/1/1536 
f 1304/1/1304 1306/1/1306 2901/1/2901 
f 3020/1/3020 3798/1/3798 2798/1/2798 
f 1538/1/1538 320/1/320 2669/1/2669 
f 507/1/507 3879/1/3879 1263/1/1263 
f 3228/1/3228 869/1/869 640/1/640 
f 3228/1/3228 640/1/640 639/1/639 
f 3796/1/3796 1717/1/1717 1050/1/1050 
f 3033/1/3033 260/1/260 2316/1/2316 
f 994/1/994 3727/1/3727 4115/1/4115 
f 257/1/257 551/1/551 145/1/145 
f 1570/1/1570 1569/1/1569 3069/1/3069 
f 3622/1/3622 962/1/962 963/1/963 
f 540/1/540 847/1/847 2191/1/2191 
f 1468/1/1468 1605/1/1605 3354/1/3354 
f 1468/1/1468 3354/1/3354 3356/1/3356 
f 1644/1/1644 2762/1/2762 3827/1/3827 
f 119/1/119 1076/1/1076 1046/1/1046 
f 199/1/199 18/1/18 1965/1/1965 
f 1929/1/1929 556/1/556 2462/1/2462 
f 2066/1/2066 2196/1/2196 2195/1/2195 
f 3197/1/3197 4076/1/4076 3258/1/3258 
f 1735/1/1735 1734/1/1734 4063/1/4063 
f 1234/1/1234 1433/1/1433 2459/1/2459 
f 2070/1/2070 2127/1/2127 779/1/779 
f 1135/1/1135 2749/1/2749 1138/1/1138 
f 3342/1/3342 2791/1/2791 3343/1/3343 
f 1075/1/1075 3013/1/3013 2095/1/2095 
f 2206/1/2206 3228/1/3228 3901/1/3901 
f 3855/1/3855 713/1/713 1787/1/1787 
f 3855/1/3855 1787/1/1787 2438/1/2438 
f 3883/1/3883 1600/1/1600 1599/1/1599 
f 4116/1/4116 3585/1/3585 3584/1/3584 
f 3418/1/3418 616/1/616 520/1/520 
f 1776/1/1776 3339/1/3339 267/1/267 
f 1979/1/1979 1978/1/1978 4041/1/4041 
f 3982/1/3982 1979/1/1979 4041/1/4041 
f 750/1/750 749/1/749 3148/1/3148 
f 740/1/740 3096/1/3096 4053/1/4053 
f 1757/1/1757 680/1/680 2806/1/2806 
f 492/1/492 3376/1/3376 1582/1/1582 
f 3350/1/3350 2531/1/2531 3728/1/3728 
f 3350/1/3350 3728/1/3728 2587/1/2587 
f 99/1/99 582/1/582 97/1/97 
f 454/1/454 662/1/662 2589/1/2589 
f 454/1/454 2589/1/2589 2588/1/2588 
f 54/1/54 3485/1/3485 4117/1/4117 
f 1251/1/1251 1253/1/1253 4012/1/4012 
f 2545/1/2545 3444/1/3444 2511/1/2511 
f 3567/1/3567 2087/1/2087 2088/1/2088 
f 2166/1/2166 2293/1/2293 2164/1/2164 
f 2934/1/2934 2933/1/2933 2320/1/2320 
f 2254/1/2254 3809/1/3809 2255/1/2255 
f 46/1/46 55/1/55 4117/1/4117 
f 3485/1/3485 46/1/46 4117/1/4117 
f 3000/1/3000 4118/1/4118 4015/1/4015 
f 353/1/353 327/1/327 3153/1/3153 
f 2018/1/2018 1290/1/1290 3291/1/3291 
f 2138/1/2138 3379/1/3379 4119/1/4119 
f 2991/1/2991 2978/1/2978 2980/1/2980 
f 2926/1/2926 296/1/296 2927/1/2927 
f 3176/1/3176 2924/1/2924 1343/1/1343 
f 1791/1/1791 881/1/881 2154/1/2154 
f 2475/1/2475 984/1/984 668/1/668 
f 667/1/667 2475/1/2475 668/1/668 
f 610/1/610 830/1/830 611/1/611 
f 3875/1/3875 1972/1/1972 4120/1/4120 
f 2270/1/2270 230/1/230 3014/1/3014 
f 1444/1/1444 1672/1/1672 3635/1/3635 
f 747/1/747 3387/1/3387 3697/1/3697 
f 1235/1/1235 914/1/914 1959/1/1959 
f 3976/1/3976 3471/1/3471 1118/1/1118 
f 486/1/486 3518/1/3518 3562/1/3562 
f 3850/1/3850 4000/1/4000 3513/1/3513 
f 3938/1/3938 3878/1/3878 3540/1/3540 
f 1111/1/1111 3645/1/3645 1583/1/1583 
f 4031/1/4031 1654/1/1654 2793/1/2793 
f 2346/1/2346 602/1/602 2037/1/2037 
f 3476/1/3476 3178/1/3178 2890/1/2890 
f 165/1/165 2938/1/2938 168/1/168 
f 746/1/746 3184/1/3184 3185/1/3185 
f 3384/1/3384 4121/1/4121 473/1/473 
f 3694/1/3694 4037/1/4037 4036/1/4036 
f 3980/1/3980 871/1/871 2173/1/2173 
f 3980/1/3980 2173/1/2173 3956/1/3956 
f 1568/1/1568 3606/1/3606 490/1/490 
f 370/1/370 372/1/372 1427/1/1427 
f 3686/1/3686 3744/1/3744 3368/1/3368 
f 3035/1/3035 3643/1/3643 3814/1/3814 
f 2592/1/2592 3882/1/3882 2370/1/2370 
f 2990/1/2990 1012/1/1012 207/1/207 
f 3895/1/3895 2084/1/2084 1382/1/1382 
f 943/1/943 3134/1/3134 2977/1/2977 
f 1067/1/1067 2306/1/2306 2308/1/2308 
f 3000/1/3000 2542/1/2542 2248/1/2248 
f 291/1/291 281/1/281 3472/1/3472 
f 1932/1/1932 1979/1/1979 2284/1/2284 
f 1931/1/1931 1932/1/1932 2284/1/2284 
f 374/1/374 3931/1/3931 244/1/244 
f 295/1/295 2608/1/2608 1421/1/1421 
f 3418/1/3418 3550/1/3550 2603/1/2603 
f 1492/1/1492 1491/1/1491 3473/1/3473 
f 1546/1/1546 3791/1/3791 3712/1/3712 
f 1769/1/1769 2358/1/2358 2335/1/2335 
f 588/1/588 2749/1/2749 1137/1/1137 
f 3834/1/3834 3810/1/3810 1677/1/1677 
f 670/1/670 1738/1/1738 2387/1/2387 
f 1723/1/1723 485/1/485 1146/1/1146 
f 82/1/82 3816/1/3816 86/1/86 
f 1600/1/1600 1310/1/1310 1309/1/1309 
f 1752/1/1752 1352/1/1352 3002/1/3002 
f 215/1/215 214/1/214 280/1/280 
f 1401/1/1401 3486/1/3486 3529/1/3529 
f 3982/1/3982 4041/1/4041 1451/1/1451 
f 3809/1/3809 2944/1/2944 3348/1/3348 
f 2320/1/2320 2933/1/2933 1037/1/1037 
f 3884/1/3884 3048/1/3048 2311/1/2311 
f 3884/1/3884 2311/1/2311 2310/1/2310 
f 1331/1/1331 1124/1/1124 1646/1/1646 
f 1934/1/1934 2861/1/2861 256/1/256 
f 398/1/398 1934/1/1934 256/1/256 
f 881/1/881 2816/1/2816 2154/1/2154 
f 719/1/719 1369/1/1369 214/1/214 
f 1842/1/1842 3569/1/3569 3637/1/3637 
f 782/1/782 2159/1/2159 783/1/783 
f 1436/1/1436 1086/1/1086 1085/1/1085 
f 1836/1/1836 2760/1/2760 261/1/261 
f 1681/1/1681 3413/1/3413 2446/1/2446 
f 3632/1/3632 1681/1/1681 2446/1/2446 
f 844/1/844 4122/1/4122 1298/1/1298 
f 407/1/407 3691/1/3691 408/1/408 
f 2362/1/2362 431/1/431 1405/1/1405 
f 789/1/789 791/1/791 1317/1/1317 
f 2117/1/2117 362/1/362 361/1/361 
f 2174/1/2174 2176/1/2176 1653/1/1653 
f 1848/1/1848 3655/1/3655 3124/1/3124 
f 1848/1/1848 3124/1/3124 218/1/218 
f 2162/1/2162 2021/1/2021 694/1/694 
f 1740/1/1740 4123/1/4123 4093/1/4093 
f 3860/1/3860 165/1/165 3115/1/3115 
f 1113/1/1113 1115/1/1115 3869/1/3869 
f 2212/1/2212 2211/1/2211 1922/1/1922 
f 2495/1/2495 1368/1/1368 2985/1/2985 
f 3564/1/3564 4069/1/4069 2737/1/2737 
f 1672/1/1672 3564/1/3564 2737/1/2737 
f 1800/1/1800 2754/1/2754 3199/1/3199 
f 770/1/770 2361/1/2361 3722/1/3722 
f 4060/1/4060 2273/1/2273 3045/1/3045 
f 1138/1/1138 3257/1/3257 4076/1/4076 
f 3041/1/3041 3683/1/3683 3042/1/3042 
f 2185/1/2185 3951/1/3951 923/1/923 
f 1626/1/1626 1625/1/1625 956/1/956 
f 2512/1/2512 780/1/780 1388/1/1388 
f 2660/1/2660 2096/1/2096 2661/1/2661 
f 3800/1/3800 3802/1/3802 3873/1/3873 
f 4124/1/4124 3800/1/3800 3873/1/3873 
f 2947/1/2947 2577/1/2577 2486/1/2486 
f 3305/1/3305 2687/1/2687 1806/1/1806 
f 1218/1/1218 2482/1/2482 1219/1/1219 
f 3524/1/3524 3394/1/3394 1600/1/1600 
f 4098/1/4098 1204/1/1204 1203/1/1203 
f 2534/1/2534 3125/1/3125 1849/1/1849 
f 3725/1/3725 3516/1/3516 1645/1/1645 
f 2260/1/2260 3534/1/3534 3177/1/3177 
f 2821/1/2821 2188/1/2188 2187/1/2187 
f 3368/1/3368 3684/1/3684 1819/1/1819 
f 753/1/753 318/1/318 754/1/754 
f 2154/1/2154 2153/1/2153 871/1/871 
f 1004/1/1004 3716/1/3716 2541/1/2541 
f 964/1/964 2730/1/2730 1564/1/1564 
f 2131/1/2131 1046/1/1046 2132/1/2132 
f 1463/1/1463 1462/1/1462 1237/1/1237 
f 4125/1/4125 3998/1/3998 3965/1/3965 
f 3423/1/3423 777/1/777 732/1/732 
f 3588/1/3588 2868/1/2868 2869/1/2869 
f 1188/1/1188 1779/1/1779 1189/1/1189 
f 321/1/321 3218/1/3218 3148/1/3148 
f 88/1/88 435/1/435 2998/1/2998 
f 88/1/88 2998/1/2998 3547/1/3547 
f 759/1/759 910/1/910 760/1/760 
f 2281/1/2281 3463/1/3463 1387/1/1387 
f 1438/1/1438 1437/1/1437 1659/1/1659 
f 2524/1/2524 3671/1/3671 2525/1/2525 
f 1861/1/1861 3855/1/3855 3854/1/3854 
f 357/1/357 3874/1/3874 3877/1/3877 
f 855/1/855 357/1/357 3877/1/3877 
f 1480/1/1480 719/1/719 290/1/290 
f 3828/1/3828 4033/1/4033 1720/1/1720 
f 3509/1/3509 883/1/883 882/1/882 
f 2546/1/2546 1420/1/1420 3879/1/3879 
f 2244/1/2244 1832/1/1832 3031/1/3031 
f 948/1/948 3964/1/3964 3433/1/3433 
f 2587/1/2587 948/1/948 3433/1/3433 
f 2087/1/2087 2643/1/2643 2642/1/2642 
f 3193/1/3193 3085/1/3085 2135/1/2135 
f 2590/1/2590 3300/1/3300 156/1/156 
f 3011/1/3011 2594/1/2594 1898/1/1898 
f 2393/1/2393 282/1/282 2680/1/2680 
f 2239/1/2239 2765/1/2765 2764/1/2764 
f 267/1/267 3756/1/3756 2491/1/2491 
f 267/1/267 2491/1/2491 2490/1/2490 
f 594/1/594 3480/1/3480 144/1/144 
f 2076/1/2076 2078/1/2078 1840/1/1840 
f 3155/1/3155 2256/1/2256 2436/1/2436 
f 105/1/105 348/1/348 3087/1/3087 
f 3857/1/3857 3175/1/3175 1722/1/1722 
f 3857/1/3857 1722/1/1722 3986/1/3986 
f 2278/1/2278 479/1/479 2279/1/2279 
f 344/1/344 1244/1/1244 1035/1/1035 
f 532/1/532 51/1/51 50/1/50 
f 3183/1/3183 2494/1/2494 4032/1/4032 
f 1812/1/1812 2982/1/2982 3289/1/3289 
f 1778/1/1778 678/1/678 1615/1/1615 
f 2788/1/2788 2249/1/2249 2395/1/2395 
f 653/1/653 652/1/652 1623/1/1623 
f 3513/1/3513 4000/1/4000 509/1/509 
f 436/1/436 272/1/272 2375/1/2375 
f 3525/1/3525 3944/1/3944 1843/1/1843 
f 1960/1/1960 914/1/914 916/1/916 
f 3580/1/3580 903/1/903 1780/1/1780 
f 2026/1/2026 692/1/692 2771/1/2771 
f 267/1/267 1323/1/1323 182/1/182 
f 2029/1/2029 2234/1/2234 713/1/713 
f 435/1/435 247/1/247 249/1/249 
f 2922/1/2922 929/1/929 3704/1/3704 
f 1399/1/1399 496/1/496 2982/1/2982 
f 895/1/895 896/1/896 1652/1/1652 
f 3963/1/3963 3839/1/3839 1353/1/1353 
f 3963/1/3963 1353/1/1353 1869/1/1869 
f 2125/1/2125 2490/1/2490 2489/1/2489 
f 4101/1/4101 4064/1/4064 2797/1/2797 
f 2003/1/2003 2123/1/2123 610/1/610 
f 2864/1/2864 1712/1/1712 147/1/147 
f 3909/1/3909 3640/1/3640 3910/1/3910 
f 2205/1/2205 2207/1/2207 868/1/868 
f 105/1/105 346/1/346 348/1/348 
f 2627/1/2627 2626/1/2626 2789/1/2789 
f 2772/1/2772 2500/1/2500 2501/1/2501 
f 3743/1/3743 1832/1/1832 2244/1/2244 
f 555/1/555 554/1/554 3959/1/3959 
f 2385/1/2385 876/1/876 878/1/878 
f 2046/1/2046 2200/1/2200 633/1/633 
f 287/1/287 1522/1/1522 2816/1/2816 
f 2078/1/2078 2077/1/2077 3437/1/3437 
f 3599/1/3599 1685/1/1685 2446/1/2446 
f 951/1/951 237/1/237 4115/1/4115 
f 1424/1/1424 92/1/92 93/1/93 
f 2742/1/2742 2472/1/2472 2682/1/2682 
f 2093/1/2093 2993/1/2993 1632/1/1632 
f 850/1/850 3460/1/3460 851/1/851 
f 1611/1/1611 2774/1/2774 1612/1/1612 
f 1550/1/1550 1725/1/1725 1587/1/1587 
f 63/1/63 2849/1/2849 3646/1/3646 
f 64/1/64 63/1/63 3646/1/3646 
f 383/1/383 382/1/382 4015/1/4015 
f 3783/1/3783 2536/1/2536 3233/1/3233 
f 3739/1/3739 3574/1/3574 1161/1/1161 
f 1103/1/1103 3038/1/3038 3755/1/3755 
f 2651/1/2651 2650/1/2650 3341/1/3341 
f 785/1/785 1032/1/1032 2172/1/2172 
f 2626/1/2626 2680/1/2680 282/1/282 
f 2626/1/2626 282/1/282 2789/1/2789 
f 4086/1/4086 693/1/693 2162/1/2162 
f 3025/1/3025 130/1/130 1610/1/1610 
f 849/1/849 2134/1/2134 3413/1/3413 
f 638/1/638 3590/1/3590 3553/1/3553 
f 638/1/638 3553/1/3553 3724/1/3724 
f 146/1/146 3543/1/3543 689/1/689 
f 2965/1/2965 2772/1/2772 2501/1/2501 
f 2329/1/2329 2328/1/2328 134/1/134 
f 824/1/824 823/1/823 3390/1/3390 
f 3051/1/3051 131/1/131 958/1/958 
f 1262/1/1262 539/1/539 538/1/538 
f 1843/1/1843 3944/1/3944 850/1/850 
f 3209/1/3209 2857/1/2857 4056/1/4056 
f 995/1/995 12/1/12 16/1/16 
f 3442/1/3442 787/1/787 788/1/788 
f 3929/1/3929 213/1/213 212/1/212 
f 2879/1/2879 1761/1/1761 2865/1/2865 
f 1877/1/1877 721/1/721 1878/1/1878 
f 242/1/242 106/1/106 105/1/105 
f 1690/1/1690 1689/1/1689 2543/1/2543 
f 3301/1/3301 2842/1/2842 3302/1/3302 
f 1934/1/1934 1701/1/1701 2861/1/2861 
f 267/1/267 3339/1/3339 1775/1/1775 
f 1564/1/1564 3609/1/3609 3610/1/3610 
f 2363/1/2363 3139/1/3139 8/1/8 
f 1729/1/1729 2511/1/2511 2378/1/2378 
f 540/1/540 2356/1/2356 3742/1/3742 
f 1696/1/1696 2439/1/2439 2083/1/2083 
f 578/1/578 2350/1/2350 4110/1/4110 
f 1516/1/1516 1873/1/1873 3910/1/3910 
f 3032/1/3032 3333/1/3333 868/1/868 
f 3705/1/3705 2220/1/2220 2222/1/2222 
f 1760/1/1760 1461/1/1461 3525/1/3525 
f 2952/1/2952 3988/1/3988 1152/1/1152 
f 606/1/606 2031/1/2031 2885/1/2885 
f 1274/1/1274 1845/1/1845 1275/1/1275 
f 1725/1/1725 1724/1/1724 1588/1/1588 
f 1367/1/1367 3183/1/3183 3181/1/3181 
f 2047/1/2047 1936/1/1936 1935/1/1935 
f 715/1/715 2758/1/2758 517/1/517 
f 3675/1/3675 3311/1/3311 3676/1/3676 
f 599/1/599 1989/1/1989 1988/1/1988 
f 664/1/664 3498/1/3498 3784/1/3784 
f 664/1/664 3784/1/3784 662/1/662 
f 3919/1/3919 920/1/920 4126/1/4126 
f 2893/1/2893 2892/1/2892 1344/1/1344 
f 2363/1/2363 1841/1/1841 3139/1/3139 
f 4007/1/4007 3586/1/3586 2797/1/2797 
f 3624/1/3624 1998/1/1998 3040/1/3040 
f 1053/1/1053 1055/1/1055 4022/1/4022 
f 3861/1/3861 817/1/817 3857/1/3857 
f 2441/1/2441 1635/1/1635 2442/1/2442 
f 20/1/20 1884/1/1884 1474/1/1474 
f 1950/1/1950 3997/1/3997 1951/1/1951 
f 4086/1/4086 3545/1/3545 997/1/997 
f 996/1/996 4086/1/4086 997/1/997 
f 768/1/768 811/1/811 2411/1/2411 
f 4051/1/4051 3894/1/3894 4127/1/4127 
f 2450/1/2450 2576/1/2576 4128/1/4128 
f 1487/1/1487 1255/1/1255 2079/1/2079 
f 2823/1/2823 2599/1/2599 2598/1/2598 
f 2347/1/2347 1780/1/1780 2348/1/2348 
f 1239/1/1239 1463/1/1463 1237/1/1237 
f 3379/1/3379 3806/1/3806 2181/1/2181 
f 4098/1/4098 2110/1/2110 1204/1/1204 
f 3123/1/3123 1147/1/1147 1146/1/1146 
f 2876/1/2876 576/1/576 1796/1/1796 
f 298/1/298 2330/1/2330 1953/1/1953 
f 3011/1/3011 298/1/298 1953/1/1953 
f 2444/1/2444 3412/1/3412 935/1/935 
f 2460/1/2460 3539/1/3539 771/1/771 
f 2859/1/2859 1207/1/1207 913/1/913 
f 2091/1/2091 1839/1/1839 68/1/68 
f 2431/1/2431 2885/1/2885 566/1/566 
f 3657/1/3657 4061/1/4061 3658/1/3658 
f 1955/1/1955 1957/1/1957 3211/1/3211 
f 2875/1/2875 3210/1/3210 3363/1/3363 
f 2876/1/2876 2875/1/2875 3363/1/3363 
f 1036/1/1036 344/1/344 1245/1/1245 
f 2781/1/2781 2961/1/2961 574/1/574 
f 1464/1/1464 3558/1/3558 3820/1/3820 
f 1944/1/1944 2454/1/2454 2440/1/2440 
f 2517/1/2517 609/1/609 2766/1/2766 
f 1664/1/1664 1785/1/1785 3846/1/3846 
f 2533/1/2533 3754/1/3754 2532/1/2532 
f 2435/1/2435 1133/1/1133 574/1/574 
f 573/1/573 2435/1/2435 574/1/574 
f 3115/1/3115 2610/1/2610 3860/1/3860 
f 3819/1/3819 2578/1/2578 3109/1/3109 
f 1270/1/1270 2539/1/2539 1271/1/1271 
f 1456/1/1456 1455/1/1455 2449/1/2449 
f 2620/1/2620 4129/1/4129 2050/1/2050 
f 1076/1/1076 3554/1/3554 1505/1/1505 
f 879/1/879 682/1/682 880/1/880 
f 1888/1/1888 1585/1/1585 3217/1/3217 
f 3834/1/3834 3243/1/3243 3810/1/3810 
f 283/1/283 2004/1/2004 2745/1/2745 
f 2945/1/2945 177/1/177 2554/1/2554 
f 56/1/56 4117/1/4117 3597/1/3597 
f 520/1/520 3872/1/3872 2899/1/2899 
f 3733/1/3733 911/1/911 913/1/913 
f 2607/1/2607 1144/1/1144 1575/1/1575 
f 1068/1/1068 3110/1/3110 2403/1/2403 
f 785/1/785 2068/1/2068 2203/1/2203 
f 3234/1/3234 2903/1/2903 389/1/389 
f 3198/1/3198 737/1/737 2218/1/2218 
f 2843/1/2843 3658/1/3658 884/1/884 
f 924/1/924 1828/1/1828 2386/1/2386 
f 3499/1/3499 924/1/924 2386/1/2386 
f 4117/1/4117 55/1/55 3597/1/3597 
f 3833/1/3833 16/1/16 2092/1/2092 
f 715/1/715 3855/1/3855 2652/1/2652 
f 4063/1/4063 2768/1/2768 3913/1/3913 
f 1879/1/1879 1594/1/1594 1880/1/1880 
f 2118/1/2118 2246/1/2246 3264/1/3264 
f 601/1/601 2697/1/2697 1542/1/1542 
f 3704/1/3704 3834/1/3834 976/1/976 
f 2014/1/2014 215/1/215 2394/1/2394 
f 3138/1/3138 3382/1/3382 3168/1/3168 
f 3355/1/3355 1422/1/1422 1507/1/1507 
f 3975/1/3975 4032/1/4032 4102/1/4102 
f 1488/1/1488 2145/1/2145 2411/1/2411 
f 1308/1/1308 2873/1/2873 4130/1/4130 
f 3592/1/3592 1577/1/1577 391/1/391 
f 829/1/829 2447/1/2447 3022/1/3022 
f 3382/1/3382 2494/1/2494 1367/1/1367 
f 2651/1/2651 1721/1/1721 259/1/259 
f 1581/1/1581 210/1/210 2430/1/2430 
f 273/1/273 276/1/276 274/1/274 
f 4120/1/4120 1972/1/1972 1971/1/1971 
f 1702/1/1702 2738/1/2738 4069/1/4069 
f 3564/1/3564 1702/1/1702 4069/1/4069 
f 87/1/87 3547/1/3547 822/1/822 
f 2725/1/2725 4088/1/4088 3630/1/3630 
f 463/1/463 462/1/462 4114/1/4114 
f 463/1/463 4114/1/4114 3662/1/3662 
f 147/1/147 1711/1/1711 3543/1/3543 
f 1342/1/1342 1210/1/1210 635/1/635 
f 1342/1/1342 635/1/635 4005/1/4005 
f 3127/1/3127 2728/1/2728 2006/1/2006 
f 3986/1/3986 1721/1/1721 3861/1/3861 
f 1979/1/1979 2285/1/2285 2284/1/2284 
f 1646/1/1646 1645/1/1645 9/1/9 
f 1312/1/1312 494/1/494 2303/1/2303 
f 1817/1/1817 990/1/990 1454/1/1454 
f 2744/1/2744 1572/1/1572 2106/1/2106 
f 891/1/891 890/1/890 1618/1/1618 
f 1870/1/1870 824/1/824 1871/1/1871 
f 944/1/944 3188/1/3188 1490/1/1490 
f 1197/1/1197 3569/1/3569 1842/1/1842 
f 1197/1/1197 1842/1/1842 2996/1/2996 
f 1813/1/1813 1812/1/1812 341/1/341 
f 1813/1/1813 341/1/341 3688/1/3688 
f 74/1/74 1762/1/1762 2879/1/2879 
f 2373/1/2373 3026/1/3026 452/1/452 
f 3549/1/3549 2697/1/2697 601/1/601 
f 1662/1/1662 2548/1/2548 2747/1/2747 
f 3502/1/3502 3842/1/3842 3410/1/3410 
f 1526/1/1526 1525/1/1525 2874/1/2874 
f 3161/1/3161 3767/1/3767 3577/1/3577 
f 588/1/588 1137/1/1137 1139/1/1139 
f 4/1/4 3280/1/3280 176/1/176 
f 591/1/591 4112/1/4112 592/1/592 
f 779/1/779 2128/1/2128 2514/1/2514 
f 4131/1/4131 3968/1/3968 3551/1/3551 
f 406/1/406 4131/1/4131 3551/1/3551 
f 2126/1/2126 3287/1/3287 3005/1/3005 
f 1701/1/1701 2094/1/2094 3036/1/3036 
f 1118/1/1118 1117/1/1117 1907/1/1907 
f 2918/1/2918 3886/1/3886 3290/1/3290 
f 2725/1/2725 3630/1/3630 3601/1/3601 
f 491/1/491 3376/1/3376 3244/1/3244 
f 1730/1/1730 1732/1/1732 3184/1/3184 
f 1380/1/1380 3571/1/3571 3825/1/3825 
f 100/1/100 102/1/102 569/1/569 
f 3336/1/3336 2381/1/2381 3337/1/3337 
f 1531/1/1531 864/1/864 863/1/863 
f 2685/1/2685 1231/1/1231 2686/1/2686 
f 2947/1/2947 2946/1/2946 3150/1/3150 
f 2261/1/2261 3615/1/3615 1824/1/1824 
f 1808/1/1808 3028/1/3028 3027/1/3027 
f 3993/1/3993 2184/1/2184 1001/1/1001 
f 4130/1/4130 2873/1/2873 759/1/759 
f 2542/1/2542 3464/1/3464 1245/1/1245 
f 355/1/355 3484/1/3484 353/1/353 
f 2636/1/2636 2225/1/2225 1937/1/1937 
f 3231/1/3231 4089/1/4089 3717/1/3717 
f 1605/1/1605 3814/1/3814 3354/1/3354 
f 3852/1/3852 787/1/787 3442/1/3442 
f 4132/1/4132 3486/1/3486 3488/1/3488 
f 3948/1/3948 4049/1/4049 4037/1/4037 
f 2103/1/2103 3658/1/3658 2731/1/2731 
f 541/1/541 2905/1/2905 2237/1/2237 
f 2750/1/2750 3197/1/3197 1138/1/1138 
f 3796/1/3796 1050/1/1050 1412/1/1412 
f 3181/1/3181 1987/1/1987 1368/1/1368 
f 1854/1/1854 1853/1/1853 2441/1/2441 
f 1553/1/1553 3903/1/3903 1554/1/1554 
f 2163/1/2163 2803/1/2803 2802/1/2802 
f 724/1/724 1798/1/1798 2902/1/2902 
f 1616/1/1616 366/1/366 2537/1/2537 
f 2452/1/2452 2572/1/2572 1897/1/1897 
f 3860/1/3860 2937/1/2937 165/1/165 
f 3844/1/3844 3656/1/3656 4133/1/4133 
f 1786/1/1786 3182/1/3182 1220/1/1220 
f 3955/1/3955 1770/1/1770 1695/1/1695 
f 2098/1/2098 2522/1/2522 2811/1/2811 
f 2039/1/2039 2367/1/2367 3440/1/3440 
f 2039/1/2039 3440/1/3440 2040/1/2040 
f 1387/1/1387 3463/1/3463 2514/1/2514 
f 2528/1/2528 3706/1/3706 2529/1/2529 
f 2584/1/2584 2157/1/2157 3300/1/3300 
f 1842/1/1842 3637/1/3637 2997/1/2997 
f 541/1/541 847/1/847 1228/1/1228 
f 3913/1/3913 4134/1/4134 4063/1/4063 
f 1464/1/1464 1238/1/1238 2724/1/2724 
f 3966/1/3966 1992/1/1992 2701/1/2701 
f 514/1/514 1562/1/1562 515/1/515 
f 243/1/243 3731/1/3731 244/1/244 
f 2931/1/2931 2859/1/2859 2932/1/2932 
f 2306/1/2306 3771/1/3771 3773/1/3773 
f 1458/1/1458 3304/1/3304 448/1/448 
f 3979/1/3979 2310/1/2310 2306/1/2306 
f 2963/1/2963 1595/1/1595 2034/1/2034 
f 2116/1/2116 2246/1/2246 2117/1/2117 
f 3761/1/3761 2824/1/2824 3166/1/3166 
f 1783/1/1783 1782/1/1782 1182/1/1182 
f 3843/1/3843 1955/1/1955 4104/1/4104 
f 607/1/607 606/1/606 3522/1/3522 
f 1384/1/1384 2836/1/2836 2835/1/2835 
f 3631/1/3631 3630/1/3630 2726/1/2726 
f 3690/1/3690 2478/1/2478 4009/1/4009 
f 1289/1/1289 1777/1/1777 3291/1/3291 
f 1693/1/1693 1695/1/1695 1596/1/1596 
f 4135/1/4135 4136/1/4136 3612/1/3612 
f 3659/1/3659 2826/1/2826 1415/1/1415 
f 3489/1/3489 1058/1/1058 3446/1/3446 
f 2880/1/2880 3152/1/3152 2401/1/2401 
f 3826/1/3826 2761/1/2761 1496/1/1496 
f 1601/1/1601 1016/1/1016 982/1/982 
f 873/1/873 479/1/479 2278/1/2278 
f 2400/1/2400 2914/1/2914 2952/1/2952 
f 2466/1/2466 2400/1/2400 2952/1/2952 
f 1741/1/1741 3202/1/3202 3203/1/3203 
f 2099/1/2099 3531/1/3531 3293/1/3293 
f 1713/1/1713 4113/1/4113 1745/1/1745 
f 208/1/208 1581/1/1581 2907/1/2907 
f 2681/1/2681 723/1/723 726/1/726 
f 1512/1/1512 3559/1/3559 2433/1/2433 
f 353/1/353 352/1/352 3105/1/3105 
f 2623/1/2623 4137/1/4137 4003/1/4003 
f 53/1/53 50/1/50 835/1/835 
f 3366/1/3366 4057/1/4057 2195/1/2195 
f 3084/1/3084 3647/1/3647 1822/1/1822 
f 2710/1/2710 282/1/282 2708/1/2708 
f 2973/1/2973 4138/1/4138 3829/1/3829 
f 1894/1/1894 3029/1/3029 1199/1/1199 
f 3388/1/3388 4002/1/4002 1667/1/1667 
f 3565/1/3565 646/1/646 1672/1/1672 
f 2582/1/2582 1690/1/1690 2543/1/2543 
f 3121/1/3121 3622/1/3622 1771/1/1771 
f 4139/1/4139 1022/1/1022 4027/1/4027 
f 3333/1/3333 2873/1/2873 1308/1/1308 
f 4016/1/4016 3333/1/3333 1308/1/1308 
f 571/1/571 7/1/7 8/1/8 
f 849/1/849 441/1/441 2134/1/2134 
f 3956/1/3956 3763/1/3763 3496/1/3496 
f 2121/1/2121 276/1/276 3123/1/3123 
f 2887/1/2887 2748/1/2748 2805/1/2805 
f 609/1/609 611/1/611 2077/1/2077 
f 4062/1/4062 3670/1/3670 3883/1/3883 
f 1704/1/1704 2860/1/2860 1705/1/1705 
f 291/1/291 2627/1/2627 1439/1/1439 
f 1833/1/1833 3031/1/3031 1834/1/1834 
f 2508/1/2508 1776/1/1776 1963/1/1963 
f 182/1/182 2508/1/2508 1963/1/1963 
f 1146/1/1146 1148/1/1148 275/1/275 
f 3002/1/3002 2168/1/2168 1752/1/1752 
f 1571/1/1571 1570/1/1570 2434/1/2434 
f 2015/1/2015 3037/1/3037 1546/1/1546 
f 1200/1/1200 1935/1/1935 3223/1/3223 
f 3740/1/3740 970/1/970 2657/1/2657 
f 925/1/925 2062/1/2062 392/1/392 
f 3115/1/3115 165/1/165 164/1/164 
f 802/1/802 182/1/182 2594/1/2594 
f 802/1/802 2594/1/2594 2125/1/2125 
f 3034/1/3034 1755/1/1755 1731/1/1731 
f 2086/1/2086 3575/1/3575 3889/1/3889 
f 492/1/492 1582/1/1582 1110/1/1110 
f 1109/1/1109 492/1/492 1110/1/1110 
f 426/1/426 2882/1/2882 427/1/427 
f 1897/1/1897 3011/1/3011 1898/1/1898 
f 1044/1/1044 1958/1/1958 3714/1/3714 
f 3232/1/3232 1452/1/1452 3665/1/3665 
f 251/1/251 3111/1/3111 2327/1/2327 
f 878/1/878 306/1/306 2399/1/2399 
f 2516/1/2516 947/1/947 2585/1/2585 
f 3507/1/3507 3212/1/3212 3530/1/3530 
f 3440/1/3440 2367/1/2367 1627/1/1627 
f 1703/1/1703 1705/1/1705 2556/1/2556 
f 2245/1/2245 441/1/441 848/1/848 
f 1862/1/1862 854/1/854 2567/1/2567 
f 4140/1/4140 4037/1/4037 4049/1/4049 
f 2175/1/2175 1152/1/1152 309/1/309 
f 63/1/63 856/1/856 1859/1/1859 
f 2802/1/2802 2745/1/2745 1287/1/1287 
f 1841/1/1841 2363/1/2363 1405/1/1405 
f 3608/1/3608 3114/1/3114 3642/1/3642 
f 4141/1/4141 133/1/133 797/1/797 
f 3900/1/3900 2892/1/2892 448/1/448 
f 2252/1/2252 4066/1/4066 4142/1/4142 
f 2253/1/2253 2252/1/2252 4142/1/4142 
f 2893/1/2893 180/1/180 3914/1/3914 
f 64/1/64 3646/1/3646 2415/1/2415 
f 4006/1/4006 4009/1/4009 2972/1/2972 
f 3124/1/3124 142/1/142 3710/1/3710 
f 3961/1/3961 1124/1/1124 2052/1/2052 
f 1921/1/1921 389/1/389 388/1/388 
f 1130/1/1130 3881/1/3881 2515/1/2515 
f 1599/1/1599 2779/1/2779 2333/1/2333 
f 2755/1/2755 717/1/717 4073/1/4073 
f 2263/1/2263 1739/1/1739 4093/1/4093 
f 4123/1/4123 2263/1/2263 4093/1/4093 
f 2885/1/2885 3205/1/3205 606/1/606 
f 2191/1/2191 2915/1/2915 2357/1/2357 
f 3280/1/3280 416/1/416 176/1/176 
f 1201/1/1201 2606/1/2606 2043/1/2043 
f 910/1/910 1875/1/1875 2634/1/2634 
f 2139/1/2139 3582/1/3582 3927/1/3927 
f 2696/1/2696 2697/1/2697 1926/1/1926 
f 276/1/276 2283/1/2283 4143/1/4143 
f 2374/1/2374 1026/1/1026 2373/1/2373 
f 2700/1/2700 2699/1/2699 889/1/889 
f 19/1/19 2144/1/2144 2467/1/2467 
f 1069/1/1069 2306/1/2306 1067/1/1067 
f 277/1/277 279/1/279 3155/1/3155 
f 2540/1/2540 3562/1/3562 3520/1/3520 
f 2542/1/2542 669/1/669 2193/1/2193 
f 2736/1/2736 4140/1/4140 4049/1/4049 
f 3493/1/3493 2237/1/2237 847/1/847 
f 1679/1/1679 2446/1/2446 1685/1/1685 
f 2144/1/2144 21/1/21 2467/1/2467 
f 256/1/256 2861/1/2861 3479/1/3479 
f 2947/1/2947 2486/1/2486 2485/1/2485 
f 513/1/513 227/1/227 1376/1/1376 
f 1278/1/1278 1308/1/1308 4130/1/4130 
f 3126/1/3126 1864/1/1864 1863/1/1863 
f 1461/1/1461 3848/1/3848 930/1/930 
f 939/1/939 3395/1/3395 186/1/186 
f 2024/1/2024 2023/1/2023 3278/1/3278 
f 1162/1/1162 1879/1/1879 1163/1/1163 
f 675/1/675 674/1/674 3414/1/3414 
f 2909/1/2909 1735/1/1735 4116/1/4116 
f 3931/1/3931 3731/1/3731 245/1/245 
f 4075/1/4075 564/1/564 3408/1/3408 
f 189/1/189 188/1/188 3378/1/3378 
f 3277/1/3277 659/1/659 917/1/917 
f 2232/1/2232 3277/1/3277 917/1/917 
f 3189/1/3189 3339/1/3339 3338/1/3338 
f 2911/1/2911 1121/1/1121 809/1/809 
f 1707/1/1707 3675/1/3675 3677/1/3677 
f 2758/1/2758 1506/1/1506 1077/1/1077 
f 1457/1/1457 1479/1/1479 1369/1/1369 
f 1054/1/1054 483/1/483 1055/1/1055 
f 1424/1/1424 93/1/93 1425/1/1425 
f 1118/1/1118 3471/1/3471 2550/1/2550 
f 1651/1/1651 1691/1/1691 4144/1/4144 
f 3895/1/3895 4051/1/4051 2084/1/2084 
f 3595/1/3595 1381/1/1381 4090/1/4090 
f 4011/1/4011 3080/1/3080 2565/1/2565 
f 1859/1/1859 2849/1/2849 63/1/63 
f 427/1/427 2456/1/2456 3310/1/3310 
f 29/1/29 206/1/206 1010/1/1010 
f 2135/1/2135 2620/1/2620 730/1/730 
f 1017/1/1017 2961/1/2961 982/1/982 
f 3260/1/3260 2700/1/2700 3385/1/3385 
f 4145/1/4145 1948/1/1948 3187/1/3187 
f 3989/1/3989 2058/1/2058 3990/1/3990 
f 1933/1/1933 3173/1/3173 3172/1/3172 
f 938/1/938 185/1/185 939/1/939 
f 2874/1/2874 1892/1/1892 4005/1/4005 
f 900/1/900 2080/1/2080 901/1/901 
f 824/1/824 3416/1/3416 822/1/822 
f 1272/1/1272 1312/1/1312 2353/1/2353 
f 616/1/616 4059/1/4059 3090/1/3090 
f 1556/1/1556 2201/1/2201 2418/1/2418 
f 714/1/714 2437/1/2437 517/1/517 
f 1387/1/1387 2514/1/2514 2282/1/2282 
f 749/1/749 751/1/751 965/1/965 
f 1435/1/1435 2356/1/2356 2846/1/2846 
f 398/1/398 2093/1/2093 1994/1/1994 
f 4116/1/4116 1735/1/1735 4024/1/4024 
f 1157/1/1157 2199/1/2199 4146/1/4146 
f 4035/1/4035 1745/1/1745 1747/1/1747 
f 757/1/757 4147/1/4147 1767/1/1767 
f 844/1/844 417/1/417 845/1/845 
f 3985/1/3985 3897/1/3897 2825/1/2825 
f 2039/1/2039 2795/1/2795 2367/1/2367 
f 1697/1/1697 355/1/355 1094/1/1094 
f 2433/1/2433 1629/1/1629 1512/1/1512 
f 70/1/70 2137/1/2137 68/1/68 
f 2032/1/2032 3900/1/3900 1343/1/1343 
f 2032/1/2032 1343/1/1343 2924/1/2924 
f 3890/1/3890 1946/1/1946 3942/1/3942 
f 3792/1/3792 489/1/489 796/1/796 
f 2806/1/2806 1669/1/1669 299/1/299 
f 3014/1/3014 230/1/230 229/1/229 
f 1538/1/1538 1537/1/1537 320/1/320 
f 1186/1/1186 1185/1/1185 1903/1/1903 
f 3688/1/3688 539/1/539 2668/1/2668 
f 225/1/225 2500/1/2500 4018/1/4018 
f 2381/1/2381 231/1/231 2984/1/2984 
f 579/1/579 2351/1/2351 2350/1/2350 
f 1076/1/1076 2477/1/2477 2132/1/2132 
f 213/1/213 3079/1/3079 1675/1/1675 
f 26/1/26 28/1/28 703/1/703 
f 1072/1/1072 1071/1/1071 2421/1/2421 
f 468/1/468 3084/1/3084 1821/1/1821 
f 17/1/17 3833/1/3833 2091/1/2091 
f 2358/1/2358 3386/1/3386 2204/1/2204 
f 839/1/839 2688/1/2688 2230/1/2230 
f 1145/1/1145 2980/1/2980 1575/1/1575 
f 2649/1/2649 2027/1/2027 1577/1/1577 
f 2437/1/2437 289/1/289 517/1/517 
f 442/1/442 2526/1/2526 443/1/443 
f 116/1/116 115/1/115 2520/1/2520 
f 1221/1/1221 2511/1/2511 1729/1/1729 
f 1478/1/1478 3622/1/3622 1872/1/1872 
f 1816/1/1816 3929/1/3929 3828/1/3828 
f 2058/1/2058 1459/1/1459 3990/1/3990 
f 2867/1/2867 3996/1/3996 3454/1/3454 
f 1020/1/1020 3295/1/3295 942/1/942 
f 2906/1/2906 209/1/209 1315/1/1315 
f 2478/1/2478 1956/1/1956 4009/1/4009 
f 200/1/200 1534/1/1534 1280/1/1280 
f 2990/1/2990 1438/1/1438 1660/1/1660 
f 3079/1/3079 213/1/213 3406/1/3406 
f 480/1/480 1622/1/1622 3554/1/3554 
f 1523/1/1523 480/1/480 3554/1/3554 
f 834/1/834 2036/1/2036 1783/1/1783 
f 3667/1/3667 3660/1/3660 1990/1/1990 
f 3872/1/3872 3561/1/3561 4020/1/4020 
f 1955/1/1955 3843/1/3843 3502/1/3502 
f 574/1/574 1133/1/1133 3864/1/3864 
f 1482/1/1482 1484/1/1484 2090/1/2090 
f 3317/1/3317 2629/1/2629 1885/1/1885 
f 719/1/719 460/1/460 1369/1/1369 
f 3481/1/3481 4148/1/4148 2817/1/2817 
f 3376/1/3376 1111/1/1111 1582/1/1582 
f 3095/1/3095 4109/1/4109 987/1/987 
f 1689/1/1689 1688/1/1688 1379/1/1379 
f 3157/1/3157 2549/1/2549 2552/1/2552 
f 1381/1/1381 1545/1/1545 3401/1/3401 
f 2125/1/2125 1187/1/1187 3287/1/3287 
f 1006/1/1006 439/1/439 584/1/584 
f 2109/1/2109 2236/1/2236 2830/1/2830 
f 2338/1/2338 730/1/730 2620/1/2620 
f 1901/1/1901 3776/1/3776 2843/1/2843 
f 1368/1/1368 1367/1/1367 3181/1/3181 
f 4149/1/4149 3623/1/3623 3806/1/3806 
f 3878/1/3878 232/1/232 3540/1/3540 
f 3289/1/3289 3886/1/3886 2983/1/2983 
f 724/1/724 2386/1/2386 1798/1/1798 
f 3180/1/3180 2108/1/2108 1065/1/1065 
f 3649/1/3649 2649/1/2649 3779/1/3779 
f 842/1/842 2189/1/2189 2917/1/2917 
f 1629/1/1629 1628/1/1628 2480/1/2480 
f 2703/1/2703 2705/1/2705 2823/1/2823 
f 3071/1/3071 3386/1/3386 2358/1/2358 
f 2141/1/2141 2532/1/2532 3754/1/3754 
f 2154/1/2154 4139/1/4139 2972/1/2972 
f 1658/1/1658 911/1/911 3733/1/3733 
f 1217/1/1217 1219/1/1219 3782/1/3782 
f 3303/1/3303 2847/1/2847 2390/1/2390 
f 2601/1/2601 3376/1/3376 639/1/639 
f 1102/1/1102 3038/1/3038 1103/1/1103 
f 3685/1/3685 1170/1/1170 3160/1/3160 
f 3998/1/3998 1964/1/1964 3965/1/3965 
f 3446/1/3446 3760/1/3760 2011/1/2011 
f 3858/1/3858 953/1/953 4044/1/4044 
f 3858/1/3858 4044/1/4044 4043/1/4043 
f 2241/1/2241 1144/1/1144 1907/1/1907 
f 808/1/808 2062/1/2062 925/1/925 
f 627/1/627 3164/1/3164 653/1/653 
f 1489/1/1489 2146/1/2146 2924/1/2924 
f 1489/1/1489 2924/1/2924 2954/1/2954 
f 1596/1/1596 1695/1/1695 2074/1/2074 
f 949/1/949 501/1/501 950/1/950 
f 1258/1/1258 1064/1/1064 1259/1/1259 
f 1958/1/1958 1579/1/1579 2907/1/2907 
f 1077/1/1077 3396/1/3396 482/1/482 
f 852/1/852 1476/1/1476 2507/1/2507 
f 3074/1/3074 4080/1/4080 1844/1/1844 
f 3277/1/3277 656/1/656 1526/1/1526 
f 950/1/950 3994/1/3994 951/1/951 
f 673/1/673 269/1/269 438/1/438 
f 4072/1/4072 716/1/716 2755/1/2755 
f 2616/1/2616 3813/1/3813 3153/1/3153 
f 2145/1/2145 2146/1/2146 2411/1/2411 
f 886/1/886 1963/1/1963 887/1/887 
f 812/1/812 455/1/455 2024/1/2024 
f 584/1/584 3198/1/3198 2218/1/2218 
f 2501/1/2501 252/1/252 721/1/721 
f 3348/1/3348 2228/1/2228 3220/1/3220 
f 1457/1/1457 2013/1/2013 719/1/719 
f 863/1/863 862/1/862 2950/1/2950 
f 1337/1/1337 2384/1/2384 1338/1/1338 
f 2522/1/2522 2812/1/2812 2523/1/2523 
f 720/1/720 1479/1/1479 290/1/290 
f 719/1/719 720/1/720 290/1/290 
f 3974/1/3974 3905/1/3905 2704/1/2704 
f 2828/1/2828 1194/1/1194 1193/1/1193 
f 2995/1/2995 2994/1/2994 943/1/943 
f 2676/1/2676 2044/1/2044 2674/1/2674 
f 1000/1/1000 3993/1/3993 3661/1/3661 
f 357/1/357 95/1/95 1862/1/1862 
f 853/1/853 357/1/357 1862/1/1862 
f 461/1/461 179/1/179 281/1/281 
f 1085/1/1085 2559/1/2559 386/1/386 
f 1406/1/1406 2355/1/2355 3737/1/3737 
f 645/1/645 1044/1/1044 646/1/646 
f 1687/1/1687 1520/1/1520 1519/1/1519 
f 969/1/969 271/1/271 2164/1/2164 
f 3457/1/3457 3083/1/3083 468/1/468 
f 428/1/428 3163/1/3163 1232/1/1232 
f 3625/1/3625 3736/1/3736 3313/1/3313 
f 3635/1/3635 1044/1/1044 645/1/645 
f 3600/1/3600 2949/1/2949 1467/1/1467 
f 692/1/692 691/1/691 2771/1/2771 
f 4079/1/4079 419/1/419 2223/1/2223 
f 3874/1/3874 4150/1/4150 3607/1/3607 
f 4140/1/4140 3694/1/3694 2229/1/2229 
f 1097/1/1097 1098/1/1098 456/1/456 
f 1033/1/1033 1214/1/1214 786/1/786 
f 1264/1/1264 3983/1/3983 1939/1/1939 
f 543/1/543 2930/1/2930 544/1/544 
f 2946/1/2946 3902/1/3902 3847/1/3847 
f 1435/1/1435 1434/1/1434 4085/1/4085 
f 1435/1/1435 4085/1/4085 941/1/941 
f 2175/1/2175 1153/1/1153 1152/1/1152 
f 3103/1/3103 3372/1/3372 4003/1/4003 
f 1211/1/1211 1107/1/1107 615/1/615 
f 4151/1/4151 3061/1/3061 3060/1/3060 
f 3942/1/3942 1946/1/1946 3943/1/3943 
f 2258/1/2258 2424/1/2424 2423/1/2423 
f 772/1/772 2992/1/2992 2443/1/2443 
f 1947/1/1947 2698/1/2698 3019/1/3019 
f 3992/1/3992 3360/1/3360 3570/1/3570 
f 542/1/542 3492/1/3492 847/1/847 
f 3574/1/3574 3739/1/3739 2268/1/2268 
f 457/1/457 1535/1/1535 2023/1/2023 
f 3937/1/3937 650/1/650 506/1/506 
f 3672/1/3672 2172/1/2172 269/1/269 
f 22/1/22 3317/1/3317 1885/1/1885 
f 764/1/764 1156/1/1156 3381/1/3381 
f 686/1/686 529/1/529 528/1/528 
f 647/1/647 3715/1/3715 3266/1/3266 
f 645/1/645 647/1/647 3266/1/3266 
f 3656/1/3656 554/1/554 553/1/553 
f 153/1/153 2766/1/2766 1734/1/1734 
f 587/1/587 4107/1/4107 1137/1/1137 
f 2894/1/2894 3630/1/3630 433/1/433 
f 4073/1/4073 1744/1/1744 4152/1/4152 
f 1986/1/1986 316/1/316 1826/1/1826 
f 3266/1/3266 3715/1/3715 3766/1/3766 
f 3007/1/3007 3001/1/3001 1264/1/1264 
f 3007/1/3007 1264/1/1264 1263/1/1263 
f 3232/1/3232 1663/1/1663 2671/1/2671 
f 2842/1/2842 211/1/211 1674/1/1674 
f 1810/1/1810 3868/1/3868 3028/1/3028 
f 3118/1/3118 1361/1/1361 3037/1/3037 
f 3466/1/3466 3467/1/3467 4074/1/4074 
f 2410/1/2410 2792/1/2792 2409/1/2409 
f 2572/1/2572 181/1/181 183/1/183 
f 2594/1/2594 2572/1/2572 183/1/183 
f 1278/1/1278 4130/1/4130 2323/1/2323 
f 3743/1/3743 1833/1/1833 1832/1/1832 
f 3629/1/3629 3069/1/3069 3458/1/3458 
f 3705/1/3705 2068/1/2068 1033/1/1033 
f 4079/1/4079 188/1/188 2852/1/2852 
f 1554/1/1554 2917/1/2917 3681/1/3681 
f 1189/1/1189 2695/1/2695 600/1/600 
f 4020/1/4020 927/1/927 3324/1/3324 
f 2234/1/2234 715/1/715 2652/1/2652 
f 210/1/210 1478/1/1478 1872/1/1872 
f 1045/1/1045 1044/1/1044 3714/1/3714 
f 1045/1/1045 3714/1/3714 3266/1/3266 
f 1079/1/1079 1221/1/1221 1220/1/1220 
f 3619/1/3619 690/1/690 2406/1/2406 
f 2466/1/2466 35/1/35 2981/1/2981 
f 2784/1/2784 3137/1/3137 1007/1/1007 
f 139/1/139 1811/1/1811 201/1/201 
f 1203/1/1203 2110/1/2110 4153/1/4153 
f 2361/1/2361 632/1/632 3722/1/3722 
f 1442/1/1442 1632/1/1632 208/1/208 
f 3210/1/3210 3209/1/3209 4056/1/4056 
f 1300/1/1300 1664/1/1664 3312/1/3312 
f 726/1/726 725/1/725 2815/1/2815 
f 1502/1/1502 1504/1/1504 1616/1/1616 
f 3730/1/3730 3710/1/3710 3496/1/3496 
f 3530/1/3530 3486/1/3486 4132/1/4132 
f 3245/1/3245 937/1/937 936/1/936 
f 2211/1/2211 2213/1/2213 2049/1/2049 
f 1440/1/1440 2631/1/2631 1441/1/1441 
f 562/1/562 4075/1/4075 4048/1/4048 
f 2671/1/2671 1664/1/1664 1300/1/1300 
f 3091/1/3091 2991/1/2991 1145/1/1145 
f 3269/1/3269 1178/1/1178 1180/1/1180 
f 639/1/639 4016/1/4016 2601/1/2601 
f 2165/1/2165 2164/1/2164 970/1/970 
f 1002/1/1002 2541/1/2541 1003/1/1003 
f 137/1/137 3995/1/3995 1811/1/1811 
f 3691/1/3691 3023/1/3023 4106/1/4106 
f 589/1/589 556/1/556 558/1/558 
f 3465/1/3465 365/1/365 364/1/364 
f 3992/1/3992 3362/1/3362 3360/1/3360 
f 1293/1/1293 3602/1/3602 682/1/682 
f 1565/1/1565 1564/1/1564 3610/1/3610 
f 1565/1/1565 3610/1/3610 747/1/747 
f 2618/1/2618 4091/1/4091 900/1/900 
f 2618/1/2618 900/1/900 2619/1/2619 
f 1396/1/1396 2524/1/2524 1803/1/1803 
f 3962/1/3962 2786/1/2786 2539/1/2539 
f 3862/1/3862 3002/1/3002 3963/1/3963 
f 338/1/338 337/1/337 2830/1/2830 
f 1266/1/1266 1567/1/1567 3816/1/3816 
f 477/1/477 2025/1/2025 478/1/478 
f 2766/1/2766 2768/1/2768 4063/1/4063 
f 1550/1/1550 2859/1/2859 913/1/913 
f 1550/1/1550 913/1/913 912/1/912 
f 3029/1/3029 3332/1/3332 1855/1/1855 
f 1997/1/1997 3624/1/3624 3462/1/3462 
f 1997/1/1997 3462/1/3462 3683/1/3683 
f 916/1/916 915/1/915 3521/1/3521 
f 3808/1/3808 4129/1/4129 2620/1/2620 
f 3112/1/3112 3402/1/3402 2878/1/2878 
f 3072/1/3072 1768/1/1768 1714/1/1714 
f 2666/1/2666 3136/1/3136 458/1/458 
f 2932/1/2932 1206/1/1206 2856/1/2856 
f 3267/1/3267 128/1/128 2814/1/2814 
f 3022/1/3022 3023/1/3023 1553/1/1553 
f 2565/1/2565 3022/1/3022 1553/1/1553 
f 2164/1/2164 1054/1/1054 1053/1/1053 
f 4148/1/4148 3824/1/3824 3840/1/3840 
f 2454/1/2454 3890/1/3890 3942/1/3942 
f 362/1/362 1096/1/1096 363/1/363 
f 266/1/266 1106/1/1106 1341/1/1341 
f 2665/1/2665 774/1/774 1018/1/1018 
f 1519/1/1519 1521/1/1521 1506/1/1506 
f 1481/1/1481 2482/1/2482 2483/1/2483 
f 2301/1/2301 2668/1/2668 2300/1/2300 
f 977/1/977 1177/1/1177 1676/1/1676 
f 2192/1/2192 2991/1/2991 2979/1/2979 
f 2518/1/2518 1381/1/1381 1383/1/1383 
f 2534/1/2534 353/1/353 3153/1/3153 
f 2921/1/2921 3703/1/3703 977/1/977 
f 3186/1/3186 860/1/860 859/1/859 
f 2122/1/2122 3246/1/3246 3328/1/3328 
f 2445/1/2445 2122/1/2122 3328/1/3328 
f 790/1/790 653/1/653 3164/1/3164 
f 3444/1/3444 1321/1/1321 1322/1/1322 
f 2152/1/2152 505/1/505 507/1/507 
f 4010/1/4010 1304/1/1304 2901/1/2901 
f 434/1/434 88/1/88 3547/1/3547 
f 2803/1/2803 996/1/996 1868/1/1868 
f 1648/1/1648 2147/1/2147 3358/1/3358 
f 895/1/895 1652/1/1652 2141/1/2141 
f 2695/1/2695 1541/1/1541 1781/1/1781 
f 2348/1/2348 2695/1/2695 1781/1/1781 
f 2494/1/2494 2495/1/2495 1704/1/1704 
f 1962/1/1962 2440/1/2440 1616/1/1616 
f 3093/1/3093 3358/1/3358 1039/1/1039 
f 2572/1/2572 1295/1/1295 1294/1/1294 
f 2063/1/2063 2062/1/2062 808/1/808 
f 3151/1/3151 1169/1/1169 2305/1/2305 
f 1473/1/1473 1472/1/1472 1893/1/1893 
f 1473/1/1473 1893/1/1893 1042/1/1042 
f 1601/1/1601 3284/1/3284 1016/1/1016 
f 2200/1/2200 3722/1/3722 634/1/634 
f 1401/1/1401 1403/1/1403 3486/1/3486 
f 763/1/763 1391/1/1391 3741/1/3741 
f 3186/1/3186 941/1/941 861/1/861 
f 2950/1/2950 3600/1/3600 3288/1/3288 
f 4154/1/4154 3180/1/3180 339/1/339 
f 3774/1/3774 3062/1/3062 3950/1/3950 
f 1973/1/1973 3796/1/3796 3778/1/3778 
f 1108/1/1108 1709/1/1709 3324/1/3324 
f 1710/1/1710 1108/1/1108 3324/1/3324 
f 2971/1/2971 1634/1/1634 141/1/141 
f 3987/1/3987 2288/1/2288 2662/1/2662 
f 2140/1/2140 1297/1/1297 2971/1/2971 
f 2724/1/2724 3633/1/3633 3231/1/3231 
f 3733/1/3733 2856/1/2856 2857/1/2857 
f 3991/1/3991 1090/1/1090 893/1/893 
f 2056/1/2056 2694/1/2694 2057/1/2057 
f 3562/1/3562 2539/1/2539 487/1/487 
f 2360/1/2360 2052/1/2052 1124/1/1124 
f 1130/1/1130 1129/1/1129 340/1/340 
f 479/1/479 2464/1/2464 3849/1/3849 
f 2279/1/2279 479/1/479 3849/1/3849 
f 3931/1/3931 245/1/245 2383/1/2383 
f 3736/1/3736 3931/1/3931 2383/1/2383 
f 2706/1/2706 1478/1/1478 210/1/210 
f 18/1/18 12/1/12 995/1/995 
f 883/1/883 1197/1/1197 3637/1/3637 
f 1745/1/1745 4004/1/4004 1746/1/1746 
f 727/1/727 1539/1/1539 728/1/728 
f 3500/1/3500 1827/1/1827 2386/1/2386 
f 1442/1/1442 2738/1/2738 2093/1/2093 
f 3206/1/3206 3207/1/3207 1963/1/1963 
f 1776/1/1776 3206/1/3206 1963/1/1963 
f 1269/1/1269 1258/1/1258 1062/1/1062 
f 2768/1/2768 3201/1/3201 2091/1/2091 
f 2041/1/2041 714/1/714 482/1/482 
f 1413/1/1413 3161/1/3161 3163/1/3163 
f 2645/1/2645 2646/1/2646 4071/1/4071 
f 3800/1/3800 3505/1/3505 3801/1/3801 
f 3402/1/3402 3608/1/3608 1733/1/1733 
f 4076/1/4076 4048/1/4048 3408/1/3408 
f 2119/1/2119 1653/1/1653 3732/1/3732 
f 3793/1/3793 3606/1/3606 3792/1/3792 
f 4155/1/4155 928/1/928 2746/1/2746 
f 962/1/962 2060/1/2060 1272/1/1272 
f 2053/1/2053 2897/1/2897 3239/1/3239 
f 465/1/465 1125/1/1125 2711/1/2711 
f 288/1/288 2656/1/2656 518/1/518 
f 4156/1/4156 506/1/506 3413/1/3413 
f 3742/1/3742 3091/1/3091 1145/1/1145 
f 2497/1/2497 617/1/617 2899/1/2899 
f 3282/1/3282 1940/1/1940 2424/1/2424 
f 1039/1/1039 2148/1/2148 2880/1/2880 
f 1040/1/1040 1039/1/1039 2880/1/2880 
f 3102/1/3102 3955/1/3955 2963/1/2963 
f 297/1/297 727/1/727 298/1/298 
f 2773/1/2773 1611/1/1611 1040/1/1040 
f 2168/1/2168 1869/1/1869 1352/1/1352 
f 1237/1/1237 456/1/456 596/1/596 
f 447/1/447 449/1/449 1458/1/1458 
f 2609/1/2609 3053/1/3053 1984/1/1984 
f 482/1/482 714/1/714 1561/1/1561 
f 2140/1/2140 1634/1/1634 3698/1/3698 
f 2140/1/2140 3698/1/3698 141/1/141 
f 3017/1/3017 1586/1/1586 1549/1/1549 
f 2749/1/2749 587/1/587 1137/1/1137 
f 2495/1/2495 3899/1/3899 1704/1/1704 
f 2617/1/2617 1040/1/1040 3488/1/3488 
f 1341/1/1341 520/1/520 3090/1/3090 
f 4059/1/4059 1341/1/1341 3090/1/3090 
f 3626/1/3626 1150/1/1150 43/1/43 
f 1799/1/1799 4060/1/4060 3045/1/3045 
f 2946/1/2946 3149/1/3149 3150/1/3150 
f 1873/1/1873 2342/1/2342 1273/1/1273 
f 3395/1/3395 187/1/187 3377/1/3377 
f 568/1/568 103/1/103 100/1/100 
f 2803/1/2803 2965/1/2965 2501/1/2501 
f 2803/1/2803 2501/1/2501 721/1/721 
f 1772/1/1772 663/1/663 2589/1/2589 
f 3337/1/3337 2381/1/2381 880/1/880 
f 222/1/222 221/1/221 3025/1/3025 
f 1529/1/1529 3673/1/3673 2456/1/2456 
f 334/1/334 171/1/171 170/1/170 
f 3431/1/3431 3954/1/3954 843/1/843 
f 3001/1/3001 3006/1/3006 1264/1/1264 
f 3287/1/3287 2346/1/2346 2037/1/2037 
f 2943/1/2943 1639/1/1639 1638/1/1638 
f 2944/1/2944 2943/1/2943 3348/1/3348 
f 970/1/970 2164/1/2164 2657/1/2657 
f 2771/1/2771 3619/1/3619 2406/1/2406 
f 666/1/666 3947/1/3947 3797/1/3797 
f 666/1/666 3797/1/3797 525/1/525 
f 2254/1/2254 3204/1/3204 3222/1/3222 
f 1156/1/1156 1157/1/1157 3615/1/3615 
f 2387/1/2387 3230/1/3230 1881/1/1881 
f 2387/1/2387 1881/1/1881 2028/1/2028 
f 570/1/570 1364/1/1364 4157/1/4157 
f 4079/1/4079 1091/1/1091 1764/1/1764 
f 862/1/862 1467/1/1467 2950/1/2950 
f 1906/1/1906 3026/1/3026 1357/1/1357 
f 3517/1/3517 384/1/384 3853/1/3853 
f 2298/1/2298 670/1/670 1687/1/1687 
f 460/1/460 719/1/719 2013/1/2013 
f 2362/1/2362 3194/1/3194 431/1/431 
f 2203/1/2203 2221/1/2221 2220/1/2220 
f 1172/1/1172 1089/1/1089 2784/1/2784 
f 3604/1/3604 1292/1/1292 3336/1/3336 
f 2191/1/2191 3490/1/3490 4158/1/4158 
f 4159/1/4159 1503/1/1503 669/1/669 
f 1634/1/1634 1297/1/1297 3698/1/3698 
f 581/1/581 250/1/250 97/1/97 
f 3308/1/3308 1662/1/1662 2547/1/2547 
f 56/1/56 3503/1/3503 163/1/163 
f 491/1/491 493/1/493 3376/1/3376 
f 2483/1/2483 2013/1/2013 1480/1/1480 
f 2342/1/2342 2353/1/2353 1273/1/1273 
f 3555/1/3555 3169/1/3169 3556/1/3556 
f 295/1/295 294/1/294 2608/1/2608 
f 2671/1/2671 1059/1/1059 1452/1/1452 
f 2779/1/2779 1601/1/1601 982/1/982 
f 430/1/430 2112/1/2112 2630/1/2630 
f 3239/1/3239 2503/1/2503 3240/1/3240 
f 608/1/608 942/1/942 3533/1/3533 
f 172/1/172 2872/1/2872 570/1/570 
f 3491/1/3491 3490/1/3490 2357/1/2357 
f 3396/1/3396 1077/1/1077 1505/1/1505 
f 3768/1/3768 2939/1/2939 1378/1/1378 
f 699/1/699 2106/1/2106 3506/1/3506 
f 1557/1/1557 1024/1/1024 535/1/535 
f 1065/1/1065 3418/1/3418 519/1/519 
f 1779/1/1779 3005/1/3005 2695/1/2695 
f 2795/1/2795 957/1/957 2367/1/2367 
f 2278/1/2278 3849/1/3849 874/1/874 
f 3845/1/3845 3844/1/3844 4133/1/4133 
f 355/1/355 354/1/354 3105/1/3105 
f 2684/1/2684 4067/1/4067 3974/1/3974 
f 657/1/657 2019/1/2019 3449/1/3449 
f 1741/1/1741 3203/1/3203 4094/1/4094 
f 1196/1/1196 264/1/264 2753/1/2753 
f 1883/1/1883 1474/1/1474 1215/1/1215 
f 2097/1/2097 2810/1/2810 2812/1/2812 
f 2788/1/2788 3323/1/3323 685/1/685 
f 1525/1/1525 1892/1/1892 2874/1/2874 
f 1773/1/1773 2589/1/2589 3618/1/3618 
f 1773/1/1773 3618/1/3618 3945/1/3945 
f 48/1/48 46/1/46 3485/1/3485 
f 3593/1/3593 3662/1/3662 4114/1/4114 
f 1500/1/1500 960/1/960 2841/1/2841 
f 581/1/581 379/1/379 250/1/250 
f 479/1/479 2280/1/2280 2464/1/2464 
f 2203/1/2203 3672/1/3672 2221/1/2221 
f 1685/1/1685 3599/1/3599 3598/1/3598 
f 4028/1/4028 1608/1/1608 1941/1/1941 
f 2572/1/2572 2452/1/2452 1295/1/1295 
f 1179/1/1179 347/1/347 143/1/143 
f 298/1/298 181/1/181 2489/1/2489 
f 3816/1/3816 1567/1/1567 83/1/83 
f 1301/1/1301 2975/1/2975 398/1/398 
f 385/1/385 2980/1/2980 3636/1/3636 
f 3228/1/3228 639/1/639 3244/1/3244 
f 2878/1/2878 3402/1/3402 4030/1/4030 
f 1673/1/1673 2363/1/2363 6/1/6 
f 655/1/655 1916/1/1916 656/1/656 
f 3136/1/3136 459/1/459 1666/1/1666 
f 2764/1/2764 2699/1/2699 2240/1/2240 
f 2296/1/2296 2754/1/2754 1395/1/1395 
f 2445/1/2445 2121/1/2121 773/1/773 
f 2603/1/2603 3550/1/3550 3068/1/3068 
f 4108/1/4108 1990/1/1990 3966/1/3966 
f 320/1/320 322/1/322 2669/1/2669 
f 3322/1/3322 2316/1/2316 3341/1/3341 
f 3632/1/3632 648/1/648 650/1/650 
f 3379/1/3379 2137/1/2137 3806/1/3806 
f 1764/1/1764 1091/1/1091 3506/1/3506 
f 20/1/20 22/1/22 1884/1/1884 
f 3984/1/3984 3783/1/3783 2801/1/2801 
f 1000/1/1000 4045/1/4045 1201/1/1201 
f 2968/1/2968 4031/1/4031 2969/1/2969 
f 832/1/832 3497/1/3497 1183/1/1183 
f 3337/1/3337 682/1/682 684/1/684 
f 3947/1/3947 525/1/525 1996/1/1996 
f 776/1/776 2636/1/2636 3707/1/3707 
f 3009/1/3009 4050/1/4050 2399/1/2399 
f 2950/1/2950 1467/1/1467 2951/1/2951 
f 3887/1/3887 2277/1/2277 3473/1/3473 
f 3321/1/3321 3887/1/3887 3473/1/3473 
f 1892/1/1892 3680/1/3680 635/1/635 
f 1348/1/1348 1713/1/1713 1349/1/1349 
f 1198/1/1198 1200/1/1200 3331/1/3331 
f 966/1/966 2595/1/2595 2421/1/2421 
f 1983/1/1983 3052/1/3052 3054/1/3054 
f 1642/1/1642 1641/1/1641 690/1/690 
f 154/1/154 2001/1/2001 2517/1/2517 
f 454/1/454 453/1/453 1151/1/1151 
f 2769/1/2769 328/1/328 675/1/675 
f 1450/1/1450 1449/1/1449 908/1/908 
f 1157/1/1157 4146/1/4146 1985/1/1985 
f 490/1/490 3793/1/3793 1590/1/1590 
f 2963/1/2963 3955/1/3955 1596/1/1596 
f 3349/1/3349 2403/1/2403 2402/1/2402 
f 754/1/754 319/1/319 4082/1/4082 
f 480/1/480 3357/1/3357 1619/1/1619 
f 2054/1/2054 2897/1/2897 202/1/202 
f 1337/1/1337 2063/1/2063 3243/1/3243 
f 149/1/149 74/1/74 2879/1/2879 
f 2525/1/2525 2887/1/2887 3192/1/3192 
f 2577/1/2577 2149/1/2149 2647/1/2647 
f 3022/1/3022 2565/1/2565 854/1/854 
f 3508/1/3508 846/1/846 4122/1/4122 
f 3414/1/3414 3822/1/3822 440/1/440 
f 3229/1/3229 3244/1/3244 492/1/492 
f 491/1/491 3229/1/3229 492/1/492 
f 3093/1/3093 1647/1/1647 3358/1/3358 
f 1957/1/1957 2140/1/2140 417/1/417 
f 1298/1/1298 417/1/417 3388/1/3388 
f 3814/1/3814 3426/1/3426 3354/1/3354 
f 31/1/31 2789/1/2789 2710/1/2710 
f 1108/1/1108 2487/1/2487 615/1/615 
f 2822/1/2822 3299/1/3299 4001/1/4001 
f 869/1/869 2206/1/2206 639/1/639 
f 629/1/629 3700/1/3700 630/1/630 
f 3010/1/3010 369/1/369 1751/1/1751 
f 1243/1/1243 2356/1/2356 1435/1/1435 
f 325/1/325 205/1/205 323/1/323 
f 2511/1/2511 1221/1/1221 814/1/814 
f 636/1/636 2832/1/2832 655/1/655 
f 3033/1/3033 3000/1/3000 2250/1/2250 
f 2621/1/2621 1398/1/1398 547/1/547 
f 2938/1/2938 3958/1/3958 3959/1/3959 
f 3482/1/3482 1845/1/1845 3405/1/3405 
f 2345/1/2345 2911/1/2911 809/1/809 
f 3759/1/3759 805/1/805 2407/1/2407 
f 3374/1/3374 2138/1/2138 4119/1/4119 
f 795/1/795 3800/1/3800 4124/1/4124 
f 3580/1/3580 904/1/904 903/1/903 
f 3971/1/3971 1565/1/1565 3340/1/3340 
f 745/1/745 1565/1/1565 4097/1/4097 
f 745/1/745 4097/1/4097 3117/1/3117 
f 2928/1/2928 542/1/542 2905/1/2905 
f 3472/1/3472 281/1/281 2708/1/2708 
f 2940/1/2940 1053/1/1053 4022/1/4022 
f 648/1/648 1420/1/1420 649/1/649 
f 4118/1/4118 3033/1/3033 2316/1/2316 
f 2639/1/2639 1130/1/1130 2515/1/2515 
f 3350/1/3350 3089/1/3089 3433/1/3433 
f 459/1/459 3350/1/3350 3433/1/3433 
f 3771/1/3771 3457/1/3457 3871/1/3871 
f 3477/1/3477 2052/1/2052 3364/1/3364 
f 1356/1/1356 1906/1/1906 1388/1/1388 
f 3934/1/3934 2845/1/2845 2199/1/2199 
f 1907/1/1907 3976/1/3976 2608/1/2608 
f 1632/1/1632 1442/1/1442 2093/1/2093 
f 3535/1/3535 2889/1/2889 3178/1/3178 
f 3381/1/3381 3892/1/3892 2707/1/2707 
f 1196/1/1196 2753/1/2753 266/1/266 
f 849/1/849 3413/1/3413 1680/1/1680 
f 1910/1/1910 3723/1/3723 3385/1/3385 
f 2352/1/2352 3211/1/3211 2350/1/2350 
f 2572/1/2572 298/1/298 1897/1/1897 
f 625/1/625 624/1/624 3100/1/3100 
f 3229/1/3229 4068/1/4068 3117/1/3117 
f 1636/1/1636 1448/1/1448 1277/1/1277 
f 2007/1/2007 2643/1/2643 2088/1/2088 
f 560/1/560 559/1/559 2251/1/2251 
f 734/1/734 979/1/979 28/1/28 
f 551/1/551 3779/1/3779 1988/1/1988 
f 3675/1/3675 2598/1/2598 3311/1/3311 
f 42/1/42 2032/1/2032 2892/1/2892 
f 3900/1/3900 42/1/42 2892/1/2892 
f 3378/1/3378 188/1/188 2224/1/2224 
f 2900/1/2900 1209/1/1209 2497/1/2497 
f 2439/1/2439 3388/1/3388 1661/1/1661 
f 4160/1/4160 3799/1/3799 3242/1/3242 
f 1097/1/1097 595/1/595 813/1/813 
f 2316/1/2316 3709/1/3709 382/1/382 
f 3748/1/3748 2650/1/2650 1423/1/1423 
f 3567/1/3567 2006/1/2006 2729/1/2729 
f 3548/1/3548 1010/1/1010 30/1/30 
f 2584/1/2584 1014/1/1014 2155/1/2155 
f 2641/1/2641 585/1/585 2455/1/2455 
f 3926/1/3926 2966/1/2966 4124/1/4124 
f 1659/1/1659 31/1/31 2627/1/2627 
f 2082/1/2082 1659/1/1659 2627/1/2627 
f 366/1/366 1616/1/1616 1945/1/1945 
f 1558/1/1558 4120/1/4120 1971/1/1971 
f 3393/1/3393 2267/1/2267 3347/1/3347 
f 3393/1/3393 3347/1/3347 1428/1/1428 
f 2228/1/2228 3221/1/3221 2229/1/2229 
f 3689/1/3689 3972/1/3972 2518/1/2518 
f 68/1/68 1839/1/1839 1838/1/1838 
f 3255/1/3255 1022/1/1022 3908/1/3908 
f 52/1/52 702/1/702 28/1/28 
f 427/1/427 3310/1/3310 1528/1/1528 
f 1232/1/1232 3428/1/3428 1233/1/1233 
f 1464/1/1464 3820/1/3820 1239/1/1239 
f 3338/1/3338 268/1/268 3441/1/3441 
f 3766/1/3766 3715/1/3715 1477/1/1477 
f 2382/1/2382 243/1/243 3807/1/3807 
f 11/1/11 10/1/10 973/1/973 
f 717/1/717 2756/1/2756 718/1/718 
f 2351/1/2351 579/1/579 578/1/578 
f 3206/1/3206 2794/1/2794 2795/1/2795 
f 2467/1/2467 1883/1/1883 2113/1/2113 
f 1603/1/1603 2467/1/2467 2113/1/2113 
f 458/1/458 2839/1/2839 342/1/342 
f 737/1/737 736/1/736 765/1/765 
f 738/1/738 2011/1/2011 2010/1/2010 
f 3760/1/3760 738/1/738 2010/1/2010 
f 2466/1/2466 3469/1/3469 2400/1/2400 
f 2137/1/2137 3379/1/3379 2138/1/2138 
f 1899/1/1899 3746/1/3746 1900/1/1900 
f 3407/1/3407 3010/1/3010 2429/1/2429 
f 3078/1/3078 3950/1/3950 1224/1/1224 
f 2926/1/2926 1897/1/1897 296/1/296 
f 2781/1/2781 1131/1/1131 2782/1/2782 
f 3190/1/3190 1613/1/1613 677/1/677 
f 3998/1/3998 4125/1/4125 3999/1/3999 
f 211/1/211 3406/1/3406 212/1/212 
f 2580/1/2580 1434/1/1434 1436/1/1436 
f 1833/1/1833 1792/1/1792 556/1/556 
f 1189/1/1189 1779/1/1779 2697/1/2697 
f 3455/1/3455 458/1/458 459/1/459 
f 1159/1/1159 2940/1/2940 1766/1/1766 
f 2006/1/2006 3567/1/3567 2007/1/2007 
f 3471/1/3471 2552/1/2552 2550/1/2550 
f 4097/1/4097 491/1/491 4068/1/4068 
f 3496/1/3496 3124/1/3124 3125/1/3125 
f 3281/1/3281 3415/1/3415 735/1/735 
f 342/1/342 1129/1/1129 3350/1/3350 
f 802/1/802 2125/1/2125 803/1/803 
f 1616/1/1616 2537/1/2537 364/1/364 
f 697/1/697 1629/1/1629 2433/1/2433 
f 1931/1/1931 2284/1/2284 1978/1/1978 
f 1977/1/1977 1931/1/1931 1978/1/1978 
f 338/1/338 2830/1/2830 1066/1/1066 
f 1721/1/1721 1582/1/1582 3861/1/3861 
f 982/1/982 981/1/981 2451/1/2451 
f 3883/1/3883 3654/1/3654 1310/1/1310 
f 1600/1/1600 3883/1/3883 1310/1/1310 
f 3007/1/3007 3296/1/3296 3879/1/3879 
f 2307/1/2307 58/1/58 1104/1/1104 
f 3765/1/3765 2806/1/2806 3192/1/3192 
f 3572/1/3572 349/1/349 2653/1/2653 
f 1579/1/1579 208/1/208 2430/1/2430 
f 3859/1/3859 472/1/472 471/1/471 
f 3553/1/3553 3552/1/3552 3645/1/3645 
f 3376/1/3376 3553/1/3553 3645/1/3645 
f 2233/1/2233 464/1/464 463/1/463 
f 2310/1/2310 3642/1/3642 2090/1/2090 
f 2721/1/2721 96/1/96 2566/1/2566 
f 3118/1/3118 1205/1/1205 3342/1/3342 
f 1828/1/1828 3951/1/3951 2819/1/2819 
f 1828/1/1828 2819/1/2819 877/1/877 
f 3968/1/3968 1074/1/1074 3551/1/3551 
f 130/1/130 132/1/132 3051/1/3051 
f 2273/1/2273 3626/1/3626 43/1/43 
f 1294/1/1294 3284/1/3284 3285/1/3285 
f 1383/1/1383 1382/1/1382 2086/1/2086 
f 517/1/517 518/1/518 597/1/597 
f 2878/1/2878 4030/1/4030 3046/1/3046 
f 4026/1/4026 1091/1/1091 189/1/189 
f 861/1/861 2559/1/2559 1085/1/1085 
f 3236/1/3236 240/1/240 3298/1/3298 
f 1357/1/1357 2513/1/2513 3852/1/3852 
f 4006/1/4006 3690/1/3690 4009/1/4009 
f 506/1/506 3224/1/3224 507/1/507 
f 1678/1/1678 3811/1/3811 2101/1/2101 
f 3501/1/3501 3814/1/3814 1605/1/1605 
f 3922/1/3922 1340/1/1340 3576/1/3576 
f 3986/1/3986 3175/1/3175 1110/1/1110 
f 3986/1/3986 1110/1/1110 3857/1/3857 
f 1192/1/1192 1191/1/1191 2322/1/2322 
f 2925/1/2925 2402/1/2402 1082/1/1082 
f 124/1/124 638/1/638 3483/1/3483 
f 279/1/279 1265/1/1265 2256/1/2256 
f 2493/1/2493 1948/1/1948 2698/1/2698 
f 2295/1/2295 1583/1/1583 2754/1/2754 
f 2514/1/2514 2128/1/2128 2512/1/2512 
f 3200/1/3200 2088/1/2088 2729/1/2729 
f 3351/1/3351 2064/1/2064 524/1/524 
f 2263/1/2263 2317/1/2317 1740/1/1740 
f 1088/1/1088 2230/1/2230 837/1/837 
f 3771/1/3771 2306/1/2306 2309/1/2309 
f 444/1/444 3967/1/3967 4161/1/4161 
f 787/1/787 1388/1/1388 1906/1/1906 
f 2966/1/2966 795/1/795 4124/1/4124 
f 3212/1/3212 3507/1/3507 1628/1/1628 
f 2634/1/2634 1057/1/1057 39/1/39 
f 3742/1/3742 1145/1/1145 541/1/541 
f 2762/1/2762 1644/1/1644 4077/1/4077 
f 3911/1/3911 569/1/569 2916/1/2916 
f 3795/1/3795 732/1/732 731/1/731 
f 4045/1/4045 1000/1/1000 3661/1/3661 
f 3433/1/3433 3089/1/3089 3434/1/3434 
f 920/1/920 919/1/919 4126/1/4126 
f 940/1/940 4085/1/4085 1434/1/1434 
f 941/1/941 940/1/940 1434/1/1434 
f 3242/1/3242 1236/1/1236 3306/1/3306 
f 552/1/552 3036/1/3036 1515/1/1515 
f 430/1/430 429/1/429 2112/1/2112 
f 2585/1/2585 2238/1/2238 2387/1/2387 
f 908/1/908 910/1/910 2873/1/2873 
f 687/1/687 3025/1/3025 221/1/221 
f 3634/1/3634 117/1/117 1852/1/1852 
f 3353/1/3353 2929/1/2929 2552/1/2552 
f 954/1/954 953/1/953 2785/1/2785 
f 3266/1/3266 3421/1/3421 1045/1/1045 
f 4056/1/4056 2875/1/2875 1795/1/1795 
f 2044/1/2044 2606/1/2606 1943/1/1943 
f 1644/1/1644 3827/1/3827 3725/1/3725 
f 3249/1/3249 1899/1/1899 1113/1/1113 
f 3629/1/3629 1570/1/1570 3069/1/3069 
f 3329/1/3329 3194/1/3194 1998/1/1998 
f 3808/1/3808 2862/1/2862 4129/1/4129 
f 2444/1/2444 935/1/935 3692/1/3692 
f 2122/1/2122 2444/1/2444 3692/1/3692 
f 1001/1/1001 1000/1/1000 1202/1/1202 
f 4097/1/4097 3971/1/3971 3748/1/3748 
f 2155/1/2155 4134/1/4134 4119/1/4119 
f 2205/1/2205 868/1/868 124/1/124 
f 1230/1/1230 3479/1/3479 257/1/257 
f 256/1/256 1230/1/1230 257/1/257 
f 2132/1/2132 3812/1/3812 1815/1/1815 
f 3851/1/3851 3274/1/3274 3344/1/3344 
f 784/1/784 1032/1/1032 785/1/785 
f 4162/1/4162 2468/1/2468 1288/1/1288 
f 481/1/481 480/1/480 1522/1/1522 
f 2107/1/2107 2109/1/2109 2830/1/2830 
f 337/1/337 2107/1/2107 2830/1/2830 
f 1743/1/1743 1742/1/1742 3398/1/3398 
f 1347/1/1347 2081/1/2081 2000/1/2000 
f 604/1/604 1680/1/1680 3064/1/3064 
f 3284/1/3284 1296/1/1296 1016/1/1016 
f 1033/1/1033 786/1/786 2220/1/2220 
f 3065/1/3065 2294/1/2294 2883/1/2883 
f 3756/1/3756 771/1/771 3539/1/3539 
f 2029/1/2029 774/1/774 3088/1/3088 
f 772/1/772 2443/1/2443 2445/1/2445 
f 1537/1/1537 2170/1/2170 320/1/320 
f 1943/1/1943 2043/1/2043 2674/1/2674 
f 1943/1/1943 2674/1/2674 2044/1/2044 
f 2446/1/2446 650/1/650 649/1/649 
f 1116/1/1116 1118/1/1118 2549/1/2549 
f 3471/1/3471 1116/1/1116 2549/1/2549 
f 3459/1/3459 2836/1/2836 2722/1/2722 
f 3387/1/3387 2207/1/2207 4097/1/4097 
f 4148/1/4148 3481/1/3481 3882/1/3882 
f 1839/1/1839 69/1/69 2092/1/2092 
f 508/1/508 2834/1/2834 3576/1/3576 
f 1314/1/1314 1631/1/1631 3641/1/3641 
f 771/1/771 773/1/773 3521/1/3521 
f 234/1/234 233/1/233 4145/1/4145 
f 3483/1/3483 1308/1/1308 1307/1/1307 
f 1085/1/1085 3853/1/3853 1436/1/1436 
f 2065/1/2065 2196/1/2196 2468/1/2468 
f 1783/1/1783 1182/1/1182 1181/1/1181 
f 608/1/608 1019/1/1019 3522/1/3522 
f 3807/1/3807 4100/1/4100 2273/1/2273 
f 2090/1/2090 1484/1/1484 3884/1/3884 
f 1624/1/1624 1316/1/1316 3956/1/3956 
f 680/1/680 2245/1/2245 3192/1/3192 
f 680/1/680 3192/1/3192 2806/1/2806 
f 692/1/692 4029/1/4029 2405/1/2405 
f 1265/1/1265 3008/1/3008 3204/1/3204 
f 445/1/445 474/1/474 476/1/476 
f 3566/1/3566 3857/1/3857 816/1/816 
f 3973/1/3973 3758/1/3758 3578/1/3578 
f 3120/1/3120 3121/1/3121 1771/1/1771 
f 3116/1/3116 2418/1/2418 43/1/43 
f 3213/1/3213 1921/1/1921 2999/1/2999 
f 2745/1/2745 2161/1/2161 2163/1/2163 
f 2059/1/2059 3132/1/3132 1330/1/1330 
f 2997/1/2997 1526/1/1526 1890/1/1890 
f 2671/1/2671 1663/1/1663 1664/1/1664 
f 2115/1/2115 580/1/580 3075/1/3075 
f 749/1/749 3425/1/3425 3341/1/3341 
f 1307/1/1307 908/1/908 2873/1/2873 
f 2307/1/2307 61/1/61 58/1/58 
f 2760/1/2760 2624/1/2624 1417/1/1417 
f 2341/1/2341 71/1/71 400/1/400 
f 3027/1/3027 1893/1/1893 1472/1/1472 
f 365/1/365 3464/1/3464 3891/1/3891 
f 1346/1/1346 2519/1/2519 2611/1/2611 
f 1489/1/1489 2954/1/2954 1344/1/1344 
f 1489/1/1489 1344/1/1344 2033/1/2033 
f 2902/1/2902 42/1/42 3171/1/3171 
f 4163/1/4163 1045/1/1045 3421/1/3421 
f 1677/1/1677 4164/1/4164 1678/1/1678 
f 2959/1/2959 2462/1/2462 1134/1/1134 
f 2959/1/2959 1134/1/1134 2749/1/2749 
f 831/1/831 1530/1/1530 2190/1/2190 
f 3580/1/3580 1240/1/1240 904/1/904 
f 271/1/271 1723/1/1723 483/1/483 
f 484/1/484 1723/1/1723 273/1/273 
f 1917/1/1917 3918/1/3918 4005/1/4005 
f 3556/1/3556 4006/1/4006 3512/1/3512 
f 1235/1/1235 1234/1/1234 915/1/915 
f 886/1/886 885/1/885 3190/1/3190 
f 213/1/213 3929/1/3929 3406/1/3406 
f 349/1/349 1018/1/1018 2851/1/2851 
f 2740/1/2740 949/1/949 3727/1/3727 
f 1153/1/1153 3094/1/3094 191/1/191 
f 1092/1/1092 1919/1/1919 1928/1/1928 
f 3695/1/3695 2574/1/2574 2576/1/2576 
f 586/1/586 2217/1/2217 2455/1/2455 
f 1510/1/1510 3747/1/3747 1128/1/1128 
f 2015/1/2015 1546/1/1546 3841/1/3841 
f 2069/1/2069 776/1/776 2325/1/2325 
f 2595/1/2595 966/1/966 3835/1/3835 
f 1903/1/1903 1165/1/1165 1167/1/1167 
f 3674/1/3674 681/1/681 1756/1/1756 
f 1990/1/1990 3668/1/3668 3667/1/3667 
f 39/1/39 1164/1/1164 40/1/40 
f 4165/1/4165 3494/1/3494 3495/1/3495 
f 2428/1/2428 530/1/530 529/1/529 
f 251/1/251 3144/1/3144 3145/1/3145 
f 145/1/145 1988/1/1988 550/1/550 
f 1122/1/1122 1124/1/1124 3961/1/3961 
f 1847/1/1847 1849/1/1849 3125/1/3125 
f 3406/1/3406 3929/1/3929 1720/1/1720 
f 3023/1/3023 3903/1/3903 1553/1/1553 
f 3234/1/3234 4166/1/4166 3235/1/3235 
f 1194/1/1194 2787/1/2787 1195/1/1195 
f 1773/1/1773 3945/1/3945 2872/1/2872 
f 2871/1/2871 1773/1/1773 2872/1/2872 
f 1671/1/1671 3013/1/3013 3012/1/3012 
f 2721/1/2721 2566/1/2566 3460/1/3460 
f 469/1/469 3985/1/3985 3762/1/3762 
f 838/1/838 2230/1/2230 2688/1/2688 
f 2323/1/2323 759/1/759 1874/1/1874 
f 3335/1/3335 1560/1/1560 1476/1/1476 
f 431/1/431 3656/1/3656 3844/1/3844 
f 1819/1/1819 3686/1/3686 1820/1/1820 
f 2831/1/2831 4059/1/4059 519/1/519 
f 3916/1/3916 2831/1/2831 519/1/519 
f 2140/1/2140 2366/1/2366 628/1/628 
f 2140/1/2140 628/1/628 1634/1/1634 
f 1560/1/1560 1559/1/1559 1411/1/1411 
f 3237/1/3237 2707/1/2707 3892/1/3892 
f 3256/1/3256 3588/1/3588 2869/1/2869 
f 4037/1/4037 4140/1/4140 3221/1/3221 
f 3973/1/3973 3391/1/3391 3758/1/3758 
f 3710/1/3710 218/1/218 3124/1/3124 
f 23/1/23 3346/1/3346 1143/1/1143 
f 2761/1/2761 26/1/26 1496/1/1496 
f 3835/1/3835 966/1/966 968/1/968 
f 1503/1/1503 4159/1/4159 1617/1/1617 
f 3824/1/3824 1748/1/1748 3840/1/3840 
f 3997/1/3997 3315/1/3315 1194/1/1194 
f 1665/1/1665 879/1/879 630/1/630 
f 526/1/526 3947/1/3947 666/1/666 
f 902/1/902 1255/1/1255 2619/1/2619 
f 676/1/676 1613/1/1613 3190/1/3190 
f 269/1/269 271/1/271 438/1/438 
f 2742/1/2742 2775/1/2775 2471/1/2471 
f 2742/1/2742 2471/1/2471 2683/1/2683 
f 3952/1/3952 2909/1/2909 3647/1/3647 
f 1270/1/1270 2640/1/2640 3962/1/3962 
f 2225/1/2225 3702/1/3702 3223/1/3223 
f 4160/1/4160 3242/1/3242 4007/1/4007 
f 711/1/711 3899/1/3899 3591/1/3591 
f 711/1/711 3591/1/3591 712/1/712 
f 3910/1/3910 1873/1/1873 2412/1/2412 
f 4078/1/4078 623/1/623 625/1/625 
f 399/1/399 346/1/346 104/1/104 
f 2296/1/2296 3674/1/3674 4105/1/4105 
f 3446/1/3446 2011/1/2011 994/1/994 
f 3155/1/3155 2436/1/2436 1976/1/1976 
f 3411/1/3411 2943/1/2943 3016/1/3016 
f 66/1/66 65/1/65 3173/1/3173 
f 615/1/615 617/1/617 1211/1/1211 
f 298/1/298 727/1/727 1952/1/1952 
f 298/1/298 1952/1/1952 2330/1/2330 
f 2128/1/2128 778/1/778 780/1/780 
f 1026/1/1026 2374/1/2374 1027/1/1027 
f 2520/1/2520 115/1/115 3972/1/3972 
f 833/1/833 1182/1/1182 2036/1/2036 
f 1317/1/1317 626/1/626 3125/1/3125 
f 297/1/297 1539/1/1539 2491/1/2491 
f 1742/1/1742 4152/1/4152 2844/1/2844 
f 3545/1/3545 3293/1/3293 3718/1/3718 
f 3887/1/3887 1491/1/1491 2277/1/2277 
f 2316/1/2316 383/1/383 4118/1/4118 
f 1320/1/1320 2704/1/2704 2703/1/2703 
f 1335/1/1335 1334/1/1334 1384/1/1384 
f 2749/1/2749 1136/1/1136 3197/1/3197 
f 3853/1/3853 1371/1/1371 386/1/386 
f 3738/1/3738 3518/1/3518 3917/1/3917 
f 1259/1/1259 3738/1/3738 3917/1/3917 
f 1870/1/1870 3416/1/3416 824/1/824 
f 2264/1/2264 928/1/928 4020/1/4020 
f 10/1/10 1883/1/1883 1215/1/1215 
f 3583/1/3583 651/1/651 789/1/789 
f 1631/1/1631 1989/1/1989 3447/1/3447 
f 4167/1/4167 358/1/358 2209/1/2209 
f 3277/1/3277 243/1/243 659/1/659 
f 246/1/246 2019/1/2019 657/1/657 
f 2820/1/2820 3132/1/3132 2059/1/2059 
f 2647/1/2647 2149/1/2149 2151/1/2151 
f 3179/1/3179 3389/1/3389 265/1/265 
f 1141/1/1141 2337/1/2337 2336/1/2336 
f 2021/1/2021 3586/1/3586 2562/1/2562 
f 1728/1/1728 390/1/390 1578/1/1578 
f 1737/1/1737 3729/1/3729 670/1/670 
f 1536/1/1536 1538/1/1538 4138/1/4138 
f 4071/1/4071 1536/1/1536 4138/1/4138 
f 326/1/326 1095/1/1095 2769/1/2769 
f 4158/1/4158 540/1/540 2191/1/2191 
f 3561/1/3561 2746/1/2746 3616/1/3616 
f 1222/1/1222 434/1/434 3547/1/3547 
f 3202/1/3202 4122/1/4122 844/1/844 
f 4166/1/4166 389/1/389 2903/1/2903 
f 385/1/385 3636/1/3636 1404/1/1404 
f 2889/1/2889 3535/1/3535 3534/1/3534 
f 429/1/429 3893/1/3893 3305/1/3305 
f 2536/1/2536 2880/1/2880 3233/1/3233 
f 947/1/947 3434/1/3434 948/1/948 
f 2749/1/2749 1134/1/1134 1136/1/1136 
f 1867/1/1867 997/1/997 3545/1/3545 
f 2638/1/2638 2637/1/2637 1488/1/1488 
f 2987/1/2987 2835/1/2835 2723/1/2723 
f 2100/1/2100 1410/1/1410 3804/1/3804 
f 197/1/197 3087/1/3087 195/1/195 
f 3793/1/3793 3749/1/3749 1080/1/1080 
f 2736/1/2736 3694/1/3694 4140/1/4140 
f 795/1/795 3505/1/3505 3800/1/3800 
f 3216/1/3216 983/1/983 4014/1/4014 
f 3366/1/3366 3984/1/3984 4057/1/4057 
f 2932/1/2932 3733/1/3733 1206/1/1206 
f 1588/1/1588 3912/1/3912 1208/1/1208 
f 2861/1/2861 1701/1/1701 398/1/398 
f 1793/1/1793 1770/1/1770 3102/1/3102 
f 810/1/810 1488/1/1488 2146/1/2146 
f 3395/1/3395 3377/1/3377 3678/1/3678 
f 3441/1/3441 1777/1/1777 2017/1/2017 
f 1393/1/1393 1392/1/1392 3099/1/3099 
f 4078/1/4078 625/1/625 3097/1/3097 
f 1158/1/1158 1160/1/1160 825/1/825 
f 589/1/589 588/1/588 557/1/557 
f 2068/1/2068 2172/1/2172 2203/1/2203 
f 1439/1/1439 1438/1/1438 2990/1/2990 
f 3184/1/3184 746/1/746 800/1/800 
f 2038/1/2038 2346/1/2346 2348/1/2348 
f 3472/1/3472 2708/1/2708 2384/1/2384 
f 4129/1/4129 986/1/986 2050/1/2050 
f 3126/1/3126 3818/1/3818 3537/1/3537 
f 2342/1/2342 1771/1/1771 963/1/963 
f 1706/1/1706 2591/1/2591 3675/1/3675 
f 614/1/614 613/1/613 2456/1/2456 
f 2864/1/2864 1843/1/1843 593/1/593 
f 336/1/336 394/1/394 171/1/171 
f 1729/1/1729 2378/1/2378 2377/1/2377 
f 179/1/179 460/1/460 214/1/214 
f 1055/1/1055 2941/1/2941 3957/1/3957 
f 1333/1/1333 712/1/712 1334/1/1334 
f 1090/1/1090 1089/1/1089 893/1/893 
f 90/1/90 1425/1/1425 93/1/93 
f 1505/1/1505 2910/1/2910 1076/1/1076 
f 144/1/144 255/1/255 257/1/257 
f 1556/1/1556 1555/1/1555 2200/1/2200 
f 1242/1/1242 3395/1/3395 939/1/939 
f 2713/1/2713 136/1/136 200/1/200 
f 3417/1/3417 3755/1/3755 378/1/378 
f 3390/1/3390 2957/1/2957 4077/1/4077 
f 2512/1/2512 2069/1/2069 780/1/780 
f 442/1/442 441/1/441 2245/1/2245 
f 694/1/694 2022/1/2022 565/1/565 
f 4012/1/4012 1701/1/1701 1934/1/1934 
f 775/1/775 2325/1/2325 776/1/776 
f 1651/1/1651 4144/1/4144 2175/1/2175 
f 811/1/811 2145/1/2145 1488/1/1488 
f 1217/1/1217 3782/1/3782 1457/1/1457 
f 3462/1/3462 3461/1/3461 3683/1/3683 
f 4159/1/4159 1502/1/1502 1617/1/1617 
f 3394/1/3394 3523/1/3523 3933/1/3933 
f 3605/1/3605 485/1/485 484/1/484 
f 471/1/471 2417/1/2417 2937/1/2937 
f 3787/1/3787 1982/1/1982 3075/1/3075 
f 2083/1/2083 1033/1/1033 2222/1/2222 
f 3868/1/3868 3331/1/3331 3332/1/3332 
f 2134/1/2134 3193/1/3193 2135/1/2135 
f 1896/1/1896 1927/1/1927 3216/1/3216 
f 2227/1/2227 1306/1/1306 3063/1/3063 
f 1922/1/1922 2213/1/2213 2999/1/2999 
f 4122/1/4122 846/1/846 845/1/845 
f 4122/1/4122 845/1/845 1298/1/1298 
f 2537/1/2537 365/1/365 668/1/668 
f 1491/1/1491 3321/1/3321 3473/1/3473 
f 2842/1/2842 533/1/533 211/1/211 
f 326/1/326 2769/1/2769 327/1/327 
f 161/1/161 3503/1/3503 2492/1/2492 
f 669/1/669 2542/1/2542 1502/1/1502 
f 282/1/282 291/1/291 2708/1/2708 
f 3064/1/3064 3632/1/3632 650/1/650 
f 3012/1/3012 3854/1/3854 287/1/287 
f 2839/1/2839 2381/1/2381 1666/1/1666 
f 3669/1/3669 2332/1/2332 4062/1/4062 
f 1941/1/1941 1608/1/1608 2645/1/2645 
f 1299/1/1299 1848/1/1848 1847/1/1847 
f 730/1/730 248/1/248 247/1/247 
f 2276/1/2276 3087/1/3087 197/1/197 
f 2778/1/2778 2558/1/2558 1472/1/1472 
f 2457/1/2457 1708/1/1708 3719/1/3719 
f 260/1/260 3341/1/3341 2316/1/2316 
f 3655/1/3655 1848/1/1848 219/1/219 
f 2467/1/2467 1474/1/1474 1883/1/1883 
f 2882/1/2882 425/1/425 613/1/613 
f 3838/1/3838 2759/1/2759 1096/1/1096 
f 4077/1/4077 1644/1/1644 1123/1/1123 
f 1639/1/1639 1548/1/1548 1208/1/1208 
f 2930/1/2930 2929/1/2929 3353/1/3353 
f 1388/1/1388 3463/1/3463 1025/1/1025 
f 3623/1/3623 4149/1/4149 1835/1/1835 
f 2898/1/2898 1727/1/1727 1256/1/1256 
f 2586/1/2586 766/1/766 2165/1/2165 
f 2586/1/2586 2165/1/2165 3777/1/3777 
f 3217/1/3217 4005/1/4005 2496/1/2496 
f 1578/1/1578 1516/1/1516 2064/1/2064 
f 2285/1/2285 1979/1/1979 1451/1/1451 
f 669/1/669 1502/1/1502 4159/1/4159 
f 353/1/353 3105/1/3105 327/1/327 
f 3953/1/3953 3148/1/3148 3340/1/3340 
f 2027/1/2027 242/1/242 2790/1/2790 
f 2505/1/2505 2729/1/2729 3902/1/3902 
f 2505/1/2505 3902/1/3902 1115/1/1115 
f 3977/1/3977 2014/1/2014 2394/1/2394 
f 2092/1/2092 3201/1/3201 1839/1/1839 
f 1141/1/1141 2336/1/2336 1119/1/1119 
f 1043/1/1043 1045/1/1045 1958/1/1958 
f 243/1/243 246/1/246 3807/1/3807 
f 3573/1/3573 3466/1/3466 1229/1/1229 
f 2783/1/2783 2784/1/2784 2673/1/2673 
f 3805/1/3805 68/1/68 1838/1/1838 
f 89/1/89 988/1/988 3547/1/3547 
f 4148/1/4148 3840/1/3840 2817/1/2817 
f 760/1/760 1801/1/1801 1056/1/1056 
f 760/1/760 1056/1/1056 761/1/761 
f 4081/1/4081 3371/1/3371 1690/1/1690 
f 1485/1/1485 1254/1/1254 1486/1/1486 
f 3392/1/3392 2240/1/2240 2700/1/2700 
f 3641/1/3641 3640/1/3640 3909/1/3909 
f 2652/1/2652 3855/1/3855 1861/1/1861 
f 2515/1/2515 3881/1/3881 2531/1/2531 
f 178/1/178 214/1/214 290/1/290 
f 1944/1/1944 366/1/366 1945/1/1945 
f 746/1/746 2757/1/2757 800/1/800 
f 2614/1/2614 3687/1/3687 1366/1/1366 
f 1881/1/1881 1073/1/1073 1882/1/1882 
f 2523/1/2523 707/1/707 1687/1/1687 
f 3220/1/3220 4036/1/4036 3221/1/3221 
f 3696/1/3696 3256/1/3256 2868/1/2868 
f 3616/1/3616 4020/1/4020 3561/1/3561 
f 3709/1/3709 2249/1/2249 2542/1/2542 
f 1119/1/1119 2336/1/2336 660/1/660 
f 1652/1/1652 309/1/309 310/1/310 
f 2427/1/2427 2426/1/2426 2660/1/2660 
f 3923/1/3923 2671/1/2671 1300/1/1300 
f 1484/1/1484 3046/1/3046 3884/1/3884 
f 3370/1/3370 2582/1/2582 2543/1/2543 
f 1813/1/1813 3688/1/3688 3886/1/3886 
f 2964/1/2964 3384/1/3384 473/1/473 
f 306/1/306 878/1/878 3131/1/3131 
f 1875/1/1875 1874/1/1874 1057/1/1057 
f 3957/1/3957 758/1/758 1767/1/1767 
f 3222/1/3222 3327/1/3327 3015/1/3015 
f 931/1/931 1560/1/1560 840/1/840 
f 4166/1/4166 387/1/387 389/1/389 
f 2238/1/2238 672/1/672 3445/1/3445 
f 1562/1/1562 4168/1/4168 3345/1/3345 
f 1088/1/1088 1087/1/1087 4017/1/4017 
f 3188/1/3188 1263/1/1263 1265/1/1265 
f 4004/1/4004 4113/1/4113 450/1/450 
f 4162/1/4162 1288/1/1288 2184/1/2184 
f 3694/1/3694 3948/1/3948 4037/1/4037 
f 657/1/657 659/1/659 2045/1/2045 
f 2371/1/2371 2370/1/2370 3823/1/3823 
f 2767/1/2767 18/1/18 2768/1/2768 
f 3932/1/3932 3865/1/3865 1614/1/1614 
f 1646/1/1646 9/1/9 1331/1/1331 
f 1872/1/1872 2342/1/2342 1873/1/1873 
f 524/1/524 3640/1/3640 1975/1/1975 
f 2540/1/2540 3520/1/3520 2180/1/2180 
f 205/1/205 1737/1/1737 2298/1/2298 
f 3701/1/3701 4135/1/4135 3612/1/3612 
f 1319/1/1319 1837/1/1837 261/1/261 
f 1590/1/1590 3314/1/3314 1591/1/1591 
f 1700/1/1700 2590/1/2590 157/1/157 
f 2325/1/2325 731/1/731 733/1/733 
f 190/1/190 3378/1/3378 2224/1/2224 
f 3061/1/3061 2848/1/2848 3062/1/3062 
f 629/1/629 2342/1/2342 963/1/963 
f 4152/1/4152 4169/1/4169 4073/1/4073 
f 3641/1/3641 3909/1/3909 2412/1/2412 
f 1008/1/1008 3137/1/3137 1186/1/1186 
f 2572/1/2572 184/1/184 181/1/181 
f 2144/1/2144 22/1/22 21/1/21 
f 3647/1/3647 4116/1/4116 3584/1/3584 
f 266/1/266 2807/1/2807 1105/1/1105 
f 527/1/527 1392/1/1392 1394/1/1394 
f 341/1/341 537/1/537 3688/1/3688 
f 194/1/194 1692/1/1692 2790/1/2790 
f 3072/1/3072 2912/1/2912 4143/1/4143 
f 2094/1/2094 550/1/550 1515/1/1515 
f 236/1/236 993/1/993 237/1/237 
f 3780/1/3780 3309/1/3309 3310/1/3310 
f 851/1/851 2870/1/2870 852/1/852 
f 298/1/298 2594/1/2594 181/1/181 
f 1962/1/1962 366/1/366 2440/1/2440 
f 3426/1/3426 3643/1/3643 3356/1/3356 
f 3220/1/3220 1638/1/1638 1640/1/1640 
f 202/1/202 2897/1/2897 3241/1/3241 
f 3929/1/3929 4033/1/4033 3930/1/3930 
f 1481/1/1481 1480/1/1480 2013/1/2013 
f 1457/1/1457 1481/1/1481 2013/1/2013 
f 4079/1/4079 1919/1/1919 1092/1/1092 
f 1091/1/1091 4079/1/4079 1092/1/1092 
f 339/1/339 3180/1/3180 1065/1/1065 
f 2434/1/2434 1570/1/1570 3629/1/3629 
f 3195/1/3195 2180/1/2180 2179/1/2179 
f 1660/1/1660 1437/1/1437 2990/1/2990 
f 2853/1/2853 2182/1/2182 2184/1/2184 
f 707/1/707 2387/1/2387 405/1/405 
f 2440/1/2440 1945/1/1945 1616/1/1616 
f 20/1/20 19/1/19 1602/1/1602 
f 20/1/20 1602/1/1602 980/1/980 
f 1386/1/1386 1335/1/1335 1384/1/1384 
f 2977/1/2977 3542/1/3542 2152/1/2152 
f 2152/1/2152 3542/1/3542 3134/1/3134 
f 3273/1/3273 3851/1/3851 3344/1/3344 
f 3313/1/3313 3736/1/3736 2273/1/2273 
f 1313/1/1313 1812/1/1812 2300/1/2300 
f 2455/1/2455 969/1/969 2164/1/2164 
f 2632/1/2632 2923/1/2923 2365/1/2365 
f 104/1/104 599/1/599 3649/1/3649 
f 1688/1/1688 2939/1/2939 1379/1/1379 
f 3579/1/3579 4142/1/4142 4066/1/4066 
f 2429/1/2429 2167/1/2167 2133/1/2133 
f 525/1/525 3947/1/3947 526/1/526 
f 2144/1/2144 3317/1/3317 22/1/22 
f 1021/1/1021 4133/1/4133 3510/1/3510 
f 3070/1/3070 3072/1/3072 3693/1/3693 
f 1648/1/1648 1038/1/1038 1611/1/1611 
f 1707/1/1707 3677/1/3677 3924/1/3924 
f 1358/1/1358 590/1/590 1101/1/1101 
f 3769/1/3769 3437/1/3437 4003/1/4003 
f 3699/1/3699 3655/1/3655 218/1/218 
f 1081/1/1081 378/1/378 3755/1/3755 
f 1131/1/1131 2781/1/2781 574/1/574 
f 1131/1/1131 574/1/574 3864/1/3864 
f 3788/1/3788 829/1/829 3022/1/3022 
f 3788/1/3788 3022/1/3022 3877/1/3877 
f 1530/1/1530 830/1/830 1736/1/1736 
f 2281/1/2281 1026/1/1026 3463/1/3463 
f 2562/1/2562 3524/1/3524 2030/1/2030 
f 1306/1/1306 2226/1/2226 2229/1/2229 
f 3437/1/3437 3103/1/3103 4003/1/4003 
f 2061/1/2061 1312/1/1312 1261/1/1261 
f 1169/1/1169 1168/1/1168 2304/1/2304 
f 2875/1/2875 3208/1/3208 3210/1/3210 
f 1871/1/1871 824/1/824 395/1/395 
f 1925/1/1925 2696/1/2696 1926/1/1926 
f 2007/1/2007 2644/1/2644 2643/1/2643 
f 3554/1/3554 870/1/870 1621/1/1621 
f 367/1/367 4047/1/4047 368/1/368 
f 3521/1/3521 3605/1/3605 436/1/436 
f 2058/1/2058 1460/1/1460 1459/1/1459 
f 3254/1/3254 3489/1/3489 2739/1/2739 
f 661/1/661 3055/1/3055 576/1/576 
f 3941/1/3941 1593/1/1593 1592/1/1592 
f 4134/1/4134 3913/1/3913 3374/1/3374 
f 821/1/821 3146/1/3146 2796/1/2796 
f 937/1/937 3245/1/3245 3328/1/3328 
f 2408/1/2408 439/1/439 271/1/271 
f 3490/1/3490 2579/1/2579 1243/1/1243 
f 1372/1/1372 3853/1/3853 384/1/384 
f 2978/1/2978 1372/1/1372 384/1/384 
f 2492/1/2492 162/1/162 2144/1/2144 
f 801/1/801 3932/1/3932 802/1/802 
f 556/1/556 1929/1/1929 2244/1/2244 
f 424/1/424 1968/1/1968 1921/1/1921 
f 415/1/415 2553/1/2553 292/1/292 
f 2552/1/2552 2551/1/2551 2550/1/2550 
f 4074/1/4074 3794/1/3794 350/1/350 
f 2002/1/2002 2001/1/2001 2403/1/2403 
f 338/1/338 1065/1/1065 2829/1/2829 
f 1674/1/1674 2210/1/2210 2842/1/2842 
f 466/1/466 465/1/465 2672/1/2672 
f 1861/1/1861 3854/1/3854 1787/1/1787 
f 1284/1/1284 1011/1/1011 2974/1/2974 
f 3979/1/3979 3608/1/3608 2310/1/2310 
f 2120/1/2120 274/1/274 276/1/276 
f 4021/1/4021 4022/1/4022 1055/1/1055 
f 1634/1/1634 2971/1/2971 1297/1/1297 
f 168/1/168 2180/1/2180 164/1/164 
f 2311/1/2311 2908/1/2908 3538/1/3538 
f 369/1/369 1969/1/1969 3436/1/3436 
f 222/1/222 3025/1/3025 1610/1/1610 
f 1580/1/1580 208/1/208 210/1/210 
f 3625/1/3625 2902/1/2902 3626/1/3626 
f 1445/1/1445 3177/1/3177 2888/1/2888 
f 4032/1/4032 1704/1/1704 1703/1/1703 
f 3895/1/3895 1382/1/1382 3595/1/3595 
f 2562/1/2562 2564/1/2564 3205/1/3205 
f 2689/1/2689 838/1/838 2723/1/2723 
f 631/1/631 539/1/539 1262/1/1262 
f 279/1/279 2256/1/2256 3155/1/3155 
f 1232/1/1232 3261/1/3261 3428/1/3428 
f 1956/1/1956 871/1/871 3842/1/3842 
f 193/1/193 1256/1/1256 191/1/191 
f 2332/1/2332 3669/1/3669 2435/1/2435 
f 2332/1/2332 2435/1/2435 573/1/573 
f 3837/1/3837 1507/1/1507 1432/1/1432 
f 994/1/994 3073/1/3073 993/1/993 
f 1343/1/1343 2146/1/2146 3176/1/3176 
f 3893/1/3893 1231/1/1231 3928/1/3928 
f 40/1/40 497/1/497 3140/1/3140 
f 3540/1/3540 232/1/232 3939/1/3939 
f 3540/1/3540 3939/1/3939 3678/1/3678 
f 4170/1/4170 3660/1/3660 3667/1/3667 
f 1630/1/1630 697/1/697 696/1/696 
f 1416/1/1416 2504/1/2504 2702/1/2702 
f 243/1/243 3736/1/3736 3625/1/3625 
f 2779/1/2779 982/1/982 2926/1/2926 
f 1911/1/1911 3057/1/3057 1606/1/1606 
f 3567/1/3567 2088/1/2088 3200/1/3200 
f 2728/1/2728 3902/1/3902 2729/1/2729 
f 645/1/645 3266/1/3266 3714/1/3714 
f 3635/1/3635 645/1/645 3714/1/3714 
f 2051/1/2051 888/1/888 159/1/159 
f 1395/1/1395 681/1/681 3674/1/3674 
f 1773/1/1773 2871/1/2871 1774/1/1774 
f 3753/1/3753 1779/1/1779 3008/1/3008 
f 2088/1/2088 2005/1/2005 2007/1/2007 
f 1100/1/1100 434/1/434 249/1/249 
f 941/1/941 859/1/859 861/1/861 
f 3895/1/3895 3894/1/3894 4051/1/4051 
f 1101/1/1101 592/1/592 1102/1/1102 
f 3805/1/3805 1838/1/1838 4149/1/4149 
f 4082/1/4082 318/1/318 3066/1/3066 
f 1384/1/1384 2835/1/2835 3459/1/3459 
f 215/1/215 460/1/460 2013/1/2013 
f 401/1/401 1251/1/1251 4012/1/4012 
f 3312/1/3312 3846/1/3846 2422/1/2422 
f 3483/1/3483 638/1/638 1308/1/1308 
f 978/1/978 980/1/980 1603/1/1603 
f 1851/1/1851 331/1/331 2215/1/2215 
f 3596/1/3596 1154/1/1154 2393/1/2393 
f 722/1/722 1876/1/1876 3804/1/3804 
f 2146/1/2146 2033/1/2033 1344/1/1344 
f 1089/1/1089 3137/1/3137 2784/1/2784 
f 2681/1/2681 2344/1/2344 2911/1/2911 
f 3497/1/3497 99/1/99 1112/1/1112 
f 4167/1/4167 3530/1/3530 4132/1/4132 
f 424/1/424 423/1/423 1330/1/1330 
f 2237/1/2237 544/1/544 1228/1/1228 
f 3249/1/3249 3869/1/3869 3316/1/3316 
f 82/1/82 84/1/84 3816/1/3816 
f 2539/1/2539 1270/1/1270 3962/1/3962 
f 3036/1/3036 550/1/550 2993/1/2993 
f 3269/1/3269 3330/1/3330 2119/1/2119 
f 2400/1/2400 2142/1/2142 32/1/32 
f 35/1/35 2400/1/2400 32/1/32 
f 1356/1/1356 3026/1/3026 1906/1/1906 
f 1903/1/1903 1167/1/1167 3776/1/3776 
f 3927/1/3927 3583/1/3583 3612/1/3612 
f 750/1/750 964/1/964 751/1/751 
f 2061/1/2061 1273/1/1273 1272/1/1272 
f 646/1/646 3564/1/3564 3617/1/3617 
f 2271/1/2271 2270/1/2270 4131/1/4131 
f 2521/1/2521 2870/1/2870 2187/1/2187 
f 3352/1/3352 2169/1/2169 1756/1/1756 
f 3084/1/3084 1822/1/1822 1821/1/1821 
f 2596/1/2596 2420/1/2420 2597/1/2597 
f 2192/1/2192 2979/1/2979 1370/1/1370 
f 427/1/427 612/1/612 2456/1/2456 
f 2021/1/2021 2161/1/2161 3586/1/3586 
f 112/1/112 116/1/116 118/1/118 
f 3491/1/3491 2357/1/2357 2846/1/2846 
f 3491/1/3491 2846/1/2846 2580/1/2580 
f 3981/1/3981 2969/1/2969 2778/1/2778 
f 1656/1/1656 4040/1/4040 2932/1/2932 
f 4041/1/4041 1978/1/1978 2339/1/2339 
s off
f 4171/1/4171 4172/1/4171 4173/1/4171 
s 1
f 2079/1/2079 2619/1/2619 2080/1/2080 
f 3841/1/3841 4113/1/4113 451/1/451 
f 3841/1/3841 451/1/451 304/1/304 
f 3598/1/3598 1410/1/1410 1409/1/1409 
f 943/1/943 2563/1/2563 1446/1/1446 
f 1790/1/1790 2343/1/2343 684/1/684 
f 4061/1/4061 3775/1/3775 2731/1/2731 
f 3658/1/3658 4061/1/4061 2731/1/2731 
f 2476/1/2476 4070/1/4070 2105/1/2105 
f 2196/1/2196 1887/1/1887 2468/1/2468 
f 3643/1/3643 1468/1/1468 3356/1/3356 
f 3951/1/3951 2185/1/2185 2819/1/2819 
f 3101/1/3101 3100/1/3100 241/1/241 
f 3896/1/3896 1823/1/1823 3757/1/3757 
f 423/1/423 2334/1/2334 1331/1/1331 
f 2742/1/2742 2470/1/2470 2472/1/2472 
f 1040/1/1040 2401/1/2401 3488/1/3488 
f 1675/1/1675 2867/1/2867 3454/1/3454 
f 2608/1/2608 1908/1/1908 1907/1/1907 
f 3585/1/3585 4116/1/4116 4024/1/4024 
f 293/1/293 1575/1/1575 1227/1/1227 
f 4137/1/4137 3225/1/3225 1835/1/1835 
f 2466/1/2466 2981/1/2981 744/1/744 
f 53/1/53 835/1/835 52/1/52 
f 3101/1/3101 2533/1/2533 1178/1/1178 
f 2516/1/2516 3881/1/3881 342/1/342 
f 3246/1/3246 935/1/935 937/1/937 
f 2258/1/2258 3050/1/3050 2424/1/2424 
f 2889/1/2889 2888/1/2888 3178/1/3178 
f 3588/1/3588 3696/1/3696 3587/1/3587 
f 2008/1/2008 1669/1/1669 2805/1/2805 
f 3347/1/3347 1247/1/1247 1426/1/1426 
f 994/1/994 2011/1/2011 3727/1/3727 
f 801/1/801 2572/1/2572 3638/1/3638 
f 1268/1/1268 1568/1/1568 490/1/490 
f 1585/1/1585 1888/1/1888 3918/1/3918 
f 3226/1/3226 2248/1/2248 668/1/668 
f 3000/1/3000 3226/1/3226 668/1/668 
f 1153/1/1153 3732/1/3732 2176/1/2176 
f 4024/1/4024 1735/1/1735 1013/1/1013 
f 342/1/342 1666/1/1666 2587/1/2587 
f 2134/1/2134 441/1/441 3193/1/3193 
f 570/1/570 4157/1/4157 3911/1/3911 
f 3694/1/3694 2735/1/2735 3948/1/3948 
f 3663/1/3663 283/1/283 285/1/285 
f 1672/1/1672 1043/1/1043 1958/1/1958 
f 55/1/55 163/1/163 3597/1/3597 
f 3102/1/3102 1770/1/1770 3955/1/3955 
f 3267/1/3267 3904/1/3904 2813/1/2813 
f 567/1/567 566/1/566 2333/1/2333 
f 2566/1/2566 96/1/96 356/1/356 
f 2954/1/2954 1904/1/1904 1344/1/1344 
f 158/1/158 3428/1/3428 3723/1/3723 
f 2930/1/2930 542/1/542 2928/1/2928 
f 1359/1/1359 1358/1/1358 3417/1/3417 
f 3711/1/3711 450/1/450 3712/1/3712 
f 662/1/662 2871/1/2871 2589/1/2589 
f 2635/1/2635 4115/1/4115 2527/1/2527 
f 699/1/699 3506/1/3506 4025/1/4025 
f 3333/1/3333 4016/1/4016 638/1/638 
f 124/1/124 3333/1/3333 638/1/638 
f 1603/1/1603 1215/1/1215 1474/1/1474 
f 760/1/760 2296/1/2296 4105/1/4105 
f 875/1/875 3514/1/3514 4174/1/4172 
f 447/1/447 2453/1/2453 1218/1/1218 
f 1217/1/1217 447/1/447 1218/1/1218 
f 2971/1/2971 2366/1/2366 1623/1/1623 
f 2971/1/2971 1623/1/1623 627/1/627 
f 424/1/424 1330/1/1330 2334/1/2334 
f 143/1/143 145/1/145 3272/1/3272 
f 381/1/381 3863/1/3863 3546/1/3546 
f 1961/1/1961 3524/1/3524 3586/1/3586 
f 2517/1/2517 152/1/152 154/1/154 
f 2221/1/2221 355/1/355 353/1/353 
f 490/1/490 3606/1/3606 3793/1/3793 
f 3652/1/3652 3665/1/3665 1979/1/1979 
f 3602/1/3602 1293/1/1293 3337/1/3337 
f 3603/1/3603 3602/1/3602 3337/1/3337 
f 2681/1/2681 1149/1/1149 723/1/723 
f 4054/1/4054 4077/1/4077 1122/1/1122 
f 1857/1/1857 1385/1/1385 2835/1/2835 
f 1858/1/1858 1857/1/1857 2835/1/2835 
f 2047/1/2047 1855/1/1855 1936/1/1936 
f 1543/1/1543 1976/1/1976 2038/1/2038 
f 1406/1/1406 3737/1/3737 432/1/432 
f 3779/1/3779 551/1/551 104/1/104 
f 2184/1/2184 1288/1/1288 1001/1/1001 
f 3302/1/3302 2841/1/2841 960/1/960 
f 4045/1/4045 2675/1/2675 3940/1/3940 
f 840/1/840 410/1/410 3691/1/3691 
f 2919/1/2919 1686/1/1686 2523/1/2523 
f 1311/1/1311 3700/1/3700 629/1/629 
f 828/1/828 1970/1/1970 1969/1/1969 
f 368/1/368 828/1/828 1969/1/1969 
f 2981/1/2981 35/1/35 3101/1/3101 
f 3536/1/3536 2260/1/2260 413/1/413 
f 4169/1/4169 1742/1/1742 1744/1/1744 
f 4095/1/4095 3314/1/3314 4112/1/4112 
f 2691/1/2691 3690/1/3690 3556/1/3556 
f 3666/1/3666 4000/1/4000 3165/1/3165 
f 1998/1/1998 2362/1/2362 1841/1/1841 
f 987/1/987 843/1/843 87/1/87 
f 437/1/437 4147/1/4147 1766/1/1766 
f 1167/1/1167 3657/1/3657 3776/1/3776 
f 189/1/189 3378/1/3378 3764/1/3764 
f 1464/1/1464 311/1/311 3558/1/3558 
f 757/1/757 1766/1/1766 4147/1/4147 
f 2738/1/2738 2737/1/2737 2093/1/2093 
f 2958/1/2958 3337/1/3337 684/1/684 
f 2455/1/2455 2165/1/2165 970/1/970 
f 2808/1/2808 2150/1/2150 2149/1/2149 
f 2737/1/2737 1443/1/1443 1442/1/1442 
f 1848/1/1848 3730/1/3730 784/1/784 
f 2625/1/2625 29/1/29 1010/1/1010 
f 1709/1/1709 927/1/927 929/1/929 
f 796/1/796 3750/1/3750 3749/1/3749 
f 3997/1/3997 1194/1/1194 2828/1/2828 
f 3074/1/3074 2507/1/2507 4080/1/4080 
f 3736/1/3736 2383/1/2383 3807/1/3807 
f 1341/1/1341 521/1/521 520/1/520 
f 1154/1/1154 33/1/33 793/1/793 
f 2482/1/2482 1457/1/1457 215/1/215 
f 748/1/748 2757/1/2757 3117/1/3117 
f 748/1/748 3117/1/3117 3387/1/3387 
f 2942/1/2942 2944/1/2944 2254/1/2254 
f 1040/1/1040 3152/1/3152 2536/1/2536 
f 2506/1/2506 3163/1/3163 428/1/428 
f 2301/1/2301 537/1/537 341/1/341 
f 2301/1/2301 341/1/341 3455/1/3455 
f 3399/1/3399 3279/1/3279 698/1/698 
f 599/1/599 106/1/106 1577/1/1577 
f 353/1/353 3484/1/3484 354/1/354 
f 1100/1/1100 89/1/89 434/1/434 
f 4154/1/4154 3550/1/3550 2108/1/2108 
f 646/1/646 3617/1/3617 1444/1/1444 
f 3639/1/3639 1601/1/1601 3394/1/3394 
f 2508/1/2508 182/1/182 802/1/802 
f 18/1/18 2076/1/2076 1840/1/1840 
f 452/1/452 454/1/454 2871/1/2871 
f 1187/1/1187 2125/1/2125 2489/1/2489 
f 2354/1/2354 1311/1/1311 629/1/629 
f 2065/1/2065 2468/1/2468 2853/1/2853 
f 3199/1/3199 1801/1/1801 1800/1/1800 
f 3583/1/3583 789/1/789 3410/1/3410 
f 3005/1/3005 1189/1/1189 2346/1/2346 
f 3323/1/3323 3322/1/3322 2161/1/2161 
f 2032/1/2032 3116/1/3116 2638/1/2638 
f 1687/1/1687 2919/1/2919 2523/1/2523 
f 3390/1/3390 4077/1/4077 4054/1/4054 
f 2331/1/2331 1952/1/1952 1187/1/1187 
f 3541/1/3541 4175/1/4173 379/1/379 
f 725/1/725 3500/1/3500 2386/1/2386 
f 3796/1/3796 1412/1/1412 3778/1/3778 
f 922/1/922 323/1/323 1737/1/1737 
f 3323/1/3323 2788/1/2788 2396/1/2396 
f 1559/1/1559 1412/1/1412 1411/1/1411 
f 2253/1/2253 1932/1/1932 2251/1/2251 
f 245/1/245 1527/1/1527 246/1/246 
f 482/1/482 3357/1/3357 1620/1/1620 
f 760/1/760 4105/1/4105 1801/1/1801 
f 2792/1/2792 2232/1/2232 917/1/917 
f 2208/1/2208 2975/1/2975 1161/1/1161 
f 3574/1/3574 2208/1/2208 1161/1/1161 
f 3407/1/3407 529/1/529 223/1/223 
f 3424/1/3424 3795/1/3795 777/1/777 
f 399/1/399 398/1/398 256/1/256 
f 1253/1/1253 399/1/399 256/1/256 
f 3044/1/3044 2560/1/2560 4128/1/4128 
f 2731/1/2731 3569/1/3569 1197/1/1197 
f 3509/1/3509 2731/1/2731 1197/1/1197 
f 1803/1/1803 2526/1/2526 3671/1/3671 
f 2984/1/2984 2479/1/2479 684/1/684 
f 4104/1/4104 1955/1/1955 2139/1/2139 
f 2852/1/2852 2224/1/2224 2223/1/2223 
f 3673/1/3673 2214/1/2214 1175/1/1175 
f 1163/1/1163 1879/1/1879 1794/1/1794 
f 3984/1/3984 2801/1/2801 4057/1/4057 
f 1739/1/1739 4094/1/4094 4093/1/4093 
f 3897/1/3897 3757/1/3757 2006/1/2006 
f 2986/1/2986 1858/1/1858 1386/1/1386 
f 1317/1/1317 3164/1/3164 1316/1/1316 
f 395/1/395 3995/1/3995 137/1/137 
f 2965/1/2965 252/1/252 254/1/254 
f 2401/1/2401 358/1/358 3488/1/3488 
f 2175/1/2175 4144/1/4144 2176/1/2176 
f 3801/1/3801 3926/1/3926 4124/1/4124 
f 2451/1/2451 983/1/983 1016/1/1016 
f 4020/1/4020 3324/1/3324 1905/1/1905 
f 1744/1/1744 1981/1/1981 4169/1/4169 
f 2054/1/2054 202/1/202 2055/1/2055 
f 2374/1/2374 664/1/664 1356/1/1356 
f 4090/1/4090 1381/1/1381 63/1/63 
f 824/1/824 3390/1/3390 2622/1/2622 
f 2193/1/2193 1036/1/1036 3465/1/3465 
f 3891/1/3891 2193/1/2193 3465/1/3465 
f 3581/1/3581 3137/1/3137 1089/1/1089 
f 3581/1/3581 1089/1/1089 467/1/467 
f 1022/1/1022 4139/1/4139 2154/1/2154 
f 3380/1/3380 1679/1/1679 505/1/505 
f 591/1/591 3417/1/3417 4112/1/4112 
f 259/1/259 258/1/258 3219/1/3219 
f 2557/1/2557 4092/1/4092 2985/1/2985 
f 2046/1/2046 2045/1/2045 3807/1/3807 
f 3709/1/3709 2542/1/2542 3226/1/3226 
f 3303/1/3303 2389/1/2389 2847/1/2847 
f 1777/1/1777 1614/1/1614 3865/1/3865 
f 415/1/415 292/1/292 2554/1/2554 
f 3382/1/3382 3138/1/3138 2494/1/2494 
f 1431/1/1431 1158/1/1158 825/1/825 
f 4166/1/4166 3234/1/3234 387/1/387 
f 251/1/251 3726/1/3726 3111/1/3111 
f 2914/1/2914 32/1/32 2142/1/2142 
f 1487/1/1487 4091/1/4091 3952/1/3952 
f 2657/1/2657 3065/1/3065 4176/1/4174 
f 862/1/862 3600/1/3600 1467/1/1467 
f 1071/1/1071 2597/1/2597 2420/1/2420 
f 2616/1/2616 2747/1/2747 736/1/736 
f 1252/1/1252 4012/1/4012 1934/1/1934 
f 3453/1/3453 1184/1/1184 2699/1/2699 
f 2560/1/2560 2450/1/2450 4128/1/4128 
f 569/1/569 102/1/102 1365/1/1365 
f 2223/1/2223 421/1/421 3620/1/3620 
f 1512/1/1512 1429/1/1429 4019/1/4019 
f 2119/1/2119 4144/1/4144 1691/1/1691 
f 789/1/789 2231/1/2231 654/1/654 
f 59/1/59 1340/1/1340 2308/1/2308 
f 3610/1/3610 746/1/746 3185/1/3185 
f 757/1/757 736/1/736 1430/1/1430 
f 2324/1/2324 2127/1/2127 2070/1/2070 
f 814/1/814 688/1/688 687/1/687 
f 2997/1/2997 463/1/463 3593/1/3593 
f 3126/1/3126 1863/1/1863 3127/1/3127 
f 1789/1/1789 4053/1/4053 3130/1/3130 
f 3365/1/3365 1949/1/1949 3315/1/3315 
f 1176/1/1176 1842/1/1842 1525/1/1525 
f 3338/1/3338 676/1/676 268/1/268 
f 3669/1/3669 3883/1/3883 3670/1/3670 
f 2446/1/2446 1419/1/1419 650/1/650 
f 3067/1/3067 2639/1/2639 204/1/204 
f 1658/1/1658 912/1/912 1549/1/1549 
f 781/1/781 3126/1/3126 1708/1/1708 
f 555/1/555 3959/1/3959 3570/1/3570 
f 2451/1/2451 1896/1/1896 983/1/983 
f 780/1/780 2514/1/2514 1388/1/1388 
f 239/1/239 2913/1/2913 3070/1/3070 
f 841/1/841 840/1/840 3335/1/3335 
f 841/1/841 3335/1/3335 2870/1/2870 
f 1987/1/1987 620/1/620 619/1/619 
f 2427/1/2427 2660/1/2660 2659/1/2659 
f 662/1/662 2373/1/2373 452/1/452 
f 4150/1/4150 3874/1/3874 853/1/853 
f 3470/1/3470 1748/1/1748 3049/1/3049 
f 3915/1/3915 860/1/860 3186/1/3186 
f 1302/1/1302 2717/1/2717 1994/1/1994 
f 999/1/999 2853/1/2853 2184/1/2184 
f 509/1/509 4000/1/4000 3666/1/3666 
f 919/1/919 3920/1/3920 4126/1/4126 
f 2555/1/2555 120/1/120 2553/1/2553 
f 1323/1/1323 298/1/298 2489/1/2489 
f 25/1/25 3173/1/3173 3346/1/3346 
f 2328/1/2328 135/1/135 134/1/134 
f 138/1/138 136/1/136 135/1/135 
f 598/1/598 3592/1/3592 2027/1/2027 
f 220/1/220 814/1/814 221/1/221 
f 2053/1/2053 3239/1/3239 397/1/397 
f 650/1/650 1419/1/1419 506/1/506 
f 3912/1/3912 1639/1/1639 1208/1/1208 
f 737/1/737 1006/1/1006 1814/1/1814 
f 737/1/737 1814/1/1814 2641/1/2641 
f 4138/1/4138 1538/1/1538 3829/1/3829 
f 1948/1/1948 4145/1/4145 1947/1/1947 
f 2719/1/2719 1708/1/1708 3126/1/3126 
f 3953/1/3953 3340/1/3340 1565/1/1565 
f 804/1/804 3760/1/3760 739/1/739 
f 2292/1/2292 756/1/756 3065/1/3065 
f 3336/1/3336 3475/1/3475 3602/1/3602 
f 3756/1/3756 3441/1/3441 771/1/771 
f 550/1/550 1631/1/1631 1515/1/1515 
f 1583/1/1583 3645/1/3645 2297/1/2297 
f 3843/1/3843 4104/1/4104 4055/1/4055 
f 178/1/178 180/1/180 3472/1/3472 
f 1644/1/1644 3725/1/3725 1645/1/1645 
f 1982/1/1982 3076/1/3076 3075/1/3075 
f 1275/1/1275 3405/1/3405 3432/1/3432 
f 515/1/515 1563/1/1563 704/1/704 
f 564/1/564 3257/1/3257 3408/1/3408 
f 1264/1/1264 1938/1/1938 1265/1/1265 
f 3396/1/3396 1505/1/1505 1620/1/1620 
f 2230/1/2230 710/1/710 839/1/839 
f 671/1/671 1790/1/1790 2958/1/2958 
f 1428/1/1428 1427/1/1427 372/1/372 
f 1470/1/1470 3920/1/3920 919/1/919 
f 1604/1/1604 1470/1/1470 919/1/919 
f 2513/1/2513 2512/1/2512 787/1/787 
f 4004/1/4004 450/1/450 451/1/451 
f 305/1/305 4004/1/4004 451/1/451 
f 3708/1/3708 3804/1/3804 1876/1/1876 
f 3561/1/3561 3560/1/3560 4155/1/4155 
f 3111/1/3111 2328/1/2328 2327/1/2327 
f 1150/1/1150 3627/1/3627 3116/1/3116 
f 174/1/174 173/1/173 453/1/453 
f 3983/1/3983 3745/1/3745 4177/1/4175 
f 3989/1/3989 2056/1/2056 2058/1/2058 
f 3589/1/3589 1299/1/1299 1847/1/1847 
f 2093/1/2093 3036/1/3036 2717/1/2717 
f 3174/1/3174 3748/1/3748 492/1/492 
f 3759/1/3759 2407/1/2407 3760/1/3760 
f 896/1/896 2175/1/2175 1652/1/1652 
f 2996/1/2996 2752/1/2752 264/1/264 
f 1059/1/1059 1061/1/1061 3438/1/3438 
f 4062/1/4062 2435/1/2435 3670/1/3670 
f 200/1/200 1871/1/1871 201/1/201 
f 2534/1/2534 440/1/440 1249/1/1249 
f 3452/1/3452 811/1/811 768/1/768 
f 1165/1/1165 882/1/882 884/1/884 
f 1166/1/1166 1165/1/1165 884/1/884 
f 3366/1/3366 3783/1/3783 2148/1/2148 
f 2871/1/2871 454/1/454 2588/1/2588 
f 2868/1/2868 3256/1/3256 3949/1/3949 
f 1691/1/1691 3330/1/3330 4008/1/4008 
f 2119/1/2119 1691/1/1691 4008/1/4008 
f 1552/1/1552 4011/1/4011 2917/1/2917 
f 1552/1/1552 2917/1/2917 1554/1/1554 
f 2926/1/2926 982/1/982 1897/1/1897 
f 2239/1/2239 2764/1/2764 2240/1/2240 
f 2546/1/2546 1683/1/1683 1420/1/1420 
f 205/1/205 1738/1/1738 323/1/323 
f 544/1/544 2930/1/2930 3353/1/3353 
f 1192/1/1192 2322/1/2322 513/1/513 
f 2555/1/2555 2554/1/2554 292/1/292 
f 3416/1/3416 3547/1/3547 988/1/988 
f 464/1/464 2874/1/2874 3680/1/3680 
f 84/1/84 83/1/83 1567/1/1567 
f 2254/1/2254 3222/1/3222 3411/1/3411 
f 2683/1/2683 4178/1/4176 2682/1/2682 
f 1132/1/1132 3864/1/3864 3319/1/3319 
f 2897/1/2897 2055/1/2055 3970/1/3970 
f 578/1/578 1592/1/1592 2350/1/2350 
f 2137/1/2137 69/1/69 3806/1/3806 
f 1132/1/1132 3654/1/3654 1133/1/1133 
f 2942/1/2942 1640/1/1640 3016/1/3016 
f 853/1/853 3607/1/3607 854/1/854 
f 2120/1/2120 2122/1/2122 2443/1/2443 
f 1012/1/1012 1011/1/1011 1726/1/1726 
f 1012/1/1012 1726/1/1726 206/1/206 
f 220/1/220 222/1/222 1321/1/1321 
f 1641/1/1641 1643/1/1643 4029/1/4029 
f 238/1/238 240/1/240 3236/1/3236 
f 1976/1/1976 238/1/238 3236/1/3236 
f 4169/1/4169 4152/1/4152 1742/1/1742 
f 2014/1/2014 3977/1/3977 1480/1/1480 
f 2183/1/2183 1911/1/1911 1288/1/1288 
f 3235/1/3235 1921/1/1921 2904/1/2904 
f 2322/1/2322 512/1/512 511/1/511 
f 2990/1/2990 1010/1/1010 1012/1/1012 
f 1109/1/1109 1111/1/1111 493/1/493 
f 3527/1/3527 3526/1/3526 3817/1/3817 
f 1580/1/1580 1581/1/1581 2430/1/2430 
f 2268/1/2268 3102/1/3102 2963/1/2963 
f 1300/1/1300 3312/1/3312 1164/1/1164 
f 558/1/558 4107/1/4107 587/1/587 
f 3245/1/3245 2121/1/2121 3328/1/3328 
f 1965/1/1965 18/1/18 995/1/995 
f 1966/1/1966 1965/1/1965 995/1/995 
f 1128/1/1128 3747/1/3747 2531/1/2531 
f 3825/1/3825 3571/1/3571 548/1/548 
f 3544/1/3544 3320/1/3320 3319/1/3319 
f 3887/1/3887 3544/1/3544 3319/1/3319 
f 1683/1/1683 2446/1/2446 649/1/649 
f 3287/1/3287 2347/1/2347 2346/1/2346 
f 3927/1/3927 3582/1/3582 3583/1/3583 
f 1897/1/1897 298/1/298 3011/1/3011 
f 2208/1/2208 1789/1/1789 1162/1/1162 
f 2208/1/2208 1162/1/1162 2975/1/2975 
f 2119/1/2119 2174/1/2174 4144/1/4144 
f 3748/1/3748 493/1/493 492/1/492 
f 2576/1/2576 2575/1/2575 4128/1/4128 
f 1397/1/1397 1803/1/1803 2748/1/2748 
f 2089/1/2089 3142/1/3142 1482/1/1482 
f 2800/1/2800 3233/1/3233 2774/1/2774 
f 2056/1/2056 832/1/832 2694/1/2694 
f 2289/1/2289 2947/1/2947 2485/1/2485 
f 3101/1/3101 1178/1/1178 3754/1/3754 
f 3583/1/3583 790/1/790 651/1/651 
f 1402/1/1402 3400/1/3400 3092/1/3092 
f 3293/1/3293 2751/1/2751 3598/1/3598 
f 248/1/248 2620/1/2620 1099/1/1099 
f 3206/1/3206 1964/1/1964 3803/1/3803 
f 583/1/583 582/1/582 99/1/99 
f 2530/1/2530 2308/1/2308 1408/1/1408 
f 315/1/315 1198/1/1198 3331/1/3331 
f 2874/1/2874 2432/1/2432 2832/1/2832 
f 623/1/623 4078/1/4078 3100/1/3100 
f 1734/1/1734 2766/1/2766 4063/1/4063 
f 868/1/868 4016/1/4016 639/1/639 
f 2586/1/2586 3334/1/3334 2715/1/2715 
f 1544/1/1544 3844/1/3844 64/1/64 
f 195/1/195 105/1/105 196/1/196 
f 3325/1/3325 3045/1/3045 42/1/42 
f 1687/1/1687 707/1/707 1520/1/1520 
f 2618/1/2618 2909/1/2909 4091/1/4091 
f 1219/1/1219 876/1/876 1481/1/1481 
f 464/1/464 3680/1/3680 2432/1/2432 
f 3945/1/3945 3885/1/3885 2872/1/2872 
f 1506/1/1506 1521/1/1521 2910/1/2910 
f 2865/1/2865 2864/1/2864 147/1/147 
f 1052/1/1052 3391/1/3391 3973/1/3973 
f 3644/1/3644 3375/1/3375 3552/1/3552 
f 1738/1/1738 2302/1/2302 672/1/672 
f 1383/1/1383 2086/1/2086 3888/1/3888 
f 281/1/281 3304/1/3304 2709/1/2709 
f 1262/1/1262 2354/1/2354 631/1/631 
f 2173/1/2173 1248/1/1248 270/1/270 
f 3983/1/3983 4177/1/4175 1939/1/1939 
f 1981/1/1981 1930/1/1930 1929/1/1929 
f 2313/1/2313 3532/1/3532 2912/1/2912 
f 4058/1/4058 2065/1/2065 2066/1/2066 
f 146/1/146 150/1/150 3543/1/3543 
f 2610/1/2610 3888/1/3888 3859/1/3859 
f 476/1/476 826/1/826 2655/1/2655 
f 495/1/495 1262/1/1262 538/1/538 
f 4032/1/4032 2494/1/2494 1704/1/1704 
f 3477/1/3477 3961/1/3961 2052/1/2052 
f 2162/1/2162 2161/1/2161 2021/1/2021 
f 3799/1/3799 4160/1/4160 2799/1/2799 
f 2520/1/2520 2519/1/2519 118/1/118 
f 3663/1/3663 2802/1/2802 2004/1/2004 
f 2806/1/2806 299/1/299 301/1/301 
f 368/1/368 4047/1/4047 3435/1/3435 
f 1739/1/1739 1741/1/1741 4094/1/4094 
f 4027/1/4027 3512/1/3512 4006/1/4006 
f 545/1/545 1228/1/1228 3353/1/3353 
f 545/1/545 3353/1/3353 3157/1/3157 
f 798/1/798 800/1/800 3185/1/3185 
f 2666/1/2666 2668/1/2668 1665/1/1665 
f 459/1/459 2666/1/2666 1665/1/1665 
f 949/1/949 4115/1/4115 3727/1/3727 
f 3073/1/3073 237/1/237 2636/1/2636 
f 1383/1/1383 3888/1/3888 2610/1/2610 
f 994/1/994 4115/1/4115 3073/1/3073 
f 1645/1/1645 3516/1/3516 1603/1/1603 
f 2091/1/2091 3833/1/3833 70/1/70 
f 3517/1/3517 386/1/386 1404/1/1404 
f 1832/1/1832 3030/1/3030 3031/1/3031 
f 2222/1/2222 1697/1/1697 1212/1/1212 
f 2041/1/2041 482/1/482 3396/1/3396 
f 605/1/605 1354/1/1354 3064/1/3064 
f 3318/1/3318 1469/1/1469 1468/1/1468 
f 2696/1/2696 1189/1/1189 2697/1/2697 
f 3541/1/3541 583/1/583 3497/1/3497 
f 747/1/747 3697/1/3697 2207/1/2207 
f 2915/1/2915 4158/1/4158 3490/1/3490 
f 147/1/147 2499/1/2499 2865/1/2865 
f 1852/1/1852 3717/1/3717 1949/1/1949 
f 1143/1/1143 3172/1/3172 4084/1/4084 
f 3057/1/3057 1674/1/1674 1606/1/1606 
f 2665/1/2665 2028/1/2028 774/1/774 
f 969/1/969 971/1/971 271/1/271 
f 697/1/697 3628/1/3628 1429/1/1429 
f 1458/1/1458 460/1/460 179/1/179 
f 1458/1/1458 179/1/179 3304/1/3304 
f 3679/1/3679 3276/1/3276 2461/1/2461 
f 1562/1/1562 704/1/704 4168/1/4168 
f 1327/1/1327 897/1/897 1328/1/1328 
f 2799/1/2799 4160/1/4160 4007/1/4007 
f 2098/1/2098 2097/1/2097 2812/1/2812 
f 314/1/314 1895/1/1895 315/1/315 
f 2019/1/2019 1584/1/1584 1888/1/1888 
f 496/1/496 495/1/495 537/1/537 
f 109/1/109 110/1/110 1284/1/1284 
f 2878/1/2878 3046/1/3046 1484/1/1484 
f 547/1/547 1510/1/1510 1400/1/1400 
f 2480/1/2480 3507/1/3507 3400/1/3400 
f 136/1/136 138/1/138 200/1/200 
f 3561/1/3561 4155/1/4155 2746/1/2746 
f 3085/1/3085 2862/1/2862 4109/1/4109 
f 1091/1/1091 4025/1/4025 3506/1/3506 
f 1171/1/1171 1172/1/1172 2462/1/2462 
f 152/1/152 2517/1/2517 153/1/153 
f 3589/1/3589 1540/1/1540 140/1/140 
f 1095/1/1095 1094/1/1094 3105/1/3105 
f 907/1/907 3172/1/3172 1143/1/1143 
f 1652/1/1652 2175/1/2175 309/1/309 
f 3214/1/3214 2211/1/2211 422/1/422 
f 212/1/212 4033/1/4033 3929/1/3929 
f 1317/1/1317 3125/1/3125 2534/1/2534 
f 2917/1/2917 2189/1/2189 3681/1/3681 
f 164/1/164 1226/1/1226 167/1/167 
f 266/1/266 3662/1/3662 2807/1/2807 
f 638/1/638 4016/1/4016 868/1/868 
f 3081/1/3081 1868/1/1868 695/1/695 
f 4039/1/4039 612/1/612 614/1/614 
f 4097/1/4097 3229/1/3229 491/1/491 
f 2741/1/2741 4178/1/4176 2683/1/2683 
f 317/1/317 3404/1/3404 318/1/318 
f 1997/1/1997 3683/1/3683 3041/1/3041 
f 2419/1/2419 2418/1/2418 42/1/42 
f 2553/1/2553 120/1/120 122/1/122 
f 2596/1/2596 3835/1/3835 2035/1/2035 
f 726/1/726 2815/1/2815 3500/1/3500 
f 3848/1/3848 1460/1/1460 98/1/98 
f 1328/1/1328 3451/1/3451 899/1/899 
f 3734/1/3734 3977/1/3977 2394/1/2394 
f 3493/1/3493 2915/1/2915 2191/1/2191 
f 2751/1/2751 694/1/694 3545/1/3545 
f 2641/1/2641 2217/1/2217 3777/1/3777 
f 2641/1/2641 3777/1/3777 3334/1/3334 
f 2521/1/2521 2187/1/2187 2189/1/2189 
f 637/1/637 1917/1/1917 3217/1/3217 
f 272/1/272 274/1/274 3933/1/3933 
f 1397/1/1397 2748/1/2748 681/1/681 
f 2651/1/2651 3174/1/3174 1721/1/1721 
f 3313/1/3313 2273/1/2273 1799/1/1799 
f 3492/1/3492 542/1/542 2930/1/2930 
f 60/1/60 508/1/508 1340/1/1340 
f 721/1/721 2100/1/2100 3599/1/3599 
f 721/1/721 3599/1/3599 1878/1/1878 
f 4170/1/4170 2826/1/2826 3660/1/3660 
f 2956/1/2956 599/1/599 2898/1/2898 
f 613/1/613 1529/1/1529 2456/1/2456 
f 2957/1/2957 2762/1/2762 4077/1/4077 
f 459/1/459 2839/1/2839 3350/1/3350 
f 2370/1/2370 3633/1/3633 2593/1/2593 
f 370/1/370 1427/1/1427 1247/1/1247 
f 589/1/589 2462/1/2462 556/1/556 
f 1255/1/1255 1485/1/1485 2618/1/2618 
f 1255/1/1255 2618/1/2618 2079/1/2079 
f 4167/1/4167 4132/1/4132 358/1/358 
f 881/1/881 287/1/287 2816/1/2816 
f 3840/1/3840 1748/1/1748 3470/1/3470 
f 1563/1/1563 2547/1/2547 2548/1/2548 
f 3553/1/3553 3376/1/3376 3724/1/3724 
f 1648/1/1648 3783/1/3783 3984/1/3984 
f 3756/1/3756 2125/1/2125 2491/1/2491 
f 740/1/740 348/1/348 2268/1/2268 
f 6/1/6 2363/1/2363 8/1/8 
f 2204/1/2204 9/1/9 2358/1/2358 
f 2815/1/2815 3951/1/3951 3500/1/3500 
f 2420/1/2420 3286/1/3286 1784/1/1784 
f 350/1/350 2654/1/2654 351/1/351 
f 3854/1/3854 231/1/231 1787/1/1787 
f 2417/1/2417 3958/1/3958 2937/1/2937 
f 4134/1/4134 2155/1/2155 1014/1/1014 
f 791/1/791 871/1/871 3980/1/3980 
f 102/1/102 3443/1/3443 1365/1/1365 
f 3533/1/3533 1020/1/1020 608/1/608 
f 2353/1/2353 1311/1/1311 1262/1/1262 
f 2300/1/2300 2668/1/2668 2667/1/2667 
f 3933/1/3933 274/1/274 2120/1/2120 
f 3700/1/3700 2300/1/2300 1665/1/1665 
f 1315/1/1315 1314/1/1314 1478/1/1478 
f 347/1/347 144/1/144 143/1/143 
f 3763/1/3763 219/1/219 3730/1/3730 
f 726/1/726 2386/1/2386 1827/1/1827 
f 1410/1/1410 1876/1/1876 3380/1/3380 
f 3618/1/3618 2872/1/2872 173/1/173 
f 1788/1/1788 1178/1/1178 4053/1/4053 
f 3096/1/3096 1788/1/1788 4053/1/4053 
f 681/1/681 680/1/680 1757/1/1757 
f 237/1/237 2527/1/2527 4115/1/4115 
f 3088/1/3088 709/1/709 1519/1/1519 
f 367/1/367 3435/1/3435 828/1/828 
f 3006/1/3006 648/1/648 2546/1/2546 
f 3006/1/3006 2546/1/2546 3007/1/3007 
f 1008/1/1008 1186/1/1186 1901/1/1901 
f 2200/1/2200 2638/1/2638 811/1/811 
f 3386/1/3386 2820/1/2820 2059/1/2059 
f 4179/1/4177 2520/1/2520 3972/1/3972 
f 3969/1/3969 470/1/470 469/1/469 
f 3667/1/3667 3167/1/3167 4170/1/4170 
f 736/1/736 1355/1/1355 1430/1/1430 
f 2658/1/2658 371/1/371 3393/1/3393 
f 3183/1/3183 1367/1/1367 2494/1/2494 
f 2748/1/2748 2887/1/2887 2525/1/2525 
f 3768/1/3768 1378/1/1378 3825/1/3825 
f 870/1/870 872/1/872 2816/1/2816 
f 339/1/339 3550/1/3550 4154/1/4154 
f 176/1/176 416/1/416 177/1/177 
f 52/1/52 835/1/835 702/1/702 
f 1395/1/1395 1397/1/1397 681/1/681 
f 2829/1/2829 616/1/616 3418/1/3418 
f 3447/1/3447 1975/1/1975 3641/1/3641 
f 2763/1/2763 2765/1/2765 1533/1/1533 
f 2542/1/2542 2193/1/2193 3464/1/3464 
f 4042/1/4042 952/1/952 3858/1/3858 
f 727/1/727 1897/1/1897 981/1/981 
f 347/1/347 346/1/346 399/1/399 
f 276/1/276 4143/1/4143 3532/1/3532 
f 15/1/15 14/1/14 17/1/17 
f 3085/1/3085 3937/1/3937 3448/1/3448 
f 1650/1/1650 547/1/547 1400/1/1400 
f 2223/1/2223 3620/1/3620 2449/1/2449 
f 3122/1/3122 1823/1/1823 3896/1/3896 
f 2400/1/2400 3469/1/3469 2981/1/2981 
f 2592/1/2592 2371/1/2371 3882/1/3882 
f 3196/1/3196 3195/1/3195 2179/1/2179 
f 2256/1/2256 1779/1/1779 2436/1/2436 
f 1779/1/1779 3058/1/3058 3008/1/3008 
f 4055/1/4055 4104/1/4104 3701/1/3701 
f 4055/1/4055 3701/1/3701 3582/1/3582 
f 1759/1/1759 1041/1/1041 2558/1/2558 
f 3429/1/3429 2793/1/2793 1758/1/1758 
f 103/1/103 2916/1/2916 788/1/788 
f 720/1/720 178/1/178 3472/1/3472 
f 720/1/720 3472/1/3472 2384/1/2384 
f 92/1/92 91/1/91 93/1/93 
f 1723/1/1723 1146/1/1146 275/1/275 
f 2854/1/2854 169/1/169 171/1/171 
f 851/1/851 410/1/410 841/1/841 
f 3590/1/3590 3724/1/3724 3376/1/3376 
f 2811/1/2811 2522/1/2522 2387/1/2387 
f 3685/1/3685 3744/1/3744 3686/1/3686 
f 3843/1/3843 3842/1/3842 3502/1/3502 
f 3738/1/3738 642/1/642 3519/1/3519 
f 3219/1/3219 3890/1/3890 1498/1/1498 
f 3976/1/3976 1118/1/1118 1908/1/1908 
f 3602/1/3602 2958/1/2958 682/1/682 
f 2767/1/2767 3283/1/3283 198/1/198 
f 1896/1/1896 3215/1/3215 983/1/983 
f 2195/1/2195 3648/1/3648 2800/1/2800 
f 1765/1/1765 3248/1/3248 2177/1/2177 
f 294/1/294 1116/1/1116 1907/1/1907 
f 4099/1/4099 1203/1/1203 4153/1/4153 
f 3409/1/3409 1011/1/1011 3548/1/3548 
f 1299/1/1299 3388/1/3388 2439/1/2439 
f 219/1/219 1299/1/1299 2439/1/2439 
f 2483/1/2483 2394/1/2394 290/1/290 
f 2797/1/2797 3586/1/3586 2161/1/2161 
f 2137/1/2137 2092/1/2092 69/1/69 
f 2869/1/2869 2735/1/2735 3256/1/3256 
f 124/1/124 868/1/868 3333/1/3333 
f 3227/1/3227 2542/1/2542 1245/1/1245 
f 3238/1/3238 2067/1/2067 1374/1/1374 
f 1891/1/1891 3680/1/3680 1892/1/1892 
f 4024/1/4024 1698/1/1698 3585/1/3585 
f 1382/1/1382 2084/1/2084 2086/1/2086 
f 1189/1/1189 600/1/600 602/1/602 
f 790/1/790 3980/1/3980 652/1/652 
f 408/1/408 3691/1/3691 4106/1/4106 
f 2322/1/2322 511/1/511 227/1/227 
f 283/1/283 2745/1/2745 1286/1/1286 
f 306/1/306 877/1/877 2466/1/2466 
f 2480/1/2480 3399/1/3399 2481/1/2481 
f 2956/1/2956 2709/1/2709 3004/1/3004 
f 2809/1/2809 2472/1/2472 2471/1/2471 
f 3474/1/3474 3907/1/3907 124/1/124 
f 898/1/898 2726/1/2726 1329/1/1329 
f 3138/1/3138 3168/1/3168 837/1/837 
f 2871/1/2871 3885/1/3885 1774/1/1774 
f 2981/1/2981 3101/1/3101 2141/1/2141 
f 1551/1/1551 1554/1/1554 3682/1/3682 
f 2798/1/2798 3799/1/3799 2799/1/2799 
f 1405/1/1405 1406/1/1406 1544/1/1544 
f 2177/1/2177 305/1/305 4113/1/4113 
f 587/1/587 2749/1/2749 1135/1/1135 
f 2691/1/2691 3556/1/3556 2692/1/2692 
f 3760/1/3760 3446/1/3446 738/1/738 
f 1270/1/1270 1951/1/1951 2828/1/2828 
f 3332/1/3332 1853/1/1853 1855/1/1855 
f 140/1/140 1540/1/1540 628/1/628 
f 1231/1/1231 3893/1/3893 429/1/429 
f 1860/1/1860 1882/1/1882 1861/1/1861 
f 1413/1/1413 3163/1/3163 2506/1/2506 
f 1864/1/1864 3126/1/3126 3537/1/3537 
f 2319/1/2319 2934/1/2934 2320/1/2320 
f 129/1/129 2318/1/2318 4123/1/4123 
f 3749/1/3749 376/1/376 1080/1/1080 
f 2212/1/2212 3213/1/3213 2213/1/2213 
f 271/1/271 483/1/483 1054/1/1054 
f 1064/1/1064 1271/1/1271 2786/1/2786 
f 3908/1/3908 1022/1/1022 2154/1/2154 
f 203/1/203 3651/1/3651 2531/1/2531 
f 678/1/678 2040/1/2040 1290/1/1290 
f 1615/1/1615 678/1/678 1290/1/1290 
f 3267/1/3267 2814/1/2814 3904/1/3904 
f 3067/1/3067 753/1/753 2639/1/2639 
f 4131/1/4131 3468/1/3468 3968/1/3968 
f 3517/1/3517 1085/1/1085 386/1/386 
f 1566/1/1566 4097/1/4097 3748/1/3748 
f 1485/1/1485 1255/1/1255 1254/1/1254 
f 2937/1/2937 3958/1/3958 2938/1/2938 
f 2502/1/2502 2110/1/2110 1205/1/1205 
f 553/1/553 555/1/555 2416/1/2416 
f 3646/1/3646 553/1/553 2416/1/2416 
f 2988/1/2988 2629/1/2629 2989/1/2989 
f 4065/1/4065 2339/1/2339 248/1/248 
f 3887/1/3887 3321/1/3321 3544/1/3544 
f 4000/1/4000 3166/1/3166 3165/1/3165 
f 1186/1/1186 882/1/882 1165/1/1165 
f 2456/1/2456 3276/1/3276 1175/1/1175 
f 2022/1/2022 694/1/694 2994/1/2994 
f 70/1/70 3833/1/3833 2092/1/2092 
f 3033/1/3033 4118/1/4118 3000/1/3000 
f 2876/1/2876 577/1/577 576/1/576 
f 544/1/544 3353/1/3353 3119/1/3119 
f 1876/1/1876 1410/1/1410 1679/1/1679 
f 1876/1/1876 1679/1/1679 604/1/604 
f 1720/1/1720 4033/1/4033 212/1/212 
f 3704/1/3704 976/1/976 975/1/975 
f 4170/1/4170 2824/1/2824 2826/1/2826 
f 2821/1/2821 842/1/842 2917/1/2917 
f 1079/1/1079 2319/1/2319 1221/1/1221 
f 1954/1/1954 1518/1/1518 1557/1/1557 
f 1586/1/1586 1550/1/1550 1587/1/1587 
f 3687/1/3687 1367/1/1367 1366/1/1366 
f 890/1/890 3035/1/3035 3501/1/3501 
f 4058/1/4058 2195/1/2195 2065/1/2065 
f 3114/1/3114 2089/1/2089 2090/1/2090 
f 2356/1/2356 1372/1/1372 2978/1/2978 
f 3972/1/3972 3797/1/3797 2518/1/2518 
f 3743/1/3743 1929/1/1929 1833/1/1833 
f 666/1/666 665/1/665 2073/1/2073 
f 721/1/721 1877/1/1877 254/1/254 
f 1756/1/1756 2863/1/2863 3397/1/3397 
f 3103/1/3103 1765/1/1765 4035/1/4035 
f 875/1/875 874/1/874 3514/1/3514 
f 3121/1/3121 1872/1/1872 3622/1/3622 
f 1916/1/1916 2432/1/2432 656/1/656 
f 4108/1/4108 3966/1/3966 1574/1/1574 
f 1725/1/1725 1588/1/1588 912/1/912 
f 3550/1/3550 3418/1/3418 1065/1/1065 
f 2108/1/2108 3550/1/3550 1065/1/1065 
f 1519/1/1519 1506/1/1506 2758/1/2758 
f 2094/1/2094 2093/1/2093 2677/1/2677 
f 3391/1/3391 1718/1/1718 2240/1/2240 
f 3765/1/3765 2887/1/2887 2805/1/2805 
f 325/1/325 3422/1/3422 921/1/921 
f 3202/1/3202 3508/1/3508 4122/1/4122 
f 3882/1/3882 3824/1/3824 4148/1/4148 
f 1257/1/1257 1062/1/1062 1258/1/1258 
f 2105/1/2105 4070/1/4070 3746/1/3746 
f 3572/1/3572 3794/1/3794 3467/1/3467 
f 3573/1/3573 3572/1/3572 3467/1/3467 
f 2099/1/2099 3718/1/3718 3598/1/3598 
f 3548/1/3548 33/1/33 32/1/32 
f 793/1/793 3548/1/3548 32/1/32 
f 1668/1/1668 300/1/300 299/1/299 
f 4152/1/4152 1744/1/1744 2844/1/2844 
f 3403/1/3403 3278/1/3278 2365/1/2365 
f 3325/1/3325 43/1/43 1799/1/1799 
f 361/1/361 363/1/363 2246/1/2246 
f 4089/1/4089 3365/1/3365 1950/1/1950 
f 3893/1/3893 3928/1/3928 2685/1/2685 
f 2079/1/2079 900/1/900 4091/1/4091 
f 2515/1/2515 1128/1/1128 1283/1/1283 
f 2515/1/2515 1283/1/1283 203/1/203 
f 2796/1/2796 2170/1/2170 1537/1/1537 
f 1868/1/1868 3081/1/3081 3082/1/3082 
f 3606/1/3606 1268/1/1268 3792/1/3792 
f 1267/1/1267 1568/1/1568 1268/1/1268 
f 941/1/941 4085/1/4085 859/1/859 
f 2741/1/2741 4180/1/4178 4178/1/4176 
f 2259/1/2259 2258/1/2258 1750/1/1750 
f 4168/1/4168 1563/1/1563 3307/1/3307 
f 1755/1/1755 1730/1/1730 799/1/799 
f 1599/1/1599 3669/1/3669 4062/1/4062 
f 4110/1/4110 2350/1/2350 3211/1/3211 
f 475/1/475 1160/1/1160 476/1/476 
f 1881/1/1881 406/1/406 774/1/774 
f 2201/1/2201 2200/1/2200 2291/1/2291 
f 3486/1/3486 1403/1/1403 3487/1/3487 
f 2783/1/2783 1171/1/1171 589/1/589 
f 1691/1/1691 1651/1/1651 1692/1/1692 
f 2751/1/2751 3545/1/3545 3598/1/3598 
f 640/1/640 3375/1/3375 2601/1/2601 
f 1911/1/1911 1606/1/1606 1942/1/1942 
f 2461/1/2461 3276/1/3276 2232/1/2232 
f 1613/1/1613 1615/1/1615 3291/1/3291 
f 1370/1/1370 2979/1/2979 1371/1/1371 
f 1112/1/1112 98/1/98 1460/1/1460 
f 3815/1/3815 832/1/832 1183/1/1183 
f 863/1/863 3288/1/3288 1351/1/1351 
f 541/1/541 2243/1/2243 2905/1/2905 
f 2265/1/2265 3876/1/3876 1246/1/1246 
f 3530/1/3530 3529/1/3529 3486/1/3486 
f 3789/1/3789 3845/1/3845 3978/1/3978 
f 1101/1/1101 1103/1/1103 3867/1/3867 
f 3913/1/3913 3373/1/3373 3374/1/3374 
f 1492/1/1492 1597/1/1597 1598/1/1598 
f 3706/1/3706 2636/1/2636 1937/1/1937 
f 1327/1/1327 3128/1/3128 897/1/897 
f 1301/1/1301 1995/1/1995 1302/1/1302 
f 2008/1/2008 1049/1/1049 2469/1/2469 
f 2980/1/2980 385/1/385 3517/1/3517 
f 2399/1/2399 2466/1/2466 2953/1/2953 
f 1369/1/1369 1479/1/1479 720/1/720 
f 131/1/131 4141/1/4141 797/1/797 
f 2958/1/2958 3603/1/3603 3337/1/3337 
f 1276/1/1276 1275/1/1275 3432/1/3432 
f 2028/1/2028 2029/1/2029 119/1/119 
f 4136/1/4136 3701/1/3701 3927/1/3927 
f 3063/1/3063 4036/1/4036 3220/1/3220 
f 2461/1/2461 2612/1/2612 2233/1/2233 
f 3978/1/3978 1023/1/1023 2895/1/2895 
f 3093/1/3093 1612/1/1612 2147/1/2147 
f 3355/1/3355 1507/1/1507 4064/1/4064 
f 3899/1/3899 710/1/710 1333/1/1333 
f 3789/1/3789 3978/1/3978 2691/1/2691 
f 307/1/307 3716/1/3716 308/1/308 
f 2267/1/2267 3326/1/3326 3946/1/3946 
f 2198/1/2198 763/1/763 3741/1/3741 
f 1023/1/1023 1022/1/1022 3255/1/3255 
f 3054/1/3054 3053/1/3053 2609/1/2609 
f 3543/1/3543 150/1/150 48/1/48 
f 4086/1/4086 2751/1/2751 3292/1/3292 
f 4086/1/4086 3292/1/3292 3545/1/3545 
f 1848/1/1848 1299/1/1299 219/1/219 
f 2184/1/2184 2183/1/2183 4162/1/4162 
f 482/1/482 1620/1/1620 1076/1/1076 
f 4125/1/4125 3965/1/3965 3999/1/3999 
f 1061/1/1061 3140/1/3140 3182/1/3182 
f 3029/1/3029 3028/1/3028 3332/1/3332 
f 2895/1/2895 1023/1/1023 3255/1/3255 
f 62/1/62 3790/1/3790 2849/1/2849 
f 1450/1/1450 1307/1/1307 1278/1/1278 
f 876/1/876 3977/1/3977 3734/1/3734 
f 861/1/861 1085/1/1085 4085/1/4085 
f 2228/1/2228 3063/1/3063 3220/1/3220 
f 2562/1/2562 1019/1/1019 2020/1/2020 
f 1775/1/1775 885/1/885 887/1/887 
f 2584/1/2584 2155/1/2155 2157/1/2157 
f 3782/1/3782 448/1/448 2453/1/2453 
f 2033/1/2033 1488/1/1488 2411/1/2411 
f 1772/1/1772 2589/1/2589 1773/1/1773 
f 3538/1/3538 3952/1/3952 3647/1/3647 
f 2237/1/2237 545/1/545 544/1/544 
f 1297/1/1297 3589/1/3589 140/1/140 
f 3698/1/3698 1297/1/1297 140/1/140 
f 2132/1/2132 3908/1/3908 3812/1/3812 
f 3950/1/3950 3062/1/3062 1223/1/1223 
f 494/1/494 496/1/496 1399/1/1399 
f 493/1/493 3552/1/3552 3376/1/3376 
f 4108/1/4108 3668/1/3668 1990/1/1990 
f 3974/1/3974 2704/1/2704 1320/1/1320 
f 3274/1/3274 3851/1/3851 3275/1/3275 
f 1856/1/1856 620/1/620 3181/1/3181 
f 1913/1/1913 1224/1/1224 1914/1/1914 
f 2026/1/2026 2406/1/2406 2405/1/2405 
f 119/1/119 2235/1/2235 1076/1/1076 
f 2392/1/2392 1915/1/1915 3721/1/3721 
f 3201/1/3201 18/1/18 1840/1/1840 
f 693/1/693 4086/1/4086 694/1/694 
f 958/1/958 797/1/797 2988/1/2988 
f 397/1/397 989/1/989 1028/1/1028 
f 1593/1/1593 4052/1/4052 3075/1/3075 
f 2772/1/2772 530/1/530 2500/1/2500 
f 1327/1/1327 2725/1/2725 3128/1/3128 
f 2046/1/2046 246/1/246 4181/1/4179 
f 2046/1/2046 4181/1/4179 3722/1/3722 
f 3177/1/3177 3534/1/3534 3536/1/3536 
f 3342/1/3342 3650/1/3650 2791/1/2791 
f 2028/1/2028 3088/1/3088 774/1/774 
f 3643/1/3643 3318/1/3318 1468/1/1468 
f 1005/1/1005 584/1/584 971/1/971 
f 2935/1/2935 3990/1/3990 1760/1/1760 
f 2995/1/2995 943/1/943 1446/1/1446 
f 4076/1/4076 564/1/564 4048/1/4048 
f 2653/1/2653 2664/1/2664 2654/1/2654 
f 3106/1/3106 974/1/974 1324/1/1324 
f 2886/1/2886 2885/1/2885 2031/1/2031 
f 2886/1/2886 2031/1/2031 1446/1/1446 
f 1227/1/1227 1404/1/1404 3636/1/3636 
f 2755/1/2755 3878/1/3878 234/1/234 
f 2874/1/2874 636/1/636 2432/1/2432 
f 606/1/606 608/1/608 2031/1/2031 
f 2225/1/2225 2529/1/2529 3702/1/3702 
f 1685/1/1685 1684/1/1684 505/1/505 
f 2421/1/2421 2420/1/2420 1784/1/1784 
f 2455/1/2455 585/1/585 969/1/969 
f 3740/1/3740 4021/1/4021 1055/1/1055 
f 1688/1/1688 2818/1/2818 2544/1/2544 
f 2565/1/2565 3682/1/3682 4011/1/4011 
f 3281/1/3281 1005/1/1005 3822/1/3822 
f 848/1/848 849/1/849 2838/1/2838 
f 371/1/371 3263/1/3263 2116/1/2116 
f 3854/1/3854 2438/1/2438 287/1/287 
f 867/1/867 866/1/866 2602/1/2602 
f 1958/1/1958 4163/1/4163 3421/1/3421 
f 566/1/566 3883/1/3883 3669/1/3669 
f 2996/1/2996 2997/1/2997 3637/1/3637 
f 985/1/985 1616/1/1616 364/1/364 
f 366/1/366 985/1/985 364/1/364 
f 3207/1/3207 1964/1/1964 3999/1/3999 
f 3965/1/3965 3207/1/3207 3999/1/3999 
f 3430/1/3430 473/1/473 4121/1/4121 
f 2094/1/2094 2677/1/2677 1632/1/1632 
f 2428/1/2428 4018/1/4018 530/1/530 
f 3673/1/3673 1175/1/1175 3276/1/3276 
f 453/1/453 2872/1/2872 1151/1/1151 
f 1703/1/1703 2556/1/2556 1335/1/1335 
f 3711/1/3711 3713/1/3713 3791/1/3791 
f 1056/1/1056 3923/1/3923 1300/1/1300 
f 1492/1/1492 278/1/278 1597/1/1597 
f 2720/1/2720 3788/1/3788 2721/1/2721 
f 3960/1/3960 3734/1/3734 2394/1/2394 
f 3960/1/3960 2394/1/2394 2483/1/2483 
f 2935/1/2935 1760/1/1760 1762/1/1762 
f 737/1/737 2641/1/2641 2218/1/2218 
f 3823/1/3823 3481/1/3481 1749/1/1749 
f 3068/1/3068 1569/1/1569 3872/1/3872 
f 3068/1/3068 3872/1/3872 520/1/520 
f 3070/1/3070 2913/1/2913 1714/1/1714 
f 2236/1/2236 2831/1/2831 2830/1/2830 
f 2941/1/2941 2940/1/2940 4022/1/4022 
f 3467/1/3467 3794/1/3794 4074/1/4074 
f 4151/1/4151 3774/1/3774 3061/1/3061 
f 527/1/527 526/1/526 1392/1/1392 
f 2110/1/2110 4099/1/4099 4153/1/4153 
f 293/1/293 1145/1/1145 1575/1/1575 
f 2911/1/2911 2837/1/2837 2815/1/2815 
f 1938/1/1938 1598/1/1598 3753/1/3753 
f 4121/1/4121 2850/1/2850 3430/1/3430 
f 3853/1/3853 1372/1/1372 1371/1/1371 
f 1882/1/1882 2029/1/2029 1861/1/1861 
f 3687/1/3687 1192/1/1192 513/1/513 
f 194/1/194 2176/1/2176 1692/1/1692 
f 3913/1/3913 2768/1/2768 2091/1/2091 
f 1155/1/1155 2393/1/2393 793/1/793 
f 2954/1/2954 2033/1/2033 1904/1/1904 
f 962/1/962 3641/1/3641 2178/1/2178 
f 3444/1/3444 1322/1/1322 1609/1/1609 
f 989/1/989 3265/1/3265 3364/1/3364 
f 3738/1/3738 3519/1/3519 3518/1/3518 
f 2046/1/2046 3722/1/3722 2200/1/2200 
f 1957/1/1957 417/1/417 844/1/844 
f 776/1/776 3707/1/3707 2326/1/2326 
f 3371/1/3371 3370/1/3370 2818/1/2818 
f 2191/1/2191 2192/1/2192 2237/1/2237 
f 3493/1/3493 2191/1/2191 2237/1/2237 
f 453/1/453 3442/1/3442 568/1/568 
f 172/1/172 453/1/453 568/1/568 
f 2564/1/2564 606/1/606 3205/1/3205 
f 78/1/78 2262/1/2262 79/1/79 
f 2267/1/2267 2266/1/2266 1424/1/1424 
f 996/1/996 2866/1/2866 721/1/721 
f 234/1/234 3878/1/3878 3939/1/3939 
f 1215/1/1215 3305/1/3305 1806/1/1806 
f 1793/1/1793 3739/1/3739 1163/1/1163 
f 2787/1/2787 1954/1/1954 1453/1/1453 
f 1965/1/1965 609/1/609 2076/1/2076 
f 1320/1/1320 1319/1/1319 2684/1/2684 
f 790/1/790 654/1/654 653/1/653 
f 2298/1/2298 1687/1/1687 3039/1/3039 
f 597/1/597 1561/1/1561 3357/1/3357 
f 3574/1/3574 348/1/348 2208/1/2208 
f 126/1/126 2317/1/2317 2318/1/2318 
f 126/1/126 2318/1/2318 127/1/127 
f 2936/1/2936 1533/1/1533 2765/1/2765 
f 3991/1/3991 893/1/893 892/1/892 
f 2481/1/2481 698/1/698 1511/1/1511 
f 2084/1/2084 4051/1/4051 2085/1/2085 
f 1819/1/1819 1818/1/1818 3151/1/3151 
f 179/1/179 178/1/178 291/1/291 
f 1976/1/1976 2436/1/2436 1780/1/1780 
f 1230/1/1230 3480/1/3480 3479/1/3479 
f 4059/1/4059 521/1/521 2899/1/2899 
f 1341/1/1341 4059/1/4059 2899/1/2899 
f 1384/1/1384 3459/1/3459 2689/1/2689 
f 3863/1/3863 3990/1/3990 2935/1/2935 
f 2134/1/2134 506/1/506 4156/1/4156 
f 3843/1/3843 4055/1/4055 1956/1/1956 
f 2839/1/2839 1666/1/1666 3350/1/3350 
f 2372/1/2372 782/1/782 945/1/945 
f 757/1/757 1431/1/1431 825/1/825 
f 2429/1/2429 2133/1/2133 2413/1/2413 
f 1671/1/1671 1670/1/1670 404/1/404 
f 1233/1/1233 3427/1/3427 1807/1/1807 
f 2833/1/2833 3976/1/3976 1908/1/1908 
f 1392/1/1392 526/1/526 3099/1/3099 
f 631/1/631 2380/1/2380 539/1/539 
f 3795/1/3795 3424/1/3424 3423/1/3423 
f 984/1/984 1617/1/1617 667/1/667 
f 217/1/217 3710/1/3710 3730/1/3730 
f 815/1/815 149/1/149 688/1/688 
f 3463/1/3463 1026/1/1026 1025/1/1025 
f 3503/1/3503 162/1/162 2492/1/2492 
f 542/1/542 545/1/545 2905/1/2905 
f 1/1/1 7/1/7 3280/1/3280 
f 2884/1/2884 598/1/598 2027/1/2027 
f 3183/1/3183 2985/1/2985 4092/1/4092 
f 2843/1/2843 3776/1/3776 4061/1/4061 
f 1713/1/1713 1745/1/1745 373/1/373 
f 3327/1/3327 3411/1/3411 3015/1/3015 
f 3725/1/3725 3826/1/3826 1804/1/1804 
f 2997/1/2997 462/1/462 1891/1/1891 
f 464/1/464 2997/1/2997 1891/1/1891 
f 3056/1/3056 2182/1/2182 4162/1/4162 
f 3056/1/3056 4162/1/4162 1886/1/1886 
f 48/1/48 150/1/150 47/1/47 
f 507/1/507 1263/1/1263 3188/1/3188 
f 934/1/934 193/1/193 194/1/194 
f 1340/1/1340 3922/1/3922 1408/1/1408 
f 2986/1/2986 4092/1/4092 1705/1/1705 
f 3981/1/3981 2778/1/2778 2777/1/2777 
f 2587/1/2587 946/1/946 948/1/948 
f 3454/1/3454 3996/1/3996 819/1/819 
f 3527/1/3527 3817/1/3817 3528/1/3528 
f 3345/1/3345 4168/1/4168 3307/1/3307 
f 1283/1/1283 204/1/204 203/1/203 
f 246/1/246 633/1/633 4181/1/4179 
f 430/1/430 2506/1/2506 428/1/428 
f 1070/1/1070 1072/1/1072 2597/1/2597 
f 3679/1/3679 2461/1/2461 4013/1/4013 
f 3810/1/3810 2101/1/2101 3811/1/3811 
f 2517/1/2517 610/1/610 609/1/609 
f 3456/1/3456 1201/1/1201 2043/1/2043 
f 3591/1/3591 2556/1/2556 1334/1/1334 
f 560/1/560 3652/1/3652 1664/1/1664 
f 955/1/955 2040/1/2040 2368/1/2368 
f 3673/1/3673 3276/1/3276 3679/1/3679 
f 3636/1/3636 386/1/386 1371/1/1371 
f 1227/1/1227 3636/1/3636 1371/1/1371 
f 3338/1/3338 267/1/267 3189/1/3189 
f 2537/1/2537 668/1/668 3465/1/3465 
f 2537/1/2537 3465/1/3465 364/1/364 
f 2724/1/2724 2593/1/2593 3633/1/3633 
f 1251/1/1251 3018/1/3018 255/1/255 
f 1251/1/1251 255/1/255 402/1/402 
f 1298/1/1298 1297/1/1297 844/1/844 
f 3937/1/3937 506/1/506 2134/1/2134 
f 3107/1/3107 1324/1/1324 2538/1/2538 
f 154/1/154 151/1/151 1068/1/1068 
f 2011/1/2011 2976/1/2976 503/1/503 
f 1060/1/1060 41/1/41 1061/1/1061 
f 2701/1/2701 3158/1/3158 2702/1/2702 
f 3216/1/3216 1927/1/1927 1925/1/1925 
f 1924/1/1924 3216/1/3216 1925/1/1925 
f 1097/1/1097 596/1/596 595/1/595 
f 501/1/501 2407/1/2407 805/1/805 
f 1069/1/1069 3979/1/3979 2306/1/2306 
f 3239/1/3239 3970/1/3970 397/1/397 
f 2987/1/2987 1858/1/1858 2835/1/2835 
f 1066/1/1066 2829/1/2829 519/1/519 
f 1186/1/1186 1903/1/1903 1901/1/1901 
f 304/1/304 303/1/303 2015/1/2015 
f 3199/1/3199 910/1/910 2633/1/2633 
f 3199/1/3199 2633/1/2633 1801/1/1801 
f 712/1/712 3591/1/3591 2688/1/2688 
f 712/1/712 2688/1/2688 839/1/839 
f 2402/1/2402 2002/1/2002 1082/1/1082 
f 1052/1/1052 1718/1/1718 3391/1/3391 
f 223/1/223 225/1/225 4018/1/4018 
f 3291/1/3291 2040/1/2040 1613/1/1613 
f 3272/1/3272 1514/1/1514 1578/1/1578 
f 1815/1/1815 3812/1/3812 1521/1/1521 
f 3077/1/3077 3950/1/3950 3078/1/3078 
f 2182/1/2182 2468/1/2468 4162/1/4162 
f 3240/1/3240 3247/1/3247 3453/1/3453 
f 1120/1/1120 577/1/577 661/1/661 
f 2170/1/2170 2973/1/2973 2171/1/2171 
f 4107/1/4107 2750/1/2750 1138/1/1138 
f 1137/1/1137 4107/1/4107 1138/1/1138 
f 445/1/445 4182/1/4180 2655/1/2655 
f 445/1/445 2655/1/2655 474/1/474 
f 2459/1/2459 1433/1/1433 565/1/565 
f 2459/1/2459 565/1/565 567/1/567 
f 2217/1/2217 2641/1/2641 2455/1/2455 
f 2581/1/2581 4081/1/4081 2582/1/2582 
f 4107/1/4107 558/1/558 1139/1/1139 
f 808/1/808 2102/1/2102 2063/1/2063 
f 1708/1/1708 1707/1/1707 3818/1/3818 
f 2614/1/2614 1366/1/1366 3382/1/3382 
f 1280/1/1280 1534/1/1534 1281/1/1281 
f 3531/1/3531 998/1/998 997/1/997 
f 3936/1/3936 1841/1/1841 1545/1/1545 
f 2496/1/2496 2690/1/2690 1889/1/1889 
f 1183/1/1183 3497/1/3497 2694/1/2694 
f 1899/1/1899 1114/1/1114 1113/1/1113 
f 3304/1/3304 3914/1/3914 2709/1/2709 
f 3599/1/3599 2446/1/2446 1682/1/1682 
f 1680/1/1680 3599/1/3599 1682/1/1682 
f 852/1/852 1844/1/1844 1843/1/1843 
f 1291/1/1291 2040/1/2040 3291/1/3291 
f 3799/1/3799 1432/1/1432 1234/1/1234 
f 3927/1/3927 3612/1/3612 4136/1/4136 
f 53/1/53 703/1/703 702/1/702 
f 701/1/701 1456/1/1456 2364/1/2364 
f 118/1/118 2561/1/2561 2962/1/2962 
f 115/1/115 118/1/118 2962/1/2962 
f 554/1/554 3196/1/3196 2179/1/2179 
f 870/1/870 1622/1/1622 1621/1/1621 
f 2352/1/2352 1957/1/1957 1297/1/1297 
f 3672/1/3672 269/1/269 2221/1/2221 
f 2313/1/2313 1240/1/1240 2314/1/2314 
f 3971/1/3971 3174/1/3174 493/1/493 
f 2630/1/2630 2112/1/2112 2111/1/2111 
f 3432/1/3432 3483/1/3483 3333/1/3333 
f 1631/1/1631 209/1/209 208/1/208 
f 1551/1/1551 4011/1/4011 1552/1/1552 
f 3219/1/3219 1498/1/1498 2315/1/2315 
f 260/1/260 3219/1/3219 2315/1/2315 
f 3995/1/3995 2055/1/2055 1811/1/1811 
f 2646/1/2646 1607/1/1607 2202/1/2202 
f 1345/1/1345 3557/1/3557 1346/1/1346 
f 2502/1/2502 3118/1/3118 3037/1/3037 
f 1020/1/1020 3533/1/3533 3476/1/3476 
f 2458/1/2458 706/1/706 3361/1/3361 
f 2909/1/2909 4116/1/4116 3647/1/3647 
f 101/1/101 174/1/174 453/1/453 
f 1665/1/1665 2668/1/2668 3136/1/3136 
f 2027/1/2027 3592/1/3592 391/1/391 
f 134/1/134 1441/1/1441 2571/1/2571 
f 3449/1/3449 633/1/633 2361/1/2361 
f 1149/1/1149 2345/1/2345 809/1/809 
f 1764/1/1764 3248/1/3248 1765/1/1765 
f 3070/1/3070 1714/1/1714 1716/1/1716 
f 2673/1/2673 1007/1/1007 3044/1/3044 
f 2673/1/2673 3044/1/3044 4128/1/4128 
f 77/1/77 76/1/76 330/1/330 
f 4175/1/4173 2056/1/2056 3989/1/3989 
f 2701/1/2701 1900/1/1900 4070/1/4070 
f 2439/1/2439 1033/1/1033 2083/1/2083 
f 2418/1/2418 44/1/44 43/1/43 
f 1821/1/1821 1823/1/1823 3122/1/3122 
f 3644/1/3644 3552/1/3552 641/1/641 
f 3855/1/3855 715/1/715 289/1/289 
f 2285/1/2285 4041/1/4041 4065/1/4065 
f 1749/1/1749 2259/1/2259 1750/1/1750 
f 2034/1/2034 1595/1/1595 3129/1/3129 
f 3628/1/3628 3629/1/3629 4087/1/4087 
f 3839/1/3839 605/1/605 604/1/604 
f 1981/1/1981 4072/1/4072 4073/1/4073 
f 1981/1/1981 4073/1/4073 4169/1/4169 
f 3269/1/3269 2119/1/2119 1179/1/1179 
f 4145/1/4145 233/1/233 2698/1/2698 
f 1032/1/1032 3763/1/3763 2172/1/2172 
f 1284/1/1284 2974/1/2974 1547/1/1547 
f 2702/1/2702 1114/1/1114 1900/1/1900 
f 736/1/736 757/1/757 765/1/765 
f 2223/1/2223 419/1/419 421/1/421 
f 745/1/745 3117/1/3117 2757/1/2757 
f 1072/1/1072 2595/1/2595 2597/1/2597 
f 3610/1/3610 3901/1/3901 1566/1/1566 
f 747/1/747 3610/1/3610 1566/1/1566 
f 1423/1/1423 2650/1/2650 1508/1/1508 
f 2596/1/2596 3286/1/3286 2420/1/2420 
f 339/1/339 2603/1/2603 2604/1/2604 
f 3938/1/3938 3395/1/3395 3678/1/3678 
f 4065/1/4065 248/1/248 730/1/730 
f 4055/1/4055 2139/1/2139 2140/1/2140 
f 510/1/510 4108/1/4108 1573/1/1573 
f 1330/1/1330 3132/1/3132 2334/1/2334 
f 3850/1/3850 3772/1/3772 3870/1/3870 
f 2803/1/2803 2163/1/2163 996/1/996 
f 3832/1/3832 2410/1/2410 2232/1/2232 
f 776/1/776 778/1/778 2324/1/2324 
f 2734/1/2734 4046/1/4046 3949/1/3949 
f 1419/1/1419 1420/1/1420 3224/1/3224 
f 2307/1/2307 59/1/59 2308/1/2308 
f 1857/1/1857 1386/1/1386 1385/1/1385 
f 228/1/228 1377/1/1377 2390/1/2390 
f 2629/1/2629 2988/1/2988 2630/1/2630 
f 3145/1/3145 4120/1/4120 1558/1/1558 
f 685/1/685 3663/1/3663 530/1/530 
f 2237/1/2237 2930/1/2930 543/1/543 
f 282/1/282 2710/1/2710 2789/1/2789 
f 3838/1/3838 3415/1/3415 737/1/737 
f 2196/1/2196 2066/1/2066 1887/1/1887 
f 1126/1/1126 3991/1/3991 892/1/892 
f 241/1/241 1179/1/1179 1692/1/1692 
f 51/1/51 2299/1/2299 53/1/53 
f 1592/1/1592 579/1/579 2350/1/2350 
f 2273/1/2273 3736/1/3736 3807/1/3807 
f 440/1/440 971/1/971 970/1/970 
f 923/1/923 2815/1/2815 2837/1/2837 
f 2714/1/2714 498/1/498 394/1/394 
f 1093/1/1093 2852/1/2852 2223/1/2223 
f 2575/1/2575 466/1/466 4128/1/4128 
f 202/1/202 3241/1/3241 1534/1/1534 
f 401/1/401 4012/1/4012 402/1/402 
f 3110/1/3110 2530/1/2530 2124/1/2124 
f 502/1/502 2011/1/2011 738/1/738 
f 2827/1/2827 3880/1/3880 2828/1/2828 
f 991/1/991 1720/1/1720 1816/1/1816 
f 3834/1/3834 1677/1/1677 1177/1/1177 
f 1656/1/1656 2859/1/2859 4040/1/4040 
f 2496/1/2496 1889/1/1889 3217/1/3217 
f 671/1/671 2343/1/2343 2238/1/2238 
f 3991/1/3991 1126/1/1126 2071/1/2071 
f 1225/1/1225 2920/1/2920 3721/1/3721 
f 966/1/966 2421/1/2421 967/1/967 
f 3394/1/3394 3638/1/3638 3639/1/3639 
f 43/1/43 42/1/42 2902/1/2902 
f 2114/1/2114 3075/1/3075 4052/1/4052 
f 2114/1/2114 4052/1/4052 3941/1/3941 
f 706/1/706 516/1/516 704/1/704 
f 964/1/964 1422/1/1422 965/1/965 
f 3105/1/3105 354/1/354 1095/1/1095 
f 862/1/862 864/1/864 3288/1/3288 
f 492/1/492 1109/1/1109 3174/1/3174 
f 2218/1/2218 2641/1/2641 765/1/765 
f 2218/1/2218 765/1/765 2219/1/2219 
f 3213/1/3213 2999/1/2999 2213/1/2213 
f 2755/1/2755 716/1/716 718/1/718 
f 3429/1/3429 2558/1/2558 2778/1/2778 
f 1441/1/1441 2804/1/2804 2571/1/2571 
f 1184/1/1184 3247/1/3247 160/1/160 
f 3628/1/3628 4087/1/4087 1429/1/1429 
f 2099/1/2099 3598/1/3598 2100/1/2100 
f 3614/1/3614 3613/1/3613 1524/1/1524 
f 2355/1/2355 3631/1/3631 2726/1/2726 
f 2987/1/2987 2723/1/2723 2722/1/2722 
f 2855/1/2855 170/1/170 336/1/336 
f 2855/1/2855 336/1/336 393/1/393 
f 2779/1/2779 567/1/567 2333/1/2333 
f 1194/1/1194 1270/1/1270 1269/1/1269 
f 3174/1/3174 3861/1/3861 3857/1/3857 
f 1110/1/1110 3174/1/3174 3857/1/3857 
f 3899/1/3899 3138/1/3138 710/1/710 
f 1017/1/1017 1131/1/1131 3864/1/3864 
f 1017/1/1017 3864/1/3864 2960/1/2960 
f 1528/1/1528 3673/1/3673 1529/1/1529 
f 1793/1/1793 1163/1/1163 1794/1/1794 
f 3342/1/3342 3037/1/3037 3650/1/3650 
f 3885/1/3885 2871/1/2871 2588/1/2588 
f 1037/1/1037 815/1/815 814/1/814 
f 685/1/685 528/1/528 223/1/223 
f 1013/1/1013 4134/1/4134 1014/1/1014 
f 2588/1/2588 1151/1/1151 570/1/570 
f 3922/1/3922 2106/1/2106 1408/1/1408 
f 2652/1/2652 2029/1/2029 1860/1/1860 
f 2613/1/2613 266/1/266 1209/1/1209 
f 2741/1/2741 2775/1/2775 2742/1/2742 
f 2451/1/2451 981/1/981 1896/1/1896 
f 2249/1/2249 2396/1/2396 2395/1/2395 
f 3889/1/3889 472/1/472 3859/1/3859 
f 186/1/186 2756/1/2756 3187/1/3187 
f 3585/1/3585 1698/1/1698 155/1/155 
f 1047/1/1047 3611/1/3611 1048/1/1048 
f 2757/1/2757 748/1/748 800/1/800 
f 377/1/377 1589/1/1589 4095/1/4095 
f 1205/1/1205 3037/1/3037 3342/1/3342 
f 734/1/734 702/1/702 2989/1/2989 
f 669/1/669 668/1/668 365/1/365 
f 3564/1/3564 646/1/646 3565/1/3565 
f 2222/1/2222 353/1/353 1213/1/1213 
f 3288/1/3288 864/1/864 1351/1/1351 
f 3309/1/3309 3568/1/3568 1528/1/1528 
f 539/1/539 2839/1/2839 2668/1/2668 
f 2237/1/2237 2905/1/2905 545/1/545 
f 327/1/327 675/1/675 3153/1/3153 
f 4150/1/4150 853/1/853 855/1/855 
f 3877/1/3877 4150/1/4150 855/1/855 
f 1250/1/1250 655/1/655 1917/1/1917 
f 3326/1/3326 1424/1/1424 1246/1/1246 
f 3248/1/3248 2106/1/2106 3746/1/3746 
f 1219/1/1219 1633/1/1633 4103/1/4103 
f 32/1/32 2914/1/2914 109/1/109 
f 1725/1/1725 912/1/912 1548/1/1548 
f 3162/1/3162 3578/1/3578 1232/1/1232 
f 3318/1/3318 918/1/918 1469/1/1469 
f 3375/1/3375 3553/1/3553 3590/1/3590 
f 2186/1/2186 744/1/744 743/1/743 
f 1607/1/1607 819/1/819 821/1/821 
f 547/1/547 1399/1/1399 548/1/548 
f 2920/1/2920 1915/1/1915 2391/1/2391 
f 216/1/216 280/1/280 290/1/290 
f 214/1/214 216/1/216 290/1/290 
f 3117/1/3117 491/1/491 3244/1/3244 
f 2748/1/2748 2008/1/2008 2805/1/2805 
f 2870/1/2870 1475/1/1475 410/1/410 
f 54/1/54 45/1/45 47/1/47 
f 2792/1/2792 3832/1/3832 2232/1/2232 
f 1830/1/1830 3109/1/3109 1831/1/1831 
f 3131/1/3131 1660/1/1660 2072/1/2072 
f 4007/1/4007 1959/1/1959 3586/1/3586 
f 3880/1/3880 1501/1/1501 2640/1/2640 
f 3709/1/3709 3000/1/3000 382/1/382 
f 1083/1/1083 1142/1/1142 1084/1/1084 
f 1479/1/1479 1481/1/1481 2483/1/2483 
f 2969/1/2969 1655/1/1655 894/1/894 
f 2295/1/2295 818/1/818 817/1/817 
f 134/1/134 136/1/136 1441/1/1441 
f 2672/1/2672 2783/1/2783 2673/1/2673 
f 3381/1/3381 2707/1/2707 762/1/762 
f 3314/1/3314 592/1/592 4112/1/4112 
f 3762/1/3762 2825/1/2825 2824/1/2824 
f 50/1/50 1610/1/1610 836/1/836 
f 3935/1/3935 1381/1/1381 2518/1/2518 
f 154/1/154 1068/1/1068 2403/1/2403 
f 3419/1/3419 3150/1/3150 3109/1/3109 
f 393/1/393 335/1/335 1649/1/1649 
f 2464/1/2464 3515/1/3515 3849/1/3849 
f 3652/1/3652 560/1/560 1931/1/1931 
f 3652/1/3652 1931/1/1931 1977/1/1977 
f 2412/1/2412 1273/1/1273 2178/1/2178 
f 4124/1/4124 3873/1/3873 3801/1/3801 
f 1008/1/1008 1185/1/1185 1009/1/1009 
f 2070/1/2070 779/1/779 778/1/778 
f 1002/1/1002 3960/1/3960 2541/1/2541 
f 2884/1/2884 933/1/933 2898/1/2898 
f 3011/1/3011 2125/1/2125 2594/1/2594 
f 2245/1/2245 680/1/680 3765/1/3765 
f 3005/1/3005 1779/1/1779 1188/1/1188 
f 635/1/635 1916/1/1916 1918/1/1918 
f 3151/1/3151 2305/1/2305 1820/1/1820 
f 1312/1/1312 2303/1/2303 1313/1/1313 
f 739/1/739 3760/1/3760 2010/1/2010 
f 502/1/502 739/1/739 2010/1/2010 
f 312/1/312 2583/1/2583 313/1/313 
f 4043/1/4043 4042/1/4042 3858/1/3858 
f 1679/1/1679 1682/1/1682 3413/1/3413 
f 1679/1/1679 3413/1/3413 1684/1/1684 
f 2844/1/2844 1743/1/1743 3398/1/3398 
f 312/1/312 2581/1/2581 2583/1/2583 
f 2288/1/2288 3902/1/3902 2946/1/2946 
f 4101/1/4101 3355/1/3355 4064/1/4064 
f 1943/1/1943 4028/1/4028 1941/1/1941 
f 3663/1/3663 2004/1/2004 283/1/283 
f 2831/1/2831 1066/1/1066 616/1/616 
f 618/1/618 1856/1/1856 1987/1/1987 
f 433/1/433 3631/1/3631 2355/1/2355 
f 3116/1/3116 809/1/809 811/1/811 
f 4050/1/4050 878/1/878 2399/1/2399 
f 852/1/852 2870/1/2870 2521/1/2521 
f 657/1/657 2046/1/2046 633/1/633 
f 33/1/33 3548/1/3548 207/1/207 
f 2914/1/2914 33/1/33 207/1/207 
f 2403/1/2403 3110/1/3110 2404/1/2404 
f 2625/1/2625 31/1/31 30/1/30 
f 438/1/438 3822/1/3822 674/1/674 
f 1867/1/1867 722/1/722 3718/1/3718 
f 861/1/861 1086/1/1086 2559/1/2559 
f 716/1/716 1930/1/1930 1744/1/1744 
f 1319/1/1319 1318/1/1318 2181/1/2181 
f 3679/1/3679 4013/1/4013 3781/1/3781 
f 4014/1/4014 983/1/983 3215/1/3215 
f 542/1/542 541/1/541 2237/1/2237 
f 2254/1/2254 3411/1/3411 2942/1/2942 
f 2966/1/2966 796/1/796 795/1/795 
f 1537/1/1537 2202/1/2202 2796/1/2796 
f 1779/1/1779 3753/1/3753 3156/1/3156 
f 2175/1/2175 2174/1/2174 1153/1/1153 
f 1158/1/1158 2883/1/2883 1159/1/1159 
f 3916/1/3916 1066/1/1066 2831/1/2831 
f 3777/1/3777 2165/1/2165 2455/1/2455 
f 2324/1/2324 2070/1/2070 2128/1/2128 
f 3238/1/3238 1826/1/1826 499/1/499 
f 1889/1/1889 2488/1/2488 1108/1/1108 
f 3005/1/3005 2346/1/2346 2695/1/2695 
f 359/1/359 1887/1/1887 360/1/360 
f 3664/1/3664 2631/1/2631 1533/1/1533 
f 244/1/244 3731/1/3731 375/1/375 
f 3768/1/3768 3571/1/3571 1380/1/1380 
f 2026/1/2026 2405/1/2405 1643/1/1643 
f 3414/1/3414 674/1/674 3838/1/3838 
f 2616/1/2616 3414/1/3414 3838/1/3838 
f 3612/1/3612 3583/1/3583 3410/1/3410 
f 928/1/928 3243/1/3243 929/1/929 
f 3737/1/3737 3630/1/3630 2894/1/2894 
f 3838/1/3838 737/1/737 2759/1/2759 
f 1841/1/1841 2362/1/2362 3139/1/3139 
f 3684/1/3684 3686/1/3686 1819/1/1819 
f 2548/1/2548 1096/1/1096 362/1/362 
f 2548/1/2548 362/1/362 736/1/736 
f 3315/1/3315 1951/1/1951 1270/1/1270 
f 1240/1/1240 2679/1/2679 2314/1/2314 
f 2776/1/2776 2775/1/2775 2741/1/2741 
f 523/1/523 3351/1/3351 524/1/524 
f 1186/1/1186 3137/1/3137 882/1/882 
f 2555/1/2555 292/1/292 121/1/121 
f 380/1/380 3863/1/3863 381/1/381 
f 1863/1/1863 1865/1/1865 3847/1/3847 
f 1456/1/1456 2448/1/2448 3695/1/3695 
f 421/1/421 3621/1/3621 3620/1/3620 
f 3197/1/3197 3257/1/3257 1138/1/1138 
f 3922/1/3922 3576/1/3576 2744/1/2744 
f 3870/1/3870 3969/1/3969 3166/1/3166 
f 4109/1/4109 3431/1/3431 987/1/987 
f 3940/1/3940 2042/1/2042 2676/1/2676 
f 3821/1/3821 1466/1/1466 1465/1/1465 
f 2697/1/2697 3156/1/3156 1541/1/1541 
f 1589/1/1589 1591/1/1591 4095/1/4095 
f 3086/1/3086 2169/1/2169 2862/1/2862 
f 3745/1/3745 944/1/944 1490/1/1490 
f 3324/1/3324 1709/1/1709 2921/1/2921 
f 3562/1/3562 3518/1/3518 3520/1/3520 
f 3202/1/3202 844/1/844 846/1/846 
f 2991/1/2991 847/1/847 293/1/293 
f 2045/1/2045 3627/1/3627 4100/1/4100 
f 3807/1/3807 2045/1/2045 4100/1/4100 
f 4113/1/4113 3841/1/3841 450/1/450 
f 4001/1/4001 2823/1/2823 2822/1/2822 
f 148/1/148 400/1/400 74/1/74 
f 596/1/596 456/1/456 455/1/455 
f 2231/1/2231 2140/1/2140 2971/1/2971 
f 1906/1/1906 663/1/663 101/1/101 
f 3537/1/3537 1829/1/1829 2891/1/2891 
f 144/1/144 3480/1/3480 1230/1/1230 
f 1125/1/1125 3830/1/3830 2711/1/2711 
f 2892/1/2892 449/1/449 448/1/448 
f 2743/1/2743 2682/1/2682 4178/1/4176 
f 1912/1/1912 1941/1/1941 360/1/360 
f 895/1/895 241/1/241 3100/1/3100 
f 2640/1/2640 1193/1/1193 992/1/992 
f 287/1/287 518/1/518 1522/1/1522 
f 3336/1/3336 1292/1/1292 2381/1/2381 
f 2904/1/2904 1921/1/1921 1968/1/1968 
f 306/1/306 3131/1/3131 2953/1/2953 
f 3157/1/3157 3471/1/3471 1117/1/1117 
f 150/1/150 148/1/148 3485/1/3485 
f 3507/1/3507 3530/1/3530 3400/1/3400 
f 881/1/881 3012/1/3012 287/1/287 
f 3392/1/3392 3260/1/3260 3259/1/3259 
f 4027/1/4027 4006/1/4006 2972/1/2972 
f 142/1/142 141/1/141 217/1/217 
f 2154/1/2154 1955/1/1955 3502/1/3502 
f 2297/1/2297 2296/1/2296 760/1/760 
f 289/1/289 2437/1/2437 287/1/287 
f 1479/1/1479 1457/1/1457 719/1/719 
f 873/1/873 1325/1/1325 2280/1/2280 
f 1462/1/1462 2592/1/2592 1097/1/1097 
f 1426/1/1426 1247/1/1247 1427/1/1427 
f 1552/1/1552 1554/1/1554 3903/1/3903 
f 2356/1/2356 847/1/847 3742/1/3742 
f 648/1/648 2446/1/2446 1683/1/1683 
f 4002/1/4002 3388/1/3388 418/1/418 
f 3296/1/3296 3476/1/3476 3745/1/3745 
f 4183/1/4181 1846/1/1846 1845/1/1845 
f 3872/1/3872 1569/1/1569 3561/1/3561 
f 135/1/135 1281/1/1281 139/1/139 
f 3219/1/3219 1499/1/1499 3890/1/3890 
f 3702/1/3702 1448/1/1448 1636/1/1636 
f 4088/1/4088 1327/1/1327 1329/1/1329 
f 368/1/368 3436/1/3436 827/1/827 
f 2473/1/2473 3752/1/3752 2474/1/2474 
f 3426/1/3426 3356/1/3356 4101/1/4101 
f 3425/1/3425 3426/1/3426 4101/1/4101 
f 1607/1/1607 821/1/821 2202/1/2202 
f 2732/1/2732 4071/1/4071 4138/1/4138 
f 2943/1/2943 1548/1/1548 1639/1/1639 
f 319/1/319 754/1/754 3856/1/3856 
f 1335/1/1335 2556/1/2556 1333/1/1333 
f 2915/1/2915 540/1/540 3492/1/3492 
f 2061/1/2061 1261/1/1261 2303/1/2303 
f 231/1/231 2380/1/2380 871/1/871 
f 1318/1/1318 2703/1/2703 4001/1/4001 
f 1563/1/1563 4168/1/4168 704/1/704 
f 874/1/874 3849/1/3849 3515/1/3515 
f 3715/1/3715 3421/1/3421 1315/1/1315 
f 1926/1/1926 2697/1/2697 3549/1/3549 
f 2848/1/2848 3078/1/3078 1224/1/1224 
f 3167/1/3167 3166/1/3166 2824/1/2824 
f 4170/1/4170 3167/1/3167 2824/1/2824 
f 3665/1/3665 1452/1/1452 1451/1/1451 
f 3422/1/3422 324/1/324 921/1/921 
f 859/1/859 4085/1/4085 1085/1/1085 
f 64/1/64 1545/1/1545 1544/1/1544 
f 2845/1/2845 314/1/314 316/1/316 
f 2726/1/2726 3630/1/3630 4088/1/4088 
f 1194/1/1194 1269/1/1269 2786/1/2786 
f 2456/1/2456 1174/1/1174 3276/1/3276 
f 2219/1/2219 2586/1/2586 3777/1/3777 
f 2217/1/2217 2219/1/2219 3777/1/3777 
f 2245/1/2245 3352/1/3352 3086/1/3086 
f 3710/1/3710 3699/1/3699 218/1/218 
f 3595/1/3595 1382/1/1382 1381/1/1381 
f 3604/1/3604 3728/1/3728 1737/1/1737 
f 3604/1/3604 1737/1/1737 3602/1/3602 
f 1265/1/1265 3204/1/3204 2254/1/2254 
f 2903/1/2903 3235/1/3235 2904/1/2904 
f 354/1/354 269/1/269 673/1/673 
f 1261/1/1261 1312/1/1312 1272/1/1272 
f 1790/1/1790 3039/1/3039 672/1/672 
f 1178/1/1178 3130/1/3130 4053/1/4053 
f 980/1/980 22/1/22 20/1/20 
f 2761/1/2761 1609/1/1609 531/1/531 
f 1166/1/1166 333/1/333 1902/1/1902 
f 767/1/767 2637/1/2637 2146/1/2146 
f 2487/1/2487 767/1/767 2146/1/2146 
f 1785/1/1785 3982/1/3982 2854/1/2854 
f 2188/1/2188 3682/1/3682 3681/1/3681 
f 2189/1/2189 2188/1/2188 3681/1/3681 
f 3521/1/3521 915/1/915 2460/1/2460 
f 3105/1/3105 326/1/326 329/1/329 
f 1434/1/1434 2846/1/2846 3517/1/3517 
f 2174/1/2174 2119/1/2119 3732/1/3732 
f 3004/1/3004 926/1/926 3447/1/3447 
f 2208/1/2208 255/1/255 2349/1/2349 
f 3018/1/3018 2208/1/2208 2349/1/2349 
f 2407/1/2407 2010/1/2010 2976/1/2976 
f 2407/1/2407 2976/1/2976 3760/1/3760 
f 2072/1/2072 1659/1/1659 2952/1/2952 
f 544/1/544 3119/1/3119 1227/1/1227 
f 3772/1/3772 3771/1/3771 3871/1/3871 
f 508/1/508 1576/1/1576 509/1/509 
f 3627/1/3627 809/1/809 3116/1/3116 
f 1550/1/1550 1549/1/1549 911/1/911 
f 2802/1/2802 252/1/252 2965/1/2965 
f 1840/1/1840 2078/1/2078 3769/1/3769 
f 404/1/404 2523/1/2523 708/1/708 
f 404/1/404 708/1/708 405/1/405 
f 311/1/311 1463/1/1463 1239/1/1239 
f 3192/1/3192 2245/1/2245 3086/1/3086 
f 1461/1/1461 930/1/930 3525/1/3525 
f 2698/1/2698 1086/1/1086 2493/1/2493 
f 3993/1/3993 4045/1/4045 3940/1/3940 
f 3349/1/3349 2002/1/2002 2403/1/2403 
f 4026/1/4026 4025/1/4025 1091/1/1091 
f 1998/1/1998 3041/1/3041 3040/1/3040 
f 3365/1/3365 3634/1/3634 1852/1/1852 
f 3282/1/3282 2569/1/2569 1940/1/1940 
f 1963/1/1963 3207/1/3207 2347/1/2347 
f 37/1/37 4096/1/4096 38/1/38 
f 2471/1/2471 2776/1/2776 2741/1/2741 
f 2741/1/2741 2743/1/2743 4180/1/4178 
f 2633/1/2633 39/1/39 1060/1/1060 
f 3520/1/3520 3115/1/3115 2180/1/2180 
f 267/1/267 3338/1/3338 3756/1/3756 
f 1880/1/1880 1594/1/1594 3120/1/3120 
f 4145/1/4145 2698/1/2698 1947/1/1947 
f 229/1/229 3854/1/3854 3012/1/3012 
f 4161/1/4161 4182/1/4180 445/1/445 
f 3544/1/3544 278/1/278 277/1/277 
f 1833/1/1833 2244/1/2244 3031/1/3031 
f 200/1/200 202/1/202 1534/1/1534 
f 1480/1/1480 2394/1/2394 216/1/216 
f 2014/1/2014 1480/1/1480 216/1/216 
f 2261/1/2261 3238/1/3238 3237/1/3237 
f 606/1/606 2030/1/2030 3522/1/3522 
f 142/1/142 217/1/217 417/1/417 
f 631/1/631 1791/1/1791 2380/1/2380 
f 2282/1/2282 2514/1/2514 3026/1/3026 
f 1415/1/1415 2825/1/2825 2005/1/2005 
f 35/1/35 2143/1/2143 895/1/895 
f 351/1/351 2654/1/2654 2665/1/2665 
f 2842/1/2842 2841/1/2841 3302/1/3302 
f 1093/1/1093 3378/1/3378 190/1/190 
f 2/1/2 5/1/5 3280/1/3280 
f 3831/1/3831 3343/1/3343 2410/1/2410 
f 3760/1/3760 2976/1/2976 2011/1/2011 
f 1214/1/1214 1033/1/1033 1661/1/1661 
f 1360/1/1360 3249/1/3249 1746/1/1746 
f 2227/1/2227 3063/1/3063 2228/1/2228 
f 3997/1/3997 2828/1/2828 1951/1/1951 
f 2378/1/2378 2511/1/2511 1609/1/1609 
f 1302/1/1302 1995/1/1995 2716/1/2716 
f 2316/1/2316 3323/1/3323 3709/1/3709 
f 1599/1/1599 2333/1/2333 2780/1/2780 
f 2292/1/2292 766/1/766 756/1/756 
f 1064/1/1064 3738/1/3738 1259/1/1259 
f 941/1/941 185/1/185 1435/1/1435 
f 1335/1/1335 1386/1/1386 2987/1/2987 
f 2279/1/2279 2465/1/2465 2464/1/2464 
f 1602/1/1602 19/1/19 2467/1/2467 
f 3697/1/3697 3387/1/3387 4068/1/4068 
f 1972/1/1972 2571/1/2571 2804/1/2804 
f 3869/1/3869 3902/1/3902 2288/1/2288 
f 2825/1/2825 3897/1/3897 2006/1/2006 
f 2814/1/2814 128/1/128 127/1/127 
f 3021/1/3021 308/1/308 3716/1/3716 
f 2542/1/2542 3227/1/3227 3226/1/3226 
f 3594/1/3594 2129/1/2129 2130/1/2130 
f 1781/1/1781 2038/1/2038 2348/1/2348 
f 3425/1/3425 3322/1/3322 3341/1/3341 
f 2569/1/2569 3282/1/3282 2425/1/2425 
f 2752/1/2752 1196/1/1196 2613/1/2613 
f 398/1/398 1701/1/1701 3036/1/3036 
f 3489/1/3489 3446/1/3446 236/1/236 
f 3036/1/3036 552/1/552 145/1/145 
f 3407/1/3407 223/1/223 4018/1/4018 
f 1266/1/1266 1268/1/1268 3606/1/3606 
f 2695/1/2695 2346/1/2346 2290/1/2290 
f 942/1/942 3134/1/3134 3542/1/3542 
f 130/1/130 593/1/593 131/1/131 
f 2615/1/2615 2747/1/2747 2616/1/2616 
f 2864/1/2864 593/1/593 1712/1/1712 
f 1747/1/1747 3191/1/3191 3372/1/3372 
f 461/1/461 1458/1/1458 3914/1/3914 
f 3469/1/3469 2532/1/2532 2981/1/2981 
f 3520/1/3520 2610/1/2610 3115/1/3115 
f 2519/1/2519 2518/1/2518 1383/1/1383 
f 2029/1/2029 3088/1/3088 2234/1/2234 
f 3953/1/3953 3609/1/3609 1564/1/1564 
f 4083/1/4083 928/1/928 4155/1/4155 
f 465/1/465 467/1/467 1090/1/1090 
f 1393/1/1393 2660/1/2660 2426/1/2426 
f 1892/1/1892 1209/1/1209 1342/1/1342 
f 1709/1/1709 929/1/929 2921/1/2921 
f 4162/1/4162 2183/1/2183 1886/1/1886 
f 2296/1/2296 1395/1/1395 3674/1/3674 
f 2445/1/2445 2444/1/2444 2122/1/2122 
f 2633/1/2633 910/1/910 2634/1/2634 
f 1153/1/1153 191/1/191 2974/1/2974 
f 1011/1/1011 1153/1/1153 2974/1/2974 
f 1222/1/1222 3547/1/3547 2714/1/2714 
f 434/1/434 89/1/89 88/1/88 
f 3566/1/3566 3175/1/3175 3857/1/3857 
f 4026/1/4026 189/1/189 3764/1/3764 
f 764/1/764 2198/1/2198 1157/1/1157 
f 4164/1/4164 1677/1/1677 3811/1/3811 
f 4149/1/4149 3770/1/3770 1835/1/1835 
f 3925/1/3925 3924/1/3924 3108/1/3108 
f 2721/1/2721 3788/1/3788 3877/1/3877 
f 3154/1/3154 986/1/986 4129/1/4129 
f 2862/1/2862 3154/1/3154 4129/1/4129 
f 2948/1/2948 1393/1/1393 2427/1/2427 
f 1930/1/1930 1981/1/1981 1744/1/1744 
f 3945/1/3945 1774/1/1774 3885/1/3885 
f 1313/1/1313 1260/1/1260 495/1/495 
f 2190/1/2190 2858/1/2858 1763/1/1763 
f 296/1/296 1897/1/1897 727/1/727 
f 1660/1/1660 1438/1/1438 2072/1/2072 
f 2108/1/2108 337/1/337 2109/1/2109 
f 799/1/799 1730/1/1730 3184/1/3184 
f 3297/1/3297 240/1/240 3693/1/3693 
f 3492/1/3492 540/1/540 3493/1/3493 
f 2037/1/2037 2038/1/2038 2347/1/2347 
f 2483/1/2483 290/1/290 1479/1/1479 
f 219/1/219 784/1/784 3730/1/3730 
f 437/1/437 436/1/436 3605/1/3605 
f 2939/1/2939 3768/1/3768 1379/1/1379 
f 63/1/63 1381/1/1381 3401/1/3401 
f 3737/1/3737 2355/1/2355 3601/1/3601 
f 2495/1/2495 1366/1/1366 1368/1/1368 
f 3604/1/3604 3475/1/3475 1292/1/1292 
f 3958/1/3958 3992/1/3992 3570/1/3570 
f 2216/1/2216 1842/1/1842 2214/1/2214 
f 2026/1/2026 1850/1/1850 692/1/692 
f 2371/1/2371 3823/1/3823 3824/1/3824 
f 3858/1/3858 952/1/952 2785/1/2785 
f 4144/1/4144 1653/1/1653 310/1/310 
f 4144/1/4144 310/1/310 2176/1/2176 
f 2868/1/2868 3949/1/3949 2735/1/2735 
f 1856/1/1856 2986/1/2986 1857/1/1857 
f 258/1/258 260/1/260 2315/1/2315 
f 3900/1/3900 1344/1/1344 1343/1/1343 
f 4022/1/4022 3957/1/3957 2941/1/2941 
f 3994/1/3994 2739/1/2739 951/1/951 
f 1488/1/1488 2033/1/2033 2146/1/2146 
f 3687/1/3687 512/1/512 1367/1/1367 
f 3785/1/3785 893/1/893 1173/1/1173 
f 3386/1/3386 1716/1/1716 2820/1/2820 
f 182/1/182 181/1/181 2594/1/2594 
f 2587/1/2587 1666/1/1666 459/1/459 
f 1001/1/1001 1201/1/1201 3993/1/3993 
f 3356/1/3356 3355/1/3355 4101/1/4101 
f 3168/1/3168 3382/1/3382 1366/1/1366 
f 3270/1/3270 2168/1/2168 2167/1/2167 
f 923/1/923 924/1/924 2185/1/2185 
f 2561/1/2561 1347/1/1347 1346/1/1346 
f 3079/1/3079 533/1/533 2867/1/2867 
f 2018/1/2018 2992/1/2992 1290/1/1290 
f 3873/1/3873 3802/1/3802 1355/1/1355 
f 4143/1/4143 2283/1/2283 3072/1/3072 
f 1210/1/1210 2900/1/2900 2497/1/2497 
f 2301/1/2301 3455/1/3455 2667/1/2667 
f 2301/1/2301 2667/1/2667 2666/1/2666 
f 3908/1/3908 2132/1/2132 2477/1/2477 
f 2479/1/2479 2270/1/2270 2269/1/2269 
f 450/1/450 3791/1/3791 304/1/304 
f 449/1/449 2893/1/2893 3914/1/3914 
f 4004/1/4004 1360/1/1360 1746/1/1746 
f 2558/1/2558 1808/1/1808 3027/1/3027 
f 2359/1/2359 972/1/972 3106/1/3106 
f 2083/1/2083 1661/1/1661 1212/1/1212 
f 2083/1/2083 1212/1/1212 1697/1/1697 
f 3005/1/3005 3287/1/3287 2037/1/2037 
f 3663/1/3663 685/1/685 3323/1/3323 
f 774/1/774 1073/1/1073 1881/1/1881 
f 3501/1/3501 3035/1/3035 3814/1/3814 
f 1040/1/1040 2880/1/2880 2401/1/2401 
f 3779/1/3779 3271/1/3271 1988/1/1988 
f 1150/1/1150 3116/1/3116 43/1/43 
f 875/1/875 4174/1/4172 4034/1/4034 
f 1469/1/1469 920/1/920 3919/1/3919 
f 2716/1/2716 1994/1/1994 3036/1/3036 
f 424/1/424 2334/1/2334 1968/1/1968 
f 3517/1/3517 385/1/385 3091/1/3091 
f 440/1/440 970/1/970 3740/1/3740 
f 2696/1/2696 601/1/601 600/1/600 
f 3890/1/3890 1499/1/1499 1946/1/1946 
f 2340/1/2340 954/1/954 2785/1/2785 
f 3000/1/3000 984/1/984 667/1/667 
f 3756/1/3756 1323/1/1323 2490/1/2490 
f 3756/1/3756 2490/1/2490 2125/1/2125 
f 785/1/785 2203/1/2203 2220/1/2220 
f 1991/1/1991 3660/1/3660 3262/1/3262 
f 1685/1/1685 3134/1/3134 2546/1/2546 
f 1685/1/1685 2546/1/2546 3224/1/3224 
f 2166/1/2166 2292/1/2292 3065/1/3065 
f 2166/1/2166 3065/1/3065 2657/1/2657 
f 1516/1/1516 3910/1/3910 2064/1/2064 
f 843/1/843 3954/1/3954 2573/1/2573 
f 3819/1/3819 3109/1/3109 3108/1/3108 
f 525/1/525 3797/1/3797 1996/1/1996 
f 1303/1/1303 3563/1/3563 2738/1/2738 
f 1959/1/1959 914/1/914 1960/1/1960 
f 137/1/137 1281/1/1281 2631/1/2631 
f 1691/1/1691 197/1/197 241/1/241 
f 3330/1/3330 1691/1/1691 241/1/241 
f 699/1/699 4025/1/4025 700/1/700 
f 3148/1/3148 749/1/749 3340/1/3340 
f 3665/1/3665 1932/1/1932 3579/1/3579 
f 4100/1/4100 1150/1/1150 809/1/809 
f 3626/1/3626 4100/1/4100 809/1/809 
f 1095/1/1095 2615/1/2615 3838/1/3838 
f 1777/1/1777 2443/1/2443 2992/1/2992 
f 1777/1/1777 2992/1/2992 2018/1/2018 
f 241/1/241 195/1/195 3087/1/3087 
f 1358/1/1358 1101/1/1101 3866/1/3866 
f 234/1/234 4145/1/4145 3187/1/3187 
f 3848/1/3848 97/1/97 930/1/930 
f 3661/1/3661 3940/1/3940 2676/1/2676 
f 3179/1/3179 265/1/265 1197/1/1197 
f 264/1/264 3179/1/3179 1197/1/1197 
f 1445/1/1445 3536/1/3536 413/1/413 
f 1707/1/1707 3925/1/3925 3818/1/3818 
f 3187/1/3187 1948/1/1948 2493/1/2493 
f 3955/1/3955 1693/1/1693 1596/1/1596 
f 3478/1/3478 256/1/256 3479/1/3479 
f 2289/1/2289 2485/1/2485 1694/1/1694 
f 2998/1/2998 1729/1/1729 2377/1/2377 
f 1768/1/1768 3071/1/3071 1769/1/1769 
f 2889/1/2889 3534/1/3534 3533/1/3533 
f 782/1/782 2160/1/2160 2159/1/2159 
f 3729/1/3729 3039/1/3039 670/1/670 
f 2219/1/2219 3334/1/3334 2586/1/2586 
f 2416/1/2416 555/1/555 3958/1/3958 
f 2839/1/2839 539/1/539 2380/1/2380 
f 2113/1/2113 2112/1/2112 3305/1/3305 
f 4149/1/4149 1838/1/1838 3770/1/3770 
f 3892/1/3892 3381/1/3381 1156/1/1156 
f 286/1/286 597/1/597 3357/1/3357 
f 286/1/286 3357/1/3357 480/1/480 
f 1795/1/1795 3898/1/3898 4056/1/4056 
f 2104/1/2104 1842/1/1842 3614/1/3614 
f 3445/1/3445 2271/1/2271 3230/1/3230 
f 296/1/296 298/1/298 1323/1/1323 
f 3663/1/3663 2161/1/2161 2745/1/2745 
f 3783/1/3783 2535/1/2535 2536/1/2536 
f 160/1/160 3385/1/3385 889/1/889 
f 3560/1/3560 4083/1/4083 4155/1/4155 
f 1001/1/1001 1912/1/1912 1201/1/1201 
f 3581/1/3581 2560/1/2560 3043/1/3043 
f 1161/1/1161 2975/1/2975 1301/1/1301 
f 3849/1/3849 1325/1/1325 2465/1/2465 
f 437/1/437 1766/1/1766 273/1/273 
f 2649/1/2649 3272/1/3272 3271/1/3271 
f 1767/1/1767 4147/1/4147 484/1/484 
f 464/1/464 1916/1/1916 1250/1/1250 
f 2464/1/2464 2463/1/2463 2882/1/2882 
f 480/1/480 1619/1/1619 1622/1/1622 
f 1910/1/1910 158/1/158 3723/1/3723 
f 3032/1/3032 3432/1/3432 3333/1/3333 
f 2955/1/2955 3856/1/3856 3403/1/3403 
f 3134/1/3134 3007/1/3007 2546/1/2546 
f 1280/1/1280 135/1/135 2328/1/2328 
f 3769/1/3769 4137/1/4137 3770/1/3770 
f 235/1/235 3494/1/3494 4165/1/4165 
f 3911/1/3911 4157/1/4157 1364/1/1364 
f 733/1/733 732/1/732 2326/1/2326 
f 2773/1/2773 1040/1/1040 2536/1/2536 
f 3145/1/3145 3875/1/3875 4120/1/4120 
f 569/1/569 1364/1/1364 100/1/100 
f 3880/1/3880 2640/1/2640 2828/1/2828 
f 916/1/916 2375/1/2375 1960/1/1960 
f 3913/1/3913 68/1/68 3373/1/3373 
f 3458/1/3458 3069/1/3069 3068/1/3068 
f 3458/1/3458 3068/1/3068 2604/1/2604 
f 2518/1/2518 3797/1/3797 3935/1/3935 
f 933/1/933 598/1/598 390/1/390 
f 2476/1/2476 2701/1/2701 4070/1/4070 
f 810/1/810 3171/1/3171 3900/1/3900 
f 810/1/810 3900/1/3900 3176/1/3176 
f 3674/1/3674 1802/1/1802 4105/1/4105 
f 1386/1/1386 1858/1/1858 2987/1/2987 
f 707/1/707 405/1/405 708/1/708 
f 194/1/194 242/1/242 2884/1/2884 
f 3439/1/3439 1061/1/1061 3182/1/3182 
f 1404/1/1404 1575/1/1575 1144/1/1144 
f 295/1/295 1404/1/1404 1144/1/1144 
f 3248/1/3248 3746/1/3746 1361/1/1361 
f 1388/1/1388 1387/1/1387 1356/1/1356 
f 2333/1/2333 2332/1/2332 573/1/573 
f 3915/1/3915 3186/1/3186 940/1/940 
f 186/1/186 3915/1/3915 940/1/940 
f 224/1/224 283/1/283 1287/1/1287 
f 1865/1/1865 2891/1/2891 3149/1/3149 
f 1868/1/1868 3082/1/3082 2965/1/2965 
f 312/1/312 3820/1/3820 2581/1/2581 
f 1096/1/1096 1095/1/1095 3838/1/3838 
f 3842/1/3842 871/1/871 791/1/791 
f 790/1/790 3410/1/3410 791/1/791 
f 1967/1/1967 4002/1/4002 418/1/418 
f 462/1/462 464/1/464 1250/1/1250 
f 2815/1/2815 3170/1/3170 2345/1/2345 
f 930/1/930 3944/1/3944 3525/1/3525 
f 1788/1/1788 348/1/348 740/1/740 
f 2876/1/2876 1796/1/1796 1795/1/1795 
f 2106/1/2106 2105/1/2105 3746/1/3746 
f 453/1/453 173/1/173 2872/1/2872 
f 2737/1/2737 4069/1/4069 3617/1/3617 
f 219/1/219 1032/1/1032 1696/1/1696 
f 4147/1/4147 3605/1/3605 484/1/484 
f 524/1/524 2064/1/2064 3640/1/3640 
f 2528/1/2528 776/1/776 3706/1/3706 
f 643/1/643 2180/1/2180 3195/1/3195 
f 655/1/655 1585/1/1585 1917/1/1917 
f 1563/1/1563 1562/1/1562 3345/1/3345 
f 565/1/565 3081/1/3081 695/1/695 
f 2993/1/2993 2094/1/2094 1632/1/1632 
f 2241/1/2241 1116/1/1116 294/1/294 
f 939/1/939 185/1/185 2356/1/2356 
f 3015/1/3015 3411/1/3411 3016/1/3016 
f 2017/1/2017 1615/1/1615 2992/1/2992 
f 58/1/58 60/1/60 59/1/59 
f 3506/1/3506 2106/1/2106 3248/1/3248 
f 2299/1/2299 45/1/45 54/1/54 
f 1447/1/1447 2143/1/2143 2142/1/2142 
f 1796/1/1796 3055/1/3055 3363/1/3363 
f 1979/1/1979 3665/1/3665 1451/1/1451 
f 2446/1/2446 1679/1/1679 1684/1/1684 
f 3436/1/3436 367/1/367 369/1/369 
f 2366/1/2366 2231/1/2231 651/1/651 
f 1991/1/1991 3262/1/3262 3158/1/3158 
f 3388/1/3388 1662/1/1662 1661/1/1661 
f 3096/1/3096 3098/1/3098 4078/1/4078 
f 3087/1/3087 3096/1/3096 4078/1/4078 
f 1093/1/1093 2223/1/2223 1455/1/1455 
f 766/1/766 2715/1/2715 2165/1/2165 
f 3868/1/3868 315/1/315 3331/1/3331 
f 2808/1/2808 2287/1/2287 1694/1/1694 
f 1028/1/1028 1030/1/1030 1910/1/1910 
f 2752/1/2752 1197/1/1197 1196/1/1196 
f 1633/1/1633 1481/1/1481 1457/1/1457 
f 3782/1/3782 1633/1/1633 1457/1/1457 
f 1398/1/1398 548/1/548 1399/1/1399 
f 3227/1/3227 344/1/344 2397/1/2397 
f 1806/1/1806 1233/1/1233 1807/1/1807 
f 207/1/207 206/1/206 2990/1/2990 
f 2612/1/2612 2344/1/2344 917/1/917 
f 2309/1/2309 3083/1/3083 3457/1/3457 
f 3639/1/3639 1294/1/1294 2452/1/2452 
f 3277/1/3277 2232/1/2232 658/1/658 
f 3277/1/3277 658/1/658 656/1/656 
f 689/1/689 2499/1/2499 147/1/147 
f 4150/1/4150 3022/1/3022 3607/1/3607 
f 2284/1/2284 2286/1/2286 2338/1/2338 
f 4140/1/4140 2229/1/2229 3221/1/3221 
f 3629/1/3629 4083/1/4083 4087/1/4087 
f 769/1/769 768/1/768 2637/1/2637 
f 701/1/701 700/1/700 1455/1/1455 
f 2854/1/2854 2855/1/2855 169/1/169 
f 2525/1/2525 3192/1/3192 443/1/443 
f 305/1/305 451/1/451 4113/1/4113 
f 3923/1/3923 2633/1/2633 1060/1/1060 
f 3950/1/3950 1225/1/1225 1914/1/1914 
f 478/1/478 873/1/873 2280/1/2280 
f 1696/1/1696 2222/1/2222 1033/1/1033 
f 3887/1/3887 3864/1/3864 1133/1/1133 
f 1090/1/1090 2071/1/2071 465/1/465 
f 2177/1/2177 303/1/303 1546/1/1546 
f 302/1/302 2177/1/2177 1546/1/1546 
f 4016/1/4016 1308/1/1308 3724/1/3724 
f 3590/1/3590 4016/1/4016 3724/1/3724 
f 1210/1/1210 2496/1/2496 1362/1/1362 
f 319/1/319 318/1/318 4082/1/4082 
f 3153/1/3153 3813/1/3813 3414/1/3414 
f 2758/1/2758 715/1/715 714/1/714 
f 929/1/929 3243/1/3243 3704/1/3704 
f 3218/1/3218 750/1/750 3148/1/3148 
f 2828/1/2828 2640/1/2640 1270/1/1270 
f 3653/1/3653 1957/1/1957 2352/1/2352 
f 3888/1/3888 2086/1/2086 3889/1/3889 
f 1867/1/1867 1866/1/1866 2866/1/2866 
f 1795/1/1795 1797/1/1797 3898/1/3898 
f 1399/1/1399 2982/1/2982 2983/1/2983 
f 1399/1/1399 2983/1/2983 2918/1/2918 
f 3499/1/3499 726/1/726 3500/1/3500 
f 3977/1/3977 2483/1/2483 1480/1/1480 
f 3372/1/3372 3191/1/3191 2624/1/2624 
f 2746/1/2746 1463/1/1463 3616/1/3616 
f 2388/1/2388 2905/1/2905 1116/1/1116 
f 3809/1/3809 3348/1/3348 1640/1/1640 
f 962/1/962 1272/1/1272 629/1/629 
f 2318/1/2318 2263/1/2263 4123/1/4123 
f 4096/1/4096 37/1/37 36/1/36 
f 3097/1/3097 625/1/625 3098/1/3098 
f 2485/1/2485 3955/1/3955 1694/1/1694 
f 2512/1/2512 1388/1/1388 787/1/787 
f 2970/1/2970 375/1/375 3731/1/3731 
f 3726/1/3726 498/1/498 2714/1/2714 
f 2924/1/2924 2146/1/2146 1344/1/1344 
f 3389/1/3389 1105/1/1105 265/1/265 
f 633/1/633 3722/1/3722 4181/1/4179 
f 2562/1/2562 2030/1/2030 2885/1/2885 
f 2563/1/2563 2562/1/2562 2885/1/2885 
f 182/1/182 1963/1/1963 886/1/886 
f 268/1/268 182/1/182 886/1/886 
f 1631/1/1631 3447/1/3447 3641/1/3641 
f 528/1/528 225/1/225 224/1/224 
f 3081/1/3081 1509/1/1509 686/1/686 
f 3548/1/3548 30/1/30 29/1/29 
f 2625/1/2625 3548/1/3548 29/1/29 
f 2949/1/2949 1465/1/1465 1467/1/1467 
f 3417/1/3417 1358/1/1358 3866/1/3866 
f 1791/1/1791 630/1/630 881/1/881 
f 4103/1/4103 2453/1/2453 1458/1/1458 
f 3046/1/3046 4030/1/4030 3047/1/3047 
f 2857/1/2857 3209/1/3209 1208/1/1208 
f 686/1/686 530/1/530 3082/1/3082 
f 1706/1/1706 1708/1/1708 2591/1/2591 
f 1507/1/1507 1422/1/1422 1508/1/1508 
f 3988/1/3988 2142/1/2142 1152/1/1152 
f 3092/1/3092 3530/1/3530 4167/1/4167 
f 2199/1/2199 2198/1/2198 3934/1/3934 
f 2651/1/2651 3341/1/3341 260/1/260 
f 2713/1/2713 200/1/200 2328/1/2328 
f 545/1/545 3157/1/3157 2929/1/2929 
f 543/1/543 545/1/545 2929/1/2929 
f 2075/1/2075 2342/1/2342 1872/1/1872 
f 3221/1/3221 4036/1/4036 4038/1/4038 
f 239/1/239 1240/1/1240 2313/1/2313 
f 3762/1/3762 3985/1/3985 2825/1/2825 
f 217/1/217 219/1/219 418/1/418 
f 560/1/560 2251/1/2251 1932/1/1932 
f 1052/1/1052 3973/1/3973 3767/1/3767 
f 640/1/640 2601/1/2601 3644/1/3644 
f 622/1/622 3953/1/3953 1564/1/1564 
f 2235/1/2235 1077/1/1077 1076/1/1076 
f 741/1/741 3754/1/3754 2533/1/2533 
f 3101/1/3101 741/1/741 2533/1/2533 
f 3178/1/3178 3534/1/3534 2260/1/2260 
f 3535/1/3535 3178/1/3178 2260/1/2260 
f 235/1/235 3495/1/3495 2739/1/2739 
f 1174/1/1174 1176/1/1176 3276/1/3276 
f 2207/1/2207 2206/1/2206 3901/1/3901 
f 2653/1/2653 2851/1/2851 2664/1/2664 
f 2128/1/2128 2069/1/2069 2512/1/2512 
f 2598/1/2598 2600/1/2600 1418/1/1418 
f 3262/1/3262 1414/1/1414 1416/1/1416 
f 1248/1/1248 1317/1/1317 2534/1/2534 
f 2061/1/2061 2303/1/2303 1399/1/1399 
f 2502/1/2502 3037/1/3037 1204/1/1204 
f 1448/1/1448 1450/1/1450 1277/1/1277 
f 1132/1/1132 1131/1/1131 1017/1/1017 
f 2611/1/2611 2610/1/2610 644/1/644 
f 1495/1/1495 3832/1/3832 2792/1/2792 
f 1185/1/1185 1165/1/1165 1009/1/1009 
f 391/1/391 523/1/523 1974/1/1974 
f 2457/1/2457 781/1/781 1708/1/1708 
f 1692/1/1692 1179/1/1179 2790/1/2790 
f 1312/1/1312 2060/1/2060 1510/1/1510 
f 2132/1/2132 1815/1/1815 2910/1/2910 
f 1545/1/1545 64/1/64 3401/1/3401 
f 3611/1/3611 3451/1/3451 2131/1/2131 
f 3865/1/3865 2120/1/2120 2443/1/2443 
f 227/1/227 226/1/226 1376/1/1376 
f 1490/1/1490 2277/1/2277 1491/1/1491 
f 834/1/834 1783/1/1783 1181/1/1181 
f 3284/1/3284 1294/1/1294 1296/1/1296 
f 1767/1/1767 2941/1/2941 483/1/483 
f 433/1/433 1406/1/1406 431/1/431 
f 3237/1/3237 3892/1/3892 2261/1/2261 
f 3011/1/3011 181/1/181 2125/1/2125 
f 655/1/655 637/1/637 1584/1/1584 
f 2209/1/2209 533/1/533 2842/1/2842 
f 2311/1/2311 3538/1/3538 3647/1/3647 
f 727/1/727 1898/1/1898 1953/1/1953 
f 2107/1/2107 4154/1/4154 2108/1/2108 
f 1204/1/1204 3037/1/3037 1205/1/1205 
f 2724/1/2724 1462/1/1462 1464/1/1464 
f 3524/1/3524 2562/1/2562 3586/1/3586 
f 4166/1/4166 2903/1/2903 388/1/388 
f 3235/1/3235 4166/1/4166 388/1/388 
f 3145/1/3145 2570/1/2570 3875/1/3875 
f 3183/1/3183 1856/1/1856 3181/1/3181 
f 604/1/604 849/1/849 1680/1/1680 
f 3925/1/3925 3108/1/3108 1830/1/1830 
f 3640/1/3640 2064/1/2064 3910/1/3910 
f 1178/1/1178 347/1/347 1179/1/1179 
f 2980/1/2980 2979/1/2979 1227/1/1227 
f 2608/1/2608 2607/1/2607 2833/1/2833 
f 872/1/872 1956/1/1956 2477/1/2477 
f 625/1/625 3100/1/3100 3098/1/3098 
f 3143/1/3143 3113/1/3113 3112/1/3112 
f 1539/1/1539 2489/1/2489 2491/1/2491 
f 4030/1/4030 3402/1/3402 1733/1/1733 
f 4110/1/4110 3211/1/3211 3653/1/3653 
f 4115/1/4115 2635/1/2635 2528/1/2528 
f 3073/1/3073 4115/1/4115 2528/1/2528 
f 2786/1/2786 1259/1/1259 3917/1/3917 
f 758/1/758 4021/1/4021 2883/1/2883 
f 1305/1/1305 2227/1/2227 2226/1/2226 
f 1953/1/1953 2330/1/2330 1187/1/1187 
f 1067/1/1067 2308/1/2308 3110/1/3110 
f 3702/1/3702 865/1/865 867/1/867 
f 419/1/419 1763/1/1763 420/1/420 
f 452/1/452 1357/1/1357 453/1/453 
f 1266/1/1266 84/1/84 1267/1/1267 
f 4098/1/4098 4099/1/4099 2110/1/2110 
f 2541/1/2541 3716/1/3716 307/1/307 
f 1476/1/1476 1411/1/1411 2506/1/2506 
f 1832/1/1832 1834/1/1834 3030/1/3030 
f 374/1/374 3731/1/3731 3931/1/3931 
f 1910/1/1910 1030/1/1030 159/1/159 
f 3662/1/3662 2613/1/2613 2807/1/2807 
f 945/1/945 3719/1/3719 3126/1/3126 
f 2210/1/2210 2840/1/2840 2842/1/2842 
f 634/1/634 770/1/770 769/1/769 
f 477/1/477 479/1/479 2025/1/2025 
f 344/1/344 3227/1/3227 1245/1/1245 
f 869/1/869 3244/1/3244 640/1/640 
f 2730/1/2730 2171/1/2171 621/1/621 
f 444/1/444 446/1/446 3967/1/3967 
f 2148/1/2148 3233/1/3233 2881/1/2881 
f 2914/1/2914 2142/1/2142 2952/1/2952 
f 3682/1/3682 2565/1/2565 1551/1/1551 
f 2326/1/2326 4111/1/4111 2324/1/2324 
f 2009/1/2009 1603/1/1603 1602/1/1602 
f 3063/1/3063 3694/1/3694 4036/1/4036 
f 4097/1/4097 4068/1/4068 3387/1/3387 
f 379/1/379 4175/1/4173 380/1/380 
f 1249/1/1249 3740/1/3740 485/1/485 
f 4067/1/4067 263/1/263 2599/1/2599 
f 2852/1/2852 190/1/190 2224/1/2224 
f 175/1/175 2945/1/2945 416/1/416 
f 1612/1/1612 2774/1/2774 3233/1/3233 
f 1348/1/1348 2177/1/2177 4113/1/4113 
f 1348/1/1348 4113/1/4113 1713/1/1713 
f 2616/1/2616 3153/1/3153 675/1/675 
f 327/1/327 329/1/329 673/1/673 
f 3439/1/3439 334/1/334 170/1/170 
f 923/1/923 2681/1/2681 726/1/726 
f 2980/1/2980 3517/1/3517 1404/1/1404 
f 2145/1/2145 811/1/811 810/1/810 
f 3831/1/3831 2410/1/2410 3832/1/3832 
f 1323/1/1323 2125/1/2125 182/1/182 
f 1185/1/1185 1008/1/1008 1901/1/1901 
f 3782/1/3782 1219/1/1219 4103/1/4103 
f 3782/1/3782 4103/1/4103 448/1/448 
f 2766/1/2766 1966/1/1966 2767/1/2767 
f 3695/1/3695 2560/1/2560 2574/1/2574 
f 3560/1/3560 4087/1/4087 4083/1/4083 
f 4128/1/4128 466/1/466 2673/1/2673 
f 1562/1/1562 705/1/705 704/1/704 
f 2188/1/2188 2917/1/2917 3682/1/3682 
f 842/1/842 2187/1/2187 2870/1/2870 
f 2601/1/2601 3590/1/3590 638/1/638 
f 980/1/980 734/1/734 3317/1/3317 
f 2790/1/2790 1179/1/1179 3592/1/3592 
f 4023/1/4023 1202/1/1202 2606/1/2606 
f 1933/1/1933 907/1/907 3346/1/3346 
f 3707/1/3707 4111/1/4111 2326/1/2326 
f 3688/1/3688 2301/1/2301 2666/1/2666 
f 1145/1/1145 295/1/295 1144/1/1144 
f 4024/1/4024 1013/1/1013 1015/1/1015 
f 341/1/341 3289/1/3289 458/1/458 
f 3043/1/3043 3309/1/3309 3780/1/3780 
f 740/1/740 742/1/742 3130/1/3130 
f 1799/1/1799 2272/1/2272 4060/1/4060 
f 3917/1/3917 3518/1/3518 486/1/486 
f 61/1/61 1576/1/1576 1104/1/1104 
f 1245/1/1245 3133/1/3133 1035/1/1035 
f 1678/1/1678 806/1/806 3004/1/3004 
f 3449/1/3449 2361/1/2361 3918/1/3918 
f 3802/1/3802 3801/1/3801 1431/1/1431 
f 3695/1/3695 2448/1/2448 2560/1/2560 
f 3598/1/3598 1409/1/1409 1685/1/1685 
f 3715/1/3715 3714/1/3714 3421/1/3421 
f 1582/1/1582 1721/1/1721 3174/1/3174 
f 1110/1/1110 1582/1/1582 3174/1/3174 
f 2670/1/2670 2337/1/2337 1141/1/1141 
f 2311/1/2311 3836/1/3836 2908/1/2908 
f 1110/1/1110 3566/1/3566 816/1/816 
f 3277/1/3277 3731/1/3731 243/1/243 
f 3394/1/3394 1961/1/1961 3523/1/3523 
f 2134/1/2134 4156/1/4156 3413/1/3413 
f 250/1/250 3726/1/3726 251/1/251 
f 3072/1/3072 2283/1/2283 3693/1/3693 
f 2245/1/2245 300/1/300 3352/1/3352 
f 3024/1/3024 1711/1/1711 130/1/130 
f 3358/1/3358 1647/1/1647 1038/1/1038 
f 287/1/287 2437/1/2437 288/1/288 
f 2274/1/2274 2273/1/2273 4060/1/4060 
f 2896/1/2896 2274/1/2274 4060/1/4060 
f 3350/1/3350 2587/1/2587 3089/1/3089 
f 1289/1/1289 3291/1/3291 1290/1/1290 
f 1041/1/1041 314/1/314 1808/1/1808 
f 3392/1/3392 2700/1/2700 3260/1/3260 
f 4063/1/4063 4134/1/4134 1013/1/1013 
f 3971/1/3971 3340/1/3340 2650/1/2650 
f 3095/1/3095 3937/1/3937 3085/1/3085 
f 180/1/180 1344/1/1344 3914/1/3914 
f 3996/1/3996 2867/1/2867 2645/1/2645 
f 1544/1/1544 1406/1/1406 432/1/432 
f 3298/1/3298 3297/1/3297 3532/1/3532 
f 3829/1/3829 1538/1/1538 2669/1/2669 
f 1056/1/1056 1801/1/1801 2633/1/2633 
f 1199/1/1199 3029/1/3029 1855/1/1855 
f 1111/1/1111 1583/1/1583 3552/1/3552 
f 3089/1/3089 459/1/459 3964/1/3964 
f 2959/1/2959 557/1/557 1792/1/1792 
f 1723/1/1723 1249/1/1249 485/1/485 
f 1983/1/1983 1982/1/1982 3052/1/3052 
f 1251/1/1251 403/1/403 3018/1/3018 
f 3737/1/3737 3601/1/3601 3630/1/3630 
f 2739/1/2739 3495/1/3495 2740/1/2740 
f 502/1/502 2012/1/2012 503/1/503 
f 3616/1/3616 2264/1/2264 4020/1/4020 
f 3065/1/3065 2883/1/2883 4176/1/4174 
f 2695/1/2695 2348/1/2348 1780/1/1780 
f 1779/1/1779 2695/1/2695 1780/1/1780 
f 4164/1/4164 3811/1/3811 1678/1/1678 
f 1610/1/1610 130/1/130 3051/1/3051 
f 636/1/636 2874/1/2874 4005/1/4005 
f 3578/1/3578 3259/1/3259 1232/1/1232 
f 2519/1/2519 1383/1/1383 2611/1/2611 
f 3326/1/3326 1247/1/1247 3946/1/3946 
f 2357/1/2357 2991/1/2991 3091/1/3091 
f 1445/1/1445 2888/1/2888 3536/1/3536 
f 1667/1/1667 2547/1/2547 1662/1/1662 
f 2323/1/2323 4130/1/4130 759/1/759 
f 3676/1/3676 3987/1/3987 3819/1/3819 
f 1417/1/1417 3316/1/3316 1418/1/1418 
f 1874/1/1874 761/1/761 1057/1/1057 
f 1887/1/1887 2853/1/2853 999/1/999 
f 3358/1/3358 2147/1/2147 1039/1/1039 
f 2370/1/2370 3481/1/3481 3823/1/3823 
f 2946/1/2946 2289/1/2289 2288/1/2288 
f 1436/1/1436 3853/1/3853 386/1/386 
f 3365/1/3365 1852/1/1852 1949/1/1949 
f 3349/1/3349 2925/1/2925 549/1/549 
f 2311/1/2311 3084/1/3084 3083/1/3083 
f 2982/1/2982 496/1/496 1813/1/1813 
f 3886/1/3886 2982/1/2982 1813/1/1813 
f 1566/1/1566 1565/1/1565 3387/1/3387 
f 1566/1/1566 3387/1/3387 747/1/747 
f 933/1/933 390/1/390 2898/1/2898 
f 1400/1/1400 2639/1/2639 1282/1/1282 
f 921/1/921 324/1/324 323/1/323 
f 3462/1/3462 3624/1/3624 3040/1/3040 
f 3462/1/3462 3040/1/3040 3135/1/3135 
f 3296/1/3296 3745/1/3745 3983/1/3983 
f 3567/1/3567 3200/1/3200 2007/1/2007 
f 1295/1/1295 2452/1/2452 3367/1/3367 
f 804/1/804 805/1/805 3759/1/3759 
f 2385/1/2385 878/1/878 4050/1/4050 
f 1619/1/1619 481/1/481 3554/1/3554 
f 4084/1/4084 67/1/67 1142/1/1142 
f 1029/1/1029 3364/1/3364 2051/1/2051 
f 3209/1/3209 1206/1/1206 1208/1/1208 
f 2990/1/2990 2789/1/2789 1010/1/1010 
f 4031/1/4031 3429/1/3429 2969/1/2969 
f 2526/1/2526 2525/1/2525 443/1/443 
f 358/1/358 4132/1/4132 3488/1/3488 
f 2600/1/2600 262/1/262 1418/1/1418 
f 4040/1/4040 2931/1/2931 2856/1/2856 
f 1246/1/1246 1247/1/1247 3326/1/3326 
f 990/1/990 992/1/992 1195/1/1195 
f 3137/1/3137 3781/1/3781 882/1/882 
f 1304/1/1304 4010/1/4010 1305/1/1305 
f 682/1/682 1790/1/1790 683/1/683 
f 2837/1/2837 2681/1/2681 923/1/923 
f 661/1/661 576/1/576 575/1/575 
f 4109/1/4109 3808/1/3808 3431/1/3431 
f 919/1/919 918/1/918 1604/1/1604 
f 2260/1/2260 3536/1/3536 3535/1/3535 
f 607/1/607 3205/1/3205 608/1/608 
f 522/1/522 1975/1/1975 523/1/523 
f 2925/1/2925 3349/1/3349 2402/1/2402 
f 4005/1/4005 3918/1/3918 2488/1/2488 
f 1918/1/1918 4005/1/4005 2488/1/2488 
f 2469/1/2469 561/1/561 2251/1/2251 
f 559/1/559 2469/1/2469 2251/1/2251 
f 2432/1/2432 636/1/636 655/1/655 
f 4064/1/4064 3837/1/3837 2797/1/2797 
f 4136/1/4136 4135/1/4135 3701/1/3701 
f 4031/1/4031 2793/1/2793 3429/1/3429 
f 373/1/373 2970/1/2970 374/1/374 
f 932/1/932 931/1/931 2720/1/2720 
f 3204/1/3204 3008/1/3008 3059/1/3059 
f 1357/1/1357 3852/1/3852 453/1/453 
f 3558/1/3558 313/1/313 4081/1/4081 
f 2086/1/2086 2085/1/2085 3575/1/3575 
f 2498/1/2498 1669/1/1669 559/1/559 
f 1068/1/1068 151/1/151 1069/1/1069 
f 1015/1/1015 1699/1/1699 1698/1/1698 
f 561/1/561 3232/1/3232 3665/1/3665 
f 3615/1/3615 1985/1/1985 1824/1/1824 
f 722/1/722 254/1/254 253/1/253 
f 3900/1/3900 3171/1/3171 42/1/42 
f 1846/1/1846 4183/1/4181 3482/1/3482 
f 3144/1/3144 251/1/251 2327/1/2327 
f 1967/1/1967 2392/1/2392 2920/1/2920 
f 1943/1/1943 2606/1/2606 4028/1/4028 
f 2652/1/2652 1787/1/1787 713/1/713 
f 692/1/692 1641/1/1641 4029/1/4029 
f 1748/1/1748 3824/1/3824 1749/1/1749 
f 3982/1/3982 1785/1/1785 1664/1/1664 
f 997/1/997 2751/1/2751 3293/1/3293 
f 997/1/997 3293/1/3293 3531/1/3531 
f 519/1/519 3418/1/3418 520/1/520 
f 3427/1/3427 3107/1/3107 2538/1/2538 
f 3005/1/3005 2037/1/2037 1963/1/1963 
f 2816/1/2816 3908/1/3908 2154/1/2154 
f 1656/1/1656 2932/1/2932 1657/1/1657 
f 989/1/989 1029/1/1029 1028/1/1028 
f 3589/1/3589 3124/1/3124 1540/1/1540 
f 2615/1/2615 1095/1/1095 326/1/326 
f 3820/1/3820 4081/1/4081 2581/1/2581 
f 3634/1/3634 114/1/114 111/1/111 
f 1242/1/1242 1241/1/1241 3377/1/3377 
f 2090/1/2090 3884/1/3884 2310/1/2310 
f 2413/1/2413 3227/1/3227 2397/1/2397 
f 2216/1/2216 1176/1/1176 1525/1/1525 
f 2313/1/2313 2913/1/2913 239/1/239 
f 1250/1/1250 637/1/637 655/1/655 
f 1606/1/1606 819/1/819 1607/1/1607 
f 925/1/925 392/1/392 1974/1/1974 
f 605/1/605 3154/1/3154 2862/1/2862 
f 1955/1/1955 3211/1/3211 1297/1/1297 
f 638/1/638 869/1/869 639/1/639 
f 163/1/163 162/1/162 3597/1/3597 
f 1257/1/1257 642/1/642 3738/1/3738 
f 3033/1/3033 259/1/259 3219/1/3219 
f 4041/1/4041 2339/1/2339 4065/1/4065 
f 722/1/722 253/1/253 1876/1/1876 
f 116/1/116 2520/1/2520 118/1/118 
f 3483/1/3483 125/1/125 124/1/124 
f 2411/1/2411 2637/1/2637 2033/1/2033 
f 2761/1/2761 531/1/531 26/1/26 
f 1620/1/1620 3554/1/3554 1076/1/1076 
f 3697/1/3697 3901/1/3901 3228/1/3228 
f 3037/1/3037 1493/1/1493 3650/1/3650 
f 3865/1/3865 3933/1/3933 2120/1/2120 
f 982/1/982 2961/1/2961 983/1/983 
f 3217/1/3217 1917/1/1917 4005/1/4005 
f 159/1/159 1184/1/1184 160/1/160 
f 1291/1/1291 1290/1/1290 1626/1/1626 
f 1291/1/1291 1626/1/1626 956/1/956 
f 1483/1/1483 2878/1/2878 1484/1/1484 
f 454/1/454 1151/1/1151 663/1/663 
f 153/1/153 1734/1/1734 1733/1/1733 
f 138/1/138 137/1/137 1440/1/1440 
f 1871/1/1871 138/1/138 1440/1/1440 
f 4073/1/4073 717/1/717 1744/1/1744 
f 3119/1/3119 2608/1/2608 3976/1/3976 
f 1495/1/1495 1494/1/1494 3831/1/3831 
f 2230/1/2230 711/1/711 710/1/710 
f 616/1/616 519/1/519 4059/1/4059 
f 304/1/304 3791/1/3791 1546/1/1546 
f 845/1/845 417/1/417 1298/1/1298 
f 867/1/867 2602/1/2602 1449/1/1449 
f 1047/1/1047 1046/1/1046 2131/1/2131 
f 1694/1/1694 3955/1/3955 1695/1/1695 
f 1845/1/1845 3482/1/3482 4183/1/4181 
f 3581/1/3581 466/1/466 2574/1/2574 
f 1527/1/1527 1584/1/1584 656/1/656 
f 735/1/735 3415/1/3415 2616/1/2616 
f 275/1/275 273/1/273 1723/1/1723 
f 3686/1/3686 3368/1/3368 1820/1/1820 
f 3498/1/3498 1025/1/1025 3784/1/3784 
f 3510/1/3510 3656/1/3656 3511/1/3511 
f 2646/1/2646 2202/1/2202 2484/1/2484 
f 3316/1/3316 3869/1/3869 3311/1/3311 
f 2727/1/2727 2053/1/2053 3477/1/3477 
f 3122/1/3122 3897/1/3897 3985/1/3985 
f 3972/1/3972 3689/1/3689 4179/1/4177 
f 3053/1/3053 2114/1/2114 2115/1/2115 
f 2243/1/2243 1116/1/1116 2241/1/2241 
f 2557/1/2557 2987/1/2987 1384/1/1384 
f 61/1/61 60/1/60 58/1/58 
f 741/1/741 3096/1/3096 1178/1/1178 
f 741/1/741 1178/1/1178 742/1/742 
f 2009/1/2009 978/1/978 9/1/9 
f 2711/1/2711 3830/1/3830 1171/1/1171 
f 1311/1/1311 1313/1/1313 2300/1/2300 
f 3917/1/3917 488/1/488 487/1/487 
f 629/1/629 631/1/631 2342/1/2342 
f 1543/1/1543 601/1/601 3155/1/3155 
f 1776/1/1776 887/1/887 3206/1/3206 
f 4005/1/4005 635/1/635 2496/1/2496 
f 1780/1/1780 903/1/903 238/1/238 
f 3226/1/3226 3000/1/3000 3709/1/3709 
f 359/1/359 3056/1/3056 1886/1/1886 
f 4131/1/4131 2270/1/2270 3468/1/3468 
f 1268/1/1268 490/1/490 3792/1/3792 
f 3744/1/3744 3684/1/3684 3368/1/3368 
f 3830/1/3830 1089/1/1089 1171/1/1171 
f 1548/1/1548 912/1/912 1208/1/1208 
f 2299/1/2299 49/1/49 52/1/52 
f 4174/1/4172 3514/1/3514 4034/1/4034 
f 1094/1/1094 2615/1/2615 326/1/326 
f 3105/1/3105 1094/1/1094 326/1/326 
f 1027/1/1027 3498/1/3498 664/1/664 
f 2373/1/2373 1027/1/1027 664/1/664 
f 243/1/243 2045/1/2045 659/1/659 
f 1712/1/1712 593/1/593 130/1/130 
f 1582/1/1582 816/1/816 1583/1/1583 
f 1493/1/1493 2016/1/2016 1494/1/1494 
f 4008/1/4008 3269/1/3269 1180/1/1180 
f 2990/1/2990 1339/1/1339 1338/1/1338 
f 1580/1/1580 1579/1/1579 3266/1/3266 
f 1580/1/1580 3266/1/3266 2907/1/2907 
f 560/1/560 3232/1/3232 561/1/561 
f 1429/1/1429 4087/1/4087 4019/1/4019 
f 3699/1/3699 1847/1/1847 3655/1/3655 
f 3838/1/3838 2615/1/2615 3813/1/3813 
f 1666/1/1666 2381/1/2381 1292/1/1292 
f 3119/1/3119 3976/1/3976 2833/1/2833 
f 4177/1/4175 1492/1/1492 1939/1/1939 
f 3107/1/3107 3106/1/3106 1324/1/1324 
f 776/1/776 2324/1/2324 4111/1/4111 
f 3706/1/3706 776/1/776 4111/1/4111 
f 3450/1/3450 899/1/899 3611/1/3611 
f 1047/1/1047 3450/1/3450 3611/1/3611 
f 171/1/171 334/1/334 336/1/336 
f 3072/1/3072 3071/1/3071 1768/1/1768 
f 2165/1/2165 3334/1/3334 2292/1/2292 
f 2638/1/2638 1488/1/1488 2032/1/2032 
f 3633/1/3633 4089/1/4089 3231/1/3231 
f 671/1/671 2958/1/2958 2343/1/2343 
f 2360/1/2360 3107/1/3107 3427/1/3427 
f 2933/1/2933 2935/1/2935 1762/1/1762 
f 1448/1/1448 867/1/867 1449/1/1449 
f 3717/1/3717 1852/1/1852 114/1/114 
f 3464/1/3464 3133/1/3133 1034/1/1034 
f 1243/1/1243 2579/1/2579 2357/1/2357 
f 2141/1/2141 1652/1/1652 1651/1/1651 
f 3155/1/3155 1976/1/1976 1543/1/1543 
f 3359/1/3359 555/1/555 3570/1/3570 
f 3739/1/3739 1793/1/1793 2268/1/2268 
f 2474/1/2474 3168/1/3168 1088/1/1088 
f 583/1/583 3541/1/3541 379/1/379 
f 2266/1/2266 92/1/92 1424/1/1424 
f 1892/1/1892 1342/1/1342 4005/1/4005 
f 1764/1/1764 1763/1/1763 4079/1/4079 
f 2793/1/2793 1655/1/1655 2777/1/2777 
f 257/1/257 3479/1/3479 2861/1/2861 
f 1719/1/1719 1816/1/1816 3828/1/3828 
f 1352/1/1352 369/1/369 368/1/368 
f 1352/1/1352 368/1/368 1969/1/1969 
f 1918/1/1918 637/1/637 4005/1/4005 
f 1449/1/1449 2602/1/2602 1513/1/1513 
f 696/1/696 3212/1/3212 1630/1/1630 
f 3708/1/3708 2100/1/2100 3804/1/3804 
f 1878/1/1878 3599/1/3599 1679/1/1679 
f 2082/1/2082 2680/1/2680 2626/1/2626 
f 198/1/198 3283/1/3283 18/1/18 
f 3424/1/3424 776/1/776 2326/1/2326 
f 731/1/731 3424/1/3424 2326/1/2326 
f 2958/1/2958 684/1/684 2343/1/2343 
f 1664/1/1664 1979/1/1979 3982/1/3982 
f 716/1/716 4072/1/4072 1981/1/1981 
f 3700/1/3700 1665/1/1665 630/1/630 
f 893/1/893 3785/1/3785 894/1/894 
f 65/1/65 4084/1/4084 3172/1/3172 
f 3485/1/3485 3543/1/3543 48/1/48 
f 4108/1/4108 509/1/509 3668/1/3668 
f 3754/1/3754 1178/1/1178 241/1/241 
f 1617/1/1617 1616/1/1616 985/1/985 
f 2711/1/2711 1171/1/1171 2672/1/2672 
f 3075/1/3075 580/1/580 579/1/579 
f 4184/1/4182 4151/1/4151 3060/1/3060 
f 4184/1/4182 3060/1/3060 3774/1/3774 
f 1906/1/1906 101/1/101 787/1/787 
f 657/1/657 1585/1/1585 655/1/655 
f 1674/1/1674 211/1/211 213/1/213 
f 1724/1/1724 1586/1/1586 1588/1/1588 
f 3793/1/3793 1080/1/1080 1590/1/1590 
f 1719/1/1719 990/1/990 1817/1/1817 
f 4133/1/4133 3656/1/3656 3510/1/3510 
f 2210/1/2210 3301/1/3301 2840/1/2840 
f 3962/1/3962 2640/1/2640 992/1/992 
f 1166/1/1166 3658/1/3658 2843/1/2843 
f 3388/1/3388 1667/1/1667 1662/1/1662 
f 1390/1/1390 1375/1/1375 1374/1/1374 
f 3964/1/3964 3434/1/3434 3089/1/3089 
f 215/1/215 2014/1/2014 2483/1/2483 
f 4103/1/4103 1633/1/1633 2453/1/2453 
f 1498/1/1498 1497/1/1497 383/1/383 
f 1019/1/1019 3205/1/3205 607/1/607 
f 3705/1/3705 1033/1/1033 2220/1/2220 
f 2002/1/2002 2402/1/2402 2003/1/2003 
f 801/1/801 3394/1/3394 3933/1/3933 
f 3269/1/3269 241/1/241 1178/1/1178 
f 2035/1/2035 3835/1/3835 2036/1/2036 
f 4144/1/4144 2174/1/2174 1653/1/1653 
f 3417/1/3417 378/1/378 4112/1/4112 
f 1893/1/1893 3027/1/3027 1894/1/1894 
f 3798/1/3798 1432/1/1432 3799/1/3799 
f 700/1/700 1093/1/1093 1455/1/1455 
f 4139/1/4139 4027/1/4027 2972/1/2972 
f 968/1/968 967/1/967 1783/1/1783 
f 3729/1/3729 2298/1/2298 3039/1/3039 
f 2034/1/2034 2268/1/2268 2963/1/2963 
f 3769/1/3769 1838/1/1838 1840/1/1840 
f 562/1/562 4048/1/4048 563/1/563 
f 744/1/744 2186/1/2186 877/1/877 
f 744/1/744 877/1/877 3469/1/3469 
f 172/1/172 1151/1/1151 2872/1/2872 
f 1942/1/1942 1606/1/1606 4028/1/4028 
f 2057/1/2057 1112/1/1112 2058/1/2058 
f 2954/1/2954 2924/1/2924 3176/1/3176 
f 1193/1/1193 1195/1/1195 992/1/992 
f 1027/1/1027 2373/1/2373 3784/1/3784 
f 4177/1/4175 1490/1/1490 1492/1/1492 
f 3758/1/3758 3392/1/3392 3259/1/3259 
f 1523/1/1523 518/1/518 2656/1/2656 
f 722/1/722 3708/1/3708 2866/1/2866 
f 2233/1/2233 4013/1/4013 2461/1/2461 
f 1463/1/1463 2746/1/2746 1464/1/1464 
f 3689/1/3689 2520/1/2520 4179/1/4177 
f 681/1/681 2748/1/2748 679/1/679 
f 1779/1/1779 2256/1/2256 3058/1/3058 
f 1302/1/1302 1994/1/1994 2093/1/2093 
f 1751/1/1751 2133/1/2133 2414/1/2414 
f 1751/1/1751 2414/1/2414 3270/1/3270 
f 367/1/367 828/1/828 4047/1/4047 
f 3620/1/3620 2576/1/2576 2450/1/2450 
f 3272/1/3272 145/1/145 1514/1/1514 
f 1842/1/1842 2997/1/2997 1890/1/1890 
f 3038/1/3038 1102/1/1102 3314/1/3314 
f 3501/1/3501 1605/1/1605 3643/1/3643 
f 1697/1/1697 2221/1/2221 3484/1/3484 
f 1334/1/1334 838/1/838 2689/1/2689 
f 3150/1/3150 1829/1/1829 1831/1/1831 
f 961/1/961 960/1/960 3880/1/3880 
f 3044/1/3044 1007/1/1007 1851/1/1851 
f 1178/1/1178 2533/1/2533 742/1/742 
f 931/1/931 3788/1/3788 2720/1/2720 
f 4180/1/4178 2743/1/2743 4178/1/4176 
f 1106/1/1106 2899/1/2899 617/1/617 
f 3891/1/3891 3464/1/3464 2193/1/2193 
f 2663/1/2663 2287/1/2287 2808/1/2808 
f 2207/1/2207 3697/1/3697 4097/1/4097 
f 1002/1/1002 876/1/876 3734/1/3734 
f 2912/1/2912 3532/1/3532 4143/1/4143 
f 1389/1/1389 826/1/826 825/1/825 
f 3180/1/3180 337/1/337 2108/1/2108 
f 2317/1/2317 129/1/129 4123/1/4123 
f 3994/1/3994 950/1/950 1536/1/1536 
f 1752/1/1752 2168/1/2168 3270/1/3270 
f 3745/1/3745 1490/1/1490 4177/1/4175 
f 1692/1/1692 1651/1/1651 1653/1/1653 
f 3877/1/3877 3022/1/3022 4150/1/4150 
f 490/1/490 1589/1/1589 377/1/377 
f 3533/1/3533 3534/1/3534 3178/1/3178 
f 343/1/343 2395/1/2395 2397/1/2397 
f 345/1/345 3464/1/3464 1034/1/1034 
f 62/1/62 3844/1/3844 3789/1/3789 
f 2542/1/2542 345/1/345 2248/1/2248 
f 3142/1/3142 3113/1/3113 3143/1/3143 
f 2995/1/2995 1446/1/1446 1445/1/1445 
f 1293/1/1293 682/1/682 879/1/879 
f 724/1/724 723/1/723 2386/1/2386 
f 4035/1/4035 1765/1/1765 1745/1/1745 
f 2887/1/2887 442/1/442 3192/1/3192 
f 63/1/63 3401/1/3401 856/1/856 
f 2413/1/2413 2167/1/2167 3010/1/3010 
f 2256/1/2256 2255/1/2255 3327/1/3327 
f 1623/1/1623 626/1/626 1316/1/1316 
f 3982/1/3982 3438/1/3438 2854/1/2854 
f 3638/1/3638 3394/1/3394 801/1/801 
f 1031/1/1031 2172/1/2172 2068/1/2068 
f 450/1/450 1546/1/1546 3712/1/3712 
f 1490/1/1490 3188/1/3188 279/1/279 
f 2277/1/2277 1490/1/1490 279/1/279 
f 4071/1/4071 2484/1/2484 3994/1/3994 
f 1166/1/1166 884/1/884 2103/1/2103 
f 3845/1/3845 1021/1/1021 1023/1/1023 
f 938/1/938 3187/1/3187 3915/1/3915 
f 186/1/186 938/1/938 3915/1/3915 
f 1827/1/1827 3951/1/3951 1828/1/1828 
f 1454/1/1454 2787/1/2787 3962/1/3962 
f 2662/1/2662 2288/1/2288 2287/1/2287 
f 1642/1/1642 690/1/690 3619/1/3619 
f 1785/1/1785 2854/1/2854 171/1/171 
f 3783/1/3783 3366/1/3366 2801/1/2801 
f 2889/1/2889 942/1/942 2890/1/2890 
f 1377/1/1377 227/1/227 511/1/511 
f 2553/1/2553 122/1/122 292/1/292 
f 3105/1/3105 2747/1/2747 2615/1/2615 
f 409/1/409 1551/1/1551 2565/1/2565 
f 409/1/409 2565/1/2565 3023/1/3023 
f 33/1/33 1154/1/1154 792/1/792 
f 2461/1/2461 2409/1/2409 2612/1/2612 
f 2734/1/2734 2736/1/2736 4049/1/4049 
f 2734/1/2734 4049/1/4049 4046/1/4046 
f 3085/1/3085 3448/1/3448 2135/1/2135 
f 3509/1/3509 3781/1/3781 4013/1/4013 
f 2786/1/2786 1271/1/1271 1259/1/1259 
f 4134/1/4134 3374/1/3374 4119/1/4119 
f 110/1/110 1012/1/1012 1284/1/1284 
f 3419/1/3419 2577/1/2577 2947/1/2947 
f 944/1/944 2152/1/2152 507/1/507 
f 1818/1/1818 1820/1/1820 2305/1/2305 
f 829/1/829 409/1/409 2447/1/2447 
f 339/1/339 2604/1/2604 3550/1/3550 
f 2719/1/2719 3757/1/3757 1823/1/1823 
f 823/1/823 2377/1/2377 3390/1/3390 
f 3869/1/3869 2288/1/2288 3987/1/3987 
f 1550/1/1550 912/1/912 1207/1/1207 
f 1724/1/1724 1550/1/1550 1207/1/1207 
f 1056/1/1056 2633/1/2633 3923/1/3923 
f 3790/1/3790 2691/1/2691 2693/1/2693 
f 3237/1/3237 1374/1/1374 1373/1/1373 
f 3487/1/3487 1674/1/1674 3057/1/3057 
f 444/1/444 4161/1/4161 445/1/445 
f 1609/1/1609 1322/1/1322 1610/1/1610 
f 2583/1/2583 3370/1/3370 3369/1/3369 
f 2883/1/2883 4021/1/4021 4176/1/4174 
f 674/1/674 673/1/673 438/1/438 
f 817/1/817 1583/1/1583 2295/1/2295 
f 1184/1/1184 889/1/889 2699/1/2699 
f 3987/1/3987 2578/1/2578 3819/1/3819 
f 4040/1/4040 3733/1/3733 2932/1/2932 
f 140/1/140 142/1/142 3699/1/3699 
f 1700/1/1700 1699/1/1699 2590/1/2590 
f 3992/1/3992 3359/1/3359 3362/1/3362 
f 530/1/530 3663/1/3663 285/1/285 
f 530/1/530 285/1/285 528/1/528 
f 3346/1/3346 3173/1/3173 1933/1/1933 
f 578/1/578 4110/1/4110 2351/1/2351 
f 2256/1/2256 1265/1/1265 2254/1/2254 
f 2245/1/2245 2806/1/2806 301/1/301 
f 3533/1/3533 3178/1/3178 3476/1/3476 
f 3869/1/3869 1115/1/1115 3902/1/3902 
f 1864/1/1864 3537/1/3537 2891/1/2891 
f 2206/1/2206 869/1/869 3228/1/3228 
f 1262/1/1262 1311/1/1311 2354/1/2354 
f 2606/1/2606 1202/1/1202 3456/1/3456 
f 866/1/866 1635/1/1635 1637/1/1637 
f 2356/1/2356 1243/1/1243 2357/1/2357 
f 370/1/370 3393/1/3393 371/1/371 
f 3699/1/3699 142/1/142 3124/1/3124 
f 2271/1/2271 4131/1/4131 406/1/406 
f 949/1/949 951/1/951 4115/1/4115 
f 2857/1/2857 3208/1/3208 2875/1/2875 
f 1303/1/1303 2094/1/2094 1701/1/1701 
f 1625/1/1625 957/1/957 956/1/956 
f 3776/1/3776 3775/1/3775 4061/1/4061 
f 3771/1/3771 2309/1/2309 3457/1/3457 
f 3971/1/3971 2650/1/2650 3174/1/3174 
f 3/1/3 1673/1/1673 6/1/6 
f 217/1/217 141/1/141 3699/1/3699 
f 1371/1/1371 2980/1/2980 1227/1/1227 
f 3654/1/3654 1600/1/1600 1309/1/1309 
f 1772/1/1772 1774/1/1774 3945/1/3945 
f 2018/1/2018 1615/1/1615 2017/1/2017 
f 56/1/56 54/1/54 4117/1/4117 
f 2657/1/2657 4176/1/4174 4021/1/4021 
f 33/1/33 2914/1/2914 2953/1/2953 
f 2647/1/2647 2151/1/2151 1693/1/1693 
f 1046/1/1046 1076/1/1076 2132/1/2132 
f 1894/1/1894 1199/1/1199 1198/1/1198 
f 853/1/853 1862/1/1862 356/1/356 
f 3607/1/3607 853/1/853 356/1/356 
f 2072/1/2072 3548/1/3548 793/1/793 
f 33/1/33 2072/1/2072 793/1/793 
f 723/1/723 2815/1/2815 2386/1/2386 
f 3646/1/3646 2849/1/2849 553/1/553 
f 2163/1/2163 1286/1/1286 2745/1/2745 
f 2460/1/2460 2459/1/2459 3539/1/3539 
f 229/1/229 231/1/231 3854/1/3854 
f 4161/1/4161 3967/1/3967 3921/1/3921 
f 3276/1/3276 464/1/464 2233/1/2233 
f 217/1/217 3699/1/3699 3710/1/3710 
f 1770/1/1770 1880/1/1880 3120/1/3120 
f 314/1/314 1042/1/1042 1895/1/1895 
f 380/1/380 4175/1/4173 3989/1/3989 
f 3719/1/3719 3818/1/3818 3126/1/3126 
f 527/1/527 1394/1/1394 665/1/665 
f 709/1/709 774/1/774 1686/1/1686 
f 2622/1/2622 3390/1/3390 4054/1/4054 
f 4042/1/4042 4044/1/4044 953/1/953 
f 3896/1/3896 3897/1/3897 3122/1/3122 
f 1066/1/1066 519/1/519 616/1/616 
f 3833/1/3833 14/1/14 16/1/16 
f 2749/1/2749 1139/1/1139 1138/1/1138 
f 3457/1/3457 470/1/470 3871/1/3871 
f 567/1/567 2927/1/2927 3539/1/3539 
f 1168/1/1168 3744/1/3744 3685/1/3685 
f 180/1/180 3304/1/3304 1332/1/1332 
f 2838/1/2838 1757/1/1757 848/1/848 
f 1339/1/1339 2990/1/2990 1726/1/1726 
f 2780/1/2780 573/1/573 2781/1/2781 
f 233/1/233 3540/1/3540 3678/1/3678 
f 169/1/169 2855/1/2855 393/1/393 
f 1989/1/1989 3004/1/3004 3447/1/3447 
f 2195/1/2195 4057/1/4057 2066/1/2066 
f 3761/1/3761 469/1/469 3762/1/3762 
f 2151/1/2151 1694/1/1694 1693/1/1693 
f 1472/1/1472 2558/1/2558 3027/1/3027 
f 1732/1/1732 3474/1/3474 3184/1/3184 
f 1390/1/1390 3237/1/3237 1373/1/1373 
f 1045/1/1045 4163/1/4163 1579/1/1579 
f 2946/1/2946 1865/1/1865 3149/1/3149 
f 1543/1/1543 2290/1/2290 601/1/601 
f 3893/1/3893 2685/1/2685 2687/1/2687 
f 4021/1/4021 758/1/758 3957/1/3957 
f 2190/1/2190 1407/1/1407 2858/1/2858 
f 1407/1/1407 699/1/699 2858/1/2858 
f 1074/1/1074 3468/1/3468 1075/1/1075 
f 1958/1/1958 2907/1/2907 2906/1/2906 
f 4163/1/4163 1958/1/1958 2906/1/2906 
f 1755/1/1755 123/1/123 1732/1/1732 
f 22/1/22 2492/1/2492 19/1/19 
f 3010/1/3010 2167/1/2167 369/1/369 
f 1190/1/1190 1532/1/1532 1191/1/1191 
f 2706/1/2706 210/1/210 1315/1/1315 
f 816/1/816 1111/1/1111 1110/1/1110 
f 1875/1/1875 1057/1/1057 2634/1/2634 
f 837/1/837 2474/1/2474 1087/1/1087 
f 2413/1/2413 2414/1/2414 2167/1/2167 
f 2443/1/2443 1777/1/1777 1289/1/1289 
f 1800/1/1800 1803/1/1803 3671/1/3671 
f 1393/1/1393 3099/1/3099 2427/1/2427 
f 3151/1/3151 1820/1/1820 3368/1/3368 
f 2255/1/2255 3809/1/3809 3411/1/3411 
f 1559/1/1559 1971/1/1971 3778/1/3778 
f 2195/1/2195 4058/1/4058 3648/1/3648 
f 1690/1/1690 3371/1/3371 2818/1/2818 
f 2474/1/2474 3752/1/3752 1087/1/1087 
f 3225/1/3225 4137/1/4137 2623/1/2623 
f 3524/1/3524 3883/1/3883 2886/1/2886 
f 1648/1/1648 3093/1/3093 3783/1/3783 
f 3256/1/3256 2734/1/2734 3949/1/3949 
f 598/1/598 2898/1/2898 599/1/599 
f 2036/1/2036 968/1/968 1783/1/1783 
f 955/1/955 2368/1/2368 1625/1/1625 
f 2596/1/2596 2035/1/2035 3286/1/3286 
f 4158/1/4158 2915/1/2915 3493/1/3493 
f 540/1/540 4158/1/4158 3493/1/3493 
f 3905/1/3905 3974/1/3974 4067/1/4067 
f 1062/1/1062 1064/1/1064 1269/1/1269 
f 3674/1/3674 1756/1/1756 3397/1/3397 
f 2732/1/2732 4138/1/4138 2973/1/2973 
f 3339/1/3339 1776/1/1776 886/1/886 
f 3634/1/3634 3717/1/3717 114/1/114 
f 4175/1/4173 3541/1/3541 2056/1/2056 
f 2710/1/2710 2709/1/2709 206/1/206 
f 1882/1/1882 774/1/774 2029/1/2029 
f 1469/1/1469 3920/1/3920 1470/1/1470 
f 593/1/593 4141/1/4141 131/1/131 
f 4118/1/4118 383/1/383 4015/1/4015 
f 3807/1/3807 246/1/246 2046/1/2046 
f 2004/1/2004 285/1/285 224/1/224 
f 2004/1/2004 224/1/224 1287/1/1287 
f 3968/1/3968 404/1/404 1882/1/1882 
f 3968/1/3968 1882/1/1882 1074/1/1074 
f 2740/1/2740 3727/1/3727 951/1/951 
f 61/1/61 3773/1/3773 3850/1/3850 
f 3803/1/3803 2795/1/2795 2039/1/2039 
f 713/1/713 289/1/289 2438/1/2438 
f 3883/1/3883 1599/1/1599 4062/1/4062 
f 1640/1/1640 1587/1/1587 1548/1/1548 
f 3731/1/3731 1527/1/1527 245/1/245 
f 2416/1/2416 3958/1/3958 2417/1/2417 
f 562/1/562 564/1/564 4075/1/4075 
f 775/1/775 3424/1/3424 2325/1/2325 
f 2148/1/2148 2773/1/2773 2536/1/2536 
f 31/1/31 1659/1/1659 2789/1/2789 
f 4151/1/4151 4184/1/4182 3774/1/3774 
f 3591/1/3591 3899/1/3899 1703/1/1703 
f 2587/1/2587 3728/1/3728 946/1/946 
f 3879/1/3879 1420/1/1420 3007/1/3007 
f 1363/1/1363 2690/1/2690 1710/1/1710 
f 3845/1/3845 4133/1/4133 1021/1/1021 
f 972/1/972 11/1/11 973/1/973 
f 2508/1/2508 802/1/802 2509/1/2509 
f 3876/1/3876 2267/1/2267 3393/1/3393 
f 2482/1/2482 1481/1/1481 1002/1/1002 
f 2482/1/2482 1002/1/1002 3977/1/3977 
f 1902/1/1902 1009/1/1009 1165/1/1165 
f 1572/1/1572 2476/1/2476 2105/1/2105 
f 3723/1/3723 3428/1/3428 3261/1/3261 
f 2208/1/2208 348/1/348 255/1/255 
f 2314/1/2314 2679/1/2679 2312/1/2312 
f 1922/1/1922 2999/1/2999 2049/1/2049 
f 1923/1/1923 1922/1/1922 2049/1/2049 
f 3445/1/3445 2302/1/2302 2523/1/2523 
f 4095/1/4095 378/1/378 377/1/377 
f 1200/1/1200 3223/1/3223 2441/1/2441 
f 2093/1/2093 398/1/398 3036/1/3036 
f 1326/1/1326 3515/1/3515 1325/1/1325 
f 4082/1/4082 755/1/755 754/1/754 
f 3033/1/3033 2651/1/2651 259/1/259 
f 2737/1/2737 3617/1/3617 1443/1/1443 
f 2639/1/2639 2515/1/2515 204/1/204 
f 3806/1/3806 3623/1/3623 2181/1/2181 
f 2174/1/2174 3732/1/3732 1153/1/1153 
f 306/1/306 2466/1/2466 2399/1/2399 
f 2069/1/2069 2324/1/2324 780/1/780 
f 4097/1/4097 3697/1/3697 3117/1/3117 
f 808/1/808 807/1/807 2102/1/2102 
f 2794/1/2794 2039/1/2039 957/1/957 
f 3413/1/3413 1681/1/1681 1680/1/1680 
f 1176/1/1176 3731/1/3731 3277/1/3277 
f 267/1/267 268/1/268 1776/1/1776 
f 554/1/554 2179/1/2179 3959/1/3959 
f 984/1/984 3000/1/3000 668/1/668 
f 3656/1/3656 3196/1/3196 554/1/554 
f 206/1/206 2956/1/2956 2898/1/2898 
f 2142/1/2142 896/1/896 109/1/109 
f 4050/1/4050 3009/1/3009 924/1/924 
f 3020/1/3020 1432/1/1432 3798/1/3798 
f 4076/1/4076 3408/1/3408 3258/1/3258 
f 3747/1/3747 2298/1/2298 3729/1/3729 
f 2722/1/2722 2688/1/2688 2689/1/2689 
f 819/1/819 3996/1/3996 820/1/820 
f 290/1/290 2680/1/2680 291/1/291 
f 1763/1/1763 2858/1/2858 420/1/420 
f 2483/1/2483 2014/1/2014 2013/1/2013 
f 1342/1/1342 1341/1/1341 2900/1/2900 
f 552/1/552 551/1/551 1988/1/1988 
f 552/1/552 1988/1/1988 145/1/145 
f 2112/1/2112 429/1/429 3305/1/3305 
f 1242/1/1242 2356/1/2356 3490/1/3490 
f 1355/1/1355 1158/1/1158 1431/1/1431 
f 3789/1/3789 2691/1/2691 3790/1/3790 
f 1243/1/1243 1242/1/1242 3490/1/3490 
f 2107/1/2107 3180/1/3180 4154/1/4154 
f 3821/1/3821 3720/1/3720 1466/1/1466 
f 2020/1/2020 2994/1/2994 694/1/694 
f 313/1/313 3369/1/3369 4081/1/4081 
f 3346/1/3346 907/1/907 1143/1/1143 
f 4182/1/4180 4161/1/4161 3921/1/3921 
f 406/1/406 708/1/708 774/1/774 
f 892/1/892 2968/1/2968 1126/1/1126 
f 2621/1/2621 3768/1/3768 3825/1/3825 
f 3958/1/3958 555/1/555 3992/1/3992 
f 3218/1/3218 2730/1/2730 750/1/750 
f 2167/1/2167 1751/1/1751 3270/1/3270 
f 1756/1/1756 1757/1/1757 3352/1/3352 
f 1552/1/1552 2565/1/2565 1553/1/1553 
f 3572/1/3572 2653/1/2653 350/1/350 
f 3633/1/3633 3717/1/3717 3634/1/3634 
f 4167/1/4167 2209/1/2209 1403/1/1403 
f 2534/1/2534 1849/1/1849 786/1/786 
f 744/1/744 2532/1/2532 2141/1/2141 
f 3101/1/3101 744/1/744 2141/1/2141 
f 3839/1/3839 1354/1/1354 605/1/605 
f 2201/1/2201 44/1/44 2418/1/2418 
f 29/1/29 31/1/31 2710/1/2710 
f 2573/1/2573 435/1/435 1100/1/1100 
f 2966/1/2966 3504/1/3504 2967/1/2967 
f 3509/1/3509 2996/1/2996 1842/1/1842 
f 2731/1/2731 3509/1/3509 1842/1/1842 
f 22/1/22 1885/1/1885 1884/1/1884 
f 341/1/341 1812/1/1812 3289/1/3289 
f 408/1/408 3023/1/3023 2447/1/2447 
f 4026/1/4026 3764/1/3764 700/1/700 
f 3422/1/3422 2569/1/2569 2568/1/2568 
f 2681/1/2681 2911/1/2911 1149/1/1149 
f 1849/1/1849 1848/1/1848 784/1/784 
f 3499/1/3499 3313/1/3313 4050/1/4050 
f 3499/1/3499 4050/1/4050 924/1/924 
f 1002/1/1002 3734/1/3734 878/1/878 
f 3969/1/3969 3761/1/3761 3166/1/3166 
f 3584/1/3584 2718/1/2718 1822/1/1822 
f 608/1/608 3522/1/3522 2031/1/2031 
f 437/1/437 3605/1/3605 4147/1/4147 
f 3460/1/3460 3080/1/3080 851/1/851 
f 2082/1/2082 306/1/306 1659/1/1659 
f 1415/1/1415 2644/1/2644 2510/1/2510 
f 1748/1/1748 1750/1/1750 3049/1/3049 
f 4165/1/4165 3495/1/3495 235/1/235 
f 2391/1/2391 1667/1/1667 4002/1/4002 
f 2284/1/2284 2338/1/2338 1978/1/1978 
f 1136/1/1136 1138/1/1138 4076/1/4076 
f 1136/1/1136 4076/1/4076 3197/1/3197 
f 3551/1/3551 1074/1/1074 1073/1/1073 
f 601/1/601 1542/1/1542 3156/1/3156 
f 3822/1/3822 438/1/438 1006/1/1006 
f 3222/1/3222 3015/1/3015 3017/1/3017 
f 205/1/205 922/1/922 1737/1/1737 
f 1016/1/1016 983/1/983 2960/1/2960 
f 1732/1/1732 3907/1/3907 3474/1/3474 
f 1148/1/1148 3693/1/3693 2283/1/2283 
f 511/1/511 1376/1/1376 1377/1/1377 
f 412/1/412 2886/1/2886 1446/1/1446 
f 2358/1/2358 972/1/972 2359/1/2359 
f 961/1/961 3880/1/3880 2827/1/2827 
f 1985/1/1985 4146/1/4146 2199/1/2199 
f 2143/1/2143 1447/1/1447 896/1/896 
f 3867/1/3867 1103/1/1103 3755/1/3755 
f 1823/1/1823 1822/1/1822 2719/1/2719 
f 2907/1/2907 1581/1/1581 1580/1/1580 
f 4163/1/4163 2906/1/2906 1579/1/1579 
f 1737/1/1737 2585/1/2585 2648/1/2648 
f 1993/1/1993 3872/1/3872 4020/1/4020 
f 3862/1/3862 3963/1/3963 3003/1/3003 
f 2797/1/2797 2799/1/2799 4007/1/4007 
f 2628/1/2628 2715/1/2715 2292/1/2292 
f 2649/1/2649 1577/1/1577 3592/1/3592 
f 1720/1/1720 3929/1/3929 1816/1/1816 
f 397/1/397 1028/1/1028 1909/1/1909 
f 166/1/166 167/1/167 1226/1/1226 
f 1640/1/1640 1639/1/1639 3912/1/3912 
f 2041/1/2041 3396/1/3396 1561/1/1561 
f 2347/1/2347 3207/1/3207 3965/1/3965 
f 1176/1/1176 1524/1/1524 1527/1/1527 
f 2409/1/2409 2792/1/2792 2681/1/2681 
f 2409/1/2409 2681/1/2681 2837/1/2837 
f 3944/1/3944 3460/1/3460 850/1/850 
f 3489/1/3489 236/1/236 235/1/235 
f 1237/1/1237 596/1/596 1238/1/1238 
f 211/1/211 533/1/533 3079/1/3079 
f 3780/1/3780 3310/1/3310 3679/1/3679 
f 2034/1/2034 3129/1/3129 2398/1/2398 
f 2605/1/2605 4023/1/4023 2606/1/2606 
f 860/1/860 2493/1/2493 861/1/861 
f 3365/1/3365 4089/1/4089 3633/1/3633 
f 4078/1/4078 3097/1/3097 3087/1/3087 
f 3311/1/3311 3869/1/3869 3987/1/3987 
f 1638/1/1638 3348/1/3348 2943/1/2943 
f 2080/1/2080 1254/1/1254 902/1/902 
f 2004/1/2004 530/1/530 225/1/225 
f 2004/1/2004 225/1/225 528/1/528 
f 860/1/860 3187/1/3187 2493/1/2493 
f 3070/1/3070 1716/1/1716 3071/1/3071 
f 3170/1/3170 2902/1/2902 3171/1/3171 
f 487/1/487 486/1/486 3562/1/3562 
f 2412/1/2412 2178/1/2178 3641/1/3641 
f 1037/1/1037 1762/1/1762 74/1/74 
f 2915/1/2915 3492/1/3492 2930/1/2930 
f 3962/1/3962 2787/1/2787 2786/1/2786 
f 1799/1/1799 3045/1/3045 3325/1/3325 
f 170/1/170 2854/1/2854 3439/1/3439 
f 3348/1/3348 3220/1/3220 1640/1/1640 
f 1938/1/1938 3753/1/3753 3008/1/3008 
f 3289/1/3289 2982/1/2982 3886/1/3886 
f 1750/1/1750 2423/1/2423 3049/1/3049 
f 3101/1/3101 241/1/241 3087/1/3087 
f 2655/1/2655 4182/1/4180 3921/1/3921 
f 2760/1/2760 262/1/262 261/1/261 
f 120/1/120 119/1/119 1048/1/1048 
f 3895/1/3895 3595/1/3595 3594/1/3594 
f 721/1/721 2866/1/2866 2100/1/2100 
f 3372/1/3372 4035/1/4035 1747/1/1747 
f 1540/1/1540 3710/1/3710 1624/1/1624 
f 1540/1/1540 1624/1/1624 626/1/626 
f 1409/1/1409 505/1/505 3134/1/3134 
f 3571/1/3571 3768/1/3768 2621/1/2621 
f 3539/1/3539 1323/1/1323 3756/1/3756 
f 3237/1/3237 1390/1/1390 2707/1/2707 
f 1986/1/1986 1826/1/1826 1825/1/1825 
f 1942/1/1942 4028/1/4028 2606/1/2606 
f 583/1/583 99/1/99 3497/1/3497 
f 2920/1/2920 1913/1/1913 1915/1/1915 
f 1192/1/1192 2614/1/2614 2321/1/2321 
f 2781/1/2781 572/1/572 2960/1/2960 
f 2781/1/2781 2960/1/2960 2961/1/2961 
f 648/1/648 3006/1/3006 3001/1/3001 
f 1569/1/1569 1571/1/1571 3561/1/3561 
f 493/1/493 1111/1/1111 3552/1/3552 
f 1283/1/1283 3651/1/3651 2298/1/2298 
f 3551/1/3551 774/1/774 1882/1/1882 
f 404/1/404 3551/1/3551 1882/1/1882 
f 2272/1/2272 1799/1/1799 2273/1/2273 
f 3448/1/3448 729/1/729 3954/1/3954 
f 3008/1/3008 3058/1/3058 3059/1/3059 
f 1212/1/1212 1662/1/1662 2747/1/2747 
f 2387/1/2387 2238/1/2238 3230/1/3230 
f 3362/1/3362 2458/1/2458 3420/1/3420 
f 1671/1/1671 3468/1/3468 3013/1/3013 
f 1231/1/1231 1233/1/1233 2687/1/2687 
f 3032/1/3032 2205/1/2205 124/1/124 
f 892/1/892 1654/1/1654 2968/1/2968 
f 3816/1/3816 83/1/83 86/1/86 
f 2579/1/2579 1435/1/1435 2846/1/2846 
f 2579/1/2579 2846/1/2846 2357/1/2357 
f 1523/1/1523 2656/1/2656 1622/1/1622 
f 1048/1/1048 1505/1/1505 1506/1/1506 
f 1048/1/1048 1506/1/1506 1815/1/1815 
f 3809/1/3809 2254/1/2254 2944/1/2944 
f 1223/1/1223 1225/1/1225 3950/1/3950 
f 2758/1/2758 2041/1/2041 517/1/517 
f 3403/1/3403 3856/1/3856 3404/1/3404 
f 3920/1/3920 3919/1/3919 4126/1/4126 
f 3956/1/3956 2172/1/2172 3763/1/3763 
f 2242/1/2242 1117/1/1117 2549/1/2549 
f 3157/1/3157 2242/1/2242 2549/1/2549 
f 1455/1/1455 2223/1/2223 2449/1/2449 
f 2054/1/2054 2727/1/2727 3239/1/3239 
f 2054/1/2054 3239/1/3239 2897/1/2897 
f 1798/1/1798 43/1/43 2902/1/2902 
f 322/1/322 3148/1/3148 3953/1/3953 
f 3579/1/3579 2253/1/2253 4142/1/4142 
f 2921/1/2921 2922/1/2922 3703/1/3703 
f 3092/1/3092 4167/1/4167 1403/1/1403 
f 804/1/804 739/1/739 1058/1/1058 
f 2644/1/2644 2007/1/2007 2510/1/2510 
f 3142/1/3142 2089/1/2089 3113/1/3113 
f 2943/1/2943 1549/1/1549 1548/1/1548 
f 2438/1/2438 2437/1/2437 714/1/714 
f 3182/1/3182 334/1/334 3439/1/3439 
f 2028/1/2028 122/1/122 3088/1/3088 
f 2528/1/2528 2636/1/2636 776/1/776 
f 2650/1/2650 3748/1/3748 3174/1/3174 
f 930/1/930 932/1/932 3944/1/3944 
f 493/1/493 3174/1/3174 3175/1/3175 
f 2353/1/2353 1312/1/1312 1311/1/1311 
f 3469/1/3469 2398/1/2398 2532/1/2532 
f 3978/1/3978 3845/1/3845 1023/1/1023 
f 1077/1/1077 714/1/714 2041/1/2041 
f 788/1/788 2916/1/2916 100/1/100 
f 3033/1/3033 2250/1/2250 1508/1/1508 
f 2698/1/2698 3186/1/3186 859/1/859 
f 895/1/895 2141/1/2141 241/1/241 
f 237/1/237 993/1/993 2636/1/2636 
f 3242/1/3242 3306/1/3306 4007/1/4007 
f 4119/1/4119 3379/1/3379 2156/1/2156 
f 4119/1/4119 2156/1/2156 2155/1/2155 
f 1094/1/1094 355/1/355 2615/1/2615 
f 3627/1/3627 1150/1/1150 4100/1/4100 
f 884/1/884 3657/1/3657 1902/1/1902 
f 2843/1/2843 884/1/884 1902/1/1902 
f 1037/1/1037 400/1/400 815/1/815 
f 2690/1/2690 2496/1/2496 1710/1/1710 
f 1658/1/1658 1550/1/1550 911/1/911 
f 2817/1/2817 3840/1/3840 2257/1/2257 
f 2261/1/2261 1375/1/1375 1390/1/1390 
f 1373/1/1373 2261/1/2261 1390/1/1390 
f 3446/1/3446 994/1/994 236/1/236 
f 2236/1/2236 521/1/521 3179/1/3179 
f 1584/1/1584 2432/1/2432 655/1/655 
f 4039/1/4039 1174/1/1174 612/1/612 
f 2017/1/2017 772/1/772 771/1/771 
f 3399/1/3399 2480/1/2480 3400/1/3400 
f 3575/1/3575 3786/1/3786 3383/1/3383 
f 387/1/387 3234/1/3234 1921/1/1921 
f 393/1/393 1220/1/1220 1222/1/1222 
f 3117/1/3117 4068/1/4068 491/1/491 
f 2896/1/2896 3045/1/3045 44/1/44 
f 2274/1/2274 2896/1/2896 44/1/44 
f 1412/1/1412 3767/1/3767 1413/1/1413 
f 741/1/741 744/1/744 3754/1/3754 
f 3625/1/3625 3313/1/3313 724/1/724 
f 983/1/983 3216/1/3216 1924/1/1924 
f 983/1/983 1924/1/1924 981/1/981 
f 2592/1/2592 2370/1/2370 2593/1/2593 
f 4017/1/4017 1087/1/1087 3751/1/3751 
f 3751/1/3751 1087/1/1087 3752/1/3752 
f 2696/1/2696 1543/1/1543 1542/1/1542 
f 3400/1/3400 3530/1/3530 3092/1/3092 
f 1609/1/1609 2761/1/2761 2379/1/2379 
f 3767/1/3767 3973/1/3973 3577/1/3577 
f 509/1/509 3666/1/3666 3668/1/3668 
f 4051/1/4051 4127/1/4127 3786/1/3786 
f 3295/1/3295 1020/1/1020 3296/1/3296 
f 2827/1/2827 1193/1/1193 1501/1/1501 
f 705/1/705 1562/1/1562 514/1/514 
f 3405/1/3405 1276/1/1276 123/1/123 
f 1586/1/1586 1640/1/1640 1548/1/1548 
f 177/1/177 416/1/416 415/1/415 
f 2058/1/2058 1112/1/1112 1460/1/1460 
f 3908/1/3908 2816/1/2816 872/1/872 
f 2678/1/2678 3236/1/3236 2312/1/2312 
f 510/1/510 509/1/509 4108/1/4108 
f 3937/1/3937 2134/1/2134 3448/1/3448 
f 570/1/570 569/1/569 1365/1/1365 
f 871/1/871 1791/1/1791 2154/1/2154 
f 4040/1/4040 2856/1/2856 3733/1/3733 
f 3080/1/3080 2566/1/2566 2565/1/2565 
f 44/1/44 3045/1/3045 2273/1/2273 
f 3285/1/3285 1296/1/1296 2452/1/2452 
f 2646/1/2646 2484/1/2484 4071/1/4071 
f 3924/1/3924 3677/1/3677 3819/1/3819 
f 1804/1/1804 979/1/979 2009/1/2009 
f 930/1/930 1560/1/1560 931/1/931 
f 2864/1/2864 1761/1/1761 3525/1/3525 
f 3703/1/3703 975/1/975 977/1/977 
f 188/1/188 4079/1/4079 2223/1/2223 
f 4062/1/4062 1131/1/1131 2435/1/2435 
f 3154/1/3154 987/1/987 986/1/986 
f 1657/1/1657 2859/1/2859 1550/1/1550 
f 1658/1/1658 1657/1/1657 1550/1/1550 
f 2840/1/2840 959/1/959 1500/1/1500 
f 2973/1/2973 3829/1/3829 2171/1/2171 
f 2676/1/2676 2042/1/2042 2044/1/2044 
f 3618/1/3618 173/1/173 103/1/103 
f 2542/1/2542 1503/1/1503 1502/1/1502 
f 1400/1/1400 1282/1/1282 1283/1/1283 
f 3254/1/3254 1058/1/1058 3489/1/3489 
f 1946/1/1946 1945/1/1945 2440/1/2440 
f 3943/1/3943 1946/1/1946 2440/1/2440 
f 268/1/268 2509/1/2509 1614/1/1614 
f 671/1/671 670/1/670 1790/1/1790 
f 1240/1/1240 3580/1/3580 2679/1/2679 
f 4137/1/4137 3769/1/3769 4003/1/4003 
f 4081/1/4081 1690/1/1690 2582/1/2582 
f 4037/1/4037 3221/1/3221 4038/1/4038 
f 1497/1/1497 366/1/366 1962/1/1962 
f 2801/1/2801 3648/1/3648 4058/1/4058 
f 1887/1/1887 999/1/999 1288/1/1288 
f 3424/1/3424 777/1/777 776/1/776 
f 3554/1/3554 1620/1/1620 1619/1/1619 
f 3960/1/3960 2483/1/2483 1004/1/1004 
f 2541/1/2541 3960/1/3960 1004/1/1004 
f 58/1/58 57/1/57 1104/1/1104 
f 3805/1/3805 4149/1/4149 3806/1/3806 
f 671/1/671 2585/1/2585 672/1/672 
f 1187/1/1187 1189/1/1189 3005/1/3005 
f 3050/1/3050 3049/1/3049 2423/1/2423 
f 3419/1/3419 2578/1/2578 2577/1/2577 
f 2397/1/2397 2429/1/2429 2413/1/2413 
f 3362/1/3362 705/1/705 2458/1/2458 
f 317/1/317 3278/1/3278 3403/1/3403 
f 3458/1/3458 928/1/928 4083/1/4083 
f 3638/1/3638 2572/1/2572 1294/1/1294 
f 3546/1/3546 1079/1/1079 1078/1/1078 
f 4032/1/4032 1703/1/1703 4102/1/4102 
f 441/1/441 3192/1/3192 3193/1/3193 
f 2955/1/2955 317/1/317 319/1/319 
f 2209/1/2209 358/1/358 533/1/533 
f 2386/1/2386 1828/1/1828 1219/1/1219 
f 1310/1/1310 3654/1/3654 1132/1/1132 
f 981/1/981 1898/1/1898 727/1/727 
f 4056/1/4056 3898/1/3898 3210/1/3210 
f 3019/1/3019 2698/1/2698 1948/1/1948 
f 1241/1/1241 3019/1/3019 1948/1/1948 
f 3984/1/3984 3366/1/3366 2535/1/2535 
f 1072/1/1072 2421/1/2421 2595/1/2595 
f 1577/1/1577 392/1/392 523/1/523 
f 391/1/391 1577/1/1577 523/1/523 
f 1457/1/1457 460/1/460 1458/1/1458 
f 362/1/362 2117/1/2117 2247/1/2247 
f 3047/1/3047 4030/1/4030 3836/1/3836 
f 324/1/324 3422/1/3422 2568/1/2568 
f 324/1/324 2568/1/2568 1940/1/1940 
f 898/1/898 1328/1/1328 899/1/899 
f 3678/1/3678 186/1/186 3187/1/3187 
f 3678/1/3678 3187/1/3187 233/1/233 
f 2481/1/2481 3399/1/3399 698/1/698 
f 1751/1/1751 369/1/369 1752/1/1752 
f 856/1/856 858/1/858 1859/1/1859 
f 2618/1/2618 1487/1/1487 3538/1/3538 
f 1750/1/1750 2258/1/2258 2423/1/2423 
f 1867/1/1867 2100/1/2100 3708/1/3708 
f 722/1/722 1867/1/1867 3708/1/3708 
f 2306/1/2306 2310/1/2310 2309/1/2309 
f 2506/1/2506 4080/1/4080 2507/1/2507 
f 294/1/294 293/1/293 847/1/847 
f 1964/1/1964 3207/1/3207 3803/1/3803 
f 2080/1/2080 3252/1/3252 901/1/901 
f 3995/1/3995 3970/1/3970 2055/1/2055 
f 597/1/597 480/1/480 482/1/482 
f 4069/1/4069 2738/1/2738 1442/1/1442 
f 1601/1/1601 2779/1/2779 2782/1/2782 
f 612/1/612 1174/1/1174 2456/1/2456 
f 2641/1/2641 1814/1/1814 585/1/585 
f 1937/1/1937 865/1/865 3702/1/3702 
f 85/1/85 82/1/82 86/1/86 
f 212/1/212 3406/1/3406 1720/1/1720 
f 2222/1/2222 1696/1/1696 3705/1/3705 
f 3770/1/3770 4137/1/4137 1835/1/1835 
f 1233/1/1233 3428/1/3428 3427/1/3427 
f 1886/1/1886 2183/1/2183 1288/1/1288 
f 1740/1/1740 2317/1/2317 4123/1/4123 
f 3509/1/3509 1197/1/1197 883/1/883 
f 1571/1/1571 3559/1/3559 3561/1/3561 
f 3281/1/3281 3822/1/3822 1006/1/1006 
f 2983/1/2983 1128/1/1128 3289/1/3289 
f 3203/1/3203 3253/1/3253 1740/1/1740 
f 4093/1/4093 3203/1/3203 1740/1/1740 
f 1520/1/1520 1815/1/1815 1521/1/1521 
f 4109/1/4109 2862/1/2862 3808/1/3808 
f 1702/1/1702 1303/1/1303 2738/1/2738 
f 3002/1/3002 1352/1/1352 3963/1/3963 
f 3516/1/3516 2009/1/2009 1602/1/1602 
f 3516/1/3516 1602/1/1602 2467/1/2467 
f 3410/1/3410 3842/1/3842 791/1/791 
f 4141/1/4141 593/1/593 133/1/133 
f 3425/1/3425 4101/1/4101 3322/1/3322 
f 3695/1/3695 2576/1/2576 3621/1/3621 
f 709/1/709 1686/1/1686 1519/1/1519 
f 1175/1/1175 1174/1/1174 614/1/614 
f 2714/1/2714 3416/1/3416 1870/1/1870 
# 0 polygons - 9964 triangles

