# 3ds Max Wavefront OBJ Exporter v0.99 - (c)2007 guruware
# File Created: 22.03.2025 21:29:41

mtllib cofre.mtl

#
# object Bonnet
#

v  1.0256 1.7857 20.8513
v  0.0789 1.8344 20.4897
v  0.1835 1.6153 21.3516
v  1.0358 1.5719 21.4414
v  0.9298 2.0088 19.7000
v  -0.1022 2.0563 19.1578
v  -1.0539 1.8412 20.3073
v  -1.2270 2.0619 18.8624
v  -0.9026 1.6321 21.2923
v  0.7046 2.2813 17.4968
v  -0.3564 2.3094 17.1383
v  0.4025 2.5549 14.9294
v  -0.6954 2.5661 14.8453
v  -1.5262 2.5652 14.7823
v  -1.1601 2.3218 16.8662
v  0.0757 2.7812 12.6852
v  -1.1310 2.7984 12.6932
v  -0.2557 2.9636 10.6996
v  -1.6558 3.0066 10.7089
v  -2.7125 3.0294 10.7188
v  -2.0430 2.8020 12.7010
v  -0.5714 3.1051 8.9079
v  -2.2627 3.1906 8.9192
v  -0.8190 3.2104 7.2776
v  -2.7613 3.3303 7.2905
v  -3.5370 3.2449 8.9320
v  -4.6817 3.4446 7.1819
v  -0.9458 3.2834 5.7760
v  -2.9612 3.4060 5.7894
v  -0.9838 3.3124 4.3386
v  -2.9911 3.4284 4.3520
v  -4.7974 3.5025 5.7106
v  -4.8291 3.5204 4.3641
v  0.2084 1.3709 21.9615
v  0.1397 1.0298 22.4369
v  0.9068 0.9833 22.4562
v  1.0039 1.3269 21.9611
v  -0.8478 1.3971 21.9324
v  -0.9005 1.0665 22.3775
v  -0.2916 -0.0946 23.2732
v  0.4613 -0.1415 23.4078
v  0.7215 0.4732 22.9724
v  -0.0368 0.5207 22.8954
v  -1.0718 0.5707 22.7781
v  -1.3181 -0.0346 23.1030
v  -0.5959 -0.7542 23.5067
v  -0.9249 -1.4359 23.6679
v  -0.3024 -1.2976 23.7432
v  0.1399 -0.7989 23.6606
v  -1.5957 -0.6939 23.3213
v  -1.8891 -1.3799 23.4863
v  -2.4563 1.5954 21.2943
v  -2.5587 1.7643 20.4831
v  -2.6676 1.8686 19.7676
v  -4.4409 1.7281 20.2491
v  -4.4064 1.6564 20.7127
v  -4.3806 1.5262 21.2569
v  -2.4256 1.3875 21.8442
v  -2.4871 1.0832 22.2380
v  -4.3882 1.3460 21.6824
v  -4.4590 1.0727 22.0242
v  -2.6608 0.6254 22.5802
v  -2.8914 0.0511 22.8617
v  -4.6226 0.6632 22.3175
v  -4.8240 0.1299 22.5655
v  -3.1236 -0.6026 23.0733
v  -3.3566 -1.2959 23.2500
v  -5.0080 -0.5147 22.7710
v  -5.1832 -1.2151 22.9554
v  -6.5787 1.4455 21.0800
v  -6.5679 1.5704 20.6916
v  -6.5650 1.6407 20.3750
v  -8.6962 1.5656 20.2444
v  -8.7167 1.4827 20.4885
v  -8.7443 1.3459 20.7974
v  -6.5987 1.2767 21.4318
v  -6.6554 1.0277 21.7420
v  -8.7690 1.1741 21.1052
v  -8.8103 0.9389 21.3932
v  -6.7763 0.6624 22.0059
v  -6.9279 0.1690 22.2304
v  -8.8883 0.6118 21.6427
v  -8.9955 0.1558 21.8563
v  -7.2248 -1.1684 22.5987
v  -7.0770 -0.4647 22.4226
v  -9.1245 -0.4660 22.0364
v  -9.2644 -1.1707 22.1995
v  -6.2754 3.5468 5.4473
v  -6.2040 3.5115 6.2593
v  -6.3283 3.5643 4.3741
v  -7.8053 3.5519 4.3838
v  -7.7342 3.5342 5.1556
v  -7.6323 3.4979 5.7423
v  -2.9815 1.8752 17.1702
v  -2.8266 1.6704 18.7565
v  -2.0678 1.8155 18.0334
v  -1.9221 1.9673 16.8123
v  -2.2711 2.2117 14.8338
v  -3.2935 2.1660 15.0410
v  -4.8874 2.1292 15.2072
v  -4.6175 1.7933 17.5052
v  -4.4974 1.5459 19.2318
v  -2.7995 2.4533 12.7785
v  -3.8038 2.4337 12.8586
v  -3.4983 2.6871 10.7777
v  -4.4810 2.6777 10.7123
v  -5.9856 2.6708 10.5917
v  -5.3568 2.4197 12.8880
v  -5.2934 2.8978 8.6912
v  -4.3583 2.9075 8.9625
v  -5.1141 3.0476 7.8673
v  -5.9609 3.0783 7.2151
v  -7.3470 3.0646 6.7078
v  -6.7328 2.8890 8.3627
v  -6.6947 1.7317 17.5476
v  -6.5804 1.4721 19.3574
v  -6.9353 2.0777 15.1538
v  -8.8277 1.6752 17.3955
v  -9.0608 2.0226 14.9729
v  -8.7005 1.4103 19.2334
v  -7.3298 2.3666 12.7672
v  -7.8696 2.6111 10.4119
v  -9.3980 2.3020 12.5739
v  -9.8588 2.5338 10.2184
v  -8.5457 2.8239 8.1119
v  -9.1146 2.9961 6.3990
v  -10.9818 2.9063 6.2213
v  -10.4630 2.7385 7.9258
v  -9.5131 3.4595 4.9918
v  -9.4203 3.4265 5.4473
v  -9.5765 3.4751 4.3955
v  -11.4052 3.3738 4.4075
v  -11.3583 3.3611 4.9088
v  -11.2888 3.3324 5.2934
v  -10.5264 1.3697 20.1717
v  -10.5717 1.2198 20.4429
v  -10.4907 1.4619 19.9568
v  -12.5504 1.3072 19.4663
v  -12.5930 1.2085 19.6807
v  -12.6481 1.0460 19.9459
v  -10.6110 1.0329 20.7152
v  -10.6576 0.7971 20.9794
v  -12.6988 0.8383 20.2024
v  -12.7539 0.5884 20.4519
v  -10.8186 0.0783 21.4433
v  -10.7250 0.5000 21.2259
v  -12.8225 0.2993 20.6960
v  -12.9126 -0.1031 20.9151
v  -10.9439 -0.5321 21.6204
v  -11.0850 -1.2366 21.7773
v  -13.0324 -0.6925 21.0896
v  -13.1670 -1.3755 21.2418
v  -10.6312 1.6092 17.1473
v  -10.4825 1.3225 18.9598
v  -10.8878 1.9753 14.7568
v  -12.9592 1.8648 14.4602
v  -12.6862 1.4850 16.7601
v  -12.5324 1.1631 18.4945
v  -11.2366 2.2533 12.3861
v  -11.6789 2.4742 10.0570
v  -13.7823 2.3447 9.8743
v  -13.3364 2.1380 12.1527
v  -12.2158 2.6686 7.7913
v  -12.6662 2.8290 6.1071
v  -14.6458 2.6754 6.0173
v  -14.2615 2.5254 7.6613
v  -13.0163 3.2773 4.8599
v  -12.9589 3.2510 5.1997
v  -13.0546 3.2883 4.4183
v  -15.0051 3.1267 4.4310
v  -14.9711 3.1171 4.8280
v  -14.9196 3.0931 5.1344
v  -15.5132 0.9761 18.9546
v  -15.5609 0.8033 19.2360
v  -15.4770 1.0791 18.7275
v  -18.6068 0.6609 18.1723
v  -18.5789 0.7670 17.9331
v  -18.6442 0.4789 18.4710
v  -15.6066 0.5755 19.5070
v  -15.6565 0.2995 19.7617
v  -18.6810 0.2311 18.7618
v  -18.7222 -0.0721 19.0265
v  -15.7171 -0.0184 19.9939
v  -15.7926 -0.4274 20.1956
v  -18.7728 -0.4209 19.2470
v  -18.8319 -0.8363 19.4308
v  -15.8871 -0.9768 20.3587
v  -15.9910 -1.5965 20.5026
v  -18.8989 -1.3397 19.5857
v  -18.9696 -1.8869 19.7261
v  -15.5738 1.2537 16.1914
v  -15.4561 0.8863 17.7953
v  -15.8180 1.6202 14.0382
v  -18.6385 0.9183 15.5657
v  -18.8485 1.2577 13.5625
v  -18.5569 0.5375 17.0411
v  -16.1877 1.8733 11.8233
v  -16.6216 2.0579 9.6169
v  -19.6196 1.6521 9.3382
v  -19.2006 1.4875 11.4546
v  -17.0579 2.2197 7.4887
v  -17.3988 2.3567 5.9132
v  -20.3474 1.9194 5.8124
v  -20.0302 1.7954 7.3096
v  -17.7064 2.7900 4.7962
v  -17.6601 2.7694 5.0654
v  -17.7368 2.7973 4.4488
v  -20.6394 2.3440 4.7672
v  -20.6666 2.3491 4.4678
v  -20.5976 2.3265 5.0005
v  -21.1936 0.2516 17.5123
v  -21.2317 0.0602 17.8085
v  -21.1648 0.3606 17.2761
v  -23.7769 -0.3621 16.7980
v  -23.7466 -0.2547 16.5692
v  -23.8176 -0.5601 17.0865
v  -21.2684 -0.2083 18.0990
v  -21.3075 -0.5287 18.3637
v  -23.8576 -0.8520 17.3738
v  -23.8995 -1.1973 17.6391
v  -21.3531 -0.8761 18.5824
v  -21.4038 -1.2713 18.7666
v  -23.9460 -1.5550 17.8614
v  -23.9967 -1.9521 18.0514
v  -21.4586 -1.7356 18.9282
v  -21.5155 -2.2343 19.0786
v  -24.0514 -2.4162 18.2195
v  -24.1083 -2.9136 18.3765
v  -21.2252 0.4815 15.0079
v  -21.1382 0.1615 16.4104
v  -21.4352 0.7933 13.1048
v  -24.0544 0.0764 12.6132
v  -23.8321 -0.1901 14.4094
v  -23.7205 -0.4129 15.7335
v  -21.7849 1.0094 11.1027
v  -22.1993 1.1652 9.0913
v  -24.7790 0.4258 8.8298
v  -24.3920 0.2757 10.7235
v  -22.6030 1.2963 7.1601
v  -22.9140 1.4098 5.7326
v  -25.4328 0.6476 5.6886
v  -25.1496 0.5454 7.0218
v  -23.1870 1.8271 4.7440
v  -23.1493 1.8105 4.9479
v  -23.2115 1.8317 4.4842
v  -25.6716 1.0560 4.7417
v  -25.6927 1.0606 4.5000
v  -25.6398 1.0395 4.9323
v  -26.8598 -1.2911 15.8524
v  -26.8954 -1.4893 16.1433
v  -26.8362 -1.1934 15.6251
v  -29.9094 -2.5831 14.8002
v  -29.8868 -2.4713 14.5653
v  -29.9468 -2.8025 15.0981
v  -26.9371 -1.8095 16.4413
v  -26.9850 -2.2047 16.7181
v  -29.9959 -3.1493 15.3983
v  -30.0554 -3.5842 15.6732
v  -27.0392 -2.6282 16.9455
v  -27.0986 -3.0984 17.1334
v  -30.1239 -4.0683 15.8955
v  -30.1997 -4.6114 16.0714
v  -27.1621 -3.6331 17.2922
v  -27.2275 -4.2003 17.4364
v  -30.2814 -5.2235 16.2071
v  -30.3661 -5.8702 16.3228
v  -26.8239 -1.3571 14.8405
v  -26.9578 -1.2300 13.6614
v  -27.1822 -1.0437 12.0360
v  -30.2162 -2.5038 11.5094
v  -30.0141 -2.6112 12.9097
v  -29.8801 -2.6617 13.8814
v  -27.4728 -0.8765 10.2724
v  -27.7772 -0.7372 8.5070
v  -30.6507 -2.2559 8.2307
v  -30.4415 -2.3747 9.8809
v  -28.0427 -0.6347 6.8764
v  -28.2379 -0.5476 5.6945
v  -30.9103 -2.1141 5.7257
v  -30.8051 -2.1792 6.7652
v  -28.4159 -0.1528 4.7754
v  -28.3937 -0.1686 4.9788
v  -28.4312 -0.1485 4.5171
v  -31.0349 -1.7375 4.8212
v  -31.0458 -1.7343 4.5330
v  -31.0199 -1.7512 5.0469
v  -32.3924 -4.2866 13.7658
v  -32.4530 -4.5745 14.0704
v  -32.3513 -4.1043 13.5116
v  -34.3500 -6.0555 12.7114
v  -34.2738 -5.7971 12.4622
v  -34.4534 -6.4214 12.9974
v  -32.5232 -4.9402 14.3417
v  -32.6026 -5.3693 14.5767
v  -34.5630 -6.8199 13.2242
v  -34.6763 -7.2577 13.4115
v  -32.6907 -5.8472 14.7727
v  -32.7892 -6.3927 14.9239
v  -34.7912 -7.7418 13.5790
v  -34.9116 -8.2920 13.7099
v  -32.8997 -7.0244 15.0246
v  -33.0162 -7.6992 15.1000
v  -35.0412 -8.9283 13.7872
v  -35.1755 -9.6076 13.8378
v  -35.1444 -7.0163 11.2911
v  -34.1309 -5.9104 11.7788
v  -34.2908 -5.9890 10.8904
v  -35.5170 -7.4836 10.5440
v  -36.1955 -8.4116 10.3533
v  -35.3864 -7.3228 11.3190
v  -34.1537 -5.9839 12.1671
v  -36.2743 -8.5805 8.0004
v  -35.9230 -8.0633 9.3566
v  -34.4755 -6.0799 9.5475
v  -34.6462 -6.1661 8.0592
v  -37.4561 -10.4913 7.9506
v  -36.9100 -9.5520 9.1905
v  -36.6008 -8.9640 5.8360
v  -36.4829 -8.8605 6.7468
v  -34.7649 -6.2306 6.7344
v  -34.8457 -6.2491 5.7925
v  -37.5367 -10.5324 6.0830
v  -37.7596 -10.9774 6.7539
v  -35.8236 -7.5434 11.5993
v  -35.9874 -7.9594 11.8159
v  -35.6983 -7.2543 11.4161
v  -36.7637 -8.5996 10.3243
v  -36.9216 -8.8845 10.4249
v  -37.1241 -9.3089 10.5579
v  -36.1593 -8.4258 11.9983
v  -36.3267 -8.9473 12.1604
v  -37.3377 -9.8107 10.6951
v  -37.5405 -10.3850 10.8317
v  -36.6110 -10.1586 12.4482
v  -36.4769 -9.5284 12.3164
v  -37.7098 -11.0265 10.9628
v  -37.8439 -11.6986 11.0803
v  -36.8412 -11.5157 12.6062
v  -36.7298 -10.8275 12.5377
v  -37.9407 -12.3642 11.1756
v  -38.0188 -13.0266 11.2601
v  -37.7520 -10.2132 9.1839
v  -37.9330 -10.5903 9.2549
v  -37.6090 -9.9560 9.1380
v  -38.2097 -11.0634 7.8947
v  -38.3216 -11.2861 7.9082
v  -38.4597 -11.5982 7.9384
v  -38.3040 -11.5178 9.4336
v  -38.1240 -11.0273 9.3455
v  -38.6022 -11.9365 7.9882
v  -38.7364 -12.3000 8.0278
v  -38.4518 -12.0560 9.4965
v  -38.5669 -12.6181 9.5477
v  -38.8496 -12.6879 8.0267
v  -38.9421 -13.1008 8.0140
v  -38.6486 -13.1805 9.6008
v  -38.7135 -13.7430 9.6546
v  -39.0139 -13.5390 8.0188
v  -39.0755 -13.9900 8.0323
v  -38.7496 -12.1268 6.6400
v  -38.6372 -11.8601 6.6299
v  -38.5411 -11.6620 6.6315
v  -38.4052 -11.4302 5.4872
v  -38.7841 -12.1026 5.5736
v  -38.8828 -12.3427 5.5764
v  -38.8564 -12.3995 6.6620
v  -38.9567 -12.6859 6.6761
v  -38.9674 -12.5785 5.5821
v  -39.0469 -12.8259 5.5859
v  -39.0500 -12.9939 6.6628
v  -39.1316 -13.3305 6.6425
v  -39.1305 -13.1003 5.5828
v  -39.2085 -13.4073 5.5779
v  -39.2545 -14.0923 6.6358
v  -39.1971 -13.7025 6.6358
v  -39.2706 -13.7521 5.5763
v  -39.3249 -14.1158 5.5763
v  -38.8476 -12.1811 4.9634
v  -38.9396 -12.4124 4.9638
v  -38.3038 -11.2228 4.9529
v  -38.3177 -11.2213 4.5735
v  -38.8597 -12.1790 4.5763
v  -38.9501 -12.4106 4.5767
v  -39.0159 -12.6361 4.9641
v  -39.0885 -12.8704 4.9644
v  -39.0260 -12.6344 4.5770
v  -39.0985 -12.8687 4.5774
v  -39.1690 -13.1338 4.9648
v  -39.2457 -13.4314 4.9650
v  -39.1790 -13.1319 4.5777
v  -39.2558 -13.4300 4.5779
v  -39.3069 -13.7688 4.9651
v  -39.3605 -14.1260 4.9652
v  -39.3172 -13.7687 4.5780
v  -39.3709 -14.1277 4.5782
v  -32.3208 -4.3171 13.0059
v  -32.4130 -4.3067 12.3002
v  -32.5549 -4.2407 11.1698
v  -32.7120 -4.1465 9.6808
v  -32.8561 -4.0617 8.1088
v  -32.9590 -4.0241 6.7292
v  -33.0309 -3.9902 5.7570
v  -33.1433 -3.6361 4.8545
v  -35.0022 -5.9595 4.8851
v  -34.9812 -5.9649 5.1416
v  -33.1273 -3.6457 5.0960
v  -33.1550 -3.6354 4.5454
v  -35.0163 -5.9607 4.5559
v  -1.4854 2.2620 16.7530
v  -1.8568 2.4983 14.7624
v  -1.9003 2.4440 14.7633
v  -1.5320 2.2101 16.7345
v  -1.9338 2.3755 14.7641
v  -1.5685 2.1438 16.7160
v  -1.7352 1.9278 18.3330
v  -1.7008 1.9913 18.3724
v  -1.6562 2.0402 18.4118
v  -2.3980 2.7350 12.7170
v  -3.1125 2.9678 10.7435
v  -3.1513 2.9117 10.7610
v  -2.4395 2.6797 12.7280
v  -3.1801 2.8412 10.7784
v  -2.4709 2.6100 12.7388
v  -5.0425 3.3611 7.5344
v  -5.0691 3.3026 7.5699
v  -4.0378 3.1350 8.9948
v  -4.0037 3.1924 8.9687
v  -5.0855 3.2296 7.6054
v  -4.0617 3.0633 9.0210
v  -7.6040 3.4124 5.9983
v  -7.6085 3.3527 6.0474
v  -6.2154 3.3672 6.6267
v  -6.1997 3.4266 6.5833
v  -7.6031 3.2786 6.0963
v  -6.2211 3.2934 6.6701
v  -9.3845 3.3421 5.6624
v  -11.2536 3.2498 5.4856
v  -11.2438 3.1906 5.5376
v  -9.3804 3.2826 5.7138
v  -11.2239 3.1170 5.5895
v  -9.3663 3.2087 5.7652
v  -14.8718 2.9534 5.3532
v  -12.9116 3.1105 5.4296
v  -12.9242 3.1695 5.3773
v  -14.8856 3.0124 5.3009
v  -14.8479 2.8800 5.4054
v  -12.8889 3.0370 5.4817
v  -20.5520 2.1888 5.1960
v  -17.6121 2.6306 5.2718
v  -17.6267 2.6897 5.2195
v  -20.5662 2.2478 5.1433
v  -17.5874 2.5571 5.3240
v  -20.5277 2.1153 5.2487
v  -23.1108 1.6745 5.1365
v  -23.1224 1.7329 5.0824
v  -25.6196 0.9633 5.0645
v  -25.6118 0.9060 5.1203
v  -23.0891 1.6015 5.1907
v  -25.5939 0.8342 5.1759
v  -31.0143 -1.8221 5.1931
v  -31.0138 -1.8759 5.2509
v  -28.3782 -0.2981 5.1738
v  -28.3819 -0.2424 5.1168
v  -31.0032 -1.9442 5.3086
v  -28.3645 -0.3682 5.2308
v  -33.1220 -3.7658 5.3050
v  -33.1220 -3.7135 5.2475
v  -34.9647 -6.0197 5.2966
v  -34.9570 -6.0628 5.3531
v  -34.9392 -6.1204 5.4095
v  -33.1119 -3.8326 5.3626
v  -38.1291 -11.0733 5.7184
v  -38.0793 -11.0696 5.7644
v  -36.7729 -8.8622 5.4118
v  -36.8023 -8.8442 5.3577
v  -38.0188 -11.0804 5.8105
v  -36.7334 -8.8946 5.4660
v  -38.3857 -11.5908 6.6937
v  -38.4397 -11.5933 6.6665
v  -38.1024 -11.0010 7.9014
v  -38.0501 -11.0100 7.9103
v  -37.9861 -11.0336 7.9197
v  -38.3200 -11.6029 6.7212
v  -36.5883 -8.5580 10.2668
v  -37.4304 -9.9115 9.1244
v  -37.4854 -9.8934 9.1227
v  -36.6395 -8.5345 10.2748
v  -36.5304 -8.5978 10.2659
v  -37.3664 -9.9438 9.1275
v  -35.5853 -7.2120 11.2681
v  -35.6157 -7.1880 11.3022
v  -34.2411 -5.7397 12.2926
v  -34.2336 -5.7633 12.2326
v  -35.5478 -7.2598 11.2561
v  -34.2175 -5.8158 12.2042
v  -29.8857 -2.4704 14.3989
v  -29.8905 -2.5001 14.3291
v  -32.3457 -4.1016 13.2645
v  -32.3430 -4.0754 13.3336
v  -29.8853 -2.5465 14.2643
v  -32.3388 -4.1518 13.2161
v  -26.8374 -1.2321 15.3918
v  -26.8334 -1.2001 15.4624
v  -23.7418 -0.2775 16.4053
v  -23.7506 -0.3635 16.3342
v  -26.8313 -1.2783 15.3211
v  -23.7473 -0.4464 16.2630
v  -18.6260 0.3027 17.6935
v  -21.1944 0.0394 17.0379
v  -21.1665 0.2846 17.1093
v  -18.5853 0.6541 17.7652
v  -18.6438 0.0424 17.6217
v  -21.2036 -0.1499 16.9664
v  -15.5029 0.7522 18.4912
v  -15.4755 0.9991 18.5632
v  -12.5409 1.2772 19.3061
v  -12.5493 1.1874 19.2340
v  -12.5457 1.1010 19.1618
v  -15.5117 0.5613 18.4192
v  -8.6992 1.5450 20.0757
v  -8.7073 1.5058 20.0049
v  -10.4895 1.4080 19.7247
v  -10.4847 1.4460 19.7966
v  -10.4842 1.3555 19.6529
v  -8.7052 1.4521 19.9338
v  -4.4723 1.6989 20.0155
v  -4.4885 1.6559 19.9512
v  -6.5867 1.5730 20.1154
v  -6.5766 1.6139 20.1844
v  -4.4945 1.5984 19.8868
v  -6.5869 1.5177 20.0462
v  -2.7730 1.8009 19.4074
v  -2.7420 1.8468 19.4619
v  -2.7940 1.7406 19.3528
v  -1.9376 2.2897 14.7646
v  -1.5748 2.0598 16.7014
v  -1.7398 1.8461 18.3019
v  -1.6215 2.0786 18.4425
v  -1.4489 2.3026 16.7673
v  -1.8227 2.5406 14.7617
v  -2.4730 2.5233 12.7471
v  -3.1802 2.7539 10.7918
v  -2.3656 2.7783 12.7086
v  -3.0821 3.0118 10.7300
v  -4.0581 2.9750 9.0413
v  -5.0761 3.1404 7.6329
v  -3.9771 3.2373 8.9481
v  -5.0217 3.4070 7.5067
v  -7.5765 3.1886 6.1344
v  -6.2032 3.2036 6.7038
v  -6.1873 3.4730 6.5494
v  -7.6004 3.4591 5.9599
v  -11.1860 3.0273 5.6299
v  -9.3330 3.1187 5.8052
v  -9.3876 3.3888 5.6223
v  -11.2612 3.2962 5.4448
v  -14.8069 2.7905 5.4462
v  -12.8488 2.9475 5.5224
v  -12.9341 3.2157 5.3364
v  -14.8963 3.0585 5.2600
v  -20.4863 2.0258 5.2897
v  -17.5458 2.4676 5.3648
v  -17.6381 2.7360 5.1785
v  -20.5773 2.2941 5.1020
v  -25.5576 0.7460 5.2194
v  -23.0497 1.5125 5.2327
v  -23.1316 1.7787 5.0401
v  -25.6258 1.0082 5.0208
v  -30.9725 -2.0297 5.3534
v  -28.3315 -0.4550 5.2752
v  -28.3846 -0.1989 5.0721
v  -31.0147 -1.7800 5.1480
v  -34.9030 -6.1974 5.4534
v  -33.0817 -3.9169 5.4073
v  -33.1219 -3.6725 5.2024
v  -34.9708 -5.9860 5.2524
v  -37.9482 -11.1210 5.8465
v  -36.6803 -8.9519 5.5082
v  -36.8253 -8.8303 5.3153
v  -36.8469 -8.8213 5.1988
v  -38.1685 -11.0762 5.6822
v  -37.9074 -11.0848 7.9285
v  -38.2417 -11.6450 6.7433
v  -38.4835 -11.5951 6.6447
v  -38.1460 -10.9936 7.8943
v  -36.4665 -8.6661 10.2777
v  -37.2921 -10.0014 9.1319
v  -37.5325 -9.8788 9.1224
v  -36.6838 -8.5156 10.2841
v  -34.1867 -5.9209 12.2458
v  -35.5012 -7.3503 11.2902
v  -35.6412 -7.1690 11.3343
v  -34.2460 -5.7214 12.3459
v  -29.8595 -2.6203 14.2240
v  -32.3133 -4.2446 13.2206
v  -32.3399 -4.0552 13.3917
v  -29.8817 -2.4473 14.4547
v  -23.7147 -0.4806 16.2070
v  -26.8043 -1.3467 15.2656
v  -26.8302 -1.1752 15.5175
v  -23.7377 -0.2338 16.4609
v  -18.5898 0.1831 17.5653
v  -21.1580 -0.0791 16.9102
v  -21.1562 0.3816 17.1653
v  -18.5706 0.7868 17.8213
v  -12.5128 1.0639 19.1052
v  -15.4658 0.6307 18.3626
v  -15.4656 1.0974 18.6195
v  -12.5372 1.3236 19.3625
v  -10.4576 1.2825 19.5964
v  -8.6813 1.3781 19.8782
v  -10.4810 1.4756 19.8528
v  -8.6930 1.5757 20.1312
v  -4.4769 1.5214 19.8363
v  -6.5645 1.4423 19.9919
v  -6.5686 1.6458 20.2384
v  -4.4597 1.7326 20.0657
v  -2.7879 1.6614 19.3099
v  -2.7179 1.8827 19.5046
v  1.1271 1.5682 20.8504
v  1.0312 1.7912 19.6993
v  1.1371 1.3543 21.4405
v  1.2386 1.1368 21.4396
v  1.2284 1.3507 20.8495
v  1.1326 1.5737 19.6984
v  0.8060 2.0637 17.4961
v  0.5039 2.3374 14.9286
v  0.9074 1.8462 17.4952
v  0.6052 2.1198 14.9277
v  0.1771 2.5637 12.6843
v  -0.1543 2.7460 10.6988
v  0.2784 2.3461 12.6835
v  -0.0529 2.5285 10.6980
v  -0.4700 2.8876 8.9070
v  -0.7177 2.9927 7.2767
v  -0.3686 2.6701 8.9063
v  -0.6162 2.7752 7.2759
v  1.1052 1.1094 21.9602
v  1.0081 0.7657 22.4553
v  1.1095 0.5482 22.4544
v  1.2066 0.8919 21.9594
v  0.8229 0.2556 22.9716
v  0.5491 -0.3509 23.4072
v  0.6369 -0.5604 23.4064
v  0.9242 0.0381 22.9707
v  0.1867 -0.9841 23.6602
v  -0.2816 -1.4572 23.7429
v  -0.2609 -1.6169 23.7426
v  0.2336 -1.1693 23.6597
v  -0.8734 -1.5835 23.6674
v  -1.7927 -1.5180 23.4856
v  -0.8220 -1.7310 23.6669
v  -1.6963 -1.6563 23.4848
v  -3.2434 -1.4164 23.2491
v  -5.0680 -1.3191 22.9545
v  -3.1302 -1.5369 23.2484
v  -4.9529 -1.4232 22.9537
v  -7.1090 -1.2670 22.5979
v  -9.1486 -1.2692 22.1987
v  -9.0328 -1.3677 22.1979
v  -6.9932 -1.3655 22.5970
v  -10.9691 -1.3351 21.7764
v  -13.0512 -1.4741 21.2409
v  -10.8534 -1.4337 21.7756
v  -12.9354 -1.5725 21.2400
v  -15.8752 -1.6951 20.5017
v  -18.8537 -1.9855 19.7252
v  -18.7380 -2.0841 19.7244
v  -15.7594 -1.7936 20.5009
v  -21.3996 -2.3329 19.0777
v  -23.9925 -3.0122 18.3757
v  -23.8766 -3.1108 18.3749
v  -21.2838 -2.4314 19.0769
v  -27.1117 -4.2989 17.4356
v  -30.2503 -5.9688 16.3219
v  -30.1344 -6.0673 16.3210
v  -26.9960 -4.3974 17.4347
v  -32.9004 -7.7978 15.0991
v  -35.0597 -9.7061 13.8370
v  -34.9439 -9.8047 13.8361
v  -32.7846 -7.8963 15.0983
v  -36.7255 -11.6143 12.6053
v  -37.9048 -13.1400 11.2592
v  -37.7907 -13.2535 11.2585
v  -36.6095 -11.7129 12.6045
v  -38.6050 -13.9011 9.6538
v  -38.9723 -14.1926 8.0315
v  -38.8691 -14.3953 8.0307
v  -38.4963 -14.0591 9.6530
v  -39.1532 -14.3098 6.6350
v  -39.2235 -14.3333 5.5756
v  -39.1222 -14.5508 5.5747
v  -39.0518 -14.5275 6.6342
v  -39.2591 -14.3436 4.9644
v  -39.2695 -14.3453 4.5773
v  -39.1682 -14.5628 4.5764
v  -39.1577 -14.5611 4.9635
v  -36.8722 -8.8187 4.9224
v  -36.8869 -8.8189 4.5660
v  -0.8445 3.0658 5.7751
v  -0.8824 3.0949 4.3377
v  -0.7430 2.8483 5.7743
v  -0.7810 2.8773 4.3369
v  0.8098 1.5994 -12.7921
v  -0.0413 1.6426 -12.6911
v  -0.1345 1.8604 -11.8275
v  0.8074 1.8122 -12.2016
v  -1.1265 1.6593 -12.6174
v  -1.2648 1.8668 -11.6301
v  -1.4187 2.0852 -10.1826
v  -0.2979 2.0802 -10.4930
v  0.7267 2.0335 -11.0488
v  -0.5255 2.3299 -8.4699
v  0.5307 2.3024 -8.8425
v  -1.3255 2.3419 -8.1872
v  -1.6641 2.5820 -6.0982
v  -0.8342 2.5829 -6.1721
v  0.2625 2.5719 -6.2707
v  -1.2413 2.8118 -4.0141
v  -0.0346 2.7946 -4.0221
v  -2.1533 2.8154 -4.0099
v  -2.7966 3.0396 -2.0187
v  -1.7399 3.0168 -2.0227
v  -0.3397 2.9738 -2.0321
v  -2.3232 3.1979 -0.2249
v  -0.6318 3.1125 -0.2361
v  -3.5975 3.2523 -0.2208
v  -4.7190 3.4492 1.5447
v  -2.8002 3.3351 1.4104
v  -0.8578 3.2151 1.3975
v  -0.9648 3.2857 2.9007
v  -2.9801 3.4083 2.9142
v  -4.8152 3.5047 3.0175
v  -0.0244 1.3992 -13.3015
v  0.7709 1.3553 -13.3118
v  0.6672 1.0124 -13.8061
v  -0.0995 1.0589 -13.7766
v  -1.1388 1.0955 -13.7034
v  -1.0802 1.4253 -13.2584
v  -0.5418 -0.0642 -14.6089
v  -0.2819 0.5506 -14.2335
v  0.4752 0.5031 -14.3206
v  0.2093 -0.1109 -14.7536
v  -1.3154 0.6003 -14.1025
v  -1.5659 -0.0045 -14.4251
v  -0.1154 -0.7679 -15.0032
v  -0.5588 -1.2665 -15.0806
v  -1.1802 -1.4048 -14.9973
v  -0.8491 -0.7233 -14.8393
v  -2.1420 -1.3492 -14.8030
v  -1.8464 -0.6633 -14.6408
v  -2.7717 1.7902 -11.7861
v  -2.6801 1.6226 -12.5989
v  -4.6038 1.5533 -12.5362
v  -4.6223 1.6826 -11.9915
v  -4.6508 1.7536 -11.5274
v  -2.8712 1.8933 -11.0691
v  -2.6567 1.4156 -13.1496
v  -2.7234 1.1120 -13.5429
v  -4.6922 1.1011 -13.3031
v  -4.6170 1.3738 -12.9618
v  -2.9015 0.6546 -13.8835
v  -3.1359 0.0808 -14.1629
v  -5.0644 0.1592 -13.8410
v  -4.8597 0.6920 -13.5950
v  -3.6062 -1.2656 -14.5472
v  -3.3709 -0.5725 -14.3725
v  -5.4288 -1.1853 -14.2283
v  -5.2510 -0.4852 -14.0451
v  -6.7993 1.4723 -12.3305
v  -6.7834 1.5966 -11.9421
v  -8.9611 1.3722 -12.0194
v  -8.9293 1.5085 -11.7107
v  -8.9056 1.5911 -11.4667
v  -6.7763 1.6664 -11.6253
v  -6.8240 1.3040 -12.6822
v  -6.8849 1.0555 -12.9920
v  -9.0349 0.9663 -12.6149
v  -8.9897 1.2009 -12.3271
v  -7.1637 0.1976 -13.4781
v  -7.0091 0.6908 -13.2548
v  -9.1162 0.6395 -12.8639
v  -9.2261 0.1838 -13.0768
v  -7.4655 -1.1391 -13.8447
v  -7.3154 -0.4357 -13.6694
v  -9.3576 -0.4377 -13.2561
v  -9.4997 -1.1421 -13.4187
v  -6.2896 3.5486 3.3003
v  -6.2290 3.5145 2.4874
v  -7.6503 3.5001 3.0230
v  -7.7445 3.5354 3.6112
v  -3.0169 1.6935 -10.0562
v  -3.1508 1.8957 -8.4678
v  -2.0868 1.9873 -8.1237
v  -2.2486 1.8374 -9.3431
v  -4.6938 1.5698 -10.5097
v  -4.7911 1.8144 -8.7813
v  -5.0306 2.1466 -6.4794
v  -3.4347 2.1832 -6.3341
v  -2.4096 2.2285 -6.1404
v  -2.9109 2.4669 -4.0780
v  -3.9161 2.4473 -4.1449
v  -5.4694 2.4333 -4.1537
v  -6.0678 2.6808 -1.8490
v  -4.5648 2.6879 -1.9894
v  -3.5831 2.6974 -2.0677
v  -5.3505 2.9047 0.0426
v  -4.4191 2.9149 -0.2410
v  -6.7854 2.8954 0.3901
v  -5.9985 3.0829 1.5277
v  -7.3777 3.0684 2.0533
v  -5.1604 3.0532 0.8643
v  -6.7782 1.4961 -10.6079
v  -6.8686 1.7528 -8.7963
v  -8.9994 1.6961 -8.6162
v  -8.8965 1.4342 -10.4560
v  -9.2007 2.0396 -6.1902
v  -7.0776 2.0950 -6.3990
v  -7.4407 2.3800 -4.0070
v  -9.5060 2.3151 -3.7865
v  -7.9492 2.6208 -1.6444
v  -9.9356 2.5432 -1.4248
v  -8.5949 2.8299 0.6647
v  -10.5096 2.7441 0.8760
v  -11.0058 2.9092 2.5876
v  -9.1412 2.9993 2.3852
v  -9.4342 3.4282 3.3416
v  -9.5209 3.4605 3.7984
v  -11.3005 3.3338 3.5201
v  -11.3649 3.3619 3.9055
v  -10.7346 1.3950 -11.3703
v  -10.7835 1.2455 -11.6410
v  -12.8532 1.0709 -11.1168
v  -12.7946 1.2329 -10.8522
v  -12.7492 1.3314 -10.6383
v  -10.6962 1.4869 -11.1556
v  -10.8765 0.8237 -12.1770
v  -10.8264 1.0592 -11.9131
v  -12.9658 0.6142 -11.6221
v  -12.9072 0.8636 -11.3730
v  -10.9471 0.5270 -12.4230
v  -11.0437 0.1056 -12.6399
v  -13.1305 -0.0766 -12.0843
v  -13.0375 0.3254 -11.8658
v  -11.3145 -1.2086 -12.9724
v  -11.1714 -0.5044 -12.8163
v  -13.2526 -0.6657 -12.2582
v  -13.3893 -1.3485 -12.4096
v  -10.6748 1.3459 -10.1590
v  -10.7995 1.6297 -8.3442
v  -12.7183 1.1857 -9.6669
v  -12.8493 1.5048 -7.9302
v  -11.0246 1.9920 -5.9500
v  -13.0919 1.8809 -5.6263
v  -11.3421 2.2661 -3.5744
v  -13.4385 2.1504 -3.3136
v  -11.7535 2.4832 -1.2393
v  -13.8543 2.3535 -1.0291
v  -12.2604 2.6740 1.0335
v  -14.3042 2.5305 1.1904
v  -14.6668 2.6779 2.8394
v  -12.6885 2.8317 2.7238
v  -12.9692 3.2522 3.6356
v  -13.0222 3.2780 3.9763
v  -14.9289 3.0942 3.7266
v  -14.9763 3.1178 4.0337
v  -15.7564 0.8270 -10.3690
v  -15.7050 0.9994 -10.0880
v  -18.8293 0.5014 -9.5638
v  -18.7880 0.6829 -9.2653
v  -18.7570 0.7886 -9.0265
v  -15.6658 1.1020 -9.8612
v  -15.8590 0.3241 -10.8942
v  -15.8057 0.5997 -10.6398
v  -18.8699 0.2542 -9.8545
v  -18.9147 -0.0488 -10.1191
v  -16.0008 -0.4021 -11.3274
v  -15.9226 0.0066 -11.1261
v  -19.0298 -0.8122 -10.5232
v  -18.9681 -0.3971 -10.3394
v  -16.2032 -1.5707 -11.6337
v  -16.0973 -0.9512 -11.4901
v  -19.1713 -1.8624 -10.8183
v  -19.0987 -1.3153 -10.6780
v  -15.6326 0.9078 -8.9297
v  -15.7290 1.2726 -7.3237
v  -18.7232 0.5577 -8.1352
v  -18.7853 0.9361 -6.6582
v  -18.9688 1.2723 -4.6517
v  -15.9448 1.6356 -5.1670
v  -16.2853 1.8851 -2.9470
v  -19.2931 1.4988 -2.5390
v  -19.6841 1.6599 -0.4171
v  -16.6899 2.0663 -0.7348
v  -17.0982 2.2246 1.3993
v  -20.0678 1.8000 1.6169
v  -17.4181 2.3591 2.9794
v  -20.3652 1.9215 3.1185
v  -17.6683 2.7704 3.8313
v  -17.7110 2.7905 4.1011
v  -20.6433 2.3445 4.1680
v  -20.6047 2.3274 3.9342
v  -21.4079 0.0816 -8.8679
v  -21.3659 0.2726 -8.5719
v  -23.9839 -0.5398 -8.1128
v  -23.9395 -0.3424 -7.8246
v  -23.9062 -0.2353 -7.5959
v  -21.3340 0.3811 -8.3360
v  -21.4910 -0.5064 -9.4230
v  -21.4484 -0.1864 -9.1583
v  -24.0278 -0.8313 -8.4001
v  -24.0733 -1.1761 -8.6652
v  -21.5395 -0.8534 -9.6416
v  -21.5927 -1.2484 -9.8258
v  -24.1758 -1.9304 -9.0775
v  -24.1226 -1.5335 -8.8875
v  -21.6496 -1.7123 -9.9875
v  -21.7084 -2.2109 -10.1378
v  -24.2328 -2.3942 -9.2455
v  -24.2917 -2.8913 -9.4027
v  -21.2960 0.1807 -7.4711
v  -21.3644 0.4984 -6.0670
v  -23.9632 -0.1742 -5.4351
v  -23.8690 -0.3949 -6.7610
v  -24.1617 0.0895 -3.6358
v  -21.5493 0.8072 -4.1607
v  -21.8726 1.0200 -2.1539
v  -24.4743 0.2857 -1.7415
v  -24.8363 0.4328 0.1574
v  -22.2602 1.1726 -0.1370
v  -22.6385 1.3006 1.7996
v  -25.1829 0.5494 1.9704
v  -25.4485 0.6495 3.3074
v  -22.9304 1.4118 3.2312
v  -23.1555 1.8113 4.0198
v  -23.1903 1.8275 4.2241
v  -25.6456 1.0402 4.0670
v  -25.6747 1.0563 4.2580
v  -27.0491 -1.4707 -7.1306
v  -27.0098 -1.2729 -6.8399
v  -30.0452 -2.5666 -5.7495
v  -30.0863 -2.7855 -6.0473
v  -26.9831 -1.1756 -6.6127
v  -30.0194 -2.4552 -5.5148
v  -27.1463 -2.1851 -7.7052
v  -27.0947 -1.7903 -7.4284
v  -30.2027 -3.5663 -6.6222
v  -30.1395 -3.1319 -6.3473
v  -27.2655 -3.0781 -8.1204
v  -27.2036 -2.6082 -7.9325
v  -30.2740 -4.0500 -6.8443
v  -30.3521 -4.5929 -7.0200
v  -27.3310 -3.6126 -8.2793
v  -27.3983 -4.1795 -8.4235
v  -30.4356 -5.2048 -7.1556
v  -30.5219 -5.8513 -7.2712
v  -26.9604 -1.3405 -5.8287
v  -27.0787 -1.2153 -4.6476
v  -30.0037 -2.6467 -4.8313
v  -30.1248 -2.5977 -3.8579
v  -30.3085 -2.4926 -2.4548
v  -27.2815 -1.0317 -3.0191
v  -27.5489 -0.8673 -1.2515
v  -30.5121 -2.3661 -0.8234
v  -30.6997 -2.2500 0.8297
v  -27.8300 -0.7308 0.5180
v  -28.0740 -0.6309 2.1521
v  -30.8346 -2.1757 2.2972
v  -30.9261 -2.1122 3.3382
v  -28.2535 -0.5457 3.3365
v  -28.4194 -0.1524 4.2585
v  -28.3998 -0.1679 4.0549
v  -31.0267 -1.7504 4.0190
v  -31.0387 -1.7371 4.2449
v  -32.5789 -4.5592 -4.9894
v  -32.5142 -4.2718 -4.6851
v  -34.5650 -6.4078 -3.8930
v  -34.4578 -6.0424 -3.6079
v  -32.4698 -4.0900 -4.4311
v  -34.3783 -5.7844 -3.3593
v  -32.7351 -5.3532 -5.4950
v  -32.6526 -4.9245 -5.2603
v  -34.6775 -6.8060 -4.1190
v  -34.7932 -7.2435 -4.3055
v  -32.9263 -6.3761 -5.8413
v  -32.8258 -5.8308 -5.6905
v  -34.9104 -7.7273 -4.4723
v  -35.0325 -8.2773 -4.6024
v  -33.0382 -7.0076 -5.9415
v  -33.1557 -7.6823 -6.0164
v  -35.1632 -8.9135 -4.6790
v  -35.2981 -9.5927 -4.7290
v  -34.2264 -5.8989 -2.6778
v  -35.2334 -7.0055 -2.1786
v  -35.5960 -7.4740 -1.4274
v  -34.3745 -5.9789 -1.7876
v  -34.2543 -5.9717 -3.0662
v  -35.4757 -7.3119 -2.2039
v  -36.2720 -8.4024 -1.2294
v  -34.6925 -6.1605 1.0476
v  -34.5414 -6.0718 -0.4426
v  -35.9863 -8.0556 -0.2358
v  -36.3197 -8.5750 1.1241
v  -36.9712 -9.5446 -0.0591
v  -37.5008 -10.4859 1.1864
v  -36.5118 -8.8570 2.3800
v  -36.6176 -8.9620 3.2921
v  -34.8620 -6.2471 3.3167
v  -34.7937 -6.2271 2.3739
v  -37.7884 -10.9739 2.3862
v  -37.5566 -10.5300 3.0549
v  -36.0831 -7.9477 -2.6938
v  -35.9166 -7.5321 -2.4787
v  -36.9989 -8.8752 -1.2921
v  -37.2031 -9.2993 -1.4231
v  -36.8398 -8.5904 -1.1932
v  -35.7889 -7.2434 -2.2967
v  -36.4271 -8.9351 -3.0354
v  -36.2574 -8.4139 -2.8747
v  -37.6231 -10.3749 -1.6931
v  -37.4187 -9.8009 -1.5582
v  -36.5794 -9.5159 -3.1903
v  -36.7151 -10.1460 -3.3214
v  -37.9299 -11.6881 -1.9397
v  -37.7943 -11.0163 -1.8230
v  -36.9474 -11.5028 -3.4785
v  -36.8352 -10.8147 -3.4103
v  -38.1071 -13.0158 -2.1193
v  -38.0279 -12.3536 -2.0349
v  -37.8128 -10.2058 -0.0423
v  -37.9949 -10.5828 -0.1115
v  -38.5041 -11.5928 1.2102
v  -38.3656 -11.2807 1.2390
v  -38.2535 -11.0581 1.2515
v  -37.6693 -9.9486 0.0020
v  -38.1871 -11.0196 -0.2004
v  -38.3682 -11.5100 -0.2868
v  -38.7821 -12.2945 1.1233
v  -38.6473 -11.9310 1.1617
v  -38.6327 -12.6101 -0.3993
v  -38.5169 -12.0481 -0.3486
v  -38.8952 -12.6824 1.1252
v  -38.9875 -13.0953 1.1384
v  -38.7149 -13.1724 -0.4521
v  -38.7806 -13.7349 -0.5060
v  -39.0594 -13.5335 1.1339
v  -39.1211 -13.9844 1.1205
v  -38.7769 -12.1235 2.5114
v  -38.6643 -11.8568 2.5203
v  -38.8960 -12.3411 3.5763
v  -38.7973 -12.1010 3.5783
v  -38.4173 -11.4288 3.6607
v  -38.5683 -11.6587 2.5178
v  -38.9845 -12.6825 2.4771
v  -38.8839 -12.3961 2.4905
v  -39.0602 -12.8243 3.5682
v  -38.9806 -12.5769 3.5714
v  -39.0775 -12.9905 2.4912
v  -39.1589 -13.3272 2.5121
v  -39.2217 -13.4057 3.5774
v  -39.1438 -13.0987 3.5720
v  -39.2817 -14.0890 2.5191
v  -39.2243 -13.6992 2.5190
v  -39.3381 -14.1142 3.5793
v  -39.2838 -13.7505 3.5793
v  -38.9446 -12.4117 4.1895
v  -38.8527 -12.1804 4.1891
v  -38.3089 -11.2222 4.1939
v  -39.0937 -12.8698 4.1901
v  -39.0211 -12.6355 4.1898
v  -39.1741 -13.1331 4.1905
v  -39.2509 -13.4308 4.1907
v  -39.3656 -14.1254 4.1909
v  -39.3121 -13.7681 4.1909
v  -32.5154 -4.2942 -3.2194
v  -32.4326 -4.3035 -3.9262
v  -32.6424 -4.2300 -2.0872
v  -32.7798 -4.1382 -0.5961
v  -32.9031 -4.0560 0.9778
v  -32.9879 -4.0206 2.3588
v  -33.0469 -3.9882 3.3318
v  -33.1346 -3.6449 3.9946
v  -34.9889 -5.9640 3.9698
v  -35.0064 -5.9590 4.2265
v  -33.1475 -3.6356 4.2363
v  -1.9944 2.5150 -6.0740
v  -1.6493 2.2819 -8.0696
v  -1.6957 2.2300 -8.0508
v  -2.0379 2.4608 -6.0744
v  -1.8421 2.0628 -9.7265
v  -1.8861 2.0138 -9.6866
v  -1.9200 1.9503 -9.6468
v  -1.7320 2.1636 -8.0319
v  -2.0714 2.3922 -6.0749
v  -3.2359 2.9220 -2.0553
v  -3.1969 2.9781 -2.0382
v  -2.5085 2.7484 -4.0214
v  -2.5501 2.6931 -4.0318
v  -2.5817 2.6234 -4.0424
v  -3.2649 2.8515 -2.0724
v  -4.0990 3.1425 -0.2772
v  -5.1114 3.3077 1.1615
v  -5.0844 3.3662 1.1967
v  -4.0646 3.1998 -0.2513
v  -4.1233 3.0708 -0.3031
v  -5.1283 3.2348 1.1262
v  -6.2452 3.3708 2.1199
v  -7.6306 3.3554 2.7176
v  -7.6254 3.4150 2.7667
v  -6.2289 3.4302 2.1631
v  -6.2515 3.2971 2.0765
v  -7.6258 3.2813 2.6684
v  -11.2587 3.1924 3.2751
v  -11.2679 3.2516 3.3273
v  -9.4012 3.3442 3.1258
v  -9.3978 3.2847 3.0743
v  -9.3845 3.2109 3.0227
v  -11.2395 3.1189 3.2228
v  -12.9250 3.1121 3.4050
v  -14.8840 2.9548 3.5069
v  -14.8971 3.0138 3.5595
v  -12.9369 3.1710 3.4575
v  -12.9030 3.0387 3.3524
v  -14.8608 2.8815 3.4542
v  -17.6229 2.6320 3.6240
v  -20.5616 2.1900 3.7379
v  -20.5751 2.2489 3.7909
v  -17.6369 2.6910 3.6766
v  -17.5990 2.5585 3.5713
v  -20.5380 2.1166 3.6848
v  -23.1194 1.6755 3.8303
v  -25.6200 0.9070 3.8784
v  -25.6270 0.9642 3.9344
v  -23.1304 1.7339 3.8847
v  -23.0984 1.6027 3.7759
v  -25.6028 0.8353 3.8223
v  -31.0230 -1.8211 3.8725
v  -28.3898 -0.2415 3.9166
v  -28.3869 -0.2970 3.8594
v  -31.0233 -1.8747 3.8146
v  -28.3740 -0.3671 3.8022
v  -31.0134 -1.9430 3.7568
v  -33.1320 -3.7645 3.7853
v  -34.9676 -6.0616 3.7579
v  -34.9745 -6.0185 3.8145
v  -33.1313 -3.7123 3.8430
v  -33.1227 -3.8312 3.7276
v  -34.9505 -6.1190 3.7012
v  -38.0950 -11.0677 3.3798
v  -38.1443 -11.0715 3.4264
v  -36.8127 -8.8430 3.7732
v  -36.7841 -8.8609 3.7186
v  -36.7453 -8.8932 3.6639
v  -38.0353 -11.0784 3.3330
v  -38.4136 -11.5874 2.4536
v  -38.0942 -11.0046 1.2338
v  -38.1464 -10.9957 1.2434
v  -38.4674 -11.5899 2.4817
v  -38.3484 -11.5994 2.4254
v  -38.0304 -11.0282 1.2234
v  -37.5455 -9.8861 0.0159
v  -37.4906 -9.9042 0.0134
v  -36.6636 -8.5488 -1.1379
v  -36.7148 -8.5254 -1.1451
v  -37.4267 -9.9365 0.0093
v  -36.6058 -8.5887 -1.1378
v  -35.6739 -7.2012 -2.1503
v  -34.3350 -5.7510 -3.1301
v  -34.3434 -5.7273 -3.1900
v  -35.7048 -7.1772 -2.1838
v  -35.6363 -7.2491 -2.1387
v  -34.3186 -5.8034 -3.1021
v  -30.0161 -2.4546 -5.3484
v  -32.4592 -4.0613 -4.2533
v  -32.4609 -4.0875 -4.1842
v  -30.0200 -2.4843 -5.2785
v  -32.4533 -4.1379 -4.1360
v  -30.0140 -2.5309 -5.2139
v  -26.9811 -1.2146 -6.3793
v  -23.9071 -0.3445 -7.3611
v  -23.8992 -0.2584 -7.4321
v  -26.9780 -1.1825 -6.4500
v  -26.9742 -1.2610 -6.3089
v  -23.9028 -0.4276 -7.2900
v  -18.8009 0.3240 -8.7869
v  -18.7611 0.6754 -8.8586
v  -21.3335 0.3049 -8.1693
v  -21.3603 0.0595 -8.0979
v  -21.3686 -0.1297 -8.0266
v  -18.8178 0.0635 -8.7153
v  -12.7376 1.3011 -10.4782
v  -15.6622 1.0218 -9.6971
v  -15.6886 0.7748 -9.6251
v  -12.7451 1.2113 -10.4061
v  -15.6964 0.5837 -9.5532
v  -12.7405 1.1246 -10.3342
v  -10.6919 1.4326 -10.9238
v  -8.9135 1.5308 -11.2271
v  -8.9065 1.5702 -11.2980
v  -10.6881 1.4707 -10.9956
v  -10.6856 1.3801 -10.8520
v  -8.9105 1.4771 -11.1562
v  -4.6791 1.7241 -11.2934
v  -6.7854 1.6392 -11.4346
v  -6.7946 1.5982 -11.3655
v  -4.6944 1.6809 -11.2290
v  -6.7938 1.5428 -11.2964
v  -4.6996 1.6233 -11.1647
v  -2.9417 1.8710 -10.7626
v  -2.9719 1.8250 -10.7077
v  -2.9921 1.7646 -10.6529
v  -1.7381 2.0796 -8.0173
v  -2.0752 2.3064 -6.0755
v  -1.9243 1.8685 -9.6158
v  -1.8077 2.1012 -9.7576
v  -1.6129 2.3226 -8.0845
v  -1.9603 2.5573 -6.0737
v  -3.2652 2.7643 -2.0859
v  -2.5840 2.5368 -4.0508
v  -2.4760 2.7917 -4.0132
v  -3.1664 3.0220 -2.0249
v  -5.1193 3.1456 1.0984
v  -4.1200 2.9825 -0.3236
v  -4.0377 3.2446 -0.2311
v  -5.0632 3.4121 1.2243
v  -6.2340 3.2074 2.0424
v  -7.5996 3.1914 2.6299
v  -6.2161 3.4765 2.1970
v  -7.6212 3.4616 2.8050
v  -9.3516 3.1210 2.9821
v  -11.2022 3.0292 3.1818
v  -9.4038 3.3907 3.1662
v  -11.2749 3.2979 3.3682
v  -12.8634 2.9493 3.3111
v  -14.8204 2.7921 3.4129
v  -12.9462 3.2172 3.4985
v  -14.9073 3.0598 3.6006
v  -17.5579 2.4690 3.5299
v  -20.4972 2.0271 3.6430
v  -17.6478 2.7372 3.7178
v  -20.5857 2.2951 3.8324
v  -23.0597 1.5137 3.7330
v  -25.5670 0.7471 3.7784
v  -23.1389 1.7795 3.9272
v  -25.6326 1.0090 3.9782
v  -28.3415 -0.4538 3.7572
v  -30.9834 -2.0283 3.7114
v  -28.3920 -0.1980 3.9614
v  -31.0228 -1.7790 3.9177
v  -33.0932 -3.9155 3.6822
v  -34.9148 -6.1960 3.6566
v  -33.1307 -3.6714 3.8881
v  -34.9799 -5.9849 3.8588
v  -36.6927 -8.9504 3.6210
v  -37.9650 -11.1189 3.2959
v  -36.8352 -8.8291 3.8159
v  -38.1832 -11.0744 3.4631
v  -36.8553 -8.8203 3.9327
v  -38.2703 -11.6415 2.4022
v  -37.9517 -11.0795 1.2136
v  -38.5108 -11.5917 2.5040
v  -38.1899 -10.9883 1.2511
v  -36.5420 -8.6570 -1.1505
v  -37.3523 -9.9941 0.0040
v  -37.5926 -9.8715 0.0168
v  -36.7594 -8.5064 -1.1539
v  -34.2884 -5.9084 -3.1441
v  -35.5902 -7.3395 -2.1736
v  -35.7307 -7.1582 -2.2156
v  -34.3490 -5.7089 -3.2432
v  -32.4279 -4.2306 -4.1409
v  -29.9876 -2.6047 -5.1740
v  -32.4568 -4.0410 -4.3115
v  -30.0129 -2.4314 -5.4042
v  -26.9464 -1.3294 -6.2539
v  -23.8695 -0.4618 -7.2346
v  -26.9756 -1.1576 -6.5052
v  -23.8958 -0.2146 -7.4879
v  -21.3223 -0.0591 -7.9709
v  -18.7629 0.2041 -8.6594
v  -21.3239 0.4020 -8.2252
v  -18.7472 0.8082 -8.9147
v  -15.6497 0.6531 -9.4971
v  -12.7068 1.0876 -10.2781
v  -15.6530 1.1202 -9.7533
v  -12.7346 1.3475 -10.5345
v  -10.6584 1.3069 -10.7960
v  -8.8858 1.4030 -11.1010
v  -10.6851 1.5004 -11.0518
v  -8.9009 1.6009 -11.3536
v  -6.7709 1.4674 -11.2427
v  -4.6814 1.5462 -11.1145
v  -6.7782 1.6713 -11.4887
v  -4.6671 1.7578 -11.3438
v  -2.9855 1.6854 -10.6102
v  -2.9180 1.9070 -10.8054
v  0.8281 1.8160 -11.0497
v  0.9087 1.5947 -12.2024
v  0.9295 1.5984 -11.0506
v  1.0101 1.3772 -12.2033
v  1.0125 1.1643 -12.7938
v  0.9111 1.3818 -12.7929
v  0.3639 2.3544 -6.2717
v  0.6321 2.0849 -8.8433
v  0.4652 2.1369 -6.2725
v  0.7335 1.8674 -8.8442
v  0.0667 2.5771 -4.0229
v  -0.2383 2.7562 -2.0328
v  -0.1370 2.5387 -2.0337
v  0.1681 2.3595 -4.0238
v  -0.7565 2.9975 1.3967
v  -0.5304 2.8950 -0.2370
v  -0.6551 2.7799 1.3959
v  -0.4291 2.6774 -0.2378
v  0.8723 1.1377 -13.3126
v  0.9737 0.9202 -13.3134
v  0.8701 0.5773 -13.8077
v  0.7687 0.7948 -13.8070
v  0.5766 0.2856 -14.3215
v  0.6779 0.0680 -14.3223
v  0.3849 -0.5297 -14.7550
v  0.2971 -0.3203 -14.7544
v  -0.0686 -0.9531 -15.0036
v  -0.0217 -1.1383 -15.0040
v  -0.5173 -1.5857 -15.0812
v  -0.5380 -1.4261 -15.0809
v  -1.1288 -1.5524 -14.9978
v  -1.0773 -1.7000 -14.9983
v  -1.9491 -1.6256 -14.8045
v  -2.0456 -1.4873 -14.8037
v  -3.4930 -1.3861 -14.5480
v  -3.3799 -1.5066 -14.5488
v  -5.1984 -1.3934 -14.2300
v  -5.3136 -1.2893 -14.2291
v  -7.3497 -1.2377 -13.8455
v  -7.2338 -1.3363 -13.8464
v  -9.2680 -1.3392 -13.4203
v  -9.3838 -1.2406 -13.4194
v  -11.1987 -1.3072 -12.9733
v  -11.0828 -1.4058 -12.9742
v  -13.2734 -1.4470 -12.4104
v  -13.1576 -1.5456 -12.4113
v  -16.0874 -1.6693 -11.6344
v  -15.9716 -1.7679 -11.6353
v  -19.0555 -1.9610 -10.8192
v  -18.9397 -2.0596 -10.8200
v  -21.5926 -2.3093 -10.1387
v  -21.4767 -2.4079 -10.1394
v  -24.0600 -3.0885 -9.4043
v  -24.1759 -2.9899 -9.4035
v  -27.2825 -4.2781 -8.4244
v  -27.1667 -4.3767 -8.4252
v  -30.2903 -6.0484 -7.2728
v  -30.4060 -5.9498 -7.2720
v  -33.0399 -7.7809 -6.0173
v  -32.9241 -7.8793 -6.0181
v  -35.0665 -9.7898 -4.7307
v  -35.1823 -9.6913 -4.7298
v  -36.8316 -11.6014 -3.4793
v  -36.7158 -11.7000 -3.4802
v  -37.9931 -13.1293 -2.1202
v  -37.8791 -13.2428 -2.1211
v  -38.6720 -13.8929 -0.5069
v  -38.5635 -14.0510 -0.5077
v  -38.9148 -14.3898 1.1188
v  -39.0179 -14.1871 1.1196
v  -39.1804 -14.3065 2.5182
v  -39.0791 -14.5241 2.5174
v  -39.1354 -14.5492 3.5777
v  -39.2367 -14.3317 3.5785
v  -39.2642 -14.3430 4.1901
v  -39.1629 -14.5605 4.1892
v  -36.8769 -8.8181 4.2094
v  -0.8634 3.0681 2.9000
v  -0.7621 2.8506 2.8991
# 1375 vertices

vn 0.1271 0.9424 0.3095
vn 0.0900 0.9675 0.2364
vn 0.1911 0.9450 0.2653
vn 0.2256 0.9220 0.3146
vn 0.0467 0.9713 0.2333
vn 0.0349 0.9775 0.2080
vn 0.0673 0.9729 0.2211
vn 0.0125 0.9768 0.2137
vn 0.1553 0.9524 0.2624
vn 0.0210 0.9840 0.1769
vn 0.0182 0.9829 0.1833
vn 0.0186 0.9877 0.1554
vn 0.0184 0.9862 0.1643
vn 0.0035 0.9776 0.2106
vn -0.0040 0.9751 0.2217
vn 0.0197 0.9900 0.1395
vn 0.0213 0.9885 0.1496
vn 0.0195 0.9928 0.1179
vn 0.0242 0.9911 0.1309
vn 0.0231 0.9841 0.1762
vn 0.0121 0.9808 0.1947
vn 0.0153 0.9956 0.0929
vn 0.0214 0.9942 0.1055
vn 0.0061 0.9970 0.0766
vn 0.0071 0.9965 0.0830
vn 0.0270 0.9886 0.1483
vn 0.0031 0.9926 0.1217
vn -0.0102 0.9977 0.0672
vn -0.0141 0.9975 0.0696
vn -0.0361 0.9980 0.0518
vn -0.0378 0.9978 0.0542
vn -0.0261 0.9963 0.0815
vn -0.0462 0.9967 0.0662
vn 0.3436 0.8745 0.3424
vn 0.4897 0.7446 0.4535
vn 0.4879 0.7665 0.4177
vn 0.3560 0.8703 0.3404
vn 0.3191 0.8725 0.3700
vn 0.4856 0.7196 0.4964
vn 0.6124 0.4516 0.6489
vn 0.6036 0.4911 0.6280
vn 0.5636 0.6413 0.5206
vn 0.5684 0.6044 0.5582
vn 0.5800 0.5623 0.5895
vn 0.6310 0.4165 0.6545
vn 0.6393 0.3237 0.6975
vn 0.6504 0.2786 0.7067
vn 0.6378 0.2859 0.7152
vn 0.6286 0.3511 0.6940
vn 0.6583 0.3070 0.6873
vn 0.6677 0.2705 0.6936
vn 0.1467 0.9481 0.2823
vn 0.0594 0.9724 0.2256
vn -0.0077 0.9785 0.2062
vn -0.0155 0.9818 0.1894
vn 0.0704 0.9682 0.2401
vn 0.1619 0.9352 0.3150
vn 0.3104 0.8611 0.4027
vn 0.4815 0.6986 0.5293
vn 0.3125 0.8449 0.4341
vn 0.4736 0.6861 0.5523
vn 0.5857 0.5325 0.6110
vn 0.6410 0.3933 0.6591
vn 0.5814 0.5168 0.6283
vn 0.6388 0.3788 0.6696
vn 0.6677 0.2983 0.6821
vn 0.6745 0.2686 0.6877
vn 0.6636 0.2912 0.6890
vn 0.6685 0.2643 0.6951
vn 0.1924 0.9108 0.3653
vn 0.1146 0.9504 0.2890
vn 0.0132 0.9787 0.2051
vn 0.0569 0.9610 0.2708
vn 0.1678 0.9115 0.3754
vn 0.2240 0.8705 0.4382
vn 0.3108 0.8281 0.4665
vn 0.4539 0.6818 0.5737
vn 0.3048 0.8005 0.5161
vn 0.4172 0.6763 0.6071
vn 0.5644 0.5105 0.6488
vn 0.6270 0.3646 0.6884
vn 0.5234 0.5154 0.6786
vn 0.5965 0.3588 0.7179
vn 0.6564 0.2482 0.7124
vn 0.6525 0.2751 0.7061
vn 0.6285 0.2598 0.7332
vn 0.6330 0.2318 0.7386
vn -0.0425 0.9928 0.1117
vn -0.0126 0.9861 0.1655
vn -0.0637 0.9938 0.0912
vn -0.0851 0.9889 0.1219
vn -0.0518 0.9872 0.1511
vn -0.0009 0.9768 0.2142
vn 0.0216 0.9792 0.2016
vn -0.0577 0.9763 0.2087
vn -0.0561 0.9652 0.2555
vn -0.0466 0.9589 0.2799
vn -0.0141 0.9636 0.2670
vn 0.0279 0.9823 0.1850
vn 0.0303 0.9808 0.1925
vn 0.0335 0.9791 0.2008
vn -0.0211 0.9829 0.1829
vn -0.0077 0.9639 0.2663
vn 0.0222 0.9845 0.1741
vn 0.0008 0.9565 0.2916
vn 0.0158 0.9840 0.1777
vn 0.0056 0.9828 0.1844
vn 0.0170 0.9827 0.1845
vn 0.0149 0.9778 0.2092
vn 0.0168 0.9297 0.3681
vn 0.0391 0.9091 0.4148
vn 0.0532 0.9355 0.3492
vn 0.0435 0.9621 0.2692
vn 0.0022 0.9801 0.1987
vn 0.0312 0.9779 0.2065
vn -0.0113 0.9839 0.1783
vn 0.0227 0.9790 0.2027
vn 0.0251 0.9754 0.2189
vn 0.0177 0.9783 0.2062
vn -0.0161 0.9810 0.1935
vn 0.0061 0.9803 0.1973
vn -0.0057 0.9803 0.1977
vn 0.0008 0.9807 0.1954
vn -0.0103 0.9809 0.1943
vn -0.0074 0.9786 0.2056
vn 0.0366 0.9670 0.2521
vn 0.0348 0.9694 0.2431
vn -0.0106 0.9794 0.2016
vn -0.0534 0.9835 0.1728
vn 0.0182 0.9716 0.2359
vn -0.0975 0.9854 0.1396
vn -0.0992 0.9849 0.1421
vn -0.0539 0.9831 0.1747
vn 0.0300 0.9703 0.2401
vn 0.1881 0.8733 0.4494
vn 0.2458 0.8229 0.5122
vn 0.0709 0.9404 0.3325
vn 0.0709 0.9304 0.3597
vn 0.1922 0.8552 0.4814
vn 0.2659 0.7895 0.5532
vn 0.3084 0.7560 0.5773
vn 0.3808 0.6678 0.6396
vn 0.3316 0.7155 0.6149
vn 0.3798 0.6521 0.6562
vn 0.5558 0.3723 0.7433
vn 0.4701 0.5393 0.6987
vn 0.4484 0.5493 0.7051
vn 0.5347 0.3814 0.7541
vn 0.5983 0.2562 0.7592
vn 0.6055 0.2258 0.7631
vn 0.5819 0.2571 0.7715
vn 0.5915 0.2253 0.7742
vn 0.0195 0.9682 0.2493
vn -0.0226 0.9727 0.2308
vn 0.0119 0.9742 0.2254
vn 0.0016 0.9661 0.2581
vn 0.0182 0.9581 0.2859
vn 0.0026 0.9537 0.3006
vn -0.0068 0.9785 0.2060
vn -0.0184 0.9793 0.2014
vn -0.0359 0.9725 0.2301
vn -0.0225 0.9715 0.2362
vn -0.0186 0.9778 0.2087
vn 0.0278 0.9679 0.2499
vn 0.0123 0.9609 0.2765
vn -0.0361 0.9710 0.2364
vn -0.0598 0.9805 0.1873
vn 0.0332 0.9663 0.2554
vn -0.1074 0.9822 0.1539
vn -0.1266 0.9752 0.1814
vn -0.0753 0.9733 0.2167
vn 0.0268 0.9572 0.2881
vn 0.1859 0.8506 0.4918
vn 0.2691 0.7783 0.5673
vn 0.0662 0.9253 0.3735
vn 0.1629 0.8414 0.5153
vn 0.0451 0.9146 0.4018
vn 0.2513 0.7648 0.5932
vn 0.3471 0.6919 0.6331
vn 0.4063 0.6090 0.6812
vn 0.3380 0.6679 0.6630
vn 0.4122 0.5626 0.7167
vn 0.4696 0.5001 0.7275
vn 0.5376 0.3566 0.7641
vn 0.4789 0.4464 0.7559
vn 0.5343 0.3335 0.7767
vn 0.5769 0.2541 0.7763
vn 0.5861 0.2267 0.7779
vn 0.5675 0.2594 0.7815
vn 0.5765 0.2392 0.7813
vn 0.0200 0.9463 0.3226
vn 0.0856 0.9049 0.4170
vn -0.0127 0.9577 0.2875
vn 0.0064 0.9306 0.3659
vn -0.0365 0.9448 0.3257
vn 0.1324 0.8606 0.4917
vn -0.0415 0.9632 0.2657
vn -0.0559 0.9642 0.2593
vn -0.0777 0.9525 0.2945
vn -0.0646 0.9508 0.3030
vn -0.0553 0.9626 0.2651
vn -0.0034 0.9523 0.3052
vn -0.0199 0.9404 0.3395
vn -0.0758 0.9513 0.2988
vn -0.0930 0.9651 0.2448
vn 0.0198 0.9466 0.3218
vn -0.1457 0.9671 0.2087
vn -0.1128 0.9538 0.2786
vn -0.1681 0.9559 0.2408
vn 0.0116 0.9323 0.3615
vn 0.1313 0.8145 0.5652
vn 0.2275 0.7293 0.6453
vn 0.0107 0.8912 0.4535
vn 0.0910 0.7849 0.6129
vn -0.0342 0.8649 0.5008
vn 0.2001 0.6891 0.6965
vn 0.3152 0.6297 0.7100
vn 0.3826 0.5376 0.7514
vn 0.2915 0.5864 0.7558
vn 0.3494 0.5095 0.7863
vn 0.4444 0.4427 0.7788
vn 0.4989 0.3495 0.7931
vn 0.4012 0.4333 0.8070
vn 0.4521 0.3502 0.8204
vn 0.5336 0.2865 0.7957
vn 0.5412 0.2685 0.7969
vn 0.4846 0.2903 0.8252
vn 0.4886 0.2700 0.8297
vn -0.0376 0.9104 0.4119
vn 0.0598 0.8778 0.4753
vn -0.0727 0.9191 0.3872
vn -0.1147 0.8854 0.4505
vn -0.0970 0.8868 0.4518
vn -0.0924 0.9028 0.4201
vn -0.0956 0.9247 0.3685
vn -0.1075 0.9273 0.3587
vn -0.1449 0.8879 0.4366
vn -0.1320 0.8871 0.4424
vn -0.1058 0.9265 0.3612
vn -0.0462 0.9145 0.4019
vn -0.0834 0.8711 0.4840
vn -0.1464 0.8853 0.4413
vn -0.1427 0.9281 0.3439
vn -0.0082 0.9040 0.4275
vn -0.2094 0.9307 0.2999
vn -0.1894 0.8834 0.4286
vn -0.2653 0.8861 0.3800
vn -0.0531 0.8614 0.5052
vn 0.0271 0.7574 0.6524
vn 0.1507 0.6526 0.7426
vn -0.0990 0.8364 0.5391
vn -0.0511 0.6722 0.7386
vn -0.1607 0.7484 0.6435
vn 0.0619 0.5780 0.8137
vn 0.2537 0.5415 0.8015
vn 0.3202 0.4555 0.8307
vn 0.1644 0.4773 0.8632
vn 0.2405 0.3925 0.8878
vn 0.3762 0.3724 0.8484
vn 0.4249 0.2915 0.8570
vn 0.3071 0.3094 0.9000
vn 0.3651 0.2301 0.9021
vn 0.4535 0.2354 0.8596
vn 0.4541 0.2141 0.8649
vn 0.4005 0.1743 0.8996
vn 0.3937 0.1527 0.9064
vn -0.2140 0.8816 0.4207
vn -0.1641 0.8545 0.4929
vn -0.1676 0.8461 0.5060
vn -0.2453 0.7703 0.5887
vn -0.2491 0.7809 0.5728
vn -0.3226 0.8110 0.4880
vn -0.1802 0.8417 0.5089
vn -0.1971 0.8381 0.5086
vn -0.2806 0.7543 0.5935
vn -0.2573 0.7623 0.5939
vn -0.2044 0.8315 0.5165
vn -0.1373 0.8142 0.5641
vn -0.2272 0.7231 0.6523
vn -0.2957 0.7436 0.5997
vn -0.2596 0.8229 0.5054
vn -0.1381 0.8098 0.5702
vn -0.3244 0.8239 0.4646
vn -0.3476 0.7252 0.5944
vn -0.3945 0.7246 0.5651
vn -0.2492 0.7208 0.6468
vn -0.1093 0.5376 0.8361
vn -0.0330 0.4745 0.8797
vn -0.1882 0.6012 0.7766
vn -0.1667 0.4457 0.8795
vn -0.2337 0.5005 0.8336
vn -0.1138 0.4018 0.9087
vn 0.0486 0.4033 0.9138
vn 0.1171 0.3398 0.9332
vn -0.0541 0.3497 0.9353
vn -0.0012 0.3018 0.9534
vn 0.1845 0.2733 0.9441
vn 0.2560 0.1963 0.9465
vn 0.0568 0.2484 0.9670
vn 0.1283 0.1782 0.9756
vn 0.3052 0.1370 0.9424
vn 0.2947 0.1164 0.9485
vn 0.1821 0.1217 0.9757
vn 0.1632 0.1033 0.9812
vn -0.4359 0.5340 0.7244
vn -0.3955 0.5910 0.7031
vn -0.4204 0.5682 0.7074
vn -0.4959 0.5003 0.7097
vn -0.6320 0.5825 0.5111
vn -0.7385 0.6672 0.0977
vn -0.6411 0.6937 0.3284
vn -0.5109 0.4388 0.7392
vn -0.5142 0.4663 0.7198
vn -0.4428 0.5333 0.7207
vn -0.4602 0.5047 0.7304
vn -0.5590 0.4678 0.6846
vn -0.5958 0.5046 0.6248
vn -0.4056 0.4241 0.8097
vn -0.4943 0.4261 0.7577
vn -0.4626 0.4893 0.7393
vn -0.3868 0.4797 0.7876
vn -0.4346 0.4258 0.7936
vn -0.4835 0.4613 0.7440
vn -0.2666 0.4004 0.8767
vn -0.2217 0.3623 0.9053
vn -0.3501 0.4689 0.8109
vn -0.5100 0.4831 0.7117
vn -0.4061 0.3825 0.8299
vn -0.3665 0.3415 0.8655
vn -0.1744 0.3173 0.9322
vn -0.1232 0.2653 0.9563
vn -0.3266 0.2959 0.8976
vn -0.2748 0.2320 0.9331
vn -0.0132 0.1501 0.9886
vn -0.0694 0.2092 0.9754
vn -0.2256 0.1650 0.9601
vn -0.1872 0.1070 0.9765
vn -0.0095 0.0864 0.9962
vn 0.0269 0.1048 0.9941
vn -0.1644 0.0659 0.9842
vn -0.1972 0.0466 0.9792
vn -0.4984 0.3549 0.7910
vn -0.4752 0.3164 0.8210
vn -0.5845 0.4782 0.6555
vn -0.5640 0.4511 0.6917
vn -0.5190 0.3161 0.7941
vn -0.5123 0.2875 0.8093
vn -0.4116 0.2062 0.8877
vn -0.4503 0.2750 0.8495
vn -0.5044 0.2566 0.8245
vn -0.4872 0.1956 0.8511
vn -0.3766 0.1320 0.9169
vn -0.3539 0.0723 0.9325
vn -0.4698 0.1261 0.8737
vn -0.4565 0.0680 0.8871
vn -0.3414 0.0331 0.9393
vn -0.3481 0.0195 0.9373
vn -0.4474 0.0305 0.8938
vn -0.4467 0.0197 0.8944
vn -0.5208 0.2643 0.8117
vn -0.5296 0.3058 0.7912
vn -0.5247 0.4104 0.7458
vn -0.5069 0.4032 0.7619
vn -0.5213 0.3244 0.7893
vn -0.5242 0.2442 0.8158
vn -0.5218 0.2333 0.8205
vn -0.5209 0.1904 0.8321
vn -0.5295 0.2056 0.8230
vn -0.5330 0.1805 0.8266
vn -0.5166 0.1390 0.8449
vn -0.5102 0.0812 0.8562
vn -0.5330 0.1491 0.8329
vn -0.5313 0.0915 0.8423
vn -0.5040 0.0256 0.8633
vn -0.5049 0.0381 0.8623
vn -0.5295 0.0422 0.8473
vn -0.5289 0.0274 0.8482
vn -0.5199 0.3180 0.7928
vn -0.5322 0.2301 0.8148
vn -0.5019 0.3973 0.7683
vn -0.5260 0.3947 0.7534
vn -0.5428 0.3179 0.7774
vn -0.5575 0.2269 0.7986
vn -0.5380 0.1925 0.8206
vn -0.5402 0.1765 0.8228
vn -0.5619 0.1914 0.8048
vn -0.5634 0.1767 0.8070
vn -0.5413 0.1522 0.8270
vn -0.5433 0.0942 0.8342
vn -0.5657 0.1530 0.8103
vn -0.5699 0.0948 0.8163
vn -0.5441 0.0430 0.8379
vn -0.5442 0.0278 0.8385
vn -0.5719 0.0431 0.8192
vn -0.5722 0.0277 0.8196
vn -0.4619 0.7198 0.5182
vn -0.3325 0.6696 0.6641
vn -0.3318 0.6571 0.6769
vn -0.3524 0.6396 0.6832
vn -0.3807 0.6211 0.6850
vn -0.3971 0.6060 0.6893
vn -0.3268 0.5909 0.7376
vn -0.4216 0.5932 0.6859
vn -0.4593 0.4845 0.7445
vn -0.3925 0.4837 0.7823
vn -0.3431 0.5928 0.7286
vn -0.4611 0.5925 0.6605
vn -0.5008 0.4844 0.7173
vn -0.3868 0.5453 0.7437
vn -0.2782 0.5149 0.8109
vn -0.3039 0.4208 0.8547
vn -0.4238 0.4555 0.7829
vn -0.3587 0.1271 0.9248
vn -0.5051 0.1559 0.8489
vn -0.7903 0.3181 0.5236
vn -0.6352 0.5898 0.4986
vn -0.5775 0.6569 0.4848
vn -0.2181 0.5162 0.8282
vn -0.1385 0.5141 0.8465
vn -0.1525 0.4250 0.8922
vn -0.2386 0.4241 0.8736
vn -0.1861 0.1449 0.9718
vn -0.2840 0.1356 0.9492
vn 0.1114 0.5294 0.8410
vn 0.1207 0.4571 0.8812
vn -0.0374 0.4338 0.9002
vn -0.0328 0.5168 0.8555
vn 0.1378 0.2216 0.9654
vn -0.0524 0.1693 0.9842
vn 0.4247 0.5941 0.6832
vn 0.4545 0.5439 0.7054
vn 0.3093 0.4951 0.8119
vn 0.2865 0.5549 0.7810
vn 0.5268 0.3852 0.7577
vn 0.3615 0.3005 0.8826
vn 0.4934 0.6213 0.6088
vn 0.5190 0.6325 0.5750
vn 0.5512 0.5884 0.5916
vn 0.5252 0.5756 0.6268
vn 0.6308 0.4555 0.6282
vn 0.6036 0.4358 0.6676
vn 0.5534 0.5906 0.5873
vn 0.5569 0.5934 0.5811
vn 0.5243 0.6363 0.5658
vn 0.5197 0.6333 0.5734
vn 0.6375 0.4634 0.6155
vn 0.6382 0.4642 0.6141
vn 0.5320 0.5797 0.6172
vn 0.5465 0.5837 0.6005
vn 0.5118 0.6263 0.5881
vn 0.4956 0.6220 0.6062
vn 0.6331 0.4575 0.6244
vn 0.6229 0.4543 0.6369
vn 0.4973 0.5818 0.6436
vn 0.4570 0.6233 0.6345
vn 0.3970 0.6256 0.6716
vn 0.4444 0.5846 0.6788
vn 0.5994 0.4570 0.6571
vn 0.5656 0.4605 0.6841
vn 0.1850 0.5857 0.7891
vn 0.2551 0.5483 0.7964
vn 0.3702 0.5809 0.7249
vn 0.3127 0.6212 0.7185
vn 0.4398 0.4311 0.7878
vn 0.5181 0.4575 0.7227
vn 0.1289 0.4776 0.8691
vn 0.0446 0.5088 0.8597
vn -0.0383 0.4286 0.9027
vn 0.0550 0.4036 0.9133
vn 0.3026 0.3191 0.8981
vn 0.3528 0.3760 0.8568
vn 0.0695 0.6228 0.7793
vn 0.1479 0.6245 0.7669
vn 0.0952 0.3750 0.9221
vn 0.0057 0.3946 0.9188
vn 0.4014 0.6219 0.6724
vn 0.3368 0.3095 0.8892
vn -0.0506 0.9982 0.0307
vn -0.1135 0.9883 0.1017
vn -0.4108 0.7887 -0.4575
vn -0.3804 0.7657 -0.5187
vn -0.3087 0.7150 -0.6273
vn 0.1249 0.9773 -0.1713
vn -0.5901 0.5373 -0.6026
vn -0.5125 0.6089 -0.6055
vn -0.5434 0.6351 -0.5490
vn -0.6386 0.5886 -0.4957
vn -0.4790 0.4362 -0.7618
vn -0.4520 0.5619 -0.6928
vn -0.7087 0.5741 -0.4101
vn -0.7396 0.6643 -0.1080
vn -0.6386 0.7048 0.3090
vn -0.7485 0.6553 -0.1019
vn -0.4617 0.2905 -0.8381
vn -0.5474 0.2496 -0.7987
vn -0.5331 0.8314 0.1567
vn -0.5943 0.8035 0.0346
vn -0.6799 0.7310 0.0580
vn -0.5665 0.7592 0.3205
vn -0.6976 0.6525 -0.2959
vn -0.7091 0.4251 -0.5625
vn -0.5352 0.8421 -0.0659
vn -0.4956 0.8684 0.0157
vn -0.6111 0.7127 -0.3444
vn -0.6266 0.6421 -0.4416
vn -0.6216 0.7329 -0.2765
vn -0.5707 0.7507 -0.3327
vn -0.6658 0.2354 -0.7080
vn -0.6609 0.3173 -0.6801
vn -0.6702 0.3929 -0.6297
vn -0.6669 0.2943 -0.6846
vn -0.2234 0.9707 0.0884
vn -0.2999 0.9539 -0.0089
vn -0.6717 0.3188 -0.6687
vn -0.6568 0.3880 -0.6466
vn -0.5684 0.6997 -0.4329
vn -0.6118 0.6353 -0.4713
vn -0.5572 0.7536 -0.3487
vn -0.3214 0.9466 0.0238
vn -0.4498 0.8696 -0.2038
vn -0.4898 0.8358 -0.2482
vn -0.4719 0.8460 -0.2482
vn -0.4300 0.8784 -0.2085
vn -0.5639 0.7336 -0.3792
vn -0.5939 0.7143 -0.3701
vn -0.5738 0.8136 -0.0940
vn -0.6241 0.7704 -0.1301
vn -0.5383 0.8145 -0.2163
vn -0.4941 0.8515 -0.1755
vn -0.7570 0.6125 -0.2275
vn -0.6552 0.6809 -0.3271
vn -0.7088 0.6990 0.0949
vn -0.6487 0.7522 0.1158
vn -0.8687 0.4943 0.0330
vn -0.2724 0.5349 0.7998
vn -0.3969 0.5199 0.7565
vn -0.6298 0.5793 0.5174
vn -0.2624 0.9003 0.3473
vn -0.2115 0.8309 0.5147
vn -0.1541 0.8088 0.5675
vn -0.2166 0.5367 0.8155
vn -0.1459 0.5262 0.8378
vn -0.1139 0.8151 0.5680
vn -0.0613 0.8220 0.5662
vn -0.0539 0.4940 0.8678
vn 0.1021 0.5033 0.8580
vn 0.0008 0.8344 0.5511
vn 0.0697 0.8487 0.5243
vn 0.3715 0.6683 0.6445
vn 0.2668 0.5778 0.7713
vn 0.1512 0.8448 0.5133
vn 0.2357 0.8381 0.4920
vn 0.4235 0.7414 0.5206
vn 0.4117 0.7201 0.5586
vn 0.2928 0.8349 0.4661
vn 0.3197 0.8327 0.4521
vn 0.4179 0.7398 0.5273
vn 0.4260 0.7432 0.5160
vn 0.3262 0.8293 0.4538
vn 0.3235 0.8186 0.4747
vn 0.3964 0.7201 0.5695
vn 0.4080 0.7321 0.5455
vn 0.3197 0.8044 0.5007
vn 0.3102 0.7893 0.5299
vn 0.3444 0.6672 0.6605
vn 0.3761 0.6966 0.6109
vn 0.2796 0.7703 0.5731
vn 0.2236 0.7474 0.6256
vn 0.2289 0.5638 0.7935
vn 0.2997 0.6304 0.7160
vn 0.1331 0.7227 0.6782
vn 0.0060 0.6637 0.7479
vn 0.0830 0.3925 0.9160
vn 0.1415 0.4726 0.8698
vn -0.1177 0.5608 0.8195
vn -0.1920 0.4635 0.8650
vn 0.1646 0.6574 0.7354
vn 0.1028 0.3746 0.9215
vn -0.1854 0.4179 0.8894
vn -0.4068 0.4249 0.8087
vn -0.2823 0.5212 0.8054
vn -0.5615 0.8263 -0.0448
vn -0.1457 0.9748 0.1691
vn -0.3545 0.7545 0.5524
vn -0.6008 0.7943 0.0901
vn -0.6851 0.6495 -0.3298
vn -0.6782 0.7225 -0.1346
vn -0.7047 0.7095 0.0018
vn -0.7213 0.6860 0.0960
vn -0.6334 0.3688 -0.6803
vn -0.5064 0.3995 -0.7641
vn -0.6323 0.6677 0.3930
vn -0.4695 0.6531 0.5942
vn -0.6351 0.7678 -0.0849
vn -0.7313 0.5732 -0.3697
vn -0.4087 0.7286 0.5497
vn -0.3858 0.8394 0.3828
vn -0.3163 0.9448 0.0852
vn -0.5138 0.8568 -0.0430
vn -0.3432 0.9042 0.2542
vn -0.3740 0.9220 0.1007
vn 0.3778 0.6130 0.6939
vn 0.2469 0.7644 0.5956
vn -0.4484 0.8874 -0.1069
vn -0.4499 0.8692 -0.2051
vn -0.2687 0.9626 0.0350
vn 0.2299 0.7739 0.5901
vn -0.4015 0.8963 -0.1881
vn -0.2950 0.9539 -0.0554
vn -0.3866 0.9090 -0.1561
vn -0.4101 0.8969 -0.1653
vn -0.2308 0.9728 0.0216
vn -0.2450 0.9695 0.0018
vn -0.5465 0.8343 -0.0722
vn -0.4548 0.8792 -0.1420
vn -0.2804 0.9599 -0.0049
vn -0.3230 0.9453 0.0462
vn -0.6732 0.7295 0.1211
vn -0.3301 0.9273 0.1764
vn 0.5476 0.5270 -0.6499
vn 0.4766 0.5286 -0.7025
vn 0.4744 0.5286 -0.7040
vn 0.5388 0.5275 -0.6569
vn 0.6292 0.5195 -0.5782
vn 0.6381 0.5182 -0.5695
vn 0.6466 0.5169 -0.5610
vn 0.5557 0.5266 -0.6433
vn 0.4787 0.5286 -0.7010
vn 0.4266 0.5273 -0.7349
vn 0.4475 0.5280 -0.7218
vn 0.4483 0.5281 -0.7212
vn 0.4277 0.5273 -0.7342
vn 0.4491 0.5281 -0.7207
vn 0.4287 0.5274 -0.7335
vn 0.4051 0.5262 -0.7477
vn 0.4061 0.5262 -0.7471
vn 0.3903 0.5252 -0.7562
vn 0.3897 0.5252 -0.7565
vn 0.4070 0.5263 -0.7466
vn 0.3908 0.5253 -0.7559
vn 0.3917 0.5253 -0.7554
vn 0.3911 0.5253 -0.7557
vn 0.4212 0.5270 -0.7381
vn 0.4226 0.5271 -0.7373
vn 0.3906 0.5252 -0.7560
vn 0.4198 0.5270 -0.7390
vn 0.7376 0.4966 -0.4576
vn 0.7218 0.5011 -0.4774
vn 0.8402 0.4523 -0.2992
vn 0.8253 0.4608 -0.3263
vn 0.8536 0.4437 -0.2730
vn 0.7521 0.4920 -0.4386
vn 0.9037 0.3992 -0.1547
vn 0.9156 0.3849 -0.1165
vn 0.9553 0.2943 0.0285
vn 0.9590 0.2649 0.1002
vn 0.9573 0.2366 0.1660
vn 0.9260 0.3696 -0.0774
vn 0.9610 0.1351 0.2414
vn 0.9408 0.1078 0.3215
vn 0.8442 0.0095 0.5360
vn 0.8250 0.0017 0.5651
vn 0.8014 -0.0067 0.5981
vn 0.9181 0.0849 0.3871
vn 0.7159 -0.0812 0.6935
vn 0.7164 -0.0784 0.6932
vn 0.7055 -0.1484 0.6930
vn 0.6996 -0.1524 0.6981
vn 0.7192 -0.0730 0.6909
vn 0.6912 -0.1587 0.7050
vn 0.7100 -0.1819 0.6803
vn 0.7091 -0.1822 0.6811
vn 0.7030 -0.2171 0.6772
vn 0.7047 -0.2143 0.6764
vn 0.7073 -0.1838 0.6826
vn 0.7058 -0.2123 0.6758
vn 0.6914 -0.2445 0.6799
vn 0.6946 -0.2396 0.6783
vn 0.6784 -0.2633 0.6859
vn 0.6728 -0.2711 0.6883
vn 0.6837 -0.2557 0.6835
vn 0.6975 -0.2352 0.6768
vn 0.6616 -0.2865 0.6929
vn 0.6585 -0.2907 0.6942
vn 0.6547 -0.2958 0.6956
vn 0.6549 -0.2955 0.6955
vn 0.6647 -0.2823 0.6917
vn 0.6551 -0.2952 0.6954
vn 0.6580 -0.2914 0.6944
vn 0.6569 -0.2929 0.6948
vn 0.6679 -0.2780 0.6904
vn 0.6651 -0.2817 0.6915
vn 0.6625 -0.2853 0.6926
vn 0.6558 -0.2944 0.6952
vn 0.6782 -0.2636 0.6860
vn 0.6760 -0.2666 0.6870
vn 0.6835 -0.2560 0.6836
vn 0.6828 -0.2569 0.6839
vn 0.6823 -0.2577 0.6842
vn 0.6740 -0.2694 0.6878
vn 0.6773 -0.2647 0.6864
vn 0.6789 -0.2625 0.6857
vn 0.6562 -0.2938 0.6950
vn 0.6590 -0.2900 0.6940
vn 0.6617 -0.2865 0.6929
vn 0.6803 -0.2605 0.6850
vn 0.6306 -0.3269 0.7039
vn 0.6322 -0.3250 0.7034
vn 0.6077 -0.3548 0.7104
vn 0.6083 -0.3542 0.7103
vn 0.6087 -0.3537 0.7102
vn 0.6336 -0.3232 0.7029
vn 0.5445 -0.4242 0.7236
vn 0.5447 -0.4244 0.7233
vn 0.3124 -0.5655 0.7633
vn 0.3122 -0.5684 0.7613
vn 0.3101 -0.5724 0.7591
vn 0.5449 -0.4247 0.7229
vn -0.0606 -0.6044 0.7943
vn -0.0660 -0.6020 0.7958
vn -0.3015 -0.5450 0.7824
vn -0.2961 -0.5471 0.7830
vn -0.2919 -0.5493 0.7830
vn -0.0585 -0.6080 0.7918
vn -0.3997 -0.5258 0.7508
vn -0.3982 -0.5265 0.7512
vn -0.4368 -0.5277 0.7285
vn -0.4368 -0.5277 0.7286
vn -0.4367 -0.5277 0.7286
vn -0.3969 -0.5272 0.7514
vn -0.4550 -0.5282 0.7169
vn -0.4859 -0.5286 0.6960
vn -0.4549 -0.5282 0.7169
vn -0.4748 0.4232 0.7717
vn -0.5186 0.4234 0.7428
vn 0.4617 0.5284 -0.7125
vn 0.4611 0.5284 -0.7129
vn 0.4859 0.5286 -0.6960
vn 0.4606 0.5284 -0.7132
vn -0.3731 0.9220 -0.1034
vn -0.3149 0.9450 -0.0880
vn -0.2530 0.9675 -0.0031
vn -0.3343 0.9424 -0.0127
vn -0.2999 0.9524 -0.0553
vn -0.2308 0.9729 0.0130
vn -0.2049 0.9768 0.0619
vn -0.2073 0.9775 0.0389
vn -0.2351 0.9713 0.0365
vn -0.1784 0.9829 0.0461
vn -0.1733 0.9840 0.0413
vn -0.2067 0.9751 0.0802
vn -0.1989 0.9776 0.0693
vn -0.1605 0.9862 0.0394
vn -0.1523 0.9877 0.0361
vn -0.1477 0.9885 0.0316
vn -0.1377 0.9900 0.0295
vn -0.1870 0.9808 0.0557
vn -0.1733 0.9841 0.0391
vn -0.1313 0.9911 0.0224
vn -0.1174 0.9928 0.0224
vn -0.1064 0.9942 0.0163
vn -0.0925 0.9956 0.0177
vn -0.1485 0.9886 0.0257
vn -0.1153 0.9926 0.0390
vn -0.0804 0.9965 0.0219
vn -0.0740 0.9970 0.0207
vn -0.0596 0.9977 0.0327
vn -0.0605 0.9975 0.0373
vn -0.0675 0.9963 0.0526
vn -0.4398 0.8745 -0.2045
vn -0.4423 0.8703 -0.2169
vn -0.5602 0.7665 -0.3141
vn -0.5945 0.7446 -0.3034
vn -0.6333 0.7196 -0.2848
vn -0.4572 0.8725 -0.1720
vn -0.8201 0.4516 -0.3513
vn -0.7199 0.6044 -0.3412
vn -0.6830 0.6413 -0.3497
vn -0.7976 0.4911 -0.3502
vn -0.7532 0.5623 -0.3413
vn -0.8318 0.4165 -0.3668
vn -0.8681 0.3511 -0.3509
vn -0.8912 0.2859 -0.3523
vn -0.8875 0.2786 -0.3670
vn -0.8751 0.3237 -0.3598
vn -0.8812 0.2705 -0.3878
vn -0.8720 0.3070 -0.3812
vn -0.2323 0.9724 0.0220
vn -0.3155 0.9481 -0.0404
vn -0.3515 0.9352 -0.0434
vn -0.2496 0.9682 0.0166
vn -0.1724 0.9818 0.0798
vn -0.1909 0.9785 0.0783
vn -0.4850 0.8611 -0.1526
vn -0.6628 0.6986 -0.2696
vn -0.6817 0.6861 -0.2542
vn -0.5152 0.8449 -0.1437
vn -0.7755 0.5325 -0.3392
vn -0.8396 0.3933 -0.3746
vn -0.8487 0.3788 -0.3689
vn -0.7902 0.5168 -0.3293
vn -0.8780 0.2686 -0.3962
vn -0.8704 0.2983 -0.3918
vn -0.8829 0.2643 -0.3880
vn -0.8755 0.2912 -0.3855
vn -0.4092 0.9108 -0.0547
vn -0.3108 0.9504 -0.0080
vn -0.4885 0.8705 -0.0593
vn -0.4102 0.9115 -0.0281
vn -0.2738 0.9610 0.0399
vn -0.1971 0.9787 0.0582
vn -0.5450 0.8281 -0.1310
vn -0.6949 0.6818 -0.2284
vn -0.7137 0.6763 -0.1825
vn -0.5895 0.8005 -0.1082
vn -0.8623 0.3647 -0.3514
vn -0.8035 0.5105 -0.3062
vn -0.8173 0.5154 -0.2575
vn -0.8795 0.3588 -0.3126
vn -0.8950 0.2482 -0.3706
vn -0.8877 0.2751 -0.3692
vn -0.9048 0.2598 -0.3373
vn -0.9115 0.2319 -0.3397
vn -0.0902 0.9928 0.0784
vn -0.1510 0.9861 0.0689
vn -0.2008 0.9768 0.0746
vn -0.1240 0.9872 0.1007
vn -0.1761 0.9763 0.1261
vn -0.1967 0.9792 0.0492
vn -0.2467 0.9589 0.1402
vn -0.2205 0.9652 0.1407
vn -0.1645 0.9829 0.0828
vn -0.2001 0.9791 0.0378
vn -0.1912 0.9808 0.0379
vn -0.1833 0.9823 0.0376
vn -0.2458 0.9636 0.1053
vn -0.2473 0.9639 0.0990
vn -0.1710 0.9845 0.0391
vn -0.1791 0.9827 0.0477
vn -0.1751 0.9828 0.0583
vn -0.1723 0.9840 0.0464
vn -0.2740 0.9565 0.0998
vn -0.2015 0.9778 0.0581
vn -0.3513 0.9297 0.1111
vn -0.1873 0.9801 0.0665
vn -0.3462 0.9355 0.0704
vn -0.2677 0.9621 0.0519
vn -0.4028 0.9091 0.1063
vn -0.1635 0.9839 0.0720
vn -0.2046 0.9779 0.0419
vn -0.2141 0.9754 0.0519
vn -0.1761 0.9810 0.0818
vn -0.1997 0.9783 0.0545
vn -0.1981 0.9790 0.0485
vn -0.1873 0.9803 0.0622
vn -0.1837 0.9807 0.0666
vn -0.1836 0.9803 0.0734
vn -0.1789 0.9809 0.0766
vn -0.1905 0.9786 0.0778
vn -0.1856 0.9794 0.0794
vn -0.2401 0.9694 0.0511
vn -0.2493 0.9670 0.0525
vn -0.2277 0.9716 0.0642
vn -0.1438 0.9835 0.1097
vn -0.2357 0.9703 0.0546
vn -0.1455 0.9831 0.1108
vn -0.4867 0.8733 -0.0217
vn -0.5656 0.8229 -0.0542
vn -0.6110 0.7895 -0.0590
vn -0.5182 0.8552 -0.0145
vn -0.3621 0.9304 0.0574
vn -0.3365 0.9404 0.0480
vn -0.7316 0.6678 -0.1371
vn -0.6482 0.7560 -0.0906
vn -0.7469 0.6521 -0.1304
vn -0.6915 0.7155 -0.0994
vn -0.8179 0.5393 -0.2005
vn -0.8893 0.3723 -0.2656
vn -0.8921 0.3814 -0.2421
vn -0.8164 0.5493 -0.1779
vn -0.9251 0.2258 -0.3055
vn -0.9189 0.2562 -0.3000
vn -0.9248 0.2571 -0.2804
vn -0.9306 0.2253 -0.2885
vn -0.2089 0.9727 0.1007
vn -0.2407 0.9682 0.0676
vn -0.2831 0.9537 0.1012
vn -0.2747 0.9581 0.0814
vn -0.2157 0.9742 0.0665
vn -0.2429 0.9661 0.0875
vn -0.1911 0.9785 0.0774
vn -0.2139 0.9715 0.1025
vn -0.1828 0.9793 0.0867
vn -0.2036 0.9725 0.1130
vn -0.1895 0.9778 0.0894
vn -0.2095 0.9710 0.1154
vn -0.2638 0.9609 0.0837
vn -0.2441 0.9679 0.0600
vn -0.2512 0.9663 0.0569
vn -0.1552 0.9805 0.1207
vn -0.2796 0.9572 0.0741
vn -0.1775 0.9733 0.1454
vn -0.6253 0.7783 -0.0571
vn -0.5258 0.8506 -0.0050
vn -0.6435 0.7648 -0.0315
vn -0.5399 0.8414 0.0247
vn -0.3927 0.9146 0.0961
vn -0.3735 0.9253 0.0666
vn -0.7795 0.6090 -0.1466
vn -0.7139 0.6919 -0.1076
vn -0.7389 0.6679 -0.0888
vn -0.8148 0.5626 -0.1400
vn -0.9026 0.3566 -0.2414
vn -0.8448 0.5001 -0.1902
vn -0.9133 0.3335 -0.2340
vn -0.8746 0.4464 -0.1891
vn -0.9322 0.2267 -0.2821
vn -0.9276 0.2541 -0.2740
vn -0.9321 0.2392 -0.2720
vn -0.9292 0.2594 -0.2634
vn -0.4209 0.9049 0.0634
vn -0.3097 0.9463 0.0924
vn -0.5072 0.8606 0.0452
vn -0.3457 0.9306 0.1200
vn -0.2932 0.9448 0.1465
vn -0.2655 0.9577 0.1110
vn -0.2351 0.9632 0.1305
vn -0.2622 0.9508 0.1651
vn -0.2497 0.9525 0.1744
vn -0.2242 0.9642 0.1419
vn -0.2298 0.9626 0.1432
vn -0.2544 0.9513 0.1741
vn -0.2853 0.9523 0.1084
vn -0.3118 0.9404 0.1357
vn -0.3089 0.9466 0.0923
vn -0.1978 0.9651 0.1717
vn -0.2227 0.9538 0.2019
vn -0.3434 0.9323 0.1136
vn -0.6841 0.7293 0.0088
vn -0.5758 0.8145 0.0715
vn -0.7228 0.6891 0.0522
vn -0.6067 0.7849 0.1257
vn -0.4583 0.8649 0.2047
vn -0.4294 0.8912 0.1462
vn -0.8372 0.5376 -0.1003
vn -0.7752 0.6297 -0.0512
vn -0.8099 0.5864 -0.0132
vn -0.8586 0.5095 -0.0570
vn -0.8843 0.4427 -0.1487
vn -0.9164 0.3495 -0.1951
vn -0.9259 0.3502 -0.1417
vn -0.8958 0.4333 -0.0986
vn -0.9309 0.2865 -0.2267
vn -0.9346 0.2685 -0.2334
vn -0.9416 0.2903 -0.1706
vn -0.9472 0.2700 -0.1727
vn -0.4668 0.8778 0.1076
vn -0.3737 0.9104 0.1772
vn -0.3907 0.8868 0.2467
vn -0.3625 0.9028 0.2315
vn -0.3834 0.8854 0.2629
vn -0.3384 0.9191 0.2017
vn -0.3130 0.9247 0.2168
vn -0.3698 0.8871 0.2763
vn -0.3600 0.8879 0.2865
vn -0.2996 0.9273 0.2245
vn -0.3026 0.9265 0.2238
vn -0.3639 0.8853 0.2895
vn -0.4256 0.8711 0.2451
vn -0.3613 0.9145 0.1819
vn -0.3985 0.9040 0.1550
vn -0.2737 0.9281 0.2525
vn -0.4559 0.8614 0.2240
vn -0.3370 0.8834 0.3255
vn -0.7490 0.6526 0.1145
vn -0.6217 0.7574 0.1994
vn -0.6757 0.6722 0.3025
vn -0.7852 0.5780 0.2223
vn -0.4720 0.8364 0.2787
vn -0.5487 0.7484 0.3726
vn -0.8901 0.4555 -0.0143
vn -0.8399 0.5415 0.0381
vn -0.9163 0.3925 0.0802
vn -0.8670 0.4773 0.1431
vn -0.9509 0.2915 -0.1036
vn -0.9261 0.3724 -0.0608
vn -0.9507 0.3094 0.0219
vn -0.9726 0.2301 -0.0319
vn -0.9632 0.2354 -0.1295
vn -0.9684 0.2141 -0.1282
vn -0.9825 0.1743 -0.0660
vn -0.9866 0.1527 -0.0573
vn -0.3212 0.8816 0.3458
vn -0.4061 0.8545 0.3239
vn -0.3470 0.8110 0.4710
vn -0.4519 0.7809 0.4313
vn -0.4681 0.7703 0.4331
vn -0.4173 0.8461 0.3317
vn -0.4156 0.8417 0.3446
vn -0.4688 0.7623 0.4462
vn -0.4605 0.7543 0.4680
vn -0.4096 0.8381 0.3603
vn -0.4145 0.8315 0.3699
vn -0.4611 0.7436 0.4842
vn -0.5340 0.7231 0.4381
vn -0.4823 0.8142 0.3233
vn -0.3850 0.8229 0.4178
vn -0.4876 0.8098 0.3261
vn -0.5213 0.7208 0.4568
vn -0.4382 0.7252 0.5311
vn -0.8144 0.4745 0.3341
vn -0.7472 0.5376 0.3908
vn -0.8138 0.4018 0.4199
vn -0.7682 0.4457 0.4595
vn -0.6642 0.6012 0.4443
vn -0.7020 0.5005 0.5066
vn -0.9164 0.3398 0.2117
vn -0.8745 0.4033 0.2693
vn -0.8594 0.3497 0.3731
vn -0.8945 0.3018 0.3297
vn -0.9768 0.1963 0.0858
vn -0.9498 0.2733 0.1521
vn -0.9273 0.2484 0.2799
vn -0.9600 0.1782 0.2158
vn -0.9898 0.1370 0.0382
vn -0.9919 0.1164 0.0502
vn -0.9787 0.1217 0.1653
vn -0.9773 0.1033 0.1849
vn -0.5253 0.5889 0.6142
vn -0.5463 0.5306 0.6481
vn -0.5048 0.4967 0.7060
vn -0.5192 0.5682 0.6384
vn -0.0865 0.6925 0.7162
vn 0.1801 0.6628 0.7268
vn -0.2620 0.5830 0.7691
vn -0.5271 0.5047 0.6837
vn -0.5240 0.5333 0.6641
vn -0.4985 0.4663 0.7308
vn -0.5179 0.4388 0.7343
vn -0.3812 0.5046 0.7746
vn -0.4501 0.4678 0.7607
vn -0.5409 0.4261 0.7251
vn -0.6203 0.4241 0.6598
vn -0.6061 0.4797 0.6345
vn -0.5346 0.4893 0.6891
vn -0.5318 0.4613 0.7102
vn -0.5952 0.4258 0.6815
vn -0.7734 0.3623 0.5201
vn -0.7312 0.4004 0.5523
vn -0.6391 0.3825 0.6672
vn -0.6862 0.3415 0.6423
vn -0.4924 0.4831 0.7240
vn -0.6405 0.4689 0.6081
vn -0.8553 0.2653 0.4452
vn -0.8150 0.3173 0.4849
vn -0.7812 0.2320 0.5795
vn -0.7301 0.2959 0.6160
vn -0.8918 0.2092 0.4012
vn -0.9235 0.1501 0.3531
vn -0.8521 0.1070 0.5122
vn -0.8236 0.1650 0.5426
vn -0.9319 0.0864 0.3522
vn -0.9425 0.1048 0.3173
vn -0.8513 0.0466 0.5226
vn -0.8672 0.0659 0.4935
vn -0.5708 0.3549 0.7405
vn -0.6070 0.3164 0.7290
vn -0.5831 0.2875 0.7598
vn -0.5666 0.3161 0.7609
vn -0.4550 0.4511 0.7678
vn -0.4139 0.4782 0.7746
vn -0.6422 0.2750 0.7155
vn -0.6915 0.2062 0.6923
vn -0.6311 0.1956 0.7507
vn -0.6001 0.2566 0.7576
vn -0.7534 0.0723 0.6536
vn -0.7310 0.1320 0.6695
vn -0.6583 0.1261 0.7421
vn -0.6754 0.0680 0.7343
vn -0.7642 0.0331 0.6442
vn -0.7599 0.0195 0.6497
vn -0.6849 0.0305 0.7280
vn -0.6857 0.0198 0.7276
vn -0.5825 0.2643 0.7686
vn -0.5603 0.3058 0.7698
vn -0.5852 0.2442 0.7732
vn -0.5613 0.3244 0.7614
vn -0.5405 0.4032 0.7384
vn -0.5193 0.4104 0.7496
vn -0.6017 0.1904 0.7757
vn -0.5904 0.2333 0.7726
vn -0.5923 0.1805 0.7852
vn -0.5902 0.2056 0.7807
vn -0.6151 0.1390 0.7761
vn -0.6279 0.0812 0.7740
vn -0.6076 0.0915 0.7890
vn -0.5982 0.1491 0.7874
vn -0.6368 0.0256 0.7706
vn -0.6355 0.0381 0.7711
vn -0.6140 0.0274 0.7888
vn -0.6129 0.0422 0.7890
vn -0.5815 0.2301 0.7803
vn -0.5651 0.3180 0.7613
vn -0.5483 0.3973 0.7359
vn -0.5862 0.1765 0.7907
vn -0.5850 0.1925 0.7879
vn -0.5898 0.1522 0.7931
vn -0.5959 0.0942 0.7975
vn -0.5996 0.0278 0.7998
vn -0.5991 0.0430 0.7995
vn -0.5088 0.6696 0.5410
vn -0.3272 0.7198 0.6122
vn -0.5211 0.6571 0.5447
vn -0.5199 0.6396 0.5662
vn -0.5119 0.6211 0.5934
vn -0.5102 0.6060 0.6103
vn -0.5798 0.5909 0.5610
vn -0.5658 0.5928 0.5732
vn -0.5991 0.4837 0.6380
vn -0.5406 0.4845 0.6877
vn -0.4986 0.5932 0.6321
vn -0.6653 0.5149 0.5406
vn -0.5648 0.5453 0.6194
vn -0.5889 0.4555 0.6677
vn -0.6976 0.4208 0.5799
vn -0.2561 0.6569 0.7091
vn -0.2492 0.5898 0.7681
vn -0.2192 0.3181 0.9224
vn -0.6228 0.1559 0.7667
vn -0.7445 0.1271 0.6554
vn -0.7851 0.4250 0.4506
vn -0.7469 0.5141 0.4217
vn -0.7023 0.5162 0.4901
vn -0.7379 0.4242 0.5250
vn -0.7932 0.1356 0.5937
vn -0.8482 0.1449 0.5096
vn -0.8322 0.4338 0.3453
vn -0.8688 0.4571 0.1903
vn -0.8279 0.5294 0.1853
vn -0.7918 0.5168 0.3256
vn -0.9058 0.1693 0.3883
vn -0.9537 0.2216 0.2033
vn -0.8688 0.4951 -0.0105
vn -0.8188 0.5439 -0.1836
vn -0.7877 0.5941 -0.1633
vn -0.8319 0.5549 0.0002
vn -0.9531 0.3005 -0.0352
vn -0.8928 0.3852 -0.2334
vn -0.7453 0.5884 -0.3136
vn -0.7186 0.6325 -0.2890
vn -0.7415 0.6213 -0.2534
vn -0.7694 0.5756 -0.2770
vn -0.8347 0.4358 -0.3365
vn -0.8071 0.4555 -0.3757
vn -0.7375 0.5934 -0.3226
vn -0.7420 0.5906 -0.3171
vn -0.7174 0.6333 -0.2902
vn -0.7118 0.6363 -0.2972
vn -0.7965 0.4642 -0.3875
vn -0.7975 0.4634 -0.3864
vn -0.7521 0.5837 -0.3061
vn -0.7627 0.5797 -0.2867
vn -0.7399 0.6220 -0.2563
vn -0.7285 0.6263 -0.2778
vn -0.8043 0.4576 -0.3791
vn -0.8125 0.4543 -0.3653
vn -0.7756 0.5818 -0.2450
vn -0.7903 0.5846 -0.1833
vn -0.7672 0.6256 -0.1412
vn -0.7531 0.6233 -0.2104
vn -0.8234 0.4570 -0.3362
vn -0.8371 0.4605 -0.2953
vn -0.8046 0.5857 0.0983
vn -0.7823 0.6212 -0.0459
vn -0.8081 0.5809 -0.0977
vn -0.8355 0.5483 0.0350
vn -0.8569 0.4575 -0.2373
vn -0.8911 0.4311 -0.1414
vn -0.8602 0.4776 0.1785
vn -0.8763 0.4036 0.2631
vn -0.8342 0.4286 0.3471
vn -0.8224 0.5088 0.2544
vn -0.9259 0.3760 -0.0359
vn -0.9474 0.3191 0.0254
vn -0.7708 0.6245 0.1254
vn -0.7555 0.6228 0.2033
vn -0.8645 0.3946 0.3113
vn -0.8984 0.3751 0.2284
vn -0.9509 0.3095 -0.0098
vn -0.7696 0.6219 -0.1451
vn -0.0114 0.9982 0.0581
vn 0.6180 0.7657 0.1783
vn 0.5710 0.7887 0.2280
vn -0.0563 0.9883 0.1416
vn 0.1178 0.9773 -0.1763
vn 0.6953 0.7150 0.0736
vn 0.7027 0.6351 0.3209
vn 0.7450 0.6089 0.2724
vn 0.7690 0.5373 0.3463
vn 0.6854 0.5886 0.4287
vn 0.8061 0.5619 0.1856
vn 0.8802 0.4362 0.1871
vn 0.6292 0.5741 0.5239
vn 0.3536 0.6553 0.6675
vn -0.0700 0.7048 0.7060
vn 0.3562 0.6643 0.6571
vn 0.9459 0.2905 0.1446
vn 0.9385 0.2496 0.2386
vn 0.0366 0.8314 0.5545
vn -0.1056 0.7592 0.6423
vn 0.1799 0.7310 0.6582
vn 0.1723 0.8035 0.5698
vn 0.7724 0.4251 0.4719
vn 0.5182 0.6525 0.5529
vn 0.2463 0.8421 0.4797
vn 0.6305 0.6421 0.4361
vn 0.5339 0.7127 0.4550
vn 0.1560 0.8684 0.4707
vn 0.4738 0.7329 0.4883
vn 0.5090 0.7507 0.4211
vn 0.8941 0.2354 0.3811
vn 0.8725 0.2943 0.3901
vn 0.8221 0.3929 0.4121
vn 0.8662 0.3173 0.3861
vn 0.1117 0.9539 0.2784
vn -0.0060 0.9707 0.2402
vn 0.6022 0.6997 0.3844
vn 0.8333 0.3880 0.3937
vn 0.8592 0.3188 0.4001
vn 0.6532 0.6353 0.4119
vn 0.0884 0.9466 0.3100
vn 0.5193 0.7536 0.4029
vn 0.3956 0.8460 0.3574
vn 0.4018 0.8358 0.3743
vn 0.3463 0.8696 0.3520
vn 0.3439 0.8784 0.3318
vn 0.5503 0.7336 0.3987
vn 0.5521 0.7144 0.4300
vn 0.2860 0.8136 0.5062
vn 0.3350 0.8515 0.4033
vn 0.3885 0.8145 0.4308
vn 0.3372 0.7704 0.5410
vn 0.5328 0.6809 0.5024
vn 0.4744 0.6125 0.6323
vn 0.1148 0.7522 0.6489
vn 0.1552 0.6990 0.6980
vn 0.2684 0.4943 0.8269
vn -0.5734 0.5199 0.6332
vn -0.6570 0.5349 0.5314
vn -0.2687 0.5793 0.7695
vn -0.2357 0.9003 0.3660
vn -0.4103 0.8309 0.3759
vn -0.4797 0.8088 0.3402
vn -0.7362 0.5262 0.4257
vn -0.6909 0.5367 0.4843
vn -0.4940 0.8151 0.3027
vn -0.5104 0.8220 0.2526
vn -0.8407 0.5033 0.1999
vn -0.7960 0.4940 0.3497
vn -0.5176 0.8344 0.1892
vn -0.5162 0.8487 0.1152
vn -0.8160 0.5778 0.0154
vn -0.7331 0.6683 -0.1266
vn -0.5340 0.8448 0.0350
vn -0.5431 0.8381 -0.0517
vn -0.6662 0.7201 -0.1940
vn -0.6346 0.7414 -0.2181
vn -0.5384 0.8349 -0.1142
vn -0.5346 0.8327 -0.1443
vn -0.6312 0.7432 -0.2221
vn -0.6390 0.7398 -0.2106
vn -0.5384 0.8293 -0.1498
vn -0.5571 0.8186 -0.1401
vn -0.6527 0.7321 -0.1951
vn -0.6712 0.7201 -0.1759
vn -0.5802 0.8044 -0.1276
vn -0.6043 0.7893 -0.1086
vn -0.7031 0.6966 -0.1426
vn -0.7387 0.6672 -0.0957
vn -0.6344 0.7703 -0.0649
vn -0.6643 0.7474 0.0057
vn -0.7755 0.6304 -0.0346
vn -0.8238 0.5638 0.0585
vn -0.6825 0.7227 0.1088
vn -0.7042 0.6637 0.2521
vn -0.8653 0.4726 0.1669
vn -0.8885 0.3925 0.2378
vn -0.7288 0.5608 0.3929
vn -0.7459 0.4635 0.4784
vn -0.9005 0.3746 0.2211
vn -0.7470 0.6574 0.0989
vn -0.7710 0.4179 0.4805
vn -0.6588 0.5211 0.5426
vn -0.6190 0.4249 0.6605
vn -0.1085 0.9748 0.1950
vn 0.2355 0.8263 0.5116
vn -0.3964 0.7545 0.5232
vn 0.1224 0.7943 0.5951
vn 0.5457 0.6495 0.5295
vn 0.3601 0.7225 0.5902
vn 0.2412 0.7095 0.6621
vn 0.1584 0.6860 0.7102
vn 0.8569 0.3688 0.3602
vn 0.8919 0.3995 0.2121
vn -0.1511 0.6677 0.7290
vn -0.3960 0.6531 0.6455
vn 0.5991 0.5732 0.5591
vn 0.2985 0.7677 0.5669
vn -0.3752 0.7286 0.5731
vn -0.2264 0.8394 0.4941
vn 0.2174 0.8568 0.4675
vn 0.0290 0.9448 0.3263
vn -0.1204 0.9042 0.4098
vn 0.0344 0.9220 0.3858
vn -0.6442 0.7644 -0.0265
vn -0.7816 0.6130 -0.1156
vn 0.2549 0.8874 0.3842
vn 0.3475 0.8692 0.3516
vn -0.6332 0.7739 -0.0125
vn 0.0597 0.9626 0.2643
vn 0.3149 0.8963 0.3121
vn 0.1537 0.9539 0.2579
vn 0.2798 0.9090 0.3091
vn 0.2965 0.8969 0.3280
vn 0.0592 0.9728 0.2241
vn 0.0827 0.9695 0.2306
vn 0.2900 0.8792 0.3781
vn 0.2561 0.8343 0.4882
vn 0.1012 0.9599 0.2615
vn 0.0680 0.9453 0.3191
vn 0.1183 0.7295 0.6737
vn -0.0518 0.9273 0.3707
vn 0.4952 0.5286 -0.6895
vn 0.4214 0.5270 -0.7380
vn 0.4309 0.5275 -0.7322
vn 0.4974 0.5286 -0.6879
vn 0.4931 0.5286 -0.6910
vn 0.4124 0.5266 -0.7434
vn 0.3038 0.5169 -0.8003
vn 0.3147 0.5182 -0.7952
vn 0.3260 0.5195 -0.7899
vn 0.5428 0.5273 -0.6537
vn 0.5418 0.5273 -0.6545
vn 0.5226 0.5281 -0.6694
vn 0.5234 0.5280 -0.6688
vn 0.5408 0.5274 -0.6553
vn 0.5218 0.5281 -0.6700
vn 0.5614 0.5262 -0.6387
vn 0.5622 0.5262 -0.6380
vn 0.5759 0.5252 -0.6265
vn 0.5754 0.5252 -0.6269
vn 0.5749 0.5253 -0.6274
vn 0.5606 0.5263 -0.6393
vn 0.5478 0.5270 -0.6497
vn 0.5746 0.5253 -0.6276
vn 0.5741 0.5253 -0.6280
vn 0.5465 0.5271 -0.6508
vn 0.5491 0.5270 -0.6487
vn 0.5751 0.5252 -0.6272
vn 0.1754 0.4966 -0.8501
vn 0.1994 0.5011 -0.8421
vn 0.1525 0.4920 -0.8571
vn -0.0378 0.4437 -0.8954
vn -0.0087 0.4523 -0.8918
vn 0.0219 0.4608 -0.8872
vn -0.2062 0.3849 -0.8996
vn -0.1662 0.3992 -0.9017
vn -0.2465 0.3696 -0.8959
vn -0.4857 0.2366 -0.8415
vn -0.4246 0.2649 -0.8658
vn -0.3559 0.2943 -0.8870
vn -0.6260 0.1078 -0.7723
vn -0.5578 0.1351 -0.8189
vn -0.6798 0.0849 -0.7285
vn -0.8376 -0.0067 -0.5462
vn -0.8148 0.0017 -0.5797
vn -0.7941 0.0095 -0.6077
vn -0.8977 -0.0784 -0.4337
vn -0.8977 -0.0811 -0.4330
vn -0.8964 -0.0731 -0.4371
vn -0.9000 -0.1587 -0.4059
vn -0.8964 -0.1524 -0.4162
vn -0.8937 -0.1484 -0.4234
vn -0.8838 -0.1822 -0.4310
vn -0.8833 -0.1819 -0.4321
vn -0.8845 -0.1838 -0.4288
vn -0.8777 -0.2123 -0.4297
vn -0.8778 -0.2143 -0.4285
vn -0.8780 -0.2171 -0.4266
vn -0.8761 -0.2396 -0.4184
vn -0.8765 -0.2445 -0.4147
vn -0.8758 -0.2352 -0.4216
vn -0.8772 -0.2557 -0.4063
vn -0.8777 -0.2633 -0.4004
vn -0.8780 -0.2711 -0.3944
vn -0.8785 -0.2865 -0.3823
vn -0.8786 -0.2907 -0.3789
vn -0.8784 -0.2823 -0.3856
vn -0.8786 -0.2955 -0.3751
vn -0.8786 -0.2952 -0.3754
vn -0.8786 -0.2958 -0.3749
vn -0.8786 -0.2929 -0.3772
vn -0.8786 -0.2914 -0.3784
vn -0.8786 -0.2944 -0.3760
vn -0.8784 -0.2817 -0.3861
vn -0.8785 -0.2854 -0.3832
vn -0.8783 -0.2780 -0.3890
vn -0.8778 -0.2666 -0.3979
vn -0.8777 -0.2636 -0.4002
vn -0.8780 -0.2694 -0.3957
vn -0.8774 -0.2577 -0.4047
vn -0.8773 -0.2569 -0.4053
vn -0.8773 -0.2560 -0.4060
vn -0.8776 -0.2625 -0.4010
vn -0.8778 -0.2647 -0.3993
vn -0.8775 -0.2605 -0.4026
vn -0.8786 -0.2900 -0.3795
vn -0.8786 -0.2938 -0.3765
vn -0.8782 -0.3250 -0.3510
vn -0.8781 -0.3269 -0.3494
vn -0.8782 -0.3232 -0.3525
vn -0.8765 -0.3537 -0.3267
vn -0.8764 -0.3542 -0.3262
vn -0.8764 -0.3548 -0.3257
vn -0.8667 -0.4244 -0.2621
vn -0.8669 -0.4242 -0.2617
vn -0.8665 -0.4247 -0.2624
vn -0.8222 -0.5684 -0.0307
vn -0.8194 -0.5724 -0.0295
vn -0.8242 -0.5655 -0.0302
vn -0.7248 -0.6044 0.3307
vn -0.7243 -0.6020 0.3362
vn -0.7231 -0.6080 0.3278
vn -0.6345 -0.5493 0.5438
vn -0.6330 -0.5471 0.5478
vn -0.6306 -0.5450 0.5526
vn -0.5679 -0.5265 0.6326
vn -0.5671 -0.5259 0.6339
vn -0.5686 -0.5272 0.6315
vn -0.5334 -0.5277 0.6611
vn -0.5162 -0.5282 0.6742
vn -0.5163 -0.5282 0.6741
vn -0.5608 0.4232 0.7117
vn 0.5103 0.5284 -0.6785
vn 0.5098 0.5284 -0.6789
vn 0.5108 0.5284 -0.6781
# 1446 vertex normals

vt 0.7500 0.3333 0.0000
# 1 texture coords

o Bonnet
g Bonnet
usemtl uploads_files_1862674_Beetle___OBJ_wire_000000000
s 1
f 1/1/1 2/1/2 3/1/3 4/1/4 
f 1/1/1 5/1/5 6/1/6 2/1/2 
f 7/1/7 2/1/2 6/1/6 8/1/8 
f 2/1/2 7/1/7 9/1/9 3/1/3 
f 5/1/5 10/1/10 11/1/11 6/1/6 
f 12/1/12 13/1/13 11/1/11 10/1/10 
f 11/1/11 13/1/13 14/1/14 15/1/15 
f 6/1/6 11/1/11 15/1/15 8/1/8 
f 13/1/13 12/1/12 16/1/16 17/1/17 
f 17/1/17 16/1/16 18/1/18 19/1/19 
f 20/1/20 21/1/21 17/1/17 19/1/19 
f 17/1/17 21/1/21 14/1/14 13/1/13 
f 18/1/18 22/1/22 23/1/23 19/1/19 
f 22/1/22 24/1/24 25/1/25 23/1/23 
f 26/1/26 23/1/23 25/1/25 27/1/27 
f 23/1/23 26/1/26 20/1/20 19/1/19 
f 28/1/28 29/1/29 25/1/25 24/1/24 
f 30/1/30 31/1/31 29/1/29 28/1/28 
f 32/1/32 29/1/29 31/1/31 33/1/33 
f 25/1/25 29/1/29 32/1/32 27/1/27 
f 34/1/34 35/1/35 36/1/36 37/1/37 
f 3/1/3 34/1/34 37/1/37 4/1/4 
f 3/1/3 9/1/9 38/1/38 34/1/34 
f 39/1/39 35/1/35 34/1/34 38/1/38 
f 40/1/40 41/1/41 42/1/42 43/1/43 
f 42/1/42 36/1/36 35/1/35 43/1/43 
f 39/1/39 44/1/44 43/1/43 35/1/35 
f 45/1/45 40/1/40 43/1/43 44/1/44 
f 46/1/46 47/1/47 48/1/48 49/1/49 
f 40/1/40 46/1/46 49/1/49 41/1/41 
f 46/1/46 40/1/40 45/1/45 50/1/50 
f 51/1/51 47/1/47 46/1/46 50/1/50 
f 52/1/52 9/1/9 7/1/7 53/1/53 
f 54/1/54 53/1/53 7/1/7 8/1/8 
f 55/1/55 56/1/56 53/1/53 54/1/54 
f 56/1/56 57/1/57 52/1/52 53/1/53 
f 58/1/58 59/1/59 39/1/39 38/1/38 
f 58/1/58 38/1/38 9/1/9 52/1/52 
f 57/1/57 60/1/60 58/1/58 52/1/52 
f 59/1/59 58/1/58 60/1/60 61/1/61 
f 45/1/45 44/1/44 62/1/62 63/1/63 
f 62/1/62 44/1/44 39/1/39 59/1/59 
f 62/1/62 59/1/59 61/1/61 64/1/64 
f 63/1/63 62/1/62 64/1/64 65/1/65 
f 66/1/66 67/1/67 51/1/51 50/1/50 
f 50/1/50 45/1/45 63/1/63 66/1/66 
f 65/1/65 68/1/68 66/1/66 63/1/63 
f 68/1/68 69/1/69 67/1/67 66/1/66 
f 70/1/70 57/1/57 56/1/56 71/1/71 
f 55/1/55 72/1/72 71/1/71 56/1/56 
f 71/1/71 72/1/72 73/1/73 74/1/74 
f 70/1/70 71/1/71 74/1/74 75/1/75 
f 61/1/61 60/1/60 76/1/76 77/1/77 
f 76/1/76 60/1/60 57/1/57 70/1/70 
f 76/1/76 70/1/70 75/1/75 78/1/78 
f 76/1/76 78/1/78 79/1/79 77/1/77 
f 80/1/80 81/1/81 65/1/65 64/1/64 
f 80/1/80 64/1/64 61/1/61 77/1/77 
f 79/1/79 82/1/82 80/1/80 77/1/77 
f 82/1/82 83/1/83 81/1/81 80/1/80 
f 84/1/84 69/1/69 68/1/68 85/1/85 
f 81/1/81 85/1/85 68/1/68 65/1/65 
f 81/1/81 83/1/83 86/1/86 85/1/85 
f 86/1/86 87/1/87 84/1/84 85/1/85 
f 88/1/88 89/1/89 27/1/27 32/1/32 
f 90/1/90 88/1/88 32/1/32 33/1/33 
f 90/1/90 91/1/91 92/1/92 88/1/88 
f 92/1/92 93/1/93 89/1/89 88/1/88 
f 94/1/94 95/1/95 96/1/96 97/1/97 
f 98/1/98 99/1/99 94/1/94 97/1/97 
f 100/1/100 101/1/101 94/1/94 99/1/99 
f 101/1/101 102/1/102 95/1/95 94/1/94 
f 98/1/98 103/1/103 104/1/104 99/1/99 
f 103/1/103 105/1/105 106/1/106 104/1/104 
f 106/1/106 107/1/107 108/1/108 104/1/104 
f 100/1/100 99/1/99 104/1/104 108/1/108 
f 109/1/109 106/1/106 105/1/105 110/1/110 
f 110/1/110 111/1/111 112/1/112 109/1/109 
f 113/1/113 114/1/114 109/1/109 112/1/112 
f 106/1/106 109/1/109 114/1/114 107/1/107 
f 101/1/101 115/1/115 116/1/116 102/1/102 
f 100/1/100 117/1/117 115/1/115 101/1/101 
f 118/1/118 115/1/115 117/1/117 119/1/119 
f 115/1/115 118/1/118 120/1/120 116/1/116 
f 117/1/117 100/1/100 108/1/108 121/1/121 
f 122/1/122 121/1/121 108/1/108 107/1/107 
f 123/1/123 121/1/121 122/1/122 124/1/124 
f 117/1/117 121/1/121 123/1/123 119/1/119 
f 122/1/122 107/1/107 114/1/114 125/1/125 
f 113/1/113 126/1/126 125/1/125 114/1/114 
f 127/1/127 128/1/128 125/1/125 126/1/126 
f 122/1/122 125/1/125 128/1/128 124/1/124 
f 92/1/92 129/1/129 130/1/130 93/1/93 
f 92/1/92 91/1/91 131/1/131 129/1/129 
f 132/1/132 133/1/133 129/1/129 131/1/131 
f 129/1/129 133/1/133 134/1/134 130/1/130 
f 75/1/75 74/1/74 135/1/135 136/1/136 
f 73/1/73 137/1/137 135/1/135 74/1/74 
f 137/1/137 138/1/138 139/1/139 135/1/135 
f 139/1/139 140/1/140 136/1/136 135/1/135 
f 78/1/78 141/1/141 142/1/142 79/1/79 
f 75/1/75 136/1/136 141/1/141 78/1/78 
f 140/1/140 143/1/143 141/1/141 136/1/136 
f 143/1/143 144/1/144 142/1/142 141/1/141 
f 145/1/145 83/1/83 82/1/82 146/1/146 
f 82/1/82 79/1/79 142/1/142 146/1/146 
f 144/1/144 147/1/147 146/1/146 142/1/142 
f 147/1/147 148/1/148 145/1/145 146/1/146 
f 86/1/86 149/1/149 150/1/150 87/1/87 
f 83/1/83 145/1/145 149/1/149 86/1/86 
f 148/1/148 151/1/151 149/1/149 145/1/145 
f 151/1/151 152/1/152 150/1/150 149/1/149 
f 153/1/153 154/1/154 120/1/120 118/1/118 
f 119/1/119 155/1/155 153/1/153 118/1/118 
f 155/1/155 156/1/156 157/1/157 153/1/153 
f 157/1/157 158/1/158 154/1/154 153/1/153 
f 155/1/155 119/1/119 123/1/123 159/1/159 
f 124/1/124 160/1/160 159/1/159 123/1/123 
f 159/1/159 160/1/160 161/1/161 162/1/162 
f 156/1/156 155/1/155 159/1/159 162/1/162 
f 160/1/160 124/1/124 128/1/128 163/1/163 
f 128/1/128 127/1/127 164/1/164 163/1/163 
f 164/1/164 165/1/165 166/1/166 163/1/163 
f 163/1/163 166/1/166 161/1/161 160/1/160 
f 134/1/134 133/1/133 167/1/167 168/1/168 
f 132/1/132 169/1/169 167/1/167 133/1/133 
f 170/1/170 171/1/171 167/1/167 169/1/169 
f 168/1/168 167/1/167 171/1/171 172/1/172 
f 140/1/140 139/1/139 173/1/173 174/1/174 
f 173/1/173 139/1/139 138/1/138 175/1/175 
f 176/1/176 173/1/173 175/1/175 177/1/177 
f 173/1/173 176/1/176 178/1/178 174/1/174 
f 179/1/179 180/1/180 144/1/144 143/1/143 
f 140/1/140 174/1/174 179/1/179 143/1/143 
f 178/1/178 181/1/181 179/1/179 174/1/174 
f 181/1/181 182/1/182 180/1/180 179/1/179 
f 183/1/183 184/1/184 148/1/148 147/1/147 
f 147/1/147 144/1/144 180/1/180 183/1/183 
f 182/1/182 185/1/185 183/1/183 180/1/180 
f 185/1/185 186/1/186 184/1/184 183/1/183 
f 152/1/152 151/1/151 187/1/187 188/1/188 
f 151/1/151 148/1/148 184/1/184 187/1/187 
f 186/1/186 189/1/189 187/1/187 184/1/184 
f 189/1/189 190/1/190 188/1/188 187/1/187 
f 158/1/158 157/1/157 191/1/191 192/1/192 
f 156/1/156 193/1/193 191/1/191 157/1/157 
f 194/1/194 191/1/191 193/1/193 195/1/195 
f 192/1/192 191/1/191 194/1/194 196/1/196 
f 162/1/162 197/1/197 193/1/193 156/1/156 
f 161/1/161 198/1/198 197/1/197 162/1/162 
f 198/1/198 199/1/199 200/1/200 197/1/197 
f 193/1/193 197/1/197 200/1/200 195/1/195 
f 198/1/198 161/1/161 166/1/166 201/1/201 
f 165/1/165 202/1/202 201/1/201 166/1/166 
f 203/1/203 204/1/204 201/1/201 202/1/202 
f 204/1/204 199/1/199 198/1/198 201/1/201 
f 171/1/171 205/1/205 206/1/206 172/1/172 
f 207/1/207 205/1/205 171/1/171 170/1/170 
f 208/1/208 205/1/205 207/1/207 209/1/209 
f 206/1/206 205/1/205 208/1/208 210/1/210 
f 176/1/176 211/1/211 212/1/212 178/1/178 
f 176/1/176 177/1/177 213/1/213 211/1/211 
f 214/1/214 211/1/211 213/1/213 215/1/215 
f 211/1/211 214/1/214 216/1/216 212/1/212 
f 182/1/182 181/1/181 217/1/217 218/1/218 
f 178/1/178 212/1/212 217/1/217 181/1/181 
f 216/1/216 219/1/219 217/1/217 212/1/212 
f 219/1/219 220/1/220 218/1/218 217/1/217 
f 186/1/186 185/1/185 221/1/221 222/1/222 
f 185/1/185 182/1/182 218/1/218 221/1/221 
f 220/1/220 223/1/223 221/1/221 218/1/218 
f 223/1/223 224/1/224 222/1/222 221/1/221 
f 190/1/190 189/1/189 225/1/225 226/1/226 
f 189/1/189 186/1/186 222/1/222 225/1/225 
f 224/1/224 227/1/227 225/1/225 222/1/222 
f 227/1/227 228/1/228 226/1/226 225/1/225 
f 196/1/196 194/1/194 229/1/229 230/1/230 
f 195/1/195 231/1/231 229/1/229 194/1/194 
f 232/1/232 233/1/233 229/1/229 231/1/231 
f 229/1/229 233/1/233 234/1/234 230/1/230 
f 195/1/195 200/1/200 235/1/235 231/1/231 
f 199/1/199 236/1/236 235/1/235 200/1/200 
f 237/1/237 238/1/238 235/1/235 236/1/236 
f 235/1/235 238/1/238 232/1/232 231/1/231 
f 199/1/199 204/1/204 239/1/239 236/1/236 
f 240/1/240 239/1/239 204/1/204 203/1/203 
f 240/1/240 241/1/241 242/1/242 239/1/239 
f 239/1/239 242/1/242 237/1/237 236/1/236 
f 208/1/208 243/1/243 244/1/244 210/1/210 
f 245/1/245 243/1/243 208/1/208 209/1/209 
f 246/1/246 243/1/243 245/1/245 247/1/247 
f 244/1/244 243/1/243 246/1/246 248/1/248 
f 216/1/216 214/1/214 249/1/249 250/1/250 
f 214/1/214 215/1/215 251/1/251 249/1/249 
f 252/1/252 249/1/249 251/1/251 253/1/253 
f 249/1/249 252/1/252 254/1/254 250/1/250 
f 220/1/220 219/1/219 255/1/255 256/1/256 
f 216/1/216 250/1/250 255/1/255 219/1/219 
f 254/1/254 257/1/257 255/1/255 250/1/250 
f 257/1/257 258/1/258 256/1/256 255/1/255 
f 224/1/224 223/1/223 259/1/259 260/1/260 
f 223/1/223 220/1/220 256/1/256 259/1/259 
f 258/1/258 261/1/261 259/1/259 256/1/256 
f 261/1/261 262/1/262 260/1/260 259/1/259 
f 228/1/228 227/1/227 263/1/263 264/1/264 
f 227/1/227 224/1/224 260/1/260 263/1/263 
f 262/1/262 265/1/265 263/1/263 260/1/260 
f 263/1/263 265/1/265 266/1/266 264/1/264 
f 267/1/267 234/1/234 233/1/233 268/1/268 
f 269/1/269 268/1/268 233/1/233 232/1/232 
f 268/1/268 269/1/269 270/1/270 271/1/271 
f 267/1/267 268/1/268 271/1/271 272/1/272 
f 238/1/238 273/1/273 269/1/269 232/1/232 
f 274/1/274 273/1/273 238/1/238 237/1/237 
f 274/1/274 275/1/275 276/1/276 273/1/273 
f 270/1/270 269/1/269 273/1/273 276/1/276 
f 242/1/242 277/1/277 274/1/274 237/1/237 
f 278/1/278 277/1/277 242/1/242 241/1/241 
f 278/1/278 279/1/279 280/1/280 277/1/277 
f 275/1/275 274/1/274 277/1/277 280/1/280 
f 246/1/246 281/1/281 282/1/282 248/1/248 
f 283/1/283 281/1/281 246/1/246 247/1/247 
f 284/1/284 281/1/281 283/1/283 285/1/285 
f 282/1/282 281/1/281 284/1/284 286/1/286 
f 252/1/252 287/1/287 288/1/288 254/1/254 
f 289/1/289 287/1/287 252/1/252 253/1/253 
f 290/1/290 287/1/287 289/1/289 291/1/291 
f 287/1/287 290/1/290 292/1/292 288/1/288 
f 258/1/258 257/1/257 293/1/293 294/1/294 
f 254/1/254 288/1/288 293/1/293 257/1/257 
f 293/1/293 288/1/288 292/1/292 295/1/295 
f 295/1/295 296/1/296 294/1/294 293/1/293 
f 262/1/262 261/1/261 297/1/297 298/1/298 
f 261/1/261 258/1/258 294/1/294 297/1/297 
f 296/1/296 299/1/299 297/1/297 294/1/294 
f 297/1/297 299/1/299 300/1/300 298/1/298 
f 266/1/266 265/1/265 301/1/301 302/1/302 
f 298/1/298 301/1/301 265/1/265 262/1/262 
f 298/1/298 300/1/300 303/1/303 301/1/301 
f 303/1/303 304/1/304 302/1/302 301/1/301 
f 305/1/305 306/1/306 307/1/307 308/1/308 
f 305/1/305 308/1/308 309/1/309 310/1/310 
f 311/1/311 306/1/306 305/1/305 310/1/310 
f 312/1/312 313/1/313 314/1/314 315/1/315 
f 313/1/313 312/1/312 316/1/316 317/1/317 
f 317/1/317 309/1/309 308/1/308 313/1/313 
f 314/1/314 313/1/313 308/1/308 307/1/307 
f 318/1/318 319/1/319 320/1/320 321/1/321 
f 322/1/322 323/1/323 319/1/319 318/1/318 
f 323/1/323 316/1/316 312/1/312 319/1/319 
f 319/1/319 312/1/312 315/1/315 320/1/320 
f 324/1/324 325/1/325 292/1/292 290/1/290 
f 326/1/326 324/1/324 290/1/290 291/1/291 
f 324/1/324 326/1/326 327/1/327 328/1/328 
f 329/1/329 325/1/325 324/1/324 328/1/328 
f 295/1/295 330/1/330 331/1/331 296/1/296 
f 292/1/292 325/1/325 330/1/330 295/1/295 
f 330/1/330 325/1/325 329/1/329 332/1/332 
f 330/1/330 332/1/332 333/1/333 331/1/331 
f 334/1/334 300/1/300 299/1/299 335/1/335 
f 335/1/335 299/1/299 296/1/296 331/1/331 
f 335/1/335 331/1/331 333/1/333 336/1/336 
f 337/1/337 334/1/334 335/1/335 336/1/336 
f 338/1/338 304/1/304 303/1/303 339/1/339 
f 339/1/339 303/1/303 300/1/300 334/1/334 
f 334/1/334 337/1/337 340/1/340 339/1/339 
f 338/1/338 339/1/339 340/1/340 341/1/341 
f 329/1/329 328/1/328 342/1/342 343/1/343 
f 344/1/344 342/1/342 328/1/328 327/1/327 
f 342/1/342 344/1/344 345/1/345 346/1/346 
f 346/1/346 347/1/347 343/1/343 342/1/342 
f 348/1/348 333/1/333 332/1/332 349/1/349 
f 349/1/349 332/1/332 329/1/329 343/1/343 
f 349/1/349 343/1/343 347/1/347 350/1/350 
f 349/1/349 350/1/350 351/1/351 348/1/348 
f 337/1/337 336/1/336 352/1/352 353/1/353 
f 348/1/348 352/1/352 336/1/336 333/1/333 
f 352/1/352 348/1/348 351/1/351 354/1/354 
f 352/1/352 354/1/354 355/1/355 353/1/353 
f 340/1/340 356/1/356 357/1/357 341/1/341 
f 340/1/340 337/1/337 353/1/353 356/1/356 
f 356/1/356 353/1/353 355/1/355 358/1/358 
f 356/1/356 358/1/358 359/1/359 357/1/357 
f 360/1/360 347/1/347 346/1/346 361/1/361 
f 362/1/362 361/1/361 346/1/346 345/1/345 
f 361/1/361 362/1/362 363/1/363 364/1/364 
f 364/1/364 365/1/365 360/1/360 361/1/361 
f 350/1/350 366/1/366 367/1/367 351/1/351 
f 366/1/366 350/1/350 347/1/347 360/1/360 
f 365/1/365 368/1/368 366/1/366 360/1/360 
f 366/1/366 368/1/368 369/1/369 367/1/367 
f 355/1/355 354/1/354 370/1/370 371/1/371 
f 370/1/370 354/1/354 351/1/351 367/1/367 
f 370/1/370 367/1/367 369/1/369 372/1/372 
f 371/1/371 370/1/370 372/1/372 373/1/373 
f 374/1/374 359/1/359 358/1/358 375/1/375 
f 375/1/375 358/1/358 355/1/355 371/1/371 
f 375/1/375 371/1/371 373/1/373 376/1/376 
f 377/1/377 374/1/374 375/1/375 376/1/376 
f 364/1/364 378/1/378 379/1/379 365/1/365 
f 364/1/364 363/1/363 380/1/380 378/1/378 
f 380/1/380 381/1/381 382/1/382 378/1/378 
f 383/1/383 379/1/379 378/1/378 382/1/382 
f 368/1/368 384/1/384 385/1/385 369/1/369 
f 368/1/368 365/1/365 379/1/379 384/1/384 
f 383/1/383 386/1/386 384/1/384 379/1/379 
f 384/1/384 386/1/386 387/1/387 385/1/385 
f 372/1/372 388/1/388 389/1/389 373/1/373 
f 385/1/385 388/1/388 372/1/372 369/1/369 
f 385/1/385 387/1/387 390/1/390 388/1/388 
f 391/1/391 389/1/389 388/1/388 390/1/390 
f 377/1/377 376/1/376 392/1/392 393/1/393 
f 376/1/376 373/1/373 389/1/389 392/1/392 
f 394/1/394 392/1/392 389/1/389 391/1/391 
f 392/1/392 394/1/394 395/1/395 393/1/393 
f 396/1/396 397/1/397 306/1/306 311/1/311 
f 272/1/272 271/1/271 397/1/397 396/1/396 
f 398/1/398 397/1/397 271/1/271 270/1/270 
f 398/1/398 307/1/307 306/1/306 397/1/397 
f 399/1/399 314/1/314 307/1/307 398/1/398 
f 398/1/398 270/1/270 276/1/276 399/1/399 
f 275/1/275 400/1/400 399/1/399 276/1/276 
f 314/1/314 399/1/399 400/1/400 315/1/315 
f 401/1/401 320/1/320 315/1/315 400/1/400 
f 400/1/400 275/1/275 280/1/280 401/1/401 
f 402/1/402 401/1/401 280/1/280 279/1/279 
f 402/1/402 321/1/321 320/1/320 401/1/401 
f 403/1/403 404/1/404 405/1/405 406/1/406 
f 406/1/406 286/1/286 284/1/284 403/1/403 
f 407/1/407 403/1/403 284/1/284 285/1/285 
f 403/1/403 407/1/407 408/1/408 404/1/404 
f 409/1/409 410/1/410 411/1/411 412/1/412 
f 413/1/413 414/1/414 412/1/412 411/1/411 
f 415/1/415 416/1/416 412/1/412 414/1/414 
f 409/1/409 412/1/412 416/1/416 417/1/417 
f 418/1/418 419/1/419 420/1/420 421/1/421 
f 421/1/421 420/1/420 422/1/422 423/1/423 
f 423/1/423 413/1/413 411/1/411 421/1/421 
f 421/1/421 411/1/411 410/1/410 418/1/418 
f 424/1/424 425/1/425 426/1/426 427/1/427 
f 428/1/428 429/1/429 426/1/426 425/1/425 
f 420/1/420 426/1/426 429/1/429 422/1/422 
f 419/1/419 427/1/427 426/1/426 420/1/420 
f 430/1/430 431/1/431 432/1/432 433/1/433 
f 432/1/432 431/1/431 434/1/434 435/1/435 
f 432/1/432 435/1/435 428/1/428 425/1/425 
f 424/1/424 433/1/433 432/1/432 425/1/425 
f 436/1/436 437/1/437 438/1/438 439/1/439 
f 440/1/440 441/1/441 439/1/439 438/1/438 
f 431/1/431 439/1/439 441/1/441 434/1/434 
f 439/1/439 431/1/431 430/1/430 436/1/436 
f 442/1/442 443/1/443 444/1/444 445/1/445 
f 443/1/443 442/1/442 446/1/446 447/1/447 
f 438/1/438 443/1/443 447/1/447 440/1/440 
f 443/1/443 438/1/438 437/1/437 444/1/444 
f 448/1/448 449/1/449 450/1/450 451/1/451 
f 452/1/452 449/1/449 448/1/448 453/1/453 
f 452/1/452 446/1/446 442/1/442 449/1/449 
f 442/1/442 445/1/445 450/1/450 449/1/449 
f 454/1/454 455/1/455 456/1/456 457/1/457 
f 458/1/458 454/1/454 457/1/457 459/1/459 
f 453/1/453 448/1/448 454/1/454 458/1/458 
f 451/1/451 455/1/455 454/1/454 448/1/448 
f 460/1/460 461/1/461 462/1/462 463/1/463 
f 461/1/461 464/1/464 465/1/465 462/1/462 
f 465/1/465 459/1/459 457/1/457 462/1/462 
f 462/1/462 457/1/457 456/1/456 463/1/463 
f 466/1/466 467/1/467 468/1/468 469/1/469 
f 469/1/469 470/1/470 471/1/471 466/1/466 
f 471/1/471 464/1/464 461/1/461 466/1/466 
f 467/1/467 466/1/466 461/1/461 460/1/460 
f 472/1/472 473/1/473 474/1/474 475/1/475 
f 473/1/473 476/1/476 477/1/477 474/1/474 
f 474/1/474 477/1/477 470/1/470 469/1/469 
f 475/1/475 474/1/474 469/1/469 468/1/468 
f 478/1/478 479/1/479 480/1/480 481/1/481 
f 481/1/481 482/1/482 483/1/483 478/1/478 
f 483/1/483 476/1/476 473/1/473 478/1/478 
f 479/1/479 478/1/478 473/1/473 472/1/472 
f 484/1/484 485/1/485 486/1/486 487/1/487 
f 485/1/485 484/1/484 488/1/488 489/1/489 
f 481/1/481 485/1/485 489/1/489 482/1/482 
f 480/1/480 486/1/486 485/1/485 481/1/481 
f 490/1/490 491/1/491 492/1/492 493/1/493 
f 494/1/494 490/1/490 493/1/493 495/1/495 
f 488/1/488 484/1/484 490/1/490 494/1/494 
f 490/1/490 484/1/484 487/1/487 491/1/491 
f 496/1/496 497/1/497 498/1/498 499/1/499 
f 500/1/500 501/1/501 498/1/498 497/1/497 
f 501/1/501 495/1/495 493/1/493 498/1/498 
f 499/1/499 498/1/498 493/1/493 492/1/492 
f 502/1/502 503/1/503 504/1/504 505/1/505 
f 506/1/506 502/1/502 505/1/505 507/1/507 
f 502/1/502 506/1/506 500/1/500 497/1/497 
f 503/1/503 502/1/502 497/1/497 496/1/496 
f 508/1/508 509/1/509 510/1/510 511/1/511 
f 512/1/512 513/1/513 509/1/509 508/1/508 
f 513/1/513 507/1/507 505/1/505 509/1/509 
f 510/1/510 509/1/509 505/1/505 504/1/504 
f 514/1/514 515/1/515 516/1/516 517/1/517 
f 518/1/518 519/1/519 514/1/514 517/1/517 
f 514/1/514 519/1/519 512/1/512 508/1/508 
f 514/1/514 508/1/508 511/1/511 515/1/515 
f 520/1/520 521/1/521 522/1/522 523/1/523 
f 524/1/524 522/1/522 521/1/521 525/1/525 
f 517/1/517 522/1/522 524/1/524 518/1/518 
f 517/1/517 516/1/516 523/1/523 522/1/522 
f 526/1/526 527/1/527 528/1/528 529/1/529 
f 530/1/530 531/1/531 528/1/528 527/1/527 
f 525/1/525 521/1/521 528/1/528 531/1/531 
f 520/1/520 529/1/529 528/1/528 521/1/521 
f 417/1/417 416/1/416 532/1/532 533/1/533 
f 415/1/415 534/1/534 532/1/532 416/1/416 
f 530/1/530 527/1/527 532/1/532 534/1/534 
f 526/1/526 533/1/533 532/1/532 527/1/527 
f 535/1/535 536/1/536 414/1/414 413/1/413 
f 535/1/535 98/1/98 97/1/97 536/1/536 
f 96/1/96 537/1/537 536/1/536 97/1/97 
f 415/1/415 414/1/414 536/1/536 537/1/537 
f 538/1/538 539/1/539 409/1/409 417/1/417 
f 538/1/538 8/1/8 15/1/15 539/1/539 
f 540/1/540 539/1/539 15/1/15 14/1/14 
f 539/1/539 540/1/540 410/1/410 409/1/409 
f 541/1/541 423/1/423 422/1/422 542/1/542 
f 105/1/105 103/1/103 541/1/541 542/1/542 
f 98/1/98 535/1/535 541/1/541 103/1/103 
f 535/1/535 413/1/413 423/1/423 541/1/541 
f 540/1/540 543/1/543 418/1/418 410/1/410 
f 14/1/14 21/1/21 543/1/543 540/1/540 
f 544/1/544 543/1/543 21/1/21 20/1/20 
f 544/1/544 419/1/419 418/1/418 543/1/543 
f 545/1/545 429/1/429 428/1/428 546/1/546 
f 546/1/546 111/1/111 110/1/110 545/1/545 
f 545/1/545 110/1/110 105/1/105 542/1/542 
f 422/1/422 429/1/429 545/1/545 542/1/542 
f 544/1/544 547/1/547 427/1/427 419/1/419 
f 544/1/544 20/1/20 26/1/26 547/1/547 
f 27/1/27 548/1/548 547/1/547 26/1/26 
f 427/1/427 547/1/547 548/1/548 424/1/424 
f 549/1/549 550/1/550 435/1/435 434/1/434 
f 549/1/549 113/1/113 112/1/112 550/1/550 
f 550/1/550 112/1/112 111/1/111 546/1/546 
f 428/1/428 435/1/435 550/1/550 546/1/546 
f 548/1/548 551/1/551 433/1/433 424/1/424 
f 548/1/548 27/1/27 89/1/89 551/1/551 
f 552/1/552 551/1/551 89/1/89 93/1/93 
f 430/1/430 433/1/433 551/1/551 552/1/552 
f 440/1/440 553/1/553 554/1/554 441/1/441 
f 553/1/553 127/1/127 126/1/126 554/1/554 
f 113/1/113 549/1/549 554/1/554 126/1/126 
f 434/1/434 441/1/441 554/1/554 549/1/549 
f 430/1/430 552/1/552 555/1/555 436/1/436 
f 552/1/552 93/1/93 130/1/130 555/1/555 
f 134/1/134 556/1/556 555/1/555 130/1/130 
f 437/1/437 436/1/436 555/1/555 556/1/556 
f 446/1/446 557/1/557 558/1/558 447/1/447 
f 165/1/165 164/1/164 558/1/558 557/1/557 
f 553/1/553 558/1/558 164/1/164 127/1/127 
f 553/1/553 440/1/440 447/1/447 558/1/558 
f 437/1/437 556/1/556 559/1/559 444/1/444 
f 556/1/556 134/1/134 168/1/168 559/1/559 
f 559/1/559 168/1/168 172/1/172 560/1/560 
f 560/1/560 445/1/445 444/1/444 559/1/559 
f 453/1/453 561/1/561 562/1/562 452/1/452 
f 561/1/561 203/1/203 202/1/202 562/1/562 
f 202/1/202 165/1/165 557/1/557 562/1/562 
f 452/1/452 562/1/562 557/1/557 446/1/446 
f 450/1/450 445/1/445 560/1/560 563/1/563 
f 560/1/560 172/1/172 206/1/206 563/1/563 
f 563/1/563 206/1/206 210/1/210 564/1/564 
f 450/1/450 563/1/563 564/1/564 451/1/451 
f 459/1/459 565/1/565 566/1/566 458/1/458 
f 565/1/565 241/1/241 240/1/240 566/1/566 
f 561/1/561 566/1/566 240/1/240 203/1/203 
f 453/1/453 458/1/458 566/1/566 561/1/561 
f 455/1/455 451/1/451 564/1/564 567/1/567 
f 244/1/244 567/1/567 564/1/564 210/1/210 
f 567/1/567 244/1/244 248/1/248 568/1/568 
f 568/1/568 456/1/456 455/1/455 567/1/567 
f 464/1/464 569/1/569 570/1/570 465/1/465 
f 569/1/569 279/1/279 278/1/278 570/1/570 
f 565/1/565 570/1/570 278/1/278 241/1/241 
f 459/1/459 465/1/465 570/1/570 565/1/565 
f 568/1/568 571/1/571 463/1/463 456/1/456 
f 568/1/568 248/1/248 282/1/282 571/1/571 
f 572/1/572 571/1/571 282/1/282 286/1/286 
f 572/1/572 460/1/460 463/1/463 571/1/571 
f 470/1/470 573/1/573 574/1/574 471/1/471 
f 402/1/402 574/1/574 573/1/573 321/1/321 
f 402/1/402 279/1/279 569/1/569 574/1/574 
f 569/1/569 464/1/464 471/1/471 574/1/574 
f 572/1/572 575/1/575 467/1/467 460/1/460 
f 572/1/572 286/1/286 406/1/406 575/1/575 
f 576/1/576 575/1/575 406/1/406 405/1/405 
f 576/1/576 468/1/468 467/1/467 575/1/575 
f 476/1/476 577/1/577 578/1/578 477/1/477 
f 577/1/577 322/1/322 318/1/318 578/1/578 
f 578/1/578 318/1/318 321/1/321 573/1/573 
f 573/1/573 470/1/470 477/1/477 578/1/578 
f 576/1/576 579/1/579 475/1/475 468/1/468 
f 579/1/579 576/1/576 405/1/405 580/1/580 
f 581/1/581 579/1/579 580/1/580 363/1/363 
f 472/1/472 475/1/475 579/1/579 581/1/581 
f 482/1/482 582/1/582 583/1/583 483/1/483 
f 316/1/316 323/1/323 583/1/583 582/1/582 
f 577/1/577 583/1/583 323/1/323 322/1/322 
f 476/1/476 483/1/483 583/1/583 577/1/577 
f 472/1/472 581/1/581 584/1/584 479/1/479 
f 363/1/363 362/1/362 584/1/584 581/1/581 
f 345/1/345 585/1/585 584/1/584 362/1/362 
f 584/1/584 585/1/585 480/1/480 479/1/479 
f 488/1/488 586/1/586 587/1/587 489/1/489 
f 309/1/309 317/1/317 587/1/587 586/1/586 
f 316/1/316 582/1/582 587/1/587 317/1/317 
f 482/1/482 489/1/489 587/1/587 582/1/582 
f 480/1/480 585/1/585 588/1/588 486/1/486 
f 345/1/345 344/1/344 588/1/588 585/1/585 
f 588/1/588 344/1/344 327/1/327 589/1/589 
f 589/1/589 487/1/487 486/1/486 588/1/588 
f 495/1/495 590/1/590 591/1/591 494/1/494 
f 590/1/590 311/1/311 310/1/310 591/1/591 
f 591/1/591 310/1/310 309/1/309 586/1/586 
f 494/1/494 591/1/591 586/1/586 488/1/488 
f 589/1/589 592/1/592 491/1/491 487/1/487 
f 589/1/589 327/1/327 326/1/326 592/1/592 
f 291/1/291 593/1/593 592/1/592 326/1/326 
f 491/1/491 592/1/592 593/1/593 492/1/492 
f 594/1/594 595/1/595 501/1/501 500/1/500 
f 594/1/594 272/1/272 396/1/396 595/1/595 
f 595/1/595 396/1/396 311/1/311 590/1/590 
f 495/1/495 501/1/501 595/1/595 590/1/590 
f 492/1/492 593/1/593 596/1/596 499/1/499 
f 593/1/593 291/1/291 289/1/289 596/1/596 
f 253/1/253 597/1/597 596/1/596 289/1/289 
f 597/1/597 496/1/496 499/1/499 596/1/596 
f 507/1/507 598/1/598 599/1/599 506/1/506 
f 598/1/598 234/1/234 267/1/267 599/1/599 
f 599/1/599 267/1/267 272/1/272 594/1/594 
f 500/1/500 506/1/506 599/1/599 594/1/594 
f 597/1/597 600/1/600 503/1/503 496/1/496 
f 251/1/251 600/1/600 597/1/597 253/1/253 
f 215/1/215 601/1/601 600/1/600 251/1/251 
f 503/1/503 600/1/600 601/1/601 504/1/504 
f 602/1/602 603/1/603 513/1/513 512/1/512 
f 196/1/196 230/1/230 603/1/603 602/1/602 
f 603/1/603 230/1/230 234/1/234 598/1/598 
f 507/1/507 513/1/513 603/1/603 598/1/598 
f 504/1/504 601/1/601 604/1/604 510/1/510 
f 213/1/213 604/1/604 601/1/601 215/1/215 
f 177/1/177 605/1/605 604/1/604 213/1/213 
f 510/1/510 604/1/604 605/1/605 511/1/511 
f 519/1/519 518/1/518 606/1/606 607/1/607 
f 158/1/158 192/1/192 607/1/607 606/1/606 
f 602/1/602 607/1/607 192/1/192 196/1/196 
f 602/1/602 512/1/512 519/1/519 607/1/607 
f 515/1/515 511/1/511 605/1/605 608/1/608 
f 175/1/175 608/1/608 605/1/605 177/1/177 
f 138/1/138 609/1/609 608/1/608 175/1/175 
f 515/1/515 608/1/608 609/1/609 516/1/516 
f 610/1/610 524/1/524 525/1/525 611/1/611 
f 611/1/611 120/1/120 154/1/154 610/1/610 
f 158/1/158 606/1/606 610/1/610 154/1/154 
f 606/1/606 518/1/518 524/1/524 610/1/610 
f 516/1/516 609/1/609 612/1/612 523/1/523 
f 137/1/137 612/1/612 609/1/609 138/1/138 
f 613/1/613 612/1/612 137/1/137 73/1/73 
f 520/1/520 523/1/523 612/1/612 613/1/613 
f 614/1/614 615/1/615 531/1/531 530/1/530 
f 614/1/614 102/1/102 116/1/116 615/1/615 
f 611/1/611 615/1/615 116/1/116 120/1/120 
f 611/1/611 525/1/525 531/1/531 615/1/615 
f 616/1/616 529/1/529 520/1/520 613/1/613 
f 613/1/613 73/1/73 72/1/72 616/1/616 
f 617/1/617 616/1/616 72/1/72 55/1/55 
f 617/1/617 526/1/526 529/1/529 616/1/616 
f 534/1/534 415/1/415 537/1/537 618/1/618 
f 537/1/537 96/1/96 95/1/95 618/1/618 
f 618/1/618 95/1/95 102/1/102 614/1/614 
f 614/1/614 530/1/530 534/1/534 618/1/618 
f 619/1/619 533/1/533 526/1/526 617/1/617 
f 617/1/617 55/1/55 54/1/54 619/1/619 
f 538/1/538 619/1/619 54/1/54 8/1/8 
f 533/1/533 619/1/619 538/1/538 417/1/417 
s 2
f 620/1/620 621/1/621 5/1/622 1/1/623 
f 4/1/624 622/1/625 620/1/620 1/1/623 
f 623/1/626 624/1/627 620/1/620 622/1/625 
f 621/1/621 620/1/620 624/1/627 625/1/628 
f 12/1/629 10/1/630 626/1/631 627/1/632 
f 10/1/630 5/1/622 621/1/621 626/1/631 
f 626/1/631 621/1/621 625/1/628 628/1/633 
f 627/1/632 626/1/631 628/1/633 629/1/634 
f 16/1/635 630/1/636 631/1/637 18/1/638 
f 630/1/636 16/1/635 12/1/629 627/1/632 
f 630/1/636 627/1/632 629/1/634 632/1/639 
f 631/1/637 630/1/636 632/1/639 633/1/640 
f 22/1/641 634/1/642 635/1/643 24/1/644 
f 22/1/641 18/1/638 631/1/637 634/1/642 
f 634/1/642 631/1/637 633/1/640 636/1/645 
f 635/1/643 634/1/642 636/1/645 637/1/646 
f 638/1/647 622/1/625 4/1/624 37/1/648 
f 639/1/649 638/1/647 37/1/648 36/1/650 
f 638/1/647 639/1/649 640/1/651 641/1/652 
f 638/1/647 641/1/652 623/1/626 622/1/625 
f 639/1/649 36/1/650 42/1/653 642/1/654 
f 42/1/653 41/1/655 643/1/656 642/1/654 
f 642/1/654 643/1/656 644/1/657 645/1/658 
f 645/1/658 640/1/651 639/1/649 642/1/654 
f 41/1/655 49/1/659 646/1/660 643/1/656 
f 49/1/659 48/1/661 647/1/662 646/1/660 
f 648/1/663 649/1/664 646/1/660 647/1/662 
f 649/1/664 644/1/657 643/1/656 646/1/660 
f 47/1/665 650/1/666 647/1/662 48/1/661 
f 47/1/665 51/1/667 651/1/668 650/1/666 
f 652/1/669 650/1/666 651/1/668 653/1/670 
f 652/1/669 648/1/663 647/1/662 650/1/666 
f 67/1/671 654/1/672 651/1/668 51/1/667 
f 69/1/673 655/1/674 654/1/672 67/1/671 
f 656/1/675 654/1/672 655/1/674 657/1/676 
f 653/1/670 651/1/668 654/1/672 656/1/675 
f 655/1/674 69/1/673 84/1/677 658/1/678 
f 659/1/679 658/1/678 84/1/677 87/1/680 
f 660/1/681 661/1/682 658/1/678 659/1/679 
f 655/1/674 658/1/678 661/1/682 657/1/676 
f 662/1/683 659/1/679 87/1/680 150/1/684 
f 152/1/685 663/1/686 662/1/683 150/1/684 
f 664/1/687 662/1/683 663/1/686 665/1/688 
f 659/1/679 662/1/683 664/1/687 660/1/681 
f 152/1/685 188/1/689 666/1/690 663/1/686 
f 188/1/689 190/1/691 667/1/692 666/1/690 
f 668/1/693 669/1/694 666/1/690 667/1/692 
f 665/1/688 663/1/686 666/1/690 669/1/694 
f 667/1/692 190/1/691 226/1/695 670/1/696 
f 226/1/695 228/1/697 671/1/698 670/1/696 
f 672/1/699 673/1/700 670/1/696 671/1/698 
f 668/1/693 667/1/692 670/1/696 673/1/700 
f 671/1/698 228/1/697 264/1/701 674/1/702 
f 266/1/703 675/1/704 674/1/702 264/1/701 
f 676/1/705 677/1/706 674/1/702 675/1/704 
f 672/1/699 671/1/698 674/1/702 677/1/706 
f 675/1/704 266/1/703 302/1/707 678/1/708 
f 302/1/707 304/1/709 679/1/710 678/1/708 
f 680/1/711 681/1/712 678/1/708 679/1/710 
f 676/1/705 675/1/704 678/1/708 681/1/712 
f 679/1/710 304/1/709 338/1/713 682/1/714 
f 682/1/714 338/1/713 341/1/715 683/1/716 
f 684/1/717 685/1/718 682/1/714 683/1/716 
f 680/1/711 679/1/710 682/1/714 685/1/718 
f 686/1/719 683/1/716 341/1/715 357/1/720 
f 357/1/720 359/1/721 687/1/722 686/1/719 
f 687/1/722 688/1/723 689/1/724 686/1/719 
f 683/1/716 686/1/719 689/1/724 684/1/717 
f 359/1/721 374/1/725 690/1/726 687/1/722 
f 374/1/725 377/1/727 691/1/728 690/1/726 
f 690/1/726 691/1/728 692/1/729 693/1/730 
f 687/1/722 690/1/726 693/1/730 688/1/723 
f 691/1/728 377/1/727 393/1/731 694/1/731 
f 694/1/731 393/1/731 395/1/732 695/1/732 
f 694/1/731 695/1/732 696/1/732 697/1/733 
f 692/1/729 691/1/728 694/1/731 697/1/733 
s 1
f 381/1/381 380/1/380 698/1/734 699/1/735 
f 363/1/363 580/1/580 698/1/734 380/1/380 
f 404/1/404 698/1/734 580/1/580 405/1/405 
f 698/1/734 404/1/404 408/1/408 699/1/735 
s 2
f 28/1/736 700/1/737 701/1/738 30/1/738 
f 635/1/643 700/1/737 28/1/736 24/1/644 
f 700/1/737 635/1/643 637/1/646 702/1/739 
f 702/1/739 703/1/738 701/1/738 700/1/737 
s 1
f 704/1/740 705/1/741 706/1/742 707/1/743 
f 708/1/744 709/1/745 706/1/742 705/1/741 
f 710/1/746 711/1/747 706/1/742 709/1/745 
f 711/1/747 712/1/748 707/1/743 706/1/742 
f 712/1/748 711/1/747 713/1/749 714/1/750 
f 713/1/749 711/1/747 710/1/746 715/1/751 
f 716/1/752 717/1/753 713/1/749 715/1/751 
f 718/1/754 714/1/750 713/1/749 717/1/753 
f 718/1/754 717/1/753 719/1/755 720/1/756 
f 721/1/757 719/1/755 717/1/753 716/1/752 
f 719/1/755 721/1/757 722/1/758 723/1/759 
f 724/1/760 720/1/756 719/1/755 723/1/759 
f 723/1/759 725/1/761 726/1/762 724/1/760 
f 722/1/758 727/1/763 725/1/761 723/1/759 
f 727/1/763 728/1/764 729/1/765 725/1/761 
f 729/1/765 730/1/766 726/1/762 725/1/761 
f 731/1/767 730/1/766 729/1/765 732/1/768 
f 728/1/764 733/1/769 732/1/768 729/1/765 
f 732/1/768 733/1/769 33/1/33 31/1/31 
f 731/1/767 732/1/768 31/1/31 30/1/30 
f 734/1/770 735/1/771 736/1/772 737/1/773 
f 738/1/774 739/1/775 734/1/770 737/1/773 
f 708/1/744 705/1/741 734/1/770 739/1/775 
f 735/1/771 734/1/770 705/1/741 704/1/740 
f 740/1/776 741/1/777 742/1/778 743/1/779 
f 744/1/780 741/1/777 740/1/776 745/1/781 
f 737/1/773 741/1/777 744/1/780 738/1/774 
f 742/1/778 741/1/777 737/1/773 736/1/772 
f 746/1/782 747/1/783 748/1/784 749/1/785 
f 748/1/784 750/1/786 751/1/787 749/1/785 
f 740/1/776 749/1/785 751/1/787 745/1/781 
f 749/1/785 740/1/776 743/1/779 746/1/782 
f 752/1/788 709/1/745 708/1/744 753/1/789 
f 752/1/788 753/1/789 754/1/790 755/1/791 
f 755/1/791 756/1/792 757/1/793 752/1/788 
f 709/1/745 752/1/788 757/1/793 710/1/746 
f 758/1/794 739/1/775 738/1/774 759/1/795 
f 760/1/796 761/1/797 758/1/794 759/1/795 
f 753/1/789 758/1/794 761/1/797 754/1/790 
f 708/1/744 739/1/775 758/1/794 753/1/789 
f 762/1/798 744/1/780 745/1/781 763/1/799 
f 762/1/798 763/1/799 764/1/800 765/1/801 
f 759/1/795 762/1/798 765/1/801 760/1/796 
f 738/1/774 744/1/780 762/1/798 759/1/795 
f 750/1/786 766/1/802 767/1/803 751/1/787 
f 768/1/804 769/1/805 767/1/803 766/1/802 
f 763/1/799 767/1/803 769/1/805 764/1/800 
f 745/1/781 751/1/787 767/1/803 763/1/799 
f 754/1/790 770/1/806 771/1/807 755/1/791 
f 771/1/807 770/1/806 772/1/808 773/1/809 
f 771/1/807 773/1/809 774/1/810 775/1/811 
f 756/1/792 755/1/791 771/1/807 775/1/811 
f 776/1/812 761/1/797 760/1/796 777/1/813 
f 777/1/813 778/1/814 779/1/815 776/1/812 
f 772/1/808 770/1/806 776/1/812 779/1/815 
f 761/1/797 776/1/812 770/1/806 754/1/790 
f 780/1/816 781/1/817 765/1/801 764/1/800 
f 782/1/818 781/1/817 780/1/816 783/1/819 
f 782/1/818 778/1/814 777/1/813 781/1/817 
f 765/1/801 781/1/817 777/1/813 760/1/796 
f 768/1/804 784/1/820 785/1/821 769/1/805 
f 786/1/822 785/1/821 784/1/820 787/1/823 
f 785/1/821 786/1/822 783/1/819 780/1/816 
f 764/1/800 769/1/805 785/1/821 780/1/816 
f 788/1/824 733/1/769 728/1/764 789/1/825 
f 789/1/825 790/1/826 791/1/827 788/1/824 
f 788/1/824 791/1/827 91/1/91 90/1/90 
f 788/1/824 90/1/90 33/1/33 733/1/769 
f 792/1/828 793/1/829 794/1/830 795/1/831 
f 792/1/828 796/1/832 797/1/833 793/1/829 
f 797/1/833 798/1/834 799/1/835 793/1/829 
f 800/1/836 794/1/830 793/1/829 799/1/835 
f 801/1/837 800/1/836 799/1/835 802/1/838 
f 798/1/834 803/1/839 802/1/838 799/1/835 
f 804/1/840 805/1/841 802/1/838 803/1/839 
f 805/1/841 806/1/842 801/1/837 802/1/838 
f 807/1/843 808/1/844 806/1/842 805/1/841 
f 807/1/843 805/1/841 804/1/840 809/1/845 
f 810/1/846 807/1/843 809/1/845 811/1/847 
f 812/1/848 808/1/844 807/1/843 810/1/846 
f 796/1/832 813/1/849 814/1/850 797/1/833 
f 815/1/851 814/1/850 813/1/849 816/1/852 
f 814/1/850 815/1/851 817/1/853 818/1/854 
f 797/1/833 814/1/850 818/1/854 798/1/834 
f 803/1/839 798/1/834 818/1/854 819/1/855 
f 818/1/854 817/1/853 820/1/856 819/1/855 
f 821/1/857 819/1/855 820/1/856 822/1/858 
f 819/1/855 821/1/857 804/1/840 803/1/839 
f 823/1/859 809/1/845 804/1/840 821/1/857 
f 823/1/859 821/1/857 822/1/858 824/1/860 
f 824/1/860 825/1/861 826/1/862 823/1/859 
f 811/1/847 809/1/845 823/1/859 826/1/862 
f 790/1/826 827/1/863 828/1/864 791/1/827 
f 828/1/864 827/1/863 829/1/865 830/1/866 
f 132/1/132 131/1/131 828/1/864 830/1/866 
f 828/1/864 131/1/131 91/1/91 791/1/827 
f 831/1/867 773/1/809 772/1/808 832/1/868 
f 831/1/867 832/1/868 833/1/869 834/1/870 
f 835/1/871 836/1/872 831/1/867 834/1/870 
f 773/1/809 831/1/867 836/1/872 774/1/810 
f 778/1/814 837/1/873 838/1/874 779/1/815 
f 838/1/874 837/1/873 839/1/875 840/1/876 
f 833/1/869 832/1/868 838/1/874 840/1/876 
f 779/1/815 838/1/874 832/1/868 772/1/808 
f 841/1/877 782/1/818 783/1/819 842/1/878 
f 842/1/878 843/1/879 844/1/880 841/1/877 
f 841/1/877 844/1/880 839/1/875 837/1/873 
f 837/1/873 778/1/814 782/1/818 841/1/877 
f 787/1/823 845/1/881 846/1/882 786/1/822 
f 847/1/883 846/1/882 845/1/881 848/1/884 
f 847/1/883 843/1/879 842/1/878 846/1/882 
f 846/1/882 842/1/878 783/1/819 786/1/822 
f 816/1/852 849/1/885 850/1/886 815/1/851 
f 850/1/886 849/1/885 851/1/887 852/1/888 
f 853/1/889 850/1/886 852/1/888 854/1/890 
f 853/1/889 817/1/853 815/1/851 850/1/886 
f 855/1/891 820/1/856 817/1/853 853/1/889 
f 856/1/892 855/1/891 853/1/889 854/1/890 
f 857/1/893 855/1/891 856/1/892 858/1/894 
f 857/1/893 822/1/858 820/1/856 855/1/891 
f 857/1/893 859/1/895 824/1/860 822/1/858 
f 859/1/895 857/1/893 858/1/894 860/1/896 
f 859/1/895 860/1/896 861/1/897 862/1/898 
f 862/1/898 825/1/861 824/1/860 859/1/895 
f 829/1/865 863/1/899 864/1/900 830/1/866 
f 864/1/900 863/1/899 865/1/901 866/1/902 
f 864/1/900 866/1/902 170/1/170 169/1/169 
f 132/1/132 830/1/866 864/1/900 169/1/169 
f 867/1/903 868/1/904 834/1/870 833/1/869 
f 867/1/903 869/1/905 870/1/906 868/1/904 
f 868/1/904 870/1/906 871/1/907 872/1/908 
f 834/1/870 868/1/904 872/1/908 835/1/871 
f 839/1/875 873/1/909 874/1/910 840/1/876 
f 875/1/911 874/1/910 873/1/909 876/1/912 
f 875/1/911 869/1/905 867/1/903 874/1/910 
f 867/1/903 833/1/869 840/1/876 874/1/910 
f 877/1/913 878/1/914 844/1/880 843/1/879 
f 878/1/914 877/1/913 879/1/915 880/1/916 
f 876/1/912 873/1/909 878/1/914 880/1/916 
f 844/1/880 878/1/914 873/1/909 839/1/875 
f 881/1/917 882/1/918 847/1/883 848/1/884 
f 881/1/917 883/1/919 884/1/920 882/1/918 
f 882/1/918 884/1/920 879/1/915 877/1/913 
f 877/1/913 843/1/879 847/1/883 882/1/918 
f 851/1/887 885/1/921 886/1/922 852/1/888 
f 886/1/922 885/1/921 887/1/923 888/1/924 
f 889/1/925 890/1/926 886/1/922 888/1/924 
f 890/1/926 854/1/890 852/1/888 886/1/922 
f 891/1/927 856/1/892 854/1/890 890/1/926 
f 889/1/925 892/1/928 891/1/927 890/1/926 
f 892/1/928 893/1/929 894/1/930 891/1/927 
f 858/1/894 856/1/892 891/1/927 894/1/930 
f 860/1/896 858/1/894 894/1/930 895/1/931 
f 896/1/932 895/1/931 894/1/930 893/1/929 
f 897/1/933 895/1/931 896/1/932 898/1/934 
f 861/1/897 860/1/896 895/1/931 897/1/933 
f 865/1/901 899/1/935 900/1/936 866/1/902 
f 901/1/937 900/1/936 899/1/935 902/1/938 
f 209/1/209 207/1/207 900/1/936 901/1/937 
f 170/1/170 866/1/902 900/1/936 207/1/207 
f 903/1/939 904/1/940 870/1/906 869/1/905 
f 904/1/940 903/1/939 905/1/941 906/1/942 
f 904/1/940 906/1/942 907/1/943 908/1/944 
f 908/1/944 871/1/907 870/1/906 904/1/940 
f 909/1/945 910/1/946 875/1/911 876/1/912 
f 911/1/947 910/1/946 909/1/945 912/1/948 
f 911/1/947 905/1/941 903/1/939 910/1/946 
f 903/1/939 869/1/905 875/1/911 910/1/946 
f 913/1/949 880/1/916 879/1/915 914/1/950 
f 915/1/951 916/1/952 913/1/949 914/1/950 
f 913/1/949 916/1/952 912/1/948 909/1/945 
f 909/1/945 876/1/912 880/1/916 913/1/949 
f 917/1/953 884/1/920 883/1/919 918/1/954 
f 919/1/955 917/1/953 918/1/954 920/1/956 
f 914/1/950 917/1/953 919/1/955 915/1/951 
f 884/1/920 917/1/953 914/1/950 879/1/915 
f 887/1/923 921/1/957 922/1/958 888/1/924 
f 923/1/959 922/1/958 921/1/957 924/1/960 
f 923/1/959 925/1/961 926/1/962 922/1/958 
f 889/1/925 888/1/924 922/1/958 926/1/962 
f 926/1/962 927/1/963 892/1/928 889/1/925 
f 926/1/962 925/1/961 928/1/964 927/1/963 
f 927/1/963 928/1/964 929/1/965 930/1/966 
f 892/1/928 927/1/963 930/1/966 893/1/929 
f 931/1/967 896/1/932 893/1/929 930/1/966 
f 930/1/966 929/1/965 932/1/968 931/1/967 
f 933/1/969 934/1/970 931/1/967 932/1/968 
f 896/1/932 931/1/967 934/1/970 898/1/934 
f 935/1/971 936/1/972 901/1/937 902/1/938 
f 936/1/972 935/1/971 937/1/973 938/1/974 
f 938/1/974 247/1/247 245/1/245 936/1/972 
f 936/1/972 245/1/245 209/1/209 901/1/937 
f 906/1/942 905/1/941 939/1/975 940/1/976 
f 941/1/977 940/1/976 939/1/975 942/1/978 
f 943/1/979 940/1/976 941/1/977 944/1/980 
f 943/1/979 907/1/943 906/1/942 940/1/976 
f 912/1/948 945/1/981 946/1/982 911/1/947 
f 946/1/982 945/1/981 947/1/983 948/1/984 
f 942/1/978 939/1/975 946/1/982 948/1/984 
f 939/1/975 905/1/941 911/1/947 946/1/982 
f 916/1/952 915/1/951 949/1/985 950/1/986 
f 951/1/987 950/1/986 949/1/985 952/1/988 
f 951/1/987 947/1/983 945/1/981 950/1/986 
f 945/1/981 912/1/948 916/1/952 950/1/986 
f 953/1/989 919/1/955 920/1/956 954/1/990 
f 955/1/991 953/1/989 954/1/990 956/1/992 
f 953/1/989 955/1/991 952/1/988 949/1/985 
f 949/1/985 915/1/951 919/1/955 953/1/989 
f 924/1/960 957/1/993 958/1/994 923/1/959 
f 959/1/995 960/1/996 958/1/994 957/1/993 
f 961/1/997 962/1/998 958/1/994 960/1/996 
f 923/1/959 958/1/994 962/1/998 925/1/961 
f 925/1/961 962/1/998 963/1/999 928/1/964 
f 961/1/997 964/1/1000 963/1/999 962/1/998 
f 963/1/999 964/1/1000 965/1/1001 966/1/1002 
f 929/1/965 928/1/964 963/1/999 966/1/1002 
f 967/1/1003 932/1/968 929/1/965 966/1/1002 
f 967/1/1003 966/1/1002 965/1/1001 968/1/1004 
f 967/1/1003 968/1/1004 969/1/1005 970/1/1006 
f 932/1/968 967/1/1003 970/1/1006 933/1/969 
f 971/1/1007 938/1/974 937/1/973 972/1/1008 
f 972/1/1008 973/1/1009 974/1/1010 971/1/1007 
f 971/1/1007 974/1/1010 285/1/285 283/1/283 
f 971/1/1007 283/1/283 247/1/247 938/1/974 
f 975/1/1011 976/1/1012 941/1/977 942/1/978 
f 975/1/1011 977/1/1013 978/1/1014 976/1/1012 
f 979/1/1015 976/1/1012 978/1/1014 980/1/1016 
f 979/1/1015 944/1/980 941/1/977 976/1/1012 
f 981/1/1017 982/1/1018 948/1/984 947/1/983 
f 983/1/1019 982/1/1018 981/1/1017 984/1/1020 
f 975/1/1011 982/1/1018 983/1/1019 977/1/1013 
f 948/1/984 982/1/1018 975/1/1011 942/1/978 
f 952/1/988 985/1/1021 986/1/1022 951/1/987 
f 987/1/1023 986/1/1022 985/1/1021 988/1/1024 
f 986/1/1022 987/1/1023 984/1/1020 981/1/1017 
f 947/1/983 951/1/987 986/1/1022 981/1/1017 
f 989/1/1025 955/1/991 956/1/992 990/1/1026 
f 991/1/1027 989/1/1025 990/1/1026 992/1/1028 
f 989/1/1025 991/1/1027 988/1/1024 985/1/1021 
f 989/1/1025 985/1/1021 952/1/988 955/1/991 
f 993/1/1029 994/1/1030 995/1/1031 996/1/1032 
f 994/1/1030 993/1/1029 997/1/1033 998/1/1034 
f 998/1/1034 999/1/1035 995/1/1031 994/1/1030 
f 1000/1/1036 1001/1/1037 1002/1/1038 1003/1/1039 
f 995/1/1031 1002/1/1038 1001/1/1037 996/1/1032 
f 1002/1/1038 995/1/1031 999/1/1035 1004/1/1040 
f 1002/1/1038 1004/1/1040 1005/1/1041 1003/1/1039 
f 1006/1/1042 1007/1/1043 1008/1/1044 1009/1/1045 
f 1000/1/1036 1003/1/1039 1006/1/1042 1009/1/1045 
f 1005/1/1041 1010/1/1046 1006/1/1042 1003/1/1039 
f 1006/1/1042 1010/1/1046 1011/1/1047 1007/1/1043 
f 977/1/1013 1012/1/1048 1013/1/1049 978/1/1014 
f 1014/1/1050 1013/1/1049 1012/1/1048 1015/1/1051 
f 1013/1/1049 1014/1/1050 1016/1/1052 1017/1/1053 
f 1017/1/1053 980/1/1016 978/1/1014 1013/1/1049 
f 984/1/1020 1018/1/1054 1019/1/1055 983/1/1019 
f 1020/1/1056 1021/1/1057 1019/1/1055 1018/1/1054 
f 1019/1/1055 1021/1/1057 1015/1/1051 1012/1/1048 
f 983/1/1019 1019/1/1055 1012/1/1048 977/1/1013 
f 1022/1/1058 987/1/1023 988/1/1024 1023/1/1059 
f 1024/1/1060 1025/1/1061 1022/1/1058 1023/1/1059 
f 1018/1/1054 1022/1/1058 1025/1/1061 1020/1/1056 
f 987/1/1023 1022/1/1058 1018/1/1054 984/1/1020 
f 991/1/1027 992/1/1028 1026/1/1062 1027/1/1063 
f 1026/1/1062 1028/1/1064 1029/1/1065 1027/1/1063 
f 1024/1/1060 1023/1/1059 1027/1/1063 1029/1/1065 
f 1023/1/1059 988/1/1024 991/1/1027 1027/1/1063 
f 1030/1/1066 1014/1/1050 1015/1/1051 1031/1/1067 
f 1030/1/1066 1031/1/1067 1032/1/1068 1033/1/1069 
f 1034/1/1070 1035/1/1071 1030/1/1066 1033/1/1069 
f 1016/1/1052 1014/1/1050 1030/1/1066 1035/1/1071 
f 1036/1/1072 1021/1/1057 1020/1/1056 1037/1/1073 
f 1038/1/1074 1039/1/1075 1036/1/1072 1037/1/1073 
f 1036/1/1072 1039/1/1075 1032/1/1068 1031/1/1067 
f 1021/1/1057 1036/1/1072 1031/1/1067 1015/1/1051 
f 1025/1/1061 1024/1/1060 1040/1/1076 1041/1/1077 
f 1042/1/1078 1041/1/1077 1040/1/1076 1043/1/1079 
f 1037/1/1073 1041/1/1077 1042/1/1078 1038/1/1074 
f 1037/1/1073 1020/1/1056 1025/1/1061 1041/1/1077 
f 1044/1/1080 1029/1/1065 1028/1/1064 1045/1/1081 
f 1046/1/1082 1044/1/1080 1045/1/1081 1047/1/1083 
f 1043/1/1079 1040/1/1076 1044/1/1080 1046/1/1082 
f 1029/1/1065 1044/1/1080 1040/1/1076 1024/1/1060 
f 1032/1/1068 1048/1/1084 1049/1/1085 1033/1/1069 
f 1049/1/1085 1048/1/1084 1050/1/1086 1051/1/1087 
f 1049/1/1085 1051/1/1087 1052/1/1088 1053/1/1089 
f 1053/1/1089 1034/1/1070 1033/1/1069 1049/1/1085 
f 1039/1/1075 1038/1/1074 1054/1/1090 1055/1/1091 
f 1055/1/1091 1054/1/1090 1056/1/1092 1057/1/1093 
f 1048/1/1084 1055/1/1091 1057/1/1093 1050/1/1086 
f 1039/1/1075 1055/1/1091 1048/1/1084 1032/1/1068 
f 1058/1/1094 1042/1/1078 1043/1/1079 1059/1/1095 
f 1059/1/1095 1060/1/1096 1061/1/1097 1058/1/1094 
f 1058/1/1094 1061/1/1097 1056/1/1092 1054/1/1090 
f 1058/1/1094 1054/1/1090 1038/1/1074 1042/1/1078 
f 1062/1/1098 1063/1/1099 1046/1/1082 1047/1/1083 
f 1064/1/1100 1065/1/1101 1063/1/1099 1062/1/1098 
f 1059/1/1095 1063/1/1099 1065/1/1101 1060/1/1096 
f 1059/1/1095 1043/1/1079 1046/1/1082 1063/1/1099 
f 1066/1/1102 1067/1/1103 1051/1/1087 1050/1/1086 
f 383/1/383 382/1/382 1067/1/1103 1066/1/1102 
f 1068/1/1104 1067/1/1103 382/1/382 381/1/381 
f 1051/1/1087 1067/1/1103 1068/1/1104 1052/1/1088 
f 1069/1/1105 1070/1/1106 1057/1/1093 1056/1/1092 
f 387/1/387 386/1/386 1070/1/1106 1069/1/1105 
f 1066/1/1102 1070/1/1106 386/1/386 383/1/383 
f 1050/1/1086 1057/1/1093 1070/1/1106 1066/1/1102 
f 1071/1/1107 1061/1/1097 1060/1/1096 1072/1/1108 
f 391/1/391 390/1/390 1071/1/1107 1072/1/1108 
f 387/1/387 1069/1/1105 1071/1/1107 390/1/390 
f 1061/1/1097 1071/1/1107 1069/1/1105 1056/1/1092 
f 1064/1/1100 1073/1/1109 1074/1/1110 1065/1/1101 
f 394/1/394 1074/1/1110 1073/1/1109 395/1/395 
f 394/1/394 391/1/391 1072/1/1108 1074/1/1110 
f 1072/1/1108 1060/1/1096 1065/1/1101 1074/1/1110 
f 993/1/1029 1075/1/1111 1076/1/1112 997/1/1033 
f 993/1/1029 996/1/1032 1077/1/1113 1075/1/1111 
f 961/1/997 960/1/996 1075/1/1111 1077/1/1113 
f 959/1/995 1076/1/1112 1075/1/1111 960/1/996 
f 1077/1/1113 996/1/1032 1001/1/1037 1078/1/1114 
f 1000/1/1036 1079/1/1115 1078/1/1114 1001/1/1037 
f 1079/1/1115 965/1/1001 964/1/1000 1078/1/1114 
f 961/1/997 1077/1/1113 1078/1/1114 964/1/1000 
f 1009/1/1045 1080/1/1116 1079/1/1115 1000/1/1036 
f 1081/1/1117 1080/1/1116 1009/1/1045 1008/1/1044 
f 1080/1/1116 1081/1/1117 969/1/1005 968/1/1004 
f 965/1/1001 1079/1/1115 1080/1/1116 968/1/1004 
f 1082/1/1118 1083/1/1119 1084/1/1120 1085/1/1121 
f 1084/1/1120 408/1/408 407/1/407 1085/1/1121 
f 974/1/1010 1085/1/1121 407/1/407 285/1/285 
f 1082/1/1118 1085/1/1121 974/1/1010 973/1/1009 
f 1086/1/1122 1087/1/1123 1088/1/1124 1089/1/1125 
f 1090/1/1126 1091/1/1127 1088/1/1124 1087/1/1123 
f 1091/1/1127 1092/1/1128 1093/1/1129 1088/1/1124 
f 1093/1/1129 1094/1/1130 1089/1/1125 1088/1/1124 
f 1095/1/1131 1096/1/1132 1097/1/1133 1098/1/1134 
f 1097/1/1133 1086/1/1122 1089/1/1125 1098/1/1134 
f 1089/1/1125 1094/1/1130 1099/1/1135 1098/1/1134 
f 1098/1/1134 1099/1/1135 1100/1/1136 1095/1/1131 
f 1101/1/1137 1102/1/1138 1103/1/1139 1104/1/1140 
f 1104/1/1140 1096/1/1132 1095/1/1131 1101/1/1137 
f 1095/1/1131 1100/1/1136 1105/1/1141 1101/1/1137 
f 1101/1/1137 1105/1/1141 1106/1/1142 1102/1/1138 
f 1107/1/1143 1108/1/1144 1109/1/1145 1110/1/1146 
f 1103/1/1139 1102/1/1138 1107/1/1143 1110/1/1146 
f 1106/1/1142 1111/1/1147 1107/1/1143 1102/1/1138 
f 1108/1/1144 1107/1/1143 1111/1/1147 1112/1/1148 
f 1113/1/1149 1114/1/1150 1115/1/1151 1116/1/1152 
f 1115/1/1151 1109/1/1145 1108/1/1144 1116/1/1152 
f 1112/1/1148 1117/1/1153 1116/1/1152 1108/1/1144 
f 1116/1/1152 1117/1/1153 1118/1/1154 1113/1/1149 
f 1119/1/1155 1120/1/1156 1121/1/1157 1122/1/1158 
f 1114/1/1150 1113/1/1149 1119/1/1155 1122/1/1158 
f 1118/1/1154 1123/1/1159 1119/1/1155 1113/1/1149 
f 1120/1/1156 1119/1/1155 1123/1/1159 1124/1/1160 
f 1125/1/1161 1126/1/1162 1127/1/1163 1128/1/1164 
f 1128/1/1164 1121/1/1157 1120/1/1156 1125/1/1161 
f 1125/1/1161 1120/1/1156 1124/1/1160 1129/1/1165 
f 1125/1/1161 1129/1/1165 1130/1/1166 1126/1/1162 
f 1131/1/1167 1132/1/1168 1133/1/1169 1134/1/1170 
f 1127/1/1163 1126/1/1162 1131/1/1167 1134/1/1170 
f 1130/1/1166 1135/1/1171 1131/1/1167 1126/1/1162 
f 1132/1/1168 1131/1/1167 1135/1/1171 1136/1/1172 
f 1137/1/1173 1138/1/1174 1139/1/1175 1140/1/1176 
f 1138/1/1174 1133/1/1169 1132/1/1168 1139/1/1175 
f 1136/1/1172 1141/1/1177 1139/1/1175 1132/1/1168 
f 1139/1/1175 1141/1/1177 1142/1/1178 1140/1/1176 
f 1143/1/1179 1144/1/1180 1145/1/1181 1146/1/1182 
f 1137/1/1173 1140/1/1176 1143/1/1179 1146/1/1182 
f 1143/1/1179 1140/1/1176 1142/1/1178 1147/1/1183 
f 1144/1/1180 1143/1/1179 1147/1/1183 1148/1/1184 
f 1149/1/1185 1150/1/1186 1151/1/1187 1152/1/1188 
f 1144/1/1180 1152/1/1188 1151/1/1187 1145/1/1181 
f 1152/1/1188 1144/1/1180 1148/1/1184 1153/1/1189 
f 1153/1/1189 1154/1/1190 1149/1/1185 1152/1/1188 
f 1155/1/1191 1156/1/1192 1157/1/1193 1158/1/1194 
f 1149/1/1185 1155/1/1191 1158/1/1194 1150/1/1186 
f 1155/1/1191 1149/1/1185 1154/1/1190 1159/1/1195 
f 1156/1/1192 1155/1/1191 1159/1/1195 1160/1/1196 
f 1161/1/1197 1162/1/1198 1163/1/1199 1164/1/1200 
f 1156/1/1192 1162/1/1198 1161/1/1197 1157/1/1193 
f 1160/1/1196 1165/1/1201 1162/1/1198 1156/1/1192 
f 1163/1/1199 1162/1/1198 1165/1/1201 1166/1/1202 
f 1167/1/1203 1168/1/1204 1169/1/1205 1170/1/1206 
f 1170/1/1206 1164/1/1200 1163/1/1199 1167/1/1203 
f 1167/1/1203 1163/1/1199 1166/1/1202 1171/1/1207 
f 1167/1/1203 1171/1/1207 1172/1/1208 1168/1/1204 
f 1173/1/1209 1174/1/1210 1175/1/1211 1176/1/1212 
f 1168/1/1204 1175/1/1211 1174/1/1210 1169/1/1205 
f 1168/1/1204 1172/1/1208 1177/1/1213 1175/1/1211 
f 1176/1/1212 1175/1/1211 1177/1/1213 1178/1/1214 
f 1179/1/1215 1180/1/1216 1181/1/1217 1182/1/1218 
f 1182/1/1218 1173/1/1209 1176/1/1212 1179/1/1215 
f 1178/1/1214 1183/1/1219 1179/1/1215 1176/1/1212 
f 1180/1/1216 1179/1/1215 1183/1/1219 1184/1/1220 
f 1185/1/1221 1186/1/1222 1187/1/1223 1188/1/1224 
f 1187/1/1223 1181/1/1217 1180/1/1216 1188/1/1224 
f 1188/1/1224 1180/1/1216 1184/1/1220 1189/1/1225 
f 1189/1/1225 1190/1/1226 1185/1/1221 1188/1/1224 
f 1191/1/1227 1192/1/1228 1193/1/1229 1194/1/1230 
f 1192/1/1228 1186/1/1222 1185/1/1221 1193/1/1229 
f 1193/1/1229 1185/1/1221 1190/1/1226 1195/1/1231 
f 1195/1/1231 1196/1/1232 1194/1/1230 1193/1/1229 
f 1197/1/1233 1198/1/1234 1199/1/1235 1200/1/1236 
f 1191/1/1227 1194/1/1230 1197/1/1233 1200/1/1236 
f 1197/1/1233 1194/1/1230 1196/1/1232 1201/1/1237 
f 1198/1/1234 1197/1/1233 1201/1/1237 1202/1/1238 
f 1203/1/1239 1204/1/1240 1205/1/1241 1206/1/1242 
f 1198/1/1234 1205/1/1241 1204/1/1240 1199/1/1235 
f 1205/1/1241 1198/1/1234 1202/1/1238 1207/1/1243 
f 1205/1/1241 1207/1/1243 1208/1/1244 1206/1/1242 
f 1209/1/1245 1210/1/1246 1091/1/1127 1090/1/1126 
f 1209/1/1245 1203/1/1239 1206/1/1242 1210/1/1246 
f 1208/1/1244 1211/1/1247 1210/1/1246 1206/1/1242 
f 1092/1/1128 1091/1/1127 1210/1/1246 1211/1/1247 
f 1093/1/1129 1212/1/1248 1213/1/1249 1094/1/1130 
f 1092/1/1128 1214/1/1250 1212/1/1248 1093/1/1129 
f 794/1/830 1212/1/1248 1214/1/1250 795/1/831 
f 800/1/836 1213/1/1249 1212/1/1248 794/1/830 
f 1215/1/1251 1090/1/1126 1087/1/1123 1216/1/1252 
f 1216/1/1252 1087/1/1123 1086/1/1122 1217/1/1253 
f 715/1/751 1216/1/1252 1217/1/1253 716/1/752 
f 1216/1/1252 715/1/751 710/1/746 1215/1/1251 
f 1218/1/1254 1100/1/1136 1099/1/1135 1219/1/1255 
f 1219/1/1255 1099/1/1135 1094/1/1130 1213/1/1249 
f 801/1/837 1219/1/1255 1213/1/1249 800/1/836 
f 1219/1/1255 801/1/837 806/1/842 1218/1/1254 
f 1097/1/1133 1220/1/1256 1217/1/1253 1086/1/1122 
f 1096/1/1132 1221/1/1257 1220/1/1256 1097/1/1133 
f 721/1/757 1220/1/1256 1221/1/1257 722/1/758 
f 716/1/752 1217/1/1253 1220/1/1256 721/1/757 
f 1222/1/1258 1106/1/1142 1105/1/1141 1223/1/1259 
f 1100/1/1136 1218/1/1254 1223/1/1259 1105/1/1141 
f 808/1/844 1223/1/1259 1218/1/1254 806/1/842 
f 812/1/848 1222/1/1258 1223/1/1259 808/1/844 
f 1104/1/1140 1224/1/1260 1221/1/1257 1096/1/1132 
f 1103/1/1139 1225/1/1261 1224/1/1260 1104/1/1140 
f 727/1/763 1224/1/1260 1225/1/1261 728/1/764 
f 727/1/763 722/1/758 1221/1/1257 1224/1/1260 
f 1111/1/1147 1226/1/1262 1227/1/1263 1112/1/1148 
f 1222/1/1258 1226/1/1262 1111/1/1147 1106/1/1142 
f 1226/1/1262 1222/1/1258 812/1/848 810/1/846 
f 811/1/847 1227/1/1263 1226/1/1262 810/1/846 
f 1228/1/1264 1225/1/1261 1103/1/1139 1110/1/1146 
f 1109/1/1145 1229/1/1265 1228/1/1264 1110/1/1146 
f 789/1/825 1228/1/1264 1229/1/1265 790/1/826 
f 789/1/825 728/1/764 1225/1/1261 1228/1/1264 
f 1117/1/1153 1230/1/1266 1231/1/1267 1118/1/1154 
f 1112/1/1148 1227/1/1263 1230/1/1266 1117/1/1153 
f 1227/1/1263 811/1/847 826/1/862 1230/1/1266 
f 1231/1/1267 1230/1/1266 826/1/862 825/1/861 
f 1115/1/1151 1232/1/1268 1229/1/1265 1109/1/1145 
f 1114/1/1150 1233/1/1269 1232/1/1268 1115/1/1151 
f 827/1/863 1232/1/1268 1233/1/1269 829/1/865 
f 1232/1/1268 827/1/863 790/1/826 1229/1/1265 
f 1123/1/1159 1234/1/1270 1235/1/1271 1124/1/1160 
f 1118/1/1154 1231/1/1267 1234/1/1270 1123/1/1159 
f 862/1/898 1234/1/1270 1231/1/1267 825/1/861 
f 861/1/897 1235/1/1271 1234/1/1270 862/1/898 
f 1233/1/1269 1114/1/1150 1122/1/1158 1236/1/1272 
f 1121/1/1157 1237/1/1273 1236/1/1272 1122/1/1158 
f 863/1/899 1236/1/1272 1237/1/1273 865/1/901 
f 863/1/899 829/1/865 1233/1/1269 1236/1/1272 
f 1130/1/1166 1129/1/1165 1238/1/1274 1239/1/1275 
f 1124/1/1160 1235/1/1271 1238/1/1274 1129/1/1165 
f 897/1/933 1238/1/1274 1235/1/1271 861/1/897 
f 898/1/934 1239/1/1275 1238/1/1274 897/1/933 
f 1128/1/1164 1240/1/1276 1237/1/1273 1121/1/1157 
f 1127/1/1163 1241/1/1277 1240/1/1276 1128/1/1164 
f 899/1/935 1240/1/1276 1241/1/1277 902/1/938 
f 899/1/935 865/1/901 1237/1/1273 1240/1/1276 
f 1135/1/1171 1242/1/1278 1243/1/1279 1136/1/1172 
f 1130/1/1166 1239/1/1275 1242/1/1278 1135/1/1171 
f 934/1/970 1242/1/1278 1239/1/1275 898/1/934 
f 933/1/969 1243/1/1279 1242/1/1278 934/1/970 
f 1244/1/1280 1241/1/1277 1127/1/1163 1134/1/1170 
f 1133/1/1169 1245/1/1281 1244/1/1280 1134/1/1170 
f 935/1/971 1244/1/1280 1245/1/1281 937/1/973 
f 902/1/938 1241/1/1277 1244/1/1280 935/1/971 
f 1246/1/1282 1247/1/1283 1142/1/1178 1141/1/1177 
f 1141/1/1177 1136/1/1172 1243/1/1279 1246/1/1282 
f 1243/1/1279 933/1/969 970/1/1006 1246/1/1282 
f 969/1/1005 1247/1/1283 1246/1/1282 970/1/1006 
f 1248/1/1284 1245/1/1281 1133/1/1169 1138/1/1174 
f 1249/1/1285 1248/1/1284 1138/1/1174 1137/1/1173 
f 1249/1/1285 973/1/1009 972/1/1008 1248/1/1284 
f 937/1/973 1245/1/1281 1248/1/1284 972/1/1008 
f 1250/1/1286 1251/1/1287 1148/1/1184 1147/1/1183 
f 1247/1/1283 1250/1/1286 1147/1/1183 1142/1/1178 
f 1247/1/1283 969/1/1005 1081/1/1117 1250/1/1286 
f 1008/1/1044 1251/1/1287 1250/1/1286 1081/1/1117 
f 1146/1/1182 1252/1/1288 1249/1/1285 1137/1/1173 
f 1146/1/1182 1145/1/1181 1253/1/1289 1252/1/1288 
f 1082/1/1118 1252/1/1288 1253/1/1289 1083/1/1119 
f 973/1/1009 1249/1/1285 1252/1/1288 1082/1/1118 
f 1153/1/1189 1254/1/1290 1255/1/1291 1154/1/1190 
f 1153/1/1189 1148/1/1184 1251/1/1287 1254/1/1290 
f 1007/1/1043 1254/1/1290 1251/1/1287 1008/1/1044 
f 1011/1/1047 1255/1/1291 1254/1/1290 1007/1/1043 
f 1151/1/1187 1256/1/1292 1253/1/1289 1145/1/1181 
f 1151/1/1187 1150/1/1186 1257/1/1293 1256/1/1292 
f 1257/1/1293 1052/1/1088 1258/1/1294 1256/1/1292 
f 1256/1/1292 1258/1/1294 1083/1/1119 1253/1/1289 
f 1160/1/1196 1159/1/1195 1259/1/1295 1260/1/1296 
f 1159/1/1195 1154/1/1190 1255/1/1291 1259/1/1295 
f 1255/1/1291 1011/1/1047 1010/1/1046 1259/1/1295 
f 1005/1/1041 1260/1/1296 1259/1/1295 1010/1/1046 
f 1150/1/1186 1158/1/1194 1261/1/1297 1257/1/1293 
f 1157/1/1193 1262/1/1298 1261/1/1297 1158/1/1194 
f 1262/1/1298 1034/1/1070 1053/1/1089 1261/1/1297 
f 1052/1/1088 1257/1/1293 1261/1/1297 1053/1/1089 
f 1263/1/1299 1166/1/1202 1165/1/1201 1264/1/1300 
f 1264/1/1300 1165/1/1201 1160/1/1196 1260/1/1296 
f 1004/1/1040 1264/1/1300 1260/1/1296 1005/1/1041 
f 1263/1/1299 1264/1/1300 1004/1/1040 999/1/1035 
f 1161/1/1197 1265/1/1301 1262/1/1298 1157/1/1193 
f 1265/1/1301 1161/1/1197 1164/1/1200 1266/1/1302 
f 1266/1/1302 1016/1/1052 1035/1/1071 1265/1/1301 
f 1262/1/1298 1265/1/1301 1035/1/1071 1034/1/1070 
f 1267/1/1303 1172/1/1208 1171/1/1207 1268/1/1304 
f 1263/1/1299 1268/1/1304 1171/1/1207 1166/1/1202 
f 998/1/1034 1268/1/1304 1263/1/1299 999/1/1035 
f 997/1/1033 1267/1/1303 1268/1/1304 998/1/1034 
f 1170/1/1206 1269/1/1305 1266/1/1302 1164/1/1200 
f 1269/1/1305 1170/1/1206 1169/1/1205 1270/1/1306 
f 1270/1/1306 980/1/1016 1017/1/1053 1269/1/1305 
f 1016/1/1052 1266/1/1302 1269/1/1305 1017/1/1053 
f 1178/1/1214 1177/1/1213 1271/1/1307 1272/1/1308 
f 1267/1/1303 1271/1/1307 1177/1/1213 1172/1/1208 
f 1271/1/1307 1267/1/1303 997/1/1033 1076/1/1112 
f 959/1/995 1272/1/1308 1271/1/1307 1076/1/1112 
f 1270/1/1306 1169/1/1205 1174/1/1210 1273/1/1309 
f 1273/1/1309 1174/1/1210 1173/1/1209 1274/1/1310 
f 1274/1/1310 944/1/980 979/1/1015 1273/1/1309 
f 1270/1/1306 1273/1/1309 979/1/1015 980/1/1016 
f 1183/1/1219 1275/1/1311 1276/1/1312 1184/1/1220 
f 1275/1/1311 1183/1/1219 1178/1/1214 1272/1/1308 
f 957/1/993 1275/1/1311 1272/1/1308 959/1/995 
f 1275/1/1311 957/1/993 924/1/960 1276/1/1312 
f 1182/1/1218 1277/1/1313 1274/1/1310 1173/1/1209 
f 1182/1/1218 1181/1/1217 1278/1/1314 1277/1/1313 
f 943/1/979 1277/1/1313 1278/1/1314 907/1/943 
f 944/1/980 1274/1/1310 1277/1/1313 943/1/979 
f 1190/1/1226 1189/1/1225 1279/1/1315 1280/1/1316 
f 1279/1/1315 1189/1/1225 1184/1/1220 1276/1/1312 
f 921/1/957 1279/1/1315 1276/1/1312 924/1/960 
f 1279/1/1315 921/1/957 887/1/923 1280/1/1316 
f 1187/1/1223 1281/1/1317 1278/1/1314 1181/1/1217 
f 1281/1/1317 1187/1/1223 1186/1/1222 1282/1/1318 
f 908/1/944 1281/1/1317 1282/1/1318 871/1/907 
f 1278/1/1314 1281/1/1317 908/1/944 907/1/943 
f 1195/1/1231 1283/1/1319 1284/1/1320 1196/1/1232 
f 1195/1/1231 1190/1/1226 1280/1/1316 1283/1/1319 
f 885/1/921 1283/1/1319 1280/1/1316 887/1/923 
f 851/1/887 1284/1/1320 1283/1/1319 885/1/921 
f 1282/1/1318 1186/1/1222 1192/1/1228 1285/1/1321 
f 1285/1/1321 1192/1/1228 1191/1/1227 1286/1/1322 
f 872/1/908 1285/1/1321 1286/1/1322 835/1/871 
f 1282/1/1318 1285/1/1321 872/1/908 871/1/907 
f 1201/1/1237 1287/1/1323 1288/1/1324 1202/1/1238 
f 1201/1/1237 1196/1/1232 1284/1/1320 1287/1/1323 
f 1284/1/1320 851/1/887 849/1/885 1287/1/1323 
f 1287/1/1323 849/1/885 816/1/852 1288/1/1324 
f 1286/1/1322 1191/1/1227 1200/1/1236 1289/1/1325 
f 1199/1/1235 1290/1/1326 1289/1/1325 1200/1/1236 
f 836/1/872 1289/1/1325 1290/1/1326 774/1/810 
f 1289/1/1325 836/1/872 835/1/871 1286/1/1322 
f 1208/1/1244 1207/1/1243 1291/1/1327 1292/1/1328 
f 1288/1/1324 1291/1/1327 1207/1/1243 1202/1/1238 
f 1291/1/1327 1288/1/1324 816/1/852 813/1/849 
f 796/1/832 1292/1/1328 1291/1/1327 813/1/849 
f 1204/1/1240 1293/1/1329 1290/1/1326 1199/1/1235 
f 1204/1/1240 1203/1/1239 1294/1/1330 1293/1/1329 
f 1294/1/1330 756/1/792 775/1/811 1293/1/1329 
f 774/1/810 1290/1/1326 1293/1/1329 775/1/811 
f 1214/1/1250 1092/1/1128 1211/1/1247 1295/1/1331 
f 1208/1/1244 1292/1/1328 1295/1/1331 1211/1/1247 
f 792/1/828 1295/1/1331 1292/1/1328 796/1/832 
f 795/1/831 1214/1/1250 1295/1/1331 792/1/828 
f 1296/1/1332 1294/1/1330 1203/1/1239 1209/1/1245 
f 1209/1/1245 1090/1/1126 1215/1/1251 1296/1/1332 
f 1215/1/1251 710/1/746 757/1/793 1296/1/1332 
f 757/1/793 756/1/792 1294/1/1330 1296/1/1332 
s 2
f 1297/1/1333 1298/1/1334 707/1/1335 712/1/1336 
f 1297/1/1333 1299/1/1337 1300/1/1338 1298/1/1334 
f 1301/1/1339 1302/1/1340 1298/1/1334 1300/1/1338 
f 1302/1/1340 704/1/1341 707/1/1335 1298/1/1334 
f 718/1/1342 1303/1/1343 1304/1/1344 714/1/1345 
f 1305/1/1346 1306/1/1347 1304/1/1344 1303/1/1343 
f 1304/1/1344 1306/1/1347 1299/1/1337 1297/1/1333 
f 712/1/1336 714/1/1345 1304/1/1344 1297/1/1333 
f 1307/1/1348 720/1/1349 724/1/1350 1308/1/1351 
f 1308/1/1351 1309/1/1352 1310/1/1353 1307/1/1348 
f 1307/1/1348 1310/1/1353 1305/1/1346 1303/1/1343 
f 718/1/1342 720/1/1349 1307/1/1348 1303/1/1343 
f 1311/1/1354 1312/1/1355 726/1/1356 730/1/1357 
f 1311/1/1354 1313/1/1358 1314/1/1359 1312/1/1355 
f 1312/1/1355 1314/1/1359 1309/1/1352 1308/1/1351 
f 1308/1/1351 724/1/1350 726/1/1356 1312/1/1355 
f 1302/1/1340 1315/1/1360 735/1/1361 704/1/1341 
f 1316/1/1362 1315/1/1360 1302/1/1340 1301/1/1339 
f 1317/1/1363 1318/1/1364 1315/1/1360 1316/1/1362 
f 1318/1/1364 736/1/1365 735/1/1361 1315/1/1360 
f 1318/1/1364 1319/1/1366 742/1/1367 736/1/1365 
f 1320/1/1368 1319/1/1366 1318/1/1364 1317/1/1363 
f 1319/1/1366 1320/1/1368 1321/1/1369 1322/1/1370 
f 1322/1/1370 743/1/1371 742/1/1367 1319/1/1366 
f 1322/1/1370 1323/1/1372 746/1/1373 743/1/1371 
f 1322/1/1370 1321/1/1369 1324/1/1374 1323/1/1372 
f 1325/1/1375 1326/1/1376 1323/1/1372 1324/1/1374 
f 1326/1/1376 747/1/1377 746/1/1373 1323/1/1372 
f 1327/1/1378 748/1/1379 747/1/1377 1326/1/1376 
f 1328/1/1380 1327/1/1378 1326/1/1376 1325/1/1375 
f 1328/1/1380 1329/1/1381 1330/1/1382 1327/1/1378 
f 750/1/1383 748/1/1379 1327/1/1378 1330/1/1382 
f 750/1/1383 1330/1/1382 1331/1/1384 766/1/1385 
f 1331/1/1384 1330/1/1382 1329/1/1381 1332/1/1386 
f 1331/1/1384 1332/1/1386 1333/1/1387 1334/1/1388 
f 768/1/1389 766/1/1385 1331/1/1384 1334/1/1388 
f 1334/1/1388 1335/1/1390 784/1/1391 768/1/1389 
f 1334/1/1388 1333/1/1387 1336/1/1392 1335/1/1390 
f 1336/1/1392 1337/1/1393 1338/1/1394 1335/1/1390 
f 787/1/1395 784/1/1391 1335/1/1390 1338/1/1394 
f 1338/1/1394 1339/1/1396 845/1/1397 787/1/1395 
f 1339/1/1396 1338/1/1394 1337/1/1393 1340/1/1398 
f 1341/1/1399 1339/1/1396 1340/1/1398 1342/1/1400 
f 848/1/1401 845/1/1397 1339/1/1396 1341/1/1399 
f 1343/1/1402 881/1/1403 848/1/1401 1341/1/1399 
f 1342/1/1400 1344/1/1404 1343/1/1402 1341/1/1399 
f 1345/1/1405 1343/1/1402 1344/1/1404 1346/1/1406 
f 1345/1/1405 883/1/1407 881/1/1403 1343/1/1402 
f 883/1/1407 1345/1/1405 1347/1/1408 918/1/1409 
f 1347/1/1408 1345/1/1405 1346/1/1406 1348/1/1410 
f 1347/1/1408 1348/1/1410 1349/1/1411 1350/1/1412 
f 920/1/1413 918/1/1409 1347/1/1408 1350/1/1412 
f 1350/1/1412 1351/1/1414 954/1/1415 920/1/1413 
f 1351/1/1414 1350/1/1412 1349/1/1411 1352/1/1416 
f 1352/1/1416 1353/1/1396 1354/1/1417 1351/1/1414 
f 956/1/1418 954/1/1415 1351/1/1414 1354/1/1417 
f 1355/1/1419 990/1/1420 956/1/1418 1354/1/1417 
f 1354/1/1417 1353/1/1396 1356/1/1421 1355/1/1419 
f 1355/1/1419 1356/1/1421 1357/1/1422 1358/1/1423 
f 992/1/1424 990/1/1420 1355/1/1419 1358/1/1423 
f 1358/1/1423 1359/1/1425 1026/1/1426 992/1/1424 
f 1357/1/1422 1360/1/1427 1359/1/1425 1358/1/1423 
f 1361/1/1428 1359/1/1425 1360/1/1427 1362/1/1429 
f 1028/1/1430 1026/1/1426 1359/1/1425 1361/1/1428 
f 1361/1/1428 1363/1/1431 1045/1/1432 1028/1/1430 
f 1364/1/1433 1363/1/1431 1361/1/1428 1362/1/1429 
f 1364/1/1433 1365/1/1434 1366/1/1435 1363/1/1431 
f 1047/1/1436 1045/1/1432 1363/1/1431 1366/1/1435 
f 1047/1/1436 1366/1/1435 1367/1/1437 1062/1/1438 
f 1368/1/1439 1367/1/1437 1366/1/1435 1365/1/1434 
f 1368/1/1439 1369/1/1440 1370/1/1440 1367/1/1437 
f 1064/1/1440 1062/1/1438 1367/1/1437 1370/1/1440 
f 1370/1/1440 1371/1/1441 1073/1/1441 1064/1/1440 
f 1372/1/1442 1371/1/1441 1370/1/1440 1369/1/1440 
f 695/1/732 1371/1/1441 1372/1/1442 696/1/732 
f 1073/1/1441 1371/1/1441 695/1/732 395/1/732 
s 1
f 1373/1/1443 1068/1/1104 381/1/381 699/1/735 
f 1084/1/1120 1373/1/1443 699/1/735 408/1/408 
f 1083/1/1119 1258/1/1294 1373/1/1443 1084/1/1120 
f 1052/1/1088 1068/1/1104 1373/1/1443 1258/1/1294 
s 2
f 30/1/738 701/1/738 1374/1/1444 731/1/1445 
f 703/1/738 1375/1/1446 1374/1/1444 701/1/738 
f 1313/1/1358 1311/1/1354 1374/1/1444 1375/1/1446 
f 730/1/1357 731/1/1445 1374/1/1444 1311/1/1354 
# 1334 polygons

