# 3ds Max Wavefront OBJ Exporter v0.99 - (c)2007 guruware
# File Created: 22.03.2025 20:02:50

mtllib llanta_obj.mtl

#
# object Object100
#

v  -6.6687 -6.4353 -0.0395
v  -7.4223 -5.5182 -0.0736
v  -7.6679 -4.6553 -1.1101
v  -7.0077 -5.6062 -1.0773
v  -6.6745 -4.7661 -1.8264
v  -6.0096 -5.6113 -1.7955
v  -6.9880 -5.5968 -1.2399
v  -7.6469 -4.6478 -1.2727
v  -7.5579 -4.5928 -1.2720
v  -6.9054 -5.5325 -1.2395
v  -6.9250 -5.5419 -1.0769
v  -7.5788 -4.6004 -1.1094
v  -7.4253 -5.5154 0.0683
v  -6.6717 -6.4324 0.1024
v  -7.0659 -6.0467 0.5603
v  -7.7768 -5.0905 0.5263
v  -6.5675 -6.3369 0.1026
v  -7.3114 -5.4316 0.0690
v  -7.3085 -5.4345 -0.0730
v  -6.5646 -6.3398 -0.0393
v  -6.6373 -4.7400 -1.8261
v  -5.9755 -5.5813 -1.7955
v  -6.9572 -5.9564 0.5607
v  -7.6591 -5.0124 0.5271
v  -6.7708 -4.5452 -1.8329
v  -7.6879 -4.3765 -1.2791
v  -7.7091 -4.3836 -1.1165
v  -7.4591 -5.2244 -0.0804
v  -7.4620 -5.2216 0.0616
v  -7.7999 -4.7944 0.5198
v  -7.7832 -5.0884 0.7105
v  -7.0721 -6.0449 0.7444
v  -7.0767 -6.0404 0.9709
v  -7.7878 -5.0839 0.9369
v  -7.9305 -4.8630 0.9295
v  -7.9259 -4.8676 0.7031
v  -6.9610 -5.9526 0.7449
v  -7.6628 -5.0086 0.7113
v  -7.8036 -4.7907 0.7040
v  -6.0673 -4.3466 -2.0365
v  -5.4514 -5.1295 -2.0079
v  -6.1915 -4.1653 -2.0427
v  -5.0595 -4.7903 -2.1317
v  -5.6410 -4.0512 -2.1587
v  -5.3177 -3.8242 -2.1659
v  -4.7626 -4.5299 -2.1402
v  -5.7583 -3.8800 -2.1645
v  -5.4298 -3.6607 -2.1715
v  -4.7282 -4.5010 -2.1706
v  -5.2804 -3.7990 -2.1962
v  -5.3918 -3.6364 -2.2018
v  -4.6887 -4.4653 -2.1432
v  -5.2374 -3.7678 -2.1685
v  -5.3481 -3.6063 -2.1742
v  -4.6500 -3.3536 -2.1310
v  -4.1492 -3.9903 -2.1077
v  -4.7512 -3.2062 -2.1360
v  -4.4700 -3.2271 -2.1352
v  -3.9837 -3.8453 -2.1127
v  -4.5680 -3.0840 -2.1402
v  -3.9153 -3.7765 -1.8850
v  -4.3951 -3.1665 -1.9072
v  -4.4919 -3.0254 -1.9121
v  -8.3294 -3.4073 -1.1491
v  -7.7995 -4.4365 -1.1173
v  -7.5749 -5.3054 -0.0811
v  -8.2018 -4.2975 -0.1144
v  -7.3570 -3.6453 -1.8632
v  -6.8086 -4.5704 -1.8331
v  -7.7783 -4.4293 -1.2799
v  -8.3071 -3.4021 -1.3116
v  -8.2117 -3.3592 -1.3105
v  -8.2339 -3.3645 -1.1480
v  -7.9195 -4.8697 0.5188
v  -8.4989 -3.8286 0.4857
v  -8.2047 -4.2946 0.0275
v  -7.5779 -5.3025 0.0609
v  -8.0809 -4.2266 0.0287
v  -8.0780 -4.2295 -0.1133
v  -7.3168 -3.6243 -1.8628
v  -8.3720 -3.7666 0.4872
v  -7.4236 -3.4137 -1.8693
v  -8.3122 -3.1278 -1.3173
v  -8.3347 -3.1324 -1.1548
v  -8.1998 -4.0014 -0.1204
v  -8.2027 -3.9986 0.0216
v  -8.4831 -3.5320 0.4801
v  -8.5102 -3.8216 0.8965
v  -8.5055 -3.8262 0.6700
v  -8.6227 -3.5840 0.8893
v  -8.6181 -3.5886 0.6628
v  -8.3758 -3.7628 0.6714
v  -8.4868 -3.5283 0.6643
v  -6.6995 -3.3084 -2.0705
v  -6.7989 -3.1124 -2.0766
v  -6.2379 -3.0711 -2.1908
v  -5.8877 -2.8883 -2.1966
v  -5.9774 -2.7116 -2.2021
v  -6.3318 -2.8860 -2.1966
v  -5.8473 -2.8681 -2.2268
v  -5.9365 -2.6924 -2.2322
v  -5.8006 -2.8429 -2.1989
v  -5.8892 -2.6683 -2.2043
v  -5.1643 -2.5093 -2.1587
v  -5.2451 -2.3499 -2.1636
v  -4.9691 -2.4075 -2.1622
v  -5.0476 -2.2527 -2.1669
v  -4.8876 -2.3578 -1.9338
v  -4.9650 -2.2052 -1.9385
v  -8.8147 -2.9852 -0.1537
v  -8.8217 -2.0833 -1.1860
v  -8.4311 -3.1730 -1.1560
v  -8.3252 -4.0666 -0.1216
v  -8.4087 -3.1684 -1.3184
v  -8.7986 -2.0807 -1.3485
v  -7.8869 -2.4449 -1.8984
v  -7.4644 -3.4337 -1.8697
v  -8.7214 -2.0533 -1.1846
v  -8.6982 -2.0506 -1.3471
v  -9.0496 -2.4828 0.4472
v  -8.8177 -2.9824 -0.0117
v  -8.3281 -4.0637 0.0203
v  -8.6115 -3.5910 0.4786
v  -8.6860 -2.9310 -0.0101
v  -8.6831 -2.9339 -0.1520
v  -7.8442 -2.4293 -1.8979
v  -8.9156 -2.4380 0.4490
v  -8.7676 -1.8080 -1.3534
v  -7.9225 -2.2065 -1.9041
v  -8.7909 -1.8102 -1.1911
v  -8.7740 -2.6919 -0.1588
v  -8.7769 -2.6890 -0.0169
v  -8.9949 -2.1909 0.4423
v  -9.0610 -2.4756 0.8579
v  -9.0563 -2.4801 0.6314
v  -9.1367 -2.2298 0.6246
v  -9.1414 -2.2252 0.8511
v  -8.9194 -2.4343 0.6332
v  -8.9987 -2.1872 0.6265
v  -7.1903 -2.1964 -2.1032
v  -7.2632 -1.9890 -2.1090
v  -6.3302 -1.8858 -2.2261
v  -6.7013 -2.0211 -2.2217
v  -6.3959 -1.6989 -2.2313
v  -6.7702 -1.8254 -2.2271
v  -6.2873 -1.8710 -2.2561
v  -6.3528 -1.6852 -2.2612
v  -6.2378 -1.8522 -2.2281
v  -6.3028 -1.6675 -2.2332
v  -5.5634 -1.6049 -2.1853
v  -5.6227 -1.4362 -2.1899
v  -5.3566 -1.5295 -2.1879
v  -5.4142 -1.3658 -2.1924
v  -5.2700 -1.4915 -1.9593
v  -5.3267 -1.3299 -1.9637
v  -9.2504 -1.6038 -0.1907
v  -9.1363 -0.7062 -1.2205
v  -8.8919 -1.8377 -1.1925
v  -8.9068 -2.7401 -0.1605
v  -9.1125 -0.7062 -1.3829
v  -8.2549 -1.1852 -1.9316
v  -7.9655 -2.2210 -1.9046
v  -8.8686 -1.8356 -1.3549
v  -9.0330 -0.6896 -1.2187
v  -9.0093 -0.6896 -1.3811
v  -8.9097 -2.7372 -0.0186
v  -9.1300 -2.2326 0.4403
v  -9.4192 -1.0766 0.4110
v  -9.2533 -1.6009 -0.0487
v  -9.1161 -1.5673 -0.0466
v  -9.1132 -1.5702 -0.1885
v  -8.2106 -1.1753 -1.9309
v  -9.2805 -1.0497 0.4133
v  -9.0463 -0.4399 -1.3869
v  -8.2590 -0.9441 -1.9366
v  -9.0700 -0.4393 -1.2246
v  -9.1716 -1.3183 -0.1949
v  -9.1746 -1.3154 -0.0529
v  -9.3268 -0.7942 0.4072
v  -9.4307 -1.0688 0.8217
v  -9.4260 -1.0734 0.5953
v  -9.4729 -0.8147 0.5890
v  -9.4776 -0.8101 0.8155
v  -9.2842 -1.0459 0.5975
v  -9.3306 -0.7905 0.5914
v  -7.5312 -1.0295 -2.1339
v  -7.5762 -0.8144 -2.1392
v  -7.0231 -0.9196 -2.2507
v  -6.6374 -0.8340 -2.2538
v  -6.6781 -0.6401 -2.2585
v  -7.0657 -0.7165 -2.2557
v  -6.5931 -0.8248 -2.2836
v  -6.6334 -0.6320 -2.2884
v  -6.5415 -0.8127 -2.2554
v  -6.5817 -0.6210 -2.2601
v  -5.8406 -0.6559 -2.2102
v  -5.8773 -0.4810 -2.2146
v  -5.6257 -0.6083 -2.2122
v  -5.6614 -0.4384 -2.2164
v  -5.5355 -0.5826 -1.9832
v  -5.5706 -0.4150 -1.9873
v  -9.1737 -0.4535 -1.2264
v  -9.3096 -1.3487 -0.1971
v  -9.5014 -0.1772 -0.2247
v  -9.2679 0.7004 -1.2517
v  -8.3035 -0.9529 -1.9373
v  -9.1499 -0.4540 -1.3888
v  -9.2438 0.6977 -1.4140
v  -8.4547 0.1119 -1.9620
v  -9.1632 0.7033 -1.2496
v  -9.1392 0.7005 -1.4119
v  -9.5043 -0.1743 -0.0828
v  -9.3125 -1.3458 -0.0552
v  -9.4661 -0.8179 0.4047
v  -9.6014 0.3661 0.3780
v  -9.3638 -0.1590 -0.0802
v  -9.3609 -0.1619 -0.2222
v  -8.4095 0.1159 -1.9611
v  -9.4604 0.3746 0.3807
v  -9.1432 0.9530 -1.4172
v  -8.4272 0.3513 -1.9664
v  -9.1672 0.9563 -1.2549
v  -9.3859 0.0955 -0.2279
v  -9.3888 0.0984 -0.0860
v  -9.4729 0.6338 0.3752
v  -9.6129 0.3742 0.7887
v  -9.6082 0.3696 0.5622
v  -9.6256 0.6370 0.7831
v  -9.6210 0.6323 0.5565
v  -9.4641 0.3784 0.5649
v  -9.4767 0.6376 0.5594
v  -7.7163 0.1720 -2.1621
v  -7.7328 0.3912 -2.1669
v  -6.8043 0.2491 -2.2792
v  -7.1979 0.2147 -2.2773
v  -7.2135 0.4217 -2.2819
v  -6.8192 0.4467 -2.2836
v  -6.7590 0.2524 -2.3089
v  -6.7738 0.4490 -2.3132
v  -6.7064 0.2576 -2.2805
v  -6.7212 0.4529 -2.2848
v  -5.9912 0.3212 -2.2331
v  -6.0046 0.4995 -2.2371
v  -5.7720 0.3403 -2.2344
v  -5.7850 0.5134 -2.2383
v  -5.6797 0.3535 -2.0052
v  -5.6926 0.5242 -2.0089
v  -9.5267 0.0835 -0.2306
v  -9.5634 1.2701 -0.2554
v  -9.2140 2.1122 -1.2793
v  -9.2719 0.9557 -1.2570
v  -9.2479 0.9525 -1.4193
v  -9.1901 2.1067 -1.4416
v  -8.4829 1.4241 -1.9893
v  -8.4726 0.3485 -1.9672
v  -9.1100 2.1013 -1.2769
v  -9.0860 2.0959 -1.4392
v  -9.5931 1.8203 0.3486
v  -9.5663 1.2730 -0.1135
v  -9.5296 0.0864 -0.0887
v  -9.6140 0.6287 0.3723
v  -9.4251 1.2698 -0.1105
v  -9.4221 1.2669 -0.2525
v  -8.4376 1.4220 -1.9882
v  -9.4522 1.8103 0.3517
v  -9.0570 2.3467 -1.4437
v  -8.4243 1.6579 -1.9928
v  -9.0808 2.3526 -1.2815
v  -9.4131 1.5254 -0.2575
v  -9.4160 1.5282 -0.1155
v  -9.4306 2.0689 0.3469
v  -9.6046 1.8288 0.7593
v  -9.5999 1.8242 0.5329
v  -9.5781 2.0863 0.5279
v  -9.5828 2.0909 0.7545
v  -9.4560 1.8140 0.5360
v  -9.4344 2.0726 0.5312
v  -7.7425 1.3875 -2.1872
v  -7.7301 1.6069 -2.1915
v  -6.8278 1.3448 -2.3019
v  -7.2225 1.3622 -2.3011
v  -7.2109 1.5695 -2.3051
v  -6.8168 1.5427 -2.3058
v  -6.7824 1.3422 -2.3315
v  -6.7714 1.5390 -2.3353
v  -6.7297 1.3404 -2.3029
v  -6.7187 1.5360 -2.3067
v  -6.0124 1.3097 -2.2536
v  -6.0025 1.4882 -2.2571
v  -5.7925 1.3000 -2.2543
v  -5.7828 1.4733 -2.2577
v  -5.7001 1.3004 -2.0248
v  -5.6905 1.4712 -2.0281
v  -9.1845 2.3659 -1.2839
v  -9.5543 1.5319 -0.2606
v  -9.4353 2.7131 -0.2820
v  -8.9758 3.5048 -1.3026
v  -8.9523 3.4966 -1.4649
v  -8.3390 2.7286 -2.0128
v  -8.4696 1.6609 -1.9938
v  -9.1607 2.3600 -1.4461
v  -8.8740 3.4804 -1.3001
v  -8.8506 3.4723 -1.4622
v  -9.5713 2.0823 0.3437
v  -9.3945 3.2609 0.3234
v  -9.4382 2.7160 -0.1401
v  -9.5572 1.5348 -0.1186
v  -9.2986 2.6943 -0.1368
v  -9.2957 2.6915 -0.2787
v  -8.2944 2.7207 -2.0116
v  -9.2561 3.2325 0.3269
v  -8.7888 3.7171 -1.4660
v  -8.2503 2.9528 -2.0155
v  -8.8122 3.7257 -1.3038
v  -9.2529 2.9465 -0.2831
v  -9.2559 2.9494 -0.1411
v  -9.2008 3.4862 0.3229
v  -9.4013 3.2653 0.5076
v  -9.4059 3.2699 0.7342
v  -9.3452 3.5223 0.5036
v  -9.3499 3.5269 0.7302
v  -9.2598 3.2362 0.5111
v  -9.2046 3.4899 0.5071
v  -7.6092 2.5959 -2.2091
v  -7.5682 2.8119 -2.2127
v  -7.0967 2.5032 -2.3217
v  -6.7077 2.4342 -2.3215
v  -6.6708 2.6289 -2.3248
v  -7.0581 2.7072 -2.3250
v  -6.6629 2.4258 -2.3510
v  -6.6262 2.6194 -2.3541
v  -6.6110 2.4171 -2.3224
v  -6.5745 2.6094 -2.3255
v  -5.9040 2.2925 -2.2714
v  -5.8708 2.4682 -2.2743
v  -5.6874 2.2541 -2.2716
v  -5.6550 2.4246 -2.2744
v  -5.5963 2.2417 -2.0418
v  -5.5643 2.4100 -2.0446
v  -8.9133 3.7525 -1.3064
v  -9.3919 2.9714 -0.2864
v  -9.1192 4.1270 -0.3043
v  -8.5572 4.8542 -1.3214
v  -8.2948 2.9618 -2.0166
v  -8.8900 3.7439 -1.4686
v  -8.5346 4.8435 -1.4836
v  -8.0256 4.0032 -2.0321
v  -8.4369 4.8060 -1.4808
v  -8.4596 4.8168 -1.3187
v  -9.0087 4.6632 0.3029
v  -9.1221 4.1298 -0.1623
v  -9.3948 2.9743 -0.1445
v  -9.3384 3.5179 0.3194
v  -8.9837 4.0873 -0.3006
v  -8.9866 4.0901 -0.1588
v  -7.9822 3.9895 -2.0309
v  -8.8753 4.6169 0.3066
v  -8.3437 5.0407 -1.4837
v  -7.9083 4.2138 -2.0341
v  -8.3662 5.0518 -1.3215
v  -8.9079 4.3345 -0.3041
v  -8.9108 4.3374 -0.1622
v  -8.7873 4.8612 0.3035
v  -9.0202 4.6726 0.7138
v  -9.0155 4.6680 0.4871
v  -8.9310 4.9200 0.7106
v  -8.9263 4.9155 0.4839
v  -8.8790 4.6207 0.4909
v  -8.7911 4.8650 0.4877
v  -7.3188 3.7765 -2.2271
v  -7.2499 3.9853 -2.2299
v  -6.4460 3.4985 -2.3378
v  -6.8225 3.6179 -2.3386
v  -6.7575 3.8149 -2.3413
v  -6.3838 3.6867 -2.3403
v  -6.4025 3.4844 -2.3671
v  -6.3408 3.6716 -2.3697
v  -6.3523 3.4688 -2.3384
v  -6.2909 3.6549 -2.3410
v  -5.6678 3.2527 -2.2860
v  -5.6119 3.4225 -2.2883
v  -5.4581 3.1863 -2.2858
v  -5.4036 3.3511 -2.2880
v  -5.3700 3.1615 -2.0558
v  -5.3164 3.3241 -2.0580
v  -7.9655 6.1373 -1.3353
v  -8.4629 5.0916 -1.3243
v  -9.0425 4.3775 -0.3078
v  -8.6208 5.4874 -0.3216
v  -7.9512 4.2286 -2.0353
v  -8.4404 5.0805 -1.4865
v  -7.9440 6.1242 -1.4975
v  -7.5478 5.2258 -2.0471
v  -7.8736 6.0874 -1.3324
v  -7.8521 6.0742 -1.4946
v  -9.0454 4.3804 -0.1659
v  -8.9196 4.9106 0.2997
v  -8.4428 6.0030 0.2874
v  -8.6237 5.4903 -0.1797
v  -8.4946 5.4331 -0.1758
v  -8.4916 5.4303 -0.3178
v  -7.5067 5.2065 -2.0459
v  -8.3166 5.9396 0.2913
v  -7.7289 6.2947 -1.4965
v  -7.4040 5.4194 -2.0482
v  -7.7502 6.3083 -1.3343
v  -8.3841 5.6654 -0.3204
v  -8.3870 5.6683 -0.1784
v  -8.1974 6.1703 0.2891
v  -8.4540 6.0127 0.6982
v  -8.4494 6.0081 0.4716
v  -8.3332 6.2464 0.6960
v  -8.3285 6.2418 0.4693
v  -8.3203 5.9433 0.4755
v  -8.2011 6.1741 0.4733
v  -6.8763 4.9092 -2.2410
v  -6.7807 5.1071 -2.2430
v  -6.4048 4.6871 -2.3517
v  -6.0470 4.5195 -2.3503
v  -5.9608 4.6979 -2.3522
v  -6.3145 4.8740 -2.3537
v  -6.0058 4.4999 -2.3796
v  -5.9201 4.6773 -2.3815
v  -5.9581 4.4778 -2.3508
v  -5.8729 4.6541 -2.3527
v  -5.3080 4.1738 -2.2973
v  -5.2303 4.3348 -2.2990
v  -5.1086 4.0804 -2.2967
v  -5.0332 4.2367 -2.2984
v  -5.0253 4.0437 -2.0667
v  -4.9508 4.1980 -2.0682
v  -7.8410 6.3604 -1.3373
v  -8.5119 5.7257 -0.3242
v  -7.9485 6.7709 -0.3339
v  -7.2110 7.3319 -1.3440
v  -6.9142 6.3754 -2.0574
v  -7.4446 5.4396 -2.0494
v  -7.8197 6.3468 -1.4994
v  -7.1909 7.3165 -1.5061
v  -7.1264 7.2704 -1.3410
v  -7.1063 7.2550 -1.5032
v  -7.9514 6.7737 -0.1918
v  -8.5148 5.7286 -0.1823
v  -8.3220 6.2366 0.2852
v  -7.7062 7.2572 0.2771
v  -7.8308 6.7001 -0.1879
v  -7.8279 6.6973 -0.3299
v  -6.8759 6.3509 -2.0561
v  -7.5894 7.1778 0.2812
v  -6.7462 6.5485 -2.0575
v  -6.9553 7.4574 -1.5041
v  -6.9751 7.4732 -1.3421
v  -7.6905 6.9164 -0.3315
v  -7.6935 6.9193 -0.1895
v  -7.4410 7.3908 0.2799
v  -7.7172 7.2672 0.6880
v  -7.7126 7.2626 0.4613
v  -7.5669 7.4831 0.6867
v  -7.5622 7.4785 0.4600
v  -7.5932 7.1815 0.4654
v  -7.4447 7.3946 0.4641
v  -6.2893 5.9740 -2.2505
v  -6.1685 6.1578 -2.2518
v  -5.5179 5.4794 -2.3589
v  -5.8507 5.6924 -2.3608
v  -5.7366 5.8659 -2.3620
v  -5.4091 5.6451 -2.3601
v  -5.4795 5.4546 -2.3882
v  -5.3712 5.6194 -2.3893
v  -5.4351 5.4265 -2.3593
v  -5.3275 5.5901 -2.3604
v  -4.8306 5.0398 -2.3051
v  -4.7324 5.1892 -2.3062
v  -4.6452 4.9211 -2.3043
v  -4.5499 5.0663 -2.3053
v  -4.5680 4.8734 -2.0741
v  -4.4740 5.0166 -2.0751
v  -7.1139 7.9552 -0.3407
v  -6.3064 8.4176 -1.3474
v  -7.0582 7.5367 -1.3450
v  -7.8093 6.9928 -0.3355
v  -6.1353 7.4322 -2.0629
v  -6.7838 6.5738 -2.0588
v  -7.0384 7.5210 -1.5072
v  -6.2881 8.4000 -1.5096
v  -6.2306 8.3455 -1.3444
v  -6.2122 8.3279 -1.5066
v  -7.8123 6.9957 -0.1936
v  -7.5559 7.4730 0.2758
v  -6.8118 8.4042 0.2722
v  -7.1168 7.9581 -0.1988
v  -7.0069 7.8694 -0.1947
v  -7.0040 7.8665 -0.3366
v  -6.1007 7.4029 -2.0616
v  -6.7064 8.3102 0.2763
v  -6.0360 8.5088 -1.5066
v  -5.9462 7.5817 -2.0620
v  -6.0541 8.5267 -1.3445
v  -6.8392 8.0658 -0.3373
v  -6.8421 8.0687 -0.1953
v  -6.5313 8.5020 0.2760
v  -6.8226 8.4145 0.6831
v  -6.8180 8.4100 0.4564
v  -6.6406 8.6043 0.4560
v  -6.6453 8.6088 0.6827
v  -6.7102 8.3140 0.4605
v  -6.5352 8.5057 0.4602
v  -5.5679 6.9529 -2.2555
v  -5.4241 7.1193 -2.2560
v  -5.1695 6.6165 -2.3654
v  -4.8676 6.3619 -2.3634
v  -5.0338 6.7737 -2.3659
v  -4.7380 6.5119 -2.3639
v  -4.8326 6.3323 -2.3927
v  -4.7037 6.4815 -2.3931
v  -4.7925 6.2985 -2.3637
v  -4.6645 6.4467 -2.3641
v  -4.2439 5.8360 -2.3092
v  -4.1270 5.9713 -2.3095
v  -4.0757 5.6940 -2.3082
v  -3.9621 5.8253 -2.3086
v  -4.0060 5.6359 -2.0780
v  -3.8940 5.7655 -2.0784
v  -6.1315 9.0203 -0.3421
v  -5.2676 9.3753 -1.3455
v  -6.1281 8.6006 -1.3475
v  -6.9469 8.1572 -0.3414
v  -5.2249 8.3779 -2.0634
v  -5.9802 7.6118 -2.0634
v  -6.1101 8.5827 -1.5096
v  -5.2512 9.3560 -1.5076
v  -5.1855 9.2746 -1.5047
v  -5.2018 9.2939 -1.3425
v  -5.7750 9.4242 0.2728
v  -6.1344 9.0231 -0.2002
v  -6.9498 8.1601 -0.1994
v  -6.6346 8.5984 0.2719
v  -6.0371 8.9207 -0.1961
v  -6.0341 8.9179 -0.3380
v  -5.1944 8.3443 -2.0621
v  -5.6827 9.3172 0.2769
v  -4.9871 9.4308 -1.5037
v  -5.0178 8.5014 -2.0616
v  -5.0031 9.4505 -1.3416
v  -5.8446 9.0938 -0.3377
v  -5.8475 9.0967 -0.1957
v  -5.4841 9.4844 0.2776
v  -5.7855 9.4349 0.6838
v  -5.7808 9.4303 0.4570
v  -5.5795 9.5997 0.4578
v  -5.5842 9.6043 0.6845
v  -5.6865 9.3209 0.4612
v  -5.4879 9.4881 0.4619
v  -4.7245 7.8289 -2.2560
v  -4.5602 7.9751 -2.2555
v  -4.3733 7.4436 -2.3660
v  -4.1073 7.1515 -2.3638
v  -4.2182 7.5816 -2.3656
v  -3.9593 7.2832 -2.3635
v  -4.0765 7.1178 -2.3930
v  -3.9292 7.2488 -2.3927
v  -4.0412 7.0789 -2.3642
v  -3.8948 7.2091 -2.3638
v  -3.5581 6.5484 -2.3095
v  -3.4244 6.6672 -2.3092
v  -3.4099 6.3856 -2.3086
v  -3.2801 6.5010 -2.3083
v  -3.3490 6.3184 -2.0783
v  -3.2210 6.4322 -2.0780
v  -5.0181 9.9475 -0.3380
v  -4.1122 10.1889 -1.3383
v  -5.0669 9.5335 -1.3446
v  -5.9394 9.1985 -0.3418
v  -4.0981 10.1679 -1.5004
v  -4.1985 9.1963 -2.0589
v  -5.0475 8.5356 -2.0629
v  -5.0509 9.5138 -1.5067
v  -4.0437 10.0786 -1.4975
v  -4.0578 10.0996 -1.3353
v  -4.6134 10.2997 0.2790
v  -5.0210 9.9504 -0.1961
v  -5.9424 9.2014 -0.1998
v  -5.5738 9.5936 0.2736
v  -4.9380 9.8361 -0.1921
v  -4.9350 9.8332 -0.3341
v  -4.1726 9.1590 -2.0575
v  -4.5360 10.1815 0.2830
v  -3.8265 10.2076 -1.4957
v  -3.9770 9.2916 -2.0562
v  -3.8402 10.2288 -1.3335
v  -4.7240 9.9829 -0.3327
v  -4.7269 9.9857 -0.1908
v  -4.3172 10.3213 0.2846
v  -4.6236 10.3106 0.6899
v  -4.6190 10.3060 0.4631
v  -4.4019 10.4522 0.6916
v  -4.3973 10.4476 0.4648
v  -4.5398 10.1853 0.4672
v  -4.3210 10.3251 0.4689
v  -3.7737 8.5870 -2.2518
v  -3.5917 8.7103 -2.2506
v  -3.2502 7.8350 -2.3601
v  -3.4757 8.1593 -2.3620
v  -3.3039 8.2757 -2.3609
v  -3.0862 7.9462 -2.3590
v  -3.2241 7.7975 -2.3893
v  -3.0608 7.9081 -2.3882
v  -3.1941 7.7543 -2.3604
v  -3.0320 7.8642 -2.3594
v  -2.7848 7.1649 -2.3062
v  -2.6368 7.2652 -2.3052
v  -2.6592 6.9842 -2.3053
v  -2.5155 7.0815 -2.3044
v  -2.6084 6.9089 -2.0751
v  -2.4666 7.0051 -2.0742
v  -3.7929 10.7209 -0.3286
v  -2.8604 10.8442 -1.3258
v  -3.8926 10.3194 -1.3364
v  -4.8044 10.0991 -0.3367
v  -3.8788 10.2982 -1.4986
v  -2.8487 10.8220 -1.4880
v  -3.0738 9.8732 -2.0494
v  -4.0021 9.3295 -2.0575
v  -2.8181 10.7485 -1.3230
v  -2.8064 10.7263 -1.4852
v  -4.8073 10.1019 -0.1947
v  -4.3918 10.4413 0.2806
v  -3.3473 11.0155 0.2905
v  -3.7958 10.7237 -0.1866
v  -3.7284 10.5996 -0.1827
v  -3.7255 10.5968 -0.3246
v  -3.0531 9.8329 -2.0483
v  -3.2861 10.8883 0.2943
v  -2.5742 10.8257 -1.4824
v  -2.8418 9.9387 -2.0460
v  -2.5855 10.8482 -1.3202
v  -3.4967 10.7174 -0.3224
v  -3.4997 10.7203 -0.1804
v  -3.0509 10.9982 0.2969
v  -3.3525 11.0221 0.4747
v  -3.3571 11.0267 0.7011
v  -3.1141 11.1334 0.4773
v  -3.1189 11.1380 0.7037
v  -3.2899 10.8920 0.4786
v  -3.0547 11.0020 0.4811
v  -2.7320 9.2141 -2.2431
v  -2.5353 9.3125 -2.2411
v  -2.3111 8.4002 -2.3523
v  -2.4921 8.7513 -2.3538
v  -2.1339 8.4889 -2.3504
v  -2.3066 8.8443 -2.3519
v  -2.2899 8.3597 -2.3815
v  -2.1137 8.4480 -2.3797
v  -2.2661 8.3129 -2.3527
v  -2.0909 8.4006 -2.3509
v  -1.9376 7.6748 -2.2991
v  -1.7777 7.7550 -2.2974
v  -1.8367 7.4792 -2.2985
v  -1.6815 7.5570 -2.2969
v  -1.7968 7.3974 -2.0684
v  -1.6436 7.4741 -2.0668
v  -3.5611 10.8432 -0.3263
v  -2.4769 11.3272 -0.3137
v  -1.5336 11.3299 -1.3084
v  -2.6256 10.9448 -1.3230
v  -2.8616 9.9795 -2.0472
v  -2.6142 10.9224 -1.4852
v  -1.5244 11.3067 -1.4706
v  -1.8703 10.3971 -2.0354
v  -1.5041 11.2295 -1.3057
v  -1.4950 11.2063 -1.4679
v  -1.9985 11.5595 0.3072
v  -2.4798 11.3301 -0.1718
v  -3.5641 10.8460 -0.1843
v  -3.1091 11.1269 0.2931
v  -2.4294 11.1982 -0.1681
v  -2.4264 11.1954 -0.3101
v  -1.8549 10.3543 -2.0341
v  -1.9545 11.4253 0.3109
v  -1.2518 11.2745 -1.4644
v  -1.6317 10.4315 -2.0311
v  -1.2606 11.2978 -1.3022
v  -2.1838 11.2850 -0.3069
v  -2.1868 11.2879 -0.1650
v  -1.7068 11.5034 0.3143
v  -2.0032 11.5662 0.4914
v  -2.0080 11.5707 0.7178
v  -1.7570 11.6499 0.7213
v  -1.7524 11.6453 0.4949
v  -1.9582 11.4290 0.4951
v  -1.7106 11.5071 0.4985
v  -1.6170 9.6993 -2.2300
v  -1.4093 9.7712 -2.2272
v  -1.3060 8.8376 -2.3405
v  -1.4396 9.2094 -2.3414
v  -1.1188 8.9024 -2.3379
v  -1.2434 9.2773 -2.3388
v  -1.2903 8.7948 -2.3698
v  -1.1040 8.8592 -2.3674
v  -1.2728 8.7452 -2.3410
v  -1.0877 8.8092 -2.3386
v  -1.0308 8.0695 -2.2885
v  -0.8619 8.1279 -2.2862
v  -0.9564 7.8623 -2.2882
v  -0.7924 7.9191 -2.2860
v  -0.9282 7.7754 -2.0582
v  -0.7664 7.8314 -2.0560
v  -1.0931 11.7561 -0.2940
v  -0.1547 11.6377 -1.2863
v  -1.2876 11.3989 -1.3047
v  -2.2313 11.4181 -0.3106
v  -0.6085 10.7588 -2.0168
v  -1.6460 10.4746 -2.0323
v  -1.2789 11.3756 -1.4670
v  -0.1482 11.6140 -1.4486
v  -0.1386 11.5343 -1.2839
v  -0.1321 11.5105 -1.4461
v  -2.2342 11.4210 -0.1687
v  -1.7478 11.6387 0.3107
v  -0.5901 11.9221 0.3288
v  -1.0960 11.7590 -0.1520
v  -1.0632 11.6216 -0.1486
v  -1.0603 11.6187 -0.2905
v  -0.5989 10.7144 -2.0156
v  -0.5640 11.7833 0.3321
v  -0.3674 10.7617 -2.0119
v  0.1179 11.5463 -1.4417
v  0.1119 11.5701 -1.2795
v  -0.8080 11.6758 -0.2865
v  -0.8109 11.6787 -0.1446
v  -0.3083 11.8283 0.3365
v  -0.5991 11.9335 0.7394
v  -0.5945 11.9289 0.5130
v  -0.3400 11.9791 0.7438
v  -0.3354 11.9745 0.5173
v  -0.5678 11.7870 0.5164
v  -0.3121 11.8320 0.5207
v  -0.4483 10.0343 -2.2128
v  -0.2329 10.0784 -2.2093
v  -0.3362 9.5258 -2.3252
v  -0.2524 9.1397 -2.3249
v  -0.0583 9.1793 -2.3218
v  -0.1328 9.5674 -2.3219
v  -0.2423 9.0952 -2.3543
v  -0.0492 9.1347 -2.3512
v  -0.2316 9.0437 -2.3257
v  -0.0397 9.0829 -2.3226
v  -0.0803 8.3420 -2.2745
v  0.0949 8.3778 -2.2715
v  -0.0337 8.1269 -2.2746
v  0.1364 8.1616 -2.2717
v  -0.0178 8.0365 -2.0447
v  0.1501 8.0708 -2.0420
v  1.2527 11.7623 -1.2599
v  0.0984 11.6739 -1.2818
v  -0.8376 11.8140 -0.2899
v  0.3350 11.9999 -0.2696
v  1.2565 11.7382 -1.4222
v  0.6898 10.9521 -1.9940
v  -0.3760 10.8063 -2.0129
v  0.1043 11.6500 -1.4441
v  1.2588 11.6336 -1.4200
v  1.2550 11.6576 -1.2577
v  0.3321 12.0028 -0.1276
v  -0.8405 11.8169 -0.1480
v  -0.3311 11.9678 0.3331
v  0.8536 12.0971 0.3549
v  0.3495 11.8594 -0.2664
v  0.3466 11.8623 -0.1245
v  0.6935 10.9069 -1.9929
v  0.8614 11.9560 0.3579
v  1.5113 11.6363 -1.4149
v  0.9291 10.9235 -1.9885
v  1.5080 11.6603 -1.2526
v  0.6070 11.8830 -0.2616
v  0.6041 11.8859 -0.1197
v  1.1207 11.9672 0.3630
v  0.8450 12.1086 0.7656
v  0.8497 12.1040 0.5391
v  1.1078 12.1199 0.7707
v  1.1124 12.1153 0.5442
v  0.8576 11.9598 0.5423
v  1.1169 11.9710 0.5473
v  0.7543 10.2135 -2.1917
v  0.9736 10.2289 -2.1876
v  0.8316 9.3011 -2.3060
v  0.7992 9.6949 -2.3053
v  1.0062 9.7095 -2.3013
v  1.0293 9.3150 -2.3022
v  0.8359 9.2558 -2.3355
v  1.0325 9.2697 -2.3317
v  0.8397 9.2033 -2.3069
v  1.0351 9.2170 -2.3031
v  0.8977 8.4877 -2.2573
v  1.0760 8.5002 -2.2539
v  0.9158 8.2684 -2.2579
v  1.0890 8.2805 -2.2547
v  0.9191 8.1760 -2.0283
v  1.0899 8.1881 -2.0251
v  1.5082 11.7650 -1.2547
v  0.5959 12.0239 -0.2648
v  1.7826 12.0547 -0.2410
v  2.6641 11.7014 -1.2297
v  2.0020 10.9739 -1.9674
v  0.9265 10.9688 -1.9895
v  1.5114 11.7410 -1.4170
v  2.6652 11.6775 -1.3920
v  2.6527 11.5974 -1.2277
v  2.6538 11.5735 -1.3901
v  2.3077 12.0815 0.3851
v  1.7797 12.0576 -0.0990
v  0.5929 12.0268 -0.1228
v  1.1163 12.1084 0.3601
v  1.7757 11.9163 -0.0962
v  1.7787 11.9135 -0.2382
v  1.9998 10.9285 -1.9665
v  2.2969 11.9407 0.3878
v  2.2355 10.9141 -1.9614
v  2.9045 11.5431 -1.3844
v  2.9039 11.5670 -1.2220
v  2.0371 11.9032 -0.2327
v  2.0341 11.9060 -0.0907
v  2.5555 11.9178 0.3935
v  2.2995 12.0930 0.7957
v  2.3042 12.0884 0.5693
v  2.5615 12.0698 0.8016
v  2.5662 12.0652 0.5751
v  2.2931 11.9444 0.5720
v  2.5517 11.9215 0.5778
v  1.9699 10.2336 -2.1672
v  2.1893 10.2201 -2.1623
v  1.9468 9.7138 -2.2821
v  1.9275 9.3192 -2.2837
v  2.1540 9.7012 -2.2776
v  2.1252 9.3072 -2.2795
v  1.9259 9.2738 -2.3135
v  2.1226 9.2617 -2.3092
v  1.9227 9.2211 -2.2850
v  2.1181 9.2092 -2.2808
v  1.8863 8.5040 -2.2373
v  2.0648 8.4931 -2.2335
v  1.8755 8.2842 -2.2385
v  2.0487 8.2736 -2.2347
v  1.8661 8.1916 -2.0092
v  2.0370 8.1812 -2.0054
v  3.2249 11.9194 -0.2086
v  4.0553 11.4562 -1.1960
v  2.9177 11.6707 -1.2238
v  2.0443 12.0443 -0.2353
v  3.3058 10.8234 -1.9375
v  2.2389 10.9593 -1.9623
v  2.9182 11.6468 -1.3862
v  4.0537 11.4328 -1.3585
v  4.0304 11.3546 -1.1945
v  4.0288 11.3312 -1.3570
v  3.2220 11.9222 -0.0666
v  2.0415 12.0472 -0.0934
v  2.5696 12.0584 0.3910
v  3.7472 11.8757 0.4189
v  3.1995 11.7828 -0.0642
v  3.2024 11.7799 -0.2062
v  3.2976 10.7788 -1.9369
v  3.7180 11.7375 0.4211
v  4.2733 11.2683 -1.3506
v  3.5294 10.7337 -1.9312
v  4.2753 11.2915 -1.1882
v  3.4572 11.7359 -0.2000
v  3.4543 11.7388 -0.0581
v  3.9714 11.6809 0.4274
v  3.7441 11.8825 0.6031
v  3.7395 11.8871 0.8295
v  3.9961 11.8298 0.8360
v  4.0007 11.8252 0.6095
v  3.7142 11.7412 0.6053
v  3.9675 11.6846 0.6117
v  3.1776 10.0943 -2.1395
v  3.3933 10.0523 -2.1343
v  3.0869 9.5824 -2.2560
v  3.0161 9.1937 -2.2588
v  3.2106 9.1558 -2.2540
v  3.2907 9.5426 -2.2510
v  3.0087 9.1489 -2.2886
v  3.2021 9.1112 -2.2839
v  2.9985 9.0970 -2.2605
v  3.1907 9.0596 -2.2557
v  2.8685 8.3908 -2.2148
v  3.0440 8.3566 -2.2105
v  2.8290 8.1742 -2.2167
v  2.9993 8.1410 -2.2125
v  2.8068 8.0832 -1.9876
v  2.9749 8.0504 -1.9835
v  4.6369 11.5963 -0.1730
v  5.4023 11.0309 -1.1598
v  4.3026 11.3925 -1.1897
v  3.4830 11.8748 -0.2024
v  4.3006 11.3692 -1.3521
v  5.3982 11.0083 -1.3223
v  4.5785 10.5036 -1.9049
v  3.5387 10.7781 -1.9319
v  5.3601 10.9108 -1.3211
v  5.3644 10.9334 -1.1585
v  5.1472 11.4831 0.4556
v  4.6340 11.5992 -0.0311
v  3.4800 11.8776 -0.0604
v  4.0039 11.8184 0.4253
v  4.5935 11.4638 -0.0291
v  4.5964 11.4609 -0.1711
v  4.5646 10.4604 -1.9043
v  5.1002 11.3499 0.4574
v  5.5942 10.8164 -1.3143
v  4.7885 10.3853 -1.8983
v  5.5989 10.8389 -1.1518
v  4.8432 11.3839 -0.1644
v  4.8403 11.3868 -0.0225
v  5.3439 11.2606 0.4642
v  5.1398 11.4943 0.8663
v  5.1444 11.4897 0.6398
v  5.3867 11.4038 0.8732
v  5.3915 11.3993 0.6468
v  5.0964 11.3536 0.6416
v  5.3401 11.2643 0.6485
v  4.3565 9.7980 -2.1093
v  4.5649 9.7281 -2.1036
v  4.2000 9.3026 -2.2274
v  4.0789 8.9265 -2.2316
v  4.3968 9.2367 -2.2221
v  4.2667 8.8635 -2.2265
v  4.0657 8.8833 -2.2615
v  4.2525 8.8205 -2.2564
v  4.0488 8.8331 -2.2334
v  4.2344 8.7708 -2.2284
v  3.8273 8.1498 -2.1902
v  3.9967 8.0929 -2.1856
v  3.7598 7.9403 -2.1928
v  3.9243 7.8850 -2.1884
v  3.7253 7.8523 -1.9640
v  3.8876 7.7978 -1.9597
v  6.6820 10.4328 -1.1213
v  5.6391 10.9354 -1.1530
v  4.8869 11.5183 -0.1662
v  5.9943 11.0911 -0.1348
v  6.6753 10.4114 -1.2839
v  5.7983 10.0198 -1.8700
v  4.8034 10.4281 -1.8989
v  5.6346 10.9130 -1.3154
v  6.6315 10.3411 -1.1205
v  6.6249 10.3197 -1.2830
v  4.8840 11.5212 -0.0243
v  5.3941 11.3927 0.4625
v  6.4837 10.9104 0.4948
v  5.9914 11.0940 0.0071
v  5.9364 10.9621 -0.1334
v  5.9335 10.9650 0.0085
v  5.7788 9.9788 -1.8696
v  6.4196 10.7845 0.4960
v  5.9909 9.8750 -1.8632
v  6.8446 10.1955 -1.2760
v  6.8517 10.2166 -1.1134
v  6.1710 10.8535 -0.1264
v  6.1681 10.8564 0.0156
v  6.6495 10.6640 0.5031
v  6.4766 10.9215 0.9053
v  6.4813 10.9170 0.6790
v  6.7096 10.7995 0.9127
v  6.7143 10.7949 0.6862
v  6.4158 10.7882 0.6802
v  6.6458 10.6678 0.6873
v  5.4865 9.3499 -2.0769
v  5.6839 9.2532 -2.0709
v  5.2668 8.8796 -2.1969
v  5.0975 8.5226 -2.2024
v  5.4532 8.7884 -2.1913
v  5.2754 8.4355 -2.1971
v  5.0788 8.4814 -2.2326
v  5.2559 8.3948 -2.2272
v  5.0554 8.4338 -2.2047
v  5.2313 8.3478 -2.1993
v  4.7462 7.7853 -2.1640
v  4.9068 7.7067 -2.1591
v  4.6519 7.5864 -2.1673
v  4.8078 7.5102 -2.1625
v  4.6055 7.5031 -1.9389
v  4.7593 7.4280 -1.9343
v  7.2739 10.4124 -0.0947
v  7.8722 9.6723 -1.0815
v  6.9043 10.3071 -1.1142
v  6.2320 10.9810 -0.1277
v  6.0114 9.9155 -1.8636
v  6.8972 10.2859 -1.2768
v  7.8633 9.6523 -1.2440
v  6.9443 9.3804 -1.8336
v  7.8012 9.5680 -1.2436
v  7.8102 9.5879 -1.0810
v  7.7336 10.1677 0.5354
v  7.2710 10.4153 0.0472
v  6.2291 10.9839 0.0142
v  6.7166 10.7885 0.5020
v  7.1996 10.2922 -0.0939
v  7.1966 10.2951 0.0481
v  6.9195 9.3423 -1.8333
v  7.6536 10.0511 0.5362
v  8.0028 9.4160 -1.2364
v  7.1162 9.2115 -1.8266
v  8.0121 9.4357 -1.0738
v  7.4179 10.1537 -0.0865
v  7.4150 10.1566 0.0553
v  7.8657 9.9016 0.5435
v  7.7315 10.1739 0.7198
v  7.7269 10.1785 0.9462
v  7.9465 10.0224 0.7272
v  7.9419 10.0270 0.9536
v  7.6498 10.0549 0.7204
v  7.8620 9.9054 0.7279
v  6.5479 8.7575 -2.0431
v  6.7309 8.6359 -2.0369
v  6.0544 7.9886 -2.1720
v  6.2689 8.3204 -2.1650
v  6.4417 8.2055 -2.1591
v  6.2194 7.8790 -2.1664
v  6.0305 7.9503 -2.2022
v  6.1947 7.8413 -2.1966
v  6.0010 7.9062 -2.1745
v  6.1640 7.7978 -2.1690
v  5.6095 7.3036 -2.1365
v  5.7584 7.2047 -2.1314
v  5.4900 7.1188 -2.1406
v  5.6345 7.0227 -2.1357
v  5.4324 7.0418 -1.9125
v  5.5750 6.9470 -1.9078
v  8.4534 9.5719 -0.0534
v  8.9525 8.7623 -1.0407
v  8.0761 9.5185 -1.0741
v  7.4950 10.2721 -0.0874
v  7.1418 9.2491 -1.8269
v  8.0668 9.4988 -1.2368
v  8.9415 8.7441 -1.2035
v  7.9964 8.5964 -1.7960
v  8.8800 8.6868 -1.0408
v  8.8690 8.6687 -1.2035
v  8.4505 9.5748 0.0885
v  7.4921 10.2750 0.0546
v  7.9484 10.0162 0.5430
v  8.8754 9.2675 0.5772
v  8.3611 9.4654 0.0888
v  8.3640 9.4625 -0.0531
v  7.9669 8.5618 -1.7960
v  8.7808 9.1625 0.5774
v  8.1448 8.4064 -1.7891
v  9.0488 8.4916 -1.1962
v  9.0602 8.5095 -1.0334
v  8.5624 9.2966 -0.0456
v  8.5594 9.2995 0.0962
v  8.9715 8.9865 0.5848
v  8.8690 9.2782 0.9879
v  8.8736 9.2736 0.7615
v  9.0622 9.0998 0.9954
v  9.0669 9.0952 0.7691
v  8.7770 9.1662 0.7616
v  8.9677 8.9903 0.7691
v  7.5226 8.0313 -2.0083
v  7.6881 7.8867 -2.0020
v  7.1890 7.6347 -2.1322
v  6.9329 7.3339 -2.1406
v  7.0822 7.2036 -2.1350
v  7.3454 7.4982 -2.1262
v  6.9045 7.2992 -2.1711
v  7.0529 7.1696 -2.1654
v  6.8693 7.2592 -2.1436
v  7.0168 7.1304 -2.1380
v  6.4022 6.7129 -2.1082
v  6.5368 6.5954 -2.1031
v  6.2595 6.5454 -2.1132
v  6.3902 6.4312 -2.1082
v  6.1917 6.4760 -1.8855
v  6.3207 6.3634 -1.8806
v  8.6543 9.4039 -0.0460
v  9.5127 8.5842 -0.0117
v  9.9043 7.7187 -1.0001
v  9.1345 8.5831 -1.0334
v  9.1231 8.5653 -1.1961
v  9.8914 7.7025 -1.1629
v  8.9368 7.6812 -1.7581
v  8.1751 8.4403 -1.7892
v  9.8225 7.6534 -1.0004
v  9.8096 7.6372 -1.1632
v  9.8893 8.2255 0.6192
v  9.5098 8.5871 0.1303
v  8.6514 9.4068 0.0960
v  9.0686 9.0892 0.5848
v  9.4097 8.4874 -0.0118
v  9.4068 8.4902 0.1301
v  8.9031 7.6508 -1.7582
v  9.7818 8.1339 0.6188
v  9.9647 7.4381 -1.1560
v  9.0591 7.4734 -1.7514
v  9.9779 7.4538 -0.9932
v  9.5846 8.2970 -0.0044
v  9.5817 8.2999 0.1376
v  9.9478 7.9344 0.6263
v  9.8832 8.2359 1.0298
v  9.8878 8.2313 0.8034
v  10.0514 8.0338 1.0374
v  10.0560 8.0292 0.8110
v  9.7780 8.1376 0.8031
v  9.9440 7.9381 0.8105
v  8.3937 7.1836 -1.9733
v  8.5389 7.0186 -1.9670
v  7.7182 6.5698 -2.1090
v  8.0115 6.8343 -2.0990
v  8.1485 6.6785 -2.0931
v  7.8491 6.4211 -2.1034
v  7.6855 6.5391 -2.1397
v  7.8157 6.3912 -2.1339
v  7.6453 6.5040 -2.1124
v  7.7747 6.3570 -2.1068
v  7.1106 6.0235 -2.0796
v  7.2287 5.8893 -2.0746
v  6.9473 5.8761 -2.0855
v  7.0619 5.7458 -2.0804
v  6.8703 5.8156 -1.8582
v  6.9834 5.6871 -1.8532
v  10.4334 7.4661 0.0299
v  10.7111 6.5593 -0.9600
v  10.0612 7.5172 -0.9928
v  9.6898 8.3913 -0.0041
v  9.0935 7.5031 -1.7513
v  10.0481 7.5014 -1.1556
v  10.6967 6.5453 -1.1228
v  9.7492 6.6507 -1.7205
v  10.6070 6.4913 -1.1236
v  10.6215 6.5053 -0.9607
v  10.7580 7.0597 0.6607
v  10.4305 7.4690 0.1719
v  9.6869 8.3942 0.1378
v  10.0575 8.0235 0.6267
v  10.3157 7.3866 0.1712
v  10.3186 7.3837 0.0292
v  9.7118 6.6250 -1.7208
v  10.6394 6.9828 0.6598
v  10.7348 6.2736 -1.1165
v  9.8432 6.4287 -1.7141
v  10.7494 6.2871 -0.9537
v  10.4670 7.1719 0.0366
v  10.4641 7.1748 0.1785
v  10.7779 6.7634 0.6671
v  10.7522 7.0697 1.0713
v  10.7568 7.0651 0.8449
v  10.8925 6.8473 1.0787
v  10.8971 6.8427 0.8523
v  10.6357 6.9866 0.8440
v  10.7741 6.7671 0.8513
v  9.1462 6.2291 -1.9385
v  9.2685 6.0464 -1.9322
v  8.7220 5.9332 -2.0662
v  8.3966 5.7093 -2.0776
v  8.5068 5.5447 -2.0720
v  8.8373 5.7607 -2.0603
v  8.3602 5.6833 -2.1084
v  8.4699 5.5195 -2.1029
v  8.3157 5.6537 -2.0813
v  8.4247 5.4910 -2.0758
v  7.7227 5.2473 -2.0513
v  7.8221 5.0987 -2.0464
v  7.5414 5.1225 -2.0580
v  7.6379 4.9783 -2.0531
v  7.4565 5.0721 -1.8310
v  7.5518 4.9297 -1.8262
v  11.1996 6.2371 0.0706
v  11.3591 5.3042 -0.9212
v  10.8402 6.3391 -0.9529
v  10.5837 7.2517 0.0374
v  9.8812 6.4536 -1.7138
v  10.8257 6.3254 -1.1157
v  11.3435 5.2927 -1.0842
v  10.4195 5.5227 -1.6839
v  11.2631 5.2624 -0.9223
v  11.2475 5.2508 -1.0853
v  10.8983 6.8373 0.6680
v  11.4665 5.7901 0.7010
v  11.1967 6.2400 0.2125
v  10.5808 7.2546 0.1793
v  11.0722 6.1732 0.2113
v  11.0751 6.1704 0.0694
v  10.3791 5.5021 -1.6844
v  11.3389 5.7295 0.6995
v  11.3456 5.0182 -1.0785
v  10.4837 5.2904 -1.6779
v  11.3614 5.0294 -0.9156
v  11.1945 5.9410 0.0764
v  11.1915 5.9439 0.2184
v  11.4474 5.4937 0.7065
v  11.4609 5.7997 1.1117
v  11.4655 5.7951 0.8853
v  11.5708 5.5608 1.1188
v  11.5755 5.5562 0.8923
v  11.3351 5.7332 0.8838
v  11.4436 5.4974 0.8907
v  9.7672 5.1842 -1.9045
v  9.8645 4.9870 -1.8986
v  9.3082 4.9466 -2.0341
v  8.9564 4.7674 -2.0471
v  9.4000 4.7606 -2.0285
v  9.0441 4.5897 -2.0417
v  8.9170 4.7464 -2.0779
v  9.0043 4.5697 -2.0726
v  8.8689 4.7228 -2.0511
v  8.9556 4.5472 -2.0458
v  8.2277 4.3974 -2.0237
v  8.3068 4.2371 -2.0189
v  8.0317 4.2975 -2.0312
v  8.1085 4.1419 -2.0265
v  7.9403 4.2580 -1.8046
v  8.0162 4.1045 -1.8000
v  11.7983 4.9182 0.1096
v  11.8370 3.9750 -0.8845
v  11.4582 5.0689 -0.9144
v  11.3205 6.0048 0.0778
v  11.4425 5.0578 -1.0774
v  11.8205 3.9659 -1.0475
v  10.9364 4.3166 -1.6488
v  10.5246 5.3099 -1.6775
v  11.7365 3.9461 -0.8859
v  11.7199 3.9370 -1.0489
v  11.3177 6.0077 0.2197
v  11.5765 5.5513 0.7081
v  12.0026 4.4384 0.7393
v  11.7954 4.9211 0.2515
v  11.6632 4.8712 0.2499
v  11.6661 4.8683 0.1079
v  10.8935 4.3013 -1.6494
v  11.8681 4.3951 0.7374
v  10.9695 4.0777 -1.6434
v  11.7867 3.6936 -1.0426
v  11.8033 3.7021 -0.8797
v  11.7544 4.6253 0.1146
v  11.7515 4.6282 0.2566
v  11.9448 4.1472 0.7440
v  11.9971 4.4478 1.1501
v  12.0017 4.4432 0.9237
v  12.0794 4.1919 0.9303
v  12.0748 4.1965 1.1568
v  11.8643 4.3988 0.9217
v  11.9410 4.1509 0.9283
v  10.2459 4.0668 -1.8720
v  10.3166 3.8587 -1.8664
v  9.3879 3.7601 -2.0178
v  9.7602 3.8918 -2.0035
v  9.4516 3.5725 -2.0127
v  9.8269 3.6954 -1.9981
v  9.3463 3.7445 -2.0488
v  9.4096 3.5579 -2.0438
v  9.2955 3.7274 -2.0222
v  9.3584 3.5419 -2.0171
v  8.6171 3.4888 -1.9973
v  8.6745 3.3195 -1.9928
v  8.4096 3.4153 -2.0055
v  8.4654 3.2510 -2.0011
v  8.3133 3.3876 -1.7793
v  8.3683 3.2254 -1.7749
v  12.2190 3.5322 0.1463
v  12.1368 2.5946 -0.8503
v  11.9045 3.7287 -0.8781
v  11.8878 4.6720 0.1165
v  12.1197 2.5881 -1.0134
v  11.2908 3.0529 -1.6159
v  11.0127 4.0918 -1.6428
v  11.8879 3.7201 -1.0411
v  12.0333 2.5791 -0.8521
v  12.0162 2.5726 -1.0152
v  12.0803 4.1873 0.7460
v  12.3570 3.0283 0.7752
v  12.2162 3.5351 0.2883
v  11.8849 4.6749 0.2584
v  12.0785 3.5029 0.2861
v  12.0815 3.5000 0.1441
v  11.2463 3.0435 -1.6167
v  12.2180 3.0029 0.7729
v  11.2923 2.8119 -1.6111
v  12.0504 2.3226 -1.0095
v  12.0676 2.3284 -0.8464
v  12.1372 3.2475 0.1504
v  12.1343 3.2504 0.2923
v  12.2615 2.7470 0.7789
v  12.3515 3.0372 1.1859
v  12.3562 3.0326 0.9596
v  12.4004 2.7733 0.9657
v  12.3957 2.7779 1.1921
v  12.2142 3.0066 0.9572
v  12.2578 2.7507 0.9633
v  10.5742 2.8963 -1.8415
v  10.6170 2.6807 -1.8364
v  10.0701 2.7869 -1.9747
v  9.6839 2.7050 -1.9903
v  10.1105 2.5832 -1.9698
v  9.7224 2.5107 -1.9856
v  9.6406 2.6952 -2.0215
v  9.6789 2.5018 -2.0168
v  9.5878 2.6847 -1.9950
v  9.6260 2.4926 -1.9903
v  8.8840 2.5368 -1.9725
v  8.9188 2.3615 -1.9683
v  8.6688 2.4913 -1.9815
v  8.7026 2.3211 -1.9774
v  8.5690 2.4757 -1.7556
v  8.6023 2.3079 -1.7515
v  12.4546 2.1029 0.1801
v  12.2531 1.1867 -0.8194
v  12.1714 2.3415 -0.8445
v  12.2756 3.2764 0.1527
v  12.2358 1.1830 -0.9825
v  11.4766 1.7538 -1.5858
v  11.3369 2.8202 -1.6104
v  12.1543 2.3356 -1.0076
v  12.1485 1.1849 -0.8216
v  12.1311 1.1812 -0.9847
v  12.2726 3.2793 0.2947
v  12.4011 2.7691 0.7813
v  12.5236 1.5837 0.8080
v  12.4517 2.1058 0.3221
v  12.3111 2.0920 0.3195
v  12.3140 2.0891 0.1775
v  11.4314 1.7503 -1.5867
v  12.3825 1.5767 0.8051
v  12.1324 0.9287 -0.9795
v  11.4465 1.5146 -1.5816
v  12.1498 0.9319 -0.8164
v  12.3362 1.8315 0.1832
v  12.3333 1.8344 0.3251
v  12.3922 1.3173 0.8106
v  12.5183 1.5922 1.2187
v  12.5229 1.5876 0.9923
v  12.5327 1.3248 0.9977
v  12.5281 1.3294 1.2242
v  12.3787 1.5804 0.9894
v  12.3884 1.3210 0.9949
v  10.7464 1.6929 -1.8137
v  10.7605 1.4735 -1.8089
v  10.2326 1.6506 -1.9483
v  9.8390 1.6202 -1.9651
v  9.8519 1.4224 -1.9609
v  10.2460 1.4436 -1.9439
v  9.7949 1.6161 -1.9966
v  9.8077 1.4194 -1.9922
v  9.7412 1.6126 -1.9702
v  9.7538 1.4171 -1.9660
v  9.0240 1.5581 -1.9498
v  9.0355 1.3797 -1.9461
v  8.8047 1.5412 -1.9595
v  8.8158 1.3680 -1.9557
v  8.7031 1.5383 -1.7339
v  8.7141 1.3674 -1.7302
v  12.1841 -0.2245 -0.7923
v  12.2544 0.9312 -0.8142
v  12.4771 1.8420 0.1859
v  12.5010 0.6551 0.2104
v  12.2370 0.9280 -0.9774
v  12.1669 -0.2254 -0.9554
v  11.4906 0.4414 -1.5589
v  11.4919 1.5170 -1.5807
v  12.0801 -0.2125 -0.7946
v  12.0629 -0.2135 -0.9578
v  12.4981 0.6579 0.3524
v  12.4742 1.8448 0.3278
v  12.5335 1.3209 0.8134
v  12.4996 0.1297 0.8369
v  12.3568 0.6626 0.3494
v  12.3597 0.6597 0.2074
v  11.4453 0.4439 -1.5599
v  12.3588 0.1412 0.8337
v  12.0311 -0.4640 -0.9534
v  11.4295 0.2082 -1.5555
v  12.0482 -0.4635 -0.7902
v  12.3480 0.4015 0.2124
v  12.3450 0.4044 0.3544
v  12.3344 -0.1172 0.8385
v  12.4943 0.1378 1.2476
v  12.4989 0.1332 1.0212
v  12.4695 -0.1242 1.2525
v  12.4742 -0.1288 1.0259
v  12.3550 0.1450 1.0180
v  12.3306 -0.1134 1.0227
v  10.7593 0.4773 -1.7887
v  10.7447 0.2579 -1.7846
v  10.2449 0.5029 -1.9249
v  9.8508 0.5243 -1.9427
v  9.8375 0.3265 -1.9390
v  10.2310 0.2958 -1.9210
v  9.8066 0.5261 -1.9742
v  9.7934 0.3295 -1.9705
v  9.7528 0.5296 -1.9480
v  9.7397 0.3342 -1.9443
v  9.0345 0.5694 -1.9296
v  9.0226 0.3910 -1.9263
v  8.8150 0.5813 -1.9398
v  8.8034 0.4082 -1.9365
v  8.7132 0.5912 -1.7144
v  8.7017 0.4204 -1.7112
v  11.9308 -1.6144 -0.7693
v  12.1519 -0.4779 -0.7878
v  12.4891 0.3934 0.2155
v  12.3573 -0.7865 0.2367
v  11.4748 0.2046 -1.5544
v  12.1347 -0.4784 -0.9510
v  11.9140 -1.6127 -0.9325
v  11.3326 -0.8616 -1.5358
v  11.8293 -1.5890 -0.7719
v  11.8126 -1.5873 -0.9352
v  12.4749 -0.1322 0.8417
v  12.2853 -1.3087 0.8616
v  12.3544 -0.7836 0.3786
v  12.4862 0.3963 0.3574
v  12.2149 -0.7605 0.3753
v  12.2179 -0.7633 0.2334
v  11.2880 -0.8532 -1.5369
v  12.1472 -1.2789 0.8582
v  11.7482 -1.8314 -0.9315
v  11.2415 -1.0848 -1.5331
v  11.7648 -1.8336 -0.7682
v  12.1724 -1.0179 0.2375
v  12.1695 -1.0150 0.3795
v  12.0893 -1.5319 0.8621
v  12.2799 -1.3011 1.2724
v  12.2846 -1.3057 1.0460
v  12.2211 -1.5575 1.2764
v  12.2258 -1.5620 1.0499
v  12.1435 -1.2751 1.0425
v  12.0855 -1.5282 1.0464
v  10.6130 -0.7297 -1.7673
v  10.5697 -0.9452 -1.7638
v  9.7189 -0.5637 -1.9234
v  10.1067 -0.6365 -1.9046
v  10.0658 -0.8400 -1.9013
v  9.6798 -0.7580 -1.9202
v  9.6754 -0.5561 -1.9550
v  9.6366 -0.7494 -1.9519
v  9.6225 -0.5457 -1.9289
v  9.5839 -0.7377 -1.9258
v  8.9156 -0.4121 -1.9122
v  8.8804 -0.5874 -1.9094
v  8.6994 -0.3716 -1.9229
v  8.6652 -0.5418 -1.9202
v  8.5992 -0.3490 -1.6978
v  8.5655 -0.5169 -1.6951
v  12.3112 -1.0443 0.2409
v  12.0260 -2.1968 0.2585
v  11.4977 -2.9593 -0.7510
v  11.8657 -1.8614 -0.7657
v  11.2859 -1.0942 -1.5321
v  11.8491 -1.8593 -0.9288
v  11.4818 -2.9550 -0.9142
v  11.0054 -2.1327 -1.5168
v  11.3845 -2.9165 -0.9171
v  11.4004 -2.9208 -0.7537
v  12.3082 -1.0415 0.3829
v  12.2266 -1.5651 0.8655
v  11.8845 -2.7068 0.8817
v  12.0231 -2.1940 0.4004
v  11.8909 -2.1557 0.2548
v  11.8880 -2.1528 0.3968
v  10.9623 -2.1186 -1.5180
v  11.7516 -2.6591 0.8779
v  10.8858 -2.3421 -1.5150
v  11.2887 -3.1501 -0.9143
v  11.3044 -3.1548 -0.7510
v  11.8124 -2.4021 0.2582
v  11.8095 -2.3992 0.4001
v  11.6610 -2.9023 0.8811
v  11.8837 -2.7041 1.0660
v  11.8791 -2.6995 1.2925
v  11.7919 -2.9506 1.0691
v  11.7872 -2.9460 1.2956
v  11.7479 -2.6553 1.0623
v  11.6572 -2.8986 1.0653
v  10.3099 -1.9072 -1.7497
v  10.2387 -2.1152 -1.7470
v  9.4456 -1.6252 -1.9075
v  9.8205 -1.7482 -1.8880
v  9.3815 -1.8127 -1.9050
v  9.7533 -1.9445 -1.8854
v  9.4036 -1.6119 -1.9392
v  9.3399 -1.7983 -1.9367
v  9.3524 -1.5946 -1.9132
v  9.2891 -1.7799 -1.9108
v  8.6690 -1.3698 -1.8979
v  8.6111 -1.5389 -1.8957
v  8.4601 -1.3013 -1.9090
v  8.4040 -1.4654 -1.9069
v  8.3631 -1.2662 -1.6841
v  8.3077 -1.4283 -1.6819
v  -7.0869 -5.5281 2.7745
v  -7.7471 -4.5773 2.7417
v  -7.4598 -5.4813 1.7519
v  -6.7063 -6.3983 1.7860
v  -7.7329 -4.5631 2.9045
v  -7.0739 -5.5120 2.9373
v  -6.1193 -5.5033 3.5328
v  -6.7841 -4.6581 3.5021
v  -6.9913 -5.4478 2.9378
v  -7.6437 -4.5081 2.9053
v  -7.6581 -4.5223 2.7424
v  -7.0043 -5.4638 2.7749
v  -6.7034 -6.4012 1.6441
v  -7.4569 -5.4842 1.6100
v  -7.7890 -5.0785 1.1212
v  -7.0781 -6.0347 1.1553
v  -7.3431 -5.4004 1.6106
v  -6.5992 -6.3057 1.6443
v  -6.6021 -6.3028 1.7863
v  -7.3460 -5.3975 1.7526
v  -6.7470 -4.6320 3.5023
v  -6.0851 -5.4734 3.5330
v  -7.6712 -5.0003 1.1220
v  -6.9694 -5.9443 1.1556
v  -6.8805 -4.4371 3.4956
v  -7.7738 -4.2918 2.8983
v  -7.7884 -4.3055 2.7353
v  -7.4966 -5.1874 1.7452
v  -7.4937 -5.1903 1.6033
v  -7.8121 -4.7823 1.1147
v  -7.6675 -5.0041 0.9378
v  -6.9656 -5.9481 0.9714
v  -7.8083 -4.7861 0.9305
v  -6.1504 -4.2010 3.8395
v  -5.5376 -4.9799 3.8678
v  -6.2741 -4.0206 3.8333
v  -4.8885 -4.4059 3.9757
v  -5.4435 -3.7002 3.9500
v  -5.5556 -3.5367 3.9444
v  -4.8553 -4.3757 4.0063
v  -5.4075 -3.6737 3.9807
v  -5.5188 -3.5112 3.9752
v  -5.3633 -3.6436 3.9537
v  -4.8147 -4.3411 3.9791
v  -5.4740 -3.4821 3.9482
v  -4.7728 -3.2327 3.8322
v  -4.2718 -3.8694 3.8553
v  -4.8738 -3.0852 3.8271
v  -4.1066 -3.7241 3.8612
v  -4.5929 -3.1061 3.8387
v  -4.6910 -2.9629 3.8338
v  -4.5086 -3.0547 3.6117
v  -4.0288 -3.6646 3.6340
v  -4.6054 -2.9135 3.6069
v  -8.4086 -3.3293 2.7028
v  -8.2393 -4.2606 1.7112
v  -7.6125 -5.2685 1.7445
v  -7.8786 -4.3583 2.7346
v  -7.8642 -4.3446 2.8975
v  -6.9183 -4.4624 3.4953
v  -7.4666 -3.5374 3.4653
v  -8.3931 -3.3174 2.8657
v  -8.2976 -3.2746 2.8668
v  -8.3132 -3.2864 2.7039
v  -8.2364 -4.2635 1.5693
v  -8.5112 -3.8166 1.0808
v  -7.9317 -4.8576 1.1138
v  -7.6095 -5.2713 1.6026
v  -8.1126 -4.1953 1.5704
v  -8.1155 -4.1924 1.7123
v  -7.4265 -3.5163 3.4657
v  -8.3842 -3.7545 1.0821
v  -8.3982 -3.0431 2.8602
v  -7.5333 -3.3057 3.4593
v  -8.4139 -3.0544 2.6972
v  -8.2374 -3.9645 1.7053
v  -8.2344 -3.9673 1.5633
v  -8.4953 -3.5200 1.0751
v  -8.3804 -3.7582 0.8979
v  -8.4914 -3.5237 0.8909
v  -6.7796 -3.1679 3.8056
v  -6.8784 -2.9729 3.7996
v  -6.0136 -2.7643 3.9193
v  -6.1031 -2.5876 3.9139
v  -5.9744 -2.7429 3.9502
v  -6.0635 -2.5671 3.9449
v  -5.9266 -2.7187 3.9233
v  -6.0151 -2.5442 3.9180
v  -5.2869 -2.3885 3.8044
v  -5.3678 -2.2290 3.7996
v  -5.0921 -2.2864 3.8118
v  -5.1706 -2.1316 3.8071
v  -5.0011 -2.2460 3.5852
v  -5.0786 -2.0933 3.5805
v  -8.9009 -2.0053 2.6658
v  -8.8523 -2.9482 1.6720
v  -8.3628 -4.0296 1.7040
v  -8.5104 -3.0950 2.6960
v  -7.9965 -2.3368 3.4301
v  -8.8844 -1.9960 2.8289
v  -8.4946 -3.0836 2.8590
v  -7.5739 -3.3258 3.4589
v  -8.7842 -1.9660 2.8304
v  -8.8007 -1.9753 2.6673
v  -8.3599 -4.0325 1.5620
v  -8.8493 -2.9511 1.5300
v  -9.0618 -2.4709 1.0422
v  -8.6237 -3.5789 1.0737
v  -8.7205 -2.8969 1.6737
v  -8.7176 -2.8998 1.5318
v  -7.9538 -2.3213 3.4307
v  -8.9279 -2.4260 1.0440
v  -8.0321 -2.0984 3.4246
v  -8.8536 -1.7233 2.8240
v  -8.8702 -1.7321 2.6610
v  -8.8115 -2.6549 1.6669
v  -8.8086 -2.6577 1.5250
v  -9.0072 -2.1789 1.0374
v  -8.9241 -2.4298 0.8598
v  -9.0034 -2.1826 0.8532
v  -7.2679 -2.0614 3.7731
v  -7.3404 -1.8551 3.7675
v  -6.4559 -1.7619 3.8899
v  -6.5217 -1.5749 3.8848
v  -6.4144 -1.7458 3.9210
v  -6.4798 -1.5599 3.9159
v  -6.3638 -1.7282 3.8943
v  -6.4288 -1.5434 3.8892
v  -5.6861 -1.4840 3.7779
v  -5.7454 -1.3154 3.7733
v  -5.4796 -1.4084 3.7861
v  -5.5371 -1.2446 3.7816
v  -5.3835 -1.3796 3.5598
v  -5.4402 -1.2181 3.5554
v  -8.9444 -2.7031 1.6652
v  -8.9711 -1.7596 2.6595
v  -9.2156 -0.6281 2.6315
v  -9.2879 -1.5668 1.6351
v  -8.9546 -1.7509 2.8225
v  -8.0752 -2.1130 3.4240
v  -8.3645 -1.0771 3.3970
v  -9.1984 -0.6215 2.7945
v  -9.0951 -0.6050 2.7964
v  -9.1122 -0.6115 2.6333
v  -9.2850 -1.5697 1.4931
v  -9.4314 -1.0646 1.0061
v  -9.1423 -2.2206 1.0355
v  -8.9414 -2.7059 1.5232
v  -9.1507 -1.5333 1.6371
v  -9.1477 -1.5361 1.4953
v  -8.3202 -1.0673 3.3977
v  -9.2927 -1.0376 1.0084
v  -8.3687 -0.8362 3.3921
v  -9.1322 -0.3552 2.7906
v  -9.1494 -0.3613 2.6274
v  -9.2091 -1.2814 1.6308
v  -9.2062 -1.2842 1.4889
v  -9.3391 -0.7822 1.0023
v  -9.2889 -1.0413 0.8241
v  -9.3352 -0.7859 0.8180
v  -7.6071 -0.9004 3.7426
v  -7.6520 -0.6864 3.7374
v  -6.7633 -0.7100 3.8622
v  -6.8039 -0.5161 3.8575
v  -6.7201 -0.6996 3.8935
v  -6.7605 -0.5067 3.8887
v  -6.6675 -0.6886 3.8670
v  -6.7077 -0.4970 3.8623
v  -5.9633 -0.5351 3.7530
v  -6.0000 -0.3600 3.7487
v  -5.7487 -0.4872 3.7619
v  -5.7843 -0.3173 3.7577
v  -5.6490 -0.4707 3.5359
v  -5.6842 -0.3031 3.5318
v  -9.5389 -0.1402 1.6010
v  -9.3471 -1.3117 1.6286
v  -9.2530 -0.3754 2.6256
v  -9.3471 0.7784 2.6002
v  -8.5643 0.2199 3.3666
v  -9.3298 0.7823 2.7634
v  -9.2359 -0.3693 2.7887
v  -8.4132 -0.8449 3.3913
v  -9.2425 0.7813 2.6023
v  -9.2252 0.7853 2.7655
v  -9.6136 0.3781 0.9731
v  -9.4784 -0.8059 0.9999
v  -9.3443 -1.3146 1.4867
v  -9.5361 -0.1431 1.4591
v  -9.3985 -0.1249 1.6035
v  -9.3956 -0.1278 1.4616
v  -8.5191 0.2239 3.3675
v  -9.4726 0.3867 0.9759
v  -8.5369 0.4594 3.3624
v  -9.2291 1.0377 2.7603
v  -9.2465 1.0343 2.5972
v  -9.4234 0.1326 1.5978
v  -9.4205 0.1297 1.4559
v  -9.4851 0.6459 0.9704
v  -9.4689 0.3829 0.7916
v  -9.4814 0.6421 0.7861
v  -7.7913 0.2952 3.7147
v  -7.8078 0.5133 3.7100
v  -6.9301 0.3731 3.8369
v  -6.9450 0.5708 3.8326
v  -6.8861 0.3777 3.8682
v  -6.9009 0.5742 3.8640
v  -6.8324 0.3818 3.8419
v  -6.8472 0.5770 3.8376
v  -6.1139 0.4421 3.7301
v  -6.1274 0.6204 3.7263
v  -5.8948 0.4614 3.7396
v  -5.9079 0.6345 3.7360
v  -5.7933 0.4653 3.5140
v  -5.8062 0.6361 3.5103
v  -9.5642 0.1204 1.5952
v  -9.3511 1.0338 2.5950
v  -9.2933 2.1902 2.5728
v  -9.6009 1.3071 1.5703
v  -8.5822 0.4566 3.3615
v  -8.5925 1.5320 3.3395
v  -9.2761 2.1914 2.7360
v  -9.3338 1.0373 2.7581
v  -9.1720 2.1806 2.7383
v  -9.1892 2.1794 2.5752
v  -9.6054 1.8323 0.9438
v  -9.6263 0.6407 0.9676
v  -9.5613 0.1176 1.4532
v  -9.5980 1.3042 1.4284
v  -9.4597 1.3039 1.5733
v  -9.4568 1.3011 1.4314
v  -8.5472 1.5300 3.3404
v  -9.4645 1.8223 0.9469
v  -8.5340 1.7659 3.3360
v  -9.1429 2.4313 2.7338
v  -9.1601 2.4307 2.5707
v  -9.4507 1.5624 1.5684
v  -9.4478 1.5595 1.4263
v  -9.4428 2.0810 0.9421
v  -9.4607 1.8186 0.7626
v  -9.4391 2.0772 0.7579
v  -7.8173 1.5046 3.6896
v  -7.8050 1.7229 3.6854
v  -6.9537 1.4688 3.8142
v  -6.9426 1.6667 3.8105
v  -6.9095 1.4675 3.8457
v  -6.8985 1.6642 3.8420
v  -6.8557 1.4646 3.8195
v  -6.8448 1.6601 3.8158
v  -6.1351 1.4306 3.7097
v  -6.1252 1.6091 3.7063
v  -5.9155 1.4211 3.7198
v  -5.9057 1.5944 3.7166
v  -5.8137 1.4122 3.4944
v  -5.8040 1.5832 3.4911
v  -9.2639 2.4439 2.5683
v  -9.0551 3.5828 2.5494
v  -9.4728 2.7501 1.5438
v  -9.5918 1.5688 1.5653
v  -9.0383 3.5813 2.7127
v  -9.2467 2.4446 2.7314
v  -8.5793 1.7690 3.3349
v  -8.4487 2.8367 3.3160
v  -8.9365 3.5569 2.7153
v  -8.9533 3.5584 2.5521
v  -9.4699 2.7472 1.4018
v  -9.4067 3.2729 0.9187
v  -9.5835 2.0943 0.9390
v  -9.5889 1.5659 1.4233
v  -9.3332 2.7284 1.5471
v  -9.3302 2.7256 1.4051
v  -8.4040 2.8287 3.3171
v  -9.2683 3.2446 0.9221
v  -8.3600 3.0609 3.3133
v  -8.8749 3.8018 2.7116
v  -8.8915 3.8038 2.5484
v  -9.2904 2.9835 1.5428
v  -9.2875 2.9806 1.4008
v  -9.2130 3.4982 0.9182
v  -9.2645 3.2409 0.7379
v  -9.2092 3.4945 0.7339
v  -7.6847 2.7070 3.6679
v  -7.6440 2.9220 3.6645
v  -6.8336 2.5582 3.7946
v  -6.7966 2.7529 3.7915
v  -6.7900 2.5510 3.8262
v  -6.7533 2.7446 3.8231
v  -6.7370 2.5412 3.8001
v  -6.7005 2.7335 3.7970
v  -6.0268 2.4134 3.6920
v  -5.9935 2.5891 3.6891
v  -5.8102 2.3753 3.7026
v  -5.7779 2.5458 3.6999
v  -5.7099 2.3536 3.4775
v  -5.6779 2.5219 3.4747
v  -9.1568 4.1640 1.5216
v  -9.4295 3.0085 1.5394
v  -8.9927 3.8305 2.5457
v  -8.6365 4.9322 2.5307
v  -8.9760 3.8285 2.7090
v  -8.4045 3.0698 3.3122
v  -8.1352 4.1112 3.2966
v  -8.6205 4.9282 2.6940
v  -8.5229 4.8907 2.6968
v  -8.5388 4.8948 2.5335
v  -9.4266 3.0056 1.3975
v  -9.1539 4.1611 1.3797
v  -9.0211 4.6753 0.8983
v  -9.3507 3.5299 0.9147
v  -9.0183 4.1214 1.3833
v  -9.0212 4.1243 1.5252
v  -8.0919 4.0975 3.2978
v  -8.8876 4.6290 0.9019
v  -8.4296 5.1254 2.6940
v  -8.0179 4.3219 3.2948
v  -8.4454 5.1299 2.5307
v  -8.9455 4.3715 1.5218
v  -8.9426 4.3686 1.3799
v  -8.7995 4.8732 0.8988
v  -8.8838 4.6252 0.7177
v  -8.7957 4.8695 0.7146
v  -7.3958 3.8818 3.6502
v  -7.3272 4.0896 3.6473
v  -6.5718 3.6226 3.7785
v  -6.5097 3.8107 3.7759
v  -6.5296 3.6097 3.8101
v  -6.4678 3.7968 3.8076
v  -6.4782 3.5930 3.7841
v  -6.4169 3.7790 3.7817
v  -5.7906 3.3736 3.6774
v  -5.7346 3.5434 3.6751
v  -5.5810 3.3074 3.6885
v  -5.5266 3.4722 3.6863
v  -5.4836 3.2734 3.4635
v  -5.4299 3.4361 3.4613
v  -8.0448 6.2154 2.5170
v  -8.6584 5.5244 1.5043
v  -9.0800 4.4144 1.5182
v  -8.5422 5.1697 2.5279
v  -8.0608 4.3366 3.2936
v  -7.6575 5.3339 3.2817
v  -8.0300 6.2089 2.6802
v  -8.5264 5.1652 2.6912
v  -7.9381 6.1589 2.6831
v  -7.9529 6.1655 2.5199
v  -9.0771 4.4115 1.3762
v  -8.6555 5.5215 1.3624
v  -8.4551 6.0151 0.8827
v  -8.9319 4.9226 0.8951
v  -8.5292 5.4672 1.5081
v  -8.5263 5.4643 1.3662
v  -7.6164 5.3146 3.2829
v  -8.3288 5.9516 0.8866
v  -7.5136 5.5273 3.2808
v  -7.8149 6.3793 2.6812
v  -7.8295 6.3864 2.5179
v  -8.4217 5.7024 1.5056
v  -8.4187 5.6996 1.3636
v  -8.2095 6.1824 0.8844
v  -8.3250 5.9479 0.7024
v  -8.2058 6.1786 0.7002
v  -6.9554 5.0087 3.6364
v  -6.8603 5.2057 3.6343
v  -6.1729 4.6435 3.7660
v  -6.0867 4.8219 3.7642
v  -6.1329 4.6251 3.7977
v  -6.0472 4.8026 3.7959
v  -6.0841 4.6019 3.7718
v  -5.9988 4.7783 3.7700
v  -5.4307 4.2947 3.6661
v  -5.3529 4.4557 3.6646
v  -5.2316 4.2016 3.6776
v  -5.1561 4.3578 3.6760
v  -5.1389 4.1557 3.4528
v  -5.0644 4.3099 3.4512
v  -8.5494 5.7627 1.5018
v  -7.9202 6.4384 2.5150
v  -7.2902 7.4101 2.5082
v  -7.9861 6.8079 1.4922
v  -7.2768 7.4012 2.6716
v  -7.9056 6.4315 2.6783
v  -7.5542 5.5476 3.2795
v  -7.0238 6.4835 3.2715
v  -7.1923 7.3397 2.6745
v  -7.2056 7.3485 2.5112
v  -7.7185 7.2692 0.8725
v  -8.3343 6.2486 0.8805
v  -8.5466 5.7598 1.3598
v  -7.9831 6.8050 1.3502
v  -7.8625 6.7314 1.3541
v  -7.8655 6.7342 1.4962
v  -6.9855 6.4590 3.2728
v  -7.6017 7.1898 0.8765
v  -6.8558 6.6565 3.2714
v  -7.0412 7.5421 2.6736
v  -7.0543 7.5513 2.5103
v  -7.7281 6.9534 1.4945
v  -7.7252 6.9505 1.3526
v  -7.4532 7.4029 0.8753
v  -7.5979 7.1861 0.6922
v  -7.4495 7.3991 0.6910
v  -6.3714 6.0683 3.6269
v  -6.2512 6.2512 3.6257
v  -5.6437 5.6034 3.7574
v  -5.5349 5.7691 3.7563
v  -5.6066 5.5798 3.7892
v  -5.4983 5.7446 3.7881
v  -5.5611 5.5506 3.7633
v  -5.4535 5.7143 3.7623
v  -4.9533 5.1608 3.6585
v  -4.8551 5.3102 3.6575
v  -4.7682 5.0423 3.6701
v  -4.6729 5.1874 3.6691
v  -4.6816 4.9853 3.4454
v  -4.5875 5.1284 3.4444
v  -7.1375 7.6148 2.5073
v  -6.3857 8.4957 2.5049
v  -7.1516 7.9922 1.4853
v  -7.8469 7.0298 1.4906
v  -6.8935 6.6819 3.2702
v  -6.2450 7.5402 3.2661
v  -6.3740 8.4847 2.6682
v  -7.1243 7.6056 2.6706
v  -6.2982 8.4126 2.6712
v  -6.3099 8.4236 2.5078
v  -7.1485 7.9894 1.3434
v  -6.8242 8.4162 0.8677
v  -7.5682 7.4850 0.8713
v  -7.8440 7.0270 1.3486
v  -7.0417 7.9035 1.4894
v  -7.0387 7.9007 1.3474
v  -6.2103 7.5109 3.2674
v  -6.7186 8.3223 0.8717
v  -6.0559 7.6897 3.2669
v  -6.1220 8.5935 2.6712
v  -6.1334 8.6048 2.5078
v  -6.8767 8.1028 1.4888
v  -6.8738 8.0999 1.3468
v  -6.5436 8.5140 0.8715
v  -6.7149 8.3185 0.6875
v  -6.5398 8.5103 0.6872
v  -5.6536 7.0423 3.6220
v  -5.5105 7.2078 3.6216
v  -4.9935 6.4859 3.7530
v  -4.8638 6.6359 3.7526
v  -4.9598 6.4575 3.7848
v  -4.8309 6.6067 3.7844
v  -4.9184 6.4227 3.7589
v  -4.7904 6.5708 3.7586
v  -4.3667 5.9568 3.6544
v  -4.2498 6.0922 3.6541
v  -4.1986 5.8152 3.6662
v  -4.0851 5.9464 3.6658
v  -4.1196 5.7478 3.4415
v  -4.0076 5.8774 3.4412
v  -6.2075 8.6787 2.5048
v  -5.3468 9.4535 2.5068
v  -6.1691 9.0573 1.4840
v  -6.9845 8.1941 1.4847
v  -6.1961 8.6674 2.6682
v  -6.0899 7.7198 3.2656
v  -5.3346 8.4859 3.2656
v  -5.3372 9.4407 2.6701
v  -5.2715 9.3593 2.6732
v  -5.2811 9.3721 2.5098
v  -5.7873 9.4362 0.8683
v  -6.6468 8.6105 0.8673
v  -6.9816 8.1912 1.3428
v  -6.1662 9.0544 1.3420
v  -6.0718 8.9549 1.4881
v  -6.0688 8.9520 1.3461
v  -5.3041 8.4524 3.2669
v  -5.6950 9.3293 0.8724
v  -5.1275 8.6094 3.2675
v  -5.0731 9.5155 2.6741
v  -5.0823 9.5287 2.5108
v  -5.8822 9.1308 1.4884
v  -5.8793 9.1279 1.3464
v  -5.4964 9.4965 0.8731
v  -5.6912 9.3255 0.6882
v  -5.4926 9.4928 0.6889
v  -4.8144 7.9140 3.6216
v  -4.6509 8.0593 3.6220
v  -4.2332 7.2755 3.7526
v  -4.0850 7.4073 3.7530
v  -4.2036 7.2430 3.7844
v  -4.0563 7.3740 3.7848
v  -4.1671 7.2031 3.7586
v  -4.0208 7.3333 3.7590
v  -3.6807 6.6693 3.6541
v  -3.5471 6.7881 3.6544
v  -3.5328 6.5067 3.6658
v  -3.4031 6.6221 3.6662
v  -3.4627 6.4303 3.4412
v  -3.3347 6.5441 3.4415
v  -5.0557 9.9845 1.4881
v  -5.9771 9.2355 1.4843
v  -5.1461 9.6116 2.5077
v  -4.1915 10.2670 2.5141
v  -4.1840 10.2527 2.6774
v  -5.1369 9.5985 2.6711
v  -5.1572 8.6436 3.2662
v  -4.3082 9.3043 3.2703
v  -4.1296 10.1634 2.6804
v  -4.1371 10.1777 2.5171
v  -4.6257 10.3118 0.8745
v  -5.5860 9.6057 0.8691
v  -5.9741 9.2326 1.3424
v  -5.0528 9.9816 1.3462
v  -4.9726 9.8702 1.4921
v  -4.9697 9.8673 1.3502
v  -4.2823 9.2671 3.2715
v  -4.5483 10.1936 0.8785
v  -4.0868 9.3996 3.2728
v  -3.9125 10.2923 2.6823
v  -3.9195 10.3069 2.5189
v  -4.7616 10.0199 1.4935
v  -4.7587 10.0170 1.3516
v  -4.3295 10.3334 0.8802
v  -4.5445 10.1899 0.6943
v  -4.3257 10.3296 0.6960
v  -3.8684 8.6683 3.6258
v  -3.6873 8.7910 3.6271
v  -3.3761 7.9590 3.7564
v  -3.2120 8.0702 3.7575
v  -3.3511 7.9228 3.7882
v  -3.1880 8.0333 3.7893
v  -3.3201 7.8784 3.7623
v  -3.1580 7.9883 3.7635
v  -2.9075 7.2858 3.6575
v  -2.7595 7.3862 3.6586
v  -2.7822 7.1053 3.6692
v  -2.6384 7.2027 3.6702
v  -2.7219 7.0208 3.4444
v  -2.5802 7.1170 3.4455
v  -2.9397 10.9223 2.5266
v  -3.8305 10.7579 1.4976
v  -4.8420 10.1361 1.4895
v  -3.9719 10.3975 2.5160
v  -3.9648 10.3829 2.6793
v  -4.1117 9.4375 3.2716
v  -3.1835 9.9812 3.2796
v  -2.9347 10.9067 2.6899
v  -2.8924 10.8110 2.6927
v  -2.8974 10.8266 2.5295
v  -3.8275 10.7550 1.3558
v  -3.3596 11.0276 0.8861
v  -4.4041 10.4533 0.8762
v  -4.8391 10.1332 1.3475
v  -3.7631 10.6338 1.5016
v  -3.7602 10.6309 1.3597
v  -3.1627 9.9409 3.2809
v  -3.2984 10.9004 0.8899
v  -2.6603 10.9105 2.6955
v  -2.9514 10.0467 3.2831
v  -2.6648 10.9263 2.5322
v  -3.5344 10.7544 1.5038
v  -3.5314 10.7515 1.3618
v  -3.0632 11.0103 0.8926
v  -3.2945 10.8967 0.7056
v  -3.0594 11.0065 0.7083
v  -3.3572 11.0267 0.7017
v  -3.1188 11.1380 0.7044
v  -2.8318 9.2923 3.6345
v  -2.6362 9.3902 3.6366
v  -2.4370 8.5242 3.7642
v  -2.2598 8.6129 3.7661
v  -2.4170 8.4849 3.7960
v  -2.2408 8.5732 3.7979
v  -2.3920 8.4371 3.7701
v  -2.2170 8.5247 3.7720
v  -2.0603 7.7958 3.6647
v  -1.9004 7.8759 3.6663
v  -1.9596 7.6003 3.6761
v  -1.8044 7.6781 3.6777
v  -1.9104 7.5093 3.4513
v  -1.7572 7.5860 3.4529
v  -2.7048 11.0230 2.5294
v  -1.6128 11.4081 2.5441
v  -2.5145 11.3642 1.5124
v  -3.5987 10.8802 1.5000
v  -1.6104 11.3915 2.7073
v  -2.7002 11.0070 2.6927
v  -2.9713 10.0876 3.2819
v  -1.9800 10.5051 3.2938
v  -1.5810 11.2910 2.7100
v  -1.5835 11.3076 2.5467
v  -2.5116 11.3614 1.3705
v  -2.0108 11.5715 0.9028
v  -3.1214 11.1390 0.8888
v  -3.5958 10.8773 1.3580
v  -2.4611 11.2295 1.3742
v  -2.4641 11.2323 1.5162
v  -1.9646 10.4624 3.2950
v  -1.9667 11.4374 0.9064
v  -1.7413 10.5396 3.2980
v  -1.3379 11.3592 2.7136
v  -1.3398 11.3759 2.5504
v  -2.2215 11.3220 1.5194
v  -2.2185 11.3192 1.3774
v  -1.7191 11.5155 0.9099
v  -1.9630 11.4336 0.7221
v  -1.7154 11.5118 0.7257
v  -1.7571 11.6500 0.7221
v  -2.0079 11.5707 0.7184
v  -1.7224 9.7750 3.6476
v  -1.5157 9.8466 3.6504
v  -1.4319 8.9616 3.7762
v  -1.2446 9.0264 3.7787
v  -1.4174 8.9201 3.8078
v  -1.2311 8.9845 3.8104
v  -1.3989 8.8693 3.7818
v  -1.2138 8.9333 3.7844
v  -1.1536 8.1904 3.6753
v  -0.9846 8.2489 3.6776
v  -1.0794 7.9835 3.6865
v  -0.9153 8.0402 3.6887
v  -1.0418 7.8873 3.4615
v  -0.8799 7.9433 3.4638
v  -2.2689 11.4551 1.5157
v  -1.3669 11.4770 2.5478
v  -0.2339 11.7158 2.5662
v  -1.1307 11.7931 1.5322
v  -0.2341 11.6987 2.7295
v  -1.3649 11.4604 2.7111
v  -1.7556 10.5827 3.2969
v  -0.7182 10.8668 3.3124
v  -0.2181 11.5952 2.7319
v  -0.2179 11.6124 2.5687
v  -0.6024 11.9341 0.9244
v  -1.7600 11.6507 0.9064
v  -2.2659 11.4523 1.3737
v  -1.1278 11.7902 1.3903
v  -1.0949 11.6528 1.3938
v  -1.0979 11.6557 1.5358
v  -0.7086 10.8225 3.3136
v  -0.5763 11.7953 0.9278
v  -0.4771 10.8698 3.3174
v  0.0319 11.6310 2.7364
v  0.0325 11.6482 2.5732
v  -0.8456 11.7128 1.5398
v  -0.8427 11.7099 1.3979
v  -0.3206 11.8403 0.9322
v  -0.5724 11.7916 0.7436
v  -0.3168 11.8366 0.7479
v  -0.3401 11.9791 0.7445
v  -0.5992 11.9334 0.7401
v  -0.5595 10.1085 3.6648
v  -0.3451 10.1523 3.6683
v  -0.3783 9.2637 3.7918
v  -0.1841 9.3034 3.7949
v  -0.3694 9.2204 3.8233
v  -0.1763 9.2599 3.8265
v  -0.3576 9.1678 3.7973
v  -0.1657 9.2070 3.8004
v  -0.2030 8.4629 3.6894
v  -0.0278 8.4988 3.6923
v  -0.1566 8.2481 3.7001
v  0.0135 8.2828 3.7029
v  -0.1314 8.1484 3.4750
v  0.0364 8.1826 3.4777
v  0.2974 12.0370 1.5568
v  -0.8752 11.8510 1.5364
v  0.0190 11.7520 2.5708
v  1.1735 11.8404 2.5927
v  0.5801 11.0603 3.3353
v  1.1706 11.8229 2.7559
v  0.0184 11.7347 2.7340
v  -0.4856 10.9144 3.3163
v  1.1758 11.7357 2.5949
v  1.1728 11.7184 2.7580
v  -0.8723 11.8481 1.3945
v  0.3003 12.0341 1.4148
v  0.8414 12.1092 0.9506
v  -0.3433 11.9799 0.9289
v  0.3119 11.8965 1.5599
v  0.3149 11.8936 1.4179
v  0.5838 11.0149 3.3363
v  0.8491 11.9682 0.9537
v  1.4253 11.7211 2.7633
v  0.8194 11.0316 3.3408
v  1.4287 11.7384 2.6001
v  0.5694 11.9201 1.5647
v  0.5724 11.9172 1.4228
v  1.1084 11.9793 0.9588
v  0.8528 11.9644 0.7695
v  1.1122 11.9756 0.7745
v  1.1077 12.1199 0.7716
v  0.8450 12.1086 0.7663
v  0.6372 10.2867 3.6858
v  0.8553 10.3021 3.6899
v  0.7058 9.4252 3.8108
v  0.9034 9.4390 3.8146
v  0.7088 9.3811 3.8423
v  0.9054 9.3949 3.8460
v  0.7137 9.3274 3.8161
v  0.9090 9.3412 3.8198
v  0.7750 8.6086 3.7066
v  0.9533 8.6212 3.7100
v  0.7929 8.3895 3.7168
v  0.9661 8.4016 3.7201
v  0.8055 8.2879 3.4914
v  0.9763 8.3000 3.4947
v  1.7450 12.0917 1.5854
v  0.5582 12.0609 1.5616
v  1.4288 11.8431 2.5980
v  2.5848 11.7795 2.6230
v  2.5792 11.7623 2.7861
v  1.4255 11.8257 2.7612
v  0.8168 11.0769 3.3399
v  1.8924 11.0819 3.3618
v  2.5678 11.6582 2.7880
v  2.5734 11.6755 2.6249
v  0.5611 12.0580 1.4197
v  1.7479 12.0888 1.4435
v  2.2955 12.0936 0.9809
v  1.1041 12.1205 0.9558
v  1.7410 11.9505 1.5882
v  1.7439 11.9476 1.4463
v  1.8901 11.0365 3.3627
v  2.2846 11.9528 0.9835
v  2.8184 11.6279 2.7938
v  2.1259 11.0222 3.3679
v  2.8245 11.6450 2.6307
v  1.9994 11.9402 1.5937
v  2.0023 11.9373 1.4518
v  2.5431 11.9299 0.9893
v  2.2884 11.9490 0.7993
v  2.5470 11.9262 0.8050
v  2.5615 12.0699 0.8025
v  2.2995 12.0930 0.7966
v  1.8467 10.3067 3.7103
v  2.0650 10.2934 3.7150
v  1.8016 9.4432 3.8329
v  1.9994 9.4312 3.8373
v  1.7987 9.3990 3.8643
v  1.9955 9.3871 3.8686
v  1.7966 9.3452 3.8380
v  1.9921 9.3333 3.8423
v  1.7636 8.6250 3.7266
v  1.9421 8.6141 3.7305
v  1.7525 8.4053 3.7363
v  1.9258 8.3947 3.7401
v  1.7524 8.3036 3.5107
v  1.9234 8.2931 3.5144
v  3.1873 11.9565 1.6178
v  2.0067 12.0813 1.5911
v  2.8384 11.7487 2.6289
v  3.9760 11.5343 2.6566
v  2.8323 11.7316 2.7919
v  2.1292 11.0674 3.3670
v  3.1961 10.9315 3.3917
v  3.9678 11.5176 2.8197
v  3.9428 11.4159 2.8212
v  3.9511 11.4327 2.6581
v  2.0097 12.0784 1.4491
v  3.1901 11.9536 1.4759
v  3.7349 11.8878 1.0147
v  2.5573 12.0705 0.9867
v  3.1648 11.8169 1.6202
v  3.1677 11.8140 1.4782
v  3.1879 10.8868 3.3925
v  3.7057 11.7496 1.0170
v  4.1873 11.3530 2.8276
v  3.4198 10.8417 3.3982
v  4.1960 11.3696 2.6645
v  3.4196 11.7729 1.6264
v  3.4225 11.7700 1.4845
v  3.9590 11.6930 1.0233
v  3.7095 11.7458 0.8327
v  3.9628 11.6893 0.8391
v  3.9961 11.8298 0.8368
v  3.7393 11.8870 0.8304
v  3.0483 10.1681 3.7379
v  3.2630 10.1263 3.7431
v  2.8902 9.3177 3.8580
v  3.0847 9.2799 3.8627
v  2.8815 9.2742 3.8892
v  3.0750 9.2366 3.8939
v  2.8725 9.2212 3.8627
v  3.0647 9.1837 3.8674
v  2.7458 8.5117 3.7492
v  2.9213 8.4775 3.7535
v  2.7061 8.2953 3.7581
v  2.8764 8.2621 3.7623
v  2.6933 8.1951 3.5322
v  2.8613 8.1624 3.5364
v  4.5993 11.6333 1.6535
v  3.4454 11.9118 1.6242
v  4.2233 11.4706 2.6631
v  5.3231 11.1091 2.6930
v  5.3122 11.0930 2.8559
v  4.2146 11.4540 2.8261
v  3.4290 10.8861 3.3975
v  4.4688 10.6117 3.4244
v  5.2742 10.9955 2.8571
v  5.2850 11.0116 2.6942
v  4.6022 11.6305 1.5115
v  5.1350 11.4952 1.0515
v  3.9916 11.8305 1.0211
v  3.4483 11.9089 1.4822
v  4.5616 11.4952 1.5135
v  4.5587 11.4980 1.6554
v  4.4548 10.5685 3.4250
v  5.0879 11.3619 1.0532
v  4.6788 10.4933 3.4312
v  5.5083 10.9011 2.8639
v  5.5196 10.9169 2.7010
v  4.8056 11.4210 1.6621
v  4.8085 11.4181 1.5201
v  5.3317 11.2727 1.0601
v  5.0917 11.3582 0.8690
v  5.3354 11.2690 0.8758
v  5.3867 11.4039 0.8742
v  5.1398 11.4943 0.8672
v  4.2215 9.8733 3.7679
v  4.4288 9.8037 3.7737
v  3.9531 9.0506 3.8852
v  4.1409 8.9876 3.8904
v  3.9387 9.0086 3.9163
v  4.1254 8.9458 3.9214
v  3.9228 8.9572 3.8897
v  4.1084 8.8949 3.8948
v  3.7046 8.2707 3.7738
v  3.8741 8.2139 3.7784
v  3.6368 8.0614 3.7820
v  3.8014 8.0062 3.7866
v  3.6117 7.9642 3.5558
v  3.7740 7.9098 3.5603
v  5.5599 11.0135 2.6999
v  6.6027 10.5110 2.7315
v  5.9567 11.1281 1.6916
v  4.8493 11.5554 1.6603
v  4.6937 10.5362 3.4306
v  5.6886 10.1279 3.4594
v  6.5894 10.4961 2.8943
v  5.5486 10.9977 2.8628
v  6.5389 10.4044 2.8952
v  6.5522 10.4193 2.7323
v  6.4714 10.9225 1.0906
v  5.3819 11.4048 1.0584
v  4.8522 11.5525 1.5183
v  5.9597 11.1253 1.5498
v  5.8989 10.9993 1.6931
v  5.9018 10.9964 1.5512
v  5.6691 10.0869 3.4599
v  6.4073 10.7966 1.0919
v  5.8813 9.9830 3.4663
v  6.7586 10.2801 2.9023
v  6.7724 10.2948 2.7394
v  6.1335 10.8906 1.7002
v  6.1364 10.8877 1.5582
v  6.6372 10.6762 1.0990
v  6.4111 10.7929 0.9076
v  6.6410 10.6725 0.9148
v  6.7096 10.7995 0.9137
v  6.4766 10.9216 0.9063
v  5.3457 9.4273 3.8002
v  5.5422 9.3312 3.8062
v  4.9716 8.6466 3.9144
v  5.1495 8.5596 3.9199
v  4.9517 8.6067 3.9454
v  5.1287 8.5201 3.9508
v  4.9294 8.5581 3.9185
v  5.1053 8.4719 3.9239
v  4.6236 7.9062 3.8001
v  4.7841 7.8277 3.8051
v  4.5290 7.7076 3.8076
v  4.6849 7.6313 3.8123
v  4.4919 7.6151 3.5810
v  4.6457 7.5399 3.5858
v  6.8250 10.3852 2.7386
v  7.7929 9.7504 2.7715
v  7.2363 10.4494 1.7319
v  6.1944 11.0181 1.6989
v  7.7773 9.7370 2.9343
v  6.8112 10.3707 2.9015
v  5.9018 10.0236 3.4659
v  6.8345 9.4885 3.4959
v  7.7152 9.6528 2.9347
v  7.7309 9.6661 2.7719
v  6.1973 11.0152 1.5569
v  7.2393 10.4466 1.5899
v  7.7213 10.1797 1.1314
v  6.7043 10.8005 1.0980
v  7.1620 10.3293 1.7328
v  7.1649 10.3264 1.5908
v  6.8098 9.4503 3.4962
v  7.6412 10.0633 1.1322
v  7.0065 9.3196 3.5029
v  7.9168 9.5008 2.9419
v  7.9328 9.5139 2.7791
v  7.3803 10.1908 1.7400
v  7.3832 10.1879 1.5981
v  7.8534 9.9138 1.1396
v  7.6451 10.0596 0.9479
v  7.8572 9.9101 0.9553
v  7.9418 10.0271 0.9547
v  7.7268 10.1785 0.9472
v  6.4019 8.8380 3.8338
v  6.5840 8.7169 3.8401
v  5.9284 8.1127 3.9450
v  6.0935 8.0030 3.9506
v  5.9035 8.0756 3.9758
v  6.0676 7.9666 3.9814
v  5.8750 8.0303 3.9487
v  6.0380 7.9220 3.9542
v  5.4868 7.4245 3.8276
v  5.6357 7.3256 3.8327
v  5.3670 7.2399 3.8344
v  5.5115 7.1439 3.8393
v  5.3188 7.1537 3.6074
v  5.4614 7.0590 3.6123
v  8.8732 8.8404 2.8122
v  8.4158 9.6091 1.7732
v  7.4574 10.3092 1.7392
v  7.9968 9.5966 2.7788
v  7.9808 9.5835 2.9416
v  7.0321 9.3571 3.5028
v  7.8867 8.7044 3.5335
v  8.8555 8.8288 2.9748
v  8.7829 8.7534 2.9749
v  8.8006 8.7650 2.8122
v  7.9362 10.0283 1.1390
v  7.4603 10.3063 1.5973
v  8.4187 9.6062 1.6312
v  8.8631 9.2796 1.1732
v  8.3264 9.4996 1.7735
v  8.3293 9.4967 1.6316
v  7.8572 8.6699 3.5337
v  8.7685 9.1746 1.1734
v  8.9628 8.5763 2.9822
v  8.0351 8.5145 3.5405
v  8.9809 8.5876 2.8195
v  8.5247 9.3336 1.7810
v  8.5277 9.3308 1.6391
v  8.9592 8.9986 1.1809
v  8.7722 9.1709 0.9891
v  8.9630 8.9949 0.9966
v  9.0622 9.0999 0.9966
v  8.8689 9.2782 0.9890
v  7.3718 8.1154 3.8685
v  7.5364 7.9715 3.8749
v  6.8071 7.4580 3.9763
v  6.9563 7.3276 3.9820
v  6.7773 7.4245 4.0070
v  6.9257 7.2948 4.0126
v  6.7433 7.3834 3.9796
v  6.8908 7.2545 3.9854
v  6.2794 6.8338 3.8560
v  6.4140 6.7163 3.8611
v  6.1365 6.6666 3.8618
v  6.2672 6.5525 3.8669
v  6.0781 6.5879 3.6345
v  6.2071 6.4753 3.6396
v  9.4751 8.6212 1.8150
v  8.6167 9.4410 1.7807
v  9.0552 8.6613 2.8195
v  9.8249 7.7968 2.8529
v  9.8054 7.7872 3.0155
v  9.0371 8.6500 2.9823
v  8.0654 8.5483 3.5404
v  8.8271 7.7893 3.5714
v  9.7237 7.7219 3.0152
v  9.7431 7.7316 2.8525
v  9.4780 8.6183 1.6730
v  9.8771 8.2377 1.2152
v  9.0562 9.1014 1.1808
v  8.6196 9.4381 1.6388
v  9.3751 8.5215 1.6729
v  9.3721 8.5244 1.8149
v  8.7934 7.7589 3.5714
v  9.7695 8.1459 1.2149
v  8.9494 7.5816 3.5782
v  9.8788 7.5228 3.0224
v  9.8986 7.5321 2.8598
v  9.5470 8.3340 1.8223
v  9.5499 8.3311 1.6804
v  9.9356 7.9465 1.2223
v  9.7733 8.1422 1.0306
v  9.9393 7.9427 1.0381
v  10.0514 8.0338 1.0386
v  9.8831 8.2359 1.0310
v  8.2385 7.2719 3.9035
v  8.3830 7.1077 3.9098
v  7.5924 6.6938 4.0080
v  7.7232 6.5451 4.0138
v  7.5584 6.6644 4.0384
v  7.6886 6.5165 4.0442
v  7.5194 6.6282 4.0110
v  7.6487 6.4812 4.0166
v  6.9879 6.1445 3.8845
v  7.1060 6.0102 3.8897
v  6.8243 5.9973 3.8896
v  6.9389 5.8670 3.8946
v  6.7567 5.9276 3.6619
v  6.8698 5.7990 3.6669
v  10.3958 7.5033 1.8567
v  9.6522 8.4283 1.8226
v  9.9820 7.5954 2.8602
v  10.6318 6.6375 2.8930
v  10.6107 6.6301 3.0556
v  9.9621 7.5862 3.0229
v  8.9838 7.6111 3.5783
v  9.6395 6.7588 3.6091
v  10.5211 6.5761 3.0549
v  10.5421 6.5835 2.8923
v  10.7458 7.0718 1.2568
v  10.0453 8.0356 1.2228
v  9.6551 8.4255 1.6806
v  10.3987 7.5004 1.7147
v  10.2810 7.4207 1.8559
v  10.2839 7.4178 1.7140
v  9.6021 6.7332 3.6088
v  10.6271 6.9950 1.2559
v  10.6488 6.3583 3.0619
v  9.7335 6.5369 3.6155
v  10.6701 6.3652 2.8994
v  10.4294 7.2090 1.8634
v  10.4324 7.2062 1.7214
v  10.7657 6.7755 1.2632
v  10.6309 6.9913 1.0716
v  10.7694 6.7717 1.0790
v  10.8925 6.8474 1.0800
v  10.7521 7.0698 1.0725
v  8.9873 6.3221 3.9382
v  9.1090 6.1404 3.9444
v  8.2707 5.8334 4.0394
v  8.3809 5.6688 4.0451
v  8.2331 5.8086 4.0697
v  8.3428 5.6448 4.0753
v  8.1897 5.7778 4.0421
v  8.2987 5.6152 4.0476
v  7.5999 5.3682 3.9129
v  7.6994 5.2197 3.9179
v  7.4184 5.2436 3.9171
v  7.5150 5.0995 3.9220
v  7.3430 5.1840 3.6891
v  7.4382 5.0417 3.6940
v  11.1621 6.2742 1.8973
v  10.5461 7.2887 1.8640
v  10.7610 6.4172 2.9001
v  11.2797 5.3824 2.9318
v  9.7715 6.5617 3.6158
v  10.3099 5.6308 3.6458
v  11.2575 5.3774 3.0944
v  10.7397 6.4103 3.0627
v  11.1615 5.3356 3.0932
v  11.1839 5.3405 2.9307
v  10.8861 6.8495 1.2642
v  10.5490 7.2859 1.7222
v  11.1650 6.2713 1.7554
v  11.4543 5.8022 1.2971
v  11.0375 6.2074 1.8961
v  11.0404 6.2045 1.7542
v  10.2694 5.6102 3.6453
v  11.3266 5.7415 1.2958
v  10.3740 5.3984 3.6518
v  11.2596 5.1030 3.1000
v  11.2821 5.1075 2.9375
v  11.1569 5.9781 1.9033
v  11.1598 5.9752 1.7613
v  11.4351 5.5058 1.3028
v  11.3304 5.7378 1.1115
v  11.4389 5.5020 1.1185
v  11.5708 5.5609 1.1200
v  11.4608 5.7998 1.1129
v  9.6052 5.2824 3.9719
v  9.7020 5.0863 3.9780
v  8.8305 4.8914 4.0701
v  8.9182 4.7137 4.0755
v  8.7899 4.8716 4.1002
v  8.8772 4.6950 4.1056
v  8.7429 4.8469 4.0724
v  8.8296 4.6713 4.0776
v  8.1049 4.5184 3.9406
v  8.1840 4.3581 3.9454
v  7.9087 4.4187 3.9440
v  7.9855 4.2631 3.9487
v  7.8267 4.3700 3.7156
v  7.9025 4.2164 3.7202
v  11.3789 5.1470 2.9387
v  11.7578 4.0531 2.9686
v  11.7607 4.9553 1.9364
v  11.2830 6.0419 1.9046
v  11.7345 4.0507 3.1311
v  11.3565 5.1426 3.1011
v  10.4149 5.4181 3.6523
v  10.8267 4.4246 3.6809
v  11.6339 4.0219 3.1296
v  11.6572 4.0242 2.9672
v  11.2859 6.0390 1.7626
v  11.7636 4.9524 1.7944
v  11.9903 4.4506 1.3356
v  11.5642 5.5634 1.3043
v  11.6315 4.9025 1.7928
v  11.6285 4.9054 1.9348
v  10.7839 4.4095 3.6803
v  11.8559 4.4072 1.3337
v  11.7007 3.7784 3.1360
v  10.8598 4.1858 3.6865
v  11.7240 3.7803 2.9735
v  11.7168 4.6624 1.9415
v  11.7197 4.6595 1.7995
v  11.9325 4.1592 1.3403
v  11.8596 4.4034 1.1494
v  11.9363 4.1555 1.1561
v  12.0748 4.1966 1.1581
v  11.9970 4.4478 1.1513
v  10.0816 4.1706 4.0044
v  10.1518 3.9636 4.0100
v  9.2621 3.8842 4.0994
v  9.3258 3.6966 4.1046
v  9.2191 3.8699 4.1293
v  9.2825 3.6833 4.1344
v  9.1694 3.8516 4.1013
v  9.2324 3.6662 4.1064
v  8.4943 3.6097 3.9671
v  8.5517 3.4404 3.9716
v  8.2867 3.5366 3.9696
v  8.3424 3.3723 3.9742
v  8.1996 3.4995 3.7409
v  8.2547 3.3374 3.7454
v  12.1815 3.5693 1.9731
v  11.8501 4.7091 1.9433
v  11.8253 3.8068 2.9750
v  12.0575 2.6727 3.0028
v  10.9030 4.1999 3.6871
v  11.1811 3.1610 3.7138
v  12.0337 2.6730 3.1652
v  11.8020 3.8049 3.1375
v  11.9540 2.6572 3.0010
v  11.9302 2.6575 3.1633
v  12.3447 3.0404 1.3715
v  12.0681 4.1994 1.3423
v  11.8530 4.7063 1.8013
v  12.1844 3.5664 1.8313
v  12.0439 3.5371 1.9711
v  12.0468 3.5342 1.8291
v  11.1366 3.1516 3.7131
v  12.2057 3.0149 1.3691
v  11.1826 2.9199 3.7188
v  11.9645 2.4073 3.1692
v  11.9883 2.4066 3.0068
v  12.0996 3.2847 1.9774
v  12.1025 3.2818 1.8354
v  12.2493 2.7591 1.3752
v  12.2095 3.0112 1.1849
v  12.2531 2.7553 1.1910
v  12.3957 2.7779 1.1935
v  12.3515 3.0372 1.1873
v  10.4082 3.0061 4.0347
v  10.4508 2.7914 4.0400
v  9.5580 2.8291 4.1269
v  9.5966 2.6347 4.1317
v  9.5135 2.8204 4.1567
v  9.5518 2.6271 4.1614
v  9.4619 2.8089 4.1285
v  9.5000 2.6168 4.1332
v  8.7612 2.6578 3.9919
v  8.7961 2.4825 3.9961
v  8.5458 2.6124 3.9937
v  8.5796 2.4422 3.9979
v  8.4554 2.5878 3.7647
v  8.4887 2.4198 3.7689
v  12.0922 2.4196 3.0087
v  12.1739 1.2648 3.0338
v  12.4170 2.1400 2.0071
v  12.2379 3.3135 1.9796
v  11.3669 1.8618 3.7440
v  12.1498 1.2677 3.1961
v  12.0683 2.4203 3.1711
v  11.2273 2.9283 3.7195
v  12.0452 1.2660 3.1940
v  12.0692 1.2630 3.0316
v  12.2408 3.3106 1.8376
v  12.4200 2.1371 1.8651
v  12.5114 1.5958 1.4043
v  12.3889 2.7812 1.3776
v  12.2764 2.1262 2.0045
v  12.2793 2.1234 1.8625
v  11.3216 1.8584 3.7432
v  12.3702 1.5888 1.4015
v  11.3369 1.6227 3.7483
v  12.0464 1.0134 3.1992
v  12.0705 1.0101 3.0369
v  12.2985 1.8686 2.0101
v  12.3015 1.8657 1.8683
v  12.3799 1.3294 1.4069
v  12.3741 1.5851 1.2172
v  12.3837 1.3257 1.2227
v  12.5182 1.5922 1.2200
v  12.5281 1.3294 1.2256
v  10.5794 1.8086 4.0625
v  10.5936 1.5903 4.0673
v  9.7132 1.7442 4.1521
v  9.7259 1.5465 4.1564
v  9.6678 1.7414 4.1818
v  9.6805 1.5448 4.1860
v  9.6152 1.7368 4.1534
v  9.6278 1.5413 4.1576
v  8.9012 1.6791 4.0145
v  8.9127 1.5007 4.0184
v  8.6817 1.6623 4.0158
v  8.6929 1.4891 4.0195
v  8.5895 1.6502 3.7865
v  8.6005 1.4794 3.7902
v  12.4634 0.6922 2.0374
v  12.4395 1.8790 2.0129
v  12.1751 1.0094 3.0390
v  12.1047 -0.1463 3.0610
v  11.3822 1.6250 3.7492
v  11.3809 0.5495 3.7709
v  12.0809 -0.1406 3.2233
v  12.1510 1.0128 3.2013
v  11.9769 -0.1287 3.2209
v  12.0008 -0.1344 3.0587
v  12.4873 0.1418 1.4332
v  12.5211 1.3331 1.4098
v  12.4425 1.8762 1.8709
v  12.4663 0.6893 1.8955
v  12.3222 0.6968 2.0344
v  12.3251 0.6939 1.8924
v  11.3356 0.5520 3.7699
v  12.3465 0.1533 1.4301
v  11.3199 0.3162 3.7745
v  11.9451 -0.3792 3.2253
v  11.9689 -0.3854 3.0631
v  12.3104 0.4385 2.0394
v  12.3133 0.4357 1.8974
v  12.3221 -0.1051 1.4349
v  12.3503 0.1496 1.2459
v  12.3260 -0.1088 1.2506
v  12.4695 -0.1240 1.2539
v  12.4942 0.1378 1.2491
v  10.5924 0.5989 4.0873
v  10.5778 0.3807 4.0915
v  9.7249 0.6483 4.1746
v  9.7117 0.4506 4.1784
v  9.6795 0.6514 4.2042
v  9.6663 0.4548 4.2079
v  9.6268 0.6537 4.1757
v  9.6137 0.4584 4.1794
v  8.9118 0.6904 4.0348
v  8.8999 0.5120 4.0382
v  8.6920 0.7025 4.0356
v  8.6804 0.5293 4.0388
v  8.5996 0.7033 3.8059
v  8.5882 0.5323 3.8092
v  12.3197 -0.7494 2.0637
v  12.4515 0.4305 2.0425
v  12.0726 -0.3997 3.0655
v  11.8515 -1.5363 3.0840
v  11.2230 -0.7535 3.7941
v  11.8281 -1.5279 3.2462
v  12.0487 -0.3935 3.2277
v  11.3651 0.3128 3.7754
v  11.7266 -1.5026 3.2436
v  11.7500 -1.5108 3.0814
v  12.2731 -1.2966 1.4580
v  12.4626 -0.1200 1.4381
v  12.4543 0.4276 1.9005
v  12.3226 -0.7523 1.9218
v  12.1803 -0.7263 2.0604
v  12.1833 -0.7292 1.9184
v  11.1784 -0.7451 3.7930
v  12.1350 -1.2668 1.4546
v  11.1319 -0.9767 3.7968
v  11.6622 -1.7466 3.2473
v  11.6855 -1.7555 3.0850
v  12.1348 -0.9808 2.0646
v  12.1378 -0.9837 1.9226
v  12.0770 -1.5197 1.4586
v  12.1388 -1.2705 1.2703
v  12.0808 -1.5235 1.2742
v  12.2212 -1.5574 1.2779
v  12.2799 -1.3010 1.2739
v  10.4469 -0.6020 4.1087
v  10.4037 -0.8165 4.1122
v  9.5930 -0.4397 4.1940
v  9.5540 -0.6339 4.1971
v  9.5483 -0.4307 4.2234
v  9.5095 -0.6240 4.2266
v  9.4964 -0.4214 4.1947
v  9.4579 -0.6134 4.1979
v  8.7928 -0.2912 4.0523
v  8.7576 -0.4665 4.0552
v  8.5765 -0.2504 4.0525
v  8.5423 -0.4206 4.0552
v  8.4856 -0.2370 3.8226
v  8.4519 -0.4050 3.8254
v  11.4184 -2.8812 3.1024
v  11.9884 -2.1598 2.0855
v  12.2736 -1.0073 2.0680
v  11.7864 -1.7832 3.0877
v  10.8957 -2.0246 3.8132
v  11.3958 -2.8703 3.2646
v  11.7631 -1.7744 3.2499
v  11.1763 -0.9862 3.7979
v  11.2985 -2.8317 3.2618
v  11.3211 -2.8426 3.0996
v  12.2765 -1.0101 1.9261
v  11.9913 -2.1627 1.9436
v  11.8723 -2.6947 1.4781
v  12.2143 -1.5530 1.4620
v  11.8562 -2.1215 1.9400
v  11.8533 -2.1186 2.0819
v  10.8526 -2.0105 3.8120
v  11.7393 -2.6470 1.4744
v  10.7762 -2.2340 3.8150
v  11.2028 -3.0654 3.2646
v  11.2251 -3.0767 3.1024
v  11.7748 -2.3650 2.0853
v  11.7777 -2.3679 1.9434
v  11.6487 -2.8902 1.4776
v  11.7431 -2.6507 1.2902
v  11.6525 -2.8939 1.2933
v  11.7872 -2.9459 1.2971
v  11.8790 -2.6994 1.2940
v  10.1452 -1.7736 4.1263
v  10.0744 -1.9806 4.1290
v  9.3198 -1.5011 4.2099
v  9.2556 -1.6887 4.2124
v  9.2764 -1.4865 4.2393
v  9.2127 -1.6730 4.2417
v  9.2264 -1.4704 4.2105
v  9.1631 -1.6558 4.2130
v  8.5463 -1.2487 4.0667
v  8.4885 -1.4180 4.0690
v  8.3372 -1.1801 4.0664
v  8.2811 -1.3443 4.0686
v  8.2495 -1.1543 3.8365
v  8.1941 -1.3164 3.8386
v  11.5130 -3.5517 0.2753
v  10.8922 -4.2359 -0.7375
v  11.4008 -3.1956 -0.7482
v  11.9466 -2.4464 0.2619
v  10.8775 -4.2292 -0.9008
v  10.5146 -3.3500 -1.5022
v  10.9287 -2.3571 -1.5138
v  11.3851 -3.1908 -0.9114
v  10.8008 -4.1850 -0.7404
v  10.7861 -4.1782 -0.9038
v  11.5100 -3.5489 0.4173
v  11.9437 -2.4436 0.4039
v  11.7928 -2.9532 0.8848
v  11.3043 -4.0403 0.8968
v  11.3843 -3.4932 0.2715
v  11.3815 -3.4903 0.4135
v  10.4737 -3.3304 -1.5034
v  11.1786 -3.9756 0.8929
v  10.3686 -3.5420 -1.5013
v  10.6605 -4.3973 -0.9020
v  10.6750 -4.4045 -0.7386
v  11.2744 -3.7273 0.2740
v  11.2715 -3.7244 0.4159
v  11.0569 -4.2049 0.8950
v  11.2986 -4.0334 1.3076
v  11.3032 -4.0380 1.0811
v  11.1751 -4.2658 1.3097
v  11.1798 -4.2703 1.0833
v  11.1749 -3.9718 1.0772
v  11.0531 -4.2012 1.0793
v  9.8552 -3.0349 -1.7362
v  9.7574 -3.2318 -1.7343
v  9.0357 -2.6417 -1.8953
v  9.3912 -2.8128 -1.8752
v  9.2990 -2.9987 -1.8734
v  8.9476 -2.8192 -1.8936
v  8.9959 -2.6228 -1.9271
v  8.9083 -2.7995 -1.9254
v  8.9473 -2.5992 -1.9012
v  8.8603 -2.7746 -1.8994
v  8.2992 -2.2868 -1.8869
v  8.2197 -2.4470 -1.8853
v  8.1012 -2.1915 -1.8984
v  8.0239 -2.3470 -1.8968
v  8.0089 -2.1447 -1.6735
v  7.9327 -2.2982 -1.6720
v  11.4014 -3.7888 0.2778
v  10.8269 -4.8279 0.2871
v  10.1248 -5.4223 -0.7293
v  10.7651 -4.4576 -0.7357
v  9.8685 -4.4928 -1.4924
v  10.4090 -3.5626 -1.5001
v  10.7506 -4.4504 -0.8990
v  10.1115 -5.4133 -0.8927
v  10.0408 -5.3598 -0.7323
v  10.0276 -5.3509 -0.8957
v  11.1809 -4.2726 0.8989
v  10.5542 -5.2865 0.9066
v  10.8239 -4.8250 0.4291
v  11.3985 -3.7859 0.4197
v  10.7041 -4.7501 0.4251
v  10.7070 -4.7530 0.2831
v  9.8305 -4.4679 -1.4936
v  10.4382 -5.2058 0.9025
v  9.8744 -5.5517 -0.8947
v  9.6986 -4.6639 -1.4925
v  9.8873 -5.5610 -0.7314
v  10.5673 -4.9706 0.2846
v  10.5644 -4.9677 0.4266
v  10.2875 -5.4173 0.9037
v  10.5529 -5.2846 1.0909
v  10.5483 -5.2800 1.3174
v  10.3956 -5.4941 1.3185
v  10.4002 -5.4988 1.0921
v  10.4344 -5.2021 1.0868
v  10.2837 -5.4136 1.0880
v  9.2567 -4.0933 -1.7271
v  9.1340 -4.2758 -1.7259
v  8.8263 -3.8121 -1.8667
v  8.4962 -3.5959 -1.8871
v  8.3856 -3.7604 -1.8861
v  8.7104 -3.9843 -1.8655
v  8.4594 -3.5720 -1.9189
v  8.3494 -3.7355 -1.9179
v  8.4142 -3.5422 -1.8931
v  8.3049 -3.7047 -1.8920
v  7.8124 -3.1477 -1.8795
v  7.7127 -3.2960 -1.8785
v  7.6286 -3.0272 -1.8911
v  7.5317 -3.1713 -1.8902
v  7.5426 -2.9693 -1.6664
v  7.4470 -3.1114 -1.6655
v  9.9796 -6.0033 0.2934
v  9.2085 -6.4981 -0.7264
v  9.9698 -5.6254 -0.7284
v  10.6853 -5.0483 0.2886
v  9.7361 -4.6897 -1.4911
v  9.9568 -5.6161 -0.8917
v  9.1970 -6.4870 -0.8897
v  9.0783 -5.5410 -1.4874
v  9.1220 -6.4140 -0.8927
v  9.1335 -6.4251 -0.7294
v  10.4015 -5.5006 0.9078
v  9.6474 -6.4238 0.9110
v  9.9766 -6.0004 0.4354
v  10.6824 -5.0454 0.4305
v  9.8677 -5.9104 0.4313
v  9.8706 -5.9133 0.2894
v  9.0440 -5.5113 -1.4887
v  9.5430 -6.3287 0.9069
v  8.9439 -6.5931 -0.8928
v  8.8876 -5.6885 -1.4884
v  8.9551 -6.6045 -0.7294
v  9.7036 -6.1107 0.2899
v  9.7007 -6.1079 0.4319
v  9.3659 -6.5185 0.9071
v  9.6413 -6.4175 1.3218
v  9.6460 -6.4221 1.0953
v  9.4619 -6.6099 1.3220
v  9.4665 -6.6145 1.0955
v  9.5393 -6.3249 1.0911
v  9.3621 -6.5148 1.0913
v  8.5248 -5.0644 -1.7225
v  8.3793 -5.2292 -1.7222
v  8.1352 -4.7288 -1.8623
v  7.8365 -4.4713 -1.8830
v  7.7052 -4.6198 -1.8827
v  7.9979 -4.8844 -1.8620
v  7.8031 -4.4426 -1.9148
v  7.6725 -4.5903 -1.9145
v  7.7622 -4.4072 -1.8890
v  7.6325 -4.5540 -1.8887
v  7.2173 -3.9373 -1.8758
v  7.0989 -4.0714 -1.8755
v  7.0507 -3.7938 -1.8875
v  6.9359 -3.9240 -1.8873
v  6.9725 -3.7258 -1.6628
v  6.8591 -3.8542 -1.6626
v  9.0283 -6.6792 -0.7264
v  9.8103 -6.2033 0.2940
v  8.9857 -7.0576 0.2944
v  8.1594 -7.4447 -0.7288
v  8.1499 -7.4317 -0.8921
v  8.1578 -6.4769 -1.4874
v  8.9212 -5.7190 -1.4871
v  9.0171 -6.6677 -0.8897
v  8.0851 -7.3495 -0.8951
v  8.0946 -7.3625 -0.7318
v  9.8074 -6.2004 0.4359
v  9.4680 -6.6161 0.9111
v  8.5997 -7.4325 0.9098
v  8.9828 -7.0547 0.4363
v  8.8865 -6.9513 0.4322
v  8.8894 -6.9541 0.2903
v  8.1276 -6.4430 -1.4887
v  8.5086 -7.3246 0.9058
v  7.8851 -7.5037 -0.8961
v  7.9493 -6.5981 -1.4892
v  7.8942 -7.5169 -0.7328
v  8.6979 -7.1280 0.2898
v  8.6950 -7.1251 0.4317
v  8.3081 -7.4897 0.9050
v  8.5932 -7.4265 1.3207
v  8.5978 -7.4311 1.0941
v  8.3901 -7.5938 1.3199
v  8.3947 -7.5984 1.0934
v  8.5048 -7.3209 1.0900
v  8.3043 -7.4859 1.0892
v  7.6720 -5.9312 -1.7225
v  7.5063 -6.0756 -1.7230
v  7.0677 -5.2527 -1.8830
v  7.3302 -5.5473 -1.8623
v  6.9182 -5.3828 -1.8834
v  7.1736 -5.6835 -1.8627
v  7.0385 -5.2199 -1.9148
v  6.8898 -5.3493 -1.9153
v  7.0025 -5.1795 -1.8890
v  6.8547 -5.3081 -1.8894
v  6.5238 -4.6424 -1.8757
v  6.3888 -4.7598 -1.8762
v  6.3775 -4.4783 -1.8875
v  6.2465 -4.5922 -1.8880
v  6.3082 -4.4011 -1.6629
v  6.1790 -4.5135 -1.6632
v  6.9954 -8.2456 -0.7365
v  7.9570 -7.6006 -0.7298
v  8.7917 -7.2337 0.2939
v  7.8623 -7.9727 0.2897
v  7.9787 -6.6327 -1.4880
v  7.9480 -7.5874 -0.8931
v  6.9881 -8.2311 -0.8998
v  7.1226 -7.2841 -1.4923
v  6.9419 -8.1558 -0.7394
v  6.9347 -8.1413 -0.9027
v  8.7888 -7.2308 0.4358
v  8.3966 -7.5997 0.9090
v  7.4287 -8.2954 0.9032
v  7.8594 -7.9699 0.4317
v  7.7775 -7.8547 0.4277
v  7.7805 -7.8576 0.2858
v  7.0971 -7.2465 -1.4936
v  7.3525 -8.1765 0.8992
v  6.7161 -8.2679 -0.9047
v  6.9001 -7.3770 -1.4950
v  6.7229 -8.2826 -0.7414
v  7.5679 -8.0049 0.2844
v  7.5650 -8.0020 0.4263
v  7.1323 -8.3139 0.8975
v  7.4220 -8.2897 1.3141
v  7.4266 -8.2943 1.0876
v  7.2034 -8.4335 1.0857
v  7.1988 -8.4289 1.3124
v  7.3488 -8.1727 1.0835
v  7.1285 -8.3101 1.0817
v  6.7132 -6.6790 -1.7271
v  6.5298 -6.8004 -1.7284
v  6.2033 -5.9268 -1.8871
v  6.4249 -6.2532 -1.8666
v  6.2518 -6.3678 -1.8679
v  6.0381 -6.0362 -1.8884
v  6.1788 -5.8903 -1.9189
v  6.0144 -5.9991 -1.9201
v  6.1483 -5.8456 -1.8930
v  5.9849 -5.9538 -1.8942
v  5.7440 -5.2505 -1.8795
v  5.5948 -5.3492 -1.8806
v  5.6204 -5.0686 -1.8911
v  5.4757 -5.1645 -1.8922
v  5.5611 -4.9836 -1.6664
v  5.4183 -5.0781 -1.6675
v  5.7365 -8.8874 -0.7495
v  6.7744 -8.3738 -0.7385
v  7.6469 -8.1219 0.2883
v  6.6288 -8.7328 0.2798
v  5.9907 -7.9489 -1.5022
v  6.9247 -7.4151 -1.4937
v  6.7675 -8.3591 -0.9018
v  5.7318 -8.8716 -0.9127
v  5.6905 -8.7755 -0.9155
v  5.6953 -8.7913 -0.7522
v  6.6258 -8.7300 0.4218
v  7.6440 -8.1191 0.4303
v  7.2055 -8.4346 0.9014
v  6.1550 -8.9976 0.8912
v  6.5627 -8.6080 0.2759
v  6.5598 -8.6051 0.4178
v  5.9704 -7.9083 -1.5034
v  6.0951 -8.8697 0.8874
v  5.7579 -8.0118 -1.5057
v  5.4573 -8.8725 -0.9184
v  5.4617 -8.8883 -0.7551
v  6.3328 -8.7262 0.2735
v  6.3298 -8.7234 0.4155
v  5.8587 -8.9771 0.8847
v  6.1525 -8.9967 1.0756
v  6.1478 -8.9921 1.3021
v  5.9130 -9.1055 1.0728
v  5.9084 -9.1009 1.2994
v  6.0913 -8.8660 1.0717
v  5.8549 -8.9733 1.0690
v  5.6647 -7.2948 -1.7362
v  5.4671 -7.3911 -1.7384
v  5.2581 -6.4818 -1.8954
v  5.4350 -6.8345 -1.8752
v  5.0800 -6.5687 -1.8973
v  5.2484 -6.9256 -1.8772
v  5.2386 -6.4424 -1.9271
v  5.0614 -6.5287 -1.9289
v  5.2142 -6.3942 -1.9012
v  5.0381 -6.4801 -1.9031
v  4.8912 -5.7513 -1.8869
v  4.7305 -5.8296 -1.8887
v  4.7927 -5.5549 -1.8983
v  4.6366 -5.6308 -1.9000
v  4.7443 -5.4633 -1.6736
v  4.5904 -5.5384 -1.6752
v  4.4045 -9.3588 -0.7673
v  5.5006 -8.9855 -0.7523
v  6.3958 -8.8526 0.2774
v  5.3065 -9.3250 0.2646
v  4.4023 -9.3421 -0.9306
v  4.7815 -8.4597 -1.5168
v  5.7773 -8.0529 -1.5044
v  5.4962 -8.9696 -0.9156
v  4.3762 -9.2581 -0.7699
v  4.3740 -9.2414 -0.9332
v  4.8003 -9.5270 0.8741
v  5.3036 -9.3221 0.4065
v  6.3929 -8.8497 0.4194
v  5.9156 -9.1063 0.8885
v  5.2545 -9.1896 0.4028
v  5.2574 -9.1925 0.2609
v  4.7667 -8.4168 -1.5179
v  4.7577 -9.3923 0.8705
v  4.5426 -8.4916 -1.5210
v  4.1302 -9.3070 -0.9369
v  4.1319 -9.3237 -0.7736
v  5.0138 -9.2796 0.2576
v  5.0109 -9.2767 0.3996
v  4.5093 -9.4677 0.8669
v  4.7928 -9.5216 1.2850
v  4.7975 -9.5262 1.0583
v  4.5412 -9.5980 1.2814
v  4.5458 -9.6026 1.0547
v  4.7539 -9.3885 1.0547
v  4.5055 -9.4640 1.0511
v  4.5446 -7.7679 -1.7497
v  4.3361 -7.8375 -1.7526
v  4.2485 -6.9084 -1.9075
v  4.3776 -7.2813 -1.8880
v  4.1807 -7.3470 -1.8907
v  4.0604 -6.9712 -1.9101
v  4.2344 -6.8666 -1.9392
v  4.0474 -6.9291 -1.9417
v  4.2163 -6.8157 -1.9132
v  4.0305 -6.8778 -1.9158
v  3.9803 -6.1362 -1.8979
v  3.8107 -6.1928 -1.9002
v  3.9083 -5.9284 -1.9090
v  3.7436 -5.9833 -1.9113
v  3.8717 -5.8319 -1.6840
v  3.7093 -5.8862 -1.6863
v  3.0224 -9.6516 -0.7898
v  4.1578 -9.4251 -0.7710
v  5.0598 -9.4132 0.2612
v  3.9180 -9.7388 0.2444
v  3.0228 -9.6345 -0.9531
v  3.5160 -8.8078 -1.5357
v  4.5564 -8.5349 -1.5198
v  4.1560 -9.4084 -0.9343
v  3.0079 -9.5309 -0.9554
v  3.0075 -9.5480 -0.7923
v  5.0569 -9.4103 0.4032
v  4.5487 -9.6034 0.8704
v  3.3881 -9.8744 0.8520
v  3.9151 -9.7359 0.3863
v  3.8838 -9.5981 0.3829
v  3.8867 -9.6010 0.2410
v  3.5068 -8.7633 -1.5368
v  3.3635 -9.7352 0.8487
v  3.2748 -8.8081 -1.5407
v  2.7576 -9.5639 -0.9599
v  2.7567 -9.5812 -0.7968
v  3.6339 -9.6555 0.2368
v  3.6309 -9.6526 0.3788
v  3.1074 -9.7775 0.8443
v  3.3802 -9.8690 1.2630
v  3.3848 -9.8736 1.0364
v  3.1253 -9.9165 1.0319
v  3.1207 -9.9119 1.2585
v  3.3597 -9.7315 1.0329
v  3.1036 -9.7738 1.0285
v  3.3723 -8.0904 -1.7672
v  3.1564 -8.1322 -1.7709
v  3.2708 -7.5858 -1.9046
v  3.1916 -7.1991 -1.9234
v  3.0670 -7.6251 -1.9080
v  2.9971 -7.2367 -1.9266
v  3.1832 -7.1558 -1.9550
v  2.9897 -7.1931 -1.9582
v  3.1719 -7.1030 -1.9288
v  2.9797 -7.1402 -1.9321
v  3.0268 -6.3984 -1.9122
v  2.8513 -6.4323 -1.9152
v  2.9828 -6.1830 -1.9229
v  2.8123 -6.2159 -1.9258
v  2.9586 -6.0831 -1.6978
v  2.7903 -6.1156 -1.7005
v  2.4874 -9.9673 0.2195
v  1.6138 -9.7610 -0.8166
v  2.7691 -9.6851 -0.7944
v  3.6620 -9.7940 0.2402
v  2.2157 -8.9871 -1.5588
v  3.2830 -8.8528 -1.5396
v  2.7700 -9.6679 -0.9575
v  1.6170 -9.7436 -0.9797
v  1.6158 -9.6390 -0.9819
v  1.6126 -9.6563 -0.8188
v  3.6590 -9.7911 0.3822
v  3.1287 -9.9171 0.8475
v  1.9426 -10.0338 0.8255
v  2.4845 -9.9644 0.3615
v  2.4715 -9.8237 0.3584
v  2.4744 -9.8266 0.2165
v  2.2125 -8.9418 -1.5599
v  1.9364 -9.8926 0.8225
v  1.3633 -9.6389 -0.9871
v  1.9767 -8.9559 -1.5644
v  1.3597 -9.6563 -0.8239
v  2.2166 -9.8475 0.2115
v  2.2137 -9.8446 0.3534
v  1.6770 -9.9010 0.8174
v  1.9343 -10.0285 1.2365
v  1.9390 -10.0331 1.0098
v  1.6714 -10.0370 1.2312
v  1.6761 -10.0416 1.0045
v  1.9327 -9.8889 1.0068
v  1.6732 -9.8972 1.0016
v  2.1679 -8.2566 -1.7887
v  1.9484 -8.2696 -1.7930
v  2.1059 -7.3488 -1.9427
v  2.1337 -7.7426 -1.9248
v  1.9081 -7.3606 -1.9466
v  1.9266 -7.7549 -1.9288
v  2.1034 -7.3047 -1.9742
v  1.9066 -7.3165 -1.9780
v  2.0990 -7.2510 -1.9480
v  1.9036 -7.2627 -1.9518
v  2.0473 -6.5335 -1.9297
v  1.8688 -6.5441 -1.9331
v  2.0318 -6.3141 -1.9398
v  1.8586 -6.3245 -1.9432
v  2.0203 -6.2126 -1.7145
v  1.8493 -6.2227 -1.7178
v  1.0394 -10.0064 0.1905
v  0.2032 -9.6849 -0.8472
v  1.3584 -9.7610 -0.8219
v  2.2264 -9.9884 0.2146
v  0.9033 -8.9947 -1.5857
v  1.9788 -9.0012 -1.5635
v  1.3620 -9.7436 -0.9850
v  0.2090 -9.6677 -1.0102
v  0.2157 -9.5810 -0.8491
v  0.2215 -9.5638 -1.0122
v  2.2234 -9.9855 0.3565
v  1.6798 -10.0423 0.8203
v  0.4887 -10.0026 0.7949
v  1.0365 -10.0035 0.3324
v  1.0419 -9.8623 0.3297
v  1.0448 -9.8652 0.1878
v  0.9060 -8.9493 -1.5866
v  0.5012 -9.8618 0.7923
v  -0.0287 -9.5307 -1.0180
v  0.6704 -8.9324 -1.5918
v  -0.0350 -9.5479 -0.8549
v  0.7866 -9.8521 0.1821
v  0.7837 -9.8493 0.3241
v  0.2428 -9.8361 0.7864
v  0.4801 -9.9972 1.2059
v  0.4847 -10.0019 0.9792
v  0.2230 -9.9758 0.9733
v  0.2183 -9.9712 1.2000
v  0.4974 -9.8580 0.9766
v  0.2390 -9.8324 0.9707
v  0.9522 -8.2635 -1.8136
v  0.7329 -8.2477 -1.8184
v  0.9860 -7.7492 -1.9483
v  1.0100 -7.3551 -1.9651
v  0.8124 -7.3409 -1.9695
v  0.7790 -7.7343 -1.9529
v  1.0133 -7.3110 -1.9965
v  0.8168 -7.2968 -2.0009
v  1.0160 -7.2572 -1.9701
v  0.8206 -7.2431 -1.9744
v  1.0587 -6.5392 -1.9499
v  0.8804 -6.5263 -1.9539
v  1.0720 -6.3196 -1.9595
v  0.8989 -6.3072 -1.9634
v  1.0732 -6.2180 -1.7339
v  0.9024 -6.2057 -1.7376
v  -1.1853 -9.4247 -0.8810
v  -0.0500 -9.6514 -0.8531
v  0.7777 -9.9932 0.1848
v  -0.4014 -9.8555 0.1578
v  -1.1767 -9.4080 -1.0441
v  -0.3987 -8.8302 -1.6159
v  0.6666 -8.9776 -1.5909
v  -0.0438 -9.6343 -1.0162
v  -1.1592 -9.3234 -0.8826
v  -1.1508 -9.3066 -1.0456
v  -0.9484 -9.7811 0.7608
v  -0.4043 -9.8527 0.2997
v  0.7748 -9.9903 0.3268
v  0.2271 -9.9765 0.7890
v  -0.3774 -9.7162 0.1555
v  -0.3804 -9.7134 0.2974
v  -0.3901 -8.7856 -1.6166
v  -0.9177 -9.6432 0.7587
v  -1.3946 -9.2410 -1.0520
v  -0.6214 -8.7379 -1.6223
v  -1.4036 -9.2577 -0.8890
v  -0.6317 -9.6695 0.1493
v  -0.6346 -9.6666 0.2912
v  -1.1704 -9.5839 0.7523
v  -0.9575 -9.7758 1.1718
v  -0.9529 -9.7804 0.9451
v  -1.2135 -9.7158 1.1653
v  -1.2089 -9.7204 0.9387
v  -0.9215 -9.6394 0.9429
v  -1.1742 -9.5802 0.9365
v  -0.2539 -8.1112 -1.8415
v  -0.4692 -8.0668 -1.8469
v  -0.0773 -7.2178 -1.9903
v  -0.1527 -7.6053 -1.9747
v  -0.3560 -7.5635 -1.9798
v  -0.2713 -7.1779 -1.9952
v  -0.0681 -7.1744 -2.0215
v  -0.2612 -7.1346 -2.0263
v  -0.0585 -7.1215 -1.9950
v  -0.2503 -7.0820 -1.9998
v  0.0777 -6.4152 -1.9726
v  -0.0974 -6.3792 -1.9770
v  0.1198 -6.1994 -1.9815
v  -0.0502 -6.1643 -1.9857
v  0.1336 -6.0993 -1.7556
v  -0.0341 -6.0647 -1.7598
v  -0.6590 -9.8082 0.1515
v  -1.8098 -9.5173 0.1220
v  -2.5277 -8.9849 -0.9176
v  -1.4319 -9.3584 -0.8875
v  -2.5165 -8.9690 -1.0806
v  -1.6679 -8.4966 -1.6488
v  -0.6312 -8.7823 -1.6217
v  -1.4229 -9.3418 -1.0506
v  -2.4775 -8.8719 -1.0818
v  -2.4885 -8.8878 -0.9188
v  -0.6619 -9.8053 0.2934
v  -1.2044 -9.7211 0.7543
v  -2.3441 -9.3734 0.7238
v  -1.8127 -9.5144 0.2639
v  -1.7679 -9.3823 0.1201
v  -1.7708 -9.3794 0.2620
v  -1.6535 -8.4536 -1.6494
v  -2.2956 -9.2407 0.7221
v  -2.7106 -8.7750 -1.0885
v  -1.8767 -8.3760 -1.6556
v  -2.7221 -8.7907 -0.9256
v  -2.0138 -9.3026 0.1134
v  -2.0167 -9.2997 0.2554
v  -2.5384 -9.1488 0.7152
v  -2.3489 -9.3726 0.9082
v  -2.3536 -9.3680 1.1348
v  -2.5996 -9.2749 1.1279
v  -2.5949 -9.2794 0.9012
v  -2.2994 -9.2369 0.9064
v  -2.5421 -9.1451 0.8995
v  -1.4297 -7.8022 -1.8720
v  -1.6372 -7.7301 -1.8778
v  -1.2626 -7.3136 -2.0034
v  -1.1371 -6.9393 -2.0178
v  -1.4587 -7.2455 -2.0089
v  -1.3243 -6.8742 -2.0230
v  -1.1222 -6.8974 -2.0489
v  -1.3084 -6.8327 -2.0540
v  -1.1059 -6.8462 -2.0222
v  -1.2908 -6.7819 -2.0273
v  -0.8784 -6.1639 -1.9974
v  -1.0472 -6.1053 -2.0021
v  -0.8084 -5.9554 -2.0056
v  -0.9724 -5.8985 -2.0102
v  -0.7822 -5.8586 -1.7794
v  -0.9440 -5.8023 -1.7839
v  -2.7635 -8.8869 -0.9245
v  -2.0590 -9.4366 0.1152
v  -3.1617 -8.9974 0.0836
v  -3.8008 -8.3731 -0.9562
v  -3.7872 -8.3583 -1.1191
v  -2.8825 -7.9997 -1.6839
v  -1.8921 -8.4187 -1.6550
v  -2.7520 -8.8711 -1.0874
v  -3.7358 -8.2672 -1.1199
v  -3.7493 -8.2819 -0.9570
v  -2.0619 -9.4337 0.2571
v  -2.5899 -9.2803 0.7168
v  -3.6743 -8.7863 0.6845
v  -3.1647 -8.9945 0.2255
v  -3.1054 -8.8662 0.2241
v  -3.1025 -8.8691 0.0821
v  -2.8625 -7.9589 -1.6842
v  -3.6089 -8.6611 0.6833
v  -3.0735 -7.8528 -1.6908
v  -3.9541 -8.1405 -1.1270
v  -3.9681 -8.1550 -0.9641
v  -3.3358 -8.7579 0.0750
v  -3.3388 -8.7551 0.2170
v  -3.8375 -8.5382 0.6761
v  -3.6842 -8.7808 1.0956
v  -3.6795 -8.7854 0.8688
v  -3.9111 -8.6608 0.8615
v  -3.9158 -8.6562 1.0882
v  -3.6126 -8.6574 0.8675
v  -3.8412 -8.5345 0.8604
v  -2.5547 -7.3418 -1.9045
v  -2.7510 -7.2431 -1.9106
v  -2.1513 -6.5243 -2.0471
v  -2.3248 -6.8790 -2.0342
v  -2.5102 -6.7858 -2.0399
v  -2.3283 -6.4353 -2.0526
v  -2.1309 -6.4846 -2.0780
v  -2.3071 -6.3961 -2.0835
v  -2.1081 -6.4361 -2.0511
v  -2.2830 -6.3482 -2.0566
v  -1.7933 -5.7896 -2.0239
v  -1.9531 -5.7093 -2.0288
v  -1.6967 -5.5920 -2.0313
v  -1.8517 -5.5141 -2.0360
v  -1.6587 -5.5000 -1.8047
v  -1.8116 -5.4231 -1.8094
v  -3.3982 -8.8847 0.0764
v  -4.4339 -8.3049 0.0434
v  -4.9826 -7.5997 -0.9963
v  -4.0217 -8.2449 -0.9634
v  -4.9669 -7.5865 -1.1591
v  -4.0213 -7.3479 -1.7205
v  -3.0945 -7.8931 -1.6904
v  -4.0077 -8.2305 -1.1263
v  -4.9197 -7.5161 -0.9967
v  -4.9039 -7.5028 -1.1595
v  -4.4368 -8.3020 0.1853
v  -3.4011 -8.8818 0.2183
v  -3.9059 -8.6619 0.6772
v  -4.9161 -8.0301 0.6436
v  -4.3583 -8.1855 0.0424
v  -4.3612 -8.1826 0.1844
v  -3.9962 -7.3101 -1.7208
v  -4.8348 -7.9145 0.6429
v  -5.1038 -7.3487 -1.1667
v  -4.1915 -7.1772 -1.7275
v  -5.1200 -7.3616 -1.0039
v  -4.5751 -8.0447 0.0351
v  -4.5780 -8.0418 0.1770
v  -5.0453 -7.7628 0.6355
v  -4.9216 -8.0289 0.8279
v  -4.9263 -8.0243 1.0543
v  -5.1349 -7.8751 0.8204
v  -5.1396 -7.8705 1.0469
v  -4.8386 -7.9108 0.8272
v  -5.0491 -7.7591 0.8198
v  -3.6096 -6.7381 -1.9385
v  -3.7914 -6.6145 -1.9448
v  -3.1023 -5.9800 -2.0777
v  -3.3208 -6.3091 -2.0662
v  -3.4924 -6.1923 -2.0722
v  -3.2661 -5.8687 -2.0834
v  -3.0769 -5.9433 -2.1085
v  -3.2398 -5.8325 -2.1141
v  -3.0480 -5.8983 -2.0815
v  -3.2098 -5.7881 -2.0870
v  -2.6514 -5.2986 -2.0515
v  -2.7991 -5.1980 -2.0566
v  -2.5296 -5.1153 -2.0582
v  -2.6730 -5.0177 -2.0631
v  -2.4805 -5.0297 -1.8312
v  -2.6221 -4.9334 -1.8361
v  -5.1849 -7.4437 -1.0036
v  -4.6535 -8.1622 0.0359
v  -5.6042 -7.4517 0.0019
v  -6.0531 -6.6781 -1.0370
v  -5.0650 -6.5526 -1.7582
v  -4.2176 -7.2145 -1.7273
v  -5.1688 -7.4308 -1.1664
v  -6.0353 -6.6667 -1.1997
v  -5.9798 -6.6034 -1.0370
v  -5.9619 -6.5920 -1.1997
v  -6.0480 -7.1177 0.6018
v  -5.6072 -7.4489 0.1439
v  -4.6565 -8.1594 0.1778
v  -5.1293 -7.8764 0.6361
v  -5.5166 -7.3405 0.1435
v  -5.5136 -7.3433 0.0016
v  -5.0352 -6.5184 -1.7583
v  -5.9523 -7.0138 0.6017
v  -5.2114 -6.3610 -1.7651
v  -6.1398 -6.4130 -1.2071
v  -6.1581 -6.4241 -1.0443
v  -5.7102 -7.1753 -0.0059
v  -5.7131 -7.1724 0.1360
v  -6.1412 -6.8357 0.5941
v  -6.0586 -7.1117 1.0125
v  -6.0539 -7.1162 0.7861
v  -6.2453 -6.9359 0.7785
v  -6.2499 -6.9313 1.0049
v  -5.9561 -7.0100 0.7859
v  -6.1449 -6.8320 0.7784
v  -4.5765 -6.0014 -1.9733
v  -4.7404 -5.8550 -1.9797
v  -4.2335 -5.6134 -2.0991
v  -3.9738 -5.3159 -2.1091
v  -4.3883 -5.4752 -2.1051
v  -4.1216 -5.1840 -2.1148
v  -3.9437 -5.2828 -2.1398
v  -4.0907 -5.1515 -2.1454
v  -3.9093 -5.2420 -2.1124
v  -4.0552 -5.1116 -2.1181
v  -3.4376 -4.6994 -2.0798
v  -3.5710 -4.5804 -2.0851
v  -3.2929 -4.5337 -2.0856
v  -3.4223 -4.4182 -2.0907
v  -3.2337 -4.4558 -1.8583
v  -3.3614 -4.3417 -1.8633
v  -6.6528 -6.4527 -0.0400
v  -6.9936 -5.6243 -1.0777
v  -6.2331 -6.4970 -1.0444
v  -5.8033 -7.2816 -0.0056
v  -5.2420 -6.3945 -1.7651
v  -6.2149 -6.4859 -1.2071
v  -6.9739 -5.6148 -1.2404
v  -5.9955 -5.6273 -1.7961
v  -6.9110 -5.5598 -1.0773
v  -6.8913 -5.5504 -1.2400
v  -5.8062 -7.2787 0.1363
v  -6.2393 -6.9374 0.5942
v  -7.0507 -6.0649 0.5598
v  -6.6557 -6.4498 0.1020
v  -6.5517 -6.3541 0.1022
v  -6.5487 -6.3570 -0.0398
v  -5.9614 -5.5973 -1.7960
v  -6.9422 -5.9744 0.5602
v  -6.1155 -5.4183 -1.8028
v  -7.0443 -5.3496 -1.2472
v  -7.0644 -5.3587 -1.0846
v  -6.7216 -6.1646 -0.0473
v  -6.7245 -6.1618 0.0947
v  -7.1061 -5.7731 0.5527
v  -7.0615 -6.0585 0.9705
v  -7.0569 -6.0631 0.7441
v  -7.2276 -5.8546 0.9629
v  -7.2229 -5.8592 0.7365
v  -6.9460 -5.9707 0.7445
v  -7.1098 -5.7693 0.7370
v  -5.4383 -5.1443 -2.0085
v  -5.5817 -4.9778 -2.0148
v  -5.0472 -4.8043 -2.1323
v  -4.7507 -4.5433 -2.1408
v  -5.1826 -4.6471 -2.1383
v  -4.8800 -4.3931 -2.1465
v  -4.7164 -4.5143 -2.1713
v  -4.8450 -4.3648 -2.1769
v  -4.6770 -4.4785 -2.1437
v  -4.8048 -4.3301 -2.1495
v  -4.1386 -4.0024 -2.1084
v  -4.2552 -3.8669 -2.1136
v  -3.9734 -3.8570 -2.1134
v  -4.0866 -3.7254 -2.1184
v  -3.9051 -3.7881 -1.8857
v  -4.0167 -3.6582 -1.8907
v  11.4754 -3.5147 2.1009
v  11.9090 -2.4093 2.0874
v  11.3215 -3.1175 3.1037
v  10.8130 -4.1578 3.1143
v  10.7915 -4.1444 3.2764
v  11.2992 -3.1061 3.2658
v  10.8190 -2.2491 3.8147
v  10.4049 -3.2420 3.8263
v  10.7215 -4.1068 3.1114
v  11.2252 -3.0767 3.1009
v  11.2028 -3.0653 3.2630
v  10.7001 -4.0935 3.2735
v  11.9120 -2.4122 1.9454
v  11.4784 -3.5176 1.9589
v  11.2919 -4.0282 1.4918
v  11.7806 -2.9411 1.4797
v  11.3497 -3.4590 1.9551
v  11.7778 -2.3679 1.9418
v  11.7749 -2.3650 2.0837
v  11.3468 -3.4561 2.0971
v  10.3640 -3.2222 3.8250
v  10.7762 -2.2340 3.8135
v  11.1664 -3.9635 1.4879
v  11.6488 -2.8902 1.4760
v  10.2589 -3.4339 3.8272
v  10.5746 -4.3126 3.2754
v  10.5958 -4.3264 3.1133
v  11.2368 -3.6902 2.0996
v  11.2397 -3.6931 1.9577
v  11.0447 -4.1928 1.4900
v  11.1702 -3.9672 1.3036
v  11.6526 -2.8940 1.2917
v  11.0485 -4.1965 1.3057
v  10.0744 -1.9806 4.1275
v  9.6927 -2.8957 4.1382
v  9.5955 -3.0916 4.1402
v  9.2556 -1.6886 4.2109
v  8.9099 -2.5177 4.2205
v  8.8218 -2.6952 4.2224
v  8.8689 -2.4975 4.2498
v  9.2127 -1.6730 4.2401
v  8.7812 -2.6741 4.2517
v  8.8213 -2.4750 4.2210
v  9.1631 -1.6557 4.2114
v  8.7343 -2.6505 4.2228
v  8.4885 -1.4179 4.0674
v  8.1765 -2.1658 4.0762
v  8.0970 -2.3261 4.0778
v  8.2811 -1.3442 4.0671
v  7.9782 -2.0704 4.0756
v  7.9010 -2.2259 4.0771
v  8.1941 -1.3164 3.8370
v  7.8953 -2.0328 3.8454
v  7.8192 -2.1862 3.8470
v  10.6859 -4.3794 3.1162
v  10.0455 -5.3442 3.1226
v  10.7893 -4.7909 2.1127
v  11.3639 -3.7518 2.1035
v  10.2994 -3.4546 3.8284
v  9.7588 -4.3846 3.8362
v  10.0255 -5.3286 3.2847
v  10.6648 -4.3656 3.2783
v  9.9616 -5.2817 3.1195
v  9.9416 -5.2661 3.2817
v  10.7922 -4.7938 1.9707
v  10.5419 -5.2744 1.5016
v  11.1687 -4.2605 1.4939
v  11.3669 -3.7546 1.9615
v  10.6724 -4.7188 1.9667
v  10.6695 -4.7159 2.1087
v  9.7210 -4.3598 3.8349
v  10.4259 -5.1938 1.4975
v  9.5891 -4.5558 3.8361
v  9.7884 -5.4668 3.2827
v  9.8081 -5.4829 3.1206
v  10.5297 -4.9336 2.1102
v  10.5327 -4.9364 1.9684
v  10.2753 -5.4053 1.4987
v  10.4297 -5.1975 1.3133
v  10.2790 -5.4090 1.3145
v  9.0973 -3.9489 4.1473
v  8.9752 -4.1305 4.1485
v  8.3704 -3.4718 4.2288
v  8.2598 -3.6363 4.2299
v  8.3322 -3.4466 4.2581
v  8.2223 -3.6103 4.2591
v  8.2883 -3.4180 4.2293
v  8.1789 -3.5805 4.2302
v  7.6899 -3.0267 4.0836
v  7.5900 -3.1751 4.0846
v  7.5057 -2.9060 4.0828
v  7.4089 -3.0501 4.0838
v  7.4290 -2.8574 3.8526
v  7.3334 -2.9995 3.8535
v  9.1293 -6.4199 3.1256
v  9.9420 -5.9661 2.1191
v  10.6477 -5.0113 2.1142
v  9.8905 -5.5473 3.1236
v  9.1111 -6.4022 3.2877
v  9.8709 -5.5313 3.2857
v  9.6264 -4.5816 3.8375
v  8.9687 -5.4330 3.8412
v  9.0361 -6.3293 3.2847
v  9.0543 -6.3470 3.1226
v  10.3893 -5.4885 1.5029
v  10.6506 -5.0142 1.9723
v  9.9449 -5.9690 1.9772
v  9.6353 -6.4116 1.5060
v  9.8360 -5.8791 1.9731
v  9.8331 -5.8763 2.1150
v  8.9344 -5.4033 3.8399
v  9.5307 -6.3166 1.5019
v  8.7780 -5.5805 3.8403
v  8.8580 -6.5083 3.2846
v  8.8758 -6.5264 3.1225
v  9.6660 -6.0737 2.1156
v  9.6690 -6.0766 1.9737
v  9.3537 -6.5064 1.5021
v  9.5346 -6.3203 1.3176
v  9.3575 -6.5102 1.3179
v  8.3690 -4.9151 4.1519
v  8.2242 -5.0791 4.1524
v  7.7106 -4.3472 4.2331
v  7.5794 -4.4958 4.2333
v  7.6760 -4.3173 4.2623
v  7.5455 -4.4650 4.2626
v  7.6362 -4.2830 4.2334
v  7.5065 -4.4299 4.2337
v  7.0946 -3.8164 4.0874
v  6.9762 -3.9505 4.0877
v  6.9279 -3.6727 4.0865
v  6.8130 -3.8028 4.0868
v  6.8589 -3.6139 3.8562
v  6.7455 -3.7422 3.8565
v  8.0802 -7.3665 3.1232
v  8.9481 -7.0206 2.1201
v  9.7728 -6.1663 2.1197
v  8.9491 -6.6011 3.1255
v  8.0640 -7.3470 3.2853
v  8.9313 -6.5830 3.2877
v  8.8116 -5.6108 3.8416
v  8.0482 -6.3688 3.8413
v  7.9992 -7.2648 3.2823
v  8.0153 -7.2844 3.1202
v  9.4558 -6.6040 1.5063
v  9.7757 -6.1691 1.9777
v  8.9511 -7.0234 1.9781
v  8.5874 -7.4205 1.5049
v  8.8519 -6.9171 2.1160
v  8.8548 -6.9200 1.9740
v  8.0180 -6.3349 3.8399
v  8.4963 -7.3125 1.5009
v  7.8397 -6.4900 3.8395
v  7.7991 -7.4190 3.2814
v  7.8149 -7.4388 3.1192
v  8.6604 -7.0910 2.1155
v  8.6634 -7.0938 1.9737
v  8.2959 -7.4776 1.5001
v  8.5001 -7.3162 1.3167
v  8.2997 -7.4813 1.3158
v  7.5205 -5.7777 4.1520
v  7.3555 -5.9213 4.1516
v  6.9419 -5.1286 4.2331
v  6.7924 -5.2588 4.2327
v  6.9115 -5.0946 4.2623
v  6.7627 -5.2240 4.2619
v  6.8765 -5.0553 4.2334
v  6.7288 -5.1839 4.2330
v  6.4011 -4.5214 4.0875
v  6.2661 -4.6388 4.0871
v  6.2546 -4.3571 4.0866
v  6.1237 -4.4710 4.0862
v  6.1946 -4.2891 3.8563
v  6.0654 -4.4016 3.8559
v  6.9161 -8.1675 3.1155
v  7.8247 -7.9356 2.1155
v  8.7542 -7.1966 2.1196
v  7.8778 -7.5225 3.1222
v  6.9022 -8.1464 3.2777
v  7.8620 -7.5026 3.2843
v  7.8691 -6.5246 3.8407
v  7.0130 -7.1761 3.8364
v  6.8487 -8.0566 3.2747
v  6.8626 -8.0777 3.1126
v  8.3844 -7.5876 1.5042
v  8.7571 -7.1995 1.9777
v  7.8276 -7.9385 1.9736
v  7.4165 -8.2834 1.4983
v  7.7430 -7.8205 2.1115
v  7.7459 -7.8234 1.9696
v  6.9875 -7.1385 3.8351
v  7.3404 -8.1644 1.4944
v  6.7905 -7.2689 3.8336
v  6.6302 -8.1832 3.2728
v  6.6437 -8.2045 3.1107
v  7.5303 -7.9679 2.1101
v  7.5332 -7.9708 1.9682
v  7.1201 -8.3018 1.4927
v  7.3442 -8.1681 1.3102
v  7.1239 -8.3055 1.3084
v  6.5664 -6.5218 4.1475
v  6.3840 -6.6425 4.1462
v  6.0774 -5.8028 4.2290
v  5.9123 -5.9122 4.2278
v  6.0517 -5.7650 4.2582
v  5.8873 -5.8739 4.2571
v  6.0223 -5.7215 4.2294
v  5.8590 -5.8296 4.2282
v  5.6213 -5.1296 4.0838
v  5.4721 -5.2283 4.0828
v  5.4976 -4.9474 4.0830
v  5.3528 -5.0433 4.0820
v  5.4476 -4.8716 3.8527
v  5.3048 -4.9662 3.8517
v  5.6573 -8.8093 3.1026
v  6.5912 -8.6958 2.1056
v  7.6094 -8.0849 2.1142
v  6.6951 -8.2957 3.1136
v  5.6458 -8.7870 3.2648
v  6.6816 -8.2744 3.2757
v  6.8151 -7.3071 3.8350
v  5.8812 -7.8408 3.8266
v  5.6045 -8.6908 3.2620
v  5.6160 -8.7132 3.0999
v  7.1933 -8.4225 1.4966
v  7.6124 -8.0877 1.9722
v  6.5942 -8.6986 1.9636
v  6.1428 -8.9855 1.4864
v  6.5252 -8.5709 2.1017
v  6.5281 -8.5738 1.9598
v  5.8608 -7.8003 3.8253
v  6.0829 -8.8576 1.4826
v  5.6483 -7.9037 3.8231
v  5.3714 -8.7878 3.2592
v  5.3824 -8.8102 3.0970
v  6.2952 -8.6892 2.0993
v  6.2981 -8.6921 1.9574
v  5.8465 -8.9650 1.4799
v  6.0867 -8.8613 1.2983
v  5.8503 -8.9687 1.2956
v  5.5231 -7.1344 4.1385
v  5.3265 -7.2303 4.1364
v  5.1323 -6.3578 4.2208
v  4.9542 -6.4447 4.2189
v  5.1116 -6.3172 4.2501
v  4.9344 -6.4035 4.2482
v  5.0882 -6.2701 4.2213
v  4.9121 -6.3559 4.2194
v  4.7685 -5.6304 4.0764
v  4.6077 -5.7087 4.0747
v  4.6697 -5.4337 4.0758
v  4.5137 -5.5097 4.0741
v  4.6308 -5.3514 3.8457
v  4.4769 -5.4265 3.8440
v  6.3582 -8.8156 2.1032
v  5.4214 -8.9073 3.0998
v  4.3253 -9.2807 3.0848
v  5.2689 -9.2880 2.0904
v  4.6720 -8.3516 3.8121
v  4.3164 -9.2574 3.2470
v  5.4104 -8.8849 3.2619
v  5.6678 -7.9447 3.8243
v  4.2881 -9.1567 3.2444
v  4.2970 -9.1800 3.0822
v  6.3611 -8.8185 1.9613
v  5.2719 -9.2908 1.9485
v  4.7881 -9.5148 1.4693
v  5.9034 -9.0943 1.4837
v  5.2198 -9.1555 2.0867
v  5.2227 -9.1583 1.9448
v  4.6570 -8.3087 3.8109
v  4.7455 -9.3802 1.4657
v  4.4330 -8.3836 3.8078
v  4.0442 -9.2222 3.2407
v  4.0527 -9.2456 3.0785
v  4.9763 -9.2425 2.0835
v  4.9792 -9.2454 1.9416
v  4.4971 -9.4556 1.4621
v  4.7492 -9.3839 1.2815
v  4.5009 -9.4594 1.2779
v  4.4087 -7.6052 4.1251
v  4.2011 -7.6746 4.1223
v  4.1226 -6.7844 4.2087
v  3.9346 -6.8471 4.2061
v  4.1073 -6.7414 4.2381
v  3.9203 -6.8039 4.2355
v  4.0904 -6.6916 4.2093
v  3.9046 -6.7536 4.2068
v  3.8576 -6.0152 4.0655
v  3.6880 -6.0719 4.0631
v  3.7854 -5.8072 4.0652
v  3.6208 -5.8623 4.0630
v  3.7582 -5.7200 3.8352
v  3.5958 -5.7742 3.8330
v  2.9431 -9.5735 3.0624
v  3.8805 -9.7018 2.0702
v  5.0223 -9.3762 2.0872
v  4.0787 -9.3470 3.0811
v  2.9368 -9.5497 3.2246
v  4.0701 -9.3237 3.2433
v  4.4468 -8.4268 3.8090
v  3.4063 -8.6997 3.7931
v  2.9220 -9.4462 3.2222
v  2.9282 -9.4699 3.0599
v  4.5365 -9.5913 1.4657
v  5.0252 -9.3790 1.9452
v  3.8834 -9.7047 1.9283
v  3.3759 -9.8623 1.4473
v  3.8492 -9.5640 2.0668
v  3.8521 -9.5669 1.9249
v  3.3972 -8.6553 3.7921
v  3.3513 -9.7231 1.4440
v  2.6717 -9.4792 3.2177
v  3.1652 -8.7001 3.7881
v  2.6775 -9.5031 3.0555
v  3.5963 -9.6185 2.0627
v  3.5993 -9.6213 1.9209
v  3.0951 -9.7655 1.4396
v  3.3551 -9.7269 1.2597
v  3.0990 -9.7692 1.2553
v  3.2421 -7.9261 4.1077
v  3.0274 -7.9676 4.1041
v  3.0658 -7.0751 4.1929
v  2.8712 -7.1127 4.1897
v  3.0562 -7.0305 4.2223
v  2.8627 -7.0679 4.2192
v  3.0460 -6.9788 4.1937
v  2.8537 -7.0160 4.1906
v  2.9042 -6.2774 4.0512
v  2.7286 -6.3114 4.0484
v  2.8599 -6.0618 4.0514
v  2.6895 -6.0948 4.0486
v  2.8450 -5.9712 3.8215
v  2.6768 -6.0037 3.8188
v  1.5346 -9.6828 3.0357
v  2.4499 -9.9302 2.0454
v  3.6244 -9.7569 2.0661
v  2.6899 -9.6070 3.0578
v  1.5310 -9.6589 3.1979
v  2.6841 -9.5831 3.2201
v  3.1734 -8.7447 3.7893
v  2.1061 -8.8790 3.7700
v  1.5299 -9.5543 3.1958
v  1.5334 -9.5782 3.0334
v  3.1165 -9.9051 1.4429
v  3.6273 -9.7598 1.9242
v  2.4528 -9.9331 1.9035
v  1.9304 -10.0217 1.4208
v  2.4369 -9.7895 2.0423
v  2.4398 -9.7924 1.9004
v  2.1029 -8.8338 3.7690
v  1.9242 -9.8806 1.4179
v  1.2773 -9.5542 3.1906
v  1.8671 -8.8479 3.7645
v  1.2804 -9.5782 3.0283
v  2.1791 -9.8104 2.0375
v  2.1820 -9.8133 1.8956
v  1.6647 -9.8890 1.4127
v  1.9280 -9.8843 1.2336
v  1.6686 -9.8927 1.2284
v  2.0438 -8.0914 4.0864
v  1.8253 -8.1044 4.0821
v  1.9801 -7.2248 4.1736
v  1.7823 -7.2366 4.1698
v  1.9763 -7.1795 4.2032
v  1.7795 -7.1912 4.1994
v  1.9730 -7.1269 4.1746
v  1.7776 -7.1385 4.1709
v  1.9246 -6.4126 4.0338
v  1.7462 -6.4232 4.0304
v  1.9089 -6.1930 4.0345
v  1.7357 -6.2034 4.0312
v  1.9067 -6.1006 3.8049
v  1.7357 -6.1108 3.8016
v  0.1239 -9.6068 3.0050
v  1.0018 -9.9694 2.0165
v  2.1888 -9.9514 2.0406
v  1.2792 -9.6829 3.0303
v  0.1231 -9.5830 3.1674
v  1.2760 -9.6589 3.1927
v  1.8692 -8.8932 3.7654
v  0.7937 -8.8866 3.7432
v  0.1356 -9.4790 3.1656
v  0.1364 -9.5029 3.0032
v  1.6676 -10.0302 1.4157
v  2.1917 -9.9542 1.8986
v  1.0047 -9.9723 1.8746
v  0.4765 -9.9905 1.3903
v  1.0073 -9.8282 2.0137
v  1.0102 -9.8311 1.8719
v  0.7964 -8.8412 3.7424
v  0.4889 -9.8497 1.3877
v  -0.1147 -9.4460 3.1597
v  0.5608 -8.8243 3.7372
v  -0.1143 -9.4697 2.9974
v  0.7491 -9.8151 2.0082
v  0.7520 -9.8180 1.8662
v  0.2306 -9.8240 1.3818
v  0.4927 -9.8535 1.2034
v  0.2344 -9.8278 1.1976
v  0.8341 -8.0984 4.0616
v  0.6159 -8.0827 4.0569
v  0.8841 -7.2311 4.1512
v  0.6866 -7.2169 4.1469
v  0.8862 -7.1857 4.1809
v  0.6897 -7.1716 4.1765
v  0.8900 -7.1331 4.1525
v  0.6947 -7.1191 4.1482
v  0.9359 -6.4183 4.0137
v  0.7576 -6.4054 4.0097
v  0.9491 -6.1985 4.0149
v  0.7760 -6.1860 4.0110
v  0.9597 -6.1060 3.7855
v  0.7889 -6.0938 3.7818
v  -1.2645 -9.3467 2.9712
v  -0.4389 -9.8185 1.9838
v  0.7402 -9.9561 2.0109
v  -0.1293 -9.5734 2.9992
v  -1.2628 -9.3233 3.1337
v  -0.1297 -9.5495 3.1616
v  0.5570 -8.8696 3.7380
v  -0.5084 -8.7221 3.7130
v  -1.2385 -9.2452 2.9697
v  -1.2367 -9.2219 3.1322
v  -0.9606 -9.7690 1.3563
v  0.2148 -9.9644 1.3844
v  0.7431 -9.9590 1.8689
v  -0.4360 -9.8214 1.8419
v  -0.4120 -9.6822 1.8395
v  -0.4149 -9.6793 1.9814
v  -0.4997 -8.6775 3.7124
v  -0.9299 -9.6312 1.3541
v  -1.4805 -9.1563 3.1258
v  -0.7311 -8.6299 3.7066
v  -1.4827 -9.1795 2.9634
v  -0.6692 -9.6325 1.9754
v  -0.6663 -9.6353 1.8334
v  -1.1826 -9.5719 1.3477
v  -0.9261 -9.6349 1.1698
v  -1.1788 -9.5756 1.1635
v  -0.3660 -7.9468 4.0339
v  -0.5802 -7.9026 4.0286
v  -0.2031 -7.0938 4.1260
v  -0.3971 -7.0538 4.1213
v  -0.1952 -7.0492 4.1559
v  -0.3882 -7.0093 4.1511
v  -0.1845 -6.9973 4.1276
v  -0.3762 -6.9579 4.1229
v  -0.0449 -6.2944 3.9910
v  -0.2200 -6.2583 3.9866
v  -0.0031 -6.0782 3.9929
v  -0.1731 -6.0432 3.9887
v  0.0201 -5.9874 3.7639
v  -0.1476 -5.9528 3.7597
v  -1.5112 -9.2803 2.9648
v  -2.6069 -8.9068 2.9347
v  -1.8473 -9.4802 1.9480
v  -0.6965 -9.7711 1.9775
v  -2.6024 -8.8843 3.0973
v  -1.5089 -9.2570 3.1273
v  -0.7407 -8.6743 3.7074
v  -1.7776 -8.3886 3.6802
v  -2.5634 -8.7873 3.0961
v  -2.5678 -8.8097 2.9336
v  -1.2166 -9.7090 1.3498
v  -0.6936 -9.7740 1.8356
v  -1.8444 -9.4831 1.8061
v  -2.3563 -9.3613 1.3193
v  -1.8054 -9.3453 1.9462
v  -1.8024 -9.3482 1.8041
v  -1.7631 -8.3455 3.6796
v  -2.3078 -9.2286 1.3176
v  -2.7965 -8.6903 3.0893
v  -1.9863 -8.2679 3.6735
v  -2.8013 -8.7125 2.9268
v  -2.0513 -9.2656 1.9395
v  -2.0484 -9.2685 1.7975
v  -2.5506 -9.1367 1.3108
v  -2.3040 -9.2323 1.1334
v  -2.5467 -9.1405 1.1265
v  -1.5359 -7.6394 4.0037
v  -1.7424 -7.5675 3.9979
v  -1.2629 -6.8153 4.0986
v  -1.4501 -6.7502 4.0935
v  -1.2493 -6.7721 4.1286
v  -1.4355 -6.7074 4.1235
v  -1.2318 -6.7222 4.1006
v  -1.4168 -6.6578 4.0955
v  -1.0011 -6.0430 3.9663
v  -1.1699 -5.9843 3.9616
v  -0.9314 -5.8343 3.9689
v  -1.0953 -5.7773 3.9644
v  -0.8959 -5.7467 3.7401
v  -1.0575 -5.6905 3.7357
v  -2.8426 -8.8087 2.9279
v  -3.8800 -8.2949 2.8962
v  -3.1993 -8.9603 1.9097
v  -2.0965 -9.3995 1.9413
v  -3.8732 -8.2736 3.0587
v  -2.8379 -8.7864 3.0904
v  -2.0017 -8.3107 3.6740
v  -2.9921 -7.8916 3.6452
v  -3.8217 -8.1825 3.0579
v  -3.8285 -8.2038 2.8953
v  -2.6022 -9.2683 1.3123
v  -2.0935 -9.4024 1.7993
v  -3.1964 -8.9632 1.7678
v  -3.6865 -8.7743 1.2800
v  -3.1400 -8.8322 1.9082
v  -3.1371 -8.8350 1.7663
v  -2.9722 -7.8508 3.6448
v  -3.6211 -8.6490 1.2789
v  -4.0400 -8.0558 3.0509
v  -3.1832 -7.7447 3.6383
v  -4.0473 -8.0769 2.8884
v  -3.3734 -8.7209 1.9013
v  -3.3705 -8.7238 1.7593
v  -3.8497 -8.5261 1.2717
v  -3.6172 -8.6527 1.0946
v  -3.8459 -8.5299 1.0875
v  -2.6553 -7.1813 3.9713
v  -2.8506 -7.0830 3.9653
v  -2.2771 -6.4003 4.0694
v  -2.4541 -6.3112 4.0640
v  -2.2580 -6.3593 4.0995
v  -2.4340 -6.2708 4.0941
v  -2.2341 -6.3120 4.0716
v  -2.4090 -6.2240 4.0663
v  -1.9160 -5.6687 3.9398
v  -2.0758 -5.5884 3.9350
v  -1.8195 -5.4709 3.9433
v  -1.9746 -5.3929 3.9385
v  -1.7722 -5.3881 3.7148
v  -1.9252 -5.3111 3.7102
v  -4.1009 -8.1668 2.8891
v  -5.0619 -7.5216 2.8562
v  -4.4714 -8.2679 1.8694
v  -3.4357 -8.8478 1.9025
v  -5.0528 -7.5017 3.0188
v  -4.0936 -8.1457 3.0516
v  -3.2041 -7.7851 3.6387
v  -4.1310 -7.2398 3.6086
v  -4.9899 -7.4181 3.0185
v  -4.9990 -7.4379 2.8558
v  -3.9181 -8.6499 1.2728
v  -3.4328 -8.8507 1.7606
v  -4.4685 -8.2708 1.7275
v  -4.9282 -8.0181 1.2392
v  -4.3959 -8.1485 1.8686
v  -4.3929 -8.1514 1.7266
v  -4.1059 -7.2020 3.6083
v  -4.8470 -7.9025 1.2386
v  -5.1897 -7.2639 3.0112
v  -4.3012 -7.0692 3.6016
v  -5.1993 -7.2835 2.8486
v  -4.6126 -8.0077 1.8613
v  -4.6097 -8.0105 1.7193
v  -5.0575 -7.7507 1.2311
v  -4.8432 -7.9062 1.0543
v  -5.0537 -7.7544 1.0469
v  -4.9263 -8.0244 1.0549
v  -5.1396 -7.8705 1.0474
v  -3.7051 -6.5806 3.9376
v  -3.8859 -6.4575 3.9314
v  -3.2281 -5.8560 4.0388
v  -3.3920 -5.7446 4.0332
v  -3.2039 -5.8180 4.0691
v  -3.3669 -5.7072 4.0635
v  -3.1739 -5.7742 4.0414
v  -3.3357 -5.6641 4.0359
v  -2.7740 -5.1777 3.9123
v  -2.9219 -5.0771 3.9072
v  -2.6525 -4.9942 3.9165
v  -2.7960 -4.8966 3.9115
v  -2.5941 -4.9178 3.6884
v  -2.7356 -4.8214 3.6836
v  -5.2641 -7.3656 2.8488
v  -6.1323 -6.6000 2.8155
v  -5.6418 -7.4148 1.8281
v  -4.6910 -8.1253 1.8621
v  -5.1747 -6.4445 3.5710
v  -6.1212 -6.5820 2.9782
v  -5.2547 -7.3461 3.0116
v  -4.3271 -7.1064 3.6019
v  -6.0478 -6.5073 2.9782
v  -6.0589 -6.5254 2.8155
v  -6.0603 -7.1057 1.1974
v  -5.1416 -7.8643 1.2317
v  -4.6881 -8.1282 1.7201
v  -5.6389 -7.4177 1.6861
v  -5.5512 -7.3063 1.8278
v  -5.5483 -7.3092 1.6858
v  -5.1448 -6.4103 3.5709
v  -5.9645 -7.0017 1.1973
v  -5.3210 -6.2530 3.5641
v  -6.2258 -6.3283 2.9710
v  -6.2373 -6.3460 2.8083
v  -5.7478 -7.1382 1.8203
v  -5.7449 -7.1411 1.6784
v  -6.1534 -6.8236 1.1898
v  -5.9607 -7.0054 1.0131
v  -6.1496 -6.8273 1.0055
v  -6.0586 -7.1117 1.0132
v  -6.2500 -6.9313 1.0056
v  -4.6670 -5.8475 3.9030
v  -4.8301 -5.7019 3.8967
v  -4.0996 -5.1919 4.0075
v  -4.2474 -5.0600 4.0017
v  -4.0707 -5.1575 4.0379
v  -4.2178 -5.0263 4.0322
v  -4.0352 -5.1178 4.0104
v  -4.1812 -4.9874 4.0048
v  -3.5603 -4.5785 3.8840
v  -3.6936 -4.4595 3.8788
v  -3.4158 -4.4125 3.8889
v  -3.5453 -4.2970 3.8840
v  -3.3472 -4.3438 3.6613
v  -3.4749 -4.2299 3.6564
v  -7.0728 -5.5462 2.7748
v  -6.6903 -6.4156 1.7863
v  -5.8409 -7.2446 1.8206
v  -6.3124 -6.4189 2.8082
v  -7.0597 -5.5302 2.9376
v  -6.3008 -6.4012 2.9709
v  -5.3516 -6.2865 3.5642
v  -6.1051 -5.5193 3.5331
v  -6.9773 -5.4657 2.9380
v  -6.9903 -5.4817 2.7752
v  -5.8380 -7.2475 1.6786
v  -6.6874 -6.4185 1.6443
v  -7.0630 -6.0528 1.1555
v  -6.2515 -6.9253 1.1898
v  -6.5864 -6.3200 1.7865
v  -6.5834 -6.3228 1.6446
v  -6.0711 -5.4893 3.5332
v  -6.9544 -5.9623 1.1559
v  -6.2251 -5.3102 3.5265
v  -7.1303 -5.2649 2.9308
v  -7.1435 -5.2806 2.7680
v  -6.7592 -6.1276 1.7791
v  -6.7563 -6.1305 1.6371
v  -7.1183 -5.7610 1.1484
v  -6.9506 -5.9660 0.9716
v  -7.1145 -5.7648 0.9642
v  -7.2276 -5.8546 0.9636
v  -7.0615 -6.0585 0.9712
v  -5.5246 -4.9947 3.8681
v  -5.6673 -4.8290 3.8618
v  -4.8766 -4.4193 3.9758
v  -5.0058 -4.2692 3.9701
v  -4.8435 -4.3890 4.0065
v  -4.9721 -4.2397 4.0008
v  -4.8030 -4.3544 3.9792
v  -4.9307 -4.2059 3.9736
v  -4.2612 -3.8815 3.8554
v  -4.3779 -3.7460 3.8503
v  -4.0963 -3.7359 3.8612
v  -4.2095 -3.6044 3.8563
v  -4.0186 -3.6761 3.6340
v  -4.1304 -3.5464 3.6291
v  -5.3787 -5.0675 -2.0542
v  -5.9883 -4.2927 -2.0825
v  -5.7277 -4.1117 -2.1489
v  -5.1393 -4.8598 -2.1217
v  -6.1113 -4.1132 -2.0886
v  -5.8464 -3.9385 -2.1549
v  -6.6140 -3.2652 -2.1162
v  -6.3317 -3.1198 -2.1815
v  -6.7124 -3.0712 -2.1222
v  -6.4268 -2.9325 -2.1873
v  -6.8007 -2.0572 -2.2127
v  -7.0997 -2.1646 -2.1485
v  -6.8704 -1.8591 -2.2182
v  -7.1719 -1.9593 -2.1542
v  -7.4371 -1.0097 -2.1789
v  -7.1264 -0.9423 -2.2421
v  -7.4818 -0.7968 -2.1842
v  -7.1696 -0.7367 -2.2471
v  -7.6203 0.1794 -2.2068
v  -7.3033 0.2057 -2.2690
v  -7.6367 0.3963 -2.2116
v  -7.3191 0.4152 -2.2736
v  -7.6462 1.3823 -2.2317
v  -7.3283 1.3671 -2.2931
v  -7.6340 1.5996 -2.2359
v  -7.3165 1.5768 -2.2971
v  -7.2009 2.5218 -2.3139
v  -7.5143 2.5783 -2.2533
v  -7.1619 2.7281 -2.3173
v  -7.4737 2.7921 -2.2568
v  -7.2268 3.7469 -2.2711
v  -6.9235 3.6499 -2.3311
v  -7.1587 3.9535 -2.2739
v  -6.8577 3.8494 -2.3338
v  -6.7889 4.8677 -2.2848
v  -6.5007 4.7320 -2.3443
v  -6.6943 5.0636 -2.2869
v  -6.4093 4.9212 -2.3463
v  -6.2079 5.9217 -2.2943
v  -5.9398 5.7495 -2.3535
v  -6.0885 6.1035 -2.2955
v  -5.8244 5.9251 -2.3546
v  -5.2505 6.6849 -2.3583
v  -5.4940 6.8904 -2.2993
v  -5.1131 6.8438 -2.3586
v  -5.3517 7.0551 -2.2997
v  -4.6594 7.7574 -2.2997
v  -4.4446 7.5219 -2.3587
v  -4.4967 7.9021 -2.2993
v  -4.2877 7.6615 -2.3583
v  -3.7184 8.5078 -2.2956
v  -3.5362 8.2463 -2.3547
v  -3.5382 8.6298 -2.2944
v  -3.3623 8.3641 -2.3535
v  -2.6873 9.1283 -2.2870
v  -2.5408 8.8454 -2.3464
v  -2.4927 9.2257 -2.2850
v  -2.3530 8.9395 -2.3444
v  -1.4755 9.3090 -2.3339
v  -1.5839 9.6086 -2.2740
v  -1.2770 9.3777 -2.3313
v  -1.3783 9.6797 -2.2713
v  -0.4271 9.9402 -2.2570
v  -0.3587 9.6292 -2.3174
v  -0.2139 9.9838 -2.2535
v  -0.1529 9.6712 -2.3141
v  0.7631 10.1175 -2.2361
v  0.7903 9.8004 -2.2973
v  0.9802 10.1328 -2.2320
v  0.9999 9.8152 -2.2932
v  1.9661 10.1373 -2.2117
v  1.9518 9.8196 -2.2739
v  2.1833 10.1240 -2.2071
v  2.1615 9.8067 -2.2692
v  3.1058 9.6865 -2.2474
v  3.1614 9.9995 -2.1844
v  3.3119 9.6464 -2.2424
v  3.3749 9.9579 -2.1792
v  4.3282 9.7063 -2.1545
v  4.2323 9.4033 -2.2185
v  4.5344 9.6371 -2.1488
v  4.4314 9.3366 -2.2131
v  5.4465 9.2627 -2.1225
v  5.3119 8.9751 -2.1877
v  5.6419 9.1671 -2.1166
v  5.5005 8.8829 -2.1819
v  6.4971 8.6765 -2.0890
v  6.3261 8.4092 -2.1553
v  6.6782 8.5561 -2.0829
v  6.5010 8.2930 -2.1494
v  7.4616 7.9577 -2.0547
v  7.2575 7.7153 -2.1221
v  7.6255 7.8146 -2.0484
v  7.4156 7.5771 -2.1161
v  8.3238 7.1188 -2.0199
v  8.0898 6.9053 -2.0886
v  8.4674 6.9555 -2.0137
v  8.2285 6.7476 -2.0825
v  8.8088 5.9932 -2.0553
v  9.0685 6.1740 -1.9854
v  9.1896 5.9933 -1.9794
v  8.9256 5.8187 -2.0494
v  9.6831 5.1399 -1.9519
v  9.4021 4.9948 -2.0228
v  9.4951 4.8065 -2.0172
v  9.7794 4.9448 -1.9460
v  10.1570 4.0341 -1.9197
v  9.8596 3.9273 -1.9918
v  9.9271 3.7283 -1.9864
v  10.2269 3.8281 -1.9141
v  10.4818 2.8757 -1.8896
v  10.1733 2.8088 -1.9627
v  10.2141 2.6028 -1.9577
v  10.5241 2.6623 -1.8844
v  10.6521 1.6846 -1.8619
v  10.3377 1.6590 -1.9360
v  10.3513 1.4494 -1.9316
v  10.6661 1.4675 -1.8573
v  10.3501 0.4974 -1.9122
v  10.6650 0.4814 -1.8373
v  10.6506 0.2644 -1.8332
v  10.3361 0.2878 -1.9083
v  10.5202 -0.7130 -1.8161
v  10.2104 -0.6559 -1.8918
v  10.4774 -0.9264 -1.8126
v  10.1690 -0.8618 -1.8885
v  10.2202 -1.8784 -1.7986
v  9.9207 -1.7809 -1.8749
v  10.1499 -2.0842 -1.7959
v  9.8527 -1.9797 -1.8723
v  9.7702 -2.9944 -1.7853
v  9.4862 -2.8583 -1.8620
v  9.6735 -3.1893 -1.7834
v  9.3928 -3.0465 -1.8602
v  9.1780 -4.0420 -1.7763
v  8.9144 -3.8697 -1.8534
v  9.0565 -4.2225 -1.7752
v  8.7972 -4.0441 -1.8522
v  8.4536 -5.0030 -1.7717
v  8.2150 -4.7976 -1.8490
v  8.0760 -4.9551 -1.8487
v  8.3094 -5.1661 -1.7714
v  7.6096 -5.8610 -1.7717
v  7.4002 -5.6259 -1.8489
v  7.4454 -6.0038 -1.7723
v  7.2417 -5.7638 -1.8494
v  6.6606 -6.6011 -1.7762
v  6.4840 -6.3404 -1.8534
v  6.3089 -6.4564 -1.8546
v  6.4791 -6.7212 -1.7776
v  5.4822 -6.9287 -1.8620
v  5.6228 -7.2104 -1.7853
v  5.4273 -7.3058 -1.7874
v  5.2934 -7.0208 -1.8640
v  4.4120 -7.3809 -1.8750
v  4.5143 -7.6788 -1.7987
v  4.3079 -7.7477 -1.8015
v  4.2127 -7.4474 -1.8777
v  3.3540 -7.9979 -1.8161
v  3.2918 -7.6890 -1.8917
v  3.0856 -7.7288 -1.8952
v  3.1404 -8.0392 -1.8196
v  2.1621 -8.1623 -1.8373
v  2.1410 -7.8477 -1.9123
v  1.9449 -8.1752 -1.8414
v  1.9313 -7.8602 -1.9163
v  0.9589 -8.1692 -1.8619
v  0.9793 -7.8544 -1.9360
v  0.7419 -8.1536 -1.8666
v  0.7699 -7.8393 -1.9406
v  -0.2348 -8.0185 -1.8895
v  -0.1731 -7.7088 -1.9627
v  -0.4479 -7.9746 -1.8948
v  -0.3788 -7.6664 -1.9678
v  -1.3984 -7.7126 -1.9196
v  -1.2964 -7.4136 -1.9919
v  -1.6039 -7.6413 -1.9254
v  -1.4947 -7.3446 -1.9973
v  -2.5118 -7.2570 -1.9519
v  -2.3714 -6.9737 -2.0229
v  -2.5590 -6.8794 -2.0287
v  -2.7061 -7.1593 -1.9579
v  -3.5559 -6.6595 -1.9855
v  -3.3794 -6.3969 -2.0554
v  -3.7358 -6.5372 -1.9917
v  -3.5530 -6.2788 -2.0613
v  -4.5127 -5.9304 -2.0200
v  -4.3031 -5.6929 -2.0887
v  -4.6750 -5.7855 -2.0263
v  -4.4598 -5.5531 -2.0947
v  -5.3658 -5.0822 -2.0547
v  -5.1267 -4.8740 -2.1222
v  -5.5076 -4.9173 -2.0610
v  -5.2636 -4.7148 -2.1283
v  -6.0351 -4.3255 -2.0790
v  -5.4218 -5.1052 -2.0505
v  -6.1588 -4.1449 -2.0852
v  -5.6856 -4.0831 -2.1754
v  -5.1006 -4.8268 -2.1483
v  -5.8036 -3.9109 -2.1812
v  -6.6648 -3.2916 -2.1129
v  -6.7638 -3.0963 -2.1189
v  -6.2862 -3.0969 -2.2077
v  -6.3807 -2.9106 -2.2135
v  -7.1536 -2.1841 -2.1455
v  -7.2261 -1.9775 -2.1511
v  -6.7525 -2.0404 -2.2388
v  -6.8218 -1.8433 -2.2442
v  -7.4930 -1.0220 -2.1760
v  -7.5380 -0.8078 -2.1813
v  -7.0764 -0.9318 -2.2679
v  -7.1192 -0.7274 -2.2730
v  -7.6774 0.1744 -2.2041
v  -7.6938 0.3927 -2.2088
v  -7.2523 0.2096 -2.2947
v  -7.2680 0.4178 -2.2993
v  -7.7034 1.3849 -2.2292
v  -7.6912 1.6035 -2.2334
v  -7.2770 1.3643 -2.3187
v  -7.2654 1.5728 -2.3227
v  -7.5707 2.5884 -2.2509
v  -7.5298 2.8035 -2.2544
v  -7.1505 2.5124 -2.3394
v  -7.1116 2.7176 -2.3428
v  -7.2814 3.7642 -2.2688
v  -7.2129 3.9721 -2.2716
v  -6.8746 3.6341 -2.3565
v  -6.8091 3.8324 -2.3592
v  -6.8407 4.8921 -2.2826
v  -6.7455 5.0892 -2.2847
v  -6.4542 4.7101 -2.3697
v  -6.3633 4.8981 -2.3717
v  -6.2561 5.9526 -2.2921
v  -6.1359 6.1356 -2.2934
v  -5.8965 5.7217 -2.3788
v  -5.7819 5.8963 -2.3799
v  -5.5378 6.9274 -2.2971
v  -5.3946 7.0931 -2.2976
v  -5.2112 6.6517 -2.3835
v  -5.0747 6.8097 -2.3839
v  -4.6979 7.7998 -2.2976
v  -4.5343 7.9453 -2.2972
v  -4.4100 7.4839 -2.3839
v  -4.2539 7.6227 -2.3836
v  -3.7511 8.5548 -2.2934
v  -3.5698 8.6776 -2.2922
v  -3.5067 8.2041 -2.3800
v  -3.3338 8.3213 -2.3788
v  -2.7136 9.1792 -2.2848
v  -2.5178 9.2773 -2.2828
v  -2.5169 8.7998 -2.3717
v  -2.3303 8.8933 -2.3698
v  -1.6033 9.6624 -2.2717
v  -1.3964 9.7341 -2.2690
v  -1.4578 9.2608 -2.3593
v  -1.2604 9.3291 -2.3566
v  -0.4393 9.9962 -2.2546
v  -0.2248 10.0400 -2.2511
v  -0.3474 9.5791 -2.3429
v  -0.1428 9.6210 -2.3396
v  0.7583 10.1746 -2.2336
v  0.9767 10.1899 -2.2294
v  0.7950 9.7493 -2.3228
v  1.0034 9.7639 -2.3190
v  1.9689 10.1945 -2.2091
v  2.1874 10.1812 -2.2043
v  1.9498 9.7684 -2.2995
v  2.1583 9.7557 -2.2950
v  3.1716 10.0558 -2.1816
v  3.3865 10.0140 -2.1764
v  3.0972 9.6360 -2.2733
v  3.3022 9.5961 -2.2683
v  4.3457 9.7608 -2.1514
v  4.5532 9.6911 -2.1458
v  4.2173 9.3545 -2.2445
v  4.4152 9.2881 -2.2392
v  5.4710 9.3144 -2.1193
v  5.6675 9.2183 -2.1133
v  5.2907 8.9288 -2.2139
v  5.4782 8.8370 -2.2081
v  6.5280 8.7245 -2.0856
v  6.7103 8.6035 -2.0794
v  6.2991 8.3660 -2.1817
v  6.4731 8.2505 -2.1758
v  7.4987 8.0013 -2.0510
v  7.6635 7.8574 -2.0447
v  7.2251 7.6761 -2.1487
v  7.3823 7.5388 -2.1427
v  8.3661 7.1571 -2.0160
v  8.5107 6.9928 -2.0098
v  8.0526 6.8708 -2.1154
v  8.1905 6.7140 -2.1094
v  9.1156 6.2065 -1.9813
v  9.2374 6.0246 -1.9752
v  8.7676 5.9640 -2.0823
v  8.8837 5.7905 -2.0763
v  9.7340 5.1659 -1.9475
v  9.8310 4.9696 -1.9416
v  9.3574 4.9712 -2.0500
v  9.4499 4.7840 -2.0443
v  10.2108 4.0532 -1.9152
v  10.2811 3.8459 -1.9096
v  9.8123 3.9098 -2.0191
v  9.8795 3.7120 -2.0138
v  10.5377 2.8876 -1.8849
v  10.5803 2.6728 -1.8797
v  10.1242 2.7978 -1.9903
v  10.1648 2.5930 -1.9853
v  10.7091 1.6891 -1.8571
v  10.7232 1.4707 -1.8524
v  10.2876 1.6546 -1.9637
v  10.3011 1.4461 -1.9593
v  10.7221 0.4784 -1.8323
v  10.7075 0.2600 -1.8282
v  10.3000 0.4996 -1.9400
v  10.2861 0.2913 -1.9362
v  10.5763 -0.7235 -1.8109
v  10.5332 -0.9382 -1.8075
v  10.1610 -0.6470 -1.9197
v  10.1199 -0.8518 -1.9164
v  10.2745 -1.8962 -1.7934
v  10.2036 -2.1033 -1.7907
v  9.8731 -1.7656 -1.9030
v  9.8055 -1.9632 -1.9004
v  9.8217 -3.0191 -1.7800
v  9.7243 -3.2152 -1.7780
v  9.4411 -2.8369 -1.8901
v  9.3483 -3.0240 -1.8883
v  9.2257 -4.0733 -1.7709
v  9.1034 -4.2549 -1.7698
v  8.8725 -3.8425 -1.8815
v  8.7559 -4.0159 -1.8804
v  8.4968 -5.0403 -1.7663
v  8.3519 -5.2044 -1.7659
v  8.1772 -4.7650 -1.8771
v  8.0389 -4.9216 -1.8768
v  7.6476 -5.9036 -1.7663
v  7.4823 -6.0473 -1.7668
v  7.3670 -5.5886 -1.8771
v  7.2095 -5.7257 -1.8776
v  6.6926 -6.6482 -1.7709
v  6.5100 -6.7692 -1.7722
v  6.4560 -6.2990 -1.8815
v  6.2819 -6.4143 -1.8827
v  5.6484 -7.2615 -1.7799
v  5.4516 -7.3574 -1.7821
v  5.4600 -6.8840 -1.8901
v  5.2722 -6.9755 -1.8922
v  4.5330 -7.7327 -1.7933
v  4.3253 -7.8021 -1.7962
v  4.3959 -7.3335 -1.9030
v  4.1977 -7.3996 -1.9057
v  3.3655 -8.0538 -1.8109
v  3.1505 -8.0954 -1.8144
v  3.2822 -7.6398 -1.9196
v  3.0771 -7.6795 -1.9231
v  2.1660 -8.2193 -1.8322
v  1.9475 -8.2323 -1.8365
v  2.1380 -7.7977 -1.9400
v  1.9295 -7.8101 -1.9440
v  0.9554 -8.2262 -1.8570
v  0.7370 -8.2104 -1.8619
v  0.9829 -7.8043 -1.9637
v  0.7747 -7.7893 -1.9683
v  -0.2458 -8.0746 -1.8848
v  -0.4602 -8.0303 -1.8902
v  -0.1628 -7.6596 -1.9903
v  -0.3674 -7.6174 -1.9953
v  -1.4167 -7.7668 -1.9152
v  -1.6234 -7.6949 -1.9209
v  -1.2798 -7.3660 -2.0191
v  -1.4770 -7.2975 -2.0246
v  -2.5369 -7.3084 -1.9476
v  -2.7326 -7.2100 -1.9537
v  -2.3486 -6.9287 -2.0500
v  -2.5351 -6.8349 -2.0558
v  -3.5877 -6.7071 -1.9814
v  -3.7686 -6.5841 -1.9876
v  -3.3509 -6.3552 -2.0823
v  -3.5234 -6.2377 -2.0883
v  -4.5504 -5.9734 -2.0161
v  -4.7137 -5.8277 -2.0225
v  -4.2693 -5.6552 -2.1154
v  -4.4250 -5.5162 -2.1214
v  -5.4088 -5.1199 -2.0511
v  -5.5515 -4.9540 -2.0574
v  -5.0881 -4.8410 -2.1488
v  -5.2243 -4.6828 -2.1548
# 4605 vertices

vn 0.3450 0.1232 -0.9305
vn 0.3382 0.0900 -0.9367
vn 0.3285 0.0449 -0.9434
vn 0.3358 0.0786 -0.9386
vn -0.2641 0.0680 -0.9621
vn -0.2978 0.0465 -0.9535
vn -0.3271 0.0275 -0.9446
vn -0.2981 0.0463 -0.9534
vn 0.1815 0.0052 -0.9834
vn 0.4640 0.0463 -0.8846
vn 0.4421 0.0001 -0.8970
vn 0.5670 0.1273 -0.8138
vn 0.4747 0.0963 -0.8749
vn 0.4184 0.0778 -0.9049
vn 0.5133 0.1091 -0.8513
vn 0.5678 0.1273 -0.8133
vn 0.5585 0.0885 -0.8248
vn 0.5232 0.0850 -0.8480
vn 0.5619 -0.7595 0.3279
vn 0.5632 -0.7599 0.3247
vn 0.5404 -0.7514 0.3786
vn 0.5386 -0.7507 0.3826
vn 0.8199 -0.0000 0.5724
vn -0.5830 0.7509 -0.3103
vn -0.5811 0.7511 -0.3133
vn -0.6111 0.7466 -0.2629
vn -0.6124 0.7464 -0.2606
vn -0.8199 0.0000 -0.5724
vn -0.5895 -0.6679 -0.4543
vn -0.5911 -0.6956 -0.4084
vn -0.5911 -0.6966 -0.4067
vn -0.5897 -0.6702 -0.4508
vn 0.5496 0.6911 0.4694
vn 0.5496 0.6915 0.4688
vn 0.5457 0.6647 0.5103
vn 0.5455 0.6638 0.5116
vn -0.8199 -0.0000 -0.5724
vn 0.5455 0.6553 0.5225
vn 0.5429 0.6551 0.5255
vn 0.5613 0.6566 0.5037
vn 0.5638 0.6568 0.5007
vn -0.6009 -0.6672 -0.4401
vn -0.5890 -0.6604 -0.4658
vn -0.5872 -0.6594 -0.4694
vn -0.5992 -0.6662 -0.4439
vn -0.2525 0.0227 -0.9673
vn -0.2510 0.0265 -0.9676
vn 0.3054 -0.0443 -0.9512
vn 0.4500 -0.0417 -0.8921
vn 0.4756 0.0422 -0.8787
vn 0.5434 0.0405 -0.8385
vn 0.5362 0.0348 -0.8434
vn 0.5563 -0.0132 -0.8309
vn 0.5718 0.0462 -0.8191
vn 0.5707 0.0790 -0.8174
vn 0.5723 -0.0194 -0.8198
vn -0.6145 0.0219 -0.7886
vn -0.6147 0.0314 -0.7881
vn -0.6145 0.0216 -0.7886
vn -0.6141 0.0025 -0.7892
vn -0.6141 0.0022 -0.7892
vn -0.8063 0.0025 -0.5915
vn -0.8063 0.0018 -0.5916
vn -0.8062 0.0003 -0.5916
vn -0.8062 0.0002 -0.5916
vn -0.3572 0.0597 -0.9321
vn -0.3568 0.0411 -0.9333
vn -0.3568 0.0416 -0.9332
vn -0.3559 0.0046 -0.9345
vn -0.3559 0.0042 -0.9345
vn -0.9414 -0.0281 -0.3360
vn -0.9895 -0.0485 -0.1362
vn -0.9902 -0.0333 -0.1356
vn -0.9409 -0.0193 -0.3382
vn -0.9413 -0.0019 -0.3376
vn -0.9909 -0.0037 -0.1346
vn -0.8267 -0.0008 -0.5626
vn -0.8270 -0.0013 -0.5622
vn -0.8268 -0.0000 -0.5626
vn -0.8056 0.0019 -0.5924
vn -0.8056 0.0026 -0.5924
vn -0.8056 0.0003 -0.5925
vn -0.8454 -0.0976 0.5252
vn -0.8472 -0.0673 0.5270
vn -0.8472 -0.0676 0.5270
vn -0.8486 -0.0073 0.5290
vn -0.8486 -0.0070 0.5290
vn 0.3271 -0.0814 -0.9415
vn 0.3370 -0.0481 -0.9403
vn 0.3495 -0.0036 -0.9369
vn 0.3402 -0.0367 -0.9396
vn -0.2622 -0.0161 -0.9649
vn -0.2973 -0.0340 -0.9542
vn -0.3279 -0.0497 -0.9434
vn -0.2976 -0.0341 -0.9541
vn 0.1774 -0.1141 -0.9775
vn 0.4372 -0.1294 -0.8900
vn 0.4194 -0.0514 -0.9063
vn 0.5166 -0.0217 -0.8560
vn 0.5716 -0.0038 -0.8205
vn 0.4770 -0.0341 -0.8782
vn 0.5602 -0.0428 -0.8273
vn 0.5246 -0.0460 -0.8501
vn 0.5047 -0.7598 0.4098
vn 0.5059 -0.7607 0.4067
vn 0.4841 -0.7448 0.4592
vn 0.4824 -0.7435 0.4631
vn 0.8200 -0.0000 0.5724
vn -0.5244 0.7545 -0.3945
vn -0.5544 0.7578 -0.3440
vn -0.5557 0.7579 -0.3417
vn -0.5263 0.7548 -0.3914
vn -0.8200 0.0000 -0.5724
vn -0.6432 -0.6891 -0.3337
vn -0.6433 -0.6899 -0.3319
vn -0.6401 -0.6686 -0.3786
vn -0.6397 -0.6667 -0.3824
vn 0.6018 0.6947 0.3940
vn 0.5960 0.6728 0.4382
vn 0.5958 0.6721 0.4397
vn 0.6018 0.6943 0.3947
vn 0.5952 0.6649 0.4513
vn 0.5926 0.6651 0.4543
vn 0.6110 0.6630 0.4326
vn 0.6135 0.6626 0.4296
vn -0.6492 -0.6633 -0.3722
vn -0.6510 -0.6637 -0.3684
vn -0.6387 -0.6606 -0.3945
vn -0.6369 -0.6601 -0.3983
vn -0.2540 -0.0625 -0.9652
vn -0.2522 -0.0588 -0.9659
vn 0.2974 -0.1689 -0.9397
vn 0.4420 -0.1709 -0.8806
vn 0.4739 -0.0881 -0.8762
vn 0.5415 -0.0907 -0.8358
vn 0.5339 -0.0963 -0.8400
vn 0.5504 -0.1441 -0.8224
vn 0.5704 -0.0850 -0.8170
vn 0.5660 -0.1502 -0.8106
vn -0.8199 0.0000 -0.5725
vn -0.6144 -0.0172 -0.7888
vn -0.6143 -0.0169 -0.7889
vn -0.6153 -0.0363 -0.7874
vn -0.6154 -0.0365 -0.7874
vn -0.8062 -0.0013 -0.5916
vn -0.8063 -0.0029 -0.5915
vn -0.8063 -0.0028 -0.5915
vn -0.3564 -0.0323 -0.9338
vn -0.3565 -0.0327 -0.9337
vn -0.3583 -0.0691 -0.9310
vn -0.3584 -0.0695 -0.9310
vn -0.9410 0.0151 -0.3380
vn -0.9905 0.0267 -0.1352
vn -0.9889 0.0562 -0.1374
vn -0.9401 0.0324 -0.3393
vn -0.8267 0.0007 -0.5626
vn -0.8267 0.0016 -0.5627
vn -0.8056 -0.0013 -0.5925
vn -0.8057 -0.0030 -0.5923
vn -0.8477 0.0531 0.5278
vn -0.8477 0.0534 0.5278
vn -0.8446 0.1132 0.5233
vn -0.8446 0.1135 0.5233
vn 0.3327 -0.1628 -0.9289
vn 0.3163 -0.2063 -0.9260
vn 0.3286 -0.1739 -0.9283
vn 0.3444 -0.1304 -0.9297
vn -0.3345 -0.1260 -0.9339
vn -0.3032 -0.1140 -0.9461
vn -0.2665 -0.0999 -0.9586
vn -0.3029 -0.1138 -0.9462
vn 0.4227 -0.2566 -0.8692
vn 0.1644 -0.2314 -0.9589
vn 0.5100 -0.1522 -0.8466
vn 0.5664 -0.1347 -0.8130
vn 0.4695 -0.1639 -0.8676
vn 0.4107 -0.1798 -0.8939
vn 0.5520 -0.1732 -0.8156
vn 0.5163 -0.1762 -0.8381
vn 0.4479 -0.7471 0.4911
vn 0.4491 -0.7484 0.4880
vn 0.4287 -0.7254 0.5385
vn 0.4272 -0.7235 0.5423
vn 0.8199 0.0000 0.5725
vn 0.8199 0.0000 0.5724
vn -0.4698 0.7457 -0.4724
vn -0.4680 0.7450 -0.4754
vn -0.4974 0.7559 -0.4256
vn -0.4987 0.7563 -0.4234
vn -0.8199 -0.0000 -0.5725
vn -0.6944 -0.6708 -0.2604
vn -0.6946 -0.6714 -0.2585
vn -0.6899 -0.6555 -0.3072
vn -0.6894 -0.6541 -0.3111
vn 0.6537 0.6856 0.3203
vn 0.6538 0.6859 0.3196
vn 0.6466 0.6695 0.3657
vn 0.6463 0.6689 0.3673
vn 0.6452 0.6630 0.3797
vn 0.6426 0.6638 0.3827
vn 0.6607 0.6579 0.3614
vn 0.6632 0.6571 0.3584
vn -0.6880 -0.6494 -0.3239
vn -0.6862 -0.6495 -0.3276
vn -0.6987 -0.6488 -0.3015
vn -0.7005 -0.6487 -0.2976
vn 0.2801 -0.2907 -0.9149
vn -0.2619 -0.1465 -0.9539
vn -0.2598 -0.1431 -0.9550
vn 0.4244 -0.2971 -0.8554
vn 0.4624 -0.2170 -0.8597
vn 0.5298 -0.2202 -0.8190
vn 0.5218 -0.2257 -0.8227
vn 0.5347 -0.2724 -0.7999
vn 0.5591 -0.2148 -0.8008
vn 0.5498 -0.2784 -0.7875
vn -0.6171 -0.0557 -0.7849
vn -0.6171 -0.0554 -0.7850
vn -0.6195 -0.0744 -0.7815
vn -0.6195 -0.0746 -0.7814
vn -0.8065 -0.0044 -0.5913
vn -0.8067 -0.0059 -0.5910
vn -0.8066 -0.0059 -0.5910
vn -0.3616 -0.1055 -0.9263
vn -0.3617 -0.1059 -0.9263
vn -0.3663 -0.1420 -0.9196
vn -0.3663 -0.1416 -0.9197
vn -0.9862 0.0862 -0.1413
vn -0.9386 0.0493 -0.3415
vn -0.9825 0.1151 -0.1467
vn -0.9364 0.0662 -0.3446
vn -0.8266 0.0023 -0.5628
vn -0.8265 0.0031 -0.5629
vn -0.8058 -0.0046 -0.5921
vn -0.8060 -0.0062 -0.5919
vn -0.8392 0.1732 0.5156
vn -0.8392 0.1728 0.5156
vn -0.8316 0.2317 0.5047
vn -0.8315 0.2321 0.5047
vn 0.3158 -0.2861 -0.9046
vn 0.2962 -0.3277 -0.8972
vn 0.3109 -0.2968 -0.9029
vn 0.3299 -0.2550 -0.9089
vn -0.3147 -0.1918 -0.9296
vn -0.2771 -0.1820 -0.9434
vn -0.3144 -0.1918 -0.9297
vn -0.3468 -0.2001 -0.9163
vn 0.3987 -0.3794 -0.8349
vn 0.1427 -0.3447 -0.9278
vn 0.4524 -0.2908 -0.8430
vn 0.3925 -0.3050 -0.8677
vn 0.4937 -0.2800 -0.8233
vn 0.5514 -0.2633 -0.7916
vn 0.5342 -0.3007 -0.7901
vn 0.4982 -0.3034 -0.8122
vn 0.3739 -0.6911 0.6185
vn 0.3926 -0.7215 0.5703
vn 0.3937 -0.7232 0.5674
vn 0.3753 -0.6934 0.6150
vn -0.4145 0.7238 -0.5516
vn -0.4127 0.7226 -0.5545
vn -0.4411 0.7410 -0.5063
vn -0.4423 0.7418 -0.5041
vn -0.7384 -0.6311 -0.2378
vn -0.7378 -0.6302 -0.2419
vn -0.7438 -0.6409 -0.1896
vn -0.7440 -0.6413 -0.1877
vn 0.6961 0.6541 0.2958
vn 0.7046 0.6651 0.2474
vn 0.7047 0.6653 0.2467
vn 0.6964 0.6545 0.2943
vn 0.7097 0.6415 0.2912
vn 0.7120 0.6402 0.2884
vn 0.6946 0.6497 0.3089
vn 0.6921 0.6510 0.3118
vn -0.7465 -0.6232 -0.2329
vn -0.7483 -0.6226 -0.2290
vn -0.7361 -0.6270 -0.2550
vn -0.7343 -0.6276 -0.2588
vn 0.2538 -0.4074 -0.8773
vn -0.2760 -0.2281 -0.9337
vn -0.2737 -0.2250 -0.9351
vn 0.3974 -0.4182 -0.8168
vn 0.4413 -0.3421 -0.8296
vn 0.5085 -0.3460 -0.7885
vn 0.5001 -0.3512 -0.7916
vn 0.5095 -0.3960 -0.7639
vn 0.5382 -0.3408 -0.7708
vn 0.5242 -0.4018 -0.7508
vn -0.6227 -0.0932 -0.7769
vn -0.6227 -0.0930 -0.7770
vn -0.6265 -0.1112 -0.7714
vn -0.6265 -0.1114 -0.7714
vn -0.8069 -0.0074 -0.5906
vn -0.8072 -0.0088 -0.5902
vn -0.3724 -0.1774 -0.9110
vn -0.3723 -0.1770 -0.9111
vn -0.3796 -0.2117 -0.9006
vn -0.3797 -0.2121 -0.9005
vn -0.9775 0.1442 -0.1538
vn -0.9336 0.0825 -0.3486
vn -0.9717 0.1720 -0.1622
vn -0.9302 0.0988 -0.3535
vn -0.8264 0.0038 -0.5631
vn -0.8262 0.0046 -0.5633
vn -0.8063 -0.0077 -0.5915
vn -0.8066 -0.0092 -0.5910
vn -0.8217 0.2899 0.4906
vn -0.8218 0.2896 0.4907
vn -0.8098 0.3463 0.4736
vn -0.8098 0.3466 0.4735
vn 0.2841 -0.4145 -0.8646
vn 0.3062 -0.3751 -0.8749
vn 0.2898 -0.4045 -0.8674
vn 0.2672 -0.4434 -0.8556
vn -0.3316 -0.2664 -0.9050
vn -0.3645 -0.2708 -0.8909
vn -0.3319 -0.2664 -0.9049
vn -0.2938 -0.2610 -0.9195
vn 0.3658 -0.4957 -0.7877
vn 0.1127 -0.4521 -0.8848
vn 0.5269 -0.3874 -0.7565
vn 0.4259 -0.4128 -0.8051
vn 0.3650 -0.4250 -0.8284
vn 0.4680 -0.4030 -0.7865
vn 0.5069 -0.4230 -0.7510
vn 0.4708 -0.4254 -0.7729
vn 0.3248 -0.6496 0.6875
vn 0.3235 -0.6468 0.6907
vn 0.3397 -0.6835 0.6461
vn 0.3406 -0.6856 0.6434
vn -0.3863 0.7133 -0.5848
vn -0.3875 0.7144 -0.5827
vn -0.3613 0.6894 -0.6278
vn -0.3596 0.6878 -0.6306
vn -0.7839 -0.5954 -0.1758
vn -0.7905 -0.6000 -0.1227
vn -0.7907 -0.6002 -0.1207
vn -0.7845 -0.5958 -0.1716
vn 0.7534 0.6331 0.1775
vn 0.7536 0.6332 0.1767
vn 0.7447 0.6283 0.2252
vn 0.7444 0.6281 0.2268
vn 0.7426 0.6252 0.2402
vn 0.7402 0.6270 0.2429
vn 0.7569 0.6141 0.2236
vn 0.7592 0.6123 0.2209
vn -0.7821 -0.5938 -0.1892
vn -0.7803 -0.5949 -0.1928
vn -0.7921 -0.5869 -0.1676
vn -0.7938 -0.5857 -0.1639
vn 0.2190 -0.5172 -0.8274
vn -0.2961 -0.3057 -0.9049
vn -0.2936 -0.3029 -0.9067
vn 0.3616 -0.5321 -0.7655
vn 0.4111 -0.4614 -0.7862
vn 0.4779 -0.4658 -0.7447
vn 0.4691 -0.4707 -0.7473
vn 0.4753 -0.5129 -0.7149
vn 0.5080 -0.4610 -0.7276
vn 0.4896 -0.5183 -0.7012
vn -0.6311 -0.1292 -0.7649
vn -0.6310 -0.1289 -0.7650
vn -0.6363 -0.1463 -0.7575
vn -0.6362 -0.1461 -0.7576
vn -0.8076 -0.0102 -0.5897
vn -0.8080 -0.0116 -0.5891
vn -0.3883 -0.2458 -0.8882
vn -0.3882 -0.2454 -0.8883
vn -0.3980 -0.2781 -0.8742
vn -0.3981 -0.2785 -0.8740
vn -0.9646 0.1997 -0.1723
vn -0.9262 0.1144 -0.3592
vn -0.9567 0.2260 -0.1836
vn -0.9216 0.1298 -0.3658
vn -0.8260 0.0053 -0.5636
vn -0.8258 0.0060 -0.5639
vn -0.8070 -0.0107 -0.5905
vn -0.8074 -0.0121 -0.5899
vn -0.7958 0.4015 0.4534
vn -0.7957 0.4017 0.4533
vn -0.7797 0.4549 0.4303
vn -0.7796 0.4552 0.4302
vn 0.2737 -0.4888 -0.8284
vn 0.2552 -0.5159 -0.8178
vn 0.2297 -0.5515 -0.8019
vn 0.2487 -0.5251 -0.8139
vn -0.3874 -0.3368 -0.8582
vn -0.3546 -0.3364 -0.8724
vn -0.3163 -0.3354 -0.8874
vn -0.3543 -0.3364 -0.8725
vn 0.3244 -0.6035 -0.7284
vn 0.0749 -0.5516 -0.8307
vn 0.4333 -0.5191 -0.7367
vn 0.4933 -0.5048 -0.7084
vn 0.3905 -0.5276 -0.7544
vn 0.3288 -0.5376 -0.7764
vn 0.4708 -0.5380 -0.6992
vn 0.4344 -0.5400 -0.7209
vn 0.2779 -0.5945 0.7546
vn 0.2769 -0.5913 0.7574
vn 0.2901 -0.6337 0.7171
vn 0.2909 -0.6361 0.7147
vn -0.3341 0.6733 -0.6596
vn -0.3352 0.6747 -0.6576
vn -0.3111 0.6431 -0.6997
vn -0.3096 0.6411 -0.7022
vn -0.8271 -0.5504 -0.1140
vn -0.8338 -0.5488 -0.0608
vn -0.8340 -0.5487 -0.0588
vn -0.8277 -0.5503 -0.1098
vn 0.7995 0.5902 0.1115
vn 0.7996 0.5902 0.1107
vn 0.7906 0.5912 0.1593
vn 0.7903 0.5912 0.1609
vn 0.7861 0.5921 0.1771
vn 0.8018 0.5760 0.1594
vn 0.8038 0.5738 0.1569
vn 0.7883 0.5899 0.1747
vn -0.8346 -0.5405 -0.1068
vn -0.8361 -0.5387 -0.1032
vn -0.8251 -0.5504 -0.1275
vn -0.8235 -0.5520 -0.1310
vn 0.1762 -0.6180 -0.7662
vn -0.3219 -0.3780 -0.8680
vn -0.3191 -0.3757 -0.8701
vn 0.3176 -0.6369 -0.7025
vn 0.3721 -0.5726 -0.7305
vn 0.4386 -0.5776 -0.6884
vn 0.4295 -0.5820 -0.6905
vn 0.4326 -0.6209 -0.6537
vn 0.4690 -0.5733 -0.6718
vn 0.4465 -0.6258 -0.6395
vn -0.6420 -0.1627 -0.7493
vn -0.6421 -0.1629 -0.7491
vn -0.6484 -0.1785 -0.7401
vn -0.6485 -0.1787 -0.7399
vn -0.8084 -0.0129 -0.5884
vn -0.8089 -0.0142 -0.5877
vn -0.8090 -0.0142 -0.5877
vn -0.4092 -0.3099 -0.8582
vn -0.4091 -0.3096 -0.8584
vn -0.4213 -0.3398 -0.8409
vn -0.4214 -0.3401 -0.8407
vn -0.9476 0.2518 -0.1967
vn -0.9165 0.1443 -0.3731
vn -0.9107 0.1585 -0.3814
vn -0.9378 0.2760 -0.2107
vn -0.8256 0.0066 -0.5642
vn -0.8253 0.0073 -0.5646
vn -0.8079 -0.0135 -0.5892
vn -0.8084 -0.0149 -0.5884
vn -0.7616 0.5064 0.4045
vn -0.7615 0.5066 0.4043
vn -0.7415 0.5559 0.3757
vn -0.7416 0.5556 0.3759
vn 0.2054 -0.6266 -0.7518
vn 0.2329 -0.5941 -0.7700
vn 0.2125 -0.6184 -0.7566
vn 0.1845 -0.6501 -0.7371
vn -0.3824 -0.4006 -0.8326
vn -0.3441 -0.4041 -0.8475
vn -0.3821 -0.4007 -0.8328
vn -0.4150 -0.3970 -0.8186
vn 0.2753 -0.7008 -0.6581
vn 0.0300 -0.6417 -0.7664
vn 0.2844 -0.6410 -0.7129
vn 0.3902 -0.6262 -0.6750
vn 0.4512 -0.6135 -0.6481
vn 0.3468 -0.6334 -0.6918
vn 0.4263 -0.6438 -0.6355
vn 0.3898 -0.6454 -0.6570
vn 0.2349 -0.5256 0.8177
vn 0.2447 -0.5730 0.7822
vn 0.2453 -0.5757 0.7800
vn 0.2356 -0.5292 0.8151
vn -0.2854 0.6217 -0.7294
vn -0.2863 0.6234 -0.7276
vn -0.2649 0.5858 -0.7659
vn -0.2635 0.5834 -0.7683
vn -0.8665 -0.4959 -0.0576
vn -0.8728 -0.4880 -0.0049
vn -0.8730 -0.4877 -0.0029
vn -0.8671 -0.4953 -0.0534
vn 0.8421 0.5371 0.0500
vn 0.8334 0.5439 0.0982
vn 0.8330 0.5441 0.0998
vn 0.8419 0.5372 0.0507
vn 0.8452 0.5254 0.0977
vn 0.8310 0.5445 0.1135
vn 0.8290 0.5471 0.1157
vn 0.8433 0.5281 0.0998
vn -0.8746 -0.4825 -0.0482
vn -0.8646 -0.4975 -0.0710
vn -0.8631 -0.4996 -0.0743
vn -0.8732 -0.4847 -0.0515
vn 0.1263 -0.7081 -0.6947
vn -0.3528 -0.4439 -0.8237
vn -0.3499 -0.4420 -0.8260
vn 0.2661 -0.7306 -0.6288
vn 0.3252 -0.6740 -0.6633
vn 0.3913 -0.6795 -0.6207
vn 0.3819 -0.6834 -0.6223
vn 0.3822 -0.7181 -0.5815
vn 0.4220 -0.6756 -0.6045
vn 0.3957 -0.7226 -0.5668
vn -0.6555 -0.1938 -0.7299
vn -0.6554 -0.1936 -0.7301
vn -0.6630 -0.2078 -0.7192
vn -0.6631 -0.2080 -0.7191
vn -0.8095 -0.0154 -0.5869
vn -0.8101 -0.0165 -0.5861
vn -0.4347 -0.3687 -0.8216
vn -0.4346 -0.3684 -0.8218
vn -0.4490 -0.3955 -0.8012
vn -0.4491 -0.3958 -0.8010
vn -0.9268 0.2996 -0.2264
vn -0.9046 0.1717 -0.3902
vn -0.8978 0.1844 -0.3999
vn -0.9153 0.3213 -0.2429
vn -0.8250 0.0079 -0.5650
vn -0.8247 0.0085 -0.5655
vn -0.8090 -0.0161 -0.5876
vn -0.8096 -0.0173 -0.5867
vn -0.7197 0.6028 0.3445
vn -0.7198 0.6025 0.3447
vn -0.6963 0.6468 0.3110
vn -0.6962 0.6470 0.3108
vn 0.1548 -0.7173 -0.6793
vn 0.1846 -0.6891 -0.7008
vn 0.1624 -0.7103 -0.6849
vn 0.1322 -0.7375 -0.6623
vn -0.4144 -0.4580 -0.7865
vn -0.4469 -0.4504 -0.7729
vn -0.4147 -0.4579 -0.7863
vn -0.3769 -0.4659 -0.8006
vn -0.0213 -0.7207 -0.6929
vn 0.2193 -0.7861 -0.5779
vn 0.3394 -0.7226 -0.6022
vn 0.4013 -0.7117 -0.5766
vn 0.2956 -0.7282 -0.6184
vn 0.2326 -0.7334 -0.6388
vn 0.3376 -0.7396 -0.5823
vn 0.3742 -0.7384 -0.5609
vn 0.2042 -0.5024 0.8402
vn 0.2045 -0.5054 0.8383
vn 0.1986 -0.4547 0.8682
vn 0.1981 -0.4509 0.8703
vn -0.2417 0.5614 -0.7915
vn -0.2233 0.5184 -0.8255
vn -0.2221 0.5156 -0.8275
vn -0.2409 0.5594 -0.7931
vn -0.9014 -0.4328 -0.0075
vn -0.9070 -0.4189 0.0440
vn -0.9071 -0.4184 0.0460
vn -0.9020 -0.4318 -0.0034
vn 0.8801 0.4747 -0.0046
vn 0.8722 0.4873 0.0425
vn 0.8719 0.4877 0.0441
vn 0.8800 0.4749 -0.0039
vn 0.8700 0.4897 0.0577
vn 0.8682 0.4927 0.0596
vn 0.8809 0.4710 0.0459
vn 0.8826 0.4680 0.0441
vn -0.8997 -0.4360 -0.0207
vn -0.8984 -0.4385 -0.0237
vn -0.9072 -0.4206 -0.0027
vn -0.9085 -0.4179 0.0004
vn 0.0700 -0.7861 -0.6141
vn -0.3884 -0.5021 -0.7727
vn -0.3854 -0.5006 -0.7751
vn 0.2081 -0.8118 -0.5456
vn 0.2711 -0.7638 -0.5857
vn 0.3368 -0.7696 -0.5425
vn 0.3270 -0.7729 -0.5437
vn 0.3250 -0.8031 -0.4995
vn 0.3677 -0.7664 -0.5267
vn 0.3382 -0.8069 -0.4843
vn 0.3381 -0.8069 -0.4843
vn -0.6711 -0.2214 -0.7075
vn -0.6710 -0.2212 -0.7077
vn -0.6797 -0.2337 -0.6953
vn -0.6796 -0.2336 -0.6954
vn -0.8107 -0.0176 -0.5851
vn -0.8114 -0.0186 -0.5842
vn -0.4645 -0.4212 -0.7790
vn -0.4643 -0.4209 -0.7792
vn -0.4806 -0.4445 -0.7559
vn -0.4808 -0.4448 -0.7557
vn -0.9027 0.3422 -0.2610
vn -0.8907 0.1961 -0.4100
vn -0.8896 0.3611 -0.2797
vn -0.8831 0.2072 -0.4210
vn -0.8244 0.0090 -0.5659
vn -0.8241 0.0095 -0.5664
vn -0.8103 -0.0184 -0.5857
vn -0.8110 -0.0195 -0.5847
vn -0.6711 0.6885 0.2749
vn -0.6712 0.6883 0.2751
vn -0.6446 0.7269 0.2369
vn -0.6445 0.7270 0.2367
vn 0.0739 -0.8122 -0.5787
vn 0.0978 -0.7957 -0.5977
vn 0.1296 -0.7723 -0.6220
vn 0.1060 -0.7899 -0.6040
vn -0.4507 -0.5074 -0.7344
vn -0.4826 -0.4960 -0.7219
vn -0.4511 -0.5073 -0.7343
vn -0.4140 -0.5196 -0.7475
vn 0.1574 -0.8578 -0.4892
vn -0.0781 -0.7873 -0.6116
vn 0.2376 -0.8105 -0.5354
vn 0.1744 -0.8131 -0.5554
vn 0.2818 -0.8065 -0.5198
vn 0.3445 -0.7975 -0.4952
vn 0.3155 -0.8204 -0.4769
vn 0.2789 -0.8210 -0.4981
vn 0.1694 -0.4232 0.8901
vn 0.1695 -0.4263 0.8886
vn 0.1674 -0.3725 0.9128
vn 0.1673 -0.3684 0.9145
vn -0.2015 0.4875 -0.8496
vn -0.2022 0.4897 -0.8482
vn -0.1871 0.4420 -0.8773
vn -0.1862 0.4389 -0.8790
vn -0.9357 -0.3418 0.0870
vn -0.9318 -0.3608 0.0393
vn -0.9314 -0.3623 0.0354
vn -0.9356 -0.3426 0.0851
vn 0.9131 0.4044 -0.0513
vn 0.9132 0.4041 -0.0520
vn 0.9064 0.4223 -0.0064
vn 0.9062 0.4229 -0.0049
vn 0.9154 0.4026 -0.0029
vn 0.9045 0.4265 0.0083
vn 0.9029 0.4298 0.0099
vn 0.9139 0.4058 -0.0013
vn -0.9362 -0.3493 0.0388
vn -0.9373 -0.3462 0.0416
vn -0.9300 -0.3670 0.0226
vn -0.9288 -0.3700 0.0199
vn 0.0084 -0.8505 -0.5258
vn -0.4281 -0.5516 -0.7159
vn -0.4250 -0.5507 -0.7185
vn 0.1444 -0.8790 -0.4544
vn 0.2107 -0.8405 -0.4992
vn 0.2759 -0.8465 -0.4554
vn 0.2618 -0.8742 -0.4090
vn 0.2659 -0.8492 -0.4562
vn 0.3071 -0.8439 -0.4399
vn 0.2747 -0.8773 -0.3935
vn -0.6887 -0.2451 -0.6824
vn -0.6886 -0.2450 -0.6825
vn -0.6980 -0.2553 -0.6691
vn -0.6981 -0.2554 -0.6689
vn -0.8121 -0.0195 -0.5831
vn -0.8129 -0.0203 -0.5821
vn -0.4979 -0.4664 -0.7311
vn -0.4977 -0.4662 -0.7314
vn -0.5156 -0.4858 -0.7058
vn -0.5158 -0.4860 -0.7055
vn -0.8755 0.3789 -0.2999
vn -0.8752 0.2172 -0.4323
vn -0.8668 0.2264 -0.4444
vn -0.8611 0.3946 -0.3205
vn -0.8237 0.0100 -0.5669
vn -0.8233 0.0104 -0.5675
vn -0.8118 -0.0204 -0.5836
vn -0.8126 -0.0213 -0.5825
vn -0.6165 0.7624 0.1966
vn -0.6166 0.7623 0.1968
vn -0.5874 0.7944 0.1549
vn -0.5872 0.7945 0.1547
vn 0.0355 -0.8604 -0.5084
vn 0.0688 -0.8421 -0.5349
vn 0.0440 -0.8559 -0.5153
vn 0.0104 -0.8729 -0.4879
vn -0.4548 -0.5643 -0.6890
vn -0.4905 -0.5481 -0.6775
vn -0.5213 -0.5331 -0.6664
vn -0.4908 -0.5480 -0.6774
vn 0.0907 -0.9148 -0.3936
vn -0.1393 -0.8404 -0.5238
vn 0.2818 -0.8697 -0.4053
vn 0.1740 -0.8788 -0.4443
vn 0.1107 -0.8788 -0.4641
vn 0.2185 -0.8765 -0.4290
vn 0.2512 -0.8882 -0.3847
vn 0.2145 -0.8884 -0.4059
vn 0.1427 -0.2838 0.9482
vn 0.1429 -0.2795 0.9495
vn 0.1408 -0.3366 0.9311
vn 0.1406 -0.3399 0.9299
vn -0.1678 0.4072 -0.8978
vn -0.1683 0.4095 -0.8966
vn -0.1570 0.3580 -0.9204
vn -0.1563 0.3547 -0.9218
vn -0.9561 -0.2836 0.0741
vn -0.9558 -0.2856 0.0703
vn -0.9583 -0.2604 0.1176
vn -0.9584 -0.2594 0.1194
vn 0.9355 0.3500 -0.0481
vn 0.9353 0.3508 -0.0467
vn 0.9407 0.3269 -0.0908
vn 0.9407 0.3266 -0.0914
vn 0.9430 0.3301 -0.0424
vn 0.9339 0.3558 -0.0339
vn 0.9326 0.3594 -0.0327
vn 0.9418 0.3337 -0.0412
vn -0.9596 -0.2719 0.0723
vn -0.9604 -0.2684 0.0747
vn -0.9548 -0.2917 0.0582
vn -0.9539 -0.2950 0.0558
vn -0.4711 -0.5916 -0.6542
vn -0.4680 -0.5912 -0.6569
vn -0.0575 -0.9003 -0.4314
vn 0.0763 -0.9311 -0.3568
vn 0.1450 -0.9027 -0.4052
vn 0.2098 -0.9088 -0.3607
vn 0.1939 -0.9302 -0.3117
vn 0.1997 -0.9108 -0.3613
vn 0.2412 -0.9069 -0.3455
vn 0.2066 -0.9326 -0.2959
vn -0.7079 -0.2646 -0.6549
vn -0.7078 -0.2645 -0.6551
vn -0.7179 -0.2726 -0.6406
vn -0.7180 -0.2727 -0.6404
vn -0.8137 -0.0211 -0.5810
vn -0.8137 -0.0211 -0.5809
vn -0.8145 -0.0217 -0.5798
vn -0.5344 -0.5036 -0.6788
vn -0.5342 -0.5034 -0.6791
vn -0.5537 -0.5189 -0.6513
vn -0.5535 -0.5188 -0.6516
vn -0.8582 0.2345 -0.4567
vn -0.8459 0.4091 -0.3424
vn -0.8491 0.2417 -0.4696
vn -0.8304 0.4214 -0.3645
vn -0.8229 0.0108 -0.5681
vn -0.8225 0.0111 -0.5687
vn -0.8134 -0.0220 -0.5813
vn -0.8142 -0.0227 -0.5801
vn -0.5568 0.8232 0.1111
vn -0.5569 0.8231 0.1113
vn -0.5255 0.8482 0.0663
vn -0.5253 0.8483 0.0661
vn -0.0224 -0.9071 -0.4202
vn -0.0570 -0.9185 -0.3912
vn -0.0312 -0.9102 -0.4129
vn 0.0033 -0.8975 -0.4411
vn -0.4986 -0.5993 -0.6262
vn -0.5329 -0.5794 -0.6167
vn -0.5625 -0.5610 -0.6074
vn -0.5332 -0.5792 -0.6166
vn 0.0203 -0.9560 -0.2928
vn -0.2041 -0.8789 -0.4311
vn 0.1058 -0.9320 -0.3466
vn 0.0426 -0.9294 -0.3666
vn 0.1504 -0.9314 -0.3315
vn 0.2141 -0.9268 -0.3084
vn 0.1824 -0.9407 -0.2861
vn 0.1457 -0.9404 -0.3073
vn 0.1253 -0.1859 0.9745
vn 0.1189 -0.2443 0.9624
vn 0.1185 -0.2477 0.9616
vn 0.1249 -0.1902 0.9738
vn -0.1404 0.3198 -0.9370
vn -0.1407 0.3223 -0.9361
vn -0.1335 0.2678 -0.9542
vn -0.1330 0.2644 -0.9552
vn -0.9747 -0.1736 0.1410
vn -0.9746 -0.1725 0.1427
vn -0.9743 -0.2015 0.1002
vn -0.9742 -0.2039 0.0967
vn 0.9622 0.2438 -0.1215
vn 0.9622 0.2434 -0.1221
vn 0.9589 0.2717 -0.0817
vn 0.9588 0.2726 -0.0803
vn 0.9649 0.2521 -0.0738
vn 0.9578 0.2791 -0.0681
vn 0.9568 0.2829 -0.0673
vn 0.9640 0.2558 -0.0730
vn -0.9770 -0.1898 0.0972
vn -0.9775 -0.1861 0.0993
vn -0.9737 -0.2113 0.0853
vn -0.9731 -0.2149 0.0833
vn -0.1266 -0.9346 -0.3325
vn -0.5168 -0.6215 -0.5888
vn -0.5136 -0.6216 -0.5915
vn 0.0048 -0.9671 -0.2544
vn 0.0753 -0.9493 -0.3053
vn 0.1396 -0.9554 -0.2602
vn 0.1294 -0.9567 -0.2606
vn 0.1223 -0.9702 -0.2093
vn 0.1711 -0.9543 -0.2451
vn 0.1349 -0.9718 -0.1932
vn -0.7284 -0.2796 -0.6255
vn -0.7282 -0.2795 -0.6257
vn -0.7389 -0.2852 -0.6105
vn -0.7390 -0.2853 -0.6103
vn -0.8153 -0.0223 -0.5786
vn -0.8161 -0.0227 -0.5774
vn -0.8162 -0.0227 -0.5774
vn -0.5734 -0.5321 -0.6230
vn -0.5732 -0.5319 -0.6233
vn -0.5934 -0.5428 -0.5943
vn -0.5936 -0.5429 -0.5940
vn -0.8142 0.4322 -0.3877
vn -0.8400 0.2478 -0.4827
vn -0.7980 0.4409 -0.4110
vn -0.8305 0.2529 -0.4963
vn -0.8221 0.0114 -0.5693
vn -0.8216 0.0116 -0.5699
vn -0.8151 -0.0233 -0.5789
vn -0.8160 -0.0238 -0.5776
vn -0.4930 0.8698 0.0198
vn -0.4932 0.8697 0.0200
vn -0.4602 0.8874 -0.0273
vn -0.4600 0.8875 -0.0275
vn -0.0920 -0.9428 -0.3205
vn -0.1273 -0.9483 -0.2906
vn -0.1010 -0.9444 -0.3129
vn -0.0658 -0.9373 -0.3421
vn -0.5447 -0.6241 -0.5603
vn -0.5774 -0.6007 -0.5530
vn -0.6054 -0.5792 -0.5459
vn -0.5776 -0.6005 -0.5530
vn -0.2711 -0.9024 -0.3350
vn -0.0527 -0.9807 -0.1883
vn 0.0788 -0.9702 -0.2290
vn 0.1428 -0.9680 -0.2062
vn 0.0343 -0.9691 -0.2441
vn -0.0287 -0.9640 -0.2645
vn 0.1102 -0.9770 -0.1827
vn 0.0735 -0.9762 -0.2039
vn 0.1142 -0.0934 0.9891
vn 0.1150 -0.0890 0.9894
vn 0.1041 -0.1478 0.9835
vn 0.1035 -0.1512 0.9831
vn -0.1198 0.2270 -0.9665
vn -0.1200 0.2296 -0.9659
vn -0.1169 0.1731 -0.9780
vn -0.1166 0.1695 -0.9786
vn -0.9863 -0.1187 0.1141
vn -0.9844 -0.0839 0.1549
vn -0.9842 -0.0826 0.1564
vn -0.9863 -0.1160 0.1173
vn 0.9762 0.1897 -0.1053
vn 0.9772 0.1565 -0.1431
vn 0.9772 0.1560 -0.1437
vn 0.9763 0.1886 -0.1065
vn -0.8199 0.0001 -0.5724
vn 0.9801 0.1734 -0.0961
vn 0.9808 0.1696 -0.0965
vn 0.9758 0.1976 -0.0938
vn 0.9750 0.2015 -0.0934
vn -0.9881 -0.1045 0.1131
vn -0.9883 -0.1006 0.1147
vn -0.9864 -0.1273 0.1036
vn -0.9861 -0.1312 0.1019
vn -0.1976 -0.9527 -0.2307
vn -0.5643 -0.6406 -0.5208
vn -0.5612 -0.6412 -0.5234
vn -0.0688 -0.9864 -0.1491
vn 0.0027 -0.9795 -0.2013
vn 0.0666 -0.9856 -0.1555
vn 0.0562 -0.9862 -0.1558
vn 0.0484 -0.9935 -0.1034
vn 0.0981 -0.9852 -0.1405
vn 0.0609 -0.9943 -0.0872
vn -0.7498 -0.2898 -0.5948
vn -0.7497 -0.2897 -0.5950
vn -0.7608 -0.2930 -0.5791
vn -0.7606 -0.2930 -0.5793
vn -0.8170 -0.0231 -0.5762
vn -0.8179 -0.0233 -0.5749
vn -0.6142 -0.5514 -0.5645
vn -0.6140 -0.5513 -0.5649
vn -0.6349 -0.5574 -0.5350
vn -0.6351 -0.5575 -0.5347
vn -0.7810 0.4479 -0.4352
vn -0.8210 0.2568 -0.5099
vn -0.8112 0.2597 -0.5239
vn -0.7643 0.4528 -0.4592
vn -0.8212 0.0118 -0.5705
vn -0.8208 0.0119 -0.5712
vn -0.8169 -0.0242 -0.5763
vn -0.8178 -0.0244 -0.5750
vn -0.4264 0.9014 -0.0757
vn -0.4265 0.9013 -0.0755
vn -0.3924 0.9113 -0.1243
vn -0.3923 0.9114 -0.1245
vn -0.1637 -0.9622 -0.2177
vn -0.1992 -0.9618 -0.1876
vn -0.1728 -0.9623 -0.2101
vn -0.1373 -0.9611 -0.2398
vn -0.6233 -0.6114 -0.4876
vn -0.5922 -0.6380 -0.4922
vn -0.6230 -0.6116 -0.4877
vn -0.6494 -0.5874 -0.4830
vn -0.3394 -0.9102 -0.2372
vn -0.1268 -0.9885 -0.0821
vn 0.0049 -0.9924 -0.1231
vn 0.0690 -0.9925 -0.1005
vn -0.0395 -0.9896 -0.1385
vn -0.1019 -0.9819 -0.1596
vn 0.0359 -0.9964 -0.0763
vn -0.0007 -0.9952 -0.0976
vn 0.1109 0.0051 0.9938
vn 0.1120 0.0094 0.9937
vn 0.0967 -0.0487 0.9941
vn 0.0958 -0.0521 0.9940
vn -0.1075 0.0753 -0.9914
vn -0.1076 0.0717 -0.9916
vn -0.1064 0.1302 -0.9858
vn -0.1063 0.1329 -0.9854
vn -0.9920 -0.0315 0.1222
vn -0.9872 0.0072 0.1591
vn -0.9870 0.0087 0.1604
vn -0.9917 -0.0284 0.1251
vn 0.9872 0.1036 -0.1211
vn 0.9856 0.0666 -0.1551
vn 0.9856 0.0660 -0.1556
vn 0.9872 0.1024 -0.1222
vn 0.9900 0.0881 -0.1102
vn 0.9903 0.0843 -0.1102
vn 0.9875 0.1127 -0.1106
vn 0.9870 0.1166 -0.1106
vn -0.9926 -0.0133 0.1208
vn -0.9928 -0.0412 0.1126
vn -0.9927 -0.0452 0.1114
vn -0.9927 -0.0174 0.1196
vn -0.2694 -0.9545 -0.1278
vn -0.6128 -0.6487 -0.4512
vn -0.6098 -0.6498 -0.4538
vn -0.1431 -0.9888 -0.0426
vn -0.0716 -0.9929 -0.0949
vn -0.0081 -0.9988 -0.0485
vn -0.0185 -0.9986 -0.0488
vn -0.0266 -0.9996 0.0041
vn 0.0234 -0.9992 -0.0335
vn -0.0142 -0.9997 0.0203
vn -0.0142 -0.9997 0.0204
vn -0.7717 -0.2949 -0.5635
vn -0.7718 -0.2949 -0.5633
vn -0.7828 -0.2956 -0.5476
vn -0.7829 -0.2956 -0.5474
vn -0.8188 -0.0235 -0.5737
vn -0.8188 -0.0235 -0.5736
vn -0.8196 -0.0236 -0.5724
vn -0.8197 -0.0236 -0.5724
vn -0.6561 -0.5612 -0.5046
vn -0.6559 -0.5612 -0.5049
vn -0.6770 -0.5625 -0.4746
vn -0.6772 -0.5625 -0.4743
vn -0.8015 0.2614 -0.5378
vn -0.7470 0.4558 -0.4839
vn -0.7301 0.4569 -0.5082
vn -0.7916 0.2620 -0.5521
vn -0.8203 0.0120 -0.5718
vn -0.8198 0.0120 -0.5725
vn -0.8187 -0.0246 -0.5737
vn -0.8196 -0.0247 -0.5724
vn -0.3581 0.9174 -0.1735
vn -0.3579 0.9175 -0.1738
vn -0.3233 0.9196 -0.2233
vn -0.3235 0.9196 -0.2230
vn -0.2363 -0.9650 -0.1138
vn -0.2715 -0.9588 -0.0840
vn -0.2453 -0.9636 -0.1062
vn -0.2099 -0.9683 -0.1357
vn -0.6935 -0.5856 -0.4197
vn -0.6693 -0.6117 -0.4217
vn -0.6403 -0.6410 -0.4232
vn -0.6691 -0.6120 -0.4217
vn -0.2009 -0.9793 0.0240
vn -0.4076 -0.9024 -0.1395
vn -0.1141 -0.9930 -0.0316
vn -0.1759 -0.9829 -0.0536
vn -0.0700 -0.9974 -0.0158
vn -0.0061 -1.0000 0.0069
vn -0.0393 -0.9987 0.0313
vn -0.0757 -0.9971 0.0098
vn 0.1164 0.1076 0.9874
vn 0.0968 0.0512 0.9940
vn 0.0957 0.0479 0.9943
vn 0.1150 0.1035 0.9880
vn 0.8199 -0.0000 0.5725
vn -0.1003 0.0312 -0.9945
vn -0.1000 0.0339 -0.9944
vn -0.1056 -0.0237 -0.9941
vn -0.1059 -0.0273 -0.9940
vn -0.9829 0.0999 0.1546
vn -0.9906 0.0596 0.1235
vn -0.9911 0.0563 0.1209
vn -0.9833 0.0983 0.1534
vn 0.9872 -0.0246 -0.1574
vn 0.9871 -0.0252 -0.1579
vn 0.9916 0.0144 -0.1285
vn 0.9917 0.0157 -0.1275
vn 0.9927 0.0258 -0.1180
vn 0.9925 0.0297 -0.1185
vn 0.9934 0.0013 -0.1151
vn 0.9934 -0.0026 -0.1146
vn -0.9907 0.0700 0.1168
vn -0.9903 0.0742 0.1176
vn -0.9926 0.0457 0.1124
vn -0.9929 0.0416 0.1116
vn -0.3408 -0.9398 -0.0257
vn -0.6616 -0.6456 -0.3814
vn -0.6586 -0.6472 -0.3838
vn -0.2170 -0.9741 0.0633
vn -0.1462 -0.9892 0.0119
vn -0.0832 -0.9948 0.0590
vn -0.0935 -0.9939 0.0586
vn -0.1015 -0.9886 0.1113
vn -0.0517 -0.9959 0.0741
vn -0.0890 -0.9878 0.1275
vn -0.7940 -0.2950 -0.5315
vn -0.7939 -0.2950 -0.5317
vn -0.8050 -0.2932 -0.5158
vn -0.8051 -0.2932 -0.5156
vn -0.8205 -0.0235 -0.5711
vn -0.8214 -0.0234 -0.5698
vn -0.8214 -0.0234 -0.5699
vn -0.6984 -0.5614 -0.4440
vn -0.6981 -0.5614 -0.4443
vn -0.7192 -0.5579 -0.4142
vn -0.7194 -0.5578 -0.4138
vn -0.7818 0.2615 -0.5660
vn -0.7127 0.4559 -0.5331
vn -0.6958 0.4531 -0.5573
vn -0.7719 0.2598 -0.5802
vn -0.8194 0.0120 -0.5731
vn -0.8190 0.0119 -0.5737
vn -0.8205 -0.0246 -0.5711
vn -0.8215 -0.0245 -0.5697
vn -0.2888 0.9177 -0.2728
vn -0.2890 0.9177 -0.2725
vn -0.2544 0.9119 -0.3220
vn -0.2546 0.9119 -0.3218
vn -0.2824 -0.9588 -0.0318
vn -0.3084 -0.9512 -0.0105
vn -0.3430 -0.9392 0.0184
vn -0.3173 -0.9483 -0.0031
vn -0.7148 -0.6018 -0.3562
vn -0.7372 -0.5736 -0.3572
vn -0.7150 -0.6016 -0.3562
vn -0.6883 -0.6329 -0.3545
vn -0.2736 -0.9532 0.1282
vn -0.4747 -0.8791 -0.0434
vn -0.1446 -0.9853 0.0911
vn -0.0810 -0.9901 0.1143
vn -0.1884 -0.9792 0.0748
vn -0.2493 -0.9670 0.0515
vn -0.1139 -0.9838 0.1382
vn -0.1502 -0.9818 0.1165
vn 0.1264 0.2000 0.9716
vn 0.1281 0.2040 0.9706
vn 0.1044 0.1503 0.9831
vn 0.1030 0.1471 0.9837
vn -0.1017 -0.0683 -0.9925
vn -0.1012 -0.0657 -0.9927
vn -0.1111 -0.1224 -0.9862
vn -0.1117 -0.1259 -0.9857
vn -0.9836 0.1431 0.1101
vn -0.9725 0.1876 0.1379
vn -0.9720 0.1893 0.1390
vn -0.9828 0.1466 0.1123
vn 0.9894 -0.0738 -0.1253
vn 0.9896 -0.0724 -0.1244
vn 0.9820 -0.1153 -0.1499
vn 0.9818 -0.1159 -0.1502
vn 0.9913 -0.0615 -0.1161
vn 0.9915 -0.0577 -0.1170
vn 0.9902 -0.0855 -0.1105
vn 0.9900 -0.0893 -0.1096
vn -0.9859 0.1318 0.1028
vn -0.9865 0.1277 0.1025
vn -0.9822 0.1562 0.1046
vn -0.9815 0.1605 0.1049
vn -0.4104 -0.9089 0.0740
vn -0.7097 -0.6314 -0.3126
vn -0.7068 -0.6335 -0.3147
vn -0.2892 -0.9427 0.1667
vn -0.2199 -0.9684 0.1175
vn -0.1573 -0.9736 0.1652
vn -0.1675 -0.9720 0.1647
vn -0.1749 -0.9605 0.2164
vn -0.1260 -0.9755 0.1804
vn -0.1623 -0.9590 0.2325
vn -0.8161 -0.2900 -0.4999
vn -0.8159 -0.2901 -0.5001
vn -0.8268 -0.2857 -0.4846
vn -0.8269 -0.2856 -0.4844
vn -0.8223 -0.0231 -0.5686
vn -0.8232 -0.0228 -0.5674
vn -0.8231 -0.0228 -0.5674
vn -0.7403 -0.5518 -0.3840
vn -0.7401 -0.5519 -0.3843
vn -0.7607 -0.5436 -0.3548
vn -0.7609 -0.5435 -0.3545
vn -0.7623 0.2570 -0.5940
vn -0.6787 0.4482 -0.5818
vn -0.6621 0.4415 -0.6055
vn -0.7526 0.2531 -0.6079
vn -0.8185 0.0118 -0.5744
vn -0.8181 0.0116 -0.5750
vn -0.8224 -0.0242 -0.5684
vn -0.8233 -0.0238 -0.5671
vn -0.2204 0.9022 -0.3706
vn -0.2203 0.9022 -0.3709
vn -0.1866 0.8885 -0.4191
vn -0.1868 0.8886 -0.4189
vn -0.3789 -0.9210 0.0905
vn -0.4124 -0.9034 0.1177
vn -0.3875 -0.9167 0.0974
vn -0.3537 -0.9327 0.0702
vn -0.7352 -0.6139 -0.2873
vn -0.7593 -0.5813 -0.2924
vn -0.7795 -0.5517 -0.2965
vn -0.7595 -0.5810 -0.2925
vn -0.3438 -0.9108 0.2287
vn -0.5394 -0.8406 0.0493
vn -0.2610 -0.9487 0.1788
vn -0.3209 -0.9345 0.1541
vn -0.2177 -0.9562 0.1958
vn -0.1545 -0.9633 0.2196
vn -0.1868 -0.9520 0.2426
vn -0.2229 -0.9495 0.2207
vn 0.1194 0.2467 0.9617
vn 0.1177 0.2438 0.9627
vn 0.1450 0.2932 0.9450
vn 0.1470 0.2969 0.9435
vn -0.1239 -0.2189 -0.9678
vn -0.1248 -0.2223 -0.9670
vn -0.1105 -0.1667 -0.9798
vn -0.1099 -0.1641 -0.9803
vn -0.9686 0.2311 0.0920
vn -0.9696 0.2274 0.0901
vn -0.9551 0.2737 0.1131
vn -0.9545 0.2755 0.1139
vn 0.9805 -0.1608 -0.1126
vn 0.9809 -0.1593 -0.1119
vn 0.9699 -0.2040 -0.1327
vn 0.9698 -0.2047 -0.1330
vn -0.8199 0.0001 -0.5725
vn 0.9800 -0.1746 -0.0954
vn 0.9834 -0.1478 -0.1048
vn 0.9839 -0.1441 -0.1061
vn 0.9805 -0.1709 -0.0967
vn -0.9673 0.2398 0.0832
vn -0.9662 0.2439 0.0831
vn -0.9728 0.2156 0.0841
vn -0.9737 0.2115 0.0842
vn -0.7563 -0.6063 -0.2458
vn -0.7536 -0.6088 -0.2477
vn -0.4771 -0.8624 0.1695
vn -0.3584 -0.8950 0.2657
vn -0.2914 -0.9310 0.2199
vn -0.2292 -0.9357 0.2681
vn -0.2455 -0.9159 0.3176
vn -0.2393 -0.9334 0.2674
vn -0.1980 -0.9383 0.2836
vn -0.2328 -0.9136 0.3335
vn -0.2328 -0.9135 0.3335
vn -0.8375 -0.2800 -0.4692
vn -0.8374 -0.2801 -0.4694
vn -0.8479 -0.2732 -0.4543
vn -0.8478 -0.2733 -0.4545
vn -0.8240 -0.0223 -0.5661
vn -0.8240 -0.0224 -0.5662
vn -0.8248 -0.0218 -0.5649
vn -0.8248 -0.0218 -0.5650
vn -0.7811 -0.5328 -0.3255
vn -0.7809 -0.5330 -0.3258
vn -0.8007 -0.5200 -0.2974
vn -0.8009 -0.5199 -0.2971
vn -0.6455 0.4327 -0.6294
vn -0.7433 0.2482 -0.6212
vn -0.7340 0.2421 -0.6346
vn -0.6296 0.4223 -0.6521
vn -0.8177 0.0113 -0.5756
vn -0.8172 0.0111 -0.5762
vn -0.8242 -0.0234 -0.5659
vn -0.8251 -0.0228 -0.5646
vn -0.1537 0.8712 -0.4663
vn -0.1535 0.8711 -0.4665
vn -0.1213 0.8500 -0.5126
vn -0.1211 0.8499 -0.5129
vn -0.4784 -0.8520 0.2124
vn -0.4548 -0.8693 0.1937
vn -0.4223 -0.8906 0.1685
vn -0.4465 -0.8749 0.1873
vn -0.8021 -0.5505 -0.2314
vn -0.7803 -0.5844 -0.2227
vn -0.8019 -0.5508 -0.2314
vn -0.8199 -0.5204 -0.2387
vn -0.6007 -0.7876 0.1371
vn -0.4102 -0.8526 0.3238
vn -0.2254 -0.9198 0.3212
vn -0.3306 -0.9017 0.2786
vn -0.3894 -0.8858 0.2523
vn -0.2880 -0.9106 0.2965
vn -0.2926 -0.9009 0.3205
vn -0.2567 -0.9037 0.3427
vn 0.1704 0.3813 0.9086
vn 0.1726 0.3846 0.9068
vn 0.1414 0.3389 0.9301
vn 0.1396 0.3362 0.9314
vn -0.1439 -0.3118 -0.9392
vn -0.1450 -0.3150 -0.9380
vn -0.1267 -0.2623 -0.9566
vn -0.1259 -0.2599 -0.9574
vn -0.9481 0.3116 0.0627
vn -0.9495 0.3078 0.0613
vn -0.9315 0.3551 0.0791
vn -0.9307 0.3569 0.0798
vn 0.9513 -0.2893 -0.1061
vn 0.9511 -0.2900 -0.1063
vn 0.9652 -0.2453 -0.0908
vn 0.9656 -0.2438 -0.0903
vn 0.9645 -0.2534 -0.0738
vn 0.9638 -0.2569 -0.0721
vn 0.9691 -0.2316 -0.0843
vn 0.9698 -0.2281 -0.0860
vn -0.9449 0.3232 0.0525
vn -0.9536 0.2957 0.0565
vn -0.9548 0.2918 0.0571
vn -0.9462 0.3192 0.0531
vn -0.5397 -0.8010 0.2592
vn -0.8006 -0.5708 -0.1823
vn -0.7981 -0.5737 -0.1840
vn -0.4234 -0.8318 0.3589
vn -0.3595 -0.8775 0.3175
vn -0.2976 -0.8817 0.3661
vn -0.3075 -0.8787 0.3651
vn -0.3122 -0.8555 0.4132
vn -0.2666 -0.8849 0.3819
vn -0.2667 -0.8849 0.3819
vn -0.2993 -0.8524 0.4287
vn -0.8581 -0.2652 -0.4398
vn -0.8579 -0.2653 -0.4400
vn -0.8677 -0.2562 -0.4259
vn -0.8679 -0.2561 -0.4257
vn -0.8256 -0.0212 -0.5638
vn -0.8264 -0.0205 -0.5627
vn -0.8264 -0.0204 -0.5627
vn -0.8202 -0.5046 -0.2695
vn -0.8200 -0.5048 -0.2698
vn -0.8388 -0.4872 -0.2428
vn -0.8386 -0.4874 -0.2431
vn -0.7251 0.2351 -0.6473
vn -0.6138 0.4098 -0.6748
vn -0.5988 0.3959 -0.6962
vn -0.7163 0.2269 -0.6599
vn -0.8168 0.0107 -0.5768
vn -0.8164 0.0104 -0.5774
vn -0.8259 -0.0222 -0.5634
vn -0.8267 -0.0214 -0.5622
vn -0.0898 0.8251 -0.5578
vn -0.0897 0.8250 -0.5580
vn -0.0592 0.7965 -0.6017
vn -0.0593 0.7967 -0.6015
vn -0.5179 -0.8069 0.2841
vn -0.4872 -0.8332 0.2615
vn -0.5101 -0.8138 0.2784
vn -0.5401 -0.7860 0.3007
vn -0.8229 -0.5447 -0.1618
vn -0.8419 -0.5108 -0.1741
vn -0.8576 -0.4801 -0.1847
vn -0.8421 -0.5105 -0.1742
vn -0.4717 -0.7797 0.4119
vn -0.6576 -0.7210 0.2185
vn -0.3543 -0.8493 0.3914
vn -0.2924 -0.8605 0.4172
vn -0.3962 -0.8392 0.3724
vn -0.4537 -0.8219 0.3444
vn -0.3223 -0.8399 0.4367
vn -0.3580 -0.8368 0.4142
vn 0.1702 0.4253 0.8889
vn 0.1682 0.4229 0.8904
vn 0.2021 0.4628 0.8631
vn 0.2047 0.4657 0.8609
vn -0.1488 -0.3509 -0.9245
vn -0.1706 -0.3990 -0.9009
vn -0.1720 -0.4020 -0.8993
vn -0.1499 -0.3532 -0.9235
vn -0.9019 0.4304 0.0368
vn -0.9010 0.4322 0.0373
vn -0.9219 0.3867 0.0250
vn -0.9235 0.3830 0.0240
vn 0.9266 -0.3694 -0.0705
vn 0.9263 -0.3701 -0.0707
vn 0.9438 -0.3251 -0.0600
vn 0.9443 -0.3236 -0.0596
vn 0.9425 -0.3314 -0.0423
vn 0.9415 -0.3346 -0.0403
vn 0.9487 -0.3113 -0.0551
vn 0.9497 -0.3080 -0.0571
vn -0.9285 0.3708 0.0206
vn -0.9300 0.3670 0.0215
vn -0.9194 0.3931 0.0147
vn -0.9178 0.3969 0.0137
vn -0.8419 -0.5254 -0.1232
vn -0.8396 -0.5287 -0.1245
vn -0.5972 -0.7258 0.3416
vn -0.4831 -0.7544 0.4444
vn -0.4230 -0.8089 0.4084
vn -0.3614 -0.8124 0.4575
vn -0.3710 -0.8089 0.4561
vn -0.3738 -0.7803 0.5014
vn -0.3307 -0.8163 0.4737
vn -0.3607 -0.7766 0.5166
vn -0.8773 -0.2458 -0.4122
vn -0.8772 -0.2460 -0.4124
vn -0.8862 -0.2347 -0.3994
vn -0.8863 -0.2345 -0.3993
vn -0.8272 -0.0196 -0.5616
vn -0.8279 -0.0187 -0.5606
vn -0.8568 -0.4677 -0.2171
vn -0.8566 -0.4680 -0.2174
vn -0.8738 -0.4465 -0.1927
vn -0.8740 -0.4462 -0.1925
vn -0.5840 0.3798 -0.7174
vn -0.7080 0.2179 -0.6717
vn -0.5702 0.3626 -0.7371
vn -0.7000 0.2078 -0.6833
vn -0.8160 0.0100 -0.5779
vn -0.8157 0.0095 -0.5784
vn -0.8275 -0.0206 -0.5611
vn -0.8283 -0.0196 -0.5600
vn -0.0299 0.7649 -0.6435
vn -0.0298 0.7647 -0.6437
vn -0.0018 0.7297 -0.6838
vn -0.0017 0.7295 -0.6840
vn -0.5686 -0.7386 0.3621
vn -0.5963 -0.7065 0.3812
vn -0.5757 -0.7306 0.3671
vn -0.5472 -0.7614 0.3475
vn -0.8620 -0.4957 -0.1057
vn -0.8785 -0.4619 -0.1217
vn -0.8919 -0.4315 -0.1356
vn -0.8787 -0.4616 -0.1218
vn -0.5271 -0.6934 0.4913
vn -0.7089 -0.6421 0.2920
vn -0.3545 -0.7864 0.5060
vn -0.4565 -0.7623 0.4588
vn -0.5127 -0.7438 0.4288
vn -0.4154 -0.7734 0.4789
vn -0.3826 -0.7616 0.5231
vn -0.4181 -0.7583 0.5002
vn 0.2052 0.5043 0.8388
vn 0.2030 0.5023 0.8405
vn 0.2398 0.5363 0.8092
vn 0.2425 0.5388 0.8068
vn -0.2037 -0.4796 -0.8535
vn -0.2053 -0.4823 -0.8516
vn -0.1796 -0.4380 -0.8808
vn -0.1785 -0.4360 -0.8821
vn -0.8659 0.5000 -0.0130
vn -0.8902 0.4552 -0.0204
vn -0.8920 0.4515 -0.0210
vn -0.8669 0.4983 -0.0133
vn 0.8956 -0.4440 -0.0268
vn 0.9165 -0.3995 -0.0209
vn 0.9172 -0.3980 -0.0207
vn 0.8960 -0.4433 -0.0267
vn 0.9149 -0.4037 -0.0026
vn 0.9136 -0.4066 -0.0003
vn 0.9225 -0.3856 -0.0175
vn 0.9237 -0.3826 -0.0199
vn -0.8873 0.4602 -0.0313
vn -0.8854 0.4638 -0.0327
vn -0.8980 0.4394 -0.0231
vn -0.8998 0.4359 -0.0218
vn -0.6485 -0.6381 0.4151
vn -0.8794 -0.4710 -0.0695
vn -0.8774 -0.4745 -0.0704
vn -0.5365 -0.6639 0.5209
vn -0.4808 -0.7263 0.4912
vn -0.4195 -0.7292 0.5406
vn -0.4288 -0.7251 0.5389
vn -0.4292 -0.6917 0.5808
vn -0.3890 -0.7336 0.5572
vn -0.4158 -0.6874 0.5955
vn -0.8949 -0.2222 -0.3870
vn -0.8948 -0.2224 -0.3871
vn -0.9029 -0.2091 -0.3755
vn -0.9030 -0.2089 -0.3754
vn -0.8286 -0.0178 -0.5596
vn -0.8292 -0.0167 -0.5587
vn -0.8903 -0.4228 -0.1691
vn -0.8901 -0.4231 -0.1693
vn -0.9057 -0.3975 -0.1470
vn -0.9056 -0.3978 -0.1472
vn -0.5568 0.3433 -0.7564
vn -0.6924 0.1970 -0.6941
vn -0.5444 0.3230 -0.7741
vn -0.6852 0.1851 -0.7045
vn -0.8153 0.0090 -0.5789
vn -0.8150 0.0084 -0.5794
vn -0.8290 -0.0186 -0.5590
vn -0.8297 -0.0175 -0.5580
vn 0.0250 0.6912 -0.7222
vn 0.0249 0.6914 -0.7220
vn 0.0501 0.6501 -0.7582
vn 0.0502 0.6499 -0.7584
vn -0.6209 -0.6508 0.4370
vn -0.6461 -0.6147 0.4525
vn -0.6274 -0.6417 0.4411
vn -0.6014 -0.6765 0.4250
vn -0.9223 -0.3754 -0.0921
vn -0.9113 -0.4049 -0.0751
vn -0.8972 -0.4382 -0.0553
vn -0.9112 -0.4052 -0.0749
vn -0.7538 -0.5520 0.3564
vn -0.5756 -0.5951 0.5608
vn -0.4702 -0.6842 0.5575
vn -0.4104 -0.6987 0.5861
vn -0.5105 -0.6723 0.5362
vn -0.5653 -0.6529 0.5041
vn -0.4365 -0.6702 0.6003
vn -0.4717 -0.6667 0.5770
vn 0.2826 0.6006 0.7479
vn 0.2855 0.6026 0.7452
vn 0.2458 0.5747 0.7806
vn 0.2435 0.5730 0.7826
vn -0.2155 -0.5154 -0.8294
vn -0.2142 -0.5136 -0.8309
vn -0.2426 -0.5518 -0.7979
vn -0.2443 -0.5542 -0.7958
vn -0.8272 0.5576 -0.0702
vn -0.8260 0.5592 -0.0701
vn -0.8536 0.5158 -0.0727
vn -0.8558 0.5122 -0.0729
vn 0.8601 -0.5095 0.0247
vn 0.8597 -0.5102 0.0247
vn 0.8838 -0.4671 0.0258
vn 0.8846 -0.4656 0.0259
vn 0.8805 -0.4716 0.0471
vn 0.8909 -0.4533 0.0278
vn 0.8923 -0.4508 0.0251
vn 0.8820 -0.4691 0.0444
vn -0.8482 0.5226 -0.0859
vn -0.8626 0.5005 -0.0738
vn -0.8646 0.4972 -0.0721
vn -0.8504 0.5194 -0.0841
vn -0.6928 -0.5394 0.4786
vn -0.9125 -0.4085 -0.0221
vn -0.9108 -0.4122 -0.0226
vn -0.5827 -0.5621 0.5870
vn -0.5319 -0.6313 0.5644
vn -0.4708 -0.6334 0.6141
vn -0.4798 -0.6288 0.6119
vn -0.4775 -0.5912 0.6499
vn -0.4407 -0.6382 0.6312
vn -0.4637 -0.5863 0.6642
vn -0.9106 -0.1947 -0.3645
vn -0.9105 -0.1949 -0.3646
vn -0.9176 -0.1799 -0.3545
vn -0.9177 -0.1797 -0.3544
vn -0.8298 -0.0156 -0.5578
vn -0.8304 -0.0144 -0.5570
vn -0.9202 -0.3705 -0.1263
vn -0.9200 -0.3708 -0.1265
vn -0.9335 -0.3423 -0.1073
vn -0.9336 -0.3420 -0.1071
vn -0.5326 0.3009 -0.7911
vn -0.6785 0.1727 -0.7140
vn -0.5218 0.2779 -0.8065
vn -0.6722 0.1592 -0.7230
vn -0.8147 0.0079 -0.5798
vn -0.8144 0.0072 -0.5803
vn -0.8303 -0.0163 -0.5571
vn -0.8309 -0.0150 -0.5562
vn 0.0737 0.6060 -0.7920
vn 0.0738 0.6058 -0.7922
vn 0.0958 0.5591 -0.8236
vn 0.0956 0.5594 -0.8234
vn -0.6885 -0.5124 0.5132
vn -0.6720 -0.5418 0.5049
vn -0.6487 -0.5800 0.4928
vn -0.6662 -0.5517 0.5019
vn -0.9394 -0.3411 -0.0348
vn -0.9277 -0.3731 -0.0116
vn -0.9393 -0.3414 -0.0346
vn -0.9482 -0.3129 -0.0550
vn -0.6164 -0.4866 0.6191
vn -0.7916 -0.4525 0.4105
vn -0.5573 -0.5706 0.6032
vn -0.6106 -0.5508 0.5690
vn -0.5180 -0.5831 0.6258
vn -0.4592 -0.5990 0.6560
vn -0.5181 -0.5636 0.6434
vn -0.4831 -0.5672 0.6670
vn 0.2889 0.6338 0.7175
vn 0.3298 0.6546 0.6802
vn 0.3328 0.6561 0.6773
vn 0.2914 0.6351 0.7153
vn -0.2555 -0.5823 -0.7718
vn -0.2865 -0.6146 -0.7350
vn -0.2884 -0.6165 -0.7326
vn -0.2569 -0.5839 -0.7701
vn -0.8128 0.5676 -0.1312
vn -0.8152 0.5641 -0.1310
vn -0.7833 0.6072 -0.1330
vn -0.7821 0.6088 -0.1331
vn 0.8200 0.0000 0.5724
vn 0.8465 -0.5265 0.0794
vn 0.8474 -0.5251 0.0793
vn 0.8196 -0.5669 0.0827
vn 0.8192 -0.5675 0.0828
vn -0.8200 -0.0000 -0.5724
vn 0.8429 -0.5285 0.1010
vn 0.8545 -0.5132 0.0799
vn 0.8561 -0.5111 0.0769
vn 0.8445 -0.5265 0.0981
vn -0.8094 0.5696 -0.1429
vn -0.8070 0.5725 -0.1450
vn -0.8230 0.5529 -0.1306
vn -0.8252 0.5500 -0.1285
vn -0.9406 -0.3390 0.0183
vn -0.9392 -0.3428 0.0181
vn -0.7294 -0.4314 0.5310
vn -0.6208 -0.4505 0.6416
vn -0.5755 -0.5254 0.6268
vn -0.5144 -0.5267 0.6767
vn -0.5179 -0.4805 0.7077
vn -0.5231 -0.5217 0.6739
vn -0.4848 -0.5319 0.6943
vn -0.5037 -0.4752 0.7215
vn -0.9241 -0.1639 -0.3452
vn -0.9240 -0.1642 -0.3453
vn -0.9299 -0.1477 -0.3369
vn -0.9300 -0.1474 -0.3368
vn -0.8309 -0.0131 -0.5562
vn -0.8314 -0.0118 -0.5556
vn -0.9459 -0.3119 -0.0895
vn -0.9458 -0.3123 -0.0897
vn -0.9569 -0.2809 -0.0737
vn -0.9570 -0.2805 -0.0735
vn -0.5117 0.2533 -0.8210
vn -0.6665 0.1454 -0.7312
vn -0.6613 0.1306 -0.7387
vn -0.5027 0.2281 -0.8338
vn -0.8142 0.0066 -0.5806
vn -0.8139 0.0059 -0.5810
vn -0.8314 -0.0137 -0.5555
vn -0.8319 -0.0124 -0.5548
vn 0.1159 0.5100 -0.8523
vn 0.1158 0.5102 -0.8522
vn 0.1341 0.4587 -0.8784
vn 0.1340 0.4589 -0.8783
vn -0.7036 -0.4431 0.5555
vn -0.7229 -0.4013 0.5625
vn -0.7087 -0.4325 0.5574
vn -0.6884 -0.4734 0.5496
vn -0.9624 -0.2718 -0.0016
vn -0.9692 -0.2451 -0.0249
vn -0.9624 -0.2715 -0.0018
vn -0.9531 -0.3015 0.0248
vn -0.8217 -0.3451 0.4536
vn -0.6486 -0.3697 0.6653
vn -0.5577 -0.4721 0.6827
vn -0.5002 -0.4889 0.7147
vn -0.5960 -0.4591 0.6587
vn -0.6479 -0.4392 0.6224
vn -0.5563 -0.4508 0.6981
vn -0.5216 -0.4545 0.7221
vn 0.3410 0.6846 0.6442
vn 0.3385 0.6838 0.6464
vn 0.3807 0.6973 0.6073
vn 0.3838 0.6982 0.6043
vn -0.3347 -0.6667 -0.6659
vn -0.3367 -0.6683 -0.6633
vn -0.3031 -0.6423 -0.7040
vn -0.3015 -0.6410 -0.7058
vn -0.7712 0.6063 -0.1941
vn -0.7361 0.6464 -0.2007
vn -0.7347 0.6479 -0.2009
vn -0.7685 0.6096 -0.1946
vn 0.7751 -0.6147 0.1465
vn 0.7746 -0.6153 0.1466
vn 0.8049 -0.5769 0.1389
vn 0.8059 -0.5756 0.1386
vn 0.8031 -0.5747 0.1575
vn 0.8013 -0.5763 0.1606
vn 0.8139 -0.5643 0.1380
vn 0.8157 -0.5626 0.1348
vn -0.7624 0.6125 -0.2089
vn -0.7797 0.5958 -0.1926
vn -0.7822 0.5933 -0.1902
vn -0.7650 0.6101 -0.2065
vn -0.7575 -0.3159 0.5713
vn -0.9633 -0.2635 0.0507
vn -0.9622 -0.2675 0.0510
vn -0.6502 -0.3312 0.6838
vn -0.6107 -0.4104 0.6772
vn -0.5497 -0.4109 0.7273
vn -0.5580 -0.4056 0.7239
vn -0.5496 -0.3616 0.7531
vn -0.5205 -0.4164 0.7455
vn -0.5350 -0.3559 0.7663
vn -0.9351 -0.1305 -0.3294
vn -0.9352 -0.1303 -0.3293
vn -0.9398 -0.1126 -0.3227
vn -0.9397 -0.1128 -0.3228
vn -0.8318 -0.0105 -0.5550
vn -0.8318 -0.0104 -0.5550
vn -0.8322 -0.0090 -0.5544
vn -0.9670 -0.2479 -0.0593
vn -0.9669 -0.2483 -0.0594
vn -0.9757 -0.2142 -0.0468
vn -0.9756 -0.2146 -0.0470
vn -0.4946 0.2013 -0.8455
vn -0.6567 0.1156 -0.7452
vn -0.4876 0.1743 -0.8555
vn -0.6526 0.0997 -0.7511
vn -0.8137 0.0052 -0.5813
vn -0.8135 0.0045 -0.5815
vn -0.8323 -0.0109 -0.5542
vn -0.8327 -0.0094 -0.5536
vn 0.1503 0.4054 -0.9017
vn 0.1502 0.4057 -0.9016
vn 0.1645 0.3503 -0.9221
vn 0.1645 0.3506 -0.9220
vn -0.7326 -0.3268 0.5971
vn -0.7487 -0.2832 0.5994
vn -0.7368 -0.3158 0.5978
vn -0.7197 -0.3587 0.5945
vn -0.9800 -0.1974 0.0237
vn -0.9849 -0.1730 -0.0023
vn -0.9801 -0.1972 0.0235
vn -0.9729 -0.2248 0.0532
vn -0.6718 -0.2465 0.6985
vn -0.8434 -0.2319 0.4847
vn -0.5325 -0.3704 0.7610
vn -0.6261 -0.3398 0.7018
vn -0.6764 -0.3200 0.6634
vn -0.5887 -0.3529 0.7272
vn -0.5512 -0.3339 0.7646
vn -0.5857 -0.3303 0.7402
vn 0.4344 0.7280 0.5305
vn 0.4375 0.7283 0.5274
vn 0.3940 0.7223 0.5683
vn 0.3914 0.7219 0.5706
vn -0.3533 -0.6896 -0.6322
vn -0.3516 -0.6887 -0.6341
vn -0.3865 -0.7074 -0.5918
vn -0.3886 -0.7085 -0.5891
vn -0.6849 0.6758 -0.2723
vn -0.7214 0.6410 -0.2621
vn -0.7243 0.6381 -0.2612
vn -0.6864 0.6745 -0.2719
vn 0.7269 -0.6523 0.2149
vn 0.7600 -0.6173 0.2033
vn 0.7610 -0.6161 0.2029
vn 0.7274 -0.6517 0.2147
vn 0.7565 -0.6142 0.2248
vn 0.7699 -0.6057 0.2011
vn 0.7717 -0.6044 0.1977
vn 0.7583 -0.6130 0.2216
vn -0.7179 0.6400 -0.2739
vn -0.7151 0.6419 -0.2765
vn -0.7336 0.6284 -0.2586
vn -0.7362 0.6265 -0.2560
vn -0.9801 -0.1836 0.0749
vn -0.9793 -0.1876 0.0756
vn -0.7768 -0.1951 0.5988
vn -0.6704 -0.2061 0.7128
vn -0.6370 -0.2883 0.7149
vn -0.5761 -0.2881 0.7650
vn -0.5839 -0.2826 0.7610
vn -0.5721 -0.2364 0.7854
vn -0.5472 -0.2938 0.7838
vn -0.5570 -0.2304 0.7979
vn -0.9437 -0.0944 -0.3172
vn -0.9436 -0.0947 -0.3172
vn -0.9468 -0.0761 -0.3126
vn -0.9469 -0.0758 -0.3126
vn -0.8325 -0.0076 -0.5540
vn -0.8327 -0.0061 -0.5536
vn -0.9831 -0.1797 -0.0362
vn -0.9830 -0.1801 -0.0363
vn -0.9891 -0.1447 -0.0276
vn -0.9892 -0.1443 -0.0275
vn -0.4815 0.1458 -0.8642
vn -0.6492 0.0838 -0.7560
vn -0.6463 0.0671 -0.7601
vn -0.4766 0.1174 -0.8712
vn -0.8134 0.0038 -0.5817
vn -0.8132 0.0030 -0.5819
vn -0.8331 -0.0080 -0.5531
vn -0.8333 -0.0064 -0.5527
vn 0.1766 0.2938 -0.9394
vn 0.1766 0.2941 -0.9393
vn 0.1866 0.2363 -0.9536
vn 0.1866 0.2359 -0.9537
vn -0.7421 -0.2378 0.6266
vn -0.7526 -0.2050 0.6257
vn -0.7654 -0.1603 0.6233
vn -0.7560 -0.1937 0.6253
vn -0.9951 -0.0979 0.0123
vn -0.9920 -0.1195 0.0405
vn -0.9868 -0.1442 0.0731
vn -0.9920 -0.1197 0.0408
vn -0.6856 -0.1190 0.7182
vn -0.8564 -0.1146 0.5034
vn -0.6106 -0.2276 0.7585
vn -0.5557 -0.2456 0.7943
vn -0.6470 -0.2145 0.7317
vn -0.6958 -0.1953 0.6911
vn -0.6058 -0.2040 0.7690
vn -0.5716 -0.2076 0.7938
vn 0.4930 0.7459 0.4479
vn 0.4494 0.7476 0.4890
vn 0.4468 0.7476 0.4914
vn 0.4899 0.7461 0.4510
vn -0.4408 -0.7359 -0.5140
vn -0.4430 -0.7365 -0.5112
vn -0.4065 -0.7251 -0.5559
vn -0.4048 -0.7245 -0.5579
vn -0.6755 0.6588 -0.3311
vn -0.6350 0.6910 -0.3455
vn -0.6334 0.6921 -0.3460
vn -0.6724 0.6614 -0.3323
vn 0.6774 -0.6776 0.2864
vn 0.6768 -0.6781 0.2867
vn 0.7123 -0.6472 0.2715
vn 0.7135 -0.6462 0.2710
vn 0.7111 -0.6408 0.2892
vn 0.7092 -0.6415 0.2925
vn 0.7231 -0.6366 0.2681
vn 0.7250 -0.6358 0.2646
vn -0.6855 0.6503 -0.3275
vn -0.6882 0.6488 -0.3247
vn -0.6690 0.6589 -0.3439
vn -0.6661 0.6603 -0.3468
vn -0.9903 -0.1044 0.0913
vn -0.7868 -0.0709 0.6132
vn -0.9908 -0.1005 0.0902
vn -0.6811 -0.0776 0.7280
vn -0.6539 -0.1613 0.7392
vn -0.5929 -0.1603 0.7891
vn -0.6004 -0.1546 0.7846
vn -0.5850 -0.1071 0.8039
vn -0.5645 -0.1660 0.8086
vn -0.5695 -0.1010 0.8158
vn -0.9494 -0.0569 -0.3090
vn -0.9493 -0.0572 -0.3090
vn -0.9511 -0.0380 -0.3065
vn -0.9511 -0.0378 -0.3065
vn -0.8329 -0.0046 -0.5533
vn -0.8331 -0.0031 -0.5531
vn -0.9939 -0.1083 -0.0207
vn -0.9939 -0.1087 -0.0208
vn -0.9973 -0.0718 -0.0159
vn -0.9973 -0.0722 -0.0159
vn -0.4727 0.0879 -0.8768
vn -0.6441 0.0505 -0.7632
vn -0.4700 0.0586 -0.8807
vn -0.6425 0.0334 -0.7655
vn -0.8131 0.0023 -0.5821
vn -0.8131 0.0015 -0.5822
vn -0.8335 -0.0048 -0.5525
vn -0.8337 -0.0032 -0.5522
vn 0.1944 0.1771 -0.9648
vn 0.1943 0.1774 -0.9648
vn 0.1999 0.1175 -0.9727
vn 0.1999 0.1178 -0.9727
vn -0.7633 -0.0796 0.6411
vn -0.7727 -0.0346 0.6338
vn -0.7659 -0.0682 0.6394
vn -0.7553 -0.1128 0.6455
vn -0.9980 -0.0399 0.0494
vn -0.9996 -0.0211 0.0187
vn -0.9980 -0.0397 0.0491
vn -0.9946 -0.0612 0.0842
vn -0.8606 0.0047 0.5093
vn -0.6896 0.0106 0.7241
vn -0.6229 -0.0984 0.7761
vn -0.5694 -0.1165 0.8138
vn -0.6583 -0.0856 0.7479
vn -0.7057 -0.0672 0.7053
vn -0.5824 -0.0777 0.8092
vn -0.6163 -0.0743 0.7840
vn 0.5494 0.7506 0.3672
vn 0.5061 0.7600 0.4077
vn 0.5035 0.7605 0.4100
vn 0.5463 0.7514 0.3702
vn -0.4968 -0.7517 -0.4337
vn -0.4990 -0.7519 -0.4309
vn -0.4620 -0.7481 -0.4764
vn -0.4603 -0.7478 -0.4785
vn -0.6255 0.6682 -0.4027
vn -0.5828 0.6955 -0.4203
vn -0.5811 0.6965 -0.4209
vn -0.6222 0.6705 -0.4041
vn 0.6252 -0.6922 0.3605
vn 0.6630 -0.6658 0.3422
vn 0.6643 -0.6649 0.3416
vn 0.6258 -0.6918 0.3603
vn 0.6623 -0.6576 0.3592
vn 0.6603 -0.6577 0.3625
vn 0.6745 -0.6565 0.3378
vn 0.6764 -0.6563 0.3343
vn -0.6191 0.6664 -0.4154
vn -0.6161 0.6673 -0.4184
vn -0.6361 0.6609 -0.3983
vn -0.6389 0.6599 -0.3953
vn -0.9950 -0.0195 0.0980
vn -0.7874 0.0546 0.6140
vn -0.9952 -0.0157 0.0964
vn -0.6821 0.0524 0.7294
vn -0.6612 -0.0315 0.7496
vn -0.6001 -0.0297 0.7994
vn -0.6071 -0.0240 0.7943
vn -0.5882 0.0240 0.8084
vn -0.5721 -0.0354 0.8194
vn -0.5722 0.0302 0.8196
vn -0.9522 -0.0184 -0.3049
vn -0.9522 -0.0187 -0.3050
vn -0.9525 0.0007 -0.3045
vn -0.9525 0.0010 -0.3045
vn -0.8332 -0.0015 -0.5530
vn -0.8332 -0.0016 -0.5530
vn -0.8332 0.0000 -0.5530
vn -0.9993 -0.0351 -0.0130
vn -0.9993 -0.0355 -0.0130
vn -0.9999 0.0014 -0.0121
vn -0.9999 0.0018 -0.0121
vn -0.4683 0.0284 -0.8831
vn -0.6416 0.0164 -0.7668
vn -0.6413 -0.0009 -0.7673
vn -0.4678 -0.0013 -0.8838
vn -0.8130 0.0007 -0.5822
vn -0.8130 -0.0001 -0.5822
vn -0.8338 -0.0016 -0.5521
vn -0.8338 0.0000 -0.5521
vn 0.2032 0.0574 -0.9775
vn 0.2032 0.0577 -0.9774
vn 0.2042 -0.0026 -0.9789
vn 0.2042 -0.0030 -0.9789
vn -0.7646 0.0472 0.6428
vn -0.7705 0.0917 0.6308
vn -0.7662 0.0585 0.6399
vn -0.7591 0.0141 0.6509
vn -0.9980 0.0406 0.0494
vn -0.9983 0.0560 0.0168
vn -0.9980 0.0407 0.0491
vn -0.9960 0.0230 0.0862
vn -0.6840 0.1400 0.7160
vn -0.8557 0.1238 0.5024
vn -0.7059 0.0620 0.7056
vn -0.6254 0.0325 0.7797
vn -0.5732 0.0146 0.8193
vn -0.6598 0.0448 0.7501
vn -0.5833 0.0535 0.8105
vn -0.6169 0.0568 0.7850
vn 0.5633 0.7593 0.3258
vn 0.5608 0.7602 0.3280
vn 0.6025 0.7437 0.2896
vn 0.6056 0.7423 0.2867
vn -0.5535 -0.7546 -0.3525
vn -0.5557 -0.7542 -0.3497
vn -0.5187 -0.7581 -0.3952
vn -0.5170 -0.7583 -0.3972
vn -0.5307 0.6881 -0.4949
vn -0.5290 0.6889 -0.4956
vn -0.5718 0.6679 -0.4763
vn -0.5753 0.6661 -0.4747
vn 0.6125 -0.6731 0.4145
vn 0.6137 -0.6724 0.4138
vn 0.5736 -0.6941 0.4350
vn 0.5730 -0.6944 0.4353
vn 0.6247 -0.6652 0.4091
vn 0.6266 -0.6655 0.4056
vn 0.6125 -0.6630 0.4304
vn 0.6106 -0.6626 0.4338
vn -0.5691 0.6625 -0.4871
vn -0.5660 0.6629 -0.4901
vn -0.5864 0.6601 -0.4695
vn -0.5893 0.6597 -0.4665
vn -0.7786 0.1791 0.6014
vn -0.9932 0.0695 0.0935
vn -0.9933 0.0658 0.0955
vn -0.6733 0.1814 0.7168
vn -0.6586 0.0988 0.7459
vn -0.5974 0.1014 0.7955
vn -0.5814 0.1547 0.7988
vn -0.6040 0.1070 0.7898
vn -0.5698 0.0958 0.8162
vn -0.5650 0.1609 0.8093
vn -0.9521 0.0204 -0.3050
vn -0.9521 0.0201 -0.3050
vn -0.9510 0.0394 -0.3066
vn -0.9510 0.0397 -0.3067
vn -0.8332 0.0016 -0.5530
vn -0.8331 0.0031 -0.5531
vn -0.9992 0.0388 -0.0132
vn -0.9992 0.0384 -0.0131
vn -0.9970 0.0751 -0.0162
vn -0.9970 0.0755 -0.0162
vn -0.4685 -0.0316 -0.8829
vn -0.6417 -0.0180 -0.7668
vn -0.6427 -0.0352 -0.7653
vn -0.4702 -0.0611 -0.8805
vn -0.8130 -0.0009 -0.5822
vn -0.8131 -0.0017 -0.5821
vn -0.8338 0.0016 -0.5521
vn -0.8337 0.0033 -0.5522
vn 0.2030 -0.0630 -0.9772
vn 0.2030 -0.0633 -0.9771
vn 0.1995 -0.1231 -0.9721
vn 0.1995 -0.1234 -0.9721
vn -0.7563 0.1731 0.6310
vn -0.7589 0.2165 0.6141
vn -0.7571 0.1842 0.6268
vn -0.7532 0.1408 0.6425
vn -0.9912 0.1322 0.0067
vn -0.9919 0.1205 0.0404
vn -0.9911 0.1067 0.0792
vn -0.9919 0.1203 0.0407
vn -0.6687 0.2669 0.6940
vn -0.8420 0.2409 0.4827
vn -0.6516 0.1745 0.7383
vn -0.6964 0.1902 0.6920
vn -0.6180 0.1628 0.7691
vn -0.5672 0.1454 0.8107
vn -0.5743 0.1839 0.7977
vn -0.6077 0.1868 0.7718
vn 0.6578 0.7232 0.2105
vn 0.6607 0.7213 0.2077
vn 0.6200 0.7455 0.2446
vn 0.6175 0.7468 0.2468
vn -0.5757 -0.7552 -0.3136
vn -0.5740 -0.7556 -0.3156
vn -0.6100 -0.7444 -0.2717
vn -0.6121 -0.7436 -0.2689
vn -0.4796 0.6688 -0.5681
vn -0.4778 0.6694 -0.5689
vn -0.5221 0.6539 -0.5476
vn -0.5256 0.6526 -0.5458
vn 0.5211 -0.6846 0.5097
vn 0.5620 -0.6687 0.4868
vn 0.5634 -0.6681 0.4861
vn 0.5217 -0.6844 0.5093
vn 0.5609 -0.6561 0.5049
vn 0.5747 -0.6623 0.4807
vn 0.5766 -0.6632 0.4772
vn 0.5628 -0.6570 0.5016
vn -0.5371 0.6480 -0.5400
vn -0.5400 0.6481 -0.5370
vn -0.5198 0.6472 -0.5577
vn -0.5167 0.6470 -0.5607
vn -0.9848 0.1534 0.0815
vn -0.9851 0.1500 0.0839
vn -0.7605 0.3005 0.5756
vn -0.6549 0.3073 0.6904
vn -0.6464 0.2275 0.7283
vn -0.5849 0.2307 0.7776
vn -0.5650 0.2828 0.7752
vn -0.5911 0.2362 0.7713
vn -0.5577 0.2253 0.7989
vn -0.5481 0.2887 0.7850
vn -0.9492 0.0586 -0.3093
vn -0.9491 0.0588 -0.3093
vn -0.9466 0.0775 -0.3129
vn -0.9466 0.0777 -0.3130
vn -0.8329 0.0046 -0.5533
vn -0.8327 0.0061 -0.5536
vn -0.9935 0.1119 -0.0213
vn -0.9935 0.1115 -0.0212
vn -0.9887 0.1475 -0.0282
vn -0.9886 0.1479 -0.0283
vn -0.6443 -0.0520 -0.7630
vn -0.4731 -0.0910 -0.8763
vn -0.4770 -0.1199 -0.8707
vn -0.6466 -0.0689 -0.7597
vn -0.8132 -0.0024 -0.5820
vn -0.8133 -0.0032 -0.5819
vn -0.8335 0.0048 -0.5524
vn -0.8333 0.0064 -0.5528
vn 0.1937 -0.1829 -0.9639
vn 0.1937 -0.1826 -0.9639
vn 0.1857 -0.2417 -0.9524
vn 0.1858 -0.2413 -0.9525
vn -0.7386 0.2961 0.6057
vn -0.7381 0.3375 0.5843
vn -0.7386 0.3067 0.6003
vn -0.7379 0.2650 0.6206
vn -0.9799 0.1981 0.0232
vn -0.9800 0.1886 0.0633
vn -0.9799 0.1980 0.0236
vn -0.9785 0.2061 -0.0116
vn -0.6440 0.3893 0.6586
vn -0.8196 0.3538 0.4506
vn -0.6774 0.3151 0.6647
vn -0.6009 0.2903 0.7447
vn -0.5514 0.2737 0.7881
vn -0.6337 0.3011 0.7126
vn -0.5557 0.3110 0.7710
vn -0.5889 0.3137 0.7449
vn 0.6728 0.7206 0.1676
vn 0.7110 0.6903 0.1343
vn 0.7138 0.6879 0.1317
vn 0.6751 0.7189 0.1657
vn -0.6303 -0.7400 -0.2350
vn -0.6651 -0.7214 -0.1926
vn -0.6672 -0.7202 -0.1900
vn -0.6319 -0.7392 -0.2330
vn -0.4286 0.6383 -0.6394
vn -0.4738 0.6286 -0.6168
vn -0.4774 0.6277 -0.6148
vn -0.4304 0.6380 -0.6385
vn 0.4710 -0.6629 0.5820
vn 0.4703 -0.6630 0.5824
vn 0.5123 -0.6528 0.5581
vn 0.5137 -0.6524 0.5573
vn 0.5122 -0.6383 0.5747
vn 0.5254 -0.6481 0.5513
vn 0.5272 -0.6494 0.5480
vn 0.5140 -0.6397 0.5715
vn -0.4921 0.6253 -0.6057
vn -0.4720 0.6207 -0.6261
vn -0.4690 0.6199 -0.6291
vn -0.4892 0.6247 -0.6087
vn -0.9702 0.2346 0.0606
vn -0.9708 0.2316 0.0633
vn -0.7335 0.4168 0.5369
vn -0.6272 0.4279 0.6508
vn -0.6245 0.3522 0.6971
vn -0.5628 0.3561 0.7460
vn -0.5390 0.4059 0.7380
vn -0.5686 0.3613 0.7391
vn -0.5360 0.3510 0.7678
vn -0.5217 0.4117 0.7472
vn -0.9433 0.0960 -0.3176
vn -0.9433 0.0963 -0.3177
vn -0.9394 0.1142 -0.3233
vn -0.9393 0.1144 -0.3234
vn -0.8325 0.0076 -0.5540
vn -0.8322 0.0091 -0.5545
vn -0.9825 0.1828 -0.0371
vn -0.9824 0.1832 -0.0372
vn -0.9749 0.2173 -0.0479
vn -0.9748 0.2177 -0.0480
vn -0.4821 -0.1489 -0.8634
vn -0.6495 -0.0852 -0.7556
vn -0.6530 -0.1014 -0.7505
vn -0.4882 -0.1766 -0.8547
vn -0.8134 -0.0039 -0.5817
vn -0.8136 -0.0047 -0.5815
vn -0.8331 0.0080 -0.5531
vn -0.8327 0.0095 -0.5536
vn 0.1756 -0.2991 -0.9379
vn 0.1755 -0.2994 -0.9379
vn 0.1632 -0.3558 -0.9202
vn 0.1633 -0.3555 -0.9203
vn -0.7119 0.4140 0.5674
vn -0.7083 0.4526 0.5417
vn -0.7111 0.4239 0.5609
vn -0.7135 0.3847 0.5856
vn -0.9622 0.2724 -0.0022
vn -0.9628 0.2673 0.0387
vn -0.9622 0.2723 -0.0018
vn -0.9603 0.2764 -0.0376
vn -0.6103 0.5049 0.6104
vn -0.7890 0.4606 0.4067
vn -0.6064 0.4225 0.6736
vn -0.6492 0.4346 0.6243
vn -0.5745 0.4129 0.7068
vn -0.5261 0.3973 0.7519
vn -0.5277 0.4328 0.7309
vn -0.5607 0.4351 0.7045
vn 0.7613 0.6454 0.0622
vn 0.7639 0.6426 0.0600
vn 0.7278 0.6798 0.0902
vn 0.7256 0.6819 0.0920
vn -0.6849 -0.7116 -0.1567
vn -0.7181 -0.6860 -0.1167
vn -0.7201 -0.6844 -0.1142
vn -0.6865 -0.7104 -0.1548
vn -0.3839 0.5962 -0.7051
vn -0.3821 0.5963 -0.7060
vn -0.4278 0.5925 -0.6826
vn -0.4315 0.5921 -0.6806
vn 0.4224 -0.6300 0.6517
vn 0.4217 -0.6300 0.6521
vn 0.4643 -0.6256 0.6270
vn 0.4657 -0.6254 0.6261
vn 0.4669 -0.6113 0.6390
vn 0.4652 -0.6095 0.6420
vn 0.4775 -0.6227 0.6198
vn 0.4792 -0.6245 0.6167
vn -0.4267 0.5835 -0.6910
vn -0.4238 0.5822 -0.6939
vn -0.4435 0.5906 -0.6742
vn -0.4463 0.5918 -0.6713
vn -0.9504 0.3091 0.0341
vn -0.6980 0.5258 0.4861
vn -0.9496 0.3119 0.0311
vn -0.5907 0.5411 0.5986
vn -0.5936 0.4708 0.6527
vn -0.5315 0.4754 0.7011
vn -0.5369 0.4802 0.6937
vn -0.5041 0.5221 0.6880
vn -0.5051 0.4706 0.7235
vn -0.4863 0.5275 0.6966
vn -0.9347 0.1320 -0.3300
vn -0.9348 0.1318 -0.3299
vn -0.9295 0.1489 -0.3375
vn -0.9294 0.1491 -0.3376
vn -0.8318 0.0105 -0.5550
vn -0.8314 0.0118 -0.5556
vn -0.9661 0.2509 -0.0605
vn -0.9660 0.2512 -0.0606
vn -0.9561 0.2834 -0.0749
vn -0.9560 0.2837 -0.0750
vn -0.4954 -0.2041 -0.8443
vn -0.6571 -0.1169 -0.7447
vn -0.5035 -0.2302 -0.8328
vn -0.6618 -0.1322 -0.7379
vn -0.8138 -0.0054 -0.5812
vn -0.8140 -0.0061 -0.5809
vn -0.8323 0.0109 -0.5542
vn -0.8319 0.0124 -0.5548
vn 0.1489 -0.4104 -0.8997
vn 0.1488 -0.4107 -0.8996
vn 0.1324 -0.4638 -0.8760
vn 0.1325 -0.4635 -0.8761
vn -0.6702 0.5600 0.4871
vn -0.6751 0.5338 0.5093
vn -0.6803 0.4978 0.5380
vn -0.6765 0.5247 0.5167
vn -0.9370 0.3420 -0.0710
vn -0.9391 0.3419 -0.0353
vn -0.9399 0.3413 0.0059
vn -0.9391 0.3419 -0.0349
vn -0.5682 0.6119 0.5502
vn -0.7506 0.5594 0.3517
vn -0.4918 0.5141 0.7027
vn -0.5703 0.5367 0.6219
vn -0.6122 0.5465 0.5714
vn -0.5390 0.5283 0.6560
vn -0.4908 0.5471 0.6781
vn -0.5236 0.5491 0.6514
vn 0.7771 0.6291 0.0197
vn 0.7750 0.6316 0.0212
vn 0.8078 0.5895 -0.0044
vn 0.8101 0.5862 -0.0063
vn -0.7384 -0.6695 -0.0804
vn -0.7370 -0.6709 -0.0821
vn -0.7680 -0.6388 -0.0453
vn -0.7699 -0.6368 -0.0430
vn -0.3410 0.5441 -0.7666
vn -0.3392 0.5440 -0.7675
vn -0.3849 0.5461 -0.7440
vn -0.3886 0.5463 -0.7420
vn 0.3765 -0.5862 0.7173
vn 0.3759 -0.5862 0.7177
vn 0.4184 -0.5877 0.6925
vn 0.4198 -0.5877 0.6916
vn 0.4320 -0.5866 0.6851
vn 0.4335 -0.5888 0.6822
vn 0.4223 -0.5724 0.7028
vn 0.4208 -0.5702 0.7056
vn -0.4006 0.5464 -0.7355
vn -0.4033 0.5480 -0.7328
vn -0.3846 0.5362 -0.7514
vn -0.3817 0.5344 -0.7541
vn -0.9244 0.3814 -0.0031
vn -0.6547 0.6258 0.4240
vn -0.9234 0.3837 -0.0064
vn -0.5461 0.6450 0.5346
vn -0.5539 0.5814 0.5960
vn -0.4915 0.5864 0.6439
vn -0.4966 0.5908 0.6359
vn -0.4607 0.6293 0.6259
vn -0.4655 0.5821 0.6667
vn -0.4426 0.6342 0.6340
vn -0.9235 0.1655 -0.3460
vn -0.9236 0.1653 -0.3459
vn -0.9171 0.1811 -0.3553
vn -0.9170 0.1813 -0.3554
vn -0.8309 0.0132 -0.5563
vn -0.8309 0.0131 -0.5562
vn -0.8304 0.0144 -0.5570
vn -0.9447 0.3150 -0.0912
vn -0.9448 0.3146 -0.0910
vn -0.9324 0.3446 -0.1088
vn -0.9323 0.3449 -0.1090
vn -0.6670 -0.1466 -0.7305
vn -0.5127 -0.2559 -0.8195
vn -0.5227 -0.2799 -0.8053
vn -0.6728 -0.1607 -0.7221
vn -0.8142 -0.0068 -0.5805
vn -0.8145 -0.0074 -0.5801
vn -0.8314 0.0137 -0.5555
vn -0.8309 0.0151 -0.5563
vn 0.1141 -0.5146 -0.8498
vn 0.1140 -0.5149 -0.8497
vn 0.0937 -0.5638 -0.8206
vn 0.0938 -0.5635 -0.8208
vn -0.6244 0.6577 0.4214
vn -0.6311 0.6345 0.4463
vn -0.6388 0.6023 0.4787
vn -0.6332 0.6264 0.4547
vn -0.9109 0.4056 -0.0753
vn -0.9090 0.4017 -0.1111
vn -0.9109 0.4056 -0.0756
vn -0.9117 0.4095 -0.0346
vn -0.5185 0.7083 0.4790
vn -0.7051 0.6487 0.2866
vn -0.5672 0.6491 0.5069
vn -0.4953 0.6346 0.5933
vn -0.4490 0.6220 0.6415
vn -0.5259 0.6416 0.5583
vn -0.4457 0.6520 0.6134
vn -0.4784 0.6535 0.5865
vn 0.8221 0.5676 -0.0449
vn 0.8203 0.5703 -0.0436
vn 0.8497 0.5234 -0.0644
vn 0.8518 0.5198 -0.0659
vn -0.7855 -0.6187 -0.0126
vn -0.8139 -0.5806 0.0205
vn -0.8156 -0.5782 0.0225
vn -0.7869 -0.6170 -0.0110
vn -0.3459 0.4904 -0.7999
vn -0.3496 0.4910 -0.7979
vn -0.3023 0.4827 -0.8220
vn -0.3005 0.4823 -0.8228
vn 0.3338 -0.5323 0.7780
vn 0.3760 -0.5396 0.7533
vn 0.3774 -0.5398 0.7524
vn 0.3345 -0.5324 0.7776
vn 0.3811 -0.5237 0.7619
vn 0.3797 -0.5210 0.7644
vn 0.3896 -0.5403 0.7458
vn 0.3909 -0.5430 0.7432
vn -0.3641 0.4949 -0.7890
vn -0.3463 0.4797 -0.8062
vn -0.3436 0.4775 -0.8087
vn -0.3615 0.4927 -0.7915
vn -0.6042 0.7150 0.3517
vn -0.8921 0.4490 -0.0513
vn -0.8932 0.4471 -0.0478
vn -0.4940 0.7378 0.4600
vn -0.5064 0.6819 0.5278
vn -0.4436 0.6873 0.5752
vn -0.4483 0.6912 0.5668
vn -0.4097 0.7256 0.5528
vn -0.4178 0.6836 0.5985
vn -0.3912 0.7300 0.5604
vn -0.9100 0.1960 -0.3654
vn -0.9099 0.1962 -0.3655
vn -0.9023 0.2101 -0.3763
vn -0.9022 0.2103 -0.3765
vn -0.8298 0.0156 -0.5578
vn -0.8292 0.0167 -0.5587
vn -0.9188 0.3733 -0.1283
vn -0.9189 0.3730 -0.1281
vn -0.9044 0.3998 -0.1489
vn -0.9042 0.4001 -0.1491
vn -0.6791 -0.1738 -0.7132
vn -0.5338 -0.3033 -0.7894
vn -0.5454 -0.3248 -0.7727
vn -0.6859 -0.1864 -0.7034
vn -0.8148 -0.0080 -0.5797
vn -0.8151 -0.0086 -0.5793
vn -0.8303 0.0163 -0.5571
vn -0.8296 0.0175 -0.5580
vn 0.0717 -0.6100 -0.7892
vn 0.0716 -0.6102 -0.7890
vn 0.0478 -0.6541 -0.7549
vn 0.0480 -0.6538 -0.7551
vn -0.5899 0.6964 0.4086
vn -0.5826 0.7173 0.3822
vn -0.5716 0.7441 0.3458
vn -0.5799 0.7243 0.3730
vn -0.8782 0.4624 -0.1221
vn -0.8768 0.4545 -0.1572
vn -0.8782 0.4623 -0.1224
vn -0.8785 0.4706 -0.0820
vn -0.6533 0.7267 0.2124
vn -0.4620 0.7925 0.3980
vn -0.4741 0.7355 0.4841
vn -0.5149 0.7405 0.4320
vn -0.4439 0.7300 0.5197
vn -0.3985 0.7192 0.5691
vn -0.4257 0.7468 0.5110
vn -0.3930 0.7457 0.5380
vn 0.8606 0.4992 -0.1013
vn 0.8862 0.4483 -0.1168
vn 0.8881 0.4444 -0.1179
vn 0.8622 0.4962 -0.1022
vn -0.8310 -0.5539 0.0521
vn -0.8297 -0.5558 0.0508
vn -0.8551 -0.5124 0.0794
vn -0.8566 -0.5096 0.0812
vn -0.3150 0.4273 -0.8475
vn -0.2686 0.4129 -0.8703
vn -0.2669 0.4123 -0.8711
vn -0.3114 0.4262 -0.8493
vn 0.3375 -0.4823 0.8084
vn 0.3389 -0.4827 0.8076
vn 0.2967 -0.4694 0.8317
vn 0.2960 -0.4692 0.8320
vn -0.8199 -0.0001 -0.5725
vn 0.3427 -0.4629 0.8175
vn 0.3510 -0.4848 0.8011
vn 0.3521 -0.4878 0.7988
vn 0.3438 -0.4659 0.8153
vn -0.3101 0.4123 -0.8566
vn -0.3268 0.4306 -0.8413
vn -0.3291 0.4332 -0.8391
vn -0.3126 0.4150 -0.8544
vn -0.8561 0.5065 -0.1028
vn -0.8574 0.5051 -0.0991
vn -0.5475 0.7919 0.2704
vn -0.4354 0.8179 0.3761
vn -0.4517 0.7707 0.4495
vn -0.3885 0.7764 0.4962
vn -0.3929 0.7797 0.4875
vn -0.3519 0.8095 0.4700
vn -0.3630 0.7733 0.5199
vn -0.3331 0.8132 0.4772
vn -0.8941 0.2235 -0.3882
vn -0.8942 0.2233 -0.3880
vn -0.8856 0.2355 -0.4004
vn -0.8855 0.2357 -0.4005
vn -0.8286 0.0178 -0.5596
vn -0.8279 0.0188 -0.5606
vn -0.8279 0.0187 -0.5606
vn -0.8889 0.4249 -0.1711
vn -0.8887 0.4252 -0.1714
vn -0.8725 0.4482 -0.1946
vn -0.8723 0.4485 -0.1949
vn -0.5582 -0.3454 -0.7544
vn -0.6931 -0.1980 -0.6931
vn -0.5714 -0.3641 -0.7355
vn -0.7008 -0.2089 -0.6821
vn -0.8154 -0.0091 -0.5788
vn -0.8158 -0.0096 -0.5783
vn -0.8290 0.0186 -0.5590
vn -0.8282 0.0196 -0.5600
vn 0.0225 -0.6951 -0.7186
vn 0.0226 -0.6949 -0.7188
vn -0.0042 -0.7329 -0.6803
vn -0.0044 -0.7331 -0.6801
vn 0.7654 0.0786 -0.6387
vn 0.7724 0.0449 -0.6335
vn 0.7628 0.0900 -0.6403
vn 0.7546 0.1232 -0.6445
vn 0.9977 0.0463 -0.0487
vn 0.9995 0.0275 -0.0185
vn 0.9977 0.0465 -0.0491
vn 0.9942 0.0680 -0.0836
vn 0.6705 0.0463 -0.7404
vn 0.8606 0.0052 -0.5093
vn 0.6897 0.0001 -0.7241
vn 0.6577 0.0963 -0.7471
vn 0.5686 0.1273 -0.8127
vn 0.6222 0.1091 -0.7752
vn 0.7053 0.0778 -0.7046
vn 0.5818 0.0885 -0.8085
vn 0.6158 0.0850 -0.7833
vn -0.5014 -0.7595 -0.4145
vn -0.5447 -0.7507 -0.3738
vn -0.5416 -0.7514 -0.3769
vn -0.4988 -0.7599 -0.4168
vn 0.4556 0.7464 0.4851
vn 0.4574 0.7467 0.4830
vn 0.4944 0.7511 0.4375
vn 0.4922 0.7509 0.4404
vn 0.6297 -0.6679 0.3968
vn 0.6264 -0.6702 0.3982
vn 0.5854 -0.6966 0.4148
vn 0.5871 -0.6956 0.4141
vn -0.6295 0.6915 -0.3544
vn -0.6301 0.6911 -0.3542
vn -0.6683 0.6638 -0.3358
vn -0.6670 0.6647 -0.3364
vn -0.6804 0.6551 -0.3285
vn -0.6785 0.6553 -0.3320
vn -0.6643 0.6568 -0.3567
vn -0.6663 0.6566 -0.3534
vn 0.6430 -0.6594 0.3895
vn 0.6402 -0.6604 0.3924
vn 0.6203 -0.6672 0.4125
vn 0.6232 -0.6662 0.4095
vn 0.9949 0.0265 -0.0978
vn 0.9951 0.0227 -0.0963
vn 0.7877 -0.0443 -0.6145
vn 0.6824 -0.0417 -0.7298
vn 0.6610 0.0422 -0.7492
vn 0.5999 0.0405 -0.7991
vn 0.6069 0.0348 -0.7940
vn 0.5883 -0.0132 -0.8086
vn 0.9823 0.0305 0.1847
vn 0.9823 0.0301 0.1847
vn 0.9817 0.0438 0.1852
vn 0.9830 0.0031 0.1838
vn 0.9830 0.0034 0.1838
vn 0.8831 0.0129 0.4690
vn 0.8832 0.0090 0.4689
vn 0.8832 0.0089 0.4689
vn 0.8834 0.0010 0.4686
vn 0.8834 0.0011 0.4686
vn 0.9981 0.0597 0.0141
vn 0.9990 0.0416 0.0133
vn 0.9991 0.0411 0.0133
vn 0.9999 0.0042 0.0121
vn 0.9999 0.0046 0.0121
vn 0.5935 -0.0235 0.8045
vn 0.4685 -0.0333 0.8828
vn 0.4689 -0.0485 0.8819
vn 0.5922 -0.0343 0.8050
vn 0.5930 -0.0024 0.8052
vn 0.4678 -0.0037 0.8838
vn 0.7742 -0.0056 0.6329
vn 0.7735 -0.0082 0.6338
vn 0.7741 -0.0005 0.6331
vn 0.8337 0.0026 0.5521
vn 0.8338 0.0019 0.5521
vn 0.8338 0.0003 0.5521
vn -0.2028 -0.0676 0.9769
vn -0.2028 -0.0673 0.9769
vn -0.2017 -0.0976 0.9746
vn -0.2042 -0.0070 0.9789
vn -0.2042 -0.0073 0.9789
vn 0.7711 -0.0814 -0.6315
vn 0.7648 -0.0367 -0.6432
vn 0.7591 -0.0036 -0.6510
vn 0.7666 -0.0481 -0.6404
vn 0.9986 -0.0497 -0.0173
vn 0.9982 -0.0339 -0.0497
vn 0.9961 -0.0161 -0.0864
vn 0.9982 -0.0341 -0.0494
vn 0.8565 -0.1141 -0.5034
vn 0.6848 -0.1294 -0.7171
vn 0.5733 -0.0038 -0.8194
vn 0.6255 -0.0217 -0.7799
vn 0.7063 -0.0514 -0.7061
vn 0.6601 -0.0341 -0.7504
vn 0.5836 -0.0428 -0.8109
vn 0.6172 -0.0460 -0.7854
vn -0.6010 -0.7435 -0.2932
vn -0.5979 -0.7448 -0.2962
vn -0.5561 -0.7607 -0.3348
vn -0.5586 -0.7598 -0.3325
vn 0.5140 0.7578 0.4019
vn 0.5511 0.7545 0.3564
vn 0.5488 0.7548 0.3592
vn 0.5123 0.7579 0.4040
vn 0.5349 -0.6891 0.4888
vn 0.5794 -0.6667 0.4688
vn 0.5760 -0.6686 0.4704
vn 0.5332 -0.6899 0.4895
vn -0.5773 0.6947 -0.4292
vn -0.5779 0.6943 -0.4289
vn -0.6180 0.6721 -0.4078
vn -0.6167 0.6729 -0.4085
vn -0.6166 0.6630 -0.4246
vn -0.6307 0.6651 -0.3997
vn -0.6288 0.6649 -0.4032
vn -0.6147 0.6626 -0.4279
vn 0.5933 -0.6601 0.4606
vn 0.5905 -0.6606 0.4636
vn 0.5701 -0.6637 0.4842
vn 0.5732 -0.6633 0.4812
vn 0.7797 -0.1689 -0.6030
vn 0.9936 -0.0588 -0.0960
vn 0.9936 -0.0625 -0.0941
vn 0.6744 -0.1709 -0.7184
vn 0.6592 -0.0881 -0.7468
vn 0.5980 -0.0907 -0.7964
vn 0.5823 -0.1441 -0.8001
vn 0.6046 -0.0963 -0.7907
vn 0.8201 -0.0000 0.5722
vn 0.8201 0.0000 0.5723
vn 0.8200 0.0000 0.5723
vn 0.9826 -0.0236 0.1843
vn 0.9826 -0.0239 0.1843
vn 0.9812 -0.0509 0.1864
vn 0.9812 -0.0506 0.1863
vn 0.8833 -0.0069 0.4687
vn 0.8833 -0.0070 0.4687
vn 0.8829 -0.0149 0.4693
vn 0.8829 -0.0150 0.4693
vn 0.9994 -0.0323 0.0128
vn 0.9994 -0.0327 0.0129
vn 0.9975 -0.0695 0.0156
vn 0.9975 -0.0691 0.0156
vn 0.5933 0.0186 0.8047
vn 0.4683 0.0267 0.8832
vn 0.5944 0.0396 0.8032
vn 0.4698 0.0562 0.8810
vn 0.7742 0.0044 0.6330
vn 0.7744 0.0095 0.6326
vn 0.8338 -0.0014 0.5521
vn 0.8337 -0.0030 0.5522
vn -0.2033 0.0534 0.9777
vn -0.2033 0.0531 0.9777
vn -0.2002 0.1132 0.9732
vn -0.2002 0.1135 0.9732
vn 0.7602 -0.2063 -0.6160
vn 0.7573 -0.1628 -0.6324
vn 0.7541 -0.1304 -0.6437
vn 0.7582 -0.1739 -0.6284
vn 0.9918 -0.0999 -0.0801
vn 0.9926 -0.1140 -0.0414
vn 0.9920 -0.1260 -0.0078
vn 0.9926 -0.1138 -0.0418
vn 0.8435 -0.2314 -0.4848
vn 0.6703 -0.2566 -0.6963
vn 0.6526 -0.1639 -0.7398
vn 0.5680 -0.1347 -0.8119
vn 0.6190 -0.1522 -0.7705
vn 0.6976 -0.1798 -0.6936
vn 0.6089 -0.1762 -0.7735
vn 0.5754 -0.1732 -0.7993
vn -0.6533 -0.7254 -0.2169
vn -0.6129 -0.7484 -0.2534
vn -0.6154 -0.7471 -0.2513
vn -0.6562 -0.7235 -0.2141
vn 0.5693 0.7563 0.3223
vn 0.5710 0.7559 0.3203
vn 0.6075 0.7450 0.2755
vn 0.6054 0.7457 0.2783
vn 0.5261 -0.6555 0.5418
vn 0.4820 -0.6714 0.5629
vn 0.4837 -0.6708 0.5621
vn 0.5297 -0.6541 0.5400
vn -0.5675 0.6689 -0.4802
vn -0.5661 0.6695 -0.4809
vn -0.5253 0.6859 -0.5036
vn -0.5260 0.6856 -0.5033
vn -0.5669 0.6579 -0.4958
vn -0.5807 0.6638 -0.4714
vn -0.5788 0.6630 -0.4748
vn -0.5650 0.6571 -0.4991
vn 0.5440 -0.6495 0.5313
vn 0.5411 -0.6494 0.5343
vn 0.5207 -0.6487 0.5550
vn 0.5238 -0.6488 0.5520
vn 0.9857 -0.1465 -0.0829
vn 0.7624 -0.2907 -0.5782
vn 0.9860 -0.1431 -0.0852
vn 0.6567 -0.2971 -0.6931
vn 0.6477 -0.2170 -0.7303
vn 0.5863 -0.2202 -0.7796
vn 0.5667 -0.2724 -0.7776
vn 0.5925 -0.2257 -0.7733
vn 0.8202 -0.0001 0.5721
vn 0.8201 -0.0001 0.5722
vn 0.9788 -0.0773 0.1898
vn 0.9787 -0.0776 0.1898
vn 0.9753 -0.1040 0.1947
vn 0.9754 -0.1037 0.1946
vn 0.8822 -0.0227 0.4703
vn 0.8822 -0.0228 0.4704
vn 0.8812 -0.0306 0.4718
vn 0.8812 -0.0305 0.4718
vn 0.9942 -0.1055 0.0203
vn 0.9942 -0.1059 0.0203
vn 0.9895 -0.1420 0.0270
vn 0.9896 -0.1416 0.0269
vn 0.5963 0.0603 0.8005
vn 0.4725 0.0862 0.8771
vn 0.5990 0.0810 0.7967
vn 0.4763 0.1151 0.8717
vn 0.7749 0.0143 0.6319
vn 0.7755 0.0193 0.6310
vn 0.8336 -0.0046 0.5524
vn 0.8334 -0.0062 0.5527
vn -0.1948 0.1728 0.9655
vn -0.1948 0.1732 0.9654
vn -0.1872 0.2317 0.9546
vn -0.1872 0.2320 0.9545
vn 0.7396 -0.2550 -0.6229
vn 0.7405 -0.2968 -0.6030
vn 0.7401 -0.3277 -0.5872
vn 0.7404 -0.2861 -0.6082
vn 0.9797 -0.2001 0.0098
vn 0.9811 -0.1918 -0.0253
vn 0.9812 -0.1820 -0.0649
vn 0.9811 -0.1918 -0.0249
vn 0.8218 -0.3447 -0.4537
vn 0.6463 -0.3794 -0.6620
vn 0.5531 -0.2633 -0.7904
vn 0.6027 -0.2800 -0.7472
vn 0.6793 -0.3050 -0.6675
vn 0.6355 -0.2908 -0.7152
vn 0.5908 -0.3034 -0.7476
vn 0.5576 -0.3007 -0.7737
vn -0.6683 -0.7232 -0.1740
vn -0.6707 -0.7215 -0.1721
vn -0.7095 -0.6911 -0.1378
vn -0.7067 -0.6934 -0.1404
vn 0.6607 0.7238 0.1990
vn 0.6257 0.7418 0.2415
vn 0.6273 0.7410 0.2396
vn 0.6628 0.7226 0.1964
vn 0.4813 -0.6302 0.6093
vn 0.4777 -0.6311 0.6112
vn 0.4326 -0.6413 0.6337
vn 0.4344 -0.6409 0.6329
vn -0.5176 0.6541 -0.5515
vn -0.5162 0.6545 -0.5524
vn -0.4744 0.6653 -0.5765
vn -0.4751 0.6651 -0.5761
vn -0.5294 0.6497 -0.5456
vn -0.5161 0.6402 -0.5690
vn -0.5180 0.6415 -0.5658
vn -0.5312 0.6510 -0.5423
vn 0.4960 -0.6276 0.6001
vn 0.4931 -0.6270 0.6031
vn 0.4729 -0.6226 0.6236
vn 0.4759 -0.6232 0.6206
vn 0.9722 -0.2250 -0.0653
vn 0.9716 -0.2281 -0.0626
vn 0.7361 -0.4074 -0.5405
vn 0.6298 -0.4182 -0.6546
vn 0.6267 -0.3421 -0.7002
vn 0.5650 -0.3460 -0.7491
vn 0.5415 -0.3960 -0.7416
vn 0.5708 -0.3512 -0.7422
vn 0.5382 -0.3408 -0.7709
vn 0.8203 -0.0002 0.5720
vn 0.8202 -0.0002 0.5720
vn 0.9710 -0.1296 0.2009
vn 0.9709 -0.1299 0.2010
vn 0.9656 -0.1553 0.2087
vn 0.9656 -0.1550 0.2086
vn 0.8799 -0.0382 0.4736
vn 0.8799 -0.0383 0.4737
vn 0.8783 -0.0458 0.4759
vn 0.8783 -0.0457 0.4759
vn 0.9835 -0.1774 0.0356
vn 0.9836 -0.1770 0.0355
vn 0.9763 -0.2117 0.0460
vn 0.9762 -0.2121 0.0461
vn 0.6024 0.1011 0.7918
vn 0.4812 0.1442 0.8647
vn 0.6066 0.1209 0.7858
vn 0.4871 0.1720 0.8563
vn 0.7763 0.0239 0.6299
vn 0.7773 0.0287 0.6284
vn 0.8331 -0.0077 0.5531
vn 0.8328 -0.0092 0.5535
vn -0.1774 0.2896 0.9405
vn -0.1774 0.2899 0.9405
vn -0.1655 0.3463 0.9234
vn -0.1654 0.3466 0.9233
vn 0.7144 -0.4045 -0.5710
vn 0.7158 -0.3751 -0.5890
vn 0.7137 -0.4145 -0.5647
vn 0.7111 -0.4434 -0.5456
vn 0.9645 -0.2610 -0.0411
vn 0.9639 -0.2664 -0.0002
vn 0.9620 -0.2708 0.0352
vn 0.9639 -0.2664 -0.0006
vn 0.6134 -0.4957 -0.6148
vn 0.7918 -0.4521 -0.4108
vn 0.5770 -0.4030 -0.7104
vn 0.6518 -0.4250 -0.6281
vn 0.6090 -0.4128 -0.6773
vn 0.5286 -0.3874 -0.7553
vn 0.5634 -0.4254 -0.7083
vn 0.5303 -0.4230 -0.7347
vn -0.7573 -0.6496 -0.0680
vn -0.7214 -0.6856 -0.0981
vn -0.7236 -0.6835 -0.0963
vn -0.7599 -0.6468 -0.0657
vn 0.6821 0.7133 0.1611
vn 0.7159 0.6878 0.1203
vn 0.7139 0.6894 0.1228
vn 0.6805 0.7144 0.1630
vn 0.3876 -0.6000 0.6998
vn 0.4352 -0.5954 0.6753
vn 0.4315 -0.5958 0.6773
vn 0.3858 -0.6002 0.7007
vn -0.4256 0.6332 -0.6465
vn -0.4263 0.6331 -0.6461
vn -0.4694 0.6281 -0.6206
vn -0.4680 0.6283 -0.6215
vn -0.4707 0.6141 -0.6335
vn -0.4831 0.6270 -0.6112
vn -0.4814 0.6252 -0.6143
vn -0.4690 0.6123 -0.6365
vn 0.4303 -0.5869 0.6858
vn 0.4499 -0.5949 0.6661
vn 0.4471 -0.5938 0.6689
vn 0.4274 -0.5857 0.6887
vn 0.9523 -0.3029 -0.0368
vn 0.9515 -0.3057 -0.0339
vn 0.7013 -0.5172 -0.4907
vn 0.5940 -0.5321 -0.6033
vn 0.5964 -0.4613 -0.6568
vn 0.5344 -0.4658 -0.7053
vn 0.5398 -0.4707 -0.6979
vn 0.5073 -0.5129 -0.6926
vn 0.8203 -0.0004 0.5719
vn 0.8203 -0.0003 0.5719
vn 0.8203 -0.0003 0.5720
vn 0.9593 -0.1797 0.2176
vn 0.9593 -0.1800 0.2177
vn 0.9520 -0.2040 0.2281
vn 0.9521 -0.2037 0.2279
vn 0.8764 -0.0531 0.4786
vn 0.8765 -0.0530 0.4785
vn 0.8743 -0.0601 0.4816
vn 0.8743 -0.0600 0.4816
vn 0.9677 -0.2454 0.0583
vn 0.9676 -0.2458 0.0584
vn 0.9577 -0.2785 0.0726
vn 0.9578 -0.2781 0.0724
vn 0.4942 0.1997 0.8461
vn 0.6115 0.1401 0.7788
vn 0.5021 0.2260 0.8348
vn 0.6171 0.1588 0.7707
vn 0.7785 0.0332 0.6268
vn 0.7798 0.0377 0.6249
vn 0.8324 -0.0107 0.5541
vn 0.8320 -0.0121 0.5547
vn -0.1514 0.4015 0.9033
vn -0.1513 0.4017 0.9032
vn -0.1352 0.4552 0.8801
vn -0.1353 0.4549 0.8802
vn 0.6833 -0.4888 -0.5424
vn 0.6783 -0.5251 -0.5140
vn 0.6736 -0.5515 -0.4920
vn 0.6797 -0.5159 -0.5214
vn 0.9412 -0.3364 0.0319
vn 0.9420 -0.3354 -0.0089
vn 0.9412 -0.3364 0.0323
vn 0.9391 -0.3368 0.0679
vn 0.7540 -0.5516 -0.3566
vn 0.5720 -0.6035 -0.5556
vn 0.5423 -0.5191 -0.6607
vn 0.6156 -0.5376 -0.5762
vn 0.5736 -0.5276 -0.6266
vn 0.4950 -0.5048 -0.7072
vn 0.5270 -0.5400 -0.6562
vn 0.4942 -0.5380 -0.6829
vn -0.8065 -0.5913 0.0011
vn -0.8041 -0.5945 -0.0009
vn -0.7711 -0.6361 -0.0268
vn -0.7731 -0.6337 -0.0253
vn 0.7640 0.6431 0.0510
vn 0.7328 0.6747 0.0881
vn 0.7343 0.6733 0.0864
vn 0.7659 0.6411 0.0486
vn 0.3444 -0.5488 0.7617
vn 0.3920 -0.5504 0.7371
vn 0.3883 -0.5503 0.7392
vn 0.3426 -0.5487 0.7626
vn -0.4220 0.5912 -0.6873
vn -0.3795 0.5902 -0.7125
vn -0.3802 0.5902 -0.7121
vn -0.4234 0.5912 -0.6864
vn -0.4372 0.5921 -0.6769
vn -0.4356 0.5899 -0.6799
vn -0.4243 0.5738 -0.7005
vn -0.4259 0.5760 -0.6977
vn 0.3879 -0.5405 0.7466
vn 0.4067 -0.5520 0.7279
vn 0.4040 -0.5504 0.7306
vn 0.3850 -0.5387 0.7493
vn 0.9267 -0.3757 -0.0002
vn 0.9258 -0.3780 0.0030
vn 0.6585 -0.6180 -0.4295
vn 0.5500 -0.6369 -0.5403
vn 0.5575 -0.5726 -0.6011
vn 0.4951 -0.5776 -0.6490
vn 0.4646 -0.6209 -0.6314
vn 0.5002 -0.5820 -0.6411
vn 0.8204 -0.0005 0.5719
vn 0.8203 -0.0005 0.5719
vn 0.8204 -0.0006 0.5719
vn 0.8204 -0.0006 0.5718
vn 0.9440 -0.2267 0.2395
vn 0.9439 -0.2270 0.2397
vn 0.9350 -0.2491 0.2525
vn 0.9351 -0.2488 0.2523
vn 0.8719 -0.0669 0.4851
vn 0.8720 -0.0668 0.4850
vn 0.8693 -0.0734 0.4888
vn 0.8693 -0.0733 0.4888
vn 0.9468 -0.3096 0.0882
vn 0.9466 -0.3099 0.0884
vn 0.9344 -0.3401 0.1059
vn 0.9346 -0.3397 0.1057
vn 0.5111 0.2518 0.8218
vn 0.6234 0.1766 0.7617
vn 0.6304 0.1939 0.7517
vn 0.5210 0.2760 0.8077
vn 0.7813 0.0418 0.6228
vn 0.7830 0.0460 0.6204
vn 0.8315 -0.0135 0.5554
vn 0.8310 -0.0149 0.5561
vn -0.1172 0.5063 0.8543
vn -0.1171 0.5066 0.8542
vn -0.0973 0.5556 0.8257
vn -0.0972 0.5559 0.8256
vn 0.6350 -0.6266 -0.4519
vn 0.6284 -0.6501 -0.4272
vn 0.6370 -0.6184 -0.4602
vn 0.6425 -0.5941 -0.4840
vn 0.9134 -0.4006 0.0720
vn 0.9115 -0.3970 0.1075
vn 0.9134 -0.4007 0.0717
vn 0.9142 -0.4041 0.0310
vn 0.7091 -0.6417 -0.2923
vn 0.5229 -0.7008 -0.4852
vn 0.4529 -0.6135 -0.6469
vn 0.4992 -0.6262 -0.5989
vn 0.5712 -0.6410 -0.5126
vn 0.5299 -0.6334 -0.5640
vn 0.4824 -0.6453 -0.5923
vn 0.4497 -0.6438 -0.6192
vn -0.8186 -0.5730 0.0398
vn -0.8485 -0.5256 0.0613
vn -0.8464 -0.5292 0.0597
vn -0.8167 -0.5757 0.0386
vn 0.7831 0.6217 0.0165
vn 0.8120 0.5834 -0.0174
vn 0.8103 0.5858 -0.0153
vn 0.7817 0.6234 0.0181
vn 0.3526 -0.4959 0.7936
vn 0.3490 -0.4953 0.7955
vn 0.3035 -0.4877 0.8185
vn 0.3053 -0.4880 0.8177
vn -0.3808 0.5442 -0.7476
vn -0.3794 0.5439 -0.7485
vn -0.3371 0.5371 -0.7733
vn -0.3378 0.5372 -0.7729
vn -0.3929 0.5445 -0.7410
vn -0.3830 0.5254 -0.7598
vn -0.3843 0.5281 -0.7573
vn -0.3943 0.5471 -0.7384
vn 0.3646 -0.4975 0.7872
vn 0.3466 -0.4825 0.8044
vn 0.3493 -0.4847 0.8019
vn 0.3672 -0.4996 0.7846
vn 0.8960 -0.4420 0.0438
vn 0.8948 -0.4439 0.0473
vn 0.6086 -0.7081 -0.3580
vn 0.4985 -0.7306 -0.4665
vn 0.5106 -0.6740 -0.5338
vn 0.4478 -0.6795 -0.5812
vn 0.4142 -0.7181 -0.5592
vn 0.4526 -0.6834 -0.5729
vn 0.8204 -0.0008 0.5718
vn 0.8204 -0.0007 0.5718
vn 0.9252 -0.2701 0.2665
vn 0.9253 -0.2698 0.2663
vn 0.9147 -0.2899 0.2816
vn 0.9148 -0.2897 0.2814
vn 0.8664 -0.0795 0.4929
vn 0.8664 -0.0796 0.4930
vn 0.8633 -0.0855 0.4974
vn 0.8633 -0.0854 0.4973
vn 0.9212 -0.3684 0.1248
vn 0.9211 -0.3687 0.1250
vn 0.9069 -0.3955 0.1454
vn 0.9067 -0.3958 0.1456
vn 0.6379 0.2102 0.7408
vn 0.5319 0.2996 0.7920
vn 0.6462 0.2257 0.7290
vn 0.5435 0.3213 0.7755
vn 0.7847 0.0498 0.6178
vn 0.7867 0.0535 0.6150
vn 0.8304 -0.0161 0.5570
vn 0.8297 -0.0173 0.5579
vn -0.0755 0.6025 0.7945
vn -0.0754 0.6028 0.7944
vn -0.0519 0.6470 0.7607
vn -0.0520 0.6468 0.7609
vn 0.5870 -0.7103 -0.3885
vn 0.5942 -0.6891 -0.4148
vn 0.5844 -0.7173 -0.3794
vn 0.5762 -0.7375 -0.3524
vn 0.8796 -0.4504 0.1532
vn 0.8811 -0.4580 0.1180
vn 0.8814 -0.4659 0.0779
vn 0.8811 -0.4579 0.1183
vn 0.6578 -0.7207 -0.2188
vn 0.4669 -0.7861 -0.4050
vn 0.4786 -0.7282 -0.4905
vn 0.4030 -0.7117 -0.5755
vn 0.4484 -0.7226 -0.5262
vn 0.5195 -0.7334 -0.4385
vn 0.3976 -0.7384 -0.5446
vn 0.4303 -0.7396 -0.5176
vn -0.8835 -0.4547 0.1128
vn -0.8574 -0.5054 0.0969
vn -0.8591 -0.5024 0.0978
vn -0.8853 -0.4509 0.1140
vn 0.8534 0.5156 -0.0767
vn 0.8519 0.5184 -0.0749
vn 0.8263 0.5614 -0.0458
vn 0.8275 0.5594 -0.0472
vn 0.3177 -0.4328 0.8436
vn 0.3140 -0.4318 0.8455
vn 0.2694 -0.4184 0.8674
vn 0.2712 -0.4189 0.8666
vn -0.3418 0.4877 -0.8033
vn -0.3405 0.4873 -0.8041
vn -0.2990 0.4747 -0.8278
vn -0.2996 0.4749 -0.8275
vn -0.3467 0.4710 -0.8111
vn -0.3551 0.4927 -0.7944
vn -0.3540 0.4897 -0.7968
vn -0.3455 0.4680 -0.8134
vn 0.3152 -0.4206 0.8507
vn 0.3318 -0.4385 0.8352
vn 0.3294 -0.4360 0.8375
vn 0.3127 -0.4179 0.8530
vn 0.5523 -0.7861 -0.2774
vn 0.8605 -0.5006 0.0947
vn 0.8592 -0.5021 0.0983
vn 0.4405 -0.8118 -0.3833
vn 0.4564 -0.7638 -0.4563
vn 0.3932 -0.7696 -0.5031
vn 0.3569 -0.8031 -0.4772
vn 0.3977 -0.7729 -0.4944
vn 0.8204 -0.0010 0.5718
vn 0.8204 -0.0009 0.5718
vn 0.9036 -0.3083 0.2975
vn 0.9034 -0.3085 0.2977
vn 0.8915 -0.3258 0.3148
vn 0.8917 -0.3256 0.3146
vn 0.8600 -0.0910 0.5022
vn 0.8600 -0.0909 0.5021
vn 0.8565 -0.0961 0.5072
vn 0.8565 -0.0960 0.5071
vn 0.8915 -0.4209 0.1674
vn 0.8913 -0.4212 0.1676
vn 0.8751 -0.4448 0.1909
vn 0.8752 -0.4445 0.1907
vn 0.5561 0.3422 0.7574
vn 0.6549 0.2401 0.7166
vn 0.6642 0.2536 0.7032
vn 0.5691 0.3611 0.7387
vn 0.7888 0.0569 0.6121
vn 0.7910 0.0601 0.6089
vn 0.8291 -0.0184 0.5588
vn 0.8284 -0.0195 0.5599
vn -0.0269 0.6883 0.7249
vn -0.0268 0.6885 0.7247
vn -0.0001 0.7270 0.6866
vn -0.0003 0.7268 0.6868
vn 0.5178 -0.8122 -0.2688
vn 0.5305 -0.7899 -0.3076
vn 0.5392 -0.7723 -0.3360
vn 0.5274 -0.7957 -0.2978
vn 0.8447 -0.5074 0.1700
vn 0.8443 -0.5196 0.1310
vn 0.8447 -0.5073 0.1704
vn 0.8439 -0.4960 0.2043
vn 0.6010 -0.7873 -0.1375
vn 0.4050 -0.8578 -0.3164
vn 0.4207 -0.8105 -0.4076
vn 0.3462 -0.7975 -0.4941
vn 0.3908 -0.8065 -0.4437
vn 0.4612 -0.8131 -0.3551
vn 0.3715 -0.8210 -0.4335
vn 0.3389 -0.8204 -0.4606
vn -0.8939 -0.4232 0.1477
vn -0.9161 -0.3684 0.1581
vn -0.9146 -0.3725 0.1574
vn -0.8925 -0.4263 0.1471
vn 0.8881 0.4420 -0.1267
vn 0.8659 0.4897 -0.1025
vn 0.8670 0.4875 -0.1036
vn 0.8893 0.4389 -0.1281
vn 0.2877 -0.3623 0.8865
vn 0.2842 -0.3608 0.8883
vn 0.2408 -0.3418 0.9084
vn 0.2425 -0.3426 0.9076
vn -0.2665 0.4044 -0.8749
vn -0.3077 0.4229 -0.8523
vn -0.3064 0.4224 -0.8531
vn -0.2659 0.4041 -0.8752
vn -0.3137 0.4058 -0.8584
vn -0.3204 0.4298 -0.8442
vn -0.3195 0.4265 -0.8462
vn -0.3128 0.4026 -0.8603
vn 0.2992 -0.3670 0.8808
vn 0.2839 -0.3462 0.8942
vn 0.2862 -0.3493 0.8922
vn 0.3014 -0.3700 0.8788
vn 0.8196 -0.5516 0.1552
vn 0.4907 -0.8505 -0.1891
vn 0.8209 -0.5506 0.1514
vn 0.3768 -0.8790 -0.2922
vn 0.3960 -0.8405 -0.3698
vn 0.3324 -0.8465 -0.4159
vn 0.3366 -0.8492 -0.4069
vn 0.2938 -0.8742 -0.3867
vn 0.8203 -0.0013 0.5719
vn 0.8204 -0.0011 0.5718
vn 0.8203 -0.0012 0.5719
vn 0.8791 -0.3414 0.3325
vn 0.8790 -0.3416 0.3327
vn 0.8658 -0.3560 0.3515
vn 0.8660 -0.3558 0.3513
vn 0.8528 -0.1007 0.5124
vn 0.8528 -0.1007 0.5125
vn 0.8489 -0.1050 0.5180
vn 0.8490 -0.1049 0.5180
vn 0.8579 -0.4664 0.2155
vn 0.8581 -0.4662 0.2152
vn 0.8400 -0.4860 0.2411
vn 0.8402 -0.4858 0.2408
vn 0.5832 0.3789 0.7186
vn 0.6739 0.2659 0.6893
vn 0.6842 0.2771 0.6746
vn 0.5976 0.3946 0.6980
vn 0.7933 0.0630 0.6056
vn 0.7957 0.0657 0.6021
vn 0.8276 -0.0204 0.5609
vn 0.8268 -0.0213 0.5620
vn 0.0277 0.7622 0.6467
vn 0.0279 0.7624 0.6465
vn 0.0570 0.7944 0.6048
vn 0.0572 0.7945 0.6045
vn 0.4784 -0.8421 -0.2489
vn 0.4651 -0.8604 -0.2085
vn 0.4544 -0.8729 -0.1779
vn 0.4686 -0.8559 -0.2189
vn 0.8050 -0.5480 0.2273
vn 0.8052 -0.5331 0.2598
vn 0.8050 -0.5481 0.2270
vn 0.8035 -0.5643 0.1895
vn 0.5397 -0.8404 -0.0497
vn 0.3383 -0.9148 -0.2208
vn 0.3274 -0.8765 -0.3529
vn 0.3975 -0.8788 -0.2639
vn 0.3571 -0.8788 -0.3165
vn 0.2834 -0.8697 -0.4042
vn 0.2746 -0.8882 -0.3684
vn 0.3071 -0.8884 -0.3413
vn -0.9393 -0.2838 0.1928
vn -0.9214 -0.3399 0.1884
vn -0.9225 -0.3366 0.1887
vn -0.9405 -0.2795 0.1931
vn 0.8997 0.4095 -0.1510
vn 0.9006 0.4072 -0.1519
vn 0.9192 0.3547 -0.1709
vn 0.9182 0.3580 -0.1698
vn 0.2198 -0.2604 0.9402
vn 0.2634 -0.2856 0.9215
vn 0.2599 -0.2836 0.9230
vn 0.2182 -0.2594 0.9408
vn -0.2390 0.3269 -0.9143
vn -0.2784 0.3507 -0.8941
vn -0.2771 0.3500 -0.8948
vn -0.2384 0.3266 -0.9146
vn 0.8199 0.0001 0.5725
vn -0.2859 0.3337 -0.8983
vn -0.2907 0.3594 -0.8867
vn -0.2900 0.3558 -0.8884
vn -0.2852 0.3301 -0.8998
vn 0.2628 -0.2719 0.9257
vn 0.2764 -0.2950 0.9147
vn 0.2744 -0.2917 0.9163
vn 0.2608 -0.2684 0.9273
vn 0.7779 -0.5912 0.2130
vn 0.7765 -0.5916 0.2168
vn 0.4248 -0.9003 -0.0947
vn 0.3087 -0.9311 -0.1945
vn 0.3304 -0.9027 -0.2758
vn 0.2663 -0.9088 -0.3213
vn 0.2258 -0.9302 -0.2894
vn 0.2704 -0.9108 -0.3120
vn 0.8203 -0.0015 0.5720
vn 0.8203 -0.0014 0.5719
vn 0.8524 -0.3687 0.3708
vn 0.8522 -0.3689 0.3711
vn 0.8381 -0.3801 0.3912
vn 0.8383 -0.3800 0.3910
vn 0.8449 -0.1087 0.5237
vn 0.8449 -0.1088 0.5238
vn 0.8408 -0.1120 0.5297
vn 0.8407 -0.1121 0.5297
vn 0.8216 -0.5034 0.2675
vn 0.8214 -0.5036 0.2678
vn 0.8022 -0.5189 0.2953
vn 0.8024 -0.5188 0.2950
vn 0.6129 0.4090 0.6761
vn 0.6948 0.2871 0.6595
vn 0.7058 0.2959 0.6437
vn 0.6283 0.4214 0.6540
vn 0.7982 0.0680 0.5985
vn 0.8008 0.0701 0.5948
vn 0.8260 -0.0220 0.5632
vn 0.8252 -0.0227 0.5644
vn 0.0874 0.8231 0.5612
vn 0.0876 0.8232 0.5610
vn 0.1190 0.8483 0.5159
vn 0.1188 0.8482 0.5162
vn 0.3984 -0.9102 -0.1130
vn 0.3869 -0.9185 -0.0813
vn 0.4022 -0.9071 -0.1238
vn 0.4129 -0.8975 -0.1551
vn 0.7626 -0.5794 0.2878
vn 0.7597 -0.5993 0.2522
vn 0.7626 -0.5792 0.2881
vn 0.7640 -0.5610 0.3188
vn 0.4750 -0.8789 0.0430
vn 0.2678 -0.9560 -0.1199
vn 0.2157 -0.9268 -0.3073
vn 0.2594 -0.9314 -0.2554
vn 0.3295 -0.9294 -0.1663
vn 0.2889 -0.9320 -0.2188
vn 0.2383 -0.9404 -0.2427
vn 0.2057 -0.9407 -0.2698
vn -0.9444 -0.2443 0.2200
vn -0.9580 -0.1859 0.2182
vn -0.9572 -0.1902 0.2183
vn -0.9435 -0.2477 0.2201
vn 0.9273 0.3223 -0.1905
vn 0.9280 0.3198 -0.1911
vn 0.9425 0.2644 -0.2043
vn 0.9417 0.2678 -0.2035
vn 0.2019 -0.1725 0.9641
vn 0.2035 -0.1736 0.9636
vn 0.2449 -0.2039 0.9479
vn 0.2417 -0.2015 0.9492
vn -0.2175 0.2438 -0.9451
vn -0.2550 0.2726 -0.9277
vn -0.2538 0.2717 -0.9283
vn -0.2169 0.2434 -0.9454
vn -0.2665 0.2829 -0.9214
vn -0.2661 0.2791 -0.9226
vn -0.2633 0.2521 -0.9312
vn -0.2637 0.2558 -0.9301
vn 0.2454 -0.1898 0.9506
vn 0.2572 -0.2149 0.9422
vn 0.2555 -0.2113 0.9434
vn 0.2437 -0.1861 0.9518
vn 0.7322 -0.6216 0.2783
vn 0.7308 -0.6215 0.2822
vn 0.3557 -0.9346 0.0043
vn 0.2372 -0.9671 -0.0922
vn 0.2607 -0.9493 -0.1759
vn 0.1961 -0.9554 -0.2207
vn 0.1543 -0.9702 -0.1870
vn 0.2001 -0.9567 -0.2113
vn 0.8202 -0.0017 0.5721
vn 0.8202 -0.0016 0.5720
vn 0.8238 -0.3896 0.4117
vn 0.8237 -0.3897 0.4120
vn 0.8088 -0.3977 0.4332
vn 0.8090 -0.3976 0.4329
vn 0.8365 -0.1149 0.5358
vn 0.8321 -0.1173 0.5421
vn 0.8322 -0.1172 0.5420
vn 0.7826 -0.5319 0.3233
vn 0.7824 -0.5321 0.3236
vn 0.7622 -0.5429 0.3526
vn 0.7624 -0.5428 0.3523
vn 0.7170 0.3033 0.6276
vn 0.6446 0.4322 0.6307
vn 0.7286 0.3096 0.6110
vn 0.6608 0.4409 0.6075
vn 0.8035 0.0718 0.5910
vn 0.8062 0.0733 0.5870
vn 0.8243 -0.0233 0.5656
vn 0.8234 -0.0238 0.5669
vn 0.1511 0.8697 0.4699
vn 0.1513 0.8698 0.4697
vn 0.1844 0.8875 0.4223
vn 0.1842 0.8874 0.4226
vn 0.3286 -0.9444 -0.0130
vn 0.3166 -0.9483 0.0194
vn 0.3325 -0.9428 -0.0240
vn 0.3439 -0.9373 -0.0562
vn 0.7211 -0.5792 0.3802
vn 0.7181 -0.6007 0.3514
vn 0.7136 -0.6241 0.3182
vn 0.7182 -0.6005 0.3517
vn 0.4079 -0.9024 0.1391
vn 0.1949 -0.9807 -0.0155
vn 0.1878 -0.9702 -0.1529
vn 0.2582 -0.9640 -0.0642
vn 0.2173 -0.9691 -0.1163
vn 0.1444 -0.9680 -0.2051
vn 0.1661 -0.9762 -0.1393
vn 0.1336 -0.9770 -0.1664
vn -0.9585 -0.1512 0.2416
vn -0.9592 -0.1478 0.2412
vn -0.9684 -0.0890 0.2330
vn -0.9678 -0.0934 0.2336
vn 0.9583 0.1731 -0.2273
vn 0.9480 0.2296 -0.2202
vn 0.9486 0.2270 -0.2206
vn 0.9589 0.1695 -0.2277
vn 0.1923 -0.0826 0.9779
vn 0.1938 -0.0839 0.9774
vn 0.2328 -0.1187 0.9653
vn 0.2297 -0.1160 0.9663
vn -0.2375 0.1897 -0.9527
vn -0.2364 0.1886 -0.9532
vn -0.2019 0.1560 -0.9669
vn -0.2024 0.1565 -0.9667
vn -0.2482 0.1976 -0.9483
vn -0.2474 0.1696 -0.9540
vn -0.2475 0.1734 -0.9532
vn -0.2483 0.2015 -0.9475
vn 0.2344 -0.1045 0.9665
vn 0.2441 -0.1312 0.9608
vn 0.2427 -0.1273 0.9617
vn 0.2329 -0.1006 0.9673
vn 0.6847 -0.6412 0.3465
vn 0.6833 -0.6406 0.3503
vn 0.2847 -0.9527 0.1060
vn 0.1636 -0.9864 0.0132
vn 0.1881 -0.9795 -0.0719
vn 0.1230 -0.9856 -0.1161
vn 0.0804 -0.9935 -0.0811
vn 0.1269 -0.9862 -0.1065
vn 0.8201 -0.0019 0.5723
vn 0.8201 -0.0018 0.5722
vn 0.7940 -0.4038 0.4545
vn 0.7938 -0.4039 0.4548
vn 0.7785 -0.4084 0.4767
vn 0.7787 -0.4083 0.4764
vn 0.8277 -0.1191 0.5484
vn 0.8276 -0.1191 0.5485
vn 0.8231 -0.1204 0.5549
vn 0.8232 -0.1204 0.5548
vn 0.7418 -0.5513 0.3817
vn 0.7416 -0.5514 0.3820
vn 0.7208 -0.5575 0.4119
vn 0.7210 -0.5574 0.4116
vn 0.6777 0.4479 0.5832
vn 0.7402 0.3144 0.5943
vn 0.7522 0.3179 0.5772
vn 0.6944 0.4528 0.5593
vn 0.8090 0.0744 0.5831
vn 0.8118 0.0753 0.5790
vn 0.8225 -0.0242 0.5682
vn 0.8216 -0.0244 0.5695
vn 0.2180 0.9014 0.3742
vn 0.2178 0.9013 0.3744
vn 0.2521 0.9114 0.3253
vn 0.2519 0.9113 0.3256
vn 0.2608 -0.9622 0.0787
vn 0.2724 -0.9611 0.0462
vn 0.2568 -0.9623 0.0898
vn 0.2447 -0.9618 0.1224
vn 0.6725 -0.6114 0.4171
vn 0.6772 -0.5874 0.4432
vn 0.6725 -0.6116 0.4168
vn 0.6661 -0.6380 0.3863
vn 0.3397 -0.9102 0.2368
vn 0.1208 -0.9885 0.0907
vn 0.1139 -0.9924 -0.0471
vn 0.1849 -0.9819 0.0407
vn 0.1436 -0.9896 -0.0107
vn 0.0706 -0.9925 -0.0994
vn 0.0919 -0.9952 -0.0330
vn 0.0593 -0.9964 -0.0600
vn -0.9712 0.0051 0.2384
vn -0.9662 -0.0521 0.2526
vn -0.9666 -0.0487 0.2518
vn -0.9714 0.0094 0.2373
vn 0.9620 0.1302 -0.2398
vn 0.9679 0.0717 -0.2407
vn 0.9677 0.0753 -0.2407
vn 0.9617 0.1329 -0.2398
vn 0.2271 -0.0315 0.9734
vn 0.2243 -0.0284 0.9741
vn 0.1895 0.0087 0.9818
vn 0.1909 0.0072 0.9816
vn -0.1940 0.0666 -0.9787
vn -0.2266 0.1037 -0.9684
vn -0.2256 0.1025 -0.9688
vn -0.1935 0.0660 -0.9789
vn -0.2377 0.0882 -0.9673
vn -0.2363 0.1166 -0.9647
vn -0.2365 0.1127 -0.9651
vn -0.2378 0.0843 -0.9676
vn 0.2364 -0.0412 0.9708
vn 0.2286 -0.0133 0.9734
vn 0.2298 -0.0174 0.9731
vn 0.2375 -0.0452 0.9703
vn 0.6348 -0.6487 0.4198
vn 0.2129 -0.9545 0.2089
vn 0.6361 -0.6498 0.4161
vn 0.0893 -0.9888 0.1197
vn 0.1138 -0.9929 0.0345
vn 0.0483 -0.9988 -0.0091
vn 0.0053 -0.9996 0.0264
vn 0.0522 -0.9986 0.0005
vn 0.8199 -0.0020 0.5725
vn 0.8200 -0.0020 0.5724
vn 0.8199 -0.0021 0.5725
vn 0.7633 -0.4111 0.4984
vn 0.7631 -0.4111 0.4987
vn 0.7476 -0.4120 0.5209
vn 0.7478 -0.4120 0.5206
vn 0.8187 -0.1212 0.5613
vn 0.8186 -0.1212 0.5614
vn 0.8140 -0.1215 0.5680
vn 0.8141 -0.1215 0.5679
vn 0.7000 -0.5612 0.4417
vn 0.6997 -0.5612 0.4420
vn 0.6786 -0.5625 0.4723
vn 0.6788 -0.5625 0.4720
vn 0.7641 0.3200 0.5601
vn 0.7117 0.4558 0.5345
vn 0.7287 0.4569 0.5102
vn 0.7763 0.3207 0.5427
vn 0.8146 0.0758 0.5750
vn 0.8175 0.0759 0.5708
vn 0.8207 -0.0246 0.5708
vn 0.8198 -0.0247 0.5722
vn 0.2863 0.9174 0.2763
vn 0.2865 0.9175 0.2761
vn 0.3210 0.9196 0.2266
vn 0.3208 0.9196 0.2268
vn 0.1724 -0.9588 0.2259
vn 0.1883 -0.9650 0.1826
vn 0.1997 -0.9683 0.1503
vn 0.1843 -0.9636 0.1937
vn 0.6330 -0.5856 0.5064
vn 0.6264 -0.6120 0.4828
vn 0.6180 -0.6410 0.4552
vn 0.6265 -0.6117 0.4830
vn 0.2714 -0.9024 0.3346
vn 0.0467 -0.9793 0.1968
vn -0.0044 -1.0000 0.0081
vn 0.0390 -0.9974 0.0602
vn 0.1109 -0.9829 0.1466
vn 0.0689 -0.9930 0.0963
vn 0.0169 -0.9971 0.0745
vn -0.0159 -0.9987 0.0476
vn -0.9665 0.0512 0.2516
vn -0.9670 0.1076 0.2310
vn -0.9671 0.1034 0.2325
vn -0.9663 0.0479 0.2528
vn 0.9681 0.0312 -0.2485
vn 0.9696 -0.0273 -0.2431
vn 0.9696 -0.0237 -0.2435
vn 0.9680 0.0339 -0.2488
vn 0.1949 0.0983 0.9759
vn 0.2281 0.0563 0.9720
vn 0.2255 0.0596 0.9724
vn 0.1936 0.0999 0.9760
vn -0.1924 -0.0246 -0.9810
vn -0.2220 0.0157 -0.9749
vn -0.2211 0.0143 -0.9752
vn -0.1920 -0.0252 -0.9811
vn 0.8199 0.0001 0.5724
vn -0.2313 0.0258 -0.9725
vn -0.2348 -0.0026 -0.9721
vn -0.2343 0.0013 -0.9722
vn -0.2308 0.0297 -0.9726
vn 0.2366 0.0457 0.9705
vn 0.2309 0.0742 0.9701
vn 0.2318 0.0700 0.9703
vn 0.2374 0.0416 0.9705
vn 0.1415 -0.9398 0.3110
vn 0.5873 -0.6472 0.4860
vn 0.5861 -0.6456 0.4896
vn 0.0154 -0.9741 0.2255
vn 0.0392 -0.9892 0.1414
vn -0.0267 -0.9948 0.0984
vn -0.0695 -0.9886 0.1336
vn -0.0228 -0.9939 0.1080
vn 0.8200 -0.0000 0.5723
vn 0.8200 -0.0001 0.5723
vn 0.7323 -0.4112 0.5428
vn 0.7321 -0.4112 0.5431
vn 0.7167 -0.4086 0.5651
vn 0.7169 -0.4086 0.5649
vn 0.8095 -0.1213 0.5745
vn 0.8095 -0.1213 0.5744
vn 0.8050 -0.1205 0.5809
vn 0.8049 -0.1205 0.5810
vn 0.6575 -0.5614 0.5026
vn 0.6577 -0.5614 0.5023
vn 0.6364 -0.5578 0.5327
vn 0.6367 -0.5579 0.5324
vn 0.7460 0.4559 0.4853
vn 0.7882 0.3201 0.5256
vn 0.7629 0.4531 0.4611
vn 0.8003 0.3181 0.5083
vn 0.8203 0.0758 0.5668
vn 0.8232 0.0753 0.5627
vn 0.8188 -0.0246 0.5735
vn 0.8179 -0.0245 0.5748
vn 0.3554 0.9177 0.1774
vn 0.3556 0.9177 0.1771
vn 0.3900 0.9119 0.1278
vn 0.3898 0.9120 0.1281
vn 0.1123 -0.9483 0.2968
vn 0.1010 -0.9392 0.3283
vn 0.1161 -0.9512 0.2859
vn 0.1272 -0.9588 0.2542
vn 0.5808 -0.6016 0.5484
vn 0.5894 -0.5736 0.5689
vn 0.5807 -0.6018 0.5482
vn 0.5700 -0.6329 0.5239
vn 0.2043 -0.8791 0.4307
vn -0.0261 -0.9532 0.3011
vn -0.0794 -0.9901 0.1154
vn -0.0357 -0.9853 0.1672
vn 0.0375 -0.9670 0.2518
vn -0.0053 -0.9792 0.2026
vn -0.0905 -0.9838 0.1546
vn -0.0576 -0.9818 0.1812
vn -0.9553 0.2040 0.2142
vn -0.9556 0.2000 0.2162
vn -0.9590 0.1471 0.2423
vn -0.9589 0.1503 0.2408
vn 0.9668 -0.0657 -0.2470
vn 0.9667 -0.0683 -0.2465
vn 0.9638 -0.1259 -0.2349
vn 0.9641 -0.1224 -0.2356
vn 0.2056 0.1876 0.9605
vn 0.2356 0.1431 0.9613
vn 0.2332 0.1466 0.9613
vn 0.2045 0.1893 0.9604
vn -0.2242 -0.0724 -0.9718
vn -0.2234 -0.0738 -0.9719
vn -0.1973 -0.1159 -0.9735
vn -0.1977 -0.1153 -0.9735
vn -0.2326 -0.0615 -0.9706
vn -0.2382 -0.0893 -0.9671
vn -0.2375 -0.0855 -0.9676
vn -0.2319 -0.0577 -0.9710
vn 0.2437 0.1277 0.9614
vn 0.2432 0.1318 0.9610
vn 0.2397 0.1605 0.9575
vn 0.2403 0.1562 0.9580
vn 0.5390 -0.6335 0.5551
vn 0.5380 -0.6314 0.5585
vn 0.0719 -0.9089 0.4107
vn -0.0568 -0.9427 0.3289
vn -0.0345 -0.9684 0.2469
vn -0.1008 -0.9736 0.2046
vn -0.1429 -0.9605 0.2388
vn -0.0968 -0.9720 0.2140
vn 0.7014 -0.4042 0.5870
vn 0.7016 -0.4043 0.5868
vn 0.6865 -0.3982 0.6084
vn 0.6863 -0.3981 0.6086
vn 0.8005 -0.1192 0.5874
vn 0.8004 -0.1192 0.5875
vn 0.7960 -0.1174 0.5938
vn 0.6158 -0.5519 0.5623
vn 0.6156 -0.5518 0.5626
vn 0.5950 -0.5435 0.5921
vn 0.5952 -0.5436 0.5918
vn 0.8121 0.3147 0.4913
vn 0.7801 0.4482 0.4366
vn 0.8239 0.3099 0.4744
vn 0.7966 0.4415 0.4129
vn 0.8260 0.0745 0.5587
vn 0.8288 0.0734 0.5547
vn 0.8170 -0.0242 0.5761
vn 0.8161 -0.0238 0.5774
vn 0.4239 0.9022 0.0792
vn 0.4241 0.9022 0.0790
vn 0.4578 0.8885 0.0307
vn 0.4576 0.8886 0.0310
vn 0.0560 -0.9327 0.3562
vn 0.0421 -0.9167 0.3973
vn 0.0316 -0.9034 0.4277
vn 0.0456 -0.9210 0.3869
vn 0.5363 -0.5810 0.6122
vn 0.5470 -0.5517 0.6296
vn 0.5362 -0.5813 0.6120
vn 0.5231 -0.6139 0.5912
vn 0.1396 -0.8406 0.5234
vn -0.0962 -0.9108 0.4016
vn -0.1088 -0.9562 0.2719
vn -0.0341 -0.9345 0.3544
vn -0.0779 -0.9487 0.3066
vn -0.1529 -0.9633 0.2207
vn -0.1634 -0.9520 0.2589
vn -0.1303 -0.9495 0.2853
vn -0.9439 0.2467 0.2194
vn -0.9364 0.2969 0.1872
vn -0.9371 0.2932 0.1896
vn -0.9443 0.2438 0.2212
vn 0.9579 -0.1667 -0.2339
vn 0.9507 -0.2223 -0.2161
vn 0.9513 -0.2189 -0.2172
vn 0.9581 -0.1641 -0.2347
vn 0.2495 0.2274 0.9413
vn 0.2474 0.2311 0.9409
vn 0.2220 0.2755 0.9353
vn 0.2230 0.2737 0.9356
vn -0.2329 -0.1595 -0.9593
vn -0.2321 -0.1609 -0.9593
vn -0.2094 -0.2047 -0.9562
vn -0.2097 -0.2040 -0.9562
vn 0.8200 0.0001 0.5724
vn -0.2394 -0.1441 -0.9602
vn -0.2405 -0.1478 -0.9593
vn -0.2482 -0.1745 -0.9529
vn -0.2471 -0.1709 -0.9538
vn 0.2552 0.2398 0.9367
vn 0.2565 0.2115 0.9431
vn 0.2563 0.2156 0.9422
vn 0.2550 0.2439 0.9357
vn 0.4923 -0.6088 0.6221
vn 0.4914 -0.6063 0.6252
vn 0.0052 -0.8624 0.5063
vn -0.1260 -0.8950 0.4280
vn -0.1060 -0.9310 0.3494
vn -0.1727 -0.9357 0.3076
vn -0.1686 -0.9334 0.3168
vn -0.2136 -0.9159 0.3399
vn 0.6717 -0.3904 0.6296
vn 0.6715 -0.3903 0.6299
vn 0.6570 -0.3808 0.6506
vn 0.6572 -0.3809 0.6504
vn 0.7917 -0.1151 0.6000
vn 0.7916 -0.1151 0.6001
vn 0.7873 -0.1123 0.6062
vn 0.7874 -0.1123 0.6062
vn 0.5747 -0.5328 0.6211
vn 0.5749 -0.5330 0.6208
vn 0.5549 -0.5199 0.6495
vn 0.5551 -0.5200 0.6492
vn 0.8354 0.3038 0.4580
vn 0.8132 0.4327 0.3891
vn 0.8468 0.2964 0.4417
vn 0.8291 0.4223 0.3663
vn 0.8315 0.0719 0.5508
vn 0.8342 0.0702 0.5469
vn 0.8152 -0.0234 0.5787
vn 0.8143 -0.0228 0.5800
vn 0.4907 0.8712 -0.0164
vn 0.4909 0.8711 -0.0167
vn 0.5232 0.8499 -0.0630
vn 0.5230 0.8500 -0.0628
vn -0.0220 -0.8749 0.4838
vn -0.0127 -0.8907 0.4545
vn -0.0252 -0.8693 0.4937
vn -0.0345 -0.8520 0.5223
vn 0.4780 -0.5844 0.6558
vn 0.4937 -0.5505 0.6732
vn 0.5066 -0.5204 0.6874
vn 0.4935 -0.5508 0.6731
vn -0.1626 -0.8526 0.4967
vn 0.0783 -0.7876 0.6112
vn -0.1476 -0.9017 0.4064
vn -0.2238 -0.9198 0.3223
vn -0.1791 -0.9106 0.3725
vn -0.1026 -0.8858 0.4525
vn -0.2000 -0.9009 0.3851
vn -0.2333 -0.9037 0.3590
vn -0.9224 0.3362 0.1899
vn -0.9219 0.3389 0.1878
vn -0.9107 0.3846 0.1504
vn -0.9117 0.3813 0.1532
vn 0.9417 -0.2622 -0.2107
vn 0.9305 -0.3150 -0.1871
vn 0.9313 -0.3117 -0.1885
vn 0.9422 -0.2598 -0.2118
vn 0.2679 0.3116 0.9117
vn 0.2458 0.3569 0.9012
vn 0.2467 0.3551 0.9017
vn 0.2697 0.3078 0.9124
vn -0.2279 -0.2900 -0.9295
vn -0.2283 -0.2893 -0.9296
vn -0.2480 -0.2437 -0.9376
vn -0.2474 -0.2452 -0.9374
vn -0.2548 -0.2316 -0.9389
vn -0.2644 -0.2568 -0.9296
vn -0.2631 -0.2534 -0.9309
vn -0.2535 -0.2280 -0.9401
vn 0.2762 0.3192 0.9066
vn 0.2754 0.2918 0.9160
vn 0.2756 0.2957 0.9147
vn 0.2763 0.3232 0.9051
vn -0.0574 -0.8010 0.5960
vn 0.4477 -0.5737 0.6858
vn 0.4471 -0.5708 0.6887
vn -0.1910 -0.8318 0.5211
vn -0.1741 -0.8775 0.4469
vn -0.2412 -0.8817 0.4056
vn -0.2803 -0.8555 0.4355
vn -0.2368 -0.8787 0.4145
vn 0.6431 -0.3698 0.6706
vn 0.6429 -0.3696 0.6709
vn 0.6292 -0.3569 0.6904
vn 0.6294 -0.3570 0.6902
vn 0.7832 -0.1091 0.6121
vn 0.7832 -0.1090 0.6122
vn 0.7791 -0.1053 0.6180
vn 0.7792 -0.1053 0.6179
vn 0.5357 -0.5046 0.6771
vn 0.5359 -0.5048 0.6768
vn 0.5170 -0.4872 0.7038
vn 0.5172 -0.4874 0.7035
vn 0.8577 0.2878 0.4261
vn 0.8450 0.4098 0.3436
vn 0.8684 0.2778 0.4108
vn 0.8599 0.3959 0.3222
vn 0.8368 0.0681 0.5433
vn 0.8393 0.0657 0.5396
vn 0.8135 -0.0222 0.5811
vn 0.8127 -0.0214 0.5823
vn 0.5545 0.8251 -0.1079
vn 0.5547 0.8250 -0.1081
vn 0.5850 0.7967 -0.1516
vn 0.5852 0.7966 -0.1518
vn -0.0856 -0.8138 0.5748
vn -0.0776 -0.8332 0.5475
vn -0.0883 -0.8069 0.5841
vn -0.0962 -0.7860 0.6107
vn 0.4537 -0.5105 0.7304
vn 0.4690 -0.4801 0.7414
vn 0.4536 -0.5108 0.7303
vn 0.4355 -0.5447 0.7167
vn 0.0215 -0.7210 0.6926
vn -0.2241 -0.7797 0.5847
vn -0.2131 -0.8392 0.5002
vn -0.2908 -0.8605 0.4183
vn -0.2453 -0.8493 0.4674
vn -0.1669 -0.8219 0.5446
vn -0.2654 -0.8368 0.4788
vn -0.2989 -0.8399 0.4530
vn -0.8799 0.4628 0.1077
vn -0.8938 0.4229 0.1490
vn -0.8931 0.4253 0.1466
vn -0.8787 0.4657 0.1046
vn 0.9192 -0.3509 -0.1789
vn 0.9186 -0.3532 -0.1776
vn 0.9035 -0.4020 -0.1485
vn 0.9045 -0.3991 -0.1503
vn 0.2755 0.4322 0.8587
vn 0.2763 0.4304 0.8593
vn 0.2957 0.3829 0.8752
vn 0.2942 0.3867 0.8740
vn -0.2689 -0.3252 -0.9066
vn -0.2528 -0.3701 -0.8939
vn -0.2531 -0.3695 -0.8941
vn -0.2694 -0.3236 -0.9070
vn -0.2752 -0.3112 -0.9096
vn -0.2867 -0.3346 -0.8977
vn -0.2851 -0.3314 -0.8994
vn -0.2736 -0.3080 -0.9112
vn 0.3034 0.3969 0.8663
vn 0.3030 0.3931 0.8681
vn 0.3003 0.3670 0.8804
vn 0.3007 0.3708 0.8787
vn -0.1149 -0.7258 0.6783
vn 0.4062 -0.5287 0.7453
vn 0.4058 -0.5254 0.7478
vn -0.2507 -0.7544 0.6067
vn -0.2376 -0.8089 0.5378
vn -0.3049 -0.8124 0.4969
vn -0.3418 -0.7803 0.5237
vn -0.3003 -0.8089 0.5055
vn -0.3606 -0.7766 0.5166
vn 0.6162 -0.3428 0.7090
vn 0.6161 -0.3426 0.7093
vn 0.6035 -0.3268 0.7273
vn 0.6037 -0.3270 0.7271
vn 0.7753 -0.1011 0.6235
vn 0.7752 -0.1011 0.6235
vn 0.7715 -0.0964 0.6288
vn 0.7716 -0.0965 0.6288
vn 0.4992 -0.4680 0.7292
vn 0.4991 -0.4677 0.7295
vn 0.4819 -0.4462 0.7541
vn 0.4820 -0.4465 0.7539
vn 0.8786 0.2667 0.3962
vn 0.8747 0.3798 0.3011
vn 0.8885 0.3626 0.2813
vn 0.8884 0.2544 0.3821
vn 0.8417 0.0631 0.5362
vn 0.8441 0.0602 0.5328
vn 0.8119 -0.0206 0.5835
vn 0.8111 -0.0196 0.5845
vn 0.6144 0.7649 -0.1936
vn 0.6146 0.7647 -0.1939
vn 0.6427 0.7295 -0.2341
vn 0.6425 0.7297 -0.2339
vn -0.1440 -0.7386 0.6585
vn -0.1376 -0.7614 0.6335
vn -0.1462 -0.7306 0.6670
vn -0.1524 -0.7065 0.6911
vn 0.4346 -0.4315 0.7905
vn 0.4170 -0.4619 0.7828
vn 0.3963 -0.4957 0.7728
vn 0.4171 -0.4616 0.7829
vn -0.0298 -0.6421 0.7661
vn -0.2795 -0.6934 0.6641
vn -0.2734 -0.7623 0.5866
vn -0.3528 -0.7864 0.5071
vn -0.3064 -0.7734 0.5550
vn -0.2258 -0.7438 0.6290
vn -0.3255 -0.7583 0.5648
vn -0.3592 -0.7616 0.5394
vn -0.8423 0.5363 0.0538
vn -0.8590 0.5023 0.0991
vn -0.8581 0.5043 0.0964
vn -0.8409 0.5388 0.0504
vn 0.8888 -0.4381 -0.1349
vn 0.8702 -0.4823 -0.1008
vn 0.8714 -0.4796 -0.1029
vn 0.8895 -0.4360 -0.1364
vn 0.3271 0.4515 0.8302
vn 0.3259 0.4552 0.8286
vn 0.3106 0.5000 0.8084
vn 0.3112 0.4983 0.8092
vn -0.2962 -0.3995 -0.8676
vn -0.2835 -0.4440 -0.8500
vn -0.2837 -0.4433 -0.8503
vn -0.2966 -0.3980 -0.8681
vn -0.3128 -0.4037 -0.8598
vn -0.2996 -0.3827 -0.8740
vn -0.3015 -0.3856 -0.8720
vn -0.3145 -0.4066 -0.8578
vn 0.3358 0.4638 0.8198
vn 0.3352 0.4602 0.8221
vn 0.3305 0.4359 0.8371
vn 0.3312 0.4394 0.8350
vn -0.1662 -0.6381 0.7518
vn 0.3685 -0.4746 0.7994
vn 0.3683 -0.4710 0.8016
vn -0.3041 -0.6640 0.6831
vn -0.2954 -0.7263 0.6206
vn -0.3630 -0.7292 0.5801
vn -0.3581 -0.7251 0.5882
vn -0.3973 -0.6917 0.6031
vn 0.5917 -0.3099 0.7442
vn 0.5915 -0.3097 0.7444
vn 0.5802 -0.2912 0.7606
vn 0.5804 -0.2914 0.7604
vn 0.7681 -0.0914 0.6338
vn 0.7680 -0.0913 0.6339
vn 0.7647 -0.0860 0.6386
vn 0.7647 -0.0859 0.6387
vn 0.4655 -0.4228 0.7775
vn 0.4657 -0.4231 0.7773
vn 0.4501 -0.3975 0.7996
vn 0.4503 -0.3978 0.7994
vn 0.8977 0.2411 0.3688
vn 0.9019 0.3433 0.2621
vn 0.9065 0.2266 0.3561
vn 0.9143 0.3230 0.2443
vn 0.8462 0.0571 0.5297
vn 0.8484 0.0536 0.5267
vn 0.8104 -0.0186 0.5856
vn 0.8097 -0.0175 0.5865
vn 0.6692 0.6914 -0.2722
vn 0.6694 0.6912 -0.2724
vn 0.6946 0.6499 -0.3085
vn 0.6945 0.6501 -0.3083
vn -0.1963 -0.6508 0.7335
vn -0.1918 -0.6765 0.7110
vn -0.1978 -0.6417 0.7410
vn -0.2021 -0.6147 0.7624
vn 0.3845 -0.4049 0.8296
vn 0.4043 -0.3754 0.8340
vn 0.3843 -0.4052 0.8295
vn 0.3611 -0.4382 0.8232
vn -0.0748 -0.5520 0.8305
vn -0.3281 -0.5951 0.7336
vn -0.4087 -0.6987 0.5872
vn -0.3613 -0.6842 0.6336
vn -0.2784 -0.6529 0.7044
vn -0.3274 -0.6723 0.6640
vn -0.4131 -0.6702 0.6166
vn -0.3791 -0.6667 0.6417
vn -0.8175 0.5747 0.0382
vn -0.7979 0.6026 -0.0112
vn -0.7995 0.6006 -0.0075
vn -0.8185 0.5730 0.0411
vn 0.8326 -0.5518 -0.0473
vn 0.8538 -0.5136 -0.0852
vn 0.8529 -0.5154 -0.0835
vn 0.8312 -0.5542 -0.0449
vn 0.3510 0.5575 0.7523
vn 0.3634 0.5122 0.7782
vn 0.3624 0.5158 0.7762
vn 0.3505 0.5592 0.7513
vn -0.3288 -0.4671 -0.8208
vn -0.3194 -0.5102 -0.7985
vn -0.3196 -0.5095 -0.7989
vn -0.3291 -0.4656 -0.8215
vn -0.3457 -0.4692 -0.8127
vn -0.3310 -0.4507 -0.8290
vn -0.3330 -0.4533 -0.8268
vn -0.3476 -0.4716 -0.8104
vn 0.3720 0.5194 0.7693
vn 0.3656 0.4972 0.7868
vn 0.3666 0.5004 0.7843
vn 0.3730 0.5226 0.7667
vn 0.3351 -0.4122 0.8472
vn 0.3352 -0.4085 0.8490
vn -0.2105 -0.5394 0.8153
vn -0.3503 -0.5621 0.7493
vn -0.3465 -0.6313 0.6938
vn -0.4143 -0.6334 0.6536
vn -0.4091 -0.6288 0.6612
vn -0.4456 -0.5912 0.6723
vn 0.5698 -0.2717 0.7756
vn 0.5697 -0.2714 0.7758
vn 0.5598 -0.2505 0.7898
vn 0.5600 -0.2507 0.7897
vn 0.7616 -0.0801 0.6431
vn 0.7615 -0.0801 0.6431
vn 0.7587 -0.0739 0.6473
vn 0.7587 -0.0740 0.6472
vn 0.4357 -0.3705 0.8203
vn 0.4358 -0.3709 0.8201
vn 0.4223 -0.3420 0.8395
vn 0.4224 -0.3423 0.8393
vn 0.9262 0.3009 0.2273
vn 0.9147 0.2113 0.3444
vn 0.9224 0.1950 0.3334
vn 0.9369 0.2779 0.2119
vn 0.8503 0.0500 0.5240
vn 0.8521 0.0461 0.5213
vn 0.8091 -0.0163 0.5874
vn 0.8085 -0.0150 0.5883
vn 0.7181 0.6061 -0.3421
vn 0.7182 0.6058 -0.3423
vn 0.7401 0.5591 -0.3737
vn 0.7400 0.5594 -0.3735
vn -0.2424 -0.5418 0.8048
vn -0.2445 -0.5124 0.8232
vn -0.2416 -0.5517 0.7983
vn -0.2391 -0.5800 0.7788
vn 0.3562 -0.3414 0.8698
vn 0.3306 -0.3731 0.8669
vn 0.3564 -0.3411 0.8698
vn 0.3783 -0.3130 0.8712
vn -0.1126 -0.4525 0.8846
vn -0.3688 -0.4866 0.7920
vn -0.4090 -0.5831 0.7019
vn -0.3238 -0.5508 0.7693
vn -0.3742 -0.5706 0.7310
vn -0.4576 -0.5990 0.6572
vn -0.4255 -0.5636 0.7080
vn -0.4597 -0.5672 0.6833
vn -0.7505 0.6561 -0.0791
vn -0.7522 0.6546 -0.0752
vn -0.7731 0.6338 -0.0240
vn -0.7719 0.6351 -0.0270
vn 0.7887 -0.6146 0.0157
vn 0.8125 -0.5823 -0.0261
vn 0.8115 -0.5839 -0.0242
vn 0.7871 -0.6165 0.0183
vn 0.3948 0.6072 0.6895
vn 0.4039 0.5641 0.7202
vn 0.4032 0.5676 0.7178
vn 0.3945 0.6088 0.6883
vn -0.3601 -0.5670 -0.7409
vn -0.3664 -0.5251 -0.7681
vn -0.3662 -0.5264 -0.7673
vn -0.3600 -0.5676 -0.7404
vn -0.3672 -0.5111 -0.7771
vn -0.3694 -0.5132 -0.7747
vn -0.3853 -0.5285 -0.7565
vn -0.3831 -0.5264 -0.7590
vn 0.4130 0.5696 0.7106
vn 0.4050 0.5500 0.7304
vn 0.4062 0.5529 0.7275
vn 0.4142 0.5725 0.7076
vn 0.3067 -0.3428 0.8879
vn 0.3070 -0.3390 0.8893
vn -0.2471 -0.4314 0.8677
vn -0.3884 -0.4505 0.8039
vn -0.3901 -0.5254 0.7562
vn -0.4580 -0.5267 0.7161
vn -0.4524 -0.5217 0.7233
vn -0.4859 -0.4805 0.7300
vn -0.4847 -0.5319 0.6943
vn 0.5509 -0.2288 0.8026
vn 0.5508 -0.2285 0.8027
vn 0.5427 -0.2055 0.8144
vn 0.5428 -0.2058 0.8143
vn 0.7560 -0.0674 0.6511
vn 0.7560 -0.0675 0.6510
vn 0.7536 -0.0606 0.6545
vn 0.7536 -0.0607 0.6545
vn 0.4101 -0.3123 0.8569
vn 0.4100 -0.3119 0.8571
vn 0.3989 -0.2809 0.8729
vn 0.3988 -0.2805 0.8731
vn 0.9470 0.2533 0.1974
vn 0.9294 0.1779 0.3234
vn 0.9358 0.1599 0.3142
vn 0.9560 0.2281 0.1846
vn 0.8537 0.0421 0.5190
vn 0.8553 0.0378 0.5168
vn 0.8080 -0.0137 0.5891
vn 0.8075 -0.0124 0.5898
vn 0.7601 0.5102 -0.4023
vn 0.7602 0.5100 -0.4025
vn 0.7784 0.4587 -0.4286
vn 0.7783 0.4589 -0.4284
vn -0.2791 -0.4325 0.8573
vn -0.2789 -0.4013 0.8725
vn -0.2790 -0.4431 0.8520
vn -0.2787 -0.4734 0.8356
vn 0.3334 -0.2715 0.9029
vn 0.3573 -0.2451 0.9013
vn 0.3331 -0.2718 0.9029
vn 0.3052 -0.3015 0.9033
vn -0.1426 -0.3451 0.9276
vn -0.4010 -0.3697 0.8381
vn -0.4130 -0.4591 0.7865
vn -0.4985 -0.4889 0.7158
vn -0.4487 -0.4721 0.7588
vn -0.3610 -0.4392 0.8227
vn -0.4636 -0.4508 0.7627
vn -0.4982 -0.4545 0.7384
vn -0.6996 0.6982 -0.1521
vn -0.7013 0.6973 -0.1481
vn -0.7235 0.6838 -0.0950
vn -0.7222 0.6846 -0.0982
vn 0.7405 -0.6667 0.0847
vn 0.7665 -0.6410 0.0399
vn 0.7653 -0.6423 0.0419
vn 0.7388 -0.6683 0.0875
vn 0.4480 0.6063 0.6570
vn 0.4475 0.6095 0.6543
vn 0.4418 0.6479 0.6205
vn 0.4420 0.6464 0.6219
vn -0.4078 -0.5769 -0.7077
vn -0.4045 -0.6152 -0.6767
vn -0.4046 -0.6146 -0.6772
vn -0.4079 -0.5756 -0.7087
vn -0.4076 -0.5626 -0.7192
vn -0.4100 -0.5643 -0.7165
vn -0.4269 -0.5763 -0.6969
vn -0.4246 -0.5747 -0.6996
vn 0.4481 0.5934 0.6687
vn 0.4495 0.5958 0.6656
vn 0.4588 0.6125 0.6437
vn 0.4575 0.6101 0.6470
vn 0.2843 -0.2635 0.9218
vn -0.2752 -0.3159 0.9080
vn 0.2837 -0.2675 0.9209
vn -0.4178 -0.3312 0.8460
vn -0.4253 -0.4104 0.8067
vn -0.4933 -0.4110 0.7667
vn -0.5176 -0.3616 0.7755
vn -0.4873 -0.4057 0.7733
vn 0.5355 -0.1819 0.8247
vn 0.5354 -0.1816 0.8248
vn 0.5290 -0.1569 0.8340
vn 0.5291 -0.1572 0.8339
vn 0.7515 -0.0537 0.6576
vn 0.7514 -0.0536 0.6576
vn 0.7496 -0.0463 0.6603
vn 0.7496 -0.0464 0.6603
vn 0.3890 -0.2483 0.8872
vn 0.3889 -0.2479 0.8873
vn 0.3803 -0.2146 0.8996
vn 0.3802 -0.2142 0.8998
vn 0.9414 0.1414 0.3062
vn 0.9641 0.2013 0.1729
vn 0.9464 0.1221 0.2990
vn 0.9711 0.1743 0.1629
vn 0.8566 0.0335 0.5149
vn 0.8578 0.0288 0.5132
vn 0.8070 -0.0109 0.5904
vn 0.8067 -0.0094 0.5909
vn 0.7946 0.4057 -0.4517
vn 0.7947 0.4054 -0.4518
vn 0.8089 0.3503 -0.4722
vn 0.8088 0.3506 -0.4721
vn -0.3047 -0.2832 0.9094
vn -0.3080 -0.3268 0.8935
vn -0.3100 -0.3587 0.8805
vn -0.3072 -0.3158 0.8977
vn 0.3416 -0.1730 0.9238
vn 0.3155 -0.1974 0.9282
vn 0.2854 -0.2248 0.9317
vn 0.3157 -0.1972 0.9281
vn -0.1644 -0.2319 0.9588
vn -0.4242 -0.2465 0.8714
vn -0.3896 -0.3200 0.8636
vn -0.4431 -0.3398 0.8296
vn -0.5309 -0.3705 0.7622
vn -0.4798 -0.3529 0.8033
vn -0.4931 -0.3303 0.8049
vn -0.5278 -0.3339 0.7810
vn -0.6458 0.7283 -0.2290
vn -0.6477 0.7280 -0.2250
vn -0.6706 0.7219 -0.1708
vn -0.6693 0.7223 -0.1740
vn 0.7152 -0.6896 0.1137
vn 0.6869 -0.7085 0.1618
vn 0.6887 -0.7074 0.1588
vn 0.7164 -0.6887 0.1116
vn 0.4916 0.6758 0.5491
vn 0.4918 0.6745 0.5507
vn 0.4948 0.6381 0.5899
vn 0.4946 0.6410 0.5869
vn -0.4523 -0.6517 -0.6089
vn -0.4527 -0.6161 -0.6445
vn -0.4527 -0.6173 -0.6434
vn -0.4522 -0.6522 -0.6083
vn -0.4717 -0.6142 -0.6327
vn -0.4693 -0.6130 -0.6356
vn -0.4516 -0.6044 -0.6563
vn -0.4540 -0.6056 -0.6535
vn 0.4956 0.6284 0.5996
vn 0.5060 0.6419 0.5760
vn 0.5045 0.6400 0.5796
vn 0.4940 0.6265 0.6029
vn -0.2945 -0.1951 0.9355
vn 0.2665 -0.1876 0.9454
vn 0.2675 -0.1836 0.9459
vn -0.4381 -0.2061 0.8750
vn -0.4516 -0.2883 0.8443
vn -0.5196 -0.2881 0.8044
vn -0.5401 -0.2364 0.8077
vn -0.5132 -0.2826 0.8104
vn 0.5237 -0.1319 0.8416
vn 0.5236 -0.1316 0.8417
vn 0.5191 -0.1057 0.8481
vn 0.5192 -0.1060 0.8481
vn 0.7480 -0.0389 0.6626
vn 0.7480 -0.0388 0.6626
vn 0.7466 -0.0312 0.6645
vn 0.7467 -0.0313 0.6645
vn 0.3729 -0.1801 0.9102
vn 0.3728 -0.1797 0.9104
vn 0.3667 -0.1443 0.9191
vn 0.3668 -0.1447 0.9190
vn 0.9772 0.1458 0.1542
vn 0.9506 0.1025 0.2930
vn 0.9541 0.0822 0.2880
vn 0.9821 0.1174 0.1472
vn 0.8588 0.0242 0.5118
vn 0.8596 0.0194 0.5106
vn 0.8063 -0.0080 0.5914
vn 0.8061 -0.0064 0.5918
vn 0.8209 0.2941 -0.4895
vn 0.8210 0.2938 -0.4895
vn 0.8310 0.2360 -0.5038
vn 0.8309 0.2363 -0.5037
vn -0.3281 -0.2050 0.9222
vn -0.3325 -0.2378 0.9126
vn -0.3264 -0.1937 0.9252
vn -0.3214 -0.1603 0.9333
vn 0.3038 -0.1195 0.9452
vn 0.3314 -0.0979 0.9384
vn 0.3035 -0.1197 0.9453
vn 0.2715 -0.1442 0.9516
vn -0.1774 -0.1146 0.9774
vn -0.4380 -0.1190 0.8911
vn -0.5541 -0.2456 0.7954
vn -0.5016 -0.2276 0.8346
vn -0.4090 -0.1953 0.8914
vn -0.4639 -0.2145 0.8595
vn -0.5482 -0.2076 0.8102
vn -0.5132 -0.2040 0.8337
vn -0.6139 0.7476 -0.2533
vn -0.5903 0.7459 -0.3085
vn -0.5922 0.7461 -0.3045
vn -0.6152 0.7476 -0.2501
vn 0.6325 -0.7365 0.2397
vn 0.6344 -0.7359 0.2367
vn 0.6632 -0.7245 0.1878
vn 0.6619 -0.7251 0.1900
vn 0.5436 0.6588 0.5200
vn 0.5437 0.6614 0.5167
vn 0.5431 0.6921 0.4754
vn 0.5432 0.6910 0.4770
vn -0.5003 -0.6472 -0.5752
vn -0.5023 -0.6781 -0.5366
vn -0.5023 -0.6776 -0.5372
vn -0.5003 -0.6461 -0.5764
vn -0.5190 -0.6415 -0.5650
vn -0.5165 -0.6408 -0.5679
vn -0.4983 -0.6359 -0.5894
vn -0.5008 -0.6366 -0.5865
vn 0.5534 0.6589 0.5095
vn 0.5420 0.6488 0.5341
vn 0.5437 0.6503 0.5306
vn 0.5551 0.6603 0.5058
vn 0.2556 -0.1044 0.9611
vn 0.2568 -0.1005 0.9612
vn -0.3045 -0.0709 0.9499
vn -0.4487 -0.0776 0.8903
vn -0.4685 -0.1613 0.8686
vn -0.5365 -0.1603 0.8286
vn -0.5531 -0.1071 0.8262
vn -0.5297 -0.1546 0.8340
vn 0.5157 -0.0797 0.8531
vn 0.5157 -0.0793 0.8531
vn 0.5132 -0.0526 0.8567
vn 0.5132 -0.0529 0.8566
vn 0.7456 -0.0234 0.6660
vn 0.7456 -0.0235 0.6659
vn 0.7449 -0.0155 0.6670
vn 0.7449 -0.0156 0.6670
vn 0.3619 -0.1083 0.9259
vn 0.3620 -0.1087 0.9258
vn 0.3586 -0.0718 0.9307
vn 0.3586 -0.0722 0.9307
vn 0.9860 0.0879 0.1416
vn 0.9568 0.0618 0.2842
vn 0.9587 0.0409 0.2814
vn 0.9887 0.0586 0.1377
vn 0.8602 0.0146 0.5097
vn 0.8607 0.0096 0.5090
vn 0.8058 -0.0048 0.5921
vn 0.8057 -0.0032 0.5923
vn 0.8387 0.1774 -0.5149
vn 0.8387 0.1771 -0.5149
vn 0.8443 0.1175 -0.5229
vn 0.8442 0.1178 -0.5228
vn -0.3388 -0.0796 0.9375
vn -0.3457 -0.1128 0.9315
vn -0.3363 -0.0682 0.9393
vn -0.3287 -0.0346 0.9438
vn 0.2978 -0.0397 0.9538
vn 0.3269 -0.0211 0.9448
vn 0.2975 -0.0399 0.9539
vn 0.2637 -0.0612 0.9627
vn -0.1815 0.0047 0.9834
vn -0.4421 0.0106 0.8969
vn -0.5139 -0.0984 0.8522
vn -0.4189 -0.0672 0.9055
vn -0.4752 -0.0856 0.8757
vn -0.5677 -0.1165 0.8149
vn -0.5237 -0.0743 0.8487
vn -0.5590 -0.0777 0.8255
vn -0.5358 0.7514 -0.3852
vn -0.5585 0.7605 -0.3314
vn -0.5572 0.7600 -0.3346
vn -0.5340 0.7506 -0.3892
vn 0.6064 -0.7481 0.2695
vn 0.5765 -0.7519 0.3200
vn 0.5784 -0.7517 0.3169
vn 0.6078 -0.7478 0.2672
vn 0.5936 0.6682 0.4484
vn 0.5938 0.6705 0.4448
vn 0.5954 0.6965 0.4005
vn 0.5954 0.6955 0.4022
vn -0.5496 -0.6649 -0.5058
vn -0.5498 -0.6658 -0.5044
vn -0.5539 -0.6922 -0.4627
vn -0.5539 -0.6918 -0.4633
vn -0.5469 -0.6563 -0.5197
vn -0.5495 -0.6565 -0.5167
vn -0.5679 -0.6577 -0.4949
vn -0.5654 -0.6576 -0.4979
vn 0.5931 0.6609 0.4599
vn 0.6051 0.6674 0.4342
vn 0.6033 0.6664 0.4380
vn 0.5913 0.6599 0.4636
vn -0.3051 0.0546 0.9508
vn 0.2509 -0.0195 0.9678
vn 0.2524 -0.0157 0.9675
vn -0.4497 0.0524 0.8917
vn -0.4758 -0.0315 0.8790
vn -0.5436 -0.0297 0.8388
vn -0.5562 0.0240 0.8307
vn -0.5364 -0.0240 0.8436
vn 0.5117 -0.0260 0.8588
vn 0.5117 -0.0257 0.8588
vn 0.5113 0.0014 0.8594
vn 0.5113 0.0010 0.8594
vn 0.7445 -0.0077 0.6676
vn 0.7445 -0.0076 0.6676
vn 0.7443 0.0004 0.6678
vn 0.7443 0.0003 0.6678
vn 0.3566 -0.0351 0.9336
vn 0.3566 -0.0355 0.9336
vn 0.3559 0.0014 0.9345
vn 0.3559 0.0018 0.9345
vn 0.9599 0.0201 0.2797
vn 0.9904 0.0284 0.1353
vn 0.9602 -0.0011 0.2792
vn 0.9909 -0.0013 0.1346
vn 0.8610 0.0047 0.5087
vn 0.8610 -0.0003 0.5085
vn 0.8056 -0.0016 0.5925
vn 0.8056 0.0000 0.5925
vn 0.8476 0.0574 -0.5276
vn 0.8475 0.0577 -0.5276
vn 0.8486 -0.0029 -0.5291
vn 0.8486 -0.0026 -0.5291
vn -0.3400 0.0472 0.9392
vn -0.3494 0.0141 0.9369
vn -0.3366 0.0585 0.9398
vn -0.3266 0.0917 0.9407
vn 0.2975 0.0406 0.9539
vn 0.2623 0.0230 0.9647
vn 0.2978 0.0407 0.9537
vn 0.3282 0.0560 0.9429
vn -0.1767 0.1238 0.9764
vn -0.4364 0.1400 0.8888
vn -0.4191 0.0620 0.9058
vn -0.4768 0.0448 0.8779
vn -0.5716 0.0146 0.8204
vn -0.5164 0.0325 0.8557
vn -0.5243 0.0568 0.8496
vn -0.5599 0.0535 0.8268
vn -0.4795 0.7437 -0.4658
vn -0.5012 0.7602 -0.4134
vn -0.5000 0.7593 -0.4166
vn -0.4778 0.7423 -0.4697
vn 0.5498 -0.7581 0.3507
vn 0.5198 -0.7542 0.4012
vn 0.5217 -0.7546 0.3981
vn 0.5511 -0.7583 0.3484
vn 0.6476 0.6889 0.3258
vn 0.6475 0.6881 0.3276
vn 0.6438 0.6661 0.3765
vn 0.6442 0.6679 0.3727
vn -0.6002 -0.6731 -0.4321
vn -0.6061 -0.6944 -0.3879
vn -0.6060 -0.6941 -0.3886
vn -0.6000 -0.6724 -0.4335
vn -0.6151 -0.6630 -0.4267
vn -0.5967 -0.6655 -0.4485
vn -0.5993 -0.6652 -0.4455
vn -0.6176 -0.6626 -0.4237
vn 0.6551 0.6629 0.3625
vn 0.6534 0.6625 0.3664
vn 0.6410 0.6597 0.3924
vn 0.6428 0.6601 0.3887
vn 0.2526 0.0658 0.9653
vn 0.2545 0.0695 0.9646
vn -0.2963 0.1791 0.9382
vn -0.4409 0.1814 0.8790
vn -0.4733 0.0988 0.8754
vn -0.5409 0.1014 0.8349
vn -0.5495 0.1547 0.8211
vn -0.5333 0.1070 0.8391
vn -0.5698 0.0957 0.8162
vn 0.5118 0.0284 0.8586
vn 0.5118 0.0281 0.8586
vn 0.5134 0.0550 0.8564
vn 0.5134 0.0553 0.8564
vn 0.7445 0.0082 0.6676
vn 0.7445 0.0083 0.6676
vn 0.7449 0.0163 0.6669
vn 0.7449 0.0162 0.6669
vn 0.3567 0.0383 0.9335
vn 0.3567 0.0388 0.9334
vn 0.3588 0.0755 0.9303
vn 0.3588 0.0751 0.9304
vn 0.9598 -0.0220 0.2798
vn 0.9903 -0.0316 0.1355
vn 0.9586 -0.0431 0.2816
vn 0.9886 -0.0611 0.1380
vn 0.8609 -0.0052 0.5087
vn 0.8606 -0.0103 0.5091
vn 0.8056 0.0016 0.5925
vn 0.8057 0.0033 0.5923
vn 0.8473 -0.0630 -0.5273
vn 0.8473 -0.0633 -0.5273
vn 0.8438 -0.1234 -0.5222
vn 0.8439 -0.1231 -0.5223
vn -0.3275 0.1842 0.9267
vn -0.3150 0.2165 0.9241
vn -0.3317 0.1731 0.9274
vn -0.3436 0.1408 0.9285
vn 0.3039 0.1205 0.9451
vn 0.3353 0.1322 0.9328
vn 0.3036 0.1203 0.9452
vn 0.2672 0.1067 0.9577
vn -0.1630 0.2409 0.9568
vn -0.4211 0.2669 0.8669
vn -0.4685 0.1745 0.8661
vn -0.5656 0.1454 0.8118
vn -0.5090 0.1628 0.8452
vn -0.4096 0.1902 0.8922
vn -0.5509 0.1839 0.8140
vn -0.5151 0.1868 0.8365
vn -0.4243 0.7232 -0.5449
vn -0.4445 0.7468 -0.4947
vn -0.4433 0.7455 -0.4977
vn -0.4227 0.7213 -0.5486
vn 0.4652 -0.7444 0.4790
vn 0.4941 -0.7556 0.4300
vn 0.4928 -0.7552 0.4323
vn 0.4634 -0.7436 0.4820
vn 0.6935 0.6526 0.3054
vn 0.6940 0.6539 0.3014
vn 0.6987 0.6694 0.2525
vn 0.6985 0.6688 0.2545
vn -0.6504 -0.6681 -0.3614
vn -0.6507 -0.6687 -0.3599
vn -0.6580 -0.6846 -0.3136
vn -0.6579 -0.6844 -0.3143
vn -0.6672 -0.6561 -0.3526
vn -0.6648 -0.6570 -0.3555
vn -0.6467 -0.6632 -0.3768
vn -0.6492 -0.6623 -0.3739
vn 0.6902 0.6481 0.3219
vn 0.6920 0.6480 0.3181
vn 0.7045 0.6470 0.2918
vn 0.7027 0.6471 0.2957
vn -0.2782 0.3005 0.9123
vn 0.2607 0.1500 0.9537
vn 0.2628 0.1534 0.9526
vn -0.4225 0.3073 0.8527
vn -0.4610 0.2275 0.8578
vn -0.5284 0.2307 0.8170
vn -0.5330 0.2828 0.7975
vn -0.5204 0.2362 0.8206
vn 0.5159 0.0817 0.8527
vn 0.5160 0.0820 0.8527
vn 0.5195 0.1083 0.8476
vn 0.5195 0.1080 0.8476
vn 0.7457 0.0240 0.6659
vn 0.7457 0.0241 0.6658
vn 0.7468 0.0319 0.6643
vn 0.7467 0.0318 0.6644
vn 0.3623 0.1115 0.9254
vn 0.3624 0.1119 0.9253
vn 0.3672 0.1479 0.9183
vn 0.3672 0.1475 0.9184
vn 0.9566 -0.0637 0.2845
vn 0.9857 -0.0910 0.1421
vn 0.9538 -0.0843 0.2885
vn 0.9817 -0.1199 0.1477
vn 0.8602 -0.0151 0.5098
vn 0.8595 -0.0201 0.5107
vn 0.8058 0.0048 0.5921
vn 0.8061 0.0064 0.5918
vn 0.8381 -0.1826 -0.5140
vn 0.8381 -0.1829 -0.5140
vn 0.8301 -0.2416 -0.5026
vn 0.8301 -0.2413 -0.5026
vn -0.3140 0.2961 0.9021
vn -0.3283 0.2650 0.9066
vn -0.3090 0.3067 0.9003
vn -0.2941 0.3374 0.8942
vn 0.3156 0.1980 0.9280
vn 0.2783 0.1886 0.9418
vn 0.3159 0.1981 0.9279
vn 0.3481 0.2061 0.9145
vn -0.3964 0.3893 0.8315
vn -0.1406 0.3538 0.9247
vn -0.4920 0.2903 0.8208
vn -0.3906 0.3151 0.8650
vn -0.4506 0.3011 0.8404
vn -0.5498 0.2737 0.7892
vn -0.4963 0.3137 0.8095
vn -0.5323 0.3110 0.7874
vn -0.3882 0.7189 -0.5767
vn -0.3696 0.6879 -0.6246
vn -0.3711 0.6903 -0.6212
vn -0.3892 0.7206 -0.5738
vn 0.4083 -0.7202 0.5609
vn 0.4100 -0.7215 0.5580
vn 0.4378 -0.7400 0.5107
vn 0.4365 -0.7392 0.5129
vn 0.7422 0.6286 0.2322
vn 0.7479 0.6383 0.1820
vn 0.7478 0.6380 0.1840
vn 0.7417 0.6277 0.2363
vn -0.7004 -0.6528 -0.2886
vn -0.7088 -0.6630 -0.2408
vn -0.7087 -0.6629 -0.2416
vn -0.7001 -0.6524 -0.2902
vn -0.7136 -0.6397 -0.2856
vn -0.6961 -0.6494 -0.3060
vn -0.6986 -0.6481 -0.3032
vn -0.7160 -0.6383 -0.2828
vn 0.7522 0.6199 0.2235
vn 0.7504 0.6207 0.2274
vn 0.7381 0.6253 0.2532
vn 0.7400 0.6247 0.2495
vn 0.2751 0.2316 0.9331
vn 0.2775 0.2346 0.9316
vn -0.2512 0.4168 0.8736
vn -0.3948 0.4279 0.8130
vn -0.4392 0.3522 0.8265
vn -0.5063 0.3561 0.7854
vn -0.4979 0.3613 0.7884
vn -0.5071 0.4059 0.7603
vn 0.5240 0.1338 0.8411
vn 0.5241 0.1342 0.8410
vn 0.5296 0.1594 0.8331
vn 0.5296 0.1591 0.8332
vn 0.7481 0.0394 0.6624
vn 0.7481 0.0395 0.6624
vn 0.7497 0.0470 0.6601
vn 0.7497 0.0469 0.6601
vn 0.3735 0.1831 0.9094
vn 0.3734 0.1828 0.9095
vn 0.3810 0.2177 0.8986
vn 0.3809 0.2173 0.8987
vn 0.9502 -0.1043 0.2935
vn 0.9766 -0.1489 0.1551
vn 0.9459 -0.1241 0.2997
vn 0.9706 -0.1766 0.1637
vn 0.8587 -0.0247 0.5119
vn 0.8576 -0.0295 0.5134
vn 0.8063 0.0080 0.5914
vn 0.8067 0.0095 0.5909
vn 0.8200 -0.2990 -0.4881
vn 0.8199 -0.2993 -0.4880
vn 0.8076 -0.3558 -0.4703
vn 0.8077 -0.3555 -0.4704
vn -0.2815 0.4239 0.8609
vn -0.2644 0.4526 0.8516
vn -0.2873 0.4139 0.8638
vn -0.3039 0.3847 0.8716
vn 0.2955 0.2673 0.9172
vn 0.3336 0.2724 0.9025
vn 0.3662 0.2764 0.8885
vn 0.3333 0.2723 0.9026
vn -0.1099 0.4606 0.8808
vn -0.3627 0.5049 0.7833
vn -0.4234 0.4225 0.8014
vn -0.5245 0.3973 0.7530
vn -0.4655 0.4129 0.7828
vn -0.3623 0.4345 0.8245
vn -0.4681 0.4351 0.7691
vn -0.5043 0.4328 0.7472
vn -0.3355 0.6799 -0.6521
vn -0.3195 0.6426 -0.6964
vn -0.3208 0.6454 -0.6932
vn -0.3364 0.6820 -0.6494
vn 0.3554 -0.6844 0.6367
vn 0.3570 -0.6860 0.6339
vn 0.3831 -0.7116 0.5890
vn 0.3819 -0.7104 0.5911
vn 0.7944 0.5963 0.1154
vn 0.7942 0.5962 0.1174
vn 0.7876 0.5921 0.1705
vn 0.7882 0.5925 0.1664
vn -0.7573 -0.6300 -0.1719
vn -0.7482 -0.6254 -0.2213
vn -0.7486 -0.6256 -0.2197
vn -0.7575 -0.6300 -0.1711
vn -0.7464 -0.6227 -0.2347
vn -0.7629 -0.6095 -0.2155
vn -0.7607 -0.6113 -0.2181
vn -0.7441 -0.6245 -0.2373
vn 0.7857 0.5906 0.1840
vn 0.7974 0.5822 0.1587
vn 0.7957 0.5835 0.1624
vn 0.7840 0.5918 0.1876
vn 0.2980 0.3119 0.9022
vn -0.2157 0.5258 0.8228
vn 0.2955 0.3091 0.9040
vn -0.3583 0.5411 0.7608
vn -0.4082 0.4708 0.7821
vn -0.4750 0.4753 0.7405
vn -0.4721 0.5221 0.7103
vn -0.4662 0.4802 0.7430
vn 0.5360 0.1837 0.8240
vn 0.5361 0.1840 0.8239
vn 0.5435 0.2078 0.8133
vn 0.5434 0.2075 0.8134
vn 0.7516 0.0541 0.6574
vn 0.7516 0.0542 0.6574
vn 0.7538 0.0612 0.6542
vn 0.7538 0.0612 0.6543
vn 0.3897 0.2509 0.8861
vn 0.3898 0.2512 0.8860
vn 0.3999 0.2837 0.8715
vn 0.3998 0.2834 0.8717
vn 0.9409 -0.1432 0.3069
vn 0.9633 -0.2041 0.1741
vn 0.9352 -0.1618 0.3151
vn 0.9553 -0.2302 0.1856
vn 0.8565 -0.0339 0.5151
vn 0.8551 -0.0384 0.5171
vn 0.8070 0.0109 0.5904
vn 0.8075 0.0124 0.5898
vn 0.7933 -0.4104 -0.4498
vn 0.7932 -0.4107 -0.4497
vn 0.7767 -0.4638 -0.4262
vn 0.7768 -0.4635 -0.4263
vn -0.2520 0.5247 0.8132
vn -0.2706 0.4978 0.8240
vn -0.2455 0.5338 0.8092
vn -0.2263 0.5600 0.7970
vn 0.3564 0.3419 0.8695
vn 0.3184 0.3413 0.8844
vn 0.3567 0.3419 0.8694
vn 0.3895 0.3420 0.8552
vn -0.0715 0.5594 0.8258
vn -0.3207 0.6119 0.7230
vn -0.4301 0.5283 0.7321
vn -0.3254 0.5465 0.7716
vn -0.3872 0.5367 0.7497
vn -0.4902 0.5141 0.7039
vn -0.4310 0.5491 0.7161
vn -0.4674 0.5471 0.6944
vn -0.2870 0.6316 -0.7203
vn -0.2862 0.6291 -0.7227
vn -0.2733 0.5862 -0.7627
vn -0.2743 0.5895 -0.7598
vn 0.3057 -0.6368 0.7079
vn 0.3072 -0.6388 0.7054
vn 0.3311 -0.6709 0.6635
vn 0.3300 -0.6695 0.6655
vn 0.8305 0.5463 0.1092
vn 0.8311 0.5461 0.1050
vn 0.8373 0.5440 0.0539
vn 0.8371 0.5441 0.0559
vn -0.8033 -0.5862 -0.1055
vn -0.8031 -0.5862 -0.1063
vn -0.7939 -0.5877 -0.1558
vn -0.7943 -0.5877 -0.1542
vn -0.7898 -0.5888 -0.1719
vn -0.7920 -0.5866 -0.1695
vn -0.8074 -0.5702 -0.1519
vn -0.8053 -0.5724 -0.1543
vn 0.8285 0.5464 0.1227
vn 0.8395 0.5344 0.0985
vn 0.8379 0.5362 0.1021
vn 0.8269 0.5480 0.1261
vn 0.3215 0.3814 0.8667
vn 0.3242 0.3837 0.8647
vn -0.1724 0.6258 0.7607
vn -0.3137 0.6450 0.6968
vn -0.3686 0.5814 0.7254
vn -0.4350 0.5864 0.6833
vn -0.4288 0.6293 0.6482
vn -0.4259 0.5908 0.6853
vn 0.5516 0.2304 0.8016
vn 0.5517 0.2307 0.8015
vn 0.5608 0.2526 0.7885
vn 0.5607 0.2524 0.7886
vn 0.7562 0.0679 0.6508
vn 0.7562 0.0680 0.6508
vn 0.7589 0.0745 0.6469
vn 0.7589 0.0744 0.6470
vn 0.4110 0.3146 0.8556
vn 0.4111 0.3150 0.8554
vn 0.4235 0.3449 0.8376
vn 0.4234 0.3446 0.8378
vn 0.9288 -0.1795 0.3243
vn 0.9460 -0.2559 0.1989
vn 0.9217 -0.1967 0.3345
vn 0.9361 -0.2799 0.2132
vn 0.8536 -0.0425 0.5192
vn 0.8519 -0.0466 0.5216
vn 0.8080 0.0137 0.5891
vn 0.8085 0.0151 0.5883
vn 0.7584 -0.5146 -0.3999
vn 0.7583 -0.5149 -0.3998
vn 0.7382 -0.5635 -0.3709
vn 0.7380 -0.5638 -0.3707
vn -0.2086 0.6264 0.7511
vn -0.2292 0.6023 0.7647
vn -0.2015 0.6345 0.7462
vn -0.1804 0.6577 0.7313
vn 0.3466 0.4095 0.8439
vn 0.3849 0.4056 0.8291
vn 0.4175 0.4017 0.8151
vn 0.3846 0.4056 0.8292
vn -0.0260 0.6487 0.7606
vn -0.2709 0.7083 0.6518
vn -0.3863 0.6346 0.6694
vn -0.2804 0.6491 0.7072
vn -0.3429 0.6416 0.6861
vn -0.4474 0.6220 0.6426
vn -0.3858 0.6535 0.6512
vn -0.4223 0.6520 0.6297
vn -0.2412 0.5676 -0.7872
vn -0.2316 0.5198 -0.8223
vn -0.2324 0.5234 -0.8198
vn -0.2417 0.5703 -0.7851
vn 0.2599 -0.5782 0.7734
vn 0.2613 -0.5806 0.7711
vn 0.2825 -0.6187 0.7331
vn 0.2815 -0.6170 0.7349
vn 0.8758 0.4827 0.0006
vn 0.8695 0.4910 0.0532
vn 0.8701 0.4904 0.0491
vn 0.8760 0.4823 -0.0014
vn -0.8367 -0.5396 -0.0934
vn -0.8454 -0.5323 -0.0453
vn -0.8452 -0.5324 -0.0460
vn -0.8364 -0.5398 -0.0950
vn -0.8466 -0.5237 -0.0952
vn -0.8324 -0.5430 -0.1109
vn -0.8344 -0.5403 -0.1087
vn -0.8484 -0.5210 -0.0930
vn 0.8761 0.4797 0.0473
vn 0.8661 0.4949 0.0699
vn 0.8676 0.4927 0.0666
vn 0.8776 0.4775 0.0439
vn 0.3527 0.4471 0.8220
vn 0.3556 0.4490 0.8198
vn -0.1219 0.7150 0.6884
vn -0.2616 0.7378 0.6223
vn -0.3210 0.6819 0.6573
vn -0.3871 0.6873 0.6146
vn -0.3778 0.7256 0.5751
vn -0.3776 0.6912 0.6162
vn 0.5706 0.2732 0.7745
vn 0.5707 0.2734 0.7743
vn 0.5813 0.2931 0.7590
vn 0.5812 0.2928 0.7592
vn 0.7618 0.0805 0.6428
vn 0.7618 0.0806 0.6428
vn 0.7650 0.0864 0.6383
vn 0.7649 0.0863 0.6383
vn 0.4369 0.3730 0.8185
vn 0.4371 0.3733 0.8183
vn 0.4514 0.3998 0.7977
vn 0.4516 0.4001 0.7975
vn 0.9250 -0.3033 0.2291
vn 0.9140 -0.2128 0.3454
vn 0.9133 -0.3248 0.2458
vn 0.9057 -0.2282 0.3574
vn 0.8501 -0.0504 0.5242
vn 0.8481 -0.0541 0.5271
vn 0.8091 0.0163 0.5874
vn 0.8097 0.0175 0.5865
vn 0.7160 -0.6102 -0.3391
vn 0.7161 -0.6100 -0.3393
vn 0.6922 -0.6541 -0.3051
vn 0.6923 -0.6538 -0.3052
vn -0.1276 0.7441 0.6557
vn -0.1580 0.7173 0.6786
vn -0.1803 0.6964 0.6946
vn -0.1503 0.7243 0.6729
vn 0.3798 0.4706 0.7964
vn 0.4176 0.4623 0.7823
vn 0.4497 0.4545 0.7689
vn 0.4172 0.4624 0.7824
vn 0.0258 0.7267 0.6865
vn -0.2144 0.7925 0.5709
vn -0.2910 0.7355 0.6119
vn -0.3969 0.7192 0.5703
vn -0.3349 0.7300 0.5958
vn -0.2281 0.7404 0.6322
vn -0.3696 0.7457 0.5544
vn -0.3331 0.7468 0.5757
vn -0.1958 0.4483 -0.8722
vn -0.2014 0.4992 -0.8428
vn -0.2011 0.4962 -0.8446
vn -0.1953 0.4444 -0.8743
vn 0.2383 -0.5558 0.7964
vn 0.2375 -0.5539 0.7980
vn 0.2190 -0.5097 0.8320
vn 0.2201 -0.5124 0.8300
vn 0.9095 0.4129 -0.0477
vn 0.9041 0.4273 0.0037
vn 0.9046 0.4262 -0.0004
vn 0.9097 0.4123 -0.0497
vn -0.8831 -0.4692 0.0088
vn -0.8830 -0.4694 0.0080
vn -0.8749 -0.4827 -0.0398
vn -0.8752 -0.4823 -0.0382
vn -0.8838 -0.4659 -0.0418
vn -0.8712 -0.4878 -0.0553
vn -0.8730 -0.4848 -0.0534
vn -0.8855 -0.4629 -0.0400
vn 0.9011 0.4332 0.0198
vn 0.9024 0.4306 0.0168
vn 0.9110 0.4123 -0.0041
vn 0.9098 0.4150 -0.0010
vn 0.3915 0.5065 0.7682
vn 0.0227 0.7450 0.6667
vn 0.3885 0.5051 0.7707
vn -0.2071 0.8011 0.5616
vn -0.2345 0.7535 0.6142
vn -0.3284 0.7649 0.5542
vn -0.3212 0.7932 0.5173
vn -0.3222 0.7797 0.5368
vn -0.3482 0.7937 0.4988
vn 0.5926 0.3112 0.7430
vn 0.5927 0.3115 0.7428
vn 0.5986 0.3200 0.7344
vn 0.7683 0.0918 0.6335
vn 0.7700 0.0943 0.6310
vn 0.4669 0.4249 0.7755
vn 0.4671 0.4252 0.7752
vn 0.4752 0.4369 0.7638
vn 0.9005 -0.3454 0.2640
vn 0.8969 -0.2424 0.3700
vn 0.8940 -0.3549 0.2734
vn 0.8920 -0.2478 0.3780
vn 0.8460 -0.0574 0.5300
vn 0.8445 -0.0580 0.5324
vn 0.8104 0.0186 0.5856
vn 0.8107 0.0191 0.5851
vn 0.6668 -0.6951 -0.2687
vn 0.6670 -0.6949 -0.2689
vn 0.6537 -0.7144 -0.2498
vn -0.5256 0.7958 0.3006
vn -0.5128 0.8177 0.2616
vn -0.5225 0.8016 0.2907
vn -0.5344 0.7785 0.3291
vn -0.8416 0.5110 -0.1749
vn -0.8411 0.5236 -0.1357
vn -0.8416 0.5111 -0.1746
vn -0.8409 0.4994 -0.2087
vn -0.3997 0.8631 0.3088
vn -0.5961 0.7922 0.1305
vn -0.3412 0.8040 0.4870
vn -0.4157 0.8167 0.4004
vn -0.4562 0.8191 0.3479
vn -0.3858 0.8128 0.4365
vn -0.3664 0.8271 0.4262
vn -0.3338 0.8265 0.4533
vn 0.8965 0.4163 -0.1514
vn 0.8951 0.4195 -0.1508
vn 0.9169 0.3654 -0.1606
vn 0.9184 0.3613 -0.1614
vn -0.8698 -0.4814 0.1078
vn -0.8688 -0.4836 0.1067
vn -0.8906 -0.4356 0.1304
vn -0.8919 -0.4326 0.1319
vn -0.2387 0.3353 -0.9114
vn -0.2820 0.3547 -0.8914
vn -0.2855 0.3562 -0.8897
vn -0.2404 0.3360 -0.9106
vn 0.3043 -0.4169 0.8565
vn 0.3056 -0.4175 0.8557
vn 0.2644 -0.3984 0.8783
vn 0.2638 -0.3981 0.8786
vn 0.3104 -0.3970 0.8637
vn 0.3170 -0.4211 0.8499
vn 0.3179 -0.4244 0.8479
vn 0.3113 -0.4003 0.8619
vn -0.2841 0.3431 -0.8953
vn -0.2818 0.3400 -0.8972
vn -0.2970 0.3610 -0.8840
vn -0.2991 0.3640 -0.8821
vn -0.8161 0.5552 -0.1601
vn -0.8175 0.5544 -0.1563
vn -0.4855 0.8552 0.1816
vn -0.3714 0.8839 0.2844
vn -0.3908 0.8462 0.3623
vn -0.3271 0.8522 0.4084
vn -0.2883 0.8793 0.3790
vn -0.3314 0.8548 0.3993
vn -0.3019 0.8497 0.4324
vn -0.2693 0.8824 0.3857
vn -0.8764 0.2469 -0.4135
vn -0.8765 0.2467 -0.4134
vn -0.8670 0.2569 -0.4269
vn -0.8669 0.2570 -0.4271
vn -0.8272 0.0196 -0.5616
vn -0.8272 0.0197 -0.5616
vn -0.8264 0.0204 -0.5627
vn -0.8264 0.0205 -0.5627
vn -0.8550 0.4698 -0.2196
vn -0.8552 0.4696 -0.2193
vn -0.8372 0.4889 -0.2452
vn -0.8370 0.4891 -0.2454
vn -0.5856 -0.3816 -0.7152
vn -0.7088 -0.2187 -0.6707
vn -0.6000 -0.3971 -0.6945
vn -0.7172 -0.2278 -0.6585
vn -0.8161 -0.0100 -0.5778
vn -0.8165 -0.0105 -0.5772
vn -0.8275 0.0205 -0.5611
vn -0.8267 0.0214 -0.5622
vn -0.0326 -0.7679 -0.6397
vn -0.0325 -0.7678 -0.6399
vn -0.0619 -0.7993 -0.5977
vn -0.0621 -0.7995 -0.5975
vn -0.4732 0.8472 0.2414
vn -0.4633 0.8607 0.2113
vn -0.4490 0.8772 0.1702
vn -0.4597 0.8650 0.2009
vn -0.8000 0.5676 -0.1945
vn -0.8016 0.5511 -0.2318
vn -0.8019 0.5357 -0.2645
vn -0.8016 0.5509 -0.2322
vn -0.3326 0.9188 0.2127
vn -0.5345 0.8441 0.0422
vn -0.3921 0.8836 0.2561
vn -0.3220 0.8816 0.3452
vn -0.2780 0.8750 0.3965
vn -0.3516 0.8838 0.3087
vn -0.2691 0.8931 0.3605
vn -0.3016 0.8932 0.3334
vn 0.9410 0.2763 -0.1953
vn 0.9422 0.2720 -0.1955
vn 0.9246 0.3292 -0.1917
vn 0.9235 0.3326 -0.1914
vn -0.9031 -0.4003 0.1554
vn -0.9022 -0.4026 0.1546
vn -0.9204 -0.3508 0.1729
vn -0.9214 -0.3475 0.1740
vn -0.2616 0.2790 -0.9240
vn -0.2182 0.2534 -0.9424
vn -0.2166 0.2524 -0.9431
vn -0.2582 0.2770 -0.9255
vn 0.2370 -0.3203 0.9172
vn 0.2364 -0.3199 0.9175
vn 0.2750 -0.3437 0.8979
vn 0.2763 -0.3445 0.8972
vn 0.2838 -0.3275 0.9012
vn 0.2832 -0.3239 0.9027
vn 0.2879 -0.3498 0.8915
vn 0.2885 -0.3533 0.8899
vn -0.2726 0.2852 -0.9189
vn -0.2746 0.2886 -0.9172
vn -0.2612 0.2653 -0.9281
vn -0.2592 0.2618 -0.9297
vn -0.4192 0.9037 0.0867
vn -0.7729 0.5945 -0.2221
vn -0.7742 0.5941 -0.2182
vn -0.3029 0.9346 0.1863
vn -0.3248 0.9071 0.2678
vn -0.2607 0.9132 0.3132
vn -0.2201 0.9341 0.2812
vn -0.2647 0.9152 0.3039
vn -0.2356 0.9114 0.3374
vn -0.2008 0.9364 0.2876
vn -0.8571 0.2661 -0.4412
vn -0.8572 0.2660 -0.4410
vn -0.8470 0.2738 -0.4556
vn -0.8469 0.2739 -0.4557
vn -0.8256 0.0212 -0.5638
vn -0.8248 0.0218 -0.5650
vn -0.8185 0.5061 -0.2719
vn -0.8183 0.5062 -0.2722
vn -0.7990 0.5213 -0.2999
vn -0.7992 0.5211 -0.2996
vn -0.7259 -0.2357 -0.6462
vn -0.6154 -0.4112 -0.6724
vn -0.7350 -0.2428 -0.6332
vn -0.6309 -0.4233 -0.6502
vn -0.8169 -0.0108 -0.5767
vn -0.8173 -0.0111 -0.5761
vn -0.8259 0.0222 -0.5634
vn -0.8250 0.0228 -0.5646
vn -0.0927 -0.8276 -0.5537
vn -0.0925 -0.8274 -0.5539
vn -0.1241 -0.8520 -0.5087
vn -0.1243 -0.8521 -0.5084
vn -0.3966 0.9107 0.1158
vn -0.3812 0.9216 0.0732
vn -0.3928 0.9136 0.1050
vn -0.4074 0.9013 0.1471
vn -0.7590 0.5815 -0.2929
vn -0.7605 0.5628 -0.3237
vn -0.7590 0.5813 -0.2932
vn -0.7560 0.6018 -0.2576
vn -0.4695 0.8814 -0.0508
vn -0.2619 0.9586 0.1114
vn -0.3237 0.9329 0.1581
vn -0.2536 0.9352 0.2472
vn -0.2100 0.9308 0.2991
vn -0.2831 0.9357 0.2105
vn -0.1999 0.9443 0.2614
vn -0.2325 0.9440 0.2343
vn 0.9459 0.2365 -0.2222
vn 0.9450 0.2399 -0.2223
vn 0.9583 0.1824 -0.2200
vn 0.9592 0.1780 -0.2198
vn -0.9300 -0.3124 0.1939
vn -0.9292 -0.3149 0.1933
vn -0.9434 -0.2602 0.2059
vn -0.9441 -0.2567 0.2066
vn -0.2009 0.1652 -0.9656
vn -0.2405 0.1946 -0.9509
vn -0.2437 0.1970 -0.9496
vn -0.2024 0.1663 -0.9651
vn 0.2521 -0.2650 0.9307
vn 0.2533 -0.2660 0.9301
vn 0.2160 -0.2368 0.9472
vn 0.2154 -0.2364 0.9475
vn 0.2644 -0.2726 0.9251
vn 0.2648 -0.2764 0.9239
vn 0.2621 -0.2491 0.9323
vn 0.2617 -0.2454 0.9334
vn -0.2443 0.1829 -0.9523
vn -0.2425 0.1792 -0.9535
vn -0.2542 0.2045 -0.9453
vn -0.2558 0.2082 -0.9440
vn -0.7284 0.6236 -0.2839
vn -0.3499 0.9367 -0.0125
vn -0.7270 0.6234 -0.2877
vn -0.2312 0.9693 0.0836
vn -0.2548 0.9524 0.1675
vn -0.1902 0.9585 0.2123
vn -0.1942 0.9598 0.2028
vn -0.1483 0.9727 0.1784
vn -0.1652 0.9574 0.2366
vn -0.1652 0.9575 0.2366
vn -0.1289 0.9743 0.1846
vn -0.8366 0.2806 -0.4705
vn -0.8365 0.2806 -0.4707
vn -0.8260 0.2861 -0.4857
vn -0.8258 0.2861 -0.4859
vn -0.8240 0.0224 -0.5662
vn -0.8240 0.0223 -0.5661
vn -0.8231 0.0228 -0.5674
vn -0.7791 0.5340 -0.3283
vn -0.7793 0.5339 -0.3280
vn -0.7591 0.5443 -0.3571
vn -0.7589 0.5444 -0.3574
vn -0.7441 -0.2487 -0.6200
vn -0.6472 -0.4337 -0.6269
vn -0.6635 -0.4422 -0.6035
vn -0.7536 -0.2536 -0.6064
vn -0.8178 -0.0114 -0.5755
vn -0.8182 -0.0116 -0.5748
vn -0.8242 0.0234 -0.5659
vn -0.8233 0.0238 -0.5671
vn -0.1567 -0.8730 -0.4620
vn -0.1565 -0.8729 -0.4622
vn -0.1897 -0.8900 -0.4147
vn -0.1899 -0.8900 -0.4145
vn -0.3227 0.9465 0.0046
vn -0.3381 0.9399 0.0479
vn -0.3267 0.9450 0.0157
vn -0.3108 0.9501 -0.0278
vn -0.7144 0.6018 -0.3570
vn -0.7098 0.6256 -0.3237
vn -0.7144 0.6020 -0.3567
vn -0.7175 0.5802 -0.3854
vn -0.4023 0.9036 -0.1471
vn -0.1889 0.9820 0.0068
vn -0.2113 0.9715 0.1077
vn -0.2522 0.9661 0.0557
vn -0.1818 0.9727 0.1443
vn -0.1384 0.9707 0.1965
vn -0.1275 0.9792 0.1577
vn -0.1601 0.9784 0.1306
vn 0.9601 0.1397 -0.2425
vn 0.9594 0.1431 -0.2429
vn 0.9684 0.0853 -0.2344
vn 0.9689 0.0810 -0.2337
vn -0.9594 -0.1651 0.2288
vn -0.9599 -0.1616 0.2292
vn -0.9500 -0.2192 0.2225
vn -0.9494 -0.2218 0.2222
vn -0.1933 0.0765 -0.9782
vn -0.1918 0.0751 -0.9785
vn -0.2290 0.1089 -0.9673
vn -0.2321 0.1116 -0.9663
vn 0.2009 -0.1487 0.9683
vn 0.2353 -0.1816 0.9548
vn 0.2364 -0.1827 0.9543
vn 0.2015 -0.1492 0.9681
vn 0.2470 -0.1907 0.9501
vn 0.2470 -0.1946 0.9493
vn 0.2465 -0.1665 0.9547
vn 0.2464 -0.1627 0.9554
vn -0.2337 0.0974 -0.9674
vn -0.2323 0.0934 -0.9682
vn -0.2420 0.1203 -0.9628
vn -0.2433 0.1242 -0.9620
vn -0.2788 0.9535 -0.1145
vn -0.6794 0.6417 -0.3560
vn -0.6807 0.6423 -0.3521
vn -0.1575 0.9873 -0.0219
vn -0.1820 0.9813 0.0632
vn -0.1169 0.9873 0.1073
vn -0.1208 0.9879 0.0977
vn -0.0742 0.9946 0.0722
vn -0.0920 0.9870 0.1318
vn -0.0547 0.9954 0.0784
vn -0.8150 0.2904 -0.5015
vn -0.8151 0.2904 -0.5013
vn -0.8041 0.2934 -0.5170
vn -0.8040 0.2934 -0.5172
vn -0.8223 0.0231 -0.5686
vn -0.8214 0.0234 -0.5699
vn -0.7382 0.5526 -0.3869
vn -0.7384 0.5525 -0.3866
vn -0.7175 0.5582 -0.4165
vn -0.7173 0.5583 -0.4169
vn -0.7632 -0.2574 -0.5928
vn -0.6804 -0.4488 -0.5793
vn -0.6972 -0.4534 -0.5553
vn -0.7730 -0.2600 -0.5787
vn -0.8186 -0.0118 -0.5742
vn -0.8191 -0.0119 -0.5736
vn -0.8224 0.0242 -0.5684
vn -0.8214 0.0245 -0.5698
vn -0.2236 -0.9033 -0.3662
vn -0.2234 -0.9032 -0.3664
vn -0.2575 -0.9126 -0.3175
vn -0.2577 -0.9126 -0.3173
vn -0.2388 0.9622 -0.1309
vn -0.2508 0.9630 -0.0983
vn -0.2664 0.9623 -0.0547
vn -0.2549 0.9630 -0.0872
vn -0.6687 0.6120 -0.4222
vn -0.6735 0.5877 -0.4484
vn -0.6688 0.6118 -0.4225
vn -0.6622 0.6387 -0.3919
vn -0.1147 0.9884 -0.0995
vn -0.3340 0.9102 -0.2449
vn -0.1375 0.9905 0.0019
vn -0.1788 0.9826 -0.0494
vn -0.1078 0.9934 0.0383
vn -0.0645 0.9938 0.0906
vn -0.0531 0.9973 0.0511
vn -0.0857 0.9960 0.0242
vn 0.9713 -0.0175 -0.2372
vn 0.9668 0.0405 -0.2522
vn 0.9665 0.0439 -0.2530
vn 0.9711 -0.0132 -0.2383
vn -0.9625 -0.1248 0.2409
vn -0.9681 -0.0672 0.2413
vn -0.9684 -0.0636 0.2413
vn -0.9628 -0.1221 0.2409
vn -0.1896 -0.0162 -0.9817
vn -0.2241 0.0212 -0.9743
vn -0.2269 0.0243 -0.9736
vn -0.1910 -0.0148 -0.9815
vn 0.1936 -0.0591 0.9793
vn 0.1931 -0.0585 0.9794
vn 0.2249 -0.0953 0.9697
vn 0.2260 -0.0965 0.9693
vn 0.2371 -0.0810 0.9681
vn 0.2373 -0.0772 0.9684
vn 0.2358 -0.1056 0.9660
vn 0.2356 -0.1095 0.9657
vn -0.2372 0.0381 -0.9707
vn -0.2297 0.0102 -0.9732
vn -0.2285 0.0061 -0.9735
vn -0.2361 0.0340 -0.9711
vn -0.2070 0.9539 -0.2173
vn -0.6308 0.6489 -0.4256
vn -0.6321 0.6500 -0.4218
vn -0.0832 0.9882 -0.1284
vn -0.1077 0.9932 -0.0433
vn -0.0422 0.9991 0.0002
vn 0.0009 0.9994 -0.0353
vn -0.0460 0.9989 -0.0094
vn -0.0172 0.9995 0.0246
vn 0.0204 0.9994 -0.0292
vn -0.0172 0.9995 0.0247
vn -0.7929 0.2951 -0.5330
vn -0.7931 0.2951 -0.5328
vn -0.7820 0.2956 -0.5488
vn -0.7818 0.2956 -0.5490
vn -0.8205 0.0235 -0.5711
vn -0.8196 0.0236 -0.5724
vn -0.6963 0.5616 -0.4470
vn -0.6965 0.5616 -0.4467
vn -0.6754 0.5625 -0.4770
vn -0.6751 0.5625 -0.4773
vn -0.7145 -0.4561 -0.5305
vn -0.7827 -0.2616 -0.5648
vn -0.7926 -0.2620 -0.5505
vn -0.7315 -0.4568 -0.5062
vn -0.8195 -0.0120 -0.5729
vn -0.8200 -0.0120 -0.5723
vn -0.8205 0.0246 -0.5710
vn -0.8196 0.0247 -0.5724
vn -0.2920 -0.9181 -0.2682
vn -0.2921 -0.9181 -0.2679
vn -0.3265 -0.9195 -0.2187
vn -0.3267 -0.9195 -0.2184
vn -0.1665 0.9578 -0.2344
vn -0.1783 0.9630 -0.2022
vn -0.1938 0.9681 -0.1588
vn -0.1823 0.9645 -0.1911
vn -0.6140 0.6407 -0.4609
vn -0.6226 0.6116 -0.4882
vn -0.6294 0.5849 -0.5116
vn -0.6227 0.6113 -0.4884
vn -0.2659 0.9011 -0.3426
vn -0.0406 0.9778 -0.2055
vn 0.0106 0.9998 -0.0169
vn -0.0628 0.9925 -0.1050
vn -0.1049 0.9823 -0.1554
vn -0.0328 0.9971 -0.0691
vn -0.0107 0.9965 -0.0833
vn 0.0220 0.9982 -0.0565
vn 0.9663 -0.1156 -0.2300
vn 0.9661 -0.0594 -0.2512
vn 0.9660 -0.0562 -0.2524
vn 0.9664 -0.1115 -0.2316
vn -0.9682 -0.0257 0.2490
vn -0.9694 0.0319 0.2432
vn -0.9694 0.0355 0.2428
vn -0.9683 -0.0230 0.2488
vn -0.2258 -0.0668 -0.9719
vn -0.2284 -0.0635 -0.9715
vn -0.1955 -0.1057 -0.9750
vn -0.1942 -0.1073 -0.9751
vn 0.1926 0.0321 0.9808
vn 0.1922 0.0327 0.9808
vn 0.2210 -0.0071 0.9753
vn 0.2219 -0.0084 0.9750
vn -0.8199 -0.0001 -0.5724
vn 0.2312 -0.0186 0.9727
vn 0.2306 -0.0225 0.9728
vn 0.2343 0.0059 0.9721
vn 0.2348 0.0097 0.9720
vn -0.2322 -0.0772 -0.9696
vn -0.2314 -0.0814 -0.9695
vn -0.2369 -0.0528 -0.9701
vn -0.2376 -0.0487 -0.9701
vn -0.5821 0.6449 -0.4953
vn -0.5833 0.6465 -0.4917
vn -0.1357 0.9379 -0.3194
vn -0.0093 0.9722 -0.2341
vn -0.0331 0.9881 -0.1501
vn 0.0329 0.9937 -0.1073
vn 0.0290 0.9927 -0.1168
vn 0.0756 0.9869 -0.1424
vn 0.0579 0.9949 -0.0829
vn 0.0951 0.9861 -0.1363
vn -0.7707 0.2948 -0.5649
vn -0.7709 0.2948 -0.5647
vn -0.7598 0.2928 -0.5805
vn -0.7597 0.2927 -0.5807
vn -0.8188 0.0235 -0.5737
vn -0.8187 0.0235 -0.5737
vn -0.8179 0.0233 -0.5749
vn -0.6542 0.5610 -0.5072
vn -0.6540 0.5609 -0.5076
vn -0.6330 0.5570 -0.5377
vn -0.6332 0.5570 -0.5373
vn -0.7489 -0.4556 -0.4813
vn -0.8024 -0.2613 -0.5366
vn -0.7657 -0.4524 -0.4571
vn -0.8123 -0.2594 -0.5224
vn -0.8204 -0.0120 -0.5716
vn -0.8209 -0.0119 -0.5710
vn -0.8187 0.0246 -0.5737
vn -0.8178 0.0244 -0.5751
vn -0.3611 -0.9171 -0.1692
vn -0.3612 -0.9170 -0.1690
vn -0.3954 -0.9106 -0.1200
vn -0.3956 -0.9106 -0.1198
vn -0.0952 0.9368 -0.3366
vn -0.1064 0.9463 -0.3052
vn -0.1213 0.9572 -0.2627
vn -0.1102 0.9493 -0.2944
vn -0.5771 0.6003 -0.5538
vn -0.5661 0.6317 -0.5295
vn -0.5770 0.6005 -0.5536
vn -0.5858 0.5722 -0.5740
vn 0.0319 0.9504 -0.3095
vn -0.1989 0.8765 -0.4384
vn 0.0418 0.9835 -0.1759
vn 0.0855 0.9886 -0.1241
vn 0.0114 0.9774 -0.2113
vn -0.0316 0.9650 -0.2604
vn 0.0966 0.9818 -0.1633
vn 0.0637 0.9797 -0.1898
vn 0.9540 -0.2118 -0.2123
vn 0.9579 -0.1583 -0.2394
vn 0.9580 -0.1552 -0.2410
vn 0.9544 -0.2079 -0.2144
vn -0.9633 0.1304 0.2345
vn -0.9630 0.1339 0.2337
vn -0.9663 0.0765 0.2459
vn -0.9663 0.0739 0.2464
vn -0.2057 -0.1965 -0.9587
vn -0.2342 -0.1537 -0.9600
vn -0.2365 -0.1501 -0.9600
vn -0.2068 -0.1948 -0.9588
vn 0.1980 0.1233 0.9724
vn 0.2238 0.0811 0.9713
vn 0.2246 0.0797 0.9712
vn 0.1984 0.1227 0.9724
vn 0.2330 0.0687 0.9700
vn 0.2322 0.0648 0.9705
vn 0.2380 0.0926 0.9668
vn 0.2388 0.0964 0.9663
vn -0.2413 -0.1632 -0.9566
vn -0.2408 -0.1675 -0.9560
vn -0.2441 -0.1388 -0.9598
vn -0.2446 -0.1347 -0.9602
vn -0.5341 0.6298 -0.5641
vn -0.5351 0.6319 -0.5607
vn -0.0663 0.9057 -0.4188
vn 0.0626 0.9393 -0.3372
vn 0.0405 0.9660 -0.2555
vn 0.1069 0.9711 -0.2132
vn 0.1028 0.9695 -0.2226
vn 0.1489 0.9575 -0.2472
vn 0.1320 0.9731 -0.1890
vn 0.1682 0.9558 -0.2410
vn -0.7487 0.2894 -0.5964
vn -0.7489 0.2894 -0.5962
vn -0.7381 0.2849 -0.6116
vn -0.7379 0.2848 -0.6118
vn -0.8170 0.0231 -0.5762
vn -0.8161 0.0227 -0.5774
vn -0.6122 0.5506 -0.5675
vn -0.6124 0.5507 -0.5672
vn -0.5916 0.5419 -0.5969
vn -0.5918 0.5420 -0.5966
vn -0.8219 -0.2565 -0.5087
vn -0.7828 -0.4472 -0.4326
vn -0.7993 -0.4402 -0.4090
vn -0.8315 -0.2524 -0.4948
vn -0.8213 -0.0117 -0.5704
vn -0.8218 -0.0115 -0.5697
vn -0.8169 0.0242 -0.5763
vn -0.8159 0.0238 -0.5776
vn -0.4297 -0.9002 -0.0710
vn -0.4295 -0.9003 -0.0712
vn -0.4632 -0.8859 -0.0229
vn -0.4631 -0.8860 -0.0231
vn -0.0260 0.8997 -0.4356
vn -0.0364 0.9134 -0.4054
vn -0.0502 0.9299 -0.3644
vn -0.0400 0.9178 -0.3950
vn -0.5327 0.5789 -0.6173
vn -0.5193 0.6119 -0.5966
vn -0.5326 0.5792 -0.6172
vn -0.5436 0.5495 -0.6345
vn -0.1344 0.8368 -0.5308
vn 0.1019 0.9066 -0.4096
vn 0.0837 0.9454 -0.3150
vn 0.0398 0.9311 -0.3626
vn 0.1147 0.9530 -0.2803
vn 0.1588 0.9603 -0.2293
vn 0.1693 0.9486 -0.2674
vn 0.1362 0.9461 -0.2937
vn 0.9424 -0.2545 -0.2171
vn 0.9427 -0.2516 -0.2190
vn 0.9352 -0.3006 -0.1869
vn 0.9345 -0.3043 -0.1845
vn -0.9571 0.1721 0.2332
vn -0.9499 0.2267 0.2152
vn -0.9493 0.2301 0.2141
vn -0.9568 0.1747 0.2324
vn -0.2247 -0.2806 -0.9331
vn -0.2237 -0.2824 -0.9329
vn -0.2489 -0.2379 -0.9389
vn -0.2509 -0.2342 -0.9392
vn 0.2106 0.2119 0.9543
vn 0.2332 0.1680 0.9578
vn 0.2339 0.1665 0.9579
vn 0.2110 0.2112 0.9544
vn 0.2415 0.1548 0.9580
vn 0.2404 0.1511 0.9589
vn 0.2482 0.1778 0.9522
vn 0.2493 0.1814 0.9513
vn -0.2567 -0.2465 -0.9345
vn -0.2565 -0.2506 -0.9335
vn -0.2577 -0.2224 -0.9403
vn -0.2578 -0.2183 -0.9412
vn -0.4876 0.6038 -0.6306
vn -0.4885 0.6063 -0.6275
vn 0.0001 0.8579 -0.5139
vn 0.1315 0.8903 -0.4359
vn 0.1118 0.9272 -0.3576
vn 0.1785 0.9319 -0.3158
vn 0.1743 0.9295 -0.3250
vn 0.2192 0.9115 -0.3480
vn 0.2038 0.9345 -0.2919
vn 0.2385 0.9091 -0.3416
vn -0.7273 0.2790 -0.6270
vn -0.7275 0.2791 -0.6268
vn -0.7171 0.2721 -0.6417
vn -0.7170 0.2720 -0.6419
vn -0.8153 0.0223 -0.5786
vn -0.8145 0.0217 -0.5798
vn -0.5715 0.5308 -0.6258
vn -0.5717 0.5310 -0.6255
vn -0.5517 0.5175 -0.6541
vn -0.5519 0.5176 -0.6538
vn -0.8159 -0.4311 -0.3853
vn -0.8408 -0.2473 -0.4815
vn -0.8501 -0.2410 -0.4682
vn -0.8317 -0.4204 -0.3626
vn -0.8222 -0.0113 -0.5691
vn -0.8226 -0.0110 -0.5685
vn -0.8151 0.0233 -0.5789
vn -0.8142 0.0227 -0.5802
vn -0.4962 -0.8679 0.0244
vn -0.4961 -0.8680 0.0241
vn -0.5283 -0.8462 0.0703
vn -0.5285 -0.8460 0.0705
vn 0.0274 0.8705 -0.4915
vn 0.0398 0.8472 -0.5298
vn 0.0305 0.8647 -0.5013
vn 0.0182 0.8865 -0.4624
vn -0.4744 0.5815 -0.6610
vn -0.4901 0.5478 -0.6779
vn -0.5034 0.5174 -0.6920
vn -0.4903 0.5475 -0.6781
vn -0.0735 0.7826 -0.6181
vn 0.1679 0.8471 -0.5042
vn 0.1531 0.8972 -0.4143
vn 0.1081 0.8811 -0.4603
vn 0.1847 0.9061 -0.3806
vn 0.2295 0.9155 -0.3304
vn 0.2388 0.8990 -0.3670
vn 0.2056 0.8962 -0.3931
vn 0.9198 -0.3463 -0.1847
vn 0.9203 -0.3436 -0.1869
vn 0.9093 -0.3882 -0.1498
vn 0.9083 -0.3915 -0.1470
vn -0.9293 0.3191 0.1858
vn -0.9285 0.3223 0.1843
vn -0.9401 0.2699 0.2084
vn -0.9405 0.2675 0.2095
vn -0.2489 -0.3616 -0.8985
vn -0.2480 -0.3633 -0.8980
vn -0.2698 -0.3180 -0.9089
vn -0.2716 -0.3142 -0.9097
vn 0.2301 0.2960 0.9271
vn 0.2298 0.2967 0.9269
vn 0.2490 0.2518 0.9352
vn 0.2496 0.2503 0.9354
vn 0.2660 0.2633 0.9273
vn 0.2562 0.2382 0.9368
vn 0.2549 0.2347 0.9381
vn 0.2647 0.2599 0.9287
vn -0.2783 -0.3295 -0.9022
vn -0.2774 -0.3021 -0.9120
vn -0.2773 -0.2982 -0.9134
vn -0.2782 -0.3255 -0.9037
vn 0.0623 0.7953 -0.6030
vn -0.4435 0.5674 -0.6937
vn -0.4442 0.5704 -0.6909
vn 0.1961 0.8260 -0.5285
vn 0.1795 0.8724 -0.4546
vn 0.2466 0.8765 -0.4134
vn 0.2422 0.8735 -0.4222
vn 0.2855 0.8498 -0.4430
vn 0.2721 0.8798 -0.3897
vn 0.3046 0.8467 -0.4362
vn -0.7069 0.2638 -0.6563
vn -0.7070 0.2639 -0.6561
vn -0.6973 0.2546 -0.6701
vn -0.6972 0.2545 -0.6702
vn -0.8137 0.0211 -0.5810
vn -0.8129 0.0203 -0.5821
vn -0.5326 0.5019 -0.6815
vn -0.5328 0.5021 -0.6812
vn -0.5140 0.4842 -0.7081
vn -0.5142 0.4844 -0.7078
vn -0.8590 -0.2338 -0.4555
vn -0.8475 -0.4076 -0.3400
vn -0.8624 -0.3934 -0.3187
vn -0.8677 -0.2255 -0.4430
vn -0.8230 -0.0107 -0.5679
vn -0.8234 -0.0103 -0.5673
vn -0.8134 0.0220 -0.5813
vn -0.8125 0.0213 -0.5825
vn -0.5596 -0.8207 0.1152
vn -0.5598 -0.8206 0.1154
vn -0.5900 -0.7917 0.1586
vn -0.5901 -0.7915 0.1588
vn 0.0906 0.8081 -0.5820
vn 0.1010 0.7800 -0.6176
vn 0.0932 0.8011 -0.5912
vn 0.0827 0.8278 -0.5548
vn -0.4321 0.5411 -0.7215
vn -0.4504 0.5071 -0.7348
vn -0.4660 0.4764 -0.7456
vn -0.4506 0.5068 -0.7350
vn 0.2289 0.7731 -0.5916
vn -0.0171 0.7150 -0.6989
vn 0.2183 0.8335 -0.5077
vn 0.1720 0.8160 -0.5519
vn 0.2505 0.8436 -0.4749
vn 0.2961 0.8549 -0.4259
vn 0.3041 0.8340 -0.4605
vn 0.2706 0.8309 -0.4862
vn 0.8758 -0.4721 -0.1004
vn 0.8905 -0.4321 -0.1428
vn 0.8912 -0.4297 -0.1452
vn 0.8770 -0.4692 -0.1036
vn -0.9164 0.3604 0.1744
vn -0.9170 0.3581 0.1757
vn -0.9020 0.4060 0.1467
vn -0.9010 0.4089 0.1449
vn -0.2782 -0.4380 -0.8548
vn -0.2966 -0.3926 -0.8706
vn -0.2980 -0.3888 -0.8718
vn -0.2789 -0.4363 -0.8555
vn 0.2551 0.3765 0.8906
vn 0.2709 0.3315 0.9037
vn 0.2714 0.3300 0.9041
vn 0.2554 0.3758 0.8908
vn -0.8200 -0.0001 -0.5724
vn 0.2887 0.3407 0.8947
vn 0.2772 0.3176 0.9068
vn 0.2755 0.3143 0.9084
vn 0.2872 0.3376 0.8964
vn -0.3030 -0.3767 -0.8754
vn -0.3025 -0.3729 -0.8772
vn -0.3055 -0.3988 -0.8646
vn -0.3059 -0.4027 -0.8627
vn 0.1193 0.7190 -0.6847
vn -0.4026 0.5213 -0.7525
vn -0.4030 0.5246 -0.7500
vn 0.2554 0.7474 -0.6133
vn 0.2426 0.8026 -0.5450
vn 0.3099 0.8061 -0.5041
vn 0.3466 0.7735 -0.5306
vn 0.3053 0.8025 -0.5126
vn 0.3357 0.8100 -0.4809
vn 0.3654 0.7697 -0.5234
vn -0.6878 0.2440 -0.6837
vn -0.6879 0.2442 -0.6835
vn -0.6789 0.2327 -0.6964
vn -0.6788 0.2326 -0.6965
vn -0.8121 0.0195 -0.5832
vn -0.8121 0.0195 -0.5831
vn -0.8114 0.0186 -0.5842
vn -0.4962 0.4643 -0.7336
vn -0.4964 0.4646 -0.7333
vn -0.4793 0.4427 -0.7578
vn -0.4791 0.4425 -0.7581
vn -0.8770 -0.3771 -0.2977
vn -0.8759 -0.2163 -0.4313
vn -0.8907 -0.3596 -0.2781
vn -0.8839 -0.2061 -0.4198
vn -0.8238 -0.0099 -0.5668
vn -0.8242 -0.0094 -0.5663
vn -0.8118 0.0204 -0.5836
vn -0.8110 0.0194 -0.5847
vn -0.6193 -0.7591 0.2006
vn -0.6191 -0.7593 0.2004
vn -0.6470 -0.7236 0.2403
vn -0.6471 -0.7234 0.2405
vn 0.1567 0.6994 -0.6974
vn 0.1507 0.7238 -0.6734
vn 0.1423 0.7549 -0.6402
vn 0.1486 0.7319 -0.6650
vn -0.4143 0.4573 -0.7869
vn -0.3932 0.4913 -0.7772
vn -0.4141 0.4576 -0.7869
vn -0.4320 0.4271 -0.7943
vn 0.2838 0.6857 -0.6702
vn 0.0338 0.6351 -0.7717
vn 0.3112 0.7665 -0.5618
vn 0.3577 0.7796 -0.5140
vn 0.2781 0.7554 -0.5933
vn 0.2304 0.7368 -0.6356
vn 0.3301 0.7512 -0.5715
vn 0.3639 0.7545 -0.5461
vn 0.8550 -0.5105 -0.0919
vn 0.8559 -0.5084 -0.0946
vn 0.8390 -0.5420 -0.0490
vn 0.8376 -0.5444 -0.0456
vn -0.8860 0.4447 0.1310
vn -0.8868 0.4427 0.1325
vn -0.8685 0.4859 0.0986
vn -0.8672 0.4885 0.0965
vn -0.3143 -0.5035 -0.8048
vn -0.3137 -0.5052 -0.8040
vn -0.3287 -0.4605 -0.8246
vn -0.3299 -0.4568 -0.8262
vn 0.2862 0.4497 0.8461
vn 0.2987 0.4053 0.8640
vn 0.2991 0.4038 0.8646
vn 0.2864 0.4490 0.8463
vn 0.3039 0.3914 0.8686
vn 0.3020 0.3885 0.8705
vn 0.3153 0.4094 0.8561
vn 0.3171 0.4122 0.8541
vn -0.3380 -0.4654 -0.8180
vn -0.3387 -0.4689 -0.8157
vn -0.3339 -0.4447 -0.8311
vn -0.3332 -0.4412 -0.8333
vn 0.1701 0.6303 -0.7574
vn -0.3654 0.4662 -0.8057
vn -0.3656 0.4697 -0.8036
vn 0.3082 0.6560 -0.6890
vn 0.2999 0.7190 -0.6270
vn 0.3675 0.7218 -0.5865
vn 0.3626 0.7176 -0.5946
vn 0.4015 0.6839 -0.6092
vn 0.3936 0.7262 -0.5637
vn 0.4200 0.6795 -0.6016
vn -0.6703 0.2201 -0.7087
vn -0.6704 0.2203 -0.7085
vn -0.6624 0.2068 -0.7201
vn -0.6623 0.2067 -0.7202
vn -0.8107 0.0176 -0.5851
vn -0.8107 0.0176 -0.5852
vn -0.8101 0.0165 -0.5861
vn -0.4629 0.4188 -0.7812
vn -0.4631 0.4190 -0.7810
vn -0.4478 0.3935 -0.8029
vn -0.4477 0.3932 -0.8031
vn -0.9040 -0.3400 -0.2590
vn -0.8914 -0.1951 -0.4091
vn -0.9163 -0.3195 -0.2415
vn -0.8986 -0.1831 -0.3988
vn -0.8245 -0.0089 -0.5658
vn -0.8248 -0.0083 -0.5653
vn -0.8103 0.0184 -0.5857
vn -0.8096 0.0173 -0.5867
vn -0.6736 -0.6846 0.2785
vn -0.6735 -0.6848 0.2783
vn -0.6985 -0.6431 0.3140
vn -0.6986 -0.6428 0.3142
vn 0.1959 0.6690 -0.7170
vn 0.2003 0.6430 -0.7392
vn 0.2059 0.6067 -0.7678
vn 0.2018 0.6339 -0.7466
vn -0.3820 0.3999 -0.8332
vn -0.3584 0.4331 -0.8270
vn -0.3818 0.4002 -0.8331
vn -0.4020 0.3705 -0.8373
vn 0.0782 0.5442 -0.8353
vn 0.3317 0.5866 -0.7389
vn 0.3315 0.6643 -0.6699
vn 0.2825 0.6450 -0.7101
vn 0.3655 0.6763 -0.6396
vn 0.4130 0.6909 -0.5933
vn 0.3832 0.6586 -0.6476
vn 0.4172 0.6621 -0.6225
vn 0.7957 -0.6055 0.0128
vn 0.7942 -0.6075 0.0165
vn 0.8139 -0.5800 -0.0331
vn 0.8150 -0.5784 -0.0360
vn -0.8506 0.5196 0.0806
vn -0.8292 0.5574 0.0423
vn -0.8278 0.5597 0.0400
vn -0.8497 0.5214 0.0789
vn -0.3539 -0.5637 -0.7463
vn -0.3656 -0.5204 -0.7717
vn -0.3665 -0.5168 -0.7737
vn -0.3544 -0.5620 -0.7473
vn 0.3226 0.5152 0.7940
vn 0.3317 0.4723 0.8167
vn 0.3320 0.4708 0.8174
vn 0.3227 0.5146 0.7944
vn 0.3486 0.4742 0.8085
vn 0.3505 0.4766 0.8062
vn 0.3359 0.4586 0.8227
vn 0.3338 0.4560 0.8250
vn -0.3753 -0.5239 -0.7647
vn -0.3762 -0.5271 -0.7620
vn -0.3697 -0.5051 -0.7799
vn -0.3687 -0.5019 -0.7824
vn 0.2138 0.5308 -0.8201
vn -0.3327 0.4030 -0.8526
vn -0.3326 0.4068 -0.8508
vn 0.3537 0.5532 -0.7542
vn 0.3504 0.6230 -0.6994
vn 0.4182 0.6250 -0.6591
vn 0.4129 0.6204 -0.6668
vn 0.4492 0.5825 -0.6774
vn 0.4446 0.6299 -0.6368
vn 0.4673 0.5776 -0.6694
vn -0.6548 0.1923 -0.7309
vn -0.6549 0.1925 -0.7308
vn -0.6479 0.1774 -0.7408
vn -0.6478 0.1772 -0.7409
vn -0.8095 0.0154 -0.5869
vn -0.8089 0.0142 -0.5877
vn -0.4334 0.3660 -0.8236
vn -0.4335 0.3663 -0.8233
vn -0.4203 0.3375 -0.8423
vn -0.4201 0.3371 -0.8425
vn -0.9280 -0.2972 -0.2247
vn -0.9052 -0.1705 -0.3894
vn -0.9386 -0.2740 -0.2094
vn -0.9114 -0.1570 -0.3804
vn -0.8251 -0.0078 -0.5649
vn -0.8254 -0.0071 -0.5645
vn -0.8090 0.0161 -0.5876
vn -0.8084 0.0148 -0.5884
vn -0.7219 -0.5983 0.3476
vn -0.7218 -0.5985 0.3475
vn -0.7435 -0.5512 0.3786
vn -0.7434 -0.5514 0.3784
vn 0.2457 0.5331 -0.8096
vn 0.2426 0.5716 -0.7839
vn 0.2450 0.5431 -0.8032
vn 0.2477 0.5036 -0.8277
vn -0.3543 0.3356 -0.8728
vn -0.3283 0.3674 -0.8702
vn -0.3541 0.3359 -0.8728
vn -0.3764 0.3076 -0.8739
vn 0.1154 0.4439 -0.8886
vn 0.3718 0.4773 -0.7962
vn 0.3777 0.5618 -0.7360
vn 0.3271 0.5420 -0.7741
vn 0.4126 0.5744 -0.7070
vn 0.4613 0.5903 -0.6624
vn 0.4632 0.5583 -0.6883
vn 0.4289 0.5547 -0.7130
vn 0.7680 -0.6396 0.0326
vn 0.7692 -0.6384 0.0296
vn 0.7482 -0.6586 0.0810
vn 0.7465 -0.6600 0.0849
vn -0.8079 0.5891 0.0190
vn -0.8089 0.5876 0.0209
vn -0.7849 0.6193 -0.0211
vn -0.7833 0.6212 -0.0237
vn -0.3982 -0.6124 -0.6829
vn -0.4067 -0.5714 -0.7128
vn -0.4074 -0.5680 -0.7152
vn -0.3986 -0.6108 -0.6841
vn 0.3636 0.5713 0.7358
vn 0.3635 0.5719 0.7354
vn 0.3695 0.5309 0.7626
vn 0.3697 0.5296 0.7635
vn 0.3885 0.5328 0.7518
vn 0.3726 0.5178 0.7701
vn 0.3704 0.5157 0.7726
vn 0.3864 0.5308 0.7543
vn -0.4177 -0.5762 -0.7025
vn -0.4096 -0.5568 -0.7226
vn -0.4084 -0.5539 -0.7255
vn -0.4166 -0.5733 -0.7055
vn -0.3049 0.3330 -0.8923
vn -0.3046 0.3368 -0.8909
vn 0.2497 0.4221 -0.8715
vn 0.3912 0.4410 -0.8078
vn 0.3933 0.5162 -0.7608
vn 0.4612 0.5175 -0.7207
vn 0.4556 0.5125 -0.7279
vn 0.4889 0.4710 -0.7343
vn 0.4880 0.5227 -0.6990
vn 0.5066 0.4657 -0.7256
vn -0.6415 0.1615 -0.7499
vn -0.6415 0.1613 -0.7500
vn -0.6357 0.1447 -0.7582
vn -0.6358 0.1449 -0.7581
vn -0.8084 0.0129 -0.5885
vn -0.8080 0.0116 -0.5891
vn -0.4081 0.3069 -0.8598
vn -0.4082 0.3072 -0.8597
vn -0.3972 0.2756 -0.8754
vn -0.3971 0.2753 -0.8755
vn -0.9486 -0.2492 -0.1952
vn -0.9170 -0.1430 -0.3724
vn -0.9574 -0.2238 -0.1826
vn -0.9221 -0.1281 -0.3651
vn -0.8257 -0.0065 -0.5641
vn -0.8259 -0.0058 -0.5638
vn -0.8079 0.0135 -0.5892
vn -0.8074 0.0121 -0.5899
vn -0.7633 -0.5017 0.4070
vn -0.7632 -0.5020 0.4068
vn -0.7811 -0.4503 0.4325
vn -0.7812 -0.4500 0.4326
vn 0.2816 0.4643 -0.8397
vn 0.2817 0.4338 -0.8558
vn 0.2814 0.3918 -0.8760
vn 0.2817 0.4232 -0.8611
vn -0.3317 0.2655 -0.9052
vn -0.3033 0.2954 -0.9059
vn -0.3315 0.2658 -0.9053
vn -0.3558 0.2393 -0.9034
vn 0.4033 0.3598 -0.8414
vn 0.1447 0.3360 -0.9307
vn 0.5015 0.4795 -0.7201
vn 0.4158 0.4496 -0.7906
vn 0.3637 0.4296 -0.8265
vn 0.4516 0.4626 -0.7629
vn 0.4664 0.4412 -0.7667
vn 0.5009 0.4448 -0.7424
vn 0.6970 -0.7003 0.1543
vn 0.6952 -0.7011 0.1583
vn 0.7180 -0.6882 0.1043
vn 0.7193 -0.6874 0.1011
vn -0.7613 0.6466 -0.0476
vn -0.7625 0.6454 -0.0455
vn -0.7363 0.6705 -0.0907
vn -0.7346 0.6720 -0.0935
vn -0.4517 -0.6093 -0.6517
vn -0.4460 -0.6492 -0.6161
vn -0.4458 -0.6506 -0.6148
vn -0.4513 -0.6125 -0.6489
vn 0.4084 0.6181 0.6717
vn 0.4083 0.6187 0.6712
vn 0.4113 0.5807 0.7026
vn 0.4114 0.5794 0.7036
vn 0.4282 0.5782 0.6945
vn 0.4305 0.5798 0.6918
vn 0.4135 0.5681 0.7115
vn 0.4111 0.5664 0.7142
vn -0.4626 -0.6153 -0.6383
vn -0.4532 -0.5989 -0.6603
vn -0.4518 -0.5965 -0.6634
vn -0.4612 -0.6129 -0.6416
vn -0.2820 0.2611 -0.9232
vn 0.2771 0.3062 -0.9107
vn -0.2827 0.2571 -0.9241
vn 0.4198 0.3211 -0.8489
vn 0.4278 0.4006 -0.8103
vn 0.4958 0.4011 -0.7703
vn 0.4898 0.3958 -0.7768
vn 0.5198 0.3515 -0.7786
vn 0.5230 0.4066 -0.7491
vn 0.5371 0.3457 -0.7694
vn -0.6306 0.1274 -0.7656
vn -0.6307 0.1277 -0.7655
vn -0.6262 0.1099 -0.7719
vn -0.6261 0.1096 -0.7720
vn -0.8076 0.0102 -0.5897
vn -0.8072 0.0088 -0.5902
vn -0.3875 0.2428 -0.8893
vn -0.3874 0.2425 -0.8895
vn -0.3789 0.2090 -0.9015
vn -0.3789 0.2086 -0.9016
vn -0.9654 -0.1968 -0.1712
vn -0.9266 -0.1130 -0.3587
vn -0.9722 -0.1697 -0.1614
vn -0.9306 -0.0971 -0.3529
vn -0.8261 -0.0051 -0.5635
vn -0.8263 -0.0044 -0.5632
vn -0.8070 0.0107 -0.5905
vn -0.8066 0.0092 -0.5910
vn -0.7972 -0.3964 0.4554
vn -0.7971 -0.3967 0.4553
vn -0.8110 -0.3414 0.4752
vn -0.8110 -0.3411 0.4753
vn 0.3092 0.3060 -0.9004
vn 0.3122 0.3490 -0.8836
vn 0.3100 0.3170 -0.8963
vn 0.3064 0.2733 -0.9118
vn -0.2840 0.2183 -0.9336
vn -0.3143 0.1912 -0.9299
vn -0.3405 0.1669 -0.9253
vn -0.3145 0.1909 -0.9299
vn 0.4257 0.2361 -0.8735
vn 0.1658 0.2224 -0.9608
vn 0.4819 0.3428 -0.8064
vn 0.5332 0.3604 -0.7654
vn 0.4451 0.3297 -0.8326
vn 0.3916 0.3099 -0.8664
vn 0.5299 0.3237 -0.7839
vn 0.4951 0.3201 -0.8077
vn 0.6648 -0.7249 0.1805
vn 0.6661 -0.7245 0.1772
vn 0.6432 -0.7299 0.2314
vn 0.6413 -0.7302 0.2355
vn -0.6843 0.7102 -0.1651
vn -0.6825 0.7113 -0.1681
vn -0.7109 0.6930 -0.1199
vn -0.7121 0.6921 -0.1177
vn -0.4988 -0.6402 -0.5843
vn -0.4959 -0.6763 -0.5447
vn -0.4958 -0.6776 -0.5431
vn -0.4986 -0.6431 -0.5812
vn 0.4563 0.6548 0.6025
vn 0.4566 0.6202 0.6379
vn 0.4565 0.6190 0.6390
vn 0.4563 0.6543 0.6031
vn 0.4755 0.6168 0.6272
vn 0.4578 0.6086 0.6481
vn 0.4553 0.6074 0.6509
vn 0.4731 0.6157 0.6301
vn -0.5085 -0.6420 -0.5739
vn -0.5100 -0.6439 -0.5704
vn -0.4995 -0.6306 -0.5940
vn -0.4979 -0.6287 -0.5974
vn -0.2664 0.1769 -0.9475
vn -0.2654 0.1809 -0.9470
vn 0.2956 0.1850 -0.9372
vn 0.4393 0.1957 -0.8768
vn 0.4534 0.2780 -0.8468
vn 0.5213 0.2778 -0.8069
vn 0.5149 0.2722 -0.8129
vn 0.5416 0.2259 -0.8097
vn 0.5490 0.2834 -0.7863
vn 0.5584 0.2199 -0.7999
vn -0.6224 0.0914 -0.7774
vn -0.6224 0.0916 -0.7773
vn -0.6193 0.0730 -0.7817
vn -0.6193 0.0728 -0.7818
vn -0.8069 0.0073 -0.5907
vn -0.8069 0.0074 -0.5906
vn -0.8066 0.0059 -0.5910
vn -0.3717 0.1739 -0.9119
vn -0.3718 0.1743 -0.9118
vn -0.3659 0.1388 -0.9202
vn -0.3659 0.1384 -0.9203
vn -0.9781 -0.1411 -0.1530
vn -0.9339 -0.0811 -0.3482
vn -0.9828 -0.1127 -0.1462
vn -0.9367 -0.0644 -0.3442
vn -0.8264 -0.0037 -0.5630
vn -0.8266 -0.0029 -0.5629
vn -0.8063 0.0077 -0.5915
vn -0.8060 0.0061 -0.5919
vn -0.8228 -0.2843 0.4921
vn -0.8227 -0.2847 0.4920
vn -0.8323 -0.2266 0.5058
vn -0.8324 -0.2263 0.5059
vn 0.3293 0.1948 -0.9239
vn 0.3224 0.1500 -0.9347
vn 0.3276 0.1834 -0.9268
vn 0.3339 0.2277 -0.9147
vn -0.3028 0.1132 -0.9463
vn -0.3308 0.0916 -0.9392
vn -0.3031 0.1130 -0.9462
vn -0.2706 0.1375 -0.9528
vn 0.4387 0.1084 -0.8921
vn 0.1781 0.1048 -0.9784
vn 0.4652 0.2040 -0.8614
vn 0.4102 0.1848 -0.8931
vn 0.5030 0.2171 -0.8366
vn 0.5556 0.2351 -0.7975
vn 0.5495 0.1970 -0.8120
vn 0.5144 0.1935 -0.8354
vn 0.6093 -0.7491 0.2599
vn 0.6106 -0.7492 0.2567
vn 0.5875 -0.7470 0.3111
vn 0.5857 -0.7467 0.3151
vn -0.6587 0.7269 -0.1942
vn -0.6298 0.7377 -0.2432
vn -0.6280 0.7383 -0.2462
vn -0.6574 0.7275 -0.1965
vn -0.5477 -0.6626 -0.5108
vn -0.5477 -0.6600 -0.5142
vn -0.5474 -0.6918 -0.4709
vn -0.5474 -0.6929 -0.4692
vn 0.5044 0.6492 0.5694
vn 0.5043 0.6481 0.5707
vn 0.5065 0.6792 0.5311
vn 0.5065 0.6797 0.5305
vn 0.5022 0.6380 0.5838
vn 0.5205 0.6426 0.5622
vn 0.5229 0.6432 0.5593
vn 0.5048 0.6386 0.5808
vn -0.5575 -0.6599 -0.5037
vn -0.5592 -0.6613 -0.5000
vn -0.5477 -0.6516 -0.5249
vn -0.5460 -0.6501 -0.5284
vn -0.2562 0.0936 -0.9621
vn -0.2549 0.0975 -0.9620
vn 0.1942 0.0831 -0.9774
vn 0.4389 0.0938 -0.8936
vn 0.4261 0.1687 -0.8888
vn 0.5244 0.1668 -0.8350
vn 0.5306 0.1440 -0.8353
vn 0.5409 0.1228 -0.8320
vn 0.5655 0.1554 -0.8100
vn 0.5681 0.1229 -0.8137
vn -0.6169 0.0538 -0.7852
vn -0.6169 0.0540 -0.7852
vn -0.6160 0.0444 -0.7865
vn -0.8064 0.0043 -0.5913
vn -0.8065 0.0044 -0.5913
vn -0.8064 0.0036 -0.5914
vn -0.3613 0.1023 -0.9268
vn -0.3613 0.1027 -0.9268
vn -0.3596 0.0844 -0.9293
vn -0.9865 -0.0830 -0.1408
vn -0.9388 -0.0478 -0.3412
vn -0.9879 -0.0683 -0.1389
vn -0.9387 -0.0387 -0.3426
vn -0.8266 -0.0021 -0.5627
vn -0.8264 -0.0016 -0.5631
vn -0.8058 0.0046 -0.5921
vn -0.8058 0.0038 -0.5922
vn -0.8398 -0.1674 0.5165
vn -0.8398 -0.1677 0.5164
vn -0.8427 -0.1377 0.5205
vn -0.1011 0.7958 0.5970
vn -0.1248 0.7785 0.6151
vn -0.0929 0.8016 0.5907
vn -0.0688 0.8177 0.5715
vn 0.4542 0.5110 0.7298
vn 0.4856 0.4994 0.7175
vn 0.4539 0.5111 0.7299
vn 0.4172 0.5236 0.7428
vn -0.1521 0.8631 0.4816
vn -0.1964 0.8427 0.5014
vn 0.0829 0.7922 0.6046
vn -0.2326 0.8167 0.5282
vn -0.3396 0.8040 0.4881
vn -0.2768 0.8128 0.5126
vn -0.1694 0.8191 0.5481
vn -0.3105 0.8265 0.4696
vn -0.3404 0.8040 0.4876
vn -0.2738 0.8271 0.4908
vn -0.1668 0.4163 -0.8938
vn -0.1650 0.3613 -0.9177
vn -0.1652 0.3654 -0.9161
vn -0.1669 0.4195 -0.8923
vn 0.1985 -0.4812 0.8538
vn 0.1835 -0.4323 0.8829
vn 0.1844 -0.4353 0.8812
vn 0.1991 -0.4834 0.8525
vn 0.9378 0.3353 -0.0900
vn 0.9377 0.3360 -0.0881
vn 0.9336 0.3562 -0.0386
vn 0.9340 0.3547 -0.0425
vn -0.9156 -0.3983 0.0549
vn -0.9088 -0.4172 0.0087
vn -0.9090 -0.4166 0.0102
vn -0.9157 -0.3980 0.0556
vn -0.9179 -0.3968 0.0064
vn -0.9164 -0.4001 0.0049
vn -0.9055 -0.4242 -0.0061
vn -0.9071 -0.4209 -0.0046
vn 0.9322 0.3610 -0.0259
vn 0.9394 0.3400 -0.0446
vn 0.9384 0.3431 -0.0419
vn 0.9311 0.3640 -0.0232
vn 0.4284 0.5544 0.7136
vn 0.4315 0.5552 0.7110
vn -0.0032 0.8552 0.5183
vn -0.1390 0.8839 0.4466
vn -0.2054 0.8462 0.4917
vn -0.2707 0.8522 0.4478
vn -0.2607 0.8548 0.4487
vn -0.2564 0.8793 0.4013
vn -0.3177 0.8319 0.4550
vn 0.8200 -0.0001 0.5724
vn 0.6106 0.3367 0.7167
vn 0.6172 0.3439 0.7076
vn 0.6174 0.3441 0.7074
vn 0.6306 0.3582 0.6885
vn 0.6304 0.3581 0.6887
vn 0.7736 0.0993 0.6258
vn 0.7755 0.1014 0.6231
vn 0.7756 0.1014 0.6230
vn 0.7795 0.1056 0.6175
vn 0.7794 0.1056 0.6175
vn 0.5006 0.4695 0.7273
vn 0.5008 0.4698 0.7270
vn 0.4916 0.4597 0.7396
vn 0.5188 0.4891 0.7012
vn 0.5186 0.4889 0.7014
vn 0.8777 -0.2678 0.3975
vn 0.8732 -0.3816 0.3032
vn 0.8803 -0.3734 0.2926
vn 0.8827 -0.2636 0.3889
vn 0.8587 -0.3971 0.3240
vn 0.8673 -0.2789 0.4123
vn 0.8430 -0.0631 0.5341
vn 0.8415 -0.0634 0.5366
vn 0.8390 -0.0661 0.5401
vn 0.8115 0.0202 0.5840
vn 0.8119 0.0205 0.5835
vn 0.8127 0.0214 0.5823
vn 0.6258 -0.7509 -0.2107
vn 0.6119 -0.7678 -0.1901
vn 0.6117 -0.7679 -0.1898
vn 0.5823 -0.7995 -0.1476
vn 0.5824 -0.7993 -0.1478
vn -0.0301 0.8650 0.5008
vn -0.0050 0.8772 0.4801
vn -0.0387 0.8607 0.5077
vn -0.0636 0.8472 0.5274
vn 0.4939 0.5511 0.6726
vn 0.4583 0.5676 0.6840
vn 0.4942 0.5509 0.6725
vn 0.5246 0.5357 0.6616
vn -0.0850 0.9188 0.3855
vn 0.1446 0.8441 0.5163
vn -0.2764 0.8750 0.3976
vn -0.2130 0.8816 0.4212
vn -0.1053 0.8836 0.4563
vn -0.1686 0.8838 0.4365
vn -0.2457 0.8931 0.3769
vn -0.2090 0.8932 0.3980
vn -0.1412 0.2720 -0.9519
vn -0.1410 0.2763 -0.9507
vn -0.1385 0.3326 -0.9329
vn -0.1387 0.3293 -0.9340
vn 0.1541 -0.3475 0.9249
vn 0.1548 -0.3508 0.9236
vn 0.1658 -0.4026 0.9002
vn 0.1653 -0.4003 0.9014
vn 0.9599 0.2524 -0.1217
vn 0.9599 0.2534 -0.1199
vn 0.9575 0.2790 -0.0728
vn 0.9578 0.2770 -0.0765
vn -0.9427 -0.3203 0.0936
vn -0.9375 -0.3445 0.0498
vn -0.9377 -0.3438 0.0513
vn -0.9427 -0.3199 0.0943
vn -0.9361 -0.3498 0.0370
vn -0.9450 -0.3239 0.0453
vn -0.9438 -0.3275 0.0441
vn -0.9348 -0.3533 0.0359
vn 0.9565 0.2852 -0.0607
vn 0.9620 0.2618 -0.0771
vn 0.9613 0.2653 -0.0747
vn 0.9557 0.2886 -0.0584
vn 0.4716 0.5941 0.6516
vn 0.4748 0.5945 0.6490
vn 0.0631 0.9037 0.4234
vn -0.0705 0.9346 0.3485
vn -0.1394 0.9071 0.3972
vn -0.2042 0.9132 0.3526
vn -0.1881 0.9341 0.3035
vn -0.1940 0.9152 0.3533
vn 0.8199 0.0002 0.5725
vn 0.8199 0.0003 0.5725
vn 0.6441 0.3707 0.6691
vn 0.6443 0.3708 0.6689
vn 0.6585 0.3818 0.6486
vn 0.6583 0.3817 0.6488
vn 0.7835 0.1093 0.6117
vn 0.7877 0.1126 0.6057
vn 0.7877 0.1125 0.6058
vn 0.5376 0.5062 0.6744
vn 0.5374 0.5061 0.6747
vn 0.5569 0.5213 0.6467
vn 0.5567 0.5211 0.6470
vn 0.8433 -0.4112 0.3460
vn 0.8567 -0.2886 0.4275
vn 0.8456 -0.2972 0.4434
vn 0.8278 -0.4233 0.3682
vn 0.8365 -0.0683 0.5437
vn 0.8339 -0.0704 0.5475
vn 0.8135 0.0222 0.5811
vn 0.8144 0.0228 0.5799
vn 0.5518 -0.8274 -0.1040
vn 0.5517 -0.8276 -0.1038
vn 0.5201 -0.8521 -0.0586
vn 0.5203 -0.8520 -0.0588
vn 0.0627 0.9216 0.3831
vn 0.0280 0.9107 0.4122
vn 0.0023 0.9013 0.4331
vn 0.0368 0.9136 0.4049
vn 0.5368 0.5813 0.6114
vn 0.5660 0.5628 0.6024
vn 0.5365 0.5815 0.6115
vn 0.5023 0.6018 0.6209
vn 0.2095 0.8814 0.4233
vn -0.0143 0.9586 0.2843
vn -0.0369 0.9329 0.3584
vn -0.1001 0.9357 0.3384
vn -0.2084 0.9308 0.3002
vn -0.1446 0.9352 0.3233
vn -0.1765 0.9443 0.2778
vn -0.1399 0.9440 0.2990
vn -0.1242 0.1780 -0.9762
vn -0.1237 0.1824 -0.9754
vn -0.1170 0.2399 -0.9637
vn -0.1174 0.2365 -0.9645
vn 0.1314 -0.2567 0.9575
vn 0.1318 -0.2602 0.9565
vn 0.1388 -0.3149 0.9389
vn 0.1385 -0.3124 0.9398
vn 0.9757 0.1663 -0.1425
vn 0.9754 0.1970 -0.0985
vn 0.9756 0.1946 -0.1020
vn 0.9757 0.1652 -0.1442
vn -0.9637 -0.2368 0.1236
vn -0.9604 -0.2660 0.0827
vn -0.9606 -0.2650 0.0840
vn -0.9637 -0.2364 0.1243
vn -0.9585 -0.2764 0.0698
vn -0.9595 -0.2726 0.0706
vn -0.9664 -0.2454 0.0760
vn -0.9655 -0.2492 0.0752
vn 0.9750 0.2045 -0.0871
vn 0.9786 0.1792 -0.1009
vn 0.9781 0.1829 -0.0988
vn 0.9744 0.2082 -0.0851
vn 0.5175 0.6236 0.5860
vn 0.5206 0.6234 0.5833
vn 0.1324 0.9367 0.3242
vn 0.0012 0.9693 0.2459
vn -0.0694 0.9524 0.2969
vn -0.1337 0.9585 0.2517
vn -0.1163 0.9727 0.2007
vn -0.1235 0.9598 0.2521
vn 0.8199 0.0004 0.5725
vn 0.8199 0.0003 0.5726
vn 0.6730 0.3911 0.6278
vn 0.6728 0.3910 0.6280
vn 0.6877 0.3987 0.6068
vn 0.6878 0.3988 0.6065
vn 0.7919 0.1153 0.5996
vn 0.7920 0.1153 0.5995
vn 0.7964 0.1176 0.5933
vn 0.7963 0.1176 0.5934
vn 0.5765 0.5339 0.6186
vn 0.5767 0.5340 0.6183
vn 0.5970 0.5444 0.5892
vn 0.5968 0.5443 0.5895
vn 0.8115 -0.4338 0.3916
vn 0.8344 -0.3045 0.4595
vn 0.8227 -0.3105 0.4761
vn 0.7952 -0.4421 0.4149
vn 0.8312 -0.0721 0.5512
vn 0.8284 -0.0735 0.5552
vn 0.8152 0.0234 0.5787
vn 0.8161 0.0238 0.5774
vn 0.4878 -0.8729 -0.0123
vn 0.4877 -0.8730 -0.0121
vn 0.4545 -0.8900 0.0354
vn 0.4547 -0.8900 0.0351
vn 0.1332 0.9501 0.2822
vn 0.0979 0.9450 0.3121
vn 0.0716 0.9399 0.3338
vn 0.1069 0.9465 0.3046
vn 0.5814 0.6018 0.5476
vn 0.6090 0.5802 0.5407
vn 0.5811 0.6020 0.5477
vn 0.5485 0.6256 0.5547
vn 0.2767 0.9036 0.3270
vn 0.0587 0.9820 0.1796
vn 0.0346 0.9661 0.2560
vn -0.0283 0.9715 0.2355
vn -0.1368 0.9707 0.1977
vn -0.0728 0.9727 0.2204
vn -0.0675 0.9784 0.1953
vn -0.1041 0.9792 0.1740
vn -0.1145 0.0810 -0.9901
vn -0.1136 0.0853 -0.9899
vn -0.1026 0.1431 -0.9844
vn -0.1032 0.1397 -0.9848
vn 0.1186 -0.2218 0.9679
vn 0.1185 -0.2192 0.9685
vn 0.1156 -0.1616 0.9801
vn 0.1158 -0.1651 0.9795
vn 0.9849 0.0765 -0.1556
vn 0.9871 0.1116 -0.1151
vn 0.9870 0.1088 -0.1183
vn 0.9847 0.0751 -0.1571
vn -0.9782 -0.1487 0.1451
vn -0.9782 -0.1492 0.1445
vn -0.9773 -0.1828 0.1068
vn -0.9774 -0.1818 0.1081
vn -0.9762 -0.1946 0.0952
vn -0.9770 -0.1907 0.0955
vn -0.9818 -0.1627 0.0980
vn -0.9812 -0.1665 0.0976
vn 0.9872 0.1203 -0.1047
vn 0.9889 0.0934 -0.1156
vn 0.9887 0.0974 -0.1140
vn 0.9869 0.1242 -0.1031
vn 0.5652 0.6423 0.5177
vn 0.5683 0.6417 0.5151
vn 0.2035 0.9535 0.2222
vn 0.0748 0.9873 0.1403
vn 0.0034 0.9813 0.1926
vn -0.0605 0.9873 0.1468
vn -0.0423 0.9946 0.0946
vn -0.0501 0.9878 0.1471
vn 0.8199 0.0006 0.5725
vn 0.8199 0.0005 0.5725
vn 0.7028 0.4047 0.5851
vn 0.7030 0.4047 0.5849
vn 0.7181 0.4089 0.5632
vn 0.7183 0.4089 0.5629
vn 0.8008 0.1193 0.5870
vn 0.8008 0.1193 0.5869
vn 0.8053 0.1206 0.5804
vn 0.8053 0.1206 0.5805
vn 0.6174 0.5525 0.5600
vn 0.6176 0.5525 0.5597
vn 0.6385 0.5583 0.5297
vn 0.6383 0.5582 0.5301
vn 0.7783 -0.4488 0.4392
vn 0.8111 -0.3150 0.4929
vn 0.7991 -0.3183 0.5100
vn 0.7615 -0.4534 0.4632
vn 0.8257 -0.0746 0.5591
vn 0.8228 -0.0754 0.5632
vn 0.8170 0.0242 0.5761
vn 0.8179 0.0245 0.5748
vn 0.4210 -0.9032 0.0834
vn 0.4208 -0.9033 0.0837
vn 0.3866 -0.9126 0.1326
vn 0.3868 -0.9126 0.1324
vn 0.2052 0.9622 0.1790
vn 0.1697 0.9630 0.2092
vn 0.1432 0.9623 0.2313
vn 0.1787 0.9630 0.2016
vn 0.6270 0.6118 0.4822
vn 0.6530 0.5877 0.4778
vn 0.6268 0.6120 0.4822
vn 0.5961 0.6387 0.4866
vn 0.3450 0.9102 0.2292
vn 0.1329 0.9884 0.0734
vn 0.1080 0.9826 0.1509
vn 0.0456 0.9905 0.1297
vn -0.0628 0.9938 0.0917
vn 0.0012 0.9934 0.1143
vn 0.0069 0.9960 0.0888
vn -0.0297 0.9973 0.0675
vn -0.1121 -0.0175 -0.9935
vn -0.1109 -0.0132 -0.9937
vn -0.0955 0.0439 -0.9945
vn -0.0965 0.0405 -0.9945
vn 0.1055 -0.1248 0.9866
vn 0.1056 -0.1221 0.9869
vn 0.1072 -0.0636 0.9922
vn 0.1071 -0.0672 0.9920
vn 0.9872 -0.0148 -0.1590
vn 0.9922 0.0243 -0.1225
vn 0.9919 0.0212 -0.1254
vn 0.9869 -0.0162 -0.1603
vn -0.9860 -0.0585 0.1562
vn -0.9860 -0.0591 0.1557
vn -0.9878 -0.0964 0.1220
vn -0.9878 -0.0952 0.1231
vn -0.9877 -0.1095 0.1116
vn -0.9881 -0.1056 0.1115
vn -0.9908 -0.0772 0.1109
vn -0.9905 -0.0811 0.1110
vn 0.9930 0.0340 -0.1130
vn 0.9926 0.0061 -0.1209
vn 0.9928 0.0102 -0.1198
vn 0.9930 0.0381 -0.1118
vn 0.6138 0.6500 0.4480
vn 0.6169 0.6489 0.4455
vn 0.2753 0.9539 0.1194
vn 0.1492 0.9882 0.0338
vn 0.0777 0.9932 0.0862
vn 0.0143 0.9991 0.0396
vn 0.0328 0.9994 -0.0130
vn 0.0247 0.9989 0.0400
vn 0.8199 0.0007 0.5724
vn 0.8200 0.0008 0.5724
vn 0.8199 0.0007 0.5725
vn 0.7335 0.4113 0.5411
vn 0.7337 0.4113 0.5408
vn 0.7490 0.4120 0.5189
vn 0.7492 0.4120 0.5187
vn 0.8098 0.1213 0.5740
vn 0.8099 0.1213 0.5739
vn 0.8144 0.1215 0.5674
vn 0.8144 0.1215 0.5675
vn 0.6593 0.5616 0.4999
vn 0.6596 0.5616 0.4996
vn 0.6807 0.5625 0.4693
vn 0.6805 0.5625 0.4696
vn 0.7442 -0.4561 0.4880
vn 0.7871 -0.3202 0.5272
vn 0.7750 -0.3207 0.5445
vn 0.7272 -0.4569 0.5123
vn 0.8200 -0.0758 0.5673
vn 0.8171 -0.0759 0.5714
vn 0.8188 0.0246 0.5735
vn 0.8198 0.0247 0.5722
vn 0.3524 -0.9181 0.1817
vn 0.3522 -0.9181 0.1819
vn 0.3176 -0.9195 0.2314
vn 0.3178 -0.9195 0.2312
vn 0.2774 0.9578 0.0755
vn 0.2423 0.9645 0.1053
vn 0.2159 0.9681 0.1272
vn 0.2513 0.9630 0.0977
vn 0.6731 0.6113 0.4162
vn 0.6971 0.5849 0.4145
vn 0.6728 0.6116 0.4163
vn 0.6443 0.6407 0.4176
vn 0.4132 0.9011 0.1315
vn 0.2069 0.9778 -0.0327
vn 0.1820 0.9823 0.0449
vn 0.1203 0.9925 0.0228
vn 0.0122 0.9998 -0.0158
vn 0.0762 0.9971 0.0070
vn 0.0819 0.9965 -0.0186
vn 0.0454 0.9982 -0.0402
vn -0.1171 -0.1156 -0.9864
vn -0.1156 -0.1115 -0.9870
vn -0.0960 -0.0561 -0.9938
vn -0.0972 -0.0594 -0.9935
vn 0.0999 -0.0257 0.9947
vn 0.1001 -0.0230 0.9947
vn 0.1061 0.0355 0.9937
vn 0.1057 0.0319 0.9939
vn 0.9826 -0.1057 -0.1525
vn 0.9907 -0.0635 -0.1204
vn 0.9902 -0.0668 -0.1229
vn 0.9823 -0.1073 -0.1537
vn -0.9870 0.0327 0.1576
vn -0.9870 0.0321 0.1572
vn -0.9918 -0.0084 0.1276
vn -0.9917 -0.0071 0.1286
vn 0.8199 -0.0001 0.5724
vn -0.9927 -0.0225 0.1187
vn -0.9928 -0.0186 0.1182
vn -0.9934 0.0097 0.1145
vn -0.9933 0.0059 0.1150
vn 0.9923 -0.0528 -0.1119
vn 0.9898 -0.0814 -0.1169
vn 0.9902 -0.0772 -0.1161
vn 0.9926 -0.0487 -0.1112
vn 0.6626 0.6465 0.3781
vn 0.6656 0.6449 0.3757
vn 0.3466 0.9379 0.0174
vn 0.2230 0.9722 -0.0719
vn 0.1523 0.9881 -0.0207
vn 0.0893 0.9937 -0.0678
vn 0.1076 0.9869 -0.1201
vn 0.0997 0.9927 -0.0674
vn 0.8200 0.0009 0.5723
vn 0.8200 0.0009 0.5724
vn 0.7644 0.4109 0.4968
vn 0.7646 0.4109 0.4965
vn 0.7799 0.4080 0.4747
vn 0.7800 0.4080 0.4744
vn 0.8190 0.1212 0.5609
vn 0.8190 0.1212 0.5608
vn 0.8236 0.1203 0.5543
vn 0.8235 0.1203 0.5544
vn 0.7016 0.5610 0.4394
vn 0.7018 0.5609 0.4391
vn 0.7229 0.5570 0.4089
vn 0.7226 0.5571 0.4092
vn 0.7630 -0.3199 0.5617
vn 0.7099 -0.4556 0.5371
vn 0.7510 -0.3176 0.5789
vn 0.6930 -0.4524 0.5613
vn 0.8143 -0.0757 0.5754
vn 0.8115 -0.0752 0.5796
vn 0.8207 0.0246 0.5708
vn 0.8216 0.0244 0.5695
vn 0.2833 -0.9171 0.2806
vn 0.2831 -0.9170 0.2809
vn 0.2487 -0.9106 0.3301
vn 0.2489 -0.9106 0.3299
vn 0.2884 0.9572 0.0233
vn 0.3231 0.9463 -0.0052
vn 0.3488 0.9368 -0.0267
vn 0.3143 0.9493 0.0021
vn 0.6922 0.6317 0.3490
vn 0.7187 0.6003 0.3509
vn 0.7407 0.5722 0.3521
vn 0.7185 0.6005 0.3509
vn 0.4801 0.8765 0.0357
vn 0.2795 0.9504 -0.1366
vn 0.1944 0.9774 -0.0835
vn 0.0871 0.9886 -0.1230
vn 0.1507 0.9835 -0.0998
vn 0.2553 0.9650 -0.0601
vn 0.1563 0.9797 -0.1252
vn 0.1200 0.9818 -0.1469
vn -0.1294 -0.2118 -0.9687
vn -0.1277 -0.2078 -0.9698
vn -0.1040 -0.1552 -0.9824
vn -0.1054 -0.1583 -0.9817
vn 0.1021 0.0765 0.9918
vn 0.1125 0.1339 0.9846
vn 0.1118 0.1304 0.9851
vn 0.1017 0.0739 0.9921
vn 0.9708 -0.1965 -0.1373
vn 0.9713 -0.1948 -0.1362
vn 0.9827 -0.1501 -0.1088
vn 0.9819 -0.1537 -0.1110
vn -0.9812 0.1227 0.1488
vn -0.9891 0.0797 0.1238
vn -0.9889 0.0811 0.1246
vn -0.9811 0.1233 0.1492
vn -0.9894 0.0964 0.1088
vn -0.9896 0.0926 0.1097
vn -0.9911 0.0648 0.1164
vn -0.9909 0.0687 0.1155
vn 0.9851 -0.1388 -0.1016
vn 0.9804 -0.1675 -0.1034
vn 0.9812 -0.1632 -0.1032
vn 0.9857 -0.1347 -0.1013
vn 0.7108 0.6319 0.3091
vn 0.7136 0.6298 0.3070
vn 0.4160 0.9057 -0.0820
vn 0.2950 0.9393 -0.1750
vn 0.2259 0.9660 -0.1261
vn 0.1633 0.9711 -0.1738
vn 0.1808 0.9575 -0.2249
vn 0.1735 0.9695 -0.1733
vn 0.8201 0.0011 0.5722
vn 0.8201 0.0010 0.5723
vn 0.8201 0.0010 0.5722
vn 0.7951 0.4034 0.4529
vn 0.7953 0.4033 0.4526
vn 0.8102 0.3970 0.4313
vn 0.8103 0.3969 0.4310
vn 0.8280 0.1190 0.5480
vn 0.8280 0.1189 0.5479
vn 0.8325 0.1171 0.5415
vn 0.8324 0.1171 0.5416
vn 0.7435 0.5507 0.3794
vn 0.7437 0.5506 0.3791
vn 0.7642 0.5419 0.3497
vn 0.7640 0.5420 0.3500
vn 0.7392 -0.3140 0.5958
vn 0.6759 -0.4472 0.5858
vn 0.7274 -0.3090 0.6127
vn 0.6594 -0.4402 0.6094
vn 0.8087 -0.0743 0.5835
vn 0.8059 -0.0731 0.5876
vn 0.8225 0.0242 0.5682
vn 0.8234 0.0238 0.5669
vn 0.2149 -0.9003 0.3786
vn 0.2147 -0.9002 0.3789
vn 0.1811 -0.8859 0.4270
vn 0.1813 -0.8860 0.4267
vn 0.4179 0.8997 -0.1257
vn 0.3846 0.9178 -0.0986
vn 0.3594 0.9299 -0.0784
vn 0.3932 0.9134 -0.1055
vn 0.7631 0.5789 0.2873
vn 0.7829 0.5495 0.2916
vn 0.7629 0.5792 0.2873
vn 0.7390 0.6119 0.2819
vn 0.5446 0.8368 -0.0567
vn 0.3494 0.9065 -0.2368
vn 0.3267 0.9311 -0.1624
vn 0.2668 0.9454 -0.1872
vn 0.1605 0.9603 -0.2281
vn 0.2236 0.9530 -0.2042
vn 0.2288 0.9461 -0.2291
vn 0.1927 0.9486 -0.2510
vn -0.1209 -0.2545 -0.9595
vn -0.1488 -0.3043 -0.9409
vn -0.1468 -0.3006 -0.9424
vn -0.1193 -0.2516 -0.9605
vn 0.1109 0.1721 0.9788
vn 0.1116 0.1747 0.9783
vn 0.1262 0.2301 0.9650
vn 0.1253 0.2267 0.9659
vn 0.9682 -0.2342 -0.0881
vn 0.9671 -0.2379 -0.0899
vn 0.9528 -0.2824 -0.1115
vn 0.9534 -0.2806 -0.1106
vn -0.9798 0.1665 0.1105
vn -0.9795 0.1680 0.1112
vn -0.9685 0.2119 0.1311
vn -0.9687 0.2112 0.1308
vn 0.8199 -0.0001 0.5725
vn -0.9829 0.1511 0.1048
vn -0.9825 0.1548 0.1035
vn -0.9789 0.1814 0.0938
vn -0.9795 0.1778 0.0952
vn 0.9657 -0.2465 -0.0811
vn 0.9724 -0.2183 -0.0823
vn 0.9715 -0.2224 -0.0821
vn 0.9647 -0.2506 -0.0809
vn 0.4824 0.8579 -0.1772
vn 0.7574 0.6063 0.2424
vn 0.7600 0.6038 0.2405
vn 0.3639 0.8903 -0.2737
vn 0.2972 0.9272 -0.2282
vn 0.2350 0.9319 -0.2764
vn 0.2512 0.9115 -0.3257
vn 0.2450 0.9295 -0.2757
vn 0.8202 0.0012 0.5720
vn 0.8202 0.0011 0.5721
vn 0.8202 0.0011 0.5720
vn 0.8251 0.3888 0.4099
vn 0.8249 0.3889 0.4101
vn 0.8394 0.3792 0.3894
vn 0.8396 0.3791 0.3892
vn 0.8368 0.1147 0.5354
vn 0.8369 0.1147 0.5353
vn 0.8411 0.1118 0.5292
vn 0.8411 0.1118 0.5293
vn 0.7842 0.5310 0.3211
vn 0.7844 0.5308 0.3208
vn 0.8041 0.5175 0.2925
vn 0.8039 0.5177 0.2928
vn 0.7160 -0.3027 0.6291
vn 0.6428 -0.4311 0.6332
vn 0.7047 -0.2951 0.6453
vn 0.6270 -0.4204 0.6558
vn 0.8032 -0.0717 0.5914
vn 0.8005 -0.0698 0.5953
vn 0.8243 0.0233 0.5656
vn 0.8252 0.0227 0.5644
vn 0.1483 -0.8680 0.4740
vn 0.1481 -0.8679 0.4742
vn 0.1159 -0.8460 0.5204
vn 0.1161 -0.8462 0.5201
vn 0.4837 0.8472 -0.2199
vn 0.4519 0.8705 -0.1951
vn 0.4278 0.8865 -0.1764
vn 0.4601 0.8647 -0.2014
vn 0.8055 0.5475 0.2266
vn 0.8231 0.5174 0.2341
vn 0.8053 0.5478 0.2265
vn 0.7839 0.5815 0.2175
vn 0.6056 0.7826 -0.1441
vn 0.4155 0.8471 -0.3313
vn 0.3949 0.8811 -0.2601
vn 0.3362 0.8972 -0.2865
vn 0.2311 0.9155 -0.3293
vn 0.2936 0.9061 -0.3045
vn 0.2982 0.8962 -0.3284
vn 0.2622 0.8990 -0.3507
vn -0.1435 -0.3463 -0.9271
vn -0.1750 -0.3915 -0.9034
vn -0.1727 -0.3882 -0.9052
vn -0.1417 -0.3436 -0.9284
vn 0.1275 0.2675 0.9551
vn 0.1283 0.2699 0.9543
vn 0.1470 0.3223 0.9352
vn 0.1458 0.3191 0.9364
vn 0.9475 -0.3142 -0.0585
vn 0.9462 -0.3180 -0.0599
vn 0.9285 -0.3633 -0.0766
vn 0.9292 -0.3616 -0.0760
vn -0.9642 0.2503 0.0880
vn -0.9637 0.2518 0.0885
vn -0.9493 0.2967 0.1037
vn -0.9496 0.2960 0.1034
vn -0.9684 0.2347 0.0840
vn -0.9677 0.2382 0.0823
vn -0.9622 0.2633 0.0699
vn -0.9630 0.2599 0.0716
vn 0.9442 -0.3255 -0.0503
vn 0.9530 -0.2982 -0.0545
vn 0.9517 -0.3021 -0.0539
vn 0.9429 -0.3295 -0.0496
vn 0.5446 0.7953 -0.2663
vn 0.8017 0.5704 0.1789
vn 0.8041 0.5674 0.1773
vn 0.4285 0.8260 -0.3662
vn 0.3649 0.8724 -0.3252
vn 0.3031 0.8765 -0.3739
vn 0.3175 0.8498 -0.4207
vn 0.3129 0.8735 -0.3729
vn 0.8204 0.0012 0.5718
vn 0.8203 0.0012 0.5719
vn 0.8203 0.0012 0.5720
vn 0.8536 0.3676 0.3691
vn 0.8534 0.3678 0.3693
vn 0.8670 0.3548 0.3499
vn 0.8672 0.3546 0.3496
vn 0.8452 0.1085 0.5233
vn 0.8452 0.1084 0.5233
vn 0.8493 0.1046 0.5175
vn 0.8492 0.1047 0.5176
vn 0.8231 0.5021 0.2654
vn 0.8233 0.5019 0.2651
vn 0.8418 0.4842 0.2385
vn 0.8416 0.4844 0.2388
vn 0.6938 -0.2862 0.6609
vn 0.6112 -0.4076 0.6784
vn 0.6831 -0.2761 0.6761
vn 0.5964 -0.3934 0.6997
vn 0.7979 -0.0678 0.5989
vn 0.7954 -0.0653 0.6026
vn 0.8260 0.0220 0.5632
vn 0.8268 0.0213 0.5620
vn 0.0847 -0.8207 0.5650
vn 0.0846 -0.8206 0.5653
vn 0.0542 -0.7915 0.6087
vn 0.0544 -0.7917 0.6085
vn 0.5450 0.7800 -0.3077
vn 0.5151 0.8081 -0.2856
vn 0.4923 0.8278 -0.2688
vn 0.5228 0.8011 -0.2913
vn 0.8452 0.5068 0.1697
vn 0.8605 0.4764 0.1805
vn 0.8450 0.5071 0.1696
vn 0.8262 0.5411 0.1570
vn 0.6620 0.7150 -0.2248
vn 0.4765 0.7731 -0.4187
vn 0.4588 0.8160 -0.3516
vn 0.4013 0.8335 -0.3798
vn 0.2978 0.8549 -0.4247
vn 0.3595 0.8436 -0.3989
vn 0.3632 0.8309 -0.4216
vn 0.3275 0.8340 -0.4441
vn -0.1728 -0.4321 -0.8851
vn -0.2075 -0.4721 -0.8568
vn -0.2050 -0.4692 -0.8590
vn -0.1708 -0.4297 -0.8867
vn 0.1510 0.3581 0.9214
vn 0.1521 0.3604 0.9203
vn 0.1745 0.4089 0.8957
vn 0.1731 0.4060 0.8973
vn 0.9211 -0.3888 -0.0206
vn 0.9194 -0.3926 -0.0216
vn 0.8983 -0.4381 -0.0334
vn 0.8992 -0.4363 -0.0330
vn -0.9423 0.3300 0.0568
vn -0.9417 0.3315 0.0571
vn -0.9240 0.3765 0.0674
vn -0.9243 0.3758 0.0672
vn -0.9478 0.3143 0.0544
vn -0.9468 0.3176 0.0523
vn -0.9394 0.3407 0.0373
vn -0.9405 0.3376 0.0393
vn 0.9169 -0.3989 -0.0112
vn 0.9277 -0.3729 -0.0183
vn 0.9262 -0.3767 -0.0173
vn 0.9153 -0.4027 -0.0101
vn 0.6016 0.7190 -0.3480
vn 0.8429 0.5246 0.1199
vn 0.8451 0.5213 0.1186
vn 0.4877 0.7474 -0.4511
vn 0.4280 0.8026 -0.4155
vn 0.3664 0.8061 -0.4647
vn 0.3786 0.7735 -0.5082
vn 0.3760 0.8025 -0.4633
vn 0.8205 0.0012 0.5716
vn 0.8204 0.0012 0.5717
vn 0.8802 0.3401 0.3309
vn 0.8801 0.3403 0.3311
vn 0.8926 0.3243 0.3132
vn 0.8927 0.3241 0.3130
vn 0.8531 0.1004 0.5121
vn 0.8531 0.1003 0.5120
vn 0.8568 0.0956 0.5067
vn 0.8567 0.0957 0.5068
vn 0.8595 0.4646 0.2133
vn 0.8597 0.4643 0.2130
vn 0.8767 0.4425 0.1885
vn 0.8765 0.4428 0.1888
vn 0.6730 -0.2648 0.6906
vn 0.5817 -0.3771 0.7207
vn 0.6633 -0.2523 0.7046
vn 0.5680 -0.3595 0.7403
vn 0.7930 -0.0627 0.6059
vn 0.7907 -0.0597 0.6093
vn 0.8276 0.0204 0.5609
vn 0.8284 0.0194 0.5598
vn 0.0252 -0.7593 0.6502
vn 0.0251 -0.7591 0.6505
vn -0.0028 -0.7234 0.6904
vn -0.0026 -0.7236 0.6902
vn 0.6007 0.6994 -0.3874
vn 0.5731 0.7319 -0.3686
vn 0.5519 0.7549 -0.3542
vn 0.5802 0.7238 -0.3735
vn 0.8815 0.4573 0.1177
vn 0.8945 0.4271 0.1318
vn 0.8814 0.4576 0.1176
vn 0.8651 0.4913 0.1013
vn 0.5314 0.6857 -0.4974
vn 0.7128 0.6351 -0.2976
vn 0.4201 0.7665 -0.4857
vn 0.5173 0.7368 -0.4353
vn 0.4612 0.7554 -0.4655
vn 0.3593 0.7796 -0.5129
vn 0.3873 0.7545 -0.5298
vn 0.4227 0.7512 -0.5069
vn -0.2431 -0.5420 -0.8045
vn -0.2061 -0.5084 -0.8361
vn -0.2083 -0.5105 -0.8343
vn -0.2458 -0.5444 -0.8020
vn 0.1812 0.4427 0.8782
vn 0.1824 0.4447 0.8769
vn 0.2083 0.4885 0.8473
vn 0.2067 0.4859 0.8492
vn 0.8638 -0.5035 0.0177
vn 0.8892 -0.4568 0.0250
vn 0.8873 -0.4605 0.0244
vn 0.8628 -0.5052 0.0174
vn -0.9147 0.4038 0.0172
vn -0.9140 0.4053 0.0173
vn -0.8929 0.4497 0.0228
vn -0.8932 0.4490 0.0228
vn -0.9111 0.4122 -0.0033
vn -0.9124 0.4094 -0.0009
vn -0.9213 0.3885 0.0165
vn -0.9201 0.3914 0.0141
vn 0.8825 -0.4689 0.0369
vn 0.8844 -0.4654 0.0354
vn 0.8970 -0.4412 0.0256
vn 0.8953 -0.4447 0.0270
vn 0.6524 0.6303 -0.4207
vn 0.8803 0.4697 0.0662
vn 0.8823 0.4662 0.0653
vn 0.5406 0.6560 -0.5267
vn 0.4853 0.7190 -0.4976
vn 0.4239 0.7218 -0.5471
vn 0.4335 0.6839 -0.5868
vn 0.4332 0.7176 -0.5452
vn 0.8206 0.0012 0.5715
vn 0.8207 0.0012 0.5714
vn 0.9044 0.3069 0.2962
vn 0.9046 0.3067 0.2960
vn 0.9158 0.2880 0.2800
vn 0.9156 0.2882 0.2802
vn 0.8602 0.0906 0.5018
vn 0.8603 0.0905 0.5017
vn 0.8636 0.0850 0.4970
vn 0.8635 0.0850 0.4970
vn 0.8927 0.4190 0.1656
vn 0.8929 0.4187 0.1654
vn 0.9082 0.3932 0.1435
vn 0.9080 0.3935 0.1437
vn 0.5547 -0.3400 0.7594
vn 0.6541 -0.2388 0.7177
vn 0.6453 -0.2242 0.7303
vn 0.5424 -0.3195 0.7770
vn 0.7885 -0.0565 0.6124
vn 0.7864 -0.0530 0.6154
vn 0.8291 0.0184 0.5588
vn 0.8298 0.0173 0.5579
vn -0.0291 -0.6848 0.7281
vn -0.0293 -0.6846 0.7283
vn -0.0542 -0.6428 0.7641
vn -0.0541 -0.6431 0.7639
vn 0.6314 0.6339 -0.4467
vn 0.6498 0.6067 -0.4579
vn 0.6249 0.6430 -0.4428
vn 0.6055 0.6690 -0.4310
vn 0.9138 0.3999 0.0715
vn 0.9246 0.3705 0.0888
vn 0.9137 0.4002 0.0713
vn 0.8999 0.4331 0.0515
vn 0.7572 0.5442 -0.3612
vn 0.5793 0.5866 -0.5660
vn 0.5693 0.6450 -0.5099
vn 0.5146 0.6643 -0.5421
vn 0.4147 0.6909 -0.5922
vn 0.4744 0.6763 -0.5635
vn 0.4758 0.6586 -0.5829
vn 0.4406 0.6621 -0.6062
vn -0.2494 -0.5800 -0.7755
vn -0.2892 -0.6074 -0.7399
vn -0.2863 -0.6055 -0.7426
vn -0.2470 -0.5784 -0.7775
vn 0.2460 0.5574 0.7930
vn 0.2174 0.5196 0.8263
vn 0.2187 0.5214 0.8248
vn 0.2477 0.5597 0.7908
vn 0.8237 -0.5620 0.0752
vn 0.8526 -0.5168 0.0775
vn 0.8504 -0.5204 0.0773
vn 0.8226 -0.5637 0.0751
vn -0.8809 0.4723 -0.0300
vn -0.8565 0.5153 -0.0292
vn -0.8569 0.5146 -0.0292
vn -0.8817 0.4708 -0.0300
vn -0.8895 0.4560 -0.0291
vn -0.8881 0.4586 -0.0318
vn -0.8776 0.4766 -0.0513
vn -0.8791 0.4742 -0.0486
vn 0.8472 -0.5239 0.0888
vn 0.8615 -0.5019 0.0765
vn 0.8595 -0.5051 0.0783
vn 0.8450 -0.5271 0.0906
vn 0.6961 0.5308 -0.4833
vn 0.9133 0.4068 0.0190
vn 0.9150 0.4030 0.0185
vn 0.5861 0.5532 -0.5920
vn 0.5358 0.6230 -0.5700
vn 0.4746 0.6250 -0.6197
vn 0.4812 0.5825 -0.6551
vn 0.4836 0.6204 -0.6174
vn 0.8208 0.0011 0.5712
vn 0.8208 0.0012 0.5713
vn 0.9261 0.2683 0.2652
vn 0.9262 0.2680 0.2650
vn 0.9359 0.2469 0.2512
vn 0.9358 0.2472 0.2513
vn 0.8667 0.0791 0.4926
vn 0.8666 0.0792 0.4926
vn 0.8695 0.0728 0.4885
vn 0.8695 0.0729 0.4885
vn 0.9223 0.3663 0.1232
vn 0.9225 0.3660 0.1230
vn 0.9357 0.3371 0.1041
vn 0.9356 0.3374 0.1043
vn 0.6372 -0.2087 0.7419
vn 0.5307 -0.2972 0.7938
vn 0.6296 -0.1922 0.7527
vn 0.5201 -0.2740 0.8090
vn 0.7846 -0.0494 0.6181
vn 0.7827 -0.0455 0.6207
vn 0.8304 0.0161 0.5570
vn 0.8310 0.0148 0.5561
vn -0.0776 -0.5983 0.7975
vn -0.0775 -0.5985 0.7973
vn -0.0992 -0.5512 0.8285
vn -0.0991 -0.5514 0.8283
vn 0.6753 0.5331 -0.5096
vn 0.6916 0.5036 -0.5177
vn 0.6695 0.5431 -0.5067
vn 0.6522 0.5716 -0.4979
vn 0.9415 0.3356 0.0319
vn 0.9501 0.3076 0.0522
vn 0.9414 0.3359 0.0316
vn 0.9300 0.3674 0.0083
vn 0.7944 0.4439 -0.4145
vn 0.6193 0.4773 -0.6234
vn 0.6140 0.5420 -0.5739
vn 0.5608 0.5618 -0.6082
vn 0.4629 0.5903 -0.6613
vn 0.5215 0.5744 -0.6309
vn 0.5215 0.5547 -0.6483
vn 0.4866 0.5583 -0.6720
vn -0.2953 -0.6396 -0.7097
vn -0.3369 -0.6600 -0.6715
vn -0.3339 -0.6586 -0.6744
vn -0.2928 -0.6384 -0.7119
vn 0.2591 0.5876 0.7666
vn 0.2606 0.5891 0.7649
vn 0.2922 0.6212 0.7271
vn 0.2903 0.6193 0.7295
vn 0.7796 -0.6108 0.1384
vn 0.8117 -0.5680 0.1360
vn 0.8093 -0.5714 0.1362
vn 0.7783 -0.6124 0.1385
vn -0.8432 0.5309 -0.0841
vn -0.8156 0.5719 -0.0878
vn -0.8161 0.5713 -0.0878
vn -0.8441 0.5296 -0.0840
vn -0.8513 0.5178 -0.0844
vn -0.8396 0.5328 -0.1057
vn -0.8413 0.5308 -0.1028
vn -0.8529 0.5157 -0.0814
vn 0.8059 -0.5733 0.1479
vn 0.8218 -0.5540 0.1334
vn 0.8195 -0.5568 0.1355
vn 0.8034 -0.5762 0.1501
vn 0.7320 0.4221 -0.5347
vn 0.9413 0.3368 -0.0211
vn 0.9427 0.3330 -0.0212
vn 0.6235 0.4410 -0.6456
vn 0.5787 0.5162 -0.6314
vn 0.5177 0.5175 -0.6813
vn 0.5208 0.4710 -0.7119
vn 0.5263 0.5125 -0.6785
vn 0.8210 0.0010 0.5709
vn 0.8210 0.0010 0.5710
vn 0.8209 0.0011 0.5711
vn 0.9447 0.2250 0.2386
vn 0.9448 0.2248 0.2385
vn 0.9528 0.2016 0.2270
vn 0.9527 0.2019 0.2271
vn 0.8721 0.0664 0.4848
vn 0.8721 0.0663 0.4847
vn 0.8745 0.0595 0.4813
vn 0.8745 0.0596 0.4814
vn 0.9477 0.3072 0.0869
vn 0.9478 0.3069 0.0867
vn 0.9587 0.2753 0.0711
vn 0.9586 0.2756 0.0712
vn 0.6228 -0.1750 0.7626
vn 0.5101 -0.2491 0.8232
vn 0.6165 -0.1569 0.7716
vn 0.5014 -0.2238 0.8358
vn 0.7811 -0.0414 0.6230
vn 0.7796 -0.0371 0.6251
vn 0.8315 0.0135 0.5554
vn 0.8320 0.0121 0.5547
vn -0.1190 -0.5017 0.8568
vn -0.1189 -0.5020 0.8567
vn -0.1369 -0.4500 0.8825
vn -0.1368 -0.4503 0.8823
vn 0.7113 0.4232 -0.5612
vn 0.7253 0.3918 -0.5660
vn 0.7063 0.4338 -0.5594
vn 0.6912 0.4643 -0.5537
vn 0.9641 0.2655 -0.0006
vn 0.9707 0.2393 0.0227
vn 0.9640 0.2658 -0.0008
vn 0.9550 0.2954 -0.0274
vn 0.8238 0.3360 -0.4566
vn 0.6509 0.3598 -0.6685
vn 0.6506 0.4296 -0.6263
vn 0.5989 0.4496 -0.6627
vn 0.5032 0.4795 -0.7190
vn 0.5606 0.4626 -0.6869
vn 0.5590 0.4412 -0.7020
vn 0.5243 0.4448 -0.7261
vn -0.3453 -0.6882 -0.6381
vn -0.3882 -0.7011 -0.5981
vn -0.3850 -0.7003 -0.6011
vn -0.3427 -0.6874 -0.6404
vn 0.3055 0.6454 0.7001
vn 0.3071 0.6466 0.6983
vn 0.3409 0.6720 0.6574
vn 0.3388 0.6705 0.6600
vn 0.7321 -0.6492 0.2064
vn 0.7674 -0.6093 0.1995
vn 0.7647 -0.6125 0.2000
vn 0.7307 -0.6506 0.2066
vn -0.8013 0.5806 -0.1440
vn -0.7708 0.6187 -0.1520
vn -0.7713 0.6181 -0.1519
vn -0.8023 0.5794 -0.1437
vn -0.8104 0.5681 -0.1430
vn -0.7977 0.5798 -0.1657
vn -0.7995 0.5782 -0.1626
vn -0.8122 0.5664 -0.1398
vn 0.7612 -0.6129 0.2119
vn 0.7785 -0.5965 0.1955
vn 0.7760 -0.5989 0.1979
vn 0.7586 -0.6153 0.2143
vn 0.7594 0.3062 -0.5740
vn 0.9638 0.2611 -0.0534
vn 0.9649 0.2571 -0.0530
vn 0.6522 0.3211 -0.6867
vn 0.6132 0.4006 -0.6808
vn 0.5523 0.4011 -0.7308
vn 0.5518 0.3515 -0.7563
vn 0.5605 0.3958 -0.7275
vn 0.8199 0.0002 0.5724
vn 0.9599 0.1779 0.2169
vn 0.9599 0.1776 0.2168
vn 0.9661 0.1528 0.2079
vn 0.9661 0.1531 0.2080
vn 0.8766 0.0525 0.4784
vn 0.8766 0.0524 0.4783
vn 0.8785 0.0451 0.4757
vn 0.8784 0.0452 0.4757
vn 0.9684 0.2428 0.0573
vn 0.9685 0.2425 0.0571
vn 0.9770 0.2086 0.0449
vn 0.9769 0.2090 0.0451
vn 0.6110 -0.1383 0.7795
vn 0.4934 -0.1968 0.8473
vn 0.6061 -0.1189 0.7864
vn 0.4865 -0.1697 0.8570
vn 0.7783 -0.0327 0.6270
vn 0.7772 -0.0281 0.6286
vn 0.8324 0.0107 0.5541
vn 0.8328 0.0092 0.5535
vn -0.1528 -0.3964 0.9053
vn -0.1527 -0.3967 0.9051
vn -0.1667 -0.3411 0.9251
vn -0.1666 -0.3414 0.9250
vn 0.7388 0.3060 -0.6005
vn 0.7504 0.2733 -0.6019
vn 0.7346 0.3170 -0.5999
vn 0.7219 0.3490 -0.5976
vn 0.9743 0.2183 -0.0551
vn 0.9813 0.1909 -0.0252
vn 0.9860 0.1669 0.0008
vn 0.9812 0.1912 -0.0254
vn 0.8448 0.2224 -0.4867
vn 0.6733 0.2361 -0.7007
vn 0.5909 0.3428 -0.7303
vn 0.6784 0.3099 -0.6661
vn 0.6282 0.3297 -0.7048
vn 0.5348 0.3604 -0.7643
vn 0.5877 0.3201 -0.7431
vn 0.5533 0.3237 -0.7675
vn -0.4389 -0.7299 -0.5240
vn -0.3959 -0.7245 -0.5642
vn -0.3985 -0.7249 -0.5619
vn -0.4421 -0.7302 -0.5209
vn 0.3559 0.6921 0.6280
vn 0.3575 0.6930 0.6260
vn 0.3930 0.7113 0.5828
vn 0.3908 0.7102 0.5855
vn 0.7204 -0.6402 0.2669
vn 0.7174 -0.6431 0.2678
vn 0.6807 -0.6776 0.2783
vn 0.6822 -0.6763 0.2779
vn -0.7228 0.6548 -0.2207
vn -0.7234 0.6543 -0.2205
vn -0.7572 0.6190 -0.2084
vn -0.7562 0.6202 -0.2088
vn -0.7527 0.6168 -0.2302
vn -0.7546 0.6157 -0.2270
vn -0.7680 0.6074 -0.2031
vn -0.7662 0.6086 -0.2064
vn 0.7324 -0.6287 0.2615
vn 0.7297 -0.6306 0.2642
vn 0.7112 -0.6439 0.2822
vn 0.7140 -0.6420 0.2796
vn 0.9813 0.1769 -0.0765
vn 0.7779 0.1850 -0.6005
vn 0.9805 0.1809 -0.0772
vn 0.6717 0.1957 -0.7145
vn 0.6387 0.2780 -0.7174
vn 0.5778 0.2778 -0.7675
vn 0.5735 0.2259 -0.7874
vn 0.5856 0.2722 -0.7635
vn 0.9714 0.1277 0.2004
vn 0.9714 0.1274 0.2003
vn 0.9757 0.1014 0.1942
vn 0.9757 0.1017 0.1942
vn 0.8800 0.0377 0.4735
vn 0.8800 0.0376 0.4735
vn 0.8813 0.0299 0.4717
vn 0.8813 0.0300 0.4717
vn 0.9841 0.1743 0.0348
vn 0.9842 0.1739 0.0347
vn 0.9900 0.1384 0.0262
vn 0.9900 0.1388 0.0263
vn 0.6020 -0.0992 0.7923
vn 0.4806 -0.1411 0.8655
vn 0.4759 -0.1127 0.8722
vn 0.5987 -0.0789 0.7971
vn 0.7762 -0.0235 0.6300
vn 0.7754 -0.0186 0.6312
vn 0.8331 0.0077 0.5531
vn 0.8334 0.0061 0.5527
vn -0.1784 -0.2847 0.9419
vn -0.1784 -0.2844 0.9420
vn -0.1880 -0.2263 0.9557
vn -0.1880 -0.2267 0.9557
vn 0.7663 0.1500 -0.6247
vn 0.7539 0.1948 -0.6275
vn 0.7436 0.2277 -0.6287
vn 0.7572 0.1834 -0.6269
vn 0.9927 0.1130 -0.0416
vn 0.9957 0.0916 -0.0131
vn 0.9927 0.1132 -0.0419
vn 0.9877 0.1375 -0.0743
vn 0.8571 0.1048 -0.5043
vn 0.6863 0.1084 -0.7192
vn 0.6483 0.2040 -0.7336
vn 0.5572 0.2351 -0.7964
vn 0.6120 0.2171 -0.7605
vn 0.6970 0.1848 -0.6928
vn 0.6070 0.1935 -0.7708
vn 0.5729 0.1970 -0.7956
vn -0.4977 -0.7467 -0.4413
vn -0.4945 -0.7470 -0.4444
vn -0.4514 -0.7492 -0.4847
vn -0.4540 -0.7491 -0.4824
vn 0.4475 0.7383 0.5046
vn 0.4453 0.7377 0.5074
vn 0.4093 0.7269 0.5514
vn 0.4110 0.7275 0.5495
vn 0.6714 -0.6600 0.3370
vn 0.6683 -0.6626 0.3382
vn 0.6291 -0.6929 0.3522
vn 0.6307 -0.6918 0.3516
vn -0.6731 0.6792 -0.2924
vn -0.7095 0.6481 -0.2767
vn -0.7083 0.6492 -0.2772
vn -0.6726 0.6797 -0.2927
vn -0.7072 0.6426 -0.2948
vn -0.7211 0.6380 -0.2703
vn -0.7192 0.6386 -0.2737
vn -0.7052 0.6432 -0.2982
vn 0.6649 -0.6599 0.3498
vn 0.6842 -0.6501 0.3305
vn 0.6814 -0.6516 0.3333
vn 0.6620 -0.6613 0.3526
vn 0.9910 0.0975 -0.0922
vn 0.9914 0.0936 -0.0910
vn 0.8506 0.0831 -0.5192
vn 0.6876 0.0938 -0.7200
vn 0.6875 0.1687 -0.7063
vn 0.6031 0.1668 -0.7800
vn 0.6013 0.1440 -0.7859
vn 0.5947 0.1228 -0.7945
vn 0.9790 0.0753 0.1895
vn 0.9790 0.0750 0.1894
vn 0.9803 0.0618 0.1877
vn 0.9803 0.0618 0.1876
vn 0.8823 0.0221 0.4703
vn 0.8822 0.0222 0.4703
vn 0.8826 0.0183 0.4697
vn 0.9945 0.1027 0.0198
vn 0.9946 0.1023 0.0198
vn 0.9963 0.0844 0.0174
vn 0.5961 -0.0584 0.8008
vn 0.4722 -0.0830 0.8776
vn 0.5966 -0.0477 0.8011
vn 0.4708 -0.0683 0.8796
vn 0.7748 -0.0138 0.6320
vn 0.7754 -0.0111 0.6314
vn 0.8336 0.0046 0.5524
vn 0.8336 0.0038 0.5523
vn -0.1954 -0.1674 0.9663
vn -0.1954 -0.1677 0.9663
vn -0.1982 -0.1377 0.9704
vn -0.6817 0.0223 -0.7313
vn -0.6816 0.0154 -0.7316
vn -0.6816 0.0156 -0.7316
vn -0.6813 0.0018 -0.7320
vn -0.6812 0.0016 -0.7321
vn -0.6814 -0.0122 -0.7318
vn -0.6814 -0.0120 -0.7318
vn -0.6822 -0.0258 -0.7308
vn -0.6822 -0.0260 -0.7307
vn -0.6834 -0.0394 -0.7290
vn -0.6834 -0.0396 -0.7290
vn -0.6851 -0.0531 -0.7265
vn -0.6851 -0.0529 -0.7265
vn -0.6874 -0.0663 -0.7233
vn -0.6874 -0.0661 -0.7233
vn -0.6901 -0.0791 -0.7194
vn -0.6901 -0.0793 -0.7193
vn -0.6933 -0.0918 -0.7147
vn -0.6933 -0.0917 -0.7148
vn -0.6970 -0.1039 -0.7095
vn -0.6970 -0.1041 -0.7095
vn -0.7012 -0.1158 -0.7035
vn -0.7011 -0.1157 -0.7036
vn -0.7057 -0.1270 -0.6971
vn -0.7057 -0.1271 -0.6970
vn -0.7106 -0.1377 -0.6900
vn -0.7107 -0.1378 -0.6899
vn -0.7161 -0.1479 -0.6822
vn -0.7160 -0.1478 -0.6823
vn -0.7218 -0.1574 -0.6739
vn -0.7217 -0.1573 -0.6740
vn -0.7278 -0.1661 -0.6653
vn -0.7279 -0.1662 -0.6652
vn -0.7343 -0.1743 -0.6560
vn -0.7342 -0.1742 -0.6562
vn -0.7409 -0.1816 -0.6466
vn -0.7410 -0.1817 -0.6465
vn -0.7480 -0.1882 -0.6365
vn -0.7479 -0.1882 -0.6366
vn -0.7551 -0.1939 -0.6263
vn -0.7552 -0.1940 -0.6262
vn -0.7624 -0.1988 -0.6158
vn -0.7625 -0.1989 -0.6156
vn -0.7701 -0.2029 -0.6048
vn -0.7700 -0.2029 -0.6049
vn -0.7778 -0.2061 -0.5938
vn -0.7777 -0.2061 -0.5939
vn -0.7855 -0.2084 -0.5827
vn -0.7856 -0.2084 -0.5826
vn -0.7934 -0.2098 -0.5714
vn -0.7933 -0.2098 -0.5715
vn -0.8012 -0.2103 -0.5602
vn -0.8013 -0.2103 -0.5600
vn -0.8092 -0.2098 -0.5487
vn -0.8091 -0.2099 -0.5489
vn -0.8170 -0.2085 -0.5376
vn -0.8171 -0.2085 -0.5374
vn -0.8248 -0.2063 -0.5264
vn -0.8249 -0.2063 -0.5263
vn -0.8326 -0.2032 -0.5152
vn -0.8325 -0.2032 -0.5154
vn -0.8402 -0.1992 -0.5044
vn -0.8401 -0.1992 -0.5046
vn -0.8475 -0.1944 -0.4939
vn -0.8476 -0.1943 -0.4938
vn -0.8548 -0.1886 -0.4835
vn -0.8547 -0.1887 -0.4836
vn -0.8617 -0.1822 -0.4736
vn -0.8617 -0.1821 -0.4735
vn -0.8685 -0.1748 -0.4639
vn -0.8684 -0.1750 -0.4640
vn -0.8748 -0.1669 -0.4548
vn -0.8749 -0.1668 -0.4547
vn -0.8809 -0.1582 -0.4461
vn -0.8810 -0.1581 -0.4459
vn -0.8868 -0.1486 -0.4377
vn -0.8867 -0.1487 -0.4378
vn -0.8922 -0.1385 -0.4299
vn -0.8921 -0.1387 -0.4300
vn -0.8971 -0.1280 -0.4229
vn -0.8972 -0.1278 -0.4228
vn -0.9018 -0.1166 -0.4162
vn -0.9017 -0.1168 -0.4163
vn -0.9059 -0.1050 -0.4103
vn -0.9059 -0.1049 -0.4102
vn -0.9096 -0.0927 -0.4049
vn -0.9096 -0.0929 -0.4050
vn -0.9129 -0.0803 -0.4003
vn -0.9129 -0.0801 -0.4002
vn -0.9157 -0.0672 -0.3963
vn -0.9156 -0.0674 -0.3963
vn -0.9179 -0.0541 -0.3931
vn -0.9179 -0.0540 -0.3930
vn -0.9197 -0.0405 -0.3905
vn -0.9197 -0.0407 -0.3905
vn -0.9210 -0.0270 -0.3887
vn -0.9210 -0.0269 -0.3887
vn -0.9217 -0.0133 -0.3876
vn -0.9217 -0.0131 -0.3876
vn -0.9220 0.0005 -0.3873
vn -0.9220 0.0007 -0.3872
vn -0.9217 0.0145 -0.3877
vn -0.9217 0.0143 -0.3876
vn -0.9209 0.0282 -0.3888
vn -0.9209 0.0280 -0.3888
vn -0.9196 0.0418 -0.3907
vn -0.9196 0.0416 -0.3907
vn -0.9177 0.0552 -0.3933
vn -0.9178 0.0551 -0.3933
vn -0.9154 0.0684 -0.3966
vn -0.9155 0.0683 -0.3966
vn -0.9126 0.0814 -0.4007
vn -0.9126 0.0812 -0.4006
vn -0.9093 0.0939 -0.4054
vn -0.9094 0.0937 -0.4053
vn -0.9056 0.1060 -0.4108
vn -0.9056 0.1059 -0.4107
vn -0.9014 0.1176 -0.4167
vn -0.9013 0.1177 -0.4168
vn -0.8968 0.1288 -0.4234
vn -0.8967 0.1289 -0.4234
vn -0.8917 0.1395 -0.4307
vn -0.8917 0.1394 -0.4306
vn -0.8863 0.1494 -0.4384
vn -0.8862 0.1495 -0.4385
vn -0.8804 0.1589 -0.4468
vn -0.8805 0.1588 -0.4467
vn -0.8744 0.1675 -0.4555
vn -0.8743 0.1676 -0.4556
vn -0.8678 0.1756 -0.4648
vn -0.8679 0.1755 -0.4647
vn -0.8612 0.1827 -0.4743
vn -0.8611 0.1828 -0.4745
vn -0.8541 0.1892 -0.4845
vn -0.8542 0.1892 -0.4843
vn -0.8470 0.1948 -0.4947
vn -0.8469 0.1948 -0.4948
vn -0.8395 0.1996 -0.5054
vn -0.8396 0.1995 -0.5053
vn -0.8319 0.2035 -0.5163
vn -0.8320 0.2035 -0.5162
vn -0.8242 0.2065 -0.5274
vn -0.8243 0.2065 -0.5272
vn -0.8164 0.2087 -0.5384
vn -0.8163 0.2087 -0.5385
vn -0.8085 0.2099 -0.5498
vn -0.8086 0.2099 -0.5497
vn -0.8006 0.2103 -0.5611
vn -0.8007 0.2103 -0.5610
vn -0.7928 0.2097 -0.5723
vn -0.7927 0.2097 -0.5724
vn -0.7849 0.2082 -0.5836
vn -0.7848 0.2082 -0.5837
vn -0.7771 0.2059 -0.5947
vn -0.7770 0.2058 -0.5948
vn -0.7695 0.2026 -0.6057
vn -0.7694 0.2026 -0.6058
vn -0.7618 0.1984 -0.6166
vn -0.7619 0.1985 -0.6165
vn -0.7544 0.1934 -0.6272
vn -0.7545 0.1935 -0.6271
vn -0.7473 0.1876 -0.6375
vn -0.7474 0.1877 -0.6373
vn -0.7404 0.1811 -0.6473
vn -0.7404 0.1810 -0.6474
vn -0.7337 0.1736 -0.6569
vn -0.7338 0.1737 -0.6568
vn -0.7274 0.1655 -0.6660
vn -0.7273 0.1654 -0.6661
vn -0.7213 0.1566 -0.6747
vn -0.7213 0.1567 -0.6746
vn -0.7156 0.1471 -0.6828
vn -0.7155 0.1470 -0.6829
vn -0.7102 0.1368 -0.6906
vn -0.7103 0.1369 -0.6905
vn -0.7053 0.1262 -0.6976
vn -0.7053 0.1260 -0.6977
vn -0.7007 0.1147 -0.7041
vn -0.7008 0.1149 -0.7041
vn -0.6966 0.1029 -0.7100
vn -0.6967 0.1031 -0.7099
vn -0.6930 0.0907 -0.7152
vn -0.6930 0.0908 -0.7151
vn -0.6899 0.0782 -0.7197
vn -0.6898 0.0780 -0.7198
vn -0.6871 0.0650 -0.7236
vn -0.6872 0.0652 -0.7236
vn -0.6850 0.0519 -0.7267
vn -0.6849 0.0518 -0.7268
vn -0.6833 0.0383 -0.7292
vn -0.6833 0.0385 -0.7292
vn -0.6826 0.0316 -0.7301
vn -0.1217 0.0791 -0.9894
vn -0.1204 0.0304 -0.9923
vn -0.9487 -0.0304 -0.3147
vn -0.9494 -0.0115 -0.3140
vn -0.1195 -0.0187 -0.9927
vn -0.1217 -0.0675 -0.9903
vn -0.9496 0.0072 -0.3135
vn -0.9488 0.0260 -0.3147
vn -0.1245 -0.1162 -0.9854
vn -0.1305 -0.1641 -0.9778
vn -0.9476 0.0446 -0.3163
vn -0.9455 0.0632 -0.3196
vn -0.1369 -0.2116 -0.9677
vn -0.1463 -0.2579 -0.9550
vn -0.9429 0.0813 -0.3231
vn -0.9393 0.0992 -0.3283
vn -0.1563 -0.3035 -0.9399
vn -0.1691 -0.3473 -0.9224
vn -0.9354 0.1166 -0.3337
vn -0.9306 0.1335 -0.3409
vn -0.1824 -0.3901 -0.9025
vn -0.1984 -0.4306 -0.8804
vn -0.9254 0.1499 -0.3481
vn -0.9193 0.1655 -0.3570
vn -0.2148 -0.4700 -0.8562
vn -0.2337 -0.5066 -0.8299
vn -0.9129 0.1806 -0.3660
vn -0.9058 0.1947 -0.3764
vn -0.2529 -0.5418 -0.8016
vn -0.2744 -0.5738 -0.7716
vn -0.8983 0.2082 -0.3869
vn -0.8901 0.2205 -0.3988
vn -0.2960 -0.6042 -0.7398
vn -0.3197 -0.6312 -0.7067
vn -0.8817 0.2322 -0.4107
vn -0.8727 0.2425 -0.4238
vn -0.3434 -0.6563 -0.6718
vn -0.3690 -0.6777 -0.6361
vn -0.8635 0.2522 -0.4368
vn -0.8538 0.2603 -0.4509
vn -0.3944 -0.6970 -0.5988
vn -0.4214 -0.7125 -0.5611
vn -0.8439 0.2679 -0.4648
vn -0.8337 0.2737 -0.4797
vn -0.4480 -0.7258 -0.5221
vn -0.4759 -0.7350 -0.4830
vn -0.8233 0.2789 -0.4943
vn -0.8127 0.2823 -0.5097
vn -0.5032 -0.7420 -0.4430
vn -0.5316 -0.7449 -0.4032
vn -0.8021 0.2852 -0.5248
vn -0.7913 0.2861 -0.5403
vn -0.5592 -0.7454 -0.3627
vn -0.5876 -0.7419 -0.3231
vn -0.7805 0.2865 -0.5556
vn -0.7698 0.2849 -0.5711
vn -0.6150 -0.7360 -0.2829
vn -0.6428 -0.7262 -0.2439
vn -0.7591 0.2829 -0.5863
vn -0.7486 0.2789 -0.6015
vn -0.6696 -0.7140 -0.2047
vn -0.6964 -0.6979 -0.1671
vn -0.7381 0.2744 -0.6163
vn -0.7280 0.2680 -0.6310
vn -0.7221 -0.6796 -0.1295
vn -0.7475 -0.6576 -0.0940
vn -0.7180 0.2612 -0.6452
vn -0.7084 0.2525 -0.6591
vn -0.7715 -0.6335 -0.0587
vn -0.7951 -0.6060 -0.0259
vn -0.6990 0.2435 -0.6724
vn -0.6902 0.2327 -0.6852
vn -0.8171 -0.5765 0.0066
vn -0.8383 -0.5439 0.0361
vn -0.6815 0.2216 -0.6975
vn -0.6735 0.2088 -0.7090
vn -0.8580 -0.5096 0.0651
vn -0.8766 -0.4725 0.0910
vn -0.6657 0.1958 -0.7200
vn -0.6589 0.1814 -0.7301
vn -0.8935 -0.4339 0.1160
vn -0.9092 -0.3929 0.1376
vn -0.6521 0.1668 -0.7396
vn -0.6463 0.1508 -0.7480
vn -0.9230 -0.3507 0.1583
vn -0.9355 -0.3066 0.1754
vn -0.6407 0.1348 -0.7558
vn -0.6362 0.1176 -0.7625
vn -0.9461 -0.2615 0.1913
vn -0.9552 -0.2150 0.2035
vn -0.6319 0.1005 -0.7685
vn -0.6287 0.0824 -0.7733
vn -0.9622 -0.1677 0.2145
vn -0.9678 -0.1197 0.2216
vn -0.6257 0.0645 -0.7774
vn -0.6239 0.0458 -0.7802
vn -0.9712 -0.0711 0.2274
vn -0.9731 -0.0223 0.2292
vn -0.6222 0.0273 -0.7824
vn -0.6218 0.0084 -0.7831
vn -0.9729 0.0267 0.2297
vn -0.9711 0.0755 0.2263
vn -0.6215 -0.0103 -0.7833
vn -0.6226 -0.0291 -0.7820
vn -0.9672 0.1241 0.2216
vn -0.9618 0.1719 0.2130
vn -0.6237 -0.0477 -0.7802
vn -0.6262 -0.0662 -0.7769
vn -0.9543 0.2194 0.2031
vn -0.9453 0.2654 0.1894
vn -0.6287 -0.0843 -0.7730
vn -0.6325 -0.1021 -0.7678
vn -0.9343 0.3108 0.1745
vn -0.9220 0.3544 0.1560
vn -0.6364 -0.1195 -0.7621
vn -0.6415 -0.1362 -0.7549
vn -0.9077 0.3969 0.1363
vn -0.8922 0.4372 0.1133
vn -0.6466 -0.1526 -0.7474
vn -0.6530 -0.1680 -0.7385
vn -0.8748 0.4762 0.0893
vn -0.8564 0.5125 0.0621
vn -0.6593 -0.1830 -0.7293
vn -0.6667 -0.1969 -0.7188
vn -0.8363 0.5473 0.0341
vn -0.8154 0.5789 0.0032
vn -0.6741 -0.2103 -0.7081
vn -0.6825 -0.2224 -0.6962
vn -0.7927 0.6089 -0.0283
vn -0.7696 0.6354 -0.0622
vn -0.6908 -0.2340 -0.6841
vn -0.7001 -0.2441 -0.6711
vn -0.7449 0.6601 -0.0967
vn -0.7201 0.6810 -0.1333
vn -0.7092 -0.2537 -0.6578
vn -0.7191 -0.2616 -0.6438
vn -0.6938 0.6998 -0.1701
vn -0.6675 0.7148 -0.2085
vn -0.7288 -0.2690 -0.6296
vn -0.7393 -0.2746 -0.6149
vn -0.6400 0.7276 -0.2470
vn -0.6129 0.7363 -0.2868
vn -0.7495 -0.2796 -0.6000
vn -0.7603 -0.2828 -0.5848
vn -0.5847 0.7428 -0.3263
vn -0.5571 0.7451 -0.3667
vn -0.7708 -0.2855 -0.5696
vn -0.7817 -0.2862 -0.5541
vn -0.5286 0.7452 -0.4066
vn -0.5012 0.7411 -0.4468
vn -0.7923 -0.2864 -0.5387
vn -0.8032 -0.2846 -0.5234
vn -0.4729 0.7347 -0.4864
vn -0.4460 0.7243 -0.5258
vn -0.8137 -0.2824 -0.5081
vn -0.8244 -0.2782 -0.4930
vn -0.4185 0.7116 -0.5644
vn -0.3926 0.6950 -0.6024
vn -0.8346 -0.2735 -0.4781
vn -0.8449 -0.2669 -0.4636
vn -0.3662 0.6762 -0.6392
vn -0.3418 0.6538 -0.6751
vn -0.8547 -0.2599 -0.4493
vn -0.8644 -0.2510 -0.4357
vn -0.3171 0.6292 -0.7096
vn -0.2945 0.6012 -0.7428
vn -0.8736 -0.2418 -0.4223
vn -0.8825 -0.2309 -0.4097
vn -0.2719 0.5714 -0.7744
vn -0.2516 0.5384 -0.8042
vn -0.8910 -0.2196 -0.3974
vn -0.8990 -0.2067 -0.3861
vn -0.2314 0.5037 -0.8323
vn -0.2138 0.4663 -0.8584
vn -0.9065 -0.1936 -0.3751
vn -0.9135 -0.1790 -0.3653
vn -0.1963 0.4273 -0.8825
vn -0.1817 0.3861 -0.9044
vn -0.9200 -0.1642 -0.3558
vn -0.9258 -0.1482 -0.3477
vn -0.1673 0.3436 -0.9241
vn -0.1559 0.2993 -0.9414
vn -0.9312 -0.1320 -0.3398
vn -0.9357 -0.1148 -0.3335
vn -0.1448 0.2539 -0.9563
vn -0.1368 0.2073 -0.9687
vn -0.9398 -0.0976 -0.3274
vn -0.9431 -0.0795 -0.3230
vn -0.1292 0.1599 -0.9786
vn -0.1248 0.1117 -0.9859
vn -0.9458 -0.0615 -0.3189
vn -0.9477 -0.0428 -0.3164
vn -0.4598 0.0495 -0.8866
vn -0.7805 0.0070 -0.6251
vn -0.4590 0.0190 -0.8882
vn -0.7804 0.0028 -0.6253
vn -0.4584 -0.0117 -0.8887
vn -0.7803 -0.0017 -0.6254
vn -0.4599 -0.0421 -0.8870
vn -0.7805 -0.0059 -0.6251
vn -0.4616 -0.0726 -0.8841
vn -0.7808 -0.0103 -0.6247
vn -0.4653 -0.1025 -0.8792
vn -0.7813 -0.0144 -0.6240
vn -0.4693 -0.1324 -0.8731
vn -0.7819 -0.0188 -0.6232
vn -0.4753 -0.1612 -0.8649
vn -0.7827 -0.0228 -0.6220
vn -0.4814 -0.1898 -0.8557
vn -0.7836 -0.0269 -0.6207
vn -0.4895 -0.2170 -0.8446
vn -0.7847 -0.0307 -0.6191
vn -0.4977 -0.2440 -0.8323
vn -0.7859 -0.0346 -0.6174
vn -0.5078 -0.2692 -0.8183
vn -0.7873 -0.0381 -0.6154
vn -0.5180 -0.2939 -0.8033
vn -0.7888 -0.0417 -0.6133
vn -0.5299 -0.3166 -0.7868
vn -0.7904 -0.0448 -0.6110
vn -0.5418 -0.3388 -0.7692
vn -0.7921 -0.0480 -0.6085
vn -0.5553 -0.3587 -0.7503
vn -0.7940 -0.0508 -0.6058
vn -0.5688 -0.3779 -0.7305
vn -0.7960 -0.0536 -0.6030
vn -0.5837 -0.3945 -0.7097
vn -0.7980 -0.0559 -0.6001
vn -0.5985 -0.4104 -0.6880
vn -0.8002 -0.0582 -0.5969
vn -0.6145 -0.4236 -0.6656
vn -0.8024 -0.0600 -0.5938
vn -0.6303 -0.4359 -0.6424
vn -0.8047 -0.0618 -0.5905
vn -0.6472 -0.4453 -0.6187
vn -0.8070 -0.0631 -0.5872
vn -0.6638 -0.4539 -0.5944
vn -0.8094 -0.0643 -0.5837
vn -0.6812 -0.4594 -0.5699
vn -0.8118 -0.0651 -0.5803
vn -0.6984 -0.4640 -0.5449
vn -0.8143 -0.0658 -0.5767
vn -0.7161 -0.4656 -0.5201
vn -0.8168 -0.0660 -0.5732
vn -0.7334 -0.4662 -0.4947
vn -0.8193 -0.0661 -0.5695
vn -0.7511 -0.4637 -0.4699
vn -0.8217 -0.0657 -0.5661
vn -0.7683 -0.4603 -0.4448
vn -0.8242 -0.0652 -0.5625
vn -0.7856 -0.4539 -0.4205
vn -0.8266 -0.0643 -0.5591
vn -0.8024 -0.4465 -0.3959
vn -0.8291 -0.0633 -0.5555
vn -0.8191 -0.4363 -0.3725
vn -0.8314 -0.0619 -0.5523
vn -0.8353 -0.4250 -0.3489
vn -0.8337 -0.0602 -0.5489
vn -0.8510 -0.4111 -0.3268
vn -0.8359 -0.0583 -0.5458
vn -0.8662 -0.3962 -0.3046
vn -0.8381 -0.0562 -0.5426
vn -0.8808 -0.3788 -0.2841
vn -0.8401 -0.0537 -0.5397
vn -0.8947 -0.3605 -0.2638
vn -0.8422 -0.0511 -0.5368
vn -0.9078 -0.3401 -0.2454
vn -0.8439 -0.0483 -0.5343
vn -0.9202 -0.3187 -0.2272
vn -0.8458 -0.0452 -0.5316
vn -0.9318 -0.2954 -0.2111
vn -0.8473 -0.0419 -0.5294
vn -0.9425 -0.2713 -0.1953
vn -0.8489 -0.0385 -0.5271
vn -0.9521 -0.2457 -0.1820
vn -0.8502 -0.0349 -0.5252
vn -0.9609 -0.2193 -0.1689
vn -0.8515 -0.0311 -0.5234
vn -0.9686 -0.1917 -0.1584
vn -0.8526 -0.0272 -0.5219
vn -0.9753 -0.1635 -0.1482
vn -0.8536 -0.0232 -0.5204
vn -0.9809 -0.1345 -0.1408
vn -0.8543 -0.0192 -0.5194
vn -0.9854 -0.1049 -0.1338
vn -0.8550 -0.0149 -0.5184
vn -0.9888 -0.0749 -0.1295
vn -0.8554 -0.0107 -0.5178
vn -0.9911 -0.0445 -0.1257
vn -0.8558 -0.0063 -0.5172
vn -0.9921 -0.0140 -0.1247
vn -0.8559 -0.0021 -0.5171
vn -0.9921 0.0167 -0.1242
vn -0.8560 0.0024 -0.5170
vn -0.9909 0.0471 -0.1265
vn -0.8558 0.0066 -0.5173
vn -0.9886 0.0776 -0.1293
vn -0.8555 0.0110 -0.5177
vn -0.9850 0.1074 -0.1348
vn -0.8549 0.0151 -0.5185
vn -0.9805 0.1372 -0.1409
vn -0.8543 0.0194 -0.5194
vn -0.9747 0.1659 -0.1496
vn -0.8535 0.0234 -0.5206
vn -0.9680 0.1944 -0.1588
vn -0.8525 0.0276 -0.5219
vn -0.9602 0.2215 -0.1704
vn -0.8514 0.0313 -0.5235
vn -0.9513 0.2482 -0.1826
vn -0.8502 0.0352 -0.5253
vn -0.9415 0.2732 -0.1971
vn -0.8488 0.0386 -0.5273
vn -0.9308 0.2978 -0.2121
vn -0.8473 0.0422 -0.5295
vn -0.9192 0.3203 -0.2291
vn -0.8456 0.0453 -0.5318
vn -0.9067 0.3422 -0.2466
vn -0.8439 0.0485 -0.5344
vn -0.8935 0.3618 -0.2659
vn -0.8420 0.0512 -0.5370
vn -0.8795 0.3808 -0.2856
vn -0.8400 0.0540 -0.5399
vn -0.8649 0.3972 -0.3068
vn -0.8380 0.0562 -0.5428
vn -0.8496 0.4128 -0.3284
vn -0.8358 0.0585 -0.5460
vn -0.8339 0.4257 -0.3512
vn -0.8336 0.0603 -0.5491
vn -0.8176 0.4377 -0.3742
vn -0.8312 0.0620 -0.5525
vn -0.8011 0.4468 -0.3983
vn -0.8289 0.0633 -0.5558
vn -0.7839 0.4550 -0.4224
vn -0.8265 0.0645 -0.5593
vn -0.7669 0.4603 -0.4472
vn -0.8241 0.0652 -0.5627
vn -0.7493 0.4645 -0.4720
vn -0.8216 0.0658 -0.5663
vn -0.7321 0.4658 -0.4971
vn -0.8191 0.0660 -0.5698
vn -0.7143 0.4660 -0.5221
vn -0.8166 0.0661 -0.5734
vn -0.6971 0.4632 -0.5472
vn -0.8142 0.0657 -0.5769
vn -0.6794 0.4595 -0.5720
vn -0.8116 0.0651 -0.5805
vn -0.6626 0.4528 -0.5966
vn -0.8093 0.0642 -0.5839
vn -0.6454 0.4450 -0.6208
vn -0.8068 0.0631 -0.5874
vn -0.6292 0.4345 -0.6445
vn -0.8045 0.0616 -0.5907
vn -0.6127 0.4229 -0.6676
vn -0.8022 0.0600 -0.5941
vn -0.5975 0.4087 -0.6899
vn -0.8001 0.0580 -0.5971
vn -0.5820 0.3935 -0.7117
vn -0.7978 0.0558 -0.6003
vn -0.5679 0.3759 -0.7322
vn -0.7959 0.0533 -0.6031
vn -0.5537 0.3573 -0.7521
vn -0.7938 0.0507 -0.6060
vn -0.5411 0.3366 -0.7706
vn -0.7921 0.0478 -0.6086
vn -0.5284 0.3150 -0.7884
vn -0.7902 0.0446 -0.6112
vn -0.5175 0.2915 -0.8045
vn -0.7887 0.0414 -0.6134
vn -0.5065 0.2672 -0.8198
vn -0.7871 0.0379 -0.6156
vn -0.4974 0.2414 -0.8333
vn -0.7859 0.0343 -0.6174
vn -0.4884 0.2149 -0.8458
vn -0.7846 0.0305 -0.6193
vn -0.4813 0.1871 -0.8564
vn -0.7836 0.0266 -0.6207
vn -0.4743 0.1588 -0.8659
vn -0.7826 0.0225 -0.6222
vn -0.4694 0.1296 -0.8734
vn -0.7819 0.0185 -0.6232
vn -0.4645 0.1000 -0.8799
vn -0.7812 0.0142 -0.6241
vn -0.4618 0.0699 -0.8842
vn -0.7808 0.0100 -0.6247
# 7626 vertex normals

vt 0.0106 0.5898 0.0000
vt 0.0038 0.5367 0.0000
vt 0.0152 0.4965 0.0000
vt 0.0177 0.5487 0.0000
vt 0.0506 0.5236 0.0000
vt 0.0557 0.5718 0.0000
vt 0.0187 0.5485 0.0000
vt 0.0162 0.4965 0.0000
vt 0.0209 0.4965 0.0000
vt 0.0234 0.5481 0.0000
vt 0.0224 0.5482 0.0000
vt 0.0199 0.4965 0.0000
vt 0.0047 0.5662 0.0000
vt 0.0005 0.5126 0.0000
vt 0.0169 0.5887 0.0000
vt 0.0101 0.5362 0.0000
vt 0.0102 0.5362 0.0000
vt 0.0526 0.5235 0.0000
vt 0.0578 0.5715 0.0000
vt 0.0110 0.5654 0.0000
vt 0.0068 0.5125 0.0000
vt 0.0522 0.5128 0.0000
vt 0.0212 0.4851 0.0000
vt 0.0202 0.4851 0.0000
vt 0.0095 0.5246 0.0000
vt 0.0094 0.5246 0.0000
vt 0.0067 0.5008 0.0000
vt 0.0003 0.5126 0.0000
vt 0.0045 0.5663 0.0000
vt 0.0044 0.5663 0.0000
vt 0.0002 0.5127 0.0000
vt 0.0000 0.5008 0.0000
vt 0.0001 0.5008 0.0000
vt 0.0066 0.5008 0.0000
vt 0.0839 0.5218 0.0000
vt 0.0886 0.5665 0.0000
vt 0.0835 0.5119 0.0000
vt 0.1118 0.5628 0.0000
vt 0.1073 0.5206 0.0000
vt 0.1251 0.5196 0.0000
vt 0.1294 0.5599 0.0000
vt 0.1069 0.5112 0.0000
vt 0.1247 0.5107 0.0000
vt 0.1314 0.5596 0.0000
vt 0.1271 0.5195 0.0000
vt 0.1267 0.5107 0.0000
vt 0.1337 0.5592 0.0000
vt 0.1295 0.5194 0.0000
vt 0.1291 0.5106 0.0000
vt 0.1618 0.5177 0.0000
vt 0.1657 0.5541 0.0000
vt 0.1615 0.5097 0.0000
vt 0.1718 0.5172 0.0000
vt 0.1755 0.5525 0.0000
vt 0.1714 0.5094 0.0000
vt 0.1798 0.5518 0.0000
vt 0.1760 0.5170 0.0000
vt 0.1757 0.5093 0.0000
vt 0.0199 0.4329 0.0000
vt 0.0154 0.4849 0.0000
vt 0.0031 0.5249 0.0000
vt 0.0033 0.4713 0.0000
vt 0.0514 0.4644 0.0000
vt 0.0502 0.5129 0.0000
vt 0.0164 0.4850 0.0000
vt 0.0208 0.4330 0.0000
vt 0.0255 0.4337 0.0000
vt 0.0245 0.4336 0.0000
vt 0.0003 0.5008 0.0000
vt 0.0031 0.4471 0.0000
vt 0.0032 0.4713 0.0000
vt 0.0030 0.5249 0.0000
vt 0.0096 0.4717 0.0000
vt 0.0097 0.4717 0.0000
vt 0.0534 0.4645 0.0000
vt 0.0095 0.4477 0.0000
vt 0.0544 0.4539 0.0000
vt 0.0272 0.4224 0.0000
vt 0.0262 0.4223 0.0000
vt 0.0105 0.4600 0.0000
vt 0.0104 0.4601 0.0000
vt 0.0108 0.4361 0.0000
vt 0.0028 0.4471 0.0000
vt 0.0029 0.4471 0.0000
vt 0.0042 0.4353 0.0000
vt 0.0043 0.4353 0.0000
vt 0.0094 0.4478 0.0000
vt 0.0846 0.4670 0.0000
vt 0.0855 0.4571 0.0000
vt 0.1079 0.4688 0.0000
vt 0.1257 0.4702 0.0000
vt 0.1265 0.4613 0.0000
vt 0.1088 0.4595 0.0000
vt 0.1277 0.4704 0.0000
vt 0.1285 0.4615 0.0000
vt 0.1301 0.4706 0.0000
vt 0.1309 0.4618 0.0000
vt 0.1624 0.4731 0.0000
vt 0.1632 0.4651 0.0000
vt 0.1723 0.4739 0.0000
vt 0.1730 0.4661 0.0000
vt 0.1766 0.4742 0.0000
vt 0.1773 0.4665 0.0000
vt 0.0113 0.4065 0.0000
vt 0.0328 0.3705 0.0000
vt 0.0216 0.4215 0.0000
vt 0.0041 0.4595 0.0000
vt 0.0226 0.4216 0.0000
vt 0.0337 0.3707 0.0000
vt 0.0599 0.4058 0.0000
vt 0.0524 0.4537 0.0000
vt 0.0373 0.3717 0.0000
vt 0.0383 0.3720 0.0000
vt 0.0143 0.3824 0.0000
vt 0.0045 0.4353 0.0000
vt 0.0175 0.4077 0.0000
vt 0.0176 0.4077 0.0000
vt 0.0619 0.4062 0.0000
vt 0.0205 0.3839 0.0000
vt 0.0415 0.3610 0.0000
vt 0.0643 0.3958 0.0000
vt 0.0405 0.3608 0.0000
vt 0.0199 0.3962 0.0000
vt 0.0234 0.3726 0.0000
vt 0.0140 0.3824 0.0000
vt 0.0141 0.3824 0.0000
vt 0.0171 0.3709 0.0000
vt 0.0170 0.3709 0.0000
vt 0.0233 0.3726 0.0000
vt 0.0925 0.4127 0.0000
vt 0.0947 0.4030 0.0000
vt 0.1328 0.4213 0.0000
vt 0.1154 0.4176 0.0000
vt 0.1348 0.4126 0.0000
vt 0.1175 0.4084 0.0000
vt 0.1348 0.4217 0.0000
vt 0.1368 0.4130 0.0000
vt 0.1372 0.4222 0.0000
vt 0.1391 0.4136 0.0000
vt 0.1689 0.4290 0.0000
vt 0.1706 0.4211 0.0000
vt 0.1786 0.4310 0.0000
vt 0.1803 0.4234 0.0000
vt 0.1828 0.4320 0.0000
vt 0.1845 0.4244 0.0000
vt 0.0278 0.3432 0.0000
vt 0.0538 0.3103 0.0000
vt 0.0360 0.3594 0.0000
vt 0.0137 0.3949 0.0000
vt 0.0547 0.3107 0.0000
vt 0.0760 0.3488 0.0000
vt 0.0623 0.3953 0.0000
vt 0.0369 0.3597 0.0000
vt 0.0581 0.3121 0.0000
vt 0.0590 0.3125 0.0000
vt 0.0136 0.3949 0.0000
vt 0.0173 0.3709 0.0000
vt 0.0339 0.3198 0.0000
vt 0.0277 0.3432 0.0000
vt 0.0338 0.3452 0.0000
vt 0.0780 0.3495 0.0000
vt 0.0399 0.3221 0.0000
vt 0.0636 0.3021 0.0000
vt 0.0817 0.3395 0.0000
vt 0.0627 0.3017 0.0000
vt 0.0376 0.3342 0.0000
vt 0.0442 0.3112 0.0000
vt 0.0336 0.3198 0.0000
vt 0.0337 0.3198 0.0000
vt 0.0381 0.3087 0.0000
vt 0.0380 0.3088 0.0000
vt 0.0398 0.3221 0.0000
vt 0.0441 0.3112 0.0000
vt 0.1074 0.3599 0.0000
vt 0.1109 0.3506 0.0000
vt 0.1295 0.3677 0.0000
vt 0.1463 0.3737 0.0000
vt 0.1494 0.3653 0.0000
vt 0.1327 0.3589 0.0000
vt 0.1482 0.3744 0.0000
vt 0.1513 0.3660 0.0000
vt 0.1505 0.3752 0.0000
vt 0.1535 0.3669 0.0000
vt 0.1810 0.3860 0.0000
vt 0.1838 0.3785 0.0000
vt 0.1904 0.3894 0.0000
vt 0.1931 0.3820 0.0000
vt 0.1944 0.3908 0.0000
vt 0.1971 0.3836 0.0000
vt 0.0584 0.2997 0.0000
vt 0.0316 0.3320 0.0000
vt 0.0524 0.2827 0.0000
vt 0.0824 0.2534 0.0000
vt 0.0797 0.3387 0.0000
vt 0.0593 0.3001 0.0000
vt 0.0833 0.2538 0.0000
vt 0.0995 0.2944 0.0000
vt 0.0865 0.2558 0.0000
vt 0.0874 0.2562 0.0000
vt 0.0523 0.2827 0.0000
vt 0.0383 0.3088 0.0000
vt 0.0615 0.2603 0.0000
vt 0.0581 0.2854 0.0000
vt 0.1013 0.2953 0.0000
vt 0.0671 0.2633 0.0000
vt 0.0933 0.2465 0.0000
vt 0.1063 0.2859 0.0000
vt 0.0924 0.2460 0.0000
vt 0.0633 0.2750 0.0000
vt 0.0729 0.2531 0.0000
vt 0.0612 0.2602 0.0000
vt 0.0613 0.2602 0.0000
vt 0.0671 0.2499 0.0000
vt 0.0670 0.2634 0.0000
vt 0.0728 0.2531 0.0000
vt 0.1292 0.3095 0.0000
vt 0.1338 0.3008 0.0000
vt 0.1659 0.3283 0.0000
vt 0.1500 0.3202 0.0000
vt 0.1544 0.3119 0.0000
vt 0.1700 0.3204 0.0000
vt 0.1677 0.3292 0.0000
vt 0.1718 0.3213 0.0000
vt 0.1698 0.3303 0.0000
vt 0.1739 0.3225 0.0000
vt 0.1987 0.3451 0.0000
vt 0.2024 0.3379 0.0000
vt 0.2075 0.3496 0.0000
vt 0.2112 0.3427 0.0000
vt 0.2113 0.3516 0.0000
vt 0.2149 0.3448 0.0000
vt 0.0577 0.2721 0.0000
vt 0.0847 0.2258 0.0000
vt 0.1183 0.2007 0.0000
vt 0.0884 0.2435 0.0000
vt 0.0893 0.2440 0.0000
vt 0.1191 0.2013 0.0000
vt 0.1299 0.2436 0.0000
vt 0.1045 0.2849 0.0000
vt 0.1221 0.2036 0.0000
vt 0.1229 0.2042 0.0000
vt 0.0967 0.2049 0.0000
vt 0.0576 0.2721 0.0000
vt 0.0673 0.2500 0.0000
vt 0.0900 0.2294 0.0000
vt 0.1315 0.2447 0.0000
vt 0.1018 0.2087 0.0000
vt 0.1300 0.1953 0.0000
vt 0.1377 0.2360 0.0000
vt 0.1292 0.1947 0.0000
vt 0.0966 0.2197 0.0000
vt 0.0965 0.2197 0.0000
vt 0.1089 0.1993 0.0000
vt 0.0964 0.2048 0.0000
vt 0.0965 0.2048 0.0000
vt 0.1036 0.1953 0.0000
vt 0.1035 0.1953 0.0000
vt 0.1088 0.1993 0.0000
vt 0.1573 0.2625 0.0000
vt 0.1630 0.2544 0.0000
vt 0.1912 0.2858 0.0000
vt 0.1766 0.2757 0.0000
vt 0.1820 0.2681 0.0000
vt 0.1964 0.2785 0.0000
vt 0.1929 0.2870 0.0000
vt 0.1981 0.2797 0.0000
vt 0.1949 0.2884 0.0000
vt 0.2000 0.2812 0.0000
vt 0.2215 0.3068 0.0000
vt 0.2262 0.3002 0.0000
vt 0.2297 0.3124 0.0000
vt 0.2342 0.3060 0.0000
vt 0.2332 0.3149 0.0000
vt 0.2377 0.3086 0.0000
vt 0.1255 0.1917 0.0000
vt 0.0913 0.2161 0.0000
vt 0.1242 0.1738 0.0000
vt 0.1608 0.1532 0.0000
vt 0.1615 0.1538 0.0000
vt 0.1666 0.1972 0.0000
vt 0.1360 0.2348 0.0000
vt 0.1263 0.1923 0.0000
vt 0.1641 0.1566 0.0000
vt 0.1648 0.1572 0.0000
vt 0.1038 0.1954 0.0000
vt 0.1388 0.1546 0.0000
vt 0.1241 0.1738 0.0000
vt 0.1289 0.1779 0.0000
vt 0.1290 0.1779 0.0000
vt 0.1681 0.1985 0.0000
vt 0.1434 0.1590 0.0000
vt 0.1731 0.1493 0.0000
vt 0.1754 0.1907 0.0000
vt 0.1724 0.1487 0.0000
vt 0.1368 0.1692 0.0000
vt 0.1367 0.1692 0.0000
vt 0.1516 0.1506 0.0000
vt 0.1386 0.1545 0.0000
vt 0.1469 0.1460 0.0000
vt 0.1515 0.1506 0.0000
vt 0.1914 0.2195 0.0000
vt 0.1981 0.2122 0.0000
vt 0.2087 0.2351 0.0000
vt 0.2219 0.2471 0.0000
vt 0.2280 0.2405 0.0000
vt 0.2151 0.2283 0.0000
vt 0.2234 0.2484 0.0000
vt 0.2295 0.2419 0.0000
vt 0.2252 0.2501 0.0000
vt 0.2312 0.2436 0.0000
vt 0.2492 0.2718 0.0000
vt 0.2547 0.2659 0.0000
vt 0.2566 0.2785 0.0000
vt 0.2619 0.2727 0.0000
vt 0.2598 0.2814 0.0000
vt 0.2650 0.2758 0.0000
vt 0.1691 0.1452 0.0000
vt 0.1320 0.1649 0.0000
vt 0.1702 0.1273 0.0000
vt 0.2092 0.1116 0.0000
vt 0.1739 0.1893 0.0000
vt 0.1698 0.1459 0.0000
vt 0.2098 0.1124 0.0000
vt 0.2091 0.1560 0.0000
vt 0.2126 0.1162 0.0000
vt 0.2120 0.1154 0.0000
vt 0.1872 0.1103 0.0000
vt 0.1701 0.1273 0.0000
vt 0.1471 0.1461 0.0000
vt 0.1744 0.1321 0.0000
vt 0.1743 0.1321 0.0000
vt 0.2105 0.1575 0.0000
vt 0.1912 0.1152 0.0000
vt 0.2218 0.1094 0.0000
vt 0.2187 0.1507 0.0000
vt 0.2212 0.1087 0.0000
vt 0.1832 0.1244 0.0000
vt 0.1831 0.1244 0.0000
vt 0.2004 0.1080 0.0000
vt 0.1869 0.1102 0.0000
vt 0.1870 0.1102 0.0000
vt 0.1962 0.1028 0.0000
vt 0.1963 0.1028 0.0000
vt 0.1911 0.1152 0.0000
vt 0.2003 0.1080 0.0000
vt 0.2307 0.1813 0.0000
vt 0.2384 0.1750 0.0000
vt 0.2574 0.2127 0.0000
vt 0.2459 0.1991 0.0000
vt 0.2531 0.1931 0.0000
vt 0.2643 0.2070 0.0000
vt 0.2588 0.2142 0.0000
vt 0.2656 0.2085 0.0000
vt 0.2603 0.2161 0.0000
vt 0.2671 0.2104 0.0000
vt 0.2813 0.2408 0.0000
vt 0.2875 0.2356 0.0000
vt 0.2877 0.2483 0.0000
vt 0.2937 0.2433 0.0000
vt 0.2905 0.2517 0.0000
vt 0.2964 0.2468 0.0000
vt 0.2625 0.0768 0.0000
vt 0.2184 0.1048 0.0000
vt 0.1791 0.1196 0.0000
vt 0.2218 0.0872 0.0000
vt 0.2174 0.1491 0.0000
vt 0.2191 0.1056 0.0000
vt 0.2630 0.0776 0.0000
vt 0.2567 0.1207 0.0000
vt 0.2648 0.0809 0.0000
vt 0.2654 0.0817 0.0000
vt 0.1790 0.1196 0.0000
vt 0.1965 0.1029 0.0000
vt 0.2409 0.0726 0.0000
vt 0.2217 0.0873 0.0000
vt 0.2253 0.0925 0.0000
vt 0.2254 0.0925 0.0000
vt 0.2578 0.1224 0.0000
vt 0.2442 0.0781 0.0000
vt 0.2753 0.0762 0.0000
vt 0.2668 0.1167 0.0000
vt 0.2748 0.0754 0.0000
vt 0.2351 0.0861 0.0000
vt 0.2543 0.0721 0.0000
vt 0.2407 0.0725 0.0000
vt 0.2408 0.0725 0.0000
vt 0.2509 0.0665 0.0000
vt 0.2510 0.0665 0.0000
vt 0.2441 0.0781 0.0000
vt 0.2542 0.0721 0.0000
vt 0.2748 0.1486 0.0000
vt 0.2832 0.1433 0.0000
vt 0.2875 0.1682 0.0000
vt 0.2972 0.1832 0.0000
vt 0.3047 0.1785 0.0000
vt 0.2954 0.1633 0.0000
vt 0.2983 0.1849 0.0000
vt 0.3058 0.1802 0.0000
vt 0.2996 0.1869 0.0000
vt 0.3070 0.1822 0.0000
vt 0.3171 0.2142 0.0000
vt 0.3239 0.2099 0.0000
vt 0.3225 0.2225 0.0000
vt 0.3291 0.2184 0.0000
vt 0.3248 0.2262 0.0000
vt 0.3313 0.2221 0.0000
vt 0.2726 0.0713 0.0000
vt 0.2317 0.0808 0.0000
vt 0.2783 0.0543 0.0000
vt 0.3200 0.0492 0.0000
vt 0.3085 0.0919 0.0000
vt 0.2658 0.1150 0.0000
vt 0.2731 0.0721 0.0000
vt 0.3204 0.0501 0.0000
vt 0.3217 0.0536 0.0000
vt 0.3222 0.0545 0.0000
vt 0.2782 0.0543 0.0000
vt 0.2316 0.0808 0.0000
vt 0.2511 0.0666 0.0000
vt 0.2991 0.0423 0.0000
vt 0.2810 0.0600 0.0000
vt 0.2811 0.0600 0.0000
vt 0.3093 0.0938 0.0000
vt 0.3017 0.0482 0.0000
vt 0.3190 0.0894 0.0000
vt 0.3328 0.0504 0.0000
vt 0.3324 0.0495 0.0000
vt 0.2916 0.0549 0.0000
vt 0.2915 0.0549 0.0000
vt 0.3124 0.0436 0.0000
vt 0.2989 0.0422 0.0000
vt 0.2990 0.0422 0.0000
vt 0.3098 0.0376 0.0000
vt 0.3099 0.0376 0.0000
vt 0.3016 0.0482 0.0000
vt 0.3227 0.1220 0.0000
vt 0.3318 0.1179 0.0000
vt 0.3404 0.1592 0.0000
vt 0.3328 0.1431 0.0000
vt 0.3413 0.1392 0.0000
vt 0.3485 0.1555 0.0000
vt 0.3413 0.1611 0.0000
vt 0.3493 0.1574 0.0000
vt 0.3423 0.1632 0.0000
vt 0.3503 0.1596 0.0000
vt 0.3561 0.1926 0.0000
vt 0.3634 0.1892 0.0000
vt 0.3603 0.2015 0.0000
vt 0.3675 0.1983 0.0000
vt 0.3621 0.2055 0.0000
vt 0.3692 0.2023 0.0000
vt 0.3385 0.0291 0.0000
vt 0.3806 0.0294 0.0000
vt 0.3307 0.0451 0.0000
vt 0.2889 0.0492 0.0000
vt 0.3636 0.0702 0.0000
vt 0.3182 0.0875 0.0000
vt 0.3311 0.0459 0.0000
vt 0.3809 0.0303 0.0000
vt 0.3817 0.0340 0.0000
vt 0.3820 0.0349 0.0000
vt 0.2888 0.0492 0.0000
vt 0.3100 0.0377 0.0000
vt 0.3608 0.0200 0.0000
vt 0.3405 0.0351 0.0000
vt 0.3406 0.0351 0.0000
vt 0.3642 0.0722 0.0000
vt 0.3625 0.0261 0.0000
vt 0.3931 0.0322 0.0000
vt 0.3744 0.0690 0.0000
vt 0.3928 0.0313 0.0000
vt 0.3517 0.0314 0.0000
vt 0.3516 0.0314 0.0000
vt 0.3738 0.0229 0.0000
vt 0.3606 0.0198 0.0000
vt 0.3607 0.0198 0.0000
vt 0.3721 0.0167 0.0000
vt 0.3720 0.0167 0.0000
vt 0.3738 0.1019 0.0000
vt 0.3833 0.0990 0.0000
vt 0.3809 0.1241 0.0000
vt 0.3864 0.1411 0.0000
vt 0.3899 0.1214 0.0000
vt 0.3949 0.1385 0.0000
vt 0.3870 0.1430 0.0000
vt 0.3955 0.1404 0.0000
vt 0.3877 0.1453 0.0000
vt 0.3962 0.1427 0.0000
vt 0.3976 0.1762 0.0000
vt 0.4053 0.1738 0.0000
vt 0.4006 0.1856 0.0000
vt 0.4081 0.1833 0.0000
vt 0.4019 0.1898 0.0000
vt 0.4093 0.1876 0.0000
vt 0.4016 0.0119 0.0000
vt 0.4432 0.0177 0.0000
vt 0.3918 0.0267 0.0000
vt 0.3497 0.0253 0.0000
vt 0.4210 0.0559 0.0000
vt 0.3738 0.0671 0.0000
vt 0.3920 0.0276 0.0000
vt 0.4434 0.0187 0.0000
vt 0.4440 0.0233 0.0000
vt 0.4438 0.0224 0.0000
vt 0.4248 0.0058 0.0000
vt 0.4015 0.0119 0.0000
vt 0.3497 0.0254 0.0000
vt 0.3722 0.0168 0.0000
vt 0.4028 0.0182 0.0000
vt 0.4029 0.0182 0.0000
vt 0.4214 0.0579 0.0000
vt 0.4258 0.0121 0.0000
vt 0.4553 0.0221 0.0000
vt 0.4319 0.0562 0.0000
vt 0.4551 0.0212 0.0000
vt 0.4143 0.0160 0.0000
vt 0.4374 0.0105 0.0000
vt 0.4246 0.0057 0.0000
vt 0.4247 0.0057 0.0000
vt 0.4365 0.0041 0.0000
vt 0.4364 0.0041 0.0000
vt 0.4257 0.0121 0.0000
vt 0.4373 0.0105 0.0000
vt 0.4270 0.0886 0.0000
vt 0.4368 0.0870 0.0000
vt 0.4312 0.1116 0.0000
vt 0.4344 0.1291 0.0000
vt 0.4404 0.1101 0.0000
vt 0.4432 0.1277 0.0000
vt 0.4347 0.1311 0.0000
vt 0.4435 0.1297 0.0000
vt 0.4351 0.1335 0.0000
vt 0.4439 0.1320 0.0000
vt 0.4409 0.1654 0.0000
vt 0.4488 0.1641 0.0000
vt 0.4427 0.1752 0.0000
vt 0.4504 0.1739 0.0000
vt 0.4433 0.1795 0.0000
vt 0.4510 0.1782 0.0000
vt 0.4664 0.0032 0.0000
vt 0.5069 0.0143 0.0000
vt 0.4547 0.0165 0.0000
vt 0.4132 0.0097 0.0000
vt 0.5069 0.0153 0.0000
vt 0.4798 0.0493 0.0000
vt 0.4316 0.0541 0.0000
vt 0.4548 0.0174 0.0000
vt 0.5069 0.0200 0.0000
vt 0.5068 0.0191 0.0000
vt 0.4902 0.0002 0.0000
vt 0.4663 0.0032 0.0000
vt 0.4131 0.0097 0.0000
vt 0.4366 0.0042 0.0000
vt 0.4667 0.0095 0.0000
vt 0.4668 0.0095 0.0000
vt 0.4799 0.0513 0.0000
vt 0.4903 0.0066 0.0000
vt 0.5182 0.0203 0.0000
vt 0.4906 0.0509 0.0000
vt 0.5182 0.0193 0.0000
vt 0.4784 0.0089 0.0000
vt 0.5020 0.0065 0.0000
vt 0.4900 0.0001 0.0000
vt 0.4901 0.0001 0.0000
vt 0.5019 0.0000 0.0000
vt 0.5020 0.0000 0.0000
vt 0.4815 0.0824 0.0000
vt 0.4914 0.0821 0.0000
vt 0.4835 0.1236 0.0000
vt 0.4826 0.1058 0.0000
vt 0.4920 0.1054 0.0000
vt 0.4924 0.1233 0.0000
vt 0.4836 0.1256 0.0000
vt 0.4925 0.1253 0.0000
vt 0.4837 0.1280 0.0000
vt 0.4925 0.1277 0.0000
vt 0.4852 0.1604 0.0000
vt 0.4933 0.1601 0.0000
vt 0.4857 0.1703 0.0000
vt 0.4935 0.1700 0.0000
vt 0.4858 0.1747 0.0000
vt 0.4935 0.1744 0.0000
vt 0.5317 0.0030 0.0000
vt 0.5704 0.0193 0.0000
vt 0.5184 0.0146 0.0000
vt 0.4782 0.0025 0.0000
vt 0.5184 0.0156 0.0000
vt 0.5703 0.0202 0.0000
vt 0.5390 0.0504 0.0000
vt 0.4905 0.0489 0.0000
vt 0.5697 0.0240 0.0000
vt 0.5697 0.0249 0.0000
vt 0.4781 0.0025 0.0000
vt 0.5021 0.0001 0.0000
vt 0.5557 0.0032 0.0000
vt 0.5313 0.0094 0.0000
vt 0.5389 0.0524 0.0000
vt 0.5550 0.0096 0.0000
vt 0.5809 0.0267 0.0000
vt 0.5495 0.0534 0.0000
vt 0.5810 0.0258 0.0000
vt 0.5429 0.0102 0.0000
vt 0.5666 0.0110 0.0000
vt 0.5557 0.0031 0.0000
vt 0.5556 0.0031 0.0000
vt 0.5675 0.0046 0.0000
vt 0.5674 0.0046 0.0000
vt 0.5363 0.0835 0.0000
vt 0.5462 0.0844 0.0000
vt 0.5329 0.1245 0.0000
vt 0.5344 0.1067 0.0000
vt 0.5418 0.1254 0.0000
vt 0.5437 0.1076 0.0000
vt 0.5328 0.1265 0.0000
vt 0.5416 0.1274 0.0000
vt 0.5325 0.1289 0.0000
vt 0.5413 0.1298 0.0000
vt 0.5298 0.1612 0.0000
vt 0.5378 0.1620 0.0000
vt 0.5290 0.1711 0.0000
vt 0.5368 0.1719 0.0000
vt 0.5285 0.1755 0.0000
vt 0.5362 0.1762 0.0000
vt 0.5435 0.0039 0.0000
vt 0.5965 0.0114 0.0000
vt 0.6327 0.0326 0.0000
vt 0.5818 0.0211 0.0000
vt 0.5497 0.0514 0.0000
vt 0.5817 0.0220 0.0000
vt 0.6326 0.0335 0.0000
vt 0.5976 0.0592 0.0000
vt 0.6315 0.0371 0.0000
vt 0.6313 0.0380 0.0000
vt 0.6203 0.0148 0.0000
vt 0.5434 0.0039 0.0000
vt 0.5675 0.0047 0.0000
vt 0.5952 0.0176 0.0000
vt 0.5953 0.0176 0.0000
vt 0.5972 0.0612 0.0000
vt 0.6188 0.0210 0.0000
vt 0.6422 0.0412 0.0000
vt 0.6075 0.0636 0.0000
vt 0.6424 0.0404 0.0000
vt 0.6067 0.0200 0.0000
vt 0.6301 0.0239 0.0000
vt 0.6203 0.0147 0.0000
vt 0.6202 0.0147 0.0000
vt 0.6317 0.0177 0.0000
vt 0.6318 0.0177 0.0000
vt 0.6187 0.0210 0.0000
vt 0.6300 0.0239 0.0000
vt 0.5906 0.0917 0.0000
vt 0.6002 0.0939 0.0000
vt 0.5818 0.1319 0.0000
vt 0.5856 0.1145 0.0000
vt 0.5905 0.1339 0.0000
vt 0.5947 0.1166 0.0000
vt 0.5814 0.1339 0.0000
vt 0.5901 0.1359 0.0000
vt 0.5809 0.1362 0.0000
vt 0.5895 0.1382 0.0000
vt 0.5739 0.1679 0.0000
vt 0.5818 0.1697 0.0000
vt 0.5718 0.1776 0.0000
vt 0.5794 0.1793 0.0000
vt 0.5708 0.1819 0.0000
vt 0.5783 0.1836 0.0000
vt 0.6597 0.0282 0.0000
vt 0.6928 0.0539 0.0000
vt 0.6438 0.0358 0.0000
vt 0.6081 0.0138 0.0000
vt 0.6545 0.0756 0.0000
vt 0.6080 0.0616 0.0000
vt 0.6436 0.0367 0.0000
vt 0.6925 0.0547 0.0000
vt 0.6909 0.0582 0.0000
vt 0.6906 0.0591 0.0000
vt 0.6080 0.0138 0.0000
vt 0.6318 0.0178 0.0000
vt 0.6828 0.0347 0.0000
vt 0.6596 0.0282 0.0000
vt 0.6576 0.0342 0.0000
vt 0.6538 0.0776 0.0000
vt 0.6805 0.0406 0.0000
vt 0.6638 0.0813 0.0000
vt 0.7010 0.0637 0.0000
vt 0.7014 0.0629 0.0000
vt 0.6687 0.0381 0.0000
vt 0.6686 0.0381 0.0000
vt 0.6913 0.0451 0.0000
vt 0.6827 0.0346 0.0000
vt 0.6828 0.0346 0.0000
vt 0.6937 0.0391 0.0000
vt 0.6938 0.0391 0.0000
vt 0.6804 0.0407 0.0000
vt 0.6433 0.1069 0.0000
vt 0.6525 0.1104 0.0000
vt 0.6354 0.1289 0.0000
vt 0.6293 0.1456 0.0000
vt 0.6377 0.1487 0.0000
vt 0.6441 0.1321 0.0000
vt 0.6286 0.1475 0.0000
vt 0.6370 0.1506 0.0000
vt 0.6278 0.1498 0.0000
vt 0.6361 0.1529 0.0000
vt 0.6168 0.1803 0.0000
vt 0.6243 0.1831 0.0000
vt 0.6134 0.1896 0.0000
vt 0.6207 0.1924 0.0000
vt 0.6118 0.1937 0.0000
vt 0.6190 0.1964 0.0000
vt 0.7496 0.0829 0.0000
vt 0.7033 0.0586 0.0000
vt 0.6708 0.0321 0.0000
vt 0.7201 0.0531 0.0000
vt 0.7492 0.0837 0.0000
vt 0.7087 0.0994 0.0000
vt 0.6645 0.0794 0.0000
vt 0.7030 0.0594 0.0000
vt 0.7467 0.0877 0.0000
vt 0.7471 0.0869 0.0000
vt 0.7200 0.0531 0.0000
vt 0.6938 0.0392 0.0000
vt 0.7422 0.0627 0.0000
vt 0.7173 0.0588 0.0000
vt 0.7172 0.0588 0.0000
vt 0.7078 0.1012 0.0000
vt 0.7391 0.0682 0.0000
vt 0.7564 0.0937 0.0000
vt 0.7172 0.1062 0.0000
vt 0.7569 0.0929 0.0000
vt 0.7277 0.0641 0.0000
vt 0.7276 0.0641 0.0000
vt 0.7493 0.0740 0.0000
vt 0.7421 0.0625 0.0000
vt 0.7422 0.0625 0.0000
vt 0.7524 0.0684 0.0000
vt 0.7525 0.0684 0.0000
vt 0.7390 0.0682 0.0000
vt 0.7492 0.0740 0.0000
vt 0.6935 0.1289 0.0000
vt 0.7022 0.1336 0.0000
vt 0.6746 0.1654 0.0000
vt 0.6828 0.1496 0.0000
vt 0.6911 0.1540 0.0000
vt 0.6825 0.1696 0.0000
vt 0.6737 0.1672 0.0000
vt 0.6815 0.1714 0.0000
vt 0.6726 0.1694 0.0000
vt 0.6804 0.1735 0.0000
vt 0.6576 0.1982 0.0000
vt 0.6647 0.2020 0.0000
vt 0.6531 0.2070 0.0000
vt 0.6600 0.2107 0.0000
vt 0.6510 0.2109 0.0000
vt 0.6578 0.2145 0.0000
vt 0.7594 0.0889 0.0000
vt 0.7306 0.0585 0.0000
vt 0.7767 0.0857 0.0000
vt 0.8020 0.1191 0.0000
vt 0.7594 0.1300 0.0000
vt 0.7182 0.1044 0.0000
vt 0.7590 0.0897 0.0000
vt 0.8015 0.1198 0.0000
vt 0.7991 0.1228 0.0000
vt 0.7986 0.1235 0.0000
vt 0.7974 0.0981 0.0000
vt 0.7767 0.0858 0.0000
vt 0.7525 0.0685 0.0000
vt 0.7731 0.0911 0.0000
vt 0.7732 0.0911 0.0000
vt 0.7582 0.1317 0.0000
vt 0.7936 0.1032 0.0000
vt 0.7669 0.1379 0.0000
vt 0.8074 0.1307 0.0000
vt 0.8080 0.1300 0.0000
vt 0.7828 0.0976 0.0000
vt 0.8029 0.1103 0.0000
vt 0.7973 0.0980 0.0000
vt 0.7974 0.0980 0.0000
vt 0.8067 0.1052 0.0000
vt 0.8068 0.1052 0.0000
vt 0.7935 0.1033 0.0000
vt 0.8028 0.1103 0.0000
vt 0.7404 0.1573 0.0000
vt 0.7485 0.1630 0.0000
vt 0.7271 0.1764 0.0000
vt 0.7169 0.1910 0.0000
vt 0.7347 0.1819 0.0000
vt 0.7242 0.1962 0.0000
vt 0.7158 0.1927 0.0000
vt 0.7230 0.1979 0.0000
vt 0.7144 0.1947 0.0000
vt 0.7216 0.1998 0.0000
vt 0.6958 0.2212 0.0000
vt 0.7024 0.2259 0.0000
vt 0.6901 0.2294 0.0000
vt 0.6965 0.2339 0.0000
vt 0.6875 0.2330 0.0000
vt 0.6938 0.2375 0.0000
vt 0.8286 0.1255 0.0000
vt 0.8493 0.1618 0.0000
vt 0.8110 0.1263 0.0000
vt 0.7865 0.0924 0.0000
vt 0.8056 0.1670 0.0000
vt 0.7681 0.1363 0.0000
vt 0.8105 0.1270 0.0000
vt 0.8487 0.1624 0.0000
vt 0.8459 0.1651 0.0000
vt 0.8453 0.1657 0.0000
vt 0.8285 0.1255 0.0000
vt 0.7864 0.0924 0.0000
vt 0.8068 0.1053 0.0000
vt 0.8474 0.1405 0.0000
vt 0.8243 0.1303 0.0000
vt 0.8244 0.1303 0.0000
vt 0.8042 0.1686 0.0000
vt 0.8430 0.1451 0.0000
vt 0.8532 0.1740 0.0000
vt 0.8120 0.1758 0.0000
vt 0.8538 0.1734 0.0000
vt 0.8331 0.1381 0.0000
vt 0.8330 0.1381 0.0000
vt 0.8513 0.1533 0.0000
vt 0.8475 0.1404 0.0000
vt 0.8474 0.1404 0.0000
vt 0.8558 0.1488 0.0000
vt 0.8559 0.1488 0.0000
vt 0.8429 0.1451 0.0000
vt 0.7832 0.1916 0.0000
vt 0.7905 0.1983 0.0000
vt 0.7675 0.2088 0.0000
vt 0.7555 0.2219 0.0000
vt 0.7620 0.2281 0.0000
vt 0.7744 0.2152 0.0000
vt 0.7541 0.2234 0.0000
vt 0.7606 0.2295 0.0000
vt 0.7525 0.2252 0.0000
vt 0.7590 0.2312 0.0000
vt 0.7306 0.2491 0.0000
vt 0.7365 0.2546 0.0000
vt 0.7239 0.2565 0.0000
vt 0.7296 0.2618 0.0000
vt 0.7209 0.2597 0.0000
vt 0.7265 0.2650 0.0000
vt 0.8748 0.1717 0.0000
vt 0.8906 0.2104 0.0000
vt 0.8572 0.1702 0.0000
vt 0.8374 0.1334 0.0000
vt 0.8566 0.1708 0.0000
vt 0.8899 0.2109 0.0000
vt 0.8466 0.2098 0.0000
vt 0.8134 0.1744 0.0000
vt 0.8861 0.2137 0.0000
vt 0.8868 0.2132 0.0000
vt 0.8915 0.1891 0.0000
vt 0.8747 0.1717 0.0000
vt 0.8373 0.1334 0.0000
vt 0.8559 0.1489 0.0000
vt 0.8700 0.1759 0.0000
vt 0.8450 0.2111 0.0000
vt 0.8865 0.1931 0.0000
vt 0.8928 0.2230 0.0000
vt 0.8517 0.2194 0.0000
vt 0.8935 0.2224 0.0000
vt 0.8776 0.1848 0.0000
vt 0.8775 0.1848 0.0000
vt 0.8937 0.2023 0.0000
vt 0.8915 0.1890 0.0000
vt 0.8916 0.1890 0.0000
vt 0.8987 0.1984 0.0000
vt 0.8988 0.1984 0.0000
vt 0.8936 0.2023 0.0000
vt 0.8212 0.2312 0.0000
vt 0.8275 0.2388 0.0000
vt 0.8033 0.2462 0.0000
vt 0.7897 0.2576 0.0000
vt 0.8093 0.2534 0.0000
vt 0.7954 0.2646 0.0000
vt 0.7882 0.2589 0.0000
vt 0.7938 0.2658 0.0000
vt 0.7863 0.2605 0.0000
vt 0.7919 0.2673 0.0000
vt 0.7615 0.2813 0.0000
vt 0.7666 0.2876 0.0000
vt 0.7539 0.2877 0.0000
vt 0.7588 0.2938 0.0000
vt 0.7504 0.2906 0.0000
vt 0.7553 0.2965 0.0000
vt 0.9252 0.2639 0.0000
vt 0.8974 0.2197 0.0000
vt 0.8825 0.1807 0.0000
vt 0.9146 0.2236 0.0000
vt 0.9244 0.2644 0.0000
vt 0.8816 0.2575 0.0000
vt 0.8533 0.2181 0.0000
vt 0.8967 0.2202 0.0000
vt 0.9210 0.2662 0.0000
vt 0.9203 0.2667 0.0000
vt 0.8824 0.1807 0.0000
vt 0.8988 0.1985 0.0000
vt 0.9289 0.2431 0.0000
vt 0.9145 0.2236 0.0000
vt 0.9093 0.2271 0.0000
vt 0.9092 0.2271 0.0000
vt 0.8798 0.2586 0.0000
vt 0.9234 0.2463 0.0000
vt 0.8855 0.2677 0.0000
vt 0.9257 0.2767 0.0000
vt 0.9265 0.2763 0.0000
vt 0.9156 0.2369 0.0000
vt 0.9293 0.2564 0.0000
vt 0.9288 0.2430 0.0000
vt 0.9289 0.2430 0.0000
vt 0.9348 0.2532 0.0000
vt 0.9349 0.2532 0.0000
vt 0.9233 0.2463 0.0000
vt 0.9292 0.2565 0.0000
vt 0.8536 0.2754 0.0000
vt 0.8589 0.2838 0.0000
vt 0.8340 0.2879 0.0000
vt 0.8189 0.2975 0.0000
vt 0.8389 0.2959 0.0000
vt 0.8237 0.3051 0.0000
vt 0.8173 0.2986 0.0000
vt 0.8219 0.3062 0.0000
vt 0.8152 0.2999 0.0000
vt 0.8199 0.3074 0.0000
vt 0.7879 0.3173 0.0000
vt 0.7921 0.3242 0.0000
vt 0.7795 0.3226 0.0000
vt 0.7836 0.3293 0.0000
vt 0.7757 0.3250 0.0000
vt 0.7798 0.3316 0.0000
vt 0.9472 0.2802 0.0000
vt 0.9524 0.3215 0.0000
vt 0.9306 0.2741 0.0000
vt 0.9210 0.2335 0.0000
vt 0.8872 0.2666 0.0000
vt 0.9299 0.2745 0.0000
vt 0.9516 0.3219 0.0000
vt 0.9100 0.3095 0.0000
vt 0.9472 0.3236 0.0000
vt 0.9480 0.3233 0.0000
vt 0.9588 0.3014 0.0000
vt 0.9471 0.2802 0.0000
vt 0.9349 0.2533 0.0000
vt 0.9415 0.2830 0.0000
vt 0.9414 0.2831 0.0000
vt 0.9082 0.3103 0.0000
vt 0.9530 0.3040 0.0000
vt 0.9513 0.3343 0.0000
vt 0.9126 0.3201 0.0000
vt 0.9521 0.3339 0.0000
vt 0.9465 0.2936 0.0000
vt 0.9464 0.2936 0.0000
vt 0.9575 0.3148 0.0000
vt 0.9589 0.3014 0.0000
vt 0.9635 0.3123 0.0000
vt 0.9634 0.3123 0.0000
vt 0.9529 0.3040 0.0000
vt 0.9574 0.3148 0.0000
vt 0.8800 0.3235 0.0000
vt 0.8841 0.3325 0.0000
vt 0.8427 0.3409 0.0000
vt 0.8589 0.3334 0.0000
vt 0.8627 0.3419 0.0000
vt 0.8464 0.3490 0.0000
vt 0.8409 0.3417 0.0000
vt 0.8445 0.3498 0.0000
vt 0.8387 0.3427 0.0000
vt 0.8423 0.3508 0.0000
vt 0.8093 0.3564 0.0000
vt 0.8126 0.3638 0.0000
vt 0.8003 0.3606 0.0000
vt 0.8035 0.3678 0.0000
vt 0.7962 0.3625 0.0000
vt 0.7994 0.3695 0.0000
vt 0.9721 0.3406 0.0000
vt 0.9719 0.3822 0.0000
vt 0.9565 0.3323 0.0000
vt 0.9523 0.2909 0.0000
vt 0.9144 0.3192 0.0000
vt 0.9557 0.3326 0.0000
vt 0.9710 0.3825 0.0000
vt 0.9314 0.3647 0.0000
vt 0.9673 0.3834 0.0000
vt 0.9665 0.3836 0.0000
vt 0.9721 0.3407 0.0000
vt 0.9522 0.2909 0.0000
vt 0.9634 0.3124 0.0000
vt 0.9809 0.3632 0.0000
vt 0.9660 0.3427 0.0000
vt 0.9661 0.3427 0.0000
vt 0.9295 0.3653 0.0000
vt 0.9748 0.3650 0.0000
vt 0.9326 0.3755 0.0000
vt 0.9691 0.3947 0.0000
vt 0.9699 0.3945 0.0000
vt 0.9697 0.3538 0.0000
vt 0.9696 0.3538 0.0000
vt 0.9778 0.3763 0.0000
vt 0.9840 0.3746 0.0000
vt 0.9841 0.3746 0.0000
vt 0.9747 0.3650 0.0000
vt 0.8998 0.3746 0.0000
vt 0.9027 0.3841 0.0000
vt 0.8776 0.3816 0.0000
vt 0.8606 0.3870 0.0000
vt 0.8632 0.3955 0.0000
vt 0.8803 0.3906 0.0000
vt 0.8587 0.3876 0.0000
vt 0.8612 0.3961 0.0000
vt 0.8564 0.3883 0.0000
vt 0.8589 0.3968 0.0000
vt 0.8254 0.3980 0.0000
vt 0.8278 0.4057 0.0000
vt 0.8160 0.4010 0.0000
vt 0.8182 0.4085 0.0000
vt 0.8117 0.4023 0.0000
vt 0.8139 0.4097 0.0000
vt 0.9758 0.3519 0.0000
vt 0.9889 0.4038 0.0000
vt 0.9832 0.4450 0.0000
vt 0.9745 0.3935 0.0000
vt 0.9737 0.3936 0.0000
vt 0.9824 0.4451 0.0000
vt 0.9455 0.4222 0.0000
vt 0.9345 0.3749 0.0000
vt 0.9786 0.4455 0.0000
vt 0.9777 0.4456 0.0000
vt 0.9947 0.4274 0.0000
vt 0.9757 0.3519 0.0000
vt 0.9840 0.3747 0.0000
vt 0.9827 0.4050 0.0000
vt 0.9826 0.4050 0.0000
vt 0.9434 0.4226 0.0000
vt 0.9884 0.4283 0.0000
vt 0.9788 0.4569 0.0000
vt 0.9451 0.4331 0.0000
vt 0.9797 0.4568 0.0000
vt 0.9848 0.4165 0.0000
vt 0.9847 0.4165 0.0000
vt 0.9899 0.4399 0.0000
vt 0.9946 0.4274 0.0000
vt 0.9947 0.4273 0.0000
vt 0.9962 0.4391 0.0000
vt 0.9963 0.4391 0.0000
vt 0.9883 0.4283 0.0000
vt 0.9898 0.4399 0.0000
vt 0.9128 0.4279 0.0000
vt 0.9144 0.4377 0.0000
vt 0.8723 0.4350 0.0000
vt 0.8898 0.4319 0.0000
vt 0.8913 0.4412 0.0000
vt 0.8737 0.4438 0.0000
vt 0.8703 0.4354 0.0000
vt 0.8717 0.4441 0.0000
vt 0.8679 0.4358 0.0000
vt 0.8693 0.4445 0.0000
vt 0.8360 0.4414 0.0000
vt 0.8373 0.4493 0.0000
vt 0.8262 0.4431 0.0000
vt 0.8275 0.4508 0.0000
vt 0.8218 0.4438 0.0000
vt 0.8230 0.4515 0.0000
vt 0.9973 0.4686 0.0000
vt 0.9863 0.5086 0.0000
vt 0.9844 0.4564 0.0000
vt 0.9911 0.4154 0.0000
vt 0.9472 0.4328 0.0000
vt 0.9835 0.4565 0.0000
vt 0.9854 0.5086 0.0000
vt 0.9518 0.4811 0.0000
vt 0.9807 0.5085 0.0000
vt 0.9816 0.5085 0.0000
vt 0.9999 0.4928 0.0000
vt 0.9910 0.4154 0.0000
vt 0.9909 0.4690 0.0000
vt 0.9497 0.4812 0.0000
vt 0.9935 0.4929 0.0000
vt 0.9804 0.5199 0.0000
vt 0.9501 0.4918 0.0000
vt 0.9812 0.5199 0.0000
vt 0.9915 0.4807 0.0000
vt 0.9936 0.5046 0.0000
vt 1.0000 0.4928 0.0000
vt 0.9999 0.5046 0.0000
vt 1.0000 0.5046 0.0000
vt 0.9935 0.5046 0.0000
vt 0.9187 0.4825 0.0000
vt 0.9190 0.4924 0.0000
vt 0.8954 0.4834 0.0000
vt 0.8776 0.4842 0.0000
vt 0.8779 0.4931 0.0000
vt 0.8957 0.4928 0.0000
vt 0.8756 0.4843 0.0000
vt 0.8758 0.4931 0.0000
vt 0.8732 0.4844 0.0000
vt 0.8734 0.4932 0.0000
vt 0.8408 0.4857 0.0000
vt 0.8410 0.4938 0.0000
vt 0.8308 0.4861 0.0000
vt 0.8311 0.4940 0.0000
vt 0.8264 0.4863 0.0000
vt 0.8266 0.4940 0.0000
vt 0.9971 0.5340 0.0000
vt 0.9810 0.5721 0.0000
vt 0.9859 0.5201 0.0000
vt 0.9979 0.4804 0.0000
vt 0.9521 0.4918 0.0000
vt 0.9851 0.5201 0.0000
vt 0.9801 0.5720 0.0000
vt 0.9504 0.5403 0.0000
vt 0.9763 0.5714 0.0000
vt 0.9754 0.5713 0.0000
vt 0.9966 0.5583 0.0000
vt 0.9907 0.5336 0.0000
vt 0.9908 0.5336 0.0000
vt 0.9483 0.5401 0.0000
vt 0.9902 0.5575 0.0000
vt 0.9736 0.5825 0.0000
vt 0.9473 0.5507 0.0000
vt 0.9745 0.5827 0.0000
vt 0.9898 0.5452 0.0000
vt 0.9887 0.5692 0.0000
vt 0.9965 0.5583 0.0000
vt 0.9950 0.5701 0.0000
vt 0.9951 0.5701 0.0000
vt 0.9886 0.5692 0.0000
vt 0.9174 0.5373 0.0000
vt 0.9164 0.5472 0.0000
vt 0.8941 0.5352 0.0000
vt 0.8764 0.5336 0.0000
vt 0.8932 0.5445 0.0000
vt 0.8755 0.5425 0.0000
vt 0.8744 0.5334 0.0000
vt 0.8735 0.5423 0.0000
vt 0.8720 0.5332 0.0000
vt 0.8711 0.5420 0.0000
vt 0.8397 0.5303 0.0000
vt 0.8389 0.5383 0.0000
vt 0.8298 0.5294 0.0000
vt 0.8290 0.5372 0.0000
vt 0.8253 0.5290 0.0000
vt 0.8246 0.5367 0.0000
vt 0.9884 0.5988 0.0000
vt 0.9674 0.6344 0.0000
vt 0.9791 0.5835 0.0000
vt 0.9962 0.5458 0.0000
vt 0.9783 0.5833 0.0000
vt 0.9665 0.6341 0.0000
vt 0.9412 0.5988 0.0000
vt 0.9493 0.5509 0.0000
vt 0.9628 0.6331 0.0000
vt 0.9620 0.6328 0.0000
vt 0.9961 0.5458 0.0000
vt 0.9846 0.6228 0.0000
vt 0.9883 0.5988 0.0000
vt 0.9821 0.5975 0.0000
vt 0.9822 0.5975 0.0000
vt 0.9392 0.5983 0.0000
vt 0.9785 0.6212 0.0000
vt 0.9368 0.6087 0.0000
vt 0.9587 0.6437 0.0000
vt 0.9595 0.6440 0.0000
vt 0.9797 0.6089 0.0000
vt 0.9796 0.6089 0.0000
vt 0.9755 0.6326 0.0000
vt 0.9846 0.6229 0.0000
vt 0.9847 0.6228 0.0000
vt 0.9817 0.6343 0.0000
vt 0.9816 0.6343 0.0000
vt 0.9784 0.6212 0.0000
vt 0.9754 0.6326 0.0000
vt 0.9089 0.5915 0.0000
vt 0.9066 0.6011 0.0000
vt 0.8687 0.5825 0.0000
vt 0.8861 0.5864 0.0000
vt 0.8667 0.5912 0.0000
vt 0.8840 0.5955 0.0000
vt 0.8668 0.5820 0.0000
vt 0.8647 0.5907 0.0000
vt 0.8644 0.5815 0.0000
vt 0.8624 0.5901 0.0000
vt 0.8328 0.5744 0.0000
vt 0.8309 0.5822 0.0000
vt 0.8231 0.5722 0.0000
vt 0.8213 0.5798 0.0000
vt 0.8187 0.5713 0.0000
vt 0.8169 0.5788 0.0000
vt 0.9713 0.6618 0.0000
vt 0.9457 0.6944 0.0000
vt 0.9641 0.6455 0.0000
vt 0.9859 0.6103 0.0000
vt 0.9450 0.6940 0.0000
vt 0.9245 0.6556 0.0000
vt 0.9387 0.6092 0.0000
vt 0.9632 0.6452 0.0000
vt 0.9414 0.6925 0.0000
vt 0.9406 0.6921 0.0000
vt 0.9644 0.6852 0.0000
vt 0.9712 0.6618 0.0000
vt 0.9652 0.6598 0.0000
vt 0.9226 0.6549 0.0000
vt 0.9585 0.6828 0.0000
vt 0.9188 0.6648 0.0000
vt 0.9359 0.7025 0.0000
vt 0.9367 0.7029 0.0000
vt 0.9613 0.6707 0.0000
vt 0.9613 0.6708 0.0000
vt 0.9540 0.6937 0.0000
vt 0.9644 0.6853 0.0000
vt 0.9599 0.6962 0.0000
vt 0.9598 0.6962 0.0000
vt 0.9584 0.6829 0.0000
vt 0.9539 0.6937 0.0000
vt 0.8934 0.6441 0.0000
vt 0.8898 0.6534 0.0000
vt 0.8715 0.6360 0.0000
vt 0.8548 0.6299 0.0000
vt 0.8682 0.6448 0.0000
vt 0.8516 0.6382 0.0000
vt 0.8529 0.6292 0.0000
vt 0.8497 0.6375 0.0000
vt 0.8506 0.6284 0.0000
vt 0.8475 0.6366 0.0000
vt 0.8202 0.6172 0.0000
vt 0.8173 0.6247 0.0000
vt 0.8109 0.6137 0.0000
vt 0.8081 0.6211 0.0000
vt 0.8066 0.6122 0.0000
vt 0.8039 0.6195 0.0000
vt 0.9460 0.7221 0.0000
vt 0.9164 0.7510 0.0000
vt 0.9410 0.7049 0.0000
vt 0.9673 0.6730 0.0000
vt 0.9157 0.7505 0.0000
vt 0.9004 0.7097 0.0000
vt 0.9207 0.6656 0.0000
vt 0.9402 0.7045 0.0000
vt 0.9124 0.7485 0.0000
vt 0.9117 0.7480 0.0000
vt 0.9672 0.6730 0.0000
vt 0.9361 0.7444 0.0000
vt 0.9459 0.7221 0.0000
vt 0.9402 0.7193 0.0000
vt 0.9403 0.7193 0.0000
vt 0.8986 0.7088 0.0000
vt 0.9306 0.7413 0.0000
vt 0.9057 0.7577 0.0000
vt 0.8936 0.7181 0.0000
vt 0.9064 0.7582 0.0000
vt 0.9350 0.7296 0.0000
vt 0.9349 0.7297 0.0000
vt 0.9247 0.7515 0.0000
vt 0.9361 0.7445 0.0000
vt 0.9362 0.7445 0.0000
vt 0.9303 0.7548 0.0000
vt 0.9302 0.7548 0.0000
vt 0.9305 0.7413 0.0000
vt 0.8711 0.6942 0.0000
vt 0.8664 0.7030 0.0000
vt 0.8505 0.6834 0.0000
vt 0.8347 0.6751 0.0000
vt 0.8304 0.6829 0.0000
vt 0.8460 0.6916 0.0000
vt 0.8329 0.6741 0.0000
vt 0.8287 0.6820 0.0000
vt 0.8308 0.6730 0.0000
vt 0.8266 0.6808 0.0000
vt 0.8021 0.6579 0.0000
vt 0.7982 0.6650 0.0000
vt 0.7933 0.6533 0.0000
vt 0.7896 0.6602 0.0000
vt 0.7893 0.6513 0.0000
vt 0.7856 0.6581 0.0000
vt 0.8800 0.8033 0.0000
vt 0.9104 0.7608 0.0000
vt 0.9406 0.7326 0.0000
vt 0.9131 0.7786 0.0000
vt 0.9096 0.7603 0.0000
vt 0.8793 0.8027 0.0000
vt 0.8695 0.7602 0.0000
vt 0.8953 0.7191 0.0000
vt 0.8763 0.8003 0.0000
vt 0.8756 0.7997 0.0000
vt 0.9130 0.7786 0.0000
vt 0.9302 0.7547 0.0000
vt 0.9004 0.7994 0.0000
vt 0.9077 0.7750 0.0000
vt 0.9078 0.7750 0.0000
vt 0.8678 0.7590 0.0000
vt 0.8953 0.7956 0.0000
vt 0.8684 0.8085 0.0000
vt 0.8616 0.7677 0.0000
vt 0.8691 0.8091 0.0000
vt 0.9012 0.7846 0.0000
vt 0.9011 0.7846 0.0000
vt 0.8881 0.8049 0.0000
vt 0.9003 0.7995 0.0000
vt 0.9004 0.7995 0.0000
vt 0.8931 0.8089 0.0000
vt 0.8932 0.8089 0.0000
vt 0.8952 0.7956 0.0000
vt 0.8425 0.7410 0.0000
vt 0.8366 0.7490 0.0000
vt 0.8234 0.7275 0.0000
vt 0.8089 0.7172 0.0000
vt 0.8036 0.7245 0.0000
vt 0.8179 0.7351 0.0000
vt 0.8072 0.7161 0.0000
vt 0.8020 0.7233 0.0000
vt 0.8053 0.7147 0.0000
vt 0.8001 0.7218 0.0000
vt 0.7788 0.6960 0.0000
vt 0.7740 0.7025 0.0000
vt 0.7707 0.6903 0.0000
vt 0.7661 0.6966 0.0000
vt 0.7670 0.6877 0.0000
vt 0.7625 0.6940 0.0000
vt 0.8370 0.8503 0.0000
vt 0.8727 0.8122 0.0000
vt 0.9063 0.7883 0.0000
vt 0.8730 0.8302 0.0000
vt 0.8632 0.7689 0.0000
vt 0.8720 0.8116 0.0000
vt 0.8364 0.8496 0.0000
vt 0.8323 0.8062 0.0000
vt 0.8337 0.8469 0.0000
vt 0.8331 0.8462 0.0000
vt 0.8932 0.8088 0.0000
vt 0.8577 0.8493 0.0000
vt 0.8682 0.8260 0.0000
vt 0.8683 0.8260 0.0000
vt 0.8308 0.8048 0.0000
vt 0.8531 0.8448 0.0000
vt 0.8248 0.8540 0.0000
vt 0.8234 0.8126 0.0000
vt 0.8254 0.8547 0.0000
vt 0.8604 0.8346 0.0000
vt 0.8449 0.8531 0.0000
vt 0.8576 0.8494 0.0000
vt 0.8577 0.8494 0.0000
vt 0.8493 0.8578 0.0000
vt 0.8448 0.8531 0.0000
vt 0.8079 0.7836 0.0000
vt 0.8011 0.7908 0.0000
vt 0.7778 0.7557 0.0000
vt 0.7908 0.7678 0.0000
vt 0.7844 0.7746 0.0000
vt 0.7716 0.7622 0.0000
vt 0.7763 0.7543 0.0000
vt 0.7702 0.7608 0.0000
vt 0.7745 0.7527 0.0000
vt 0.7684 0.7591 0.0000
vt 0.7507 0.7307 0.0000
vt 0.7452 0.7365 0.0000
vt 0.7434 0.7239 0.0000
vt 0.7380 0.7296 0.0000
vt 0.7401 0.7209 0.0000
vt 0.7348 0.7266 0.0000
vt 0.8651 0.8390 0.0000
vt 0.8266 0.8762 0.0000
vt 0.7882 0.8913 0.0000
vt 0.8286 0.8582 0.0000
vt 0.8249 0.8140 0.0000
vt 0.8280 0.8575 0.0000
vt 0.7877 0.8906 0.0000
vt 0.7893 0.8470 0.0000
vt 0.7849 0.8868 0.0000
vt 0.7854 0.8875 0.0000
vt 0.8650 0.8390 0.0000
vt 0.8493 0.8577 0.0000
vt 0.8089 0.8931 0.0000
vt 0.8265 0.8762 0.0000
vt 0.8224 0.8714 0.0000
vt 0.8223 0.8714 0.0000
vt 0.7880 0.8454 0.0000
vt 0.8050 0.8881 0.0000
vt 0.7797 0.8521 0.0000
vt 0.7757 0.8934 0.0000
vt 0.7761 0.8942 0.0000
vt 0.8135 0.8789 0.0000
vt 0.8134 0.8789 0.0000
vt 0.7957 0.8952 0.0000
vt 0.8089 0.8932 0.0000
vt 0.8088 0.8932 0.0000
vt 0.7995 0.9004 0.0000
vt 0.7994 0.9004 0.0000
vt 0.8049 0.8881 0.0000
vt 0.7956 0.8952 0.0000
vt 0.7681 0.8214 0.0000
vt 0.7604 0.8276 0.0000
vt 0.7419 0.7897 0.0000
vt 0.7533 0.8034 0.0000
vt 0.7349 0.7953 0.0000
vt 0.7460 0.8093 0.0000
vt 0.7406 0.7881 0.0000
vt 0.7337 0.7937 0.0000
vt 0.7391 0.7863 0.0000
vt 0.7322 0.7918 0.0000
vt 0.7183 0.7613 0.0000
vt 0.7121 0.7664 0.0000
vt 0.7120 0.7537 0.0000
vt 0.7059 0.7586 0.0000
vt 0.7091 0.7503 0.0000
vt 0.7031 0.7552 0.0000
vt 0.0161 0.5488 0.0000
vt 0.0137 0.4966 0.0000
vt 0.0031 0.5368 0.0000
vt 0.0099 0.5899 0.0000
vt 0.0146 0.4967 0.0000
vt 0.0170 0.5487 0.0000
vt 0.0536 0.5720 0.0000
vt 0.0485 0.5238 0.0000
vt 0.0217 0.5483 0.0000
vt 0.0193 0.4967 0.0000
vt 0.0184 0.4967 0.0000
vt 0.0208 0.5483 0.0000
vt 0.0100 0.5899 0.0000
vt 0.0032 0.5367 0.0000
vt 0.0095 0.5363 0.0000
vt 0.0162 0.5887 0.0000
vt 0.0505 0.5237 0.0000
vt 0.0556 0.5717 0.0000
vt 0.0066 0.5125 0.0000
vt 0.0108 0.5654 0.0000
vt 0.0501 0.5130 0.0000
vt 0.0195 0.4853 0.0000
vt 0.0186 0.4853 0.0000
vt 0.0087 0.5246 0.0000
vt 0.0088 0.5246 0.0000
vt 0.0064 0.5008 0.0000
vt 0.0067 0.5125 0.0000
vt 0.0109 0.5654 0.0000
vt 0.0065 0.5008 0.0000
vt 0.0836 0.5220 0.0000
vt 0.0884 0.5664 0.0000
vt 0.0832 0.5121 0.0000
vt 0.1269 0.5602 0.0000
vt 0.1226 0.5199 0.0000
vt 0.1222 0.5110 0.0000
vt 0.1289 0.5599 0.0000
vt 0.1246 0.5198 0.0000
vt 0.1243 0.5109 0.0000
vt 0.1270 0.5197 0.0000
vt 0.1313 0.5595 0.0000
vt 0.1267 0.5108 0.0000
vt 0.1595 0.5180 0.0000
vt 0.1633 0.5543 0.0000
vt 0.1591 0.5099 0.0000
vt 0.1731 0.5527 0.0000
vt 0.1694 0.5175 0.0000
vt 0.1691 0.5096 0.0000
vt 0.1738 0.5172 0.0000
vt 0.1776 0.5520 0.0000
vt 0.1735 0.5095 0.0000
vt 0.0183 0.4331 0.0000
vt 0.0026 0.4714 0.0000
vt 0.0024 0.5250 0.0000
vt 0.0139 0.4851 0.0000
vt 0.0148 0.4852 0.0000
vt 0.0480 0.5131 0.0000
vt 0.0493 0.4646 0.0000
vt 0.0192 0.4332 0.0000
vt 0.0239 0.4339 0.0000
vt 0.0230 0.4337 0.0000
vt 0.0090 0.4718 0.0000
vt 0.0089 0.4718 0.0000
vt 0.0513 0.4647 0.0000
vt 0.0092 0.4478 0.0000
vt 0.0256 0.4226 0.0000
vt 0.0523 0.4541 0.0000
vt 0.0247 0.4224 0.0000
vt 0.0097 0.4601 0.0000
vt 0.0098 0.4601 0.0000
vt 0.0106 0.4361 0.0000
vt 0.0093 0.4478 0.0000
vt 0.0107 0.4361 0.0000
vt 0.0843 0.4674 0.0000
vt 0.0852 0.4576 0.0000
vt 0.1233 0.4705 0.0000
vt 0.1241 0.4616 0.0000
vt 0.1253 0.4706 0.0000
vt 0.1261 0.4618 0.0000
vt 0.1277 0.4708 0.0000
vt 0.1285 0.4620 0.0000
vt 0.1600 0.4734 0.0000
vt 0.1608 0.4653 0.0000
vt 0.1699 0.4741 0.0000
vt 0.1706 0.4663 0.0000
vt 0.1744 0.4745 0.0000
vt 0.1751 0.4668 0.0000
vt 0.0312 0.3707 0.0000
vt 0.0106 0.4065 0.0000
vt 0.0034 0.4596 0.0000
vt 0.0200 0.4217 0.0000
vt 0.0578 0.4060 0.0000
vt 0.0321 0.3709 0.0000
vt 0.0209 0.4218 0.0000
vt 0.0502 0.4539 0.0000
vt 0.0366 0.3722 0.0000
vt 0.0358 0.3719 0.0000
vt 0.0107 0.4065 0.0000
vt 0.0141 0.3825 0.0000
vt 0.0169 0.4077 0.0000
vt 0.0598 0.4064 0.0000
vt 0.0203 0.3840 0.0000
vt 0.0621 0.3960 0.0000
vt 0.0398 0.3612 0.0000
vt 0.0390 0.3609 0.0000
vt 0.0192 0.3963 0.0000
vt 0.0232 0.3726 0.0000
vt 0.0204 0.3839 0.0000
vt 0.0922 0.4134 0.0000
vt 0.0944 0.4037 0.0000
vt 0.1304 0.4215 0.0000
vt 0.1324 0.4128 0.0000
vt 0.1324 0.4220 0.0000
vt 0.1343 0.4133 0.0000
vt 0.1347 0.4225 0.0000
vt 0.1367 0.4138 0.0000
vt 0.1665 0.4292 0.0000
vt 0.1682 0.4214 0.0000
vt 0.1762 0.4313 0.0000
vt 0.1779 0.4237 0.0000
vt 0.1806 0.4322 0.0000
vt 0.1823 0.4247 0.0000
vt 0.0130 0.3950 0.0000
vt 0.0344 0.3596 0.0000
vt 0.0522 0.3105 0.0000
vt 0.0271 0.3433 0.0000
vt 0.0353 0.3599 0.0000
vt 0.0601 0.3955 0.0000
vt 0.0739 0.3490 0.0000
vt 0.0530 0.3108 0.0000
vt 0.0574 0.3127 0.0000
vt 0.0566 0.3123 0.0000
vt 0.0170 0.3710 0.0000
vt 0.0130 0.3949 0.0000
vt 0.0331 0.3453 0.0000
vt 0.0332 0.3453 0.0000
vt 0.0758 0.3497 0.0000
vt 0.0396 0.3221 0.0000
vt 0.0795 0.3397 0.0000
vt 0.0619 0.3022 0.0000
vt 0.0611 0.3019 0.0000
vt 0.0369 0.3343 0.0000
vt 0.0370 0.3343 0.0000
vt 0.0440 0.3113 0.0000
vt 0.0397 0.3221 0.0000
vt 0.1071 0.3609 0.0000
vt 0.1105 0.3516 0.0000
vt 0.1439 0.3740 0.0000
vt 0.1469 0.3656 0.0000
vt 0.1457 0.3746 0.0000
vt 0.1488 0.3663 0.0000
vt 0.1480 0.3754 0.0000
vt 0.1511 0.3672 0.0000
vt 0.1786 0.3863 0.0000
vt 0.1814 0.3787 0.0000
vt 0.1880 0.3896 0.0000
vt 0.1907 0.3823 0.0000
vt 0.1922 0.3911 0.0000
vt 0.1949 0.3838 0.0000
vt 0.0517 0.2827 0.0000
vt 0.0309 0.3321 0.0000
vt 0.0568 0.2999 0.0000
vt 0.0809 0.2535 0.0000
vt 0.0974 0.2946 0.0000
vt 0.0816 0.2540 0.0000
vt 0.0576 0.3003 0.0000
vt 0.0776 0.3390 0.0000
vt 0.0850 0.2559 0.0000
vt 0.0857 0.2564 0.0000
vt 0.0613 0.2603 0.0000
vt 0.0381 0.3088 0.0000
vt 0.0310 0.3321 0.0000
vt 0.0574 0.2855 0.0000
vt 0.0575 0.2855 0.0000
vt 0.0992 0.2956 0.0000
vt 0.0669 0.2634 0.0000
vt 0.1041 0.2861 0.0000
vt 0.0916 0.2467 0.0000
vt 0.0909 0.2462 0.0000
vt 0.0626 0.2751 0.0000
vt 0.0627 0.2751 0.0000
vt 0.0726 0.2532 0.0000
vt 0.0727 0.2532 0.0000
vt 0.1287 0.3107 0.0000
vt 0.1333 0.3020 0.0000
vt 0.1634 0.3286 0.0000
vt 0.1676 0.3206 0.0000
vt 0.1652 0.3295 0.0000
vt 0.1694 0.3216 0.0000
vt 0.1674 0.3306 0.0000
vt 0.1715 0.3228 0.0000
vt 0.1963 0.3453 0.0000
vt 0.2000 0.3382 0.0000
vt 0.2051 0.3499 0.0000
vt 0.2088 0.3429 0.0000
vt 0.2091 0.3518 0.0000
vt 0.2127 0.3450 0.0000
vt 0.0569 0.2722 0.0000
vt 0.0869 0.2437 0.0000
vt 0.1168 0.2009 0.0000
vt 0.0840 0.2259 0.0000
vt 0.1023 0.2852 0.0000
vt 0.1277 0.2438 0.0000
vt 0.1175 0.2015 0.0000
vt 0.0876 0.2442 0.0000
vt 0.1212 0.2044 0.0000
vt 0.1205 0.2038 0.0000
vt 0.0965 0.2049 0.0000
vt 0.0671 0.2500 0.0000
vt 0.0570 0.2722 0.0000
vt 0.0893 0.2294 0.0000
vt 0.0894 0.2294 0.0000
vt 0.1294 0.2450 0.0000
vt 0.1016 0.2087 0.0000
vt 0.1356 0.2363 0.0000
vt 0.1283 0.1955 0.0000
vt 0.1277 0.1949 0.0000
vt 0.0958 0.2198 0.0000
vt 0.0959 0.2198 0.0000
vt 0.1086 0.1993 0.0000
vt 0.1017 0.2087 0.0000
vt 0.1087 0.1993 0.0000
vt 0.1567 0.2639 0.0000
vt 0.1624 0.2558 0.0000
vt 0.1888 0.2861 0.0000
vt 0.1940 0.2788 0.0000
vt 0.1904 0.2873 0.0000
vt 0.1956 0.2800 0.0000
vt 0.1924 0.2886 0.0000
vt 0.1975 0.2814 0.0000
vt 0.2192 0.3070 0.0000
vt 0.2238 0.3005 0.0000
vt 0.2273 0.3127 0.0000
vt 0.2319 0.3063 0.0000
vt 0.2310 0.3152 0.0000
vt 0.2355 0.3089 0.0000
vt 0.1240 0.1919 0.0000
vt 0.1593 0.1534 0.0000
vt 0.1235 0.1738 0.0000
vt 0.0906 0.2161 0.0000
vt 0.1599 0.1540 0.0000
vt 0.1247 0.1925 0.0000
vt 0.1339 0.2351 0.0000
vt 0.1645 0.1974 0.0000
vt 0.1632 0.1574 0.0000
vt 0.1626 0.1567 0.0000
vt 0.1386 0.1546 0.0000
vt 0.1036 0.1954 0.0000
vt 0.0907 0.2161 0.0000
vt 0.1283 0.1780 0.0000
vt 0.1660 0.1988 0.0000
vt 0.1432 0.1590 0.0000
vt 0.1733 0.1909 0.0000
vt 0.1714 0.1495 0.0000
vt 0.1708 0.1488 0.0000
vt 0.1360 0.1693 0.0000
vt 0.1361 0.1693 0.0000
vt 0.1514 0.1507 0.0000
vt 0.1433 0.1590 0.0000
vt 0.1515 0.1507 0.0000
vt 0.1905 0.2211 0.0000
vt 0.1973 0.2139 0.0000
vt 0.2195 0.2474 0.0000
vt 0.2256 0.2408 0.0000
vt 0.2210 0.2487 0.0000
vt 0.2270 0.2422 0.0000
vt 0.2228 0.2503 0.0000
vt 0.2288 0.2438 0.0000
vt 0.2469 0.2721 0.0000
vt 0.2523 0.2662 0.0000
vt 0.2542 0.2787 0.0000
vt 0.2595 0.2730 0.0000
vt 0.2576 0.2817 0.0000
vt 0.2628 0.2760 0.0000
vt 0.1694 0.1274 0.0000
vt 0.1313 0.1650 0.0000
vt 0.1676 0.1454 0.0000
vt 0.2076 0.1118 0.0000
vt 0.1682 0.1461 0.0000
vt 0.1718 0.1895 0.0000
vt 0.2070 0.1562 0.0000
vt 0.2081 0.1126 0.0000
vt 0.2109 0.1163 0.0000
vt 0.2105 0.1156 0.0000
vt 0.1314 0.1650 0.0000
vt 0.1695 0.1274 0.0000
vt 0.1869 0.1103 0.0000
vt 0.1469 0.1462 0.0000
vt 0.1737 0.1321 0.0000
vt 0.1736 0.1321 0.0000
vt 0.2083 0.1578 0.0000
vt 0.1909 0.1153 0.0000
vt 0.2201 0.1096 0.0000
vt 0.2166 0.1510 0.0000
vt 0.2197 0.1088 0.0000
vt 0.1825 0.1245 0.0000
vt 0.2001 0.1080 0.0000
vt 0.1910 0.1152 0.0000
vt 0.2002 0.1080 0.0000
vt 0.2297 0.1831 0.0000
vt 0.2373 0.1768 0.0000
vt 0.2550 0.2129 0.0000
vt 0.2619 0.2072 0.0000
vt 0.2563 0.2145 0.0000
vt 0.2631 0.2088 0.0000
vt 0.2579 0.2163 0.0000
vt 0.2647 0.2107 0.0000
vt 0.2789 0.2410 0.0000
vt 0.2851 0.2359 0.0000
vt 0.2853 0.2486 0.0000
vt 0.2914 0.2436 0.0000
vt 0.2883 0.2519 0.0000
vt 0.2942 0.2470 0.0000
vt 0.2610 0.0770 0.0000
vt 0.2211 0.0873 0.0000
vt 0.1784 0.1196 0.0000
vt 0.2169 0.1050 0.0000
vt 0.2153 0.1494 0.0000
vt 0.2546 0.1209 0.0000
vt 0.2614 0.0778 0.0000
vt 0.2174 0.1058 0.0000
vt 0.2637 0.0819 0.0000
vt 0.2633 0.0811 0.0000
vt 0.2407 0.0726 0.0000
vt 0.1963 0.1030 0.0000
vt 0.2246 0.0926 0.0000
vt 0.2247 0.0926 0.0000
vt 0.2557 0.1226 0.0000
vt 0.2440 0.0781 0.0000
vt 0.2647 0.1170 0.0000
vt 0.2737 0.0764 0.0000
vt 0.2733 0.0756 0.0000
vt 0.2344 0.0862 0.0000
vt 0.2540 0.0721 0.0000
vt 0.2541 0.0721 0.0000
vt 0.2736 0.1506 0.0000
vt 0.2819 0.1454 0.0000
vt 0.2947 0.1835 0.0000
vt 0.3023 0.1787 0.0000
vt 0.2958 0.1852 0.0000
vt 0.3033 0.1805 0.0000
vt 0.2971 0.1872 0.0000
vt 0.3046 0.1825 0.0000
vt 0.3147 0.2145 0.0000
vt 0.3216 0.2102 0.0000
vt 0.3201 0.2228 0.0000
vt 0.3267 0.2186 0.0000
vt 0.3226 0.2265 0.0000
vt 0.3291 0.2224 0.0000
vt 0.2309 0.0808 0.0000
vt 0.2711 0.0714 0.0000
vt 0.3184 0.0494 0.0000
vt 0.2775 0.0544 0.0000
vt 0.3187 0.0503 0.0000
vt 0.2715 0.0723 0.0000
vt 0.2636 0.1152 0.0000
vt 0.3063 0.0922 0.0000
vt 0.3205 0.0546 0.0000
vt 0.3202 0.0538 0.0000
vt 0.2989 0.0424 0.0000
vt 0.2509 0.0666 0.0000
vt 0.2310 0.0808 0.0000
vt 0.2776 0.0544 0.0000
vt 0.2804 0.0601 0.0000
vt 0.3072 0.0940 0.0000
vt 0.3014 0.0482 0.0000
vt 0.3169 0.0896 0.0000
vt 0.3311 0.0505 0.0000
vt 0.3308 0.0497 0.0000
vt 0.2909 0.0550 0.0000
vt 0.3122 0.0436 0.0000
vt 0.3015 0.0482 0.0000
vt 0.3123 0.0436 0.0000
vt 0.3213 0.1241 0.0000
vt 0.3303 0.1200 0.0000
vt 0.3379 0.1595 0.0000
vt 0.3461 0.1558 0.0000
vt 0.3388 0.1613 0.0000
vt 0.3469 0.1576 0.0000
vt 0.3398 0.1635 0.0000
vt 0.3479 0.1598 0.0000
vt 0.3537 0.1928 0.0000
vt 0.3611 0.1895 0.0000
vt 0.3580 0.2018 0.0000
vt 0.3651 0.1985 0.0000
vt 0.3599 0.2057 0.0000
vt 0.3669 0.2025 0.0000
vt 0.3292 0.0452 0.0000
vt 0.3790 0.0296 0.0000
vt 0.3378 0.0291 0.0000
vt 0.2882 0.0492 0.0000
vt 0.3161 0.0877 0.0000
vt 0.3614 0.0705 0.0000
vt 0.3792 0.0305 0.0000
vt 0.3295 0.0461 0.0000
vt 0.3804 0.0351 0.0000
vt 0.3802 0.0342 0.0000
vt 0.3379 0.0291 0.0000
vt 0.3605 0.0200 0.0000
vt 0.3098 0.0377 0.0000
vt 0.3399 0.0352 0.0000
vt 0.3621 0.0724 0.0000
vt 0.3623 0.0261 0.0000
vt 0.3722 0.0693 0.0000
vt 0.3914 0.0324 0.0000
vt 0.3913 0.0315 0.0000
vt 0.3509 0.0315 0.0000
vt 0.3510 0.0315 0.0000
vt 0.3736 0.0230 0.0000
vt 0.3624 0.0261 0.0000
vt 0.3737 0.0230 0.0000
vt 0.3721 0.1041 0.0000
vt 0.3815 0.1012 0.0000
vt 0.3839 0.1414 0.0000
vt 0.3925 0.1387 0.0000
vt 0.3845 0.1433 0.0000
vt 0.3930 0.1407 0.0000
vt 0.3853 0.1456 0.0000
vt 0.3937 0.1430 0.0000
vt 0.3952 0.1765 0.0000
vt 0.4029 0.1741 0.0000
vt 0.3982 0.1859 0.0000
vt 0.4057 0.1836 0.0000
vt 0.3997 0.1901 0.0000
vt 0.4071 0.1878 0.0000
vt 0.3902 0.0269 0.0000
vt 0.4417 0.0179 0.0000
vt 0.4009 0.0120 0.0000
vt 0.3490 0.0254 0.0000
vt 0.3904 0.0278 0.0000
vt 0.3717 0.0673 0.0000
vt 0.4189 0.0561 0.0000
vt 0.4417 0.0188 0.0000
vt 0.4423 0.0235 0.0000
vt 0.4422 0.0226 0.0000
vt 0.4246 0.0059 0.0000
vt 0.3720 0.0168 0.0000
vt 0.3491 0.0254 0.0000
vt 0.4021 0.0182 0.0000
vt 0.4022 0.0182 0.0000
vt 0.4192 0.0582 0.0000
vt 0.4256 0.0122 0.0000
vt 0.4298 0.0564 0.0000
vt 0.4536 0.0223 0.0000
vt 0.4536 0.0214 0.0000
vt 0.4136 0.0161 0.0000
vt 0.4372 0.0105 0.0000
vt 0.4250 0.0909 0.0000
vt 0.4347 0.0893 0.0000
vt 0.4319 0.1294 0.0000
vt 0.4407 0.1279 0.0000
vt 0.4323 0.1314 0.0000
vt 0.4410 0.1299 0.0000
vt 0.4327 0.1338 0.0000
vt 0.4414 0.1323 0.0000
vt 0.4385 0.1657 0.0000
vt 0.4465 0.1643 0.0000
vt 0.4403 0.1754 0.0000
vt 0.4480 0.1741 0.0000
vt 0.4411 0.1797 0.0000
vt 0.4488 0.1785 0.0000
vt 0.4656 0.0033 0.0000
vt 0.4125 0.0098 0.0000
vt 0.4531 0.0167 0.0000
vt 0.5053 0.0145 0.0000
vt 0.5052 0.0155 0.0000
vt 0.4532 0.0176 0.0000
vt 0.4294 0.0544 0.0000
vt 0.4777 0.0495 0.0000
vt 0.5052 0.0202 0.0000
vt 0.5053 0.0192 0.0000
vt 0.4900 0.0003 0.0000
vt 0.4363 0.0042 0.0000
vt 0.4657 0.0033 0.0000
vt 0.4661 0.0096 0.0000
vt 0.4778 0.0515 0.0000
vt 0.4901 0.0066 0.0000
vt 0.4885 0.0512 0.0000
vt 0.5166 0.0205 0.0000
vt 0.5167 0.0195 0.0000
vt 0.4777 0.0090 0.0000
vt 0.4778 0.0090 0.0000
vt 0.5018 0.0065 0.0000
vt 0.4902 0.0066 0.0000
vt 0.5019 0.0065 0.0000
vt 0.4792 0.0848 0.0000
vt 0.4891 0.0844 0.0000
vt 0.4810 0.1238 0.0000
vt 0.4900 0.1235 0.0000
vt 0.4811 0.1259 0.0000
vt 0.4900 0.1256 0.0000
vt 0.4813 0.1283 0.0000
vt 0.4901 0.1280 0.0000
vt 0.4828 0.1606 0.0000
vt 0.4909 0.1604 0.0000
vt 0.4833 0.1706 0.0000
vt 0.4911 0.1703 0.0000
vt 0.4836 0.1749 0.0000
vt 0.4913 0.1747 0.0000
vt 0.5689 0.0195 0.0000
vt 0.5310 0.0031 0.0000
vt 0.4774 0.0026 0.0000
vt 0.5168 0.0148 0.0000
vt 0.5167 0.0157 0.0000
vt 0.4884 0.0491 0.0000
vt 0.5369 0.0506 0.0000
vt 0.5687 0.0204 0.0000
vt 0.5680 0.0251 0.0000
vt 0.5682 0.0242 0.0000
vt 0.5555 0.0033 0.0000
vt 0.5018 0.0002 0.0000
vt 0.4775 0.0026 0.0000
vt 0.5306 0.0094 0.0000
vt 0.5367 0.0526 0.0000
vt 0.5548 0.0096 0.0000
vt 0.5792 0.0269 0.0000
vt 0.5474 0.0536 0.0000
vt 0.5795 0.0259 0.0000
vt 0.5422 0.0103 0.0000
vt 0.5423 0.0103 0.0000
vt 0.5664 0.0110 0.0000
vt 0.5549 0.0096 0.0000
vt 0.5665 0.0110 0.0000
vt 0.5338 0.0858 0.0000
vt 0.5436 0.0867 0.0000
vt 0.5305 0.1248 0.0000
vt 0.5394 0.1256 0.0000
vt 0.5303 0.1268 0.0000
vt 0.5391 0.1276 0.0000
vt 0.5301 0.1292 0.0000
vt 0.5389 0.1300 0.0000
vt 0.5274 0.1615 0.0000
vt 0.5355 0.1623 0.0000
vt 0.5266 0.1714 0.0000
vt 0.5344 0.1721 0.0000
vt 0.5263 0.1757 0.0000
vt 0.5340 0.1765 0.0000
vt 0.5802 0.0213 0.0000
vt 0.6312 0.0327 0.0000
vt 0.5958 0.0115 0.0000
vt 0.5428 0.0040 0.0000
vt 0.6309 0.0337 0.0000
vt 0.5800 0.0222 0.0000
vt 0.5476 0.0516 0.0000
vt 0.5955 0.0594 0.0000
vt 0.6296 0.0382 0.0000
vt 0.6299 0.0373 0.0000
vt 0.5959 0.0115 0.0000
vt 0.6201 0.0148 0.0000
vt 0.5673 0.0047 0.0000
vt 0.5946 0.0177 0.0000
vt 0.5950 0.0614 0.0000
vt 0.6185 0.0210 0.0000
vt 0.6054 0.0638 0.0000
vt 0.6405 0.0414 0.0000
vt 0.6409 0.0405 0.0000
vt 0.6060 0.0201 0.0000
vt 0.6299 0.0240 0.0000
vt 0.6186 0.0210 0.0000
vt 0.5878 0.0939 0.0000
vt 0.5974 0.0962 0.0000
vt 0.5794 0.1321 0.0000
vt 0.5881 0.1342 0.0000
vt 0.5789 0.1341 0.0000
vt 0.5876 0.1361 0.0000
vt 0.5784 0.1365 0.0000
vt 0.5870 0.1385 0.0000
vt 0.5715 0.1681 0.0000
vt 0.5794 0.1700 0.0000
vt 0.5694 0.1778 0.0000
vt 0.5770 0.1796 0.0000
vt 0.5686 0.1821 0.0000
vt 0.5761 0.1839 0.0000
vt 0.6074 0.0139 0.0000
vt 0.6423 0.0360 0.0000
vt 0.6913 0.0541 0.0000
vt 0.6590 0.0283 0.0000
vt 0.6908 0.0549 0.0000
vt 0.6419 0.0369 0.0000
vt 0.6059 0.0618 0.0000
vt 0.6523 0.0759 0.0000
vt 0.6890 0.0593 0.0000
vt 0.6894 0.0584 0.0000
vt 0.6826 0.0347 0.0000
vt 0.6316 0.0178 0.0000
vt 0.6570 0.0343 0.0000
vt 0.6569 0.0343 0.0000
vt 0.6516 0.0778 0.0000
vt 0.6803 0.0407 0.0000
vt 0.6616 0.0815 0.0000
vt 0.6994 0.0639 0.0000
vt 0.6998 0.0630 0.0000
vt 0.6679 0.0382 0.0000
vt 0.6680 0.0382 0.0000
vt 0.6911 0.0451 0.0000
vt 0.6912 0.0451 0.0000
vt 0.6402 0.1091 0.0000
vt 0.6494 0.1126 0.0000
vt 0.6269 0.1459 0.0000
vt 0.6352 0.1490 0.0000
vt 0.6262 0.1478 0.0000
vt 0.6345 0.1509 0.0000
vt 0.6254 0.1500 0.0000
vt 0.6336 0.1531 0.0000
vt 0.6144 0.1805 0.0000
vt 0.6219 0.1834 0.0000
vt 0.6110 0.1899 0.0000
vt 0.6183 0.1926 0.0000
vt 0.6096 0.1940 0.0000
vt 0.6168 0.1967 0.0000
vt 0.7194 0.0532 0.0000
vt 0.6701 0.0322 0.0000
vt 0.7018 0.0587 0.0000
vt 0.7480 0.0831 0.0000
vt 0.7066 0.0996 0.0000
vt 0.7475 0.0839 0.0000
vt 0.7013 0.0596 0.0000
vt 0.6624 0.0796 0.0000
vt 0.7456 0.0871 0.0000
vt 0.7451 0.0879 0.0000
vt 0.6702 0.0322 0.0000
vt 0.7419 0.0627 0.0000
vt 0.6936 0.0392 0.0000
vt 0.7166 0.0589 0.0000
vt 0.7056 0.1014 0.0000
vt 0.7389 0.0683 0.0000
vt 0.7548 0.0939 0.0000
vt 0.7150 0.1064 0.0000
vt 0.7553 0.0931 0.0000
vt 0.7270 0.0642 0.0000
vt 0.7490 0.0740 0.0000
vt 0.7389 0.0682 0.0000
vt 0.7491 0.0740 0.0000
vt 0.6902 0.1310 0.0000
vt 0.6989 0.1356 0.0000
vt 0.6722 0.1657 0.0000
vt 0.6800 0.1699 0.0000
vt 0.6712 0.1675 0.0000
vt 0.6791 0.1717 0.0000
vt 0.6701 0.1696 0.0000
vt 0.6779 0.1738 0.0000
vt 0.6552 0.1984 0.0000
vt 0.6624 0.2022 0.0000
vt 0.6507 0.2072 0.0000
vt 0.6576 0.2109 0.0000
vt 0.6487 0.2111 0.0000
vt 0.6556 0.2147 0.0000
vt 0.7760 0.0858 0.0000
vt 0.7299 0.0585 0.0000
vt 0.7579 0.0891 0.0000
vt 0.8005 0.1192 0.0000
vt 0.7999 0.1200 0.0000
vt 0.7573 0.0899 0.0000
vt 0.7160 0.1047 0.0000
vt 0.7572 0.1303 0.0000
vt 0.7969 0.1237 0.0000
vt 0.7976 0.1229 0.0000
vt 0.7300 0.0585 0.0000
vt 0.7761 0.0858 0.0000
vt 0.7971 0.0981 0.0000
vt 0.7523 0.0685 0.0000
vt 0.7725 0.0911 0.0000
vt 0.7561 0.1319 0.0000
vt 0.7933 0.1033 0.0000
vt 0.8058 0.1308 0.0000
vt 0.7647 0.1381 0.0000
vt 0.8064 0.1301 0.0000
vt 0.7821 0.0977 0.0000
vt 0.8027 0.1103 0.0000
vt 0.7934 0.1033 0.0000
vt 0.7369 0.1592 0.0000
vt 0.7449 0.1650 0.0000
vt 0.7145 0.1913 0.0000
vt 0.7217 0.1965 0.0000
vt 0.7133 0.1930 0.0000
vt 0.7205 0.1981 0.0000
vt 0.7119 0.1949 0.0000
vt 0.7191 0.2001 0.0000
vt 0.6934 0.2215 0.0000
vt 0.7000 0.2262 0.0000
vt 0.6877 0.2296 0.0000
vt 0.6941 0.2342 0.0000
vt 0.6853 0.2332 0.0000
vt 0.6916 0.2377 0.0000
vt 0.8279 0.1256 0.0000
vt 0.7857 0.0925 0.0000
vt 0.8095 0.1265 0.0000
vt 0.8478 0.1620 0.0000
vt 0.8088 0.1272 0.0000
vt 0.7660 0.1365 0.0000
vt 0.8035 0.1673 0.0000
vt 0.8471 0.1626 0.0000
vt 0.8437 0.1659 0.0000
vt 0.8444 0.1653 0.0000
vt 0.7858 0.0925 0.0000
vt 0.8472 0.1405 0.0000
vt 0.8066 0.1053 0.0000
vt 0.8237 0.1304 0.0000
vt 0.8021 0.1688 0.0000
vt 0.8428 0.1451 0.0000
vt 0.8515 0.1742 0.0000
vt 0.8099 0.1761 0.0000
vt 0.8522 0.1735 0.0000
vt 0.8323 0.1382 0.0000
vt 0.8324 0.1382 0.0000
vt 0.8511 0.1534 0.0000
vt 0.8512 0.1534 0.0000
vt 0.7795 0.1934 0.0000
vt 0.7867 0.2001 0.0000
vt 0.7531 0.2222 0.0000
vt 0.7596 0.2283 0.0000
vt 0.7517 0.2237 0.0000
vt 0.7582 0.2298 0.0000
vt 0.7501 0.2255 0.0000
vt 0.7565 0.2315 0.0000
vt 0.7282 0.2494 0.0000
vt 0.7341 0.2549 0.0000
vt 0.7215 0.2567 0.0000
vt 0.7272 0.2621 0.0000
vt 0.7187 0.2599 0.0000
vt 0.7243 0.2652 0.0000
vt 0.8741 0.1718 0.0000
vt 0.8367 0.1335 0.0000
vt 0.8557 0.1703 0.0000
vt 0.8891 0.2105 0.0000
vt 0.8882 0.2111 0.0000
vt 0.8550 0.1710 0.0000
vt 0.8113 0.1746 0.0000
vt 0.8444 0.2100 0.0000
vt 0.8845 0.2139 0.0000
vt 0.8853 0.2134 0.0000
vt 0.8913 0.1891 0.0000
vt 0.8556 0.1489 0.0000
vt 0.8693 0.1760 0.0000
vt 0.8429 0.2113 0.0000
vt 0.8863 0.1931 0.0000
vt 0.8496 0.2196 0.0000
vt 0.8911 0.2231 0.0000
vt 0.8920 0.2226 0.0000
vt 0.8769 0.1849 0.0000
vt 0.8935 0.2024 0.0000
vt 0.8864 0.1931 0.0000
vt 0.8935 0.2023 0.0000
vt 0.8172 0.2328 0.0000
vt 0.8235 0.2404 0.0000
vt 0.7873 0.2579 0.0000
vt 0.7929 0.2648 0.0000
vt 0.7857 0.2592 0.0000
vt 0.7913 0.2661 0.0000
vt 0.7839 0.2608 0.0000
vt 0.7895 0.2676 0.0000
vt 0.7591 0.2816 0.0000
vt 0.7642 0.2878 0.0000
vt 0.7515 0.2880 0.0000
vt 0.7565 0.2940 0.0000
vt 0.7482 0.2908 0.0000
vt 0.7531 0.2968 0.0000
vt 0.8958 0.2199 0.0000
vt 0.9236 0.2641 0.0000
vt 0.9138 0.2237 0.0000
vt 0.8818 0.1808 0.0000
vt 0.8512 0.2183 0.0000
vt 0.8794 0.2578 0.0000
vt 0.9227 0.2646 0.0000
vt 0.8950 0.2204 0.0000
vt 0.9186 0.2668 0.0000
vt 0.9195 0.2664 0.0000
vt 0.9286 0.2431 0.0000
vt 0.8986 0.1985 0.0000
vt 0.9139 0.2237 0.0000
vt 0.9085 0.2272 0.0000
vt 0.9086 0.2272 0.0000
vt 0.8777 0.2589 0.0000
vt 0.9232 0.2464 0.0000
vt 0.8833 0.2679 0.0000
vt 0.9240 0.2769 0.0000
vt 0.9249 0.2764 0.0000
vt 0.9149 0.2370 0.0000
vt 0.9150 0.2370 0.0000
vt 0.9291 0.2565 0.0000
vt 0.9232 0.2463 0.0000
vt 0.8495 0.2768 0.0000
vt 0.8547 0.2852 0.0000
vt 0.8165 0.2978 0.0000
vt 0.8212 0.3054 0.0000
vt 0.8148 0.2989 0.0000
vt 0.8195 0.3064 0.0000
vt 0.8128 0.3002 0.0000
vt 0.8174 0.3077 0.0000
vt 0.7855 0.3176 0.0000
vt 0.7897 0.3244 0.0000
vt 0.7771 0.3229 0.0000
vt 0.7812 0.3296 0.0000
vt 0.7735 0.3252 0.0000
vt 0.7776 0.3318 0.0000
vt 0.9291 0.2742 0.0000
vt 0.9509 0.3217 0.0000
vt 0.9465 0.2803 0.0000
vt 0.9203 0.2336 0.0000
vt 0.9499 0.3221 0.0000
vt 0.9282 0.2747 0.0000
vt 0.8851 0.2669 0.0000
vt 0.9079 0.3097 0.0000
vt 0.9456 0.3238 0.0000
vt 0.9465 0.3234 0.0000
vt 0.9586 0.3014 0.0000
vt 0.9346 0.2533 0.0000
vt 0.9407 0.2831 0.0000
vt 0.9408 0.2831 0.0000
vt 0.9061 0.3106 0.0000
vt 0.9527 0.3040 0.0000
vt 0.9104 0.3203 0.0000
vt 0.9496 0.3344 0.0000
vt 0.9506 0.3341 0.0000
vt 0.9458 0.2937 0.0000
vt 0.9458 0.2936 0.0000
vt 0.9573 0.3148 0.0000
vt 0.9528 0.3040 0.0000
vt 0.8758 0.3246 0.0000
vt 0.8798 0.3336 0.0000
vt 0.8403 0.3411 0.0000
vt 0.8439 0.3493 0.0000
vt 0.8384 0.3420 0.0000
vt 0.8421 0.3501 0.0000
vt 0.8363 0.3430 0.0000
vt 0.8399 0.3511 0.0000
vt 0.8069 0.3567 0.0000
vt 0.8102 0.3640 0.0000
vt 0.7979 0.3609 0.0000
vt 0.8011 0.3680 0.0000
vt 0.7940 0.3627 0.0000
vt 0.7972 0.3698 0.0000
vt 0.9704 0.3824 0.0000
vt 0.9714 0.3407 0.0000
vt 0.9516 0.2910 0.0000
vt 0.9550 0.3325 0.0000
vt 0.9540 0.3328 0.0000
vt 0.9123 0.3195 0.0000
vt 0.9293 0.3649 0.0000
vt 0.9694 0.3826 0.0000
vt 0.9648 0.3838 0.0000
vt 0.9658 0.3835 0.0000
vt 0.9632 0.3124 0.0000
vt 0.9806 0.3632 0.0000
vt 0.9654 0.3428 0.0000
vt 0.9274 0.3655 0.0000
vt 0.9745 0.3650 0.0000
vt 0.9674 0.3949 0.0000
vt 0.9304 0.3757 0.0000
vt 0.9684 0.3947 0.0000
vt 0.9690 0.3539 0.0000
vt 0.9776 0.3763 0.0000
vt 0.9746 0.3650 0.0000
vt 0.9777 0.3763 0.0000
vt 0.8955 0.3755 0.0000
vt 0.8983 0.3850 0.0000
vt 0.8582 0.3872 0.0000
vt 0.8607 0.3958 0.0000
vt 0.8562 0.3878 0.0000
vt 0.8588 0.3964 0.0000
vt 0.8539 0.3886 0.0000
vt 0.8565 0.3970 0.0000
vt 0.8230 0.3983 0.0000
vt 0.8254 0.4060 0.0000
vt 0.8136 0.4013 0.0000
vt 0.8158 0.4087 0.0000
vt 0.8095 0.4026 0.0000
vt 0.8117 0.4100 0.0000
vt 0.9882 0.4039 0.0000
vt 0.9750 0.3520 0.0000
vt 0.9730 0.3936 0.0000
vt 0.9817 0.4451 0.0000
vt 0.9807 0.4452 0.0000
vt 0.9720 0.3938 0.0000
vt 0.9324 0.3752 0.0000
vt 0.9433 0.4224 0.0000
vt 0.9760 0.4458 0.0000
vt 0.9770 0.4457 0.0000
vt 0.9883 0.4039 0.0000
vt 0.9944 0.4274 0.0000
vt 0.9838 0.3747 0.0000
vt 0.9751 0.3520 0.0000
vt 0.9820 0.4051 0.0000
vt 0.9819 0.4051 0.0000
vt 0.9413 0.4228 0.0000
vt 0.9881 0.4283 0.0000
vt 0.9430 0.4333 0.0000
vt 0.9772 0.4571 0.0000
vt 0.9782 0.4570 0.0000
vt 0.9841 0.4166 0.0000
vt 0.9897 0.4399 0.0000
vt 0.9882 0.4283 0.0000
vt 0.9084 0.4285 0.0000
vt 0.9100 0.4383 0.0000
vt 0.8698 0.4353 0.0000
vt 0.8713 0.4441 0.0000
vt 0.8678 0.4356 0.0000
vt 0.8693 0.4444 0.0000
vt 0.8655 0.4360 0.0000
vt 0.8669 0.4448 0.0000
vt 0.8336 0.4416 0.0000
vt 0.8349 0.4496 0.0000
vt 0.8238 0.4433 0.0000
vt 0.8251 0.4511 0.0000
vt 0.8196 0.4441 0.0000
vt 0.8208 0.4517 0.0000
vt 0.9966 0.4687 0.0000
vt 0.9903 0.4155 0.0000
vt 0.9829 0.4566 0.0000
vt 0.9847 0.5088 0.0000
vt 0.9838 0.5088 0.0000
vt 0.9819 0.4567 0.0000
vt 0.9450 0.4330 0.0000
vt 0.9497 0.4813 0.0000
vt 0.9790 0.5087 0.0000
vt 0.9800 0.5087 0.0000
vt 0.9997 0.4928 0.0000
vt 0.9960 0.4391 0.0000
vt 0.9904 0.4155 0.0000
vt 0.9902 0.4691 0.0000
vt 0.9903 0.4691 0.0000
vt 0.9476 0.4814 0.0000
vt 0.9933 0.4929 0.0000
vt 0.9787 0.5201 0.0000
vt 0.9479 0.4921 0.0000
vt 0.9797 0.5201 0.0000
vt 0.9908 0.4808 0.0000
vt 0.9909 0.4808 0.0000
vt 0.9933 0.5046 0.0000
vt 0.9934 0.4929 0.0000
vt 0.9934 0.5046 0.0000
vt 0.9142 0.4828 0.0000
vt 0.9145 0.4927 0.0000
vt 0.8751 0.4844 0.0000
vt 0.8754 0.4934 0.0000
vt 0.8731 0.4845 0.0000
vt 0.8734 0.4934 0.0000
vt 0.8707 0.4846 0.0000
vt 0.8710 0.4935 0.0000
vt 0.8384 0.4860 0.0000
vt 0.8386 0.4940 0.0000
vt 0.8285 0.4864 0.0000
vt 0.8287 0.4942 0.0000
vt 0.8242 0.4866 0.0000
vt 0.8244 0.4943 0.0000
vt 0.9964 0.5341 0.0000
vt 0.9972 0.4805 0.0000
vt 0.9844 0.5203 0.0000
vt 0.9794 0.5723 0.0000
vt 0.9500 0.4920 0.0000
vt 0.9482 0.5405 0.0000
vt 0.9784 0.5722 0.0000
vt 0.9834 0.5203 0.0000
vt 0.9738 0.5715 0.0000
vt 0.9748 0.5716 0.0000
vt 0.9997 0.5046 0.0000
vt 0.9965 0.5341 0.0000
vt 0.9963 0.5583 0.0000
vt 0.9900 0.5336 0.0000
vt 0.9901 0.5336 0.0000
vt 0.9462 0.5403 0.0000
vt 0.9900 0.5576 0.0000
vt 0.9451 0.5509 0.0000
vt 0.9719 0.5827 0.0000
vt 0.9729 0.5829 0.0000
vt 0.9891 0.5453 0.0000
vt 0.9892 0.5453 0.0000
vt 0.9885 0.5692 0.0000
vt 0.9901 0.5576 0.0000
vt 0.9129 0.5374 0.0000
vt 0.9119 0.5472 0.0000
vt 0.8740 0.5339 0.0000
vt 0.8731 0.5428 0.0000
vt 0.8719 0.5337 0.0000
vt 0.8710 0.5425 0.0000
vt 0.8695 0.5335 0.0000
vt 0.8686 0.5423 0.0000
vt 0.8373 0.5306 0.0000
vt 0.8365 0.5386 0.0000
vt 0.8274 0.5297 0.0000
vt 0.8266 0.5375 0.0000
vt 0.8231 0.5293 0.0000
vt 0.8224 0.5370 0.0000
vt 0.9776 0.5837 0.0000
vt 0.9658 0.6346 0.0000
vt 0.9877 0.5988 0.0000
vt 0.9955 0.5458 0.0000
vt 0.9649 0.6343 0.0000
vt 0.9766 0.5835 0.0000
vt 0.9472 0.5512 0.0000
vt 0.9391 0.5990 0.0000
vt 0.9603 0.6330 0.0000
vt 0.9613 0.6333 0.0000
vt 0.9844 0.6228 0.0000
vt 0.9948 0.5701 0.0000
vt 0.9815 0.5976 0.0000
vt 0.9814 0.5976 0.0000
vt 0.9371 0.5986 0.0000
vt 0.9782 0.6213 0.0000
vt 0.9571 0.6439 0.0000
vt 0.9346 0.6089 0.0000
vt 0.9580 0.6442 0.0000
vt 0.9790 0.6090 0.0000
vt 0.9752 0.6326 0.0000
vt 0.9783 0.6213 0.0000
vt 0.9753 0.6326 0.0000
vt 0.9045 0.5913 0.0000
vt 0.9022 0.6009 0.0000
vt 0.8663 0.5827 0.0000
vt 0.8642 0.5914 0.0000
vt 0.8643 0.5823 0.0000
vt 0.8623 0.5909 0.0000
vt 0.8620 0.5818 0.0000
vt 0.8599 0.5904 0.0000
vt 0.8304 0.5746 0.0000
vt 0.8285 0.5825 0.0000
vt 0.8207 0.5725 0.0000
vt 0.8189 0.5801 0.0000
vt 0.8165 0.5715 0.0000
vt 0.8147 0.5790 0.0000
vt 0.9705 0.6619 0.0000
vt 0.9852 0.6104 0.0000
vt 0.9625 0.6456 0.0000
vt 0.9442 0.6945 0.0000
vt 0.9366 0.6094 0.0000
vt 0.9223 0.6558 0.0000
vt 0.9433 0.6942 0.0000
vt 0.9616 0.6453 0.0000
vt 0.9399 0.6926 0.0000
vt 0.9390 0.6923 0.0000
vt 0.9642 0.6852 0.0000
vt 0.9814 0.6343 0.0000
vt 0.9706 0.6619 0.0000
vt 0.9645 0.6598 0.0000
vt 0.9646 0.6598 0.0000
vt 0.9204 0.6551 0.0000
vt 0.9582 0.6829 0.0000
vt 0.9166 0.6651 0.0000
vt 0.9343 0.7027 0.0000
vt 0.9352 0.7030 0.0000
vt 0.9606 0.6708 0.0000
vt 0.9538 0.6937 0.0000
vt 0.9583 0.6829 0.0000
vt 0.8891 0.6436 0.0000
vt 0.8855 0.6529 0.0000
vt 0.8523 0.6302 0.0000
vt 0.8491 0.6385 0.0000
vt 0.8504 0.6295 0.0000
vt 0.8472 0.6378 0.0000
vt 0.8482 0.6286 0.0000
vt 0.8450 0.6369 0.0000
vt 0.8178 0.6174 0.0000
vt 0.8149 0.6250 0.0000
vt 0.8085 0.6140 0.0000
vt 0.8057 0.6213 0.0000
vt 0.8044 0.6125 0.0000
vt 0.8017 0.6197 0.0000
vt 0.9395 0.7050 0.0000
vt 0.9149 0.7511 0.0000
vt 0.9453 0.7222 0.0000
vt 0.9666 0.6730 0.0000
vt 0.8983 0.7099 0.0000
vt 0.9140 0.7507 0.0000
vt 0.9386 0.7047 0.0000
vt 0.9185 0.6658 0.0000
vt 0.9100 0.7482 0.0000
vt 0.9109 0.7487 0.0000
vt 0.9359 0.7444 0.0000
vt 0.9596 0.6962 0.0000
vt 0.9396 0.7193 0.0000
vt 0.8965 0.7090 0.0000
vt 0.9303 0.7413 0.0000
vt 0.8914 0.7184 0.0000
vt 0.9040 0.7579 0.0000
vt 0.9049 0.7584 0.0000
vt 0.9342 0.7297 0.0000
vt 0.9343 0.7297 0.0000
vt 0.9245 0.7515 0.0000
vt 0.9304 0.7413 0.0000
vt 0.9246 0.7515 0.0000
vt 0.8669 0.6935 0.0000
vt 0.8622 0.7022 0.0000
vt 0.8323 0.6753 0.0000
vt 0.8280 0.6832 0.0000
vt 0.8305 0.6744 0.0000
vt 0.8262 0.6822 0.0000
vt 0.8283 0.6733 0.0000
vt 0.8241 0.6811 0.0000
vt 0.7997 0.6582 0.0000
vt 0.7958 0.6653 0.0000
vt 0.7909 0.6536 0.0000
vt 0.7872 0.6605 0.0000
vt 0.7871 0.6515 0.0000
vt 0.7834 0.6583 0.0000
vt 0.9123 0.7786 0.0000
vt 0.9399 0.7327 0.0000
vt 0.9088 0.7609 0.0000
vt 0.8784 0.8034 0.0000
vt 0.8932 0.7194 0.0000
vt 0.8674 0.7604 0.0000
vt 0.8777 0.8028 0.0000
vt 0.9080 0.7604 0.0000
vt 0.8740 0.7999 0.0000
vt 0.8748 0.8005 0.0000
vt 0.9001 0.7995 0.0000
vt 0.9300 0.7547 0.0000
vt 0.9124 0.7786 0.0000
vt 0.9071 0.7751 0.0000
vt 0.8657 0.7593 0.0000
vt 0.8950 0.7956 0.0000
vt 0.8595 0.7679 0.0000
vt 0.8667 0.8087 0.0000
vt 0.8675 0.8093 0.0000
vt 0.9004 0.7847 0.0000
vt 0.9005 0.7847 0.0000
vt 0.8879 0.8049 0.0000
vt 0.8951 0.7956 0.0000
vt 0.8880 0.8049 0.0000
vt 0.8384 0.7401 0.0000
vt 0.8326 0.7481 0.0000
vt 0.8064 0.7175 0.0000
vt 0.8012 0.7248 0.0000
vt 0.8048 0.7163 0.0000
vt 0.7996 0.7235 0.0000
vt 0.8028 0.7150 0.0000
vt 0.7976 0.7221 0.0000
vt 0.7764 0.6962 0.0000
vt 0.7717 0.7028 0.0000
vt 0.7683 0.6905 0.0000
vt 0.7637 0.6969 0.0000
vt 0.7648 0.6880 0.0000
vt 0.7603 0.6942 0.0000
vt 0.8723 0.8303 0.0000
vt 0.9056 0.7884 0.0000
vt 0.8711 0.8123 0.0000
vt 0.8355 0.8505 0.0000
vt 0.8301 0.8065 0.0000
vt 0.8347 0.8498 0.0000
vt 0.8704 0.8117 0.0000
vt 0.8611 0.7691 0.0000
vt 0.8315 0.8464 0.0000
vt 0.8322 0.8471 0.0000
vt 0.8575 0.8493 0.0000
vt 0.8929 0.8089 0.0000
vt 0.9057 0.7884 0.0000
vt 0.8724 0.8303 0.0000
vt 0.8675 0.8261 0.0000
vt 0.8676 0.8261 0.0000
vt 0.8286 0.8051 0.0000
vt 0.8529 0.8448 0.0000
vt 0.8213 0.8128 0.0000
vt 0.8232 0.8542 0.0000
vt 0.8239 0.8549 0.0000
vt 0.8597 0.8347 0.0000
vt 0.8598 0.8347 0.0000
vt 0.8446 0.8531 0.0000
vt 0.8530 0.8448 0.0000
vt 0.8447 0.8531 0.0000
vt 0.8041 0.7825 0.0000
vt 0.7973 0.7896 0.0000
vt 0.7753 0.7559 0.0000
vt 0.7692 0.7624 0.0000
vt 0.7738 0.7546 0.0000
vt 0.7677 0.7610 0.0000
vt 0.7721 0.7529 0.0000
vt 0.7660 0.7593 0.0000
vt 0.7483 0.7309 0.0000
vt 0.7428 0.7368 0.0000
vt 0.7410 0.7242 0.0000
vt 0.7356 0.7299 0.0000
vt 0.7379 0.7212 0.0000
vt 0.7326 0.7268 0.0000
vt 0.7867 0.8915 0.0000
vt 0.8258 0.8763 0.0000
vt 0.8644 0.8391 0.0000
vt 0.8270 0.8584 0.0000
vt 0.7872 0.8472 0.0000
vt 0.7861 0.8908 0.0000
vt 0.8264 0.8577 0.0000
vt 0.8228 0.8142 0.0000
vt 0.7833 0.8869 0.0000
vt 0.7839 0.8877 0.0000
vt 0.8644 0.8390 0.0000
vt 0.8259 0.8763 0.0000
vt 0.8087 0.8931 0.0000
vt 0.8491 0.8577 0.0000
vt 0.8217 0.8714 0.0000
vt 0.8217 0.8715 0.0000
vt 0.7859 0.8456 0.0000
vt 0.8047 0.8881 0.0000
vt 0.7776 0.8523 0.0000
vt 0.7740 0.8936 0.0000
vt 0.7746 0.8943 0.0000
vt 0.8128 0.8790 0.0000
vt 0.7954 0.8952 0.0000
vt 0.8048 0.8881 0.0000
vt 0.7955 0.8952 0.0000
vt 0.7645 0.8200 0.0000
vt 0.7568 0.8262 0.0000
vt 0.7394 0.7900 0.0000
vt 0.7325 0.7956 0.0000
vt 0.7381 0.7884 0.0000
vt 0.7312 0.7940 0.0000
vt 0.7366 0.7865 0.0000
vt 0.7297 0.7921 0.0000
vt 0.7159 0.7616 0.0000
vt 0.7097 0.7667 0.0000
vt 0.7096 0.7540 0.0000
vt 0.7035 0.7589 0.0000
vt 0.7069 0.7506 0.0000
vt 0.7009 0.7554 0.0000
vt 0.7745 0.9157 0.0000
vt 0.7345 0.9256 0.0000
vt 0.7788 0.8980 0.0000
vt 0.8176 0.8838 0.0000
vt 0.7341 0.9248 0.0000
vt 0.7414 0.8817 0.0000
vt 0.7810 0.8537 0.0000
vt 0.7784 0.8973 0.0000
vt 0.7322 0.9215 0.0000
vt 0.7318 0.9206 0.0000
vt 0.7744 0.9157 0.0000
vt 0.8175 0.8838 0.0000
vt 0.7995 0.9003 0.0000
vt 0.7548 0.9301 0.0000
vt 0.7710 0.9104 0.0000
vt 0.7709 0.9104 0.0000
vt 0.7403 0.8800 0.0000
vt 0.7515 0.9247 0.0000
vt 0.7312 0.8856 0.0000
vt 0.7218 0.9260 0.0000
vt 0.7221 0.9268 0.0000
vt 0.7612 0.9167 0.0000
vt 0.7611 0.9167 0.0000
vt 0.7414 0.9305 0.0000
vt 0.7547 0.9303 0.0000
vt 0.7444 0.9362 0.0000
vt 0.7445 0.9362 0.0000
vt 0.7514 0.9247 0.0000
vt 0.7413 0.9305 0.0000
vt 0.7237 0.8536 0.0000
vt 0.7153 0.8588 0.0000
vt 0.7019 0.8187 0.0000
vt 0.7113 0.8338 0.0000
vt 0.7034 0.8387 0.0000
vt 0.6942 0.8234 0.0000
vt 0.7008 0.8170 0.0000
vt 0.6932 0.8216 0.0000
vt 0.6995 0.8150 0.0000
vt 0.6920 0.8196 0.0000
vt 0.6822 0.7875 0.0000
vt 0.6753 0.7917 0.0000
vt 0.6769 0.7791 0.0000
vt 0.6703 0.7832 0.0000
vt 0.6745 0.7754 0.0000
vt 0.6679 0.7795 0.0000
vt 0.7646 0.9221 0.0000
vt 0.7177 0.9480 0.0000
vt 0.6767 0.9525 0.0000
vt 0.7243 0.9310 0.0000
vt 0.6893 0.9099 0.0000
vt 0.7322 0.8873 0.0000
vt 0.7239 0.9302 0.0000
vt 0.6764 0.9517 0.0000
vt 0.6750 0.9481 0.0000
vt 0.6747 0.9473 0.0000
vt 0.7445 0.9361 0.0000
vt 0.6962 0.9598 0.0000
vt 0.7176 0.9480 0.0000
vt 0.7645 0.9221 0.0000
vt 0.7149 0.9423 0.0000
vt 0.6884 0.9080 0.0000
vt 0.6937 0.9539 0.0000
vt 0.6641 0.9513 0.0000
vt 0.6787 0.9124 0.0000
vt 0.6643 0.9522 0.0000
vt 0.7044 0.9472 0.0000
vt 0.7043 0.9472 0.0000
vt 0.6829 0.9584 0.0000
vt 0.6962 0.9599 0.0000
vt 0.6961 0.9599 0.0000
vt 0.6851 0.9645 0.0000
vt 0.6852 0.9645 0.0000
vt 0.6828 0.9584 0.0000
vt 0.6755 0.8797 0.0000
vt 0.6664 0.8837 0.0000
vt 0.6658 0.8584 0.0000
vt 0.6584 0.8422 0.0000
vt 0.6502 0.8459 0.0000
vt 0.6572 0.8622 0.0000
vt 0.6575 0.8404 0.0000
vt 0.6494 0.8440 0.0000
vt 0.6565 0.8382 0.0000
vt 0.6485 0.8418 0.0000
vt 0.6430 0.8088 0.0000
vt 0.6356 0.8120 0.0000
vt 0.6388 0.7997 0.0000
vt 0.6317 0.8029 0.0000
vt 0.6369 0.7958 0.0000
vt 0.6299 0.7989 0.0000
vt 0.6571 0.9726 0.0000
vt 0.6159 0.9717 0.0000
vt 0.6659 0.9566 0.0000
vt 0.7070 0.9530 0.0000
vt 0.6795 0.9143 0.0000
vt 0.6657 0.9557 0.0000
vt 0.6158 0.9708 0.0000
vt 0.6340 0.9310 0.0000
vt 0.6147 0.9662 0.0000
vt 0.6148 0.9671 0.0000
vt 0.6853 0.9643 0.0000
vt 0.6343 0.9815 0.0000
vt 0.7069 0.9530 0.0000
vt 0.6551 0.9666 0.0000
vt 0.6551 0.9665 0.0000
vt 0.6334 0.9291 0.0000
vt 0.6326 0.9754 0.0000
vt 0.6036 0.9688 0.0000
vt 0.6231 0.9321 0.0000
vt 0.6037 0.9697 0.0000
vt 0.6440 0.9701 0.0000
vt 0.6213 0.9784 0.0000
vt 0.6342 0.9817 0.0000
vt 0.6343 0.9817 0.0000
vt 0.6227 0.9847 0.0000
vt 0.6228 0.9847 0.0000
vt 0.6325 0.9754 0.0000
vt 0.6212 0.9784 0.0000
vt 0.6243 0.8992 0.0000
vt 0.6147 0.9021 0.0000
vt 0.6174 0.8769 0.0000
vt 0.6122 0.8599 0.0000
vt 0.6036 0.8624 0.0000
vt 0.6084 0.8796 0.0000
vt 0.6116 0.8579 0.0000
vt 0.6031 0.8605 0.0000
vt 0.6109 0.8557 0.0000
vt 0.6024 0.8582 0.0000
vt 0.6013 0.8247 0.0000
vt 0.5936 0.8270 0.0000
vt 0.5984 0.8152 0.0000
vt 0.5909 0.8174 0.0000
vt 0.5970 0.8110 0.0000
vt 0.5896 0.8132 0.0000
vt 0.6047 0.9743 0.0000
vt 0.6459 0.9762 0.0000
vt 0.5939 0.9891 0.0000
vt 0.5532 0.9827 0.0000
vt 0.5531 0.9818 0.0000
vt 0.5764 0.9447 0.0000
vt 0.6237 0.9341 0.0000
vt 0.6046 0.9734 0.0000
vt 0.5526 0.9771 0.0000
vt 0.5526 0.9780 0.0000
vt 0.6458 0.9762 0.0000
vt 0.6229 0.9846 0.0000
vt 0.5701 0.9949 0.0000
vt 0.5938 0.9891 0.0000
vt 0.5926 0.9828 0.0000
vt 0.5927 0.9828 0.0000
vt 0.5760 0.9427 0.0000
vt 0.5692 0.9886 0.0000
vt 0.5413 0.9782 0.0000
vt 0.5655 0.9443 0.0000
vt 0.5413 0.9791 0.0000
vt 0.5812 0.9849 0.0000
vt 0.5576 0.9901 0.0000
vt 0.5700 0.9951 0.0000
vt 0.5582 0.9966 0.0000
vt 0.5583 0.9966 0.0000
vt 0.5691 0.9886 0.0000
vt 0.5575 0.9901 0.0000
vt 0.5709 0.9119 0.0000
vt 0.5611 0.9135 0.0000
vt 0.5641 0.8713 0.0000
vt 0.5670 0.8889 0.0000
vt 0.5552 0.8727 0.0000
vt 0.5578 0.8903 0.0000
vt 0.5638 0.8693 0.0000
vt 0.5550 0.8707 0.0000
vt 0.5633 0.8669 0.0000
vt 0.5546 0.8683 0.0000
vt 0.5579 0.8350 0.0000
vt 0.5500 0.8362 0.0000
vt 0.5563 0.8252 0.0000
vt 0.5485 0.8264 0.0000
vt 0.5554 0.8209 0.0000
vt 0.5478 0.8221 0.0000
vt 0.4895 0.9854 0.0000
vt 0.5417 0.9838 0.0000
vt 0.5823 0.9911 0.0000
vt 0.5290 0.9971 0.0000
vt 0.5658 0.9464 0.0000
vt 0.5417 0.9829 0.0000
vt 0.4896 0.9845 0.0000
vt 0.5175 0.9507 0.0000
vt 0.4896 0.9807 0.0000
vt 0.4897 0.9797 0.0000
vt 0.5822 0.9911 0.0000
vt 0.5583 0.9965 0.0000
vt 0.5047 0.9998 0.0000
vt 0.5286 0.9907 0.0000
vt 0.5287 0.9907 0.0000
vt 0.5174 0.9487 0.0000
vt 0.5046 0.9935 0.0000
vt 0.4783 0.9793 0.0000
vt 0.5067 0.9490 0.0000
vt 0.4782 0.9803 0.0000
vt 0.5170 0.9913 0.0000
vt 0.4929 0.9934 0.0000
vt 0.5045 1.0000 0.0000
vt 0.5046 1.0000 0.0000
vt 0.4927 1.0000 0.0000
vt 0.4928 0.9934 0.0000
vt 0.5163 0.9175 0.0000
vt 0.5064 0.9178 0.0000
vt 0.5149 0.8763 0.0000
vt 0.5155 0.8942 0.0000
vt 0.5062 0.8944 0.0000
vt 0.5060 0.8766 0.0000
vt 0.5148 0.8743 0.0000
vt 0.5059 0.8745 0.0000
vt 0.5147 0.8719 0.0000
vt 0.5059 0.8721 0.0000
vt 0.5135 0.8395 0.0000
vt 0.5055 0.8397 0.0000
vt 0.5132 0.8296 0.0000
vt 0.5054 0.8298 0.0000
vt 0.5129 0.8252 0.0000
vt 0.5052 0.8254 0.0000
vt 0.4260 0.9797 0.0000
vt 0.4780 0.9850 0.0000
vt 0.5172 0.9976 0.0000
vt 0.4637 0.9966 0.0000
vt 0.4583 0.9490 0.0000
vt 0.5068 0.9510 0.0000
vt 0.4781 0.9841 0.0000
vt 0.4262 0.9788 0.0000
vt 0.4269 0.9742 0.0000
vt 0.4267 0.9751 0.0000
vt 0.4636 0.9966 0.0000
vt 0.4928 0.9998 0.0000
vt 0.4392 0.9961 0.0000
vt 0.4642 0.9902 0.0000
vt 0.4641 0.9902 0.0000
vt 0.4585 0.9470 0.0000
vt 0.4400 0.9898 0.0000
vt 0.4479 0.9458 0.0000
vt 0.4157 0.9723 0.0000
vt 0.4155 0.9732 0.0000
vt 0.4525 0.9892 0.0000
vt 0.4284 0.9882 0.0000
vt 0.4391 0.9963 0.0000
vt 0.4390 0.9963 0.0000
vt 0.4273 0.9947 0.0000
vt 0.4272 0.9947 0.0000
vt 0.4399 0.9898 0.0000
vt 0.4283 0.9882 0.0000
vt 0.4615 0.9159 0.0000
vt 0.4517 0.9148 0.0000
vt 0.4655 0.8749 0.0000
vt 0.4638 0.8926 0.0000
vt 0.4566 0.8739 0.0000
vt 0.4545 0.8916 0.0000
vt 0.4657 0.8729 0.0000
vt 0.4568 0.8719 0.0000
vt 0.4659 0.8705 0.0000
vt 0.4571 0.8695 0.0000
vt 0.4690 0.8382 0.0000
vt 0.4609 0.8374 0.0000
vt 0.4699 0.8283 0.0000
vt 0.4621 0.8275 0.0000
vt 0.4702 0.8240 0.0000
vt 0.4625 0.8231 0.0000
vt 0.3638 0.9658 0.0000
vt 0.4146 0.9778 0.0000
vt 0.4519 0.9956 0.0000
vt 0.3990 0.9875 0.0000
vt 0.3641 0.9649 0.0000
vt 0.3998 0.9395 0.0000
vt 0.4476 0.9479 0.0000
vt 0.4149 0.9769 0.0000
vt 0.3651 0.9613 0.0000
vt 0.3655 0.9604 0.0000
vt 0.3747 0.9839 0.0000
vt 0.3989 0.9875 0.0000
vt 0.4274 0.9945 0.0000
vt 0.4002 0.9812 0.0000
vt 0.4003 0.9812 0.0000
vt 0.4003 0.9375 0.0000
vt 0.3763 0.9777 0.0000
vt 0.3899 0.9350 0.0000
vt 0.3546 0.9570 0.0000
vt 0.3542 0.9579 0.0000
vt 0.3889 0.9787 0.0000
vt 0.3888 0.9787 0.0000
vt 0.3650 0.9746 0.0000
vt 0.3745 0.9840 0.0000
vt 0.3746 0.9840 0.0000
vt 0.3631 0.9809 0.0000
vt 0.3632 0.9809 0.0000
vt 0.4074 0.9071 0.0000
vt 0.3977 0.9048 0.0000
vt 0.4167 0.8670 0.0000
vt 0.4127 0.8843 0.0000
vt 0.4036 0.8821 0.0000
vt 0.4080 0.8649 0.0000
vt 0.4171 0.8650 0.0000
vt 0.4085 0.8629 0.0000
vt 0.4177 0.8627 0.0000
vt 0.4091 0.8606 0.0000
vt 0.4249 0.8311 0.0000
vt 0.4171 0.8292 0.0000
vt 0.4272 0.8214 0.0000
vt 0.4196 0.8196 0.0000
vt 0.4281 0.8171 0.0000
vt 0.4205 0.8153 0.0000
vt 0.3040 0.9439 0.0000
vt 0.3528 0.9624 0.0000
vt 0.3874 0.9849 0.0000
vt 0.3360 0.9700 0.0000
vt 0.3044 0.9430 0.0000
vt 0.3431 0.9225 0.0000
vt 0.3894 0.9370 0.0000
vt 0.3531 0.9615 0.0000
vt 0.3063 0.9387 0.0000
vt 0.3059 0.9395 0.0000
vt 0.3633 0.9808 0.0000
vt 0.3124 0.9633 0.0000
vt 0.3359 0.9700 0.0000
vt 0.3380 0.9640 0.0000
vt 0.3381 0.9640 0.0000
vt 0.3438 0.9206 0.0000
vt 0.3148 0.9574 0.0000
vt 0.3339 0.9167 0.0000
vt 0.2960 0.9339 0.0000
vt 0.2955 0.9348 0.0000
vt 0.3271 0.9600 0.0000
vt 0.3040 0.9528 0.0000
vt 0.3122 0.9634 0.0000
vt 0.3123 0.9634 0.0000
vt 0.3014 0.9588 0.0000
vt 0.3013 0.9588 0.0000
vt 0.3040 0.9529 0.0000
vt 0.3548 0.8913 0.0000
vt 0.3456 0.8877 0.0000
vt 0.3631 0.8694 0.0000
vt 0.3693 0.8527 0.0000
vt 0.3543 0.8661 0.0000
vt 0.3610 0.8495 0.0000
vt 0.3700 0.8508 0.0000
vt 0.3618 0.8476 0.0000
vt 0.3709 0.8486 0.0000
vt 0.3626 0.8454 0.0000
vt 0.3822 0.8182 0.0000
vt 0.3747 0.8153 0.0000
vt 0.3857 0.8089 0.0000
vt 0.3784 0.8061 0.0000
vt 0.3871 0.8048 0.0000
vt 0.3799 0.8020 0.0000
vt 0.2759 0.9444 0.0000
vt 0.2475 0.9143 0.0000
vt 0.2935 0.9391 0.0000
vt 0.3249 0.9660 0.0000
vt 0.2891 0.8981 0.0000
vt 0.3331 0.9186 0.0000
vt 0.2940 0.9382 0.0000
vt 0.2481 0.9134 0.0000
vt 0.2505 0.9094 0.0000
vt 0.2500 0.9102 0.0000
vt 0.3248 0.9660 0.0000
vt 0.3015 0.9587 0.0000
vt 0.2534 0.9347 0.0000
vt 0.2758 0.9444 0.0000
vt 0.2787 0.9387 0.0000
vt 0.2901 0.8963 0.0000
vt 0.2565 0.9292 0.0000
vt 0.2409 0.9034 0.0000
vt 0.2808 0.8912 0.0000
vt 0.2403 0.9042 0.0000
vt 0.2684 0.9333 0.0000
vt 0.2683 0.9334 0.0000
vt 0.2464 0.9233 0.0000
vt 0.2532 0.9348 0.0000
vt 0.2429 0.9289 0.0000
vt 0.2430 0.9289 0.0000
vt 0.2463 0.9233 0.0000
vt 0.3048 0.8688 0.0000
vt 0.2961 0.8640 0.0000
vt 0.3242 0.8324 0.0000
vt 0.3159 0.8482 0.0000
vt 0.3164 0.8281 0.0000
vt 0.3077 0.8437 0.0000
vt 0.3252 0.8306 0.0000
vt 0.3174 0.8264 0.0000
vt 0.3263 0.8285 0.0000
vt 0.3186 0.8243 0.0000
vt 0.3415 0.7999 0.0000
vt 0.3345 0.7960 0.0000
vt 0.3462 0.7911 0.0000
vt 0.3393 0.7874 0.0000
vt 0.3482 0.7873 0.0000
vt 0.3414 0.7836 0.0000
vt 0.2196 0.9112 0.0000
vt 0.1954 0.8775 0.0000
vt 0.2378 0.9081 0.0000
vt 0.2654 0.9390 0.0000
vt 0.2388 0.8669 0.0000
vt 0.2798 0.8930 0.0000
vt 0.2383 0.9073 0.0000
vt 0.1961 0.8768 0.0000
vt 0.1984 0.8738 0.0000
vt 0.1991 0.8731 0.0000
vt 0.2653 0.9390 0.0000
vt 0.2431 0.9287 0.0000
vt 0.1986 0.8986 0.0000
vt 0.2195 0.9112 0.0000
vt 0.2231 0.9059 0.0000
vt 0.2232 0.9059 0.0000
vt 0.2400 0.8653 0.0000
vt 0.2024 0.8936 0.0000
vt 0.1903 0.8658 0.0000
vt 0.2314 0.8590 0.0000
vt 0.1896 0.8666 0.0000
vt 0.2136 0.8992 0.0000
vt 0.1932 0.8864 0.0000
vt 0.1983 0.8988 0.0000
vt 0.1984 0.8988 0.0000
vt 0.1890 0.8915 0.0000
vt 0.1931 0.8864 0.0000
vt 0.2582 0.8399 0.0000
vt 0.2502 0.8340 0.0000
vt 0.2719 0.8209 0.0000
vt 0.2822 0.8064 0.0000
vt 0.2750 0.8011 0.0000
vt 0.2643 0.8153 0.0000
vt 0.2834 0.8047 0.0000
vt 0.2762 0.7995 0.0000
vt 0.2848 0.8028 0.0000
vt 0.2777 0.7976 0.0000
vt 0.3036 0.7764 0.0000
vt 0.2971 0.7716 0.0000
vt 0.3094 0.7683 0.0000
vt 0.3031 0.7637 0.0000
vt 0.3119 0.7648 0.0000
vt 0.3056 0.7602 0.0000
vt 0.1486 0.8343 0.0000
vt 0.1866 0.8702 0.0000
vt 0.2099 0.9044 0.0000
vt 0.1682 0.8709 0.0000
vt 0.1494 0.8336 0.0000
vt 0.1930 0.8294 0.0000
vt 0.2302 0.8606 0.0000
vt 0.1872 0.8694 0.0000
vt 0.1520 0.8310 0.0000
vt 0.1528 0.8304 0.0000
vt 0.1490 0.8557 0.0000
vt 0.1681 0.8709 0.0000
vt 0.1892 0.8914 0.0000
vt 0.1724 0.8661 0.0000
vt 0.1944 0.8279 0.0000
vt 0.1535 0.8512 0.0000
vt 0.1450 0.8220 0.0000
vt 0.1867 0.8206 0.0000
vt 0.1443 0.8226 0.0000
vt 0.1638 0.8582 0.0000
vt 0.1452 0.8428 0.0000
vt 0.1487 0.8558 0.0000
vt 0.1488 0.8558 0.0000
vt 0.1404 0.8474 0.0000
vt 0.1405 0.8474 0.0000
vt 0.1534 0.8512 0.0000
vt 0.1451 0.8428 0.0000
vt 0.2158 0.8051 0.0000
vt 0.2086 0.7983 0.0000
vt 0.2440 0.7751 0.0000
vt 0.2318 0.7881 0.0000
vt 0.2250 0.7816 0.0000
vt 0.2375 0.7689 0.0000
vt 0.2454 0.7736 0.0000
vt 0.2389 0.7674 0.0000
vt 0.2470 0.7718 0.0000
vt 0.2406 0.7657 0.0000
vt 0.2691 0.7481 0.0000
vt 0.2633 0.7426 0.0000
vt 0.2759 0.7409 0.0000
vt 0.2702 0.7355 0.0000
vt 0.2788 0.7377 0.0000
vt 0.2732 0.7323 0.0000
vt 0.1594 0.8629 0.0000
vt 0.1224 0.8241 0.0000
vt 0.1079 0.7853 0.0000
vt 0.1408 0.8258 0.0000
vt 0.1087 0.7847 0.0000
vt 0.1525 0.7862 0.0000
vt 0.1853 0.8220 0.0000
vt 0.1415 0.8252 0.0000
vt 0.1125 0.7819 0.0000
vt 0.1117 0.7825 0.0000
vt 0.1406 0.8473 0.0000
vt 0.1054 0.8066 0.0000
vt 0.1224 0.8242 0.0000
vt 0.1273 0.8200 0.0000
vt 0.1272 0.8200 0.0000
vt 0.1541 0.7849 0.0000
vt 0.1104 0.8027 0.0000
vt 0.1059 0.7726 0.0000
vt 0.1474 0.7766 0.0000
vt 0.1051 0.7732 0.0000
vt 0.1198 0.8111 0.0000
vt 0.1197 0.8111 0.0000
vt 0.1034 0.7934 0.0000
vt 0.1052 0.8067 0.0000
vt 0.1051 0.8067 0.0000
vt 0.0980 0.7973 0.0000
vt 0.0981 0.7973 0.0000
vt 0.1033 0.7934 0.0000
vt 0.1783 0.7651 0.0000
vt 0.1721 0.7574 0.0000
vt 0.1964 0.7503 0.0000
vt 0.2101 0.7390 0.0000
vt 0.1905 0.7430 0.0000
vt 0.2045 0.7320 0.0000
vt 0.2117 0.7377 0.0000
vt 0.2062 0.7308 0.0000
vt 0.2136 0.7362 0.0000
vt 0.2080 0.7293 0.0000
vt 0.2386 0.7156 0.0000
vt 0.2336 0.7093 0.0000
vt 0.2463 0.7093 0.0000
vt 0.2414 0.7032 0.0000
vt 0.2496 0.7065 0.0000
vt 0.2447 0.7005 0.0000
vt 0.1012 0.7758 0.0000
vt 0.1149 0.8151 0.0000
vt 0.0832 0.7719 0.0000
vt 0.0739 0.7313 0.0000
vt 0.0748 0.7309 0.0000
vt 0.1180 0.7381 0.0000
vt 0.1458 0.7779 0.0000
vt 0.1020 0.7753 0.0000
vt 0.0789 0.7286 0.0000
vt 0.0780 0.7291 0.0000
vt 0.1148 0.8151 0.0000
vt 0.0982 0.7972 0.0000
vt 0.0687 0.7523 0.0000
vt 0.0885 0.7684 0.0000
vt 0.0886 0.7684 0.0000
vt 0.1197 0.7370 0.0000
vt 0.0742 0.7491 0.0000
vt 0.1142 0.7279 0.0000
vt 0.0736 0.7186 0.0000
vt 0.0727 0.7190 0.0000
vt 0.0823 0.7585 0.0000
vt 0.0684 0.7389 0.0000
vt 0.0684 0.7524 0.0000
vt 0.0685 0.7524 0.0000
vt 0.0626 0.7421 0.0000
vt 0.0625 0.7421 0.0000
vt 0.0741 0.7491 0.0000
vt 0.0683 0.7389 0.0000
vt 0.1463 0.7206 0.0000
vt 0.1412 0.7121 0.0000
vt 0.1813 0.6988 0.0000
vt 0.1662 0.7082 0.0000
vt 0.1614 0.7002 0.0000
vt 0.1767 0.6912 0.0000
vt 0.1831 0.6977 0.0000
vt 0.1785 0.6901 0.0000
vt 0.1851 0.6965 0.0000
vt 0.1805 0.6889 0.0000
vt 0.2126 0.6793 0.0000
vt 0.2084 0.6724 0.0000
vt 0.2210 0.6741 0.0000
vt 0.2170 0.6674 0.0000
vt 0.2247 0.6718 0.0000
vt 0.2207 0.6652 0.0000
vt 0.0769 0.7619 0.0000
vt 0.0512 0.7149 0.0000
vt 0.0473 0.6734 0.0000
vt 0.0685 0.7211 0.0000
vt 0.0482 0.6731 0.0000
vt 0.0901 0.6859 0.0000
vt 0.1125 0.7290 0.0000
vt 0.0694 0.7207 0.0000
vt 0.0517 0.6717 0.0000
vt 0.0526 0.6714 0.0000
vt 0.0628 0.7420 0.0000
vt 0.0393 0.6936 0.0000
vt 0.0570 0.7121 0.0000
vt 0.0569 0.7121 0.0000
vt 0.0920 0.6850 0.0000
vt 0.0452 0.6911 0.0000
vt 0.0487 0.6607 0.0000
vt 0.0877 0.6753 0.0000
vt 0.0477 0.6610 0.0000
vt 0.0521 0.7015 0.0000
vt 0.0520 0.7015 0.0000
vt 0.0408 0.6803 0.0000
vt 0.0391 0.6937 0.0000
vt 0.0390 0.6937 0.0000
vt 0.0347 0.6827 0.0000
vt 0.0346 0.6827 0.0000
vt 0.0451 0.6911 0.0000
vt 0.0407 0.6803 0.0000
vt 0.1205 0.6722 0.0000
vt 0.1165 0.6631 0.0000
vt 0.1580 0.6552 0.0000
vt 0.1418 0.6625 0.0000
vt 0.1380 0.6540 0.0000
vt 0.1544 0.6470 0.0000
vt 0.1599 0.6544 0.0000
vt 0.1563 0.6462 0.0000
vt 0.1621 0.6534 0.0000
vt 0.1585 0.6453 0.0000
vt 0.1916 0.6400 0.0000
vt 0.1884 0.6326 0.0000
vt 0.2006 0.6359 0.0000
vt 0.1975 0.6287 0.0000
vt 0.2046 0.6341 0.0000
vt 0.2014 0.6270 0.0000
vt 0.0433 0.6626 0.0000
vt 0.0463 0.7042 0.0000
vt 0.0270 0.6542 0.0000
vt 0.0284 0.6125 0.0000
vt 0.0693 0.6305 0.0000
vt 0.0858 0.6761 0.0000
vt 0.0442 0.6623 0.0000
vt 0.0294 0.6123 0.0000
vt 0.0330 0.6114 0.0000
vt 0.0340 0.6112 0.0000
vt 0.0179 0.6316 0.0000
vt 0.0269 0.6542 0.0000
vt 0.0462 0.7042 0.0000
vt 0.0349 0.6826 0.0000
vt 0.0330 0.6522 0.0000
vt 0.0712 0.6299 0.0000
vt 0.0241 0.6299 0.0000
vt 0.0683 0.6196 0.0000
vt 0.0315 0.6001 0.0000
vt 0.0305 0.6003 0.0000
vt 0.0295 0.6411 0.0000
vt 0.0211 0.6186 0.0000
vt 0.0176 0.6316 0.0000
vt 0.0177 0.6316 0.0000
vt 0.0147 0.6201 0.0000
vt 0.0147 0.6202 0.0000
vt 0.0240 0.6299 0.0000
vt 0.1012 0.6208 0.0000
vt 0.0984 0.6113 0.0000
vt 0.1236 0.6141 0.0000
vt 0.1407 0.6089 0.0000
vt 0.1210 0.6051 0.0000
vt 0.1382 0.6003 0.0000
vt 0.1426 0.6083 0.0000
vt 0.1401 0.5998 0.0000
vt 0.1449 0.6076 0.0000
vt 0.1424 0.5991 0.0000
vt 0.1759 0.5982 0.0000
vt 0.1737 0.5905 0.0000
vt 0.1854 0.5954 0.0000
vt 0.1832 0.5878 0.0000
vt 0.1895 0.5941 0.0000
vt 0.1874 0.5867 0.0000
vt 0.0108 0.5908 0.0000
vt 0.0178 0.5497 0.0000
vt 0.0259 0.6013 0.0000
vt 0.0234 0.6429 0.0000
vt 0.0663 0.6202 0.0000
vt 0.0269 0.6011 0.0000
vt 0.0188 0.5496 0.0000
vt 0.0559 0.5728 0.0000
vt 0.0225 0.5492 0.0000
vt 0.0235 0.5491 0.0000
vt 0.0150 0.6201 0.0000
vt 0.0049 0.5673 0.0000
vt 0.0108 0.5909 0.0000
vt 0.0170 0.5897 0.0000
vt 0.0171 0.5897 0.0000
vt 0.0579 0.5724 0.0000
vt 0.0112 0.5664 0.0000
vt 0.0563 0.5619 0.0000
vt 0.0224 0.5378 0.0000
vt 0.0214 0.5378 0.0000
vt 0.0151 0.5782 0.0000
vt 0.0097 0.5548 0.0000
vt 0.0046 0.5673 0.0000
vt 0.0047 0.5673 0.0000
vt 0.0031 0.5555 0.0000
vt 0.0032 0.5555 0.0000
vt 0.0111 0.5664 0.0000
vt 0.0888 0.5674 0.0000
vt 0.0873 0.5576 0.0000
vt 0.1119 0.5636 0.0000
vt 0.1295 0.5607 0.0000
vt 0.1105 0.5544 0.0000
vt 0.1281 0.5519 0.0000
vt 0.1315 0.5604 0.0000
vt 0.1302 0.5516 0.0000
vt 0.1339 0.5600 0.0000
vt 0.1325 0.5513 0.0000
vt 0.1658 0.5548 0.0000
vt 0.1646 0.5468 0.0000
vt 0.1756 0.5532 0.0000
vt 0.1745 0.5454 0.0000
vt 0.1799 0.5525 0.0000
vt 0.1787 0.5448 0.0000
vt 0.7738 0.9158 0.0000
vt 0.8168 0.8839 0.0000
vt 0.7773 0.8982 0.0000
vt 0.7329 0.9258 0.0000
vt 0.7324 0.9250 0.0000
vt 0.7767 0.8974 0.0000
vt 0.7788 0.8539 0.0000
vt 0.7392 0.8819 0.0000
vt 0.7307 0.9216 0.0000
vt 0.7302 0.9208 0.0000
vt 0.8169 0.8839 0.0000
vt 0.7738 0.9157 0.0000
vt 0.7545 0.9302 0.0000
vt 0.7992 0.9003 0.0000
vt 0.7703 0.9104 0.0000
vt 0.7381 0.8802 0.0000
vt 0.7513 0.9247 0.0000
vt 0.7291 0.8858 0.0000
vt 0.7201 0.9262 0.0000
vt 0.7206 0.9270 0.0000
vt 0.7604 0.9167 0.0000
vt 0.7605 0.9167 0.0000
vt 0.7411 0.9305 0.0000
vt 0.7412 0.9305 0.0000
vt 0.7203 0.8521 0.0000
vt 0.7119 0.8572 0.0000
vt 0.6994 0.8190 0.0000
vt 0.6918 0.8237 0.0000
vt 0.6983 0.8173 0.0000
vt 0.6907 0.8219 0.0000
vt 0.6971 0.8152 0.0000
vt 0.7298 0.7921 0.0000
vt 0.6895 0.8198 0.0000
vt 0.6798 0.7878 0.0000
vt 0.6730 0.7920 0.0000
vt 0.6745 0.7794 0.0000
vt 0.6679 0.7835 0.0000
vt 0.6723 0.7757 0.0000
vt 0.6657 0.7797 0.0000
vt 0.7228 0.9312 0.0000
vt 0.6752 0.9527 0.0000
vt 0.7170 0.9481 0.0000
vt 0.7638 0.9221 0.0000
vt 0.7301 0.8875 0.0000
vt 0.6872 0.9101 0.0000
vt 0.6748 0.9519 0.0000
vt 0.7223 0.9304 0.0000
vt 0.6735 0.9483 0.0000
vt 0.6731 0.9475 0.0000
vt 0.6960 0.9598 0.0000
vt 0.7442 0.9361 0.0000
vt 0.7639 0.9221 0.0000
vt 0.7142 0.9423 0.0000
vt 0.6863 0.9083 0.0000
vt 0.6935 0.9540 0.0000
vt 0.6766 0.9126 0.0000
vt 0.6624 0.9515 0.0000
vt 0.6628 0.9523 0.0000
vt 0.7036 0.9473 0.0000
vt 0.7037 0.9473 0.0000
vt 0.6827 0.9584 0.0000
vt 0.6936 0.9539 0.0000
vt 0.6723 0.8780 0.0000
vt 0.6633 0.8821 0.0000
vt 0.6559 0.8425 0.0000
vt 0.6478 0.8461 0.0000
vt 0.6551 0.8407 0.0000
vt 0.6470 0.8443 0.0000
vt 0.6541 0.8385 0.0000
vt 0.6460 0.8421 0.0000
vt 0.6406 0.8090 0.0000
vt 0.6332 0.8123 0.0000
vt 0.6365 0.8000 0.0000
vt 0.6293 0.8032 0.0000
vt 0.6347 0.7960 0.0000
vt 0.6277 0.7991 0.0000
vt 0.6144 0.9719 0.0000
vt 0.6564 0.9727 0.0000
vt 0.7063 0.9531 0.0000
vt 0.6644 0.9568 0.0000
vt 0.6141 0.9710 0.0000
vt 0.6640 0.9559 0.0000
vt 0.6774 0.9145 0.0000
vt 0.6318 0.9312 0.0000
vt 0.6130 0.9664 0.0000
vt 0.6133 0.9673 0.0000
vt 0.6850 0.9643 0.0000
vt 0.6565 0.9727 0.0000
vt 0.6341 0.9815 0.0000
vt 0.6545 0.9666 0.0000
vt 0.6544 0.9666 0.0000
vt 0.6312 0.9293 0.0000
vt 0.6324 0.9754 0.0000
vt 0.6210 0.9323 0.0000
vt 0.6019 0.9689 0.0000
vt 0.6022 0.9698 0.0000
vt 0.6433 0.9702 0.0000
vt 0.6434 0.9702 0.0000
vt 0.6211 0.9784 0.0000
vt 0.6213 0.8975 0.0000
vt 0.6118 0.9003 0.0000
vt 0.6097 0.8601 0.0000
vt 0.6012 0.8627 0.0000
vt 0.6091 0.8582 0.0000
vt 0.6006 0.8607 0.0000
vt 0.6084 0.8559 0.0000
vt 0.6000 0.8584 0.0000
vt 0.5989 0.8249 0.0000
vt 0.5912 0.8272 0.0000
vt 0.5960 0.8154 0.0000
vt 0.5885 0.8177 0.0000
vt 0.5948 0.8112 0.0000
vt 0.5874 0.8134 0.0000
vt 0.5516 0.9829 0.0000
vt 0.5932 0.9891 0.0000
vt 0.6452 0.9763 0.0000
vt 0.6032 0.9745 0.0000
vt 0.5515 0.9820 0.0000
vt 0.6029 0.9736 0.0000
vt 0.6216 0.9343 0.0000
vt 0.5742 0.9449 0.0000
vt 0.5509 0.9773 0.0000
vt 0.5511 0.9782 0.0000
vt 0.6226 0.9846 0.0000
vt 0.5699 0.9950 0.0000
vt 0.5920 0.9829 0.0000
vt 0.5739 0.9429 0.0000
vt 0.5690 0.9887 0.0000
vt 0.5634 0.9446 0.0000
vt 0.5396 0.9784 0.0000
vt 0.5397 0.9793 0.0000
vt 0.5805 0.9849 0.0000
vt 0.5806 0.9849 0.0000
vt 0.5574 0.9902 0.0000
vt 0.5690 0.9886 0.0000
vt 0.5682 0.9101 0.0000
vt 0.5585 0.9117 0.0000
vt 0.5616 0.8716 0.0000
vt 0.5528 0.8730 0.0000
vt 0.5613 0.8696 0.0000
vt 0.5525 0.8710 0.0000
vt 0.5609 0.8672 0.0000
vt 0.5522 0.8686 0.0000
vt 0.5555 0.8352 0.0000
vt 0.5476 0.8365 0.0000
vt 0.5539 0.8255 0.0000
vt 0.5461 0.8267 0.0000
vt 0.5532 0.8211 0.0000
vt 0.5456 0.8223 0.0000
vt 0.4879 0.9856 0.0000
vt 0.5283 0.9972 0.0000
vt 0.5815 0.9912 0.0000
vt 0.5401 0.9840 0.0000
vt 0.4879 0.9847 0.0000
vt 0.5400 0.9831 0.0000
vt 0.5637 0.9466 0.0000
vt 0.5153 0.9510 0.0000
vt 0.4880 0.9799 0.0000
vt 0.4881 0.9809 0.0000
vt 0.5581 0.9965 0.0000
vt 0.5816 0.9912 0.0000
vt 0.5284 0.9972 0.0000
vt 0.5044 0.9999 0.0000
vt 0.5280 0.9908 0.0000
vt 0.5153 0.9489 0.0000
vt 0.5044 0.9935 0.0000
vt 0.5046 0.9492 0.0000
vt 0.4766 0.9795 0.0000
vt 0.4766 0.9805 0.0000
vt 0.5163 0.9913 0.0000
vt 0.5164 0.9913 0.0000
vt 0.4927 0.9935 0.0000
vt 0.5045 0.9935 0.0000
vt 0.4928 0.9935 0.0000
vt 0.5139 0.9157 0.0000
vt 0.5041 0.9159 0.0000
vt 0.5125 0.8766 0.0000
vt 0.5035 0.8768 0.0000
vt 0.5124 0.8746 0.0000
vt 0.5035 0.8748 0.0000
vt 0.5123 0.8722 0.0000
vt 0.5035 0.8724 0.0000
vt 0.5112 0.8398 0.0000
vt 0.5031 0.8400 0.0000
vt 0.5108 0.8299 0.0000
vt 0.5030 0.8301 0.0000
vt 0.5107 0.8255 0.0000
vt 0.5030 0.8257 0.0000
vt 0.4245 0.9799 0.0000
vt 0.4630 0.9966 0.0000
vt 0.5165 0.9977 0.0000
vt 0.4764 0.9852 0.0000
vt 0.4245 0.9790 0.0000
vt 0.4764 0.9842 0.0000
vt 0.5046 0.9512 0.0000
vt 0.4561 0.9492 0.0000
vt 0.4253 0.9743 0.0000
vt 0.4252 0.9752 0.0000
vt 0.4926 0.9998 0.0000
vt 0.5166 0.9977 0.0000
vt 0.4389 0.9962 0.0000
vt 0.4634 0.9903 0.0000
vt 0.4635 0.9903 0.0000
vt 0.4563 0.9472 0.0000
vt 0.4397 0.9898 0.0000
vt 0.4457 0.9461 0.0000
vt 0.4140 0.9724 0.0000
vt 0.4139 0.9734 0.0000
vt 0.4518 0.9893 0.0000
vt 0.4519 0.9893 0.0000
vt 0.4281 0.9883 0.0000
vt 0.4398 0.9898 0.0000
vt 0.4282 0.9883 0.0000
vt 0.4594 0.9141 0.0000
vt 0.4496 0.9130 0.0000
vt 0.4630 0.8752 0.0000
vt 0.4541 0.8742 0.0000
vt 0.4632 0.8731 0.0000
vt 0.4544 0.8722 0.0000
vt 0.4635 0.8708 0.0000
vt 0.4547 0.8698 0.0000
vt 0.4666 0.8385 0.0000
vt 0.4586 0.8376 0.0000
vt 0.4675 0.8286 0.0000
vt 0.4597 0.8278 0.0000
vt 0.4680 0.8242 0.0000
vt 0.4603 0.8234 0.0000
vt 0.4512 0.9956 0.0000
vt 0.4131 0.9780 0.0000
vt 0.3623 0.9660 0.0000
vt 0.3982 0.9876 0.0000
vt 0.3977 0.9398 0.0000
vt 0.3625 0.9651 0.0000
vt 0.4132 0.9771 0.0000
vt 0.4455 0.9481 0.0000
vt 0.3638 0.9606 0.0000
vt 0.3636 0.9615 0.0000
vt 0.3983 0.9876 0.0000
vt 0.3745 0.9839 0.0000
vt 0.4272 0.9946 0.0000
vt 0.3995 0.9813 0.0000
vt 0.3996 0.9813 0.0000
vt 0.3982 0.9378 0.0000
vt 0.3761 0.9777 0.0000
vt 0.3878 0.9352 0.0000
vt 0.3529 0.9572 0.0000
vt 0.3527 0.9581 0.0000
vt 0.3882 0.9788 0.0000
vt 0.3648 0.9747 0.0000
vt 0.3762 0.9777 0.0000
vt 0.3649 0.9746 0.0000
vt 0.4055 0.9053 0.0000
vt 0.3959 0.9030 0.0000
vt 0.4142 0.8672 0.0000
vt 0.4055 0.8651 0.0000
vt 0.4147 0.8653 0.0000
vt 0.4060 0.8632 0.0000
vt 0.4152 0.8629 0.0000
vt 0.4066 0.8608 0.0000
vt 0.4225 0.8313 0.0000
vt 0.4147 0.8294 0.0000
vt 0.4248 0.8217 0.0000
vt 0.4172 0.8198 0.0000
vt 0.4259 0.8174 0.0000
vt 0.4183 0.8155 0.0000
vt 0.3024 0.9440 0.0000
vt 0.3353 0.9701 0.0000
vt 0.3867 0.9850 0.0000
vt 0.3512 0.9626 0.0000
vt 0.3027 0.9432 0.0000
vt 0.3515 0.9617 0.0000
vt 0.3873 0.9372 0.0000
vt 0.3410 0.9227 0.0000
vt 0.3047 0.9389 0.0000
vt 0.3043 0.9397 0.0000
vt 0.3631 0.9808 0.0000
vt 0.3868 0.9850 0.0000
vt 0.3122 0.9633 0.0000
vt 0.3374 0.9641 0.0000
vt 0.3417 0.9208 0.0000
vt 0.3146 0.9574 0.0000
vt 0.2943 0.9341 0.0000
vt 0.3318 0.9169 0.0000
vt 0.2940 0.9350 0.0000
vt 0.3264 0.9601 0.0000
vt 0.3265 0.9601 0.0000
vt 0.3038 0.9529 0.0000
vt 0.3147 0.9574 0.0000
vt 0.3039 0.9529 0.0000
vt 0.3532 0.8896 0.0000
vt 0.3440 0.8861 0.0000
vt 0.3669 0.8530 0.0000
vt 0.3585 0.8498 0.0000
vt 0.3676 0.8511 0.0000
vt 0.3593 0.8479 0.0000
vt 0.3684 0.8489 0.0000
vt 0.3602 0.8457 0.0000
vt 0.3798 0.8185 0.0000
vt 0.3723 0.8156 0.0000
vt 0.3833 0.8092 0.0000
vt 0.3760 0.8064 0.0000
vt 0.3849 0.8051 0.0000
vt 0.3777 0.8023 0.0000
vt 0.2460 0.9144 0.0000
vt 0.2751 0.9445 0.0000
vt 0.3242 0.9660 0.0000
vt 0.2920 0.9392 0.0000
vt 0.2464 0.9136 0.0000
vt 0.2923 0.9384 0.0000
vt 0.3310 0.9188 0.0000
vt 0.2870 0.8984 0.0000
vt 0.2489 0.9096 0.0000
vt 0.2484 0.9104 0.0000
vt 0.3013 0.9587 0.0000
vt 0.2752 0.9445 0.0000
vt 0.2532 0.9347 0.0000
vt 0.2780 0.9388 0.0000
vt 0.2781 0.9388 0.0000
vt 0.2880 0.8966 0.0000
vt 0.2563 0.9292 0.0000
vt 0.2392 0.9035 0.0000
vt 0.2786 0.8914 0.0000
vt 0.2388 0.9043 0.0000
vt 0.2677 0.9334 0.0000
vt 0.2462 0.9233 0.0000
vt 0.2564 0.9292 0.0000
vt 0.3035 0.8672 0.0000
vt 0.2948 0.8625 0.0000
vt 0.3218 0.8327 0.0000
vt 0.3140 0.8284 0.0000
vt 0.3227 0.8309 0.0000
vt 0.3149 0.8266 0.0000
vt 0.3239 0.8288 0.0000
vt 0.3161 0.8245 0.0000
vt 0.3392 0.8002 0.0000
vt 0.3321 0.7963 0.0000
vt 0.3438 0.7914 0.0000
vt 0.3370 0.7876 0.0000
vt 0.3460 0.7875 0.0000
vt 0.3392 0.7838 0.0000
vt 0.1939 0.8777 0.0000
vt 0.2189 0.9113 0.0000
vt 0.2647 0.9390 0.0000
vt 0.2362 0.9083 0.0000
vt 0.1944 0.8770 0.0000
vt 0.2367 0.9075 0.0000
vt 0.2776 0.8932 0.0000
vt 0.2367 0.8672 0.0000
vt 0.1974 0.8733 0.0000
vt 0.1969 0.8740 0.0000
vt 0.2429 0.9288 0.0000
vt 0.1983 0.8987 0.0000
vt 0.2225 0.9060 0.0000
vt 0.2379 0.8655 0.0000
vt 0.2022 0.8936 0.0000
vt 0.1886 0.8660 0.0000
vt 0.2293 0.8592 0.0000
vt 0.1881 0.8667 0.0000
vt 0.2129 0.8993 0.0000
vt 0.2130 0.8993 0.0000
vt 0.1929 0.8864 0.0000
vt 0.2023 0.8936 0.0000
vt 0.1930 0.8864 0.0000
vt 0.2571 0.8385 0.0000
vt 0.2491 0.8326 0.0000
vt 0.2798 0.8066 0.0000
vt 0.2726 0.8014 0.0000
vt 0.2809 0.8050 0.0000
vt 0.2738 0.7997 0.0000
vt 0.2824 0.8030 0.0000
vt 0.2752 0.7978 0.0000
vt 0.3013 0.7767 0.0000
vt 0.2947 0.7719 0.0000
vt 0.3070 0.7686 0.0000
vt 0.3007 0.7640 0.0000
vt 0.3097 0.7650 0.0000
vt 0.3034 0.7604 0.0000
vt 0.1471 0.8344 0.0000
vt 0.1674 0.8709 0.0000
vt 0.2092 0.9045 0.0000
vt 0.1850 0.8703 0.0000
vt 0.1477 0.8338 0.0000
vt 0.1856 0.8696 0.0000
vt 0.2281 0.8609 0.0000
vt 0.1909 0.8297 0.0000
vt 0.1505 0.8312 0.0000
vt 0.1511 0.8305 0.0000
vt 0.1487 0.8557 0.0000
vt 0.1890 0.8914 0.0000
vt 0.1675 0.8709 0.0000
vt 0.1717 0.8662 0.0000
vt 0.1923 0.8282 0.0000
vt 0.1532 0.8512 0.0000
vt 0.1434 0.8222 0.0000
vt 0.1846 0.8208 0.0000
vt 0.1428 0.8228 0.0000
vt 0.1631 0.8583 0.0000
vt 0.1450 0.8429 0.0000
vt 0.1533 0.8512 0.0000
vt 0.1451 0.8429 0.0000
vt 0.2149 0.8039 0.0000
vt 0.2077 0.7971 0.0000
vt 0.2415 0.7753 0.0000
vt 0.2351 0.7691 0.0000
vt 0.2429 0.7738 0.0000
vt 0.2365 0.7677 0.0000
vt 0.2445 0.7721 0.0000
vt 0.2382 0.7660 0.0000
vt 0.2667 0.7484 0.0000
vt 0.2609 0.7428 0.0000
vt 0.2735 0.7411 0.0000
vt 0.2679 0.7357 0.0000
vt 0.2766 0.7379 0.0000
vt 0.2710 0.7326 0.0000
vt 0.1393 0.8260 0.0000
vt 0.1063 0.7854 0.0000
vt 0.1217 0.8242 0.0000
vt 0.1587 0.8630 0.0000
vt 0.1070 0.7849 0.0000
vt 0.1399 0.8254 0.0000
vt 0.1831 0.8223 0.0000
vt 0.1504 0.7865 0.0000
vt 0.1108 0.7821 0.0000
vt 0.1102 0.7826 0.0000
vt 0.1404 0.8473 0.0000
vt 0.1588 0.8629 0.0000
vt 0.1218 0.8242 0.0000
vt 0.1266 0.8201 0.0000
vt 0.1520 0.7852 0.0000
vt 0.1102 0.8028 0.0000
vt 0.1043 0.7728 0.0000
vt 0.1453 0.7769 0.0000
vt 0.1036 0.7733 0.0000
vt 0.1191 0.8111 0.0000
vt 0.1031 0.7934 0.0000
vt 0.1103 0.8028 0.0000
vt 0.1032 0.7934 0.0000
vt 0.1775 0.7641 0.0000
vt 0.1714 0.7564 0.0000
vt 0.2077 0.7393 0.0000
vt 0.2021 0.7323 0.0000
vt 0.2093 0.7380 0.0000
vt 0.2037 0.7310 0.0000
vt 0.2111 0.7364 0.0000
vt 0.2056 0.7296 0.0000
vt 0.2362 0.7159 0.0000
vt 0.2312 0.7096 0.0000
vt 0.2439 0.7096 0.0000
vt 0.2390 0.7034 0.0000
vt 0.2474 0.7068 0.0000
vt 0.2425 0.7007 0.0000
vt 0.0997 0.7760 0.0000
vt 0.0724 0.7315 0.0000
vt 0.0825 0.7719 0.0000
vt 0.1141 0.8152 0.0000
vt 0.0731 0.7311 0.0000
vt 0.1004 0.7755 0.0000
vt 0.1437 0.7781 0.0000
vt 0.1159 0.7383 0.0000
vt 0.0773 0.7288 0.0000
vt 0.0765 0.7292 0.0000
vt 0.0980 0.7972 0.0000
vt 0.1142 0.8152 0.0000
vt 0.0826 0.7719 0.0000
vt 0.0684 0.7523 0.0000
vt 0.0879 0.7685 0.0000
vt 0.0879 0.7684 0.0000
vt 0.1176 0.7373 0.0000
vt 0.0739 0.7491 0.0000
vt 0.0720 0.7187 0.0000
vt 0.1121 0.7281 0.0000
vt 0.0712 0.7192 0.0000
vt 0.0816 0.7586 0.0000
vt 0.0817 0.7586 0.0000
vt 0.0681 0.7389 0.0000
vt 0.0740 0.7491 0.0000
vt 0.0682 0.7389 0.0000
vt 0.1457 0.7197 0.0000
vt 0.1406 0.7113 0.0000
vt 0.1789 0.6991 0.0000
vt 0.1743 0.6914 0.0000
vt 0.1806 0.6980 0.0000
vt 0.1760 0.6904 0.0000
vt 0.1827 0.6967 0.0000
vt 0.1781 0.6892 0.0000
vt 0.2102 0.6796 0.0000
vt 0.2061 0.6727 0.0000
vt 0.2187 0.6744 0.0000
vt 0.2146 0.6677 0.0000
vt 0.2225 0.6720 0.0000
vt 0.2185 0.6654 0.0000
vt 0.0670 0.7213 0.0000
vt 0.0457 0.6736 0.0000
vt 0.0505 0.7150 0.0000
vt 0.0762 0.7620 0.0000
vt 0.0465 0.6733 0.0000
vt 0.0677 0.7209 0.0000
vt 0.1103 0.7292 0.0000
vt 0.0880 0.6861 0.0000
vt 0.0509 0.6716 0.0000
vt 0.0501 0.6719 0.0000
vt 0.0626 0.7420 0.0000
vt 0.0762 0.7619 0.0000
vt 0.0506 0.7149 0.0000
vt 0.0391 0.6936 0.0000
vt 0.0563 0.7122 0.0000
vt 0.0898 0.6853 0.0000
vt 0.0450 0.6912 0.0000
vt 0.0470 0.6609 0.0000
vt 0.0856 0.6755 0.0000
vt 0.0462 0.6612 0.0000
vt 0.0513 0.7016 0.0000
vt 0.0514 0.7016 0.0000
vt 0.0406 0.6803 0.0000
vt 0.1200 0.6716 0.0000
vt 0.1161 0.6625 0.0000
vt 0.1556 0.6555 0.0000
vt 0.1520 0.6473 0.0000
vt 0.1574 0.6546 0.0000
vt 0.1539 0.6465 0.0000
vt 0.1596 0.6536 0.0000
vt 0.1561 0.6455 0.0000
vt 0.1892 0.6403 0.0000
vt 0.1860 0.6329 0.0000
vt 0.1983 0.6362 0.0000
vt 0.1951 0.6290 0.0000
vt 0.2023 0.6343 0.0000
vt 0.1992 0.6273 0.0000
vt 0.0417 0.6628 0.0000
vt 0.0269 0.6127 0.0000
vt 0.0262 0.6543 0.0000
vt 0.0455 0.7042 0.0000
vt 0.0672 0.6307 0.0000
vt 0.0278 0.6125 0.0000
vt 0.0426 0.6625 0.0000
vt 0.0837 0.6763 0.0000
vt 0.0323 0.6114 0.0000
vt 0.0315 0.6116 0.0000
vt 0.0346 0.6826 0.0000
vt 0.0456 0.7042 0.0000
vt 0.0263 0.6543 0.0000
vt 0.0323 0.6523 0.0000
vt 0.0691 0.6301 0.0000
vt 0.0239 0.6299 0.0000
vt 0.0662 0.6199 0.0000
vt 0.0298 0.6003 0.0000
vt 0.0290 0.6005 0.0000
vt 0.0288 0.6412 0.0000
vt 0.0289 0.6412 0.0000
vt 0.0209 0.6186 0.0000
vt 0.0210 0.6186 0.0000
vt 0.1008 0.6205 0.0000
vt 0.0981 0.6110 0.0000
vt 0.1382 0.6092 0.0000
vt 0.1357 0.6006 0.0000
vt 0.1401 0.6086 0.0000
vt 0.1377 0.6000 0.0000
vt 0.1425 0.6079 0.0000
vt 0.1400 0.5994 0.0000
vt 0.1735 0.5985 0.0000
vt 0.1713 0.5907 0.0000
vt 0.1830 0.5956 0.0000
vt 0.1809 0.5881 0.0000
vt 0.1873 0.5943 0.0000
vt 0.1852 0.5869 0.0000
vt 0.0162 0.5499 0.0000
vt 0.0101 0.5909 0.0000
vt 0.0227 0.6430 0.0000
vt 0.0244 0.6014 0.0000
vt 0.0171 0.5498 0.0000
vt 0.0252 0.6013 0.0000
vt 0.0642 0.6204 0.0000
vt 0.0538 0.5730 0.0000
vt 0.0218 0.5493 0.0000
vt 0.0209 0.5494 0.0000
vt 0.0228 0.6430 0.0000
vt 0.0102 0.5909 0.0000
vt 0.0164 0.5898 0.0000
vt 0.0558 0.5727 0.0000
vt 0.0109 0.5665 0.0000
vt 0.0542 0.5621 0.0000
vt 0.0208 0.5379 0.0000
vt 0.0199 0.5380 0.0000
vt 0.0144 0.5783 0.0000
vt 0.0095 0.5548 0.0000
vt 0.0110 0.5664 0.0000
vt 0.0096 0.5548 0.0000
vt 0.0885 0.5673 0.0000
vt 0.0870 0.5576 0.0000
vt 0.1270 0.5610 0.0000
vt 0.1257 0.5522 0.0000
vt 0.1290 0.5607 0.0000
vt 0.1277 0.5519 0.0000
vt 0.1314 0.5603 0.0000
vt 0.1301 0.5515 0.0000
vt 0.1635 0.5550 0.0000
vt 0.1622 0.5471 0.0000
vt 0.1733 0.5534 0.0000
vt 0.1721 0.5457 0.0000
vt 0.1777 0.5527 0.0000
vt 0.1765 0.5451 0.0000
vt 0.0929 0.5658 0.0000
vt 0.0882 0.5216 0.0000
vt 0.1025 0.5208 0.0000
vt 0.1071 0.5635 0.0000
vt 0.0878 0.5118 0.0000
vt 0.1021 0.5114 0.0000
vt 0.0889 0.4673 0.0000
vt 0.1032 0.4684 0.0000
vt 0.0898 0.4575 0.0000
vt 0.1040 0.4590 0.0000
vt 0.1107 0.4166 0.0000
vt 0.0967 0.4136 0.0000
vt 0.1128 0.4073 0.0000
vt 0.0989 0.4040 0.0000
vt 0.1115 0.3613 0.0000
vt 0.1250 0.3661 0.0000
vt 0.1149 0.3521 0.0000
vt 0.1283 0.3572 0.0000
vt 0.1330 0.3115 0.0000
vt 0.1458 0.3180 0.0000
vt 0.1376 0.3028 0.0000
vt 0.1502 0.3096 0.0000
vt 0.1609 0.2649 0.0000
vt 0.1726 0.2730 0.0000
vt 0.1665 0.2569 0.0000
vt 0.1781 0.2653 0.0000
vt 0.2052 0.2319 0.0000
vt 0.1946 0.2223 0.0000
vt 0.2116 0.2250 0.0000
vt 0.2012 0.2151 0.0000
vt 0.2335 0.1846 0.0000
vt 0.2428 0.1955 0.0000
vt 0.2411 0.1783 0.0000
vt 0.2501 0.1894 0.0000
vt 0.2771 0.1522 0.0000
vt 0.2849 0.1642 0.0000
vt 0.2855 0.1470 0.0000
vt 0.2929 0.1592 0.0000
vt 0.3246 0.1259 0.0000
vt 0.3307 0.1388 0.0000
vt 0.3335 0.1218 0.0000
vt 0.3394 0.1349 0.0000
vt 0.3795 0.1196 0.0000
vt 0.3751 0.1060 0.0000
vt 0.3885 0.1168 0.0000
vt 0.3845 0.1031 0.0000
vt 0.4278 0.0929 0.0000
vt 0.4303 0.1069 0.0000
vt 0.4375 0.0912 0.0000
vt 0.4397 0.1053 0.0000
vt 0.4817 0.0867 0.0000
vt 0.4824 0.1010 0.0000
vt 0.4915 0.0864 0.0000
vt 0.4919 0.1007 0.0000
vt 0.5360 0.0878 0.0000
vt 0.5348 0.1020 0.0000
vt 0.5458 0.0887 0.0000
vt 0.5442 0.1029 0.0000
vt 0.5866 0.1098 0.0000
vt 0.5897 0.0959 0.0000
vt 0.5959 0.1120 0.0000
vt 0.5992 0.0981 0.0000
vt 0.6418 0.1109 0.0000
vt 0.6370 0.1244 0.0000
vt 0.6510 0.1144 0.0000
vt 0.6459 0.1277 0.0000
vt 0.6915 0.1327 0.0000
vt 0.6850 0.1454 0.0000
vt 0.7002 0.1373 0.0000
vt 0.6933 0.1498 0.0000
vt 0.7380 0.1608 0.0000
vt 0.7298 0.1725 0.0000
vt 0.7460 0.1665 0.0000
vt 0.7375 0.1780 0.0000
vt 0.7707 0.2053 0.0000
vt 0.7804 0.1947 0.0000
vt 0.7776 0.2118 0.0000
vt 0.7875 0.2014 0.0000
vt 0.8179 0.2339 0.0000
vt 0.8070 0.2431 0.0000
vt 0.8241 0.2415 0.0000
vt 0.8130 0.2504 0.0000
vt 0.8500 0.2777 0.0000
vt 0.8380 0.2854 0.0000
vt 0.8552 0.2860 0.0000
vt 0.8430 0.2934 0.0000
vt 0.8761 0.3253 0.0000
vt 0.8632 0.3313 0.0000
vt 0.8801 0.3343 0.0000
vt 0.8671 0.3400 0.0000
vt 0.8957 0.3759 0.0000
vt 0.8821 0.3802 0.0000
vt 0.8986 0.3853 0.0000
vt 0.8849 0.3893 0.0000
vt 0.9086 0.4287 0.0000
vt 0.8945 0.4311 0.0000
vt 0.9101 0.4384 0.0000
vt 0.8960 0.4405 0.0000
vt 0.9001 0.4832 0.0000
vt 0.9144 0.4826 0.0000
vt 0.9147 0.4925 0.0000
vt 0.9004 0.4927 0.0000
vt 0.9131 0.5369 0.0000
vt 0.8989 0.5356 0.0000
vt 0.8979 0.5451 0.0000
vt 0.9121 0.5467 0.0000
vt 0.9047 0.5905 0.0000
vt 0.8908 0.5874 0.0000
vt 0.8886 0.5966 0.0000
vt 0.9024 0.6001 0.0000
vt 0.8893 0.6426 0.0000
vt 0.8760 0.6377 0.0000
vt 0.8726 0.6465 0.0000
vt 0.8858 0.6518 0.0000
vt 0.8673 0.6922 0.0000
vt 0.8547 0.6856 0.0000
vt 0.8502 0.6939 0.0000
vt 0.8626 0.7009 0.0000
vt 0.8273 0.7303 0.0000
vt 0.8390 0.7385 0.0000
vt 0.8332 0.7465 0.0000
vt 0.8218 0.7380 0.0000
vt 0.8048 0.7807 0.0000
vt 0.7943 0.7710 0.0000
vt 0.7980 0.7878 0.0000
vt 0.7878 0.7779 0.0000
vt 0.7654 0.8181 0.0000
vt 0.7563 0.8071 0.0000
vt 0.7578 0.8242 0.0000
vt 0.7489 0.8130 0.0000
vt 0.7215 0.8499 0.0000
vt 0.7139 0.8378 0.0000
vt 0.7131 0.8551 0.0000
vt 0.7058 0.8428 0.0000
vt 0.6737 0.8758 0.0000
vt 0.6678 0.8628 0.0000
vt 0.6648 0.8798 0.0000
vt 0.6591 0.8666 0.0000
vt 0.6230 0.8951 0.0000
vt 0.6188 0.8815 0.0000
vt 0.6097 0.8841 0.0000
vt 0.6136 0.8979 0.0000
vt 0.5702 0.9077 0.0000
vt 0.5678 0.8936 0.0000
vt 0.5605 0.9092 0.0000
vt 0.5585 0.8951 0.0000
vt 0.5162 0.9132 0.0000
vt 0.5157 0.8989 0.0000
vt 0.5062 0.8991 0.0000
vt 0.5064 0.9134 0.0000
vt 0.4633 0.8974 0.0000
vt 0.4619 0.9116 0.0000
vt 0.4522 0.9106 0.0000
vt 0.4539 0.8964 0.0000
vt 0.4116 0.8890 0.0000
vt 0.4084 0.9029 0.0000
vt 0.3988 0.9006 0.0000
vt 0.4024 0.8868 0.0000
vt 0.3564 0.8873 0.0000
vt 0.3614 0.8739 0.0000
vt 0.3526 0.8705 0.0000
vt 0.3472 0.8837 0.0000
vt 0.3069 0.8650 0.0000
vt 0.3136 0.8524 0.0000
vt 0.2983 0.8603 0.0000
vt 0.3053 0.8478 0.0000
vt 0.2607 0.8364 0.0000
vt 0.2691 0.8248 0.0000
vt 0.2528 0.8306 0.0000
vt 0.2614 0.8192 0.0000
vt 0.2187 0.8020 0.0000
vt 0.2285 0.7916 0.0000
vt 0.2117 0.7952 0.0000
vt 0.2217 0.7850 0.0000
vt 0.1816 0.7624 0.0000
vt 0.1927 0.7533 0.0000
vt 0.1755 0.7547 0.0000
vt 0.1868 0.7459 0.0000
vt 0.1500 0.7183 0.0000
vt 0.1622 0.7107 0.0000
vt 0.1572 0.7026 0.0000
vt 0.1449 0.7099 0.0000
vt 0.1244 0.6704 0.0000
vt 0.1375 0.6645 0.0000
vt 0.1205 0.6614 0.0000
vt 0.1337 0.6558 0.0000
vt 0.1053 0.6196 0.0000
vt 0.1190 0.6154 0.0000
vt 0.1026 0.6101 0.0000
vt 0.1164 0.6063 0.0000
vt 0.0931 0.5667 0.0000
vt 0.1072 0.5644 0.0000
vt 0.0916 0.5570 0.0000
vt 0.1058 0.5550 0.0000
vt 0.0856 0.5217 0.0000
vt 0.0904 0.5662 0.0000
vt 0.0852 0.5119 0.0000
vt 0.1048 0.5207 0.0000
vt 0.1093 0.5632 0.0000
vt 0.1044 0.5113 0.0000
vt 0.0863 0.4671 0.0000
vt 0.0872 0.4573 0.0000
vt 0.1055 0.4686 0.0000
vt 0.1063 0.4592 0.0000
vt 0.0942 0.4130 0.0000
vt 0.0964 0.4034 0.0000
vt 0.1130 0.4170 0.0000
vt 0.1151 0.4078 0.0000
vt 0.1091 0.3605 0.0000
vt 0.1125 0.3512 0.0000
vt 0.1272 0.3669 0.0000
vt 0.1304 0.3581 0.0000
vt 0.1307 0.3103 0.0000
vt 0.1353 0.3016 0.0000
vt 0.1478 0.3190 0.0000
vt 0.1522 0.3107 0.0000
vt 0.1587 0.2634 0.0000
vt 0.1644 0.2554 0.0000
vt 0.1745 0.2743 0.0000
vt 0.1800 0.2666 0.0000
vt 0.1926 0.2206 0.0000
vt 0.1994 0.2134 0.0000
vt 0.2069 0.2335 0.0000
vt 0.2133 0.2266 0.0000
vt 0.2319 0.1826 0.0000
vt 0.2395 0.1763 0.0000
vt 0.2443 0.1972 0.0000
vt 0.2516 0.1912 0.0000
vt 0.2757 0.1501 0.0000
vt 0.2841 0.1448 0.0000
vt 0.2862 0.1662 0.0000
vt 0.2941 0.1612 0.0000
vt 0.3235 0.1235 0.0000
vt 0.3325 0.1194 0.0000
vt 0.3317 0.1409 0.0000
vt 0.3403 0.1370 0.0000
vt 0.3743 0.1035 0.0000
vt 0.3838 0.1006 0.0000
vt 0.3802 0.1218 0.0000
vt 0.3892 0.1190 0.0000
vt 0.4273 0.0903 0.0000
vt 0.4371 0.0887 0.0000
vt 0.4308 0.1092 0.0000
vt 0.4401 0.1076 0.0000
vt 0.4816 0.0842 0.0000
vt 0.4915 0.0838 0.0000
vt 0.4825 0.1033 0.0000
vt 0.4920 0.1030 0.0000
vt 0.5362 0.0852 0.0000
vt 0.5460 0.0861 0.0000
vt 0.5346 0.1043 0.0000
vt 0.5440 0.1052 0.0000
vt 0.5902 0.0933 0.0000
vt 0.5998 0.0956 0.0000
vt 0.5862 0.1121 0.0000
vt 0.5953 0.1142 0.0000
vt 0.6427 0.1085 0.0000
vt 0.6519 0.1120 0.0000
vt 0.6362 0.1265 0.0000
vt 0.6450 0.1298 0.0000
vt 0.6927 0.1304 0.0000
vt 0.7014 0.1351 0.0000
vt 0.6839 0.1474 0.0000
vt 0.6923 0.1519 0.0000
vt 0.7395 0.1587 0.0000
vt 0.7475 0.1644 0.0000
vt 0.7285 0.1744 0.0000
vt 0.7362 0.1799 0.0000
vt 0.7821 0.1928 0.0000
vt 0.7893 0.1996 0.0000
vt 0.7692 0.2070 0.0000
vt 0.7761 0.2134 0.0000
vt 0.8199 0.2323 0.0000
vt 0.8261 0.2399 0.0000
vt 0.8053 0.2446 0.0000
vt 0.8112 0.2519 0.0000
vt 0.8522 0.2763 0.0000
vt 0.8574 0.2847 0.0000
vt 0.8361 0.2866 0.0000
vt 0.8410 0.2946 0.0000
vt 0.8784 0.3242 0.0000
vt 0.8825 0.3332 0.0000
vt 0.8611 0.3323 0.0000
vt 0.8650 0.3409 0.0000
vt 0.8982 0.3752 0.0000
vt 0.9010 0.3846 0.0000
vt 0.8800 0.3809 0.0000
vt 0.8827 0.3899 0.0000
vt 0.9111 0.4282 0.0000
vt 0.9127 0.4380 0.0000
vt 0.8923 0.4315 0.0000
vt 0.8938 0.4408 0.0000
vt 0.9170 0.4825 0.0000
vt 0.9173 0.4924 0.0000
vt 0.8979 0.4833 0.0000
vt 0.8981 0.4927 0.0000
vt 0.9157 0.5371 0.0000
vt 0.9147 0.5470 0.0000
vt 0.8966 0.5354 0.0000
vt 0.8957 0.5448 0.0000
vt 0.9072 0.5911 0.0000
vt 0.9049 0.6007 0.0000
vt 0.8886 0.5869 0.0000
vt 0.8864 0.5961 0.0000
vt 0.8918 0.6435 0.0000
vt 0.8882 0.6527 0.0000
vt 0.8738 0.6369 0.0000
vt 0.8705 0.6457 0.0000
vt 0.8696 0.6934 0.0000
vt 0.8649 0.7021 0.0000
vt 0.8527 0.6845 0.0000
vt 0.8482 0.6928 0.0000
vt 0.8411 0.7400 0.0000
vt 0.8353 0.7480 0.0000
vt 0.8255 0.7290 0.0000
vt 0.8199 0.7366 0.0000
vt 0.8067 0.7825 0.0000
vt 0.7999 0.7896 0.0000
vt 0.7927 0.7695 0.0000
vt 0.7862 0.7763 0.0000
vt 0.7671 0.8200 0.0000
vt 0.7594 0.8263 0.0000
vt 0.7549 0.8053 0.0000
vt 0.7475 0.8112 0.0000
vt 0.7228 0.8521 0.0000
vt 0.7144 0.8573 0.0000
vt 0.7127 0.8359 0.0000
vt 0.7046 0.8408 0.0000
vt 0.6748 0.8781 0.0000
vt 0.6658 0.8821 0.0000
vt 0.6668 0.8607 0.0000
vt 0.6582 0.8645 0.0000
vt 0.6238 0.8976 0.0000
vt 0.6143 0.9004 0.0000
vt 0.6182 0.8793 0.0000
vt 0.6091 0.8819 0.0000
vt 0.5706 0.9102 0.0000
vt 0.5609 0.9118 0.0000
vt 0.5675 0.8913 0.0000
vt 0.5582 0.8928 0.0000
vt 0.5163 0.9158 0.0000
vt 0.5064 0.9160 0.0000
vt 0.5156 0.8966 0.0000
vt 0.5062 0.8969 0.0000
vt 0.4617 0.9142 0.0000
vt 0.4519 0.9131 0.0000
vt 0.4636 0.8951 0.0000
vt 0.4542 0.8941 0.0000
vt 0.4078 0.9054 0.0000
vt 0.3982 0.9031 0.0000
vt 0.4121 0.8868 0.0000
vt 0.4030 0.8845 0.0000
vt 0.3555 0.8897 0.0000
vt 0.3463 0.8861 0.0000
vt 0.3622 0.8718 0.0000
vt 0.3534 0.8684 0.0000
vt 0.3057 0.8673 0.0000
vt 0.2970 0.8625 0.0000
vt 0.3147 0.8503 0.0000
vt 0.3065 0.8458 0.0000
vt 0.2592 0.8385 0.0000
vt 0.2513 0.8327 0.0000
vt 0.2704 0.8229 0.0000
vt 0.2628 0.8173 0.0000
vt 0.2170 0.8039 0.0000
vt 0.2099 0.7971 0.0000
vt 0.2301 0.7899 0.0000
vt 0.2233 0.7834 0.0000
vt 0.1796 0.7640 0.0000
vt 0.1734 0.7563 0.0000
vt 0.1945 0.7519 0.0000
vt 0.1886 0.7445 0.0000
vt 0.1478 0.7196 0.0000
vt 0.1427 0.7112 0.0000
vt 0.1641 0.7095 0.0000
vt 0.1592 0.7015 0.0000
vt 0.1221 0.6715 0.0000
vt 0.1181 0.6624 0.0000
vt 0.1396 0.6636 0.0000
vt 0.1358 0.6549 0.0000
vt 0.1029 0.6203 0.0000
vt 0.1001 0.6108 0.0000
vt 0.1212 0.6148 0.0000
vt 0.1186 0.6057 0.0000
vt 0.0905 0.5671 0.0000
vt 0.0890 0.5573 0.0000
vt 0.1095 0.5640 0.0000
vt 0.1080 0.5547 0.0000
# 4303 texture coords

o Object100
g Object100
usemtl uploads_files_1862674_Beetle___OBJ_wire_000000000
s 1
f 1/1/1 2/2/2 3/3/3 4/4/4 
f 5/5/5 6/6/6 7/7/7 8/8/8 
f 9/9/9 10/10/10 11/11/10 12/12/11 
f 13/2/12 14/1/13 15/13/14 16/14/15 
f 17/15/16 18/16/17 19/17/18 20/15/16 
s 2
f 2/2/19 19/17/20 12/12/21 3/3/22 
s 4
f 2/2/23 1/1/23 20/15/23 19/17/23 
s 2
f 4/4/24 11/11/25 20/15/26 1/1/27 
s 4
f 11/11/28 4/4/28 3/3/28 12/12/28 
s 2
f 5/5/29 8/8/30 9/9/31 21/18/32 
s 4
f 7/7/23 10/10/23 9/9/23 8/8/23 
s 2
f 10/10/33 7/7/34 6/6/35 22/19/36 
s 4
f 22/19/37 6/6/37 5/5/37 21/18/37 
s 2
f 23/20/23 24/21/23 16/14/23 15/13/23 
s 4
f 14/1/38 17/15/39 23/20/40 15/13/41 
s 2
f 13/2/28 18/16/28 17/15/28 14/1/28 
s 4
f 24/21/42 18/16/43 13/2/44 16/14/45 
s 1
f 25/22/46 21/18/47 9/9/9 26/23/48 
f 12/12/11 27/24/49 26/23/48 9/9/9 
f 19/17/18 28/25/50 27/24/49 12/12/11 
f 28/25/50 19/17/18 18/16/17 29/26/51 
f 29/26/51 18/16/17 24/21/52 30/27/53 
f 31/28/54 32/29/55 33/30/55 34/31/54 
f 35/32/56 36/33/56 31/28/54 34/31/54 
f 23/20/55 37/20/55 38/21/54 24/21/52 
f 39/34/56 30/27/53 24/21/52 38/21/54 
s 2
f 31/28/28 36/33/28 39/34/28 38/21/28 
f 37/20/28 32/29/28 31/28/28 38/21/28 
s 8
f 40/35/57 41/36/58 22/19/58 21/18/59 
f 40/35/57 21/18/59 25/22/60 42/37/61 
f 43/38/62 44/39/63 45/40/63 46/41/62 
f 44/39/63 47/42/64 48/43/65 45/40/63 
s 1
f 49/44/66 46/41/66 45/40/67 50/45/68 
f 50/45/68 45/40/67 48/43/69 51/46/70 
s 2
f 52/47/71 49/44/72 50/45/73 53/48/74 
f 54/49/75 53/48/74 50/45/73 51/46/76 
f 55/50/77 56/51/78 52/47/71 53/48/74 
f 57/52/79 55/50/77 53/48/74 54/49/75 
f 56/51/78 55/50/77 58/53/80 59/54/81 
f 57/52/79 60/55/82 58/53/80 55/50/77 
s 1
f 61/56/83 59/54/83 58/53/84 62/57/85 
f 62/57/85 58/53/84 60/55/86 63/58/87 
f 64/59/88 65/60/89 66/61/90 67/62/91 
f 68/63/92 69/64/93 70/65/94 71/66/95 
f 72/67/96 26/23/48 27/24/49 73/68/97 
f 74/69/98 75/70/99 76/71/100 77/72/101 
f 29/26/51 78/73/102 79/74/103 28/25/50 
s 2
f 67/62/104 79/74/105 73/68/106 64/59/107 
s 4
f 66/61/108 28/25/108 79/74/23 67/62/23 
s 2
f 27/24/109 28/25/110 66/61/111 65/60/112 
s 4
f 64/59/28 73/68/28 27/24/113 65/60/113 
s 2
f 71/66/114 72/67/115 80/75/116 68/63/117 
s 4
f 26/23/108 72/67/23 71/66/23 70/65/108 
s 2
f 70/65/118 69/64/119 25/22/120 26/23/121 
s 4
f 25/22/113 69/64/113 68/63/28 80/75/28 
s 2
f 81/76/23 75/70/23 74/69/108 30/27/108 
s 4
f 77/72/122 29/26/123 30/27/124 74/69/125 
s 2
f 78/73/28 29/26/113 77/72/113 76/71/28 
s 4
f 75/70/126 81/76/127 78/73/128 76/71/129 
s 1
f 82/77/130 80/75/131 72/67/96 83/78/132 
f 73/68/97 84/79/133 83/78/132 72/67/96 
f 79/74/103 85/80/134 84/79/133 73/68/97 
f 78/73/102 86/81/135 85/80/134 79/74/103 
f 86/81/135 78/73/102 81/76/136 87/82/137 
f 35/32/56 88/83/138 89/84/138 36/33/56 
f 90/85/139 91/86/139 89/84/138 88/83/138 
f 39/34/56 92/87/138 81/76/136 30/27/53 
f 92/87/138 93/82/139 87/82/137 81/76/136 
s 2
f 89/84/140 91/86/140 93/82/140 92/87/140 
f 89/84/140 92/87/140 39/34/28 36/33/28 
s 8
f 42/37/61 25/22/60 80/75/141 94/88/142 
f 94/88/142 80/75/141 82/77/143 95/89/144 
f 47/42/64 96/90/145 97/91/145 48/43/65 
f 98/92/146 97/91/145 96/90/145 99/93/147 
s 1
f 100/94/148 51/46/70 48/43/69 97/91/149 
f 100/94/148 97/91/149 98/92/150 101/95/151 
s 2
f 102/96/152 54/49/75 51/46/76 100/94/153 
f 101/95/154 103/97/155 102/96/152 100/94/153 
f 57/52/79 54/49/75 102/96/152 104/98/156 
f 102/96/152 103/97/155 105/99/157 104/98/156 
f 57/52/79 104/98/156 106/100/158 60/55/82 
f 105/99/157 107/101/159 106/100/158 104/98/156 
s 1
f 108/102/160 63/58/87 60/55/86 106/100/161 
f 106/100/161 107/101/162 109/103/163 108/102/160 
f 110/104/164 111/105/165 112/106/166 113/107/167 
f 114/108/168 115/109/169 116/110/170 117/111/171 
f 83/78/132 84/79/133 118/112/172 119/113/173 
f 120/114/174 121/104/175 122/107/176 123/115/177 
f 86/81/135 124/116/178 125/117/179 85/80/134 
s 2
f 110/104/180 125/117/181 118/112/182 111/105/183 
s 4
f 113/107/184 85/80/184 125/117/185 110/104/185 
s 2
f 112/106/186 84/79/187 85/80/188 113/107/189 
s 4
f 111/105/37 118/112/37 84/79/190 112/106/190 
s 2
f 115/109/191 119/113/192 126/118/193 116/110/194 
s 4
f 115/109/185 114/108/184 83/78/184 119/113/185 
s 2
f 83/78/195 114/108/196 117/111/197 82/77/198 
s 4
f 116/110/37 126/118/37 82/77/190 117/111/190 
s 2
f 123/115/184 87/82/184 127/119/185 120/114/185 
s 4
f 122/107/199 86/81/200 87/82/201 123/115/202 
s 2
f 121/104/37 124/116/37 86/81/190 122/107/190 
s 4
f 124/116/203 121/104/204 120/114/205 127/119/206 
s 1
f 119/113/173 128/120/207 129/121/208 126/118/209 
f 128/120/207 119/113/173 118/112/172 130/122/210 
f 131/123/211 130/122/210 118/112/172 125/117/179 
f 132/123/212 131/123/211 125/117/179 124/116/178 
f 127/119/213 133/124/214 132/123/212 124/116/178 
f 90/85/139 134/125/215 135/126/215 91/86/139 
f 136/127/216 135/126/215 134/125/215 137/128/216 
f 138/119/215 127/119/213 87/82/137 93/82/139 
f 139/129/216 133/124/214 127/119/213 138/119/215 
s 2
f 136/127/140 139/129/140 138/119/140 135/126/140 
f 138/119/140 93/82/140 91/86/140 135/126/140 
s 8
f 82/77/143 126/118/217 140/130/218 95/89/144 
f 126/118/217 129/121/219 141/131/220 140/130/218 
f 142/132/221 98/92/146 99/93/147 143/133/221 
f 144/134/222 142/132/221 143/133/221 145/135/223 
s 1
f 146/136/224 101/95/151 98/92/150 142/132/225 
f 147/137/226 146/136/224 142/132/225 144/134/227 
s 2
f 101/95/154 146/136/228 148/138/229 103/97/155 
f 146/136/228 147/137/230 149/139/231 148/138/229 
f 148/138/229 150/140/232 105/99/157 103/97/155 
f 148/138/229 149/139/231 151/141/233 150/140/232 
f 105/99/157 150/140/232 152/142/234 107/101/159 
f 150/140/232 151/141/233 153/143/235 152/142/234 
s 1
f 152/142/236 154/144/237 109/103/163 107/101/162 
f 152/142/236 153/143/238 155/145/239 154/144/237 
f 156/146/240 157/147/241 158/148/242 159/149/243 
f 160/150/244 161/151/245 162/152/246 163/153/247 
f 164/154/248 165/155/249 128/120/207 130/122/210 
f 166/156/250 167/157/251 168/158/252 169/159/253 
f 132/123/212 170/160/254 171/160/255 131/123/211 
s 2
f 157/147/256 156/146/257 171/160/258 164/154/259 
s 4
f 171/160/23 156/146/23 159/149/108 131/123/108 
s 2
f 158/148/260 130/122/261 131/123/262 159/149/263 
s 4
f 157/147/28 164/154/28 130/122/113 158/148/113 
s 2
f 172/161/264 161/151/265 160/150/266 165/155/267 
s 4
f 163/153/108 128/120/108 165/155/23 160/150/23 
s 2
f 129/121/268 128/120/269 163/153/270 162/152/271 
s 4
f 161/151/28 172/161/28 129/121/113 162/152/113 
s 2
f 167/157/108 133/124/108 173/162/23 168/158/23 
s 4
f 133/124/272 167/157/273 166/156/274 132/123/275 
s 2
f 169/159/28 170/160/28 132/123/113 166/156/113 
s 4
f 168/158/276 173/162/277 170/160/278 169/159/279 
s 1
f 174/163/280 175/164/281 172/161/282 165/155/249 
f 164/154/248 176/165/283 174/163/280 165/155/249 
f 176/165/283 164/154/248 171/160/255 177/166/284 
f 177/166/284 171/160/255 170/160/254 178/166/285 
f 173/162/286 179/167/287 178/166/285 170/160/254 
f 136/127/216 137/128/216 180/168/288 181/169/288 
f 182/170/289 181/169/288 180/168/288 183/171/289 
f 173/162/286 133/124/214 139/129/216 184/172/288 
f 184/172/288 185/173/289 179/167/287 173/162/286 
s 2
f 182/170/140 185/173/140 184/172/140 181/169/140 
f 139/129/140 136/127/140 181/169/140 184/172/140 
s 8
f 129/121/219 172/161/290 186/174/291 141/131/220 
f 186/174/291 172/161/290 175/164/292 187/175/293 
f 145/135/223 188/176/294 189/177/294 144/134/222 
f 190/178/295 189/177/294 188/176/294 191/179/295 
s 1
f 189/177/296 192/180/297 147/137/226 144/134/227 
f 190/178/298 193/181/299 192/180/297 189/177/296 
s 2
f 147/137/230 192/180/300 194/182/301 149/139/231 
f 194/182/301 192/180/300 193/181/302 195/183/303 
f 149/139/231 194/182/301 196/184/304 151/141/233 
f 197/185/305 196/184/304 194/182/301 195/183/303 
f 151/141/233 196/184/304 198/186/306 153/143/235 
f 196/184/304 197/185/305 199/187/307 198/186/306 
s 1
f 153/143/238 198/186/308 200/188/309 155/145/239 
f 200/188/309 198/186/308 199/187/310 201/189/311 
f 202/190/312 203/191/313 204/192/314 205/193/315 
f 206/194/316 207/195/317 208/196/318 209/197/319 
f 210/198/320 211/199/321 174/163/280 176/165/283 
f 212/200/322 213/191/323 214/201/324 215/202/325 
f 178/166/285 216/203/326 217/203/327 177/166/284 
s 2
f 210/198/328 205/193/329 204/192/330 217/203/331 
s 4
f 204/192/185 203/191/184 177/166/184 217/203/185 
s 2
f 177/166/332 203/191/333 202/190/334 176/165/335 
s 4
f 205/193/37 210/198/37 176/165/190 202/190/190 
s 2
f 209/197/336 208/196/337 211/199/338 218/204/339 
s 4
f 211/199/185 208/196/23 207/195/184 174/163/184 
s 2
f 174/163/340 207/195/341 206/194/342 175/164/343 
s 4
f 175/164/190 206/194/190 209/197/37 218/204/37 
s 2
f 214/201/184 179/167/184 219/205/185 215/202/23 
s 4
f 213/191/344 178/166/345 179/167/346 214/201/347 
s 2
f 216/203/37 178/166/190 213/191/190 212/200/37 
s 4
f 216/203/348 212/200/349 215/202/350 219/205/351 
s 1
f 220/206/352 221/207/353 218/204/354 211/199/321 
f 210/198/320 222/208/355 220/206/352 211/199/321 
f 222/208/355 210/198/320 217/203/327 223/209/356 
f 223/209/356 217/203/327 216/203/326 224/209/357 
f 219/205/358 225/210/359 224/209/357 216/203/326 
f 183/171/289 226/211/360 227/212/360 182/170/289 
f 226/211/360 228/213/361 229/213/361 227/212/360 
f 185/173/289 230/214/360 219/205/358 179/167/287 
f 225/210/359 219/205/358 230/214/360 231/215/361 
s 2
f 229/213/140 231/215/140 230/214/140 227/212/140 
f 182/170/140 227/212/140 230/214/140 185/173/140 
s 8
f 175/164/292 218/204/362 232/216/363 187/175/293 
f 233/217/364 232/216/363 218/204/362 221/207/365 
f 234/218/366 190/178/295 191/179/295 235/219/366 
f 234/218/366 235/219/366 236/220/367 237/221/367 
s 1
f 190/178/298 234/218/368 238/222/369 193/181/299 
f 238/222/369 234/218/368 237/221/370 239/223/371 
s 2
f 193/181/302 238/222/372 240/224/373 195/183/303 
f 240/224/373 238/222/372 239/223/374 241/225/375 
f 195/183/303 240/224/373 242/226/376 197/185/305 
f 243/227/377 242/226/376 240/224/373 241/225/375 
f 244/228/378 199/187/307 197/185/305 242/226/376 
f 245/229/379 244/228/378 242/226/376 243/227/377 
s 1
f 246/230/380 201/189/311 199/187/310 244/228/381 
f 246/230/380 244/228/381 245/229/382 247/231/383 
f 248/232/384 249/233/385 250/234/386 251/235/387 
f 252/236/388 253/237/389 254/238/390 255/239/391 
f 220/206/352 222/208/355 256/240/392 257/241/393 
f 258/242/394 259/233/395 260/243/396 261/244/397 
f 224/209/357 262/245/398 263/245/399 223/209/356 
s 2
f 256/240/400 250/234/401 249/233/402 263/245/403 
s 4
f 249/233/185 248/232/23 223/209/23 263/245/185 
s 2
f 223/209/404 248/232/405 251/235/406 222/208/407 
s 4
f 222/208/113 251/235/113 250/234/28 256/240/28 
s 2
f 254/238/408 253/237/409 257/241/410 264/246/411 
s 4
f 257/241/23 253/237/23 252/236/108 220/206/108 
s 2
f 220/206/412 252/236/413 255/239/414 221/207/415 
s 4
f 221/207/113 255/239/113 254/238/28 264/246/28 
s 2
f 261/244/23 225/210/23 265/247/23 258/242/23 
s 4
f 224/209/416 225/210/417 261/244/418 260/243/419 
s 2
f 259/233/28 262/245/28 224/209/28 260/243/113 
s 4
f 258/242/420 265/247/421 262/245/422 259/233/423 
s 1
f 257/241/393 266/248/424 267/249/425 264/246/426 
f 268/250/427 266/248/424 257/241/393 256/240/392 
f 268/250/427 256/240/392 263/245/399 269/251/428 
f 262/245/398 270/252/429 269/251/428 263/245/399 
f 265/247/430 271/253/431 270/252/429 262/245/398 
f 228/213/361 272/254/432 273/255/432 229/213/361 
f 274/256/433 273/255/432 272/254/432 275/257/433 
f 231/215/361 276/247/432 265/247/430 225/210/359 
f 277/258/433 271/253/431 265/247/430 276/247/432 
s 2
f 274/256/140 277/258/140 276/247/140 273/255/140 
f 276/247/140 231/215/140 229/213/140 273/255/140 
s 8
f 278/259/434 233/217/364 221/207/365 264/246/435 
f 278/259/434 264/246/435 267/249/436 279/260/437 
f 280/261/438 237/221/367 236/220/367 281/262/438 
f 281/262/438 282/263/439 283/264/440 280/261/438 
s 1
f 280/261/441 284/265/442 239/223/371 237/221/370 
f 283/264/443 285/266/444 284/265/442 280/261/441 
s 2
f 239/223/374 284/265/445 286/267/446 241/225/375 
f 287/268/447 286/267/446 284/265/445 285/266/448 
f 288/269/449 243/227/377 241/225/375 286/267/446 
f 288/269/449 286/267/446 287/268/447 289/270/450 
f 243/227/377 288/269/449 290/271/451 245/229/379 
f 290/271/451 288/269/449 289/270/450 291/272/452 
s 1
f 292/273/453 247/231/383 245/229/382 290/271/454 
f 293/274/455 292/273/453 290/271/454 291/272/456 
f 294/275/457 295/276/458 296/277/459 297/278/460 
f 298/279/461 299/280/462 300/281/463 301/282/464 
f 302/283/465 303/284/466 266/248/424 268/250/427 
f 304/285/467 305/286/468 306/287/469 307/276/470 
f 269/251/428 270/252/429 308/288/471 309/289/472 
s 2
f 297/278/473 296/277/474 309/289/475 302/283/476 
s 4
f 295/276/184 269/251/184 309/289/185 296/277/23 
s 2
f 269/251/477 295/276/478 294/275/479 268/250/480 
s 4
f 294/275/37 297/278/37 302/283/37 268/250/37 
s 2
f 299/280/481 298/279/482 303/284/483 310/290/484 
s 4
f 301/282/23 266/248/23 303/284/23 298/279/23 
s 2
f 301/282/485 300/281/486 267/249/487 266/248/488 
s 4
f 310/290/37 267/249/190 300/281/190 299/280/37 
s 2
f 304/285/184 271/253/184 311/291/185 305/286/185 
s 4
f 304/285/489 307/276/490 270/252/491 271/253/492 
s 2
f 306/287/28 308/288/28 270/252/28 307/276/28 
s 4
f 311/291/493 308/288/494 306/287/495 305/286/496 
s 1
f 312/292/497 313/293/498 310/290/499 303/284/466 
f 302/283/465 314/294/500 312/292/497 303/284/466 
f 309/289/472 315/295/501 314/294/500 302/283/465 
f 315/295/501 309/289/472 308/288/471 316/296/502 
f 311/291/503 317/297/504 316/296/502 308/288/471 
f 318/298/505 274/256/433 275/257/433 319/298/505 
f 320/299/506 318/298/505 319/298/505 321/299/506 
f 311/291/503 271/253/431 277/258/433 322/291/505 
f 317/297/504 311/291/503 322/291/505 323/300/506 
s 2
f 320/299/140 323/300/140 322/291/140 318/298/140 
f 322/291/140 277/258/140 274/256/140 318/298/140 
s 8
f 310/290/507 324/301/508 279/260/437 267/249/436 
f 324/301/508 310/290/507 313/293/509 325/302/510 
f 282/263/439 326/303/511 327/304/511 283/264/440 
f 328/305/512 327/304/511 326/303/511 329/306/512 
s 1
f 327/304/513 330/307/514 285/266/444 283/264/443 
f 328/305/515 331/308/516 330/307/514 327/304/513 
s 2
f 285/266/448 330/307/517 332/309/518 287/268/447 
f 333/310/519 332/309/518 330/307/517 331/308/520 
f 334/311/521 289/270/450 287/268/447 332/309/518 
f 333/310/519 335/312/522 334/311/521 332/309/518 
f 289/270/450 334/311/521 336/313/523 291/272/452 
f 334/311/521 335/312/522 337/314/524 336/313/523 
s 1
f 291/272/456 336/313/525 338/315/526 293/274/455 
f 337/314/527 339/316/528 338/315/526 336/313/525 
f 340/317/529 341/318/530 342/319/531 343/320/532 
f 344/321/533 345/322/534 346/323/535 347/324/536 
f 348/325/537 312/292/497 314/294/500 349/326/538 
f 350/327/539 351/328/540 352/318/541 353/329/542 
f 354/330/543 315/295/501 316/296/502 355/331/544 
s 2
f 342/319/545 354/330/546 349/326/547 343/320/548 
s 4
f 315/295/23 354/330/23 342/319/185 341/318/23 
s 2
f 341/318/549 340/317/550 314/294/551 315/295/552 
s 4
f 340/317/113 343/320/28 349/326/140 314/294/113 
s 2
f 347/324/553 346/323/554 348/325/555 356/332/556 
s 4
f 312/292/23 348/325/23 346/323/23 345/322/23 
s 2
f 345/322/557 344/321/558 313/293/559 312/292/560 
s 4
f 347/324/28 356/332/28 313/293/113 344/321/113 
s 2
f 353/329/23 317/297/23 357/333/23 350/327/185 
s 4
f 352/318/561 316/296/562 317/297/563 353/329/564 
s 2
f 351/328/28 355/331/28 316/296/28 352/318/28 
s 4
f 355/331/565 351/328/566 350/327/567 357/333/568 
s 1
f 358/334/569 359/335/570 356/332/571 348/325/537 
f 360/336/572 358/334/569 348/325/537 349/326/538 
f 360/336/572 349/326/538 354/330/543 361/337/573 
f 361/337/573 354/330/543 355/331/544 362/338/574 
f 357/333/575 363/339/576 362/338/574 355/331/544 
f 321/299/506 364/340/577 365/341/577 320/299/506 
f 364/340/577 366/342/578 367/343/578 365/341/577 
f 357/333/575 317/297/504 323/300/506 368/344/577 
f 369/345/579 363/339/576 357/333/575 368/344/577 
s 2
f 367/343/140 369/345/140 368/344/140 365/341/140 
f 320/299/140 365/341/140 368/344/140 323/300/140 
s 8
f 325/302/510 313/293/509 356/332/580 370/346/581 
f 371/347/582 370/346/581 356/332/580 359/335/583 
f 372/348/584 328/305/512 329/306/512 373/349/584 
f 372/348/584 373/349/584 374/350/585 375/351/585 
s 1
f 328/305/515 372/348/586 376/352/587 331/308/516 
f 376/352/587 372/348/586 375/351/588 377/353/589 
s 2
f 376/352/590 378/354/591 333/310/519 331/308/520 
f 376/352/590 377/353/592 379/355/593 378/354/591 
f 380/356/594 335/312/522 333/310/519 378/354/591 
f 378/354/591 379/355/593 381/357/595 380/356/594 
f 335/312/522 380/356/594 382/358/596 337/314/524 
f 380/356/594 381/357/595 383/359/597 382/358/596 
s 1
f 382/358/598 384/360/599 339/316/528 337/314/527 
f 383/359/600 385/361/601 384/360/599 382/358/598 
f 386/362/602 387/363/603 388/364/604 389/365/605 
f 390/366/606 391/367/607 392/368/608 393/369/609 
f 358/334/569 360/336/572 394/370/610 395/371/611 
f 396/372/612 397/373/613 398/374/614 399/375/615 
f 400/376/616 401/377/617 361/337/573 362/338/574 
s 2
f 389/365/618 401/377/619 394/370/620 386/362/621 
s 4
f 388/364/184 361/337/184 401/377/185 389/365/23 
s 2
f 361/337/622 388/364/623 387/363/624 360/336/625 
s 4
f 386/362/37 394/370/37 360/336/190 387/363/190 
s 2
f 395/371/626 402/378/627 393/369/628 392/368/629 
s 4
f 391/367/184 358/334/184 395/371/185 392/368/23 
s 2
f 358/334/630 391/367/631 390/366/632 359/335/633 
s 4
f 390/366/190 393/369/37 402/378/37 359/335/190 
s 2
f 403/379/185 398/374/23 397/373/184 363/339/184 
s 4
f 397/373/634 396/372/635 362/338/636 363/339/637 
s 2
f 396/372/190 399/375/37 400/376/37 362/338/190 
s 4
f 398/374/638 403/379/639 400/376/640 399/375/641 
s 1
f 395/371/611 404/380/642 405/381/643 402/378/644 
f 394/370/610 406/382/645 404/380/642 395/371/611 
f 407/383/646 406/382/645 394/370/610 401/377/617 
f 408/383/647 407/383/646 401/377/617 400/376/616 
f 409/384/648 408/383/647 400/376/616 403/379/649 
f 366/342/578 410/385/650 411/386/650 367/343/578 
f 410/385/650 412/387/651 413/388/651 411/386/650 
f 363/339/576 369/345/579 414/389/650 403/379/649 
f 403/379/649 414/389/650 415/390/651 409/384/648 
s 2
f 413/388/140 415/390/140 414/389/140 411/386/140 
f 414/389/140 369/345/140 367/343/140 411/386/140 
s 8
f 359/335/583 402/378/652 416/391/653 371/347/582 
f 416/391/653 402/378/652 405/381/654 417/392/655 
f 374/350/585 418/393/656 419/394/656 375/351/585 
f 420/395/657 419/394/656 418/393/656 421/396/657 
s 1
f 375/351/588 419/394/658 422/397/659 377/353/589 
f 422/397/659 419/394/658 420/395/660 423/398/661 
s 2
f 422/397/662 424/399/663 379/355/593 377/353/592 
f 425/400/664 424/399/663 422/397/662 423/398/665 
f 379/355/593 424/399/663 426/401/666 381/357/595 
f 427/402/667 426/401/666 424/399/663 425/400/664 
f 381/357/595 426/401/666 428/403/668 383/359/597 
f 427/402/667 429/404/669 428/403/668 426/401/666 
s 1
f 383/359/600 428/403/670 430/405/671 385/361/601 
f 429/404/672 431/406/673 430/405/671 428/403/670 
f 432/407/674 433/408/675 434/409/676 435/410/677 
f 436/411/678 437/412/679 438/413/680 439/414/681 
f 406/382/645 440/415/682 441/416/683 404/380/642 
f 442/417/684 443/418/685 444/419/686 445/420/687 
f 407/383/646 408/383/647 446/421/688 447/422/689 
s 2
f 440/415/690 435/410/691 434/409/692 447/422/693 
s 4
f 447/422/23 434/409/23 433/408/23 407/383/23 
s 2
f 407/383/694 433/408/695 432/407/696 406/382/697 
s 4
f 432/407/28 435/410/28 440/415/28 406/382/28 
s 2
f 448/423/698 436/411/699 439/414/700 441/416/701 
s 4
f 441/416/23 439/414/23 438/413/23 404/380/23 
s 2
f 437/412/702 405/381/703 404/380/704 438/413/705 
s 4
f 437/412/113 436/411/28 448/423/28 405/381/113 
s 2
f 444/419/23 409/384/23 449/424/23 445/420/23 
s 4
f 444/419/706 443/418/707 408/383/708 409/384/709 
s 2
f 446/421/28 408/383/28 443/418/28 442/417/28 
s 4
f 445/420/710 449/424/711 446/421/712 442/417/713 
s 1
f 450/425/714 448/423/715 441/416/683 451/426/716 
f 452/427/717 451/426/716 441/416/683 440/415/682 
f 452/427/717 440/415/682 447/422/689 453/428/718 
f 453/428/718 447/422/689 446/421/688 454/429/719 
f 455/430/720 454/429/719 446/421/688 449/424/721 
f 456/431/722 457/432/722 413/388/651 412/387/651 
f 457/432/722 456/431/722 458/433/723 459/434/723 
f 415/390/651 460/435/722 449/424/721 409/384/648 
f 455/430/720 449/424/721 460/435/722 461/430/723 
s 2
f 459/434/140 461/430/140 460/435/140 457/432/140 
f 460/435/140 415/390/140 413/388/140 457/432/140 
s 8
f 405/381/654 448/423/724 462/436/725 417/392/655 
f 450/425/726 463/437/727 462/436/725 448/423/724 
f 464/438/728 420/395/657 421/396/657 465/439/729 
f 466/440/730 467/441/730 464/438/728 465/439/729 
s 1
f 464/438/731 468/442/732 423/398/661 420/395/660 
f 469/443/733 468/442/732 464/438/731 467/441/734 
s 2
f 470/444/735 425/400/664 423/398/665 468/442/736 
f 471/445/737 470/444/735 468/442/736 469/443/738 
f 470/444/735 472/446/739 427/402/667 425/400/664 
f 471/445/737 473/447/740 472/446/739 470/444/735 
f 472/446/739 474/448/741 429/404/669 427/402/667 
f 475/449/742 474/448/741 472/446/739 473/447/740 
s 1
f 429/404/672 474/448/743 476/450/744 431/406/673 
f 474/448/743 475/449/745 477/451/746 476/450/744 
f 478/452/747 479/453/748 480/454/749 481/455/750 
f 482/456/751 483/457/752 484/458/753 485/459/754 
f 452/427/717 486/460/755 487/461/756 451/426/716 
f 488/462/757 489/463/758 490/464/759 491/452/760 
f 453/428/718 454/429/719 492/465/761 493/466/762 
s 2
f 479/453/763 478/452/764 493/466/765 486/460/766 
s 4
f 478/452/23 481/455/23 453/428/23 493/466/23 
s 2
f 453/428/767 481/455/768 480/454/769 452/427/770 
s 4
f 452/427/37 480/454/37 479/453/37 486/460/28 
s 2
f 485/459/771 487/461/772 494/467/773 482/456/774 
s 4
f 485/459/23 484/458/185 451/426/185 487/461/185 
s 2
f 451/426/775 484/458/776 483/457/777 450/425/778 
s 4
f 494/467/37 450/425/190 483/457/190 482/456/37 
s 2
f 489/463/185 455/430/185 495/468/185 490/464/23 
s 4
f 489/463/779 488/462/780 454/429/781 455/430/782 
s 2
f 488/462/37 491/452/37 492/465/28 454/429/37 
s 4
f 490/464/783 495/468/784 492/465/785 491/452/786 
s 1
f 496/469/787 497/470/788 494/467/789 487/461/756 
f 496/469/787 487/461/756 486/460/755 498/471/790 
f 493/466/762 499/472/791 498/471/790 486/460/755 
f 493/466/762 492/465/761 500/473/792 499/472/791 
f 500/473/792 492/465/761 495/468/793 501/474/794 
f 502/475/795 503/476/795 459/434/723 458/433/723 
f 504/477/796 503/476/795 502/475/795 505/478/796 
f 495/468/793 455/430/720 461/430/723 506/468/795 
f 506/468/795 507/474/796 501/474/794 495/468/793 
s 2
f 504/477/140 507/474/140 506/468/140 503/476/140 
f 459/434/140 503/476/140 506/468/140 461/430/140 
s 8
f 494/467/797 508/479/798 463/437/727 450/425/726 
f 497/470/799 509/480/800 508/479/798 494/467/797 
f 467/441/730 466/440/730 510/481/801 511/482/801 
f 510/481/801 512/483/802 513/484/803 511/482/801 
s 1
f 511/482/804 514/485/805 469/443/733 467/441/734 
f 511/482/804 513/484/806 515/486/807 514/485/805 
s 2
f 469/443/738 514/485/808 516/487/809 471/445/737 
f 514/485/808 515/486/810 517/488/811 516/487/809 
f 473/447/740 471/445/737 516/487/809 518/489/812 
f 519/490/813 518/489/812 516/487/809 517/488/811 
f 518/489/812 520/491/814 475/449/742 473/447/740 
f 519/490/813 521/492/815 520/491/814 518/489/812 
s 1
f 475/449/745 520/491/816 522/493/817 477/451/746 
f 520/491/816 521/492/818 523/494/819 522/493/817 
f 524/495/820 525/496/821 526/497/822 527/498/823 
f 528/499/824 529/500/825 530/501/826 531/502/827 
f 532/503/828 496/469/787 498/471/790 533/504/829 
f 534/505/830 535/506/831 536/507/832 537/508/833 
f 499/472/791 500/473/792 538/509/834 539/510/835 
s 2
f 533/504/836 525/496/837 524/495/838 539/510/839 
s 4
f 527/498/23 499/472/23 539/510/23 524/495/23 
s 2
f 499/472/840 527/498/841 526/497/842 498/471/843 
s 4
f 498/471/28 526/497/28 525/496/28 533/504/28 
s 2
f 528/499/844 531/502/845 532/503/846 540/511/847 
s 4
f 530/501/23 496/469/23 532/503/23 531/502/23 
s 2
f 497/470/848 496/469/849 530/501/850 529/500/851 
s 4
f 497/470/28 529/500/852 528/499/28 540/511/28 
s 2
f 537/508/23 501/474/23 541/512/23 534/505/23 
s 4
f 501/474/853 537/508/854 536/507/855 500/473/856 
s 2
f 535/506/28 538/509/28 500/473/28 536/507/28 
s 4
f 534/505/857 541/512/858 538/509/859 535/506/860 
s 1
f 542/513/861 543/514/862 540/511/863 532/503/828 
f 544/515/864 542/513/861 532/503/828 533/504/829 
f 544/515/864 533/504/829 539/510/835 545/516/865 
f 539/510/835 538/509/834 546/516/866 545/516/865 
f 546/516/866 538/509/834 541/512/867 547/517/868 
f 505/478/796 548/518/869 549/519/869 504/477/796 
f 550/520/870 549/519/869 548/518/869 551/521/870 
f 507/474/796 552/522/869 541/512/867 501/474/794 
f 552/522/869 553/523/870 547/517/868 541/512/867 
s 2
f 549/519/140 550/520/140 553/523/140 552/522/140 
f 552/522/140 507/474/140 504/477/140 549/519/140 
s 8
f 497/470/799 540/511/871 554/524/872 509/480/800 
f 555/525/873 554/524/872 540/511/871 543/514/874 
f 513/484/803 512/483/802 556/526/875 557/527/875 
f 558/528/876 559/529/876 557/527/875 556/526/875 
s 1
f 513/484/806 557/527/877 560/530/878 515/486/807 
f 557/527/877 559/529/879 561/531/880 560/530/878 
s 2
f 515/486/810 560/530/881 562/532/882 517/488/811 
f 563/533/883 562/532/882 560/530/881 561/531/884 
f 564/534/885 519/490/813 517/488/811 562/532/882 
f 564/534/885 562/532/882 563/533/883 565/535/886 
f 521/492/815 519/490/813 564/534/885 566/536/887 
f 567/537/888 566/536/887 564/534/885 565/535/886 
s 1
f 566/536/889 568/538/890 523/494/819 521/492/818 
f 568/538/890 566/536/889 567/537/891 569/539/892 
f 570/540/893 571/541/894 572/542/895 573/543/896 
f 574/544/897 575/545/898 576/546/899 577/547/900 
f 578/548/901 542/513/861 544/515/864 579/549/902 
f 580/550/903 581/551/904 582/552/905 583/553/906 
f 584/554/907 585/555/908 545/516/865 546/516/866 
s 2
f 579/549/909 571/541/910 570/540/911 585/555/912 
s 4
f 573/543/185 545/516/185 585/555/185 570/540/23 
s 2
f 572/542/913 544/515/914 545/516/915 573/543/916 
s 4
f 544/515/37 572/542/37 571/541/37 579/549/28 
s 2
f 575/545/917 574/544/918 578/548/919 586/556/920 
s 4
f 577/547/185 542/513/185 578/548/185 574/544/23 
s 2
f 543/514/921 542/513/922 577/547/923 576/546/924 
s 4
f 543/514/190 576/546/190 575/545/37 586/556/28 
s 2
f 547/517/185 587/557/185 580/550/23 583/553/185 
s 4
f 547/517/925 583/553/926 582/552/927 546/516/928 
s 2
f 581/551/37 584/554/28 546/516/37 582/552/37 
s 4
f 587/557/929 584/554/930 581/551/931 580/550/932 
s 1
f 578/548/901 588/558/933 589/559/934 586/556/935 
f 588/558/933 578/548/901 579/549/902 590/560/936 
f 591/561/937 590/560/936 579/549/902 585/555/908 
f 584/554/907 592/561/938 591/561/937 585/555/908 
f 584/554/907 587/557/939 593/562/940 592/561/938 
f 594/563/941 595/564/941 550/520/870 551/521/870 
f 595/564/941 594/563/941 596/565/942 597/566/943 
f 587/557/939 547/517/868 553/523/870 598/557/941 
f 598/557/941 599/562/942 593/562/940 587/557/939 
s 2
f 595/564/140 597/566/190 599/562/140 598/557/140 
f 550/520/140 595/564/140 598/557/140 553/523/140 
s 8
f 600/567/944 555/525/873 543/514/874 586/556/945 
f 600/567/944 586/556/945 589/559/946 601/568/947 
f 602/569/948 559/529/876 558/528/876 603/570/949 
f 603/570/949 604/571/950 605/572/951 602/569/948 
s 1
f 602/569/952 606/573/953 561/531/880 559/529/879 
f 605/572/954 607/574/955 606/573/953 602/569/952 
s 2
f 608/575/956 563/533/883 561/531/884 606/573/957 
f 608/575/956 606/573/957 607/574/958 609/576/959 
f 610/577/960 565/535/886 563/533/883 608/575/956 
f 611/578/961 610/577/960 608/575/956 609/576/959 
f 612/579/962 567/537/888 565/535/886 610/577/960 
f 612/579/962 610/577/960 611/578/961 613/580/963 
s 1
f 614/581/964 569/539/892 567/537/891 612/579/965 
f 615/582/966 614/581/964 612/579/965 613/580/967 
f 616/583/968 617/584/969 618/585/970 619/586/971 
f 620/587/972 621/588/973 622/589/974 623/590/975 
f 588/558/933 590/560/936 624/591/976 625/592/977 
f 626/593/978 627/594/979 628/595/980 629/583/981 
f 630/596/982 631/596/983 591/561/937 592/561/938 
s 2
f 617/584/984 616/583/985 631/596/986 624/591/987 
s 4
f 631/596/23 616/583/23 619/586/23 591/561/988 
s 2
f 591/561/989 619/586/990 618/585/991 590/560/992 
s 4
f 618/585/28 617/584/28 624/591/37 590/560/28 
s 2
f 625/592/993 632/597/994 622/589/995 621/588/996 
s 4
f 620/587/988 588/558/988 625/592/23 621/588/23 
s 2
f 588/558/997 620/587/998 623/590/999 589/559/1000 
s 4
f 632/597/190 589/559/852 623/590/852 622/589/140 
s 2
f 627/594/988 593/562/988 633/598/23 628/595/23 
s 4
f 626/593/1001 592/561/1002 593/562/1003 627/594/1004 
s 2
f 630/596/37 592/561/28 626/593/28 629/583/28 
s 4
f 628/595/1005 633/598/1006 630/596/1007 629/583/1008 
s 1
f 634/599/1009 635/600/1010 632/597/1011 625/592/977 
f 636/601/1012 634/599/1009 625/592/977 624/591/976 
f 636/601/1012 624/591/976 631/596/983 637/602/1013 
f 637/602/1013 631/596/983 630/596/982 638/602/1014 
f 638/602/1014 630/596/982 633/598/1015 639/603/1016 
f 640/604/1017 597/566/943 596/565/942 641/605/1017 
f 642/606/1018 640/604/1017 641/605/1017 643/607/1018 
f 599/562/942 644/598/1017 633/598/1015 593/562/940 
f 645/603/1018 639/603/1016 633/598/1015 644/598/1017 
s 2
f 645/603/190 644/598/190 640/604/190 642/606/190 
f 597/566/190 640/604/190 644/598/190 599/562/140 
s 8
f 632/597/1019 646/608/1020 601/568/947 589/559/946 
f 635/600/1021 647/609/1022 646/608/1020 632/597/1019 
f 648/610/1023 605/572/951 604/571/950 649/611/1023 
f 650/612/1024 648/610/1023 649/611/1023 651/613/1025 
s 1
f 648/610/1026 652/614/1027 607/574/955 605/572/954 
f 648/610/1026 650/612/1028 653/615/1029 652/614/1027 
s 2
f 654/616/1030 609/576/959 607/574/958 652/614/1031 
f 654/616/1030 652/614/1031 653/615/1032 655/617/1033 
f 611/578/961 609/576/959 654/616/1030 656/618/1034 
f 657/619/1035 656/618/1034 654/616/1030 655/617/1033 
f 611/578/961 656/618/1034 658/620/1036 613/580/963 
f 659/621/1037 658/620/1036 656/618/1034 657/619/1035 
s 1
f 658/620/1038 660/622/1039 615/582/966 613/580/967 
f 661/623/1040 660/622/1039 658/620/1038 659/621/1041 
f 662/624/1042 663/625/1043 664/626/1044 665/627/1045 
f 666/628/1046 667/629/1047 668/630/1048 669/631/1049 
f 670/632/1050 671/633/1051 634/599/1009 636/601/1012 
f 672/634/1052 673/625/1053 674/635/1054 675/636/1055 
f 638/602/1014 676/637/1056 677/638/1057 637/602/1013 
s 2
f 670/632/1058 664/626/1059 663/625/1060 677/638/1061 
s 4
f 663/625/23 662/624/185 637/602/185 677/638/23 
s 2
f 637/602/1062 662/624/1063 665/627/1064 636/601/1065 
s 4
f 664/626/28 670/632/28 636/601/28 665/627/28 
s 2
f 669/631/1066 668/630/1067 671/633/1068 678/639/1069 
s 4
f 671/633/185 668/630/23 667/629/185 634/599/185 
s 2
f 666/628/1070 635/600/1071 634/599/1072 667/629/1073 
s 4
f 669/631/37 678/639/28 635/600/37 666/628/37 
s 2
f 675/636/185 639/603/185 679/640/185 672/634/23 
s 4
f 674/635/1074 638/602/1075 639/603/1076 675/636/1077 
s 2
f 676/637/28 638/602/37 674/635/37 673/625/28 
s 4
f 676/637/1078 673/625/1079 672/634/1080 679/640/1081 
s 1
f 680/641/1082 681/642/1083 678/639/1084 671/633/1051 
f 670/632/1050 682/643/1085 680/641/1082 671/633/1051 
f 682/643/1085 670/632/1050 677/638/1057 683/644/1086 
f 683/644/1086 677/638/1057 676/637/1056 684/644/1087 
f 684/644/1087 676/637/1056 679/640/1088 685/645/1089 
f 686/646/1090 642/606/1018 643/607/1018 687/647/1090 
f 686/646/1090 687/647/1090 688/648/1091 689/649/1091 
f 645/603/1018 690/650/1090 679/640/1088 639/603/1016 
f 691/651/1091 685/645/1089 679/640/1088 690/650/1090 
s 2
f 686/646/190 689/649/190 691/651/190 690/650/190 
f 686/646/190 690/650/190 645/603/190 642/606/190 
s 8
f 647/609/1022 635/600/1021 678/639/1092 692/652/1093 
f 692/652/1093 678/639/1092 681/642/1094 693/653/1095 
f 694/654/1096 650/612/1024 651/613/1025 695/655/1096 
f 696/656/1097 694/654/1096 695/655/1096 697/657/1098 
s 1
f 650/612/1028 694/654/1099 698/658/1100 653/615/1029 
f 696/656/1101 699/659/1102 698/658/1100 694/654/1099 
s 2
f 700/660/1103 655/617/1033 653/615/1032 698/658/1104 
f 699/659/1105 701/661/1106 700/660/1103 698/658/1104 
f 657/619/1035 655/617/1033 700/660/1103 702/662/1107 
f 701/661/1106 703/663/1108 702/662/1107 700/660/1103 
f 657/619/1035 702/662/1107 704/664/1109 659/621/1037 
f 703/663/1108 705/665/1110 704/664/1109 702/662/1107 
s 1
f 706/666/1111 661/623/1040 659/621/1041 704/664/1112 
f 707/667/1113 706/666/1111 704/664/1112 705/665/1114 
f 708/668/1115 709/669/1116 710/670/1117 711/671/1118 
f 712/672/1119 713/673/1120 714/674/1121 715/675/1122 
f 680/641/1082 682/643/1085 716/676/1123 717/677/1124 
f 718/678/1125 719/679/1126 720/680/1127 721/681/1128 
f 684/644/1087 722/682/1129 723/682/1130 683/644/1086 
s 2
f 708/668/1131 723/682/1132 716/676/1133 709/669/1134 
s 4
f 723/682/23 708/668/23 711/671/988 683/644/988 
s 2
f 710/670/1135 682/643/1136 683/644/1137 711/671/1138 
s 4
f 709/669/28 716/676/37 682/643/140 710/670/140 
s 2
f 724/683/1139 712/672/1140 715/675/1141 717/677/1142 
s 4
f 717/677/23 715/675/23 714/674/988 680/641/988 
s 2
f 713/673/1143 681/642/1144 680/641/1145 714/674/1146 
s 4
f 713/673/1147 712/672/140 724/683/190 681/642/1147 
s 2
f 725/684/23 720/680/23 719/679/988 685/645/988 
s 4
f 719/679/1148 718/678/1149 684/644/1150 685/645/1151 
s 2
f 718/678/140 721/681/140 722/682/37 684/644/140 
s 4
f 720/680/1152 725/684/1153 722/682/1154 721/681/1155 
s 1
f 726/685/1156 724/683/1157 717/677/1124 727/686/1158 
f 728/687/1159 727/686/1158 717/677/1124 716/676/1123 
f 729/688/1160 728/687/1159 716/676/1123 723/682/1130 
f 730/689/1161 729/688/1160 723/682/1130 722/682/1129 
f 731/690/1162 730/689/1161 722/682/1129 725/684/1163 
f 732/691/1164 733/692/1164 689/649/1091 688/648/1091 
f 733/692/1164 732/691/1164 734/693/1165 735/694/1166 
f 725/684/1163 685/645/1089 691/651/1091 736/695/1164 
f 725/684/1163 736/695/1164 737/690/1165 731/690/1162 
s 2
f 736/695/190 733/692/190 735/694/190 737/690/190 
f 691/651/190 689/649/190 733/692/190 736/695/190 
s 8
f 693/653/1095 681/642/1094 724/683/1167 738/696/1168 
f 739/697/1169 738/696/1168 724/683/1167 726/685/1170 
f 697/657/1098 740/698/1171 741/699/1172 696/656/1097 
f 742/700/1173 741/699/1172 740/698/1171 743/701/1174 
s 1
f 696/656/1101 741/699/1175 744/702/1176 699/659/1102 
f 744/702/1176 741/699/1175 742/700/1177 745/703/1178 
s 2
f 744/702/1179 746/704/1180 701/661/1106 699/659/1105 
f 747/705/1181 746/704/1180 744/702/1179 745/703/1182 
f 701/661/1106 746/704/1180 748/706/1183 703/663/1108 
f 748/706/1183 746/704/1180 747/705/1181 749/707/1184 
f 703/663/1108 748/706/1183 750/708/1185 705/665/1110 
f 750/708/1185 748/706/1183 749/707/1184 751/709/1186 
s 1
f 752/710/1187 707/667/1113 705/665/1114 750/708/1188 
f 751/709/1189 753/711/1190 752/710/1187 750/708/1188 
f 754/712/1191 755/713/1192 756/714/1193 757/715/1194 
f 758/716/1195 759/717/1196 760/718/1197 761/719/1198 
f 762/720/1199 727/686/1158 728/687/1159 763/721/1200 
f 764/722/1201 765/714/1202 766/723/1203 767/724/1204 
f 768/725/1205 729/688/1160 730/689/1161 769/726/1206 
s 2
f 763/721/1207 754/712/1208 757/715/1209 768/725/1210 
s 4
f 768/725/23 757/715/23 756/714/23 729/688/23 
s 2
f 755/713/1211 728/687/1212 729/688/1213 756/714/1214 
s 4
f 763/721/28 728/687/140 755/713/140 754/712/28 
s 2
f 770/727/1215 759/717/1216 758/716/1217 762/720/1218 
s 4
f 762/720/23 758/716/23 761/719/23 727/686/23 
s 2
f 727/686/1219 761/719/1220 760/718/1221 726/685/1222 
s 4
f 770/727/37 726/685/140 760/718/140 759/717/28 
s 2
f 766/723/23 731/690/23 771/728/23 767/724/23 
s 4
f 731/690/1223 766/723/1224 765/714/1225 730/689/1226 
s 2
f 764/722/28 769/726/37 730/689/28 765/714/28 
s 4
f 771/728/1227 769/726/1228 764/722/1229 767/724/1230 
s 1
f 772/729/1231 773/730/1232 770/727/1233 762/720/1199 
f 772/729/1231 762/720/1199 763/721/1200 774/731/1234 
f 768/725/1205 775/732/1235 774/731/1234 763/721/1200 
f 769/726/1206 776/733/1236 775/732/1235 768/725/1205 
f 776/733/1236 769/726/1206 771/728/1237 777/734/1238 
f 778/735/1239 779/736/1240 735/694/1166 734/693/1165 
f 779/736/1240 778/735/1239 780/737/1241 781/738/1241 
f 731/690/1162 737/690/1165 782/739/1239 771/728/1237 
f 783/740/1241 777/734/1238 771/728/1237 782/739/1239 
s 2
f 779/736/190 781/738/190 783/740/190 782/739/190 
f 782/739/190 737/690/190 735/694/190 779/736/190 
s 8
f 726/685/1170 770/727/1242 784/741/1243 739/697/1169 
f 784/741/1243 770/727/1242 773/730/1244 785/742/1245 
f 786/743/1246 742/700/1173 743/701/1174 787/744/1246 
f 787/744/1246 788/745/1247 789/746/1248 786/743/1246 
s 1
f 742/700/1177 786/743/1249 790/747/1250 745/703/1178 
f 791/748/1251 790/747/1250 786/743/1249 789/746/1252 
s 2
f 792/749/1253 747/705/1181 745/703/1182 790/747/1254 
f 792/749/1253 790/747/1254 791/748/1255 793/750/1256 
f 794/751/1257 749/707/1184 747/705/1181 792/749/1253 
f 795/752/1258 794/751/1257 792/749/1253 793/750/1256 
f 749/707/1184 794/751/1257 796/753/1259 751/709/1186 
f 797/754/1260 796/753/1259 794/751/1257 795/752/1258 
s 1
f 798/755/1261 753/711/1190 751/709/1189 796/753/1262 
f 799/756/1263 798/755/1261 796/753/1262 797/754/1264 
f 800/757/1265 801/758/1266 802/759/1267 803/760/1268 
f 804/761/1269 805/762/1270 806/763/1271 807/764/1272 
f 808/765/1273 809/766/1274 772/729/1231 774/731/1234 
f 810/767/1275 811/768/1276 812/758/1277 813/769/1278 
f 775/732/1235 776/733/1236 814/770/1279 815/771/1280 
s 2
f 802/759/1281 815/771/1282 808/765/1283 803/760/1284 
s 4
f 815/771/23 802/759/23 801/758/988 775/732/988 
s 2
f 801/758/1285 800/757/1286 774/731/1287 775/732/1288 
s 4
f 808/765/37 774/731/140 800/757/140 803/760/190 
s 2
f 807/764/1289 809/766/1290 816/772/1291 804/761/1292 
s 4
f 806/763/988 772/729/988 809/766/23 807/764/23 
s 2
f 772/729/1293 806/763/1294 805/762/1295 773/730/1296 
s 4
f 805/762/1147 804/761/190 816/772/190 773/730/1147 
s 2
f 817/773/23 810/767/23 813/769/988 777/734/988 
s 4
f 777/734/1297 813/769/1298 812/758/1299 776/733/1300 
s 2
f 811/768/140 814/770/37 776/733/140 812/758/140 
s 4
f 814/770/1301 811/768/1302 810/767/1303 817/773/1304 
s 1
f 818/774/1305 816/772/1306 809/766/1274 819/775/1307 
f 819/775/1307 809/766/1274 808/765/1273 820/776/1308 
f 821/777/1309 820/776/1308 808/765/1273 815/771/1280 
f 814/770/1279 822/777/1310 821/777/1309 815/771/1280 
f 814/770/1279 817/773/1311 823/778/1312 822/777/1310 
f 824/779/1313 825/780/1313 781/738/1241 780/737/1241 
f 824/779/1313 826/781/1314 827/782/1314 825/780/1313 
f 817/773/1311 777/734/1238 783/740/1241 828/783/1313 
f 829/784/1314 823/778/1312 817/773/1311 828/783/1313 
s 2
f 825/780/190 827/782/190 829/784/190 828/783/190 
f 828/783/190 783/740/190 781/738/190 825/780/190 
s 8
f 773/730/1244 816/772/1315 830/785/1316 785/742/1245 
f 830/785/1316 816/772/1315 818/774/1317 831/786/1318 
f 788/745/1247 832/787/1319 833/788/1319 789/746/1248 
f 832/787/1319 834/789/1320 835/790/1320 833/788/1319 
s 1
f 833/788/1321 836/791/1322 791/748/1251 789/746/1252 
f 835/790/1323 837/792/1324 836/791/1322 833/788/1321 
s 2
f 791/748/1255 836/791/1325 838/793/1326 793/750/1256 
f 838/793/1326 836/791/1325 837/792/1327 839/794/1328 
f 838/793/1326 840/795/1329 795/752/1258 793/750/1256 
f 839/794/1328 841/796/1330 840/795/1329 838/793/1326 
f 797/754/1260 795/752/1258 840/795/1329 842/797/1331 
f 843/798/1332 842/797/1331 840/795/1329 841/796/1330 
s 1
f 844/799/1333 799/756/1263 797/754/1264 842/797/1334 
f 844/799/1333 842/797/1334 843/798/1335 845/800/1336 
f 846/801/1337 847/802/1338 848/803/1339 849/804/1340 
f 850/805/1341 851/806/1342 852/807/1343 853/808/1344 
f 820/776/1308 854/809/1345 855/810/1346 819/775/1307 
f 856/811/1347 857/812/1348 858/813/1349 859/814/1350 
f 821/777/1309 822/777/1310 860/815/1351 861/816/1352 
s 2
f 846/801/1353 861/816/1354 854/809/1355 847/802/1356 
s 4
f 861/816/23 846/801/23 849/804/23 821/777/23 
s 2
f 848/803/1357 820/776/1358 821/777/1359 849/804/1360 
s 4
f 854/809/28 820/776/37 848/803/37 847/802/28 
s 2
f 855/810/1361 862/817/1362 850/805/1363 853/808/1364 
s 4
f 852/807/185 819/775/185 855/810/23 853/808/23 
s 2
f 852/807/1365 851/806/1366 818/774/1367 819/775/1368 
s 4
f 851/806/28 850/805/28 862/817/28 818/774/28 
s 2
f 858/813/185 823/778/185 863/818/185 859/814/23 
s 4
f 823/778/1369 858/813/1370 857/812/1371 822/777/1372 
s 2
f 857/812/37 856/811/28 860/815/28 822/777/37 
s 4
f 859/814/1373 863/818/1374 860/815/1375 856/811/1376 
s 1
f 864/819/1377 865/820/1378 862/817/1379 855/810/1346 
f 864/819/1377 855/810/1346 854/809/1345 866/821/1380 
f 854/809/1345 861/816/1352 867/822/1381 866/821/1380 
f 860/815/1351 868/823/1382 867/822/1381 861/816/1352 
f 868/823/1382 860/815/1351 863/818/1383 869/824/1384 
f 870/825/1385 827/782/1314 826/781/1314 871/826/1385 
f 870/825/1385 871/826/1385 872/827/1386 873/828/1386 
f 863/818/1383 823/778/1312 829/784/1314 874/829/1385 
f 875/824/1386 869/824/1384 863/818/1383 874/829/1385 
s 2
f 873/828/190 875/824/190 874/829/190 870/825/190 
f 874/829/190 829/784/190 827/782/190 870/825/190 
s 8
f 818/774/1317 862/817/1387 876/830/1388 831/786/1318 
f 865/820/1389 877/831/1390 876/830/1388 862/817/1387 
f 834/789/1320 878/832/1391 879/833/1391 835/790/1320 
f 880/834/1392 879/833/1391 878/832/1391 881/835/1392 
s 1
f 835/790/1323 879/833/1393 882/836/1394 837/792/1324 
f 883/837/1395 882/836/1394 879/833/1393 880/834/1396 
s 2
f 837/792/1327 882/836/1397 884/838/1398 839/794/1328 
f 884/838/1398 882/836/1397 883/837/1399 885/839/1400 
f 839/794/1328 884/838/1398 886/840/1401 841/796/1330 
f 887/841/1402 886/840/1401 884/838/1398 885/839/1400 
f 886/840/1401 888/842/1403 843/798/1332 841/796/1330 
f 888/842/1403 886/840/1401 887/841/1402 889/843/1404 
s 1
f 888/842/1405 890/844/1406 845/800/1336 843/798/1335 
f 890/844/1406 888/842/1405 889/843/1407 891/845/1408 
f 892/846/1409 893/847/1410 894/848/1411 895/849/1412 
f 896/850/1413 897/851/1414 898/852/1415 899/853/1416 
f 900/854/1417 864/819/1377 866/821/1380 901/855/1418 
f 902/856/1419 903/857/1420 904/858/1421 905/859/1422 
f 906/860/1423 907/860/1424 867/822/1381 868/823/1382 
s 2
f 901/855/1425 893/847/1426 892/846/1427 907/860/1428 
s 4
f 895/849/988 867/822/988 907/860/23 892/846/185 
s 2
f 867/822/1429 895/849/1430 894/848/1431 866/821/1432 
s 4
f 866/821/140 894/848/140 893/847/37 901/855/37 
s 2
f 897/851/1433 900/854/1434 908/861/1435 898/852/1436 
s 4
f 896/850/988 864/819/988 900/854/23 897/851/23 
s 2
f 864/819/1437 896/850/1438 899/853/1439 865/820/1440 
s 4
f 899/853/140 898/852/190 908/861/37 865/820/140 
s 2
f 909/862/23 902/856/185 905/859/988 869/824/988 
s 4
f 905/859/1441 904/858/1442 868/823/1443 869/824/1444 
s 2
f 906/860/37 868/823/140 904/858/140 903/857/190 
s 4
f 909/862/1445 906/860/1446 903/857/1447 902/856/1448 
s 1
f 910/863/1449 911/864/1450 908/861/1451 900/854/1417 
f 901/855/1418 912/865/1452 910/863/1449 900/854/1417 
f 907/860/1424 913/866/1453 912/865/1452 901/855/1418 
f 906/860/1423 914/867/1454 913/866/1453 907/860/1424 
f 906/860/1423 909/862/1455 915/868/1456 914/867/1454 
f 872/827/1386 916/869/1457 917/870/1457 873/828/1386 
f 918/871/1458 919/872/1458 917/870/1457 916/869/1457 
f 869/824/1384 875/824/1386 920/862/1457 909/862/1455 
f 909/862/1455 920/862/1457 921/873/1458 915/868/1456 
s 2
f 917/870/190 919/872/190 921/873/190 920/862/190 
f 920/862/190 875/824/190 873/828/190 917/870/190 
s 8
f 865/820/1389 908/861/1459 922/874/1460 877/831/1390 
f 911/864/1461 923/875/1462 922/874/1460 908/861/1459 
f 880/834/1392 881/835/1392 924/876/1463 925/877/1463 
f 925/877/1463 924/876/1463 926/878/1464 927/879/1464 
s 1
f 880/834/1396 925/877/1465 928/880/1466 883/837/1395 
f 928/880/1466 925/877/1465 927/879/1467 929/881/1468 
s 2
f 928/880/1469 930/882/1470 885/839/1400 883/837/1399 
f 930/882/1470 928/880/1469 929/881/1471 931/883/1472 
f 885/839/1400 930/882/1470 932/884/1473 887/841/1402 
f 930/882/1470 931/883/1472 933/885/1474 932/884/1473 
f 887/841/1402 932/884/1473 934/886/1475 889/843/1404 
f 932/884/1473 933/885/1474 935/887/1476 934/886/1475 
s 1
f 936/888/1477 891/845/1408 889/843/1407 934/886/1478 
f 937/889/1479 936/888/1477 934/886/1478 935/887/1480 
f 938/890/1481 939/891/1482 940/892/1483 941/893/1484 
f 942/894/1485 943/895/1486 944/896/1487 945/897/1488 
f 910/863/1449 912/865/1452 946/898/1489 947/899/1490 
f 948/900/1491 949/901/1492 950/902/1493 951/903/1494 
f 952/904/1495 913/866/1453 914/867/1454 953/905/1496 
s 2
f 952/904/1497 946/898/1498 938/890/1499 941/893/1500 
s 4
f 952/904/185 941/893/23 940/892/185 913/866/185 
s 2
f 940/892/1501 939/891/1502 912/865/1503 913/866/1504 
s 4
f 939/891/37 938/890/28 946/898/28 912/865/37 
s 2
f 954/906/1505 943/895/1506 942/894/1507 947/899/1508 
s 4
f 947/899/23 942/894/23 945/897/185 910/863/1509 
s 2
f 944/896/1510 911/864/1511 910/863/1512 945/897/1513 
s 4
f 944/896/1514 943/895/28 954/906/28 911/864/1514 
s 2
f 915/868/185 955/907/185 950/902/23 949/901/185 
s 4
f 949/901/1515 948/900/1516 914/867/1517 915/868/1518 
s 2
f 951/903/28 953/905/28 914/867/37 948/900/37 
s 4
f 950/902/1519 955/907/1520 953/905/1521 951/903/1522 
s 1
f 956/908/1523 954/906/1524 947/899/1490 957/909/1525 
f 957/909/1525 947/899/1490 946/898/1489 958/910/1526 
f 958/910/1526 946/898/1489 952/904/1495 959/911/1527 
f 960/911/1528 959/911/1527 952/904/1495 953/905/1496 
f 961/912/1529 960/911/1528 953/905/1496 955/907/1530 
f 962/913/1531 963/914/1531 919/872/1458 918/871/1458 
f 962/913/1531 964/915/1532 965/916/1532 963/914/1531 
f 921/873/1458 966/917/1531 955/907/1530 915/868/1456 
f 967/918/1532 961/912/1529 955/907/1530 966/917/1531 
s 2
f 967/918/190 966/917/190 963/914/190 965/916/190 
f 921/873/190 919/872/190 963/914/190 966/917/190 
s 8
f 954/906/1533 968/919/1534 923/875/1462 911/864/1461 
f 956/908/1535 969/920/1536 968/919/1534 954/906/1533 
f 927/879/1464 926/878/1464 970/921/1537 971/922/1537 
f 970/921/1537 972/923/1538 973/924/1538 971/922/1537 
s 1
f 927/879/1467 971/922/1539 974/925/1540 929/881/1468 
f 974/925/1540 971/922/1539 973/924/1541 975/926/1542 
s 2
f 929/881/1471 974/925/1543 976/927/1544 931/883/1472 
f 977/928/1545 976/927/1544 974/925/1543 975/926/1546 
f 931/883/1472 976/927/1544 978/929/1547 933/885/1474 
f 978/929/1547 976/927/1544 977/928/1545 979/930/1548 
f 933/885/1474 978/929/1547 980/931/1549 935/887/1476 
f 979/930/1548 981/932/1550 980/931/1549 978/929/1547 
s 1
f 935/887/1480 980/931/1551 982/933/1552 937/889/1479 
f 983/934/1553 982/933/1552 980/931/1551 981/932/1554 
f 984/935/1555 985/936/1556 986/937/1557 987/938/1558 
f 988/939/1559 989/940/1560 990/941/1561 991/942/1562 
f 992/943/1563 957/909/1525 958/910/1526 993/944/1564 
f 994/945/1565 995/946/1566 996/938/1567 997/947/1568 
f 998/948/1569 959/911/1527 960/911/1528 999/949/1570 
s 2
f 984/935/1571 998/948/1572 993/944/1573 985/936/1574 
s 4
f 987/938/988 959/911/988 998/948/23 984/935/23 
s 2
f 986/937/1575 958/910/1576 959/911/1577 987/938/1578 
s 4
f 985/936/190 993/944/37 958/910/140 986/937/140 
s 2
f 991/942/1579 990/941/1580 992/943/1581 1000/950/1582 
s 4
f 989/940/988 957/909/988 992/943/23 990/941/23 
s 2
f 957/909/1583 989/940/1584 988/939/1585 956/908/1586 
s 4
f 988/939/140 991/942/190 1000/950/37 956/908/140 
s 2
f 997/947/988 961/912/988 1001/951/23 994/945/185 
s 4
f 961/912/1587 997/947/1588 996/938/1589 960/911/1590 
s 2
f 995/946/190 999/949/37 960/911/140 996/938/140 
s 4
f 1001/951/1591 999/949/1592 995/946/1593 994/945/1594 
s 1
f 992/943/1563 1002/952/1595 1003/953/1596 1000/950/1597 
f 1004/954/1598 1002/952/1595 992/943/1563 993/944/1564 
f 1004/954/1598 993/944/1564 998/948/1569 1005/955/1599 
f 999/949/1570 1006/956/1600 1005/955/1599 998/948/1569 
f 1001/951/1601 1007/957/1602 1006/956/1600 999/949/1570 
f 1008/958/1603 965/916/1532 964/915/1532 1009/945/1603 
f 1010/959/1604 1008/958/1603 1009/945/1603 1011/960/1604 
f 961/912/1529 967/918/1532 1012/961/1603 1001/951/1601 
f 1012/961/1603 1013/962/1604 1007/957/1602 1001/951/1601 
s 2
f 1008/958/190 1010/959/190 1013/962/190 1012/961/190 
f 1012/961/190 967/918/190 965/916/190 1008/958/190 
s 8
f 1014/963/1605 969/920/1536 956/908/1535 1000/950/1606 
f 1015/964/1607 1014/963/1605 1000/950/1606 1003/953/1608 
f 1016/965/1609 973/924/1538 972/923/1538 1017/966/1610 
f 1017/966/1610 1018/967/1611 1019/968/1611 1016/965/1609 
s 1
f 973/924/1541 1016/965/1612 1020/969/1613 975/926/1542 
f 1021/970/1614 1020/969/1613 1016/965/1612 1019/968/1615 
s 2
f 975/926/1546 1020/969/1616 1022/971/1617 977/928/1545 
f 1022/971/1617 1020/969/1616 1021/970/1618 1023/972/1619 
f 1022/971/1617 1024/973/1620 979/930/1548 977/928/1545 
f 1023/972/1619 1025/974/1621 1024/973/1620 1022/971/1617 
f 1026/975/1622 981/932/1550 979/930/1548 1024/973/1620 
f 1027/976/1623 1026/975/1622 1024/973/1620 1025/974/1621 
s 1
f 981/932/1554 1026/975/1624 1028/977/1625 983/934/1553 
f 1029/978/1626 1028/977/1625 1026/975/1624 1027/976/1627 
f 1030/979/1628 1031/980/1629 1032/981/1630 1033/982/1631 
f 1034/983/1632 1035/984/1633 1036/985/1634 1037/986/1635 
f 1002/952/1595 1004/954/1598 1038/987/1636 1039/988/1637 
f 1040/989/1638 1041/990/1639 1042/991/1640 1043/992/1641 
f 1044/993/1642 1045/994/1643 1005/955/1599 1006/956/1600 
s 2
f 1038/987/1644 1031/980/1645 1030/979/1646 1045/994/1647 
s 4
f 1033/982/185 1005/955/185 1045/994/23 1030/979/23 
s 2
f 1005/955/1648 1033/982/1649 1032/981/1650 1004/954/1651 
s 4
f 1031/980/28 1038/987/28 1004/954/37 1032/981/37 
s 2
f 1039/988/1652 1046/995/1653 1037/986/1654 1036/985/1655 
s 4
f 1039/988/23 1036/985/23 1035/984/23 1002/952/23 
s 2
f 1035/984/1656 1034/983/1657 1003/953/1658 1002/952/1659 
s 4
f 1037/986/28 1046/995/28 1003/953/37 1034/983/37 
s 2
f 1047/996/23 1043/992/23 1042/991/185 1007/957/185 
s 4
f 1042/991/1660 1041/990/1661 1006/956/1662 1007/957/1663 
s 2
f 1044/993/28 1006/956/37 1041/990/37 1040/989/28 
s 4
f 1043/992/1664 1047/996/1665 1044/993/1666 1040/989/1667 
s 1
f 1048/997/1668 1046/995/1669 1039/988/1637 1049/998/1670 
f 1038/987/1636 1050/999/1671 1049/998/1670 1039/988/1637 
f 1050/999/1671 1038/987/1636 1045/994/1643 1051/1000/1672 
f 1045/994/1643 1044/993/1642 1052/1001/1673 1051/1000/1672 
f 1052/1001/1673 1044/993/1642 1047/996/1674 1053/1002/1675 
f 1011/960/1604 1054/992/1676 1055/992/1676 1010/959/1604 
f 1055/992/1676 1054/992/1676 1056/1003/1677 1057/1004/1677 
f 1047/996/1674 1007/957/1602 1013/962/1604 1058/1005/1676 
f 1059/1002/1677 1053/1002/1675 1047/996/1674 1058/1005/1676 
s 2
f 1055/992/190 1057/1004/190 1059/1002/190 1058/1005/190 
f 1013/962/190 1010/959/190 1055/992/190 1058/1005/190 
s 8
f 1015/964/1607 1003/953/1608 1046/995/1678 1060/1006/1679 
f 1046/995/1678 1048/997/1680 1061/1007/1681 1060/1006/1679 
f 1019/968/1611 1018/967/1611 1062/1008/1682 1063/1009/1682 
f 1064/1010/1683 1063/1009/1682 1062/1008/1682 1065/1011/1683 
s 1
f 1019/968/1615 1063/1009/1684 1066/1012/1685 1021/970/1614 
f 1063/1009/1684 1064/1010/1686 1067/1013/1687 1066/1012/1685 
s 2
f 1066/1012/1688 1068/1014/1689 1023/972/1619 1021/970/1618 
f 1069/1015/1690 1068/1014/1689 1066/1012/1688 1067/1013/1691 
f 1023/972/1619 1068/1014/1689 1070/1016/1692 1025/974/1621 
f 1071/1017/1693 1070/1016/1692 1068/1014/1689 1069/1015/1690 
f 1072/1018/1694 1027/976/1623 1025/974/1621 1070/1016/1692 
f 1072/1018/1694 1070/1016/1692 1071/1017/1693 1073/1019/1695 
s 1
f 1072/1018/1696 1074/1020/1697 1029/978/1626 1027/976/1627 
f 1072/1018/1696 1073/1019/1698 1075/1021/1699 1074/1020/1697 
f 1076/1022/1700 1077/1023/1701 1078/1024/1702 1079/1025/1703 
f 1080/1026/1704 1081/1027/1705 1082/1028/1706 1083/1029/1707 
f 1049/998/1670 1050/999/1671 1084/1030/1708 1085/1031/1709 
f 1086/1032/1710 1087/1023/1711 1088/1033/1712 1089/1034/1713 
f 1090/1035/1714 1051/1000/1672 1052/1001/1673 1091/1036/1715 
s 2
f 1078/1024/1716 1077/1023/1717 1090/1035/1718 1084/1030/1719 
s 4
f 1076/1022/988 1051/1000/988 1090/1035/23 1077/1023/185 
s 2
f 1079/1025/1720 1050/999/1721 1051/1000/1722 1076/1022/1723 
s 4
f 1078/1024/37 1084/1030/37 1050/999/140 1079/1025/140 
s 2
f 1082/1028/1724 1081/1027/1725 1085/1031/1726 1092/1037/1727 
s 4
f 1080/1026/988 1049/998/988 1085/1031/23 1081/1027/185 
s 2
f 1049/998/1728 1080/1026/1729 1083/1029/1730 1048/997/1731 
s 4
f 1092/1037/37 1048/997/140 1083/1029/140 1082/1028/37 
s 2
f 1089/1034/988 1053/1002/988 1093/1038/23 1086/1032/23 
s 4
f 1053/1002/1732 1089/1034/1733 1088/1033/1734 1052/1001/1735 
s 2
f 1091/1036/37 1052/1001/140 1088/1033/140 1087/1023/37 
s 4
f 1091/1036/1736 1087/1023/1737 1086/1032/1738 1093/1038/1739 
s 1
f 1092/1037/1740 1085/1031/1709 1094/1039/1741 1095/1040/1742 
f 1084/1030/1708 1096/1041/1743 1094/1039/1741 1085/1031/1709 
f 1096/1041/1743 1084/1030/1708 1090/1035/1714 1097/1042/1744 
f 1091/1036/1715 1098/1043/1745 1097/1042/1744 1090/1035/1714 
f 1098/1043/1745 1091/1036/1715 1093/1038/1746 1099/1044/1747 
f 1056/1003/1677 1100/1045/1748 1101/1046/1748 1057/1004/1677 
f 1101/1046/1748 1100/1045/1748 1102/1047/1749 1103/1048/1749 
f 1104/1049/1748 1093/1038/1746 1053/1002/1675 1059/1002/1677 
f 1104/1049/1748 1105/1050/1749 1099/1044/1747 1093/1038/1746 
s 2
f 1101/1046/190 1103/1048/190 1105/1050/190 1104/1049/190 
f 1104/1049/190 1059/1002/190 1057/1004/190 1101/1046/190 
s 8
f 1061/1007/1681 1048/997/1680 1092/1037/1750 1106/1051/1751 
f 1095/1040/1752 1107/1052/1753 1106/1051/1751 1092/1037/1750 
f 1108/1053/1754 1064/1010/1683 1065/1011/1683 1109/1054/1754 
f 1109/1054/1754 1110/1055/1755 1111/1056/1755 1108/1053/1754 
s 1
f 1064/1010/1686 1108/1053/1756 1112/1057/1757 1067/1013/1687 
f 1113/1058/1758 1112/1057/1757 1108/1053/1756 1111/1056/1759 
s 2
f 1067/1013/1691 1112/1057/1760 1114/1059/1761 1069/1015/1690 
f 1114/1059/1761 1112/1057/1760 1113/1058/1762 1115/1060/1763 
f 1116/1061/1764 1071/1017/1693 1069/1015/1690 1114/1059/1761 
f 1117/1062/1765 1116/1061/1764 1114/1059/1761 1115/1060/1763 
f 1071/1017/1693 1116/1061/1764 1118/1063/1766 1073/1019/1695 
f 1118/1063/1766 1116/1061/1764 1117/1062/1765 1119/1064/1767 
s 1
f 1073/1019/1698 1118/1063/1768 1120/1065/1769 1075/1021/1699 
f 1121/1066/1770 1120/1065/1769 1118/1063/1768 1119/1064/1771 
f 1122/1067/1772 1123/1068/1773 1124/1069/1774 1125/1070/1775 
f 1126/1071/1776 1127/1072/1777 1128/1073/1778 1129/1074/1779 
f 1130/1075/1780 1094/1039/1741 1096/1041/1743 1131/1076/1781 
f 1132/1077/1782 1133/1067/1783 1134/1078/1784 1135/1047/1785 
f 1136/1079/1786 1137/1079/1787 1097/1042/1744 1098/1043/1745 
s 2
f 1123/1068/1788 1122/1067/1789 1137/1079/1790 1131/1076/1791 
s 4
f 1125/1070/23 1097/1042/23 1137/1079/23 1122/1067/23 
s 2
f 1124/1069/1792 1096/1041/1793 1097/1042/1794 1125/1070/1795 
s 4
f 1124/1069/1514 1123/1068/28 1131/1076/28 1096/1041/1514 
s 2
f 1129/1074/1796 1128/1073/1797 1130/1075/1798 1138/1080/1799 
s 4
f 1127/1072/23 1094/1039/23 1130/1075/23 1128/1073/23 
s 2
f 1127/1072/1800 1126/1071/1801 1095/1040/1802 1094/1039/1803 
s 4
f 1129/1074/28 1138/1080/28 1095/1040/1514 1126/1071/1514 
s 2
f 1099/1044/23 1139/1081/185 1132/1077/185 1135/1047/23 
s 4
f 1099/1044/1804 1135/1047/1805 1134/1078/1806 1098/1043/1807 
s 2
f 1133/1067/28 1136/1079/28 1098/1043/37 1134/1078/37 
s 4
f 1132/1077/1808 1139/1081/1809 1136/1079/1810 1133/1067/1811 
s 1
f 1138/1080/1812 1130/1075/1780 1140/1082/1813 1141/1083/1814 
f 1140/1082/1813 1130/1075/1780 1131/1076/1781 1142/1084/1815 
f 1143/1085/1816 1142/1084/1815 1131/1076/1781 1137/1079/1787 
f 1144/1085/1817 1143/1085/1816 1137/1079/1787 1136/1079/1786 
f 1144/1085/1817 1136/1079/1786 1139/1081/1818 1145/1086/1819 
f 1146/1077/1820 1147/1087/1820 1103/1048/1749 1102/1047/1749 
f 1146/1077/1820 1148/1088/1821 1149/1089/1821 1147/1087/1820 
f 1105/1050/1749 1150/1081/1820 1139/1081/1818 1099/1044/1747 
f 1145/1086/1819 1139/1081/1818 1150/1081/1820 1151/1090/1821 
s 2
f 1151/1090/37 1150/1081/37 1147/1087/37 1149/1089/37 
f 1103/1048/190 1147/1087/37 1150/1081/37 1105/1050/190 
s 8
f 1107/1052/1753 1095/1040/1752 1138/1080/1822 1152/1091/1823 
f 1152/1091/1823 1138/1080/1822 1141/1083/1824 1153/1092/1825 
f 1111/1056/1755 1110/1055/1755 1154/1093/1826 1155/1094/1827 
f 1156/1095/1828 1155/1094/1827 1154/1093/1826 1157/1096/1828 
s 1
f 1155/1094/1829 1158/1097/1830 1113/1058/1758 1111/1056/1759 
f 1158/1097/1830 1155/1094/1829 1156/1095/1831 1159/1098/1832 
s 2
f 1158/1097/1833 1160/1099/1834 1115/1060/1763 1113/1058/1762 
f 1161/1100/1835 1160/1099/1834 1158/1097/1833 1159/1098/1836 
f 1115/1060/1763 1160/1099/1834 1162/1101/1837 1117/1062/1765 
f 1161/1100/1835 1163/1102/1838 1162/1101/1837 1160/1099/1834 
f 1162/1101/1837 1164/1103/1839 1119/1064/1767 1117/1062/1765 
f 1164/1103/1839 1162/1101/1837 1163/1102/1838 1165/1104/1840 
s 1
f 1119/1064/1771 1164/1103/1841 1166/1105/1842 1121/1066/1770 
f 1164/1103/1841 1165/1104/1843 1167/1106/1844 1166/1105/1842 
f 1168/1107/1845 1169/1108/1846 1170/1109/1847 1171/1110/1848 
f 1172/1111/1849 1173/1112/1850 1174/1113/1851 1175/1114/1852 
f 1142/1084/1815 1176/1115/1853 1177/1116/1854 1140/1082/1813 
f 1178/1088/1855 1179/1117/1856 1180/1107/1857 1181/1110/1858 
f 1143/1085/1816 1144/1085/1817 1182/1118/1859 1183/1119/1860 
s 2
f 1168/1107/1861 1183/1119/1862 1176/1115/1863 1169/1108/1864 
s 4
f 1143/1085/184 1183/1119/185 1168/1107/185 1171/1110/184 
s 2
f 1170/1109/1865 1142/1084/1866 1143/1085/1867 1171/1110/1868 
s 4
f 1176/1115/37 1142/1084/190 1170/1109/190 1169/1108/37 
s 2
f 1174/1113/1869 1177/1116/1870 1184/1120/1871 1175/1114/1872 
s 4
f 1173/1112/184 1140/1082/184 1177/1116/185 1174/1113/185 
s 2
f 1172/1111/1873 1141/1083/1874 1140/1082/1875 1173/1112/1876 
s 4
f 1172/1111/190 1175/1114/37 1184/1120/37 1141/1083/190 
s 2
f 1185/1121/185 1179/1117/23 1178/1088/184 1145/1086/184 
s 4
f 1181/1110/1877 1144/1085/1878 1145/1086/1879 1178/1088/1880 
s 2
f 1180/1107/37 1182/1118/37 1144/1085/190 1181/1110/190 
s 4
f 1179/1117/1881 1185/1121/1882 1182/1118/1883 1180/1107/1884 
s 1
f 1177/1116/1854 1186/1122/1885 1187/1123/1886 1184/1120/1887 
f 1176/1115/1853 1188/1124/1888 1186/1122/1885 1177/1116/1854 
f 1189/1125/1889 1188/1124/1888 1176/1115/1853 1183/1119/1860 
f 1182/1118/1859 1190/1125/1890 1189/1125/1889 1183/1119/1860 
f 1191/1126/1891 1190/1125/1890 1182/1118/1859 1185/1121/1892 
f 1149/1089/1821 1148/1088/1821 1192/1127/1893 1193/1117/1893 
f 1193/1117/1893 1192/1127/1893 1194/1128/1894 1195/1129/1894 
f 1145/1086/1819 1151/1090/1821 1196/1121/1893 1185/1121/1892 
f 1191/1126/1891 1185/1121/1892 1196/1121/1893 1197/1130/1894 
s 2
f 1195/1129/37 1197/1130/37 1196/1121/37 1193/1117/37 
f 1151/1090/37 1149/1089/37 1193/1117/37 1196/1121/37 
s 8
f 1153/1092/1825 1141/1083/1824 1184/1120/1895 1198/1131/1896 
f 1198/1131/1896 1184/1120/1895 1187/1123/1897 1199/1132/1898 
f 1156/1095/1828 1157/1096/1828 1200/1133/1899 1201/1134/1899 
f 1200/1133/1899 1202/1135/1900 1203/1136/1900 1201/1134/1899 
s 1
f 1156/1095/1831 1201/1134/1901 1204/1137/1902 1159/1098/1832 
f 1204/1137/1902 1201/1134/1901 1203/1136/1903 1205/1138/1904 
s 2
f 1204/1137/1905 1206/1139/1906 1161/1100/1835 1159/1098/1836 
f 1207/1140/1907 1206/1139/1906 1204/1137/1905 1205/1138/1908 
f 1161/1100/1835 1206/1139/1906 1208/1141/1909 1163/1102/1838 
f 1208/1141/1909 1206/1139/1906 1207/1140/1907 1209/1142/1910 
f 1163/1102/1838 1208/1141/1909 1210/1143/1911 1165/1104/1840 
f 1209/1142/1910 1211/1144/1912 1210/1143/1911 1208/1141/1909 
s 1
f 1212/1145/1913 1167/1106/1844 1165/1104/1843 1210/1143/1914 
f 1210/1143/1914 1211/1144/1915 1213/1146/1916 1212/1145/1913 
f 1214/1147/1917 1215/1148/1918 1216/1149/1919 1217/1150/1920 
f 1218/1151/1921 1219/1152/1922 1220/1153/1923 1221/1154/1924 
f 1186/1122/1885 1188/1124/1888 1222/1155/1925 1223/1156/1926 
f 1224/1157/1927 1225/1128/1928 1226/1158/1929 1227/1159/1930 
f 1228/1160/1931 1229/1161/1932 1189/1125/1889 1190/1125/1890 
s 2
f 1222/1155/1933 1215/1148/1934 1214/1147/1935 1229/1161/1936 
s 4
f 1217/1150/23 1189/1125/23 1229/1161/23 1214/1147/23 
s 2
f 1189/1125/1937 1217/1150/1938 1216/1149/1939 1188/1124/1940 
s 4
f 1222/1155/28 1188/1124/28 1216/1149/28 1215/1148/28 
s 2
f 1219/1152/1941 1223/1156/1942 1230/1162/1943 1220/1153/1944 
s 4
f 1218/1151/23 1186/1122/23 1223/1156/23 1219/1152/185 
s 2
f 1218/1151/1945 1221/1154/1946 1187/1123/1947 1186/1122/1948 
s 4
f 1187/1123/113 1221/1154/113 1220/1153/28 1230/1162/28 
s 2
f 1191/1126/23 1231/1163/23 1226/1158/185 1225/1128/23 
s 4
f 1225/1128/1949 1224/1157/1950 1190/1125/1951 1191/1126/1952 
s 2
f 1228/1160/28 1190/1125/28 1224/1157/28 1227/1159/28 
s 4
f 1228/1160/1953 1227/1159/1954 1226/1158/1955 1231/1163/1956 
s 1
f 1232/1164/1957 1230/1162/1958 1223/1156/1926 1233/1165/1959 
f 1222/1155/1925 1234/1166/1960 1233/1165/1959 1223/1156/1926 
f 1229/1161/1932 1235/1167/1961 1234/1166/1960 1222/1155/1925 
f 1236/1168/1962 1235/1167/1961 1229/1161/1932 1228/1160/1931 
f 1237/1169/1963 1236/1168/1962 1228/1160/1931 1231/1163/1964 
f 1194/1128/1894 1238/1170/1965 1239/1171/1965 1195/1129/1894 
f 1240/1172/1966 1239/1171/1965 1238/1170/1965 1241/1173/1966 
f 1191/1126/1891 1197/1130/1894 1242/1174/1965 1231/1163/1964 
f 1242/1174/1965 1243/1175/1966 1237/1169/1963 1231/1163/1964 
s 2
f 1239/1171/37 1240/1172/37 1243/1175/37 1242/1174/37 
f 1242/1174/37 1197/1130/37 1195/1129/37 1239/1171/37 
s 8
f 1244/1176/1967 1199/1132/1898 1187/1123/1897 1230/1162/1968 
f 1232/1164/1969 1245/1177/1970 1244/1176/1967 1230/1162/1968 
f 1246/1178/1971 1203/1136/1900 1202/1135/1900 1247/1179/1971 
f 1248/1180/1972 1246/1178/1971 1247/1179/1971 1249/1181/1972 
s 1
f 1246/1178/1973 1250/1182/1974 1205/1138/1904 1203/1136/1903 
f 1250/1182/1974 1246/1178/1973 1248/1180/1975 1251/1183/1976 
s 2
f 1252/1184/1977 1207/1140/1907 1205/1138/1908 1250/1182/1978 
f 1252/1184/1977 1250/1182/1978 1251/1183/1979 1253/1185/1980 
f 1252/1184/1977 1254/1186/1981 1209/1142/1910 1207/1140/1907 
f 1254/1186/1981 1252/1184/1977 1253/1185/1980 1255/1187/1982 
f 1254/1186/1981 1256/1188/1983 1211/1144/1912 1209/1142/1910 
f 1257/1189/1984 1256/1188/1983 1254/1186/1981 1255/1187/1982 
s 1
f 1211/1144/1915 1256/1188/1985 1258/1190/1986 1213/1146/1916 
f 1259/1191/1987 1258/1190/1986 1256/1188/1985 1257/1189/1988 
f 1260/1192/1989 1261/1193/1990 1262/1194/1991 1263/1195/1992 
f 1264/1196/1993 1265/1197/1994 1266/1198/1995 1267/1199/1996 
f 1234/1166/1960 1268/1200/1997 1269/1201/1998 1233/1165/1959 
f 1270/1173/1999 1271/1202/2000 1272/1203/2001 1273/1195/2002 
f 1236/1168/1962 1274/1204/2003 1275/1204/2004 1235/1167/1961 
s 2
f 1275/1204/2005 1268/1200/2006 1261/1193/2007 1260/1192/2008 
s 4
f 1260/1192/23 1263/1195/184 1235/1167/184 1275/1204/185 
s 2
f 1263/1195/2009 1262/1194/2010 1234/1166/2011 1235/1167/2012 
s 4
f 1261/1193/37 1268/1200/37 1234/1166/190 1262/1194/190 
s 2
f 1269/1201/2013 1276/1205/2014 1265/1197/2015 1264/1196/2016 
s 4
f 1233/1165/184 1269/1201/185 1264/1196/23 1267/1199/184 
s 2
f 1233/1165/2017 1267/1199/2018 1266/1198/2019 1232/1164/2020 
s 4
f 1232/1164/190 1266/1198/190 1265/1197/37 1276/1205/37 
s 2
f 1237/1169/184 1277/1206/185 1271/1202/23 1270/1173/184 
s 4
f 1270/1173/2021 1273/1195/2022 1236/1168/2023 1237/1169/2024 
s 2
f 1272/1203/37 1274/1204/37 1236/1168/190 1273/1195/190 
s 4
f 1272/1203/2025 1271/1202/2026 1277/1206/2027 1274/1204/2028 
s 1
f 1278/1207/2029 1276/1205/2030 1269/1201/1998 1279/1208/2031 
f 1268/1200/1997 1280/1209/2032 1279/1208/2031 1269/1201/1998 
f 1275/1204/2004 1281/1210/2033 1280/1209/2032 1268/1200/1997 
f 1282/1211/2034 1281/1210/2033 1275/1204/2004 1274/1204/2003 
f 1283/1212/2035 1282/1211/2034 1274/1204/2003 1277/1206/2036 
f 1284/1213/2037 1285/1213/2037 1240/1172/1966 1241/1173/1966 
f 1286/1214/2038 1285/1213/2037 1284/1213/2037 1287/1215/2038 
f 1243/1175/1966 1288/1216/2037 1277/1206/2036 1237/1169/1963 
f 1289/1217/2038 1283/1212/2035 1277/1206/2036 1288/1216/2037 
s 2
f 1285/1213/37 1286/1214/37 1289/1217/37 1288/1216/37 
f 1288/1216/37 1243/1175/37 1240/1172/37 1285/1213/37 
s 8
f 1290/1218/2039 1245/1177/1970 1232/1164/1969 1276/1205/2040 
f 1290/1218/2039 1276/1205/2040 1278/1207/2041 1291/1219/2042 
f 1248/1180/1972 1249/1181/1972 1292/1220/2043 1293/1221/2043 
f 1292/1220/2043 1294/1222/2044 1295/1223/2044 1293/1221/2043 
s 1
f 1296/1224/2045 1251/1183/1976 1248/1180/1975 1293/1221/2046 
f 1295/1223/2047 1297/1225/2048 1296/1224/2045 1293/1221/2046 
s 2
f 1251/1183/1979 1296/1224/2049 1298/1226/2050 1253/1185/1980 
f 1299/1227/2051 1298/1226/2050 1296/1224/2049 1297/1225/2052 
f 1253/1185/1980 1298/1226/2050 1300/1228/2053 1255/1187/1982 
f 1301/1229/2054 1300/1228/2053 1298/1226/2050 1299/1227/2051 
f 1255/1187/1982 1300/1228/2053 1302/1230/2055 1257/1189/1984 
f 1303/1231/2056 1302/1230/2055 1300/1228/2053 1301/1229/2054 
s 1
f 1304/1232/2057 1259/1191/1987 1257/1189/1988 1302/1230/2058 
f 1305/1233/2059 1304/1232/2057 1302/1230/2058 1303/1231/2060 
f 1306/1234/2061 1307/1235/2062 1308/1236/2063 1309/1237/2064 
f 1310/1238/2065 1311/1239/2066 1312/1240/2067 1313/1241/2068 
f 1314/1242/2069 1315/1243/2070 1279/1208/2031 1280/1209/2032 
f 1316/1244/2071 1317/1214/2072 1318/1245/2073 1319/1246/2074 
f 1282/1211/2034 1320/1247/2075 1321/1248/2076 1281/1210/2033 
s 2
f 1314/1242/2077 1307/1235/2078 1306/1234/2079 1321/1248/2080 
s 4
f 1281/1210/23 1321/1248/23 1306/1234/23 1309/1237/23 
s 2
f 1309/1237/2081 1308/1236/2082 1280/1209/2083 1281/1210/2084 
s 4
f 1314/1242/28 1280/1209/28 1308/1236/28 1307/1235/28 
s 2
f 1310/1238/2085 1315/1243/2086 1322/1249/2087 1311/1239/2088 
s 4
f 1279/1208/108 1315/1243/23 1310/1238/23 1313/1241/108 
s 2
f 1279/1208/2089 1313/1241/2090 1312/1240/2091 1278/1207/2092 
s 4
f 1312/1240/113 1311/1239/28 1322/1249/28 1278/1207/113 
s 2
f 1323/1250/23 1318/1245/23 1317/1214/23 1283/1212/23 
s 4
f 1283/1212/2093 1317/1214/2094 1316/1244/2095 1282/1211/2096 
s 2
f 1320/1247/28 1282/1211/28 1316/1244/28 1319/1246/28 
s 4
f 1318/1245/2097 1323/1250/2098 1320/1247/2099 1319/1246/2100 
s 1
f 1322/1249/2101 1315/1243/2070 1324/1251/2102 1325/1252/2103 
f 1315/1243/2070 1314/1242/2069 1326/1253/2104 1324/1251/2102 
f 1321/1248/2076 1327/1254/2105 1326/1253/2104 1314/1242/2069 
f 1328/1255/2106 1327/1254/2105 1321/1248/2076 1320/1247/2075 
f 1323/1250/2107 1329/1256/2108 1328/1255/2106 1320/1247/2075 
f 1330/1257/2109 1331/1258/2109 1286/1214/2038 1287/1215/2038 
f 1332/1259/2110 1331/1258/2109 1330/1257/2109 1333/1260/2110 
f 1323/1250/2107 1283/1212/2035 1289/1217/2038 1334/1261/2109 
f 1335/1256/2110 1329/1256/2108 1323/1250/2107 1334/1261/2109 
s 2
f 1331/1258/1514 1332/1259/1514 1335/1256/1514 1334/1261/1514 
f 1289/1217/37 1286/1214/37 1331/1258/1514 1334/1261/1514 
s 8
f 1291/1219/2042 1278/1207/2041 1322/1249/2111 1336/1262/2112 
f 1325/1252/2113 1337/1263/2114 1336/1262/2112 1322/1249/2111 
f 1295/1223/2044 1294/1222/2044 1338/1264/2115 1339/1265/2115 
f 1340/1266/2116 1339/1265/2115 1338/1264/2115 1341/1267/2116 
s 1
f 1342/1268/2117 1297/1225/2048 1295/1223/2047 1339/1265/2118 
f 1340/1266/2119 1343/1269/2120 1342/1268/2117 1339/1265/2118 
s 2
f 1297/1225/2052 1342/1268/2121 1344/1270/2122 1299/1227/2051 
f 1344/1270/2122 1342/1268/2121 1343/1269/2123 1345/1271/2124 
f 1299/1227/2051 1344/1270/2122 1346/1272/2125 1301/1229/2054 
f 1347/1273/2126 1346/1272/2125 1344/1270/2122 1345/1271/2124 
f 1301/1229/2054 1346/1272/2125 1348/1274/2127 1303/1231/2056 
f 1349/1275/2128 1348/1274/2127 1346/1272/2125 1347/1273/2126 
s 1
f 1350/1276/2129 1305/1233/2059 1303/1231/2060 1348/1274/2130 
f 1351/1277/2131 1350/1276/2129 1348/1274/2130 1349/1275/2132 
f 1352/1278/2133 1353/1279/2134 1354/1280/2135 1355/1281/2136 
f 1356/1282/2137 1357/1283/2138 1358/1284/2139 1359/1285/2140 
f 1324/1251/2102 1326/1253/2104 1360/1286/2141 1361/1287/2142 
f 1362/1288/2143 1363/1280/2144 1364/1289/2145 1365/1290/2146 
f 1366/1291/2147 1367/1292/2148 1327/1254/2105 1328/1255/2106 
s 2
f 1355/1281/2149 1367/1292/2150 1360/1286/2151 1352/1278/2152 
s 4
f 1354/1280/184 1327/1254/184 1367/1292/185 1355/1281/185 
s 2
f 1327/1254/2153 1354/1280/2154 1353/1279/2155 1326/1253/2156 
s 4
f 1360/1286/37 1326/1253/190 1353/1279/190 1352/1278/37 
s 2
f 1357/1283/2157 1361/1287/2158 1368/1293/2159 1358/1284/2160 
s 4
f 1356/1282/184 1324/1251/184 1361/1287/185 1357/1283/23 
s 2
f 1324/1251/2161 1356/1282/2162 1359/1285/2163 1325/1252/2164 
s 4
f 1358/1284/37 1368/1293/37 1325/1252/190 1359/1285/190 
s 2
f 1364/1289/184 1329/1256/184 1369/1294/185 1365/1290/23 
s 4
f 1363/1280/2165 1328/1255/2166 1329/1256/2167 1364/1289/2168 
s 2
f 1366/1291/37 1328/1255/190 1363/1280/190 1362/1288/37 
s 4
f 1366/1291/2169 1362/1288/2170 1365/1290/2171 1369/1294/2172 
s 1
f 1368/1293/2173 1361/1287/2142 1370/1295/2174 1371/1296/2175 
f 1370/1295/2174 1361/1287/2142 1360/1286/2141 1372/1297/2176 
f 1360/1286/2141 1367/1292/2148 1373/1298/2177 1372/1297/2176 
f 1366/1291/2147 1374/1299/2178 1373/1298/2177 1367/1292/2148 
f 1374/1299/2178 1366/1291/2147 1369/1294/2179 1375/1300/2180 
f 1376/1301/2181 1377/1302/2181 1332/1259/2110 1333/1260/2110 
f 1376/1301/2181 1378/1303/2182 1379/1304/2182 1377/1302/2181 
f 1329/1256/2108 1335/1256/2110 1380/1305/2181 1369/1294/2179 
f 1369/1294/2179 1380/1305/2181 1381/1300/2182 1375/1300/2180 
s 2
f 1379/1304/1514 1381/1300/1514 1380/1305/1514 1377/1302/1514 
f 1380/1305/1514 1335/1256/1514 1332/1259/1514 1377/1302/1514 
s 8
f 1325/1252/2113 1368/1293/2183 1382/1306/2184 1337/1263/2114 
f 1368/1293/2183 1371/1296/2185 1383/1307/2186 1382/1306/2184 
f 1340/1266/2116 1341/1267/2116 1384/1308/2187 1385/1309/2188 
f 1386/1310/2189 1385/1309/2188 1384/1308/2187 1387/1311/2189 
s 1
f 1340/1266/2119 1385/1309/2190 1388/1312/2191 1343/1269/2120 
f 1388/1312/2191 1385/1309/2190 1386/1310/2192 1389/1313/2193 
s 2
f 1390/1314/2194 1345/1271/2124 1343/1269/2123 1388/1312/2195 
f 1388/1312/2195 1389/1313/2196 1391/1315/2197 1390/1314/2194 
f 1392/1316/2198 1347/1273/2126 1345/1271/2124 1390/1314/2194 
f 1393/1317/2199 1392/1316/2198 1390/1314/2194 1391/1315/2197 
f 1347/1273/2126 1392/1316/2198 1394/1318/2200 1349/1275/2128 
f 1395/1319/2201 1394/1318/2200 1392/1316/2198 1393/1317/2199 
s 1
f 1396/1320/2202 1351/1277/2131 1349/1275/2132 1394/1318/2203 
f 1397/1321/2204 1396/1320/2202 1394/1318/2203 1395/1319/2205 
f 1398/1322/2206 1399/1323/2207 1400/1324/2208 1401/1325/2209 
f 1402/1326/2210 1403/1327/2211 1404/1328/2212 1405/1329/2213 
f 1370/1295/2174 1372/1297/2176 1406/1330/2214 1407/1331/2215 
f 1408/1332/2216 1409/1333/2217 1410/1325/2218 1411/1324/2219 
f 1373/1298/2177 1374/1299/2178 1412/1334/2220 1413/1335/2221 
s 2
f 1401/1325/2222 1413/1335/2223 1406/1330/2224 1398/1322/2225 
s 4
f 1401/1325/23 1400/1324/23 1373/1298/23 1413/1335/23 
s 2
f 1400/1324/2226 1399/1323/2227 1372/1297/2228 1373/1298/2229 
s 4
f 1372/1297/28 1399/1323/28 1398/1322/28 1406/1330/28 
s 2
f 1414/1336/2230 1405/1329/2231 1404/1328/2232 1407/1331/2233 
s 4
f 1404/1328/185 1403/1327/23 1370/1295/23 1407/1331/23 
s 2
f 1403/1327/2234 1402/1326/2235 1371/1296/2236 1370/1295/2237 
s 4
f 1371/1296/28 1402/1326/28 1405/1329/28 1414/1336/28 
s 2
f 1415/1337/23 1409/1333/23 1408/1332/23 1375/1300/23 
s 4
f 1375/1300/2238 1408/1332/2239 1411/1324/2240 1374/1299/2241 
s 2
f 1411/1324/28 1410/1325/28 1412/1334/28 1374/1299/28 
s 4
f 1410/1325/2242 1409/1333/2243 1415/1337/2244 1412/1334/2245 
s 1
f 1416/1338/2246 1417/1339/2247 1414/1336/2248 1407/1331/2215 
f 1407/1331/2215 1406/1330/2214 1418/1340/2249 1416/1338/2246 
f 1413/1335/2221 1419/1341/2250 1418/1340/2249 1406/1330/2214 
f 1420/1341/2251 1419/1341/2250 1413/1335/2221 1412/1334/2220 
f 1415/1337/2252 1421/1342/2253 1420/1341/2251 1412/1334/2220 
f 1422/1343/2254 1423/1344/2254 1379/1304/2182 1378/1303/2182 
f 1424/1345/2255 1425/1345/2255 1423/1344/2254 1422/1343/2254 
f 1415/1337/2252 1375/1300/2180 1381/1300/2182 1426/1337/2254 
f 1421/1342/2253 1415/1337/2252 1426/1337/2254 1427/1346/2255 
s 2
f 1423/1344/1514 1425/1345/1514 1427/1346/1514 1426/1337/1514 
f 1426/1337/1514 1381/1300/1514 1379/1304/1514 1423/1344/1514 
s 8
f 1428/1347/2256 1383/1307/2186 1371/1296/2185 1414/1336/2257 
f 1417/1339/2258 1429/1348/2259 1428/1347/2256 1414/1336/2257 
f 1430/1349/2260 1386/1310/2189 1387/1311/2189 1431/1350/2260 
f 1432/1351/2261 1433/1352/2261 1430/1349/2260 1431/1350/2260 
s 1
f 1386/1310/2192 1430/1349/2262 1434/1353/2263 1389/1313/2193 
f 1434/1353/2263 1430/1349/2262 1433/1352/2264 1435/1354/2265 
s 2
f 1436/1355/2266 1391/1315/2197 1389/1313/2196 1434/1353/2267 
f 1435/1354/2268 1437/1356/2269 1436/1355/2266 1434/1353/2267 
f 1391/1315/2197 1436/1355/2266 1438/1357/2270 1393/1317/2199 
f 1439/1358/2271 1438/1357/2270 1436/1355/2266 1437/1356/2269 
f 1438/1357/2270 1440/1359/2272 1395/1319/2201 1393/1317/2199 
f 1441/1360/2273 1440/1359/2272 1438/1357/2270 1439/1358/2271 
s 1
f 1442/1361/2274 1397/1321/2204 1395/1319/2205 1440/1359/2275 
f 1443/1362/2276 1442/1361/2274 1440/1359/2275 1441/1360/2277 
f 1444/1363/2278 1445/1364/2279 1446/1365/2280 1447/1366/2281 
f 1448/1367/2282 1449/1368/2283 1450/1369/2284 1451/1370/2285 
f 1452/1371/2286 1416/1338/2246 1418/1340/2249 1453/1372/2287 
f 1454/1373/2288 1455/1374/2289 1456/1375/2290 1457/1376/2291 
f 1458/1377/2292 1419/1341/2250 1420/1341/2251 1459/1378/2293 
s 2
f 1458/1377/2294 1453/1372/2295 1446/1365/2296 1445/1364/2297 
s 4
f 1444/1363/184 1419/1341/184 1458/1377/185 1445/1364/23 
s 2
f 1419/1341/2298 1444/1363/2299 1447/1366/2300 1418/1340/2301 
s 4
f 1446/1365/37 1453/1372/37 1418/1340/190 1447/1366/190 
s 2
f 1451/1370/2302 1450/1369/2303 1452/1371/2304 1460/1379/2305 
s 4
f 1449/1368/184 1416/1338/184 1452/1371/185 1450/1369/23 
s 2
f 1448/1367/2306 1417/1339/2307 1416/1338/2308 1449/1368/2309 
s 4
f 1451/1370/37 1460/1379/37 1417/1339/2310 1448/1367/2310 
s 2
f 1455/1374/184 1421/1342/184 1461/1380/185 1456/1375/23 
s 4
f 1455/1374/2311 1454/1373/2312 1420/1341/2313 1421/1342/2314 
s 2
f 1454/1373/190 1457/1376/37 1459/1378/37 1420/1341/190 
s 4
f 1461/1380/2315 1459/1378/2316 1457/1376/2317 1456/1375/2318 
s 1
f 1462/1381/2319 1460/1379/2320 1452/1371/2286 1463/1382/2321 
f 1464/1383/2322 1463/1382/2321 1452/1371/2286 1453/1372/2287 
f 1458/1377/2292 1465/1384/2323 1464/1383/2322 1453/1372/2287 
f 1459/1378/2293 1466/1385/2324 1465/1384/2323 1458/1377/2292 
f 1466/1385/2324 1459/1378/2293 1461/1380/2325 1467/1386/2326 
f 1468/1387/2327 1425/1345/2255 1424/1345/2255 1469/1388/2327 
f 1470/1389/2328 1468/1387/2327 1469/1388/2327 1471/1390/2328 
f 1461/1380/2325 1421/1342/2253 1427/1346/2255 1472/1391/2327 
f 1467/1386/2326 1461/1380/2325 1472/1391/2327 1473/1392/2328 
s 2
f 1470/1389/1514 1473/1392/1514 1472/1391/1514 1468/1387/1514 
f 1427/1346/1514 1425/1345/1514 1468/1387/1514 1472/1391/1514 
s 8
f 1417/1339/2258 1460/1379/2329 1474/1393/2330 1429/1348/2259 
f 1462/1381/2331 1475/1394/2332 1474/1393/2330 1460/1379/2329 
f 1476/1395/2333 1433/1352/2261 1432/1351/2261 1477/1396/2333 
f 1478/1397/2334 1476/1395/2333 1477/1396/2333 1479/1398/2335 
s 1
f 1480/1399/2336 1435/1354/2265 1433/1352/2264 1476/1395/2337 
f 1476/1395/2337 1478/1397/2338 1481/1400/2339 1480/1399/2336 
s 2
f 1435/1354/2268 1480/1399/2340 1482/1401/2341 1437/1356/2269 
f 1482/1401/2341 1480/1399/2340 1481/1400/2342 1483/1402/2343 
f 1437/1356/2269 1482/1401/2341 1484/1403/2344 1439/1358/2271 
f 1483/1402/2343 1485/1404/2345 1484/1403/2344 1482/1401/2341 
f 1486/1405/2346 1441/1360/2273 1439/1358/2271 1484/1403/2344 
f 1486/1405/2346 1484/1403/2344 1485/1404/2345 1487/1406/2347 
s 1
f 1486/1405/2348 1488/1407/2349 1443/1362/2276 1441/1360/2277 
f 1487/1406/2350 1489/1408/2351 1488/1407/2349 1486/1405/2348 
f 1490/1409/2352 1491/1410/2353 1492/1411/2354 1493/1412/2355 
f 1494/1413/2356 1495/1414/2357 1496/1415/2358 1497/1416/2359 
f 1498/1417/2360 1499/1418/2361 1500/1419/2362 1501/1420/2360 
f 1502/1421/2363 1503/1422/2364 1504/31/2365 1505/29/2366 
f 1506/1423/2367 1507/1424/16 1508/1424/16 1509/1423/2368 
s 2
f 1492/1411/2369 1491/1410/2370 1500/1419/2371 1509/1423/2372 
s 4
f 1509/1423/37 1508/1424/37 1493/1412/37 1492/1411/37 
s 2
f 1493/1412/2373 1508/1424/2374 1501/1420/2375 1490/1409/2376 
s 4
f 1501/1420/23 1500/1419/23 1491/1410/23 1490/1409/23 
s 2
f 1497/1416/2377 1510/1425/2378 1499/1418/2379 1494/1413/2380 
s 4
f 1494/1413/28 1499/1418/28 1498/1417/28 1495/1414/28 
s 2
f 1495/1414/2381 1498/1417/2382 1511/1426/2383 1496/1415/2384 
s 4
f 1511/1426/23 1510/1425/23 1497/1416/23 1496/1415/23 
s 2
f 1505/29/28 1504/31/28 1512/1427/28 1513/1428/28 
s 4
f 1507/1424/2385 1502/1421/2386 1505/29/2387 1513/1428/2388 
s 2
f 1502/1421/185 1507/1424/185 1506/1423/185 1503/1422/185 
s 4
f 1503/1422/2389 1506/1423/2390 1512/1427/2391 1504/31/2392 
s 1
f 1510/1425/2393 1514/1429/2394 1515/1430/2395 1499/1418/2361 
f 1515/1430/2395 1516/1431/2396 1500/1419/2362 1499/1418/2361 
f 1516/1431/2396 1517/1432/2397 1509/1423/2368 1500/1419/2362 
f 1509/1423/2368 1517/1432/2397 1518/1433/2398 1506/1423/2367 
f 1512/1427/2399 1506/1423/2367 1518/1433/2398 1519/1434/2400 
f 1520/1435/54 1521/1436/55 1513/1428/55 1512/1427/2399 
f 1520/1435/54 1512/1427/2399 1519/1434/2400 1522/1437/56 
s 2
f 1522/1437/1509 35/32/1509 34/31/185 1520/1435/184 
f 34/31/185 33/30/988 1521/1436/988 1520/1435/184 
s 8
f 1523/1438/2401 1510/1425/2402 1511/1426/2403 1524/1439/2403 
f 1523/1438/2401 1525/1440/2404 1514/1429/2405 1510/1425/2402 
s 1
f 1524/1439/2406 1526/1441/2406 1527/1442/2407 1523/1438/2408 
f 1528/1443/2409 1525/1440/2410 1523/1438/2408 1527/1442/2407 
s 2
f 1529/1444/2411 1530/1445/2412 1527/1442/2413 1526/1441/2411 
f 1527/1442/2413 1530/1445/2412 1531/1446/2414 1528/1443/2415 
s 1
f 1532/1447/2416 1530/1445/2417 1529/1444/2418 1533/1448/2419 
f 1534/1449/2420 1531/1446/2421 1530/1445/2417 1532/1447/2416 
f 1535/1450/2422 1532/1447/2416 1533/1448/2419 1536/1451/2423 
f 1532/1447/2416 1535/1450/2422 1537/1452/2424 1534/1449/2420 
f 1535/1450/2422 1536/1451/2423 1538/1453/2425 1539/1454/2426 
f 1535/1450/2422 1539/1454/2426 1540/1455/2427 1537/1452/2424 
s 2
f 1541/1456/2428 1539/1454/2429 1538/1453/2430 1542/1457/2430 
f 1543/1458/2431 1540/1455/2432 1539/1454/2429 1541/1456/2428 
s 1
f 1544/1459/2433 1545/1460/2434 1546/1461/2435 1547/1462/2436 
f 1548/1463/2437 1549/1464/2438 1550/1465/2439 1551/1466/2440 
f 1552/1467/2441 1553/1468/2442 1516/1431/2396 1515/1430/2395 
f 1554/1460/2443 1555/84/2444 1556/33/2445 1557/1461/2446 
f 1558/1469/2447 1518/1433/2398 1517/1432/2397 1559/1470/2448 
s 2
f 1544/1459/2449 1553/1468/2450 1559/1470/2451 1545/1460/2452 
s 4
f 1559/1470/37 1517/1432/190 1546/1461/190 1545/1460/37 
s 2
f 1517/1432/2453 1516/1431/2454 1547/1462/2455 1546/1461/2456 
s 4
f 1547/1462/184 1516/1431/184 1553/1468/185 1544/1459/185 
s 2
f 1551/1466/2457 1550/1465/2458 1560/1471/2459 1552/1467/2460 
s 4
f 1552/1467/37 1515/1430/190 1548/1463/190 1551/1466/28 
s 2
f 1548/1463/2461 1515/1430/2462 1514/1429/2463 1549/1464/2464 
s 4
f 1549/1464/184 1514/1429/184 1560/1471/185 1550/1465/185 
s 2
f 1555/84/28 1561/1472/37 1519/1434/190 1556/33/190 
s 4
f 1519/1434/2465 1518/1433/2466 1557/1461/2467 1556/33/2468 
s 2
f 1558/1469/185 1554/1460/185 1557/1461/184 1518/1433/184 
s 4
f 1554/1460/2469 1558/1469/2470 1561/1472/2471 1555/84/2472 
s 1
f 1562/1473/2473 1552/1467/2441 1560/1471/2474 1563/1474/2475 
f 1564/1475/2476 1553/1468/2442 1552/1467/2441 1562/1473/2473 
f 1564/1475/2476 1565/1476/2477 1559/1470/2448 1553/1468/2442 
f 1559/1470/2448 1565/1476/2477 1566/1477/2478 1558/1469/2447 
f 1567/1478/2479 1561/1472/2480 1558/1469/2447 1566/1477/2478 
f 1519/1434/2400 1561/1472/2480 1568/1479/138 1522/1437/56 
f 1568/1479/138 1561/1472/2480 1567/1478/2479 1569/1480/139 
s 2
f 90/85/2481 88/83/2482 1568/1479/2483 1569/1480/2481 
f 35/32/1509 1522/1437/1509 1568/1479/2483 88/83/2482 
s 8
f 1514/1429/2405 1525/1440/2404 1570/1481/2484 1560/1471/2485 
f 1560/1471/2485 1570/1481/2484 1571/1482/2486 1563/1474/2487 
s 1
f 1525/1440/2410 1528/1443/2409 1572/1483/2488 1570/1481/2489 
f 1571/1482/2490 1570/1481/2489 1572/1483/2488 1573/1484/2491 
s 2
f 1528/1443/2415 1531/1446/2414 1574/1485/2492 1572/1483/2493 
f 1575/1486/2494 1573/1484/2495 1572/1483/2493 1574/1485/2492 
s 1
f 1531/1446/2421 1534/1449/2420 1576/1487/2496 1574/1485/2497 
f 1574/1485/2497 1576/1487/2496 1577/1488/2498 1575/1486/2499 
f 1534/1449/2420 1537/1452/2424 1578/1489/2500 1576/1487/2496 
f 1577/1488/2498 1576/1487/2496 1578/1489/2500 1579/1490/2501 
f 1578/1489/2500 1537/1452/2424 1540/1455/2427 1580/1491/2502 
f 1581/1492/2503 1579/1490/2501 1578/1489/2500 1580/1491/2502 
s 2
f 1580/1491/2504 1540/1455/2432 1543/1458/2431 1582/1493/2505 
f 1581/1492/2506 1580/1491/2504 1582/1493/2505 1583/1494/2507 
s 1
f 1584/1495/2508 1585/1496/2509 1586/1497/2510 1587/1498/2511 
f 1588/1499/2512 1589/1500/2513 1590/1501/2514 1591/1502/2515 
f 1592/1503/2516 1593/1504/2517 1564/1475/2476 1562/1473/2473 
f 1594/1497/2518 1595/1505/2519 1596/1506/2520 1597/86/2521 
f 1566/1477/2478 1565/1476/2477 1598/1507/2522 1599/1507/2523 
s 2
f 1593/1504/2524 1598/1507/2525 1585/1496/2526 1584/1495/2527 
s 4
f 1586/1497/28 1585/1496/28 1598/1507/28 1565/1476/28 
s 2
f 1586/1497/2528 1565/1476/2529 1564/1475/2530 1587/1498/2531 
s 4
f 1587/1498/23 1564/1475/23 1593/1504/23 1584/1495/23 
s 2
f 1600/1508/2532 1592/1503/2533 1589/1500/2534 1588/1499/2535 
s 4
f 1589/1500/28 1592/1503/28 1562/1473/28 1590/1501/28 
s 2
f 1563/1474/2536 1591/1502/2537 1590/1501/2538 1562/1473/2539 
s 4
f 1600/1508/185 1588/1499/185 1591/1502/23 1563/1474/23 
s 2
f 1601/1509/28 1567/1478/28 1597/86/28 1596/1506/28 
s 4
f 1567/1478/2540 1566/1477/2541 1594/1497/2542 1597/86/2543 
s 2
f 1599/1507/23 1595/1505/23 1594/1497/23 1566/1477/23 
s 4
f 1595/1505/2544 1599/1507/2545 1601/1509/2546 1596/1506/2547 
s 1
f 1602/1510/2548 1603/1511/2549 1592/1503/2516 1600/1508/2550 
f 1592/1503/2516 1603/1511/2549 1604/1512/2551 1593/1504/2517 
f 1605/1513/2552 1598/1507/2522 1593/1504/2517 1604/1512/2551 
f 1606/1513/2553 1599/1507/2523 1598/1507/2522 1605/1513/2552 
f 1607/1514/2554 1601/1509/2555 1599/1507/2523 1606/1513/2553 
f 1569/1480/139 1567/1478/2479 1601/1509/2555 1608/1515/215 
f 1608/1515/215 1601/1509/2555 1607/1514/2554 1609/129/216 
s 2
f 137/128/2556 134/125/2557 1608/1515/2481 1609/129/2556 
f 1608/1515/2481 134/125/2557 90/85/2481 1569/1480/2481 
s 8
f 1571/1482/2486 1610/1516/2558 1600/1508/2559 1563/1474/2487 
f 1611/1517/2560 1602/1510/2561 1600/1508/2559 1610/1516/2558 
s 1
f 1612/1518/2562 1610/1516/2563 1571/1482/2490 1573/1484/2491 
f 1610/1516/2563 1612/1518/2562 1613/1519/2564 1611/1517/2565 
s 2
f 1575/1486/2494 1614/1520/2566 1612/1518/2567 1573/1484/2495 
f 1612/1518/2567 1614/1520/2566 1615/1521/2568 1613/1519/2569 
s 1
f 1616/1522/2570 1614/1520/2571 1575/1486/2499 1577/1488/2498 
f 1614/1520/2571 1616/1522/2570 1617/1523/2572 1615/1521/2573 
f 1579/1490/2501 1618/1524/2574 1616/1522/2570 1577/1488/2498 
f 1619/1525/2575 1617/1523/2572 1616/1522/2570 1618/1524/2574 
f 1581/1492/2503 1620/1526/2576 1618/1524/2574 1579/1490/2501 
f 1618/1524/2574 1620/1526/2576 1621/1527/2577 1619/1525/2575 
s 2
f 1583/1494/2507 1622/1528/2578 1620/1526/2579 1581/1492/2506 
f 1621/1527/2580 1620/1526/2579 1622/1528/2578 1623/1529/2581 
s 1
f 1624/1530/2582 1625/1531/2583 1626/1532/2584 1627/1533/2585 
f 1628/1534/2586 1629/1535/2587 1630/1536/2588 1631/1537/2589 
f 1632/1538/2590 1633/1539/2591 1604/1512/2551 1603/1511/2549 
f 1634/1533/2592 1635/169/2593 1636/1540/2594 1637/1541/2595 
f 1606/1513/2553 1605/1513/2552 1638/1542/2596 1639/1543/2597 
s 2
f 1638/1542/2598 1627/1533/2599 1626/1532/2600 1633/1539/2601 
s 4
f 1605/1513/190 1624/1530/190 1627/1533/28 1638/1542/37 
s 2
f 1625/1531/2602 1624/1530/2603 1605/1513/2604 1604/1512/2605 
s 4
f 1633/1539/185 1626/1532/185 1625/1531/184 1604/1512/184 
s 2
f 1630/1536/2606 1640/1544/2607 1632/1538/2608 1631/1537/2609 
s 4
f 1631/1537/28 1632/1538/37 1603/1511/190 1628/1534/190 
s 2
f 1602/1510/2610 1629/1535/2611 1628/1534/2612 1603/1511/2613 
s 4
f 1640/1544/185 1630/1536/185 1629/1535/184 1602/1510/184 
s 2
f 1641/1545/37 1607/1514/190 1636/1540/190 1635/169/28 
s 4
f 1637/1541/2614 1636/1540/2615 1607/1514/2616 1606/1513/2617 
s 2
f 1637/1541/184 1606/1513/184 1639/1543/185 1634/1533/185 
s 4
f 1634/1533/2618 1639/1543/2619 1641/1545/2620 1635/169/2621 
s 1
f 1632/1538/2590 1640/1544/2622 1642/1546/2623 1643/1547/2624 
f 1633/1539/2591 1632/1538/2590 1643/1547/2624 1644/1548/2625 
f 1633/1539/2591 1644/1548/2625 1645/1549/2626 1638/1542/2596 
f 1639/1543/2597 1638/1542/2596 1645/1549/2626 1646/1550/2627 
f 1639/1543/2597 1646/1550/2627 1647/1551/2628 1641/1545/2629 
f 1648/1552/2630 1609/129/216 1607/1514/2554 1641/1545/2629 
f 1648/1552/2630 1641/1545/2629 1647/1551/2628 1649/1551/289 
s 2
f 183/171/2631 180/168/2632 1648/1552/2632 1649/1551/2631 
f 180/168/2632 137/128/2556 1609/129/2556 1648/1552/2632 
s 8
f 1602/1510/2561 1611/1517/2560 1650/1553/2633 1640/1544/2634 
f 1651/1554/2635 1642/1546/2636 1640/1544/2634 1650/1553/2633 
s 1
f 1611/1517/2565 1613/1519/2564 1652/1555/2637 1650/1553/2638 
f 1653/1556/2639 1651/1554/2640 1650/1553/2638 1652/1555/2637 
s 2
f 1652/1555/2641 1613/1519/2569 1615/1521/2568 1654/1557/2642 
f 1653/1556/2643 1652/1555/2641 1654/1557/2642 1655/1558/2644 
s 1
f 1617/1523/2572 1656/1559/2645 1654/1557/2646 1615/1521/2573 
f 1657/1560/2647 1655/1558/2648 1654/1557/2646 1656/1559/2645 
f 1656/1559/2645 1617/1523/2572 1619/1525/2575 1658/1561/2649 
f 1659/1562/2650 1657/1560/2647 1656/1559/2645 1658/1561/2649 
f 1660/1563/2651 1658/1561/2649 1619/1525/2575 1621/1527/2577 
f 1661/1564/2652 1659/1562/2650 1658/1561/2649 1660/1563/2651 
s 2
f 1623/1529/2581 1662/1565/2653 1660/1563/2654 1621/1527/2580 
f 1661/1564/2655 1660/1563/2654 1662/1565/2653 1663/1566/2656 
s 1
f 1664/1567/2657 1665/1568/2658 1666/1569/2659 1667/1570/2660 
f 1668/1571/2661 1669/1572/2662 1670/1573/2663 1671/1574/2664 
f 1672/1575/2665 1644/1548/2625 1643/1547/2624 1673/1576/2666 
f 1674/1577/2667 1675/1578/2668 1676/1579/2669 1677/1567/2670 
f 1645/1549/2626 1678/1580/2671 1679/1581/2672 1646/1550/2627 
s 2
f 1672/1575/2673 1678/1580/2674 1664/1567/2675 1667/1570/2676 
s 4
f 1678/1580/28 1645/1549/28 1665/1568/28 1664/1567/28 
s 2
f 1645/1549/2677 1644/1548/2678 1666/1569/2679 1665/1568/2680 
s 4
f 1666/1569/23 1644/1548/23 1672/1575/23 1667/1570/23 
s 2
f 1669/1572/2681 1668/1571/2682 1680/1582/2683 1673/1576/2684 
s 4
f 1673/1576/28 1643/1547/113 1670/1573/113 1669/1572/28 
s 2
f 1670/1573/2685 1643/1547/2686 1642/1546/2687 1671/1574/2688 
s 4
f 1680/1582/23 1668/1571/23 1671/1574/23 1642/1546/23 
s 2
f 1681/1583/28 1647/1551/28 1675/1578/28 1674/1577/37 
s 4
f 1647/1551/2689 1646/1550/2690 1676/1579/2691 1675/1578/2692 
s 2
f 1676/1579/23 1646/1550/23 1679/1581/23 1677/1567/23 
s 4
f 1674/1577/2693 1677/1567/2694 1679/1581/2695 1681/1583/2696 
s 1
f 1680/1582/2697 1682/1584/2698 1683/1585/2699 1673/1576/2666 
f 1684/1586/2700 1672/1575/2665 1673/1576/2666 1683/1585/2699 
f 1684/1586/2700 1685/1587/2701 1678/1580/2671 1672/1575/2665 
f 1678/1580/2671 1685/1587/2701 1686/1588/2702 1679/1581/2672 
f 1681/1583/2703 1679/1581/2672 1686/1588/2702 1687/1589/2704 
f 1681/1583/2703 1688/214/360 1649/1551/289 1647/1551/2628 
f 1688/214/360 1681/1583/2703 1687/1589/2704 1689/1590/361 
s 2
f 228/213/2705 226/211/2706 1688/214/2707 1689/1590/2705 
f 226/211/2706 183/171/2631 1649/1551/2631 1688/214/2707 
s 8
f 1642/1546/2636 1651/1554/2635 1690/1591/2708 1680/1582/2709 
f 1691/1592/2710 1682/1584/2711 1680/1582/2709 1690/1591/2708 
s 1
f 1690/1591/2712 1651/1554/2640 1653/1556/2639 1692/1593/2713 
f 1693/1594/2714 1691/1592/2715 1690/1591/2712 1692/1593/2713 
s 2
f 1653/1556/2643 1655/1558/2644 1694/1595/2716 1692/1593/2717 
f 1692/1593/2717 1694/1595/2716 1695/1596/2718 1693/1594/2719 
s 1
f 1694/1595/2720 1655/1558/2648 1657/1560/2647 1696/1597/2721 
f 1695/1596/2722 1694/1595/2720 1696/1597/2721 1697/1598/2723 
f 1698/1599/2724 1696/1597/2721 1657/1560/2647 1659/1562/2650 
f 1696/1597/2721 1698/1599/2724 1699/1600/2725 1697/1598/2723 
f 1700/1601/2726 1698/1599/2724 1659/1562/2650 1661/1564/2652 
f 1700/1601/2726 1701/1602/2727 1699/1600/2725 1698/1599/2724 
s 2
f 1702/1603/2728 1700/1601/2729 1661/1564/2655 1663/1566/2656 
f 1700/1601/2729 1702/1603/2728 1703/1604/2730 1701/1602/2731 
s 1
f 1704/1605/2732 1705/1606/2733 1706/1607/2734 1707/1608/2735 
f 1708/1609/2736 1709/1610/2737 1710/1611/2738 1711/1612/2739 
f 1712/1613/2740 1713/1614/2741 1684/1586/2700 1683/1585/2699 
f 1714/1615/2742 1715/1616/2743 1716/1617/2744 1717/1608/2745 
f 1686/1588/2702 1685/1587/2701 1718/1618/2746 1719/1619/2747 
s 2
f 1706/1607/2748 1713/1614/2749 1718/1618/2750 1707/1608/2751 
s 4
f 1685/1587/190 1704/1605/190 1707/1608/28 1718/1618/37 
s 2
f 1705/1606/2752 1704/1605/2753 1685/1587/2754 1684/1586/2755 
s 4
f 1705/1606/184 1684/1586/184 1713/1614/185 1706/1607/185 
s 2
f 1710/1611/2756 1709/1610/2757 1720/1620/2758 1712/1613/2759 
s 4
f 1710/1611/28 1712/1613/37 1683/1585/190 1711/1612/190 
s 2
f 1708/1609/2760 1711/1612/2761 1683/1585/2762 1682/1584/2763 
s 4
f 1720/1620/185 1709/1610/185 1708/1609/184 1682/1584/184 
s 2
f 1715/1616/190 1714/1615/28 1721/1621/37 1687/1589/190 
s 4
f 1686/1588/2764 1716/1617/2765 1715/1616/2766 1687/1589/2767 
s 2
f 1716/1617/184 1686/1588/184 1719/1619/185 1717/1608/185 
s 4
f 1714/1615/2768 1717/1608/2769 1719/1619/2770 1721/1621/2771 
s 1
f 1720/1620/2772 1722/1622/2773 1723/1623/2774 1712/1613/2740 
f 1724/1624/2775 1713/1614/2741 1712/1613/2740 1723/1623/2774 
f 1724/1624/2775 1725/1625/2776 1718/1618/2746 1713/1614/2741 
f 1726/1626/2777 1719/1619/2747 1718/1618/2746 1725/1625/2776 
f 1727/1627/2778 1721/1621/2779 1719/1619/2747 1726/1626/2777 
f 1687/1589/2704 1721/1621/2779 1728/1628/432 1689/1590/361 
f 1728/1628/432 1721/1621/2779 1727/1627/2778 1729/1629/433 
s 2
f 272/254/2780 1728/1628/2781 1729/1629/2782 275/257/2783 
f 1728/1628/2781 272/254/2780 228/213/2705 1689/1590/2705 
s 8
f 1730/1630/2784 1720/1620/2785 1682/1584/2711 1691/1592/2710 
f 1731/1631/2786 1722/1622/2787 1720/1620/2785 1730/1630/2784 
s 1
f 1730/1630/2788 1691/1592/2715 1693/1594/2714 1732/1632/2789 
f 1733/1633/2790 1731/1631/2791 1730/1630/2788 1732/1632/2789 
s 2
f 1734/1634/2792 1732/1632/2793 1693/1594/2719 1695/1596/2718 
f 1735/1635/2794 1733/1633/2795 1732/1632/2793 1734/1634/2792 
s 1
f 1734/1634/2796 1695/1596/2722 1697/1598/2723 1736/1636/2797 
f 1737/1637/2798 1735/1635/2799 1734/1634/2796 1736/1636/2797 
f 1699/1600/2725 1738/1638/2800 1736/1636/2797 1697/1598/2723 
f 1736/1636/2797 1738/1638/2800 1739/1639/2801 1737/1637/2798 
f 1738/1638/2800 1699/1600/2725 1701/1602/2727 1740/1640/2802 
f 1740/1640/2802 1741/1641/2803 1739/1639/2801 1738/1638/2800 
s 2
f 1703/1604/2730 1742/1642/2804 1740/1640/2805 1701/1602/2731 
f 1741/1641/2806 1740/1640/2805 1742/1642/2804 1743/1643/2807 
s 1
f 1744/1644/2808 1745/1645/2809 1746/1646/2810 1747/1647/2811 
f 1748/1648/2812 1749/1649/2813 1750/1650/2814 1751/1651/2815 
f 1752/1652/2816 1753/1653/2817 1724/1624/2775 1723/1623/2774 
f 1754/1646/2818 1755/1654/2819 1756/1655/2820 1757/1656/2821 
f 1725/1625/2776 1758/1657/2822 1759/1657/2823 1726/1626/2777 
s 2
f 1746/1646/2824 1745/1645/2825 1753/1653/2826 1758/1657/2827 
s 4
f 1758/1657/28 1725/1625/28 1747/1647/28 1746/1646/28 
s 2
f 1725/1625/2828 1724/1624/2829 1744/1644/2830 1747/1647/2831 
s 4
f 1745/1645/23 1744/1644/23 1724/1624/23 1753/1653/23 
s 2
f 1751/1651/2832 1760/1658/2833 1752/1652/2834 1748/1648/2835 
s 4
f 1749/1649/28 1748/1648/28 1752/1652/28 1723/1623/28 
s 2
f 1722/1622/2836 1750/1650/2837 1749/1649/2838 1723/1623/2839 
s 4
f 1760/1658/23 1751/1651/23 1750/1650/23 1722/1622/23 
s 2
f 1761/1659/28 1727/1627/28 1756/1655/28 1755/1654/28 
s 4
f 1757/1656/2840 1756/1655/2841 1727/1627/2842 1726/1626/2843 
s 2
f 1759/1657/23 1754/1646/23 1757/1656/23 1726/1626/23 
s 4
f 1759/1657/2844 1761/1659/2845 1755/1654/2846 1754/1646/2847 
s 1
f 1752/1652/2816 1760/1658/2848 1762/1660/2849 1763/1661/2850 
f 1753/1653/2817 1752/1652/2816 1763/1661/2850 1764/1662/2851 
f 1765/1663/2852 1758/1657/2822 1753/1653/2817 1764/1662/2851 
f 1765/1663/2852 1766/1664/2853 1759/1657/2823 1758/1657/2822 
f 1767/1665/2854 1761/1659/2855 1759/1657/2823 1766/1664/2853 
f 1729/1629/433 1727/1627/2778 1761/1659/2855 1768/1666/505 
f 1767/1665/2854 1769/1667/506 1768/1666/505 1761/1659/2855 
s 2
f 321/299/2856 319/298/2857 1768/1666/2783 1769/1667/2856 
f 1768/1666/2783 319/298/2857 275/257/2783 1729/1629/2782 
s 8
f 1760/1658/2858 1722/1622/2787 1731/1631/2786 1770/1668/2859 
f 1770/1668/2859 1771/1669/2860 1762/1660/2861 1760/1658/2858 
s 1
f 1731/1631/2791 1733/1633/2790 1772/1670/2862 1770/1668/2863 
f 1773/1671/2864 1771/1669/2865 1770/1668/2863 1772/1670/2862 
s 2
f 1735/1635/2794 1774/1672/2866 1772/1670/2867 1733/1633/2795 
f 1773/1671/2868 1772/1670/2867 1774/1672/2866 1775/1673/2869 
s 1
f 1735/1635/2799 1737/1637/2798 1776/1674/2870 1774/1672/2871 
f 1774/1672/2871 1776/1674/2870 1777/1675/2872 1775/1673/2873 
f 1739/1639/2801 1778/1676/2874 1776/1674/2870 1737/1637/2798 
f 1777/1675/2872 1776/1674/2870 1778/1676/2874 1779/1677/2875 
f 1778/1676/2874 1739/1639/2801 1741/1641/2803 1780/1678/2876 
f 1778/1676/2874 1780/1678/2876 1781/1679/2877 1779/1677/2875 
s 2
f 1741/1641/2806 1743/1643/2807 1782/1680/2878 1780/1678/2879 
f 1783/1681/2880 1781/1679/2881 1780/1678/2879 1782/1680/2878 
s 1
f 1784/1682/2882 1785/1683/2883 1786/1684/2884 1787/1685/2885 
f 1788/1686/2886 1789/1687/2887 1790/1688/2888 1791/1689/2889 
f 1763/1661/2850 1792/1690/2890 1793/1691/2891 1764/1662/2851 
f 1794/1692/2892 1795/1693/2893 1796/1694/2894 1797/1695/2895 
f 1798/1696/2896 1766/1664/2853 1765/1663/2852 1799/1697/2897 
s 2
f 1793/1691/2898 1799/1697/2899 1784/1682/2900 1787/1685/2901 
s 4
f 1765/1663/190 1785/1683/190 1784/1682/28 1799/1697/37 
s 2
f 1764/1662/2902 1786/1684/2903 1785/1683/2904 1765/1663/2905 
s 4
f 1764/1662/184 1793/1691/185 1787/1685/185 1786/1684/184 
s 2
f 1790/1688/2906 1800/1698/2907 1792/1690/2908 1791/1689/2909 
s 4
f 1791/1689/37 1792/1690/37 1763/1661/190 1788/1686/190 
s 2
f 1762/1660/2910 1789/1687/2911 1788/1686/2912 1763/1661/2913 
s 4
f 1762/1660/184 1800/1698/185 1790/1688/185 1789/1687/184 
s 2
f 1796/1694/28 1801/1699/37 1767/1665/190 1797/1695/190 
s 4
f 1767/1665/2914 1766/1664/2915 1794/1692/2916 1797/1695/2917 
s 2
f 1795/1693/185 1794/1692/184 1766/1664/184 1798/1696/185 
s 4
f 1796/1694/2918 1795/1693/2919 1798/1696/2920 1801/1699/2921 
s 1
f 1802/1700/2922 1792/1690/2890 1800/1698/2923 1803/1701/2924 
f 1804/1702/2925 1793/1691/2891 1792/1690/2890 1802/1700/2922 
f 1793/1691/2891 1804/1702/2925 1805/1703/2926 1799/1697/2897 
f 1805/1703/2926 1806/1703/2927 1798/1696/2896 1799/1697/2897 
f 1807/1704/2928 1801/1699/2929 1798/1696/2896 1806/1703/2927 
f 1808/1705/577 1769/1667/506 1767/1665/2854 1801/1699/2929 
f 1808/1705/577 1801/1699/2929 1807/1704/2928 1809/1706/579 
s 2
f 1809/1706/2930 366/342/2930 364/340/2931 1808/1705/2931 
f 364/340/2931 321/299/2856 1769/1667/2856 1808/1705/2931 
s 8
f 1771/1669/2860 1810/1707/2932 1800/1698/2933 1762/1660/2861 
f 1810/1707/2932 1811/1708/2934 1803/1701/2935 1800/1698/2933 
s 1
f 1810/1707/2936 1771/1669/2865 1773/1671/2864 1812/1709/2937 
f 1813/1710/2938 1811/1708/2939 1810/1707/2936 1812/1709/2937 
s 2
f 1775/1673/2869 1814/1711/2940 1812/1709/2941 1773/1671/2868 
f 1815/1712/2942 1813/1710/2943 1812/1709/2941 1814/1711/2940 
s 1
f 1814/1711/2944 1775/1673/2873 1777/1675/2872 1816/1713/2945 
f 1817/1714/2946 1815/1712/2947 1814/1711/2944 1816/1713/2945 
f 1816/1713/2945 1777/1675/2872 1779/1677/2875 1818/1715/2948 
f 1816/1713/2945 1818/1715/2948 1819/1716/2949 1817/1714/2946 
f 1779/1677/2875 1781/1679/2877 1820/1717/2950 1818/1715/2948 
f 1821/1718/2951 1819/1716/2949 1818/1715/2948 1820/1717/2950 
s 2
f 1783/1681/2880 1822/1719/2952 1820/1717/2953 1781/1679/2881 
f 1823/1720/2954 1821/1718/2955 1820/1717/2953 1822/1719/2952 
s 1
f 1824/1721/2956 1825/1722/2957 1826/1723/2958 1827/1724/2959 
f 1828/1725/2960 1829/1726/2961 1830/1727/2962 1831/1728/2963 
f 1802/1700/2922 1832/1729/2964 1833/1730/2965 1804/1702/2925 
f 1834/1723/2966 1835/1722/2967 1836/1731/2968 1837/1732/2969 
f 1806/1703/2927 1805/1703/2926 1838/1733/2970 1839/1734/2971 
s 2
f 1825/1722/2972 1824/1721/2973 1833/1730/2974 1838/1733/2975 
s 4
f 1825/1722/28 1838/1733/28 1805/1703/28 1826/1723/28 
s 2
f 1827/1724/2976 1826/1723/2977 1805/1703/2978 1804/1702/2979 
s 4
f 1804/1702/23 1833/1730/23 1824/1721/23 1827/1724/23 
s 2
f 1829/1726/2980 1840/1735/2981 1832/1729/2982 1830/1727/2983 
s 4
f 1832/1729/28 1802/1700/28 1831/1728/28 1830/1727/28 
s 2
f 1802/1700/2984 1803/1701/2985 1828/1725/2986 1831/1728/2987 
s 4
f 1840/1735/23 1829/1726/23 1828/1725/108 1803/1701/108 
s 2
f 1841/1736/28 1807/1704/28 1837/1732/28 1836/1731/28 
s 4
f 1807/1704/2988 1806/1703/2989 1834/1723/2990 1837/1732/2991 
s 2
f 1834/1723/23 1806/1703/23 1839/1734/23 1835/1722/23 
s 4
f 1839/1734/2992 1841/1736/2993 1836/1731/2994 1835/1722/2995 
s 1
f 1842/1737/2996 1843/1738/2997 1832/1729/2964 1840/1735/2998 
f 1844/1739/2999 1833/1730/2965 1832/1729/2964 1843/1738/2997 
f 1838/1733/2970 1833/1730/2965 1844/1739/2999 1845/1740/3000 
f 1845/1740/3000 1846/1740/3001 1839/1734/2971 1838/1733/2970 
f 1841/1736/3002 1839/1734/2971 1846/1740/3001 1847/1741/3003 
f 1807/1704/2928 1841/1736/3002 1848/1736/650 1809/1706/579 
f 1848/1736/650 1841/1736/3002 1847/1741/3003 1849/1742/651 
s 2
f 412/387/3004 410/385/3005 1848/1736/3005 1849/1742/3006 
f 410/385/3005 366/342/2930 1809/1706/2930 1848/1736/3005 
s 8
f 1850/1743/3007 1840/1735/3008 1803/1701/2935 1811/1708/2934 
f 1851/1744/3009 1842/1737/3010 1840/1735/3008 1850/1743/3007 
s 1
f 1852/1745/3011 1850/1743/3012 1811/1708/2939 1813/1710/2938 
f 1853/1746/3013 1851/1744/3014 1850/1743/3012 1852/1745/3011 
s 2
f 1852/1745/3015 1813/1710/2943 1815/1712/2942 1854/1747/3016 
f 1852/1745/3015 1854/1747/3016 1855/1748/3017 1853/1746/3018 
s 1
f 1854/1747/3019 1815/1712/2947 1817/1714/2946 1856/1749/3020 
f 1857/1750/3021 1855/1748/3022 1854/1747/3019 1856/1749/3020 
f 1819/1716/2949 1858/1751/3023 1856/1749/3020 1817/1714/2946 
f 1859/1752/3024 1857/1750/3021 1856/1749/3020 1858/1751/3023 
f 1860/1753/3025 1858/1751/3023 1819/1716/2949 1821/1718/2951 
f 1858/1751/3023 1860/1753/3025 1861/1754/3026 1859/1752/3024 
s 2
f 1821/1718/2955 1823/1720/2954 1862/1755/3027 1860/1753/3028 
f 1861/1754/3029 1860/1753/3028 1862/1755/3027 1863/1756/3030 
s 1
f 1864/1757/3031 1865/1758/3032 1866/1759/3033 1867/1760/3034 
f 1868/1761/3035 1869/1762/3036 1870/1763/3037 1871/1764/3038 
f 1872/1765/3039 1873/1766/3040 1844/1739/2999 1843/1738/2997 
f 1874/1767/3041 1875/1768/3042 1876/1769/3043 1877/1770/3044 
f 1878/1771/3045 1846/1740/3001 1845/1740/3000 1879/1771/3046 
s 2
f 1873/1766/3047 1879/1771/3048 1867/1760/3049 1866/1759/3050 
s 4
f 1879/1771/37 1845/1740/190 1864/1757/190 1867/1760/28 
s 2
f 1864/1757/3051 1845/1740/3052 1844/1739/3053 1865/1758/3054 
s 4
f 1866/1759/185 1865/1758/184 1844/1739/184 1873/1766/185 
s 2
f 1868/1761/3055 1871/1764/3056 1880/1772/3057 1872/1765/3058 
s 4
f 1868/1761/28 1872/1765/37 1843/1738/190 1869/1762/190 
s 2
f 1843/1738/3059 1842/1737/3060 1870/1763/3061 1869/1762/3062 
s 4
f 1880/1772/185 1871/1764/185 1870/1763/3063 1842/1737/3063 
s 2
f 1881/1773/37 1847/1741/190 1875/1768/190 1874/1767/28 
s 4
f 1847/1741/3064 1846/1740/3065 1876/1769/3066 1875/1768/3067 
s 2
f 1877/1770/185 1876/1769/184 1846/1740/184 1878/1771/23 
s 4
f 1874/1767/3068 1877/1770/3069 1878/1771/3070 1881/1773/3071 
s 1
f 1880/1772/3072 1882/1774/3073 1883/1775/3074 1872/1765/3039 
f 1883/1775/3074 1884/1776/3075 1873/1766/3040 1872/1765/3039 
f 1885/1777/3076 1879/1771/3046 1873/1766/3040 1884/1776/3075 
f 1879/1771/3046 1885/1777/3076 1886/1777/3077 1878/1771/3045 
f 1878/1771/3045 1886/1777/3077 1887/1778/3078 1881/1773/3079 
f 1881/1773/3079 1888/1779/722 1849/1742/651 1847/1741/3003 
f 1881/1773/3079 1887/1778/3078 1889/1780/723 1888/1779/722 
s 2
f 1889/1780/3080 458/433/3080 456/431/3081 1888/1779/3081 
f 1888/1779/3081 456/431/3081 412/387/3004 1849/1742/3006 
s 8
f 1842/1737/3010 1851/1744/3009 1890/1781/3082 1880/1772/3083 
f 1890/1781/3082 1891/1782/3084 1882/1774/3085 1880/1772/3083 
s 1
f 1892/1783/3086 1890/1781/3087 1851/1744/3014 1853/1746/3013 
f 1891/1782/3088 1890/1781/3087 1892/1783/3086 1893/1784/3089 
s 2
f 1853/1746/3018 1855/1748/3017 1894/1785/3090 1892/1783/3091 
f 1895/1786/3092 1893/1784/3093 1892/1783/3091 1894/1785/3090 
s 1
f 1894/1785/3094 1855/1748/3022 1857/1750/3021 1896/1787/3095 
f 1894/1785/3094 1896/1787/3095 1897/1788/3096 1895/1786/3097 
f 1859/1752/3024 1898/1789/3098 1896/1787/3095 1857/1750/3021 
f 1899/1790/3099 1897/1788/3096 1896/1787/3095 1898/1789/3098 
f 1859/1752/3024 1861/1754/3026 1900/1791/3100 1898/1789/3098 
f 1898/1789/3098 1900/1791/3100 1901/1792/3101 1899/1790/3099 
s 2
f 1902/1793/3102 1900/1791/3103 1861/1754/3029 1863/1756/3030 
f 1903/1794/3104 1901/1792/3105 1900/1791/3103 1902/1793/3102 
s 1
f 1904/1795/3106 1905/1796/3107 1906/1797/3108 1907/1798/3109 
f 1908/1799/3110 1909/1800/3111 1910/1801/3112 1911/1802/3113 
f 1912/1803/3114 1913/1804/3115 1884/1776/3075 1883/1775/3074 
f 1914/1805/3116 1915/1806/3117 1916/1807/3118 1917/1798/3119 
f 1885/1777/3076 1918/1808/3120 1919/1808/3121 1886/1777/3077 
s 2
f 1906/1797/3122 1905/1796/3123 1913/1804/3124 1918/1808/3125 
s 4
f 1907/1798/28 1906/1797/28 1918/1808/28 1885/1777/28 
s 2
f 1907/1798/3126 1885/1777/3127 1884/1776/3128 1904/1795/3129 
s 4
f 1904/1795/23 1884/1776/23 1913/1804/23 1905/1796/23 
s 2
f 1912/1803/3130 1910/1801/3131 1909/1800/3132 1920/1809/3133 
s 4
f 1910/1801/28 1912/1803/28 1883/1775/28 1911/1802/28 
s 2
f 1883/1775/3134 1882/1774/3135 1908/1799/3136 1911/1802/3137 
s 4
f 1909/1800/23 1908/1799/23 1882/1774/23 1920/1809/23 
s 2
f 1915/1806/28 1921/1810/28 1887/1778/28 1916/1807/28 
s 4
f 1886/1777/3138 1917/1798/3139 1916/1807/3140 1887/1778/3141 
s 2
f 1917/1798/23 1886/1777/23 1919/1808/23 1914/1805/23 
s 4
f 1915/1806/3142 1914/1805/3143 1919/1808/3144 1921/1810/3145 
s 1
f 1920/1809/3146 1922/1811/3147 1923/1812/3148 1912/1803/3114 
f 1923/1812/3148 1924/1813/3149 1913/1804/3115 1912/1803/3114 
f 1913/1804/3115 1924/1813/3149 1925/1814/3150 1918/1808/3120 
f 1918/1808/3120 1925/1814/3150 1926/1815/3151 1919/1808/3121 
f 1926/1815/3151 1927/1816/3152 1921/1810/3153 1919/1808/3121 
f 1887/1778/3078 1921/1810/3153 1928/1817/795 1889/1780/723 
f 1921/1810/3153 1927/1816/3152 1929/1818/796 1928/1817/795 
s 2
f 505/478/3154 502/475/3155 1928/1817/3155 1929/1818/3154 
f 1928/1817/3155 502/475/3155 458/433/3080 1889/1780/3080 
s 8
f 1930/1819/3156 1920/1809/3157 1882/1774/3085 1891/1782/3084 
f 1930/1819/3156 1931/1820/3158 1922/1811/3159 1920/1809/3157 
s 1
f 1932/1821/3160 1930/1819/3160 1891/1782/3088 1893/1784/3089 
f 1933/1822/3161 1931/1820/3162 1930/1819/3160 1932/1821/3160 
s 2
f 1895/1786/3092 1934/1823/3163 1932/1821/3164 1893/1784/3093 
f 1935/1824/3165 1933/1822/3166 1932/1821/3164 1934/1823/3163 
s 1
f 1936/1825/3167 1934/1823/3168 1895/1786/3097 1897/1788/3096 
f 1937/1826/3169 1935/1824/3170 1934/1823/3168 1936/1825/3167 
f 1938/1827/3171 1936/1825/3167 1897/1788/3096 1899/1790/3099 
f 1936/1825/3167 1938/1827/3171 1939/1828/3172 1937/1826/3169 
f 1899/1790/3099 1901/1792/3101 1940/1829/3173 1938/1827/3171 
f 1941/1830/3174 1939/1828/3172 1938/1827/3171 1940/1829/3173 
s 2
f 1903/1794/3104 1942/1831/3175 1940/1829/3176 1901/1792/3105 
f 1943/1832/3177 1941/1830/3178 1940/1829/3176 1942/1831/3175 
s 1
f 1944/1833/3179 1945/1834/3180 1946/1835/3181 1947/1836/3182 
f 1948/1837/3183 1949/1838/3184 1950/1839/3185 1951/1840/3186 
f 1923/1812/3148 1952/1841/3187 1953/1842/3188 1924/1813/3149 
f 1954/1843/3189 1955/1844/3190 1956/1845/3191 1957/1835/3192 
f 1958/1846/3193 1959/1847/3194 1926/1815/3151 1925/1814/3150 
s 2
f 1958/1846/3195 1946/1835/3196 1945/1834/3197 1953/1842/3198 
s 4
f 1946/1835/28 1958/1846/28 1925/1814/37 1947/1836/37 
s 2
f 1944/1833/3199 1947/1836/3200 1925/1814/3201 1924/1813/3202 
s 4
f 1924/1813/184 1953/1842/185 1945/1834/185 1944/1833/184 
s 2
f 1952/1841/3203 1951/1840/3204 1950/1839/3205 1960/1848/3206 
s 4
f 1948/1837/37 1951/1840/28 1952/1841/37 1923/1812/37 
s 2
f 1922/1811/3207 1949/1838/3208 1948/1837/3209 1923/1812/3210 
s 4
f 1950/1839/185 1949/1838/3063 1922/1811/3063 1960/1848/185 
s 2
f 1961/1849/37 1927/1816/37 1955/1844/37 1954/1843/28 
s 4
f 1956/1845/3211 1955/1844/3212 1927/1816/3213 1926/1815/3214 
s 2
f 1956/1845/184 1926/1815/184 1959/1847/23 1957/1835/23 
s 4
f 1954/1843/3215 1957/1835/3216 1959/1847/3217 1961/1849/3218 
s 1
f 1960/1848/3219 1962/1850/3220 1963/1851/3221 1952/1841/3187 
f 1964/1852/3222 1953/1842/3188 1952/1841/3187 1963/1851/3221 
f 1965/1853/3223 1958/1846/3193 1953/1842/3188 1964/1852/3222 
f 1965/1853/3223 1966/1853/3224 1959/1847/3194 1958/1846/3193 
f 1967/1854/3225 1961/1849/3226 1959/1847/3194 1966/1853/3224 
f 1929/1818/796 1927/1816/3152 1961/1849/3226 1968/1849/869 
f 1967/1854/3225 1969/1854/870 1968/1849/869 1961/1849/3226 
s 2
f 1969/1854/3227 551/521/3227 548/518/3228 1968/1849/3228 
f 1968/1849/3228 548/518/3228 505/478/3154 1929/1818/3154 
s 8
f 1922/1811/3159 1931/1820/3158 1970/1855/3229 1960/1848/3230 
f 1970/1855/3229 1971/1856/3231 1962/1850/3232 1960/1848/3230 
s 1
f 1933/1822/3161 1972/1857/3233 1970/1855/3234 1931/1820/3162 
f 1973/1858/3235 1971/1856/3236 1970/1855/3234 1972/1857/3233 
s 2
f 1933/1822/3166 1935/1824/3165 1974/1859/3237 1972/1857/3238 
f 1975/1860/3239 1973/1858/3240 1972/1857/3238 1974/1859/3237 
s 1
f 1974/1859/3241 1935/1824/3170 1937/1826/3169 1976/1861/3242 
f 1977/1862/3243 1975/1860/3244 1974/1859/3241 1976/1861/3242 
f 1939/1828/3172 1978/1863/3245 1976/1861/3242 1937/1826/3169 
f 1977/1862/3243 1976/1861/3242 1978/1863/3245 1979/1864/3246 
f 1941/1830/3174 1980/1865/3247 1978/1863/3245 1939/1828/3172 
f 1981/1866/3248 1979/1864/3246 1978/1863/3245 1980/1865/3247 
s 2
f 1980/1865/3249 1941/1830/3178 1943/1832/3177 1982/1867/3250 
f 1983/1868/3251 1981/1866/3252 1980/1865/3249 1982/1867/3250 
s 1
f 1984/1869/3253 1985/1870/3254 1986/1871/3255 1987/1872/3256 
f 1988/1873/3257 1989/1874/3258 1990/1875/3259 1991/1876/3260 
f 1992/1877/3261 1993/1878/3262 1964/1852/3222 1963/1851/3221 
f 1994/1879/3263 1995/1880/3264 1996/1870/3265 1997/1881/3266 
f 1965/1853/3223 1998/1882/3267 1999/1882/3268 1966/1853/3224 
s 2
f 1993/1878/3269 1998/1882/3270 1984/1869/3271 1987/1872/3272 
s 4
f 1984/1869/28 1998/1882/28 1965/1853/28 1985/1870/28 
s 2
f 1965/1853/3273 1964/1852/3274 1986/1871/3275 1985/1870/3276 
s 4
f 1993/1878/23 1987/1872/23 1986/1871/23 1964/1852/23 
s 2
f 1991/1876/3277 2000/1883/3278 1992/1877/3279 1988/1873/3280 
s 4
f 1988/1873/28 1992/1877/28 1963/1851/28 1989/1874/28 
s 2
f 1963/1851/3281 1962/1850/3282 1990/1875/3283 1989/1874/3284 
s 4
f 2000/1883/23 1991/1876/23 1990/1875/23 1962/1850/23 
s 2
f 1994/1879/28 2001/1884/28 1967/1854/28 1995/1880/28 
s 4
f 1967/1854/3285 1966/1853/3286 1996/1870/3287 1995/1880/3288 
s 2
f 1997/1881/23 1996/1870/23 1966/1853/23 1999/1882/23 
s 4
f 1999/1882/3289 2001/1884/3290 1994/1879/3291 1997/1881/3292 
s 1
f 2002/1885/3293 2003/1886/3294 1992/1877/3261 2000/1883/3295 
f 2004/1887/3296 1993/1878/3262 1992/1877/3261 2003/1886/3294 
f 2005/1888/3297 1998/1882/3267 1993/1878/3262 2004/1887/3296 
f 1998/1882/3267 2005/1888/3297 2006/1889/3298 1999/1882/3268 
f 2006/1889/3298 2007/1890/3299 2001/1884/3300 1999/1882/3268 
f 1967/1854/3225 2001/1884/3300 2008/1891/941 1969/1854/870 
f 2008/1891/941 2001/1884/3300 2007/1890/3299 2009/1892/942 
s 2
f 596/565/3301 594/563/3302 2008/1891/3302 2009/1892/3303 
f 2008/1891/3302 594/563/3302 551/521/3227 1969/1854/3227 
s 8
f 2010/1893/3304 2000/1883/3305 1962/1850/3232 1971/1856/3231 
f 2000/1883/3305 2010/1893/3304 2011/1894/3306 2002/1885/3307 
s 1
f 1971/1856/3236 1973/1858/3235 2012/1895/3308 2010/1893/3309 
f 2013/1896/3310 2011/1894/3311 2010/1893/3309 2012/1895/3308 
s 2
f 1975/1860/3239 2014/1897/3312 2012/1895/3313 1973/1858/3240 
f 2012/1895/3313 2014/1897/3312 2015/1898/3314 2013/1896/3315 
s 1
f 1975/1860/3244 1977/1862/3243 2016/1899/3316 2014/1897/3317 
f 2015/1898/3318 2014/1897/3317 2016/1899/3316 2017/1900/3319 
f 1977/1862/3243 1979/1864/3246 2018/1901/3320 2016/1899/3316 
f 2018/1901/3320 2019/1902/3321 2017/1900/3319 2016/1899/3316 
f 1981/1866/3248 2020/1903/3322 2018/1901/3320 1979/1864/3246 
f 2018/1901/3320 2020/1903/3322 2021/1904/3323 2019/1902/3321 
s 2
f 1981/1866/3252 1983/1868/3251 2022/1905/3324 2020/1903/3325 
f 2023/1906/3326 2021/1904/3327 2020/1903/3325 2022/1905/3324 
s 1
f 2024/1907/3328 2025/1908/3329 2026/1909/3330 2027/1910/3331 
f 2028/1911/3332 2029/1912/3333 2030/1913/3334 2031/1914/3335 
f 2003/1886/3294 2032/1915/3336 2033/1916/3337 2004/1887/3296 
f 2034/1908/3338 2035/1917/3339 2036/1918/3340 2037/1919/3341 
f 2006/1889/3298 2005/1888/3297 2038/1920/3342 2039/1920/3343 
s 2
f 2025/1908/3344 2024/1907/3345 2033/1916/3346 2038/1920/3347 
s 4
f 2026/1909/37 2025/1908/28 2038/1920/28 2005/1888/37 
s 2
f 2005/1888/3348 2004/1887/3349 2027/1910/3350 2026/1909/3351 
s 4
f 2027/1910/185 2004/1887/185 2033/1916/23 2024/1907/185 
s 2
f 2031/1914/3352 2030/1913/3353 2040/1921/3354 2032/1915/3355 
s 4
f 2031/1914/28 2032/1915/37 2003/1886/37 2028/1911/37 
s 2
f 2003/1886/3356 2002/1885/3357 2029/1912/3358 2028/1911/3359 
s 4
f 2029/1912/3360 2002/1885/3360 2040/1921/23 2030/1913/185 
s 2
f 2035/1917/28 2041/1922/37 2007/1890/37 2036/1918/37 
s 4
f 2037/1919/3361 2036/1918/3362 2007/1890/3363 2006/1889/3364 
s 2
f 2039/1920/23 2034/1908/23 2037/1919/185 2006/1889/185 
s 4
f 2039/1920/3365 2041/1922/3366 2035/1917/3367 2034/1908/3368 
s 1
f 2042/1923/3369 2032/1915/3336 2040/1921/3370 2043/1924/3371 
f 2044/1925/3372 2033/1916/3337 2032/1915/3336 2042/1923/3369 
f 2038/1920/3342 2033/1916/3337 2044/1925/3372 2045/1926/3373 
f 2045/1926/3373 2046/1927/3374 2039/1920/3343 2038/1920/3342 
f 2039/1920/3343 2046/1927/3374 2047/1928/3375 2041/1922/3376 
f 2041/1922/3376 2048/1929/1017 2009/1892/942 2007/1890/3299 
f 2048/1929/1017 2041/1922/3376 2047/1928/3375 2049/1930/1018 
s 2
f 2050/605/3377 2048/1929/3378 2049/1930/108 2051/607/108 
f 596/565/3301 2009/1892/3303 2048/1929/3378 2050/605/3377 
s 8
f 2052/1931/3379 2040/1921/3380 2002/1885/3307 2011/1894/3306 
f 2053/1932/3381 2043/1924/3382 2040/1921/3380 2052/1931/3379 
s 1
f 2052/1931/3383 2011/1894/3311 2013/1896/3310 2054/1933/3384 
f 2053/1932/3385 2052/1931/3383 2054/1933/3384 2055/1934/3386 
s 2
f 2054/1933/3387 2013/1896/3315 2015/1898/3314 2056/1935/3388 
f 2057/1936/3389 2055/1934/3390 2054/1933/3387 2056/1935/3388 
s 1
f 2056/1935/3391 2015/1898/3318 2017/1900/3319 2058/1937/3392 
f 2057/1936/3393 2056/1935/3391 2058/1937/3392 2059/1938/3394 
f 2060/1939/3395 2058/1937/3392 2017/1900/3319 2019/1902/3321 
f 2059/1938/3394 2058/1937/3392 2060/1939/3395 2061/1940/3396 
f 2019/1902/3321 2021/1904/3323 2062/1941/3397 2060/1939/3395 
f 2060/1939/3395 2062/1941/3397 2063/1942/3398 2061/1940/3396 
s 2
f 2064/1943/3399 2062/1941/3400 2021/1904/3327 2023/1906/3326 
f 2062/1941/3400 2064/1943/3399 2065/1944/3401 2063/1942/3402 
s 1
f 2066/1945/3403 2067/1946/3404 2068/1947/3405 2069/1948/3406 
f 2070/1949/3407 2071/1950/3408 2072/1951/3409 2073/1952/3410 
f 2074/1953/3411 2075/1954/3412 2044/1925/3372 2042/1923/3369 
f 2076/1955/3413 2077/1956/3414 2078/1957/3415 2079/1948/3416 
f 2080/1958/3417 2046/1927/3374 2045/1926/3373 2081/1958/3418 
s 2
f 2067/1946/3419 2075/1954/3420 2081/1958/3421 2068/1947/3422 
s 4
f 2068/1947/28 2081/1958/28 2045/1926/28 2069/1948/28 
s 2
f 2069/1948/3423 2045/1926/3424 2044/1925/3425 2066/1945/3426 
s 4
f 2066/1945/23 2044/1925/23 2075/1954/23 2067/1946/23 
s 2
f 2070/1949/3427 2073/1952/3428 2082/1959/3429 2074/1953/3430 
s 4
f 2070/1949/28 2074/1953/28 2042/1923/28 2071/1950/28 
s 2
f 2043/1924/3431 2072/1951/3432 2071/1950/3433 2042/1923/3434 
s 4
f 2082/1959/23 2073/1952/23 2072/1951/988 2043/1924/988 
s 2
f 2083/1960/28 2047/1928/28 2078/1957/28 2077/1956/28 
s 4
f 2079/1948/3435 2078/1957/3436 2047/1928/3437 2046/1927/3438 
s 2
f 2076/1955/23 2079/1948/23 2046/1927/23 2080/1958/23 
s 4
f 2076/1955/3439 2080/1958/3440 2083/1960/3441 2077/1956/3442 
s 1
f 2082/1959/3443 2084/1961/3444 2085/1962/3445 2074/1953/3411 
f 2074/1953/3411 2085/1962/3445 2086/1963/3446 2075/1954/3412 
f 2087/1964/3447 2081/1958/3418 2075/1954/3412 2086/1963/3446 
f 2081/1958/3418 2087/1964/3447 2088/1964/3448 2080/1958/3417 
f 2088/1964/3448 2089/1965/3449 2083/1960/3450 2080/1958/3417 
f 2083/1960/3450 2090/1966/1090 2049/1930/1018 2047/1928/3375 
f 2089/1965/3449 2091/651/1091 2090/1966/1090 2083/1960/3450 
s 2
f 2091/651/108 2092/648/108 2093/647/108 2090/1966/108 
f 2049/1930/108 2090/1966/108 2093/647/108 2051/607/108 
s 8
f 2082/1959/3451 2043/1924/3382 2053/1932/3381 2094/1967/3452 
f 2084/1961/3453 2082/1959/3451 2094/1967/3452 2095/1968/3454 
s 1
f 2055/1934/3386 2096/1969/3455 2094/1967/3456 2053/1932/3385 
f 2094/1967/3456 2096/1969/3455 2097/1970/3457 2095/1968/3457 
s 2
f 2055/1934/3390 2057/1936/3389 2098/1971/3458 2096/1969/3459 
f 2099/1972/3460 2097/1970/3461 2096/1969/3459 2098/1971/3458 
s 1
f 2059/1938/3394 2100/1973/3462 2098/1971/3463 2057/1936/3393 
f 2098/1971/3463 2100/1973/3462 2101/1974/3464 2099/1972/3465 
f 2059/1938/3394 2061/1940/3396 2102/1975/3466 2100/1973/3462 
f 2101/1974/3464 2100/1973/3462 2102/1975/3466 2103/1976/3467 
f 2102/1975/3466 2061/1940/3396 2063/1942/3398 2104/1977/3468 
f 2102/1975/3466 2104/1977/3468 2105/1978/3469 2103/1976/3467 
s 2
f 2063/1942/3402 2065/1944/3401 2106/1979/3470 2104/1977/3471 
f 2106/1979/3470 2107/1980/3472 2105/1978/3473 2104/1977/3471 
s 1
f 2108/1981/3474 2109/1982/3475 2110/1983/3476 2111/1984/3477 
f 2112/1985/3478 2113/1986/3479 2114/1987/3480 2115/1988/3481 
f 2085/1962/3445 2116/1989/3482 2117/1990/3483 2086/1963/3446 
f 2118/1991/3484 2119/1992/3485 2120/1981/3486 2121/1984/3487 
f 2122/1993/3488 2088/1964/3448 2087/1964/3447 2123/1994/3489 
s 2
f 2111/1984/3490 2110/1983/3491 2117/1990/3492 2123/1994/3493 
s 4
f 2108/1981/37 2111/1984/28 2123/1994/37 2087/1964/37 
s 2
f 2087/1964/3494 2086/1963/3495 2109/1982/3496 2108/1981/3497 
s 4
f 2117/1990/23 2110/1983/185 2109/1982/185 2086/1963/185 
s 2
f 2115/1988/3498 2124/1995/3499 2116/1989/3500 2112/1985/3501 
s 4
f 2116/1989/37 2085/1962/37 2113/1986/37 2112/1985/28 
s 2
f 2084/1961/3502 2114/1987/3503 2113/1986/3504 2085/1962/3505 
s 4
f 2124/1995/23 2115/1988/185 2114/1987/3506 2084/1961/3506 
s 2
f 2118/1991/28 2125/1996/37 2089/1965/37 2119/1992/37 
s 4
f 2088/1964/3507 2120/1981/3508 2119/1992/3509 2089/1965/3510 
s 2
f 2122/1993/23 2121/1984/23 2120/1981/185 2088/1964/185 
s 4
f 2118/1991/3511 2121/1984/3512 2122/1993/3513 2125/1996/3514 
s 1
f 2116/1989/3482 2124/1995/3515 2126/1997/3516 2127/1998/3517 
f 2127/1998/3517 2128/1999/3518 2117/1990/3483 2116/1989/3482 
f 2123/1994/3489 2117/1990/3483 2128/1999/3518 2129/2000/3519 
f 2123/1994/3489 2129/2000/3519 2130/2001/3520 2122/1993/3488 
f 2125/1996/3521 2122/1993/3488 2130/2001/3520 2131/2002/3522 
f 2132/1996/1164 2091/651/1091 2089/1965/3449 2125/1996/3521 
f 2131/2002/3522 2133/2003/1165 2132/1996/1164 2125/1996/3521 
s 2
f 2133/2003/108 2134/693/108 2135/691/108 2132/1996/108 
f 2092/648/108 2091/651/108 2132/1996/108 2135/691/108 
s 8
f 2136/2004/3523 2124/1995/3524 2084/1961/3453 2095/1968/3454 
f 2137/2005/3525 2126/1997/3526 2124/1995/3524 2136/2004/3523 
s 1
f 2095/1968/3457 2097/1970/3457 2138/2006/3527 2136/2004/3528 
f 2139/2007/3529 2137/2005/3530 2136/2004/3528 2138/2006/3527 
s 2
f 2138/2006/3531 2097/1970/3461 2099/1972/3460 2140/2008/3532 
f 2140/2008/3532 2141/2009/3533 2139/2007/3534 2138/2006/3531 
s 1
f 2099/1972/3465 2101/1974/3464 2142/2010/3535 2140/2008/3536 
f 2142/2010/3535 2143/2011/3537 2141/2009/3538 2140/2008/3536 
f 2101/1974/3464 2103/1976/3467 2144/2012/3539 2142/2010/3535 
f 2142/2010/3535 2144/2012/3539 2145/2013/3540 2143/2011/3537 
f 2105/1978/3469 2146/2014/3541 2144/2012/3539 2103/1976/3467 
f 2146/2014/3541 2147/2015/3542 2145/2013/3540 2144/2012/3539 
s 2
f 2107/1980/3472 2148/2016/3543 2146/2014/3544 2105/1978/3473 
f 2146/2014/3544 2148/2016/3543 2149/2017/3545 2147/2015/3546 
s 1
f 2150/2018/3547 2151/2019/3548 2152/2020/3549 2153/2021/3550 
f 2154/2022/3551 2155/2023/3552 2156/2024/3553 2157/2025/3554 
f 2158/2026/3555 2128/1999/3518 2127/1998/3517 2159/2027/3556 
f 2160/2028/3557 2161/2018/3558 2162/2029/3559 2163/2030/3560 
f 2130/2001/3520 2129/2000/3519 2164/2031/3561 2165/2031/3562 
s 2
f 2164/2031/3563 2150/2018/3564 2153/2021/3565 2158/2026/3566 
s 4
f 2151/2019/37 2150/2018/28 2164/2031/28 2129/2000/37 
s 2
f 2129/2000/3567 2128/1999/3568 2152/2020/3569 2151/2019/3570 
s 4
f 2128/1999/185 2158/2026/23 2153/2021/23 2152/2020/185 
s 2
f 2166/2032/3571 2159/2027/3572 2155/2023/3573 2154/2022/3574 
s 4
f 2159/2027/28 2127/1998/37 2156/2024/37 2155/2023/28 
s 2
f 2156/2024/3575 2127/1998/3576 2126/1997/3577 2157/2025/3578 
s 4
f 2157/2025/23 2126/1997/23 2166/2032/23 2154/2022/23 
s 2
f 2163/2030/37 2162/2029/28 2167/2033/37 2131/2002/37 
s 4
f 2160/2028/3579 2163/2030/3580 2131/2002/3581 2130/2001/3582 
s 2
f 2160/2028/185 2130/2001/185 2165/2031/23 2161/2018/23 
s 4
f 2162/2029/3583 2161/2018/3584 2165/2031/3585 2167/2033/3586 
s 1
f 2168/2034/3587 2159/2027/3556 2166/2032/3588 2169/2035/3589 
f 2168/2034/3587 2170/2036/3590 2158/2026/3555 2159/2027/3556 
f 2164/2031/3561 2158/2026/3555 2170/2036/3590 2171/2037/3591 
f 2165/2031/3562 2164/2031/3561 2171/2037/3591 2172/2037/3592 
f 2173/2038/3593 2167/2033/3594 2165/2031/3562 2172/2037/3592 
f 2131/2002/3522 2167/2033/3594 2174/2039/1239 2133/2003/1165 
f 2167/2033/3594 2173/2038/3593 2175/2040/1241 2174/2039/1239 
s 2
f 2174/2039/108 2175/2040/108 2176/737/108 2177/735/108 
f 2133/2003/108 2174/2039/108 2177/735/108 2134/693/108 
s 8
f 2126/1997/3526 2137/2005/3525 2178/2041/3595 2166/2032/3596 
f 2179/2042/3597 2169/2035/3598 2166/2032/3596 2178/2041/3595 
s 1
f 2180/2043/3599 2178/2041/3600 2137/2005/3530 2139/2007/3529 
f 2181/2044/3601 2179/2042/3602 2178/2041/3600 2180/2043/3599 
s 2
f 2180/2043/3603 2139/2007/3534 2141/2009/3533 2182/2045/3604 
f 2183/2046/3605 2181/2044/3606 2180/2043/3603 2182/2045/3604 
s 1
f 2141/2009/3538 2143/2011/3537 2184/2047/3607 2182/2045/3608 
f 2185/2048/3609 2183/2046/3610 2182/2045/3608 2184/2047/3607 
f 2145/2013/3540 2186/2049/3611 2184/2047/3607 2143/2011/3537 
f 2184/2047/3607 2186/2049/3611 2187/2050/3612 2185/2048/3609 
f 2145/2013/3540 2147/2015/3542 2188/2051/3613 2186/2049/3611 
f 2189/2052/3614 2187/2050/3612 2186/2049/3611 2188/2051/3613 
s 2
f 2147/2015/3546 2149/2017/3545 2190/2053/3615 2188/2051/3616 
f 2189/2052/3617 2188/2051/3616 2190/2053/3615 2191/2054/3618 
s 1
f 2192/2055/3619 2193/2056/3620 2194/2057/3621 2195/2058/3622 
f 2196/2059/3623 2197/2060/3624 2198/2061/3625 2199/2062/3626 
f 2168/2034/3587 2200/2063/3627 2201/2064/3628 2170/2036/3590 
f 2202/2065/3629 2203/2066/3630 2204/2067/3631 2205/2068/3632 
f 2171/2037/3591 2206/2069/3633 2207/2069/3634 2172/2037/3592 
s 2
f 2201/2064/3635 2206/2069/3636 2192/2055/3637 2195/2058/3638 
s 4
f 2192/2055/28 2206/2069/28 2171/2037/37 2193/2056/37 
s 2
f 2193/2056/3639 2171/2037/3640 2170/2036/3641 2194/2057/3642 
s 4
f 2170/2036/185 2201/2064/23 2195/2058/23 2194/2057/185 
s 2
f 2200/2063/3643 2196/2059/3644 2199/2062/3645 2208/2070/3646 
s 4
f 2197/2060/1514 2196/2059/28 2200/2063/37 2168/2034/1514 
s 2
f 2198/2061/3647 2197/2060/3648 2168/2034/3649 2169/2035/3650 
s 4
f 2198/2061/3506 2169/2035/3506 2208/2070/23 2199/2062/23 
s 2
f 2209/2071/37 2173/2038/37 2205/2068/37 2204/2067/28 
s 4
f 2202/2065/3651 2205/2068/3652 2173/2038/3653 2172/2037/3654 
s 2
f 2207/2069/23 2203/2066/23 2202/2065/185 2172/2037/185 
s 4
f 2209/2071/3655 2204/2067/3656 2203/2066/3657 2207/2069/3658 
s 1
f 2210/2072/3659 2200/2063/3627 2208/2070/3660 2211/2073/3661 
f 2210/2072/3659 2212/2074/3662 2201/2064/3628 2200/2063/3627 
f 2201/2064/3628 2212/2074/3662 2213/2075/3663 2206/2069/3633 
f 2213/2075/3663 2214/2075/3664 2207/2069/3634 2206/2069/3633 
f 2214/2075/3664 2215/2076/3665 2209/2071/3666 2207/2069/3634 
f 2216/2077/1313 2175/2040/1241 2173/2038/3593 2209/2071/3666 
f 2209/2071/3666 2215/2076/3665 2217/784/3667 2216/2077/1313 
s 2
f 2216/2077/108 2217/784/108 2218/781/108 2219/779/108 
f 2176/737/108 2175/2040/108 2216/2077/108 2219/779/108 
s 8
f 2220/2078/3668 2208/2070/3669 2169/2035/3598 2179/2042/3597 
f 2220/2078/3668 2221/2079/3670 2211/2073/3671 2208/2070/3669 
s 1
f 2222/2080/3672 2220/2078/3673 2179/2042/3602 2181/2044/3601 
f 2222/2080/3672 2223/2081/3674 2221/2079/3675 2220/2078/3673 
s 2
f 2224/2082/3676 2222/2080/3677 2181/2044/3606 2183/2046/3605 
f 2224/2082/3676 2225/2083/3678 2223/2081/3679 2222/2080/3677 
s 1
f 2185/2048/3609 2226/2084/3680 2224/2082/3681 2183/2046/3610 
f 2225/2083/3682 2224/2082/3681 2226/2084/3680 2227/2085/3683 
f 2187/2050/3612 2228/2086/3684 2226/2084/3680 2185/2048/3609 
f 2227/2085/3683 2226/2084/3680 2228/2086/3684 2229/2087/3685 
f 2189/2052/3614 2230/2088/3686 2228/2086/3684 2187/2050/3612 
f 2231/2089/3687 2229/2087/3685 2228/2086/3684 2230/2088/3686 
s 2
f 2189/2052/3617 2191/2054/3618 2232/2090/3688 2230/2088/3689 
f 2230/2088/3689 2232/2090/3688 2233/2091/3690 2231/2089/3691 
s 1
f 2234/2092/3692 2235/2093/3693 2236/2094/3694 2237/2095/3695 
f 2238/2096/3696 2239/2097/3697 2240/2098/3698 2241/2099/3699 
f 2242/2100/3700 2243/2101/3701 2212/2074/3662 2210/2072/3659 
f 2244/2102/3702 2245/2092/3703 2246/2103/3704 2247/2104/3705 
f 2214/2075/3664 2213/2075/3663 2248/2105/3706 2249/2105/3707 
s 2
f 2243/2101/3708 2248/2105/3709 2234/2092/3710 2237/2095/3711 
s 4
f 2248/2105/28 2213/2075/140 2235/2093/140 2234/2092/28 
s 2
f 2213/2075/3712 2212/2074/3713 2236/2094/3714 2235/2093/3715 
s 4
f 2243/2101/185 2237/2095/23 2236/2094/988 2212/2074/988 
s 2
f 2240/2098/3716 2250/2106/3717 2242/2100/3718 2241/2099/3719 
s 4
f 2238/2096/140 2241/2099/28 2242/2100/28 2210/2072/140 
s 2
f 2239/2097/3720 2238/2096/3721 2210/2072/3722 2211/2073/3723 
s 4
f 2239/2097/185 2211/2073/185 2250/2106/185 2240/2098/185 
s 2
f 2247/2104/28 2246/2103/37 2251/2107/28 2215/2076/28 
s 4
f 2215/2076/3724 2214/2075/3725 2244/2102/3726 2247/2104/3727 
s 2
f 2249/2105/23 2245/2092/23 2244/2102/988 2214/2075/988 
s 4
f 2251/2107/3728 2246/2103/3729 2245/2092/3730 2249/2105/3731 
s 1
f 2252/2108/3732 2242/2100/3700 2250/2106/3733 2253/2109/3734 
f 2252/2108/3732 2254/2110/3735 2243/2101/3701 2242/2100/3700 
f 2243/2101/3701 2254/2110/3735 2255/2111/3736 2248/2105/3706 
f 2256/2112/3737 2249/2105/3707 2248/2105/3706 2255/2111/3736 
f 2251/2107/3738 2249/2105/3707 2256/2112/3737 2257/2113/3739 
f 2251/2107/3738 2258/829/1385 2217/784/3667 2215/2076/3665 
f 2258/829/1385 2251/2107/3738 2257/2113/3739 2259/2114/1386 
s 2
f 2259/2114/108 2260/827/108 2261/826/108 2258/829/108 
f 2258/829/108 2261/826/108 2218/781/108 2217/784/108 
s 8
f 2221/2079/3670 2262/2115/3740 2250/2106/3741 2211/2073/3671 
f 2263/2116/3742 2253/2109/3743 2250/2106/3741 2262/2115/3740 
s 1
f 2264/2117/3744 2262/2115/3745 2221/2079/3675 2223/2081/3674 
f 2263/2116/3746 2262/2115/3745 2264/2117/3744 2265/2118/3747 
s 2
f 2264/2117/3748 2223/2081/3679 2225/2083/3678 2266/2119/3749 
f 2264/2117/3748 2266/2119/3749 2267/2120/3750 2265/2118/3751 
s 1
f 2268/2121/3752 2266/2119/3753 2225/2083/3682 2227/2085/3683 
f 2266/2119/3753 2268/2121/3752 2269/2122/3754 2267/2120/3755 
f 2229/2087/3685 2270/2123/3756 2268/2121/3752 2227/2085/3683 
f 2270/2123/3756 2271/2124/3757 2269/2122/3754 2268/2121/3752 
f 2229/2087/3685 2231/2089/3687 2272/2125/3758 2270/2123/3756 
f 2273/2126/3759 2271/2124/3757 2270/2123/3756 2272/2125/3758 
s 2
f 2231/2089/3691 2233/2091/3690 2274/2127/3760 2272/2125/3761 
f 2275/2128/3762 2273/2126/3763 2272/2125/3761 2274/2127/3760 
s 1
f 2276/2129/3764 2277/2130/3765 2278/2131/3766 2279/2132/3767 
f 2280/2133/3768 2281/2134/3769 2282/2135/3770 2283/2136/3771 
f 2252/2108/3732 2284/2137/3772 2285/2138/3773 2254/2110/3735 
f 2286/2129/3774 2287/2139/3775 2288/2140/3776 2289/2130/3777 
f 2290/2141/3778 2256/2112/3737 2255/2111/3736 2291/2141/3779 
s 2
f 2276/2129/3780 2279/2132/3781 2285/2138/3782 2291/2141/3783 
s 4
f 2255/2111/37 2277/2130/37 2276/2129/28 2291/2141/28 
s 2
f 2278/2131/3784 2277/2130/3785 2255/2111/3786 2254/2110/3787 
s 4
f 2285/2138/23 2279/2132/23 2278/2131/1509 2254/2110/1509 
s 2
f 2280/2133/3788 2283/2136/3789 2292/2142/3790 2284/2137/3791 
s 4
f 2280/2133/28 2284/2137/28 2252/2108/1514 2281/2134/1514 
s 2
f 2282/2135/3792 2281/2134/3793 2252/2108/3794 2253/2109/3795 
s 4
f 2282/2135/3506 2253/2109/3506 2292/2142/23 2283/2136/23 
s 2
f 2287/2139/28 2293/2143/37 2257/2113/1514 2288/2140/1514 
s 4
f 2257/2113/3796 2256/2112/3797 2289/2130/3798 2288/2140/3799 
s 2
f 2289/2130/185 2256/2112/185 2290/2141/23 2286/2129/23 
s 4
f 2287/2139/3800 2286/2129/3801 2290/2141/3802 2293/2143/3803 
s 1
f 2292/2142/3804 2294/2144/3805 2295/2145/3806 2284/2137/3772 
f 2285/2138/3773 2284/2137/3772 2295/2145/3806 2296/2146/3807 
f 2291/2141/3779 2285/2138/3773 2296/2146/3807 2297/2147/3808 
f 2298/2147/3809 2290/2141/3778 2291/2141/3779 2297/2147/3808 
f 2293/2143/3810 2290/2141/3778 2298/2147/3809 2299/2148/3811 
f 2300/2149/1457 2259/2114/1386 2257/2113/3739 2293/2143/3810 
f 2300/2149/1457 2293/2143/3810 2299/2148/3811 2301/2150/1458 
s 2
f 2301/2150/108 2302/871/108 2303/869/108 2300/2149/108 
f 2303/869/108 2260/827/108 2259/2114/108 2300/2149/108 
s 8
f 2263/2116/3742 2304/2151/3812 2292/2142/3813 2253/2109/3743 
f 2305/2152/3814 2294/2144/3815 2292/2142/3813 2304/2151/3812 
s 1
f 2265/2118/3747 2306/2153/3816 2304/2151/3817 2263/2116/3746 
f 2307/2154/3818 2305/2152/3819 2304/2151/3817 2306/2153/3816 
s 2
f 2306/2153/3820 2265/2118/3751 2267/2120/3750 2308/2155/3821 
f 2308/2155/3821 2309/2156/3822 2307/2154/3823 2306/2153/3820 
s 1
f 2308/2155/3824 2267/2120/3755 2269/2122/3754 2310/2157/3825 
f 2310/2157/3825 2311/2158/3826 2309/2156/3827 2308/2155/3824 
f 2269/2122/3754 2271/2124/3757 2312/2159/3828 2310/2157/3825 
f 2310/2157/3825 2312/2159/3828 2313/2160/3829 2311/2158/3826 
f 2312/2159/3828 2271/2124/3757 2273/2126/3759 2314/2161/3830 
f 2315/2162/3831 2313/2160/3829 2312/2159/3828 2314/2161/3830 
s 2
f 2273/2126/3763 2275/2128/3762 2316/2163/3832 2314/2161/3833 
f 2314/2161/3833 2316/2163/3832 2317/2164/3834 2315/2162/3835 
s 1
f 2318/2165/3836 2319/2166/3837 2320/2167/3838 2321/2168/3839 
f 2322/2169/3840 2323/2170/3841 2324/2171/3842 2325/2172/3843 
f 2295/2145/3806 2326/2173/3844 2327/2174/3845 2296/2146/3807 
f 2328/2175/3846 2329/2176/3847 2330/2168/3848 2331/2177/3849 
f 2298/2147/3809 2297/2147/3808 2332/2178/3850 2333/2179/3851 
s 2
f 2319/2166/3852 2327/2174/3853 2332/2178/3854 2320/2167/3855 
s 4
f 2332/2178/28 2297/2147/140 2321/2168/140 2320/2167/28 
s 2
f 2318/2165/3856 2321/2168/3857 2297/2147/3858 2296/2146/3859 
s 4
f 2296/2146/988 2327/2174/185 2319/2166/185 2318/2165/988 
s 2
f 2324/2171/3860 2323/2170/3861 2334/2180/3862 2326/2173/3863 
s 4
f 2324/2171/37 2326/2173/28 2295/2145/140 2325/2172/140 
s 2
f 2295/2145/3864 2294/2144/3865 2322/2169/3866 2325/2172/3867 
s 4
f 2334/2180/185 2323/2170/185 2322/2169/988 2294/2144/988 
s 2
f 2335/2181/28 2299/2148/140 2329/2176/140 2328/2175/28 
s 4
f 2298/2147/3868 2330/2168/3869 2329/2176/3870 2299/2148/3871 
s 2
f 2331/2177/988 2330/2168/988 2298/2147/988 2333/2179/185 
s 4
f 2328/2175/3872 2331/2177/3873 2333/2179/3874 2335/2181/3875 
s 1
f 2334/2180/3876 2336/2182/3877 2337/2183/3878 2326/2173/3844 
f 2338/2184/3879 2327/2174/3845 2326/2173/3844 2337/2183/3878 
f 2338/2184/3879 2339/2185/3880 2332/2178/3850 2327/2174/3845 
f 2340/2186/3881 2333/2179/3851 2332/2178/3850 2339/2185/3880 
f 2335/2181/3882 2333/2179/3851 2340/2186/3881 2341/2187/3883 
f 2299/2148/3811 2335/2181/3882 2342/2188/3884 2301/2150/1458 
f 2335/2181/3882 2341/2187/3883 2343/2187/1532 2342/2188/3884 
s 2
f 2342/2188/108 2343/2187/108 2344/915/108 2345/913/108 
f 2345/913/108 2302/871/108 2301/2150/108 2342/2188/108 
s 8
f 2346/2189/3885 2334/2180/3886 2294/2144/3815 2305/2152/3814 
f 2334/2180/3886 2346/2189/3885 2347/2190/3887 2336/2182/3888 
s 1
f 2346/2189/3889 2305/2152/3819 2307/2154/3818 2348/2191/3890 
f 2346/2189/3889 2348/2191/3890 2349/2192/3891 2347/2190/3892 
s 2
f 2350/2193/3893 2348/2191/3894 2307/2154/3823 2309/2156/3822 
f 2349/2192/3895 2348/2191/3894 2350/2193/3893 2351/2194/3896 
s 1
f 2350/2193/3897 2309/2156/3827 2311/2158/3826 2352/2195/3898 
f 2353/2196/3899 2351/2194/3900 2350/2193/3897 2352/2195/3898 
f 2311/2158/3826 2313/2160/3829 2354/2197/3901 2352/2195/3898 
f 2352/2195/3898 2354/2197/3901 2355/2198/3902 2353/2196/3899 
f 2356/2199/3903 2354/2197/3901 2313/2160/3829 2315/2162/3831 
f 2355/2198/3902 2354/2197/3901 2356/2199/3903 2357/2200/3904 
s 2
f 2358/2201/3905 2356/2199/3906 2315/2162/3835 2317/2164/3834 
f 2359/2202/3907 2357/2200/3908 2356/2199/3906 2358/2201/3905 
s 1
f 2360/2203/3909 2361/2204/3910 2362/2205/3911 2363/2206/3912 
f 2364/2207/3913 2365/2208/3914 2366/2209/3915 2367/2210/3916 
f 2337/2183/3878 2368/2211/3917 2369/2212/3918 2338/2184/3879 
f 2370/2206/3919 2371/2205/3920 2372/2213/3921 2373/2214/3922 
f 2339/2185/3880 2374/2215/3923 2375/2216/3924 2340/2186/3881 
s 2
f 2361/2204/3925 2369/2212/3926 2374/2215/3927 2362/2205/3928 
s 4
f 2339/2185/1514 2363/2206/1514 2362/2205/28 2374/2215/28 
s 2
f 2360/2203/3929 2363/2206/3930 2339/2185/3931 2338/2184/3932 
s 4
f 2360/2203/1509 2338/2184/1509 2369/2212/23 2361/2204/23 
s 2
f 2367/2210/3933 2376/2217/3934 2368/2211/3935 2364/2207/3936 
s 4
f 2368/2211/37 2337/2183/1514 2365/2208/1514 2364/2207/37 
s 2
f 2366/2209/3937 2365/2208/3938 2337/2183/3939 2336/2182/3940 
s 4
f 2366/2209/1509 2336/2182/1509 2376/2217/23 2367/2210/23 
s 2
f 2377/2218/37 2341/2187/1514 2373/2214/1514 2372/2213/28 
s 4
f 2340/2186/3941 2370/2206/3942 2373/2214/3943 2341/2187/3944 
s 2
f 2375/2216/23 2371/2205/23 2370/2206/1509 2340/2186/1509 
s 4
f 2371/2205/3945 2375/2216/3946 2377/2218/3947 2372/2213/3948 
s 1
f 2378/2219/3949 2379/2220/3950 2368/2211/3917 2376/2217/3951 
f 2379/2220/3950 2380/2221/3952 2369/2212/3918 2368/2211/3917 
f 2374/2215/3923 2369/2212/3918 2380/2221/3952 2381/2222/3953 
f 2381/2222/3953 2382/2223/3954 2375/2216/3924 2374/2215/3923 
f 2375/2216/3924 2382/2223/3954 2383/2224/3955 2377/2218/3956 
f 2377/2218/3956 2384/2225/1603 2343/2187/1532 2341/2187/3883 
f 2383/2224/3955 2385/2224/1604 2384/2225/1603 2377/2218/3956 
s 2
f 2386/960/23 2387/945/23 2384/2225/23 2385/2224/23 
f 2343/2187/108 2384/2225/23 2387/945/23 2344/915/108 
s 8
f 2347/2190/3887 2388/2226/3957 2376/2217/3958 2336/2182/3888 
f 2389/2227/3959 2378/2219/3960 2376/2217/3958 2388/2226/3957 
s 1
f 2347/2190/3892 2349/2192/3891 2390/2228/3961 2388/2226/3962 
f 2391/2229/3963 2389/2227/3964 2388/2226/3962 2390/2228/3961 
s 2
f 2392/2230/3965 2390/2228/3966 2349/2192/3895 2351/2194/3896 
f 2391/2229/3967 2390/2228/3966 2392/2230/3965 2393/2231/3968 
s 1
f 2351/2194/3900 2353/2196/3899 2394/2232/3969 2392/2230/3970 
f 2394/2232/3969 2395/2233/3971 2393/2231/3972 2392/2230/3970 
f 2355/2198/3902 2396/2234/3973 2394/2232/3969 2353/2196/3899 
f 2396/2234/3973 2397/2235/3974 2395/2233/3971 2394/2232/3969 
f 2396/2234/3973 2355/2198/3902 2357/2200/3904 2398/2236/3975 
f 2399/2237/3976 2397/2235/3974 2396/2234/3973 2398/2236/3975 
s 2
f 2359/2202/3907 2400/2238/3977 2398/2236/3978 2357/2200/3908 
f 2401/2239/3979 2399/2237/3980 2398/2236/3978 2400/2238/3977 
s 1
f 2402/2240/3981 2403/2241/3982 2404/2242/3983 2405/2243/3984 
f 2406/2244/3985 2407/2245/3986 2408/2246/3987 2409/2247/3988 
f 2379/2220/3950 2410/2248/3989 2411/2249/3990 2380/2221/3952 
f 2412/2250/3991 2413/2242/3992 2414/2241/3993 2415/2251/3994 
f 2382/2223/3954 2381/2222/3953 2416/2252/3995 2417/2252/3996 
s 2
f 2402/2240/3997 2411/2249/3998 2416/2252/3999 2403/2241/4000 
s 4
f 2416/2252/28 2381/2222/140 2404/2242/140 2403/2241/28 
s 2
f 2381/2222/4001 2380/2221/4002 2405/2243/4003 2404/2242/4004 
s 4
f 2411/2249/23 2402/2240/23 2405/2243/988 2380/2221/988 
s 2
f 2410/2248/4005 2409/2247/4006 2408/2246/4007 2418/2253/4008 
s 4
f 2410/2248/28 2379/2220/140 2406/2244/28 2409/2247/28 
s 2
f 2379/2220/4009 2378/2219/4010 2407/2245/4011 2406/2244/4012 
s 4
f 2418/2253/185 2408/2246/185 2407/2245/988 2378/2219/988 
s 2
f 2415/2251/28 2419/2254/28 2383/2224/140 2412/2250/140 
s 4
f 2412/2250/4013 2383/2224/4014 2382/2223/4015 2413/2242/4016 
s 2
f 2413/2242/988 2382/2223/988 2417/2252/185 2414/2241/23 
s 4
f 2417/2252/4017 2419/2254/4018 2415/2251/4019 2414/2241/4020 
s 1
f 2420/2255/4021 2410/2248/3989 2418/2253/4022 2421/2256/4023 
f 2422/2257/4024 2411/2249/3990 2410/2248/3989 2420/2255/4021 
f 2422/2257/4024 2423/2258/4025 2416/2252/3995 2411/2249/3990 
f 2424/2258/4026 2417/2252/3996 2416/2252/3995 2423/2258/4025 
f 2417/2252/3996 2424/2258/4026 2425/2259/4027 2419/2254/4028 
f 2383/2224/3955 2419/2254/4028 2426/2260/1676 2385/2224/1604 
f 2426/2260/1676 2419/2254/4028 2425/2259/4027 2427/2261/1677 
s 2
f 2426/2260/23 2427/2261/23 2428/1003/23 2429/992/23 
f 2429/992/23 2386/960/23 2385/2224/23 2426/2260/23 
s 8
f 2430/2262/4029 2418/2253/4030 2378/2219/3960 2389/2227/3959 
f 2430/2262/4029 2431/2263/4031 2421/2256/4032 2418/2253/4030 
s 1
f 2389/2227/3964 2391/2229/3963 2432/2264/4033 2430/2262/4034 
f 2433/2265/4035 2431/2263/4036 2430/2262/4034 2432/2264/4033 
s 2
f 2393/2231/3968 2434/2266/4037 2432/2264/4038 2391/2229/3967 
f 2432/2264/4038 2434/2266/4037 2435/2267/4039 2433/2265/4040 
s 1
f 2434/2266/4041 2393/2231/3972 2395/2233/3971 2436/2268/4042 
f 2436/2268/4042 2437/2269/4043 2435/2267/4044 2434/2266/4041 
f 2438/2270/4045 2436/2268/4042 2395/2233/3971 2397/2235/3974 
f 2438/2270/4045 2439/2271/4046 2437/2269/4043 2436/2268/4042 
f 2399/2237/3976 2440/2272/4047 2438/2270/4045 2397/2235/3974 
f 2440/2272/4047 2441/2273/4048 2439/2271/4046 2438/2270/4045 
s 2
f 2401/2239/3979 2442/2274/4049 2440/2272/4050 2399/2237/3980 
f 2442/2274/4049 2443/2275/4051 2441/2273/4052 2440/2272/4050 
s 1
f 2444/2276/4053 2445/2277/4054 2446/2278/4055 2447/2279/4056 
f 2448/2280/4057 2449/2281/4058 2450/2282/4059 2451/2283/4060 
f 2420/2255/4021 2452/2284/4061 2453/2285/4062 2422/2257/4024 
f 2454/2286/4063 2455/2287/4064 2456/2288/4065 2457/2289/4066 
f 2458/2290/4067 2424/2258/4026 2423/2258/4025 2459/2291/4068 
s 2
f 2444/2276/4069 2447/2279/4070 2453/2285/4071 2459/2291/4072 
s 4
f 2459/2291/28 2423/2258/1514 2445/2277/1514 2444/2276/28 
s 2
f 2422/2257/4073 2446/2278/4074 2445/2277/4075 2423/2258/4076 
s 4
f 2447/2279/23 2446/2278/1509 2422/2257/1509 2453/2285/23 
s 2
f 2451/2283/4077 2460/2292/4078 2452/2284/4079 2448/2280/4080 
s 4
f 2452/2284/37 2420/2255/1514 2449/2281/1514 2448/2280/190 
s 2
f 2450/2282/4081 2449/2281/4082 2420/2255/4083 2421/2256/4084 
s 4
f 2460/2292/23 2451/2283/23 2450/2282/1509 2421/2256/1509 
s 2
f 2455/2287/37 2461/2293/37 2425/2259/1514 2456/2288/1514 
s 4
f 2456/2288/4085 2425/2259/4086 2424/2258/4087 2457/2289/4088 
s 2
f 2457/2289/1509 2424/2258/1509 2458/2290/23 2454/2286/23 
s 4
f 2455/2287/4089 2454/2286/4090 2458/2290/4091 2461/2293/4092 
s 1
f 2460/2292/4093 2462/2294/4094 2463/2295/4095 2452/2284/4061 
f 2453/2285/4062 2452/2284/4061 2463/2295/4095 2464/2296/4096 
f 2464/2296/4096 2465/2297/4097 2459/2291/4068 2453/2285/4062 
f 2466/2297/4098 2458/2290/4067 2459/2291/4068 2465/2297/4097 
f 2467/2298/4099 2461/2293/4100 2458/2290/4067 2466/2297/4098 
f 2425/2259/4027 2461/2293/4100 2468/2299/1748 2427/2261/1677 
f 2468/2299/1748 2461/2293/4100 2467/2298/4099 2469/1050/1749 
s 2
f 2469/1050/23 2470/1047/23 2471/1045/23 2468/2299/23 
f 2471/1045/23 2428/1003/23 2427/2261/23 2468/2299/23 
s 8
f 2421/2256/4032 2431/2263/4031 2472/2300/4101 2460/2292/4102 
f 2472/2300/4101 2473/2301/4103 2462/2294/4104 2460/2292/4102 
s 1
f 2472/2300/4105 2431/2263/4036 2433/2265/4035 2474/2302/4106 
f 2475/2303/4107 2473/2301/4108 2472/2300/4105 2474/2302/4106 
s 2
f 2474/2302/4109 2433/2265/4040 2435/2267/4039 2476/2304/4110 
f 2477/2305/4111 2475/2303/4112 2474/2302/4109 2476/2304/4110 
s 1
f 2476/2304/4113 2435/2267/4044 2437/2269/4043 2478/2306/4114 
f 2476/2304/4113 2478/2306/4114 2479/2307/4115 2477/2305/4116 
f 2480/2308/4117 2478/2306/4114 2437/2269/4043 2439/2271/4046 
f 2479/2307/4115 2478/2306/4114 2480/2308/4117 2481/2309/4118 
f 2480/2308/4117 2439/2271/4046 2441/2273/4048 2482/2310/4119 
f 2483/2311/4120 2481/2309/4118 2480/2308/4117 2482/2310/4119 
s 2
f 2441/2273/4052 2443/2275/4051 2484/2312/4121 2482/2310/4122 
f 2485/2313/4123 2483/2311/4124 2482/2310/4122 2484/2312/4121 
s 1
f 2486/2314/4125 2487/2315/4126 2488/2316/4127 2489/2317/4128 
f 2490/2318/4129 2491/2319/4130 2492/2320/4131 2493/2321/4132 
f 2494/2322/4133 2495/2323/4134 2464/2296/4096 2463/2295/4095 
f 2496/2324/4135 2497/2325/4136 2498/2326/4137 2499/2314/4138 
f 2465/2297/4097 2500/2327/4139 2501/2328/4140 2466/2297/4098 
s 2
f 2495/2323/4141 2500/2327/4142 2486/2314/4143 2489/2317/4144 
s 4
f 2486/2314/28 2500/2327/28 2465/2297/140 2487/2315/140 
s 2
f 2465/2297/4145 2464/2296/4146 2488/2316/4147 2487/2315/4148 
s 4
f 2488/2316/988 2464/2296/988 2495/2323/185 2489/2317/185 
s 2
f 2493/2321/4149 2502/2329/4150 2494/2322/4151 2490/2318/4152 
s 4
f 2490/2318/28 2494/2322/28 2463/2295/190 2491/2319/190 
s 2
f 2462/2294/4153 2492/2320/4154 2491/2319/4155 2463/2295/4156 
s 4
f 2462/2294/988 2502/2329/185 2493/2321/185 2492/2320/988 
s 2
f 2497/2325/190 2496/2324/28 2503/2330/28 2467/2298/190 
s 4
f 2466/2297/4157 2498/2326/4158 2497/2325/4159 2467/2298/4160 
s 2
f 2501/2328/185 2499/2314/185 2498/2326/988 2466/2297/988 
s 4
f 2501/2328/4161 2503/2330/4162 2496/2324/4163 2499/2314/4164 
s 1
f 2504/2331/4165 2494/2322/4133 2502/2329/4166 2505/2332/4167 
f 2494/2322/4133 2504/2331/4165 2506/2333/4168 2495/2323/4134 
f 2507/2334/4169 2500/2327/4139 2495/2323/4134 2506/2333/4168 
f 2501/2328/4140 2500/2327/4139 2507/2334/4169 2508/2335/4170 
f 2509/2336/4171 2503/2330/4172 2501/2328/4140 2508/2335/4170 
f 2467/2298/4099 2503/2330/4172 2510/2337/1820 2469/1050/1749 
f 2509/2336/4171 2511/2338/1821 2510/2337/1820 2503/2330/4172 
s 2
f 2510/2337/23 2511/2338/23 2512/1088/23 2513/1077/23 
f 2510/2337/23 2513/1077/23 2470/1047/23 2469/1050/23 
s 8
f 2514/2339/4173 2502/2329/4174 2462/2294/4104 2473/2301/4103 
f 2515/2340/4175 2505/2332/4176 2502/2329/4174 2514/2339/4173 
s 1
f 2516/2341/4177 2514/2339/4178 2473/2301/4108 2475/2303/4107 
f 2514/2339/4178 2516/2341/4177 2517/2342/4179 2515/2340/4180 
s 2
f 2516/2341/4181 2475/2303/4112 2477/2305/4111 2518/2343/4182 
f 2517/2342/4183 2516/2341/4181 2518/2343/4182 2519/2344/4184 
s 1
f 2479/2307/4115 2520/2345/4185 2518/2343/4186 2477/2305/4116 
f 2520/2345/4185 2521/2346/4187 2519/2344/4188 2518/2343/4186 
f 2481/2309/4118 2522/2347/4189 2520/2345/4185 2479/2307/4115 
f 2522/2347/4189 2523/2348/4190 2521/2346/4187 2520/2345/4185 
f 2524/2349/4191 2522/2347/4189 2481/2309/4118 2483/2311/4120 
f 2523/2348/4190 2522/2347/4189 2524/2349/4191 2525/2350/4192 
s 2
f 2524/2349/4193 2483/2311/4124 2485/2313/4123 2526/2351/4194 
f 2524/2349/4193 2526/2351/4194 2527/2352/4195 2525/2350/4196 
s 1
f 2528/2353/4197 2529/2354/4198 2530/2355/4199 2531/2356/4200 
f 2532/2357/4201 2533/2358/4202 2534/2359/4203 2535/2360/4204 
f 2504/2331/4165 2536/2361/4205 2537/2362/4206 2506/2333/4168 
f 2538/2363/4207 2539/2354/4208 2540/2364/4209 2541/2365/4210 
f 2508/2335/4170 2507/2334/4169 2542/2366/4211 2543/2367/4212 
s 2
f 2537/2362/4213 2542/2366/4214 2528/2353/4215 2531/2356/4216 
s 4
f 2528/2353/28 2542/2366/28 2507/2334/113 2529/2354/113 
s 2
f 2507/2334/4217 2506/2333/4218 2530/2355/4219 2529/2354/4220 
s 4
f 2530/2355/108 2506/2333/108 2537/2362/23 2531/2356/23 
s 2
f 2536/2361/4221 2534/2359/4222 2533/2358/4223 2544/2368/4224 
s 4
f 2534/2359/37 2536/2361/28 2504/2331/113 2535/2360/113 
s 2
f 2532/2357/4225 2535/2360/4226 2504/2331/4227 2505/2332/4228 
s 4
f 2544/2368/23 2533/2358/23 2532/2357/108 2505/2332/108 
s 2
f 2541/2365/28 2545/2369/28 2509/2336/113 2538/2363/113 
s 4
f 2509/2336/4229 2508/2335/4230 2539/2354/4231 2538/2363/4232 
s 2
f 2539/2354/108 2508/2335/108 2543/2367/23 2540/2364/23 
s 4
f 2545/2369/4233 2541/2365/4234 2540/2364/4235 2543/2367/4236 
s 1
f 2544/2368/4237 2546/2370/4238 2547/2371/4239 2536/2361/4205 
f 2536/2361/4205 2547/2371/4239 2548/2372/4240 2537/2362/4206 
f 2542/2366/4211 2537/2362/4206 2548/2372/4240 2549/2373/4241 
f 2542/2366/4211 2549/2373/4241 2550/2374/4242 2543/2367/4212 
f 2550/2374/4242 2551/2375/4243 2545/2369/4244 2543/2367/4212 
f 2511/2338/1821 2509/2336/4171 2545/2369/4244 2552/2376/4245 
f 2552/2376/4245 2545/2369/4244 2551/2375/4243 2553/1130/1894 
s 2
f 2553/1130/988 2554/1128/988 2555/1127/988 2552/2376/988 
f 2555/1127/988 2512/1088/23 2511/2338/23 2552/2376/988 
s 8
f 2544/2368/4246 2505/2332/4176 2515/2340/4175 2556/2377/4247 
f 2546/2370/4248 2544/2368/4246 2556/2377/4247 2557/2378/4249 
s 1
f 2517/2342/4179 2558/2379/4250 2556/2377/4251 2515/2340/4180 
f 2556/2377/4251 2558/2379/4250 2559/2380/4252 2557/2378/4253 
s 2
f 2560/2381/4254 2558/2379/4255 2517/2342/4183 2519/2344/4184 
f 2558/2379/4255 2560/2381/4254 2561/2382/4256 2559/2380/4257 
s 1
f 2521/2346/4187 2562/2383/4258 2560/2381/4259 2519/2344/4188 
f 2560/2381/4259 2562/2383/4258 2563/2384/4260 2561/2382/4261 
f 2523/2348/4190 2564/2385/4262 2562/2383/4258 2521/2346/4187 
f 2563/2384/4260 2562/2383/4258 2564/2385/4262 2565/2386/4263 
f 2525/2350/4192 2566/2387/4264 2564/2385/4262 2523/2348/4190 
f 2564/2385/4262 2566/2387/4264 2567/2388/4265 2565/2386/4263 
s 2
f 2527/2352/4195 2568/2389/4266 2566/2387/4267 2525/2350/4196 
f 2569/2390/4268 2567/2388/4269 2566/2387/4267 2568/2389/4266 
s 1
f 2570/2391/4270 2571/2392/4271 2572/2393/4272 2573/2394/4273 
f 2574/2395/4274 2575/2396/4275 2576/2397/4276 2577/2398/4277 
f 2547/2371/4239 2578/2399/4278 2579/2400/4279 2548/2372/4240 
f 2580/2394/4280 2581/2393/4281 2582/2401/4282 2583/2402/4283 
f 2584/2403/4284 2550/2374/4242 2549/2373/4241 2585/2404/4285 
s 2
f 2579/2400/4286 2585/2404/4287 2572/2393/4288 2571/2392/4289 
s 4
f 2572/2393/28 2585/2404/37 2549/2373/190 2573/2394/190 
s 2
f 2570/2391/4290 2573/2394/4291 2549/2373/4292 2548/2372/4293 
s 4
f 2570/2391/184 2548/2372/184 2579/2400/185 2571/2392/185 
s 2
f 2577/2398/4294 2586/2405/4295 2578/2399/4296 2574/2395/4297 
s 4
f 2578/2399/28 2547/2371/190 2575/2396/190 2574/2395/28 
s 2
f 2546/2370/4298 2576/2397/4299 2575/2396/4300 2547/2371/4301 
s 4
f 2577/2398/23 2576/2397/23 2546/2370/23 2586/2405/23 
s 2
f 2582/2401/37 2587/2406/37 2551/2375/37 2583/2402/37 
s 4
f 2583/2402/4302 2551/2375/4303 2550/2374/4304 2580/2394/4305 
s 2
f 2580/2394/184 2550/2374/184 2584/2403/185 2581/2393/185 
s 4
f 2581/2393/4306 2584/2403/4307 2587/2406/4308 2582/2401/4309 
s 1
f 2588/2407/4310 2578/2399/4278 2586/2405/4311 2589/2408/4312 
f 2588/2407/4310 2590/2409/4313 2579/2400/4279 2578/2399/4278 
f 2585/2404/4285 2579/2400/4279 2590/2409/4313 2591/2410/4314 
f 2584/2403/4284 2585/2404/4285 2591/2410/4314 2592/2410/4315 
f 2593/2411/4316 2587/2406/4317 2584/2403/4284 2592/2410/4315 
f 2587/2406/4317 2594/2412/1965 2553/1130/1894 2551/2375/4243 
f 2593/2411/4316 2595/2413/1966 2594/2412/1965 2587/2406/4317 
s 2
f 2595/2413/988 2596/1173/988 2597/1170/988 2594/2412/988 
f 2594/2412/988 2597/1170/988 2554/1128/988 2553/1130/988 
s 8
f 2557/2378/4249 2598/2414/4318 2586/2405/4319 2546/2370/4248 
f 2599/2415/4320 2589/2408/4321 2586/2405/4319 2598/2414/4318 
s 1
f 2557/2378/4253 2559/2380/4252 2600/2416/4322 2598/2414/4323 
f 2601/2417/4324 2599/2415/4325 2598/2414/4323 2600/2416/4322 
s 2
f 2559/2380/4257 2561/2382/4256 2602/2418/4326 2600/2416/4327 
f 2600/2416/4327 2602/2418/4326 2603/2419/4328 2601/2417/4329 
s 1
f 2604/2420/4330 2602/2418/4331 2561/2382/4261 2563/2384/4260 
f 2604/2420/4330 2605/2421/4332 2603/2419/4333 2602/2418/4331 
f 2563/2384/4260 2565/2386/4263 2606/2422/4334 2604/2420/4330 
f 2604/2420/4330 2606/2422/4334 2607/2423/4335 2605/2421/4332 
f 2567/2388/4265 2608/2424/4336 2606/2422/4334 2565/2386/4263 
f 2607/2423/4335 2606/2422/4334 2608/2424/4336 2609/2425/4337 
s 2
f 2567/2388/4269 2569/2390/4268 2610/2426/4338 2608/2424/4339 
f 2608/2424/4339 2610/2426/4338 2611/2427/4340 2609/2425/4341 
s 1
f 2612/2428/4342 2613/2429/4343 2614/2430/4344 2615/2431/4345 
f 2616/2432/4346 2617/2433/4347 2618/2434/4348 2619/2435/4349 
f 2620/2436/4350 2590/2409/4313 2588/2407/4310 2621/2437/4351 
f 2622/2438/4352 2623/2439/4353 2624/2429/4354 2625/2440/4355 
f 2592/2410/4315 2591/2410/4314 2626/2441/4356 2627/2442/4357 
s 2
f 2612/2428/4358 2615/2431/4359 2620/2436/4360 2626/2441/4361 
s 4
f 2626/2441/28 2591/2410/113 2613/2429/113 2612/2428/37 
s 2
f 2590/2409/4362 2614/2430/4363 2613/2429/4364 2591/2410/4365 
s 4
f 2614/2430/108 2590/2409/108 2620/2436/23 2615/2431/23 
s 2
f 2628/2443/4366 2621/2437/4367 2618/2434/4368 2617/2433/4369 
s 4
f 2618/2434/28 2621/2437/28 2588/2407/113 2619/2435/113 
s 2
f 2616/2432/4370 2619/2435/4371 2588/2407/4372 2589/2408/4373 
s 4
f 2616/2432/108 2589/2408/108 2628/2443/23 2617/2433/23 
s 2
f 2622/2438/37 2629/2444/28 2593/2411/113 2623/2439/113 
s 4
f 2593/2411/4374 2592/2410/4375 2624/2429/4376 2623/2439/4377 
s 2
f 2625/2440/23 2624/2429/108 2592/2410/108 2627/2442/23 
s 4
f 2629/2444/4378 2622/2438/4379 2625/2440/4380 2627/2442/4381 
s 1
f 2628/2443/4382 2630/2445/4383 2631/2446/4384 2621/2437/4351 
f 2631/2446/4384 2632/2447/4385 2620/2436/4350 2621/2437/4351 
f 2626/2441/4356 2620/2436/4350 2632/2447/4385 2633/2448/4386 
f 2626/2441/4356 2633/2448/4386 2634/2448/4387 2627/2442/4357 
f 2629/2444/4388 2627/2442/4357 2634/2448/4387 2635/2449/4389 
f 2593/2411/4316 2629/2444/4388 2636/2450/2037 2595/2413/1966 
f 2636/2450/2037 2629/2444/4388 2635/2449/4389 2637/2449/2038 
s 2
f 2638/1215/988 2639/1213/988 2636/2450/988 2637/2449/988 
f 2595/2413/988 2636/2450/988 2639/1213/988 2596/1173/988 
s 8
f 2589/2408/4321 2599/2415/4320 2640/2451/4390 2628/2443/4391 
f 2628/2443/4391 2640/2451/4390 2641/2452/4392 2630/2445/4393 
s 1
f 2599/2415/4325 2601/2417/4324 2642/2453/4394 2640/2451/4395 
f 2640/2451/4395 2642/2453/4394 2643/2454/4396 2641/2452/4397 
s 2
f 2642/2453/4398 2601/2417/4329 2603/2419/4328 2644/2455/4399 
f 2642/2453/4398 2644/2455/4399 2645/2456/4400 2643/2454/4401 
s 1
f 2646/2457/4402 2644/2455/4403 2603/2419/4333 2605/2421/4332 
f 2644/2455/4403 2646/2457/4402 2647/2458/4404 2645/2456/4405 
f 2605/2421/4332 2607/2423/4335 2648/2459/4406 2646/2457/4402 
f 2647/2458/4404 2646/2457/4402 2648/2459/4406 2649/2460/4407 
f 2609/2425/4337 2650/2461/4408 2648/2459/4406 2607/2423/4335 
f 2648/2459/4406 2650/2461/4408 2651/2462/4409 2649/2460/4407 
s 2
f 2611/2427/4340 2652/2463/4410 2650/2461/4411 2609/2425/4341 
f 2653/2464/4412 2651/2462/4413 2650/2461/4411 2652/2463/4410 
s 1
f 2654/2465/4414 2655/2466/4415 2656/2467/4416 2657/2468/4417 
f 2658/2469/4418 2659/2470/4419 2660/2471/4420 2661/2472/4421 
f 2662/2473/4422 2663/2474/4423 2632/2447/4385 2631/2446/4384 
f 2664/2468/4424 2665/2467/4425 2666/2475/4426 2667/2476/4427 
f 2634/2448/4387 2633/2448/4386 2668/2477/4428 2669/2477/4429 
s 2
f 2656/2467/4430 2655/2466/4431 2663/2474/4432 2668/2477/4433 
s 4
f 2656/2467/37 2668/2477/37 2633/2448/190 2657/2468/190 
s 2
f 2632/2447/4434 2654/2465/4435 2657/2468/4436 2633/2448/4437 
s 4
f 2654/2465/184 2632/2447/184 2663/2474/185 2655/2466/185 
s 2
f 2662/2473/4438 2659/2470/4439 2658/2469/4440 2670/2478/4441 
s 4
f 2662/2473/37 2631/2446/190 2660/2471/190 2659/2470/28 
s 2
f 2631/2446/4442 2630/2445/4443 2661/2472/4444 2660/2471/4445 
s 4
f 2630/2445/184 2670/2478/185 2658/2469/185 2661/2472/184 
s 2
f 2666/2475/28 2671/2479/37 2635/2449/190 2667/2476/190 
s 4
f 2664/2468/4446 2667/2476/4447 2635/2449/4448 2634/2448/4449 
s 2
f 2669/2477/185 2665/2467/185 2664/2468/184 2634/2448/184 
s 4
f 2669/2477/4450 2671/2479/4451 2666/2475/4452 2665/2467/4453 
s 1
f 2672/2480/4454 2673/2481/4455 2662/2473/4422 2670/2478/4456 
f 2662/2473/4422 2673/2481/4455 2674/2482/4457 2663/2474/4423 
f 2668/2477/4428 2663/2474/4423 2674/2482/4457 2675/2483/4458 
f 2668/2477/4428 2675/2483/4458 2676/2484/4459 2669/2477/4429 
f 2677/2485/4460 2671/2479/4461 2669/2477/4429 2676/2484/4459 
f 2671/2479/4461 2678/2486/2109 2637/2449/2038 2635/2449/4389 
f 2679/2487/2110 2678/2486/2109 2671/2479/4461 2677/2485/4460 
s 2
f 2680/1257/988 2678/2486/988 2679/2487/988 2681/1260/988 
f 2637/2449/988 2678/2486/988 2680/1257/988 2638/1215/988 
s 8
f 2641/2452/4392 2682/2488/4462 2670/2478/4463 2630/2445/4393 
f 2682/2488/4462 2683/2489/4464 2672/2480/4465 2670/2478/4463 
s 1
f 2643/2454/4396 2684/2490/4466 2682/2488/4467 2641/2452/4397 
f 2684/2490/4466 2685/2491/4468 2683/2489/4469 2682/2488/4467 
s 2
f 2645/2456/4400 2686/2492/4470 2684/2490/4471 2643/2454/4401 
f 2684/2490/4471 2686/2492/4470 2687/2493/4472 2685/2491/4473 
s 1
f 2647/2458/4404 2688/2494/4474 2686/2492/4475 2645/2456/4405 
f 2688/2494/4474 2689/2495/4476 2687/2493/4477 2686/2492/4475 
f 2649/2460/4407 2690/2496/4478 2688/2494/4474 2647/2458/4404 
f 2689/2495/4476 2688/2494/4474 2690/2496/4478 2691/2497/4479 
f 2649/2460/4407 2651/2462/4409 2692/2498/4480 2690/2496/4478 
f 2690/2496/4478 2692/2498/4480 2693/2499/4481 2691/2497/4479 
s 2
f 2653/2464/4412 2694/2500/4482 2692/2498/4483 2651/2462/4413 
f 2692/2498/4483 2694/2500/4482 2695/2501/4484 2693/2499/4485 
s 1
f 2696/2502/4486 2697/2503/4487 2698/2504/4488 2699/2505/4489 
f 2700/2506/4490 2701/2507/4491 2702/2508/4492 2703/2509/4493 
f 2704/2510/4494 2705/2511/4495 2674/2482/4457 2673/2481/4455 
f 2706/2512/4496 2707/2513/4497 2708/2503/4498 2709/2514/4499 
f 2675/2483/4458 2710/2515/4500 2711/2515/4501 2676/2484/4459 
s 2
f 2710/2515/4502 2696/2502/4503 2699/2505/4504 2705/2511/4505 
s 4
f 2696/2502/37 2710/2515/28 2675/2483/28 2697/2503/28 
s 2
f 2674/2482/4506 2698/2504/4507 2697/2503/4508 2675/2483/4509 
s 4
f 2674/2482/108 2705/2511/23 2699/2505/23 2698/2504/108 
s 2
f 2701/2507/4510 2712/2516/4511 2704/2510/4512 2702/2508/4513 
s 4
f 2703/2509/113 2702/2508/37 2704/2510/28 2673/2481/113 
s 2
f 2703/2509/4514 2673/2481/4515 2672/2480/4516 2700/2506/4517 
s 4
f 2672/2480/108 2712/2516/23 2701/2507/23 2700/2506/108 
s 2
f 2707/2513/28 2706/2512/28 2713/2517/28 2677/2485/113 
s 4
f 2676/2484/4518 2708/2503/4519 2707/2513/4520 2677/2485/4521 
s 2
f 2709/2514/23 2708/2503/108 2676/2484/23 2711/2515/23 
s 4
f 2711/2515/4522 2713/2517/4523 2706/2512/4524 2709/2514/4525 
s 1
f 2712/2516/4526 2714/2518/4527 2715/2519/4528 2704/2510/4494 
f 2716/2520/4529 2705/2511/4495 2704/2510/4494 2715/2519/4528 
f 2717/2521/4530 2710/2515/4500 2705/2511/4495 2716/2520/4529 
f 2717/2521/4530 2718/2522/4531 2711/2515/4501 2710/2515/4500 
f 2719/2523/4532 2713/2517/4533 2711/2515/4501 2718/2522/4531 
f 2677/2485/4460 2713/2517/4533 2720/2524/2181 2679/2487/2110 
f 2720/2524/2181 2713/2517/4533 2719/2523/4532 2721/2525/2182 
s 2
f 2722/1303/988 2723/1301/988 2720/2524/988 2721/2525/988 
f 2723/1301/988 2681/1260/988 2679/2487/988 2720/2524/988 
s 8
f 2672/2480/4465 2683/2489/4464 2724/2526/4534 2712/2516/4535 
f 2725/2527/4536 2714/2518/4537 2712/2516/4535 2724/2526/4534 
s 1
f 2726/2528/4538 2724/2526/4539 2683/2489/4469 2685/2491/4468 
f 2724/2526/4539 2726/2528/4538 2727/2529/4540 2725/2527/4541 
s 2
f 2687/2493/4472 2728/2530/4542 2726/2528/4543 2685/2491/4473 
f 2728/2530/4542 2729/2531/4544 2727/2529/4545 2726/2528/4543 
s 1
f 2730/2532/4546 2728/2530/4547 2687/2493/4477 2689/2495/4476 
f 2728/2530/4547 2730/2532/4546 2731/2533/4548 2729/2531/4549 
f 2691/2497/4479 2732/2534/4550 2730/2532/4546 2689/2495/4476 
f 2730/2532/4546 2732/2534/4550 2733/2535/4551 2731/2533/4548 
f 2734/2536/4552 2732/2534/4550 2691/2497/4479 2693/2499/4481 
f 2732/2534/4550 2734/2536/4552 2735/2537/4553 2733/2535/4551 
s 2
f 2693/2499/4485 2695/2501/4484 2736/2538/4554 2734/2536/4555 
f 2735/2537/4556 2734/2536/4555 2736/2538/4554 2737/2539/4557 
s 1
f 2738/2540/4558 2739/2541/4559 2740/2542/4560 2741/2543/4561 
f 2742/2544/4562 2743/2545/4563 2744/2546/4564 2745/2547/4565 
f 2715/2519/4528 2746/2548/4566 2747/2549/4567 2716/2520/4529 
f 2748/2550/4568 2749/2551/4569 2750/2552/4570 2751/2553/4571 
f 2717/2521/4530 2752/2554/4572 2753/2555/4573 2718/2522/4531 
s 2
f 2738/2540/4574 2741/2543/4575 2747/2549/4576 2752/2554/4577 
s 4
f 2739/2541/190 2738/2540/37 2752/2554/37 2717/2521/190 
s 2
f 2716/2520/4578 2740/2542/4579 2739/2541/4580 2717/2521/4581 
s 4
f 2740/2542/184 2716/2520/184 2747/2549/185 2741/2543/185 
s 2
f 2743/2545/4582 2742/2544/4583 2754/2556/4584 2746/2548/4585 
s 4
f 2743/2545/28 2746/2548/37 2715/2519/190 2744/2546/190 
s 2
f 2745/2547/4586 2744/2546/4587 2715/2519/4588 2714/2518/4589 
s 4
f 2754/2556/23 2742/2544/23 2745/2547/23 2714/2518/23 
s 2
f 2748/2550/37 2755/2557/37 2719/2523/190 2749/2551/190 
s 4
f 2719/2523/4590 2718/2522/4591 2750/2552/4592 2749/2551/4593 
s 2
f 2750/2552/184 2718/2522/184 2753/2555/185 2751/2553/185 
s 4
f 2748/2550/4594 2751/2553/4595 2753/2555/4596 2755/2557/4597 
s 1
f 2746/2548/4566 2754/2556/4598 2756/2558/4599 2757/2559/4600 
f 2757/2559/4600 2758/2560/4601 2747/2549/4567 2746/2548/4566 
f 2759/2561/4602 2752/2554/4572 2747/2549/4567 2758/2560/4601 
f 2760/2562/4603 2753/2555/4573 2752/2554/4572 2759/2561/4602 
f 2753/2555/4573 2760/2562/4603 2761/2563/4604 2755/2557/4605 
f 2719/2523/4532 2755/2557/4605 2762/2564/2254 2721/2525/2182 
f 2755/2557/4605 2761/2563/4604 2763/2565/2255 2762/2564/2254 
s 2
f 2763/2565/988 2764/1345/988 2765/1343/988 2762/2564/988 
f 2762/2564/988 2765/1343/988 2722/1303/988 2721/2525/988 
s 8
f 2714/2518/4537 2725/2527/4536 2766/2566/4606 2754/2556/4607 
f 2754/2556/4607 2766/2566/4606 2767/2567/4608 2756/2558/4609 
s 1
f 2727/2529/4540 2768/2568/4610 2766/2566/4611 2725/2527/4541 
f 2769/2569/4612 2767/2567/4613 2766/2566/4611 2768/2568/4610 
s 2
f 2770/2570/4614 2768/2568/4615 2727/2529/4545 2729/2531/4544 
f 2769/2569/4616 2768/2568/4615 2770/2570/4614 2771/2571/4617 
s 1
f 2770/2570/4618 2729/2531/4549 2731/2533/4548 2772/2572/4619 
f 2771/2571/4620 2770/2570/4618 2772/2572/4619 2773/2573/4621 
f 2774/2574/4622 2772/2572/4619 2731/2533/4548 2733/2535/4551 
f 2773/2573/4621 2772/2572/4619 2774/2574/4622 2775/2575/4623 
f 2776/2576/4624 2774/2574/4622 2733/2535/4551 2735/2537/4553 
f 2776/2576/4624 2777/2577/4625 2775/2575/4623 2774/2574/4622 
s 2
f 2776/2576/4626 2735/2537/4556 2737/2539/4557 2778/2578/4627 
f 2779/2579/4628 2777/2577/4629 2776/2576/4626 2778/2578/4627 
s 1
f 2780/2580/4630 2781/2581/4631 2782/2582/4632 2783/2583/4633 
f 2784/2584/4634 2785/2585/4635 2786/2586/4636 2787/2587/4637 
f 2757/2559/4600 2788/2588/4638 2789/2589/4639 2758/2560/4601 
f 2790/2590/4640 2791/2591/4641 2792/2592/4642 2793/2593/4643 
f 2794/2594/4644 2760/2562/4603 2759/2561/4602 2795/2595/4645 
s 2
f 2789/2589/4646 2795/2595/4647 2781/2581/4648 2780/2580/4649 
s 4
f 2781/2581/37 2795/2595/28 2759/2561/28 2782/2582/28 
s 2
f 2782/2582/4650 2759/2561/4651 2758/2560/4652 2783/2583/4653 
s 4
f 2780/2580/23 2783/2583/108 2758/2560/108 2789/2589/23 
s 2
f 2785/2585/4654 2784/2584/4655 2796/2596/4656 2788/2588/4657 
s 4
f 2786/2586/28 2785/2585/37 2788/2588/28 2757/2559/113 
s 2
f 2786/2586/4658 2757/2559/4659 2756/2558/4660 2787/2587/4661 
s 4
f 2796/2596/23 2784/2584/23 2787/2587/108 2756/2558/108 
s 2
f 2792/2592/37 2797/2597/28 2761/2563/28 2793/2593/28 
s 4
f 2761/2563/4662 2760/2562/4663 2790/2590/4664 2793/2593/4665 
s 2
f 2790/2590/23 2760/2562/23 2794/2594/23 2791/2591/23 
s 4
f 2791/2591/4666 2794/2594/4667 2797/2597/4668 2792/2592/4669 
s 1
f 2798/2598/4670 2799/2599/4671 2788/2588/4638 2796/2596/4672 
f 2789/2589/4639 2788/2588/4638 2799/2599/4671 2800/2600/4673 
f 2801/2601/4674 2795/2595/4645 2789/2589/4639 2800/2600/4673 
f 2801/2601/4674 2802/2601/4675 2794/2594/4644 2795/2595/4645 
f 2794/2594/4644 2802/2601/4675 2803/2602/4676 2797/2597/4677 
f 2761/2563/4604 2797/2597/4677 2804/2603/2327 2763/2565/2255 
f 2797/2597/4677 2803/2602/4676 2805/2604/4678 2804/2603/2327 
s 2
f 2805/2604/988 2806/1390/988 2807/1388/988 2804/2603/988 
f 2807/1388/988 2764/1345/988 2763/2565/988 2804/2603/988 
s 8
f 2808/2605/4679 2796/2596/4680 2756/2558/4609 2767/2567/4608 
f 2808/2605/4679 2809/2606/4681 2798/2598/4681 2796/2596/4680 
s 1
f 2810/2607/4682 2808/2605/4682 2767/2567/4613 2769/2569/4612 
f 2808/2605/4682 2810/2607/4682 2811/2608/4683 2809/2606/4683 
s 2
f 2771/2571/4617 2812/2609/4684 2810/2607/4685 2769/2569/4616 
f 2812/2609/4684 2813/2610/4686 2811/2608/4686 2810/2607/4685 
s 1
f 2812/2609/4687 2771/2571/4620 2773/2573/4621 2814/2611/4688 
f 2813/2610/4689 2812/2609/4687 2814/2611/4688 2815/2612/4690 
f 2775/2575/4623 2816/2613/4691 2814/2611/4688 2773/2573/4621 
f 2815/2612/4690 2814/2611/4688 2816/2613/4691 2817/2614/4692 
f 2775/2575/4623 2777/2577/4625 2818/2615/4693 2816/2613/4691 
f 2819/2616/4694 2817/2614/4692 2816/2613/4691 2818/2615/4693 
s 2
f 2818/2615/4695 2777/2577/4629 2779/2579/4628 2820/2617/4696 
f 2818/2615/4695 2820/2617/4696 2821/2618/4697 2819/2616/4697 
s 1
f 2822/2619/4698 2823/2620/4699 2824/2621/4700 2825/2622/4701 
f 2826/2623/4702 2827/2624/4703 2828/2625/4704 2829/2626/4705 
f 1464/1383/2322 2830/2627/4706 2831/2628/4707 1463/1382/2321 
f 2832/2629/4708 2833/2630/4709 2834/2631/4710 2835/2632/4711 
f 2836/2633/4712 1465/1384/2323 1466/1385/2324 2837/2634/4713 
s 2
f 2822/2619/4714 2836/2633/4715 2830/2627/4716 2823/2620/4717 
s 4
f 2825/2622/23 1465/1384/23 2836/2633/23 2822/2619/23 
s 2
f 1465/1384/4718 2825/2622/4719 2824/2621/4720 1464/1383/4721 
s 4
f 2823/2620/28 2830/2627/28 1464/1383/28 2824/2621/28 
s 2
f 2831/2628/4722 2838/2635/4723 2827/2624/4724 2826/2623/4725 
s 4
f 2831/2628/23 2826/2623/23 2829/2626/23 1463/1382/23 
s 2
f 2828/2625/4726 1462/1381/4727 1463/1382/4728 2829/2626/4729 
s 4
f 2828/2625/190 2827/2624/37 2838/2635/37 1462/1381/190 
s 2
f 2834/2631/185 1467/1386/185 2839/2636/23 2835/2632/23 
s 4
f 2834/2631/4730 2833/2630/4731 1466/1385/4732 1467/1386/4733 
s 2
f 2837/2634/28 1466/1385/28 2833/2630/28 2832/2629/28 
s 4
f 2835/2632/4734 2839/2636/4735 2837/2634/4736 2832/2629/4737 
s 1
f 2840/2637/4738 2838/2635/4739 2831/2628/4707 2841/2638/4740 
f 2830/2627/4706 2842/2639/4741 2841/2638/4740 2831/2628/4707 
f 2842/2639/4741 2830/2627/4706 2836/2633/4712 2843/2640/4742 
f 2837/2634/4713 2844/2641/4743 2843/2640/4742 2836/2633/4712 
f 2845/2642/4744 2844/2641/4743 2837/2634/4713 2839/2636/4745 
f 2846/2643/4746 2847/2643/4746 1470/1389/2328 1471/1390/2328 
f 2847/2643/4746 2846/2643/4746 2848/2644/4747 2849/2645/4747 
f 1473/1392/2328 2850/2646/4746 2839/2636/4745 1467/1386/2326 
f 2845/2642/4744 2839/2636/4745 2850/2646/4746 2851/2647/4747 
s 2
f 2851/2647/1514 2850/2646/1514 2847/2643/1514 2849/2645/1514 
f 1473/1392/1514 1470/1389/1514 2847/2643/1514 2850/2646/1514 
s 8
f 1462/1381/2331 2838/2635/4748 2852/2648/4749 1475/1394/2332 
f 2852/2648/4749 2838/2635/4748 2840/2637/4750 2853/2649/4751 
f 2854/2650/4752 1478/1397/2334 1479/1398/2335 2855/2651/4753 
f 2855/2651/4753 2856/2652/4754 2857/2653/4755 2854/2650/4752 
s 1
f 2854/2650/4756 2858/2654/4757 1481/1400/2339 1478/1397/2338 
f 2854/2650/4756 2857/2653/4758 2859/2655/4759 2858/2654/4757 
s 2
f 2858/2654/4760 2860/2656/4761 1483/1402/2343 1481/1400/2342 
f 2859/2655/4762 2861/2657/4763 2860/2656/4761 2858/2654/4760 
f 2860/2656/4761 2862/2658/4764 1485/1404/2345 1483/1402/2343 
f 2862/2658/4764 2860/2656/4761 2861/2657/4763 2863/2659/4765 
f 1485/1404/2345 2862/2658/4764 2864/2660/4766 1487/1406/2347 
f 2864/2660/4766 2862/2658/4764 2863/2659/4765 2865/2661/4767 
s 1
f 2864/2660/4768 2866/2662/4769 1489/1408/2351 1487/1406/2350 
f 2866/2662/4769 2864/2660/4768 2865/2661/4770 2867/2663/4771 
f 2868/2664/4772 2869/2665/4773 2870/2666/4774 2871/2667/4775 
f 2872/2668/4776 2873/2669/4777 2874/2670/4778 2875/2671/4779 
f 2842/2639/4741 2876/2672/4780 2877/2673/4781 2841/2638/4740 
f 2878/2674/4782 2879/2675/4783 2880/2676/4784 2881/2677/4785 
f 2843/2640/4742 2844/2641/4743 2882/2678/4786 2883/2678/4787 
s 2
f 2876/2672/4788 2870/2666/4789 2869/2665/4790 2883/2678/4791 
s 4
f 2843/2640/184 2883/2678/185 2869/2665/23 2868/2664/184 
s 2
f 2843/2640/4792 2868/2664/4793 2871/2667/4794 2842/2639/4795 
s 4
f 2870/2666/37 2876/2672/37 2842/2639/190 2871/2667/190 
s 2
f 2872/2668/4796 2875/2671/4797 2877/2673/4798 2884/2679/4799 
s 4
f 2877/2673/185 2875/2671/23 2874/2670/184 2841/2638/184 
s 2
f 2841/2638/4800 2874/2670/4801 2873/2669/4802 2840/2637/4803 
s 4
f 2873/2669/2310 2872/2668/37 2884/2679/37 2840/2637/2310 
s 2
f 2878/2674/184 2845/2642/184 2885/2680/185 2879/2675/23 
s 4
f 2845/2642/4804 2878/2674/4805 2881/2677/4806 2844/2641/4807 
s 2
f 2880/2676/37 2882/2678/37 2844/2641/190 2881/2677/190 
s 4
f 2882/2678/4808 2880/2676/4809 2879/2675/4810 2885/2680/4811 
s 1
f 2886/2681/4812 2887/2682/4813 2884/2679/4814 2877/2673/4781 
f 2888/2683/4815 2886/2681/4812 2877/2673/4781 2876/2672/4780 
f 2888/2683/4815 2876/2672/4780 2883/2678/4787 2889/2684/4816 
f 2890/2685/4817 2889/2684/4816 2883/2678/4787 2882/2678/4786 
f 2891/2686/4818 2890/2685/4817 2882/2678/4786 2885/2680/4819 
f 2892/2687/4820 2849/2645/4747 2848/2644/4747 2893/2688/4820 
f 2892/2687/4820 2893/2688/4820 2894/2689/4821 2895/2690/4821 
f 2851/2647/4747 2896/2680/4820 2885/2680/4819 2845/2642/4744 
f 2897/2691/4821 2891/2686/4818 2885/2680/4819 2896/2680/4820 
s 2
f 2896/2680/1514 2892/2687/1514 2895/2690/1514 2897/2691/1514 
f 2851/2647/1514 2849/2645/1514 2892/2687/1514 2896/2680/1514 
s 8
f 2853/2649/4751 2840/2637/4750 2884/2679/4822 2898/2692/4823 
f 2887/2682/4824 2899/2693/4825 2898/2692/4823 2884/2679/4822 
f 2856/2652/4754 2900/2694/4826 2901/2695/4826 2857/2653/4755 
f 2902/2696/4827 2901/2695/4826 2900/2694/4826 2903/2697/4827 
s 1
f 2904/2698/4828 2859/2655/4759 2857/2653/4758 2901/2695/4829 
f 2905/2699/4830 2904/2698/4828 2901/2695/4829 2902/2696/4831 
s 2
f 2906/2700/4832 2861/2657/4763 2859/2655/4762 2904/2698/4833 
f 2907/2701/4834 2906/2700/4832 2904/2698/4833 2905/2699/4835 
f 2906/2700/4832 2908/2702/4836 2863/2659/4765 2861/2657/4763 
f 2909/2703/4837 2908/2702/4836 2906/2700/4832 2907/2701/4834 
f 2910/2704/4838 2865/2661/4767 2863/2659/4765 2908/2702/4836 
f 2911/2705/4839 2910/2704/4838 2908/2702/4836 2909/2703/4837 
s 1
f 2865/2661/4770 2910/2704/4840 2912/2706/4841 2867/2663/4771 
f 2912/2706/4841 2910/2704/4840 2911/2705/4842 2913/2707/4843 
f 2914/2708/4844 2915/2709/4845 2916/2710/4846 2917/2711/4847 
f 2918/2712/4848 2919/2713/4849 2920/2714/4850 2921/2715/4851 
f 2922/2716/4852 2886/2681/4812 2888/2683/4815 2923/2717/4853 
f 2924/2718/4854 2925/2719/4855 2926/2708/4856 2927/2720/4857 
f 2889/2684/4816 2890/2685/4817 2928/2721/4858 2929/2722/4859 
s 2
f 2914/2708/4860 2929/2722/4861 2923/2717/4862 2915/2709/4863 
s 4
f 2889/2684/23 2929/2722/23 2914/2708/23 2917/2711/23 
s 2
f 2889/2684/4864 2917/2711/4865 2916/2710/4866 2888/2683/4867 
s 4
f 2916/2710/28 2915/2709/28 2923/2717/28 2888/2683/28 
s 2
f 2922/2716/4868 2930/2723/4869 2921/2715/4870 2920/2714/4871 
s 4
f 2919/2713/23 2886/2681/23 2922/2716/23 2920/2714/23 
s 2
f 2918/2712/4872 2887/2682/4873 2886/2681/4874 2919/2713/4875 
s 4
f 2918/2712/28 2921/2715/28 2930/2723/28 2887/2682/28 
s 2
f 2924/2718/23 2891/2686/23 2931/2724/23 2925/2719/23 
s 4
f 2927/2720/4876 2890/2685/4877 2891/2686/4878 2924/2718/4879 
s 2
f 2927/2720/28 2926/2708/28 2928/2721/28 2890/2685/28 
s 4
f 2925/2719/4880 2931/2724/4881 2928/2721/4882 2926/2708/4883 
s 1
f 2930/2723/4884 2922/2716/4852 2932/2725/4885 2933/2726/4886 
f 2923/2717/4853 2934/2727/4887 2932/2725/4885 2922/2716/4852 
f 2929/2722/4859 2935/2728/4888 2934/2727/4887 2923/2717/4853 
f 2935/2728/4888 2929/2722/4859 2928/2721/4858 2936/2728/4889 
f 2936/2728/4889 2928/2721/4858 2931/2724/4890 2937/2729/4891 
f 2938/2730/4892 2939/2731/4893 2895/2690/4821 2894/2689/4821 
f 2940/2732/4894 2941/2733/4894 2939/2731/4893 2938/2730/4892 
f 2891/2686/4818 2897/2691/4821 2942/2734/4892 2931/2724/4890 
f 2943/2735/4894 2937/2729/4891 2931/2724/4890 2942/2734/4892 
s 2
f 2939/2731/1514 2941/2733/1514 2943/2735/1514 2942/2734/1514 
f 2942/2734/1514 2897/2691/1514 2895/2690/1514 2939/2731/1514 
s 8
f 2944/2736/4895 2899/2693/4825 2887/2682/4824 2930/2723/4896 
f 2933/2726/4897 2945/2737/4898 2944/2736/4895 2930/2723/4896 
f 2903/2697/4827 2946/2738/4899 2947/2739/4900 2902/2696/4827 
f 2948/2740/4901 2947/2739/4900 2946/2738/4899 2949/2741/4901 
s 1
f 2947/2739/4902 2950/2742/4903 2905/2699/4830 2902/2696/4831 
f 2950/2742/4903 2947/2739/4902 2948/2740/4904 2951/2743/4905 
s 2
f 2952/2744/4906 2907/2701/4834 2905/2699/4835 2950/2742/4907 
f 2951/2743/4908 2953/2745/4909 2952/2744/4906 2950/2742/4907 
f 2952/2744/4906 2954/2746/4910 2909/2703/4837 2907/2701/4834 
f 2954/2746/4910 2952/2744/4906 2953/2745/4909 2955/2747/4911 
f 2909/2703/4837 2954/2746/4910 2956/2748/4912 2911/2705/4839 
f 2955/2747/4911 2957/2749/4913 2956/2748/4912 2954/2746/4910 
s 1
f 2956/2748/4914 2958/2750/4915 2913/2707/4843 2911/2705/4842 
f 2957/2749/4916 2959/2751/4917 2958/2750/4915 2956/2748/4914 
f 2960/2752/4918 2961/2753/4919 2962/2754/4920 2963/2755/4921 
f 2964/2756/4922 2965/2757/4923 2966/2758/4924 2967/2759/4925 
f 2968/2760/4926 2932/2725/4885 2934/2727/4887 2969/2761/4927 
f 2970/2762/4928 2971/2763/4929 2972/2764/4930 2973/2765/4931 
f 2974/2766/4932 2975/2767/4933 2935/2728/4888 2936/2728/4889 
s 2
f 2962/2754/4934 2975/2767/4935 2969/2761/4936 2963/2755/4937 
s 4
f 2961/2753/185 2935/2728/185 2975/2767/185 2962/2754/23 
s 2
f 2960/2752/4938 2934/2727/4939 2935/2728/4940 2961/2753/4941 
s 4
f 2969/2761/37 2934/2727/190 2960/2752/190 2963/2755/37 
s 2
f 2964/2756/4942 2968/2760/4943 2976/2768/4944 2965/2757/4945 
s 4
f 2932/2725/185 2968/2760/185 2964/2756/23 2967/2759/185 
s 2
f 2967/2759/4946 2966/2758/4947 2933/2726/4948 2932/2725/4949 
s 4
f 2966/2758/2310 2965/2757/37 2976/2768/37 2933/2726/2310 
s 2
f 2972/2764/23 2971/2763/185 2937/2729/185 2977/2769/185 
s 4
f 2970/2762/4950 2936/2728/4951 2937/2729/4952 2971/2763/4953 
s 2
f 2973/2765/37 2974/2766/37 2936/2728/190 2970/2762/190 
s 4
f 2972/2764/4954 2977/2769/4955 2974/2766/4956 2973/2765/4957 
s 1
f 2968/2760/4926 2978/2770/4958 2979/2771/4959 2976/2768/4960 
f 2969/2761/4927 2980/2772/4961 2978/2770/4958 2968/2760/4926 
f 2969/2761/4927 2975/2767/4933 2981/2773/4962 2980/2772/4961 
f 2974/2766/4932 2982/2773/4963 2981/2773/4962 2975/2767/4933 
f 2977/2769/4964 2983/2774/4965 2982/2773/4963 2974/2766/4932 
f 2940/2732/4894 2984/2775/4966 2985/2775/4966 2941/2733/4894 
f 2985/2775/4966 2984/2775/4966 2986/2776/4967 2987/2777/4967 
f 2937/2729/4891 2943/2735/4894 2988/2778/4966 2977/2769/4964 
f 2989/2779/4967 2983/2774/4965 2977/2769/4964 2988/2778/4966 
s 2
f 2987/2777/1514 2989/2779/1514 2988/2778/1514 2985/2775/1514 
f 2988/2778/1514 2943/2735/1514 2941/2733/1514 2985/2775/1514 
s 8
f 2933/2726/4897 2976/2768/4968 2990/2780/4969 2945/2737/4898 
f 2976/2768/4968 2979/2771/4970 2991/2781/4971 2990/2780/4969 
f 2992/2782/4972 2948/2740/4901 2949/2741/4901 2993/2783/4972 
f 2994/2784/4973 2992/2782/4972 2993/2783/4972 2995/2785/4973 
s 1
f 2992/2782/4974 2996/2786/4975 2951/2743/4905 2948/2740/4904 
f 2996/2786/4975 2992/2782/4974 2994/2784/4976 2997/2787/4977 
s 2
f 2998/2788/4978 2953/2745/4909 2951/2743/4908 2996/2786/4979 
f 2996/2786/4979 2997/2787/4980 2999/2789/4981 2998/2788/4978 
f 2998/2788/4978 3000/2790/4982 2955/2747/4911 2953/2745/4909 
f 3000/2790/4982 2998/2788/4978 2999/2789/4981 3001/2791/4983 
f 3000/2790/4982 3002/2792/4984 2957/2749/4913 2955/2747/4911 
f 3002/2792/4984 3000/2790/4982 3001/2791/4983 3003/2793/4985 
s 1
f 2957/2749/4916 3002/2792/4986 3004/2794/4987 2959/2751/4917 
f 3004/2794/4987 3002/2792/4986 3003/2793/4988 3005/2795/4989 
f 3006/2796/4990 3007/2797/4991 3008/2798/4992 3009/2799/4993 
f 3010/2800/4994 3011/2801/4995 3012/2802/4996 3013/2803/4997 
f 2978/2770/4958 2980/2772/4961 3014/2804/4998 3015/2805/4999 
f 3016/2806/5000 3017/2807/5001 3018/2808/5002 3019/2799/5003 
f 2982/2773/4963 3020/2809/5004 3021/2810/5005 2981/2773/4962 
s 2
f 3006/2796/5006 3009/2799/5007 3021/2810/5008 3014/2804/5009 
s 4
f 2981/2773/23 3021/2810/23 3009/2799/23 3008/2798/23 
s 2
f 3008/2798/5010 3007/2797/5011 2980/2772/5012 2981/2773/5013 
s 4
f 3006/2796/28 3014/2804/28 2980/2772/28 3007/2797/28 
s 2
f 3015/2805/5014 3022/2811/5015 3013/2803/5016 3012/2802/5017 
s 4
f 3011/2801/23 2978/2770/23 3015/2805/23 3012/2802/23 
s 2
f 2978/2770/5018 3011/2801/5019 3010/2800/5020 2979/2771/5021 
s 4
f 3013/2803/28 3022/2811/28 2979/2771/28 3010/2800/28 
s 2
f 3017/2807/23 2983/2774/23 3023/2812/23 3018/2808/23 
s 4
f 2983/2774/5022 3017/2807/5023 3016/2806/5024 2982/2773/5025 
s 2
f 3016/2806/28 3019/2799/28 3020/2809/28 2982/2773/28 
s 4
f 3019/2799/5026 3018/2808/5027 3023/2812/5028 3020/2809/5029 
s 1
f 3015/2805/4999 3024/2813/5030 3025/2814/5031 3022/2811/5032 
f 3014/2804/4998 3026/2815/5033 3024/2813/5030 3015/2805/4999 
f 3026/2815/5033 3014/2804/4998 3021/2810/5005 3027/2816/5034 
f 3028/2816/5035 3027/2816/5034 3021/2810/5005 3020/2809/5004 
f 3029/2817/5036 3028/2816/5035 3020/2809/5004 3023/2812/5037 
f 3030/2818/5038 3031/2819/5038 2987/2777/4967 2986/2776/4967 
f 3032/2820/5039 3031/2819/5038 3030/2818/5038 3033/2820/5039 
f 3023/2812/5037 2983/2774/4965 2989/2779/4967 3034/2812/5040 
f 3035/2821/5039 3029/2817/5036 3023/2812/5037 3034/2812/5040 
s 2
f 3032/2820/113 3035/2821/113 3034/2812/1514 3031/2819/113 
f 3034/2812/1514 2989/2779/1514 2987/2777/1514 3031/2819/113 
s 8
f 3022/2811/5041 3036/2822/5042 2991/2781/4971 2979/2771/4970 
f 3036/2822/5042 3022/2811/5041 3025/2814/5043 3037/2823/5044 
f 3038/2824/5045 2994/2784/4973 2995/2785/4973 3039/2825/5045 
f 3039/2825/5045 3040/2826/5046 3041/2827/5046 3038/2824/5045 
s 1
f 3038/2824/5047 3042/2828/5048 2997/2787/4977 2994/2784/4976 
f 3041/2827/5049 3043/2829/5050 3042/2828/5048 3038/2824/5047 
s 2
f 3042/2828/5051 3044/2830/5052 2999/2789/4981 2997/2787/4980 
f 3045/2831/5053 3044/2830/5052 3042/2828/5051 3043/2829/5054 
f 3046/2832/5055 3001/2791/4983 2999/2789/4981 3044/2830/5052 
f 3044/2830/5052 3045/2831/5053 3047/2833/5056 3046/2832/5055 
f 3046/2832/5055 3048/2834/5057 3003/2793/4985 3001/2791/4983 
f 3048/2834/5057 3046/2832/5055 3047/2833/5056 3049/2835/5058 
s 1
f 3050/2836/5059 3005/2795/4989 3003/2793/4988 3048/2834/5060 
f 3050/2836/5059 3048/2834/5060 3049/2835/5061 3051/2837/5062 
f 3052/2838/5063 3053/2839/5064 3054/2840/5065 3055/2841/5066 
f 3056/2842/5067 3057/2843/5068 3058/2844/5069 3059/2845/5070 
f 3060/2846/5071 3024/2813/5030 3026/2815/5033 3061/2847/5072 
f 3062/2848/5073 3063/2840/5074 3064/2849/5075 3065/2850/5076 
f 3066/2851/5077 3027/2816/5034 3028/2816/5035 3067/2852/5078 
s 2
f 3052/2838/5079 3055/2841/5080 3066/2851/5081 3061/2847/5082 
s 4
f 3054/2840/185 3027/2816/185 3066/2851/185 3055/2841/23 
s 2
f 3054/2840/5083 3053/2839/5084 3026/2815/5085 3027/2816/5086 
s 4
f 3052/2838/37 3061/2847/28 3026/2815/37 3053/2839/37 
s 2
f 3068/2853/5087 3056/2842/5088 3059/2845/5089 3060/2846/5090 
s 4
f 3060/2846/185 3059/2845/23 3058/2844/185 3024/2813/185 
s 2
f 3024/2813/5091 3058/2844/5092 3057/2843/5093 3025/2814/5094 
s 4
f 3056/2842/37 3068/2853/37 3025/2814/5095 3057/2843/5095 
s 2
f 3029/2817/185 3069/2854/185 3065/2850/23 3064/2849/185 
s 4
f 3063/2840/5096 3028/2816/5097 3029/2817/5098 3064/2849/5099 
s 2
f 3062/2848/37 3067/2852/28 3028/2816/37 3063/2840/37 
s 4
f 3065/2850/5100 3069/2854/5101 3067/2852/5102 3062/2848/5103 
s 1
f 3070/2855/5104 3068/2853/5105 3060/2846/5071 3071/2856/5106 
f 3061/2847/5072 3072/2857/5107 3071/2856/5106 3060/2846/5071 
f 3066/2851/5077 3073/2858/5108 3072/2857/5107 3061/2847/5072 
f 3074/2858/5109 3073/2858/5108 3066/2851/5077 3067/2852/5078 
f 3074/2858/5109 3067/2852/5078 3069/2854/5110 3075/2859/5111 
f 3076/2860/5112 3032/2820/5039 3033/2820/5039 3077/2861/5112 
f 3078/2862/5113 3076/2860/5112 3077/2861/5112 3079/2863/5113 
f 3035/2821/5039 3080/2864/5112 3069/2854/5110 3029/2817/5036 
f 3081/2865/5113 3075/2859/5111 3069/2854/5110 3080/2864/5112 
s 2
f 3076/2860/113 3078/2862/113 3081/2865/113 3080/2864/113 
f 3035/2821/113 3032/2820/113 3076/2860/113 3080/2864/113 
s 8
f 3068/2853/5114 3082/2866/5115 3037/2823/5044 3025/2814/5043 
f 3082/2866/5115 3068/2853/5114 3070/2855/5116 3083/2867/5117 
f 3084/2868/5118 3041/2827/5046 3040/2826/5046 3085/2869/5119 
f 3086/2870/5120 3084/2868/5118 3085/2869/5119 3087/2871/5120 
s 1
f 3088/2872/5121 3043/2829/5050 3041/2827/5049 3084/2868/5122 
f 3089/2873/5123 3088/2872/5121 3084/2868/5122 3086/2870/5124 
s 2
f 3088/2872/5125 3090/2874/5126 3045/2831/5053 3043/2829/5054 
f 3090/2874/5126 3088/2872/5125 3089/2873/5127 3091/2875/5128 
f 3045/2831/5053 3090/2874/5126 3092/2876/5129 3047/2833/5056 
f 3093/2877/5130 3092/2876/5129 3090/2874/5126 3091/2875/5128 
f 3092/2876/5129 3094/2878/5131 3049/2835/5058 3047/2833/5056 
f 3092/2876/5129 3093/2877/5130 3095/2879/5132 3094/2878/5131 
s 1
f 3096/2880/5133 3051/2837/5062 3049/2835/5061 3094/2878/5134 
f 3096/2880/5133 3094/2878/5134 3095/2879/5135 3097/2881/5136 
f 3098/2882/5137 3099/2883/5138 3100/2884/5139 3101/2885/5140 
f 3102/2886/5141 3103/2887/5142 3104/2888/5143 3105/2889/5144 
f 3072/2857/5107 3106/2890/5145 3107/2891/5146 3071/2856/5106 
f 3108/2892/5147 3109/2893/5148 3110/2884/5149 3111/2894/5150 
f 3074/2858/5109 3112/2895/5151 3113/2896/5152 3073/2858/5108 
s 2
f 3098/2882/5153 3101/2885/5154 3113/2896/5155 3106/2890/5156 
s 4
f 3073/2858/23 3113/2896/23 3101/2885/23 3100/2884/23 
s 2
f 3099/2883/5157 3072/2857/5158 3073/2858/5159 3100/2884/5160 
s 4
f 3106/2890/28 3072/2857/28 3099/2883/28 3098/2882/28 
s 2
f 3107/2891/5161 3114/2897/5162 3103/2887/5163 3102/2886/5164 
s 4
f 3105/2889/23 3071/2856/23 3107/2891/23 3102/2886/23 
s 2
f 3105/2889/5165 3104/2888/5166 3070/2855/5167 3071/2856/5168 
s 4
f 3103/2887/37 3114/2897/28 3070/2855/37 3104/2888/37 
s 2
f 3111/2894/23 3075/2859/23 3115/2898/23 3108/2892/23 
s 4
f 3110/2884/5169 3074/2858/5170 3075/2859/5171 3111/2894/5172 
s 2
f 3112/2895/37 3074/2858/28 3110/2884/28 3109/2893/28 
s 4
f 3108/2892/5173 3115/2898/5174 3112/2895/5175 3109/2893/5176 
s 1
f 3116/2899/5177 3114/2897/5178 3107/2891/5146 3117/2900/5179 
f 3106/2890/5145 3118/2901/5180 3117/2900/5179 3107/2891/5146 
f 3113/2896/5152 3119/2902/5181 3118/2901/5180 3106/2890/5145 
f 3120/2903/5182 3119/2902/5181 3113/2896/5152 3112/2895/5151 
f 3115/2898/5183 3121/2904/5184 3120/2903/5182 3112/2895/5151 
f 3122/2905/5185 3123/2906/5185 3078/2862/5113 3079/2863/5113 
f 3124/2907/5186 3125/2908/5186 3123/2906/5185 3122/2905/5185 
f 3115/2898/5183 3075/2859/5111 3081/2865/5113 3126/2898/5185 
f 3121/2904/5184 3115/2898/5183 3126/2898/5185 3127/2904/5186 
s 2
f 3126/2898/113 3123/2906/113 3125/2908/113 3127/2904/113 
f 3081/2865/113 3078/2862/113 3123/2906/113 3126/2898/113 
s 8
f 3070/2855/5116 3114/2897/5187 3128/2909/5188 3083/2867/5117 
f 3128/2909/5188 3114/2897/5187 3116/2899/5189 3129/2910/5190 
f 3130/2911/5191 3086/2870/5120 3087/2871/5120 3131/2912/5191 
f 3132/2913/5192 3133/2914/5192 3130/2911/5191 3131/2912/5191 
s 1
f 3130/2911/5193 3134/2915/5194 3089/2873/5123 3086/2870/5124 
f 3135/2916/5195 3134/2915/5194 3130/2911/5193 3133/2914/5196 
s 2
f 3136/2917/5197 3091/2875/5128 3089/2873/5127 3134/2915/5198 
f 3135/2916/5199 3137/2918/5200 3136/2917/5197 3134/2915/5198 
f 3091/2875/5128 3136/2917/5197 3138/2919/5201 3093/2877/5130 
f 3137/2918/5200 3139/2920/5202 3138/2919/5201 3136/2917/5197 
f 3138/2919/5201 3140/2921/5203 3095/2879/5132 3093/2877/5130 
f 3139/2920/5202 3141/2922/5204 3140/2921/5203 3138/2919/5201 
s 1
f 3095/2879/5135 3140/2921/5205 3142/2923/5206 3097/2881/5136 
f 3143/2924/5207 3142/2923/5206 3140/2921/5205 3141/2922/5208 
f 3144/2925/5209 3145/2926/5210 3146/2927/5211 3147/2928/5212 
f 3148/2929/5213 3149/2930/5214 3150/2931/5215 3151/2932/5216 
f 3152/2933/5217 3117/2900/5179 3118/2901/5180 3153/2934/5218 
f 3154/2927/5219 3155/2935/5220 3156/2936/5221 3157/2937/5222 
f 3119/2902/5181 3120/2903/5182 3158/2938/5223 3159/2939/5224 
s 2
f 3147/2928/5225 3159/2939/5226 3153/2934/5227 3144/2925/5228 
s 4
f 3146/2927/185 3119/2902/185 3159/2939/185 3147/2928/23 
s 2
f 3146/2927/5229 3145/2926/5230 3118/2901/5231 3119/2902/5232 
s 4
f 3144/2925/37 3153/2934/28 3118/2901/37 3145/2926/37 
s 2
f 3148/2929/5233 3152/2933/5234 3160/2940/5235 3149/2930/5236 
s 4
f 3152/2933/185 3148/2929/23 3151/2932/185 3117/2900/185 
s 2
f 3151/2932/5237 3150/2931/5238 3116/2899/5239 3117/2900/5240 
s 4
f 3150/2931/1514 3149/2930/37 3160/2940/28 3116/2899/37 
s 2
f 3155/2935/185 3121/2904/185 3161/2941/185 3156/2936/23 
s 4
f 3154/2927/5241 3120/2903/5242 3121/2904/5243 3155/2935/5244 
s 2
f 3154/2927/37 3157/2937/37 3158/2938/28 3120/2903/37 
s 4
f 3156/2936/5245 3161/2941/5246 3158/2938/5247 3157/2937/5248 
s 1
f 3162/2942/5249 3160/2940/5250 3152/2933/5217 3163/2943/5251 
f 3163/2943/5251 3152/2933/5217 3153/2934/5218 3164/2944/5252 
f 3165/2945/5253 3164/2944/5252 3153/2934/5218 3159/2939/5224 
f 3165/2945/5253 3159/2939/5224 3158/2938/5223 3166/2945/5254 
f 3161/2941/5255 3167/2946/5256 3166/2945/5254 3158/2938/5223 
f 3168/2947/5257 3169/2948/5257 3125/2908/5186 3124/2907/5186 
f 3170/2949/5258 3169/2948/5257 3168/2947/5257 3171/2950/5258 
f 3127/2904/5186 3172/2941/5257 3161/2941/5255 3121/2904/5184 
f 3167/2946/5256 3161/2941/5255 3172/2941/5257 3173/2951/5258 
s 2
f 3169/2948/113 3170/2949/113 3173/2951/113 3172/2941/113 
f 3127/2904/113 3125/2908/113 3169/2948/113 3172/2941/113 
s 8
f 3116/2899/5189 3160/2940/5259 3174/2952/5260 3129/2910/5190 
f 3162/2942/5261 3175/2953/5262 3174/2952/5260 3160/2940/5259 
f 3133/2914/5192 3132/2913/5192 3176/2954/5263 3177/2955/5263 
f 3178/2956/5264 3179/2957/5264 3177/2955/5263 3176/2954/5263 
s 1
f 3133/2914/5196 3177/2955/5265 3180/2958/5266 3135/2916/5195 
f 3181/2959/5267 3180/2958/5266 3177/2955/5265 3179/2957/5268 
s 2
f 3135/2916/5199 3180/2958/5269 3182/2960/5270 3137/2918/5200 
f 3183/2961/5271 3182/2960/5270 3180/2958/5269 3181/2959/5272 
f 3184/2962/5273 3139/2920/5202 3137/2918/5200 3182/2960/5270 
f 3183/2961/5271 3185/2963/5274 3184/2962/5273 3182/2960/5270 
f 3186/2964/5275 3141/2922/5204 3139/2920/5202 3184/2962/5273 
f 3185/2963/5274 3187/2965/5276 3186/2964/5275 3184/2962/5273 
s 1
f 3186/2964/5277 3188/2966/5278 3143/2924/5207 3141/2922/5208 
f 3187/2965/5279 3189/2967/5280 3188/2966/5278 3186/2964/5277 
f 3190/2968/5281 3191/2969/5282 3192/2970/5283 3193/2971/5284 
f 3194/2972/5285 3195/2973/5286 3196/2974/5287 3197/2975/5288 
f 3198/2976/5289 3163/2943/5251 3164/2944/5252 3199/2977/5290 
f 3200/2978/5291 3201/2979/5292 3202/2980/5293 3203/2981/5294 
f 3204/2982/5295 3205/2982/5296 3165/2945/5253 3166/2945/5254 
s 2
f 3190/2968/5297 3205/2982/5298 3199/2977/5299 3191/2969/5300 
s 4
f 3205/2982/23 3190/2968/23 3193/2971/988 3165/2945/988 
s 2
f 3192/2970/5301 3164/2944/5302 3165/2945/5303 3193/2971/5304 
s 4
f 3191/2969/28 3199/2977/37 3164/2944/140 3192/2970/140 
s 2
f 3197/2975/5305 3198/2976/5306 3206/2983/5307 3194/2972/5308 
s 4
f 3197/2975/23 3196/2974/988 3163/2943/988 3198/2976/23 
s 2
f 3163/2943/5309 3196/2974/5310 3195/2973/5311 3162/2942/5312 
s 4
f 3195/2973/140 3194/2972/140 3206/2983/37 3162/2942/140 
s 2
f 3201/2979/988 3167/2946/988 3207/2984/23 3202/2980/23 
s 4
f 3201/2979/5313 3200/2978/5314 3166/2945/5315 3167/2946/5316 
s 2
f 3200/2978/140 3203/2981/28 3204/2982/37 3166/2945/140 
s 4
f 3207/2984/5317 3204/2982/5318 3203/2981/5319 3202/2980/5320 
s 1
f 3198/2976/5289 3208/2985/5321 3209/2986/5322 3206/2983/5323 
f 3199/2977/5290 3210/2987/5324 3208/2985/5321 3198/2976/5289 
f 3210/2987/5324 3199/2977/5290 3205/2982/5296 3211/2988/5325 
f 3204/2982/5295 3212/2989/5326 3211/2988/5325 3205/2982/5296 
f 3212/2989/5326 3204/2982/5295 3207/2984/5327 3213/2990/5328 
f 3171/2950/5258 3214/2991/5329 3215/2991/5329 3170/2949/5258 
f 3215/2991/5329 3214/2991/5329 3216/2992/5330 3217/2993/5330 
f 3207/2984/5327 3167/2946/5256 3173/2951/5258 3218/2984/5329 
f 3213/2990/5328 3207/2984/5327 3218/2984/5329 3219/2994/5330 
s 2
f 3215/2991/113 3217/2993/113 3219/2994/113 3218/2984/113 
f 3218/2984/113 3173/2951/113 3170/2949/113 3215/2991/113 
s 8
f 3162/2942/5261 3206/2983/5331 3220/2995/5332 3175/2953/5262 
f 3220/2995/5332 3206/2983/5331 3209/2986/5333 3221/2996/5334 
f 3222/2997/5335 3179/2957/5264 3178/2956/5264 3223/2998/5335 
f 3224/2999/5336 3222/2997/5335 3223/2998/5335 3225/3000/5336 
s 1
f 3222/2997/5337 3226/3001/5338 3181/2959/5267 3179/2957/5268 
f 3227/3002/5339 3226/3001/5338 3222/2997/5337 3224/2999/5340 
s 2
f 3228/3003/5341 3183/2961/5271 3181/2959/5272 3226/3001/5342 
f 3228/3003/5341 3226/3001/5342 3227/3002/5343 3229/3004/5344 
f 3228/3003/5341 3230/3005/5345 3185/2963/5274 3183/2961/5271 
f 3229/3004/5344 3231/3006/5346 3230/3005/5345 3228/3003/5341 
f 3230/3005/5345 3232/3007/5347 3187/2965/5276 3185/2963/5274 
f 3232/3007/5347 3230/3005/5345 3231/3006/5346 3233/3008/5348 
s 1
f 3234/3009/5349 3189/2967/5280 3187/2965/5279 3232/3007/5350 
f 3233/3008/5351 3235/3010/5352 3234/3009/5349 3232/3007/5350 
f 3236/3011/5353 3237/3012/5354 3238/3013/5355 3239/3014/5356 
f 3240/3015/5357 3241/3016/5358 3242/3017/5359 3243/3018/5360 
f 3210/2987/5324 3244/3019/5361 3245/3020/5362 3208/2985/5321 
f 3246/3021/5363 3247/3022/5364 3248/3023/5365 3249/3024/5366 
f 3211/2988/5325 3212/2989/5326 3250/3025/5367 3251/3026/5368 
s 2
f 3237/3012/5369 3236/3011/5370 3251/3026/5371 3244/3019/5372 
s 4
f 3251/3026/185 3236/3011/185 3239/3014/185 3211/2988/1509 
s 2
f 3211/2988/5373 3239/3014/5374 3238/3013/5375 3210/2987/5376 
s 4
f 3238/3013/1514 3237/3012/28 3244/3019/28 3210/2987/1514 
s 2
f 3245/3020/5377 3252/3027/5378 3240/3015/5379 3243/3018/5380 
s 4
f 3242/3017/185 3208/2985/185 3245/3020/185 3243/3018/23 
s 2
f 3242/3017/5381 3241/3016/5382 3209/2986/5383 3208/2985/5384 
s 4
f 3241/3016/5385 3240/3015/28 3252/3027/28 3209/2986/5385 
s 2
f 3247/3022/185 3213/2990/185 3253/3028/185 3248/3023/23 
s 4
f 3247/3022/5386 3246/3021/5387 3212/2989/5388 3213/2990/5389 
s 2
f 3246/3021/37 3249/3024/28 3250/3025/28 3212/2989/37 
s 4
f 3250/3025/5390 3249/3024/5391 3248/3023/5392 3253/3028/5393 
s 1
f 3245/3020/5362 3254/3029/5394 3255/3030/5395 3252/3027/5396 
f 3254/3029/5394 3245/3020/5362 3244/3019/5361 3256/3031/5397 
f 3251/3026/5368 3257/3032/5398 3256/3031/5397 3244/3019/5361 
f 3258/3032/5399 3257/3032/5398 3251/3026/5368 3250/3025/5367 
f 3259/3033/5400 3258/3032/5399 3250/3025/5367 3253/3028/5401 
f 3216/2992/5330 3260/3034/5402 3261/3035/5402 3217/2993/5330 
f 3262/3036/5403 3261/3035/5402 3260/3034/5402 3263/3036/5403 
f 3219/2994/5330 3264/3028/5402 3253/3028/5401 3213/2990/5328 
f 3264/3028/5402 3265/3037/5403 3259/3033/5400 3253/3028/5401 
s 2
f 3261/3035/113 3262/3036/113 3265/3037/113 3264/3028/113 
f 3219/2994/113 3217/2993/113 3261/3035/113 3264/3028/113 
s 8
f 3209/2986/5333 3252/3027/5404 3266/3038/5405 3221/2996/5334 
f 3266/3038/5405 3252/3027/5404 3255/3030/5406 3267/3039/5407 
f 3224/2999/5336 3225/3000/5336 3268/3040/5408 3269/3041/5409 
f 3270/3042/5410 3269/3041/5409 3268/3040/5408 3271/3043/5410 
s 1
f 3224/2999/5340 3269/3041/5411 3272/3044/5412 3227/3002/5339 
f 3272/3044/5412 3269/3041/5411 3270/3042/5413 3273/3045/5414 
s 2
f 3229/3004/5344 3227/3002/5343 3272/3044/5415 3274/3046/5416 
f 3273/3045/5417 3275/3047/5418 3274/3046/5416 3272/3044/5415 
f 3231/3006/5346 3229/3004/5344 3274/3046/5416 3276/3048/5419 
f 3276/3048/5419 3274/3046/5416 3275/3047/5418 3277/3049/5420 
f 3231/3006/5346 3276/3048/5419 3278/3050/5421 3233/3008/5348 
f 3277/3049/5420 3279/3051/5422 3278/3050/5421 3276/3048/5419 
s 1
f 3278/3050/5423 3280/3052/5424 3235/3010/5352 3233/3008/5351 
f 3278/3050/5423 3279/3051/5425 3281/3053/5426 3280/3052/5424 
f 3282/3054/5427 3283/3055/5428 3284/3056/5429 3285/3057/5430 
f 3286/3058/5431 3287/3059/5432 3288/3060/5433 3289/3061/5434 
f 3254/3029/5394 3256/3031/5397 3290/3062/5435 3291/3063/5436 
f 3292/3064/5437 3293/3065/5438 3294/3056/5439 3295/3066/5440 
f 3296/3067/5441 3257/3032/5398 3258/3032/5399 3297/3067/5442 
s 2
f 3285/3057/5443 3296/3067/5444 3290/3062/5445 3282/3054/5446 
s 4
f 3296/3067/23 3285/3057/23 3284/3056/988 3257/3032/988 
s 2
f 3257/3032/5447 3284/3056/5448 3283/3055/5449 3256/3031/5450 
s 4
f 3290/3062/37 3256/3031/37 3283/3055/37 3282/3054/37 
s 2
f 3286/3058/5451 3291/3063/5452 3298/3068/5453 3287/3059/5454 
s 4
f 3289/3061/185 3254/3029/185 3291/3063/185 3286/3058/185 
s 2
f 3289/3061/5455 3288/3060/5456 3255/3030/5457 3254/3029/5458 
s 4
f 3298/3068/37 3255/3030/37 3288/3060/37 3287/3059/37 
s 2
f 3295/3066/988 3259/3033/988 3299/3069/23 3292/3064/185 
s 4
f 3294/3056/5459 3258/3032/5460 3259/3033/5461 3295/3066/5462 
s 2
f 3297/3067/28 3258/3032/28 3294/3056/28 3293/3065/28 
s 4
f 3292/3064/5463 3299/3069/5464 3297/3067/5465 3293/3065/5466 
s 1
f 3300/3070/5467 3301/3071/5468 3298/3068/5469 3291/3063/5436 
f 3302/3072/5470 3300/3070/5467 3291/3063/5436 3290/3062/5435 
f 3302/3072/5470 3290/3062/5435 3296/3067/5441 3303/3073/5471 
f 3297/3067/5442 3304/3073/5472 3303/3073/5471 3296/3067/5441 
f 3304/3073/5472 3297/3067/5442 3299/3069/5473 3305/3074/5474 
f 3306/3075/5475 3307/3076/5475 3262/3036/5403 3263/3036/5403 
f 3308/3077/5476 3309/3078/5476 3307/3076/5475 3306/3075/5475 
f 3299/3069/5473 3259/3033/5400 3265/3037/5403 3310/3079/5475 
f 3305/3074/5474 3299/3069/5473 3310/3079/5475 3311/3080/5476 
s 2
f 3307/3076/113 3309/3078/113 3311/3080/113 3310/3079/113 
f 3265/3037/113 3262/3036/113 3307/3076/113 3310/3079/113 
s 8
f 3298/3068/5477 3312/3081/5478 3267/3039/5407 3255/3030/5406 
f 3312/3081/5478 3298/3068/5477 3301/3071/5479 3313/3082/5480 
f 3314/3083/5481 3270/3042/5410 3271/3043/5410 3315/3084/5482 
f 3315/3084/5482 3316/3085/5483 3317/3086/5483 3314/3083/5481 
s 1
f 3270/3042/5413 3314/3083/5484 3318/3087/5485 3273/3045/5414 
f 3318/3087/5485 3314/3083/5484 3317/3086/5486 3319/3088/5487 
s 2
f 3318/3087/5488 3320/3089/5489 3275/3047/5418 3273/3045/5417 
f 3318/3087/5488 3319/3088/5490 3321/3090/5491 3320/3089/5489 
f 3275/3047/5418 3320/3089/5489 3322/3091/5492 3277/3049/5420 
f 3322/3091/5492 3320/3089/5489 3321/3090/5491 3323/3092/5493 
f 3324/3093/5494 3279/3051/5422 3277/3049/5420 3322/3091/5492 
f 3323/3092/5493 3325/3094/5495 3324/3093/5494 3322/3091/5492 
s 1
f 3279/3051/5425 3324/3093/5496 3326/3095/5497 3281/3053/5426 
f 3326/3095/5497 3324/3093/5496 3325/3094/5498 3327/3096/5499 
f 3328/3097/5500 3329/3098/5501 3330/3099/5502 3331/3100/5503 
f 3332/3101/5504 3333/3102/5505 3334/3103/5506 3335/3104/5507 
f 3336/3105/5508 3300/3070/5467 3302/3072/5470 3337/3106/5509 
f 3338/3097/5510 3339/3107/5511 3340/3108/5512 3341/3109/5513 
f 3342/3110/5514 3303/3073/5471 3304/3073/5472 3343/3111/5515 
s 2
f 3337/3106/5516 3330/3099/5517 3329/3098/5518 3342/3110/5519 
s 4
f 3303/3073/1509 3342/3110/185 3329/3098/23 3328/3097/1509 
s 2
f 3328/3097/5520 3331/3100/5521 3302/3072/5522 3303/3073/5523 
s 4
f 3330/3099/28 3337/3106/28 3302/3072/1514 3331/3100/1514 
s 2
f 3336/3105/5524 3344/3112/5525 3333/3102/5526 3332/3101/5527 
s 4
f 3335/3104/185 3300/3070/185 3336/3105/185 3332/3101/23 
s 2
f 3335/3104/5528 3334/3103/5529 3301/3071/5530 3300/3070/5531 
s 4
f 3334/3103/1514 3333/3102/28 3344/3112/28 3301/3071/1514 
s 2
f 3339/3107/185 3305/3074/185 3345/3113/185 3340/3108/23 
s 4
f 3305/3074/5532 3339/3107/5533 3338/3097/5534 3304/3073/5535 
s 2
f 3343/3111/28 3304/3073/37 3338/3097/37 3341/3109/28 
s 4
f 3340/3108/5536 3345/3113/5537 3343/3111/5538 3341/3109/5539 
s 1
f 3346/3114/5540 3347/3115/5541 3344/3112/5542 3336/3105/5508 
f 3337/3106/5509 3348/3116/5543 3346/3114/5540 3336/3105/5508 
f 3342/3110/5514 3349/3117/5544 3348/3116/5543 3337/3106/5509 
f 3350/3118/5545 3349/3117/5544 3342/3110/5514 3343/3111/5515 
f 3345/3113/5546 3351/3119/5547 3350/3118/5545 3343/3111/5515 
f 3352/3120/5548 3309/3078/5476 3308/3077/5476 3353/3121/5548 
f 3354/3122/5549 3355/3123/5549 3352/3120/5548 3353/3121/5548 
f 3345/3113/5546 3305/3074/5474 3311/3080/5476 3356/3113/5548 
f 3345/3113/5546 3356/3113/5548 3357/3124/5549 3351/3119/5547 
s 2
f 3355/3123/113 3357/3124/28 3356/3113/113 3352/3120/113 
f 3309/3078/113 3352/3120/113 3356/3113/113 3311/3080/113 
s 8
f 3344/3112/5550 3358/3125/5551 3313/3082/5480 3301/3071/5479 
f 3358/3125/5551 3344/3112/5550 3347/3115/5552 3359/3126/5553 
f 3316/3085/5483 3360/3127/5554 3361/3128/5554 3317/3086/5483 
f 3360/3127/5554 3362/3129/5555 3363/3130/5555 3361/3128/5554 
s 1
f 3317/3086/5486 3361/3128/5556 3364/3131/5557 3319/3088/5487 
f 3364/3131/5557 3361/3128/5556 3363/3130/5558 3365/3132/5559 
s 2
f 3319/3088/5490 3364/3131/5560 3366/3133/5561 3321/3090/5491 
f 3366/3133/5561 3364/3131/5560 3365/3132/5562 3367/3134/5563 
f 3321/3090/5491 3366/3133/5561 3368/3135/5564 3323/3092/5493 
f 3369/3136/5565 3368/3135/5564 3366/3133/5561 3367/3134/5563 
f 3368/3135/5564 3370/3137/5566 3325/3094/5495 3323/3092/5493 
f 3370/3137/5566 3368/3135/5564 3369/3136/5565 3371/3138/5567 
s 1
f 3325/3094/5498 3370/3137/5568 3372/3139/5569 3327/3096/5499 
f 3373/3140/5570 3372/3139/5569 3370/3137/5568 3371/3138/5571 
f 3374/3141/5572 3375/3142/5573 3376/3143/5574 3377/3144/5575 
f 3378/3145/5576 3379/3146/5577 3380/3147/5578 3381/3148/5579 
f 3382/3149/5580 3346/3114/5540 3348/3116/5543 3383/3150/5581 
f 3384/3151/5582 3385/3152/5583 3386/3153/5584 3387/3143/5585 
f 3388/3154/5586 3389/3155/5587 3349/3117/5544 3350/3118/5545 
s 2
f 3376/3143/5588 3389/3155/5589 3383/3150/5590 3377/3144/5591 
s 4
f 3349/3117/988 3389/3155/23 3376/3143/185 3375/3142/988 
s 2
f 3349/3117/5592 3375/3142/5593 3374/3141/5594 3348/3116/5595 
s 4
f 3383/3150/37 3348/3116/140 3374/3141/140 3377/3144/37 
s 2
f 3382/3149/5596 3390/3156/5597 3379/3146/5598 3378/3145/5599 
s 4
f 3381/3148/988 3346/3114/988 3382/3149/23 3378/3145/185 
s 2
f 3346/3114/5600 3381/3148/5601 3380/3147/5602 3347/3115/5603 
s 4
f 3347/3115/140 3380/3147/140 3379/3146/37 3390/3156/37 
s 2
f 3385/3152/988 3351/3119/988 3391/3157/23 3386/3153/23 
s 4
f 3385/3152/5604 3384/3151/5605 3350/3118/5606 3351/3119/5607 
s 2
f 3384/3151/140 3387/3143/37 3388/3154/37 3350/3118/140 
s 4
f 3391/3157/5608 3388/3154/5609 3387/3143/5610 3386/3153/5611 
s 1
f 3392/3158/5612 3390/3156/5613 3382/3149/5580 3393/3159/5614 
f 3383/3150/5581 3394/3160/5615 3393/3159/5614 3382/3149/5580 
f 3394/3160/5615 3383/3150/5581 3389/3155/5587 3395/3161/5616 
f 3395/3161/5616 3389/3155/5587 3388/3154/5586 3396/3161/5617 
f 3396/3161/5617 3388/3154/5586 3391/3157/5618 3397/3162/5619 
f 3398/3163/5620 3399/3164/5620 3355/3123/5549 3354/3122/5549 
f 3400/3165/5621 3399/3164/5620 3398/3163/5620 3401/3166/5621 
f 3351/3119/5547 3357/3124/5549 3402/3167/5620 3391/3157/5618 
f 3402/3167/5620 3403/3168/5621 3397/3162/5619 3391/3157/5618 
s 2
f 3400/3165/113 3403/3168/113 3402/3167/113 3399/3164/113 
f 3355/3123/113 3399/3164/113 3402/3167/113 3357/3124/28 
s 8
f 3404/3169/5622 3359/3126/5553 3347/3115/5552 3390/3156/5623 
f 3405/3170/5624 3404/3169/5622 3390/3156/5623 3392/3158/5625 
f 3406/3171/5626 3363/3130/5555 3362/3129/5555 3407/3172/5626 
f 3407/3172/5626 3408/3173/5627 3409/3174/5627 3406/3171/5626 
s 1
f 3406/3171/5628 3410/3175/5629 3365/3132/5559 3363/3130/5558 
f 3406/3171/5628 3409/3174/5630 3411/3176/5631 3410/3175/5629 
s 2
f 3410/3175/5632 3412/3177/5633 3367/3134/5563 3365/3132/5562 
f 3412/3177/5633 3410/3175/5632 3411/3176/5634 3413/3178/5635 
f 3367/3134/5563 3412/3177/5633 3414/3179/5636 3369/3136/5565 
f 3413/3178/5635 3415/3180/5637 3414/3179/5636 3412/3177/5633 
f 3416/3181/5638 3371/3138/5567 3369/3136/5565 3414/3179/5636 
f 3416/3181/5638 3414/3179/5636 3415/3180/5637 3417/3182/5639 
s 1
f 3416/3181/5640 3418/3183/5641 3373/3140/5570 3371/3138/5571 
f 3416/3181/5640 3417/3182/5642 3419/3184/5643 3418/3183/5641 
f 3420/3185/5644 3421/3186/5645 3422/3187/5646 3423/3188/5647 
f 3424/3189/5648 3425/3190/5649 3426/3191/5650 3427/3192/5651 
f 3394/3160/5615 3428/3193/5652 3429/3194/5653 3393/3159/5614 
f 3430/3186/5654 3431/3185/5655 3432/3195/5656 3433/3196/5657 
f 3434/3197/5658 3395/3161/5616 3396/3161/5617 3435/3198/5659 
s 2
f 3428/3193/5660 3422/3187/5661 3421/3186/5662 3434/3197/5663 
s 4
f 3434/3197/185 3421/3186/185 3420/3185/1509 3395/3161/1509 
s 2
f 3395/3161/5664 3420/3185/5665 3423/3188/5666 3394/3160/5667 
s 4
f 3423/3188/1514 3422/3187/28 3428/3193/28 3394/3160/1514 
s 2
f 3425/3190/5668 3424/3189/5669 3429/3194/5670 3436/3199/5671 
s 4
f 3429/3194/23 3424/3189/23 3427/3192/1509 3393/3159/1509 
s 2
f 3393/3159/5672 3427/3192/5673 3426/3191/5674 3392/3158/5675 
s 4
f 3426/3191/1514 3425/3190/28 3436/3199/28 3392/3158/1514 
s 2
f 3432/3195/1509 3397/3162/1509 3437/3200/185 3433/3196/185 
s 4
f 3397/3162/5676 3432/3195/5677 3431/3185/5678 3396/3161/5679 
s 2
f 3431/3185/1514 3430/3186/28 3435/3198/28 3396/3161/1514 
s 4
f 3437/3200/5680 3435/3198/5681 3430/3186/5682 3433/3196/5683 
s 1
f 3436/3199/5684 3429/3194/5653 3438/3201/5685 3439/3202/5686 
f 3428/3193/5652 3440/3203/5687 3438/3201/5685 3429/3194/5653 
f 3434/3197/5658 3441/3204/5688 3440/3203/5687 3428/3193/5652 
f 3435/3198/5659 3442/3205/5689 3441/3204/5688 3434/3197/5658 
f 3435/3198/5659 3437/3200/5690 3443/3206/5691 3442/3205/5689 
f 3444/3207/5692 3400/3165/5621 3401/3166/5621 3445/3208/5692 
f 3446/3209/5693 3444/3207/5692 3445/3208/5692 3447/3210/5693 
f 3403/3168/5621 3448/3211/5692 3437/3200/5690 3397/3162/5619 
f 3448/3211/5692 3449/3212/5693 3443/3206/5691 3437/3200/5690 
s 2
f 3446/3209/28 3449/3212/28 3448/3211/28 3444/3207/28 
f 3403/3168/113 3400/3165/113 3444/3207/28 3448/3211/28 
s 8
f 3436/3199/5694 3450/3213/5695 3405/3170/5624 3392/3158/5625 
f 3439/3202/5696 3451/3214/5697 3450/3213/5695 3436/3199/5694 
f 3452/3215/5698 3409/3174/5627 3408/3173/5627 3453/3216/5698 
f 3454/3217/5699 3455/3218/5699 3452/3215/5698 3453/3216/5698 
s 1
f 3456/3219/5700 3411/3176/5631 3409/3174/5630 3452/3215/5701 
f 3452/3215/5701 3455/3218/5702 3457/3220/5703 3456/3219/5700 
s 2
f 3411/3176/5634 3456/3219/5704 3458/3221/5705 3413/3178/5635 
f 3458/3221/5705 3456/3219/5704 3457/3220/5706 3459/3222/5707 
f 3413/3178/5635 3458/3221/5705 3460/3223/5708 3415/3180/5637 
f 3461/3224/5709 3460/3223/5708 3458/3221/5705 3459/3222/5707 
f 3415/3180/5637 3460/3223/5708 3462/3225/5710 3417/3182/5639 
f 3462/3225/5710 3460/3223/5708 3461/3224/5709 3463/3226/5711 
s 1
f 3417/3182/5642 3462/3225/5712 3464/3227/5713 3419/3184/5643 
f 3462/3225/5712 3463/3226/5714 3465/3228/5715 3464/3227/5713 
f 3466/3229/5716 3467/3230/5717 3468/3231/5718 3469/3232/5719 
f 3470/3233/5720 3471/3234/5721 3472/3235/5722 3473/3236/5723 
f 3440/3203/5687 3474/3237/5724 3475/3238/5725 3438/3201/5685 
f 3476/3239/5726 3477/3240/5727 3478/3241/5728 3479/3242/5729 
f 3442/3205/5689 3480/3243/5730 3481/3243/5731 3441/3204/5688 
s 2
f 3468/3231/5732 3481/3243/5733 3474/3237/5734 3469/3232/5735 
s 4
f 3481/3243/185 3468/3231/185 3467/3230/988 3441/3204/988 
s 2
f 3466/3229/5736 3440/3203/5737 3441/3204/5738 3467/3230/5739 
s 4
f 3474/3237/28 3440/3203/28 3466/3229/28 3469/3232/28 
s 2
f 3470/3233/5740 3473/3236/5741 3475/3238/5742 3482/3244/5743 
s 4
f 3472/3235/988 3438/3201/988 3475/3238/23 3473/3236/23 
s 2
f 3472/3235/5744 3471/3234/5745 3439/3202/5746 3438/3201/5747 
s 4
f 3471/3234/28 3470/3233/28 3482/3244/28 3439/3202/28 
s 2
f 3483/3245/23 3476/3239/23 3479/3242/988 3443/3206/988 
s 4
f 3479/3242/5748 3478/3241/5749 3442/3205/5750 3443/3206/5751 
s 2
f 3477/3240/37 3480/3243/37 3442/3205/140 3478/3241/140 
s 4
f 3476/3239/5752 3483/3245/5753 3480/3243/5754 3477/3240/5755 
s 1
f 3484/3246/5756 3482/3244/5757 3475/3238/5725 3485/3247/5758 
f 3486/3248/5759 3485/3247/5758 3475/3238/5725 3474/3237/5724 
f 3486/3248/5759 3474/3237/5724 3481/3243/5731 3487/3249/5760 
f 3481/3243/5731 3480/3243/5730 3488/3249/5761 3487/3249/5760 
f 3483/3245/5762 3489/3250/5763 3488/3249/5761 3480/3243/5730 
f 3447/3210/5693 3490/3251/5764 3491/3252/5764 3446/3209/5693 
f 3492/3253/5765 3491/3252/5764 3490/3251/5764 3493/3254/5765 
f 3449/3212/5693 3494/3255/5764 3483/3245/5762 3443/3206/5691 
f 3489/3250/5763 3483/3245/5762 3494/3255/5764 3495/3250/5765 
s 2
f 3492/3253/28 3495/3250/28 3494/3255/28 3491/3252/28 
f 3449/3212/28 3446/3209/28 3491/3252/28 3494/3255/28 
s 8
f 3451/3214/5697 3439/3202/5696 3482/3244/5766 3496/3256/5767 
f 3482/3244/5766 3484/3246/5768 3497/3257/5769 3496/3256/5767 
f 3454/3217/5699 3498/3258/5770 3499/3259/5771 3455/3218/5699 
f 3498/3258/5770 3500/3260/5772 3501/3261/5772 3499/3259/5771 
s 1
f 3457/3220/5703 3455/3218/5702 3499/3259/5773 3502/3262/5774 
f 3501/3261/5775 3503/3263/5776 3502/3262/5774 3499/3259/5773 
s 2
f 3457/3220/5706 3502/3262/5777 3504/3264/5778 3459/3222/5707 
f 3504/3264/5778 3502/3262/5777 3503/3263/5779 3505/3265/5780 
f 3459/3222/5707 3504/3264/5778 3506/3266/5781 3461/3224/5709 
f 3506/3266/5781 3504/3264/5778 3505/3265/5780 3507/3267/5782 
f 3506/3266/5781 3508/3268/5783 3463/3226/5711 3461/3224/5709 
f 3507/3267/5782 3509/3269/5784 3508/3268/5783 3506/3266/5781 
s 1
f 3508/3268/5785 3510/3270/5786 3465/3228/5715 3463/3226/5714 
f 3510/3270/5786 3508/3268/5785 3509/3269/5787 3511/3271/5788 
f 3512/3272/5789 3513/3273/5790 3514/3274/5791 3515/3275/5792 
f 3516/3276/5793 3517/3277/5794 3518/3278/5795 3519/3279/5796 
f 3485/3247/5758 3486/3248/5759 3520/3280/5797 3521/3281/5798 
f 3522/3275/5799 3523/3282/5800 3524/3283/5801 3525/3284/5802 
f 3526/3285/5803 3527/3286/5804 3487/3249/5760 3488/3249/5761 
s 2
f 3512/3272/5805 3527/3286/5806 3520/3280/5807 3513/3273/5808 
s 4
f 3515/3275/1509 3487/3249/1509 3527/3286/23 3512/3272/23 
s 2
f 3515/3275/5809 3514/3274/5810 3486/3248/5811 3487/3249/5812 
s 4
f 3514/3274/1514 3513/3273/28 3520/3280/28 3486/3248/1514 
s 2
f 3528/3287/5813 3519/3279/5814 3518/3278/5815 3521/3281/5816 
s 4
f 3517/3277/1509 3485/3247/1509 3521/3281/23 3518/3278/23 
s 2
f 3516/3276/5817 3484/3246/5818 3485/3247/5819 3517/3277/5820 
s 4
f 3519/3279/28 3528/3287/28 3484/3246/1514 3516/3276/1514 
s 2
f 3524/3283/23 3523/3282/1509 3489/3250/1509 3529/3288/23 
s 4
f 3488/3249/5821 3489/3250/5822 3523/3282/5823 3522/3275/5824 
s 2
f 3525/3284/28 3526/3285/28 3488/3249/1514 3522/3275/1514 
s 4
f 3524/3283/5825 3529/3288/5826 3526/3285/5827 3525/3284/5828 
s 1
f 3530/3289/5829 3528/3287/5830 3521/3281/5798 3531/3290/5831 
f 3532/3291/5832 3531/3290/5831 3521/3281/5798 3520/3280/5797 
f 3532/3291/5832 3520/3280/5797 3527/3286/5804 3533/3292/5833 
f 3526/3285/5803 3534/3292/5834 3533/3292/5833 3527/3286/5804 
f 3534/3292/5834 3526/3285/5803 3529/3288/5835 3535/3293/5836 
f 3493/3254/5765 3536/3294/5837 3537/3295/5837 3492/3253/5765 
f 3537/3295/5837 3536/3294/5837 3538/3296/5838 3539/3297/5838 
f 3489/3250/5763 3495/3250/5765 3540/3298/5837 3529/3288/5835 
f 3540/3298/5837 3541/3293/5838 3535/3293/5836 3529/3288/5835 
s 2
f 3541/3293/852 3540/3298/28 3537/3295/28 3539/3297/852 
f 3495/3250/28 3492/3253/28 3537/3295/28 3540/3298/28 
s 8
f 3484/3246/5768 3528/3287/5839 3542/3299/5840 3497/3257/5769 
f 3542/3299/5840 3528/3287/5839 3530/3289/5841 3543/3300/5841 
f 3501/3261/5772 3500/3260/5772 3544/3301/5842 3545/3302/5843 
f 3544/3301/5842 3546/3303/5844 3547/3304/5844 3545/3302/5843 
s 1
f 3501/3261/5775 3545/3302/5845 3548/3305/5846 3503/3263/5776 
f 3549/3306/5847 3548/3305/5846 3545/3302/5845 3547/3304/5847 
s 2
f 3548/3305/5848 3550/3307/5849 3505/3265/5780 3503/3263/5779 
f 3550/3307/5849 3548/3305/5848 3549/3306/5850 3551/3308/5851 
f 3505/3265/5780 3550/3307/5849 3552/3309/5852 3507/3267/5782 
f 3552/3309/5852 3550/3307/5849 3551/3308/5851 3553/3310/5853 
f 3552/3309/5852 3554/3311/5854 3509/3269/5784 3507/3267/5782 
f 3555/3312/5855 3554/3311/5854 3552/3309/5852 3553/3310/5853 
s 1
f 3554/3311/5856 3556/3313/5857 3511/3271/5788 3509/3269/5787 
f 3557/3314/5858 3556/3313/5857 3554/3311/5856 3555/3312/5858 
f 3558/3315/5859 3559/3316/5860 3560/3317/5861 3561/3318/5862 
f 3562/3319/5863 3563/3320/5864 3564/3321/5865 3565/3322/5866 
f 3566/3323/5867 3567/2600/5868 3568/2599/5868 3569/3324/5869 
f 3570/3325/5870 3571/3326/5871 3572/3327/5872 3573/3328/5873 
f 3574/3329/5874 3575/2601/5875 3576/2601/5875 3577/3329/5876 
s 2
f 3558/3315/5877 3561/3318/5878 3566/3323/5879 3577/3329/5880 
s 4
f 3577/3329/37 3576/2601/37 3559/3316/37 3558/3315/37 
s 2
f 3576/2601/5881 3567/2600/5882 3560/3317/5883 3559/3316/5884 
s 4
f 3560/3317/185 3567/2600/185 3566/3323/23 3561/3318/23 
s 2
f 3569/3324/5885 3562/3319/5886 3565/3322/5887 3578/3330/5888 
s 4
f 3563/3320/28 3562/3319/37 3569/3324/37 3568/2599/28 
s 2
f 3568/2599/5889 3579/2598/5890 3564/3321/5891 3563/3320/5892 
s 4
f 3564/3321/23 3579/2598/23 3578/3330/23 3565/3322/23 
s 2
f 3573/3328/28 3572/3327/28 3580/3331/28 3581/2602/28 
s 4
f 3573/3328/5893 3581/2602/5894 3575/2601/5895 3570/3325/5896 
s 2
f 3570/3325/185 3575/2601/185 3574/3329/185 3571/3326/185 
s 4
f 3574/3329/5897 3580/3331/5898 3572/3327/5899 3571/3326/5900 
s 1
f 3578/3330/5901 3582/3332/5902 3583/3333/5903 3569/3324/5869 
f 3584/3334/5904 3566/3323/5867 3569/3324/5869 3583/3333/5903 
f 3585/3335/5905 3577/3329/5876 3566/3323/5867 3584/3334/5904 
f 3586/3336/5906 3574/3329/5874 3577/3329/5876 3585/3335/5905 
f 3580/3331/5907 3574/3329/5874 3586/3336/5906 3587/3337/5908 
f 3580/3331/5907 3588/3331/4746 3589/2604/5909 3581/2602/5909 
f 3580/3331/5907 3587/3337/5908 3590/3338/4747 3588/3331/4746 
s 2
f 3590/3338/3063 2848/2644/3063 2846/2643/988 3588/3331/988 
f 1471/1390/5910 3589/2604/5910 3588/3331/988 2846/2643/988 
s 8
f 3591/2606/5911 3592/3339/5912 3578/3330/5913 3579/2598/5911 
f 3593/3340/5914 3582/3332/5915 3578/3330/5913 3592/3339/5912 
s 1
f 3591/2606/5916 3594/2608/5916 3595/3341/5917 3592/3339/5918 
f 3592/3339/5918 3595/3341/5917 3596/3342/5919 3593/3340/5920 
s 2
f 3597/3343/5921 3595/3341/5922 3594/2608/5923 3598/2610/5923 
f 3595/3341/5922 3597/3343/5921 3599/3344/5924 3596/3342/5925 
s 1
f 3600/3345/5926 3597/3343/5927 3598/2610/5928 3601/3346/5929 
f 3599/3344/5930 3597/3343/5927 3600/3345/5926 3602/3347/5931 
f 3601/3346/5929 3603/2614/5932 3604/3348/5933 3600/3345/5926 
f 3605/3349/5934 3602/3347/5931 3600/3345/5926 3604/3348/5933 
f 3606/2616/5935 3607/3350/5936 3604/3348/5933 3603/2614/5932 
f 3607/3350/5936 3608/3351/5937 3605/3349/5934 3604/3348/5933 
s 2
f 3606/2616/5938 3609/2618/5938 3610/3352/5939 3607/3350/5940 
f 3611/3353/5941 3608/3351/5942 3607/3350/5940 3610/3352/5939 
s 1
f 3612/3354/5943 3613/3355/5944 3614/3356/5945 3615/3357/5946 
f 3616/3358/5947 3617/3359/5948 3618/3360/5949 3619/3361/5950 
f 3620/3362/5951 3584/3334/5904 3583/3333/5903 3621/3363/5952 
f 3622/3356/5953 3623/3364/5954 3624/3365/5955 3625/3366/5956 
f 3626/3367/5957 3586/3336/5906 3585/3335/5905 3627/3367/5958 
s 2
f 3613/3355/5959 3620/3362/5960 3627/3367/5961 3614/3356/5962 
s 4
f 3614/3356/37 3627/3367/28 3585/3335/28 3615/3357/28 
s 2
f 3584/3334/5963 3612/3354/5964 3615/3357/5965 3585/3335/5966 
s 4
f 3620/3362/23 3613/3355/23 3612/3354/23 3584/3334/23 
s 2
f 3621/3363/5967 3618/3360/5968 3617/3359/5969 3628/3368/5970 
s 4
f 3619/3361/28 3618/3360/28 3621/3363/28 3583/3333/28 
s 2
f 3583/3333/5971 3582/3332/5972 3616/3358/5973 3619/3361/5974 
s 4
f 3616/3358/5910 3582/3332/5910 3628/3368/988 3617/3359/23 
s 2
f 3623/3364/28 3629/3369/28 3587/3337/28 3624/3365/28 
s 4
f 3625/3366/5975 3624/3365/5976 3587/3337/5977 3586/3336/5978 
s 2
f 3626/3367/988 3622/3356/23 3625/3366/23 3586/3336/23 
s 4
f 3626/3367/5979 3629/3369/5980 3623/3364/5981 3622/3356/5982 
s 1
f 3628/3368/5983 3630/3370/5984 3631/3371/5985 3621/3363/5952 
f 3632/3372/5986 3620/3362/5951 3621/3363/5952 3631/3371/5985 
f 3620/3362/5951 3632/3372/5986 3633/3373/5987 3627/3367/5958 
f 3627/3367/5958 3633/3373/5987 3634/3374/5988 3626/3367/5957 
f 3635/3375/5989 3629/3369/5990 3626/3367/5957 3634/3374/5988 
f 3590/3338/4747 3587/3337/5908 3629/3369/5990 3636/3376/4820 
f 3636/3376/4820 3629/3369/5990 3635/3375/5989 3637/3375/4821 
s 2
f 3637/3375/5991 2894/2689/5992 2893/2688/5991 3636/3376/5991 
f 3636/3376/5991 2893/2688/5991 2848/2644/3063 3590/3338/3063 
s 8
f 3593/3340/5914 3638/3377/5993 3628/3368/5994 3582/3332/5915 
f 3639/3378/5995 3630/3370/5996 3628/3368/5994 3638/3377/5993 
s 1
f 3638/3377/5997 3593/3340/5920 3596/3342/5919 3640/3379/5997 
f 3641/3380/5998 3639/3378/5999 3638/3377/5997 3640/3379/5997 
s 2
f 3640/3379/6000 3596/3342/5925 3599/3344/5924 3642/3381/6001 
f 3643/3382/6002 3641/3380/6003 3640/3379/6000 3642/3381/6001 
s 1
f 3642/3381/6004 3599/3344/5930 3602/3347/5931 3644/3383/6005 
f 3645/3384/6006 3643/3382/6007 3642/3381/6004 3644/3383/6005 
f 3602/3347/5931 3605/3349/5934 3646/3385/6008 3644/3383/6005 
f 3647/3386/6009 3645/3384/6006 3644/3383/6005 3646/3385/6008 
f 3646/3385/6008 3605/3349/5934 3608/3351/5937 3648/3387/6010 
f 3649/3388/6011 3647/3386/6009 3646/3385/6008 3648/3387/6010 
s 2
f 3611/3353/5941 3650/3389/6012 3648/3387/6013 3608/3351/5942 
f 3651/3390/6014 3649/3388/6015 3648/3387/6013 3650/3389/6012 
s 1
f 3652/3391/6016 3653/3392/6017 3654/3393/6018 3655/3394/6019 
f 3656/3395/6020 3657/3396/6021 3658/3397/6022 3659/3398/6023 
f 3631/3371/5985 3660/3399/6024 3661/3400/6025 3632/3372/5986 
f 3662/3401/6026 3663/3393/6027 3664/3402/6028 3665/3403/6029 
f 3666/3404/6030 3634/3374/5988 3633/3373/5987 3667/3405/6031 
s 2
f 3652/3391/6032 3661/3400/6033 3667/3405/6034 3653/3392/6035 
s 4
f 3654/3393/37 3653/3392/37 3667/3405/37 3633/3373/37 
s 2
f 3632/3372/6036 3655/3394/6037 3654/3393/6038 3633/3373/6039 
s 4
f 3661/3400/185 3652/3391/185 3655/3394/184 3632/3372/185 
s 2
f 3656/3395/6040 3659/3398/6041 3668/3406/6042 3660/3399/6043 
s 4
f 3656/3395/28 3660/3399/37 3631/3371/37 3657/3396/37 
s 2
f 3631/3371/6044 3630/3370/6045 3658/3397/6046 3657/3396/6047 
s 4
f 3658/3397/184 3630/3370/184 3668/3406/185 3659/3398/185 
s 2
f 3662/3401/37 3665/3403/28 3669/3407/37 3635/3375/37 
s 4
f 3634/3374/6048 3663/3393/6049 3662/3401/6050 3635/3375/6051 
s 2
f 3663/3393/185 3634/3374/185 3666/3404/185 3664/3402/185 
s 4
f 3666/3404/6052 3669/3407/6053 3665/3403/6054 3664/3402/6055 
s 1
f 3660/3399/6024 3668/3406/6056 3670/3408/6057 3671/3409/6058 
f 3661/3400/6025 3660/3399/6024 3671/3409/6058 3672/3410/6059 
f 3672/3410/6059 3673/3411/6060 3667/3405/6031 3661/3400/6025 
f 3673/3411/6060 3674/3412/6061 3666/3404/6030 3667/3405/6031 
f 3675/3413/6062 3669/3407/6063 3666/3404/6030 3674/3412/6061 
f 3635/3375/5989 3669/3407/6063 3676/3407/4892 3637/3375/4821 
f 3669/3407/6063 3675/3413/6062 3677/3413/4894 3676/3407/4892 
s 2
f 3677/3413/6064 2940/2732/6064 2938/2730/5992 3676/3407/6065 
f 2938/2730/5992 2894/2689/5992 3637/3375/5991 3676/3407/6065 
s 8
f 3668/3406/6066 3630/3370/5996 3639/3378/5995 3678/3414/6067 
f 3670/3408/6068 3668/3406/6066 3678/3414/6067 3679/3415/6069 
s 1
f 3641/3380/5998 3680/3416/6070 3678/3414/6071 3639/3378/5999 
f 3681/3417/6072 3679/3415/6073 3678/3414/6071 3680/3416/6070 
s 2
f 3641/3380/6003 3643/3382/6002 3682/3418/6074 3680/3416/6075 
f 3683/3419/6076 3681/3417/6077 3680/3416/6075 3682/3418/6074 
s 1
f 3682/3418/6078 3643/3382/6007 3645/3384/6006 3684/3420/6079 
f 3685/3421/6080 3683/3419/6081 3682/3418/6078 3684/3420/6079 
f 3645/3384/6006 3647/3386/6009 3686/3422/6082 3684/3420/6079 
f 3687/3423/6083 3685/3421/6080 3684/3420/6079 3686/3422/6082 
f 3649/3388/6011 3688/3424/6084 3686/3422/6082 3647/3386/6009 
f 3689/3425/6085 3687/3423/6083 3686/3422/6082 3688/3424/6084 
s 2
f 3651/3390/6014 3690/3426/6086 3688/3424/6087 3649/3388/6015 
f 3691/3427/6088 3689/3425/6089 3688/3424/6087 3690/3426/6086 
s 1
f 3692/3428/6090 3693/3429/6091 3694/3430/6092 3695/3431/6093 
f 3696/3432/6094 3697/3433/6095 3698/3434/6096 3699/3435/6097 
f 3700/3436/6098 3701/3437/6099 3672/3410/6059 3671/3409/6058 
f 3702/3438/6100 3703/3430/6101 3704/3429/6102 3705/3439/6103 
f 3673/3411/6060 3706/3440/6104 3707/3440/6105 3674/3412/6061 
s 2
f 3692/3428/6106 3701/3437/6107 3706/3440/6108 3693/3429/6109 
s 4
f 3706/3440/28 3673/3411/28 3694/3430/28 3693/3429/37 
s 2
f 3694/3430/6110 3673/3411/6111 3672/3410/6112 3695/3431/6113 
s 4
f 3701/3437/184 3692/3428/23 3695/3431/23 3672/3410/23 
s 2
f 3696/3432/6114 3699/3435/6115 3708/3441/6116 3700/3436/6117 
s 4
f 3696/3432/28 3700/3436/28 3671/3409/28 3697/3433/28 
s 2
f 3697/3433/6118 3671/3409/6119 3670/3408/6120 3698/3434/6121 
s 4
f 3698/3434/5910 3670/3408/5910 3708/3441/988 3699/3435/988 
s 2
f 3702/3438/28 3705/3439/28 3709/3442/28 3675/3413/28 
s 4
f 3674/3412/6122 3703/3430/6123 3702/3438/6124 3675/3413/6125 
s 2
f 3703/3430/23 3674/3412/23 3707/3440/184 3704/3429/23 
s 4
f 3707/3440/6126 3709/3442/6127 3705/3439/6128 3704/3429/6129 
s 1
f 3700/3436/6098 3708/3441/6130 3710/3443/6131 3711/3444/6132 
f 3701/3437/6099 3700/3436/6098 3711/3444/6132 3712/3445/6133 
f 3712/3445/6133 3713/3446/6134 3706/3440/6104 3701/3437/6099 
f 3713/3446/6134 3714/3447/6135 3707/3440/6105 3706/3440/6104 
f 3715/3448/6136 3709/3442/6137 3707/3440/6105 3714/3447/6135 
f 3675/3413/6062 3709/3442/6137 3716/3449/4966 3677/3413/4894 
f 3709/3442/6137 3715/3448/6136 3717/3448/4967 3716/3449/4966 
s 2
f 3717/3448/6138 2986/2776/6138 2984/2775/6139 3716/3449/6139 
f 2984/2775/6139 2940/2732/6064 3677/3413/6064 3716/3449/6139 
s 8
f 3718/3450/6140 3708/3441/6141 3670/3408/6068 3679/3415/6069 
f 3710/3443/6142 3708/3441/6141 3718/3450/6140 3719/3451/6143 
s 1
f 3720/3452/6144 3718/3450/6145 3679/3415/6073 3681/3417/6072 
f 3721/3453/6146 3719/3451/6147 3718/3450/6145 3720/3452/6144 
s 2
f 3683/3419/6076 3722/3454/6148 3720/3452/6149 3681/3417/6077 
f 3723/3455/6150 3721/3453/6151 3720/3452/6149 3722/3454/6148 
s 1
f 3722/3454/6152 3683/3419/6081 3685/3421/6080 3724/3456/6153 
f 3725/3457/6154 3723/3455/6155 3722/3454/6152 3724/3456/6153 
f 3687/3423/6083 3726/3458/6156 3724/3456/6153 3685/3421/6080 
f 3727/3459/6157 3725/3457/6154 3724/3456/6153 3726/3458/6156 
f 3687/3423/6083 3689/3425/6085 3728/3460/6158 3726/3458/6156 
f 3729/3461/6159 3727/3459/6157 3726/3458/6156 3728/3460/6158 
s 2
f 3691/3427/6088 3730/3462/6160 3728/3460/6161 3689/3425/6089 
f 3731/3463/6162 3729/3461/6163 3728/3460/6161 3730/3462/6160 
s 1
f 3732/3464/6164 3733/3465/6165 3734/3466/6166 3735/3467/6167 
f 3736/3468/6168 3737/3469/6169 3738/3470/6170 3739/3471/6171 
f 3740/3472/6172 3741/3473/6173 3712/3445/6133 3711/3444/6132 
f 3742/3474/6174 3743/3475/6175 3744/3476/6176 3745/3477/6177 
f 3713/3446/6134 3746/3478/6178 3747/3478/6179 3714/3447/6135 
s 2
f 3732/3464/6180 3741/3473/6181 3746/3478/6182 3733/3465/6183 
s 4
f 3746/3478/37 3713/3446/37 3734/3466/37 3733/3465/37 
s 2
f 3734/3466/6184 3713/3446/6185 3712/3445/6186 3735/3467/6187 
s 4
f 3741/3473/23 3732/3464/185 3735/3467/185 3712/3445/185 
s 2
f 3736/3468/6188 3739/3471/6189 3748/3479/6190 3740/3472/6191 
s 4
f 3736/3468/28 3740/3472/37 3711/3444/37 3737/3469/37 
s 2
f 3737/3469/6192 3711/3444/6193 3710/3443/6194 3738/3470/6195 
s 4
f 3738/3470/23 3710/3443/23 3748/3479/23 3739/3471/23 
s 2
f 3742/3474/37 3745/3477/28 3749/3480/37 3715/3448/37 
s 4
f 3714/3447/6196 3743/3475/6197 3742/3474/6198 3715/3448/6199 
s 2
f 3743/3475/185 3714/3447/185 3747/3478/185 3744/3476/185 
s 4
f 3747/3478/6200 3749/3480/6201 3745/3477/6202 3744/3476/6203 
s 1
f 3740/3472/6172 3748/3479/6204 3750/3481/6205 3751/3482/6206 
f 3741/3473/6173 3740/3472/6172 3751/3482/6206 3752/3483/6207 
f 3752/3483/6207 3753/3484/6208 3746/3478/6178 3741/3473/6173 
f 3753/3484/6208 3754/3485/6209 3747/3478/6179 3746/3478/6178 
f 3755/3486/6210 3749/3480/6211 3747/3478/6179 3754/3485/6209 
f 3715/3448/6136 3749/3480/6211 3756/3487/5038 3717/3448/4967 
f 3749/3480/6211 3755/3486/6210 3757/3488/5039 3756/3487/5038 
s 2
f 3757/3488/6212 3033/2820/6213 3030/2818/6214 3756/3487/6214 
f 3756/3487/6214 3030/2818/6214 2986/2776/6138 3717/3448/6138 
s 8
f 3758/3489/6215 3748/3479/6216 3710/3443/6142 3719/3451/6143 
f 3750/3481/6217 3748/3479/6216 3758/3489/6215 3759/3490/6218 
s 1
f 3760/3491/6219 3758/3489/6220 3719/3451/6147 3721/3453/6146 
f 3761/3492/6221 3759/3490/6222 3758/3489/6220 3760/3491/6219 
s 2
f 3723/3455/6150 3762/3493/6223 3760/3491/6224 3721/3453/6151 
f 3763/3494/6225 3761/3492/6226 3760/3491/6224 3762/3493/6223 
s 1
f 3762/3493/6227 3723/3455/6155 3725/3457/6154 3764/3495/6228 
f 3765/3496/6229 3763/3494/6230 3762/3493/6227 3764/3495/6228 
f 3727/3459/6157 3766/3497/6231 3764/3495/6228 3725/3457/6154 
f 3767/3498/6232 3765/3496/6229 3764/3495/6228 3766/3497/6231 
f 3727/3459/6157 3729/3461/6159 3768/3499/6233 3766/3497/6231 
f 3769/3500/6234 3767/3498/6232 3766/3497/6231 3768/3499/6233 
s 2
f 3731/3463/6162 3770/3501/6235 3768/3499/6236 3729/3461/6163 
f 3771/3502/6237 3769/3500/6238 3768/3499/6236 3770/3501/6235 
s 1
f 3772/3503/6239 3773/3504/6240 3774/3505/6241 3775/3506/6242 
f 3776/3507/6243 3777/3508/6244 3778/3509/6245 3779/3510/6246 
f 3780/3511/6247 3781/3512/6248 3752/3483/6207 3751/3482/6206 
f 3782/3513/6249 3783/3514/6250 3784/3504/6251 3785/3515/6252 
f 3753/3484/6208 3786/3516/6253 3787/3517/6254 3754/3485/6209 
s 2
f 3772/3503/6255 3781/3512/6256 3786/3516/6257 3773/3504/6258 
s 4
f 3786/3516/28 3753/3484/140 3774/3505/28 3773/3504/37 
s 2
f 3774/3505/6259 3753/3484/6260 3752/3483/6261 3775/3506/6262 
s 4
f 3781/3512/185 3772/3503/23 3775/3506/988 3752/3483/988 
s 2
f 3776/3507/6263 3779/3510/6264 3788/3518/6265 3780/3511/6266 
s 4
f 3776/3507/37 3780/3511/28 3751/3482/140 3777/3508/140 
s 2
f 3777/3508/6267 3751/3482/6268 3750/3481/6269 3778/3509/6270 
s 4
f 3778/3509/6271 3750/3481/6271 3788/3518/185 3779/3510/185 
s 2
f 3782/3513/140 3785/3515/28 3789/3519/28 3755/3486/140 
s 4
f 3754/3485/6272 3783/3514/6273 3782/3513/6274 3755/3486/6275 
s 2
f 3783/3514/23 3754/3485/23 3787/3517/184 3784/3504/185 
s 4
f 3787/3517/6276 3789/3519/6277 3785/3515/6278 3784/3504/6279 
s 1
f 3780/3511/6247 3788/3518/6280 3790/3520/6281 3791/3521/6282 
f 3781/3512/6248 3780/3511/6247 3791/3521/6282 3792/3522/6283 
f 3792/3522/6283 3793/3523/6284 3786/3516/6253 3781/3512/6248 
f 3793/3523/6284 3794/3524/6285 3787/3517/6254 3786/3516/6253 
f 3795/3525/6286 3789/3519/6287 3787/3517/6254 3794/3524/6285 
f 3755/3486/6210 3789/3519/6287 3796/3526/5112 3757/3488/5039 
f 3789/3519/6287 3795/3525/6286 3797/3527/5113 3796/3526/5112 
s 2
f 3797/3527/6288 3079/2863/6288 3077/2861/6289 3796/3526/6289 
f 3796/3526/6289 3077/2861/6289 3033/2820/6213 3757/3488/6212 
s 8
f 3798/3528/6290 3788/3518/6291 3750/3481/6217 3759/3490/6218 
f 3790/3520/6292 3788/3518/6291 3798/3528/6290 3799/3529/6293 
s 1
f 3800/3530/6294 3798/3528/6295 3759/3490/6222 3761/3492/6221 
f 3801/3531/6296 3799/3529/6297 3798/3528/6295 3800/3530/6294 
s 2
f 3802/3532/6298 3800/3530/6299 3761/3492/6226 3763/3494/6225 
f 3803/3533/6300 3801/3531/6301 3800/3530/6299 3802/3532/6298 
s 1
f 3765/3496/6229 3804/3534/6302 3802/3532/6303 3763/3494/6230 
f 3804/3534/6302 3805/3535/6304 3803/3533/6305 3802/3532/6303 
f 3767/3498/6232 3806/3536/6306 3804/3534/6302 3765/3496/6229 
f 3804/3534/6302 3806/3536/6306 3807/3537/6307 3805/3535/6304 
f 3769/3500/6234 3808/3538/6308 3806/3536/6306 3767/3498/6232 
f 3807/3537/6307 3806/3536/6306 3808/3538/6308 3809/3539/6309 
s 2
f 3771/3502/6237 3810/3540/6310 3808/3538/6311 3769/3500/6238 
f 3810/3540/6310 3811/3541/6312 3809/3539/6313 3808/3538/6311 
s 1
f 3812/3542/6314 3813/3543/6315 3814/3544/6316 3815/3545/6317 
f 3816/3546/6318 3817/3547/6319 3818/3548/6320 3819/3549/6321 
f 3820/3550/6322 3821/3551/6323 3792/3522/6283 3791/3521/6282 
f 3822/3542/6324 3823/3552/6325 3824/3553/6326 3825/3554/6327 
f 3794/3524/6285 3793/3523/6284 3826/3555/6328 3827/3556/6329 
s 2
f 3814/3544/6330 3821/3551/6331 3826/3555/6332 3815/3545/6333 
s 4
f 3812/3542/37 3815/3545/37 3826/3555/37 3793/3523/37 
s 2
f 3793/3523/6334 3792/3522/6335 3813/3543/6336 3812/3542/6337 
s 4
f 3813/3543/185 3792/3522/185 3821/3551/23 3814/3544/23 
s 2
f 3820/3550/6338 3817/3547/6339 3816/3546/6340 3828/3557/6341 
s 4
f 3820/3550/37 3791/3521/37 3818/3548/37 3817/3547/28 
s 2
f 3791/3521/6342 3790/3520/6343 3819/3549/6344 3818/3548/6345 
s 4
f 3819/3549/185 3790/3520/185 3828/3557/23 3816/3546/185 
s 2
f 3825/3554/37 3824/3553/28 3829/3558/37 3795/3525/37 
s 4
f 3825/3554/6346 3795/3525/6347 3794/3524/6348 3822/3542/6349 
s 2
f 3827/3556/185 3823/3552/185 3822/3542/185 3794/3524/185 
s 4
f 3827/3556/6350 3829/3558/6351 3824/3553/6352 3823/3552/6353 
s 1
f 3820/3550/6322 3828/3557/6354 3830/3559/6355 3831/3560/6356 
f 3820/3550/6322 3831/3560/6356 3832/3561/6357 3821/3551/6323 
f 3821/3551/6323 3832/3561/6357 3833/3562/6358 3826/3555/6328 
f 3827/3556/6329 3826/3555/6328 3833/3562/6358 3834/3562/6359 
f 3835/3563/6360 3829/3558/6361 3827/3556/6329 3834/3562/6359 
f 3795/3525/6286 3829/3558/6361 3836/3564/5185 3797/3527/5113 
f 3829/3558/6361 3835/3563/6360 3837/3565/5186 3836/3564/5185 
s 2
f 3124/2907/6362 3122/2905/6363 3836/3564/6363 3837/3565/6364 
f 3836/3564/6363 3122/2905/6363 3079/2863/6288 3797/3527/6288 
s 8
f 3799/3529/6293 3838/3566/6365 3828/3557/6366 3790/3520/6292 
f 3830/3559/6367 3828/3557/6366 3838/3566/6365 3839/3567/6368 
s 1
f 3801/3531/6296 3840/3568/6369 3838/3566/6370 3799/3529/6297 
f 3841/3569/6371 3839/3567/6372 3838/3566/6370 3840/3568/6369 
s 2
f 3801/3531/6301 3803/3533/6300 3842/3570/6373 3840/3568/6374 
f 3843/3571/6375 3841/3569/6376 3840/3568/6374 3842/3570/6373 
s 1
f 3805/3535/6304 3844/3572/6377 3842/3570/6378 3803/3533/6305 
f 3845/3573/6379 3843/3571/6380 3842/3570/6378 3844/3572/6377 
f 3846/3574/6381 3844/3572/6377 3805/3535/6304 3807/3537/6307 
f 3844/3572/6377 3846/3574/6381 3847/3575/6382 3845/3573/6379 
f 3848/3576/6383 3846/3574/6381 3807/3537/6307 3809/3539/6309 
f 3846/3574/6381 3848/3576/6383 3849/3577/6384 3847/3575/6382 
s 2
f 3850/3578/6385 3848/3576/6386 3809/3539/6313 3811/3541/6312 
f 3851/3579/6387 3849/3577/6388 3848/3576/6386 3850/3578/6385 
s 1
f 3852/3580/6389 3853/3581/6390 3854/3582/6391 3855/3583/6392 
f 3856/3584/6393 3857/3585/6394 3858/3586/6395 3859/3587/6396 
f 3860/3588/6397 3861/3589/6398 3832/3561/6357 3831/3560/6356 
f 3862/3590/6399 3863/3591/6400 3864/3581/6401 3865/3592/6402 
f 3833/3562/6358 3866/3593/6403 3867/3593/6404 3834/3562/6359 
s 2
f 3853/3581/6405 3852/3580/6406 3861/3589/6407 3866/3593/6408 
s 4
f 3866/3593/28 3833/3562/140 3854/3582/140 3853/3581/37 
s 2
f 3854/3582/6409 3833/3562/6410 3832/3561/6411 3855/3583/6412 
s 4
f 3861/3589/185 3852/3580/988 3855/3583/988 3832/3561/988 
s 2
f 3859/3587/6413 3868/3594/6414 3860/3588/6415 3856/3584/6416 
s 4
f 3856/3584/37 3860/3588/28 3831/3560/140 3857/3585/140 
s 2
f 3830/3559/6417 3858/3586/6418 3857/3585/6419 3831/3560/6420 
s 4
f 3859/3587/988 3858/3586/6421 3830/3559/6421 3868/3594/185 
s 2
f 3865/3592/28 3869/3595/28 3835/3563/140 3862/3590/140 
s 4
f 3834/3562/6422 3863/3591/6423 3862/3590/6424 3835/3563/6425 
s 2
f 3864/3581/185 3863/3591/988 3834/3562/988 3867/3593/185 
s 4
f 3865/3592/6426 3864/3581/6427 3867/3593/6428 3869/3595/6429 
s 1
f 3870/3596/6430 3860/3588/6397 3868/3594/6431 3871/3597/6432 
f 3861/3589/6398 3860/3588/6397 3870/3596/6430 3872/3598/6433 
f 3872/3598/6433 3873/3599/6434 3866/3593/6403 3861/3589/6398 
f 3867/3593/6404 3866/3593/6403 3873/3599/6434 3874/3600/6435 
f 3875/3601/6436 3869/3595/6437 3867/3593/6404 3874/3600/6435 
f 3835/3563/6360 3869/3595/6437 3876/3602/5257 3837/3565/5186 
f 3869/3595/6437 3875/3601/6436 3877/3603/5258 3876/3602/5257 
s 2
f 3171/2950/6438 3168/2947/6439 3876/3602/6439 3877/3603/6440 
f 3876/3602/6439 3168/2947/6439 3124/2907/6362 3837/3565/6364 
s 8
f 3868/3594/6441 3830/3559/6367 3839/3567/6368 3878/3604/6442 
f 3871/3597/6443 3868/3594/6441 3878/3604/6442 3879/3605/6444 
s 1
f 3880/3606/6445 3878/3604/6446 3839/3567/6372 3841/3569/6371 
f 3881/3607/6447 3879/3605/6448 3878/3604/6446 3880/3606/6445 
s 2
f 3843/3571/6375 3882/3608/6449 3880/3606/6450 3841/3569/6376 
f 3883/3609/6451 3881/3607/6452 3880/3606/6450 3882/3608/6449 
s 1
f 3884/3610/6453 3882/3608/6454 3843/3571/6380 3845/3573/6379 
f 3885/3611/6455 3883/3609/6456 3882/3608/6454 3884/3610/6453 
f 3847/3575/6382 3886/3612/6457 3884/3610/6453 3845/3573/6379 
f 3884/3610/6453 3886/3612/6457 3887/3613/6458 3885/3611/6455 
f 3847/3575/6382 3849/3577/6384 3888/3614/6459 3886/3612/6457 
f 3886/3612/6457 3888/3614/6459 3889/3615/6460 3887/3613/6458 
s 2
f 3890/3616/6461 3888/3614/6462 3849/3577/6388 3851/3579/6387 
f 3891/3617/6463 3889/3615/6464 3888/3614/6462 3890/3616/6461 
s 1
f 3892/3618/6465 3893/3619/6466 3894/3620/6467 3895/3621/6468 
f 3896/3622/6469 3897/3623/6470 3898/3624/6471 3899/3625/6472 
f 3900/3626/6473 3901/3627/6474 3872/3598/6433 3870/3596/6430 
f 3902/3628/6475 3903/3620/6476 3904/3629/6477 3905/3630/6478 
f 3873/3599/6434 3906/3631/6479 3907/3632/6480 3874/3600/6435 
s 2
f 3893/3619/6481 3892/3618/6482 3901/3627/6483 3906/3631/6484 
s 4
f 3906/3631/37 3873/3599/37 3894/3620/37 3893/3619/37 
s 2
f 3894/3620/6485 3873/3599/6486 3872/3598/6487 3895/3621/6488 
s 4
f 3901/3627/23 3892/3618/23 3895/3621/185 3872/3598/185 
s 2
f 3899/3625/6489 3908/3633/6490 3900/3626/6491 3896/3622/6492 
s 4
f 3896/3622/37 3900/3626/37 3870/3596/37 3897/3623/37 
s 2
f 3871/3597/6493 3898/3624/6494 3897/3623/6495 3870/3596/6496 
s 4
f 3899/3625/185 3898/3624/185 3871/3597/185 3908/3633/23 
s 2
f 3905/3630/28 3909/3634/37 3875/3601/37 3902/3628/37 
s 4
f 3874/3600/6497 3903/3620/6498 3902/3628/6499 3875/3601/6500 
s 2
f 3904/3629/185 3903/3620/185 3874/3600/185 3907/3632/185 
s 4
f 3905/3630/6501 3904/3629/6502 3907/3632/6503 3909/3634/6504 
s 1
f 3910/3635/6505 3900/3626/6473 3908/3633/6506 3911/3636/6507 
f 3901/3627/6474 3900/3626/6473 3910/3635/6505 3912/3637/6508 
f 3912/3637/6508 3913/3638/6509 3906/3631/6479 3901/3627/6474 
f 3907/3632/6480 3906/3631/6479 3913/3638/6509 3914/3638/6510 
f 3915/3639/6511 3909/3634/6512 3907/3632/6480 3914/3638/6510 
f 3875/3601/6436 3909/3634/6512 3916/3640/5329 3877/3603/5258 
f 3909/3634/6512 3915/3639/6511 3917/2994/5330 3916/3640/5329 
s 2
f 3917/2994/6513 3216/2992/6513 3214/2991/6514 3916/3640/6515 
f 3214/2991/6514 3171/2950/6438 3877/3603/6440 3916/3640/6515 
s 8
f 3908/3633/6516 3871/3597/6443 3879/3605/6444 3918/3641/6517 
f 3911/3636/6518 3908/3633/6516 3918/3641/6517 3919/3642/6519 
s 1
f 3920/3643/6520 3918/3641/6521 3879/3605/6448 3881/3607/6447 
f 3921/3644/6522 3919/3642/6523 3918/3641/6521 3920/3643/6520 
s 2
f 3883/3609/6451 3922/3645/6524 3920/3643/6525 3881/3607/6452 
f 3923/3646/6526 3921/3644/6527 3920/3643/6525 3922/3645/6524 
s 1
f 3924/3647/6528 3922/3645/6529 3883/3609/6456 3885/3611/6455 
f 3925/3648/6530 3923/3646/6531 3922/3645/6529 3924/3647/6528 
f 3887/3613/6458 3926/3649/6532 3924/3647/6528 3885/3611/6455 
f 3924/3647/6528 3926/3649/6532 3927/3650/6533 3925/3648/6530 
f 3887/3613/6458 3889/3615/6460 3928/3651/6534 3926/3649/6532 
f 3926/3649/6532 3928/3651/6534 3929/3652/6535 3927/3650/6533 
s 2
f 3930/3653/6536 3928/3651/6537 3889/3615/6464 3891/3617/6463 
f 3931/3654/6538 3929/3652/6539 3928/3651/6537 3930/3653/6536 
s 1
f 3932/3655/6540 3933/3656/6541 3934/3657/6542 3935/3658/6543 
f 3936/3659/6544 3937/3660/6545 3938/3661/6546 3939/3662/6547 
f 3940/3663/6548 3941/3664/6549 3912/3637/6508 3910/3635/6505 
f 3942/3665/6550 3943/3657/6551 3944/3656/6552 3945/3666/6553 
f 3913/3638/6509 3946/3667/6554 3947/3667/6555 3914/3638/6510 
s 2
f 3933/3656/6556 3932/3655/6557 3941/3664/6558 3946/3667/6559 
s 4
f 3946/3667/37 3913/3638/140 3934/3657/140 3933/3656/37 
s 2
f 3934/3657/6560 3913/3638/6561 3912/3637/6562 3935/3658/6563 
s 4
f 3941/3664/185 3932/3655/184 3935/3658/988 3912/3637/988 
s 2
f 3939/3662/6564 3948/3668/6565 3940/3663/6566 3936/3659/6567 
s 4
f 3936/3659/37 3940/3663/28 3910/3635/140 3937/3660/140 
s 2
f 3911/3636/6568 3938/3661/6569 3937/3660/6570 3910/3635/6571 
s 4
f 3939/3662/988 3938/3661/6421 3911/3636/6421 3948/3668/184 
s 2
f 3945/3666/28 3949/3669/28 3915/3639/140 3942/3665/140 
s 4
f 3914/3638/6572 3943/3657/6573 3942/3665/6574 3915/3639/6575 
s 2
f 3944/3656/185 3943/3657/988 3914/3638/988 3947/3667/185 
s 4
f 3945/3666/6576 3944/3656/6577 3947/3667/6578 3949/3669/6579 
s 1
f 3950/3670/6580 3940/3663/6548 3948/3668/6581 3951/3671/6582 
f 3941/3664/6549 3940/3663/6548 3950/3670/6580 3952/3672/6583 
f 3952/3672/6583 3953/3673/6584 3946/3667/6554 3941/3664/6549 
f 3947/3667/6555 3946/3667/6554 3953/3673/6584 3954/3674/6585 
f 3955/3675/6586 3949/3669/6587 3947/3667/6555 3954/3674/6585 
f 3915/3639/6511 3949/3669/6587 3956/3676/5402 3917/2994/5330 
f 3949/3669/6587 3955/3675/6586 3957/3677/5403 3956/3676/5402 
s 2
f 3957/3677/6588 3263/3036/6588 3260/3034/6589 3956/3676/6589 
f 3216/2992/6513 3917/2994/6513 3956/3676/6589 3260/3034/6589 
s 8
f 3948/3668/6590 3911/3636/6518 3919/3642/6519 3958/3678/6591 
f 3951/3671/6592 3948/3668/6590 3958/3678/6591 3959/3679/6593 
s 1
f 3960/3680/6594 3958/3678/6595 3919/3642/6523 3921/3644/6522 
f 3961/3681/6596 3959/3679/6597 3958/3678/6595 3960/3680/6594 
s 2
f 3923/3646/6526 3962/3682/6598 3960/3680/6599 3921/3644/6527 
f 3963/3683/6600 3961/3681/6601 3960/3680/6599 3962/3682/6598 
s 1
f 3964/3684/6602 3962/3682/6603 3923/3646/6531 3925/3648/6530 
f 3965/3685/6604 3963/3683/6605 3962/3682/6603 3964/3684/6602 
f 3927/3650/6533 3966/3686/6606 3964/3684/6602 3925/3648/6530 
f 3964/3684/6602 3966/3686/6606 3967/3687/6607 3965/3685/6604 
f 3927/3650/6533 3929/3652/6535 3968/3688/6608 3966/3686/6606 
f 3966/3686/6606 3968/3688/6608 3969/3689/6609 3967/3687/6607 
s 2
f 3970/3690/6610 3968/3688/6611 3929/3652/6539 3931/3654/6538 
f 3971/3691/6612 3969/3689/6613 3968/3688/6611 3970/3690/6610 
s 1
f 3972/3692/6614 3973/3693/6615 3974/3694/6616 3975/3695/6617 
f 3976/3696/6618 3977/3697/6619 3978/3698/6620 3979/3699/6621 
f 3980/3700/6622 3952/3672/6583 3950/3670/6580 3981/3701/6623 
f 3982/3702/6624 3983/3703/6625 3984/3694/6626 3985/3704/6627 
f 3986/3705/6628 3954/3674/6585 3953/3673/6584 3987/3705/6629 
s 2
f 3980/3700/6630 3987/3705/6631 3973/3693/6632 3972/3692/6633 
s 4
f 3987/3705/37 3953/3673/37 3974/3694/37 3973/3693/37 
s 2
f 3974/3694/6634 3953/3673/6635 3952/3672/6636 3975/3695/6637 
s 4
f 3980/3700/23 3972/3692/23 3975/3695/185 3952/3672/185 
s 2
f 3976/3696/6638 3979/3699/6639 3988/3706/6640 3981/3701/6641 
s 4
f 3976/3696/28 3981/3701/37 3950/3670/37 3977/3697/37 
s 2
f 3951/3671/6642 3978/3698/6643 3977/3697/6644 3950/3670/6645 
s 4
f 3978/3698/185 3951/3671/185 3988/3706/23 3979/3699/23 
s 2
f 3989/3707/28 3955/3675/37 3983/3703/37 3982/3702/28 
s 4
f 3983/3703/6646 3955/3675/6647 3954/3674/6648 3984/3694/6649 
s 2
f 3986/3705/185 3985/3704/185 3984/3694/185 3954/3674/185 
s 4
f 3989/3707/6650 3982/3702/6651 3985/3704/6652 3986/3705/6653 
s 1
f 3990/3708/6654 3981/3701/6623 3988/3706/6655 3991/3709/6656 
f 3981/3701/6623 3990/3708/6654 3992/3710/6657 3980/3700/6622 
f 3993/3711/6658 3987/3705/6629 3980/3700/6622 3992/3710/6657 
f 3987/3705/6629 3993/3711/6658 3994/3711/6659 3986/3705/6628 
f 3986/3705/6628 3994/3711/6659 3995/3712/6660 3989/3707/6661 
f 3955/3675/6586 3989/3707/6661 3996/3713/5475 3957/3677/5403 
f 3996/3713/5475 3989/3707/6661 3995/3712/6660 3997/3714/5476 
s 2
f 3306/3075/6662 3996/3713/6662 3997/3714/6663 3308/3077/6663 
f 3996/3713/6662 3306/3075/6662 3263/3036/6588 3957/3677/6588 
s 8
f 3959/3679/6593 3998/3715/6664 3988/3706/6665 3951/3671/6592 
f 3999/3716/6666 3991/3709/6667 3988/3706/6665 3998/3715/6664 
s 1
f 4000/3717/6668 3998/3715/6669 3959/3679/6597 3961/3681/6596 
f 4001/3718/6670 3999/3716/6671 3998/3715/6669 4000/3717/6668 
s 2
f 3961/3681/6601 3963/3683/6600 4002/3719/6672 4000/3717/6673 
f 4003/3720/6674 4001/3718/6675 4000/3717/6673 4002/3719/6672 
s 1
f 4002/3719/6676 3963/3683/6605 3965/3685/6604 4004/3721/6677 
f 4005/3722/6678 4003/3720/6679 4002/3719/6676 4004/3721/6677 
f 4004/3721/6677 3965/3685/6604 3967/3687/6607 4006/3723/6680 
f 4007/3724/6681 4005/3722/6678 4004/3721/6677 4006/3723/6680 
f 3969/3689/6609 4008/3725/6682 4006/3723/6680 3967/3687/6607 
f 4006/3723/6680 4008/3725/6682 4009/3726/6683 4007/3724/6681 
s 2
f 4010/3727/6684 4008/3725/6685 3969/3689/6613 3971/3691/6612 
f 4011/3728/6686 4009/3726/6687 4008/3725/6685 4010/3727/6684 
s 1
f 4012/3729/6688 4013/3730/6689 4014/3731/6690 4015/3732/6691 
f 4016/3733/6692 4017/3734/6693 4018/3735/6694 4019/3736/6695 
f 3990/3708/6654 4020/3737/6696 4021/3738/6697 3992/3710/6657 
f 4022/3739/6698 4023/3740/6699 4024/3741/6700 4025/3120/6701 
f 4026/3742/6702 4027/3742/6703 3994/3711/6659 3993/3711/6658 
s 2
f 4014/3731/6704 4013/3730/6705 4021/3738/6706 4026/3742/6707 
s 4
f 4015/3732/140 4014/3731/37 4026/3742/28 3993/3711/140 
s 2
f 4012/3729/6708 4015/3732/6709 3993/3711/6710 3992/3710/6711 
s 4
f 4012/3729/988 3992/3710/988 4021/3738/185 4013/3730/185 
s 2
f 4016/3733/6712 4019/3736/6713 4028/3743/6714 4020/3737/6715 
s 4
f 4020/3737/28 3990/3708/140 4017/3734/140 4016/3733/28 
s 2
f 4018/3735/6716 4017/3734/6717 3990/3708/6718 3991/3709/6719 
s 4
f 4018/3735/988 3991/3709/988 4028/3743/185 4019/3736/185 
s 2
f 4025/3120/28 4029/3744/28 3995/3712/140 4022/3739/140 
s 4
f 3994/3711/6720 4023/3740/6721 4022/3739/6722 3995/3712/6723 
s 2
f 4024/3741/185 4023/3740/988 3994/3711/988 4027/3742/185 
s 4
f 4025/3120/6724 4024/3741/6725 4027/3742/6726 4029/3744/6727 
s 1
f 4030/3745/6728 4020/3737/6696 4028/3743/6729 4031/3746/6730 
f 4021/3738/6697 4020/3737/6696 4030/3745/6728 4032/3747/6731 
f 4033/3748/6732 4026/3742/6702 4021/3738/6697 4032/3747/6731 
f 4033/3748/6732 4034/3748/6733 4027/3742/6703 4026/3742/6702 
f 4035/3749/6734 4029/3744/6735 4027/3742/6703 4034/3748/6733 
f 3995/3712/6660 4029/3744/6735 4036/3750/5548 3997/3714/5476 
f 4029/3744/6735 4035/3749/6734 4037/3751/5549 4036/3750/5548 
s 2
f 4037/3751/6736 3354/3122/6736 3353/3121/6737 4036/3750/6737 
f 3308/3077/6663 3997/3714/6663 4036/3750/6737 3353/3121/6737 
s 8
f 3999/3716/6666 4038/3752/6738 4028/3743/6739 3991/3709/6667 
f 4038/3752/6738 4039/3753/6740 4031/3746/6741 4028/3743/6739 
s 1
f 4038/3752/6742 3999/3716/6671 4001/3718/6670 4040/3754/6743 
f 4041/3755/6744 4039/3753/6745 4038/3752/6742 4040/3754/6743 
s 2
f 4042/3756/6746 4040/3754/6747 4001/3718/6675 4003/3720/6674 
f 4043/3757/6748 4041/3755/6749 4040/3754/6747 4042/3756/6746 
s 1
f 4003/3720/6679 4005/3722/6678 4044/3758/6750 4042/3756/6751 
f 4045/3759/6752 4043/3757/6753 4042/3756/6751 4044/3758/6750 
f 4007/3724/6681 4046/3760/6754 4044/3758/6750 4005/3722/6678 
f 4047/3761/6755 4045/3759/6752 4044/3758/6750 4046/3760/6754 
f 4048/3762/6756 4046/3760/6754 4007/3724/6681 4009/3726/6683 
f 4046/3760/6754 4048/3762/6756 4049/3763/6757 4047/3761/6755 
s 2
f 4048/3762/6758 4009/3726/6687 4011/3728/6686 4050/3764/6759 
f 4051/3765/6760 4049/3763/6761 4048/3762/6758 4050/3764/6759 
s 1
f 4052/3766/6762 4053/3767/6763 4054/3768/6764 4055/3769/6765 
f 4056/3770/6766 4057/3771/6767 4058/3772/6768 4059/3773/6769 
f 4060/3774/6770 4061/3775/6771 4032/3747/6731 4030/3745/6728 
f 4062/3776/6772 4063/3777/6773 4064/3778/6774 4065/3779/6775 
f 4034/3748/6733 4033/3748/6732 4066/3780/6776 4067/3781/6777 
s 2
f 4054/3768/6778 4053/3767/6779 4061/3775/6780 4066/3780/6781 
s 4
f 4055/3769/37 4054/3768/37 4066/3780/37 4033/3748/37 
s 2
f 4055/3769/6782 4033/3748/6783 4032/3747/6784 4052/3766/6785 
s 4
f 4052/3766/185 4032/3747/185 4061/3775/23 4053/3767/23 
s 2
f 4056/3770/6786 4059/3773/6787 4068/3782/6788 4060/3774/6789 
s 4
f 4060/3774/37 4030/3745/1514 4057/3771/1514 4056/3770/28 
s 2
f 4058/3772/6790 4057/3771/6791 4030/3745/6792 4031/3746/6793 
s 4
f 4058/3772/1509 4031/3746/1509 4068/3782/23 4059/3773/23 
s 2
f 4065/3779/28 4069/3783/37 4035/3749/1514 4062/3776/37 
s 4
f 4063/3777/6794 4062/3776/6795 4035/3749/6796 4034/3748/6797 
s 2
f 4064/3778/185 4063/3777/185 4034/3748/185 4067/3781/23 
s 4
f 4065/3779/6798 4064/3778/6799 4067/3781/6800 4069/3783/6801 
s 1
f 4070/3784/6802 4060/3774/6770 4068/3782/6803 4071/3785/6804 
f 4061/3775/6771 4060/3774/6770 4070/3784/6802 4072/3786/6805 
f 4073/3787/6806 4066/3780/6776 4061/3775/6771 4072/3786/6805 
f 4073/3787/6806 4074/3788/6807 4067/3781/6777 4066/3780/6776 
f 4075/3789/6808 4069/3783/6809 4067/3781/6777 4074/3788/6807 
f 4035/3749/6734 4069/3783/6809 4076/3790/5620 4037/3751/5549 
f 4069/3783/6809 4075/3789/6808 4077/3791/5621 4076/3790/5620 
s 2
f 4077/3791/6810 3401/3166/6811 3398/3163/6812 4076/3790/6812 
f 3354/3122/6736 4037/3751/6736 4076/3790/6812 3398/3163/6812 
s 8
f 4039/3753/6740 4078/3792/6813 4068/3782/6814 4031/3746/6741 
f 4078/3792/6813 4079/3793/6815 4071/3785/6816 4068/3782/6814 
s 1
f 4041/3755/6744 4080/3794/6817 4078/3792/6818 4039/3753/6745 
f 4081/3795/6819 4079/3793/6820 4078/3792/6818 4080/3794/6817 
s 2
f 4043/3757/6748 4082/3796/6821 4080/3794/6822 4041/3755/6749 
f 4083/3797/6823 4081/3795/6824 4080/3794/6822 4082/3796/6821 
s 1
f 4084/3798/6825 4082/3796/6826 4043/3757/6753 4045/3759/6752 
f 4085/3799/6827 4083/3797/6828 4082/3796/6826 4084/3798/6825 
f 4047/3761/6755 4086/3800/6829 4084/3798/6825 4045/3759/6752 
f 4087/3801/6830 4085/3799/6827 4084/3798/6825 4086/3800/6829 
f 4088/3802/6831 4086/3800/6829 4047/3761/6755 4049/3763/6757 
f 4086/3800/6829 4088/3802/6831 4089/3803/6832 4087/3801/6830 
s 2
f 4088/3802/6833 4049/3763/6761 4051/3765/6760 4090/3804/6834 
f 4091/3805/6835 4089/3803/6836 4088/3802/6833 4090/3804/6834 
s 1
f 4092/3806/6837 4093/3807/6838 4094/3808/6839 4095/3809/6840 
f 4096/3810/6841 4097/3811/6842 4098/3812/6843 4099/3813/6844 
f 4100/3814/6845 4101/3815/6846 4072/3786/6805 4070/3784/6802 
f 4102/3816/6847 4103/3817/6848 4104/3818/6849 4105/3819/6850 
f 4074/3788/6807 4073/3787/6806 4106/3820/6851 4107/3820/6852 
s 2
f 4094/3808/6853 4093/3807/6854 4101/3815/6855 4106/3820/6856 
s 4
f 4095/3809/140 4094/3808/37 4106/3820/37 4073/3787/140 
s 2
f 4095/3809/6857 4073/3787/6858 4072/3786/6859 4092/3806/6860 
s 4
f 4092/3806/988 4072/3786/988 4101/3815/185 4093/3807/185 
s 2
f 4096/3810/6861 4099/3813/6862 4108/3821/6863 4100/3814/6864 
s 4
f 4100/3814/28 4070/3784/140 4097/3811/140 4096/3810/28 
s 2
f 4098/3812/6865 4097/3811/6866 4070/3784/6867 4071/3785/6868 
s 4
f 4098/3812/988 4071/3785/988 4108/3821/185 4099/3813/184 
s 2
f 4105/3819/28 4109/3822/28 4075/3789/140 4102/3816/140 
s 4
f 4103/3817/6869 4102/3816/6870 4075/3789/6871 4074/3788/6872 
s 2
f 4104/3818/185 4103/3817/988 4074/3788/988 4107/3820/185 
s 4
f 4105/3819/6873 4104/3818/6874 4107/3820/6875 4109/3822/6876 
s 1
f 4110/3823/6877 4100/3814/6845 4108/3821/6878 4111/3824/6879 
f 4101/3815/6846 4100/3814/6845 4110/3823/6877 4112/3825/6880 
f 4113/3826/6881 4106/3820/6851 4101/3815/6846 4112/3825/6880 
f 4113/3826/6881 4114/3827/6882 4107/3820/6852 4106/3820/6851 
f 4115/3828/6883 4109/3822/6884 4107/3820/6852 4114/3827/6882 
f 4075/3789/6808 4109/3822/6884 4116/3822/5692 4077/3791/5621 
f 4109/3822/6884 4115/3828/6883 4117/3828/5693 4116/3822/5692 
s 2
f 4118/3208/3063 4116/3822/6885 4117/3828/184 4119/3210/184 
f 3401/3166/6811 4077/3791/6810 4116/3822/6885 4118/3208/3063 
s 8
f 4079/3793/6815 4120/3829/6886 4108/3821/6887 4071/3785/6816 
f 4121/3830/6888 4111/3824/6889 4108/3821/6887 4120/3829/6886 
s 1
f 4122/3831/6890 4120/3829/6891 4079/3793/6820 4081/3795/6819 
f 4123/3832/6892 4121/3830/6893 4120/3829/6891 4122/3831/6890 
s 2
f 4081/3795/6824 4083/3797/6823 4124/3833/6894 4122/3831/6895 
f 4125/3834/6896 4123/3832/6897 4122/3831/6895 4124/3833/6894 
s 1
f 4085/3799/6827 4126/3835/6898 4124/3833/6899 4083/3797/6828 
f 4127/3836/6900 4125/3834/6901 4124/3833/6899 4126/3835/6898 
f 4128/3837/6902 4126/3835/6898 4085/3799/6827 4087/3801/6830 
f 4126/3835/6898 4128/3837/6902 4129/3838/6903 4127/3836/6900 
f 4128/3837/6902 4087/3801/6830 4089/3803/6832 4130/3839/6904 
f 4131/3840/6905 4129/3838/6903 4128/3837/6902 4130/3839/6904 
s 2
f 4130/3839/6906 4089/3803/6836 4091/3805/6835 4132/3841/6907 
f 4133/3842/6908 4131/3840/6909 4130/3839/6906 4132/3841/6907 
s 1
f 4134/3843/6910 4135/3844/6911 4136/3845/6912 4137/3846/6913 
f 4138/3847/6914 4139/3848/6915 4140/3849/6916 4141/3850/6917 
f 4110/3823/6877 4142/3851/6918 4143/3852/6919 4112/3825/6880 
f 4144/3252/6920 4145/3853/6921 4146/3854/6922 4147/3855/6923 
f 4113/3826/6881 4148/3856/6924 4149/3856/6925 4114/3827/6882 
s 2
f 4143/3852/6926 4148/3856/6927 4136/3845/6928 4135/3844/6929 
s 4
f 4137/3846/37 4136/3845/37 4148/3856/37 4113/3826/37 
s 2
f 4137/3846/6930 4113/3826/6931 4112/3825/6932 4134/3843/6933 
s 4
f 4135/3844/23 4134/3843/185 4112/3825/185 4143/3852/23 
s 2
f 4138/3847/6934 4150/3857/6935 4142/3851/6936 4139/3848/6937 
s 4
f 4142/3851/37 4110/3823/37 4140/3849/37 4139/3848/37 
s 2
f 4140/3849/6938 4110/3823/6939 4111/3824/6940 4141/3850/6941 
s 4
f 4141/3850/185 4111/3824/185 4150/3857/185 4138/3847/185 
s 2
f 4145/3853/37 4144/3252/28 4151/3858/28 4115/3828/37 
s 4
f 4145/3853/6942 4115/3828/6943 4114/3827/6944 4146/3854/6945 
s 2
f 4149/3856/23 4147/3855/185 4146/3854/185 4114/3827/185 
s 4
f 4147/3855/6946 4149/3856/6947 4151/3858/6948 4144/3252/6949 
s 1
f 4152/3859/6950 4153/3860/6951 4142/3851/6918 4150/3857/6952 
f 4142/3851/6918 4153/3860/6951 4154/3861/6953 4143/3852/6919 
f 4155/3862/6954 4148/3856/6924 4143/3852/6919 4154/3861/6953 
f 4155/3862/6954 4156/3863/6955 4149/3856/6925 4148/3856/6924 
f 4157/3864/6956 4151/3858/6957 4149/3856/6925 4156/3863/6955 
f 4115/3828/6883 4151/3858/6957 4158/3858/5764 4117/3828/5693 
f 4158/3858/5764 4151/3858/6957 4157/3864/6956 4159/3865/5765 
s 2
f 4160/3251/184 4158/3858/184 4159/3865/184 4161/3254/184 
f 4158/3858/184 4160/3251/184 4119/3210/184 4117/3828/184 
s 8
f 4162/3866/6958 4150/3857/6959 4111/3824/6889 4121/3830/6888 
f 4162/3866/6958 4163/3867/6960 4152/3859/6961 4150/3857/6959 
s 1
f 4123/3832/6892 4164/3868/6962 4162/3866/6963 4121/3830/6893 
f 4165/3869/6964 4163/3867/6965 4162/3866/6963 4164/3868/6962 
s 2
f 4125/3834/6896 4166/3870/6966 4164/3868/6967 4123/3832/6897 
f 4166/3870/6966 4167/3871/6968 4165/3869/6969 4164/3868/6967 
s 1
f 4127/3836/6900 4168/3872/6970 4166/3870/6971 4125/3834/6901 
f 4167/3871/6972 4166/3870/6971 4168/3872/6970 4169/3873/6973 
f 4127/3836/6900 4129/3838/6903 4170/3874/6974 4168/3872/6970 
f 4171/3875/6975 4169/3873/6973 4168/3872/6970 4170/3874/6974 
f 4172/3876/6976 4170/3874/6974 4129/3838/6903 4131/3840/6905 
f 4170/3874/6974 4172/3876/6976 4173/3877/6977 4171/3875/6975 
s 2
f 4131/3840/6909 4133/3842/6908 4174/3878/6978 4172/3876/6979 
f 4175/3879/6980 4173/3877/6981 4172/3876/6979 4174/3878/6978 
s 1
f 4176/3880/6982 4177/3881/6983 4178/3882/6984 4179/3883/6985 
f 4180/3884/6986 4181/3885/6987 4182/3886/6988 4183/3887/6989 
f 4153/3860/6951 4184/3888/6990 4185/3889/6991 4154/3861/6953 
f 4186/3890/6992 4187/3891/6993 4188/3294/6994 4189/3253/6995 
f 4156/3863/6955 4155/3862/6954 4190/3892/6996 4191/3892/6997 
s 2
f 4176/3880/6998 4185/3889/6999 4190/3892/7000 4177/3881/7001 
s 4
f 4178/3882/140 4177/3881/37 4190/3892/37 4155/3862/140 
s 2
f 4154/3861/7002 4179/3883/7003 4178/3882/7004 4155/3862/7005 
s 4
f 4176/3880/185 4179/3883/988 4154/3861/988 4185/3889/185 
s 2
f 4183/3887/7006 4192/3893/7007 4184/3888/7008 4180/3884/7009 
s 4
f 4184/3888/28 4153/3860/140 4181/3885/140 4180/3884/28 
s 2
f 4153/3860/7010 4152/3859/7011 4182/3886/7012 4181/3885/7013 
s 4
f 4182/3886/988 4152/3859/988 4192/3893/185 4183/3887/185 
s 2
f 4189/3253/140 4188/3294/28 4193/3894/28 4157/3864/140 
s 4
f 4157/3864/7014 4156/3863/7015 4186/3890/7016 4189/3253/7017 
s 2
f 4156/3863/988 4191/3892/185 4187/3891/185 4186/3890/988 
s 4
f 4188/3294/7018 4187/3891/7019 4191/3892/7020 4193/3894/7021 
s 1
f 4184/3888/6990 4192/3893/7022 4194/3895/7023 4195/3896/7024 
f 4185/3889/6991 4184/3888/6990 4195/3896/7024 4196/3897/7025 
f 4190/3892/6996 4185/3889/6991 4196/3897/7025 4197/3898/7026 
f 4190/3892/6996 4197/3898/7026 4198/3898/7027 4191/3892/6997 
f 4193/3894/7028 4191/3892/6997 4198/3898/7027 4199/3899/7029 
f 4157/3864/6956 4193/3894/7028 4200/3900/5837 4159/3865/5765 
f 4201/3901/5838 4200/3900/5837 4193/3894/7028 4199/3899/7029 
s 2
f 4200/3900/184 4201/3901/3063 4202/3296/3063 4203/3294/184 
f 4159/3865/184 4200/3900/184 4203/3294/184 4161/3254/184 
s 8
f 4152/3859/6961 4163/3867/6960 4204/3902/7030 4192/3893/7031 
f 4205/3903/7032 4194/3895/7033 4192/3893/7031 4204/3902/7030 
s 1
f 4204/3902/7034 4163/3867/6965 4165/3869/6964 4206/3904/7035 
f 4204/3902/7034 4206/3904/7035 4207/3905/7036 4205/3903/7036 
s 2
f 4208/3906/7037 4206/3904/7038 4165/3869/6969 4167/3871/6968 
f 4209/3907/7039 4207/3905/7039 4206/3904/7038 4208/3906/7037 
s 1
f 4210/3908/7040 4208/3906/7041 4167/3871/6972 4169/3873/6973 
f 4208/3906/7041 4210/3908/7040 4211/3909/7042 4209/3907/7043 
f 4171/3875/6975 4212/3910/7044 4210/3908/7040 4169/3873/6973 
f 4211/3909/7042 4210/3908/7040 4212/3910/7044 4213/3911/7045 
f 4173/3877/6977 4214/3912/7046 4212/3910/7044 4171/3875/6975 
f 4214/3912/7046 4215/3913/7047 4213/3911/7045 4212/3910/7044 
s 2
f 4214/3912/7048 4173/3877/6981 4175/3879/6980 4216/3914/7049 
f 4214/3912/7048 4216/3914/7049 4217/3915/7050 4215/3913/7050 
s 8
f 4218/3916/7051 4219/3917/7052 4220/3918/7053 4221/3919/7051 
f 4220/3918/7053 4219/3917/7052 4222/3920/7054 4223/3921/7055 
f 4222/3920/7054 4224/3922/7056 4225/3923/7057 4223/3921/7055 
f 4225/3923/7057 4224/3922/7056 4226/3924/7058 4227/3925/7059 
f 4228/3926/7060 4227/3925/7059 4226/3924/7058 4229/3927/7061 
f 4230/3928/7062 4228/3926/7060 4229/3927/7061 4231/3929/7063 
f 4230/3928/7062 4231/3929/7063 4232/3930/7064 4233/3931/7065 
f 4232/3930/7064 4234/3932/7066 4235/3933/7067 4233/3931/7065 
f 4235/3933/7067 4234/3932/7066 4236/3934/7068 4237/3935/7069 
f 4237/3935/7069 4236/3934/7068 4238/3936/7070 4239/3937/7071 
f 4238/3936/7070 4240/3938/7072 4241/3939/7073 4239/3937/7071 
f 4241/3939/7073 4240/3938/7072 4242/3940/7074 4243/3941/7075 
f 4244/3942/7076 4243/3941/7075 4242/3940/7074 4245/3943/7077 
f 4246/3944/7078 4244/3942/7076 4245/3943/7077 4247/3945/7079 
f 4246/3944/7078 4247/3945/7079 4248/3946/7080 4249/3947/7081 
f 4248/3946/7080 4250/3948/7082 4251/3949/7083 4249/3947/7081 
f 4251/3949/7083 4250/3948/7082 4252/3950/7084 4253/3951/7085 
f 4253/3951/7085 4252/3950/7084 4254/3952/7086 4255/3953/7087 
f 4254/3952/7086 4256/3954/7088 4257/3955/7089 4255/3953/7087 
f 4257/3955/7089 4256/3954/7088 4258/3956/7090 4259/3957/7091 
f 4260/3958/7092 4259/3957/7091 4258/3956/7090 4261/3959/7093 
f 4262/3960/7094 4260/3958/7092 4261/3959/7093 4263/3961/7095 
f 4262/3960/7094 4263/3961/7095 4264/3962/7096 4265/3963/7097 
f 4264/3962/7096 4266/3964/7098 4267/3965/7099 4265/3963/7097 
f 4267/3965/7099 4266/3964/7098 4268/3966/7100 4269/3967/7101 
f 4269/3967/7101 4268/3966/7100 4270/3968/7102 4271/3969/7103 
f 4270/3968/7102 4272/3970/7104 4273/3971/7105 4271/3969/7103 
f 4273/3971/7105 4272/3970/7104 4274/3972/7106 4275/3973/7107 
f 4276/3974/7108 4275/3973/7107 4274/3972/7106 4277/3975/7109 
f 4278/3976/7110 4276/3974/7108 4277/3975/7109 4279/3977/7111 
f 4278/3976/7110 4279/3977/7111 4280/3978/7112 4281/3979/7113 
f 4280/3978/7112 4282/3980/7114 4283/3981/7115 4281/3979/7113 
f 4283/3981/7115 4282/3980/7114 4284/3982/7116 4285/3983/7117 
f 4285/3983/7117 4284/3982/7116 4286/3984/7118 4287/3985/7119 
f 4286/3984/7118 4288/3986/7120 4289/3987/7121 4287/3985/7119 
f 4289/3987/7121 4288/3986/7120 4290/3988/7122 4291/3989/7123 
f 4292/3990/7124 4291/3989/7123 4290/3988/7122 4293/3991/7125 
f 4294/3992/7126 4292/3990/7124 4293/3991/7125 4295/3993/7127 
f 4294/3992/7126 4295/3993/7127 4296/3994/7128 4297/3995/7129 
f 4296/3994/7128 4298/3996/7130 4299/3997/7131 4297/3995/7129 
f 4299/3997/7131 4298/3996/7130 4300/3998/7132 4301/3999/7133 
f 4301/3999/7133 4300/3998/7132 4302/4000/7134 4303/4001/7135 
f 4302/4000/7134 4304/4002/7136 4305/4003/7137 4303/4001/7135 
f 4305/4003/7137 4304/4002/7136 4306/4004/7138 4307/4005/7139 
f 4307/4005/7139 4306/4004/7138 4308/4006/7140 4309/4007/7141 
f 4308/4006/7140 4310/4008/7142 4311/4009/7143 4309/4007/7141 
f 4310/4008/7142 4312/4010/7144 4313/4011/7145 4311/4009/7143 
f 4312/4010/7144 4314/4012/7146 4315/4013/7147 4313/4011/7145 
f 4316/4014/7148 4315/4013/7147 4314/4012/7146 4317/4015/7149 
f 4318/4016/7150 4319/4017/7151 4316/4014/7148 4317/4015/7149 
f 4320/4018/7152 4321/4019/7153 4319/4017/7151 4318/4016/7150 
f 4322/4020/7154 4321/4019/7153 4320/4018/7152 4323/4021/7155 
f 4323/4021/7155 4324/4022/7156 4325/4023/7157 4322/4020/7154 
f 4326/4024/7158 4325/4023/7157 4324/4022/7156 4327/4025/7159 
f 4328/4026/7160 4329/4027/7161 4326/4024/7158 4327/4025/7159 
f 4330/4028/7162 4329/4027/7161 4328/4026/7160 4331/4029/7163 
f 4331/4029/7163 4332/4030/7164 4333/4031/7165 4330/4028/7162 
f 4334/4032/7166 4333/4031/7165 4332/4030/7164 4335/4033/7167 
f 4336/4034/7168 4334/4032/7166 4335/4033/7167 4337/4035/7169 
f 4338/4036/7170 4339/4037/7171 4336/4034/7168 4337/4035/7169 
f 4338/4036/7170 4340/4038/7172 4341/4039/7173 4339/4037/7171 
f 4342/4040/7174 4343/4041/7175 4341/4039/7173 4340/4038/7172 
f 4342/4040/7174 4344/4042/7176 4345/4043/7177 4343/4041/7175 
f 4345/4043/7177 4344/4042/7176 4346/4044/7178 4347/4045/7179 
f 4346/4044/7178 4348/4046/7180 4349/4047/7181 4347/4045/7179 
f 4348/4046/7180 4350/4048/7182 4351/4049/7183 4349/4047/7181 
f 4350/4048/7182 4352/4050/7184 4353/4051/7185 4351/4049/7183 
f 4352/4050/7184 4354/4052/7186 4355/4053/7187 4353/4051/7185 
f 4354/4052/7186 4356/4054/7188 4357/4055/7189 4355/4053/7187 
f 4358/4056/7190 4357/4055/7189 4356/4054/7188 4359/4057/7191 
f 4359/4057/7191 4360/4058/7192 4361/4059/7193 4358/4056/7190 
f 4360/4058/7192 4362/4060/7194 4363/4061/7195 4361/4059/7193 
f 4362/4060/7194 4364/4062/7196 4365/4063/7197 4363/4061/7195 
f 4366/4064/7198 4365/4063/7197 4364/4062/7196 4367/4065/7199 
f 4368/4066/7200 4366/4064/7198 4367/4065/7199 4369/4067/7201 
f 4370/4068/7202 4371/4069/7203 4368/4066/7200 4369/4067/7201 
f 4372/4070/7204 4371/4069/7203 4370/4068/7202 4373/4071/7205 
f 4373/4071/7205 4374/4072/7206 4375/4073/7207 4372/4070/7204 
f 4374/4072/7206 4376/4074/7208 4377/4075/7209 4375/4073/7207 
f 4378/4076/7210 4377/4075/7209 4376/4074/7208 4379/4077/7211 
f 4379/4077/7211 4380/4078/7212 4381/4079/7213 4378/4076/7210 
f 4380/4078/7212 4382/4080/7214 4383/4081/7215 4381/4079/7213 
f 4382/4080/7214 4384/4082/7216 4385/4083/7217 4383/4081/7215 
f 4386/4084/7218 4387/4085/7219 4385/4083/7217 4384/4082/7216 
f 4388/4086/7220 4389/4087/7221 4387/4085/7219 4386/4084/7218 
f 4388/4086/7220 4390/4088/7222 4391/4089/7223 4389/4087/7221 
f 4391/4089/7223 4390/4088/7222 4392/4090/7224 4393/4091/7225 
f 4392/4090/7224 4394/4092/7226 4395/4093/7227 4393/4091/7225 
f 4394/4092/7226 4396/4094/7228 4397/4095/7229 4395/4093/7227 
f 4398/4096/7230 4397/4095/7229 4396/4094/7228 4399/4097/7231 
f 4399/4097/7231 4400/4098/7232 4401/4099/7233 4398/4096/7230 
f 4400/4098/7232 4402/4100/7234 4403/4101/7235 4401/4099/7233 
f 4404/4102/7236 4405/4103/7237 4403/4101/7235 4402/4100/7234 
f 4405/4103/7237 4404/4102/7236 4406/4104/7238 4407/4105/7239 
f 4408/4106/7240 4409/4107/7241 4407/4105/7239 4406/4104/7238 
f 4409/4107/7241 4408/4106/7240 4410/4108/7242 4411/4109/7242 
s off
f 41/36/7243 40/35/7243 4412/4110/7243 4413/4111/7243 
f 40/35/7244 42/37/7244 4414/4112/7244 4412/4110/7244 
f 4415/4113/7245 44/39/7245 43/38/7245 4416/4114/7245 
f 44/39/7246 4415/4113/7246 4417/4115/7246 47/42/7246 
f 4414/4112/7247 42/37/7247 94/88/7247 4418/4116/7247 
f 4418/4116/7248 94/88/7248 95/89/7248 4419/4117/7248 
f 4417/4115/7249 4420/4118/7249 96/90/7249 47/42/7249 
f 99/93/7250 96/90/7250 4420/4118/7250 4421/4119/7250 
f 140/130/7251 4422/4120/7251 4419/4117/7251 95/89/7251 
f 4422/4120/7252 140/130/7252 141/131/7252 4423/4121/7252 
f 4424/4122/7253 143/133/7253 99/93/7253 4421/4119/7253 
f 145/135/7254 143/133/7254 4424/4122/7254 4425/4123/7254 
f 4423/4121/7255 141/131/7255 186/174/7255 4426/4124/7255 
f 4426/4124/7256 186/174/7256 187/175/7256 4427/4125/7256 
f 4428/4126/7257 188/176/7257 145/135/7257 4425/4123/7257 
f 191/179/7258 188/176/7258 4428/4126/7258 4429/4127/7258 
f 4427/4125/7259 187/175/7259 232/216/7259 4430/4128/7259 
f 232/216/7260 233/217/7260 4431/4129/7260 4430/4128/7260 
f 4432/4130/7261 235/219/7261 191/179/7261 4429/4127/7261 
f 4433/4131/7262 236/220/7262 235/219/7262 4432/4130/7262 
f 233/217/7263 278/259/7263 4434/4132/7263 4431/4129/7263 
f 4434/4132/7264 278/259/7264 279/260/7264 4435/4133/7264 
f 4436/4134/7265 281/262/7265 236/220/7265 4433/4131/7265 
f 4437/4135/7266 282/263/7266 281/262/7266 4436/4134/7266 
f 279/260/7267 324/301/7267 4438/4136/7267 4435/4133/7267 
f 324/301/7268 325/302/7268 4439/4137/7268 4438/4136/7268 
f 4440/4138/7269 326/303/7269 282/263/7269 4437/4135/7269 
f 4441/4139/7270 329/306/7270 326/303/7270 4440/4138/7270 
f 4439/4137/7271 325/302/7271 370/346/7271 4442/4140/7271 
f 370/346/7272 371/347/7272 4443/4141/7272 4442/4140/7272 
f 4444/4142/7273 373/349/7273 329/306/7273 4441/4139/7273 
f 4445/4143/7274 374/350/7274 373/349/7274 4444/4142/7274 
f 4443/4141/7275 371/347/7275 416/391/7275 4446/4144/7275 
f 4446/4144/7276 416/391/7276 417/392/7276 4447/4145/7276 
f 4448/4146/7277 418/393/7277 374/350/7277 4445/4143/7277 
f 421/396/7278 418/393/7278 4448/4146/7278 4449/4147/7278 
f 417/392/7279 462/436/7279 4450/4148/7279 4447/4145/7279 
f 4450/4148/7280 462/436/7280 463/437/7280 4451/4149/7280 
f 4452/4150/7281 465/439/7281 421/396/7281 4449/4147/7281 
f 466/440/7282 465/439/7282 4452/4150/7282 4453/4151/7282 
f 4451/4149/7283 463/437/7283 508/479/7283 4454/4152/7283 
f 4454/4152/7284 508/479/7284 509/480/7284 4455/4153/7284 
f 4456/4154/7285 510/481/7285 466/440/7285 4453/4151/7285 
f 4457/4155/7286 512/483/7286 510/481/7286 4456/4154/7286 
f 4455/4153/7287 509/480/7287 554/524/7287 4458/4156/7287 
f 4458/4156/7288 554/524/7288 555/525/7288 4459/4157/7288 
f 556/526/7289 512/483/7289 4457/4155/7289 4460/4158/7289 
f 558/528/7290 556/526/7290 4460/4158/7290 4461/4159/7290 
f 555/525/7291 600/567/7291 4462/4160/7291 4459/4157/7291 
f 600/567/7292 601/568/7292 4463/4161/7292 4462/4160/7292 
f 4464/4162/7293 603/570/7293 558/528/7293 4461/4159/7293 
f 4465/4163/7294 604/571/7294 603/570/7294 4464/4162/7294 
f 4463/4161/7295 601/568/7295 646/608/7295 4466/4164/7295 
f 4466/4164/7296 646/608/7296 647/609/7296 4467/4165/7296 
f 4468/4166/7297 649/611/7297 604/571/7297 4465/4163/7297 
f 651/613/7298 649/611/7298 4468/4166/7298 4469/4167/7298 
f 4467/4165/7299 647/609/7299 692/652/7299 4470/4168/7299 
f 692/652/7300 693/653/7300 4471/4169/7300 4470/4168/7300 
f 4472/4170/7301 695/655/7301 651/613/7301 4469/4167/7301 
f 697/657/7302 695/655/7302 4472/4170/7302 4473/4171/7302 
f 4471/4169/7303 693/653/7303 738/696/7303 4474/4172/7303 
f 738/696/7304 739/697/7304 4475/4173/7304 4474/4172/7304 
f 740/698/7305 697/657/7305 4473/4171/7305 4476/4174/7305 
f 4477/4175/7306 743/701/7306 740/698/7306 4476/4174/7306 
f 4475/4173/7307 739/697/7307 784/741/7307 4478/4176/7307 
f 784/741/7308 785/742/7308 4479/4177/7308 4478/4176/7308 
f 4477/4175/7309 4480/4178/7309 787/744/7309 743/701/7309 
f 788/745/7310 787/744/7310 4480/4178/7310 4481/4179/7310 
f 4479/4177/7311 785/742/7311 830/785/7311 4482/4180/7311 
f 4482/4180/7312 830/785/7312 831/786/7312 4483/4181/7312 
f 832/787/7313 788/745/7313 4481/4179/7313 4484/4182/7313 
f 4485/4183/7314 834/789/7314 832/787/7314 4484/4182/7314 
f 4486/4184/7315 4483/4181/7315 831/786/7315 876/830/7315 
f 876/830/7316 877/831/7316 4487/4185/7316 4486/4184/7316 
f 878/832/7317 834/789/7317 4485/4183/7317 4488/4186/7317 
f 881/835/7318 878/832/7318 4488/4186/7318 4489/4187/7318 
f 4487/4185/7319 877/831/7319 922/874/7319 4490/4188/7319 
f 4490/4188/7320 922/874/7320 923/875/7320 4491/4189/7320 
f 924/876/7321 881/835/7321 4489/4187/7321 4492/4190/7321 
f 926/878/7322 924/876/7322 4492/4190/7322 4493/4191/7322 
f 923/875/7323 968/919/7323 4494/4192/7323 4491/4189/7323 
f 4494/4192/7324 968/919/7324 969/920/7324 4495/4193/7324 
f 4493/4191/7325 4496/4194/7325 970/921/7325 926/878/7325 
f 4497/4195/7326 972/923/7326 970/921/7326 4496/4194/7326 
f 4495/4193/7327 969/920/7327 1014/963/7327 4498/4196/7327 
f 4498/4196/7328 1014/963/7328 1015/964/7328 4499/4197/7328 
f 4500/4198/7329 1017/966/7329 972/923/7329 4497/4195/7329 
f 1018/967/7330 1017/966/7330 4500/4198/7330 4501/4199/7330 
f 4499/4197/7331 1015/964/7331 1060/1006/7331 4502/4200/7331 
f 4502/4200/7332 1060/1006/7332 1061/1007/7332 4503/4201/7332 
f 4504/4202/7333 1062/1008/7333 1018/967/7333 4501/4199/7333 
f 1065/1011/7334 1062/1008/7334 4504/4202/7334 4505/4203/7334 
f 4503/4201/7335 1061/1007/7335 1106/1051/7335 4506/4204/7335 
f 1106/1051/7336 1107/1052/7336 4507/4205/7336 4506/4204/7336 
f 1109/1054/7337 1065/1011/7337 4505/4203/7337 4508/4206/7337 
f 4509/4207/7338 1110/1055/7338 1109/1054/7338 4508/4206/7338 
f 1152/1091/7339 4510/4208/7339 4507/4205/7339 1107/1052/7339 
f 1152/1091/7340 1153/1092/7340 4511/4209/7340 4510/4208/7340 
f 1110/1055/7341 4509/4207/7341 4512/4210/7341 1154/1093/7341 
f 1157/1096/7342 1154/1093/7342 4512/4210/7342 4513/4211/7342 
f 4511/4209/7343 1153/1092/7343 1198/1131/7343 4514/4212/7343 
f 1198/1131/7344 1199/1132/7344 4515/4213/7344 4514/4212/7344 
f 4516/4214/7345 1200/1133/7345 1157/1096/7345 4513/4211/7345 
f 4517/4215/7346 1202/1135/7346 1200/1133/7346 4516/4214/7346 
f 1199/1132/7347 1244/1176/7347 4518/4216/7347 4515/4213/7347 
f 1244/1176/7348 1245/1177/7348 4519/4217/7348 4518/4216/7348 
f 4520/4218/7349 1247/1179/7349 1202/1135/7349 4517/4215/7349 
f 4521/4219/7350 1249/1181/7350 1247/1179/7350 4520/4218/7350 
f 4519/4217/7351 1245/1177/7351 1290/1218/7351 4522/4220/7351 
f 1290/1218/7352 1291/1219/7352 4523/4221/7352 4522/4220/7352 
f 1292/1220/7353 1249/1181/7353 4521/4219/7353 4524/4222/7353 
f 1294/1222/7354 1292/1220/7354 4524/4222/7354 4525/4223/7354 
f 4523/4221/7355 1291/1219/7355 1336/1262/7355 4526/4224/7355 
f 1336/1262/7356 1337/1263/7356 4527/4225/7356 4526/4224/7356 
f 4528/4226/7357 1338/1264/7357 1294/1222/7357 4525/4223/7357 
f 4529/4227/7358 1341/1267/7358 1338/1264/7358 4528/4226/7358 
f 1337/1263/7359 1382/1306/7359 4530/4228/7359 4527/4225/7359 
f 4530/4228/7360 1382/1306/7360 1383/1307/7360 4531/4229/7360 
f 1384/1308/7361 1341/1267/7361 4529/4227/7361 4532/4230/7361 
f 1387/1311/7362 1384/1308/7362 4532/4230/7362 4533/4231/7362 
f 4531/4229/7363 1383/1307/7363 1428/1347/7363 4534/4232/7363 
f 4534/4232/7364 1428/1347/7364 1429/1348/7364 4535/4233/7364 
f 1431/1350/7365 1387/1311/7365 4533/4231/7365 4536/4234/7365 
f 4537/4235/7366 1432/1351/7366 1431/1350/7366 4536/4234/7366 
f 4535/4233/7367 1429/1348/7367 1474/1393/7367 4538/4236/7367 
f 4538/4236/7368 1474/1393/7368 1475/1394/7368 4539/4237/7368 
f 4540/4238/7369 1477/1396/7369 1432/1351/7369 4537/4235/7369 
f 4541/4239/7370 1479/1398/7370 1477/1396/7370 4540/4238/7370 
f 2852/2648/7371 4542/4240/7371 4539/4237/7371 1475/1394/7371 
f 4542/4240/7372 2852/2648/7372 2853/2649/7372 4543/4241/7372 
f 4544/4242/7373 2855/2651/7373 1479/1398/7373 4541/4239/7373 
f 2856/2652/7374 2855/2651/7374 4544/4242/7374 4545/4243/7374 
f 4543/4241/7375 2853/2649/7375 2898/2692/7375 4546/4244/7375 
f 2898/2692/7376 2899/2693/7376 4547/4245/7376 4546/4244/7376 
f 2900/2694/7377 2856/2652/7377 4545/4243/7377 4548/4246/7377 
f 4549/4247/7378 2903/2697/7378 2900/2694/7378 4548/4246/7378 
f 4547/4245/7379 2899/2693/7379 2944/2736/7379 4550/4248/7379 
f 4550/4248/7380 2944/2736/7380 2945/2737/7380 4551/4249/7380 
f 2946/2738/7381 2903/2697/7381 4549/4247/7381 4552/4250/7381 
f 4553/4251/7382 2949/2741/7382 2946/2738/7382 4552/4250/7382 
f 2990/2780/7383 4554/4252/7383 4551/4249/7383 2945/2737/7383 
f 2990/2780/7384 2991/2781/7384 4555/4253/7384 4554/4252/7384 
f 4556/4254/7385 2993/2783/7385 2949/2741/7385 4553/4251/7385 
f 2995/2785/7386 2993/2783/7386 4556/4254/7386 4557/4255/7386 
f 2991/2781/7387 3036/2822/7387 4558/4256/7387 4555/4253/7387 
f 3037/2823/7388 4559/4257/7388 4558/4256/7388 3036/2822/7388 
f 4560/4258/7389 3039/2825/7389 2995/2785/7389 4557/4255/7389 
f 4561/4259/7390 3040/2826/7390 3039/2825/7390 4560/4258/7390 
f 4559/4257/7391 3037/2823/7391 3082/2866/7391 4562/4260/7391 
f 3082/2866/7392 3083/2867/7392 4563/4261/7392 4562/4260/7392 
f 4564/4262/7393 3085/2869/7393 3040/2826/7393 4561/4259/7393 
f 3085/2869/7394 4564/4262/7394 4565/4263/7394 3087/2871/7394 
f 4563/4261/7395 3083/2867/7395 3128/2909/7395 4566/4264/7395 
f 4566/4264/7396 3128/2909/7396 3129/2910/7396 4567/4265/7396 
f 4568/4266/7397 3131/2912/7397 3087/2871/7397 4565/4263/7397 
f 4569/4267/7398 3132/2913/7398 3131/2912/7398 4568/4266/7398 
f 4567/4265/7399 3129/2910/7399 3174/2952/7399 4570/4268/7399 
f 4570/4268/7400 3174/2952/7400 3175/2953/7400 4571/4269/7400 
f 4572/4270/7401 3176/2954/7401 3132/2913/7401 4569/4267/7401 
f 3178/2956/7402 3176/2954/7402 4572/4270/7402 4573/4271/7402 
f 4571/4269/7403 3175/2953/7403 3220/2995/7403 4574/4272/7403 
f 3221/2996/7404 4575/4273/7404 4574/4272/7404 3220/2995/7404 
f 4576/4274/7405 3223/2998/7405 3178/2956/7405 4573/4271/7405 
f 4577/4275/7406 3225/3000/7406 3223/2998/7406 4576/4274/7406 
f 4575/4273/7407 3221/2996/7407 3266/3038/7407 4578/4276/7407 
f 3267/3039/7408 4579/4277/7408 4578/4276/7408 3266/3038/7408 
f 3268/3040/7409 3225/3000/7409 4577/4275/7409 4580/4278/7409 
f 3268/3040/7410 4580/4278/7410 4581/4279/7410 3271/3043/7410 
f 4579/4277/7411 3267/3039/7411 3312/3081/7411 4582/4280/7411 
f 3313/3082/7412 4583/4281/7412 4582/4280/7412 3312/3081/7412 
f 4584/4282/7413 3315/3084/7413 3271/3043/7413 4581/4279/7413 
f 4585/4283/7414 3316/3085/7414 3315/3084/7414 4584/4282/7414 
f 4583/4281/7415 3313/3082/7415 3358/3125/7415 4586/4284/7415 
f 3359/3126/7416 4587/4285/7416 4586/4284/7416 3358/3125/7416 
f 4585/4283/7417 4588/4286/7417 3360/3127/7417 3316/3085/7417 
f 3362/3129/7418 3360/3127/7418 4588/4286/7418 4589/4287/7418 
f 4587/4285/7419 3359/3126/7419 3404/3169/7419 4590/4288/7419 
f 3405/3170/7420 4591/4289/7420 4590/4288/7420 3404/3169/7420 
f 3362/3129/7421 4589/4287/7421 4592/4290/7421 3407/3172/7421 
f 3408/3173/7422 3407/3172/7422 4592/4290/7422 4593/4291/7422 
f 3450/3213/7423 4594/4292/7423 4591/4289/7423 3405/3170/7423 
f 4594/4292/7424 3450/3213/7424 3451/3214/7424 4595/4293/7424 
f 3408/3173/7425 4593/4291/7425 4596/4294/7425 3453/3216/7425 
f 4597/4295/7426 3454/3217/7426 3453/3216/7426 4596/4294/7426 
f 4595/4293/7427 3451/3214/7427 3496/3256/7427 4598/4296/7427 
f 3496/3256/7428 3497/3257/7428 4599/4297/7428 4598/4296/7428 
f 4600/4298/7429 3498/3258/7429 3454/3217/7429 4597/4295/7429 
f 4601/4299/7430 3500/3260/7430 3498/3258/7430 4600/4298/7430 
f 4599/4297/7431 3497/3257/7431 3542/3299/7431 4602/4300/7431 
f 4602/4300/7432 3542/3299/7432 3543/3300/7432 4603/4301/7432 
f 3544/3301/7433 3500/3260/7433 4601/4299/7433 4604/4302/7433 
f 3544/3301/7434 4604/4302/7434 4605/4303/7434 3546/3303/7434 
f 4220/3918/7435 4415/4113/7435 4416/4114/7435 4221/3919/7435 
f 4413/4111/7436 4412/4110/7436 4219/3917/7436 4218/3916/7436 
f 4223/3921/7437 4417/4115/7437 4415/4113/7437 4220/3918/7437 
f 4412/4110/7438 4414/4112/7438 4222/3920/7438 4219/3917/7438 
f 4420/4118/7439 4417/4115/7439 4223/3921/7439 4225/3923/7439 
f 4224/3922/7440 4222/3920/7440 4414/4112/7440 4418/4116/7440 
f 4225/3923/7441 4227/3925/7441 4421/4119/7441 4420/4118/7441 
f 4419/4117/7442 4226/3924/7442 4224/3922/7442 4418/4116/7442 
f 4421/4119/7443 4227/3925/7443 4228/3926/7443 4424/4122/7443 
f 4422/4120/7444 4229/3927/7444 4226/3924/7444 4419/4117/7444 
f 4424/4122/7445 4228/3926/7445 4230/3928/7445 4425/4123/7445 
f 4229/3927/7446 4422/4120/7446 4423/4121/7446 4231/3929/7446 
f 4425/4123/7447 4230/3928/7447 4233/3931/7447 4428/4126/7447 
f 4231/3929/7448 4423/4121/7448 4426/4124/7448 4232/3930/7448 
f 4428/4126/7449 4233/3931/7449 4235/3933/7449 4429/4127/7449 
f 4234/3932/7450 4232/3930/7450 4426/4124/7450 4427/4125/7450 
f 4429/4127/7451 4235/3933/7451 4237/3935/7451 4432/4130/7451 
f 4430/4128/7452 4236/3934/7452 4234/3932/7452 4427/4125/7452 
f 4432/4130/7453 4237/3935/7453 4239/3937/7453 4433/4131/7453 
f 4431/4129/7454 4238/3936/7454 4236/3934/7454 4430/4128/7454 
f 4433/4131/7455 4239/3937/7455 4241/3939/7455 4436/4134/7455 
f 4431/4129/7456 4434/4132/7456 4240/3938/7456 4238/3936/7456 
f 4241/3939/7457 4243/3941/7457 4437/4135/7457 4436/4134/7457 
f 4435/4133/7458 4242/3940/7458 4240/3938/7458 4434/4132/7458 
f 4437/4135/7459 4243/3941/7459 4244/3942/7459 4440/4138/7459 
f 4438/4136/7460 4245/3943/7460 4242/3940/7460 4435/4133/7460 
f 4440/4138/7461 4244/3942/7461 4246/3944/7461 4441/4139/7461 
f 4245/3943/7462 4438/4136/7462 4439/4137/7462 4247/3945/7462 
f 4441/4139/7463 4246/3944/7463 4249/3947/7463 4444/4142/7463 
f 4247/3945/7464 4439/4137/7464 4442/4140/7464 4248/3946/7464 
f 4444/4142/7465 4249/3947/7465 4251/3949/7465 4445/4143/7465 
f 4250/3948/7466 4248/3946/7466 4442/4140/7466 4443/4141/7466 
f 4445/4143/7467 4251/3949/7467 4253/3951/7467 4448/4146/7467 
f 4446/4144/7468 4252/3950/7468 4250/3948/7468 4443/4141/7468 
f 4448/4146/7469 4253/3951/7469 4255/3953/7469 4449/4147/7469 
f 4447/4145/7470 4254/3952/7470 4252/3950/7470 4446/4144/7470 
f 4255/3953/7471 4257/3955/7471 4452/4150/7471 4449/4147/7471 
f 4254/3952/7472 4447/4145/7472 4450/4148/7472 4256/3954/7472 
f 4259/3957/7473 4453/4151/7473 4452/4150/7473 4257/3955/7473 
f 4450/4148/7474 4451/4149/7474 4258/3956/7474 4256/3954/7474 
f 4453/4151/7475 4259/3957/7475 4260/3958/7475 4456/4154/7475 
f 4258/3956/7476 4451/4149/7476 4454/4152/7476 4261/3959/7476 
f 4260/3958/7477 4262/3960/7477 4457/4155/7477 4456/4154/7477 
f 4261/3959/7478 4454/4152/7478 4455/4153/7478 4263/3961/7478 
f 4457/4155/7479 4262/3960/7479 4265/3963/7479 4460/4158/7479 
f 4455/4153/7480 4458/4156/7480 4264/3962/7480 4263/3961/7480 
f 4265/3963/7481 4267/3965/7481 4461/4159/7481 4460/4158/7481 
f 4264/3962/7482 4458/4156/7482 4459/4157/7482 4266/3964/7482 
f 4267/3965/7483 4269/3967/7483 4464/4162/7483 4461/4159/7483 
f 4459/4157/7484 4462/4160/7484 4268/3966/7484 4266/3964/7484 
f 4269/3967/7485 4271/3969/7485 4465/4163/7485 4464/4162/7485 
f 4268/3966/7486 4462/4160/7486 4463/4161/7486 4270/3968/7486 
f 4273/3971/7487 4468/4166/7487 4465/4163/7487 4271/3969/7487 
f 4270/3968/7488 4463/4161/7488 4466/4164/7488 4272/3970/7488 
f 4468/4166/7489 4273/3971/7489 4275/3973/7489 4469/4167/7489 
f 4467/4165/7490 4274/3972/7490 4272/3970/7490 4466/4164/7490 
f 4275/3973/7491 4276/3974/7491 4472/4170/7491 4469/4167/7491 
f 4470/4168/7492 4277/3975/7492 4274/3972/7492 4467/4165/7492 
f 4276/3974/7493 4278/3976/7493 4473/4171/7493 4472/4170/7493 
f 4277/3975/7494 4470/4168/7494 4471/4169/7494 4279/3977/7494 
f 4281/3979/7495 4476/4174/7495 4473/4171/7495 4278/3976/7495 
f 4471/4169/7496 4474/4172/7496 4280/3978/7496 4279/3977/7496 
f 4476/4174/7497 4281/3979/7497 4283/3981/7497 4477/4175/7497 
f 4474/4172/7498 4475/4173/7498 4282/3980/7498 4280/3978/7498 
f 4283/3981/7499 4285/3983/7499 4480/4178/7499 4477/4175/7499 
f 4282/3980/7500 4475/4173/7500 4478/4176/7500 4284/3982/7500 
f 4480/4178/7501 4285/3983/7501 4287/3985/7501 4481/4179/7501 
f 4478/4176/7502 4479/4177/7502 4286/3984/7502 4284/3982/7502 
f 4484/4182/7503 4481/4179/7503 4287/3985/7503 4289/3987/7503 
f 4288/3986/7504 4286/3984/7504 4479/4177/7504 4482/4180/7504 
f 4485/4183/7505 4484/4182/7505 4289/3987/7505 4291/3989/7505 
f 4483/4181/7506 4290/3988/7506 4288/3986/7506 4482/4180/7506 
f 4292/3990/7507 4488/4186/7507 4485/4183/7507 4291/3989/7507 
f 4293/3991/7508 4290/3988/7508 4483/4181/7508 4486/4184/7508 
f 4488/4186/7509 4292/3990/7509 4294/3992/7509 4489/4187/7509 
f 4486/4184/7510 4487/4185/7510 4295/3993/7510 4293/3991/7510 
f 4492/4190/7511 4489/4187/7511 4294/3992/7511 4297/3995/7511 
f 4295/3993/7512 4487/4185/7512 4490/4188/7512 4296/3994/7512 
f 4492/4190/7513 4297/3995/7513 4299/3997/7513 4493/4191/7513 
f 4490/4188/7514 4491/4189/7514 4298/3996/7514 4296/3994/7514 
f 4299/3997/7515 4301/3999/7515 4496/4194/7515 4493/4191/7515 
f 4494/4192/7516 4300/3998/7516 4298/3996/7516 4491/4189/7516 
f 4496/4194/7517 4301/3999/7517 4303/4001/7517 4497/4195/7517 
f 4300/3998/7518 4494/4192/7518 4495/4193/7518 4302/4000/7518 
f 4303/4001/7519 4305/4003/7519 4500/4198/7519 4497/4195/7519 
f 4304/4002/7520 4302/4000/7520 4495/4193/7520 4498/4196/7520 
f 4305/4003/7521 4307/4005/7521 4501/4199/7521 4500/4198/7521 
f 4304/4002/7522 4498/4196/7522 4499/4197/7522 4306/4004/7522 
f 4501/4199/7523 4307/4005/7523 4309/4007/7523 4504/4202/7523 
f 4502/4200/7524 4308/4006/7524 4306/4004/7524 4499/4197/7524 
f 4504/4202/7525 4309/4007/7525 4311/4009/7525 4505/4203/7525 
f 4502/4200/7526 4503/4201/7526 4310/4008/7526 4308/4006/7526 
f 4505/4203/7527 4311/4009/7527 4313/4011/7527 4508/4206/7527 
f 4503/4201/7528 4506/4204/7528 4312/4010/7528 4310/4008/7528 
f 4508/4206/7529 4313/4011/7529 4315/4013/7529 4509/4207/7529 
f 4506/4204/7530 4507/4205/7530 4314/4012/7530 4312/4010/7530 
f 4509/4207/7531 4315/4013/7531 4316/4014/7531 4512/4210/7531 
f 4510/4208/7532 4317/4015/7532 4314/4012/7532 4507/4205/7532 
f 4316/4014/7533 4319/4017/7533 4513/4211/7533 4512/4210/7533 
f 4317/4015/7534 4510/4208/7534 4511/4209/7534 4318/4016/7534 
f 4513/4211/7535 4319/4017/7535 4321/4019/7535 4516/4214/7535 
f 4514/4212/7536 4320/4018/7536 4318/4016/7536 4511/4209/7536 
f 4517/4215/7537 4516/4214/7537 4321/4019/7537 4322/4020/7537 
f 4514/4212/7538 4515/4213/7538 4323/4021/7538 4320/4018/7538 
f 4325/4023/7539 4520/4218/7539 4517/4215/7539 4322/4020/7539 
f 4515/4213/7540 4518/4216/7540 4324/4022/7540 4323/4021/7540 
f 4520/4218/7541 4325/4023/7541 4326/4024/7541 4521/4219/7541 
f 4324/4022/7542 4518/4216/7542 4519/4217/7542 4327/4025/7542 
f 4521/4219/7543 4326/4024/7543 4329/4027/7543 4524/4222/7543 
f 4327/4025/7544 4519/4217/7544 4522/4220/7544 4328/4026/7544 
f 4329/4027/7545 4330/4028/7545 4525/4223/7545 4524/4222/7545 
f 4328/4026/7546 4522/4220/7546 4523/4221/7546 4331/4029/7546 
f 4525/4223/7547 4330/4028/7547 4333/4031/7547 4528/4226/7547 
f 4332/4030/7548 4331/4029/7548 4523/4221/7548 4526/4224/7548 
f 4528/4226/7549 4333/4031/7549 4334/4032/7549 4529/4227/7549 
f 4527/4225/7550 4335/4033/7550 4332/4030/7550 4526/4224/7550 
f 4336/4034/7551 4532/4230/7551 4529/4227/7551 4334/4032/7551 
f 4530/4228/7552 4337/4035/7552 4335/4033/7552 4527/4225/7552 
f 4339/4037/7553 4533/4231/7553 4532/4230/7553 4336/4034/7553 
f 4531/4229/7554 4338/4036/7554 4337/4035/7554 4530/4228/7554 
f 4339/4037/7555 4341/4039/7555 4536/4234/7555 4533/4231/7555 
f 4531/4229/7556 4534/4232/7556 4340/4038/7556 4338/4036/7556 
f 4536/4234/7557 4341/4039/7557 4343/4041/7557 4537/4235/7557 
f 4340/4038/7558 4534/4232/7558 4535/4233/7558 4342/4040/7558 
f 4540/4238/7559 4537/4235/7559 4343/4041/7559 4345/4043/7559 
f 4342/4040/7560 4535/4233/7560 4538/4236/7560 4344/4042/7560 
f 4345/4043/7561 4347/4045/7561 4541/4239/7561 4540/4238/7561 
f 4344/4042/7562 4538/4236/7562 4539/4237/7562 4346/4044/7562 
f 4349/4047/7563 4544/4242/7563 4541/4239/7563 4347/4045/7563 
f 4539/4237/7564 4542/4240/7564 4348/4046/7564 4346/4044/7564 
f 4544/4242/7565 4349/4047/7565 4351/4049/7565 4545/4243/7565 
f 4542/4240/7566 4543/4241/7566 4350/4048/7566 4348/4046/7566 
f 4545/4243/7567 4351/4049/7567 4353/4051/7567 4548/4246/7567 
f 4350/4048/7568 4543/4241/7568 4546/4244/7568 4352/4050/7568 
f 4548/4246/7569 4353/4051/7569 4355/4053/7569 4549/4247/7569 
f 4546/4244/7570 4547/4245/7570 4354/4052/7570 4352/4050/7570 
f 4549/4247/7571 4355/4053/7571 4357/4055/7571 4552/4250/7571 
f 4354/4052/7572 4547/4245/7572 4550/4248/7572 4356/4054/7572 
f 4357/4055/7573 4358/4056/7573 4553/4251/7573 4552/4250/7573 
f 4551/4249/7574 4359/4057/7574 4356/4054/7574 4550/4248/7574 
f 4553/4251/7575 4358/4056/7575 4361/4059/7575 4556/4254/7575 
f 4554/4252/7576 4360/4058/7576 4359/4057/7576 4551/4249/7576 
f 4361/4059/7577 4363/4061/7577 4557/4255/7577 4556/4254/7577 
f 4360/4058/7578 4554/4252/7578 4555/4253/7578 4362/4060/7578 
f 4557/4255/7579 4363/4061/7579 4365/4063/7579 4560/4258/7579 
f 4555/4253/7580 4558/4256/7580 4364/4062/7580 4362/4060/7580 
f 4365/4063/7581 4366/4064/7581 4561/4259/7581 4560/4258/7581 
f 4364/4062/7582 4558/4256/7582 4559/4257/7582 4367/4065/7582 
f 4368/4066/7583 4564/4262/7583 4561/4259/7583 4366/4064/7583 
f 4559/4257/7584 4562/4260/7584 4369/4067/7584 4367/4065/7584 
f 4368/4066/7585 4371/4069/7585 4565/4263/7585 4564/4262/7585 
f 4562/4260/7586 4563/4261/7586 4370/4068/7586 4369/4067/7586 
f 4371/4069/7587 4372/4070/7587 4568/4266/7587 4565/4263/7587 
f 4373/4071/7588 4370/4068/7588 4563/4261/7588 4566/4264/7588 
f 4568/4266/7589 4372/4070/7589 4375/4073/7589 4569/4267/7589 
f 4567/4265/7590 4374/4072/7590 4373/4071/7590 4566/4264/7590 
f 4377/4075/7591 4572/4270/7591 4569/4267/7591 4375/4073/7591 
f 4374/4072/7592 4567/4265/7592 4570/4268/7592 4376/4074/7592 
f 4378/4076/7593 4573/4271/7593 4572/4270/7593 4377/4075/7593 
f 4570/4268/7594 4571/4269/7594 4379/4077/7594 4376/4074/7594 
f 4378/4076/7595 4381/4079/7595 4576/4274/7595 4573/4271/7595 
f 4379/4077/7596 4571/4269/7596 4574/4272/7596 4380/4078/7596 
f 4576/4274/7597 4381/4079/7597 4383/4081/7597 4577/4275/7597 
f 4380/4078/7598 4574/4272/7598 4575/4273/7598 4382/4080/7598 
f 4383/4081/7599 4385/4083/7599 4580/4278/7599 4577/4275/7599 
f 4384/4082/7600 4382/4080/7600 4575/4273/7600 4578/4276/7600 
f 4580/4278/7601 4385/4083/7601 4387/4085/7601 4581/4279/7601 
f 4384/4082/7602 4578/4276/7602 4579/4277/7602 4386/4084/7602 
f 4584/4282/7603 4581/4279/7603 4387/4085/7603 4389/4087/7603 
f 4579/4277/7604 4582/4280/7604 4388/4086/7604 4386/4084/7604 
f 4584/4282/7605 4389/4087/7605 4391/4089/7605 4585/4283/7605 
f 4388/4086/7606 4582/4280/7606 4583/4281/7606 4390/4088/7606 
f 4585/4283/7607 4391/4089/7607 4393/4091/7607 4588/4286/7607 
f 4392/4090/7608 4390/4088/7608 4583/4281/7608 4586/4284/7608 
f 4393/4091/7609 4395/4093/7609 4589/4287/7609 4588/4286/7609 
f 4392/4090/7610 4586/4284/7610 4587/4285/7610 4394/4092/7610 
f 4589/4287/7611 4395/4093/7611 4397/4095/7611 4592/4290/7611 
f 4587/4285/7612 4590/4288/7612 4396/4094/7612 4394/4092/7612 
f 4397/4095/7613 4398/4096/7613 4593/4291/7613 4592/4290/7613 
f 4396/4094/7614 4590/4288/7614 4591/4289/7614 4399/4097/7614 
f 4593/4291/7615 4398/4096/7615 4401/4099/7615 4596/4294/7615 
f 4591/4289/7616 4594/4292/7616 4400/4098/7616 4399/4097/7616 
f 4596/4294/7617 4401/4099/7617 4403/4101/7617 4597/4295/7617 
f 4402/4100/7618 4400/4098/7618 4594/4292/7618 4595/4293/7618 
f 4403/4101/7619 4405/4103/7619 4600/4298/7619 4597/4295/7619 
f 4402/4100/7620 4595/4293/7620 4598/4296/7620 4404/4102/7620 
f 4600/4298/7621 4405/4103/7621 4407/4105/7621 4601/4299/7621 
f 4404/4102/7622 4598/4296/7622 4599/4297/7622 4406/4104/7622 
f 4601/4299/7623 4407/4105/7623 4409/4107/7623 4604/4302/7623 
f 4406/4104/7624 4599/4297/7624 4602/4300/7624 4408/4106/7624 
f 4604/4302/7625 4409/4107/7625 4411/4109/7625 4605/4303/7625 
f 4602/4300/7626 4603/4301/7626 4410/4108/7626 4408/4106/7626 
# 4416 polygons

#
# object llanta_frontal_i
#

v  1.5847 2.0000 4.8740
v  1.2634 1.4427 4.8831
v  1.3539 1.1539 4.8916
v  1.6216 1.2350 4.8936
v  2.8128 0.6765 4.9250
v  2.8523 1.1918 4.9128
v  1.5044 2.6368 4.8571
v  1.3813 1.0663 4.8942
v  1.4549 0.8313 4.9011
v  1.6229 0.6199 4.9089
v  1.6386 1.1469 4.8960
v  1.3955 1.0209 4.8955
v  0.9234 2.5276 4.8511
v  1.2763 2.5854 4.8549
v  1.4341 2.7955 4.8520
v  0.8644 2.7159 4.8456
v  2.0049 2.6782 4.8634
v  2.2979 2.2816 4.8776
v  2.5060 2.3554 4.8788
v  2.6922 1.7920 4.8955
v  2.8671 1.8828 4.8959
v  3.0452 1.3154 4.9126
v  3.0155 0.7293 4.9267
v  2.7870 0.1870 4.9367
v  2.5198 0.1583 4.9335
v  2.2480 -0.1023 4.9360
v  2.3902 -0.2372 4.9414
v  1.8142 -0.3154 4.9349
v  1.8732 -0.5037 4.9404
v  1.2453 1.5004 4.8814
v  1.0878 1.0677 4.8898
v  0.6815 1.7169 4.8678
v  0.4283 -0.0711 4.9084
v  0.3841 2.2856 4.8492
v  0.1336 0.2412 4.8963
v  1.4376 0.5618 4.9075
v  1.1241 0.9856 4.8924
v  0.6007 2.3736 4.8503
v  0.3512 2.4560 4.8445
v  -0.0504 2.0338 4.8490
v  -0.2778 1.4826 4.8594
v  -0.0648 1.5408 4.8611
v  -0.3046 0.8884 4.8737
v  -0.1090 0.9137 4.8760
v  -0.1270 0.3208 4.8905
v  0.2317 -0.1436 4.9073
v  0.7288 -0.4583 4.9224
v  0.9646 -0.3293 4.9227
v  1.2967 -0.5800 4.9338
v  1.3365 -0.3881 4.9297
v  1.6455 1.2159 4.7411
v  1.6106 1.9400 4.7226
v  1.6089 1.9429 4.8408
v  1.6438 1.2189 4.8593
v  1.2552 2.5598 4.8203
v  1.2569 2.5568 4.7021
v  1.2284 1.5578 4.7265
v  1.2266 1.5607 4.8447
v  2.7893 0.6696 4.7715
v  2.7875 0.6726 4.8898
v  1.5876 2.5739 4.7065
v  1.5859 2.5768 4.8247
v  2.8100 1.2703 4.8752
v  2.8118 1.2674 4.7570
v  1.6475 1.1671 4.7423
v  1.6457 1.1700 4.8605
v  2.5165 0.1933 4.8977
v  2.5182 0.1903 4.7795
v  1.6090 0.6027 4.7558
v  2.2168 -0.0994 4.7822
v  2.2150 -0.0964 4.9004
v  1.6073 0.6057 4.8740
v  1.3756 1.0853 4.8587
v  1.3773 1.0824 4.7405
v  0.9320 2.5036 4.6986
v  0.9303 2.5065 4.8168
v  1.4484 2.8334 4.7942
v  1.4499 2.8310 4.6981
v  0.8537 2.7535 4.6912
v  0.8523 2.7559 4.7873
v  2.0365 2.7001 4.7100
v  2.0351 2.7024 4.8061
v  2.2853 2.2636 4.8428
v  2.2871 2.2607 4.7246
v  2.5428 2.3764 4.7255
v  2.5414 2.3788 4.8216
v  2.6736 1.7814 4.8606
v  2.6753 1.7785 4.7423
v  2.9065 1.9014 4.8388
v  2.9079 1.8991 4.7427
v  3.0861 1.3280 4.8557
v  3.0876 1.3256 4.7596
v  3.0602 0.7251 4.7741
v  3.0588 0.7275 4.8702
v  2.8278 0.1727 4.8806
v  2.8292 0.1703 4.7845
v  2.4208 -0.2698 4.8856
v  2.4222 -0.2722 4.7896
v  1.8084 -0.2961 4.8994
v  1.8102 -0.2990 4.7812
v  1.8885 -0.5489 4.7885
v  1.8870 -0.5466 4.8846
v  1.3606 1.1331 4.8573
v  1.3623 1.1302 4.7390
v  1.4728 0.7749 4.8678
v  1.4746 0.7720 4.7496
v  1.0793 1.0419 4.8554
v  0.6947 1.6563 4.8344
v  0.6964 1.6533 4.7162
v  1.0810 1.0389 4.7372
v  0.4535 -0.0627 4.7553
v  0.4518 -0.0598 4.8734
v  0.3520 2.1899 4.8162
v  0.3536 2.1870 4.6979
v  0.1258 0.3271 4.7407
v  0.1241 0.3300 4.8590
v  0.9479 -0.2985 4.8868
v  1.1055 1.0006 4.8568
v  1.1073 0.9977 4.7385
v  0.9497 -0.3015 4.7685
v  1.3607 -0.3643 4.8945
v  1.3625 -0.3672 4.7762
v  1.4608 0.5563 4.7548
v  1.4590 0.5592 4.8729
v  0.6332 2.3647 4.8160
v  0.6349 2.3618 4.6978
v  0.3186 2.4792 4.7863
v  0.3200 2.4768 4.6902
v  -0.0869 2.0343 4.6952
v  -0.0884 2.0367 4.7913
v  -0.0437 1.5334 4.8266
v  -0.0420 1.5304 4.7083
v  -0.3181 1.4794 4.7056
v  -0.3195 1.4818 4.8017
v  -0.0856 0.9128 4.7231
v  -0.0873 0.9158 4.8413
v  -0.3468 0.8814 4.8162
v  -0.3454 0.8790 4.7201
v  -0.1657 0.3056 4.7370
v  -0.1672 0.3079 4.8330
v  0.1993 -0.1719 4.7542
v  0.1979 -0.1695 4.8503
v  0.7043 -0.4931 4.8658
v  0.7058 -0.4955 4.7697
v  1.2910 -0.6241 4.8777
v  1.2924 -0.6265 4.7817
v  1.4354 2.8158 4.8166
v  0.8586 2.7353 4.8101
v  2.0134 2.6970 4.8281
v  2.5209 2.3702 4.8437
v  2.8865 1.8917 4.8610
v  3.0668 1.3172 4.8778
v  3.0368 0.7237 4.8922
v  2.8053 0.1747 4.9023
v  2.4035 -0.2550 4.9072
v  1.8801 -0.5249 4.9061
v  0.3391 2.4721 4.8089
v  -0.0678 2.0445 4.8136
v  -0.2980 1.4863 4.8240
v  -0.3252 0.8848 4.8386
v  -0.1453 0.3101 4.8555
v  0.2180 -0.1601 4.8725
v  0.7213 -0.4788 4.8879
v  1.2963 -0.6022 4.8994
# 164 vertices

vn 0.8199 0.0000 0.5724
vn 0.8199 -0.0000 0.5724
vn 0.8199 0.0000 0.5725
vn 0.8199 -0.0000 0.5725
vn 0.5724 -0.0000 -0.8199
vn -0.5539 0.2527 0.7933
vn 0.5412 -0.3260 -0.7751
vn 0.5169 0.4297 -0.7404
vn -0.5157 -0.4341 0.7386
vn -0.5217 -0.4116 0.7472
vn 0.5298 0.3789 -0.7588
vn 0.5251 0.3983 -0.7521
vn -0.0000 -1.0000 -0.0000
vn 0.0000 1.0000 0.0000
vn 0.0806 0.9900 -0.1155
vn -0.1958 -0.9397 0.2804
vn -0.3680 -0.7660 0.5270
vn 0.4692 0.5728 -0.6721
vn 0.3796 0.7486 -0.5436
vn -0.4958 -0.5000 0.7101
vn 0.5646 0.1649 -0.8087
vn -0.5638 -0.1736 0.8075
vn 0.5719 -0.0427 -0.8192
vn -0.5638 0.1736 0.8075
vn -0.4958 0.5000 0.7101
vn 0.3913 -0.7300 -0.5604
vn -0.3680 0.7660 0.5270
vn -0.1958 0.9397 0.2804
vn 0.0871 -0.9884 -0.1248
vn 0.0055 1.0000 -0.0079
vn 0.5342 0.3593 -0.7652
vn 0.5539 0.2527 -0.7933
vn -0.0055 1.0000 0.0079
vn -0.5169 0.4297 0.7404
vn 0.5214 -0.4127 -0.7469
vn 0.5217 -0.4116 -0.7472
vn -0.5251 0.3983 0.7521
vn -0.5298 0.3789 0.7588
vn -0.5342 0.3593 0.7652
vn -0.0806 0.9900 0.1155
vn 0.1958 -0.9397 -0.2804
vn 0.3680 -0.7660 -0.5270
vn -0.4692 0.5728 0.6721
vn -0.3796 0.7486 0.5436
vn 0.4958 -0.5000 -0.7101
vn -0.5646 0.1649 0.8087
vn 0.5638 -0.1736 -0.8075
vn -0.5719 -0.0427 0.8192
vn 0.5638 0.1736 -0.8075
vn 0.4958 0.5000 -0.7101
vn -0.3913 -0.7300 0.5604
vn 0.3680 0.7660 -0.5270
vn 0.1958 0.9397 -0.2804
vn -0.0871 -0.9884 0.1248
vn -0.5412 -0.3260 0.7751
vn 0.3320 -0.7739 0.5392
vn 0.3701 -0.7076 0.6019
vn 0.5802 -0.7087 0.4014
vn 0.5118 -0.7824 0.3550
vn 0.1278 -0.6025 0.7878
vn 0.1142 -0.6821 0.7223
vn 0.1026 -0.4101 0.9063
vn 0.1900 -0.3480 0.9180
vn 0.0714 -0.1357 0.9882
vn 0.1811 -0.1229 0.9758
vn 0.1446 0.1081 0.9836
vn 0.0464 0.1544 0.9869
vn 0.1010 0.4150 0.9042
vn 0.1874 0.3493 0.9181
vn 0.1963 0.6329 0.7490
vn 0.2620 0.5555 0.7892
vn 0.3575 0.7427 0.5662
vn 0.4287 0.6675 0.6089
vn 0.5790 0.7075 0.4051
vn 0.5113 0.7815 0.3575
vn 0.6992 -0.7006 0.1421
vn 0.6187 -0.7758 0.1239
vn 0.7812 -0.6065 -0.1480
vn 0.7112 -0.6885 -0.1424
vn 0.9273 -0.3475 -0.1389
vn 0.8866 -0.4092 -0.2157
vn 0.9784 -0.1227 -0.1663
vn 0.9523 -0.1356 -0.2735
vn 0.9731 0.1067 -0.2041
vn 0.9429 0.1529 -0.2959
vn 0.9256 0.3507 -0.1426
vn 0.8842 0.4143 -0.2159
vn 0.8302 0.5567 -0.0288
vn 0.7724 0.6309 -0.0732
vn 0.7168 0.6702 0.1925
vn 0.6547 0.7424 0.1419
vn -0.0538 0.2168 0.9747
vn 0.8648 0.3686 -0.3410
vn 0.7570 -0.6262 -0.1866
vn -0.0262 -0.3531 0.9352
vn 0.4214 -0.8579 0.2942
vn 0.8689 -0.3531 -0.3469
vn 0.0857 -0.6262 0.7749
vn -0.0221 0.3686 0.9293
vn 0.8965 0.2168 -0.3864
vn 0.4166 0.8578 0.3010
vn 0.4214 0.8578 0.2942
vn 0.4261 0.8578 0.2874
vn 0.8856 -0.2797 -0.3708
vn -0.0429 -0.2797 0.9591
vn 0.4245 0.8556 0.2963
vn 0.3522 0.8493 0.3932
vn 0.4905 0.8493 0.1951
vn 0.0158 -0.3619 0.9321
vn 0.0152 -0.3620 0.9320
vn -0.0698 -0.3832 0.9210
vn -0.0649 -0.3820 0.9219
vn 0.7470 0.6422 -0.1722
vn 0.8296 0.4877 -0.2719
vn 0.9097 0.1406 -0.3908
vn 0.9120 -0.0367 -0.4086
vn 0.8718 0.3417 -0.3510
vn 0.8759 0.3250 -0.3567
vn 0.4961 -0.8479 0.1871
vn 0.4250 -0.8552 0.2967
vn 0.3466 -0.8479 0.4012
vn -0.0291 0.3417 0.9394
vn -0.0330 0.3250 0.9451
vn -0.0369 0.3082 0.9506
vn 0.8796 0.3082 -0.3623
vn 0.4256 -0.8547 0.2971
vn 0.2647 -0.8068 0.5283
vn 0.5871 -0.8068 0.0664
vn 0.7384 -0.6579 -0.1485
vn 0.8501 -0.4258 -0.3099
vn 0.9077 -0.1484 -0.3924
vn 0.9076 0.1502 -0.3919
vn 0.8485 0.4306 -0.3076
vn 0.7382 0.6579 -0.1493
vn 0.5908 0.8045 0.0612
vn 0.4260 0.8545 0.2974
vn 0.2611 0.8045 0.5335
vn 0.1143 0.6579 0.7444
vn 0.0037 0.4306 0.9025
vn -0.0551 0.1502 0.9871
vn -0.0556 -0.1484 0.9874
vn 0.0020 -0.4258 0.9048
vn 0.1150 -0.6579 0.7443
vn 0.8687 -0.3540 -0.3465
vn -0.0693 -0.0367 0.9969
vn -0.0534 0.1406 0.9886
vn 0.0306 0.4877 0.8725
vn 0.0958 0.6422 0.7605
# 148 vertex normals

vt 0.0000 0.0000 0.0000
vt 0.9662 0.0000 0.0000
vt 0.9464 1.0000 0.0000
vt 0.0000 1.0000 0.0000
vt 1.0000 0.5000 0.0000
vt 1.0000 0.5556 0.0000
vt 0.7665 0.5556 0.0000
vt 0.7711 0.5000 0.0000
vt 1.0000 0.6111 0.0000
vt 0.7619 0.6111 0.0000
vt 1.0000 0.6667 0.0000
vt 0.7697 0.6667 0.0000
vt 1.0000 0.7222 0.0000
vt 0.7711 0.7222 0.0000
vt 1.0000 0.7899 0.0000
vt 0.7689 0.7778 0.0000
vt 1.0000 0.8333 0.0000
vt 0.7700 0.8333 0.0000
vt 0.7678 0.8889 0.0000
vt 1.0000 0.8889 0.0000
vt 1.0000 0.9444 0.0000
vt 0.7706 0.9444 0.0000
vt 1.0000 1.0000 0.0000
vt 0.7711 1.0000 0.0000
vt 1.0000 0.0000 0.0000
vt 1.0000 0.7778 0.0000
vt 0.7500 0.5556 0.0000
vt 0.7500 0.5000 0.0000
vt 0.7500 0.6111 0.0000
vt 0.7500 0.6667 0.0000
vt 0.7500 0.7222 0.0000
vt 1.0000 0.7694 0.0000
vt 0.7500 0.7778 0.0000
vt 0.7500 0.8333 0.0000
vt 0.7500 0.8889 0.0000
vt 0.7500 0.9444 0.0000
vt 0.7500 1.0000 0.0000
# 37 texture coords

o llanta_frontal_i
g llanta_frontal_i
usemtl uploads_files_1862674_Beetle___OBJ_wire_000000000
s 1
f 4606/4304/7627 4607/4305/7628 4608/4306/7628 4609/4307/7628 
f 4610/4304/7629 4611/4304/7630 4612/4304/7628 4606/4304/7627 
f 4613/4304/7627 4614/4304/7627 4615/4304/7627 4616/4304/7627 
f 4613/4304/7627 4617/4304/7631 4614/4304/7627 
f 4618/4308/7627 4619/4309/7628 4620/4310/7630 4621/4311/7628 
f 4612/4312/7628 4622/4313/7630 4620/4310/7630 4619/4309/7628 
f 4623/4314/7627 4624/4315/7627 4622/4313/7630 4612/4312/7628 
f 4625/4316/7628 4626/4317/7628 4624/4315/7627 4623/4314/7627 
f 4625/4316/7628 4611/4318/7630 4627/4319/7630 4626/4317/7628 
f 4627/4319/7630 4611/4318/7630 4610/4320/7629 4628/4321/7629 
f 4629/4322/7628 4628/4321/7629 4610/4320/7629 4630/4323/7628 
f 4630/4323/7628 4631/4324/7627 4632/4325/7627 4629/4322/7628 
f 4631/4324/7627 4633/4326/7627 4634/4327/7628 4632/4325/7627 
f 4606/4304/7627 4612/4304/7628 4619/4328/7628 4635/4328/7628 
f 4607/4305/7628 4606/4304/7627 4635/4328/7628 
f 4636/4307/7628 4608/4306/7628 4607/4305/7628 4637/4304/7627 
f 4638/4304/7627 4637/4304/7627 4639/4304/7628 4640/4304/7628 
f 4614/4304/7631 4617/4304/7631 4613/4304/7631 
f 4641/4304/7627 4614/4304/7627 4613/4304/7627 
f 4641/4304/7627 4613/4304/7627 4642/4304/7627 
f 4643/4309/7628 4618/4308/7627 4621/4311/7628 4644/4310/7628 
f 4643/4309/7628 4644/4310/7628 4645/4313/7628 4639/4312/7628 
f 4639/4312/7628 4645/4313/7628 4646/4315/7627 4647/4314/7627 
f 4647/4314/7627 4646/4315/7627 4648/4317/7628 4649/4316/7628 
f 4648/4317/7628 4650/4319/7628 4640/4329/7628 4649/4316/7628 
f 4650/4319/7628 4651/4321/7627 4638/4320/7627 4640/4329/7628 
f 4638/4320/7627 4651/4321/7627 4652/4322/7628 4653/4323/7628 
f 4653/4323/7628 4652/4322/7628 4654/4325/7627 4655/4324/7627 
f 4634/4327/7628 4633/4326/7627 4655/4324/7627 4654/4325/7627 
f 4635/4328/7628 4643/4328/7628 4639/4304/7628 4637/4304/7627 
f 4607/4305/7628 4635/4328/7628 4637/4304/7627 
f 4656/4307/7632 4657/4304/7632 4658/4304/7632 4659/4307/7632 
f 4660/4328/7633 4661/4328/7633 4662/4328/7633 4663/4328/7633 
s 2
f 4657/4304/7634 4664/4304/7634 4665/4304/7634 4658/4304/7634 
f 4666/4304/7635 4667/4304/7635 4668/4304/7635 4669/4304/7635 
s 1
f 4670/4304/7636 4671/4304/7636 4672/4304/7636 4673/4304/7636 
f 4674/4304/7637 4675/4304/7638 4676/4304/7638 4677/4304/7637 
s 2
f 4678/4304/7639 4671/4304/7639 4670/4304/7639 4679/4304/7639 
f 4680/4308/7640 4661/4309/7641 4660/4309/7641 4681/4308/7640 
s 1
f 4682/4330/7642 4683/4330/7642 4684/4331/7639 4685/4331/7639 
f 4686/4332/7643 4683/4330/7642 4682/4330/7642 4687/4332/7643 
s 4
f 4688/4314/7644 4667/4312/7645 4666/4312/7645 4689/4314/7644 
s 1
f 4690/4333/7646 4686/4332/7643 4687/4332/7643 4691/4333/7646 
s 4
f 4692/4316/7647 4688/4314/7644 4689/4314/7644 4693/4316/7647 
s 1
f 4691/4333/7646 4694/4334/7648 4695/4334/7648 4690/4333/7646 
s 4
f 4669/4335/7649 4668/4335/7649 4692/4316/7647 4693/4316/7647 
s 1
f 4696/4336/7650 4697/4336/7650 4695/4334/7648 4694/4334/7648 
f 4698/4337/7651 4697/4336/7650 4696/4336/7650 4699/4337/7651 
s 4
f 4672/4323/7652 4665/4320/7652 4664/4320/7652 4673/4323/7652 
s 1
f 4700/4338/7653 4701/4338/7653 4698/4337/7651 4699/4337/7651 
f 4700/4338/7653 4702/4339/7654 4703/4339/7654 4701/4338/7653 
s 2
f 4704/4326/7639 4676/4324/7655 4675/4324/7655 4705/4326/7639 
s 1
f 4706/4340/7640 4703/4339/7654 4702/4339/7654 4707/4340/7640 
s 2
f 4708/4306/7640 4709/4306/7640 4656/4307/7656 4659/4307/7656 
s 1
f 4674/4304/7637 4677/4304/7637 4710/4304/7657 4711/4304/7657 
f 4712/4307/7658 4713/4304/7658 4714/4304/7658 4715/4307/7658 
s 2
f 4708/4306/7640 4712/4307/7659 4715/4307/7659 4709/4306/7640 
f 4716/4304/7660 4714/4304/7660 4713/4304/7660 4717/4304/7660 
s 1
f 4718/4304/7661 4719/4304/7661 4720/4304/7661 4721/4304/7661 
f 4722/4304/7662 4723/4304/7662 4724/4304/7662 4725/4304/7662 
s 4
f 4726/4304/7663 4727/4304/7663 4728/4304/7664 4729/4304/7664 
s 2
f 4678/4304/7639 4679/4304/7639 4724/4304/7639 4723/4304/7639 
s 4
f 4710/4304/7665 4729/4304/7664 4728/4304/7664 4711/4304/7665 
s 2
f 4730/4309/7666 4731/4309/7666 4680/4308/7640 4681/4308/7640 
s 1
f 4732/4330/7667 4685/4331/7639 4684/4331/7639 4733/4330/7667 
f 4733/4330/7667 4734/4332/7668 4735/4332/7668 4732/4330/7667 
s 2
f 4736/4314/7669 4737/4314/7669 4719/4312/7670 4718/4312/7670 
s 1
f 4738/4333/7671 4739/4333/7671 4735/4332/7668 4734/4332/7668 
s 2
f 4740/4316/7672 4737/4314/7669 4736/4314/7669 4741/4316/7672 
s 1
f 4742/4334/7673 4739/4333/7671 4738/4333/7671 4743/4334/7673 
s 2
f 4741/4316/7672 4721/4329/7674 4720/4329/7674 4740/4316/7672 
s 1
f 4742/4334/7673 4743/4334/7673 4744/4336/7675 4745/4336/7675 
f 4745/4336/7675 4744/4336/7675 4746/4337/7676 4747/4337/7676 
s 4
f 4717/4320/7677 4722/4323/7677 4725/4323/7677 4716/4320/7677 
s 1
f 4748/4338/7678 4747/4337/7676 4746/4337/7676 4749/4338/7678 
f 4750/4339/7679 4748/4338/7678 4749/4338/7678 4751/4339/7679 
s 2
f 4705/4326/7639 4727/4324/7680 4726/4324/7680 4704/4326/7639 
s 1
f 4751/4339/7679 4706/4340/7640 4707/4340/7640 4750/4339/7679 
s 4
f 4730/4328/7681 4663/4328/7681 4662/4328/7681 4731/4328/7681 
s 2
f 4752/4310/7682 4682/4330/7683 4685/4331/7684 4753/4311/7685 
f 4687/4332/7686 4682/4330/7683 4752/4310/7682 4754/4313/7687 
f 4755/4315/7688 4691/4333/7689 4687/4332/7686 4754/4313/7687 
f 4756/4317/7690 4694/4334/7691 4691/4333/7689 4755/4315/7688 
f 4696/4336/7692 4694/4334/7691 4756/4317/7690 4757/4319/7693 
f 4758/4321/7694 4699/4337/7695 4696/4336/7692 4757/4319/7693 
f 4699/4337/7695 4758/4321/7694 4759/4322/7696 4700/4338/7697 
f 4760/4325/7698 4702/4339/7699 4700/4338/7697 4759/4322/7696 
f 4707/4340/7700 4702/4339/7699 4760/4325/7698 4761/4327/7701 
f 4753/4311/7685 4685/4331/7684 4732/4330/7702 4762/4310/7703 
f 4762/4310/7703 4732/4330/7702 4735/4332/7704 4763/4313/7705 
f 4763/4313/7705 4735/4332/7704 4739/4333/7706 4764/4315/7707 
f 4742/4334/7708 4765/4317/7709 4764/4315/7707 4739/4333/7706 
f 4742/4334/7708 4745/4336/7710 4766/4319/7711 4765/4317/7709 
f 4766/4319/7711 4745/4336/7710 4747/4337/7712 4767/4321/7713 
f 4747/4337/7712 4748/4338/7714 4768/4322/7715 4767/4321/7713 
f 4750/4339/7716 4769/4325/7717 4768/4322/7715 4748/4338/7714 
f 4761/4327/7701 4769/4325/7717 4750/4339/7716 4707/4340/7700 
s 1
f 4615/4304/7627 4631/4304/7627 4630/4323/7628 4616/4304/7627 
f 4642/4304/7627 4653/4304/7628 4655/4324/7627 4641/4304/7627 
s 4
f 4659/4307/7718 4658/4304/7718 4606/4304/7718 4609/4307/7718 
s 8
f 4610/4304/7719 4606/4304/7719 4658/4304/7719 4665/4304/7719 
s 16
f 4665/4320/7720 4672/4323/7720 4630/4323/7720 4610/4320/7720 
s 8
f 4671/4304/7721 4616/4304/7721 4630/4323/7721 4672/4323/7721 
s 4
f 4616/4304/7722 4671/4304/7722 4678/4304/7722 4613/4304/7722 
f 4678/4304/7722 4723/4304/7722 4642/4304/7722 4613/4304/7722 
s 8
f 4722/4304/7723 4653/4304/7723 4642/4304/7723 4723/4304/7723 
s 16
f 4638/4320/7724 4653/4323/7724 4722/4323/7724 4717/4320/7724 
s 8
f 4638/4304/7725 4717/4304/7725 4713/4304/7725 4637/4304/7725 
s 4
f 4712/4307/7726 4636/4307/7726 4637/4304/7726 4713/4304/7726 
s 8
f 4712/4307/7727 4708/4306/7728 4608/4306/7728 4636/4307/7727 
f 4608/4306/7728 4708/4306/7728 4659/4307/7729 4609/4307/7729 
f 4619/4328/7730 4660/4328/7730 4663/4328/7730 4635/4328/7730 
s 16
f 4663/4328/7731 4730/4328/7731 4643/4328/7731 4635/4328/7731 
s 32
f 4681/4308/7732 4618/4308/7732 4643/4309/7733 4730/4309/7733 
f 4618/4308/7732 4681/4308/7732 4660/4309/7734 4619/4309/7734 
s 8
f 4611/4304/7735 4668/4304/7736 4667/4304/7737 4612/4304/7738 
s 16
f 4667/4312/7739 4688/4314/7740 4623/4314/7740 4612/4312/7739 
f 4625/4316/7741 4623/4314/7740 4688/4314/7740 4692/4316/7741 
f 4668/4335/7742 4611/4318/7742 4625/4316/7741 4692/4316/7741 
s 8
f 4631/4304/7743 4615/4304/7744 4677/4304/7744 4676/4304/7743 
s 16
f 4676/4324/7745 4704/4326/7746 4633/4326/7746 4631/4324/7745 
f 4655/4324/7747 4633/4326/7746 4704/4326/7746 4726/4324/7747 
s 32
f 4726/4324/7748 4729/4304/7749 4641/4304/7749 4655/4324/7748 
f 4729/4304/7749 4710/4304/7750 4614/4304/7750 4641/4304/7749 
s 8
f 4710/4304/7751 4677/4304/7744 4615/4304/7744 4614/4304/7751 
s 2
f 4752/4310/7682 4753/4311/7685 4621/4311/7752 4620/4310/7753 
f 4762/4310/7703 4644/4310/7754 4621/4311/7752 4753/4311/7685 
f 4763/4313/7705 4645/4313/7755 4644/4310/7754 4762/4310/7703 
f 4645/4313/7755 4763/4313/7705 4764/4315/7707 4646/4315/7756 
f 4765/4317/7709 4648/4317/7757 4646/4315/7756 4764/4315/7707 
f 4766/4319/7711 4650/4319/7758 4648/4317/7757 4765/4317/7709 
f 4767/4321/7713 4651/4321/7759 4650/4319/7758 4766/4319/7711 
f 4651/4321/7759 4767/4321/7713 4768/4322/7715 4652/4322/7760 
f 4769/4325/7717 4654/4325/7761 4652/4322/7760 4768/4322/7715 
f 4769/4325/7717 4761/4327/7701 4634/4327/7762 4654/4325/7761 
f 4760/4325/7698 4632/4325/7763 4634/4327/7762 4761/4327/7701 
f 4759/4322/7696 4629/4322/7764 4632/4325/7763 4760/4325/7698 
f 4758/4321/7694 4628/4321/7765 4629/4322/7764 4759/4322/7696 
f 4758/4321/7694 4757/4319/7693 4627/4319/7766 4628/4321/7765 
f 4627/4319/7766 4757/4319/7693 4756/4317/7690 4626/4317/7767 
f 4624/4315/7768 4626/4317/7767 4756/4317/7690 4755/4315/7688 
f 4622/4313/7769 4624/4315/7768 4755/4315/7688 4754/4313/7687 
f 4752/4310/7682 4620/4310/7753 4622/4313/7769 4754/4313/7687 
s 4
f 4718/4304/7770 4721/4304/7770 4640/4304/7770 4639/4304/7770 
s 8
f 4640/4329/7771 4721/4329/7771 4741/4316/7772 4649/4316/7772 
f 4741/4316/7772 4736/4314/7773 4647/4314/7773 4649/4316/7772 
f 4639/4312/7774 4647/4314/7773 4736/4314/7773 4718/4312/7774 
# 141 polygons - 6 triangles

#
# object Cylinder014
#

v  0.6555 0.7664 4.7416
v  0.8013 0.5612 4.7489
v  1.3764 1.1243 4.7434
v  0.7063 0.9142 4.7387
v  0.5829 1.2582 4.7283
v  0.5802 1.0066 4.7345
v  0.8040 0.7175 4.7450
v  0.9576 0.5606 4.7511
v  1.0034 0.4112 4.7556
v  1.2420 0.3310 4.7611
v  1.1522 0.4589 4.7566
v  1.3689 0.4223 4.7606
v  1.4937 0.3284 4.7649
v  1.7341 0.4038 4.7665
v  1.5862 0.4545 4.7631
v  1.7830 0.5522 4.7636
v  1.9392 0.5496 4.7660
v  2.0893 0.7517 4.7631
v  1.9400 0.7059 4.7621
v  2.1724 1.2420 4.7522
v  2.0418 0.9005 4.7588
v  2.1697 0.9903 4.7584
v  2.0785 1.1171 4.7539
v  1.9513 1.6874 4.7378
v  2.0463 1.3344 4.7480
v  2.0971 1.4822 4.7451
v  1.9487 1.5311 4.7417
v  1.5106 1.9175 4.7257
v  1.7950 1.6881 4.7356
v  1.7492 1.8373 4.7312
v  1.6004 1.7897 4.7301
v  1.0186 1.8448 4.7202
v  1.3838 1.8263 4.7261
v  1.2589 1.9201 4.7218
v  1.1665 1.7941 4.7236
v  0.6633 1.4968 4.7236
v  0.9696 1.6965 4.7231
v  0.8134 1.6989 4.7208
v  0.8127 1.5427 4.7247
v  0.7108 1.3481 4.7279
v  0.6743 1.1315 4.7328
v  -4.8162 -1.9784 3.8535
v  -5.5184 -1.0606 3.9089
v  -5.0944 -2.1137 3.9414
v  -4.2585 -2.9112 3.8849
v  -4.5446 -1.8473 3.7389
v  -5.2220 -0.9703 3.8225
v  -4.5119 -3.0882 3.9741
v  -4.0112 -2.7395 3.7689
v  -4.9328 -0.8830 3.7092
v  -3.7831 -3.9586 4.0065
v  -2.7422 -4.4592 3.9457
v  -3.5609 -3.7444 3.9159
v  -3.3439 -3.5366 3.7985
v  -2.9278 -4.7052 4.0377
v  -2.5607 -4.2201 3.8270
v  -1.9657 -5.3078 4.0668
v  -0.8214 -5.4628 3.9990
v  -1.8210 -5.0361 3.9736
v  -1.6797 -4.7719 3.8538
v  -0.9214 -5.7536 4.0934
v  -0.7235 -5.1801 3.8780
v  0.2330 -5.7268 4.0211
v  0.1802 -6.0294 4.1164
v  1.3157 -5.8236 4.0395
v  0.2850 -5.4326 3.8992
v  1.3111 -6.1306 4.1356
v  1.3206 -5.5252 3.9167
v  2.4003 -5.7489 4.0537
v  2.4440 -6.0525 4.1504
v  3.4601 -5.5065 4.0632
v  2.3580 -5.4538 3.9303
v  3.5513 -5.7993 4.1605
v  3.3717 -5.2220 3.9395
v  4.4686 -5.1004 4.0680
v  4.6047 -5.3751 4.1655
v  5.4017 -4.5425 4.0680
v  4.3364 -4.8335 3.9441
v  5.5795 -4.7923 4.1654
v  5.2289 -4.2998 3.9440
v  6.2355 -3.8448 4.0630
v  6.4505 -4.0634 4.1601
v  6.9506 -3.0259 4.0532
v  6.0264 -3.6324 3.9392
v  7.1975 -3.2080 4.1499
v  6.7104 -2.8493 3.9298
v  7.9550 -1.1052 4.0203
v  7.5280 -2.1048 4.0388
v  7.8006 -2.2457 4.1349
v  7.2626 -1.9681 3.9161
v  8.2468 -1.2015 4.1156
v  7.6712 -1.0120 3.8984
v  8.2195 -0.0508 3.9980
v  8.5231 -0.1001 4.0922
v  8.3168 1.0317 3.9726
v  7.9242 -0.0036 3.8771
v  8.6247 1.0307 4.0657
v  8.0173 1.0319 3.8528
v  8.0004 3.1755 3.9146
v  8.2425 2.1160 3.9445
v  8.5471 2.1634 4.0365
v  7.9461 2.0690 3.8259
v  8.2942 3.2702 4.0053
v  7.7146 3.0825 3.7973
v  7.5947 4.1836 3.8836
v  7.8703 4.3234 3.9728
v  7.0370 5.1164 3.8522
v  7.3265 4.0468 3.7677
v  7.2877 5.2977 3.9400
v  6.7931 4.9390 3.7377
v  5.5206 6.6643 3.7914
v  6.3393 5.9496 3.8213
v  6.5590 6.1682 3.9076
v  6.1258 5.7360 3.7080
v  5.7037 6.9148 3.8765
v  5.3426 6.4196 3.6795
v  4.7415 7.5174 3.8473
v  3.5998 7.6680 3.7382
v  4.5995 7.2413 3.7635
v  4.4616 6.9714 3.6527
v  3.6972 7.9632 3.8208
v  3.5054 7.3795 3.6285
v  2.5958 8.2390 3.7977
v  1.4626 8.0288 3.6977
v  2.5454 7.9320 3.7161
v  2.4969 7.6321 3.6074
v  1.4647 8.3401 3.7786
v  1.4612 7.7247 3.5898
v  -0.6816 7.7117 3.6739
v  0.3781 7.9541 3.6835
v  0.3317 8.2621 3.7637
v  0.4239 7.6533 3.5763
v  -0.7753 8.0090 3.7537
v  -0.5899 7.4214 3.5671
v  -2.6233 6.7477 3.6692
v  -1.6902 7.3056 3.6691
v  -1.8289 7.5847 3.7487
v  -1.5545 7.0330 3.5624
v  -2.8037 7.0018 3.7488
v  -2.4471 6.4993 3.5625
v  -3.4570 6.0500 3.6742
v  -3.6746 6.2730 3.7540
v  -4.1721 5.2312 3.6840
v  -3.2445 5.8319 3.5673
v  -4.4217 5.4176 3.7643
v  -3.9285 5.0487 3.5767
v  -5.1766 3.3104 3.7169
v  -4.7495 4.3100 3.6983
v  -5.0248 4.4553 3.7792
v  -4.4808 4.1676 3.5905
v  -5.4709 3.4111 3.7986
v  -4.8893 3.2115 3.6081
v  -5.4411 2.2560 3.7391
v  -5.7472 2.3097 3.8219
v  -5.5383 1.1735 3.7646
v  -5.1423 2.2030 3.6294
v  -5.8489 1.1789 3.8484
v  -5.2354 1.1676 3.6538
v  -5.4640 0.0892 3.7926
v  -5.7713 0.0462 3.8777
v  -5.1643 0.1305 3.6806
v  -4.3917 -1.7767 3.5719
v  -3.8312 -2.6246 3.3981
v  -4.3474 -1.7613 3.3690
v  -4.7701 -0.8369 3.5430
v  -4.3034 -1.7460 3.1655
v  -4.7231 -0.8281 3.3403
v  -3.8718 -2.6463 3.6012
v  -3.7908 -2.6032 3.1943
v  -4.6763 -0.8195 3.1370
v  -3.2214 -3.4232 3.6301
v  -2.4276 -4.0575 3.4543
v  -3.1855 -3.3960 3.4268
v  -3.1497 -3.3690 3.2228
v  -2.4581 -4.0895 3.6579
v  -2.3974 -4.0257 3.2503
v  -1.5994 -4.6273 3.6838
v  -0.6497 -4.9864 3.5037
v  -1.5751 -4.5915 3.4802
v  -1.5509 -4.5560 3.2759
v  -0.6675 -5.0251 3.7075
v  -0.6322 -4.9480 3.2992
v  0.3155 -5.2712 3.7282
v  1.3284 -5.3204 3.5412
v  0.3262 -5.2308 3.5241
v  0.3369 -5.1907 3.3196
v  1.3249 -5.3615 3.7452
v  1.3319 -5.2798 3.3365
v  2.3359 -5.2919 3.7584
v  3.3132 -5.0270 3.5632
v  2.3322 -5.2514 3.5543
v  2.3286 -5.2110 3.3494
v  3.3240 -5.0659 3.7674
v  3.3025 -4.9883 3.3583
v  4.2642 -4.6873 3.7719
v  5.1104 -4.1346 3.5676
v  4.2467 -4.6511 3.5676
v  4.2293 -4.6151 3.3626
v  5.1342 -4.1672 3.7718
v  5.0869 -4.1024 3.3626
v  5.9114 -3.5167 3.7671
v  6.5441 -2.7309 3.5539
v  5.8821 -3.4888 3.5629
v  5.8531 -3.4612 3.3580
v  6.5781 -2.7533 3.7580
v  6.5103 -2.7086 3.3490
v  7.1163 -1.8946 3.7446
v  7.4738 -0.9531 3.5234
v  7.0785 -1.8783 3.5406
v  7.0409 -1.8621 3.3358
v  7.5145 -0.9627 3.7273
v  7.4334 -0.9434 3.3187
v  7.7610 0.0202 3.7066
v  7.8087 1.0249 3.4793
v  7.7186 0.0228 3.5028
v  7.6764 0.0254 3.2982
v  7.8517 1.0294 3.6829
v  7.7659 1.0203 3.2749
v  7.7824 2.0403 3.6567
v  7.5158 3.0092 3.4256
v  7.7399 2.0285 3.4533
v  7.6976 2.0168 3.2491
v  7.5569 3.0281 3.6289
v  7.4751 2.9904 3.2217
v  7.1785 3.9679 3.5999
v  6.6240 4.8057 3.3679
v  7.1402 3.9424 3.3969
v  7.1022 3.9169 3.1932
v  6.6585 4.8375 3.5707
v  6.5896 4.7742 3.1643
v  6.0082 5.6143 3.5418
v  5.2204 6.2386 3.3116
v  5.9783 5.5771 3.3391
v  5.9485 5.5400 3.1358
v  5.2449 6.2807 3.5140
v  5.1961 6.1967 3.1084
v  4.3862 6.8185 3.4879
v  3.4426 7.1675 3.2623
v  4.3679 6.7726 3.2857
v  4.3497 6.7270 3.0828
v  3.4543 7.2162 3.4643
v  3.4310 7.1190 3.0595
v  2.4712 7.4624 3.4437
v  1.4644 7.5015 3.2248
v  2.4665 7.4119 3.2418
v  2.4619 7.3617 3.0392
v  1.4619 7.5527 3.4266
v  1.4669 7.4507 3.0223
v  0.4508 7.4830 3.4134
v  -0.5204 7.2080 3.2028
v  0.4605 7.4324 3.2116
v  0.4702 7.3820 3.0092
v  -0.5372 7.2570 3.4044
v  -0.5037 7.1593 3.0005
v  -1.4774 6.8784 3.3999
v  -2.3176 6.3157 3.1984
v  -1.4539 6.8322 3.1983
v  -1.4305 6.7861 2.9960
v  -2.3473 6.3584 3.4000
v  -2.2881 6.2734 2.9961
v  -3.1246 5.7078 3.4047
v  -3.7512 4.9120 3.2121
v  -3.0894 5.6699 3.2030
v  -3.0543 5.6322 3.0008
v  -3.7913 4.9445 3.4138
v  -3.7115 4.8796 3.0097
v  -4.3295 4.0857 3.4272
v  -4.6810 3.1341 3.2425
v  -4.2857 4.0594 3.2254
v  -4.2421 4.0331 3.0228
v  -4.7277 3.1538 3.4445
v  -4.6346 3.1144 3.0399
v  -4.9742 2.1709 3.4653
v  -5.0159 1.1562 3.2867
v  -4.9258 2.1582 3.2631
v  -4.8776 2.1455 3.0604
v  -5.0650 1.1617 3.4890
v  -4.9671 1.1507 3.0837
v  -4.9471 0.1526 3.3127
v  -4.9956 0.1509 3.5151
v  -4.8988 0.1542 3.1095
v  -4.5139 -0.7739 2.9562
v  -4.1507 -1.6760 2.9840
v  -3.4012 -2.3379 2.8643
v  -3.8757 -1.5442 2.8376
v  -3.5964 -1.4093 2.7219
v  -4.2210 -0.6864 2.8112
v  -3.6517 -2.5106 3.0121
v  -3.1490 -2.1630 2.7438
v  -3.9262 -0.5974 2.6934
v  -2.8076 -3.0469 2.8907
v  -3.0274 -3.2563 3.0398
v  -2.1110 -3.6551 2.9161
v  -2.5871 -2.8357 2.7676
v  -2.2948 -3.8959 3.0665
v  -1.9263 -3.4114 2.7928
v  -1.4705 -4.4121 3.0915
v  -0.4767 -4.5089 2.9614
v  -1.3273 -4.1459 2.9399
v  -1.1819 -3.8742 2.8187
v  -0.5760 -4.7938 3.1141
v  -0.3768 -4.2209 2.8358
v  1.3417 -4.8160 2.9958
v  0.4205 -4.7336 2.9802
v  0.3675 -5.0301 3.1339
v  0.4734 -4.4348 2.8524
v  1.3364 -5.1168 3.1504
v  1.3466 -4.5120 2.8684
v  2.3068 -5.0499 3.1630
v  3.1663 -4.5463 3.0161
v  2.2645 -4.7524 3.0079
v  2.2211 -4.4488 2.8832
v  3.2551 -4.8331 3.1717
v  3.0764 -4.2562 2.8876
v  4.1576 -4.4697 3.1760
v  4.8184 -3.7259 3.0201
v  4.0243 -4.2007 3.0202
v  3.8901 -3.9295 2.8903
v  4.9926 -3.9705 3.1759
v  4.6421 -3.4787 2.8914
v  5.7386 -3.3460 3.1714
v  6.1362 -2.4355 3.0075
v  5.5278 -3.1322 3.0158
v  5.3127 -2.9138 2.8907
v  6.3785 -2.6133 3.1626
v  5.8916 -2.2554 2.8794
v  6.8952 -1.7892 3.1498
v  6.9909 -0.8013 2.9795
v  6.6274 -1.6518 2.9953
v  6.3579 -1.5130 2.8668
v  7.2774 -0.8946 3.1332
v  6.7016 -0.7064 2.8529
v  7.2159 0.0958 2.9606
v  7.5140 0.0488 3.1133
v  7.2987 1.0170 2.9389
v  6.9121 0.1445 2.8384
v  7.6010 1.0175 3.0905
v  6.9934 1.0173 2.8144
v  7.5346 1.9878 3.0654
v  7.0296 2.8411 2.8896
v  7.2355 1.9395 2.9150
v  6.9344 1.8918 2.7907
v  7.3180 2.9358 3.0387
v  6.7383 2.7461 2.7677
v  6.9549 3.8379 3.0109
v  6.2097 4.4925 2.8365
v  6.6842 3.6989 2.8632
v  6.4084 3.5581 2.7462
v  6.4558 4.6726 2.9828
v  5.9610 4.3117 2.7173
v  5.8316 5.4182 2.9551
v  4.9195 5.8097 2.7848
v  5.6161 5.2016 2.8101
v  5.3991 4.9843 2.6912
v  5.0990 6.0578 2.9284
v  4.7383 5.5600 2.6683
v  4.2747 6.5740 2.9034
v  3.2852 6.6635 2.7395
v  4.1357 6.3005 2.7610
v  3.9939 6.0230 2.6493
v  3.3802 6.9558 2.8807
v  3.1888 6.3696 2.6254
v  2.4367 7.1920 2.8610
v  1.4668 6.9706 2.7050
v  2.3880 6.8882 2.7206
v  2.3387 6.5834 2.6063
v  1.4678 7.2788 2.8445
v  1.4654 6.6606 2.5927
v  0.4974 7.2119 2.8319
v  -0.3578 6.7008 2.6848
v  0.5439 6.9070 2.6930
v  0.5909 6.5977 2.5848
v  -0.4510 6.9950 2.8233
v  -0.2644 6.4048 2.5735
v  -2.0099 5.8806 2.6807
v  -1.2159 6.3553 2.6807
v  -1.3534 6.6316 2.8189
v  -1.0780 6.0781 2.5685
v  -2.1884 6.1324 2.8190
v  -1.8301 5.6274 2.5697
v  -3.3277 4.5901 2.6933
v  -2.7193 5.2869 2.6850
v  -2.9345 5.5080 2.8235
v  -2.5008 5.0626 2.5773
v  -3.5744 4.7753 2.8322
v  -3.0795 4.4040 2.5817
v  -4.1824 2.9558 2.7214
v  -3.8190 3.8064 2.7056
v  -4.0910 3.9510 2.8451
v  -3.5459 3.6617 2.5921
v  -4.4732 3.0566 2.8617
v  -3.8896 2.8551 2.6082
v  -4.4902 1.1377 2.7619
v  -4.4074 2.0588 2.7403
v  -4.7098 2.1131 2.8817
v  -4.1002 2.0043 2.6297
v  -4.7969 1.1444 2.9045
v  -4.1813 1.1314 2.6467
v  -4.7304 0.1741 2.9295
v  -4.4270 0.2151 2.7858
v  -4.1223 0.2569 2.6681
v  -3.3234 -1.2653 2.9851
v  -3.6808 -0.7642 2.7987
v  -3.4193 -1.3184 2.8141
v  -3.0831 -1.7328 2.9951
v  -3.2043 -1.1993 3.2005
v  -3.5504 -0.7915 2.9649
v  -3.1359 -1.8617 2.8340
v  -2.9934 -1.6074 3.2089
v  -3.4018 -0.7847 3.1825
v  -0.5733 -3.8307 3.0843
v  -1.0426 -3.5937 3.0765
v  -1.6284 -3.4007 2.8945
v  -1.0909 -3.6953 2.9076
v  -0.9826 -3.4674 3.2897
v  -1.5049 -3.3439 3.0585
v  -0.5423 -3.9681 2.9246
v  -0.5719 -3.6736 3.2960
v  -1.3860 -3.2483 3.2734
v  2.6954 -4.0663 3.1385
v  2.1745 -4.1445 3.1376
v  1.5827 -4.3274 2.9650
v  2.1912 -4.2514 2.9698
v  2.1527 -4.0081 3.3493
v  1.6517 -4.2082 3.1266
v  2.7962 -4.1510 2.9785
v  2.6090 -3.9425 3.3496
v  1.6944 -4.0591 3.3389
v  5.0951 -2.6945 3.1447
v  4.7264 -3.1927 2.9832
v  5.1724 -2.7712 2.9770
v  5.4637 -2.3157 3.1358
v  4.7162 -3.0630 3.1433
v  4.9976 -2.5956 3.3562
v  5.6013 -2.3321 2.9747
v  5.3179 -2.2601 3.3478
v  4.6669 -2.9208 3.3546
v  6.5999 -0.4220 2.9419
v  6.7142 0.1800 2.9265
v  6.6840 0.7218 3.0783
v  6.6034 0.2026 3.0951
v  6.4657 0.2306 3.3077
v  6.5086 -0.3145 3.1015
v  6.8045 0.7863 2.9149
v  6.5351 0.6846 3.2926
v  6.3818 -0.2211 3.3128
v  5.8874 3.8945 2.9878
v  6.1276 3.4271 3.0080
v  6.4899 2.9177 2.8573
v  6.2285 3.4718 2.8375
v  6.0023 3.3719 3.2228
v  6.3547 2.9531 3.0180
v  5.9451 4.0151 2.8221
v  5.7913 3.7797 3.2048
v  6.1997 2.9570 3.2312
v  4.4375 5.5542 2.7616
v  3.9001 5.8487 2.7442
v  3.3777 5.9923 2.8986
v  3.8468 5.7556 2.9165
v  3.7804 5.6400 3.1337
v  4.3092 5.5056 2.9245
v  3.3514 6.1216 2.7315
v  3.3699 5.8460 3.1178
v  4.1840 5.4206 3.1403
v  0.1134 6.2142 2.8450
v  0.6322 6.2985 2.8556
v  1.2267 6.4805 2.6913
v  0.6186 6.4028 2.6820
v  0.6489 6.1689 3.0744
v  1.1533 6.3680 2.8565
v  0.0142 6.3011 2.6778
v  0.1956 6.0942 3.0647
v  1.1046 6.2285 3.0748
v  -2.6588 4.4753 2.8472
v  -2.2884 4.8484 2.8484
v  -1.9162 5.3427 2.6731
v  -2.3627 4.9226 2.6748
v  -1.9076 5.2108 2.8401
v  -2.1961 4.7563 3.0675
v  -2.7921 4.4851 2.6814
v  -2.5190 4.4294 3.0660
v  -1.8625 5.0723 3.0597
v  -3.7907 2.5755 2.7142
v  -3.9049 1.9733 2.7252
v  -3.8797 1.4398 2.9046
v  -3.7993 1.9593 2.8979
v  -3.7042 2.4761 2.8815
v  -3.6679 1.9420 3.1156
v  -3.9953 1.3672 2.7412
v  -3.7371 1.4877 3.1211
v  -3.5837 2.3934 3.1009
v  -3.0150 -0.2790 3.8288
v  -2.7518 -0.9540 3.8421
v  -2.2759 -1.4996 3.9507
v  -2.6377 -0.8946 3.9303
v  -2.5568 -0.8526 3.9840
v  -2.9010 -0.2404 3.9103
v  -2.3735 -1.5713 3.8703
v  -2.2024 -1.4455 4.0039
v  -2.8148 -0.2119 3.9642
v  -1.9066 -2.1249 3.8934
v  -1.2921 -2.5039 3.9902
v  -1.8234 -2.0403 3.9709
v  -1.7590 -1.9751 4.0237
v  -1.3627 -2.6032 3.9109
v  -1.2385 -2.4294 4.0426
v  -0.0460 -3.1551 4.0248
v  -0.6946 -2.8782 4.0083
v  -0.7530 -2.9946 3.9223
v  -0.6531 -2.7961 4.0604
v  -0.0838 -3.2714 3.9463
v  -0.0177 -3.0673 4.0765
v  0.6195 -3.4448 3.9635
v  1.3405 -3.3892 4.0510
v  0.6381 -3.3263 4.0391
v  0.6525 -3.2351 4.0905
v  1.3408 -3.5121 3.9734
v  1.3407 -3.2967 4.1022
v  2.0642 -3.4704 3.9756
v  2.7318 -3.1835 4.0664
v  2.0441 -3.3407 4.0602
v  2.0300 -3.2492 4.1112
v  2.7686 -3.3008 3.9892
v  2.7037 -3.0952 4.1174
v  3.4397 -3.0278 3.9946
v  3.9914 -2.5581 4.0694
v  3.3860 -2.9200 4.0695
v  3.3447 -2.8370 4.1203
v  4.0629 -2.6583 3.9923
v  3.9378 -2.4824 4.1203
v  4.6238 -2.1996 3.9819
v  4.9962 -1.5741 4.0599
v  4.5322 -2.1053 4.0662
v  4.4677 -2.0389 4.1171
v  5.0942 -1.6484 3.9824
v  4.9223 -1.5184 4.1109
v  5.6479 -0.3280 4.0385
v  5.3708 -0.9765 4.0506
v  5.4767 -1.0332 3.9752
v  5.2892 -0.9329 4.1017
v  5.7638 -0.3681 3.9605
v  5.5607 -0.2976 4.0900
v  5.9479 0.3324 3.9386
v  5.8827 1.0584 4.0076
v  5.8195 0.3561 4.0241
v  5.7287 0.3725 4.0758
v  6.0046 1.0547 3.9287
v  5.7906 1.0606 4.0596
v  5.6774 2.4492 3.9701
v  5.8344 1.7618 3.9894
v  5.9525 1.7772 3.9124
v  5.7434 1.7498 4.0418
v  5.7937 2.4837 3.8901
v  5.5896 2.4233 4.0229
v  5.0523 3.7084 3.9295
v  5.4141 3.1032 3.9499
v  5.5308 3.1584 3.8622
v  5.3316 3.0640 4.0031
v  5.1522 3.7760 3.8486
v  4.9771 3.6569 3.9832
v  4.6853 4.3298 3.8303
v  4.0685 4.7127 3.8900
v  4.5997 4.2490 3.9094
v  4.5337 4.1865 3.9635
v  4.1414 4.8080 3.8080
v  4.0133 4.6408 3.9445
v  2.8224 5.3638 3.8555
v  3.4709 5.0869 3.8720
v  3.5319 5.1990 3.7821
v  3.4279 5.0075 3.9267
v  2.8625 5.4762 3.7726
v  2.7924 5.2787 3.9106
v  2.1591 5.6496 3.7603
v  1.4358 5.5980 3.8292
v  2.1382 5.5350 3.8412
v  2.1223 5.4465 3.8966
v  1.4379 5.7167 3.7455
v  1.4341 5.5081 3.8849
v  0.0447 5.3923 3.8138
v  0.7322 5.5495 3.8200
v  0.7147 5.6748 3.7287
v  0.7447 5.4606 3.8759
v  0.0101 5.5056 3.7297
v  0.0711 5.3066 3.8699
v  -0.6096 5.1288 3.8107
v  -0.6610 5.2326 3.7290
v  -1.2150 4.7668 3.8108
v  -0.5699 5.0484 3.8668
v  -1.2842 4.8630 3.7266
v  -1.1630 4.6938 3.8668
v  -2.2199 3.7829 3.8204
v  -1.7559 4.3141 3.8141
v  -1.8448 4.4040 3.7224
v  -1.6930 4.2503 3.8700
v  -2.3155 3.8532 3.7364
v  -2.1475 3.7298 3.8763
v  -2.8715 2.5367 3.8417
v  -2.5945 3.1852 3.8297
v  -2.6980 3.2380 3.7485
v  -2.5144 3.1443 3.8854
v  -2.9851 2.5728 3.7584
v  -2.7859 2.5090 3.8971
v  -3.1689 1.8720 3.7658
v  -3.1062 1.1504 3.8726
v  -3.0432 1.8527 3.8562
v  -2.9540 1.8388 3.9113
v  -3.2259 1.1500 3.7902
v  -3.0159 1.1508 3.9275
v  -3.0581 0.4469 3.8908
v  -3.1738 0.4277 3.8113
v  -2.9686 0.4616 3.9453
v  -2.1096 -1.3758 4.1085
v  -2.4548 -0.7986 4.0891
v  -2.7467 -0.1888 4.0211
v  -2.4930 -0.8191 4.0406
v  -2.3138 -0.7265 4.1527
v  -2.7059 -0.1746 4.0699
v  -2.1443 -1.4022 4.0603
v  -1.9814 -1.2825 4.1713
v  -2.5557 -0.1256 4.1341
v  -1.6778 -1.8916 4.1277
v  -1.7082 -1.9232 4.0796
v  -1.1711 -2.3339 4.1461
v  -1.5656 -1.7792 4.1898
v  -1.1963 -2.3700 4.0983
v  -1.0776 -2.2052 4.2076
v  -0.6204 -2.7307 4.1157
v  0.0177 -2.9551 4.1792
v  -0.6010 -2.6909 4.1634
v  -0.5286 -2.5490 4.2243
v  0.0045 -2.9974 4.1316
v  0.0673 -2.8033 4.2394
v  0.6637 -3.1625 4.1453
v  1.3404 -3.1784 4.2042
v  0.6703 -3.1185 4.1928
v  0.6958 -2.9607 4.2525
v  1.3406 -3.2230 4.1568
v  1.3411 -3.0185 4.2635
v  2.6675 -2.9822 4.2189
v  2.0116 -3.1321 4.2130
v  2.0187 -3.1764 4.1657
v  1.9875 -2.9740 4.2719
v  2.6812 -3.0248 4.1718
v  2.6192 -2.8294 4.2777
v  3.3117 -2.7710 4.1748
v  3.8692 -2.3856 4.2218
v  3.2917 -2.7308 4.2219
v  3.2204 -2.5874 4.2805
v  3.8951 -2.4221 4.1747
v  3.7765 -2.2549 4.2805
v  4.8278 -1.4469 4.2127
v  4.3852 -1.9537 4.2187
v  4.4163 -1.9859 4.1715
v  4.2735 -1.8389 4.2775
v  4.8634 -1.4739 4.1653
v  4.6997 -1.3509 4.2717
v  5.4495 -0.2581 4.1923
v  5.1851 -0.8768 4.2038
v  5.2244 -0.8981 4.1565
v  5.0438 -0.8019 4.2631
v  5.4913 -0.2731 4.1449
v  5.2984 -0.2061 4.2520
v  5.6567 0.3860 4.1309
v  5.6734 1.0644 4.1627
v  5.6131 0.3944 4.1785
v  5.4560 0.4223 4.2388
v  5.7176 1.0627 4.1150
v  5.5141 1.0676 4.2236
v  5.4775 2.3912 4.1270
v  5.6274 1.7355 4.1455
v  5.6711 1.7406 4.0975
v  5.4698 1.7139 4.2069
v  5.5197 2.4030 4.0788
v  5.3255 2.3454 4.1891
v  5.2660 3.0333 4.0594
v  4.8813 3.5924 4.0883
v  5.2264 3.0152 4.1078
v  5.0836 2.9463 4.1706
v  4.9174 3.6165 4.0398
v  4.7512 3.5023 4.1519
v  3.9428 4.5506 4.0507
v  4.4495 4.1082 4.0691
v  4.4813 4.1374 4.0204
v  4.3354 3.9989 4.1335
v  3.9694 4.5842 4.0018
v  3.8474 4.4249 4.1156
v  3.3727 4.9076 4.0334
v  3.3936 4.9448 3.9843
v  2.7540 5.1717 4.0177
v  3.2983 4.7688 4.0990
v  2.7686 5.2116 3.9684
v  2.7025 5.0231 4.0840
v  2.1094 5.3767 3.9546
v  1.4313 5.3950 3.9926
v  2.1014 5.3351 4.0040
v  2.0741 5.1804 4.0707
v  1.4325 5.4372 3.9431
v  1.4287 5.2382 4.0598
v  0.7601 5.3487 3.9839
v  0.7545 5.3905 3.9343
v  0.1041 5.1987 3.9779
v  0.7823 5.1937 4.0513
v  0.0919 5.2390 3.9283
v  0.1506 5.0492 4.0456
v  -0.5386 4.9851 3.9253
v  -1.0975 4.6022 3.9750
v  -0.5200 4.9474 3.9750
v  -0.4505 4.8072 4.0427
v  -1.1220 4.6363 3.9253
v  -1.0067 4.4746 4.0428
v  -2.0562 3.6635 3.9842
v  -1.6136 4.1703 3.9781
v  -1.6432 4.2001 3.9284
v  -1.5036 4.0587 4.0457
v  -2.0903 3.6881 3.9346
v  -1.9299 3.5707 4.0516
v  -2.6778 2.4747 4.0045
v  -2.4135 3.0934 3.9930
v  -2.4512 3.1123 3.9436
v  -2.2740 3.0216 4.0602
v  -2.7183 2.4874 3.9552
v  -2.5286 2.4258 4.0712
v  -2.8836 1.8282 3.9691
v  -2.9017 1.1522 4.0340
v  -2.8414 1.8222 4.0183
v  -2.6862 1.7973 4.0845
v  -2.9444 1.1515 3.9850
v  -2.7443 1.1522 4.0996
v  -2.8558 0.4811 4.0514
v  -2.8980 0.4736 4.0025
v  -2.6999 0.5059 4.1164
v  -1.6783 -1.0646 4.2424
v  -1.9807 -0.5588 4.2254
v  -1.5513 -0.3437 4.2861
v  -2.2007 -0.0122 4.2085
v  -1.2876 -0.7847 4.3009
v  -1.7432 0.1330 4.2714
v  -0.8562 -1.9038 4.2754
v  -1.3001 -1.5164 4.2592
v  -0.9577 -1.1788 4.3156
v  -0.5705 -1.5167 4.3297
v  -0.3567 -2.2167 4.2905
v  0.1852 -2.4480 4.3042
v  -0.1350 -1.7895 4.3429
v  0.3377 -1.9912 4.3549
v  0.7570 -2.5911 4.3162
v  1.3440 -2.6437 4.3261
v  0.8363 -2.1161 4.3653
v  1.3482 -2.1619 4.3740
v  2.5067 -2.4718 4.3391
v  1.9321 -2.6032 4.3339
v  1.8611 -2.1266 4.3807
v  2.3622 -2.0119 4.3852
v  3.5593 -1.9491 4.3417
v  3.0535 -2.2516 4.3417
v  2.8391 -1.8200 4.3876
v  3.2803 -1.5561 4.3875
v  4.3991 -1.1268 4.3336
v  4.0114 -1.5708 4.3390
v  3.6744 -1.2262 4.3851
v  4.0126 -0.8390 4.3805
v  4.9438 -0.0853 4.3158
v  4.7122 -0.6274 4.3259
v  4.2856 -0.4035 4.3737
v  4.4875 0.0692 4.3650
v  5.0872 0.4862 4.3037
v  5.1400 1.0732 4.2899
v  4.6127 0.5677 4.3544
v  4.6586 1.0796 4.3424
v  4.9684 2.2356 4.2586
v  5.0996 1.6611 4.2747
v  4.6235 1.5923 4.3291
v  4.5091 2.0933 4.3150
v  4.4460 3.2879 4.2246
v  4.7484 2.7821 4.2417
v  4.3172 2.5700 4.3003
v  4.0535 3.0110 4.2855
v  3.6239 4.1272 4.1917
v  4.0677 3.7397 4.2078
v  3.7236 3.4051 4.2708
v  3.3364 3.7430 4.2567
v  2.5824 4.6713 4.1628
v  3.1244 4.4400 4.1766
v  2.9009 4.0158 4.2435
v  2.4282 4.2175 4.2315
v  1.4236 4.8670 4.1409
v  2.0107 4.8145 4.1509
v  1.9296 4.3424 4.2211
v  1.4177 4.3882 4.2124
v  0.2610 4.6951 4.1280
v  0.8356 4.8265 4.1332
v  0.9049 4.3529 4.2057
v  0.4038 4.2383 4.2011
v  -0.2857 4.4749 4.1254
v  -0.7917 4.1724 4.1254
v  -0.0731 4.0463 4.1989
v  -0.5144 3.7824 4.1989
v  -1.6315 3.3501 4.1334
v  -1.2437 3.7941 4.1281
v  -0.9085 3.4525 4.2013
v  -1.2467 3.0653 4.2059
v  -1.9445 2.8507 4.1412
v  -2.1761 2.3087 4.1513
v  -1.5197 2.6298 4.2127
v  -1.7216 2.1571 4.2214
v  -2.3722 1.1501 4.1772
v  -2.3195 1.7371 4.1633
v  -1.8468 1.6586 4.2320
v  -1.8927 1.1467 4.2440
v  -2.3319 0.5622 4.1924
v  -1.8576 0.6340 4.2573
v  -0.5582 0.1544 4.4437
v  -0.2816 -0.0580 4.6337
v  -0.4454 0.2161 4.6245
v  -0.6850 0.4693 4.4341
v  -0.5647 0.5124 4.6153
v  -0.3340 0.2769 4.7966
v  -0.3839 -0.1371 4.4536
v  -0.1804 0.0201 4.8052
v  -0.4458 0.5547 4.7880
v  -0.0765 -0.3029 4.6428
v  -0.1660 -0.3975 4.4632
v  0.1639 -0.5128 4.6516
v  0.0118 -0.2095 4.8137
v  0.0898 -0.6208 4.4726
v  0.2374 -0.4065 4.8219
v  0.4347 -0.6824 4.6598
v  0.3776 -0.8010 4.4813
v  0.7285 -0.8078 4.6673
v  0.4911 -0.5654 4.8296
v  0.6900 -0.9343 4.4892
v  0.7665 -0.6829 4.8367
v  1.0194 -1.0169 4.4961
v  1.3564 -0.9138 4.6791
v  1.0383 -0.8854 4.6737
v  1.0570 -0.7556 4.8427
v  1.3577 -1.0471 4.5018
v  1.3552 -0.7823 4.8478
v  1.6966 -1.0238 4.5062
v  1.9865 -0.8206 4.6861
v  1.6751 -0.8919 4.6834
v  1.6540 -0.7617 4.8516
v  2.0277 -0.9480 4.5093
v  1.9460 -0.6950 4.8543
v  2.2829 -0.7013 4.6876
v  2.3428 -0.8212 4.5107
v  2.5571 -0.5374 4.6875
v  2.2238 -0.5831 4.8556
v  2.6344 -0.6468 4.5107
v  2.4808 -0.4294 4.8556
v  2.8949 -0.4288 4.5092
v  3.0122 -0.0917 4.6832
v  2.8021 -0.3323 4.6861
v  2.7106 -0.2372 4.8542
v  3.1183 -0.1729 4.5061
v  2.9075 -0.0116 4.8515
v  3.3074 0.4728 4.6735
v  3.1819 0.1790 4.6790
v  3.2987 0.1148 4.5016
v  3.0666 0.2422 4.8476
v  3.4321 0.4272 4.4958
v  3.1843 0.5175 4.8425
v  3.5148 0.7566 4.4888
v  3.4137 1.1006 4.6595
v  3.3852 0.7825 4.6670
v  3.2572 0.8080 4.8363
v  3.5453 1.0948 4.4809
v  3.2840 1.1063 4.8293
v  3.5220 1.4337 4.4721
v  3.3207 1.7306 4.6424
v  3.3919 1.4192 4.6513
v  3.2635 1.4049 4.8216
v  3.4463 1.7647 4.4628
v  3.1968 1.6968 4.8134
v  3.2015 2.0269 4.6334
v  3.3196 2.0796 4.4531
v  3.0375 2.3010 4.6241
v  3.0850 1.9746 4.8048
v  3.1454 2.3711 4.4433
v  2.9314 2.2315 4.7962
v  2.5920 2.7558 4.6062
v  2.8326 2.5458 4.6150
v  2.9273 2.6315 4.4336
v  2.7392 2.4611 4.7876
v  2.6715 2.8548 4.4243
v  2.5137 2.6579 4.7794
v  2.3213 2.9254 4.5981
v  2.3837 3.0350 4.4156
v  2.0276 3.0507 4.5906
v  2.2598 2.8169 4.7718
v  2.0714 3.1683 4.4076
v  1.9844 2.9344 4.7648
v  1.3996 3.1568 4.5787
v  1.7177 3.1283 4.5842
v  1.7419 3.2509 4.4008
v  1.6940 3.0072 4.7587
v  1.4037 3.2811 4.3950
v  1.3957 3.0338 4.7536
v  1.0809 3.1348 4.5745
v  1.0648 3.2578 4.3906
v  0.7695 3.0636 4.5717
v  1.0969 3.0132 4.7497
v  0.7336 3.1821 4.3876
v  0.8050 2.9465 4.7470
v  0.4731 2.9443 4.5704
v  0.4185 3.0552 4.3861
v  0.1989 2.7803 4.5703
v  0.5272 2.8346 4.7457
v  0.1270 2.8808 4.3861
v  0.2701 2.6808 4.7457
v  -0.1336 2.6628 4.3877
v  -0.2562 2.3347 4.5747
v  -0.0460 2.5753 4.5718
v  0.0404 2.4887 4.7472
v  -0.3570 2.4069 4.3908
v  -0.1566 2.2631 4.7499
v  -0.5514 1.7702 4.5844
v  -0.4258 2.0640 4.5789
v  -0.5373 2.1192 4.3952
v  -0.3156 2.0093 4.7538
v  -0.6708 1.8068 4.4010
v  -0.4333 1.7339 4.7589
v  -0.6577 1.1424 4.5984
v  -0.6290 1.4604 4.5909
v  -0.7534 1.4774 4.4080
v  -0.5062 1.4435 4.7650
v  -0.7838 1.1392 4.4160
v  -0.5330 1.1452 4.7720
v  -0.6358 0.8237 4.6066
v  -0.7606 0.8003 4.4247
v  -0.5125 0.8466 4.7798
v  2.7723 2.1184 4.7966
v  2.9102 1.8878 4.8044
v  3.0640 1.6564 4.8554
v  2.9603 1.9140 4.8475
v  2.5063 1.6858 4.7604
v  3.0106 1.6384 4.8121
v  2.8178 2.1523 4.8394
v  2.4048 1.8558 4.7547
v  2.5803 1.5022 4.7660
v  2.6396 2.3652 4.8316
v  2.3972 2.5013 4.7816
v  2.5998 2.3245 4.7889
v  2.2778 2.0075 4.7491
v  2.4304 2.5478 4.8239
v  2.1286 2.1377 4.7436
v  2.1694 2.6439 4.7746
v  2.1951 2.6953 4.8168
v  1.9222 2.7496 4.7684
v  1.9608 2.2428 4.7386
v  1.9396 2.8042 4.8103
v  1.7788 2.3205 4.7339
v  1.3936 2.8388 4.7584
v  1.6614 2.8148 4.7629
v  1.6703 2.8717 4.8046
v  1.5867 2.3685 4.7299
v  1.3936 2.8964 4.7999
v  1.3895 2.3862 4.7265
v  1.1254 2.8203 4.7549
v  1.1165 2.8773 4.7963
v  0.8633 2.7604 4.7525
v  1.1919 2.3725 4.7240
v  0.8458 2.8154 4.7939
v  0.9989 2.3285 4.7223
v  0.6139 2.6599 4.7513
v  0.5880 2.7116 4.7927
v  0.3831 2.5220 4.7513
v  0.8152 2.2544 4.7214
v  0.3496 2.5691 4.7927
v  0.6453 2.1529 4.7214
v  0.1367 2.3909 4.7940
v  0.0000 2.1469 4.7550
v  0.1769 2.3494 4.7525
v  0.4934 2.0257 4.7223
v  -0.0461 2.1817 4.7965
v  0.3632 1.8767 4.7241
v  -0.1936 1.9463 4.8002
v  -0.2484 1.6718 4.7631
v  -0.1428 1.9190 4.7586
v  0.2580 1.7089 4.7266
v  -0.3027 1.6909 4.8049
v  0.1802 1.5268 4.7300
v  -0.3379 1.1432 4.7749
v  -0.3138 1.4110 4.7686
v  -0.3702 1.4215 4.8106
v  0.1321 1.3348 4.7341
v  -0.3951 1.1449 4.8170
v  0.1144 1.1376 4.7388
v  -0.2596 0.6131 4.7893
v  -0.3195 0.8752 4.7819
v  -0.3761 0.8679 4.8243
v  0.1279 0.9401 4.7438
v  -0.3143 0.5972 4.8318
v  0.1719 0.7471 4.7493
v  -0.2106 0.3396 4.8398
v  -0.0214 0.1330 4.8047
v  -0.1592 0.3637 4.7969
v  0.2459 0.5635 4.7549
v  -0.0681 0.1014 4.8478
v  0.3475 0.3936 4.7607
v  0.1512 -0.0730 4.8124
v  0.1101 -0.1116 4.8557
v  0.3537 -0.2499 4.8197
v  0.4745 0.2418 4.7663
v  0.3193 -0.2942 4.8633
v  0.6236 0.1116 4.7717
v  0.5546 -0.4416 4.8705
v  0.8288 -0.4980 4.8329
v  0.5815 -0.3926 4.8266
v  0.7914 0.0066 4.7768
v  0.8100 -0.5506 4.8769
v  0.9735 -0.0711 4.7815
v  1.0795 -0.6181 4.8826
v  1.3574 -0.5873 4.8429
v  1.0895 -0.5634 4.8384
v  1.1655 -0.1192 4.7854
v  1.3560 -0.6428 4.8873
v  1.3627 -0.1368 4.7888
v  1.6331 -0.6237 4.8909
v  1.8877 -0.5089 4.8488
v  1.6256 -0.5688 4.8464
v  1.5602 -0.1232 4.7914
v  1.9040 -0.5618 4.8933
v  1.7533 -0.0791 4.7932
v  2.1616 -0.4580 4.8945
v  2.3679 -0.2705 4.8500
v  2.1371 -0.4084 4.8500
v  1.9369 -0.0051 4.7940
v  2.4000 -0.3155 4.8946
v  2.1069 0.0965 4.7940
v  2.7510 0.1046 4.8463
v  2.5741 -0.0979 4.8487
v  2.6130 -0.1372 4.8933
v  2.2588 0.2236 4.7931
v  2.7957 0.0720 4.8908
v  2.3891 0.3727 4.7913
v  2.9994 0.5797 4.8382
v  2.8938 0.3324 4.8428
v  2.9433 0.3073 4.8871
v  2.4942 0.5405 4.7887
v  3.0524 0.5628 4.8824
v  2.5720 0.7225 4.7853
v  3.0889 1.1082 4.8263
v  3.0648 0.8405 4.8326
v  3.1199 0.8321 4.8767
v  2.6202 0.9146 4.7813
v  3.1447 1.1087 4.8702
v  2.6379 1.1117 4.7766
v  3.0705 1.3763 4.8195
v  3.1258 1.3857 4.8630
v  2.6243 1.3093 4.7715
v  -5.6617 -1.1059 3.8966
v  -5.2289 -2.1809 3.9298
v  -4.6343 -3.1755 3.9632
v  -5.2599 -2.1978 3.8810
v  -5.6946 -1.1176 3.8478
v  -4.6623 -3.1971 3.9147
v  -3.8904 -4.0641 3.9962
v  -3.9148 -4.0900 3.9478
v  -3.0173 -4.8261 4.0280
v  -3.0377 -4.8557 3.9798
v  -2.0351 -5.4413 4.0578
v  -2.0507 -5.4738 4.0098
v  -0.9692 -5.8962 4.0849
v  -0.9796 -5.9309 4.0369
v  0.1553 -6.1778 4.1084
v  0.1501 -6.2138 4.0606
v  1.3098 -6.2811 4.1280
v  1.3101 -6.3176 4.0803
v  2.4663 -6.2015 4.1431
v  3.5963 -5.9430 4.1534
v  2.4721 -6.2375 4.0954
v  3.6075 -5.9779 4.1057
v  4.6717 -5.5100 4.1585
v  5.6667 -4.9151 4.1584
v  4.6881 -5.5427 4.1109
v  5.6879 -4.9450 4.1108
v  6.5557 -4.1710 4.1530
v  7.3183 -3.2978 4.1426
v  6.5812 -4.1974 4.1054
v  7.3473 -3.3201 4.0949
v  7.9339 -2.3156 4.1274
v  8.3894 -1.2497 4.1076
v  7.9659 -2.3332 4.0796
v  8.4236 -1.2622 4.0598
v  8.6714 -0.1255 4.0838
v  8.7752 1.0289 4.0567
v  8.7069 -0.1325 4.0358
v  8.8111 1.0273 4.0086
v  8.6959 2.1851 4.0268
v  8.4378 3.3149 3.9950
v  8.7316 2.1891 3.9786
v  8.4722 3.3242 3.9466
v  8.0050 4.3899 3.9619
v  7.4104 5.3845 3.9284
v  8.0375 4.4044 3.9133
v  7.4398 5.4037 3.8797
v  6.6666 6.2730 3.8953
v  6.6925 6.2966 3.8464
v  5.7935 7.0351 3.8635
v  5.8153 7.0623 3.8145
v  4.8113 7.6503 3.8338
v  3.7454 8.1053 3.8067
v  4.8283 7.6804 3.7846
v  3.7573 8.1375 3.7574
v  2.6209 8.3868 3.7831
v  2.6276 8.4204 3.7337
v  1.4664 8.4902 3.7635
v  1.4675 8.5243 3.7140
v  0.3099 8.4105 3.7484
v  -0.8202 8.1520 3.7382
v  0.3056 8.4442 3.6988
v  -0.8300 8.1845 3.6886
v  -1.8956 7.7190 3.7331
v  -1.9105 7.7493 3.6834
v  -2.8905 7.1241 3.7331
v  -2.9102 7.1516 3.6835
v  -3.7795 6.3800 3.7385
v  -4.5422 5.5068 3.7490
v  -3.8035 6.4041 3.6889
v  -4.5698 5.5267 3.6993
v  -5.1578 4.5246 3.7643
v  -5.6132 3.4587 3.7840
v  -5.1883 4.5398 3.7148
v  -5.6460 3.4688 3.7346
v  -5.8952 2.3344 3.8077
v  -5.9990 1.1801 3.8349
v  -5.9293 2.3392 3.7585
v  -6.0336 1.1793 3.7857
v  -5.9197 0.0239 3.8648
v  -5.9540 0.0175 3.8158
v  -5.6602 -1.1075 3.8245
v  -5.2276 -2.1825 3.8576
v  -5.1636 -2.1511 3.8468
v  -4.6329 -3.1770 3.8911
v  -5.5922 -1.0865 3.8141
v  -4.5747 -3.1361 3.8799
v  -3.8890 -4.0656 3.9242
v  -3.8380 -4.0161 3.9127
v  -3.0161 -4.8276 3.9559
v  -2.9735 -4.7708 3.9442
v  -2.0339 -5.4428 3.9857
v  -2.0008 -5.3801 3.9736
v  -0.9680 -5.8978 4.0128
v  -0.9451 -5.8306 4.0004
v  0.1563 -6.1792 4.0363
v  0.1684 -6.1094 4.0238
v  1.3109 -6.2826 4.0559
v  1.3117 -6.2117 4.0432
v  2.4672 -6.2029 4.0709
v  3.5973 -5.9444 4.0813
v  2.4570 -6.1329 4.0582
v  3.5762 -5.8769 4.0683
v  4.6726 -5.5114 4.0863
v  4.6411 -5.4481 4.0733
v  5.6676 -4.9166 4.0863
v  5.6265 -4.8589 4.0733
v  6.5566 -4.1725 4.0809
v  6.5070 -4.1220 4.0680
v  7.3191 -3.2994 4.0705
v  7.2621 -3.2573 4.0576
v  7.9347 -2.3173 4.0552
v  7.8719 -2.2846 4.0425
v  8.3901 -1.2514 4.0354
v  8.3229 -1.2290 4.0229
v  8.6721 -0.1272 4.0116
v  8.6022 -0.1156 3.9994
v  8.7759 1.0271 3.9846
v  8.7049 1.0276 3.9725
v  8.6966 2.1833 3.9547
v  8.4386 3.3130 3.9228
v  8.6264 2.1726 3.9429
v  8.3709 3.2914 3.9114
v  8.0058 4.3879 3.8897
v  7.4112 5.3825 3.8563
v  7.9423 4.3560 3.8786
v  7.3534 5.3410 3.8454
v  6.6674 6.2710 3.8232
v  5.7943 7.0331 3.7914
v  6.6167 6.2210 3.8127
v  5.7521 6.9757 3.7812
v  4.8122 7.6483 3.7616
v  4.7794 7.5850 3.7517
v  3.7463 8.1032 3.7346
v  3.7237 8.0355 3.7250
v  2.6220 8.3847 3.7110
v  1.4675 8.4880 3.6914
v  2.6102 8.3143 3.7016
v  1.4669 8.4166 3.6822
v  0.3111 8.4083 3.6762
v  -0.8189 8.1499 3.6661
v  0.3216 8.3378 3.6672
v  -0.7975 8.0818 3.6571
v  -1.8943 7.7169 3.6609
v  -2.8893 7.1219 3.6610
v  -1.8625 7.6530 3.6521
v  -2.8479 7.0638 3.6521
v  -3.7782 6.3780 3.6664
v  -3.7283 6.3269 3.6574
v  -4.5408 5.5049 3.6769
v  -4.4835 5.4622 3.6677
v  -5.1564 4.5227 3.6922
v  -5.6118 3.4568 3.7119
v  -5.0933 4.4895 3.6829
v  -5.5443 3.4339 3.7025
v  -5.8938 2.3326 3.7357
v  -5.9976 1.1784 3.7628
v  -5.8235 2.3205 3.7260
v  -5.9263 1.1773 3.7529
v  -5.9183 0.0221 3.7926
v  -5.8478 0.0323 3.7825
v  -2.8906 -1.0272 3.7092
v  -2.4814 -1.8296 3.6798
v  -2.4810 -1.6501 3.7597
v  -2.6862 -1.5720 3.6643
v  -2.9771 -1.0737 3.5970
v  -3.1399 -0.3228 3.7171
v  -3.1994 -0.5382 3.6311
v  -3.2809 -0.2189 3.6280
v  -3.2322 -0.5804 3.5621
v  -2.7380 -1.5762 3.5941
v  -1.9944 -2.2149 3.7906
v  -1.6155 -2.7135 3.7145
v  -1.4393 -2.7135 3.8015
v  -2.0566 -2.2794 3.6993
v  -0.8239 -3.1372 3.7920
v  -0.0216 -3.5464 3.7587
v  -0.1257 -3.3997 3.8379
v  -0.8678 -3.2270 3.6816
v  -0.3389 -3.4584 3.7458
v  -1.3620 -2.9240 3.7174
v  -1.3645 -2.9783 3.6491
v  -0.3791 -3.4932 3.6765
v  0.6002 -3.5706 3.8626
v  1.1988 -3.7525 3.7818
v  1.3423 -3.6477 3.8658
v  0.5867 -3.6605 3.7725
v  2.0891 -3.6291 3.8472
v  2.9783 -3.4893 3.8014
v  2.8088 -3.4308 3.8820
v  2.1058 -3.7311 3.7380
v  2.6698 -3.6048 3.7937
v  1.5276 -3.7737 3.7811
v  1.5569 -3.8206 3.7131
v  2.6580 -3.6608 3.7254
v  3.4968 -3.1422 3.8948
v  4.0870 -2.9389 3.8042
v  4.1426 -2.7687 3.8853
v  3.5376 -3.2242 3.8052
v  5.3723 -1.6803 3.7919
v  5.2017 -1.7314 3.8751
v  4.7356 -2.3151 3.8537
v  5.1905 -1.9551 3.7900
v  4.8067 -2.3901 3.7445
v  4.3655 -2.7628 3.7979
v  4.4166 -2.7877 3.7297
v  5.2103 -2.0067 3.7220
v  5.5890 -1.0936 3.8747
v  5.9459 -0.5834 3.7732
v  5.8918 -0.4120 3.8525
v  5.6691 -1.1371 3.7848
v  6.1392 1.0494 3.8199
v  6.1047 0.3029 3.8089
v  6.2461 1.1899 3.7336
v  6.2604 0.8606 3.7359
v  6.2034 0.2838 3.6988
v  6.0677 -0.2776 3.7614
v  6.1199 -0.2664 3.6923
v  6.3055 0.8300 3.6678
v  6.0776 1.7929 3.8103
v  6.0654 2.4140 3.7006
v  5.9219 2.5220 3.7802
v  6.1670 1.8036 3.7192
v  5.6735 3.2250 3.7299
v  5.2658 4.0246 3.6487
v  5.2630 3.8493 3.7374
v  5.7633 3.2660 3.6183
v  5.4709 3.7667 3.6521
v  5.9841 2.7330 3.6854
v  6.0190 2.7717 3.6153
v  5.5247 3.7674 3.5833
v  4.7761 4.4146 3.7259
v  4.4000 4.9086 3.6141
v  4.2214 4.9126 3.6957
v  4.8410 4.4746 3.6333
v  3.6067 5.3349 3.6470
v  2.8060 5.7414 3.5697
v  2.9078 5.5990 3.6593
v  3.1235 5.6532 3.5706
v  3.6539 5.4193 3.5336
v  4.1466 5.1187 3.5990
v  4.1512 5.1695 3.5282
v  3.1657 5.6845 3.5009
v  1.5857 5.9474 3.5467
v  1.4396 5.8469 3.6314
v  2.1815 5.7703 3.6539
v  2.1977 5.8557 3.5599
v  -0.0268 5.6301 3.6152
v  0.6937 5.8269 3.5919
v  -0.1939 5.6844 3.5270
v  0.6810 5.9213 3.4773
v  0.1149 5.7996 3.5225
v  1.2571 5.9684 3.5352
v  1.2300 6.0114 3.4642
v  0.1299 5.8486 3.4520
v  -1.3025 5.1339 3.5243
v  -1.3605 4.9678 3.6119
v  -0.7151 5.3420 3.6219
v  -0.7532 5.4193 3.5273
v  -1.9528 4.5129 3.5855
v  -2.5878 3.8753 3.5366
v  -2.4198 3.9307 3.6221
v  -2.0199 4.5803 3.4707
v  -2.4058 4.1498 3.5263
v  -1.5809 4.9576 3.5184
v  -1.6288 4.9755 3.4477
v  -2.4234 4.1974 3.4553
v  -3.1614 2.7785 3.5554
v  -3.1098 2.6112 3.6446
v  -2.8074 3.2933 3.6419
v  -2.8847 3.3322 3.5477
v  -3.4617 1.0052 3.5949
v  -3.3572 1.1499 3.6773
v  -3.3219 1.8949 3.6302
v  -3.4172 1.9084 3.5165
v  -3.4757 1.3341 3.5804
v  -3.2831 2.4722 3.5551
v  -3.3332 2.4577 3.4851
v  -3.5188 1.3613 3.5096
v  -3.2960 0.4068 3.7064
v  -3.3826 0.3915 3.6134
v  -3.2978 -0.6884 3.3970
v  -3.0853 -1.1332 3.4160
v  -2.8592 -1.5716 3.4254
v  -1.3559 -3.1064 3.4857
v  -0.9224 -3.3412 3.5027
v  -0.4819 -3.5630 3.5099
v  1.6377 -3.9229 3.5501
v  2.1284 -3.8639 3.5607
v  2.6171 -3.7904 3.5613
v  4.8978 -2.4889 3.5675
v  4.5420 -2.8347 3.5660
v  5.2431 -2.1327 3.5588
v  6.3281 0.2587 3.5203
v  6.2384 -0.2263 3.5263
v  6.4030 0.7459 3.5045
v  6.0893 2.8714 3.4472
v  5.8768 3.3165 3.4377
v  5.6509 3.7546 3.4187
v  3.7140 5.5244 3.3510
v  4.1475 5.2894 3.3584
v  3.2735 5.7460 3.3341
v  1.1546 6.1038 3.2940
v  0.6656 6.0392 3.2932
v  0.1789 5.9595 3.2832
v  -1.7461 5.0038 3.2785
v  -2.1038 4.6642 3.2865
v  -2.4509 4.3137 3.2853
v  -3.5365 1.9246 3.3334
v  -3.4468 2.4093 3.3179
v  -3.6114 1.4371 3.3396
v  3.0115 1.9399 4.8619
v  2.8645 2.1860 4.8536
v  3.1186 1.6740 4.8701
v  2.4645 2.5943 4.8376
v  2.6805 2.4058 4.8455
v  1.9577 2.8591 4.8235
v  2.2215 2.7465 4.8302
v  1.6796 2.9287 4.8177
v  1.3940 2.9543 4.8129
v  0.8284 2.8706 4.8066
v  1.1079 2.9346 4.8091
v  0.3162 2.6163 4.8053
v  0.5623 2.7635 4.8054
v  -0.0924 2.2163 4.8093
v  0.0962 2.4322 4.8067
v  -0.3573 1.7096 4.8179
v  -0.2447 1.9732 4.8131
v  -0.4271 1.4314 4.8238
v  -0.4528 1.1459 4.8305
v  -0.3694 0.5804 4.8458
v  -0.4332 0.8599 4.8379
v  -0.1152 0.0684 4.8623
v  -0.2623 0.3144 4.8540
v  0.2849 -0.3399 4.8783
v  0.0688 -0.1514 4.8705
v  0.5278 -0.4921 4.8857
v  0.7915 -0.6047 4.8924
v  1.0696 -0.6743 4.8982
v  1.3553 -0.6999 4.9030
v  1.9209 -0.6162 4.9093
v  1.6414 -0.6802 4.9067
v  2.4331 -0.3620 4.9106
v  2.1870 -0.5091 4.9105
v  2.8416 0.0381 4.9066
v  2.6530 -0.1779 4.9092
v  3.1066 0.5448 4.8979
v  2.9940 0.2811 4.9028
v  3.2021 1.1085 4.8854
v  3.1764 0.8229 4.8921
v  3.1824 1.3945 4.8780
v  -3.0391 -2.0855 2.7434
v  -3.1593 -1.9078 2.7753
v  -3.4686 -1.3454 2.7326
v  -3.7980 -0.5567 2.6943
v  -2.9381 -2.2063 2.7812
v  -3.7301 -0.7578 2.7383
v  -3.8341 -0.4015 2.7231
v  -2.4928 -2.7435 2.7632
v  -1.8463 -3.3031 2.7913
v  -2.4644 -2.7143 2.7992
v  -1.9664 -3.1983 2.8202
v  -0.5347 -4.0199 2.8665
v  -1.1159 -3.7473 2.8270
v  -0.3335 -4.0935 2.8332
v  -0.1802 -4.1316 2.8697
v  -1.6727 -3.4253 2.8349
v  0.5016 -4.2639 2.8815
v  0.4954 -4.3049 2.8461
v  1.3476 -4.3774 2.8651
v  1.1893 -4.3628 2.8957
v  2.8310 -4.1859 2.9203
v  2.2000 -4.3072 2.8897
v  3.0366 -4.1277 2.8838
v  3.1834 -4.0679 2.9178
v  1.5604 -4.3738 2.9062
v  3.8316 -3.8116 2.8831
v  4.5639 -3.3694 2.8875
v  3.8130 -3.7743 2.9182
v  4.4275 -3.4502 2.9209
v  5.2125 -2.8115 2.8971
v  5.7838 -2.1748 2.8759
v  5.6521 -2.3423 2.9161
v  5.8678 -2.0399 2.9071
v  4.7344 -3.2409 2.9250
v  6.2047 -1.4324 2.8953
v  6.2412 -1.4521 2.8601
v  6.5739 -0.6640 2.8500
v  6.5115 -0.8090 2.8860
v  6.7711 0.1686 2.8461
v  6.8589 1.0190 2.8124
v  6.8512 0.8068 2.8557
v  6.8479 1.1780 2.8416
v  6.6368 -0.4593 2.8839
v  6.7633 1.8674 2.8216
v  6.8041 1.8724 2.7858
v  6.6100 2.7054 2.7669
v  6.6452 2.5518 2.8045
v  5.8511 4.2341 2.7177
v  5.9701 4.0584 2.7619
v  6.2802 3.4948 2.7562
v  5.7492 4.3567 2.7464
v  6.5411 2.9084 2.7988
v  4.6584 5.4518 2.6699
v  5.2756 4.8645 2.7252
v  5.3051 4.8920 2.6887
v  4.7775 5.3486 2.7074
v  3.1455 6.2422 2.6279
v  3.3456 6.1705 2.6707
v  3.9275 5.8967 2.6619
v  2.9913 6.2819 2.6579
v  4.4836 5.5759 2.7022
v  2.3094 6.4142 2.6430
v  2.3168 6.4533 2.6059
v  1.4645 6.5261 2.5961
v  1.6219 6.5131 2.6319
v  0.6116 6.4565 2.5991
v  -0.2245 6.2763 2.5773
v  -0.0200 6.3364 2.6169
v  -0.3722 6.2183 2.6098
v  1.2505 6.5243 2.6310
v  -1.0194 5.9600 2.5689
v  -1.7518 5.5181 2.5737
v  -1.0019 5.9246 2.6063
v  -1.6164 5.6006 2.6068
v  -2.9718 4.3235 2.5853
v  -2.8412 4.4928 2.6210
v  -2.4009 4.9609 2.5917
v  -3.0568 4.1902 2.6206
v  -1.9235 5.3914 2.6123
v  -3.3937 3.5826 2.6291
v  -3.4291 3.6005 2.5919
v  -3.7619 2.8127 2.6111
v  -3.7004 2.9594 2.6416
v  -3.9594 1.9807 2.6427
v  -4.0468 1.1295 2.6487
v  -4.0402 1.3438 2.6816
v  -4.0368 0.9722 2.6860
v  -3.8259 2.6099 2.6533
v  -3.9919 0.2761 2.6662
v  -3.9523 0.2829 2.7028
v  -0.6340 0.1140 4.3600
v  -0.7658 0.4415 4.3500
v  -0.7845 0.0384 4.3309
v  -0.4528 -0.1890 4.3702
v  -0.9261 0.3904 4.3201
v  -0.5897 -0.2873 4.3418
v  -0.3461 -0.5783 4.3527
v  -0.2261 -0.4597 4.3803
v  0.0398 -0.6918 4.3900
v  -0.0602 -0.8278 4.3631
v  0.3390 -0.8793 4.3990
v  0.2614 -1.0292 4.3729
v  0.6638 -1.0179 4.4072
v  0.6105 -1.1782 4.3817
v  0.9786 -1.2705 4.3894
v  1.0063 -1.1037 4.4145
v  1.3580 -1.1351 4.4204
v  1.3567 -1.3042 4.3959
v  1.7104 -1.1109 4.4250
v  1.7354 -1.2782 4.4008
v  2.0546 -1.0321 4.4282
v  2.1054 -1.1935 4.4042
v  2.3823 -0.9002 4.4297
v  2.4576 -1.0517 4.4058
v  2.6854 -0.7190 4.4297
v  2.7834 -0.8569 4.4058
v  2.9562 -0.4923 4.4281
v  3.0745 -0.6133 4.4041
v  3.1885 -0.2263 4.4249
v  3.3242 -0.3274 4.4006
v  3.5257 -0.0057 4.3956
v  3.3761 0.0729 4.4202
v  3.5148 0.3977 4.4142
v  3.6749 0.3434 4.3891
v  3.7673 0.7114 4.3814
v  3.6008 0.7402 4.4070
v  3.6324 1.0918 4.3988
v  3.8013 1.0895 4.3725
v  3.6082 1.4441 4.3896
v  3.7753 1.4681 4.3627
v  3.5296 1.7883 4.3799
v  3.6908 1.8380 4.3522
v  3.5491 2.1900 4.3414
v  3.3977 2.1158 4.3698
v  3.2166 2.4188 4.3597
v  3.3544 2.5157 4.3304
v  3.1107 2.8067 4.3196
v  2.9900 2.6895 4.3495
v  2.7240 2.9217 4.3399
v  2.8249 3.0562 4.3092
v  2.4247 3.1091 4.3308
v  2.5032 3.2577 4.2995
v  2.1000 3.2477 4.3225
v  2.1542 3.4067 4.2906
v  1.7574 3.3335 4.3154
v  1.7860 3.4989 4.2829
v  1.4057 3.3650 4.3094
v  1.4080 3.5327 4.2765
v  1.0534 3.3407 4.3048
v  1.0293 3.5066 4.2715
v  0.7091 3.2619 4.3017
v  0.6593 3.4219 4.2682
v  0.3815 3.1301 4.3001
v  0.3071 3.2802 4.2665
v  0.0784 2.9488 4.3001
v  -0.0187 3.0853 4.2666
v  -0.3099 2.8417 4.2683
v  -0.1925 2.7221 4.3018
v  -0.4248 2.4561 4.3049
v  -0.5595 2.5558 4.2717
v  -0.6123 2.1569 4.3096
v  -0.7611 2.2342 4.2767
v  -0.7511 1.8321 4.3156
v  -0.9103 1.8851 4.2832
v  -0.8370 1.4897 4.3229
v  -1.0026 1.5170 4.2910
v  -0.8686 1.1379 4.3311
v  -1.0366 1.1390 4.2998
v  -0.8445 0.7857 4.3402
v  -1.0107 0.7603 4.3096
v  1.3919 1.1354 4.7433
v  1.3935 1.1329 4.7434
v  1.3946 1.1301 4.7435
v  1.3878 1.1398 4.7431
v  1.3901 1.1377 4.7432
v  1.3824 1.1425 4.7430
v  1.3852 1.1413 4.7431
v  1.3765 1.1435 4.7429
v  1.3795 1.1432 4.7429
v  1.3706 1.1427 4.7428
v  1.3735 1.1432 4.7428
v  1.3678 1.1415 4.7428
v  1.3652 1.1399 4.7428
v  1.3629 1.1380 4.7428
v  1.3609 1.1357 4.7429
v  1.3582 1.1305 4.7430
v  1.3594 1.1332 4.7430
v  1.3572 1.1245 4.7430
v  1.3574 1.1275 4.7430
v  1.3581 1.1186 4.7433
v  1.3574 1.1215 4.7431
v  1.3607 1.1132 4.7434
v  1.3591 1.1158 4.7433
v  1.3649 1.1089 4.7436
v  1.3626 1.1109 4.7435
v  1.3702 1.1062 4.7437
v  1.3674 1.1074 4.7437
v  1.3761 1.1052 4.7438
v  1.3731 1.1054 4.7438
v  1.3821 1.1060 4.7439
v  1.3791 1.1054 4.7439
v  1.3848 1.1072 4.7439
v  1.3874 1.1087 4.7439
v  1.3917 1.1129 4.7439
v  1.3898 1.1106 4.7439
v  1.3933 1.1155 4.7439
v  1.3945 1.1182 4.7438
v  1.3955 1.1241 4.7437
v  1.3953 1.1212 4.7437
v  1.3953 1.1271 4.7436
v  -2.5178 -0.8323 4.0131
v  -2.7731 -0.1979 3.9937
v  -2.1668 -1.4192 4.0329
v  -1.7279 -1.9436 4.0524
v  -1.2127 -2.3933 4.0711
v  -0.6331 -2.7563 4.0888
v  -0.0040 -3.0248 4.1047
v  0.6594 -3.1909 4.1186
v  1.3407 -3.2519 4.1301
v  2.0232 -3.2049 4.1391
v  2.6900 -3.0524 4.1451
v  3.3246 -2.7968 4.1482
v  3.9118 -2.4458 4.1481
v  4.4364 -2.0067 4.1449
v  4.8864 -1.4914 4.1388
v  5.2497 -0.9118 4.1297
v  5.5185 -0.2828 4.1180
v  5.6849 0.3806 4.1041
v  5.7462 1.0618 4.0880
v  5.6994 1.7441 4.0704
v  5.5470 2.4108 4.0516
v  5.2917 3.0452 4.0321
v  4.9408 3.6321 4.0123
v  4.5018 4.1564 3.9929
v  3.9866 4.6062 3.9740
v  3.4070 4.9692 3.9565
v  2.7780 5.2376 3.9405
v  2.1145 5.4038 3.9266
v  1.4332 5.4647 3.9151
v  0.7507 5.4178 3.9062
v  0.0839 5.2652 3.9001
v  -0.5507 5.0097 3.8971
v  -1.1379 4.6586 3.8971
v  -1.6625 4.2196 3.9003
v  -2.1125 3.7043 3.9065
v  -2.4758 3.1247 3.9155
v  -2.7445 2.4957 3.9271
v  -2.9110 1.8322 3.9412
v  -2.9722 1.1511 3.9571
v  -2.9255 0.4688 3.9748
v  -3.0265 -2.0332 2.8279
v  -2.9601 -1.8644 2.9651
v  -2.9859 -1.8790 2.9852
v  -2.9053 -1.7342 3.1988
v  -2.8519 -2.1674 2.8113
v  -2.8787 -1.7204 3.1795
v  -3.6076 -0.6265 2.9449
v  -3.4492 -0.6386 3.1636
v  -3.5800 -0.6159 2.9249
v  -3.7510 -0.5740 2.7810
v  -3.4215 -0.6268 3.1442
v  -3.7517 -0.3547 2.7530
v  -0.3969 -3.8654 3.0526
v  -0.4089 -3.8920 3.0732
v  -0.3531 -4.0427 2.9173
v  -0.4263 -3.7247 3.2848
v  -0.1330 -4.0489 2.8982
v  -0.4131 -3.6981 3.2649
v  -1.5105 -3.1581 3.2547
v  -1.6325 -3.2198 3.0184
v  -1.6483 -3.2444 3.0388
v  -1.7971 -3.2882 2.8773
v  -1.4954 -3.1326 3.2349
v  -1.9269 -3.1117 2.8484
v  2.8651 -4.0213 3.1249
v  2.9933 -4.1007 2.9684
v  2.8592 -3.9928 3.1042
v  2.7579 -3.9013 3.3362
v  3.1748 -3.9764 2.9458
v  2.7529 -3.8723 3.3160
v  1.4764 -4.2101 3.1091
v  1.5400 -4.0566 3.3221
v  1.4748 -4.1810 3.0885
v  1.3799 -4.3351 2.9504
v  1.5373 -4.0273 3.3019
v  1.1709 -4.2686 2.9235
v  5.5717 -2.1767 3.1190
v  5.7303 -2.1751 2.9610
v  5.5497 -2.1578 3.0984
v  5.4102 -2.1350 3.3315
v  5.8038 -1.9685 2.9346
v  5.3885 -2.1150 3.3113
v  4.5581 -3.1492 3.1083
v  4.5772 -3.1713 3.1290
v  4.5434 -3.0148 3.3405
v  4.5671 -3.3192 2.9722
v  4.5232 -2.9933 3.3203
v  4.3585 -3.3888 2.9487
v  6.6624 0.8987 3.0384
v  6.6915 0.8964 3.0590
v  6.8170 0.9887 2.8982
v  6.5386 0.8383 3.2742
v  6.7549 1.1989 2.8694
v  6.5092 0.8417 3.2543
v  6.4580 -0.4825 3.0898
v  6.3344 -0.3680 3.3012
v  6.4297 -0.4760 3.0692
v  6.5450 -0.6179 2.9340
v  6.3053 -0.3623 3.2812
v  6.4170 -0.7968 2.9141
v  5.7656 4.0243 2.9477
v  5.7906 4.0399 2.9677
v  5.8361 4.1861 2.8042
v  5.7037 3.9058 3.1858
v  5.6620 4.3192 2.7758
v  5.6777 3.8910 3.1664
v  6.3854 2.7758 2.9878
v  6.4124 2.7874 3.0079
v  6.2476 2.8102 3.2210
v  6.5604 2.7269 2.8512
v  6.2205 2.7974 3.2015
v  6.5619 2.5065 2.8341
v  3.1626 6.1956 2.7149
v  3.2023 6.0253 2.8601
v  3.2137 6.0528 2.8796
v  3.2246 5.8963 3.0997
v  2.9432 6.2008 2.6890
v  3.2120 5.8687 3.0808
v  4.4531 5.4053 2.9140
v  4.3089 5.3297 3.1298
v  4.4379 5.3797 2.8943
v  4.6066 5.4411 2.7549
v  4.2943 5.3032 3.1109
v  4.7371 5.2635 2.7388
v  -0.1823 6.2499 2.6642
v  -0.0484 6.1373 2.8094
v  -0.0551 6.1666 2.8286
v  0.0483 6.0492 3.0491
v  -0.3632 6.1248 2.6421
v  0.0541 6.0193 3.0305
v  1.3311 6.3413 2.8246
v  1.3286 6.3712 2.8439
v  1.2588 6.2283 3.0625
v  1.4298 6.4883 2.6820
v  1.2623 6.1980 3.0439
v  1.6395 6.4210 2.6643
v  -2.7672 4.3376 2.8341
v  -2.9210 4.3281 2.6715
v  -2.7448 4.3176 2.8147
v  -2.6120 4.3064 3.0531
v  -2.9941 4.1203 2.6531
v  -2.5899 4.2853 3.0346
v  -1.7677 5.3163 2.8245
v  -1.7377 5.1625 3.0448
v  -1.7485 5.2932 2.8052
v  -1.7566 5.4683 2.6604
v  -1.7173 5.1399 3.0262
v  -1.5475 5.5367 2.6392
v  -3.8867 1.2644 2.8938
v  -4.0074 1.1642 2.7340
v  -3.8571 1.2612 2.8742
v  -3.7401 1.3334 3.1103
v  -3.9447 0.9530 2.7177
v  -3.7102 1.3290 3.0914
v  -3.6532 2.6434 2.8630
v  -3.5359 2.5396 3.0834
v  -3.6243 2.6359 2.8435
v  -3.7354 2.7707 2.6981
v  -3.5064 2.5330 3.0645
v  -3.6068 2.9486 2.6731
v  -3.2997 -0.4104 3.5387
v  -3.2895 -0.3714 3.5965
v  -3.3102 -0.1798 3.5866
v  -3.2962 -0.2123 3.5129
v  -2.6070 -1.7460 3.6407
v  -2.6428 -1.7336 3.5813
v  -2.4669 -1.8785 3.6413
v  -2.4825 -1.8517 3.5656
v  -2.0629 -2.2874 3.6558
v  -2.0415 -2.2671 3.6362
v  -1.6626 -2.6997 3.6736
v  -1.6332 -2.7187 3.5997
v  -1.5192 -2.8806 3.6263
v  -1.5331 -2.8423 3.6838
v  -0.2097 -3.5649 3.6627
v  0.0184 -3.5780 3.7202
v  -0.1729 -3.5531 3.7216
v  -0.0108 -3.5665 3.6446
v  0.5911 -3.6427 3.7089
v  0.5858 -3.6714 3.7291
v  1.1523 -3.7696 3.7414
v  1.1867 -3.7689 3.6669
v  1.3409 -3.8088 3.7500
v  1.3740 -3.8325 3.6924
v  2.8595 -3.5843 3.7668
v  2.8372 -3.6202 3.7086
v  3.0289 -3.4921 3.7621
v  2.9991 -3.5051 3.6869
v  3.5428 -3.2343 3.7616
v  3.5299 -3.2084 3.7411
v  4.0587 -2.9808 3.7646
v  4.0862 -2.9653 3.6896
v  4.2346 -2.9015 3.7702
v  4.2757 -2.9060 3.7122
v  5.3304 -1.8680 3.7020
v  5.4143 -1.6535 3.7517
v  5.3315 -1.8274 3.7597
v  5.3932 -1.6803 3.6771
v  5.6785 -1.1428 3.7414
v  5.6525 -1.1297 3.7213
v  5.9471 -0.6344 3.7345
v  5.9558 -0.6039 3.6591
v  6.0428 -0.4669 3.7366
v  6.0748 -0.4446 3.6779
v  6.2991 1.0464 3.7028
v  6.3214 1.0123 3.6454
v  6.2636 1.2358 3.6928
v  6.2614 1.2009 3.6188
v  6.1773 1.8040 3.6758
v  6.1482 1.7991 3.6561
v  6.0958 2.3729 3.6620
v  6.0841 2.4017 3.5864
v  6.0870 2.6008 3.6024
v  6.0750 2.5647 3.6618
v  5.3926 3.9393 3.6176
v  5.4301 3.9240 3.5599
v  5.2526 4.0716 3.6075
v  5.2703 4.0410 3.5337
v  4.8487 4.4803 3.5897
v  4.8277 4.4590 3.5706
v  4.4482 4.8927 3.5751
v  4.4210 4.9081 3.4996
v  4.3064 5.0710 3.5149
v  4.3187 5.0356 3.5746
v  2.9970 5.7553 3.4785
v  2.7672 5.7710 3.5285
v  2.9584 5.7464 3.5368
v  2.7986 5.7557 3.4547
v  2.1953 5.8344 3.4976
v  2.2000 5.8643 3.5163
v  1.6336 5.9624 3.5071
v  1.6016 5.9578 3.4320
v  1.4134 6.0226 3.4485
v  1.4448 6.0020 3.5081
v  -0.0485 5.8065 3.4323
v  -0.2431 5.6849 3.4863
v  -0.0739 5.7774 3.4913
v  -0.2095 5.6900 3.4119
v  -0.7569 5.4270 3.4835
v  -0.7435 5.3999 3.4650
v  -1.2730 5.1736 3.4837
v  -1.2971 5.1501 3.4092
v  -1.4872 5.0921 3.4288
v  -1.4490 5.0946 3.4879
v  -2.5432 4.0582 3.4389
v  -2.6286 3.8463 3.4967
v  -2.5459 4.0205 3.4985
v  -2.6053 3.8692 3.4218
v  -2.8661 3.3214 3.4853
v  -2.8927 3.3357 3.5039
v  -3.1614 2.8274 3.5142
v  -3.1679 2.7933 3.4402
v  -3.2573 2.6602 3.5217
v  -3.2875 2.6349 3.4633
v  -3.4780 0.9573 3.5559
v  -3.5135 1.1469 3.5555
v  -3.5342 1.1781 3.4958
v  -3.4735 0.9885 3.4805
v  -3.3916 0.3890 3.5697
v  -3.3619 0.3929 3.5507
v  -3.3497 -0.5330 3.3779
v  -3.3216 -0.5222 3.3589
v  -2.7666 -1.7077 3.4157
v  -2.7405 -1.6928 3.3964
v  -1.4733 -2.9864 3.4473
v  -1.4895 -3.0114 3.4670
v  -0.3149 -3.5917 3.4794
v  -0.3270 -3.6188 3.4992
v  1.4717 -3.8935 3.5129
v  1.4732 -3.9228 3.5331
v  2.7759 -3.7467 3.5480
v  2.7698 -3.7180 3.5277
v  4.4108 -2.9350 3.5520
v  4.3917 -2.9127 3.5316
v  5.3432 -2.0014 3.5425
v  5.3208 -1.9823 3.5223
v  6.1604 -0.3766 3.4951
v  6.1893 -0.3834 3.5150
v  6.3786 0.9120 3.4664
v  6.4083 0.9099 3.4861
v  6.1142 2.7036 3.4179
v  6.1418 2.7153 3.4374
v  5.5331 3.8741 3.3803
v  5.5586 3.8900 3.3995
v  4.2816 5.1937 3.3483
v  4.2659 5.1678 3.3295
v  3.1075 5.7730 3.2974
v  3.1191 5.8011 3.3161
v  1.3216 6.0746 3.2635
v  1.3192 6.1051 3.2820
v  0.0214 5.9132 3.2676
v  0.0284 5.8834 3.2492
v  -1.6138 5.1013 3.2636
v  -1.5943 5.0777 3.2453
v  -2.5512 4.1833 3.2727
v  -2.5283 4.1631 3.2542
v  -3.3677 2.5580 3.2817
v  -3.3972 2.5657 3.3003
v  -3.5860 1.2693 3.3105
v  -3.6161 1.2725 3.3292
v  -2.8904 -2.2363 2.7809
v  -3.0455 -2.0881 2.7802
v  -3.8049 -0.5583 2.7310
v  -3.8290 -0.3454 2.7200
v  -2.4411 -2.6915 2.7971
v  -1.9954 -3.1500 2.8168
v  -2.4204 -2.6720 2.7759
v  -0.3366 -4.0990 2.8701
v  -0.1240 -4.1277 2.8687
v  -1.8506 -3.3079 2.8281
v  0.5123 -4.2040 2.8576
v  0.5072 -4.2318 2.8790
v  1.1375 -4.3405 2.8929
v  3.0378 -4.1332 2.9210
v  3.2266 -4.0315 2.9161
v  1.3476 -4.3831 2.9022
v  4.3723 -3.4627 2.9189
v  3.7860 -3.7198 2.8943
v  3.7985 -3.7450 2.9157
v  5.7883 -2.1783 2.9130
v  5.8813 -1.9852 2.9044
v  4.5674 -3.3737 2.9247
v  6.4744 -0.8515 2.8847
v  6.1506 -1.4046 2.8713
v  6.1758 -1.4173 2.8928
v  6.8651 1.0195 2.8493
v  6.8269 1.2302 2.8382
v  6.5800 -0.6648 2.8869
v  6.6402 2.4957 2.8040
v  6.7032 1.8579 2.7981
v  6.7312 1.8626 2.8193
v  5.8564 4.2386 2.7544
v  5.7015 4.3865 2.7432
v  6.6158 2.7088 2.8036
v  5.2523 4.8417 2.7236
v  4.8064 5.3002 2.7073
v  5.2322 4.8211 2.7028
v  2.9351 6.2780 2.6555
v  3.1475 6.2495 2.6645
v  4.6615 5.4584 2.7065
v  2.2995 6.3534 2.6214
v  2.3040 6.3821 2.6418
v  1.6737 6.4910 2.6315
v  -0.4155 6.1821 2.6083
v  -0.2267 6.2839 2.6139
v  1.4635 6.5339 2.6327
v  -0.9743 5.8693 2.5851
v  -0.9874 5.8953 2.6053
v  -1.5615 5.6130 2.6056
v  -3.0704 4.1355 2.6200
v  -2.9775 4.3288 2.6218
v  -1.7567 5.5242 2.6102
v  -3.3391 3.5537 2.6077
v  -3.3647 3.5675 2.6280
v  -3.6633 3.0017 2.6394
v  -4.0157 0.9200 2.6859
v  -4.0542 1.1310 2.6854
v  -3.7690 2.8153 2.6477
v  -3.8915 0.2912 2.6806
v  -3.9200 0.2876 2.7013
v  -1.1214 -0.1294 4.3137
v  -0.8963 -0.5058 4.3264
v  -1.2851 0.2774 4.3012
v  -0.6149 -0.8421 4.3389
v  -0.2845 -1.1304 4.3510
v  0.0872 -1.3632 4.3623
v  0.4906 -1.5353 4.3725
v  0.9161 -1.6419 4.3814
v  1.3529 -1.6810 4.3888
v  1.7906 -1.6509 4.3945
v  2.2182 -1.5530 4.3984
v  2.6252 -1.3892 4.4003
v  3.0017 -1.1641 4.4003
v  3.3380 -0.8825 4.3983
v  3.6266 -0.5521 4.3943
v  3.8595 -0.1804 4.3885
v  4.0319 0.2230 4.3811
v  4.1387 0.6483 4.3721
v  4.1779 1.0851 4.3618
v  4.1479 1.5227 4.3505
v  4.0503 1.9502 4.3384
v  3.8865 2.3570 4.3259
v  3.6615 2.7333 4.3133
v  3.3800 3.0697 4.3007
v  3.0496 3.3580 4.2887
v  2.6779 3.5908 4.2774
v  2.2745 3.7629 4.2672
v  1.8490 3.8695 4.2583
v  1.4122 3.9086 4.2508
v  0.9746 3.8785 4.2451
v  0.5469 3.7807 4.2413
v  0.1400 3.6168 4.2393
v  -0.2365 3.3916 4.2394
v  -0.5729 3.1101 4.2414
v  -0.8614 2.7797 4.2453
v  -1.0944 2.4080 4.2512
v  -1.2668 2.0046 4.2586
v  -1.3735 1.5793 4.2676
v  -1.4128 1.1424 4.2779
v  -1.3828 0.7049 4.2892
v  -4.4302 -1.7928 3.6701
v  -4.8111 -0.8469 3.6409
v  -3.9071 -2.6679 3.6995
v  -3.2525 -3.4497 3.7286
v  -2.4843 -4.1203 3.7566
v  -1.6200 -4.6616 3.7828
v  -0.6822 -5.0619 3.8066
v  0.3072 -5.3096 3.8273
v  1.3230 -5.4005 3.8446
v  2.3406 -5.3305 3.8578
v  3.3349 -5.1030 3.8669
v  4.2812 -4.7220 3.8714
v  5.1567 -4.1985 3.8713
v  5.9389 -3.5439 3.8665
v  6.6099 -2.7755 3.8574
v  7.1516 -1.9114 3.8439
v  7.5523 -0.9734 3.8265
v  7.8005 0.0158 3.8056
v  7.8917 1.0315 3.7817
v  7.8220 2.0488 3.7555
v  7.5949 3.0429 3.7274
v  7.2141 3.9888 3.6983
v  6.6909 4.8639 3.6688
v  6.0364 5.6458 3.6398
v  5.2682 6.3163 3.6118
v  4.4039 6.8576 3.5856
v  3.4661 7.2579 3.5618
v  2.4767 7.5057 3.5410
v  1.4608 7.5965 3.5238
v  0.4433 7.5264 3.5106
v  -0.5510 7.2991 3.5015
v  -1.4972 6.9180 3.4970
v  -2.3728 6.3945 3.4971
v  -3.1550 5.7399 3.5018
v  -3.8260 4.9716 3.5110
v  -4.3677 4.1074 3.5245
v  -4.7685 3.1694 3.5418
v  -5.0165 2.1803 3.5627
v  -5.1079 1.1646 3.5866
v  -5.0381 0.1472 3.6129
v  -4.2655 -1.7304 3.0653
v  -4.6361 -0.8098 3.0368
v  -3.7563 -2.5821 3.0939
v  -3.1192 -3.3430 3.1222
v  -2.3716 -3.9957 3.1494
v  -1.5305 -4.5225 3.1749
v  -0.6178 -4.9121 3.1981
v  0.3451 -5.1532 3.2183
v  1.3338 -5.2416 3.2350
v  2.3241 -5.1734 3.2480
v  3.2919 -4.9521 3.2567
v  4.2127 -4.5812 3.2611
v  5.0649 -4.0717 3.2610
v  5.8262 -3.4347 3.2565
v  6.4791 -2.6870 3.2475
v  7.0064 -1.8459 3.2344
v  7.3964 -0.9331 3.2175
v  7.6379 0.0298 3.1972
v  7.7267 1.0183 3.1740
v  7.6589 2.0083 3.1483
v  7.4379 2.9758 3.1211
v  7.0673 3.8964 3.0927
v  6.5581 4.7481 3.0641
v  5.9211 5.5090 3.0357
v  5.1734 6.1617 3.0085
v  4.3323 6.6884 2.9830
v  3.4194 7.0781 2.9599
v  2.4567 7.3192 2.9397
v  1.4680 7.4076 2.9229
v  0.4776 7.3394 2.9099
v  -0.4901 7.1181 2.9012
v  -1.4110 6.7472 2.8968
v  -2.2631 6.2378 2.8969
v  -3.0244 5.6006 2.9015
v  -3.6775 4.8529 2.9104
v  -4.2046 4.0117 2.9235
v  -4.5946 3.0989 2.9404
v  -4.8361 2.1362 2.9607
v  -4.9250 1.1477 2.9840
v  -4.8571 0.1577 3.0096
# 2091 vertices

vn 0.5198 -0.0947 -0.8490
vn 0.8650 0.0784 0.4956
vn 0.8199 0.0000 0.5724
vn 0.5277 0.0000 -0.8494
vn -0.1182 0.9892 0.0867
vn 0.7725 -0.1160 0.6243
vn -0.8199 0.0000 -0.5724
vn 0.3730 0.5844 -0.7206
vn -0.7632 0.0538 -0.6439
vn -0.7999 0.1136 -0.5893
vn 0.1769 0.9511 -0.2534
vn -0.7875 0.1079 -0.6068
vn -0.8411 0.1087 -0.5298
vn -0.0443 0.9390 0.3411
vn 0.8110 0.0585 0.5821
vn -0.8472 0.0295 -0.5305
vn 0.7483 -0.0110 0.6633
vn -0.3730 0.5844 0.7206
vn 0.7611 0.0813 0.6436
vn 0.1753 0.9717 -0.1580
vn -0.6156 0.0000 0.7881
vn -0.4459 -0.5493 -0.7067
vn -0.8199 -0.0000 -0.5724
vn 0.7930 -0.2975 0.5316
vn -0.3103 0.2326 0.9217
vn 0.6625 -0.0484 0.7475
vn -0.8846 0.0845 -0.4587
vn -0.1769 -0.9511 0.2534
vn 0.9330 0.1408 0.3311
vn 0.9440 -0.0363 0.3278
vn 0.0009 -0.9299 -0.3679
vn -0.7949 -0.2891 -0.5335
vn -0.8199 0.0000 -0.5725
vn 0.2099 -0.9757 0.0632
vn 0.6003 -0.0492 0.7983
vn 0.7632 -0.0000 0.6462
vn 0.7638 -0.0146 0.6453
vn 0.6069 -0.0973 0.7888
vn 0.5098 -0.0652 0.8578
vn 0.5981 -0.0000 0.8014
vn 0.7658 -0.0287 0.6425
vn 0.5186 -0.1287 0.8453
vn 0.5070 -0.0000 0.8620
vn 0.7689 -0.0423 0.6380
vn 0.6325 -0.1850 0.7521
vn 0.6177 -0.1429 0.7733
vn 0.5329 -0.1891 0.8248
vn 0.7733 -0.0546 0.6316
vn 0.5525 -0.2448 0.7967
vn 0.7787 -0.0658 0.6239
vn 0.6724 -0.2546 0.6950
vn 0.6509 -0.2226 0.7258
vn 0.5768 -0.2946 0.7620
vn 0.7851 -0.0752 0.6148
vn 0.6053 -0.3370 0.7212
vn 0.6965 -0.2805 0.6605
vn 0.7922 -0.0829 0.6046
vn 0.7226 -0.2993 0.6231
vn 0.6371 -0.3712 0.6755
vn 0.7999 -0.0884 0.5935
vn 0.6717 -0.3962 0.6260
vn 0.7501 -0.3109 0.5837
vn 0.8080 -0.0919 0.5819
vn 0.7783 -0.3147 0.5434
vn 0.7081 -0.4115 0.5738
vn 0.8164 -0.0930 0.5700
vn 0.7454 -0.4166 0.5204
vn 0.8065 -0.3109 0.5030
vn 0.8247 -0.0919 0.5580
vn 0.8339 -0.2993 0.4636
vn 0.7827 -0.4115 0.4670
vn 0.8328 -0.0884 0.5464
vn 0.8191 -0.3962 0.4149
vn 0.8601 -0.2805 0.4262
vn 0.8406 -0.0829 0.5353
vn 0.8842 -0.2546 0.3917
vn 0.8537 -0.3712 0.3653
vn 0.8477 -0.0752 0.5252
vn 0.8856 -0.3370 0.3197
vn 0.9240 -0.1850 0.3346
vn 0.9057 -0.2226 0.3609
vn 0.8541 -0.0658 0.5160
vn 0.9140 -0.2946 0.2788
vn 0.8594 -0.0546 0.5083
vn 0.9383 -0.2448 0.2441
vn 0.9388 -0.1429 0.3134
vn 0.8639 -0.0423 0.5020
vn 0.9496 -0.0973 0.2979
vn 0.9579 -0.1891 0.2160
vn 0.8670 -0.0287 0.4975
vn 0.9722 -0.1287 0.1956
vn 0.9584 -0.0000 0.2853
vn 0.9562 -0.0492 0.2884
vn 0.8690 -0.0146 0.4946
vn 0.9810 -0.0652 0.1830
vn 0.8696 -0.0000 0.4937
vn 0.9839 -0.0000 0.1789
vn 0.9562 0.0492 0.2884
vn 0.8690 0.0146 0.4946
vn 0.9496 0.0973 0.2979
vn 0.9810 0.0652 0.1830
vn 0.8670 0.0287 0.4975
vn 0.9722 0.1287 0.1956
vn 0.9240 0.1850 0.3346
vn 0.9388 0.1429 0.3134
vn 0.8639 0.0423 0.5020
vn 0.9579 0.1891 0.2160
vn 0.8594 0.0546 0.5083
vn 0.9383 0.2448 0.2441
vn 0.8541 0.0658 0.5160
vn 0.8842 0.2546 0.3917
vn 0.9057 0.2226 0.3609
vn 0.9140 0.2946 0.2788
vn 0.8477 0.0752 0.5252
vn 0.8856 0.3370 0.3197
vn 0.8406 0.0829 0.5353
vn 0.8339 0.2993 0.4636
vn 0.8601 0.2805 0.4262
vn 0.8537 0.3712 0.3653
vn 0.8328 0.0884 0.5464
vn 0.8191 0.3962 0.4149
vn 0.7783 0.3147 0.5434
vn 0.8065 0.3109 0.5030
vn 0.8247 0.0919 0.5580
vn 0.7827 0.4115 0.4670
vn 0.8164 0.0930 0.5700
vn 0.7454 0.4166 0.5204
vn 0.7226 0.2993 0.6231
vn 0.7501 0.3109 0.5837
vn 0.8080 0.0919 0.5819
vn 0.7081 0.4115 0.5738
vn 0.7999 0.0884 0.5935
vn 0.6717 0.3962 0.6260
vn 0.6965 0.2805 0.6605
vn 0.7922 0.0829 0.6046
vn 0.6724 0.2546 0.6950
vn 0.6371 0.3712 0.6755
vn 0.7851 0.0752 0.6148
vn 0.6053 0.3370 0.7212
vn 0.6325 0.1850 0.7521
vn 0.6509 0.2226 0.7258
vn 0.7787 0.0658 0.6239
vn 0.5767 0.2946 0.7620
vn 0.7733 0.0546 0.6316
vn 0.5525 0.2448 0.7967
vn 0.6177 0.1429 0.7733
vn 0.7689 0.0423 0.6380
vn 0.6069 0.0973 0.7888
vn 0.5329 0.1891 0.8248
vn 0.7658 0.0287 0.6425
vn 0.5186 0.1287 0.8453
vn 0.6003 0.0492 0.7983
vn 0.7638 0.0146 0.6453
vn 0.5098 0.0652 0.8578
vn -0.2860 -0.1489 0.9466
vn -0.3503 -0.3014 0.8868
vn -0.3708 -0.1526 0.9161
vn -0.2927 -0.0000 0.9562
vn -0.2963 -0.1494 0.9433
vn -0.3776 -0.0000 0.9260
vn -0.2660 -0.2941 0.9180
vn -0.2763 -0.2951 0.9147
vn -0.3031 0.0000 0.9530
vn -0.2334 -0.4320 0.8712
vn -0.2710 -0.5733 0.7732
vn -0.3168 -0.4428 0.8388
vn -0.2435 -0.4335 0.8676
vn -0.1887 -0.5593 0.8072
vn -0.1987 -0.5613 0.8034
vn -0.1332 -0.6729 0.7277
vn -0.1475 -0.7891 0.5963
vn -0.2141 -0.6897 0.6917
vn -0.1430 -0.6752 0.7237
vn -0.0681 -0.7698 0.6346
vn -0.0777 -0.7725 0.6302
vn 0.0047 -0.8479 0.5302
vn 0.0082 -0.9277 0.3733
vn -0.0728 -0.8691 0.4893
vn -0.0046 -0.8508 0.5255
vn 0.0837 -0.9050 0.4171
vn 0.0746 -0.9081 0.4120
vn 0.1668 -0.9399 0.2980
vn 0.1807 -0.9754 0.1262
vn 0.0934 -0.9634 0.2513
vn 0.1580 -0.9431 0.2925
vn 0.2520 -0.9516 0.1760
vn 0.2436 -0.9549 0.1700
vn 0.3372 -0.9399 0.0539
vn 0.3533 -0.9277 -0.1210
vn 0.2681 -0.9634 0.0011
vn 0.3291 -0.9431 0.0476
vn 0.4204 -0.9050 -0.0651
vn 0.4125 -0.9081 -0.0719
vn 0.4993 -0.8479 -0.1783
vn 0.5089 -0.7891 -0.3439
vn 0.4342 -0.8691 -0.2369
vn 0.4917 -0.8508 -0.1854
vn 0.5722 -0.7698 -0.2827
vn 0.5648 -0.7725 -0.2902
vn 0.6372 -0.6729 -0.3758
vn 0.6325 -0.5733 -0.5208
vn 0.5756 -0.6897 -0.4393
vn 0.6301 -0.6752 -0.3836
vn 0.6927 -0.5593 -0.4553
vn 0.6858 -0.5613 -0.4634
vn 0.7374 -0.4320 -0.5193
vn 0.7118 -0.3014 -0.6344
vn 0.6782 -0.4428 -0.5864
vn 0.7306 -0.4335 -0.5276
vn 0.7701 -0.2941 -0.5661
vn 0.7634 -0.2951 -0.5746
vn 0.7900 -0.1489 -0.5947
vn 0.7391 0.0000 -0.6736
vn 0.7322 -0.1526 -0.6637
vn 0.7834 -0.1494 -0.6033
vn 0.7968 0.0000 -0.6043
vn 0.7902 0.0000 -0.6129
vn 0.7900 0.1489 -0.5947
vn 0.7118 0.3014 -0.6344
vn 0.7322 0.1526 -0.6637
vn 0.7834 0.1494 -0.6033
vn 0.7701 0.2941 -0.5661
vn 0.7634 0.2951 -0.5746
vn 0.7374 0.4320 -0.5193
vn 0.6325 0.5733 -0.5208
vn 0.6782 0.4428 -0.5864
vn 0.7306 0.4335 -0.5276
vn 0.6927 0.5593 -0.4553
vn 0.6858 0.5613 -0.4634
vn 0.6372 0.6729 -0.3758
vn 0.5089 0.7891 -0.3439
vn 0.5756 0.6897 -0.4393
vn 0.6301 0.6752 -0.3836
vn 0.5722 0.7698 -0.2827
vn 0.5648 0.7725 -0.2902
vn 0.4993 0.8479 -0.1783
vn 0.3533 0.9277 -0.1210
vn 0.4342 0.8691 -0.2369
vn 0.4917 0.8508 -0.1854
vn 0.4204 0.9050 -0.0651
vn 0.4125 0.9081 -0.0719
vn 0.3372 0.9399 0.0539
vn 0.1807 0.9754 0.1262
vn 0.2681 0.9634 0.0011
vn 0.3291 0.9431 0.0476
vn 0.2520 0.9516 0.1760
vn 0.2436 0.9549 0.1700
vn 0.1668 0.9399 0.2980
vn 0.0082 0.9277 0.3733
vn 0.0934 0.9634 0.2513
vn 0.1580 0.9431 0.2925
vn 0.0837 0.9050 0.4171
vn 0.0746 0.9081 0.4120
vn 0.0047 0.8479 0.5302
vn -0.1475 0.7891 0.5963
vn -0.0728 0.8691 0.4893
vn -0.0046 0.8508 0.5255
vn -0.0681 0.7698 0.6346
vn -0.0777 0.7725 0.6302
vn -0.1332 0.6729 0.7277
vn -0.2710 0.5733 0.7732
vn -0.2141 0.6897 0.6917
vn -0.1430 0.6752 0.7237
vn -0.1887 0.5593 0.8072
vn -0.1987 0.5613 0.8034
vn -0.2334 0.4320 0.8712
vn -0.3503 0.3014 0.8868
vn -0.3168 0.4428 0.8388
vn -0.2435 0.4335 0.8676
vn -0.2660 0.2941 0.9180
vn -0.2763 0.2951 0.9147
vn -0.3708 0.1526 0.9161
vn -0.2860 0.1489 0.9466
vn -0.2963 0.1494 0.9433
vn 0.4332 -0.0000 0.9013
vn 0.4367 -0.0768 0.8963
vn 0.5324 -0.1238 0.8374
vn 0.5287 -0.0612 0.8466
vn 0.7222 -0.0256 0.6913
vn 0.5220 -0.0008 0.8530
vn 0.4470 -0.1517 0.8816
vn 0.6998 -0.0550 0.7123
vn 0.6926 -0.0035 0.7213
vn 0.5450 -0.1831 0.8182
vn 0.4639 -0.2229 0.8574
vn 0.5661 -0.2361 0.7898
vn 0.6962 -0.0937 0.7117
vn 0.4869 -0.2886 0.8244
vn 0.7151 -0.1174 0.6891
vn 0.5156 -0.3472 0.7834
vn 0.6158 -0.3246 0.7180
vn 0.5921 -0.2796 0.7558
vn 0.7476 -0.1109 0.6549
vn 0.5491 -0.3972 0.7353
vn 0.7383 -0.1523 0.6570
vn 0.6809 -0.3812 0.6254
vn 0.6459 -0.3591 0.6737
vn 0.5867 -0.4375 0.6815
vn 0.7479 -0.1846 0.6376
vn 0.6275 -0.4670 0.6231
vn 0.7716 -0.1864 0.6081
vn 0.6703 -0.4849 0.5617
vn 0.7508 -0.4014 0.5245
vn 0.7169 -0.3913 0.5771
vn 0.7968 -0.1538 0.5844
vn 0.7143 -0.4910 0.4987
vn 0.8022 -0.1914 0.5655
vn 0.7583 -0.4849 0.4357
vn 0.8226 -0.3807 0.4224
vn 0.7867 -0.3979 0.4720
vn 0.8204 -0.2050 0.5338
vn 0.8012 -0.4670 0.3743
vn 0.8406 -0.1843 0.5094
vn 0.8419 -0.4375 0.3159
vn 0.8859 -0.3249 0.3310
vn 0.8554 -0.3535 0.3787
vn 0.8510 -0.1380 0.5066
vn 0.8795 -0.3972 0.2621
vn 0.8671 -0.1575 0.4725
vn 0.9130 -0.3472 0.2140
vn 0.9371 -0.2348 0.2584
vn 0.9136 -0.2847 0.2902
vn 0.8859 -0.1470 0.4400
vn 0.9417 -0.2886 0.1730
vn 0.8956 -0.1117 0.4305
vn 0.9547 -0.1806 0.2364
vn 0.9647 -0.2229 0.1400
vn 0.9695 -0.1243 0.2113
vn 0.8896 -0.0694 0.4514
vn 0.9816 -0.1517 0.1158
vn 0.9082 -0.0634 0.4137
vn 0.9919 -0.0768 0.1011
vn 0.9806 0.0008 0.1961
vn 0.9783 -0.0627 0.1976
vn 0.9194 -0.0329 0.3920
vn 0.9954 -0.0000 0.0961
vn 0.9158 0.0035 0.4017
vn 0.9919 0.0768 0.1011
vn 0.9696 0.1238 0.2112
vn 0.9769 0.0612 0.2046
vn 0.8978 0.0256 0.4397
vn 0.9816 0.1517 0.1158
vn 0.9098 0.0550 0.4115
vn 0.9647 0.2229 0.1400
vn 0.9365 0.2361 0.2592
vn 0.9559 0.1831 0.2297
vn 0.9080 0.0937 0.4082
vn 0.9417 0.2886 0.1730
vn 0.8933 0.1174 0.4339
vn 0.9130 0.3472 0.2140
vn 0.8862 0.3246 0.3306
vn 0.9136 0.2796 0.2954
vn 0.8724 0.1109 0.4761
vn 0.8795 0.3972 0.2621
vn 0.8712 0.1523 0.4667
vn 0.8419 0.4375 0.3159
vn 0.8217 0.3812 0.4237
vn 0.8550 0.3591 0.3742
vn 0.8563 0.1846 0.4824
vn 0.8012 0.4670 0.3743
vn 0.8368 0.1864 0.5148
vn 0.7583 0.4849 0.4357
vn 0.7511 0.4014 0.5241
vn 0.7888 0.3913 0.4741
vn 0.8231 0.1538 0.5466
vn 0.7143 0.4910 0.4987
vn 0.8073 0.1914 0.5582
vn 0.6800 0.3807 0.6267
vn 0.7142 0.3979 0.5758
vn 0.6703 0.4849 0.5617
vn 0.7838 0.2050 0.5862
vn 0.6275 0.4670 0.6231
vn 0.7678 0.1843 0.6136
vn 0.6160 0.3249 0.7176
vn 0.6503 0.3535 0.6725
vn 0.5867 0.4375 0.6815
vn 0.7689 0.1380 0.6243
vn 0.5491 0.3972 0.7353
vn 0.7424 0.1575 0.6512
vn 0.5655 0.2348 0.7906
vn 0.5873 0.2847 0.7577
vn 0.5156 0.3472 0.7834
vn 0.7183 0.1470 0.6800
vn 0.4869 0.2886 0.8244
vn 0.7128 0.1117 0.6924
vn 0.5325 0.1243 0.8373
vn 0.5509 0.1806 0.8148
vn 0.4639 0.2229 0.8574
vn 0.7303 0.0694 0.6796
vn 0.4470 0.1517 0.8816
vn 0.7013 0.0634 0.7100
vn 0.4367 0.0768 0.8963
vn 0.5227 0.0627 0.8502
vn 0.6849 0.0329 0.7279
vn 0.9180 0.1326 -0.3737
vn 0.9411 0.0644 -0.3318
vn 0.9256 0.1307 -0.3551
vn 0.9183 0.2103 -0.3355
vn 0.9166 0.1323 -0.3773
vn 0.9327 0.0514 -0.3570
vn 0.9316 0.1921 -0.3087
vn 0.9068 0.2159 -0.3619
vn 0.9234 0.0470 -0.3809
vn 0.7599 0.6408 -0.1088
vn 0.7824 0.5963 -0.1795
vn 0.8308 0.5287 -0.1738
vn 0.7919 0.5884 -0.1635
vn 0.7809 0.5973 -0.1829
vn 0.8250 0.5275 -0.2028
vn 0.7810 0.6176 -0.0930
vn 0.7450 0.6543 -0.1301
vn 0.8157 0.5323 -0.2266
vn 0.4680 0.8462 0.2546
vn 0.5094 0.8410 0.1824
vn 0.5835 0.7936 0.1724
vn 0.5173 0.8329 0.1969
vn 0.5239 0.8308 0.1877
vn 0.5817 0.8008 0.1424
vn 0.4877 0.8331 0.2609
vn 0.4760 0.8409 0.2573
vn 0.5745 0.8094 0.1216
vn 0.2031 0.7549 0.6236
vn 0.2635 0.7713 0.5794
vn 0.2224 0.7484 0.6248
vn 0.1980 0.6943 0.6920
vn 0.2506 0.7842 0.5676
vn 0.2114 0.7473 0.6300
vn 0.2339 0.6894 0.6856
vn 0.1707 0.7031 0.6903
vn 0.2587 0.7811 0.5682
vn 0.0798 0.4245 0.9019
vn 0.0314 0.3769 0.9257
vn 0.0182 0.3005 0.9536
vn 0.0118 0.3817 0.9242
vn 0.0083 0.3832 0.9236
vn 0.0593 0.4443 0.8939
vn 0.0526 0.3068 0.9503
vn -0.0107 0.3049 0.9523
vn 0.0367 0.4563 0.8891
vn 0.0015 -0.2103 0.9776
vn -0.0345 -0.1326 0.9906
vn 0.0128 -0.0644 0.9978
vn -0.0144 -0.1307 0.9913
vn -0.0383 -0.1323 0.9905
vn -0.0138 -0.0514 0.9986
vn 0.0312 -0.1921 0.9809
vn -0.0273 -0.2159 0.9760
vn -0.0394 -0.0470 0.9981
vn 0.1231 -0.5287 0.8398
vn 0.1194 -0.5883 0.7997
vn 0.1598 -0.6408 0.7509
vn 0.1011 -0.5963 0.7964
vn 0.0974 -0.5973 0.7961
vn 0.0939 -0.5275 0.8444
vn 0.1818 -0.6176 0.7652
vn 0.1346 -0.6543 0.7442
vn 0.0684 -0.5323 0.8438
vn 0.4327 -0.8266 0.3599
vn 0.3668 -0.8322 0.4158
vn 0.3686 -0.7910 0.4883
vn 0.3816 -0.8213 0.4242
vn 0.3636 -0.8341 0.4147
vn 0.3412 -0.8021 0.4902
vn 0.4469 -0.8073 0.3856
vn 0.4130 -0.8427 0.3454
vn 0.3188 -0.8143 0.4850
vn 0.7160 -0.6966 -0.0458
vn 0.6611 -0.7502 -0.0058
vn 0.6555 -0.7513 0.0774
vn 0.6720 -0.7405 0.0081
vn 0.6337 -0.7703 0.0713
vn 0.6587 -0.7524 -0.0079
vn 0.7251 -0.6885 -0.0129
vn 0.7017 -0.7092 -0.0681
vn 0.6163 -0.7853 0.0589
vn 0.8741 -0.4245 -0.2359
vn 0.8799 -0.3769 -0.2895
vn 0.9015 -0.3005 -0.3115
vn 0.8717 -0.3817 -0.3074
vn 0.8596 -0.4443 -0.2523
vn 0.8699 -0.3832 -0.3105
vn 0.9102 -0.3068 -0.2781
vn 0.8903 -0.3049 -0.3382
vn 0.8473 -0.4563 -0.2719
vn 0.9994 0.0008 -0.0351
vn 0.9948 0.0950 -0.0364
vn 0.9840 0.1640 0.0696
vn 0.9952 0.0843 0.0493
vn 0.9948 0.0825 0.0594
vn 0.9988 0.0001 0.0489
vn 0.9827 0.1847 -0.0104
vn 0.9838 0.1629 0.0753
vn 0.9985 0.0000 0.0541
vn 0.9622 0.2714 0.0221
vn 0.9406 0.3126 0.1322
vn 0.9657 0.2405 0.0979
vn 0.9656 0.2394 0.1012
vn 0.9334 0.3538 0.0594
vn 0.9409 0.3099 0.1367
vn 0.8735 0.4302 0.2279
vn 0.9090 0.3793 0.1728
vn 0.8973 0.4291 0.1032
vn 0.9101 0.3729 0.1807
vn 0.8582 0.4851 0.1681
vn 0.8741 0.4266 0.2323
vn 0.8126 0.5327 0.2364
vn 0.7884 0.5057 0.3502
vn 0.8331 0.4724 0.2878
vn 0.8337 0.4698 0.2901
vn 0.7613 0.5717 0.3059
vn 0.7900 0.5014 0.3528
vn 0.7060 0.5994 0.3772
vn 0.6945 0.5321 0.4843
vn 0.7399 0.5294 0.4149
vn 0.7439 0.5208 0.4188
vn 0.6563 0.6002 0.4572
vn 0.6967 0.5273 0.4864
vn 0.6037 0.5905 0.5356
vn 0.6003 0.5056 0.6197
vn 0.6478 0.5237 0.5532
vn 0.6495 0.5208 0.5540
vn 0.5487 0.5712 0.6104
vn 0.6034 0.5014 0.6200
vn 0.4940 0.5407 0.6809
vn 0.5154 0.4308 0.7408
vn 0.5527 0.4773 0.6832
vn 0.5597 0.4698 0.6827
vn 0.4543 0.4861 0.7466
vn 0.5193 0.4266 0.7405
vn 0.4481 0.3124 0.8376
vn 0.4806 0.3751 0.7927
vn 0.4153 0.4227 0.8055
vn 0.4832 0.3729 0.7921
vn 0.3769 0.3526 0.8565
vn 0.4525 0.3099 0.8362
vn 0.3422 0.2755 0.8983
vn 0.4046 0.1649 0.8995
vn 0.4187 0.2429 0.8750
vn 0.4277 0.2394 0.8716
vn 0.3292 0.1863 0.9257
vn 0.4097 0.1629 0.8976
vn 0.3901 -0.0001 0.9208
vn 0.3954 0.0831 0.9147
vn 0.3193 0.0935 0.9430
vn 0.3986 0.0825 0.9134
vn 0.3115 -0.0008 0.9503
vn 0.3949 -0.0000 0.9187
vn 0.4045 -0.1640 0.8997
vn 0.3892 -0.0843 0.9173
vn 0.3086 -0.0950 0.9464
vn 0.3986 -0.0825 0.9134
vn 0.3289 -0.1847 0.9261
vn 0.4097 -0.1629 0.8976
vn 0.3524 -0.2714 0.8956
vn 0.4482 -0.3126 0.8375
vn 0.4247 -0.2406 0.8728
vn 0.4277 -0.2394 0.8716
vn 0.3774 -0.3538 0.8558
vn 0.4525 -0.3099 0.8362
vn 0.5150 -0.4302 0.7414
vn 0.4755 -0.3793 0.7937
vn 0.4061 -0.4291 0.8068
vn 0.4832 -0.3729 0.7921
vn 0.4535 -0.4851 0.7477
vn 0.5193 -0.4266 0.7405
vn 0.5019 -0.5327 0.6814
vn 0.6005 -0.5057 0.6194
vn 0.5573 -0.4724 0.6829
vn 0.5597 -0.4698 0.6827
vn 0.5496 -0.5717 0.6092
vn 0.6034 -0.5015 0.6200
vn 0.6940 -0.5321 0.4851
vn 0.6445 -0.5294 0.5516
vn 0.5974 -0.5994 0.5328
vn 0.6495 -0.5208 0.5540
vn 0.6554 -0.6002 0.4586
vn 0.6967 -0.5273 0.4864
vn 0.7426 -0.5237 0.4175
vn 0.7108 -0.5905 0.3822
vn 0.7886 -0.5056 0.3500
vn 0.7439 -0.5208 0.4188
vn 0.7621 -0.5712 0.3047
vn 0.7900 -0.5015 0.3528
vn 0.8731 -0.4308 0.2286
vn 0.8318 -0.4773 0.2834
vn 0.8094 -0.5407 0.2291
vn 0.8337 -0.4698 0.2901
vn 0.8574 -0.4861 0.1692
vn 0.8741 -0.4266 0.2323
vn 0.9407 -0.3124 0.1321
vn 0.9097 -0.3751 0.1780
vn 0.8993 -0.4227 0.1123
vn 0.9101 -0.3729 0.1807
vn 0.9340 -0.3525 0.0586
vn 0.9409 -0.3099 0.1367
vn 0.9612 -0.2755 0.0117
vn 0.9838 -0.1649 0.0699
vn 0.9657 -0.2429 0.0915
vn 0.9656 -0.2394 0.1012
vn 0.9824 -0.1863 -0.0099
vn 0.9838 -0.1629 0.0752
vn 0.9950 -0.0831 0.0560
vn 0.9953 -0.0935 -0.0253
vn 0.9948 -0.0825 0.0594
vn 0.9837 0.1793 0.0138
vn 0.9959 0.0907 -0.0035
vn 0.9811 0.0000 -0.1935
vn 0.9760 0.1127 -0.1863
vn 0.9473 0.0447 0.3173
vn 1.0000 0.0000 -0.0095
vn 0.9609 0.2226 -0.1646
vn 0.9413 0.0883 0.3258
vn 0.9493 -0.0000 0.3144
vn 0.9638 0.2634 0.0425
vn 0.9361 0.3270 -0.1292
vn 0.9365 0.3410 0.0814
vn 0.9315 0.1297 0.3399
vn 0.9023 0.4234 -0.0807
vn 0.9181 0.1679 0.3591
vn 0.8603 0.5094 -0.0206
vn 0.8631 0.4694 0.1866
vn 0.9027 0.4102 0.1299
vn 0.9014 0.2020 0.3830
vn 0.8111 0.5827 0.0499
vn 0.8819 0.2311 0.4109
vn 0.7559 0.6418 0.1289
vn 0.7705 0.5518 0.3193
vn 0.8186 0.5169 0.2503
vn 0.8600 0.2545 0.4423
vn 0.6962 0.6851 0.2146
vn 0.8363 0.2717 0.4762
vn 0.6678 0.5802 0.4663
vn 0.7198 0.5730 0.3919
vn 0.6332 0.7115 0.3047
vn 0.8114 0.2821 0.5120
vn 0.5688 0.7203 0.3971
vn 0.7858 0.2857 0.5486
vn 0.5042 0.7115 0.4895
vn 0.5652 0.5518 0.6133
vn 0.6159 0.5730 0.5407
vn 0.7602 0.2821 0.5852
vn 0.4413 0.6851 0.5796
vn 0.7352 0.2717 0.6210
vn 0.4726 0.4694 0.7459
vn 0.5171 0.5169 0.6822
vn 0.3815 0.6418 0.6652
vn 0.7116 0.2545 0.6549
vn 0.3264 0.5827 0.7442
vn 0.6897 0.2311 0.6863
vn 0.3992 0.3410 0.8511
vn 0.4331 0.4102 0.8026
vn 0.2771 0.5094 0.8147
vn 0.6702 0.2020 0.7142
vn 0.2352 0.4234 0.8749
vn 0.6535 0.1679 0.7381
vn 0.2013 0.3270 0.9233
vn 0.3520 0.1793 0.9187
vn 0.3720 0.2634 0.8901
vn 0.6401 0.1297 0.7573
vn 0.1766 0.2226 0.9588
vn 0.6303 0.0883 0.7714
vn 0.3357 -0.0000 0.9420
vn 0.3399 0.0907 0.9361
vn 0.1614 0.1127 0.9804
vn 0.6243 0.0447 0.7799
vn 0.1564 -0.0000 0.9877
vn 0.6223 -0.0000 0.7828
vn 0.1614 -0.1127 0.9804
vn 0.3520 -0.1793 0.9187
vn 0.3399 -0.0907 0.9361
vn 0.6243 -0.0447 0.7799
vn 0.1766 -0.2226 0.9588
vn 0.6303 -0.0883 0.7714
vn 0.3991 -0.3410 0.8511
vn 0.3720 -0.2634 0.8901
vn 0.2013 -0.3270 0.9233
vn 0.6401 -0.1297 0.7573
vn 0.2352 -0.4234 0.8749
vn 0.6535 -0.1679 0.7381
vn 0.4331 -0.4102 0.8026
vn 0.2771 -0.5094 0.8147
vn 0.4726 -0.4694 0.7459
vn 0.6702 -0.2020 0.7142
vn 0.3264 -0.5827 0.7442
vn 0.6897 -0.2311 0.6863
vn 0.3815 -0.6418 0.6652
vn 0.5652 -0.5518 0.6133
vn 0.5171 -0.5169 0.6822
vn 0.7116 -0.2545 0.6549
vn 0.4413 -0.6851 0.5796
vn 0.7352 -0.2717 0.6210
vn 0.6159 -0.5730 0.5407
vn 0.5042 -0.7115 0.4895
vn 0.6678 -0.5802 0.4663
vn 0.7602 -0.2821 0.5852
vn 0.5688 -0.7203 0.3971
vn 0.7858 -0.2857 0.5486
vn 0.6332 -0.7115 0.3047
vn 0.7705 -0.5518 0.3193
vn 0.7198 -0.5730 0.3919
vn 0.8114 -0.2821 0.5120
vn 0.6962 -0.6850 0.2146
vn 0.8363 -0.2717 0.4762
vn 0.8631 -0.4694 0.1866
vn 0.8186 -0.5169 0.2503
vn 0.7559 -0.6418 0.1289
vn 0.8600 -0.2545 0.4423
vn 0.8111 -0.5827 0.0499
vn 0.8819 -0.2311 0.4109
vn 0.9365 -0.3410 0.0814
vn 0.9027 -0.4102 0.1299
vn 0.8603 -0.5094 -0.0206
vn 0.9014 -0.2020 0.3830
vn 0.9023 -0.4234 -0.0807
vn 0.9181 -0.1679 0.3591
vn 0.9361 -0.3270 -0.1292
vn 0.9837 -0.1793 0.0138
vn 0.9638 -0.2634 0.0425
vn 0.9315 -0.1297 0.3399
vn 0.9609 -0.2226 -0.1646
vn 0.9413 -0.0883 0.3258
vn 0.9959 -0.0907 -0.0035
vn 0.9760 -0.1127 -0.1863
vn 0.9473 -0.0447 0.3173
vn 0.8957 0.0488 0.4420
vn 0.8990 0.0247 0.4373
vn 0.8680 0.0142 0.4963
vn 0.9001 0.0000 0.4357
vn 0.8661 0.0281 0.4990
vn 0.8687 -0.0000 0.4954
vn 0.8828 0.0929 0.4605
vn 0.8902 0.0717 0.4498
vn 0.8630 0.0413 0.5035
vn 0.8587 0.0535 0.5096
vn 0.8736 0.1117 0.4737
vn 0.8628 0.1278 0.4891
vn 0.8534 0.0644 0.5173
vn 0.8472 0.0737 0.5262
vn 0.8507 0.1408 0.5064
vn 0.8376 0.1503 0.5252
vn 0.8402 0.0811 0.5362
vn 0.8326 0.0866 0.5470
vn 0.8096 0.1580 0.5653
vn 0.8238 0.1560 0.5450
vn 0.8247 0.0900 0.5584
vn 0.8165 0.0911 0.5701
vn 0.7817 0.1503 0.6053
vn 0.7955 0.1560 0.5855
vn 0.8084 0.0900 0.5818
vn 0.8004 0.0866 0.5931
vn 0.7565 0.1278 0.6414
vn 0.7686 0.1408 0.6241
vn 0.7929 0.0811 0.6040
vn 0.7859 0.0737 0.6140
vn 0.7365 0.0929 0.6701
vn 0.7457 0.1117 0.6569
vn 0.7797 0.0644 0.6229
vn 0.7743 0.0535 0.6305
vn 0.7291 0.0717 0.6807
vn 0.7236 0.0488 0.6885
vn 0.7701 0.0413 0.6366
vn 0.7669 0.0281 0.6411
vn 0.7192 -0.0000 0.6948
vn 0.7203 0.0247 0.6932
vn 0.7650 0.0142 0.6438
vn 0.7644 -0.0000 0.6448
vn 0.7236 -0.0488 0.6885
vn 0.7203 -0.0247 0.6932
vn 0.7650 -0.0142 0.6438
vn 0.7669 -0.0281 0.6411
vn 0.7365 -0.0929 0.6701
vn 0.7291 -0.0717 0.6807
vn 0.7701 -0.0413 0.6366
vn 0.7743 -0.0535 0.6305
vn 0.7565 -0.1278 0.6414
vn 0.7457 -0.1117 0.6569
vn 0.7797 -0.0644 0.6229
vn 0.7859 -0.0737 0.6140
vn 0.7817 -0.1503 0.6053
vn 0.7686 -0.1408 0.6241
vn 0.7929 -0.0811 0.6040
vn 0.8004 -0.0866 0.5931
vn 0.8096 -0.1580 0.5653
vn 0.7955 -0.1560 0.5855
vn 0.8084 -0.0900 0.5818
vn 0.8165 -0.0911 0.5701
vn 0.8238 -0.1560 0.5450
vn 0.8376 -0.1503 0.5252
vn 0.8247 -0.0900 0.5584
vn 0.8326 -0.0866 0.5470
vn 0.8628 -0.1278 0.4891
vn 0.8507 -0.1408 0.5064
vn 0.8402 -0.0811 0.5362
vn 0.8472 -0.0737 0.5262
vn 0.8736 -0.1117 0.4737
vn 0.8828 -0.0929 0.4604
vn 0.8534 -0.0644 0.5173
vn 0.8587 -0.0535 0.5096
vn 0.8957 -0.0488 0.4420
vn 0.8902 -0.0717 0.4498
vn 0.8630 -0.0413 0.5035
vn 0.8661 -0.0281 0.4990
vn 0.8990 -0.0247 0.4373
vn 0.8680 -0.0142 0.4963
vn 0.9639 0.1184 -0.2385
vn 0.9224 0.2500 -0.2944
vn 0.9394 0.1266 -0.3187
vn 0.9693 -0.0000 -0.2460
vn 0.9451 0.0000 -0.3268
vn 0.9806 0.1100 -0.1625
vn 0.9481 0.2338 -0.2157
vn 0.9658 0.2173 -0.1414
vn 0.9855 0.0000 -0.1697
vn 0.8946 0.3673 -0.2545
vn 0.9220 0.3435 -0.1785
vn 0.8566 0.4755 -0.2001
vn 0.9416 0.3193 -0.1068
vn 0.8865 0.4447 -0.1275
vn 0.9086 0.4134 -0.0595
vn 0.8094 0.5721 -0.1326
vn 0.8424 0.5350 -0.0644
vn 0.7542 0.6545 -0.0534
vn 0.8676 0.4973 -0.0007
vn 0.7907 0.6121 0.0097
vn 0.8196 0.5689 0.0680
vn 0.7328 0.6742 0.0926
vn 0.6251 0.7694 0.1315
vn 0.6922 0.7208 0.0353
vn 0.7657 0.6266 0.1452
vn 0.6700 0.7195 0.1826
vn 0.7073 0.6688 0.2288
vn 0.6039 0.7473 0.2772
vn 0.4820 0.8090 0.3365
vn 0.5544 0.7990 0.2327
vn 0.6459 0.6946 0.3168
vn 0.5362 0.7566 0.3743
vn 0.5829 0.7033 0.4070
vn 0.4095 0.7990 0.4403
vn 0.4684 0.7473 0.4713
vn 0.3389 0.7694 0.5415
vn 0.5200 0.6946 0.4972
vn 0.4023 0.7195 0.5660
vn 0.4585 0.6688 0.5852
vn 0.3395 0.6742 0.6559
vn 0.2098 0.6545 0.7264
vn 0.2717 0.7208 0.6376
vn 0.4002 0.6266 0.6688
vn 0.2816 0.6121 0.7390
vn 0.3463 0.5689 0.7459
vn 0.1073 0.4755 0.8731
vn 0.1545 0.5721 0.8055
vn 0.2299 0.5350 0.8130
vn 0.2983 0.4973 0.8147
vn 0.1858 0.4447 0.8762
vn 0.2572 0.4134 0.8735
vn 0.1502 0.3435 0.9271
vn 0.0416 0.2500 0.9674
vn 0.0693 0.3673 0.9275
vn 0.2243 0.3193 0.9208
vn 0.1243 0.2338 0.9643
vn 0.2000 0.2173 0.9554
vn 0.1083 0.1184 0.9870
vn 0.0189 0.0000 0.9998
vn 0.0246 0.1266 0.9917
vn 0.1853 0.1100 0.9765
vn 0.1031 0.0000 0.9947
vn 0.1803 0.0000 0.9836
vn 0.0246 -0.1266 0.9917
vn 0.1083 -0.1184 0.9870
vn 0.0416 -0.2500 0.9674
vn 0.1853 -0.1100 0.9765
vn 0.1243 -0.2338 0.9643
vn 0.2000 -0.2173 0.9554
vn 0.1073 -0.4755 0.8731
vn 0.0693 -0.3673 0.9275
vn 0.1502 -0.3435 0.9271
vn 0.2243 -0.3193 0.9208
vn 0.1858 -0.4447 0.8762
vn 0.2572 -0.4134 0.8735
vn 0.1545 -0.5721 0.8055
vn 0.2298 -0.5350 0.8130
vn 0.2098 -0.6545 0.7264
vn 0.2983 -0.4973 0.8147
vn 0.2816 -0.6121 0.7390
vn 0.3463 -0.5689 0.7459
vn 0.3389 -0.7694 0.5415
vn 0.2717 -0.7208 0.6376
vn 0.3395 -0.6742 0.6559
vn 0.4002 -0.6266 0.6688
vn 0.4023 -0.7195 0.5660
vn 0.4585 -0.6688 0.5852
vn 0.4095 -0.7990 0.4403
vn 0.4684 -0.7473 0.4713
vn 0.4820 -0.8090 0.3365
vn 0.5200 -0.6946 0.4972
vn 0.5362 -0.7566 0.3743
vn 0.5829 -0.7033 0.4070
vn 0.5544 -0.7990 0.2327
vn 0.6039 -0.7473 0.2772
vn 0.6251 -0.7694 0.1315
vn 0.6459 -0.6946 0.3168
vn 0.6700 -0.7195 0.1826
vn 0.7073 -0.6688 0.2288
vn 0.7328 -0.6742 0.0926
vn 0.7542 -0.6545 -0.0534
vn 0.6922 -0.7208 0.0353
vn 0.7657 -0.6266 0.1452
vn 0.7907 -0.6121 0.0097
vn 0.8196 -0.5689 0.0680
vn 0.8566 -0.4755 -0.2001
vn 0.8094 -0.5721 -0.1326
vn 0.8424 -0.5350 -0.0644
vn 0.8676 -0.4973 -0.0007
vn 0.8865 -0.4447 -0.1275
vn 0.9086 -0.4134 -0.0595
vn 0.9224 -0.2500 -0.2944
vn 0.8946 -0.3673 -0.2545
vn 0.9220 -0.3435 -0.1785
vn 0.9416 -0.3193 -0.1068
vn 0.9481 -0.2338 -0.2157
vn 0.9658 -0.2173 -0.1414
vn 0.9394 -0.1266 -0.3187
vn 0.9639 -0.1184 -0.2385
vn 0.9806 -0.1100 -0.1625
vn 0.9644 0.1161 0.2377
vn 0.9722 0.0587 0.2265
vn 0.9853 -0.0000 0.1709
vn 0.9823 0.0663 0.1750
vn 0.8499 0.0086 0.5268
vn 0.9749 -0.0000 0.2226
vn 0.9734 0.1310 0.1879
vn 0.8488 0.0171 0.5285
vn 0.8503 0.0000 0.5263
vn 0.9589 0.1925 0.2086
vn 0.9338 0.2207 0.2814
vn 0.9515 0.1704 0.2563
vn 0.8469 0.0251 0.5312
vn 0.9389 0.2492 0.2373
vn 0.8443 0.0325 0.5349
vn 0.9119 0.2655 0.3129
vn 0.9142 0.2998 0.2726
vn 0.8863 0.3038 0.3495
vn 0.8411 0.0391 0.5395
vn 0.8853 0.3430 0.3142
vn 0.8373 0.0447 0.5449
vn 0.8264 0.3572 0.4354
vn 0.8575 0.3345 0.3908
vn 0.8528 0.3778 0.3606
vn 0.8330 0.0492 0.5510
vn 0.8176 0.4032 0.4111
vn 0.8285 0.0526 0.5576
vn 0.7936 0.3708 0.4824
vn 0.7805 0.4188 0.4640
vn 0.7599 0.3756 0.5305
vn 0.8236 0.0546 0.5645
vn 0.7426 0.4239 0.5185
vn 0.8187 0.0553 0.5716
vn 0.7263 0.3708 0.5787
vn 0.7046 0.4188 0.5728
vn 0.6935 0.3572 0.6257
vn 0.8137 0.0546 0.5787
vn 0.6676 0.4032 0.6259
vn 0.8089 0.0526 0.5856
vn 0.6324 0.3778 0.6763
vn 0.6336 0.3038 0.7115
vn 0.6624 0.3345 0.6703
vn 0.8043 0.0492 0.5921
vn 0.6000 0.3430 0.7228
vn 0.8001 0.0447 0.5982
vn 0.5709 0.2998 0.7643
vn 0.5860 0.2207 0.7797
vn 0.6080 0.2655 0.7482
vn 0.7963 0.0391 0.6036
vn 0.5463 0.2492 0.7997
vn 0.7931 0.0325 0.6082
vn 0.5555 0.1161 0.8234
vn 0.5685 0.1704 0.8049
vn 0.5263 0.1925 0.8282
vn 0.7905 0.0251 0.6119
vn 0.5118 0.1310 0.8490
vn 0.7886 0.0171 0.6147
vn 0.5449 -0.0000 0.8385
vn 0.5477 0.0587 0.8346
vn 0.5028 0.0663 0.8618
vn 0.7875 0.0086 0.6163
vn 0.5000 -0.0000 0.8661
vn 0.7871 -0.0000 0.6169
vn 0.5028 -0.0663 0.8618
vn 0.5555 -0.1161 0.8234
vn 0.5477 -0.0587 0.8346
vn 0.7875 -0.0086 0.6163
vn 0.5118 -0.1310 0.8490
vn 0.7886 -0.0171 0.6147
vn 0.5685 -0.1704 0.8049
vn 0.5263 -0.1925 0.8282
vn 0.5860 -0.2207 0.7797
vn 0.7905 -0.0251 0.6119
vn 0.5463 -0.2492 0.7997
vn 0.7931 -0.0325 0.6082
vn 0.5709 -0.2998 0.7643
vn 0.6336 -0.3038 0.7115
vn 0.6080 -0.2655 0.7482
vn 0.7963 -0.0391 0.6036
vn 0.6000 -0.3430 0.7228
vn 0.8001 -0.0447 0.5982
vn 0.6324 -0.3778 0.6763
vn 0.6935 -0.3572 0.6257
vn 0.6624 -0.3345 0.6703
vn 0.8043 -0.0492 0.5921
vn 0.6676 -0.4032 0.6259
vn 0.8089 -0.0526 0.5856
vn 0.7046 -0.4188 0.5728
vn 0.7599 -0.3756 0.5305
vn 0.7263 -0.3708 0.5787
vn 0.8137 -0.0546 0.5787
vn 0.7426 -0.4239 0.5185
vn 0.8187 -0.0553 0.5716
vn 0.7805 -0.4188 0.4640
vn 0.8264 -0.3572 0.4354
vn 0.7936 -0.3708 0.4824
vn 0.8236 -0.0546 0.5645
vn 0.8176 -0.4032 0.4111
vn 0.8285 -0.0526 0.5576
vn 0.8863 -0.3038 0.3495
vn 0.8575 -0.3345 0.3908
vn 0.8528 -0.3778 0.3606
vn 0.8330 -0.0492 0.5510
vn 0.8853 -0.3430 0.3142
vn 0.8373 -0.0447 0.5449
vn 0.9338 -0.2207 0.2814
vn 0.9119 -0.2655 0.3129
vn 0.9142 -0.2998 0.2726
vn 0.8411 -0.0391 0.5395
vn 0.9389 -0.2492 0.2373
vn 0.8443 -0.0325 0.5349
vn 0.9644 -0.1161 0.2377
vn 0.9515 -0.1704 0.2563
vn 0.9589 -0.1925 0.2086
vn 0.8469 -0.0251 0.5312
vn 0.9734 -0.1310 0.1879
vn 0.8488 -0.0171 0.5285
vn 0.9722 -0.0587 0.2265
vn 0.9823 -0.0663 0.1750
vn 0.8499 -0.0086 0.5268
vn 0.9966 0.0000 0.0822
vn 0.9931 0.0787 0.0875
vn 0.9825 0.1555 0.1024
vn 0.4151 0.1541 -0.8966
vn 0.4222 0.0000 -0.9065
vn 0.3946 0.3044 -0.8670
vn 0.9652 0.2283 0.1274
vn 0.3606 0.4472 -0.8185
vn 0.9416 0.2957 0.1610
vn 0.3145 0.5789 -0.7523
vn 0.9123 0.3556 0.2032
vn 0.2569 0.6965 -0.6700
vn 0.8779 0.4070 0.2523
vn 0.1897 0.7968 -0.5736
vn 0.8394 0.4481 0.3076
vn 0.1142 0.8776 -0.4656
vn 0.7976 0.4785 0.3673
vn 0.0325 0.9367 -0.3485
vn 0.7537 0.4967 0.4303
vn 0.7086 0.5031 0.4947
vn -0.0535 0.9728 -0.2253
vn -0.1417 0.9850 -0.0989
vn 0.6637 0.4967 0.5593
vn 0.6196 0.4785 0.6222
vn -0.2299 0.9728 0.0274
vn -0.3159 0.9368 0.1506
vn 0.5780 0.4481 0.6820
vn 0.5393 0.4070 0.7372
vn -0.3977 0.8776 0.2677
vn -0.4731 0.7968 0.3758
vn 0.5051 0.3556 0.7864
vn 0.4756 0.2957 0.8285
vn -0.5404 0.6965 0.4721
vn -0.5978 0.5789 0.5545
vn 0.4522 0.2283 0.8622
vn 0.4347 0.1555 0.8870
vn -0.6441 0.4472 0.6206
vn -0.6779 0.3044 0.6692
vn 0.4244 0.0787 0.9021
vn 0.4206 -0.0000 0.9072
vn -0.6986 0.1541 0.6987
vn -0.7055 -0.0000 0.7087
vn 0.4244 -0.0787 0.9021
vn 0.4347 -0.1555 0.8870
vn -0.6986 -0.1541 0.6987
vn -0.6779 -0.3044 0.6692
vn 0.4522 -0.2283 0.8622
vn -0.6441 -0.4472 0.6206
vn 0.4756 -0.2957 0.8285
vn -0.5978 -0.5789 0.5544
vn 0.5051 -0.3556 0.7864
vn 0.5393 -0.4070 0.7372
vn -0.5404 -0.6965 0.4721
vn -0.4731 -0.7968 0.3758
vn 0.5780 -0.4481 0.6820
vn -0.3977 -0.8776 0.2677
vn 0.6196 -0.4785 0.6222
vn -0.3159 -0.9368 0.1506
vn 0.6637 -0.4967 0.5593
vn 0.7086 -0.5031 0.4947
vn -0.2299 -0.9728 0.0274
vn -0.1417 -0.9850 -0.0989
vn 0.7537 -0.4967 0.4303
vn -0.0535 -0.9728 -0.2253
vn 0.7976 -0.4785 0.3673
vn 0.0326 -0.9368 -0.3485
vn 0.8394 -0.4481 0.3076
vn 0.8779 -0.4070 0.2523
vn 0.1142 -0.8776 -0.4656
vn 0.1897 -0.7968 -0.5736
vn 0.9123 -0.3556 0.2032
vn 0.9416 -0.2957 0.1610
vn 0.2569 -0.6965 -0.6700
vn 0.3145 -0.5789 -0.7523
vn 0.9652 -0.2283 0.1274
vn 0.9825 -0.1555 0.1024
vn 0.3606 -0.4472 -0.8185
vn 0.3946 -0.3044 -0.8670
vn 0.9931 -0.0787 0.0875
vn 0.4151 -0.1541 -0.8966
vn -0.5508 0.0000 -0.8347
vn -0.5535 0.0577 -0.8309
vn -0.7243 0.0238 -0.6891
vn -0.5611 0.1141 -0.8198
vn -0.7232 0.0000 -0.6906
vn -0.7275 0.0470 -0.6845
vn -0.5739 0.1675 -0.8016
vn -0.7327 0.0691 -0.6770
vn -0.5911 0.2169 -0.7769
vn -0.7399 0.0895 -0.6668
vn -0.6127 0.2609 -0.7460
vn -0.7487 0.1077 -0.6541
vn -0.6379 0.2986 -0.7099
vn -0.7592 0.1232 -0.6392
vn -0.6662 0.3288 -0.6694
vn -0.7708 0.1357 -0.6225
vn -0.6968 0.3510 -0.6255
vn -0.7834 0.1448 -0.6044
vn -0.7290 0.3644 -0.5794
vn -0.7621 0.3691 -0.5320
vn -0.7967 0.1504 -0.5853
vn -0.8104 0.1523 -0.5658
vn -0.7951 0.3644 -0.4847
vn -0.8240 0.1504 -0.5462
vn -0.8273 0.3510 -0.4385
vn -0.8373 0.1448 -0.5272
vn -0.8580 0.3288 -0.3947
vn -0.8500 0.1357 -0.5091
vn -0.8862 0.2986 -0.3541
vn -0.8616 0.1232 -0.4924
vn -0.9114 0.2609 -0.3181
vn -0.8720 0.1077 -0.4775
vn -0.9330 0.2169 -0.2872
vn -0.8809 0.0895 -0.4648
vn -0.9503 0.1675 -0.2625
vn -0.8880 0.0691 -0.4545
vn -0.9630 0.1141 -0.2442
vn -0.8933 0.0470 -0.4470
vn -0.9707 0.0577 -0.2332
vn -0.9733 0.0000 -0.2294
vn -0.8965 0.0238 -0.4425
vn -0.8975 0.0000 -0.4409
vn -0.9707 -0.0577 -0.2332
vn -0.9630 -0.1141 -0.2442
vn -0.8965 -0.0238 -0.4425
vn -0.8933 -0.0470 -0.4470
vn -0.9503 -0.1675 -0.2625
vn -0.9330 -0.2169 -0.2872
vn -0.8880 -0.0691 -0.4545
vn -0.8809 -0.0895 -0.4648
vn -0.9114 -0.2609 -0.3181
vn -0.8720 -0.1077 -0.4775
vn -0.8862 -0.2986 -0.3542
vn -0.8616 -0.1232 -0.4924
vn -0.8580 -0.3288 -0.3947
vn -0.8273 -0.3510 -0.4385
vn -0.8500 -0.1357 -0.5091
vn -0.8373 -0.1448 -0.5272
vn -0.7951 -0.3644 -0.4847
vn -0.7621 -0.3691 -0.5320
vn -0.8240 -0.1504 -0.5462
vn -0.8104 -0.1523 -0.5658
vn -0.7290 -0.3644 -0.5794
vn -0.6968 -0.3510 -0.6255
vn -0.7967 -0.1504 -0.5853
vn -0.7834 -0.1448 -0.6044
vn -0.6662 -0.3288 -0.6694
vn -0.7708 -0.1357 -0.6225
vn -0.6379 -0.2986 -0.7099
vn -0.7592 -0.1232 -0.6392
vn -0.6127 -0.2609 -0.7460
vn -0.5911 -0.2169 -0.7769
vn -0.7487 -0.1077 -0.6541
vn -0.7399 -0.0895 -0.6668
vn -0.5739 -0.1675 -0.8016
vn -0.5611 -0.1141 -0.8198
vn -0.7327 -0.0691 -0.6770
vn -0.7275 -0.0470 -0.6845
vn -0.5535 -0.0577 -0.8309
vn -0.7243 -0.0238 -0.6891
vn 0.9840 0.1055 -0.1438
vn 0.9419 0.3131 -0.1215
vn 0.9794 0.1888 -0.0717
vn 0.9871 0.1484 -0.0601
vn 0.9491 0.1176 -0.2922
vn 0.9985 -0.0037 -0.0547
vn 0.9828 0.0720 -0.1698
vn 0.9764 -0.0949 -0.1941
vn 0.9189 0.0816 -0.3860
vn 0.9101 0.1864 -0.3701
vn 0.9512 0.2991 -0.0756
vn 0.9298 0.3453 -0.1274
vn 0.9324 0.3593 0.0401
vn 0.8462 0.3844 -0.3690
vn 0.8740 0.4858 0.0137
vn 0.7667 0.6288 0.1294
vn 0.8481 0.5169 0.1163
vn 0.8239 0.5553 -0.1129
vn 0.8700 0.4812 0.1077
vn 0.8819 0.4708 -0.0252
vn 0.7993 0.5612 -0.2147
vn 0.7573 0.6354 -0.1512
vn 0.7842 0.5985 0.1635
vn 0.7438 0.6539 0.1385
vn 0.7567 0.5852 0.2916
vn 0.6311 0.7734 -0.0602
vn 0.6594 0.6772 0.3265
vn 0.5188 0.7043 0.4845
vn 0.6315 0.6476 0.4265
vn 0.5862 0.7709 0.2493
vn 0.6697 0.6180 0.4117
vn 0.6674 0.6881 0.2848
vn 0.5451 0.8239 0.1549
vn 0.5086 0.8198 0.2632
vn 0.5484 0.6693 0.5013
vn 0.4899 0.7123 0.5026
vn 0.5386 0.5875 0.6040
vn 0.3267 0.8666 0.3773
vn 0.2925 0.5110 0.8083
vn 0.4123 0.5308 0.7404
vn 0.4193 0.6120 0.6706
vn 0.4471 0.5366 0.7157
vn 0.3096 0.6980 0.6457
vn 0.4301 0.6365 0.6403
vn 0.2750 0.7573 0.5924
vn 0.1933 0.7227 0.6636
vn 0.3339 0.4844 0.8087
vn 0.2647 0.4989 0.8252
vn 0.3614 0.3654 0.8578
vn 0.0476 0.6295 0.7755
vn 0.2744 0.2113 0.9381
vn 0.2431 0.3150 0.9174
vn 0.1750 0.1222 0.9770
vn 0.3009 0.2410 0.9227
vn 0.0988 0.3650 0.9257
vn 0.2318 0.3543 0.9060
vn 0.0190 0.4292 0.9030
vn -0.0064 0.3338 0.9426
vn 0.2225 0.1145 0.9682
vn 0.1542 0.0950 0.9835
vn 0.2928 0.0037 0.9562
vn -0.0981 0.1516 0.9836
vn 0.2041 -0.1055 0.9732
vn 0.2105 -0.3131 0.9261
vn 0.2702 -0.1888 0.9441
vn 0.0528 -0.1176 0.9917
vn 0.2837 -0.1484 0.9474
vn 0.1793 -0.0720 0.9812
vn -0.0456 -0.0816 0.9956
vn -0.0338 -0.1864 0.9819
vn 0.2569 -0.2991 0.9190
vn 0.2008 -0.3453 0.9168
vn 0.3589 -0.3593 0.8615
vn -0.0548 -0.3844 0.9215
vn 0.3141 -0.4858 0.8157
vn 0.3857 -0.6288 0.6752
vn 0.4014 -0.5169 0.7561
vn 0.4008 -0.4812 0.7796
vn 0.1780 -0.5553 0.8124
vn 0.2803 -0.4708 0.8365
vn 0.0739 -0.5612 0.8244
vn 0.1190 -0.6354 0.7630
vn 0.3866 -0.6536 0.6507
vn 0.5346 -0.5851 0.6099
vn 0.4238 -0.5985 0.6798
vn 0.1606 -0.7736 0.6130
vn 0.6180 -0.6475 0.4459
vn 0.5310 -0.6804 0.5050
vn 0.6337 -0.7043 0.3200
vn 0.4265 -0.7809 0.4564
vn 0.6075 -0.6302 0.4835
vn 0.4961 -0.6897 0.5274
vn 0.3320 -0.8265 0.4547
vn 0.3937 -0.8417 0.3695
vn 0.6406 -0.7123 0.2868
vn 0.7526 -0.5874 0.2975
vn 0.6596 -0.6692 0.3421
vn 0.4658 -0.8672 0.1759
vn 0.7720 -0.6152 0.1598
vn 0.8597 -0.5108 -0.0037
vn 0.8372 -0.5308 0.1320
vn 0.7035 -0.7082 0.0597
vn 0.8249 -0.5384 0.1722
vn 0.7444 -0.6452 0.1717
vn 0.6301 -0.7760 0.0277
vn 0.6854 -0.7265 -0.0483
vn 0.8659 -0.4989 -0.0359
vn 0.9298 -0.3653 0.0437
vn 0.8742 -0.4844 0.0348
vn 0.7442 -0.6297 -0.2229
vn 0.9774 -0.1222 -0.1724
vn 0.9752 -0.2113 -0.0657
vn 0.9450 -0.3150 -0.0880
vn 0.9031 -0.3650 -0.2262
vn 0.9699 -0.2410 -0.0355
vn 0.9303 -0.3543 -0.0946
vn 0.8543 -0.4292 -0.2933
vn 0.8827 -0.3338 -0.3308
vn 0.9856 -0.1145 -0.1248
vn 0.8895 -0.1516 -0.4311
vn 0.9154 0.0498 -0.3994
vn 0.9227 0.1282 -0.3636
vn 0.8987 0.2145 -0.3825
vn 0.8056 0.5408 -0.2420
vn 0.7892 0.5894 -0.1724
vn 0.7360 0.6603 -0.1494
vn 0.5587 0.8212 0.1165
vn 0.5431 0.8138 0.2068
vn 0.4843 0.8334 0.2662
vn 0.2425 0.7342 0.6342
vn 0.2736 0.7756 0.5688
vn 0.1586 0.7153 0.6805
vn 0.0239 0.3820 0.9239
vn 0.0169 0.4602 0.8877
vn -0.0310 0.3132 0.9492
vn -0.0594 -0.0498 0.9970
vn -0.0234 -0.1282 0.9915
vn -0.0493 -0.2145 0.9755
vn 0.1101 -0.5894 0.8003
vn 0.0504 -0.5408 0.8396
vn 0.1134 -0.6603 0.7424
vn 0.3045 -0.8252 0.4757
vn 0.3733 -0.8255 0.4234
vn 0.3950 -0.8538 0.3390
vn 0.6057 -0.7944 0.0442
vn 0.6656 -0.7463 0.0046
vn 0.6880 -0.7213 -0.0806
vn 0.8755 -0.3820 -0.2960
vn 0.8391 -0.4602 -0.2900
vn 0.8804 -0.3132 -0.3562
vn 0.6871 -0.0320 0.7258
vn 0.6913 -0.0632 0.7198
vn 0.6855 -0.0000 0.7280
vn 0.7079 -0.1202 0.6960
vn 0.6985 -0.0927 0.7096
vn 0.7338 -0.1655 0.6589
vn 0.7200 -0.1445 0.6788
vn 0.7496 -0.1820 0.6364
vn 0.7664 -0.1945 0.6122
vn 0.8026 -0.2045 0.5603
vn 0.7844 -0.2018 0.5866
vn 0.8388 -0.1945 0.5085
vn 0.8209 -0.2018 0.5342
vn 0.8714 -0.1655 0.4618
vn 0.8557 -0.1820 0.4843
vn 0.8973 -0.1202 0.4247
vn 0.8853 -0.1445 0.4419
vn 0.9068 -0.0927 0.4111
vn 0.9140 -0.0632 0.4009
vn 0.9197 -0.0000 0.3926
vn 0.9182 -0.0320 0.3949
vn 0.9140 0.0632 0.4009
vn 0.9182 0.0320 0.3949
vn 0.8973 0.1202 0.4247
vn 0.9068 0.0927 0.4111
vn 0.8853 0.1445 0.4419
vn 0.8714 0.1655 0.4618
vn 0.8557 0.1820 0.4843
vn 0.8388 0.1945 0.5085
vn 0.8026 0.2045 0.5603
vn 0.8209 0.2018 0.5342
vn 0.7664 0.1945 0.6122
vn 0.7844 0.2018 0.5866
vn 0.7338 0.1655 0.6589
vn 0.7496 0.1820 0.6364
vn 0.7079 0.1202 0.6960
vn 0.7200 0.1445 0.6788
vn 0.6913 0.0632 0.7198
vn 0.6985 0.0927 0.7096
vn 0.6871 0.0320 0.7258
vn 0.9784 0.2060 -0.0182
vn 0.6565 0.2209 -0.7213
vn 0.9927 0.0744 0.0947
vn 0.9891 0.0252 0.1449
vn 0.9564 0.2718 -0.1067
vn 0.3235 0.0627 -0.9441
vn 0.9549 -0.1074 -0.2767
vn 0.9403 0.1598 0.3004
vn 0.9317 0.2834 0.2271
vn 0.9419 0.1628 0.2938
vn 0.9065 0.3678 -0.2074
vn 0.4764 0.7473 -0.4633
vn 0.9140 0.3486 0.2074
vn 0.8462 0.5046 0.1711
vn 0.7952 0.5938 0.1231
vn 0.1975 0.6146 -0.7637
vn 0.8544 0.3092 0.4176
vn 0.8546 0.3010 0.4231
vn 0.7984 0.4333 0.4180
vn 0.7033 0.7073 0.0713
vn 0.1377 0.9904 -0.0117
vn 0.7556 0.4970 0.4267
vn 0.6390 0.6102 0.4683
vn 0.5506 0.6949 0.4626
vn -0.0919 0.9309 -0.3535
vn 0.7377 0.3274 0.5904
vn 0.6401 0.4178 0.6447
vn 0.7335 0.3383 0.5895
vn 0.4277 0.7744 0.4662
vn 0.5797 0.4491 0.6798
vn 0.4357 0.4830 0.7596
vn -0.1900 0.8517 0.4884
vn 0.3251 0.5237 0.7874
vn -0.4433 0.8878 0.1236
vn 0.6282 0.2348 0.7418
vn 0.6344 0.2284 0.7385
vn 0.5173 0.2426 0.8207
vn 0.1891 0.5420 0.8188
vn 0.4596 0.2282 0.8583
vn 0.3136 0.1714 0.9340
vn -0.4195 0.3898 0.8198
vn 0.2074 0.1533 0.9662
vn -0.6911 0.5131 0.5090
vn 0.5782 0.0436 0.8147
vn 0.5842 0.0423 0.8105
vn 0.4769 -0.0252 0.8786
vn 0.0693 0.1074 0.9918
vn 0.3200 -0.2060 0.9247
vn -0.4509 -0.2209 0.8648
vn 0.4310 -0.0744 0.8993
vn 0.2295 -0.2718 0.9346
vn -0.7748 -0.0627 0.6291
vn 0.5343 -0.2834 0.7964
vn 0.6004 -0.1628 0.7829
vn 0.6060 -0.1598 0.7792
vn 0.1177 -0.3678 0.9224
vn 0.4522 -0.5046 0.7354
vn -0.2708 -0.7473 0.6069
vn 0.5096 -0.3486 0.7866
vn 0.3903 -0.5931 0.7041
vn -0.6488 -0.6146 0.4486
vn 0.6878 -0.3070 0.6578
vn 0.6917 -0.3010 0.6565
vn 0.6676 -0.4333 0.6055
vn 0.3168 -0.7025 0.6373
vn 0.6656 -0.4897 0.5633
vn 0.6596 -0.6105 0.4383
vn 0.0520 -0.9881 0.1445
vn 0.6286 -0.6879 0.3629
vn -0.3612 -0.9318 0.0366
vn 0.8085 -0.3271 0.4891
vn 0.8259 -0.4177 0.3788
vn 0.8070 -0.3340 0.4870
vn 0.5905 -0.7689 0.2453
vn 0.8631 -0.4832 0.1469
vn 0.3942 -0.8516 -0.3456
vn 0.8392 -0.4437 0.3146
vn 0.8533 -0.5199 0.0411
vn -0.0218 -0.8930 -0.4495
vn 0.9126 -0.2333 0.3358
vn 0.9119 -0.2283 0.3412
vn 0.9487 -0.2426 0.2028
vn 0.8342 -0.5416 -0.1038
vn 0.9641 -0.2282 0.1356
vn 0.9848 -0.1714 -0.0275
vn 0.6251 -0.3897 -0.6763
vn 0.9785 -0.1533 -0.1382
vn 0.2398 -0.5131 -0.8241
vn 0.9622 -0.0423 0.2691
vn 0.9641 -0.0436 0.2621
vn 0.9853 0.0690 0.1564
vn 0.9884 0.0000 0.1522
vn 0.8738 0.0161 0.4860
vn 0.9760 0.1363 0.1699
vn 0.8745 -0.0000 0.4850
vn 0.8716 0.0318 0.4891
vn 0.8681 0.0468 0.4941
vn 0.9609 0.2003 0.1914
vn 0.9401 0.2592 0.2212
vn 0.8633 0.0605 0.5011
vn 0.9144 0.3120 0.2579
vn 0.8573 0.0728 0.5097
vn 0.8843 0.3568 0.3012
vn 0.8502 0.0833 0.5198
vn 0.8423 0.0918 0.5311
vn 0.8505 0.3931 0.3495
vn 0.8139 0.4194 0.4020
vn 0.8338 0.0979 0.5433
vn 0.7753 0.4358 0.4571
vn 0.8248 0.1017 0.5562
vn 0.7359 0.4410 0.5138
vn 0.8156 0.1030 0.5694
vn 0.6963 0.4358 0.5703
vn 0.8064 0.1017 0.5826
vn 0.6579 0.4194 0.6255
vn 0.7974 0.0979 0.5955
vn 0.6212 0.3931 0.6780
vn 0.7888 0.0918 0.6077
vn 0.5875 0.3568 0.7263
vn 0.7809 0.0833 0.6190
vn 0.7739 0.0728 0.6291
vn 0.5572 0.3120 0.7695
vn 0.5316 0.2592 0.8063
vn 0.7679 0.0605 0.6377
vn 0.7630 0.0468 0.6447
vn 0.5108 0.2003 0.8360
vn 0.4958 0.1363 0.8577
vn 0.7595 0.0318 0.6497
vn 0.4864 0.0690 0.8710
vn 0.7573 0.0161 0.6528
vn 0.4834 0.0000 0.8754
vn 0.7566 -0.0000 0.6538
vn 0.7573 -0.0161 0.6528
vn 0.4864 -0.0690 0.8710
vn 0.4958 -0.1363 0.8577
vn 0.7595 -0.0318 0.6497
vn 0.7630 -0.0468 0.6447
vn 0.5108 -0.2003 0.8360
vn 0.5316 -0.2592 0.8063
vn 0.7679 -0.0605 0.6377
vn 0.5572 -0.3120 0.7695
vn 0.7739 -0.0728 0.6291
vn 0.5875 -0.3568 0.7263
vn 0.7809 -0.0833 0.6190
vn 0.6212 -0.3931 0.6780
vn 0.7888 -0.0918 0.6077
vn 0.6579 -0.4194 0.6255
vn 0.7974 -0.0979 0.5955
vn 0.6963 -0.4358 0.5703
vn 0.8064 -0.1017 0.5826
vn 0.7359 -0.4410 0.5138
vn 0.8156 -0.1030 0.5694
vn 0.7753 -0.4358 0.4571
vn 0.8248 -0.1017 0.5562
vn 0.8139 -0.4194 0.4020
vn 0.8338 -0.0979 0.5433
vn 0.8423 -0.0918 0.5311
vn 0.8505 -0.3931 0.3495
vn 0.8843 -0.3568 0.3012
vn 0.8502 -0.0833 0.5198
vn 0.9144 -0.3120 0.2579
vn 0.8573 -0.0728 0.5097
vn 0.9401 -0.2592 0.2212
vn 0.8633 -0.0605 0.5011
vn 0.9609 -0.2003 0.1914
vn 0.8681 -0.0468 0.4941
vn 0.9760 -0.1363 0.1699
vn 0.8716 -0.0318 0.4891
vn 0.9853 -0.0690 0.1564
vn 0.8738 -0.0161 0.4860
vn 0.8232 0.0019 0.5677
vn 0.8233 0.0009 0.5675
vn 0.8234 -0.0000 0.5675
vn 0.8227 0.0036 0.5684
vn 0.8230 0.0027 0.5680
vn 0.8220 0.0049 0.5695
vn 0.8224 0.0043 0.5689
vn 0.8210 0.0058 0.5709
vn 0.8215 0.0054 0.5702
vn 0.8199 0.0061 0.5724
vn 0.8205 0.0060 0.5717
vn 0.8194 0.0060 0.5732
vn 0.8189 0.0058 0.5740
vn 0.8184 0.0054 0.5747
vn 0.8179 0.0049 0.5754
vn 0.8171 0.0036 0.5765
vn 0.8175 0.0043 0.5759
vn 0.8166 0.0019 0.5772
vn 0.8168 0.0027 0.5769
vn 0.8165 -0.0000 0.5774
vn 0.8165 0.0009 0.5773
vn 0.8167 -0.0020 0.5771
vn 0.8165 -0.0009 0.5773
vn 0.8171 -0.0036 0.5764
vn 0.8168 -0.0027 0.5769
vn 0.8178 -0.0048 0.5754
vn 0.8175 -0.0043 0.5760
vn 0.8189 -0.0058 0.5740
vn 0.8184 -0.0054 0.5747
vn 0.8199 -0.0061 0.5724
vn 0.8195 -0.0060 0.5731
vn 0.8204 -0.0060 0.5718
vn 0.8210 -0.0058 0.5709
vn 0.8220 -0.0048 0.5694
vn 0.8215 -0.0054 0.5702
vn 0.8224 -0.0043 0.5689
vn 0.8227 -0.0035 0.5684
vn 0.8232 -0.0020 0.5678
vn 0.8230 -0.0028 0.5680
vn 0.8233 -0.0009 0.5675
vn 0.9935 0.0976 -0.0578
vn 0.9980 0.0000 -0.0640
vn 0.9805 0.1927 -0.0389
vn 0.9590 0.2832 -0.0083
vn 0.9298 0.3666 0.0337
vn 0.8934 0.4411 0.0857
vn 0.8508 0.5046 0.1468
vn 0.8030 0.5558 0.2152
vn 0.7512 0.5932 0.2894
vn 0.6967 0.6161 0.3674
vn 0.6409 0.6237 0.4474
vn 0.5850 0.6161 0.5274
vn 0.5306 0.5932 0.6055
vn 0.4787 0.5558 0.6796
vn 0.4310 0.5046 0.7481
vn 0.3883 0.4411 0.8091
vn 0.3520 0.3666 0.8612
vn 0.3227 0.2832 0.9031
vn 0.3013 0.1927 0.9338
vn 0.2882 0.0976 0.9526
vn 0.2838 -0.0000 0.9589
vn 0.2882 -0.0976 0.9526
vn 0.3013 -0.1927 0.9338
vn 0.3227 -0.2832 0.9031
vn 0.3520 -0.3666 0.8612
vn 0.3884 -0.4411 0.8091
vn 0.4310 -0.5046 0.7481
vn 0.4787 -0.5558 0.6796
vn 0.5306 -0.5932 0.6055
vn 0.5850 -0.6161 0.5274
vn 0.6409 -0.6237 0.4474
vn 0.6967 -0.6161 0.3674
vn 0.7512 -0.5932 0.2894
vn 0.8030 -0.5558 0.2152
vn 0.8508 -0.5046 0.1468
vn 0.8934 -0.4411 0.0857
vn 0.9298 -0.3666 0.0337
vn 0.9590 -0.2832 -0.0083
vn 0.9805 -0.1927 -0.0389
vn 0.9935 -0.0976 -0.0578
vn 0.9426 0.3297 -0.0536
vn 0.1925 0.8528 0.4855
vn 0.6539 0.7430 0.1429
vn 0.5867 0.8016 -0.1152
vn 0.9233 0.2726 0.2707
vn -0.0882 0.9724 0.2161
vn 0.8703 -0.4903 0.0466
vn 0.7169 -0.6306 -0.2973
vn 0.2673 -0.7937 0.5465
vn 0.9780 -0.1218 -0.1695
vn 0.0886 -0.9951 -0.0434
vn 0.9593 -0.1955 0.2038
vn -0.0629 0.5207 0.8514
vn 0.3757 0.7522 0.5412
vn 0.7679 0.6097 0.1966
vn 0.2700 0.9014 0.3385
vn 0.7981 0.4010 0.4496
vn -0.3905 0.6528 0.6491
vn 0.8576 -0.1256 -0.4988
vn 0.5666 -0.8156 0.1178
vn 0.9850 -0.1262 -0.1176
vn 0.9426 0.3122 -0.1187
vn 0.4140 -0.7544 -0.5094
vn 0.9833 0.0664 0.1694
vn 0.1411 0.5026 0.8529
vn 0.5083 0.6878 0.5182
vn -0.1511 -0.0023 0.9885
vn -0.0024 0.6663 0.7457
vn 0.6442 0.3953 0.6548
vn -0.5201 0.0890 0.8495
vn 0.9567 0.2807 -0.0774
vn 0.8027 0.4170 -0.4263
vn 0.8153 -0.5262 -0.2417
vn 0.7685 0.6264 0.1305
vn 0.5916 -0.2328 -0.7719
vn 0.9143 0.3046 0.2669
vn 0.0550 0.0104 0.9984
vn 0.3258 0.4525 0.8301
vn -0.0567 -0.5400 0.8398
vn -0.1781 0.1523 0.9721
vn 0.5441 0.2086 0.8127
vn -0.4487 -0.5227 0.7249
vn 0.9252 -0.0335 -0.3780
vn 0.7674 0.6212 0.1588
vn 0.5666 0.8209 -0.0710
vn 0.4879 0.7321 0.4753
vn 0.5708 0.3936 -0.7206
vn 0.7696 0.4449 0.4581
vn 0.2037 -0.8591 0.4695
vn 0.1376 -0.4500 0.8824
vn 0.2274 0.0762 0.9708
vn -0.1286 -0.3955 0.9094
vn 0.5141 -0.0404 0.8568
vn -0.1796 -0.9205 0.3470
vn 0.5589 0.6669 0.4927
vn 0.2516 0.8947 0.3691
vn 0.8400 0.4685 -0.2737
vn 0.2953 0.5093 0.8084
vn 0.3341 0.8558 -0.3950
vn 0.6291 0.3829 0.6765
vn 0.5221 -0.8528 0.0134
vn 0.3595 -0.7430 0.5646
vn 0.2745 -0.3297 0.9033
vn 0.0941 -0.8016 0.5905
vn 0.5723 -0.2726 0.7734
vn 0.1725 -0.9724 -0.1573
vn 0.6051 0.7937 0.0625
vn 0.3437 0.4903 0.8010
vn -0.0321 0.6306 0.7755
vn 0.1779 0.1218 0.9765
vn -0.0102 0.9951 0.0981
vn 0.5219 0.1955 0.8303
vn 0.4493 -0.6097 0.6530
vn 0.7776 -0.5207 -0.3525
vn 0.6376 -0.7522 0.1662
vn 0.4108 -0.9014 0.1368
vn 0.6975 -0.4007 0.5940
vn 0.4748 -0.6528 -0.5902
vn 0.2290 0.1262 0.9652
vn -0.1727 0.1256 0.9769
vn 0.3058 0.8156 0.4913
vn 0.2134 -0.3122 0.9258
vn -0.3356 0.7544 0.5642
vn 0.4979 -0.0664 0.8647
vn 0.6848 -0.6568 0.3156
vn 0.8725 0.0103 -0.4885
vn 0.8657 -0.4741 -0.1605
vn 0.7007 -0.6569 -0.2784
vn 0.8420 -0.3758 0.3871
vn 0.6118 -0.0839 -0.7865
vn 0.0563 0.5259 0.8487
vn 0.2587 -0.2860 0.9226
vn -0.1166 -0.4273 0.8966
vn 0.3880 -0.6270 0.6755
vn -0.5178 0.2255 0.8252
vn 0.5665 -0.3029 0.7663
vn 0.9567 -0.0149 -0.2908
vn 0.8913 -0.4531 0.0199
vn 0.7706 0.5373 -0.3426
vn 0.8529 -0.1615 -0.4964
vn 0.9504 -0.2073 0.2318
vn 0.5313 0.5170 -0.6712
vn 0.4215 -0.5890 0.6895
vn 0.1148 -0.8170 0.5651
vn -0.0481 0.0354 0.9982
vn 0.6353 -0.7022 0.3214
vn -0.4873 -0.3895 0.7815
vn 0.7017 -0.4238 0.5727
vn 0.8757 0.4500 -0.1749
vn 0.9897 -0.0762 -0.1211
vn 0.5109 0.8591 0.0295
vn 0.8094 0.3955 -0.4341
vn 0.9815 0.0404 0.1873
vn 0.2639 0.9205 -0.2882
vn 0.6551 -0.6670 0.3549
vn 0.4332 -0.8947 0.1090
vn 0.0325 -0.4686 0.8828
vn 0.8606 -0.5093 -0.0013
vn -0.2557 -0.8558 0.4497
vn 0.8517 -0.3828 0.3579
vn 0.7572 -0.1563 -0.6342
vn 0.9306 -0.0749 -0.3583
vn 0.7228 -0.1780 -0.6677
vn 0.4537 -0.2601 -0.8524
vn 0.8942 0.3267 -0.3062
vn 0.7490 0.4235 -0.5096
vn 0.6562 0.4875 -0.5760
vn 0.3812 0.5664 -0.7307
vn 0.1892 0.3927 -0.9000
vn -0.3708 0.2177 -0.9028
vn 0.6776 0.4210 -0.6030
vn 0.4364 0.3530 -0.8276
vn 0.7056 0.4340 -0.5602
vn 0.8655 0.4252 -0.2650
vn 0.5140 0.8402 -0.1729
vn 0.3998 0.8926 -0.2082
vn 0.7009 0.7127 -0.0292
vn 0.1019 0.9386 -0.3297
vn -0.4976 0.4906 -0.7153
vn -0.0325 0.8162 -0.5768
vn 0.4401 0.8591 -0.2614
vn 0.2173 0.8316 -0.5111
vn 0.6443 0.7630 0.0508
vn 0.4651 0.8583 -0.2170
vn 0.4360 0.8085 0.3952
vn 0.2289 0.9147 0.3332
vn 0.0785 0.9505 0.3005
vn -0.2073 0.9555 0.2101
vn -0.3523 0.9294 -0.1099
vn -0.6914 0.5815 -0.4288
vn 0.1243 0.9627 0.2403
vn -0.0738 0.9973 0.0045
vn 0.3757 0.7918 0.4815
vn 0.1803 0.9387 0.2937
vn -0.1168 0.6733 0.7301
vn -0.2440 0.6558 0.7145
vn 0.1440 0.6246 0.7675
vn -0.5385 0.6026 0.5890
vn -0.6568 0.6841 0.3171
vn -0.8844 0.4379 -0.1614
vn -0.2126 0.7089 0.6725
vn -0.4512 0.7737 0.4447
vn 0.1000 0.5464 0.8315
vn -0.1775 0.6868 0.7048
vn -0.0058 0.1841 0.9829
vn -0.2702 0.1550 0.9503
vn -0.3859 0.1040 0.9166
vn -0.6558 0.0222 0.7546
vn -0.8193 0.1797 0.5445
vn -0.9908 0.1342 -0.0147
vn -0.3778 0.1780 0.9086
vn -0.6438 0.2601 0.7196
vn -0.3344 0.1563 0.9294
vn -0.0157 0.0749 0.9971
vn 0.0207 -0.3267 0.9449
vn -0.2203 -0.4235 0.8787
vn -0.3146 -0.4875 0.8145
vn -0.5546 -0.5664 0.6096
vn -0.7797 -0.3927 0.4877
vn -0.9753 -0.2177 -0.0370
vn -0.3326 -0.4210 0.8439
vn -0.6266 -0.3530 0.6948
vn -0.2827 -0.4340 0.8554
vn 0.0495 -0.4252 0.9038
vn 0.0148 -0.8402 0.5420
vn -0.0579 -0.8928 0.4468
vn 0.2141 -0.7127 0.6680
vn -0.2747 -0.9386 0.2087
vn -0.8443 -0.4865 -0.2246
vn -0.5550 -0.8151 0.1659
vn -0.0944 -0.8592 0.5028
vn -0.4063 -0.8313 0.3793
vn -0.0423 -0.8585 0.5111
vn 0.2705 -0.7629 0.5872
vn 0.3452 -0.9360 0.0688
vn 0.2862 -0.9571 -0.0461
vn 0.5004 -0.8265 0.2579
vn 0.0771 -0.9524 -0.2951
vn -0.2311 -0.9262 -0.2979
vn -0.6479 -0.5695 -0.5059
vn 0.2457 -0.9692 0.0157
vn -0.0671 -0.9921 -0.1064
vn 0.2950 -0.9551 0.0279
vn 0.5629 -0.8092 0.1684
vn 0.6447 -0.6743 -0.3602
vn 0.5862 -0.6558 -0.4757
vn 0.7703 -0.6246 -0.1287
vn 0.3662 -0.6023 -0.7093
vn -0.4611 -0.4349 -0.7735
vn 0.0682 -0.6835 -0.7268
vn 0.5578 -0.7090 -0.4314
vn 0.2613 -0.7739 -0.5769
vn 0.8150 -0.5464 -0.1928
vn 0.6004 -0.6869 -0.4095
vn 0.7275 -0.1040 -0.6782
vn 0.9207 -0.1841 -0.3441
vn 0.7989 -0.1550 -0.5811
vn 0.4824 -0.0222 -0.8757
vn 0.2288 -0.1797 -0.9567
vn -0.3553 -0.1342 -0.9251
vn 0.5766 -0.6151 -0.5378
vn 0.0379 -0.8986 -0.4372
vn 0.4678 0.7415 -0.4810
vn -0.3221 0.8864 -0.3325
vn 0.2987 -0.5035 -0.8107
vn 0.6993 -0.0444 -0.7135
vn -0.6300 0.7690 0.1083
vn 0.1460 0.9891 -0.0201
vn 0.3742 0.0796 -0.9239
vn 0.6059 0.5384 -0.5857
vn -0.1649 0.8493 0.5015
vn -0.8332 0.3635 0.4167
vn 0.3745 0.9110 -0.1729
vn 0.2718 0.6371 -0.7213
vn -0.4369 0.3963 0.8075
vn -0.8708 -0.1930 0.4521
vn -0.0534 0.9504 -0.3063
vn -0.0149 0.9508 0.3094
vn -0.7118 -0.6652 0.2256
vn -0.4674 -0.2106 0.8586
vn -0.3973 0.8986 0.1862
vn -0.3062 0.6151 0.7266
vn -0.4232 -0.8864 -0.1878
vn -0.2903 -0.7415 0.6049
vn -0.4288 0.0444 0.9023
vn -0.6581 0.5035 0.5598
vn -0.1153 -0.7690 -0.6288
vn 0.0316 -0.9891 0.1439
vn -0.7362 -0.0839 0.6716
vn -0.3360 -0.5432 0.7694
vn 0.3753 -0.8589 -0.3485
vn 0.0943 -0.3579 -0.9290
vn -0.0633 -0.9234 0.3787
vn -0.6017 -0.6392 0.4789
vn 0.6096 -0.4007 -0.6840
vn 0.1255 0.1900 -0.9737
vn -0.3060 -0.9504 0.0554
vn 0.2853 -0.9508 -0.1206
vn -0.0335 0.6652 -0.7459
vn 0.6449 0.2106 -0.7347
vn 0.8804 0.0988 0.4638
vn 0.2444 0.3840 -0.8904
vn 0.2880 -0.0964 -0.9528
vn 0.8855 -0.0655 0.4600
vn 0.6033 -0.1238 0.7878
vn 0.8934 0.0232 0.4487
vn 0.3748 -0.2109 0.9028
vn 0.0198 0.8220 -0.5692
vn 0.8339 0.1540 0.5299
vn 0.2170 0.4781 -0.8511
vn 0.5085 -0.4744 0.7186
vn 0.6812 -0.2718 0.6798
vn 0.8714 0.1133 0.4773
vn -0.3183 0.9419 -0.1073
vn 0.7732 0.1684 0.6114
vn -0.0286 0.8721 -0.4884
vn 0.8198 0.1643 0.5486
vn 0.7029 -0.5558 0.4438
vn 0.7919 -0.3148 0.5233
vn -0.6123 0.7106 0.3466
vn 0.7293 0.0936 0.6778
vn -0.3806 0.9246 -0.0192
vn 0.7725 0.1299 0.6216
vn 0.8842 -0.4313 0.1794
vn 0.8953 -0.2441 0.3728
vn -0.7857 0.2007 0.5851
vn 0.7190 -0.0072 0.6949
vn -0.6595 0.6340 0.4039
vn 0.7370 0.0655 0.6727
vn 0.9901 -0.1384 0.0214
vn 0.9563 -0.0765 0.2823
vn -0.7516 -0.3840 0.5363
vn 0.7388 -0.0988 0.6667
vn -0.7952 0.0964 0.5987
vn 0.9475 0.1238 0.2949
vn 0.7291 -0.0232 0.6840
vn 0.9767 0.2109 0.0407
vn 0.7855 -0.1527 0.5997
vn -0.5273 -0.8220 0.2150
vn -0.7242 -0.4781 0.4970
vn 0.8482 0.4796 0.2247
vn 0.8729 0.2769 0.4016
vn 0.7526 -0.1031 0.6503
vn 0.8415 -0.1482 0.5195
vn -0.1984 -0.9461 -0.2561
vn -0.4734 -0.8700 0.1378
vn 0.6539 0.5652 0.5030
vn 0.7612 0.3241 0.5618
vn 0.7985 -0.1436 0.5846
vn 0.8853 -0.0871 0.4568
vn 0.1094 -0.7087 -0.6969
vn -0.1387 -0.9295 -0.3416
vn 0.4679 0.4348 0.7694
vn 0.6548 0.2476 0.7141
vn 0.8493 -0.1293 0.5119
vn 0.9001 0.0072 0.4355
vn 0.2785 -0.2007 -0.9392
vn 0.1521 -0.6341 -0.7582
vn 0.3613 0.1384 0.9221
vn 0.5945 0.0765 0.8004
vn 0.8470 0.0078 0.5315
vn 0.8460 0.0153 0.5330
vn 0.8474 -0.0000 0.5310
vn 0.8443 0.0225 0.5355
vn 0.8419 0.0292 0.5388
vn 0.8390 0.0351 0.5430
vn 0.8356 0.0402 0.5478
vn 0.8318 0.0442 0.5533
vn 0.8277 0.0472 0.5592
vn 0.8234 0.0490 0.5654
vn 0.8189 0.0497 0.5717
vn 0.8145 0.0490 0.5781
vn 0.8101 0.0472 0.5843
vn 0.8060 0.0442 0.5902
vn 0.8022 0.0402 0.5957
vn 0.7988 0.0351 0.6005
vn 0.7959 0.0292 0.6047
vn 0.7936 0.0225 0.6080
vn 0.7919 0.0153 0.6105
vn 0.7909 0.0078 0.6120
vn 0.7905 -0.0000 0.6125
vn 0.7909 -0.0078 0.6120
vn 0.7919 -0.0153 0.6105
vn 0.7936 -0.0225 0.6080
vn 0.7959 -0.0292 0.6047
vn 0.7988 -0.0351 0.6005
vn 0.8022 -0.0402 0.5957
vn 0.8060 -0.0442 0.5902
vn 0.8101 -0.0472 0.5843
vn 0.8145 -0.0490 0.5781
vn 0.8189 -0.0497 0.5717
vn 0.8234 -0.0490 0.5654
vn 0.8277 -0.0472 0.5592
vn 0.8318 -0.0442 0.5533
vn 0.8356 -0.0402 0.5478
vn 0.8390 -0.0351 0.5430
vn 0.8419 -0.0292 0.5388
vn 0.8443 -0.0225 0.5355
vn 0.8460 -0.0153 0.5330
vn 0.8470 -0.0078 0.5315
vn 0.1413 -0.1149 0.9833
vn 0.1363 -0.0000 0.9907
vn 0.1569 -0.2269 0.9612
vn 0.1820 -0.3334 0.9251
vn 0.2166 -0.4316 0.8757
vn 0.2593 -0.5193 0.8143
vn 0.3096 -0.5940 0.7425
vn 0.3657 -0.6543 0.6619
vn 0.4268 -0.6983 0.5747
vn 0.4908 -0.7253 0.4827
vn 0.5566 -0.7343 0.3886
vn 0.6223 -0.7253 0.2944
vn 0.6865 -0.6983 0.2026
vn 0.7474 -0.6543 0.1152
vn 0.8037 -0.5940 0.0347
vn 0.8538 -0.5193 -0.0372
vn 0.8967 -0.4316 -0.0984
vn 0.9311 -0.3334 -0.1480
vn 0.9564 -0.2269 -0.1840
vn 0.9717 -0.1149 -0.2062
vn 0.9770 -0.0000 -0.2134
vn 0.9717 0.1149 -0.2062
vn 0.9564 0.2269 -0.1840
vn 0.9311 0.3334 -0.1480
vn 0.8967 0.4316 -0.0984
vn 0.8538 0.5193 -0.0372
vn 0.8037 0.5940 0.0348
vn 0.7474 0.6543 0.1152
vn 0.6865 0.6983 0.2026
vn 0.6223 0.7253 0.2944
vn 0.5566 0.7343 0.3886
vn 0.4908 0.7253 0.4827
vn 0.4268 0.6983 0.5747
vn 0.3657 0.6543 0.6619
vn 0.3096 0.5940 0.7425
vn 0.2593 0.5193 0.8143
vn 0.2166 0.4316 0.8757
vn 0.1820 0.3334 0.9251
vn 0.1569 0.2269 0.9612
vn 0.1413 0.1149 0.9833
vn 0.0784 -0.1214 0.9895
vn 0.0729 -0.0000 0.9973
vn 0.0946 -0.2398 0.9662
vn 0.1214 -0.3523 0.9280
vn 0.1577 -0.4562 0.8758
vn 0.2031 -0.5487 0.8110
vn 0.2560 -0.6278 0.7350
vn 0.3155 -0.6914 0.6499
vn 0.3798 -0.7381 0.5577
vn 0.4477 -0.7664 0.4606
vn 0.5171 -0.7761 0.3610
vn 0.5867 -0.7664 0.2615
vn 0.6544 -0.7381 0.1644
vn 0.7188 -0.6914 0.0722
vn 0.7782 -0.6278 -0.0130
vn 0.8313 -0.5487 -0.0888
vn 0.8765 -0.4561 -0.1538
vn 0.9130 -0.3523 -0.2059
vn 0.9396 -0.2398 -0.2441
vn 0.9559 -0.1214 -0.2674
vn 0.9614 0.0000 -0.2753
vn 0.9559 0.1214 -0.2674
vn 0.9396 0.2398 -0.2441
vn 0.9130 0.3523 -0.2059
vn 0.8765 0.4562 -0.1538
vn 0.8313 0.5487 -0.0888
vn 0.7782 0.6278 -0.0130
vn 0.7188 0.6914 0.0722
vn 0.6544 0.7381 0.1644
vn 0.5867 0.7664 0.2615
vn 0.5171 0.7760 0.3610
vn 0.4477 0.7664 0.4606
vn 0.3798 0.7381 0.5577
vn 0.3155 0.6914 0.6499
vn 0.2560 0.6278 0.7350
vn 0.2031 0.5487 0.8110
vn 0.1577 0.4561 0.8758
vn 0.1214 0.3523 0.9280
vn 0.0946 0.2398 0.9662
vn 0.0784 0.1214 0.9895
# 2084 vertex normals

vt 0.4421 0.8658 0.2500
vt 0.3318 0.8300 0.2500
vt 0.5000 0.5000 0.2500
vt 0.5000 0.9363 0.2500
vt 0.6681 0.8300 0.2500
vt 0.5579 0.8658 0.2500
vt 0.3652 0.9149 0.2500
vt 0.2436 0.8530 0.2500
vt 0.2381 0.7619 0.2500
vt 0.1700 0.6682 0.2500
vt 0.1470 0.7564 0.2500
vt 0.0851 0.6348 0.2500
vt 0.1342 0.5579 0.2500
vt 0.1342 0.4421 0.2500
vt 0.0637 0.5000 0.2500
vt 0.0851 0.3652 0.2500
vt 0.1700 0.3318 0.2500
vt 0.2381 0.2381 0.2500
vt 0.1470 0.2436 0.2500
vt 0.4421 0.1342 0.2500
vt 0.2436 0.1470 0.2500
vt 0.3318 0.1700 0.2500
vt 0.3652 0.0851 0.2500
vt 0.6682 0.1700 0.2500
vt 0.5000 0.0637 0.2500
vt 0.5579 0.1342 0.2500
vt 0.6348 0.0851 0.2500
vt 0.8300 0.3318 0.2500
vt 0.7564 0.1470 0.2500
vt 0.7619 0.2381 0.2500
vt 0.8530 0.2436 0.2500
vt 0.8658 0.5579 0.2500
vt 0.9149 0.3652 0.2500
vt 0.8658 0.4421 0.2500
vt 0.9363 0.5000 0.2500
vt 0.7619 0.7619 0.2500
vt 0.9149 0.6348 0.2500
vt 0.8300 0.6682 0.2500
vt 0.8530 0.7564 0.2500
vt 0.7564 0.8530 0.2500
vt 0.6348 0.9149 0.2500
vt 0.4227 0.9878 0.2500
vt 0.5000 0.9939 0.2500
vt 0.3474 0.9697 0.2500
vt 0.2758 0.9400 0.2500
vt 0.2097 0.8996 0.2500
vt 0.1508 0.8492 0.2500
vt 0.1004 0.7903 0.2500
vt 0.0600 0.7242 0.2500
vt 0.0303 0.6526 0.2500
vt 0.0122 0.5773 0.2500
vt 0.0061 0.5000 0.2500
vt 0.0122 0.4227 0.2500
vt 0.0303 0.3474 0.2500
vt 0.0600 0.2758 0.2500
vt 0.1004 0.2097 0.2500
vt 0.2097 0.1004 0.2500
vt 0.1508 0.1508 0.2500
vt 0.2758 0.0600 0.2500
vt 0.3474 0.0303 0.2500
vt 0.5000 0.0061 0.2500
vt 0.4227 0.0122 0.2500
vt 0.5773 0.0122 0.2500
vt 0.6526 0.0303 0.2500
vt 0.7903 0.1004 0.2500
vt 0.7242 0.0600 0.2500
vt 0.8492 0.1508 0.2500
vt 0.8996 0.2097 0.2500
vt 0.9400 0.2758 0.2500
vt 0.9697 0.3474 0.2500
vt 0.9939 0.5000 0.2500
vt 0.9878 0.4227 0.2500
vt 0.9697 0.6526 0.2500
vt 0.9878 0.5773 0.2500
vt 0.9400 0.7242 0.2500
vt 0.8996 0.7903 0.2500
vt 0.7903 0.8996 0.2500
vt 0.8492 0.8492 0.2500
vt 0.7242 0.9400 0.2500
vt 0.6526 0.9697 0.2500
vt 0.5773 0.9878 0.2500
vt 0.4807 0.9969 0.2500
vt 0.3648 0.9786 0.2500
vt 0.1093 0.8077 0.2500
vt 0.1923 0.8907 0.2500
vt 0.0031 0.5193 0.2500
vt 0.0214 0.6352 0.2500
vt 0.0333 0.3281 0.2500
vt 0.0866 0.2235 0.2500
vt 0.2235 0.0866 0.2500
vt 0.3281 0.0333 0.2500
vt 0.6352 0.0214 0.2500
vt 0.5193 0.0031 0.2500
vt 0.8077 0.1093 0.2500
vt 0.8907 0.1923 0.2500
vt 0.9969 0.4807 0.2500
vt 0.9786 0.3648 0.2500
vt 0.9134 0.7765 0.2500
vt 0.9667 0.6719 0.2500
vt 0.7765 0.9134 0.2500
vt 0.6719 0.9667 0.2500
vt 0.3855 0.8523 0.2500
vt 0.5000 0.8704 0.2500
vt 0.2823 0.7997 0.2500
vt 0.2003 0.7177 0.2500
vt 0.1477 0.6145 0.2500
vt 0.1296 0.5000 0.2500
vt 0.1477 0.3855 0.2500
vt 0.2003 0.2823 0.2500
vt 0.2823 0.2003 0.2500
vt 0.3855 0.1477 0.2500
vt 0.5000 0.1296 0.2500
vt 0.6145 0.1477 0.2500
vt 0.7177 0.2003 0.2500
vt 0.7997 0.2823 0.2500
vt 0.8523 0.3855 0.2500
vt 0.8704 0.5000 0.2500
vt 0.8523 0.6145 0.2500
vt 0.7997 0.7177 0.2500
vt 0.7177 0.7997 0.2500
vt 0.6145 0.8523 0.2500
vt 0.3329 0.9674 0.2500
vt 0.5145 0.9962 0.2500
vt 0.2201 0.9099 0.2500
vt 0.0901 0.7799 0.2500
vt 0.0326 0.6671 0.2500
vt 0.0038 0.4855 0.2500
vt 0.0236 0.3604 0.2500
vt 0.1071 0.1966 0.2500
vt 0.1966 0.1071 0.2500
vt 0.3604 0.0236 0.2500
vt 0.4855 0.0038 0.2500
vt 0.6671 0.0326 0.2500
vt 0.7799 0.0901 0.2500
vt 0.9099 0.2201 0.2500
vt 0.9674 0.3329 0.2500
vt 0.9962 0.5145 0.2500
vt 0.9764 0.6396 0.2500
vt 0.8929 0.8034 0.2500
vt 0.8034 0.8929 0.2500
vt 0.6395 0.9764 0.2500
vt 0.3455 0.9755 0.2500
vt 0.3281 0.9667 0.2500
vt 0.5000 1.0000 0.2500
vt 0.5193 0.9969 0.2500
vt 0.0955 0.7939 0.2500
vt 0.0866 0.7765 0.2500
vt 0.2061 0.9045 0.2500
vt 0.2235 0.9134 0.2500
vt 0.0000 0.5000 0.2500
vt 0.0031 0.4807 0.2500
vt 0.0245 0.6545 0.2500
vt 0.0333 0.6719 0.2500
vt 0.0955 0.2061 0.2500
vt 0.1093 0.1923 0.2500
vt 0.0245 0.3455 0.2500
vt 0.0214 0.3648 0.2500
vt 0.3455 0.0245 0.2500
vt 0.3648 0.0214 0.2500
vt 0.2061 0.0955 0.2500
vt 0.1923 0.1093 0.2500
vt 0.6545 0.0245 0.2500
vt 0.6719 0.0333 0.2500
vt 0.5000 0.0000 0.2500
vt 0.4807 0.0031 0.2500
vt 0.9045 0.2061 0.2500
vt 0.9134 0.2235 0.2500
vt 0.7939 0.0955 0.2500
vt 0.7765 0.0866 0.2500
vt 1.0000 0.5000 0.2500
vt 0.9969 0.5193 0.2500
vt 0.9755 0.3455 0.2500
vt 0.9667 0.3281 0.2500
vt 0.9045 0.7939 0.2500
vt 0.8907 0.8077 0.2500
vt 0.9755 0.6545 0.2500
vt 0.9786 0.6352 0.2500
vt 0.6545 0.9755 0.2500
vt 0.6352 0.9786 0.2500
vt 0.7939 0.9045 0.2500
vt 0.8077 0.8907 0.2500
# 181 texture coords

o Cylinder014
g Cylinder014
usemtl uploads_files_1862674_Beetle___OBJ_wire_000000000
s 16
f 4770/4341/7775 4771/4342/7776 4772/4343/7777 4773/4344/7778 
f 4772/4343/7777 4774/4345/7779 4775/4346/7780 4773/4344/7778 
f 4770/4341/7775 4776/4347/7781 4771/4342/7776 
f 4777/4348/7782 4778/4349/7783 4779/4350/7784 4772/4343/7777 
f 4772/4343/7777 4771/4342/7776 4777/4348/7782 
f 4778/4349/7783 4780/4351/7781 4779/4350/7784 
f 4781/4352/7785 4782/4353/7786 4783/4354/7787 4772/4343/7777 
f 4772/4343/7777 4779/4350/7784 4781/4352/7785 
f 4782/4353/7786 4784/4355/7781 4783/4354/7787 
f 4785/4356/7788 4786/4357/7789 4787/4358/7790 4772/4343/7777 
f 4772/4343/7777 4783/4354/7787 4785/4356/7788 
f 4786/4357/7789 4788/4359/7781 4787/4358/7790 
f 4789/4360/7791 4772/4343/7777 4790/4361/7792 4791/4362/7793 
f 4772/4343/7777 4787/4358/7790 4790/4361/7792 
f 4791/4362/7793 4792/4363/7781 4789/4360/7791 
f 4793/4364/7794 4772/4343/7777 4794/4365/7795 4795/4366/7796 
f 4772/4343/7777 4789/4360/7791 4794/4365/7795 
f 4795/4366/7796 4796/4367/7797 4793/4364/7794 
f 4797/4368/7798 4772/4343/7777 4798/4369/7799 4799/4370/7800 
f 4772/4343/7777 4793/4364/7794 4798/4369/7799 
f 4799/4370/7800 4800/4371/7781 4797/4368/7798 
f 4801/4372/7801 4772/4343/7777 4802/4373/7802 4803/4374/7803 
f 4772/4343/7777 4797/4368/7798 4802/4373/7802 
f 4803/4374/7803 4804/4375/7781 4801/4372/7801 
f 4805/4376/7804 4772/4343/7777 4806/4377/7805 4807/4378/7806 
f 4772/4343/7777 4801/4372/7801 4806/4377/7805 
f 4807/4378/7806 4808/4379/7807 4805/4376/7804 
f 4809/4380/7808 4774/4345/7779 4772/4343/7777 4805/4376/7804 
f 4774/4345/7779 4810/4381/7797 4775/4346/7780 
f 4811/4382/7809 4812/4383/7810 4813/4382/7811 4814/4384/7812 
f 4811/4382/7809 4815/4382/7813 4816/4383/7814 4812/4383/7810 
f 4813/4382/7811 4817/4384/7815 4814/4384/7812 
f 4814/4384/7812 4818/4384/7816 4815/4382/7813 4811/4382/7809 
f 4815/4382/7813 4819/4383/7817 4816/4383/7814 
f 4820/4385/7818 4821/4386/7819 4822/4385/7820 4817/4384/7815 
f 4823/4385/7821 4814/4384/7812 4817/4384/7815 4822/4385/7820 
f 4820/4385/7818 4824/4386/7822 4821/4386/7819 
f 4822/4385/7820 4821/4386/7819 4825/4386/7823 4823/4385/7821 
f 4823/4385/7821 4818/4384/7816 4814/4384/7812 
f 4824/4386/7822 4826/4387/7824 4827/4388/7825 4828/4387/7826 
f 4821/4386/7819 4824/4386/7822 4828/4387/7826 4829/4387/7827 
f 4826/4387/7824 4830/4388/7828 4827/4388/7825 
f 4829/4387/7827 4828/4387/7826 4827/4388/7825 4831/4388/7829 
f 4829/4387/7827 4825/4386/7823 4821/4386/7819 
f 4832/4389/7830 4830/4388/7828 4833/4389/7831 4834/4390/7832 
f 4832/4389/7830 4835/4389/7833 4827/4388/7825 4830/4388/7828 
f 4833/4389/7831 4836/4390/7834 4834/4390/7832 
f 4832/4389/7830 4834/4390/7832 4837/4390/7835 4835/4389/7833 
f 4835/4389/7833 4831/4388/7829 4827/4388/7825 
f 4838/4391/7836 4836/4390/7834 4839/4391/7837 4840/4392/7838 
f 4841/4391/7839 4834/4390/7832 4836/4390/7834 4838/4391/7836 
f 4839/4391/7837 4842/4392/7840 4840/4392/7838 
f 4838/4391/7836 4840/4392/7838 4843/4392/7841 4841/4391/7839 
f 4841/4391/7839 4837/4390/7835 4834/4390/7832 
f 4844/4393/7842 4842/4392/7840 4845/4393/7843 4846/4394/7844 
f 4840/4392/7838 4842/4392/7840 4844/4393/7842 4847/4393/7845 
f 4845/4393/7843 4848/4394/7846 4846/4394/7844 
f 4846/4394/7844 4849/4394/7847 4847/4393/7845 4844/4393/7842 
f 4847/4393/7845 4843/4392/7841 4840/4392/7838 
f 4850/4395/7848 4848/4394/7846 4851/4395/7849 4852/4396/7850 
f 4850/4395/7848 4853/4395/7851 4846/4394/7844 4848/4394/7846 
f 4851/4395/7849 4854/4396/7852 4852/4396/7850 
f 4850/4395/7848 4852/4396/7850 4855/4396/7853 4853/4395/7851 
f 4853/4395/7851 4849/4394/7847 4846/4394/7844 
f 4856/4397/7854 4857/4398/7855 4854/4396/7852 4858/4398/7856 
f 4852/4396/7850 4854/4396/7852 4857/4398/7855 4859/4398/7857 
f 4858/4398/7856 4860/4397/7858 4856/4397/7854 
f 4856/4397/7854 4861/4397/7859 4859/4398/7857 4857/4398/7855 
f 4859/4398/7857 4855/4396/7853 4852/4396/7850 
f 4862/4399/7860 4860/4397/7858 4863/4399/7861 4864/4400/7862 
f 4856/4397/7854 4860/4397/7858 4862/4399/7860 4865/4399/7863 
f 4863/4399/7861 4866/4400/7864 4864/4400/7862 
f 4862/4399/7860 4864/4400/7862 4867/4400/7865 4865/4399/7863 
f 4865/4399/7863 4861/4397/7859 4856/4397/7854 
f 4868/4401/7866 4869/4402/7867 4866/4400/7864 4870/4402/7868 
f 4864/4400/7862 4866/4400/7864 4869/4402/7867 4871/4402/7869 
f 4870/4402/7868 4872/4401/7870 4868/4401/7866 
f 4868/4401/7866 4873/4401/7871 4871/4402/7869 4869/4402/7867 
f 4871/4402/7869 4867/4400/7865 4864/4400/7862 
f 4874/4403/7872 4872/4401/7870 4875/4403/7873 4876/4404/7874 
f 4868/4401/7866 4872/4401/7870 4874/4403/7872 4877/4403/7875 
f 4875/4403/7873 4878/4404/7876 4876/4404/7874 
f 4874/4403/7872 4876/4404/7874 4879/4404/7877 4877/4403/7875 
f 4877/4403/7875 4873/4401/7871 4868/4401/7866 
f 4880/4405/7878 4881/4406/7879 4878/4404/7876 4882/4406/7880 
f 4881/4406/7879 4883/4406/7881 4876/4404/7874 4878/4404/7876 
f 4882/4406/7880 4884/4405/7882 4880/4405/7878 
f 4881/4406/7879 4880/4405/7878 4885/4405/7883 4883/4406/7881 
f 4883/4406/7881 4879/4404/7877 4876/4404/7874 
f 4886/4407/7884 4887/4408/7885 4888/4407/7886 4884/4405/7882 
f 4889/4407/7887 4880/4405/7878 4884/4405/7882 4888/4407/7886 
f 4886/4407/7884 4890/4408/7888 4887/4408/7885 
f 4889/4407/7887 4888/4407/7886 4887/4408/7885 4891/4408/7889 
f 4889/4407/7887 4885/4405/7883 4880/4405/7878 
f 4892/4409/7890 4893/4410/7891 4894/4409/7892 4890/4408/7888 
f 4895/4409/7893 4887/4408/7885 4890/4408/7888 4894/4409/7892 
f 4892/4409/7890 4896/4410/7894 4893/4410/7891 
f 4895/4409/7893 4894/4409/7892 4893/4410/7891 4897/4410/7895 
f 4895/4409/7893 4891/4408/7889 4887/4408/7885 
f 4898/4411/7896 4899/4412/7897 4896/4410/7894 4900/4412/7898 
f 4901/4412/7899 4893/4410/7891 4896/4410/7894 4899/4412/7897 
f 4900/4412/7898 4902/4411/7900 4898/4411/7896 
f 4898/4411/7896 4903/4411/7901 4901/4412/7899 4899/4412/7897 
f 4901/4412/7899 4897/4410/7895 4893/4410/7891 
f 4904/4413/7902 4905/4414/7903 4902/4411/7900 4906/4414/7904 
f 4898/4411/7896 4902/4411/7900 4905/4414/7903 4907/4414/7905 
f 4906/4414/7904 4908/4413/7906 4904/4413/7902 
f 4904/4413/7902 4909/4413/7907 4907/4414/7905 4905/4414/7903 
f 4907/4414/7905 4903/4411/7901 4898/4411/7896 
f 4910/4415/7908 4908/4413/7906 4911/4415/7909 4912/4416/7910 
f 4913/4415/7911 4904/4413/7902 4908/4413/7906 4910/4415/7908 
f 4911/4415/7909 4914/4416/7912 4912/4416/7910 
f 4910/4415/7908 4912/4416/7910 4915/4416/7913 4913/4415/7911 
f 4913/4415/7911 4909/4413/7907 4904/4413/7902 
f 4916/4417/7914 4917/4418/7915 4914/4416/7912 4918/4418/7916 
f 4919/4418/7917 4912/4416/7910 4914/4416/7912 4917/4418/7915 
f 4918/4418/7916 4920/4417/7918 4916/4417/7914 
f 4916/4417/7914 4921/4417/7919 4919/4418/7917 4917/4418/7915 
f 4919/4418/7917 4915/4416/7913 4912/4416/7910 
f 4922/4419/7920 4920/4417/7918 4923/4419/7921 4924/4420/7922 
f 4922/4419/7920 4925/4419/7923 4916/4417/7914 4920/4417/7918 
f 4923/4419/7921 4926/4420/7924 4924/4420/7922 
f 4922/4419/7920 4924/4420/7922 4927/4420/7925 4925/4419/7923 
f 4925/4419/7923 4921/4417/7919 4916/4417/7914 
f 4928/4421/7926 4926/4420/7924 4929/4421/7927 4816/4383/7814 
f 4926/4420/7924 4928/4421/7926 4930/4421/7928 4924/4420/7922 
f 4929/4421/7927 4812/4383/7810 4816/4383/7814 
f 4928/4421/7926 4816/4383/7814 4819/4383/7817 4930/4421/7928 
f 4930/4421/7928 4927/4420/7925 4924/4420/7922 
f 4931/4382/7929 4932/4384/7930 4933/4382/7931 4934/4383/7932 
f 4933/4382/7931 4935/4382/7933 4936/4383/7934 4934/4383/7932 
f 4931/4382/7929 4937/4384/7935 4932/4384/7930 
f 4933/4382/7931 4932/4384/7930 4938/4384/7936 4935/4382/7933 
f 4935/4382/7933 4939/4383/7937 4936/4383/7934 
f 4940/4385/7938 4941/4386/7939 4942/4385/7940 4937/4384/7935 
f 4942/4385/7940 4943/4385/7941 4932/4384/7930 4937/4384/7935 
f 4940/4385/7938 4944/4386/7942 4941/4386/7939 
f 4943/4385/7941 4942/4385/7940 4941/4386/7939 4945/4386/7943 
f 4943/4385/7941 4938/4384/7936 4932/4384/7930 
f 4946/4387/7944 4947/4388/7945 4948/4387/7946 4944/4386/7942 
f 4948/4387/7946 4949/4387/7947 4941/4386/7939 4944/4386/7942 
f 4946/4387/7944 4950/4388/7948 4947/4388/7945 
f 4949/4387/7947 4948/4387/7946 4947/4388/7945 4951/4388/7949 
f 4949/4387/7947 4945/4386/7943 4941/4386/7939 
f 4952/4389/7950 4953/4390/7951 4954/4389/7952 4950/4388/7948 
f 4955/4389/7953 4947/4388/7945 4950/4388/7948 4954/4389/7952 
f 4952/4389/7950 4956/4390/7954 4953/4390/7951 
f 4957/4390/7955 4955/4389/7953 4954/4389/7952 4953/4390/7951 
f 4955/4389/7953 4951/4388/7949 4947/4388/7945 
f 4958/4391/7956 4959/4392/7957 4960/4391/7958 4956/4390/7954 
f 4961/4391/7959 4953/4390/7951 4956/4390/7954 4960/4391/7958 
f 4958/4391/7956 4962/4392/7960 4959/4392/7957 
f 4961/4391/7959 4960/4391/7958 4959/4392/7957 4963/4392/7961 
f 4961/4391/7959 4957/4390/7955 4953/4390/7951 
f 4962/4392/7960 4964/4393/7962 4965/4394/7963 4966/4393/7964 
f 4966/4393/7964 4967/4393/7965 4959/4392/7957 4962/4392/7960 
f 4964/4393/7962 4968/4394/7966 4965/4394/7963 
f 4967/4393/7965 4966/4393/7964 4965/4394/7963 4969/4394/7967 
f 4967/4393/7965 4963/4392/7961 4959/4392/7957 
f 4968/4394/7966 4970/4395/7968 4971/4396/7969 4972/4395/7970 
f 4973/4395/7971 4965/4394/7963 4968/4394/7966 4972/4395/7970 
f 4970/4395/7968 4974/4396/7972 4971/4396/7969 
f 4973/4395/7971 4972/4395/7970 4971/4396/7969 4975/4396/7973 
f 4973/4395/7971 4969/4394/7967 4965/4394/7963 
f 4976/4398/7974 4977/4397/7975 4978/4398/7976 4974/4396/7972 
f 4979/4398/7977 4971/4396/7969 4974/4396/7972 4978/4398/7976 
f 4976/4398/7974 4980/4397/7978 4977/4397/7975 
f 4979/4398/7977 4978/4398/7976 4977/4397/7975 4981/4397/7979 
f 4979/4398/7977 4975/4396/7973 4971/4396/7969 
f 4982/4399/7980 4983/4400/7981 4984/4399/7982 4980/4397/7978 
f 4984/4399/7982 4985/4399/7983 4977/4397/7975 4980/4397/7978 
f 4982/4399/7980 4986/4400/7984 4983/4400/7981 
f 4985/4399/7983 4984/4399/7982 4983/4400/7981 4987/4400/7985 
f 4985/4399/7983 4981/4397/7979 4977/4397/7975 
f 4988/4402/7986 4989/4401/7987 4990/4402/7988 4986/4400/7984 
f 4991/4402/7989 4983/4400/7981 4986/4400/7984 4990/4402/7988 
f 4988/4402/7986 4992/4401/7990 4989/4401/7987 
f 4991/4402/7989 4990/4402/7988 4989/4401/7987 4993/4401/7991 
f 4991/4402/7989 4987/4400/7985 4983/4400/7981 
f 4992/4401/7990 4994/4403/7992 4995/4404/7993 4996/4403/7994 
f 4997/4403/7995 4989/4401/7987 4992/4401/7990 4996/4403/7994 
f 4994/4403/7992 4998/4404/7996 4995/4404/7993 
f 4999/4404/7997 4997/4403/7995 4996/4403/7994 4995/4404/7993 
f 4997/4403/7995 4993/4401/7991 4989/4401/7987 
f 4998/4404/7996 5000/4406/7998 5001/4405/7999 5002/4406/8000 
f 5003/4406/8001 4995/4404/7993 4998/4404/7996 5002/4406/8000 
f 5000/4406/7998 5004/4405/8002 5001/4405/7999 
f 5005/4405/8003 5003/4406/8001 5002/4406/8000 5001/4405/7999 
f 5003/4406/8001 4999/4404/7997 4995/4404/7993 
f 5004/4405/8002 5006/4407/8004 5007/4408/8005 5008/4407/8006 
f 5008/4407/8006 5009/4407/8007 5001/4405/7999 5004/4405/8002 
f 5006/4407/8004 5010/4408/8008 5007/4408/8005 
f 5009/4407/8007 5008/4407/8006 5007/4408/8005 5011/4408/8009 
f 5009/4407/8007 5005/4405/8003 5001/4405/7999 
f 5012/4409/8010 5013/4410/8011 5014/4409/8012 5010/4408/8008 
f 5014/4409/8012 5015/4409/8013 5007/4408/8005 5010/4408/8008 
f 5012/4409/8010 5016/4410/8014 5013/4410/8011 
f 5015/4409/8013 5014/4409/8012 5013/4410/8011 5017/4410/8015 
f 5015/4409/8013 5011/4408/8009 5007/4408/8005 
f 5018/4412/8016 5019/4411/8017 5020/4412/8018 5016/4410/8014 
f 5021/4412/8019 5013/4410/8011 5016/4410/8014 5020/4412/8018 
f 5018/4412/8016 5022/4411/8020 5019/4411/8017 
f 5021/4412/8019 5020/4412/8018 5019/4411/8017 5023/4411/8021 
f 5021/4412/8019 5017/4410/8015 5013/4410/8011 
f 5024/4414/8022 5025/4413/8023 5026/4414/8024 5022/4411/8020 
f 5027/4414/8025 5019/4411/8017 5022/4411/8020 5026/4414/8024 
f 5024/4414/8022 5028/4413/8026 5025/4413/8023 
f 5027/4414/8025 5026/4414/8024 5025/4413/8023 5029/4413/8027 
f 5027/4414/8025 5023/4411/8021 5019/4411/8017 
f 5030/4415/8028 5031/4416/8029 5032/4415/8030 5028/4413/8026 
f 5033/4415/8031 5025/4413/8023 5028/4413/8026 5032/4415/8030 
f 5030/4415/8028 5034/4416/8032 5031/4416/8029 
f 5032/4415/8030 5031/4416/8029 5035/4416/8033 5033/4415/8031 
f 5033/4415/8031 5029/4413/8027 5025/4413/8023 
f 5036/4418/8034 5037/4417/8035 5038/4418/8036 5034/4416/8032 
f 5034/4416/8032 5038/4418/8036 5039/4418/8037 5031/4416/8029 
f 5036/4418/8034 5040/4417/8038 5037/4417/8035 
f 5037/4417/8035 5041/4417/8039 5039/4418/8037 5038/4418/8036 
f 5039/4418/8037 5035/4416/8033 5031/4416/8029 
f 5042/4419/8040 5043/4420/8041 5044/4419/8042 5040/4417/8038 
f 5045/4419/8043 5037/4417/8035 5040/4417/8038 5044/4419/8042 
f 5042/4419/8040 5046/4420/8044 5043/4420/8041 
f 5045/4419/8043 5044/4419/8042 5043/4420/8041 5047/4420/8045 
f 5045/4419/8043 5041/4417/8039 5037/4417/8035 
f 4936/4383/7934 5048/4421/8046 5046/4420/8044 5049/4421/8047 
f 5046/4420/8044 5048/4421/8046 5050/4421/8048 5043/4420/8041 
f 5049/4421/8047 4934/4383/7932 4936/4383/7934 
f 4936/4383/7934 4939/4383/7937 5050/4421/8048 5048/4421/8046 
f 5050/4421/8048 5047/4420/8045 5043/4420/8041 
f 5051/4383/8049 5052/4382/8050 5053/4384/8051 5054/4382/8052 
f 5054/4382/8052 5055/4382/8053 5056/4383/8054 5051/4383/8049 
f 5052/4382/8050 5057/4384/8055 5053/4384/8051 
f 5055/4382/8053 5054/4382/8052 5053/4384/8051 5058/4384/8056 
f 5055/4382/8053 5059/4383/8057 5056/4383/8054 
f 5060/4385/8058 5057/4384/8055 5061/4385/8059 5062/4386/8060 
f 5053/4384/8051 5057/4384/8055 5060/4385/8058 5063/4385/8061 
f 5061/4385/8059 5064/4386/8062 5062/4386/8060 
f 5065/4386/8063 5063/4385/8061 5060/4385/8058 5062/4386/8060 
f 5063/4385/8061 5058/4384/8056 5053/4384/8051 
f 5066/4387/8064 5067/4388/8065 5068/4387/8066 5064/4386/8062 
f 5068/4387/8066 5069/4387/8067 5062/4386/8060 5064/4386/8062 
f 5066/4387/8064 5070/4388/8068 5067/4388/8065 
f 5071/4388/8069 5069/4387/8067 5068/4387/8066 5067/4388/8065 
f 5069/4387/8067 5065/4386/8063 5062/4386/8060 
f 5072/4390/8070 5073/4389/8071 5070/4388/8068 5074/4389/8072 
f 5075/4389/8073 5067/4388/8065 5070/4388/8068 5073/4389/8071 
f 5074/4389/8072 5076/4390/8074 5072/4390/8070 
f 5073/4389/8071 5072/4390/8070 5077/4390/8075 5075/4389/8073 
f 5075/4389/8073 5071/4388/8069 5067/4388/8065 
f 5078/4391/8076 5079/4392/8077 5080/4391/8078 5076/4390/8074 
f 5080/4391/8078 5081/4391/8079 5072/4390/8070 5076/4390/8074 
f 5078/4391/8076 5082/4392/8080 5079/4392/8077 
f 5081/4391/8079 5080/4391/8078 5079/4392/8077 5083/4392/8081 
f 5081/4391/8079 5077/4390/8075 5072/4390/8070 
f 5084/4393/8082 5085/4394/8083 5086/4393/8084 5082/4392/8080 
f 5086/4393/8084 5087/4393/8085 5079/4392/8077 5082/4392/8080 
f 5084/4393/8082 5088/4394/8086 5085/4394/8083 
f 5087/4393/8085 5086/4393/8084 5085/4394/8083 5089/4394/8087 
f 5087/4393/8085 5083/4392/8081 5079/4392/8077 
f 5090/4395/8088 5091/4396/8089 5092/4395/8090 5088/4394/8086 
f 5093/4395/8091 5085/4394/8083 5088/4394/8086 5092/4395/8090 
f 5090/4395/8088 5094/4396/8092 5091/4396/8089 
f 5095/4396/8093 5093/4395/8091 5092/4395/8090 5091/4396/8089 
f 5093/4395/8091 5089/4394/8087 5085/4394/8083 
f 5096/4398/8094 5097/4397/8095 5098/4398/8096 5094/4396/8092 
f 5099/4398/8097 5091/4396/8089 5094/4396/8092 5098/4398/8096 
f 5096/4398/8094 5100/4397/8098 5097/4397/8095 
f 5099/4398/8097 5098/4398/8096 5097/4397/8095 5101/4397/8099 
f 5099/4398/8097 5095/4396/8093 5091/4396/8089 
f 5102/4399/8100 5100/4397/8098 5103/4399/8101 5104/4400/8102 
f 5102/4399/8100 5105/4399/8103 5097/4397/8095 5100/4397/8098 
f 5103/4399/8101 5106/4400/8104 5104/4400/8102 
f 5102/4399/8100 5104/4400/8102 5107/4400/8105 5105/4399/8103 
f 5105/4399/8103 5101/4397/8099 5097/4397/8095 
f 5108/4402/8106 5109/4401/8107 5110/4402/8108 5106/4400/8104 
f 5110/4402/8108 5111/4402/8109 5104/4400/8102 5106/4400/8104 
f 5108/4402/8106 5112/4401/8110 5109/4401/8107 
f 5111/4402/8109 5110/4402/8108 5109/4401/8107 5113/4401/8111 
f 5111/4402/8109 5107/4400/8105 5104/4400/8102 
f 5112/4401/8110 5114/4403/8112 5115/4404/8113 5116/4403/8114 
f 5116/4403/8114 5117/4403/8115 5109/4401/8107 5112/4401/8110 
f 5114/4403/8112 5118/4404/8116 5115/4404/8113 
f 5117/4403/8115 5116/4403/8114 5115/4404/8113 5119/4404/8117 
f 5117/4403/8115 5113/4401/8111 5109/4401/8107 
f 5120/4406/8118 5121/4405/8119 5122/4406/8120 5118/4404/8116 
f 5123/4406/8121 5115/4404/8113 5118/4404/8116 5122/4406/8120 
f 5120/4406/8118 5124/4405/8122 5121/4405/8119 
f 5125/4405/8123 5123/4406/8121 5122/4406/8120 5121/4405/8119 
f 5123/4406/8121 5119/4404/8117 5115/4404/8113 
f 5126/4407/8124 5127/4408/8125 5128/4407/8126 5124/4405/8122 
f 5129/4407/8127 5121/4405/8119 5124/4405/8122 5128/4407/8126 
f 5126/4407/8124 5130/4408/8128 5127/4408/8125 
f 5129/4407/8127 5128/4407/8126 5127/4408/8125 5131/4408/8129 
f 5129/4407/8127 5125/4405/8123 5121/4405/8119 
f 5130/4408/8128 5132/4409/8130 5133/4410/8131 5134/4409/8132 
f 5135/4409/8133 5127/4408/8125 5130/4408/8128 5134/4409/8132 
f 5132/4409/8130 5136/4410/8134 5133/4410/8131 
f 5135/4409/8133 5134/4409/8132 5133/4410/8131 5137/4410/8135 
f 5135/4409/8133 5131/4408/8129 5127/4408/8125 
f 5138/4412/8136 5139/4411/8137 5140/4412/8138 5136/4410/8134 
f 5141/4412/8139 5133/4410/8131 5136/4410/8134 5140/4412/8138 
f 5138/4412/8136 5142/4411/8140 5139/4411/8137 
f 5140/4412/8138 5139/4411/8137 5143/4411/8141 5141/4412/8139 
f 5141/4412/8139 5137/4410/8135 5133/4410/8131 
f 5144/4413/8142 5145/4414/8143 5142/4411/8140 5146/4414/8144 
f 5145/4414/8143 5147/4414/8145 5139/4411/8137 5142/4411/8140 
f 5146/4414/8144 5148/4413/8146 5144/4413/8142 
f 5147/4414/8145 5145/4414/8143 5144/4413/8142 5149/4413/8147 
f 5147/4414/8145 5143/4411/8141 5139/4411/8137 
f 5150/4416/8148 5151/4415/8149 5148/4413/8146 5152/4415/8150 
f 5153/4415/8151 5144/4413/8142 5148/4413/8146 5151/4415/8149 
f 5152/4415/8150 5154/4416/8152 5150/4416/8148 
f 5150/4416/8148 5155/4416/8153 5153/4415/8151 5151/4415/8149 
f 5153/4415/8151 5149/4413/8147 5144/4413/8142 
f 5156/4417/8154 5157/4418/8155 5154/4416/8152 5158/4418/8156 
f 5154/4416/8152 5157/4418/8155 5159/4418/8157 5150/4416/8148 
f 5158/4418/8156 5160/4417/8158 5156/4417/8154 
f 5156/4417/8154 5161/4417/8159 5159/4418/8157 5157/4418/8155 
f 5159/4418/8157 5155/4416/8153 5150/4416/8148 
f 5162/4420/8160 5163/4419/8161 5160/4417/8158 5164/4419/8162 
f 5160/4417/8158 5163/4419/8161 5165/4419/8163 5156/4417/8154 
f 5164/4419/8162 5166/4420/8164 5162/4420/8160 
f 5162/4420/8160 5167/4420/8165 5165/4419/8163 5163/4419/8161 
f 5165/4419/8163 5161/4417/8159 5156/4417/8154 
f 5168/4421/8166 5056/4383/8054 5169/4421/8167 5166/4420/8164 
f 5169/4421/8167 5170/4421/8168 5162/4420/8160 5166/4420/8164 
f 5168/4421/8166 5051/4383/8049 5056/4383/8054 
f 5169/4421/8167 5056/4383/8054 5059/4383/8057 5170/4421/8168 
f 5170/4421/8168 5167/4420/8165 5162/4420/8160 
f 5171/4382/8169 5172/4422/8170 5173/4382/8171 5174/4423/8172 
f 5171/4382/8169 5175/4382/8173 5176/4422/8174 5172/4422/8170 
f 5173/4382/8171 5177/4423/8175 5174/4423/8172 
f 5171/4382/8169 5174/4423/8172 5178/4423/8176 5175/4382/8173 
f 5175/4382/8173 5179/4422/8177 5176/4422/8174 
f 5180/4424/8178 5181/4387/8179 5182/4425/8180 5183/4387/8181 
f 5184/4387/8182 5185/4425/8183 5182/4425/8180 5181/4387/8179 
f 5183/4387/8181 5186/4424/8184 5180/4424/8178 
f 5184/4387/8182 5181/4387/8179 5180/4424/8178 5187/4424/8185 
f 5184/4387/8182 5188/4425/8186 5185/4425/8183 
f 5189/4426/8187 5190/4391/8188 5191/4427/8189 5192/4391/8190 
f 5193/4391/8191 5194/4427/8192 5191/4427/8189 5190/4391/8188 
f 5192/4391/8190 5195/4426/8193 5189/4426/8187 
f 5189/4426/8187 5196/4426/8194 5193/4391/8191 5190/4391/8188 
f 5193/4391/8191 5197/4427/8195 5194/4427/8192 
f 5198/4395/8196 5199/4428/8197 5200/4395/8198 5201/4429/8199 
f 5202/4428/8200 5199/4428/8197 5198/4395/8196 5203/4395/8201 
f 5200/4395/8198 5204/4429/8202 5201/4429/8199 
f 5205/4429/8203 5203/4395/8201 5198/4395/8196 5201/4429/8199 
f 5203/4395/8201 5206/4428/8204 5202/4428/8200 
f 5207/4430/8205 5208/4399/8206 5209/4431/8207 5210/4399/8208 
f 5210/4399/8208 5211/4399/8209 5212/4430/8210 5207/4430/8205 
f 5208/4399/8206 5213/4431/8211 5209/4431/8207 
f 5211/4399/8209 5210/4399/8208 5209/4431/8207 5214/4431/8212 
f 5211/4399/8209 5215/4430/8213 5212/4430/8210 
f 5216/4432/8214 5217/4403/8215 5218/4433/8216 5219/4403/8217 
f 5218/4433/8216 5217/4403/8215 5220/4403/8218 5221/4433/8219 
f 5219/4403/8217 5222/4432/8220 5216/4432/8214 
f 5217/4403/8215 5216/4432/8214 5223/4432/8221 5220/4403/8218 
f 5220/4403/8218 5224/4433/8222 5221/4433/8219 
f 5225/4434/8223 5226/4407/8224 5227/4435/8225 5228/4407/8226 
f 5228/4407/8226 5229/4407/8227 5230/4434/8228 5225/4434/8223 
f 5226/4407/8224 5231/4435/8229 5227/4435/8225 
f 5228/4407/8226 5227/4435/8225 5232/4435/8230 5229/4407/8227 
f 5229/4407/8227 5233/4434/8231 5230/4434/8228 
f 5234/4436/8232 5235/4412/8233 5236/4437/8234 5237/4412/8235 
f 5235/4412/8233 5238/4412/8236 5239/4437/8237 5236/4437/8234 
f 5237/4412/8235 5240/4436/8238 5234/4436/8232 
f 5234/4436/8232 5241/4436/8239 5238/4412/8236 5235/4412/8233 
f 5238/4412/8236 5242/4437/8240 5239/4437/8237 
f 5243/4438/8241 5244/4415/8242 5245/4439/8243 5246/4415/8244 
f 5247/4439/8245 5245/4439/8243 5244/4415/8242 5248/4415/8246 
f 5246/4415/8244 5249/4438/8247 5243/4438/8241 
f 5243/4438/8241 5250/4438/8248 5248/4415/8246 5244/4415/8242 
f 5248/4415/8246 5251/4439/8249 5247/4439/8245 
f 5252/4440/8250 5253/4419/8251 5254/4441/8252 5255/4419/8253 
f 5256/4440/8254 5252/4440/8250 5255/4419/8253 5257/4419/8255 
f 5253/4419/8251 5258/4441/8256 5254/4441/8252 
f 5254/4441/8252 5259/4441/8257 5257/4419/8255 5255/4419/8253 
f 5257/4419/8255 5260/4440/8258 5256/4440/8254 
f 5261/4383/8259 5262/4382/8260 5263/4384/8261 5264/4382/8262 
f 5261/4383/8259 5264/4382/8262 5265/4382/8263 5266/4383/8264 
f 5262/4382/8260 5267/4384/8265 5263/4384/8261 
f 5264/4382/8262 5263/4384/8261 5268/4384/8266 5265/4382/8263 
f 5265/4382/8263 5269/4383/8267 5266/4383/8264 
f 5267/4384/8265 5270/4385/8268 5271/4386/8269 5272/4385/8270 
f 5273/4385/8271 5263/4384/8261 5267/4384/8265 5272/4385/8270 
f 5270/4385/8268 5274/4386/8272 5271/4386/8269 
f 5272/4385/8270 5271/4386/8269 5275/4386/8273 5273/4385/8271 
f 5273/4385/8271 5268/4384/8266 5263/4384/8261 
f 5276/4388/8274 5277/4387/8275 5274/4386/8272 5278/4387/8276 
f 5279/4387/8277 5271/4386/8269 5274/4386/8272 5277/4387/8275 
f 5278/4387/8276 5280/4388/8278 5276/4388/8274 
f 5281/4388/8279 5279/4387/8277 5277/4387/8275 5276/4388/8274 
f 5279/4387/8277 5275/4386/8273 5271/4386/8269 
f 5282/4389/8280 5283/4390/8281 5284/4389/8282 5280/4388/8278 
f 5276/4388/8274 5280/4388/8278 5284/4389/8282 5285/4389/8283 
f 5282/4389/8280 5286/4390/8284 5283/4390/8281 
f 5284/4389/8282 5283/4390/8281 5287/4390/8285 5285/4389/8283 
f 5285/4389/8283 5281/4388/8279 5276/4388/8274 
f 5288/4391/8286 5289/4392/8287 5290/4391/8288 5286/4390/8284 
f 5291/4391/8289 5283/4390/8281 5286/4390/8284 5290/4391/8288 
f 5288/4391/8286 5292/4392/8290 5289/4392/8287 
f 5290/4391/8288 5289/4392/8287 5293/4392/8291 5291/4391/8289 
f 5291/4391/8289 5287/4390/8285 5283/4390/8281 
f 5292/4392/8290 5294/4393/8292 5295/4394/8293 5296/4393/8294 
f 5296/4393/8294 5297/4393/8295 5289/4392/8287 5292/4392/8290 
f 5294/4393/8292 5298/4394/8296 5295/4394/8293 
f 5297/4393/8295 5296/4393/8294 5295/4394/8293 5299/4394/8297 
f 5297/4393/8295 5293/4392/8291 5289/4392/8287 
f 5298/4394/8296 5300/4395/8298 5301/4396/8299 5302/4395/8300 
f 5295/4394/8293 5298/4394/8296 5302/4395/8300 5303/4395/8301 
f 5300/4395/8298 5304/4396/8302 5301/4396/8299 
f 5302/4395/8300 5301/4396/8299 5305/4396/8303 5303/4395/8301 
f 5303/4395/8301 5299/4394/8297 5295/4394/8293 
f 5306/4397/8304 5307/4398/8305 5304/4396/8302 5308/4398/8306 
f 5309/4398/8307 5301/4396/8299 5304/4396/8302 5307/4398/8305 
f 5308/4398/8306 5310/4397/8308 5306/4397/8304 
f 5309/4398/8307 5307/4398/8305 5306/4397/8304 5311/4397/8309 
f 5309/4398/8307 5305/4396/8303 5301/4396/8299 
f 5310/4397/8308 5312/4399/8310 5313/4400/8311 5314/4399/8312 
f 5306/4397/8304 5310/4397/8308 5314/4399/8312 5315/4399/8313 
f 5312/4399/8310 5316/4400/8314 5313/4400/8311 
f 5314/4399/8312 5313/4400/8311 5317/4400/8315 5315/4399/8313 
f 5315/4399/8313 5311/4397/8309 5306/4397/8304 
f 5318/4401/8316 5319/4402/8317 5316/4400/8314 5320/4402/8318 
f 5321/4402/8319 5313/4400/8311 5316/4400/8314 5319/4402/8317 
f 5320/4402/8318 5322/4401/8320 5318/4401/8316 
f 5319/4402/8317 5318/4401/8316 5323/4401/8321 5321/4402/8319 
f 5321/4402/8319 5317/4400/8315 5313/4400/8311 
f 5324/4404/8322 5325/4403/8323 5322/4401/8320 5326/4403/8324 
f 5318/4401/8316 5322/4401/8320 5325/4403/8323 5327/4403/8325 
f 5326/4403/8324 5328/4404/8326 5324/4404/8322 
f 5325/4403/8323 5324/4404/8322 5329/4404/8327 5327/4403/8325 
f 5327/4403/8325 5323/4401/8321 5318/4401/8316 
f 5328/4404/8326 5330/4406/8328 5331/4405/8329 5332/4406/8330 
f 5324/4404/8322 5328/4404/8326 5332/4406/8330 5333/4406/8331 
f 5330/4406/8328 5334/4405/8332 5331/4405/8329 
f 5332/4406/8330 5331/4405/8329 5335/4405/8333 5333/4406/8331 
f 5333/4406/8331 5329/4404/8327 5324/4404/8322 
f 5336/4408/8334 5337/4407/8335 5334/4405/8332 5338/4407/8336 
f 5337/4407/8335 5339/4407/8337 5331/4405/8329 5334/4405/8332 
f 5338/4407/8336 5340/4408/8338 5336/4408/8334 
f 5339/4407/8337 5337/4407/8335 5336/4408/8334 5341/4408/8339 
f 5339/4407/8337 5335/4405/8333 5331/4405/8329 
f 5340/4408/8338 5342/4409/8340 5343/4410/8341 5344/4409/8342 
f 5336/4408/8334 5340/4408/8338 5344/4409/8342 5345/4409/8343 
f 5342/4409/8340 5346/4410/8344 5343/4410/8341 
f 5344/4409/8342 5343/4410/8341 5347/4410/8345 5345/4409/8343 
f 5345/4409/8343 5341/4408/8339 5336/4408/8334 
f 5348/4411/8346 5349/4412/8347 5346/4410/8344 5350/4412/8348 
f 5351/4412/8349 5343/4410/8341 5346/4410/8344 5349/4412/8347 
f 5350/4412/8348 5352/4411/8350 5348/4411/8346 
f 5351/4412/8349 5349/4412/8347 5348/4411/8346 5353/4411/8351 
f 5351/4412/8349 5347/4410/8345 5343/4410/8341 
f 5354/4414/8352 5352/4411/8350 5355/4414/8353 5356/4413/8354 
f 5348/4411/8346 5352/4411/8350 5354/4414/8352 5357/4414/8355 
f 5355/4414/8353 5358/4413/8356 5356/4413/8354 
f 5359/4413/8357 5357/4414/8355 5354/4414/8352 5356/4413/8354 
f 5357/4414/8355 5353/4411/8351 5348/4411/8346 
f 5360/4416/8358 5361/4415/8359 5358/4413/8356 5362/4415/8360 
f 5356/4413/8354 5358/4413/8356 5361/4415/8359 5363/4415/8361 
f 5362/4415/8360 5364/4416/8362 5360/4416/8358 
f 5361/4415/8359 5360/4416/8358 5365/4416/8363 5363/4415/8361 
f 5363/4415/8361 5359/4413/8357 5356/4413/8354 
f 5366/4417/8364 5367/4418/8365 5364/4416/8362 5368/4418/8366 
f 5369/4418/8367 5360/4416/8358 5364/4416/8362 5367/4418/8365 
f 5368/4418/8366 5370/4417/8368 5366/4417/8364 
f 5369/4418/8367 5367/4418/8365 5366/4417/8364 5371/4417/8369 
f 5369/4418/8367 5365/4416/8363 5360/4416/8358 
f 5370/4417/8368 5372/4419/8370 5373/4420/8371 5374/4419/8372 
f 5366/4417/8364 5370/4417/8368 5374/4419/8372 5375/4419/8373 
f 5372/4419/8370 5376/4420/8374 5373/4420/8371 
f 5374/4419/8372 5373/4420/8371 5377/4420/8375 5375/4419/8373 
f 5375/4419/8373 5371/4417/8369 5366/4417/8364 
f 5378/4421/8376 5376/4420/8374 5379/4421/8377 5266/4383/8264 
f 5376/4420/8374 5378/4421/8376 5380/4421/8378 5373/4420/8371 
f 5379/4421/8377 5261/4383/8259 5266/4383/8264 
f 5378/4421/8376 5266/4383/8264 5269/4383/8267 5380/4421/8378 
f 5380/4421/8378 5377/4420/8375 5373/4420/8371 
f 5381/4384/8379 5382/4382/8380 5383/4383/8381 5384/4382/8382 
f 5385/4382/8383 5386/4383/8384 5383/4383/8381 5382/4382/8380 
f 5384/4382/8382 5387/4384/8385 5381/4384/8379 
f 5381/4384/8379 5388/4384/8386 5385/4382/8383 5382/4382/8380 
f 5385/4382/8383 5389/4383/8387 5386/4383/8384 
f 5390/4385/8388 5387/4384/8385 5391/4385/8389 5392/4386/8390 
f 5390/4385/8388 5393/4385/8391 5381/4384/8379 5387/4384/8385 
f 5391/4385/8389 5394/4386/8392 5392/4386/8390 
f 5392/4386/8390 5395/4386/8393 5393/4385/8391 5390/4385/8388 
f 5393/4385/8391 5388/4384/8386 5381/4384/8379 
f 5394/4386/8392 5396/4387/8394 5397/4388/8395 5398/4387/8396 
f 5392/4386/8390 5394/4386/8392 5398/4387/8396 5399/4387/8397 
f 5396/4387/8394 5400/4388/8398 5397/4388/8395 
f 5401/4388/8399 5399/4387/8397 5398/4387/8396 5397/4388/8395 
f 5399/4387/8397 5395/4386/8393 5392/4386/8390 
f 5400/4388/8398 5402/4389/8400 5403/4390/8401 5404/4389/8402 
f 5397/4388/8395 5400/4388/8398 5404/4389/8402 5405/4389/8403 
f 5402/4389/8400 5406/4390/8404 5403/4390/8401 
f 5404/4389/8402 5403/4390/8401 5407/4390/8405 5405/4389/8403 
f 5405/4389/8403 5401/4388/8399 5397/4388/8395 
f 5408/4392/8406 5409/4391/8407 5406/4390/8404 5410/4391/8408 
f 5411/4391/8409 5403/4390/8401 5406/4390/8404 5409/4391/8407 
f 5410/4391/8408 5412/4392/8410 5408/4392/8406 
f 5411/4391/8409 5409/4391/8407 5408/4392/8406 5413/4392/8411 
f 5411/4391/8409 5407/4390/8405 5403/4390/8401 
f 5412/4392/8410 5414/4393/8412 5415/4394/8413 5416/4393/8414 
f 5408/4392/8406 5412/4392/8410 5416/4393/8414 5417/4393/8415 
f 5414/4393/8412 5418/4394/8416 5415/4394/8413 
f 5416/4393/8414 5415/4394/8413 5419/4394/8417 5417/4393/8415 
f 5417/4393/8415 5413/4392/8411 5408/4392/8406 
f 5420/4396/8418 5421/4395/8419 5418/4394/8416 5422/4395/8420 
f 5423/4395/8421 5415/4394/8413 5418/4394/8416 5421/4395/8419 
f 5422/4395/8420 5424/4396/8422 5420/4396/8418 
f 5421/4395/8419 5420/4396/8418 5425/4396/8423 5423/4395/8421 
f 5423/4395/8421 5419/4394/8417 5415/4394/8413 
f 5426/4397/8424 5427/4398/8425 5424/4396/8422 5428/4398/8426 
f 5420/4396/8418 5424/4396/8422 5427/4398/8425 5429/4398/8427 
f 5428/4398/8426 5430/4397/8428 5426/4397/8424 
f 5427/4398/8425 5426/4397/8424 5431/4397/8429 5429/4398/8427 
f 5429/4398/8427 5425/4396/8423 5420/4396/8418 
f 5430/4397/8428 5432/4399/8430 5433/4400/8431 5434/4399/8432 
f 5426/4397/8424 5430/4397/8428 5434/4399/8432 5435/4399/8433 
f 5432/4399/8430 5436/4400/8434 5433/4400/8431 
f 5434/4399/8432 5433/4400/8431 5437/4400/8435 5435/4399/8433 
f 5435/4399/8433 5431/4397/8429 5426/4397/8424 
f 5438/4401/8436 5439/4402/8437 5436/4400/8434 5440/4402/8438 
f 5439/4402/8437 5441/4402/8439 5433/4400/8431 5436/4400/8434 
f 5440/4402/8438 5442/4401/8440 5438/4401/8436 
f 5441/4402/8439 5439/4402/8437 5438/4401/8436 5443/4401/8441 
f 5441/4402/8439 5437/4400/8435 5433/4400/8431 
f 5442/4401/8440 5444/4403/8442 5445/4404/8443 5446/4403/8444 
f 5438/4401/8436 5442/4401/8440 5446/4403/8444 5447/4403/8445 
f 5444/4403/8442 5448/4404/8446 5445/4404/8443 
f 5446/4403/8444 5445/4404/8443 5449/4404/8447 5447/4403/8445 
f 5447/4403/8445 5443/4401/8441 5438/4401/8436 
f 5450/4405/8448 5451/4406/8449 5448/4404/8446 5452/4406/8450 
f 5453/4406/8451 5445/4404/8443 5448/4404/8446 5451/4406/8449 
f 5452/4406/8450 5454/4405/8452 5450/4405/8448 
f 5453/4406/8451 5451/4406/8449 5450/4405/8448 5455/4405/8453 
f 5453/4406/8451 5449/4404/8447 5445/4404/8443 
f 5456/4407/8454 5454/4405/8452 5457/4407/8455 5458/4408/8456 
f 5456/4407/8454 5459/4407/8457 5450/4405/8448 5454/4405/8452 
f 5457/4407/8455 5460/4408/8458 5458/4408/8456 
f 5461/4408/8459 5459/4407/8457 5456/4407/8454 5458/4408/8456 
f 5459/4407/8457 5455/4405/8453 5450/4405/8448 
f 5462/4409/8460 5463/4410/8461 5464/4409/8462 5460/4408/8458 
f 5465/4409/8463 5458/4408/8456 5460/4408/8458 5464/4409/8462 
f 5462/4409/8460 5466/4410/8464 5463/4410/8461 
f 5463/4410/8461 5467/4410/8465 5465/4409/8463 5464/4409/8462 
f 5465/4409/8463 5461/4408/8459 5458/4408/8456 
f 5468/4412/8466 5466/4410/8464 5469/4412/8467 5470/4411/8468 
f 5471/4412/8469 5463/4410/8461 5466/4410/8464 5468/4412/8466 
f 5469/4412/8467 5472/4411/8470 5470/4411/8468 
f 5470/4411/8468 5473/4411/8471 5471/4412/8469 5468/4412/8466 
f 5471/4412/8469 5467/4410/8465 5463/4410/8461 
f 5472/4411/8470 5474/4414/8472 5475/4413/8473 5476/4414/8474 
f 5472/4411/8470 5476/4414/8474 5477/4414/8475 5470/4411/8468 
f 5474/4414/8472 5478/4413/8476 5475/4413/8473 
f 5479/4413/8477 5477/4414/8475 5476/4414/8474 5475/4413/8473 
f 5477/4414/8475 5473/4411/8471 5470/4411/8468 
f 5480/4416/8478 5481/4415/8479 5478/4413/8476 5482/4415/8480 
f 5475/4413/8473 5478/4413/8476 5481/4415/8479 5483/4415/8481 
f 5482/4415/8480 5484/4416/8482 5480/4416/8478 
f 5481/4415/8479 5480/4416/8478 5485/4416/8483 5483/4415/8481 
f 5483/4415/8481 5479/4413/8477 5475/4413/8473 
f 5486/4417/8484 5487/4418/8485 5484/4416/8482 5488/4418/8486 
f 5480/4416/8478 5484/4416/8482 5487/4418/8485 5489/4418/8487 
f 5488/4418/8486 5490/4417/8488 5486/4417/8484 
f 5486/4417/8484 5491/4417/8489 5489/4418/8487 5487/4418/8485 
f 5489/4418/8487 5485/4416/8483 5480/4416/8478 
f 5490/4417/8488 5492/4419/8490 5493/4420/8491 5494/4419/8492 
f 5494/4419/8492 5495/4419/8493 5486/4417/8484 5490/4417/8488 
f 5492/4419/8490 5496/4420/8494 5493/4420/8491 
f 5494/4419/8492 5493/4420/8491 5497/4420/8495 5495/4419/8493 
f 5495/4419/8493 5491/4417/8489 5486/4417/8484 
f 5498/4421/8496 5496/4420/8494 5499/4421/8497 5386/4383/8384 
f 5493/4420/8491 5496/4420/8494 5498/4421/8496 5500/4421/8498 
f 5499/4421/8497 5383/4383/8381 5386/4383/8384 
f 5389/4383/8387 5500/4421/8498 5498/4421/8496 5386/4383/8384 
f 5500/4421/8498 5497/4420/8495 5493/4420/8491 
f 5501/4384/8499 5502/4382/8500 5389/4383/8387 5385/4382/8383 
f 5502/4382/8500 5503/4382/8501 5504/4383/8502 5389/4383/8387 
f 5385/4382/8383 5388/4384/8386 5501/4384/8499 
f 5502/4382/8500 5501/4384/8499 5505/4384/8503 5503/4382/8501 
f 5503/4382/8501 5506/4383/8504 5504/4383/8502 
f 5388/4384/8386 5393/4385/8391 5507/4386/8505 5508/4385/8506 
f 5501/4384/8499 5388/4384/8386 5508/4385/8506 5509/4385/8507 
f 5393/4385/8391 5395/4386/8393 5507/4386/8505 
f 5509/4385/8507 5508/4385/8506 5507/4386/8505 5510/4386/8508 
f 5509/4385/8507 5505/4384/8503 5501/4384/8499 
f 5511/4387/8509 5395/4386/8393 5399/4387/8397 5512/4388/8510 
f 5507/4386/8505 5395/4386/8393 5511/4387/8509 5513/4387/8511 
f 5399/4387/8397 5401/4388/8399 5512/4388/8510 
f 5512/4388/8510 5514/4388/8512 5513/4387/8511 5511/4387/8509 
f 5513/4387/8511 5510/4386/8508 5507/4386/8505 
f 5515/4389/8513 5401/4388/8399 5405/4389/8403 5516/4390/8514 
f 5517/4389/8515 5512/4388/8510 5401/4388/8399 5515/4389/8513 
f 5405/4389/8403 5407/4390/8405 5516/4390/8514 
f 5515/4389/8513 5516/4390/8514 5518/4390/8516 5517/4389/8515 
f 5517/4389/8515 5514/4388/8512 5512/4388/8510 
f 5407/4390/8405 5411/4391/8409 5519/4392/8517 5520/4391/8518 
f 5516/4390/8514 5407/4390/8405 5520/4391/8518 5521/4391/8519 
f 5411/4391/8409 5413/4392/8411 5519/4392/8517 
f 5519/4392/8517 5522/4392/8520 5521/4391/8519 5520/4391/8518 
f 5521/4391/8519 5518/4390/8516 5516/4390/8514 
f 5417/4393/8415 5523/4394/8521 5524/4393/8522 5413/4392/8411 
f 5525/4393/8523 5519/4392/8517 5413/4392/8411 5524/4393/8522 
f 5417/4393/8415 5419/4394/8417 5523/4394/8521 
f 5524/4393/8522 5523/4394/8521 5526/4394/8524 5525/4393/8523 
f 5525/4393/8523 5522/4392/8520 5519/4392/8517 
f 5419/4394/8417 5423/4395/8421 5527/4396/8525 5528/4395/8526 
f 5529/4395/8527 5523/4394/8521 5419/4394/8417 5528/4395/8526 
f 5423/4395/8421 5425/4396/8423 5527/4396/8525 
f 5527/4396/8525 5530/4396/8528 5529/4395/8527 5528/4395/8526 
f 5529/4395/8527 5526/4394/8524 5523/4394/8521 
f 5429/4398/8427 5531/4397/8529 5532/4398/8530 5425/4396/8423 
f 5533/4398/8531 5527/4396/8525 5425/4396/8423 5532/4398/8530 
f 5429/4398/8427 5431/4397/8429 5531/4397/8529 
f 5532/4398/8530 5531/4397/8529 5534/4397/8532 5533/4398/8531 
f 5533/4398/8531 5530/4396/8528 5527/4396/8525 
f 5535/4399/8533 5431/4397/8429 5435/4399/8433 5536/4400/8534 
f 5537/4399/8535 5531/4397/8529 5431/4397/8429 5535/4399/8533 
f 5435/4399/8433 5437/4400/8435 5536/4400/8534 
f 5537/4399/8535 5535/4399/8533 5536/4400/8534 5538/4400/8536 
f 5537/4399/8535 5534/4397/8532 5531/4397/8529 
f 5437/4400/8435 5441/4402/8439 5539/4401/8537 5540/4402/8538 
f 5541/4402/8539 5536/4400/8534 5437/4400/8435 5540/4402/8538 
f 5441/4402/8439 5443/4401/8441 5539/4401/8537 
f 5539/4401/8537 5542/4401/8540 5541/4402/8539 5540/4402/8538 
f 5541/4402/8539 5538/4400/8536 5536/4400/8534 
f 5443/4401/8441 5447/4403/8445 5543/4404/8541 5544/4403/8542 
f 5539/4401/8537 5443/4401/8441 5544/4403/8542 5545/4403/8543 
f 5447/4403/8445 5449/4404/8447 5543/4404/8541 
f 5543/4404/8541 5546/4404/8544 5545/4403/8543 5544/4403/8542 
f 5545/4403/8543 5542/4401/8540 5539/4401/8537 
f 5547/4405/8545 5548/4406/8546 5449/4404/8447 5453/4406/8451 
f 5543/4404/8541 5449/4404/8447 5548/4406/8546 5549/4406/8547 
f 5453/4406/8451 5455/4405/8453 5547/4405/8545 
f 5550/4405/8548 5549/4406/8547 5548/4406/8546 5547/4405/8545 
f 5549/4406/8547 5546/4404/8544 5543/4404/8541 
f 5459/4407/8457 5551/4408/8549 5552/4407/8550 5455/4405/8453 
f 5455/4405/8453 5552/4407/8550 5553/4407/8551 5547/4405/8545 
f 5459/4407/8457 5461/4408/8459 5551/4408/8549 
f 5551/4408/8549 5554/4408/8552 5553/4407/8551 5552/4407/8550 
f 5553/4407/8551 5550/4405/8548 5547/4405/8545 
f 5461/4408/8459 5465/4409/8463 5555/4410/8553 5556/4409/8554 
f 5551/4408/8549 5461/4408/8459 5556/4409/8554 5557/4409/8555 
f 5465/4409/8463 5467/4410/8465 5555/4410/8553 
f 5558/4410/8556 5557/4409/8555 5556/4409/8554 5555/4410/8553 
f 5557/4409/8555 5554/4408/8552 5551/4408/8549 
f 5467/4410/8465 5471/4412/8469 5559/4411/8557 5560/4412/8558 
f 5555/4410/8553 5467/4410/8465 5560/4412/8558 5561/4412/8559 
f 5471/4412/8469 5473/4411/8471 5559/4411/8557 
f 5561/4412/8559 5560/4412/8558 5559/4411/8557 5562/4411/8560 
f 5561/4412/8559 5558/4410/8556 5555/4410/8553 
f 5563/4414/8561 5473/4411/8471 5477/4414/8475 5564/4413/8562 
f 5559/4411/8557 5473/4411/8471 5563/4414/8561 5565/4414/8563 
f 5477/4414/8475 5479/4413/8477 5564/4413/8562 
f 5566/4413/8564 5565/4414/8563 5563/4414/8561 5564/4413/8562 
f 5565/4414/8563 5562/4411/8560 5559/4411/8557 
f 5479/4413/8477 5483/4415/8481 5567/4416/8565 5568/4415/8566 
f 5564/4413/8562 5479/4413/8477 5568/4415/8566 5569/4415/8567 
f 5483/4415/8481 5485/4416/8483 5567/4416/8565 
f 5568/4415/8566 5567/4416/8565 5570/4416/8568 5569/4415/8567 
f 5569/4415/8567 5566/4413/8564 5564/4413/8562 
f 5571/4418/8569 5485/4416/8483 5489/4418/8487 5572/4417/8570 
f 5567/4416/8565 5485/4416/8483 5571/4418/8569 5573/4418/8571 
f 5489/4418/8487 5491/4417/8489 5572/4417/8570 
f 5573/4418/8571 5571/4418/8569 5572/4417/8570 5574/4417/8572 
f 5573/4418/8571 5570/4416/8568 5567/4416/8565 
f 5495/4419/8493 5575/4420/8573 5576/4419/8574 5491/4417/8489 
f 5572/4417/8570 5491/4417/8489 5576/4419/8574 5577/4419/8575 
f 5495/4419/8493 5497/4420/8495 5575/4420/8573 
f 5576/4419/8574 5575/4420/8573 5578/4420/8576 5577/4419/8575 
f 5577/4419/8575 5574/4417/8572 5572/4417/8570 
f 5504/4383/8502 5579/4421/8577 5497/4420/8495 5500/4421/8498 
f 5579/4421/8577 5580/4421/8578 5575/4420/8573 5497/4420/8495 
f 5500/4421/8498 5389/4383/8387 5504/4383/8502 
f 5579/4421/8577 5504/4383/8502 5506/4383/8504 5580/4421/8578 
f 5580/4421/8578 5578/4420/8576 5575/4420/8573 
f 5581/4382/8579 5582/4384/8580 5583/4382/8581 5584/4383/8582 
f 5585/4383/8583 5584/4383/8582 5583/4382/8581 5586/4341/8584 
f 5581/4382/8579 5587/4384/8585 5582/4384/8580 
f 5583/4382/8581 5582/4384/8580 5588/4442/8586 5586/4341/8584 
f 5586/4341/8584 5589/4443/8587 5585/4383/8583 
f 5590/4385/8588 5587/4384/8585 5591/4385/8589 5592/4386/8590 
f 5582/4384/8580 5587/4384/8585 5590/4385/8588 5593/4342/8591 
f 5591/4385/8589 5594/4386/8592 5592/4386/8590 
f 5595/4444/8593 5593/4342/8591 5590/4385/8588 5592/4386/8590 
f 5593/4342/8591 5588/4442/8586 5582/4384/8580 
f 5596/4387/8594 5594/4386/8592 5597/4387/8595 5598/4388/8596 
f 5594/4386/8592 5596/4387/8594 5599/4349/8597 5592/4386/8590 
f 5597/4387/8595 5600/4388/8598 5598/4388/8596 
f 5599/4349/8597 5596/4387/8594 5598/4388/8596 5601/4445/8599 
f 5599/4349/8597 5595/4444/8593 5592/4386/8590 
f 5602/4389/8600 5603/4390/8601 5604/4389/8602 5600/4388/8598 
f 5600/4388/8598 5604/4389/8602 5605/4350/8603 5598/4388/8596 
f 5602/4389/8600 5606/4390/8604 5603/4390/8601 
f 5607/4446/8605 5605/4350/8603 5604/4389/8602 5603/4390/8601 
f 5605/4350/8603 5601/4445/8599 5598/4388/8596 
f 5608/4391/8606 5609/4392/8607 5610/4391/8608 5606/4390/8604 
f 5610/4391/8608 5611/4353/8609 5603/4390/8601 5606/4390/8604 
f 5608/4391/8606 5612/4392/8610 5609/4392/8607 
f 5609/4392/8607 5613/4447/8611 5611/4353/8609 5610/4391/8608 
f 5611/4353/8609 5607/4446/8605 5603/4390/8601 
f 5614/4393/8612 5612/4392/8610 5615/4393/8613 5616/4394/8614 
f 5609/4392/8607 5612/4392/8610 5614/4393/8612 5617/4354/8615 
f 5615/4393/8613 5618/4394/8616 5616/4394/8614 
f 5617/4354/8615 5614/4393/8612 5616/4394/8614 5619/4448/8617 
f 5617/4354/8615 5613/4447/8611 5609/4392/8607 
f 5620/4395/8618 5621/4396/8619 5622/4395/8620 5618/4394/8616 
f 5616/4394/8614 5618/4394/8616 5622/4395/8620 5623/4357/8621 
f 5620/4395/8618 5624/4396/8622 5621/4396/8619 
f 5622/4395/8620 5621/4396/8619 5625/4449/8623 5623/4357/8621 
f 5623/4357/8621 5619/4448/8617 5616/4394/8614 
f 5626/4397/8624 5627/4398/8625 5624/4396/8622 5628/4398/8626 
f 5627/4398/8625 5629/4358/8627 5621/4396/8619 5624/4396/8622 
f 5628/4398/8626 5630/4397/8628 5626/4397/8624 
f 5631/4450/8629 5629/4358/8627 5627/4398/8625 5626/4397/8624 
f 5629/4358/8627 5625/4449/8623 5621/4396/8619 
f 5630/4397/8628 5632/4399/8630 5633/4400/8631 5634/4399/8632 
f 5634/4399/8632 5635/4362/8633 5626/4397/8624 5630/4397/8628 
f 5632/4399/8630 5636/4400/8634 5633/4400/8631 
f 5637/4451/8635 5635/4362/8633 5634/4399/8632 5633/4400/8631 
f 5635/4362/8633 5631/4450/8629 5626/4397/8624 
f 5638/4402/8636 5639/4401/8637 5640/4402/8638 5636/4400/8634 
f 5641/4360/8639 5633/4400/8631 5636/4400/8634 5640/4402/8638 
f 5638/4402/8636 5642/4401/8640 5639/4401/8637 
f 5643/4452/8641 5641/4360/8639 5640/4402/8638 5639/4401/8637 
f 5641/4360/8639 5637/4451/8635 5633/4400/8631 
f 5644/4403/8642 5642/4401/8640 5645/4403/8643 5646/4404/8644 
f 5639/4401/8637 5642/4401/8640 5644/4403/8642 5647/4366/8645 
f 5645/4403/8643 5648/4404/8646 5646/4404/8644 
f 5649/4453/8647 5647/4366/8645 5644/4403/8642 5646/4404/8644 
f 5647/4366/8645 5643/4452/8641 5639/4401/8637 
f 5650/4405/8648 5651/4406/8649 5648/4404/8646 5652/4406/8650 
f 5648/4404/8646 5651/4406/8649 5653/4364/8651 5646/4404/8644 
f 5652/4406/8650 5654/4405/8652 5650/4405/8648 
f 5650/4405/8648 5655/4454/8653 5653/4364/8651 5651/4406/8649 
f 5653/4364/8651 5649/4453/8647 5646/4404/8644 
f 5656/4407/8654 5654/4405/8652 5657/4407/8655 5658/4408/8656 
f 5650/4405/8648 5654/4405/8652 5656/4407/8654 5659/4370/8657 
f 5657/4407/8655 5660/4408/8658 5658/4408/8656 
f 5661/4455/8659 5659/4370/8657 5656/4407/8654 5658/4408/8656 
f 5659/4370/8657 5655/4454/8653 5650/4405/8648 
f 5662/4410/8660 5663/4409/8661 5660/4408/8658 5664/4409/8662 
f 5663/4409/8661 5665/4368/8663 5658/4408/8656 5660/4408/8658 
f 5664/4409/8662 5666/4410/8664 5662/4410/8660 
f 5662/4410/8660 5667/4456/8665 5665/4368/8663 5663/4409/8661 
f 5665/4368/8663 5661/4455/8659 5658/4408/8656 
f 5668/4412/8666 5666/4410/8664 5669/4412/8667 5670/4411/8668 
f 5668/4412/8666 5671/4374/8669 5662/4410/8660 5666/4410/8664 
f 5669/4412/8667 5672/4411/8670 5670/4411/8668 
f 5670/4411/8668 5673/4457/8671 5671/4374/8669 5668/4412/8666 
f 5671/4374/8669 5667/4456/8665 5662/4410/8660 
f 5674/4414/8672 5672/4411/8670 5675/4414/8673 5676/4413/8674 
f 5670/4411/8668 5672/4411/8670 5674/4414/8672 5677/4372/8675 
f 5675/4414/8673 5678/4413/8676 5676/4413/8674 
f 5679/4458/8677 5677/4372/8675 5674/4414/8672 5676/4413/8674 
f 5677/4372/8675 5673/4457/8671 5670/4411/8668 
f 5678/4413/8676 5680/4415/8678 5681/4416/8679 5682/4415/8680 
f 5678/4413/8676 5682/4415/8680 5683/4378/8681 5676/4413/8674 
f 5680/4415/8678 5684/4416/8682 5681/4416/8679 
f 5681/4416/8679 5685/4459/8683 5683/4378/8681 5682/4415/8680 
f 5683/4378/8681 5679/4458/8677 5676/4413/8674 
f 5686/4417/8684 5687/4418/8685 5684/4416/8682 5688/4418/8686 
f 5687/4418/8685 5689/4376/8687 5681/4416/8679 5684/4416/8682 
f 5688/4418/8686 5690/4417/8688 5686/4417/8684 
f 5686/4417/8684 5691/4460/8689 5689/4376/8687 5687/4418/8685 
f 5689/4376/8687 5685/4459/8683 5681/4416/8679 
f 5692/4420/8690 5693/4419/8691 5690/4417/8688 5694/4419/8692 
f 5693/4419/8691 5695/4345/8693 5686/4417/8684 5690/4417/8688 
f 5694/4419/8692 5696/4420/8694 5692/4420/8690 
f 5692/4420/8690 5697/4461/8695 5695/4345/8693 5693/4419/8691 
f 5695/4345/8693 5691/4460/8689 5686/4417/8684 
f 5585/4383/8583 5698/4421/8696 5696/4420/8694 5699/4421/8697 
f 5698/4421/8696 5700/4346/8698 5692/4420/8690 5696/4420/8694 
f 5699/4421/8697 5584/4383/8582 5585/4383/8583 
f 5698/4421/8696 5585/4383/8583 5589/4443/8587 5700/4346/8698 
f 5700/4346/8698 5697/4461/8695 5692/4420/8690 
f 5701/4384/8699 5702/4382/8700 5703/4443/8701 5704/4341/8702 
f 5703/4443/8701 5702/4382/8700 5705/4382/8703 5706/4383/8704 
f 5704/4341/8702 5707/4442/8705 5701/4384/8699 
f 5702/4382/8700 5701/4384/8699 5708/4384/8706 5705/4382/8703 
f 5705/4382/8703 5709/4383/8707 5706/4383/8704 
f 5710/4342/8708 5711/4386/8709 5712/4385/8710 5707/4442/8705 
f 5712/4385/8710 5713/4385/8711 5701/4384/8699 5707/4442/8705 
f 5710/4342/8708 5714/4444/8712 5711/4386/8709 
f 5711/4386/8709 5715/4386/8713 5713/4385/8711 5712/4385/8710 
f 5713/4385/8711 5708/4384/8706 5701/4384/8699 
f 5716/4387/8714 5714/4444/8712 5717/4349/8715 5718/4388/8716 
f 5716/4387/8714 5719/4387/8717 5711/4386/8709 5714/4444/8712 
f 5717/4349/8715 5720/4445/8718 5718/4388/8716 
f 5718/4388/8716 5721/4388/8719 5719/4387/8717 5716/4387/8714 
f 5719/4387/8717 5715/4386/8713 5711/4386/8709 
f 5722/4390/8720 5723/4389/8721 5720/4445/8718 5724/4350/8722 
f 5720/4445/8718 5723/4389/8721 5725/4389/8723 5718/4388/8716 
f 5724/4350/8722 5726/4446/8724 5722/4390/8720 
f 5722/4390/8720 5727/4390/8725 5725/4389/8723 5723/4389/8721 
f 5725/4389/8723 5721/4388/8719 5718/4388/8716 
f 5728/4391/8726 5726/4446/8724 5729/4353/8727 5730/4392/8728 
f 5728/4391/8726 5731/4391/8729 5722/4390/8720 5726/4446/8724 
f 5729/4353/8727 5732/4447/8730 5730/4392/8728 
f 5730/4392/8728 5733/4392/8731 5731/4391/8729 5728/4391/8726 
f 5731/4391/8729 5727/4390/8725 5722/4390/8720 
f 5734/4393/8732 5732/4447/8730 5735/4354/8733 5736/4394/8734 
f 5730/4392/8728 5732/4447/8730 5734/4393/8732 5737/4393/8735 
f 5735/4354/8733 5738/4448/8736 5736/4394/8734 
f 5739/4394/8737 5737/4393/8735 5734/4393/8732 5736/4394/8734 
f 5737/4393/8735 5733/4392/8731 5730/4392/8728 
f 5738/4448/8736 5740/4357/8738 5741/4396/8739 5742/4395/8740 
f 5742/4395/8740 5743/4395/8741 5736/4394/8734 5738/4448/8736 
f 5740/4357/8738 5744/4449/8742 5741/4396/8739 
f 5745/4396/8743 5743/4395/8741 5742/4395/8740 5741/4396/8739 
f 5743/4395/8741 5739/4394/8737 5736/4394/8734 
f 5746/4358/8744 5747/4397/8745 5748/4398/8746 5744/4449/8742 
f 5749/4398/8747 5741/4396/8739 5744/4449/8742 5748/4398/8746 
f 5746/4358/8744 5750/4450/8748 5747/4397/8745 
f 5748/4398/8746 5747/4397/8745 5751/4397/8749 5749/4398/8747 
f 5749/4398/8747 5745/4396/8743 5741/4396/8739 
f 5752/4400/8750 5753/4399/8751 5750/4450/8748 5754/4362/8752 
f 5747/4397/8745 5750/4450/8748 5753/4399/8751 5755/4399/8753 
f 5754/4362/8752 5756/4451/8754 5752/4400/8750 
f 5752/4400/8750 5757/4400/8755 5755/4399/8753 5753/4399/8751 
f 5755/4399/8753 5751/4397/8749 5747/4397/8745 
f 5758/4401/8756 5759/4402/8757 5756/4451/8754 5760/4360/8758 
f 5759/4402/8757 5761/4402/8759 5752/4400/8750 5756/4451/8754 
f 5760/4360/8758 5762/4452/8760 5758/4401/8756 
f 5759/4402/8757 5758/4401/8756 5763/4401/8761 5761/4402/8759 
f 5761/4402/8759 5757/4400/8755 5752/4400/8750 
f 5764/4366/8762 5765/4404/8763 5766/4403/8764 5762/4452/8760 
f 5762/4452/8760 5766/4403/8764 5767/4403/8765 5758/4401/8756 
f 5764/4366/8762 5768/4453/8766 5765/4404/8763 
f 5769/4404/8767 5767/4403/8765 5766/4403/8764 5765/4404/8763 
f 5767/4403/8765 5763/4401/8761 5758/4401/8756 
f 5770/4406/8768 5768/4453/8766 5771/4364/8769 5772/4405/8770 
f 5773/4406/8771 5765/4404/8763 5768/4453/8766 5770/4406/8768 
f 5771/4364/8769 5774/4454/8772 5772/4405/8770 
f 5773/4406/8771 5770/4406/8768 5772/4405/8770 5775/4405/8773 
f 5773/4406/8771 5769/4404/8767 5765/4404/8763 
f 5776/4370/8774 5777/4408/8775 5778/4407/8776 5774/4454/8772 
f 5774/4454/8772 5778/4407/8776 5779/4407/8777 5772/4405/8770 
f 5776/4370/8774 5780/4455/8778 5777/4408/8775 
f 5781/4408/8779 5779/4407/8777 5778/4407/8776 5777/4408/8775 
f 5779/4407/8777 5775/4405/8773 5772/4405/8770 
f 5780/4455/8778 5782/4368/8780 5783/4410/8781 5784/4409/8782 
f 5784/4409/8782 5785/4409/8783 5777/4408/8775 5780/4455/8778 
f 5782/4368/8780 5786/4456/8784 5783/4410/8781 
f 5783/4410/8781 5787/4410/8785 5785/4409/8783 5784/4409/8782 
f 5785/4409/8783 5781/4408/8779 5777/4408/8775 
f 5786/4456/8784 5788/4374/8786 5789/4411/8787 5790/4412/8788 
f 5783/4410/8781 5786/4456/8784 5790/4412/8788 5791/4412/8789 
f 5788/4374/8786 5792/4457/8790 5789/4411/8787 
f 5793/4411/8791 5791/4412/8789 5790/4412/8788 5789/4411/8787 
f 5791/4412/8789 5787/4410/8785 5783/4410/8781 
f 5794/4372/8792 5795/4413/8793 5796/4414/8794 5792/4457/8790 
f 5792/4457/8790 5796/4414/8794 5797/4414/8795 5789/4411/8787 
f 5794/4372/8792 5798/4458/8796 5795/4413/8793 
f 5799/4413/8797 5797/4414/8795 5796/4414/8794 5795/4413/8793 
f 5797/4414/8795 5793/4411/8791 5789/4411/8787 
f 5800/4416/8798 5801/4415/8799 5798/4458/8796 5802/4378/8800 
f 5803/4415/8801 5795/4413/8793 5798/4458/8796 5801/4415/8799 
f 5802/4378/8800 5804/4459/8802 5800/4416/8798 
f 5800/4416/8798 5805/4416/8803 5803/4415/8801 5801/4415/8799 
f 5803/4415/8801 5799/4413/8797 5795/4413/8793 
f 5806/4417/8804 5807/4418/8805 5804/4459/8802 5808/4376/8806 
f 5800/4416/8798 5804/4459/8802 5807/4418/8805 5809/4418/8807 
f 5808/4376/8806 5810/4460/8808 5806/4417/8804 
f 5806/4417/8804 5811/4417/8809 5809/4418/8807 5807/4418/8805 
f 5809/4418/8807 5805/4416/8803 5800/4416/8798 
f 5812/4420/8810 5813/4419/8811 5810/4460/8808 5814/4345/8812 
f 5806/4417/8804 5810/4460/8808 5813/4419/8811 5815/4419/8813 
f 5814/4345/8812 5816/4461/8814 5812/4420/8810 
f 5817/4420/8815 5815/4419/8813 5813/4419/8811 5812/4420/8810 
f 5815/4419/8813 5811/4417/8809 5806/4417/8804 
f 5818/4421/8816 5816/4461/8814 5819/4346/8817 5706/4383/8704 
f 5816/4461/8814 5818/4421/8816 5820/4421/8818 5812/4420/8810 
f 5819/4346/8817 5703/4443/8701 5706/4383/8704 
f 5709/4383/8707 5820/4421/8818 5818/4421/8816 5706/4383/8704 
f 5820/4421/8818 5817/4420/8815 5812/4420/8810 
f 4813/4382/7811 5821/4383/8819 5822/4382/8820 4817/4384/7815 
f 5823/4384/8821 4817/4384/7815 5822/4382/8820 5824/4382/8822 
f 4813/4382/7811 4812/4383/7810 5821/4383/8819 
f 5821/4383/8819 5825/4383/8823 5824/4382/8822 5822/4382/8820 
f 5824/4382/8822 5826/4384/8824 5823/4384/8821 
f 4824/4386/7822 4820/4385/7818 5823/4384/8821 5827/4385/8825 
f 4824/4386/7822 5827/4385/8825 5828/4385/8826 5829/4386/8827 
f 4820/4385/7818 4817/4384/7815 5823/4384/8821 
f 5827/4385/8825 5823/4384/8821 5826/4384/8824 5828/4385/8826 
f 5828/4385/8826 5830/4386/8828 5829/4386/8827 
f 5829/4386/8827 5831/4387/8829 4830/4388/7828 4826/4387/7824 
f 5831/4387/8829 5832/4387/8830 5833/4388/8831 4830/4388/7828 
f 4826/4387/7824 4824/4386/7822 5829/4386/8827 
f 5831/4387/8829 5829/4386/8827 5830/4386/8828 5832/4387/8830 
f 5832/4387/8830 5834/4388/8832 5833/4388/8831 
f 5835/4389/8833 4836/4390/7834 4833/4389/7831 5833/4388/8831 
f 4836/4390/7834 5835/4389/8833 5836/4389/8834 5837/4390/8835 
f 4833/4389/7831 4830/4388/7828 5833/4388/8831 
f 5833/4388/8831 5834/4388/8832 5836/4389/8834 5835/4389/8833 
f 5836/4389/8834 5838/4390/8836 5837/4390/8835 
f 5839/4391/8837 4842/4392/7840 4839/4391/7837 5837/4390/8835 
f 5840/4392/8838 4842/4392/7840 5839/4391/8837 5841/4391/8839 
f 4839/4391/7837 4836/4390/7834 5837/4390/8835 
f 5839/4391/8837 5837/4390/8835 5838/4390/8836 5841/4391/8839 
f 5841/4391/8839 5842/4392/8840 5840/4392/8838 
f 4845/4393/7843 5840/4392/8838 5843/4393/8841 4848/4394/7846 
f 5844/4394/8842 4848/4394/7846 5843/4393/8841 5845/4393/8843 
f 4845/4393/7843 4842/4392/7840 5840/4392/8838 
f 5845/4393/8843 5843/4393/8841 5840/4392/8838 5842/4392/8840 
f 5845/4393/8843 5846/4394/8844 5844/4394/8842 
f 4851/4395/7849 5844/4394/8842 5847/4395/8845 4854/4396/7852 
f 5848/4396/8846 4854/4396/7852 5847/4395/8845 5849/4395/8847 
f 4851/4395/7849 4848/4394/7846 5844/4394/8842 
f 5847/4395/8845 5844/4394/8842 5846/4394/8844 5849/4395/8847 
f 5849/4395/8847 5850/4396/8848 5848/4396/8846 
f 4858/4398/7856 5848/4396/8846 5851/4398/8849 4860/4397/7858 
f 5852/4397/8850 4860/4397/7858 5851/4398/8849 5853/4398/8851 
f 4858/4398/7856 4854/4396/7852 5848/4396/8846 
f 5851/4398/8849 5848/4396/8846 5850/4396/8848 5853/4398/8851 
f 5853/4398/8851 5854/4397/8852 5852/4397/8850 
f 4863/4399/7861 5852/4397/8850 5855/4399/8853 4866/4400/7864 
f 5856/4400/8854 4866/4400/7864 5855/4399/8853 5857/4399/8855 
f 4863/4399/7861 4860/4397/7858 5852/4397/8850 
f 5852/4397/8850 5854/4397/8852 5857/4399/8855 5855/4399/8853 
f 5857/4399/8855 5858/4400/8856 5856/4400/8854 
f 5859/4402/8857 4872/4401/7870 4870/4402/7868 5856/4400/8854 
f 5860/4401/8858 4872/4401/7870 5859/4402/8857 5861/4402/8859 
f 4870/4402/7868 4866/4400/7864 5856/4400/8854 
f 5859/4402/8857 5856/4400/8854 5858/4400/8856 5861/4402/8859 
f 5861/4402/8859 5862/4401/8860 5860/4401/8858 
f 4878/4404/7876 4875/4403/7873 5860/4401/8858 5863/4403/8861 
f 5864/4404/8862 4878/4404/7876 5863/4403/8861 5865/4403/8863 
f 4875/4403/7873 4872/4401/7870 5860/4401/8858 
f 5865/4403/8863 5863/4403/8861 5860/4401/8858 5862/4401/8860 
f 5865/4403/8863 5866/4404/8864 5864/4404/8862 
f 4882/4406/7880 5864/4404/8862 5867/4406/8865 4884/4405/7882 
f 4884/4405/7882 5867/4406/8865 5868/4406/8866 5869/4405/8867 
f 4882/4406/7880 4878/4404/7876 5864/4404/8862 
f 5867/4406/8865 5864/4404/8862 5866/4404/8864 5868/4406/8866 
f 5868/4406/8866 5870/4405/8868 5869/4405/8867 
f 4886/4407/7884 5869/4405/8867 5871/4407/8869 4890/4408/7888 
f 5872/4408/8870 4890/4408/7888 5871/4407/8869 5873/4407/8871 
f 4886/4407/7884 4884/4405/7882 5869/4405/8867 
f 5871/4407/8869 5869/4405/8867 5870/4405/8868 5873/4407/8871 
f 5873/4407/8871 5874/4408/8872 5872/4408/8870 
f 4896/4410/7894 4892/4409/7890 5872/4408/8870 5875/4409/8873 
f 4896/4410/7894 5875/4409/8873 5876/4409/8874 5877/4410/8875 
f 4892/4409/7890 4890/4408/7888 5872/4408/8870 
f 5875/4409/8873 5872/4408/8870 5874/4408/8872 5876/4409/8874 
f 5876/4409/8874 5878/4410/8876 5877/4410/8875 
f 5879/4412/8877 4902/4411/7900 4900/4412/7898 5877/4410/8875 
f 5880/4411/8878 4902/4411/7900 5879/4412/8877 5881/4412/8879 
f 4900/4412/7898 4896/4410/7894 5877/4410/8875 
f 5878/4410/8876 5881/4412/8879 5879/4412/8877 5877/4410/8875 
f 5881/4412/8879 5882/4411/8880 5880/4411/8878 
f 5880/4411/8878 5883/4414/8881 4908/4413/7906 4906/4414/7904 
f 4908/4413/7906 5883/4414/8881 5884/4414/8882 5885/4413/8883 
f 4906/4414/7904 4902/4411/7900 5880/4411/8878 
f 5883/4414/8881 5880/4411/8878 5882/4411/8880 5884/4414/8882 
f 5884/4414/8882 5886/4413/8884 5885/4413/8883 
f 4911/4415/7909 5885/4413/8883 5887/4415/8885 4914/4416/7912 
f 5888/4416/8886 4914/4416/7912 5887/4415/8885 5889/4415/8887 
f 4911/4415/7909 4908/4413/7906 5885/4413/8883 
f 5887/4415/8885 5885/4413/8883 5886/4413/8884 5889/4415/8887 
f 5889/4415/8887 5890/4416/8888 5888/4416/8886 
f 4918/4418/7916 5888/4416/8886 5891/4418/8889 4920/4417/7918 
f 5892/4417/8890 4920/4417/7918 5891/4418/8889 5893/4418/8891 
f 4918/4418/7916 4914/4416/7912 5888/4416/8886 
f 5890/4416/8888 5893/4418/8891 5891/4418/8889 5888/4416/8886 
f 5893/4418/8891 5894/4417/8892 5892/4417/8890 
f 4923/4419/7921 5892/4417/8890 5895/4419/8893 4926/4420/7924 
f 5896/4420/8894 4926/4420/7924 5895/4419/8893 5897/4419/8895 
f 4923/4419/7921 4920/4417/7918 5892/4417/8890 
f 5894/4417/8892 5897/4419/8895 5895/4419/8893 5892/4417/8890 
f 5897/4419/8895 5898/4420/8896 5896/4420/8894 
f 5899/4421/8897 4812/4383/7810 4929/4421/7927 5896/4420/8894 
f 4812/4383/7810 5899/4421/8897 5900/4421/8898 5821/4383/8819 
f 4929/4421/7927 4926/4420/7924 5896/4420/8894 
f 5899/4421/8897 5896/4420/8894 5898/4420/8896 5900/4421/8898 
f 5900/4421/8898 5825/4383/8823 5821/4383/8819 
f 5826/4384/8824 5824/4382/8822 5901/4383/8899 5902/4382/8900 
f 5902/4382/8900 5903/4382/8901 5904/4384/8902 5826/4384/8824 
f 5824/4382/8822 5825/4383/8823 5901/4383/8899 
f 5903/4382/8901 5902/4382/8900 5901/4383/8899 5905/4383/8903 
f 5903/4382/8901 5906/4384/8904 5904/4384/8902 
f 5907/4385/8905 5830/4386/8828 5828/4385/8826 5904/4384/8902 
f 5907/4385/8905 5908/4385/8906 5909/4386/8907 5830/4386/8828 
f 5828/4385/8826 5826/4384/8824 5904/4384/8902 
f 5907/4385/8905 5904/4384/8902 5906/4384/8904 5908/4385/8906 
f 5908/4385/8906 5910/4386/8908 5909/4386/8907 
f 5834/4388/8832 5832/4387/8830 5909/4386/8907 5911/4387/8909 
f 5911/4387/8909 5912/4387/8910 5913/4388/8911 5834/4388/8832 
f 5832/4387/8830 5830/4386/8828 5909/4386/8907 
f 5911/4387/8909 5909/4386/8907 5910/4386/8908 5912/4387/8910 
f 5912/4387/8910 5914/4388/8912 5913/4388/8911 
f 5836/4389/8834 5913/4388/8911 5915/4389/8913 5838/4390/8836 
f 5838/4390/8836 5915/4389/8913 5916/4389/8914 5917/4390/8915 
f 5836/4389/8834 5834/4388/8832 5913/4388/8911 
f 5913/4388/8911 5914/4388/8912 5916/4389/8914 5915/4389/8913 
f 5916/4389/8914 5918/4390/8916 5917/4390/8915 
f 5841/4391/8839 5917/4390/8915 5919/4391/8917 5842/4392/8840 
f 5920/4392/8918 5842/4392/8840 5919/4391/8917 5921/4391/8919 
f 5841/4391/8839 5838/4390/8836 5917/4390/8915 
f 5919/4391/8917 5917/4390/8915 5918/4390/8916 5921/4391/8919 
f 5921/4391/8919 5922/4392/8920 5920/4392/8918 
f 5920/4392/8918 5923/4393/8921 5846/4394/8844 5845/4393/8843 
f 5846/4394/8844 5923/4393/8921 5924/4393/8922 5925/4394/8923 
f 5845/4393/8843 5842/4392/8840 5920/4392/8918 
f 5922/4392/8920 5924/4393/8922 5923/4393/8921 5920/4392/8918 
f 5924/4393/8922 5926/4394/8924 5925/4394/8923 
f 5849/4395/8847 5925/4394/8923 5927/4395/8925 5850/4396/8848 
f 5927/4395/8925 5928/4395/8926 5929/4396/8927 5850/4396/8848 
f 5849/4395/8847 5846/4394/8844 5925/4394/8923 
f 5926/4394/8924 5928/4395/8926 5927/4395/8925 5925/4394/8923 
f 5928/4395/8926 5930/4396/8928 5929/4396/8927 
f 5853/4398/8851 5929/4396/8927 5931/4398/8929 5854/4397/8852 
f 5931/4398/8929 5932/4398/8930 5933/4397/8931 5854/4397/8852 
f 5853/4398/8851 5850/4396/8848 5929/4396/8927 
f 5930/4396/8928 5932/4398/8930 5931/4398/8929 5929/4396/8927 
f 5932/4398/8930 5934/4397/8932 5933/4397/8931 
f 5857/4399/8855 5933/4397/8931 5935/4399/8933 5858/4400/8856 
f 5858/4400/8856 5935/4399/8933 5936/4399/8934 5937/4400/8935 
f 5857/4399/8855 5854/4397/8852 5933/4397/8931 
f 5936/4399/8934 5935/4399/8933 5933/4397/8931 5934/4397/8932 
f 5936/4399/8934 5938/4400/8936 5937/4400/8935 
f 5861/4402/8859 5937/4400/8935 5939/4402/8937 5862/4401/8860 
f 5940/4401/8938 5862/4401/8860 5939/4402/8937 5941/4402/8939 
f 5861/4402/8859 5858/4400/8856 5937/4400/8935 
f 5938/4400/8936 5941/4402/8939 5939/4402/8937 5937/4400/8935 
f 5941/4402/8939 5942/4401/8940 5940/4401/8938 
f 5866/4404/8864 5865/4403/8863 5940/4401/8938 5943/4403/8941 
f 5944/4404/8942 5866/4404/8864 5943/4403/8941 5945/4403/8943 
f 5865/4403/8863 5862/4401/8860 5940/4401/8938 
f 5943/4403/8941 5940/4401/8938 5942/4401/8940 5945/4403/8943 
f 5945/4403/8943 5946/4404/8944 5944/4404/8942 
f 5944/4404/8942 5947/4406/8945 5870/4405/8868 5868/4406/8866 
f 5948/4405/8946 5870/4405/8868 5947/4406/8945 5949/4406/8947 
f 5868/4406/8866 5866/4404/8864 5944/4404/8942 
f 5947/4406/8945 5944/4404/8942 5946/4404/8944 5949/4406/8947 
f 5949/4406/8947 5950/4405/8948 5948/4405/8946 
f 5948/4405/8946 5951/4407/8949 5874/4408/8872 5873/4407/8871 
f 5951/4407/8949 5952/4407/8950 5953/4408/8951 5874/4408/8872 
f 5873/4407/8871 5870/4405/8868 5948/4405/8946 
f 5950/4405/8948 5952/4407/8950 5951/4407/8949 5948/4405/8946 
f 5952/4407/8950 5954/4408/8952 5953/4408/8951 
f 5876/4409/8874 5953/4408/8951 5955/4409/8953 5878/4410/8876 
f 5956/4410/8954 5878/4410/8876 5955/4409/8953 5957/4409/8955 
f 5876/4409/8874 5874/4408/8872 5953/4408/8951 
f 5954/4408/8952 5957/4409/8955 5955/4409/8953 5953/4408/8951 
f 5957/4409/8955 5958/4410/8956 5956/4410/8954 
f 5881/4412/8879 5956/4410/8954 5959/4412/8957 5882/4411/8880 
f 5960/4411/8958 5882/4411/8880 5959/4412/8957 5961/4412/8959 
f 5881/4412/8879 5878/4410/8876 5956/4410/8954 
f 5958/4410/8956 5961/4412/8959 5959/4412/8957 5956/4410/8954 
f 5961/4412/8959 5962/4411/8960 5960/4411/8958 
f 5884/4414/8882 5960/4411/8958 5963/4414/8961 5886/4413/8884 
f 5964/4413/8962 5886/4413/8884 5963/4414/8961 5965/4414/8963 
f 5884/4414/8882 5882/4411/8880 5960/4411/8958 
f 5963/4414/8961 5960/4411/8958 5962/4411/8960 5965/4414/8963 
f 5965/4414/8963 5966/4413/8964 5964/4413/8962 
f 5889/4415/8887 5964/4413/8962 5967/4415/8965 5890/4416/8888 
f 5890/4416/8888 5967/4415/8965 5968/4415/8966 5969/4416/8967 
f 5889/4415/8887 5886/4413/8884 5964/4413/8962 
f 5967/4415/8965 5964/4413/8962 5966/4413/8964 5968/4415/8966 
f 5968/4415/8966 5970/4416/8968 5969/4416/8967 
f 5894/4417/8892 5893/4418/8891 5969/4416/8967 5971/4418/8969 
f 5972/4417/8970 5894/4417/8892 5971/4418/8969 5973/4418/8971 
f 5893/4418/8891 5890/4416/8888 5969/4416/8967 
f 5970/4416/8968 5973/4418/8971 5971/4418/8969 5969/4416/8967 
f 5973/4418/8971 5974/4417/8972 5972/4417/8970 
f 5972/4417/8970 5975/4419/8973 5898/4420/8896 5897/4419/8895 
f 5976/4420/8974 5898/4420/8896 5975/4419/8973 5977/4419/8975 
f 5897/4419/8895 5894/4417/8892 5972/4417/8970 
f 5972/4417/8970 5974/4417/8972 5977/4419/8975 5975/4419/8973 
f 5977/4419/8975 5978/4420/8976 5976/4420/8974 
f 5900/4421/8898 5976/4420/8974 5979/4421/8977 5825/4383/8823 
f 5901/4383/8899 5825/4383/8823 5979/4421/8977 5980/4421/8978 
f 5900/4421/8898 5898/4420/8896 5976/4420/8974 
f 5978/4420/8976 5980/4421/8978 5979/4421/8977 5976/4420/8974 
f 5980/4421/8978 5905/4383/8903 5901/4383/8899 
f 5981/4382/8979 5982/4462/8980 5983/4384/8981 5262/4382/8260 
f 5984/4423/8982 5982/4462/8980 5981/4382/8979 5985/4382/8983 
f 5983/4384/8981 5267/4384/8265 5262/4382/8260 
f 5986/4383/8984 5987/4422/8985 5981/4382/8979 5261/4383/8259 
f 5981/4382/8979 5262/4382/8260 5261/4383/8259 
f 5986/4383/8984 5988/4463/8986 5987/4422/8985 
f 5989/4422/8987 5985/4382/8983 5981/4382/8979 5987/4422/8985 
f 5985/4382/8983 5990/4423/8988 5984/4423/8982 
f 5270/4385/8268 5991/4385/8989 5992/4464/8990 5993/4386/8991 
f 5991/4385/8989 5983/4384/8981 5994/4385/8992 5992/4464/8990 
f 5993/4386/8991 5274/4386/8272 5270/4385/8268 
f 5991/4385/8989 5270/4385/8268 5267/4384/8265 5983/4384/8981 
f 5983/4384/8981 5982/4462/8980 5994/4385/8992 
f 5278/4387/8276 5995/4387/8993 5996/4465/8994 5997/4388/8995 
f 5996/4465/8994 5995/4387/8993 5998/4387/8996 5999/4424/8997 
f 5997/4388/8995 5280/4388/8278 5278/4387/8276 
f 5995/4387/8993 5274/4386/8272 5993/4386/8991 6000/4425/8998 
f 5995/4387/8993 5278/4387/8276 5274/4386/8272 
f 5993/4386/8991 5992/4464/8990 6000/4425/8998 
f 6000/4425/8998 6001/4425/8999 5998/4387/8996 5995/4387/8993 
f 5998/4387/8996 6002/4424/9000 5999/4424/8997 
f 5282/4389/8280 6003/4389/9001 6004/4466/9002 6005/4390/9003 
f 6006/4389/9004 6004/4466/9002 6003/4389/9001 5997/4388/8995 
f 6005/4390/9003 5286/4390/8284 5282/4389/8280 
f 5997/4388/8995 6003/4389/9001 5282/4389/8280 5280/4388/8278 
f 5997/4388/8995 5996/4465/8994 6006/4389/9004 
f 5288/4391/8286 6007/4391/9005 6008/4467/9006 6009/4392/9007 
f 6008/4467/9006 6007/4391/9005 6010/4391/9008 6011/4426/9009 
f 6009/4392/9007 5292/4392/8290 5288/4391/8286 
f 6012/4427/9010 6007/4391/9005 5286/4390/8284 6005/4390/9003 
f 6007/4391/9005 5288/4391/8286 5286/4390/8284 
f 6005/4390/9003 6004/4466/9002 6012/4427/9010 
f 6007/4391/9005 6012/4427/9010 6013/4427/9011 6010/4391/9008 
f 6010/4391/9008 6014/4426/9012 6011/4426/9009 
f 6015/4393/9013 6016/4468/9014 6017/4394/9015 5294/4393/8292 
f 6015/4393/9013 6009/4392/9007 6018/4393/9016 6016/4468/9014 
f 6017/4394/9015 5298/4394/8296 5294/4393/8292 
f 6009/4392/9007 6015/4393/9013 5294/4393/8292 5292/4392/8290 
f 6009/4392/9007 6008/4467/9006 6018/4393/9016 
f 6019/4469/9017 6020/4396/9018 5300/4395/8298 6021/4395/9019 
f 6022/4429/9020 6019/4469/9017 6021/4395/9019 6023/4395/9021 
f 6020/4396/9018 5304/4396/8302 5300/4395/8298 
f 6024/4428/9022 6021/4395/9019 5298/4394/8296 6017/4394/9015 
f 6021/4395/9019 5300/4395/8298 5298/4394/8296 
f 6017/4394/9015 6016/4468/9014 6024/4428/9022 
f 6025/4428/9023 6023/4395/9021 6021/4395/9019 6024/4428/9022 
f 6023/4395/9021 6026/4429/9024 6022/4429/9020 
f 6027/4398/9025 6028/4470/9026 6029/4397/9027 5308/4398/8306 
f 6028/4470/9026 6027/4398/9025 6020/4396/9018 6030/4398/9028 
f 6029/4397/9027 5310/4397/8308 5308/4398/8306 
f 6020/4396/9018 6027/4398/9025 5308/4398/8306 5304/4396/8302 
f 6020/4396/9018 6019/4469/9017 6030/4398/9028 
f 6031/4400/9029 5312/4399/8310 6032/4399/9030 6033/4471/9031 
f 6034/4431/9032 6033/4471/9031 6032/4399/9030 6035/4399/9033 
f 6031/4400/9029 5316/4400/8314 5312/4399/8310 
f 6036/4430/9034 6032/4399/9030 5310/4397/8308 6029/4397/9027 
f 6032/4399/9030 5312/4399/8310 5310/4397/8308 
f 6029/4397/9027 6028/4470/9026 6036/4430/9034 
f 6035/4399/9033 6032/4399/9030 6036/4430/9034 6037/4430/9035 
f 6035/4399/9033 6038/4431/9036 6034/4431/9032 
f 5320/4402/8318 6039/4402/9037 6040/4472/9038 6041/4401/9039 
f 6042/4402/9040 6040/4472/9038 6039/4402/9037 6031/4400/9029 
f 6041/4401/9039 5322/4401/8320 5320/4402/8318 
f 5316/4400/8314 6031/4400/9029 6039/4402/9037 5320/4402/8318 
f 6031/4400/9029 6033/4471/9031 6042/4402/9040 
f 5326/4403/8324 6043/4403/9041 6044/4473/9042 6045/4404/9043 
f 6043/4403/9041 6046/4403/9044 6047/4432/9045 6044/4473/9042 
f 6045/4404/9043 5328/4404/8326 5326/4403/8324 
f 6048/4433/9046 6043/4403/9041 5322/4401/8320 6041/4401/9039 
f 6043/4403/9041 5326/4403/8324 5322/4401/8320 
f 6041/4401/9039 6040/4472/9038 6048/4433/9046 
f 6048/4433/9046 6049/4433/9047 6046/4403/9044 6043/4403/9041 
f 6046/4403/9044 6050/4432/9048 6047/4432/9045 
f 5330/4406/8328 6051/4406/9049 6052/4474/9050 6053/4405/9051 
f 6051/4406/9049 6045/4404/9043 6054/4406/9052 6052/4474/9050 
f 6053/4405/9051 5334/4405/8332 5330/4406/8328 
f 6045/4404/9043 6051/4406/9049 5330/4406/8328 5328/4404/8326 
f 6045/4404/9043 6044/4473/9042 6054/4406/9052 
f 5338/4407/8336 6055/4407/9053 6056/4475/9054 6057/4408/9055 
f 6058/4435/9056 6056/4475/9054 6055/4407/9053 6059/4407/9057 
f 6057/4408/9055 5340/4408/8338 5338/4407/8336 
f 6060/4434/9058 6055/4407/9053 5334/4405/8332 6053/4405/9051 
f 6055/4407/9053 5338/4407/8336 5334/4405/8332 
f 6053/4405/9051 6052/4474/9050 6060/4434/9058 
f 6059/4407/9057 6055/4407/9053 6060/4434/9058 6061/4434/9059 
f 6059/4407/9057 6062/4435/9060 6058/4435/9056 
f 6063/4476/9061 6064/4410/9062 5342/4409/8340 6065/4409/9063 
f 6065/4409/9063 6057/4408/9055 6066/4409/9064 6063/4476/9061 
f 6064/4410/9062 5346/4410/8344 5342/4409/8340 
f 6057/4408/9055 6065/4409/9063 5342/4409/8340 5340/4408/8338 
f 6057/4408/9055 6056/4475/9054 6066/4409/9064 
f 6067/4411/9065 5350/4412/8348 6068/4412/9066 6069/4477/9067 
f 6070/4412/9068 6071/4436/9069 6069/4477/9067 6068/4412/9066 
f 6067/4411/9065 5352/4411/8350 5350/4412/8348 
f 6064/4410/9062 6072/4437/9070 6068/4412/9066 5346/4410/8344 
f 6068/4412/9066 5350/4412/8348 5346/4410/8344 
f 6064/4410/9062 6063/4476/9061 6072/4437/9070 
f 6073/4437/9071 6070/4412/9068 6068/4412/9066 6072/4437/9070 
f 6070/4412/9068 6074/4436/9072 6071/4436/9069 
f 6075/4478/9073 6076/4413/9074 5355/4414/8353 6077/4414/9075 
f 6077/4414/9075 6067/4411/9065 6078/4414/9076 6075/4478/9073 
f 6076/4413/9074 5358/4413/8356 5355/4414/8353 
f 6077/4414/9075 5355/4414/8353 5352/4411/8350 6067/4411/9065 
f 6067/4411/9065 6069/4477/9067 6078/4414/9076 
f 6079/4415/9077 6080/4479/9078 6081/4416/9079 5362/4415/8360 
f 6079/4415/9077 6082/4415/9080 6083/4438/9081 6080/4479/9078 
f 6081/4416/9079 5364/4416/8362 5362/4415/8360 
f 6079/4415/9077 5358/4413/8356 6076/4413/9074 6084/4439/9082 
f 6079/4415/9077 5362/4415/8360 5358/4413/8356 
f 6076/4413/9074 6075/4478/9073 6084/4439/9082 
f 6084/4439/9082 6085/4439/9083 6082/4415/9080 6079/4415/9077 
f 6082/4415/9080 6086/4438/9084 6083/4438/9081 
f 6087/4480/9085 6088/4417/9086 5368/4418/8366 6089/4418/9087 
f 6090/4418/9088 6087/4480/9085 6089/4418/9087 6081/4416/9079 
f 6088/4417/9086 5370/4417/8368 5368/4418/8366 
f 6081/4416/9079 6089/4418/9087 5368/4418/8366 5364/4416/8362 
f 6081/4416/9079 6080/4479/9078 6090/4418/9088 
f 6091/4481/9089 6092/4420/9090 5372/4419/8370 6093/4419/9091 
f 6091/4481/9089 6093/4419/9091 6094/4419/9092 6095/4441/9093 
f 6092/4420/9090 5376/4420/8374 5372/4419/8370 
f 6093/4419/9091 5370/4417/8368 6088/4417/9086 6096/4440/9094 
f 6093/4419/9091 5372/4419/8370 5370/4417/8368 
f 6088/4417/9086 6087/4480/9085 6096/4440/9094 
f 6096/4440/9094 6097/4440/9095 6094/4419/9092 6093/4419/9091 
f 6094/4419/9092 6098/4441/9096 6095/4441/9093 
f 5986/4383/8984 5379/4421/8377 6099/4421/9097 5988/4463/8986 
f 6100/4421/9098 5988/4463/8986 6099/4421/9097 6092/4420/9090 
f 5986/4383/8984 5261/4383/8259 5379/4421/8377 
f 6092/4420/9090 6099/4421/9097 5379/4421/8377 5376/4420/8374 
f 6092/4420/9090 6091/4481/9089 6100/4421/9098 
f 6101/4422/9099 6102/4382/9100 5990/4423/8988 5985/4382/8983 
f 6103/4423/9101 5990/4423/8988 6102/4382/9100 5175/4382/8173 
f 5985/4382/8983 5989/4422/8987 6101/4422/9099 
f 6101/4422/9099 5179/4422/8177 5175/4382/8173 6102/4382/9100 
f 5175/4382/8173 5178/4423/8176 6103/4423/9101 
f 5998/4387/8996 6104/4425/9102 6105/4387/9103 6002/4424/9000 
f 6002/4424/9000 6105/4387/9103 5184/4387/8182 6106/4424/9104 
f 5998/4387/8996 6001/4425/8999 6104/4425/9102 
f 5184/4387/8182 6105/4387/9103 6104/4425/9102 5188/4425/8186 
f 5184/4387/8182 5187/4424/8185 6106/4424/9104 
f 6014/4426/9012 6010/4391/9008 6107/4427/9105 6108/4391/9106 
f 6108/4391/9106 5193/4391/8191 6109/4426/9107 6014/4426/9012 
f 6010/4391/9008 6013/4427/9011 6107/4427/9105 
f 6107/4427/9105 5197/4427/8195 5193/4391/8191 6108/4391/9106 
f 5193/4391/8191 5196/4426/8194 6109/4426/9107 
f 6110/4395/9108 6026/4429/9024 6023/4395/9021 6111/4428/9109 
f 6110/4395/9108 5203/4395/8201 6112/4429/9110 6026/4429/9024 
f 6023/4395/9021 6025/4428/9023 6111/4428/9109 
f 6111/4428/9109 5206/4428/8204 5203/4395/8201 6110/4395/9108 
f 5203/4395/8201 5205/4429/8203 6112/4429/9110 
f 6113/4399/9111 6038/4431/9036 6035/4399/9033 6114/4430/9112 
f 6113/4399/9111 5211/4399/8209 6115/4431/9113 6038/4431/9036 
f 6035/4399/9033 6037/4430/9035 6114/4430/9112 
f 6113/4399/9111 6114/4430/9112 5215/4430/8213 5211/4399/8209 
f 5211/4399/8209 5214/4431/8212 6115/4431/9113 
f 6116/4433/9114 6117/4403/9115 6050/4432/9048 6046/4403/9044 
f 6117/4403/9115 5220/4403/8218 6118/4432/9116 6050/4432/9048 
f 6046/4403/9044 6049/4433/9047 6116/4433/9114 
f 5220/4403/8218 6117/4403/9115 6116/4433/9114 5224/4433/8222 
f 5220/4403/8218 5223/4432/8221 6118/4432/9116 
f 6119/4407/9117 6062/4435/9060 6059/4407/9057 6120/4434/9118 
f 6062/4435/9060 6119/4407/9117 5229/4407/8227 6121/4435/9119 
f 6059/4407/9057 6061/4434/9059 6120/4434/9118 
f 5229/4407/8227 6119/4407/9117 6120/4434/9118 5233/4434/8231 
f 5229/4407/8227 5232/4435/8230 6121/4435/9119 
f 6070/4412/9068 6122/4437/9120 6123/4412/9121 6074/4436/9072 
f 6123/4412/9121 5238/4412/8236 6124/4436/9122 6074/4436/9072 
f 6070/4412/9068 6073/4437/9071 6122/4437/9120 
f 5238/4412/8236 6123/4412/9121 6122/4437/9120 5242/4437/8240 
f 5238/4412/8236 5241/4436/8239 6124/4436/9122 
f 6086/4438/9084 6082/4415/9080 6125/4439/9123 6126/4415/9124 
f 6086/4438/9084 6126/4415/9124 5248/4415/8246 6127/4438/9125 
f 6082/4415/9080 6085/4439/9083 6125/4439/9123 
f 6126/4415/9124 6125/4439/9123 5251/4439/8249 5248/4415/8246 
f 5248/4415/8246 5250/4438/8248 6127/4438/9125 
f 6128/4419/9126 6098/4441/9096 6094/4419/9092 6129/4440/9127 
f 6098/4441/9096 6128/4419/9126 5257/4419/8255 6130/4441/9128 
f 6094/4419/9092 6097/4440/9095 6129/4440/9127 
f 5257/4419/8255 6128/4419/9126 6129/4440/9127 5260/4440/8258 
f 5257/4419/8255 5259/4441/8257 6130/4441/9128 
f 6131/4343/9129 5643/4452/8641 5647/4366/8645 6132/4343/9130 
f 6133/4343/9131 5643/4452/8641 6131/4343/9129 5704/4341/8702 
f 5647/4366/8645 5649/4453/8647 6132/4343/9130 
f 6131/4343/9129 6132/4343/9130 5707/4442/8705 5704/4341/8702 
f 5704/4341/8702 5703/4443/8701 6133/4343/9131 
f 5653/4364/8651 6134/4343/9132 6135/4343/9133 5649/4453/8647 
f 6132/4343/9130 5649/4453/8647 6135/4343/9133 5710/4342/8708 
f 5653/4364/8651 5655/4454/8653 6134/4343/9132 
f 5710/4342/8708 6135/4343/9133 6134/4343/9132 5714/4444/8712 
f 5710/4342/8708 5707/4442/8705 6132/4343/9130 
f 6136/4343/9134 6137/4343/9135 5655/4454/8653 5659/4370/8657 
f 6134/4343/9132 5655/4454/8653 6137/4343/9135 5717/4349/8715 
f 5659/4370/8657 5661/4455/8659 6136/4343/9134 
f 5717/4349/8715 6137/4343/9135 6136/4343/9134 5720/4445/8718 
f 5717/4349/8715 5714/4444/8712 6134/4343/9132 
f 6138/4343/9136 5661/4455/8659 5665/4368/8663 6139/4343/9137 
f 6136/4343/9134 5661/4455/8659 6138/4343/9136 5724/4350/8722 
f 5665/4368/8663 5667/4456/8665 6139/4343/9137 
f 6139/4343/9137 5726/4446/8724 5724/4350/8722 6138/4343/9136 
f 5724/4350/8722 5720/4445/8718 6136/4343/9134 
f 6140/4343/9138 6141/4343/9139 5667/4456/8665 5671/4374/8669 
f 5667/4456/8665 6141/4343/9139 5729/4353/8727 6139/4343/9137 
f 5671/4374/8669 5673/4457/8671 6140/4343/9138 
f 5729/4353/8727 6141/4343/9139 6140/4343/9138 5732/4447/8730 
f 5729/4353/8727 5726/4446/8724 6139/4343/9137 
f 6142/4343/9140 6143/4343/9141 5673/4457/8671 5677/4372/8675 
f 6140/4343/9138 5673/4457/8671 6143/4343/9141 5735/4354/8733 
f 5677/4372/8675 5679/4458/8677 6142/4343/9140 
f 6143/4343/9141 6142/4343/9140 5738/4448/8736 5735/4354/8733 
f 5735/4354/8733 5732/4447/8730 6140/4343/9138 
f 5683/4378/8681 6144/4343/9142 6145/4343/9143 5679/4458/8677 
f 6145/4343/9143 5740/4357/8738 6142/4343/9140 5679/4458/8677 
f 5683/4378/8681 5685/4459/8683 6144/4343/9142 
f 5740/4357/8738 6145/4343/9143 6144/4343/9142 5744/4449/8742 
f 5740/4357/8738 5738/4448/8736 6142/4343/9140 
f 5689/4376/8687 6146/4343/9144 6147/4343/9145 5685/4459/8683 
f 6147/4343/9145 5746/4358/8744 6144/4343/9142 5685/4459/8683 
f 5689/4376/8687 5691/4460/8689 6146/4343/9144 
f 6146/4343/9144 5750/4450/8748 5746/4358/8744 6147/4343/9145 
f 5746/4358/8744 5744/4449/8742 6144/4343/9142 
f 6148/4343/9146 5691/4460/8689 5695/4345/8693 6149/4343/9147 
f 6146/4343/9144 5691/4460/8689 6148/4343/9146 5754/4362/8752 
f 5695/4345/8693 5697/4461/8695 6149/4343/9147 
f 6148/4343/9146 6149/4343/9147 5756/4451/8754 5754/4362/8752 
f 5754/4362/8752 5750/4450/8748 6146/4343/9144 
f 5700/4346/8698 6150/4343/9148 6151/4343/9149 5697/4461/8695 
f 6149/4343/9147 5697/4461/8695 6151/4343/9149 5760/4360/8758 
f 5700/4346/8698 5589/4443/8587 6150/4343/9148 
f 5760/4360/8758 6151/4343/9149 6150/4343/9148 5762/4452/8760 
f 5760/4360/8758 5756/4451/8754 6149/4343/9147 
f 5586/4341/8584 6152/4343/9150 6153/4343/9151 5589/4443/8587 
f 6150/4343/9148 5589/4443/8587 6153/4343/9151 5764/4366/8762 
f 5586/4341/8584 5588/4442/8586 6152/4343/9150 
f 6152/4343/9150 5768/4453/8766 5764/4366/8762 6153/4343/9151 
f 5764/4366/8762 5762/4452/8760 6150/4343/9148 
f 5593/4342/8591 6154/4343/9152 6155/4343/9153 5588/4442/8586 
f 6152/4343/9150 5588/4442/8586 6155/4343/9153 5771/4364/8769 
f 5593/4342/8591 5595/4444/8593 6154/4343/9152 
f 5771/4364/8769 6155/4343/9153 6154/4343/9152 5774/4454/8772 
f 5771/4364/8769 5768/4453/8766 6152/4343/9150 
f 6156/4343/9154 5595/4444/8593 5599/4349/8597 6157/4343/9155 
f 6154/4343/9152 5595/4444/8593 6156/4343/9154 5776/4370/8774 
f 5599/4349/8597 5601/4445/8599 6157/4343/9155 
f 5776/4370/8774 6156/4343/9154 6157/4343/9155 5780/4455/8778 
f 5776/4370/8774 5774/4454/8772 6154/4343/9152 
f 6158/4343/9156 5601/4445/8599 5605/4350/8603 6159/4343/9157 
f 6157/4343/9155 5601/4445/8599 6158/4343/9156 5782/4368/8780 
f 5605/4350/8603 5607/4446/8605 6159/4343/9157 
f 5782/4368/8780 6158/4343/9156 6159/4343/9157 5786/4456/8784 
f 5782/4368/8780 5780/4455/8778 6157/4343/9155 
f 5611/4353/8609 6160/4343/9158 6161/4343/9159 5607/4446/8605 
f 6159/4343/9157 5607/4446/8605 6161/4343/9159 5788/4374/8786 
f 5611/4353/8609 5613/4447/8611 6160/4343/9158 
f 5792/4457/8790 5788/4374/8786 6161/4343/9159 6160/4343/9158 
f 5788/4374/8786 5786/4456/8784 6159/4343/9157 
f 5617/4354/8615 6162/4343/9160 6163/4343/9161 5613/4447/8611 
f 6160/4343/9158 5613/4447/8611 6163/4343/9161 5794/4372/8792 
f 5617/4354/8615 5619/4448/8617 6162/4343/9160 
f 6163/4343/9161 6162/4343/9160 5798/4458/8796 5794/4372/8792 
f 5794/4372/8792 5792/4457/8790 6160/4343/9158 
f 5623/4357/8621 6164/4343/9162 6165/4343/9163 5619/4448/8617 
f 6162/4343/9160 5619/4448/8617 6165/4343/9163 5802/4378/8800 
f 5623/4357/8621 5625/4449/8623 6164/4343/9162 
f 6164/4343/9162 5804/4459/8802 5802/4378/8800 6165/4343/9163 
f 5802/4378/8800 5798/4458/8796 6162/4343/9160 
f 5629/4358/8627 6166/4343/9164 6167/4343/9165 5625/4449/8623 
f 6164/4343/9162 5625/4449/8623 6167/4343/9165 5808/4376/8806 
f 5629/4358/8627 5631/4450/8629 6166/4343/9164 
f 5808/4376/8806 6167/4343/9165 6166/4343/9164 5810/4460/8808 
f 5808/4376/8806 5804/4459/8802 6164/4343/9162 
f 5635/4362/8633 6168/4343/9166 6169/4343/9167 5631/4450/8629 
f 5631/4450/8629 6169/4343/9167 5814/4345/8812 6166/4343/9164 
f 5635/4362/8633 5637/4451/8635 6168/4343/9166 
f 6169/4343/9167 6168/4343/9166 5816/4461/8814 5814/4345/8812 
f 5814/4345/8812 5810/4460/8808 6166/4343/9164 
f 5641/4360/8639 6133/4343/9131 6170/4343/9168 5637/4451/8635 
f 6168/4343/9166 5637/4451/8635 6170/4343/9168 5819/4346/8817 
f 5641/4360/8639 5643/4452/8641 6133/4343/9131 
f 5703/4443/8701 5819/4346/8817 6170/4343/9168 6133/4343/9131 
f 5819/4346/8817 5816/4461/8814 6168/4343/9166 
f 6171/4384/9169 6172/4423/9170 6173/4382/9171 5058/4384/8056 
f 6174/4383/9172 5055/4382/8053 5058/4384/8056 6173/4382/9171 
f 6171/4384/9169 6175/4462/9173 6172/4423/9170 
f 6176/4422/9174 6173/4382/9171 5177/4423/8175 5173/4382/8171 
f 6173/4382/9171 6172/4423/9170 5177/4423/8175 
f 5173/4382/8171 5172/4422/8170 6176/4422/9174 
f 6174/4383/9172 6173/4382/9171 6176/4422/9174 6177/4463/9175 
f 6174/4383/9172 5059/4383/8057 5055/4382/8053 
f 6178/4385/9176 5065/4386/8063 6179/4386/9177 6180/4385/9178 
f 6171/4384/9169 5063/4385/8061 5065/4386/8063 6178/4385/9176 
f 6179/4386/9177 6181/4464/9179 6180/4385/9178 
f 6175/4462/9173 6171/4384/9169 6178/4385/9176 6180/4385/9178 
f 6171/4384/9169 5058/4384/8056 5063/4385/8061 
f 6182/4424/9180 6183/4387/9181 5071/4388/8069 6184/4388/9182 
f 6179/4386/9177 5069/4387/8067 5071/4388/8069 6183/4387/9181 
f 6184/4388/9182 6185/4465/9183 6182/4424/9180 
f 5183/4387/8181 6186/4425/9184 6183/4387/9181 5186/4424/8184 
f 6183/4387/9181 6182/4424/9180 5186/4424/8184 
f 5183/4387/8181 5182/4425/8180 6186/4425/9184 
f 6186/4425/9184 6181/4464/9179 6179/4386/9177 6183/4387/9181 
f 6179/4386/9177 5065/4386/8063 5069/4387/8067 
f 6187/4389/9185 6188/4389/9186 5077/4390/8075 6189/4390/9187 
f 6188/4389/9186 6184/4388/9182 5075/4389/8073 5077/4390/8075 
f 6189/4390/9187 6190/4466/9188 6187/4389/9185 
f 6184/4388/9182 6188/4389/9186 6187/4389/9185 6185/4465/9183 
f 6184/4388/9182 5071/4388/8069 5075/4389/8073 
f 6191/4426/9189 6192/4391/9190 5083/4392/8081 6193/4392/9191 
f 6189/4390/9187 5081/4391/8079 5083/4392/8081 6192/4391/9190 
f 6193/4392/9191 6194/4467/9192 6191/4426/9189 
f 5192/4391/8190 6195/4427/9193 6192/4391/9190 5195/4426/8193 
f 6192/4391/9190 6191/4426/9189 5195/4426/8193 
f 5192/4391/8190 5191/4427/8189 6195/4427/9193 
f 6192/4391/9190 6195/4427/9193 6190/4466/9188 6189/4390/9187 
f 6189/4390/9187 5077/4390/8075 5081/4391/8079 
f 6196/4393/9194 5089/4394/8087 6197/4394/9195 6198/4393/9196 
f 6193/4392/9191 5087/4393/8085 5089/4394/8087 6196/4393/9194 
f 6197/4394/9195 6199/4468/9197 6198/4393/9196 
f 6196/4393/9194 6198/4393/9196 6194/4467/9192 6193/4392/9191 
f 6193/4392/9191 5083/4392/8081 5087/4393/8085 
f 6200/4395/9198 5095/4396/8093 6201/4396/9199 6202/4429/9200 
f 6197/4394/9195 5093/4395/8091 5095/4396/8093 6200/4395/9198 
f 6201/4396/9199 6203/4469/9201 6202/4429/9200 
f 6200/4395/9198 5204/4429/8202 5200/4395/8198 6204/4428/9202 
f 6200/4395/9198 6202/4429/9200 5204/4429/8202 
f 5200/4395/8198 5199/4428/8197 6204/4428/9202 
f 6199/4468/9197 6197/4394/9195 6200/4395/9198 6204/4428/9202 
f 6197/4394/9195 5089/4394/8087 5093/4395/8091 
f 6205/4398/9203 6206/4398/9204 5101/4397/8099 6207/4397/9205 
f 5099/4398/8097 5101/4397/8099 6206/4398/9204 6201/4396/9199 
f 6207/4397/9205 6208/4470/9206 6205/4398/9203 
f 6206/4398/9204 6205/4398/9203 6203/4469/9201 6201/4396/9199 
f 6201/4396/9199 5095/4396/8093 5099/4398/8097 
f 6209/4399/9207 5107/4400/8105 6210/4400/9208 6211/4431/9209 
f 6207/4397/9205 5105/4399/8103 5107/4400/8105 6209/4399/9207 
f 6210/4400/9208 6212/4471/9210 6211/4431/9209 
f 5208/4399/8206 6213/4430/9211 6209/4399/9207 5213/4431/8211 
f 6209/4399/9207 6211/4431/9209 5213/4431/8211 
f 5208/4399/8206 5207/4430/8205 6213/4430/9211 
f 6208/4470/9206 6207/4397/9205 6209/4399/9207 6213/4430/9211 
f 6207/4397/9205 5101/4397/8099 5105/4399/8103 
f 6214/4402/9212 6215/4402/9213 5113/4401/8111 6216/4401/9214 
f 6210/4400/9208 5111/4402/8109 5113/4401/8111 6215/4402/9213 
f 6216/4401/9214 6217/4472/9215 6214/4402/9212 
f 6212/4471/9210 6210/4400/9208 6215/4402/9213 6214/4402/9212 
f 6210/4400/9208 5107/4400/8105 5111/4402/8109 
f 6218/4404/9216 6219/4432/9217 6220/4403/9218 5119/4404/8117 
f 6216/4401/9214 5117/4403/8115 5119/4404/8117 6220/4403/9218 
f 6218/4404/9216 6221/4473/9219 6219/4432/9217 
f 6220/4403/9218 5222/4432/8220 5219/4403/8217 6222/4433/9220 
f 6220/4403/9218 6219/4432/9217 5222/4432/8220 
f 5219/4403/8217 5218/4433/8216 6222/4433/9220 
f 6220/4403/9218 6222/4433/9220 6217/4472/9215 6216/4401/9214 
f 6216/4401/9214 5113/4401/8111 5117/4403/8115 
f 6223/4405/9221 6224/4406/9222 6225/4406/9223 5125/4405/8123 
f 6218/4404/9216 5123/4406/8121 5125/4405/8123 6225/4406/9223 
f 6223/4405/9221 6226/4474/9224 6224/4406/9222 
f 6224/4406/9222 6221/4473/9219 6218/4404/9216 6225/4406/9223 
f 6218/4404/9216 5119/4404/8117 5123/4406/8121 
f 6227/4408/9225 6228/4435/9226 6229/4407/9227 5131/4408/8129 
f 6229/4407/9227 6223/4405/9221 5129/4407/8127 5131/4408/8129 
f 6227/4408/9225 6230/4475/9228 6228/4435/9226 
f 5226/4407/8224 6231/4434/9229 6229/4407/9227 5231/4435/8229 
f 6229/4407/9227 6228/4435/9226 5231/4435/8229 
f 5226/4407/8224 5225/4434/8223 6231/4434/9229 
f 6223/4405/9221 6229/4407/9227 6231/4434/9229 6226/4474/9224 
f 6223/4405/9221 5125/4405/8123 5129/4407/8127 
f 6232/4409/9230 6233/4409/9231 5137/4410/8135 6234/4410/9232 
f 6233/4409/9231 6227/4408/9225 5135/4409/8133 5137/4410/8135 
f 6234/4410/9232 6235/4476/9233 6232/4409/9230 
f 6232/4409/9230 6230/4475/9228 6227/4408/9225 6233/4409/9231 
f 6227/4408/9225 5131/4408/8129 5135/4409/8133 
f 6236/4412/9234 5143/4411/8141 6237/4411/9235 6238/4436/9236 
f 6234/4410/9232 5141/4412/8139 5143/4411/8141 6236/4412/9234 
f 6237/4411/9235 6239/4477/9237 6238/4436/9236 
f 6236/4412/9234 5240/4436/8238 5237/4412/8235 6240/4437/9238 
f 6236/4412/9234 6238/4436/9236 5240/4436/8238 
f 5237/4412/8235 5236/4437/8234 6240/4437/9238 
f 6234/4410/9232 6236/4412/9234 6240/4437/9238 6235/4476/9233 
f 6234/4410/9232 5137/4410/8135 5141/4412/8139 
f 6241/4414/9239 5149/4413/8147 6242/4413/9240 6243/4414/9241 
f 6237/4411/9235 5147/4414/8145 5149/4413/8147 6241/4414/9239 
f 6242/4413/9240 6244/4478/9242 6243/4414/9241 
f 6243/4414/9241 6239/4477/9237 6237/4411/9235 6241/4414/9239 
f 6237/4411/9235 5143/4411/8141 5147/4414/8145 
f 6245/4416/9243 6246/4438/9244 6247/4415/9245 5155/4416/8153 
f 5153/4415/8151 5155/4416/8153 6247/4415/9245 6242/4413/9240 
f 6245/4416/9243 6248/4479/9246 6246/4438/9244 
f 5246/4415/8244 6249/4439/9247 6247/4415/9245 5249/4438/8247 
f 6247/4415/9245 6246/4438/9244 5249/4438/8247 
f 5246/4415/8244 5245/4439/8243 6249/4439/9247 
f 6242/4413/9240 6247/4415/9245 6249/4439/9247 6244/4478/9242 
f 6242/4413/9240 5149/4413/8147 5153/4415/8151 
f 6250/4418/9248 6251/4418/9249 5161/4417/8159 6252/4417/9250 
f 6251/4418/9249 6245/4416/9243 5159/4418/8157 5161/4417/8159 
f 6252/4417/9250 6253/4480/9251 6250/4418/9248 
f 6248/4479/9246 6245/4416/9243 6251/4418/9249 6250/4418/9248 
f 6245/4416/9243 5155/4416/8153 5159/4418/8157 
f 6254/4419/9252 5167/4420/8165 6255/4420/9253 6256/4441/9254 
f 5167/4420/8165 6254/4419/9252 6252/4417/9250 5165/4419/8163 
f 6255/4420/9253 6257/4481/9255 6256/4441/9254 
f 5258/4441/8256 5253/4419/8251 6258/4440/9256 6254/4419/9252 
f 6254/4419/9252 6256/4441/9254 5258/4441/8256 
f 5253/4419/8251 5252/4440/8250 6258/4440/9256 
f 6253/4480/9251 6252/4417/9250 6254/4419/9252 6258/4440/9256 
f 6252/4417/9250 5161/4417/8159 5165/4419/8163 
f 6259/4421/9257 5059/4383/8057 6174/4383/9172 6260/4421/9258 
f 5059/4383/8057 6259/4421/9257 6255/4420/9253 5170/4421/8168 
f 6174/4383/9172 6177/4463/9175 6260/4421/9258 
f 6257/4481/9255 6255/4420/9253 6259/4421/9257 6260/4421/9258 
f 6255/4420/9253 5167/4420/8165 5170/4421/8168 
f 6261/4382/9259 5584/4383/8582 6262/4383/9260 6263/4382/9261 
f 6261/4382/9259 6264/4384/9262 5581/4382/8579 5584/4383/8582 
f 6262/4383/9260 6265/4383/9263 6263/4382/9261 
f 6264/4384/9262 6261/4382/9259 6263/4382/9261 6266/4384/9264 
f 6264/4384/9262 5587/4384/8585 5581/4382/8579 
f 6267/4385/9265 6268/4385/9266 5587/4384/8585 6264/4384/9262 
f 6269/4386/9267 5591/4385/8589 5587/4384/8585 6268/4385/9266 
f 6264/4384/9262 6266/4384/9264 6267/4385/9265 
f 6269/4386/9267 6268/4385/9266 6267/4385/9265 6270/4386/9268 
f 6269/4386/9267 5594/4386/8592 5591/4385/8589 
f 6271/4387/9269 5594/4386/8592 6269/4386/9267 6272/4387/9270 
f 5597/4387/8595 5594/4386/8592 6271/4387/9269 6273/4388/9271 
f 6269/4386/9267 6270/4386/9268 6272/4387/9270 
f 6272/4387/9270 6274/4388/9272 6273/4388/9271 6271/4387/9269 
f 6273/4388/9271 5600/4388/8598 5597/4387/8595 
f 6273/4388/9271 6275/4389/9273 6276/4389/9274 5600/4388/8598 
f 6277/4390/9275 5602/4389/8600 5600/4388/8598 6276/4389/9274 
f 6273/4388/9271 6274/4388/9272 6275/4389/9273 
f 6278/4390/9276 6277/4390/9275 6276/4389/9274 6275/4389/9273 
f 6277/4390/9275 5606/4390/8604 5602/4389/8600 
f 6279/4391/9277 5606/4390/8604 6277/4390/9275 6280/4391/9278 
f 6281/4392/9279 5608/4391/8606 5606/4390/8604 6279/4391/9277 
f 6277/4390/9275 6278/4390/9276 6280/4391/9278 
f 6279/4391/9277 6280/4391/9278 6282/4392/9280 6281/4392/9279 
f 6281/4392/9279 5612/4392/8610 5608/4391/8606 
f 6283/4393/9281 5612/4392/8610 6281/4392/9279 6284/4393/9282 
f 5615/4393/8613 5612/4392/8610 6283/4393/9281 6285/4394/9283 
f 6281/4392/9279 6282/4392/9280 6284/4393/9282 
f 6284/4393/9282 6286/4394/9284 6285/4394/9283 6283/4393/9281 
f 6285/4394/9283 5618/4394/8616 5615/4393/8613 
f 6287/4395/9285 5618/4394/8616 6285/4394/9283 6288/4395/9286 
f 6289/4396/9287 5620/4395/8618 5618/4394/8616 6287/4395/9285 
f 6285/4394/9283 6286/4394/9284 6288/4395/9286 
f 6287/4395/9285 6288/4395/9286 6290/4396/9288 6289/4396/9287 
f 6289/4396/9287 5624/4396/8622 5620/4395/8618 
f 6289/4396/9287 6291/4398/9289 6292/4398/9290 5624/4396/8622 
f 6293/4397/9291 5628/4398/8626 5624/4396/8622 6292/4398/9290 
f 6289/4396/9287 6290/4396/9288 6291/4398/9289 
f 6291/4398/9289 6294/4397/9292 6293/4397/9291 6292/4398/9290 
f 6293/4397/9291 5630/4397/8628 5628/4398/8626 
f 6293/4397/9291 6295/4399/9293 6296/4399/9294 5630/4397/8628 
f 6297/4400/9295 5632/4399/8630 5630/4397/8628 6296/4399/9294 
f 6293/4397/9291 6294/4397/9292 6295/4399/9293 
f 6298/4400/9296 6297/4400/9295 6296/4399/9294 6295/4399/9293 
f 6297/4400/9295 5636/4400/8634 5632/4399/8630 
f 6299/4402/9297 5636/4400/8634 6297/4400/9295 6300/4402/9298 
f 6299/4402/9297 6301/4401/9299 5638/4402/8636 5636/4400/8634 
f 6297/4400/9295 6298/4400/9296 6300/4402/9298 
f 6299/4402/9297 6300/4402/9298 6302/4401/9300 6301/4401/9299 
f 6301/4401/9299 5642/4401/8640 5638/4402/8636 
f 6303/4403/9301 6304/4403/9302 5642/4401/8640 6301/4401/9299 
f 6305/4404/9303 5645/4403/8643 5642/4401/8640 6304/4403/9302 
f 6301/4401/9299 6302/4401/9300 6303/4403/9301 
f 6305/4404/9303 6304/4403/9302 6303/4403/9301 6306/4404/9304 
f 6305/4404/9303 5648/4404/8646 5645/4403/8643 
f 6305/4404/9303 6307/4406/9305 6308/4406/9306 5648/4404/8646 
f 5648/4404/8646 6308/4406/9306 6309/4405/9307 5652/4406/8650 
f 6305/4404/9303 6306/4404/9304 6307/4406/9305 
f 6309/4405/9307 6308/4406/9306 6307/4406/9305 6310/4405/9308 
f 6309/4405/9307 5654/4405/8652 5652/4406/8650 
f 6311/4407/9309 5654/4405/8652 6309/4405/9307 6312/4407/9310 
f 6313/4408/9311 5657/4407/8655 5654/4405/8652 6311/4407/9309 
f 6309/4405/9307 6310/4405/9308 6312/4407/9310 
f 6314/4408/9312 6313/4408/9311 6311/4407/9309 6312/4407/9310 
f 6313/4408/9311 5660/4408/8658 5657/4407/8655 
f 6315/4409/9313 5660/4408/8658 6313/4408/9311 6316/4409/9314 
f 6317/4410/9315 5664/4409/8662 5660/4408/8658 6315/4409/9313 
f 6313/4408/9311 6314/4408/9312 6316/4409/9314 
f 6318/4410/9316 6317/4410/9315 6315/4409/9313 6316/4409/9314 
f 6317/4410/9315 5666/4410/8664 5664/4409/8662 
f 6319/4412/9317 5666/4410/8664 6317/4410/9315 6320/4412/9318 
f 6321/4411/9319 5669/4412/8667 5666/4410/8664 6319/4412/9317 
f 6317/4410/9315 6318/4410/9316 6320/4412/9318 
f 6319/4412/9317 6320/4412/9318 6322/4411/9320 6321/4411/9319 
f 6321/4411/9319 5672/4411/8670 5669/4412/8667 
f 6323/4414/9321 5672/4411/8670 6321/4411/9319 6324/4414/9322 
f 6325/4413/9323 5675/4414/8673 5672/4411/8670 6323/4414/9321 
f 6321/4411/9319 6322/4411/9320 6324/4414/9322 
f 6323/4414/9321 6324/4414/9322 6326/4413/9324 6325/4413/9323 
f 6325/4413/9323 5678/4413/8676 5675/4414/8673 
f 6325/4413/9323 6327/4415/9325 6328/4415/9326 5678/4413/8676 
f 6329/4416/9327 5680/4415/8678 5678/4413/8676 6328/4415/9326 
f 6325/4413/9323 6326/4413/9324 6327/4415/9325 
f 6330/4416/9328 6329/4416/9327 6328/4415/9326 6327/4415/9325 
f 6329/4416/9327 5684/4416/8682 5680/4415/8678 
f 6331/4418/9329 5684/4416/8682 6329/4416/9327 6332/4418/9330 
f 5688/4418/8686 5684/4416/8682 6331/4418/9329 6333/4417/9331 
f 6329/4416/9327 6330/4416/9328 6332/4418/9330 
f 6331/4418/9329 6332/4418/9330 6334/4417/9332 6333/4417/9331 
f 6333/4417/9331 5690/4417/8688 5688/4418/8686 
f 6335/4419/9333 5690/4417/8688 6333/4417/9331 6336/4419/9334 
f 6337/4420/9335 5694/4419/8692 5690/4417/8688 6335/4419/9333 
f 6333/4417/9331 6334/4417/9332 6336/4419/9334 
f 6338/4420/9336 6337/4420/9335 6335/4419/9333 6336/4419/9334 
f 6337/4420/9335 5696/4420/8694 5694/4419/8692 
f 6339/4421/9337 5696/4420/8694 6337/4420/9335 6340/4421/9338 
f 5699/4421/8697 5696/4420/8694 6339/4421/9337 6262/4383/9260 
f 6337/4420/9335 6338/4420/9336 6340/4421/9338 
f 6262/4383/9260 6339/4421/9337 6340/4421/9338 6265/4383/9263 
f 6262/4383/9260 5584/4383/8582 5699/4421/8697 
f 5705/4382/8703 6341/4384/9339 6342/4382/9340 5709/4383/8707 
f 6343/4383/9341 5709/4383/8707 6342/4382/9340 4770/4341/7775 
f 5705/4382/8703 5708/4384/8706 6341/4384/9339 
f 4770/4341/7775 6342/4382/9340 6341/4384/9339 4776/4347/7781 
f 4770/4341/7775 4773/4344/7778 6343/4383/9341 
f 5713/4385/8711 6344/4386/9342 6345/4385/9343 5708/4384/8706 
f 6341/4384/9339 5708/4384/8706 6345/4385/9343 4771/4342/7776 
f 5713/4385/8711 5715/4386/8713 6344/4386/9342 
f 4771/4342/7776 6345/4385/9343 6344/4386/9342 4777/4348/7782 
f 4771/4342/7776 4776/4347/7781 6341/4384/9339 
f 5719/4387/8717 6346/4388/9344 6347/4387/9345 5715/4386/8713 
f 6344/4386/9342 5715/4386/8713 6347/4387/9345 4778/4349/7783 
f 5719/4387/8717 5721/4388/8719 6346/4388/9344 
f 6346/4388/9344 4780/4351/7781 4778/4349/7783 6347/4387/9345 
f 4778/4349/7783 4777/4348/7782 6344/4386/9342 
f 5721/4388/8719 5725/4389/8723 6348/4390/9346 6349/4389/9347 
f 6346/4388/9344 5721/4388/8719 6349/4389/9347 4779/4350/7784 
f 5725/4389/8723 5727/4390/8725 6348/4390/9346 
f 6348/4390/9346 4781/4352/7785 4779/4350/7784 6349/4389/9347 
f 4779/4350/7784 4780/4351/7781 6346/4388/9344 
f 5731/4391/8729 6350/4392/9348 6351/4391/9349 5727/4390/8725 
f 6348/4390/9346 5727/4390/8725 6351/4391/9349 4782/4353/7786 
f 5731/4391/8729 5733/4392/8731 6350/4392/9348 
f 4782/4353/7786 6351/4391/9349 6350/4392/9348 4784/4355/7781 
f 4782/4353/7786 4781/4352/7785 6348/4390/9346 
f 6352/4393/9350 5733/4392/8731 5737/4393/8735 6353/4394/9351 
f 6350/4392/9348 5733/4392/8731 6352/4393/9350 4783/4354/7787 
f 5737/4393/8735 5739/4394/8737 6353/4394/9351 
f 4783/4354/7787 6352/4393/9350 6353/4394/9351 4785/4356/7788 
f 4783/4354/7787 4784/4355/7781 6350/4392/9348 
f 6354/4395/9352 5739/4394/8737 5743/4395/8741 6355/4396/9353 
f 6353/4394/9351 5739/4394/8737 6354/4395/9352 4786/4357/7789 
f 5743/4395/8741 5745/4396/8743 6355/4396/9353 
f 4786/4357/7789 6354/4395/9352 6355/4396/9353 4788/4359/7781 
f 4786/4357/7789 4785/4356/7788 6353/4394/9351 
f 5749/4398/8747 6356/4397/9354 6357/4398/9355 5745/4396/8743 
f 6355/4396/9353 5745/4396/8743 6357/4398/9355 4787/4358/7790 
f 5749/4398/8747 5751/4397/8749 6356/4397/9354 
f 6356/4397/9354 4790/4361/7792 4787/4358/7790 6357/4398/9355 
f 4787/4358/7790 4788/4359/7781 6355/4396/9353 
f 5755/4399/8753 6358/4400/9356 6359/4399/9357 5751/4397/8749 
f 6356/4397/9354 5751/4397/8749 6359/4399/9357 4791/4362/7793 
f 5755/4399/8753 5757/4400/8755 6358/4400/9356 
f 6358/4400/9356 4792/4363/7781 4791/4362/7793 6359/4399/9357 
f 4791/4362/7793 4790/4361/7792 6356/4397/9354 
f 5761/4402/8759 6360/4401/9358 6361/4402/9359 5757/4400/8755 
f 6358/4400/9356 5757/4400/8755 6361/4402/9359 4789/4360/7791 
f 5761/4402/8759 5763/4401/8761 6360/4401/9358 
f 4794/4365/7795 4789/4360/7791 6361/4402/9359 6360/4401/9358 
f 4789/4360/7791 4792/4363/7781 6358/4400/9356 
f 5767/4403/8765 6362/4404/9360 6363/4403/9361 5763/4401/8761 
f 6360/4401/9358 5763/4401/8761 6363/4403/9361 4795/4366/7796 
f 5767/4403/8765 5769/4404/8767 6362/4404/9360 
f 4795/4366/7796 6363/4403/9361 6362/4404/9360 4796/4367/7797 
f 4795/4366/7796 4794/4365/7795 6360/4401/9358 
f 5773/4406/8771 6364/4405/9362 6365/4406/9363 5769/4404/8767 
f 6362/4404/9360 5769/4404/8767 6365/4406/9363 4793/4364/7794 
f 5773/4406/8771 5775/4405/8773 6364/4405/9362 
f 6365/4406/9363 6364/4405/9362 4798/4369/7799 4793/4364/7794 
f 4793/4364/7794 4796/4367/7797 6362/4404/9360 
f 5779/4407/8777 6366/4408/9364 6367/4407/9365 5775/4405/8773 
f 5775/4405/8773 6367/4407/9365 4799/4370/7800 6364/4405/9362 
f 5779/4407/8777 5781/4408/8779 6366/4408/9364 
f 4799/4370/7800 6367/4407/9365 6366/4408/9364 4800/4371/7781 
f 4799/4370/7800 4798/4369/7799 6364/4405/9362 
f 5785/4409/8783 6368/4410/9366 6369/4409/9367 5781/4408/8779 
f 6366/4408/9364 5781/4408/8779 6369/4409/9367 4797/4368/7798 
f 5785/4409/8783 5787/4410/8785 6368/4410/9366 
f 4797/4368/7798 6369/4409/9367 6368/4410/9366 4802/4373/7802 
f 4797/4368/7798 4800/4371/7781 6366/4408/9364 
f 5791/4412/8789 6370/4411/9368 6371/4412/9369 5787/4410/8785 
f 6368/4410/9366 5787/4410/8785 6371/4412/9369 4803/4374/7803 
f 5791/4412/8789 5793/4411/8791 6370/4411/9368 
f 6371/4412/9369 6370/4411/9368 4804/4375/7781 4803/4374/7803 
f 4803/4374/7803 4802/4373/7802 6368/4410/9366 
f 6372/4414/9370 5793/4411/8791 5797/4414/8795 6373/4413/9371 
f 6370/4411/9368 5793/4411/8791 6372/4414/9370 4801/4372/7801 
f 5797/4414/8795 5799/4413/8797 6373/4413/9371 
f 6373/4413/9371 4806/4377/7805 4801/4372/7801 6372/4414/9370 
f 4801/4372/7801 4804/4375/7781 6370/4411/9368 
f 5803/4415/8801 6374/4416/9372 6375/4415/9373 5799/4413/8797 
f 6373/4413/9371 5799/4413/8797 6375/4415/9373 4807/4378/7806 
f 5803/4415/8801 5805/4416/8803 6374/4416/9372 
f 6374/4416/9372 4808/4379/7807 4807/4378/7806 6375/4415/9373 
f 4807/4378/7806 4806/4377/7805 6373/4413/9371 
f 6376/4418/9374 5805/4416/8803 5809/4418/8807 6377/4417/9375 
f 6374/4416/9372 5805/4416/8803 6376/4418/9374 4805/4376/7804 
f 5809/4418/8807 5811/4417/8809 6377/4417/9375 
f 4805/4376/7804 6376/4418/9374 6377/4417/9375 4809/4380/7808 
f 4805/4376/7804 4808/4379/7807 6374/4416/9372 
f 5815/4419/8813 6378/4420/9376 6379/4419/9377 5811/4417/8809 
f 6377/4417/9375 5811/4417/8809 6379/4419/9377 4774/4345/7779 
f 5815/4419/8813 5817/4420/8815 6378/4420/9376 
f 4774/4345/7779 6379/4419/9377 6378/4420/9376 4810/4381/7797 
f 4774/4345/7779 4809/4380/7808 6377/4417/9375 
f 5820/4421/8818 6343/4383/9341 6380/4421/9378 5817/4420/8815 
f 6378/4420/9376 5817/4420/8815 6380/4421/9378 4775/4346/7780 
f 5820/4421/8818 5709/4383/8707 6343/4383/9341 
f 4775/4346/7780 6380/4421/9378 6343/4383/9341 4773/4344/7778 
f 4775/4346/7780 4810/4381/7797 6378/4420/9376 
f 5265/4382/8263 6381/4382/9379 5383/4383/8381 6382/4383/9380 
f 6383/4384/9381 5384/4382/8382 5383/4383/8381 6381/4382/9379 
f 6382/4383/9380 5269/4383/8267 5265/4382/8263 
f 6383/4384/9381 6381/4382/9379 5265/4382/8263 5268/4384/8266 
f 6383/4384/9381 5387/4384/8385 5384/4382/8382 
f 6384/4385/9382 5387/4384/8385 6383/4384/9381 5273/4385/8271 
f 5391/4385/8389 5387/4384/8385 6384/4385/9382 6385/4386/9383 
f 6383/4384/9381 5268/4384/8266 5273/4385/8271 
f 6385/4386/9383 6384/4385/9382 5273/4385/8271 5275/4386/8273 
f 6385/4386/9383 5394/4386/8392 5391/4385/8389 
f 6386/4387/9384 5394/4386/8392 6385/4386/9383 5279/4387/8277 
f 5396/4387/8394 5394/4386/8392 6386/4387/9384 6387/4388/9385 
f 6385/4386/9383 5275/4386/8273 5279/4387/8277 
f 5281/4388/8279 6387/4388/9385 6386/4387/9384 5279/4387/8277 
f 6387/4388/9385 5400/4388/8398 5396/4387/8394 
f 5285/4389/8283 6388/4389/9386 5400/4388/8398 6387/4388/9385 
f 6389/4390/9387 5402/4389/8400 5400/4388/8398 6388/4389/9386 
f 6387/4388/9385 5281/4388/8279 5285/4389/8283 
f 5287/4390/8285 6389/4390/9387 6388/4389/9386 5285/4389/8283 
f 6389/4390/9387 5406/4390/8404 5402/4389/8400 
f 5291/4391/8289 6390/4391/9388 5406/4390/8404 6389/4390/9387 
f 5410/4391/8408 5406/4390/8404 6390/4391/9388 6391/4392/9389 
f 6389/4390/9387 5287/4390/8285 5291/4391/8289 
f 6391/4392/9389 6390/4391/9388 5291/4391/8289 5293/4392/8291 
f 6391/4392/9389 5412/4392/8410 5410/4391/8408 
f 5297/4393/8295 6392/4393/9390 5412/4392/8410 6391/4392/9389 
f 5414/4393/8412 5412/4392/8410 6392/4393/9390 6393/4394/9391 
f 6391/4392/9389 5293/4392/8291 5297/4393/8295 
f 6393/4394/9391 6392/4393/9390 5297/4393/8295 5299/4394/8297 
f 6393/4394/9391 5418/4394/8416 5414/4393/8412 
f 6394/4395/9392 5418/4394/8416 6393/4394/9391 5303/4395/8301 
f 6395/4396/9393 5422/4395/8420 5418/4394/8416 6394/4395/9392 
f 6393/4394/9391 5299/4394/8297 5303/4395/8301 
f 6395/4396/9393 6394/4395/9392 5303/4395/8301 5305/4396/8303 
f 6395/4396/9393 5424/4396/8422 5422/4395/8420 
f 5309/4398/8307 6396/4398/9394 5424/4396/8422 6395/4396/9393 
f 5424/4396/8422 6396/4398/9394 6397/4397/9395 5428/4398/8426 
f 6395/4396/9393 5305/4396/8303 5309/4398/8307 
f 6397/4397/9395 6396/4398/9394 5309/4398/8307 5311/4397/8309 
f 6397/4397/9395 5430/4397/8428 5428/4398/8426 
f 5315/4399/8313 6398/4399/9396 5430/4397/8428 6397/4397/9395 
f 6399/4400/9397 5432/4399/8430 5430/4397/8428 6398/4399/9396 
f 6397/4397/9395 5311/4397/8309 5315/4399/8313 
f 6399/4400/9397 6398/4399/9396 5315/4399/8313 5317/4400/8315 
f 6399/4400/9397 5436/4400/8434 5432/4399/8430 
f 5321/4402/8319 6400/4402/9398 5436/4400/8434 6399/4400/9397 
f 5440/4402/8438 5436/4400/8434 6400/4402/9398 6401/4401/9399 
f 6399/4400/9397 5317/4400/8315 5321/4402/8319 
f 5323/4401/8321 6401/4401/9399 6400/4402/9398 5321/4402/8319 
f 6401/4401/9399 5442/4401/8440 5440/4402/8438 
f 5327/4403/8325 6402/4403/9400 5442/4401/8440 6401/4401/9399 
f 6403/4404/9401 5444/4403/8442 5442/4401/8440 6402/4403/9400 
f 6401/4401/9399 5323/4401/8321 5327/4403/8325 
f 6403/4404/9401 6402/4403/9400 5327/4403/8325 5329/4404/8327 
f 6403/4404/9401 5448/4404/8446 5444/4403/8442 
f 6404/4406/9402 5448/4404/8446 6403/4404/9401 5333/4406/8331 
f 6405/4405/9403 5452/4406/8450 5448/4404/8446 6404/4406/9402 
f 6403/4404/9401 5329/4404/8327 5333/4406/8331 
f 6405/4405/9403 6404/4406/9402 5333/4406/8331 5335/4405/8333 
f 6405/4405/9403 5454/4405/8452 5452/4406/8450 
f 5339/4407/8337 6406/4407/9404 5454/4405/8452 6405/4405/9403 
f 6407/4408/9405 5457/4407/8455 5454/4405/8452 6406/4407/9404 
f 6405/4405/9403 5335/4405/8333 5339/4407/8337 
f 6406/4407/9404 5339/4407/8337 5341/4408/8339 6407/4408/9405 
f 6407/4408/9405 5460/4408/8458 5457/4407/8455 
f 5345/4409/8343 6408/4409/9406 5460/4408/8458 6407/4408/9405 
f 6409/4410/9407 5462/4409/8460 5460/4408/8458 6408/4409/9406 
f 6407/4408/9405 5341/4408/8339 5345/4409/8343 
f 6408/4409/9406 5345/4409/8343 5347/4410/8345 6409/4410/9407 
f 6409/4410/9407 5466/4410/8464 5462/4409/8460 
f 6410/4412/9408 5466/4410/8464 6409/4410/9407 5351/4412/8349 
f 6411/4411/9409 5469/4412/8467 5466/4410/8464 6410/4412/9408 
f 6409/4410/9407 5347/4410/8345 5351/4412/8349 
f 6411/4411/9409 6410/4412/9408 5351/4412/8349 5353/4411/8351 
f 6411/4411/9409 5472/4411/8470 5469/4412/8467 
f 5357/4414/8355 6412/4414/9410 5472/4411/8470 6411/4411/9409 
f 6413/4413/9411 5474/4414/8472 5472/4411/8470 6412/4414/9410 
f 6411/4411/9409 5353/4411/8351 5357/4414/8355 
f 6413/4413/9411 6412/4414/9410 5357/4414/8355 5359/4413/8357 
f 6413/4413/9411 5478/4413/8476 5474/4414/8472 
f 5363/4415/8361 6414/4415/9412 5478/4413/8476 6413/4413/9411 
f 6415/4416/9413 5482/4415/8480 5478/4413/8476 6414/4415/9412 
f 6413/4413/9411 5359/4413/8357 5363/4415/8361 
f 6415/4416/9413 6414/4415/9412 5363/4415/8361 5365/4416/8363 
f 6415/4416/9413 5484/4416/8482 5482/4415/8480 
f 5484/4416/8482 6415/4416/9413 5369/4418/8367 6416/4418/9414 
f 6416/4418/9414 6417/4417/9415 5488/4418/8486 5484/4416/8482 
f 6415/4416/9413 5365/4416/8363 5369/4418/8367 
f 6416/4418/9414 5369/4418/8367 5371/4417/8369 6417/4417/9415 
f 6417/4417/9415 5490/4417/8488 5488/4418/8486 
f 5375/4419/8373 6418/4419/9416 5490/4417/8488 6417/4417/9415 
f 6419/4420/9417 5492/4419/8490 5490/4417/8488 6418/4419/9416 
f 6417/4417/9415 5371/4417/8369 5375/4419/8373 
f 6419/4420/9417 6418/4419/9416 5375/4419/8373 5377/4420/8375 
f 6419/4420/9417 5496/4420/8494 5492/4419/8490 
f 5380/4421/8378 6420/4421/9418 5496/4420/8494 6419/4420/9417 
f 6382/4383/9380 5499/4421/8497 5496/4420/8494 6420/4421/9418 
f 6419/4420/9417 5377/4420/8375 5380/4421/8378 
f 5269/4383/8267 6382/4383/9380 6420/4421/9418 5380/4421/8378 
f 6382/4383/9380 5383/4383/8381 5499/4421/8497 
f 6421/4482/9419 6422/4482/9420 6423/4482/9421 5177/4423/8175 
f 5174/4423/8172 5177/4423/8175 6423/4482/9421 6424/4482/9422 
f 6421/4482/9419 6425/4483/9423 6422/4482/9420 
f 6424/4482/9422 6423/4482/9421 6422/4482/9420 6426/4482/9424 
f 6424/4482/9422 5178/4423/8176 5174/4423/8172 
f 6427/4484/9425 5179/4422/8177 6428/4484/9426 6429/4484/9427 
f 5176/4422/8174 5179/4422/8177 6427/4484/9425 6430/4484/9428 
f 6428/4484/9426 6431/4484/9429 6429/4484/9427 
f 6430/4484/9428 6427/4484/9425 6429/4484/9427 6432/4485/9430 
f 6430/4484/9428 5172/4422/8170 5176/4422/8174 
f 6433/4486/9431 6434/4486/9432 5186/4424/8184 6435/4486/9433 
f 6436/4486/9434 5180/4424/8178 5186/4424/8184 6434/4486/9432 
f 6435/4486/9433 6437/4487/9435 6433/4486/9431 
f 6434/4486/9432 6433/4486/9431 6438/4486/9436 6436/4486/9434 
f 6436/4486/9434 5187/4424/8185 5180/4424/8178 
f 6439/4488/9437 6440/4488/9438 6441/4488/9439 5188/4425/8186 
f 5188/4425/8186 6441/4488/9439 6442/4488/9440 5185/4425/8183 
f 6439/4488/9437 6443/4488/9441 6440/4488/9438 
f 6441/4488/9439 6440/4488/9438 6444/4489/9442 6442/4488/9440 
f 6442/4488/9440 5182/4425/8180 5185/4425/8183 
f 6445/4490/9443 5195/4426/8193 6446/4490/9444 6447/4490/9445 
f 5189/4426/8187 5195/4426/8193 6445/4490/9443 6448/4490/9446 
f 6446/4490/9444 6449/4491/9447 6447/4490/9445 
f 6445/4490/9443 6447/4490/9445 6450/4490/9448 6448/4490/9446 
f 6448/4490/9446 5196/4426/8194 5189/4426/8187 
f 6451/4492/9449 5197/4427/8195 6452/4492/9450 6453/4492/9451 
f 6454/4492/9452 5194/4427/8192 5197/4427/8195 6451/4492/9449 
f 6452/4492/9450 6455/4492/9453 6453/4492/9451 
f 6454/4492/9452 6451/4492/9449 6453/4492/9451 6456/4493/9454 
f 6454/4492/9452 5191/4427/8189 5194/4427/8192 
f 6457/4494/9455 5204/4429/8202 6458/4494/9456 6459/4494/9457 
f 5201/4429/8199 5204/4429/8202 6457/4494/9455 6460/4494/9458 
f 6458/4494/9456 6461/4495/9459 6459/4494/9457 
f 6462/4494/9460 6460/4494/9458 6457/4494/9455 6459/4494/9457 
f 6460/4494/9458 5205/4429/8203 5201/4429/8199 
f 6463/4496/9461 6464/4496/9462 5206/4428/8204 6465/4496/9463 
f 5202/4428/8200 5206/4428/8204 6464/4496/9462 6466/4496/9464 
f 6465/4496/9463 6467/4496/9465 6463/4496/9461 
f 6466/4496/9464 6464/4496/9462 6463/4496/9461 6468/4497/9466 
f 6466/4496/9464 5199/4428/8197 5202/4428/8200 
f 6469/4498/9467 6470/4498/9468 5213/4431/8211 6471/4498/9469 
f 6472/4498/9470 5209/4431/8207 5213/4431/8211 6470/4498/9468 
f 6471/4498/9469 6473/4499/9471 6469/4498/9467 
f 6470/4498/9468 6469/4498/9467 6474/4498/9472 6472/4498/9470 
f 6472/4498/9470 5214/4431/8212 5209/4431/8207 
f 6475/4500/9473 5215/4430/8213 6476/4500/9474 6477/4500/9475 
f 6478/4500/9476 5212/4430/8210 5215/4430/8213 6475/4500/9473 
f 6476/4500/9474 6479/4500/9477 6477/4500/9475 
f 6477/4500/9475 6480/4501/9478 6478/4500/9476 6475/4500/9473 
f 6478/4500/9476 5207/4430/8205 5212/4430/8210 
f 6481/4502/9479 6482/4502/9480 5222/4432/8220 6483/4502/9481 
f 5216/4432/8214 5222/4432/8220 6482/4502/9480 6484/4502/9482 
f 6483/4502/9481 6485/4503/9483 6481/4502/9479 
f 6482/4502/9480 6481/4502/9479 6486/4502/9484 6484/4502/9482 
f 6484/4502/9482 5223/4432/8221 5216/4432/8214 
f 6487/4504/9485 6488/4504/9486 5224/4433/8222 6489/4504/9487 
f 6490/4504/9488 5221/4433/8219 5224/4433/8222 6488/4504/9486 
f 6489/4504/9487 6491/4504/9489 6487/4504/9485 
f 6487/4504/9485 6492/4505/9490 6490/4504/9488 6488/4504/9486 
f 6490/4504/9488 5218/4433/8216 5221/4433/8219 
f 6493/4506/9491 6494/4506/9492 6495/4506/9493 5231/4435/8229 
f 6496/4506/9494 5227/4435/8225 5231/4435/8229 6495/4506/9493 
f 6493/4506/9491 6497/4507/9495 6494/4506/9492 
f 6495/4506/9493 6494/4506/9492 6498/4506/9496 6496/4506/9494 
f 6496/4506/9494 5232/4435/8230 5227/4435/8225 
f 6499/4508/9497 5233/4434/8231 6500/4508/9498 6501/4508/9499 
f 5230/4434/8228 5233/4434/8231 6499/4508/9497 6502/4508/9500 
f 6500/4508/9498 6503/4508/9501 6501/4508/9499 
f 6504/4509/9502 6502/4508/9500 6499/4508/9497 6501/4508/9499 
f 6502/4508/9500 5225/4434/8223 5230/4434/8228 
f 6505/4510/9503 6506/4510/9504 6507/4510/9505 5240/4436/8238 
f 6508/4510/9506 5234/4436/8232 5240/4436/8238 6507/4510/9505 
f 6505/4510/9503 6509/4511/9507 6506/4510/9504 
f 6508/4510/9506 6507/4510/9505 6506/4510/9504 6510/4510/9508 
f 6508/4510/9506 5241/4436/8239 5234/4436/8232 
f 6511/4512/9509 6512/4512/9510 5242/4437/8240 6513/4512/9511 
f 6514/4512/9512 5239/4437/8237 5242/4437/8240 6512/4512/9510 
f 6513/4512/9511 6515/4512/9513 6511/4512/9509 
f 6516/4513/9514 6514/4512/9512 6512/4512/9510 6511/4512/9509 
f 6514/4512/9512 5236/4437/8234 5239/4437/8237 
f 6517/4514/9515 5249/4438/8247 6518/4514/9516 6519/4514/9517 
f 6520/4514/9518 5243/4438/8241 5249/4438/8247 6517/4514/9515 
f 6518/4514/9516 6521/4515/9519 6519/4514/9517 
f 6519/4514/9517 6522/4514/9520 6520/4514/9518 6517/4514/9515 
f 6520/4514/9518 5250/4438/8248 5243/4438/8241 
f 6523/4516/9521 5251/4439/8249 6524/4516/9522 6525/4516/9523 
f 6526/4516/9524 5247/4439/8245 5251/4439/8249 6523/4516/9521 
f 6524/4516/9522 6527/4516/9525 6525/4516/9523 
f 6525/4516/9523 6528/4517/9526 6526/4516/9524 6523/4516/9521 
f 6526/4516/9524 5245/4439/8243 5247/4439/8245 
f 6529/4518/9527 5258/4441/8256 6530/4518/9528 6531/4518/9529 
f 5254/4441/8252 5258/4441/8256 6529/4518/9527 6532/4518/9530 
f 6530/4518/9528 6533/4519/9531 6531/4518/9529 
f 6534/4518/9532 6532/4518/9530 6529/4518/9527 6531/4518/9529 
f 6532/4518/9530 5259/4441/8257 5254/4441/8252 
f 6535/4520/9533 5260/4440/8258 6536/4520/9534 6537/4520/9535 
f 5260/4440/8258 6535/4520/9533 6538/4520/9536 5256/4440/8254 
f 6536/4520/9534 6539/4520/9537 6537/4520/9535 
f 6537/4520/9535 6540/4521/9538 6538/4520/9536 6535/4520/9533 
f 6538/4520/9536 5252/4440/8250 5256/4440/8254 
f 6541/4484/9539 6542/4484/9540 5988/4463/8986 6543/4485/9541 
f 5988/4463/8986 6542/4484/9540 5989/4422/8987 5987/4422/8985 
f 6543/4485/9541 6544/4485/9542 6541/4484/9539 
f 6542/4484/9540 6541/4484/9539 5989/4422/8987 
f 6545/4482/9543 5990/4423/8988 6546/4482/9544 6547/4483/9545 
f 5982/4462/8980 5984/4423/8982 5990/4423/8988 6545/4482/9543 
f 6546/4482/9544 6548/4483/9546 6547/4483/9545 
f 6545/4482/9543 6547/4483/9545 5982/4462/8980 
f 6549/4385/9547 5982/4462/8980 6547/4483/9545 6550/4385/9548 
f 6549/4385/9547 6551/4489/9549 5994/4385/8992 5982/4462/8980 
f 6547/4483/9545 6548/4483/9546 6550/4385/9548 
f 6549/4385/9547 6550/4385/9548 6552/4489/9550 6551/4489/9549 
f 6551/4489/9549 5992/4464/8990 5994/4385/8992 
f 6553/4488/9551 6554/4488/9552 5992/4464/8990 6551/4489/9549 
f 6000/4425/8998 5992/4464/8990 6554/4488/9552 6001/4425/8999 
f 6551/4489/9549 6552/4489/9550 6553/4488/9551 
f 6554/4488/9552 6553/4488/9551 6001/4425/8999 
f 6555/4486/9553 6556/4487/9554 6557/4486/9555 6002/4424/9000 
f 5999/4424/8997 6002/4424/9000 6557/4486/9555 5996/4465/8994 
f 6555/4486/9553 6558/4487/9556 6556/4487/9554 
f 6557/4486/9555 6556/4487/9554 5996/4465/8994 
f 6559/4389/9557 6560/4389/9558 5996/4465/8994 6556/4487/9554 
f 6561/4493/9559 6006/4389/9004 5996/4465/8994 6560/4389/9558 
f 6556/4487/9554 6558/4487/9556 6559/4389/9557 
f 6561/4493/9559 6560/4389/9558 6559/4389/9557 6562/4493/9560 
f 6561/4493/9559 6004/4466/9002 6006/4389/9004 
f 6563/4492/9561 6004/4466/9002 6561/4493/9559 6564/4492/9562 
f 6012/4427/9010 6004/4466/9002 6563/4492/9561 6013/4427/9011 
f 6561/4493/9559 6562/4493/9560 6564/4492/9562 
f 6563/4492/9561 6564/4492/9562 6013/4427/9011 
f 6565/4490/9563 6014/4426/9012 6566/4490/9564 6567/4491/9565 
f 6014/4426/9012 6565/4490/9563 6008/4467/9006 6011/4426/9009 
f 6566/4490/9564 6568/4491/9566 6567/4491/9565 
f 6565/4490/9563 6567/4491/9565 6008/4467/9006 
f 6569/4393/9567 6008/4467/9006 6567/4491/9565 6570/4393/9568 
f 6571/4497/9569 6018/4393/9016 6008/4467/9006 6569/4393/9567 
f 6567/4491/9565 6568/4491/9566 6570/4393/9568 
f 6571/4497/9569 6569/4393/9567 6570/4393/9568 6572/4497/9570 
f 6571/4497/9569 6016/4468/9014 6018/4393/9016 
f 6573/4496/9571 6016/4468/9014 6571/4497/9569 6574/4496/9572 
f 6025/4428/9023 6024/4428/9022 6016/4468/9014 6573/4496/9571 
f 6571/4497/9569 6572/4497/9570 6574/4496/9572 
f 6573/4496/9571 6574/4496/9572 6025/4428/9023 
f 6575/4494/9573 6576/4495/9574 6577/4494/9575 6026/4429/9024 
f 6019/4469/9017 6022/4429/9020 6026/4429/9024 6577/4494/9575 
f 6575/4494/9573 6578/4495/9576 6576/4495/9574 
f 6577/4494/9575 6576/4495/9574 6019/4469/9017 
f 6579/4398/9577 6019/4469/9017 6576/4495/9574 6580/4398/9578 
f 6030/4398/9028 6019/4469/9017 6579/4398/9577 6581/4501/9579 
f 6576/4495/9574 6578/4495/9576 6580/4398/9578 
f 6580/4398/9578 6582/4501/9580 6581/4501/9579 6579/4398/9577 
f 6581/4501/9579 6028/4470/9026 6030/4398/9028 
f 6583/4500/9581 6028/4470/9026 6581/4501/9579 6584/4500/9582 
f 6036/4430/9034 6028/4470/9026 6583/4500/9581 6037/4430/9035 
f 6581/4501/9579 6582/4501/9580 6584/4500/9582 
f 6583/4500/9581 6584/4500/9582 6037/4430/9035 
f 6585/4498/9583 6038/4431/9036 6586/4498/9584 6587/4499/9585 
f 6034/4431/9032 6038/4431/9036 6585/4498/9583 6033/4471/9031 
f 6586/4498/9584 6588/4499/9586 6587/4499/9585 
f 6585/4498/9583 6587/4499/9585 6033/4471/9031 
f 6589/4402/9587 6033/4471/9031 6587/4499/9585 6590/4402/9588 
f 6042/4402/9040 6033/4471/9031 6589/4402/9587 6591/4505/9589 
f 6587/4499/9585 6588/4499/9586 6590/4402/9588 
f 6592/4505/9590 6591/4505/9589 6589/4402/9587 6590/4402/9588 
f 6591/4505/9589 6040/4472/9038 6042/4402/9040 
f 6591/4505/9589 6593/4504/9591 6594/4504/9592 6040/4472/9038 
f 6594/4504/9592 6049/4433/9047 6048/4433/9046 6040/4472/9038 
f 6591/4505/9589 6592/4505/9590 6593/4504/9591 
f 6594/4504/9592 6593/4504/9591 6049/4433/9047 
f 6595/4502/9593 6050/4432/9048 6596/4502/9594 6597/4503/9595 
f 6050/4432/9048 6595/4502/9593 6044/4473/9042 6047/4432/9045 
f 6596/4502/9594 6598/4503/9596 6597/4503/9595 
f 6595/4502/9593 6597/4503/9595 6044/4473/9042 
f 6599/4406/9597 6044/4473/9042 6597/4503/9595 6600/4406/9598 
f 6601/4509/9599 6054/4406/9052 6044/4473/9042 6599/4406/9597 
f 6597/4503/9595 6598/4503/9596 6600/4406/9598 
f 6602/4509/9600 6601/4509/9599 6599/4406/9597 6600/4406/9598 
f 6601/4509/9599 6052/4474/9050 6054/4406/9052 
f 6603/4508/9601 6604/4508/9602 6052/4474/9050 6601/4509/9599 
f 6061/4434/9059 6060/4434/9058 6052/4474/9050 6604/4508/9602 
f 6601/4509/9599 6602/4509/9600 6603/4508/9601 
f 6604/4508/9602 6603/4508/9601 6061/4434/9059 
f 6605/4506/9603 6606/4507/9604 6607/4506/9605 6062/4435/9060 
f 6058/4435/9056 6062/4435/9060 6607/4506/9605 6056/4475/9054 
f 6605/4506/9603 6608/4507/9606 6606/4507/9604 
f 6607/4506/9605 6606/4507/9604 6056/4475/9054 
f 6609/4409/9607 6610/4409/9608 6056/4475/9054 6606/4507/9604 
f 6611/4513/9609 6066/4409/9064 6056/4475/9054 6610/4409/9608 
f 6606/4507/9604 6608/4507/9606 6609/4409/9607 
f 6612/4513/9610 6611/4513/9609 6610/4409/9608 6609/4409/9607 
f 6611/4513/9609 6063/4476/9061 6066/4409/9064 
f 6611/4513/9609 6613/4512/9611 6614/4512/9612 6063/4476/9061 
f 6073/4437/9071 6072/4437/9070 6063/4476/9061 6614/4512/9612 
f 6611/4513/9609 6612/4513/9610 6613/4512/9611 
f 6614/4512/9612 6613/4512/9611 6073/4437/9071 
f 6615/4510/9613 6616/4511/9614 6617/4510/9615 6074/4436/9072 
f 6071/4436/9069 6074/4436/9072 6617/4510/9615 6069/4477/9067 
f 6615/4510/9613 6618/4511/9616 6616/4511/9614 
f 6617/4510/9615 6616/4511/9614 6069/4477/9067 
f 6619/4414/9617 6069/4477/9067 6616/4511/9614 6620/4414/9618 
f 6069/4477/9067 6619/4414/9617 6621/4517/9619 6078/4414/9076 
f 6616/4511/9614 6618/4511/9616 6620/4414/9618 
f 6622/4517/9620 6621/4517/9619 6619/4414/9617 6620/4414/9618 
f 6621/4517/9619 6075/4478/9073 6078/4414/9076 
f 6621/4517/9619 6623/4516/9621 6624/4516/9622 6075/4478/9073 
f 6084/4439/9082 6075/4478/9073 6624/4516/9622 6085/4439/9083 
f 6621/4517/9619 6622/4517/9620 6623/4516/9621 
f 6624/4516/9622 6623/4516/9621 6085/4439/9083 
f 6625/4514/9623 6626/4515/9624 6627/4514/9625 6086/4438/9084 
f 6080/4479/9078 6083/4438/9081 6086/4438/9084 6627/4514/9625 
f 6625/4514/9623 6628/4515/9626 6626/4515/9624 
f 6627/4514/9625 6626/4515/9624 6080/4479/9078 
f 6629/4418/9627 6630/4418/9628 6080/4479/9078 6626/4515/9624 
f 6631/4521/9629 6090/4418/9088 6080/4479/9078 6630/4418/9628 
f 6626/4515/9624 6628/4515/9626 6629/4418/9627 
f 6629/4418/9627 6632/4521/9630 6631/4521/9629 6630/4418/9628 
f 6631/4521/9629 6087/4480/9085 6090/4418/9088 
f 6633/4520/9631 6087/4480/9085 6631/4521/9629 6634/4520/9632 
f 6097/4440/9095 6096/4440/9094 6087/4480/9085 6633/4520/9631 
f 6631/4521/9629 6632/4521/9630 6634/4520/9632 
f 6633/4520/9631 6634/4520/9632 6097/4440/9095 
f 6635/4519/9633 6636/4518/9634 6098/4441/9096 6637/4518/9635 
f 6095/4441/9093 6098/4441/9096 6636/4518/9634 6091/4481/9089 
f 6637/4518/9635 6638/4519/9636 6635/4519/9633 
f 6636/4518/9634 6635/4519/9633 6091/4481/9089 
f 6639/4421/9637 6091/4481/9089 6635/4519/9633 6640/4421/9638 
f 6543/4485/9541 6100/4421/9098 6091/4481/9089 6639/4421/9637 
f 6635/4519/9633 6638/4519/9636 6640/4421/9638 
f 6640/4421/9638 6544/4485/9542 6543/4485/9541 6639/4421/9637 
f 6543/4485/9541 5988/4463/8986 6100/4421/9098 
f 6641/4484/9639 5989/4422/8987 6541/4484/9539 6642/4484/9640 
f 5989/4422/8987 6641/4484/9639 6428/4484/9426 6101/4422/9099 
f 6541/4484/9539 6544/4485/9542 6642/4484/9640 
f 6641/4484/9639 6642/4484/9640 6431/4484/9429 6428/4484/9426 
f 6428/4484/9426 5179/4422/8177 6101/4422/9099 
f 6643/4482/9641 5178/4423/8176 6424/4482/9422 6644/4482/9642 
f 5178/4423/8176 6643/4482/9641 6546/4482/9544 6103/4423/9101 
f 6424/4482/9422 6426/4482/9424 6644/4482/9642 
f 6644/4482/9642 6548/4483/9546 6546/4482/9544 6643/4482/9641 
f 6546/4482/9544 5990/4423/8988 6103/4423/9101 
f 6001/4425/8999 6553/4488/9551 6645/4488/9643 6646/4488/9644 
f 6439/4488/9437 6104/4425/9102 6001/4425/8999 6646/4488/9644 
f 6553/4488/9551 6552/4489/9550 6645/4488/9643 
f 6645/4488/9643 6443/4488/9441 6439/4488/9437 6646/4488/9644 
f 6439/4488/9437 5188/4425/8186 6104/4425/9102 
f 6436/4486/9434 6647/4486/9645 6648/4486/9646 5187/4424/8185 
f 6106/4424/9104 5187/4424/8185 6648/4486/9646 6555/4486/9553 
f 6436/4486/9434 6438/4486/9436 6647/4486/9645 
f 6555/4486/9553 6648/4486/9646 6647/4486/9645 6558/4487/9556 
f 6555/4486/9553 6002/4424/9000 6106/4424/9104 
f 6564/4492/9562 6649/4492/9647 6650/4492/9648 6013/4427/9011 
f 6452/4492/9450 6107/4427/9105 6013/4427/9011 6650/4492/9648 
f 6564/4492/9562 6562/4493/9560 6649/4492/9647 
f 6452/4492/9450 6650/4492/9648 6649/4492/9647 6455/4492/9453 
f 6452/4492/9450 5197/4427/8195 6107/4427/9105 
f 6651/4490/9649 5196/4426/8194 6448/4490/9446 6652/4490/9650 
f 5196/4426/8194 6651/4490/9649 6566/4490/9564 6109/4426/9107 
f 6448/4490/9446 6450/4490/9448 6652/4490/9650 
f 6566/4490/9564 6651/4490/9649 6652/4490/9650 6568/4491/9566 
f 6566/4490/9564 6014/4426/9012 6109/4426/9107 
f 6653/4496/9651 6025/4428/9023 6574/4496/9572 6654/4496/9652 
f 6465/4496/9463 6111/4428/9109 6025/4428/9023 6653/4496/9651 
f 6574/4496/9572 6572/4497/9570 6654/4496/9652 
f 6467/4496/9465 6465/4496/9463 6653/4496/9651 6654/4496/9652 
f 6465/4496/9463 5206/4428/8204 6111/4428/9109 
f 6655/4494/9653 5205/4429/8203 6460/4494/9458 6656/4494/9654 
f 5205/4429/8203 6655/4494/9653 6575/4494/9573 6112/4429/9110 
f 6460/4494/9458 6462/4494/9460 6656/4494/9654 
f 6578/4495/9576 6575/4494/9573 6655/4494/9653 6656/4494/9654 
f 6575/4494/9573 6026/4429/9024 6112/4429/9110 
f 6037/4430/9035 6584/4500/9582 6657/4500/9655 6658/4500/9656 
f 6037/4430/9035 6658/4500/9656 6476/4500/9474 6114/4430/9112 
f 6584/4500/9582 6582/4501/9580 6657/4500/9655 
f 6658/4500/9656 6657/4500/9655 6479/4500/9477 6476/4500/9474 
f 6476/4500/9474 5215/4430/8213 6114/4430/9112 
f 6472/4498/9470 6659/4498/9657 6660/4498/9658 5214/4431/8212 
f 6115/4431/9113 5214/4431/8212 6660/4498/9658 6586/4498/9584 
f 6472/4498/9470 6474/4498/9472 6659/4498/9657 
f 6660/4498/9658 6659/4498/9657 6588/4499/9586 6586/4498/9584 
f 6586/4498/9584 6038/4431/9036 6115/4431/9113 
f 6049/4433/9047 6593/4504/9591 6661/4504/9659 6662/4504/9660 
f 6049/4433/9047 6662/4504/9660 6489/4504/9487 6116/4433/9114 
f 6593/4504/9591 6592/4505/9590 6661/4504/9659 
f 6661/4504/9659 6491/4504/9489 6489/4504/9487 6662/4504/9660 
f 6489/4504/9487 5224/4433/8222 6116/4433/9114 
f 6663/4502/9661 6664/4502/9662 5223/4432/8221 6484/4502/9482 
f 5223/4432/8221 6664/4502/9662 6596/4502/9594 6118/4432/9116 
f 6484/4502/9482 6486/4502/9484 6663/4502/9661 
f 6663/4502/9661 6598/4503/9596 6596/4502/9594 6664/4502/9662 
f 6596/4502/9594 6050/4432/9048 6118/4432/9116 
f 6665/4508/9663 6061/4434/9059 6603/4508/9601 6666/4508/9664 
f 6500/4508/9498 6120/4434/9118 6061/4434/9059 6665/4508/9663 
f 6603/4508/9601 6602/4509/9600 6666/4508/9664 
f 6666/4508/9664 6503/4508/9501 6500/4508/9498 6665/4508/9663 
f 6500/4508/9498 5233/4434/8231 6120/4434/9118 
f 6667/4506/9665 6668/4506/9666 5232/4435/8230 6496/4506/9494 
f 5232/4435/8230 6668/4506/9666 6605/4506/9603 6121/4435/9119 
f 6496/4506/9494 6498/4506/9496 6667/4506/9665 
f 6608/4507/9606 6605/4506/9603 6668/4506/9666 6667/4506/9665 
f 6605/4506/9603 6062/4435/9060 6121/4435/9119 
f 6669/4512/9667 6670/4512/9668 6073/4437/9071 6613/4512/9611 
f 6122/4437/9120 6073/4437/9071 6670/4512/9668 6513/4512/9511 
f 6613/4512/9611 6612/4513/9610 6669/4512/9667 
f 6515/4512/9513 6513/4512/9511 6670/4512/9668 6669/4512/9667 
f 6513/4512/9511 5242/4437/8240 6122/4437/9120 
f 6671/4510/9669 5241/4436/8239 6508/4510/9506 6672/4510/9670 
f 6124/4436/9122 5241/4436/8239 6671/4510/9669 6615/4510/9613 
f 6508/4510/9506 6510/4510/9508 6672/4510/9670 
f 6618/4511/9616 6615/4510/9613 6671/4510/9669 6672/4510/9670 
f 6615/4510/9613 6074/4436/9072 6124/4436/9122 
f 6673/4516/9671 6085/4439/9083 6623/4516/9621 6674/4516/9672 
f 6125/4439/9123 6085/4439/9083 6673/4516/9671 6524/4516/9522 
f 6623/4516/9621 6622/4517/9620 6674/4516/9672 
f 6527/4516/9525 6524/4516/9522 6673/4516/9671 6674/4516/9672 
f 6524/4516/9522 5251/4439/8249 6125/4439/9123 
f 6675/4514/9673 5250/4438/8248 6520/4514/9518 6676/4514/9674 
f 5250/4438/8248 6675/4514/9673 6625/4514/9623 6127/4438/9125 
f 6520/4514/9518 6522/4514/9520 6676/4514/9674 
f 6676/4514/9674 6628/4515/9626 6625/4514/9623 6675/4514/9673 
f 6625/4514/9623 6086/4438/9084 6127/4438/9125 
f 6677/4520/9675 6678/4520/9676 6097/4440/9095 6634/4520/9632 
f 6129/4440/9127 6097/4440/9095 6678/4520/9676 6536/4520/9534 
f 6634/4520/9632 6632/4521/9630 6677/4520/9675 
f 6536/4520/9534 6678/4520/9676 6677/4520/9675 6539/4520/9537 
f 6536/4520/9534 5260/4440/8258 6129/4440/9127 
f 6532/4518/9530 6679/4518/9677 6680/4518/9678 5259/4441/8257 
f 6130/4441/9128 5259/4441/8257 6680/4518/9678 6637/4518/9635 
f 6532/4518/9530 6534/4518/9532 6679/4518/9677 
f 6638/4519/9636 6637/4518/9635 6680/4518/9678 6679/4518/9677 
f 6637/4518/9635 6098/4441/9096 6130/4441/9128 
f 6175/4462/9173 6681/4483/9679 6421/4482/9419 6682/4482/9680 
f 6175/4462/9173 6682/4482/9680 5177/4423/8175 6172/4423/9170 
f 6681/4483/9679 6425/4483/9423 6421/4482/9419 
f 6682/4482/9680 6421/4482/9419 5177/4423/8175 
f 6683/4484/9681 5172/4422/8170 6430/4484/9428 6684/4485/9682 
f 6176/4422/9174 5172/4422/8170 6683/4484/9681 6177/4463/9175 
f 6430/4484/9428 6432/4485/9430 6684/4485/9682 
f 6683/4484/9681 6684/4485/9682 6177/4463/9175 
f 6685/4385/9683 6181/4464/9179 6686/4489/9684 6687/4385/9685 
f 6180/4385/9178 6181/4464/9179 6685/4385/9683 6681/4483/9679 
f 6686/4489/9684 6444/4489/9442 6687/4385/9685 
f 6681/4483/9679 6685/4385/9683 6687/4385/9685 6425/4483/9423 
f 6681/4483/9679 6175/4462/9173 6180/4385/9178 
f 6435/4486/9433 6688/4486/9686 6185/4465/9183 6689/4487/9687 
f 6688/4486/9686 5186/4424/8184 6182/4424/9180 6185/4465/9183 
f 6689/4487/9687 6437/4487/9435 6435/4486/9433 
f 6688/4486/9686 6435/4486/9433 5186/4424/8184 
f 6690/4488/9688 5182/4425/8180 6442/4488/9440 6686/4489/9684 
f 6186/4425/9184 5182/4425/8180 6690/4488/9688 6181/4464/9179 
f 6442/4488/9440 6444/4489/9442 6686/4489/9684 
f 6690/4488/9688 6686/4489/9684 6181/4464/9179 
f 6691/4389/9689 6692/4389/9690 6190/4466/9188 6693/4493/9691 
f 6190/4466/9188 6692/4389/9690 6689/4487/9687 6187/4389/9185 
f 6693/4493/9691 6456/4493/9454 6691/4389/9689 
f 6437/4487/9435 6689/4487/9687 6692/4389/9690 6691/4389/9689 
f 6689/4487/9687 6185/4465/9183 6187/4389/9185 
f 6694/4490/9692 6194/4467/9192 6695/4491/9693 6446/4490/9444 
f 6191/4426/9189 6194/4467/9192 6694/4490/9692 5195/4426/8193 
f 6695/4491/9693 6449/4491/9447 6446/4490/9444 
f 6694/4490/9692 6446/4490/9444 5195/4426/8193 
f 6693/4493/9691 6696/4492/9694 5191/4427/8189 6454/4492/9452 
f 6195/4427/9193 5191/4427/8189 6696/4492/9694 6190/4466/9188 
f 6454/4492/9452 6456/4493/9454 6693/4493/9691 
f 6696/4492/9694 6693/4493/9691 6190/4466/9188 
f 6697/4497/9695 6698/4393/9696 6699/4393/9697 6199/4468/9197 
f 6695/4491/9693 6198/4393/9196 6199/4468/9197 6699/4393/9697 
f 6697/4497/9695 6468/4497/9466 6698/4393/9696 
f 6695/4491/9693 6699/4393/9697 6698/4393/9696 6449/4491/9447 
f 6695/4491/9693 6194/4467/9192 6198/4393/9196 
f 6700/4494/9698 6203/4469/9201 6701/4495/9699 6458/4494/9456 
f 6700/4494/9698 5204/4429/8202 6202/4429/9200 6203/4469/9201 
f 6701/4495/9699 6461/4495/9459 6458/4494/9456 
f 6700/4494/9698 6458/4494/9456 5204/4429/8202 
f 6697/4497/9695 6702/4496/9700 5199/4428/8197 6466/4496/9464 
f 6204/4428/9202 5199/4428/8197 6702/4496/9700 6199/4468/9197 
f 6466/4496/9464 6468/4497/9466 6697/4497/9695 
f 6702/4496/9700 6697/4497/9695 6199/4468/9197 
f 6703/4501/9701 6704/4398/9702 6705/4398/9703 6208/4470/9206 
f 6208/4470/9206 6705/4398/9703 6701/4495/9699 6205/4398/9203 
f 6703/4501/9701 6480/4501/9478 6704/4398/9702 
f 6704/4398/9702 6461/4495/9459 6701/4495/9699 6705/4398/9703 
f 6701/4495/9699 6203/4469/9201 6205/4398/9203 
f 6706/4498/9704 6212/4471/9210 6707/4499/9705 6471/4498/9469 
f 6706/4498/9704 5213/4431/8211 6211/4431/9209 6212/4471/9210 
f 6707/4499/9705 6473/4499/9471 6471/4498/9469 
f 6706/4498/9704 6471/4498/9469 5213/4431/8211 
f 6708/4500/9706 5207/4430/8205 6478/4500/9476 6703/4501/9701 
f 6708/4500/9706 6208/4470/9206 6213/4430/9211 5207/4430/8205 
f 6478/4500/9476 6480/4501/9478 6703/4501/9701 
f 6708/4500/9706 6703/4501/9701 6208/4470/9206 
f 6709/4505/9707 6710/4402/9708 6711/4402/9709 6217/4472/9215 
f 6707/4499/9705 6214/4402/9212 6217/4472/9215 6711/4402/9709 
f 6709/4505/9707 6492/4505/9490 6710/4402/9708 
f 6711/4402/9709 6710/4402/9708 6473/4499/9471 6707/4499/9705 
f 6707/4499/9705 6212/4471/9210 6214/4402/9212 
f 6712/4502/9710 6221/4473/9219 6713/4503/9711 6483/4502/9481 
f 6221/4473/9219 6712/4502/9710 5222/4432/8220 6219/4432/9217 
f 6713/4503/9711 6485/4503/9483 6483/4502/9481 
f 6712/4502/9710 6483/4502/9481 5222/4432/8220 
f 6490/4504/9488 6709/4505/9707 6714/4504/9712 5218/4433/8216 
f 6222/4433/9220 5218/4433/8216 6714/4504/9712 6217/4472/9215 
f 6490/4504/9488 6492/4505/9490 6709/4505/9707 
f 6714/4504/9712 6709/4505/9707 6217/4472/9215 
f 6715/4406/9713 6226/4474/9224 6716/4509/9714 6717/4406/9715 
f 6715/4406/9713 6713/4503/9711 6224/4406/9222 6226/4474/9224 
f 6716/4509/9714 6504/4509/9502 6717/4406/9715 
f 6715/4406/9713 6717/4406/9715 6485/4503/9483 6713/4503/9711 
f 6713/4503/9711 6221/4473/9219 6224/4406/9222 
f 6230/4475/9228 6718/4507/9716 6493/4506/9491 6719/4506/9717 
f 6230/4475/9228 6719/4506/9717 5231/4435/8229 6228/4435/9226 
f 6718/4507/9716 6497/4507/9495 6493/4506/9491 
f 6719/4506/9717 6493/4506/9491 5231/4435/8229 
f 6502/4508/9500 6716/4509/9714 6720/4508/9718 5225/4434/8223 
f 6231/4434/9229 5225/4434/8223 6720/4508/9718 6226/4474/9224 
f 6502/4508/9500 6504/4509/9502 6716/4509/9714 
f 6720/4508/9718 6716/4509/9714 6226/4474/9224 
f 6721/4409/9719 6722/4409/9720 6235/4476/9233 6723/4513/9721 
f 6718/4507/9716 6232/4409/9230 6235/4476/9233 6722/4409/9720 
f 6723/4513/9721 6516/4513/9514 6721/4409/9719 
f 6722/4409/9720 6721/4409/9719 6497/4507/9495 6718/4507/9716 
f 6718/4507/9716 6230/4475/9228 6232/4409/9230 
f 6239/4477/9237 6724/4511/9722 6505/4510/9503 6725/4510/9723 
f 6725/4510/9723 5240/4436/8238 6238/4436/9236 6239/4477/9237 
f 6724/4511/9722 6509/4511/9507 6505/4510/9503 
f 6725/4510/9723 6505/4510/9503 5240/4436/8238 
f 6723/4513/9721 6726/4512/9724 5236/4437/8234 6514/4512/9512 
f 6240/4437/9238 5236/4437/8234 6726/4512/9724 6235/4476/9233 
f 6514/4512/9512 6516/4513/9514 6723/4513/9721 
f 6726/4512/9724 6723/4513/9721 6235/4476/9233 
f 6727/4414/9725 6728/4414/9726 6244/4478/9242 6729/4517/9727 
f 6728/4414/9726 6724/4511/9722 6243/4414/9241 6244/4478/9242 
f 6729/4517/9727 6528/4517/9526 6727/4414/9725 
f 6727/4414/9725 6509/4511/9507 6724/4511/9722 6728/4414/9726 
f 6724/4511/9722 6239/4477/9237 6243/4414/9241 
f 6248/4479/9246 6730/4515/9728 6518/4514/9516 6731/4514/9729 
f 6248/4479/9246 6731/4514/9729 5249/4438/8247 6246/4438/9244 
f 6730/4515/9728 6521/4515/9519 6518/4514/9516 
f 6731/4514/9729 6518/4514/9516 5249/4438/8247 
f 6732/4516/9730 5245/4439/8243 6526/4516/9524 6729/4517/9727 
f 5245/4439/8243 6732/4516/9730 6244/4478/9242 6249/4439/9247 
f 6526/4516/9524 6528/4517/9526 6729/4517/9727 
f 6732/4516/9730 6729/4517/9727 6244/4478/9242 
f 6733/4418/9731 6734/4418/9732 6253/4480/9251 6735/4521/9733 
f 6730/4515/9728 6250/4418/9248 6253/4480/9251 6734/4418/9732 
f 6735/4521/9733 6540/4521/9538 6733/4418/9731 
f 6730/4515/9728 6734/4418/9732 6733/4418/9731 6521/4515/9519 
f 6730/4515/9728 6248/4479/9246 6250/4418/9248 
f 6257/4481/9255 6736/4519/9734 6530/4518/9528 6737/4518/9735 
f 6737/4518/9735 5258/4441/8256 6256/4441/9254 6257/4481/9255 
f 6736/4519/9734 6533/4519/9531 6530/4518/9528 
f 6737/4518/9735 6530/4518/9528 5258/4441/8256 
f 6738/4520/9736 5252/4440/8250 6538/4520/9536 6735/4521/9733 
f 6738/4520/9736 6253/4480/9251 6258/4440/9256 5252/4440/8250 
f 6538/4520/9536 6540/4521/9538 6735/4521/9733 
f 6738/4520/9736 6735/4521/9733 6253/4480/9251 
f 6684/4485/9682 6739/4421/9737 6740/4421/9738 6177/4463/9175 
f 6740/4421/9738 6736/4519/9734 6260/4421/9258 6177/4463/9175 
f 6684/4485/9682 6432/4485/9430 6739/4421/9737 
f 6739/4421/9737 6533/4519/9531 6736/4519/9734 6740/4421/9738 
f 6736/4519/9734 6257/4481/9255 6260/4421/9258 
f 6263/4382/9261 6741/4382/9739 5505/4384/8503 6742/4384/9740 
f 6741/4382/9739 6743/4383/9741 5503/4382/8501 5505/4384/8503 
f 6742/4384/9740 6266/4384/9264 6263/4382/9261 
f 6743/4383/9741 6741/4382/9739 6263/4382/9261 6265/4383/9263 
f 6743/4383/9741 5506/4383/8504 5503/4382/8501 
f 6744/4385/9742 5510/4386/8508 6745/4386/9743 6267/4385/9265 
f 5510/4386/8508 6744/4385/9742 6742/4384/9740 5509/4385/8507 
f 6745/4386/9743 6270/4386/9268 6267/4385/9265 
f 6266/4384/9264 6742/4384/9740 6744/4385/9742 6267/4385/9265 
f 6742/4384/9740 5505/4384/8503 5509/4385/8507 
f 6746/4387/9744 5514/4388/8512 6747/4388/9745 6272/4387/9270 
f 5514/4388/8512 6746/4387/9744 6745/4386/9743 5513/4387/8511 
f 6747/4388/9745 6274/4388/9272 6272/4387/9270 
f 6745/4386/9743 6746/4387/9744 6272/4387/9270 6270/4386/9268 
f 6745/4386/9743 5510/4386/8508 5513/4387/8511 
f 6748/4389/9746 5518/4390/8516 6749/4390/9747 6275/4389/9273 
f 6748/4389/9746 6747/4388/9745 5517/4389/8515 5518/4390/8516 
f 6749/4390/9747 6278/4390/9276 6275/4389/9273 
f 6274/4388/9272 6747/4388/9745 6748/4389/9746 6275/4389/9273 
f 6747/4388/9745 5514/4388/8512 5517/4389/8515 
f 6750/4391/9748 5522/4392/8520 6751/4392/9749 6280/4391/9278 
f 6749/4390/9747 5521/4391/8519 5522/4392/8520 6750/4391/9748 
f 6751/4392/9749 6282/4392/9280 6280/4391/9278 
f 6750/4391/9748 6280/4391/9278 6278/4390/9276 6749/4390/9747 
f 6749/4390/9747 5518/4390/8516 5521/4391/8519 
f 6752/4393/9750 5526/4394/8524 6753/4394/9751 6284/4393/9282 
f 6752/4393/9750 6751/4392/9749 5525/4393/8523 5526/4394/8524 
f 6753/4394/9751 6286/4394/9284 6284/4393/9282 
f 6282/4392/9280 6751/4392/9749 6752/4393/9750 6284/4393/9282 
f 6751/4392/9749 5522/4392/8520 5525/4393/8523 
f 6754/4395/9752 5530/4396/8528 6755/4396/9753 6288/4395/9286 
f 6753/4394/9751 5529/4395/8527 5530/4396/8528 6754/4395/9752 
f 6755/4396/9753 6290/4396/9288 6288/4395/9286 
f 6753/4394/9751 6754/4395/9752 6288/4395/9286 6286/4394/9284 
f 6753/4394/9751 5526/4394/8524 5529/4395/8527 
f 6756/4398/9754 5534/4397/8532 6757/4397/9755 6291/4398/9289 
f 6755/4396/9753 5533/4398/8531 5534/4397/8532 6756/4398/9754 
f 6757/4397/9755 6294/4397/9292 6291/4398/9289 
f 6290/4396/9288 6755/4396/9753 6756/4398/9754 6291/4398/9289 
f 6755/4396/9753 5530/4396/8528 5533/4398/8531 
f 6295/4399/9293 6758/4399/9756 5538/4400/8536 6759/4400/9757 
f 6757/4397/9755 5537/4399/8535 5538/4400/8536 6758/4399/9756 
f 6759/4400/9757 6298/4400/9296 6295/4399/9293 
f 6757/4397/9755 6758/4399/9756 6295/4399/9293 6294/4397/9292 
f 6757/4397/9755 5534/4397/8532 5537/4399/8535 
f 6760/4402/9758 5542/4401/8540 6761/4401/9759 6300/4402/9298 
f 6759/4400/9757 5541/4402/8539 5542/4401/8540 6760/4402/9758 
f 6761/4401/9759 6302/4401/9300 6300/4402/9298 
f 6298/4400/9296 6759/4400/9757 6760/4402/9758 6300/4402/9298 
f 6759/4400/9757 5538/4400/8536 5541/4402/8539 
f 6762/4403/9760 5546/4404/8544 6763/4404/9761 6303/4403/9301 
f 6761/4401/9759 5545/4403/8543 5546/4404/8544 6762/4403/9760 
f 6763/4404/9761 6306/4404/9304 6303/4403/9301 
f 6302/4401/9300 6761/4401/9759 6762/4403/9760 6303/4403/9301 
f 6761/4401/9759 5542/4401/8540 5545/4403/8543 
f 6764/4406/9762 5550/4405/8548 6765/4405/9763 6307/4406/9305 
f 6763/4404/9761 5549/4406/8547 5550/4405/8548 6764/4406/9762 
f 6765/4405/9763 6310/4405/9308 6307/4406/9305 
f 6763/4404/9761 6764/4406/9762 6307/4406/9305 6306/4404/9304 
f 6763/4404/9761 5546/4404/8544 5549/4406/8547 
f 6766/4407/9764 5554/4408/8552 6767/4408/9765 6312/4407/9310 
f 5553/4407/8551 5554/4408/8552 6766/4407/9764 6765/4405/9763 
f 6767/4408/9765 6314/4408/9312 6312/4407/9310 
f 6310/4405/9308 6765/4405/9763 6766/4407/9764 6312/4407/9310 
f 6765/4405/9763 5550/4405/8548 5553/4407/8551 
f 6316/4409/9314 6768/4409/9766 5558/4410/8556 6769/4410/9767 
f 6767/4408/9765 5557/4409/8555 5558/4410/8556 6768/4409/9766 
f 6769/4410/9767 6318/4410/9316 6316/4409/9314 
f 6768/4409/9766 6316/4409/9314 6314/4408/9312 6767/4408/9765 
f 6767/4408/9765 5554/4408/8552 5557/4409/8555 
f 6770/4412/9768 5562/4411/8560 6771/4411/9769 6320/4412/9318 
f 6769/4410/9767 5561/4412/8559 5562/4411/8560 6770/4412/9768 
f 6771/4411/9769 6322/4411/9320 6320/4412/9318 
f 6770/4412/9768 6320/4412/9318 6318/4410/9316 6769/4410/9767 
f 6769/4410/9767 5558/4410/8556 5561/4412/8559 
f 6324/4414/9322 6772/4414/9770 5566/4413/8564 6773/4413/9771 
f 6771/4411/9769 5565/4414/8563 5566/4413/8564 6772/4414/9770 
f 6773/4413/9771 6326/4413/9324 6324/4414/9322 
f 6771/4411/9769 6772/4414/9770 6324/4414/9322 6322/4411/9320 
f 6771/4411/9769 5562/4411/8560 5565/4414/8563 
f 6327/4415/9325 6774/4415/9772 5570/4416/8568 6775/4416/9773 
f 6773/4413/9771 5569/4415/8567 5570/4416/8568 6774/4415/9772 
f 6775/4416/9773 6330/4416/9328 6327/4415/9325 
f 6327/4415/9325 6326/4413/9324 6773/4413/9771 6774/4415/9772 
f 6773/4413/9771 5566/4413/8564 5569/4415/8567 
f 6776/4418/9774 5574/4417/8572 6777/4417/9775 6332/4418/9330 
f 6775/4416/9773 5573/4418/8571 5574/4417/8572 6776/4418/9774 
f 6777/4417/9775 6334/4417/9332 6332/4418/9330 
f 6330/4416/9328 6775/4416/9773 6776/4418/9774 6332/4418/9330 
f 6775/4416/9773 5570/4416/8568 5573/4418/8571 
f 6336/4419/9334 6778/4419/9776 5578/4420/8576 6779/4420/9777 
f 6777/4417/9775 5577/4419/8575 5578/4420/8576 6778/4419/9776 
f 6779/4420/9777 6338/4420/9336 6336/4419/9334 
f 6334/4417/9332 6777/4417/9775 6778/4419/9776 6336/4419/9334 
f 6777/4417/9775 5574/4417/8572 5577/4419/8575 
f 6780/4421/9778 5506/4383/8504 6743/4383/9741 6340/4421/9338 
f 6780/4421/9778 6779/4420/9777 5580/4421/8578 5506/4383/8504 
f 6743/4383/9741 6265/4383/9263 6340/4421/9338 
f 6338/4420/9336 6779/4420/9777 6780/4421/9778 6340/4421/9338 
f 6779/4420/9777 5578/4420/8576 5580/4421/8578 
f 4815/4382/7813 6781/4382/9779 4934/4383/7932 6782/4383/9780 
f 6783/4384/9781 4931/4382/7929 4934/4383/7932 6781/4382/9779 
f 6782/4383/9780 4819/4383/7817 4815/4382/7813 
f 6783/4384/9781 6781/4382/9779 4815/4382/7813 4818/4384/7816 
f 6783/4384/9781 4937/4384/7935 4931/4382/7929 
f 4823/4385/7821 6784/4385/9782 4937/4384/7935 6783/4384/9781 
f 6785/4386/9783 4940/4385/7938 4937/4384/7935 6784/4385/9782 
f 6783/4384/9781 4818/4384/7816 4823/4385/7821 
f 6785/4386/9783 6784/4385/9782 4823/4385/7821 4825/4386/7823 
f 6785/4386/9783 4944/4386/7942 4940/4385/7938 
f 4829/4387/7827 6786/4387/9784 4944/4386/7942 6785/4386/9783 
f 6787/4388/9785 4946/4387/7944 4944/4386/7942 6786/4387/9784 
f 6785/4386/9783 4825/4386/7823 4829/4387/7827 
f 6786/4387/9784 4829/4387/7827 4831/4388/7829 6787/4388/9785 
f 6787/4388/9785 4950/4388/7948 4946/4387/7944 
f 4835/4389/7833 6788/4389/9786 4950/4388/7948 6787/4388/9785 
f 6789/4390/9787 4952/4389/7950 4950/4388/7948 6788/4389/9786 
f 6787/4388/9785 4831/4388/7829 4835/4389/7833 
f 4837/4390/7835 6789/4390/9787 6788/4389/9786 4835/4389/7833 
f 6789/4390/9787 4956/4390/7954 4952/4389/7950 
f 4841/4391/7839 6790/4391/9788 4956/4390/7954 6789/4390/9787 
f 6791/4392/9789 4958/4391/7956 4956/4390/7954 6790/4391/9788 
f 6789/4390/9787 4837/4390/7835 4841/4391/7839 
f 4843/4392/7841 6791/4392/9789 6790/4391/9788 4841/4391/7839 
f 6791/4392/9789 4962/4392/7960 4958/4391/7956 
f 4847/4393/7845 6792/4393/9790 4962/4392/7960 6791/4392/9789 
f 4962/4392/7960 6792/4393/9790 6793/4394/9791 4964/4393/7962 
f 6791/4392/9789 4843/4392/7841 4847/4393/7845 
f 4849/4394/7847 6793/4394/9791 6792/4393/9790 4847/4393/7845 
f 6793/4394/9791 4968/4394/7966 4964/4393/7962 
f 6794/4395/9792 4968/4394/7966 6793/4394/9791 4853/4395/7851 
f 6795/4396/9793 4970/4395/7968 4968/4394/7966 6794/4395/9792 
f 6793/4394/9791 4849/4394/7847 4853/4395/7851 
f 6795/4396/9793 6794/4395/9792 4853/4395/7851 4855/4396/7853 
f 6795/4396/9793 4974/4396/7972 4970/4395/7968 
f 4859/4398/7857 6796/4398/9794 4974/4396/7972 6795/4396/9793 
f 6797/4397/9795 4976/4398/7974 4974/4396/7972 6796/4398/9794 
f 6795/4396/9793 4855/4396/7853 4859/4398/7857 
f 4861/4397/7859 6797/4397/9795 6796/4398/9794 4859/4398/7857 
f 6797/4397/9795 4980/4397/7978 4976/4398/7974 
f 6798/4399/9796 4980/4397/7978 6797/4397/9795 4865/4399/7863 
f 4982/4399/7980 4980/4397/7978 6798/4399/9796 6799/4400/9797 
f 6797/4397/9795 4861/4397/7859 4865/4399/7863 
f 4867/4400/7865 6799/4400/9797 6798/4399/9796 4865/4399/7863 
f 6799/4400/9797 4986/4400/7984 4982/4399/7980 
f 6800/4402/9798 4986/4400/7984 6799/4400/9797 4871/4402/7869 
f 4986/4400/7984 6800/4402/9798 6801/4401/9799 4988/4402/7986 
f 6799/4400/9797 4867/4400/7865 4871/4402/7869 
f 6801/4401/9799 6800/4402/9798 4871/4402/7869 4873/4401/7871 
f 6801/4401/9799 4992/4401/7990 4988/4402/7986 
f 4877/4403/7875 6802/4403/9800 4992/4401/7990 6801/4401/9799 
f 4994/4403/7992 4992/4401/7990 6802/4403/9800 6803/4404/9801 
f 6801/4401/9799 4873/4401/7871 4877/4403/7875 
f 6803/4404/9801 6802/4403/9800 4877/4403/7875 4879/4404/7877 
f 6803/4404/9801 4998/4404/7996 4994/4403/7992 
f 6804/4406/9802 4998/4404/7996 6803/4404/9801 4883/4406/7881 
f 6805/4405/9803 5000/4406/7998 4998/4404/7996 6804/4406/9802 
f 6803/4404/9801 4879/4404/7877 4883/4406/7881 
f 6804/4406/9802 4883/4406/7881 4885/4405/7883 6805/4405/9803 
f 6805/4405/9803 5004/4405/8002 5000/4406/7998 
f 6806/4407/9804 5004/4405/8002 6805/4405/9803 4889/4407/7887 
f 6807/4408/9805 5006/4407/8004 5004/4405/8002 6806/4407/9804 
f 6805/4405/9803 4885/4405/7883 4889/4407/7887 
f 6806/4407/9804 4889/4407/7887 4891/4408/7889 6807/4408/9805 
f 6807/4408/9805 5010/4408/8008 5006/4407/8004 
f 4895/4409/7893 6808/4409/9806 5010/4408/8008 6807/4408/9805 
f 5010/4408/8008 6808/4409/9806 6809/4410/9807 5012/4409/8010 
f 6807/4408/9805 4891/4408/7889 4895/4409/7893 
f 6809/4410/9807 6808/4409/9806 4895/4409/7893 4897/4410/7895 
f 6809/4410/9807 5016/4410/8014 5012/4409/8010 
f 6810/4412/9808 5016/4410/8014 6809/4410/9807 4901/4412/7899 
f 6811/4411/9809 5018/4412/8016 5016/4410/8014 6810/4412/9808 
f 6809/4410/9807 4897/4410/7895 4901/4412/7899 
f 6811/4411/9809 6810/4412/9808 4901/4412/7899 4903/4411/7901 
f 6811/4411/9809 5022/4411/8020 5018/4412/8016 
f 6812/4414/9810 5022/4411/8020 6811/4411/9809 4907/4414/7905 
f 5024/4414/8022 5022/4411/8020 6812/4414/9810 6813/4413/9811 
f 6811/4411/9809 4903/4411/7901 4907/4414/7905 
f 6813/4413/9811 6812/4414/9810 4907/4414/7905 4909/4413/7907 
f 6813/4413/9811 5028/4413/8026 5024/4414/8022 
f 6814/4415/9812 5028/4413/8026 6813/4413/9811 4913/4415/7911 
f 6815/4416/9813 5030/4415/8028 5028/4413/8026 6814/4415/9812 
f 6813/4413/9811 4909/4413/7907 4913/4415/7911 
f 6815/4416/9813 6814/4415/9812 4913/4415/7911 4915/4416/7913 
f 6815/4416/9813 5034/4416/8032 5030/4415/8028 
f 4919/4418/7917 6816/4418/9814 5034/4416/8032 6815/4416/9813 
f 6816/4418/9814 6817/4417/9815 5036/4418/8034 5034/4416/8032 
f 6815/4416/9813 4915/4416/7913 4919/4418/7917 
f 6817/4417/9815 6816/4418/9814 4919/4418/7917 4921/4417/7919 
f 6817/4417/9815 5040/4417/8038 5036/4418/8034 
f 4925/4419/7923 6818/4419/9816 5040/4417/8038 6817/4417/9815 
f 6819/4420/9817 5042/4419/8040 5040/4417/8038 6818/4419/9816 
f 6817/4417/9815 4921/4417/7919 4925/4419/7923 
f 6819/4420/9817 6818/4419/9816 4925/4419/7923 4927/4420/7925 
f 6819/4420/9817 5046/4420/8044 5042/4419/8040 
f 4930/4421/7928 6820/4421/9818 5046/4420/8044 6819/4420/9817 
f 6782/4383/9780 5049/4421/8047 5046/4420/8044 6820/4421/9818 
f 6819/4420/9817 4927/4420/7925 4930/4421/7928 
f 6820/4421/9818 4930/4421/7928 4819/4383/7817 6782/4383/9780 
f 6782/4383/9780 4934/4383/7932 5049/4421/8047 
f 6821/4382/9819 5051/4383/8049 6822/4383/9820 4935/4382/7933 
f 6823/4384/9821 5052/4382/8050 5051/4383/8049 6821/4382/9819 
f 6822/4383/9820 4939/4383/7937 4935/4382/7933 
f 6823/4384/9821 6821/4382/9819 4935/4382/7933 4938/4384/7936 
f 6823/4384/9821 5057/4384/8055 5052/4382/8050 
f 6824/4385/9822 5057/4384/8055 6823/4384/9821 4943/4385/7941 
f 6825/4386/9823 5061/4385/8059 5057/4384/8055 6824/4385/9822 
f 6823/4384/9821 4938/4384/7936 4943/4385/7941 
f 6825/4386/9823 6824/4385/9822 4943/4385/7941 4945/4386/7943 
f 6825/4386/9823 5064/4386/8062 5061/4385/8059 
f 4949/4387/7947 6826/4387/9824 5064/4386/8062 6825/4386/9823 
f 6827/4388/9825 5066/4387/8064 5064/4386/8062 6826/4387/9824 
f 6825/4386/9823 4945/4386/7943 4949/4387/7947 
f 6826/4387/9824 4949/4387/7947 4951/4388/7949 6827/4388/9825 
f 6827/4388/9825 5070/4388/8068 5066/4387/8064 
f 6828/4389/9826 5070/4388/8068 6827/4388/9825 4955/4389/7953 
f 6829/4390/9827 5074/4389/8072 5070/4388/8068 6828/4389/9826 
f 6827/4388/9825 4951/4388/7949 4955/4389/7953 
f 6829/4390/9827 6828/4389/9826 4955/4389/7953 4957/4390/7955 
f 6829/4390/9827 5076/4390/8074 5074/4389/8072 
f 4961/4391/7959 6830/4391/9828 5076/4390/8074 6829/4390/9827 
f 6831/4392/9829 5078/4391/8076 5076/4390/8074 6830/4391/9828 
f 6829/4390/9827 4957/4390/7955 4961/4391/7959 
f 6831/4392/9829 6830/4391/9828 4961/4391/7959 4963/4392/7961 
f 6831/4392/9829 5082/4392/8080 5078/4391/8076 
f 4967/4393/7965 6832/4393/9830 5082/4392/8080 6831/4392/9829 
f 5084/4393/8082 5082/4392/8080 6832/4393/9830 6833/4394/9831 
f 6831/4392/9829 4963/4392/7961 4967/4393/7965 
f 4969/4394/7967 6833/4394/9831 6832/4393/9830 4967/4393/7965 
f 6833/4394/9831 5088/4394/8086 5084/4393/8082 
f 6834/4395/9832 5088/4394/8086 6833/4394/9831 4973/4395/7971 
f 5090/4395/8088 5088/4394/8086 6834/4395/9832 6835/4396/9833 
f 6833/4394/9831 4969/4394/7967 4973/4395/7971 
f 6835/4396/9833 6834/4395/9832 4973/4395/7971 4975/4396/7973 
f 6835/4396/9833 5094/4396/8092 5090/4395/8088 
f 6836/4398/9834 5094/4396/8092 6835/4396/9833 4979/4398/7977 
f 5096/4398/8094 5094/4396/8092 6836/4398/9834 6837/4397/9835 
f 6835/4396/9833 4975/4396/7973 4979/4398/7977 
f 6837/4397/9835 6836/4398/9834 4979/4398/7977 4981/4397/7979 
f 6837/4397/9835 5100/4397/8098 5096/4398/8094 
f 6838/4399/9836 5100/4397/8098 6837/4397/9835 4985/4399/7983 
f 6839/4400/9837 5103/4399/8101 5100/4397/8098 6838/4399/9836 
f 6837/4397/9835 4981/4397/7979 4985/4399/7983 
f 6838/4399/9836 4985/4399/7983 4987/4400/7985 6839/4400/9837 
f 6839/4400/9837 5106/4400/8104 5103/4399/8101 
f 4991/4402/7989 6840/4402/9838 5106/4400/8104 6839/4400/9837 
f 5106/4400/8104 6840/4402/9838 6841/4401/9839 5108/4402/8106 
f 6839/4400/9837 4987/4400/7985 4991/4402/7989 
f 4993/4401/7991 6841/4401/9839 6840/4402/9838 4991/4402/7989 
f 6841/4401/9839 5112/4401/8110 5108/4402/8106 
f 4997/4403/7995 6842/4403/9840 5112/4401/8110 6841/4401/9839 
f 5114/4403/8112 5112/4401/8110 6842/4403/9840 6843/4404/9841 
f 6841/4401/9839 4993/4401/7991 4997/4403/7995 
f 6842/4403/9840 4997/4403/7995 4999/4404/7997 6843/4404/9841 
f 6843/4404/9841 5118/4404/8116 5114/4403/8112 
f 5003/4406/8001 6844/4406/9842 5118/4404/8116 6843/4404/9841 
f 5118/4404/8116 6844/4406/9842 6845/4405/9843 5120/4406/8118 
f 6843/4404/9841 4999/4404/7997 5003/4406/8001 
f 5005/4405/8003 6845/4405/9843 6844/4406/9842 5003/4406/8001 
f 6845/4405/9843 5124/4405/8122 5120/4406/8118 
f 5009/4407/8007 6846/4407/9844 5124/4405/8122 6845/4405/9843 
f 6847/4408/9845 5126/4407/8124 5124/4405/8122 6846/4407/9844 
f 6845/4405/9843 5005/4405/8003 5009/4407/8007 
f 6847/4408/9845 6846/4407/9844 5009/4407/8007 5011/4408/8009 
f 6847/4408/9845 5130/4408/8128 5126/4407/8124 
f 6848/4409/9846 5130/4408/8128 6847/4408/9845 5015/4409/8013 
f 6849/4410/9847 5132/4409/8130 5130/4408/8128 6848/4409/9846 
f 6847/4408/9845 5011/4408/8009 5015/4409/8013 
f 6848/4409/9846 5015/4409/8013 5017/4410/8015 6849/4410/9847 
f 6849/4410/9847 5136/4410/8134 5132/4409/8130 
f 5021/4412/8019 6850/4412/9848 5136/4410/8134 6849/4410/9847 
f 6851/4411/9849 5138/4412/8136 5136/4410/8134 6850/4412/9848 
f 6849/4410/9847 5017/4410/8015 5021/4412/8019 
f 6851/4411/9849 6850/4412/9848 5021/4412/8019 5023/4411/8021 
f 6851/4411/9849 5142/4411/8140 5138/4412/8136 
f 5027/4414/8025 6852/4414/9850 5142/4411/8140 6851/4411/9849 
f 6853/4413/9851 5146/4414/8144 5142/4411/8140 6852/4414/9850 
f 6851/4411/9849 5023/4411/8021 5027/4414/8025 
f 6853/4413/9851 6852/4414/9850 5027/4414/8025 5029/4413/8027 
f 6853/4413/9851 5148/4413/8146 5146/4414/8144 
f 5033/4415/8031 6854/4415/9852 5148/4413/8146 6853/4413/9851 
f 5152/4415/8150 5148/4413/8146 6854/4415/9852 6855/4416/9853 
f 6853/4413/9851 5029/4413/8027 5033/4415/8031 
f 5035/4416/8033 6855/4416/9853 6854/4415/9852 5033/4415/8031 
f 6855/4416/9853 5154/4416/8152 5152/4415/8150 
f 6856/4418/9854 5154/4416/8152 6855/4416/9853 5039/4418/8037 
f 5158/4418/8156 5154/4416/8152 6856/4418/9854 6857/4417/9855 
f 6855/4416/9853 5035/4416/8033 5039/4418/8037 
f 6857/4417/9855 6856/4418/9854 5039/4418/8037 5041/4417/8039 
f 6857/4417/9855 5160/4417/8158 5158/4418/8156 
f 5045/4419/8043 6858/4419/9856 5160/4417/8158 6857/4417/9855 
f 6859/4420/9857 5164/4419/8162 5160/4417/8158 6858/4419/9856 
f 6857/4417/9855 5041/4417/8039 5045/4419/8043 
f 6858/4419/9856 5045/4419/8043 5047/4420/8045 6859/4420/9857 
f 6859/4420/9857 5166/4420/8164 5164/4419/8162 
f 5166/4420/8164 6859/4420/9857 5050/4421/8048 6860/4421/9858 
f 6822/4383/9820 5168/4421/8166 5166/4420/8164 6860/4421/9858 
f 6859/4420/9857 5047/4420/8045 5050/4421/8048 
f 6860/4421/9858 5050/4421/8048 4939/4383/7937 6822/4383/9820 
f 6822/4383/9820 5051/4383/8049 5168/4421/8166 
# 1491 polygons - 1058 triangles

