# 3ds Max Wavefront OBJ Exporter v0.99 - (c)2007 guruware
# File Created: 28.03.2025 01:03:23

mtllib Llanta_frontal_texturizada.mtl

#
# object Object100
#

v  -7.4223 -5.5182 -0.0736
v  -7.6679 -4.6553 -1.1101
v  -7.0077 -5.6062 -1.0773
v  -6.6687 -6.4353 -0.0395
v  -6.6745 -4.7661 -1.8264
v  -6.0096 -5.6113 -1.7955
v  -6.9880 -5.5968 -1.2399
v  -7.6469 -4.6478 -1.2727
v  -6.9054 -5.5325 -1.2395
v  -6.9250 -5.5419 -1.0769
v  -7.5788 -4.6004 -1.1094
v  -7.5579 -4.5928 -1.2720
v  -7.4253 -5.5154 0.0683
v  -6.6717 -6.4324 0.1024
v  -7.0659 -6.0467 0.5603
v  -7.7768 -5.0905 0.5263
v  -7.3114 -5.4316 0.0690
v  -7.3085 -5.4345 -0.0730
v  -6.5646 -6.3398 -0.0393
v  -6.5675 -6.3369 0.1026
v  -6.6373 -4.7400 -1.8261
v  -5.9755 -5.5813 -1.7955
v  -7.6591 -5.0124 0.5271
v  -6.9572 -5.9564 0.5607
v  -6.7708 -4.5452 -1.8329
v  -7.6879 -4.3765 -1.2791
v  -7.7091 -4.3836 -1.1165
v  -7.4591 -5.2244 -0.0804
v  -7.4620 -5.2216 0.0616
v  -7.7999 -4.7944 0.5198
v  -7.0721 -6.0449 0.7444
v  -7.0767 -6.0404 0.9709
v  -7.7878 -5.0839 0.9369
v  -7.7832 -5.0884 0.7105
v  -7.9259 -4.8676 0.7031
v  -7.9305 -4.8630 0.9295
v  -6.9610 -5.9526 0.7449
v  -7.6628 -5.0086 0.7113
v  -7.8036 -4.7907 0.7040
v  -5.4514 -5.1295 -2.0079
v  -6.0673 -4.3466 -2.0365
v  -6.1915 -4.1653 -2.0427
v  -5.6410 -4.0512 -2.1587
v  -5.3177 -3.8242 -2.1659
v  -4.7626 -4.5299 -2.1402
v  -5.0595 -4.7903 -2.1317
v  -5.7583 -3.8800 -2.1645
v  -5.4298 -3.6607 -2.1715
v  -5.2804 -3.7990 -2.1962
v  -4.7282 -4.5010 -2.1706
v  -5.3918 -3.6364 -2.2018
v  -5.2374 -3.7678 -2.1685
v  -4.6887 -4.4653 -2.1432
v  -5.3481 -3.6063 -2.1742
v  -4.1492 -3.9903 -2.1077
v  -4.6500 -3.3536 -2.1310
v  -4.7512 -3.2062 -2.1360
v  -4.4700 -3.2271 -2.1352
v  -3.9837 -3.8453 -2.1127
v  -4.5680 -3.0840 -2.1402
v  -4.3951 -3.1665 -1.9072
v  -3.9153 -3.7765 -1.8850
v  -4.4919 -3.0254 -1.9121
v  -7.7995 -4.4365 -1.1173
v  -7.5749 -5.3054 -0.0811
v  -8.2018 -4.2975 -0.1144
v  -8.3294 -3.4073 -1.1491
v  -7.3570 -3.6453 -1.8632
v  -6.8086 -4.5704 -1.8331
v  -7.7783 -4.4293 -1.2799
v  -8.3071 -3.4021 -1.3116
v  -8.2339 -3.3645 -1.1480
v  -8.2117 -3.3592 -1.3105
v  -7.9195 -4.8697 0.5188
v  -8.4989 -3.8286 0.4857
v  -8.2047 -4.2946 0.0275
v  -7.5779 -5.3025 0.0609
v  -8.0809 -4.2266 0.0287
v  -8.0780 -4.2295 -0.1133
v  -7.3168 -3.6243 -1.8628
v  -8.3720 -3.7666 0.4872
v  -7.4236 -3.4137 -1.8693
v  -8.3122 -3.1278 -1.3173
v  -8.3347 -3.1324 -1.1548
v  -8.1998 -4.0014 -0.1204
v  -8.2027 -3.9986 0.0216
v  -8.4831 -3.5320 0.4801
v  -8.5102 -3.8216 0.8965
v  -8.5055 -3.8262 0.6700
v  -8.6181 -3.5886 0.6628
v  -8.6227 -3.5840 0.8893
v  -8.3758 -3.7628 0.6714
v  -8.4868 -3.5283 0.6643
v  -6.6995 -3.3084 -2.0705
v  -6.7989 -3.1124 -2.0766
v  -6.2379 -3.0711 -2.1908
v  -5.8877 -2.8883 -2.1966
v  -6.3318 -2.8860 -2.1966
v  -5.9774 -2.7116 -2.2021
v  -5.8473 -2.8681 -2.2268
v  -5.9365 -2.6924 -2.2322
v  -5.8006 -2.8429 -2.1989
v  -5.8892 -2.6683 -2.2043
v  -5.1643 -2.5093 -2.1587
v  -5.2451 -2.3499 -2.1636
v  -4.9691 -2.4075 -2.1622
v  -5.0476 -2.2527 -2.1669
v  -4.8876 -2.3578 -1.9338
v  -4.9650 -2.2052 -1.9385
v  -8.8147 -2.9852 -0.1537
v  -8.8217 -2.0833 -1.1860
v  -8.4311 -3.1730 -1.1560
v  -8.3252 -4.0666 -0.1216
v  -8.4087 -3.1684 -1.3184
v  -8.7986 -2.0807 -1.3485
v  -7.8869 -2.4449 -1.8984
v  -7.4644 -3.4337 -1.8697
v  -8.7214 -2.0533 -1.1846
v  -8.6982 -2.0506 -1.3471
v  -8.8177 -2.9824 -0.0117
v  -8.3281 -4.0637 0.0203
v  -8.6115 -3.5910 0.4786
v  -9.0496 -2.4828 0.4472
v  -8.6860 -2.9310 -0.0101
v  -8.6831 -2.9339 -0.1520
v  -7.8442 -2.4293 -1.8979
v  -8.9156 -2.4380 0.4490
v  -8.7676 -1.8080 -1.3534
v  -7.9225 -2.2065 -1.9041
v  -8.7909 -1.8102 -1.1911
v  -8.7740 -2.6919 -0.1588
v  -8.7769 -2.6890 -0.0169
v  -8.9949 -2.1909 0.4423
v  -9.0610 -2.4756 0.8579
v  -9.0563 -2.4801 0.6314
v  -9.1414 -2.2252 0.8511
v  -9.1367 -2.2298 0.6246
v  -8.9194 -2.4343 0.6332
v  -8.9987 -2.1872 0.6265
v  -7.1903 -2.1964 -2.1032
v  -7.2632 -1.9890 -2.1090
v  -6.7013 -2.0211 -2.2217
v  -6.3302 -1.8858 -2.2261
v  -6.7702 -1.8254 -2.2271
v  -6.3959 -1.6989 -2.2313
v  -6.2873 -1.8710 -2.2561
v  -6.3528 -1.6852 -2.2612
v  -6.2378 -1.8522 -2.2281
v  -6.3028 -1.6675 -2.2332
v  -5.5634 -1.6049 -2.1853
v  -5.6227 -1.4362 -2.1899
v  -5.3566 -1.5295 -2.1879
v  -5.4142 -1.3658 -2.1924
v  -5.2700 -1.4915 -1.9593
v  -5.3267 -1.3299 -1.9637
v  -9.2504 -1.6038 -0.1907
v  -9.1363 -0.7062 -1.2205
v  -8.8919 -1.8377 -1.1925
v  -8.9068 -2.7401 -0.1605
v  -8.2549 -1.1852 -1.9316
v  -7.9655 -2.2210 -1.9046
v  -8.8686 -1.8356 -1.3549
v  -9.1125 -0.7062 -1.3829
v  -9.0093 -0.6896 -1.3811
v  -9.0330 -0.6896 -1.2187
v  -9.1300 -2.2326 0.4403
v  -9.4192 -1.0766 0.4110
v  -9.2533 -1.6009 -0.0487
v  -8.9097 -2.7372 -0.0186
v  -9.1161 -1.5673 -0.0466
v  -9.1132 -1.5702 -0.1885
v  -8.2106 -1.1753 -1.9309
v  -9.2805 -1.0497 0.4133
v  -8.2590 -0.9441 -1.9366
v  -9.0463 -0.4399 -1.3869
v  -9.0700 -0.4393 -1.2246
v  -9.1716 -1.3183 -0.1949
v  -9.1746 -1.3154 -0.0529
v  -9.3268 -0.7942 0.4072
v  -9.4307 -1.0688 0.8217
v  -9.4260 -1.0734 0.5953
v  -9.4776 -0.8101 0.8155
v  -9.4729 -0.8147 0.5890
v  -9.2842 -1.0459 0.5975
v  -9.3306 -0.7905 0.5914
v  -7.5312 -1.0295 -2.1339
v  -7.5762 -0.8144 -2.1392
v  -7.0231 -0.9196 -2.2507
v  -6.6374 -0.8340 -2.2538
v  -7.0657 -0.7165 -2.2557
v  -6.6781 -0.6401 -2.2585
v  -6.5931 -0.8248 -2.2836
v  -6.6334 -0.6320 -2.2884
v  -6.5415 -0.8127 -2.2554
v  -6.5817 -0.6210 -2.2601
v  -5.8406 -0.6559 -2.2102
v  -5.8773 -0.4810 -2.2146
v  -5.6257 -0.6083 -2.2122
v  -5.6614 -0.4384 -2.2164
v  -5.5355 -0.5826 -1.9832
v  -5.5706 -0.4150 -1.9873
v  -9.1737 -0.4535 -1.2264
v  -9.3096 -1.3487 -0.1971
v  -9.5014 -0.1772 -0.2247
v  -9.2679 0.7004 -1.2517
v  -9.1499 -0.4540 -1.3888
v  -9.2438 0.6977 -1.4140
v  -8.4547 0.1119 -1.9620
v  -8.3035 -0.9529 -1.9373
v  -9.1392 0.7005 -1.4119
v  -9.1632 0.7033 -1.2496
v  -9.5043 -0.1743 -0.0828
v  -9.3125 -1.3458 -0.0552
v  -9.4661 -0.8179 0.4047
v  -9.6014 0.3661 0.3780
v  -9.3638 -0.1590 -0.0802
v  -9.3609 -0.1619 -0.2222
v  -8.4095 0.1159 -1.9611
v  -9.4604 0.3746 0.3807
v  -8.4272 0.3513 -1.9664
v  -9.1432 0.9530 -1.4172
v  -9.1672 0.9563 -1.2549
v  -9.3859 0.0955 -0.2279
v  -9.3888 0.0984 -0.0860
v  -9.4729 0.6338 0.3752
v  -9.6129 0.3742 0.7887
v  -9.6082 0.3696 0.5622
v  -9.6256 0.6370 0.7831
v  -9.6210 0.6323 0.5565
v  -9.4641 0.3784 0.5649
v  -9.4767 0.6376 0.5594
v  -7.7163 0.1720 -2.1621
v  -7.7328 0.3912 -2.1669
v  -7.1979 0.2147 -2.2773
v  -6.8043 0.2491 -2.2792
v  -7.2135 0.4217 -2.2819
v  -6.8192 0.4467 -2.2836
v  -6.7590 0.2524 -2.3089
v  -6.7738 0.4490 -2.3132
v  -6.7064 0.2576 -2.2805
v  -6.7212 0.4529 -2.2848
v  -5.9912 0.3212 -2.2331
v  -6.0046 0.4995 -2.2371
v  -5.7720 0.3403 -2.2344
v  -5.7850 0.5134 -2.2383
v  -5.6797 0.3535 -2.0052
v  -5.6926 0.5242 -2.0089
v  -9.5634 1.2701 -0.2554
v  -9.2140 2.1122 -1.2793
v  -9.2719 0.9557 -1.2570
v  -9.5267 0.0835 -0.2306
v  -9.2479 0.9525 -1.4193
v  -9.1901 2.1067 -1.4416
v  -8.4829 1.4241 -1.9893
v  -8.4726 0.3485 -1.9672
v  -9.1100 2.1013 -1.2769
v  -9.0860 2.0959 -1.4392
v  -9.5663 1.2730 -0.1135
v  -9.5296 0.0864 -0.0887
v  -9.6140 0.6287 0.3723
v  -9.5931 1.8203 0.3486
v  -9.4251 1.2698 -0.1105
v  -9.4221 1.2669 -0.2525
v  -8.4376 1.4220 -1.9882
v  -9.4522 1.8103 0.3517
v  -9.0570 2.3467 -1.4437
v  -8.4243 1.6579 -1.9928
v  -9.0808 2.3526 -1.2815
v  -9.4131 1.5254 -0.2575
v  -9.4160 1.5282 -0.1155
v  -9.4306 2.0689 0.3469
v  -9.6046 1.8288 0.7593
v  -9.5999 1.8242 0.5329
v  -9.5828 2.0909 0.7545
v  -9.5781 2.0863 0.5279
v  -9.4560 1.8140 0.5360
v  -9.4344 2.0726 0.5312
v  -7.7425 1.3875 -2.1872
v  -7.7301 1.6069 -2.1915
v  -7.2225 1.3622 -2.3011
v  -6.8278 1.3448 -2.3019
v  -7.2109 1.5695 -2.3051
v  -6.8168 1.5427 -2.3058
v  -6.7824 1.3422 -2.3315
v  -6.7714 1.5390 -2.3353
v  -6.7297 1.3404 -2.3029
v  -6.7187 1.5360 -2.3067
v  -6.0124 1.3097 -2.2536
v  -6.0025 1.4882 -2.2571
v  -5.7925 1.3000 -2.2543
v  -5.7828 1.4733 -2.2577
v  -5.7001 1.3004 -2.0248
v  -5.6905 1.4712 -2.0281
v  -9.1845 2.3659 -1.2839
v  -9.5543 1.5319 -0.2606
v  -9.4353 2.7131 -0.2820
v  -8.9758 3.5048 -1.3026
v  -8.3390 2.7286 -2.0128
v  -8.4696 1.6609 -1.9938
v  -9.1607 2.3600 -1.4461
v  -8.9523 3.4966 -1.4649
v  -8.8506 3.4723 -1.4622
v  -8.8740 3.4804 -1.3001
v  -9.5713 2.0823 0.3437
v  -9.3945 3.2609 0.3234
v  -9.4382 2.7160 -0.1401
v  -9.5572 1.5348 -0.1186
v  -9.2986 2.6943 -0.1368
v  -9.2957 2.6915 -0.2787
v  -8.2944 2.7207 -2.0116
v  -9.2561 3.2325 0.3269
v  -8.2503 2.9528 -2.0155
v  -8.7888 3.7171 -1.4660
v  -8.8122 3.7257 -1.3038
v  -9.2529 2.9465 -0.2831
v  -9.2559 2.9494 -0.1411
v  -9.2008 3.4862 0.3229
v  -9.4059 3.2699 0.7342
v  -9.4013 3.2653 0.5076
v  -9.3499 3.5269 0.7302
v  -9.3452 3.5223 0.5036
v  -9.2598 3.2362 0.5111
v  -9.2046 3.4899 0.5071
v  -7.6092 2.5959 -2.2091
v  -7.5682 2.8119 -2.2127
v  -7.0967 2.5032 -2.3217
v  -6.7077 2.4342 -2.3215
v  -7.0581 2.7072 -2.3250
v  -6.6708 2.6289 -2.3248
v  -6.6629 2.4258 -2.3510
v  -6.6262 2.6194 -2.3541
v  -6.6110 2.4171 -2.3224
v  -6.5745 2.6094 -2.3255
v  -5.9040 2.2925 -2.2714
v  -5.8708 2.4682 -2.2743
v  -5.6874 2.2541 -2.2716
v  -5.6550 2.4246 -2.2744
v  -5.5963 2.2417 -2.0418
v  -5.5643 2.4100 -2.0446
v  -8.9133 3.7525 -1.3064
v  -9.3919 2.9714 -0.2864
v  -9.1192 4.1270 -0.3043
v  -8.5572 4.8542 -1.3214
v  -8.8900 3.7439 -1.4686
v  -8.5346 4.8435 -1.4836
v  -8.0256 4.0032 -2.0321
v  -8.2948 2.9618 -2.0166
v  -8.4596 4.8168 -1.3187
v  -8.4369 4.8060 -1.4808
v  -9.1221 4.1298 -0.1623
v  -9.3948 2.9743 -0.1445
v  -9.3384 3.5179 0.3194
v  -9.0087 4.6632 0.3029
v  -8.9866 4.0901 -0.1588
v  -8.9837 4.0873 -0.3006
v  -7.9822 3.9895 -2.0309
v  -8.8753 4.6169 0.3066
v  -7.9083 4.2138 -2.0341
v  -8.3437 5.0407 -1.4837
v  -8.3662 5.0518 -1.3215
v  -8.9079 4.3345 -0.3041
v  -8.9108 4.3374 -0.1622
v  -8.7873 4.8612 0.3035
v  -9.0202 4.6726 0.7138
v  -9.0155 4.6680 0.4871
v  -8.9310 4.9200 0.7106
v  -8.9263 4.9155 0.4839
v  -8.8790 4.6207 0.4909
v  -8.7911 4.8650 0.4877
v  -7.3188 3.7765 -2.2271
v  -7.2499 3.9853 -2.2299
v  -6.8225 3.6179 -2.3386
v  -6.4460 3.4985 -2.3378
v  -6.7575 3.8149 -2.3413
v  -6.3838 3.6867 -2.3403
v  -6.4025 3.4844 -2.3671
v  -6.3408 3.6716 -2.3697
v  -6.3523 3.4688 -2.3384
v  -6.2909 3.6549 -2.3410
v  -5.6678 3.2527 -2.2860
v  -5.6119 3.4225 -2.2883
v  -5.4581 3.1863 -2.2858
v  -5.4036 3.3511 -2.2880
v  -5.3700 3.1615 -2.0558
v  -5.3164 3.3241 -2.0580
v  -8.4629 5.0916 -1.3243
v  -9.0425 4.3775 -0.3078
v  -8.6208 5.4874 -0.3216
v  -7.9655 6.1373 -1.3353
v  -8.4404 5.0805 -1.4865
v  -7.9440 6.1242 -1.4975
v  -7.5478 5.2258 -2.0471
v  -7.9512 4.2286 -2.0353
v  -7.8736 6.0874 -1.3324
v  -7.8521 6.0742 -1.4946
v  -8.9196 4.9106 0.2997
v  -8.4428 6.0030 0.2874
v  -8.6237 5.4903 -0.1797
v  -9.0454 4.3804 -0.1659
v  -8.4916 5.4303 -0.3178
v  -8.4946 5.4331 -0.1758
v  -7.5067 5.2065 -2.0459
v  -8.3166 5.9396 0.2913
v  -7.7289 6.2947 -1.4965
v  -7.4040 5.4194 -2.0482
v  -7.7502 6.3083 -1.3343
v  -8.3841 5.6654 -0.3204
v  -8.3870 5.6683 -0.1784
v  -8.1974 6.1703 0.2891
v  -8.4540 6.0127 0.6982
v  -8.4494 6.0081 0.4716
v  -8.3332 6.2464 0.6960
v  -8.3285 6.2418 0.4693
v  -8.3203 5.9433 0.4755
v  -8.2011 6.1741 0.4733
v  -6.8763 4.9092 -2.2410
v  -6.7807 5.1071 -2.2430
v  -6.4048 4.6871 -2.3517
v  -6.0470 4.5195 -2.3503
v  -6.3145 4.8740 -2.3537
v  -5.9608 4.6979 -2.3522
v  -6.0058 4.4999 -2.3796
v  -5.9201 4.6773 -2.3815
v  -5.9581 4.4778 -2.3508
v  -5.8729 4.6541 -2.3527
v  -5.3080 4.1738 -2.2973
v  -5.2303 4.3348 -2.2990
v  -5.1086 4.0804 -2.2967
v  -5.0332 4.2367 -2.2984
v  -5.0253 4.0437 -2.0667
v  -4.9508 4.1980 -2.0682
v  -7.8410 6.3604 -1.3373
v  -8.5119 5.7257 -0.3242
v  -7.9485 6.7709 -0.3339
v  -7.2110 7.3319 -1.3440
v  -6.9142 6.3754 -2.0574
v  -7.4446 5.4396 -2.0494
v  -7.8197 6.3468 -1.4994
v  -7.1909 7.3165 -1.5061
v  -7.1264 7.2704 -1.3410
v  -7.1063 7.2550 -1.5032
v  -7.9514 6.7737 -0.1918
v  -8.5148 5.7286 -0.1823
v  -8.3220 6.2366 0.2852
v  -7.7062 7.2572 0.2771
v  -7.8308 6.7001 -0.1879
v  -7.8279 6.6973 -0.3299
v  -6.8759 6.3509 -2.0561
v  -7.5894 7.1778 0.2812
v  -6.7462 6.5485 -2.0575
v  -6.9553 7.4574 -1.5041
v  -6.9751 7.4732 -1.3421
v  -7.6905 6.9164 -0.3315
v  -7.6935 6.9193 -0.1895
v  -7.4410 7.3908 0.2799
v  -7.7126 7.2626 0.4613
v  -7.7172 7.2672 0.6880
v  -7.5669 7.4831 0.6867
v  -7.5622 7.4785 0.4600
v  -7.5932 7.1815 0.4654
v  -7.4447 7.3946 0.4641
v  -6.2893 5.9740 -2.2505
v  -6.1685 6.1578 -2.2518
v  -5.8507 5.6924 -2.3608
v  -5.5179 5.4794 -2.3589
v  -5.4091 5.6451 -2.3601
v  -5.7366 5.8659 -2.3620
v  -5.4795 5.4546 -2.3882
v  -5.3712 5.6194 -2.3893
v  -5.4351 5.4265 -2.3593
v  -5.3275 5.5901 -2.3604
v  -4.8306 5.0398 -2.3051
v  -4.7324 5.1892 -2.3062
v  -4.6452 4.9211 -2.3043
v  -4.5499 5.0663 -2.3053
v  -4.5680 4.8734 -2.0741
v  -4.4740 5.0166 -2.0751
v  -7.1139 7.9552 -0.3407
v  -6.3064 8.4176 -1.3474
v  -7.0582 7.5367 -1.3450
v  -7.8093 6.9928 -0.3355
v  -6.1353 7.4322 -2.0629
v  -6.7838 6.5738 -2.0588
v  -7.0384 7.5210 -1.5072
v  -6.2881 8.4000 -1.5096
v  -6.2306 8.3455 -1.3444
v  -6.2122 8.3279 -1.5066
v  -7.5559 7.4730 0.2758
v  -6.8118 8.4042 0.2722
v  -7.1168 7.9581 -0.1988
v  -7.8123 6.9957 -0.1936
v  -7.0069 7.8694 -0.1947
v  -7.0040 7.8665 -0.3366
v  -6.1007 7.4029 -2.0616
v  -6.7064 8.3102 0.2763
v  -5.9462 7.5817 -2.0620
v  -6.0360 8.5088 -1.5066
v  -6.0541 8.5267 -1.3445
v  -6.8392 8.0658 -0.3373
v  -6.8421 8.0687 -0.1953
v  -6.5313 8.5020 0.2760
v  -6.8180 8.4100 0.4564
v  -6.8226 8.4145 0.6831
v  -6.6453 8.6088 0.6827
v  -6.6406 8.6043 0.4560
v  -6.7102 8.3140 0.4605
v  -6.5352 8.5057 0.4602
v  -5.5679 6.9529 -2.2555
v  -5.4241 7.1193 -2.2560
v  -5.1695 6.6165 -2.3654
v  -4.8676 6.3619 -2.3634
v  -5.0338 6.7737 -2.3659
v  -4.7380 6.5119 -2.3639
v  -4.8326 6.3323 -2.3927
v  -4.7037 6.4815 -2.3931
v  -4.7925 6.2985 -2.3637
v  -4.6645 6.4467 -2.3641
v  -4.2439 5.8360 -2.3092
v  -4.1270 5.9713 -2.3095
v  -4.0757 5.6940 -2.3082
v  -3.9621 5.8253 -2.3086
v  -4.0060 5.6359 -2.0780
v  -3.8940 5.7655 -2.0784
v  -6.1315 9.0203 -0.3421
v  -5.2676 9.3753 -1.3455
v  -6.1281 8.6006 -1.3475
v  -6.9469 8.1572 -0.3414
v  -5.2249 8.3779 -2.0634
v  -5.9802 7.6118 -2.0634
v  -6.1101 8.5827 -1.5096
v  -5.2512 9.3560 -1.5076
v  -5.2018 9.2939 -1.3425
v  -5.1855 9.2746 -1.5047
v  -6.1344 9.0231 -0.2002
v  -6.9498 8.1601 -0.1994
v  -6.6346 8.5984 0.2719
v  -5.7750 9.4242 0.2728
v  -6.0371 8.9207 -0.1961
v  -6.0341 8.9179 -0.3380
v  -5.1944 8.3443 -2.0621
v  -5.6827 9.3172 0.2769
v  -5.0178 8.5014 -2.0616
v  -4.9871 9.4308 -1.5037
v  -5.0031 9.4505 -1.3416
v  -5.8446 9.0938 -0.3377
v  -5.8475 9.0967 -0.1957
v  -5.4841 9.4844 0.2776
v  -5.7855 9.4349 0.6838
v  -5.7808 9.4303 0.4570
v  -5.5842 9.6043 0.6845
v  -5.5795 9.5997 0.4578
v  -5.6865 9.3209 0.4612
v  -5.4879 9.4881 0.4619
v  -4.7245 7.8289 -2.2560
v  -4.5602 7.9751 -2.2555
v  -4.3733 7.4436 -2.3660
v  -4.1073 7.1515 -2.3638
v  -3.9593 7.2832 -2.3635
v  -4.2182 7.5816 -2.3656
v  -4.0765 7.1178 -2.3930
v  -3.9292 7.2488 -2.3927
v  -4.0412 7.0789 -2.3642
v  -3.8948 7.2091 -2.3638
v  -3.5581 6.5484 -2.3095
v  -3.4244 6.6672 -2.3092
v  -3.4099 6.3856 -2.3086
v  -3.2801 6.5010 -2.3083
v  -3.3490 6.3184 -2.0783
v  -3.2210 6.4322 -2.0780
v  -5.0181 9.9475 -0.3380
v  -4.1122 10.1889 -1.3383
v  -5.0669 9.5335 -1.3446
v  -5.9394 9.1985 -0.3418
v  -4.1985 9.1963 -2.0589
v  -5.0475 8.5356 -2.0629
v  -5.0509 9.5138 -1.5067
v  -4.0981 10.1679 -1.5004
v  -4.0578 10.0996 -1.3353
v  -4.0437 10.0786 -1.4975
v  -5.0210 9.9504 -0.1961
v  -5.9424 9.2014 -0.1998
v  -5.5738 9.5936 0.2736
v  -4.6134 10.2997 0.2790
v  -4.9350 9.8332 -0.3341
v  -4.9380 9.8361 -0.1921
v  -4.1726 9.1590 -2.0575
v  -4.5360 10.1815 0.2830
v  -3.8265 10.2076 -1.4957
v  -3.9770 9.2916 -2.0562
v  -3.8402 10.2288 -1.3335
v  -4.7240 9.9829 -0.3327
v  -4.7269 9.9857 -0.1908
v  -4.3172 10.3213 0.2846
v  -4.6190 10.3060 0.4631
v  -4.6236 10.3106 0.6899
v  -4.4019 10.4522 0.6916
v  -4.3973 10.4476 0.4648
v  -4.5398 10.1853 0.4672
v  -4.3210 10.3251 0.4689
v  -3.7737 8.5870 -2.2518
v  -3.5917 8.7103 -2.2506
v  -3.4757 8.1593 -2.3620
v  -3.2502 7.8350 -2.3601
v  -3.3039 8.2757 -2.3609
v  -3.0862 7.9462 -2.3590
v  -3.2241 7.7975 -2.3893
v  -3.0608 7.9081 -2.3882
v  -3.1941 7.7543 -2.3604
v  -3.0320 7.8642 -2.3594
v  -2.7848 7.1649 -2.3062
v  -2.6368 7.2652 -2.3052
v  -2.6592 6.9842 -2.3053
v  -2.5155 7.0815 -2.3044
v  -2.6084 6.9089 -2.0751
v  -2.4666 7.0051 -2.0742
v  -3.7929 10.7209 -0.3286
v  -2.8604 10.8442 -1.3258
v  -3.8926 10.3194 -1.3364
v  -4.8044 10.0991 -0.3367
v  -3.8788 10.2982 -1.4986
v  -2.8487 10.8220 -1.4880
v  -3.0738 9.8732 -2.0494
v  -4.0021 9.3295 -2.0575
v  -2.8181 10.7485 -1.3230
v  -2.8064 10.7263 -1.4852
v  -4.3918 10.4413 0.2806
v  -3.3473 11.0155 0.2905
v  -3.7958 10.7237 -0.1866
v  -4.8073 10.1019 -0.1947
v  -3.7255 10.5968 -0.3246
v  -3.7284 10.5996 -0.1827
v  -3.0531 9.8329 -2.0483
v  -3.2861 10.8883 0.2943
v  -2.8418 9.9387 -2.0460
v  -2.5742 10.8257 -1.4824
v  -2.5855 10.8482 -1.3202
v  -3.4967 10.7174 -0.3224
v  -3.4997 10.7203 -0.1804
v  -3.0509 10.9982 0.2969
v  -3.3571 11.0267 0.7011
v  -3.3525 11.0221 0.4747
v  -3.1189 11.1380 0.7037
v  -3.1141 11.1334 0.4773
v  -3.2899 10.8920 0.4786
v  -3.0547 11.0020 0.4811
v  -2.7320 9.2141 -2.2431
v  -2.5353 9.3125 -2.2411
v  -2.4921 8.7513 -2.3538
v  -2.3111 8.4002 -2.3523
v  -2.3066 8.8443 -2.3519
v  -2.1339 8.4889 -2.3504
v  -2.2899 8.3597 -2.3815
v  -2.1137 8.4480 -2.3797
v  -2.2661 8.3129 -2.3527
v  -2.0909 8.4006 -2.3509
v  -1.9376 7.6748 -2.2991
v  -1.7777 7.7550 -2.2974
v  -1.8367 7.4792 -2.2985
v  -1.6815 7.5570 -2.2969
v  -1.7968 7.3974 -2.0684
v  -1.6436 7.4741 -2.0668
v  -2.4769 11.3272 -0.3137
v  -1.5336 11.3299 -1.3084
v  -2.6256 10.9448 -1.3230
v  -3.5611 10.8432 -0.3263
v  -2.6142 10.9224 -1.4852
v  -1.5244 11.3067 -1.4706
v  -1.8703 10.3971 -2.0354
v  -2.8616 9.9795 -2.0472
v  -1.4950 11.2063 -1.4679
v  -1.5041 11.2295 -1.3057
v  -2.4798 11.3301 -0.1718
v  -3.5641 10.8460 -0.1843
v  -3.1091 11.1269 0.2931
v  -1.9985 11.5595 0.3072
v  -2.4294 11.1982 -0.1681
v  -2.4264 11.1954 -0.3101
v  -1.8549 10.3543 -2.0341
v  -1.9545 11.4253 0.3109
v  -1.6317 10.4315 -2.0311
v  -1.2518 11.2745 -1.4644
v  -1.2606 11.2978 -1.3022
v  -2.1838 11.2850 -0.3069
v  -2.1868 11.2879 -0.1650
v  -1.7068 11.5034 0.3143
v  -2.0080 11.5707 0.7178
v  -2.0032 11.5662 0.4914
v  -1.7570 11.6499 0.7213
v  -1.7524 11.6453 0.4949
v  -1.9582 11.4290 0.4951
v  -1.7106 11.5071 0.4985
v  -1.6170 9.6993 -2.2300
v  -1.4093 9.7712 -2.2272
v  -1.4396 9.2094 -2.3414
v  -1.3060 8.8376 -2.3405
v  -1.2434 9.2773 -2.3388
v  -1.1188 8.9024 -2.3379
v  -1.2903 8.7948 -2.3698
v  -1.1040 8.8592 -2.3674
v  -1.2728 8.7452 -2.3410
v  -1.0877 8.8092 -2.3386
v  -1.0308 8.0695 -2.2885
v  -0.8619 8.1279 -2.2862
v  -0.9564 7.8623 -2.2882
v  -0.7924 7.9191 -2.2860
v  -0.9282 7.7754 -2.0582
v  -0.7664 7.8314 -2.0560
v  -1.0931 11.7561 -0.2940
v  -0.1547 11.6377 -1.2863
v  -1.2876 11.3989 -1.3047
v  -2.2313 11.4181 -0.3106
v  -0.6085 10.7588 -2.0168
v  -1.6460 10.4746 -2.0323
v  -1.2789 11.3756 -1.4670
v  -0.1482 11.6140 -1.4486
v  -0.1386 11.5343 -1.2839
v  -0.1321 11.5105 -1.4461
v  -1.7478 11.6387 0.3107
v  -0.5901 11.9221 0.3288
v  -1.0960 11.7590 -0.1520
v  -2.2342 11.4210 -0.1687
v  -1.0632 11.6216 -0.1486
v  -1.0603 11.6187 -0.2905
v  -0.5989 10.7144 -2.0156
v  -0.5640 11.7833 0.3321
v  -0.3674 10.7617 -2.0119
v  0.1179 11.5463 -1.4417
v  0.1119 11.5701 -1.2795
v  -0.8080 11.6758 -0.2865
v  -0.8109 11.6787 -0.1446
v  -0.3083 11.8283 0.3365
v  -0.5945 11.9289 0.5130
v  -0.5991 11.9335 0.7394
v  -0.3400 11.9791 0.7438
v  -0.3354 11.9745 0.5173
v  -0.5678 11.7870 0.5164
v  -0.3121 11.8320 0.5207
v  -0.4483 10.0343 -2.2128
v  -0.2329 10.0784 -2.2093
v  -0.3362 9.5258 -2.3252
v  -0.2524 9.1397 -2.3249
v  -0.1328 9.5674 -2.3219
v  -0.0583 9.1793 -2.3218
v  -0.2423 9.0952 -2.3543
v  -0.0492 9.1347 -2.3512
v  -0.2316 9.0437 -2.3257
v  -0.0397 9.0829 -2.3226
v  -0.0803 8.3420 -2.2745
v  0.0949 8.3778 -2.2715
v  -0.0337 8.1269 -2.2746
v  0.1364 8.1616 -2.2717
v  -0.0178 8.0365 -2.0447
v  0.1501 8.0708 -2.0420
v  0.0984 11.6739 -1.2818
v  -0.8376 11.8140 -0.2899
v  0.3350 11.9999 -0.2696
v  1.2527 11.7623 -1.2599
v  0.6898 10.9521 -1.9940
v  -0.3760 10.8063 -2.0129
v  0.1043 11.6500 -1.4441
v  1.2565 11.7382 -1.4222
v  1.2550 11.6576 -1.2577
v  1.2588 11.6336 -1.4200
v  0.3321 12.0028 -0.1276
v  -0.8405 11.8169 -0.1480
v  -0.3311 11.9678 0.3331
v  0.8536 12.0971 0.3549
v  0.3466 11.8623 -0.1245
v  0.3495 11.8594 -0.2664
v  0.6935 10.9069 -1.9929
v  0.8614 11.9560 0.3579
v  0.9291 10.9235 -1.9885
v  1.5113 11.6363 -1.4149
v  1.5080 11.6603 -1.2526
v  0.6070 11.8830 -0.2616
v  0.6041 11.8859 -0.1197
v  1.1207 11.9672 0.3630
v  0.8497 12.1040 0.5391
v  0.8450 12.1086 0.7656
v  1.1078 12.1199 0.7707
v  1.1124 12.1153 0.5442
v  0.8576 11.9598 0.5423
v  1.1169 11.9710 0.5473
v  0.7543 10.2135 -2.1917
v  0.9736 10.2289 -2.1876
v  0.7992 9.6949 -2.3053
v  0.8316 9.3011 -2.3060
v  1.0062 9.7095 -2.3013
v  1.0293 9.3150 -2.3022
v  0.8359 9.2558 -2.3355
v  1.0325 9.2697 -2.3317
v  0.8397 9.2033 -2.3069
v  1.0351 9.2170 -2.3031
v  0.8977 8.4877 -2.2573
v  1.0760 8.5002 -2.2539
v  0.9158 8.2684 -2.2579
v  1.0890 8.2805 -2.2547
v  0.9191 8.1760 -2.0283
v  1.0899 8.1881 -2.0251
v  1.5082 11.7650 -1.2547
v  0.5959 12.0239 -0.2648
v  1.7826 12.0547 -0.2410
v  2.6641 11.7014 -1.2297
v  2.0020 10.9739 -1.9674
v  0.9265 10.9688 -1.9895
v  1.5114 11.7410 -1.4170
v  2.6652 11.6775 -1.3920
v  2.6538 11.5735 -1.3901
v  2.6527 11.5974 -1.2277
v  1.7797 12.0576 -0.0990
v  0.5929 12.0268 -0.1228
v  1.1163 12.1084 0.3601
v  2.3077 12.0815 0.3851
v  1.7757 11.9163 -0.0962
v  1.7787 11.9135 -0.2382
v  1.9998 10.9285 -1.9665
v  2.2969 11.9407 0.3878
v  2.2355 10.9141 -1.9614
v  2.9045 11.5431 -1.3844
v  2.9039 11.5670 -1.2220
v  2.0371 11.9032 -0.2327
v  2.0341 11.9060 -0.0907
v  2.5555 11.9178 0.3935
v  2.3042 12.0884 0.5693
v  2.2995 12.0930 0.7957
v  2.5615 12.0698 0.8016
v  2.5662 12.0652 0.5751
v  2.2931 11.9444 0.5720
v  2.5517 11.9215 0.5778
v  1.9699 10.2336 -2.1672
v  2.1893 10.2201 -2.1623
v  1.9468 9.7138 -2.2821
v  1.9275 9.3192 -2.2837
v  2.1540 9.7012 -2.2776
v  2.1252 9.3072 -2.2795
v  1.9259 9.2738 -2.3135
v  2.1226 9.2617 -2.3092
v  1.9227 9.2211 -2.2850
v  2.1181 9.2092 -2.2808
v  1.8863 8.5040 -2.2373
v  2.0648 8.4931 -2.2335
v  1.8755 8.2842 -2.2385
v  2.0487 8.2736 -2.2347
v  1.8661 8.1916 -2.0092
v  2.0370 8.1812 -2.0054
v  3.2249 11.9194 -0.2086
v  4.0553 11.4562 -1.1960
v  2.9177 11.6707 -1.2238
v  2.0443 12.0443 -0.2353
v  3.3058 10.8234 -1.9375
v  2.2389 10.9593 -1.9623
v  2.9182 11.6468 -1.3862
v  4.0537 11.4328 -1.3585
v  4.0304 11.3546 -1.1945
v  4.0288 11.3312 -1.3570
v  3.2220 11.9222 -0.0666
v  2.0415 12.0472 -0.0934
v  2.5696 12.0584 0.3910
v  3.7472 11.8757 0.4189
v  3.1995 11.7828 -0.0642
v  3.2024 11.7799 -0.2062
v  3.2976 10.7788 -1.9369
v  3.7180 11.7375 0.4211
v  3.5294 10.7337 -1.9312
v  4.2733 11.2683 -1.3506
v  4.2753 11.2915 -1.1882
v  3.4572 11.7359 -0.2000
v  3.4543 11.7388 -0.0581
v  3.9714 11.6809 0.4274
v  3.7395 11.8871 0.8295
v  3.7441 11.8825 0.6031
v  3.9961 11.8298 0.8360
v  4.0007 11.8252 0.6095
v  3.7142 11.7412 0.6053
v  3.9675 11.6846 0.6117
v  3.1776 10.0943 -2.1395
v  3.3933 10.0523 -2.1343
v  3.0869 9.5824 -2.2560
v  3.0161 9.1937 -2.2588
v  3.2907 9.5426 -2.2510
v  3.2106 9.1558 -2.2540
v  3.0087 9.1489 -2.2886
v  3.2021 9.1112 -2.2839
v  2.9985 9.0970 -2.2605
v  3.1907 9.0596 -2.2557
v  2.8685 8.3908 -2.2148
v  3.0440 8.3566 -2.2105
v  2.8290 8.1742 -2.2167
v  2.9993 8.1410 -2.2125
v  2.8068 8.0832 -1.9876
v  2.9749 8.0504 -1.9835
v  4.6369 11.5963 -0.1730
v  5.4023 11.0309 -1.1598
v  4.3026 11.3925 -1.1897
v  3.4830 11.8748 -0.2024
v  4.3006 11.3692 -1.3521
v  5.3982 11.0083 -1.3223
v  4.5785 10.5036 -1.9049
v  3.5387 10.7781 -1.9319
v  5.3644 10.9334 -1.1585
v  5.3601 10.9108 -1.3211
v  4.6340 11.5992 -0.0311
v  3.4800 11.8776 -0.0604
v  4.0039 11.8184 0.4253
v  5.1472 11.4831 0.4556
v  4.5964 11.4609 -0.1711
v  4.5935 11.4638 -0.0291
v  4.5646 10.4604 -1.9043
v  5.1002 11.3499 0.4574
v  4.7885 10.3853 -1.8983
v  5.5942 10.8164 -1.3143
v  5.5989 10.8389 -1.1518
v  4.8432 11.3839 -0.1644
v  4.8403 11.3868 -0.0225
v  5.3439 11.2606 0.4642
v  5.1398 11.4943 0.8663
v  5.1444 11.4897 0.6398
v  5.3915 11.3993 0.6468
v  5.3867 11.4038 0.8732
v  5.0964 11.3536 0.6416
v  5.3401 11.2643 0.6485
v  4.3565 9.7980 -2.1093
v  4.5649 9.7281 -2.1036
v  4.2000 9.3026 -2.2274
v  4.0789 8.9265 -2.2316
v  4.3968 9.2367 -2.2221
v  4.2667 8.8635 -2.2265
v  4.0657 8.8833 -2.2615
v  4.2525 8.8205 -2.2564
v  4.0488 8.8331 -2.2334
v  4.2344 8.7708 -2.2284
v  3.8273 8.1498 -2.1902
v  3.9967 8.0929 -2.1856
v  3.7598 7.9403 -2.1928
v  3.9243 7.8850 -2.1884
v  3.7253 7.8523 -1.9640
v  3.8876 7.7978 -1.9597
v  5.6391 10.9354 -1.1530
v  4.8869 11.5183 -0.1662
v  5.9943 11.0911 -0.1348
v  6.6820 10.4328 -1.1213
v  5.7983 10.0198 -1.8700
v  4.8034 10.4281 -1.8989
v  5.6346 10.9130 -1.3154
v  6.6753 10.4114 -1.2839
v  6.6315 10.3411 -1.1205
v  6.6249 10.3197 -1.2830
v  5.3941 11.3927 0.4625
v  6.4837 10.9104 0.4948
v  5.9914 11.0940 0.0071
v  4.8840 11.5212 -0.0243
v  5.9335 10.9650 0.0085
v  5.9364 10.9621 -0.1334
v  5.7788 9.9788 -1.8696
v  6.4196 10.7845 0.4960
v  5.9909 9.8750 -1.8632
v  6.8446 10.1955 -1.2760
v  6.8517 10.2166 -1.1134
v  6.1710 10.8535 -0.1264
v  6.1681 10.8564 0.0156
v  6.6495 10.6640 0.5031
v  6.4813 10.9170 0.6790
v  6.4766 10.9215 0.9053
v  6.7096 10.7995 0.9127
v  6.7143 10.7949 0.6862
v  6.4158 10.7882 0.6802
v  6.6458 10.6678 0.6873
v  5.4865 9.3499 -2.0769
v  5.6839 9.2532 -2.0709
v  5.2668 8.8796 -2.1969
v  5.0975 8.5226 -2.2024
v  5.4532 8.7884 -2.1913
v  5.2754 8.4355 -2.1971
v  5.0788 8.4814 -2.2326
v  5.2559 8.3948 -2.2272
v  5.0554 8.4338 -2.2047
v  5.2313 8.3478 -2.1993
v  4.7462 7.7853 -2.1640
v  4.9068 7.7067 -2.1591
v  4.6519 7.5864 -2.1673
v  4.8078 7.5102 -2.1625
v  4.6055 7.5031 -1.9389
v  4.7593 7.4280 -1.9343
v  7.2739 10.4124 -0.0947
v  7.8722 9.6723 -1.0815
v  6.9043 10.3071 -1.1142
v  6.2320 10.9810 -0.1277
v  6.8972 10.2859 -1.2768
v  7.8633 9.6523 -1.2440
v  6.9443 9.3804 -1.8336
v  6.0114 9.9155 -1.8636
v  7.8102 9.5879 -1.0810
v  7.8012 9.5680 -1.2436
v  7.2710 10.4153 0.0472
v  6.2291 10.9839 0.0142
v  6.7166 10.7885 0.5020
v  7.7336 10.1677 0.5354
v  7.1966 10.2951 0.0481
v  7.1996 10.2922 -0.0939
v  6.9195 9.3423 -1.8333
v  7.6536 10.0511 0.5362
v  8.0028 9.4160 -1.2364
v  7.1162 9.2115 -1.8266
v  8.0121 9.4357 -1.0738
v  7.4179 10.1537 -0.0865
v  7.4150 10.1566 0.0553
v  7.8657 9.9016 0.5435
v  7.7269 10.1785 0.9462
v  7.7315 10.1739 0.7198
v  7.9419 10.0270 0.9536
v  7.9465 10.0224 0.7272
v  7.6498 10.0549 0.7204
v  7.8620 9.9054 0.7279
v  6.5479 8.7575 -2.0431
v  6.7309 8.6359 -2.0369
v  6.2689 8.3204 -2.1650
v  6.0544 7.9886 -2.1720
v  6.4417 8.2055 -2.1591
v  6.2194 7.8790 -2.1664
v  6.0305 7.9503 -2.2022
v  6.1947 7.8413 -2.1966
v  6.0010 7.9062 -2.1745
v  6.1640 7.7978 -2.1690
v  5.6095 7.3036 -2.1365
v  5.7584 7.2047 -2.1314
v  5.4900 7.1188 -2.1406
v  5.6345 7.0227 -2.1357
v  5.4324 7.0418 -1.9125
v  5.5750 6.9470 -1.9078
v  8.4534 9.5719 -0.0534
v  8.9525 8.7623 -1.0407
v  8.0761 9.5185 -1.0741
v  7.4950 10.2721 -0.0874
v  8.0668 9.4988 -1.2368
v  8.9415 8.7441 -1.2035
v  7.9964 8.5964 -1.7960
v  7.1418 9.2491 -1.8269
v  8.8800 8.6868 -1.0408
v  8.8690 8.6687 -1.2035
v  8.4505 9.5748 0.0885
v  7.4921 10.2750 0.0546
v  7.9484 10.0162 0.5430
v  8.8754 9.2675 0.5772
v  8.3640 9.4625 -0.0531
v  8.3611 9.4654 0.0888
v  7.9669 8.5618 -1.7960
v  8.7808 9.1625 0.5774
v  8.1448 8.4064 -1.7891
v  9.0488 8.4916 -1.1962
v  9.0602 8.5095 -1.0334
v  8.5624 9.2966 -0.0456
v  8.5594 9.2995 0.0962
v  8.9715 8.9865 0.5848
v  8.8690 9.2782 0.9879
v  8.8736 9.2736 0.7615
v  9.0622 9.0998 0.9954
v  9.0669 9.0952 0.7691
v  8.7770 9.1662 0.7616
v  8.9677 8.9903 0.7691
v  7.5226 8.0313 -2.0083
v  7.6881 7.8867 -2.0020
v  7.1890 7.6347 -2.1322
v  6.9329 7.3339 -2.1406
v  7.3454 7.4982 -2.1262
v  7.0822 7.2036 -2.1350
v  6.9045 7.2992 -2.1711
v  7.0529 7.1696 -2.1654
v  6.8693 7.2592 -2.1436
v  7.0168 7.1304 -2.1380
v  6.4022 6.7129 -2.1082
v  6.5368 6.5954 -2.1031
v  6.2595 6.5454 -2.1132
v  6.3902 6.4312 -2.1082
v  6.1917 6.4760 -1.8855
v  6.3207 6.3634 -1.8806
v  9.5127 8.5842 -0.0117
v  9.9043 7.7187 -1.0001
v  9.1345 8.5831 -1.0334
v  8.6543 9.4039 -0.0460
v  9.1231 8.5653 -1.1961
v  9.8914 7.7025 -1.1629
v  8.9368 7.6812 -1.7581
v  8.1751 8.4403 -1.7892
v  9.8225 7.6534 -1.0004
v  9.8096 7.6372 -1.1632
v  9.5098 8.5871 0.1303
v  8.6514 9.4068 0.0960
v  9.0686 9.0892 0.5848
v  9.8893 8.2255 0.6192
v  9.4068 8.4902 0.1301
v  9.4097 8.4874 -0.0118
v  8.9031 7.6508 -1.7582
v  9.7818 8.1339 0.6188
v  9.9647 7.4381 -1.1560
v  9.0591 7.4734 -1.7514
v  9.9779 7.4538 -0.9932
v  9.5846 8.2970 -0.0044
v  9.5817 8.2999 0.1376
v  9.9478 7.9344 0.6263
v  9.8832 8.2359 1.0298
v  9.8878 8.2313 0.8034
v  10.0514 8.0338 1.0374
v  10.0560 8.0292 0.8110
v  9.7780 8.1376 0.8031
v  9.9440 7.9381 0.8105
v  8.3937 7.1836 -1.9733
v  8.5389 7.0186 -1.9670
v  8.0115 6.8343 -2.0990
v  7.7182 6.5698 -2.1090
v  8.1485 6.6785 -2.0931
v  7.8491 6.4211 -2.1034
v  7.6855 6.5391 -2.1397
v  7.8157 6.3912 -2.1339
v  7.6453 6.5040 -2.1124
v  7.7747 6.3570 -2.1068
v  7.1106 6.0235 -2.0796
v  7.2287 5.8893 -2.0746
v  6.9473 5.8761 -2.0855
v  7.0619 5.7458 -2.0804
v  6.8703 5.8156 -1.8582
v  6.9834 5.6871 -1.8532
v  10.4334 7.4661 0.0299
v  10.7111 6.5593 -0.9600
v  10.0612 7.5172 -0.9928
v  9.6898 8.3913 -0.0041
v  10.0481 7.5014 -1.1556
v  10.6967 6.5453 -1.1228
v  9.7492 6.6507 -1.7205
v  9.0935 7.5031 -1.7513
v  10.6215 6.5053 -0.9607
v  10.6070 6.4913 -1.1236
v  10.4305 7.4690 0.1719
v  9.6869 8.3942 0.1378
v  10.0575 8.0235 0.6267
v  10.7580 7.0597 0.6607
v  10.3186 7.3837 0.0292
v  10.3157 7.3866 0.1712
v  9.7118 6.6250 -1.7208
v  10.6394 6.9828 0.6598
v  10.7348 6.2736 -1.1165
v  9.8432 6.4287 -1.7141
v  10.7494 6.2871 -0.9537
v  10.4670 7.1719 0.0366
v  10.4641 7.1748 0.1785
v  10.7779 6.7634 0.6671
v  10.7568 7.0651 0.8449
v  10.7522 7.0697 1.0713
v  10.8925 6.8473 1.0787
v  10.8971 6.8427 0.8523
v  10.6357 6.9866 0.8440
v  10.7741 6.7671 0.8513
v  9.1462 6.2291 -1.9385
v  9.2685 6.0464 -1.9322
v  8.7220 5.9332 -2.0662
v  8.3966 5.7093 -2.0776
v  8.8373 5.7607 -2.0603
v  8.5068 5.5447 -2.0720
v  8.3602 5.6833 -2.1084
v  8.4699 5.5195 -2.1029
v  8.3157 5.6537 -2.0813
v  8.4247 5.4910 -2.0758
v  7.7227 5.2473 -2.0513
v  7.8221 5.0987 -2.0464
v  7.5414 5.1225 -2.0580
v  7.6379 4.9783 -2.0531
v  7.4565 5.0721 -1.8310
v  7.5518 4.9297 -1.8262
v  11.1996 6.2371 0.0706
v  11.3591 5.3042 -0.9212
v  10.8402 6.3391 -0.9529
v  10.5837 7.2517 0.0374
v  10.8257 6.3254 -1.1157
v  11.3435 5.2927 -1.0842
v  10.4195 5.5227 -1.6839
v  9.8812 6.4536 -1.7138
v  11.2631 5.2624 -0.9223
v  11.2475 5.2508 -1.0853
v  10.8983 6.8373 0.6680
v  11.4665 5.7901 0.7010
v  11.1967 6.2400 0.2125
v  10.5808 7.2546 0.1793
v  11.0722 6.1732 0.2113
v  11.0751 6.1704 0.0694
v  10.3791 5.5021 -1.6844
v  11.3389 5.7295 0.6995
v  11.3456 5.0182 -1.0785
v  10.4837 5.2904 -1.6779
v  11.3614 5.0294 -0.9156
v  11.1945 5.9410 0.0764
v  11.1915 5.9439 0.2184
v  11.4474 5.4937 0.7065
v  11.4609 5.7997 1.1117
v  11.4655 5.7951 0.8853
v  11.5708 5.5608 1.1188
v  11.5755 5.5562 0.8923
v  11.3351 5.7332 0.8838
v  11.4436 5.4974 0.8907
v  9.7672 5.1842 -1.9045
v  9.8645 4.9870 -1.8986
v  9.3082 4.9466 -2.0341
v  8.9564 4.7674 -2.0471
v  9.4000 4.7606 -2.0285
v  9.0441 4.5897 -2.0417
v  8.9170 4.7464 -2.0779
v  9.0043 4.5697 -2.0726
v  8.8689 4.7228 -2.0511
v  8.9556 4.5472 -2.0458
v  8.2277 4.3974 -2.0237
v  8.3068 4.2371 -2.0189
v  8.0317 4.2975 -2.0312
v  8.1085 4.1419 -2.0265
v  7.9403 4.2580 -1.8046
v  8.0162 4.1045 -1.8000
v  11.7983 4.9182 0.1096
v  11.8370 3.9750 -0.8845
v  11.4582 5.0689 -0.9144
v  11.3205 6.0048 0.0778
v  11.4425 5.0578 -1.0774
v  11.8205 3.9659 -1.0475
v  10.9364 4.3166 -1.6488
v  10.5246 5.3099 -1.6775
v  11.7365 3.9461 -0.8859
v  11.7199 3.9370 -1.0489
v  11.5765 5.5513 0.7081
v  12.0026 4.4384 0.7393
v  11.7954 4.9211 0.2515
v  11.3177 6.0077 0.2197
v  11.6661 4.8683 0.1079
v  11.6632 4.8712 0.2499
v  10.8935 4.3013 -1.6494
v  11.8681 4.3951 0.7374
v  10.9695 4.0777 -1.6434
v  11.7867 3.6936 -1.0426
v  11.8033 3.7021 -0.8797
v  11.7544 4.6253 0.1146
v  11.7515 4.6282 0.2566
v  11.9448 4.1472 0.7440
v  11.9971 4.4478 1.1501
v  12.0017 4.4432 0.9237
v  12.0748 4.1965 1.1568
v  12.0794 4.1919 0.9303
v  11.8643 4.3988 0.9217
v  11.9410 4.1509 0.9283
v  10.2459 4.0668 -1.8720
v  10.3166 3.8587 -1.8664
v  9.7602 3.8918 -2.0035
v  9.3879 3.7601 -2.0178
v  9.8269 3.6954 -1.9981
v  9.4516 3.5725 -2.0127
v  9.3463 3.7445 -2.0488
v  9.4096 3.5579 -2.0438
v  9.2955 3.7274 -2.0222
v  9.3584 3.5419 -2.0171
v  8.6171 3.4888 -1.9973
v  8.6745 3.3195 -1.9928
v  8.4096 3.4153 -2.0055
v  8.4654 3.2510 -2.0011
v  8.3133 3.3876 -1.7793
v  8.3683 3.2254 -1.7749
v  12.2190 3.5322 0.1463
v  12.1368 2.5946 -0.8503
v  11.9045 3.7287 -0.8781
v  11.8878 4.6720 0.1165
v  11.2908 3.0529 -1.6159
v  11.0127 4.0918 -1.6428
v  11.8879 3.7201 -1.0411
v  12.1197 2.5881 -1.0134
v  12.0333 2.5791 -0.8521
v  12.0162 2.5726 -1.0152
v  12.0803 4.1873 0.7460
v  12.3570 3.0283 0.7752
v  12.2162 3.5351 0.2883
v  11.8849 4.6749 0.2584
v  12.0785 3.5029 0.2861
v  12.0815 3.5000 0.1441
v  11.2463 3.0435 -1.6167
v  12.2180 3.0029 0.7729
v  11.2923 2.8119 -1.6111
v  12.0504 2.3226 -1.0095
v  12.0676 2.3284 -0.8464
v  12.1372 3.2475 0.1504
v  12.1343 3.2504 0.2923
v  12.2615 2.7470 0.7789
v  12.3562 3.0326 0.9596
v  12.3515 3.0372 1.1859
v  12.3957 2.7779 1.1921
v  12.4004 2.7733 0.9657
v  12.2142 3.0066 0.9572
v  12.2578 2.7507 0.9633
v  10.5742 2.8963 -1.8415
v  10.6170 2.6807 -1.8364
v  10.0701 2.7869 -1.9747
v  9.6839 2.7050 -1.9903
v  10.1105 2.5832 -1.9698
v  9.7224 2.5107 -1.9856
v  9.6406 2.6952 -2.0215
v  9.6789 2.5018 -2.0168
v  9.5878 2.6847 -1.9950
v  9.6260 2.4926 -1.9903
v  8.8840 2.5368 -1.9725
v  8.9188 2.3615 -1.9683
v  8.6688 2.4913 -1.9815
v  8.7026 2.3211 -1.9774
v  8.5690 2.4757 -1.7556
v  8.6023 2.3079 -1.7515
v  12.4546 2.1029 0.1801
v  12.2531 1.1867 -0.8194
v  12.1714 2.3415 -0.8445
v  12.2756 3.2764 0.1527
v  11.4766 1.7538 -1.5858
v  11.3369 2.8202 -1.6104
v  12.1543 2.3356 -1.0076
v  12.2358 1.1830 -0.9825
v  12.1311 1.1812 -0.9847
v  12.1485 1.1849 -0.8216
v  12.4011 2.7691 0.7813
v  12.5236 1.5837 0.8080
v  12.4517 2.1058 0.3221
v  12.2726 3.2793 0.2947
v  12.3111 2.0920 0.3195
v  12.3140 2.0891 0.1775
v  11.4314 1.7503 -1.5867
v  12.3825 1.5767 0.8051
v  12.1324 0.9287 -0.9795
v  11.4465 1.5146 -1.5816
v  12.1498 0.9319 -0.8164
v  12.3362 1.8315 0.1832
v  12.3333 1.8344 0.3251
v  12.3922 1.3173 0.8106
v  12.5229 1.5876 0.9923
v  12.5183 1.5922 1.2187
v  12.5281 1.3294 1.2242
v  12.5327 1.3248 0.9977
v  12.3787 1.5804 0.9894
v  12.3884 1.3210 0.9949
v  10.7464 1.6929 -1.8137
v  10.7605 1.4735 -1.8089
v  10.2326 1.6506 -1.9483
v  9.8390 1.6202 -1.9651
v  10.2460 1.4436 -1.9439
v  9.8519 1.4224 -1.9609
v  9.7949 1.6161 -1.9966
v  9.8077 1.4194 -1.9922
v  9.7412 1.6126 -1.9702
v  9.7538 1.4171 -1.9660
v  9.0240 1.5581 -1.9498
v  9.0355 1.3797 -1.9461
v  8.8047 1.5412 -1.9595
v  8.8158 1.3680 -1.9557
v  8.7031 1.5383 -1.7339
v  8.7141 1.3674 -1.7302
v  12.2544 0.9312 -0.8142
v  12.4771 1.8420 0.1859
v  12.5010 0.6551 0.2104
v  12.1841 -0.2245 -0.7923
v  12.2370 0.9280 -0.9774
v  12.1669 -0.2254 -0.9554
v  11.4906 0.4414 -1.5589
v  11.4919 1.5170 -1.5807
v  12.0801 -0.2125 -0.7946
v  12.0629 -0.2135 -0.9578
v  12.4981 0.6579 0.3524
v  12.4742 1.8448 0.3278
v  12.5335 1.3209 0.8134
v  12.4996 0.1297 0.8369
v  12.3597 0.6597 0.2074
v  12.3568 0.6626 0.3494
v  11.4453 0.4439 -1.5599
v  12.3588 0.1412 0.8337
v  12.0311 -0.4640 -0.9534
v  11.4295 0.2082 -1.5555
v  12.0482 -0.4635 -0.7902
v  12.3480 0.4015 0.2124
v  12.3450 0.4044 0.3544
v  12.3344 -0.1172 0.8385
v  12.4989 0.1332 1.0212
v  12.4943 0.1378 1.2476
v  12.4695 -0.1242 1.2525
v  12.4742 -0.1288 1.0259
v  12.3550 0.1450 1.0180
v  12.3306 -0.1134 1.0227
v  10.7593 0.4773 -1.7887
v  10.7447 0.2579 -1.7846
v  10.2449 0.5029 -1.9249
v  9.8508 0.5243 -1.9427
v  10.2310 0.2958 -1.9210
v  9.8375 0.3265 -1.9390
v  9.8066 0.5261 -1.9742
v  9.7934 0.3295 -1.9705
v  9.7528 0.5296 -1.9480
v  9.7397 0.3342 -1.9443
v  9.0345 0.5694 -1.9296
v  9.0226 0.3910 -1.9263
v  8.8150 0.5813 -1.9398
v  8.8034 0.4082 -1.9365
v  8.7132 0.5912 -1.7144
v  8.7017 0.4204 -1.7112
v  12.1519 -0.4779 -0.7878
v  12.4891 0.3934 0.2155
v  12.3573 -0.7865 0.2367
v  11.9308 -1.6144 -0.7693
v  12.1347 -0.4784 -0.9510
v  11.9140 -1.6127 -0.9325
v  11.3326 -0.8616 -1.5358
v  11.4748 0.2046 -1.5544
v  11.8293 -1.5890 -0.7719
v  11.8126 -1.5873 -0.9352
v  12.4749 -0.1322 0.8417
v  12.2853 -1.3087 0.8616
v  12.3544 -0.7836 0.3786
v  12.4862 0.3963 0.3574
v  12.2149 -0.7605 0.3753
v  12.2179 -0.7633 0.2334
v  11.2880 -0.8532 -1.5369
v  12.1472 -1.2789 0.8582
v  11.2415 -1.0848 -1.5331
v  11.7482 -1.8314 -0.9315
v  11.7648 -1.8336 -0.7682
v  12.1724 -1.0179 0.2375
v  12.1695 -1.0150 0.3795
v  12.0893 -1.5319 0.8621
v  12.2846 -1.3057 1.0460
v  12.2799 -1.3011 1.2724
v  12.2258 -1.5620 1.0499
v  12.2211 -1.5575 1.2764
v  12.1435 -1.2751 1.0425
v  12.0855 -1.5282 1.0464
v  10.6130 -0.7297 -1.7673
v  10.5697 -0.9452 -1.7638
v  10.1067 -0.6365 -1.9046
v  9.7189 -0.5637 -1.9234
v  9.6798 -0.7580 -1.9202
v  10.0658 -0.8400 -1.9013
v  9.6754 -0.5561 -1.9550
v  9.6366 -0.7494 -1.9519
v  9.6225 -0.5457 -1.9289
v  9.5839 -0.7377 -1.9258
v  8.9156 -0.4121 -1.9122
v  8.8804 -0.5874 -1.9094
v  8.6994 -0.3716 -1.9229
v  8.6652 -0.5418 -1.9202
v  8.5992 -0.3490 -1.6978
v  8.5655 -0.5169 -1.6951
v  12.0260 -2.1968 0.2585
v  11.4977 -2.9593 -0.7510
v  11.8657 -1.8614 -0.7657
v  12.3112 -1.0443 0.2409
v  11.8491 -1.8593 -0.9288
v  11.4818 -2.9550 -0.9142
v  11.0054 -2.1327 -1.5168
v  11.2859 -1.0942 -1.5321
v  11.4004 -2.9208 -0.7537
v  11.3845 -2.9165 -0.9171
v  12.2266 -1.5651 0.8655
v  11.8845 -2.7068 0.8817
v  12.0231 -2.1940 0.4004
v  12.3082 -1.0415 0.3829
v  11.8880 -2.1528 0.3968
v  11.8909 -2.1557 0.2548
v  10.9623 -2.1186 -1.5180
v  11.7516 -2.6591 0.8779
v  10.8858 -2.3421 -1.5150
v  11.2887 -3.1501 -0.9143
v  11.3044 -3.1548 -0.7510
v  11.8124 -2.4021 0.2582
v  11.8095 -2.3992 0.4001
v  11.6610 -2.9023 0.8811
v  11.8791 -2.6995 1.2925
v  11.8837 -2.7041 1.0660
v  11.7872 -2.9460 1.2956
v  11.7919 -2.9506 1.0691
v  11.7479 -2.6553 1.0623
v  11.6572 -2.8986 1.0653
v  10.3099 -1.9072 -1.7497
v  10.2387 -2.1152 -1.7470
v  9.8205 -1.7482 -1.8880
v  9.4456 -1.6252 -1.9075
v  9.7533 -1.9445 -1.8854
v  9.3815 -1.8127 -1.9050
v  9.4036 -1.6119 -1.9392
v  9.3399 -1.7983 -1.9367
v  9.3524 -1.5946 -1.9132
v  9.2891 -1.7799 -1.9108
v  8.6690 -1.3698 -1.8979
v  8.6111 -1.5389 -1.8957
v  8.4601 -1.3013 -1.9090
v  8.4040 -1.4654 -1.9069
v  8.3631 -1.2662 -1.6841
v  8.3077 -1.4283 -1.6819
v  -7.0869 -5.5281 2.7745
v  -7.7471 -4.5773 2.7417
v  -7.4598 -5.4813 1.7519
v  -6.7063 -6.3983 1.7860
v  -7.0739 -5.5120 2.9373
v  -6.1193 -5.5033 3.5328
v  -6.7841 -4.6581 3.5021
v  -7.7329 -4.5631 2.9045
v  -7.6437 -4.5081 2.9053
v  -7.6581 -4.5223 2.7424
v  -7.0043 -5.4638 2.7749
v  -6.9913 -5.4478 2.9378
v  -7.4569 -5.4842 1.6100
v  -7.7890 -5.0785 1.1212
v  -7.0781 -6.0347 1.1553
v  -6.7034 -6.4012 1.6441
v  -6.5992 -6.3057 1.6443
v  -6.6021 -6.3028 1.7863
v  -7.3460 -5.3975 1.7526
v  -7.3431 -5.4004 1.6106
v  -6.7470 -4.6320 3.5023
v  -6.0851 -5.4734 3.5330
v  -7.6712 -5.0003 1.1220
v  -6.9694 -5.9443 1.1556
v  -6.8805 -4.4371 3.4956
v  -7.7738 -4.2918 2.8983
v  -7.7884 -4.3055 2.7353
v  -7.4966 -5.1874 1.7452
v  -7.4937 -5.1903 1.6033
v  -7.8121 -4.7823 1.1147
v  -6.9656 -5.9481 0.9714
v  -7.6675 -5.0041 0.9378
v  -7.8083 -4.7861 0.9305
v  -5.5376 -4.9799 3.8678
v  -6.1504 -4.2010 3.8395
v  -6.2741 -4.0206 3.8333
v  -4.8885 -4.4059 3.9757
v  -5.4435 -3.7002 3.9500
v  -5.5556 -3.5367 3.9444
v  -5.4075 -3.6737 3.9807
v  -4.8553 -4.3757 4.0063
v  -5.5188 -3.5112 3.9752
v  -4.8147 -4.3411 3.9791
v  -5.3633 -3.6436 3.9537
v  -5.4740 -3.4821 3.9482
v  -4.2718 -3.8694 3.8553
v  -4.7728 -3.2327 3.8322
v  -4.8738 -3.0852 3.8271
v  -4.1066 -3.7241 3.8612
v  -4.5929 -3.1061 3.8387
v  -4.6910 -2.9629 3.8338
v  -4.0288 -3.6646 3.6340
v  -4.5086 -3.0547 3.6117
v  -4.6054 -2.9135 3.6069
v  -8.2393 -4.2606 1.7112
v  -7.6125 -5.2685 1.7445
v  -7.8786 -4.3583 2.7346
v  -8.4086 -3.3293 2.7028
v  -7.8642 -4.3446 2.8975
v  -6.9183 -4.4624 3.4953
v  -7.4666 -3.5374 3.4653
v  -8.3931 -3.3174 2.8657
v  -8.3132 -3.2864 2.7039
v  -8.2976 -3.2746 2.8668
v  -8.2364 -4.2635 1.5693
v  -8.5112 -3.8166 1.0808
v  -7.9317 -4.8576 1.1138
v  -7.6095 -5.2713 1.6026
v  -8.1155 -4.1924 1.7123
v  -8.1126 -4.1953 1.5704
v  -7.4265 -3.5163 3.4657
v  -8.3842 -3.7545 1.0821
v  -7.5333 -3.3057 3.4593
v  -8.3982 -3.0431 2.8602
v  -8.4139 -3.0544 2.6972
v  -8.2374 -3.9645 1.7053
v  -8.2344 -3.9673 1.5633
v  -8.4953 -3.5200 1.0751
v  -8.3804 -3.7582 0.8979
v  -8.4914 -3.5237 0.8909
v  -6.7796 -3.1679 3.8056
v  -6.8784 -2.9729 3.7996
v  -6.0136 -2.7643 3.9193
v  -6.1031 -2.5876 3.9139
v  -5.9744 -2.7429 3.9502
v  -6.0635 -2.5671 3.9449
v  -5.9266 -2.7187 3.9233
v  -6.0151 -2.5442 3.9180
v  -5.2869 -2.3885 3.8044
v  -5.3678 -2.2290 3.7996
v  -5.0921 -2.2864 3.8118
v  -5.1706 -2.1316 3.8071
v  -5.0011 -2.2460 3.5852
v  -5.0786 -2.0933 3.5805
v  -8.8523 -2.9482 1.6720
v  -8.3628 -4.0296 1.7040
v  -8.5104 -3.0950 2.6960
v  -8.9009 -2.0053 2.6658
v  -7.9965 -2.3368 3.4301
v  -8.8844 -1.9960 2.8289
v  -8.4946 -3.0836 2.8590
v  -7.5739 -3.3258 3.4589
v  -8.8007 -1.9753 2.6673
v  -8.7842 -1.9660 2.8304
v  -8.8493 -2.9511 1.5300
v  -9.0618 -2.4709 1.0422
v  -8.6237 -3.5789 1.0737
v  -8.3599 -4.0325 1.5620
v  -8.7205 -2.8969 1.6737
v  -8.7176 -2.8998 1.5318
v  -7.9538 -2.3213 3.4307
v  -8.9279 -2.4260 1.0440
v  -8.0321 -2.0984 3.4246
v  -8.8536 -1.7233 2.8240
v  -8.8702 -1.7321 2.6610
v  -8.8115 -2.6549 1.6669
v  -8.8086 -2.6577 1.5250
v  -9.0072 -2.1789 1.0374
v  -8.9241 -2.4298 0.8598
v  -9.0034 -2.1826 0.8532
v  -7.2679 -2.0614 3.7731
v  -7.3404 -1.8551 3.7675
v  -6.4559 -1.7619 3.8899
v  -6.5217 -1.5749 3.8848
v  -6.4144 -1.7458 3.9210
v  -6.4798 -1.5599 3.9159
v  -6.3638 -1.7282 3.8943
v  -6.4288 -1.5434 3.8892
v  -5.6861 -1.4840 3.7779
v  -5.7454 -1.3154 3.7733
v  -5.4796 -1.4084 3.7861
v  -5.5371 -1.2446 3.7816
v  -5.3835 -1.3796 3.5598
v  -5.4402 -1.2181 3.5554
v  -8.9711 -1.7596 2.6595
v  -9.2156 -0.6281 2.6315
v  -9.2879 -1.5668 1.6351
v  -8.9444 -2.7031 1.6652
v  -8.9546 -1.7509 2.8225
v  -8.0752 -2.1130 3.4240
v  -8.3645 -1.0771 3.3970
v  -9.1984 -0.6215 2.7945
v  -9.1122 -0.6115 2.6333
v  -9.0951 -0.6050 2.7964
v  -9.2850 -1.5697 1.4931
v  -9.4314 -1.0646 1.0061
v  -9.1423 -2.2206 1.0355
v  -8.9414 -2.7059 1.5232
v  -9.1507 -1.5333 1.6371
v  -9.1477 -1.5361 1.4953
v  -8.3202 -1.0673 3.3977
v  -9.2927 -1.0376 1.0084
v  -8.3687 -0.8362 3.3921
v  -9.1322 -0.3552 2.7906
v  -9.1494 -0.3613 2.6274
v  -9.2091 -1.2814 1.6308
v  -9.2062 -1.2842 1.4889
v  -9.3391 -0.7822 1.0023
v  -9.2889 -1.0413 0.8241
v  -9.3352 -0.7859 0.8180
v  -7.6071 -0.9004 3.7426
v  -7.6520 -0.6864 3.7374
v  -6.7633 -0.7100 3.8622
v  -6.8039 -0.5161 3.8575
v  -6.7201 -0.6996 3.8935
v  -6.7605 -0.5067 3.8887
v  -6.6675 -0.6886 3.8670
v  -6.7077 -0.4970 3.8623
v  -5.9633 -0.5351 3.7530
v  -6.0000 -0.3600 3.7487
v  -5.7487 -0.4872 3.7619
v  -5.7843 -0.3173 3.7577
v  -5.6490 -0.4707 3.5359
v  -5.6842 -0.3031 3.5318
v  -9.5389 -0.1402 1.6010
v  -9.3471 -1.3117 1.6286
v  -9.2530 -0.3754 2.6256
v  -9.3471 0.7784 2.6002
v  -8.5643 0.2199 3.3666
v  -9.3298 0.7823 2.7634
v  -9.2359 -0.3693 2.7887
v  -8.4132 -0.8449 3.3913
v  -9.2252 0.7853 2.7655
v  -9.2425 0.7813 2.6023
v  -9.4784 -0.8059 0.9999
v  -9.3443 -1.3146 1.4867
v  -9.5361 -0.1431 1.4591
v  -9.6136 0.3781 0.9731
v  -9.3985 -0.1249 1.6035
v  -9.3956 -0.1278 1.4616
v  -8.5191 0.2239 3.3675
v  -9.4726 0.3867 0.9759
v  -8.5369 0.4594 3.3624
v  -9.2291 1.0377 2.7603
v  -9.2465 1.0343 2.5972
v  -9.4234 0.1326 1.5978
v  -9.4205 0.1297 1.4559
v  -9.4851 0.6459 0.9704
v  -9.4689 0.3829 0.7916
v  -9.4814 0.6421 0.7861
v  -7.7913 0.2952 3.7147
v  -7.8078 0.5133 3.7100
v  -6.9301 0.3731 3.8369
v  -6.9450 0.5708 3.8326
v  -6.8861 0.3777 3.8682
v  -6.9009 0.5742 3.8640
v  -6.8324 0.3818 3.8419
v  -6.8472 0.5770 3.8376
v  -6.1139 0.4421 3.7301
v  -6.1274 0.6204 3.7263
v  -5.8948 0.4614 3.7396
v  -5.9079 0.6345 3.7360
v  -5.7933 0.4653 3.5140
v  -5.8062 0.6361 3.5103
v  -9.3511 1.0338 2.5950
v  -9.2933 2.1902 2.5728
v  -9.6009 1.3071 1.5703
v  -9.5642 0.1204 1.5952
v  -8.5925 1.5320 3.3395
v  -9.2761 2.1914 2.7360
v  -9.3338 1.0373 2.7581
v  -8.5822 0.4566 3.3615
v  -9.1892 2.1794 2.5752
v  -9.1720 2.1806 2.7383
v  -9.6263 0.6407 0.9676
v  -9.5613 0.1176 1.4532
v  -9.5980 1.3042 1.4284
v  -9.6054 1.8323 0.9438
v  -9.4597 1.3039 1.5733
v  -9.4568 1.3011 1.4314
v  -8.5472 1.5300 3.3404
v  -9.4645 1.8223 0.9469
v  -8.5340 1.7659 3.3360
v  -9.1429 2.4313 2.7338
v  -9.1601 2.4307 2.5707
v  -9.4507 1.5624 1.5684
v  -9.4478 1.5595 1.4263
v  -9.4428 2.0810 0.9421
v  -9.4607 1.8186 0.7626
v  -9.4391 2.0772 0.7579
v  -7.8173 1.5046 3.6896
v  -7.8050 1.7229 3.6854
v  -6.9537 1.4688 3.8142
v  -6.9426 1.6667 3.8105
v  -6.9095 1.4675 3.8457
v  -6.8985 1.6642 3.8420
v  -6.8557 1.4646 3.8195
v  -6.8448 1.6601 3.8158
v  -6.1351 1.4306 3.7097
v  -6.1252 1.6091 3.7063
v  -5.9155 1.4211 3.7198
v  -5.9057 1.5944 3.7166
v  -5.8137 1.4122 3.4944
v  -5.8040 1.5832 3.4911
v  -9.2639 2.4439 2.5683
v  -9.0551 3.5828 2.5494
v  -9.4728 2.7501 1.5438
v  -9.5918 1.5688 1.5653
v  -9.2467 2.4446 2.7314
v  -8.5793 1.7690 3.3349
v  -8.4487 2.8367 3.3160
v  -9.0383 3.5813 2.7127
v  -8.9533 3.5584 2.5521
v  -8.9365 3.5569 2.7153
v  -9.4699 2.7472 1.4018
v  -9.4067 3.2729 0.9187
v  -9.5835 2.0943 0.9390
v  -9.5889 1.5659 1.4233
v  -9.3332 2.7284 1.5471
v  -9.3302 2.7256 1.4051
v  -8.4040 2.8287 3.3171
v  -9.2683 3.2446 0.9221
v  -8.3600 3.0609 3.3133
v  -8.8749 3.8018 2.7116
v  -8.8915 3.8038 2.5484
v  -9.2904 2.9835 1.5428
v  -9.2875 2.9806 1.4008
v  -9.2130 3.4982 0.9182
v  -9.2645 3.2409 0.7379
v  -9.2092 3.4945 0.7339
v  -7.6847 2.7070 3.6679
v  -7.6440 2.9220 3.6645
v  -6.8336 2.5582 3.7946
v  -6.7966 2.7529 3.7915
v  -6.7900 2.5510 3.8262
v  -6.7533 2.7446 3.8231
v  -6.7370 2.5412 3.8001
v  -6.7005 2.7335 3.7970
v  -6.0268 2.4134 3.6920
v  -5.9935 2.5891 3.6891
v  -5.8102 2.3753 3.7026
v  -5.7779 2.5458 3.6999
v  -5.7099 2.3536 3.4775
v  -5.6779 2.5219 3.4747
v  -9.1568 4.1640 1.5216
v  -9.4295 3.0085 1.5394
v  -8.9927 3.8305 2.5457
v  -8.6365 4.9322 2.5307
v  -8.9760 3.8285 2.7090
v  -8.4045 3.0698 3.3122
v  -8.1352 4.1112 3.2966
v  -8.6205 4.9282 2.6940
v  -8.5229 4.8907 2.6968
v  -8.5388 4.8948 2.5335
v  -9.1539 4.1611 1.3797
v  -9.0211 4.6753 0.8983
v  -9.3507 3.5299 0.9147
v  -9.4266 3.0056 1.3975
v  -9.0212 4.1243 1.5252
v  -9.0183 4.1214 1.3833
v  -8.0919 4.0975 3.2978
v  -8.8876 4.6290 0.9019
v  -8.0179 4.3219 3.2948
v  -8.4296 5.1254 2.6940
v  -8.4454 5.1299 2.5307
v  -8.9455 4.3715 1.5218
v  -8.9426 4.3686 1.3799
v  -8.7995 4.8732 0.8988
v  -8.8838 4.6252 0.7177
v  -8.7957 4.8695 0.7146
v  -7.3958 3.8818 3.6502
v  -7.3272 4.0896 3.6473
v  -6.5718 3.6226 3.7785
v  -6.5097 3.8107 3.7759
v  -6.5296 3.6097 3.8101
v  -6.4678 3.7968 3.8076
v  -6.4782 3.5930 3.7841
v  -6.4169 3.7790 3.7817
v  -5.7906 3.3736 3.6774
v  -5.7346 3.5434 3.6751
v  -5.5810 3.3074 3.6885
v  -5.5266 3.4722 3.6863
v  -5.4836 3.2734 3.4635
v  -5.4299 3.4361 3.4613
v  -8.6584 5.5244 1.5043
v  -9.0800 4.4144 1.5182
v  -8.5422 5.1697 2.5279
v  -8.0448 6.2154 2.5170
v  -7.6575 5.3339 3.2817
v  -8.0300 6.2089 2.6802
v  -8.5264 5.1652 2.6912
v  -8.0608 4.3366 3.2936
v  -7.9381 6.1589 2.6831
v  -7.9529 6.1655 2.5199
v  -8.6555 5.5215 1.3624
v  -8.4551 6.0151 0.8827
v  -8.9319 4.9226 0.8951
v  -9.0771 4.4115 1.3762
v  -8.5292 5.4672 1.5081
v  -8.5263 5.4643 1.3662
v  -7.6164 5.3146 3.2829
v  -8.3288 5.9516 0.8866
v  -7.5136 5.5273 3.2808
v  -7.8149 6.3793 2.6812
v  -7.8295 6.3864 2.5179
v  -8.4217 5.7024 1.5056
v  -8.4187 5.6996 1.3636
v  -8.2095 6.1824 0.8844
v  -8.3250 5.9479 0.7024
v  -8.2058 6.1786 0.7002
v  -6.9554 5.0087 3.6364
v  -6.8603 5.2057 3.6343
v  -6.1729 4.6435 3.7660
v  -6.0867 4.8219 3.7642
v  -6.1329 4.6251 3.7977
v  -6.0472 4.8026 3.7959
v  -6.0841 4.6019 3.7718
v  -5.9988 4.7783 3.7700
v  -5.4307 4.2947 3.6661
v  -5.3529 4.4557 3.6646
v  -5.2316 4.2016 3.6776
v  -5.1561 4.3578 3.6760
v  -5.1389 4.1557 3.4528
v  -5.0644 4.3099 3.4512
v  -7.9202 6.4384 2.5150
v  -7.2902 7.4101 2.5082
v  -7.9861 6.8079 1.4922
v  -8.5494 5.7627 1.5018
v  -7.9056 6.4315 2.6783
v  -7.5542 5.5476 3.2795
v  -7.0238 6.4835 3.2715
v  -7.2768 7.4012 2.6716
v  -7.2056 7.3485 2.5112
v  -7.1923 7.3397 2.6745
v  -8.3343 6.2486 0.8805
v  -8.5466 5.7598 1.3598
v  -7.9831 6.8050 1.3502
v  -7.7185 7.2692 0.8725
v  -7.8655 6.7342 1.4962
v  -7.8625 6.7314 1.3541
v  -6.9855 6.4590 3.2728
v  -7.6017 7.1898 0.8765
v  -6.8558 6.6565 3.2714
v  -7.0412 7.5421 2.6736
v  -7.0543 7.5513 2.5103
v  -7.7281 6.9534 1.4945
v  -7.7252 6.9505 1.3526
v  -7.4532 7.4029 0.8753
v  -7.5979 7.1861 0.6922
v  -7.4495 7.3991 0.6910
v  -6.3714 6.0683 3.6269
v  -6.2512 6.2512 3.6257
v  -5.6437 5.6034 3.7574
v  -5.5349 5.7691 3.7563
v  -5.6066 5.5798 3.7892
v  -5.4983 5.7446 3.7881
v  -5.5611 5.5506 3.7633
v  -5.4535 5.7143 3.7623
v  -4.9533 5.1608 3.6585
v  -4.8551 5.3102 3.6575
v  -4.7682 5.0423 3.6701
v  -4.6729 5.1874 3.6691
v  -4.6816 4.9853 3.4454
v  -4.5875 5.1284 3.4444
v  -7.1375 7.6148 2.5073
v  -6.3857 8.4957 2.5049
v  -7.1516 7.9922 1.4853
v  -7.8469 7.0298 1.4906
v  -6.2450 7.5402 3.2661
v  -6.3740 8.4847 2.6682
v  -7.1243 7.6056 2.6706
v  -6.8935 6.6819 3.2702
v  -6.3099 8.4236 2.5078
v  -6.2982 8.4126 2.6712
v  -7.1485 7.9894 1.3434
v  -6.8242 8.4162 0.8677
v  -7.5682 7.4850 0.8713
v  -7.8440 7.0270 1.3486
v  -7.0417 7.9035 1.4894
v  -7.0387 7.9007 1.3474
v  -6.2103 7.5109 3.2674
v  -6.7186 8.3223 0.8717
v  -6.0559 7.6897 3.2669
v  -6.1220 8.5935 2.6712
v  -6.1334 8.6048 2.5078
v  -6.8767 8.1028 1.4888
v  -6.8738 8.0999 1.3468
v  -6.5436 8.5140 0.8715
v  -6.7149 8.3185 0.6875
v  -6.5398 8.5103 0.6872
v  -5.6536 7.0423 3.6220
v  -5.5105 7.2078 3.6216
v  -4.9935 6.4859 3.7530
v  -4.8638 6.6359 3.7526
v  -4.9598 6.4575 3.7848
v  -4.8309 6.6067 3.7844
v  -4.9184 6.4227 3.7589
v  -4.7904 6.5708 3.7586
v  -4.3667 5.9568 3.6544
v  -4.2498 6.0922 3.6541
v  -4.1986 5.8152 3.6662
v  -4.0851 5.9464 3.6658
v  -4.1196 5.7478 3.4415
v  -4.0076 5.8774 3.4412
v  -6.2075 8.6787 2.5048
v  -5.3468 9.4535 2.5068
v  -6.1691 9.0573 1.4840
v  -6.9845 8.1941 1.4847
v  -6.1961 8.6674 2.6682
v  -6.0899 7.7198 3.2656
v  -5.3346 8.4859 3.2656
v  -5.3372 9.4407 2.6701
v  -5.2715 9.3593 2.6732
v  -5.2811 9.3721 2.5098
v  -6.6468 8.6105 0.8673
v  -6.9816 8.1912 1.3428
v  -6.1662 9.0544 1.3420
v  -5.7873 9.4362 0.8683
v  -6.0688 8.9520 1.3461
v  -6.0718 8.9549 1.4881
v  -5.3041 8.4524 3.2669
v  -5.6950 9.3293 0.8724
v  -5.1275 8.6094 3.2675
v  -5.0731 9.5155 2.6741
v  -5.0823 9.5287 2.5108
v  -5.8822 9.1308 1.4884
v  -5.8793 9.1279 1.3464
v  -5.4964 9.4965 0.8731
v  -5.6912 9.3255 0.6882
v  -5.4926 9.4928 0.6889
v  -4.8144 7.9140 3.6216
v  -4.6509 8.0593 3.6220
v  -4.2332 7.2755 3.7526
v  -4.0850 7.4073 3.7530
v  -4.2036 7.2430 3.7844
v  -4.0563 7.3740 3.7848
v  -4.1671 7.2031 3.7586
v  -4.0208 7.3333 3.7590
v  -3.6807 6.6693 3.6541
v  -3.5471 6.7881 3.6544
v  -3.5328 6.5067 3.6658
v  -3.4031 6.6221 3.6662
v  -3.4627 6.4303 3.4412
v  -3.3347 6.5441 3.4415
v  -5.0557 9.9845 1.4881
v  -5.9771 9.2355 1.4843
v  -5.1461 9.6116 2.5077
v  -4.1915 10.2670 2.5141
v  -5.1369 9.5985 2.6711
v  -5.1572 8.6436 3.2662
v  -4.3082 9.3043 3.2703
v  -4.1840 10.2527 2.6774
v  -4.1371 10.1777 2.5171
v  -4.1296 10.1634 2.6804
v  -5.5860 9.6057 0.8691
v  -5.9741 9.2326 1.3424
v  -5.0528 9.9816 1.3462
v  -4.6257 10.3118 0.8745
v  -4.9726 9.8702 1.4921
v  -4.9697 9.8673 1.3502
v  -4.2823 9.2671 3.2715
v  -4.5483 10.1936 0.8785
v  -4.0868 9.3996 3.2728
v  -3.9125 10.2923 2.6823
v  -3.9195 10.3069 2.5189
v  -4.7616 10.0199 1.4935
v  -4.7587 10.0170 1.3516
v  -4.3295 10.3334 0.8802
v  -4.5445 10.1899 0.6943
v  -4.3257 10.3296 0.6960
v  -3.8684 8.6683 3.6258
v  -3.6873 8.7910 3.6271
v  -3.3761 7.9590 3.7564
v  -3.2120 8.0702 3.7575
v  -3.3511 7.9228 3.7882
v  -3.1880 8.0333 3.7893
v  -3.3201 7.8784 3.7623
v  -3.1580 7.9883 3.7635
v  -2.9075 7.2858 3.6575
v  -2.7595 7.3862 3.6586
v  -2.7822 7.1053 3.6692
v  -2.6384 7.2027 3.6702
v  -2.7219 7.0208 3.4444
v  -2.5802 7.1170 3.4455
v  -3.8305 10.7579 1.4976
v  -4.8420 10.1361 1.4895
v  -3.9719 10.3975 2.5160
v  -2.9397 10.9223 2.5266
v  -3.9648 10.3829 2.6793
v  -4.1117 9.4375 3.2716
v  -3.1835 9.9812 3.2796
v  -2.9347 10.9067 2.6899
v  -2.8924 10.8110 2.6927
v  -2.8974 10.8266 2.5295
v  -3.8275 10.7550 1.3558
v  -3.3596 11.0276 0.8861
v  -4.4041 10.4533 0.8762
v  -4.8391 10.1332 1.3475
v  -3.7631 10.6338 1.5016
v  -3.7602 10.6309 1.3597
v  -3.1627 9.9409 3.2809
v  -3.2984 10.9004 0.8899
v  -2.9514 10.0467 3.2831
v  -2.6603 10.9105 2.6955
v  -2.6648 10.9263 2.5322
v  -3.5344 10.7544 1.5038
v  -3.5314 10.7515 1.3618
v  -3.0632 11.0103 0.8926
v  -3.2945 10.8967 0.7056
v  -3.0594 11.0065 0.7083
v  -3.1188 11.1380 0.7044
v  -3.3572 11.0267 0.7017
v  -2.8318 9.2923 3.6345
v  -2.6362 9.3902 3.6366
v  -2.4370 8.5242 3.7642
v  -2.2598 8.6129 3.7661
v  -2.4170 8.4849 3.7960
v  -2.2408 8.5732 3.7979
v  -2.3920 8.4371 3.7701
v  -2.2170 8.5247 3.7720
v  -2.0603 7.7958 3.6647
v  -1.9004 7.8759 3.6663
v  -1.9596 7.6003 3.6761
v  -1.8044 7.6781 3.6777
v  -1.9104 7.5093 3.4513
v  -1.7572 7.5860 3.4529
v  -2.7048 11.0230 2.5294
v  -1.6128 11.4081 2.5441
v  -2.5145 11.3642 1.5124
v  -3.5987 10.8802 1.5000
v  -2.7002 11.0070 2.6927
v  -2.9713 10.0876 3.2819
v  -1.9800 10.5051 3.2938
v  -1.6104 11.3915 2.7073
v  -1.5835 11.3076 2.5467
v  -1.5810 11.2910 2.7100
v  -2.5116 11.3614 1.3705
v  -2.0108 11.5715 0.9028
v  -3.1214 11.1390 0.8888
v  -3.5958 10.8773 1.3580
v  -2.4641 11.2323 1.5162
v  -2.4611 11.2295 1.3742
v  -1.9646 10.4624 3.2950
v  -1.9667 11.4374 0.9064
v  -1.7413 10.5396 3.2980
v  -1.3379 11.3592 2.7136
v  -1.3398 11.3759 2.5504
v  -2.2215 11.3220 1.5194
v  -2.2185 11.3192 1.3774
v  -1.7191 11.5155 0.9099
v  -1.9630 11.4336 0.7221
v  -1.7154 11.5118 0.7257
v  -1.7571 11.6500 0.7221
v  -2.0079 11.5707 0.7184
v  -1.7224 9.7750 3.6476
v  -1.5157 9.8466 3.6504
v  -1.4319 8.9616 3.7762
v  -1.2446 9.0264 3.7787
v  -1.4174 8.9201 3.8078
v  -1.2311 8.9845 3.8104
v  -1.3989 8.8693 3.7818
v  -1.2138 8.9333 3.7844
v  -1.1536 8.1904 3.6753
v  -0.9846 8.2489 3.6776
v  -1.0794 7.9835 3.6865
v  -0.9153 8.0402 3.6887
v  -1.0418 7.8873 3.4615
v  -0.8799 7.9433 3.4638
v  -1.3669 11.4770 2.5478
v  -0.2339 11.7158 2.5662
v  -1.1307 11.7931 1.5322
v  -2.2689 11.4551 1.5157
v  -1.3649 11.4604 2.7111
v  -1.7556 10.5827 3.2969
v  -0.7182 10.8668 3.3124
v  -0.2341 11.6987 2.7295
v  -0.2181 11.5952 2.7319
v  -0.2179 11.6124 2.5687
v  -1.7600 11.6507 0.9064
v  -2.2659 11.4523 1.3737
v  -1.1278 11.7902 1.3903
v  -0.6024 11.9341 0.9244
v  -1.0979 11.6557 1.5358
v  -1.0949 11.6528 1.3938
v  -0.7086 10.8225 3.3136
v  -0.5763 11.7953 0.9278
v  -0.4771 10.8698 3.3174
v  0.0319 11.6310 2.7364
v  0.0325 11.6482 2.5732
v  -0.8456 11.7128 1.5398
v  -0.8427 11.7099 1.3979
v  -0.3206 11.8403 0.9322
v  -0.5724 11.7916 0.7436
v  -0.3168 11.8366 0.7479
v  -0.3401 11.9791 0.7445
v  -0.5992 11.9334 0.7401
v  -0.5595 10.1085 3.6648
v  -0.3451 10.1523 3.6683
v  -0.3783 9.2637 3.7918
v  -0.1841 9.3034 3.7949
v  -0.3694 9.2204 3.8233
v  -0.1763 9.2599 3.8265
v  -0.3576 9.1678 3.7973
v  -0.1657 9.2070 3.8004
v  -0.2030 8.4629 3.6894
v  -0.0278 8.4988 3.6923
v  -0.1566 8.2481 3.7001
v  0.0135 8.2828 3.7029
v  -0.1314 8.1484 3.4750
v  0.0364 8.1826 3.4777
v  0.2974 12.0370 1.5568
v  -0.8752 11.8510 1.5364
v  0.0190 11.7520 2.5708
v  1.1735 11.8404 2.5927
v  0.5801 11.0603 3.3353
v  1.1706 11.8229 2.7559
v  0.0184 11.7347 2.7340
v  -0.4856 10.9144 3.3163
v  1.1728 11.7184 2.7580
v  1.1758 11.7357 2.5949
v  0.3003 12.0341 1.4148
v  0.8414 12.1092 0.9506
v  -0.3433 11.9799 0.9289
v  -0.8723 11.8481 1.3945
v  0.3119 11.8965 1.5599
v  0.3149 11.8936 1.4179
v  0.5838 11.0149 3.3363
v  0.8491 11.9682 0.9537
v  0.8194 11.0316 3.3408
v  1.4253 11.7211 2.7633
v  1.4287 11.7384 2.6001
v  0.5694 11.9201 1.5647
v  0.5724 11.9172 1.4228
v  1.1084 11.9793 0.9588
v  0.8528 11.9644 0.7695
v  1.1122 11.9756 0.7745
v  1.1077 12.1199 0.7716
v  0.8450 12.1086 0.7663
v  0.6372 10.2867 3.6858
v  0.8553 10.3021 3.6899
v  0.7058 9.4252 3.8108
v  0.9034 9.4390 3.8146
v  0.7088 9.3811 3.8423
v  0.9054 9.3949 3.8460
v  0.7137 9.3274 3.8161
v  0.9090 9.3412 3.8198
v  0.7750 8.6086 3.7066
v  0.9533 8.6212 3.7100
v  0.7929 8.3895 3.7168
v  0.9661 8.4016 3.7201
v  0.8055 8.2879 3.4914
v  0.9763 8.3000 3.4947
v  1.7450 12.0917 1.5854
v  0.5582 12.0609 1.5616
v  1.4288 11.8431 2.5980
v  2.5848 11.7795 2.6230
v  1.4255 11.8257 2.7612
v  0.8168 11.0769 3.3399
v  1.8924 11.0819 3.3618
v  2.5792 11.7623 2.7861
v  2.5678 11.6582 2.7880
v  2.5734 11.6755 2.6249
v  1.7479 12.0888 1.4435
v  2.2955 12.0936 0.9809
v  1.1041 12.1205 0.9558
v  0.5611 12.0580 1.4197
v  1.7410 11.9505 1.5882
v  1.7439 11.9476 1.4463
v  1.8901 11.0365 3.3627
v  2.2846 11.9528 0.9835
v  2.1259 11.0222 3.3679
v  2.8184 11.6279 2.7938
v  2.8245 11.6450 2.6307
v  1.9994 11.9402 1.5937
v  2.0023 11.9373 1.4518
v  2.5431 11.9299 0.9893
v  2.2884 11.9490 0.7993
v  2.5470 11.9262 0.8050
v  2.5615 12.0699 0.8025
v  2.2995 12.0930 0.7966
v  1.8467 10.3067 3.7103
v  2.0650 10.2934 3.7150
v  1.8016 9.4432 3.8329
v  1.9994 9.4312 3.8373
v  1.7987 9.3990 3.8643
v  1.9955 9.3871 3.8686
v  1.7966 9.3452 3.8380
v  1.9921 9.3333 3.8423
v  1.7636 8.6250 3.7266
v  1.9421 8.6141 3.7305
v  1.7525 8.4053 3.7363
v  1.9258 8.3947 3.7401
v  1.7524 8.3036 3.5107
v  1.9234 8.2931 3.5144
v  3.1873 11.9565 1.6178
v  2.0067 12.0813 1.5911
v  2.8384 11.7487 2.6289
v  3.9760 11.5343 2.6566
v  2.8323 11.7316 2.7919
v  2.1292 11.0674 3.3670
v  3.1961 10.9315 3.3917
v  3.9678 11.5176 2.8197
v  3.9511 11.4327 2.6581
v  3.9428 11.4159 2.8212
v  3.1901 11.9536 1.4759
v  3.7349 11.8878 1.0147
v  2.5573 12.0705 0.9867
v  2.0097 12.0784 1.4491
v  3.1648 11.8169 1.6202
v  3.1677 11.8140 1.4782
v  3.1879 10.8868 3.3925
v  3.7057 11.7496 1.0170
v  3.4198 10.8417 3.3982
v  4.1873 11.3530 2.8276
v  4.1960 11.3696 2.6645
v  3.4196 11.7729 1.6264
v  3.4225 11.7700 1.4845
v  3.9590 11.6930 1.0233
v  3.7095 11.7458 0.8327
v  3.9628 11.6893 0.8391
v  3.9961 11.8298 0.8368
v  3.7393 11.8870 0.8304
v  3.0483 10.1681 3.7379
v  3.2630 10.1263 3.7431
v  2.8902 9.3177 3.8580
v  3.0847 9.2799 3.8627
v  2.8815 9.2742 3.8892
v  3.0750 9.2366 3.8939
v  2.8725 9.2212 3.8627
v  3.0647 9.1837 3.8674
v  2.7458 8.5117 3.7492
v  2.9213 8.4775 3.7535
v  2.7061 8.2953 3.7581
v  2.8764 8.2621 3.7623
v  2.6933 8.1951 3.5322
v  2.8613 8.1624 3.5364
v  4.5993 11.6333 1.6535
v  3.4454 11.9118 1.6242
v  4.2233 11.4706 2.6631
v  5.3231 11.1091 2.6930
v  4.2146 11.4540 2.8261
v  3.4290 10.8861 3.3975
v  4.4688 10.6117 3.4244
v  5.3122 11.0930 2.8559
v  5.2742 10.9955 2.8571
v  5.2850 11.0116 2.6942
v  4.6022 11.6305 1.5115
v  5.1350 11.4952 1.0515
v  3.9916 11.8305 1.0211
v  3.4483 11.9089 1.4822
v  4.5587 11.4980 1.6554
v  4.5616 11.4952 1.5135
v  4.4548 10.5685 3.4250
v  5.0879 11.3619 1.0532
v  4.6788 10.4933 3.4312
v  5.5083 10.9011 2.8639
v  5.5196 10.9169 2.7010
v  4.8056 11.4210 1.6621
v  4.8085 11.4181 1.5201
v  5.3317 11.2727 1.0601
v  5.0917 11.3582 0.8690
v  5.3354 11.2690 0.8758
v  5.3867 11.4039 0.8742
v  5.1398 11.4943 0.8672
v  4.2215 9.8733 3.7679
v  4.4288 9.8037 3.7737
v  3.9531 9.0506 3.8852
v  4.1409 8.9876 3.8904
v  3.9387 9.0086 3.9163
v  4.1254 8.9458 3.9214
v  3.9228 8.9572 3.8897
v  4.1084 8.8949 3.8948
v  3.7046 8.2707 3.7738
v  3.8741 8.2139 3.7784
v  3.6368 8.0614 3.7820
v  3.8014 8.0062 3.7866
v  3.6117 7.9642 3.5558
v  3.7740 7.9098 3.5603
v  5.5599 11.0135 2.6999
v  6.6027 10.5110 2.7315
v  5.9567 11.1281 1.6916
v  4.8493 11.5554 1.6603
v  5.6886 10.1279 3.4594
v  6.5894 10.4961 2.8943
v  5.5486 10.9977 2.8628
v  4.6937 10.5362 3.4306
v  6.5389 10.4044 2.8952
v  6.5522 10.4193 2.7323
v  5.3819 11.4048 1.0584
v  4.8522 11.5525 1.5183
v  5.9597 11.1253 1.5498
v  6.4714 10.9225 1.0906
v  5.8989 10.9993 1.6931
v  5.9018 10.9964 1.5512
v  5.6691 10.0869 3.4599
v  6.4073 10.7966 1.0919
v  5.8813 9.9830 3.4663
v  6.7586 10.2801 2.9023
v  6.7724 10.2948 2.7394
v  6.1335 10.8906 1.7002
v  6.1364 10.8877 1.5582
v  6.6372 10.6762 1.0990
v  6.4111 10.7929 0.9076
v  6.6410 10.6725 0.9148
v  6.7096 10.7995 0.9137
v  6.4766 10.9216 0.9063
v  5.3457 9.4273 3.8002
v  5.5422 9.3312 3.8062
v  4.9716 8.6466 3.9144
v  5.1495 8.5596 3.9199
v  4.9517 8.6067 3.9454
v  5.1287 8.5201 3.9508
v  4.9294 8.5581 3.9185
v  5.1053 8.4719 3.9239
v  4.6236 7.9062 3.8001
v  4.7841 7.8277 3.8051
v  4.5290 7.7076 3.8076
v  4.6849 7.6313 3.8123
v  4.4919 7.6151 3.5810
v  4.6457 7.5399 3.5858
v  6.8250 10.3852 2.7386
v  7.7929 9.7504 2.7715
v  7.2363 10.4494 1.7319
v  6.1944 11.0181 1.6989
v  6.8112 10.3707 2.9015
v  5.9018 10.0236 3.4659
v  6.8345 9.4885 3.4959
v  7.7773 9.7370 2.9343
v  7.7152 9.6528 2.9347
v  7.7309 9.6661 2.7719
v  7.2393 10.4466 1.5899
v  7.7213 10.1797 1.1314
v  6.7043 10.8005 1.0980
v  6.1973 11.0152 1.5569
v  7.1620 10.3293 1.7328
v  7.1649 10.3264 1.5908
v  6.8098 9.4503 3.4962
v  7.6412 10.0633 1.1322
v  7.0065 9.3196 3.5029
v  7.9168 9.5008 2.9419
v  7.9328 9.5139 2.7791
v  7.3803 10.1908 1.7400
v  7.3832 10.1879 1.5981
v  7.8534 9.9138 1.1396
v  7.6451 10.0596 0.9479
v  7.8572 9.9101 0.9553
v  7.7268 10.1785 0.9472
v  7.9418 10.0271 0.9547
v  6.4019 8.8380 3.8338
v  6.5840 8.7169 3.8401
v  5.9284 8.1127 3.9450
v  6.0935 8.0030 3.9506
v  5.9035 8.0756 3.9758
v  6.0676 7.9666 3.9814
v  5.8750 8.0303 3.9487
v  6.0380 7.9220 3.9542
v  5.4868 7.4245 3.8276
v  5.6357 7.3256 3.8327
v  5.3670 7.2399 3.8344
v  5.5115 7.1439 3.8393
v  5.3188 7.1537 3.6074
v  5.4614 7.0590 3.6123
v  8.4158 9.6091 1.7732
v  7.4574 10.3092 1.7392
v  7.9968 9.5966 2.7788
v  8.8732 8.8404 2.8122
v  7.9808 9.5835 2.9416
v  7.0321 9.3571 3.5028
v  7.8867 8.7044 3.5335
v  8.8555 8.8288 2.9748
v  8.7829 8.7534 2.9749
v  8.8006 8.7650 2.8122
v  7.9362 10.0283 1.1390
v  7.4603 10.3063 1.5973
v  8.4187 9.6062 1.6312
v  8.8631 9.2796 1.1732
v  8.3264 9.4996 1.7735
v  8.3293 9.4967 1.6316
v  7.8572 8.6699 3.5337
v  8.7685 9.1746 1.1734
v  8.0351 8.5145 3.5405
v  8.9628 8.5763 2.9822
v  8.9809 8.5876 2.8195
v  8.5247 9.3336 1.7810
v  8.5277 9.3308 1.6391
v  8.9592 8.9986 1.1809
v  8.7722 9.1709 0.9891
v  8.9630 8.9949 0.9966
v  9.0622 9.0999 0.9966
v  8.8689 9.2782 0.9890
v  7.3718 8.1154 3.8685
v  7.5364 7.9715 3.8749
v  6.8071 7.4580 3.9763
v  6.9563 7.3276 3.9820
v  6.7773 7.4245 4.0070
v  6.9257 7.2948 4.0126
v  6.7433 7.3834 3.9796
v  6.8908 7.2545 3.9854
v  6.2794 6.8338 3.8560
v  6.4140 6.7163 3.8611
v  6.1365 6.6666 3.8618
v  6.2672 6.5525 3.8669
v  6.0781 6.5879 3.6345
v  6.2071 6.4753 3.6396
v  9.4751 8.6212 1.8150
v  8.6167 9.4410 1.7807
v  9.0552 8.6613 2.8195
v  9.8249 7.7968 2.8529
v  9.0371 8.6500 2.9823
v  8.0654 8.5483 3.5404
v  8.8271 7.7893 3.5714
v  9.8054 7.7872 3.0155
v  9.7237 7.7219 3.0152
v  9.7431 7.7316 2.8525
v  9.4780 8.6183 1.6730
v  9.8771 8.2377 1.2152
v  9.0562 9.1014 1.1808
v  8.6196 9.4381 1.6388
v  9.3721 8.5244 1.8149
v  9.3751 8.5215 1.6729
v  8.7934 7.7589 3.5714
v  9.7695 8.1459 1.2149
v  8.9494 7.5816 3.5782
v  9.8788 7.5228 3.0224
v  9.8986 7.5321 2.8598
v  9.5470 8.3340 1.8223
v  9.5499 8.3311 1.6804
v  9.9356 7.9465 1.2223
v  9.7733 8.1422 1.0306
v  9.9393 7.9427 1.0381
v  10.0514 8.0338 1.0386
v  9.8831 8.2359 1.0310
v  8.2385 7.2719 3.9035
v  8.3830 7.1077 3.9098
v  7.5924 6.6938 4.0080
v  7.7232 6.5451 4.0138
v  7.5584 6.6644 4.0384
v  7.6886 6.5165 4.0442
v  7.5194 6.6282 4.0110
v  7.6487 6.4812 4.0166
v  6.9879 6.1445 3.8845
v  7.1060 6.0102 3.8897
v  6.8243 5.9973 3.8896
v  6.9389 5.8670 3.8946
v  6.7567 5.9276 3.6619
v  6.8698 5.7990 3.6669
v  10.3958 7.5033 1.8567
v  9.6522 8.4283 1.8226
v  9.9820 7.5954 2.8602
v  10.6318 6.6375 2.8930
v  9.9621 7.5862 3.0229
v  8.9838 7.6111 3.5783
v  9.6395 6.7588 3.6091
v  10.6107 6.6301 3.0556
v  10.5421 6.5835 2.8923
v  10.5211 6.5761 3.0549
v  10.0453 8.0356 1.2228
v  9.6551 8.4255 1.6806
v  10.3987 7.5004 1.7147
v  10.7458 7.0718 1.2568
v  10.2810 7.4207 1.8559
v  10.2839 7.4178 1.7140
v  9.6021 6.7332 3.6088
v  10.6271 6.9950 1.2559
v  9.7335 6.5369 3.6155
v  10.6488 6.3583 3.0619
v  10.6701 6.3652 2.8994
v  10.4294 7.2090 1.8634
v  10.4324 7.2062 1.7214
v  10.7657 6.7755 1.2632
v  10.6309 6.9913 1.0716
v  10.7694 6.7717 1.0790
v  10.8925 6.8474 1.0800
v  10.7521 7.0698 1.0725
v  8.9873 6.3221 3.9382
v  9.1090 6.1404 3.9444
v  8.2707 5.8334 4.0394
v  8.3809 5.6688 4.0451
v  8.2331 5.8086 4.0697
v  8.3428 5.6448 4.0753
v  8.1897 5.7778 4.0421
v  8.2987 5.6152 4.0476
v  7.5999 5.3682 3.9129
v  7.6994 5.2197 3.9179
v  7.4184 5.2436 3.9171
v  7.5150 5.0995 3.9220
v  7.3430 5.1840 3.6891
v  7.4382 5.0417 3.6940
v  11.1621 6.2742 1.8973
v  10.5461 7.2887 1.8640
v  10.7610 6.4172 2.9001
v  11.2797 5.3824 2.9318
v  10.3099 5.6308 3.6458
v  11.2575 5.3774 3.0944
v  10.7397 6.4103 3.0627
v  9.7715 6.5617 3.6158
v  11.1615 5.3356 3.0932
v  11.1839 5.3405 2.9307
v  10.8861 6.8495 1.2642
v  10.5490 7.2859 1.7222
v  11.1650 6.2713 1.7554
v  11.4543 5.8022 1.2971
v  11.0375 6.2074 1.8961
v  11.0404 6.2045 1.7542
v  10.2694 5.6102 3.6453
v  11.3266 5.7415 1.2958
v  10.3740 5.3984 3.6518
v  11.2596 5.1030 3.1000
v  11.2821 5.1075 2.9375
v  11.1569 5.9781 1.9033
v  11.1598 5.9752 1.7613
v  11.4351 5.5058 1.3028
v  11.3304 5.7378 1.1115
v  11.4389 5.5020 1.1185
v  11.5708 5.5609 1.1200
v  11.4608 5.7998 1.1129
v  9.6052 5.2824 3.9719
v  9.7020 5.0863 3.9780
v  8.8305 4.8914 4.0701
v  8.9182 4.7137 4.0755
v  8.7899 4.8716 4.1002
v  8.8772 4.6950 4.1056
v  8.7429 4.8469 4.0724
v  8.8296 4.6713 4.0776
v  8.1049 4.5184 3.9406
v  8.1840 4.3581 3.9454
v  7.9087 4.4187 3.9440
v  7.9855 4.2631 3.9487
v  7.8267 4.3700 3.7156
v  7.9025 4.2164 3.7202
v  11.3789 5.1470 2.9387
v  11.7578 4.0531 2.9686
v  11.7607 4.9553 1.9364
v  11.2830 6.0419 1.9046
v  11.3565 5.1426 3.1011
v  10.4149 5.4181 3.6523
v  10.8267 4.4246 3.6809
v  11.7345 4.0507 3.1311
v  11.6339 4.0219 3.1296
v  11.6572 4.0242 2.9672
v  11.7636 4.9524 1.7944
v  11.9903 4.4506 1.3356
v  11.5642 5.5634 1.3043
v  11.2859 6.0390 1.7626
v  11.6285 4.9054 1.9348
v  11.6315 4.9025 1.7928
v  10.7839 4.4095 3.6803
v  11.8559 4.4072 1.3337
v  10.8598 4.1858 3.6865
v  11.7007 3.7784 3.1360
v  11.7240 3.7803 2.9735
v  11.7168 4.6624 1.9415
v  11.7197 4.6595 1.7995
v  11.9325 4.1592 1.3403
v  11.8596 4.4034 1.1494
v  11.9363 4.1555 1.1561
v  12.0748 4.1966 1.1581
v  11.9970 4.4478 1.1513
v  10.0816 4.1706 4.0044
v  10.1518 3.9636 4.0100
v  9.2621 3.8842 4.0994
v  9.3258 3.6966 4.1046
v  9.2191 3.8699 4.1293
v  9.2825 3.6833 4.1344
v  9.1694 3.8516 4.1013
v  9.2324 3.6662 4.1064
v  8.4943 3.6097 3.9671
v  8.5517 3.4404 3.9716
v  8.2867 3.5366 3.9696
v  8.3424 3.3723 3.9742
v  8.1996 3.4995 3.7409
v  8.2547 3.3374 3.7454
v  12.1815 3.5693 1.9731
v  11.8501 4.7091 1.9433
v  11.8253 3.8068 2.9750
v  12.0575 2.6727 3.0028
v  11.1811 3.1610 3.7138
v  12.0337 2.6730 3.1652
v  11.8020 3.8049 3.1375
v  10.9030 4.1999 3.6871
v  11.9302 2.6575 3.1633
v  11.9540 2.6572 3.0010
v  12.0681 4.1994 1.3423
v  11.8530 4.7063 1.8013
v  12.1844 3.5664 1.8313
v  12.3447 3.0404 1.3715
v  12.0439 3.5371 1.9711
v  12.0468 3.5342 1.8291
v  11.1366 3.1516 3.7131
v  12.2057 3.0149 1.3691
v  11.1826 2.9199 3.7188
v  11.9645 2.4073 3.1692
v  11.9883 2.4066 3.0068
v  12.0996 3.2847 1.9774
v  12.1025 3.2818 1.8354
v  12.2493 2.7591 1.3752
v  12.2095 3.0112 1.1849
v  12.2531 2.7553 1.1910
v  12.3515 3.0372 1.1873
v  12.3957 2.7779 1.1935
v  10.4082 3.0061 4.0347
v  10.4508 2.7914 4.0400
v  9.5580 2.8291 4.1269
v  9.5966 2.6347 4.1317
v  9.5135 2.8204 4.1567
v  9.5518 2.6271 4.1614
v  9.4619 2.8089 4.1285
v  9.5000 2.6168 4.1332
v  8.7612 2.6578 3.9919
v  8.7961 2.4825 3.9961
v  8.5458 2.6124 3.9937
v  8.5796 2.4422 3.9979
v  8.4554 2.5878 3.7647
v  8.4887 2.4198 3.7689
v  12.0922 2.4196 3.0087
v  12.1739 1.2648 3.0338
v  12.4170 2.1400 2.0071
v  12.2379 3.3135 1.9796
v  11.3669 1.8618 3.7440
v  12.1498 1.2677 3.1961
v  12.0683 2.4203 3.1711
v  11.2273 2.9283 3.7195
v  12.0692 1.2630 3.0316
v  12.0452 1.2660 3.1940
v  12.4200 2.1371 1.8651
v  12.5114 1.5958 1.4043
v  12.3889 2.7812 1.3776
v  12.2408 3.3106 1.8376
v  12.2764 2.1262 2.0045
v  12.2793 2.1234 1.8625
v  11.3216 1.8584 3.7432
v  12.3702 1.5888 1.4015
v  11.3369 1.6227 3.7483
v  12.0464 1.0134 3.1992
v  12.0705 1.0101 3.0369
v  12.2985 1.8686 2.0101
v  12.3015 1.8657 1.8683
v  12.3799 1.3294 1.4069
v  12.3741 1.5851 1.2172
v  12.3837 1.3257 1.2227
v  12.5281 1.3294 1.2256
v  12.5182 1.5922 1.2200
v  10.5794 1.8086 4.0625
v  10.5936 1.5903 4.0673
v  9.7132 1.7442 4.1521
v  9.7259 1.5465 4.1564
v  9.6678 1.7414 4.1818
v  9.6805 1.5448 4.1860
v  9.6152 1.7368 4.1534
v  9.6278 1.5413 4.1576
v  8.9012 1.6791 4.0145
v  8.9127 1.5007 4.0184
v  8.6817 1.6623 4.0158
v  8.6929 1.4891 4.0195
v  8.5895 1.6502 3.7865
v  8.6005 1.4794 3.7902
v  12.4634 0.6922 2.0374
v  12.4395 1.8790 2.0129
v  12.1751 1.0094 3.0390
v  12.1047 -0.1463 3.0610
v  11.3809 0.5495 3.7709
v  12.0809 -0.1406 3.2233
v  12.1510 1.0128 3.2013
v  11.3822 1.6250 3.7492
v  12.0008 -0.1344 3.0587
v  11.9769 -0.1287 3.2209
v  12.5211 1.3331 1.4098
v  12.4425 1.8762 1.8709
v  12.4663 0.6893 1.8955
v  12.4873 0.1418 1.4332
v  12.3222 0.6968 2.0344
v  12.3251 0.6939 1.8924
v  11.3356 0.5520 3.7699
v  12.3465 0.1533 1.4301
v  11.3199 0.3162 3.7745
v  11.9451 -0.3792 3.2253
v  11.9689 -0.3854 3.0631
v  12.3104 0.4385 2.0394
v  12.3133 0.4357 1.8974
v  12.3221 -0.1051 1.4349
v  12.3503 0.1496 1.2459
v  12.3260 -0.1088 1.2506
v  12.4942 0.1378 1.2491
v  12.4695 -0.1240 1.2539
v  10.5924 0.5989 4.0873
v  10.5778 0.3807 4.0915
v  9.7249 0.6483 4.1746
v  9.7117 0.4506 4.1784
v  9.6795 0.6514 4.2042
v  9.6663 0.4548 4.2079
v  9.6268 0.6537 4.1757
v  9.6137 0.4584 4.1794
v  8.9118 0.6904 4.0348
v  8.8999 0.5120 4.0382
v  8.6920 0.7025 4.0356
v  8.6804 0.5293 4.0388
v  8.5996 0.7033 3.8059
v  8.5882 0.5323 3.8092
v  12.3197 -0.7494 2.0637
v  12.4515 0.4305 2.0425
v  12.0726 -0.3997 3.0655
v  11.8515 -1.5363 3.0840
v  11.2230 -0.7535 3.7941
v  11.8281 -1.5279 3.2462
v  12.0487 -0.3935 3.2277
v  11.3651 0.3128 3.7754
v  11.7266 -1.5026 3.2436
v  11.7500 -1.5108 3.0814
v  12.4626 -0.1200 1.4381
v  12.4543 0.4276 1.9005
v  12.3226 -0.7523 1.9218
v  12.2731 -1.2966 1.4580
v  12.1803 -0.7263 2.0604
v  12.1833 -0.7292 1.9184
v  11.1784 -0.7451 3.7930
v  12.1350 -1.2668 1.4546
v  11.1319 -0.9767 3.7968
v  11.6622 -1.7466 3.2473
v  11.6855 -1.7555 3.0850
v  12.1348 -0.9808 2.0646
v  12.1378 -0.9837 1.9226
v  12.0770 -1.5197 1.4586
v  12.1388 -1.2705 1.2703
v  12.0808 -1.5235 1.2742
v  12.2212 -1.5574 1.2779
v  12.2799 -1.3010 1.2739
v  10.4469 -0.6020 4.1087
v  10.4037 -0.8165 4.1122
v  9.5930 -0.4397 4.1940
v  9.5540 -0.6339 4.1971
v  9.5483 -0.4307 4.2234
v  9.5095 -0.6240 4.2266
v  9.4964 -0.4214 4.1947
v  9.4579 -0.6134 4.1979
v  8.7928 -0.2912 4.0523
v  8.7576 -0.4665 4.0552
v  8.5765 -0.2504 4.0525
v  8.5423 -0.4206 4.0552
v  8.4856 -0.2370 3.8226
v  8.4519 -0.4050 3.8254
v  11.9884 -2.1598 2.0855
v  12.2736 -1.0073 2.0680
v  11.7864 -1.7832 3.0877
v  11.4184 -2.8812 3.1024
v  10.8957 -2.0246 3.8132
v  11.3958 -2.8703 3.2646
v  11.7631 -1.7744 3.2499
v  11.1763 -0.9862 3.7979
v  11.2985 -2.8317 3.2618
v  11.3211 -2.8426 3.0996
v  11.9913 -2.1627 1.9436
v  11.8723 -2.6947 1.4781
v  12.2143 -1.5530 1.4620
v  12.2765 -1.0101 1.9261
v  11.8533 -2.1186 2.0819
v  11.8562 -2.1215 1.9400
v  10.8526 -2.0105 3.8120
v  11.7393 -2.6470 1.4744
v  10.7762 -2.2340 3.8150
v  11.2028 -3.0654 3.2646
v  11.2251 -3.0767 3.1024
v  11.7748 -2.3650 2.0853
v  11.7777 -2.3679 1.9434
v  11.6487 -2.8902 1.4776
v  11.7431 -2.6507 1.2902
v  11.6525 -2.8939 1.2933
v  11.7872 -2.9459 1.2971
v  11.8790 -2.6994 1.2940
v  10.1452 -1.7736 4.1263
v  10.0744 -1.9806 4.1290
v  9.3198 -1.5011 4.2099
v  9.2556 -1.6887 4.2124
v  9.2764 -1.4865 4.2393
v  9.2127 -1.6730 4.2417
v  9.2264 -1.4704 4.2105
v  9.1631 -1.6558 4.2130
v  8.5463 -1.2487 4.0667
v  8.4885 -1.4180 4.0690
v  8.3372 -1.1801 4.0664
v  8.2811 -1.3443 4.0686
v  8.2495 -1.1543 3.8365
v  8.1941 -1.3164 3.8386
v  11.5130 -3.5517 0.2753
v  10.8922 -4.2359 -0.7375
v  11.4008 -3.1956 -0.7482
v  11.9466 -2.4464 0.2619
v  10.5146 -3.3500 -1.5022
v  10.9287 -2.3571 -1.5138
v  11.3851 -3.1908 -0.9114
v  10.8775 -4.2292 -0.9008
v  10.8008 -4.1850 -0.7404
v  10.7861 -4.1782 -0.9038
v  11.5100 -3.5489 0.4173
v  11.9437 -2.4436 0.4039
v  11.7928 -2.9532 0.8848
v  11.3043 -4.0403 0.8968
v  11.3815 -3.4903 0.4135
v  11.3843 -3.4932 0.2715
v  10.4737 -3.3304 -1.5034
v  11.1786 -3.9756 0.8929
v  10.3686 -3.5420 -1.5013
v  10.6605 -4.3973 -0.9020
v  10.6750 -4.4045 -0.7386
v  11.2744 -3.7273 0.2740
v  11.2715 -3.7244 0.4159
v  11.0569 -4.2049 0.8950
v  11.3032 -4.0380 1.0811
v  11.2986 -4.0334 1.3076
v  11.1751 -4.2658 1.3097
v  11.1798 -4.2703 1.0833
v  11.1749 -3.9718 1.0772
v  11.0531 -4.2012 1.0793
v  9.8552 -3.0349 -1.7362
v  9.7574 -3.2318 -1.7343
v  9.3912 -2.8128 -1.8752
v  9.0357 -2.6417 -1.8953
v  9.2990 -2.9987 -1.8734
v  8.9476 -2.8192 -1.8936
v  8.9959 -2.6228 -1.9271
v  8.9083 -2.7995 -1.9254
v  8.9473 -2.5992 -1.9012
v  8.8603 -2.7746 -1.8994
v  8.2992 -2.2868 -1.8869
v  8.2197 -2.4470 -1.8853
v  8.1012 -2.1915 -1.8984
v  8.0239 -2.3470 -1.8968
v  8.0089 -2.1447 -1.6735
v  7.9327 -2.2982 -1.6720
v  10.8269 -4.8279 0.2871
v  10.1248 -5.4223 -0.7293
v  10.7651 -4.4576 -0.7357
v  11.4014 -3.7888 0.2778
v  9.8685 -4.4928 -1.4924
v  10.4090 -3.5626 -1.5001
v  10.7506 -4.4504 -0.8990
v  10.1115 -5.4133 -0.8927
v  10.0408 -5.3598 -0.7323
v  10.0276 -5.3509 -0.8957
v  11.1809 -4.2726 0.8989
v  10.5542 -5.2865 0.9066
v  10.8239 -4.8250 0.4291
v  11.3985 -3.7859 0.4197
v  10.7041 -4.7501 0.4251
v  10.7070 -4.7530 0.2831
v  9.8305 -4.4679 -1.4936
v  10.4382 -5.2058 0.9025
v  9.6986 -4.6639 -1.4925
v  9.8744 -5.5517 -0.8947
v  9.8873 -5.5610 -0.7314
v  10.5673 -4.9706 0.2846
v  10.5644 -4.9677 0.4266
v  10.2875 -5.4173 0.9037
v  10.5483 -5.2800 1.3174
v  10.5529 -5.2846 1.0909
v  10.3956 -5.4941 1.3185
v  10.4002 -5.4988 1.0921
v  10.4344 -5.2021 1.0868
v  10.2837 -5.4136 1.0880
v  9.2567 -4.0933 -1.7271
v  9.1340 -4.2758 -1.7259
v  8.8263 -3.8121 -1.8667
v  8.4962 -3.5959 -1.8871
v  8.7104 -3.9843 -1.8655
v  8.3856 -3.7604 -1.8861
v  8.4594 -3.5720 -1.9189
v  8.3494 -3.7355 -1.9179
v  8.4142 -3.5422 -1.8931
v  8.3049 -3.7047 -1.8920
v  7.8124 -3.1477 -1.8795
v  7.7127 -3.2960 -1.8785
v  7.6286 -3.0272 -1.8911
v  7.5317 -3.1713 -1.8902
v  7.5426 -2.9693 -1.6664
v  7.4470 -3.1114 -1.6655
v  9.9796 -6.0033 0.2934
v  9.2085 -6.4981 -0.7264
v  9.9698 -5.6254 -0.7284
v  10.6853 -5.0483 0.2886
v  9.9568 -5.6161 -0.8917
v  9.1970 -6.4870 -0.8897
v  9.0783 -5.5410 -1.4874
v  9.7361 -4.6897 -1.4911
v  9.1335 -6.4251 -0.7294
v  9.1220 -6.4140 -0.8927
v  10.4015 -5.5006 0.9078
v  9.6474 -6.4238 0.9110
v  9.9766 -6.0004 0.4354
v  10.6824 -5.0454 0.4305
v  9.8677 -5.9104 0.4313
v  9.8706 -5.9133 0.2894
v  9.0440 -5.5113 -1.4887
v  9.5430 -6.3287 0.9069
v  8.9439 -6.5931 -0.8928
v  8.8876 -5.6885 -1.4884
v  8.9551 -6.6045 -0.7294
v  9.7036 -6.1107 0.2899
v  9.7007 -6.1079 0.4319
v  9.3659 -6.5185 0.9071
v  9.6460 -6.4221 1.0953
v  9.6413 -6.4175 1.3218
v  9.4665 -6.6145 1.0955
v  9.4619 -6.6099 1.3220
v  9.5393 -6.3249 1.0911
v  9.3621 -6.5148 1.0913
v  8.5248 -5.0644 -1.7225
v  8.3793 -5.2292 -1.7222
v  8.1352 -4.7288 -1.8623
v  7.8365 -4.4713 -1.8830
v  7.9979 -4.8844 -1.8620
v  7.7052 -4.6198 -1.8827
v  7.8031 -4.4426 -1.9148
v  7.6725 -4.5903 -1.9145
v  7.7622 -4.4072 -1.8890
v  7.6325 -4.5540 -1.8887
v  7.2173 -3.9373 -1.8758
v  7.0989 -4.0714 -1.8755
v  7.0507 -3.7938 -1.8875
v  6.9359 -3.9240 -1.8873
v  6.9725 -3.7258 -1.6628
v  6.8591 -3.8542 -1.6626
v  9.0283 -6.6792 -0.7264
v  9.8103 -6.2033 0.2940
v  8.9857 -7.0576 0.2944
v  8.1594 -7.4447 -0.7288
v  8.1578 -6.4769 -1.4874
v  8.9212 -5.7190 -1.4871
v  9.0171 -6.6677 -0.8897
v  8.1499 -7.4317 -0.8921
v  8.0946 -7.3625 -0.7318
v  8.0851 -7.3495 -0.8951
v  9.4680 -6.6161 0.9111
v  8.5997 -7.4325 0.9098
v  8.9828 -7.0547 0.4363
v  9.8074 -6.2004 0.4359
v  8.8894 -6.9541 0.2903
v  8.8865 -6.9513 0.4322
v  8.1276 -6.4430 -1.4887
v  8.5086 -7.3246 0.9058
v  7.8851 -7.5037 -0.8961
v  7.9493 -6.5981 -1.4892
v  7.8942 -7.5169 -0.7328
v  8.6979 -7.1280 0.2898
v  8.6950 -7.1251 0.4317
v  8.3081 -7.4897 0.9050
v  8.5932 -7.4265 1.3207
v  8.5978 -7.4311 1.0941
v  8.3901 -7.5938 1.3199
v  8.3947 -7.5984 1.0934
v  8.5048 -7.3209 1.0900
v  8.3043 -7.4859 1.0892
v  7.6720 -5.9312 -1.7225
v  7.5063 -6.0756 -1.7230
v  7.3302 -5.5473 -1.8623
v  7.0677 -5.2527 -1.8830
v  7.1736 -5.6835 -1.8627
v  6.9182 -5.3828 -1.8834
v  7.0385 -5.2199 -1.9148
v  6.8898 -5.3493 -1.9153
v  7.0025 -5.1795 -1.8890
v  6.8547 -5.3081 -1.8894
v  6.5238 -4.6424 -1.8757
v  6.3888 -4.7598 -1.8762
v  6.3775 -4.4783 -1.8875
v  6.2465 -4.5922 -1.8880
v  6.3082 -4.4011 -1.6629
v  6.1790 -4.5135 -1.6632
v  7.9570 -7.6006 -0.7298
v  8.7917 -7.2337 0.2939
v  7.8623 -7.9727 0.2897
v  6.9954 -8.2456 -0.7365
v  7.9480 -7.5874 -0.8931
v  6.9881 -8.2311 -0.8998
v  7.1226 -7.2841 -1.4923
v  7.9787 -6.6327 -1.4880
v  6.9419 -8.1558 -0.7394
v  6.9347 -8.1413 -0.9027
v  8.3966 -7.5997 0.9090
v  7.4287 -8.2954 0.9032
v  7.8594 -7.9699 0.4317
v  8.7888 -7.2308 0.4358
v  7.7775 -7.8547 0.4277
v  7.7805 -7.8576 0.2858
v  7.0971 -7.2465 -1.4936
v  7.3525 -8.1765 0.8992
v  6.7161 -8.2679 -0.9047
v  6.9001 -7.3770 -1.4950
v  6.7229 -8.2826 -0.7414
v  7.5679 -8.0049 0.2844
v  7.5650 -8.0020 0.4263
v  7.1323 -8.3139 0.8975
v  7.4266 -8.2943 1.0876
v  7.4220 -8.2897 1.3141
v  7.1988 -8.4289 1.3124
v  7.2034 -8.4335 1.0857
v  7.3488 -8.1727 1.0835
v  7.1285 -8.3101 1.0817
v  6.7132 -6.6790 -1.7271
v  6.5298 -6.8004 -1.7284
v  6.4249 -6.2532 -1.8666
v  6.2033 -5.9268 -1.8871
v  6.2518 -6.3678 -1.8679
v  6.0381 -6.0362 -1.8884
v  6.1788 -5.8903 -1.9189
v  6.0144 -5.9991 -1.9201
v  6.1483 -5.8456 -1.8930
v  5.9849 -5.9538 -1.8942
v  5.7440 -5.2505 -1.8795
v  5.5948 -5.3492 -1.8806
v  5.6204 -5.0686 -1.8911
v  5.4757 -5.1645 -1.8922
v  5.5611 -4.9836 -1.6664
v  5.4183 -5.0781 -1.6675
v  6.7744 -8.3738 -0.7385
v  7.6469 -8.1219 0.2883
v  6.6288 -8.7328 0.2798
v  5.7365 -8.8874 -0.7495
v  5.9907 -7.9489 -1.5022
v  6.9247 -7.4151 -1.4937
v  6.7675 -8.3591 -0.9018
v  5.7318 -8.8716 -0.9127
v  5.6953 -8.7913 -0.7522
v  5.6905 -8.7755 -0.9155
v  6.6258 -8.7300 0.4218
v  7.6440 -8.1191 0.4303
v  7.2055 -8.4346 0.9014
v  6.1550 -8.9976 0.8912
v  6.5598 -8.6051 0.4178
v  6.5627 -8.6080 0.2759
v  5.9704 -7.9083 -1.5034
v  6.0951 -8.8697 0.8874
v  5.7579 -8.0118 -1.5057
v  5.4573 -8.8725 -0.9184
v  5.4617 -8.8883 -0.7551
v  6.3328 -8.7262 0.2735
v  6.3298 -8.7234 0.4155
v  5.8587 -8.9771 0.8847
v  6.1478 -8.9921 1.3021
v  6.1525 -8.9967 1.0756
v  5.9084 -9.1009 1.2994
v  5.9130 -9.1055 1.0728
v  6.0913 -8.8660 1.0717
v  5.8549 -8.9733 1.0690
v  5.6647 -7.2948 -1.7362
v  5.4671 -7.3911 -1.7384
v  5.4350 -6.8345 -1.8752
v  5.2581 -6.4818 -1.8954
v  5.2484 -6.9256 -1.8772
v  5.0800 -6.5687 -1.8973
v  5.2386 -6.4424 -1.9271
v  5.0614 -6.5287 -1.9289
v  5.2142 -6.3942 -1.9012
v  5.0381 -6.4801 -1.9031
v  4.8912 -5.7513 -1.8869
v  4.7305 -5.8296 -1.8887
v  4.7927 -5.5549 -1.8983
v  4.6366 -5.6308 -1.9000
v  4.7443 -5.4633 -1.6736
v  4.5904 -5.5384 -1.6752
v  5.5006 -8.9855 -0.7523
v  6.3958 -8.8526 0.2774
v  5.3065 -9.3250 0.2646
v  4.4045 -9.3588 -0.7673
v  4.7815 -8.4597 -1.5168
v  5.7773 -8.0529 -1.5044
v  5.4962 -8.9696 -0.9156
v  4.4023 -9.3421 -0.9306
v  4.3762 -9.2581 -0.7699
v  4.3740 -9.2414 -0.9332
v  5.3036 -9.3221 0.4065
v  6.3929 -8.8497 0.4194
v  5.9156 -9.1063 0.8885
v  4.8003 -9.5270 0.8741
v  5.2545 -9.1896 0.4028
v  5.2574 -9.1925 0.2609
v  4.7667 -8.4168 -1.5179
v  4.7577 -9.3923 0.8705
v  4.5426 -8.4916 -1.5210
v  4.1302 -9.3070 -0.9369
v  4.1319 -9.3237 -0.7736
v  5.0138 -9.2796 0.2576
v  5.0109 -9.2767 0.3996
v  4.5093 -9.4677 0.8669
v  4.7975 -9.5262 1.0583
v  4.7928 -9.5216 1.2850
v  4.5458 -9.6026 1.0547
v  4.5412 -9.5980 1.2814
v  4.7539 -9.3885 1.0547
v  4.5055 -9.4640 1.0511
v  4.5446 -7.7679 -1.7497
v  4.3361 -7.8375 -1.7526
v  4.3776 -7.2813 -1.8880
v  4.2485 -6.9084 -1.9075
v  4.0604 -6.9712 -1.9101
v  4.1807 -7.3470 -1.8907
v  4.2344 -6.8666 -1.9392
v  4.0474 -6.9291 -1.9417
v  4.2163 -6.8157 -1.9132
v  4.0305 -6.8778 -1.9158
v  3.9803 -6.1362 -1.8979
v  3.8107 -6.1928 -1.9002
v  3.9083 -5.9284 -1.9090
v  3.7436 -5.9833 -1.9113
v  3.8717 -5.8319 -1.6840
v  3.7093 -5.8862 -1.6863
v  4.1578 -9.4251 -0.7710
v  5.0598 -9.4132 0.2612
v  3.9180 -9.7388 0.2444
v  3.0224 -9.6516 -0.7898
v  3.5160 -8.8078 -1.5357
v  4.5564 -8.5349 -1.5198
v  4.1560 -9.4084 -0.9343
v  3.0228 -9.6345 -0.9531
v  3.0075 -9.5480 -0.7923
v  3.0079 -9.5309 -0.9554
v  4.5487 -9.6034 0.8704
v  3.3881 -9.8744 0.8520
v  3.9151 -9.7359 0.3863
v  5.0569 -9.4103 0.4032
v  3.8838 -9.5981 0.3829
v  3.8867 -9.6010 0.2410
v  3.5068 -8.7633 -1.5368
v  3.3635 -9.7352 0.8487
v  3.2748 -8.8081 -1.5407
v  2.7576 -9.5639 -0.9599
v  2.7567 -9.5812 -0.7968
v  3.6339 -9.6555 0.2368
v  3.6309 -9.6526 0.3788
v  3.1074 -9.7775 0.8443
v  3.3848 -9.8736 1.0364
v  3.3802 -9.8690 1.2630
v  3.1207 -9.9119 1.2585
v  3.1253 -9.9165 1.0319
v  3.3597 -9.7315 1.0329
v  3.1036 -9.7738 1.0285
v  3.3723 -8.0904 -1.7672
v  3.1564 -8.1322 -1.7709
v  3.2708 -7.5858 -1.9046
v  3.1916 -7.1991 -1.9234
v  2.9971 -7.2367 -1.9266
v  3.0670 -7.6251 -1.9080
v  3.1832 -7.1558 -1.9550
v  2.9897 -7.1931 -1.9582
v  3.1719 -7.1030 -1.9288
v  2.9797 -7.1402 -1.9321
v  3.0268 -6.3984 -1.9122
v  2.8513 -6.4323 -1.9152
v  2.9828 -6.1830 -1.9229
v  2.8123 -6.2159 -1.9258
v  2.9586 -6.0831 -1.6978
v  2.7903 -6.1156 -1.7005
v  2.4874 -9.9673 0.2195
v  1.6138 -9.7610 -0.8166
v  2.7691 -9.6851 -0.7944
v  3.6620 -9.7940 0.2402
v  2.2157 -8.9871 -1.5588
v  3.2830 -8.8528 -1.5396
v  2.7700 -9.6679 -0.9575
v  1.6170 -9.7436 -0.9797
v  1.6126 -9.6563 -0.8188
v  1.6158 -9.6390 -0.9819
v  3.1287 -9.9171 0.8475
v  1.9426 -10.0338 0.8255
v  2.4845 -9.9644 0.3615
v  3.6590 -9.7911 0.3822
v  2.4744 -9.8266 0.2165
v  2.4715 -9.8237 0.3584
v  2.2125 -8.9418 -1.5599
v  1.9364 -9.8926 0.8225
v  1.3633 -9.6389 -0.9871
v  1.9767 -8.9559 -1.5644
v  1.3597 -9.6563 -0.8239
v  2.2166 -9.8475 0.2115
v  2.2137 -9.8446 0.3534
v  1.6770 -9.9010 0.8174
v  1.9343 -10.0285 1.2365
v  1.9390 -10.0331 1.0098
v  1.6714 -10.0370 1.2312
v  1.6761 -10.0416 1.0045
v  1.9327 -9.8889 1.0068
v  1.6732 -9.8972 1.0016
v  2.1679 -8.2566 -1.7887
v  1.9484 -8.2696 -1.7930
v  2.1337 -7.7426 -1.9248
v  2.1059 -7.3488 -1.9427
v  1.9266 -7.7549 -1.9288
v  1.9081 -7.3606 -1.9466
v  2.1034 -7.3047 -1.9742
v  1.9066 -7.3165 -1.9780
v  2.0990 -7.2510 -1.9480
v  1.9036 -7.2627 -1.9518
v  2.0473 -6.5335 -1.9297
v  1.8688 -6.5441 -1.9331
v  2.0318 -6.3141 -1.9398
v  1.8586 -6.3245 -1.9432
v  2.0203 -6.2126 -1.7145
v  1.8493 -6.2227 -1.7178
v  1.0394 -10.0064 0.1905
v  0.2032 -9.6849 -0.8472
v  1.3584 -9.7610 -0.8219
v  2.2264 -9.9884 0.2146
v  0.9033 -8.9947 -1.5857
v  1.9788 -9.0012 -1.5635
v  1.3620 -9.7436 -0.9850
v  0.2090 -9.6677 -1.0102
v  0.2157 -9.5810 -0.8491
v  0.2215 -9.5638 -1.0122
v  1.6798 -10.0423 0.8203
v  0.4887 -10.0026 0.7949
v  1.0365 -10.0035 0.3324
v  2.2234 -9.9855 0.3565
v  1.0419 -9.8623 0.3297
v  1.0448 -9.8652 0.1878
v  0.9060 -8.9493 -1.5866
v  0.5012 -9.8618 0.7923
v  -0.0287 -9.5307 -1.0180
v  0.6704 -8.9324 -1.5918
v  -0.0350 -9.5479 -0.8549
v  0.7866 -9.8521 0.1821
v  0.7837 -9.8493 0.3241
v  0.2428 -9.8361 0.7864
v  0.4801 -9.9972 1.2059
v  0.4847 -10.0019 0.9792
v  0.2183 -9.9712 1.2000
v  0.2230 -9.9758 0.9733
v  0.4974 -9.8580 0.9766
v  0.2390 -9.8324 0.9707
v  0.9522 -8.2635 -1.8136
v  0.7329 -8.2477 -1.8184
v  0.9860 -7.7492 -1.9483
v  1.0100 -7.3551 -1.9651
v  0.7790 -7.7343 -1.9529
v  0.8124 -7.3409 -1.9695
v  1.0133 -7.3110 -1.9965
v  0.8168 -7.2968 -2.0009
v  1.0160 -7.2572 -1.9701
v  0.8206 -7.2431 -1.9744
v  1.0587 -6.5392 -1.9499
v  0.8804 -6.5263 -1.9539
v  1.0720 -6.3196 -1.9595
v  0.8989 -6.3072 -1.9634
v  1.0732 -6.2180 -1.7339
v  0.9024 -6.2057 -1.7376
v  -0.0500 -9.6514 -0.8531
v  0.7777 -9.9932 0.1848
v  -0.4014 -9.8555 0.1578
v  -1.1853 -9.4247 -0.8810
v  -0.3987 -8.8302 -1.6159
v  0.6666 -8.9776 -1.5909
v  -0.0438 -9.6343 -1.0162
v  -1.1767 -9.4080 -1.0441
v  -1.1592 -9.3234 -0.8826
v  -1.1508 -9.3066 -1.0456
v  -0.4043 -9.8527 0.2997
v  0.7748 -9.9903 0.3268
v  0.2271 -9.9765 0.7890
v  -0.9484 -9.7811 0.7608
v  -0.3804 -9.7134 0.2974
v  -0.3774 -9.7162 0.1555
v  -0.3901 -8.7856 -1.6166
v  -0.9177 -9.6432 0.7587
v  -0.6214 -8.7379 -1.6223
v  -1.3946 -9.2410 -1.0520
v  -1.4036 -9.2577 -0.8890
v  -0.6317 -9.6695 0.1493
v  -0.6346 -9.6666 0.2912
v  -1.1704 -9.5839 0.7523
v  -0.9529 -9.7804 0.9451
v  -0.9575 -9.7758 1.1718
v  -1.2089 -9.7204 0.9387
v  -1.2135 -9.7158 1.1653
v  -0.9215 -9.6394 0.9429
v  -1.1742 -9.5802 0.9365
v  -0.2539 -8.1112 -1.8415
v  -0.4692 -8.0668 -1.8469
v  -0.1527 -7.6053 -1.9747
v  -0.0773 -7.2178 -1.9903
v  -0.3560 -7.5635 -1.9798
v  -0.2713 -7.1779 -1.9952
v  -0.0681 -7.1744 -2.0215
v  -0.2612 -7.1346 -2.0263
v  -0.0585 -7.1215 -1.9950
v  -0.2503 -7.0820 -1.9998
v  0.0777 -6.4152 -1.9726
v  -0.0974 -6.3792 -1.9770
v  0.1198 -6.1994 -1.9815
v  -0.0502 -6.1643 -1.9857
v  0.1336 -6.0993 -1.7556
v  -0.0341 -6.0647 -1.7598
v  -1.8098 -9.5173 0.1220
v  -2.5277 -8.9849 -0.9176
v  -1.4319 -9.3584 -0.8875
v  -0.6590 -9.8082 0.1515
v  -1.6679 -8.4966 -1.6488
v  -0.6312 -8.7823 -1.6217
v  -1.4229 -9.3418 -1.0506
v  -2.5165 -8.9690 -1.0806
v  -2.4885 -8.8878 -0.9188
v  -2.4775 -8.8719 -1.0818
v  -1.2044 -9.7211 0.7543
v  -2.3441 -9.3734 0.7238
v  -1.8127 -9.5144 0.2639
v  -0.6619 -9.8053 0.2934
v  -1.7708 -9.3794 0.2620
v  -1.7679 -9.3823 0.1201
v  -1.6535 -8.4536 -1.6494
v  -2.2956 -9.2407 0.7221
v  -1.8767 -8.3760 -1.6556
v  -2.7106 -8.7750 -1.0885
v  -2.7221 -8.7907 -0.9256
v  -2.0138 -9.3026 0.1134
v  -2.0167 -9.2997 0.2554
v  -2.5384 -9.1488 0.7152
v  -2.3536 -9.3680 1.1348
v  -2.3489 -9.3726 0.9082
v  -2.5949 -9.2794 0.9012
v  -2.5996 -9.2749 1.1279
v  -2.2994 -9.2369 0.9064
v  -2.5421 -9.1451 0.8995
v  -1.4297 -7.8022 -1.8720
v  -1.6372 -7.7301 -1.8778
v  -1.2626 -7.3136 -2.0034
v  -1.1371 -6.9393 -2.0178
v  -1.4587 -7.2455 -2.0089
v  -1.3243 -6.8742 -2.0230
v  -1.1222 -6.8974 -2.0489
v  -1.3084 -6.8327 -2.0540
v  -1.1059 -6.8462 -2.0222
v  -1.2908 -6.7819 -2.0273
v  -0.8784 -6.1639 -1.9974
v  -1.0472 -6.1053 -2.0021
v  -0.8084 -5.9554 -2.0056
v  -0.9724 -5.8985 -2.0102
v  -0.7822 -5.8586 -1.7794
v  -0.9440 -5.8023 -1.7839
v  -2.7635 -8.8869 -0.9245
v  -2.0590 -9.4366 0.1152
v  -3.1617 -8.9974 0.0836
v  -3.8008 -8.3731 -0.9562
v  -2.8825 -7.9997 -1.6839
v  -1.8921 -8.4187 -1.6550
v  -2.7520 -8.8711 -1.0874
v  -3.7872 -8.3583 -1.1191
v  -3.7493 -8.2819 -0.9570
v  -3.7358 -8.2672 -1.1199
v  -2.5899 -9.2803 0.7168
v  -3.6743 -8.7863 0.6845
v  -3.1647 -8.9945 0.2255
v  -2.0619 -9.4337 0.2571
v  -3.1025 -8.8691 0.0821
v  -3.1054 -8.8662 0.2241
v  -2.8625 -7.9589 -1.6842
v  -3.6089 -8.6611 0.6833
v  -3.0735 -7.8528 -1.6908
v  -3.9541 -8.1405 -1.1270
v  -3.9681 -8.1550 -0.9641
v  -3.3358 -8.7579 0.0750
v  -3.3388 -8.7551 0.2170
v  -3.8375 -8.5382 0.6761
v  -3.6795 -8.7854 0.8688
v  -3.6842 -8.7808 1.0956
v  -3.9158 -8.6562 1.0882
v  -3.9111 -8.6608 0.8615
v  -3.6126 -8.6574 0.8675
v  -3.8412 -8.5345 0.8604
v  -2.5547 -7.3418 -1.9045
v  -2.7510 -7.2431 -1.9106
v  -2.3248 -6.8790 -2.0342
v  -2.1513 -6.5243 -2.0471
v  -2.5102 -6.7858 -2.0399
v  -2.3283 -6.4353 -2.0526
v  -2.1309 -6.4846 -2.0780
v  -2.3071 -6.3961 -2.0835
v  -2.1081 -6.4361 -2.0511
v  -2.2830 -6.3482 -2.0566
v  -1.7933 -5.7896 -2.0239
v  -1.9531 -5.7093 -2.0288
v  -1.6967 -5.5920 -2.0313
v  -1.8517 -5.5141 -2.0360
v  -1.6587 -5.5000 -1.8047
v  -1.8116 -5.4231 -1.8094
v  -4.4339 -8.3049 0.0434
v  -4.9826 -7.5997 -0.9963
v  -4.0217 -8.2449 -0.9634
v  -3.3982 -8.8847 0.0764
v  -4.0213 -7.3479 -1.7205
v  -3.0945 -7.8931 -1.6904
v  -4.0077 -8.2305 -1.1263
v  -4.9669 -7.5865 -1.1591
v  -4.9197 -7.5161 -0.9967
v  -4.9039 -7.5028 -1.1595
v  -4.4368 -8.3020 0.1853
v  -3.4011 -8.8818 0.2183
v  -3.9059 -8.6619 0.6772
v  -4.9161 -8.0301 0.6436
v  -4.3612 -8.1826 0.1844
v  -4.3583 -8.1855 0.0424
v  -3.9962 -7.3101 -1.7208
v  -4.8348 -7.9145 0.6429
v  -5.1038 -7.3487 -1.1667
v  -4.1915 -7.1772 -1.7275
v  -5.1200 -7.3616 -1.0039
v  -4.5751 -8.0447 0.0351
v  -4.5780 -8.0418 0.1770
v  -5.0453 -7.7628 0.6355
v  -4.9263 -8.0243 1.0543
v  -4.9216 -8.0289 0.8279
v  -5.1396 -7.8705 1.0469
v  -5.1349 -7.8751 0.8204
v  -4.8386 -7.9108 0.8272
v  -5.0491 -7.7591 0.8198
v  -3.6096 -6.7381 -1.9385
v  -3.7914 -6.6145 -1.9448
v  -3.3208 -6.3091 -2.0662
v  -3.1023 -5.9800 -2.0777
v  -3.2661 -5.8687 -2.0834
v  -3.4924 -6.1923 -2.0722
v  -3.0769 -5.9433 -2.1085
v  -3.2398 -5.8325 -2.1141
v  -3.0480 -5.8983 -2.0815
v  -3.2098 -5.7881 -2.0870
v  -2.6514 -5.2986 -2.0515
v  -2.7991 -5.1980 -2.0566
v  -2.5296 -5.1153 -2.0582
v  -2.6730 -5.0177 -2.0631
v  -2.4805 -5.0297 -1.8312
v  -2.6221 -4.9334 -1.8361
v  -5.1849 -7.4437 -1.0036
v  -4.6535 -8.1622 0.0359
v  -5.6042 -7.4517 0.0019
v  -6.0531 -6.6781 -1.0370
v  -5.0650 -6.5526 -1.7582
v  -4.2176 -7.2145 -1.7273
v  -5.1688 -7.4308 -1.1664
v  -6.0353 -6.6667 -1.1997
v  -5.9798 -6.6034 -1.0370
v  -5.9619 -6.5920 -1.1997
v  -5.6072 -7.4489 0.1439
v  -4.6565 -8.1594 0.1778
v  -5.1293 -7.8764 0.6361
v  -6.0480 -7.1177 0.6018
v  -5.5166 -7.3405 0.1435
v  -5.5136 -7.3433 0.0016
v  -5.0352 -6.5184 -1.7583
v  -5.9523 -7.0138 0.6017
v  -5.2114 -6.3610 -1.7651
v  -6.1398 -6.4130 -1.2071
v  -6.1581 -6.4241 -1.0443
v  -5.7102 -7.1753 -0.0059
v  -5.7131 -7.1724 0.1360
v  -6.1412 -6.8357 0.5941
v  -6.0586 -7.1117 1.0125
v  -6.0539 -7.1162 0.7861
v  -6.2499 -6.9313 1.0049
v  -6.2453 -6.9359 0.7785
v  -5.9561 -7.0100 0.7859
v  -6.1449 -6.8320 0.7784
v  -4.5765 -6.0014 -1.9733
v  -4.7404 -5.8550 -1.9797
v  -4.2335 -5.6134 -2.0991
v  -3.9738 -5.3159 -2.1091
v  -4.3883 -5.4752 -2.1051
v  -4.1216 -5.1840 -2.1148
v  -3.9437 -5.2828 -2.1398
v  -4.0907 -5.1515 -2.1454
v  -3.9093 -5.2420 -2.1124
v  -4.0552 -5.1116 -2.1181
v  -3.4376 -4.6994 -2.0798
v  -3.5710 -4.5804 -2.0851
v  -3.2929 -4.5337 -2.0856
v  -3.4223 -4.4182 -2.0907
v  -3.2337 -4.4558 -1.8583
v  -3.3614 -4.3417 -1.8633
v  -6.6528 -6.4527 -0.0400
v  -6.9936 -5.6243 -1.0777
v  -6.2331 -6.4970 -1.0444
v  -5.8033 -7.2816 -0.0056
v  -6.2149 -6.4859 -1.2071
v  -6.9739 -5.6148 -1.2404
v  -5.9955 -5.6273 -1.7961
v  -5.2420 -6.3945 -1.7651
v  -6.9110 -5.5598 -1.0773
v  -6.8913 -5.5504 -1.2400
v  -6.2393 -6.9374 0.5942
v  -7.0507 -6.0649 0.5598
v  -6.6557 -6.4498 0.1020
v  -5.8062 -7.2787 0.1363
v  -6.5487 -6.3570 -0.0398
v  -6.5517 -6.3541 0.1022
v  -5.9614 -5.5973 -1.7960
v  -6.9422 -5.9744 0.5602
v  -6.1155 -5.4183 -1.8028
v  -7.0443 -5.3496 -1.2472
v  -7.0644 -5.3587 -1.0846
v  -6.7216 -6.1646 -0.0473
v  -6.7245 -6.1618 0.0947
v  -7.1061 -5.7731 0.5527
v  -7.0615 -6.0585 0.9705
v  -7.0569 -6.0631 0.7441
v  -7.2276 -5.8546 0.9629
v  -7.2229 -5.8592 0.7365
v  -6.9460 -5.9707 0.7445
v  -7.1098 -5.7693 0.7370
v  -5.4383 -5.1443 -2.0085
v  -5.5817 -4.9778 -2.0148
v  -5.0472 -4.8043 -2.1323
v  -4.7507 -4.5433 -2.1408
v  -5.1826 -4.6471 -2.1383
v  -4.8800 -4.3931 -2.1465
v  -4.7164 -4.5143 -2.1713
v  -4.8450 -4.3648 -2.1769
v  -4.6770 -4.4785 -2.1437
v  -4.8048 -4.3301 -2.1495
v  -4.1386 -4.0024 -2.1084
v  -4.2552 -3.8669 -2.1136
v  -3.9734 -3.8570 -2.1134
v  -4.0866 -3.7254 -2.1184
v  -3.9051 -3.7881 -1.8857
v  -4.0167 -3.6582 -1.8907
v  11.4754 -3.5147 2.1009
v  11.9090 -2.4093 2.0874
v  11.3215 -3.1175 3.1037
v  10.8130 -4.1578 3.1143
v  11.2992 -3.1061 3.2658
v  10.8190 -2.2491 3.8147
v  10.4049 -3.2420 3.8263
v  10.7915 -4.1444 3.2764
v  11.2252 -3.0767 3.1009
v  11.2028 -3.0653 3.2630
v  10.7001 -4.0935 3.2735
v  10.7215 -4.1068 3.1114
v  11.4784 -3.5176 1.9589
v  11.2919 -4.0282 1.4918
v  11.7806 -2.9411 1.4797
v  11.9120 -2.4122 1.9454
v  11.7778 -2.3679 1.9418
v  11.7749 -2.3650 2.0837
v  11.3468 -3.4561 2.0971
v  11.3497 -3.4590 1.9551
v  10.3640 -3.2222 3.8250
v  10.7762 -2.2340 3.8135
v  11.1664 -3.9635 1.4879
v  11.6488 -2.8902 1.4760
v  10.2589 -3.4339 3.8272
v  10.5746 -4.3126 3.2754
v  10.5958 -4.3264 3.1133
v  11.2368 -3.6902 2.0996
v  11.2397 -3.6931 1.9577
v  11.0447 -4.1928 1.4900
v  11.1702 -3.9672 1.3036
v  11.6526 -2.8940 1.2917
v  11.0485 -4.1965 1.3057
v  9.6927 -2.8957 4.1382
v  10.0744 -1.9806 4.1275
v  9.5955 -3.0916 4.1402
v  9.2556 -1.6886 4.2109
v  8.9099 -2.5177 4.2205
v  8.8218 -2.6952 4.2224
v  9.2127 -1.6730 4.2401
v  8.8689 -2.4975 4.2498
v  8.7812 -2.6741 4.2517
v  9.1631 -1.6557 4.2114
v  8.8213 -2.4750 4.2210
v  8.7343 -2.6505 4.2228
v  8.4885 -1.4179 4.0674
v  8.1765 -2.1658 4.0762
v  8.0970 -2.3261 4.0778
v  7.9782 -2.0704 4.0756
v  8.2811 -1.3442 4.0671
v  7.9010 -2.2259 4.0771
v  8.1941 -1.3164 3.8370
v  7.8953 -2.0328 3.8454
v  7.8192 -2.1862 3.8470
v  10.6859 -4.3794 3.1162
v  10.0455 -5.3442 3.1226
v  10.7893 -4.7909 2.1127
v  11.3639 -3.7518 2.1035
v  9.7588 -4.3846 3.8362
v  10.0255 -5.3286 3.2847
v  10.6648 -4.3656 3.2783
v  10.2994 -3.4546 3.8284
v  9.9416 -5.2661 3.2817
v  9.9616 -5.2817 3.1195
v  10.7922 -4.7938 1.9707
v  10.5419 -5.2744 1.5016
v  11.1687 -4.2605 1.4939
v  11.3669 -3.7546 1.9615
v  10.6695 -4.7159 2.1087
v  10.6724 -4.7188 1.9667
v  9.7210 -4.3598 3.8349
v  10.4259 -5.1938 1.4975
v  9.5891 -4.5558 3.8361
v  9.7884 -5.4668 3.2827
v  9.8081 -5.4829 3.1206
v  10.5297 -4.9336 2.1102
v  10.5327 -4.9364 1.9684
v  10.2753 -5.4053 1.4987
v  10.4297 -5.1975 1.3133
v  10.2790 -5.4090 1.3145
v  9.0973 -3.9489 4.1473
v  8.9752 -4.1305 4.1485
v  8.3704 -3.4718 4.2288
v  8.2598 -3.6363 4.2299
v  8.3322 -3.4466 4.2581
v  8.2223 -3.6103 4.2591
v  8.2883 -3.4180 4.2293
v  8.1789 -3.5805 4.2302
v  7.6899 -3.0267 4.0836
v  7.5900 -3.1751 4.0846
v  7.5057 -2.9060 4.0828
v  7.4089 -3.0501 4.0838
v  7.4290 -2.8574 3.8526
v  7.3334 -2.9995 3.8535
v  9.9420 -5.9661 2.1191
v  10.6477 -5.0113 2.1142
v  9.8905 -5.5473 3.1236
v  9.1293 -6.4199 3.1256
v  9.8709 -5.5313 3.2857
v  9.6264 -4.5816 3.8375
v  8.9687 -5.4330 3.8412
v  9.1111 -6.4022 3.2877
v  9.0361 -6.3293 3.2847
v  9.0543 -6.3470 3.1226
v  10.3893 -5.4885 1.5029
v  10.6506 -5.0142 1.9723
v  9.9449 -5.9690 1.9772
v  9.6353 -6.4116 1.5060
v  9.8331 -5.8763 2.1150
v  9.8360 -5.8791 1.9731
v  8.9344 -5.4033 3.8399
v  9.5307 -6.3166 1.5019
v  8.7780 -5.5805 3.8403
v  8.8580 -6.5083 3.2846
v  8.8758 -6.5264 3.1225
v  9.6660 -6.0737 2.1156
v  9.6690 -6.0766 1.9737
v  9.3537 -6.5064 1.5021
v  9.5346 -6.3203 1.3176
v  9.3575 -6.5102 1.3179
v  8.3690 -4.9151 4.1519
v  8.2242 -5.0791 4.1524
v  7.7106 -4.3472 4.2331
v  7.5794 -4.4958 4.2333
v  7.6760 -4.3173 4.2623
v  7.5455 -4.4650 4.2626
v  7.6362 -4.2830 4.2334
v  7.5065 -4.4299 4.2337
v  7.0946 -3.8164 4.0874
v  6.9762 -3.9505 4.0877
v  6.9279 -3.6727 4.0865
v  6.8130 -3.8028 4.0868
v  6.8589 -3.6139 3.8562
v  6.7455 -3.7422 3.8565
v  8.9481 -7.0206 2.1201
v  9.7728 -6.1663 2.1197
v  8.9491 -6.6011 3.1255
v  8.0802 -7.3665 3.1232
v  8.9313 -6.5830 3.2877
v  8.8116 -5.6108 3.8416
v  8.0482 -6.3688 3.8413
v  8.0640 -7.3470 3.2853
v  8.0153 -7.2844 3.1202
v  7.9992 -7.2648 3.2823
v  9.4558 -6.6040 1.5063
v  9.7757 -6.1691 1.9777
v  8.9511 -7.0234 1.9781
v  8.5874 -7.4205 1.5049
v  8.8519 -6.9171 2.1160
v  8.8548 -6.9200 1.9740
v  8.0180 -6.3349 3.8399
v  8.4963 -7.3125 1.5009
v  7.8397 -6.4900 3.8395
v  7.7991 -7.4190 3.2814
v  7.8149 -7.4388 3.1192
v  8.6604 -7.0910 2.1155
v  8.6634 -7.0938 1.9737
v  8.2959 -7.4776 1.5001
v  8.5001 -7.3162 1.3167
v  8.2997 -7.4813 1.3158
v  7.5205 -5.7777 4.1520
v  7.3555 -5.9213 4.1516
v  6.9419 -5.1286 4.2331
v  6.7924 -5.2588 4.2327
v  6.9115 -5.0946 4.2623
v  6.7627 -5.2240 4.2619
v  6.8765 -5.0553 4.2334
v  6.7288 -5.1839 4.2330
v  6.4011 -4.5214 4.0875
v  6.2661 -4.6388 4.0871
v  6.2546 -4.3571 4.0866
v  6.1237 -4.4710 4.0862
v  6.1946 -4.2891 3.8563
v  6.0654 -4.4016 3.8559
v  7.8247 -7.9356 2.1155
v  8.7542 -7.1966 2.1196
v  7.8778 -7.5225 3.1222
v  6.9161 -8.1675 3.1155
v  7.8620 -7.5026 3.2843
v  7.8691 -6.5246 3.8407
v  7.0130 -7.1761 3.8364
v  6.9022 -8.1464 3.2777
v  6.8626 -8.0777 3.1126
v  6.8487 -8.0566 3.2747
v  8.3844 -7.5876 1.5042
v  8.7571 -7.1995 1.9777
v  7.8276 -7.9385 1.9736
v  7.4165 -8.2834 1.4983
v  7.7430 -7.8205 2.1115
v  7.7459 -7.8234 1.9696
v  6.9875 -7.1385 3.8351
v  7.3404 -8.1644 1.4944
v  6.7905 -7.2689 3.8336
v  6.6302 -8.1832 3.2728
v  6.6437 -8.2045 3.1107
v  7.5303 -7.9679 2.1101
v  7.5332 -7.9708 1.9682
v  7.1201 -8.3018 1.4927
v  7.3442 -8.1681 1.3102
v  7.1239 -8.3055 1.3084
v  6.5664 -6.5218 4.1475
v  6.3840 -6.6425 4.1462
v  6.0774 -5.8028 4.2290
v  5.9123 -5.9122 4.2278
v  6.0517 -5.7650 4.2582
v  5.8873 -5.8739 4.2571
v  6.0223 -5.7215 4.2294
v  5.8590 -5.8296 4.2282
v  5.6213 -5.1296 4.0838
v  5.4721 -5.2283 4.0828
v  5.4976 -4.9474 4.0830
v  5.3528 -5.0433 4.0820
v  5.4476 -4.8716 3.8527
v  5.3048 -4.9662 3.8517
v  6.5912 -8.6958 2.1056
v  7.6094 -8.0849 2.1142
v  6.6951 -8.2957 3.1136
v  5.6573 -8.8093 3.1026
v  6.6816 -8.2744 3.2757
v  6.8151 -7.3071 3.8350
v  5.8812 -7.8408 3.8266
v  5.6458 -8.7870 3.2648
v  5.6160 -8.7132 3.0999
v  5.6045 -8.6908 3.2620
v  7.1933 -8.4225 1.4966
v  7.6124 -8.0877 1.9722
v  6.5942 -8.6986 1.9636
v  6.1428 -8.9855 1.4864
v  6.5252 -8.5709 2.1017
v  6.5281 -8.5738 1.9598
v  5.8608 -7.8003 3.8253
v  6.0829 -8.8576 1.4826
v  5.6483 -7.9037 3.8231
v  5.3714 -8.7878 3.2592
v  5.3824 -8.8102 3.0970
v  6.2952 -8.6892 2.0993
v  6.2981 -8.6921 1.9574
v  5.8465 -8.9650 1.4799
v  6.0867 -8.8613 1.2983
v  5.8503 -8.9687 1.2956
v  5.5231 -7.1344 4.1385
v  5.3265 -7.2303 4.1364
v  5.1323 -6.3578 4.2208
v  4.9542 -6.4447 4.2189
v  5.1116 -6.3172 4.2501
v  4.9344 -6.4035 4.2482
v  5.0882 -6.2701 4.2213
v  4.9121 -6.3559 4.2194
v  4.7685 -5.6304 4.0764
v  4.6077 -5.7087 4.0747
v  4.6697 -5.4337 4.0758
v  4.5137 -5.5097 4.0741
v  4.6308 -5.3514 3.8457
v  4.4769 -5.4265 3.8440
v  5.4214 -8.9073 3.0998
v  4.3253 -9.2807 3.0848
v  5.2689 -9.2880 2.0904
v  6.3582 -8.8156 2.1032
v  4.6720 -8.3516 3.8121
v  4.3164 -9.2574 3.2470
v  5.4104 -8.8849 3.2619
v  5.6678 -7.9447 3.8243
v  4.2970 -9.1800 3.0822
v  4.2881 -9.1567 3.2444
v  5.2719 -9.2908 1.9485
v  4.7881 -9.5148 1.4693
v  5.9034 -9.0943 1.4837
v  6.3611 -8.8185 1.9613
v  5.2198 -9.1555 2.0867
v  5.2227 -9.1583 1.9448
v  4.6570 -8.3087 3.8109
v  4.7455 -9.3802 1.4657
v  4.4330 -8.3836 3.8078
v  4.0442 -9.2222 3.2407
v  4.0527 -9.2456 3.0785
v  4.9763 -9.2425 2.0835
v  4.9792 -9.2454 1.9416
v  4.4971 -9.4556 1.4621
v  4.7492 -9.3839 1.2815
v  4.5009 -9.4594 1.2779
v  4.4087 -7.6052 4.1251
v  4.2011 -7.6746 4.1223
v  4.1226 -6.7844 4.2087
v  3.9346 -6.8471 4.2061
v  4.1073 -6.7414 4.2381
v  3.9203 -6.8039 4.2355
v  4.0904 -6.6916 4.2093
v  3.9046 -6.7536 4.2068
v  3.8576 -6.0152 4.0655
v  3.6880 -6.0719 4.0631
v  3.7854 -5.8072 4.0652
v  3.6208 -5.8623 4.0630
v  3.7582 -5.7200 3.8352
v  3.5958 -5.7742 3.8330
v  3.8805 -9.7018 2.0702
v  5.0223 -9.3762 2.0872
v  4.0787 -9.3470 3.0811
v  2.9431 -9.5735 3.0624
v  4.0701 -9.3237 3.2433
v  4.4468 -8.4268 3.8090
v  3.4063 -8.6997 3.7931
v  2.9368 -9.5497 3.2246
v  2.9282 -9.4699 3.0599
v  2.9220 -9.4462 3.2222
v  4.5365 -9.5913 1.4657
v  5.0252 -9.3790 1.9452
v  3.8834 -9.7047 1.9283
v  3.3759 -9.8623 1.4473
v  3.8492 -9.5640 2.0668
v  3.8521 -9.5669 1.9249
v  3.3972 -8.6553 3.7921
v  3.3513 -9.7231 1.4440
v  3.1652 -8.7001 3.7881
v  2.6717 -9.4792 3.2177
v  2.6775 -9.5031 3.0555
v  3.5963 -9.6185 2.0627
v  3.5993 -9.6213 1.9209
v  3.0951 -9.7655 1.4396
v  3.3551 -9.7269 1.2597
v  3.0990 -9.7692 1.2553
v  3.2421 -7.9261 4.1077
v  3.0274 -7.9676 4.1041
v  3.0658 -7.0751 4.1929
v  2.8712 -7.1127 4.1897
v  3.0562 -7.0305 4.2223
v  2.8627 -7.0679 4.2192
v  3.0460 -6.9788 4.1937
v  2.8537 -7.0160 4.1906
v  2.9042 -6.2774 4.0512
v  2.7286 -6.3114 4.0484
v  2.8599 -6.0618 4.0514
v  2.6895 -6.0948 4.0486
v  2.8450 -5.9712 3.8215
v  2.6768 -6.0037 3.8188
v  2.4499 -9.9302 2.0454
v  3.6244 -9.7569 2.0661
v  2.6899 -9.6070 3.0578
v  1.5346 -9.6828 3.0357
v  2.6841 -9.5831 3.2201
v  3.1734 -8.7447 3.7893
v  2.1061 -8.8790 3.7700
v  1.5310 -9.6589 3.1979
v  1.5334 -9.5782 3.0334
v  1.5299 -9.5543 3.1958
v  3.1165 -9.9051 1.4429
v  3.6273 -9.7598 1.9242
v  2.4528 -9.9331 1.9035
v  1.9304 -10.0217 1.4208
v  2.4369 -9.7895 2.0423
v  2.4398 -9.7924 1.9004
v  2.1029 -8.8338 3.7690
v  1.9242 -9.8806 1.4179
v  1.8671 -8.8479 3.7645
v  1.2773 -9.5542 3.1906
v  1.2804 -9.5782 3.0283
v  2.1791 -9.8104 2.0375
v  2.1820 -9.8133 1.8956
v  1.6647 -9.8890 1.4127
v  1.9280 -9.8843 1.2336
v  1.6686 -9.8927 1.2284
v  2.0438 -8.0914 4.0864
v  1.8253 -8.1044 4.0821
v  1.9801 -7.2248 4.1736
v  1.7823 -7.2366 4.1698
v  1.9763 -7.1795 4.2032
v  1.7795 -7.1912 4.1994
v  1.9730 -7.1269 4.1746
v  1.7776 -7.1385 4.1709
v  1.9246 -6.4126 4.0338
v  1.7462 -6.4232 4.0304
v  1.9089 -6.1930 4.0345
v  1.7357 -6.2034 4.0312
v  1.9067 -6.1006 3.8049
v  1.7357 -6.1108 3.8016
v  1.0018 -9.9694 2.0165
v  2.1888 -9.9514 2.0406
v  1.2792 -9.6829 3.0303
v  0.1239 -9.6068 3.0050
v  1.2760 -9.6589 3.1927
v  1.8692 -8.8932 3.7654
v  0.7937 -8.8866 3.7432
v  0.1231 -9.5830 3.1674
v  0.1364 -9.5029 3.0032
v  0.1356 -9.4790 3.1656
v  1.6676 -10.0302 1.4157
v  2.1917 -9.9542 1.8986
v  1.0047 -9.9723 1.8746
v  0.4765 -9.9905 1.3903
v  1.0073 -9.8282 2.0137
v  1.0102 -9.8311 1.8719
v  0.7964 -8.8412 3.7424
v  0.4889 -9.8497 1.3877
v  0.5608 -8.8243 3.7372
v  -0.1147 -9.4460 3.1597
v  -0.1143 -9.4697 2.9974
v  0.7491 -9.8151 2.0082
v  0.7520 -9.8180 1.8662
v  0.2306 -9.8240 1.3818
v  0.4927 -9.8535 1.2034
v  0.2344 -9.8278 1.1976
v  0.8341 -8.0984 4.0616
v  0.6159 -8.0827 4.0569
v  0.8841 -7.2311 4.1512
v  0.6866 -7.2169 4.1469
v  0.8862 -7.1857 4.1809
v  0.6897 -7.1716 4.1765
v  0.8900 -7.1331 4.1525
v  0.6947 -7.1191 4.1482
v  0.9359 -6.4183 4.0137
v  0.7576 -6.4054 4.0097
v  0.9491 -6.1985 4.0149
v  0.7760 -6.1860 4.0110
v  0.9597 -6.1060 3.7855
v  0.7889 -6.0938 3.7818
v  -0.4389 -9.8185 1.9838
v  0.7402 -9.9561 2.0109
v  -0.1293 -9.5734 2.9992
v  -1.2645 -9.3467 2.9712
v  -0.1297 -9.5495 3.1616
v  0.5570 -8.8696 3.7380
v  -0.5084 -8.7221 3.7130
v  -1.2628 -9.3233 3.1337
v  -1.2367 -9.2219 3.1322
v  -1.2385 -9.2452 2.9697
v  0.2148 -9.9644 1.3844
v  0.7431 -9.9590 1.8689
v  -0.4360 -9.8214 1.8419
v  -0.9606 -9.7690 1.3563
v  -0.4149 -9.6793 1.9814
v  -0.4120 -9.6822 1.8395
v  -0.4997 -8.6775 3.7124
v  -0.9299 -9.6312 1.3541
v  -0.7311 -8.6299 3.7066
v  -1.4805 -9.1563 3.1258
v  -1.4827 -9.1795 2.9634
v  -0.6692 -9.6325 1.9754
v  -0.6663 -9.6353 1.8334
v  -1.1826 -9.5719 1.3477
v  -0.9261 -9.6349 1.1698
v  -1.1788 -9.5756 1.1635
v  -0.3660 -7.9468 4.0339
v  -0.5802 -7.9026 4.0286
v  -0.2031 -7.0938 4.1260
v  -0.3971 -7.0538 4.1213
v  -0.1952 -7.0492 4.1559
v  -0.3882 -7.0093 4.1511
v  -0.1845 -6.9973 4.1276
v  -0.3762 -6.9579 4.1229
v  -0.0449 -6.2944 3.9910
v  -0.2200 -6.2583 3.9866
v  -0.0031 -6.0782 3.9929
v  -0.1731 -6.0432 3.9887
v  0.0201 -5.9874 3.7639
v  -0.1476 -5.9528 3.7597
v  -1.5112 -9.2803 2.9648
v  -2.6069 -8.9068 2.9347
v  -1.8473 -9.4802 1.9480
v  -0.6965 -9.7711 1.9775
v  -1.5089 -9.2570 3.1273
v  -0.7407 -8.6743 3.7074
v  -1.7776 -8.3886 3.6802
v  -2.6024 -8.8843 3.0973
v  -2.5634 -8.7873 3.0961
v  -2.5678 -8.8097 2.9336
v  -1.2166 -9.7090 1.3498
v  -0.6936 -9.7740 1.8356
v  -1.8444 -9.4831 1.8061
v  -2.3563 -9.3613 1.3193
v  -1.8024 -9.3482 1.8041
v  -1.8054 -9.3453 1.9462
v  -1.7631 -8.3455 3.6796
v  -2.3078 -9.2286 1.3176
v  -1.9863 -8.2679 3.6735
v  -2.7965 -8.6903 3.0893
v  -2.8013 -8.7125 2.9268
v  -2.0513 -9.2656 1.9395
v  -2.0484 -9.2685 1.7975
v  -2.5506 -9.1367 1.3108
v  -2.3040 -9.2323 1.1334
v  -2.5467 -9.1405 1.1265
v  -1.5359 -7.6394 4.0037
v  -1.7424 -7.5675 3.9979
v  -1.2629 -6.8153 4.0986
v  -1.4501 -6.7502 4.0935
v  -1.2493 -6.7721 4.1286
v  -1.4355 -6.7074 4.1235
v  -1.2318 -6.7222 4.1006
v  -1.4168 -6.6578 4.0955
v  -1.0011 -6.0430 3.9663
v  -1.1699 -5.9843 3.9616
v  -0.9314 -5.8343 3.9689
v  -1.0953 -5.7773 3.9644
v  -0.8959 -5.7467 3.7401
v  -1.0575 -5.6905 3.7357
v  -2.8426 -8.8087 2.9279
v  -3.8800 -8.2949 2.8962
v  -3.1993 -8.9603 1.9097
v  -2.0965 -9.3995 1.9413
v  -2.8379 -8.7864 3.0904
v  -2.0017 -8.3107 3.6740
v  -2.9921 -7.8916 3.6452
v  -3.8732 -8.2736 3.0587
v  -3.8285 -8.2038 2.8953
v  -3.8217 -8.1825 3.0579
v  -2.6022 -9.2683 1.3123
v  -2.0935 -9.4024 1.7993
v  -3.1964 -8.9632 1.7678
v  -3.6865 -8.7743 1.2800
v  -3.1400 -8.8322 1.9082
v  -3.1371 -8.8350 1.7663
v  -2.9722 -7.8508 3.6448
v  -3.6211 -8.6490 1.2789
v  -3.1832 -7.7447 3.6383
v  -4.0400 -8.0558 3.0509
v  -4.0473 -8.0769 2.8884
v  -3.3734 -8.7209 1.9013
v  -3.3705 -8.7238 1.7593
v  -3.8497 -8.5261 1.2717
v  -3.6172 -8.6527 1.0946
v  -3.8459 -8.5299 1.0875
v  -2.6553 -7.1813 3.9713
v  -2.8506 -7.0830 3.9653
v  -2.2771 -6.4003 4.0694
v  -2.4541 -6.3112 4.0640
v  -2.2580 -6.3593 4.0995
v  -2.4340 -6.2708 4.0941
v  -2.2341 -6.3120 4.0716
v  -2.4090 -6.2240 4.0663
v  -1.9160 -5.6687 3.9398
v  -2.0758 -5.5884 3.9350
v  -1.8195 -5.4709 3.9433
v  -1.9746 -5.3929 3.9385
v  -1.7722 -5.3881 3.7148
v  -1.9252 -5.3111 3.7102
v  -4.1009 -8.1668 2.8891
v  -5.0619 -7.5216 2.8562
v  -4.4714 -8.2679 1.8694
v  -3.4357 -8.8478 1.9025
v  -4.0936 -8.1457 3.0516
v  -3.2041 -7.7851 3.6387
v  -4.1310 -7.2398 3.6086
v  -5.0528 -7.5017 3.0188
v  -4.9990 -7.4379 2.8558
v  -4.9899 -7.4181 3.0185
v  -3.9181 -8.6499 1.2728
v  -3.4328 -8.8507 1.7606
v  -4.4685 -8.2708 1.7275
v  -4.9282 -8.0181 1.2392
v  -4.3959 -8.1485 1.8686
v  -4.3929 -8.1514 1.7266
v  -4.1059 -7.2020 3.6083
v  -4.8470 -7.9025 1.2386
v  -4.3012 -7.0692 3.6016
v  -5.1897 -7.2639 3.0112
v  -5.1993 -7.2835 2.8486
v  -4.6126 -8.0077 1.8613
v  -4.6097 -8.0105 1.7193
v  -5.0575 -7.7507 1.2311
v  -4.8432 -7.9062 1.0543
v  -5.0537 -7.7544 1.0469
v  -5.1396 -7.8705 1.0474
v  -4.9263 -8.0244 1.0549
v  -3.7051 -6.5806 3.9376
v  -3.8859 -6.4575 3.9314
v  -3.2281 -5.8560 4.0388
v  -3.3920 -5.7446 4.0332
v  -3.2039 -5.8180 4.0691
v  -3.3669 -5.7072 4.0635
v  -3.1739 -5.7742 4.0414
v  -3.3357 -5.6641 4.0359
v  -2.7740 -5.1777 3.9123
v  -2.9219 -5.0771 3.9072
v  -2.6525 -4.9942 3.9165
v  -2.7960 -4.8966 3.9115
v  -2.5941 -4.9178 3.6884
v  -2.7356 -4.8214 3.6836
v  -5.2641 -7.3656 2.8488
v  -6.1323 -6.6000 2.8155
v  -5.6418 -7.4148 1.8281
v  -4.6910 -8.1253 1.8621
v  -5.1747 -6.4445 3.5710
v  -6.1212 -6.5820 2.9782
v  -5.2547 -7.3461 3.0116
v  -4.3271 -7.1064 3.6019
v  -6.0478 -6.5073 2.9782
v  -6.0589 -6.5254 2.8155
v  -5.1416 -7.8643 1.2317
v  -4.6881 -8.1282 1.7201
v  -5.6389 -7.4177 1.6861
v  -6.0603 -7.1057 1.1974
v  -5.5512 -7.3063 1.8278
v  -5.5483 -7.3092 1.6858
v  -5.1448 -6.4103 3.5709
v  -5.9645 -7.0017 1.1973
v  -5.3210 -6.2530 3.5641
v  -6.2258 -6.3283 2.9710
v  -6.2373 -6.3460 2.8083
v  -5.7478 -7.1382 1.8203
v  -5.7449 -7.1411 1.6784
v  -6.1534 -6.8236 1.1898
v  -5.9607 -7.0054 1.0131
v  -6.1496 -6.8273 1.0055
v  -6.2500 -6.9313 1.0056
v  -6.0586 -7.1117 1.0132
v  -4.6670 -5.8475 3.9030
v  -4.8301 -5.7019 3.8967
v  -4.0996 -5.1919 4.0075
v  -4.2474 -5.0600 4.0017
v  -4.0707 -5.1575 4.0379
v  -4.2178 -5.0263 4.0322
v  -4.0352 -5.1178 4.0104
v  -4.1812 -4.9874 4.0048
v  -3.5603 -4.5785 3.8840
v  -3.6936 -4.4595 3.8788
v  -3.4158 -4.4125 3.8889
v  -3.5453 -4.2970 3.8840
v  -3.3472 -4.3438 3.6613
v  -3.4749 -4.2299 3.6564
v  -6.6903 -6.4156 1.7863
v  -5.8409 -7.2446 1.8206
v  -6.3124 -6.4189 2.8082
v  -7.0728 -5.5462 2.7748
v  -6.3008 -6.4012 2.9709
v  -5.3516 -6.2865 3.5642
v  -6.1051 -5.5193 3.5331
v  -7.0597 -5.5302 2.9376
v  -6.9773 -5.4657 2.9380
v  -6.9903 -5.4817 2.7752
v  -6.6874 -6.4185 1.6443
v  -7.0630 -6.0528 1.1555
v  -6.2515 -6.9253 1.1898
v  -5.8380 -7.2475 1.6786
v  -6.5864 -6.3200 1.7865
v  -6.5834 -6.3228 1.6446
v  -6.0711 -5.4893 3.5332
v  -6.9544 -5.9623 1.1559
v  -6.2251 -5.3102 3.5265
v  -7.1303 -5.2649 2.9308
v  -7.1435 -5.2806 2.7680
v  -6.7592 -6.1276 1.7791
v  -6.7563 -6.1305 1.6371
v  -7.1183 -5.7610 1.1484
v  -6.9506 -5.9660 0.9716
v  -7.1145 -5.7648 0.9642
v  -7.2276 -5.8546 0.9636
v  -7.0615 -6.0585 0.9712
v  -5.5246 -4.9947 3.8681
v  -5.6673 -4.8290 3.8618
v  -4.8766 -4.4193 3.9758
v  -5.0058 -4.2692 3.9701
v  -4.8435 -4.3890 4.0065
v  -4.9721 -4.2397 4.0008
v  -4.8030 -4.3544 3.9792
v  -4.9307 -4.2059 3.9736
v  -4.2612 -3.8815 3.8554
v  -4.3779 -3.7460 3.8503
v  -4.0963 -3.7359 3.8612
v  -4.2095 -3.6044 3.8563
v  -4.0186 -3.6761 3.6340
v  -4.1304 -3.5464 3.6291
v  -5.9883 -4.2927 -2.0825
v  -5.7277 -4.1117 -2.1489
v  -5.1393 -4.8598 -2.1217
v  -5.3787 -5.0675 -2.0542
v  -6.1113 -4.1132 -2.0886
v  -5.8464 -3.9385 -2.1549
v  -6.6140 -3.2652 -2.1162
v  -6.3317 -3.1198 -2.1815
v  -6.7124 -3.0712 -2.1222
v  -6.4268 -2.9325 -2.1873
v  -7.0997 -2.1646 -2.1485
v  -6.8007 -2.0572 -2.2127
v  -7.1719 -1.9593 -2.1542
v  -6.8704 -1.8591 -2.2182
v  -7.4371 -1.0097 -2.1789
v  -7.1264 -0.9423 -2.2421
v  -7.4818 -0.7968 -2.1842
v  -7.1696 -0.7367 -2.2471
v  -7.6203 0.1794 -2.2068
v  -7.3033 0.2057 -2.2690
v  -7.6367 0.3963 -2.2116
v  -7.3191 0.4152 -2.2736
v  -7.6462 1.3823 -2.2317
v  -7.3283 1.3671 -2.2931
v  -7.6340 1.5996 -2.2359
v  -7.3165 1.5768 -2.2971
v  -7.5143 2.5783 -2.2533
v  -7.2009 2.5218 -2.3139
v  -7.4737 2.7921 -2.2568
v  -7.1619 2.7281 -2.3173
v  -7.2268 3.7469 -2.2711
v  -6.9235 3.6499 -2.3311
v  -7.1587 3.9535 -2.2739
v  -6.8577 3.8494 -2.3338
v  -6.7889 4.8677 -2.2848
v  -6.5007 4.7320 -2.3443
v  -6.6943 5.0636 -2.2869
v  -6.4093 4.9212 -2.3463
v  -6.2079 5.9217 -2.2943
v  -5.9398 5.7495 -2.3535
v  -6.0885 6.1035 -2.2955
v  -5.8244 5.9251 -2.3546
v  -5.4940 6.8904 -2.2993
v  -5.2505 6.6849 -2.3583
v  -5.3517 7.0551 -2.2997
v  -5.1131 6.8438 -2.3586
v  -4.6594 7.7574 -2.2997
v  -4.4446 7.5219 -2.3587
v  -4.4967 7.9021 -2.2993
v  -4.2877 7.6615 -2.3583
v  -3.7184 8.5078 -2.2956
v  -3.5362 8.2463 -2.3547
v  -3.5382 8.6298 -2.2944
v  -3.3623 8.3641 -2.3535
v  -2.6873 9.1283 -2.2870
v  -2.5408 8.8454 -2.3464
v  -2.4927 9.2257 -2.2850
v  -2.3530 8.9395 -2.3444
v  -1.5839 9.6086 -2.2740
v  -1.4755 9.3090 -2.3339
v  -1.3783 9.6797 -2.2713
v  -1.2770 9.3777 -2.3313
v  -0.4271 9.9402 -2.2570
v  -0.3587 9.6292 -2.3174
v  -0.2139 9.9838 -2.2535
v  -0.1529 9.6712 -2.3141
v  0.7631 10.1175 -2.2361
v  0.7903 9.8004 -2.2973
v  0.9802 10.1328 -2.2320
v  0.9999 9.8152 -2.2932
v  1.9661 10.1373 -2.2117
v  1.9518 9.8196 -2.2739
v  2.1833 10.1240 -2.2071
v  2.1615 9.8067 -2.2692
v  3.1614 9.9995 -2.1844
v  3.1058 9.6865 -2.2474
v  3.3749 9.9579 -2.1792
v  3.3119 9.6464 -2.2424
v  4.3282 9.7063 -2.1545
v  4.2323 9.4033 -2.2185
v  4.5344 9.6371 -2.1488
v  4.4314 9.3366 -2.2131
v  5.4465 9.2627 -2.1225
v  5.3119 8.9751 -2.1877
v  5.6419 9.1671 -2.1166
v  5.5005 8.8829 -2.1819
v  6.4971 8.6765 -2.0890
v  6.3261 8.4092 -2.1553
v  6.6782 8.5561 -2.0829
v  6.5010 8.2930 -2.1494
v  7.4616 7.9577 -2.0547
v  7.2575 7.7153 -2.1221
v  7.6255 7.8146 -2.0484
v  7.4156 7.5771 -2.1161
v  8.3238 7.1188 -2.0199
v  8.0898 6.9053 -2.0886
v  8.4674 6.9555 -2.0137
v  8.2285 6.7476 -2.0825
v  9.0685 6.1740 -1.9854
v  8.8088 5.9932 -2.0553
v  8.9256 5.8187 -2.0494
v  9.1896 5.9933 -1.9794
v  9.4021 4.9948 -2.0228
v  9.6831 5.1399 -1.9519
v  9.7794 4.9448 -1.9460
v  9.4951 4.8065 -2.0172
v  10.1570 4.0341 -1.9197
v  9.8596 3.9273 -1.9918
v  10.2269 3.8281 -1.9141
v  9.9271 3.7283 -1.9864
v  10.1733 2.8088 -1.9627
v  10.4818 2.8757 -1.8896
v  10.5241 2.6623 -1.8844
v  10.2141 2.6028 -1.9577
v  10.6521 1.6846 -1.8619
v  10.3377 1.6590 -1.9360
v  10.6661 1.4675 -1.8573
v  10.3513 1.4494 -1.9316
v  10.6650 0.4814 -1.8373
v  10.3501 0.4974 -1.9122
v  10.3361 0.2878 -1.9083
v  10.6506 0.2644 -1.8332
v  10.5202 -0.7130 -1.8161
v  10.2104 -0.6559 -1.8918
v  10.1690 -0.8618 -1.8885
v  10.4774 -0.9264 -1.8126
v  10.2202 -1.8784 -1.7986
v  9.9207 -1.7809 -1.8749
v  10.1499 -2.0842 -1.7959
v  9.8527 -1.9797 -1.8723
v  9.7702 -2.9944 -1.7853
v  9.4862 -2.8583 -1.8620
v  9.6735 -3.1893 -1.7834
v  9.3928 -3.0465 -1.8602
v  9.1780 -4.0420 -1.7763
v  8.9144 -3.8697 -1.8534
v  9.0565 -4.2225 -1.7752
v  8.7972 -4.0441 -1.8522
v  8.4536 -5.0030 -1.7717
v  8.2150 -4.7976 -1.8490
v  8.3094 -5.1661 -1.7714
v  8.0760 -4.9551 -1.8487
v  7.6096 -5.8610 -1.7717
v  7.4002 -5.6259 -1.8489
v  7.4454 -6.0038 -1.7723
v  7.2417 -5.7638 -1.8494
v  6.6606 -6.6011 -1.7762
v  6.4840 -6.3404 -1.8534
v  6.4791 -6.7212 -1.7776
v  6.3089 -6.4564 -1.8546
v  5.6228 -7.2104 -1.7853
v  5.4822 -6.9287 -1.8620
v  5.2934 -7.0208 -1.8640
v  5.4273 -7.3058 -1.7874
v  4.5143 -7.6788 -1.7987
v  4.4120 -7.3809 -1.8750
v  4.3079 -7.7477 -1.8015
v  4.2127 -7.4474 -1.8777
v  3.3540 -7.9979 -1.8161
v  3.2918 -7.6890 -1.8917
v  3.1404 -8.0392 -1.8196
v  3.0856 -7.7288 -1.8952
v  2.1621 -8.1623 -1.8373
v  2.1410 -7.8477 -1.9123
v  1.9449 -8.1752 -1.8414
v  1.9313 -7.8602 -1.9163
v  0.9589 -8.1692 -1.8619
v  0.9793 -7.8544 -1.9360
v  0.7699 -7.8393 -1.9406
v  0.7419 -8.1536 -1.8666
v  -0.1731 -7.7088 -1.9627
v  -0.2348 -8.0185 -1.8895
v  -0.4479 -7.9746 -1.8948
v  -0.3788 -7.6664 -1.9678
v  -1.3984 -7.7126 -1.9196
v  -1.2964 -7.4136 -1.9919
v  -1.6039 -7.6413 -1.9254
v  -1.4947 -7.3446 -1.9973
v  -2.5118 -7.2570 -1.9519
v  -2.3714 -6.9737 -2.0229
v  -2.7061 -7.1593 -1.9579
v  -2.5590 -6.8794 -2.0287
v  -3.5559 -6.6595 -1.9855
v  -3.3794 -6.3969 -2.0554
v  -3.7358 -6.5372 -1.9917
v  -3.5530 -6.2788 -2.0613
v  -4.3031 -5.6929 -2.0887
v  -4.5127 -5.9304 -2.0200
v  -4.6750 -5.7855 -2.0263
v  -4.4598 -5.5531 -2.0947
v  -5.1267 -4.8740 -2.1222
v  -5.3658 -5.0822 -2.0547
v  -5.5076 -4.9173 -2.0610
v  -5.2636 -4.7148 -2.1283
v  -6.0351 -4.3255 -2.0790
v  -5.4218 -5.1052 -2.0505
v  -6.1588 -4.1449 -2.0852
v  -5.1006 -4.8268 -2.1483
v  -5.6856 -4.0831 -2.1754
v  -5.8036 -3.9109 -2.1812
v  -6.6648 -3.2916 -2.1129
v  -6.7638 -3.0963 -2.1189
v  -6.2862 -3.0969 -2.2077
v  -6.3807 -2.9106 -2.2135
v  -7.1536 -2.1841 -2.1455
v  -7.2261 -1.9775 -2.1511
v  -6.7525 -2.0404 -2.2388
v  -6.8218 -1.8433 -2.2442
v  -7.4930 -1.0220 -2.1760
v  -7.5380 -0.8078 -2.1813
v  -7.0764 -0.9318 -2.2679
v  -7.1192 -0.7274 -2.2730
v  -7.6774 0.1744 -2.2041
v  -7.6938 0.3927 -2.2088
v  -7.2523 0.2096 -2.2947
v  -7.2680 0.4178 -2.2993
v  -7.7034 1.3849 -2.2292
v  -7.6912 1.6035 -2.2334
v  -7.2770 1.3643 -2.3187
v  -7.2654 1.5728 -2.3227
v  -7.5707 2.5884 -2.2509
v  -7.5298 2.8035 -2.2544
v  -7.1505 2.5124 -2.3394
v  -7.1116 2.7176 -2.3428
v  -7.2814 3.7642 -2.2688
v  -7.2129 3.9721 -2.2716
v  -6.8746 3.6341 -2.3565
v  -6.8091 3.8324 -2.3592
v  -6.8407 4.8921 -2.2826
v  -6.7455 5.0892 -2.2847
v  -6.4542 4.7101 -2.3697
v  -6.3633 4.8981 -2.3717
v  -6.2561 5.9526 -2.2921
v  -6.1359 6.1356 -2.2934
v  -5.8965 5.7217 -2.3788
v  -5.7819 5.8963 -2.3799
v  -5.5378 6.9274 -2.2971
v  -5.3946 7.0931 -2.2976
v  -5.2112 6.6517 -2.3835
v  -5.0747 6.8097 -2.3839
v  -4.6979 7.7998 -2.2976
v  -4.5343 7.9453 -2.2972
v  -4.4100 7.4839 -2.3839
v  -4.2539 7.6227 -2.3836
v  -3.7511 8.5548 -2.2934
v  -3.5698 8.6776 -2.2922
v  -3.5067 8.2041 -2.3800
v  -3.3338 8.3213 -2.3788
v  -2.7136 9.1792 -2.2848
v  -2.5178 9.2773 -2.2828
v  -2.5169 8.7998 -2.3717
v  -2.3303 8.8933 -2.3698
v  -1.6033 9.6624 -2.2717
v  -1.3964 9.7341 -2.2690
v  -1.4578 9.2608 -2.3593
v  -1.2604 9.3291 -2.3566
v  -0.4393 9.9962 -2.2546
v  -0.2248 10.0400 -2.2511
v  -0.3474 9.5791 -2.3429
v  -0.1428 9.6210 -2.3396
v  0.7583 10.1746 -2.2336
v  0.9767 10.1899 -2.2294
v  0.7950 9.7493 -2.3228
v  1.0034 9.7639 -2.3190
v  1.9689 10.1945 -2.2091
v  2.1874 10.1812 -2.2043
v  1.9498 9.7684 -2.2995
v  2.1583 9.7557 -2.2950
v  3.1716 10.0558 -2.1816
v  3.3865 10.0140 -2.1764
v  3.0972 9.6360 -2.2733
v  3.3022 9.5961 -2.2683
v  4.3457 9.7608 -2.1514
v  4.5532 9.6911 -2.1458
v  4.2173 9.3545 -2.2445
v  4.4152 9.2881 -2.2392
v  5.4710 9.3144 -2.1193
v  5.6675 9.2183 -2.1133
v  5.2907 8.9288 -2.2139
v  5.4782 8.8370 -2.2081
v  6.5280 8.7245 -2.0856
v  6.7103 8.6035 -2.0794
v  6.2991 8.3660 -2.1817
v  6.4731 8.2505 -2.1758
v  7.4987 8.0013 -2.0510
v  7.6635 7.8574 -2.0447
v  7.2251 7.6761 -2.1487
v  7.3823 7.5388 -2.1427
v  8.3661 7.1571 -2.0160
v  8.5107 6.9928 -2.0098
v  8.0526 6.8708 -2.1154
v  8.1905 6.7140 -2.1094
v  9.1156 6.2065 -1.9813
v  9.2374 6.0246 -1.9752
v  8.7676 5.9640 -2.0823
v  8.8837 5.7905 -2.0763
v  9.7340 5.1659 -1.9475
v  9.8310 4.9696 -1.9416
v  9.3574 4.9712 -2.0500
v  9.4499 4.7840 -2.0443
v  10.2108 4.0532 -1.9152
v  10.2811 3.8459 -1.9096
v  9.8123 3.9098 -2.0191
v  9.8795 3.7120 -2.0138
v  10.5377 2.8876 -1.8849
v  10.5803 2.6728 -1.8797
v  10.1242 2.7978 -1.9903
v  10.1648 2.5930 -1.9853
v  10.7091 1.6891 -1.8571
v  10.7232 1.4707 -1.8524
v  10.2876 1.6546 -1.9637
v  10.3011 1.4461 -1.9593
v  10.7221 0.4784 -1.8323
v  10.7075 0.2600 -1.8282
v  10.3000 0.4996 -1.9400
v  10.2861 0.2913 -1.9362
v  10.5763 -0.7235 -1.8109
v  10.5332 -0.9382 -1.8075
v  10.1610 -0.6470 -1.9197
v  10.1199 -0.8518 -1.9164
v  10.2745 -1.8962 -1.7934
v  10.2036 -2.1033 -1.7907
v  9.8731 -1.7656 -1.9030
v  9.8055 -1.9632 -1.9004
v  9.8217 -3.0191 -1.7800
v  9.7243 -3.2152 -1.7780
v  9.4411 -2.8369 -1.8901
v  9.3483 -3.0240 -1.8883
v  9.2257 -4.0733 -1.7709
v  9.1034 -4.2549 -1.7698
v  8.8725 -3.8425 -1.8815
v  8.7559 -4.0159 -1.8804
v  8.4968 -5.0403 -1.7663
v  8.3519 -5.2044 -1.7659
v  8.1772 -4.7650 -1.8771
v  8.0389 -4.9216 -1.8768
v  7.6476 -5.9036 -1.7663
v  7.4823 -6.0473 -1.7668
v  7.3670 -5.5886 -1.8771
v  7.2095 -5.7257 -1.8776
v  6.6926 -6.6482 -1.7709
v  6.5100 -6.7692 -1.7722
v  6.4560 -6.2990 -1.8815
v  6.2819 -6.4143 -1.8827
v  5.6484 -7.2615 -1.7799
v  5.4516 -7.3574 -1.7821
v  5.4600 -6.8840 -1.8901
v  5.2722 -6.9755 -1.8922
v  4.5330 -7.7327 -1.7933
v  4.3253 -7.8021 -1.7962
v  4.3959 -7.3335 -1.9030
v  4.1977 -7.3996 -1.9057
v  3.3655 -8.0538 -1.8109
v  3.1505 -8.0954 -1.8144
v  3.2822 -7.6398 -1.9196
v  3.0771 -7.6795 -1.9231
v  2.1660 -8.2193 -1.8322
v  1.9475 -8.2323 -1.8365
v  2.1380 -7.7977 -1.9400
v  1.9295 -7.8101 -1.9440
v  0.9554 -8.2262 -1.8570
v  0.7370 -8.2104 -1.8619
v  0.9829 -7.8043 -1.9637
v  0.7747 -7.7893 -1.9683
v  -0.2458 -8.0746 -1.8848
v  -0.4602 -8.0303 -1.8902
v  -0.1628 -7.6596 -1.9903
v  -0.3674 -7.6174 -1.9953
v  -1.4167 -7.7668 -1.9152
v  -1.6234 -7.6949 -1.9209
v  -1.2798 -7.3660 -2.0191
v  -1.4770 -7.2975 -2.0246
v  -2.5369 -7.3084 -1.9476
v  -2.7326 -7.2100 -1.9537
v  -2.3486 -6.9287 -2.0500
v  -2.5351 -6.8349 -2.0558
v  -3.5877 -6.7071 -1.9814
v  -3.7686 -6.5841 -1.9876
v  -3.3509 -6.3552 -2.0823
v  -3.5234 -6.2377 -2.0883
v  -4.5504 -5.9734 -2.0161
v  -4.7137 -5.8277 -2.0225
v  -4.2693 -5.6552 -2.1154
v  -4.4250 -5.5162 -2.1214
v  -5.4088 -5.1199 -2.0511
v  -5.5515 -4.9540 -2.0574
v  -5.0881 -4.8410 -2.1488
v  -5.2243 -4.6828 -2.1548
# 4605 vertices

vn 0.3382 0.0900 -0.9367
vn 0.3285 0.0449 -0.9434
vn 0.3358 0.0786 -0.9386
vn 0.3450 0.1232 -0.9305
vn -0.2641 0.0680 -0.9621
vn -0.2978 0.0465 -0.9535
vn -0.3271 0.0275 -0.9446
vn -0.2981 0.0463 -0.9534
vn 0.4640 0.0463 -0.8846
vn 0.4421 0.0001 -0.8970
vn 0.1815 0.0052 -0.9834
vn 0.5670 0.1273 -0.8138
vn 0.4747 0.0963 -0.8749
vn 0.4184 0.0778 -0.9049
vn 0.5133 0.1091 -0.8513
vn 0.5585 0.0885 -0.8248
vn 0.5232 0.0850 -0.8480
vn 0.5678 0.1273 -0.8133
vn 0.5632 -0.7599 0.3247
vn 0.5404 -0.7514 0.3786
vn 0.5386 -0.7507 0.3826
vn 0.5619 -0.7595 0.3279
vn 0.8199 -0.0000 0.5724
vn -0.5830 0.7509 -0.3103
vn -0.5811 0.7511 -0.3133
vn -0.6111 0.7466 -0.2629
vn -0.6124 0.7464 -0.2606
vn -0.8199 0.0000 -0.5724
vn -0.5895 -0.6679 -0.4543
vn -0.5911 -0.6956 -0.4084
vn -0.5911 -0.6966 -0.4067
vn -0.5897 -0.6702 -0.4508
vn 0.5496 0.6911 0.4694
vn 0.5496 0.6915 0.4688
vn 0.5457 0.6647 0.5103
vn 0.5455 0.6638 0.5116
vn -0.8199 -0.0000 -0.5724
vn 0.5455 0.6553 0.5225
vn 0.5429 0.6551 0.5255
vn 0.5613 0.6566 0.5037
vn 0.5638 0.6568 0.5007
vn -0.6009 -0.6672 -0.4401
vn -0.5890 -0.6604 -0.4658
vn -0.5872 -0.6594 -0.4694
vn -0.5992 -0.6662 -0.4439
vn -0.2525 0.0227 -0.9673
vn -0.2510 0.0265 -0.9676
vn 0.3054 -0.0443 -0.9512
vn 0.4500 -0.0417 -0.8921
vn 0.4756 0.0422 -0.8787
vn 0.5434 0.0405 -0.8385
vn 0.5362 0.0348 -0.8434
vn 0.5563 -0.0132 -0.8309
vn 0.5707 0.0790 -0.8174
vn 0.5718 0.0462 -0.8191
vn 0.5723 -0.0194 -0.8198
vn -0.6147 0.0314 -0.7881
vn -0.6145 0.0216 -0.7886
vn -0.6145 0.0219 -0.7886
vn -0.6141 0.0025 -0.7892
vn -0.6141 0.0022 -0.7892
vn -0.8063 0.0018 -0.5916
vn -0.8063 0.0025 -0.5915
vn -0.8062 0.0003 -0.5916
vn -0.8062 0.0002 -0.5916
vn -0.3572 0.0597 -0.9321
vn -0.3568 0.0411 -0.9333
vn -0.3568 0.0416 -0.9332
vn -0.3559 0.0046 -0.9345
vn -0.3559 0.0042 -0.9345
vn -0.9895 -0.0485 -0.1362
vn -0.9902 -0.0333 -0.1356
vn -0.9409 -0.0193 -0.3382
vn -0.9414 -0.0281 -0.3360
vn -0.9909 -0.0037 -0.1346
vn -0.9413 -0.0019 -0.3376
vn -0.8270 -0.0013 -0.5622
vn -0.8267 -0.0008 -0.5626
vn -0.8268 -0.0000 -0.5626
vn -0.8056 0.0019 -0.5924
vn -0.8056 0.0026 -0.5924
vn -0.8056 0.0003 -0.5925
vn -0.8454 -0.0976 0.5252
vn -0.8472 -0.0673 0.5270
vn -0.8472 -0.0676 0.5270
vn -0.8486 -0.0073 0.5290
vn -0.8486 -0.0070 0.5290
vn 0.3370 -0.0481 -0.9403
vn 0.3495 -0.0036 -0.9369
vn 0.3402 -0.0367 -0.9396
vn 0.3271 -0.0814 -0.9415
vn -0.2622 -0.0161 -0.9649
vn -0.2973 -0.0340 -0.9542
vn -0.3279 -0.0497 -0.9434
vn -0.2976 -0.0341 -0.9541
vn 0.4372 -0.1294 -0.8900
vn 0.1774 -0.1141 -0.9775
vn 0.4194 -0.0514 -0.9063
vn 0.5166 -0.0217 -0.8560
vn 0.5716 -0.0038 -0.8205
vn 0.4770 -0.0341 -0.8782
vn 0.5602 -0.0428 -0.8273
vn 0.5246 -0.0460 -0.8501
vn 0.5059 -0.7607 0.4067
vn 0.4841 -0.7448 0.4592
vn 0.4824 -0.7435 0.4631
vn 0.5047 -0.7598 0.4098
vn 0.8200 -0.0000 0.5724
vn -0.5544 0.7578 -0.3440
vn -0.5557 0.7579 -0.3417
vn -0.5263 0.7548 -0.3914
vn -0.5244 0.7545 -0.3945
vn -0.8200 0.0000 -0.5724
vn -0.6433 -0.6899 -0.3319
vn -0.6401 -0.6686 -0.3786
vn -0.6397 -0.6667 -0.3824
vn -0.6432 -0.6891 -0.3337
vn 0.5960 0.6728 0.4382
vn 0.5958 0.6721 0.4397
vn 0.6018 0.6943 0.3947
vn 0.6018 0.6947 0.3940
vn 0.5952 0.6649 0.4513
vn 0.5926 0.6651 0.4543
vn 0.6110 0.6630 0.4326
vn 0.6135 0.6626 0.4296
vn -0.6510 -0.6637 -0.3684
vn -0.6387 -0.6606 -0.3945
vn -0.6369 -0.6601 -0.3983
vn -0.6492 -0.6633 -0.3722
vn -0.2540 -0.0625 -0.9652
vn -0.2522 -0.0588 -0.9659
vn 0.2974 -0.1689 -0.9397
vn 0.4420 -0.1709 -0.8806
vn 0.4739 -0.0881 -0.8762
vn 0.5415 -0.0907 -0.8358
vn 0.5339 -0.0963 -0.8400
vn 0.5504 -0.1441 -0.8224
vn 0.5704 -0.0850 -0.8170
vn 0.5660 -0.1502 -0.8106
vn -0.8199 0.0000 -0.5725
vn -0.6144 -0.0172 -0.7888
vn -0.6143 -0.0169 -0.7889
vn -0.6153 -0.0363 -0.7874
vn -0.6154 -0.0365 -0.7874
vn -0.8062 -0.0013 -0.5916
vn -0.8063 -0.0028 -0.5915
vn -0.8063 -0.0029 -0.5915
vn -0.3565 -0.0327 -0.9337
vn -0.3564 -0.0323 -0.9338
vn -0.3583 -0.0691 -0.9310
vn -0.3584 -0.0695 -0.9310
vn -0.9905 0.0267 -0.1352
vn -0.9410 0.0151 -0.3380
vn -0.9401 0.0324 -0.3393
vn -0.9889 0.0562 -0.1374
vn -0.8267 0.0007 -0.5626
vn -0.8267 0.0016 -0.5627
vn -0.8056 -0.0013 -0.5925
vn -0.8057 -0.0030 -0.5923
vn -0.8477 0.0534 0.5278
vn -0.8477 0.0531 0.5278
vn -0.8446 0.1132 0.5233
vn -0.8446 0.1135 0.5233
vn 0.3327 -0.1628 -0.9289
vn 0.3163 -0.2063 -0.9260
vn 0.3286 -0.1739 -0.9283
vn 0.3444 -0.1304 -0.9297
vn -0.3345 -0.1260 -0.9339
vn -0.3032 -0.1140 -0.9461
vn -0.2665 -0.0999 -0.9586
vn -0.3029 -0.1138 -0.9462
vn 0.4227 -0.2566 -0.8692
vn 0.1644 -0.2314 -0.9589
vn 0.5664 -0.1347 -0.8130
vn 0.4695 -0.1639 -0.8676
vn 0.4107 -0.1798 -0.8939
vn 0.5100 -0.1522 -0.8466
vn 0.5520 -0.1732 -0.8156
vn 0.5163 -0.1762 -0.8381
vn 0.4491 -0.7484 0.4880
vn 0.4287 -0.7254 0.5385
vn 0.4272 -0.7235 0.5423
vn 0.4479 -0.7471 0.4911
vn 0.8199 0.0000 0.5725
vn 0.8199 0.0000 0.5724
vn -0.4698 0.7457 -0.4724
vn -0.4680 0.7450 -0.4754
vn -0.4974 0.7559 -0.4256
vn -0.4987 0.7563 -0.4234
vn -0.8199 -0.0000 -0.5725
vn -0.6946 -0.6714 -0.2585
vn -0.6899 -0.6555 -0.3072
vn -0.6894 -0.6541 -0.3111
vn -0.6944 -0.6708 -0.2604
vn 0.6537 0.6856 0.3203
vn 0.6538 0.6859 0.3196
vn 0.6466 0.6695 0.3657
vn 0.6463 0.6689 0.3673
vn 0.6452 0.6630 0.3797
vn 0.6426 0.6638 0.3827
vn 0.6607 0.6579 0.3614
vn 0.6632 0.6571 0.3584
vn -0.6862 -0.6495 -0.3276
vn -0.6987 -0.6488 -0.3015
vn -0.7005 -0.6487 -0.2976
vn -0.6880 -0.6494 -0.3239
vn 0.2801 -0.2907 -0.9149
vn -0.2619 -0.1465 -0.9539
vn -0.2598 -0.1431 -0.9550
vn 0.4244 -0.2971 -0.8554
vn 0.4624 -0.2170 -0.8597
vn 0.5298 -0.2202 -0.8190
vn 0.5218 -0.2257 -0.8227
vn 0.5347 -0.2724 -0.7999
vn 0.5591 -0.2148 -0.8008
vn 0.5498 -0.2784 -0.7875
vn -0.6171 -0.0557 -0.7849
vn -0.6171 -0.0554 -0.7850
vn -0.6195 -0.0744 -0.7815
vn -0.6195 -0.0746 -0.7814
vn -0.8065 -0.0044 -0.5913
vn -0.8066 -0.0059 -0.5910
vn -0.8067 -0.0059 -0.5910
vn -0.3617 -0.1059 -0.9263
vn -0.3616 -0.1055 -0.9263
vn -0.3663 -0.1416 -0.9197
vn -0.3663 -0.1420 -0.9196
vn -0.9862 0.0862 -0.1413
vn -0.9386 0.0493 -0.3415
vn -0.9825 0.1151 -0.1467
vn -0.9364 0.0662 -0.3446
vn -0.8266 0.0023 -0.5628
vn -0.8265 0.0031 -0.5629
vn -0.8058 -0.0046 -0.5921
vn -0.8060 -0.0062 -0.5919
vn -0.8392 0.1728 0.5156
vn -0.8392 0.1732 0.5156
vn -0.8316 0.2317 0.5047
vn -0.8315 0.2321 0.5047
vn 0.3158 -0.2861 -0.9046
vn 0.2962 -0.3277 -0.8972
vn 0.3109 -0.2968 -0.9029
vn 0.3299 -0.2550 -0.9089
vn -0.2771 -0.1820 -0.9434
vn -0.3144 -0.1918 -0.9297
vn -0.3468 -0.2001 -0.9163
vn -0.3147 -0.1918 -0.9296
vn 0.1427 -0.3447 -0.9278
vn 0.3987 -0.3794 -0.8349
vn 0.3925 -0.3050 -0.8677
vn 0.4937 -0.2800 -0.8233
vn 0.5514 -0.2633 -0.7916
vn 0.4524 -0.2908 -0.8430
vn 0.5342 -0.3007 -0.7901
vn 0.4982 -0.3034 -0.8122
vn 0.3739 -0.6911 0.6185
vn 0.3926 -0.7215 0.5703
vn 0.3937 -0.7232 0.5674
vn 0.3753 -0.6934 0.6150
vn -0.4145 0.7238 -0.5516
vn -0.4127 0.7226 -0.5545
vn -0.4411 0.7410 -0.5063
vn -0.4423 0.7418 -0.5041
vn -0.7378 -0.6302 -0.2419
vn -0.7438 -0.6409 -0.1896
vn -0.7440 -0.6413 -0.1877
vn -0.7384 -0.6311 -0.2378
vn 0.7046 0.6651 0.2474
vn 0.7047 0.6653 0.2467
vn 0.6964 0.6545 0.2943
vn 0.6961 0.6541 0.2958
vn 0.7097 0.6415 0.2912
vn 0.7120 0.6402 0.2884
vn 0.6946 0.6497 0.3089
vn 0.6921 0.6510 0.3118
vn -0.7483 -0.6226 -0.2290
vn -0.7361 -0.6270 -0.2550
vn -0.7343 -0.6276 -0.2588
vn -0.7465 -0.6232 -0.2329
vn -0.2760 -0.2281 -0.9337
vn -0.2737 -0.2250 -0.9351
vn 0.2538 -0.4074 -0.8773
vn 0.3974 -0.4182 -0.8168
vn 0.4413 -0.3421 -0.8296
vn 0.5085 -0.3460 -0.7885
vn 0.5001 -0.3512 -0.7916
vn 0.5095 -0.3960 -0.7639
vn 0.5382 -0.3408 -0.7708
vn 0.5242 -0.4018 -0.7508
vn -0.6227 -0.0932 -0.7769
vn -0.6227 -0.0930 -0.7770
vn -0.6265 -0.1112 -0.7714
vn -0.6265 -0.1114 -0.7714
vn -0.8069 -0.0074 -0.5906
vn -0.8072 -0.0088 -0.5902
vn -0.3723 -0.1770 -0.9111
vn -0.3724 -0.1774 -0.9110
vn -0.3797 -0.2121 -0.9005
vn -0.3796 -0.2117 -0.9006
vn -0.9775 0.1442 -0.1538
vn -0.9336 0.0825 -0.3486
vn -0.9717 0.1720 -0.1622
vn -0.9302 0.0988 -0.3535
vn -0.8264 0.0038 -0.5631
vn -0.8262 0.0046 -0.5633
vn -0.8063 -0.0077 -0.5915
vn -0.8066 -0.0092 -0.5910
vn -0.8217 0.2899 0.4906
vn -0.8218 0.2896 0.4907
vn -0.8098 0.3463 0.4736
vn -0.8098 0.3466 0.4735
vn 0.2841 -0.4145 -0.8646
vn 0.3062 -0.3751 -0.8749
vn 0.2898 -0.4045 -0.8674
vn 0.2672 -0.4434 -0.8556
vn -0.3645 -0.2708 -0.8909
vn -0.3319 -0.2664 -0.9049
vn -0.2938 -0.2610 -0.9195
vn -0.3316 -0.2664 -0.9050
vn 0.1127 -0.4521 -0.8848
vn 0.3658 -0.4957 -0.7877
vn 0.5269 -0.3874 -0.7565
vn 0.4259 -0.4128 -0.8051
vn 0.3650 -0.4250 -0.8284
vn 0.4680 -0.4030 -0.7865
vn 0.5069 -0.4230 -0.7510
vn 0.4708 -0.4254 -0.7729
vn 0.3235 -0.6468 0.6907
vn 0.3397 -0.6835 0.6461
vn 0.3406 -0.6856 0.6434
vn 0.3248 -0.6496 0.6875
vn -0.3863 0.7133 -0.5848
vn -0.3875 0.7144 -0.5827
vn -0.3613 0.6894 -0.6278
vn -0.3596 0.6878 -0.6306
vn -0.7839 -0.5954 -0.1758
vn -0.7905 -0.6000 -0.1227
vn -0.7907 -0.6002 -0.1207
vn -0.7845 -0.5958 -0.1716
vn 0.7534 0.6331 0.1775
vn 0.7536 0.6332 0.1767
vn 0.7447 0.6283 0.2252
vn 0.7444 0.6281 0.2268
vn 0.7426 0.6252 0.2402
vn 0.7402 0.6270 0.2429
vn 0.7569 0.6141 0.2236
vn 0.7592 0.6123 0.2209
vn -0.7803 -0.5949 -0.1928
vn -0.7921 -0.5869 -0.1676
vn -0.7938 -0.5857 -0.1639
vn -0.7821 -0.5938 -0.1892
vn -0.2961 -0.3057 -0.9049
vn -0.2936 -0.3029 -0.9067
vn 0.2190 -0.5172 -0.8274
vn 0.3616 -0.5321 -0.7655
vn 0.4111 -0.4614 -0.7862
vn 0.4779 -0.4658 -0.7447
vn 0.4691 -0.4707 -0.7473
vn 0.4753 -0.5129 -0.7149
vn 0.5080 -0.4610 -0.7276
vn 0.4896 -0.5183 -0.7012
vn -0.6311 -0.1292 -0.7649
vn -0.6310 -0.1289 -0.7650
vn -0.6362 -0.1461 -0.7576
vn -0.6363 -0.1463 -0.7575
vn -0.8076 -0.0102 -0.5897
vn -0.8080 -0.0116 -0.5891
vn -0.3883 -0.2458 -0.8882
vn -0.3882 -0.2454 -0.8883
vn -0.3980 -0.2781 -0.8742
vn -0.3981 -0.2785 -0.8740
vn -0.9646 0.1997 -0.1723
vn -0.9262 0.1144 -0.3592
vn -0.9567 0.2260 -0.1836
vn -0.9216 0.1298 -0.3658
vn -0.8260 0.0053 -0.5636
vn -0.8258 0.0060 -0.5639
vn -0.8070 -0.0107 -0.5905
vn -0.8074 -0.0121 -0.5899
vn -0.7957 0.4017 0.4533
vn -0.7958 0.4015 0.4534
vn -0.7797 0.4549 0.4303
vn -0.7796 0.4552 0.4302
vn 0.2552 -0.5159 -0.8178
vn 0.2297 -0.5515 -0.8019
vn 0.2487 -0.5251 -0.8139
vn 0.2737 -0.4888 -0.8284
vn -0.3874 -0.3368 -0.8582
vn -0.3546 -0.3364 -0.8724
vn -0.3163 -0.3354 -0.8874
vn -0.3543 -0.3364 -0.8725
vn 0.3244 -0.6035 -0.7284
vn 0.0749 -0.5516 -0.8307
vn 0.4933 -0.5048 -0.7084
vn 0.3905 -0.5276 -0.7544
vn 0.3288 -0.5376 -0.7764
vn 0.4333 -0.5191 -0.7367
vn 0.4708 -0.5380 -0.6992
vn 0.4344 -0.5400 -0.7209
vn 0.2769 -0.5913 0.7574
vn 0.2901 -0.6337 0.7171
vn 0.2909 -0.6361 0.7147
vn 0.2779 -0.5945 0.7546
vn -0.3341 0.6733 -0.6596
vn -0.3352 0.6747 -0.6576
vn -0.3111 0.6431 -0.6997
vn -0.3096 0.6411 -0.7022
vn -0.8271 -0.5504 -0.1140
vn -0.8338 -0.5488 -0.0608
vn -0.8340 -0.5487 -0.0588
vn -0.8277 -0.5503 -0.1098
vn 0.7995 0.5902 0.1115
vn 0.7996 0.5902 0.1107
vn 0.7906 0.5912 0.1593
vn 0.7903 0.5912 0.1609
vn 0.8018 0.5760 0.1594
vn 0.8038 0.5738 0.1569
vn 0.7883 0.5899 0.1747
vn 0.7861 0.5921 0.1771
vn -0.8361 -0.5387 -0.1032
vn -0.8251 -0.5504 -0.1275
vn -0.8235 -0.5520 -0.1310
vn -0.8346 -0.5405 -0.1068
vn 0.1762 -0.6180 -0.7662
vn -0.3219 -0.3780 -0.8680
vn -0.3191 -0.3757 -0.8701
vn 0.3176 -0.6369 -0.7025
vn 0.3721 -0.5726 -0.7305
vn 0.4386 -0.5776 -0.6884
vn 0.4295 -0.5820 -0.6905
vn 0.4326 -0.6209 -0.6537
vn 0.4690 -0.5733 -0.6718
vn 0.4465 -0.6258 -0.6395
vn -0.6421 -0.1629 -0.7491
vn -0.6420 -0.1627 -0.7493
vn -0.6484 -0.1785 -0.7401
vn -0.6485 -0.1787 -0.7399
vn -0.8084 -0.0129 -0.5884
vn -0.8089 -0.0142 -0.5877
vn -0.8090 -0.0142 -0.5877
vn -0.4091 -0.3096 -0.8584
vn -0.4092 -0.3099 -0.8582
vn -0.4214 -0.3401 -0.8407
vn -0.4213 -0.3398 -0.8409
vn -0.9476 0.2518 -0.1967
vn -0.9165 0.1443 -0.3731
vn -0.9378 0.2760 -0.2107
vn -0.9107 0.1585 -0.3814
vn -0.8256 0.0066 -0.5642
vn -0.8253 0.0073 -0.5646
vn -0.8079 -0.0135 -0.5892
vn -0.8084 -0.0149 -0.5884
vn -0.7615 0.5066 0.4043
vn -0.7616 0.5064 0.4045
vn -0.7416 0.5556 0.3759
vn -0.7415 0.5559 0.3757
vn 0.2054 -0.6266 -0.7518
vn 0.2329 -0.5941 -0.7700
vn 0.2125 -0.6184 -0.7566
vn 0.1845 -0.6501 -0.7371
vn -0.3441 -0.4041 -0.8475
vn -0.3821 -0.4007 -0.8328
vn -0.4150 -0.3970 -0.8186
vn -0.3824 -0.4006 -0.8326
vn 0.0300 -0.6417 -0.7664
vn 0.2753 -0.7008 -0.6581
vn 0.2844 -0.6410 -0.7129
vn 0.3902 -0.6262 -0.6750
vn 0.4512 -0.6135 -0.6481
vn 0.3468 -0.6334 -0.6918
vn 0.4263 -0.6438 -0.6355
vn 0.3898 -0.6454 -0.6570
vn 0.2349 -0.5256 0.8177
vn 0.2447 -0.5730 0.7822
vn 0.2453 -0.5757 0.7800
vn 0.2356 -0.5292 0.8151
vn -0.2854 0.6217 -0.7294
vn -0.2863 0.6234 -0.7276
vn -0.2649 0.5858 -0.7659
vn -0.2635 0.5834 -0.7683
vn -0.8665 -0.4959 -0.0576
vn -0.8728 -0.4880 -0.0049
vn -0.8730 -0.4877 -0.0029
vn -0.8671 -0.4953 -0.0534
vn 0.8334 0.5439 0.0982
vn 0.8330 0.5441 0.0998
vn 0.8419 0.5372 0.0507
vn 0.8421 0.5371 0.0500
vn 0.8310 0.5445 0.1135
vn 0.8290 0.5471 0.1157
vn 0.8433 0.5281 0.0998
vn 0.8452 0.5254 0.0977
vn -0.8746 -0.4825 -0.0482
vn -0.8646 -0.4975 -0.0710
vn -0.8631 -0.4996 -0.0743
vn -0.8732 -0.4847 -0.0515
vn -0.3528 -0.4439 -0.8237
vn -0.3499 -0.4420 -0.8260
vn 0.1263 -0.7081 -0.6947
vn 0.2661 -0.7306 -0.6288
vn 0.3252 -0.6740 -0.6633
vn 0.3913 -0.6795 -0.6207
vn 0.3819 -0.6834 -0.6223
vn 0.3822 -0.7181 -0.5815
vn 0.4220 -0.6756 -0.6045
vn 0.3957 -0.7226 -0.5668
vn -0.6554 -0.1936 -0.7301
vn -0.6555 -0.1938 -0.7299
vn -0.6630 -0.2078 -0.7192
vn -0.6631 -0.2080 -0.7191
vn -0.8095 -0.0154 -0.5869
vn -0.8101 -0.0165 -0.5861
vn -0.4346 -0.3684 -0.8218
vn -0.4347 -0.3687 -0.8216
vn -0.4491 -0.3958 -0.8010
vn -0.4490 -0.3955 -0.8012
vn -0.9268 0.2996 -0.2264
vn -0.9046 0.1717 -0.3902
vn -0.9153 0.3213 -0.2429
vn -0.8978 0.1844 -0.3999
vn -0.8250 0.0079 -0.5650
vn -0.8247 0.0085 -0.5655
vn -0.8090 -0.0161 -0.5876
vn -0.8096 -0.0173 -0.5867
vn -0.7197 0.6028 0.3445
vn -0.7198 0.6025 0.3447
vn -0.6962 0.6470 0.3108
vn -0.6963 0.6468 0.3110
vn 0.1548 -0.7173 -0.6793
vn 0.1846 -0.6891 -0.7008
vn 0.1624 -0.7103 -0.6849
vn 0.1322 -0.7375 -0.6623
vn -0.4469 -0.4504 -0.7729
vn -0.4147 -0.4579 -0.7863
vn -0.3769 -0.4659 -0.8006
vn -0.4144 -0.4580 -0.7865
vn 0.2193 -0.7861 -0.5779
vn -0.0213 -0.7207 -0.6929
vn 0.4013 -0.7117 -0.5766
vn 0.2956 -0.7282 -0.6184
vn 0.2326 -0.7334 -0.6388
vn 0.3394 -0.7226 -0.6022
vn 0.3742 -0.7384 -0.5609
vn 0.3376 -0.7396 -0.5823
vn 0.2045 -0.5054 0.8383
vn 0.1986 -0.4547 0.8682
vn 0.1981 -0.4509 0.8703
vn 0.2042 -0.5024 0.8402
vn -0.2233 0.5184 -0.8255
vn -0.2221 0.5156 -0.8275
vn -0.2409 0.5594 -0.7931
vn -0.2417 0.5614 -0.7915
vn -0.9014 -0.4328 -0.0075
vn -0.9070 -0.4189 0.0440
vn -0.9071 -0.4184 0.0460
vn -0.9020 -0.4318 -0.0034
vn 0.8722 0.4873 0.0425
vn 0.8719 0.4877 0.0441
vn 0.8800 0.4749 -0.0039
vn 0.8801 0.4747 -0.0046
vn 0.8700 0.4897 0.0577
vn 0.8682 0.4927 0.0596
vn 0.8809 0.4710 0.0459
vn 0.8826 0.4680 0.0441
vn -0.8984 -0.4385 -0.0237
vn -0.9072 -0.4206 -0.0027
vn -0.9085 -0.4179 0.0004
vn -0.8997 -0.4360 -0.0207
vn -0.3884 -0.5021 -0.7727
vn -0.3854 -0.5006 -0.7751
vn 0.0700 -0.7861 -0.6141
vn 0.2081 -0.8118 -0.5456
vn 0.2711 -0.7638 -0.5857
vn 0.3368 -0.7696 -0.5425
vn 0.3270 -0.7729 -0.5437
vn 0.3250 -0.8031 -0.4995
vn 0.3677 -0.7664 -0.5267
vn 0.3382 -0.8069 -0.4843
vn 0.3381 -0.8069 -0.4843
vn -0.6711 -0.2214 -0.7075
vn -0.6710 -0.2212 -0.7077
vn -0.6796 -0.2336 -0.6954
vn -0.6797 -0.2337 -0.6953
vn -0.8107 -0.0176 -0.5851
vn -0.8114 -0.0186 -0.5842
vn -0.4645 -0.4212 -0.7790
vn -0.4643 -0.4209 -0.7792
vn -0.4806 -0.4445 -0.7559
vn -0.4808 -0.4448 -0.7557
vn -0.8907 0.1961 -0.4100
vn -0.9027 0.3422 -0.2610
vn -0.8896 0.3611 -0.2797
vn -0.8831 0.2072 -0.4210
vn -0.8244 0.0090 -0.5659
vn -0.8241 0.0095 -0.5664
vn -0.8103 -0.0184 -0.5857
vn -0.8110 -0.0195 -0.5847
vn -0.6712 0.6883 0.2751
vn -0.6711 0.6885 0.2749
vn -0.6445 0.7270 0.2367
vn -0.6446 0.7269 0.2369
vn 0.0978 -0.7957 -0.5977
vn 0.1296 -0.7723 -0.6220
vn 0.1060 -0.7899 -0.6040
vn 0.0739 -0.8122 -0.5787
vn -0.4826 -0.4960 -0.7219
vn -0.4511 -0.5073 -0.7343
vn -0.4140 -0.5196 -0.7475
vn -0.4507 -0.5074 -0.7344
vn 0.1574 -0.8578 -0.4892
vn -0.0781 -0.7873 -0.6116
vn 0.1744 -0.8131 -0.5554
vn 0.2818 -0.8065 -0.5198
vn 0.3445 -0.7975 -0.4952
vn 0.2376 -0.8105 -0.5354
vn 0.2789 -0.8210 -0.4981
vn 0.3155 -0.8204 -0.4769
vn 0.1695 -0.4263 0.8886
vn 0.1674 -0.3725 0.9128
vn 0.1673 -0.3684 0.9145
vn 0.1694 -0.4232 0.8901
vn -0.2015 0.4875 -0.8496
vn -0.2022 0.4897 -0.8482
vn -0.1871 0.4420 -0.8773
vn -0.1862 0.4389 -0.8790
vn -0.9357 -0.3418 0.0870
vn -0.9318 -0.3608 0.0393
vn -0.9314 -0.3623 0.0354
vn -0.9356 -0.3426 0.0851
vn 0.9131 0.4044 -0.0513
vn 0.9132 0.4041 -0.0520
vn 0.9064 0.4223 -0.0064
vn 0.9062 0.4229 -0.0049
vn 0.9045 0.4265 0.0083
vn 0.9029 0.4298 0.0099
vn 0.9139 0.4058 -0.0013
vn 0.9154 0.4026 -0.0029
vn -0.9373 -0.3462 0.0416
vn -0.9300 -0.3670 0.0226
vn -0.9288 -0.3700 0.0199
vn -0.9362 -0.3493 0.0388
vn 0.0084 -0.8505 -0.5258
vn -0.4281 -0.5516 -0.7159
vn -0.4250 -0.5507 -0.7185
vn 0.1444 -0.8790 -0.4544
vn 0.2107 -0.8405 -0.4992
vn 0.2759 -0.8465 -0.4554
vn 0.2659 -0.8492 -0.4562
vn 0.2618 -0.8742 -0.4090
vn 0.3071 -0.8439 -0.4399
vn 0.2747 -0.8773 -0.3935
vn -0.6887 -0.2451 -0.6824
vn -0.6886 -0.2450 -0.6825
vn -0.6980 -0.2553 -0.6691
vn -0.6981 -0.2554 -0.6689
vn -0.8121 -0.0195 -0.5831
vn -0.8129 -0.0203 -0.5821
vn -0.4979 -0.4664 -0.7311
vn -0.4977 -0.4662 -0.7314
vn -0.5156 -0.4858 -0.7058
vn -0.5158 -0.4860 -0.7055
vn -0.8752 0.2172 -0.4323
vn -0.8755 0.3789 -0.2999
vn -0.8611 0.3946 -0.3205
vn -0.8668 0.2264 -0.4444
vn -0.8237 0.0100 -0.5669
vn -0.8233 0.0104 -0.5675
vn -0.8118 -0.0204 -0.5836
vn -0.8126 -0.0213 -0.5825
vn -0.6165 0.7624 0.1966
vn -0.6166 0.7623 0.1968
vn -0.5872 0.7945 0.1547
vn -0.5874 0.7944 0.1549
vn 0.0355 -0.8604 -0.5084
vn 0.0688 -0.8421 -0.5349
vn 0.0440 -0.8559 -0.5153
vn 0.0104 -0.8729 -0.4879
vn -0.4548 -0.5643 -0.6890
vn -0.4905 -0.5481 -0.6775
vn -0.5213 -0.5331 -0.6664
vn -0.4908 -0.5480 -0.6774
vn 0.0907 -0.9148 -0.3936
vn -0.1393 -0.8404 -0.5238
vn 0.2818 -0.8697 -0.4053
vn 0.1740 -0.8788 -0.4443
vn 0.1107 -0.8788 -0.4641
vn 0.2185 -0.8765 -0.4290
vn 0.2512 -0.8882 -0.3847
vn 0.2145 -0.8884 -0.4059
vn 0.1429 -0.2795 0.9495
vn 0.1408 -0.3366 0.9311
vn 0.1406 -0.3399 0.9299
vn 0.1427 -0.2838 0.9482
vn -0.1678 0.4072 -0.8978
vn -0.1683 0.4095 -0.8966
vn -0.1570 0.3580 -0.9204
vn -0.1563 0.3547 -0.9218
vn -0.9558 -0.2856 0.0703
vn -0.9583 -0.2604 0.1176
vn -0.9584 -0.2594 0.1194
vn -0.9561 -0.2836 0.0741
vn 0.9355 0.3500 -0.0481
vn 0.9353 0.3508 -0.0467
vn 0.9407 0.3269 -0.0908
vn 0.9407 0.3266 -0.0914
vn 0.9339 0.3558 -0.0339
vn 0.9326 0.3594 -0.0327
vn 0.9418 0.3337 -0.0412
vn 0.9430 0.3301 -0.0424
vn -0.9604 -0.2684 0.0747
vn -0.9548 -0.2917 0.0582
vn -0.9539 -0.2950 0.0558
vn -0.9596 -0.2719 0.0723
vn -0.4711 -0.5916 -0.6542
vn -0.4680 -0.5912 -0.6569
vn -0.0575 -0.9003 -0.4314
vn 0.0763 -0.9311 -0.3568
vn 0.1450 -0.9027 -0.4052
vn 0.2098 -0.9088 -0.3607
vn 0.1997 -0.9108 -0.3613
vn 0.1939 -0.9302 -0.3117
vn 0.2412 -0.9069 -0.3455
vn 0.2066 -0.9326 -0.2959
vn -0.7079 -0.2646 -0.6549
vn -0.7078 -0.2645 -0.6551
vn -0.7180 -0.2727 -0.6404
vn -0.7179 -0.2726 -0.6406
vn -0.8137 -0.0211 -0.5809
vn -0.8137 -0.0211 -0.5810
vn -0.8145 -0.0217 -0.5798
vn -0.5342 -0.5034 -0.6791
vn -0.5344 -0.5036 -0.6788
vn -0.5535 -0.5188 -0.6516
vn -0.5537 -0.5189 -0.6513
vn -0.8459 0.4091 -0.3424
vn -0.8582 0.2345 -0.4567
vn -0.8304 0.4214 -0.3645
vn -0.8491 0.2417 -0.4696
vn -0.8229 0.0108 -0.5681
vn -0.8225 0.0111 -0.5687
vn -0.8134 -0.0220 -0.5813
vn -0.8142 -0.0227 -0.5801
vn -0.5568 0.8232 0.1111
vn -0.5569 0.8231 0.1113
vn -0.5255 0.8482 0.0663
vn -0.5253 0.8483 0.0661
vn -0.0224 -0.9071 -0.4202
vn -0.0570 -0.9185 -0.3912
vn -0.0312 -0.9102 -0.4129
vn 0.0033 -0.8975 -0.4411
vn -0.4986 -0.5993 -0.6262
vn -0.5329 -0.5794 -0.6167
vn -0.5625 -0.5610 -0.6074
vn -0.5332 -0.5792 -0.6166
vn 0.0203 -0.9560 -0.2928
vn -0.2041 -0.8789 -0.4311
vn 0.0426 -0.9294 -0.3666
vn 0.1504 -0.9314 -0.3315
vn 0.2141 -0.9268 -0.3084
vn 0.1058 -0.9320 -0.3466
vn 0.1824 -0.9407 -0.2861
vn 0.1457 -0.9404 -0.3073
vn 0.1253 -0.1859 0.9745
vn 0.1189 -0.2443 0.9624
vn 0.1185 -0.2477 0.9616
vn 0.1249 -0.1902 0.9738
vn -0.1404 0.3198 -0.9370
vn -0.1407 0.3223 -0.9361
vn -0.1335 0.2678 -0.9542
vn -0.1330 0.2644 -0.9552
vn -0.9746 -0.1725 0.1427
vn -0.9743 -0.2015 0.1002
vn -0.9742 -0.2039 0.0967
vn -0.9747 -0.1736 0.1410
vn 0.9622 0.2438 -0.1215
vn 0.9622 0.2434 -0.1221
vn 0.9589 0.2717 -0.0817
vn 0.9588 0.2726 -0.0803
vn 0.9578 0.2791 -0.0681
vn 0.9568 0.2829 -0.0673
vn 0.9640 0.2558 -0.0730
vn 0.9649 0.2521 -0.0738
vn -0.9775 -0.1861 0.0993
vn -0.9737 -0.2113 0.0853
vn -0.9731 -0.2149 0.0833
vn -0.9770 -0.1898 0.0972
vn -0.5168 -0.6215 -0.5888
vn -0.5136 -0.6216 -0.5915
vn -0.1266 -0.9346 -0.3325
vn 0.0048 -0.9671 -0.2544
vn 0.0753 -0.9493 -0.3053
vn 0.1396 -0.9554 -0.2602
vn 0.1294 -0.9567 -0.2606
vn 0.1223 -0.9702 -0.2093
vn 0.1711 -0.9543 -0.2451
vn 0.1349 -0.9718 -0.1932
vn -0.7282 -0.2795 -0.6257
vn -0.7284 -0.2796 -0.6255
vn -0.7390 -0.2853 -0.6103
vn -0.7389 -0.2852 -0.6105
vn -0.8153 -0.0223 -0.5786
vn -0.8161 -0.0227 -0.5774
vn -0.8162 -0.0227 -0.5774
vn -0.5732 -0.5319 -0.6233
vn -0.5734 -0.5321 -0.6230
vn -0.5934 -0.5428 -0.5943
vn -0.5936 -0.5429 -0.5940
vn -0.8142 0.4322 -0.3877
vn -0.8400 0.2478 -0.4827
vn -0.7980 0.4409 -0.4110
vn -0.8305 0.2529 -0.4963
vn -0.8221 0.0114 -0.5693
vn -0.8216 0.0116 -0.5699
vn -0.8151 -0.0233 -0.5789
vn -0.8160 -0.0238 -0.5776
vn -0.4930 0.8698 0.0198
vn -0.4932 0.8697 0.0200
vn -0.4602 0.8874 -0.0273
vn -0.4600 0.8875 -0.0275
vn -0.0920 -0.9428 -0.3205
vn -0.1273 -0.9483 -0.2906
vn -0.1010 -0.9444 -0.3129
vn -0.0658 -0.9373 -0.3421
vn -0.5447 -0.6241 -0.5603
vn -0.5774 -0.6007 -0.5530
vn -0.6054 -0.5792 -0.5459
vn -0.5776 -0.6005 -0.5530
vn -0.0527 -0.9807 -0.1883
vn -0.2711 -0.9024 -0.3350
vn 0.1428 -0.9680 -0.2062
vn 0.0343 -0.9691 -0.2441
vn -0.0287 -0.9640 -0.2645
vn 0.0788 -0.9702 -0.2290
vn 0.1102 -0.9770 -0.1827
vn 0.0735 -0.9762 -0.2039
vn 0.1150 -0.0890 0.9894
vn 0.1041 -0.1478 0.9835
vn 0.1035 -0.1512 0.9831
vn 0.1142 -0.0934 0.9891
vn -0.1198 0.2270 -0.9665
vn -0.1200 0.2296 -0.9659
vn -0.1169 0.1731 -0.9780
vn -0.1166 0.1695 -0.9786
vn -0.9863 -0.1187 0.1141
vn -0.9844 -0.0839 0.1549
vn -0.9842 -0.0826 0.1564
vn -0.9863 -0.1160 0.1173
vn 0.9772 0.1565 -0.1431
vn 0.9772 0.1560 -0.1437
vn 0.9763 0.1886 -0.1065
vn 0.9762 0.1897 -0.1053
vn -0.8199 0.0001 -0.5724
vn 0.9801 0.1734 -0.0961
vn 0.9808 0.1696 -0.0965
vn 0.9758 0.1976 -0.0938
vn 0.9750 0.2015 -0.0934
vn -0.9883 -0.1006 0.1147
vn -0.9864 -0.1273 0.1036
vn -0.9861 -0.1312 0.1019
vn -0.9881 -0.1045 0.1131
vn -0.5643 -0.6406 -0.5208
vn -0.5612 -0.6412 -0.5234
vn -0.1976 -0.9527 -0.2307
vn -0.0688 -0.9864 -0.1491
vn 0.0027 -0.9795 -0.2013
vn 0.0666 -0.9856 -0.1555
vn 0.0562 -0.9862 -0.1558
vn 0.0484 -0.9935 -0.1034
vn 0.0981 -0.9852 -0.1405
vn 0.0609 -0.9943 -0.0872
vn -0.7498 -0.2898 -0.5948
vn -0.7497 -0.2897 -0.5950
vn -0.7606 -0.2930 -0.5793
vn -0.7608 -0.2930 -0.5791
vn -0.8170 -0.0231 -0.5762
vn -0.8179 -0.0233 -0.5749
vn -0.6142 -0.5514 -0.5645
vn -0.6140 -0.5513 -0.5649
vn -0.6349 -0.5574 -0.5350
vn -0.6351 -0.5575 -0.5347
vn -0.7810 0.4479 -0.4352
vn -0.8210 0.2568 -0.5099
vn -0.7643 0.4528 -0.4592
vn -0.8112 0.2597 -0.5239
vn -0.8212 0.0118 -0.5705
vn -0.8208 0.0119 -0.5712
vn -0.8169 -0.0242 -0.5763
vn -0.8178 -0.0244 -0.5750
vn -0.4265 0.9013 -0.0755
vn -0.4264 0.9014 -0.0757
vn -0.3924 0.9113 -0.1243
vn -0.3923 0.9114 -0.1245
vn -0.1637 -0.9622 -0.2177
vn -0.1992 -0.9618 -0.1876
vn -0.1728 -0.9623 -0.2101
vn -0.1373 -0.9611 -0.2398
vn -0.5922 -0.6380 -0.4922
vn -0.6230 -0.6116 -0.4877
vn -0.6494 -0.5874 -0.4830
vn -0.6233 -0.6114 -0.4876
vn -0.1268 -0.9885 -0.0821
vn -0.3394 -0.9102 -0.2372
vn 0.0690 -0.9925 -0.1005
vn -0.0395 -0.9896 -0.1385
vn -0.1019 -0.9819 -0.1596
vn 0.0049 -0.9924 -0.1231
vn -0.0007 -0.9952 -0.0976
vn 0.0359 -0.9964 -0.0763
vn 0.1120 0.0094 0.9937
vn 0.0967 -0.0487 0.9941
vn 0.0958 -0.0521 0.9940
vn 0.1109 0.0051 0.9938
vn -0.1075 0.0753 -0.9914
vn -0.1076 0.0717 -0.9916
vn -0.1064 0.1302 -0.9858
vn -0.1063 0.1329 -0.9854
vn -0.9920 -0.0315 0.1222
vn -0.9872 0.0072 0.1591
vn -0.9870 0.0087 0.1604
vn -0.9917 -0.0284 0.1251
vn 0.9856 0.0666 -0.1551
vn 0.9856 0.0660 -0.1556
vn 0.9872 0.1024 -0.1222
vn 0.9872 0.1036 -0.1211
vn 0.9900 0.0881 -0.1102
vn 0.9903 0.0843 -0.1102
vn 0.9875 0.1127 -0.1106
vn 0.9870 0.1166 -0.1106
vn -0.9926 -0.0133 0.1208
vn -0.9928 -0.0412 0.1126
vn -0.9927 -0.0452 0.1114
vn -0.9927 -0.0174 0.1196
vn -0.2694 -0.9545 -0.1278
vn -0.6128 -0.6487 -0.4512
vn -0.6098 -0.6498 -0.4538
vn -0.1431 -0.9888 -0.0426
vn -0.0716 -0.9929 -0.0949
vn -0.0081 -0.9988 -0.0485
vn -0.0185 -0.9986 -0.0488
vn -0.0266 -0.9996 0.0041
vn 0.0234 -0.9992 -0.0335
vn -0.0142 -0.9997 0.0203
vn -0.0142 -0.9997 0.0204
vn -0.7718 -0.2949 -0.5633
vn -0.7717 -0.2949 -0.5635
vn -0.7828 -0.2956 -0.5476
vn -0.7829 -0.2956 -0.5474
vn -0.8188 -0.0235 -0.5736
vn -0.8188 -0.0235 -0.5737
vn -0.8196 -0.0236 -0.5724
vn -0.8197 -0.0236 -0.5724
vn -0.6559 -0.5612 -0.5049
vn -0.6561 -0.5612 -0.5046
vn -0.6772 -0.5625 -0.4743
vn -0.6770 -0.5625 -0.4746
vn -0.7470 0.4558 -0.4839
vn -0.8015 0.2614 -0.5378
vn -0.7301 0.4569 -0.5082
vn -0.7916 0.2620 -0.5521
vn -0.8203 0.0120 -0.5718
vn -0.8198 0.0120 -0.5725
vn -0.8187 -0.0246 -0.5737
vn -0.8196 -0.0247 -0.5724
vn -0.3579 0.9175 -0.1738
vn -0.3581 0.9174 -0.1735
vn -0.3235 0.9196 -0.2230
vn -0.3233 0.9196 -0.2233
vn -0.2363 -0.9650 -0.1138
vn -0.2715 -0.9588 -0.0840
vn -0.2453 -0.9636 -0.1062
vn -0.2099 -0.9683 -0.1357
vn -0.6935 -0.5856 -0.4197
vn -0.6693 -0.6117 -0.4217
vn -0.6403 -0.6410 -0.4232
vn -0.6691 -0.6120 -0.4217
vn -0.2009 -0.9793 0.0240
vn -0.4076 -0.9024 -0.1395
vn -0.1759 -0.9829 -0.0536
vn -0.0700 -0.9974 -0.0158
vn -0.0061 -1.0000 0.0069
vn -0.1141 -0.9930 -0.0316
vn -0.0757 -0.9971 0.0098
vn -0.0393 -0.9987 0.0313
vn 0.1164 0.1076 0.9874
vn 0.0968 0.0512 0.9940
vn 0.0957 0.0479 0.9943
vn 0.1150 0.1035 0.9880
vn 0.8199 -0.0000 0.5725
vn -0.1003 0.0312 -0.9945
vn -0.1000 0.0339 -0.9944
vn -0.1056 -0.0237 -0.9941
vn -0.1059 -0.0273 -0.9940
vn -0.9829 0.0999 0.1546
vn -0.9906 0.0596 0.1235
vn -0.9911 0.0563 0.1209
vn -0.9833 0.0983 0.1534
vn 0.9872 -0.0246 -0.1574
vn 0.9871 -0.0252 -0.1579
vn 0.9916 0.0144 -0.1285
vn 0.9917 0.0157 -0.1275
vn 0.9927 0.0258 -0.1180
vn 0.9925 0.0297 -0.1185
vn 0.9934 0.0013 -0.1151
vn 0.9934 -0.0026 -0.1146
vn -0.9903 0.0742 0.1176
vn -0.9926 0.0457 0.1124
vn -0.9929 0.0416 0.1116
vn -0.9907 0.0700 0.1168
vn -0.6616 -0.6456 -0.3814
vn -0.6586 -0.6472 -0.3838
vn -0.3408 -0.9398 -0.0257
vn -0.2170 -0.9741 0.0633
vn -0.1462 -0.9892 0.0119
vn -0.0832 -0.9948 0.0590
vn -0.0935 -0.9939 0.0586
vn -0.1015 -0.9886 0.1113
vn -0.0517 -0.9959 0.0741
vn -0.0890 -0.9878 0.1275
vn -0.7939 -0.2950 -0.5317
vn -0.7940 -0.2950 -0.5315
vn -0.8051 -0.2932 -0.5156
vn -0.8050 -0.2932 -0.5158
vn -0.8205 -0.0235 -0.5711
vn -0.8214 -0.0234 -0.5699
vn -0.8214 -0.0234 -0.5698
vn -0.6981 -0.5614 -0.4443
vn -0.6984 -0.5614 -0.4440
vn -0.7192 -0.5579 -0.4142
vn -0.7194 -0.5578 -0.4138
vn -0.7127 0.4559 -0.5331
vn -0.7818 0.2615 -0.5660
vn -0.6958 0.4531 -0.5573
vn -0.7719 0.2598 -0.5802
vn -0.8194 0.0120 -0.5731
vn -0.8190 0.0119 -0.5737
vn -0.8205 -0.0246 -0.5711
vn -0.8215 -0.0245 -0.5697
vn -0.2890 0.9177 -0.2725
vn -0.2888 0.9177 -0.2728
vn -0.2546 0.9119 -0.3218
vn -0.2544 0.9119 -0.3220
vn -0.3084 -0.9512 -0.0105
vn -0.3430 -0.9392 0.0184
vn -0.3173 -0.9483 -0.0031
vn -0.2824 -0.9588 -0.0318
vn -0.7372 -0.5736 -0.3572
vn -0.7150 -0.6016 -0.3562
vn -0.6883 -0.6329 -0.3545
vn -0.7148 -0.6018 -0.3562
vn -0.4747 -0.8791 -0.0434
vn -0.2736 -0.9532 0.1282
vn -0.0810 -0.9901 0.1143
vn -0.1884 -0.9792 0.0748
vn -0.2493 -0.9670 0.0515
vn -0.1446 -0.9853 0.0911
vn -0.1139 -0.9838 0.1382
vn -0.1502 -0.9818 0.1165
vn 0.1281 0.2040 0.9706
vn 0.1044 0.1503 0.9831
vn 0.1030 0.1471 0.9837
vn 0.1264 0.2000 0.9716
vn -0.1017 -0.0683 -0.9925
vn -0.1012 -0.0657 -0.9927
vn -0.1111 -0.1224 -0.9862
vn -0.1117 -0.1259 -0.9857
vn -0.9836 0.1431 0.1101
vn -0.9725 0.1876 0.1379
vn -0.9720 0.1893 0.1390
vn -0.9828 0.1466 0.1123
vn 0.9894 -0.0738 -0.1253
vn 0.9896 -0.0724 -0.1244
vn 0.9820 -0.1153 -0.1499
vn 0.9818 -0.1159 -0.1502
vn 0.9913 -0.0615 -0.1161
vn 0.9915 -0.0577 -0.1170
vn 0.9902 -0.0855 -0.1105
vn 0.9900 -0.0893 -0.1096
vn -0.9865 0.1277 0.1025
vn -0.9822 0.1562 0.1046
vn -0.9815 0.1605 0.1049
vn -0.9859 0.1318 0.1028
vn -0.7097 -0.6314 -0.3126
vn -0.7068 -0.6335 -0.3147
vn -0.4104 -0.9089 0.0740
vn -0.2892 -0.9427 0.1667
vn -0.2199 -0.9684 0.1175
vn -0.1573 -0.9736 0.1652
vn -0.1675 -0.9720 0.1647
vn -0.1749 -0.9605 0.2164
vn -0.1260 -0.9755 0.1804
vn -0.1623 -0.9590 0.2325
vn -0.8161 -0.2900 -0.4999
vn -0.8159 -0.2901 -0.5001
vn -0.8268 -0.2857 -0.4846
vn -0.8269 -0.2856 -0.4844
vn -0.8223 -0.0231 -0.5686
vn -0.8231 -0.0228 -0.5674
vn -0.8232 -0.0228 -0.5674
vn -0.7403 -0.5518 -0.3840
vn -0.7401 -0.5519 -0.3843
vn -0.7609 -0.5435 -0.3545
vn -0.7607 -0.5436 -0.3548
vn -0.6787 0.4482 -0.5818
vn -0.7623 0.2570 -0.5940
vn -0.7526 0.2531 -0.6079
vn -0.6621 0.4415 -0.6055
vn -0.8185 0.0118 -0.5744
vn -0.8181 0.0116 -0.5750
vn -0.8224 -0.0242 -0.5684
vn -0.8233 -0.0238 -0.5671
vn -0.2203 0.9022 -0.3709
vn -0.2204 0.9022 -0.3706
vn -0.1868 0.8886 -0.4189
vn -0.1866 0.8885 -0.4191
vn -0.3789 -0.9210 0.0905
vn -0.4124 -0.9034 0.1177
vn -0.3875 -0.9167 0.0974
vn -0.3537 -0.9327 0.0702
vn -0.7352 -0.6139 -0.2873
vn -0.7593 -0.5813 -0.2924
vn -0.7795 -0.5517 -0.2965
vn -0.7595 -0.5810 -0.2925
vn -0.3438 -0.9108 0.2287
vn -0.5394 -0.8406 0.0493
vn -0.3209 -0.9345 0.1541
vn -0.2177 -0.9562 0.1958
vn -0.1545 -0.9633 0.2196
vn -0.2610 -0.9487 0.1788
vn -0.1868 -0.9520 0.2426
vn -0.2229 -0.9495 0.2207
vn 0.1177 0.2438 0.9627
vn 0.1450 0.2932 0.9450
vn 0.1470 0.2969 0.9435
vn 0.1194 0.2467 0.9617
vn -0.1239 -0.2189 -0.9678
vn -0.1248 -0.2223 -0.9670
vn -0.1105 -0.1667 -0.9798
vn -0.1099 -0.1641 -0.9803
vn -0.9696 0.2274 0.0901
vn -0.9551 0.2737 0.1131
vn -0.9545 0.2755 0.1139
vn -0.9686 0.2311 0.0920
vn 0.9805 -0.1608 -0.1126
vn 0.9809 -0.1593 -0.1119
vn 0.9699 -0.2040 -0.1327
vn 0.9698 -0.2047 -0.1330
vn -0.8199 0.0001 -0.5725
vn 0.9834 -0.1478 -0.1048
vn 0.9839 -0.1441 -0.1061
vn 0.9805 -0.1709 -0.0967
vn 0.9800 -0.1746 -0.0954
vn -0.9662 0.2439 0.0831
vn -0.9728 0.2156 0.0841
vn -0.9737 0.2115 0.0842
vn -0.9673 0.2398 0.0832
vn -0.7563 -0.6063 -0.2458
vn -0.7536 -0.6088 -0.2477
vn -0.4771 -0.8624 0.1695
vn -0.3584 -0.8950 0.2657
vn -0.2914 -0.9310 0.2199
vn -0.2292 -0.9357 0.2681
vn -0.2393 -0.9334 0.2674
vn -0.2455 -0.9159 0.3176
vn -0.1980 -0.9383 0.2836
vn -0.2328 -0.9136 0.3335
vn -0.2328 -0.9135 0.3335
vn -0.8375 -0.2800 -0.4692
vn -0.8374 -0.2801 -0.4694
vn -0.8478 -0.2733 -0.4545
vn -0.8479 -0.2732 -0.4543
vn -0.8240 -0.0223 -0.5661
vn -0.8240 -0.0224 -0.5662
vn -0.8248 -0.0218 -0.5650
vn -0.8248 -0.0218 -0.5649
vn -0.7811 -0.5328 -0.3255
vn -0.7809 -0.5330 -0.3258
vn -0.8007 -0.5200 -0.2974
vn -0.8009 -0.5199 -0.2971
vn -0.7433 0.2482 -0.6212
vn -0.6455 0.4327 -0.6294
vn -0.6296 0.4223 -0.6521
vn -0.7340 0.2421 -0.6346
vn -0.8177 0.0113 -0.5756
vn -0.8172 0.0111 -0.5762
vn -0.8242 -0.0234 -0.5659
vn -0.8251 -0.0228 -0.5646
vn -0.1535 0.8711 -0.4665
vn -0.1537 0.8712 -0.4663
vn -0.1211 0.8499 -0.5129
vn -0.1213 0.8500 -0.5126
vn -0.4548 -0.8693 0.1937
vn -0.4223 -0.8906 0.1685
vn -0.4465 -0.8749 0.1873
vn -0.4784 -0.8520 0.2124
vn -0.7803 -0.5844 -0.2227
vn -0.8019 -0.5508 -0.2314
vn -0.8199 -0.5204 -0.2387
vn -0.8021 -0.5505 -0.2314
vn -0.4102 -0.8526 0.3238
vn -0.6007 -0.7876 0.1371
vn -0.2254 -0.9198 0.3212
vn -0.3306 -0.9017 0.2786
vn -0.3894 -0.8858 0.2523
vn -0.2880 -0.9106 0.2965
vn -0.2567 -0.9037 0.3427
vn -0.2926 -0.9009 0.3205
vn 0.1726 0.3846 0.9068
vn 0.1414 0.3389 0.9301
vn 0.1396 0.3362 0.9314
vn 0.1704 0.3813 0.9086
vn -0.1439 -0.3118 -0.9392
vn -0.1450 -0.3150 -0.9380
vn -0.1267 -0.2623 -0.9566
vn -0.1259 -0.2599 -0.9574
vn -0.9495 0.3078 0.0613
vn -0.9315 0.3551 0.0791
vn -0.9307 0.3569 0.0798
vn -0.9481 0.3116 0.0627
vn 0.9513 -0.2893 -0.1061
vn 0.9511 -0.2900 -0.1063
vn 0.9652 -0.2453 -0.0908
vn 0.9656 -0.2438 -0.0903
vn 0.9645 -0.2534 -0.0738
vn 0.9638 -0.2569 -0.0721
vn 0.9691 -0.2316 -0.0843
vn 0.9698 -0.2281 -0.0860
vn -0.9449 0.3232 0.0525
vn -0.9536 0.2957 0.0565
vn -0.9548 0.2918 0.0571
vn -0.9462 0.3192 0.0531
vn -0.8006 -0.5708 -0.1823
vn -0.7981 -0.5737 -0.1840
vn -0.5397 -0.8010 0.2592
vn -0.4234 -0.8318 0.3589
vn -0.3595 -0.8775 0.3175
vn -0.2976 -0.8817 0.3661
vn -0.3075 -0.8787 0.3651
vn -0.3122 -0.8555 0.4132
vn -0.2667 -0.8849 0.3819
vn -0.2666 -0.8849 0.3819
vn -0.2993 -0.8524 0.4287
vn -0.8581 -0.2652 -0.4398
vn -0.8579 -0.2653 -0.4400
vn -0.8677 -0.2562 -0.4259
vn -0.8679 -0.2561 -0.4257
vn -0.8256 -0.0212 -0.5638
vn -0.8264 -0.0205 -0.5627
vn -0.8264 -0.0204 -0.5627
vn -0.8202 -0.5046 -0.2695
vn -0.8200 -0.5048 -0.2698
vn -0.8386 -0.4874 -0.2431
vn -0.8388 -0.4872 -0.2428
vn -0.6138 0.4098 -0.6748
vn -0.7251 0.2351 -0.6473
vn -0.5988 0.3959 -0.6962
vn -0.7163 0.2269 -0.6599
vn -0.8168 0.0107 -0.5768
vn -0.8164 0.0104 -0.5774
vn -0.8259 -0.0222 -0.5634
vn -0.8267 -0.0214 -0.5622
vn -0.0897 0.8250 -0.5580
vn -0.0898 0.8251 -0.5578
vn -0.0593 0.7967 -0.6015
vn -0.0592 0.7965 -0.6017
vn -0.5179 -0.8069 0.2841
vn -0.4872 -0.8332 0.2615
vn -0.5101 -0.8138 0.2784
vn -0.5401 -0.7860 0.3007
vn -0.8229 -0.5447 -0.1618
vn -0.8419 -0.5108 -0.1741
vn -0.8576 -0.4801 -0.1847
vn -0.8421 -0.5105 -0.1742
vn -0.6576 -0.7210 0.2185
vn -0.4717 -0.7797 0.4119
vn -0.2924 -0.8605 0.4172
vn -0.3962 -0.8392 0.3724
vn -0.4537 -0.8219 0.3444
vn -0.3543 -0.8493 0.3914
vn -0.3223 -0.8399 0.4367
vn -0.3580 -0.8368 0.4142
vn 0.1682 0.4229 0.8904
vn 0.2021 0.4628 0.8631
vn 0.2047 0.4657 0.8609
vn 0.1702 0.4253 0.8889
vn -0.1706 -0.3990 -0.9009
vn -0.1720 -0.4020 -0.8993
vn -0.1499 -0.3532 -0.9235
vn -0.1488 -0.3509 -0.9245
vn -0.9010 0.4322 0.0373
vn -0.9219 0.3867 0.0250
vn -0.9235 0.3830 0.0240
vn -0.9019 0.4304 0.0368
vn 0.9266 -0.3694 -0.0705
vn 0.9263 -0.3701 -0.0707
vn 0.9438 -0.3251 -0.0600
vn 0.9443 -0.3236 -0.0596
vn 0.9425 -0.3314 -0.0423
vn 0.9415 -0.3346 -0.0403
vn 0.9487 -0.3113 -0.0551
vn 0.9497 -0.3080 -0.0571
vn -0.9300 0.3670 0.0215
vn -0.9194 0.3931 0.0147
vn -0.9178 0.3969 0.0137
vn -0.9285 0.3708 0.0206
vn -0.8419 -0.5254 -0.1232
vn -0.8396 -0.5287 -0.1245
vn -0.5972 -0.7258 0.3416
vn -0.4831 -0.7544 0.4444
vn -0.4230 -0.8089 0.4084
vn -0.3614 -0.8124 0.4575
vn -0.3710 -0.8089 0.4561
vn -0.3738 -0.7803 0.5014
vn -0.3307 -0.8163 0.4737
vn -0.3607 -0.7766 0.5166
vn -0.8773 -0.2458 -0.4122
vn -0.8772 -0.2460 -0.4124
vn -0.8862 -0.2347 -0.3994
vn -0.8863 -0.2345 -0.3993
vn -0.8272 -0.0196 -0.5616
vn -0.8279 -0.0187 -0.5606
vn -0.8566 -0.4680 -0.2174
vn -0.8568 -0.4677 -0.2171
vn -0.8740 -0.4462 -0.1925
vn -0.8738 -0.4465 -0.1927
vn -0.5840 0.3798 -0.7174
vn -0.7080 0.2179 -0.6717
vn -0.5702 0.3626 -0.7371
vn -0.7000 0.2078 -0.6833
vn -0.8160 0.0100 -0.5779
vn -0.8157 0.0095 -0.5784
vn -0.8275 -0.0206 -0.5611
vn -0.8283 -0.0196 -0.5600
vn -0.0298 0.7647 -0.6437
vn -0.0299 0.7649 -0.6435
vn -0.0018 0.7297 -0.6838
vn -0.0017 0.7295 -0.6840
vn -0.5686 -0.7386 0.3621
vn -0.5963 -0.7065 0.3812
vn -0.5757 -0.7306 0.3671
vn -0.5472 -0.7614 0.3475
vn -0.8620 -0.4957 -0.1057
vn -0.8785 -0.4619 -0.1217
vn -0.8919 -0.4315 -0.1356
vn -0.8787 -0.4616 -0.1218
vn -0.5271 -0.6934 0.4913
vn -0.7089 -0.6421 0.2920
vn -0.3545 -0.7864 0.5060
vn -0.4565 -0.7623 0.4588
vn -0.5127 -0.7438 0.4288
vn -0.4154 -0.7734 0.4789
vn -0.3826 -0.7616 0.5231
vn -0.4181 -0.7583 0.5002
vn 0.2030 0.5023 0.8405
vn 0.2398 0.5363 0.8092
vn 0.2425 0.5388 0.8068
vn 0.2052 0.5043 0.8388
vn -0.2037 -0.4796 -0.8535
vn -0.2053 -0.4823 -0.8516
vn -0.1796 -0.4380 -0.8808
vn -0.1785 -0.4360 -0.8821
vn -0.8659 0.5000 -0.0130
vn -0.8902 0.4552 -0.0204
vn -0.8920 0.4515 -0.0210
vn -0.8669 0.4983 -0.0133
vn 0.9165 -0.3995 -0.0209
vn 0.9172 -0.3980 -0.0207
vn 0.8960 -0.4433 -0.0267
vn 0.8956 -0.4440 -0.0268
vn 0.9149 -0.4037 -0.0026
vn 0.9136 -0.4066 -0.0003
vn 0.9225 -0.3856 -0.0175
vn 0.9237 -0.3826 -0.0199
vn -0.8854 0.4638 -0.0327
vn -0.8980 0.4394 -0.0231
vn -0.8998 0.4359 -0.0218
vn -0.8873 0.4602 -0.0313
vn -0.8794 -0.4710 -0.0695
vn -0.8774 -0.4745 -0.0704
vn -0.6485 -0.6381 0.4151
vn -0.5365 -0.6639 0.5209
vn -0.4808 -0.7263 0.4912
vn -0.4195 -0.7292 0.5406
vn -0.4288 -0.7251 0.5389
vn -0.4292 -0.6917 0.5808
vn -0.3890 -0.7336 0.5572
vn -0.4158 -0.6874 0.5955
vn -0.8949 -0.2222 -0.3870
vn -0.8948 -0.2224 -0.3871
vn -0.9030 -0.2089 -0.3754
vn -0.9029 -0.2091 -0.3755
vn -0.8286 -0.0178 -0.5596
vn -0.8292 -0.0167 -0.5587
vn -0.8903 -0.4228 -0.1691
vn -0.8901 -0.4231 -0.1693
vn -0.9056 -0.3978 -0.1472
vn -0.9057 -0.3975 -0.1470
vn -0.5568 0.3433 -0.7564
vn -0.6924 0.1970 -0.6941
vn -0.5444 0.3230 -0.7741
vn -0.6852 0.1851 -0.7045
vn -0.8153 0.0090 -0.5789
vn -0.8150 0.0084 -0.5794
vn -0.8290 -0.0186 -0.5590
vn -0.8297 -0.0175 -0.5580
vn 0.0249 0.6914 -0.7220
vn 0.0250 0.6912 -0.7222
vn 0.0501 0.6501 -0.7582
vn 0.0502 0.6499 -0.7584
vn -0.6209 -0.6508 0.4370
vn -0.6461 -0.6147 0.4525
vn -0.6274 -0.6417 0.4411
vn -0.6014 -0.6765 0.4250
vn -0.9223 -0.3754 -0.0921
vn -0.9113 -0.4049 -0.0751
vn -0.8972 -0.4382 -0.0553
vn -0.9112 -0.4052 -0.0749
vn -0.5756 -0.5951 0.5608
vn -0.7538 -0.5520 0.3564
vn -0.4104 -0.6987 0.5861
vn -0.5105 -0.6723 0.5362
vn -0.5653 -0.6529 0.5041
vn -0.4702 -0.6842 0.5575
vn -0.4717 -0.6667 0.5770
vn -0.4365 -0.6702 0.6003
vn 0.2855 0.6026 0.7452
vn 0.2458 0.5747 0.7806
vn 0.2435 0.5730 0.7826
vn 0.2826 0.6006 0.7479
vn -0.2155 -0.5154 -0.8294
vn -0.2142 -0.5136 -0.8309
vn -0.2426 -0.5518 -0.7979
vn -0.2443 -0.5542 -0.7958
vn -0.8260 0.5592 -0.0701
vn -0.8536 0.5158 -0.0727
vn -0.8558 0.5122 -0.0729
vn -0.8272 0.5576 -0.0702
vn 0.8601 -0.5095 0.0247
vn 0.8597 -0.5102 0.0247
vn 0.8838 -0.4671 0.0258
vn 0.8846 -0.4656 0.0259
vn 0.8909 -0.4533 0.0278
vn 0.8923 -0.4508 0.0251
vn 0.8820 -0.4691 0.0444
vn 0.8805 -0.4716 0.0471
vn -0.8482 0.5226 -0.0859
vn -0.8626 0.5005 -0.0738
vn -0.8646 0.4972 -0.0721
vn -0.8504 0.5194 -0.0841
vn -0.9125 -0.4085 -0.0221
vn -0.9108 -0.4122 -0.0226
vn -0.6928 -0.5394 0.4786
vn -0.5827 -0.5621 0.5870
vn -0.5319 -0.6313 0.5644
vn -0.4708 -0.6334 0.6141
vn -0.4798 -0.6288 0.6119
vn -0.4775 -0.5912 0.6499
vn -0.4407 -0.6382 0.6312
vn -0.4637 -0.5863 0.6642
vn -0.9106 -0.1947 -0.3645
vn -0.9105 -0.1949 -0.3646
vn -0.9177 -0.1797 -0.3544
vn -0.9176 -0.1799 -0.3545
vn -0.8298 -0.0156 -0.5578
vn -0.8304 -0.0144 -0.5570
vn -0.9202 -0.3705 -0.1263
vn -0.9200 -0.3708 -0.1265
vn -0.9335 -0.3423 -0.1073
vn -0.9336 -0.3420 -0.1071
vn -0.6785 0.1727 -0.7140
vn -0.5326 0.3009 -0.7911
vn -0.5218 0.2779 -0.8065
vn -0.6722 0.1592 -0.7230
vn -0.8147 0.0079 -0.5798
vn -0.8144 0.0072 -0.5803
vn -0.8303 -0.0163 -0.5571
vn -0.8309 -0.0150 -0.5562
vn 0.0738 0.6058 -0.7922
vn 0.0737 0.6060 -0.7920
vn 0.0956 0.5594 -0.8234
vn 0.0958 0.5591 -0.8236
vn -0.6720 -0.5418 0.5049
vn -0.6487 -0.5800 0.4928
vn -0.6662 -0.5517 0.5019
vn -0.6885 -0.5124 0.5132
vn -0.9277 -0.3731 -0.0116
vn -0.9393 -0.3414 -0.0346
vn -0.9482 -0.3129 -0.0550
vn -0.9394 -0.3411 -0.0348
vn -0.6164 -0.4866 0.6191
vn -0.7916 -0.4525 0.4105
vn -0.6106 -0.5508 0.5690
vn -0.5180 -0.5831 0.6258
vn -0.4592 -0.5990 0.6560
vn -0.5573 -0.5706 0.6032
vn -0.4831 -0.5672 0.6670
vn -0.5181 -0.5636 0.6434
vn 0.2889 0.6338 0.7175
vn 0.3298 0.6546 0.6802
vn 0.3328 0.6561 0.6773
vn 0.2914 0.6351 0.7153
vn -0.2865 -0.6146 -0.7350
vn -0.2884 -0.6165 -0.7326
vn -0.2569 -0.5839 -0.7701
vn -0.2555 -0.5823 -0.7718
vn -0.8152 0.5641 -0.1310
vn -0.7833 0.6072 -0.1330
vn -0.7821 0.6088 -0.1331
vn -0.8128 0.5676 -0.1312
vn 0.8200 0.0000 0.5724
vn 0.8465 -0.5265 0.0794
vn 0.8474 -0.5251 0.0793
vn 0.8196 -0.5669 0.0827
vn 0.8192 -0.5675 0.0828
vn -0.8200 -0.0000 -0.5724
vn 0.8545 -0.5132 0.0799
vn 0.8561 -0.5111 0.0769
vn 0.8445 -0.5265 0.0981
vn 0.8429 -0.5285 0.1010
vn -0.8070 0.5725 -0.1450
vn -0.8230 0.5529 -0.1306
vn -0.8252 0.5500 -0.1285
vn -0.8094 0.5696 -0.1429
vn -0.9406 -0.3390 0.0183
vn -0.9392 -0.3428 0.0181
vn -0.7294 -0.4314 0.5310
vn -0.6208 -0.4505 0.6416
vn -0.5755 -0.5254 0.6268
vn -0.5144 -0.5267 0.6767
vn -0.5231 -0.5217 0.6739
vn -0.5179 -0.4805 0.7077
vn -0.4848 -0.5319 0.6943
vn -0.5037 -0.4752 0.7215
vn -0.9240 -0.1642 -0.3453
vn -0.9241 -0.1639 -0.3452
vn -0.9300 -0.1474 -0.3368
vn -0.9299 -0.1477 -0.3369
vn -0.8309 -0.0131 -0.5562
vn -0.8314 -0.0118 -0.5556
vn -0.9459 -0.3119 -0.0895
vn -0.9458 -0.3123 -0.0897
vn -0.9569 -0.2809 -0.0737
vn -0.9570 -0.2805 -0.0735
vn -0.5117 0.2533 -0.8210
vn -0.6665 0.1454 -0.7312
vn -0.5027 0.2281 -0.8338
vn -0.6613 0.1306 -0.7387
vn -0.8142 0.0066 -0.5806
vn -0.8139 0.0059 -0.5810
vn -0.8314 -0.0137 -0.5555
vn -0.8319 -0.0124 -0.5548
vn 0.1159 0.5100 -0.8523
vn 0.1158 0.5102 -0.8522
vn 0.1340 0.4589 -0.8783
vn 0.1341 0.4587 -0.8784
vn -0.7036 -0.4431 0.5555
vn -0.7229 -0.4013 0.5625
vn -0.7087 -0.4325 0.5574
vn -0.6884 -0.4734 0.5496
vn -0.9692 -0.2451 -0.0249
vn -0.9624 -0.2715 -0.0018
vn -0.9531 -0.3015 0.0248
vn -0.9624 -0.2718 -0.0016
vn -0.6486 -0.3697 0.6653
vn -0.8217 -0.3451 0.4536
vn -0.5002 -0.4889 0.7147
vn -0.5960 -0.4591 0.6587
vn -0.6479 -0.4392 0.6224
vn -0.5577 -0.4721 0.6827
vn -0.5216 -0.4545 0.7221
vn -0.5563 -0.4508 0.6981
vn 0.3385 0.6838 0.6464
vn 0.3807 0.6973 0.6073
vn 0.3838 0.6982 0.6043
vn 0.3410 0.6846 0.6442
vn -0.3347 -0.6667 -0.6659
vn -0.3367 -0.6683 -0.6633
vn -0.3031 -0.6423 -0.7040
vn -0.3015 -0.6410 -0.7058
vn -0.7712 0.6063 -0.1941
vn -0.7361 0.6464 -0.2007
vn -0.7347 0.6479 -0.2009
vn -0.7685 0.6096 -0.1946
vn 0.7751 -0.6147 0.1465
vn 0.7746 -0.6153 0.1466
vn 0.8049 -0.5769 0.1389
vn 0.8059 -0.5756 0.1386
vn 0.8031 -0.5747 0.1575
vn 0.8013 -0.5763 0.1606
vn 0.8139 -0.5643 0.1380
vn 0.8157 -0.5626 0.1348
vn -0.7624 0.6125 -0.2089
vn -0.7797 0.5958 -0.1926
vn -0.7822 0.5933 -0.1902
vn -0.7650 0.6101 -0.2065
vn -0.7575 -0.3159 0.5713
vn -0.9633 -0.2635 0.0507
vn -0.9622 -0.2675 0.0510
vn -0.6502 -0.3312 0.6838
vn -0.6107 -0.4104 0.6772
vn -0.5497 -0.4109 0.7273
vn -0.5580 -0.4056 0.7239
vn -0.5496 -0.3616 0.7531
vn -0.5205 -0.4164 0.7455
vn -0.5350 -0.3559 0.7663
vn -0.9352 -0.1303 -0.3293
vn -0.9351 -0.1305 -0.3294
vn -0.9397 -0.1128 -0.3228
vn -0.9398 -0.1126 -0.3227
vn -0.8318 -0.0104 -0.5550
vn -0.8318 -0.0105 -0.5550
vn -0.8322 -0.0090 -0.5544
vn -0.9670 -0.2479 -0.0593
vn -0.9669 -0.2483 -0.0594
vn -0.9756 -0.2146 -0.0470
vn -0.9757 -0.2142 -0.0468
vn -0.4946 0.2013 -0.8455
vn -0.6567 0.1156 -0.7452
vn -0.4876 0.1743 -0.8555
vn -0.6526 0.0997 -0.7511
vn -0.8137 0.0052 -0.5813
vn -0.8135 0.0045 -0.5815
vn -0.8323 -0.0109 -0.5542
vn -0.8327 -0.0094 -0.5536
vn 0.1503 0.4054 -0.9017
vn 0.1502 0.4057 -0.9016
vn 0.1645 0.3506 -0.9220
vn 0.1645 0.3503 -0.9221
vn -0.7326 -0.3268 0.5971
vn -0.7487 -0.2832 0.5994
vn -0.7368 -0.3158 0.5978
vn -0.7197 -0.3587 0.5945
vn -0.9849 -0.1730 -0.0023
vn -0.9801 -0.1972 0.0235
vn -0.9729 -0.2248 0.0532
vn -0.9800 -0.1974 0.0237
vn -0.6718 -0.2465 0.6985
vn -0.8434 -0.2319 0.4847
vn -0.5325 -0.3704 0.7610
vn -0.6261 -0.3398 0.7018
vn -0.6764 -0.3200 0.6634
vn -0.5887 -0.3529 0.7272
vn -0.5857 -0.3303 0.7402
vn -0.5512 -0.3339 0.7646
vn 0.4375 0.7283 0.5274
vn 0.3940 0.7223 0.5683
vn 0.3914 0.7219 0.5706
vn 0.4344 0.7280 0.5305
vn -0.3533 -0.6896 -0.6322
vn -0.3516 -0.6887 -0.6341
vn -0.3865 -0.7074 -0.5918
vn -0.3886 -0.7085 -0.5891
vn -0.6849 0.6758 -0.2723
vn -0.7214 0.6410 -0.2621
vn -0.7243 0.6381 -0.2612
vn -0.6864 0.6745 -0.2719
vn 0.7600 -0.6173 0.2033
vn 0.7610 -0.6161 0.2029
vn 0.7274 -0.6517 0.2147
vn 0.7269 -0.6523 0.2149
vn 0.7699 -0.6057 0.2011
vn 0.7717 -0.6044 0.1977
vn 0.7583 -0.6130 0.2216
vn 0.7565 -0.6142 0.2248
vn -0.7151 0.6419 -0.2765
vn -0.7336 0.6284 -0.2586
vn -0.7362 0.6265 -0.2560
vn -0.7179 0.6400 -0.2739
vn -0.9801 -0.1836 0.0749
vn -0.9793 -0.1876 0.0756
vn -0.7768 -0.1951 0.5988
vn -0.6704 -0.2061 0.7128
vn -0.6370 -0.2883 0.7149
vn -0.5761 -0.2881 0.7650
vn -0.5839 -0.2826 0.7610
vn -0.5721 -0.2364 0.7854
vn -0.5472 -0.2938 0.7838
vn -0.5570 -0.2304 0.7979
vn -0.9437 -0.0944 -0.3172
vn -0.9436 -0.0947 -0.3172
vn -0.9468 -0.0761 -0.3126
vn -0.9469 -0.0758 -0.3126
vn -0.8325 -0.0076 -0.5540
vn -0.8327 -0.0061 -0.5536
vn -0.9831 -0.1797 -0.0362
vn -0.9830 -0.1801 -0.0363
vn -0.9891 -0.1447 -0.0276
vn -0.9892 -0.1443 -0.0275
vn -0.6492 0.0838 -0.7560
vn -0.4815 0.1458 -0.8642
vn -0.4766 0.1174 -0.8712
vn -0.6463 0.0671 -0.7601
vn -0.8134 0.0038 -0.5817
vn -0.8132 0.0030 -0.5819
vn -0.8331 -0.0080 -0.5531
vn -0.8333 -0.0064 -0.5527
vn 0.1766 0.2941 -0.9393
vn 0.1766 0.2938 -0.9394
vn 0.1866 0.2363 -0.9536
vn 0.1866 0.2359 -0.9537
vn -0.7526 -0.2050 0.6257
vn -0.7654 -0.1603 0.6233
vn -0.7560 -0.1937 0.6253
vn -0.7421 -0.2378 0.6266
vn -0.9951 -0.0979 0.0123
vn -0.9920 -0.1195 0.0405
vn -0.9868 -0.1442 0.0731
vn -0.9920 -0.1197 0.0408
vn -0.6856 -0.1190 0.7182
vn -0.8564 -0.1146 0.5034
vn -0.5557 -0.2456 0.7943
vn -0.6470 -0.2145 0.7317
vn -0.6958 -0.1953 0.6911
vn -0.6106 -0.2276 0.7585
vn -0.5716 -0.2076 0.7938
vn -0.6058 -0.2040 0.7690
vn 0.4930 0.7459 0.4479
vn 0.4494 0.7476 0.4890
vn 0.4468 0.7476 0.4914
vn 0.4899 0.7461 0.4510
vn -0.4408 -0.7359 -0.5140
vn -0.4430 -0.7365 -0.5112
vn -0.4065 -0.7251 -0.5559
vn -0.4048 -0.7245 -0.5579
vn -0.6755 0.6588 -0.3311
vn -0.6350 0.6910 -0.3455
vn -0.6334 0.6921 -0.3460
vn -0.6724 0.6614 -0.3323
vn 0.6774 -0.6776 0.2864
vn 0.6768 -0.6781 0.2867
vn 0.7123 -0.6472 0.2715
vn 0.7135 -0.6462 0.2710
vn 0.7111 -0.6408 0.2892
vn 0.7092 -0.6415 0.2925
vn 0.7231 -0.6366 0.2681
vn 0.7250 -0.6358 0.2646
vn -0.6882 0.6488 -0.3247
vn -0.6690 0.6589 -0.3439
vn -0.6661 0.6603 -0.3468
vn -0.6855 0.6503 -0.3275
vn -0.7868 -0.0709 0.6132
vn -0.9908 -0.1005 0.0902
vn -0.9903 -0.1044 0.0913
vn -0.6811 -0.0776 0.7280
vn -0.6539 -0.1613 0.7392
vn -0.5929 -0.1603 0.7891
vn -0.6004 -0.1546 0.7846
vn -0.5850 -0.1071 0.8039
vn -0.5645 -0.1660 0.8086
vn -0.5695 -0.1010 0.8158
vn -0.9494 -0.0569 -0.3090
vn -0.9493 -0.0572 -0.3090
vn -0.9511 -0.0378 -0.3065
vn -0.9511 -0.0380 -0.3065
vn -0.8329 -0.0046 -0.5533
vn -0.8331 -0.0031 -0.5531
vn -0.9939 -0.1083 -0.0207
vn -0.9939 -0.1087 -0.0208
vn -0.9973 -0.0722 -0.0159
vn -0.9973 -0.0718 -0.0159
vn -0.4727 0.0879 -0.8768
vn -0.6441 0.0505 -0.7632
vn -0.4700 0.0586 -0.8807
vn -0.6425 0.0334 -0.7655
vn -0.8131 0.0023 -0.5821
vn -0.8131 0.0015 -0.5822
vn -0.8335 -0.0048 -0.5525
vn -0.8337 -0.0032 -0.5522
vn 0.1944 0.1771 -0.9648
vn 0.1943 0.1774 -0.9648
vn 0.1999 0.1178 -0.9727
vn 0.1999 0.1175 -0.9727
vn -0.7633 -0.0796 0.6411
vn -0.7727 -0.0346 0.6338
vn -0.7659 -0.0682 0.6394
vn -0.7553 -0.1128 0.6455
vn -0.9996 -0.0211 0.0187
vn -0.9980 -0.0397 0.0491
vn -0.9946 -0.0612 0.0842
vn -0.9980 -0.0399 0.0494
vn -0.6896 0.0106 0.7241
vn -0.8606 0.0047 0.5093
vn -0.5694 -0.1165 0.8138
vn -0.6583 -0.0856 0.7479
vn -0.7057 -0.0672 0.7053
vn -0.6229 -0.0984 0.7761
vn -0.6163 -0.0743 0.7840
vn -0.5824 -0.0777 0.8092
vn 0.5494 0.7506 0.3672
vn 0.5061 0.7600 0.4077
vn 0.5035 0.7605 0.4100
vn 0.5463 0.7514 0.3702
vn -0.4968 -0.7517 -0.4337
vn -0.4990 -0.7519 -0.4309
vn -0.4620 -0.7481 -0.4764
vn -0.4603 -0.7478 -0.4785
vn -0.6255 0.6682 -0.4027
vn -0.5828 0.6955 -0.4203
vn -0.5811 0.6965 -0.4209
vn -0.6222 0.6705 -0.4041
vn 0.6630 -0.6658 0.3422
vn 0.6643 -0.6649 0.3416
vn 0.6258 -0.6918 0.3603
vn 0.6252 -0.6922 0.3605
vn 0.6623 -0.6576 0.3592
vn 0.6603 -0.6577 0.3625
vn 0.6745 -0.6565 0.3378
vn 0.6764 -0.6563 0.3343
vn -0.6161 0.6673 -0.4184
vn -0.6361 0.6609 -0.3983
vn -0.6389 0.6599 -0.3953
vn -0.6191 0.6664 -0.4154
vn -0.7874 0.0546 0.6140
vn -0.9952 -0.0157 0.0964
vn -0.9950 -0.0195 0.0980
vn -0.6821 0.0524 0.7294
vn -0.6612 -0.0315 0.7496
vn -0.6001 -0.0297 0.7994
vn -0.6071 -0.0240 0.7943
vn -0.5882 0.0240 0.8084
vn -0.5721 -0.0354 0.8194
vn -0.5722 0.0302 0.8196
vn -0.9522 -0.0184 -0.3049
vn -0.9522 -0.0187 -0.3050
vn -0.9525 0.0007 -0.3045
vn -0.9525 0.0010 -0.3045
vn -0.8332 -0.0015 -0.5530
vn -0.8332 -0.0016 -0.5530
vn -0.8332 0.0000 -0.5530
vn -0.9993 -0.0355 -0.0130
vn -0.9993 -0.0351 -0.0130
vn -0.9999 0.0014 -0.0121
vn -0.9999 0.0018 -0.0121
vn -0.6416 0.0164 -0.7668
vn -0.4683 0.0284 -0.8831
vn -0.4678 -0.0013 -0.8838
vn -0.6413 -0.0009 -0.7673
vn -0.8130 0.0007 -0.5822
vn -0.8130 -0.0001 -0.5822
vn -0.8338 -0.0016 -0.5521
vn -0.8338 0.0000 -0.5521
vn 0.2032 0.0574 -0.9775
vn 0.2032 0.0577 -0.9774
vn 0.2042 -0.0026 -0.9789
vn 0.2042 -0.0030 -0.9789
vn -0.7646 0.0472 0.6428
vn -0.7705 0.0917 0.6308
vn -0.7662 0.0585 0.6399
vn -0.7591 0.0141 0.6509
vn -0.9983 0.0560 0.0168
vn -0.9980 0.0407 0.0491
vn -0.9960 0.0230 0.0862
vn -0.9980 0.0406 0.0494
vn -0.6840 0.1400 0.7160
vn -0.8557 0.1238 0.5024
vn -0.7059 0.0620 0.7056
vn -0.6254 0.0325 0.7797
vn -0.5732 0.0146 0.8193
vn -0.6598 0.0448 0.7501
vn -0.5833 0.0535 0.8105
vn -0.6169 0.0568 0.7850
vn 0.5608 0.7602 0.3280
vn 0.6025 0.7437 0.2896
vn 0.6056 0.7423 0.2867
vn 0.5633 0.7593 0.3258
vn -0.5535 -0.7546 -0.3525
vn -0.5557 -0.7542 -0.3497
vn -0.5187 -0.7581 -0.3952
vn -0.5170 -0.7583 -0.3972
vn -0.5290 0.6889 -0.4956
vn -0.5718 0.6679 -0.4763
vn -0.5753 0.6661 -0.4747
vn -0.5307 0.6881 -0.4949
vn 0.6125 -0.6731 0.4145
vn 0.6137 -0.6724 0.4138
vn 0.5736 -0.6941 0.4350
vn 0.5730 -0.6944 0.4353
vn 0.6247 -0.6652 0.4091
vn 0.6266 -0.6655 0.4056
vn 0.6125 -0.6630 0.4304
vn 0.6106 -0.6626 0.4338
vn -0.5660 0.6629 -0.4901
vn -0.5864 0.6601 -0.4695
vn -0.5893 0.6597 -0.4665
vn -0.5691 0.6625 -0.4871
vn -0.7786 0.1791 0.6014
vn -0.9932 0.0695 0.0935
vn -0.9933 0.0658 0.0955
vn -0.6733 0.1814 0.7168
vn -0.6586 0.0988 0.7459
vn -0.5974 0.1014 0.7955
vn -0.6040 0.1070 0.7898
vn -0.5814 0.1547 0.7988
vn -0.5698 0.0958 0.8162
vn -0.5650 0.1609 0.8093
vn -0.9521 0.0204 -0.3050
vn -0.9521 0.0201 -0.3050
vn -0.9510 0.0394 -0.3066
vn -0.9510 0.0397 -0.3067
vn -0.8332 0.0016 -0.5530
vn -0.8331 0.0031 -0.5531
vn -0.9992 0.0388 -0.0132
vn -0.9992 0.0384 -0.0131
vn -0.9970 0.0751 -0.0162
vn -0.9970 0.0755 -0.0162
vn -0.6417 -0.0180 -0.7668
vn -0.4685 -0.0316 -0.8829
vn -0.4702 -0.0611 -0.8805
vn -0.6427 -0.0352 -0.7653
vn -0.8130 -0.0009 -0.5822
vn -0.8131 -0.0017 -0.5821
vn -0.8338 0.0016 -0.5521
vn -0.8337 0.0033 -0.5522
vn 0.2030 -0.0633 -0.9771
vn 0.2030 -0.0630 -0.9772
vn 0.1995 -0.1231 -0.9721
vn 0.1995 -0.1234 -0.9721
vn -0.7563 0.1731 0.6310
vn -0.7589 0.2165 0.6141
vn -0.7571 0.1842 0.6268
vn -0.7532 0.1408 0.6425
vn -0.9912 0.1322 0.0067
vn -0.9919 0.1205 0.0404
vn -0.9911 0.1067 0.0792
vn -0.9919 0.1203 0.0407
vn -0.6687 0.2669 0.6940
vn -0.8420 0.2409 0.4827
vn -0.6964 0.1902 0.6920
vn -0.6180 0.1628 0.7691
vn -0.5672 0.1454 0.8107
vn -0.6516 0.1745 0.7383
vn -0.6077 0.1868 0.7718
vn -0.5743 0.1839 0.7977
vn 0.6607 0.7213 0.2077
vn 0.6200 0.7455 0.2446
vn 0.6175 0.7468 0.2468
vn 0.6578 0.7232 0.2105
vn -0.5757 -0.7552 -0.3136
vn -0.5740 -0.7556 -0.3156
vn -0.6100 -0.7444 -0.2717
vn -0.6121 -0.7436 -0.2689
vn -0.4778 0.6694 -0.5689
vn -0.5221 0.6539 -0.5476
vn -0.5256 0.6526 -0.5458
vn -0.4796 0.6688 -0.5681
vn 0.5620 -0.6687 0.4868
vn 0.5634 -0.6681 0.4861
vn 0.5217 -0.6844 0.5093
vn 0.5211 -0.6846 0.5097
vn 0.5747 -0.6623 0.4807
vn 0.5766 -0.6632 0.4772
vn 0.5628 -0.6570 0.5016
vn 0.5609 -0.6561 0.5049
vn -0.5400 0.6481 -0.5370
vn -0.5198 0.6472 -0.5577
vn -0.5167 0.6470 -0.5607
vn -0.5371 0.6480 -0.5400
vn -0.9848 0.1534 0.0815
vn -0.9851 0.1500 0.0839
vn -0.7605 0.3005 0.5756
vn -0.6549 0.3073 0.6904
vn -0.6464 0.2275 0.7283
vn -0.5849 0.2307 0.7776
vn -0.5911 0.2362 0.7713
vn -0.5650 0.2828 0.7752
vn -0.5577 0.2253 0.7989
vn -0.5481 0.2887 0.7850
vn -0.9491 0.0588 -0.3093
vn -0.9492 0.0586 -0.3093
vn -0.9466 0.0777 -0.3130
vn -0.9466 0.0775 -0.3129
vn -0.8329 0.0046 -0.5533
vn -0.8327 0.0061 -0.5536
vn -0.9935 0.1115 -0.0212
vn -0.9935 0.1119 -0.0213
vn -0.9887 0.1475 -0.0282
vn -0.9886 0.1479 -0.0283
vn -0.4731 -0.0910 -0.8763
vn -0.6443 -0.0520 -0.7630
vn -0.4770 -0.1199 -0.8707
vn -0.6466 -0.0689 -0.7597
vn -0.8132 -0.0024 -0.5820
vn -0.8133 -0.0032 -0.5819
vn -0.8335 0.0048 -0.5524
vn -0.8333 0.0064 -0.5528
vn 0.1937 -0.1829 -0.9639
vn 0.1937 -0.1826 -0.9639
vn 0.1858 -0.2413 -0.9525
vn 0.1857 -0.2417 -0.9524
vn -0.7386 0.2961 0.6057
vn -0.7381 0.3375 0.5843
vn -0.7386 0.3067 0.6003
vn -0.7379 0.2650 0.6206
vn -0.9800 0.1886 0.0633
vn -0.9799 0.1980 0.0236
vn -0.9785 0.2061 -0.0116
vn -0.9799 0.1981 0.0232
vn -0.6440 0.3893 0.6586
vn -0.8196 0.3538 0.4506
vn -0.6774 0.3151 0.6647
vn -0.6009 0.2903 0.7447
vn -0.5514 0.2737 0.7881
vn -0.6337 0.3011 0.7126
vn -0.5557 0.3110 0.7710
vn -0.5889 0.3137 0.7449
vn 0.6728 0.7206 0.1676
vn 0.7110 0.6903 0.1343
vn 0.7138 0.6879 0.1317
vn 0.6751 0.7189 0.1657
vn -0.6651 -0.7214 -0.1926
vn -0.6672 -0.7202 -0.1900
vn -0.6319 -0.7392 -0.2330
vn -0.6303 -0.7400 -0.2350
vn -0.4286 0.6383 -0.6394
vn -0.4738 0.6286 -0.6168
vn -0.4774 0.6277 -0.6148
vn -0.4304 0.6380 -0.6385
vn 0.4710 -0.6629 0.5820
vn 0.4703 -0.6630 0.5824
vn 0.5123 -0.6528 0.5581
vn 0.5137 -0.6524 0.5573
vn 0.5254 -0.6481 0.5513
vn 0.5272 -0.6494 0.5480
vn 0.5140 -0.6397 0.5715
vn 0.5122 -0.6383 0.5747
vn -0.4921 0.6253 -0.6057
vn -0.4720 0.6207 -0.6261
vn -0.4690 0.6199 -0.6291
vn -0.4892 0.6247 -0.6087
vn -0.9702 0.2346 0.0606
vn -0.9708 0.2316 0.0633
vn -0.7335 0.4168 0.5369
vn -0.6272 0.4279 0.6508
vn -0.6245 0.3522 0.6971
vn -0.5628 0.3561 0.7460
vn -0.5686 0.3613 0.7391
vn -0.5390 0.4059 0.7380
vn -0.5360 0.3510 0.7678
vn -0.5217 0.4117 0.7472
vn -0.9433 0.0963 -0.3177
vn -0.9433 0.0960 -0.3176
vn -0.9394 0.1142 -0.3233
vn -0.9393 0.1144 -0.3234
vn -0.8325 0.0076 -0.5540
vn -0.8322 0.0091 -0.5545
vn -0.9824 0.1832 -0.0372
vn -0.9825 0.1828 -0.0371
vn -0.9748 0.2177 -0.0480
vn -0.9749 0.2173 -0.0479
vn -0.4821 -0.1489 -0.8634
vn -0.6495 -0.0852 -0.7556
vn -0.4882 -0.1766 -0.8547
vn -0.6530 -0.1014 -0.7505
vn -0.8134 -0.0039 -0.5817
vn -0.8136 -0.0047 -0.5815
vn -0.8331 0.0080 -0.5531
vn -0.8327 0.0095 -0.5536
vn 0.1755 -0.2994 -0.9379
vn 0.1756 -0.2991 -0.9379
vn 0.1633 -0.3555 -0.9203
vn 0.1632 -0.3558 -0.9202
vn -0.7119 0.4140 0.5674
vn -0.7083 0.4526 0.5417
vn -0.7111 0.4239 0.5609
vn -0.7135 0.3847 0.5856
vn -0.9628 0.2673 0.0387
vn -0.9622 0.2723 -0.0018
vn -0.9603 0.2764 -0.0376
vn -0.9622 0.2724 -0.0022
vn -0.7890 0.4606 0.4067
vn -0.6103 0.5049 0.6104
vn -0.6492 0.4346 0.6243
vn -0.5745 0.4129 0.7068
vn -0.5261 0.3973 0.7519
vn -0.6064 0.4225 0.6736
vn -0.5277 0.4328 0.7309
vn -0.5607 0.4351 0.7045
vn 0.7639 0.6426 0.0600
vn 0.7278 0.6798 0.0902
vn 0.7256 0.6819 0.0920
vn 0.7613 0.6454 0.0622
vn -0.7181 -0.6860 -0.1167
vn -0.7201 -0.6844 -0.1142
vn -0.6865 -0.7104 -0.1548
vn -0.6849 -0.7116 -0.1567
vn -0.3821 0.5963 -0.7060
vn -0.4278 0.5925 -0.6826
vn -0.4315 0.5921 -0.6806
vn -0.3839 0.5962 -0.7051
vn 0.4224 -0.6300 0.6517
vn 0.4217 -0.6300 0.6521
vn 0.4643 -0.6256 0.6270
vn 0.4657 -0.6254 0.6261
vn 0.4669 -0.6113 0.6390
vn 0.4652 -0.6095 0.6420
vn 0.4775 -0.6227 0.6198
vn 0.4792 -0.6245 0.6167
vn -0.4238 0.5822 -0.6939
vn -0.4435 0.5906 -0.6742
vn -0.4463 0.5918 -0.6713
vn -0.4267 0.5835 -0.6910
vn -0.6980 0.5258 0.4861
vn -0.9496 0.3119 0.0311
vn -0.9504 0.3091 0.0341
vn -0.5907 0.5411 0.5986
vn -0.5936 0.4708 0.6527
vn -0.5315 0.4754 0.7011
vn -0.5369 0.4802 0.6937
vn -0.5041 0.5221 0.6880
vn -0.5051 0.4706 0.7235
vn -0.4863 0.5275 0.6966
vn -0.9347 0.1320 -0.3300
vn -0.9348 0.1318 -0.3299
vn -0.9294 0.1491 -0.3376
vn -0.9295 0.1489 -0.3375
vn -0.8318 0.0105 -0.5550
vn -0.8314 0.0118 -0.5556
vn -0.9660 0.2512 -0.0606
vn -0.9661 0.2509 -0.0605
vn -0.9560 0.2837 -0.0750
vn -0.9561 0.2834 -0.0749
vn -0.4954 -0.2041 -0.8443
vn -0.6571 -0.1169 -0.7447
vn -0.5035 -0.2302 -0.8328
vn -0.6618 -0.1322 -0.7379
vn -0.8138 -0.0054 -0.5812
vn -0.8140 -0.0061 -0.5809
vn -0.8323 0.0109 -0.5542
vn -0.8319 0.0124 -0.5548
vn 0.1488 -0.4107 -0.8996
vn 0.1489 -0.4104 -0.8997
vn 0.1325 -0.4635 -0.8761
vn 0.1324 -0.4638 -0.8760
vn -0.6751 0.5338 0.5093
vn -0.6803 0.4978 0.5380
vn -0.6765 0.5247 0.5167
vn -0.6702 0.5600 0.4871
vn -0.9370 0.3420 -0.0710
vn -0.9391 0.3419 -0.0353
vn -0.9399 0.3413 0.0059
vn -0.9391 0.3419 -0.0349
vn -0.5682 0.6119 0.5502
vn -0.7506 0.5594 0.3517
vn -0.4918 0.5141 0.7027
vn -0.5703 0.5367 0.6219
vn -0.6122 0.5465 0.5714
vn -0.5390 0.5283 0.6560
vn -0.5236 0.5491 0.6514
vn -0.4908 0.5471 0.6781
vn 0.7750 0.6316 0.0212
vn 0.8078 0.5895 -0.0044
vn 0.8101 0.5862 -0.0063
vn 0.7771 0.6291 0.0197
vn -0.7384 -0.6695 -0.0804
vn -0.7370 -0.6709 -0.0821
vn -0.7680 -0.6388 -0.0453
vn -0.7699 -0.6368 -0.0430
vn -0.3392 0.5440 -0.7675
vn -0.3849 0.5461 -0.7440
vn -0.3886 0.5463 -0.7420
vn -0.3410 0.5441 -0.7666
vn 0.3765 -0.5862 0.7173
vn 0.3759 -0.5862 0.7177
vn 0.4184 -0.5877 0.6925
vn 0.4198 -0.5877 0.6916
vn 0.4320 -0.5866 0.6851
vn 0.4335 -0.5888 0.6822
vn 0.4223 -0.5724 0.7028
vn 0.4208 -0.5702 0.7056
vn -0.4033 0.5480 -0.7328
vn -0.3846 0.5362 -0.7514
vn -0.3817 0.5344 -0.7541
vn -0.4006 0.5464 -0.7355
vn -0.6547 0.6258 0.4240
vn -0.9234 0.3837 -0.0064
vn -0.9244 0.3814 -0.0031
vn -0.5461 0.6450 0.5346
vn -0.5539 0.5814 0.5960
vn -0.4915 0.5864 0.6439
vn -0.4966 0.5908 0.6359
vn -0.4607 0.6293 0.6259
vn -0.4655 0.5821 0.6667
vn -0.4426 0.6342 0.6340
vn -0.9235 0.1655 -0.3460
vn -0.9236 0.1653 -0.3459
vn -0.9171 0.1811 -0.3553
vn -0.9170 0.1813 -0.3554
vn -0.8309 0.0132 -0.5563
vn -0.8309 0.0131 -0.5562
vn -0.8304 0.0144 -0.5570
vn -0.9447 0.3150 -0.0912
vn -0.9448 0.3146 -0.0910
vn -0.9324 0.3446 -0.1088
vn -0.9323 0.3449 -0.1090
vn -0.5127 -0.2559 -0.8195
vn -0.6670 -0.1466 -0.7305
vn -0.5227 -0.2799 -0.8053
vn -0.6728 -0.1607 -0.7221
vn -0.8142 -0.0068 -0.5805
vn -0.8145 -0.0074 -0.5801
vn -0.8314 0.0137 -0.5555
vn -0.8309 0.0151 -0.5563
vn 0.1140 -0.5149 -0.8497
vn 0.1141 -0.5146 -0.8498
vn 0.0938 -0.5635 -0.8208
vn 0.0937 -0.5638 -0.8206
vn -0.6311 0.6345 0.4463
vn -0.6388 0.6023 0.4787
vn -0.6332 0.6264 0.4547
vn -0.6244 0.6577 0.4214
vn -0.9090 0.4017 -0.1111
vn -0.9109 0.4056 -0.0756
vn -0.9117 0.4095 -0.0346
vn -0.9109 0.4056 -0.0753
vn -0.5185 0.7083 0.4790
vn -0.7051 0.6487 0.2866
vn -0.5672 0.6491 0.5069
vn -0.4953 0.6346 0.5933
vn -0.4490 0.6220 0.6415
vn -0.5259 0.6416 0.5583
vn -0.4457 0.6520 0.6134
vn -0.4784 0.6535 0.5865
vn 0.8203 0.5703 -0.0436
vn 0.8497 0.5234 -0.0644
vn 0.8518 0.5198 -0.0659
vn 0.8221 0.5676 -0.0449
vn -0.8139 -0.5806 0.0205
vn -0.8156 -0.5782 0.0225
vn -0.7869 -0.6170 -0.0110
vn -0.7855 -0.6187 -0.0126
vn -0.3496 0.4910 -0.7979
vn -0.3023 0.4827 -0.8220
vn -0.3005 0.4823 -0.8228
vn -0.3459 0.4904 -0.7999
vn 0.3760 -0.5396 0.7533
vn 0.3774 -0.5398 0.7524
vn 0.3345 -0.5324 0.7776
vn 0.3338 -0.5323 0.7780
vn 0.3811 -0.5237 0.7619
vn 0.3797 -0.5210 0.7644
vn 0.3896 -0.5403 0.7458
vn 0.3909 -0.5430 0.7432
vn -0.3641 0.4949 -0.7890
vn -0.3463 0.4797 -0.8062
vn -0.3436 0.4775 -0.8087
vn -0.3615 0.4927 -0.7915
vn -0.8921 0.4490 -0.0513
vn -0.8932 0.4471 -0.0478
vn -0.6042 0.7150 0.3517
vn -0.4940 0.7378 0.4600
vn -0.5064 0.6819 0.5278
vn -0.4436 0.6873 0.5752
vn -0.4483 0.6912 0.5668
vn -0.4097 0.7256 0.5528
vn -0.4178 0.6836 0.5985
vn -0.3912 0.7300 0.5604
vn -0.9099 0.1962 -0.3655
vn -0.9100 0.1960 -0.3654
vn -0.9022 0.2103 -0.3765
vn -0.9023 0.2101 -0.3763
vn -0.8298 0.0156 -0.5578
vn -0.8292 0.0167 -0.5587
vn -0.9188 0.3733 -0.1283
vn -0.9189 0.3730 -0.1281
vn -0.9044 0.3998 -0.1489
vn -0.9042 0.4001 -0.1491
vn -0.5338 -0.3033 -0.7894
vn -0.6791 -0.1738 -0.7132
vn -0.6859 -0.1864 -0.7034
vn -0.5454 -0.3248 -0.7727
vn -0.8148 -0.0080 -0.5797
vn -0.8151 -0.0086 -0.5793
vn -0.8303 0.0163 -0.5571
vn -0.8296 0.0175 -0.5580
vn 0.0716 -0.6102 -0.7890
vn 0.0717 -0.6100 -0.7892
vn 0.0480 -0.6538 -0.7551
vn 0.0478 -0.6541 -0.7549
vn -0.5826 0.7173 0.3822
vn -0.5716 0.7441 0.3458
vn -0.5799 0.7243 0.3730
vn -0.5899 0.6964 0.4086
vn -0.8768 0.4545 -0.1572
vn -0.8782 0.4623 -0.1224
vn -0.8785 0.4706 -0.0820
vn -0.8782 0.4624 -0.1221
vn -0.4620 0.7925 0.3980
vn -0.6533 0.7267 0.2124
vn -0.5149 0.7405 0.4320
vn -0.4439 0.7300 0.5197
vn -0.3985 0.7192 0.5691
vn -0.4741 0.7355 0.4841
vn -0.3930 0.7457 0.5380
vn -0.4257 0.7468 0.5110
vn 0.8606 0.4992 -0.1013
vn 0.8862 0.4483 -0.1168
vn 0.8881 0.4444 -0.1179
vn 0.8622 0.4962 -0.1022
vn -0.8310 -0.5539 0.0521
vn -0.8297 -0.5558 0.0508
vn -0.8551 -0.5124 0.0794
vn -0.8566 -0.5096 0.0812
vn -0.3150 0.4273 -0.8475
vn -0.2686 0.4129 -0.8703
vn -0.2669 0.4123 -0.8711
vn -0.3114 0.4262 -0.8493
vn 0.3375 -0.4823 0.8084
vn 0.3389 -0.4827 0.8076
vn 0.2967 -0.4694 0.8317
vn 0.2960 -0.4692 0.8320
vn -0.8199 -0.0001 -0.5725
vn 0.3510 -0.4848 0.8011
vn 0.3521 -0.4878 0.7988
vn 0.3438 -0.4659 0.8153
vn 0.3427 -0.4629 0.8175
vn -0.3101 0.4123 -0.8566
vn -0.3268 0.4306 -0.8413
vn -0.3291 0.4332 -0.8391
vn -0.3126 0.4150 -0.8544
vn -0.8561 0.5065 -0.1028
vn -0.8574 0.5051 -0.0991
vn -0.5475 0.7919 0.2704
vn -0.4354 0.8179 0.3761
vn -0.4517 0.7707 0.4495
vn -0.3885 0.7764 0.4962
vn -0.3929 0.7797 0.4875
vn -0.3519 0.8095 0.4700
vn -0.3630 0.7733 0.5199
vn -0.3331 0.8132 0.4772
vn -0.8941 0.2235 -0.3882
vn -0.8942 0.2233 -0.3880
vn -0.8855 0.2357 -0.4005
vn -0.8856 0.2355 -0.4004
vn -0.8286 0.0178 -0.5596
vn -0.8279 0.0187 -0.5606
vn -0.8279 0.0188 -0.5606
vn -0.8887 0.4252 -0.1714
vn -0.8889 0.4249 -0.1711
vn -0.8725 0.4482 -0.1946
vn -0.8723 0.4485 -0.1949
vn -0.5582 -0.3454 -0.7544
vn -0.6931 -0.1980 -0.6931
vn -0.5714 -0.3641 -0.7355
vn -0.7008 -0.2089 -0.6821
vn -0.8154 -0.0091 -0.5788
vn -0.8158 -0.0096 -0.5783
vn -0.8290 0.0186 -0.5590
vn -0.8282 0.0196 -0.5600
vn 0.0226 -0.6949 -0.7188
vn 0.0225 -0.6951 -0.7186
vn -0.0044 -0.7331 -0.6801
vn -0.0042 -0.7329 -0.6803
vn 0.7654 0.0786 -0.6387
vn 0.7724 0.0449 -0.6335
vn 0.7628 0.0900 -0.6403
vn 0.7546 0.1232 -0.6445
vn 0.9995 0.0275 -0.0185
vn 0.9977 0.0465 -0.0491
vn 0.9942 0.0680 -0.0836
vn 0.9977 0.0463 -0.0487
vn 0.8606 0.0052 -0.5093
vn 0.6897 0.0001 -0.7241
vn 0.6705 0.0463 -0.7404
vn 0.5686 0.1273 -0.8127
vn 0.6222 0.1091 -0.7752
vn 0.7053 0.0778 -0.7046
vn 0.6577 0.0963 -0.7471
vn 0.6158 0.0850 -0.7833
vn 0.5818 0.0885 -0.8085
vn -0.5447 -0.7507 -0.3738
vn -0.5416 -0.7514 -0.3769
vn -0.4988 -0.7599 -0.4168
vn -0.5014 -0.7595 -0.4145
vn 0.4574 0.7467 0.4830
vn 0.4944 0.7511 0.4375
vn 0.4922 0.7509 0.4404
vn 0.4556 0.7464 0.4851
vn 0.6297 -0.6679 0.3968
vn 0.6264 -0.6702 0.3982
vn 0.5854 -0.6966 0.4148
vn 0.5871 -0.6956 0.4141
vn -0.6301 0.6911 -0.3542
vn -0.6683 0.6638 -0.3358
vn -0.6670 0.6647 -0.3364
vn -0.6295 0.6915 -0.3544
vn -0.6785 0.6553 -0.3320
vn -0.6643 0.6568 -0.3567
vn -0.6663 0.6566 -0.3534
vn -0.6804 0.6551 -0.3285
vn 0.6430 -0.6594 0.3895
vn 0.6402 -0.6604 0.3924
vn 0.6203 -0.6672 0.4125
vn 0.6232 -0.6662 0.4095
vn 0.9951 0.0227 -0.0963
vn 0.7877 -0.0443 -0.6145
vn 0.9949 0.0265 -0.0978
vn 0.6824 -0.0417 -0.7298
vn 0.6610 0.0422 -0.7492
vn 0.5999 0.0405 -0.7991
vn 0.6069 0.0348 -0.7940
vn 0.5883 -0.0132 -0.8086
vn 0.9823 0.0301 0.1847
vn 0.9817 0.0438 0.1852
vn 0.9823 0.0305 0.1847
vn 0.9830 0.0031 0.1838
vn 0.9830 0.0034 0.1838
vn 0.8831 0.0129 0.4690
vn 0.8832 0.0090 0.4689
vn 0.8832 0.0089 0.4689
vn 0.8834 0.0011 0.4686
vn 0.8834 0.0010 0.4686
vn 0.9990 0.0416 0.0133
vn 0.9991 0.0411 0.0133
vn 0.9981 0.0597 0.0141
vn 0.9999 0.0042 0.0121
vn 0.9999 0.0046 0.0121
vn 0.4685 -0.0333 0.8828
vn 0.4689 -0.0485 0.8819
vn 0.5922 -0.0343 0.8050
vn 0.5935 -0.0235 0.8045
vn 0.4678 -0.0037 0.8838
vn 0.5930 -0.0024 0.8052
vn 0.7735 -0.0082 0.6338
vn 0.7742 -0.0056 0.6329
vn 0.7741 -0.0005 0.6331
vn 0.8337 0.0026 0.5521
vn 0.8338 0.0019 0.5521
vn 0.8338 0.0003 0.5521
vn -0.2028 -0.0673 0.9769
vn -0.2017 -0.0976 0.9746
vn -0.2028 -0.0676 0.9769
vn -0.2042 -0.0073 0.9789
vn -0.2042 -0.0070 0.9789
vn 0.7648 -0.0367 -0.6432
vn 0.7591 -0.0036 -0.6510
vn 0.7666 -0.0481 -0.6404
vn 0.7711 -0.0814 -0.6315
vn 0.9986 -0.0497 -0.0173
vn 0.9982 -0.0339 -0.0497
vn 0.9961 -0.0161 -0.0864
vn 0.9982 -0.0341 -0.0494
vn 0.6848 -0.1294 -0.7171
vn 0.8565 -0.1141 -0.5034
vn 0.5733 -0.0038 -0.8194
vn 0.6255 -0.0217 -0.7799
vn 0.7063 -0.0514 -0.7061
vn 0.6601 -0.0341 -0.7504
vn 0.6172 -0.0460 -0.7854
vn 0.5836 -0.0428 -0.8109
vn -0.6010 -0.7435 -0.2932
vn -0.5979 -0.7448 -0.2962
vn -0.5561 -0.7607 -0.3348
vn -0.5586 -0.7598 -0.3325
vn 0.5140 0.7578 0.4019
vn 0.5511 0.7545 0.3564
vn 0.5488 0.7548 0.3592
vn 0.5123 0.7579 0.4040
vn 0.5794 -0.6667 0.4688
vn 0.5760 -0.6686 0.4704
vn 0.5332 -0.6899 0.4895
vn 0.5349 -0.6891 0.4888
vn -0.5779 0.6943 -0.4289
vn -0.6180 0.6721 -0.4078
vn -0.6167 0.6729 -0.4085
vn -0.5773 0.6947 -0.4292
vn -0.6166 0.6630 -0.4246
vn -0.6307 0.6651 -0.3997
vn -0.6288 0.6649 -0.4032
vn -0.6147 0.6626 -0.4279
vn 0.5933 -0.6601 0.4606
vn 0.5905 -0.6606 0.4636
vn 0.5701 -0.6637 0.4842
vn 0.5732 -0.6633 0.4812
vn 0.9936 -0.0588 -0.0960
vn 0.9936 -0.0625 -0.0941
vn 0.7797 -0.1689 -0.6030
vn 0.6744 -0.1709 -0.7184
vn 0.6592 -0.0881 -0.7468
vn 0.5980 -0.0907 -0.7964
vn 0.6046 -0.0963 -0.7907
vn 0.5823 -0.1441 -0.8001
vn 0.8201 0.0000 0.5723
vn 0.8200 0.0000 0.5723
vn 0.8201 -0.0000 0.5722
vn 0.9826 -0.0236 0.1843
vn 0.9826 -0.0239 0.1843
vn 0.9812 -0.0509 0.1864
vn 0.9812 -0.0506 0.1863
vn 0.8833 -0.0069 0.4687
vn 0.8833 -0.0070 0.4687
vn 0.8829 -0.0150 0.4693
vn 0.8829 -0.0149 0.4693
vn 0.9994 -0.0323 0.0128
vn 0.9994 -0.0327 0.0129
vn 0.9975 -0.0691 0.0156
vn 0.9975 -0.0695 0.0156
vn 0.5933 0.0186 0.8047
vn 0.4683 0.0267 0.8832
vn 0.5944 0.0396 0.8032
vn 0.4698 0.0562 0.8810
vn 0.7742 0.0044 0.6330
vn 0.7744 0.0095 0.6326
vn 0.8338 -0.0014 0.5521
vn 0.8337 -0.0030 0.5522
vn -0.2033 0.0531 0.9777
vn -0.2033 0.0534 0.9777
vn -0.2002 0.1135 0.9732
vn -0.2002 0.1132 0.9732
vn 0.7573 -0.1628 -0.6324
vn 0.7541 -0.1304 -0.6437
vn 0.7582 -0.1739 -0.6284
vn 0.7602 -0.2063 -0.6160
vn 0.9918 -0.0999 -0.0801
vn 0.9926 -0.1140 -0.0414
vn 0.9920 -0.1260 -0.0078
vn 0.9926 -0.1138 -0.0418
vn 0.6703 -0.2566 -0.6963
vn 0.8435 -0.2314 -0.4848
vn 0.5680 -0.1347 -0.8119
vn 0.6190 -0.1522 -0.7705
vn 0.6976 -0.1798 -0.6936
vn 0.6526 -0.1639 -0.7398
vn 0.6089 -0.1762 -0.7735
vn 0.5754 -0.1732 -0.7993
vn -0.6129 -0.7484 -0.2534
vn -0.6154 -0.7471 -0.2513
vn -0.6562 -0.7235 -0.2141
vn -0.6533 -0.7254 -0.2169
vn 0.5710 0.7559 0.3203
vn 0.6075 0.7450 0.2755
vn 0.6054 0.7457 0.2783
vn 0.5693 0.7563 0.3223
vn 0.4820 -0.6714 0.5629
vn 0.4837 -0.6708 0.5621
vn 0.5297 -0.6541 0.5400
vn 0.5261 -0.6555 0.5418
vn -0.5661 0.6695 -0.4809
vn -0.5253 0.6859 -0.5036
vn -0.5260 0.6856 -0.5033
vn -0.5675 0.6689 -0.4802
vn -0.5669 0.6579 -0.4958
vn -0.5807 0.6638 -0.4714
vn -0.5788 0.6630 -0.4748
vn -0.5650 0.6571 -0.4991
vn 0.5440 -0.6495 0.5313
vn 0.5411 -0.6494 0.5343
vn 0.5207 -0.6487 0.5550
vn 0.5238 -0.6488 0.5520
vn 0.9857 -0.1465 -0.0829
vn 0.7624 -0.2907 -0.5782
vn 0.9860 -0.1431 -0.0852
vn 0.6567 -0.2971 -0.6931
vn 0.6477 -0.2170 -0.7303
vn 0.5863 -0.2202 -0.7796
vn 0.5925 -0.2257 -0.7733
vn 0.5667 -0.2724 -0.7776
vn 0.8201 -0.0001 0.5722
vn 0.8202 -0.0001 0.5721
vn 0.9788 -0.0773 0.1898
vn 0.9787 -0.0776 0.1898
vn 0.9754 -0.1037 0.1946
vn 0.9753 -0.1040 0.1947
vn 0.8822 -0.0228 0.4704
vn 0.8822 -0.0227 0.4703
vn 0.8812 -0.0306 0.4718
vn 0.8812 -0.0305 0.4718
vn 0.9942 -0.1055 0.0203
vn 0.9942 -0.1059 0.0203
vn 0.9895 -0.1420 0.0270
vn 0.9896 -0.1416 0.0269
vn 0.4725 0.0862 0.8771
vn 0.5963 0.0603 0.8005
vn 0.5990 0.0810 0.7967
vn 0.4763 0.1151 0.8717
vn 0.7749 0.0143 0.6319
vn 0.7755 0.0193 0.6310
vn 0.8336 -0.0046 0.5524
vn 0.8334 -0.0062 0.5527
vn -0.1948 0.1728 0.9655
vn -0.1948 0.1732 0.9654
vn -0.1872 0.2320 0.9545
vn -0.1872 0.2317 0.9546
vn 0.7405 -0.2968 -0.6030
vn 0.7401 -0.3277 -0.5872
vn 0.7404 -0.2861 -0.6082
vn 0.7396 -0.2550 -0.6229
vn 0.9797 -0.2001 0.0098
vn 0.9811 -0.1918 -0.0253
vn 0.9812 -0.1820 -0.0649
vn 0.9811 -0.1918 -0.0249
vn 0.6463 -0.3794 -0.6620
vn 0.8218 -0.3447 -0.4537
vn 0.5531 -0.2633 -0.7904
vn 0.6027 -0.2800 -0.7472
vn 0.6793 -0.3050 -0.6675
vn 0.6355 -0.2908 -0.7152
vn 0.5908 -0.3034 -0.7476
vn 0.5576 -0.3007 -0.7737
vn -0.6683 -0.7232 -0.1740
vn -0.6707 -0.7215 -0.1721
vn -0.7095 -0.6911 -0.1378
vn -0.7067 -0.6934 -0.1404
vn 0.6607 0.7238 0.1990
vn 0.6257 0.7418 0.2415
vn 0.6273 0.7410 0.2396
vn 0.6628 0.7226 0.1964
vn 0.4813 -0.6302 0.6093
vn 0.4777 -0.6311 0.6112
vn 0.4326 -0.6413 0.6337
vn 0.4344 -0.6409 0.6329
vn -0.5162 0.6545 -0.5524
vn -0.4744 0.6653 -0.5765
vn -0.4751 0.6651 -0.5761
vn -0.5176 0.6541 -0.5515
vn -0.5294 0.6497 -0.5456
vn -0.5161 0.6402 -0.5690
vn -0.5180 0.6415 -0.5658
vn -0.5312 0.6510 -0.5423
vn 0.4960 -0.6276 0.6001
vn 0.4931 -0.6270 0.6031
vn 0.4729 -0.6226 0.6236
vn 0.4759 -0.6232 0.6206
vn 0.9722 -0.2250 -0.0653
vn 0.9716 -0.2281 -0.0626
vn 0.7361 -0.4074 -0.5405
vn 0.6298 -0.4182 -0.6546
vn 0.6267 -0.3421 -0.7002
vn 0.5650 -0.3460 -0.7491
vn 0.5415 -0.3960 -0.7416
vn 0.5708 -0.3512 -0.7422
vn 0.5382 -0.3408 -0.7709
vn 0.8202 -0.0002 0.5720
vn 0.8203 -0.0002 0.5720
vn 0.9710 -0.1296 0.2009
vn 0.9709 -0.1299 0.2010
vn 0.9656 -0.1550 0.2086
vn 0.9656 -0.1553 0.2087
vn 0.8799 -0.0382 0.4736
vn 0.8799 -0.0383 0.4737
vn 0.8783 -0.0457 0.4759
vn 0.8783 -0.0458 0.4759
vn 0.9836 -0.1770 0.0355
vn 0.9835 -0.1774 0.0356
vn 0.9762 -0.2121 0.0461
vn 0.9763 -0.2117 0.0460
vn 0.6024 0.1011 0.7918
vn 0.4812 0.1442 0.8647
vn 0.4871 0.1720 0.8563
vn 0.6066 0.1209 0.7858
vn 0.7763 0.0239 0.6299
vn 0.7773 0.0287 0.6284
vn 0.8331 -0.0077 0.5531
vn 0.8328 -0.0092 0.5535
vn -0.1774 0.2896 0.9405
vn -0.1774 0.2899 0.9405
vn -0.1654 0.3466 0.9233
vn -0.1655 0.3463 0.9234
vn 0.7144 -0.4045 -0.5710
vn 0.7158 -0.3751 -0.5890
vn 0.7137 -0.4145 -0.5647
vn 0.7111 -0.4434 -0.5456
vn 0.9645 -0.2610 -0.0411
vn 0.9639 -0.2664 -0.0002
vn 0.9620 -0.2708 0.0352
vn 0.9639 -0.2664 -0.0006
vn 0.7918 -0.4521 -0.4108
vn 0.6134 -0.4957 -0.6148
vn 0.6518 -0.4250 -0.6281
vn 0.6090 -0.4128 -0.6773
vn 0.5286 -0.3874 -0.7553
vn 0.5770 -0.4030 -0.7104
vn 0.5634 -0.4254 -0.7083
vn 0.5303 -0.4230 -0.7347
vn -0.7214 -0.6856 -0.0981
vn -0.7236 -0.6835 -0.0963
vn -0.7599 -0.6468 -0.0657
vn -0.7573 -0.6496 -0.0680
vn 0.6821 0.7133 0.1611
vn 0.7159 0.6878 0.1203
vn 0.7139 0.6894 0.1228
vn 0.6805 0.7144 0.1630
vn 0.4352 -0.5954 0.6753
vn 0.4315 -0.5958 0.6773
vn 0.3858 -0.6002 0.7007
vn 0.3876 -0.6000 0.6998
vn -0.4263 0.6331 -0.6461
vn -0.4694 0.6281 -0.6206
vn -0.4680 0.6283 -0.6215
vn -0.4256 0.6332 -0.6465
vn -0.4707 0.6141 -0.6335
vn -0.4831 0.6270 -0.6112
vn -0.4814 0.6252 -0.6143
vn -0.4690 0.6123 -0.6365
vn 0.4499 -0.5949 0.6661
vn 0.4471 -0.5938 0.6689
vn 0.4274 -0.5857 0.6887
vn 0.4303 -0.5869 0.6858
vn 0.9515 -0.3057 -0.0339
vn 0.7013 -0.5172 -0.4907
vn 0.9523 -0.3029 -0.0368
vn 0.5940 -0.5321 -0.6033
vn 0.5964 -0.4613 -0.6568
vn 0.5344 -0.4658 -0.7053
vn 0.5398 -0.4707 -0.6979
vn 0.5073 -0.5129 -0.6926
vn 0.8203 -0.0003 0.5719
vn 0.8203 -0.0003 0.5720
vn 0.8203 -0.0004 0.5719
vn 0.9593 -0.1797 0.2176
vn 0.9593 -0.1800 0.2177
vn 0.9521 -0.2037 0.2279
vn 0.9520 -0.2040 0.2281
vn 0.8765 -0.0530 0.4785
vn 0.8764 -0.0531 0.4786
vn 0.8743 -0.0600 0.4816
vn 0.8743 -0.0601 0.4816
vn 0.9677 -0.2454 0.0583
vn 0.9676 -0.2458 0.0584
vn 0.9577 -0.2785 0.0726
vn 0.9578 -0.2781 0.0724
vn 0.6115 0.1401 0.7788
vn 0.4942 0.1997 0.8461
vn 0.6171 0.1588 0.7707
vn 0.5021 0.2260 0.8348
vn 0.7785 0.0332 0.6268
vn 0.7798 0.0377 0.6249
vn 0.8324 -0.0107 0.5541
vn 0.8320 -0.0121 0.5547
vn -0.1513 0.4017 0.9032
vn -0.1514 0.4015 0.9033
vn -0.1352 0.4552 0.8801
vn -0.1353 0.4549 0.8802
vn 0.6783 -0.5251 -0.5140
vn 0.6736 -0.5515 -0.4920
vn 0.6797 -0.5159 -0.5214
vn 0.6833 -0.4888 -0.5424
vn 0.9420 -0.3354 -0.0089
vn 0.9412 -0.3364 0.0323
vn 0.9391 -0.3368 0.0679
vn 0.9412 -0.3364 0.0319
vn 0.5720 -0.6035 -0.5556
vn 0.7540 -0.5516 -0.3566
vn 0.6156 -0.5376 -0.5762
vn 0.5736 -0.5276 -0.6266
vn 0.4950 -0.5048 -0.7072
vn 0.5423 -0.5191 -0.6607
vn 0.5270 -0.5400 -0.6562
vn 0.4942 -0.5380 -0.6829
vn -0.8065 -0.5913 0.0011
vn -0.8041 -0.5945 -0.0009
vn -0.7711 -0.6361 -0.0268
vn -0.7731 -0.6337 -0.0253
vn 0.7640 0.6431 0.0510
vn 0.7328 0.6747 0.0881
vn 0.7343 0.6733 0.0864
vn 0.7659 0.6411 0.0486
vn 0.3920 -0.5504 0.7371
vn 0.3883 -0.5503 0.7392
vn 0.3426 -0.5487 0.7626
vn 0.3444 -0.5488 0.7617
vn -0.4220 0.5912 -0.6873
vn -0.3795 0.5902 -0.7125
vn -0.3802 0.5902 -0.7121
vn -0.4234 0.5912 -0.6864
vn -0.4356 0.5899 -0.6799
vn -0.4243 0.5738 -0.7005
vn -0.4259 0.5760 -0.6977
vn -0.4372 0.5921 -0.6769
vn 0.4067 -0.5520 0.7279
vn 0.4040 -0.5504 0.7306
vn 0.3850 -0.5387 0.7493
vn 0.3879 -0.5405 0.7466
vn 0.9258 -0.3780 0.0030
vn 0.6585 -0.6180 -0.4295
vn 0.9267 -0.3757 -0.0002
vn 0.5500 -0.6369 -0.5403
vn 0.5575 -0.5726 -0.6011
vn 0.4951 -0.5776 -0.6490
vn 0.5002 -0.5820 -0.6411
vn 0.4646 -0.6209 -0.6314
vn 0.8203 -0.0005 0.5719
vn 0.8204 -0.0006 0.5719
vn 0.8204 -0.0006 0.5718
vn 0.8204 -0.0005 0.5719
vn 0.9439 -0.2270 0.2397
vn 0.9440 -0.2267 0.2395
vn 0.9351 -0.2488 0.2523
vn 0.9350 -0.2491 0.2525
vn 0.8720 -0.0668 0.4850
vn 0.8719 -0.0669 0.4851
vn 0.8693 -0.0733 0.4888
vn 0.8693 -0.0734 0.4888
vn 0.9466 -0.3099 0.0884
vn 0.9468 -0.3096 0.0882
vn 0.9346 -0.3397 0.1057
vn 0.9344 -0.3401 0.1059
vn 0.6234 0.1766 0.7617
vn 0.5111 0.2518 0.8218
vn 0.5210 0.2760 0.8077
vn 0.6304 0.1939 0.7517
vn 0.7813 0.0418 0.6228
vn 0.7830 0.0460 0.6204
vn 0.8315 -0.0135 0.5554
vn 0.8310 -0.0149 0.5561
vn -0.1172 0.5063 0.8543
vn -0.1171 0.5066 0.8542
vn -0.0972 0.5559 0.8256
vn -0.0973 0.5556 0.8257
vn 0.6350 -0.6266 -0.4519
vn 0.6284 -0.6501 -0.4272
vn 0.6370 -0.6184 -0.4602
vn 0.6425 -0.5941 -0.4840
vn 0.9115 -0.3970 0.1075
vn 0.9134 -0.4007 0.0717
vn 0.9142 -0.4041 0.0310
vn 0.9134 -0.4006 0.0720
vn 0.5229 -0.7008 -0.4852
vn 0.7091 -0.6417 -0.2923
vn 0.4529 -0.6135 -0.6469
vn 0.4992 -0.6262 -0.5989
vn 0.5712 -0.6410 -0.5126
vn 0.5299 -0.6334 -0.5640
vn 0.4824 -0.6453 -0.5923
vn 0.4497 -0.6438 -0.6192
vn -0.8485 -0.5256 0.0613
vn -0.8464 -0.5292 0.0597
vn -0.8167 -0.5757 0.0386
vn -0.8186 -0.5730 0.0398
vn 0.7831 0.6217 0.0165
vn 0.8120 0.5834 -0.0174
vn 0.8103 0.5858 -0.0153
vn 0.7817 0.6234 0.0181
vn 0.3526 -0.4959 0.7936
vn 0.3490 -0.4953 0.7955
vn 0.3035 -0.4877 0.8185
vn 0.3053 -0.4880 0.8177
vn -0.3794 0.5439 -0.7485
vn -0.3371 0.5371 -0.7733
vn -0.3378 0.5372 -0.7729
vn -0.3808 0.5442 -0.7476
vn -0.3929 0.5445 -0.7410
vn -0.3830 0.5254 -0.7598
vn -0.3843 0.5281 -0.7573
vn -0.3943 0.5471 -0.7384
vn 0.3466 -0.4825 0.8044
vn 0.3493 -0.4847 0.8019
vn 0.3672 -0.4996 0.7846
vn 0.3646 -0.4975 0.7872
vn 0.8960 -0.4420 0.0438
vn 0.8948 -0.4439 0.0473
vn 0.6086 -0.7081 -0.3580
vn 0.4985 -0.7306 -0.4665
vn 0.5106 -0.6740 -0.5338
vn 0.4478 -0.6795 -0.5812
vn 0.4526 -0.6834 -0.5729
vn 0.4142 -0.7181 -0.5592
vn 0.8204 -0.0007 0.5718
vn 0.8204 -0.0008 0.5718
vn 0.9253 -0.2698 0.2663
vn 0.9252 -0.2701 0.2665
vn 0.9147 -0.2899 0.2816
vn 0.9148 -0.2897 0.2814
vn 0.8664 -0.0795 0.4929
vn 0.8664 -0.0796 0.4930
vn 0.8633 -0.0854 0.4973
vn 0.8633 -0.0855 0.4974
vn 0.9212 -0.3684 0.1248
vn 0.9211 -0.3687 0.1250
vn 0.9067 -0.3958 0.1456
vn 0.9069 -0.3955 0.1454
vn 0.6379 0.2102 0.7408
vn 0.5319 0.2996 0.7920
vn 0.6462 0.2257 0.7290
vn 0.5435 0.3213 0.7755
vn 0.7847 0.0498 0.6178
vn 0.7867 0.0535 0.6150
vn 0.8304 -0.0161 0.5570
vn 0.8297 -0.0173 0.5579
vn -0.0755 0.6025 0.7945
vn -0.0754 0.6028 0.7944
vn -0.0520 0.6468 0.7609
vn -0.0519 0.6470 0.7607
vn 0.5870 -0.7103 -0.3885
vn 0.5942 -0.6891 -0.4148
vn 0.5844 -0.7173 -0.3794
vn 0.5762 -0.7375 -0.3524
vn 0.8796 -0.4504 0.1532
vn 0.8811 -0.4580 0.1180
vn 0.8814 -0.4659 0.0779
vn 0.8811 -0.4579 0.1183
vn 0.6578 -0.7207 -0.2188
vn 0.4669 -0.7861 -0.4050
vn 0.4030 -0.7117 -0.5755
vn 0.4484 -0.7226 -0.5262
vn 0.5195 -0.7334 -0.4385
vn 0.4786 -0.7282 -0.4905
vn 0.4303 -0.7396 -0.5176
vn 0.3976 -0.7384 -0.5446
vn -0.8574 -0.5054 0.0969
vn -0.8591 -0.5024 0.0978
vn -0.8853 -0.4509 0.1140
vn -0.8835 -0.4547 0.1128
vn 0.8519 0.5184 -0.0749
vn 0.8263 0.5614 -0.0458
vn 0.8275 0.5594 -0.0472
vn 0.8534 0.5156 -0.0767
vn 0.3177 -0.4328 0.8436
vn 0.3140 -0.4318 0.8455
vn 0.2694 -0.4184 0.8674
vn 0.2712 -0.4189 0.8666
vn -0.3405 0.4873 -0.8041
vn -0.2990 0.4747 -0.8278
vn -0.2996 0.4749 -0.8275
vn -0.3418 0.4877 -0.8033
vn -0.3467 0.4710 -0.8111
vn -0.3551 0.4927 -0.7944
vn -0.3540 0.4897 -0.7968
vn -0.3455 0.4680 -0.8134
vn 0.3318 -0.4385 0.8352
vn 0.3294 -0.4360 0.8375
vn 0.3127 -0.4179 0.8530
vn 0.3152 -0.4206 0.8507
vn 0.8605 -0.5006 0.0947
vn 0.8592 -0.5021 0.0983
vn 0.5523 -0.7861 -0.2774
vn 0.4405 -0.8118 -0.3833
vn 0.4564 -0.7638 -0.4563
vn 0.3932 -0.7696 -0.5031
vn 0.3977 -0.7729 -0.4944
vn 0.3569 -0.8031 -0.4772
vn 0.8204 -0.0010 0.5718
vn 0.8204 -0.0009 0.5718
vn 0.9036 -0.3083 0.2975
vn 0.9034 -0.3085 0.2977
vn 0.8915 -0.3258 0.3148
vn 0.8917 -0.3256 0.3146
vn 0.8600 -0.0909 0.5021
vn 0.8600 -0.0910 0.5022
vn 0.8565 -0.0960 0.5071
vn 0.8565 -0.0961 0.5072
vn 0.8915 -0.4209 0.1674
vn 0.8913 -0.4212 0.1676
vn 0.8752 -0.4445 0.1907
vn 0.8751 -0.4448 0.1909
vn 0.6549 0.2401 0.7166
vn 0.5561 0.3422 0.7574
vn 0.5691 0.3611 0.7387
vn 0.6642 0.2536 0.7032
vn 0.7888 0.0569 0.6121
vn 0.7910 0.0601 0.6089
vn 0.8291 -0.0184 0.5588
vn 0.8284 -0.0195 0.5599
vn -0.0269 0.6883 0.7249
vn -0.0268 0.6885 0.7247
vn -0.0003 0.7268 0.6868
vn -0.0001 0.7270 0.6866
vn 0.5305 -0.7899 -0.3076
vn 0.5392 -0.7723 -0.3360
vn 0.5274 -0.7957 -0.2978
vn 0.5178 -0.8122 -0.2688
vn 0.8443 -0.5196 0.1310
vn 0.8447 -0.5073 0.1704
vn 0.8439 -0.4960 0.2043
vn 0.8447 -0.5074 0.1700
vn 0.6010 -0.7873 -0.1375
vn 0.4050 -0.8578 -0.3164
vn 0.3462 -0.7975 -0.4941
vn 0.3908 -0.8065 -0.4437
vn 0.4612 -0.8131 -0.3551
vn 0.4207 -0.8105 -0.4076
vn 0.3715 -0.8210 -0.4335
vn 0.3389 -0.8204 -0.4606
vn -0.9161 -0.3684 0.1581
vn -0.9146 -0.3725 0.1574
vn -0.8925 -0.4263 0.1471
vn -0.8939 -0.4232 0.1477
vn 0.8881 0.4420 -0.1267
vn 0.8659 0.4897 -0.1025
vn 0.8670 0.4875 -0.1036
vn 0.8893 0.4389 -0.1281
vn 0.2877 -0.3623 0.8865
vn 0.2842 -0.3608 0.8883
vn 0.2408 -0.3418 0.9084
vn 0.2425 -0.3426 0.9076
vn -0.2665 0.4044 -0.8749
vn -0.3077 0.4229 -0.8523
vn -0.3064 0.4224 -0.8531
vn -0.2659 0.4041 -0.8752
vn -0.3137 0.4058 -0.8584
vn -0.3204 0.4298 -0.8442
vn -0.3195 0.4265 -0.8462
vn -0.3128 0.4026 -0.8603
vn 0.2839 -0.3462 0.8942
vn 0.2862 -0.3493 0.8922
vn 0.3014 -0.3700 0.8788
vn 0.2992 -0.3670 0.8808
vn 0.8196 -0.5516 0.1552
vn 0.4907 -0.8505 -0.1891
vn 0.8209 -0.5506 0.1514
vn 0.3768 -0.8790 -0.2922
vn 0.3960 -0.8405 -0.3698
vn 0.3324 -0.8465 -0.4159
vn 0.3366 -0.8492 -0.4069
vn 0.2938 -0.8742 -0.3867
vn 0.8204 -0.0011 0.5718
vn 0.8203 -0.0012 0.5719
vn 0.8203 -0.0013 0.5719
vn 0.8790 -0.3416 0.3327
vn 0.8791 -0.3414 0.3325
vn 0.8660 -0.3558 0.3513
vn 0.8658 -0.3560 0.3515
vn 0.8528 -0.1007 0.5125
vn 0.8528 -0.1007 0.5124
vn 0.8490 -0.1049 0.5180
vn 0.8489 -0.1050 0.5180
vn 0.8581 -0.4662 0.2152
vn 0.8579 -0.4664 0.2155
vn 0.8400 -0.4860 0.2411
vn 0.8402 -0.4858 0.2408
vn 0.6739 0.2659 0.6893
vn 0.5832 0.3789 0.7186
vn 0.5976 0.3946 0.6980
vn 0.6842 0.2771 0.6746
vn 0.7933 0.0630 0.6056
vn 0.7957 0.0657 0.6021
vn 0.8276 -0.0204 0.5609
vn 0.8268 -0.0213 0.5620
vn 0.0277 0.7622 0.6467
vn 0.0279 0.7624 0.6465
vn 0.0572 0.7945 0.6045
vn 0.0570 0.7944 0.6048
vn 0.4651 -0.8604 -0.2085
vn 0.4544 -0.8729 -0.1779
vn 0.4686 -0.8559 -0.2189
vn 0.4784 -0.8421 -0.2489
vn 0.8052 -0.5331 0.2598
vn 0.8050 -0.5481 0.2270
vn 0.8035 -0.5643 0.1895
vn 0.8050 -0.5480 0.2273
vn 0.3383 -0.9148 -0.2208
vn 0.5397 -0.8404 -0.0497
vn 0.3975 -0.8788 -0.2639
vn 0.3571 -0.8788 -0.3165
vn 0.2834 -0.8697 -0.4042
vn 0.3274 -0.8765 -0.3529
vn 0.3071 -0.8884 -0.3413
vn 0.2746 -0.8882 -0.3684
vn -0.9214 -0.3399 0.1884
vn -0.9225 -0.3366 0.1887
vn -0.9405 -0.2795 0.1931
vn -0.9393 -0.2838 0.1928
vn 0.9006 0.4072 -0.1519
vn 0.9192 0.3547 -0.1709
vn 0.9182 0.3580 -0.1698
vn 0.8997 0.4095 -0.1510
vn 0.2634 -0.2856 0.9215
vn 0.2599 -0.2836 0.9230
vn 0.2182 -0.2594 0.9408
vn 0.2198 -0.2604 0.9402
vn -0.2390 0.3269 -0.9143
vn -0.2784 0.3507 -0.8941
vn -0.2771 0.3500 -0.8948
vn -0.2384 0.3266 -0.9146
vn 0.8199 0.0001 0.5725
vn -0.2859 0.3337 -0.8983
vn -0.2907 0.3594 -0.8867
vn -0.2900 0.3558 -0.8884
vn -0.2852 0.3301 -0.8998
vn 0.2764 -0.2950 0.9147
vn 0.2744 -0.2917 0.9163
vn 0.2608 -0.2684 0.9273
vn 0.2628 -0.2719 0.9257
vn 0.7765 -0.5916 0.2168
vn 0.4248 -0.9003 -0.0947
vn 0.7779 -0.5912 0.2130
vn 0.3087 -0.9311 -0.1945
vn 0.3304 -0.9027 -0.2758
vn 0.2663 -0.9088 -0.3213
vn 0.2258 -0.9302 -0.2894
vn 0.2704 -0.9108 -0.3120
vn 0.8203 -0.0015 0.5720
vn 0.8203 -0.0014 0.5719
vn 0.8524 -0.3687 0.3708
vn 0.8522 -0.3689 0.3711
vn 0.8381 -0.3801 0.3912
vn 0.8383 -0.3800 0.3910
vn 0.8449 -0.1088 0.5238
vn 0.8449 -0.1087 0.5237
vn 0.8407 -0.1121 0.5297
vn 0.8408 -0.1120 0.5297
vn 0.8216 -0.5034 0.2675
vn 0.8214 -0.5036 0.2678
vn 0.8024 -0.5188 0.2950
vn 0.8022 -0.5189 0.2953
vn 0.6948 0.2871 0.6595
vn 0.6129 0.4090 0.6761
vn 0.7058 0.2959 0.6437
vn 0.6283 0.4214 0.6540
vn 0.7982 0.0680 0.5985
vn 0.8008 0.0701 0.5948
vn 0.8260 -0.0220 0.5632
vn 0.8252 -0.0227 0.5644
vn 0.0876 0.8232 0.5610
vn 0.0874 0.8231 0.5612
vn 0.1188 0.8482 0.5162
vn 0.1190 0.8483 0.5159
vn 0.3984 -0.9102 -0.1130
vn 0.3869 -0.9185 -0.0813
vn 0.4022 -0.9071 -0.1238
vn 0.4129 -0.8975 -0.1551
vn 0.7597 -0.5993 0.2522
vn 0.7626 -0.5792 0.2881
vn 0.7640 -0.5610 0.3188
vn 0.7626 -0.5794 0.2878
vn 0.2678 -0.9560 -0.1199
vn 0.4750 -0.8789 0.0430
vn 0.2157 -0.9268 -0.3073
vn 0.2594 -0.9314 -0.2554
vn 0.3295 -0.9294 -0.1663
vn 0.2889 -0.9320 -0.2188
vn 0.2383 -0.9404 -0.2427
vn 0.2057 -0.9407 -0.2698
vn -0.9580 -0.1859 0.2182
vn -0.9572 -0.1902 0.2183
vn -0.9435 -0.2477 0.2201
vn -0.9444 -0.2443 0.2200
vn 0.9280 0.3198 -0.1911
vn 0.9425 0.2644 -0.2043
vn 0.9417 0.2678 -0.2035
vn 0.9273 0.3223 -0.1905
vn 0.2019 -0.1725 0.9641
vn 0.2035 -0.1736 0.9636
vn 0.2449 -0.2039 0.9479
vn 0.2417 -0.2015 0.9492
vn -0.2175 0.2438 -0.9451
vn -0.2550 0.2726 -0.9277
vn -0.2538 0.2717 -0.9283
vn -0.2169 0.2434 -0.9454
vn -0.2661 0.2791 -0.9226
vn -0.2633 0.2521 -0.9312
vn -0.2637 0.2558 -0.9301
vn -0.2665 0.2829 -0.9214
vn 0.2572 -0.2149 0.9422
vn 0.2555 -0.2113 0.9434
vn 0.2437 -0.1861 0.9518
vn 0.2454 -0.1898 0.9506
vn 0.7308 -0.6215 0.2822
vn 0.3557 -0.9346 0.0043
vn 0.7322 -0.6216 0.2783
vn 0.2372 -0.9671 -0.0922
vn 0.2607 -0.9493 -0.1759
vn 0.1961 -0.9554 -0.2207
vn 0.1543 -0.9702 -0.1870
vn 0.2001 -0.9567 -0.2113
vn 0.8202 -0.0016 0.5720
vn 0.8202 -0.0017 0.5721
vn 0.8237 -0.3897 0.4120
vn 0.8238 -0.3896 0.4117
vn 0.8088 -0.3977 0.4332
vn 0.8090 -0.3976 0.4329
vn 0.8365 -0.1149 0.5358
vn 0.8322 -0.1172 0.5420
vn 0.8321 -0.1173 0.5421
vn 0.7826 -0.5319 0.3233
vn 0.7824 -0.5321 0.3236
vn 0.7624 -0.5428 0.3523
vn 0.7622 -0.5429 0.3526
vn 0.6446 0.4322 0.6307
vn 0.7170 0.3033 0.6276
vn 0.6608 0.4409 0.6075
vn 0.7286 0.3096 0.6110
vn 0.8035 0.0718 0.5910
vn 0.8062 0.0733 0.5870
vn 0.8243 -0.0233 0.5656
vn 0.8234 -0.0238 0.5669
vn 0.1511 0.8697 0.4699
vn 0.1513 0.8698 0.4697
vn 0.1842 0.8874 0.4226
vn 0.1844 0.8875 0.4223
vn 0.3286 -0.9444 -0.0130
vn 0.3166 -0.9483 0.0194
vn 0.3325 -0.9428 -0.0240
vn 0.3439 -0.9373 -0.0562
vn 0.7211 -0.5792 0.3802
vn 0.7181 -0.6007 0.3514
vn 0.7136 -0.6241 0.3182
vn 0.7182 -0.6005 0.3517
vn 0.4079 -0.9024 0.1391
vn 0.1949 -0.9807 -0.0155
vn 0.2582 -0.9640 -0.0642
vn 0.2173 -0.9691 -0.1163
vn 0.1444 -0.9680 -0.2051
vn 0.1878 -0.9702 -0.1529
vn 0.1336 -0.9770 -0.1664
vn 0.1661 -0.9762 -0.1393
vn -0.9585 -0.1512 0.2416
vn -0.9592 -0.1478 0.2412
vn -0.9684 -0.0890 0.2330
vn -0.9678 -0.0934 0.2336
vn 0.9583 0.1731 -0.2273
vn 0.9480 0.2296 -0.2202
vn 0.9486 0.2270 -0.2206
vn 0.9589 0.1695 -0.2277
vn 0.1923 -0.0826 0.9779
vn 0.1938 -0.0839 0.9774
vn 0.2328 -0.1187 0.9653
vn 0.2297 -0.1160 0.9663
vn -0.2364 0.1886 -0.9532
vn -0.2019 0.1560 -0.9669
vn -0.2024 0.1565 -0.9667
vn -0.2375 0.1897 -0.9527
vn -0.2482 0.1976 -0.9483
vn -0.2474 0.1696 -0.9540
vn -0.2475 0.1734 -0.9532
vn -0.2483 0.2015 -0.9475
vn 0.2441 -0.1312 0.9608
vn 0.2427 -0.1273 0.9617
vn 0.2329 -0.1006 0.9673
vn 0.2344 -0.1045 0.9665
vn 0.6833 -0.6406 0.3503
vn 0.2847 -0.9527 0.1060
vn 0.6847 -0.6412 0.3465
vn 0.1636 -0.9864 0.0132
vn 0.1881 -0.9795 -0.0719
vn 0.1230 -0.9856 -0.1161
vn 0.1269 -0.9862 -0.1065
vn 0.0804 -0.9935 -0.0811
vn 0.8201 -0.0019 0.5723
vn 0.8201 -0.0018 0.5722
vn 0.7940 -0.4038 0.4545
vn 0.7938 -0.4039 0.4548
vn 0.7785 -0.4084 0.4767
vn 0.7787 -0.4083 0.4764
vn 0.8277 -0.1191 0.5484
vn 0.8276 -0.1191 0.5485
vn 0.8232 -0.1204 0.5548
vn 0.8231 -0.1204 0.5549
vn 0.7418 -0.5513 0.3817
vn 0.7416 -0.5514 0.3820
vn 0.7210 -0.5574 0.4116
vn 0.7208 -0.5575 0.4119
vn 0.7402 0.3144 0.5943
vn 0.6777 0.4479 0.5832
vn 0.6944 0.4528 0.5593
vn 0.7522 0.3179 0.5772
vn 0.8090 0.0744 0.5831
vn 0.8118 0.0753 0.5790
vn 0.8225 -0.0242 0.5682
vn 0.8216 -0.0244 0.5695
vn 0.2178 0.9013 0.3744
vn 0.2180 0.9014 0.3742
vn 0.2519 0.9113 0.3256
vn 0.2521 0.9114 0.3253
vn 0.2608 -0.9622 0.0787
vn 0.2724 -0.9611 0.0462
vn 0.2568 -0.9623 0.0898
vn 0.2447 -0.9618 0.1224
vn 0.6772 -0.5874 0.4432
vn 0.6725 -0.6116 0.4168
vn 0.6661 -0.6380 0.3863
vn 0.6725 -0.6114 0.4171
vn 0.1208 -0.9885 0.0907
vn 0.3397 -0.9102 0.2368
vn 0.1849 -0.9819 0.0407
vn 0.1436 -0.9896 -0.0107
vn 0.0706 -0.9925 -0.0994
vn 0.1139 -0.9924 -0.0471
vn 0.0919 -0.9952 -0.0330
vn 0.0593 -0.9964 -0.0600
vn -0.9662 -0.0521 0.2526
vn -0.9666 -0.0487 0.2518
vn -0.9714 0.0094 0.2373
vn -0.9712 0.0051 0.2384
vn 0.9620 0.1302 -0.2398
vn 0.9679 0.0717 -0.2407
vn 0.9677 0.0753 -0.2407
vn 0.9617 0.1329 -0.2398
vn 0.2271 -0.0315 0.9734
vn 0.2243 -0.0284 0.9741
vn 0.1895 0.0087 0.9818
vn 0.1909 0.0072 0.9816
vn -0.1940 0.0666 -0.9787
vn -0.2266 0.1037 -0.9684
vn -0.2256 0.1025 -0.9688
vn -0.1935 0.0660 -0.9789
vn -0.2377 0.0882 -0.9673
vn -0.2363 0.1166 -0.9647
vn -0.2365 0.1127 -0.9651
vn -0.2378 0.0843 -0.9676
vn 0.2286 -0.0133 0.9734
vn 0.2298 -0.0174 0.9731
vn 0.2375 -0.0452 0.9703
vn 0.2364 -0.0412 0.9708
vn 0.6348 -0.6487 0.4198
vn 0.2129 -0.9545 0.2089
vn 0.6361 -0.6498 0.4161
vn 0.0893 -0.9888 0.1197
vn 0.1138 -0.9929 0.0345
vn 0.0483 -0.9988 -0.0091
vn 0.0053 -0.9996 0.0264
vn 0.0522 -0.9986 0.0005
vn 0.8200 -0.0020 0.5724
vn 0.8199 -0.0021 0.5725
vn 0.8199 -0.0020 0.5725
vn 0.7631 -0.4111 0.4987
vn 0.7633 -0.4111 0.4984
vn 0.7476 -0.4120 0.5209
vn 0.7478 -0.4120 0.5206
vn 0.8187 -0.1212 0.5613
vn 0.8186 -0.1212 0.5614
vn 0.8141 -0.1215 0.5679
vn 0.8140 -0.1215 0.5680
vn 0.7000 -0.5612 0.4417
vn 0.6997 -0.5612 0.4420
vn 0.6786 -0.5625 0.4723
vn 0.6788 -0.5625 0.4720
vn 0.7641 0.3200 0.5601
vn 0.7117 0.4558 0.5345
vn 0.7763 0.3207 0.5427
vn 0.7287 0.4569 0.5102
vn 0.8146 0.0758 0.5750
vn 0.8175 0.0759 0.5708
vn 0.8207 -0.0246 0.5708
vn 0.8198 -0.0247 0.5722
vn 0.2863 0.9174 0.2763
vn 0.2865 0.9175 0.2761
vn 0.3208 0.9196 0.2268
vn 0.3210 0.9196 0.2266
vn 0.1883 -0.9650 0.1826
vn 0.1997 -0.9683 0.1503
vn 0.1843 -0.9636 0.1937
vn 0.1724 -0.9588 0.2259
vn 0.6330 -0.5856 0.5064
vn 0.6264 -0.6120 0.4828
vn 0.6180 -0.6410 0.4552
vn 0.6265 -0.6117 0.4830
vn 0.2714 -0.9024 0.3346
vn 0.0467 -0.9793 0.1968
vn -0.0044 -1.0000 0.0081
vn 0.0390 -0.9974 0.0602
vn 0.1109 -0.9829 0.1466
vn 0.0689 -0.9930 0.0963
vn 0.0169 -0.9971 0.0745
vn -0.0159 -0.9987 0.0476
vn -0.9670 0.1076 0.2310
vn -0.9671 0.1034 0.2325
vn -0.9663 0.0479 0.2528
vn -0.9665 0.0512 0.2516
vn 0.9681 0.0312 -0.2485
vn 0.9696 -0.0273 -0.2431
vn 0.9696 -0.0237 -0.2435
vn 0.9680 0.0339 -0.2488
vn 0.2281 0.0563 0.9720
vn 0.2255 0.0596 0.9724
vn 0.1936 0.0999 0.9760
vn 0.1949 0.0983 0.9759
vn -0.1924 -0.0246 -0.9810
vn -0.2220 0.0157 -0.9749
vn -0.2211 0.0143 -0.9752
vn -0.1920 -0.0252 -0.9811
vn 0.8199 0.0001 0.5724
vn -0.2313 0.0258 -0.9725
vn -0.2348 -0.0026 -0.9721
vn -0.2343 0.0013 -0.9722
vn -0.2308 0.0297 -0.9726
vn 0.2309 0.0742 0.9701
vn 0.2318 0.0700 0.9703
vn 0.2374 0.0416 0.9705
vn 0.2366 0.0457 0.9705
vn 0.5873 -0.6472 0.4860
vn 0.5861 -0.6456 0.4896
vn 0.1415 -0.9398 0.3110
vn 0.0154 -0.9741 0.2255
vn 0.0392 -0.9892 0.1414
vn -0.0267 -0.9948 0.0984
vn -0.0695 -0.9886 0.1336
vn -0.0228 -0.9939 0.1080
vn 0.8200 -0.0001 0.5723
vn 0.8200 -0.0000 0.5723
vn 0.7321 -0.4112 0.5431
vn 0.7323 -0.4112 0.5428
vn 0.7169 -0.4086 0.5649
vn 0.7167 -0.4086 0.5651
vn 0.8095 -0.1213 0.5744
vn 0.8095 -0.1213 0.5745
vn 0.8049 -0.1205 0.5810
vn 0.8050 -0.1205 0.5809
vn 0.6577 -0.5614 0.5023
vn 0.6575 -0.5614 0.5026
vn 0.6367 -0.5579 0.5324
vn 0.6364 -0.5578 0.5327
vn 0.7882 0.3201 0.5256
vn 0.7460 0.4559 0.4853
vn 0.8003 0.3181 0.5083
vn 0.7629 0.4531 0.4611
vn 0.8203 0.0758 0.5668
vn 0.8232 0.0753 0.5627
vn 0.8188 -0.0246 0.5735
vn 0.8179 -0.0245 0.5748
vn 0.3556 0.9177 0.1771
vn 0.3554 0.9177 0.1774
vn 0.3900 0.9119 0.1278
vn 0.3898 0.9120 0.1281
vn 0.1123 -0.9483 0.2968
vn 0.1010 -0.9392 0.3283
vn 0.1161 -0.9512 0.2859
vn 0.1272 -0.9588 0.2542
vn 0.5894 -0.5736 0.5689
vn 0.5807 -0.6018 0.5482
vn 0.5700 -0.6329 0.5239
vn 0.5808 -0.6016 0.5484
vn -0.0261 -0.9532 0.3011
vn 0.2043 -0.8791 0.4307
vn -0.0794 -0.9901 0.1154
vn -0.0357 -0.9853 0.1672
vn 0.0375 -0.9670 0.2518
vn -0.0053 -0.9792 0.2026
vn -0.0576 -0.9818 0.1812
vn -0.0905 -0.9838 0.1546
vn -0.9553 0.2040 0.2142
vn -0.9556 0.2000 0.2162
vn -0.9590 0.1471 0.2423
vn -0.9589 0.1503 0.2408
vn 0.9667 -0.0683 -0.2465
vn 0.9638 -0.1259 -0.2349
vn 0.9641 -0.1224 -0.2356
vn 0.9668 -0.0657 -0.2470
vn 0.2356 0.1431 0.9613
vn 0.2332 0.1466 0.9613
vn 0.2045 0.1893 0.9604
vn 0.2056 0.1876 0.9605
vn -0.2234 -0.0738 -0.9719
vn -0.1973 -0.1159 -0.9735
vn -0.1977 -0.1153 -0.9735
vn -0.2242 -0.0724 -0.9718
vn -0.2326 -0.0615 -0.9706
vn -0.2382 -0.0893 -0.9671
vn -0.2375 -0.0855 -0.9676
vn -0.2319 -0.0577 -0.9710
vn 0.2437 0.1277 0.9614
vn 0.2432 0.1318 0.9610
vn 0.2397 0.1605 0.9575
vn 0.2403 0.1562 0.9580
vn 0.5380 -0.6314 0.5585
vn 0.0719 -0.9089 0.4107
vn 0.5390 -0.6335 0.5551
vn -0.0568 -0.9427 0.3289
vn -0.0345 -0.9684 0.2469
vn -0.1008 -0.9736 0.2046
vn -0.1429 -0.9605 0.2388
vn -0.0968 -0.9720 0.2140
vn 0.7016 -0.4043 0.5868
vn 0.7014 -0.4042 0.5870
vn 0.6863 -0.3981 0.6086
vn 0.6865 -0.3982 0.6084
vn 0.8005 -0.1192 0.5874
vn 0.8004 -0.1192 0.5875
vn 0.7960 -0.1174 0.5938
vn 0.6158 -0.5519 0.5623
vn 0.6156 -0.5518 0.5626
vn 0.5952 -0.5436 0.5918
vn 0.5950 -0.5435 0.5921
vn 0.8121 0.3147 0.4913
vn 0.7801 0.4482 0.4366
vn 0.8239 0.3099 0.4744
vn 0.7966 0.4415 0.4129
vn 0.8260 0.0745 0.5587
vn 0.8288 0.0734 0.5547
vn 0.8170 -0.0242 0.5761
vn 0.8161 -0.0238 0.5774
vn 0.4239 0.9022 0.0792
vn 0.4241 0.9022 0.0790
vn 0.4578 0.8885 0.0307
vn 0.4576 0.8886 0.0310
vn 0.0421 -0.9167 0.3973
vn 0.0316 -0.9034 0.4277
vn 0.0456 -0.9210 0.3869
vn 0.0560 -0.9327 0.3562
vn 0.5470 -0.5517 0.6296
vn 0.5362 -0.5813 0.6120
vn 0.5231 -0.6139 0.5912
vn 0.5363 -0.5810 0.6122
vn 0.1396 -0.8406 0.5234
vn -0.0962 -0.9108 0.4016
vn -0.0341 -0.9345 0.3544
vn -0.0779 -0.9487 0.3066
vn -0.1529 -0.9633 0.2207
vn -0.1088 -0.9562 0.2719
vn -0.1303 -0.9495 0.2853
vn -0.1634 -0.9520 0.2589
vn -0.9364 0.2969 0.1872
vn -0.9371 0.2932 0.1896
vn -0.9443 0.2438 0.2212
vn -0.9439 0.2467 0.2194
vn 0.9579 -0.1667 -0.2339
vn 0.9507 -0.2223 -0.2161
vn 0.9513 -0.2189 -0.2172
vn 0.9581 -0.1641 -0.2347
vn 0.2495 0.2274 0.9413
vn 0.2474 0.2311 0.9409
vn 0.2220 0.2755 0.9353
vn 0.2230 0.2737 0.9356
vn -0.2321 -0.1609 -0.9593
vn -0.2094 -0.2047 -0.9562
vn -0.2097 -0.2040 -0.9562
vn -0.2329 -0.1595 -0.9593
vn 0.8200 0.0001 0.5724
vn -0.2405 -0.1478 -0.9593
vn -0.2482 -0.1745 -0.9529
vn -0.2471 -0.1709 -0.9538
vn -0.2394 -0.1441 -0.9602
vn 0.2565 0.2115 0.9431
vn 0.2563 0.2156 0.9422
vn 0.2550 0.2439 0.9357
vn 0.2552 0.2398 0.9367
vn 0.4923 -0.6088 0.6221
vn 0.4914 -0.6063 0.6252
vn 0.0052 -0.8624 0.5063
vn -0.1260 -0.8950 0.4280
vn -0.1060 -0.9310 0.3494
vn -0.1727 -0.9357 0.3076
vn -0.1686 -0.9334 0.3168
vn -0.2136 -0.9159 0.3399
vn 0.6715 -0.3903 0.6299
vn 0.6717 -0.3904 0.6296
vn 0.6572 -0.3809 0.6504
vn 0.6570 -0.3808 0.6506
vn 0.7917 -0.1151 0.6000
vn 0.7916 -0.1151 0.6001
vn 0.7874 -0.1123 0.6062
vn 0.7873 -0.1123 0.6062
vn 0.5749 -0.5330 0.6208
vn 0.5747 -0.5328 0.6211
vn 0.5549 -0.5199 0.6495
vn 0.5551 -0.5200 0.6492
vn 0.8354 0.3038 0.4580
vn 0.8132 0.4327 0.3891
vn 0.8468 0.2964 0.4417
vn 0.8291 0.4223 0.3663
vn 0.8315 0.0719 0.5508
vn 0.8342 0.0702 0.5469
vn 0.8152 -0.0234 0.5787
vn 0.8143 -0.0228 0.5800
vn 0.4907 0.8712 -0.0164
vn 0.4909 0.8711 -0.0167
vn 0.5232 0.8499 -0.0630
vn 0.5230 0.8500 -0.0628
vn -0.0220 -0.8749 0.4838
vn -0.0127 -0.8907 0.4545
vn -0.0252 -0.8693 0.4937
vn -0.0345 -0.8520 0.5223
vn 0.4780 -0.5844 0.6558
vn 0.4937 -0.5505 0.6732
vn 0.5066 -0.5204 0.6874
vn 0.4935 -0.5508 0.6731
vn 0.0783 -0.7876 0.6112
vn -0.1626 -0.8526 0.4967
vn -0.2238 -0.9198 0.3223
vn -0.1791 -0.9106 0.3725
vn -0.1026 -0.8858 0.4525
vn -0.1476 -0.9017 0.4064
vn -0.2000 -0.9009 0.3851
vn -0.2333 -0.9037 0.3590
vn -0.9224 0.3362 0.1899
vn -0.9219 0.3389 0.1878
vn -0.9107 0.3846 0.1504
vn -0.9117 0.3813 0.1532
vn 0.9417 -0.2622 -0.2107
vn 0.9305 -0.3150 -0.1871
vn 0.9313 -0.3117 -0.1885
vn 0.9422 -0.2598 -0.2118
vn 0.2458 0.3569 0.9012
vn 0.2467 0.3551 0.9017
vn 0.2697 0.3078 0.9124
vn 0.2679 0.3116 0.9117
vn -0.2283 -0.2893 -0.9296
vn -0.2480 -0.2437 -0.9376
vn -0.2474 -0.2452 -0.9374
vn -0.2279 -0.2900 -0.9295
vn -0.2548 -0.2316 -0.9389
vn -0.2644 -0.2568 -0.9296
vn -0.2631 -0.2534 -0.9309
vn -0.2535 -0.2280 -0.9401
vn 0.2754 0.2918 0.9160
vn 0.2756 0.2957 0.9147
vn 0.2763 0.3232 0.9051
vn 0.2762 0.3192 0.9066
vn 0.4477 -0.5737 0.6858
vn 0.4471 -0.5708 0.6887
vn -0.0574 -0.8010 0.5960
vn -0.1910 -0.8318 0.5211
vn -0.1741 -0.8775 0.4469
vn -0.2412 -0.8817 0.4056
vn -0.2368 -0.8787 0.4145
vn -0.2803 -0.8555 0.4355
vn 0.6431 -0.3698 0.6706
vn 0.6429 -0.3696 0.6709
vn 0.6294 -0.3570 0.6902
vn 0.6292 -0.3569 0.6904
vn 0.7832 -0.1090 0.6122
vn 0.7832 -0.1091 0.6121
vn 0.7792 -0.1053 0.6179
vn 0.7791 -0.1053 0.6180
vn 0.5359 -0.5048 0.6768
vn 0.5357 -0.5046 0.6771
vn 0.5172 -0.4874 0.7035
vn 0.5170 -0.4872 0.7038
vn 0.8577 0.2878 0.4261
vn 0.8450 0.4098 0.3436
vn 0.8599 0.3959 0.3222
vn 0.8684 0.2778 0.4108
vn 0.8368 0.0681 0.5433
vn 0.8393 0.0657 0.5396
vn 0.8135 -0.0222 0.5811
vn 0.8127 -0.0214 0.5823
vn 0.5545 0.8251 -0.1079
vn 0.5547 0.8250 -0.1081
vn 0.5852 0.7966 -0.1518
vn 0.5850 0.7967 -0.1516
vn -0.0856 -0.8138 0.5748
vn -0.0776 -0.8332 0.5475
vn -0.0883 -0.8069 0.5841
vn -0.0962 -0.7860 0.6107
vn 0.4690 -0.4801 0.7414
vn 0.4536 -0.5108 0.7303
vn 0.4355 -0.5447 0.7167
vn 0.4537 -0.5105 0.7304
vn 0.0215 -0.7210 0.6926
vn -0.2241 -0.7797 0.5847
vn -0.2908 -0.8605 0.4183
vn -0.2453 -0.8493 0.4674
vn -0.1669 -0.8219 0.5446
vn -0.2131 -0.8392 0.5002
vn -0.2654 -0.8368 0.4788
vn -0.2989 -0.8399 0.4530
vn -0.8938 0.4229 0.1490
vn -0.8931 0.4253 0.1466
vn -0.8787 0.4657 0.1046
vn -0.8799 0.4628 0.1077
vn 0.9186 -0.3532 -0.1776
vn 0.9035 -0.4020 -0.1485
vn 0.9045 -0.3991 -0.1503
vn 0.9192 -0.3509 -0.1789
vn 0.2755 0.4322 0.8587
vn 0.2763 0.4304 0.8593
vn 0.2957 0.3829 0.8752
vn 0.2942 0.3867 0.8740
vn -0.2689 -0.3252 -0.9066
vn -0.2528 -0.3701 -0.8939
vn -0.2531 -0.3695 -0.8941
vn -0.2694 -0.3236 -0.9070
vn -0.2752 -0.3112 -0.9096
vn -0.2867 -0.3346 -0.8977
vn -0.2851 -0.3314 -0.8994
vn -0.2736 -0.3080 -0.9112
vn 0.3034 0.3969 0.8663
vn 0.3030 0.3931 0.8681
vn 0.3003 0.3670 0.8804
vn 0.3007 0.3708 0.8787
vn 0.4062 -0.5287 0.7453
vn 0.4058 -0.5254 0.7478
vn -0.1149 -0.7258 0.6783
vn -0.2507 -0.7544 0.6067
vn -0.2376 -0.8089 0.5378
vn -0.3049 -0.8124 0.4969
vn -0.3418 -0.7803 0.5237
vn -0.3003 -0.8089 0.5055
vn -0.3606 -0.7766 0.5166
vn 0.6161 -0.3426 0.7093
vn 0.6162 -0.3428 0.7090
vn 0.6035 -0.3268 0.7273
vn 0.6037 -0.3270 0.7271
vn 0.7752 -0.1011 0.6235
vn 0.7753 -0.1011 0.6235
vn 0.7715 -0.0964 0.6288
vn 0.7716 -0.0965 0.6288
vn 0.4991 -0.4677 0.7295
vn 0.4992 -0.4680 0.7292
vn 0.4819 -0.4462 0.7541
vn 0.4820 -0.4465 0.7539
vn 0.8786 0.2667 0.3962
vn 0.8747 0.3798 0.3011
vn 0.8884 0.2544 0.3821
vn 0.8885 0.3626 0.2813
vn 0.8417 0.0631 0.5362
vn 0.8441 0.0602 0.5328
vn 0.8119 -0.0206 0.5835
vn 0.8111 -0.0196 0.5845
vn 0.6144 0.7649 -0.1936
vn 0.6146 0.7647 -0.1939
vn 0.6427 0.7295 -0.2341
vn 0.6425 0.7297 -0.2339
vn -0.1440 -0.7386 0.6585
vn -0.1376 -0.7614 0.6335
vn -0.1462 -0.7306 0.6670
vn -0.1524 -0.7065 0.6911
vn 0.4346 -0.4315 0.7905
vn 0.4170 -0.4619 0.7828
vn 0.3963 -0.4957 0.7728
vn 0.4171 -0.4616 0.7829
vn -0.2795 -0.6934 0.6641
vn -0.0298 -0.6421 0.7661
vn -0.3528 -0.7864 0.5071
vn -0.3064 -0.7734 0.5550
vn -0.2258 -0.7438 0.6290
vn -0.2734 -0.7623 0.5866
vn -0.3255 -0.7583 0.5648
vn -0.3592 -0.7616 0.5394
vn -0.8590 0.5023 0.0991
vn -0.8581 0.5043 0.0964
vn -0.8409 0.5388 0.0504
vn -0.8423 0.5363 0.0538
vn 0.8888 -0.4381 -0.1349
vn 0.8702 -0.4823 -0.1008
vn 0.8714 -0.4796 -0.1029
vn 0.8895 -0.4360 -0.1364
vn 0.3271 0.4515 0.8302
vn 0.3259 0.4552 0.8286
vn 0.3106 0.5000 0.8084
vn 0.3112 0.4983 0.8092
vn -0.2962 -0.3995 -0.8676
vn -0.2835 -0.4440 -0.8500
vn -0.2837 -0.4433 -0.8503
vn -0.2966 -0.3980 -0.8681
vn -0.3128 -0.4037 -0.8598
vn -0.2996 -0.3827 -0.8740
vn -0.3015 -0.3856 -0.8720
vn -0.3145 -0.4066 -0.8578
vn 0.3358 0.4638 0.8198
vn 0.3352 0.4602 0.8221
vn 0.3305 0.4359 0.8371
vn 0.3312 0.4394 0.8350
vn 0.3685 -0.4746 0.7994
vn 0.3683 -0.4710 0.8016
vn -0.1662 -0.6381 0.7518
vn -0.3041 -0.6640 0.6831
vn -0.2954 -0.7263 0.6206
vn -0.3630 -0.7292 0.5801
vn -0.3581 -0.7251 0.5882
vn -0.3973 -0.6917 0.6031
vn 0.5917 -0.3099 0.7442
vn 0.5915 -0.3097 0.7444
vn 0.5804 -0.2914 0.7604
vn 0.5802 -0.2912 0.7606
vn 0.7680 -0.0913 0.6339
vn 0.7681 -0.0914 0.6338
vn 0.7647 -0.0859 0.6387
vn 0.7647 -0.0860 0.6386
vn 0.4657 -0.4231 0.7773
vn 0.4655 -0.4228 0.7775
vn 0.4501 -0.3975 0.7996
vn 0.4503 -0.3978 0.7994
vn 0.9019 0.3433 0.2621
vn 0.8977 0.2411 0.3688
vn 0.9065 0.2266 0.3561
vn 0.9143 0.3230 0.2443
vn 0.8462 0.0571 0.5297
vn 0.8484 0.0536 0.5267
vn 0.8104 -0.0186 0.5856
vn 0.8097 -0.0175 0.5865
vn 0.6692 0.6914 -0.2722
vn 0.6694 0.6912 -0.2724
vn 0.6945 0.6501 -0.3083
vn 0.6946 0.6499 -0.3085
vn -0.1963 -0.6508 0.7335
vn -0.1918 -0.6765 0.7110
vn -0.1978 -0.6417 0.7410
vn -0.2021 -0.6147 0.7624
vn 0.4043 -0.3754 0.8340
vn 0.3843 -0.4052 0.8295
vn 0.3611 -0.4382 0.8232
vn 0.3845 -0.4049 0.8296
vn -0.0748 -0.5520 0.8305
vn -0.3281 -0.5951 0.7336
vn -0.4087 -0.6987 0.5872
vn -0.3613 -0.6842 0.6336
vn -0.2784 -0.6529 0.7044
vn -0.3274 -0.6723 0.6640
vn -0.3791 -0.6667 0.6417
vn -0.4131 -0.6702 0.6166
vn -0.7979 0.6026 -0.0112
vn -0.7995 0.6006 -0.0075
vn -0.8185 0.5730 0.0411
vn -0.8175 0.5747 0.0382
vn 0.8326 -0.5518 -0.0473
vn 0.8538 -0.5136 -0.0852
vn 0.8529 -0.5154 -0.0835
vn 0.8312 -0.5542 -0.0449
vn 0.3634 0.5122 0.7782
vn 0.3624 0.5158 0.7762
vn 0.3505 0.5592 0.7513
vn 0.3510 0.5575 0.7523
vn -0.3288 -0.4671 -0.8208
vn -0.3194 -0.5102 -0.7985
vn -0.3196 -0.5095 -0.7989
vn -0.3291 -0.4656 -0.8215
vn -0.3457 -0.4692 -0.8127
vn -0.3310 -0.4507 -0.8290
vn -0.3330 -0.4533 -0.8268
vn -0.3476 -0.4716 -0.8104
vn 0.3656 0.4972 0.7868
vn 0.3666 0.5004 0.7843
vn 0.3730 0.5226 0.7667
vn 0.3720 0.5194 0.7693
vn 0.3352 -0.4085 0.8490
vn -0.2105 -0.5394 0.8153
vn 0.3351 -0.4122 0.8472
vn -0.3503 -0.5621 0.7493
vn -0.3465 -0.6313 0.6938
vn -0.4143 -0.6334 0.6536
vn -0.4091 -0.6288 0.6612
vn -0.4456 -0.5912 0.6723
vn 0.5698 -0.2717 0.7756
vn 0.5697 -0.2714 0.7758
vn 0.5600 -0.2507 0.7897
vn 0.5598 -0.2505 0.7898
vn 0.7616 -0.0801 0.6431
vn 0.7615 -0.0801 0.6431
vn 0.7587 -0.0740 0.6472
vn 0.7587 -0.0739 0.6473
vn 0.4358 -0.3709 0.8201
vn 0.4357 -0.3705 0.8203
vn 0.4223 -0.3420 0.8395
vn 0.4224 -0.3423 0.8393
vn 0.9147 0.2113 0.3444
vn 0.9262 0.3009 0.2273
vn 0.9224 0.1950 0.3334
vn 0.9369 0.2779 0.2119
vn 0.8503 0.0500 0.5240
vn 0.8521 0.0461 0.5213
vn 0.8091 -0.0163 0.5874
vn 0.8085 -0.0150 0.5883
vn 0.7181 0.6061 -0.3421
vn 0.7182 0.6058 -0.3423
vn 0.7401 0.5591 -0.3737
vn 0.7400 0.5594 -0.3735
vn -0.2424 -0.5418 0.8048
vn -0.2445 -0.5124 0.8232
vn -0.2416 -0.5517 0.7983
vn -0.2391 -0.5800 0.7788
vn 0.3306 -0.3731 0.8669
vn 0.3564 -0.3411 0.8698
vn 0.3783 -0.3130 0.8712
vn 0.3562 -0.3414 0.8698
vn -0.1126 -0.4525 0.8846
vn -0.3688 -0.4866 0.7920
vn -0.3238 -0.5508 0.7693
vn -0.3742 -0.5706 0.7310
vn -0.4576 -0.5990 0.6572
vn -0.4090 -0.5831 0.7019
vn -0.4255 -0.5636 0.7080
vn -0.4597 -0.5672 0.6833
vn -0.7505 0.6561 -0.0791
vn -0.7522 0.6546 -0.0752
vn -0.7731 0.6338 -0.0240
vn -0.7719 0.6351 -0.0270
vn 0.7887 -0.6146 0.0157
vn 0.8125 -0.5823 -0.0261
vn 0.8115 -0.5839 -0.0242
vn 0.7871 -0.6165 0.0183
vn 0.4039 0.5641 0.7202
vn 0.4032 0.5676 0.7178
vn 0.3945 0.6088 0.6883
vn 0.3948 0.6072 0.6895
vn -0.3601 -0.5670 -0.7409
vn -0.3664 -0.5251 -0.7681
vn -0.3662 -0.5264 -0.7673
vn -0.3600 -0.5676 -0.7404
vn -0.3694 -0.5132 -0.7747
vn -0.3853 -0.5285 -0.7565
vn -0.3831 -0.5264 -0.7590
vn -0.3672 -0.5111 -0.7771
vn 0.4050 0.5500 0.7304
vn 0.4062 0.5529 0.7275
vn 0.4142 0.5725 0.7076
vn 0.4130 0.5696 0.7106
vn 0.3070 -0.3390 0.8893
vn -0.2471 -0.4314 0.8677
vn 0.3067 -0.3428 0.8879
vn -0.3884 -0.4505 0.8039
vn -0.3901 -0.5254 0.7562
vn -0.4580 -0.5267 0.7161
vn -0.4524 -0.5217 0.7233
vn -0.4859 -0.4805 0.7300
vn -0.4847 -0.5319 0.6943
vn 0.5508 -0.2285 0.8027
vn 0.5509 -0.2288 0.8026
vn 0.5427 -0.2055 0.8144
vn 0.5428 -0.2058 0.8143
vn 0.7560 -0.0675 0.6510
vn 0.7560 -0.0674 0.6511
vn 0.7536 -0.0606 0.6545
vn 0.7536 -0.0607 0.6545
vn 0.4100 -0.3119 0.8571
vn 0.4101 -0.3123 0.8569
vn 0.3988 -0.2805 0.8731
vn 0.3989 -0.2809 0.8729
vn 0.9294 0.1779 0.3234
vn 0.9470 0.2533 0.1974
vn 0.9560 0.2281 0.1846
vn 0.9358 0.1599 0.3142
vn 0.8537 0.0421 0.5190
vn 0.8553 0.0378 0.5168
vn 0.8080 -0.0137 0.5891
vn 0.8075 -0.0124 0.5898
vn 0.7602 0.5100 -0.4025
vn 0.7601 0.5102 -0.4023
vn 0.7783 0.4589 -0.4284
vn 0.7784 0.4587 -0.4286
vn -0.2791 -0.4325 0.8573
vn -0.2789 -0.4013 0.8725
vn -0.2790 -0.4431 0.8520
vn -0.2787 -0.4734 0.8356
vn 0.3573 -0.2451 0.9013
vn 0.3331 -0.2718 0.9029
vn 0.3052 -0.3015 0.9033
vn 0.3334 -0.2715 0.9029
vn -0.1426 -0.3451 0.9276
vn -0.4010 -0.3697 0.8381
vn -0.4985 -0.4889 0.7158
vn -0.4487 -0.4721 0.7588
vn -0.3610 -0.4392 0.8227
vn -0.4130 -0.4591 0.7865
vn -0.4636 -0.4508 0.7627
vn -0.4982 -0.4545 0.7384
vn -0.6996 0.6982 -0.1521
vn -0.7013 0.6973 -0.1481
vn -0.7235 0.6838 -0.0950
vn -0.7222 0.6846 -0.0982
vn 0.7405 -0.6667 0.0847
vn 0.7665 -0.6410 0.0399
vn 0.7653 -0.6423 0.0419
vn 0.7388 -0.6683 0.0875
vn 0.4480 0.6063 0.6570
vn 0.4475 0.6095 0.6543
vn 0.4418 0.6479 0.6205
vn 0.4420 0.6464 0.6219
vn -0.4078 -0.5769 -0.7077
vn -0.4045 -0.6152 -0.6767
vn -0.4046 -0.6146 -0.6772
vn -0.4079 -0.5756 -0.7087
vn -0.4100 -0.5643 -0.7165
vn -0.4269 -0.5763 -0.6969
vn -0.4246 -0.5747 -0.6996
vn -0.4076 -0.5626 -0.7192
vn 0.4481 0.5934 0.6687
vn 0.4495 0.5958 0.6656
vn 0.4588 0.6125 0.6437
vn 0.4575 0.6101 0.6470
vn 0.2843 -0.2635 0.9218
vn -0.2752 -0.3159 0.9080
vn 0.2837 -0.2675 0.9209
vn -0.4178 -0.3312 0.8460
vn -0.4253 -0.4104 0.8067
vn -0.4933 -0.4110 0.7667
vn -0.5176 -0.3616 0.7755
vn -0.4873 -0.4057 0.7733
vn 0.5355 -0.1819 0.8247
vn 0.5354 -0.1816 0.8248
vn 0.5291 -0.1572 0.8339
vn 0.5290 -0.1569 0.8340
vn 0.7515 -0.0537 0.6576
vn 0.7514 -0.0536 0.6576
vn 0.7496 -0.0464 0.6603
vn 0.7496 -0.0463 0.6603
vn 0.3889 -0.2479 0.8873
vn 0.3890 -0.2483 0.8872
vn 0.3802 -0.2142 0.8998
vn 0.3803 -0.2146 0.8996
vn 0.9414 0.1414 0.3062
vn 0.9641 0.2013 0.1729
vn 0.9464 0.1221 0.2990
vn 0.9711 0.1743 0.1629
vn 0.8566 0.0335 0.5149
vn 0.8578 0.0288 0.5132
vn 0.8070 -0.0109 0.5904
vn 0.8067 -0.0094 0.5909
vn 0.7946 0.4057 -0.4517
vn 0.7947 0.4054 -0.4518
vn 0.8088 0.3506 -0.4721
vn 0.8089 0.3503 -0.4722
vn -0.3080 -0.3268 0.8935
vn -0.3100 -0.3587 0.8805
vn -0.3072 -0.3158 0.8977
vn -0.3047 -0.2832 0.9094
vn 0.3416 -0.1730 0.9238
vn 0.3155 -0.1974 0.9282
vn 0.2854 -0.2248 0.9317
vn 0.3157 -0.1972 0.9281
vn -0.1644 -0.2319 0.9588
vn -0.4242 -0.2465 0.8714
vn -0.3896 -0.3200 0.8636
vn -0.4431 -0.3398 0.8296
vn -0.5309 -0.3705 0.7622
vn -0.4798 -0.3529 0.8033
vn -0.4931 -0.3303 0.8049
vn -0.5278 -0.3339 0.7810
vn -0.6458 0.7283 -0.2290
vn -0.6477 0.7280 -0.2250
vn -0.6706 0.7219 -0.1708
vn -0.6693 0.7223 -0.1740
vn 0.7152 -0.6896 0.1137
vn 0.6869 -0.7085 0.1618
vn 0.6887 -0.7074 0.1588
vn 0.7164 -0.6887 0.1116
vn 0.4916 0.6758 0.5491
vn 0.4918 0.6745 0.5507
vn 0.4948 0.6381 0.5899
vn 0.4946 0.6410 0.5869
vn -0.4523 -0.6517 -0.6089
vn -0.4527 -0.6161 -0.6445
vn -0.4527 -0.6173 -0.6434
vn -0.4522 -0.6522 -0.6083
vn -0.4693 -0.6130 -0.6356
vn -0.4516 -0.6044 -0.6563
vn -0.4540 -0.6056 -0.6535
vn -0.4717 -0.6142 -0.6327
vn 0.5060 0.6419 0.5760
vn 0.5045 0.6400 0.5796
vn 0.4940 0.6265 0.6029
vn 0.4956 0.6284 0.5996
vn 0.2665 -0.1876 0.9454
vn 0.2675 -0.1836 0.9459
vn -0.2945 -0.1951 0.9355
vn -0.4381 -0.2061 0.8750
vn -0.4516 -0.2883 0.8443
vn -0.5196 -0.2881 0.8044
vn -0.5401 -0.2364 0.8077
vn -0.5132 -0.2826 0.8104
vn 0.5236 -0.1316 0.8417
vn 0.5237 -0.1319 0.8416
vn 0.5191 -0.1057 0.8481
vn 0.5192 -0.1060 0.8481
vn 0.7480 -0.0389 0.6626
vn 0.7480 -0.0388 0.6626
vn 0.7467 -0.0313 0.6645
vn 0.7466 -0.0312 0.6645
vn 0.3729 -0.1801 0.9102
vn 0.3728 -0.1797 0.9104
vn 0.3667 -0.1443 0.9191
vn 0.3668 -0.1447 0.9190
vn 0.9506 0.1025 0.2930
vn 0.9772 0.1458 0.1542
vn 0.9541 0.0822 0.2880
vn 0.9821 0.1174 0.1472
vn 0.8588 0.0242 0.5118
vn 0.8596 0.0194 0.5106
vn 0.8063 -0.0080 0.5914
vn 0.8061 -0.0064 0.5918
vn 0.8209 0.2941 -0.4895
vn 0.8210 0.2938 -0.4895
vn 0.8310 0.2360 -0.5038
vn 0.8309 0.2363 -0.5037
vn -0.3281 -0.2050 0.9222
vn -0.3325 -0.2378 0.9126
vn -0.3264 -0.1937 0.9252
vn -0.3214 -0.1603 0.9333
vn 0.3314 -0.0979 0.9384
vn 0.3035 -0.1197 0.9453
vn 0.2715 -0.1442 0.9516
vn 0.3038 -0.1195 0.9452
vn -0.1774 -0.1146 0.9774
vn -0.4380 -0.1190 0.8911
vn -0.5541 -0.2456 0.7954
vn -0.5016 -0.2276 0.8346
vn -0.4090 -0.1953 0.8914
vn -0.4639 -0.2145 0.8595
vn -0.5132 -0.2040 0.8337
vn -0.5482 -0.2076 0.8102
vn -0.5903 0.7459 -0.3085
vn -0.5922 0.7461 -0.3045
vn -0.6152 0.7476 -0.2501
vn -0.6139 0.7476 -0.2533
vn 0.6344 -0.7359 0.2367
vn 0.6632 -0.7245 0.1878
vn 0.6619 -0.7251 0.1900
vn 0.6325 -0.7365 0.2397
vn 0.5436 0.6588 0.5200
vn 0.5437 0.6614 0.5167
vn 0.5431 0.6921 0.4754
vn 0.5432 0.6910 0.4770
vn -0.5003 -0.6472 -0.5752
vn -0.5023 -0.6781 -0.5366
vn -0.5023 -0.6776 -0.5372
vn -0.5003 -0.6461 -0.5764
vn -0.5165 -0.6408 -0.5679
vn -0.4983 -0.6359 -0.5894
vn -0.5008 -0.6366 -0.5865
vn -0.5190 -0.6415 -0.5650
vn 0.5420 0.6488 0.5341
vn 0.5437 0.6503 0.5306
vn 0.5551 0.6603 0.5058
vn 0.5534 0.6589 0.5095
vn 0.2568 -0.1005 0.9612
vn -0.3045 -0.0709 0.9499
vn 0.2556 -0.1044 0.9611
vn -0.4487 -0.0776 0.8903
vn -0.4685 -0.1613 0.8686
vn -0.5365 -0.1603 0.8286
vn -0.5297 -0.1546 0.8340
vn -0.5531 -0.1071 0.8262
vn 0.5157 -0.0797 0.8531
vn 0.5157 -0.0793 0.8531
vn 0.5132 -0.0526 0.8567
vn 0.5132 -0.0529 0.8566
vn 0.7456 -0.0235 0.6659
vn 0.7456 -0.0234 0.6660
vn 0.7449 -0.0156 0.6670
vn 0.7449 -0.0155 0.6670
vn 0.3620 -0.1087 0.9258
vn 0.3619 -0.1083 0.9259
vn 0.3586 -0.0722 0.9307
vn 0.3586 -0.0718 0.9307
vn 0.9568 0.0618 0.2842
vn 0.9860 0.0879 0.1416
vn 0.9587 0.0409 0.2814
vn 0.9887 0.0586 0.1377
vn 0.8602 0.0146 0.5097
vn 0.8607 0.0096 0.5090
vn 0.8058 -0.0048 0.5921
vn 0.8057 -0.0032 0.5923
vn 0.8387 0.1774 -0.5149
vn 0.8387 0.1771 -0.5149
vn 0.8442 0.1178 -0.5228
vn 0.8443 0.1175 -0.5229
vn -0.3388 -0.0796 0.9375
vn -0.3457 -0.1128 0.9315
vn -0.3363 -0.0682 0.9393
vn -0.3287 -0.0346 0.9438
vn 0.3269 -0.0211 0.9448
vn 0.2975 -0.0399 0.9539
vn 0.2637 -0.0612 0.9627
vn 0.2978 -0.0397 0.9538
vn -0.4421 0.0106 0.8969
vn -0.1815 0.0047 0.9834
vn -0.4189 -0.0672 0.9055
vn -0.4752 -0.0856 0.8757
vn -0.5677 -0.1165 0.8149
vn -0.5139 -0.0984 0.8522
vn -0.5237 -0.0743 0.8487
vn -0.5590 -0.0777 0.8255
vn -0.5585 0.7605 -0.3314
vn -0.5572 0.7600 -0.3346
vn -0.5340 0.7506 -0.3892
vn -0.5358 0.7514 -0.3852
vn 0.6064 -0.7481 0.2695
vn 0.5765 -0.7519 0.3200
vn 0.5784 -0.7517 0.3169
vn 0.6078 -0.7478 0.2672
vn 0.5936 0.6682 0.4484
vn 0.5938 0.6705 0.4448
vn 0.5954 0.6965 0.4005
vn 0.5954 0.6955 0.4022
vn -0.5498 -0.6658 -0.5044
vn -0.5539 -0.6922 -0.4627
vn -0.5539 -0.6918 -0.4633
vn -0.5496 -0.6649 -0.5058
vn -0.5495 -0.6565 -0.5167
vn -0.5679 -0.6577 -0.4949
vn -0.5654 -0.6576 -0.4979
vn -0.5469 -0.6563 -0.5197
vn 0.6051 0.6674 0.4342
vn 0.6033 0.6664 0.4380
vn 0.5913 0.6599 0.4636
vn 0.5931 0.6609 0.4599
vn 0.2509 -0.0195 0.9678
vn 0.2524 -0.0157 0.9675
vn -0.3051 0.0546 0.9508
vn -0.4497 0.0524 0.8917
vn -0.4758 -0.0315 0.8790
vn -0.5436 -0.0297 0.8388
vn -0.5364 -0.0240 0.8436
vn -0.5562 0.0240 0.8307
vn 0.5117 -0.0257 0.8588
vn 0.5117 -0.0260 0.8588
vn 0.5113 0.0010 0.8594
vn 0.5113 0.0014 0.8594
vn 0.7445 -0.0076 0.6676
vn 0.7445 -0.0077 0.6676
vn 0.7443 0.0004 0.6678
vn 0.7443 0.0003 0.6678
vn 0.3566 -0.0355 0.9336
vn 0.3566 -0.0351 0.9336
vn 0.3559 0.0018 0.9345
vn 0.3559 0.0014 0.9345
vn 0.9599 0.0201 0.2797
vn 0.9904 0.0284 0.1353
vn 0.9602 -0.0011 0.2792
vn 0.9909 -0.0013 0.1346
vn 0.8610 0.0047 0.5087
vn 0.8610 -0.0003 0.5085
vn 0.8056 -0.0016 0.5925
vn 0.8056 0.0000 0.5925
vn 0.8475 0.0577 -0.5276
vn 0.8476 0.0574 -0.5276
vn 0.8486 -0.0029 -0.5291
vn 0.8486 -0.0026 -0.5291
vn -0.3400 0.0472 0.9392
vn -0.3494 0.0141 0.9369
vn -0.3366 0.0585 0.9398
vn -0.3266 0.0917 0.9407
vn 0.2623 0.0230 0.9647
vn 0.2978 0.0407 0.9537
vn 0.3282 0.0560 0.9429
vn 0.2975 0.0406 0.9539
vn -0.1767 0.1238 0.9764
vn -0.4364 0.1400 0.8888
vn -0.4191 0.0620 0.9058
vn -0.4768 0.0448 0.8779
vn -0.5716 0.0146 0.8204
vn -0.5164 0.0325 0.8557
vn -0.5243 0.0568 0.8496
vn -0.5599 0.0535 0.8268
vn -0.5012 0.7602 -0.4134
vn -0.5000 0.7593 -0.4166
vn -0.4778 0.7423 -0.4697
vn -0.4795 0.7437 -0.4658
vn 0.5498 -0.7581 0.3507
vn 0.5198 -0.7542 0.4012
vn 0.5217 -0.7546 0.3981
vn 0.5511 -0.7583 0.3484
vn 0.6476 0.6889 0.3258
vn 0.6475 0.6881 0.3276
vn 0.6438 0.6661 0.3765
vn 0.6442 0.6679 0.3727
vn -0.6002 -0.6731 -0.4321
vn -0.6061 -0.6944 -0.3879
vn -0.6060 -0.6941 -0.3886
vn -0.6000 -0.6724 -0.4335
vn -0.6151 -0.6630 -0.4267
vn -0.5967 -0.6655 -0.4485
vn -0.5993 -0.6652 -0.4455
vn -0.6176 -0.6626 -0.4237
vn 0.6551 0.6629 0.3625
vn 0.6534 0.6625 0.3664
vn 0.6410 0.6597 0.3924
vn 0.6428 0.6601 0.3887
vn 0.2545 0.0695 0.9646
vn -0.2963 0.1791 0.9382
vn 0.2526 0.0658 0.9653
vn -0.4409 0.1814 0.8790
vn -0.4733 0.0988 0.8754
vn -0.5409 0.1014 0.8349
vn -0.5495 0.1547 0.8211
vn -0.5333 0.1070 0.8391
vn -0.5698 0.0957 0.8162
vn 0.5118 0.0281 0.8586
vn 0.5118 0.0284 0.8586
vn 0.5134 0.0553 0.8564
vn 0.5134 0.0550 0.8564
vn 0.7445 0.0082 0.6676
vn 0.7445 0.0083 0.6676
vn 0.7449 0.0163 0.6669
vn 0.7449 0.0162 0.6669
vn 0.3567 0.0388 0.9334
vn 0.3567 0.0383 0.9335
vn 0.3588 0.0755 0.9303
vn 0.3588 0.0751 0.9304
vn 0.9598 -0.0220 0.2798
vn 0.9903 -0.0316 0.1355
vn 0.9586 -0.0431 0.2816
vn 0.9886 -0.0611 0.1380
vn 0.8609 -0.0052 0.5087
vn 0.8606 -0.0103 0.5091
vn 0.8056 0.0016 0.5925
vn 0.8057 0.0033 0.5923
vn 0.8473 -0.0630 -0.5273
vn 0.8473 -0.0633 -0.5273
vn 0.8439 -0.1231 -0.5223
vn 0.8438 -0.1234 -0.5222
vn -0.3275 0.1842 0.9267
vn -0.3150 0.2165 0.9241
vn -0.3317 0.1731 0.9274
vn -0.3436 0.1408 0.9285
vn 0.3353 0.1322 0.9328
vn 0.3036 0.1203 0.9452
vn 0.2672 0.1067 0.9577
vn 0.3039 0.1205 0.9451
vn -0.1630 0.2409 0.9568
vn -0.4211 0.2669 0.8669
vn -0.5656 0.1454 0.8118
vn -0.5090 0.1628 0.8452
vn -0.4096 0.1902 0.8922
vn -0.4685 0.1745 0.8661
vn -0.5151 0.1868 0.8365
vn -0.5509 0.1839 0.8140
vn -0.4445 0.7468 -0.4947
vn -0.4433 0.7455 -0.4977
vn -0.4227 0.7213 -0.5486
vn -0.4243 0.7232 -0.5449
vn 0.4652 -0.7444 0.4790
vn 0.4941 -0.7556 0.4300
vn 0.4928 -0.7552 0.4323
vn 0.4634 -0.7436 0.4820
vn 0.6935 0.6526 0.3054
vn 0.6940 0.6539 0.3014
vn 0.6987 0.6694 0.2525
vn 0.6985 0.6688 0.2545
vn -0.6507 -0.6687 -0.3599
vn -0.6580 -0.6846 -0.3136
vn -0.6579 -0.6844 -0.3143
vn -0.6504 -0.6681 -0.3614
vn -0.6648 -0.6570 -0.3555
vn -0.6467 -0.6632 -0.3768
vn -0.6492 -0.6623 -0.3739
vn -0.6672 -0.6561 -0.3526
vn 0.6902 0.6481 0.3219
vn 0.6920 0.6480 0.3181
vn 0.7045 0.6470 0.2918
vn 0.7027 0.6471 0.2957
vn 0.2607 0.1500 0.9537
vn 0.2628 0.1534 0.9526
vn -0.2782 0.3005 0.9123
vn -0.4225 0.3073 0.8527
vn -0.4610 0.2275 0.8578
vn -0.5284 0.2307 0.8170
vn -0.5204 0.2362 0.8206
vn -0.5330 0.2828 0.7975
vn 0.5159 0.0817 0.8527
vn 0.5160 0.0820 0.8527
vn 0.5195 0.1080 0.8476
vn 0.5195 0.1083 0.8476
vn 0.7457 0.0240 0.6659
vn 0.7457 0.0241 0.6658
vn 0.7467 0.0318 0.6644
vn 0.7468 0.0319 0.6643
vn 0.3623 0.1115 0.9254
vn 0.3624 0.1119 0.9253
vn 0.3672 0.1479 0.9183
vn 0.3672 0.1475 0.9184
vn 0.9857 -0.0910 0.1421
vn 0.9566 -0.0637 0.2845
vn 0.9538 -0.0843 0.2885
vn 0.9817 -0.1199 0.1477
vn 0.8602 -0.0151 0.5098
vn 0.8595 -0.0201 0.5107
vn 0.8058 0.0048 0.5921
vn 0.8061 0.0064 0.5918
vn 0.8381 -0.1826 -0.5140
vn 0.8381 -0.1829 -0.5140
vn 0.8301 -0.2416 -0.5026
vn 0.8301 -0.2413 -0.5026
vn -0.3140 0.2961 0.9021
vn -0.3283 0.2650 0.9066
vn -0.3090 0.3067 0.9003
vn -0.2941 0.3374 0.8942
vn 0.2783 0.1886 0.9418
vn 0.3159 0.1981 0.9279
vn 0.3481 0.2061 0.9145
vn 0.3156 0.1980 0.9280
vn -0.1406 0.3538 0.9247
vn -0.3964 0.3893 0.8315
vn -0.3906 0.3151 0.8650
vn -0.4506 0.3011 0.8404
vn -0.5498 0.2737 0.7892
vn -0.4920 0.2903 0.8208
vn -0.4963 0.3137 0.8095
vn -0.5323 0.3110 0.7874
vn -0.3696 0.6879 -0.6246
vn -0.3711 0.6903 -0.6212
vn -0.3892 0.7206 -0.5738
vn -0.3882 0.7189 -0.5767
vn 0.4100 -0.7215 0.5580
vn 0.4378 -0.7400 0.5107
vn 0.4365 -0.7392 0.5129
vn 0.4083 -0.7202 0.5609
vn 0.7479 0.6383 0.1820
vn 0.7478 0.6380 0.1840
vn 0.7417 0.6277 0.2363
vn 0.7422 0.6286 0.2322
vn -0.7004 -0.6528 -0.2886
vn -0.7088 -0.6630 -0.2408
vn -0.7087 -0.6629 -0.2416
vn -0.7001 -0.6524 -0.2902
vn -0.7136 -0.6397 -0.2856
vn -0.6961 -0.6494 -0.3060
vn -0.6986 -0.6481 -0.3032
vn -0.7160 -0.6383 -0.2828
vn 0.7522 0.6199 0.2235
vn 0.7504 0.6207 0.2274
vn 0.7381 0.6253 0.2532
vn 0.7400 0.6247 0.2495
vn 0.2775 0.2346 0.9316
vn -0.2512 0.4168 0.8736
vn 0.2751 0.2316 0.9331
vn -0.3948 0.4279 0.8130
vn -0.4392 0.3522 0.8265
vn -0.5063 0.3561 0.7854
vn -0.4979 0.3613 0.7884
vn -0.5071 0.4059 0.7603
vn 0.5240 0.1338 0.8411
vn 0.5241 0.1342 0.8410
vn 0.5296 0.1594 0.8331
vn 0.5296 0.1591 0.8332
vn 0.7481 0.0394 0.6624
vn 0.7481 0.0395 0.6624
vn 0.7497 0.0470 0.6601
vn 0.7497 0.0469 0.6601
vn 0.3734 0.1828 0.9095
vn 0.3735 0.1831 0.9094
vn 0.3810 0.2177 0.8986
vn 0.3809 0.2173 0.8987
vn 0.9766 -0.1489 0.1551
vn 0.9502 -0.1043 0.2935
vn 0.9459 -0.1241 0.2997
vn 0.9706 -0.1766 0.1637
vn 0.8587 -0.0247 0.5119
vn 0.8576 -0.0295 0.5134
vn 0.8063 0.0080 0.5914
vn 0.8067 0.0095 0.5909
vn 0.8200 -0.2990 -0.4881
vn 0.8199 -0.2993 -0.4880
vn 0.8077 -0.3555 -0.4704
vn 0.8076 -0.3558 -0.4703
vn -0.2815 0.4239 0.8609
vn -0.2644 0.4526 0.8516
vn -0.2873 0.4139 0.8638
vn -0.3039 0.3847 0.8716
vn 0.2955 0.2673 0.9172
vn 0.3336 0.2724 0.9025
vn 0.3662 0.2764 0.8885
vn 0.3333 0.2723 0.9026
vn -0.3627 0.5049 0.7833
vn -0.1099 0.4606 0.8808
vn -0.5245 0.3973 0.7530
vn -0.4655 0.4129 0.7828
vn -0.3623 0.4345 0.8245
vn -0.4234 0.4225 0.8014
vn -0.4681 0.4351 0.7691
vn -0.5043 0.4328 0.7472
vn -0.3195 0.6426 -0.6964
vn -0.3208 0.6454 -0.6932
vn -0.3364 0.6820 -0.6494
vn -0.3355 0.6799 -0.6521
vn 0.3570 -0.6860 0.6339
vn 0.3831 -0.7116 0.5890
vn 0.3819 -0.7104 0.5911
vn 0.3554 -0.6844 0.6367
vn 0.7944 0.5963 0.1154
vn 0.7942 0.5962 0.1174
vn 0.7876 0.5921 0.1705
vn 0.7882 0.5925 0.1664
vn -0.7573 -0.6300 -0.1719
vn -0.7482 -0.6254 -0.2213
vn -0.7486 -0.6256 -0.2197
vn -0.7575 -0.6300 -0.1711
vn -0.7464 -0.6227 -0.2347
vn -0.7629 -0.6095 -0.2155
vn -0.7607 -0.6113 -0.2181
vn -0.7441 -0.6245 -0.2373
vn 0.7974 0.5822 0.1587
vn 0.7957 0.5835 0.1624
vn 0.7840 0.5918 0.1876
vn 0.7857 0.5906 0.1840
vn 0.2980 0.3119 0.9022
vn -0.2157 0.5258 0.8228
vn 0.2955 0.3091 0.9040
vn -0.3583 0.5411 0.7608
vn -0.4082 0.4708 0.7821
vn -0.4750 0.4753 0.7405
vn -0.4662 0.4802 0.7430
vn -0.4721 0.5221 0.7103
vn 0.5360 0.1837 0.8240
vn 0.5361 0.1840 0.8239
vn 0.5435 0.2078 0.8133
vn 0.5434 0.2075 0.8134
vn 0.7516 0.0541 0.6574
vn 0.7516 0.0542 0.6574
vn 0.7538 0.0612 0.6542
vn 0.7538 0.0612 0.6543
vn 0.3897 0.2509 0.8861
vn 0.3898 0.2512 0.8860
vn 0.3999 0.2837 0.8715
vn 0.3998 0.2834 0.8717
vn 0.9409 -0.1432 0.3069
vn 0.9633 -0.2041 0.1741
vn 0.9352 -0.1618 0.3151
vn 0.9553 -0.2302 0.1856
vn 0.8565 -0.0339 0.5151
vn 0.8551 -0.0384 0.5171
vn 0.8070 0.0109 0.5904
vn 0.8075 0.0124 0.5898
vn 0.7933 -0.4104 -0.4498
vn 0.7932 -0.4107 -0.4497
vn 0.7767 -0.4638 -0.4262
vn 0.7768 -0.4635 -0.4263
vn -0.2520 0.5247 0.8132
vn -0.2706 0.4978 0.8240
vn -0.2455 0.5338 0.8092
vn -0.2263 0.5600 0.7970
vn 0.3184 0.3413 0.8844
vn 0.3567 0.3419 0.8694
vn 0.3895 0.3420 0.8552
vn 0.3564 0.3419 0.8695
vn -0.3207 0.6119 0.7230
vn -0.0715 0.5594 0.8258
vn -0.3254 0.5465 0.7716
vn -0.3872 0.5367 0.7497
vn -0.4902 0.5141 0.7039
vn -0.4301 0.5283 0.7321
vn -0.4310 0.5491 0.7161
vn -0.4674 0.5471 0.6944
vn -0.2870 0.6316 -0.7203
vn -0.2862 0.6291 -0.7227
vn -0.2733 0.5862 -0.7627
vn -0.2743 0.5895 -0.7598
vn 0.3072 -0.6388 0.7054
vn 0.3311 -0.6709 0.6635
vn 0.3300 -0.6695 0.6655
vn 0.3057 -0.6368 0.7079
vn 0.8305 0.5463 0.1092
vn 0.8311 0.5461 0.1050
vn 0.8373 0.5440 0.0539
vn 0.8371 0.5441 0.0559
vn -0.8031 -0.5862 -0.1063
vn -0.7939 -0.5877 -0.1558
vn -0.7943 -0.5877 -0.1542
vn -0.8033 -0.5862 -0.1055
vn -0.7920 -0.5866 -0.1695
vn -0.8074 -0.5702 -0.1519
vn -0.8053 -0.5724 -0.1543
vn -0.7898 -0.5888 -0.1719
vn 0.8395 0.5344 0.0985
vn 0.8379 0.5362 0.1021
vn 0.8269 0.5480 0.1261
vn 0.8285 0.5464 0.1227
vn 0.3242 0.3837 0.8647
vn -0.1724 0.6258 0.7607
vn 0.3215 0.3814 0.8667
vn -0.3137 0.6450 0.6968
vn -0.3686 0.5814 0.7254
vn -0.4350 0.5864 0.6833
vn -0.4259 0.5908 0.6853
vn -0.4288 0.6293 0.6482
vn 0.5516 0.2304 0.8016
vn 0.5517 0.2307 0.8015
vn 0.5607 0.2524 0.7886
vn 0.5608 0.2526 0.7885
vn 0.7562 0.0680 0.6508
vn 0.7562 0.0679 0.6508
vn 0.7589 0.0745 0.6469
vn 0.7589 0.0744 0.6470
vn 0.4110 0.3146 0.8556
vn 0.4111 0.3150 0.8554
vn 0.4235 0.3449 0.8376
vn 0.4234 0.3446 0.8378
vn 0.9460 -0.2559 0.1989
vn 0.9288 -0.1795 0.3243
vn 0.9217 -0.1967 0.3345
vn 0.9361 -0.2799 0.2132
vn 0.8536 -0.0425 0.5192
vn 0.8519 -0.0466 0.5216
vn 0.8080 0.0137 0.5891
vn 0.8085 0.0151 0.5883
vn 0.7584 -0.5146 -0.3999
vn 0.7583 -0.5149 -0.3998
vn 0.7380 -0.5638 -0.3707
vn 0.7382 -0.5635 -0.3709
vn -0.2086 0.6264 0.7511
vn -0.2292 0.6023 0.7647
vn -0.2015 0.6345 0.7462
vn -0.1804 0.6577 0.7313
vn 0.3466 0.4095 0.8439
vn 0.3849 0.4056 0.8291
vn 0.4175 0.4017 0.8151
vn 0.3846 0.4056 0.8292
vn -0.0260 0.6487 0.7606
vn -0.2709 0.7083 0.6518
vn -0.2804 0.6491 0.7072
vn -0.3429 0.6416 0.6861
vn -0.4474 0.6220 0.6426
vn -0.3863 0.6346 0.6694
vn -0.3858 0.6535 0.6512
vn -0.4223 0.6520 0.6297
vn -0.2316 0.5198 -0.8223
vn -0.2324 0.5234 -0.8198
vn -0.2417 0.5703 -0.7851
vn -0.2412 0.5676 -0.7872
vn 0.2613 -0.5806 0.7711
vn 0.2825 -0.6187 0.7331
vn 0.2815 -0.6170 0.7349
vn 0.2599 -0.5782 0.7734
vn 0.8695 0.4910 0.0532
vn 0.8701 0.4904 0.0491
vn 0.8760 0.4823 -0.0014
vn 0.8758 0.4827 0.0006
vn -0.8367 -0.5396 -0.0934
vn -0.8454 -0.5323 -0.0453
vn -0.8452 -0.5324 -0.0460
vn -0.8364 -0.5398 -0.0950
vn -0.8466 -0.5237 -0.0952
vn -0.8324 -0.5430 -0.1109
vn -0.8344 -0.5403 -0.1087
vn -0.8484 -0.5210 -0.0930
vn 0.8661 0.4949 0.0699
vn 0.8676 0.4927 0.0666
vn 0.8776 0.4775 0.0439
vn 0.8761 0.4797 0.0473
vn 0.3527 0.4471 0.8220
vn 0.3556 0.4490 0.8198
vn -0.1219 0.7150 0.6884
vn -0.2616 0.7378 0.6223
vn -0.3210 0.6819 0.6573
vn -0.3871 0.6873 0.6146
vn -0.3778 0.7256 0.5751
vn -0.3776 0.6912 0.6162
vn 0.5706 0.2732 0.7745
vn 0.5707 0.2734 0.7743
vn 0.5813 0.2931 0.7590
vn 0.5812 0.2928 0.7592
vn 0.7618 0.0805 0.6428
vn 0.7618 0.0806 0.6428
vn 0.7649 0.0863 0.6383
vn 0.7650 0.0864 0.6383
vn 0.4371 0.3733 0.8183
vn 0.4369 0.3730 0.8185
vn 0.4516 0.4001 0.7975
vn 0.4514 0.3998 0.7977
vn 0.9140 -0.2128 0.3454
vn 0.9250 -0.3033 0.2291
vn 0.9057 -0.2282 0.3574
vn 0.9133 -0.3248 0.2458
vn 0.8501 -0.0504 0.5242
vn 0.8481 -0.0541 0.5271
vn 0.8091 0.0163 0.5874
vn 0.8097 0.0175 0.5865
vn 0.7161 -0.6100 -0.3393
vn 0.7160 -0.6102 -0.3391
vn 0.6923 -0.6538 -0.3052
vn 0.6922 -0.6541 -0.3051
vn -0.1580 0.7173 0.6786
vn -0.1803 0.6964 0.6946
vn -0.1503 0.7243 0.6729
vn -0.1276 0.7441 0.6557
vn 0.3798 0.4706 0.7964
vn 0.4176 0.4623 0.7823
vn 0.4497 0.4545 0.7689
vn 0.4172 0.4624 0.7824
vn 0.0258 0.7267 0.6865
vn -0.2144 0.7925 0.5709
vn -0.3969 0.7192 0.5703
vn -0.3349 0.7300 0.5958
vn -0.2281 0.7404 0.6322
vn -0.2910 0.7355 0.6119
vn -0.3331 0.7468 0.5757
vn -0.3696 0.7457 0.5544
vn -0.2014 0.4992 -0.8428
vn -0.2011 0.4962 -0.8446
vn -0.1953 0.4444 -0.8743
vn -0.1958 0.4483 -0.8722
vn 0.2375 -0.5539 0.7980
vn 0.2190 -0.5097 0.8320
vn 0.2201 -0.5124 0.8300
vn 0.2383 -0.5558 0.7964
vn 0.9041 0.4273 0.0037
vn 0.9046 0.4262 -0.0004
vn 0.9097 0.4123 -0.0497
vn 0.9095 0.4129 -0.0477
vn -0.8830 -0.4694 0.0080
vn -0.8749 -0.4827 -0.0398
vn -0.8752 -0.4823 -0.0382
vn -0.8831 -0.4692 0.0088
vn -0.8838 -0.4659 -0.0418
vn -0.8712 -0.4878 -0.0553
vn -0.8730 -0.4848 -0.0534
vn -0.8855 -0.4629 -0.0400
vn 0.9011 0.4332 0.0198
vn 0.9024 0.4306 0.0168
vn 0.9110 0.4123 -0.0041
vn 0.9098 0.4150 -0.0010
vn 0.3915 0.5065 0.7682
vn 0.0227 0.7450 0.6667
vn 0.3885 0.5051 0.7707
vn -0.2071 0.8011 0.5616
vn -0.2345 0.7535 0.6142
vn -0.3284 0.7649 0.5542
vn -0.3212 0.7932 0.5173
vn -0.3222 0.7797 0.5368
vn -0.3482 0.7937 0.4988
vn 0.5927 0.3115 0.7428
vn 0.5926 0.3112 0.7430
vn 0.5986 0.3200 0.7344
vn 0.7683 0.0918 0.6335
vn 0.7700 0.0943 0.6310
vn 0.4669 0.4249 0.7755
vn 0.4671 0.4252 0.7752
vn 0.4752 0.4369 0.7638
vn 0.8969 -0.2424 0.3700
vn 0.9005 -0.3454 0.2640
vn 0.8920 -0.2478 0.3780
vn 0.8940 -0.3549 0.2734
vn 0.8460 -0.0574 0.5300
vn 0.8445 -0.0580 0.5324
vn 0.8104 0.0186 0.5856
vn 0.8107 0.0191 0.5851
vn 0.6670 -0.6949 -0.2689
vn 0.6668 -0.6951 -0.2687
vn 0.6537 -0.7144 -0.2498
vn -0.5256 0.7958 0.3006
vn -0.5128 0.8177 0.2616
vn -0.5225 0.8016 0.2907
vn -0.5344 0.7785 0.3291
vn -0.8411 0.5236 -0.1357
vn -0.8416 0.5111 -0.1746
vn -0.8409 0.4994 -0.2087
vn -0.8416 0.5110 -0.1749
vn -0.3997 0.8631 0.3088
vn -0.5961 0.7922 0.1305
vn -0.3412 0.8040 0.4870
vn -0.4157 0.8167 0.4004
vn -0.4562 0.8191 0.3479
vn -0.3858 0.8128 0.4365
vn -0.3338 0.8265 0.4533
vn -0.3664 0.8271 0.4262
vn 0.8951 0.4195 -0.1508
vn 0.9169 0.3654 -0.1606
vn 0.9184 0.3613 -0.1614
vn 0.8965 0.4163 -0.1514
vn -0.8698 -0.4814 0.1078
vn -0.8688 -0.4836 0.1067
vn -0.8906 -0.4356 0.1304
vn -0.8919 -0.4326 0.1319
vn -0.2387 0.3353 -0.9114
vn -0.2820 0.3547 -0.8914
vn -0.2855 0.3562 -0.8897
vn -0.2404 0.3360 -0.9106
vn 0.3043 -0.4169 0.8565
vn 0.3056 -0.4175 0.8557
vn 0.2644 -0.3984 0.8783
vn 0.2638 -0.3981 0.8786
vn 0.3170 -0.4211 0.8499
vn 0.3179 -0.4244 0.8479
vn 0.3113 -0.4003 0.8619
vn 0.3104 -0.3970 0.8637
vn -0.2818 0.3400 -0.8972
vn -0.2970 0.3610 -0.8840
vn -0.2991 0.3640 -0.8821
vn -0.2841 0.3431 -0.8953
vn -0.8161 0.5552 -0.1601
vn -0.8175 0.5544 -0.1563
vn -0.4855 0.8552 0.1816
vn -0.3714 0.8839 0.2844
vn -0.3908 0.8462 0.3623
vn -0.3271 0.8522 0.4084
vn -0.3314 0.8548 0.3993
vn -0.2883 0.8793 0.3790
vn -0.3019 0.8497 0.4324
vn -0.2693 0.8824 0.3857
vn -0.8764 0.2469 -0.4135
vn -0.8765 0.2467 -0.4134
vn -0.8670 0.2569 -0.4269
vn -0.8669 0.2570 -0.4271
vn -0.8272 0.0197 -0.5616
vn -0.8272 0.0196 -0.5616
vn -0.8264 0.0204 -0.5627
vn -0.8264 0.0205 -0.5627
vn -0.8552 0.4696 -0.2193
vn -0.8550 0.4698 -0.2196
vn -0.8372 0.4889 -0.2452
vn -0.8370 0.4891 -0.2454
vn -0.7088 -0.2187 -0.6707
vn -0.5856 -0.3816 -0.7152
vn -0.7172 -0.2278 -0.6585
vn -0.6000 -0.3971 -0.6945
vn -0.8161 -0.0100 -0.5778
vn -0.8165 -0.0105 -0.5772
vn -0.8275 0.0205 -0.5611
vn -0.8267 0.0214 -0.5622
vn -0.0325 -0.7678 -0.6399
vn -0.0326 -0.7679 -0.6397
vn -0.0619 -0.7993 -0.5977
vn -0.0621 -0.7995 -0.5975
vn -0.4633 0.8607 0.2113
vn -0.4490 0.8772 0.1702
vn -0.4597 0.8650 0.2009
vn -0.4732 0.8472 0.2414
vn -0.8000 0.5676 -0.1945
vn -0.8016 0.5511 -0.2318
vn -0.8019 0.5357 -0.2645
vn -0.8016 0.5509 -0.2322
vn -0.3326 0.9188 0.2127
vn -0.5345 0.8441 0.0422
vn -0.3921 0.8836 0.2561
vn -0.3220 0.8816 0.3452
vn -0.2780 0.8750 0.3965
vn -0.3516 0.8838 0.3087
vn -0.2691 0.8931 0.3605
vn -0.3016 0.8932 0.3334
vn 0.9422 0.2720 -0.1955
vn 0.9246 0.3292 -0.1917
vn 0.9235 0.3326 -0.1914
vn 0.9410 0.2763 -0.1953
vn -0.9031 -0.4003 0.1554
vn -0.9022 -0.4026 0.1546
vn -0.9204 -0.3508 0.1729
vn -0.9214 -0.3475 0.1740
vn -0.2616 0.2790 -0.9240
vn -0.2182 0.2534 -0.9424
vn -0.2166 0.2524 -0.9431
vn -0.2582 0.2770 -0.9255
vn 0.2370 -0.3203 0.9172
vn 0.2364 -0.3199 0.9175
vn 0.2750 -0.3437 0.8979
vn 0.2763 -0.3445 0.8972
vn 0.2838 -0.3275 0.9012
vn 0.2832 -0.3239 0.9027
vn 0.2879 -0.3498 0.8915
vn 0.2885 -0.3533 0.8899
vn -0.2746 0.2886 -0.9172
vn -0.2612 0.2653 -0.9281
vn -0.2592 0.2618 -0.9297
vn -0.2726 0.2852 -0.9189
vn -0.7729 0.5945 -0.2221
vn -0.7742 0.5941 -0.2182
vn -0.4192 0.9037 0.0867
vn -0.3029 0.9346 0.1863
vn -0.3248 0.9071 0.2678
vn -0.2607 0.9132 0.3132
vn -0.2647 0.9152 0.3039
vn -0.2201 0.9341 0.2812
vn -0.2356 0.9114 0.3374
vn -0.2008 0.9364 0.2876
vn -0.8571 0.2661 -0.4412
vn -0.8572 0.2660 -0.4410
vn -0.8469 0.2739 -0.4557
vn -0.8470 0.2738 -0.4556
vn -0.8256 0.0212 -0.5638
vn -0.8248 0.0218 -0.5650
vn -0.8183 0.5062 -0.2722
vn -0.8185 0.5061 -0.2719
vn -0.7992 0.5211 -0.2996
vn -0.7990 0.5213 -0.2999
vn -0.6154 -0.4112 -0.6724
vn -0.7259 -0.2357 -0.6462
vn -0.6309 -0.4233 -0.6502
vn -0.7350 -0.2428 -0.6332
vn -0.8169 -0.0108 -0.5767
vn -0.8173 -0.0111 -0.5761
vn -0.8259 0.0222 -0.5634
vn -0.8250 0.0228 -0.5646
vn -0.0927 -0.8276 -0.5537
vn -0.0925 -0.8274 -0.5539
vn -0.1241 -0.8520 -0.5087
vn -0.1243 -0.8521 -0.5084
vn -0.3966 0.9107 0.1158
vn -0.3812 0.9216 0.0732
vn -0.3928 0.9136 0.1050
vn -0.4074 0.9013 0.1471
vn -0.7605 0.5628 -0.3237
vn -0.7590 0.5813 -0.2932
vn -0.7560 0.6018 -0.2576
vn -0.7590 0.5815 -0.2929
vn -0.2619 0.9586 0.1114
vn -0.4695 0.8814 -0.0508
vn -0.3237 0.9329 0.1581
vn -0.2536 0.9352 0.2472
vn -0.2100 0.9308 0.2991
vn -0.2831 0.9357 0.2105
vn -0.1999 0.9443 0.2614
vn -0.2325 0.9440 0.2343
vn 0.9450 0.2399 -0.2223
vn 0.9583 0.1824 -0.2200
vn 0.9592 0.1780 -0.2198
vn 0.9459 0.2365 -0.2222
vn -0.9300 -0.3124 0.1939
vn -0.9292 -0.3149 0.1933
vn -0.9434 -0.2602 0.2059
vn -0.9441 -0.2567 0.2066
vn -0.2009 0.1652 -0.9656
vn -0.2405 0.1946 -0.9509
vn -0.2437 0.1970 -0.9496
vn -0.2024 0.1663 -0.9651
vn 0.2521 -0.2650 0.9307
vn 0.2533 -0.2660 0.9301
vn 0.2160 -0.2368 0.9472
vn 0.2154 -0.2364 0.9475
vn 0.2644 -0.2726 0.9251
vn 0.2648 -0.2764 0.9239
vn 0.2621 -0.2491 0.9323
vn 0.2617 -0.2454 0.9334
vn -0.2425 0.1792 -0.9535
vn -0.2542 0.2045 -0.9453
vn -0.2558 0.2082 -0.9440
vn -0.2443 0.1829 -0.9523
vn -0.3499 0.9367 -0.0125
vn -0.7270 0.6234 -0.2877
vn -0.7284 0.6236 -0.2839
vn -0.2312 0.9693 0.0836
vn -0.2548 0.9524 0.1675
vn -0.1902 0.9585 0.2123
vn -0.1942 0.9598 0.2028
vn -0.1483 0.9727 0.1784
vn -0.1652 0.9575 0.2366
vn -0.1652 0.9574 0.2366
vn -0.1289 0.9743 0.1846
vn -0.8365 0.2806 -0.4707
vn -0.8366 0.2806 -0.4705
vn -0.8258 0.2861 -0.4859
vn -0.8260 0.2861 -0.4857
vn -0.8240 0.0224 -0.5662
vn -0.8240 0.0223 -0.5661
vn -0.8231 0.0228 -0.5674
vn -0.7793 0.5339 -0.3280
vn -0.7791 0.5340 -0.3283
vn -0.7591 0.5443 -0.3571
vn -0.7589 0.5444 -0.3574
vn -0.6472 -0.4337 -0.6269
vn -0.7441 -0.2487 -0.6200
vn -0.7536 -0.2536 -0.6064
vn -0.6635 -0.4422 -0.6035
vn -0.8178 -0.0114 -0.5755
vn -0.8182 -0.0116 -0.5748
vn -0.8242 0.0234 -0.5659
vn -0.8233 0.0238 -0.5671
vn -0.1565 -0.8729 -0.4622
vn -0.1567 -0.8730 -0.4620
vn -0.1899 -0.8900 -0.4145
vn -0.1897 -0.8900 -0.4147
vn -0.3227 0.9465 0.0046
vn -0.3381 0.9399 0.0479
vn -0.3267 0.9450 0.0157
vn -0.3108 0.9501 -0.0278
vn -0.7098 0.6256 -0.3237
vn -0.7144 0.6020 -0.3567
vn -0.7175 0.5802 -0.3854
vn -0.7144 0.6018 -0.3570
vn -0.1889 0.9820 0.0068
vn -0.4023 0.9036 -0.1471
vn -0.2522 0.9661 0.0557
vn -0.1818 0.9727 0.1443
vn -0.1384 0.9707 0.1965
vn -0.2113 0.9715 0.1077
vn -0.1601 0.9784 0.1306
vn -0.1275 0.9792 0.1577
vn 0.9594 0.1431 -0.2429
vn 0.9684 0.0853 -0.2344
vn 0.9689 0.0810 -0.2337
vn 0.9601 0.1397 -0.2425
vn -0.9594 -0.1651 0.2288
vn -0.9599 -0.1616 0.2292
vn -0.9500 -0.2192 0.2225
vn -0.9494 -0.2218 0.2222
vn -0.1918 0.0751 -0.9785
vn -0.2290 0.1089 -0.9673
vn -0.2321 0.1116 -0.9663
vn -0.1933 0.0765 -0.9782
vn 0.2353 -0.1816 0.9548
vn 0.2364 -0.1827 0.9543
vn 0.2015 -0.1492 0.9681
vn 0.2009 -0.1487 0.9683
vn 0.2470 -0.1907 0.9501
vn 0.2470 -0.1946 0.9493
vn 0.2465 -0.1665 0.9547
vn 0.2464 -0.1627 0.9554
vn -0.2323 0.0934 -0.9682
vn -0.2420 0.1203 -0.9628
vn -0.2433 0.1242 -0.9620
vn -0.2337 0.0974 -0.9674
vn -0.2788 0.9535 -0.1145
vn -0.6794 0.6417 -0.3560
vn -0.6807 0.6423 -0.3521
vn -0.1575 0.9873 -0.0219
vn -0.1820 0.9813 0.0632
vn -0.1169 0.9873 0.1073
vn -0.1208 0.9879 0.0977
vn -0.0742 0.9946 0.0722
vn -0.0920 0.9870 0.1318
vn -0.0547 0.9954 0.0784
vn -0.8150 0.2904 -0.5015
vn -0.8151 0.2904 -0.5013
vn -0.8041 0.2934 -0.5170
vn -0.8040 0.2934 -0.5172
vn -0.8223 0.0231 -0.5686
vn -0.8214 0.0234 -0.5699
vn -0.7384 0.5525 -0.3866
vn -0.7382 0.5526 -0.3869
vn -0.7175 0.5582 -0.4165
vn -0.7173 0.5583 -0.4169
vn -0.6804 -0.4488 -0.5793
vn -0.7632 -0.2574 -0.5928
vn -0.6972 -0.4534 -0.5553
vn -0.7730 -0.2600 -0.5787
vn -0.8186 -0.0118 -0.5742
vn -0.8191 -0.0119 -0.5736
vn -0.8224 0.0242 -0.5684
vn -0.8214 0.0245 -0.5698
vn -0.2236 -0.9033 -0.3662
vn -0.2234 -0.9032 -0.3664
vn -0.2575 -0.9126 -0.3175
vn -0.2577 -0.9126 -0.3173
vn -0.2508 0.9630 -0.0983
vn -0.2664 0.9623 -0.0547
vn -0.2549 0.9630 -0.0872
vn -0.2388 0.9622 -0.1309
vn -0.6735 0.5877 -0.4484
vn -0.6688 0.6118 -0.4225
vn -0.6622 0.6387 -0.3919
vn -0.6687 0.6120 -0.4222
vn -0.1147 0.9884 -0.0995
vn -0.3340 0.9102 -0.2449
vn -0.1788 0.9826 -0.0494
vn -0.1078 0.9934 0.0383
vn -0.0645 0.9938 0.0906
vn -0.1375 0.9905 0.0019
vn -0.0531 0.9973 0.0511
vn -0.0857 0.9960 0.0242
vn 0.9713 -0.0175 -0.2372
vn 0.9668 0.0405 -0.2522
vn 0.9665 0.0439 -0.2530
vn 0.9711 -0.0132 -0.2383
vn -0.9681 -0.0672 0.2413
vn -0.9684 -0.0636 0.2413
vn -0.9628 -0.1221 0.2409
vn -0.9625 -0.1248 0.2409
vn -0.1896 -0.0162 -0.9817
vn -0.2241 0.0212 -0.9743
vn -0.2269 0.0243 -0.9736
vn -0.1910 -0.0148 -0.9815
vn 0.1936 -0.0591 0.9793
vn 0.1931 -0.0585 0.9794
vn 0.2249 -0.0953 0.9697
vn 0.2260 -0.0965 0.9693
vn 0.2371 -0.0810 0.9681
vn 0.2373 -0.0772 0.9684
vn 0.2358 -0.1056 0.9660
vn 0.2356 -0.1095 0.9657
vn -0.2372 0.0381 -0.9707
vn -0.2297 0.0102 -0.9732
vn -0.2285 0.0061 -0.9735
vn -0.2361 0.0340 -0.9711
vn -0.2070 0.9539 -0.2173
vn -0.6308 0.6489 -0.4256
vn -0.6321 0.6500 -0.4218
vn -0.0832 0.9882 -0.1284
vn -0.1077 0.9932 -0.0433
vn -0.0422 0.9991 0.0002
vn -0.0460 0.9989 -0.0094
vn 0.0009 0.9994 -0.0353
vn -0.0172 0.9995 0.0246
vn 0.0204 0.9994 -0.0292
vn -0.0172 0.9995 0.0247
vn -0.7931 0.2951 -0.5328
vn -0.7929 0.2951 -0.5330
vn -0.7820 0.2956 -0.5488
vn -0.7818 0.2956 -0.5490
vn -0.8205 0.0235 -0.5711
vn -0.8196 0.0236 -0.5724
vn -0.6965 0.5616 -0.4467
vn -0.6963 0.5616 -0.4470
vn -0.6751 0.5625 -0.4773
vn -0.6754 0.5625 -0.4770
vn -0.7827 -0.2616 -0.5648
vn -0.7145 -0.4561 -0.5305
vn -0.7315 -0.4568 -0.5062
vn -0.7926 -0.2620 -0.5505
vn -0.8195 -0.0120 -0.5729
vn -0.8200 -0.0120 -0.5723
vn -0.8205 0.0246 -0.5710
vn -0.8196 0.0247 -0.5724
vn -0.2921 -0.9181 -0.2679
vn -0.2920 -0.9181 -0.2682
vn -0.3265 -0.9195 -0.2187
vn -0.3267 -0.9195 -0.2184
vn -0.1783 0.9630 -0.2022
vn -0.1938 0.9681 -0.1588
vn -0.1823 0.9645 -0.1911
vn -0.1665 0.9578 -0.2344
vn -0.6140 0.6407 -0.4609
vn -0.6226 0.6116 -0.4882
vn -0.6294 0.5849 -0.5116
vn -0.6227 0.6113 -0.4884
vn -0.0406 0.9778 -0.2055
vn -0.2659 0.9011 -0.3426
vn 0.0106 0.9998 -0.0169
vn -0.0628 0.9925 -0.1050
vn -0.1049 0.9823 -0.1554
vn -0.0328 0.9971 -0.0691
vn 0.0220 0.9982 -0.0565
vn -0.0107 0.9965 -0.0833
vn 0.9663 -0.1156 -0.2300
vn 0.9661 -0.0594 -0.2512
vn 0.9660 -0.0562 -0.2524
vn 0.9664 -0.1115 -0.2316
vn -0.9694 0.0319 0.2432
vn -0.9694 0.0355 0.2428
vn -0.9683 -0.0230 0.2488
vn -0.9682 -0.0257 0.2490
vn -0.2284 -0.0635 -0.9715
vn -0.1955 -0.1057 -0.9750
vn -0.1942 -0.1073 -0.9751
vn -0.2258 -0.0668 -0.9719
vn 0.1926 0.0321 0.9808
vn 0.1922 0.0327 0.9808
vn 0.2210 -0.0071 0.9753
vn 0.2219 -0.0084 0.9750
vn -0.8199 -0.0001 -0.5724
vn 0.2312 -0.0186 0.9727
vn 0.2306 -0.0225 0.9728
vn 0.2343 0.0059 0.9721
vn 0.2348 0.0097 0.9720
vn -0.2314 -0.0814 -0.9695
vn -0.2369 -0.0528 -0.9701
vn -0.2376 -0.0487 -0.9701
vn -0.2322 -0.0772 -0.9696
vn -0.5821 0.6449 -0.4953
vn -0.5833 0.6465 -0.4917
vn -0.1357 0.9379 -0.3194
vn -0.0093 0.9722 -0.2341
vn -0.0331 0.9881 -0.1501
vn 0.0329 0.9937 -0.1073
vn 0.0290 0.9927 -0.1168
vn 0.0756 0.9869 -0.1424
vn 0.0579 0.9949 -0.0829
vn 0.0951 0.9861 -0.1363
vn -0.7709 0.2948 -0.5647
vn -0.7707 0.2948 -0.5649
vn -0.7598 0.2928 -0.5805
vn -0.7597 0.2927 -0.5807
vn -0.8187 0.0235 -0.5737
vn -0.8188 0.0235 -0.5737
vn -0.8179 0.0233 -0.5749
vn -0.6540 0.5609 -0.5076
vn -0.6542 0.5610 -0.5072
vn -0.6332 0.5570 -0.5373
vn -0.6330 0.5570 -0.5377
vn -0.8024 -0.2613 -0.5366
vn -0.7489 -0.4556 -0.4813
vn -0.7657 -0.4524 -0.4571
vn -0.8123 -0.2594 -0.5224
vn -0.8204 -0.0120 -0.5716
vn -0.8209 -0.0119 -0.5710
vn -0.8187 0.0246 -0.5737
vn -0.8178 0.0244 -0.5751
vn -0.3612 -0.9170 -0.1690
vn -0.3611 -0.9171 -0.1692
vn -0.3954 -0.9106 -0.1200
vn -0.3956 -0.9106 -0.1198
vn -0.1064 0.9463 -0.3052
vn -0.1213 0.9572 -0.2627
vn -0.1102 0.9493 -0.2944
vn -0.0952 0.9368 -0.3366
vn -0.5661 0.6317 -0.5295
vn -0.5770 0.6005 -0.5536
vn -0.5858 0.5722 -0.5740
vn -0.5771 0.6003 -0.5538
vn 0.0319 0.9504 -0.3095
vn -0.1989 0.8765 -0.4384
vn 0.0855 0.9886 -0.1241
vn 0.0114 0.9774 -0.2113
vn -0.0316 0.9650 -0.2604
vn 0.0418 0.9835 -0.1759
vn 0.0966 0.9818 -0.1633
vn 0.0637 0.9797 -0.1898
vn 0.9540 -0.2118 -0.2123
vn 0.9579 -0.1583 -0.2394
vn 0.9580 -0.1552 -0.2410
vn 0.9544 -0.2079 -0.2144
vn -0.9633 0.1304 0.2345
vn -0.9630 0.1339 0.2337
vn -0.9663 0.0765 0.2459
vn -0.9663 0.0739 0.2464
vn -0.2057 -0.1965 -0.9587
vn -0.2342 -0.1537 -0.9600
vn -0.2365 -0.1501 -0.9600
vn -0.2068 -0.1948 -0.9588
vn 0.2238 0.0811 0.9713
vn 0.2246 0.0797 0.9712
vn 0.1984 0.1227 0.9724
vn 0.1980 0.1233 0.9724
vn 0.2330 0.0687 0.9700
vn 0.2322 0.0648 0.9705
vn 0.2380 0.0926 0.9668
vn 0.2388 0.0964 0.9663
vn -0.2408 -0.1675 -0.9560
vn -0.2441 -0.1388 -0.9598
vn -0.2446 -0.1347 -0.9602
vn -0.2413 -0.1632 -0.9566
vn -0.5341 0.6298 -0.5641
vn -0.5351 0.6319 -0.5607
vn -0.0663 0.9057 -0.4188
vn 0.0626 0.9393 -0.3372
vn 0.0405 0.9660 -0.2555
vn 0.1069 0.9711 -0.2132
vn 0.1028 0.9695 -0.2226
vn 0.1489 0.9575 -0.2472
vn 0.1320 0.9731 -0.1890
vn 0.1682 0.9558 -0.2410
vn -0.7487 0.2894 -0.5964
vn -0.7489 0.2894 -0.5962
vn -0.7381 0.2849 -0.6116
vn -0.7379 0.2848 -0.6118
vn -0.8170 0.0231 -0.5762
vn -0.8161 0.0227 -0.5774
vn -0.6124 0.5507 -0.5672
vn -0.6122 0.5506 -0.5675
vn -0.5918 0.5420 -0.5966
vn -0.5916 0.5419 -0.5969
vn -0.7828 -0.4472 -0.4326
vn -0.8219 -0.2565 -0.5087
vn -0.8315 -0.2524 -0.4948
vn -0.7993 -0.4402 -0.4090
vn -0.8213 -0.0117 -0.5704
vn -0.8218 -0.0115 -0.5697
vn -0.8169 0.0242 -0.5763
vn -0.8159 0.0238 -0.5776
vn -0.4297 -0.9002 -0.0710
vn -0.4295 -0.9003 -0.0712
vn -0.4631 -0.8860 -0.0231
vn -0.4632 -0.8859 -0.0229
vn -0.0364 0.9134 -0.4054
vn -0.0502 0.9299 -0.3644
vn -0.0400 0.9178 -0.3950
vn -0.0260 0.8997 -0.4356
vn -0.5193 0.6119 -0.5966
vn -0.5326 0.5792 -0.6172
vn -0.5436 0.5495 -0.6345
vn -0.5327 0.5789 -0.6173
vn 0.1019 0.9066 -0.4096
vn -0.1344 0.8368 -0.5308
vn 0.0398 0.9311 -0.3626
vn 0.1147 0.9530 -0.2803
vn 0.1588 0.9603 -0.2293
vn 0.0837 0.9454 -0.3150
vn 0.1693 0.9486 -0.2674
vn 0.1362 0.9461 -0.2937
vn 0.9427 -0.2516 -0.2190
vn 0.9352 -0.3006 -0.1869
vn 0.9345 -0.3043 -0.1845
vn 0.9424 -0.2545 -0.2171
vn -0.9499 0.2267 0.2152
vn -0.9493 0.2301 0.2141
vn -0.9568 0.1747 0.2324
vn -0.9571 0.1721 0.2332
vn -0.2237 -0.2824 -0.9329
vn -0.2489 -0.2379 -0.9389
vn -0.2509 -0.2342 -0.9392
vn -0.2247 -0.2806 -0.9331
vn 0.2332 0.1680 0.9578
vn 0.2339 0.1665 0.9579
vn 0.2110 0.2112 0.9544
vn 0.2106 0.2119 0.9543
vn 0.2415 0.1548 0.9580
vn 0.2404 0.1511 0.9589
vn 0.2482 0.1778 0.9522
vn 0.2493 0.1814 0.9513
vn -0.2565 -0.2506 -0.9335
vn -0.2577 -0.2224 -0.9403
vn -0.2578 -0.2183 -0.9412
vn -0.2567 -0.2465 -0.9345
vn -0.4876 0.6038 -0.6306
vn -0.4885 0.6063 -0.6275
vn 0.0001 0.8579 -0.5139
vn 0.1315 0.8903 -0.4359
vn 0.1118 0.9272 -0.3576
vn 0.1785 0.9319 -0.3158
vn 0.1743 0.9295 -0.3250
vn 0.2192 0.9115 -0.3480
vn 0.2038 0.9345 -0.2919
vn 0.2385 0.9091 -0.3416
vn -0.7273 0.2790 -0.6270
vn -0.7275 0.2791 -0.6268
vn -0.7170 0.2720 -0.6419
vn -0.7171 0.2721 -0.6417
vn -0.8153 0.0223 -0.5786
vn -0.8145 0.0217 -0.5798
vn -0.5715 0.5308 -0.6258
vn -0.5717 0.5310 -0.6255
vn -0.5519 0.5176 -0.6538
vn -0.5517 0.5175 -0.6541
vn -0.8159 -0.4311 -0.3853
vn -0.8408 -0.2473 -0.4815
vn -0.8317 -0.4204 -0.3626
vn -0.8501 -0.2410 -0.4682
vn -0.8222 -0.0113 -0.5691
vn -0.8226 -0.0110 -0.5685
vn -0.8151 0.0233 -0.5789
vn -0.8142 0.0227 -0.5802
vn -0.4961 -0.8680 0.0241
vn -0.4962 -0.8679 0.0244
vn -0.5285 -0.8460 0.0705
vn -0.5283 -0.8462 0.0703
vn 0.0274 0.8705 -0.4915
vn 0.0398 0.8472 -0.5298
vn 0.0305 0.8647 -0.5013
vn 0.0182 0.8865 -0.4624
vn -0.4744 0.5815 -0.6610
vn -0.4901 0.5478 -0.6779
vn -0.5034 0.5174 -0.6920
vn -0.4903 0.5475 -0.6781
vn 0.1679 0.8471 -0.5042
vn -0.0735 0.7826 -0.6181
vn 0.1081 0.8811 -0.4603
vn 0.1847 0.9061 -0.3806
vn 0.2295 0.9155 -0.3304
vn 0.1531 0.8972 -0.4143
vn 0.2056 0.8962 -0.3931
vn 0.2388 0.8990 -0.3670
vn 0.9203 -0.3436 -0.1869
vn 0.9093 -0.3882 -0.1498
vn 0.9083 -0.3915 -0.1470
vn 0.9198 -0.3463 -0.1847
vn -0.9293 0.3191 0.1858
vn -0.9285 0.3223 0.1843
vn -0.9401 0.2699 0.2084
vn -0.9405 0.2675 0.2095
vn -0.2480 -0.3633 -0.8980
vn -0.2698 -0.3180 -0.9089
vn -0.2716 -0.3142 -0.9097
vn -0.2489 -0.3616 -0.8985
vn 0.2301 0.2960 0.9271
vn 0.2298 0.2967 0.9269
vn 0.2490 0.2518 0.9352
vn 0.2496 0.2503 0.9354
vn 0.2562 0.2382 0.9368
vn 0.2549 0.2347 0.9381
vn 0.2647 0.2599 0.9287
vn 0.2660 0.2633 0.9273
vn -0.2783 -0.3295 -0.9022
vn -0.2774 -0.3021 -0.9120
vn -0.2773 -0.2982 -0.9134
vn -0.2782 -0.3255 -0.9037
vn 0.0623 0.7953 -0.6030
vn -0.4435 0.5674 -0.6937
vn -0.4442 0.5704 -0.6909
vn 0.1961 0.8260 -0.5285
vn 0.1795 0.8724 -0.4546
vn 0.2466 0.8765 -0.4134
vn 0.2422 0.8735 -0.4222
vn 0.2855 0.8498 -0.4430
vn 0.2721 0.8798 -0.3897
vn 0.3046 0.8467 -0.4362
vn -0.7069 0.2638 -0.6563
vn -0.7070 0.2639 -0.6561
vn -0.6973 0.2546 -0.6701
vn -0.6972 0.2545 -0.6702
vn -0.8137 0.0211 -0.5810
vn -0.8129 0.0203 -0.5821
vn -0.5328 0.5021 -0.6812
vn -0.5326 0.5019 -0.6815
vn -0.5142 0.4844 -0.7078
vn -0.5140 0.4842 -0.7081
vn -0.8475 -0.4076 -0.3400
vn -0.8590 -0.2338 -0.4555
vn -0.8624 -0.3934 -0.3187
vn -0.8677 -0.2255 -0.4430
vn -0.8230 -0.0107 -0.5679
vn -0.8234 -0.0103 -0.5673
vn -0.8134 0.0220 -0.5813
vn -0.8125 0.0213 -0.5825
vn -0.5598 -0.8206 0.1154
vn -0.5596 -0.8207 0.1152
vn -0.5901 -0.7915 0.1588
vn -0.5900 -0.7917 0.1586
vn 0.0906 0.8081 -0.5820
vn 0.1010 0.7800 -0.6176
vn 0.0932 0.8011 -0.5912
vn 0.0827 0.8278 -0.5548
vn -0.4321 0.5411 -0.7215
vn -0.4504 0.5071 -0.7348
vn -0.4660 0.4764 -0.7456
vn -0.4506 0.5068 -0.7350
vn 0.2289 0.7731 -0.5916
vn -0.0171 0.7150 -0.6989
vn 0.1720 0.8160 -0.5519
vn 0.2505 0.8436 -0.4749
vn 0.2961 0.8549 -0.4259
vn 0.2183 0.8335 -0.5077
vn 0.3041 0.8340 -0.4605
vn 0.2706 0.8309 -0.4862
vn 0.8758 -0.4721 -0.1004
vn 0.8905 -0.4321 -0.1428
vn 0.8912 -0.4297 -0.1452
vn 0.8770 -0.4692 -0.1036
vn -0.9164 0.3604 0.1744
vn -0.9170 0.3581 0.1757
vn -0.9020 0.4060 0.1467
vn -0.9010 0.4089 0.1449
vn -0.2782 -0.4380 -0.8548
vn -0.2966 -0.3926 -0.8706
vn -0.2980 -0.3888 -0.8718
vn -0.2789 -0.4363 -0.8555
vn 0.2709 0.3315 0.9037
vn 0.2714 0.3300 0.9041
vn 0.2554 0.3758 0.8908
vn 0.2551 0.3765 0.8906
vn -0.8200 -0.0001 -0.5724
vn 0.2772 0.3176 0.9068
vn 0.2755 0.3143 0.9084
vn 0.2872 0.3376 0.8964
vn 0.2887 0.3407 0.8947
vn -0.3025 -0.3729 -0.8772
vn -0.3055 -0.3988 -0.8646
vn -0.3059 -0.4027 -0.8627
vn -0.3030 -0.3767 -0.8754
vn 0.1193 0.7190 -0.6847
vn -0.4026 0.5213 -0.7525
vn -0.4030 0.5246 -0.7500
vn 0.2554 0.7474 -0.6133
vn 0.2426 0.8026 -0.5450
vn 0.3099 0.8061 -0.5041
vn 0.3053 0.8025 -0.5126
vn 0.3466 0.7735 -0.5306
vn 0.3357 0.8100 -0.4809
vn 0.3654 0.7697 -0.5234
vn -0.6878 0.2440 -0.6837
vn -0.6879 0.2442 -0.6835
vn -0.6789 0.2327 -0.6964
vn -0.6788 0.2326 -0.6965
vn -0.8121 0.0195 -0.5832
vn -0.8121 0.0195 -0.5831
vn -0.8114 0.0186 -0.5842
vn -0.4962 0.4643 -0.7336
vn -0.4964 0.4646 -0.7333
vn -0.4793 0.4427 -0.7578
vn -0.4791 0.4425 -0.7581
vn -0.8770 -0.3771 -0.2977
vn -0.8759 -0.2163 -0.4313
vn -0.8839 -0.2061 -0.4198
vn -0.8907 -0.3596 -0.2781
vn -0.8238 -0.0099 -0.5668
vn -0.8242 -0.0094 -0.5663
vn -0.8118 0.0204 -0.5836
vn -0.8110 0.0194 -0.5847
vn -0.6191 -0.7593 0.2004
vn -0.6193 -0.7591 0.2006
vn -0.6470 -0.7236 0.2403
vn -0.6471 -0.7234 0.2405
vn 0.1507 0.7238 -0.6734
vn 0.1423 0.7549 -0.6402
vn 0.1486 0.7319 -0.6650
vn 0.1567 0.6994 -0.6974
vn -0.3932 0.4913 -0.7772
vn -0.4141 0.4576 -0.7869
vn -0.4320 0.4271 -0.7943
vn -0.4143 0.4573 -0.7869
vn 0.2838 0.6857 -0.6702
vn 0.0338 0.6351 -0.7717
vn 0.3577 0.7796 -0.5140
vn 0.2781 0.7554 -0.5933
vn 0.2304 0.7368 -0.6356
vn 0.3112 0.7665 -0.5618
vn 0.3639 0.7545 -0.5461
vn 0.3301 0.7512 -0.5715
vn 0.8559 -0.5084 -0.0946
vn 0.8390 -0.5420 -0.0490
vn 0.8376 -0.5444 -0.0456
vn 0.8550 -0.5105 -0.0919
vn -0.8860 0.4447 0.1310
vn -0.8868 0.4427 0.1325
vn -0.8685 0.4859 0.0986
vn -0.8672 0.4885 0.0965
vn -0.3137 -0.5052 -0.8040
vn -0.3287 -0.4605 -0.8246
vn -0.3299 -0.4568 -0.8262
vn -0.3143 -0.5035 -0.8048
vn 0.2987 0.4053 0.8640
vn 0.2991 0.4038 0.8646
vn 0.2864 0.4490 0.8463
vn 0.2862 0.4497 0.8461
vn 0.3039 0.3914 0.8686
vn 0.3020 0.3885 0.8705
vn 0.3153 0.4094 0.8561
vn 0.3171 0.4122 0.8541
vn -0.3387 -0.4689 -0.8157
vn -0.3339 -0.4447 -0.8311
vn -0.3332 -0.4412 -0.8333
vn -0.3380 -0.4654 -0.8180
vn -0.3654 0.4662 -0.8057
vn -0.3656 0.4697 -0.8036
vn 0.1701 0.6303 -0.7574
vn 0.3082 0.6560 -0.6890
vn 0.2999 0.7190 -0.6270
vn 0.3675 0.7218 -0.5865
vn 0.3626 0.7176 -0.5946
vn 0.4015 0.6839 -0.6092
vn 0.3936 0.7262 -0.5637
vn 0.4200 0.6795 -0.6016
vn -0.6704 0.2203 -0.7085
vn -0.6703 0.2201 -0.7087
vn -0.6624 0.2068 -0.7201
vn -0.6623 0.2067 -0.7202
vn -0.8107 0.0176 -0.5852
vn -0.8107 0.0176 -0.5851
vn -0.8101 0.0165 -0.5861
vn -0.4629 0.4188 -0.7812
vn -0.4631 0.4190 -0.7810
vn -0.4478 0.3935 -0.8029
vn -0.4477 0.3932 -0.8031
vn -0.8914 -0.1951 -0.4091
vn -0.9040 -0.3400 -0.2590
vn -0.9163 -0.3195 -0.2415
vn -0.8986 -0.1831 -0.3988
vn -0.8245 -0.0089 -0.5658
vn -0.8248 -0.0083 -0.5653
vn -0.8103 0.0184 -0.5857
vn -0.8096 0.0173 -0.5867
vn -0.6736 -0.6846 0.2785
vn -0.6735 -0.6848 0.2783
vn -0.6985 -0.6431 0.3140
vn -0.6986 -0.6428 0.3142
vn 0.2003 0.6430 -0.7392
vn 0.2059 0.6067 -0.7678
vn 0.2018 0.6339 -0.7466
vn 0.1959 0.6690 -0.7170
vn -0.3584 0.4331 -0.8270
vn -0.3818 0.4002 -0.8331
vn -0.4020 0.3705 -0.8373
vn -0.3820 0.3999 -0.8332
vn 0.3317 0.5866 -0.7389
vn 0.0782 0.5442 -0.8353
vn 0.2825 0.6450 -0.7101
vn 0.3655 0.6763 -0.6396
vn 0.4130 0.6909 -0.5933
vn 0.3315 0.6643 -0.6699
vn 0.4172 0.6621 -0.6225
vn 0.3832 0.6586 -0.6476
vn 0.7942 -0.6075 0.0165
vn 0.8139 -0.5800 -0.0331
vn 0.8150 -0.5784 -0.0360
vn 0.7957 -0.6055 0.0128
vn -0.8292 0.5574 0.0423
vn -0.8278 0.5597 0.0400
vn -0.8497 0.5214 0.0789
vn -0.8506 0.5196 0.0806
vn -0.3539 -0.5637 -0.7463
vn -0.3656 -0.5204 -0.7717
vn -0.3665 -0.5168 -0.7737
vn -0.3544 -0.5620 -0.7473
vn 0.3317 0.4723 0.8167
vn 0.3320 0.4708 0.8174
vn 0.3227 0.5146 0.7944
vn 0.3226 0.5152 0.7940
vn 0.3486 0.4742 0.8085
vn 0.3505 0.4766 0.8062
vn 0.3359 0.4586 0.8227
vn 0.3338 0.4560 0.8250
vn -0.3762 -0.5271 -0.7620
vn -0.3697 -0.5051 -0.7799
vn -0.3687 -0.5019 -0.7824
vn -0.3753 -0.5239 -0.7647
vn -0.3327 0.4030 -0.8526
vn -0.3326 0.4068 -0.8508
vn 0.2138 0.5308 -0.8201
vn 0.3537 0.5532 -0.7542
vn 0.3504 0.6230 -0.6994
vn 0.4182 0.6250 -0.6591
vn 0.4129 0.6204 -0.6668
vn 0.4492 0.5825 -0.6774
vn 0.4446 0.6299 -0.6368
vn 0.4673 0.5776 -0.6694
vn -0.6549 0.1925 -0.7308
vn -0.6548 0.1923 -0.7309
vn -0.6479 0.1774 -0.7408
vn -0.6478 0.1772 -0.7409
vn -0.8095 0.0154 -0.5869
vn -0.8089 0.0142 -0.5877
vn -0.4334 0.3660 -0.8236
vn -0.4335 0.3663 -0.8233
vn -0.4203 0.3375 -0.8423
vn -0.4201 0.3371 -0.8425
vn -0.9280 -0.2972 -0.2247
vn -0.9052 -0.1705 -0.3894
vn -0.9386 -0.2740 -0.2094
vn -0.9114 -0.1570 -0.3804
vn -0.8251 -0.0078 -0.5649
vn -0.8254 -0.0071 -0.5645
vn -0.8090 0.0161 -0.5876
vn -0.8084 0.0148 -0.5884
vn -0.7219 -0.5983 0.3476
vn -0.7218 -0.5985 0.3475
vn -0.7434 -0.5514 0.3784
vn -0.7435 -0.5512 0.3786
vn 0.2457 0.5331 -0.8096
vn 0.2426 0.5716 -0.7839
vn 0.2450 0.5431 -0.8032
vn 0.2477 0.5036 -0.8277
vn -0.3283 0.3674 -0.8702
vn -0.3541 0.3359 -0.8728
vn -0.3764 0.3076 -0.8739
vn -0.3543 0.3356 -0.8728
vn 0.3718 0.4773 -0.7962
vn 0.1154 0.4439 -0.8886
vn 0.3271 0.5420 -0.7741
vn 0.4126 0.5744 -0.7070
vn 0.4613 0.5903 -0.6624
vn 0.3777 0.5618 -0.7360
vn 0.4289 0.5547 -0.7130
vn 0.4632 0.5583 -0.6883
vn 0.7692 -0.6384 0.0296
vn 0.7482 -0.6586 0.0810
vn 0.7465 -0.6600 0.0849
vn 0.7680 -0.6396 0.0326
vn -0.8079 0.5891 0.0190
vn -0.8089 0.5876 0.0209
vn -0.7849 0.6193 -0.0211
vn -0.7833 0.6212 -0.0237
vn -0.3982 -0.6124 -0.6829
vn -0.4067 -0.5714 -0.7128
vn -0.4074 -0.5680 -0.7152
vn -0.3986 -0.6108 -0.6841
vn 0.3636 0.5713 0.7358
vn 0.3635 0.5719 0.7354
vn 0.3695 0.5309 0.7626
vn 0.3697 0.5296 0.7635
vn 0.3726 0.5178 0.7701
vn 0.3704 0.5157 0.7726
vn 0.3864 0.5308 0.7543
vn 0.3885 0.5328 0.7518
vn -0.4177 -0.5762 -0.7025
vn -0.4096 -0.5568 -0.7226
vn -0.4084 -0.5539 -0.7255
vn -0.4166 -0.5733 -0.7055
vn -0.3049 0.3330 -0.8923
vn -0.3046 0.3368 -0.8909
vn 0.2497 0.4221 -0.8715
vn 0.3912 0.4410 -0.8078
vn 0.3933 0.5162 -0.7608
vn 0.4612 0.5175 -0.7207
vn 0.4556 0.5125 -0.7279
vn 0.4889 0.4710 -0.7343
vn 0.4880 0.5227 -0.6990
vn 0.5066 0.4657 -0.7256
vn -0.6415 0.1613 -0.7500
vn -0.6415 0.1615 -0.7499
vn -0.6358 0.1449 -0.7581
vn -0.6357 0.1447 -0.7582
vn -0.8084 0.0129 -0.5885
vn -0.8080 0.0116 -0.5891
vn -0.4082 0.3072 -0.8597
vn -0.4081 0.3069 -0.8598
vn -0.3972 0.2756 -0.8754
vn -0.3971 0.2753 -0.8755
vn -0.9170 -0.1430 -0.3724
vn -0.9486 -0.2492 -0.1952
vn -0.9574 -0.2238 -0.1826
vn -0.9221 -0.1281 -0.3651
vn -0.8257 -0.0065 -0.5641
vn -0.8259 -0.0058 -0.5638
vn -0.8079 0.0135 -0.5892
vn -0.8074 0.0121 -0.5899
vn -0.7632 -0.5020 0.4068
vn -0.7633 -0.5017 0.4070
vn -0.7811 -0.4503 0.4325
vn -0.7812 -0.4500 0.4326
vn 0.2817 0.4338 -0.8558
vn 0.2814 0.3918 -0.8760
vn 0.2817 0.4232 -0.8611
vn 0.2816 0.4643 -0.8397
vn -0.3033 0.2954 -0.9059
vn -0.3315 0.2658 -0.9053
vn -0.3558 0.2393 -0.9034
vn -0.3317 0.2655 -0.9052
vn 0.4033 0.3598 -0.8414
vn 0.1447 0.3360 -0.9307
vn 0.5015 0.4795 -0.7201
vn 0.4158 0.4496 -0.7906
vn 0.3637 0.4296 -0.8265
vn 0.4516 0.4626 -0.7629
vn 0.5009 0.4448 -0.7424
vn 0.4664 0.4412 -0.7667
vn 0.6952 -0.7011 0.1583
vn 0.7180 -0.6882 0.1043
vn 0.7193 -0.6874 0.1011
vn 0.6970 -0.7003 0.1543
vn -0.7613 0.6466 -0.0476
vn -0.7625 0.6454 -0.0455
vn -0.7363 0.6705 -0.0907
vn -0.7346 0.6720 -0.0935
vn -0.4517 -0.6093 -0.6517
vn -0.4460 -0.6492 -0.6161
vn -0.4458 -0.6506 -0.6148
vn -0.4513 -0.6125 -0.6489
vn 0.4084 0.6181 0.6717
vn 0.4083 0.6187 0.6712
vn 0.4113 0.5807 0.7026
vn 0.4114 0.5794 0.7036
vn 0.4282 0.5782 0.6945
vn 0.4305 0.5798 0.6918
vn 0.4135 0.5681 0.7115
vn 0.4111 0.5664 0.7142
vn -0.4626 -0.6153 -0.6383
vn -0.4532 -0.5989 -0.6603
vn -0.4518 -0.5965 -0.6634
vn -0.4612 -0.6129 -0.6416
vn 0.2771 0.3062 -0.9107
vn -0.2827 0.2571 -0.9241
vn -0.2820 0.2611 -0.9232
vn 0.4198 0.3211 -0.8489
vn 0.4278 0.4006 -0.8103
vn 0.4958 0.4011 -0.7703
vn 0.4898 0.3958 -0.7768
vn 0.5198 0.3515 -0.7786
vn 0.5230 0.4066 -0.7491
vn 0.5371 0.3457 -0.7694
vn -0.6307 0.1277 -0.7655
vn -0.6306 0.1274 -0.7656
vn -0.6261 0.1096 -0.7720
vn -0.6262 0.1099 -0.7719
vn -0.8076 0.0102 -0.5897
vn -0.8072 0.0088 -0.5902
vn -0.3874 0.2425 -0.8895
vn -0.3875 0.2428 -0.8893
vn -0.3789 0.2090 -0.9015
vn -0.3789 0.2086 -0.9016
vn -0.9654 -0.1968 -0.1712
vn -0.9266 -0.1130 -0.3587
vn -0.9722 -0.1697 -0.1614
vn -0.9306 -0.0971 -0.3529
vn -0.8261 -0.0051 -0.5635
vn -0.8263 -0.0044 -0.5632
vn -0.8070 0.0107 -0.5905
vn -0.8066 0.0092 -0.5910
vn -0.7972 -0.3964 0.4554
vn -0.7971 -0.3967 0.4553
vn -0.8110 -0.3414 0.4752
vn -0.8110 -0.3411 0.4753
vn 0.3092 0.3060 -0.9004
vn 0.3122 0.3490 -0.8836
vn 0.3100 0.3170 -0.8963
vn 0.3064 0.2733 -0.9118
vn -0.2840 0.2183 -0.9336
vn -0.3143 0.1912 -0.9299
vn -0.3405 0.1669 -0.9253
vn -0.3145 0.1909 -0.9299
vn 0.4257 0.2361 -0.8735
vn 0.1658 0.2224 -0.9608
vn 0.5332 0.3604 -0.7654
vn 0.4451 0.3297 -0.8326
vn 0.3916 0.3099 -0.8664
vn 0.4819 0.3428 -0.8064
vn 0.5299 0.3237 -0.7839
vn 0.4951 0.3201 -0.8077
vn 0.6661 -0.7245 0.1772
vn 0.6432 -0.7299 0.2314
vn 0.6413 -0.7302 0.2355
vn 0.6648 -0.7249 0.1805
vn -0.6843 0.7102 -0.1651
vn -0.6825 0.7113 -0.1681
vn -0.7109 0.6930 -0.1199
vn -0.7121 0.6921 -0.1177
vn -0.4988 -0.6402 -0.5843
vn -0.4959 -0.6763 -0.5447
vn -0.4958 -0.6776 -0.5431
vn -0.4986 -0.6431 -0.5812
vn 0.4566 0.6202 0.6379
vn 0.4565 0.6190 0.6390
vn 0.4563 0.6543 0.6031
vn 0.4563 0.6548 0.6025
vn 0.4578 0.6086 0.6481
vn 0.4553 0.6074 0.6509
vn 0.4731 0.6157 0.6301
vn 0.4755 0.6168 0.6272
vn -0.5100 -0.6439 -0.5704
vn -0.4995 -0.6306 -0.5940
vn -0.4979 -0.6287 -0.5974
vn -0.5085 -0.6420 -0.5739
vn -0.2664 0.1769 -0.9475
vn -0.2654 0.1809 -0.9470
vn 0.2956 0.1850 -0.9372
vn 0.4393 0.1957 -0.8768
vn 0.4534 0.2780 -0.8468
vn 0.5213 0.2778 -0.8069
vn 0.5149 0.2722 -0.8129
vn 0.5416 0.2259 -0.8097
vn 0.5490 0.2834 -0.7863
vn 0.5584 0.2199 -0.7999
vn -0.6224 0.0914 -0.7774
vn -0.6224 0.0916 -0.7773
vn -0.6193 0.0730 -0.7817
vn -0.6193 0.0728 -0.7818
vn -0.8069 0.0073 -0.5907
vn -0.8069 0.0074 -0.5906
vn -0.8066 0.0059 -0.5910
vn -0.3717 0.1739 -0.9119
vn -0.3718 0.1743 -0.9118
vn -0.3659 0.1384 -0.9203
vn -0.3659 0.1388 -0.9202
vn -0.9781 -0.1411 -0.1530
vn -0.9339 -0.0811 -0.3482
vn -0.9828 -0.1127 -0.1462
vn -0.9367 -0.0644 -0.3442
vn -0.8264 -0.0037 -0.5630
vn -0.8266 -0.0029 -0.5629
vn -0.8063 0.0077 -0.5915
vn -0.8060 0.0061 -0.5919
vn -0.8227 -0.2847 0.4920
vn -0.8228 -0.2843 0.4921
vn -0.8323 -0.2266 0.5058
vn -0.8324 -0.2263 0.5059
vn 0.3293 0.1948 -0.9239
vn 0.3224 0.1500 -0.9347
vn 0.3276 0.1834 -0.9268
vn 0.3339 0.2277 -0.9147
vn -0.3308 0.0916 -0.9392
vn -0.3031 0.1130 -0.9462
vn -0.2706 0.1375 -0.9528
vn -0.3028 0.1132 -0.9463
vn 0.4387 0.1084 -0.8921
vn 0.1781 0.1048 -0.9784
vn 0.4102 0.1848 -0.8931
vn 0.5030 0.2171 -0.8366
vn 0.5556 0.2351 -0.7975
vn 0.4652 0.2040 -0.8614
vn 0.5144 0.1935 -0.8354
vn 0.5495 0.1970 -0.8120
vn 0.6106 -0.7492 0.2567
vn 0.5875 -0.7470 0.3111
vn 0.5857 -0.7467 0.3151
vn 0.6093 -0.7491 0.2599
vn -0.6298 0.7377 -0.2432
vn -0.6280 0.7383 -0.2462
vn -0.6574 0.7275 -0.1965
vn -0.6587 0.7269 -0.1942
vn -0.5477 -0.6600 -0.5142
vn -0.5474 -0.6918 -0.4709
vn -0.5474 -0.6929 -0.4692
vn -0.5477 -0.6626 -0.5108
vn 0.5044 0.6492 0.5694
vn 0.5043 0.6481 0.5707
vn 0.5065 0.6792 0.5311
vn 0.5065 0.6797 0.5305
vn 0.5205 0.6426 0.5622
vn 0.5229 0.6432 0.5593
vn 0.5048 0.6386 0.5808
vn 0.5022 0.6380 0.5838
vn -0.5592 -0.6613 -0.5000
vn -0.5477 -0.6516 -0.5249
vn -0.5460 -0.6501 -0.5284
vn -0.5575 -0.6599 -0.5037
vn -0.2562 0.0936 -0.9621
vn -0.2549 0.0975 -0.9620
vn 0.1942 0.0831 -0.9774
vn 0.4389 0.0938 -0.8936
vn 0.4261 0.1687 -0.8888
vn 0.5244 0.1668 -0.8350
vn 0.5306 0.1440 -0.8353
vn 0.5409 0.1228 -0.8320
vn 0.5655 0.1554 -0.8100
vn 0.5681 0.1229 -0.8137
vn -0.6169 0.0538 -0.7852
vn -0.6169 0.0540 -0.7852
vn -0.6160 0.0444 -0.7865
vn -0.8064 0.0043 -0.5913
vn -0.8065 0.0044 -0.5913
vn -0.8064 0.0036 -0.5914
vn -0.3613 0.1023 -0.9268
vn -0.3613 0.1027 -0.9268
vn -0.3596 0.0844 -0.9293
vn -0.9388 -0.0478 -0.3412
vn -0.9865 -0.0830 -0.1408
vn -0.9879 -0.0683 -0.1389
vn -0.9387 -0.0387 -0.3426
vn -0.8266 -0.0021 -0.5627
vn -0.8264 -0.0016 -0.5631
vn -0.8058 0.0046 -0.5921
vn -0.8058 0.0038 -0.5922
vn -0.8398 -0.1677 0.5164
vn -0.8398 -0.1674 0.5165
vn -0.8427 -0.1377 0.5205
vn -0.1011 0.7958 0.5970
vn -0.1248 0.7785 0.6151
vn -0.0929 0.8016 0.5907
vn -0.0688 0.8177 0.5715
vn 0.4856 0.4994 0.7175
vn 0.4539 0.5111 0.7299
vn 0.4172 0.5236 0.7428
vn 0.4542 0.5110 0.7298
vn -0.1964 0.8427 0.5014
vn 0.0829 0.7922 0.6046
vn -0.1521 0.8631 0.4816
vn -0.3396 0.8040 0.4881
vn -0.2768 0.8128 0.5126
vn -0.1694 0.8191 0.5481
vn -0.2326 0.8167 0.5282
vn -0.3404 0.8040 0.4876
vn -0.2738 0.8271 0.4908
vn -0.3105 0.8265 0.4696
vn -0.1650 0.3613 -0.9177
vn -0.1652 0.3654 -0.9161
vn -0.1669 0.4195 -0.8923
vn -0.1668 0.4163 -0.8938
vn 0.1985 -0.4812 0.8538
vn 0.1835 -0.4323 0.8829
vn 0.1844 -0.4353 0.8812
vn 0.1991 -0.4834 0.8525
vn 0.9378 0.3353 -0.0900
vn 0.9377 0.3360 -0.0881
vn 0.9336 0.3562 -0.0386
vn 0.9340 0.3547 -0.0425
vn -0.9156 -0.3983 0.0549
vn -0.9088 -0.4172 0.0087
vn -0.9090 -0.4166 0.0102
vn -0.9157 -0.3980 0.0556
vn -0.9164 -0.4001 0.0049
vn -0.9055 -0.4242 -0.0061
vn -0.9071 -0.4209 -0.0046
vn -0.9179 -0.3968 0.0064
vn 0.9394 0.3400 -0.0446
vn 0.9384 0.3431 -0.0419
vn 0.9311 0.3640 -0.0232
vn 0.9322 0.3610 -0.0259
vn 0.4315 0.5552 0.7110
vn -0.0032 0.8552 0.5183
vn 0.4284 0.5544 0.7136
vn -0.1390 0.8839 0.4466
vn -0.2054 0.8462 0.4917
vn -0.2707 0.8522 0.4478
vn -0.2607 0.8548 0.4487
vn -0.2564 0.8793 0.4013
vn -0.3177 0.8319 0.4550
vn 0.8200 -0.0001 0.5724
vn 0.6172 0.3439 0.7076
vn 0.6174 0.3441 0.7074
vn 0.6106 0.3367 0.7167
vn 0.6304 0.3581 0.6887
vn 0.6306 0.3582 0.6885
vn 0.7736 0.0993 0.6258
vn 0.7755 0.1014 0.6231
vn 0.7756 0.1014 0.6230
vn 0.7795 0.1056 0.6175
vn 0.7794 0.1056 0.6175
vn 0.5008 0.4698 0.7270
vn 0.4916 0.4597 0.7396
vn 0.5006 0.4695 0.7273
vn 0.5188 0.4891 0.7012
vn 0.5186 0.4889 0.7014
vn 0.8732 -0.3816 0.3032
vn 0.8803 -0.3734 0.2926
vn 0.8827 -0.2636 0.3889
vn 0.8777 -0.2678 0.3975
vn 0.8673 -0.2789 0.4123
vn 0.8587 -0.3971 0.3240
vn 0.8430 -0.0631 0.5341
vn 0.8415 -0.0634 0.5366
vn 0.8390 -0.0661 0.5401
vn 0.8119 0.0205 0.5835
vn 0.8115 0.0202 0.5840
vn 0.8127 0.0214 0.5823
vn 0.6258 -0.7509 -0.2107
vn 0.6119 -0.7678 -0.1901
vn 0.6117 -0.7679 -0.1898
vn 0.5824 -0.7993 -0.1478
vn 0.5823 -0.7995 -0.1476
vn -0.0301 0.8650 0.5008
vn -0.0050 0.8772 0.4801
vn -0.0387 0.8607 0.5077
vn -0.0636 0.8472 0.5274
vn 0.4583 0.5676 0.6840
vn 0.4942 0.5509 0.6725
vn 0.5246 0.5357 0.6616
vn 0.4939 0.5511 0.6726
vn 0.1446 0.8441 0.5163
vn -0.0850 0.9188 0.3855
vn -0.2764 0.8750 0.3976
vn -0.2130 0.8816 0.4212
vn -0.1053 0.8836 0.4563
vn -0.1686 0.8838 0.4365
vn -0.2090 0.8932 0.3980
vn -0.2457 0.8931 0.3769
vn -0.1412 0.2720 -0.9519
vn -0.1410 0.2763 -0.9507
vn -0.1385 0.3326 -0.9329
vn -0.1387 0.3293 -0.9340
vn 0.1548 -0.3508 0.9236
vn 0.1658 -0.4026 0.9002
vn 0.1653 -0.4003 0.9014
vn 0.1541 -0.3475 0.9249
vn 0.9599 0.2524 -0.1217
vn 0.9599 0.2534 -0.1199
vn 0.9575 0.2790 -0.0728
vn 0.9578 0.2770 -0.0765
vn -0.9427 -0.3203 0.0936
vn -0.9375 -0.3445 0.0498
vn -0.9377 -0.3438 0.0513
vn -0.9427 -0.3199 0.0943
vn -0.9361 -0.3498 0.0370
vn -0.9450 -0.3239 0.0453
vn -0.9438 -0.3275 0.0441
vn -0.9348 -0.3533 0.0359
vn 0.9620 0.2618 -0.0771
vn 0.9613 0.2653 -0.0747
vn 0.9557 0.2886 -0.0584
vn 0.9565 0.2852 -0.0607
vn 0.4748 0.5945 0.6490
vn 0.0631 0.9037 0.4234
vn 0.4716 0.5941 0.6516
vn -0.0705 0.9346 0.3485
vn -0.1394 0.9071 0.3972
vn -0.2042 0.9132 0.3526
vn -0.1940 0.9152 0.3533
vn -0.1881 0.9341 0.3035
vn 0.8199 0.0003 0.5725
vn 0.8199 0.0002 0.5725
vn 0.6441 0.3707 0.6691
vn 0.6443 0.3708 0.6689
vn 0.6583 0.3817 0.6488
vn 0.6585 0.3818 0.6486
vn 0.7835 0.1093 0.6117
vn 0.7877 0.1125 0.6058
vn 0.7877 0.1126 0.6057
vn 0.5374 0.5061 0.6747
vn 0.5376 0.5062 0.6744
vn 0.5567 0.5211 0.6470
vn 0.5569 0.5213 0.6467
vn 0.8567 -0.2886 0.4275
vn 0.8433 -0.4112 0.3460
vn 0.8278 -0.4233 0.3682
vn 0.8456 -0.2972 0.4434
vn 0.8365 -0.0683 0.5437
vn 0.8339 -0.0704 0.5475
vn 0.8135 0.0222 0.5811
vn 0.8144 0.0228 0.5799
vn 0.5518 -0.8274 -0.1040
vn 0.5517 -0.8276 -0.1038
vn 0.5203 -0.8520 -0.0588
vn 0.5201 -0.8521 -0.0586
vn 0.0280 0.9107 0.4122
vn 0.0023 0.9013 0.4331
vn 0.0368 0.9136 0.4049
vn 0.0627 0.9216 0.3831
vn 0.5660 0.5628 0.6024
vn 0.5365 0.5815 0.6115
vn 0.5023 0.6018 0.6209
vn 0.5368 0.5813 0.6114
vn 0.2095 0.8814 0.4233
vn -0.0143 0.9586 0.2843
vn -0.0369 0.9329 0.3584
vn -0.1001 0.9357 0.3384
vn -0.2084 0.9308 0.3002
vn -0.1446 0.9352 0.3233
vn -0.1399 0.9440 0.2990
vn -0.1765 0.9443 0.2778
vn -0.1242 0.1780 -0.9762
vn -0.1237 0.1824 -0.9754
vn -0.1170 0.2399 -0.9637
vn -0.1174 0.2365 -0.9645
vn 0.1318 -0.2602 0.9565
vn 0.1388 -0.3149 0.9389
vn 0.1385 -0.3124 0.9398
vn 0.1314 -0.2567 0.9575
vn 0.9754 0.1970 -0.0985
vn 0.9756 0.1946 -0.1020
vn 0.9757 0.1652 -0.1442
vn 0.9757 0.1663 -0.1425
vn -0.9637 -0.2368 0.1236
vn -0.9604 -0.2660 0.0827
vn -0.9606 -0.2650 0.0840
vn -0.9637 -0.2364 0.1243
vn -0.9595 -0.2726 0.0706
vn -0.9664 -0.2454 0.0760
vn -0.9655 -0.2492 0.0752
vn -0.9585 -0.2764 0.0698
vn 0.9786 0.1792 -0.1009
vn 0.9781 0.1829 -0.0988
vn 0.9744 0.2082 -0.0851
vn 0.9750 0.2045 -0.0871
vn 0.5175 0.6236 0.5860
vn 0.5206 0.6234 0.5833
vn 0.1324 0.9367 0.3242
vn 0.0012 0.9693 0.2459
vn -0.0694 0.9524 0.2969
vn -0.1337 0.9585 0.2517
vn -0.1235 0.9598 0.2521
vn -0.1163 0.9727 0.2007
vn 0.8199 0.0004 0.5725
vn 0.8199 0.0003 0.5726
vn 0.6728 0.3910 0.6280
vn 0.6730 0.3911 0.6278
vn 0.6878 0.3988 0.6065
vn 0.6877 0.3987 0.6068
vn 0.7919 0.1153 0.5996
vn 0.7920 0.1153 0.5995
vn 0.7963 0.1176 0.5934
vn 0.7964 0.1176 0.5933
vn 0.5765 0.5339 0.6186
vn 0.5767 0.5340 0.6183
vn 0.5968 0.5443 0.5895
vn 0.5970 0.5444 0.5892
vn 0.8344 -0.3045 0.4595
vn 0.8115 -0.4338 0.3916
vn 0.7952 -0.4421 0.4149
vn 0.8227 -0.3105 0.4761
vn 0.8312 -0.0721 0.5512
vn 0.8284 -0.0735 0.5552
vn 0.8152 0.0234 0.5787
vn 0.8161 0.0238 0.5774
vn 0.4878 -0.8729 -0.0123
vn 0.4877 -0.8730 -0.0121
vn 0.4547 -0.8900 0.0351
vn 0.4545 -0.8900 0.0354
vn 0.0979 0.9450 0.3121
vn 0.0716 0.9399 0.3338
vn 0.1069 0.9465 0.3046
vn 0.1332 0.9501 0.2822
vn 0.6090 0.5802 0.5407
vn 0.5811 0.6020 0.5477
vn 0.5485 0.6256 0.5547
vn 0.5814 0.6018 0.5476
vn 0.0587 0.9820 0.1796
vn 0.2767 0.9036 0.3270
vn 0.0346 0.9661 0.2560
vn -0.0283 0.9715 0.2355
vn -0.1368 0.9707 0.1977
vn -0.0728 0.9727 0.2204
vn -0.0675 0.9784 0.1953
vn -0.1041 0.9792 0.1740
vn -0.1145 0.0810 -0.9901
vn -0.1136 0.0853 -0.9899
vn -0.1026 0.1431 -0.9844
vn -0.1032 0.1397 -0.9848
vn 0.1185 -0.2192 0.9685
vn 0.1156 -0.1616 0.9801
vn 0.1158 -0.1651 0.9795
vn 0.1186 -0.2218 0.9679
vn 0.9871 0.1116 -0.1151
vn 0.9870 0.1088 -0.1183
vn 0.9847 0.0751 -0.1571
vn 0.9849 0.0765 -0.1556
vn -0.9782 -0.1492 0.1445
vn -0.9773 -0.1828 0.1068
vn -0.9774 -0.1818 0.1081
vn -0.9782 -0.1487 0.1451
vn -0.9770 -0.1907 0.0955
vn -0.9818 -0.1627 0.0980
vn -0.9812 -0.1665 0.0976
vn -0.9762 -0.1946 0.0952
vn 0.9889 0.0934 -0.1156
vn 0.9887 0.0974 -0.1140
vn 0.9869 0.1242 -0.1031
vn 0.9872 0.1203 -0.1047
vn 0.5652 0.6423 0.5177
vn 0.5683 0.6417 0.5151
vn 0.2035 0.9535 0.2222
vn 0.0748 0.9873 0.1403
vn 0.0034 0.9813 0.1926
vn -0.0605 0.9873 0.1468
vn -0.0501 0.9878 0.1471
vn -0.0423 0.9946 0.0946
vn 0.8199 0.0006 0.5725
vn 0.8199 0.0005 0.5725
vn 0.7030 0.4047 0.5849
vn 0.7028 0.4047 0.5851
vn 0.7183 0.4089 0.5629
vn 0.7181 0.4089 0.5632
vn 0.8008 0.1193 0.5869
vn 0.8008 0.1193 0.5870
vn 0.8053 0.1206 0.5805
vn 0.8053 0.1206 0.5804
vn 0.6174 0.5525 0.5600
vn 0.6176 0.5525 0.5597
vn 0.6383 0.5582 0.5301
vn 0.6385 0.5583 0.5297
vn 0.8111 -0.3150 0.4929
vn 0.7783 -0.4488 0.4392
vn 0.7615 -0.4534 0.4632
vn 0.7991 -0.3183 0.5100
vn 0.8257 -0.0746 0.5591
vn 0.8228 -0.0754 0.5632
vn 0.8170 0.0242 0.5761
vn 0.8179 0.0245 0.5748
vn 0.4210 -0.9032 0.0834
vn 0.4208 -0.9033 0.0837
vn 0.3868 -0.9126 0.1324
vn 0.3866 -0.9126 0.1326
vn 0.1697 0.9630 0.2092
vn 0.1432 0.9623 0.2313
vn 0.1787 0.9630 0.2016
vn 0.2052 0.9622 0.1790
vn 0.6530 0.5877 0.4778
vn 0.6268 0.6120 0.4822
vn 0.5961 0.6387 0.4866
vn 0.6270 0.6118 0.4822
vn 0.1329 0.9884 0.0734
vn 0.3450 0.9102 0.2292
vn 0.1080 0.9826 0.1509
vn 0.0456 0.9905 0.1297
vn -0.0628 0.9938 0.0917
vn 0.0012 0.9934 0.1143
vn 0.0069 0.9960 0.0888
vn -0.0297 0.9973 0.0675
vn -0.1121 -0.0175 -0.9935
vn -0.1109 -0.0132 -0.9937
vn -0.0955 0.0439 -0.9945
vn -0.0965 0.0405 -0.9945
vn 0.1056 -0.1221 0.9869
vn 0.1072 -0.0636 0.9922
vn 0.1071 -0.0672 0.9920
vn 0.1055 -0.1248 0.9866
vn 0.9922 0.0243 -0.1225
vn 0.9919 0.0212 -0.1254
vn 0.9869 -0.0162 -0.1603
vn 0.9872 -0.0148 -0.1590
vn -0.9860 -0.0591 0.1557
vn -0.9878 -0.0964 0.1220
vn -0.9878 -0.0952 0.1231
vn -0.9860 -0.0585 0.1562
vn -0.9881 -0.1056 0.1115
vn -0.9908 -0.0772 0.1109
vn -0.9905 -0.0811 0.1110
vn -0.9877 -0.1095 0.1116
vn 0.9926 0.0061 -0.1209
vn 0.9928 0.0102 -0.1198
vn 0.9930 0.0381 -0.1118
vn 0.9930 0.0340 -0.1130
vn 0.6138 0.6500 0.4480
vn 0.6169 0.6489 0.4455
vn 0.2753 0.9539 0.1194
vn 0.1492 0.9882 0.0338
vn 0.0777 0.9932 0.0862
vn 0.0143 0.9991 0.0396
vn 0.0247 0.9989 0.0400
vn 0.0328 0.9994 -0.0130
vn 0.8200 0.0008 0.5724
vn 0.8199 0.0007 0.5725
vn 0.8199 0.0007 0.5724
vn 0.7337 0.4113 0.5408
vn 0.7335 0.4113 0.5411
vn 0.7492 0.4120 0.5187
vn 0.7490 0.4120 0.5189
vn 0.8099 0.1213 0.5739
vn 0.8098 0.1213 0.5740
vn 0.8144 0.1215 0.5675
vn 0.8144 0.1215 0.5674
vn 0.6593 0.5616 0.4999
vn 0.6596 0.5616 0.4996
vn 0.6805 0.5625 0.4696
vn 0.6807 0.5625 0.4693
vn 0.7871 -0.3202 0.5272
vn 0.7442 -0.4561 0.4880
vn 0.7272 -0.4569 0.5123
vn 0.7750 -0.3207 0.5445
vn 0.8200 -0.0758 0.5673
vn 0.8171 -0.0759 0.5714
vn 0.8188 0.0246 0.5735
vn 0.8198 0.0247 0.5722
vn 0.3524 -0.9181 0.1817
vn 0.3522 -0.9181 0.1819
vn 0.3178 -0.9195 0.2312
vn 0.3176 -0.9195 0.2314
vn 0.2423 0.9645 0.1053
vn 0.2159 0.9681 0.1272
vn 0.2513 0.9630 0.0977
vn 0.2774 0.9578 0.0755
vn 0.6971 0.5849 0.4145
vn 0.6728 0.6116 0.4163
vn 0.6443 0.6407 0.4176
vn 0.6731 0.6113 0.4162
vn 0.2069 0.9778 -0.0327
vn 0.4132 0.9011 0.1315
vn 0.1820 0.9823 0.0449
vn 0.1203 0.9925 0.0228
vn 0.0122 0.9998 -0.0158
vn 0.0762 0.9971 0.0070
vn 0.0819 0.9965 -0.0186
vn 0.0454 0.9982 -0.0402
vn -0.1171 -0.1156 -0.9864
vn -0.1156 -0.1115 -0.9870
vn -0.0960 -0.0561 -0.9938
vn -0.0972 -0.0594 -0.9935
vn 0.1001 -0.0230 0.9947
vn 0.1061 0.0355 0.9937
vn 0.1057 0.0319 0.9939
vn 0.0999 -0.0257 0.9947
vn 0.9907 -0.0635 -0.1204
vn 0.9902 -0.0668 -0.1229
vn 0.9823 -0.1073 -0.1537
vn 0.9826 -0.1057 -0.1525
vn -0.9870 0.0321 0.1572
vn -0.9918 -0.0084 0.1276
vn -0.9917 -0.0071 0.1286
vn -0.9870 0.0327 0.1576
vn 0.8199 -0.0001 0.5724
vn -0.9928 -0.0186 0.1182
vn -0.9934 0.0097 0.1145
vn -0.9933 0.0059 0.1150
vn -0.9927 -0.0225 0.1187
vn 0.9898 -0.0814 -0.1169
vn 0.9902 -0.0772 -0.1161
vn 0.9926 -0.0487 -0.1112
vn 0.9923 -0.0528 -0.1119
vn 0.6626 0.6465 0.3781
vn 0.6656 0.6449 0.3757
vn 0.3466 0.9379 0.0174
vn 0.2230 0.9722 -0.0719
vn 0.1523 0.9881 -0.0207
vn 0.0893 0.9937 -0.0678
vn 0.0997 0.9927 -0.0674
vn 0.1076 0.9869 -0.1201
vn 0.8200 0.0009 0.5723
vn 0.8200 0.0009 0.5724
vn 0.7646 0.4109 0.4965
vn 0.7644 0.4109 0.4968
vn 0.7800 0.4080 0.4744
vn 0.7799 0.4080 0.4747
vn 0.8190 0.1212 0.5608
vn 0.8190 0.1212 0.5609
vn 0.8235 0.1203 0.5544
vn 0.8236 0.1203 0.5543
vn 0.7018 0.5609 0.4391
vn 0.7016 0.5610 0.4394
vn 0.7226 0.5571 0.4092
vn 0.7229 0.5570 0.4089
vn 0.7630 -0.3199 0.5617
vn 0.7099 -0.4556 0.5371
vn 0.7510 -0.3176 0.5789
vn 0.6930 -0.4524 0.5613
vn 0.8143 -0.0757 0.5754
vn 0.8115 -0.0752 0.5796
vn 0.8207 0.0246 0.5708
vn 0.8216 0.0244 0.5695
vn 0.2833 -0.9171 0.2806
vn 0.2831 -0.9170 0.2809
vn 0.2487 -0.9106 0.3301
vn 0.2489 -0.9106 0.3299
vn 0.3231 0.9463 -0.0052
vn 0.3488 0.9368 -0.0267
vn 0.3143 0.9493 0.0021
vn 0.2884 0.9572 0.0233
vn 0.6922 0.6317 0.3490
vn 0.7187 0.6003 0.3509
vn 0.7407 0.5722 0.3521
vn 0.7185 0.6005 0.3509
vn 0.2795 0.9504 -0.1366
vn 0.4801 0.8765 0.0357
vn 0.0871 0.9886 -0.1230
vn 0.1507 0.9835 -0.0998
vn 0.2553 0.9650 -0.0601
vn 0.1944 0.9774 -0.0835
vn 0.1563 0.9797 -0.1252
vn 0.1200 0.9818 -0.1469
vn -0.1294 -0.2118 -0.9687
vn -0.1277 -0.2078 -0.9698
vn -0.1040 -0.1552 -0.9824
vn -0.1054 -0.1583 -0.9817
vn 0.1021 0.0765 0.9918
vn 0.1125 0.1339 0.9846
vn 0.1118 0.1304 0.9851
vn 0.1017 0.0739 0.9921
vn 0.9708 -0.1965 -0.1373
vn 0.9713 -0.1948 -0.1362
vn 0.9827 -0.1501 -0.1088
vn 0.9819 -0.1537 -0.1110
vn -0.9812 0.1227 0.1488
vn -0.9891 0.0797 0.1238
vn -0.9889 0.0811 0.1246
vn -0.9811 0.1233 0.1492
vn -0.9896 0.0926 0.1097
vn -0.9911 0.0648 0.1164
vn -0.9909 0.0687 0.1155
vn -0.9894 0.0964 0.1088
vn 0.9804 -0.1675 -0.1034
vn 0.9812 -0.1632 -0.1032
vn 0.9857 -0.1347 -0.1013
vn 0.9851 -0.1388 -0.1016
vn 0.7108 0.6319 0.3091
vn 0.7136 0.6298 0.3070
vn 0.4160 0.9057 -0.0820
vn 0.2950 0.9393 -0.1750
vn 0.2259 0.9660 -0.1261
vn 0.1633 0.9711 -0.1738
vn 0.1735 0.9695 -0.1733
vn 0.1808 0.9575 -0.2249
vn 0.8201 0.0010 0.5723
vn 0.8201 0.0010 0.5722
vn 0.8201 0.0011 0.5722
vn 0.7951 0.4034 0.4529
vn 0.7953 0.4033 0.4526
vn 0.8103 0.3969 0.4310
vn 0.8102 0.3970 0.4313
vn 0.8280 0.1190 0.5480
vn 0.8280 0.1189 0.5479
vn 0.8324 0.1171 0.5416
vn 0.8325 0.1171 0.5415
vn 0.7435 0.5507 0.3794
vn 0.7437 0.5506 0.3791
vn 0.7640 0.5420 0.3500
vn 0.7642 0.5419 0.3497
vn 0.7392 -0.3140 0.5958
vn 0.6759 -0.4472 0.5858
vn 0.6594 -0.4402 0.6094
vn 0.7274 -0.3090 0.6127
vn 0.8087 -0.0743 0.5835
vn 0.8059 -0.0731 0.5876
vn 0.8225 0.0242 0.5682
vn 0.8234 0.0238 0.5669
vn 0.2147 -0.9002 0.3789
vn 0.2149 -0.9003 0.3786
vn 0.1813 -0.8860 0.4267
vn 0.1811 -0.8859 0.4270
vn 0.3846 0.9178 -0.0986
vn 0.3594 0.9299 -0.0784
vn 0.3932 0.9134 -0.1055
vn 0.4179 0.8997 -0.1257
vn 0.7829 0.5495 0.2916
vn 0.7629 0.5792 0.2873
vn 0.7390 0.6119 0.2819
vn 0.7631 0.5789 0.2873
vn 0.3494 0.9065 -0.2368
vn 0.5446 0.8368 -0.0567
vn 0.3267 0.9311 -0.1624
vn 0.2668 0.9454 -0.1872
vn 0.1605 0.9603 -0.2281
vn 0.2236 0.9530 -0.2042
vn 0.2288 0.9461 -0.2291
vn 0.1927 0.9486 -0.2510
vn -0.1488 -0.3043 -0.9409
vn -0.1468 -0.3006 -0.9424
vn -0.1193 -0.2516 -0.9605
vn -0.1209 -0.2545 -0.9595
vn 0.1116 0.1747 0.9783
vn 0.1262 0.2301 0.9650
vn 0.1253 0.2267 0.9659
vn 0.1109 0.1721 0.9788
vn 0.9682 -0.2342 -0.0881
vn 0.9671 -0.2379 -0.0899
vn 0.9528 -0.2824 -0.1115
vn 0.9534 -0.2806 -0.1106
vn -0.9795 0.1680 0.1112
vn -0.9685 0.2119 0.1311
vn -0.9687 0.2112 0.1308
vn -0.9798 0.1665 0.1105
vn 0.8199 -0.0001 0.5725
vn -0.9825 0.1548 0.1035
vn -0.9789 0.1814 0.0938
vn -0.9795 0.1778 0.0952
vn -0.9829 0.1511 0.1048
vn 0.9724 -0.2183 -0.0823
vn 0.9715 -0.2224 -0.0821
vn 0.9647 -0.2506 -0.0809
vn 0.9657 -0.2465 -0.0811
vn 0.7574 0.6063 0.2424
vn 0.7600 0.6038 0.2405
vn 0.4824 0.8579 -0.1772
vn 0.3639 0.8903 -0.2737
vn 0.2972 0.9272 -0.2282
vn 0.2350 0.9319 -0.2764
vn 0.2450 0.9295 -0.2757
vn 0.2512 0.9115 -0.3257
vn 0.8202 0.0011 0.5721
vn 0.8202 0.0011 0.5720
vn 0.8202 0.0012 0.5720
vn 0.8249 0.3889 0.4101
vn 0.8251 0.3888 0.4099
vn 0.8396 0.3791 0.3892
vn 0.8394 0.3792 0.3894
vn 0.8369 0.1147 0.5353
vn 0.8368 0.1147 0.5354
vn 0.8411 0.1118 0.5293
vn 0.8411 0.1118 0.5292
vn 0.7842 0.5310 0.3211
vn 0.7844 0.5308 0.3208
vn 0.8039 0.5177 0.2928
vn 0.8041 0.5175 0.2925
vn 0.6428 -0.4311 0.6332
vn 0.7160 -0.3027 0.6291
vn 0.6270 -0.4204 0.6558
vn 0.7047 -0.2951 0.6453
vn 0.8032 -0.0717 0.5914
vn 0.8005 -0.0698 0.5953
vn 0.8243 0.0233 0.5656
vn 0.8252 0.0227 0.5644
vn 0.1481 -0.8679 0.4742
vn 0.1483 -0.8680 0.4740
vn 0.1161 -0.8462 0.5201
vn 0.1159 -0.8460 0.5204
vn 0.4519 0.8705 -0.1951
vn 0.4278 0.8865 -0.1764
vn 0.4601 0.8647 -0.2014
vn 0.4837 0.8472 -0.2199
vn 0.8231 0.5174 0.2341
vn 0.8053 0.5478 0.2265
vn 0.7839 0.5815 0.2175
vn 0.8055 0.5475 0.2266
vn 0.4155 0.8471 -0.3313
vn 0.6056 0.7826 -0.1441
vn 0.3949 0.8811 -0.2601
vn 0.3362 0.8972 -0.2865
vn 0.2311 0.9155 -0.3293
vn 0.2936 0.9061 -0.3045
vn 0.2982 0.8962 -0.3284
vn 0.2622 0.8990 -0.3507
vn -0.1750 -0.3915 -0.9034
vn -0.1727 -0.3882 -0.9052
vn -0.1417 -0.3436 -0.9284
vn -0.1435 -0.3463 -0.9271
vn 0.1283 0.2699 0.9543
vn 0.1470 0.3223 0.9352
vn 0.1458 0.3191 0.9364
vn 0.1275 0.2675 0.9551
vn 0.9475 -0.3142 -0.0585
vn 0.9462 -0.3180 -0.0599
vn 0.9285 -0.3633 -0.0766
vn 0.9292 -0.3616 -0.0760
vn -0.9637 0.2518 0.0885
vn -0.9493 0.2967 0.1037
vn -0.9496 0.2960 0.1034
vn -0.9642 0.2503 0.0880
vn -0.9677 0.2382 0.0823
vn -0.9622 0.2633 0.0699
vn -0.9630 0.2599 0.0716
vn -0.9684 0.2347 0.0840
vn 0.9530 -0.2982 -0.0545
vn 0.9517 -0.3021 -0.0539
vn 0.9429 -0.3295 -0.0496
vn 0.9442 -0.3255 -0.0503
vn 0.8017 0.5704 0.1789
vn 0.8041 0.5674 0.1773
vn 0.5446 0.7953 -0.2663
vn 0.4285 0.8260 -0.3662
vn 0.3649 0.8724 -0.3252
vn 0.3031 0.8765 -0.3739
vn 0.3129 0.8735 -0.3729
vn 0.3175 0.8498 -0.4207
vn 0.8204 0.0012 0.5718
vn 0.8203 0.0012 0.5719
vn 0.8203 0.0012 0.5720
vn 0.8534 0.3678 0.3693
vn 0.8536 0.3676 0.3691
vn 0.8672 0.3546 0.3496
vn 0.8670 0.3548 0.3499
vn 0.8452 0.1084 0.5233
vn 0.8452 0.1085 0.5233
vn 0.8492 0.1047 0.5176
vn 0.8493 0.1046 0.5175
vn 0.8231 0.5021 0.2654
vn 0.8233 0.5019 0.2651
vn 0.8416 0.4844 0.2388
vn 0.8418 0.4842 0.2385
vn 0.6112 -0.4076 0.6784
vn 0.6938 -0.2862 0.6609
vn 0.5964 -0.3934 0.6997
vn 0.6831 -0.2761 0.6761
vn 0.7979 -0.0678 0.5989
vn 0.7954 -0.0653 0.6026
vn 0.8260 0.0220 0.5632
vn 0.8268 0.0213 0.5620
vn 0.0846 -0.8206 0.5653
vn 0.0847 -0.8207 0.5650
vn 0.0544 -0.7917 0.6085
vn 0.0542 -0.7915 0.6087
vn 0.5151 0.8081 -0.2856
vn 0.4923 0.8278 -0.2688
vn 0.5228 0.8011 -0.2913
vn 0.5450 0.7800 -0.3077
vn 0.8605 0.4764 0.1805
vn 0.8450 0.5071 0.1696
vn 0.8262 0.5411 0.1570
vn 0.8452 0.5068 0.1697
vn 0.4765 0.7731 -0.4187
vn 0.6620 0.7150 -0.2248
vn 0.4588 0.8160 -0.3516
vn 0.4013 0.8335 -0.3798
vn 0.2978 0.8549 -0.4247
vn 0.3595 0.8436 -0.3989
vn 0.3632 0.8309 -0.4216
vn 0.3275 0.8340 -0.4441
vn -0.2075 -0.4721 -0.8568
vn -0.2050 -0.4692 -0.8590
vn -0.1708 -0.4297 -0.8867
vn -0.1728 -0.4321 -0.8851
vn 0.1521 0.3604 0.9203
vn 0.1745 0.4089 0.8957
vn 0.1731 0.4060 0.8973
vn 0.1510 0.3581 0.9214
vn 0.9211 -0.3888 -0.0206
vn 0.9194 -0.3926 -0.0216
vn 0.8983 -0.4381 -0.0334
vn 0.8992 -0.4363 -0.0330
vn -0.9417 0.3315 0.0571
vn -0.9240 0.3765 0.0674
vn -0.9243 0.3758 0.0672
vn -0.9423 0.3300 0.0568
vn -0.9468 0.3176 0.0523
vn -0.9394 0.3407 0.0373
vn -0.9405 0.3376 0.0393
vn -0.9478 0.3143 0.0544
vn 0.9277 -0.3729 -0.0183
vn 0.9262 -0.3767 -0.0173
vn 0.9153 -0.4027 -0.0101
vn 0.9169 -0.3989 -0.0112
vn 0.8429 0.5246 0.1199
vn 0.8451 0.5213 0.1186
vn 0.6016 0.7190 -0.3480
vn 0.4877 0.7474 -0.4511
vn 0.4280 0.8026 -0.4155
vn 0.3664 0.8061 -0.4647
vn 0.3760 0.8025 -0.4633
vn 0.3786 0.7735 -0.5082
vn 0.8205 0.0012 0.5716
vn 0.8204 0.0012 0.5717
vn 0.8801 0.3403 0.3311
vn 0.8802 0.3401 0.3309
vn 0.8927 0.3241 0.3130
vn 0.8926 0.3243 0.3132
vn 0.8531 0.1003 0.5120
vn 0.8531 0.1004 0.5121
vn 0.8567 0.0957 0.5068
vn 0.8568 0.0956 0.5067
vn 0.8595 0.4646 0.2133
vn 0.8597 0.4643 0.2130
vn 0.8765 0.4428 0.1888
vn 0.8767 0.4425 0.1885
vn 0.5817 -0.3771 0.7207
vn 0.6730 -0.2648 0.6906
vn 0.5680 -0.3595 0.7403
vn 0.6633 -0.2523 0.7046
vn 0.7930 -0.0627 0.6059
vn 0.7907 -0.0597 0.6093
vn 0.8276 0.0204 0.5609
vn 0.8284 0.0194 0.5598
vn 0.0251 -0.7591 0.6505
vn 0.0252 -0.7593 0.6502
vn -0.0026 -0.7236 0.6902
vn -0.0028 -0.7234 0.6904
vn 0.5731 0.7319 -0.3686
vn 0.5519 0.7549 -0.3542
vn 0.5802 0.7238 -0.3735
vn 0.6007 0.6994 -0.3874
vn 0.8945 0.4271 0.1318
vn 0.8814 0.4576 0.1176
vn 0.8651 0.4913 0.1013
vn 0.8815 0.4573 0.1177
vn 0.7128 0.6351 -0.2976
vn 0.5314 0.6857 -0.4974
vn 0.5173 0.7368 -0.4353
vn 0.4612 0.7554 -0.4655
vn 0.3593 0.7796 -0.5129
vn 0.4201 0.7665 -0.4857
vn 0.4227 0.7512 -0.5069
vn 0.3873 0.7545 -0.5298
vn -0.2061 -0.5084 -0.8361
vn -0.2083 -0.5105 -0.8343
vn -0.2458 -0.5444 -0.8020
vn -0.2431 -0.5420 -0.8045
vn 0.1824 0.4447 0.8769
vn 0.2083 0.4885 0.8473
vn 0.2067 0.4859 0.8492
vn 0.1812 0.4427 0.8782
vn 0.8892 -0.4568 0.0250
vn 0.8873 -0.4605 0.0244
vn 0.8628 -0.5052 0.0174
vn 0.8638 -0.5035 0.0177
vn -0.9140 0.4053 0.0173
vn -0.8929 0.4497 0.0228
vn -0.8932 0.4490 0.0228
vn -0.9147 0.4038 0.0172
vn -0.9124 0.4094 -0.0009
vn -0.9213 0.3885 0.0165
vn -0.9201 0.3914 0.0141
vn -0.9111 0.4122 -0.0033
vn 0.8825 -0.4689 0.0369
vn 0.8844 -0.4654 0.0354
vn 0.8970 -0.4412 0.0256
vn 0.8953 -0.4447 0.0270
vn 0.8803 0.4697 0.0662
vn 0.8823 0.4662 0.0653
vn 0.6524 0.6303 -0.4207
vn 0.5406 0.6560 -0.5267
vn 0.4853 0.7190 -0.4976
vn 0.4239 0.7218 -0.5471
vn 0.4335 0.6839 -0.5868
vn 0.4332 0.7176 -0.5452
vn 0.8206 0.0012 0.5715
vn 0.8207 0.0012 0.5714
vn 0.9044 0.3069 0.2962
vn 0.9046 0.3067 0.2960
vn 0.9156 0.2882 0.2802
vn 0.9158 0.2880 0.2800
vn 0.8603 0.0905 0.5017
vn 0.8602 0.0906 0.5018
vn 0.8635 0.0850 0.4970
vn 0.8636 0.0850 0.4970
vn 0.8927 0.4190 0.1656
vn 0.8929 0.4187 0.1654
vn 0.9080 0.3935 0.1437
vn 0.9082 0.3932 0.1435
vn 0.6541 -0.2388 0.7177
vn 0.5547 -0.3400 0.7594
vn 0.5424 -0.3195 0.7770
vn 0.6453 -0.2242 0.7303
vn 0.7885 -0.0565 0.6124
vn 0.7864 -0.0530 0.6154
vn 0.8291 0.0184 0.5588
vn 0.8298 0.0173 0.5579
vn -0.0293 -0.6846 0.7283
vn -0.0291 -0.6848 0.7281
vn -0.0541 -0.6431 0.7639
vn -0.0542 -0.6428 0.7641
vn 0.6314 0.6339 -0.4467
vn 0.6498 0.6067 -0.4579
vn 0.6249 0.6430 -0.4428
vn 0.6055 0.6690 -0.4310
vn 0.9246 0.3705 0.0888
vn 0.9137 0.4002 0.0713
vn 0.8999 0.4331 0.0515
vn 0.9138 0.3999 0.0715
vn 0.7572 0.5442 -0.3612
vn 0.5793 0.5866 -0.5660
vn 0.5693 0.6450 -0.5099
vn 0.5146 0.6643 -0.5421
vn 0.4147 0.6909 -0.5922
vn 0.4744 0.6763 -0.5635
vn 0.4406 0.6621 -0.6062
vn 0.4758 0.6586 -0.5829
vn -0.2892 -0.6074 -0.7399
vn -0.2863 -0.6055 -0.7426
vn -0.2470 -0.5784 -0.7775
vn -0.2494 -0.5800 -0.7755
vn 0.2460 0.5574 0.7930
vn 0.2174 0.5196 0.8263
vn 0.2187 0.5214 0.8248
vn 0.2477 0.5597 0.7908
vn 0.8526 -0.5168 0.0775
vn 0.8504 -0.5204 0.0773
vn 0.8226 -0.5637 0.0751
vn 0.8237 -0.5620 0.0752
vn -0.8809 0.4723 -0.0300
vn -0.8565 0.5153 -0.0292
vn -0.8569 0.5146 -0.0292
vn -0.8817 0.4708 -0.0300
vn -0.8881 0.4586 -0.0318
vn -0.8776 0.4766 -0.0513
vn -0.8791 0.4742 -0.0486
vn -0.8895 0.4560 -0.0291
vn 0.8615 -0.5019 0.0765
vn 0.8595 -0.5051 0.0783
vn 0.8450 -0.5271 0.0906
vn 0.8472 -0.5239 0.0888
vn 0.9133 0.4068 0.0190
vn 0.9150 0.4030 0.0185
vn 0.6961 0.5308 -0.4833
vn 0.5861 0.5532 -0.5920
vn 0.5358 0.6230 -0.5700
vn 0.4746 0.6250 -0.6197
vn 0.4836 0.6204 -0.6174
vn 0.4812 0.5825 -0.6551
vn 0.8208 0.0011 0.5712
vn 0.8208 0.0012 0.5713
vn 0.9261 0.2683 0.2652
vn 0.9262 0.2680 0.2650
vn 0.9359 0.2469 0.2512
vn 0.9358 0.2472 0.2513
vn 0.8666 0.0792 0.4926
vn 0.8667 0.0791 0.4926
vn 0.8695 0.0729 0.4885
vn 0.8695 0.0728 0.4885
vn 0.9225 0.3660 0.1230
vn 0.9223 0.3663 0.1232
vn 0.9356 0.3374 0.1043
vn 0.9357 0.3371 0.1041
vn 0.6372 -0.2087 0.7419
vn 0.5307 -0.2972 0.7938
vn 0.5201 -0.2740 0.8090
vn 0.6296 -0.1922 0.7527
vn 0.7846 -0.0494 0.6181
vn 0.7827 -0.0455 0.6207
vn 0.8304 0.0161 0.5570
vn 0.8310 0.0148 0.5561
vn -0.0775 -0.5985 0.7973
vn -0.0776 -0.5983 0.7975
vn -0.0991 -0.5514 0.8283
vn -0.0992 -0.5512 0.8285
vn 0.6753 0.5331 -0.5096
vn 0.6916 0.5036 -0.5177
vn 0.6695 0.5431 -0.5067
vn 0.6522 0.5716 -0.4979
vn 0.9501 0.3076 0.0522
vn 0.9414 0.3359 0.0316
vn 0.9300 0.3674 0.0083
vn 0.9415 0.3356 0.0319
vn 0.6193 0.4773 -0.6234
vn 0.7944 0.4439 -0.4145
vn 0.6140 0.5420 -0.5739
vn 0.5608 0.5618 -0.6082
vn 0.4629 0.5903 -0.6613
vn 0.5215 0.5744 -0.6309
vn 0.5215 0.5547 -0.6483
vn 0.4866 0.5583 -0.6720
vn -0.3369 -0.6600 -0.6715
vn -0.3339 -0.6586 -0.6744
vn -0.2928 -0.6384 -0.7119
vn -0.2953 -0.6396 -0.7097
vn 0.2606 0.5891 0.7649
vn 0.2922 0.6212 0.7271
vn 0.2903 0.6193 0.7295
vn 0.2591 0.5876 0.7666
vn 0.8117 -0.5680 0.1360
vn 0.8093 -0.5714 0.1362
vn 0.7783 -0.6124 0.1385
vn 0.7796 -0.6108 0.1384
vn -0.8432 0.5309 -0.0841
vn -0.8156 0.5719 -0.0878
vn -0.8161 0.5713 -0.0878
vn -0.8441 0.5296 -0.0840
vn -0.8513 0.5178 -0.0844
vn -0.8396 0.5328 -0.1057
vn -0.8413 0.5308 -0.1028
vn -0.8529 0.5157 -0.0814
vn 0.8218 -0.5540 0.1334
vn 0.8195 -0.5568 0.1355
vn 0.8034 -0.5762 0.1501
vn 0.8059 -0.5733 0.1479
vn 0.9413 0.3368 -0.0211
vn 0.9427 0.3330 -0.0212
vn 0.7320 0.4221 -0.5347
vn 0.6235 0.4410 -0.6456
vn 0.5787 0.5162 -0.6314
vn 0.5177 0.5175 -0.6813
vn 0.5263 0.5125 -0.6785
vn 0.5208 0.4710 -0.7119
vn 0.8210 0.0010 0.5710
vn 0.8209 0.0011 0.5711
vn 0.8210 0.0010 0.5709
vn 0.9447 0.2250 0.2386
vn 0.9448 0.2248 0.2385
vn 0.9528 0.2016 0.2270
vn 0.9527 0.2019 0.2271
vn 0.8721 0.0664 0.4848
vn 0.8721 0.0663 0.4847
vn 0.8745 0.0596 0.4814
vn 0.8745 0.0595 0.4813
vn 0.9477 0.3072 0.0869
vn 0.9478 0.3069 0.0867
vn 0.9586 0.2756 0.0712
vn 0.9587 0.2753 0.0711
vn 0.5101 -0.2491 0.8232
vn 0.6228 -0.1750 0.7626
vn 0.5014 -0.2238 0.8358
vn 0.6165 -0.1569 0.7716
vn 0.7811 -0.0414 0.6230
vn 0.7796 -0.0371 0.6251
vn 0.8315 0.0135 0.5554
vn 0.8320 0.0121 0.5547
vn -0.1189 -0.5020 0.8567
vn -0.1190 -0.5017 0.8568
vn -0.1368 -0.4503 0.8823
vn -0.1369 -0.4500 0.8825
vn 0.7113 0.4232 -0.5612
vn 0.7253 0.3918 -0.5660
vn 0.7063 0.4338 -0.5594
vn 0.6912 0.4643 -0.5537
vn 0.9707 0.2393 0.0227
vn 0.9640 0.2658 -0.0008
vn 0.9550 0.2954 -0.0274
vn 0.9641 0.2655 -0.0006
vn 0.6509 0.3598 -0.6685
vn 0.8238 0.3360 -0.4566
vn 0.6506 0.4296 -0.6263
vn 0.5989 0.4496 -0.6627
vn 0.5032 0.4795 -0.7190
vn 0.5606 0.4626 -0.6869
vn 0.5590 0.4412 -0.7020
vn 0.5243 0.4448 -0.7261
vn -0.3882 -0.7011 -0.5981
vn -0.3850 -0.7003 -0.6011
vn -0.3427 -0.6874 -0.6404
vn -0.3453 -0.6882 -0.6381
vn 0.3071 0.6466 0.6983
vn 0.3409 0.6720 0.6574
vn 0.3388 0.6705 0.6600
vn 0.3055 0.6454 0.7001
vn 0.7674 -0.6093 0.1995
vn 0.7647 -0.6125 0.2000
vn 0.7307 -0.6506 0.2066
vn 0.7321 -0.6492 0.2064
vn -0.8013 0.5806 -0.1440
vn -0.7708 0.6187 -0.1520
vn -0.7713 0.6181 -0.1519
vn -0.8023 0.5794 -0.1437
vn -0.8104 0.5681 -0.1430
vn -0.7977 0.5798 -0.1657
vn -0.7995 0.5782 -0.1626
vn -0.8122 0.5664 -0.1398
vn 0.7785 -0.5965 0.1955
vn 0.7760 -0.5989 0.1979
vn 0.7586 -0.6153 0.2143
vn 0.7612 -0.6129 0.2119
vn 0.9638 0.2611 -0.0534
vn 0.9649 0.2571 -0.0530
vn 0.7594 0.3062 -0.5740
vn 0.6522 0.3211 -0.6867
vn 0.6132 0.4006 -0.6808
vn 0.5523 0.4011 -0.7308
vn 0.5605 0.3958 -0.7275
vn 0.5518 0.3515 -0.7563
vn 0.8199 0.0002 0.5724
vn 0.9599 0.1779 0.2169
vn 0.9599 0.1776 0.2168
vn 0.9661 0.1531 0.2080
vn 0.9661 0.1528 0.2079
vn 0.8766 0.0524 0.4783
vn 0.8766 0.0525 0.4784
vn 0.8784 0.0452 0.4757
vn 0.8785 0.0451 0.4757
vn 0.9684 0.2428 0.0573
vn 0.9685 0.2425 0.0571
vn 0.9769 0.2090 0.0451
vn 0.9770 0.2086 0.0449
vn 0.6110 -0.1383 0.7795
vn 0.4934 -0.1968 0.8473
vn 0.4865 -0.1697 0.8570
vn 0.6061 -0.1189 0.7864
vn 0.7783 -0.0327 0.6270
vn 0.7772 -0.0281 0.6286
vn 0.8324 0.0107 0.5541
vn 0.8328 0.0092 0.5535
vn -0.1527 -0.3967 0.9051
vn -0.1528 -0.3964 0.9053
vn -0.1666 -0.3414 0.9250
vn -0.1667 -0.3411 0.9251
vn 0.7388 0.3060 -0.6005
vn 0.7504 0.2733 -0.6019
vn 0.7346 0.3170 -0.5999
vn 0.7219 0.3490 -0.5976
vn 0.9743 0.2183 -0.0551
vn 0.9813 0.1909 -0.0252
vn 0.9860 0.1669 0.0008
vn 0.9812 0.1912 -0.0254
vn 0.8448 0.2224 -0.4867
vn 0.6733 0.2361 -0.7007
vn 0.6784 0.3099 -0.6661
vn 0.6282 0.3297 -0.7048
vn 0.5348 0.3604 -0.7643
vn 0.5909 0.3428 -0.7303
vn 0.5877 0.3201 -0.7431
vn 0.5533 0.3237 -0.7675
vn -0.3959 -0.7245 -0.5642
vn -0.3985 -0.7249 -0.5619
vn -0.4421 -0.7302 -0.5209
vn -0.4389 -0.7299 -0.5240
vn 0.3575 0.6930 0.6260
vn 0.3930 0.7113 0.5828
vn 0.3908 0.7102 0.5855
vn 0.3559 0.6921 0.6280
vn 0.7204 -0.6402 0.2669
vn 0.7174 -0.6431 0.2678
vn 0.6807 -0.6776 0.2783
vn 0.6822 -0.6763 0.2779
vn -0.7234 0.6543 -0.2205
vn -0.7572 0.6190 -0.2084
vn -0.7562 0.6202 -0.2088
vn -0.7228 0.6548 -0.2207
vn -0.7546 0.6157 -0.2270
vn -0.7680 0.6074 -0.2031
vn -0.7662 0.6086 -0.2064
vn -0.7527 0.6168 -0.2302
vn 0.7324 -0.6287 0.2615
vn 0.7297 -0.6306 0.2642
vn 0.7112 -0.6439 0.2822
vn 0.7140 -0.6420 0.2796
vn 0.9813 0.1769 -0.0765
vn 0.7779 0.1850 -0.6005
vn 0.9805 0.1809 -0.0772
vn 0.6717 0.1957 -0.7145
vn 0.6387 0.2780 -0.7174
vn 0.5778 0.2778 -0.7675
vn 0.5856 0.2722 -0.7635
vn 0.5735 0.2259 -0.7874
vn 0.9714 0.1274 0.2003
vn 0.9714 0.1277 0.2004
vn 0.9757 0.1014 0.1942
vn 0.9757 0.1017 0.1942
vn 0.8800 0.0377 0.4735
vn 0.8800 0.0376 0.4735
vn 0.8813 0.0300 0.4717
vn 0.8813 0.0299 0.4717
vn 0.9841 0.1743 0.0348
vn 0.9842 0.1739 0.0347
vn 0.9900 0.1384 0.0262
vn 0.9900 0.1388 0.0263
vn 0.6020 -0.0992 0.7923
vn 0.4806 -0.1411 0.8655
vn 0.5987 -0.0789 0.7971
vn 0.4759 -0.1127 0.8722
vn 0.7762 -0.0235 0.6300
vn 0.7754 -0.0186 0.6312
vn 0.8331 0.0077 0.5531
vn 0.8334 0.0061 0.5527
vn -0.1784 -0.2847 0.9419
vn -0.1784 -0.2844 0.9420
vn -0.1880 -0.2267 0.9557
vn -0.1880 -0.2263 0.9557
vn 0.7539 0.1948 -0.6275
vn 0.7436 0.2277 -0.6287
vn 0.7572 0.1834 -0.6269
vn 0.7663 0.1500 -0.6247
vn 0.9957 0.0916 -0.0131
vn 0.9927 0.1132 -0.0419
vn 0.9877 0.1375 -0.0743
vn 0.9927 0.1130 -0.0416
vn 0.8571 0.1048 -0.5043
vn 0.6863 0.1084 -0.7192
vn 0.5572 0.2351 -0.7964
vn 0.6120 0.2171 -0.7605
vn 0.6970 0.1848 -0.6928
vn 0.6483 0.2040 -0.7336
vn 0.6070 0.1935 -0.7708
vn 0.5729 0.1970 -0.7956
vn -0.4977 -0.7467 -0.4413
vn -0.4945 -0.7470 -0.4444
vn -0.4514 -0.7492 -0.4847
vn -0.4540 -0.7491 -0.4824
vn 0.4453 0.7377 0.5074
vn 0.4093 0.7269 0.5514
vn 0.4110 0.7275 0.5495
vn 0.4475 0.7383 0.5046
vn 0.6714 -0.6600 0.3370
vn 0.6683 -0.6626 0.3382
vn 0.6291 -0.6929 0.3522
vn 0.6307 -0.6918 0.3516
vn -0.6731 0.6792 -0.2924
vn -0.7095 0.6481 -0.2767
vn -0.7083 0.6492 -0.2772
vn -0.6726 0.6797 -0.2927
vn -0.7072 0.6426 -0.2948
vn -0.7211 0.6380 -0.2703
vn -0.7192 0.6386 -0.2737
vn -0.7052 0.6432 -0.2982
vn 0.6842 -0.6501 0.3305
vn 0.6814 -0.6516 0.3333
vn 0.6620 -0.6613 0.3526
vn 0.6649 -0.6599 0.3498
vn 0.9910 0.0975 -0.0922
vn 0.9914 0.0936 -0.0910
vn 0.8506 0.0831 -0.5192
vn 0.6876 0.0938 -0.7200
vn 0.6875 0.1687 -0.7063
vn 0.6031 0.1668 -0.7800
vn 0.6013 0.1440 -0.7859
vn 0.5947 0.1228 -0.7945
vn 0.9790 0.0753 0.1895
vn 0.9790 0.0750 0.1894
vn 0.9803 0.0618 0.1876
vn 0.9803 0.0618 0.1877
vn 0.8822 0.0222 0.4703
vn 0.8823 0.0221 0.4703
vn 0.8826 0.0183 0.4697
vn 0.9946 0.1023 0.0198
vn 0.9945 0.1027 0.0198
vn 0.9963 0.0844 0.0174
vn 0.4722 -0.0830 0.8776
vn 0.5961 -0.0584 0.8008
vn 0.5966 -0.0477 0.8011
vn 0.4708 -0.0683 0.8796
vn 0.7748 -0.0138 0.6320
vn 0.7754 -0.0111 0.6314
vn 0.8336 0.0046 0.5524
vn 0.8336 0.0038 0.5523
vn -0.1954 -0.1677 0.9663
vn -0.1954 -0.1674 0.9663
vn -0.1982 -0.1377 0.9704
vn -0.6816 0.0154 -0.7316
vn -0.6816 0.0156 -0.7316
vn -0.6817 0.0223 -0.7313
vn -0.6813 0.0018 -0.7320
vn -0.6812 0.0016 -0.7321
vn -0.6814 -0.0122 -0.7318
vn -0.6814 -0.0120 -0.7318
vn -0.6822 -0.0258 -0.7308
vn -0.6822 -0.0260 -0.7307
vn -0.6834 -0.0396 -0.7290
vn -0.6834 -0.0394 -0.7290
vn -0.6851 -0.0529 -0.7265
vn -0.6851 -0.0531 -0.7265
vn -0.6874 -0.0663 -0.7233
vn -0.6874 -0.0661 -0.7233
vn -0.6901 -0.0791 -0.7194
vn -0.6901 -0.0793 -0.7193
vn -0.6933 -0.0918 -0.7147
vn -0.6933 -0.0917 -0.7148
vn -0.6970 -0.1039 -0.7095
vn -0.6970 -0.1041 -0.7095
vn -0.7012 -0.1158 -0.7035
vn -0.7011 -0.1157 -0.7036
vn -0.7057 -0.1270 -0.6971
vn -0.7057 -0.1271 -0.6970
vn -0.7107 -0.1378 -0.6899
vn -0.7106 -0.1377 -0.6900
vn -0.7160 -0.1478 -0.6823
vn -0.7161 -0.1479 -0.6822
vn -0.7218 -0.1574 -0.6739
vn -0.7217 -0.1573 -0.6740
vn -0.7278 -0.1661 -0.6653
vn -0.7279 -0.1662 -0.6652
vn -0.7343 -0.1743 -0.6560
vn -0.7342 -0.1742 -0.6562
vn -0.7409 -0.1816 -0.6466
vn -0.7410 -0.1817 -0.6465
vn -0.7480 -0.1882 -0.6365
vn -0.7479 -0.1882 -0.6366
vn -0.7551 -0.1939 -0.6263
vn -0.7552 -0.1940 -0.6262
vn -0.7625 -0.1989 -0.6156
vn -0.7624 -0.1988 -0.6158
vn -0.7700 -0.2029 -0.6049
vn -0.7701 -0.2029 -0.6048
vn -0.7778 -0.2061 -0.5938
vn -0.7777 -0.2061 -0.5939
vn -0.7855 -0.2084 -0.5827
vn -0.7856 -0.2084 -0.5826
vn -0.7934 -0.2098 -0.5714
vn -0.7933 -0.2098 -0.5715
vn -0.8012 -0.2103 -0.5602
vn -0.8013 -0.2103 -0.5600
vn -0.8092 -0.2098 -0.5487
vn -0.8091 -0.2099 -0.5489
vn -0.8170 -0.2085 -0.5376
vn -0.8171 -0.2085 -0.5374
vn -0.8249 -0.2063 -0.5263
vn -0.8248 -0.2063 -0.5264
vn -0.8325 -0.2032 -0.5154
vn -0.8326 -0.2032 -0.5152
vn -0.8402 -0.1992 -0.5044
vn -0.8401 -0.1992 -0.5046
vn -0.8475 -0.1944 -0.4939
vn -0.8476 -0.1943 -0.4938
vn -0.8548 -0.1886 -0.4835
vn -0.8547 -0.1887 -0.4836
vn -0.8617 -0.1822 -0.4736
vn -0.8617 -0.1821 -0.4735
vn -0.8685 -0.1748 -0.4639
vn -0.8684 -0.1750 -0.4640
vn -0.8748 -0.1669 -0.4548
vn -0.8749 -0.1668 -0.4547
vn -0.8810 -0.1581 -0.4459
vn -0.8809 -0.1582 -0.4461
vn -0.8867 -0.1487 -0.4378
vn -0.8868 -0.1486 -0.4377
vn -0.8922 -0.1385 -0.4299
vn -0.8921 -0.1387 -0.4300
vn -0.8971 -0.1280 -0.4229
vn -0.8972 -0.1278 -0.4228
vn -0.9018 -0.1166 -0.4162
vn -0.9017 -0.1168 -0.4163
vn -0.9059 -0.1050 -0.4103
vn -0.9059 -0.1049 -0.4102
vn -0.9096 -0.0927 -0.4049
vn -0.9096 -0.0929 -0.4050
vn -0.9129 -0.0803 -0.4003
vn -0.9129 -0.0801 -0.4002
vn -0.9157 -0.0672 -0.3963
vn -0.9156 -0.0674 -0.3963
vn -0.9179 -0.0541 -0.3931
vn -0.9179 -0.0540 -0.3930
vn -0.9197 -0.0405 -0.3905
vn -0.9197 -0.0407 -0.3905
vn -0.9210 -0.0270 -0.3887
vn -0.9210 -0.0269 -0.3887
vn -0.9217 -0.0131 -0.3876
vn -0.9217 -0.0133 -0.3876
vn -0.9220 0.0007 -0.3872
vn -0.9220 0.0005 -0.3873
vn -0.9217 0.0143 -0.3876
vn -0.9217 0.0145 -0.3877
vn -0.9209 0.0280 -0.3888
vn -0.9209 0.0282 -0.3888
vn -0.9196 0.0418 -0.3907
vn -0.9196 0.0416 -0.3907
vn -0.9178 0.0551 -0.3933
vn -0.9177 0.0552 -0.3933
vn -0.9155 0.0683 -0.3966
vn -0.9154 0.0684 -0.3966
vn -0.9126 0.0812 -0.4006
vn -0.9126 0.0814 -0.4007
vn -0.9093 0.0939 -0.4054
vn -0.9094 0.0937 -0.4053
vn -0.9056 0.1059 -0.4107
vn -0.9056 0.1060 -0.4108
vn -0.9013 0.1177 -0.4168
vn -0.9014 0.1176 -0.4167
vn -0.8967 0.1289 -0.4234
vn -0.8968 0.1288 -0.4234
vn -0.8917 0.1395 -0.4307
vn -0.8917 0.1394 -0.4306
vn -0.8862 0.1495 -0.4385
vn -0.8863 0.1494 -0.4384
vn -0.8804 0.1589 -0.4468
vn -0.8805 0.1588 -0.4467
vn -0.8744 0.1675 -0.4555
vn -0.8743 0.1676 -0.4556
vn -0.8678 0.1756 -0.4648
vn -0.8679 0.1755 -0.4647
vn -0.8612 0.1827 -0.4743
vn -0.8611 0.1828 -0.4745
vn -0.8541 0.1892 -0.4845
vn -0.8542 0.1892 -0.4843
vn -0.8470 0.1948 -0.4947
vn -0.8469 0.1948 -0.4948
vn -0.8395 0.1996 -0.5054
vn -0.8396 0.1995 -0.5053
vn -0.8320 0.2035 -0.5162
vn -0.8319 0.2035 -0.5163
vn -0.8242 0.2065 -0.5274
vn -0.8243 0.2065 -0.5272
vn -0.8164 0.2087 -0.5384
vn -0.8163 0.2087 -0.5385
vn -0.8085 0.2099 -0.5498
vn -0.8086 0.2099 -0.5497
vn -0.8007 0.2103 -0.5610
vn -0.8006 0.2103 -0.5611
vn -0.7927 0.2097 -0.5724
vn -0.7928 0.2097 -0.5723
vn -0.7848 0.2082 -0.5837
vn -0.7849 0.2082 -0.5836
vn -0.7770 0.2058 -0.5948
vn -0.7771 0.2059 -0.5947
vn -0.7695 0.2026 -0.6057
vn -0.7694 0.2026 -0.6058
vn -0.7618 0.1984 -0.6166
vn -0.7619 0.1985 -0.6165
vn -0.7545 0.1935 -0.6271
vn -0.7544 0.1934 -0.6272
vn -0.7473 0.1876 -0.6375
vn -0.7474 0.1877 -0.6373
vn -0.7404 0.1811 -0.6473
vn -0.7404 0.1810 -0.6474
vn -0.7337 0.1736 -0.6569
vn -0.7338 0.1737 -0.6568
vn -0.7273 0.1654 -0.6661
vn -0.7274 0.1655 -0.6660
vn -0.7213 0.1567 -0.6746
vn -0.7213 0.1566 -0.6747
vn -0.7156 0.1471 -0.6828
vn -0.7155 0.1470 -0.6829
vn -0.7102 0.1368 -0.6906
vn -0.7103 0.1369 -0.6905
vn -0.7053 0.1262 -0.6976
vn -0.7053 0.1260 -0.6977
vn -0.7007 0.1147 -0.7041
vn -0.7008 0.1149 -0.7041
vn -0.6967 0.1031 -0.7099
vn -0.6966 0.1029 -0.7100
vn -0.6930 0.0907 -0.7152
vn -0.6930 0.0908 -0.7151
vn -0.6899 0.0782 -0.7197
vn -0.6898 0.0780 -0.7198
vn -0.6872 0.0652 -0.7236
vn -0.6871 0.0650 -0.7236
vn -0.6850 0.0519 -0.7267
vn -0.6849 0.0518 -0.7268
vn -0.6833 0.0385 -0.7292
vn -0.6833 0.0383 -0.7292
vn -0.6826 0.0316 -0.7301
vn -0.1217 0.0791 -0.9894
vn -0.1204 0.0304 -0.9923
vn -0.9487 -0.0304 -0.3147
vn -0.9494 -0.0115 -0.3140
vn -0.1195 -0.0187 -0.9927
vn -0.1217 -0.0675 -0.9903
vn -0.9496 0.0072 -0.3135
vn -0.9488 0.0260 -0.3147
vn -0.1245 -0.1162 -0.9854
vn -0.1305 -0.1641 -0.9778
vn -0.9476 0.0446 -0.3163
vn -0.9455 0.0632 -0.3196
vn -0.1369 -0.2116 -0.9677
vn -0.1463 -0.2579 -0.9550
vn -0.9429 0.0813 -0.3231
vn -0.9393 0.0992 -0.3283
vn -0.1563 -0.3035 -0.9399
vn -0.1691 -0.3473 -0.9224
vn -0.9354 0.1166 -0.3337
vn -0.9306 0.1335 -0.3409
vn -0.1824 -0.3901 -0.9025
vn -0.1984 -0.4306 -0.8804
vn -0.9254 0.1499 -0.3481
vn -0.9193 0.1655 -0.3570
vn -0.2148 -0.4700 -0.8562
vn -0.2337 -0.5066 -0.8299
vn -0.9129 0.1806 -0.3660
vn -0.9058 0.1947 -0.3764
vn -0.2529 -0.5418 -0.8016
vn -0.2744 -0.5738 -0.7716
vn -0.8983 0.2082 -0.3869
vn -0.8901 0.2205 -0.3988
vn -0.2960 -0.6042 -0.7398
vn -0.3197 -0.6312 -0.7067
vn -0.8817 0.2322 -0.4107
vn -0.8727 0.2425 -0.4238
vn -0.3434 -0.6563 -0.6718
vn -0.3690 -0.6777 -0.6361
vn -0.8635 0.2522 -0.4368
vn -0.8538 0.2603 -0.4509
vn -0.3944 -0.6970 -0.5988
vn -0.4214 -0.7125 -0.5611
vn -0.8439 0.2679 -0.4648
vn -0.8337 0.2737 -0.4797
vn -0.4480 -0.7258 -0.5221
vn -0.4759 -0.7350 -0.4830
vn -0.8233 0.2789 -0.4943
vn -0.8127 0.2823 -0.5097
vn -0.5032 -0.7420 -0.4430
vn -0.5316 -0.7449 -0.4032
vn -0.8021 0.2852 -0.5248
vn -0.7913 0.2861 -0.5403
vn -0.5592 -0.7454 -0.3627
vn -0.5876 -0.7419 -0.3231
vn -0.7805 0.2865 -0.5556
vn -0.7698 0.2849 -0.5711
vn -0.6150 -0.7360 -0.2829
vn -0.6428 -0.7262 -0.2439
vn -0.7591 0.2829 -0.5863
vn -0.7486 0.2789 -0.6015
vn -0.6696 -0.7140 -0.2047
vn -0.6964 -0.6979 -0.1671
vn -0.7381 0.2744 -0.6163
vn -0.7280 0.2680 -0.6310
vn -0.7221 -0.6796 -0.1295
vn -0.7475 -0.6576 -0.0940
vn -0.7180 0.2612 -0.6452
vn -0.7084 0.2525 -0.6591
vn -0.7715 -0.6335 -0.0587
vn -0.7951 -0.6060 -0.0259
vn -0.6990 0.2435 -0.6724
vn -0.6902 0.2327 -0.6852
vn -0.8171 -0.5765 0.0066
vn -0.8383 -0.5439 0.0361
vn -0.6815 0.2216 -0.6975
vn -0.6735 0.2088 -0.7090
vn -0.8580 -0.5096 0.0651
vn -0.8766 -0.4725 0.0910
vn -0.6657 0.1958 -0.7200
vn -0.6589 0.1814 -0.7301
vn -0.8935 -0.4339 0.1160
vn -0.9092 -0.3929 0.1376
vn -0.6521 0.1668 -0.7396
vn -0.6463 0.1508 -0.7480
vn -0.9230 -0.3507 0.1583
vn -0.9355 -0.3066 0.1754
vn -0.6407 0.1348 -0.7558
vn -0.6362 0.1176 -0.7625
vn -0.9461 -0.2615 0.1913
vn -0.9552 -0.2150 0.2035
vn -0.6319 0.1005 -0.7685
vn -0.6287 0.0824 -0.7733
vn -0.9622 -0.1677 0.2145
vn -0.9678 -0.1197 0.2216
vn -0.6257 0.0645 -0.7774
vn -0.6239 0.0458 -0.7802
vn -0.9712 -0.0711 0.2274
vn -0.9731 -0.0223 0.2292
vn -0.6222 0.0273 -0.7824
vn -0.6218 0.0084 -0.7831
vn -0.9729 0.0267 0.2297
vn -0.9711 0.0755 0.2263
vn -0.6215 -0.0103 -0.7833
vn -0.6226 -0.0291 -0.7820
vn -0.9672 0.1241 0.2216
vn -0.9618 0.1719 0.2130
vn -0.6237 -0.0477 -0.7802
vn -0.6262 -0.0662 -0.7769
vn -0.9543 0.2194 0.2031
vn -0.9453 0.2654 0.1894
vn -0.6287 -0.0843 -0.7730
vn -0.6325 -0.1021 -0.7678
vn -0.9343 0.3108 0.1745
vn -0.9220 0.3544 0.1560
vn -0.6364 -0.1195 -0.7621
vn -0.6415 -0.1362 -0.7549
vn -0.9077 0.3969 0.1363
vn -0.8922 0.4372 0.1133
vn -0.6466 -0.1526 -0.7474
vn -0.6530 -0.1680 -0.7385
vn -0.8748 0.4762 0.0893
vn -0.8564 0.5125 0.0621
vn -0.6593 -0.1830 -0.7293
vn -0.6667 -0.1969 -0.7188
vn -0.8363 0.5473 0.0341
vn -0.8154 0.5789 0.0032
vn -0.6741 -0.2103 -0.7081
vn -0.6825 -0.2224 -0.6962
vn -0.7927 0.6089 -0.0283
vn -0.7696 0.6354 -0.0622
vn -0.6908 -0.2340 -0.6841
vn -0.7001 -0.2441 -0.6711
vn -0.7449 0.6601 -0.0967
vn -0.7201 0.6810 -0.1333
vn -0.7092 -0.2537 -0.6578
vn -0.7191 -0.2616 -0.6438
vn -0.6938 0.6998 -0.1701
vn -0.6675 0.7148 -0.2085
vn -0.7288 -0.2690 -0.6296
vn -0.7393 -0.2746 -0.6149
vn -0.6400 0.7276 -0.2470
vn -0.6129 0.7363 -0.2868
vn -0.7495 -0.2796 -0.6000
vn -0.7603 -0.2828 -0.5848
vn -0.5847 0.7428 -0.3263
vn -0.5571 0.7451 -0.3667
vn -0.7708 -0.2855 -0.5696
vn -0.7817 -0.2862 -0.5541
vn -0.5286 0.7452 -0.4066
vn -0.5012 0.7411 -0.4468
vn -0.7923 -0.2864 -0.5387
vn -0.8032 -0.2846 -0.5234
vn -0.4729 0.7347 -0.4864
vn -0.4460 0.7243 -0.5258
vn -0.8137 -0.2824 -0.5081
vn -0.8244 -0.2782 -0.4930
vn -0.4185 0.7116 -0.5644
vn -0.3926 0.6950 -0.6024
vn -0.8346 -0.2735 -0.4781
vn -0.8449 -0.2669 -0.4636
vn -0.3662 0.6762 -0.6392
vn -0.3418 0.6538 -0.6751
vn -0.8547 -0.2599 -0.4493
vn -0.8644 -0.2510 -0.4357
vn -0.3171 0.6292 -0.7096
vn -0.2945 0.6012 -0.7428
vn -0.8736 -0.2418 -0.4223
vn -0.8825 -0.2309 -0.4097
vn -0.2719 0.5714 -0.7744
vn -0.2516 0.5384 -0.8042
vn -0.8910 -0.2196 -0.3974
vn -0.8990 -0.2067 -0.3861
vn -0.2314 0.5037 -0.8323
vn -0.2138 0.4663 -0.8584
vn -0.9065 -0.1936 -0.3751
vn -0.9135 -0.1790 -0.3653
vn -0.1963 0.4273 -0.8825
vn -0.1817 0.3861 -0.9044
vn -0.9200 -0.1642 -0.3558
vn -0.9258 -0.1482 -0.3477
vn -0.1673 0.3436 -0.9241
vn -0.1559 0.2993 -0.9414
vn -0.9312 -0.1320 -0.3398
vn -0.9357 -0.1148 -0.3335
vn -0.1448 0.2539 -0.9563
vn -0.1368 0.2073 -0.9687
vn -0.9398 -0.0976 -0.3274
vn -0.9431 -0.0795 -0.3230
vn -0.1292 0.1599 -0.9786
vn -0.1248 0.1117 -0.9859
vn -0.9458 -0.0615 -0.3189
vn -0.9477 -0.0428 -0.3164
vn -0.4598 0.0495 -0.8866
vn -0.7805 0.0070 -0.6251
vn -0.4590 0.0190 -0.8882
vn -0.7804 0.0028 -0.6253
vn -0.4584 -0.0117 -0.8887
vn -0.7803 -0.0017 -0.6254
vn -0.4599 -0.0421 -0.8870
vn -0.7805 -0.0059 -0.6251
vn -0.4616 -0.0726 -0.8841
vn -0.7808 -0.0103 -0.6247
vn -0.4653 -0.1025 -0.8792
vn -0.7813 -0.0144 -0.6240
vn -0.4693 -0.1324 -0.8731
vn -0.7819 -0.0188 -0.6232
vn -0.4753 -0.1612 -0.8649
vn -0.7827 -0.0228 -0.6220
vn -0.4814 -0.1898 -0.8557
vn -0.7836 -0.0269 -0.6207
vn -0.4895 -0.2170 -0.8446
vn -0.7847 -0.0307 -0.6191
vn -0.4977 -0.2440 -0.8323
vn -0.7859 -0.0346 -0.6174
vn -0.5078 -0.2692 -0.8183
vn -0.7873 -0.0381 -0.6154
vn -0.5180 -0.2939 -0.8033
vn -0.7888 -0.0417 -0.6133
vn -0.5299 -0.3166 -0.7868
vn -0.7904 -0.0448 -0.6110
vn -0.5418 -0.3388 -0.7692
vn -0.7921 -0.0480 -0.6085
vn -0.5553 -0.3587 -0.7503
vn -0.7940 -0.0508 -0.6058
vn -0.5688 -0.3779 -0.7305
vn -0.7960 -0.0536 -0.6030
vn -0.5837 -0.3945 -0.7097
vn -0.7980 -0.0559 -0.6001
vn -0.5985 -0.4104 -0.6880
vn -0.8002 -0.0582 -0.5969
vn -0.6145 -0.4236 -0.6656
vn -0.8024 -0.0600 -0.5938
vn -0.6303 -0.4359 -0.6424
vn -0.8047 -0.0618 -0.5905
vn -0.6472 -0.4453 -0.6187
vn -0.8070 -0.0631 -0.5872
vn -0.6638 -0.4539 -0.5944
vn -0.8094 -0.0643 -0.5837
vn -0.6812 -0.4594 -0.5699
vn -0.8118 -0.0651 -0.5803
vn -0.6984 -0.4640 -0.5449
vn -0.8143 -0.0658 -0.5767
vn -0.7161 -0.4656 -0.5201
vn -0.8168 -0.0660 -0.5732
vn -0.7334 -0.4662 -0.4947
vn -0.8193 -0.0661 -0.5695
vn -0.7511 -0.4637 -0.4699
vn -0.8217 -0.0657 -0.5661
vn -0.7683 -0.4603 -0.4448
vn -0.8242 -0.0652 -0.5625
vn -0.7856 -0.4539 -0.4205
vn -0.8266 -0.0643 -0.5591
vn -0.8024 -0.4465 -0.3959
vn -0.8291 -0.0633 -0.5555
vn -0.8191 -0.4363 -0.3725
vn -0.8314 -0.0619 -0.5523
vn -0.8353 -0.4250 -0.3489
vn -0.8337 -0.0602 -0.5489
vn -0.8510 -0.4111 -0.3268
vn -0.8359 -0.0583 -0.5458
vn -0.8662 -0.3962 -0.3046
vn -0.8381 -0.0562 -0.5426
vn -0.8808 -0.3788 -0.2841
vn -0.8401 -0.0537 -0.5397
vn -0.8947 -0.3605 -0.2638
vn -0.8422 -0.0511 -0.5368
vn -0.9078 -0.3401 -0.2454
vn -0.8439 -0.0483 -0.5343
vn -0.9202 -0.3187 -0.2272
vn -0.8458 -0.0452 -0.5316
vn -0.9318 -0.2954 -0.2111
vn -0.8473 -0.0419 -0.5294
vn -0.9425 -0.2713 -0.1953
vn -0.8489 -0.0385 -0.5271
vn -0.9521 -0.2457 -0.1820
vn -0.8502 -0.0349 -0.5252
vn -0.9609 -0.2193 -0.1689
vn -0.8515 -0.0311 -0.5234
vn -0.9686 -0.1917 -0.1584
vn -0.8526 -0.0272 -0.5219
vn -0.9753 -0.1635 -0.1482
vn -0.8536 -0.0232 -0.5204
vn -0.9809 -0.1345 -0.1408
vn -0.8543 -0.0192 -0.5194
vn -0.9854 -0.1049 -0.1338
vn -0.8550 -0.0149 -0.5184
vn -0.9888 -0.0749 -0.1295
vn -0.8554 -0.0107 -0.5178
vn -0.9911 -0.0445 -0.1257
vn -0.8558 -0.0063 -0.5172
vn -0.9921 -0.0140 -0.1247
vn -0.8559 -0.0021 -0.5171
vn -0.9921 0.0167 -0.1242
vn -0.8560 0.0024 -0.5170
vn -0.9909 0.0471 -0.1265
vn -0.8558 0.0066 -0.5173
vn -0.9886 0.0776 -0.1293
vn -0.8555 0.0110 -0.5177
vn -0.9850 0.1074 -0.1348
vn -0.8549 0.0151 -0.5185
vn -0.9805 0.1372 -0.1409
vn -0.8543 0.0194 -0.5194
vn -0.9747 0.1659 -0.1496
vn -0.8535 0.0234 -0.5206
vn -0.9680 0.1944 -0.1588
vn -0.8525 0.0276 -0.5219
vn -0.9602 0.2215 -0.1704
vn -0.8514 0.0313 -0.5235
vn -0.9513 0.2482 -0.1826
vn -0.8502 0.0352 -0.5253
vn -0.9415 0.2732 -0.1971
vn -0.8488 0.0386 -0.5273
vn -0.9308 0.2978 -0.2121
vn -0.8473 0.0422 -0.5295
vn -0.9192 0.3203 -0.2291
vn -0.8456 0.0453 -0.5318
vn -0.9067 0.3422 -0.2466
vn -0.8439 0.0485 -0.5344
vn -0.8935 0.3618 -0.2659
vn -0.8420 0.0512 -0.5370
vn -0.8795 0.3808 -0.2856
vn -0.8400 0.0540 -0.5399
vn -0.8649 0.3972 -0.3068
vn -0.8380 0.0562 -0.5428
vn -0.8496 0.4128 -0.3284
vn -0.8358 0.0585 -0.5460
vn -0.8339 0.4257 -0.3512
vn -0.8336 0.0603 -0.5491
vn -0.8176 0.4377 -0.3742
vn -0.8312 0.0620 -0.5525
vn -0.8011 0.4468 -0.3983
vn -0.8289 0.0633 -0.5558
vn -0.7839 0.4550 -0.4224
vn -0.8265 0.0645 -0.5593
vn -0.7669 0.4603 -0.4472
vn -0.8241 0.0652 -0.5627
vn -0.7493 0.4645 -0.4720
vn -0.8216 0.0658 -0.5663
vn -0.7321 0.4658 -0.4971
vn -0.8191 0.0660 -0.5698
vn -0.7143 0.4660 -0.5221
vn -0.8166 0.0661 -0.5734
vn -0.6971 0.4632 -0.5472
vn -0.8142 0.0657 -0.5769
vn -0.6794 0.4595 -0.5720
vn -0.8116 0.0651 -0.5805
vn -0.6626 0.4528 -0.5966
vn -0.8093 0.0642 -0.5839
vn -0.6454 0.4450 -0.6208
vn -0.8068 0.0631 -0.5874
vn -0.6292 0.4345 -0.6445
vn -0.8045 0.0616 -0.5907
vn -0.6127 0.4229 -0.6676
vn -0.8022 0.0600 -0.5941
vn -0.5975 0.4087 -0.6899
vn -0.8001 0.0580 -0.5971
vn -0.5820 0.3935 -0.7117
vn -0.7978 0.0558 -0.6003
vn -0.5679 0.3759 -0.7322
vn -0.7959 0.0533 -0.6031
vn -0.5537 0.3573 -0.7521
vn -0.7938 0.0507 -0.6060
vn -0.5411 0.3366 -0.7706
vn -0.7921 0.0478 -0.6086
vn -0.5284 0.3150 -0.7884
vn -0.7902 0.0446 -0.6112
vn -0.5175 0.2915 -0.8045
vn -0.7887 0.0414 -0.6134
vn -0.5065 0.2672 -0.8198
vn -0.7871 0.0379 -0.6156
vn -0.4974 0.2414 -0.8333
vn -0.7859 0.0343 -0.6174
vn -0.4884 0.2149 -0.8458
vn -0.7846 0.0305 -0.6193
vn -0.4813 0.1871 -0.8564
vn -0.7836 0.0266 -0.6207
vn -0.4743 0.1588 -0.8659
vn -0.7826 0.0225 -0.6222
vn -0.4694 0.1296 -0.8734
vn -0.7819 0.0185 -0.6232
vn -0.4645 0.1000 -0.8799
vn -0.7812 0.0142 -0.6241
vn -0.4618 0.0699 -0.8842
vn -0.7808 0.0100 -0.6247
# 7626 vertex normals

vt 0.1604 0.6366 0.0000
vt 0.1604 0.6115 0.0000
vt 0.1604 0.6441 0.0000
vt 0.1604 0.6698 0.0000
vt 0.1604 0.6284 0.0000
vt 0.1604 0.6586 0.0000
vt 0.1604 0.6440 0.0000
vt 0.1604 0.6438 0.0000
vt 0.1604 0.6551 0.0000
vt 0.1604 0.6215 0.0000
vt 0.1604 0.6363 0.0000
vt 0.1604 0.6692 0.0000
vt 0.1604 0.6584 0.0000
vt 0.1604 0.6546 0.0000
vt 0.1604 0.6217 0.0000
vt 0.1604 0.6043 0.0000
vt 0.1604 0.6290 0.0000
vt 0.1604 0.6142 0.0000
vt 0.1604 0.6216 0.0000
vt 0.1604 0.6553 0.0000
vt 0.1604 0.6273 0.0000
vt 0.1604 0.6211 0.0000
vt 0.1604 0.6265 0.0000
vt 0.1604 0.6259 0.0000
vt 0.1604 0.6511 0.0000
vt 0.1604 0.6530 0.0000
vt 0.1604 0.6207 0.0000
vt 0.1604 0.6203 0.0000
vt 0.1604 0.6509 0.0000
vt 0.1604 0.6258 0.0000
vt 0.1604 0.6507 0.0000
vt 0.1604 0.6475 0.0000
vt 0.1604 0.6247 0.0000
vt 0.1604 0.6197 0.0000
vt 0.1604 0.6244 0.0000
vt 0.1604 0.6465 0.0000
vt 0.1604 0.6195 0.0000
vt 0.1604 0.6243 0.0000
vt 0.1604 0.6461 0.0000
vt 0.1604 0.6042 0.0000
vt 0.1604 0.6292 0.0000
vt 0.1604 0.5957 0.0000
vt 0.1604 0.5717 0.0000
vt 0.1604 0.5914 0.0000
vt 0.1604 0.5721 0.0000
vt 0.1604 0.5722 0.0000
vt 0.1604 0.5805 0.0000
vt 0.1604 0.5959 0.0000
vt 0.1604 0.5809 0.0000
vt 0.1604 0.5848 0.0000
vt 0.1604 0.5651 0.0000
vt 0.1604 0.5650 0.0000
vt 0.1604 0.5886 0.0000
vt 0.1604 0.5887 0.0000
vt 0.1604 0.5737 0.0000
vt 0.1604 0.5732 0.0000
vt 0.1604 0.5810 0.0000
vt 0.1604 0.5930 0.0000
vt 0.1604 0.5868 0.0000
vt 0.1604 0.5941 0.0000
vt 0.1604 0.5950 0.0000
vt 0.1604 0.5883 0.0000
vt 0.1604 0.5894 0.0000
vt 0.1604 0.5951 0.0000
vt 0.1604 0.5896 0.0000
vt 0.1604 0.5953 0.0000
vt 0.1604 0.5897 0.0000
vt 0.1604 0.5968 0.0000
vt 0.1604 0.5918 0.0000
vt 0.1604 0.5973 0.0000
vt 0.1604 0.5924 0.0000
vt 0.1604 0.5975 0.0000
vt 0.1604 0.5927 0.0000
vt 0.1604 0.5551 0.0000
vt 0.1604 0.5326 0.0000
vt 0.1604 0.5645 0.0000
vt 0.1604 0.5646 0.0000
vt 0.1604 0.5327 0.0000
vt 0.1604 0.5547 0.0000
vt 0.1604 0.5847 0.0000
vt 0.1604 0.5334 0.0000
vt 0.1604 0.5336 0.0000
vt 0.1604 0.5401 0.0000
vt 0.1604 0.5559 0.0000
vt 0.1604 0.5550 0.0000
vt 0.1604 0.5410 0.0000
vt 0.1604 0.5267 0.0000
vt 0.1604 0.5484 0.0000
vt 0.1604 0.5265 0.0000
vt 0.1604 0.5487 0.0000
vt 0.1604 0.5339 0.0000
vt 0.1604 0.5329 0.0000
vt 0.1604 0.5590 0.0000
vt 0.1604 0.5530 0.0000
vt 0.1604 0.5621 0.0000
vt 0.1604 0.5644 0.0000
vt 0.1604 0.5563 0.0000
vt 0.1604 0.5647 0.0000
vt 0.1604 0.5592 0.0000
vt 0.1604 0.5596 0.0000
vt 0.1604 0.5692 0.0000
vt 0.1604 0.5643 0.0000
vt 0.1604 0.5705 0.0000
vt 0.1604 0.5657 0.0000
vt 0.1604 0.5711 0.0000
vt 0.1604 0.5663 0.0000
vt 0.1604 0.5155 0.0000
vt 0.1604 0.4949 0.0000
vt 0.1604 0.5257 0.0000
vt 0.1604 0.5479 0.0000
vt 0.1604 0.5190 0.0000
vt 0.1604 0.5481 0.0000
vt 0.1604 0.5259 0.0000
vt 0.1604 0.4952 0.0000
vt 0.1604 0.4963 0.0000
vt 0.1604 0.4961 0.0000
vt 0.1604 0.5009 0.0000
vt 0.1604 0.5168 0.0000
vt 0.1604 0.5195 0.0000
vt 0.1604 0.5023 0.0000
vt 0.1604 0.5132 0.0000
vt 0.1604 0.4898 0.0000
vt 0.1604 0.4896 0.0000
vt 0.1604 0.5099 0.0000
vt 0.1604 0.4955 0.0000
vt 0.1604 0.4940 0.0000
vt 0.1604 0.4939 0.0000
vt 0.1604 0.5260 0.0000
vt 0.1604 0.5202 0.0000
vt 0.1604 0.5309 0.0000
vt 0.1604 0.5346 0.0000
vt 0.1604 0.5254 0.0000
vt 0.1604 0.5294 0.0000
vt 0.1604 0.5351 0.0000
vt 0.1604 0.5298 0.0000
vt 0.1604 0.5356 0.0000
vt 0.1604 0.5304 0.0000
vt 0.1604 0.5423 0.0000
vt 0.1604 0.5376 0.0000
vt 0.1604 0.5444 0.0000
vt 0.1604 0.5398 0.0000
vt 0.1604 0.5453 0.0000
vt 0.1604 0.5408 0.0000
vt 0.1604 0.4883 0.0000
vt 0.1604 0.5085 0.0000
vt 0.1604 0.4777 0.0000
vt 0.1604 0.4593 0.0000
vt 0.1604 0.4886 0.0000
vt 0.1604 0.4596 0.0000
vt 0.1604 0.4850 0.0000
vt 0.1604 0.5127 0.0000
vt 0.1604 0.4611 0.0000
vt 0.1604 0.4608 0.0000
vt 0.1604 0.4637 0.0000
vt 0.1604 0.4794 0.0000
vt 0.1604 0.4856 0.0000
vt 0.1604 0.4655 0.0000
vt 0.1604 0.4797 0.0000
vt 0.1604 0.4550 0.0000
vt 0.1604 0.4547 0.0000
vt 0.1604 0.4729 0.0000
vt 0.1604 0.4591 0.0000
vt 0.1604 0.4636 0.0000
vt 0.1604 0.4571 0.0000
vt 0.1604 0.4656 0.0000
vt 0.1604 0.4944 0.0000
vt 0.1604 0.4890 0.0000
vt 0.1604 0.5011 0.0000
vt 0.1604 0.5062 0.0000
vt 0.1604 0.4959 0.0000
vt 0.1604 0.5013 0.0000
vt 0.1604 0.5068 0.0000
vt 0.1604 0.5018 0.0000
vt 0.1604 0.5075 0.0000
vt 0.1604 0.5026 0.0000
vt 0.1604 0.5167 0.0000
vt 0.1604 0.5122 0.0000
vt 0.1604 0.5152 0.0000
vt 0.1604 0.5208 0.0000
vt 0.1604 0.5165 0.0000
vt 0.1604 0.4421 0.0000
vt 0.1604 0.4264 0.0000
vt 0.1604 0.4531 0.0000
vt 0.1604 0.4710 0.0000
vt 0.1604 0.4535 0.0000
vt 0.1604 0.4267 0.0000
vt 0.1604 0.4532 0.0000
vt 0.1604 0.4790 0.0000
vt 0.1604 0.4282 0.0000
vt 0.1604 0.4285 0.0000
vt 0.1604 0.4572 0.0000
vt 0.1604 0.4290 0.0000
vt 0.1604 0.4443 0.0000
vt 0.1604 0.4539 0.0000
vt 0.1604 0.4314 0.0000
vt 0.1604 0.4230 0.0000
vt 0.1604 0.4484 0.0000
vt 0.1604 0.4226 0.0000
vt 0.1604 0.4382 0.0000
vt 0.1604 0.4255 0.0000
vt 0.1604 0.4289 0.0000
vt 0.1604 0.4650 0.0000
vt 0.1604 0.4600 0.0000
vt 0.1604 0.4733 0.0000
vt 0.1604 0.4796 0.0000
vt 0.1604 0.4685 0.0000
vt 0.1604 0.4750 0.0000
vt 0.1604 0.4804 0.0000
vt 0.1604 0.4758 0.0000
vt 0.1604 0.4812 0.0000
vt 0.1604 0.4767 0.0000
vt 0.1604 0.4928 0.0000
vt 0.1604 0.4923 0.0000
vt 0.1604 0.4978 0.0000
vt 0.1604 0.4207 0.0000
vt 0.1604 0.4360 0.0000
vt 0.1604 0.4095 0.0000
vt 0.1604 0.3966 0.0000
vt 0.1604 0.4242 0.0000
vt 0.1604 0.4477 0.0000
vt 0.1604 0.4211 0.0000
vt 0.1604 0.3970 0.0000
vt 0.1604 0.3991 0.0000
vt 0.1604 0.3988 0.0000
vt 0.1604 0.3975 0.0000
vt 0.1604 0.4121 0.0000
vt 0.1604 0.4250 0.0000
vt 0.1604 0.4003 0.0000
vt 0.1604 0.4201 0.0000
vt 0.1604 0.3942 0.0000
vt 0.1604 0.3938 0.0000
vt 0.1604 0.4066 0.0000
vt 0.1604 0.3950 0.0000
vt 0.1604 0.3974 0.0000
vt 0.1604 0.3921 0.0000
vt 0.1604 0.4381 0.0000
vt 0.1604 0.4336 0.0000
vt 0.1604 0.4479 0.0000
vt 0.1604 0.4554 0.0000
vt 0.1604 0.4436 0.0000
vt 0.1604 0.4513 0.0000
vt 0.1604 0.4562 0.0000
vt 0.1604 0.4521 0.0000
vt 0.1604 0.4573 0.0000
vt 0.1604 0.4708 0.0000
vt 0.1604 0.4672 0.0000
vt 0.1604 0.4714 0.0000
vt 0.1604 0.4769 0.0000
vt 0.1604 0.4734 0.0000
vt 0.1604 0.3916 0.0000
vt 0.1604 0.4040 0.0000
vt 0.1604 0.3804 0.0000
vt 0.1604 0.3706 0.0000
vt 0.1604 0.3711 0.0000
vt 0.1604 0.3984 0.0000
vt 0.1604 0.4192 0.0000
vt 0.1604 0.3730 0.0000
vt 0.1604 0.3735 0.0000
vt 0.1604 0.3922 0.0000
vt 0.1604 0.3698 0.0000
vt 0.1604 0.3834 0.0000
vt 0.1604 0.3993 0.0000
vt 0.1604 0.3729 0.0000
vt 0.1604 0.3951 0.0000
vt 0.1604 0.3692 0.0000
vt 0.1604 0.3688 0.0000
vt 0.1604 0.3786 0.0000
vt 0.1604 0.3683 0.0000
vt 0.1604 0.3697 0.0000
vt 0.1604 0.3651 0.0000
vt 0.1604 0.4142 0.0000
vt 0.1604 0.4103 0.0000
vt 0.1604 0.4254 0.0000
vt 0.1604 0.4339 0.0000
vt 0.1604 0.4216 0.0000
vt 0.1604 0.4303 0.0000
vt 0.1604 0.4348 0.0000
vt 0.1604 0.4312 0.0000
vt 0.1604 0.4324 0.0000
vt 0.1604 0.4514 0.0000
vt 0.1604 0.4482 0.0000
vt 0.1604 0.4561 0.0000
vt 0.1604 0.4530 0.0000
vt 0.1604 0.4583 0.0000
vt 0.1604 0.4552 0.0000
vt 0.1604 0.3663 0.0000
vt 0.1604 0.3756 0.0000
vt 0.1604 0.3553 0.0000
vt 0.1604 0.3488 0.0000
vt 0.1604 0.3668 0.0000
vt 0.1604 0.3493 0.0000
vt 0.1604 0.3763 0.0000
vt 0.1604 0.3941 0.0000
vt 0.1604 0.3514 0.0000
vt 0.1604 0.3519 0.0000
vt 0.1604 0.3652 0.0000
vt 0.1604 0.3462 0.0000
vt 0.1604 0.3554 0.0000
vt 0.1604 0.3586 0.0000
vt 0.1604 0.3774 0.0000
vt 0.1604 0.3496 0.0000
vt 0.1604 0.3484 0.0000
vt 0.1604 0.3738 0.0000
vt 0.1604 0.3479 0.0000
vt 0.1604 0.3546 0.0000
vt 0.1604 0.3459 0.0000
vt 0.1604 0.3461 0.0000
vt 0.1604 0.3424 0.0000
vt 0.1604 0.3904 0.0000
vt 0.1604 0.4060 0.0000
vt 0.1604 0.4154 0.0000
vt 0.1604 0.4030 0.0000
vt 0.1604 0.4125 0.0000
vt 0.1604 0.4165 0.0000
vt 0.1604 0.4135 0.0000
vt 0.1604 0.4177 0.0000
vt 0.1604 0.4148 0.0000
vt 0.1604 0.4321 0.0000
vt 0.1604 0.4400 0.0000
vt 0.1604 0.4374 0.0000
vt 0.1604 0.4423 0.0000
vt 0.1604 0.4397 0.0000
vt 0.1604 0.3454 0.0000
vt 0.1604 0.3513 0.0000
vt 0.1604 0.3347 0.0000
vt 0.1604 0.3316 0.0000
vt 0.1604 0.3583 0.0000
vt 0.1604 0.3727 0.0000
vt 0.1604 0.3321 0.0000
vt 0.1604 0.3343 0.0000
vt 0.1604 0.3349 0.0000
vt 0.1604 0.3272 0.0000
vt 0.1604 0.3383 0.0000
vt 0.1604 0.3595 0.0000
vt 0.1604 0.3309 0.0000
vt 0.1604 0.3567 0.0000
vt 0.1604 0.3323 0.0000
vt 0.1604 0.3317 0.0000
vt 0.1604 0.3351 0.0000
vt 0.1604 0.3280 0.0000
vt 0.1604 0.3243 0.0000
vt 0.1604 0.3771 0.0000
vt 0.1604 0.3745 0.0000
vt 0.1604 0.3903 0.0000
vt 0.1604 0.4004 0.0000
vt 0.1604 0.3981 0.0000
vt 0.1604 0.3879 0.0000
vt 0.1604 0.4016 0.0000
vt 0.1604 0.4029 0.0000
vt 0.1604 0.4006 0.0000
vt 0.1604 0.4213 0.0000
vt 0.1604 0.4269 0.0000
vt 0.1604 0.4249 0.0000
vt 0.1604 0.4294 0.0000
vt 0.1604 0.4274 0.0000
vt 0.1604 0.3190 0.0000
vt 0.1604 0.3192 0.0000
vt 0.1604 0.3290 0.0000
vt 0.1604 0.3447 0.0000
vt 0.1604 0.3555 0.0000
vt 0.1604 0.3295 0.0000
vt 0.1604 0.3197 0.0000
vt 0.1604 0.3220 0.0000
vt 0.1604 0.3226 0.0000
vt 0.1604 0.3244 0.0000
vt 0.1604 0.3133 0.0000
vt 0.1604 0.3227 0.0000
vt 0.1604 0.3171 0.0000
vt 0.1604 0.3439 0.0000
vt 0.1604 0.3209 0.0000
vt 0.1604 0.3203 0.0000
vt 0.1604 0.3204 0.0000
vt 0.1604 0.3151 0.0000
vt 0.1604 0.3132 0.0000
vt 0.1604 0.3112 0.0000
vt 0.1604 0.3645 0.0000
vt 0.1604 0.3627 0.0000
vt 0.1604 0.3784 0.0000
vt 0.1604 0.3891 0.0000
vt 0.1604 0.3767 0.0000
vt 0.1604 0.3874 0.0000
vt 0.1604 0.3902 0.0000
vt 0.1604 0.3886 0.0000
vt 0.1604 0.3917 0.0000
vt 0.1604 0.3901 0.0000
vt 0.1604 0.4110 0.0000
vt 0.1604 0.4169 0.0000
vt 0.1604 0.4155 0.0000
vt 0.1604 0.4195 0.0000
vt 0.1604 0.4182 0.0000
vt 0.1604 0.3082 0.0000
vt 0.1604 0.3118 0.0000
vt 0.1604 0.3175 0.0000
vt 0.1604 0.3166 0.0000
vt 0.1604 0.3357 0.0000
vt 0.1604 0.3428 0.0000
vt 0.1604 0.3180 0.0000
vt 0.1604 0.3125 0.0000
vt 0.1604 0.3148 0.0000
vt 0.1604 0.3153 0.0000
vt 0.1604 0.3167 0.0000
vt 0.1604 0.3113 0.0000
vt 0.1604 0.3044 0.0000
vt 0.1604 0.3122 0.0000
vt 0.1604 0.3370 0.0000
vt 0.1604 0.3083 0.0000
vt 0.1604 0.3359 0.0000
vt 0.1604 0.3146 0.0000
vt 0.1604 0.3140 0.0000
vt 0.1604 0.3108 0.0000
vt 0.1604 0.3073 0.0000
vt 0.1604 0.3043 0.0000
vt 0.1604 0.3033 0.0000
vt 0.1604 0.3562 0.0000
vt 0.1604 0.3552 0.0000
vt 0.1604 0.3816 0.0000
vt 0.1604 0.3807 0.0000
vt 0.1604 0.3828 0.0000
vt 0.1604 0.3819 0.0000
vt 0.1604 0.3843 0.0000
vt 0.1604 0.4043 0.0000
vt 0.1604 0.4035 0.0000
vt 0.1604 0.4104 0.0000
vt 0.1604 0.4096 0.0000
vt 0.1604 0.4131 0.0000
vt 0.1604 0.4123 0.0000
vt 0.1604 0.3028 0.0000
vt 0.1604 0.3097 0.0000
vt 0.1604 0.3111 0.0000
vt 0.1604 0.3068 0.0000
vt 0.1604 0.3346 0.0000
vt 0.1604 0.3117 0.0000
vt 0.1604 0.3103 0.0000
vt 0.1604 0.3127 0.0000
vt 0.1604 0.3034 0.0000
vt 0.1604 0.3009 0.0000
vt 0.1604 0.3067 0.0000
vt 0.1604 0.3329 0.0000
vt 0.1604 0.3049 0.0000
vt 0.1604 0.3135 0.0000
vt 0.1604 0.3326 0.0000
vt 0.1604 0.3128 0.0000
vt 0.1604 0.3063 0.0000
vt 0.1604 0.3048 0.0000
vt 0.1604 0.3008 0.0000
vt 0.1604 0.3523 0.0000
vt 0.1604 0.3521 0.0000
vt 0.1604 0.3670 0.0000
vt 0.1604 0.3781 0.0000
vt 0.1604 0.3667 0.0000
vt 0.1604 0.3779 0.0000
vt 0.1604 0.3794 0.0000
vt 0.1604 0.3792 0.0000
vt 0.1604 0.3809 0.0000
vt 0.1604 0.4011 0.0000
vt 0.1604 0.4009 0.0000
vt 0.1604 0.4073 0.0000
vt 0.1604 0.4071 0.0000
vt 0.1604 0.4101 0.0000
vt 0.1604 0.4099 0.0000
vt 0.1604 0.3026 0.0000
vt 0.1604 0.3099 0.0000
vt 0.1604 0.3023 0.0000
vt 0.1604 0.3105 0.0000
vt 0.1604 0.3134 0.0000
vt 0.1604 0.3314 0.0000
vt 0.1604 0.3158 0.0000
vt 0.1604 0.3163 0.0000
vt 0.1604 0.3066 0.0000
vt 0.1604 0.3336 0.0000
vt 0.1604 0.3342 0.0000
vt 0.1604 0.3169 0.0000
vt 0.1604 0.3071 0.0000
vt 0.1604 0.3076 0.0000
vt 0.1604 0.3027 0.0000
vt 0.1604 0.3036 0.0000
vt 0.1604 0.3530 0.0000
vt 0.1604 0.3536 0.0000
vt 0.1604 0.3675 0.0000
vt 0.1604 0.3787 0.0000
vt 0.1604 0.3681 0.0000
vt 0.1604 0.3799 0.0000
vt 0.1604 0.3805 0.0000
vt 0.1604 0.3814 0.0000
vt 0.1604 0.3820 0.0000
vt 0.1604 0.4021 0.0000
vt 0.1604 0.4078 0.0000
vt 0.1604 0.4083 0.0000
vt 0.1604 0.4106 0.0000
vt 0.1604 0.3079 0.0000
vt 0.1604 0.3212 0.0000
vt 0.1604 0.3032 0.0000
vt 0.1604 0.3145 0.0000
vt 0.1604 0.3217 0.0000
vt 0.1604 0.3378 0.0000
vt 0.1604 0.3245 0.0000
vt 0.1604 0.3240 0.0000
vt 0.1604 0.3037 0.0000
vt 0.1604 0.3100 0.0000
vt 0.1604 0.3391 0.0000
vt 0.1604 0.3139 0.0000
vt 0.1604 0.3406 0.0000
vt 0.1604 0.3265 0.0000
vt 0.1604 0.3260 0.0000
vt 0.1604 0.3157 0.0000
vt 0.1604 0.3581 0.0000
vt 0.1604 0.3724 0.0000
vt 0.1604 0.3833 0.0000
vt 0.1604 0.3737 0.0000
vt 0.1604 0.3846 0.0000
vt 0.1604 0.3858 0.0000
vt 0.1604 0.3860 0.0000
vt 0.1604 0.3872 0.0000
vt 0.1604 0.4058 0.0000
vt 0.1604 0.4070 0.0000
vt 0.1604 0.4119 0.0000
vt 0.1604 0.4130 0.0000
vt 0.1604 0.4146 0.0000
vt 0.1604 0.4157 0.0000
vt 0.1604 0.3184 0.0000
vt 0.1604 0.3345 0.0000
vt 0.1604 0.3232 0.0000
vt 0.1604 0.3094 0.0000
vt 0.1604 0.3481 0.0000
vt 0.1604 0.3393 0.0000
vt 0.1604 0.3237 0.0000
vt 0.1604 0.3350 0.0000
vt 0.1604 0.3372 0.0000
vt 0.1604 0.3377 0.0000
vt 0.1604 0.3119 0.0000
vt 0.1604 0.3225 0.0000
vt 0.1604 0.3222 0.0000
vt 0.1604 0.3262 0.0000
vt 0.1604 0.3516 0.0000
vt 0.1604 0.3401 0.0000
vt 0.1604 0.3246 0.0000
vt 0.1604 0.3224 0.0000
vt 0.1604 0.3252 0.0000
vt 0.1604 0.3677 0.0000
vt 0.1604 0.3919 0.0000
vt 0.1604 0.3931 0.0000
vt 0.1604 0.3945 0.0000
vt 0.1604 0.3964 0.0000
vt 0.1604 0.4136 0.0000
vt 0.1604 0.4153 0.0000
vt 0.1604 0.4194 0.0000
vt 0.1604 0.4212 0.0000
vt 0.1604 0.4220 0.0000
vt 0.1604 0.4237 0.0000
vt 0.1604 0.3374 0.0000
vt 0.1604 0.3208 0.0000
vt 0.1604 0.3340 0.0000
vt 0.1604 0.3526 0.0000
vt 0.1604 0.3630 0.0000
vt 0.1604 0.3504 0.0000
vt 0.1604 0.3379 0.0000
vt 0.1604 0.3531 0.0000
vt 0.1604 0.3551 0.0000
vt 0.1604 0.3556 0.0000
vt 0.1604 0.3253 0.0000
vt 0.1604 0.3400 0.0000
vt 0.1604 0.3376 0.0000
vt 0.1604 0.3641 0.0000
vt 0.1604 0.3434 0.0000
vt 0.1604 0.3672 0.0000
vt 0.1604 0.3594 0.0000
vt 0.1604 0.3589 0.0000
vt 0.1604 0.3409 0.0000
vt 0.1604 0.3471 0.0000
vt 0.1604 0.3399 0.0000
vt 0.1604 0.3436 0.0000
vt 0.1604 0.3844 0.0000
vt 0.1604 0.3944 0.0000
vt 0.1604 0.3971 0.0000
vt 0.1604 0.4069 0.0000
vt 0.1604 0.4054 0.0000
vt 0.1604 0.4080 0.0000
vt 0.1604 0.4068 0.0000
vt 0.1604 0.4093 0.0000
vt 0.1604 0.4248 0.0000
vt 0.1604 0.4272 0.0000
vt 0.1604 0.4326 0.0000
vt 0.1604 0.4327 0.0000
vt 0.1604 0.4350 0.0000
vt 0.1604 0.3564 0.0000
vt 0.1604 0.3544 0.0000
vt 0.1604 0.3753 0.0000
vt 0.1604 0.3821 0.0000
vt 0.1604 0.3661 0.0000
vt 0.1604 0.3569 0.0000
vt 0.1604 0.3757 0.0000
vt 0.1604 0.3780 0.0000
vt 0.1604 0.3776 0.0000
vt 0.1604 0.3545 0.0000
vt 0.1604 0.3622 0.0000
vt 0.1604 0.3578 0.0000
vt 0.1604 0.3832 0.0000
vt 0.1604 0.3653 0.0000
vt 0.1604 0.3871 0.0000
vt 0.1604 0.3826 0.0000
vt 0.1604 0.3618 0.0000
vt 0.1604 0.3621 0.0000
vt 0.1604 0.3666 0.0000
vt 0.1604 0.3654 0.0000
vt 0.1604 0.3992 0.0000
vt 0.1604 0.4028 0.0000
vt 0.1604 0.4111 0.0000
vt 0.1604 0.4203 0.0000
vt 0.1604 0.4235 0.0000
vt 0.1604 0.4214 0.0000
vt 0.1604 0.4246 0.0000
vt 0.1604 0.4258 0.0000
vt 0.1604 0.4392 0.0000
vt 0.1604 0.4471 0.0000
vt 0.1604 0.4466 0.0000
vt 0.1604 0.4494 0.0000
vt 0.1604 0.3793 0.0000
vt 0.1604 0.4020 0.0000
vt 0.1604 0.3798 0.0000
vt 0.1604 0.4053 0.0000
vt 0.1604 0.3861 0.0000
vt 0.1604 0.3802 0.0000
vt 0.1604 0.4024 0.0000
vt 0.1604 0.4041 0.0000
vt 0.1604 0.4045 0.0000
vt 0.1604 0.3887 0.0000
vt 0.1604 0.3823 0.0000
vt 0.1604 0.4063 0.0000
vt 0.1604 0.4108 0.0000
vt 0.1604 0.3967 0.0000
vt 0.1604 0.3939 0.0000
vt 0.1604 0.4396 0.0000
vt 0.1604 0.4354 0.0000
vt 0.1604 0.4435 0.0000
vt 0.1604 0.4406 0.0000
vt 0.1604 0.4444 0.0000
vt 0.1604 0.4417 0.0000
vt 0.1604 0.4454 0.0000
vt 0.1604 0.4566 0.0000
vt 0.1604 0.4601 0.0000
vt 0.1604 0.4613 0.0000
vt 0.1604 0.4646 0.0000
vt 0.1604 0.4633 0.0000
vt 0.1604 0.4666 0.0000
vt 0.1604 0.4082 0.0000
vt 0.1604 0.3842 0.0000
vt 0.1604 0.4076 0.0000
vt 0.1604 0.4342 0.0000
vt 0.1604 0.4345 0.0000
vt 0.1604 0.4191 0.0000
vt 0.1604 0.4329 0.0000
vt 0.1604 0.4403 0.0000
vt 0.1604 0.4399 0.0000
vt 0.1604 0.4164 0.0000
vt 0.1604 0.4190 0.0000
vt 0.1604 0.4502 0.0000
vt 0.1604 0.4548 0.0000
vt 0.1604 0.4620 0.0000
vt 0.1604 0.4663 0.0000
vt 0.1604 0.4628 0.0000
vt 0.1604 0.4671 0.0000
vt 0.1604 0.4638 0.0000
vt 0.1604 0.4680 0.0000
vt 0.1604 0.4768 0.0000
vt 0.1604 0.4807 0.0000
vt 0.1604 0.4808 0.0000
vt 0.1604 0.4846 0.0000
vt 0.1604 0.4826 0.0000
vt 0.1604 0.4863 0.0000
vt 0.1604 0.4138 0.0000
vt 0.1604 0.4407 0.0000
vt 0.1604 0.4659 0.0000
vt 0.1604 0.4619 0.0000
vt 0.1604 0.4372 0.0000
vt 0.1604 0.4386 0.0000
vt 0.1604 0.4662 0.0000
vt 0.1604 0.4673 0.0000
vt 0.1604 0.4677 0.0000
vt 0.1604 0.4529 0.0000
vt 0.1604 0.4429 0.0000
vt 0.1604 0.4626 0.0000
vt 0.1604 0.4549 0.0000
vt 0.1604 0.4683 0.0000
vt 0.1604 0.4739 0.0000
vt 0.1604 0.4737 0.0000
vt 0.1604 0.4490 0.0000
vt 0.1604 0.4612 0.0000
vt 0.1604 0.4528 0.0000
vt 0.1604 0.4592 0.0000
vt 0.1604 0.4731 0.0000
vt 0.1604 0.4784 0.0000
vt 0.1604 0.4809 0.0000
vt 0.1604 0.4869 0.0000
vt 0.1604 0.4859 0.0000
vt 0.1604 0.4917 0.0000
vt 0.1604 0.4876 0.0000
vt 0.1604 0.4924 0.0000
vt 0.1604 0.4884 0.0000
vt 0.1604 0.4931 0.0000
vt 0.1604 0.4993 0.0000
vt 0.1604 0.5036 0.0000
vt 0.1604 0.5041 0.0000
vt 0.1604 0.5083 0.0000
vt 0.1604 0.4761 0.0000
vt 0.1604 0.5020 0.0000
vt 0.1604 0.4723 0.0000
vt 0.1604 0.4469 0.0000
vt 0.1604 0.4725 0.0000
vt 0.1604 0.5022 0.0000
vt 0.1604 0.4676 0.0000
vt 0.1604 0.5031 0.0000
vt 0.1604 0.5033 0.0000
vt 0.1604 0.4894 0.0000
vt 0.1604 0.4779 0.0000
vt 0.1604 0.4910 0.0000
vt 0.1604 0.5100 0.0000
vt 0.1604 0.5097 0.0000
vt 0.1604 0.4845 0.0000
vt 0.1604 0.4962 0.0000
vt 0.1604 0.5032 0.0000
vt 0.1604 0.5088 0.0000
vt 0.1604 0.5094 0.0000
vt 0.1604 0.5141 0.0000
vt 0.1604 0.5147 0.0000
vt 0.1604 0.5192 0.0000
vt 0.1604 0.5146 0.0000
vt 0.1604 0.5197 0.0000
vt 0.1604 0.5203 0.0000
vt 0.1604 0.5238 0.0000
vt 0.1604 0.5284 0.0000
vt 0.1604 0.5264 0.0000
vt 0.1604 0.5276 0.0000
vt 0.1604 0.5320 0.0000
vt 0.1604 0.5139 0.0000
vt 0.1604 0.5399 0.0000
vt 0.1604 0.5087 0.0000
vt 0.1604 0.4828 0.0000
vt 0.1604 0.5089 0.0000
vt 0.1604 0.5290 0.0000
vt 0.1604 0.5005 0.0000
vt 0.1604 0.5407 0.0000
vt 0.1604 0.5140 0.0000
vt 0.1604 0.5280 0.0000
vt 0.1604 0.5292 0.0000
vt 0.1604 0.5357 0.0000
vt 0.1604 0.5478 0.0000
vt 0.1604 0.5476 0.0000
vt 0.1604 0.5222 0.0000
vt 0.1604 0.5362 0.0000
vt 0.1604 0.5352 0.0000
vt 0.1604 0.5411 0.0000
vt 0.1604 0.5396 0.0000
vt 0.1604 0.5429 0.0000
vt 0.1604 0.5452 0.0000
vt 0.1604 0.5483 0.0000
vt 0.1604 0.5433 0.0000
vt 0.1604 0.5486 0.0000
vt 0.1604 0.5438 0.0000
vt 0.1604 0.5491 0.0000
vt 0.1604 0.5498 0.0000
vt 0.1604 0.5546 0.0000
vt 0.1604 0.5517 0.0000
vt 0.1604 0.5564 0.0000
vt 0.1604 0.5525 0.0000
vt 0.1604 0.5571 0.0000
vt 0.1604 0.5535 0.0000
vt 0.1604 0.5792 0.0000
vt 0.1604 0.5470 0.0000
vt 0.1604 0.5210 0.0000
vt 0.1604 0.5471 0.0000
vt 0.1604 0.5793 0.0000
vt 0.1604 0.5354 0.0000
vt 0.1604 0.5795 0.0000
vt 0.1604 0.5796 0.0000
vt 0.1604 0.5682 0.0000
vt 0.1604 0.5542 0.0000
vt 0.1604 0.5652 0.0000
vt 0.1604 0.5688 0.0000
vt 0.1604 0.5867 0.0000
vt 0.1604 0.5718 0.0000
vt 0.1604 0.5866 0.0000
vt 0.1604 0.5614 0.0000
vt 0.1604 0.5760 0.0000
vt 0.1604 0.5755 0.0000
vt 0.1604 0.5685 0.0000
vt 0.1604 0.5747 0.0000
vt 0.1604 0.5710 0.0000
vt 0.1604 0.5730 0.0000
vt 0.1604 0.5769 0.0000
vt 0.1604 0.5785 0.0000
vt 0.1604 0.5787 0.0000
vt 0.1604 0.5735 0.0000
vt 0.1604 0.5789 0.0000
vt 0.1604 0.5770 0.0000
vt 0.1604 0.5819 0.0000
vt 0.1604 0.5780 0.0000
vt 0.1604 0.5829 0.0000
vt 0.1604 0.5833 0.0000
vt 0.1604 0.5940 0.0000
vt 0.1604 0.6190 0.0000
vt 0.1604 0.5864 0.0000
vt 0.1604 0.5607 0.0000
vt 0.1604 0.6018 0.0000
vt 0.1604 0.5716 0.0000
vt 0.1604 0.6091 0.0000
vt 0.1604 0.5943 0.0000
vt 0.1604 0.6019 0.0000
vt 0.1604 0.6092 0.0000
vt 0.1604 0.6261 0.0000
vt 0.1604 0.6085 0.0000
vt 0.1604 0.6016 0.0000
vt 0.1604 0.6165 0.0000
vt 0.1604 0.6027 0.0000
vt 0.1604 0.6089 0.0000
vt 0.1604 0.6033 0.0000
vt 0.1604 0.6038 0.0000
vt 0.1604 0.6093 0.0000
vt 0.1604 0.6039 0.0000
vt 0.1604 0.6094 0.0000
vt 0.1604 0.6047 0.0000
vt 0.1604 0.6098 0.0000
vt 0.1604 0.6050 0.0000
vt 0.1604 0.6099 0.0000
vt 0.1604 0.6051 0.0000
vt 0.1604 0.6349 0.0000
vt 0.1604 0.6588 0.0000
vt 0.1604 0.6262 0.0000
vt 0.1604 0.6014 0.0000
vt 0.1604 0.6587 0.0000
vt 0.1604 0.6389 0.0000
vt 0.1604 0.6583 0.0000
vt 0.1604 0.6501 0.0000
vt 0.1604 0.6347 0.0000
vt 0.1604 0.6387 0.0000
vt 0.1604 0.6496 0.0000
vt 0.1604 0.6653 0.0000
vt 0.1604 0.6454 0.0000
vt 0.1604 0.6654 0.0000
vt 0.1604 0.6419 0.0000
vt 0.1604 0.6570 0.0000
vt 0.1604 0.6575 0.0000
vt 0.1604 0.6370 0.0000
vt 0.1604 0.6432 0.0000
vt 0.1604 0.6357 0.0000
vt 0.1604 0.6415 0.0000
vt 0.1604 0.6402 0.0000
vt 0.1604 0.6346 0.0000
vt 0.1604 0.6401 0.0000
vt 0.1604 0.6344 0.0000
vt 0.1604 0.6399 0.0000
vt 0.1604 0.6326 0.0000
vt 0.1604 0.6376 0.0000
vt 0.1604 0.6320 0.0000
vt 0.1604 0.6369 0.0000
vt 0.1604 0.6318 0.0000
vt 0.1604 0.6755 0.0000
vt 0.1604 0.6978 0.0000
vt 0.1604 0.6659 0.0000
vt 0.1604 0.6423 0.0000
vt 0.1604 0.6658 0.0000
vt 0.1604 0.6976 0.0000
vt 0.1604 0.6455 0.0000
vt 0.1604 0.6969 0.0000
vt 0.1604 0.6968 0.0000
vt 0.1604 0.6905 0.0000
vt 0.1604 0.6747 0.0000
vt 0.1604 0.6752 0.0000
vt 0.1604 0.6895 0.0000
vt 0.1604 0.6817 0.0000
vt 0.1604 0.7036 0.0000
vt 0.1604 0.7038 0.0000
vt 0.1604 0.6818 0.0000
vt 0.1604 0.6966 0.0000
vt 0.1604 0.6906 0.0000
vt 0.1604 0.6977 0.0000
vt 0.1604 0.6709 0.0000
vt 0.1604 0.6769 0.0000
vt 0.1604 0.6677 0.0000
vt 0.1604 0.6734 0.0000
vt 0.1604 0.6707 0.0000
vt 0.1604 0.6650 0.0000
vt 0.1604 0.6704 0.0000
vt 0.1604 0.6647 0.0000
vt 0.1604 0.6700 0.0000
vt 0.1604 0.6602 0.0000
vt 0.1604 0.6651 0.0000
vt 0.1604 0.6636 0.0000
vt 0.1604 0.6630 0.0000
vt 0.1604 0.7149 0.0000
vt 0.1604 0.7353 0.0000
vt 0.1604 0.7047 0.0000
vt 0.1604 0.6827 0.0000
vt 0.1604 0.7110 0.0000
vt 0.1604 0.6820 0.0000
vt 0.1604 0.7045 0.0000
vt 0.1604 0.7351 0.0000
vt 0.1604 0.7341 0.0000
vt 0.1604 0.7339 0.0000
vt 0.1604 0.7295 0.0000
vt 0.1604 0.7137 0.0000
vt 0.1604 0.7106 0.0000
vt 0.1604 0.7280 0.0000
vt 0.1604 0.7168 0.0000
vt 0.1604 0.7404 0.0000
vt 0.1604 0.7406 0.0000
vt 0.1604 0.7205 0.0000
vt 0.1604 0.7349 0.0000
vt 0.1604 0.7296 0.0000
vt 0.1604 0.7364 0.0000
vt 0.1604 0.7281 0.0000
vt 0.1604 0.7096 0.0000
vt 0.1604 0.6988 0.0000
vt 0.1604 0.6949 0.0000
vt 0.1604 0.7043 0.0000
vt 0.1604 0.7001 0.0000
vt 0.1604 0.6945 0.0000
vt 0.1604 0.6997 0.0000
vt 0.1604 0.6940 0.0000
vt 0.1604 0.6991 0.0000
vt 0.1604 0.6870 0.0000
vt 0.1604 0.6917 0.0000
vt 0.1604 0.6848 0.0000
vt 0.1604 0.6894 0.0000
vt 0.1604 0.6839 0.0000
vt 0.1604 0.6884 0.0000
vt 0.1604 0.7526 0.0000
vt 0.1604 0.7707 0.0000
vt 0.1604 0.7419 0.0000
vt 0.1604 0.7219 0.0000
vt 0.1604 0.7449 0.0000
vt 0.1604 0.7173 0.0000
vt 0.1604 0.7416 0.0000
vt 0.1604 0.7704 0.0000
vt 0.1604 0.7688 0.0000
vt 0.1604 0.7692 0.0000
vt 0.1604 0.7666 0.0000
vt 0.1604 0.7509 0.0000
vt 0.1604 0.7443 0.0000
vt 0.1604 0.7647 0.0000
vt 0.1604 0.7749 0.0000
vt 0.1604 0.7501 0.0000
vt 0.1604 0.7752 0.0000
vt 0.1604 0.7573 0.0000
vt 0.1604 0.7574 0.0000
vt 0.1604 0.7710 0.0000
vt 0.1604 0.7667 0.0000
vt 0.1604 0.7731 0.0000
vt 0.1604 0.7352 0.0000
vt 0.1604 0.7407 0.0000
vt 0.1604 0.7284 0.0000
vt 0.1604 0.7232 0.0000
vt 0.1604 0.7336 0.0000
vt 0.1604 0.7226 0.0000
vt 0.1604 0.7275 0.0000
vt 0.1604 0.7268 0.0000
vt 0.1604 0.7125 0.0000
vt 0.1604 0.7169 0.0000
vt 0.1604 0.7139 0.0000
vt 0.1604 0.7083 0.0000
vt 0.1604 0.7126 0.0000
vt 0.1604 0.7769 0.0000
vt 0.1604 0.7592 0.0000
vt 0.1604 0.7880 0.0000
vt 0.1604 0.8035 0.0000
vt 0.1604 0.7765 0.0000
vt 0.1604 0.8031 0.0000
vt 0.1604 0.7508 0.0000
vt 0.1604 0.8016 0.0000
vt 0.1604 0.8012 0.0000
vt 0.1604 0.7730 0.0000
vt 0.1604 0.8010 0.0000
vt 0.1604 0.7857 0.0000
vt 0.1604 0.7757 0.0000
vt 0.1604 0.7986 0.0000
vt 0.1604 0.8067 0.0000
vt 0.1604 0.7812 0.0000
vt 0.1604 0.8071 0.0000
vt 0.1604 0.7917 0.0000
vt 0.1604 0.8045 0.0000
vt 0.1604 0.8011 0.0000
vt 0.1604 0.8070 0.0000
vt 0.1604 0.7645 0.0000
vt 0.1604 0.7695 0.0000
vt 0.1604 0.7560 0.0000
vt 0.1604 0.7496 0.0000
vt 0.1604 0.7608 0.0000
vt 0.1604 0.7541 0.0000
vt 0.1604 0.7489 0.0000
vt 0.1604 0.7534 0.0000
vt 0.1604 0.7480 0.0000
vt 0.1604 0.7525 0.0000
vt 0.1604 0.7363 0.0000
vt 0.1604 0.7327 0.0000
vt 0.1604 0.7367 0.0000
vt 0.1604 0.7311 0.0000
vt 0.1604 0.8090 0.0000
vt 0.1604 0.7941 0.0000
vt 0.1604 0.8203 0.0000
vt 0.1604 0.8329 0.0000
vt 0.1604 0.8086 0.0000
vt 0.1604 0.8324 0.0000
vt 0.1604 0.8053 0.0000
vt 0.1604 0.7819 0.0000
vt 0.1604 0.8307 0.0000
vt 0.1604 0.8303 0.0000
vt 0.1604 0.8069 0.0000
vt 0.1604 0.8322 0.0000
vt 0.1604 0.8177 0.0000
vt 0.1604 0.8044 0.0000
vt 0.1604 0.8294 0.0000
vt 0.1604 0.8093 0.0000
vt 0.1604 0.8352 0.0000
vt 0.1604 0.8356 0.0000
vt 0.1604 0.8230 0.0000
vt 0.1604 0.8346 0.0000
vt 0.1604 0.8323 0.0000
vt 0.1604 0.8376 0.0000
vt 0.1604 0.7911 0.0000
vt 0.1604 0.7956 0.0000
vt 0.1604 0.7737 0.0000
vt 0.1604 0.7777 0.0000
vt 0.1604 0.7855 0.0000
vt 0.1604 0.7728 0.0000
vt 0.1604 0.7718 0.0000
vt 0.1604 0.7758 0.0000
vt 0.1604 0.7580 0.0000
vt 0.1604 0.7616 0.0000
vt 0.1604 0.7538 0.0000
vt 0.1604 0.7519 0.0000
vt 0.1604 0.7555 0.0000
vt 0.1604 0.8491 0.0000
vt 0.1604 0.8585 0.0000
vt 0.1604 0.8378 0.0000
vt 0.1604 0.8258 0.0000
vt 0.1604 0.8374 0.0000
vt 0.1604 0.8581 0.0000
vt 0.1604 0.8308 0.0000
vt 0.1604 0.8101 0.0000
vt 0.1604 0.8561 0.0000
vt 0.1604 0.8557 0.0000
vt 0.1604 0.8375 0.0000
vt 0.1604 0.8596 0.0000
vt 0.1604 0.8461 0.0000
vt 0.1604 0.8298 0.0000
vt 0.1604 0.8565 0.0000
vt 0.1604 0.8340 0.0000
vt 0.1604 0.8598 0.0000
vt 0.1604 0.8603 0.0000
vt 0.1604 0.8508 0.0000
vt 0.1604 0.8610 0.0000
vt 0.1604 0.8597 0.0000
vt 0.1604 0.8642 0.0000
vt 0.1604 0.8148 0.0000
vt 0.1604 0.8187 0.0000
vt 0.1604 0.7949 0.0000
vt 0.1604 0.8072 0.0000
vt 0.1604 0.7984 0.0000
vt 0.1604 0.7939 0.0000
vt 0.1604 0.7974 0.0000
vt 0.1604 0.7928 0.0000
vt 0.1604 0.7963 0.0000
vt 0.1604 0.7772 0.0000
vt 0.1604 0.7804 0.0000
vt 0.1604 0.7724 0.0000
vt 0.1604 0.7755 0.0000
vt 0.1604 0.7703 0.0000
vt 0.1604 0.7734 0.0000
vt 0.1604 0.6442 0.0000
vt 0.1604 0.6367 0.0000
vt 0.1604 0.6699 0.0000
vt 0.1604 0.6285 0.0000
vt 0.1604 0.6116 0.0000
vt 0.1604 0.6439 0.0000
vt 0.1604 0.6364 0.0000
vt 0.1604 0.6585 0.0000
vt 0.1604 0.6218 0.0000
vt 0.1604 0.6045 0.0000
vt 0.1604 0.6552 0.0000
vt 0.1604 0.6274 0.0000
vt 0.1604 0.6212 0.0000
vt 0.1604 0.6513 0.0000
vt 0.1604 0.6205 0.0000
vt 0.1604 0.6260 0.0000
vt 0.1604 0.6204 0.0000
vt 0.1604 0.6476 0.0000
vt 0.1604 0.6249 0.0000
vt 0.1604 0.6198 0.0000
vt 0.1604 0.6466 0.0000
vt 0.1604 0.6246 0.0000
vt 0.1604 0.6462 0.0000
vt 0.1604 0.6196 0.0000
vt 0.1604 0.5958 0.0000
vt 0.1604 0.6293 0.0000
vt 0.1604 0.6044 0.0000
vt 0.1604 0.5915 0.0000
vt 0.1604 0.5719 0.0000
vt 0.1604 0.5723 0.0000
vt 0.1604 0.5960 0.0000
vt 0.1604 0.5916 0.0000
vt 0.1604 0.5849 0.0000
vt 0.1604 0.5933 0.0000
vt 0.1604 0.5871 0.0000
vt 0.1604 0.5952 0.0000
vt 0.1604 0.5954 0.0000
vt 0.1604 0.5899 0.0000
vt 0.1604 0.5970 0.0000
vt 0.1604 0.5919 0.0000
vt 0.1604 0.5974 0.0000
vt 0.1604 0.5926 0.0000
vt 0.1604 0.5977 0.0000
vt 0.1604 0.5929 0.0000
vt 0.1604 0.5884 0.0000
vt 0.1604 0.5548 0.0000
vt 0.1604 0.5335 0.0000
vt 0.1604 0.5337 0.0000
vt 0.1604 0.5268 0.0000
vt 0.1604 0.5266 0.0000
vt 0.1604 0.5488 0.0000
vt 0.1604 0.5595 0.0000
vt 0.1604 0.5534 0.0000
vt 0.1604 0.5591 0.0000
vt 0.1604 0.5648 0.0000
vt 0.1604 0.5594 0.0000
vt 0.1604 0.5597 0.0000
vt 0.1604 0.5693 0.0000
vt 0.1604 0.5707 0.0000
vt 0.1604 0.5659 0.0000
vt 0.1604 0.5712 0.0000
vt 0.1604 0.5665 0.0000
vt 0.1604 0.5258 0.0000
vt 0.1604 0.4951 0.0000
vt 0.1604 0.5156 0.0000
vt 0.1604 0.4953 0.0000
vt 0.1604 0.4964 0.0000
vt 0.1604 0.5196 0.0000
vt 0.1604 0.5133 0.0000
vt 0.1604 0.4899 0.0000
vt 0.1604 0.4897 0.0000
vt 0.1604 0.4956 0.0000
vt 0.1604 0.5348 0.0000
vt 0.1604 0.5295 0.0000
vt 0.1604 0.5300 0.0000
vt 0.1604 0.5305 0.0000
vt 0.1604 0.5425 0.0000
vt 0.1604 0.5377 0.0000
vt 0.1604 0.5446 0.0000
vt 0.1604 0.5400 0.0000
vt 0.1604 0.5455 0.0000
vt 0.1604 0.5409 0.0000
vt 0.1604 0.5086 0.0000
vt 0.1604 0.4594 0.0000
vt 0.1604 0.4851 0.0000
vt 0.1604 0.4597 0.0000
vt 0.1604 0.4887 0.0000
vt 0.1604 0.5129 0.0000
vt 0.1604 0.4609 0.0000
vt 0.1604 0.4857 0.0000
vt 0.1604 0.4798 0.0000
vt 0.1604 0.4551 0.0000
vt 0.1604 0.5064 0.0000
vt 0.1604 0.5014 0.0000
vt 0.1604 0.5070 0.0000
vt 0.1604 0.5076 0.0000
vt 0.1604 0.5028 0.0000
vt 0.1604 0.5124 0.0000
vt 0.1604 0.5153 0.0000
vt 0.1604 0.5209 0.0000
vt 0.1604 0.4533 0.0000
vt 0.1604 0.4265 0.0000
vt 0.1604 0.4711 0.0000
vt 0.1604 0.4536 0.0000
vt 0.1604 0.4792 0.0000
vt 0.1604 0.4283 0.0000
vt 0.1604 0.4287 0.0000
vt 0.1604 0.4541 0.0000
vt 0.1604 0.4486 0.0000
vt 0.1604 0.4231 0.0000
vt 0.1604 0.4227 0.0000
vt 0.1604 0.4383 0.0000
vt 0.1604 0.4752 0.0000
vt 0.1604 0.4805 0.0000
vt 0.1604 0.4760 0.0000
vt 0.1604 0.4814 0.0000
vt 0.1604 0.4929 0.0000
vt 0.1604 0.4888 0.0000
vt 0.1604 0.4980 0.0000
vt 0.1604 0.4941 0.0000
vt 0.1604 0.4208 0.0000
vt 0.1604 0.3968 0.0000
vt 0.1604 0.4243 0.0000
vt 0.1604 0.4122 0.0000
vt 0.1604 0.4252 0.0000
vt 0.1604 0.4202 0.0000
vt 0.1604 0.3943 0.0000
vt 0.1604 0.4067 0.0000
vt 0.1604 0.4391 0.0000
vt 0.1604 0.4346 0.0000
vt 0.1604 0.4556 0.0000
vt 0.1604 0.4564 0.0000
vt 0.1604 0.4523 0.0000
vt 0.1604 0.4574 0.0000
vt 0.1604 0.4716 0.0000
vt 0.1604 0.4770 0.0000
vt 0.1604 0.4735 0.0000
vt 0.1604 0.3918 0.0000
vt 0.1604 0.3707 0.0000
vt 0.1604 0.4193 0.0000
vt 0.1604 0.3985 0.0000
vt 0.1604 0.3712 0.0000
vt 0.1604 0.3731 0.0000
vt 0.1604 0.3923 0.0000
vt 0.1604 0.3995 0.0000
vt 0.1604 0.3953 0.0000
vt 0.1604 0.3693 0.0000
vt 0.1604 0.4114 0.0000
vt 0.1604 0.4340 0.0000
vt 0.1604 0.4304 0.0000
vt 0.1604 0.4361 0.0000
vt 0.1604 0.4516 0.0000
vt 0.1604 0.4563 0.0000
vt 0.1604 0.4584 0.0000
vt 0.1604 0.4553 0.0000
vt 0.1604 0.3665 0.0000
vt 0.1604 0.3489 0.0000
vt 0.1604 0.3764 0.0000
vt 0.1604 0.3494 0.0000
vt 0.1604 0.3520 0.0000
vt 0.1604 0.3515 0.0000
vt 0.1604 0.3587 0.0000
vt 0.1604 0.3775 0.0000
vt 0.1604 0.3740 0.0000
vt 0.1604 0.3486 0.0000
vt 0.1604 0.3547 0.0000
vt 0.1604 0.4156 0.0000
vt 0.1604 0.4126 0.0000
vt 0.1604 0.4167 0.0000
vt 0.1604 0.4137 0.0000
vt 0.1604 0.4179 0.0000
vt 0.1604 0.4150 0.0000
vt 0.1604 0.4323 0.0000
vt 0.1604 0.4402 0.0000
vt 0.1604 0.4376 0.0000
vt 0.1604 0.4425 0.0000
vt 0.1604 0.3348 0.0000
vt 0.1604 0.3460 0.0000
vt 0.1604 0.3585 0.0000
vt 0.1604 0.3322 0.0000
vt 0.1604 0.3344 0.0000
vt 0.1604 0.3273 0.0000
vt 0.1604 0.3384 0.0000
vt 0.1604 0.3596 0.0000
vt 0.1604 0.3568 0.0000
vt 0.1604 0.3324 0.0000
vt 0.1604 0.3319 0.0000
vt 0.1604 0.3352 0.0000
vt 0.1604 0.3759 0.0000
vt 0.1604 0.3983 0.0000
vt 0.1604 0.4017 0.0000
vt 0.1604 0.3994 0.0000
vt 0.1604 0.4031 0.0000
vt 0.1604 0.4008 0.0000
vt 0.1604 0.4270 0.0000
vt 0.1604 0.4295 0.0000
vt 0.1604 0.4275 0.0000
vt 0.1604 0.3193 0.0000
vt 0.1604 0.3449 0.0000
vt 0.1604 0.3198 0.0000
vt 0.1604 0.3296 0.0000
vt 0.1604 0.3228 0.0000
vt 0.1604 0.3441 0.0000
vt 0.1604 0.3210 0.0000
vt 0.1604 0.3205 0.0000
vt 0.1604 0.3152 0.0000
vt 0.1604 0.3659 0.0000
vt 0.1604 0.3892 0.0000
vt 0.1604 0.3876 0.0000
vt 0.1604 0.3888 0.0000
vt 0.1604 0.4112 0.0000
vt 0.1604 0.4097 0.0000
vt 0.1604 0.4171 0.0000
vt 0.1604 0.4197 0.0000
vt 0.1604 0.4183 0.0000
vt 0.1604 0.3176 0.0000
vt 0.1604 0.3120 0.0000
vt 0.1604 0.3182 0.0000
vt 0.1604 0.3429 0.0000
vt 0.1604 0.3155 0.0000
vt 0.1604 0.3149 0.0000
vt 0.1604 0.3045 0.0000
vt 0.1604 0.3084 0.0000
vt 0.1604 0.3361 0.0000
vt 0.1604 0.3147 0.0000
vt 0.1604 0.3142 0.0000
vt 0.1604 0.3576 0.0000
vt 0.1604 0.3566 0.0000
vt 0.1604 0.3817 0.0000
vt 0.1604 0.3808 0.0000
vt 0.1604 0.3830 0.0000
vt 0.1604 0.3845 0.0000
vt 0.1604 0.3836 0.0000
vt 0.1604 0.4036 0.0000
vt 0.1604 0.4105 0.0000
vt 0.1604 0.4132 0.0000
vt 0.1604 0.3069 0.0000
vt 0.1604 0.3098 0.0000
vt 0.1604 0.3010 0.0000
vt 0.1604 0.3330 0.0000
vt 0.1604 0.3328 0.0000
vt 0.1604 0.3136 0.0000
vt 0.1604 0.3130 0.0000
vt 0.1604 0.3064 0.0000
vt 0.1604 0.3538 0.0000
vt 0.1604 0.3782 0.0000
vt 0.1604 0.3795 0.0000
vt 0.1604 0.3810 0.0000
vt 0.1604 0.4013 0.0000
vt 0.1604 0.4075 0.0000
vt 0.1604 0.4102 0.0000
vt 0.1604 0.3024 0.0000
vt 0.1604 0.3106 0.0000
vt 0.1604 0.3315 0.0000
vt 0.1604 0.3165 0.0000
vt 0.1604 0.3159 0.0000
vt 0.1604 0.3337 0.0000
vt 0.1604 0.3170 0.0000
vt 0.1604 0.3072 0.0000
vt 0.1604 0.3550 0.0000
vt 0.1604 0.3789 0.0000
vt 0.1604 0.3801 0.0000
vt 0.1604 0.3806 0.0000
vt 0.1604 0.4018 0.0000
vt 0.1604 0.4023 0.0000
vt 0.1604 0.4085 0.0000
vt 0.1604 0.4107 0.0000
vt 0.1604 0.3141 0.0000
vt 0.1604 0.3080 0.0000
vt 0.1604 0.3331 0.0000
vt 0.1604 0.3219 0.0000
vt 0.1604 0.3241 0.0000
vt 0.1604 0.3247 0.0000
vt 0.1604 0.3392 0.0000
vt 0.1604 0.3407 0.0000
vt 0.1604 0.3267 0.0000
vt 0.1604 0.3261 0.0000
vt 0.1604 0.3610 0.0000
vt 0.1604 0.3847 0.0000
vt 0.1604 0.3859 0.0000
vt 0.1604 0.3862 0.0000
vt 0.1604 0.4120 0.0000
vt 0.1604 0.4147 0.0000
vt 0.1604 0.4158 0.0000
vt 0.1604 0.3233 0.0000
vt 0.1604 0.3185 0.0000
vt 0.1604 0.3095 0.0000
vt 0.1604 0.3239 0.0000
vt 0.1604 0.3394 0.0000
vt 0.1604 0.3483 0.0000
vt 0.1604 0.3373 0.0000
vt 0.1604 0.3518 0.0000
vt 0.1604 0.3402 0.0000
vt 0.1604 0.3690 0.0000
vt 0.1604 0.3940 0.0000
vt 0.1604 0.3933 0.0000
vt 0.1604 0.3952 0.0000
vt 0.1604 0.3946 0.0000
vt 0.1604 0.4196 0.0000
vt 0.1604 0.4222 0.0000
vt 0.1604 0.4239 0.0000
vt 0.1604 0.3341 0.0000
vt 0.1604 0.3375 0.0000
vt 0.1604 0.3528 0.0000
vt 0.1604 0.3631 0.0000
vt 0.1604 0.3533 0.0000
vt 0.1604 0.3381 0.0000
vt 0.1604 0.3506 0.0000
vt 0.1604 0.3558 0.0000
vt 0.1604 0.3642 0.0000
vt 0.1604 0.3435 0.0000
vt 0.1604 0.3673 0.0000
vt 0.1604 0.3590 0.0000
vt 0.1604 0.3827 0.0000
vt 0.1604 0.3856 0.0000
vt 0.1604 0.4056 0.0000
vt 0.1604 0.4273 0.0000
vt 0.1604 0.4351 0.0000
vt 0.1604 0.3565 0.0000
vt 0.1604 0.3754 0.0000
vt 0.1604 0.3570 0.0000
vt 0.1604 0.3777 0.0000
vt 0.1604 0.3822 0.0000
vt 0.1604 0.3619 0.0000
vt 0.1604 0.4205 0.0000
vt 0.1604 0.4215 0.0000
vt 0.1604 0.4247 0.0000
vt 0.1604 0.4260 0.0000
vt 0.1604 0.4394 0.0000
vt 0.1604 0.4473 0.0000
vt 0.1604 0.4467 0.0000
vt 0.1604 0.4495 0.0000
vt 0.1604 0.4055 0.0000
vt 0.1604 0.4025 0.0000
vt 0.1604 0.4042 0.0000
vt 0.1604 0.4046 0.0000
vt 0.1604 0.3824 0.0000
vt 0.1604 0.4064 0.0000
vt 0.1604 0.4098 0.0000
vt 0.1604 0.4218 0.0000
vt 0.1604 0.4398 0.0000
vt 0.1604 0.4446 0.0000
vt 0.1604 0.4419 0.0000
vt 0.1604 0.4456 0.0000
vt 0.1604 0.4568 0.0000
vt 0.1604 0.4603 0.0000
vt 0.1604 0.4614 0.0000
vt 0.1604 0.4648 0.0000
vt 0.1604 0.4634 0.0000
vt 0.1604 0.4667 0.0000
vt 0.1604 0.4325 0.0000
vt 0.1604 0.4100 0.0000
vt 0.1604 0.4322 0.0000
vt 0.1604 0.4343 0.0000
vt 0.1604 0.4109 0.0000
vt 0.1604 0.4330 0.0000
vt 0.1604 0.4404 0.0000
vt 0.1604 0.4401 0.0000
vt 0.1604 0.4464 0.0000
vt 0.1604 0.4512 0.0000
vt 0.1604 0.4622 0.0000
vt 0.1604 0.4665 0.0000
vt 0.1604 0.4630 0.0000
vt 0.1604 0.4640 0.0000
vt 0.1604 0.4682 0.0000
vt 0.1604 0.4810 0.0000
vt 0.1604 0.4847 0.0000
vt 0.1604 0.4827 0.0000
vt 0.1604 0.4865 0.0000
vt 0.1604 0.4384 0.0000
vt 0.1604 0.4660 0.0000
vt 0.1604 0.4139 0.0000
vt 0.1604 0.4621 0.0000
vt 0.1604 0.4387 0.0000
vt 0.1604 0.4675 0.0000
vt 0.1604 0.4684 0.0000
vt 0.1604 0.4740 0.0000
vt 0.1604 0.4491 0.0000
vt 0.1604 0.4871 0.0000
vt 0.1604 0.4919 0.0000
vt 0.1604 0.4878 0.0000
vt 0.1604 0.4925 0.0000
vt 0.1604 0.4933 0.0000
vt 0.1604 0.4995 0.0000
vt 0.1604 0.5038 0.0000
vt 0.1604 0.5043 0.0000
vt 0.1604 0.5084 0.0000
vt 0.1604 0.4724 0.0000
vt 0.1604 0.5021 0.0000
vt 0.1604 0.4762 0.0000
vt 0.1604 0.4727 0.0000
vt 0.1604 0.4678 0.0000
vt 0.1604 0.4946 0.0000
vt 0.1604 0.5034 0.0000
vt 0.1604 0.5012 0.0000
vt 0.1604 0.5098 0.0000
vt 0.1604 0.5039 0.0000
vt 0.1604 0.5095 0.0000
vt 0.1604 0.5142 0.0000
vt 0.1604 0.5193 0.0000
vt 0.1604 0.5148 0.0000
vt 0.1604 0.5198 0.0000
vt 0.1604 0.5154 0.0000
vt 0.1604 0.5205 0.0000
vt 0.1604 0.5240 0.0000
vt 0.1604 0.5285 0.0000
vt 0.1604 0.5310 0.0000
vt 0.1604 0.5277 0.0000
vt 0.1604 0.5322 0.0000
vt 0.1604 0.4829 0.0000
vt 0.1604 0.5090 0.0000
vt 0.1604 0.5007 0.0000
vt 0.1604 0.5291 0.0000
vt 0.1604 0.5402 0.0000
vt 0.1604 0.5359 0.0000
vt 0.1604 0.5417 0.0000
vt 0.1604 0.5431 0.0000
vt 0.1604 0.5434 0.0000
vt 0.1604 0.5439 0.0000
vt 0.1604 0.5492 0.0000
vt 0.1604 0.5500 0.0000
vt 0.1604 0.5519 0.0000
vt 0.1604 0.5565 0.0000
vt 0.1604 0.5527 0.0000
vt 0.1604 0.5573 0.0000
vt 0.1604 0.5472 0.0000
vt 0.1604 0.5794 0.0000
vt 0.1604 0.5797 0.0000
vt 0.1604 0.5543 0.0000
vt 0.1604 0.5653 0.0000
vt 0.1604 0.5615 0.0000
vt 0.1604 0.5689 0.0000
vt 0.1604 0.5750 0.0000
vt 0.1604 0.5734 0.0000
vt 0.1604 0.5736 0.0000
vt 0.1604 0.5791 0.0000
vt 0.1604 0.5771 0.0000
vt 0.1604 0.5821 0.0000
vt 0.1604 0.5782 0.0000
vt 0.1604 0.5831 0.0000
vt 0.1604 0.5834 0.0000
vt 0.1604 0.5608 0.0000
vt 0.1604 0.5865 0.0000
vt 0.1604 0.6192 0.0000
vt 0.1604 0.6191 0.0000
vt 0.1604 0.6020 0.0000
vt 0.1604 0.6087 0.0000
vt 0.1604 0.6029 0.0000
vt 0.1604 0.6095 0.0000
vt 0.1604 0.6040 0.0000
vt 0.1604 0.6096 0.0000
vt 0.1604 0.6049 0.0000
vt 0.1604 0.6100 0.0000
vt 0.1604 0.6053 0.0000
vt 0.1604 0.6101 0.0000
vt 0.1604 0.6350 0.0000
vt 0.1604 0.6264 0.0000
vt 0.1604 0.6589 0.0000
vt 0.1604 0.6390 0.0000
vt 0.1604 0.6086 0.0000
vt 0.1604 0.6497 0.0000
vt 0.1604 0.6655 0.0000
vt 0.1604 0.6420 0.0000
vt 0.1604 0.6371 0.0000
vt 0.1604 0.6404 0.0000
vt 0.1604 0.6328 0.0000
vt 0.1604 0.6378 0.0000
vt 0.1604 0.6322 0.0000
vt 0.1604 0.6368 0.0000
vt 0.1604 0.6660 0.0000
vt 0.1604 0.6979 0.0000
vt 0.1604 0.6457 0.0000
vt 0.1604 0.6756 0.0000
vt 0.1604 0.6971 0.0000
vt 0.1604 0.6754 0.0000
vt 0.1604 0.6896 0.0000
vt 0.1604 0.7037 0.0000
vt 0.1604 0.7039 0.0000
vt 0.1604 0.6819 0.0000
vt 0.1604 0.6708 0.0000
vt 0.1604 0.6768 0.0000
vt 0.1604 0.6652 0.0000
vt 0.1604 0.6705 0.0000
vt 0.1604 0.6648 0.0000
vt 0.1604 0.6702 0.0000
vt 0.1604 0.6603 0.0000
vt 0.1604 0.6590 0.0000
vt 0.1604 0.6638 0.0000
vt 0.1604 0.6631 0.0000
vt 0.1604 0.7150 0.0000
vt 0.1604 0.7048 0.0000
vt 0.1604 0.7354 0.0000
vt 0.1604 0.7111 0.0000
vt 0.1604 0.7046 0.0000
vt 0.1604 0.6821 0.0000
vt 0.1604 0.7340 0.0000
vt 0.1604 0.7342 0.0000
vt 0.1604 0.7107 0.0000
vt 0.1604 0.7170 0.0000
vt 0.1604 0.7405 0.0000
vt 0.1604 0.7035 0.0000
vt 0.1604 0.7093 0.0000
vt 0.1604 0.6951 0.0000
vt 0.1604 0.7003 0.0000
vt 0.1604 0.6947 0.0000
vt 0.1604 0.6999 0.0000
vt 0.1604 0.6941 0.0000
vt 0.1604 0.6993 0.0000
vt 0.1604 0.6871 0.0000
vt 0.1604 0.6919 0.0000
vt 0.1604 0.6850 0.0000
vt 0.1604 0.6841 0.0000
vt 0.1604 0.6886 0.0000
vt 0.1604 0.7708 0.0000
vt 0.1604 0.7527 0.0000
vt 0.1604 0.7450 0.0000
vt 0.1604 0.7705 0.0000
vt 0.1604 0.7417 0.0000
vt 0.1604 0.7174 0.0000
vt 0.1604 0.7693 0.0000
vt 0.1604 0.7690 0.0000
vt 0.1604 0.7444 0.0000
vt 0.1604 0.7503 0.0000
vt 0.1604 0.7750 0.0000
vt 0.1604 0.7754 0.0000
vt 0.1604 0.7347 0.0000
vt 0.1604 0.7402 0.0000
vt 0.1604 0.7234 0.0000
vt 0.1604 0.7283 0.0000
vt 0.1604 0.7228 0.0000
vt 0.1604 0.7277 0.0000
vt 0.1604 0.7221 0.0000
vt 0.1604 0.7270 0.0000
vt 0.1604 0.7127 0.0000
vt 0.1604 0.7171 0.0000
vt 0.1604 0.7098 0.0000
vt 0.1604 0.7141 0.0000
vt 0.1604 0.7085 0.0000
vt 0.1604 0.7593 0.0000
vt 0.1604 0.7766 0.0000
vt 0.1604 0.8017 0.0000
vt 0.1604 0.8013 0.0000
vt 0.1604 0.7858 0.0000
vt 0.1604 0.7759 0.0000
vt 0.1604 0.7813 0.0000
vt 0.1604 0.8068 0.0000
vt 0.1604 0.7918 0.0000
vt 0.1604 0.7639 0.0000
vt 0.1604 0.7689 0.0000
vt 0.1604 0.7498 0.0000
vt 0.1604 0.7543 0.0000
vt 0.1604 0.7490 0.0000
vt 0.1604 0.7535 0.0000
vt 0.1604 0.7482 0.0000
vt 0.1604 0.7329 0.0000
vt 0.1604 0.7369 0.0000
vt 0.1604 0.7313 0.0000
vt 0.1604 0.8091 0.0000
vt 0.1604 0.8330 0.0000
vt 0.1604 0.8055 0.0000
vt 0.1604 0.8325 0.0000
vt 0.1604 0.8087 0.0000
vt 0.1604 0.7820 0.0000
vt 0.1604 0.8304 0.0000
vt 0.1604 0.8309 0.0000
vt 0.1604 0.8046 0.0000
vt 0.1604 0.8094 0.0000
vt 0.1604 0.8353 0.0000
vt 0.1604 0.8357 0.0000
vt 0.1604 0.8231 0.0000
vt 0.1604 0.7904 0.0000
vt 0.1604 0.7738 0.0000
vt 0.1604 0.7779 0.0000
vt 0.1604 0.7770 0.0000
vt 0.1604 0.7719 0.0000
vt 0.1604 0.7581 0.0000
vt 0.1604 0.7618 0.0000
vt 0.1604 0.7540 0.0000
vt 0.1604 0.7575 0.0000
vt 0.1604 0.7521 0.0000
vt 0.1604 0.7556 0.0000
vt 0.1604 0.8259 0.0000
vt 0.1604 0.8379 0.0000
vt 0.1604 0.8586 0.0000
vt 0.1604 0.8582 0.0000
vt 0.1604 0.8103 0.0000
vt 0.1604 0.8558 0.0000
vt 0.1604 0.8563 0.0000
vt 0.1604 0.8299 0.0000
vt 0.1604 0.8341 0.0000
vt 0.1604 0.8600 0.0000
vt 0.1604 0.8604 0.0000
vt 0.1604 0.8139 0.0000
vt 0.1604 0.8178 0.0000
vt 0.1604 0.7951 0.0000
vt 0.1604 0.7976 0.0000
vt 0.1604 0.7929 0.0000
vt 0.1604 0.7964 0.0000
vt 0.1604 0.7774 0.0000
vt 0.1604 0.7805 0.0000
vt 0.1604 0.7726 0.0000
vt 0.1604 0.7735 0.0000
vt 0.1604 0.8738 0.0000
vt 0.1604 0.8800 0.0000
vt 0.1604 0.8627 0.0000
vt 0.1604 0.8538 0.0000
vt 0.1604 0.8525 0.0000
vt 0.1604 0.8350 0.0000
vt 0.1604 0.8623 0.0000
vt 0.1604 0.8795 0.0000
vt 0.1604 0.8774 0.0000
vt 0.1604 0.8769 0.0000
vt 0.1604 0.8828 0.0000
vt 0.1604 0.8705 0.0000
vt 0.1604 0.8514 0.0000
vt 0.1604 0.8794 0.0000
vt 0.1604 0.8550 0.0000
vt 0.1604 0.8802 0.0000
vt 0.1604 0.8807 0.0000
vt 0.1604 0.8744 0.0000
vt 0.1604 0.8831 0.0000
vt 0.1604 0.8829 0.0000
vt 0.1604 0.8866 0.0000
vt 0.1604 0.8349 0.0000
vt 0.1604 0.8382 0.0000
vt 0.1604 0.8225 0.0000
vt 0.1604 0.8131 0.0000
vt 0.1604 0.8256 0.0000
vt 0.1604 0.8160 0.0000
vt 0.1604 0.8120 0.0000
vt 0.1604 0.8149 0.0000
vt 0.1604 0.8108 0.0000
vt 0.1604 0.8137 0.0000
vt 0.1604 0.7936 0.0000
vt 0.1604 0.7962 0.0000
vt 0.1604 0.7883 0.0000
vt 0.1604 0.7909 0.0000
vt 0.1604 0.7860 0.0000
vt 0.1604 0.7886 0.0000
vt 0.1604 0.8940 0.0000
vt 0.1604 0.8968 0.0000
vt 0.1604 0.8834 0.0000
vt 0.1604 0.8778 0.0000
vt 0.1604 0.8702 0.0000
vt 0.1604 0.8560 0.0000
vt 0.1604 0.8963 0.0000
vt 0.1604 0.8941 0.0000
vt 0.1604 0.8936 0.0000
vt 0.1604 0.9014 0.0000
vt 0.1604 0.8904 0.0000
vt 0.1604 0.8690 0.0000
vt 0.1604 0.8977 0.0000
vt 0.1604 0.8717 0.0000
vt 0.1604 0.8961 0.0000
vt 0.1604 0.8966 0.0000
vt 0.1604 0.8935 0.0000
vt 0.1604 0.9005 0.0000
vt 0.1604 0.9043 0.0000
vt 0.1604 0.8513 0.0000
vt 0.1604 0.8278 0.0000
vt 0.1604 0.8403 0.0000
vt 0.1604 0.8301 0.0000
vt 0.1604 0.8267 0.0000
vt 0.1604 0.8289 0.0000
vt 0.1604 0.8253 0.0000
vt 0.1604 0.8275 0.0000
vt 0.1604 0.8089 0.0000
vt 0.1604 0.8032 0.0000
vt 0.1604 0.7988 0.0000
vt 0.1604 0.8007 0.0000
vt 0.1604 0.9094 0.0000
vt 0.1604 0.9088 0.0000
vt 0.1604 0.8994 0.0000
vt 0.1604 0.8971 0.0000
vt 0.1604 0.8988 0.0000
vt 0.1604 0.9083 0.0000
vt 0.1604 0.8729 0.0000
vt 0.1604 0.9060 0.0000
vt 0.1604 0.9054 0.0000
vt 0.1604 0.9042 0.0000
vt 0.1604 0.9150 0.0000
vt 0.1604 0.9056 0.0000
vt 0.1604 0.8822 0.0000
vt 0.1604 0.9111 0.0000
vt 0.1604 0.9070 0.0000
vt 0.1604 0.8841 0.0000
vt 0.1604 0.9076 0.0000
vt 0.1604 0.9078 0.0000
vt 0.1604 0.9130 0.0000
vt 0.1604 0.9151 0.0000
vt 0.1604 0.9170 0.0000
vt 0.1604 0.8635 0.0000
vt 0.1604 0.8653 0.0000
vt 0.1604 0.8495 0.0000
vt 0.1604 0.8389 0.0000
vt 0.1604 0.8512 0.0000
vt 0.1604 0.8404 0.0000
vt 0.1604 0.8392 0.0000
vt 0.1604 0.8362 0.0000
vt 0.1604 0.8168 0.0000
vt 0.1604 0.8183 0.0000
vt 0.1604 0.8109 0.0000
vt 0.1604 0.8123 0.0000
vt 0.1604 0.8083 0.0000
vt 0.1604 0.8096 0.0000
vt 0.1604 0.9105 0.0000
vt 0.1604 0.9116 0.0000
vt 0.1604 0.9197 0.0000
vt 0.1604 0.9157 0.0000
vt 0.1604 0.8919 0.0000
vt 0.1604 0.8853 0.0000
vt 0.1604 0.9099 0.0000
vt 0.1604 0.9152 0.0000
vt 0.1604 0.9128 0.0000
vt 0.1604 0.9122 0.0000
vt 0.1604 0.9169 0.0000
vt 0.1604 0.9234 0.0000
vt 0.1604 0.9158 0.0000
vt 0.1604 0.8907 0.0000
vt 0.1604 0.9194 0.0000
vt 0.1604 0.9129 0.0000
vt 0.1604 0.8917 0.0000
vt 0.1604 0.9135 0.0000
vt 0.1604 0.9171 0.0000
vt 0.1604 0.9203 0.0000
vt 0.1604 0.9235 0.0000
vt 0.1604 0.9244 0.0000
vt 0.1604 0.8714 0.0000
vt 0.1604 0.8724 0.0000
vt 0.1604 0.8570 0.0000
vt 0.1604 0.8460 0.0000
vt 0.1604 0.8579 0.0000
vt 0.1604 0.8469 0.0000
vt 0.1604 0.8448 0.0000
vt 0.1604 0.8456 0.0000
vt 0.1604 0.8433 0.0000
vt 0.1604 0.8441 0.0000
vt 0.1604 0.8233 0.0000
vt 0.1604 0.8240 0.0000
vt 0.1604 0.8172 0.0000
vt 0.1604 0.8179 0.0000
vt 0.1604 0.8145 0.0000
vt 0.1604 0.8152 0.0000
vt 0.1604 0.9164 0.0000
vt 0.1604 0.9210 0.0000
vt 0.1604 0.9247 0.0000
vt 0.1604 0.9174 0.0000
vt 0.1604 0.9168 0.0000
vt 0.1604 0.8957 0.0000
vt 0.1604 0.8930 0.0000
vt 0.1604 0.9145 0.0000
vt 0.1604 0.9138 0.0000
vt 0.1604 0.9264 0.0000
vt 0.1604 0.9207 0.0000
vt 0.1604 0.8944 0.0000
vt 0.1604 0.9225 0.0000
vt 0.1604 0.9136 0.0000
vt 0.1604 0.8946 0.0000
vt 0.1604 0.9142 0.0000
vt 0.1604 0.9211 0.0000
vt 0.1604 0.9224 0.0000
vt 0.1604 0.9265 0.0000
vt 0.1604 0.8749 0.0000
vt 0.1604 0.8751 0.0000
vt 0.1604 0.8605 0.0000
vt 0.1604 0.8493 0.0000
vt 0.1604 0.8479 0.0000
vt 0.1604 0.8480 0.0000
vt 0.1604 0.8464 0.0000
vt 0.1604 0.8465 0.0000
vt 0.1604 0.8261 0.0000
vt 0.1604 0.8262 0.0000
vt 0.1604 0.8199 0.0000
vt 0.1604 0.8200 0.0000
vt 0.1604 0.8173 0.0000
vt 0.1604 0.9172 0.0000
vt 0.1604 0.9250 0.0000
vt 0.1604 0.8959 0.0000
vt 0.1604 0.9166 0.0000
vt 0.1604 0.9133 0.0000
vt 0.1604 0.9110 0.0000
vt 0.1604 0.9104 0.0000
vt 0.1604 0.9241 0.0000
vt 0.1604 0.9204 0.0000
vt 0.1604 0.8934 0.0000
vt 0.1604 0.9202 0.0000
vt 0.1604 0.8926 0.0000
vt 0.1604 0.9092 0.0000
vt 0.1604 0.9098 0.0000
vt 0.1604 0.9198 0.0000
vt 0.1604 0.9192 0.0000
vt 0.1604 0.9242 0.0000
vt 0.1604 0.9232 0.0000
vt 0.1604 0.8739 0.0000
vt 0.1604 0.8732 0.0000
vt 0.1604 0.8593 0.0000
vt 0.1604 0.8483 0.0000
vt 0.1604 0.8587 0.0000
vt 0.1604 0.8476 0.0000
vt 0.1604 0.8470 0.0000
vt 0.1604 0.8455 0.0000
vt 0.1604 0.8449 0.0000
vt 0.1604 0.8248 0.0000
vt 0.1604 0.8191 0.0000
vt 0.1604 0.8186 0.0000
vt 0.1604 0.8164 0.0000
vt 0.1604 0.8158 0.0000
vt 0.1604 0.9126 0.0000
vt 0.1604 0.9238 0.0000
vt 0.1604 0.9187 0.0000
vt 0.1604 0.9051 0.0000
vt 0.1604 0.8887 0.0000
vt 0.1604 0.8939 0.0000
vt 0.1604 0.9121 0.0000
vt 0.1604 0.9046 0.0000
vt 0.1604 0.9023 0.0000
vt 0.1604 0.9018 0.0000
vt 0.1604 0.9231 0.0000
vt 0.1604 0.9165 0.0000
vt 0.1604 0.9148 0.0000
vt 0.1604 0.8874 0.0000
vt 0.1604 0.8859 0.0000
vt 0.1604 0.8996 0.0000
vt 0.1604 0.9002 0.0000
vt 0.1604 0.9132 0.0000
vt 0.1604 0.9106 0.0000
vt 0.1604 0.9146 0.0000
vt 0.1604 0.8684 0.0000
vt 0.1604 0.8670 0.0000
vt 0.1604 0.8541 0.0000
vt 0.1604 0.8420 0.0000
vt 0.1604 0.8528 0.0000
vt 0.1604 0.8421 0.0000
vt 0.1604 0.8407 0.0000
vt 0.1604 0.8406 0.0000
vt 0.1604 0.8393 0.0000
vt 0.1604 0.8208 0.0000
vt 0.1604 0.8197 0.0000
vt 0.1604 0.8121 0.0000
vt 0.1604 0.8110 0.0000
vt 0.1604 0.9030 0.0000
vt 0.1604 0.8914 0.0000
vt 0.1604 0.8780 0.0000
vt 0.1604 0.8871 0.0000
vt 0.1604 0.9024 0.0000
vt 0.1604 0.8909 0.0000
vt 0.1604 0.8882 0.0000
vt 0.1604 0.9036 0.0000
vt 0.1604 0.9040 0.0000
vt 0.1604 0.8999 0.0000
vt 0.1604 0.8852 0.0000
vt 0.1604 0.8857 0.0000
vt 0.1604 0.9015 0.0000
vt 0.1604 0.8970 0.0000
vt 0.1604 0.9008 0.0000
vt 0.1604 0.8344 0.0000
vt 0.1604 0.8428 0.0000
vt 0.1604 0.8332 0.0000
vt 0.1604 0.8312 0.0000
vt 0.1604 0.8318 0.0000
vt 0.1604 0.8128 0.0000
vt 0.1604 0.8052 0.0000
vt 0.1604 0.8026 0.0000
vt 0.1604 0.8884 0.0000
vt 0.1604 0.9053 0.0000
vt 0.1604 0.8628 0.0000
vt 0.1604 0.8756 0.0000
vt 0.1604 0.8879 0.0000
vt 0.1604 0.8723 0.0000
vt 0.1604 0.8703 0.0000
vt 0.1604 0.8698 0.0000
vt 0.1604 0.9007 0.0000
vt 0.1604 0.8616 0.0000
vt 0.1604 0.8661 0.0000
vt 0.1604 0.8666 0.0000
vt 0.1604 0.8848 0.0000
vt 0.1604 0.8849 0.0000
vt 0.1604 0.8785 0.0000
vt 0.1604 0.8820 0.0000
vt 0.1604 0.8444 0.0000
vt 0.1604 0.8414 0.0000
vt 0.1604 0.8315 0.0000
vt 0.1604 0.8217 0.0000
vt 0.1604 0.8287 0.0000
vt 0.1604 0.8190 0.0000
vt 0.1604 0.8205 0.0000
vt 0.1604 0.8192 0.0000
vt 0.1604 0.8166 0.0000
vt 0.1604 0.7989 0.0000
vt 0.1604 0.7958 0.0000
vt 0.1604 0.7935 0.0000
vt 0.1604 0.7934 0.0000
vt 0.1604 0.8710 0.0000
vt 0.1604 0.8499 0.0000
vt 0.1604 0.8685 0.0000
vt 0.1604 0.8494 0.0000
vt 0.1604 0.8471 0.0000
vt 0.1604 0.8819 0.0000
vt 0.1604 0.8631 0.0000
vt 0.1604 0.8677 0.0000
vt 0.1604 0.8422 0.0000
vt 0.1604 0.8426 0.0000
vt 0.1604 0.8383 0.0000
vt 0.1604 0.8431 0.0000
vt 0.1604 0.8555 0.0000
vt 0.1604 0.8632 0.0000
vt 0.1604 0.8264 0.0000
vt 0.1604 0.8227 0.0000
vt 0.1604 0.8054 0.0000
vt 0.1604 0.8021 0.0000
vt 0.1604 0.8043 0.0000
vt 0.1604 0.7999 0.0000
vt 0.1604 0.7866 0.0000
vt 0.1604 0.7836 0.0000
vt 0.1604 0.7815 0.0000
vt 0.1604 0.7787 0.0000
vt 0.1604 0.7794 0.0000
vt 0.1604 0.8453 0.0000
vt 0.1604 0.8667 0.0000
vt 0.1604 0.8458 0.0000
vt 0.1604 0.8229 0.0000
vt 0.1604 0.8198 0.0000
vt 0.1604 0.8224 0.0000
vt 0.1604 0.8204 0.0000
vt 0.1604 0.8188 0.0000
vt 0.1604 0.8334 0.0000
vt 0.1604 0.8143 0.0000
vt 0.1604 0.8155 0.0000
vt 0.1604 0.8282 0.0000
vt 0.1604 0.8363 0.0000
vt 0.1604 0.8310 0.0000
vt 0.1604 0.8003 0.0000
vt 0.1604 0.7899 0.0000
vt 0.1604 0.7849 0.0000
vt 0.1604 0.7810 0.0000
vt 0.1604 0.7837 0.0000
vt 0.1604 0.7799 0.0000
vt 0.1604 0.7655 0.0000
vt 0.1604 0.7644 0.0000
vt 0.1604 0.7610 0.0000
vt 0.1604 0.7624 0.0000
vt 0.1604 0.7590 0.0000
vt 0.1604 0.8165 0.0000
vt 0.1604 0.7922 0.0000
vt 0.1604 0.8175 0.0000
vt 0.1604 0.7901 0.0000
vt 0.1604 0.7919 0.0000
vt 0.1604 0.7867 0.0000
vt 0.1604 0.7842 0.0000
vt 0.1604 0.7846 0.0000
vt 0.1604 0.7973 0.0000
vt 0.1604 0.8056 0.0000
vt 0.1604 0.7997 0.0000
vt 0.1604 0.7795 0.0000
vt 0.1604 0.7747 0.0000
vt 0.1604 0.7632 0.0000
vt 0.1604 0.7657 0.0000
vt 0.1604 0.7588 0.0000
vt 0.1604 0.7615 0.0000
vt 0.1604 0.7571 0.0000
vt 0.1604 0.7486 0.0000
vt 0.1604 0.7446 0.0000
vt 0.1604 0.7408 0.0000
vt 0.1604 0.7429 0.0000
vt 0.1604 0.7391 0.0000
vt 0.1604 0.7862 0.0000
vt 0.1604 0.7838 0.0000
vt 0.1604 0.7584 0.0000
vt 0.1604 0.7627 0.0000
vt 0.1604 0.7876 0.0000
vt 0.1604 0.7859 0.0000
vt 0.1604 0.7570 0.0000
vt 0.1604 0.7567 0.0000
vt 0.1604 0.7996 0.0000
vt 0.1604 0.7715 0.0000
vt 0.1604 0.7816 0.0000
vt 0.1604 0.7620 0.0000
vt 0.1604 0.7563 0.0000
vt 0.1604 0.7504 0.0000
vt 0.1604 0.7507 0.0000
vt 0.1604 0.7716 0.0000
vt 0.1604 0.7652 0.0000
vt 0.1604 0.7517 0.0000
vt 0.1604 0.7464 0.0000
vt 0.1604 0.7439 0.0000
vt 0.1604 0.7381 0.0000
vt 0.1604 0.7389 0.0000
vt 0.1604 0.7333 0.0000
vt 0.1604 0.7374 0.0000
vt 0.1604 0.7326 0.0000
vt 0.1604 0.7366 0.0000
vt 0.1604 0.7319 0.0000
vt 0.1604 0.7259 0.0000
vt 0.1604 0.7215 0.0000
vt 0.1604 0.7184 0.0000
vt 0.1604 0.7212 0.0000
vt 0.1604 0.7481 0.0000
vt 0.1604 0.7222 0.0000
vt 0.1604 0.7520 0.0000
vt 0.1604 0.7775 0.0000
vt 0.1604 0.7300 0.0000
vt 0.1604 0.7518 0.0000
vt 0.1604 0.7220 0.0000
vt 0.1604 0.7211 0.0000
vt 0.1604 0.7209 0.0000
vt 0.1604 0.7651 0.0000
vt 0.1604 0.7348 0.0000
vt 0.1604 0.7294 0.0000
vt 0.1604 0.7332 0.0000
vt 0.1604 0.7142 0.0000
vt 0.1604 0.7144 0.0000
vt 0.1604 0.7397 0.0000
vt 0.1604 0.7265 0.0000
vt 0.1604 0.7214 0.0000
vt 0.1604 0.7157 0.0000
vt 0.1604 0.7153 0.0000
vt 0.1604 0.7108 0.0000
vt 0.1604 0.7056 0.0000
vt 0.1604 0.7100 0.0000
vt 0.1604 0.7103 0.0000
vt 0.1604 0.7051 0.0000
vt 0.1604 0.7013 0.0000
vt 0.1604 0.6987 0.0000
vt 0.1604 0.6942 0.0000
vt 0.1604 0.6931 0.0000
vt 0.1604 0.7154 0.0000
vt 0.1604 0.7414 0.0000
vt 0.1604 0.7101 0.0000
vt 0.1604 0.6953 0.0000
vt 0.1604 0.7239 0.0000
vt 0.1604 0.7152 0.0000
vt 0.1604 0.6834 0.0000
vt 0.1604 0.6832 0.0000
vt 0.1604 0.7279 0.0000
vt 0.1604 0.6960 0.0000
vt 0.1604 0.7089 0.0000
vt 0.1604 0.6885 0.0000
vt 0.1604 0.6763 0.0000
vt 0.1604 0.6764 0.0000
vt 0.1604 0.7019 0.0000
vt 0.1604 0.6879 0.0000
vt 0.1604 0.6889 0.0000
vt 0.1604 0.6888 0.0000
vt 0.1604 0.6892 0.0000
vt 0.1604 0.6833 0.0000
vt 0.1604 0.6851 0.0000
vt 0.1604 0.6794 0.0000
vt 0.1604 0.6814 0.0000
vt 0.1604 0.6761 0.0000
vt 0.1604 0.6810 0.0000
vt 0.1604 0.6757 0.0000
vt 0.1604 0.6751 0.0000
vt 0.1604 0.6703 0.0000
vt 0.1604 0.6686 0.0000
vt 0.1604 0.6725 0.0000
vt 0.1604 0.6679 0.0000
vt 0.1604 0.6448 0.0000
vt 0.1604 0.6770 0.0000
vt 0.1604 0.7031 0.0000
vt 0.1604 0.6447 0.0000
vt 0.1604 0.6592 0.0000
vt 0.1604 0.6444 0.0000
vt 0.1604 0.6558 0.0000
vt 0.1604 0.6524 0.0000
vt 0.1604 0.6373 0.0000
vt 0.1604 0.6626 0.0000
vt 0.1604 0.6479 0.0000
vt 0.1604 0.6484 0.0000
vt 0.1604 0.6535 0.0000
vt 0.1604 0.6516 0.0000
vt 0.1604 0.6477 0.0000
vt 0.1604 0.6514 0.0000
vt 0.1604 0.6459 0.0000
vt 0.1604 0.6512 0.0000
vt 0.1604 0.6458 0.0000
vt 0.1604 0.6429 0.0000
vt 0.1604 0.6469 0.0000
vt 0.1604 0.6421 0.0000
vt 0.1604 0.6417 0.0000
vt 0.1604 0.8539 0.0000
vt 0.1604 0.8801 0.0000
vt 0.1604 0.8351 0.0000
vt 0.1604 0.8526 0.0000
vt 0.1604 0.8796 0.0000
vt 0.1604 0.8770 0.0000
vt 0.1604 0.8775 0.0000
vt 0.1604 0.8516 0.0000
vt 0.1604 0.8551 0.0000
vt 0.1604 0.8804 0.0000
vt 0.1604 0.8809 0.0000
vt 0.1604 0.8372 0.0000
vt 0.1604 0.8133 0.0000
vt 0.1604 0.8162 0.0000
vt 0.1604 0.8122 0.0000
vt 0.1604 0.8151 0.0000
vt 0.1604 0.8138 0.0000
vt 0.1604 0.7938 0.0000
vt 0.1604 0.7885 0.0000
vt 0.1604 0.7887 0.0000
vt 0.1604 0.8835 0.0000
vt 0.1604 0.8969 0.0000
vt 0.1604 0.8964 0.0000
vt 0.1604 0.8830 0.0000
vt 0.1604 0.8937 0.0000
vt 0.1604 0.8942 0.0000
vt 0.1604 0.8692 0.0000
vt 0.1604 0.8978 0.0000
vt 0.1604 0.8718 0.0000
vt 0.1604 0.8962 0.0000
vt 0.1604 0.8967 0.0000
vt 0.1604 0.8502 0.0000
vt 0.1604 0.8280 0.0000
vt 0.1604 0.8302 0.0000
vt 0.1604 0.8269 0.0000
vt 0.1604 0.8291 0.0000
vt 0.1604 0.8255 0.0000
vt 0.1604 0.8277 0.0000
vt 0.1604 0.8014 0.0000
vt 0.1604 0.8034 0.0000
vt 0.1604 0.8008 0.0000
vt 0.1604 0.9095 0.0000
vt 0.1604 0.8972 0.0000
vt 0.1604 0.8995 0.0000
vt 0.1604 0.9090 0.0000
vt 0.1604 0.8989 0.0000
vt 0.1604 0.8730 0.0000
vt 0.1604 0.9084 0.0000
vt 0.1604 0.9055 0.0000
vt 0.1604 0.9061 0.0000
vt 0.1604 0.8823 0.0000
vt 0.1604 0.8842 0.0000
vt 0.1604 0.9071 0.0000
vt 0.1604 0.9079 0.0000
vt 0.1604 0.8624 0.0000
vt 0.1604 0.8390 0.0000
vt 0.1604 0.8394 0.0000
vt 0.1604 0.8364 0.0000
vt 0.1604 0.8170 0.0000
vt 0.1604 0.8184 0.0000
vt 0.1604 0.8125 0.0000
vt 0.1604 0.8084 0.0000
vt 0.1604 0.8098 0.0000
vt 0.1604 0.9117 0.0000
vt 0.1604 0.9100 0.0000
vt 0.1604 0.8854 0.0000
vt 0.1604 0.8921 0.0000
vt 0.1604 0.9153 0.0000
vt 0.1604 0.9123 0.0000
vt 0.1604 0.8908 0.0000
vt 0.1604 0.9195 0.0000
vt 0.1604 0.8713 0.0000
vt 0.1604 0.8462 0.0000
vt 0.1604 0.8434 0.0000
vt 0.1604 0.8443 0.0000
vt 0.1604 0.8234 0.0000
vt 0.1604 0.8242 0.0000
vt 0.1604 0.8181 0.0000
vt 0.1604 0.8146 0.0000
vt 0.1604 0.8153 0.0000
vt 0.1604 0.9248 0.0000
vt 0.1604 0.9175 0.0000
vt 0.1604 0.9160 0.0000
vt 0.1604 0.8931 0.0000
vt 0.1604 0.9140 0.0000
vt 0.1604 0.9208 0.0000
vt 0.1604 0.8948 0.0000
vt 0.1604 0.9137 0.0000
vt 0.1604 0.9143 0.0000
vt 0.1604 0.8481 0.0000
vt 0.1604 0.8482 0.0000
vt 0.1604 0.8466 0.0000
vt 0.1604 0.8467 0.0000
vt 0.1604 0.8263 0.0000
vt 0.1604 0.8201 0.0000
vt 0.1604 0.8202 0.0000
vt 0.1604 0.9251 0.0000
vt 0.1604 0.9173 0.0000
vt 0.1604 0.9167 0.0000
vt 0.1604 0.8960 0.0000
vt 0.1604 0.9134 0.0000
vt 0.1604 0.9205 0.0000
vt 0.1604 0.8928 0.0000
vt 0.1604 0.9093 0.0000
vt 0.1604 0.8728 0.0000
vt 0.1604 0.8721 0.0000
vt 0.1604 0.8484 0.0000
vt 0.1604 0.8478 0.0000
vt 0.1604 0.8457 0.0000
vt 0.1604 0.8451 0.0000
vt 0.1604 0.8249 0.0000
vt 0.1604 0.8193 0.0000
vt 0.1604 0.9188 0.0000
vt 0.1604 0.8889 0.0000
vt 0.1604 0.9047 0.0000
vt 0.1604 0.9019 0.0000
vt 0.1604 0.8876 0.0000
vt 0.1604 0.8860 0.0000
vt 0.1604 0.8998 0.0000
vt 0.1604 0.9003 0.0000
vt 0.1604 0.9107 0.0000
vt 0.1604 0.8673 0.0000
vt 0.1604 0.8658 0.0000
vt 0.1604 0.8409 0.0000
vt 0.1604 0.8210 0.0000
vt 0.1604 0.8150 0.0000
vt 0.1604 0.8111 0.0000
vt 0.1604 0.9031 0.0000
vt 0.1604 0.8915 0.0000
vt 0.1604 0.9026 0.0000
vt 0.1604 0.8872 0.0000
vt 0.1604 0.8782 0.0000
vt 0.1604 0.8910 0.0000
vt 0.1604 0.8888 0.0000
vt 0.1604 0.8883 0.0000
vt 0.1604 0.9041 0.0000
vt 0.1604 0.8745 0.0000
vt 0.1604 0.9016 0.0000
vt 0.1604 0.8575 0.0000
vt 0.1604 0.8553 0.0000
vt 0.1604 0.8314 0.0000
vt 0.1604 0.8320 0.0000
vt 0.1604 0.8300 0.0000
vt 0.1604 0.8130 0.0000
vt 0.1604 0.8028 0.0000
vt 0.1604 0.8918 0.0000
vt 0.1604 0.8885 0.0000
vt 0.1604 0.8880 0.0000
vt 0.1604 0.8757 0.0000
vt 0.1604 0.8630 0.0000
vt 0.1604 0.8725 0.0000
vt 0.1604 0.8700 0.0000
vt 0.1604 0.8618 0.0000
vt 0.1604 0.8662 0.0000
vt 0.1604 0.8405 0.0000
vt 0.1604 0.8218 0.0000
vt 0.1604 0.8207 0.0000
vt 0.1604 0.8180 0.0000
vt 0.1604 0.8194 0.0000
vt 0.1604 0.8167 0.0000
vt 0.1604 0.8015 0.0000
vt 0.1604 0.7991 0.0000
vt 0.1604 0.7960 0.0000
vt 0.1604 0.7912 0.0000
vt 0.1604 0.8500 0.0000
vt 0.1604 0.8687 0.0000
vt 0.1604 0.8496 0.0000
vt 0.1604 0.8477 0.0000
vt 0.1604 0.8473 0.0000
vt 0.1604 0.8424 0.0000
vt 0.1604 0.8384 0.0000
vt 0.1604 0.8427 0.0000
vt 0.1604 0.8023 0.0000
vt 0.1604 0.8033 0.0000
vt 0.1604 0.8000 0.0000
vt 0.1604 0.7868 0.0000
vt 0.1604 0.7817 0.0000
vt 0.1604 0.7789 0.0000
vt 0.1604 0.8668 0.0000
vt 0.1604 0.8454 0.0000
vt 0.1604 0.8395 0.0000
vt 0.1604 0.8209 0.0000
vt 0.1604 0.8144 0.0000
vt 0.1604 0.8157 0.0000
vt 0.1604 0.8038 0.0000
vt 0.1604 0.7850 0.0000
vt 0.1604 0.7839 0.0000
vt 0.1604 0.7801 0.0000
vt 0.1604 0.7691 0.0000
vt 0.1604 0.7656 0.0000
vt 0.1604 0.7611 0.0000
vt 0.1604 0.7625 0.0000
vt 0.1604 0.8408 0.0000
vt 0.1604 0.7902 0.0000
vt 0.1604 0.7905 0.0000
vt 0.1604 0.8140 0.0000
vt 0.1604 0.7921 0.0000
vt 0.1604 0.7869 0.0000
vt 0.1604 0.7844 0.0000
vt 0.1604 0.7847 0.0000
vt 0.1604 0.7741 0.0000
vt 0.1604 0.7634 0.0000
vt 0.1604 0.7626 0.0000
vt 0.1604 0.7582 0.0000
vt 0.1604 0.7488 0.0000
vt 0.1604 0.7448 0.0000
vt 0.1604 0.7409 0.0000
vt 0.1604 0.7431 0.0000
vt 0.1604 0.7392 0.0000
vt 0.1604 0.7864 0.0000
vt 0.1604 0.7585 0.0000
vt 0.1604 0.7861 0.0000
vt 0.1604 0.7877 0.0000
vt 0.1604 0.7628 0.0000
vt 0.1604 0.7583 0.0000
vt 0.1604 0.7568 0.0000
vt 0.1604 0.7621 0.0000
vt 0.1604 0.7564 0.0000
vt 0.1604 0.7505 0.0000
vt 0.1604 0.7511 0.0000
vt 0.1604 0.7459 0.0000
vt 0.1604 0.7382 0.0000
vt 0.1604 0.7334 0.0000
vt 0.1604 0.7376 0.0000
vt 0.1604 0.7328 0.0000
vt 0.1604 0.7320 0.0000
vt 0.1604 0.7260 0.0000
vt 0.1604 0.7217 0.0000
vt 0.1604 0.7186 0.0000
vt 0.1604 0.7213 0.0000
vt 0.1604 0.7172 0.0000
vt 0.1604 0.7223 0.0000
vt 0.1604 0.7776 0.0000
vt 0.1604 0.7301 0.0000
vt 0.1604 0.7210 0.0000
vt 0.1604 0.7235 0.0000
vt 0.1604 0.7143 0.0000
vt 0.1604 0.7145 0.0000
vt 0.1604 0.7398 0.0000
vt 0.1604 0.7058 0.0000
vt 0.1604 0.7104 0.0000
vt 0.1604 0.7053 0.0000
vt 0.1604 0.7014 0.0000
vt 0.1604 0.6989 0.0000
vt 0.1604 0.6944 0.0000
vt 0.1604 0.6933 0.0000
vt 0.1604 0.7155 0.0000
vt 0.1604 0.6842 0.0000
vt 0.1604 0.7102 0.0000
vt 0.1604 0.6954 0.0000
vt 0.1604 0.7240 0.0000
vt 0.1604 0.6835 0.0000
vt 0.1604 0.7090 0.0000
vt 0.1604 0.6887 0.0000
vt 0.1604 0.6765 0.0000
vt 0.1604 0.7020 0.0000
vt 0.1604 0.6891 0.0000
vt 0.1604 0.6831 0.0000
vt 0.1604 0.6766 0.0000
vt 0.1604 0.6816 0.0000
vt 0.1604 0.6762 0.0000
vt 0.1604 0.6812 0.0000
vt 0.1604 0.6759 0.0000
vt 0.1604 0.6753 0.0000
vt 0.1604 0.6735 0.0000
vt 0.1604 0.6688 0.0000
vt 0.1604 0.6727 0.0000
vt 0.1604 0.6680 0.0000
vt 0.1604 0.6771 0.0000
vt 0.1604 0.6449 0.0000
vt 0.1604 0.6890 0.0000
vt 0.1604 0.6593 0.0000
vt 0.1604 0.6445 0.0000
vt 0.1604 0.6446 0.0000
vt 0.1604 0.6591 0.0000
vt 0.1604 0.6525 0.0000
vt 0.1604 0.6374 0.0000
vt 0.1604 0.6627 0.0000
vt 0.1604 0.6518 0.0000
vt 0.1604 0.6463 0.0000
vt 0.1604 0.6481 0.0000
vt 0.1604 0.6431 0.0000
vt 0.1604 0.6471 0.0000
vt 0.1604 0.6272 0.0000
vt 0.1604 0.6267 0.0000
vt 0.1604 0.6534 0.0000
vt 0.1604 0.6548 0.0000
vt 0.1604 0.6210 0.0000
vt 0.1604 0.6208 0.0000
vt 0.1604 0.5932 0.0000
vt 0.1604 0.5939 0.0000
vt 0.1604 0.5880 0.0000
vt 0.1604 0.5536 0.0000
vt 0.1604 0.5556 0.0000
vt 0.1604 0.5269 0.0000
vt 0.1604 0.5299 0.0000
vt 0.1604 0.5211 0.0000
vt 0.1604 0.5243 0.0000
vt 0.1604 0.4957 0.0000
vt 0.1604 0.4998 0.0000
vt 0.1604 0.4902 0.0000
vt 0.1604 0.4945 0.0000
vt 0.1604 0.4615 0.0000
vt 0.1604 0.4668 0.0000
vt 0.1604 0.4459 0.0000
vt 0.1604 0.4416 0.0000
vt 0.1604 0.4163 0.0000
vt 0.1604 0.3960 0.0000
vt 0.1604 0.3928 0.0000
vt 0.1604 0.3770 0.0000
vt 0.1604 0.3852 0.0000
vt 0.1604 0.3671 0.0000
vt 0.1604 0.3739 0.0000
vt 0.1604 0.3640 0.0000
vt 0.1604 0.3548 0.0000
vt 0.1604 0.3638 0.0000
vt 0.1604 0.3557 0.0000
vt 0.1604 0.3646 0.0000
vt 0.1604 0.3563 0.0000
vt 0.1604 0.3608 0.0000
vt 0.1604 0.3695 0.0000
vt 0.1604 0.3708 0.0000
vt 0.1604 0.3702 0.0000
vt 0.1604 0.3838 0.0000
vt 0.1604 0.3867 0.0000
vt 0.1604 0.4014 0.0000
vt 0.1604 0.4087 0.0000
vt 0.1604 0.4050 0.0000
vt 0.1604 0.4292 0.0000
vt 0.1604 0.4268 0.0000
vt 0.1604 0.4333 0.0000
vt 0.1604 0.4519 0.0000
vt 0.1604 0.4575 0.0000
vt 0.1604 0.4745 0.0000
vt 0.1604 0.4844 0.0000
vt 0.1604 0.5081 0.0000
vt 0.1604 0.5135 0.0000
vt 0.1604 0.5360 0.0000
vt 0.1604 0.5387 0.0000
vt 0.1604 0.5419 0.0000
vt 0.1604 0.5690 0.0000
vt 0.1604 0.5751 0.0000
vt 0.1604 0.5764 0.0000
vt 0.1604 0.6028 0.0000
vt 0.1604 0.6031 0.0000
vt 0.1604 0.6090 0.0000
vt 0.1604 0.6359 0.0000
vt 0.1604 0.6683 0.0000
vt 0.1604 0.6741 0.0000
vt 0.1604 0.6998 0.0000
vt 0.1604 0.7029 0.0000
vt 0.1604 0.7086 0.0000
vt 0.1604 0.7298 0.0000
vt 0.1604 0.7394 0.0000
vt 0.1604 0.7350 0.0000
vt 0.1604 0.7629 0.0000
vt 0.1604 0.7578 0.0000
vt 0.1604 0.7679 0.0000
vt 0.1604 0.7893 0.0000
vt 0.1604 0.7832 0.0000
vt 0.1604 0.8127 0.0000
vt 0.1604 0.8058 0.0000
vt 0.1604 0.8095 0.0000
vt 0.1604 0.8326 0.0000
vt 0.1604 0.8250 0.0000
vt 0.1604 0.8359 0.0000
vt 0.1604 0.8488 0.0000
vt 0.1604 0.8609 0.0000
vt 0.1604 0.8524 0.0000
vt 0.1604 0.8626 0.0000
vt 0.1604 0.8540 0.0000
vt 0.1604 0.8688 0.0000
vt 0.1604 0.8697 0.0000
vt 0.1604 0.8722 0.0000
vt 0.1604 0.8633 0.0000
vt 0.1604 0.8634 0.0000
vt 0.1604 0.8712 0.0000
vt 0.1604 0.8617 0.0000
vt 0.1604 0.8706 0.0000
vt 0.1604 0.8571 0.0000
vt 0.1604 0.8643 0.0000
vt 0.1604 0.8342 0.0000
vt 0.1604 0.8391 0.0000
vt 0.1604 0.8313 0.0000
vt 0.1604 0.8169 0.0000
vt 0.1604 0.8134 0.0000
vt 0.1604 0.7961 0.0000
vt 0.1604 0.7920 0.0000
vt 0.1604 0.7722 0.0000
vt 0.1604 0.7675 0.0000
vt 0.1604 0.7455 0.0000
vt 0.1604 0.7203 0.0000
vt 0.1604 0.7166 0.0000
vt 0.1604 0.7147 0.0000
vt 0.1604 0.6859 0.0000
vt 0.1604 0.6826 0.0000
vt 0.1604 0.6802 0.0000
vt 0.1604 0.6540 0.0000
vt 0.1604 0.6554 0.0000
vt 0.1604 0.6493 0.0000
vt 0.1604 0.6532 0.0000
vt 0.1604 0.6266 0.0000
vt 0.1604 0.5931 0.0000
vt 0.1604 0.5869 0.0000
vt 0.1604 0.5881 0.0000
vt 0.1604 0.5532 0.0000
vt 0.1604 0.5617 0.0000
vt 0.1604 0.5560 0.0000
vt 0.1604 0.5249 0.0000
vt 0.1604 0.4895 0.0000
vt 0.1604 0.5004 0.0000
vt 0.1604 0.4606 0.0000
vt 0.1604 0.4388 0.0000
vt 0.1604 0.4426 0.0000
vt 0.1604 0.4204 0.0000
vt 0.1604 0.3947 0.0000
vt 0.1604 0.3914 0.0000
vt 0.1604 0.4048 0.0000
vt 0.1604 0.3755 0.0000
vt 0.1604 0.3889 0.0000
vt 0.1604 0.3865 0.0000
vt 0.1604 0.3655 0.0000
vt 0.1604 0.3637 0.0000
vt 0.1604 0.3752 0.0000
vt 0.1604 0.3573 0.0000
vt 0.1604 0.3691 0.0000
vt 0.1604 0.3535 0.0000
vt 0.1604 0.3532 0.0000
vt 0.1604 0.3541 0.0000
vt 0.1604 0.3660 0.0000
vt 0.1604 0.3591 0.0000
vt 0.1604 0.3606 0.0000
vt 0.1604 0.3709 0.0000
vt 0.1604 0.3722 0.0000
vt 0.1604 0.3687 0.0000
vt 0.1604 0.3853 0.0000
vt 0.1604 0.3930 0.0000
vt 0.1604 0.3958 0.0000
vt 0.1604 0.4001 0.0000
vt 0.1604 0.4133 0.0000
vt 0.1604 0.4257 0.0000
vt 0.1604 0.4461 0.0000
vt 0.1604 0.4509 0.0000
vt 0.1604 0.4538 0.0000
vt 0.1604 0.4789 0.0000
vt 0.1604 0.4801 0.0000
vt 0.1604 0.5093 0.0000
vt 0.1604 0.5414 0.0000
vt 0.1604 0.5391 0.0000
vt 0.1604 0.5448 0.0000
vt 0.1604 0.5687 0.0000
vt 0.1604 0.5749 0.0000
vt 0.1604 0.5708 0.0000
vt 0.1604 0.5766 0.0000
vt 0.1604 0.6032 0.0000
vt 0.1604 0.6358 0.0000
vt 0.1604 0.6767 0.0000
vt 0.1604 0.6738 0.0000
vt 0.1604 0.7092 0.0000
vt 0.1604 0.7401 0.0000
vt 0.1604 0.7291 0.0000
vt 0.1604 0.7343 0.0000
vt 0.1604 0.7638 0.0000
vt 0.1604 0.7617 0.0000
vt 0.1604 0.7823 0.0000
vt 0.1604 0.8047 0.0000
vt 0.1604 0.8239 0.0000
vt 0.1604 0.8503 0.0000
vt 0.1604 0.8417 0.0000
vt 0.1604 0.8625 0.0000
vt 0.1604 0.8510 0.0000
vt 0.1604 0.8595 0.0000
vt 0.1604 0.8740 0.0000
vt 0.1604 0.8620 0.0000
vt 0.1604 0.8659 0.0000
vt 0.1604 0.8543 0.0000
vt 0.1604 0.8463 0.0000
vt 0.1604 0.8442 0.0000
vt 0.1604 0.8435 0.0000
vt 0.1604 0.7910 0.0000
vt 0.1604 0.7740 0.0000
vt 0.1604 0.7713 0.0000
vt 0.1604 0.7458 0.0000
vt 0.1604 0.7160 0.0000
vt 0.1604 0.6830 0.0000
vt 0.1604 0.6855 0.0000
vt 0.1604 0.6798 0.0000
vt 0.1604 0.6556 0.0000
vt 0.1604 0.6495 0.0000
vt 0.1604 0.6537 0.0000
# 2636 texture coords

o Object100
g Object100
usemtl llanta_frontal_1_uploads_files_1862674_Beetle___OBJ_wire_000000000
s 1
f 1/1/1 2/2/2 3/3/3 4/4/4 
f 5/5/5 6/6/6 7/7/7 8/2/8 
f 9/8/9 10/8/9 11/2/10 12/2/11 
f 13/1/12 14/4/13 15/9/14 16/10/15 
f 17/11/16 18/11/17 19/12/18 20/12/18 
s 2
f 18/11/19 11/2/20 2/2/21 1/1/22 
s 4
f 4/4/23 19/12/23 18/11/23 1/1/23 
s 2
f 3/3/24 10/8/25 19/12/26 4/4/27 
s 4
f 3/3/28 2/2/28 11/2/28 10/8/28 
s 2
f 5/5/29 8/2/30 12/2/31 21/5/32 
s 4
f 9/8/23 12/2/23 8/2/23 7/7/23 
s 2
f 9/8/33 7/7/34 6/6/35 22/13/36 
s 4
f 6/6/37 5/5/37 21/5/37 22/13/37 
s 2
f 23/10/23 16/10/23 15/9/23 24/14/23 
s 4
f 14/4/38 20/12/39 24/14/40 15/9/41 
s 2
f 17/11/28 20/12/28 14/4/28 13/1/28 
s 4
f 23/10/42 17/11/43 13/1/44 16/10/45 
s 1
f 25/15/46 21/5/47 12/2/11 26/16/48 
f 27/16/49 26/16/48 12/2/11 11/2/10 
f 28/17/50 27/16/49 11/2/10 18/11/17 
f 18/11/17 17/11/16 29/17/51 28/17/50 
f 29/17/51 17/11/16 23/10/52 30/18/53 
f 31/9/54 32/9/54 33/19/55 34/10/55 
f 35/18/56 34/10/55 33/19/55 36/18/56 
f 37/14/54 38/10/55 23/10/52 24/14/54 
f 30/18/53 23/10/52 38/10/55 39/18/56 
s 2
f 35/18/28 39/18/28 38/10/28 34/10/28 
f 31/9/28 34/10/28 38/10/28 37/14/28 
s 8
f 40/20/57 22/13/57 21/5/58 41/21/59 
f 21/5/58 25/15/60 42/22/61 41/21/59 
f 43/23/62 44/24/62 45/25/63 46/26/63 
f 47/27/64 48/28/65 44/24/62 43/23/62 
s 1
f 45/25/66 44/24/67 49/24/68 50/29/66 
f 44/24/67 48/28/69 51/28/70 49/24/68 
s 2
f 50/29/71 49/24/72 52/30/73 53/31/74 
f 52/30/73 49/24/72 51/28/75 54/28/76 
f 55/32/77 53/31/74 52/30/73 56/33/78 
f 56/33/78 52/30/73 54/28/76 57/34/79 
f 56/33/78 58/35/80 59/36/81 55/32/77 
f 60/37/82 58/35/80 56/33/78 57/34/79 
s 1
f 59/36/83 58/35/84 61/38/85 62/39/83 
f 58/35/84 60/37/86 63/37/87 61/38/85 
f 64/40/88 65/41/89 66/42/90 67/43/91 
f 68/44/92 69/15/93 70/16/94 71/43/95 
f 26/16/48 27/16/49 72/45/96 73/46/97 
f 74/18/98 75/47/99 76/42/100 77/41/101 
f 78/48/102 79/48/103 28/17/50 29/17/51 
s 2
f 79/48/104 72/45/105 67/43/106 66/42/107 
s 4
f 28/17/108 79/48/23 66/42/23 65/41/108 
s 2
f 28/17/109 65/41/110 64/40/111 27/16/112 
s 4
f 72/45/28 27/16/113 64/40/113 67/43/28 
s 2
f 73/46/114 80/44/115 68/44/116 71/43/117 
s 4
f 73/46/23 71/43/23 70/16/108 26/16/108 
s 2
f 69/15/118 25/15/119 26/16/120 70/16/121 
s 4
f 69/15/113 68/44/28 80/44/28 25/15/113 
s 2
f 75/47/23 74/18/108 30/18/108 81/49/23 
s 4
f 77/41/122 29/17/123 30/18/124 74/18/125 
s 2
f 29/17/113 77/41/113 76/42/28 78/48/28 
s 4
f 81/49/126 78/48/127 76/42/128 75/47/129 
s 1
f 82/50/130 80/44/131 73/46/97 83/51/132 
f 84/52/133 83/51/132 73/46/97 72/45/96 
f 85/53/134 84/52/133 72/45/96 79/48/103 
f 86/54/135 85/53/134 79/48/103 78/48/102 
f 86/54/135 78/48/102 81/49/136 87/55/137 
f 88/47/138 89/47/138 35/18/56 36/18/56 
f 90/56/139 89/47/138 88/47/138 91/56/139 
f 92/57/138 81/49/136 30/18/53 39/18/56 
f 93/55/139 87/55/137 81/49/136 92/57/138 
s 2
f 90/56/140 93/55/140 92/57/140 89/47/140 
f 92/57/140 39/18/28 35/18/28 89/47/140 
s 8
f 25/15/60 80/44/141 94/58/142 42/22/61 
f 80/44/141 82/50/143 95/59/144 94/58/142 
f 96/60/145 97/61/145 48/28/65 47/27/64 
f 97/61/145 96/60/145 98/62/146 99/63/147 
s 1
f 51/28/70 48/28/69 97/61/148 100/64/149 
f 97/61/148 99/63/150 101/65/151 100/64/149 
s 2
f 54/28/76 51/28/75 100/64/152 102/66/153 
f 103/67/154 102/66/153 100/64/152 101/65/155 
f 54/28/76 102/66/153 104/68/156 57/34/79 
f 103/67/154 105/69/157 104/68/156 102/66/153 
f 104/68/156 106/70/158 60/37/82 57/34/79 
f 107/71/159 106/70/158 104/68/156 105/69/157 
s 1
f 63/37/87 60/37/86 106/70/160 108/72/161 
f 107/71/162 109/73/163 108/72/161 106/70/160 
f 110/74/164 111/75/165 112/76/166 113/62/167 
f 114/77/168 115/78/169 116/79/170 117/80/171 
f 84/52/133 118/81/172 119/82/173 83/51/132 
f 120/74/174 121/62/175 122/56/176 123/83/177 
f 124/84/178 125/84/179 85/53/134 86/54/135 
s 2
f 125/84/180 118/81/181 111/75/182 110/74/183 
s 4
f 85/53/184 125/84/185 110/74/185 113/62/184 
s 2
f 112/76/186 84/52/187 85/53/188 113/62/189 
s 4
f 118/81/37 84/52/190 112/76/190 111/75/37 
s 2
f 119/82/191 126/85/192 116/79/193 115/78/194 
s 4
f 114/77/184 83/51/184 119/82/185 115/78/185 
s 2
f 83/51/195 114/77/196 117/80/197 82/50/198 
s 4
f 126/85/37 82/50/190 117/80/190 116/79/37 
s 2
f 87/55/184 127/86/185 123/83/185 122/56/184 
s 4
f 121/62/199 86/54/200 87/55/201 122/56/202 
s 2
f 124/84/37 86/54/190 121/62/190 120/74/37 
s 4
f 120/74/203 123/83/204 127/86/205 124/84/206 
s 1
f 119/82/173 128/87/207 129/88/208 126/85/209 
f 119/82/173 118/81/172 130/89/210 128/87/207 
f 131/90/211 130/89/210 118/81/172 125/84/179 
f 131/90/211 125/84/179 124/84/178 132/90/212 
f 127/86/213 133/91/214 132/90/212 124/84/178 
f 134/83/215 135/83/215 90/56/139 91/56/139 
f 135/83/215 134/83/215 136/92/216 137/92/216 
f 127/86/213 87/55/137 93/55/139 138/86/215 
f 133/91/214 127/86/213 138/86/215 139/91/216 
s 2
f 139/91/140 138/86/140 135/83/140 137/92/140 
f 93/55/140 90/56/140 135/83/140 138/86/140 
s 8
f 126/85/217 140/93/218 95/59/144 82/50/143 
f 129/88/219 141/94/220 140/93/218 126/85/217 
f 99/63/147 98/62/146 142/95/221 143/96/221 
f 143/96/221 142/95/221 144/97/222 145/93/223 
s 1
f 101/65/151 99/63/150 143/96/224 146/98/225 
f 146/98/225 143/96/224 145/93/226 147/99/227 
s 2
f 146/98/228 148/52/229 103/67/154 101/65/155 
f 147/99/230 149/100/231 148/52/229 146/98/228 
f 150/101/232 105/69/157 103/67/154 148/52/229 
f 149/100/231 151/102/233 150/101/232 148/52/229 
f 150/101/232 152/103/234 107/71/159 105/69/157 
f 151/102/233 153/104/235 152/103/234 150/101/232 
s 1
f 154/105/236 109/73/163 107/71/162 152/103/237 
f 153/104/238 155/106/239 154/105/236 152/103/237 
f 156/107/240 157/108/241 158/109/242 159/110/243 
f 160/111/244 161/112/245 162/113/246 163/114/247 
f 164/115/248 128/87/207 130/89/210 165/116/249 
f 166/92/250 167/117/251 168/107/252 169/110/253 
f 170/118/254 171/118/255 131/90/211 132/90/212 
s 2
f 157/108/256 156/107/257 171/118/258 165/116/259 
s 4
f 156/107/23 159/110/108 131/90/108 171/118/23 
s 2
f 158/109/260 130/89/261 131/90/262 159/110/263 
s 4
f 165/116/28 130/89/113 158/109/113 157/108/28 
s 2
f 160/111/264 163/114/265 164/115/266 172/119/267 
s 4
f 128/87/108 164/115/23 163/114/23 162/113/108 
s 2
f 128/87/268 162/113/269 161/112/270 129/88/271 
s 4
f 172/119/28 129/88/113 161/112/113 160/111/28 
s 2
f 133/91/108 173/120/23 167/117/23 166/92/108 
s 4
f 133/91/272 166/92/273 169/110/274 132/90/275 
s 2
f 170/118/28 132/90/113 169/110/113 168/107/28 
s 4
f 173/120/276 170/118/277 168/107/278 167/117/279 
s 1
f 174/121/280 172/119/281 164/115/248 175/122/282 
f 176/123/283 175/122/282 164/115/248 165/116/249 
f 165/116/249 171/118/255 177/124/284 176/123/283 
f 171/118/255 170/118/254 178/124/285 177/124/284 
f 173/120/286 179/125/287 178/124/285 170/118/254 
f 136/92/216 180/117/288 181/117/288 137/92/216 
f 181/117/288 180/117/288 182/126/289 183/127/289 
f 133/91/214 139/91/216 184/120/288 173/120/286 
f 185/125/289 179/125/287 173/120/286 184/120/288 
s 2
f 185/125/140 184/120/140 181/117/140 183/127/140 
f 137/92/140 181/117/140 184/120/140 139/91/140 
s 8
f 172/119/290 186/128/291 141/94/220 129/88/219 
f 172/119/290 174/121/292 187/129/293 186/128/291 
f 188/130/294 189/131/294 145/93/223 144/97/222 
f 189/131/294 188/130/294 190/132/295 191/133/295 
s 1
f 192/134/296 147/99/227 145/93/226 189/131/297 
f 193/135/298 192/134/296 189/131/297 191/133/299 
s 2
f 192/134/300 194/136/301 149/100/231 147/99/230 
f 192/134/300 193/135/302 195/137/303 194/136/301 
f 194/136/301 196/138/304 151/102/233 149/100/231 
f 196/138/304 194/136/301 195/137/303 197/139/305 
f 196/138/304 198/140/306 153/104/235 151/102/233 
f 197/139/305 199/141/307 198/140/306 196/138/304 
s 1
f 198/140/308 200/142/309 155/106/239 153/104/238 
f 198/140/308 199/141/310 201/143/311 200/142/309 
f 202/144/312 203/145/313 204/146/314 205/147/315 
f 206/148/316 207/149/317 208/150/318 209/151/319 
f 210/152/320 175/122/282 176/123/283 211/153/321 
f 212/146/322 213/145/323 214/126/324 215/154/325 
f 216/155/326 217/155/327 177/124/284 178/124/285 
s 2
f 205/147/328 204/146/329 217/155/330 211/153/331 
s 4
f 203/145/184 177/124/184 217/155/185 204/146/185 
s 2
f 177/124/332 203/145/333 202/144/334 176/123/335 
s 4
f 211/153/37 176/123/190 202/144/190 205/147/37 
s 2
f 208/150/336 207/149/337 210/152/338 218/156/339 
s 4
f 207/149/23 206/148/184 175/122/184 210/152/185 
s 2
f 175/122/340 206/148/341 209/151/342 174/121/343 
s 4
f 209/151/190 208/150/37 218/156/37 174/121/190 
s 2
f 179/125/184 219/157/185 215/154/23 214/126/184 
s 4
f 213/145/344 178/124/345 179/125/346 214/126/347 
s 2
f 178/124/190 213/145/190 212/146/37 216/155/37 
s 4
f 212/146/348 215/154/349 219/157/350 216/155/351 
s 1
f 220/158/352 218/156/353 210/152/320 221/159/354 
f 222/160/355 221/159/354 210/152/320 211/153/321 
f 211/153/321 217/155/327 223/161/356 222/160/355 
f 217/155/327 216/155/326 224/161/357 223/161/356 
f 219/157/358 225/162/359 224/161/357 216/155/326 
f 226/163/360 227/163/360 183/127/289 182/126/289 
f 228/164/361 229/164/361 227/163/360 226/163/360 
f 230/165/360 219/157/358 179/125/287 185/125/289 
f 219/157/358 230/165/360 231/162/361 225/162/359 
s 2
f 231/162/140 230/165/140 227/163/140 229/164/140 
f 227/163/140 230/165/140 185/125/140 183/127/140 
s 8
f 218/156/362 232/166/363 187/129/293 174/121/292 
f 232/166/363 218/156/362 220/158/364 233/167/365 
f 191/133/295 190/132/295 234/168/366 235/169/366 
f 234/168/366 236/170/367 237/171/367 235/169/366 
s 1
f 235/169/368 238/172/369 193/135/298 191/133/299 
f 235/169/368 237/171/370 239/173/371 238/172/369 
s 2
f 238/172/372 240/174/373 195/137/303 193/135/302 
f 238/172/372 239/173/374 241/175/375 240/174/373 
f 240/174/373 242/176/376 197/139/305 195/137/303 
f 242/176/376 240/174/373 241/175/375 243/177/377 
f 199/141/307 197/139/305 242/176/376 244/119/378 
f 244/119/378 242/176/376 243/177/377 245/178/379 
s 1
f 201/143/311 199/141/310 244/119/380 246/179/381 
f 244/119/380 245/178/382 247/180/383 246/179/381 
f 248/181/384 249/182/385 250/183/386 251/184/387 
f 252/185/388 253/186/389 254/187/390 255/188/391 
f 222/160/355 256/189/392 257/190/393 221/159/354 
f 258/181/394 259/184/395 260/191/396 261/192/397 
f 262/193/398 263/193/399 223/161/356 224/161/357 
s 2
f 249/182/400 248/181/401 263/193/402 256/189/403 
s 4
f 251/184/23 223/161/23 263/193/185 248/181/185 
s 2
f 223/161/404 251/184/405 250/183/406 222/160/407 
s 4
f 250/183/113 249/182/28 256/189/28 222/160/113 
s 2
f 254/187/408 253/186/409 257/190/410 264/194/411 
s 4
f 253/186/23 252/185/108 221/159/108 257/190/23 
s 2
f 221/159/412 252/185/413 255/188/414 220/158/415 
s 4
f 255/188/113 254/187/28 264/194/28 220/158/113 
s 2
f 225/162/23 265/195/23 261/192/23 260/191/23 
s 4
f 225/162/416 260/191/417 259/184/418 224/161/419 
s 2
f 262/193/28 224/161/28 259/184/113 258/181/28 
s 4
f 265/195/420 262/193/421 258/181/422 261/192/423 
s 1
f 257/190/393 266/196/424 267/197/425 264/194/426 
f 266/196/424 257/190/393 256/189/392 268/198/427 
f 256/189/392 263/193/399 269/199/428 268/198/427 
f 270/199/429 269/199/428 263/193/399 262/193/398 
f 265/195/430 271/200/431 270/199/429 262/193/398 
f 272/201/432 273/201/432 229/164/361 228/164/361 
f 273/201/432 272/201/432 274/196/433 275/196/433 
f 276/195/432 265/195/430 225/162/359 231/162/361 
f 271/200/431 265/195/430 276/195/432 277/200/433 
s 2
f 277/200/140 276/195/140 273/201/140 275/196/140 
f 231/162/140 229/164/140 273/201/140 276/195/140 
s 8
f 233/167/365 220/158/364 264/194/434 278/202/435 
f 264/194/434 267/197/436 279/203/437 278/202/435 
f 237/171/367 236/170/367 280/204/438 281/205/438 
f 282/206/439 283/207/440 281/205/438 280/204/438 
s 1
f 284/208/441 239/173/371 237/171/370 281/205/442 
f 285/209/443 284/208/441 281/205/442 283/207/444 
s 2
f 284/208/445 286/210/446 241/175/375 239/173/374 
f 286/210/446 284/208/445 285/209/447 287/211/448 
f 243/177/377 241/175/375 286/210/446 288/212/449 
f 286/210/446 287/211/448 289/148/450 288/212/449 
f 288/212/449 290/115/451 245/178/379 243/177/377 
f 288/212/449 289/148/450 291/213/452 290/115/451 
s 1
f 247/180/383 245/178/382 290/115/453 292/214/454 
f 292/214/454 290/115/453 291/213/455 293/127/456 
f 294/215/457 295/216/458 296/217/459 297/218/460 
f 298/219/461 299/220/462 300/221/463 301/222/464 
f 302/223/465 266/196/424 268/198/427 303/224/466 
f 304/196/467 305/225/468 306/217/469 307/216/470 
f 270/199/429 308/226/471 309/226/472 269/199/428 
s 2
f 297/218/473 296/217/474 309/226/475 303/224/476 
s 4
f 269/199/184 309/226/185 296/217/23 295/216/184 
s 2
f 269/199/477 295/216/478 294/215/479 268/198/480 
s 4
f 297/218/37 303/224/37 268/198/37 294/215/37 
s 2
f 298/219/481 301/222/482 302/223/483 310/227/484 
s 4
f 266/196/23 302/223/23 301/222/23 300/221/23 
s 2
f 299/220/485 267/197/486 266/196/487 300/221/488 
s 4
f 267/197/190 299/220/190 298/219/37 310/227/37 
s 2
f 271/200/184 311/228/185 305/225/185 304/196/184 
s 4
f 307/216/489 270/199/490 271/200/491 304/196/492 
s 2
f 308/226/28 270/199/28 307/216/28 306/217/28 
s 4
f 311/228/493 308/226/494 306/217/495 305/225/496 
s 1
f 312/229/497 310/227/498 302/223/465 313/230/499 
f 314/231/500 313/230/499 302/223/465 303/224/466 
f 315/232/501 314/231/500 303/224/466 309/226/472 
f 309/226/472 308/226/471 316/232/502 315/232/501 
f 311/228/503 317/233/504 316/232/502 308/226/471 
f 275/196/433 274/196/433 318/234/505 319/234/505 
f 319/234/505 318/234/505 320/235/506 321/235/506 
f 271/200/431 277/200/433 322/228/505 311/228/503 
f 311/228/503 322/228/505 323/233/506 317/233/504 
s 2
f 323/233/140 322/228/140 319/234/140 321/235/140 
f 277/200/140 275/196/140 319/234/140 322/228/140 
s 8
f 324/236/507 279/203/437 267/197/436 310/227/508 
f 310/227/508 312/229/509 325/237/510 324/236/507 
f 326/238/511 327/239/511 283/207/440 282/206/439 
f 327/239/511 326/238/511 328/240/512 329/241/512 
s 1
f 330/242/513 285/209/443 283/207/444 327/239/514 
f 331/243/515 330/242/513 327/239/514 329/241/516 
s 2
f 330/242/517 332/244/518 287/211/448 285/209/447 
f 332/244/518 330/242/517 331/243/519 333/187/520 
f 289/148/450 287/211/448 332/244/518 334/245/521 
f 335/246/522 334/245/521 332/244/518 333/187/520 
f 334/245/521 336/207/523 291/213/452 289/148/450 
f 335/246/522 337/247/524 336/207/523 334/245/521 
s 1
f 336/207/525 338/248/526 293/127/456 291/213/455 
f 339/249/527 338/248/526 336/207/525 337/247/528 
f 340/250/529 341/251/530 342/252/531 343/253/532 
f 344/235/533 345/254/534 346/255/535 347/256/536 
f 313/230/499 314/231/500 348/257/537 349/258/538 
f 350/252/539 351/251/540 352/259/541 353/260/542 
f 315/232/501 316/232/502 354/261/543 355/261/544 
s 2
f 355/261/545 348/257/546 343/253/547 342/252/548 
s 4
f 355/261/23 342/252/185 341/251/23 315/232/23 
s 2
f 340/250/549 314/231/550 315/232/551 341/251/552 
s 4
f 343/253/28 348/257/140 314/231/113 340/250/113 
s 2
f 346/255/553 345/254/554 349/258/555 356/262/556 
s 4
f 349/258/23 345/254/23 344/235/23 313/230/23 
s 2
f 347/256/557 312/229/558 313/230/559 344/235/560 
s 4
f 356/262/28 312/229/113 347/256/113 346/255/28 
s 2
f 317/233/23 357/263/23 353/260/185 352/259/23 
s 4
f 351/251/561 316/232/562 317/233/563 352/259/564 
s 2
f 354/261/28 316/232/28 351/251/28 350/252/28 
s 4
f 350/252/565 353/260/566 357/263/567 354/261/568 
s 1
f 358/264/569 356/262/570 349/258/538 359/265/571 
f 359/265/571 349/258/538 348/257/537 360/266/572 
f 348/257/537 355/261/544 361/267/573 360/266/572 
f 355/261/544 354/261/543 362/267/574 361/267/573 
f 357/263/575 363/268/576 362/267/574 354/261/543 
f 364/269/577 365/269/577 321/235/506 320/235/506 
f 366/270/578 367/270/578 365/269/577 364/269/577 
f 317/233/504 323/233/506 368/263/577 357/263/575 
f 363/268/576 357/263/575 368/263/577 369/268/579 
s 2
f 369/268/140 368/263/140 365/269/140 367/270/140 
f 365/269/140 368/263/140 323/233/140 321/235/140 
s 8
f 312/229/509 356/262/580 370/271/581 325/237/510 
f 370/271/581 356/262/580 358/264/582 371/272/583 
f 329/241/512 328/240/512 372/273/584 373/274/584 
f 372/273/584 374/275/585 375/276/585 373/274/584 
s 1
f 373/274/586 376/277/587 331/243/515 329/241/516 
f 373/274/586 375/276/588 377/278/589 376/277/587 
s 2
f 378/216/590 333/187/520 331/243/519 376/277/591 
f 377/278/592 379/279/593 378/216/590 376/277/591 
f 335/246/522 333/187/520 378/216/590 380/280/594 
f 379/279/593 381/281/595 380/280/594 378/216/590 
f 380/280/594 382/282/596 337/247/524 335/246/522 
f 381/281/595 383/283/597 382/282/596 380/280/594 
s 1
f 384/284/598 339/249/527 337/247/528 382/282/599 
f 385/285/600 384/284/598 382/282/599 383/283/601 
f 386/286/602 387/287/603 388/288/604 389/289/605 
f 390/290/606 391/291/607 392/292/608 393/293/609 
f 360/266/572 394/294/610 395/295/611 359/265/571 
f 396/296/612 397/297/613 398/298/614 399/287/615 
f 400/299/616 361/267/573 362/267/574 401/299/617 
s 2
f 400/299/618 394/294/619 389/289/620 388/288/621 
s 4
f 361/267/184 400/299/185 388/288/23 387/287/184 
s 2
f 361/267/622 387/287/623 386/286/624 360/266/625 
s 4
f 394/294/37 360/266/190 386/286/190 389/289/37 
s 2
f 395/295/626 402/300/627 392/292/628 391/291/629 
s 4
f 359/265/184 395/295/185 391/291/23 390/290/184 
s 2
f 359/265/630 390/290/631 393/293/632 358/264/633 
s 4
f 392/292/37 402/300/37 358/264/190 393/293/190 
s 2
f 397/297/23 396/296/184 363/268/184 403/301/185 
s 4
f 399/287/634 362/267/635 363/268/636 396/296/637 
s 2
f 398/298/37 401/299/37 362/267/190 399/287/190 
s 4
f 403/301/638 401/299/639 398/298/640 397/297/641 
s 1
f 395/295/611 404/302/642 405/303/643 402/300/644 
f 406/304/645 404/302/642 395/295/611 394/294/610 
f 407/305/646 406/304/645 394/294/610 400/299/616 
f 407/305/646 400/299/616 401/299/617 408/305/647 
f 408/305/647 401/299/617 403/301/648 409/306/649 
f 410/307/650 411/307/650 367/270/578 366/270/578 
f 412/308/651 413/308/651 411/307/650 410/307/650 
f 369/268/579 414/301/650 403/301/648 363/268/576 
f 414/301/650 415/306/651 409/306/649 403/301/648 
s 2
f 415/306/140 414/301/140 411/307/140 413/308/140 
f 369/268/140 367/270/140 411/307/140 414/301/140 
s 8
f 402/300/652 416/231/653 371/272/583 358/264/582 
f 402/300/652 405/303/654 417/309/655 416/231/653 
f 418/310/656 419/311/656 375/276/585 374/275/585 
f 419/311/656 418/310/656 420/312/657 421/313/657 
s 1
f 419/311/658 422/314/659 377/278/589 375/276/588 
f 419/311/658 421/313/660 423/315/661 422/314/659 
s 2
f 424/316/662 379/279/593 377/278/592 422/314/663 
f 424/316/662 422/314/663 423/315/664 425/317/665 
f 424/316/662 426/277/666 381/281/595 379/279/593 
f 426/277/666 424/316/662 425/317/665 427/318/667 
f 426/277/666 428/319/668 383/283/597 381/281/595 
f 429/320/669 428/319/668 426/277/666 427/318/667 
s 1
f 428/319/670 430/321/671 385/285/600 383/283/601 
f 431/322/672 430/321/671 428/319/670 429/320/673 
f 432/323/674 433/324/675 434/325/676 435/326/677 
f 436/327/678 437/328/679 438/306/680 439/329/681 
f 440/330/682 441/331/683 404/302/642 406/304/645 
f 442/325/684 443/324/685 444/308/686 445/332/687 
f 408/305/647 446/333/688 447/333/689 407/305/646 
s 2
f 435/326/690 434/325/691 447/333/692 440/330/693 
s 4
f 434/325/23 433/324/23 407/305/23 447/333/23 
s 2
f 407/305/694 433/324/695 432/323/696 406/304/697 
s 4
f 435/326/28 440/330/28 406/304/28 432/323/28 
s 2
f 436/327/698 439/329/699 441/331/700 448/334/701 
s 4
f 439/329/23 438/306/23 404/302/23 441/331/23 
s 2
f 437/328/702 405/303/703 404/302/704 438/306/705 
s 4
f 436/327/28 448/334/28 405/303/113 437/328/113 
s 2
f 409/306/23 449/335/23 445/332/23 444/308/23 
s 4
f 443/324/706 408/305/707 409/306/708 444/308/709 
s 2
f 408/305/28 443/324/28 442/325/28 446/333/28 
s 4
f 449/335/710 446/333/711 442/325/712 445/332/713 
s 1
f 450/336/714 448/334/715 441/331/683 451/337/716 
f 451/337/716 441/331/683 440/330/682 452/338/717 
f 440/330/682 447/333/689 453/339/718 452/338/717 
f 447/333/689 446/333/688 454/339/719 453/339/718 
f 454/339/719 446/333/688 449/335/720 455/340/721 
f 456/332/722 413/308/651 412/308/651 457/332/722 
f 457/332/722 458/341/723 459/341/723 456/332/722 
f 460/335/722 449/335/720 409/306/649 415/306/651 
f 449/335/720 460/335/722 461/340/723 455/340/721 
s 2
f 461/340/140 460/335/140 456/332/140 459/341/140 
f 415/306/140 413/308/140 456/332/140 460/335/140 
s 8
f 448/334/724 462/342/725 417/309/655 405/303/654 
f 463/343/726 462/342/725 448/334/724 450/336/727 
f 421/313/657 420/312/657 464/344/728 465/345/729 
f 466/346/730 465/345/729 464/344/728 467/347/730 
s 1
f 468/348/731 423/315/661 421/313/660 465/345/732 
f 468/348/731 465/345/732 466/346/733 469/262/734 
s 2
f 425/317/665 423/315/664 468/348/735 470/349/736 
f 470/349/736 468/348/735 469/262/737 471/350/738 
f 472/351/739 427/318/667 425/317/665 470/349/736 
f 473/256/740 472/351/739 470/349/736 471/350/738 
f 474/352/741 429/320/669 427/318/667 472/351/739 
f 474/352/741 472/351/739 473/256/740 475/353/742 
s 1
f 474/352/743 476/354/744 431/322/672 429/320/673 
f 475/353/745 477/355/746 476/354/744 474/352/743 
f 478/356/747 479/357/748 480/358/749 481/326/750 
f 482/359/751 483/360/752 484/361/753 485/362/754 
f 486/363/755 487/364/756 451/337/716 452/338/717 
f 488/365/757 489/366/758 490/356/759 491/326/760 
f 454/339/719 492/367/761 493/367/762 453/339/718 
s 2
f 479/357/763 478/356/764 493/367/765 486/363/766 
s 4
f 481/326/23 453/339/23 493/367/23 478/356/23 
s 2
f 453/339/767 481/326/768 480/358/769 452/338/770 
s 4
f 480/358/37 479/357/37 486/363/28 452/338/37 
s 2
f 487/364/771 494/306/772 482/359/773 485/362/774 
s 4
f 484/361/185 451/337/185 487/364/185 485/362/23 
s 2
f 451/337/775 484/361/776 483/360/777 450/336/778 
s 4
f 450/336/190 483/360/190 482/359/37 494/306/37 
s 2
f 455/340/185 495/368/185 489/366/23 488/365/185 
s 4
f 491/326/779 454/339/780 455/340/781 488/365/782 
s 2
f 490/356/37 492/367/28 454/339/37 491/326/37 
s 4
f 495/368/783 492/367/784 490/356/785 489/366/786 
s 1
f 496/369/787 494/306/788 487/364/756 497/370/789 
f 487/364/756 486/363/755 498/371/790 497/370/789 
f 499/372/791 498/371/790 486/363/755 493/367/762 
f 492/367/761 500/372/792 499/372/791 493/367/762 
f 500/372/792 492/367/761 495/368/793 501/373/794 
f 502/374/795 459/341/723 458/341/723 503/374/795 
f 502/374/795 503/374/795 504/375/796 505/375/796 
f 455/340/721 461/340/723 506/368/795 495/368/793 
f 507/373/796 501/373/794 495/368/793 506/368/795 
s 2
f 507/373/140 506/368/140 502/374/140 505/375/140 
f 502/374/140 506/368/140 461/340/140 459/341/140 
s 8
f 508/376/797 463/343/726 450/336/727 494/306/798 
f 509/377/799 508/376/797 494/306/798 496/369/800 
f 467/347/730 510/378/801 511/379/801 466/346/730 
f 512/380/802 513/381/803 511/379/801 510/378/801 
s 1
f 514/382/804 469/262/734 466/346/733 511/379/805 
f 513/381/806 515/383/807 514/382/804 511/379/805 
s 2
f 514/382/808 516/384/809 471/350/738 469/262/737 
f 515/383/810 517/385/811 516/384/809 514/382/808 
f 471/350/738 516/384/809 518/386/812 473/256/740 
f 518/386/812 516/384/809 517/385/811 519/217/813 
f 520/387/814 475/353/742 473/256/740 518/386/812 
f 521/388/815 520/387/814 518/386/812 519/217/813 
s 1
f 520/387/816 522/389/817 477/355/746 475/353/745 
f 521/388/818 523/390/819 522/389/817 520/387/816 
f 524/391/820 525/392/821 526/393/822 527/394/823 
f 528/395/824 529/396/825 530/397/826 531/398/827 
f 497/370/789 498/371/790 532/399/828 533/400/829 
f 534/391/830 535/401/831 536/402/832 537/403/833 
f 500/372/792 538/404/834 539/404/835 499/372/791 
s 2
f 525/392/836 524/391/837 539/404/838 532/399/839 
s 4
f 499/372/23 539/404/23 524/391/23 527/394/23 
s 2
f 499/372/840 527/394/841 526/393/842 498/371/843 
s 4
f 526/393/28 525/392/28 532/399/28 498/371/28 
s 2
f 528/395/844 531/398/845 533/400/846 540/405/847 
s 4
f 497/370/23 533/400/23 531/398/23 530/397/23 
s 2
f 497/370/848 530/397/849 529/396/850 496/369/851 
s 4
f 529/396/852 528/395/28 540/405/28 496/369/28 
s 2
f 501/373/23 541/406/23 537/403/23 536/402/23 
s 4
f 501/373/853 536/402/854 535/401/855 500/372/856 
s 2
f 538/404/28 500/372/28 535/401/28 534/391/28 
s 4
f 541/406/857 538/404/858 534/391/859 537/403/860 
s 1
f 542/407/861 540/405/862 533/400/829 543/408/863 
f 543/408/863 533/400/829 532/399/828 544/409/864 
f 532/399/828 539/404/835 545/410/865 544/409/864 
f 538/404/834 546/410/866 545/410/865 539/404/835 
f 546/410/866 538/404/834 541/406/867 547/411/868 
f 548/412/869 549/412/869 505/375/796 504/375/796 
f 549/412/869 548/412/869 550/413/870 551/413/870 
f 552/406/869 541/406/867 501/373/794 507/373/796 
f 553/411/870 547/411/868 541/406/867 552/406/869 
s 2
f 551/413/140 553/411/140 552/406/140 549/412/140 
f 507/373/140 505/375/140 549/412/140 552/406/140 
s 8
f 540/405/871 554/414/872 509/377/799 496/369/800 
f 554/414/872 540/405/871 542/407/873 555/415/874 
f 512/380/802 556/253/875 557/416/875 513/381/803 
f 558/417/876 557/416/875 556/253/875 559/269/876 
s 1
f 557/416/877 560/418/878 515/383/807 513/381/806 
f 558/417/879 561/419/880 560/418/878 557/416/877 
s 2
f 560/418/881 562/420/882 517/385/811 515/383/810 
f 562/420/882 560/418/881 561/419/883 563/261/884 
f 519/217/813 517/385/811 562/420/882 564/421/885 
f 562/420/882 563/261/884 565/422/886 564/421/885 
f 519/217/813 564/421/885 566/423/887 521/388/815 
f 566/423/887 564/421/885 565/422/886 567/424/888 
s 1
f 568/425/889 523/390/819 521/388/818 566/423/890 
f 566/423/890 567/424/891 569/426/892 568/425/889 
f 570/427/893 571/428/894 572/429/895 573/430/896 
f 574/326/897 575/431/898 576/432/899 577/433/900 
f 543/408/863 544/409/864 578/434/901 579/366/902 
f 580/427/903 581/430/904 582/435/905 583/436/906 
f 584/437/907 545/410/865 546/410/866 585/437/908 
s 2
f 571/428/909 570/427/910 584/437/911 578/434/912 
s 4
f 545/410/185 584/437/185 570/427/23 573/430/185 
s 2
f 572/429/913 544/409/914 545/410/915 573/430/916 
s 4
f 572/429/37 571/428/37 578/434/28 544/409/37 
s 2
f 574/326/917 577/433/918 579/366/919 586/438/920 
s 4
f 543/408/185 579/366/185 577/433/23 576/432/185 
s 2
f 543/408/921 576/432/922 575/431/923 542/407/924 
s 4
f 575/431/190 574/326/37 586/438/28 542/407/190 
s 2
f 587/439/185 583/436/23 582/435/185 547/411/185 
s 4
f 547/411/925 582/435/926 581/430/927 546/410/928 
s 2
f 585/437/28 546/410/37 581/430/37 580/427/37 
s 4
f 587/439/929 585/437/930 580/427/931 583/436/932 
s 1
f 579/366/902 588/440/933 589/441/934 586/438/935 
f 579/366/902 578/434/901 590/442/936 588/440/933 
f 591/443/937 590/442/936 578/434/901 584/437/907 
f 592/443/938 591/443/937 584/437/907 585/437/908 
f 587/439/939 593/444/940 592/443/938 585/437/908 
f 594/445/941 551/413/870 550/413/870 595/445/941 
f 595/445/941 596/445/942 597/445/943 594/445/941 
f 547/411/868 553/411/870 598/439/941 587/439/939 
f 599/444/942 593/444/940 587/439/939 598/439/941 
s 2
f 597/445/190 599/444/140 598/439/140 594/445/140 
f 594/445/140 598/439/140 553/411/140 551/413/140 
s 8
f 555/415/874 542/407/873 586/438/944 600/446/945 
f 586/438/944 589/441/946 601/447/947 600/446/945 
f 558/417/876 559/269/876 602/448/948 603/449/949 
f 604/450/950 605/451/951 603/449/949 602/448/948 
s 1
f 606/452/952 561/419/880 558/417/879 603/449/953 
f 607/453/954 606/452/952 603/449/953 605/451/955 
s 2
f 563/261/884 561/419/883 606/452/956 608/454/957 
f 606/452/956 607/453/958 609/417/959 608/454/957 
f 565/422/886 563/261/884 608/454/957 610/455/960 
f 610/455/960 608/454/957 609/417/959 611/456/961 
f 567/424/888 565/422/886 610/455/960 612/457/962 
f 610/455/960 611/456/961 613/458/963 612/457/962 
s 1
f 569/426/892 567/424/891 612/457/964 614/459/965 
f 614/459/965 612/457/964 613/458/966 615/460/967 
f 616/461/968 617/442/969 618/462/970 619/463/971 
f 620/464/972 621/465/973 622/337/974 623/466/975 
f 590/442/936 624/467/976 625/468/977 588/440/933 
f 626/445/978 627/427/979 628/461/980 629/463/981 
f 630/469/982 591/443/937 592/443/938 631/469/983 
s 2
f 617/442/984 616/461/985 630/469/986 624/467/987 
s 4
f 616/461/23 619/463/23 591/443/988 630/469/23 
s 2
f 591/443/989 619/463/990 618/462/991 590/442/992 
s 4
f 617/442/28 624/467/37 590/442/28 618/462/28 
s 2
f 625/468/993 632/470/994 622/337/995 621/465/996 
s 4
f 588/440/988 625/468/23 621/465/23 620/464/988 
s 2
f 588/440/997 620/464/998 623/466/999 589/441/1000 
s 4
f 589/441/852 623/466/852 622/337/140 632/470/190 
s 2
f 593/444/988 633/430/23 627/427/23 626/445/988 
s 4
f 629/463/1001 592/443/1002 593/444/1003 626/445/1004 
s 2
f 592/443/28 629/463/28 628/461/28 631/469/37 
s 4
f 633/430/1005 631/469/1006 628/461/1007 627/427/1008 
s 1
f 634/471/1009 632/470/1010 625/468/977 635/393/1011 
f 635/393/1011 625/468/977 624/467/976 636/472/1012 
f 624/467/976 630/469/982 637/473/1013 636/472/1012 
f 630/469/982 631/469/983 638/473/1014 637/473/1013 
f 638/473/1014 631/469/983 633/430/1015 639/474/1016 
f 597/445/943 596/445/942 640/475/1017 641/475/1017 
f 641/475/1017 640/475/1017 642/476/1018 643/476/1018 
f 644/430/1017 633/430/1015 593/444/940 599/444/942 
f 639/474/1016 633/430/1015 644/430/1017 645/474/1018 
s 2
f 644/430/190 641/475/190 643/476/190 645/474/190 
f 641/475/190 644/430/190 599/444/140 597/445/190 
s 8
f 646/477/1019 601/447/947 589/441/946 632/470/1020 
f 647/478/1021 646/477/1019 632/470/1020 634/471/1022 
f 605/451/951 604/450/950 648/479/1023 649/480/1023 
f 649/480/1023 648/479/1023 650/481/1024 651/453/1025 
s 1
f 652/482/1026 607/453/954 605/451/955 649/480/1027 
f 651/453/1028 653/483/1029 652/482/1026 649/480/1027 
s 2
f 609/417/959 607/453/958 652/482/1030 654/484/1031 
f 652/482/1030 653/483/1032 655/485/1033 654/484/1031 
f 609/417/959 654/484/1031 656/348/1034 611/456/961 
f 656/348/1034 654/484/1031 655/485/1033 657/486/1035 
f 656/348/1034 658/487/1036 613/458/963 611/456/961 
f 658/487/1036 656/348/1034 657/486/1035 659/488/1037 
s 1
f 660/489/1038 615/460/967 613/458/966 658/487/1039 
f 660/489/1038 658/487/1039 659/488/1040 661/386/1041 
f 662/490/1042 663/491/1043 664/409/1044 665/492/1045 
f 666/493/1046 667/494/1047 668/495/1048 669/438/1049 
f 670/496/1050 635/393/1011 636/472/1012 671/497/1051 
f 672/490/1052 673/492/1053 674/498/1054 675/499/1055 
f 676/392/1056 677/392/1057 637/473/1013 638/473/1014 
s 2
f 663/491/1058 662/490/1059 677/392/1060 671/497/1061 
s 4
f 665/492/185 637/473/185 677/392/23 662/490/23 
s 2
f 637/473/1062 665/492/1063 664/409/1064 636/472/1065 
s 4
f 671/497/28 636/472/28 664/409/28 663/491/28 
s 2
f 668/495/1066 667/494/1067 670/496/1068 678/500/1069 
s 4
f 667/494/23 666/493/185 635/393/185 670/496/185 
s 2
f 669/438/1070 634/471/1071 635/393/1072 666/493/1073 
s 4
f 678/500/28 634/471/37 669/438/37 668/495/37 
s 2
f 639/474/185 679/501/185 675/499/23 674/498/185 
s 4
f 673/492/1074 638/473/1075 639/474/1076 674/498/1077 
s 2
f 638/473/37 673/492/37 672/490/28 676/392/28 
s 4
f 672/490/1078 675/499/1079 679/501/1080 676/392/1081 
s 1
f 680/502/1082 678/500/1083 670/496/1050 681/503/1084 
f 682/504/1085 681/503/1084 670/496/1050 671/497/1051 
f 671/497/1051 677/392/1057 683/366/1086 682/504/1085 
f 677/392/1057 676/392/1056 684/366/1087 683/366/1086 
f 684/366/1087 676/392/1056 679/501/1088 685/505/1089 
f 643/476/1018 642/476/1018 686/499/1090 687/499/1090 
f 686/499/1090 688/392/1091 689/392/1091 687/499/1090 
f 690/501/1090 679/501/1088 639/474/1016 645/474/1018 
f 685/505/1089 679/501/1088 690/501/1090 691/505/1091 
s 2
f 689/392/190 691/505/190 690/501/190 687/499/190 
f 690/501/190 645/474/190 643/476/190 687/499/190 
s 8
f 634/471/1022 678/500/1092 692/506/1093 647/478/1021 
f 678/500/1092 680/502/1094 693/334/1095 692/506/1093 
f 651/453/1025 650/481/1024 694/507/1096 695/508/1096 
f 695/508/1096 694/507/1096 696/509/1097 697/510/1098 
s 1
f 695/508/1099 698/510/1100 653/483/1029 651/453/1028 
f 699/511/1101 698/510/1100 695/508/1099 697/510/1102 
s 2
f 655/485/1033 653/483/1032 698/510/1103 700/512/1104 
f 701/513/1105 700/512/1104 698/510/1103 699/511/1106 
f 655/485/1033 700/512/1104 702/514/1107 657/486/1035 
f 703/515/1108 702/514/1107 700/512/1104 701/513/1105 
f 702/514/1107 704/516/1109 659/488/1037 657/486/1035 
f 705/517/1110 704/516/1109 702/514/1107 703/515/1108 
s 1
f 661/386/1041 659/488/1040 704/516/1111 706/518/1112 
f 706/518/1112 704/516/1111 705/517/1113 707/519/1114 
f 708/520/1115 709/521/1116 710/522/1117 711/523/1118 
f 712/524/1119 713/525/1120 714/526/1121 715/527/1122 
f 682/504/1085 716/528/1123 717/529/1124 681/503/1084 
f 718/530/1125 719/531/1126 720/520/1127 721/523/1128 
f 722/532/1129 723/532/1130 683/366/1086 684/366/1087 
s 2
f 723/532/1131 716/528/1132 709/521/1133 708/520/1134 
s 4
f 708/520/23 711/523/988 683/366/988 723/532/23 
s 2
f 710/522/1135 682/504/1136 683/366/1137 711/523/1138 
s 4
f 716/528/37 682/504/140 710/522/140 709/521/28 
s 2
f 712/524/1139 715/527/1140 717/529/1141 724/291/1142 
s 4
f 715/527/23 714/526/988 681/503/988 717/529/23 
s 2
f 713/525/1143 680/502/1144 681/503/1145 714/526/1146 
s 4
f 712/524/140 724/291/190 680/502/1147 713/525/1147 
s 2
f 719/531/23 718/530/988 685/505/988 725/533/23 
s 4
f 721/523/1148 684/366/1149 685/505/1150 718/530/1151 
s 2
f 720/520/140 722/532/37 684/366/140 721/523/140 
s 4
f 725/533/1152 722/532/1153 720/520/1154 719/531/1155 
s 1
f 726/534/1156 724/291/1157 717/529/1124 727/502/1158 
f 727/502/1158 717/529/1124 716/528/1123 728/535/1159 
f 729/536/1160 728/535/1159 716/528/1123 723/532/1130 
f 729/536/1160 723/532/1130 722/532/1129 730/536/1161 
f 730/536/1161 722/532/1129 725/533/1162 731/358/1163 
f 732/537/1164 689/392/1091 688/392/1091 733/537/1164 
f 733/537/1164 734/538/1165 735/538/1166 732/537/1164 
f 685/505/1089 691/505/1091 736/533/1164 725/533/1162 
f 736/533/1164 737/358/1165 731/358/1163 725/533/1162 
s 2
f 732/537/190 735/538/190 737/358/190 736/533/190 
f 689/392/190 732/537/190 736/533/190 691/505/190 
s 8
f 680/502/1094 724/291/1167 738/539/1168 693/334/1095 
f 738/539/1168 724/291/1167 726/534/1169 739/260/1170 
f 740/484/1171 741/540/1172 697/510/1098 696/509/1097 
f 741/540/1172 740/484/1171 742/261/1173 743/231/1174 
s 1
f 741/540/1175 744/541/1176 699/511/1101 697/510/1102 
f 741/540/1175 743/231/1177 745/233/1178 744/541/1176 
s 2
f 746/542/1179 701/513/1105 699/511/1106 744/541/1180 
f 746/542/1179 744/541/1180 745/233/1181 747/543/1182 
f 746/542/1179 748/544/1183 703/515/1108 701/513/1105 
f 746/542/1179 747/543/1182 749/545/1184 748/544/1183 
f 748/544/1183 750/546/1185 705/517/1110 703/515/1108 
f 748/544/1183 749/545/1184 751/547/1186 750/546/1185 
s 1
f 707/519/1114 705/517/1113 750/546/1187 752/548/1188 
f 753/549/1189 752/548/1188 750/546/1187 751/547/1190 
f 754/550/1191 755/551/1192 756/552/1193 757/553/1194 
f 758/554/1195 759/555/1196 760/556/1197 761/557/1198 
f 727/502/1158 728/535/1159 762/558/1199 763/559/1200 
f 764/552/1201 765/551/1202 766/560/1203 767/561/1204 
f 729/536/1160 730/536/1161 768/562/1205 769/562/1206 
s 2
f 757/553/1207 756/552/1208 769/562/1209 762/558/1210 
s 4
f 756/552/23 755/551/23 729/536/23 769/562/23 
s 2
f 754/550/1211 728/535/1212 729/536/1213 755/551/1214 
s 4
f 728/535/140 754/550/140 757/553/28 762/558/28 
s 2
f 758/554/1215 761/557/1216 763/559/1217 770/563/1218 
s 4
f 761/557/23 760/556/23 727/502/23 763/559/23 
s 2
f 727/502/1219 760/556/1220 759/555/1221 726/534/1222 
s 4
f 726/534/140 759/555/140 758/554/28 770/563/37 
s 2
f 731/358/23 771/564/23 767/561/23 766/560/23 
s 4
f 731/358/1223 766/560/1224 765/551/1225 730/536/1226 
s 2
f 768/562/37 730/536/28 765/551/28 764/552/28 
s 4
f 771/564/1227 768/562/1228 764/552/1229 767/561/1230 
s 1
f 772/565/1231 770/563/1232 763/559/1200 773/566/1233 
f 763/559/1200 762/558/1199 774/567/1234 773/566/1233 
f 775/568/1235 774/567/1234 762/558/1199 769/562/1206 
f 776/568/1236 775/568/1235 769/562/1206 768/562/1205 
f 776/568/1236 768/562/1205 771/564/1237 777/569/1238 
f 778/570/1239 735/538/1166 734/538/1165 779/570/1240 
f 779/570/1240 780/571/1241 781/571/1241 778/570/1239 
f 737/358/1165 782/564/1240 771/564/1237 731/358/1163 
f 777/569/1238 771/564/1237 782/564/1240 783/569/1241 
s 2
f 781/571/190 783/569/190 782/564/190 778/570/190 
f 737/358/190 735/538/190 778/570/190 782/564/190 
s 8
f 770/563/1242 784/484/1243 739/260/1170 726/534/1169 
f 770/563/1242 772/565/1244 785/572/1245 784/484/1243 
f 743/231/1174 742/261/1173 786/573/1246 787/421/1246 
f 788/574/1247 789/575/1248 787/421/1246 786/573/1246 
s 1
f 787/421/1249 790/576/1250 745/233/1178 743/231/1177 
f 790/576/1250 787/421/1249 789/575/1251 791/577/1252 
s 2
f 747/543/1182 745/233/1181 790/576/1253 792/578/1254 
f 790/576/1253 791/577/1255 793/579/1256 792/578/1254 
f 749/545/1184 747/543/1182 792/578/1254 794/580/1257 
f 794/580/1257 792/578/1254 793/579/1256 795/581/1258 
f 794/580/1257 796/276/1259 751/547/1186 749/545/1184 
f 796/276/1259 794/580/1257 795/581/1258 797/582/1260 
s 1
f 753/549/1189 751/547/1190 796/276/1261 798/583/1262 
f 798/583/1262 796/276/1261 797/582/1263 799/584/1264 
f 800/585/1265 801/550/1266 802/586/1267 803/587/1268 
f 804/588/1269 805/589/1270 806/590/1271 807/591/1272 
f 808/592/1273 773/566/1233 774/567/1234 809/593/1274 
f 810/594/1275 811/550/1276 812/571/1277 813/595/1278 
f 776/568/1236 814/596/1279 815/596/1280 775/568/1235 
s 2
f 815/596/1281 809/593/1282 803/587/1283 802/586/1284 
s 4
f 802/586/23 801/550/988 775/568/988 815/596/23 
s 2
f 800/585/1285 774/567/1286 775/568/1287 801/550/1288 
s 4
f 774/567/140 800/585/140 803/587/190 809/593/37 
s 2
f 808/592/1289 816/597/1290 804/588/1291 807/591/1292 
s 4
f 773/566/988 808/592/23 807/591/23 806/590/988 
s 2
f 773/566/1293 806/590/1294 805/589/1295 772/565/1296 
s 4
f 804/588/190 816/597/190 772/565/1147 805/589/1147 
s 2
f 813/595/23 812/571/988 777/569/988 817/598/23 
s 4
f 777/569/1297 812/571/1298 811/550/1299 776/568/1300 
s 2
f 814/596/37 776/568/140 811/550/140 810/594/140 
s 4
f 810/594/1301 813/595/1302 817/598/1303 814/596/1304 
s 1
f 818/599/1305 816/597/1306 808/592/1273 819/600/1307 
f 808/592/1273 809/593/1274 820/588/1308 819/600/1307 
f 821/601/1309 820/588/1308 809/593/1274 815/596/1280 
f 822/601/1310 821/601/1309 815/596/1280 814/596/1279 
f 817/598/1311 823/260/1312 822/601/1310 814/596/1279 
f 824/602/1313 781/571/1241 780/571/1241 825/602/1313 
f 826/603/1314 827/603/1314 824/602/1313 825/602/1313 
f 777/569/1238 783/569/1241 828/604/1313 817/598/1311 
f 823/260/1312 817/598/1311 828/604/1313 829/260/1314 
s 2
f 827/603/190 829/260/190 828/604/190 824/602/190 
f 783/569/190 781/571/190 824/602/190 828/604/190 
s 8
f 816/597/1315 830/605/1316 785/572/1245 772/565/1244 
f 816/597/1315 818/599/1317 831/606/1318 830/605/1316 
f 832/607/1319 833/608/1319 789/575/1248 788/574/1247 
f 834/518/1320 835/609/1320 833/608/1319 832/607/1319 
s 1
f 836/610/1321 791/577/1252 789/575/1251 833/608/1322 
f 837/611/1323 836/610/1321 833/608/1322 835/609/1324 
s 2
f 836/610/1325 838/198/1326 793/579/1256 791/577/1255 
f 836/610/1325 837/611/1327 839/612/1328 838/198/1326 
f 840/613/1329 795/581/1258 793/579/1256 838/198/1326 
f 841/181/1330 840/613/1329 838/198/1326 839/612/1328 
f 795/581/1258 840/613/1329 842/193/1331 797/582/1260 
f 842/193/1331 840/613/1329 841/181/1330 843/614/1332 
s 1
f 799/584/1264 797/582/1263 842/193/1333 844/615/1334 
f 842/193/1333 843/614/1335 845/616/1336 844/615/1334 
f 846/617/1337 847/618/1338 848/619/1339 849/299/1340 
f 850/620/1341 851/621/1342 852/622/1343 853/623/1344 
f 854/624/1345 855/625/1346 819/600/1307 820/588/1308 
f 856/617/1347 857/299/1348 858/450/1349 859/626/1350 
f 822/601/1310 860/627/1351 861/627/1352 821/601/1309 
s 2
f 861/627/1353 854/624/1354 847/618/1355 846/617/1356 
s 4
f 846/617/23 849/299/23 821/601/23 861/627/23 
s 2
f 848/619/1357 820/588/1358 821/601/1359 849/299/1360 
s 4
f 820/588/37 848/619/37 847/618/28 854/624/28 
s 2
f 855/625/1361 862/628/1362 850/620/1363 853/623/1364 
s 4
f 819/600/185 855/625/23 853/623/23 852/622/185 
s 2
f 851/621/1365 818/599/1366 819/600/1367 852/622/1368 
s 4
f 850/620/28 862/628/28 818/599/28 851/621/28 
s 2
f 823/260/185 863/250/185 859/626/23 858/450/185 
s 4
f 823/260/1369 858/450/1370 857/299/1371 822/601/1372 
s 2
f 856/617/28 860/627/28 822/601/37 857/299/37 
s 4
f 863/250/1373 860/627/1374 856/617/1375 859/626/1376 
s 1
f 864/629/1377 862/628/1378 855/625/1346 865/424/1379 
f 855/625/1346 854/624/1345 866/579/1380 865/424/1379 
f 854/624/1345 861/627/1352 867/513/1381 866/579/1380 
f 868/513/1382 867/513/1381 861/627/1352 860/627/1351 
f 868/513/1382 860/627/1351 863/250/1383 869/630/1384 
f 827/603/1314 826/603/1314 870/383/1385 871/383/1385 
f 870/383/1385 872/631/1386 873/631/1386 871/383/1385 
f 823/260/1312 829/260/1314 874/250/1385 863/250/1383 
f 869/630/1384 863/250/1383 874/250/1385 875/630/1386 
s 2
f 875/630/190 874/250/190 871/383/190 873/631/190 
f 829/260/190 827/603/190 871/383/190 874/250/190 
s 8
f 862/628/1387 876/215/1388 831/606/1318 818/599/1317 
f 877/353/1389 876/215/1388 862/628/1387 864/629/1390 
f 878/195/1391 879/632/1391 835/609/1320 834/518/1320 
f 879/632/1391 878/195/1391 880/633/1392 881/634/1392 
s 1
f 879/632/1393 882/635/1394 837/611/1323 835/609/1324 
f 882/635/1394 879/632/1393 881/634/1395 883/636/1396 
s 2
f 882/635/1397 884/637/1398 839/612/1328 837/611/1327 
f 882/635/1397 883/636/1399 885/638/1400 884/637/1398 
f 884/637/1398 886/639/1401 841/181/1330 839/612/1328 
f 886/639/1401 884/637/1398 885/638/1400 887/640/1402 
f 888/641/1403 843/614/1332 841/181/1330 886/639/1401 
f 886/639/1401 887/640/1402 889/642/1404 888/641/1403 
s 1
f 890/643/1405 845/616/1336 843/614/1335 888/641/1406 
f 888/641/1406 889/642/1407 891/644/1408 890/643/1405 
f 892/645/1409 893/279/1410 894/457/1411 895/646/1412 
f 896/647/1413 897/583/1414 898/318/1415 899/460/1416 
f 865/424/1379 866/579/1380 900/648/1417 901/649/1418 
f 902/645/1419 903/646/1420 904/631/1421 905/650/1422 
f 906/629/1423 867/513/1381 868/513/1382 907/629/1424 
s 2
f 893/279/1425 892/645/1426 906/629/1427 900/648/1428 
s 4
f 867/513/988 906/629/23 892/645/185 895/646/988 
s 2
f 867/513/1429 895/646/1430 894/457/1431 866/579/1432 
s 4
f 894/457/140 893/279/37 900/648/37 866/579/140 
s 2
f 901/649/1433 908/651/1434 898/318/1435 897/583/1436 
s 4
f 865/424/988 901/649/23 897/583/23 896/647/988 
s 2
f 865/424/1437 896/647/1438 899/460/1439 864/629/1440 
s 4
f 898/318/190 908/651/37 864/629/140 899/460/140 
s 2
f 905/650/185 904/631/988 869/630/988 909/275/23 
s 4
f 903/646/1441 868/513/1442 869/630/1443 904/631/1444 
s 2
f 868/513/140 903/646/140 902/645/190 907/629/37 
s 4
f 909/275/1445 907/629/1446 902/645/1447 905/650/1448 
s 1
f 910/236/1449 908/651/1450 901/649/1418 911/652/1451 
f 912/653/1452 911/652/1451 901/649/1418 900/648/1417 
f 913/654/1453 912/653/1452 900/648/1417 906/629/1423 
f 914/654/1454 913/654/1453 906/629/1423 907/629/1424 
f 909/275/1455 915/355/1456 914/654/1454 907/629/1424 
f 916/655/1457 917/655/1457 873/631/1386 872/631/1386 
f 918/353/1458 917/655/1457 916/655/1457 919/353/1458 
f 875/630/1386 920/275/1457 909/275/1455 869/630/1384 
f 920/275/1457 921/355/1458 915/355/1456 909/275/1455 
s 2
f 918/353/190 921/355/190 920/275/190 917/655/190 
f 875/630/190 873/631/190 917/655/190 920/275/190 
s 8
f 908/651/1459 922/638/1460 877/353/1389 864/629/1390 
f 923/656/1461 922/638/1460 908/651/1459 910/236/1462 
f 880/633/1392 924/657/1463 925/658/1463 881/634/1392 
f 924/657/1463 926/147/1464 927/659/1464 925/658/1463 
s 1
f 925/658/1465 928/660/1466 883/636/1396 881/634/1395 
f 925/658/1465 927/659/1467 929/661/1468 928/660/1466 
s 2
f 930/662/1469 885/638/1400 883/636/1399 928/660/1470 
f 928/660/1470 929/661/1471 931/663/1472 930/662/1469 
f 930/662/1469 932/664/1473 887/640/1402 885/638/1400 
f 931/663/1472 933/665/1474 932/664/1473 930/662/1469 
f 932/664/1473 934/666/1475 889/642/1404 887/640/1402 
f 933/665/1474 935/667/1476 934/666/1475 932/664/1473 
s 1
f 891/644/1408 889/642/1407 934/666/1477 936/668/1478 
f 936/668/1478 934/666/1477 935/667/1479 937/669/1480 
f 938/199/1481 939/670/1482 940/671/1483 941/672/1484 
f 942/673/1485 943/674/1486 944/675/1487 945/676/1488 
f 912/653/1452 946/677/1489 947/678/1490 911/652/1451 
f 948/227/1491 949/679/1492 950/671/1493 951/670/1494 
f 913/654/1453 914/654/1454 952/680/1495 953/680/1496 
s 2
f 953/680/1497 946/677/1498 941/672/1499 940/671/1500 
s 4
f 940/671/23 939/670/185 913/654/185 953/680/185 
s 2
f 938/199/1501 912/653/1502 913/654/1503 939/670/1504 
s 4
f 941/672/28 946/677/28 912/653/37 938/199/37 
s 2
f 942/673/1505 945/676/1506 947/678/1507 954/681/1508 
s 4
f 945/676/23 944/675/185 911/652/1509 947/678/23 
s 2
f 943/674/1510 910/236/1511 911/652/1512 944/675/1513 
s 4
f 942/673/28 954/681/28 910/236/1514 943/674/1514 
s 2
f 955/682/185 949/679/23 948/227/185 915/355/185 
s 4
f 951/670/1515 914/654/1516 915/355/1517 948/227/1518 
s 2
f 952/680/28 914/654/37 951/670/37 950/671/28 
s 4
f 955/682/1519 952/680/1520 950/671/1521 949/679/1522 
s 1
f 956/683/1523 954/681/1524 947/678/1490 957/684/1525 
f 947/678/1490 946/677/1489 958/685/1526 957/684/1525 
f 946/677/1489 953/680/1496 959/686/1527 958/685/1526 
f 959/686/1527 953/680/1496 952/680/1495 960/686/1528 
f 960/686/1528 952/680/1495 955/682/1529 961/687/1530 
f 962/688/1531 918/353/1458 919/353/1458 963/688/1531 
f 964/689/1532 965/689/1532 962/688/1531 963/688/1531 
f 966/682/1531 955/682/1529 915/355/1456 921/355/1458 
f 961/687/1530 955/682/1529 966/682/1531 967/641/1532 
s 2
f 966/682/190 962/688/190 965/689/190 967/641/190 
f 918/353/190 962/688/190 966/682/190 921/355/190 
s 8
f 968/690/1533 923/656/1461 910/236/1462 954/681/1534 
f 969/691/1535 968/690/1533 954/681/1534 956/683/1536 
f 926/147/1464 970/692/1537 971/693/1537 927/659/1464 
f 972/694/1538 973/695/1538 971/693/1537 970/692/1537 
s 1
f 971/693/1539 974/696/1540 929/661/1468 927/659/1467 
f 971/693/1539 973/695/1541 975/697/1542 974/696/1540 
s 2
f 974/696/1543 976/698/1544 931/663/1472 929/661/1471 
f 976/698/1544 974/696/1543 975/697/1545 977/699/1546 
f 976/698/1544 978/700/1547 933/665/1474 931/663/1472 
f 976/698/1544 977/699/1546 979/701/1548 978/700/1547 
f 978/700/1547 980/175/1549 935/667/1476 933/665/1474 
f 981/172/1550 980/175/1549 978/700/1547 979/701/1548 
s 1
f 980/175/1551 982/702/1552 937/669/1480 935/667/1479 
f 982/702/1552 980/175/1551 981/172/1553 983/703/1554 
f 984/704/1555 985/705/1556 986/706/1557 987/707/1558 
f 988/708/1559 989/709/1560 990/166/1561 991/710/1562 
f 957/684/1525 958/685/1526 992/711/1563 993/712/1564 
f 994/704/1565 995/707/1566 996/147/1567 997/713/1568 
f 959/686/1527 960/686/1528 998/714/1569 999/714/1570 
s 2
f 999/714/1571 992/711/1572 985/705/1573 984/704/1574 
s 4
f 959/686/988 999/714/23 984/704/23 987/707/988 
s 2
f 986/706/1575 958/685/1576 959/686/1577 987/707/1578 
s 4
f 992/711/37 958/685/140 986/706/140 985/705/190 
s 2
f 990/166/1579 989/709/1580 993/712/1581 1000/108/1582 
s 4
f 957/684/988 993/712/23 989/709/23 988/708/988 
s 2
f 957/684/1583 988/708/1584 991/710/1585 956/683/1586 
s 4
f 990/166/190 1000/108/37 956/683/140 991/710/140 
s 2
f 961/687/988 1001/715/23 997/713/185 996/147/988 
s 4
f 961/687/1587 996/147/1588 995/707/1589 960/686/1590 
s 2
f 998/714/37 960/686/140 995/707/140 994/704/190 
s 4
f 1001/715/1591 998/714/1592 994/704/1593 997/713/1594 
s 1
f 993/712/1564 1002/716/1595 1003/168/1596 1000/108/1597 
f 1002/716/1595 993/712/1564 992/711/1563 1004/717/1598 
f 992/711/1563 999/714/1570 1005/718/1599 1004/717/1598 
f 1006/718/1600 1005/718/1599 999/714/1570 998/714/1569 
f 1001/715/1601 1007/214/1602 1006/718/1600 998/714/1569 
f 965/689/1532 964/689/1532 1008/713/1603 1009/713/1603 
f 1009/713/1603 1008/713/1603 1010/719/1604 1011/719/1604 
f 967/641/1532 1012/715/1603 1001/715/1601 961/687/1530 
f 1013/214/1604 1007/214/1602 1001/715/1601 1012/715/1603 
s 2
f 1011/719/190 1013/214/190 1012/715/190 1009/713/190 
f 967/641/190 965/689/190 1009/713/190 1012/715/190 
s 8
f 969/691/1535 956/683/1536 1000/108/1605 1014/720/1606 
f 1014/720/1606 1000/108/1605 1003/168/1607 1015/721/1608 
f 973/695/1538 972/694/1538 1016/722/1609 1017/723/1610 
f 1018/724/1611 1019/725/1611 1017/723/1610 1016/722/1609 
s 1
f 1017/723/1612 1020/726/1613 975/697/1542 973/695/1541 
f 1020/726/1613 1017/723/1612 1019/725/1614 1021/727/1615 
s 2
f 1020/726/1616 1022/178/1617 977/699/1546 975/697/1545 
f 1020/726/1616 1021/727/1618 1023/728/1619 1022/178/1617 
f 1024/729/1620 979/701/1548 977/699/1546 1022/178/1617 
f 1025/730/1621 1024/729/1620 1022/178/1617 1023/728/1619 
f 981/172/1550 979/701/1548 1024/729/1620 1026/731/1622 
f 1026/731/1622 1024/729/1620 1025/730/1621 1027/130/1623 
s 1
f 1026/731/1624 1028/732/1625 983/703/1554 981/172/1553 
f 1028/732/1625 1026/731/1624 1027/130/1626 1029/733/1627 
f 1030/734/1628 1031/735/1629 1032/736/1630 1033/737/1631 
f 1034/738/1632 1035/83/1633 1036/739/1634 1037/740/1635 
f 1004/717/1598 1038/741/1636 1039/143/1637 1002/716/1595 
f 1040/742/1638 1041/737/1639 1042/115/1640 1043/743/1641 
f 1044/178/1642 1005/718/1599 1006/718/1600 1045/178/1643 
s 2
f 1031/735/1644 1030/734/1645 1044/178/1646 1038/741/1647 
s 4
f 1005/718/185 1044/178/23 1030/734/23 1033/737/185 
s 2
f 1005/718/1648 1033/737/1649 1032/736/1650 1004/717/1651 
s 4
f 1038/741/28 1004/717/37 1032/736/37 1031/735/28 
s 2
f 1039/143/1652 1046/133/1653 1036/739/1654 1035/83/1655 
s 4
f 1035/83/23 1034/738/23 1002/716/23 1039/143/23 
s 2
f 1037/740/1656 1003/168/1657 1002/716/1658 1034/738/1659 
s 4
f 1046/133/28 1003/168/37 1037/740/37 1036/739/28 
s 2
f 1043/743/23 1042/115/185 1007/214/185 1047/744/23 
s 4
f 1041/737/1660 1006/718/1661 1007/214/1662 1042/115/1663 
s 2
f 1006/718/37 1041/737/37 1040/742/28 1045/178/28 
s 4
f 1047/744/1664 1045/178/1665 1040/742/1666 1043/743/1667 
s 1
f 1048/745/1668 1046/133/1669 1039/143/1637 1049/746/1670 
f 1050/747/1671 1049/746/1670 1039/143/1637 1038/741/1636 
f 1038/741/1636 1044/178/1642 1051/748/1672 1050/747/1671 
f 1045/178/1643 1052/748/1673 1051/748/1672 1044/178/1642 
f 1052/748/1673 1045/178/1643 1047/744/1674 1053/749/1675 
f 1054/743/1676 1055/743/1676 1011/719/1604 1010/719/1604 
f 1054/743/1676 1056/750/1677 1057/750/1677 1055/743/1676 
f 1007/214/1602 1013/214/1604 1058/744/1676 1047/744/1674 
f 1053/749/1675 1047/744/1674 1058/744/1676 1059/749/1677 
s 2
f 1057/750/190 1059/749/190 1058/744/190 1055/743/190 
f 1011/719/190 1055/743/190 1058/744/190 1013/214/190 
s 8
f 1003/168/1607 1046/133/1678 1060/750/1679 1015/721/1608 
f 1048/745/1680 1061/751/1681 1060/750/1679 1046/133/1678 
f 1018/724/1611 1062/752/1682 1063/753/1682 1019/725/1611 
f 1063/753/1682 1062/752/1682 1064/754/1683 1065/755/1683 
s 1
f 1063/753/1684 1066/756/1685 1021/727/1615 1019/725/1614 
f 1065/755/1686 1067/757/1687 1066/756/1685 1063/753/1684 
s 2
f 1068/758/1688 1023/728/1619 1021/727/1618 1066/756/1689 
f 1068/758/1688 1066/756/1689 1067/757/1690 1069/759/1691 
f 1068/758/1688 1070/760/1692 1025/730/1621 1023/728/1619 
f 1070/760/1692 1068/758/1688 1069/759/1691 1071/761/1693 
f 1027/130/1623 1025/730/1621 1070/760/1692 1072/762/1694 
f 1070/760/1692 1071/761/1693 1073/763/1695 1072/762/1694 
s 1
f 1074/764/1696 1029/733/1627 1027/130/1626 1072/762/1697 
f 1073/763/1698 1075/765/1699 1074/764/1696 1072/762/1697 
f 1076/766/1700 1077/767/1701 1078/768/1702 1079/769/1703 
f 1080/770/1704 1081/771/1705 1082/52/1706 1083/772/1707 
f 1050/747/1671 1084/773/1708 1085/774/1709 1049/746/1670 
f 1086/766/1710 1087/769/1711 1088/750/1712 1089/775/1713 
f 1051/748/1672 1052/748/1673 1090/776/1714 1091/776/1715 
s 2
f 1077/767/1716 1076/766/1717 1091/776/1718 1084/773/1719 
s 4
f 1051/748/988 1091/776/23 1076/766/185 1079/769/988 
s 2
f 1078/768/1720 1050/747/1721 1051/748/1722 1079/769/1723 
s 4
f 1084/773/37 1050/747/140 1078/768/140 1077/767/37 
s 2
f 1082/52/1724 1081/771/1725 1085/774/1726 1092/777/1727 
s 4
f 1049/746/988 1085/774/23 1081/771/185 1080/770/988 
s 2
f 1049/746/1728 1080/770/1729 1083/772/1730 1048/745/1731 
s 4
f 1048/745/140 1083/772/140 1082/52/37 1092/777/37 
s 2
f 1053/749/988 1093/778/23 1089/775/23 1088/750/988 
s 4
f 1053/749/1732 1088/750/1733 1087/769/1734 1052/748/1735 
s 2
f 1052/748/140 1087/769/140 1086/766/37 1090/776/37 
s 4
f 1086/766/1736 1089/775/1737 1093/778/1738 1090/776/1739 
s 1
f 1085/774/1709 1094/779/1740 1095/780/1741 1092/777/1742 
f 1096/781/1743 1094/779/1740 1085/774/1709 1084/773/1708 
f 1084/773/1708 1091/776/1715 1097/782/1744 1096/781/1743 
f 1098/782/1745 1097/782/1744 1091/776/1715 1090/776/1714 
f 1098/782/1745 1090/776/1714 1093/778/1746 1099/783/1747 
f 1100/775/1748 1101/775/1748 1057/750/1677 1056/750/1677 
f 1100/775/1748 1102/784/1749 1103/784/1749 1101/775/1748 
f 1093/778/1746 1053/749/1675 1059/749/1677 1104/778/1748 
f 1105/783/1749 1099/783/1747 1093/778/1746 1104/778/1748 
s 2
f 1103/784/190 1105/783/190 1104/778/190 1101/775/190 
f 1059/749/190 1057/750/190 1101/775/190 1104/778/190 
s 8
f 1048/745/1680 1092/777/1750 1106/785/1751 1061/751/1681 
f 1107/786/1752 1106/785/1751 1092/777/1750 1095/780/1753 
f 1065/755/1683 1064/754/1683 1108/787/1754 1109/788/1754 
f 1110/789/1755 1111/790/1755 1109/788/1754 1108/787/1754 
s 1
f 1109/788/1756 1112/56/1757 1067/757/1687 1065/755/1686 
f 1112/56/1757 1109/788/1756 1111/790/1758 1113/791/1759 
s 2
f 1112/56/1760 1114/792/1761 1069/759/1691 1067/757/1690 
f 1112/56/1760 1113/791/1762 1115/793/1763 1114/792/1761 
f 1071/761/1693 1069/759/1691 1114/792/1761 1116/794/1764 
f 1116/794/1764 1114/792/1761 1115/793/1763 1117/795/1765 
f 1116/794/1764 1118/796/1766 1073/763/1695 1071/761/1693 
f 1116/794/1764 1117/795/1765 1119/797/1767 1118/796/1766 
s 1
f 1118/796/1768 1120/790/1769 1075/765/1699 1073/763/1698 
f 1120/790/1769 1118/796/1768 1119/797/1770 1121/798/1771 
f 1122/799/1772 1123/800/1773 1124/801/1774 1125/802/1775 
f 1126/801/1776 1127/800/1777 1128/803/1778 1129/804/1779 
f 1094/779/1740 1096/781/1743 1130/800/1780 1131/800/1781 
f 1132/799/1782 1133/802/1783 1134/784/1784 1135/805/1785 
f 1136/806/1786 1097/782/1744 1098/782/1745 1137/806/1787 
s 2
f 1123/800/1788 1122/799/1789 1136/806/1790 1130/800/1791 
s 4
f 1097/782/23 1136/806/23 1122/799/23 1125/802/23 
s 2
f 1124/801/1792 1096/781/1793 1097/782/1794 1125/802/1795 
s 4
f 1123/800/28 1130/800/28 1096/781/1514 1124/801/1514 
s 2
f 1128/803/1796 1127/800/1797 1131/800/1798 1138/807/1799 
s 4
f 1094/779/23 1131/800/23 1127/800/23 1126/801/23 
s 2
f 1129/804/1800 1095/780/1801 1094/779/1802 1126/801/1803 
s 4
f 1138/807/28 1095/780/1514 1129/804/1514 1128/803/28 
s 2
f 1139/808/185 1135/805/185 1134/784/23 1099/783/23 
s 4
f 1099/783/1804 1134/784/1805 1133/802/1806 1098/782/1807 
s 2
f 1137/806/28 1098/782/37 1133/802/37 1132/799/28 
s 4
f 1139/808/1808 1137/806/1809 1132/799/1810 1135/805/1811 
s 1
f 1131/800/1781 1140/809/1812 1141/810/1813 1138/807/1814 
f 1131/800/1781 1130/800/1780 1142/809/1815 1140/809/1812 
f 1143/811/1816 1142/809/1815 1130/800/1780 1136/806/1786 
f 1143/811/1816 1136/806/1786 1137/806/1787 1144/811/1817 
f 1144/811/1817 1137/806/1787 1139/808/1818 1145/812/1819 
f 1146/805/1820 1103/784/1749 1102/784/1749 1147/805/1820 
f 1148/812/1821 1149/812/1821 1146/805/1820 1147/805/1820 
f 1150/808/1820 1139/808/1818 1099/783/1747 1105/783/1749 
f 1139/808/1818 1150/808/1820 1151/812/1821 1145/812/1819 
s 2
f 1150/808/37 1146/805/37 1149/812/37 1151/812/37 
f 1146/805/37 1150/808/37 1105/783/190 1103/784/190 
s 8
f 1095/780/1753 1138/807/1822 1152/813/1823 1107/786/1752 
f 1138/807/1822 1141/810/1824 1153/814/1825 1152/813/1823 
f 1110/789/1755 1154/815/1826 1155/816/1827 1111/790/1755 
f 1155/816/1827 1154/815/1826 1156/805/1828 1157/817/1828 
s 1
f 1158/816/1829 1113/791/1759 1111/790/1758 1155/816/1830 
f 1155/816/1830 1157/817/1831 1159/817/1832 1158/816/1829 
s 2
f 1160/818/1833 1115/793/1763 1113/791/1762 1158/816/1834 
f 1160/818/1833 1158/816/1834 1159/817/1835 1161/819/1836 
f 1160/818/1833 1162/820/1837 1117/795/1765 1115/793/1763 
f 1163/821/1838 1162/820/1837 1160/818/1833 1161/819/1836 
f 1164/822/1839 1119/797/1767 1117/795/1765 1162/820/1837 
f 1162/820/1837 1163/821/1838 1165/823/1840 1164/822/1839 
s 1
f 1164/822/1841 1166/824/1842 1121/798/1771 1119/797/1770 
f 1165/823/1843 1167/823/1844 1166/824/1842 1164/822/1841 
f 1168/825/1845 1169/826/1846 1170/827/1847 1171/828/1848 
f 1172/827/1849 1173/829/1850 1174/830/1851 1175/810/1852 
f 1176/831/1853 1177/831/1854 1140/809/1812 1142/809/1815 
f 1178/812/1855 1179/832/1856 1180/825/1857 1181/828/1858 
f 1144/811/1817 1182/833/1859 1183/833/1860 1143/811/1816 
s 2
f 1183/833/1861 1176/831/1862 1169/826/1863 1168/825/1864 
s 4
f 1183/833/185 1168/825/185 1171/828/184 1143/811/184 
s 2
f 1170/827/1865 1142/809/1866 1143/811/1867 1171/828/1868 
s 4
f 1142/809/190 1170/827/190 1169/826/37 1176/831/37 
s 2
f 1177/831/1869 1184/834/1870 1174/830/1871 1173/829/1872 
s 4
f 1140/809/184 1177/831/185 1173/829/185 1172/827/184 
s 2
f 1175/810/1873 1141/810/1874 1140/809/1875 1172/827/1876 
s 4
f 1174/830/37 1184/834/37 1141/810/190 1175/810/190 
s 2
f 1179/832/23 1178/812/184 1145/812/184 1185/835/185 
s 4
f 1181/828/1877 1144/811/1878 1145/812/1879 1178/812/1880 
s 2
f 1182/833/37 1144/811/190 1181/828/190 1180/825/37 
s 4
f 1185/835/1881 1182/833/1882 1180/825/1883 1179/832/1884 
s 1
f 1177/831/1854 1186/836/1885 1187/837/1886 1184/834/1887 
f 1188/838/1888 1186/836/1885 1177/831/1854 1176/831/1853 
f 1189/839/1889 1188/838/1888 1176/831/1853 1183/833/1860 
f 1190/839/1890 1189/839/1889 1183/833/1860 1182/833/1859 
f 1190/839/1890 1182/833/1859 1185/835/1891 1191/840/1892 
f 1148/812/1821 1192/832/1893 1193/832/1893 1149/812/1821 
f 1192/832/1893 1194/841/1894 1195/841/1894 1193/832/1893 
f 1151/812/1821 1196/835/1893 1185/835/1891 1145/812/1819 
f 1185/835/1891 1196/835/1893 1197/840/1894 1191/840/1892 
s 2
f 1197/840/37 1196/835/37 1193/832/37 1195/841/37 
f 1149/812/37 1193/832/37 1196/835/37 1151/812/37 
s 8
f 1141/810/1824 1184/834/1895 1198/842/1896 1153/814/1825 
f 1184/834/1895 1187/837/1897 1199/843/1898 1198/842/1896 
f 1156/805/1828 1200/844/1899 1201/833/1899 1157/817/1828 
f 1202/845/1900 1203/846/1900 1201/833/1899 1200/844/1899 
s 1
f 1201/833/1901 1204/847/1902 1159/817/1832 1157/817/1831 
f 1201/833/1901 1203/846/1903 1205/848/1904 1204/847/1902 
s 2
f 1206/849/1905 1161/819/1836 1159/817/1835 1204/847/1906 
f 1206/849/1905 1204/847/1906 1205/848/1907 1207/850/1908 
f 1206/849/1905 1208/851/1909 1163/821/1838 1161/819/1836 
f 1206/849/1905 1207/850/1908 1209/852/1910 1208/851/1909 
f 1208/851/1909 1210/853/1911 1165/823/1840 1163/821/1838 
f 1211/854/1912 1210/853/1911 1208/851/1909 1209/852/1910 
s 1
f 1167/823/1844 1165/823/1843 1210/853/1913 1212/855/1914 
f 1211/854/1915 1213/1/1916 1212/855/1914 1210/853/1913 
f 1214/856/1917 1215/857/1918 1216/858/1919 1217/859/1920 
f 1218/860/1921 1219/861/1922 1220/856/1923 1221/862/1924 
f 1188/838/1888 1222/863/1925 1223/864/1926 1186/836/1885 
f 1224/841/1927 1225/865/1928 1226/856/1929 1227/859/1930 
f 1228/866/1931 1189/839/1889 1190/839/1890 1229/866/1932 
s 2
f 1215/857/1933 1214/856/1934 1228/866/1935 1222/863/1936 
s 4
f 1189/839/23 1228/866/23 1214/856/23 1217/859/23 
s 2
f 1189/839/1937 1217/859/1938 1216/858/1939 1188/838/1940 
s 4
f 1188/838/28 1216/858/28 1215/857/28 1222/863/28 
s 2
f 1223/864/1941 1230/867/1942 1220/856/1943 1219/861/1944 
s 4
f 1186/836/23 1223/864/23 1219/861/185 1218/860/23 
s 2
f 1221/862/1945 1187/837/1946 1186/836/1947 1218/860/1948 
s 4
f 1221/862/113 1220/856/28 1230/867/28 1187/837/113 
s 2
f 1231/868/23 1225/865/185 1224/841/23 1191/840/23 
s 4
f 1227/859/1949 1190/839/1950 1191/840/1951 1224/841/1952 
s 2
f 1190/839/28 1227/859/28 1226/856/28 1229/866/28 
s 4
f 1226/856/1953 1225/865/1954 1231/868/1955 1229/866/1956 
s 1
f 1232/869/1957 1230/867/1958 1223/864/1926 1233/870/1959 
f 1234/871/1960 1233/870/1959 1223/864/1926 1222/863/1925 
f 1235/872/1961 1234/871/1960 1222/863/1925 1228/866/1931 
f 1235/872/1961 1228/866/1931 1229/866/1932 1236/872/1962 
f 1236/872/1962 1229/866/1932 1231/868/1963 1237/873/1964 
f 1238/874/1965 1239/865/1965 1195/841/1894 1194/841/1894 
f 1239/865/1965 1238/874/1965 1240/875/1966 1241/875/1966 
f 1197/840/1894 1242/868/1965 1231/868/1963 1191/840/1892 
f 1243/873/1966 1237/873/1964 1231/868/1963 1242/868/1965 
s 2
f 1241/875/37 1243/873/37 1242/868/37 1239/865/37 
f 1197/840/37 1195/841/37 1239/865/37 1242/868/37 
s 8
f 1199/843/1898 1187/837/1897 1230/867/1967 1244/876/1968 
f 1245/877/1969 1244/876/1968 1230/867/1967 1232/869/1970 
f 1203/846/1900 1202/845/1900 1246/878/1971 1247/836/1971 
f 1247/836/1971 1246/878/1971 1248/879/1972 1249/880/1972 
s 1
f 1250/881/1973 1205/848/1904 1203/846/1903 1247/836/1974 
f 1247/836/1974 1249/880/1975 1251/882/1976 1250/881/1973 
s 2
f 1207/850/1908 1205/848/1907 1250/881/1977 1252/883/1978 
f 1250/881/1977 1251/882/1979 1253/884/1980 1252/883/1978 
f 1254/885/1981 1209/852/1910 1207/850/1908 1252/883/1978 
f 1252/883/1978 1253/884/1980 1255/886/1982 1254/885/1981 
f 1256/826/1983 1211/854/1912 1209/852/1910 1254/885/1981 
f 1256/826/1983 1254/885/1981 1255/886/1982 1257/887/1984 
s 1
f 1256/826/1985 1258/831/1986 1213/1/1916 1211/854/1915 
f 1258/831/1986 1256/826/1985 1257/887/1987 1259/888/1988 
f 1260/889/1989 1261/890/1990 1262/891/1991 1263/892/1992 
f 1264/893/1993 1265/894/1994 1266/895/1995 1267/896/1996 
f 1268/897/1997 1269/898/1998 1233/870/1959 1234/871/1960 
f 1270/875/1999 1271/899/2000 1272/889/2001 1273/892/2002 
f 1274/900/2003 1275/900/2004 1235/872/1961 1236/872/1962 
s 2
f 1275/900/2005 1268/897/2006 1261/890/2007 1260/889/2008 
s 4
f 1263/892/184 1235/872/184 1275/900/185 1260/889/23 
s 2
f 1262/891/2009 1234/871/2010 1235/872/2011 1263/892/2012 
s 4
f 1268/897/37 1234/871/190 1262/891/190 1261/890/37 
s 2
f 1269/898/2013 1276/901/2014 1264/893/2015 1267/896/2016 
s 4
f 1269/898/185 1267/896/23 1266/895/184 1233/870/184 
s 2
f 1233/870/2017 1266/895/2018 1265/894/2019 1232/869/2020 
s 4
f 1265/894/190 1264/893/37 1276/901/37 1232/869/190 
s 2
f 1277/902/185 1271/899/23 1270/875/184 1237/873/184 
s 4
f 1273/892/2021 1236/872/2022 1237/873/2023 1270/875/2024 
s 2
f 1274/900/37 1236/872/190 1273/892/190 1272/889/37 
s 4
f 1272/889/2025 1271/899/2026 1277/902/2027 1274/900/2028 
s 1
f 1278/903/2029 1276/901/2030 1269/898/1998 1279/904/2031 
f 1280/905/2032 1279/904/2031 1269/898/1998 1268/897/1997 
f 1281/906/2033 1280/905/2032 1268/897/1997 1275/900/2004 
f 1281/906/2033 1275/900/2004 1274/900/2003 1282/906/2034 
f 1282/906/2034 1274/900/2003 1277/902/2035 1283/907/2036 
f 1284/908/2037 1241/875/1966 1240/875/1966 1285/908/2037 
f 1284/908/2037 1285/908/2037 1286/909/2038 1287/909/2038 
f 1288/910/2037 1277/902/2035 1237/873/1964 1243/873/1966 
f 1283/907/2036 1277/902/2035 1288/910/2037 1289/907/2038 
s 2
f 1287/909/37 1289/907/37 1288/910/37 1284/908/37 
f 1243/873/37 1241/875/37 1284/908/37 1288/910/37 
s 8
f 1245/877/1969 1232/869/1970 1276/901/2039 1290/871/2040 
f 1276/901/2039 1278/903/2041 1291/911/2042 1290/871/2040 
f 1248/879/1972 1292/912/2043 1293/913/2043 1249/880/1972 
f 1294/914/2044 1295/915/2044 1293/913/2043 1292/912/2043 
s 1
f 1251/882/1976 1249/880/1975 1293/913/2045 1296/916/2046 
f 1297/917/2047 1296/916/2046 1293/913/2045 1295/915/2048 
s 2
f 1296/916/2049 1298/918/2050 1253/884/1980 1251/882/1979 
f 1298/918/2050 1296/916/2049 1297/917/2051 1299/919/2052 
f 1298/918/2050 1300/920/2053 1255/886/1982 1253/884/1980 
f 1300/920/2053 1298/918/2050 1299/919/2052 1301/921/2054 
f 1300/920/2053 1302/922/2055 1257/887/1984 1255/886/1982 
f 1302/922/2055 1300/920/2053 1301/921/2054 1303/923/2056 
s 1
f 1259/888/1988 1257/887/1987 1302/922/2057 1304/924/2058 
f 1304/924/2058 1302/922/2057 1303/923/2059 1305/925/2060 
f 1306/926/2061 1307/927/2062 1308/928/2063 1309/929/2064 
f 1310/930/2065 1311/931/2066 1312/932/2067 1313/933/2068 
f 1314/934/2069 1279/904/2031 1280/905/2032 1315/935/2070 
f 1316/909/2071 1317/936/2072 1318/926/2073 1319/929/2074 
f 1320/937/2075 1321/937/2076 1281/906/2033 1282/906/2034 
s 2
f 1307/927/2077 1306/926/2078 1321/937/2079 1315/935/2080 
s 4
f 1321/937/23 1306/926/23 1309/929/23 1281/906/23 
s 2
f 1308/928/2081 1280/905/2082 1281/906/2083 1309/929/2084 
s 4
f 1280/905/28 1308/928/28 1307/927/28 1315/935/28 
s 2
f 1314/934/2085 1322/938/2086 1310/930/2087 1313/933/2088 
s 4
f 1314/934/23 1313/933/23 1312/932/108 1279/904/108 
s 2
f 1279/904/2089 1312/932/2090 1311/931/2091 1278/903/2092 
s 4
f 1310/930/28 1322/938/28 1278/903/113 1311/931/113 
s 2
f 1317/936/23 1316/909/23 1283/907/23 1323/939/23 
s 4
f 1283/907/2093 1316/909/2094 1319/929/2095 1282/906/2096 
s 2
f 1282/906/28 1319/929/28 1318/926/28 1320/937/28 
s 4
f 1323/939/2097 1320/937/2098 1318/926/2099 1317/936/2100 
s 1
f 1314/934/2069 1324/940/2101 1325/941/2102 1322/938/2103 
f 1315/935/2070 1326/942/2104 1324/940/2101 1314/934/2069 
f 1327/943/2105 1326/942/2104 1315/935/2070 1321/937/2076 
f 1327/943/2105 1321/937/2076 1320/937/2075 1328/944/2106 
f 1323/939/2107 1329/945/2108 1328/944/2106 1320/937/2075 
f 1330/946/2109 1287/909/2038 1286/909/2038 1331/946/2109 
f 1330/946/2109 1331/946/2109 1332/947/2110 1333/947/2110 
f 1283/907/2036 1289/907/2038 1334/939/2109 1323/939/2107 
f 1329/945/2108 1323/939/2107 1334/939/2109 1335/945/2110 
s 2
f 1333/947/1514 1335/945/1514 1334/939/1514 1330/946/1514 
f 1287/909/37 1330/946/1514 1334/939/1514 1289/907/37 
s 8
f 1278/903/2041 1322/938/2111 1336/948/2112 1291/911/2042 
f 1337/949/2113 1336/948/2112 1322/938/2111 1325/941/2114 
f 1294/914/2044 1338/950/2115 1339/951/2115 1295/915/2044 
f 1339/951/2115 1338/950/2115 1340/952/2116 1341/910/2116 
s 1
f 1297/917/2047 1295/915/2048 1339/951/2117 1342/953/2118 
f 1343/954/2119 1342/953/2118 1339/951/2117 1341/910/2120 
s 2
f 1342/953/2121 1344/929/2122 1299/919/2052 1297/917/2051 
f 1342/953/2121 1343/954/2123 1345/955/2124 1344/929/2122 
f 1344/929/2122 1346/956/2125 1301/921/2054 1299/919/2052 
f 1346/956/2125 1344/929/2122 1345/955/2124 1347/957/2126 
f 1346/956/2125 1348/911/2127 1303/923/2056 1301/921/2054 
f 1348/911/2127 1346/956/2125 1347/957/2126 1349/958/2128 
s 1
f 1305/925/2060 1303/923/2059 1348/911/2129 1350/959/2130 
f 1350/959/2130 1348/911/2129 1349/958/2131 1351/960/2132 
f 1352/961/2133 1353/962/2134 1354/963/2135 1355/964/2136 
f 1356/965/2137 1357/966/2138 1358/965/2139 1359/967/2140 
f 1326/942/2104 1360/968/2141 1361/969/2142 1324/940/2101 
f 1362/963/2143 1363/962/2144 1364/970/2145 1365/971/2146 
f 1366/972/2147 1327/943/2105 1328/944/2106 1367/972/2148 
s 2
f 1366/972/2149 1360/968/2150 1355/964/2151 1354/963/2152 
s 4
f 1327/943/184 1366/972/185 1354/963/185 1353/962/184 
s 2
f 1327/943/2153 1353/962/2154 1352/961/2155 1326/942/2156 
s 4
f 1326/942/190 1352/961/190 1355/964/37 1360/968/37 
s 2
f 1361/969/2157 1368/973/2158 1358/965/2159 1357/966/2160 
s 4
f 1324/940/184 1361/969/185 1357/966/23 1356/965/184 
s 2
f 1324/940/2161 1356/965/2162 1359/967/2163 1325/941/2164 
s 4
f 1368/973/37 1325/941/190 1359/967/190 1358/965/37 
s 2
f 1329/945/184 1369/974/185 1365/971/23 1364/970/184 
s 4
f 1363/962/2165 1328/944/2166 1329/945/2167 1364/970/2168 
s 2
f 1328/944/190 1363/962/190 1362/963/37 1367/972/37 
s 4
f 1362/963/2169 1365/971/2170 1369/974/2171 1367/972/2172 
s 1
f 1361/969/2142 1370/975/2173 1371/976/2174 1368/973/2175 
f 1361/969/2142 1360/968/2141 1372/977/2176 1370/975/2173 
f 1360/968/2141 1366/972/2147 1373/978/2177 1372/977/2176 
f 1374/978/2178 1373/978/2177 1366/972/2147 1367/972/2148 
f 1374/978/2178 1367/972/2148 1369/974/2179 1375/979/2180 
f 1376/980/2181 1333/947/2110 1332/947/2110 1377/980/2181 
f 1378/981/2182 1379/981/2182 1376/980/2181 1377/980/2181 
f 1335/945/2110 1380/974/2181 1369/974/2179 1329/945/2108 
f 1380/974/2181 1381/979/2182 1375/979/2180 1369/974/2179 
s 2
f 1381/979/1514 1380/974/1514 1376/980/1514 1379/981/1514 
f 1335/945/1514 1333/947/1514 1376/980/1514 1380/974/1514 
s 8
f 1368/973/2183 1382/982/2184 1337/949/2113 1325/941/2114 
f 1371/976/2185 1383/983/2186 1382/982/2184 1368/973/2183 
f 1340/952/2116 1384/984/2187 1385/985/2188 1341/910/2116 
f 1385/985/2188 1384/984/2187 1386/986/2189 1387/987/2189 
s 1
f 1385/985/2190 1388/988/2191 1343/954/2119 1341/910/2120 
f 1385/985/2190 1387/987/2192 1389/989/2193 1388/988/2191 
s 2
f 1345/955/2124 1343/954/2123 1388/988/2194 1390/990/2195 
f 1389/989/2196 1391/991/2197 1390/990/2195 1388/988/2194 
f 1347/957/2126 1345/955/2124 1390/990/2195 1392/992/2198 
f 1392/992/2198 1390/990/2195 1391/991/2197 1393/904/2199 
f 1392/992/2198 1394/993/2200 1349/958/2128 1347/957/2126 
f 1394/993/2200 1392/992/2198 1393/904/2199 1395/994/2201 
s 1
f 1351/960/2132 1349/958/2131 1394/993/2202 1396/995/2203 
f 1396/995/2203 1394/993/2202 1395/994/2204 1397/896/2205 
f 1398/996/2206 1399/997/2207 1400/998/2208 1401/999/2209 
f 1402/1000/2210 1403/1001/2211 1404/1002/2212 1405/1003/2213 
f 1372/977/2176 1406/1004/2214 1407/1005/2215 1370/975/2173 
f 1408/1006/2216 1409/1007/2217 1410/998/2218 1411/997/2219 
f 1374/978/2178 1412/1008/2220 1413/1008/2221 1373/978/2177 
s 2
f 1413/1008/2222 1406/1004/2223 1401/999/2224 1400/998/2225 
s 4
f 1399/997/23 1373/978/23 1413/1008/23 1400/998/23 
s 2
f 1398/996/2226 1372/977/2227 1373/978/2228 1399/997/2229 
s 4
f 1398/996/28 1401/999/28 1406/1004/28 1372/977/28 
s 2
f 1404/1002/2230 1403/1001/2231 1407/1005/2232 1414/1009/2233 
s 4
f 1402/1000/23 1370/975/23 1407/1005/23 1403/1001/185 
s 2
f 1405/1003/2234 1371/976/2235 1370/975/2236 1402/1000/2237 
s 4
f 1405/1003/28 1404/1002/28 1414/1009/28 1371/976/28 
s 2
f 1409/1007/23 1408/1006/23 1375/979/23 1415/1010/23 
s 4
f 1375/979/2238 1408/1006/2239 1411/997/2240 1374/978/2241 
s 2
f 1410/998/28 1412/1008/28 1374/978/28 1411/997/28 
s 4
f 1410/998/2242 1409/1007/2243 1415/1010/2244 1412/1008/2245 
s 1
f 1416/1011/2246 1414/1009/2247 1407/1005/2215 1417/1012/2248 
f 1406/1004/2214 1418/1013/2249 1417/1012/2248 1407/1005/2215 
f 1419/1014/2250 1418/1013/2249 1406/1004/2214 1413/1008/2221 
f 1419/1014/2250 1413/1008/2221 1412/1008/2220 1420/1014/2251 
f 1415/1010/2252 1421/1015/2253 1420/1014/2251 1412/1008/2220 
f 1422/1016/2254 1379/981/2182 1378/981/2182 1423/1016/2254 
f 1424/1017/2255 1422/1016/2254 1423/1016/2254 1425/1017/2255 
f 1375/979/2180 1381/979/2182 1426/1010/2254 1415/1010/2252 
f 1415/1010/2252 1426/1010/2254 1427/1015/2255 1421/1015/2253 
s 2
f 1424/1017/1514 1427/1015/1514 1426/1010/1514 1422/1016/1514 
f 1381/979/1514 1379/981/1514 1422/1016/1514 1426/1010/1514 
s 8
f 1383/983/2186 1371/976/2185 1414/1009/2256 1428/1018/2257 
f 1429/1019/2258 1428/1018/2257 1414/1009/2256 1416/1011/2259 
f 1387/987/2189 1386/986/2189 1430/976/2260 1431/1020/2260 
f 1432/1021/2261 1431/1020/2260 1430/976/2260 1433/1022/2261 
s 1
f 1431/1020/2262 1434/1023/2263 1389/989/2193 1387/987/2192 
f 1431/1020/2262 1432/1021/2264 1435/961/2265 1434/1023/2263 
s 2
f 1391/991/2197 1389/989/2196 1434/1023/2266 1436/1024/2267 
f 1437/1025/2268 1436/1024/2267 1434/1023/2266 1435/961/2269 
f 1436/1024/2267 1438/1026/2270 1393/904/2199 1391/991/2197 
f 1438/1026/2270 1436/1024/2267 1437/1025/2268 1439/1027/2271 
f 1440/1028/2272 1395/994/2201 1393/904/2199 1438/1026/2270 
f 1440/1028/2272 1438/1026/2270 1439/1027/2271 1441/943/2273 
s 1
f 1397/896/2205 1395/994/2204 1440/1028/2274 1442/1029/2275 
f 1442/1029/2275 1440/1028/2274 1441/943/2276 1443/1030/2277 
f 1444/1031/2278 1445/1032/2279 1446/1033/2280 1447/1034/2281 
f 1448/1035/2282 1449/1036/2283 1450/1037/2284 1451/1038/2285 
f 1417/1012/2248 1418/1013/2249 1452/1039/2286 1453/1040/2287 
f 1454/1041/2288 1455/1042/2289 1456/1031/2290 1457/1034/2291 
f 1419/1014/2250 1420/1014/2251 1458/1043/2292 1459/1043/2293 
s 2
f 1459/1043/2294 1452/1039/2295 1445/1032/2296 1444/1031/2297 
s 4
f 1419/1014/184 1459/1043/185 1444/1031/23 1447/1034/184 
s 2
f 1419/1014/2298 1447/1034/2299 1446/1033/2300 1418/1013/2301 
s 4
f 1452/1039/37 1418/1013/190 1446/1033/190 1445/1032/37 
s 2
f 1450/1037/2302 1449/1036/2303 1453/1040/2304 1460/1044/2305 
s 4
f 1417/1012/184 1453/1040/185 1449/1036/23 1448/1035/184 
s 2
f 1451/1038/2306 1416/1011/2307 1417/1012/2308 1448/1035/2309 
s 4
f 1460/1044/37 1416/1011/2310 1451/1038/2310 1450/1037/37 
s 2
f 1421/1015/184 1461/1045/185 1455/1042/23 1454/1041/184 
s 4
f 1457/1034/2311 1420/1014/2312 1421/1015/2313 1454/1041/2314 
s 2
f 1456/1031/37 1458/1043/37 1420/1014/190 1457/1034/190 
s 4
f 1461/1045/2315 1458/1043/2316 1456/1031/2317 1455/1042/2318 
s 1
f 1462/1046/2319 1460/1044/2320 1453/1040/2287 1463/1047/2321 
f 1463/1047/2321 1453/1040/2287 1452/1039/2286 1464/1048/2322 
f 1465/1049/2323 1464/1048/2322 1452/1039/2286 1459/1043/2293 
f 1466/1049/2324 1465/1049/2323 1459/1043/2293 1458/1043/2292 
f 1466/1049/2324 1458/1043/2292 1461/1045/2325 1467/1050/2326 
f 1424/1017/2255 1425/1017/2255 1468/1051/2327 1469/1051/2327 
f 1469/1051/2327 1468/1051/2327 1470/1052/2328 1471/1052/2328 
f 1421/1015/2253 1427/1015/2255 1472/1045/2327 1461/1045/2325 
f 1461/1045/2325 1472/1045/2327 1473/1050/2328 1467/1050/2326 
s 2
f 1473/1050/1514 1472/1045/1514 1469/1051/1514 1471/1052/1514 
f 1424/1017/1514 1469/1051/1514 1472/1045/1514 1427/1015/1514 
s 8
f 1460/1044/2329 1474/1053/2330 1429/1019/2258 1416/1011/2259 
f 1475/1054/2331 1474/1053/2330 1460/1044/2329 1462/1046/2332 
f 1432/1021/2261 1433/1022/2261 1476/964/2333 1477/1055/2333 
f 1477/1055/2333 1476/964/2333 1478/1056/2334 1479/1057/2335 
s 1
f 1435/961/2265 1432/1021/2264 1477/1055/2336 1480/1058/2337 
f 1479/1057/2338 1481/1059/2339 1480/1058/2337 1477/1055/2336 
s 2
f 1480/1058/2340 1482/1060/2341 1437/1025/2268 1435/961/2269 
f 1480/1058/2340 1481/1059/2342 1483/1061/2343 1482/1060/2341 
f 1482/1060/2341 1484/1062/2344 1439/1027/2271 1437/1025/2268 
f 1485/1063/2345 1484/1062/2344 1482/1060/2341 1483/1061/2343 
f 1441/943/2273 1439/1027/2271 1484/1062/2344 1486/1064/2346 
f 1484/1062/2344 1485/1063/2345 1487/1065/2347 1486/1064/2346 
s 1
f 1488/1066/2348 1443/1030/2277 1441/943/2276 1486/1064/2349 
f 1489/1067/2350 1488/1066/2348 1486/1064/2349 1487/1065/2351 
f 1490/1068/2352 1491/2/2353 1492/1069/2354 1493/1070/2355 
f 1494/3/2356 1495/829/2357 1496/1071/2358 1497/1072/2359 
f 1498/1072/2360 1499/1072/2361 1500/1073/2362 1501/1073/2362 
f 1502/1/2363 1503/19/2364 1504/9/2365 1505/1070/2366 
f 1506/12/18 1507/12/18 1508/1074/2367 1509/1074/2368 
s 2
f 1491/2/2369 1499/1072/2370 1508/1074/2371 1492/1069/2372 
s 4
f 1507/12/37 1493/1070/37 1492/1069/37 1508/1074/37 
s 2
f 1507/12/2373 1500/1073/2374 1490/1068/2375 1493/1070/2376 
s 4
f 1499/1072/23 1491/2/23 1490/1068/23 1500/1073/23 
s 2
f 1496/1071/2377 1510/1071/2378 1498/1072/2379 1497/1072/2380 
s 4
f 1498/1072/28 1501/1073/28 1494/3/28 1497/1072/28 
s 2
f 1501/1073/2381 1511/1075/2382 1495/829/2383 1494/3/2384 
s 4
f 1510/1071/23 1496/1071/23 1495/829/23 1511/1075/23 
s 2
f 1503/19/28 1512/10/28 1513/14/28 1504/9/28 
s 4
f 1505/1070/2385 1504/9/2386 1513/14/2387 1506/12/2388 
s 2
f 1506/12/185 1509/1074/185 1502/1/185 1505/1070/185 
s 4
f 1502/1/2389 1509/1074/2390 1512/10/2391 1503/19/2392 
s 1
f 1514/1076/2393 1515/1077/2394 1498/1072/2360 1510/1071/2395 
f 1516/1077/2396 1499/1072/2361 1498/1072/2360 1515/1077/2394 
f 1517/17/2397 1508/1074/2367 1499/1072/2361 1516/1077/2396 
f 1517/17/2397 1518/17/2398 1509/1074/2368 1508/1074/2367 
f 1512/10/2399 1509/1074/2368 1518/17/2398 1519/18/2400 
f 1520/14/54 1513/14/54 1512/10/2399 1521/10/55 
f 1512/10/2399 1519/18/2400 1522/18/56 1521/10/55 
s 2
f 36/18/1509 33/19/185 1521/10/184 1522/18/1509 
f 32/9/988 1520/14/988 1521/10/184 33/19/185 
s 8
f 1510/1071/2401 1511/1075/2402 1523/1078/2402 1524/1079/2403 
f 1525/1080/2404 1514/1076/2405 1510/1071/2401 1524/1079/2403 
s 1
f 1526/1081/2406 1527/809/2407 1524/1079/2408 1523/1078/2406 
f 1525/1080/2409 1524/1079/2408 1527/809/2407 1528/1082/2410 
s 2
f 1529/1083/2411 1527/809/2412 1526/1081/2413 1530/25/2413 
f 1529/1083/2411 1531/1082/2414 1528/1082/2415 1527/809/2412 
s 1
f 1529/1083/2416 1530/25/2417 1532/29/2418 1533/1083/2419 
f 1531/1082/2420 1529/1083/2416 1533/1083/2419 1534/1084/2421 
f 1533/1083/2419 1532/29/2418 1535/1085/2422 1536/1086/2423 
f 1536/1086/2423 1537/1087/2424 1534/1084/2421 1533/1083/2419 
f 1535/1085/2422 1538/1088/2425 1539/1089/2426 1536/1086/2423 
f 1539/1089/2426 1540/34/2427 1537/1087/2424 1536/1086/2423 
s 2
f 1539/1089/2428 1538/1088/2429 1541/1090/2429 1542/35/2430 
f 1540/34/2431 1539/1089/2428 1542/35/2430 1543/1091/2432 
s 1
f 1544/1092/2433 1545/1093/2434 1546/16/2435 1547/780/2436 
f 1548/1094/2437 1549/1076/2438 1550/1095/2439 1551/1096/2440 
f 1552/46/2441 1516/1077/2396 1515/1077/2394 1553/1097/2442 
f 1554/1092/2443 1555/47/2444 1556/18/2445 1557/1093/2446 
f 1518/17/2398 1517/17/2397 1558/1098/2447 1559/1098/2448 
s 2
f 1547/780/2449 1552/46/2450 1558/1098/2451 1544/1092/2452 
s 4
f 1517/17/190 1545/1093/190 1544/1092/37 1558/1098/37 
s 2
f 1517/17/2453 1516/1077/2454 1546/16/2455 1545/1093/2456 
s 4
f 1516/1077/184 1552/46/185 1547/780/185 1546/16/184 
s 2
f 1550/1095/2457 1560/1099/2458 1553/1097/2459 1551/1096/2460 
s 4
f 1515/1077/190 1548/1094/190 1551/1096/28 1553/1097/37 
s 2
f 1515/1077/2461 1514/1076/2462 1549/1076/2463 1548/1094/2464 
s 4
f 1514/1076/184 1560/1099/185 1550/1095/185 1549/1076/184 
s 2
f 1561/57/37 1519/18/190 1556/18/190 1555/47/28 
s 4
f 1519/18/2465 1518/17/2466 1557/1093/2467 1556/18/2468 
s 2
f 1554/1092/185 1557/1093/184 1518/17/184 1559/1098/185 
s 4
f 1554/1092/2469 1559/1098/2470 1561/57/2471 1555/47/2472 
s 1
f 1553/1097/2442 1560/1099/2473 1562/1100/2474 1563/777/2475 
f 1552/46/2441 1553/1097/2442 1563/777/2475 1564/51/2476 
f 1565/54/2477 1558/1098/2447 1552/46/2441 1564/51/2476 
f 1565/54/2477 1566/54/2478 1559/1098/2448 1558/1098/2447 
f 1561/57/2479 1559/1098/2448 1566/54/2478 1567/55/2480 
f 1561/57/2479 1568/57/138 1522/18/56 1519/18/2400 
f 1561/57/2479 1567/55/2480 1569/55/139 1568/57/138 
s 2
f 88/47/2481 1568/57/2482 1569/55/2483 91/56/2483 
f 1522/18/1509 1568/57/2482 88/47/2481 36/18/1509 
s 8
f 1525/1080/2404 1570/1101/2484 1560/1099/2485 1514/1076/2405 
f 1570/1101/2484 1571/1102/2486 1562/1100/2487 1560/1099/2485 
s 1
f 1528/1082/2410 1572/1103/2488 1570/1101/2489 1525/1080/2409 
f 1570/1101/2489 1572/1103/2488 1573/65/2490 1571/1102/2491 
s 2
f 1531/1082/2414 1574/66/2492 1572/1103/2493 1528/1082/2415 
f 1573/65/2494 1572/1103/2493 1574/66/2492 1575/67/2495 
s 1
f 1534/1084/2421 1576/1104/2496 1574/66/2497 1531/1082/2420 
f 1576/1104/2496 1577/1105/2498 1575/67/2499 1574/66/2497 
f 1537/1087/2424 1578/1106/2500 1576/1104/2496 1534/1084/2421 
f 1576/1104/2496 1578/1106/2500 1579/1107/2501 1577/1105/2498 
f 1537/1087/2424 1540/34/2427 1580/1108/2502 1578/1106/2500 
f 1579/1107/2501 1578/1106/2500 1580/1108/2502 1581/1109/2503 
s 2
f 1540/34/2431 1543/1091/2432 1582/1110/2504 1580/1108/2505 
f 1580/1108/2505 1582/1110/2504 1583/1111/2506 1581/1109/2507 
s 1
f 1584/74/2508 1585/1112/2509 1586/98/2510 1587/78/2511 
f 1588/1113/2512 1589/92/2513 1590/98/2514 1591/50/2515 
f 1592/1114/2516 1564/51/2476 1563/777/2475 1593/1115/2517 
f 1594/74/2518 1595/83/2519 1596/56/2520 1597/1112/2521 
f 1565/54/2477 1598/84/2522 1599/84/2523 1566/54/2478 
s 2
f 1598/84/2524 1584/74/2525 1587/78/2526 1592/1114/2527 
s 4
f 1584/74/28 1598/84/28 1565/54/28 1585/1112/28 
s 2
f 1565/54/2528 1564/51/2529 1586/98/2530 1585/1112/2531 
s 4
f 1564/51/23 1592/1114/23 1587/78/23 1586/98/23 
s 2
f 1593/1115/2532 1589/92/2533 1588/1113/2534 1600/74/2535 
s 4
f 1593/1115/28 1563/777/28 1590/98/28 1589/92/28 
s 2
f 1591/50/2536 1590/98/2537 1563/777/2538 1562/1100/2539 
s 4
f 1588/1113/185 1591/50/23 1562/1100/23 1600/74/185 
s 2
f 1567/55/28 1596/56/28 1595/83/28 1601/751/28 
s 4
f 1567/55/2540 1566/54/2541 1597/1112/2542 1596/56/2543 
s 2
f 1594/74/23 1597/1112/23 1566/54/23 1599/84/23 
s 4
f 1594/74/2544 1599/84/2545 1601/751/2546 1595/83/2547 
s 1
f 1602/757/2548 1603/1116/2549 1593/1115/2517 1600/74/2550 
f 1603/1116/2549 1604/1117/2551 1592/1114/2516 1593/1115/2517 
f 1605/1118/2552 1598/84/2522 1592/1114/2516 1604/1117/2551 
f 1599/84/2523 1598/84/2522 1605/1118/2552 1606/1118/2553 
f 1601/751/2554 1599/84/2523 1606/1118/2553 1607/91/2555 
f 1567/55/2480 1601/751/2554 1608/86/215 1569/55/139 
f 1601/751/2554 1607/91/2555 1609/91/216 1608/86/215 
s 2
f 134/83/2556 1608/86/2483 1609/91/2557 136/92/2557 
f 134/83/2556 91/56/2483 1569/55/2483 1608/86/2483 
s 8
f 1610/1119/2558 1600/74/2559 1562/1100/2487 1571/1102/2486 
f 1602/757/2560 1600/74/2559 1610/1119/2558 1611/1120/2561 
s 1
f 1610/1119/2562 1571/1102/2491 1573/65/2490 1612/76/2563 
f 1612/76/2563 1613/1121/2564 1611/1120/2565 1610/1119/2562 
s 2
f 1614/1122/2566 1612/76/2567 1573/65/2494 1575/67/2495 
f 1614/1122/2566 1615/1123/2568 1613/1121/2569 1612/76/2567 
s 1
f 1614/1122/2570 1575/67/2499 1577/1105/2498 1616/777/2571 
f 1616/777/2571 1617/1124/2572 1615/1123/2573 1614/1122/2570 
f 1618/1125/2574 1616/777/2571 1577/1105/2498 1579/1107/2501 
f 1617/1124/2572 1616/777/2571 1618/1125/2574 1619/76/2575 
f 1620/1126/2576 1618/1125/2574 1579/1107/2501 1581/1109/2503 
f 1620/1126/2576 1621/1127/2577 1619/76/2575 1618/1125/2574 
s 2
f 1622/1128/2578 1620/1126/2579 1581/1109/2507 1583/1111/2506 
f 1620/1126/2579 1622/1128/2578 1623/1129/2580 1621/1127/2581 
s 1
f 1624/1130/2582 1625/1131/2583 1626/1132/2584 1627/110/2585 
f 1628/128/2586 1629/755/2587 1630/725/2588 1631/1133/2589 
f 1632/719/2590 1604/1117/2551 1603/1116/2549 1633/1134/2591 
f 1634/1132/2592 1635/117/2593 1636/92/2594 1637/110/2595 
f 1605/1118/2552 1638/118/2596 1639/118/2597 1606/1118/2553 
s 2
f 1638/118/2598 1626/1132/2599 1625/1131/2600 1632/719/2601 
s 4
f 1627/110/190 1626/1132/28 1638/118/37 1605/1118/190 
s 2
f 1624/1130/2602 1627/110/2603 1605/1118/2604 1604/1117/2605 
s 4
f 1625/1131/185 1624/1130/184 1604/1117/184 1632/719/185 
s 2
f 1630/725/2606 1640/1135/2607 1633/1134/2608 1631/1133/2609 
s 4
f 1633/1134/37 1603/1116/190 1628/128/190 1631/1133/28 
s 2
f 1629/755/2610 1628/128/2611 1603/1116/2612 1602/757/2613 
s 4
f 1630/725/185 1629/755/184 1602/757/184 1640/1135/185 
s 2
f 1607/91/190 1636/92/190 1635/117/28 1641/120/37 
s 4
f 1637/110/2614 1636/92/2615 1607/91/2616 1606/1118/2617 
s 2
f 1606/1118/184 1639/118/185 1634/1132/185 1637/110/184 
s 4
f 1634/1132/2618 1639/118/2619 1641/120/2620 1635/117/2621 
s 1
f 1633/1134/2591 1640/1135/2622 1642/1136/2623 1643/1137/2624 
f 1633/1134/2591 1643/1137/2624 1644/1138/2625 1632/719/2590 
f 1632/719/2590 1644/1138/2625 1645/716/2626 1638/118/2596 
f 1638/118/2596 1645/716/2626 1646/716/2627 1639/118/2597 
f 1646/716/2627 1647/1139/2628 1641/120/2629 1639/118/2597 
f 1609/91/216 1607/91/2555 1641/120/2629 1648/120/2630 
f 1641/120/2629 1647/1139/2628 1649/1139/289 1648/120/2630 
s 2
f 180/117/2631 1648/120/2631 1649/1139/2632 182/126/2632 
f 136/92/2557 1609/91/2557 1648/120/2631 180/117/2631 
s 8
f 1611/1120/2561 1650/1117/2633 1640/1135/2634 1602/757/2560 
f 1642/1136/2635 1640/1135/2634 1650/1117/2633 1651/179/2636 
s 1
f 1613/1121/2564 1652/1140/2637 1650/1117/2638 1611/1120/2565 
f 1651/179/2639 1650/1117/2638 1652/1140/2637 1653/1141/2640 
s 2
f 1613/1121/2569 1615/1123/2568 1654/750/2641 1652/1140/2642 
f 1652/1140/2642 1654/750/2641 1655/1142/2643 1653/1141/2644 
s 1
f 1656/745/2645 1654/750/2646 1615/1123/2573 1617/1124/2572 
f 1655/1142/2647 1654/750/2646 1656/745/2645 1657/1143/2648 
f 1617/1124/2572 1619/76/2575 1658/1144/2649 1656/745/2645 
f 1657/1143/2648 1656/745/2645 1658/1144/2649 1659/1145/2650 
f 1658/1144/2649 1619/76/2575 1621/1127/2577 1660/1146/2651 
f 1659/1145/2650 1658/1144/2649 1660/1146/2651 1661/1147/2652 
s 2
f 1662/1148/2653 1660/1146/2654 1621/1127/2581 1623/1129/2580 
f 1660/1146/2654 1662/1148/2653 1663/1149/2655 1661/1147/2656 
s 1
f 1664/146/2657 1665/1150/2658 1666/698/2659 1667/1151/2660 
f 1668/1152/2661 1669/1153/2662 1670/1154/2663 1671/1155/2664 
f 1644/1138/2625 1643/1137/2624 1672/687/2665 1673/1156/2666 
f 1674/126/2667 1675/1150/2668 1676/146/2669 1677/154/2670 
f 1678/155/2671 1679/155/2672 1646/716/2627 1645/716/2626 
s 2
f 1678/155/2673 1664/146/2674 1667/1151/2675 1673/1156/2676 
s 4
f 1645/716/28 1665/1150/28 1664/146/28 1678/155/28 
s 2
f 1645/716/2677 1644/1138/2678 1666/698/2679 1665/1150/2680 
s 4
f 1644/1138/23 1673/1156/23 1667/1151/23 1666/698/23 
s 2
f 1668/1152/2681 1680/1157/2682 1672/687/2683 1669/1153/2684 
s 4
f 1643/1137/113 1670/1154/113 1669/1153/28 1672/687/28 
s 2
f 1643/1137/2685 1642/1136/2686 1671/1155/2687 1670/1154/2688 
s 4
f 1668/1152/23 1671/1155/23 1642/1136/23 1680/1157/23 
s 2
f 1647/1139/28 1674/126/28 1677/154/37 1681/165/28 
s 4
f 1647/1139/2689 1646/716/2690 1675/1150/2691 1674/126/2692 
s 2
f 1646/716/23 1679/155/23 1676/146/23 1675/1150/23 
s 4
f 1676/146/2693 1679/155/2694 1681/165/2695 1677/154/2696 
s 1
f 1682/1158/2697 1683/1159/2698 1672/687/2665 1680/1157/2699 
f 1673/1156/2666 1672/687/2665 1683/1159/2698 1684/657/2700 
f 1685/161/2701 1678/155/2671 1673/1156/2666 1684/657/2700 
f 1685/161/2701 1686/161/2702 1679/155/2672 1678/155/2671 
f 1681/165/2703 1679/155/2672 1686/161/2702 1687/689/2704 
f 1688/165/360 1649/1139/289 1647/1139/2628 1681/165/2703 
f 1681/165/2703 1687/689/2704 1689/689/361 1688/165/360 
s 2
f 226/163/2705 1688/165/2706 1689/689/2707 228/164/2707 
f 182/126/2632 1649/1139/2632 1688/165/2706 226/163/2705 
s 8
f 1651/179/2636 1690/114/2708 1680/1157/2709 1642/1136/2635 
f 1682/1158/2710 1680/1157/2709 1690/114/2708 1691/1138/2711 
s 1
f 1651/179/2639 1653/1141/2640 1692/1160/2712 1690/114/2713 
f 1691/1138/2714 1690/114/2713 1692/1160/2712 1693/1161/2715 
s 2
f 1655/1142/2643 1694/1162/2716 1692/1160/2717 1653/1141/2644 
f 1694/1162/2716 1695/705/2718 1693/1161/2719 1692/1160/2717 
s 1
f 1655/1142/2647 1657/1143/2648 1696/1163/2720 1694/1162/2721 
f 1694/1162/2721 1696/1163/2720 1697/1164/2722 1695/705/2723 
f 1696/1163/2720 1657/1143/2648 1659/1145/2650 1698/118/2724 
f 1698/118/2724 1699/1165/2725 1697/1164/2722 1696/1163/2720 
f 1698/118/2724 1659/1145/2650 1661/1147/2652 1700/727/2726 
f 1701/1166/2727 1699/1165/2725 1698/118/2724 1700/727/2726 
s 2
f 1700/727/2728 1661/1147/2656 1663/1149/2655 1702/1167/2729 
f 1702/1167/2729 1703/176/2730 1701/1166/2731 1700/727/2728 
s 1
f 1704/1168/2732 1705/1169/2733 1706/181/2734 1707/1170/2735 
f 1708/1168/2736 1709/352/2737 1710/1171/2738 1711/1172/2739 
f 1712/1173/2740 1684/657/2700 1683/1159/2698 1713/1174/2741 
f 1714/191/2742 1715/1170/2743 1716/181/2744 1717/192/2745 
f 1685/161/2701 1718/193/2746 1719/193/2747 1686/161/2702 
s 2
f 1705/1169/2748 1712/1173/2749 1718/193/2750 1706/181/2751 
s 4
f 1707/1170/190 1706/181/28 1718/193/37 1685/161/190 
s 2
f 1704/1168/2752 1707/1170/2753 1685/161/2754 1684/657/2755 
s 4
f 1684/657/184 1712/1173/185 1705/1169/185 1704/1168/184 
s 2
f 1708/1168/2756 1720/1175/2757 1713/1174/2758 1709/352/2759 
s 4
f 1713/1174/37 1683/1159/190 1710/1171/190 1709/352/28 
s 2
f 1711/1172/2760 1710/1171/2761 1683/1159/2762 1682/1158/2763 
s 4
f 1708/1168/185 1711/1172/184 1682/1158/184 1720/1175/185 
s 2
f 1717/192/28 1721/195/37 1687/689/190 1714/191/190 
s 4
f 1715/1170/2764 1714/191/2765 1687/689/2766 1686/161/2767 
s 2
f 1686/161/184 1719/193/185 1716/181/185 1715/1170/184 
s 4
f 1716/181/2768 1719/193/2769 1721/195/2770 1717/192/2771 
s 1
f 1722/1176/2772 1723/1177/2773 1713/1174/2741 1720/1175/2774 
f 1712/1173/2740 1713/1174/2741 1723/1177/2773 1724/1178/2775 
f 1725/1179/2776 1718/193/2746 1712/1173/2740 1724/1178/2775 
f 1719/193/2747 1718/193/2746 1725/1179/2776 1726/1179/2777 
f 1721/195/2778 1719/193/2747 1726/1179/2777 1727/200/2779 
f 1721/195/2778 1728/195/432 1689/689/361 1687/689/2704 
f 1721/195/2778 1727/200/2779 1729/200/433 1728/195/432 
s 2
f 1728/195/2780 1729/200/2781 274/196/2782 272/201/2783 
f 272/201/2783 228/164/2707 1689/689/2707 1728/195/2780 
s 8
f 1720/1175/2784 1682/1158/2710 1691/1138/2711 1730/672/2785 
f 1722/1176/2786 1720/1175/2784 1730/672/2785 1731/153/2787 
s 1
f 1691/1138/2714 1693/1161/2715 1732/1158/2788 1730/672/2789 
f 1731/153/2790 1730/672/2789 1732/1158/2788 1733/1180/2791 
s 2
f 1732/1158/2792 1693/1161/2719 1695/705/2718 1734/1181/2793 
f 1733/1180/2794 1732/1158/2792 1734/1181/2793 1735/1182/2795 
s 1
f 1695/705/2723 1697/1164/2722 1736/1183/2796 1734/1181/2797 
f 1735/1182/2798 1734/1181/2797 1736/1183/2796 1737/248/2799 
f 1738/1184/2800 1736/1183/2796 1697/1164/2722 1699/1165/2725 
f 1738/1184/2800 1739/1185/2801 1737/248/2799 1736/1183/2796 
f 1699/1165/2725 1701/1166/2727 1740/1134/2802 1738/1184/2800 
f 1741/697/2803 1739/1185/2801 1738/1184/2800 1740/1134/2802 
s 2
f 1742/1186/2804 1740/1134/2805 1701/1166/2731 1703/176/2730 
f 1740/1134/2805 1742/1186/2804 1743/1187/2806 1741/697/2807 
s 1
f 1744/1188/2808 1745/1189/2809 1746/217/2810 1747/216/2811 
f 1748/547/2812 1749/238/2813 1750/1190/2814 1751/574/2815 
f 1752/224/2816 1724/1178/2775 1723/1177/2773 1753/262/2817 
f 1754/217/2818 1755/225/2819 1756/196/2820 1757/216/2821 
f 1758/1191/2822 1759/1191/2823 1726/1179/2777 1725/1179/2776 
s 2
f 1745/1189/2824 1752/224/2825 1758/1191/2826 1746/217/2827 
s 4
f 1725/1179/28 1747/216/28 1746/217/28 1758/1191/28 
s 2
f 1725/1179/2828 1724/1178/2829 1744/1188/2830 1747/216/2831 
s 4
f 1744/1188/23 1724/1178/23 1752/224/23 1745/1189/23 
s 2
f 1750/1190/2832 1760/1192/2833 1753/262/2834 1751/574/2835 
s 4
f 1751/574/28 1753/262/28 1723/1177/28 1748/547/28 
s 2
f 1749/238/2836 1748/547/2837 1723/1177/2838 1722/1176/2839 
s 4
f 1750/1190/23 1749/238/23 1722/1176/23 1760/1192/23 
s 2
f 1727/200/28 1756/196/28 1755/225/28 1761/228/28 
s 4
f 1757/216/2840 1756/196/2841 1727/200/2842 1726/1179/2843 
s 2
f 1754/217/23 1757/216/23 1726/1179/23 1759/1191/23 
s 4
f 1761/228/2844 1755/225/2845 1754/217/2846 1759/1191/2847 
s 1
f 1753/262/2817 1760/1192/2848 1762/1193/2849 1763/1194/2850 
f 1753/262/2817 1763/1194/2850 1764/631/2851 1752/224/2816 
f 1765/1195/2852 1758/1191/2822 1752/224/2816 1764/631/2851 
f 1766/1195/2853 1759/1191/2823 1758/1191/2822 1765/1195/2852 
f 1761/228/2854 1759/1191/2823 1766/1195/2853 1767/264/2855 
f 1727/200/2779 1761/228/2854 1768/228/505 1729/200/433 
f 1769/264/506 1768/228/505 1761/228/2854 1767/264/2855 
s 2
f 318/234/2856 1768/228/2782 1769/264/2857 320/235/2857 
f 318/234/2856 274/196/2782 1729/200/2781 1768/228/2782 
s 8
f 1722/1176/2786 1731/153/2787 1770/1196/2858 1760/1192/2859 
f 1771/1197/2860 1762/1193/2861 1760/1192/2859 1770/1196/2858 
s 1
f 1733/1180/2791 1772/1198/2862 1770/1196/2863 1731/153/2790 
f 1771/1197/2864 1770/1196/2863 1772/1198/2862 1773/280/2865 
s 2
f 1774/1199/2866 1772/1198/2867 1733/1180/2794 1735/1182/2795 
f 1772/1198/2867 1774/1199/2866 1775/1200/2868 1773/280/2869 
s 1
f 1737/248/2799 1776/1201/2870 1774/1199/2871 1735/1182/2798 
f 1776/1201/2870 1777/1168/2872 1775/1200/2873 1774/1199/2871 
f 1778/184/2874 1776/1201/2870 1737/248/2799 1739/1185/2801 
f 1776/1201/2870 1778/184/2874 1779/677/2875 1777/1168/2872 
f 1739/1185/2801 1741/697/2803 1780/1180/2876 1778/184/2874 
f 1780/1180/2876 1781/1202/2877 1779/677/2875 1778/184/2874 
s 2
f 1743/1187/2806 1782/1203/2878 1780/1180/2879 1741/697/2807 
f 1781/1202/2880 1780/1180/2879 1782/1203/2878 1783/1204/2881 
s 1
f 1784/483/2882 1785/251/2883 1786/1205/2884 1787/1206/2885 
f 1788/259/2886 1789/1207/2887 1790/1208/2888 1791/1209/2889 
f 1792/258/2890 1793/1210/2891 1764/631/2851 1763/1194/2850 
f 1794/483/2892 1795/260/2893 1796/1211/2894 1797/251/2895 
f 1766/1195/2853 1765/1195/2852 1798/261/2896 1799/261/2897 
s 2
f 1798/261/2898 1784/483/2899 1787/1206/2900 1793/1210/2901 
s 4
f 1785/251/190 1784/483/28 1798/261/37 1765/1195/190 
s 2
f 1786/1205/2902 1785/251/2903 1765/1195/2904 1764/631/2905 
s 4
f 1793/1210/185 1787/1206/185 1786/1205/184 1764/631/184 
s 2
f 1790/1208/2906 1800/1212/2907 1792/258/2908 1791/1209/2909 
s 4
f 1792/258/37 1763/1194/190 1788/259/190 1791/1209/37 
s 2
f 1789/1207/2910 1788/259/2911 1763/1194/2912 1762/1193/2913 
s 4
f 1800/1212/185 1790/1208/185 1789/1207/184 1762/1193/184 
s 2
f 1801/263/37 1767/264/190 1796/1211/190 1795/260/28 
s 4
f 1767/264/2914 1766/1195/2915 1797/251/2916 1796/1211/2917 
s 2
f 1797/251/184 1766/1195/184 1799/261/185 1794/483/185 
s 4
f 1794/483/2918 1799/261/2919 1801/263/2920 1795/260/2921 
s 1
f 1792/258/2890 1800/1212/2922 1802/1213/2923 1803/1214/2924 
f 1793/1210/2891 1792/258/2890 1803/1214/2924 1804/266/2925 
f 1793/1210/2891 1804/266/2925 1805/480/2926 1798/261/2896 
f 1806/480/2927 1799/261/2897 1798/261/2896 1805/480/2926 
f 1801/263/2928 1799/261/2897 1806/480/2927 1807/268/2929 
f 1769/264/506 1767/264/2855 1801/263/2928 1808/263/577 
f 1801/263/2928 1807/268/2929 1809/268/579 1808/263/577 
s 2
f 366/270/2930 364/269/2931 1808/263/2931 1809/268/2930 
f 320/235/2857 1769/264/2857 1808/263/2931 364/269/2931 
s 8
f 1810/545/2932 1800/1212/2933 1762/1193/2861 1771/1197/2860 
f 1811/1215/2934 1802/1213/2935 1800/1212/2933 1810/545/2932 
s 1
f 1771/1197/2864 1773/280/2865 1812/1216/2936 1810/545/2937 
f 1811/1215/2938 1810/545/2937 1812/1216/2936 1813/1217/2939 
s 2
f 1814/584/2940 1812/1216/2941 1773/280/2869 1775/1200/2868 
f 1813/1217/2942 1812/1216/2941 1814/584/2940 1815/195/2943 
s 1
f 1775/1200/2873 1777/1168/2872 1816/1218/2944 1814/584/2945 
f 1815/195/2946 1814/584/2945 1816/1218/2944 1817/582/2947 
f 1777/1168/2872 1779/677/2875 1818/1219/2948 1816/1218/2944 
f 1818/1219/2948 1819/197/2949 1817/582/2947 1816/1218/2944 
f 1781/1202/2877 1820/1220/2950 1818/1219/2948 1779/677/2875 
f 1819/197/2949 1818/1219/2948 1820/1220/2950 1821/187/2951 
s 2
f 1822/1221/2952 1820/1220/2953 1781/1202/2880 1783/1204/2881 
f 1821/187/2954 1820/1220/2953 1822/1221/2952 1823/1222/2955 
s 1
f 1824/298/2956 1825/287/2957 1826/1223/2958 1827/1224/2959 
f 1828/1225/2960 1829/1226/2961 1830/448/2962 1831/1194/2963 
f 1832/1227/2964 1833/1228/2965 1804/266/2925 1803/1214/2924 
f 1834/298/2966 1835/297/2967 1836/296/2968 1837/287/2969 
f 1805/480/2926 1838/1229/2970 1839/1229/2971 1806/480/2927 
s 2
f 1827/1224/2972 1833/1228/2973 1838/1229/2974 1824/298/2975 
s 4
f 1838/1229/28 1805/480/28 1825/287/28 1824/298/28 
s 2
f 1826/1223/2976 1825/287/2977 1805/480/2978 1804/266/2979 
s 4
f 1833/1228/23 1827/1224/23 1826/1223/23 1804/266/23 
s 2
f 1828/1225/2980 1840/1230/2981 1832/1227/2982 1829/1226/2983 
s 4
f 1803/1214/28 1830/448/28 1829/1226/28 1832/1227/28 
s 2
f 1803/1214/2984 1802/1213/2985 1831/1194/2986 1830/448/2987 
s 4
f 1828/1225/23 1831/1194/108 1802/1213/108 1840/1230/23 
s 2
f 1807/268/28 1836/296/28 1835/297/28 1841/301/28 
s 4
f 1807/268/2988 1806/480/2989 1837/287/2990 1836/296/2991 
s 2
f 1806/480/23 1839/1229/23 1834/298/23 1837/287/23 
s 4
f 1841/301/2992 1835/297/2993 1834/298/2994 1839/1229/2995 
s 1
f 1842/1231/2996 1843/1232/2997 1832/1227/2964 1840/1230/2998 
f 1833/1228/2965 1832/1227/2964 1843/1232/2997 1844/524/2999 
f 1833/1228/2965 1844/524/2999 1845/1233/3000 1838/1229/2970 
f 1846/1233/3001 1839/1229/2971 1838/1229/2970 1845/1233/3000 
f 1841/301/3002 1839/1229/2971 1846/1233/3001 1847/306/3003 
f 1841/301/3002 1848/301/650 1809/268/579 1807/268/2929 
f 1841/301/3002 1847/306/3003 1849/306/651 1848/301/650 
s 2
f 410/307/3004 1848/301/3004 1849/306/3005 412/308/3006 
f 366/270/2930 1809/268/2930 1848/301/3004 410/307/3004 
s 8
f 1840/1230/3007 1802/1213/2935 1811/1215/2934 1850/233/3008 
f 1842/1231/3009 1840/1230/3007 1850/233/3008 1851/1205/3010 
s 1
f 1850/233/3011 1811/1215/2938 1813/1217/2939 1852/1234/3012 
f 1851/1205/3013 1850/233/3011 1852/1234/3012 1853/1235/3014 
s 2
f 1813/1217/2942 1815/195/2943 1854/1236/3015 1852/1234/3016 
f 1854/1236/3015 1855/1237/3017 1853/1235/3018 1852/1234/3016 
s 1
f 1815/195/2946 1817/582/2947 1856/1238/3019 1854/1236/3020 
f 1855/1237/3021 1854/1236/3020 1856/1238/3019 1857/1239/3022 
f 1858/584/3023 1856/1238/3019 1817/582/2947 1819/197/2949 
f 1857/1239/3022 1856/1238/3019 1858/584/3023 1859/1240/3024 
f 1858/584/3023 1819/197/2949 1821/187/2951 1860/1241/3025 
f 1860/1241/3025 1861/1242/3026 1859/1240/3024 1858/584/3023 
s 2
f 1823/1222/2955 1862/1243/3027 1860/1241/3028 1821/187/2954 
f 1860/1241/3028 1862/1243/3027 1863/653/3029 1861/1242/3030 
s 1
f 1864/323/3031 1865/338/3032 1866/1244/3033 1867/324/3034 
f 1868/1245/3035 1869/263/3036 1870/1246/3037 1871/1247/3038 
f 1872/1248/3039 1844/524/2999 1843/1232/2997 1873/331/3040 
f 1874/308/3041 1875/324/3042 1876/1244/3043 1877/1249/3044 
f 1846/1233/3001 1845/1233/3000 1878/1250/3045 1879/1250/3046 
s 2
f 1878/1250/3047 1866/1244/3048 1865/338/3049 1872/1248/3050 
s 4
f 1845/1233/190 1867/324/190 1866/1244/28 1878/1250/37 
s 2
f 1845/1233/3051 1844/524/3052 1864/323/3053 1867/324/3054 
s 4
f 1864/323/184 1844/524/184 1872/1248/185 1865/338/185 
s 2
f 1870/1246/3055 1880/1251/3056 1873/331/3057 1871/1247/3058 
s 4
f 1873/331/37 1843/1232/190 1868/1245/190 1871/1247/28 
s 2
f 1843/1232/3059 1842/1231/3060 1869/263/3061 1868/1245/3062 
s 4
f 1870/1246/185 1869/263/3063 1842/1231/3063 1880/1251/185 
s 2
f 1847/306/190 1874/308/190 1877/1249/28 1881/335/37 
s 4
f 1847/306/3064 1846/1233/3065 1875/324/3066 1874/308/3067 
s 2
f 1875/324/184 1846/1233/184 1879/1250/23 1876/1244/185 
s 4
f 1876/1244/3068 1879/1250/3069 1881/335/3070 1877/1249/3071 
s 1
f 1882/1252/3072 1883/1253/3073 1873/331/3040 1880/1251/3074 
f 1884/1254/3075 1872/1248/3039 1873/331/3040 1883/1253/3073 
f 1885/1255/3076 1878/1250/3045 1872/1248/3039 1884/1254/3075 
f 1885/1255/3076 1886/1255/3077 1879/1250/3046 1878/1250/3045 
f 1886/1255/3077 1887/340/3078 1881/335/3079 1879/1250/3046 
f 1888/335/722 1849/306/651 1847/306/3003 1881/335/3079 
f 1887/340/3078 1889/340/723 1888/335/722 1881/335/3079 
s 2
f 458/341/3080 457/332/3081 1888/335/3081 1889/340/3080 
f 457/332/3081 412/308/3006 1849/306/3005 1888/335/3081 
s 8
f 1851/1205/3010 1890/378/3082 1880/1251/3083 1842/1231/3009 
f 1891/1256/3084 1882/1252/3085 1880/1251/3083 1890/378/3082 
s 1
f 1890/378/3086 1851/1205/3013 1853/1235/3014 1892/350/3087 
f 1890/378/3086 1892/350/3087 1893/1257/3088 1891/1256/3089 
s 2
f 1855/1237/3017 1894/1258/3090 1892/350/3091 1853/1235/3018 
f 1893/1257/3092 1892/350/3091 1894/1258/3090 1895/1259/3093 
s 1
f 1855/1237/3021 1857/1239/3022 1896/1260/3094 1894/1258/3095 
f 1896/1260/3094 1897/1261/3096 1895/1259/3097 1894/1258/3095 
f 1898/610/3098 1896/1260/3094 1857/1239/3022 1859/1240/3024 
f 1897/1261/3096 1896/1260/3094 1898/610/3098 1899/1207/3099 
f 1861/1242/3026 1900/1262/3100 1898/610/3098 1859/1240/3024 
f 1900/1262/3100 1901/227/3101 1899/1207/3099 1898/610/3098 
s 2
f 1900/1262/3102 1861/1242/3030 1863/653/3029 1902/1263/3103 
f 1901/227/3104 1900/1262/3102 1902/1263/3103 1903/1264/3105 
s 1
f 1904/358/3106 1905/1265/3107 1906/356/3108 1907/326/3109 
f 1908/1266/3110 1909/1267/3111 1910/1268/3112 1911/559/3113 
f 1912/532/3114 1884/1254/3075 1883/1253/3073 1913/367/3115 
f 1914/356/3116 1915/366/3117 1916/365/3118 1917/326/3119 
f 1918/1269/3120 1919/1269/3121 1886/1255/3077 1885/1255/3076 
s 2
f 1905/1265/3122 1912/532/3123 1918/1269/3124 1906/356/3125 
s 4
f 1906/356/28 1918/1269/28 1885/1255/28 1907/326/28 
s 2
f 1885/1255/3126 1884/1254/3127 1904/358/3128 1907/326/3129 
s 4
f 1884/1254/23 1912/532/23 1905/1265/23 1904/358/23 
s 2
f 1913/367/3130 1909/1267/3131 1908/1266/3132 1920/307/3133 
s 4
f 1913/367/28 1883/1253/28 1910/1268/28 1909/1267/28 
s 2
f 1883/1253/3134 1882/1252/3135 1911/559/3136 1910/1268/3137 
s 4
f 1911/559/23 1882/1252/23 1920/307/23 1908/1266/23 
s 2
f 1921/368/28 1887/340/28 1916/365/28 1915/366/28 
s 4
f 1917/326/3138 1916/365/3139 1887/340/3140 1886/1255/3141 
s 2
f 1886/1255/23 1919/1269/23 1914/356/23 1917/326/23 
s 4
f 1914/356/3142 1919/1269/3143 1921/368/3144 1915/366/3145 
s 1
f 1922/1270/3146 1923/1271/3147 1913/367/3115 1920/307/3148 
f 1924/1272/3149 1912/532/3114 1913/367/3115 1923/1271/3147 
f 1912/532/3114 1924/1272/3149 1925/1272/3150 1918/1269/3120 
f 1925/1272/3150 1926/1272/3151 1919/1269/3121 1918/1269/3120 
f 1926/1272/3151 1927/1273/3152 1921/368/3153 1919/1269/3121 
f 1921/368/3153 1928/368/795 1889/340/723 1887/340/3078 
f 1927/1273/3152 1929/1273/796 1928/368/795 1921/368/3153 
s 2
f 503/374/3154 1928/368/3154 1929/1273/3155 504/375/3155 
f 503/374/3154 458/341/3080 1889/340/3080 1928/368/3154 
s 8
f 1920/307/3156 1882/1252/3085 1891/1256/3084 1930/1274/3157 
f 1931/563/3158 1922/1270/3159 1920/307/3156 1930/1274/3157 
s 1
f 1930/1274/3160 1891/1256/3089 1893/1257/3088 1932/1275/3160 
f 1931/563/3161 1930/1274/3160 1932/1275/3160 1933/1276/3162 
s 2
f 1934/309/3163 1932/1275/3164 1893/1257/3092 1895/1259/3093 
f 1933/1276/3165 1932/1275/3164 1934/309/3163 1935/1277/3166 
s 1
f 1934/309/3167 1895/1259/3097 1897/1261/3096 1936/540/3168 
f 1935/1277/3169 1934/309/3167 1936/540/3168 1937/382/3170 
f 1936/540/3168 1897/1261/3096 1899/1207/3099 1938/1278/3171 
f 1938/1278/3171 1939/1279/3172 1937/382/3170 1936/540/3168 
f 1901/227/3101 1940/1280/3173 1938/1278/3171 1899/1207/3099 
f 1939/1279/3172 1938/1278/3171 1940/1280/3173 1941/519/3174 
s 2
f 1942/1281/3175 1940/1280/3176 1901/227/3104 1903/1264/3105 
f 1941/519/3177 1940/1280/3176 1942/1281/3175 1943/1282/3178 
s 1
f 1944/1283/3179 1945/1284/3180 1946/406/3181 1947/401/3182 
f 1948/1285/3183 1949/1286/3184 1950/407/3185 1951/398/3186 
f 1952/1287/3187 1953/1288/3188 1924/1272/3149 1923/1271/3147 
f 1954/402/3189 1955/401/3190 1956/406/3191 1957/1289/3192 
f 1958/404/3193 1926/1272/3151 1925/1272/3150 1959/404/3194 
s 2
f 1959/404/3195 1946/406/3196 1945/1284/3197 1953/1288/3198 
s 4
f 1959/404/28 1925/1272/37 1947/401/37 1946/406/28 
s 2
f 1944/1283/3199 1947/401/3200 1925/1272/3201 1924/1272/3202 
s 4
f 1953/1288/185 1945/1284/185 1944/1283/184 1924/1272/184 
s 2
f 1952/1287/3203 1951/398/3204 1950/407/3205 1960/528/3206 
s 4
f 1951/398/28 1952/1287/37 1923/1271/37 1948/1285/37 
s 2
f 1949/1286/3207 1948/1285/3208 1923/1271/3209 1922/1270/3210 
s 4
f 1949/1286/3063 1922/1270/3063 1960/528/185 1950/407/185 
s 2
f 1927/1273/37 1954/402/37 1957/1289/28 1961/1290/37 
s 4
f 1955/401/3211 1954/402/3212 1927/1273/3213 1926/1272/3214 
s 2
f 1926/1272/184 1958/404/23 1956/406/23 1955/401/184 
s 4
f 1956/406/3215 1958/404/3216 1961/1290/3217 1957/1289/3218 
s 1
f 1962/1291/3219 1963/1292/3220 1952/1287/3187 1960/528/3221 
f 1953/1288/3188 1952/1287/3187 1963/1292/3220 1964/1293/3222 
f 1965/410/3223 1959/404/3194 1953/1288/3188 1964/1293/3222 
f 1966/410/3224 1958/404/3193 1959/404/3194 1965/410/3223 
f 1961/1290/3225 1958/404/3193 1966/410/3224 1967/411/3226 
f 1927/1273/3152 1961/1290/3225 1968/1290/869 1929/1273/796 
f 1969/411/870 1968/1290/869 1961/1290/3225 1967/411/3226 
s 2
f 550/413/3227 548/412/3228 1968/1290/3228 1969/411/3227 
f 548/412/3228 504/375/3155 1929/1273/3155 1968/1290/3228 
s 8
f 1931/563/3158 1970/1294/3229 1960/528/3230 1922/1270/3159 
f 1971/1295/3231 1962/1291/3232 1960/528/3230 1970/1294/3229 
s 1
f 1972/1296/3233 1970/1294/3234 1931/563/3161 1933/1276/3162 
f 1971/1295/3235 1970/1294/3234 1972/1296/3233 1973/1297/3236 
s 2
f 1935/1277/3166 1974/1298/3237 1972/1296/3238 1933/1276/3165 
f 1973/1297/3239 1972/1296/3238 1974/1298/3237 1975/588/3240 
s 1
f 1935/1277/3169 1937/382/3170 1976/1299/3241 1974/1298/3242 
f 1975/588/3243 1974/1298/3242 1976/1299/3241 1977/1300/3244 
f 1978/625/3245 1976/1299/3241 1937/382/3170 1939/1279/3172 
f 1976/1299/3241 1978/625/3245 1979/1301/3246 1977/1300/3244 
f 1980/1302/3247 1978/625/3245 1939/1279/3172 1941/519/3174 
f 1979/1301/3246 1978/625/3245 1980/1302/3247 1981/1279/3248 
s 2
f 1941/519/3177 1943/1282/3178 1982/1303/3249 1980/1302/3250 
f 1981/1279/3251 1980/1302/3250 1982/1303/3249 1983/313/3252 
s 1
f 1984/427/3253 1985/1304/3254 1986/375/3255 1987/1305/3256 
f 1988/392/3257 1989/1244/3258 1990/338/3259 1991/464/3260 
f 1992/442/3261 1964/1293/3222 1963/1292/3220 1993/465/3262 
f 1994/435/3263 1995/1304/3264 1996/427/3265 1997/1306/3266 
f 1998/430/3267 1999/430/3268 1966/410/3224 1965/410/3223 
s 2
f 1998/430/3269 1984/427/3270 1987/1305/3271 1992/442/3272 
s 4
f 1998/430/28 1965/410/28 1985/1304/28 1984/427/28 
s 2
f 1965/410/3273 1964/1293/3274 1986/375/3275 1985/1304/3276 
s 4
f 1987/1305/23 1986/375/23 1964/1293/23 1992/442/23 
s 2
f 1990/338/3277 2000/1307/3278 1993/465/3279 1991/464/3280 
s 4
f 1993/465/28 1963/1292/28 1988/392/28 1991/464/28 
s 2
f 1963/1292/3281 1962/1291/3282 1989/1244/3283 1988/392/3284 
s 4
f 1990/338/23 1989/1244/23 1962/1291/23 2000/1307/23 
s 2
f 2001/439/28 1967/411/28 1994/435/28 1997/1306/28 
s 4
f 1967/411/3285 1966/410/3286 1995/1304/3287 1994/435/3288 
s 2
f 1995/1304/23 1966/410/23 1999/430/23 1996/427/23 
s 4
f 2001/439/3289 1997/1306/3290 1996/427/3291 1999/430/3292 
s 1
f 2002/1308/3293 2003/1309/3294 1993/465/3262 2000/1307/3295 
f 1992/442/3261 1993/465/3262 2003/1309/3294 2004/1310/3296 
f 2005/1311/3297 1998/430/3267 1992/442/3261 2004/1310/3296 
f 2005/1311/3297 2006/1311/3298 1999/430/3268 1998/430/3267 
f 2006/1311/3298 2007/444/3299 2001/439/3300 1999/430/3268 
f 2001/439/3300 2008/439/941 1969/411/870 1967/411/3226 
f 2001/439/3300 2007/444/3299 2009/444/942 2008/439/941 
s 2
f 595/445/3301 2008/439/3301 2009/444/3302 596/445/3303 
f 595/445/3301 550/413/3227 1969/411/3227 2008/439/3301 
s 8
f 2000/1307/3304 1962/1291/3232 1971/1295/3231 2010/1312/3305 
f 2010/1312/3305 2011/478/3306 2002/1308/3307 2000/1307/3304 
s 1
f 1973/1297/3236 2012/1313/3308 2010/1312/3309 1971/1295/3235 
f 2011/478/3310 2010/1312/3309 2012/1313/3308 2013/592/3311 
s 2
f 2014/1314/3312 2012/1313/3313 1973/1297/3239 1975/588/3240 
f 2014/1314/3312 2015/452/3314 2013/592/3315 2012/1313/3313 
s 1
f 1977/1300/3244 2016/1315/3316 2014/1314/3317 1975/588/3243 
f 2014/1314/3317 2016/1315/3316 2017/454/3318 2015/452/3319 
f 1979/1301/3246 2018/1316/3320 2016/1315/3316 1977/1300/3244 
f 2019/455/3321 2017/454/3318 2016/1315/3316 2018/1316/3320 
f 2020/1317/3322 2018/1316/3320 1979/1301/3246 1981/1279/3248 
f 2020/1317/3322 2021/457/3323 2019/455/3321 2018/1316/3320 
s 2
f 1983/313/3252 2022/1318/3324 2020/1317/3325 1981/1279/3251 
f 2021/457/3326 2020/1317/3325 2022/1318/3324 2023/459/3327 
s 1
f 2024/475/3328 2025/1319/3329 2026/499/3330 2027/1310/3331 
f 2028/1320/3332 2029/1321/3333 2030/1253/3334 2031/440/3335 
f 2032/1322/3336 2033/1323/3337 2004/1310/3296 2003/1309/3294 
f 2034/475/3338 2035/427/3339 2036/436/3340 2037/1319/3341 
f 2005/1311/3297 2038/469/3342 2039/469/3343 2006/1311/3298 
s 2
f 2027/1310/3344 2033/1323/3345 2038/469/3346 2024/475/3347 
s 4
f 2024/475/28 2038/469/28 2005/1311/37 2025/1319/37 
s 2
f 2005/1311/3348 2004/1310/3349 2026/499/3350 2025/1319/3351 
s 4
f 2004/1310/185 2033/1323/23 2027/1310/185 2026/499/185 
s 2
f 2030/1253/3352 2040/1324/3353 2032/1322/3354 2031/440/3355 
s 4
f 2032/1322/37 2003/1309/37 2028/1320/37 2031/440/28 
s 2
f 2003/1309/3356 2002/1308/3357 2029/1321/3358 2028/1320/3359 
s 4
f 2002/1308/3360 2040/1324/23 2030/1253/185 2029/1321/3360 
s 2
f 2041/430/37 2007/444/37 2036/436/37 2035/427/28 
s 4
f 2037/1319/3361 2036/436/3362 2007/444/3363 2006/1311/3364 
s 2
f 2034/475/23 2037/1319/185 2006/1311/185 2039/469/23 
s 4
f 2041/430/3365 2035/427/3366 2034/475/3367 2039/469/3368 
s 1
f 2032/1322/3336 2040/1324/3369 2042/330/3370 2043/1283/3371 
f 2033/1323/3337 2032/1322/3336 2043/1283/3371 2044/1325/3372 
f 2033/1323/3337 2044/1325/3372 2045/1326/3373 2038/469/3342 
f 2046/1326/3374 2039/469/3343 2038/469/3342 2045/1326/3373 
f 2046/1326/3374 2047/474/3375 2041/430/3376 2039/469/3343 
f 2048/430/1017 2009/444/942 2007/444/3299 2041/430/3376 
f 2041/430/3376 2047/474/3375 2049/474/1018 2048/430/1017 
s 2
f 2048/430/3377 2049/474/108 2050/476/108 2051/475/3378 
f 2009/444/3302 2048/430/3377 2051/475/3378 596/445/3303 
s 8
f 2040/1324/3379 2002/1308/3307 2011/478/3306 2052/594/3380 
f 2042/330/3381 2040/1324/3379 2052/594/3380 2053/1327/3382 
s 1
f 2011/478/3310 2013/592/3311 2054/1328/3383 2052/594/3384 
f 2052/594/3384 2054/1328/3383 2055/452/3385 2053/1327/3386 
s 2
f 2013/592/3315 2015/452/3314 2056/1329/3387 2054/1328/3388 
f 2055/452/3389 2054/1328/3388 2056/1329/3387 2057/1330/3390 
s 1
f 2015/452/3319 2017/454/3318 2058/416/3391 2056/1329/3392 
f 2056/1329/3392 2058/416/3391 2059/588/3393 2057/1330/3394 
f 2058/416/3391 2017/454/3318 2019/455/3321 2060/1331/3395 
f 2058/416/3391 2060/1331/3395 2061/1332/3396 2059/588/3393 
f 2021/457/3323 2062/577/3397 2060/1331/3395 2019/455/3321 
f 2062/577/3397 2063/1333/3398 2061/1332/3396 2060/1331/3395 
s 2
f 2062/577/3399 2021/457/3326 2023/459/3327 2064/1334/3400 
f 2064/1334/3400 2065/1278/3401 2063/1333/3402 2062/577/3399 
s 1
f 2066/1335/3403 2067/491/3404 2068/1336/3405 2069/413/3406 
f 2070/1292/3407 2071/1337/3408 2072/556/3409 2073/1338/3410 
f 2074/1339/3411 2044/1325/3372 2043/1283/3371 2075/1340/3412 
f 2076/1336/3413 2077/499/3414 2078/498/3415 2079/413/3416 
f 2046/1326/3374 2045/1326/3373 2080/392/3417 2081/392/3418 
s 2
f 2067/491/3419 2074/1339/3420 2080/392/3421 2068/1336/3422 
s 4
f 2080/392/28 2045/1326/28 2069/413/28 2068/1336/28 
s 2
f 2045/1326/3423 2044/1325/3424 2066/1335/3425 2069/413/3426 
s 4
f 2044/1325/23 2074/1339/23 2067/491/23 2066/1335/23 
s 2
f 2072/556/3427 2082/1341/3428 2075/1340/3429 2073/1338/3430 
s 4
f 2075/1340/28 2043/1283/28 2070/1292/28 2073/1338/28 
s 2
f 2071/1337/3431 2070/1292/3432 2043/1283/3433 2042/330/3434 
s 4
f 2072/556/23 2071/1337/988 2042/330/988 2082/1341/23 
s 2
f 2047/474/28 2078/498/28 2077/499/28 2083/501/28 
s 4
f 2079/413/3435 2078/498/3436 2047/474/3437 2046/1326/3438 
s 2
f 2079/413/23 2046/1326/23 2081/392/23 2076/1336/23 
s 4
f 2076/1336/3439 2081/392/3440 2083/501/3441 2077/499/3442 
s 1
f 2084/1342/3443 2085/1343/3444 2075/1340/3412 2082/1341/3445 
f 2085/1343/3444 2086/1344/3446 2074/1339/3411 2075/1340/3412 
f 2087/366/3447 2080/392/3417 2074/1339/3411 2086/1344/3446 
f 2087/366/3447 2088/366/3448 2081/392/3418 2080/392/3417 
f 2088/366/3448 2089/467/3449 2083/501/3450 2081/392/3418 
f 2090/501/1090 2049/474/1018 2047/474/3375 2083/501/3450 
f 2091/505/1091 2090/501/1090 2083/501/3450 2089/467/3449 
s 2
f 2092/392/108 2093/499/108 2090/501/108 2091/505/108 
f 2090/501/108 2093/499/108 2050/476/108 2049/474/108 
s 8
f 2042/330/3381 2053/1327/3382 2094/334/3451 2082/1341/3452 
f 2082/1341/3452 2094/334/3451 2095/1345/3453 2084/1342/3454 
s 1
f 2096/261/3455 2094/334/3456 2053/1327/3386 2055/452/3385 
f 2096/261/3455 2097/1346/3457 2095/1345/3457 2094/334/3456 
s 2
f 2057/1330/3390 2098/1346/3458 2096/261/3459 2055/452/3389 
f 2097/1346/3460 2096/261/3459 2098/1346/3458 2099/1347/3461 
s 1
f 2100/1348/3462 2098/1346/3463 2057/1330/3394 2059/588/3393 
f 2100/1348/3462 2101/381/3464 2099/1347/3465 2098/1346/3463 
f 2061/1332/3396 2102/310/3466 2100/1348/3462 2059/588/3393 
f 2100/1348/3462 2102/310/3466 2103/458/3467 2101/381/3464 
f 2061/1332/3396 2063/1333/3398 2104/1349/3468 2102/310/3466 
f 2104/1349/3468 2105/1303/3469 2103/458/3467 2102/310/3466 
s 2
f 2065/1278/3401 2106/1350/3470 2104/1349/3471 2063/1333/3402 
f 2107/1351/3472 2105/1303/3473 2104/1349/3471 2106/1350/3470 
s 1
f 2108/1352/3474 2109/431/3475 2110/1353/3476 2111/1354/3477 
f 2112/1355/3478 2113/1356/3479 2114/1357/3480 2115/339/3481 
f 2116/556/3482 2117/1358/3483 2086/1344/3446 2085/1343/3444 
f 2118/530/3484 2119/1354/3485 2120/1353/3486 2121/531/3487 
f 2088/366/3448 2087/366/3447 2122/532/3488 2123/532/3489 
s 2
f 2109/431/3490 2117/1358/3491 2122/532/3492 2110/1353/3493 
s 4
f 2110/1353/28 2122/532/37 2087/366/37 2111/1354/37 
s 2
f 2087/366/3494 2086/1344/3495 2108/1352/3496 2111/1354/3497 
s 4
f 2109/431/185 2108/1352/185 2086/1344/185 2117/1358/23 
s 2
f 2114/1357/3498 2124/1226/3499 2116/556/3500 2115/339/3501 
s 4
f 2085/1343/37 2112/1355/37 2115/339/28 2116/556/37 
s 2
f 2113/1356/3502 2112/1355/3503 2085/1343/3504 2084/1342/3505 
s 4
f 2114/1357/185 2113/1356/3506 2084/1342/3506 2124/1226/23 
s 2
f 2125/533/37 2089/467/37 2118/530/37 2121/531/28 
s 4
f 2119/1354/3507 2118/530/3508 2089/467/3509 2088/366/3510 
s 2
f 2120/1353/23 2119/1354/185 2088/366/185 2123/532/23 
s 4
f 2120/1353/3511 2123/532/3512 2125/533/3513 2121/531/3514 
s 1
f 2116/556/3482 2124/1226/3515 2126/1359/3516 2127/1342/3517 
f 2128/1360/3518 2117/1358/3483 2116/556/3482 2127/1342/3517 
f 2117/1358/3483 2128/1360/3518 2129/1340/3519 2122/532/3488 
f 2129/1340/3519 2130/1340/3520 2123/532/3489 2122/532/3488 
f 2125/533/3521 2123/532/3489 2130/1340/3520 2131/358/3522 
f 2091/505/1091 2089/467/3449 2125/533/3521 2132/533/1164 
f 2133/358/1165 2132/533/1164 2125/533/3521 2131/358/3522 
s 2
f 2134/538/108 2135/537/108 2132/533/108 2133/358/108 
f 2091/505/108 2132/533/108 2135/537/108 2092/392/108 
s 8
f 2124/1226/3523 2084/1342/3454 2095/1345/3453 2136/1361/3524 
f 2126/1359/3525 2124/1226/3523 2136/1361/3524 2137/1209/3526 
s 1
f 2097/1346/3457 2138/235/3527 2136/1361/3528 2095/1345/3457 
f 2137/1209/3529 2136/1361/3528 2138/235/3527 2139/1362/3530 
s 2
f 2097/1346/3460 2099/1347/3461 2140/1363/3531 2138/235/3532 
f 2141/1364/3533 2139/1362/3534 2138/235/3532 2140/1363/3531 
s 1
f 2101/381/3464 2142/1365/3535 2140/1363/3536 2099/1347/3465 
f 2143/218/3537 2141/1364/3538 2140/1363/3536 2142/1365/3535 
f 2103/458/3467 2144/1237/3539 2142/1365/3535 2101/381/3464 
f 2144/1237/3539 2145/388/3540 2143/218/3537 2142/1365/3535 
f 2146/1366/3541 2144/1237/3539 2103/458/3467 2105/1303/3469 
f 2147/351/3542 2145/388/3540 2144/1237/3539 2146/1366/3541 
s 2
f 2148/1367/3543 2146/1366/3544 2105/1303/3473 2107/1351/3472 
f 2148/1367/3543 2149/1368/3545 2147/351/3546 2146/1366/3544 
s 1
f 2150/1369/3547 2151/370/3548 2152/1370/3549 2153/1371/3550 
f 2154/1372/3551 2155/1373/3552 2156/1374/3553 2157/1375/3554 
f 2128/1360/3518 2127/1342/3517 2158/1376/3555 2159/288/3556 
f 2160/1369/3557 2161/561/3558 2162/560/3559 2163/370/3560 
f 2129/1340/3519 2164/562/3561 2165/562/3562 2130/1340/3520 
s 2
f 2164/562/3563 2150/1369/3564 2153/1371/3565 2159/288/3566 
s 4
f 2150/1369/28 2164/562/28 2129/1340/37 2151/370/37 
s 2
f 2129/1340/3567 2128/1360/3568 2152/1370/3569 2151/370/3570 
s 4
f 2159/288/23 2153/1371/23 2152/1370/185 2128/1360/185 
s 2
f 2158/1376/3571 2155/1373/3572 2154/1372/3573 2166/1377/3574 
s 4
f 2127/1342/37 2156/1374/37 2155/1373/28 2158/1376/28 
s 2
f 2127/1342/3575 2126/1359/3576 2157/1375/3577 2156/1374/3578 
s 4
f 2126/1359/23 2166/1377/23 2154/1372/23 2157/1375/23 
s 2
f 2161/561/28 2167/1378/37 2131/358/37 2162/560/37 
s 4
f 2163/370/3579 2162/560/3580 2131/358/3581 2130/1340/3582 
s 2
f 2130/1340/185 2165/562/23 2160/1369/23 2163/370/185 
s 4
f 2160/1369/3583 2165/562/3584 2167/1378/3585 2161/561/3586 
s 1
f 2158/1376/3555 2166/1377/3587 2168/1379/3588 2169/334/3589 
f 2170/1380/3590 2159/288/3556 2158/1376/3555 2169/334/3589 
f 2159/288/3556 2170/1380/3590 2171/568/3591 2164/562/3561 
f 2164/562/3561 2171/568/3591 2172/568/3592 2165/562/3562 
f 2167/1378/3593 2165/562/3562 2172/568/3592 2173/569/3594 
f 2167/1378/3593 2174/564/1240 2133/358/1165 2131/358/3522 
f 2173/569/3594 2175/569/1241 2174/564/1240 2167/1378/3593 
s 2
f 2175/569/108 2176/571/108 2177/570/108 2174/564/108 
f 2174/564/108 2177/570/108 2134/538/108 2133/358/108 
s 8
f 2137/1209/3526 2178/1381/3595 2166/1377/3596 2126/1359/3525 
f 2168/1379/3597 2166/1377/3596 2178/1381/3595 2179/1382/3598 
s 1
f 2178/1381/3599 2137/1209/3529 2139/1362/3530 2180/625/3600 
f 2179/1382/3601 2178/1381/3599 2180/625/3600 2181/458/3602 
s 2
f 2139/1362/3534 2141/1364/3533 2182/1383/3603 2180/625/3604 
f 2181/458/3605 2180/625/3604 2182/1383/3603 2183/645/3606 
s 1
f 2143/218/3537 2184/575/3607 2182/1383/3608 2141/1364/3538 
f 2183/645/3609 2182/1383/3608 2184/575/3607 2185/217/3610 
f 2186/353/3611 2184/575/3607 2143/218/3537 2145/388/3540 
f 2186/353/3611 2187/1384/3612 2185/217/3610 2184/575/3607 
f 2147/351/3542 2188/1217/3613 2186/353/3611 2145/388/3540 
f 2187/1384/3612 2186/353/3611 2188/1217/3613 2189/583/3614 
s 2
f 2149/1368/3545 2190/651/3615 2188/1217/3616 2147/351/3546 
f 2188/1217/3616 2190/651/3615 2191/1385/3617 2189/583/3618 
s 1
f 2192/594/3619 2193/550/3620 2194/1386/3621 2195/1387/3622 
f 2196/1388/3623 2197/286/3624 2198/627/3625 2199/1256/3626 
f 2200/1313/3627 2201/1389/3628 2170/1380/3590 2169/334/3589 
f 2202/594/3629 2203/595/3630 2204/571/3631 2205/550/3632 
f 2206/596/3633 2207/596/3634 2172/568/3592 2171/568/3591 
s 2
f 2206/596/3635 2192/594/3636 2195/1387/3637 2201/1389/3638 
s 4
f 2206/596/28 2171/568/37 2193/550/37 2192/594/28 
s 2
f 2171/568/3639 2170/1380/3640 2194/1386/3641 2193/550/3642 
s 4
f 2201/1389/23 2195/1387/23 2194/1386/185 2170/1380/185 
s 2
f 2200/1313/3643 2199/1256/3644 2198/627/3645 2208/508/3646 
s 4
f 2199/1256/28 2200/1313/37 2169/334/1514 2196/1388/1514 
s 2
f 2197/286/3647 2196/1388/3648 2169/334/3649 2168/1379/3650 
s 4
f 2168/1379/3506 2208/508/23 2198/627/23 2197/286/3506 
s 2
f 2173/569/37 2204/571/37 2203/595/28 2209/604/37 
s 4
f 2205/550/3651 2204/571/3652 2173/569/3653 2172/568/3654 
s 2
f 2202/594/23 2205/550/185 2172/568/185 2207/596/23 
s 4
f 2209/604/3655 2203/595/3656 2202/594/3657 2207/596/3658 
s 1
f 2200/1313/3627 2208/508/3659 2210/513/3660 2211/600/3661 
f 2212/1390/3662 2201/1389/3628 2200/1313/3627 2211/600/3661 
f 2201/1389/3628 2212/1390/3662 2213/1391/3663 2206/596/3633 
f 2214/1391/3664 2207/596/3634 2206/596/3633 2213/1391/3663 
f 2214/1391/3664 2215/260/3665 2209/604/3666 2207/596/3634 
f 2175/569/1241 2173/569/3594 2209/604/3666 2216/604/1313 
f 2215/260/3665 2217/260/3667 2216/604/1313 2209/604/3666 
s 2
f 2217/260/108 2218/603/108 2219/602/108 2216/604/108 
f 2175/569/108 2216/604/108 2219/602/108 2176/571/108 
s 8
f 2208/508/3668 2168/1379/3597 2179/1382/3598 2220/345/3669 
f 2221/251/3670 2210/513/3671 2208/508/3668 2220/345/3669 
s 1
f 2220/345/3672 2179/1382/3601 2181/458/3602 2222/1392/3673 
f 2223/549/3674 2221/251/3675 2220/345/3672 2222/1392/3673 
s 2
f 2222/1392/3676 2181/458/3605 2183/645/3606 2224/1393/3677 
f 2225/1394/3678 2223/549/3679 2222/1392/3676 2224/1393/3677 
s 1
f 2226/1178/3680 2224/1393/3681 2183/645/3609 2185/217/3610 
f 2224/1393/3681 2226/1178/3680 2227/1395/3682 2225/1394/3683 
f 2228/1396/3684 2226/1178/3680 2185/217/3610 2187/1384/3612 
f 2226/1178/3680 2228/1396/3684 2229/321/3685 2227/1395/3682 
f 2230/636/3686 2228/1396/3684 2187/1384/3612 2189/583/3614 
f 2229/321/3685 2228/1396/3684 2230/636/3686 2231/1397/3687 
s 2
f 2191/1385/3617 2232/1398/3688 2230/636/3689 2189/583/3618 
f 2232/1398/3688 2233/1399/3690 2231/1397/3691 2230/636/3689 
s 1
f 2234/452/3692 2235/299/3693 2236/482/3694 2237/486/3695 
f 2238/252/3696 2239/1348/3697 2240/1400/3698 2241/1401/3699 
f 2242/1402/3700 2212/1390/3662 2211/600/3661 2243/1403/3701 
f 2244/452/3702 2245/626/3703 2246/450/3704 2247/299/3705 
f 2213/1391/3663 2248/1404/3706 2249/1404/3707 2214/1391/3664 
s 2
f 2248/1404/3708 2234/452/3709 2237/486/3710 2242/1402/3711 
s 4
f 2213/1391/140 2235/299/140 2234/452/28 2248/1404/28 
s 2
f 2213/1391/3712 2212/1390/3713 2236/482/3714 2235/299/3715 
s 4
f 2237/486/23 2236/482/988 2212/1390/988 2242/1402/185 
s 2
f 2240/1400/3716 2250/1405/3717 2243/1403/3718 2241/1401/3719 
s 4
f 2241/1401/28 2243/1403/28 2211/600/140 2238/252/140 
s 2
f 2239/1348/3720 2238/252/3721 2211/600/3722 2210/513/3723 
s 4
f 2210/513/185 2250/1405/185 2240/1400/185 2239/1348/185 
s 2
f 2245/626/37 2251/250/28 2215/260/28 2246/450/28 
s 4
f 2215/260/3724 2214/1391/3725 2247/299/3726 2246/450/3727 
s 2
f 2244/452/23 2247/299/988 2214/1391/988 2249/1404/23 
s 4
f 2251/250/3728 2245/626/3729 2244/452/3730 2249/1404/3731 
s 1
f 2243/1403/3701 2250/1405/3732 2252/386/3733 2253/1406/3734 
f 2254/579/3735 2242/1402/3700 2243/1403/3701 2253/1406/3734 
f 2242/1402/3700 2254/579/3735 2255/513/3736 2248/1404/3706 
f 2249/1404/3707 2248/1404/3706 2255/513/3736 2256/513/3737 
f 2251/250/3738 2249/1404/3707 2256/513/3737 2257/1189/3739 
f 2258/250/1385 2217/260/3667 2215/260/3665 2251/250/3738 
f 2251/250/3738 2257/1189/3739 2259/1189/1386 2258/250/1385 
s 2
f 2260/631/108 2261/383/108 2258/250/108 2259/1189/108 
f 2261/383/108 2218/603/108 2217/260/108 2258/250/108 
s 8
f 2262/1407/3740 2250/1405/3741 2210/513/3671 2221/251/3670 
f 2252/386/3742 2250/1405/3741 2262/1407/3740 2263/1395/3743 
s 1
f 2262/1407/3744 2221/251/3675 2223/549/3674 2264/1408/3745 
f 2262/1407/3744 2264/1408/3745 2265/240/3746 2263/1395/3747 
s 2
f 2223/549/3679 2225/1394/3678 2266/671/3748 2264/1408/3749 
f 2266/671/3748 2267/1409/3750 2265/240/3751 2264/1408/3749 
s 1
f 2266/671/3752 2225/1394/3683 2227/1395/3682 2268/1410/3753 
f 2268/1410/3753 2269/1411/3754 2267/1409/3755 2266/671/3752 
f 2270/1412/3756 2268/1410/3753 2227/1395/3682 2229/321/3685 
f 2271/1413/3757 2269/1411/3754 2268/1410/3753 2270/1412/3756 
f 2231/1397/3687 2272/1414/3758 2270/1412/3756 2229/321/3685 
f 2271/1413/3757 2270/1412/3756 2272/1414/3758 2273/1415/3759 
s 2
f 2233/1399/3690 2274/1416/3760 2272/1414/3761 2231/1397/3691 
f 2273/1415/3762 2272/1414/3761 2274/1416/3760 2275/1417/3763 
s 1
f 2276/488/3764 2277/420/3765 2278/457/3766 2279/1418/3767 
f 2280/487/3768 2281/1419/3769 2282/1420/3770 2283/651/3771 
f 2284/1197/3772 2285/1421/3773 2254/579/3735 2253/1406/3734 
f 2286/488/3774 2287/650/3775 2288/631/3776 2289/420/3777 
f 2256/513/3737 2255/513/3736 2290/1422/3778 2291/1422/3779 
s 2
f 2279/1418/3780 2285/1421/3781 2290/1422/3782 2276/488/3783 
s 4
f 2277/420/37 2276/488/28 2290/1422/28 2255/513/37 
s 2
f 2278/457/3784 2277/420/3785 2255/513/3786 2254/579/3787 
s 4
f 2279/1418/23 2278/457/1509 2254/579/1509 2285/1421/23 
s 2
f 2282/1420/3788 2292/1423/3789 2284/1197/3790 2283/651/3791 
s 4
f 2284/1197/28 2253/1406/1514 2280/487/1514 2283/651/28 
s 2
f 2281/1419/3792 2280/487/3793 2253/1406/3794 2252/386/3795 
s 4
f 2252/386/3506 2292/1423/23 2282/1420/23 2281/1419/3506 
s 2
f 2293/275/37 2257/1189/1514 2288/631/1514 2287/650/28 
s 4
f 2257/1189/3796 2256/513/3797 2289/420/3798 2288/631/3799 
s 2
f 2256/513/185 2291/1422/23 2286/488/23 2289/420/185 
s 4
f 2286/488/3800 2291/1422/3801 2293/275/3802 2287/650/3803 
s 1
f 2294/199/3804 2295/1424/3805 2284/1197/3772 2292/1423/3806 
f 2284/1197/3772 2295/1424/3805 2296/1425/3807 2285/1421/3773 
f 2285/1421/3773 2296/1425/3807 2297/314/3808 2290/1422/3778 
f 2291/1422/3779 2290/1422/3778 2297/314/3808 2298/314/3809 
f 2293/275/3810 2291/1422/3779 2298/314/3809 2299/355/3811 
f 2259/1189/1386 2257/1189/3739 2293/275/3810 2300/275/1457 
f 2293/275/3810 2299/355/3811 2301/355/1458 2300/275/1457 
s 2
f 2302/353/108 2303/655/108 2300/275/108 2301/355/108 
f 2260/631/108 2259/1189/108 2300/275/108 2303/655/108 
s 8
f 2304/1426/3812 2292/1423/3813 2252/386/3742 2263/1395/3743 
f 2294/199/3814 2292/1423/3813 2304/1426/3812 2305/1427/3815 
s 1
f 2306/1428/3816 2304/1426/3817 2263/1395/3747 2265/240/3746 
f 2305/1427/3818 2304/1426/3817 2306/1428/3816 2307/1429/3819 
s 2
f 2265/240/3751 2267/1409/3750 2308/1430/3820 2306/1428/3821 
f 2309/677/3822 2307/1429/3823 2306/1428/3821 2308/1430/3820 
s 1
f 2267/1409/3755 2269/1411/3754 2310/1431/3824 2308/1430/3825 
f 2311/1432/3826 2309/677/3827 2308/1430/3825 2310/1431/3824 
f 2271/1413/3757 2312/1203/3828 2310/1431/3824 2269/1411/3754 
f 2312/1203/3828 2313/692/3829 2311/1432/3826 2310/1431/3824 
f 2271/1413/3757 2273/1415/3759 2314/1433/3830 2312/1203/3828 
f 2313/692/3829 2312/1203/3828 2314/1433/3830 2315/1434/3831 
s 2
f 2275/1417/3763 2316/1435/3832 2314/1433/3833 2273/1415/3762 
f 2316/1435/3832 2317/1436/3834 2315/1434/3835 2314/1433/3833 
s 1
f 2318/1437/3836 2319/1438/3837 2320/671/3838 2321/1439/3839 
f 2322/1440/3840 2323/659/3841 2324/1441/3842 2325/320/3843 
f 2326/678/3844 2327/1442/3845 2296/1425/3807 2295/1424/3805 
f 2328/227/3846 2329/1439/3847 2330/671/3848 2331/679/3849 
f 2297/314/3808 2332/680/3850 2333/680/3851 2298/314/3809 
s 2
f 2319/1438/3852 2327/1442/3853 2332/680/3854 2320/671/3855 
s 4
f 2297/314/140 2321/1439/140 2320/671/28 2332/680/28 
s 2
f 2318/1437/3856 2321/1439/3857 2297/314/3858 2296/1425/3859 
s 4
f 2327/1442/185 2319/1438/185 2318/1437/988 2296/1425/988 
s 2
f 2322/1440/3860 2334/660/3861 2326/678/3862 2323/659/3863 
s 4
f 2326/678/28 2295/1424/140 2324/1441/140 2323/659/37 
s 2
f 2295/1424/3864 2294/199/3865 2325/320/3866 2324/1441/3867 
s 4
f 2322/1440/185 2325/320/988 2294/199/988 2334/660/185 
s 2
f 2299/355/140 2328/227/140 2331/679/28 2335/159/28 
s 4
f 2329/1439/3868 2328/227/3869 2299/355/3870 2298/314/3871 
s 2
f 2329/1439/988 2298/314/988 2333/680/185 2330/671/988 
s 4
f 2330/671/3872 2333/680/3873 2335/159/3874 2331/679/3875 
s 1
f 2336/1443/3876 2337/1444/3877 2326/678/3844 2334/660/3878 
f 2327/1442/3845 2326/678/3844 2337/1444/3877 2338/685/3879 
f 2339/1445/3880 2332/680/3850 2327/1442/3845 2338/685/3879 
f 2333/680/3851 2332/680/3850 2339/1445/3880 2340/1445/3881 
f 2335/159/3882 2333/680/3851 2340/1445/3881 2341/641/3883 
f 2335/159/3882 2342/682/3884 2301/355/1458 2299/355/3811 
f 2341/641/3883 2343/641/1532 2342/682/3884 2335/159/3882 
s 2
f 2343/641/108 2344/689/108 2345/688/108 2342/682/108 
f 2302/353/108 2301/355/108 2342/682/108 2345/688/108 
s 8
f 2334/660/3885 2294/199/3814 2305/1427/3815 2346/1444/3886 
f 2346/1444/3886 2347/1172/3887 2336/1443/3888 2334/660/3885 
s 1
f 2305/1427/3818 2307/1429/3819 2348/1446/3889 2346/1444/3890 
f 2348/1446/3889 2349/1447/3891 2347/1172/3892 2346/1444/3890 
s 2
f 2348/1446/3893 2307/1429/3823 2309/677/3822 2350/1448/3894 
f 2348/1446/3893 2350/1448/3894 2351/1449/3895 2349/1447/3896 
s 1
f 2309/677/3827 2311/1432/3826 2352/148/3897 2350/1448/3898 
f 2351/1449/3899 2350/1448/3898 2352/148/3897 2353/1450/3900 
f 2313/692/3829 2354/1451/3901 2352/148/3897 2311/1432/3826 
f 2354/1451/3901 2355/1452/3902 2353/1450/3900 2352/148/3897 
f 2354/1451/3901 2313/692/3829 2315/1434/3831 2356/1164/3903 
f 2354/1451/3901 2356/1164/3903 2357/1162/3904 2355/1452/3902 
s 2
f 2356/1164/3905 2315/1434/3835 2317/1436/3834 2358/1453/3906 
f 2357/1162/3907 2356/1164/3905 2358/1453/3906 2359/1454/3908 
s 1
f 2360/1455/3909 2361/1456/3910 2362/1457/3911 2363/707/3912 
f 2364/1458/3913 2365/1459/3914 2366/1460/3915 2367/120/3916 
f 2368/1461/3917 2369/711/3918 2338/685/3879 2337/1444/3877 
f 2370/1457/3919 2371/713/3920 2372/147/3921 2373/707/3922 
f 2374/714/3923 2375/714/3924 2340/1445/3881 2339/1445/3880 
s 2
f 2361/1456/3925 2369/711/3926 2374/714/3927 2362/1457/3928 
s 4
f 2363/707/1514 2362/1457/28 2374/714/28 2339/1445/1514 
s 2
f 2360/1455/3929 2363/707/3930 2339/1445/3931 2338/685/3932 
s 4
f 2338/685/1509 2369/711/23 2361/1456/23 2360/1455/1509 
s 2
f 2366/1460/3933 2376/1131/3934 2368/1461/3935 2367/120/3936 
s 4
f 2337/1444/1514 2364/1458/1514 2367/120/37 2368/1461/37 
s 2
f 2365/1459/3937 2364/1458/3938 2337/1444/3939 2336/1443/3940 
s 4
f 2336/1443/1509 2376/1131/23 2366/1460/23 2365/1459/1509 
s 2
f 2341/641/1514 2372/147/1514 2371/713/28 2377/715/37 
s 4
f 2373/707/3941 2372/147/3942 2341/641/3943 2340/1445/3944 
s 2
f 2370/1457/23 2373/707/1509 2340/1445/1509 2375/714/23 
s 4
f 2370/1457/3945 2375/714/3946 2377/715/3947 2371/713/3948 
s 1
f 2378/1462/3949 2379/716/3950 2368/1461/3917 2376/1131/3951 
f 2380/1463/3952 2369/711/3918 2368/1461/3917 2379/716/3950 
f 2369/711/3918 2380/1463/3952 2381/667/3953 2374/714/3923 
f 2382/718/3954 2375/714/3924 2374/714/3923 2381/667/3953 
f 2382/718/3954 2383/214/3955 2377/715/3956 2375/714/3924 
f 2384/715/1603 2343/641/1532 2341/641/3883 2377/715/3956 
f 2385/214/1604 2384/715/1603 2377/715/3956 2383/214/3955 
s 2
f 2386/713/23 2384/715/23 2385/214/23 2387/719/23 
f 2384/715/23 2386/713/23 2344/689/108 2343/641/108 
s 8
f 2388/1464/3957 2376/1131/3958 2336/1443/3888 2347/1172/3887 
f 2378/1462/3959 2376/1131/3958 2388/1464/3957 2389/1465/3960 
s 1
f 2349/1447/3891 2390/1466/3961 2388/1464/3962 2347/1172/3892 
f 2389/1465/3963 2388/1464/3962 2390/1466/3961 2391/1467/3964 
s 2
f 2390/1466/3965 2349/1447/3896 2351/1449/3895 2392/1468/3966 
f 2390/1466/3965 2392/1468/3966 2393/1469/3967 2391/1467/3968 
s 1
f 2353/1450/3900 2394/1470/3969 2392/1468/3970 2351/1449/3899 
f 2395/1471/3971 2393/1469/3972 2392/1468/3970 2394/1470/3969 
f 2396/1472/3973 2394/1470/3969 2353/1450/3900 2355/1452/3902 
f 2397/1473/3974 2395/1471/3971 2394/1470/3969 2396/1472/3973 
f 2355/1452/3902 2357/1162/3904 2398/1117/3975 2396/1472/3973 
f 2397/1473/3974 2396/1472/3973 2398/1117/3975 2399/1474/3976 
s 2
f 2400/1475/3977 2398/1117/3978 2357/1162/3907 2359/1454/3908 
f 2399/1474/3979 2398/1117/3978 2400/1475/3977 2401/1476/3980 
s 1
f 2402/742/3981 2403/1477/3982 2404/721/3983 2405/83/3984 
f 2406/1478/3985 2407/1479/3986 2408/1480/3987 2409/1481/3988 
f 2410/1149/3989 2411/741/3990 2380/1463/3952 2379/716/3950 
f 2412/115/3991 2413/1477/3992 2414/742/3993 2415/743/3994 
f 2381/667/3953 2416/1166/3995 2417/1166/3996 2382/718/3954 
s 2
f 2405/83/3997 2411/741/3998 2416/1166/3999 2402/742/4000 
s 4
f 2381/667/140 2403/1477/140 2402/742/28 2416/1166/28 
s 2
f 2381/667/4001 2380/1463/4002 2404/721/4003 2403/1477/4004 
s 4
f 2405/83/23 2404/721/988 2380/1463/988 2411/741/23 
s 2
f 2410/1149/4005 2409/1481/4006 2408/1480/4007 2418/1141/4008 
s 4
f 2379/716/140 2406/1478/28 2409/1481/28 2410/1149/28 
s 2
f 2379/716/4009 2378/1462/4010 2407/1479/4011 2406/1478/4012 
s 4
f 2408/1480/185 2407/1479/988 2378/1462/988 2418/1141/185 
s 2
f 2419/744/28 2383/214/140 2412/115/140 2415/743/28 
s 4
f 2383/214/4013 2382/718/4014 2413/1477/4015 2412/115/4016 
s 2
f 2382/718/988 2417/1166/185 2414/742/23 2413/1477/988 
s 4
f 2419/744/4017 2415/743/4018 2414/742/4019 2417/1166/4020 
s 1
f 2410/1149/3989 2418/1141/4021 2420/1482/4022 2421/110/4023 
f 2411/741/3990 2410/1149/3989 2421/110/4023 2422/746/4024 
f 2423/748/4025 2416/1166/3995 2411/741/3990 2422/746/4024 
f 2417/1166/3996 2416/1166/3995 2423/748/4025 2424/748/4026 
f 2424/748/4026 2425/749/4027 2419/744/4028 2417/1166/3996 
f 2419/744/4028 2426/744/1676 2385/214/1604 2383/214/3955 
f 2419/744/4028 2425/749/4027 2427/749/1677 2426/744/1676 
s 2
f 2427/749/23 2428/750/23 2429/743/23 2426/744/23 
f 2387/719/23 2385/214/23 2426/744/23 2429/743/23 
s 8
f 2418/1141/4029 2378/1462/3959 2389/1465/3960 2430/745/4030 
f 2431/1483/4031 2420/1482/4032 2418/1141/4029 2430/745/4030 
s 1
f 2391/1467/3964 2432/1484/4033 2430/745/4034 2389/1465/3963 
f 2431/1483/4035 2430/745/4034 2432/1484/4033 2433/88/4036 
s 2
f 2434/1485/4037 2432/1484/4038 2391/1467/3968 2393/1469/3967 
f 2434/1485/4037 2435/1118/4039 2433/88/4040 2432/1484/4038 
s 1
f 2393/1469/3972 2395/1471/3971 2436/1486/4041 2434/1485/4042 
f 2437/1487/4043 2435/1118/4044 2434/1485/4042 2436/1486/4041 
f 2436/1486/4041 2395/1471/3971 2397/1473/3974 2438/1488/4045 
f 2439/1113/4046 2437/1487/4043 2436/1486/4041 2438/1488/4045 
f 2440/1489/4047 2438/1488/4045 2397/1473/3974 2399/1474/3976 
f 2441/1490/4048 2439/1113/4046 2438/1488/4045 2440/1489/4047 
s 2
f 2442/1491/4049 2440/1489/4050 2399/1474/3979 2401/1476/3980 
f 2443/1492/4051 2441/1490/4052 2440/1489/4050 2442/1491/4049 
s 1
f 2444/766/4053 2445/769/4054 2446/770/4055 2447/771/4056 
f 2448/1493/4057 2449/136/4058 2450/51/4059 2451/1494/4060 
f 2452/1495/4061 2453/1495/4062 2422/746/4024 2421/110/4023 
f 2454/766/4063 2455/775/4064 2456/750/4065 2457/769/4066 
f 2424/748/4026 2423/748/4025 2458/1496/4067 2459/1496/4068 
s 2
f 2447/771/4069 2453/1495/4070 2458/1496/4071 2444/766/4072 
s 4
f 2423/748/1514 2445/769/1514 2444/766/28 2458/1496/28 
s 2
f 2446/770/4073 2445/769/4074 2423/748/4075 2422/746/4076 
s 4
f 2446/770/1509 2422/746/1509 2453/1495/23 2447/771/23 
s 2
f 2450/51/4077 2460/1497/4078 2452/1495/4079 2451/1494/4080 
s 4
f 2421/110/1514 2448/1493/1514 2451/1494/190 2452/1495/37 
s 2
f 2449/136/4081 2448/1493/4082 2421/110/4083 2420/1482/4084 
s 4
f 2450/51/23 2449/136/1509 2420/1482/1509 2460/1497/23 
s 2
f 2461/778/37 2425/749/1514 2456/750/1514 2455/775/37 
s 4
f 2425/749/4085 2424/748/4086 2457/769/4087 2456/750/4088 
s 2
f 2424/748/1509 2459/1496/23 2454/766/23 2457/769/1509 
s 4
f 2454/766/4089 2459/1496/4090 2461/778/4091 2455/775/4092 
s 1
f 2462/1096/4093 2463/59/4094 2452/1495/4061 2460/1497/4095 
f 2452/1495/4061 2463/59/4094 2464/779/4096 2453/1495/4062 
f 2465/1498/4097 2458/1496/4067 2453/1495/4062 2464/779/4096 
f 2459/1496/4068 2458/1496/4067 2465/1498/4097 2466/1498/4098 
f 2461/778/4099 2459/1496/4068 2466/1498/4098 2467/783/4100 
f 2461/778/4099 2468/778/1748 2427/749/1677 2425/749/4027 
f 2461/778/4099 2467/783/4100 2469/783/1749 2468/778/1748 
s 2
f 2470/784/23 2471/775/23 2468/778/23 2469/783/23 
f 2428/750/23 2427/749/23 2468/778/23 2471/775/23 
s 8
f 2431/1483/4031 2472/1499/4101 2460/1497/4102 2420/1482/4032 
f 2473/1500/4103 2462/1096/4104 2460/1497/4102 2472/1499/4101 
s 1
f 2431/1483/4035 2433/88/4036 2474/56/4105 2472/1499/4106 
f 2473/1500/4107 2472/1499/4106 2474/56/4105 2475/791/4108 
s 2
f 2433/88/4040 2435/1118/4039 2476/1501/4109 2474/56/4110 
f 2475/791/4111 2474/56/4110 2476/1501/4109 2477/793/4112 
s 1
f 2435/1118/4044 2437/1487/4043 2478/1502/4113 2476/1501/4114 
f 2478/1502/4113 2479/1503/4115 2477/793/4116 2476/1501/4114 
f 2478/1502/4113 2437/1487/4043 2439/1113/4046 2480/1504/4117 
f 2478/1502/4113 2480/1504/4117 2481/1505/4118 2479/1503/4115 
f 2439/1113/4046 2441/1490/4048 2482/1506/4119 2480/1504/4117 
f 2481/1505/4118 2480/1504/4117 2482/1506/4119 2483/1507/4120 
s 2
f 2443/1492/4051 2484/791/4121 2482/1506/4122 2441/1490/4052 
f 2483/1507/4123 2482/1506/4122 2484/791/4121 2485/1508/4124 
s 1
f 2486/60/4125 2487/1509/4126 2488/1510/4127 2489/1511/4128 
f 2490/781/4129 2491/43/4130 2492/807/4131 2493/1511/4132 
f 2494/1512/4133 2464/779/4096 2463/59/4094 2495/1512/4134 
f 2496/784/4135 2497/1509/4136 2498/60/4137 2499/805/4138 
f 2500/806/4139 2501/806/4140 2466/1498/4098 2465/1498/4097 
s 2
f 2500/806/4141 2486/60/4142 2489/1511/4143 2494/1512/4144 
s 4
f 2500/806/28 2465/1498/140 2487/1509/140 2486/60/28 
s 2
f 2465/1498/4145 2464/779/4146 2488/1510/4147 2487/1509/4148 
s 4
f 2464/779/988 2494/1512/185 2489/1511/185 2488/1510/988 
s 2
f 2492/807/4149 2502/1513/4150 2495/1512/4151 2493/1511/4152 
s 4
f 2495/1512/28 2463/59/190 2490/781/190 2493/1511/28 
s 2
f 2491/43/4153 2490/781/4154 2463/59/4155 2462/1096/4156 
s 4
f 2502/1513/185 2492/807/185 2491/43/988 2462/1096/988 
s 2
f 2499/805/28 2503/808/28 2467/783/190 2496/784/190 
s 4
f 2497/1509/4157 2496/784/4158 2467/783/4159 2466/1498/4160 
s 2
f 2498/60/185 2497/1509/988 2466/1498/988 2501/806/185 
s 4
f 2503/808/4161 2499/805/4162 2498/60/4163 2501/806/4164 
s 1
f 2495/1512/4134 2502/1513/4165 2504/1514/4166 2505/827/4167 
f 2505/827/4167 2506/827/4168 2494/1512/4133 2495/1512/4134 
f 2507/811/4169 2500/806/4139 2494/1512/4133 2506/827/4168 
f 2500/806/4139 2507/811/4169 2508/811/4170 2501/806/4140 
f 2503/808/4171 2501/806/4140 2508/811/4170 2509/812/4172 
f 2503/808/4171 2510/808/1820 2469/783/1749 2467/783/4100 
f 2511/812/1821 2510/808/1820 2503/808/4171 2509/812/4172 
s 2
f 2511/812/23 2512/812/23 2513/805/23 2510/808/23 
f 2513/805/23 2470/784/23 2469/783/23 2510/808/23 
s 8
f 2502/1513/4173 2462/1096/4104 2473/1500/4103 2514/1515/4174 
f 2504/1514/4175 2502/1513/4173 2514/1515/4174 2515/805/4176 
s 1
f 2514/1515/4177 2473/1500/4107 2475/791/4108 2516/818/4178 
f 2516/818/4178 2517/1516/4179 2515/805/4180 2514/1515/4177 
s 2
f 2475/791/4111 2477/793/4112 2518/1517/4181 2516/818/4182 
f 2516/818/4182 2518/1517/4181 2519/1516/4183 2517/1516/4184 
s 1
f 2520/1517/4185 2518/1517/4186 2477/793/4116 2479/1503/4115 
f 2521/1518/4187 2519/1516/4188 2518/1517/4186 2520/1517/4185 
f 2522/1519/4189 2520/1517/4185 2479/1503/4115 2481/1505/4118 
f 2523/823/4190 2521/1518/4187 2520/1517/4185 2522/1519/4189 
f 2522/1519/4189 2481/1505/4118 2483/1507/4120 2524/824/4191 
f 2522/1519/4189 2524/824/4191 2525/1520/4192 2523/823/4190 
s 2
f 2483/1507/4123 2485/1508/4124 2526/1521/4193 2524/824/4194 
f 2526/1521/4193 2527/1522/4195 2525/1520/4196 2524/824/4194 
s 1
f 2528/1523/4197 2529/828/4198 2530/1524/4199 2531/1525/4200 
f 2532/1526/4201 2533/826/4202 2534/1524/4203 2535/1527/4204 
f 2536/13/4205 2537/1075/4206 2506/827/4168 2505/827/4167 
f 2538/812/4207 2539/828/4208 2540/1523/4209 2541/832/4210 
f 2507/811/4169 2542/833/4211 2543/833/4212 2508/811/4170 
s 2
f 2542/833/4213 2528/1523/4214 2531/1525/4215 2537/1075/4216 
s 4
f 2542/833/28 2507/811/113 2529/828/113 2528/1523/28 
s 2
f 2507/811/4217 2506/827/4218 2530/1524/4219 2529/828/4220 
s 4
f 2506/827/108 2537/1075/23 2531/1525/23 2530/1524/108 
s 2
f 2536/13/4221 2533/826/4222 2532/1526/4223 2544/830/4224 
s 4
f 2536/13/28 2505/827/113 2534/1524/113 2533/826/37 
s 2
f 2535/1527/4225 2534/1524/4226 2505/827/4227 2504/1514/4228 
s 4
f 2532/1526/23 2535/1527/108 2504/1514/108 2544/830/23 
s 2
f 2545/1528/28 2509/812/113 2538/812/113 2541/832/28 
s 4
f 2509/812/4229 2508/811/4230 2539/828/4231 2538/812/4232 
s 2
f 2508/811/108 2543/833/23 2540/1523/23 2539/828/108 
s 4
f 2545/1528/4233 2541/832/4234 2540/1523/4235 2543/833/4236 
s 1
f 2546/862/4237 2547/838/4238 2536/13/4205 2544/830/4239 
f 2547/838/4238 2548/1529/4240 2537/1075/4206 2536/13/4205 
f 2537/1075/4206 2548/1529/4240 2549/1530/4241 2542/833/4211 
f 2549/1530/4241 2550/1530/4242 2543/833/4212 2542/833/4211 
f 2550/1530/4242 2551/840/4243 2545/1528/4244 2543/833/4212 
f 2509/812/4172 2545/1528/4244 2552/1528/4245 2511/812/1821 
f 2545/1528/4244 2551/840/4243 2553/840/1894 2552/1528/4245 
s 2
f 2554/841/988 2555/832/988 2552/1528/988 2553/840/988 
f 2512/812/23 2511/812/23 2552/1528/988 2555/832/988 
s 8
f 2504/1514/4175 2515/805/4176 2556/1531/4246 2544/830/4247 
f 2544/830/4247 2556/1531/4246 2557/843/4248 2546/862/4249 
s 1
f 2558/825/4250 2556/1531/4251 2515/805/4180 2517/1516/4179 
f 2558/825/4250 2559/1532/4252 2557/843/4253 2556/1531/4251 
s 2
f 2558/825/4254 2517/1516/4184 2519/1516/4183 2560/833/4255 
f 2560/833/4255 2561/846/4256 2559/1532/4257 2558/825/4254 
s 1
f 2562/847/4258 2560/833/4259 2519/1516/4188 2521/1518/4187 
f 2562/847/4258 2563/848/4260 2561/846/4261 2560/833/4259 
f 2564/1533/4262 2562/847/4258 2521/1518/4187 2523/823/4190 
f 2562/847/4258 2564/1533/4262 2565/1534/4263 2563/848/4260 
f 2566/1535/4264 2564/1533/4262 2523/823/4190 2525/1520/4192 
f 2566/1535/4264 2567/1531/4265 2565/1534/4263 2564/1533/4262 
s 2
f 2568/853/4266 2566/1535/4267 2525/1520/4196 2527/1522/4195 
f 2567/1531/4268 2566/1535/4267 2568/853/4266 2569/1536/4269 
s 1
f 2570/1537/4270 2571/1538/4271 2572/856/4272 2573/859/4273 
f 2574/858/4274 2575/1539/4275 2576/1540/4276 2577/875/4277 
f 2578/863/4278 2579/1541/4279 2548/1529/4240 2547/838/4238 
f 2580/856/4280 2581/865/4281 2582/841/4282 2583/859/4283 
f 2550/1530/4242 2549/1530/4241 2584/866/4284 2585/866/4285 
s 2
f 2584/866/4286 2572/856/4287 2571/1538/4288 2579/1541/4289 
s 4
f 2584/866/37 2549/1530/190 2573/859/190 2572/856/28 
s 2
f 2570/1537/4290 2573/859/4291 2549/1530/4292 2548/1529/4293 
s 4
f 2548/1529/184 2579/1541/185 2571/1538/185 2570/1537/184 
s 2
f 2576/1540/4294 2586/1542/4295 2578/863/4296 2577/875/4297 
s 4
f 2547/838/190 2574/858/190 2577/875/28 2578/863/28 
s 2
f 2575/1539/4298 2574/858/4299 2547/838/4300 2546/862/4301 
s 4
f 2575/1539/23 2546/862/23 2586/1542/23 2576/1540/23 
s 2
f 2587/1543/37 2551/840/37 2582/841/37 2581/865/37 
s 4
f 2551/840/4302 2550/1530/4303 2583/859/4304 2582/841/4305 
s 2
f 2550/1530/184 2585/866/185 2580/856/185 2583/859/184 
s 4
f 2580/856/4306 2585/866/4307 2587/1543/4308 2581/865/4309 
s 1
f 2578/863/4278 2586/1542/4310 2588/872/4311 2589/1544/4312 
f 2590/1545/4313 2579/1541/4279 2578/863/4278 2589/1544/4312 
f 2579/1541/4279 2590/1545/4313 2591/1546/4314 2584/866/4284 
f 2584/866/4284 2591/1546/4314 2592/1546/4315 2585/866/4285 
f 2587/1543/4316 2585/866/4285 2592/1546/4315 2593/873/4317 
f 2594/1543/1965 2553/840/1894 2551/840/4243 2587/1543/4316 
f 2595/873/1966 2594/1543/1965 2587/1543/4316 2593/873/4317 
s 2
f 2596/875/988 2597/874/988 2594/1543/988 2595/873/988 
f 2597/874/988 2554/841/988 2553/840/988 2594/1543/988 
s 8
f 2598/1547/4318 2586/1542/4319 2546/862/4249 2557/843/4248 
f 2588/872/4320 2586/1542/4319 2598/1547/4318 2599/1548/4321 
s 1
f 2559/1532/4252 2600/838/4322 2598/1547/4323 2557/843/4253 
f 2599/1548/4324 2598/1547/4323 2600/838/4322 2601/1547/4325 
s 2
f 2561/846/4256 2602/1549/4326 2600/838/4327 2559/1532/4257 
f 2602/1549/4326 2603/1550/4328 2601/1547/4329 2600/838/4327 
s 1
f 2602/1549/4330 2561/846/4261 2563/848/4260 2604/1551/4331 
f 2605/1552/4332 2603/1550/4333 2602/1549/4330 2604/1551/4331 
f 2565/1534/4263 2606/1553/4334 2604/1551/4331 2563/848/4260 
f 2606/1553/4334 2607/836/4335 2605/1552/4332 2604/1551/4331 
f 2608/1554/4336 2606/1553/4334 2565/1534/4263 2567/1531/4265 
f 2606/1553/4334 2608/1554/4336 2609/1555/4337 2607/836/4335 
s 2
f 2569/1536/4269 2610/13/4338 2608/1554/4339 2567/1531/4268 
f 2610/13/4338 2611/1556/4340 2609/1555/4341 2608/1554/4339 
s 1
f 2612/1557/4342 2613/892/4343 2614/1558/4344 2615/1559/4345 
f 2616/1560/4346 2617/948/4347 2618/1561/4348 2619/1562/4349 
f 2590/1545/4313 2589/1544/4312 2620/1563/4350 2621/1564/4351 
f 2622/875/4352 2623/892/4353 2624/1557/4354 2625/899/4355 
f 2591/1546/4314 2626/900/4356 2627/900/4357 2592/1546/4315 
s 2
f 2615/1559/4358 2621/1564/4359 2626/900/4360 2612/1557/4361 
s 4
f 2591/1546/113 2613/892/113 2612/1557/37 2626/900/28 
s 2
f 2614/1558/4362 2613/892/4363 2591/1546/4364 2590/1545/4365 
s 4
f 2590/1545/108 2621/1564/23 2615/1559/23 2614/1558/108 
s 2
f 2620/1563/4366 2617/948/4367 2616/1560/4368 2628/1565/4369 
s 4
f 2620/1563/28 2589/1544/113 2618/1561/113 2617/948/28 
s 2
f 2619/1562/4370 2618/1561/4371 2589/1544/4372 2588/872/4373 
s 4
f 2588/872/108 2628/1565/23 2616/1560/23 2619/1562/108 
s 2
f 2629/910/28 2593/873/113 2622/875/113 2625/899/37 
s 4
f 2593/873/4374 2592/1546/4375 2623/892/4376 2622/875/4377 
s 2
f 2623/892/108 2592/1546/108 2627/900/23 2624/1557/23 
s 4
f 2629/910/4378 2625/899/4379 2624/1557/4380 2627/900/4381 
s 1
f 2630/1566/4382 2631/1567/4383 2620/1563/4350 2628/1565/4384 
f 2632/949/4385 2621/1564/4351 2620/1563/4350 2631/1567/4383 
f 2621/1564/4351 2632/949/4385 2633/906/4386 2626/900/4356 
f 2633/906/4386 2634/906/4387 2627/900/4357 2626/900/4356 
f 2629/910/4388 2627/900/4357 2634/906/4387 2635/907/4389 
f 2629/910/4388 2636/910/2037 2595/873/1966 2593/873/4317 
f 2629/910/4388 2635/907/4389 2637/907/2038 2636/910/2037 
s 2
f 2638/908/988 2636/910/988 2637/907/988 2639/909/988 
f 2636/910/988 2638/908/988 2596/875/988 2595/873/988 
s 8
f 2599/1548/4321 2640/1568/4390 2628/1565/4391 2588/872/4320 
f 2640/1568/4390 2641/1569/4392 2630/1566/4393 2628/1565/4391 
s 1
f 2601/1547/4325 2642/1570/4394 2640/1568/4395 2599/1548/4324 
f 2642/1570/4394 2643/1571/4396 2641/1569/4397 2640/1568/4395 
s 2
f 2601/1547/4329 2603/1550/4328 2644/1572/4398 2642/1570/4399 
f 2644/1572/4398 2645/1573/4400 2643/1571/4401 2642/1570/4399 
s 1
f 2644/1572/4402 2603/1550/4333 2605/1552/4332 2646/1574/4403 
f 2646/1574/4403 2647/1575/4404 2645/1573/4405 2644/1572/4402 
f 2607/836/4335 2648/1576/4406 2646/1574/4403 2605/1552/4332 
f 2646/1574/4403 2648/1576/4406 2649/1577/4407 2647/1575/4404 
f 2650/1578/4408 2648/1576/4406 2607/836/4335 2609/1555/4337 
f 2650/1578/4408 2651/1543/4409 2649/1577/4407 2648/1576/4406 
s 2
f 2652/1579/4410 2650/1578/4411 2609/1555/4341 2611/1556/4340 
f 2651/1543/4412 2650/1578/4411 2652/1579/4410 2653/1580/4413 
s 1
f 2654/928/4414 2655/1581/4415 2656/1582/4416 2657/929/4417 
f 2658/1583/4418 2659/1584/4419 2660/1585/4420 2661/1586/4421 
f 2662/1587/4422 2632/949/4385 2631/1567/4383 2663/1588/4423 
f 2664/1582/4424 2665/936/4425 2666/909/4426 2667/929/4427 
f 2633/906/4386 2668/937/4428 2669/937/4429 2634/906/4387 
s 2
f 2655/1581/4430 2662/1587/4431 2668/937/4432 2656/1582/4433 
s 4
f 2668/937/37 2633/906/190 2657/929/190 2656/1582/37 
s 2
f 2654/928/4434 2657/929/4435 2633/906/4436 2632/949/4437 
s 4
f 2632/949/184 2662/1587/185 2655/1581/185 2654/928/184 
s 2
f 2663/1588/4438 2659/1584/4439 2658/1583/4440 2670/1589/4441 
s 4
f 2631/1567/190 2660/1585/190 2659/1584/28 2663/1588/37 
s 2
f 2631/1567/4442 2630/1566/4443 2661/1586/4444 2660/1585/4445 
s 4
f 2670/1589/185 2658/1583/185 2661/1586/184 2630/1566/184 
s 2
f 2671/939/37 2635/907/190 2666/909/190 2665/936/28 
s 4
f 2667/929/4446 2666/909/4447 2635/907/4448 2634/906/4449 
s 2
f 2664/1582/185 2667/929/184 2634/906/184 2669/937/185 
s 4
f 2671/939/4450 2665/936/4451 2664/1582/4452 2669/937/4453 
s 1
f 2672/1590/4454 2673/1591/4455 2663/1588/4423 2670/1589/4456 
f 2673/1591/4455 2674/1592/4457 2662/1587/4422 2663/1588/4423 
f 2662/1587/4422 2674/1592/4457 2675/944/4458 2668/937/4428 
f 2675/944/4458 2676/944/4459 2669/937/4429 2668/937/4428 
f 2671/939/4460 2669/937/4429 2676/944/4459 2677/945/4461 
f 2678/939/2109 2637/907/2038 2635/907/4389 2671/939/4460 
f 2678/939/2109 2671/939/4460 2677/945/4461 2679/945/2110 
s 2
f 2678/939/988 2679/945/988 2680/947/988 2681/946/988 
f 2678/939/988 2681/946/988 2639/909/988 2637/907/988 
s 8
f 2682/1593/4462 2670/1589/4463 2630/1566/4393 2641/1569/4392 
f 2683/1594/4464 2672/1590/4465 2670/1589/4463 2682/1593/4462 
s 1
f 2684/1595/4466 2682/1593/4467 2641/1569/4397 2643/1571/4396 
f 2685/1596/4468 2683/1594/4469 2682/1593/4467 2684/1595/4466 
s 2
f 2686/1597/4470 2684/1595/4471 2643/1571/4401 2645/1573/4400 
f 2686/1597/4470 2687/1598/4472 2685/1596/4473 2684/1595/4471 
s 1
f 2688/1599/4474 2686/1597/4475 2645/1573/4405 2647/1575/4404 
f 2689/1600/4476 2687/1598/4477 2686/1597/4475 2688/1599/4474 
f 2690/1601/4478 2688/1599/4474 2647/1575/4404 2649/1577/4407 
f 2688/1599/4474 2690/1601/4478 2691/1602/4479 2689/1600/4476 
f 2651/1543/4409 2692/1603/4480 2690/1601/4478 2649/1577/4407 
f 2692/1603/4480 2693/1604/4481 2691/1602/4479 2690/1601/4478 
s 2
f 2694/1605/4482 2692/1603/4483 2651/1543/4412 2653/1580/4413 
f 2694/1605/4482 2695/1601/4484 2693/1604/4485 2692/1603/4483 
s 1
f 2696/963/4486 2697/1606/4487 2698/961/4488 2699/964/4489 
f 2700/1607/4490 2701/966/4491 2702/1607/4492 2703/937/4493 
f 2704/1608/4494 2674/1592/4457 2673/1591/4455 2705/1609/4495 
f 2706/970/4496 2707/1606/4497 2708/963/4498 2709/980/4499 
f 2710/1610/4500 2711/1610/4501 2676/944/4459 2675/944/4458 
s 2
f 2710/1610/4502 2696/963/4503 2699/964/4504 2704/1608/4505 
s 4
f 2710/1610/28 2675/944/28 2697/1606/28 2696/963/37 
s 2
f 2698/961/4506 2697/1606/4507 2675/944/4508 2674/1592/4509 
s 4
f 2704/1608/23 2699/964/23 2698/961/108 2674/1592/108 
s 2
f 2700/1607/4510 2712/1611/4511 2705/1609/4512 2701/966/4513 
s 4
f 2701/966/37 2705/1609/28 2673/1591/113 2702/1607/113 
s 2
f 2673/1591/4514 2672/1590/4515 2703/937/4516 2702/1607/4517 
s 4
f 2712/1611/23 2700/1607/23 2703/937/108 2672/1590/108 
s 2
f 2709/980/28 2713/974/28 2677/945/113 2706/970/28 
s 4
f 2707/1606/4518 2706/970/4519 2677/945/4520 2676/944/4521 
s 2
f 2707/1606/108 2676/944/23 2711/1610/23 2708/963/23 
s 4
f 2713/974/4522 2709/980/4523 2708/963/4524 2711/1610/4525 
s 1
f 2714/1612/4526 2715/1613/4527 2705/1609/4495 2712/1611/4528 
f 2704/1608/4494 2705/1609/4495 2715/1613/4527 2716/1056/4529 
f 2717/1614/4530 2710/1610/4500 2704/1608/4494 2716/1056/4529 
f 2718/1614/4531 2711/1610/4501 2710/1610/4500 2717/1614/4530 
f 2713/974/4532 2711/1610/4501 2718/1614/4531 2719/979/4533 
f 2713/974/4532 2720/974/2181 2679/945/2110 2677/945/4461 
f 2713/974/4532 2719/979/4533 2721/979/2182 2720/974/2181 
s 2
f 2722/980/988 2720/974/988 2721/979/988 2723/981/988 
f 2680/947/988 2679/945/988 2720/974/988 2722/980/988 
s 8
f 2683/1594/4464 2724/1615/4534 2712/1611/4535 2672/1590/4465 
f 2714/1612/4536 2712/1611/4535 2724/1615/4534 2725/1616/4537 
s 1
f 2724/1615/4538 2683/1594/4469 2685/1596/4468 2726/1617/4539 
f 2726/1617/4539 2727/1618/4540 2725/1616/4541 2724/1615/4538 
s 2
f 2728/1619/4542 2726/1617/4543 2685/1596/4473 2687/1598/4472 
f 2729/1620/4544 2727/1618/4545 2726/1617/4543 2728/1619/4542 
s 1
f 2728/1619/4546 2687/1598/4477 2689/1600/4476 2730/1621/4547 
f 2730/1621/4547 2731/926/4548 2729/1620/4549 2728/1619/4546 
f 2732/909/4550 2730/1621/4547 2689/1600/4476 2691/1602/4479 
f 2732/909/4550 2733/905/4551 2731/926/4548 2730/1621/4547 
f 2732/909/4550 2691/1602/4479 2693/1604/4481 2734/1622/4552 
f 2734/1622/4552 2735/1623/4553 2733/905/4551 2732/909/4550 
s 2
f 2695/1601/4484 2736/1624/4554 2734/1622/4555 2693/1604/4485 
f 2734/1622/4555 2736/1624/4554 2737/948/4556 2735/1623/4557 
s 1
f 2738/998/4558 2739/997/4559 2740/1625/4560 2741/1626/4561 
f 2742/1627/4562 2743/1628/4563 2744/1629/4564 2745/1630/4565 
f 2746/1631/4566 2747/1632/4567 2716/1056/4529 2715/1613/4527 
f 2748/981/4568 2749/997/4569 2750/998/4570 2751/1007/4571 
f 2752/1008/4572 2753/1008/4573 2718/1614/4531 2717/1614/4530 
s 2
f 2741/1626/4574 2747/1632/4575 2752/1008/4576 2738/998/4577 
s 4
f 2738/998/37 2752/1008/37 2717/1614/190 2739/997/190 
s 2
f 2740/1625/4578 2739/997/4579 2717/1614/4580 2716/1056/4581 
s 4
f 2716/1056/184 2747/1632/185 2741/1626/185 2740/1625/184 
s 2
f 2742/1627/4582 2754/1633/4583 2746/1631/4584 2743/1628/4585 
s 4
f 2746/1631/37 2715/1613/190 2744/1629/190 2743/1628/28 
s 2
f 2745/1630/4586 2744/1629/4587 2715/1613/4588 2714/1612/4589 
s 4
f 2742/1627/23 2745/1630/23 2714/1612/23 2754/1633/23 
s 2
f 2755/1010/37 2719/979/190 2748/981/190 2751/1007/37 
s 4
f 2719/979/4590 2718/1614/4591 2749/997/4592 2748/981/4593 
s 2
f 2718/1614/184 2753/1008/185 2750/998/185 2749/997/184 
s 4
f 2750/998/4594 2753/1008/4595 2755/1010/4596 2751/1007/4597 
s 1
f 2746/1631/4566 2754/1633/4598 2756/1634/4599 2757/1635/4600 
f 2758/1636/4601 2747/1632/4567 2746/1631/4566 2757/1635/4600 
f 2759/1637/4602 2752/1008/4572 2747/1632/4567 2758/1636/4601 
f 2753/1008/4573 2752/1008/4572 2759/1637/4602 2760/1637/4603 
f 2760/1637/4603 2761/1015/4604 2755/1010/4605 2753/1008/4573 
f 2755/1010/4605 2762/1010/2254 2721/979/2182 2719/979/4533 
f 2761/1015/4604 2763/1015/2255 2762/1010/2254 2755/1010/4605 
s 2
f 2764/1017/988 2765/1016/988 2762/1010/988 2763/1015/988 
f 2765/1016/988 2723/981/988 2721/979/988 2762/1010/988 
s 8
f 2725/1616/4537 2766/1638/4606 2754/1633/4607 2714/1612/4536 
f 2766/1638/4606 2767/1055/4608 2756/1634/4609 2754/1633/4607 
s 1
f 2768/1639/4610 2766/1638/4611 2725/1616/4541 2727/1618/4540 
f 2767/1055/4612 2766/1638/4611 2768/1639/4610 2769/1640/4613 
s 2
f 2768/1639/4614 2727/1618/4545 2729/1620/4544 2770/970/4615 
f 2768/1639/4614 2770/970/4615 2771/1641/4616 2769/1640/4617 
s 1
f 2729/1620/4549 2731/926/4548 2772/1642/4618 2770/970/4619 
f 2770/970/4619 2772/1642/4618 2773/1611/4620 2771/1641/4621 
f 2772/1642/4618 2731/926/4548 2733/905/4551 2774/1643/4622 
f 2772/1642/4618 2774/1643/4622 2775/1644/4623 2773/1611/4620 
f 2774/1643/4622 2733/905/4551 2735/1623/4553 2776/1645/4624 
f 2777/1646/4625 2775/1644/4623 2774/1643/4622 2776/1645/4624 
s 2
f 2735/1623/4557 2737/948/4556 2778/1647/4626 2776/1645/4627 
f 2777/1646/4628 2776/1645/4627 2778/1647/4626 2779/1648/4629 
s 1
f 2780/1031/4630 2781/1649/4631 2782/1650/4632 2783/1651/4633 
f 2784/1632/4634 2785/1652/4635 2786/1041/4636 2787/1653/4637 
f 2788/1654/4638 2789/1655/4639 2758/1636/4601 2757/1635/4600 
f 2790/1031/4640 2791/1042/4641 2792/1041/4642 2793/1034/4643 
f 2760/1637/4603 2759/1637/4602 2794/1043/4644 2795/1043/4645 
s 2
f 2794/1043/4646 2780/1031/4647 2783/1651/4648 2789/1655/4649 
s 4
f 2794/1043/28 2759/1637/28 2781/1649/28 2780/1031/37 
s 2
f 2759/1637/4650 2758/1636/4651 2782/1650/4652 2781/1649/4653 
s 4
f 2782/1650/108 2758/1636/108 2789/1655/23 2783/1651/23 
s 2
f 2784/1632/4654 2796/1656/4655 2788/1654/4656 2785/1652/4657 
s 4
f 2785/1652/37 2788/1654/28 2757/1635/113 2786/1041/28 
s 2
f 2757/1635/4658 2756/1634/4659 2787/1653/4660 2786/1041/4661 
s 4
f 2784/1632/23 2787/1653/108 2756/1634/108 2796/1656/23 
s 2
f 2797/1045/28 2761/1015/28 2792/1041/28 2791/1042/37 
s 4
f 2761/1015/4662 2760/1637/4663 2793/1034/4664 2792/1041/4665 
s 2
f 2760/1637/23 2795/1043/23 2790/1031/23 2793/1034/23 
s 4
f 2790/1031/4666 2795/1043/4667 2797/1045/4668 2791/1042/4669 
s 1
f 2798/1657/4670 2799/1658/4671 2788/1654/4638 2796/1656/4672 
f 2788/1654/4638 2799/1658/4671 2800/1659/4673 2789/1655/4639 
f 2801/1049/4674 2794/1043/4644 2789/1655/4639 2800/1659/4673 
f 2802/1049/4675 2795/1043/4645 2794/1043/4644 2801/1049/4674 
f 2802/1049/4675 2803/1050/4676 2797/1045/4677 2795/1043/4645 
f 2797/1045/4677 2804/1045/2327 2763/1015/2255 2761/1015/4604 
f 2803/1050/4676 2805/1050/4678 2804/1045/2327 2797/1045/4677 
s 2
f 2806/1052/988 2807/1051/988 2804/1045/988 2805/1050/988 
f 2764/1017/988 2763/1015/988 2804/1045/988 2807/1051/988 
s 8
f 2796/1656/4679 2756/1634/4609 2767/1055/4608 2808/1660/4680 
f 2809/1661/4681 2798/1657/4681 2796/1656/4679 2808/1660/4680 
s 1
f 2808/1660/4682 2767/1055/4612 2769/1640/4613 2810/1662/4682 
f 2810/1662/4682 2811/974/4683 2809/1661/4683 2808/1660/4682 
s 2
f 2812/997/4684 2810/1662/4685 2769/1640/4617 2771/1641/4616 
f 2813/1663/4686 2811/974/4686 2810/1662/4685 2812/997/4684 
s 1
f 2771/1641/4621 2773/1611/4620 2814/1664/4687 2812/997/4688 
f 2812/997/4688 2814/1664/4687 2815/1665/4689 2813/1663/4690 
f 2816/1666/4691 2814/1664/4687 2773/1611/4620 2775/1644/4623 
f 2814/1664/4687 2816/1666/4691 2817/1667/4692 2815/1665/4689 
f 2777/1646/4625 2818/1668/4693 2816/1666/4691 2775/1644/4623 
f 2817/1667/4692 2816/1666/4691 2818/1668/4693 2819/973/4694 
s 2
f 2777/1646/4628 2779/1648/4629 2820/1584/4695 2818/1668/4696 
f 2820/1584/4695 2821/1669/4697 2819/973/4697 2818/1668/4696 
s 1
f 2822/1670/4698 2823/1671/4699 2824/1672/4700 2825/1673/4701 
f 2826/1674/4702 2827/1675/4703 2828/1676/4704 2829/1677/4705 
f 2830/1678/4706 2831/1679/4707 1463/1047/2321 1464/1048/2322 
f 2832/1670/4708 2833/1673/4709 2834/1052/4710 2835/1680/4711 
f 1465/1049/2323 1466/1049/2324 2836/1681/4712 2837/1681/4713 
s 2
f 2837/1681/4714 2830/1678/4715 2823/1671/4716 2822/1670/4717 
s 4
f 1465/1049/23 2837/1681/23 2822/1670/23 2825/1673/23 
s 2
f 1465/1049/4718 2825/1673/4719 2824/1672/4720 1464/1048/4721 
s 4
f 2830/1678/28 1464/1048/28 2824/1672/28 2823/1671/28 
s 2
f 2831/1679/4722 2838/1682/4723 2826/1674/4724 2829/1677/4725 
s 4
f 2829/1677/23 2828/1676/23 1463/1047/23 2831/1679/23 
s 2
f 2827/1675/4726 1462/1046/4727 1463/1047/4728 2828/1676/4729 
s 4
f 2826/1674/37 2838/1682/37 1462/1046/190 2827/1675/190 
s 2
f 1467/1050/185 2839/1683/23 2835/1680/23 2834/1052/185 
s 4
f 2833/1673/4730 1466/1049/4731 1467/1050/4732 2834/1052/4733 
s 2
f 1466/1049/28 2833/1673/28 2832/1670/28 2836/1681/28 
s 4
f 2839/1683/4734 2836/1681/4735 2832/1670/4736 2835/1680/4737 
s 1
f 2840/1684/4738 2838/1682/4739 2831/1679/4707 2841/1685/4740 
f 2842/1686/4741 2841/1685/4740 2831/1679/4707 2830/1678/4706 
f 2830/1678/4706 2837/1681/4713 2843/1687/4742 2842/1686/4741 
f 2844/1687/4743 2843/1687/4742 2837/1681/4713 2836/1681/4712 
f 2844/1687/4743 2836/1681/4712 2839/1683/4744 2845/1688/4745 
f 2846/1689/4746 1471/1052/2328 1470/1052/2328 2847/1689/4746 
f 2847/1689/4746 2848/1690/4747 2849/1690/4747 2846/1689/4746 
f 2850/1683/4746 2839/1683/4744 1467/1050/2326 1473/1050/2328 
f 2839/1683/4744 2850/1683/4746 2851/1688/4747 2845/1688/4745 
s 2
f 2850/1683/1514 2846/1689/1514 2849/1690/1514 2851/1688/1514 
f 1471/1052/1514 2846/1689/1514 2850/1683/1514 1473/1050/1514 
s 8
f 2838/1682/4748 2852/1691/4749 1475/1054/2331 1462/1046/2332 
f 2838/1682/4748 2840/1684/4750 2853/1692/4751 2852/1691/4749 
f 1479/1057/2335 1478/1056/2334 2854/1693/4752 2855/1694/4753 
f 2856/1695/4754 2857/1696/4755 2855/1694/4753 2854/1693/4752 
s 1
f 2858/1697/4756 1481/1059/2339 1479/1057/2338 2855/1694/4757 
f 2857/1696/4758 2859/1698/4759 2858/1697/4756 2855/1694/4757 
s 2
f 2860/1699/4760 1483/1061/2343 1481/1059/2342 2858/1697/4761 
f 2861/1700/4762 2860/1699/4760 2858/1697/4761 2859/1698/4763 
f 2862/1701/4764 1485/1063/2345 1483/1061/2343 2860/1699/4760 
f 2860/1699/4760 2861/1700/4762 2863/1702/4765 2862/1701/4764 
f 2862/1701/4764 2864/1703/4766 1487/1065/2347 1485/1063/2345 
f 2862/1701/4764 2863/1702/4765 2865/1704/4767 2864/1703/4766 
s 1
f 2866/1705/4768 1489/1067/2350 1487/1065/2351 2864/1703/4769 
f 2864/1703/4769 2865/1704/4770 2867/1706/4771 2866/1705/4768 
f 2868/1707/4772 2869/1708/4773 2870/1709/4774 2871/1710/4775 
f 2872/1711/4776 2873/1712/4777 2874/1689/4778 2875/1713/4779 
f 2876/1714/4780 2877/1715/4781 2841/1685/4740 2842/1686/4741 
f 2878/1690/4782 2879/1716/4783 2880/1707/4784 2881/1710/4785 
f 2844/1687/4743 2882/1717/4786 2883/1717/4787 2843/1687/4742 
s 2
f 2869/1708/4788 2868/1707/4789 2883/1717/4790 2876/1714/4791 
s 4
f 2883/1717/185 2868/1707/23 2871/1710/184 2843/1687/184 
s 2
f 2843/1687/4792 2871/1710/4793 2870/1709/4794 2842/1686/4795 
s 4
f 2876/1714/37 2842/1686/190 2870/1709/190 2869/1708/37 
s 2
f 2872/1711/4796 2875/1713/4797 2877/1715/4798 2884/1718/4799 
s 4
f 2875/1713/23 2874/1689/184 2841/1685/184 2877/1715/185 
s 2
f 2841/1685/4800 2874/1689/4801 2873/1712/4802 2840/1684/4803 
s 4
f 2872/1711/37 2884/1718/37 2840/1684/2310 2873/1712/2310 
s 2
f 2845/1688/184 2885/1719/185 2879/1716/23 2878/1690/184 
s 4
f 2845/1688/4804 2878/1690/4805 2881/1710/4806 2844/1687/4807 
s 2
f 2882/1717/37 2844/1687/190 2881/1710/190 2880/1707/37 
s 4
f 2880/1707/4808 2879/1716/4809 2885/1719/4810 2882/1717/4811 
s 1
f 2886/1720/4812 2884/1718/4813 2877/1715/4781 2887/1721/4814 
f 2887/1721/4814 2877/1715/4781 2876/1714/4780 2888/1722/4815 
f 2876/1714/4780 2883/1717/4787 2889/1723/4816 2888/1722/4815 
f 2889/1723/4816 2883/1717/4787 2882/1717/4786 2890/1723/4817 
f 2890/1723/4817 2882/1717/4786 2885/1719/4818 2891/1724/4819 
f 2849/1690/4747 2848/1690/4747 2892/1716/4820 2893/1716/4820 
f 2892/1716/4820 2894/1725/4821 2895/1725/4821 2893/1716/4820 
f 2896/1719/4820 2885/1719/4818 2845/1688/4745 2851/1688/4747 
f 2891/1724/4819 2885/1719/4818 2896/1719/4820 2897/1724/4821 
s 2
f 2893/1716/1514 2895/1725/1514 2897/1724/1514 2896/1719/1514 
f 2849/1690/1514 2893/1716/1514 2896/1719/1514 2851/1688/1514 
s 8
f 2840/1684/4750 2884/1718/4822 2898/1726/4823 2853/1692/4751 
f 2899/1673/4824 2898/1726/4823 2884/1718/4822 2886/1720/4825 
f 2900/1650/4826 2901/1727/4826 2857/1696/4755 2856/1695/4754 
f 2901/1727/4826 2900/1650/4826 2902/1728/4827 2903/1729/4827 
s 1
f 2859/1698/4759 2857/1696/4758 2901/1727/4828 2904/1730/4829 
f 2904/1730/4829 2901/1727/4828 2903/1729/4830 2905/1731/4831 
s 2
f 2861/1700/4762 2859/1698/4763 2904/1730/4832 2906/1732/4833 
f 2906/1732/4833 2904/1730/4832 2905/1731/4834 2907/1733/4835 
f 2908/1006/4836 2863/1702/4765 2861/1700/4762 2906/1732/4833 
f 2908/1006/4836 2906/1732/4833 2907/1733/4835 2909/1734/4837 
f 2865/1704/4767 2863/1702/4765 2908/1006/4836 2910/969/4838 
f 2910/969/4838 2908/1006/4836 2909/1734/4837 2911/1735/4839 
s 1
f 2910/969/4840 2912/1736/4841 2867/1706/4771 2865/1704/4770 
f 2910/969/4840 2911/1735/4842 2913/1737/4843 2912/1736/4841 
f 2914/1738/4844 2915/1739/4845 2916/1740/4846 2917/1741/4847 
f 2918/1742/4848 2919/1743/4849 2920/1709/4850 2921/1744/4851 
f 2887/1721/4814 2888/1722/4815 2922/1745/4852 2923/1746/4853 
f 2924/1747/4854 2925/1748/4855 2926/1738/4856 2927/1741/4857 
f 2890/1723/4817 2928/1749/4858 2929/1749/4859 2889/1723/4816 
s 2
f 2929/1749/4860 2922/1745/4861 2915/1739/4862 2914/1738/4863 
s 4
f 2929/1749/23 2914/1738/23 2917/1741/23 2889/1723/23 
s 2
f 2889/1723/4864 2917/1741/4865 2916/1740/4866 2888/1722/4867 
s 4
f 2915/1739/28 2922/1745/28 2888/1722/28 2916/1740/28 
s 2
f 2923/1746/4868 2930/1750/4869 2920/1709/4870 2919/1743/4871 
s 4
f 2887/1721/23 2923/1746/23 2919/1743/23 2918/1742/23 
s 2
f 2921/1744/4872 2886/1720/4873 2887/1721/4874 2918/1742/4875 
s 4
f 2920/1709/28 2930/1750/28 2886/1720/28 2921/1744/28 
s 2
f 2891/1724/23 2931/1751/23 2925/1748/23 2924/1747/23 
s 4
f 2927/1741/4876 2890/1723/4877 2891/1724/4878 2924/1747/4879 
s 2
f 2926/1738/28 2928/1749/28 2890/1723/28 2927/1741/28 
s 4
f 2931/1751/4880 2928/1749/4881 2926/1738/4882 2925/1748/4883 
s 1
f 2923/1746/4853 2932/1752/4884 2933/1753/4885 2930/1750/4886 
f 2934/1754/4887 2932/1752/4884 2923/1746/4853 2922/1745/4852 
f 2935/1755/4888 2934/1754/4887 2922/1745/4852 2929/1749/4859 
f 2929/1749/4859 2928/1749/4858 2936/1755/4889 2935/1755/4888 
f 2936/1755/4889 2928/1749/4858 2931/1751/4890 2937/1756/4891 
f 2938/1757/4892 2895/1725/4821 2894/1725/4821 2939/1757/4893 
f 2940/1758/4894 2938/1757/4892 2939/1757/4893 2941/1758/4894 
f 2897/1724/4821 2942/1751/4893 2931/1751/4890 2891/1724/4819 
f 2937/1756/4891 2931/1751/4890 2942/1751/4893 2943/1756/4894 
s 2
f 2940/1758/1514 2943/1756/1514 2942/1751/1514 2938/1757/1514 
f 2897/1724/1514 2895/1725/1514 2938/1757/1514 2942/1751/1514 
s 8
f 2899/1673/4824 2886/1720/4825 2930/1750/4895 2944/1759/4896 
f 2945/1760/4897 2944/1759/4896 2930/1750/4895 2933/1753/4898 
f 2946/1761/4899 2947/1762/4900 2903/1729/4827 2902/1728/4827 
f 2947/1762/4900 2946/1761/4899 2948/1763/4901 2949/1764/4901 
s 1
f 2950/1017/4902 2905/1731/4831 2903/1729/4830 2947/1762/4903 
f 2947/1762/4903 2949/1764/4904 2951/1765/4905 2950/1017/4902 
s 2
f 2907/1733/4835 2905/1731/4834 2950/1017/4906 2952/1766/4907 
f 2953/1033/4908 2952/1766/4907 2950/1017/4906 2951/1765/4909 
f 2954/1767/4910 2909/1734/4837 2907/1733/4835 2952/1766/4907 
f 2952/1766/4907 2953/1033/4908 2955/1768/4911 2954/1767/4910 
f 2954/1767/4910 2956/1769/4912 2911/1735/4839 2909/1734/4837 
f 2957/1770/4913 2956/1769/4912 2954/1767/4910 2955/1768/4911 
s 1
f 2958/1771/4914 2913/1737/4843 2911/1735/4842 2956/1769/4915 
f 2959/1772/4916 2958/1771/4914 2956/1769/4915 2957/1770/4917 
f 2960/1773/4918 2961/1774/4919 2962/1775/4920 2963/1776/4921 
f 2964/1777/4922 2965/1778/4923 2966/1779/4924 2967/1780/4925 
f 2932/1752/4884 2934/1754/4887 2968/1781/4926 2969/1782/4927 
f 2970/1783/4928 2971/1784/4929 2972/1775/4930 2973/1774/4931 
f 2974/1785/4932 2935/1755/4888 2936/1755/4889 2975/1785/4933 
s 2
f 2974/1785/4934 2968/1781/4935 2963/1776/4936 2962/1775/4937 
s 4
f 2935/1755/185 2974/1785/185 2962/1775/23 2961/1774/185 
s 2
f 2960/1773/4938 2934/1754/4939 2935/1755/4940 2961/1774/4941 
s 4
f 2934/1754/190 2960/1773/190 2963/1776/37 2968/1781/37 
s 2
f 2969/1782/4942 2976/1786/4943 2964/1777/4944 2967/1780/4945 
s 4
f 2969/1782/185 2967/1780/23 2966/1779/185 2932/1752/185 
s 2
f 2965/1778/4946 2933/1753/4947 2932/1752/4948 2966/1779/4949 
s 4
f 2964/1777/37 2976/1786/37 2933/1753/2310 2965/1778/2310 
s 2
f 2970/1783/185 2937/1756/185 2977/1787/185 2971/1784/23 
s 4
f 2973/1774/4950 2936/1755/4951 2937/1756/4952 2970/1783/4953 
s 2
f 2975/1785/37 2936/1755/190 2973/1774/190 2972/1775/37 
s 4
f 2977/1787/4954 2975/1785/4955 2972/1775/4956 2971/1784/4957 
s 1
f 2969/1782/4927 2978/1788/4958 2979/1789/4959 2976/1786/4960 
f 2980/1790/4961 2978/1788/4958 2969/1782/4927 2968/1781/4926 
f 2968/1781/4926 2974/1785/4932 2981/1791/4962 2980/1790/4961 
f 2982/1791/4963 2981/1791/4962 2974/1785/4932 2975/1785/4933 
f 2977/1787/4964 2983/1792/4965 2982/1791/4963 2975/1785/4933 
f 2984/1793/4966 2985/1793/4966 2940/1758/4894 2941/1758/4894 
f 2984/1793/4966 2986/1794/4967 2987/1794/4967 2985/1793/4966 
f 2943/1756/4894 2988/1787/4966 2977/1787/4964 2937/1756/4891 
f 2983/1792/4965 2977/1787/4964 2988/1787/4966 2989/1792/4967 
s 2
f 2989/1792/1514 2988/1787/1514 2985/1793/1514 2987/1794/1514 
f 2943/1756/1514 2940/1758/1514 2985/1793/1514 2988/1787/1514 
s 8
f 2976/1786/4968 2990/1795/4969 2945/1760/4897 2933/1753/4898 
f 2979/1789/4970 2991/1796/4971 2990/1795/4969 2976/1786/4968 
f 2949/1764/4901 2948/1763/4901 2992/1797/4972 2993/1798/4972 
f 2993/1798/4972 2992/1797/4972 2994/1799/4973 2995/1800/4973 
s 1
f 2996/1801/4974 2951/1765/4905 2949/1764/4904 2993/1798/4975 
f 2993/1798/4975 2995/1800/4976 2997/1802/4977 2996/1801/4974 
s 2
f 2953/1033/4908 2951/1765/4909 2996/1801/4978 2998/1803/4979 
f 2997/1802/4980 2999/1804/4981 2998/1803/4979 2996/1801/4978 
f 3000/1805/4982 2955/1768/4911 2953/1033/4908 2998/1803/4979 
f 2998/1803/4979 2999/1804/4981 3001/1806/4983 3000/1805/4982 
f 3002/1807/4984 2957/1770/4913 2955/1768/4911 3000/1805/4982 
f 3000/1805/4982 3001/1806/4983 3003/1808/4985 3002/1807/4984 
s 1
f 3002/1807/4986 3004/1809/4987 2959/1772/4916 2957/1770/4917 
f 3002/1807/4986 3003/1808/4988 3005/1810/4989 3004/1809/4987 
f 3006/1811/4990 3007/1812/4991 3008/1813/4992 3009/1814/4993 
f 3010/1785/4994 3011/1815/4995 3012/1816/4996 3013/1817/4997 
f 2980/1790/4961 3014/1818/4998 3015/1819/4999 2978/1788/4958 
f 3016/1794/5000 3017/1820/5001 3018/1813/5002 3019/1812/5003 
f 3020/1821/5004 3021/1821/5005 2981/1791/4962 2982/1791/4963 
s 2
f 3009/1814/5006 3008/1813/5007 3021/1821/5008 3014/1818/5009 
s 4
f 3021/1821/23 3008/1813/23 3007/1812/23 2981/1791/23 
s 2
f 3006/1811/5010 2980/1790/5011 2981/1791/5012 3007/1812/5013 
s 4
f 3014/1818/28 2980/1790/28 3006/1811/28 3009/1814/28 
s 2
f 3015/1819/5014 3022/1822/5015 3012/1816/5016 3011/1815/5017 
s 4
f 2978/1788/23 3015/1819/23 3011/1815/23 3010/1785/23 
s 2
f 2978/1788/5018 3010/1785/5019 3013/1817/5020 2979/1789/5021 
s 4
f 3022/1822/28 2979/1789/28 3013/1817/28 3012/1816/28 
s 2
f 2983/1792/23 3023/1823/23 3017/1820/23 3016/1794/23 
s 4
f 2983/1792/5022 3016/1794/5023 3019/1812/5024 2982/1791/5025 
s 2
f 3018/1813/28 3020/1821/28 2982/1791/28 3019/1812/28 
s 4
f 3018/1813/5026 3017/1820/5027 3023/1823/5028 3020/1821/5029 
s 1
f 3015/1819/4999 3024/1824/5030 3025/1825/5031 3022/1822/5032 
f 3026/1826/5033 3024/1824/5030 3015/1819/4999 3014/1818/4998 
f 3014/1818/4998 3021/1821/5005 3027/1827/5034 3026/1826/5033 
f 3027/1827/5034 3021/1821/5005 3020/1821/5004 3028/1827/5035 
f 3028/1827/5035 3020/1821/5004 3023/1823/5036 3029/1828/5037 
f 3030/1829/5038 2987/1794/4967 2986/1794/4967 3031/1829/5038 
f 3030/1829/5038 3031/1829/5038 3032/1829/5039 3033/1829/5039 
f 2983/1792/4965 2989/1792/4967 3034/1823/5040 3023/1823/5036 
f 3029/1828/5037 3023/1823/5036 3034/1823/5040 3035/1828/5039 
s 2
f 3035/1828/113 3034/1823/1514 3030/1829/113 3033/1829/113 
f 2989/1792/1514 2987/1794/1514 3030/1829/113 3034/1823/1514 
s 8
f 3036/1830/5041 2991/1796/4971 2979/1789/4970 3022/1822/5042 
f 3022/1822/5042 3025/1825/5043 3037/1831/5044 3036/1830/5041 
f 2995/1800/4973 2994/1799/4973 3038/1048/5045 3039/1031/5045 
f 3040/1832/5046 3041/1833/5046 3039/1031/5045 3038/1048/5045 
s 1
f 3042/1834/5047 2997/1802/4977 2995/1800/4976 3039/1031/5048 
f 3043/1835/5049 3042/1834/5047 3039/1031/5048 3041/1833/5050 
s 2
f 3044/1836/5051 2999/1804/4981 2997/1802/4980 3042/1834/5052 
f 3044/1836/5051 3042/1834/5052 3043/1835/5053 3045/1837/5054 
f 3001/1806/4983 2999/1804/4981 3044/1836/5051 3046/1838/5055 
f 3045/1837/5054 3047/1839/5056 3046/1838/5055 3044/1836/5051 
f 3048/1840/5057 3003/1808/4985 3001/1806/4983 3046/1838/5055 
f 3046/1838/5055 3047/1839/5056 3049/1841/5058 3048/1840/5057 
s 1
f 3005/1810/4989 3003/1808/4988 3048/1840/5059 3050/1807/5060 
f 3048/1840/5059 3049/1841/5061 3051/1842/5062 3050/1807/5060 
f 3052/1843/5063 3053/1844/5064 3054/1794/5065 3055/1819/5066 
f 3056/1825/5067 3057/1845/5068 3058/1846/5069 3059/1847/5070 
f 3024/1824/5030 3026/1826/5033 3060/1848/5071 3061/1849/5072 
f 3062/1794/5073 3063/1844/5074 3064/1820/5075 3065/1850/5076 
f 3027/1827/5034 3028/1827/5035 3066/1851/5077 3067/1851/5078 
s 2
f 3055/1819/5079 3054/1794/5080 3067/1851/5081 3060/1848/5082 
s 4
f 3027/1827/185 3067/1851/185 3054/1794/23 3053/1844/185 
s 2
f 3052/1843/5083 3026/1826/5084 3027/1827/5085 3053/1844/5086 
s 4
f 3060/1848/28 3026/1826/37 3052/1843/37 3055/1819/37 
s 2
f 3056/1825/5087 3059/1847/5088 3061/1849/5089 3068/1852/5090 
s 4
f 3059/1847/23 3058/1846/185 3024/1824/185 3061/1849/185 
s 2
f 3024/1824/5091 3058/1846/5092 3057/1845/5093 3025/1825/5094 
s 4
f 3068/1852/37 3025/1825/5095 3057/1845/5095 3056/1825/37 
s 2
f 3069/1853/185 3065/1850/23 3064/1820/185 3029/1828/185 
s 4
f 3063/1844/5096 3028/1827/5097 3029/1828/5098 3064/1820/5099 
s 2
f 3066/1851/28 3028/1827/37 3063/1844/37 3062/1794/37 
s 4
f 3069/1853/5100 3066/1851/5101 3062/1794/5102 3065/1850/5103 
s 1
f 3070/1854/5104 3068/1852/5105 3061/1849/5072 3071/1855/5106 
f 3072/1856/5107 3071/1855/5106 3061/1849/5072 3060/1848/5071 
f 3073/1857/5108 3072/1856/5107 3060/1848/5071 3067/1851/5078 
f 3073/1857/5108 3067/1851/5078 3066/1851/5077 3074/1857/5109 
f 3074/1857/5109 3066/1851/5077 3069/1853/5110 3075/1858/5111 
f 3033/1829/5039 3032/1829/5039 3076/1859/5112 3077/1859/5112 
f 3077/1859/5112 3076/1859/5112 3078/1860/5113 3079/1860/5113 
f 3080/1853/5112 3069/1853/5110 3029/1828/5037 3035/1828/5039 
f 3075/1858/5111 3069/1853/5110 3080/1853/5112 3081/1858/5113 
s 2
f 3079/1860/113 3081/1858/113 3080/1853/113 3077/1859/113 
f 3033/1829/113 3077/1859/113 3080/1853/113 3035/1828/113 
s 8
f 3082/1861/5114 3037/1831/5044 3025/1825/5043 3068/1852/5115 
f 3068/1852/5115 3070/1854/5116 3083/1862/5117 3082/1861/5114 
f 3041/1833/5046 3040/1832/5046 3084/1863/5118 3085/1864/5119 
f 3085/1864/5119 3084/1863/5118 3086/1865/5120 3087/1866/5120 
s 1
f 3043/1835/5049 3041/1833/5050 3085/1864/5121 3088/1867/5122 
f 3088/1867/5122 3085/1864/5121 3087/1866/5123 3089/1836/5124 
s 2
f 3090/1868/5125 3045/1837/5054 3043/1835/5053 3088/1867/5126 
f 3088/1867/5126 3089/1836/5127 3091/1869/5128 3090/1868/5125 
f 3090/1868/5125 3092/1732/5129 3047/1839/5056 3045/1837/5054 
f 3092/1732/5129 3090/1868/5125 3091/1869/5128 3093/1870/5130 
f 3094/1871/5131 3049/1841/5058 3047/1839/5056 3092/1732/5129 
f 3093/1870/5130 3095/1872/5132 3094/1871/5131 3092/1732/5129 
s 1
f 3051/1842/5062 3049/1841/5061 3094/1871/5133 3096/1873/5134 
f 3094/1871/5133 3095/1872/5135 3097/1874/5136 3096/1873/5134 
f 3098/1875/5137 3099/1876/5138 3100/1877/5139 3101/1878/5140 
f 3102/1879/5141 3103/1880/5142 3104/1881/5143 3105/1882/5144 
f 3106/1883/5145 3107/1884/5146 3071/1855/5106 3072/1856/5107 
f 3108/1877/5147 3109/1876/5148 3110/1885/5149 3111/1886/5150 
f 3112/1887/5151 3113/1887/5152 3073/1857/5108 3074/1857/5109 
s 2
f 3101/1878/5153 3100/1877/5154 3113/1887/5155 3106/1883/5156 
s 4
f 3113/1887/23 3100/1877/23 3099/1876/23 3073/1857/23 
s 2
f 3098/1875/5157 3072/1856/5158 3073/1857/5159 3099/1876/5160 
s 4
f 3072/1856/28 3098/1875/28 3101/1878/28 3106/1883/28 
s 2
f 3107/1884/5161 3114/1888/5162 3102/1879/5163 3105/1882/5164 
s 4
f 3071/1855/23 3107/1884/23 3105/1882/23 3104/1881/23 
s 2
f 3103/1880/5165 3070/1854/5166 3071/1855/5167 3104/1881/5168 
s 4
f 3114/1888/28 3070/1854/37 3103/1880/37 3102/1879/37 
s 2
f 3075/1858/23 3115/1875/23 3111/1886/23 3110/1885/23 
s 4
f 3109/1876/5169 3074/1857/5170 3075/1858/5171 3110/1885/5172 
s 2
f 3074/1857/28 3109/1876/28 3108/1877/28 3112/1887/37 
s 4
f 3115/1875/5173 3112/1887/5174 3108/1877/5175 3111/1886/5176 
s 1
f 3116/1889/5177 3114/1888/5178 3107/1884/5146 3117/1890/5179 
f 3118/1891/5180 3117/1890/5179 3107/1884/5146 3106/1883/5145 
f 3119/1892/5181 3118/1891/5180 3106/1883/5145 3113/1887/5152 
f 3119/1892/5181 3113/1887/5152 3112/1887/5151 3120/1892/5182 
f 3115/1875/5183 3121/1893/5184 3120/1892/5182 3112/1887/5151 
f 3122/1886/5185 3079/1860/5113 3078/1860/5113 3123/1886/5185 
f 3124/1894/5186 3122/1886/5185 3123/1886/5185 3125/1894/5186 
f 3075/1858/5111 3081/1858/5113 3126/1875/5185 3115/1875/5183 
f 3115/1875/5183 3126/1875/5185 3127/1893/5186 3121/1893/5184 
s 2
f 3122/1886/113 3124/1894/113 3127/1893/113 3126/1875/113 
f 3079/1860/113 3122/1886/113 3126/1875/113 3081/1858/113 
s 8
f 3114/1888/5187 3128/1895/5188 3083/1862/5117 3070/1854/5116 
f 3114/1888/5187 3116/1889/5189 3129/1896/5190 3128/1895/5188 
f 3087/1866/5120 3086/1865/5120 3130/1897/5191 3131/1803/5191 
f 3132/1898/5192 3131/1803/5191 3130/1897/5191 3133/1899/5192 
s 1
f 3134/1900/5193 3089/1836/5124 3087/1866/5123 3131/1803/5194 
f 3134/1900/5193 3131/1803/5194 3132/1898/5195 3135/1901/5196 
s 2
f 3091/1869/5128 3089/1836/5127 3134/1900/5197 3136/1902/5198 
f 3137/1903/5199 3136/1902/5198 3134/1900/5197 3135/1901/5200 
f 3136/1902/5198 3138/1904/5201 3093/1870/5130 3091/1869/5128 
f 3139/1905/5202 3138/1904/5201 3136/1902/5198 3137/1903/5199 
f 3140/1053/5203 3095/1872/5132 3093/1870/5130 3138/1904/5201 
f 3141/1700/5204 3140/1053/5203 3138/1904/5201 3139/1905/5202 
s 1
f 3140/1053/5205 3142/1906/5206 3097/1874/5136 3095/1872/5135 
f 3142/1906/5206 3140/1053/5205 3141/1700/5207 3143/1907/5208 
f 3144/1908/5209 3145/1791/5210 3146/1755/5211 3147/1909/5212 
f 3148/1910/5213 3149/1911/5214 3150/1912/5215 3151/1913/5216 
f 3117/1890/5179 3118/1891/5180 3152/1879/5217 3153/1914/5218 
f 3154/1818/5219 3155/1915/5220 3156/1755/5221 3157/1791/5222 
f 3120/1892/5182 3158/1916/5223 3159/1916/5224 3119/1892/5181 
s 2
f 3159/1916/5225 3152/1879/5226 3147/1909/5227 3146/1755/5228 
s 4
f 3119/1892/185 3159/1916/185 3146/1755/23 3145/1791/185 
s 2
f 3144/1908/5229 3118/1891/5230 3119/1892/5231 3145/1791/5232 
s 4
f 3152/1879/28 3118/1891/37 3144/1908/37 3147/1909/37 
s 2
f 3153/1914/5233 3160/1679/5234 3148/1910/5235 3151/1913/5236 
s 4
f 3151/1913/23 3150/1912/185 3117/1890/185 3153/1914/185 
s 2
f 3149/1911/5237 3116/1889/5238 3117/1890/5239 3150/1912/5240 
s 4
f 3148/1910/37 3160/1679/28 3116/1889/37 3149/1911/1514 
s 2
f 3121/1893/185 3161/1917/185 3155/1915/23 3154/1818/185 
s 4
f 3157/1791/5241 3120/1892/5242 3121/1893/5243 3154/1818/5244 
s 2
f 3156/1755/37 3158/1916/28 3120/1892/37 3157/1791/37 
s 4
f 3161/1917/5245 3158/1916/5246 3156/1755/5247 3155/1915/5248 
s 1
f 3162/1687/5249 3160/1679/5250 3153/1914/5218 3163/1918/5251 
f 3153/1914/5218 3152/1879/5217 3164/1919/5252 3163/1918/5251 
f 3165/1920/5253 3164/1919/5252 3152/1879/5217 3159/1916/5224 
f 3159/1916/5224 3158/1916/5223 3166/1920/5254 3165/1920/5253 
f 3161/1917/5255 3167/1921/5256 3166/1920/5254 3158/1916/5223 
f 3168/1915/5257 3124/1894/5186 3125/1894/5186 3169/1915/5257 
f 3168/1915/5257 3169/1915/5257 3170/1922/5258 3171/1922/5258 
f 3172/1917/5257 3161/1917/5255 3121/1893/5184 3127/1893/5186 
f 3161/1917/5255 3172/1917/5257 3173/1741/5258 3167/1921/5256 
s 2
f 3171/1922/113 3173/1741/113 3172/1917/113 3168/1915/113 
f 3124/1894/113 3168/1915/113 3172/1917/113 3127/1893/113 
s 8
f 3160/1679/5259 3174/1032/5260 3129/1896/5190 3116/1889/5189 
f 3175/1655/5261 3174/1032/5260 3160/1679/5259 3162/1687/5262 
f 3133/1899/5192 3176/1801/5263 3177/1923/5263 3132/1898/5192 
f 3178/1001/5264 3177/1923/5263 3176/1801/5263 3179/1924/5264 
s 1
f 3177/1923/5265 3180/1925/5266 3135/1901/5196 3132/1898/5195 
f 3180/1925/5266 3177/1923/5265 3178/1001/5267 3181/1926/5268 
s 2
f 3180/1925/5269 3182/1927/5270 3137/1903/5199 3135/1901/5200 
f 3182/1927/5270 3180/1925/5269 3181/1926/5271 3183/1044/5272 
f 3139/1905/5202 3137/1903/5199 3182/1927/5270 3184/1928/5273 
f 3185/1907/5274 3184/1928/5273 3182/1927/5270 3183/1044/5272 
f 3141/1700/5204 3139/1905/5202 3184/1928/5273 3186/981/5275 
f 3187/1929/5276 3186/981/5275 3184/1928/5273 3185/1907/5274 
s 1
f 3188/1009/5277 3143/1907/5208 3141/1700/5207 3186/981/5278 
f 3189/1930/5279 3188/1009/5277 3186/981/5278 3187/1929/5280 
f 3190/1789/5281 3191/1744/5282 3192/1931/5283 3193/1932/5284 
f 3194/1933/5285 3195/1934/5286 3196/1935/5287 3197/1936/5288 
f 3163/1918/5251 3164/1919/5252 3198/1937/5289 3199/1938/5290 
f 3200/1939/5291 3201/1919/5292 3202/1789/5293 3203/1932/5294 
f 3204/1914/5295 3165/1920/5253 3166/1920/5254 3205/1914/5296 
s 2
f 3204/1914/5297 3198/1937/5298 3191/1744/5299 3190/1789/5300 
s 4
f 3190/1789/23 3193/1932/988 3165/1920/988 3204/1914/23 
s 2
f 3192/1931/5301 3164/1919/5302 3165/1920/5303 3193/1932/5304 
s 4
f 3198/1937/37 3164/1919/140 3192/1931/140 3191/1744/28 
s 2
f 3199/1938/5305 3206/1940/5306 3194/1933/5307 3197/1936/5308 
s 4
f 3196/1935/988 3163/1918/988 3199/1938/23 3197/1936/23 
s 2
f 3163/1918/5309 3196/1935/5310 3195/1934/5311 3162/1687/5312 
s 4
f 3194/1933/140 3206/1940/37 3162/1687/140 3195/1934/140 
s 2
f 3167/1921/988 3207/1750/23 3201/1919/23 3200/1939/988 
s 4
f 3203/1932/5313 3166/1920/5314 3167/1921/5315 3200/1939/5316 
s 2
f 3202/1789/28 3205/1914/37 3166/1920/140 3203/1932/140 
s 4
f 3207/1750/5317 3205/1914/5318 3202/1789/5319 3201/1919/5320 
s 1
f 3199/1938/5290 3208/1941/5321 3209/1032/5322 3206/1940/5323 
f 3210/1942/5324 3208/1941/5321 3199/1938/5290 3198/1937/5289 
f 3198/1937/5289 3204/1914/5295 3211/1943/5325 3210/1942/5324 
f 3212/1944/5326 3211/1943/5325 3204/1914/5295 3205/1914/5296 
f 3212/1944/5326 3205/1914/5296 3207/1750/5327 3213/1945/5328 
f 3214/1919/5329 3215/1919/5329 3171/1922/5258 3170/1922/5258 
f 3214/1919/5329 3216/1946/5330 3217/1946/5330 3215/1919/5329 
f 3167/1921/5256 3173/1741/5258 3218/1750/5329 3207/1750/5327 
f 3207/1750/5327 3218/1750/5329 3219/1945/5330 3213/1945/5328 
s 2
f 3217/1946/113 3219/1945/113 3218/1750/113 3215/1919/113 
f 3173/1741/113 3171/1922/113 3215/1919/113 3218/1750/113 
s 8
f 3206/1940/5331 3220/1947/5332 3175/1655/5261 3162/1687/5262 
f 3206/1940/5331 3209/1032/5333 3221/1948/5334 3220/1947/5332 
f 3178/1001/5264 3179/1924/5264 3222/1949/5335 3223/1950/5335 
f 3223/1950/5335 3222/1949/5335 3224/1951/5336 3225/1952/5336 
s 1
f 3226/1953/5337 3181/1926/5268 3178/1001/5267 3223/1950/5338 
f 3226/1953/5337 3223/1950/5338 3225/1952/5339 3227/1808/5340 
s 2
f 3183/1044/5272 3181/1926/5271 3226/1953/5341 3228/1954/5342 
f 3226/1953/5341 3227/1808/5343 3229/1955/5344 3228/1954/5342 
f 3230/1609/5345 3185/1907/5274 3183/1044/5272 3228/1954/5342 
f 3231/1956/5346 3230/1609/5345 3228/1954/5342 3229/1955/5344 
f 3232/1957/5347 3187/1929/5276 3185/1907/5274 3230/1609/5345 
f 3230/1609/5345 3231/1956/5346 3233/1958/5348 3232/1957/5347 
s 1
f 3189/1930/5279 3187/1929/5280 3232/1957/5349 3234/1959/5350 
f 3235/1018/5351 3234/1959/5350 3232/1957/5349 3233/1958/5352 
f 3236/1960/5353 3237/1961/5354 3238/1718/5355 3239/1931/5356 
f 3240/1803/5357 3241/1042/5358 3242/1962/5359 3243/1963/5360 
f 3244/1866/5361 3245/1964/5362 3208/1941/5321 3210/1942/5324 
f 3246/1965/5363 3247/1966/5364 3248/1960/5365 3249/1931/5366 
f 3212/1944/5326 3250/1967/5367 3251/1967/5368 3211/1943/5325 
s 2
f 3237/1961/5369 3236/1960/5370 3251/1967/5371 3244/1866/5372 
s 4
f 3236/1960/185 3239/1931/185 3211/1943/1509 3251/1967/185 
s 2
f 3211/1943/5373 3239/1931/5374 3238/1718/5375 3210/1942/5376 
s 4
f 3237/1961/28 3244/1866/28 3210/1942/1514 3238/1718/1514 
s 2
f 3245/1964/5377 3252/1968/5378 3240/1803/5379 3243/1963/5380 
s 4
f 3208/1941/185 3245/1964/185 3243/1963/23 3242/1962/185 
s 2
f 3241/1042/5381 3209/1032/5382 3208/1941/5383 3242/1962/5384 
s 4
f 3240/1803/28 3252/1968/28 3209/1032/5385 3241/1042/5385 
s 2
f 3213/1945/185 3253/1658/185 3247/1966/23 3246/1965/185 
s 4
f 3249/1931/5386 3212/1944/5387 3213/1945/5388 3246/1965/5389 
s 2
f 3248/1960/28 3250/1967/28 3212/1944/37 3249/1931/37 
s 4
f 3248/1960/5390 3247/1966/5391 3253/1658/5392 3250/1967/5393 
s 1
f 3245/1964/5362 3254/1969/5394 3255/1970/5395 3252/1968/5396 
f 3245/1964/5362 3244/1866/5361 3256/1971/5397 3254/1969/5394 
f 3257/1759/5398 3256/1971/5397 3244/1866/5361 3251/1967/5368 
f 3257/1759/5398 3251/1967/5368 3250/1967/5367 3258/1759/5399 
f 3258/1759/5399 3250/1967/5367 3253/1658/5400 3259/1972/5401 
f 3260/1973/5402 3261/1973/5402 3217/1946/5330 3216/1946/5330 
f 3261/1973/5402 3260/1973/5402 3262/1651/5403 3263/1651/5403 
f 3264/1658/5402 3253/1658/5400 3213/1945/5328 3219/1945/5330 
f 3265/1972/5403 3259/1972/5401 3253/1658/5400 3264/1658/5402 
s 2
f 3263/1651/113 3265/1972/113 3264/1658/113 3261/1973/113 
f 3217/1946/113 3261/1973/113 3264/1658/113 3219/1945/113 
s 8
f 3252/1968/5404 3266/1974/5405 3221/1948/5334 3209/1032/5333 
f 3252/1968/5404 3255/1970/5406 3267/1975/5407 3266/1974/5405 
f 3224/1951/5336 3268/1809/5408 3269/1976/5409 3225/1952/5336 
f 3269/1976/5409 3268/1809/5408 3270/1907/5410 3271/1977/5410 
s 1
f 3269/1976/5411 3272/1978/5412 3227/1808/5340 3225/1952/5339 
f 3269/1976/5411 3271/1977/5413 3273/980/5414 3272/1978/5412 
s 2
f 3227/1808/5343 3272/1978/5415 3274/966/5416 3229/1955/5344 
f 3275/1979/5417 3274/966/5416 3272/1978/5415 3273/980/5418 
f 3229/1955/5344 3274/966/5416 3276/1980/5419 3231/1956/5346 
f 3274/966/5416 3275/1979/5417 3277/1981/5420 3276/1980/5419 
f 3276/1980/5419 3278/1982/5421 3233/1958/5348 3231/1956/5346 
f 3279/1983/5422 3278/1982/5421 3276/1980/5419 3277/1981/5420 
s 1
f 3280/1984/5423 3235/1018/5351 3233/1958/5352 3278/1982/5424 
f 3279/1983/5425 3281/965/5426 3280/1984/5423 3278/1982/5424 
f 3282/1985/5427 3283/1986/5428 3284/1987/5429 3285/1988/5430 
f 3286/1989/5431 3287/1903/5432 3288/1801/5433 3289/1990/5434 
f 3256/1971/5397 3290/1904/5435 3291/1991/5436 3254/1969/5394 
f 3292/1987/5437 3293/1986/5438 3294/1651/5439 3295/1766/5440 
f 3257/1759/5398 3258/1759/5399 3296/1924/5441 3297/1924/5442 
s 2
f 3297/1924/5443 3290/1904/5444 3285/1988/5445 3284/1987/5446 
s 4
f 3284/1987/23 3283/1986/988 3257/1759/988 3297/1924/23 
s 2
f 3257/1759/5447 3283/1986/5448 3282/1985/5449 3256/1971/5450 
s 4
f 3256/1971/37 3282/1985/37 3285/1988/37 3290/1904/37 
s 2
f 3291/1991/5451 3298/1992/5452 3286/1989/5453 3289/1990/5454 
s 4
f 3254/1969/185 3291/1991/185 3289/1990/185 3288/1801/185 
s 2
f 3287/1903/5455 3255/1970/5456 3254/1969/5457 3288/1801/5458 
s 4
f 3255/1970/37 3287/1903/37 3286/1989/37 3298/1992/37 
s 2
f 3259/1972/988 3299/1993/23 3295/1766/185 3294/1651/988 
s 4
f 3293/1986/5459 3258/1759/5460 3259/1972/5461 3294/1651/5462 
s 2
f 3258/1759/28 3293/1986/28 3292/1987/28 3296/1924/28 
s 4
f 3299/1993/5463 3296/1924/5464 3292/1987/5465 3295/1766/5466 
s 1
f 3300/1994/5467 3298/1992/5468 3291/1991/5436 3301/1810/5469 
f 3301/1810/5469 3291/1991/5436 3290/1904/5435 3302/1995/5470 
f 3290/1904/5435 3297/1924/5442 3303/1033/5471 3302/1995/5470 
f 3304/1033/5472 3303/1033/5471 3297/1924/5442 3296/1924/5441 
f 3304/1033/5472 3296/1924/5441 3299/1993/5473 3305/1996/5474 
f 3306/1997/5475 3263/1651/5403 3262/1651/5403 3307/1997/5475 
f 3308/1998/5476 3306/1997/5475 3307/1997/5475 3309/1998/5476 
f 3259/1972/5401 3265/1972/5403 3310/1993/5475 3299/1993/5473 
f 3299/1993/5473 3310/1993/5475 3311/1996/5476 3305/1996/5474 
s 2
f 3308/1998/113 3311/1996/113 3310/1993/113 3306/1997/113 
f 3263/1651/113 3306/1997/113 3310/1993/113 3265/1972/113 
s 8
f 3312/1633/5477 3267/1975/5407 3255/1970/5406 3298/1992/5478 
f 3298/1992/5478 3300/1994/5479 3313/1999/5480 3312/1633/5477 
f 3271/1977/5410 3270/1907/5410 3314/1058/5481 3315/1610/5482 
f 3316/2000/5483 3317/1003/5483 3315/1610/5482 3314/1058/5481 
s 1
f 3315/1610/5484 3318/2001/5485 3273/980/5414 3271/1977/5413 
f 3315/1610/5484 3317/1003/5486 3319/2002/5487 3318/2001/5485 
s 2
f 3320/2003/5488 3275/1979/5417 3273/980/5418 3318/2001/5489 
f 3319/2002/5490 3321/2004/5491 3320/2003/5488 3318/2001/5489 
f 3320/2003/5488 3322/1616/5492 3277/1981/5420 3275/1979/5417 
f 3320/2003/5488 3321/2004/5491 3323/2005/5493 3322/1616/5492 
f 3279/1983/5422 3277/1981/5420 3322/1616/5492 3324/2006/5494 
f 3325/2007/5495 3324/2006/5494 3322/1616/5492 3323/2005/5493 
s 1
f 3324/2006/5496 3326/2008/5497 3281/965/5426 3279/1983/5425 
f 3324/2006/5496 3325/2007/5498 3327/2009/5499 3326/2008/5497 
f 3328/2010/5500 3329/2011/5501 3330/2012/5502 3331/1901/5503 
f 3332/1060/5504 3333/1810/5505 3334/1807/5506 3335/1614/5507 
f 3301/1810/5469 3302/1995/5470 3336/1638/5508 3337/2013/5509 
f 3338/1998/5510 3339/1627/5511 3340/2010/5512 3341/1901/5513 
f 3303/1033/5471 3304/1033/5472 3342/1660/5514 3343/1660/5515 
s 2
f 3329/2011/5516 3328/2010/5517 3343/1660/5518 3336/1638/5519 
s 4
f 3343/1660/185 3328/2010/23 3331/1901/1509 3303/1033/1509 
s 2
f 3330/2012/5520 3302/1995/5521 3303/1033/5522 3331/1901/5523 
s 4
f 3336/1638/28 3302/1995/1514 3330/2012/1514 3329/2011/28 
s 2
f 3337/2013/5524 3344/2014/5525 3332/1060/5526 3335/1614/5527 
s 4
f 3301/1810/185 3337/2013/185 3335/1614/23 3334/1807/185 
s 2
f 3333/1810/5528 3300/1994/5529 3301/1810/5530 3334/1807/5531 
s 4
f 3332/1060/28 3344/2014/28 3300/1994/1514 3333/1810/1514 
s 2
f 3305/1996/185 3345/966/185 3339/1627/23 3338/1998/185 
s 4
f 3305/1996/5532 3338/1998/5533 3341/1901/5534 3304/1033/5535 
s 2
f 3304/1033/37 3341/1901/37 3340/2010/28 3342/1660/28 
s 4
f 3345/966/5536 3342/1660/5537 3340/2010/5538 3339/1627/5539 
s 1
f 3346/2015/5540 3344/2014/5541 3337/2013/5509 3347/2016/5542 
f 3348/2017/5543 3347/2016/5542 3337/2013/5509 3336/1638/5508 
f 3349/1771/5544 3348/2017/5543 3336/1638/5508 3343/1660/5515 
f 3349/1771/5544 3343/1660/5515 3342/1660/5514 3350/1771/5545 
f 3345/966/5546 3351/2018/5547 3350/1771/5545 3342/1660/5514 
f 3308/1998/5476 3309/1998/5476 3352/2019/5548 3353/2019/5548 
f 3354/2020/5549 3353/2019/5548 3352/2019/5548 3355/2020/5549 
f 3305/1996/5474 3311/1996/5476 3356/966/5548 3345/966/5546 
f 3356/966/5548 3357/2018/5549 3351/2018/5547 3345/966/5546 
s 2
f 3357/2018/28 3356/966/113 3353/2019/113 3354/2020/113 
f 3353/2019/113 3356/966/113 3311/1996/113 3308/1998/113 
s 8
f 3358/2021/5550 3313/1999/5480 3300/1994/5479 3344/2014/5551 
f 3344/2014/5551 3346/2015/5552 3359/2022/5553 3358/2021/5550 
f 3360/1066/5554 3361/2023/5554 3317/1003/5483 3316/2000/5483 
f 3362/2024/5555 3363/2025/5555 3361/2023/5554 3360/1066/5554 
s 1
f 3361/2023/5556 3364/2008/5557 3319/2002/5487 3317/1003/5486 
f 3361/2023/5556 3363/2025/5558 3365/1643/5559 3364/2008/5557 
s 2
f 3364/2008/5560 3366/2026/5561 3321/2004/5491 3319/2002/5490 
f 3364/2008/5560 3365/1643/5562 3367/2027/5563 3366/2026/5561 
f 3366/2026/5561 3368/2028/5564 3323/2005/5493 3321/2004/5491 
f 3368/2028/5564 3366/2026/5561 3367/2027/5563 3369/2029/5565 
f 3370/2029/5566 3325/2007/5495 3323/2005/5493 3368/2028/5564 
f 3368/2028/5564 3369/2029/5565 3371/2030/5567 3370/2029/5566 
s 1
f 3370/2029/5568 3372/2031/5569 3327/2009/5499 3325/2007/5498 
f 3372/2031/5569 3370/2029/5568 3371/2030/5570 3373/2032/5571 
f 3374/2033/5572 3375/1699/5573 3376/2034/5574 3377/2035/5575 
f 3378/2036/5576 3379/2037/5577 3380/2038/5578 3381/1643/5579 
f 3347/2016/5542 3348/2017/5543 3382/2039/5580 3383/2040/5581 
f 3384/2041/5582 3385/2042/5583 3386/2034/5584 3387/1699/5585 
f 3388/2043/5586 3349/1771/5544 3350/1771/5545 3389/2043/5587 
s 2
f 3388/2043/5588 3382/2039/5589 3377/2035/5590 3376/2034/5591 
s 4
f 3388/2043/23 3376/2034/185 3375/1699/988 3349/1771/988 
s 2
f 3349/1771/5592 3375/1699/5593 3374/2033/5594 3348/2017/5595 
s 4
f 3348/2017/140 3374/2033/140 3377/2035/37 3382/2039/37 
s 2
f 3383/2040/5596 3390/2044/5597 3378/2036/5598 3381/1643/5599 
s 4
f 3347/2016/988 3383/2040/23 3381/1643/185 3380/2038/988 
s 2
f 3347/2016/5600 3380/2038/5601 3379/2037/5602 3346/2015/5603 
s 4
f 3379/2037/140 3378/2036/37 3390/2044/37 3346/2015/140 
s 2
f 3351/2018/988 3391/983/23 3385/2042/23 3384/2041/988 
s 4
f 3387/1699/5604 3350/1771/5605 3351/2018/5606 3384/2041/5607 
s 2
f 3386/2034/37 3389/2043/37 3350/1771/140 3387/1699/140 
s 4
f 3391/983/5608 3389/2043/5609 3386/2034/5610 3385/2042/5611 
s 1
f 3392/2045/5612 3390/2044/5613 3383/2040/5581 3393/2046/5614 
f 3394/2047/5615 3393/2046/5614 3383/2040/5581 3382/2039/5580 
f 3382/2039/5580 3388/2043/5586 3395/1592/5616 3394/2047/5615 
f 3388/2043/5586 3389/2043/5587 3396/1592/5617 3395/1592/5616 
f 3396/1592/5617 3389/2043/5587 3391/983/5618 3397/2023/5619 
f 3398/2048/5620 3354/2020/5549 3355/2020/5549 3399/2048/5620 
f 3398/2048/5620 3399/2048/5620 3400/2049/5621 3401/2049/5621 
f 3357/2018/5549 3402/983/5620 3391/983/5618 3351/2018/5547 
f 3403/2023/5621 3397/2023/5619 3391/983/5618 3402/983/5620 
s 2
f 3403/2023/113 3402/983/113 3398/2048/113 3401/2049/113 
f 3398/2048/113 3402/983/113 3357/2018/28 3354/2020/113 
s 8
f 3359/2022/5553 3346/2015/5552 3390/2044/5622 3404/2050/5623 
f 3404/2050/5623 3390/2044/5622 3392/2045/5624 3405/2051/5625 
f 3363/2025/5555 3362/2024/5555 3406/2052/5626 3407/2053/5626 
f 3408/2054/5627 3409/2055/5627 3407/2053/5626 3406/2052/5626 
s 1
f 3410/2056/5628 3365/1643/5559 3363/2025/5558 3407/2053/5629 
f 3409/2055/5630 3411/2057/5631 3410/2056/5628 3407/2053/5629 
s 2
f 3412/2058/5632 3367/2027/5563 3365/1643/5562 3410/2056/5633 
f 3410/2056/5633 3411/2057/5634 3413/2059/5635 3412/2058/5632 
f 3412/2058/5632 3414/2060/5636 3369/2029/5565 3367/2027/5563 
f 3415/2061/5637 3414/2060/5636 3412/2058/5632 3413/2059/5635 
f 3371/2030/5567 3369/2029/5565 3414/2060/5636 3416/953/5638 
f 3414/2060/5636 3415/2061/5637 3417/2062/5639 3416/953/5638 
s 1
f 3418/2063/5640 3373/2032/5571 3371/2030/5570 3416/953/5641 
f 3417/2062/5642 3419/1566/5643 3418/2063/5640 3416/953/5641 
f 3420/2064/5644 3421/2065/5645 3422/2066/5646 3423/2067/5647 
f 3424/2068/5648 3425/2039/5649 3426/2069/5650 3427/2070/5651 
f 3428/2071/5652 3429/2072/5653 3393/2046/5614 3394/2047/5615 
f 3430/2064/5654 3431/2067/5655 3432/2073/5656 3433/2074/5657 
f 3395/1592/5616 3396/1592/5617 3434/2051/5658 3435/2051/5659 
s 2
f 3421/2065/5660 3420/2064/5661 3435/2051/5662 3428/2071/5663 
s 4
f 3420/2064/185 3423/2067/1509 3395/1592/1509 3435/2051/185 
s 2
f 3395/1592/5664 3423/2067/5665 3422/2066/5666 3394/2047/5667 
s 4
f 3421/2065/28 3428/2071/28 3394/2047/1514 3422/2066/1514 
s 2
f 3424/2068/5668 3427/2070/5669 3429/2072/5670 3436/2075/5671 
s 4
f 3427/2070/23 3426/2069/1509 3393/2046/1509 3429/2072/23 
s 2
f 3393/2046/5672 3426/2069/5673 3425/2039/5674 3392/2045/5675 
s 4
f 3424/2068/28 3436/2075/28 3392/2045/1514 3425/2039/1514 
s 2
f 3397/2023/1509 3437/2076/185 3433/2074/185 3432/2073/1509 
s 4
f 3397/2023/5676 3432/2073/5677 3431/2067/5678 3396/1592/5679 
s 2
f 3430/2064/28 3434/2051/28 3396/1592/1514 3431/2067/1514 
s 4
f 3437/2076/5680 3434/2051/5681 3430/2064/5682 3433/2074/5683 
s 1
f 3429/2072/5653 3438/2077/5684 3439/1595/5685 3436/2075/5686 
f 3440/2078/5687 3438/2077/5684 3429/2072/5653 3428/2071/5652 
f 3441/2079/5688 3440/2078/5687 3428/2071/5652 3435/2051/5659 
f 3442/2079/5689 3441/2079/5688 3435/2051/5659 3434/2051/5658 
f 3437/2076/5690 3443/2080/5691 3442/2079/5689 3434/2051/5658 
f 3401/2049/5621 3400/2049/5621 3444/907/5692 3445/907/5692 
f 3445/907/5692 3444/907/5692 3446/902/5693 3447/902/5693 
f 3448/2076/5692 3437/2076/5690 3397/2023/5619 3403/2023/5621 
f 3449/2080/5693 3443/2080/5691 3437/2076/5690 3448/2076/5692 
s 2
f 3449/2080/28 3448/2076/28 3445/907/28 3447/902/28 
f 3401/2049/113 3445/907/28 3448/2076/28 3403/2023/113 
s 8
f 3450/2081/5694 3405/2051/5625 3392/2045/5624 3436/2075/5695 
f 3451/2082/5696 3450/2081/5694 3436/2075/5695 3439/1595/5697 
f 3409/2055/5627 3408/2054/5627 3452/2083/5698 3453/2084/5698 
f 3454/2085/5699 3453/2084/5698 3452/2083/5698 3455/2086/5699 
s 1
f 3411/2057/5631 3409/2055/5630 3453/2084/5700 3456/2087/5701 
f 3454/2085/5702 3457/2088/5703 3456/2087/5701 3453/2084/5700 
s 2
f 3456/2087/5704 3458/911/5705 3413/2059/5635 3411/2057/5634 
f 3456/2087/5704 3457/2088/5706 3459/1561/5707 3458/911/5705 
f 3458/911/5705 3460/2089/5708 3415/2061/5637 3413/2059/5635 
f 3460/2089/5708 3458/911/5705 3459/1561/5707 3461/873/5709 
f 3460/2089/5708 3462/2090/5710 3417/2062/5639 3415/2061/5637 
f 3460/2089/5708 3461/873/5709 3463/2091/5711 3462/2090/5710 
s 1
f 3462/2090/5712 3464/861/5713 3419/1566/5643 3417/2062/5642 
f 3463/2091/5714 3465/2092/5715 3464/861/5713 3462/2090/5712 
f 3466/2093/5716 3467/2094/5717 3468/2095/5718 3469/1579/5719 
f 3470/2096/5720 3471/2097/5721 3472/2098/5722 3473/924/5723 
f 3474/2099/5724 3475/2100/5725 3438/2077/5684 3440/2078/5687 
f 3476/2095/5726 3477/2094/5727 3478/2101/5728 3479/2102/5729 
f 3480/2103/5730 3481/2103/5731 3441/2079/5688 3442/2079/5689 
s 2
f 3481/2103/5732 3474/2099/5733 3469/1579/5734 3468/2095/5735 
s 4
f 3468/2095/185 3467/2094/988 3441/2079/988 3481/2103/185 
s 2
f 3466/2093/5736 3440/2078/5737 3441/2079/5738 3467/2094/5739 
s 4
f 3440/2078/28 3466/2093/28 3469/1579/28 3474/2099/28 
s 2
f 3470/2096/5740 3473/924/5741 3475/2100/5742 3482/913/5743 
s 4
f 3438/2077/988 3475/2100/23 3473/924/23 3472/2098/988 
s 2
f 3471/2097/5744 3439/1595/5745 3438/2077/5746 3472/2098/5747 
s 4
f 3470/2096/28 3482/913/28 3439/1595/28 3471/2097/28 
s 2
f 3479/2102/23 3478/2101/988 3443/2080/988 3483/913/23 
s 4
f 3477/2094/5748 3442/2079/5749 3443/2080/5750 3478/2101/5751 
s 2
f 3480/2103/37 3442/2079/140 3477/2094/140 3476/2095/37 
s 4
f 3483/913/5752 3480/2103/5753 3476/2095/5754 3479/2102/5755 
s 1
f 3484/2104/5756 3482/913/5757 3475/2100/5725 3485/2105/5758 
f 3485/2105/5758 3475/2100/5725 3474/2099/5724 3486/2106/5759 
f 3474/2099/5724 3481/2103/5731 3487/2107/5760 3486/2106/5759 
f 3480/2103/5730 3488/2107/5761 3487/2107/5760 3481/2103/5731 
f 3483/913/5762 3489/2108/5763 3488/2107/5761 3480/2103/5730 
f 3490/2102/5764 3491/2102/5764 3447/902/5693 3446/902/5693 
f 3491/2102/5764 3490/2102/5764 3492/2109/5765 3493/2110/5765 
f 3494/913/5764 3483/913/5762 3443/2080/5691 3449/2080/5693 
f 3483/913/5762 3494/913/5764 3495/2108/5765 3489/2108/5763 
s 2
f 3495/2108/28 3494/913/28 3491/2102/28 3493/2110/28 
f 3447/902/28 3491/2102/28 3494/913/28 3449/2080/28 
s 8
f 3439/1595/5697 3482/913/5766 3496/2111/5767 3451/2082/5696 
f 3484/2104/5768 3497/2112/5769 3496/2111/5767 3482/913/5766 
f 3498/2113/5770 3499/872/5771 3454/2085/5699 3455/2086/5699 
f 3500/2114/5772 3501/2106/5772 3499/872/5771 3498/2113/5770 
s 1
f 3454/2085/5702 3499/872/5773 3502/2115/5774 3457/2088/5703 
f 3503/2116/5775 3502/2115/5774 3499/872/5773 3501/2106/5776 
s 2
f 3502/2115/5777 3504/2117/5778 3459/1561/5707 3457/2088/5706 
f 3502/2115/5777 3503/2116/5779 3505/2118/5780 3504/2117/5778 
f 3504/2117/5778 3506/2119/5781 3461/873/5709 3459/1561/5707 
f 3504/2117/5778 3505/2118/5780 3507/2120/5782 3506/2119/5781 
f 3508/879/5783 3463/2091/5711 3461/873/5709 3506/2119/5781 
f 3509/2121/5784 3508/879/5783 3506/2119/5781 3507/2120/5782 
s 1
f 3510/2122/5785 3465/2092/5715 3463/2091/5714 3508/879/5786 
f 3508/879/5786 3509/2121/5787 3511/2123/5788 3510/2122/5785 
f 3512/1550/5789 3513/2124/5790 3514/2125/5791 3515/2126/5792 
f 3516/877/5793 3517/2127/5794 3518/2128/5795 3519/2109/5796 
f 3486/2106/5759 3520/2129/5797 3521/2129/5798 3485/2105/5758 
f 3522/2110/5799 3523/2130/5800 3524/1550/5801 3525/2126/5802 
f 3526/4/5803 3487/2107/5760 3488/2107/5761 3527/4/5804 
s 2
f 3526/4/5805 3520/2129/5806 3513/2124/5807 3512/1550/5808 
s 4
f 3487/2107/1509 3526/4/23 3512/1550/23 3515/2126/1509 
s 2
f 3514/2125/5809 3486/2106/5810 3487/2107/5811 3515/2126/5812 
s 4
f 3513/2124/28 3520/2129/28 3486/2106/1514 3514/2125/1514 
s 2
f 3518/2128/5813 3517/2127/5814 3521/2129/5815 3528/1554/5816 
s 4
f 3485/2105/1509 3521/2129/23 3517/2127/23 3516/877/1509 
s 2
f 3519/2109/5817 3484/2104/5818 3485/2105/5819 3516/877/5820 
s 4
f 3528/1554/28 3484/2104/1514 3519/2109/1514 3518/2128/28 
s 2
f 3522/2110/1509 3489/2108/1509 3529/1078/23 3523/2130/23 
s 4
f 3489/2108/5821 3522/2110/5822 3525/2126/5823 3488/2107/5824 
s 2
f 3527/4/28 3488/2107/1514 3525/2126/1514 3524/1550/28 
s 4
f 3529/1078/5825 3527/4/5826 3524/1550/5827 3523/2130/5828 
s 1
f 3530/2131/5829 3528/1554/5830 3521/2129/5798 3531/2132/5831 
f 3531/2132/5831 3521/2129/5798 3520/2129/5797 3532/2132/5832 
f 3520/2129/5797 3526/4/5803 3533/2133/5833 3532/2132/5832 
f 3534/2133/5834 3533/2133/5833 3526/4/5803 3527/4/5804 
f 3534/2133/5834 3527/4/5804 3529/1078/5835 3535/2134/5836 
f 3536/2130/5837 3537/2130/5837 3493/2110/5765 3492/2109/5765 
f 3536/2130/5837 3538/2135/5838 3539/2135/5838 3537/2130/5837 
f 3495/2108/5765 3540/1078/5837 3529/1078/5835 3489/2108/5763 
f 3541/2134/5838 3535/2134/5836 3529/1078/5835 3540/1078/5837 
s 2
f 3540/1078/28 3537/2130/28 3539/2135/852 3541/2134/852 
f 3493/2110/28 3537/2130/28 3540/1078/28 3495/2108/28 
s 8
f 3528/1554/5839 3542/2130/5840 3497/2112/5769 3484/2104/5768 
f 3528/1554/5839 3530/2131/5841 3543/1528/5841 3542/2130/5840 
f 3500/2114/5772 3544/2136/5842 3545/2137/5843 3501/2106/5772 
f 3546/2138/5844 3547/39/5844 3545/2137/5843 3544/2136/5842 
s 1
f 3545/2137/5845 3548/2139/5846 3503/2116/5775 3501/2106/5776 
f 3548/2139/5846 3545/2137/5845 3547/39/5847 3549/2140/5847 
s 2
f 3550/2141/5848 3505/2118/5780 3503/2116/5779 3548/2139/5849 
f 3548/2139/5849 3549/2140/5850 3551/2142/5851 3550/2141/5848 
f 3550/2141/5848 3552/2134/5852 3507/2120/5782 3505/2118/5780 
f 3550/2141/5848 3551/2142/5851 3553/2143/5853 3552/2134/5852 
f 3554/2144/5854 3509/2121/5784 3507/2120/5782 3552/2134/5852 
f 3554/2144/5854 3552/2134/5852 3553/2143/5853 3555/2145/5855 
s 1
f 3556/36/5856 3511/2123/5788 3509/2121/5787 3554/2144/5857 
f 3556/36/5856 3554/2144/5857 3555/2145/5858 3557/2146/5858 
f 3558/1861/5859 3559/2147/5860 3560/1933/5861 3561/2148/5862 
f 3562/1676/5863 3563/2149/5864 3564/2150/5865 3565/2151/5866 
f 3566/1659/5867 3567/1658/5867 3568/2152/5868 3569/2153/5869 
f 3570/1670/5870 3571/1689/5871 3572/1052/5872 3573/2147/5873 
f 3574/1049/5874 3575/1049/5874 3576/1681/5875 3577/1681/5876 
s 2
f 3561/2148/5877 3569/2153/5878 3576/1681/5879 3558/1861/5880 
s 4
f 3575/1049/37 3559/2147/37 3558/1861/37 3576/1681/37 
s 2
f 3575/1049/5881 3566/1659/5882 3560/1933/5883 3559/2147/5884 
s 4
f 3566/1659/185 3569/2153/23 3561/2148/23 3560/1933/185 
s 2
f 3568/2152/5885 3565/2151/5886 3564/2150/5887 3578/2154/5888 
s 4
f 3565/2151/37 3568/2152/37 3567/1658/28 3562/1676/28 
s 2
f 3567/1658/5889 3579/1657/5890 3563/2149/5891 3562/1676/5892 
s 4
f 3579/1657/23 3578/2154/23 3564/2150/23 3563/2149/23 
s 2
f 3571/1689/28 3580/1683/28 3581/1050/28 3572/1052/28 
s 4
f 3581/1050/5893 3574/1049/5894 3573/2147/5895 3572/1052/5896 
s 2
f 3574/1049/185 3577/1681/185 3570/1670/185 3573/2147/185 
s 4
f 3580/1683/5897 3571/1689/5898 3570/1670/5899 3577/1681/5900 
s 1
f 3582/2155/5901 3583/2156/5902 3568/2152/5868 3578/2154/5903 
f 3569/2153/5869 3568/2152/5868 3583/2156/5902 3584/2157/5904 
f 3585/1687/5905 3576/1681/5875 3569/2153/5869 3584/2157/5904 
f 3577/1681/5876 3576/1681/5875 3585/1687/5905 3586/1687/5906 
f 3580/1683/5907 3577/1681/5876 3586/1687/5906 3587/1688/5908 
f 3588/1683/4746 3589/1050/5909 3581/1050/5909 3580/1683/5907 
f 3587/1688/5908 3590/1688/4747 3588/1683/4746 3580/1683/5907 
s 2
f 2848/1690/3063 2847/1689/988 3588/1683/988 3590/1688/3063 
f 3589/1050/5910 3588/1683/988 2847/1689/988 1470/1052/5910 
s 8
f 3591/1046/5911 3578/2154/5912 3579/1657/5913 3592/1661/5913 
f 3582/2155/5914 3578/2154/5912 3591/1046/5911 3593/2158/5915 
s 1
f 3594/974/5916 3595/2159/5917 3591/1046/5918 3592/1661/5916 
f 3595/2159/5917 3596/2160/5919 3593/2158/5920 3591/1046/5918 
s 2
f 3595/2159/5921 3594/974/5922 3597/1663/5922 3598/2161/5923 
f 3598/2161/5923 3599/2162/5924 3596/2160/5925 3595/2159/5921 
s 1
f 3598/2161/5926 3597/1663/5927 3600/1665/5928 3601/1769/5929 
f 3598/2161/5926 3601/1769/5929 3602/2163/5930 3599/2162/5931 
f 3603/1667/5932 3604/2164/5933 3601/1769/5929 3600/1665/5928 
f 3602/2163/5930 3601/1769/5929 3604/2164/5933 3605/1665/5934 
f 3606/2165/5935 3604/2164/5933 3603/1667/5932 3607/973/5936 
f 3608/1018/5937 3605/1665/5934 3604/2164/5933 3606/2165/5935 
s 2
f 3609/1669/5938 3610/2033/5939 3606/2165/5940 3607/973/5938 
f 3608/1018/5941 3606/2165/5940 3610/2033/5939 3611/2166/5942 
s 1
f 3612/2167/5943 3613/2168/5944 3614/1714/5945 3615/1710/5946 
f 3616/1937/5947 3617/2169/5948 3618/2170/5949 3619/1039/5950 
f 3584/2157/5904 3583/2156/5902 3620/2171/5951 3621/2172/5952 
f 3622/1714/5953 3623/1716/5954 3624/1690/5955 3625/1710/5956 
f 3586/1687/5906 3585/1687/5905 3626/1717/5957 3627/1717/5958 
s 2
f 3613/2168/5959 3621/2172/5960 3626/1717/5961 3614/1714/5962 
s 4
f 3626/1717/28 3585/1687/28 3615/1710/28 3614/1714/37 
s 2
f 3612/2167/5963 3615/1710/5964 3585/1687/5965 3584/2157/5966 
s 4
f 3613/2168/23 3612/2167/23 3584/2157/23 3621/2172/23 
s 2
f 3620/2171/5967 3617/2169/5968 3616/1937/5969 3628/2173/5970 
s 4
f 3617/2169/28 3620/2171/28 3583/2156/28 3618/2170/28 
s 2
f 3583/2156/5971 3582/2155/5972 3619/1039/5973 3618/2170/5974 
s 4
f 3582/2155/5910 3628/2173/988 3616/1937/23 3619/1039/5910 
s 2
f 3629/2174/28 3587/1688/28 3624/1690/28 3623/1716/28 
s 4
f 3625/1710/5975 3624/1690/5976 3587/1688/5977 3586/1687/5978 
s 2
f 3622/1714/23 3625/1710/23 3586/1687/23 3627/1717/988 
s 4
f 3629/2174/5979 3623/1716/5980 3622/1714/5981 3627/1717/5982 
s 1
f 3630/2175/5983 3631/2176/5984 3620/2171/5951 3628/2173/5985 
f 3621/2172/5952 3620/2171/5951 3631/2176/5984 3632/2177/5986 
f 3621/2172/5952 3632/2177/5986 3633/1715/5987 3626/1717/5957 
f 3633/1715/5987 3634/1715/5988 3627/1717/5958 3626/1717/5957 
f 3629/2174/5989 3627/1717/5958 3634/1715/5988 3635/1724/5990 
f 3587/1688/5908 3629/2174/5989 3636/1719/4820 3590/1688/4747 
f 3629/2174/5989 3635/1724/5990 3637/1724/4821 3636/1719/4820 
s 2
f 2894/1725/5991 2892/1716/5992 3636/1719/5992 3637/1724/5992 
f 2892/1716/5992 2848/1690/3063 3590/1688/3063 3636/1719/5992 
s 8
f 3638/2178/5993 3628/2173/5994 3582/2155/5914 3593/2158/5915 
f 3630/2175/5995 3628/2173/5994 3638/2178/5993 3639/1899/5996 
s 1
f 3593/2158/5920 3596/2160/5919 3640/2179/5997 3638/2178/5997 
f 3639/1899/5998 3638/2178/5997 3640/2179/5997 3641/2180/5999 
s 2
f 3596/2160/5925 3599/2162/5924 3642/2181/6000 3640/2179/6001 
f 3641/2180/6002 3640/2179/6001 3642/2181/6000 3643/2182/6003 
s 1
f 3599/2162/5931 3602/2163/5930 3644/2183/6004 3642/2181/6005 
f 3643/2182/6006 3642/2181/6005 3644/2183/6004 3645/2184/6007 
f 3605/1665/5934 3646/981/6008 3644/2183/6004 3602/2163/5930 
f 3645/2184/6007 3644/2183/6004 3646/981/6008 3647/1625/6009 
f 3605/1665/5934 3608/1018/5937 3648/2185/6010 3646/981/6008 
f 3647/1625/6009 3646/981/6008 3648/2185/6010 3649/2186/6011 
s 2
f 3650/1956/6012 3648/2185/6013 3608/1018/5941 3611/2166/5942 
f 3649/2186/6014 3648/2185/6013 3650/1956/6012 3651/2187/6015 
s 1
f 3652/2188/6016 3653/2189/6017 3654/2190/6018 3655/2191/6019 
f 3656/2192/6020 3657/2193/6021 3658/2167/6022 3659/2194/6023 
f 3660/2195/6024 3661/2196/6025 3632/2177/5986 3631/2176/5984 
f 3662/1747/6026 3663/2189/6027 3664/2188/6028 3665/1748/6029 
f 3634/1715/5988 3633/1715/5987 3666/1749/6030 3667/1749/6031 
s 2
f 3655/2191/6032 3661/2196/6033 3666/1749/6034 3652/2188/6035 
s 4
f 3652/2188/37 3666/1749/37 3633/1715/37 3653/2189/37 
s 2
f 3654/2190/6036 3653/2189/6037 3633/1715/6038 3632/2177/6039 
s 4
f 3655/2191/185 3654/2190/184 3632/2177/185 3661/2196/185 
s 2
f 3658/2167/6040 3668/2197/6041 3660/2195/6042 3659/2194/6043 
s 4
f 3660/2195/37 3631/2176/37 3656/2192/37 3659/2194/28 
s 2
f 3631/2176/6044 3630/2175/6045 3657/2193/6046 3656/2192/6047 
s 4
f 3630/2175/184 3668/2197/185 3658/2167/185 3657/2193/184 
s 2
f 3665/1748/28 3669/1751/37 3635/1724/37 3662/1747/37 
s 4
f 3663/2189/6048 3662/1747/6049 3635/1724/6050 3634/1715/6051 
s 2
f 3634/1715/185 3667/1749/185 3664/2188/185 3663/2189/185 
s 4
f 3669/1751/6052 3665/1748/6053 3664/2188/6054 3667/1749/6055 
s 1
f 3660/2195/6024 3668/2197/6056 3670/2198/6057 3671/2199/6058 
f 3660/2195/6024 3671/2199/6058 3672/1754/6059 3661/2196/6025 
f 3673/2200/6060 3666/1749/6030 3661/2196/6025 3672/1754/6059 
f 3674/2200/6061 3667/1749/6031 3666/1749/6030 3673/2200/6060 
f 3669/1751/6062 3667/1749/6031 3674/2200/6061 3675/1756/6063 
f 3669/1751/6062 3676/1751/4893 3637/1724/4821 3635/1724/5990 
f 3675/1756/6063 3677/1756/4894 3676/1751/4893 3669/1751/6062 
s 2
f 2941/1758/6064 2939/1757/5991 3676/1751/6065 3677/1756/6064 
f 2894/1725/5991 3637/1724/5992 3676/1751/6065 2939/1757/5991 
s 8
f 3630/2175/5995 3639/1899/5996 3678/2201/6066 3668/2197/6067 
f 3668/2197/6067 3678/2201/6066 3679/1052/6068 3670/2198/6069 
s 1
f 3680/2202/6070 3678/2201/6071 3639/1899/5998 3641/2180/5999 
f 3679/1052/6072 3678/2201/6071 3680/2202/6070 3681/1902/6073 
s 2
f 3643/2182/6003 3682/1033/6074 3680/2202/6075 3641/2180/6002 
f 3681/1902/6076 3680/2202/6075 3682/1033/6074 3683/2203/6077 
s 1
f 3643/2182/6006 3645/2184/6007 3684/2204/6078 3682/1033/6079 
f 3683/2203/6080 3682/1033/6079 3684/2204/6078 3685/1650/6081 
f 3647/1625/6009 3686/2205/6082 3684/2204/6078 3645/2184/6007 
f 3685/1650/6081 3684/2204/6078 3686/2205/6082 3687/2206/6083 
f 3688/1907/6084 3686/2205/6082 3647/1625/6009 3649/2186/6011 
f 3687/2206/6083 3686/2205/6082 3688/1907/6084 3689/2207/6085 
s 2
f 3690/2208/6086 3688/1907/6087 3649/2186/6014 3651/2187/6015 
f 3689/2207/6088 3688/1907/6087 3690/2208/6086 3691/2209/6089 
s 1
f 3692/1775/6090 3693/2210/6091 3694/1893/6092 3695/1785/6093 
f 3696/2211/6094 3697/2212/6095 3698/2213/6096 3699/2214/6097 
f 3700/1788/6098 3672/1754/6059 3671/2199/6058 3701/2215/6099 
f 3702/1783/6100 3703/2210/6101 3704/1775/6102 3705/1784/6103 
f 3706/1785/6104 3707/1785/6105 3674/2200/6061 3673/2200/6060 
s 2
f 3695/1785/6106 3700/1788/6107 3706/1785/6108 3692/1775/6109 
s 4
f 3673/2200/28 3693/2210/28 3692/1775/37 3706/1785/28 
s 2
f 3673/2200/6110 3672/1754/6111 3694/1893/6112 3693/2210/6113 
s 4
f 3695/1785/23 3694/1893/23 3672/1754/23 3700/1788/184 
s 2
f 3698/2213/6114 3708/2216/6115 3701/2215/6116 3699/2214/6117 
s 4
f 3701/2215/28 3671/2199/28 3696/2211/28 3699/2214/28 
s 2
f 3671/2199/6118 3670/2198/6119 3697/2212/6120 3696/2211/6121 
s 4
f 3670/2198/5910 3708/2216/988 3698/2213/988 3697/2212/5910 
s 2
f 3705/1784/28 3709/2217/28 3675/1756/28 3702/1783/28 
s 4
f 3703/2210/6122 3702/1783/6123 3675/1756/6124 3674/2200/6125 
s 2
f 3674/2200/23 3707/1785/184 3704/1775/23 3703/2210/23 
s 4
f 3709/2217/6126 3705/1784/6127 3704/1775/6128 3707/1785/6129 
s 1
f 3701/2215/6099 3708/2216/6130 3710/1777/6131 3711/1756/6132 
f 3701/2215/6099 3711/1756/6132 3712/1824/6133 3700/1788/6098 
f 3713/1791/6134 3706/1785/6104 3700/1788/6098 3712/1824/6133 
f 3714/1791/6135 3707/1785/6105 3706/1785/6104 3713/1791/6134 
f 3709/2217/6136 3707/1785/6105 3714/1791/6135 3715/1851/6137 
f 3709/2217/6136 3716/1787/4966 3677/1756/4894 3675/1756/6063 
f 3715/1851/6137 3717/1851/4967 3716/1787/4966 3709/2217/6136 
s 2
f 2986/1794/6138 2984/1793/6139 3716/1787/6139 3717/1851/6138 
f 2941/1758/6064 3677/1756/6064 3716/1787/6139 2984/1793/6139 
s 8
f 3708/2216/6140 3670/2198/6069 3679/1052/6068 3718/1937/6141 
f 3708/2216/6140 3718/1937/6141 3719/2218/6142 3710/1777/6143 
s 1
f 3718/1937/6144 3679/1052/6072 3681/1902/6073 3720/2219/6145 
f 3719/2218/6146 3718/1937/6144 3720/2219/6145 3721/1964/6147 
s 2
f 3722/1869/6148 3720/2219/6149 3681/1902/6076 3683/2203/6077 
f 3721/1964/6150 3720/2219/6149 3722/1869/6148 3723/1987/6151 
s 1
f 3683/2203/6080 3685/1650/6081 3724/2220/6152 3722/1869/6153 
f 3723/1987/6154 3722/1869/6153 3724/2220/6152 3725/2221/6155 
f 3726/2222/6156 3724/2220/6152 3685/1650/6081 3687/2206/6083 
f 3725/2221/6155 3724/2220/6152 3726/2222/6156 3727/2223/6157 
f 3689/2207/6085 3728/1842/6158 3726/2222/6156 3687/2206/6083 
f 3727/2223/6157 3726/2222/6156 3728/1842/6158 3729/2224/6159 
s 2
f 3730/2225/6160 3728/1842/6161 3689/2207/6088 3691/2209/6089 
f 3729/2224/6162 3728/1842/6161 3730/2225/6160 3731/2226/6163 
s 1
f 3732/2227/6164 3733/1812/6165 3734/1886/6166 3735/2228/6167 
f 3736/2229/6168 3737/2230/6169 3738/1845/6170 3739/1758/6171 
f 3740/1894/6172 3712/1824/6133 3711/1756/6132 3741/2231/6173 
f 3742/1794/6174 3743/1812/6175 3744/2227/6176 3745/1829/6177 
f 3746/2232/6178 3747/2232/6179 3714/1791/6135 3713/1791/6134 
s 2
f 3735/2228/6180 3740/1894/6181 3746/2232/6182 3732/2227/6183 
s 4
f 3713/1791/37 3733/1812/37 3732/2227/37 3746/2232/37 
s 2
f 3713/1791/6184 3712/1824/6185 3734/1886/6186 3733/1812/6187 
s 4
f 3735/2228/185 3734/1886/185 3712/1824/185 3740/1894/23 
s 2
f 3738/1845/6188 3748/1825/6189 3741/2231/6190 3739/1758/6191 
s 4
f 3741/2231/37 3711/1756/37 3736/2229/37 3739/1758/28 
s 2
f 3711/1756/6192 3710/1777/6193 3737/2230/6194 3736/2229/6195 
s 4
f 3710/1777/23 3748/1825/23 3738/1845/23 3737/2230/23 
s 2
f 3745/1829/28 3749/1823/37 3715/1851/37 3742/1794/37 
s 4
f 3743/1812/6196 3742/1794/6197 3715/1851/6198 3714/1791/6199 
s 2
f 3714/1791/185 3747/2232/185 3744/2227/185 3743/1812/185 
s 4
f 3749/1823/6200 3745/1829/6201 3744/2227/6202 3747/2232/6203 
s 1
f 3741/2231/6173 3748/1825/6204 3750/2233/6205 3751/2234/6206 
f 3741/2231/6173 3751/2234/6206 3752/2235/6207 3740/1894/6172 
f 3753/1827/6208 3746/2232/6178 3740/1894/6172 3752/2235/6207 
f 3754/1827/6209 3747/2232/6179 3746/2232/6178 3753/1827/6208 
f 3749/1823/6210 3747/2232/6179 3754/1827/6209 3755/1823/6211 
f 3749/1823/6210 3756/1823/5038 3717/1851/4967 3715/1851/6137 
f 3755/1823/6211 3757/1823/5039 3756/1823/5038 3749/1823/6210 
s 2
f 3032/1829/6212 3031/1829/6213 3756/1823/6213 3757/1823/6214 
f 3031/1829/6213 2986/1794/6138 3717/1851/6138 3756/1823/6213 
s 8
f 3748/1825/6215 3710/1777/6143 3719/2218/6142 3758/1670/6216 
f 3748/1825/6215 3758/1670/6216 3759/1861/6217 3750/2233/6218 
s 1
f 3758/1670/6219 3719/2218/6146 3721/1964/6147 3760/1833/6220 
f 3759/1861/6221 3758/1670/6219 3760/1833/6220 3761/1963/6222 
s 2
f 3762/2236/6223 3760/1833/6224 3721/1964/6150 3723/1987/6151 
f 3761/1963/6225 3760/1833/6224 3762/2236/6223 3763/2237/6226 
s 1
f 3723/1987/6154 3725/2221/6155 3764/2238/6227 3762/2236/6228 
f 3763/2237/6229 3762/2236/6228 3764/2238/6227 3765/2239/6230 
f 3766/2240/6231 3764/2238/6227 3725/2221/6155 3727/2223/6157 
f 3765/2239/6230 3764/2238/6227 3766/2240/6231 3767/1974/6232 
f 3729/2224/6159 3768/2241/6233 3766/2240/6231 3727/2223/6157 
f 3767/1974/6232 3766/2240/6231 3768/2241/6233 3769/2242/6234 
s 2
f 3770/1842/6235 3768/2241/6236 3729/2224/6162 3731/2226/6163 
f 3769/2242/6237 3768/2241/6236 3770/1842/6235 3771/2012/6238 
s 1
f 3772/1794/6239 3773/2243/6240 3774/2244/6241 3775/2231/6242 
f 3776/2245/6243 3777/2246/6244 3778/2233/6245 3779/2247/6246 
f 3780/1848/6247 3752/2235/6207 3751/2234/6206 3781/1773/6248 
f 3782/1820/6249 3783/2243/6250 3784/1794/6251 3785/1859/6252 
f 3786/2248/6253 3787/2248/6254 3754/1827/6209 3753/1827/6208 
s 2
f 3775/2231/6255 3780/1848/6256 3786/2248/6257 3772/1794/6258 
s 4
f 3753/1827/140 3773/2243/28 3772/1794/37 3786/2248/28 
s 2
f 3753/1827/6259 3752/2235/6260 3774/2244/6261 3773/2243/6262 
s 4
f 3775/2231/23 3774/2244/988 3752/2235/988 3780/1848/185 
s 2
f 3778/2233/6263 3788/1723/6264 3781/1773/6265 3779/2247/6266 
s 4
f 3781/1773/28 3751/2234/140 3776/2245/140 3779/2247/37 
s 2
f 3751/2234/6267 3750/2233/6268 3777/2246/6269 3776/2245/6270 
s 4
f 3750/2233/6271 3788/1723/185 3778/2233/185 3777/2246/6271 
s 2
f 3785/1859/28 3789/1853/28 3755/1823/140 3782/1820/140 
s 4
f 3783/2243/6272 3782/1820/6273 3755/1823/6274 3754/1827/6275 
s 2
f 3754/1827/23 3787/2248/184 3784/1794/185 3783/2243/23 
s 4
f 3789/1853/6276 3785/1859/6277 3784/1794/6278 3787/2248/6279 
s 1
f 3781/1773/6248 3788/1723/6280 3790/2249/6281 3791/2250/6282 
f 3781/1773/6248 3791/2250/6282 3792/1779/6283 3780/1848/6247 
f 3793/1857/6284 3786/2248/6253 3780/1848/6247 3792/1779/6283 
f 3794/1857/6285 3787/2248/6254 3786/2248/6253 3793/1857/6284 
f 3789/1853/6286 3787/2248/6254 3794/1857/6285 3795/1858/6287 
f 3789/1853/6286 3796/1853/5112 3757/1823/5039 3755/1823/6211 
f 3795/1858/6287 3797/1858/5113 3796/1853/5112 3789/1853/6286 
s 2
f 3078/1860/6288 3076/1859/6289 3796/1853/6289 3797/1858/6288 
f 3076/1859/6289 3032/1829/6212 3757/1823/6214 3796/1853/6289 
s 8
f 3788/1723/6290 3750/2233/6218 3759/1861/6217 3798/2251/6291 
f 3788/1723/6290 3798/2251/6291 3799/2252/6292 3790/2249/6293 
s 1
f 3798/2251/6294 3759/1861/6221 3761/1963/6222 3800/2253/6295 
f 3799/2252/6296 3798/2251/6294 3800/2253/6295 3801/2254/6297 
s 2
f 3800/2253/6298 3761/1963/6225 3763/2237/6226 3802/1964/6299 
f 3801/2254/6300 3800/2253/6298 3802/1964/6299 3803/2238/6301 
s 1
f 3804/2255/6302 3802/1964/6303 3763/2237/6229 3765/2239/6230 
f 3805/2256/6304 3803/2238/6305 3802/1964/6303 3804/2255/6302 
f 3806/2183/6306 3804/2255/6302 3765/2239/6230 3767/1974/6232 
f 3806/2183/6306 3807/2257/6307 3805/2256/6304 3804/2255/6302 
f 3808/2258/6308 3806/2183/6306 3767/1974/6232 3769/2242/6234 
f 3806/2183/6306 3808/2258/6308 3809/1992/6309 3807/2257/6307 
s 2
f 3810/2010/6310 3808/2258/6311 3769/2242/6237 3771/2012/6238 
f 3811/1696/6312 3809/1992/6313 3808/2258/6311 3810/2010/6310 
s 1
f 3812/1781/6314 3813/1932/6315 3814/2259/6316 3815/1876/6317 
f 3816/2260/6318 3817/2261/6319 3818/1782/6320 3819/1714/6321 
f 3820/1912/6322 3792/1779/6283 3791/2250/6282 3821/2262/6323 
f 3822/2259/6324 3823/1886/6325 3824/1860/6326 3825/1876/6327 
f 3793/1857/6284 3826/1887/6328 3827/1887/6329 3794/1857/6285 
s 2
f 3813/1932/6330 3820/1912/6331 3826/1887/6332 3814/2259/6333 
s 4
f 3814/2259/37 3826/1887/37 3793/1857/37 3815/1876/37 
s 2
f 3793/1857/6334 3792/1779/6335 3812/1781/6336 3815/1876/6337 
s 4
f 3792/1779/185 3820/1912/23 3813/1932/23 3812/1781/185 
s 2
f 3821/2262/6338 3817/2261/6339 3816/2260/6340 3828/2263/6341 
s 4
f 3791/2250/37 3818/1782/37 3817/2261/28 3821/2262/37 
s 2
f 3791/2250/6342 3790/2249/6343 3819/1714/6344 3818/1782/6345 
s 4
f 3790/2249/185 3828/2263/23 3816/2260/185 3819/1714/185 
s 2
f 3823/1886/28 3829/1875/37 3795/1858/37 3824/1860/37 
s 4
f 3795/1858/6346 3794/1857/6347 3825/1876/6348 3824/1860/6349 
s 2
f 3822/2259/185 3825/1876/185 3794/1857/185 3827/1887/185 
s 4
f 3829/1875/6350 3823/1886/6351 3822/2259/6352 3827/1887/6353 
s 1
f 3821/2262/6323 3828/2263/6354 3830/2264/6355 3831/2265/6356 
f 3831/2265/6356 3832/2266/6357 3820/1912/6322 3821/2262/6323 
f 3820/1912/6322 3832/2266/6357 3833/1847/6358 3826/1887/6328 
f 3826/1887/6328 3833/1847/6358 3834/1847/6359 3827/1887/6329 
f 3829/1875/6360 3827/1887/6329 3834/1847/6359 3835/2267/6361 
f 3829/1875/6360 3836/1875/5185 3797/1858/5113 3795/1858/6287 
f 3835/2267/6361 3837/1893/5186 3836/1875/5185 3829/1875/6360 
s 2
f 3123/1886/6362 3836/1875/6362 3837/1893/6363 3125/1894/6364 
f 3123/1886/6362 3078/1860/6288 3797/1858/6288 3836/1875/6362 
s 8
f 3838/2268/6365 3828/2263/6366 3790/2249/6293 3799/2252/6292 
f 3828/2263/6366 3838/2268/6365 3839/2269/6367 3830/2264/6368 
s 1
f 3840/2220/6369 3838/2268/6370 3799/2252/6296 3801/2254/6297 
f 3839/2269/6371 3838/2268/6370 3840/2220/6369 3841/1900/6372 
s 2
f 3803/2238/6301 3842/1968/6373 3840/2220/6374 3801/2254/6300 
f 3841/1900/6375 3840/2220/6374 3842/1968/6373 3843/2270/6376 
s 1
f 3844/1901/6377 3842/1968/6378 3803/2238/6305 3805/2256/6304 
f 3843/2270/6379 3842/1968/6378 3844/1901/6377 3845/2203/6380 
f 3844/1901/6377 3805/2256/6304 3807/2257/6307 3846/2271/6381 
f 3846/2271/6381 3847/1989/6382 3845/2203/6380 3844/1901/6377 
f 3846/2271/6381 3807/2257/6307 3809/1992/6309 3848/2272/6383 
f 3848/2272/6383 3849/2163/6384 3847/1989/6382 3846/2271/6381 
s 2
f 3848/2272/6385 3809/1992/6313 3811/1696/6312 3850/1770/6386 
f 3849/2163/6387 3848/2272/6385 3850/1770/6386 3851/2273/6388 
s 1
f 3852/1755/6389 3853/1843/6390 3854/2274/6391 3855/2275/6392 
f 3856/2276/6393 3857/2277/6394 3858/2278/6395 3859/2279/6396 
f 3860/2280/6397 3832/2266/6357 3831/2265/6356 3861/2281/6398 
f 3862/1818/6399 3863/1843/6400 3864/1755/6401 3865/1915/6402 
f 3866/2282/6403 3867/2282/6404 3834/1847/6359 3833/1847/6358 
s 2
f 3855/2275/6405 3860/2280/6406 3866/2282/6407 3852/1755/6408 
s 4
f 3833/1847/140 3853/1843/140 3852/1755/37 3866/2282/28 
s 2
f 3833/1847/6409 3832/2266/6410 3854/2274/6411 3853/1843/6412 
s 4
f 3855/2275/988 3854/2274/988 3832/2266/988 3860/2280/185 
s 2
f 3858/2278/6413 3868/2152/6414 3861/2281/6415 3859/2279/6416 
s 4
f 3861/2281/28 3831/2265/140 3856/2276/140 3859/2279/37 
s 2
f 3857/2277/6417 3856/2276/6418 3831/2265/6419 3830/2264/6420 
s 4
f 3857/2277/6421 3830/2264/6421 3868/2152/185 3858/2278/988 
s 2
f 3869/1917/28 3835/2267/140 3862/1818/140 3865/1915/28 
s 4
f 3863/1843/6422 3862/1818/6423 3835/2267/6424 3834/1847/6425 
s 2
f 3863/1843/988 3834/1847/988 3867/2282/185 3864/1755/185 
s 4
f 3864/1755/6426 3867/2282/6427 3869/1917/6428 3865/1915/6429 
s 1
f 3861/2281/6398 3868/2152/6430 3870/2283/6431 3871/1778/6432 
f 3861/2281/6398 3871/1778/6432 3872/1889/6433 3860/2280/6397 
f 3873/2284/6434 3866/2282/6403 3860/2280/6397 3872/1889/6433 
f 3866/2282/6403 3873/2284/6434 3874/2284/6435 3867/2282/6404 
f 3869/1917/6436 3867/2282/6404 3874/2284/6435 3875/1741/6437 
f 3869/1917/6436 3876/1917/5257 3837/1893/5186 3835/2267/6361 
f 3875/1741/6437 3877/1741/5258 3876/1917/5257 3869/1917/6436 
s 2
f 3169/1915/6438 3876/1917/6438 3877/1741/6439 3170/1922/6440 
f 3169/1915/6438 3125/1894/6364 3837/1893/6363 3876/1917/6438 
s 8
f 3830/2264/6368 3839/2269/6367 3878/2285/6441 3868/2152/6442 
f 3868/2152/6442 3878/2285/6441 3879/2286/6443 3870/2283/6444 
s 1
f 3878/2285/6445 3839/2269/6371 3841/1900/6372 3880/1015/6446 
f 3879/2286/6447 3878/2285/6445 3880/1015/6446 3881/1628/6448 
s 2
f 3882/1993/6449 3880/1015/6450 3841/1900/6375 3843/2270/6376 
f 3881/1628/6451 3880/1015/6450 3882/1993/6449 3883/2287/6452 
s 1
f 3882/1993/6453 3843/2270/6379 3845/2203/6380 3884/2288/6454 
f 3883/2287/6455 3882/1993/6453 3884/2288/6454 3885/2289/6456 
f 3886/2290/6457 3884/2288/6454 3845/2203/6380 3847/1989/6382 
f 3886/2290/6457 3887/2273/6458 3885/2289/6456 3884/2288/6454 
f 3849/2163/6384 3888/977/6459 3886/2290/6457 3847/1989/6382 
f 3888/977/6459 3889/1976/6460 3887/2273/6458 3886/2290/6457 
s 2
f 3888/977/6461 3849/2163/6387 3851/2273/6388 3890/1633/6462 
f 3889/1976/6463 3888/977/6461 3890/1633/6462 3891/2291/6464 
s 1
f 3892/2292/6465 3893/1932/6466 3894/2293/6467 3895/2193/6468 
f 3896/2294/6469 3897/2295/6470 3898/2296/6471 3899/2297/6472 
f 3900/1681/6473 3872/1889/6433 3871/1778/6432 3901/2298/6474 
f 3902/1939/6475 3903/1932/6476 3904/2292/6477 3905/1919/6478 
f 3906/1914/6479 3907/1914/6480 3874/2284/6435 3873/2284/6434 
s 2
f 3895/2193/6481 3900/1681/6482 3906/1914/6483 3892/2292/6484 
s 4
f 3873/2284/37 3893/1932/37 3892/2292/37 3906/1914/37 
s 2
f 3873/2284/6485 3872/1889/6486 3894/2293/6487 3893/1932/6488 
s 4
f 3895/2193/23 3894/2293/185 3872/1889/185 3900/1681/23 
s 2
f 3898/2296/6489 3908/2299/6490 3901/2298/6491 3899/2297/6492 
s 4
f 3901/2298/37 3871/1778/37 3896/2294/37 3899/2297/37 
s 2
f 3897/2295/6493 3896/2294/6494 3871/1778/6495 3870/2283/6496 
s 4
f 3897/2295/185 3870/2283/185 3908/2299/23 3898/2296/185 
s 2
f 3909/1750/37 3875/1741/37 3902/1939/37 3905/1919/28 
s 4
f 3903/1932/6497 3902/1939/6498 3875/1741/6499 3874/2284/6500 
s 2
f 3903/1932/185 3874/2284/185 3907/1914/185 3904/2292/185 
s 4
f 3904/2292/6501 3907/1914/6502 3909/1750/6503 3905/1919/6504 
s 1
f 3901/2298/6474 3908/2299/6505 3910/1651/6506 3911/2300/6507 
f 3901/2298/6474 3911/2300/6507 3912/1986/6508 3900/1681/6473 
f 3913/1944/6509 3906/1914/6479 3900/1681/6473 3912/1986/6508 
f 3906/1914/6479 3913/1944/6509 3914/1944/6510 3907/1914/6480 
f 3909/1750/6511 3907/1914/6480 3914/1944/6510 3915/1945/6512 
f 3909/1750/6511 3916/1750/5329 3877/1741/5258 3875/1741/6437 
f 3915/1945/6512 3917/1945/5330 3916/1750/5329 3909/1750/6511 
s 2
f 3216/1946/6513 3214/1919/6514 3916/1750/6515 3917/1945/6513 
f 3170/1922/6440 3877/1741/6439 3916/1750/6515 3214/1919/6514 
s 8
f 3870/2283/6444 3879/2286/6443 3918/2220/6516 3908/2299/6517 
f 3908/2299/6517 3918/2220/6516 3919/2301/6518 3910/1651/6519 
s 1
f 3918/2220/6520 3879/2286/6447 3881/1628/6448 3920/2302/6521 
f 3919/2301/6522 3918/2220/6520 3920/2302/6521 3921/1954/6523 
s 2
f 3922/2303/6524 3920/2302/6525 3881/1628/6451 3883/2287/6452 
f 3921/1954/6526 3920/2302/6525 3922/2303/6524 3923/2304/6527 
s 1
f 3922/2303/6528 3883/2287/6455 3885/2289/6456 3924/2305/6529 
f 3923/2304/6530 3922/2303/6528 3924/2305/6529 3925/2306/6531 
f 3926/2307/6532 3924/2305/6529 3885/2289/6456 3887/2273/6458 
f 3926/2307/6532 3927/2308/6533 3925/2306/6531 3924/2305/6529 
f 3889/1976/6460 3928/2309/6534 3926/2307/6532 3887/2273/6458 
f 3928/2309/6534 3929/1701/6535 3927/2308/6533 3926/2307/6532 
s 2
f 3928/2309/6536 3889/1976/6463 3891/2291/6464 3930/1701/6537 
f 3929/1701/6538 3928/2309/6536 3930/1701/6537 3931/2310/6539 
s 1
f 3932/1960/6540 3933/1931/6541 3934/2173/6542 3935/2311/6543 
f 3936/2312/6544 3937/1051/6545 3938/2220/6546 3939/2313/6547 
f 3940/2314/6548 3912/1986/6508 3911/2300/6507 3941/2315/6549 
f 3942/1946/6550 3943/1931/6551 3944/1960/6552 3945/1973/6553 
f 3946/1967/6554 3947/1967/6555 3914/1944/6510 3913/1944/6509 
s 2
f 3935/2311/6556 3940/2314/6557 3946/1967/6558 3932/1960/6559 
s 4
f 3913/1944/140 3933/1931/140 3932/1960/37 3946/1967/37 
s 2
f 3913/1944/6560 3912/1986/6561 3934/2173/6562 3933/1931/6563 
s 4
f 3935/2311/184 3934/2173/988 3912/1986/988 3940/2314/185 
s 2
f 3938/2220/6564 3948/2316/6565 3941/2315/6566 3939/2313/6567 
s 4
f 3941/2315/28 3911/2300/140 3936/2312/140 3939/2313/37 
s 2
f 3937/1051/6568 3936/2312/6569 3911/2300/6570 3910/1651/6571 
s 4
f 3937/1051/6421 3910/1651/6421 3948/2316/184 3938/2220/988 
s 2
f 3949/1658/28 3915/1945/140 3942/1946/140 3945/1973/28 
s 4
f 3943/1931/6572 3942/1946/6573 3915/1945/6574 3914/1944/6575 
s 2
f 3943/1931/988 3914/1944/988 3947/1967/185 3944/1960/185 
s 4
f 3944/1960/6576 3947/1967/6577 3949/1658/6578 3945/1973/6579 
s 1
f 3941/2315/6549 3948/2316/6580 3950/2317/6581 3951/2318/6582 
f 3941/2315/6549 3951/2318/6582 3952/1971/6583 3940/2314/6548 
f 3953/1759/6584 3946/1967/6554 3940/2314/6548 3952/1971/6583 
f 3946/1967/6554 3953/1759/6584 3954/1759/6585 3947/1967/6555 
f 3949/1658/6586 3947/1967/6555 3954/1759/6585 3955/1972/6587 
f 3949/1658/6586 3956/1658/5402 3917/1945/5330 3915/1945/6512 
f 3955/1972/6587 3957/1972/5403 3956/1658/5402 3949/1658/6586 
s 2
f 3262/1651/6588 3260/1973/6589 3956/1658/6589 3957/1972/6588 
f 3917/1945/6513 3956/1658/6589 3260/1973/6589 3216/1946/6513 
s 8
f 3910/1651/6519 3919/2301/6518 3958/2183/6590 3948/2316/6591 
f 3948/2316/6591 3958/2183/6590 3959/2302/6592 3950/2317/6593 
s 1
f 3958/2183/6594 3919/2301/6522 3921/1954/6523 3960/1627/6595 
f 3959/2302/6596 3958/2183/6594 3960/1627/6595 3961/2319/6597 
s 2
f 3962/979/6598 3960/1627/6599 3921/1954/6526 3923/2304/6527 
f 3961/2319/6600 3960/1627/6599 3962/979/6598 3963/969/6601 
s 1
f 3962/979/6602 3923/2304/6530 3925/2306/6531 3964/2320/6603 
f 3963/969/6604 3962/979/6602 3964/2320/6603 3965/2321/6605 
f 3966/2322/6606 3964/2320/6603 3925/2306/6531 3927/2308/6533 
f 3966/2322/6606 3967/2034/6607 3965/2321/6605 3964/2320/6603 
f 3929/1701/6535 3968/2323/6608 3966/2322/6606 3927/2308/6533 
f 3968/2323/6608 3969/2324/6609 3967/2034/6607 3966/2322/6606 
s 2
f 3968/2323/6610 3929/1701/6538 3931/2310/6539 3970/2021/6611 
f 3969/2324/6612 3968/2323/6610 3970/2021/6611 3971/1607/6613 
s 1
f 3972/1987/6614 3973/2325/6615 3974/2326/6616 3975/1988/6617 
f 3976/1869/6618 3977/2327/6619 3978/1841/6620 3979/1693/6621 
f 3952/1971/6583 3951/2318/6582 3980/1953/6622 3981/2328/6623 
f 3982/1651/6624 3983/2325/6625 3984/1987/6626 3985/1766/6627 
f 3954/1759/6585 3953/1759/6584 3986/1924/6628 3987/1924/6629 
s 2
f 3986/1924/6630 3972/1987/6631 3975/1988/6632 3981/2328/6633 
s 4
f 3953/1759/37 3973/2325/37 3972/1987/37 3986/1924/37 
s 2
f 3953/1759/6634 3952/1971/6635 3974/2326/6636 3973/2325/6637 
s 4
f 3975/1988/23 3974/2326/185 3952/1971/185 3981/2328/23 
s 2
f 3978/1841/6638 3988/1952/6639 3980/1953/6640 3979/1693/6641 
s 4
f 3980/1953/37 3951/2318/37 3976/1869/37 3979/1693/28 
s 2
f 3977/2327/6642 3976/1869/6643 3951/2318/6644 3950/2317/6645 
s 4
f 3950/2317/185 3988/1952/23 3978/1841/23 3977/2327/185 
s 2
f 3955/1972/37 3982/1651/37 3985/1766/28 3989/1993/28 
s 4
f 3955/1972/6646 3954/1759/6647 3983/2325/6648 3982/1651/6649 
s 2
f 3984/1987/185 3983/2325/185 3954/1759/185 3987/1924/185 
s 4
f 3989/1993/6650 3985/1766/6651 3984/1987/6652 3987/1924/6653 
s 1
f 3980/1953/6622 3988/1952/6654 3990/2329/6655 3991/2226/6656 
f 3991/2226/6656 3992/2330/6657 3981/2328/6623 3980/1953/6622 
f 3993/1650/6658 3986/1924/6628 3981/2328/6623 3992/2330/6657 
f 3993/1650/6658 3994/1650/6659 3987/1924/6629 3986/1924/6628 
f 3994/1650/6659 3995/1996/6660 3989/1993/6661 3987/1924/6629 
f 3989/1993/6661 3996/1993/5475 3957/1972/5403 3955/1972/6587 
f 3989/1993/6661 3995/1996/6660 3997/1996/5476 3996/1993/5475 
s 2
f 3996/1993/6662 3997/1996/6663 3309/1998/6663 3307/1997/6662 
f 3307/1997/6662 3262/1651/6588 3957/1972/6588 3996/1993/6662 
s 8
f 3998/2331/6664 3988/1952/6665 3950/2317/6593 3959/2302/6592 
f 3990/2329/6666 3988/1952/6665 3998/2331/6664 3999/2041/6667 
s 1
f 3998/2331/6668 3959/2302/6596 3961/2319/6597 4000/2038/6669 
f 3999/2041/6670 3998/2331/6668 4000/2038/6669 4001/1630/6671 
s 2
f 3963/969/6601 4002/2332/6672 4000/2038/6673 3961/2319/6600 
f 4001/1630/6674 4000/2038/6673 4002/2332/6672 4003/976/6675 
s 1
f 3963/969/6604 3965/2321/6605 4004/2333/6676 4002/2332/6677 
f 4003/976/6678 4002/2332/6677 4004/2333/6676 4005/2334/6679 
f 3965/2321/6605 3967/2034/6607 4006/2335/6680 4004/2333/6676 
f 4005/2334/6679 4004/2333/6676 4006/2335/6680 4007/2336/6681 
f 4008/982/6682 4006/2335/6680 3967/2034/6607 3969/2324/6609 
f 4008/982/6682 4009/2337/6683 4007/2336/6681 4006/2335/6680 
s 2
f 4008/982/6684 3969/2324/6612 3971/1607/6613 4010/2338/6685 
f 4009/2337/6686 4008/982/6684 4010/2338/6685 4011/962/6687 
s 1
f 4012/1008/6688 4013/2011/6689 4014/2010/6690 4015/2339/6691 
f 4016/1842/6692 4017/2226/6693 4018/1664/6694 4019/2014/6695 
f 4020/2340/6696 4021/2341/6697 3992/2330/6657 3991/2226/6656 
f 4022/1998/6698 4023/1901/6699 4024/2010/6700 4025/2019/6701 
f 4026/2342/6702 3994/1650/6659 3993/1650/6658 4027/2342/6703 
s 2
f 4013/2011/6704 4021/2341/6705 4027/2342/6706 4014/2010/6707 
s 4
f 4014/2010/37 4027/2342/28 3993/1650/140 4015/2339/140 
s 2
f 4012/1008/6708 4015/2339/6709 3993/1650/6710 3992/2330/6711 
s 4
f 3992/2330/988 4021/2341/185 4013/2011/185 4012/1008/988 
s 2
f 4018/1664/6712 4028/2343/6713 4020/2340/6714 4019/2014/6715 
s 4
f 3991/2226/140 4016/1842/140 4019/2014/28 4020/2340/28 
s 2
f 4017/2226/6716 4016/1842/6717 3991/2226/6718 3990/2329/6719 
s 4
f 3990/2329/988 4028/2343/185 4018/1664/185 4017/2226/988 
s 2
f 4029/966/28 3995/1996/140 4022/1998/140 4025/2019/28 
s 4
f 4023/1901/6720 4022/1998/6721 3995/1996/6722 3994/1650/6723 
s 2
f 4023/1901/988 3994/1650/988 4026/2342/185 4024/2010/185 
s 4
f 4024/2010/6724 4026/2342/6725 4029/966/6726 4025/2019/6727 
s 1
f 4020/2340/6696 4028/2343/6728 4030/2344/6729 4031/2345/6730 
f 4020/2340/6696 4031/2345/6730 4032/2346/6731 4021/2341/6697 
f 4033/1771/6732 4027/2342/6703 4021/2341/6697 4032/2346/6731 
f 4034/1771/6733 4026/2342/6702 4027/2342/6703 4033/1771/6732 
f 4029/966/6734 4026/2342/6702 4034/1771/6733 4035/2018/6735 
f 4029/966/6734 4036/966/5548 3997/1996/5476 3995/1996/6660 
f 4035/2018/6735 4037/2018/5549 4036/966/5548 4029/966/6734 
s 2
f 3355/2020/6736 3352/2019/6737 4036/966/6737 4037/2018/6736 
f 3997/1996/6663 4036/966/6737 3352/2019/6737 3309/1998/6663 
s 8
f 4038/2324/6738 4028/2343/6739 3990/2329/6666 3999/2041/6667 
f 4039/2347/6740 4030/2344/6741 4028/2343/6739 4038/2324/6738 
s 1
f 3999/2041/6670 4001/1630/6671 4040/2348/6742 4038/2324/6743 
f 4039/2347/6744 4038/2324/6743 4040/2348/6742 4041/2009/6745 
s 2
f 4040/2348/6746 4001/1630/6674 4003/976/6675 4042/2349/6747 
f 4041/2009/6748 4040/2348/6746 4042/2349/6747 4043/2350/6749 
s 1
f 4005/2334/6679 4044/1027/6750 4042/2349/6751 4003/976/6678 
f 4043/2350/6752 4042/2349/6751 4044/1027/6750 4045/943/6753 
f 4046/2351/6754 4044/1027/6750 4005/2334/6679 4007/2336/6681 
f 4045/943/6753 4044/1027/6750 4046/2351/6754 4047/2352/6755 
f 4046/2351/6754 4007/2336/6681 4009/2337/6683 4048/2352/6756 
f 4048/2352/6756 4049/2353/6757 4047/2352/6755 4046/2351/6754 
s 2
f 4009/2337/6686 4011/962/6687 4050/2354/6758 4048/2352/6759 
f 4049/2353/6760 4048/2352/6759 4050/2354/6758 4051/2355/6761 
s 1
f 4052/2356/6762 4053/2357/6763 4054/2034/6764 4055/1769/6765 
f 4056/2358/6766 4057/2359/6767 4058/2360/6768 4059/2361/6769 
f 4060/2027/6770 4032/2346/6731 4031/2345/6730 4061/2362/6771 
f 4062/2041/6772 4063/1769/6773 4064/2034/6774 4065/2042/6775 
f 4033/1771/6732 4066/2323/6776 4067/2043/6777 4034/1771/6733 
s 2
f 4053/2357/6778 4060/2027/6779 4066/2323/6780 4054/2034/6781 
s 4
f 4054/2034/37 4066/2323/37 4033/1771/37 4055/1769/37 
s 2
f 4033/1771/6782 4032/2346/6783 4052/2356/6784 4055/1769/6785 
s 4
f 4032/2346/185 4060/2027/23 4053/2357/23 4052/2356/185 
s 2
f 4058/2360/6786 4068/2363/6787 4061/2362/6788 4059/2361/6789 
s 4
f 4031/2345/1514 4056/2358/1514 4059/2361/28 4061/2362/37 
s 2
f 4057/2359/6790 4056/2358/6791 4031/2345/6792 4030/2344/6793 
s 4
f 4030/2344/1509 4068/2363/23 4058/2360/23 4057/2359/1509 
s 2
f 4069/983/37 4035/2018/1514 4062/2041/37 4065/2042/28 
s 4
f 4063/1769/6794 4062/2041/6795 4035/2018/6796 4034/1771/6797 
s 2
f 4063/1769/185 4034/1771/185 4067/2043/23 4064/2034/185 
s 4
f 4064/2034/6798 4067/2043/6799 4069/983/6800 4065/2042/6801 
s 1
f 4061/2362/6771 4068/2363/6802 4070/2364/6803 4071/2365/6804 
f 4061/2362/6771 4071/2365/6804 4072/967/6805 4060/2027/6770 
f 4073/1065/6806 4066/2323/6776 4060/2027/6770 4072/967/6805 
f 4074/1065/6807 4067/2043/6777 4066/2323/6776 4073/1065/6806 
f 4069/983/6808 4067/2043/6777 4074/1065/6807 4075/2023/6809 
f 4069/983/6808 4076/983/5620 4037/2018/5549 4035/2018/6735 
f 4075/2023/6809 4077/2023/5621 4076/983/5620 4069/983/6808 
s 2
f 3400/2049/6810 3399/2048/6811 4076/983/6811 4077/2023/6812 
f 4037/2018/6736 4076/983/6811 3399/2048/6811 3355/2020/6736 
s 8
f 4078/2366/6813 4068/2363/6814 4030/2344/6741 4039/2347/6740 
f 4079/2367/6815 4070/2364/6816 4068/2363/6814 4078/2366/6813 
s 1
f 4080/2368/6817 4078/2366/6818 4039/2347/6744 4041/2009/6745 
f 4079/2367/6819 4078/2366/6818 4080/2368/6817 4081/2369/6820 
s 2
f 4082/2370/6821 4080/2368/6822 4041/2009/6748 4043/2350/6749 
f 4081/2369/6823 4080/2368/6822 4082/2370/6821 4083/2371/6824 
s 1
f 4082/2370/6825 4043/2350/6752 4045/943/6753 4084/994/6826 
f 4083/2371/6827 4082/2370/6825 4084/994/6826 4085/2372/6828 
f 4086/2373/6829 4084/994/6826 4045/943/6753 4047/2352/6755 
f 4085/2372/6828 4084/994/6826 4086/2373/6829 4087/2374/6830 
f 4086/2373/6829 4047/2352/6755 4049/2353/6757 4088/1597/6831 
f 4088/1597/6831 4089/2375/6832 4087/2374/6830 4086/2373/6829 
s 2
f 4049/2353/6760 4051/2355/6761 4090/2376/6833 4088/1597/6834 
f 4089/2375/6835 4088/1597/6834 4090/2376/6833 4091/2377/6836 
s 1
f 4092/1647/6837 4093/2378/6838 4094/1621/6839 4095/2379/6840 
f 4096/1029/6841 4097/2027/6842 4098/2380/6843 4099/1599/6844 
f 4100/2063/6845 4072/967/6805 4071/2365/6804 4101/2381/6846 
f 4102/2073/6847 4103/2067/6848 4104/2064/6849 4105/2074/6850 
f 4073/1065/6806 4106/2051/6851 4107/2051/6852 4074/1065/6807 
s 2
f 4093/2378/6853 4100/2063/6854 4106/2051/6855 4094/1621/6856 
s 4
f 4094/1621/37 4106/2051/37 4073/1065/140 4095/2379/140 
s 2
f 4073/1065/6857 4072/967/6858 4092/1647/6859 4095/2379/6860 
s 4
f 4072/967/988 4100/2063/185 4093/2378/185 4092/1647/988 
s 2
f 4098/2380/6861 4108/908/6862 4101/2381/6863 4099/1599/6864 
s 4
f 4071/2365/140 4096/1029/140 4099/1599/28 4101/2381/28 
s 2
f 4097/2027/6865 4096/1029/6866 4071/2365/6867 4070/2364/6868 
s 4
f 4070/2364/988 4108/908/185 4098/2380/184 4097/2027/988 
s 2
f 4109/2055/28 4075/2023/140 4102/2073/140 4105/2074/28 
s 4
f 4103/2067/6869 4102/2073/6870 4075/2023/6871 4074/1065/6872 
s 2
f 4103/2067/988 4074/1065/988 4107/2051/185 4104/2064/185 
s 4
f 4104/2064/6873 4107/2051/6874 4109/2055/6875 4105/2074/6876 
s 1
f 4101/2381/6846 4108/908/6877 4110/2382/6878 4111/2383/6879 
f 4101/2381/6846 4111/2383/6879 4112/2384/6880 4100/2063/6845 
f 4113/2385/6881 4106/2051/6851 4100/2063/6845 4112/2384/6880 
f 4114/2385/6882 4107/2051/6852 4106/2051/6851 4113/2385/6881 
f 4109/2055/6883 4107/2051/6852 4114/2385/6882 4115/2080/6884 
f 4109/2055/6883 4116/2055/5692 4077/2023/5621 4075/2023/6809 
f 4115/2080/6884 4117/2080/5693 4116/2055/5692 4109/2055/6883 
s 2
f 4116/2055/6885 4117/2080/184 4118/902/184 4119/907/3063 
f 4077/2023/6812 4116/2055/6885 4119/907/3063 3400/2049/6810 
s 8
f 4120/2381/6886 4108/908/6887 4070/2364/6816 4079/2367/6815 
f 4110/2382/6888 4108/908/6887 4120/2381/6886 4121/2083/6889 
s 1
f 4120/2381/6890 4079/2367/6819 4081/2369/6820 4122/893/6891 
f 4121/2083/6892 4120/2381/6890 4122/893/6891 4123/2386/6893 
s 2
f 4083/2371/6824 4124/2387/6894 4122/893/6895 4081/2369/6823 
f 4123/2386/6896 4122/893/6895 4124/2387/6894 4125/2388/6897 
s 1
f 4126/1603/6898 4124/2387/6899 4083/2371/6827 4085/2372/6828 
f 4125/2388/6900 4124/2387/6899 4126/1603/6898 4127/891/6901 
f 4126/1603/6898 4085/2372/6828 4087/2374/6830 4128/2389/6902 
f 4128/2389/6902 4129/864/6903 4127/891/6901 4126/1603/6898 
f 4087/2374/6830 4089/2375/6832 4130/2390/6904 4128/2389/6902 
f 4129/864/6903 4128/2389/6902 4130/2390/6904 4131/2391/6905 
s 2
f 4089/2375/6835 4091/2377/6836 4132/875/6906 4130/2390/6907 
f 4131/2391/6908 4130/2390/6907 4132/875/6906 4133/2392/6909 
s 1
f 4134/2393/6910 4135/2394/6911 4136/2395/6912 4137/2094/6913 
f 4138/2396/6914 4139/1579/6915 4140/2083/6916 4141/2397/6917 
f 4142/2099/6918 4143/2398/6919 4112/2384/6880 4111/2383/6879 
f 4144/2101/6920 4145/2094/6921 4146/2395/6922 4147/2102/6923 
f 4148/2399/6924 4149/2399/6925 4114/2385/6882 4113/2385/6881 
s 2
f 4148/2399/6926 4136/2395/6927 4135/2394/6928 4143/2398/6929 
s 4
f 4136/2395/37 4148/2399/37 4113/2385/37 4137/2094/37 
s 2
f 4113/2385/6930 4112/2384/6931 4134/2393/6932 4137/2094/6933 
s 4
f 4134/2393/185 4112/2384/185 4143/2398/23 4135/2394/23 
s 2
f 4138/2396/6934 4150/1570/6935 4142/2099/6936 4139/1579/6937 
s 4
f 4111/2383/37 4140/2083/37 4139/1579/37 4142/2099/37 
s 2
f 4111/2383/6938 4110/2382/6939 4141/2397/6940 4140/2083/6941 
s 4
f 4110/2382/185 4150/1570/185 4138/2396/185 4141/2397/185 
s 2
f 4147/2102/28 4151/913/28 4115/2080/37 4144/2101/37 
s 4
f 4115/2080/6942 4114/2385/6943 4145/2094/6944 4144/2101/6945 
s 2
f 4146/2395/185 4145/2094/185 4114/2385/185 4149/2399/23 
s 4
f 4146/2395/6946 4149/2399/6947 4151/913/6948 4147/2102/6949 
s 1
f 4152/2400/6950 4153/2106/6951 4142/2099/6918 4150/1570/6952 
f 4153/2106/6951 4154/2401/6953 4143/2398/6919 4142/2099/6918 
f 4155/2402/6954 4148/2399/6924 4143/2398/6919 4154/2401/6953 
f 4156/2402/6955 4149/2399/6925 4148/2399/6924 4155/2402/6954 
f 4151/913/6956 4149/2399/6925 4156/2402/6955 4157/2108/6957 
f 4151/913/6956 4158/913/5764 4117/2080/5693 4115/2080/6884 
f 4151/913/6956 4157/2108/6957 4159/2108/5765 4158/913/5764 
s 2
f 4158/913/184 4159/2108/184 4160/2109/184 4161/2102/184 
f 4161/2102/184 4118/902/184 4117/2080/184 4158/913/184 
s 8
f 4150/1570/6958 4110/2382/6888 4121/2083/6889 4162/2403/6959 
f 4163/2404/6960 4152/2400/6961 4150/1570/6958 4162/2403/6959 
s 1
f 4164/894/6962 4162/2403/6963 4121/2083/6892 4123/2386/6893 
f 4163/2404/6964 4162/2403/6963 4164/894/6962 4165/2405/6965 
s 2
f 4166/2406/6966 4164/894/6967 4123/2386/6896 4125/2388/6897 
f 4167/2407/6968 4165/2405/6969 4164/894/6967 4166/2406/6966 
s 1
f 4168/2408/6970 4166/2406/6971 4125/2388/6900 4127/891/6901 
f 4166/2406/6971 4168/2408/6970 4169/2409/6972 4167/2407/6973 
f 4129/864/6903 4170/2410/6974 4168/2408/6970 4127/891/6901 
f 4169/2409/6972 4168/2408/6970 4170/2410/6974 4171/882/6975 
f 4170/2410/6974 4129/864/6903 4131/2391/6905 4172/2411/6976 
f 4172/2411/6976 4173/2412/6977 4171/882/6975 4170/2410/6974 
s 2
f 4133/2392/6909 4174/2413/6978 4172/2411/6979 4131/2391/6908 
f 4173/2412/6980 4172/2411/6979 4174/2413/6978 4175/2414/6981 
s 1
f 4176/1550/6982 4177/2126/6983 4178/2415/6984 4179/2416/6985 
f 4180/2125/6986 4181/2417/6987 4182/2418/6988 4183/2124/6989 
f 4184/2419/6990 4185/2420/6991 4154/2401/6953 4153/2106/6951 
f 4186/1550/6992 4187/2130/6993 4188/2110/6994 4189/2126/6995 
f 4155/2402/6954 4190/4/6996 4191/4/6997 4156/2402/6955 
s 2
f 4179/2416/6998 4185/2420/6999 4190/4/7000 4176/1550/7001 
s 4
f 4176/1550/37 4190/4/37 4155/2402/140 4177/2126/140 
s 2
f 4178/2415/7002 4177/2126/7003 4155/2402/7004 4154/2401/7005 
s 4
f 4178/2415/988 4154/2401/988 4185/2420/185 4179/2416/185 
s 2
f 4182/2418/7006 4192/2421/7007 4184/2419/7008 4183/2124/7009 
s 4
f 4153/2106/140 4180/2125/140 4183/2124/28 4184/2419/28 
s 2
f 4153/2106/7010 4152/2400/7011 4181/2417/7012 4180/2125/7013 
s 4
f 4152/2400/988 4192/2421/185 4182/2418/185 4181/2417/988 
s 2
f 4187/2130/28 4193/20/28 4157/2108/140 4188/2110/140 
s 4
f 4157/2108/7014 4156/2402/7015 4189/2126/7016 4188/2110/7017 
s 2
f 4191/4/185 4186/1550/185 4189/2126/988 4156/2402/988 
s 4
f 4186/1550/7018 4191/4/7019 4193/20/7020 4187/2130/7021 
s 1
f 4184/2419/6990 4192/2421/7022 4194/2422/7023 4195/2423/7024 
f 4184/2419/6990 4195/2423/7024 4196/2423/7025 4185/2420/6991 
f 4185/2420/6991 4196/2423/7025 4197/2424/7026 4190/4/6996 
f 4197/2424/7026 4198/2424/7027 4191/4/6997 4190/4/6996 
f 4193/20/7028 4191/4/6997 4198/2424/7027 4199/2134/7029 
f 4193/20/7028 4200/1078/5837 4159/2108/5765 4157/2108/6957 
f 4200/1078/5837 4193/20/7028 4199/2134/7029 4201/2134/5838 
s 2
f 4201/2134/3063 4202/2135/3063 4203/2130/184 4200/1078/184 
f 4200/1078/184 4203/2130/184 4160/2109/184 4159/2108/184 
s 8
f 4163/2404/6960 4204/2130/7030 4192/2421/7031 4152/2400/6961 
f 4194/2422/7032 4192/2421/7031 4204/2130/7030 4205/1528/7033 
s 1
f 4163/2404/6964 4165/2405/6965 4206/2425/7034 4204/2130/7035 
f 4206/2425/7034 4207/2426/7036 4205/1528/7036 4204/2130/7035 
s 2
f 4206/2425/7037 4165/2405/6969 4167/2407/6968 4208/2137/7038 
f 4207/2426/7039 4206/2425/7037 4208/2137/7038 4209/39/7039 
s 1
f 4208/2137/7040 4167/2407/6973 4169/2409/6972 4210/2139/7041 
f 4210/2139/7041 4211/2140/7042 4209/39/7043 4208/2137/7040 
f 4212/2427/7044 4210/2139/7041 4169/2409/6972 4171/882/6975 
f 4210/2139/7041 4212/2427/7044 4213/2428/7045 4211/2140/7042 
f 4214/2429/7046 4212/2427/7044 4171/882/6975 4173/2412/6977 
f 4215/859/7047 4213/2428/7045 4212/2427/7044 4214/2429/7046 
s 2
f 4173/2412/6980 4175/2414/6981 4216/1088/7048 4214/2429/7049 
f 4216/1088/7048 4217/839/7050 4215/859/7050 4214/2429/7049 
s 8
f 4218/2430/7051 4219/2431/7052 4220/2432/7053 4221/2433/7053 
f 4218/2430/7051 4222/2434/7054 4223/2435/7055 4219/2431/7052 
f 4224/2436/7056 4225/2437/7057 4223/2435/7055 4222/2434/7054 
f 4224/2436/7056 4226/1102/7058 4227/2438/7059 4225/2437/7057 
f 4227/2438/7059 4226/1102/7058 4228/100/7060 4229/1498/7061 
f 4229/1498/7061 4228/100/7060 4230/2439/7062 4231/2440/7063 
f 4230/2439/7062 4232/2441/7064 4233/2442/7065 4231/2440/7063 
f 4234/2443/7066 4235/2444/7067 4233/2442/7065 4232/2441/7064 
f 4234/2443/7066 4236/2445/7068 4237/2446/7069 4235/2444/7067 
f 4236/2445/7068 4238/2447/7070 4239/2448/7071 4237/2446/7069 
f 4240/1429/7072 4241/1202/7073 4239/2448/7071 4238/2447/7070 
f 4240/1429/7072 4242/2449/7074 4243/2450/7075 4241/1202/7073 
f 4243/2450/7075 4242/2449/7074 4244/653/7076 4245/2451/7077 
f 4245/2451/7077 4244/653/7076 4246/633/7078 4247/2452/7079 
f 4246/633/7078 4248/2453/7080 4249/1177/7081 4247/2452/7079 
f 4250/426/7082 4251/1207/7083 4249/1177/7081 4248/2453/7080 
f 4250/426/7082 4252/2454/7084 4253/422/7085 4251/1207/7083 
f 4252/2454/7084 4254/2455/7086 4255/345/7087 4253/422/7085 
f 4256/1314/7088 4257/1276/7089 4255/345/7087 4254/2455/7086 
f 4256/1314/7088 4258/2456/7090 4259/2457/7091 4257/1276/7089 
f 4259/2457/7091 4258/2456/7090 4260/2458/7092 4261/287/7093 
f 4261/287/7093 4260/2458/7092 4262/598/7094 4263/2459/7095 
f 4262/598/7094 4264/567/7096 4265/539/7097 4263/2459/7095 
f 4266/596/7098 4267/450/7099 4265/539/7097 4264/567/7096 
f 4266/596/7098 4268/1327/7100 4269/2460/7101 4267/450/7099 
f 4268/1327/7100 4270/2461/7102 4271/2462/7103 4269/2460/7101 
f 4272/2463/7104 4273/2464/7105 4271/2462/7103 4270/2461/7102 
f 4272/2463/7104 4274/2465/7106 4275/296/7107 4273/2464/7105 
f 4275/296/7107 4274/2465/7106 4276/2466/7108 4277/2467/7109 
f 4277/2467/7109 4276/2466/7108 4278/595/7110 4279/2468/7111 
f 4278/595/7110 4280/2469/7112 4281/267/7113 4279/2468/7111 
f 4282/507/7114 4283/417/7115 4281/267/7113 4280/2469/7112 
f 4282/507/7114 4284/2470/7116 4285/1205/7117 4283/417/7115 
f 4284/2470/7116 4286/2471/7118 4287/542/7119 4285/1205/7117 
f 4288/2472/7120 4289/2473/7121 4287/542/7119 4286/2471/7118 
f 4288/2472/7120 4290/2474/7122 4291/1191/7123 4289/2473/7121 
f 4291/1191/7123 4290/2474/7122 4292/198/7124 4293/2475/7125 
f 4293/2475/7125 4292/198/7124 4294/2476/7126 4295/2477/7127 
f 4294/2476/7126 4296/614/7128 4297/679/7129 4295/2477/7127 
f 4298/2478/7130 4299/2479/7131 4297/679/7129 4296/614/7128 
f 4298/2478/7130 4300/2480/7132 4301/155/7133 4299/2479/7131 
f 4300/2480/7132 4302/158/7134 4303/2481/7135 4301/155/7133 
f 4304/1453/7136 4305/2482/7137 4303/2481/7135 4302/158/7134 
f 4304/1453/7136 4306/716/7138 4307/2483/7139 4305/2482/7137 
f 4306/716/7138 4308/2484/7140 4309/2485/7141 4307/2483/7139 
f 4310/2486/7142 4311/140/7143 4309/2485/7141 4308/2484/7140 
f 4312/2487/7144 4313/103/7145 4311/140/7143 4310/2486/7142 
f 4314/2488/7146 4315/2489/7147 4313/103/7145 4312/2487/7144 
f 4315/2489/7147 4314/2488/7146 4316/2490/7148 4317/2491/7149 
f 4318/805/7150 4317/2491/7149 4316/2490/7148 4319/2492/7151 
f 4320/2493/7152 4318/805/7150 4319/2492/7151 4321/1069/7153 
f 4320/2493/7152 4321/1069/7153 4322/2143/7154 4323/839/7155 
f 4324/2120/7156 4325/2494/7157 4323/839/7155 4322/2143/7154 
f 4325/2494/7157 4324/2120/7156 4326/2105/7158 4327/2495/7159 
f 4328/2496/7160 4327/2495/7159 4326/2105/7158 4329/2497/7161 
f 4328/2496/7160 4329/2497/7161 4330/2498/7162 4331/2388/7163 
f 4332/898/7164 4333/2499/7165 4331/2388/7163 4330/2498/7162 
f 4333/2499/7165 4332/898/7164 4334/2500/7166 4335/2501/7167 
f 4335/2501/7167 4334/2500/7166 4336/2502/7168 4337/2503/7169 
f 4338/2349/7170 4337/2503/7169 4336/2502/7168 4339/2504/7171 
f 4340/2505/7172 4341/2506/7173 4338/2349/7170 4339/2504/7171 
f 4342/2037/7174 4341/2506/7173 4340/2505/7172 4343/2164/7175 
f 4344/2507/7176 4345/2508/7177 4342/2037/7174 4343/2164/7175 
f 4344/2507/7176 4346/2010/7178 4347/2509/7179 4345/2508/7177 
f 4348/2510/7180 4349/2511/7181 4347/2509/7179 4346/2010/7178 
f 4350/2512/7182 4351/1996/7183 4349/2511/7181 4348/2510/7180 
f 4352/2513/7184 4353/1901/7185 4351/1996/7183 4350/2512/7182 
f 4354/1726/7186 4355/1971/7187 4353/1901/7185 4352/2513/7184 
f 4356/2514/7188 4357/2515/7189 4355/1971/7187 4354/1726/7186 
f 4357/2515/7189 4356/2514/7188 4358/2516/7190 4359/2517/7191 
f 4360/2518/7192 4361/1658/7193 4359/2517/7191 4358/2516/7190 
f 4362/2519/7194 4363/2514/7195 4361/1658/7193 4360/2518/7192 
f 4364/2520/7196 4365/2521/7197 4363/2514/7195 4362/2519/7194 
f 4365/2521/7197 4364/2520/7196 4366/1936/7198 4367/2522/7199 
f 4367/2522/7199 4366/1936/7198 4368/2523/7200 4369/1676/7201 
f 4370/2524/7202 4369/1676/7201 4368/2523/7200 4371/2525/7203 
f 4370/2524/7202 4371/2525/7203 4372/2269/7204 4373/2526/7205 
f 4374/2527/7206 4375/1040/7207 4373/2526/7205 4372/2269/7204 
f 4376/1712/7208 4377/1866/7209 4375/1040/7207 4374/2527/7206 
f 4377/1866/7209 4376/1712/7208 4378/1673/7210 4379/1868/7211 
f 4380/1900/7212 4381/2528/7213 4379/1868/7211 4378/1673/7210 
f 4382/2529/7214 4383/2530/7215 4381/2528/7213 4380/1900/7212 
f 4384/2223/7216 4385/2531/7217 4383/2530/7215 4382/2529/7214 
f 4386/2532/7218 4385/2531/7217 4384/2223/7216 4387/1953/7219 
f 4388/2533/7220 4386/2532/7218 4387/1953/7219 4389/1930/7221 
f 4390/1057/7222 4391/2534/7223 4388/2533/7220 4389/1930/7221 
f 4390/1057/7222 4392/1640/7224 4393/2535/7225 4391/2534/7223 
f 4394/970/7226 4395/2536/7227 4393/2535/7225 4392/1640/7224 
f 4396/1590/7228 4397/2537/7229 4395/2536/7227 4394/970/7226 
f 4397/2537/7229 4396/1590/7228 4398/1583/7230 4399/904/7231 
f 4400/2538/7232 4401/2539/7233 4399/904/7231 4398/1583/7230 
f 4402/2540/7234 4403/1560/7235 4401/2539/7233 4400/2538/7232 
f 4404/2541/7236 4403/1560/7235 4402/2540/7234 4405/2104/7237 
f 4405/2104/7237 4406/2542/7238 4407/2543/7239 4404/2541/7236 
f 4408/2544/7240 4407/2543/7239 4406/2542/7238 4409/2545/7241 
f 4409/2545/7241 4410/2546/7242 4411/2427/7242 4408/2544/7240 
s off
f 41/21/7243 4412/2430/7243 4413/9/7243 40/20/7243 
f 42/22/7244 4414/22/7244 4412/2430/7244 41/21/7244 
f 43/23/7245 46/26/7245 4415/2547/7245 4416/2548/7245 
f 4416/2548/7246 4417/27/7246 47/27/7246 43/23/7246 
f 42/22/7247 94/58/7247 4418/2549/7247 4414/22/7247 
f 94/58/7248 95/59/7248 4419/2550/7248 4418/2549/7248 
f 4420/799/7249 96/60/7249 47/27/7249 4417/27/7249 
f 96/60/7250 4420/799/7250 4421/2551/7250 98/62/7250 
f 4422/99/7251 4419/2550/7251 95/59/7251 140/93/7251 
f 140/93/7252 141/94/7252 4423/2552/7252 4422/99/7252 
f 142/95/7253 98/62/7253 4421/2551/7253 4424/2553/7253 
f 142/95/7254 4424/2553/7254 4425/2554/7254 144/97/7254 
f 141/94/7255 186/128/7255 4426/731/7255 4423/2552/7255 
f 186/128/7256 187/129/7256 4427/1471/7256 4426/731/7256 
f 188/130/7257 144/97/7257 4425/2554/7257 4428/137/7257 
f 188/130/7258 4428/137/7258 4429/2555/7258 190/132/7258 
f 187/129/7259 232/166/7259 4430/108/7259 4427/1471/7259 
f 233/167/7260 4431/2556/7260 4430/108/7260 232/166/7260 
f 234/168/7261 190/132/7261 4429/2555/7261 4432/2557/7261 
f 236/170/7262 234/168/7262 4432/2557/7262 4433/114/7262 
f 278/202/7263 4434/165/7263 4431/2556/7263 233/167/7263 
f 278/202/7264 279/203/7264 4435/2558/7264 4434/165/7264 
f 280/204/7265 236/170/7265 4433/114/7265 4436/1455/7265 
f 282/206/7266 280/204/7266 4436/1455/7266 4437/710/7266 
f 324/236/7267 4438/2559/7267 4435/2558/7267 279/203/7267 
f 325/237/7268 4439/1421/7268 4438/2559/7268 324/236/7268 
f 326/238/7269 282/206/7269 4437/710/7269 4440/707/7269 
f 328/240/7270 326/238/7270 4440/707/7270 4441/2560/7270 
f 325/237/7271 370/271/7271 4442/1239/7271 4439/1421/7271 
f 371/272/7272 4443/607/7272 4442/1239/7272 370/271/7272 
f 372/273/7273 328/240/7273 4441/2560/7273 4444/219/7273 
f 374/275/7274 372/273/7274 4444/219/7274 4445/2561/7274 
f 371/272/7275 416/231/7275 4446/2562/7275 4443/607/7275 
f 416/231/7276 417/309/7276 4447/2563/7276 4446/2562/7276 
f 418/310/7277 374/275/7277 4445/2561/7277 4448/2564/7277 
f 418/310/7278 4448/2564/7278 4449/348/7278 420/312/7278 
f 462/342/7279 4450/592/7279 4447/2563/7279 417/309/7279 
f 462/342/7280 463/343/7280 4451/2565/7280 4450/592/7280 
f 464/344/7281 420/312/7281 4449/348/7281 4452/2566/7281 
f 464/344/7282 4452/2566/7282 4453/2567/7282 467/347/7282 
f 463/343/7283 508/376/7283 4454/2568/7283 4451/2565/7283 
f 508/376/7284 509/377/7284 4455/2569/7284 4454/2568/7284 
f 510/378/7285 467/347/7285 4453/2567/7285 4456/2456/7285 
f 512/380/7286 510/378/7286 4456/2456/7286 4457/2570/7286 
f 509/377/7287 554/414/7287 4458/2571/7287 4455/2569/7287 
f 554/414/7288 555/415/7288 4459/2465/7288 4458/2571/7288 
f 512/380/7289 4457/2570/7289 4460/2572/7289 556/253/7289 
f 556/253/7290 4460/2572/7290 4461/481/7290 559/269/7290 
f 600/446/7291 4462/2573/7291 4459/2465/7291 555/415/7291 
f 601/447/7292 4463/2574/7292 4462/2573/7292 600/446/7292 
f 602/448/7293 559/269/7293 4461/481/7293 4464/604/7293 
f 604/450/7294 602/448/7294 4464/604/7294 4465/296/7294 
f 601/447/7295 646/477/7295 4466/2575/7295 4463/2574/7295 
f 646/477/7296 647/478/7296 4467/305/7296 4466/2575/7296 
f 648/479/7297 604/450/7297 4465/296/7297 4468/2576/7297 
f 648/479/7298 4468/2576/7298 4469/603/7298 650/481/7298 
f 647/478/7299 692/506/7299 4470/2577/7299 4467/305/7299 
f 693/334/7300 4471/2578/7300 4470/2577/7300 692/506/7300 
f 694/507/7301 650/481/7301 4469/603/7301 4472/2579/7301 
f 694/507/7302 4472/2579/7302 4473/2580/7302 696/509/7302 
f 693/334/7303 738/539/7303 4474/2581/7303 4471/2578/7303 
f 739/260/7304 4475/2468/7304 4474/2581/7304 738/539/7304 
f 696/509/7305 4473/2580/7305 4476/482/7305 740/484/7305 
f 742/261/7306 740/484/7306 4476/482/7306 4477/485/7306 
f 739/260/7307 784/484/7307 4478/1404/7307 4475/2468/7307 
f 785/572/7308 4479/2582/7308 4478/1404/7308 784/484/7308 
f 4480/2583/7309 786/573/7309 742/261/7309 4477/485/7309 
f 786/573/7310 4480/2583/7310 4481/2584/7310 788/574/7310 
f 785/572/7311 830/605/7311 4482/2585/7311 4479/2582/7311 
f 830/605/7312 831/606/7312 4483/1301/7312 4482/2585/7312 
f 788/574/7313 4481/2584/7313 4484/460/7313 832/607/7313 
f 834/518/7314 832/607/7314 4484/460/7314 4485/2586/7314 
f 4483/1301/7315 831/606/7315 876/215/7315 4486/610/7315 
f 877/353/7316 4487/2587/7316 4486/610/7316 876/215/7316 
f 834/518/7317 4485/2586/7317 4488/276/7317 878/195/7317 
f 878/195/7318 4488/276/7318 4489/1421/7318 880/633/7318 
f 877/353/7319 922/638/7319 4490/2588/7319 4487/2587/7319 
f 922/638/7320 923/656/7320 4491/2589/7320 4490/2588/7320 
f 880/633/7321 4489/1421/7321 4492/2590/7321 924/657/7321 
f 924/657/7322 4492/2590/7322 4493/1221/7322 926/147/7322 
f 968/690/7323 4494/685/7323 4491/2589/7323 923/656/7323 
f 968/690/7324 969/691/7324 4495/2591/7324 4494/685/7324 
f 4496/2592/7325 970/692/7325 926/147/7325 4493/1221/7325 
f 972/694/7326 970/692/7326 4496/2592/7326 4497/1152/7326 
f 969/691/7327 1014/720/7327 4498/701/7327 4495/2591/7327 
f 1014/720/7328 1015/721/7328 4499/2593/7328 4498/701/7328 
f 1016/722/7329 972/694/7329 4497/1152/7329 4500/736/7329 
f 1016/722/7330 4500/736/7330 4501/723/7330 1018/724/7330 
f 1015/721/7331 1060/750/7331 4502/136/7331 4499/2593/7331 
f 1060/750/7332 1061/751/7332 4503/2594/7332 4502/136/7332 
f 1062/752/7333 1018/724/7333 4501/723/7333 4504/2595/7333 
f 1062/752/7334 4504/2595/7334 4505/2596/7334 1064/754/7334 
f 1061/751/7335 1106/785/7335 4506/2597/7335 4503/2594/7335 
f 1107/786/7336 4507/2598/7336 4506/2597/7336 1106/785/7336 
f 1064/754/7337 4505/2596/7337 4508/2599/7337 1108/787/7337 
f 1110/789/7338 1108/787/7338 4508/2599/7338 4509/2600/7338 
f 4510/813/7339 4507/2598/7339 1107/786/7339 1152/813/7339 
f 1153/814/7340 4511/814/7340 4510/813/7340 1152/813/7340 
f 4509/2600/7341 4512/2601/7341 1154/815/7341 1110/789/7341 
f 1154/815/7342 4512/2601/7342 4513/805/7342 1156/805/7342 
f 1153/814/7343 1198/842/7343 4514/854/7343 4511/814/7343 
f 1199/843/7344 4515/2428/7344 4514/854/7344 1198/842/7344 
f 1200/844/7345 1156/805/7345 4513/805/7345 4516/2602/7345 
f 1202/845/7346 1200/844/7346 4516/2602/7346 4517/2146/7346 
f 1244/876/7347 4518/880/7347 4515/2428/7347 1199/843/7347 
f 1245/877/7348 4519/2603/7348 4518/880/7348 1244/876/7348 
f 1246/878/7349 1202/845/7349 4517/2146/7349 4520/2414/7349 
f 1248/879/7350 1246/878/7350 4520/2414/7350 4521/2604/7350 
f 1245/877/7351 1290/871/7351 4522/1568/7351 4519/2603/7351 
f 1291/911/7352 4523/2605/7352 4522/1568/7352 1290/871/7352 
f 1248/879/7353 4521/2604/7353 4524/1575/7353 1292/912/7353 
f 1292/912/7354 4524/1575/7354 4525/1558/7354 1294/914/7354 
f 1291/911/7355 1336/948/7355 4526/1593/7355 4523/2605/7355 
f 1337/949/7356 4527/2606/7356 4526/1593/7356 1336/948/7356 
f 1338/950/7357 1294/914/7357 4525/1558/7357 4528/2607/7357 
f 1340/952/7358 1338/950/7358 4528/2607/7358 4529/2608/7358 
f 1382/982/7359 4530/2609/7359 4527/2606/7359 1337/949/7359 
f 1382/982/7360 1383/983/7360 4531/934/7360 4530/2609/7360 
f 1340/952/7361 4529/2608/7361 4532/2039/7361 1384/984/7361 
f 1384/984/7362 4532/2039/7362 4533/2610/7362 1386/986/7362 
f 1383/983/7363 1428/1018/7363 4534/1638/7363 4531/934/7363 
f 1428/1018/7364 1429/1019/7364 4535/1055/7364 4534/1638/7364 
f 1386/986/7365 4533/2610/7365 4536/2611/7365 1430/976/7365 
f 1433/1022/7366 1430/976/7366 4536/2611/7366 4537/1980/7366 
f 1429/1019/7367 1474/1053/7367 4538/1660/7367 4535/1055/7367 
f 1474/1053/7368 1475/1054/7368 4539/1661/7368 4538/1660/7368 
f 1476/964/7369 1433/1022/7369 4537/1980/7369 4540/2612/7369 
f 1478/1056/7370 1476/964/7370 4540/2612/7370 4541/2208/7370 
f 4542/1046/7371 4539/1661/7371 1475/1054/7371 2852/1691/7371 
f 2852/1691/7372 2853/1692/7372 4543/2158/7372 4542/1046/7372 
f 2854/1693/7373 1478/1056/7373 4541/2208/7373 4544/2613/7373 
f 2854/1693/7374 4544/2613/7374 4545/2181/7374 2856/1695/7374 
f 2853/1692/7375 2898/1726/7375 4546/2614/7375 4543/2158/7375 
f 2899/1673/7376 4547/1899/7376 4546/2614/7376 2898/1726/7376 
f 2856/1695/7377 4545/2181/7377 4548/2203/7377 2900/1650/7377 
f 2902/1728/7378 2900/1650/7378 4548/2203/7378 4549/2615/7378 
f 2899/1673/7379 2944/1759/7379 4550/2616/7379 4547/1899/7379 
f 2944/1759/7380 2945/1760/7380 4551/1052/7380 4550/2616/7380 
f 2902/1728/7381 4549/2615/7381 4552/2617/7381 2946/1761/7381 
f 2948/1763/7382 2946/1761/7382 4552/2617/7382 4553/2150/7382 
f 4554/1937/7383 4551/1052/7383 2945/1760/7383 2990/1795/7383 
f 2991/1796/7384 4555/2218/7384 4554/1937/7384 2990/1795/7384 
f 2992/1797/7385 2948/1763/7385 4553/2150/7385 4556/1032/7385 
f 2992/1797/7386 4556/1032/7386 4557/2618/7386 2994/1799/7386 
f 3036/1830/7387 4558/1861/7387 4555/2218/7387 2991/1796/7387 
f 4559/2619/7388 4558/1861/7388 3036/1830/7388 3037/1831/7388 
f 3038/1048/7389 2994/1799/7389 4557/2618/7389 4560/2299/7389 
f 3040/1832/7390 3038/1048/7390 4560/2299/7390 4561/2620/7390 
f 3037/1831/7391 3082/1861/7391 4562/1744/7391 4559/2619/7391 
f 3083/1862/7392 4563/2520/7392 4562/1744/7392 3082/1861/7392 
f 3084/1863/7393 3040/1832/7393 4561/2620/7393 4564/2514/7393 
f 4564/2514/7394 4565/1048/7394 3086/1865/7394 3084/1863/7394 
f 3083/1862/7395 3128/1895/7395 4566/2268/7395 4563/2520/7395 
f 3128/1895/7396 3129/1896/7396 4567/2621/7396 4566/2268/7396 
f 3130/1897/7397 3086/1865/7397 4565/1048/7397 4568/1040/7397 
f 3133/1899/7398 3130/1897/7398 4568/1040/7398 4569/2622/7398 
f 3129/1896/7399 3174/1032/7399 4570/2285/7399 4567/2621/7399 
f 3174/1032/7400 3175/1655/7400 4571/2286/7400 4570/2285/7400 
f 3176/1801/7401 3133/1899/7401 4569/2622/7401 4572/2623/7401 
f 3176/1801/7402 4572/2623/7402 4573/2624/7402 3179/1924/7402 
f 3175/1655/7403 3220/1947/7403 4574/2625/7403 4571/2286/7403 
f 4575/2301/7404 4574/2625/7404 3220/1947/7404 3221/1948/7404 
f 3222/1949/7405 3179/1924/7405 4573/2624/7405 4576/999/7405 
f 3224/1951/7406 3222/1949/7406 4576/999/7406 4577/2289/7406 
f 3221/1948/7407 3266/1974/7407 4578/2183/7407 4575/2301/7407 
f 4579/2302/7408 4578/2183/7408 3266/1974/7408 3267/1975/7408 
f 3224/1951/7409 4577/2289/7409 4580/2330/7409 3268/1809/7409 
f 4580/2330/7410 4581/2161/7410 3270/1907/7410 3268/1809/7410 
f 3267/1975/7411 3312/1633/7411 4582/2331/7411 4579/2302/7411 
f 4583/2041/7412 4582/2331/7412 3312/1633/7412 3313/1999/7412 
f 3314/1058/7413 3270/1907/7413 4581/2161/7413 4584/1662/7413 
f 3316/2000/7414 3314/1058/7414 4584/1662/7414 4585/2626/7414 
f 3313/1999/7415 3358/2021/7415 4586/2324/7415 4583/2041/7415 
f 4587/2627/7416 4586/2324/7416 3358/2021/7416 3359/2022/7416 
f 4588/2628/7417 3360/1066/7417 3316/2000/7417 4585/2626/7417 
f 3360/1066/7418 4588/2628/7418 4589/946/7418 3362/2024/7418 
f 3359/2022/7419 3404/2050/7419 4590/2366/7419 4587/2627/7419 
f 4591/2629/7420 4590/2366/7420 3404/2050/7420 3405/2051/7420 
f 4589/946/7421 4592/2352/7421 3406/2052/7421 3362/2024/7421 
f 3406/2052/7422 4592/2352/7422 4593/2079/7422 3408/2054/7422 
f 4594/2381/7423 4591/2629/7423 3405/2051/7423 3450/2081/7423 
f 3450/2081/7424 3451/2082/7424 4595/2083/7424 4594/2381/7424 
f 4593/2079/7425 4596/2630/7425 3452/2083/7425 3408/2054/7425 
f 3455/2086/7426 3452/2083/7426 4596/2630/7426 4597/901/7426 
f 3451/2082/7427 3496/2111/7427 4598/2109/7427 4595/2083/7427 
f 3497/2112/7428 4599/2631/7428 4598/2109/7428 3496/2111/7428 
f 3498/2113/7429 3455/2086/7429 4597/901/7429 4600/2632/7429 
f 3500/2114/7430 3498/2113/7430 4600/2632/7430 4601/2633/7430 
f 3497/2112/7431 3542/2130/7431 4602/2634/7431 4599/2631/7431 
f 3542/2130/7432 3543/1528/7432 4603/2635/7432 4602/2634/7432 
f 3500/2114/7433 4601/2633/7433 4604/2636/7433 3544/2136/7433 
f 4604/2636/7434 4605/2134/7434 3546/2138/7434 3544/2136/7434 
f 4416/2548/7435 4415/2547/7435 4220/2432/7435 4219/2431/7435 
f 4412/2430/7436 4218/2430/7436 4221/2433/7436 4413/9/7436 
f 4417/27/7437 4416/2548/7437 4219/2431/7437 4223/2435/7437 
f 4414/22/7438 4222/2434/7438 4218/2430/7438 4412/2430/7438 
f 4417/27/7439 4223/2435/7439 4225/2437/7439 4420/799/7439 
f 4222/2434/7440 4414/22/7440 4418/2549/7440 4224/2436/7440 
f 4227/2438/7441 4421/2551/7441 4420/799/7441 4225/2437/7441 
f 4226/1102/7442 4224/2436/7442 4418/2549/7442 4419/2550/7442 
f 4227/2438/7443 4229/1498/7443 4424/2553/7443 4421/2551/7443 
f 4228/100/7444 4226/1102/7444 4419/2550/7444 4422/99/7444 
f 4229/1498/7445 4231/2440/7445 4425/2554/7445 4424/2553/7445 
f 4422/99/7446 4423/2552/7446 4230/2439/7446 4228/100/7446 
f 4231/2440/7447 4233/2442/7447 4428/137/7447 4425/2554/7447 
f 4423/2552/7448 4426/731/7448 4232/2441/7448 4230/2439/7448 
f 4233/2442/7449 4235/2444/7449 4429/2555/7449 4428/137/7449 
f 4232/2441/7450 4426/731/7450 4427/1471/7450 4234/2443/7450 
f 4235/2444/7451 4237/2446/7451 4432/2557/7451 4429/2555/7451 
f 4236/2445/7452 4234/2443/7452 4427/1471/7452 4430/108/7452 
f 4237/2446/7453 4239/2448/7453 4433/114/7453 4432/2557/7453 
f 4238/2447/7454 4236/2445/7454 4430/108/7454 4431/2556/7454 
f 4239/2448/7455 4241/1202/7455 4436/1455/7455 4433/114/7455 
f 4434/165/7456 4240/1429/7456 4238/2447/7456 4431/2556/7456 
f 4243/2450/7457 4437/710/7457 4436/1455/7457 4241/1202/7457 
f 4242/2449/7458 4240/1429/7458 4434/165/7458 4435/2558/7458 
f 4243/2450/7459 4245/2451/7459 4440/707/7459 4437/710/7459 
f 4244/653/7460 4242/2449/7460 4435/2558/7460 4438/2559/7460 
f 4245/2451/7461 4247/2452/7461 4441/2560/7461 4440/707/7461 
f 4438/2559/7462 4439/1421/7462 4246/633/7462 4244/653/7462 
f 4247/2452/7463 4249/1177/7463 4444/219/7463 4441/2560/7463 
f 4439/1421/7464 4442/1239/7464 4248/2453/7464 4246/633/7464 
f 4249/1177/7465 4251/1207/7465 4445/2561/7465 4444/219/7465 
f 4248/2453/7466 4442/1239/7466 4443/607/7466 4250/426/7466 
f 4251/1207/7467 4253/422/7467 4448/2564/7467 4445/2561/7467 
f 4252/2454/7468 4250/426/7468 4443/607/7468 4446/2562/7468 
f 4253/422/7469 4255/345/7469 4449/348/7469 4448/2564/7469 
f 4254/2455/7470 4252/2454/7470 4446/2562/7470 4447/2563/7470 
f 4257/1276/7471 4452/2566/7471 4449/348/7471 4255/345/7471 
f 4447/2563/7472 4450/592/7472 4256/1314/7472 4254/2455/7472 
f 4453/2567/7473 4452/2566/7473 4257/1276/7473 4259/2457/7473 
f 4451/2565/7474 4258/2456/7474 4256/1314/7474 4450/592/7474 
f 4259/2457/7475 4261/287/7475 4456/2456/7475 4453/2567/7475 
f 4451/2565/7476 4454/2568/7476 4260/2458/7476 4258/2456/7476 
f 4263/2459/7477 4457/2570/7477 4456/2456/7477 4261/287/7477 
f 4454/2568/7478 4455/2569/7478 4262/598/7478 4260/2458/7478 
f 4263/2459/7479 4265/539/7479 4460/2572/7479 4457/2570/7479 
f 4458/2571/7480 4264/567/7480 4262/598/7480 4455/2569/7480 
f 4267/450/7481 4461/481/7481 4460/2572/7481 4265/539/7481 
f 4458/2571/7482 4459/2465/7482 4266/596/7482 4264/567/7482 
f 4269/2460/7483 4464/604/7483 4461/481/7483 4267/450/7483 
f 4462/2573/7484 4268/1327/7484 4266/596/7484 4459/2465/7484 
f 4271/2462/7485 4465/296/7485 4464/604/7485 4269/2460/7485 
f 4462/2573/7486 4463/2574/7486 4270/2461/7486 4268/1327/7486 
f 4468/2576/7487 4465/296/7487 4271/2462/7487 4273/2464/7487 
f 4463/2574/7488 4466/2575/7488 4272/2463/7488 4270/2461/7488 
f 4273/2464/7489 4275/296/7489 4469/603/7489 4468/2576/7489 
f 4274/2465/7490 4272/2463/7490 4466/2575/7490 4467/305/7490 
f 4277/2467/7491 4472/2579/7491 4469/603/7491 4275/296/7491 
f 4276/2466/7492 4274/2465/7492 4467/305/7492 4470/2577/7492 
f 4279/2468/7493 4473/2580/7493 4472/2579/7493 4277/2467/7493 
f 4470/2577/7494 4471/2578/7494 4278/595/7494 4276/2466/7494 
f 4476/482/7495 4473/2580/7495 4279/2468/7495 4281/267/7495 
f 4474/2581/7496 4280/2469/7496 4278/595/7496 4471/2578/7496 
f 4281/267/7497 4283/417/7497 4477/485/7497 4476/482/7497 
f 4475/2468/7498 4282/507/7498 4280/2469/7498 4474/2581/7498 
f 4285/1205/7499 4480/2583/7499 4477/485/7499 4283/417/7499 
f 4475/2468/7500 4478/1404/7500 4284/2470/7500 4282/507/7500 
f 4285/1205/7501 4287/542/7501 4481/2584/7501 4480/2583/7501 
f 4479/2582/7502 4286/2471/7502 4284/2470/7502 4478/1404/7502 
f 4481/2584/7503 4287/542/7503 4289/2473/7503 4484/460/7503 
f 4286/2471/7504 4479/2582/7504 4482/2585/7504 4288/2472/7504 
f 4484/460/7505 4289/2473/7505 4291/1191/7505 4485/2586/7505 
f 4290/2474/7506 4288/2472/7506 4482/2585/7506 4483/1301/7506 
f 4488/276/7507 4485/2586/7507 4291/1191/7507 4293/2475/7507 
f 4290/2474/7508 4483/1301/7508 4486/610/7508 4292/198/7508 
f 4293/2475/7509 4295/2477/7509 4489/1421/7509 4488/276/7509 
f 4487/2587/7510 4294/2476/7510 4292/198/7510 4486/610/7510 
f 4489/1421/7511 4295/2477/7511 4297/679/7511 4492/2590/7511 
f 4487/2587/7512 4490/2588/7512 4296/614/7512 4294/2476/7512 
f 4297/679/7513 4299/2479/7513 4493/1221/7513 4492/2590/7513 
f 4491/2589/7514 4298/2478/7514 4296/614/7514 4490/2588/7514 
f 4301/155/7515 4496/2592/7515 4493/1221/7515 4299/2479/7515 
f 4300/2480/7516 4298/2478/7516 4491/2589/7516 4494/685/7516 
f 4301/155/7517 4303/2481/7517 4497/1152/7517 4496/2592/7517 
f 4494/685/7518 4495/2591/7518 4302/158/7518 4300/2480/7518 
f 4305/2482/7519 4500/736/7519 4497/1152/7519 4303/2481/7519 
f 4302/158/7520 4495/2591/7520 4498/701/7520 4304/1453/7520 
f 4307/2483/7521 4501/723/7521 4500/736/7521 4305/2482/7521 
f 4498/701/7522 4499/2593/7522 4306/716/7522 4304/1453/7522 
f 4307/2483/7523 4309/2485/7523 4504/2595/7523 4501/723/7523 
f 4308/2484/7524 4306/716/7524 4499/2593/7524 4502/136/7524 
f 4309/2485/7525 4311/140/7525 4505/2596/7525 4504/2595/7525 
f 4503/2594/7526 4310/2486/7526 4308/2484/7526 4502/136/7526 
f 4311/140/7527 4313/103/7527 4508/2599/7527 4505/2596/7527 
f 4506/2597/7528 4312/2487/7528 4310/2486/7528 4503/2594/7528 
f 4313/103/7529 4315/2489/7529 4509/2600/7529 4508/2599/7529 
f 4507/2598/7530 4314/2488/7530 4312/2487/7530 4506/2597/7530 
f 4315/2489/7531 4317/2491/7531 4512/2601/7531 4509/2600/7531 
f 4316/2490/7532 4314/2488/7532 4507/2598/7532 4510/813/7532 
f 4318/805/7533 4513/805/7533 4512/2601/7533 4317/2491/7533 
f 4510/813/7534 4511/814/7534 4319/2492/7534 4316/2490/7534 
f 4318/805/7535 4320/2493/7535 4516/2602/7535 4513/805/7535 
f 4321/1069/7536 4319/2492/7536 4511/814/7536 4514/854/7536 
f 4516/2602/7537 4320/2493/7537 4323/839/7537 4517/2146/7537 
f 4515/2428/7538 4322/2143/7538 4321/1069/7538 4514/854/7538 
f 4520/2414/7539 4517/2146/7539 4323/839/7539 4325/2494/7539 
f 4518/880/7540 4324/2120/7540 4322/2143/7540 4515/2428/7540 
f 4325/2494/7541 4327/2495/7541 4521/2604/7541 4520/2414/7541 
f 4518/880/7542 4519/2603/7542 4326/2105/7542 4324/2120/7542 
f 4327/2495/7543 4328/2496/7543 4524/1575/7543 4521/2604/7543 
f 4519/2603/7544 4522/1568/7544 4329/2497/7544 4326/2105/7544 
f 4331/2388/7545 4525/1558/7545 4524/1575/7545 4328/2496/7545 
f 4522/1568/7546 4523/2605/7546 4330/2498/7546 4329/2497/7546 
f 4331/2388/7547 4333/2499/7547 4528/2607/7547 4525/1558/7547 
f 4330/2498/7548 4523/2605/7548 4526/1593/7548 4332/898/7548 
f 4333/2499/7549 4335/2501/7549 4529/2608/7549 4528/2607/7549 
f 4334/2500/7550 4332/898/7550 4526/1593/7550 4527/2606/7550 
f 4532/2039/7551 4529/2608/7551 4335/2501/7551 4337/2503/7551 
f 4336/2502/7552 4334/2500/7552 4527/2606/7552 4530/2609/7552 
f 4533/2610/7553 4532/2039/7553 4337/2503/7553 4338/2349/7553 
f 4339/2504/7554 4336/2502/7554 4530/2609/7554 4531/934/7554 
f 4341/2506/7555 4536/2611/7555 4533/2610/7555 4338/2349/7555 
f 4534/1638/7556 4340/2505/7556 4339/2504/7556 4531/934/7556 
f 4341/2506/7557 4342/2037/7557 4537/1980/7557 4536/2611/7557 
f 4534/1638/7558 4535/1055/7558 4343/2164/7558 4340/2505/7558 
f 4537/1980/7559 4342/2037/7559 4345/2508/7559 4540/2612/7559 
f 4535/1055/7560 4538/1660/7560 4344/2507/7560 4343/2164/7560 
f 4347/2509/7561 4541/2208/7561 4540/2612/7561 4345/2508/7561 
f 4538/1660/7562 4539/1661/7562 4346/2010/7562 4344/2507/7562 
f 4544/2613/7563 4541/2208/7563 4347/2509/7563 4349/2511/7563 
f 4542/1046/7564 4348/2510/7564 4346/2010/7564 4539/1661/7564 
f 4349/2511/7565 4351/1996/7565 4545/2181/7565 4544/2613/7565 
f 4543/2158/7566 4350/2512/7566 4348/2510/7566 4542/1046/7566 
f 4351/1996/7567 4353/1901/7567 4548/2203/7567 4545/2181/7567 
f 4543/2158/7568 4546/2614/7568 4352/2513/7568 4350/2512/7568 
f 4353/1901/7569 4355/1971/7569 4549/2615/7569 4548/2203/7569 
f 4547/1899/7570 4354/1726/7570 4352/2513/7570 4546/2614/7570 
f 4355/1971/7571 4357/2515/7571 4552/2617/7571 4549/2615/7571 
f 4547/1899/7572 4550/2616/7572 4356/2514/7572 4354/1726/7572 
f 4359/2517/7573 4553/2150/7573 4552/2617/7573 4357/2515/7573 
f 4358/2516/7574 4356/2514/7574 4550/2616/7574 4551/1052/7574 
f 4359/2517/7575 4361/1658/7575 4556/1032/7575 4553/2150/7575 
f 4360/2518/7576 4358/2516/7576 4551/1052/7576 4554/1937/7576 
f 4363/2514/7577 4557/2618/7577 4556/1032/7577 4361/1658/7577 
f 4554/1937/7578 4555/2218/7578 4362/2519/7578 4360/2518/7578 
f 4363/2514/7579 4365/2521/7579 4560/2299/7579 4557/2618/7579 
f 4558/1861/7580 4364/2520/7580 4362/2519/7580 4555/2218/7580 
f 4367/2522/7581 4561/2620/7581 4560/2299/7581 4365/2521/7581 
f 4558/1861/7582 4559/2619/7582 4366/1936/7582 4364/2520/7582 
f 4564/2514/7583 4561/2620/7583 4367/2522/7583 4369/1676/7583 
f 4562/1744/7584 4368/2523/7584 4366/1936/7584 4559/2619/7584 
f 4370/2524/7585 4565/1048/7585 4564/2514/7585 4369/1676/7585 
f 4563/2520/7586 4371/2525/7586 4368/2523/7586 4562/1744/7586 
f 4373/2526/7587 4568/1040/7587 4565/1048/7587 4370/2524/7587 
f 4371/2525/7588 4563/2520/7588 4566/2268/7588 4372/2269/7588 
f 4373/2526/7589 4375/1040/7589 4569/2622/7589 4568/1040/7589 
f 4374/2527/7590 4372/2269/7590 4566/2268/7590 4567/2621/7590 
f 4572/2623/7591 4569/2622/7591 4375/1040/7591 4377/1866/7591 
f 4567/2621/7592 4570/2285/7592 4376/1712/7592 4374/2527/7592 
f 4573/2624/7593 4572/2623/7593 4377/1866/7593 4379/1868/7593 
f 4571/2286/7594 4378/1673/7594 4376/1712/7594 4570/2285/7594 
f 4381/2528/7595 4576/999/7595 4573/2624/7595 4379/1868/7595 
f 4571/2286/7596 4574/2625/7596 4380/1900/7596 4378/1673/7596 
f 4381/2528/7597 4383/2530/7597 4577/2289/7597 4576/999/7597 
f 4574/2625/7598 4575/2301/7598 4382/2529/7598 4380/1900/7598 
f 4385/2531/7599 4580/2330/7599 4577/2289/7599 4383/2530/7599 
f 4382/2529/7600 4575/2301/7600 4578/2183/7600 4384/2223/7600 
f 4385/2531/7601 4386/2532/7601 4581/2161/7601 4580/2330/7601 
f 4578/2183/7602 4579/2302/7602 4387/1953/7602 4384/2223/7602 
f 4581/2161/7603 4386/2532/7603 4388/2533/7603 4584/1662/7603 
f 4582/2331/7604 4389/1930/7604 4387/1953/7604 4579/2302/7604 
f 4388/2533/7605 4391/2534/7605 4585/2626/7605 4584/1662/7605 
f 4582/2331/7606 4583/2041/7606 4390/1057/7606 4389/1930/7606 
f 4391/2534/7607 4393/2535/7607 4588/2628/7607 4585/2626/7607 
f 4390/1057/7608 4583/2041/7608 4586/2324/7608 4392/1640/7608 
f 4395/2536/7609 4589/946/7609 4588/2628/7609 4393/2535/7609 
f 4586/2324/7610 4587/2627/7610 4394/970/7610 4392/1640/7610 
f 4395/2536/7611 4397/2537/7611 4592/2352/7611 4589/946/7611 
f 4590/2366/7612 4396/1590/7612 4394/970/7612 4587/2627/7612 
f 4399/904/7613 4593/2079/7613 4592/2352/7613 4397/2537/7613 
f 4590/2366/7614 4591/2629/7614 4398/1583/7614 4396/1590/7614 
f 4399/904/7615 4401/2539/7615 4596/2630/7615 4593/2079/7615 
f 4594/2381/7616 4400/2538/7616 4398/1583/7616 4591/2629/7616 
f 4401/2539/7617 4403/1560/7617 4597/901/7617 4596/2630/7617 
f 4400/2538/7618 4594/2381/7618 4595/2083/7618 4402/2540/7618 
f 4404/2541/7619 4600/2632/7619 4597/901/7619 4403/1560/7619 
f 4595/2083/7620 4598/2109/7620 4405/2104/7620 4402/2540/7620 
f 4404/2541/7621 4407/2543/7621 4601/2633/7621 4600/2632/7621 
f 4598/2109/7622 4599/2631/7622 4406/2542/7622 4405/2104/7622 
f 4407/2543/7623 4408/2544/7623 4604/2636/7623 4601/2633/7623 
f 4599/2631/7624 4602/2634/7624 4409/2545/7624 4406/2542/7624 
f 4408/2544/7625 4411/2427/7625 4605/2134/7625 4604/2636/7625 
f 4603/2635/7626 4410/2546/7626 4409/2545/7626 4602/2634/7626 
# 4416 polygons

#
# object Cylinder014
#

v  0.8013 0.5612 4.7489
v  1.3764 1.1243 4.7434
v  0.7063 0.9142 4.7387
v  0.6555 0.7664 4.7416
v  0.5829 1.2582 4.7283
v  0.5802 1.0066 4.7345
v  0.8040 0.7175 4.7450
v  1.0034 0.4112 4.7556
v  1.2420 0.3310 4.7611
v  0.9576 0.5606 4.7511
v  1.1522 0.4589 4.7566
v  1.3689 0.4223 4.7606
v  1.4937 0.3284 4.7649
v  1.7341 0.4038 4.7665
v  1.5862 0.4545 4.7631
v  2.0893 0.7517 4.7631
v  1.7830 0.5522 4.7636
v  1.9392 0.5496 4.7660
v  1.9400 0.7059 4.7621
v  2.0418 0.9005 4.7588
v  2.1697 0.9903 4.7584
v  2.1724 1.2420 4.7522
v  2.0785 1.1171 4.7539
v  2.0971 1.4822 4.7451
v  1.9513 1.6874 4.7378
v  2.0463 1.3344 4.7480
v  1.9487 1.5311 4.7417
v  1.7492 1.8373 4.7312
v  1.5106 1.9175 4.7257
v  1.7950 1.6881 4.7356
v  1.6004 1.7897 4.7301
v  1.2589 1.9201 4.7218
v  1.0186 1.8448 4.7202
v  1.3838 1.8263 4.7261
v  1.1665 1.7941 4.7236
v  0.8134 1.6989 4.7208
v  0.6633 1.4968 4.7236
v  0.9696 1.6965 4.7231
v  0.8127 1.5427 4.7247
v  0.7108 1.3481 4.7279
v  0.6743 1.1315 4.7328
v  -5.0944 -2.1137 3.9414
v  -4.2585 -2.9112 3.8849
v  -4.8162 -1.9784 3.8535
v  -5.5184 -1.0606 3.9089
v  -5.2220 -0.9703 3.8225
v  -4.5446 -1.8473 3.7389
v  -4.5119 -3.0882 3.9741
v  -4.0112 -2.7395 3.7689
v  -4.9328 -0.8830 3.7092
v  -3.7831 -3.9586 4.0065
v  -2.7422 -4.4592 3.9457
v  -3.5609 -3.7444 3.9159
v  -3.3439 -3.5366 3.7985
v  -2.9278 -4.7052 4.0377
v  -2.5607 -4.2201 3.8270
v  -1.9657 -5.3078 4.0668
v  -0.8214 -5.4628 3.9990
v  -1.8210 -5.0361 3.9736
v  -1.6797 -4.7719 3.8538
v  -0.9214 -5.7536 4.0934
v  -0.7235 -5.1801 3.8780
v  0.1802 -6.0294 4.1164
v  1.3157 -5.8236 4.0395
v  0.2330 -5.7268 4.0211
v  0.2850 -5.4326 3.8992
v  1.3111 -6.1306 4.1356
v  1.3206 -5.5252 3.9167
v  2.4440 -6.0525 4.1504
v  3.4601 -5.5065 4.0632
v  2.4003 -5.7489 4.0537
v  2.3580 -5.4538 3.9303
v  3.5513 -5.7993 4.1605
v  3.3717 -5.2220 3.9395
v  4.6047 -5.3751 4.1655
v  5.4017 -4.5425 4.0680
v  4.4686 -5.1004 4.0680
v  4.3364 -4.8335 3.9441
v  5.5795 -4.7923 4.1654
v  5.2289 -4.2998 3.9440
v  6.4505 -4.0634 4.1601
v  6.9506 -3.0259 4.0532
v  6.2355 -3.8448 4.0630
v  6.0264 -3.6324 3.9392
v  7.1975 -3.2080 4.1499
v  6.7104 -2.8493 3.9298
v  7.8006 -2.2457 4.1349
v  7.9550 -1.1052 4.0203
v  7.5280 -2.1048 4.0388
v  7.2626 -1.9681 3.9161
v  8.2468 -1.2015 4.1156
v  7.6712 -1.0120 3.8984
v  8.2195 -0.0508 3.9980
v  8.5231 -0.1001 4.0922
v  8.3168 1.0317 3.9726
v  7.9242 -0.0036 3.8771
v  8.6247 1.0307 4.0657
v  8.0173 1.0319 3.8528
v  8.5471 2.1634 4.0365
v  8.0004 3.1755 3.9146
v  8.2425 2.1160 3.9445
v  7.9461 2.0690 3.8259
v  8.2942 3.2702 4.0053
v  7.7146 3.0825 3.7973
v  7.5947 4.1836 3.8836
v  7.8703 4.3234 3.9728
v  7.0370 5.1164 3.8522
v  7.3265 4.0468 3.7677
v  7.2877 5.2977 3.9400
v  6.7931 4.9390 3.7377
v  6.5590 6.1682 3.9076
v  5.5206 6.6643 3.7914
v  6.3393 5.9496 3.8213
v  6.1258 5.7360 3.7080
v  5.7037 6.9148 3.8765
v  5.3426 6.4196 3.6795
v  4.5995 7.2413 3.7635
v  4.7415 7.5174 3.8473
v  3.5998 7.6680 3.7382
v  4.4616 6.9714 3.6527
v  3.6972 7.9632 3.8208
v  3.5054 7.3795 3.6285
v  1.4626 8.0288 3.6977
v  2.5454 7.9320 3.7161
v  2.5958 8.2390 3.7977
v  2.4969 7.6321 3.6074
v  1.4647 8.3401 3.7786
v  1.4612 7.7247 3.5898
v  0.3781 7.9541 3.6835
v  0.3317 8.2621 3.7637
v  -0.6816 7.7117 3.6739
v  0.4239 7.6533 3.5763
v  -0.7753 8.0090 3.7537
v  -0.5899 7.4214 3.5671
v  -1.8289 7.5847 3.7487
v  -2.6233 6.7477 3.6692
v  -1.6902 7.3056 3.6691
v  -1.5545 7.0330 3.5624
v  -2.8037 7.0018 3.7488
v  -2.4471 6.4993 3.5625
v  -3.4570 6.0500 3.6742
v  -3.6746 6.2730 3.7540
v  -4.1721 5.2312 3.6840
v  -3.2445 5.8319 3.5673
v  -4.4217 5.4176 3.7643
v  -3.9285 5.0487 3.5767
v  -5.1766 3.3104 3.7169
v  -4.7495 4.3100 3.6983
v  -5.0248 4.4553 3.7792
v  -4.4808 4.1676 3.5905
v  -5.4709 3.4111 3.7986
v  -4.8893 3.2115 3.6081
v  -5.4411 2.2560 3.7391
v  -5.7472 2.3097 3.8219
v  -5.5383 1.1735 3.7646
v  -5.1423 2.2030 3.6294
v  -5.8489 1.1789 3.8484
v  -5.2354 1.1676 3.6538
v  -5.4640 0.0892 3.7926
v  -5.7713 0.0462 3.8777
v  -5.1643 0.1305 3.6806
v  -3.8312 -2.6246 3.3981
v  -4.3474 -1.7613 3.3690
v  -4.7701 -0.8369 3.5430
v  -4.3917 -1.7767 3.5719
v  -4.3034 -1.7460 3.1655
v  -4.7231 -0.8281 3.3403
v  -3.8718 -2.6463 3.6012
v  -3.7908 -2.6032 3.1943
v  -4.6763 -0.8195 3.1370
v  -3.2214 -3.4232 3.6301
v  -2.4276 -4.0575 3.4543
v  -3.1855 -3.3960 3.4268
v  -3.1497 -3.3690 3.2228
v  -2.4581 -4.0895 3.6579
v  -2.3974 -4.0257 3.2503
v  -1.5994 -4.6273 3.6838
v  -0.6497 -4.9864 3.5037
v  -1.5751 -4.5915 3.4802
v  -1.5509 -4.5560 3.2759
v  -0.6675 -5.0251 3.7075
v  -0.6322 -4.9480 3.2992
v  0.3262 -5.2308 3.5241
v  0.3155 -5.2712 3.7282
v  1.3284 -5.3204 3.5412
v  0.3369 -5.1907 3.3196
v  1.3249 -5.3615 3.7452
v  1.3319 -5.2798 3.3365
v  2.3359 -5.2919 3.7584
v  3.3132 -5.0270 3.5632
v  2.3322 -5.2514 3.5543
v  2.3286 -5.2110 3.3494
v  3.3240 -5.0659 3.7674
v  3.3025 -4.9883 3.3583
v  4.2467 -4.6511 3.5676
v  4.2642 -4.6873 3.7719
v  5.1104 -4.1346 3.5676
v  4.2293 -4.6151 3.3626
v  5.1342 -4.1672 3.7718
v  5.0869 -4.1024 3.3626
v  6.5441 -2.7309 3.5539
v  5.8821 -3.4888 3.5629
v  5.9114 -3.5167 3.7671
v  5.8531 -3.4612 3.3580
v  6.5781 -2.7533 3.7580
v  6.5103 -2.7086 3.3490
v  7.1163 -1.8946 3.7446
v  7.4738 -0.9531 3.5234
v  7.0785 -1.8783 3.5406
v  7.0409 -1.8621 3.3358
v  7.5145 -0.9627 3.7273
v  7.4334 -0.9434 3.3187
v  7.7610 0.0202 3.7066
v  7.8087 1.0249 3.4793
v  7.7186 0.0228 3.5028
v  7.6764 0.0254 3.2982
v  7.8517 1.0294 3.6829
v  7.7659 1.0203 3.2749
v  7.5158 3.0092 3.4256
v  7.7399 2.0285 3.4533
v  7.7824 2.0403 3.6567
v  7.6976 2.0168 3.2491
v  7.5569 3.0281 3.6289
v  7.4751 2.9904 3.2217
v  7.1402 3.9424 3.3969
v  7.1785 3.9679 3.5999
v  6.6240 4.8057 3.3679
v  7.1022 3.9169 3.1932
v  6.6585 4.8375 3.5707
v  6.5896 4.7742 3.1643
v  6.0082 5.6143 3.5418
v  5.2204 6.2386 3.3116
v  5.9783 5.5771 3.3391
v  5.9485 5.5400 3.1358
v  5.2449 6.2807 3.5140
v  5.1961 6.1967 3.1084
v  4.3679 6.7726 3.2857
v  4.3862 6.8185 3.4879
v  3.4426 7.1675 3.2623
v  4.3497 6.7270 3.0828
v  3.4543 7.2162 3.4643
v  3.4310 7.1190 3.0595
v  2.4665 7.4119 3.2418
v  2.4712 7.4624 3.4437
v  1.4644 7.5015 3.2248
v  2.4619 7.3617 3.0392
v  1.4619 7.5527 3.4266
v  1.4669 7.4507 3.0223
v  0.4508 7.4830 3.4134
v  -0.5204 7.2080 3.2028
v  0.4605 7.4324 3.2116
v  0.4702 7.3820 3.0092
v  -0.5372 7.2570 3.4044
v  -0.5037 7.1593 3.0005
v  -1.4539 6.8322 3.1983
v  -1.4774 6.8784 3.3999
v  -2.3176 6.3157 3.1984
v  -1.4305 6.7861 2.9960
v  -2.3473 6.3584 3.4000
v  -2.2881 6.2734 2.9961
v  -3.7512 4.9120 3.2121
v  -3.0894 5.6699 3.2030
v  -3.1246 5.7078 3.4047
v  -3.0543 5.6322 3.0008
v  -3.7913 4.9445 3.4138
v  -3.7115 4.8796 3.0097
v  -4.3295 4.0857 3.4272
v  -4.6810 3.1341 3.2425
v  -4.2857 4.0594 3.2254
v  -4.2421 4.0331 3.0228
v  -4.7277 3.1538 3.4445
v  -4.6346 3.1144 3.0399
v  -4.9742 2.1709 3.4653
v  -5.0159 1.1562 3.2867
v  -4.9258 2.1582 3.2631
v  -4.8776 2.1455 3.0604
v  -5.0650 1.1617 3.4890
v  -4.9671 1.1507 3.0837
v  -4.9956 0.1509 3.5151
v  -4.9471 0.1526 3.3127
v  -4.8988 0.1542 3.1095
v  -3.8757 -1.5442 2.8376
v  -4.5139 -0.7739 2.9562
v  -4.1507 -1.6760 2.9840
v  -3.4012 -2.3379 2.8643
v  -4.2210 -0.6864 2.8112
v  -3.5964 -1.4093 2.7219
v  -3.6517 -2.5106 3.0121
v  -3.1490 -2.1630 2.7438
v  -3.9262 -0.5974 2.6934
v  -2.8076 -3.0469 2.8907
v  -3.0274 -3.2563 3.0398
v  -2.1110 -3.6551 2.9161
v  -2.5871 -2.8357 2.7676
v  -2.2948 -3.8959 3.0665
v  -1.9263 -3.4114 2.7928
v  -1.4705 -4.4121 3.0915
v  -0.4767 -4.5089 2.9614
v  -1.3273 -4.1459 2.9399
v  -1.1819 -3.8742 2.8187
v  -0.5760 -4.7938 3.1141
v  -0.3768 -4.2209 2.8358
v  0.3675 -5.0301 3.1339
v  1.3417 -4.8160 2.9958
v  0.4205 -4.7336 2.9802
v  0.4734 -4.4348 2.8524
v  1.3364 -5.1168 3.1504
v  1.3466 -4.5120 2.8684
v  2.2645 -4.7524 3.0079
v  2.3068 -5.0499 3.1630
v  3.1663 -4.5463 3.0161
v  2.2211 -4.4488 2.8832
v  3.2551 -4.8331 3.1717
v  3.0764 -4.2562 2.8876
v  4.1576 -4.4697 3.1760
v  4.8184 -3.7259 3.0201
v  4.0243 -4.2007 3.0202
v  3.8901 -3.9295 2.8903
v  4.9926 -3.9705 3.1759
v  4.6421 -3.4787 2.8914
v  5.5278 -3.1322 3.0158
v  5.7386 -3.3460 3.1714
v  6.1362 -2.4355 3.0075
v  5.3127 -2.9138 2.8907
v  6.3785 -2.6133 3.1626
v  5.8916 -2.2554 2.8794
v  6.8952 -1.7892 3.1498
v  6.9909 -0.8013 2.9795
v  6.6274 -1.6518 2.9953
v  6.3579 -1.5130 2.8668
v  7.2774 -0.8946 3.1332
v  6.7016 -0.7064 2.8529
v  7.2159 0.0958 2.9606
v  7.5140 0.0488 3.1133
v  7.2987 1.0170 2.9389
v  6.9121 0.1445 2.8384
v  7.6010 1.0175 3.0905
v  6.9934 1.0173 2.8144
v  7.5346 1.9878 3.0654
v  7.0296 2.8411 2.8896
v  7.2355 1.9395 2.9150
v  6.9344 1.8918 2.7907
v  7.3180 2.9358 3.0387
v  6.7383 2.7461 2.7677
v  6.2097 4.4925 2.8365
v  6.6842 3.6989 2.8632
v  6.9549 3.8379 3.0109
v  6.4084 3.5581 2.7462
v  6.4558 4.6726 2.9828
v  5.9610 4.3117 2.7173
v  5.8316 5.4182 2.9551
v  4.9195 5.8097 2.7848
v  5.6161 5.2016 2.8101
v  5.3991 4.9843 2.6912
v  5.0990 6.0578 2.9284
v  4.7383 5.5600 2.6683
v  3.2852 6.6635 2.7395
v  4.1357 6.3005 2.7610
v  4.2747 6.5740 2.9034
v  3.9939 6.0230 2.6493
v  3.3802 6.9558 2.8807
v  3.1888 6.3696 2.6254
v  2.3880 6.8882 2.7206
v  2.4367 7.1920 2.8610
v  1.4668 6.9706 2.7050
v  2.3387 6.5834 2.6063
v  1.4678 7.2788 2.8445
v  1.4654 6.6606 2.5927
v  0.4974 7.2119 2.8319
v  -0.3578 6.7008 2.6848
v  0.5439 6.9070 2.6930
v  0.5909 6.5977 2.5848
v  -0.4510 6.9950 2.8233
v  -0.2644 6.4048 2.5735
v  -2.0099 5.8806 2.6807
v  -1.2159 6.3553 2.6807
v  -1.3534 6.6316 2.8189
v  -1.0780 6.0781 2.5685
v  -2.1884 6.1324 2.8190
v  -1.8301 5.6274 2.5697
v  -3.3277 4.5901 2.6933
v  -2.7193 5.2869 2.6850
v  -2.9345 5.5080 2.8235
v  -2.5008 5.0626 2.5773
v  -3.5744 4.7753 2.8322
v  -3.0795 4.4040 2.5817
v  -4.0910 3.9510 2.8451
v  -4.1824 2.9558 2.7214
v  -3.8190 3.8064 2.7056
v  -3.5459 3.6617 2.5921
v  -4.4732 3.0566 2.8617
v  -3.8896 2.8551 2.6082
v  -4.7098 2.1131 2.8817
v  -4.4902 1.1377 2.7619
v  -4.4074 2.0588 2.7403
v  -4.1002 2.0043 2.6297
v  -4.7969 1.1444 2.9045
v  -4.1813 1.1314 2.6467
v  -4.7304 0.1741 2.9295
v  -4.4270 0.2151 2.7858
v  -4.1223 0.2569 2.6681
v  -3.3234 -1.2653 2.9851
v  -3.6808 -0.7642 2.7987
v  -3.4193 -1.3184 2.8141
v  -3.0831 -1.7328 2.9951
v  -3.2043 -1.1993 3.2005
v  -3.5504 -0.7915 2.9649
v  -3.1359 -1.8617 2.8340
v  -2.9934 -1.6074 3.2089
v  -3.4018 -0.7847 3.1825
v  -0.5733 -3.8307 3.0843
v  -1.0426 -3.5937 3.0765
v  -1.6284 -3.4007 2.8945
v  -1.0909 -3.6953 2.9076
v  -0.9826 -3.4674 3.2897
v  -1.5049 -3.3439 3.0585
v  -0.5423 -3.9681 2.9246
v  -0.5719 -3.6736 3.2960
v  -1.3860 -3.2483 3.2734
v  2.6954 -4.0663 3.1385
v  2.1745 -4.1445 3.1376
v  1.5827 -4.3274 2.9650
v  2.1912 -4.2514 2.9698
v  2.1527 -4.0081 3.3493
v  1.6517 -4.2082 3.1266
v  2.7962 -4.1510 2.9785
v  2.6090 -3.9425 3.3496
v  1.6944 -4.0591 3.3389
v  5.0951 -2.6945 3.1447
v  4.7264 -3.1927 2.9832
v  5.1724 -2.7712 2.9770
v  5.4637 -2.3157 3.1358
v  4.7162 -3.0630 3.1433
v  4.9976 -2.5956 3.3562
v  5.6013 -2.3321 2.9747
v  5.3179 -2.2601 3.3478
v  4.6669 -2.9208 3.3546
v  6.7142 0.1800 2.9265
v  6.6840 0.7218 3.0783
v  6.6034 0.2026 3.0951
v  6.5999 -0.4220 2.9419
v  6.4657 0.2306 3.3077
v  6.5086 -0.3145 3.1015
v  6.8045 0.7863 2.9149
v  6.5351 0.6846 3.2926
v  6.3818 -0.2211 3.3128
v  6.4899 2.9177 2.8573
v  6.2285 3.4718 2.8375
v  5.8874 3.8945 2.9878
v  6.1276 3.4271 3.0080
v  6.0023 3.3719 3.2228
v  6.3547 2.9531 3.0180
v  5.9451 4.0151 2.8221
v  5.7913 3.7797 3.2048
v  6.1997 2.9570 3.2312
v  3.3777 5.9923 2.8986
v  3.8468 5.7556 2.9165
v  4.4375 5.5542 2.7616
v  3.9001 5.8487 2.7442
v  4.3092 5.5056 2.9245
v  3.7804 5.6400 3.1337
v  3.3514 6.1216 2.7315
v  3.3699 5.8460 3.1178
v  4.1840 5.4206 3.1403
v  0.1134 6.2142 2.8450
v  0.6322 6.2985 2.8556
v  1.2267 6.4805 2.6913
v  0.6186 6.4028 2.6820
v  0.6489 6.1689 3.0744
v  1.1533 6.3680 2.8565
v  0.0142 6.3011 2.6778
v  0.1956 6.0942 3.0647
v  1.1046 6.2285 3.0748
v  -2.3627 4.9226 2.6748
v  -2.6588 4.4753 2.8472
v  -2.2884 4.8484 2.8484
v  -1.9162 5.3427 2.6731
v  -2.1961 4.7563 3.0675
v  -1.9076 5.2108 2.8401
v  -2.7921 4.4851 2.6814
v  -2.5190 4.4294 3.0660
v  -1.8625 5.0723 3.0597
v  -3.9049 1.9733 2.7252
v  -3.8797 1.4398 2.9046
v  -3.7993 1.9593 2.8979
v  -3.7907 2.5755 2.7142
v  -3.6679 1.9420 3.1156
v  -3.7042 2.4761 2.8815
v  -3.9953 1.3672 2.7412
v  -3.7371 1.4877 3.1211
v  -3.5837 2.3934 3.1009
v  -2.7518 -0.9540 3.8421
v  -2.2759 -1.4996 3.9507
v  -2.6377 -0.8946 3.9303
v  -3.0150 -0.2790 3.8288
v  -2.5568 -0.8526 3.9840
v  -2.9010 -0.2404 3.9103
v  -2.3735 -1.5713 3.8703
v  -2.2024 -1.4455 4.0039
v  -2.8148 -0.2119 3.9642
v  -1.9066 -2.1249 3.8934
v  -1.2921 -2.5039 3.9902
v  -1.8234 -2.0403 3.9709
v  -1.7590 -1.9751 4.0237
v  -1.3627 -2.6032 3.9109
v  -1.2385 -2.4294 4.0426
v  -0.0460 -3.1551 4.0248
v  -0.6946 -2.8782 4.0083
v  -0.7530 -2.9946 3.9223
v  -0.6531 -2.7961 4.0604
v  -0.0838 -3.2714 3.9463
v  -0.0177 -3.0673 4.0765
v  0.6381 -3.3263 4.0391
v  0.6195 -3.4448 3.9635
v  1.3405 -3.3892 4.0510
v  0.6525 -3.2351 4.0905
v  1.3408 -3.5121 3.9734
v  1.3407 -3.2967 4.1022
v  2.0441 -3.3407 4.0602
v  2.0642 -3.4704 3.9756
v  2.7318 -3.1835 4.0664
v  2.0300 -3.2492 4.1112
v  2.7686 -3.3008 3.9892
v  2.7037 -3.0952 4.1174
v  3.9914 -2.5581 4.0694
v  3.3860 -2.9200 4.0695
v  3.4397 -3.0278 3.9946
v  3.3447 -2.8370 4.1203
v  4.0629 -2.6583 3.9923
v  3.9378 -2.4824 4.1203
v  4.9962 -1.5741 4.0599
v  4.5322 -2.1053 4.0662
v  4.6238 -2.1996 3.9819
v  4.4677 -2.0389 4.1171
v  5.0942 -1.6484 3.9824
v  4.9223 -1.5184 4.1109
v  5.4767 -1.0332 3.9752
v  5.6479 -0.3280 4.0385
v  5.3708 -0.9765 4.0506
v  5.2892 -0.9329 4.1017
v  5.7638 -0.3681 3.9605
v  5.5607 -0.2976 4.0900
v  5.9479 0.3324 3.9386
v  5.8827 1.0584 4.0076
v  5.8195 0.3561 4.0241
v  5.7287 0.3725 4.0758
v  6.0046 1.0547 3.9287
v  5.7906 1.0606 4.0596
v  5.9525 1.7772 3.9124
v  5.6774 2.4492 3.9701
v  5.8344 1.7618 3.9894
v  5.7434 1.7498 4.0418
v  5.7937 2.4837 3.8901
v  5.5896 2.4233 4.0229
v  5.5308 3.1584 3.8622
v  5.0523 3.7084 3.9295
v  5.4141 3.1032 3.9499
v  5.3316 3.0640 4.0031
v  5.1522 3.7760 3.8486
v  4.9771 3.6569 3.9832
v  4.5997 4.2490 3.9094
v  4.6853 4.3298 3.8303
v  4.0685 4.7127 3.8900
v  4.5337 4.1865 3.9635
v  4.1414 4.8080 3.8080
v  4.0133 4.6408 3.9445
v  2.8224 5.3638 3.8555
v  3.4709 5.0869 3.8720
v  3.5319 5.1990 3.7821
v  3.4279 5.0075 3.9267
v  2.8625 5.4762 3.7726
v  2.7924 5.2787 3.9106
v  2.1382 5.5350 3.8412
v  2.1591 5.6496 3.7603
v  1.4358 5.5980 3.8292
v  2.1223 5.4465 3.8966
v  1.4379 5.7167 3.7455
v  1.4341 5.5081 3.8849
v  0.7147 5.6748 3.7287
v  0.0447 5.3923 3.8138
v  0.7322 5.5495 3.8200
v  0.7447 5.4606 3.8759
v  0.0101 5.5056 3.7297
v  0.0711 5.3066 3.8699
v  -0.6610 5.2326 3.7290
v  -1.2150 4.7668 3.8108
v  -0.6096 5.1288 3.8107
v  -0.5699 5.0484 3.8668
v  -1.2842 4.8630 3.7266
v  -1.1630 4.6938 3.8668
v  -1.8448 4.4040 3.7224
v  -2.2199 3.7829 3.8204
v  -1.7559 4.3141 3.8141
v  -1.6930 4.2503 3.8700
v  -2.3155 3.8532 3.7364
v  -2.1475 3.7298 3.8763
v  -2.8715 2.5367 3.8417
v  -2.5945 3.1852 3.8297
v  -2.6980 3.2380 3.7485
v  -2.5144 3.1443 3.8854
v  -2.9851 2.5728 3.7584
v  -2.7859 2.5090 3.8971
v  -3.1062 1.1504 3.8726
v  -3.0432 1.8527 3.8562
v  -3.1689 1.8720 3.7658
v  -2.9540 1.8388 3.9113
v  -3.2259 1.1500 3.7902
v  -3.0159 1.1508 3.9275
v  -3.1738 0.4277 3.8113
v  -3.0581 0.4469 3.8908
v  -2.9686 0.4616 3.9453
v  -2.4930 -0.8191 4.0406
v  -2.1096 -1.3758 4.1085
v  -2.4548 -0.7986 4.0891
v  -2.7467 -0.1888 4.0211
v  -2.3138 -0.7265 4.1527
v  -2.7059 -0.1746 4.0699
v  -2.1443 -1.4022 4.0603
v  -1.9814 -1.2825 4.1713
v  -2.5557 -0.1256 4.1341
v  -1.1711 -2.3339 4.1461
v  -1.6778 -1.8916 4.1277
v  -1.7082 -1.9232 4.0796
v  -1.5656 -1.7792 4.1898
v  -1.1963 -2.3700 4.0983
v  -1.0776 -2.2052 4.2076
v  -0.6010 -2.6909 4.1634
v  -0.6204 -2.7307 4.1157
v  0.0177 -2.9551 4.1792
v  -0.5286 -2.5490 4.2243
v  0.0045 -2.9974 4.1316
v  0.0673 -2.8033 4.2394
v  0.6637 -3.1625 4.1453
v  1.3404 -3.1784 4.2042
v  0.6703 -3.1185 4.1928
v  0.6958 -2.9607 4.2525
v  1.3406 -3.2230 4.1568
v  1.3411 -3.0185 4.2635
v  2.0187 -3.1764 4.1657
v  2.6675 -2.9822 4.2189
v  2.0116 -3.1321 4.2130
v  1.9875 -2.9740 4.2719
v  2.6812 -3.0248 4.1718
v  2.6192 -2.8294 4.2777
v  3.8692 -2.3856 4.2218
v  3.2917 -2.7308 4.2219
v  3.3117 -2.7710 4.1748
v  3.2204 -2.5874 4.2805
v  3.8951 -2.4221 4.1747
v  3.7765 -2.2549 4.2805
v  4.4163 -1.9859 4.1715
v  4.8278 -1.4469 4.2127
v  4.3852 -1.9537 4.2187
v  4.2735 -1.8389 4.2775
v  4.8634 -1.4739 4.1653
v  4.6997 -1.3509 4.2717
v  5.4495 -0.2581 4.1923
v  5.1851 -0.8768 4.2038
v  5.2244 -0.8981 4.1565
v  5.0438 -0.8019 4.2631
v  5.4913 -0.2731 4.1449
v  5.2984 -0.2061 4.2520
v  5.6567 0.3860 4.1309
v  5.6734 1.0644 4.1627
v  5.6131 0.3944 4.1785
v  5.4560 0.4223 4.2388
v  5.7176 1.0627 4.1150
v  5.5141 1.0676 4.2236
v  5.6711 1.7406 4.0975
v  5.4775 2.3912 4.1270
v  5.6274 1.7355 4.1455
v  5.4698 1.7139 4.2069
v  5.5197 2.4030 4.0788
v  5.3255 2.3454 4.1891
v  5.2660 3.0333 4.0594
v  4.8813 3.5924 4.0883
v  5.2264 3.0152 4.1078
v  5.0836 2.9463 4.1706
v  4.9174 3.6165 4.0398
v  4.7512 3.5023 4.1519
v  4.4495 4.1082 4.0691
v  4.4813 4.1374 4.0204
v  3.9428 4.5506 4.0507
v  4.3354 3.9989 4.1335
v  3.9694 4.5842 4.0018
v  3.8474 4.4249 4.1156
v  2.7540 5.1717 4.0177
v  3.3727 4.9076 4.0334
v  3.3936 4.9448 3.9843
v  3.2983 4.7688 4.0990
v  2.7686 5.2116 3.9684
v  2.7025 5.0231 4.0840
v  2.1014 5.3351 4.0040
v  2.1094 5.3767 3.9546
v  1.4313 5.3950 3.9926
v  2.0741 5.1804 4.0707
v  1.4325 5.4372 3.9431
v  1.4287 5.2382 4.0598
v  0.7601 5.3487 3.9839
v  0.7545 5.3905 3.9343
v  0.1041 5.1987 3.9779
v  0.7823 5.1937 4.0513
v  0.0919 5.2390 3.9283
v  0.1506 5.0492 4.0456
v  -0.5386 4.9851 3.9253
v  -1.0975 4.6022 3.9750
v  -0.5200 4.9474 3.9750
v  -0.4505 4.8072 4.0427
v  -1.1220 4.6363 3.9253
v  -1.0067 4.4746 4.0428
v  -1.6432 4.2001 3.9284
v  -2.0562 3.6635 3.9842
v  -1.6136 4.1703 3.9781
v  -1.5036 4.0587 4.0457
v  -2.0903 3.6881 3.9346
v  -1.9299 3.5707 4.0516
v  -2.4512 3.1123 3.9436
v  -2.6778 2.4747 4.0045
v  -2.4135 3.0934 3.9930
v  -2.2740 3.0216 4.0602
v  -2.7183 2.4874 3.9552
v  -2.5286 2.4258 4.0712
v  -2.8414 1.8222 4.0183
v  -2.8836 1.8282 3.9691
v  -2.9017 1.1522 4.0340
v  -2.6862 1.7973 4.0845
v  -2.9444 1.1515 3.9850
v  -2.7443 1.1522 4.0996
v  -2.8980 0.4736 4.0025
v  -2.8558 0.4811 4.0514
v  -2.6999 0.5059 4.1164
v  -1.9807 -0.5588 4.2254
v  -1.6783 -1.0646 4.2424
v  -2.2007 -0.0122 4.2085
v  -1.5513 -0.3437 4.2861
v  -1.2876 -0.7847 4.3009
v  -1.7432 0.1330 4.2714
v  -1.3001 -1.5164 4.2592
v  -0.8562 -1.9038 4.2754
v  -0.9577 -1.1788 4.3156
v  -0.5705 -1.5167 4.3297
v  -0.3567 -2.2167 4.2905
v  0.1852 -2.4480 4.3042
v  -0.1350 -1.7895 4.3429
v  0.3377 -1.9912 4.3549
v  1.3440 -2.6437 4.3261
v  0.7570 -2.5911 4.3162
v  0.8363 -2.1161 4.3653
v  1.3482 -2.1619 4.3740
v  1.9321 -2.6032 4.3339
v  2.5067 -2.4718 4.3391
v  1.8611 -2.1266 4.3807
v  2.3622 -2.0119 4.3852
v  3.0535 -2.2516 4.3417
v  3.5593 -1.9491 4.3417
v  2.8391 -1.8200 4.3876
v  3.2803 -1.5561 4.3875
v  4.3991 -1.1268 4.3336
v  4.0114 -1.5708 4.3390
v  3.6744 -1.2262 4.3851
v  4.0126 -0.8390 4.3805
v  4.7122 -0.6274 4.3259
v  4.9438 -0.0853 4.3158
v  4.2856 -0.4035 4.3737
v  4.4875 0.0692 4.3650
v  5.0872 0.4862 4.3037
v  5.1400 1.0732 4.2899
v  4.6127 0.5677 4.3544
v  4.6586 1.0796 4.3424
v  4.9684 2.2356 4.2586
v  5.0996 1.6611 4.2747
v  4.6235 1.5923 4.3291
v  4.5091 2.0933 4.3150
v  4.4460 3.2879 4.2246
v  4.7484 2.7821 4.2417
v  4.3172 2.5700 4.3003
v  4.0535 3.0110 4.2855
v  3.6239 4.1272 4.1917
v  4.0677 3.7397 4.2078
v  3.7236 3.4051 4.2708
v  3.3364 3.7430 4.2567
v  3.1244 4.4400 4.1766
v  2.5824 4.6713 4.1628
v  2.9009 4.0158 4.2435
v  2.4282 4.2175 4.2315
v  1.4236 4.8670 4.1409
v  2.0107 4.8145 4.1509
v  1.9296 4.3424 4.2211
v  1.4177 4.3882 4.2124
v  0.8356 4.8265 4.1332
v  0.2610 4.6951 4.1280
v  0.9049 4.3529 4.2057
v  0.4038 4.2383 4.2011
v  -0.7917 4.1724 4.1254
v  -0.2857 4.4749 4.1254
v  -0.0731 4.0463 4.1989
v  -0.5144 3.7824 4.1989
v  -1.6315 3.3501 4.1334
v  -1.2437 3.7941 4.1281
v  -0.9085 3.4525 4.2013
v  -1.2467 3.0653 4.2059
v  -1.9445 2.8507 4.1412
v  -2.1761 2.3087 4.1513
v  -1.5197 2.6298 4.2127
v  -1.7216 2.1571 4.2214
v  -2.3722 1.1501 4.1772
v  -2.3195 1.7371 4.1633
v  -1.8468 1.6586 4.2320
v  -1.8927 1.1467 4.2440
v  -2.3319 0.5622 4.1924
v  -1.8576 0.6340 4.2573
v  -0.2816 -0.0580 4.6337
v  -0.4454 0.2161 4.6245
v  -0.6850 0.4693 4.4341
v  -0.5582 0.1544 4.4437
v  -0.3340 0.2769 4.7966
v  -0.5647 0.5124 4.6153
v  -0.3839 -0.1371 4.4536
v  -0.1804 0.0201 4.8052
v  -0.4458 0.5547 4.7880
v  -0.1660 -0.3975 4.4632
v  0.1639 -0.5128 4.6516
v  -0.0765 -0.3029 4.6428
v  0.0118 -0.2095 4.8137
v  0.0898 -0.6208 4.4726
v  0.2374 -0.4065 4.8219
v  0.3776 -0.8010 4.4813
v  0.7285 -0.8078 4.6673
v  0.4347 -0.6824 4.6598
v  0.4911 -0.5654 4.8296
v  0.6900 -0.9343 4.4892
v  0.7665 -0.6829 4.8367
v  1.0383 -0.8854 4.6737
v  1.0194 -1.0169 4.4961
v  1.3564 -0.9138 4.6791
v  1.0570 -0.7556 4.8427
v  1.3577 -1.0471 4.5018
v  1.3552 -0.7823 4.8478
v  1.6751 -0.8919 4.6834
v  1.6966 -1.0238 4.5062
v  1.9865 -0.8206 4.6861
v  1.6540 -0.7617 4.8516
v  2.0277 -0.9480 4.5093
v  1.9460 -0.6950 4.8543
v  2.3428 -0.8212 4.5107
v  2.5571 -0.5374 4.6875
v  2.2829 -0.7013 4.6876
v  2.2238 -0.5831 4.8556
v  2.6344 -0.6468 4.5107
v  2.4808 -0.4294 4.8556
v  2.8949 -0.4288 4.5092
v  3.0122 -0.0917 4.6832
v  2.8021 -0.3323 4.6861
v  2.7106 -0.2372 4.8542
v  3.1183 -0.1729 4.5061
v  2.9075 -0.0116 4.8515
v  3.2987 0.1148 4.5016
v  3.3074 0.4728 4.6735
v  3.1819 0.1790 4.6790
v  3.0666 0.2422 4.8476
v  3.4321 0.4272 4.4958
v  3.1843 0.5175 4.8425
v  3.5148 0.7566 4.4888
v  3.4137 1.1006 4.6595
v  3.3852 0.7825 4.6670
v  3.2572 0.8080 4.8363
v  3.5453 1.0948 4.4809
v  3.2840 1.1063 4.8293
v  3.5220 1.4337 4.4721
v  3.3207 1.7306 4.6424
v  3.3919 1.4192 4.6513
v  3.2635 1.4049 4.8216
v  3.4463 1.7647 4.4628
v  3.1968 1.6968 4.8134
v  3.2015 2.0269 4.6334
v  3.3196 2.0796 4.4531
v  3.0375 2.3010 4.6241
v  3.0850 1.9746 4.8048
v  3.1454 2.3711 4.4433
v  2.9314 2.2315 4.7962
v  2.9273 2.6315 4.4336
v  2.5920 2.7558 4.6062
v  2.8326 2.5458 4.6150
v  2.7392 2.4611 4.7876
v  2.6715 2.8548 4.4243
v  2.5137 2.6579 4.7794
v  2.3213 2.9254 4.5981
v  2.3837 3.0350 4.4156
v  2.0276 3.0507 4.5906
v  2.2598 2.8169 4.7718
v  2.0714 3.1683 4.4076
v  1.9844 2.9344 4.7648
v  1.7419 3.2509 4.4008
v  1.3996 3.1568 4.5787
v  1.7177 3.1283 4.5842
v  1.6940 3.0072 4.7587
v  1.4037 3.2811 4.3950
v  1.3957 3.0338 4.7536
v  1.0648 3.2578 4.3906
v  0.7695 3.0636 4.5717
v  1.0809 3.1348 4.5745
v  1.0969 3.0132 4.7497
v  0.7336 3.1821 4.3876
v  0.8050 2.9465 4.7470
v  0.4185 3.0552 4.3861
v  0.1989 2.7803 4.5703
v  0.4731 2.9443 4.5704
v  0.5272 2.8346 4.7457
v  0.1270 2.8808 4.3861
v  0.2701 2.6808 4.7457
v  -0.1336 2.6628 4.3877
v  -0.2562 2.3347 4.5747
v  -0.0460 2.5753 4.5718
v  0.0404 2.4887 4.7472
v  -0.3570 2.4069 4.3908
v  -0.1566 2.2631 4.7499
v  -0.5373 2.1192 4.3952
v  -0.5514 1.7702 4.5844
v  -0.4258 2.0640 4.5789
v  -0.3156 2.0093 4.7538
v  -0.6708 1.8068 4.4010
v  -0.4333 1.7339 4.7589
v  -0.7534 1.4774 4.4080
v  -0.6577 1.1424 4.5984
v  -0.6290 1.4604 4.5909
v  -0.5062 1.4435 4.7650
v  -0.7838 1.1392 4.4160
v  -0.5330 1.1452 4.7720
v  -0.7606 0.8003 4.4247
v  -0.6358 0.8237 4.6066
v  -0.5125 0.8466 4.7798
v  2.9603 1.9140 4.8475
v  2.7723 2.1184 4.7966
v  2.9102 1.8878 4.8044
v  3.0640 1.6564 4.8554
v  3.0106 1.6384 4.8121
v  2.5063 1.6858 4.7604
v  2.8178 2.1523 4.8394
v  2.4048 1.8558 4.7547
v  2.5803 1.5022 4.7660
v  2.6396 2.3652 4.8316
v  2.3972 2.5013 4.7816
v  2.5998 2.3245 4.7889
v  2.2778 2.0075 4.7491
v  2.4304 2.5478 4.8239
v  2.1286 2.1377 4.7436
v  2.1951 2.6953 4.8168
v  1.9222 2.7496 4.7684
v  2.1694 2.6439 4.7746
v  1.9608 2.2428 4.7386
v  1.9396 2.8042 4.8103
v  1.7788 2.3205 4.7339
v  1.6703 2.8717 4.8046
v  1.3936 2.8388 4.7584
v  1.6614 2.8148 4.7629
v  1.5867 2.3685 4.7299
v  1.3936 2.8964 4.7999
v  1.3895 2.3862 4.7265
v  0.8633 2.7604 4.7525
v  1.1254 2.8203 4.7549
v  1.1165 2.8773 4.7963
v  1.1919 2.3725 4.7240
v  0.8458 2.8154 4.7939
v  0.9989 2.3285 4.7223
v  0.5880 2.7116 4.7927
v  0.3831 2.5220 4.7513
v  0.6139 2.6599 4.7513
v  0.8152 2.2544 4.7214
v  0.3496 2.5691 4.7927
v  0.6453 2.1529 4.7214
v  0.1769 2.3494 4.7525
v  0.1367 2.3909 4.7940
v  0.0000 2.1469 4.7550
v  0.4934 2.0257 4.7223
v  -0.0461 2.1817 4.7965
v  0.3632 1.8767 4.7241
v  -0.1428 1.9190 4.7586
v  -0.1936 1.9463 4.8002
v  -0.2484 1.6718 4.7631
v  0.2580 1.7089 4.7266
v  -0.3027 1.6909 4.8049
v  0.1802 1.5268 4.7300
v  -0.3702 1.4215 4.8106
v  -0.3379 1.1432 4.7749
v  -0.3138 1.4110 4.7686
v  0.1321 1.3348 4.7341
v  -0.3951 1.1449 4.8170
v  0.1144 1.1376 4.7388
v  -0.3761 0.8679 4.8243
v  -0.2596 0.6131 4.7893
v  -0.3195 0.8752 4.7819
v  0.1279 0.9401 4.7438
v  -0.3143 0.5972 4.8318
v  0.1719 0.7471 4.7493
v  -0.2106 0.3396 4.8398
v  -0.0214 0.1330 4.8047
v  -0.1592 0.3637 4.7969
v  0.2459 0.5635 4.7549
v  -0.0681 0.1014 4.8478
v  0.3475 0.3936 4.7607
v  0.1101 -0.1116 4.8557
v  0.3537 -0.2499 4.8197
v  0.1512 -0.0730 4.8124
v  0.4745 0.2418 4.7663
v  0.3193 -0.2942 4.8633
v  0.6236 0.1116 4.7717
v  0.5546 -0.4416 4.8705
v  0.8288 -0.4980 4.8329
v  0.5815 -0.3926 4.8266
v  0.7914 0.0066 4.7768
v  0.8100 -0.5506 4.8769
v  0.9735 -0.0711 4.7815
v  1.3574 -0.5873 4.8429
v  1.0895 -0.5634 4.8384
v  1.0795 -0.6181 4.8826
v  1.1655 -0.1192 4.7854
v  1.3560 -0.6428 4.8873
v  1.3627 -0.1368 4.7888
v  1.6256 -0.5688 4.8464
v  1.6331 -0.6237 4.8909
v  1.8877 -0.5089 4.8488
v  1.5602 -0.1232 4.7914
v  1.9040 -0.5618 4.8933
v  1.7533 -0.0791 4.7932
v  2.1371 -0.4084 4.8500
v  2.1616 -0.4580 4.8945
v  2.3679 -0.2705 4.8500
v  1.9369 -0.0051 4.7940
v  2.4000 -0.3155 4.8946
v  2.1069 0.0965 4.7940
v  2.6130 -0.1372 4.8933
v  2.7510 0.1046 4.8463
v  2.5741 -0.0979 4.8487
v  2.2588 0.2236 4.7931
v  2.7957 0.0720 4.8908
v  2.3891 0.3727 4.7913
v  2.9433 0.3073 4.8871
v  2.9994 0.5797 4.8382
v  2.8938 0.3324 4.8428
v  2.4942 0.5405 4.7887
v  3.0524 0.5628 4.8824
v  2.5720 0.7225 4.7853
v  3.1199 0.8321 4.8767
v  3.0889 1.1082 4.8263
v  3.0648 0.8405 4.8326
v  2.6202 0.9146 4.7813
v  3.1447 1.1087 4.8702
v  2.6379 1.1117 4.7766
v  3.1258 1.3857 4.8630
v  3.0705 1.3763 4.8195
v  2.6243 1.3093 4.7715
v  -5.6617 -1.1059 3.8966
v  -5.2289 -2.1809 3.9298
v  -4.6343 -3.1755 3.9632
v  -5.2599 -2.1978 3.8810
v  -5.6946 -1.1176 3.8478
v  -4.6623 -3.1971 3.9147
v  -3.8904 -4.0641 3.9962
v  -3.0173 -4.8261 4.0280
v  -3.9148 -4.0900 3.9478
v  -3.0377 -4.8557 3.9798
v  -2.0351 -5.4413 4.0578
v  -2.0507 -5.4738 4.0098
v  -0.9692 -5.8962 4.0849
v  -0.9796 -5.9309 4.0369
v  0.1553 -6.1778 4.1084
v  1.3098 -6.2811 4.1280
v  0.1501 -6.2138 4.0606
v  1.3101 -6.3176 4.0803
v  2.4663 -6.2015 4.1431
v  2.4721 -6.2375 4.0954
v  3.5963 -5.9430 4.1534
v  3.6075 -5.9779 4.1057
v  4.6717 -5.5100 4.1585
v  4.6881 -5.5427 4.1109
v  5.6667 -4.9151 4.1584
v  5.6879 -4.9450 4.1108
v  6.5557 -4.1710 4.1530
v  6.5812 -4.1974 4.1054
v  7.3183 -3.2978 4.1426
v  7.3473 -3.3201 4.0949
v  7.9339 -2.3156 4.1274
v  7.9659 -2.3332 4.0796
v  8.3894 -1.2497 4.1076
v  8.4236 -1.2622 4.0598
v  8.6714 -0.1255 4.0838
v  8.7069 -0.1325 4.0358
v  8.7752 1.0289 4.0567
v  8.8111 1.0273 4.0086
v  8.6959 2.1851 4.0268
v  8.7316 2.1891 3.9786
v  8.4378 3.3149 3.9950
v  8.4722 3.3242 3.9466
v  8.0050 4.3899 3.9619
v  8.0375 4.4044 3.9133
v  7.4104 5.3845 3.9284
v  7.4398 5.4037 3.8797
v  6.6666 6.2730 3.8953
v  6.6925 6.2966 3.8464
v  5.7935 7.0351 3.8635
v  5.8153 7.0623 3.8145
v  4.8113 7.6503 3.8338
v  4.8283 7.6804 3.7846
v  3.7454 8.1053 3.8067
v  3.7573 8.1375 3.7574
v  2.6209 8.3868 3.7831
v  2.6276 8.4204 3.7337
v  1.4664 8.4902 3.7635
v  1.4675 8.5243 3.7140
v  0.3099 8.4105 3.7484
v  0.3056 8.4442 3.6988
v  -0.8202 8.1520 3.7382
v  -0.8300 8.1845 3.6886
v  -1.8956 7.7190 3.7331
v  -1.9105 7.7493 3.6834
v  -2.8905 7.1241 3.7331
v  -2.9102 7.1516 3.6835
v  -3.7795 6.3800 3.7385
v  -3.8035 6.4041 3.6889
v  -4.5422 5.5068 3.7490
v  -4.5698 5.5267 3.6993
v  -5.1578 4.5246 3.7643
v  -5.1883 4.5398 3.7148
v  -5.6132 3.4587 3.7840
v  -5.6460 3.4688 3.7346
v  -5.8952 2.3344 3.8077
v  -5.9990 1.1801 3.8349
v  -5.9293 2.3392 3.7585
v  -6.0336 1.1793 3.7857
v  -5.9197 0.0239 3.8648
v  -5.9540 0.0175 3.8158
v  -5.6602 -1.1075 3.8245
v  -5.2276 -2.1825 3.8576
v  -5.1636 -2.1511 3.8468
v  -4.6329 -3.1770 3.8911
v  -5.5922 -1.0865 3.8141
v  -4.5747 -3.1361 3.8799
v  -3.8890 -4.0656 3.9242
v  -3.8380 -4.0161 3.9127
v  -3.0161 -4.8276 3.9559
v  -2.9735 -4.7708 3.9442
v  -2.0339 -5.4428 3.9857
v  -2.0008 -5.3801 3.9736
v  -0.9680 -5.8978 4.0128
v  -0.9451 -5.8306 4.0004
v  0.1563 -6.1792 4.0363
v  0.1684 -6.1094 4.0238
v  1.3109 -6.2826 4.0559
v  1.3117 -6.2117 4.0432
v  2.4672 -6.2029 4.0709
v  3.5973 -5.9444 4.0813
v  2.4570 -6.1329 4.0582
v  3.5762 -5.8769 4.0683
v  4.6726 -5.5114 4.0863
v  4.6411 -5.4481 4.0733
v  5.6676 -4.9166 4.0863
v  5.6265 -4.8589 4.0733
v  6.5566 -4.1725 4.0809
v  7.3191 -3.2994 4.0705
v  6.5070 -4.1220 4.0680
v  7.2621 -3.2573 4.0576
v  7.9347 -2.3173 4.0552
v  8.3901 -1.2514 4.0354
v  7.8719 -2.2846 4.0425
v  8.3229 -1.2290 4.0229
v  8.6721 -0.1272 4.0116
v  8.6022 -0.1156 3.9994
v  8.7759 1.0271 3.9846
v  8.7049 1.0276 3.9725
v  8.6966 2.1833 3.9547
v  8.6264 2.1726 3.9429
v  8.4386 3.3130 3.9228
v  8.3709 3.2914 3.9114
v  8.0058 4.3879 3.8897
v  7.9423 4.3560 3.8786
v  7.4112 5.3825 3.8563
v  7.3534 5.3410 3.8454
v  6.6674 6.2710 3.8232
v  6.6167 6.2210 3.8127
v  5.7943 7.0331 3.7914
v  5.7521 6.9757 3.7812
v  4.8122 7.6483 3.7616
v  4.7794 7.5850 3.7517
v  3.7463 8.1032 3.7346
v  3.7237 8.0355 3.7250
v  2.6220 8.3847 3.7110
v  2.6102 8.3143 3.7016
v  1.4675 8.4880 3.6914
v  1.4669 8.4166 3.6822
v  0.3111 8.4083 3.6762
v  -0.8189 8.1499 3.6661
v  0.3216 8.3378 3.6672
v  -0.7975 8.0818 3.6571
v  -1.8943 7.7169 3.6609
v  -1.8625 7.6530 3.6521
v  -2.8893 7.1219 3.6610
v  -2.8479 7.0638 3.6521
v  -3.7782 6.3780 3.6664
v  -3.7283 6.3269 3.6574
v  -4.5408 5.5049 3.6769
v  -4.4835 5.4622 3.6677
v  -5.1564 4.5227 3.6922
v  -5.6118 3.4568 3.7119
v  -5.0933 4.4895 3.6829
v  -5.5443 3.4339 3.7025
v  -5.8938 2.3326 3.7357
v  -5.8235 2.3205 3.7260
v  -5.9976 1.1784 3.7628
v  -5.9263 1.1773 3.7529
v  -5.9183 0.0221 3.7926
v  -5.8478 0.0323 3.7825
v  -2.4810 -1.6501 3.7597
v  -2.8906 -1.0272 3.7092
v  -2.4814 -1.8296 3.6798
v  -2.9771 -1.0737 3.5970
v  -2.6862 -1.5720 3.6643
v  -3.1399 -0.3228 3.7171
v  -3.1994 -0.5382 3.6311
v  -3.2809 -0.2189 3.6280
v  -3.2322 -0.5804 3.5621
v  -2.7380 -1.5762 3.5941
v  -1.6155 -2.7135 3.7145
v  -1.4393 -2.7135 3.8015
v  -1.9944 -2.2149 3.7906
v  -2.0566 -2.2794 3.6993
v  -0.1257 -3.3997 3.8379
v  -0.8239 -3.1372 3.7920
v  -0.0216 -3.5464 3.7587
v  -0.8678 -3.2270 3.6816
v  -0.3389 -3.4584 3.7458
v  -1.3620 -2.9240 3.7174
v  -1.3645 -2.9783 3.6491
v  -0.3791 -3.4932 3.6765
v  1.1988 -3.7525 3.7818
v  1.3423 -3.6477 3.8658
v  0.6002 -3.5706 3.8626
v  0.5867 -3.6605 3.7725
v  2.9783 -3.4893 3.8014
v  2.8088 -3.4308 3.8820
v  2.0891 -3.6291 3.8472
v  2.1058 -3.7311 3.7380
v  2.6698 -3.6048 3.7937
v  1.5276 -3.7737 3.7811
v  1.5569 -3.8206 3.7131
v  2.6580 -3.6608 3.7254
v  4.1426 -2.7687 3.8853
v  3.4968 -3.1422 3.8948
v  4.0870 -2.9389 3.8042
v  3.5376 -3.2242 3.8052
v  4.7356 -2.3151 3.8537
v  5.3723 -1.6803 3.7919
v  5.2017 -1.7314 3.8751
v  4.8067 -2.3901 3.7445
v  5.1905 -1.9551 3.7900
v  4.3655 -2.7628 3.7979
v  4.4166 -2.7877 3.7297
v  5.2103 -2.0067 3.7220
v  5.8918 -0.4120 3.8525
v  5.5890 -1.0936 3.8747
v  5.9459 -0.5834 3.7732
v  5.6691 -1.1371 3.7848
v  6.1047 0.3029 3.8089
v  6.2461 1.1899 3.7336
v  6.1392 1.0494 3.8199
v  6.2034 0.2838 3.6988
v  6.2604 0.8606 3.7359
v  6.0677 -0.2776 3.7614
v  6.1199 -0.2664 3.6923
v  6.3055 0.8300 3.6678
v  5.9219 2.5220 3.7802
v  6.0776 1.7929 3.8103
v  6.0654 2.4140 3.7006
v  6.1670 1.8036 3.7192
v  5.6735 3.2250 3.7299
v  5.2658 4.0246 3.6487
v  5.2630 3.8493 3.7374
v  5.7633 3.2660 3.6183
v  5.4709 3.7667 3.6521
v  5.9841 2.7330 3.6854
v  6.0190 2.7717 3.6153
v  5.5247 3.7674 3.5833
v  4.7761 4.4146 3.7259
v  4.4000 4.9086 3.6141
v  4.2214 4.9126 3.6957
v  4.8410 4.4746 3.6333
v  3.6067 5.3349 3.6470
v  2.8060 5.7414 3.5697
v  2.9078 5.5990 3.6593
v  3.1235 5.6532 3.5706
v  3.6539 5.4193 3.5336
v  4.1466 5.1187 3.5990
v  4.1512 5.1695 3.5282
v  3.1657 5.6845 3.5009
v  2.1815 5.7703 3.6539
v  1.5857 5.9474 3.5467
v  1.4396 5.8469 3.6314
v  2.1977 5.8557 3.5599
v  -0.1939 5.6844 3.5270
v  -0.0268 5.6301 3.6152
v  0.6937 5.8269 3.5919
v  0.6810 5.9213 3.4773
v  0.1149 5.7996 3.5225
v  1.2571 5.9684 3.5352
v  1.2300 6.0114 3.4642
v  0.1299 5.8486 3.4520
v  -1.3605 4.9678 3.6119
v  -0.7151 5.3420 3.6219
v  -1.3025 5.1339 3.5243
v  -0.7532 5.4193 3.5273
v  -1.9528 4.5129 3.5855
v  -2.5878 3.8753 3.5366
v  -2.4198 3.9307 3.6221
v  -2.4058 4.1498 3.5263
v  -2.0199 4.5803 3.4707
v  -1.5809 4.9576 3.5184
v  -1.6288 4.9755 3.4477
v  -2.4234 4.1974 3.4553
v  -2.8074 3.2933 3.6419
v  -3.1614 2.7785 3.5554
v  -3.1098 2.6112 3.6446
v  -2.8847 3.3322 3.5477
v  -3.4617 1.0052 3.5949
v  -3.3572 1.1499 3.6773
v  -3.3219 1.8949 3.6302
v  -3.4172 1.9084 3.5165
v  -3.4757 1.3341 3.5804
v  -3.2831 2.4722 3.5551
v  -3.3332 2.4577 3.4851
v  -3.5188 1.3613 3.5096
v  -3.2960 0.4068 3.7064
v  -3.3826 0.3915 3.6134
v  -3.2978 -0.6884 3.3970
v  -3.0853 -1.1332 3.4160
v  -2.8592 -1.5716 3.4254
v  -1.3559 -3.1064 3.4857
v  -0.9224 -3.3412 3.5027
v  -0.4819 -3.5630 3.5099
v  1.6377 -3.9229 3.5501
v  2.1284 -3.8639 3.5607
v  2.6171 -3.7904 3.5613
v  4.8978 -2.4889 3.5675
v  4.5420 -2.8347 3.5660
v  5.2431 -2.1327 3.5588
v  6.3281 0.2587 3.5203
v  6.2384 -0.2263 3.5263
v  6.4030 0.7459 3.5045
v  6.0893 2.8714 3.4472
v  5.8768 3.3165 3.4377
v  5.6509 3.7546 3.4187
v  4.1475 5.2894 3.3584
v  3.7140 5.5244 3.3510
v  3.2735 5.7460 3.3341
v  1.1546 6.1038 3.2940
v  0.6656 6.0392 3.2932
v  0.1789 5.9595 3.2832
v  -1.7461 5.0038 3.2785
v  -2.1038 4.6642 3.2865
v  -2.4509 4.3137 3.2853
v  -3.4468 2.4093 3.3179
v  -3.5365 1.9246 3.3334
v  -3.6114 1.4371 3.3396
v  3.0115 1.9399 4.8619
v  2.8645 2.1860 4.8536
v  3.1186 1.6740 4.8701
v  2.4645 2.5943 4.8376
v  2.6805 2.4058 4.8455
v  2.2215 2.7465 4.8302
v  1.9577 2.8591 4.8235
v  1.6796 2.9287 4.8177
v  1.3940 2.9543 4.8129
v  0.8284 2.8706 4.8066
v  1.1079 2.9346 4.8091
v  0.5623 2.7635 4.8054
v  0.3162 2.6163 4.8053
v  0.0962 2.4322 4.8067
v  -0.0924 2.2163 4.8093
v  -0.3573 1.7096 4.8179
v  -0.2447 1.9732 4.8131
v  -0.4271 1.4314 4.8238
v  -0.4528 1.1459 4.8305
v  -0.4332 0.8599 4.8379
v  -0.3694 0.5804 4.8458
v  -0.1152 0.0684 4.8623
v  -0.2623 0.3144 4.8540
v  0.0688 -0.1514 4.8705
v  0.2849 -0.3399 4.8783
v  0.5278 -0.4921 4.8857
v  0.7915 -0.6047 4.8924
v  1.0696 -0.6743 4.8982
v  1.3553 -0.6999 4.9030
v  1.6414 -0.6802 4.9067
v  1.9209 -0.6162 4.9093
v  2.4331 -0.3620 4.9106
v  2.1870 -0.5091 4.9105
v  2.6530 -0.1779 4.9092
v  2.8416 0.0381 4.9066
v  3.1066 0.5448 4.8979
v  2.9940 0.2811 4.9028
v  3.2021 1.1085 4.8854
v  3.1764 0.8229 4.8921
v  3.1824 1.3945 4.8780
v  -3.0391 -2.0855 2.7434
v  -3.1593 -1.9078 2.7753
v  -3.4686 -1.3454 2.7326
v  -3.7980 -0.5567 2.6943
v  -2.9381 -2.2063 2.7812
v  -3.7301 -0.7578 2.7383
v  -3.8341 -0.4015 2.7231
v  -1.8463 -3.3031 2.7913
v  -2.4644 -2.7143 2.7992
v  -2.4928 -2.7435 2.7632
v  -1.9664 -3.1983 2.8202
v  -1.1159 -3.7473 2.8270
v  -0.3335 -4.0935 2.8332
v  -0.5347 -4.0199 2.8665
v  -0.1802 -4.1316 2.8697
v  -1.6727 -3.4253 2.8349
v  1.3476 -4.3774 2.8651
v  0.5016 -4.2639 2.8815
v  0.4954 -4.3049 2.8461
v  1.1893 -4.3628 2.8957
v  2.2000 -4.3072 2.8897
v  3.0366 -4.1277 2.8838
v  2.8310 -4.1859 2.9203
v  3.1834 -4.0679 2.9178
v  1.5604 -4.3738 2.9062
v  3.8130 -3.7743 2.9182
v  3.8316 -3.8116 2.8831
v  4.5639 -3.3694 2.8875
v  4.4275 -3.4502 2.9209
v  5.6521 -2.3423 2.9161
v  5.2125 -2.8115 2.8971
v  5.7838 -2.1748 2.8759
v  5.8678 -2.0399 2.9071
v  4.7344 -3.2409 2.9250
v  6.2412 -1.4521 2.8601
v  6.5739 -0.6640 2.8500
v  6.2047 -1.4324 2.8953
v  6.5115 -0.8090 2.8860
v  6.7711 0.1686 2.8461
v  6.8589 1.0190 2.8124
v  6.8512 0.8068 2.8557
v  6.8479 1.1780 2.8416
v  6.6368 -0.4593 2.8839
v  6.8041 1.8724 2.7858
v  6.6100 2.7054 2.7669
v  6.7633 1.8674 2.8216
v  6.6452 2.5518 2.8045
v  5.8511 4.2341 2.7177
v  5.9701 4.0584 2.7619
v  6.2802 3.4948 2.7562
v  5.7492 4.3567 2.7464
v  6.5411 2.9084 2.7988
v  4.6584 5.4518 2.6699
v  5.2756 4.8645 2.7252
v  5.3051 4.8920 2.6887
v  4.7775 5.3486 2.7074
v  3.9275 5.8967 2.6619
v  3.1455 6.2422 2.6279
v  3.3456 6.1705 2.6707
v  2.9913 6.2819 2.6579
v  4.4836 5.5759 2.7022
v  1.4645 6.5261 2.5961
v  2.3094 6.4142 2.6430
v  2.3168 6.4533 2.6059
v  1.6219 6.5131 2.6319
v  -0.0200 6.3364 2.6169
v  0.6116 6.4565 2.5991
v  -0.2245 6.2763 2.5773
v  -0.3722 6.2183 2.6098
v  1.2505 6.5243 2.6310
v  -1.0194 5.9600 2.5689
v  -1.7518 5.5181 2.5737
v  -1.0019 5.9246 2.6063
v  -1.6164 5.6006 2.6068
v  -2.4009 4.9609 2.5917
v  -2.9718 4.3235 2.5853
v  -2.8412 4.4928 2.6210
v  -3.0568 4.1902 2.6206
v  -1.9235 5.3914 2.6123
v  -3.4291 3.6005 2.5919
v  -3.7619 2.8127 2.6111
v  -3.3937 3.5826 2.6291
v  -3.7004 2.9594 2.6416
v  -3.9594 1.9807 2.6427
v  -4.0468 1.1295 2.6487
v  -4.0402 1.3438 2.6816
v  -4.0368 0.9722 2.6860
v  -3.8259 2.6099 2.6533
v  -3.9919 0.2761 2.6662
v  -3.9523 0.2829 2.7028
v  -0.6340 0.1140 4.3600
v  -0.7658 0.4415 4.3500
v  -0.7845 0.0384 4.3309
v  -0.4528 -0.1890 4.3702
v  -0.9261 0.3904 4.3201
v  -0.5897 -0.2873 4.3418
v  -0.3461 -0.5783 4.3527
v  -0.2261 -0.4597 4.3803
v  0.0398 -0.6918 4.3900
v  -0.0602 -0.8278 4.3631
v  0.3390 -0.8793 4.3990
v  0.2614 -1.0292 4.3729
v  0.6638 -1.0179 4.4072
v  0.6105 -1.1782 4.3817
v  0.9786 -1.2705 4.3894
v  1.0063 -1.1037 4.4145
v  1.3580 -1.1351 4.4204
v  1.3567 -1.3042 4.3959
v  1.7104 -1.1109 4.4250
v  1.7354 -1.2782 4.4008
v  2.0546 -1.0321 4.4282
v  2.1054 -1.1935 4.4042
v  2.3823 -0.9002 4.4297
v  2.4576 -1.0517 4.4058
v  2.6854 -0.7190 4.4297
v  2.7834 -0.8569 4.4058
v  2.9562 -0.4923 4.4281
v  3.0745 -0.6133 4.4041
v  3.1885 -0.2263 4.4249
v  3.3242 -0.3274 4.4006
v  3.3761 0.0729 4.4202
v  3.5257 -0.0057 4.3956
v  3.5148 0.3977 4.4142
v  3.6749 0.3434 4.3891
v  3.6008 0.7402 4.4070
v  3.7673 0.7114 4.3814
v  3.6324 1.0918 4.3988
v  3.8013 1.0895 4.3725
v  3.7753 1.4681 4.3627
v  3.6082 1.4441 4.3896
v  3.5296 1.7883 4.3799
v  3.6908 1.8380 4.3522
v  3.5491 2.1900 4.3414
v  3.3977 2.1158 4.3698
v  3.2166 2.4188 4.3597
v  3.3544 2.5157 4.3304
v  2.9900 2.6895 4.3495
v  3.1107 2.8067 4.3196
v  2.7240 2.9217 4.3399
v  2.8249 3.0562 4.3092
v  2.5032 3.2577 4.2995
v  2.4247 3.1091 4.3308
v  2.1000 3.2477 4.3225
v  2.1542 3.4067 4.2906
v  1.7574 3.3335 4.3154
v  1.7860 3.4989 4.2829
v  1.4057 3.3650 4.3094
v  1.4080 3.5327 4.2765
v  1.0534 3.3407 4.3048
v  1.0293 3.5066 4.2715
v  0.7091 3.2619 4.3017
v  0.6593 3.4219 4.2682
v  0.3815 3.1301 4.3001
v  0.3071 3.2802 4.2665
v  0.0784 2.9488 4.3001
v  -0.0187 3.0853 4.2666
v  -0.3099 2.8417 4.2683
v  -0.1925 2.7221 4.3018
v  -0.4248 2.4561 4.3049
v  -0.5595 2.5558 4.2717
v  -0.7611 2.2342 4.2767
v  -0.6123 2.1569 4.3096
v  -0.7511 1.8321 4.3156
v  -0.9103 1.8851 4.2832
v  -0.8370 1.4897 4.3229
v  -1.0026 1.5170 4.2910
v  -0.8686 1.1379 4.3311
v  -1.0366 1.1390 4.2998
v  -1.0107 0.7603 4.3096
v  -0.8445 0.7857 4.3402
v  1.3919 1.1354 4.7433
v  1.3935 1.1329 4.7434
v  1.3946 1.1301 4.7435
v  1.3878 1.1398 4.7431
v  1.3901 1.1377 4.7432
v  1.3824 1.1425 4.7430
v  1.3852 1.1413 4.7431
v  1.3795 1.1432 4.7429
v  1.3765 1.1435 4.7429
v  1.3706 1.1427 4.7428
v  1.3735 1.1432 4.7428
v  1.3678 1.1415 4.7428
v  1.3652 1.1399 4.7428
v  1.3629 1.1380 4.7428
v  1.3609 1.1357 4.7429
v  1.3582 1.1305 4.7430
v  1.3594 1.1332 4.7430
v  1.3572 1.1245 4.7430
v  1.3574 1.1275 4.7430
v  1.3581 1.1186 4.7433
v  1.3574 1.1215 4.7431
v  1.3607 1.1132 4.7434
v  1.3591 1.1158 4.7433
v  1.3649 1.1089 4.7436
v  1.3626 1.1109 4.7435
v  1.3702 1.1062 4.7437
v  1.3674 1.1074 4.7437
v  1.3761 1.1052 4.7438
v  1.3731 1.1054 4.7438
v  1.3821 1.1060 4.7439
v  1.3791 1.1054 4.7439
v  1.3848 1.1072 4.7439
v  1.3874 1.1087 4.7439
v  1.3898 1.1106 4.7439
v  1.3917 1.1129 4.7439
v  1.3933 1.1155 4.7439
v  1.3945 1.1182 4.7438
v  1.3955 1.1241 4.7437
v  1.3953 1.1212 4.7437
v  1.3953 1.1271 4.7436
v  -2.5178 -0.8323 4.0131
v  -2.7731 -0.1979 3.9937
v  -2.1668 -1.4192 4.0329
v  -1.7279 -1.9436 4.0524
v  -1.2127 -2.3933 4.0711
v  -0.6331 -2.7563 4.0888
v  -0.0040 -3.0248 4.1047
v  0.6594 -3.1909 4.1186
v  1.3407 -3.2519 4.1301
v  2.0232 -3.2049 4.1391
v  2.6900 -3.0524 4.1451
v  3.3246 -2.7968 4.1482
v  3.9118 -2.4458 4.1481
v  4.4364 -2.0067 4.1449
v  4.8864 -1.4914 4.1388
v  5.2497 -0.9118 4.1297
v  5.5185 -0.2828 4.1180
v  5.6849 0.3806 4.1041
v  5.7462 1.0618 4.0880
v  5.6994 1.7441 4.0704
v  5.5470 2.4108 4.0516
v  5.2917 3.0452 4.0321
v  4.9408 3.6321 4.0123
v  4.5018 4.1564 3.9929
v  3.9866 4.6062 3.9740
v  3.4070 4.9692 3.9565
v  2.7780 5.2376 3.9405
v  2.1145 5.4038 3.9266
v  1.4332 5.4647 3.9151
v  0.7507 5.4178 3.9062
v  0.0839 5.2652 3.9001
v  -0.5507 5.0097 3.8971
v  -1.1379 4.6586 3.8971
v  -1.6625 4.2196 3.9003
v  -2.1125 3.7043 3.9065
v  -2.4758 3.1247 3.9155
v  -2.7445 2.4957 3.9271
v  -2.9110 1.8322 3.9412
v  -2.9722 1.1511 3.9571
v  -2.9255 0.4688 3.9748
v  -2.9859 -1.8790 2.9852
v  -3.0265 -2.0332 2.8279
v  -2.9601 -1.8644 2.9651
v  -2.9053 -1.7342 3.1988
v  -2.8519 -2.1674 2.8113
v  -2.8787 -1.7204 3.1795
v  -3.4492 -0.6386 3.1636
v  -3.5800 -0.6159 2.9249
v  -3.6076 -0.6265 2.9449
v  -3.7510 -0.5740 2.7810
v  -3.4215 -0.6268 3.1442
v  -3.7517 -0.3547 2.7530
v  -0.3531 -4.0427 2.9173
v  -0.3969 -3.8654 3.0526
v  -0.4089 -3.8920 3.0732
v  -0.4263 -3.7247 3.2848
v  -0.1330 -4.0489 2.8982
v  -0.4131 -3.6981 3.2649
v  -1.6483 -3.2444 3.0388
v  -1.5105 -3.1581 3.2547
v  -1.6325 -3.2198 3.0184
v  -1.7971 -3.2882 2.8773
v  -1.4954 -3.1326 3.2349
v  -1.9269 -3.1117 2.8484
v  2.8592 -3.9928 3.1042
v  2.8651 -4.0213 3.1249
v  2.9933 -4.1007 2.9684
v  2.7579 -3.9013 3.3362
v  3.1748 -3.9764 2.9458
v  2.7529 -3.8723 3.3160
v  1.4748 -4.1810 3.0885
v  1.4764 -4.2101 3.1091
v  1.5400 -4.0566 3.3221
v  1.3799 -4.3351 2.9504
v  1.5373 -4.0273 3.3019
v  1.1709 -4.2686 2.9235
v  5.7303 -2.1751 2.9610
v  5.5497 -2.1578 3.0984
v  5.5717 -2.1767 3.1190
v  5.4102 -2.1350 3.3315
v  5.8038 -1.9685 2.9346
v  5.3885 -2.1150 3.3113
v  4.5772 -3.1713 3.1290
v  4.5434 -3.0148 3.3405
v  4.5581 -3.1492 3.1083
v  4.5671 -3.3192 2.9722
v  4.5232 -2.9933 3.3203
v  4.3585 -3.3888 2.9487
v  6.6915 0.8964 3.0590
v  6.8170 0.9887 2.8982
v  6.6624 0.8987 3.0384
v  6.5386 0.8383 3.2742
v  6.7549 1.1989 2.8694
v  6.5092 0.8417 3.2543
v  6.3344 -0.3680 3.3012
v  6.4297 -0.4760 3.0692
v  6.4580 -0.4825 3.0898
v  6.5450 -0.6179 2.9340
v  6.3053 -0.3623 3.2812
v  6.4170 -0.7968 2.9141
v  5.8361 4.1861 2.8042
v  5.7656 4.0243 2.9477
v  5.7906 4.0399 2.9677
v  5.7037 3.9058 3.1858
v  5.6620 4.3192 2.7758
v  5.6777 3.8910 3.1664
v  6.4124 2.7874 3.0079
v  6.2476 2.8102 3.2210
v  6.3854 2.7758 2.9878
v  6.5604 2.7269 2.8512
v  6.2205 2.7974 3.2015
v  6.5619 2.5065 2.8341
v  3.1626 6.1956 2.7149
v  3.2023 6.0253 2.8601
v  3.2137 6.0528 2.8796
v  3.2246 5.8963 3.0997
v  2.9432 6.2008 2.6890
v  3.2120 5.8687 3.0808
v  4.4531 5.4053 2.9140
v  4.3089 5.3297 3.1298
v  4.4379 5.3797 2.8943
v  4.6066 5.4411 2.7549
v  4.2943 5.3032 3.1109
v  4.7371 5.2635 2.7388
v  -0.0551 6.1666 2.8286
v  -0.1823 6.2499 2.6642
v  -0.0484 6.1373 2.8094
v  0.0483 6.0492 3.0491
v  -0.3632 6.1248 2.6421
v  0.0541 6.0193 3.0305
v  1.2588 6.2283 3.0625
v  1.3311 6.3413 2.8246
v  1.3286 6.3712 2.8439
v  1.4298 6.4883 2.6820
v  1.2623 6.1980 3.0439
v  1.6395 6.4210 2.6643
v  -2.7672 4.3376 2.8341
v  -2.9210 4.3281 2.6715
v  -2.7448 4.3176 2.8147
v  -2.6120 4.3064 3.0531
v  -2.9941 4.1203 2.6531
v  -2.5899 4.2853 3.0346
v  -1.7677 5.3163 2.8245
v  -1.7377 5.1625 3.0448
v  -1.7485 5.2932 2.8052
v  -1.7566 5.4683 2.6604
v  -1.7173 5.1399 3.0262
v  -1.5475 5.5367 2.6392
v  -3.8867 1.2644 2.8938
v  -4.0074 1.1642 2.7340
v  -3.8571 1.2612 2.8742
v  -3.7401 1.3334 3.1103
v  -3.9447 0.9530 2.7177
v  -3.7102 1.3290 3.0914
v  -3.5359 2.5396 3.0834
v  -3.6243 2.6359 2.8435
v  -3.6532 2.6434 2.8630
v  -3.7354 2.7707 2.6981
v  -3.5064 2.5330 3.0645
v  -3.6068 2.9486 2.6731
v  -3.2895 -0.3714 3.5965
v  -3.3102 -0.1798 3.5866
v  -3.2997 -0.4104 3.5387
v  -3.2962 -0.2123 3.5129
v  -2.6070 -1.7460 3.6407
v  -2.6428 -1.7336 3.5813
v  -2.4669 -1.8785 3.6413
v  -2.4825 -1.8517 3.5656
v  -2.0415 -2.2671 3.6362
v  -2.0629 -2.2874 3.6558
v  -1.6626 -2.6997 3.6736
v  -1.6332 -2.7187 3.5997
v  -1.5192 -2.8806 3.6263
v  -1.5331 -2.8423 3.6838
v  -0.2097 -3.5649 3.6627
v  0.0184 -3.5780 3.7202
v  -0.1729 -3.5531 3.7216
v  -0.0108 -3.5665 3.6446
v  0.5911 -3.6427 3.7089
v  0.5858 -3.6714 3.7291
v  1.1523 -3.7696 3.7414
v  1.1867 -3.7689 3.6669
v  1.3409 -3.8088 3.7500
v  1.3740 -3.8325 3.6924
v  3.0289 -3.4921 3.7621
v  2.8595 -3.5843 3.7668
v  2.8372 -3.6202 3.7086
v  2.9991 -3.5051 3.6869
v  3.5299 -3.2084 3.7411
v  3.5428 -3.2343 3.7616
v  4.0587 -2.9808 3.7646
v  4.0862 -2.9653 3.6896
v  4.2757 -2.9060 3.7122
v  4.2346 -2.9015 3.7702
v  5.3304 -1.8680 3.7020
v  5.4143 -1.6535 3.7517
v  5.3315 -1.8274 3.7597
v  5.3932 -1.6803 3.6771
v  5.6525 -1.1297 3.7213
v  5.6785 -1.1428 3.7414
v  5.9471 -0.6344 3.7345
v  5.9558 -0.6039 3.6591
v  6.0748 -0.4446 3.6779
v  6.0428 -0.4669 3.7366
v  6.2991 1.0464 3.7028
v  6.3214 1.0123 3.6454
v  6.2636 1.2358 3.6928
v  6.2614 1.2009 3.6188
v  6.1482 1.7991 3.6561
v  6.1773 1.8040 3.6758
v  6.0958 2.3729 3.6620
v  6.0841 2.4017 3.5864
v  6.0870 2.6008 3.6024
v  6.0750 2.5647 3.6618
v  5.2526 4.0716 3.6075
v  5.3926 3.9393 3.6176
v  5.4301 3.9240 3.5599
v  5.2703 4.0410 3.5337
v  4.8487 4.4803 3.5897
v  4.8277 4.4590 3.5706
v  4.4482 4.8927 3.5751
v  4.4210 4.9081 3.4996
v  4.3064 5.0710 3.5149
v  4.3187 5.0356 3.5746
v  2.9970 5.7553 3.4785
v  2.7672 5.7710 3.5285
v  2.9584 5.7464 3.5368
v  2.7986 5.7557 3.4547
v  2.1953 5.8344 3.4976
v  2.2000 5.8643 3.5163
v  1.6336 5.9624 3.5071
v  1.6016 5.9578 3.4320
v  1.4134 6.0226 3.4485
v  1.4448 6.0020 3.5081
v  -0.0485 5.8065 3.4323
v  -0.2431 5.6849 3.4863
v  -0.0739 5.7774 3.4913
v  -0.2095 5.6900 3.4119
v  -0.7435 5.3999 3.4650
v  -0.7569 5.4270 3.4835
v  -1.2730 5.1736 3.4837
v  -1.2971 5.1501 3.4092
v  -1.4490 5.0946 3.4879
v  -1.4872 5.0921 3.4288
v  -2.5459 4.0205 3.4985
v  -2.5432 4.0582 3.4389
v  -2.6286 3.8463 3.4967
v  -2.6053 3.8692 3.4218
v  -2.8661 3.3214 3.4853
v  -2.8927 3.3357 3.5039
v  -3.1614 2.8274 3.5142
v  -3.1679 2.7933 3.4402
v  -3.2573 2.6602 3.5217
v  -3.2875 2.6349 3.4633
v  -3.5342 1.1781 3.4958
v  -3.4780 0.9573 3.5559
v  -3.5135 1.1469 3.5555
v  -3.4735 0.9885 3.4805
v  -3.3619 0.3929 3.5507
v  -3.3916 0.3890 3.5697
v  -3.3497 -0.5330 3.3779
v  -3.3216 -0.5222 3.3589
v  -2.7405 -1.6928 3.3964
v  -2.7666 -1.7077 3.4157
v  -1.4733 -2.9864 3.4473
v  -1.4895 -3.0114 3.4670
v  -0.3270 -3.6188 3.4992
v  -0.3149 -3.5917 3.4794
v  1.4717 -3.8935 3.5129
v  1.4732 -3.9228 3.5331
v  2.7759 -3.7467 3.5480
v  2.7698 -3.7180 3.5277
v  4.4108 -2.9350 3.5520
v  4.3917 -2.9127 3.5316
v  5.3432 -2.0014 3.5425
v  5.3208 -1.9823 3.5223
v  6.1604 -0.3766 3.4951
v  6.1893 -0.3834 3.5150
v  6.3786 0.9120 3.4664
v  6.4083 0.9099 3.4861
v  6.1142 2.7036 3.4179
v  6.1418 2.7153 3.4374
v  5.5331 3.8741 3.3803
v  5.5586 3.8900 3.3995
v  4.2816 5.1937 3.3483
v  4.2659 5.1678 3.3295
v  3.1075 5.7730 3.2974
v  3.1191 5.8011 3.3161
v  1.3216 6.0746 3.2635
v  1.3192 6.1051 3.2820
v  0.0284 5.8834 3.2492
v  0.0214 5.9132 3.2676
v  -1.6138 5.1013 3.2636
v  -1.5943 5.0777 3.2453
v  -2.5283 4.1631 3.2542
v  -2.5512 4.1833 3.2727
v  -3.3677 2.5580 3.2817
v  -3.3972 2.5657 3.3003
v  -3.6161 1.2725 3.3292
v  -3.5860 1.2693 3.3105
v  -3.0455 -2.0881 2.7802
v  -2.8904 -2.2363 2.7809
v  -3.8290 -0.3454 2.7200
v  -3.8049 -0.5583 2.7310
v  -2.4411 -2.6915 2.7971
v  -1.9954 -3.1500 2.8168
v  -2.4204 -2.6720 2.7759
v  -0.1240 -4.1277 2.8687
v  -0.3366 -4.0990 2.8701
v  -1.8506 -3.3079 2.8281
v  1.1375 -4.3405 2.8929
v  0.5123 -4.2040 2.8576
v  0.5072 -4.2318 2.8790
v  3.2266 -4.0315 2.9161
v  3.0378 -4.1332 2.9210
v  1.3476 -4.3831 2.9022
v  3.7985 -3.7450 2.9157
v  4.3723 -3.4627 2.9189
v  3.7860 -3.7198 2.8943
v  5.8813 -1.9852 2.9044
v  5.7883 -2.1783 2.9130
v  4.5674 -3.3737 2.9247
v  6.1758 -1.4173 2.8928
v  6.4744 -0.8515 2.8847
v  6.1506 -1.4046 2.8713
v  6.8269 1.2302 2.8382
v  6.8651 1.0195 2.8493
v  6.5800 -0.6648 2.8869
v  6.7312 1.8626 2.8193
v  6.6402 2.4957 2.8040
v  6.7032 1.8579 2.7981
v  5.7015 4.3865 2.7432
v  5.8564 4.2386 2.7544
v  6.6158 2.7088 2.8036
v  5.2322 4.8211 2.7028
v  5.2523 4.8417 2.7236
v  4.8064 5.3002 2.7073
v  3.1475 6.2495 2.6645
v  2.9351 6.2780 2.6555
v  4.6615 5.4584 2.7065
v  1.6737 6.4910 2.6315
v  2.2995 6.3534 2.6214
v  2.3040 6.3821 2.6418
v  -0.2267 6.2839 2.6139
v  -0.4155 6.1821 2.6083
v  1.4635 6.5339 2.6327
v  -0.9874 5.8953 2.6053
v  -1.5615 5.6130 2.6056
v  -0.9743 5.8693 2.5851
v  -2.9775 4.3288 2.6218
v  -3.0704 4.1355 2.6200
v  -1.7567 5.5242 2.6102
v  -3.6633 3.0017 2.6394
v  -3.3391 3.5537 2.6077
v  -3.3647 3.5675 2.6280
v  -4.0542 1.1310 2.6854
v  -4.0157 0.9200 2.6859
v  -3.7690 2.8153 2.6477
v  -3.8915 0.2912 2.6806
v  -3.9200 0.2876 2.7013
v  -0.8963 -0.5058 4.3264
v  -1.1214 -0.1294 4.3137
v  -1.2851 0.2774 4.3012
v  -0.2845 -1.1304 4.3510
v  -0.6149 -0.8421 4.3389
v  0.4906 -1.5353 4.3725
v  0.0872 -1.3632 4.3623
v  1.3529 -1.6810 4.3888
v  0.9161 -1.6419 4.3814
v  2.2182 -1.5530 4.3984
v  1.7906 -1.6509 4.3945
v  2.6252 -1.3892 4.4003
v  3.0017 -1.1641 4.4003
v  3.3380 -0.8825 4.3983
v  3.6266 -0.5521 4.3943
v  4.0319 0.2230 4.3811
v  3.8595 -0.1804 4.3885
v  4.1779 1.0851 4.3618
v  4.1387 0.6483 4.3721
v  4.0503 1.9502 4.3384
v  4.1479 1.5227 4.3505
v  3.8865 2.3570 4.3259
v  3.6615 2.7333 4.3133
v  3.0496 3.3580 4.2887
v  3.3800 3.0697 4.3007
v  2.2745 3.7629 4.2672
v  2.6779 3.5908 4.2774
v  1.8490 3.8695 4.2583
v  1.4122 3.9086 4.2508
v  0.5469 3.7807 4.2413
v  0.9746 3.8785 4.2451
v  -0.2365 3.3916 4.2394
v  0.1400 3.6168 4.2393
v  -0.8614 2.7797 4.2453
v  -0.5729 3.1101 4.2414
v  -1.2668 2.0046 4.2586
v  -1.0944 2.4080 4.2512
v  -1.3735 1.5793 4.2676
v  -1.4128 1.1424 4.2779
v  -1.3828 0.7049 4.2892
v  -4.8111 -0.8469 3.6409
v  -4.4302 -1.7928 3.6701
v  -3.9071 -2.6679 3.6995
v  -3.2525 -3.4497 3.7286
v  -2.4843 -4.1203 3.7566
v  -1.6200 -4.6616 3.7828
v  -0.6822 -5.0619 3.8066
v  0.3072 -5.3096 3.8273
v  1.3230 -5.4005 3.8446
v  2.3406 -5.3305 3.8578
v  3.3349 -5.1030 3.8669
v  4.2812 -4.7220 3.8714
v  5.1567 -4.1985 3.8713
v  5.9389 -3.5439 3.8665
v  6.6099 -2.7755 3.8574
v  7.1516 -1.9114 3.8439
v  7.5523 -0.9734 3.8265
v  7.8005 0.0158 3.8056
v  7.8917 1.0315 3.7817
v  7.8220 2.0488 3.7555
v  7.5949 3.0429 3.7274
v  7.2141 3.9888 3.6983
v  6.6909 4.8639 3.6688
v  6.0364 5.6458 3.6398
v  5.2682 6.3163 3.6118
v  4.4039 6.8576 3.5856
v  3.4661 7.2579 3.5618
v  2.4767 7.5057 3.5410
v  1.4608 7.5965 3.5238
v  0.4433 7.5264 3.5106
v  -0.5510 7.2991 3.5015
v  -1.4972 6.9180 3.4970
v  -2.3728 6.3945 3.4971
v  -3.1550 5.7399 3.5018
v  -3.8260 4.9716 3.5110
v  -4.3677 4.1074 3.5245
v  -4.7685 3.1694 3.5418
v  -5.0165 2.1803 3.5627
v  -5.1079 1.1646 3.5866
v  -5.0381 0.1472 3.6129
v  -4.6361 -0.8098 3.0368
v  -4.2655 -1.7304 3.0653
v  -3.7563 -2.5821 3.0939
v  -3.1192 -3.3430 3.1222
v  -2.3716 -3.9957 3.1494
v  -1.5305 -4.5225 3.1749
v  -0.6178 -4.9121 3.1981
v  0.3451 -5.1532 3.2183
v  1.3338 -5.2416 3.2350
v  2.3241 -5.1734 3.2480
v  3.2919 -4.9521 3.2567
v  4.2127 -4.5812 3.2611
v  5.0649 -4.0717 3.2610
v  5.8262 -3.4347 3.2565
v  6.4791 -2.6870 3.2475
v  7.0064 -1.8459 3.2344
v  7.3964 -0.9331 3.2175
v  7.6379 0.0298 3.1972
v  7.7267 1.0183 3.1740
v  7.6589 2.0083 3.1483
v  7.4379 2.9758 3.1211
v  7.0673 3.8964 3.0927
v  6.5581 4.7481 3.0641
v  5.9211 5.5090 3.0357
v  5.1734 6.1617 3.0085
v  4.3323 6.6884 2.9830
v  3.4194 7.0781 2.9599
v  2.4567 7.3192 2.9397
v  1.4680 7.4076 2.9229
v  0.4776 7.3394 2.9099
v  -0.4901 7.1181 2.9012
v  -1.4110 6.7472 2.8968
v  -2.2631 6.2378 2.8969
v  -3.0244 5.6006 2.9015
v  -3.6775 4.8529 2.9104
v  -4.2046 4.0117 2.9235
v  -4.5946 3.0989 2.9404
v  -4.8361 2.1362 2.9607
v  -4.9250 1.1477 2.9840
v  -4.8571 0.1577 3.0096
# 2091 vertices

vn 0.8650 0.0784 0.4956
vn 0.8199 0.0000 0.5724
vn 0.5277 0.0000 -0.8494
vn 0.5198 -0.0947 -0.8490
vn -0.1182 0.9892 0.0867
vn 0.7725 -0.1160 0.6243
vn -0.8199 0.0000 -0.5724
vn -0.7632 0.0538 -0.6439
vn -0.7999 0.1136 -0.5893
vn 0.3730 0.5844 -0.7206
vn 0.1769 0.9511 -0.2534
vn -0.7875 0.1079 -0.6068
vn -0.8411 0.1087 -0.5298
vn -0.8472 0.0295 -0.5305
vn -0.0443 0.9390 0.3411
vn 0.8110 0.0585 0.5821
vn -0.3730 0.5844 0.7206
vn 0.7611 0.0813 0.6436
vn 0.7483 -0.0110 0.6633
vn -0.4459 -0.5493 -0.7067
vn 0.1753 0.9717 -0.1580
vn -0.6156 0.0000 0.7881
vn -0.8199 -0.0000 -0.5724
vn 0.6625 -0.0484 0.7475
vn 0.7930 -0.2975 0.5316
vn -0.3103 0.2326 0.9217
vn 0.9330 0.1408 0.3311
vn -0.8846 0.0845 -0.4587
vn -0.1769 -0.9511 0.2534
vn -0.7949 -0.2891 -0.5335
vn 0.9440 -0.0363 0.3278
vn 0.0009 -0.9299 -0.3679
vn -0.8199 0.0000 -0.5725
vn 0.2099 -0.9757 0.0632
vn 0.7638 -0.0146 0.6453
vn 0.6069 -0.0973 0.7888
vn 0.6003 -0.0492 0.7983
vn 0.7632 -0.0000 0.6462
vn 0.5981 -0.0000 0.8014
vn 0.5098 -0.0652 0.8578
vn 0.7658 -0.0287 0.6425
vn 0.5186 -0.1287 0.8453
vn 0.5070 -0.0000 0.8620
vn 0.7689 -0.0423 0.6380
vn 0.6325 -0.1850 0.7521
vn 0.6177 -0.1429 0.7733
vn 0.5329 -0.1891 0.8248
vn 0.7733 -0.0546 0.6316
vn 0.5525 -0.2448 0.7967
vn 0.7787 -0.0658 0.6239
vn 0.6724 -0.2546 0.6950
vn 0.6509 -0.2226 0.7258
vn 0.5768 -0.2946 0.7620
vn 0.7851 -0.0752 0.6148
vn 0.6053 -0.3370 0.7212
vn 0.7922 -0.0829 0.6046
vn 0.7226 -0.2993 0.6231
vn 0.6965 -0.2805 0.6605
vn 0.6371 -0.3712 0.6755
vn 0.7999 -0.0884 0.5935
vn 0.6717 -0.3962 0.6260
vn 0.8080 -0.0919 0.5819
vn 0.7783 -0.3147 0.5434
vn 0.7501 -0.3109 0.5837
vn 0.7081 -0.4115 0.5738
vn 0.8164 -0.0930 0.5700
vn 0.7454 -0.4166 0.5204
vn 0.8247 -0.0919 0.5580
vn 0.8339 -0.2993 0.4636
vn 0.8065 -0.3109 0.5030
vn 0.7827 -0.4115 0.4670
vn 0.8328 -0.0884 0.5464
vn 0.8191 -0.3962 0.4149
vn 0.8406 -0.0829 0.5353
vn 0.8842 -0.2546 0.3917
vn 0.8601 -0.2805 0.4262
vn 0.8537 -0.3712 0.3653
vn 0.8477 -0.0752 0.5252
vn 0.8856 -0.3370 0.3197
vn 0.8541 -0.0658 0.5160
vn 0.9240 -0.1850 0.3346
vn 0.9057 -0.2226 0.3609
vn 0.9140 -0.2946 0.2788
vn 0.8594 -0.0546 0.5083
vn 0.9383 -0.2448 0.2441
vn 0.9388 -0.1429 0.3134
vn 0.8639 -0.0423 0.5020
vn 0.9496 -0.0973 0.2979
vn 0.9579 -0.1891 0.2160
vn 0.8670 -0.0287 0.4975
vn 0.9722 -0.1287 0.1956
vn 0.8690 -0.0146 0.4946
vn 0.9584 -0.0000 0.2853
vn 0.9562 -0.0492 0.2884
vn 0.9810 -0.0652 0.1830
vn 0.8696 -0.0000 0.4937
vn 0.9839 -0.0000 0.1789
vn 0.9562 0.0492 0.2884
vn 0.8690 0.0146 0.4946
vn 0.9496 0.0973 0.2979
vn 0.9810 0.0652 0.1830
vn 0.8670 0.0287 0.4975
vn 0.9722 0.1287 0.1956
vn 0.8639 0.0423 0.5020
vn 0.9240 0.1850 0.3346
vn 0.9388 0.1429 0.3134
vn 0.9579 0.1891 0.2160
vn 0.8594 0.0546 0.5083
vn 0.9383 0.2448 0.2441
vn 0.9057 0.2226 0.3609
vn 0.8541 0.0658 0.5160
vn 0.8842 0.2546 0.3917
vn 0.9140 0.2946 0.2788
vn 0.8477 0.0752 0.5252
vn 0.8856 0.3370 0.3197
vn 0.8339 0.2993 0.4636
vn 0.8601 0.2805 0.4262
vn 0.8406 0.0829 0.5353
vn 0.8537 0.3712 0.3653
vn 0.8328 0.0884 0.5464
vn 0.8191 0.3962 0.4149
vn 0.8065 0.3109 0.5030
vn 0.8247 0.0919 0.5580
vn 0.7783 0.3147 0.5434
vn 0.7827 0.4115 0.4670
vn 0.8164 0.0930 0.5700
vn 0.7454 0.4166 0.5204
vn 0.8080 0.0919 0.5819
vn 0.7226 0.2993 0.6231
vn 0.7501 0.3109 0.5837
vn 0.7081 0.4115 0.5738
vn 0.7999 0.0884 0.5935
vn 0.6717 0.3962 0.6260
vn 0.6965 0.2805 0.6605
vn 0.7922 0.0829 0.6046
vn 0.6724 0.2546 0.6950
vn 0.6371 0.3712 0.6755
vn 0.7851 0.0752 0.6148
vn 0.6053 0.3370 0.7212
vn 0.6325 0.1850 0.7521
vn 0.6509 0.2226 0.7258
vn 0.7787 0.0658 0.6239
vn 0.5767 0.2946 0.7620
vn 0.7733 0.0546 0.6316
vn 0.5525 0.2448 0.7967
vn 0.6177 0.1429 0.7733
vn 0.7689 0.0423 0.6380
vn 0.6069 0.0973 0.7888
vn 0.5329 0.1891 0.8248
vn 0.7658 0.0287 0.6425
vn 0.5186 0.1287 0.8453
vn 0.6003 0.0492 0.7983
vn 0.7638 0.0146 0.6453
vn 0.5098 0.0652 0.8578
vn -0.3503 -0.3014 0.8868
vn -0.3708 -0.1526 0.9161
vn -0.2927 -0.0000 0.9562
vn -0.2860 -0.1489 0.9466
vn -0.2963 -0.1494 0.9433
vn -0.3776 -0.0000 0.9260
vn -0.2660 -0.2941 0.9180
vn -0.2763 -0.2951 0.9147
vn -0.3031 0.0000 0.9530
vn -0.2334 -0.4320 0.8712
vn -0.2710 -0.5733 0.7732
vn -0.3168 -0.4428 0.8388
vn -0.2435 -0.4335 0.8676
vn -0.1887 -0.5593 0.8072
vn -0.1987 -0.5613 0.8034
vn -0.1332 -0.6729 0.7277
vn -0.1475 -0.7891 0.5963
vn -0.2141 -0.6897 0.6917
vn -0.1430 -0.6752 0.7237
vn -0.0681 -0.7698 0.6346
vn -0.0777 -0.7725 0.6302
vn -0.0728 -0.8691 0.4893
vn 0.0047 -0.8479 0.5302
vn 0.0082 -0.9277 0.3733
vn -0.0046 -0.8508 0.5255
vn 0.0837 -0.9050 0.4171
vn 0.0746 -0.9081 0.4120
vn 0.1668 -0.9399 0.2980
vn 0.1807 -0.9754 0.1262
vn 0.0934 -0.9634 0.2513
vn 0.1580 -0.9431 0.2925
vn 0.2520 -0.9516 0.1760
vn 0.2436 -0.9549 0.1700
vn 0.2681 -0.9634 0.0011
vn 0.3372 -0.9399 0.0539
vn 0.3533 -0.9277 -0.1210
vn 0.3291 -0.9431 0.0476
vn 0.4204 -0.9050 -0.0651
vn 0.4125 -0.9081 -0.0719
vn 0.5089 -0.7891 -0.3439
vn 0.4342 -0.8691 -0.2369
vn 0.4993 -0.8479 -0.1783
vn 0.4917 -0.8508 -0.1854
vn 0.5722 -0.7698 -0.2827
vn 0.5648 -0.7725 -0.2902
vn 0.6372 -0.6729 -0.3758
vn 0.6325 -0.5733 -0.5208
vn 0.5756 -0.6897 -0.4393
vn 0.6301 -0.6752 -0.3836
vn 0.6927 -0.5593 -0.4553
vn 0.6858 -0.5613 -0.4634
vn 0.7374 -0.4320 -0.5193
vn 0.7118 -0.3014 -0.6344
vn 0.6782 -0.4428 -0.5864
vn 0.7306 -0.4335 -0.5276
vn 0.7701 -0.2941 -0.5661
vn 0.7634 -0.2951 -0.5746
vn 0.7391 0.0000 -0.6736
vn 0.7322 -0.1526 -0.6637
vn 0.7900 -0.1489 -0.5947
vn 0.7834 -0.1494 -0.6033
vn 0.7968 0.0000 -0.6043
vn 0.7902 0.0000 -0.6129
vn 0.7322 0.1526 -0.6637
vn 0.7900 0.1489 -0.5947
vn 0.7118 0.3014 -0.6344
vn 0.7834 0.1494 -0.6033
vn 0.7701 0.2941 -0.5661
vn 0.7634 0.2951 -0.5746
vn 0.7374 0.4320 -0.5193
vn 0.6325 0.5733 -0.5208
vn 0.6782 0.4428 -0.5864
vn 0.7306 0.4335 -0.5276
vn 0.6927 0.5593 -0.4553
vn 0.6858 0.5613 -0.4634
vn 0.5756 0.6897 -0.4393
vn 0.6372 0.6729 -0.3758
vn 0.5089 0.7891 -0.3439
vn 0.6301 0.6752 -0.3836
vn 0.5722 0.7698 -0.2827
vn 0.5648 0.7725 -0.2902
vn 0.4342 0.8691 -0.2369
vn 0.4993 0.8479 -0.1783
vn 0.3533 0.9277 -0.1210
vn 0.4917 0.8508 -0.1854
vn 0.4204 0.9050 -0.0651
vn 0.4125 0.9081 -0.0719
vn 0.3372 0.9399 0.0539
vn 0.1807 0.9754 0.1262
vn 0.2681 0.9634 0.0011
vn 0.3291 0.9431 0.0476
vn 0.2520 0.9516 0.1760
vn 0.2436 0.9549 0.1700
vn 0.0934 0.9634 0.2513
vn 0.1668 0.9399 0.2980
vn 0.0082 0.9277 0.3733
vn 0.1580 0.9431 0.2925
vn 0.0837 0.9050 0.4171
vn 0.0746 0.9081 0.4120
vn -0.1475 0.7891 0.5963
vn -0.0728 0.8691 0.4893
vn 0.0047 0.8479 0.5302
vn -0.0046 0.8508 0.5255
vn -0.0681 0.7698 0.6346
vn -0.0777 0.7725 0.6302
vn -0.1332 0.6729 0.7277
vn -0.2710 0.5733 0.7732
vn -0.2141 0.6897 0.6917
vn -0.1430 0.6752 0.7237
vn -0.1887 0.5593 0.8072
vn -0.1987 0.5613 0.8034
vn -0.2334 0.4320 0.8712
vn -0.3503 0.3014 0.8868
vn -0.3168 0.4428 0.8388
vn -0.2435 0.4335 0.8676
vn -0.2660 0.2941 0.9180
vn -0.2763 0.2951 0.9147
vn -0.2860 0.1489 0.9466
vn -0.3708 0.1526 0.9161
vn -0.2963 0.1494 0.9433
vn 0.5287 -0.0612 0.8466
vn 0.4332 -0.0000 0.9013
vn 0.4367 -0.0768 0.8963
vn 0.5324 -0.1238 0.8374
vn 0.5220 -0.0008 0.8530
vn 0.7222 -0.0256 0.6913
vn 0.4470 -0.1517 0.8816
vn 0.6998 -0.0550 0.7123
vn 0.6926 -0.0035 0.7213
vn 0.5450 -0.1831 0.8182
vn 0.4639 -0.2229 0.8574
vn 0.5661 -0.2361 0.7898
vn 0.6962 -0.0937 0.7117
vn 0.4869 -0.2886 0.8244
vn 0.7151 -0.1174 0.6891
vn 0.5156 -0.3472 0.7834
vn 0.6158 -0.3246 0.7180
vn 0.5921 -0.2796 0.7558
vn 0.7476 -0.1109 0.6549
vn 0.5491 -0.3972 0.7353
vn 0.7383 -0.1523 0.6570
vn 0.5867 -0.4375 0.6815
vn 0.6809 -0.3812 0.6254
vn 0.6459 -0.3591 0.6737
vn 0.7479 -0.1846 0.6376
vn 0.6275 -0.4670 0.6231
vn 0.7716 -0.1864 0.6081
vn 0.7169 -0.3913 0.5771
vn 0.6703 -0.4849 0.5617
vn 0.7508 -0.4014 0.5245
vn 0.7968 -0.1538 0.5844
vn 0.7143 -0.4910 0.4987
vn 0.8022 -0.1914 0.5655
vn 0.7583 -0.4849 0.4357
vn 0.8226 -0.3807 0.4224
vn 0.7867 -0.3979 0.4720
vn 0.8204 -0.2050 0.5338
vn 0.8012 -0.4670 0.3743
vn 0.8406 -0.1843 0.5094
vn 0.8554 -0.3535 0.3787
vn 0.8419 -0.4375 0.3159
vn 0.8859 -0.3249 0.3310
vn 0.8510 -0.1380 0.5066
vn 0.8795 -0.3972 0.2621
vn 0.8671 -0.1575 0.4725
vn 0.9130 -0.3472 0.2140
vn 0.9371 -0.2348 0.2584
vn 0.9136 -0.2847 0.2902
vn 0.8859 -0.1470 0.4400
vn 0.9417 -0.2886 0.1730
vn 0.8956 -0.1117 0.4305
vn 0.9547 -0.1806 0.2364
vn 0.9647 -0.2229 0.1400
vn 0.9695 -0.1243 0.2113
vn 0.8896 -0.0694 0.4514
vn 0.9816 -0.1517 0.1158
vn 0.9082 -0.0634 0.4137
vn 0.9919 -0.0768 0.1011
vn 0.9806 0.0008 0.1961
vn 0.9783 -0.0627 0.1976
vn 0.9194 -0.0329 0.3920
vn 0.9954 -0.0000 0.0961
vn 0.9158 0.0035 0.4017
vn 0.9696 0.1238 0.2112
vn 0.9769 0.0612 0.2046
vn 0.9919 0.0768 0.1011
vn 0.8978 0.0256 0.4397
vn 0.9816 0.1517 0.1158
vn 0.9098 0.0550 0.4115
vn 0.9647 0.2229 0.1400
vn 0.9365 0.2361 0.2592
vn 0.9559 0.1831 0.2297
vn 0.9080 0.0937 0.4082
vn 0.9417 0.2886 0.1730
vn 0.8933 0.1174 0.4339
vn 0.8862 0.3246 0.3306
vn 0.9136 0.2796 0.2954
vn 0.9130 0.3472 0.2140
vn 0.8724 0.1109 0.4761
vn 0.8795 0.3972 0.2621
vn 0.8712 0.1523 0.4667
vn 0.8550 0.3591 0.3742
vn 0.8419 0.4375 0.3159
vn 0.8217 0.3812 0.4237
vn 0.8563 0.1846 0.4824
vn 0.8012 0.4670 0.3743
vn 0.8368 0.1864 0.5148
vn 0.7583 0.4849 0.4357
vn 0.7511 0.4014 0.5241
vn 0.7888 0.3913 0.4741
vn 0.8231 0.1538 0.5466
vn 0.7143 0.4910 0.4987
vn 0.8073 0.1914 0.5582
vn 0.6800 0.3807 0.6267
vn 0.7142 0.3979 0.5758
vn 0.6703 0.4849 0.5617
vn 0.7838 0.2050 0.5862
vn 0.6275 0.4670 0.6231
vn 0.7678 0.1843 0.6136
vn 0.6160 0.3249 0.7176
vn 0.6503 0.3535 0.6725
vn 0.5867 0.4375 0.6815
vn 0.7689 0.1380 0.6243
vn 0.5491 0.3972 0.7353
vn 0.7424 0.1575 0.6512
vn 0.5156 0.3472 0.7834
vn 0.5655 0.2348 0.7906
vn 0.5873 0.2847 0.7577
vn 0.7183 0.1470 0.6800
vn 0.4869 0.2886 0.8244
vn 0.7128 0.1117 0.6924
vn 0.4639 0.2229 0.8574
vn 0.5325 0.1243 0.8373
vn 0.5509 0.1806 0.8148
vn 0.7303 0.0694 0.6796
vn 0.4470 0.1517 0.8816
vn 0.7013 0.0634 0.7100
vn 0.4367 0.0768 0.8963
vn 0.5227 0.0627 0.8502
vn 0.6849 0.0329 0.7279
vn 0.9180 0.1326 -0.3737
vn 0.9411 0.0644 -0.3318
vn 0.9256 0.1307 -0.3551
vn 0.9183 0.2103 -0.3355
vn 0.9166 0.1323 -0.3773
vn 0.9327 0.0514 -0.3570
vn 0.9316 0.1921 -0.3087
vn 0.9068 0.2159 -0.3619
vn 0.9234 0.0470 -0.3809
vn 0.7599 0.6408 -0.1088
vn 0.7824 0.5963 -0.1795
vn 0.8308 0.5287 -0.1738
vn 0.7919 0.5884 -0.1635
vn 0.7809 0.5973 -0.1829
vn 0.8250 0.5275 -0.2028
vn 0.7810 0.6176 -0.0930
vn 0.7450 0.6543 -0.1301
vn 0.8157 0.5323 -0.2266
vn 0.4680 0.8462 0.2546
vn 0.5094 0.8410 0.1824
vn 0.5835 0.7936 0.1724
vn 0.5173 0.8329 0.1969
vn 0.5239 0.8308 0.1877
vn 0.5817 0.8008 0.1424
vn 0.4877 0.8331 0.2609
vn 0.4760 0.8409 0.2573
vn 0.5745 0.8094 0.1216
vn 0.2031 0.7549 0.6236
vn 0.2635 0.7713 0.5794
vn 0.2224 0.7484 0.6248
vn 0.1980 0.6943 0.6920
vn 0.2506 0.7842 0.5676
vn 0.2114 0.7473 0.6300
vn 0.2339 0.6894 0.6856
vn 0.1707 0.7031 0.6903
vn 0.2587 0.7811 0.5682
vn 0.0314 0.3769 0.9257
vn 0.0182 0.3005 0.9536
vn 0.0118 0.3817 0.9242
vn 0.0798 0.4245 0.9019
vn 0.0083 0.3832 0.9236
vn 0.0593 0.4443 0.8939
vn 0.0526 0.3068 0.9503
vn -0.0107 0.3049 0.9523
vn 0.0367 0.4563 0.8891
vn 0.0128 -0.0644 0.9978
vn -0.0144 -0.1307 0.9913
vn 0.0015 -0.2103 0.9776
vn -0.0345 -0.1326 0.9906
vn -0.0383 -0.1323 0.9905
vn -0.0138 -0.0514 0.9986
vn 0.0312 -0.1921 0.9809
vn -0.0273 -0.2159 0.9760
vn -0.0394 -0.0470 0.9981
vn 0.1598 -0.6408 0.7509
vn 0.1011 -0.5963 0.7964
vn 0.1231 -0.5287 0.8398
vn 0.1194 -0.5883 0.7997
vn 0.0939 -0.5275 0.8444
vn 0.0974 -0.5973 0.7961
vn 0.1818 -0.6176 0.7652
vn 0.1346 -0.6543 0.7442
vn 0.0684 -0.5323 0.8438
vn 0.4327 -0.8266 0.3599
vn 0.3668 -0.8322 0.4158
vn 0.3686 -0.7910 0.4883
vn 0.3816 -0.8213 0.4242
vn 0.3636 -0.8341 0.4147
vn 0.3412 -0.8021 0.4902
vn 0.4469 -0.8073 0.3856
vn 0.4130 -0.8427 0.3454
vn 0.3188 -0.8143 0.4850
vn 0.6720 -0.7405 0.0081
vn 0.7160 -0.6966 -0.0458
vn 0.6611 -0.7502 -0.0058
vn 0.6555 -0.7513 0.0774
vn 0.6587 -0.7524 -0.0079
vn 0.6337 -0.7703 0.0713
vn 0.7251 -0.6885 -0.0129
vn 0.7017 -0.7092 -0.0681
vn 0.6163 -0.7853 0.0589
vn 0.8799 -0.3769 -0.2895
vn 0.9015 -0.3005 -0.3115
vn 0.8717 -0.3817 -0.3074
vn 0.8741 -0.4245 -0.2359
vn 0.8699 -0.3832 -0.3105
vn 0.8596 -0.4443 -0.2523
vn 0.9102 -0.3068 -0.2781
vn 0.8903 -0.3049 -0.3382
vn 0.8473 -0.4563 -0.2719
vn 0.9948 0.0950 -0.0364
vn 0.9840 0.1640 0.0696
vn 0.9952 0.0843 0.0493
vn 0.9994 0.0008 -0.0351
vn 0.9948 0.0825 0.0594
vn 0.9988 0.0001 0.0489
vn 0.9827 0.1847 -0.0104
vn 0.9838 0.1629 0.0753
vn 0.9985 0.0000 0.0541
vn 0.9622 0.2714 0.0221
vn 0.9406 0.3126 0.1322
vn 0.9657 0.2405 0.0979
vn 0.9656 0.2394 0.1012
vn 0.9334 0.3538 0.0594
vn 0.9409 0.3099 0.1367
vn 0.8735 0.4302 0.2279
vn 0.9090 0.3793 0.1728
vn 0.8973 0.4291 0.1032
vn 0.9101 0.3729 0.1807
vn 0.8582 0.4851 0.1681
vn 0.8741 0.4266 0.2323
vn 0.8331 0.4724 0.2878
vn 0.8126 0.5327 0.2364
vn 0.7884 0.5057 0.3502
vn 0.8337 0.4698 0.2901
vn 0.7613 0.5717 0.3059
vn 0.7900 0.5014 0.3528
vn 0.7399 0.5294 0.4149
vn 0.7060 0.5994 0.3772
vn 0.6945 0.5321 0.4843
vn 0.7439 0.5208 0.4188
vn 0.6563 0.6002 0.4572
vn 0.6967 0.5273 0.4864
vn 0.6003 0.5056 0.6197
vn 0.6478 0.5237 0.5532
vn 0.6037 0.5905 0.5356
vn 0.6495 0.5208 0.5540
vn 0.5487 0.5712 0.6104
vn 0.6034 0.5014 0.6200
vn 0.5154 0.4308 0.7408
vn 0.5527 0.4773 0.6832
vn 0.4940 0.5407 0.6809
vn 0.5597 0.4698 0.6827
vn 0.4543 0.4861 0.7466
vn 0.5193 0.4266 0.7405
vn 0.4153 0.4227 0.8055
vn 0.4481 0.3124 0.8376
vn 0.4806 0.3751 0.7927
vn 0.4832 0.3729 0.7921
vn 0.3769 0.3526 0.8565
vn 0.4525 0.3099 0.8362
vn 0.3422 0.2755 0.8983
vn 0.4046 0.1649 0.8995
vn 0.4187 0.2429 0.8750
vn 0.4277 0.2394 0.8716
vn 0.3292 0.1863 0.9257
vn 0.4097 0.1629 0.8976
vn 0.3193 0.0935 0.9430
vn 0.3901 -0.0001 0.9208
vn 0.3954 0.0831 0.9147
vn 0.3986 0.0825 0.9134
vn 0.3115 -0.0008 0.9503
vn 0.3949 -0.0000 0.9187
vn 0.3086 -0.0950 0.9464
vn 0.4045 -0.1640 0.8997
vn 0.3892 -0.0843 0.9173
vn 0.3986 -0.0825 0.9134
vn 0.3289 -0.1847 0.9261
vn 0.4097 -0.1629 0.8976
vn 0.4247 -0.2406 0.8728
vn 0.3524 -0.2714 0.8956
vn 0.4482 -0.3126 0.8375
vn 0.4277 -0.2394 0.8716
vn 0.3774 -0.3538 0.8558
vn 0.4525 -0.3099 0.8362
vn 0.5150 -0.4302 0.7414
vn 0.4755 -0.3793 0.7937
vn 0.4061 -0.4291 0.8068
vn 0.4832 -0.3729 0.7921
vn 0.4535 -0.4851 0.7477
vn 0.5193 -0.4266 0.7405
vn 0.5573 -0.4724 0.6829
vn 0.5019 -0.5327 0.6814
vn 0.6005 -0.5057 0.6194
vn 0.5597 -0.4698 0.6827
vn 0.5496 -0.5717 0.6092
vn 0.6034 -0.5015 0.6200
vn 0.5974 -0.5994 0.5328
vn 0.6940 -0.5321 0.4851
vn 0.6445 -0.5294 0.5516
vn 0.6495 -0.5208 0.5540
vn 0.6554 -0.6002 0.4586
vn 0.6967 -0.5273 0.4864
vn 0.7108 -0.5905 0.3822
vn 0.7886 -0.5056 0.3500
vn 0.7426 -0.5237 0.4175
vn 0.7439 -0.5208 0.4188
vn 0.7621 -0.5712 0.3047
vn 0.7900 -0.5015 0.3528
vn 0.8094 -0.5407 0.2291
vn 0.8731 -0.4308 0.2286
vn 0.8318 -0.4773 0.2834
vn 0.8337 -0.4698 0.2901
vn 0.8574 -0.4861 0.1692
vn 0.8741 -0.4266 0.2323
vn 0.9407 -0.3124 0.1321
vn 0.9097 -0.3751 0.1780
vn 0.8993 -0.4227 0.1123
vn 0.9101 -0.3729 0.1807
vn 0.9340 -0.3525 0.0586
vn 0.9409 -0.3099 0.1367
vn 0.9838 -0.1649 0.0699
vn 0.9657 -0.2429 0.0915
vn 0.9612 -0.2755 0.0117
vn 0.9656 -0.2394 0.1012
vn 0.9824 -0.1863 -0.0099
vn 0.9838 -0.1629 0.0752
vn 0.9953 -0.0935 -0.0253
vn 0.9950 -0.0831 0.0560
vn 0.9948 -0.0825 0.0594
vn 0.9760 0.1127 -0.1863
vn 0.9837 0.1793 0.0138
vn 0.9959 0.0907 -0.0035
vn 0.9811 0.0000 -0.1935
vn 0.9473 0.0447 0.3173
vn 1.0000 0.0000 -0.0095
vn 0.9609 0.2226 -0.1646
vn 0.9413 0.0883 0.3258
vn 0.9493 -0.0000 0.3144
vn 0.9365 0.3410 0.0814
vn 0.9638 0.2634 0.0425
vn 0.9361 0.3270 -0.1292
vn 0.9315 0.1297 0.3399
vn 0.9023 0.4234 -0.0807
vn 0.9181 0.1679 0.3591
vn 0.9027 0.4102 0.1299
vn 0.8603 0.5094 -0.0206
vn 0.8631 0.4694 0.1866
vn 0.9014 0.2020 0.3830
vn 0.8111 0.5827 0.0499
vn 0.8819 0.2311 0.4109
vn 0.7559 0.6418 0.1289
vn 0.7705 0.5518 0.3193
vn 0.8186 0.5169 0.2503
vn 0.8600 0.2545 0.4423
vn 0.6962 0.6851 0.2146
vn 0.8363 0.2717 0.4762
vn 0.6332 0.7115 0.3047
vn 0.6678 0.5802 0.4663
vn 0.7198 0.5730 0.3919
vn 0.8114 0.2821 0.5120
vn 0.5688 0.7203 0.3971
vn 0.7858 0.2857 0.5486
vn 0.5652 0.5518 0.6133
vn 0.6159 0.5730 0.5407
vn 0.5042 0.7115 0.4895
vn 0.7602 0.2821 0.5852
vn 0.4413 0.6851 0.5796
vn 0.7352 0.2717 0.6210
vn 0.3815 0.6418 0.6652
vn 0.4726 0.4694 0.7459
vn 0.5171 0.5169 0.6822
vn 0.7116 0.2545 0.6549
vn 0.3264 0.5827 0.7442
vn 0.6897 0.2311 0.6863
vn 0.3992 0.3410 0.8511
vn 0.4331 0.4102 0.8026
vn 0.2771 0.5094 0.8147
vn 0.6702 0.2020 0.7142
vn 0.2352 0.4234 0.8749
vn 0.6535 0.1679 0.7381
vn 0.2013 0.3270 0.9233
vn 0.3520 0.1793 0.9187
vn 0.3720 0.2634 0.8901
vn 0.6401 0.1297 0.7573
vn 0.1766 0.2226 0.9588
vn 0.6303 0.0883 0.7714
vn 0.1614 0.1127 0.9804
vn 0.3357 -0.0000 0.9420
vn 0.3399 0.0907 0.9361
vn 0.6243 0.0447 0.7799
vn 0.1564 -0.0000 0.9877
vn 0.6223 -0.0000 0.7828
vn 0.1614 -0.1127 0.9804
vn 0.3520 -0.1793 0.9187
vn 0.3399 -0.0907 0.9361
vn 0.6243 -0.0447 0.7799
vn 0.1766 -0.2226 0.9588
vn 0.6303 -0.0883 0.7714
vn 0.3720 -0.2634 0.8901
vn 0.2013 -0.3270 0.9233
vn 0.3991 -0.3410 0.8511
vn 0.6401 -0.1297 0.7573
vn 0.2352 -0.4234 0.8749
vn 0.6535 -0.1679 0.7381
vn 0.4726 -0.4694 0.7459
vn 0.4331 -0.4102 0.8026
vn 0.2771 -0.5094 0.8147
vn 0.6702 -0.2020 0.7142
vn 0.3264 -0.5827 0.7442
vn 0.6897 -0.2311 0.6863
vn 0.5171 -0.5169 0.6822
vn 0.3815 -0.6418 0.6652
vn 0.5652 -0.5518 0.6133
vn 0.7116 -0.2545 0.6549
vn 0.4413 -0.6851 0.5796
vn 0.7352 -0.2717 0.6210
vn 0.6159 -0.5730 0.5407
vn 0.5042 -0.7115 0.4895
vn 0.6678 -0.5802 0.4663
vn 0.7602 -0.2821 0.5852
vn 0.5688 -0.7203 0.3971
vn 0.7858 -0.2857 0.5486
vn 0.6332 -0.7115 0.3047
vn 0.7705 -0.5518 0.3193
vn 0.7198 -0.5730 0.3919
vn 0.8114 -0.2821 0.5120
vn 0.6962 -0.6850 0.2146
vn 0.8363 -0.2717 0.4762
vn 0.7559 -0.6418 0.1289
vn 0.8631 -0.4694 0.1866
vn 0.8186 -0.5169 0.2503
vn 0.8600 -0.2545 0.4423
vn 0.8111 -0.5827 0.0499
vn 0.8819 -0.2311 0.4109
vn 0.8603 -0.5094 -0.0206
vn 0.9365 -0.3410 0.0814
vn 0.9027 -0.4102 0.1299
vn 0.9014 -0.2020 0.3830
vn 0.9023 -0.4234 -0.0807
vn 0.9181 -0.1679 0.3591
vn 0.9638 -0.2634 0.0425
vn 0.9361 -0.3270 -0.1292
vn 0.9837 -0.1793 0.0138
vn 0.9315 -0.1297 0.3399
vn 0.9609 -0.2226 -0.1646
vn 0.9413 -0.0883 0.3258
vn 0.9760 -0.1127 -0.1863
vn 0.9959 -0.0907 -0.0035
vn 0.9473 -0.0447 0.3173
vn 0.8990 0.0247 0.4373
vn 0.8957 0.0488 0.4420
vn 0.9001 0.0000 0.4357
vn 0.8680 0.0142 0.4963
vn 0.8661 0.0281 0.4990
vn 0.8687 -0.0000 0.4954
vn 0.8902 0.0717 0.4498
vn 0.8828 0.0929 0.4605
vn 0.8630 0.0413 0.5035
vn 0.8587 0.0535 0.5096
vn 0.8736 0.1117 0.4737
vn 0.8628 0.1278 0.4891
vn 0.8534 0.0644 0.5173
vn 0.8472 0.0737 0.5262
vn 0.8376 0.1503 0.5252
vn 0.8507 0.1408 0.5064
vn 0.8402 0.0811 0.5362
vn 0.8326 0.0866 0.5470
vn 0.8238 0.1560 0.5450
vn 0.8096 0.1580 0.5653
vn 0.8247 0.0900 0.5584
vn 0.8165 0.0911 0.5701
vn 0.7955 0.1560 0.5855
vn 0.7817 0.1503 0.6053
vn 0.8084 0.0900 0.5818
vn 0.8004 0.0866 0.5931
vn 0.7565 0.1278 0.6414
vn 0.7686 0.1408 0.6241
vn 0.7929 0.0811 0.6040
vn 0.7859 0.0737 0.6140
vn 0.7457 0.1117 0.6569
vn 0.7365 0.0929 0.6701
vn 0.7797 0.0644 0.6229
vn 0.7743 0.0535 0.6305
vn 0.7291 0.0717 0.6807
vn 0.7236 0.0488 0.6885
vn 0.7701 0.0413 0.6366
vn 0.7669 0.0281 0.6411
vn 0.7192 -0.0000 0.6948
vn 0.7203 0.0247 0.6932
vn 0.7650 0.0142 0.6438
vn 0.7644 -0.0000 0.6448
vn 0.7236 -0.0488 0.6885
vn 0.7203 -0.0247 0.6932
vn 0.7650 -0.0142 0.6438
vn 0.7669 -0.0281 0.6411
vn 0.7365 -0.0929 0.6701
vn 0.7291 -0.0717 0.6807
vn 0.7701 -0.0413 0.6366
vn 0.7743 -0.0535 0.6305
vn 0.7457 -0.1117 0.6569
vn 0.7565 -0.1278 0.6414
vn 0.7797 -0.0644 0.6229
vn 0.7859 -0.0737 0.6140
vn 0.7817 -0.1503 0.6053
vn 0.7686 -0.1408 0.6241
vn 0.7929 -0.0811 0.6040
vn 0.8004 -0.0866 0.5931
vn 0.7955 -0.1560 0.5855
vn 0.8096 -0.1580 0.5653
vn 0.8084 -0.0900 0.5818
vn 0.8165 -0.0911 0.5701
vn 0.8376 -0.1503 0.5252
vn 0.8238 -0.1560 0.5450
vn 0.8247 -0.0900 0.5584
vn 0.8326 -0.0866 0.5470
vn 0.8628 -0.1278 0.4891
vn 0.8507 -0.1408 0.5064
vn 0.8402 -0.0811 0.5362
vn 0.8472 -0.0737 0.5262
vn 0.8736 -0.1117 0.4737
vn 0.8828 -0.0929 0.4604
vn 0.8534 -0.0644 0.5173
vn 0.8587 -0.0535 0.5096
vn 0.8957 -0.0488 0.4420
vn 0.8902 -0.0717 0.4498
vn 0.8630 -0.0413 0.5035
vn 0.8661 -0.0281 0.4990
vn 0.8990 -0.0247 0.4373
vn 0.8680 -0.0142 0.4963
vn 0.9224 0.2500 -0.2944
vn 0.9394 0.1266 -0.3187
vn 0.9693 -0.0000 -0.2460
vn 0.9639 0.1184 -0.2385
vn 0.9806 0.1100 -0.1625
vn 0.9451 0.0000 -0.3268
vn 0.9481 0.2338 -0.2157
vn 0.9658 0.2173 -0.1414
vn 0.9855 0.0000 -0.1697
vn 0.9220 0.3435 -0.1785
vn 0.8566 0.4755 -0.2001
vn 0.8946 0.3673 -0.2545
vn 0.9416 0.3193 -0.1068
vn 0.8865 0.4447 -0.1275
vn 0.9086 0.4134 -0.0595
vn 0.8424 0.5350 -0.0644
vn 0.7542 0.6545 -0.0534
vn 0.8094 0.5721 -0.1326
vn 0.8676 0.4973 -0.0007
vn 0.7907 0.6121 0.0097
vn 0.8196 0.5689 0.0680
vn 0.6922 0.7208 0.0353
vn 0.7328 0.6742 0.0926
vn 0.6251 0.7694 0.1315
vn 0.7657 0.6266 0.1452
vn 0.6700 0.7195 0.1826
vn 0.7073 0.6688 0.2288
vn 0.5544 0.7990 0.2327
vn 0.6039 0.7473 0.2772
vn 0.4820 0.8090 0.3365
vn 0.6459 0.6946 0.3168
vn 0.5362 0.7566 0.3743
vn 0.5829 0.7033 0.4070
vn 0.4684 0.7473 0.4713
vn 0.3389 0.7694 0.5415
vn 0.4095 0.7990 0.4403
vn 0.5200 0.6946 0.4972
vn 0.4023 0.7195 0.5660
vn 0.4585 0.6688 0.5852
vn 0.3395 0.6742 0.6559
vn 0.2098 0.6545 0.7264
vn 0.2717 0.7208 0.6376
vn 0.4002 0.6266 0.6688
vn 0.2816 0.6121 0.7390
vn 0.3463 0.5689 0.7459
vn 0.2299 0.5350 0.8130
vn 0.1073 0.4755 0.8731
vn 0.1545 0.5721 0.8055
vn 0.2983 0.4973 0.8147
vn 0.1858 0.4447 0.8762
vn 0.2572 0.4134 0.8735
vn 0.1502 0.3435 0.9271
vn 0.0416 0.2500 0.9674
vn 0.0693 0.3673 0.9275
vn 0.2243 0.3193 0.9208
vn 0.1243 0.2338 0.9643
vn 0.2000 0.2173 0.9554
vn 0.1083 0.1184 0.9870
vn 0.0189 0.0000 0.9998
vn 0.0246 0.1266 0.9917
vn 0.1853 0.1100 0.9765
vn 0.1031 0.0000 0.9947
vn 0.1803 0.0000 0.9836
vn 0.0246 -0.1266 0.9917
vn 0.1083 -0.1184 0.9870
vn 0.0416 -0.2500 0.9674
vn 0.1853 -0.1100 0.9765
vn 0.1243 -0.2338 0.9643
vn 0.2000 -0.2173 0.9554
vn 0.1502 -0.3435 0.9271
vn 0.1073 -0.4755 0.8731
vn 0.0693 -0.3673 0.9275
vn 0.2243 -0.3193 0.9208
vn 0.1858 -0.4447 0.8762
vn 0.2572 -0.4134 0.8735
vn 0.1545 -0.5721 0.8055
vn 0.2298 -0.5350 0.8130
vn 0.2098 -0.6545 0.7264
vn 0.2983 -0.4973 0.8147
vn 0.2816 -0.6121 0.7390
vn 0.3463 -0.5689 0.7459
vn 0.3395 -0.6742 0.6559
vn 0.3389 -0.7694 0.5415
vn 0.2717 -0.7208 0.6376
vn 0.4002 -0.6266 0.6688
vn 0.4023 -0.7195 0.5660
vn 0.4585 -0.6688 0.5852
vn 0.4684 -0.7473 0.4713
vn 0.4820 -0.8090 0.3365
vn 0.4095 -0.7990 0.4403
vn 0.5200 -0.6946 0.4972
vn 0.5362 -0.7566 0.3743
vn 0.5829 -0.7033 0.4070
vn 0.6039 -0.7473 0.2772
vn 0.6251 -0.7694 0.1315
vn 0.5544 -0.7990 0.2327
vn 0.6459 -0.6946 0.3168
vn 0.6700 -0.7195 0.1826
vn 0.7073 -0.6688 0.2288
vn 0.7328 -0.6742 0.0926
vn 0.7542 -0.6545 -0.0534
vn 0.6922 -0.7208 0.0353
vn 0.7657 -0.6266 0.1452
vn 0.7907 -0.6121 0.0097
vn 0.8196 -0.5689 0.0680
vn 0.8424 -0.5350 -0.0644
vn 0.8566 -0.4755 -0.2001
vn 0.8094 -0.5721 -0.1326
vn 0.8676 -0.4973 -0.0007
vn 0.8865 -0.4447 -0.1275
vn 0.9086 -0.4134 -0.0595
vn 0.9220 -0.3435 -0.1785
vn 0.9224 -0.2500 -0.2944
vn 0.8946 -0.3673 -0.2545
vn 0.9416 -0.3193 -0.1068
vn 0.9481 -0.2338 -0.2157
vn 0.9658 -0.2173 -0.1414
vn 0.9639 -0.1184 -0.2385
vn 0.9394 -0.1266 -0.3187
vn 0.9806 -0.1100 -0.1625
vn 0.9823 0.0663 0.1750
vn 0.9644 0.1161 0.2377
vn 0.9722 0.0587 0.2265
vn 0.9853 -0.0000 0.1709
vn 0.9749 -0.0000 0.2226
vn 0.8499 0.0086 0.5268
vn 0.9734 0.1310 0.1879
vn 0.8488 0.0171 0.5285
vn 0.8503 0.0000 0.5263
vn 0.9589 0.1925 0.2086
vn 0.9338 0.2207 0.2814
vn 0.9515 0.1704 0.2563
vn 0.8469 0.0251 0.5312
vn 0.9389 0.2492 0.2373
vn 0.8443 0.0325 0.5349
vn 0.9142 0.2998 0.2726
vn 0.8863 0.3038 0.3495
vn 0.9119 0.2655 0.3129
vn 0.8411 0.0391 0.5395
vn 0.8853 0.3430 0.3142
vn 0.8373 0.0447 0.5449
vn 0.8528 0.3778 0.3606
vn 0.8264 0.3572 0.4354
vn 0.8575 0.3345 0.3908
vn 0.8330 0.0492 0.5510
vn 0.8176 0.4032 0.4111
vn 0.8285 0.0526 0.5576
vn 0.7599 0.3756 0.5305
vn 0.7936 0.3708 0.4824
vn 0.7805 0.4188 0.4640
vn 0.8236 0.0546 0.5645
vn 0.7426 0.4239 0.5185
vn 0.8187 0.0553 0.5716
vn 0.7046 0.4188 0.5728
vn 0.6935 0.3572 0.6257
vn 0.7263 0.3708 0.5787
vn 0.8137 0.0546 0.5787
vn 0.6676 0.4032 0.6259
vn 0.8089 0.0526 0.5856
vn 0.6624 0.3345 0.6703
vn 0.6324 0.3778 0.6763
vn 0.6336 0.3038 0.7115
vn 0.8043 0.0492 0.5921
vn 0.6000 0.3430 0.7228
vn 0.8001 0.0447 0.5982
vn 0.6080 0.2655 0.7482
vn 0.5709 0.2998 0.7643
vn 0.5860 0.2207 0.7797
vn 0.7963 0.0391 0.6036
vn 0.5463 0.2492 0.7997
vn 0.7931 0.0325 0.6082
vn 0.5263 0.1925 0.8282
vn 0.5555 0.1161 0.8234
vn 0.5685 0.1704 0.8049
vn 0.7905 0.0251 0.6119
vn 0.5118 0.1310 0.8490
vn 0.7886 0.0171 0.6147
vn 0.5028 0.0663 0.8618
vn 0.5449 -0.0000 0.8385
vn 0.5477 0.0587 0.8346
vn 0.7875 0.0086 0.6163
vn 0.5000 -0.0000 0.8661
vn 0.7871 -0.0000 0.6169
vn 0.5028 -0.0663 0.8618
vn 0.5555 -0.1161 0.8234
vn 0.5477 -0.0587 0.8346
vn 0.7875 -0.0086 0.6163
vn 0.5118 -0.1310 0.8490
vn 0.7886 -0.0171 0.6147
vn 0.5263 -0.1925 0.8282
vn 0.5860 -0.2207 0.7797
vn 0.5685 -0.1704 0.8049
vn 0.7905 -0.0251 0.6119
vn 0.5463 -0.2492 0.7997
vn 0.7931 -0.0325 0.6082
vn 0.5709 -0.2998 0.7643
vn 0.6336 -0.3038 0.7115
vn 0.6080 -0.2655 0.7482
vn 0.7963 -0.0391 0.6036
vn 0.6000 -0.3430 0.7228
vn 0.8001 -0.0447 0.5982
vn 0.6935 -0.3572 0.6257
vn 0.6624 -0.3345 0.6703
vn 0.6324 -0.3778 0.6763
vn 0.8043 -0.0492 0.5921
vn 0.6676 -0.4032 0.6259
vn 0.8089 -0.0526 0.5856
vn 0.7263 -0.3708 0.5787
vn 0.7046 -0.4188 0.5728
vn 0.7599 -0.3756 0.5305
vn 0.8137 -0.0546 0.5787
vn 0.7426 -0.4239 0.5185
vn 0.8187 -0.0553 0.5716
vn 0.7936 -0.3708 0.4824
vn 0.7805 -0.4188 0.4640
vn 0.8264 -0.3572 0.4354
vn 0.8236 -0.0546 0.5645
vn 0.8176 -0.4032 0.4111
vn 0.8285 -0.0526 0.5576
vn 0.8528 -0.3778 0.3606
vn 0.8863 -0.3038 0.3495
vn 0.8575 -0.3345 0.3908
vn 0.8330 -0.0492 0.5510
vn 0.8853 -0.3430 0.3142
vn 0.8373 -0.0447 0.5449
vn 0.9142 -0.2998 0.2726
vn 0.9338 -0.2207 0.2814
vn 0.9119 -0.2655 0.3129
vn 0.8411 -0.0391 0.5395
vn 0.9389 -0.2492 0.2373
vn 0.8443 -0.0325 0.5349
vn 0.9589 -0.1925 0.2086
vn 0.9644 -0.1161 0.2377
vn 0.9515 -0.1704 0.2563
vn 0.8469 -0.0251 0.5312
vn 0.9734 -0.1310 0.1879
vn 0.8488 -0.0171 0.5285
vn 0.9823 -0.0663 0.1750
vn 0.9722 -0.0587 0.2265
vn 0.8499 -0.0086 0.5268
vn 0.9966 0.0000 0.0822
vn 0.9931 0.0787 0.0875
vn 0.9825 0.1555 0.1024
vn 0.4151 0.1541 -0.8966
vn 0.4222 0.0000 -0.9065
vn 0.3946 0.3044 -0.8670
vn 0.9652 0.2283 0.1274
vn 0.9416 0.2957 0.1610
vn 0.3606 0.4472 -0.8185
vn 0.3145 0.5789 -0.7523
vn 0.9123 0.3556 0.2032
vn 0.2569 0.6965 -0.6700
vn 0.8779 0.4070 0.2523
vn 0.1897 0.7968 -0.5736
vn 0.8394 0.4481 0.3076
vn 0.7976 0.4785 0.3673
vn 0.1142 0.8776 -0.4656
vn 0.0325 0.9367 -0.3485
vn 0.7537 0.4967 0.4303
vn -0.0535 0.9728 -0.2253
vn 0.7086 0.5031 0.4947
vn -0.1417 0.9850 -0.0989
vn 0.6637 0.4967 0.5593
vn -0.2299 0.9728 0.0274
vn 0.6196 0.4785 0.6222
vn -0.3159 0.9368 0.1506
vn 0.5780 0.4481 0.6820
vn -0.3977 0.8776 0.2677
vn 0.5393 0.4070 0.7372
vn -0.4731 0.7968 0.3758
vn 0.5051 0.3556 0.7864
vn -0.5404 0.6965 0.4721
vn 0.4756 0.2957 0.8285
vn -0.5978 0.5789 0.5545
vn 0.4522 0.2283 0.8622
vn -0.6441 0.4472 0.6206
vn 0.4347 0.1555 0.8870
vn -0.6779 0.3044 0.6692
vn 0.4244 0.0787 0.9021
vn -0.6986 0.1541 0.6987
vn 0.4206 -0.0000 0.9072
vn -0.7055 -0.0000 0.7087
vn 0.4244 -0.0787 0.9021
vn -0.6986 -0.1541 0.6987
vn 0.4347 -0.1555 0.8870
vn -0.6779 -0.3044 0.6692
vn 0.4522 -0.2283 0.8622
vn -0.6441 -0.4472 0.6206
vn 0.4756 -0.2957 0.8285
vn -0.5978 -0.5789 0.5544
vn 0.5051 -0.3556 0.7864
vn -0.5404 -0.6965 0.4721
vn 0.5393 -0.4070 0.7372
vn -0.4731 -0.7968 0.3758
vn 0.5780 -0.4481 0.6820
vn -0.3977 -0.8776 0.2677
vn 0.6196 -0.4785 0.6222
vn -0.3159 -0.9368 0.1506
vn 0.6637 -0.4967 0.5593
vn -0.2299 -0.9728 0.0274
vn 0.7086 -0.5031 0.4947
vn -0.1417 -0.9850 -0.0989
vn 0.7537 -0.4967 0.4303
vn -0.0535 -0.9728 -0.2253
vn 0.7976 -0.4785 0.3673
vn 0.0326 -0.9368 -0.3485
vn 0.8394 -0.4481 0.3076
vn 0.1142 -0.8776 -0.4656
vn 0.8779 -0.4070 0.2523
vn 0.1897 -0.7968 -0.5736
vn 0.9123 -0.3556 0.2032
vn 0.2569 -0.6965 -0.6700
vn 0.9416 -0.2957 0.1610
vn 0.3145 -0.5789 -0.7523
vn 0.9652 -0.2283 0.1274
vn 0.9825 -0.1555 0.1024
vn 0.3606 -0.4472 -0.8185
vn 0.3946 -0.3044 -0.8670
vn 0.9931 -0.0787 0.0875
vn 0.4151 -0.1541 -0.8966
vn -0.5508 0.0000 -0.8347
vn -0.5535 0.0577 -0.8309
vn -0.7243 0.0238 -0.6891
vn -0.5611 0.1141 -0.8198
vn -0.7232 0.0000 -0.6906
vn -0.7275 0.0470 -0.6845
vn -0.5739 0.1675 -0.8016
vn -0.7327 0.0691 -0.6770
vn -0.5911 0.2169 -0.7769
vn -0.7399 0.0895 -0.6668
vn -0.6127 0.2609 -0.7460
vn -0.7487 0.1077 -0.6541
vn -0.6379 0.2986 -0.7099
vn -0.7592 0.1232 -0.6392
vn -0.6662 0.3288 -0.6694
vn -0.7708 0.1357 -0.6225
vn -0.6968 0.3510 -0.6255
vn -0.7834 0.1448 -0.6044
vn -0.7290 0.3644 -0.5794
vn -0.7621 0.3691 -0.5320
vn -0.7967 0.1504 -0.5853
vn -0.8104 0.1523 -0.5658
vn -0.7951 0.3644 -0.4847
vn -0.8240 0.1504 -0.5462
vn -0.8273 0.3510 -0.4385
vn -0.8373 0.1448 -0.5272
vn -0.8580 0.3288 -0.3947
vn -0.8862 0.2986 -0.3541
vn -0.8500 0.1357 -0.5091
vn -0.8616 0.1232 -0.4924
vn -0.9114 0.2609 -0.3181
vn -0.9330 0.2169 -0.2872
vn -0.8720 0.1077 -0.4775
vn -0.8809 0.0895 -0.4648
vn -0.9503 0.1675 -0.2625
vn -0.8880 0.0691 -0.4545
vn -0.9630 0.1141 -0.2442
vn -0.8933 0.0470 -0.4470
vn -0.9707 0.0577 -0.2332
vn -0.8965 0.0238 -0.4425
vn -0.9733 0.0000 -0.2294
vn -0.8975 0.0000 -0.4409
vn -0.9707 -0.0577 -0.2332
vn -0.8965 -0.0238 -0.4425
vn -0.9630 -0.1141 -0.2442
vn -0.8933 -0.0470 -0.4470
vn -0.9503 -0.1675 -0.2625
vn -0.8880 -0.0691 -0.4545
vn -0.9330 -0.2169 -0.2872
vn -0.8809 -0.0895 -0.4648
vn -0.9114 -0.2609 -0.3181
vn -0.8720 -0.1077 -0.4775
vn -0.8862 -0.2986 -0.3542
vn -0.8616 -0.1232 -0.4924
vn -0.8580 -0.3288 -0.3947
vn -0.8500 -0.1357 -0.5091
vn -0.8273 -0.3510 -0.4385
vn -0.8373 -0.1448 -0.5272
vn -0.7951 -0.3644 -0.4847
vn -0.7621 -0.3691 -0.5320
vn -0.8240 -0.1504 -0.5462
vn -0.8104 -0.1523 -0.5658
vn -0.7290 -0.3644 -0.5794
vn -0.7967 -0.1504 -0.5853
vn -0.6968 -0.3510 -0.6255
vn -0.7834 -0.1448 -0.6044
vn -0.6662 -0.3288 -0.6694
vn -0.7708 -0.1357 -0.6225
vn -0.6379 -0.2986 -0.7099
vn -0.7592 -0.1232 -0.6392
vn -0.6127 -0.2609 -0.7460
vn -0.5911 -0.2169 -0.7769
vn -0.7487 -0.1077 -0.6541
vn -0.7399 -0.0895 -0.6668
vn -0.5739 -0.1675 -0.8016
vn -0.7327 -0.0691 -0.6770
vn -0.5611 -0.1141 -0.8198
vn -0.7275 -0.0470 -0.6845
vn -0.5535 -0.0577 -0.8309
vn -0.7243 -0.0238 -0.6891
vn 0.9794 0.1888 -0.0717
vn 0.9840 0.1055 -0.1438
vn 0.9419 0.3131 -0.1215
vn 0.9491 0.1176 -0.2922
vn 0.9871 0.1484 -0.0601
vn 0.9985 -0.0037 -0.0547
vn 0.9828 0.0720 -0.1698
vn 0.9764 -0.0949 -0.1941
vn 0.9189 0.0816 -0.3860
vn 0.9101 0.1864 -0.3701
vn 0.9298 0.3453 -0.1274
vn 0.9324 0.3593 0.0401
vn 0.9512 0.2991 -0.0756
vn 0.8462 0.3844 -0.3690
vn 0.8481 0.5169 0.1163
vn 0.8740 0.4858 0.0137
vn 0.7667 0.6288 0.1294
vn 0.8239 0.5553 -0.1129
vn 0.8700 0.4812 0.1077
vn 0.8819 0.4708 -0.0252
vn 0.7993 0.5612 -0.2147
vn 0.7573 0.6354 -0.1512
vn 0.7438 0.6539 0.1385
vn 0.7567 0.5852 0.2916
vn 0.7842 0.5985 0.1635
vn 0.6311 0.7734 -0.0602
vn 0.5188 0.7043 0.4845
vn 0.6315 0.6476 0.4265
vn 0.6594 0.6772 0.3265
vn 0.5862 0.7709 0.2493
vn 0.6697 0.6180 0.4117
vn 0.6674 0.6881 0.2848
vn 0.5451 0.8239 0.1549
vn 0.5086 0.8198 0.2632
vn 0.5386 0.5875 0.6040
vn 0.5484 0.6693 0.5013
vn 0.4899 0.7123 0.5026
vn 0.3267 0.8666 0.3773
vn 0.4193 0.6120 0.6706
vn 0.2925 0.5110 0.8083
vn 0.4123 0.5308 0.7404
vn 0.3096 0.6980 0.6457
vn 0.4471 0.5366 0.7157
vn 0.4301 0.6365 0.6403
vn 0.2750 0.7573 0.5924
vn 0.1933 0.7227 0.6636
vn 0.3614 0.3654 0.8578
vn 0.3339 0.4844 0.8087
vn 0.2647 0.4989 0.8252
vn 0.0476 0.6295 0.7755
vn 0.2431 0.3150 0.9174
vn 0.1750 0.1222 0.9770
vn 0.2744 0.2113 0.9381
vn 0.0988 0.3650 0.9257
vn 0.3009 0.2410 0.9227
vn 0.2318 0.3543 0.9060
vn 0.0190 0.4292 0.9030
vn -0.0064 0.3338 0.9426
vn 0.2928 0.0037 0.9562
vn 0.2225 0.1145 0.9682
vn 0.1542 0.0950 0.9835
vn -0.0981 0.1516 0.9836
vn 0.2041 -0.1055 0.9732
vn 0.2105 -0.3131 0.9261
vn 0.2702 -0.1888 0.9441
vn 0.0528 -0.1176 0.9917
vn 0.2837 -0.1484 0.9474
vn 0.1793 -0.0720 0.9812
vn -0.0456 -0.0816 0.9956
vn -0.0338 -0.1864 0.9819
vn 0.2569 -0.2991 0.9190
vn 0.2008 -0.3453 0.9168
vn 0.3589 -0.3593 0.8615
vn -0.0548 -0.3844 0.9215
vn 0.3141 -0.4858 0.8157
vn 0.3857 -0.6288 0.6752
vn 0.4014 -0.5169 0.7561
vn 0.4008 -0.4812 0.7796
vn 0.1780 -0.5553 0.8124
vn 0.2803 -0.4708 0.8365
vn 0.0739 -0.5612 0.8244
vn 0.1190 -0.6354 0.7630
vn 0.4238 -0.5985 0.6798
vn 0.3866 -0.6536 0.6507
vn 0.5346 -0.5851 0.6099
vn 0.1606 -0.7736 0.6130
vn 0.6337 -0.7043 0.3200
vn 0.6180 -0.6475 0.4459
vn 0.5310 -0.6804 0.5050
vn 0.4265 -0.7809 0.4564
vn 0.6075 -0.6302 0.4835
vn 0.4961 -0.6897 0.5274
vn 0.3320 -0.8265 0.4547
vn 0.3937 -0.8417 0.3695
vn 0.7526 -0.5874 0.2975
vn 0.6596 -0.6692 0.3421
vn 0.6406 -0.7123 0.2868
vn 0.4658 -0.8672 0.1759
vn 0.7720 -0.6152 0.1598
vn 0.8597 -0.5108 -0.0037
vn 0.8372 -0.5308 0.1320
vn 0.8249 -0.5384 0.1722
vn 0.7035 -0.7082 0.0597
vn 0.7444 -0.6452 0.1717
vn 0.6301 -0.7760 0.0277
vn 0.6854 -0.7265 -0.0483
vn 0.8742 -0.4844 0.0348
vn 0.8659 -0.4989 -0.0359
vn 0.9298 -0.3653 0.0437
vn 0.7442 -0.6297 -0.2229
vn 0.9774 -0.1222 -0.1724
vn 0.9752 -0.2113 -0.0657
vn 0.9450 -0.3150 -0.0880
vn 0.9031 -0.3650 -0.2262
vn 0.9699 -0.2410 -0.0355
vn 0.9303 -0.3543 -0.0946
vn 0.8543 -0.4292 -0.2933
vn 0.8827 -0.3338 -0.3308
vn 0.9856 -0.1145 -0.1248
vn 0.8895 -0.1516 -0.4311
vn 0.9154 0.0498 -0.3994
vn 0.9227 0.1282 -0.3636
vn 0.8987 0.2145 -0.3825
vn 0.8056 0.5408 -0.2420
vn 0.7892 0.5894 -0.1724
vn 0.7360 0.6603 -0.1494
vn 0.5587 0.8212 0.1165
vn 0.5431 0.8138 0.2068
vn 0.4843 0.8334 0.2662
vn 0.2425 0.7342 0.6342
vn 0.2736 0.7756 0.5688
vn 0.1586 0.7153 0.6805
vn 0.0239 0.3820 0.9239
vn 0.0169 0.4602 0.8877
vn -0.0310 0.3132 0.9492
vn -0.0594 -0.0498 0.9970
vn -0.0234 -0.1282 0.9915
vn -0.0493 -0.2145 0.9755
vn 0.0504 -0.5408 0.8396
vn 0.1101 -0.5894 0.8003
vn 0.1134 -0.6603 0.7424
vn 0.3045 -0.8252 0.4757
vn 0.3733 -0.8255 0.4234
vn 0.3950 -0.8538 0.3390
vn 0.6057 -0.7944 0.0442
vn 0.6656 -0.7463 0.0046
vn 0.6880 -0.7213 -0.0806
vn 0.8391 -0.4602 -0.2900
vn 0.8755 -0.3820 -0.2960
vn 0.8804 -0.3132 -0.3562
vn 0.6871 -0.0320 0.7258
vn 0.6913 -0.0632 0.7198
vn 0.6855 -0.0000 0.7280
vn 0.7079 -0.1202 0.6960
vn 0.6985 -0.0927 0.7096
vn 0.7200 -0.1445 0.6788
vn 0.7338 -0.1655 0.6589
vn 0.7496 -0.1820 0.6364
vn 0.7664 -0.1945 0.6122
vn 0.8026 -0.2045 0.5603
vn 0.7844 -0.2018 0.5866
vn 0.8209 -0.2018 0.5342
vn 0.8388 -0.1945 0.5085
vn 0.8557 -0.1820 0.4843
vn 0.8714 -0.1655 0.4618
vn 0.8973 -0.1202 0.4247
vn 0.8853 -0.1445 0.4419
vn 0.9068 -0.0927 0.4111
vn 0.9140 -0.0632 0.4009
vn 0.9182 -0.0320 0.3949
vn 0.9197 -0.0000 0.3926
vn 0.9140 0.0632 0.4009
vn 0.9182 0.0320 0.3949
vn 0.9068 0.0927 0.4111
vn 0.8973 0.1202 0.4247
vn 0.8853 0.1445 0.4419
vn 0.8714 0.1655 0.4618
vn 0.8557 0.1820 0.4843
vn 0.8388 0.1945 0.5085
vn 0.8209 0.2018 0.5342
vn 0.8026 0.2045 0.5603
vn 0.7664 0.1945 0.6122
vn 0.7844 0.2018 0.5866
vn 0.7496 0.1820 0.6364
vn 0.7338 0.1655 0.6589
vn 0.7079 0.1202 0.6960
vn 0.7200 0.1445 0.6788
vn 0.6913 0.0632 0.7198
vn 0.6985 0.0927 0.7096
vn 0.6871 0.0320 0.7258
vn 0.9784 0.2060 -0.0182
vn 0.6565 0.2209 -0.7213
vn 0.9927 0.0744 0.0947
vn 0.9891 0.0252 0.1449
vn 0.9564 0.2718 -0.1067
vn 0.3235 0.0627 -0.9441
vn 0.9549 -0.1074 -0.2767
vn 0.9317 0.2834 0.2271
vn 0.9419 0.1628 0.2938
vn 0.9403 0.1598 0.3004
vn 0.9065 0.3678 -0.2074
vn 0.9140 0.3486 0.2074
vn 0.8462 0.5046 0.1711
vn 0.4764 0.7473 -0.4633
vn 0.7952 0.5938 0.1231
vn 0.1975 0.6146 -0.7637
vn 0.7984 0.4333 0.4180
vn 0.8544 0.3092 0.4176
vn 0.8546 0.3010 0.4231
vn 0.7033 0.7073 0.0713
vn 0.7556 0.4970 0.4267
vn 0.6390 0.6102 0.4683
vn 0.1377 0.9904 -0.0117
vn 0.5506 0.6949 0.4626
vn -0.0919 0.9309 -0.3535
vn 0.7335 0.3383 0.5895
vn 0.7377 0.3274 0.5904
vn 0.6401 0.4178 0.6447
vn 0.4277 0.7744 0.4662
vn -0.1900 0.8517 0.4884
vn 0.5797 0.4491 0.6798
vn 0.4357 0.4830 0.7596
vn 0.3251 0.5237 0.7874
vn -0.4433 0.8878 0.1236
vn 0.6344 0.2284 0.7385
vn 0.5173 0.2426 0.8207
vn 0.6282 0.2348 0.7418
vn 0.1891 0.5420 0.8188
vn 0.4596 0.2282 0.8583
vn 0.3136 0.1714 0.9340
vn -0.4195 0.3898 0.8198
vn 0.2074 0.1533 0.9662
vn -0.6911 0.5131 0.5090
vn 0.5842 0.0423 0.8105
vn 0.4769 -0.0252 0.8786
vn 0.5782 0.0436 0.8147
vn 0.0693 0.1074 0.9918
vn 0.3200 -0.2060 0.9247
vn -0.4509 -0.2209 0.8648
vn 0.4310 -0.0744 0.8993
vn 0.2295 -0.2718 0.9346
vn -0.7748 -0.0627 0.6291
vn 0.5343 -0.2834 0.7964
vn 0.6004 -0.1628 0.7829
vn 0.6060 -0.1598 0.7792
vn 0.1177 -0.3678 0.9224
vn 0.5096 -0.3486 0.7866
vn 0.4522 -0.5046 0.7354
vn -0.2708 -0.7473 0.6069
vn 0.3903 -0.5931 0.7041
vn -0.6488 -0.6146 0.4486
vn 0.6676 -0.4333 0.6055
vn 0.6878 -0.3070 0.6578
vn 0.6917 -0.3010 0.6565
vn 0.3168 -0.7025 0.6373
vn 0.0520 -0.9881 0.1445
vn 0.6656 -0.4897 0.5633
vn 0.6596 -0.6105 0.4383
vn 0.6286 -0.6879 0.3629
vn -0.3612 -0.9318 0.0366
vn 0.8085 -0.3271 0.4891
vn 0.8259 -0.4177 0.3788
vn 0.8070 -0.3340 0.4870
vn 0.5905 -0.7689 0.2453
vn 0.8392 -0.4437 0.3146
vn 0.8631 -0.4832 0.1469
vn 0.3942 -0.8516 -0.3456
vn 0.8533 -0.5199 0.0411
vn -0.0218 -0.8930 -0.4495
vn 0.9119 -0.2283 0.3412
vn 0.9487 -0.2426 0.2028
vn 0.9126 -0.2333 0.3358
vn 0.8342 -0.5416 -0.1038
vn 0.9641 -0.2282 0.1356
vn 0.9848 -0.1714 -0.0275
vn 0.6251 -0.3897 -0.6763
vn 0.9785 -0.1533 -0.1382
vn 0.2398 -0.5131 -0.8241
vn 0.9622 -0.0423 0.2691
vn 0.9641 -0.0436 0.2621
vn 0.9853 0.0690 0.1564
vn 0.9884 0.0000 0.1522
vn 0.8738 0.0161 0.4860
vn 0.9760 0.1363 0.1699
vn 0.8745 -0.0000 0.4850
vn 0.8716 0.0318 0.4891
vn 0.8681 0.0468 0.4941
vn 0.9609 0.2003 0.1914
vn 0.9401 0.2592 0.2212
vn 0.8633 0.0605 0.5011
vn 0.9144 0.3120 0.2579
vn 0.8573 0.0728 0.5097
vn 0.8843 0.3568 0.3012
vn 0.8502 0.0833 0.5198
vn 0.8423 0.0918 0.5311
vn 0.8505 0.3931 0.3495
vn 0.8139 0.4194 0.4020
vn 0.8338 0.0979 0.5433
vn 0.7753 0.4358 0.4571
vn 0.8248 0.1017 0.5562
vn 0.7359 0.4410 0.5138
vn 0.8156 0.1030 0.5694
vn 0.6963 0.4358 0.5703
vn 0.8064 0.1017 0.5826
vn 0.6579 0.4194 0.6255
vn 0.7974 0.0979 0.5955
vn 0.6212 0.3931 0.6780
vn 0.7888 0.0918 0.6077
vn 0.5875 0.3568 0.7263
vn 0.7809 0.0833 0.6190
vn 0.5572 0.3120 0.7695
vn 0.7739 0.0728 0.6291
vn 0.5316 0.2592 0.8063
vn 0.7679 0.0605 0.6377
vn 0.5108 0.2003 0.8360
vn 0.7630 0.0468 0.6447
vn 0.4958 0.1363 0.8577
vn 0.7595 0.0318 0.6497
vn 0.7573 0.0161 0.6528
vn 0.4864 0.0690 0.8710
vn 0.4834 0.0000 0.8754
vn 0.7566 -0.0000 0.6538
vn 0.7573 -0.0161 0.6528
vn 0.4864 -0.0690 0.8710
vn 0.4958 -0.1363 0.8577
vn 0.7595 -0.0318 0.6497
vn 0.5108 -0.2003 0.8360
vn 0.7630 -0.0468 0.6447
vn 0.5316 -0.2592 0.8063
vn 0.7679 -0.0605 0.6377
vn 0.7739 -0.0728 0.6291
vn 0.5572 -0.3120 0.7695
vn 0.5875 -0.3568 0.7263
vn 0.7809 -0.0833 0.6190
vn 0.6212 -0.3931 0.6780
vn 0.7888 -0.0918 0.6077
vn 0.6579 -0.4194 0.6255
vn 0.7974 -0.0979 0.5955
vn 0.6963 -0.4358 0.5703
vn 0.8064 -0.1017 0.5826
vn 0.7359 -0.4410 0.5138
vn 0.8156 -0.1030 0.5694
vn 0.7753 -0.4358 0.4571
vn 0.8248 -0.1017 0.5562
vn 0.8139 -0.4194 0.4020
vn 0.8338 -0.0979 0.5433
vn 0.8423 -0.0918 0.5311
vn 0.8505 -0.3931 0.3495
vn 0.8843 -0.3568 0.3012
vn 0.8502 -0.0833 0.5198
vn 0.8573 -0.0728 0.5097
vn 0.9144 -0.3120 0.2579
vn 0.9401 -0.2592 0.2212
vn 0.8633 -0.0605 0.5011
vn 0.9609 -0.2003 0.1914
vn 0.8681 -0.0468 0.4941
vn 0.9760 -0.1363 0.1699
vn 0.8716 -0.0318 0.4891
vn 0.8738 -0.0161 0.4860
vn 0.9853 -0.0690 0.1564
vn 0.8232 0.0019 0.5677
vn 0.8233 0.0009 0.5675
vn 0.8234 -0.0000 0.5675
vn 0.8227 0.0036 0.5684
vn 0.8230 0.0027 0.5680
vn 0.8220 0.0049 0.5695
vn 0.8224 0.0043 0.5689
vn 0.8215 0.0054 0.5702
vn 0.8210 0.0058 0.5709
vn 0.8199 0.0061 0.5724
vn 0.8205 0.0060 0.5717
vn 0.8194 0.0060 0.5732
vn 0.8189 0.0058 0.5740
vn 0.8184 0.0054 0.5747
vn 0.8179 0.0049 0.5754
vn 0.8171 0.0036 0.5765
vn 0.8175 0.0043 0.5759
vn 0.8166 0.0019 0.5772
vn 0.8168 0.0027 0.5769
vn 0.8165 -0.0000 0.5774
vn 0.8165 0.0009 0.5773
vn 0.8167 -0.0020 0.5771
vn 0.8165 -0.0009 0.5773
vn 0.8171 -0.0036 0.5764
vn 0.8168 -0.0027 0.5769
vn 0.8178 -0.0048 0.5754
vn 0.8175 -0.0043 0.5760
vn 0.8189 -0.0058 0.5740
vn 0.8184 -0.0054 0.5747
vn 0.8199 -0.0061 0.5724
vn 0.8195 -0.0060 0.5731
vn 0.8204 -0.0060 0.5718
vn 0.8210 -0.0058 0.5709
vn 0.8215 -0.0054 0.5702
vn 0.8220 -0.0048 0.5694
vn 0.8224 -0.0043 0.5689
vn 0.8227 -0.0035 0.5684
vn 0.8232 -0.0020 0.5678
vn 0.8230 -0.0028 0.5680
vn 0.8233 -0.0009 0.5675
vn 0.9935 0.0976 -0.0578
vn 0.9980 0.0000 -0.0640
vn 0.9805 0.1927 -0.0389
vn 0.9590 0.2832 -0.0083
vn 0.9298 0.3666 0.0337
vn 0.8934 0.4411 0.0857
vn 0.8508 0.5046 0.1468
vn 0.8030 0.5558 0.2152
vn 0.7512 0.5932 0.2894
vn 0.6967 0.6161 0.3674
vn 0.6409 0.6237 0.4474
vn 0.5850 0.6161 0.5274
vn 0.5306 0.5932 0.6055
vn 0.4787 0.5558 0.6796
vn 0.4310 0.5046 0.7481
vn 0.3883 0.4411 0.8091
vn 0.3520 0.3666 0.8612
vn 0.3227 0.2832 0.9031
vn 0.3013 0.1927 0.9338
vn 0.2882 0.0976 0.9526
vn 0.2838 -0.0000 0.9589
vn 0.2882 -0.0976 0.9526
vn 0.3013 -0.1927 0.9338
vn 0.3227 -0.2832 0.9031
vn 0.3520 -0.3666 0.8612
vn 0.3884 -0.4411 0.8091
vn 0.4310 -0.5046 0.7481
vn 0.4787 -0.5558 0.6796
vn 0.5306 -0.5932 0.6055
vn 0.5850 -0.6161 0.5274
vn 0.6409 -0.6237 0.4474
vn 0.6967 -0.6161 0.3674
vn 0.7512 -0.5932 0.2894
vn 0.8030 -0.5558 0.2152
vn 0.8508 -0.5046 0.1468
vn 0.8934 -0.4411 0.0857
vn 0.9298 -0.3666 0.0337
vn 0.9590 -0.2832 -0.0083
vn 0.9805 -0.1927 -0.0389
vn 0.9935 -0.0976 -0.0578
vn 0.6539 0.7430 0.1429
vn 0.9426 0.3297 -0.0536
vn 0.1925 0.8528 0.4855
vn 0.5867 0.8016 -0.1152
vn 0.9233 0.2726 0.2707
vn -0.0882 0.9724 0.2161
vn 0.7169 -0.6306 -0.2973
vn 0.2673 -0.7937 0.5465
vn 0.8703 -0.4903 0.0466
vn 0.9780 -0.1218 -0.1695
vn 0.0886 -0.9951 -0.0434
vn 0.9593 -0.1955 0.2038
vn 0.7679 0.6097 0.1966
vn -0.0629 0.5207 0.8514
vn 0.3757 0.7522 0.5412
vn 0.2700 0.9014 0.3385
vn 0.7981 0.4010 0.4496
vn -0.3905 0.6528 0.6491
vn 0.9850 -0.1262 -0.1176
vn 0.8576 -0.1256 -0.4988
vn 0.5666 -0.8156 0.1178
vn 0.9426 0.3122 -0.1187
vn 0.4140 -0.7544 -0.5094
vn 0.9833 0.0664 0.1694
vn -0.1511 -0.0023 0.9885
vn 0.1411 0.5026 0.8529
vn 0.5083 0.6878 0.5182
vn -0.0024 0.6663 0.7457
vn 0.6442 0.3953 0.6548
vn -0.5201 0.0890 0.8495
vn 0.8153 -0.5262 -0.2417
vn 0.9567 0.2807 -0.0774
vn 0.8027 0.4170 -0.4263
vn 0.7685 0.6264 0.1305
vn 0.5916 -0.2328 -0.7719
vn 0.9143 0.3046 0.2669
vn 0.3258 0.4525 0.8301
vn -0.0567 -0.5400 0.8398
vn 0.0550 0.0104 0.9984
vn -0.1781 0.1523 0.9721
vn 0.5441 0.2086 0.8127
vn -0.4487 -0.5227 0.7249
vn 0.7674 0.6212 0.1588
vn 0.5666 0.8209 -0.0710
vn 0.9252 -0.0335 -0.3780
vn 0.4879 0.7321 0.4753
vn 0.5708 0.3936 -0.7206
vn 0.7696 0.4449 0.4581
vn 0.1376 -0.4500 0.8824
vn 0.2274 0.0762 0.9708
vn 0.2037 -0.8591 0.4695
vn -0.1286 -0.3955 0.9094
vn 0.5141 -0.0404 0.8568
vn -0.1796 -0.9205 0.3470
vn 0.2516 0.8947 0.3691
vn 0.8400 0.4685 -0.2737
vn 0.5589 0.6669 0.4927
vn 0.2953 0.5093 0.8084
vn 0.3341 0.8558 -0.3950
vn 0.6291 0.3829 0.6765
vn 0.2745 -0.3297 0.9033
vn 0.5221 -0.8528 0.0134
vn 0.3595 -0.7430 0.5646
vn 0.0941 -0.8016 0.5905
vn 0.5723 -0.2726 0.7734
vn 0.1725 -0.9724 -0.1573
vn 0.3437 0.4903 0.8010
vn -0.0321 0.6306 0.7755
vn 0.6051 0.7937 0.0625
vn 0.1779 0.1218 0.9765
vn -0.0102 0.9951 0.0981
vn 0.5219 0.1955 0.8303
vn 0.4493 -0.6097 0.6530
vn 0.7776 -0.5207 -0.3525
vn 0.6376 -0.7522 0.1662
vn 0.4108 -0.9014 0.1368
vn 0.6975 -0.4007 0.5940
vn 0.4748 -0.6528 -0.5902
vn 0.2290 0.1262 0.9652
vn -0.1727 0.1256 0.9769
vn 0.3058 0.8156 0.4913
vn 0.2134 -0.3122 0.9258
vn -0.3356 0.7544 0.5642
vn 0.4979 -0.0664 0.8647
vn 0.8657 -0.4741 -0.1605
vn 0.6848 -0.6568 0.3156
vn 0.8725 0.0103 -0.4885
vn 0.7007 -0.6569 -0.2784
vn 0.8420 -0.3758 0.3871
vn 0.6118 -0.0839 -0.7865
vn -0.1166 -0.4273 0.8966
vn 0.0563 0.5259 0.8487
vn 0.2587 -0.2860 0.9226
vn 0.3880 -0.6270 0.6755
vn -0.5178 0.2255 0.8252
vn 0.5665 -0.3029 0.7663
vn 0.9567 -0.0149 -0.2908
vn 0.8913 -0.4531 0.0199
vn 0.7706 0.5373 -0.3426
vn 0.8529 -0.1615 -0.4964
vn 0.9504 -0.2073 0.2318
vn 0.5313 0.5170 -0.6712
vn 0.4215 -0.5890 0.6895
vn 0.1148 -0.8170 0.5651
vn -0.0481 0.0354 0.9982
vn 0.6353 -0.7022 0.3214
vn -0.4873 -0.3895 0.7815
vn 0.7017 -0.4238 0.5727
vn 0.8757 0.4500 -0.1749
vn 0.9897 -0.0762 -0.1211
vn 0.5109 0.8591 0.0295
vn 0.8094 0.3955 -0.4341
vn 0.9815 0.0404 0.1873
vn 0.2639 0.9205 -0.2882
vn 0.4332 -0.8947 0.1090
vn 0.0325 -0.4686 0.8828
vn 0.6551 -0.6670 0.3549
vn 0.8606 -0.5093 -0.0013
vn -0.2557 -0.8558 0.4497
vn 0.8517 -0.3828 0.3579
vn 0.9306 -0.0749 -0.3583
vn 0.7228 -0.1780 -0.6677
vn 0.7572 -0.1563 -0.6342
vn 0.4537 -0.2601 -0.8524
vn 0.8942 0.3267 -0.3062
vn 0.7490 0.4235 -0.5096
vn 0.6562 0.4875 -0.5760
vn 0.3812 0.5664 -0.7307
vn -0.3708 0.2177 -0.9028
vn 0.1892 0.3927 -0.9000
vn 0.6776 0.4210 -0.6030
vn 0.4364 0.3530 -0.8276
vn 0.7056 0.4340 -0.5602
vn 0.8655 0.4252 -0.2650
vn 0.5140 0.8402 -0.1729
vn 0.3998 0.8926 -0.2082
vn 0.7009 0.7127 -0.0292
vn 0.1019 0.9386 -0.3297
vn -0.4976 0.4906 -0.7153
vn -0.0325 0.8162 -0.5768
vn 0.4401 0.8591 -0.2614
vn 0.2173 0.8316 -0.5111
vn 0.6443 0.7630 0.0508
vn 0.4651 0.8583 -0.2170
vn 0.0785 0.9505 0.3005
vn 0.4360 0.8085 0.3952
vn 0.2289 0.9147 0.3332
vn -0.2073 0.9555 0.2101
vn -0.6914 0.5815 -0.4288
vn -0.3523 0.9294 -0.1099
vn 0.1243 0.9627 0.2403
vn -0.0738 0.9973 0.0045
vn 0.1803 0.9387 0.2937
vn 0.3757 0.7918 0.4815
vn -0.1168 0.6733 0.7301
vn -0.2440 0.6558 0.7145
vn 0.1440 0.6246 0.7675
vn -0.5385 0.6026 0.5890
vn -0.8844 0.4379 -0.1614
vn -0.6568 0.6841 0.3171
vn -0.2126 0.7089 0.6725
vn -0.4512 0.7737 0.4447
vn -0.1775 0.6868 0.7048
vn 0.1000 0.5464 0.8315
vn -0.0058 0.1841 0.9829
vn -0.2702 0.1550 0.9503
vn -0.3859 0.1040 0.9166
vn -0.6558 0.0222 0.7546
vn -0.9908 0.1342 -0.0147
vn -0.8193 0.1797 0.5445
vn -0.3778 0.1780 0.9086
vn -0.6438 0.2601 0.7196
vn -0.3344 0.1563 0.9294
vn -0.0157 0.0749 0.9971
vn -0.3146 -0.4875 0.8145
vn 0.0207 -0.3267 0.9449
vn -0.2203 -0.4235 0.8787
vn -0.5546 -0.5664 0.6096
vn -0.7797 -0.3927 0.4877
vn -0.9753 -0.2177 -0.0370
vn -0.3326 -0.4210 0.8439
vn -0.6266 -0.3530 0.6948
vn -0.2827 -0.4340 0.8554
vn 0.0495 -0.4252 0.9038
vn 0.0148 -0.8402 0.5420
vn -0.0579 -0.8928 0.4468
vn 0.2141 -0.7127 0.6680
vn -0.2747 -0.9386 0.2087
vn -0.8443 -0.4865 -0.2246
vn -0.5550 -0.8151 0.1659
vn -0.0944 -0.8592 0.5028
vn -0.4063 -0.8313 0.3793
vn -0.0423 -0.8585 0.5111
vn 0.2705 -0.7629 0.5872
vn 0.3452 -0.9360 0.0688
vn 0.2862 -0.9571 -0.0461
vn 0.5004 -0.8265 0.2579
vn 0.0771 -0.9524 -0.2951
vn -0.6479 -0.5695 -0.5059
vn -0.2311 -0.9262 -0.2979
vn 0.2457 -0.9692 0.0157
vn -0.0671 -0.9921 -0.1064
vn 0.5629 -0.8092 0.1684
vn 0.2950 -0.9551 0.0279
vn 0.7703 -0.6246 -0.1287
vn 0.6447 -0.6743 -0.3602
vn 0.5862 -0.6558 -0.4757
vn 0.3662 -0.6023 -0.7093
vn -0.4611 -0.4349 -0.7735
vn 0.0682 -0.6835 -0.7268
vn 0.5578 -0.7090 -0.4314
vn 0.2613 -0.7739 -0.5769
vn 0.8150 -0.5464 -0.1928
vn 0.6004 -0.6869 -0.4095
vn 0.7989 -0.1550 -0.5811
vn 0.7275 -0.1040 -0.6782
vn 0.9207 -0.1841 -0.3441
vn 0.4824 -0.0222 -0.8757
vn -0.3553 -0.1342 -0.9251
vn 0.2288 -0.1797 -0.9567
vn 0.5766 -0.6151 -0.5378
vn 0.0379 -0.8986 -0.4372
vn -0.3221 0.8864 -0.3325
vn 0.4678 0.7415 -0.4810
vn 0.2987 -0.5035 -0.8107
vn 0.6993 -0.0444 -0.7135
vn 0.1460 0.9891 -0.0201
vn -0.6300 0.7690 0.1083
vn 0.3742 0.0796 -0.9239
vn 0.6059 0.5384 -0.5857
vn -0.1649 0.8493 0.5015
vn -0.8332 0.3635 0.4167
vn 0.3745 0.9110 -0.1729
vn 0.2718 0.6371 -0.7213
vn -0.4369 0.3963 0.8075
vn -0.8708 -0.1930 0.4521
vn -0.0534 0.9504 -0.3063
vn -0.0149 0.9508 0.3094
vn -0.7118 -0.6652 0.2256
vn -0.4674 -0.2106 0.8586
vn -0.3973 0.8986 0.1862
vn -0.3062 0.6151 0.7266
vn -0.4232 -0.8864 -0.1878
vn -0.2903 -0.7415 0.6049
vn -0.4288 0.0444 0.9023
vn -0.6581 0.5035 0.5598
vn -0.1153 -0.7690 -0.6288
vn 0.0316 -0.9891 0.1439
vn -0.7362 -0.0839 0.6716
vn -0.3360 -0.5432 0.7694
vn 0.0943 -0.3579 -0.9290
vn 0.3753 -0.8589 -0.3485
vn -0.0633 -0.9234 0.3787
vn -0.6017 -0.6392 0.4789
vn 0.1255 0.1900 -0.9737
vn 0.6096 -0.4007 -0.6840
vn -0.3060 -0.9504 0.0554
vn 0.2853 -0.9508 -0.1206
vn 0.6449 0.2106 -0.7347
vn -0.0335 0.6652 -0.7459
vn 0.2444 0.3840 -0.8904
vn 0.8804 0.0988 0.4638
vn 0.8855 -0.0655 0.4600
vn 0.2880 -0.0964 -0.9528
vn 0.6033 -0.1238 0.7878
vn 0.8934 0.0232 0.4487
vn 0.3748 -0.2109 0.9028
vn 0.8339 0.1540 0.5299
vn 0.0198 0.8220 -0.5692
vn 0.2170 0.4781 -0.8511
vn 0.8714 0.1133 0.4773
vn 0.5085 -0.4744 0.7186
vn 0.6812 -0.2718 0.6798
vn 0.7732 0.1684 0.6114
vn -0.3183 0.9419 -0.1073
vn -0.0286 0.8721 -0.4884
vn 0.7919 -0.3148 0.5233
vn 0.8198 0.1643 0.5486
vn 0.7029 -0.5558 0.4438
vn 0.7293 0.0936 0.6778
vn -0.6123 0.7106 0.3466
vn -0.3806 0.9246 -0.0192
vn 0.8953 -0.2441 0.3728
vn 0.7725 0.1299 0.6216
vn 0.8842 -0.4313 0.1794
vn 0.7190 -0.0072 0.6949
vn -0.7857 0.2007 0.5851
vn -0.6595 0.6340 0.4039
vn 0.9563 -0.0765 0.2823
vn 0.7370 0.0655 0.6727
vn 0.9901 -0.1384 0.0214
vn 0.7388 -0.0988 0.6667
vn -0.7516 -0.3840 0.5363
vn -0.7952 0.0964 0.5987
vn 0.9767 0.2109 0.0407
vn 0.9475 0.1238 0.2949
vn 0.7291 -0.0232 0.6840
vn -0.5273 -0.8220 0.2150
vn 0.7855 -0.1527 0.5997
vn -0.7242 -0.4781 0.4970
vn 0.7526 -0.1031 0.6503
vn 0.8482 0.4796 0.2247
vn 0.8729 0.2769 0.4016
vn -0.1984 -0.9461 -0.2561
vn 0.8415 -0.1482 0.5195
vn -0.4734 -0.8700 0.1378
vn 0.7612 0.3241 0.5618
vn 0.7985 -0.1436 0.5846
vn 0.6539 0.5652 0.5030
vn 0.1094 -0.7087 -0.6969
vn 0.8853 -0.0871 0.4568
vn -0.1387 -0.9295 -0.3416
vn 0.8493 -0.1293 0.5119
vn 0.4679 0.4348 0.7694
vn 0.6548 0.2476 0.7141
vn 0.2785 -0.2007 -0.9392
vn 0.9001 0.0072 0.4355
vn 0.1521 -0.6341 -0.7582
vn 0.3613 0.1384 0.9221
vn 0.5945 0.0765 0.8004
vn 0.8460 0.0153 0.5330
vn 0.8470 0.0078 0.5315
vn 0.8474 -0.0000 0.5310
vn 0.8419 0.0292 0.5388
vn 0.8443 0.0225 0.5355
vn 0.8356 0.0402 0.5478
vn 0.8390 0.0351 0.5430
vn 0.8277 0.0472 0.5592
vn 0.8318 0.0442 0.5533
vn 0.8189 0.0497 0.5717
vn 0.8234 0.0490 0.5654
vn 0.8145 0.0490 0.5781
vn 0.8101 0.0472 0.5843
vn 0.8060 0.0442 0.5902
vn 0.8022 0.0402 0.5957
vn 0.7959 0.0292 0.6047
vn 0.7988 0.0351 0.6005
vn 0.7919 0.0153 0.6105
vn 0.7936 0.0225 0.6080
vn 0.7905 -0.0000 0.6125
vn 0.7909 0.0078 0.6120
vn 0.7909 -0.0078 0.6120
vn 0.7919 -0.0153 0.6105
vn 0.7959 -0.0292 0.6047
vn 0.7936 -0.0225 0.6080
vn 0.8022 -0.0402 0.5957
vn 0.7988 -0.0351 0.6005
vn 0.8060 -0.0442 0.5902
vn 0.8101 -0.0472 0.5843
vn 0.8189 -0.0497 0.5717
vn 0.8145 -0.0490 0.5781
vn 0.8277 -0.0472 0.5592
vn 0.8234 -0.0490 0.5654
vn 0.8356 -0.0402 0.5478
vn 0.8318 -0.0442 0.5533
vn 0.8419 -0.0292 0.5388
vn 0.8390 -0.0351 0.5430
vn 0.8443 -0.0225 0.5355
vn 0.8460 -0.0153 0.5330
vn 0.8470 -0.0078 0.5315
vn 0.1363 -0.0000 0.9907
vn 0.1413 -0.1149 0.9833
vn 0.1569 -0.2269 0.9612
vn 0.1820 -0.3334 0.9251
vn 0.2166 -0.4316 0.8757
vn 0.2593 -0.5193 0.8143
vn 0.3096 -0.5940 0.7425
vn 0.3657 -0.6543 0.6619
vn 0.4268 -0.6983 0.5747
vn 0.4908 -0.7253 0.4827
vn 0.5566 -0.7343 0.3886
vn 0.6223 -0.7253 0.2944
vn 0.6865 -0.6983 0.2026
vn 0.7474 -0.6543 0.1152
vn 0.8037 -0.5940 0.0347
vn 0.8538 -0.5193 -0.0372
vn 0.8967 -0.4316 -0.0984
vn 0.9311 -0.3334 -0.1480
vn 0.9564 -0.2269 -0.1840
vn 0.9717 -0.1149 -0.2062
vn 0.9770 -0.0000 -0.2134
vn 0.9717 0.1149 -0.2062
vn 0.9564 0.2269 -0.1840
vn 0.9311 0.3334 -0.1480
vn 0.8967 0.4316 -0.0984
vn 0.8538 0.5193 -0.0372
vn 0.8037 0.5940 0.0348
vn 0.7474 0.6543 0.1152
vn 0.6865 0.6983 0.2026
vn 0.6223 0.7253 0.2944
vn 0.5566 0.7343 0.3886
vn 0.4908 0.7253 0.4827
vn 0.4268 0.6983 0.5747
vn 0.3657 0.6543 0.6619
vn 0.3096 0.5940 0.7425
vn 0.2593 0.5193 0.8143
vn 0.2166 0.4316 0.8757
vn 0.1820 0.3334 0.9251
vn 0.1569 0.2269 0.9612
vn 0.1413 0.1149 0.9833
vn 0.0729 -0.0000 0.9973
vn 0.0784 -0.1214 0.9895
vn 0.0946 -0.2398 0.9662
vn 0.1214 -0.3523 0.9280
vn 0.1577 -0.4562 0.8758
vn 0.2031 -0.5487 0.8110
vn 0.2560 -0.6278 0.7350
vn 0.3155 -0.6914 0.6499
vn 0.3798 -0.7381 0.5577
vn 0.4477 -0.7664 0.4606
vn 0.5171 -0.7761 0.3610
vn 0.5867 -0.7664 0.2615
vn 0.6544 -0.7381 0.1644
vn 0.7188 -0.6914 0.0722
vn 0.7782 -0.6278 -0.0130
vn 0.8313 -0.5487 -0.0888
vn 0.8765 -0.4561 -0.1538
vn 0.9130 -0.3523 -0.2059
vn 0.9396 -0.2398 -0.2441
vn 0.9559 -0.1214 -0.2674
vn 0.9614 0.0000 -0.2753
vn 0.9559 0.1214 -0.2674
vn 0.9396 0.2398 -0.2441
vn 0.9130 0.3523 -0.2059
vn 0.8765 0.4562 -0.1538
vn 0.8313 0.5487 -0.0888
vn 0.7782 0.6278 -0.0130
vn 0.7188 0.6914 0.0722
vn 0.6544 0.7381 0.1644
vn 0.5867 0.7664 0.2615
vn 0.5171 0.7760 0.3610
vn 0.4477 0.7664 0.4606
vn 0.3798 0.7381 0.5577
vn 0.3155 0.6914 0.6499
vn 0.2560 0.6278 0.7350
vn 0.2031 0.5487 0.8110
vn 0.1577 0.4561 0.8758
vn 0.1214 0.3523 0.9280
vn 0.0946 0.2398 0.9662
vn 0.0784 0.1214 0.9895
# 2084 vertex normals

vt 0.3234 0.8364 0.2500
vt 0.4874 0.5187 0.2500
vt 0.4874 0.9387 0.2500
vt 0.4309 0.8708 0.2500
vt 0.6512 0.8364 0.2500
vt 0.5438 0.8708 0.2500
vt 0.3560 0.9181 0.2500
vt 0.2321 0.7708 0.2500
vt 0.1657 0.6806 0.2500
vt 0.2374 0.8585 0.2500
vt 0.1433 0.7655 0.2500
vt 0.0829 0.6485 0.2500
vt 0.1308 0.5744 0.2500
vt 0.1308 0.4630 0.2500
vt 0.0621 0.5187 0.2500
vt 0.2321 0.2666 0.2500
vt 0.0829 0.3889 0.2500
vt 0.1657 0.3568 0.2500
vt 0.1433 0.2719 0.2500
vt 0.2374 0.1789 0.2500
vt 0.3234 0.2010 0.2500
vt 0.4309 0.1666 0.2500
vt 0.3560 0.1193 0.2500
vt 0.5438 0.1666 0.2500
vt 0.6513 0.2010 0.2500
vt 0.4874 0.0987 0.2500
vt 0.6187 0.1193 0.2500
vt 0.7426 0.2666 0.2500
vt 0.8090 0.3568 0.2500
vt 0.7373 0.1789 0.2500
vt 0.8314 0.2719 0.2500
vt 0.8439 0.4630 0.2500
vt 0.8439 0.5744 0.2500
vt 0.8918 0.3889 0.2500
vt 0.9126 0.5187 0.2500
vt 0.8090 0.6806 0.2500
vt 0.7426 0.7708 0.2500
vt 0.8918 0.6485 0.2500
vt 0.8314 0.7655 0.2500
vt 0.7373 0.8585 0.2500
vt 0.6187 0.9181 0.2500
vt 0.4120 0.9883 0.2500
vt 0.3386 0.9708 0.2500
vt 0.4874 0.9941 0.2500
vt 0.2688 0.9422 0.2500
vt 0.2044 0.9034 0.2500
vt 0.1470 0.8548 0.2500
vt 0.0979 0.7981 0.2500
vt 0.0585 0.7345 0.2500
vt 0.0295 0.6656 0.2500
vt 0.0119 0.5931 0.2500
vt 0.0059 0.5187 0.2500
vt 0.0119 0.4443 0.2500
vt 0.0295 0.3718 0.2500
vt 0.0585 0.3029 0.2500
vt 0.0979 0.2393 0.2500
vt 0.1470 0.1826 0.2500
vt 0.2044 0.1340 0.2500
vt 0.2688 0.0952 0.2500
vt 0.3386 0.0666 0.2500
vt 0.4120 0.0491 0.2500
vt 0.4874 0.0433 0.2500
vt 0.5627 0.0491 0.2500
vt 0.6361 0.0666 0.2500
vt 0.7059 0.0952 0.2500
vt 0.7703 0.1340 0.2500
vt 0.8277 0.1826 0.2500
vt 0.8769 0.2393 0.2500
vt 0.9452 0.3718 0.2500
vt 0.9162 0.3029 0.2500
vt 0.9628 0.4443 0.2500
vt 0.9688 0.5187 0.2500
vt 0.9628 0.5931 0.2500
vt 0.9452 0.6656 0.2500
vt 0.9162 0.7345 0.2500
vt 0.8769 0.7981 0.2500
vt 0.7703 0.9034 0.2500
vt 0.8277 0.8548 0.2500
vt 0.7059 0.9422 0.2500
vt 0.6361 0.9708 0.2500
vt 0.5627 0.9883 0.2500
vt 0.4685 0.9970 0.2500
vt 0.3556 0.9794 0.2500
vt 0.1065 0.8149 0.2500
vt 0.1874 0.8948 0.2500
vt 0.0030 0.5373 0.2500
vt 0.0209 0.6488 0.2500
vt 0.0325 0.3532 0.2500
vt 0.0844 0.2525 0.2500
vt 0.3198 0.0694 0.2500
vt 0.2178 0.1208 0.2500
vt 0.5062 0.0404 0.2500
vt 0.6191 0.0580 0.2500
vt 0.8682 0.2225 0.2500
vt 0.7873 0.1426 0.2500
vt 0.9717 0.5001 0.2500
vt 0.9539 0.3886 0.2500
vt 0.8903 0.7849 0.2500
vt 0.9423 0.6842 0.2500
vt 0.6549 0.9679 0.2500
vt 0.7569 0.9166 0.2500
vt 0.3758 0.8578 0.2500
vt 0.4874 0.8752 0.2500
vt 0.2752 0.8072 0.2500
vt 0.1952 0.7283 0.2500
vt 0.1440 0.6289 0.2500
vt 0.1263 0.5187 0.2500
vt 0.1440 0.4085 0.2500
vt 0.1952 0.3091 0.2500
vt 0.2752 0.2302 0.2500
vt 0.3758 0.1796 0.2500
vt 0.4874 0.1621 0.2500
vt 0.5990 0.1796 0.2500
vt 0.6996 0.2302 0.2500
vt 0.7795 0.3091 0.2500
vt 0.8307 0.4085 0.2500
vt 0.8484 0.5187 0.2500
vt 0.8307 0.6289 0.2500
vt 0.7795 0.7283 0.2500
vt 0.6996 0.8072 0.2500
vt 0.5990 0.8578 0.2500
vt 0.3245 0.9686 0.2500
vt 0.5015 0.9963 0.2500
vt 0.2145 0.9133 0.2500
vt 0.0878 0.7881 0.2500
vt 0.0318 0.6795 0.2500
vt 0.0037 0.5047 0.2500
vt 0.0230 0.3843 0.2500
vt 0.1044 0.2266 0.2500
vt 0.1916 0.1405 0.2500
vt 0.3513 0.0601 0.2500
vt 0.4732 0.0411 0.2500
vt 0.6502 0.0688 0.2500
vt 0.7602 0.1241 0.2500
vt 0.8869 0.2493 0.2500
vt 0.9429 0.3578 0.2500
vt 0.9710 0.5327 0.2500
vt 0.9517 0.6531 0.2500
vt 0.8703 0.8108 0.2500
vt 0.7831 0.8969 0.2500
vt 0.6233 0.9773 0.2500
vt 0.3368 0.9764 0.2500
vt 0.3198 0.9679 0.2500
vt 0.4874 1.0000 0.2500
vt 0.5062 0.9970 0.2500
vt 0.0931 0.8016 0.2500
vt 0.0844 0.7849 0.2500
vt 0.2009 0.9081 0.2500
vt 0.2178 0.9166 0.2500
vt 0.0000 0.5187 0.2500
vt 0.0030 0.5001 0.2500
vt 0.0239 0.6674 0.2500
vt 0.0325 0.6842 0.2500
vt 0.0931 0.2358 0.2500
vt 0.1065 0.2225 0.2500
vt 0.0239 0.3700 0.2500
vt 0.0209 0.3886 0.2500
vt 0.3368 0.0610 0.2500
vt 0.3556 0.0580 0.2500
vt 0.2009 0.1293 0.2500
vt 0.1874 0.1426 0.2500
vt 0.6379 0.0610 0.2500
vt 0.6549 0.0694 0.2500
vt 0.4874 0.0374 0.2500
vt 0.4685 0.0404 0.2500
vt 0.8816 0.2358 0.2500
vt 0.8903 0.2525 0.2500
vt 0.7738 0.1293 0.2500
vt 0.7569 0.1208 0.2500
vt 0.9747 0.5187 0.2500
vt 0.9717 0.5373 0.2500
vt 0.9508 0.3700 0.2500
vt 0.9423 0.3532 0.2500
vt 0.8816 0.8016 0.2500
vt 0.8682 0.8149 0.2500
vt 0.9508 0.6674 0.2500
vt 0.9539 0.6488 0.2500
vt 0.6379 0.9764 0.2500
vt 0.6191 0.9794 0.2500
vt 0.7738 0.9081 0.2500
vt 0.7873 0.8948 0.2500
# 181 texture coords

o Cylinder014
g Cylinder014
usemtl 07___Default
s 16
f 4606/2637/7627 4607/2638/7628 4608/2639/7629 4609/2640/7630 
f 4610/2641/7631 4611/2642/7632 4608/2639/7629 4607/2638/7628 
f 4609/2640/7630 4612/2643/7633 4606/2637/7627 
f 4613/2644/7634 4614/2645/7635 4607/2638/7628 4615/2646/7636 
f 4607/2638/7628 4606/2637/7627 4615/2646/7636 
f 4613/2644/7634 4616/2647/7633 4614/2645/7635 
f 4617/2648/7637 4618/2649/7638 4619/2650/7639 4607/2638/7628 
f 4607/2638/7628 4614/2645/7635 4617/2648/7637 
f 4618/2649/7638 4620/2651/7633 4619/2650/7639 
f 4621/2652/7640 4607/2638/7628 4622/2653/7641 4623/2654/7642 
f 4607/2638/7628 4619/2650/7639 4622/2653/7641 
f 4623/2654/7642 4624/2655/7633 4621/2652/7640 
f 4607/2638/7628 4625/2656/7643 4626/2657/7644 4627/2658/7645 
f 4607/2638/7628 4621/2652/7640 4625/2656/7643 
f 4626/2657/7644 4628/2659/7633 4627/2658/7645 
f 4629/2660/7646 4630/2661/7647 4607/2638/7628 4631/2662/7648 
f 4607/2638/7628 4627/2658/7645 4631/2662/7648 
f 4629/2660/7646 4632/2663/7649 4630/2661/7647 
f 4633/2664/7650 4634/2665/7651 4607/2638/7628 4635/2666/7652 
f 4607/2638/7628 4630/2661/7647 4635/2666/7652 
f 4633/2664/7650 4636/2667/7633 4634/2665/7651 
f 4637/2668/7653 4638/2669/7654 4607/2638/7628 4639/2670/7655 
f 4607/2638/7628 4634/2665/7651 4639/2670/7655 
f 4637/2668/7653 4640/2671/7633 4638/2669/7654 
f 4641/2672/7656 4642/2673/7657 4607/2638/7628 4643/2674/7658 
f 4607/2638/7628 4638/2669/7654 4643/2674/7658 
f 4641/2672/7656 4644/2675/7659 4642/2673/7657 
f 4645/2676/7660 4610/2641/7631 4607/2638/7628 4642/2673/7657 
f 4610/2641/7631 4646/2677/7649 4611/2642/7632 
f 4647/2678/7661 4648/2679/7662 4649/2678/7663 4650/2680/7664 
f 4651/2680/7665 4650/2680/7664 4649/2678/7663 4652/2678/7666 
f 4647/2678/7661 4653/2679/7667 4648/2679/7662 
f 4648/2679/7662 4654/2679/7668 4652/2678/7666 4649/2678/7663 
f 4652/2678/7666 4655/2680/7669 4651/2680/7665 
f 4656/2681/7670 4657/2682/7671 4658/2681/7672 4653/2679/7667 
f 4659/2681/7673 4648/2679/7662 4653/2679/7667 4658/2681/7672 
f 4656/2681/7670 4660/2682/7674 4657/2682/7671 
f 4657/2682/7671 4661/2682/7675 4659/2681/7673 4658/2681/7672 
f 4659/2681/7673 4654/2679/7668 4648/2679/7662 
f 4660/2682/7674 4662/2683/7676 4663/2684/7677 4664/2683/7678 
f 4664/2683/7678 4665/2683/7679 4657/2682/7671 4660/2682/7674 
f 4662/2683/7676 4666/2684/7680 4663/2684/7677 
f 4663/2684/7677 4667/2684/7681 4665/2683/7679 4664/2683/7678 
f 4665/2683/7679 4661/2682/7675 4657/2682/7671 
f 4668/2685/7682 4669/2686/7683 4670/2685/7684 4666/2684/7680 
f 4663/2684/7677 4666/2684/7680 4670/2685/7684 4671/2685/7685 
f 4668/2685/7682 4672/2686/7686 4669/2686/7683 
f 4673/2686/7687 4671/2685/7685 4670/2685/7684 4669/2686/7683 
f 4671/2685/7685 4667/2684/7681 4663/2684/7677 
f 4674/2687/7688 4675/2688/7689 4676/2687/7690 4672/2686/7686 
f 4676/2687/7690 4677/2687/7691 4669/2686/7683 4672/2686/7686 
f 4674/2687/7688 4678/2688/7692 4675/2688/7689 
f 4677/2687/7691 4676/2687/7690 4675/2688/7689 4679/2688/7693 
f 4677/2687/7691 4673/2686/7687 4669/2686/7683 
f 4680/2689/7694 4681/2690/7695 4682/2689/7696 4678/2688/7692 
f 4678/2688/7692 4682/2689/7696 4683/2689/7697 4675/2688/7689 
f 4680/2689/7694 4684/2690/7698 4681/2690/7695 
f 4683/2689/7697 4682/2689/7696 4681/2690/7695 4685/2690/7699 
f 4683/2689/7697 4679/2688/7693 4675/2688/7689 
f 4684/2690/7698 4686/2691/7700 4687/2692/7701 4688/2691/7702 
f 4684/2690/7698 4688/2691/7702 4689/2691/7703 4681/2690/7695 
f 4686/2691/7700 4690/2692/7704 4687/2692/7701 
f 4688/2691/7702 4687/2692/7701 4691/2692/7705 4689/2691/7703 
f 4689/2691/7703 4685/2690/7699 4681/2690/7695 
f 4692/2693/7706 4693/2694/7707 4694/2693/7708 4690/2692/7704 
f 4690/2692/7704 4694/2693/7708 4695/2693/7709 4687/2692/7701 
f 4692/2693/7706 4696/2694/7710 4693/2694/7707 
f 4697/2694/7711 4695/2693/7709 4694/2693/7708 4693/2694/7707 
f 4695/2693/7709 4691/2692/7705 4687/2692/7701 
f 4698/2695/7712 4696/2694/7710 4699/2695/7713 4700/2696/7714 
f 4693/2694/7707 4696/2694/7710 4698/2695/7712 4701/2695/7715 
f 4699/2695/7713 4702/2696/7716 4700/2696/7714 
f 4701/2695/7715 4698/2695/7712 4700/2696/7714 4703/2696/7717 
f 4701/2695/7715 4697/2694/7711 4693/2694/7707 
f 4702/2696/7716 4704/2697/7718 4705/2698/7719 4706/2697/7720 
f 4707/2697/7721 4700/2696/7714 4702/2696/7716 4706/2697/7720 
f 4704/2697/7718 4708/2698/7722 4705/2698/7719 
f 4707/2697/7721 4706/2697/7720 4705/2698/7719 4709/2698/7723 
f 4707/2697/7721 4703/2696/7717 4700/2696/7714 
f 4710/2699/7724 4708/2698/7722 4711/2699/7725 4712/2700/7726 
f 4708/2698/7722 4710/2699/7724 4713/2699/7727 4705/2698/7719 
f 4711/2699/7725 4714/2700/7728 4712/2700/7726 
f 4715/2700/7729 4713/2699/7727 4710/2699/7724 4712/2700/7726 
f 4713/2699/7727 4709/2698/7723 4705/2698/7719 
f 4716/2701/7730 4717/2702/7731 4718/2701/7732 4714/2700/7728 
f 4719/2701/7733 4712/2700/7726 4714/2700/7728 4718/2701/7732 
f 4716/2701/7730 4720/2702/7734 4717/2702/7731 
f 4717/2702/7731 4721/2702/7735 4719/2701/7733 4718/2701/7732 
f 4719/2701/7733 4715/2700/7729 4712/2700/7726 
f 4722/2703/7736 4720/2702/7734 4723/2703/7737 4724/2704/7738 
f 4717/2702/7731 4720/2702/7734 4722/2703/7736 4725/2703/7739 
f 4723/2703/7737 4726/2704/7740 4724/2704/7738 
f 4724/2704/7738 4727/2704/7741 4725/2703/7739 4722/2703/7736 
f 4725/2703/7739 4721/2702/7735 4717/2702/7731 
f 4728/2705/7742 4729/2706/7743 4726/2704/7740 4730/2706/7744 
f 4724/2704/7738 4726/2704/7740 4729/2706/7743 4731/2706/7745 
f 4730/2706/7744 4732/2705/7746 4728/2705/7742 
f 4733/2705/7747 4731/2706/7745 4729/2706/7743 4728/2705/7742 
f 4731/2706/7745 4727/2704/7741 4724/2704/7738 
f 4734/2707/7748 4732/2705/7746 4735/2707/7749 4736/2708/7750 
f 4732/2705/7746 4734/2707/7748 4737/2707/7751 4728/2705/7742 
f 4735/2707/7749 4738/2708/7752 4736/2708/7750 
f 4737/2707/7751 4734/2707/7748 4736/2708/7750 4739/2708/7753 
f 4737/2707/7751 4733/2705/7747 4728/2705/7742 
f 4740/2709/7754 4741/2710/7755 4742/2709/7756 4738/2708/7752 
f 4738/2708/7752 4742/2709/7756 4743/2709/7757 4736/2708/7750 
f 4740/2709/7754 4744/2710/7758 4741/2710/7755 
f 4741/2710/7755 4745/2710/7759 4743/2709/7757 4742/2709/7756 
f 4743/2709/7757 4739/2708/7753 4736/2708/7750 
f 4746/2711/7760 4744/2710/7758 4747/2711/7761 4748/2712/7762 
f 4744/2710/7758 4746/2711/7760 4749/2711/7763 4741/2710/7755 
f 4747/2711/7761 4750/2712/7764 4748/2712/7762 
f 4748/2712/7762 4751/2712/7765 4749/2711/7763 4746/2711/7760 
f 4749/2711/7763 4745/2710/7759 4741/2710/7755 
f 4752/2713/7766 4753/2714/7767 4750/2712/7764 4754/2714/7768 
f 4753/2714/7767 4755/2714/7769 4748/2712/7762 4750/2712/7764 
f 4754/2714/7768 4756/2713/7770 4752/2713/7766 
f 4752/2713/7766 4757/2713/7771 4755/2714/7769 4753/2714/7767 
f 4755/2714/7769 4751/2712/7765 4748/2712/7762 
f 4758/2715/7772 4756/2713/7770 4759/2715/7773 4760/2716/7774 
f 4756/2713/7770 4758/2715/7772 4761/2715/7775 4752/2713/7766 
f 4759/2715/7773 4762/2716/7776 4760/2716/7774 
f 4763/2716/7777 4761/2715/7775 4758/2715/7772 4760/2716/7774 
f 4761/2715/7775 4757/2713/7771 4752/2713/7766 
f 4764/2717/7778 4762/2716/7776 4765/2717/7779 4651/2680/7665 
f 4766/2717/7780 4760/2716/7774 4762/2716/7776 4764/2717/7778 
f 4765/2717/7779 4650/2680/7664 4651/2680/7665 
f 4651/2680/7665 4655/2680/7669 4766/2717/7780 4764/2717/7778 
f 4766/2717/7780 4763/2716/7777 4760/2716/7774 
f 4767/2679/7781 4768/2678/7782 4769/2680/7783 4770/2678/7784 
f 4768/2678/7782 4771/2678/7785 4772/2680/7786 4769/2680/7783 
f 4770/2678/7784 4773/2679/7787 4767/2679/7781 
f 4771/2678/7785 4768/2678/7782 4767/2679/7781 4774/2679/7788 
f 4771/2678/7785 4775/2680/7789 4772/2680/7786 
f 4776/2681/7790 4777/2682/7791 4778/2681/7792 4773/2679/7787 
f 4779/2681/7793 4767/2679/7781 4773/2679/7787 4778/2681/7792 
f 4776/2681/7790 4780/2682/7794 4777/2682/7791 
f 4779/2681/7793 4778/2681/7792 4777/2682/7791 4781/2682/7795 
f 4779/2681/7793 4774/2679/7788 4767/2679/7781 
f 4782/2683/7796 4783/2684/7797 4784/2683/7798 4780/2682/7794 
f 4784/2683/7798 4785/2683/7799 4777/2682/7791 4780/2682/7794 
f 4782/2683/7796 4786/2684/7800 4783/2684/7797 
f 4785/2683/7799 4784/2683/7798 4783/2684/7797 4787/2684/7801 
f 4785/2683/7799 4781/2682/7795 4777/2682/7791 
f 4788/2685/7802 4786/2684/7800 4789/2685/7803 4790/2686/7804 
f 4783/2684/7797 4786/2684/7800 4788/2685/7802 4791/2685/7805 
f 4789/2685/7803 4792/2686/7806 4790/2686/7804 
f 4791/2685/7805 4788/2685/7802 4790/2686/7804 4793/2686/7807 
f 4791/2685/7805 4787/2684/7801 4783/2684/7797 
f 4794/2687/7808 4795/2688/7809 4796/2687/7810 4792/2686/7806 
f 4797/2687/7811 4790/2686/7804 4792/2686/7806 4796/2687/7810 
f 4794/2687/7808 4798/2688/7812 4795/2688/7809 
f 4797/2687/7811 4796/2687/7810 4795/2688/7809 4799/2688/7813 
f 4797/2687/7811 4793/2686/7807 4790/2686/7804 
f 4800/2689/7814 4798/2688/7812 4801/2689/7815 4802/2690/7816 
f 4800/2689/7814 4803/2689/7817 4795/2688/7809 4798/2688/7812 
f 4801/2689/7815 4804/2690/7818 4802/2690/7816 
f 4803/2689/7817 4800/2689/7814 4802/2690/7816 4805/2690/7819 
f 4803/2689/7817 4799/2688/7813 4795/2688/7809 
f 4806/2692/7820 4807/2691/7821 4804/2690/7818 4808/2691/7822 
f 4804/2690/7818 4807/2691/7821 4809/2691/7823 4802/2690/7816 
f 4808/2691/7822 4810/2692/7824 4806/2692/7820 
f 4806/2692/7820 4811/2692/7825 4809/2691/7823 4807/2691/7821 
f 4809/2691/7823 4805/2690/7819 4802/2690/7816 
f 4810/2692/7824 4812/2693/7826 4813/2694/7827 4814/2693/7828 
f 4810/2692/7824 4814/2693/7828 4815/2693/7829 4806/2692/7820 
f 4812/2693/7826 4816/2694/7830 4813/2694/7827 
f 4813/2694/7827 4817/2694/7831 4815/2693/7829 4814/2693/7828 
f 4815/2693/7829 4811/2692/7825 4806/2692/7820 
f 4818/2695/7832 4819/2696/7833 4820/2695/7834 4816/2694/7830 
f 4816/2694/7830 4820/2695/7834 4821/2695/7835 4813/2694/7827 
f 4818/2695/7832 4822/2696/7836 4819/2696/7833 
f 4819/2696/7833 4823/2696/7837 4821/2695/7835 4820/2695/7834 
f 4821/2695/7835 4817/2694/7831 4813/2694/7827 
f 4824/2698/7838 4825/2697/7839 4822/2696/7836 4826/2697/7840 
f 4822/2696/7836 4825/2697/7839 4827/2697/7841 4819/2696/7833 
f 4826/2697/7840 4828/2698/7842 4824/2698/7838 
f 4824/2698/7838 4829/2698/7843 4827/2697/7841 4825/2697/7839 
f 4827/2697/7841 4823/2696/7837 4819/2696/7833 
f 4830/2699/7844 4828/2698/7842 4831/2699/7845 4832/2700/7846 
f 4833/2699/7847 4824/2698/7838 4828/2698/7842 4830/2699/7844 
f 4831/2699/7845 4834/2700/7848 4832/2700/7846 
f 4835/2700/7849 4833/2699/7847 4830/2699/7844 4832/2700/7846 
f 4833/2699/7847 4829/2698/7843 4824/2698/7838 
f 4836/2701/7850 4837/2702/7851 4838/2701/7852 4834/2700/7848 
f 4832/2700/7846 4834/2700/7848 4838/2701/7852 4839/2701/7853 
f 4836/2701/7850 4840/2702/7854 4837/2702/7851 
f 4838/2701/7852 4837/2702/7851 4841/2702/7855 4839/2701/7853 
f 4839/2701/7853 4835/2700/7849 4832/2700/7846 
f 4842/2703/7856 4840/2702/7854 4843/2703/7857 4844/2704/7858 
f 4840/2702/7854 4842/2703/7856 4845/2703/7859 4837/2702/7851 
f 4843/2703/7857 4846/2704/7860 4844/2704/7858 
f 4844/2704/7858 4847/2704/7861 4845/2703/7859 4842/2703/7856 
f 4845/2703/7859 4841/2702/7855 4837/2702/7851 
f 4848/2706/7862 4846/2704/7860 4849/2706/7863 4850/2705/7864 
f 4848/2706/7862 4851/2706/7865 4844/2704/7858 4846/2704/7860 
f 4849/2706/7863 4852/2705/7866 4850/2705/7864 
f 4851/2706/7865 4848/2706/7862 4850/2705/7864 4853/2705/7867 
f 4851/2706/7865 4847/2704/7861 4844/2704/7858 
f 4854/2707/7868 4855/2708/7869 4856/2707/7870 4852/2705/7866 
f 4857/2707/7871 4850/2705/7864 4852/2705/7866 4856/2707/7870 
f 4854/2707/7868 4858/2708/7872 4855/2708/7869 
f 4856/2707/7870 4855/2708/7869 4859/2708/7873 4857/2707/7871 
f 4857/2707/7871 4853/2705/7867 4850/2705/7864 
f 4860/2709/7874 4858/2708/7872 4861/2709/7875 4862/2710/7876 
f 4855/2708/7869 4858/2708/7872 4860/2709/7874 4863/2709/7877 
f 4861/2709/7875 4864/2710/7878 4862/2710/7876 
f 4862/2710/7876 4865/2710/7879 4863/2709/7877 4860/2709/7874 
f 4863/2709/7877 4859/2708/7873 4855/2708/7869 
f 4866/2712/7880 4867/2711/7881 4864/2710/7878 4868/2711/7882 
f 4862/2710/7876 4864/2710/7878 4867/2711/7881 4869/2711/7883 
f 4868/2711/7882 4870/2712/7884 4866/2712/7880 
f 4871/2712/7885 4869/2711/7883 4867/2711/7881 4866/2712/7880 
f 4869/2711/7883 4865/2710/7879 4862/2710/7876 
f 4870/2712/7884 4872/2714/7886 4873/2713/7887 4874/2714/7888 
f 4875/2714/7889 4866/2712/7880 4870/2712/7884 4874/2714/7888 
f 4872/2714/7886 4876/2713/7890 4873/2713/7887 
f 4877/2713/7891 4875/2714/7889 4874/2714/7888 4873/2713/7887 
f 4875/2714/7889 4871/2712/7885 4866/2712/7880 
f 4876/2713/7890 4878/2715/7892 4879/2716/7893 4880/2715/7894 
f 4876/2713/7890 4880/2715/7894 4881/2715/7895 4873/2713/7887 
f 4878/2715/7892 4882/2716/7896 4879/2716/7893 
f 4881/2715/7895 4880/2715/7894 4879/2716/7893 4883/2716/7897 
f 4881/2715/7895 4877/2713/7891 4873/2713/7887 
f 4882/2716/7896 4884/2717/7898 4772/2680/7786 4885/2717/7899 
f 4882/2716/7896 4885/2717/7899 4886/2717/7900 4879/2716/7893 
f 4884/2717/7898 4769/2680/7783 4772/2680/7786 
f 4886/2717/7900 4885/2717/7899 4772/2680/7786 4775/2680/7789 
f 4886/2717/7900 4883/2716/7897 4879/2716/7893 
f 4887/2678/7901 4888/2680/7902 4889/2678/7903 4890/2679/7904 
f 4891/2680/7905 4888/2680/7902 4887/2678/7901 4892/2678/7906 
f 4889/2678/7903 4893/2679/7907 4890/2679/7904 
f 4892/2678/7906 4887/2678/7901 4890/2679/7904 4894/2679/7908 
f 4892/2678/7906 4895/2680/7909 4891/2680/7905 
f 4896/2681/7910 4893/2679/7907 4897/2681/7911 4898/2682/7912 
f 4890/2679/7904 4893/2679/7907 4896/2681/7910 4899/2681/7913 
f 4897/2681/7911 4900/2682/7914 4898/2682/7912 
f 4899/2681/7913 4896/2681/7910 4898/2682/7912 4901/2682/7915 
f 4899/2681/7913 4894/2679/7908 4890/2679/7904 
f 4902/2683/7916 4903/2684/7917 4904/2683/7918 4900/2682/7914 
f 4900/2682/7914 4904/2683/7918 4905/2683/7919 4898/2682/7912 
f 4902/2683/7916 4906/2684/7920 4903/2684/7917 
f 4907/2684/7921 4905/2683/7919 4904/2683/7918 4903/2684/7917 
f 4905/2683/7919 4901/2682/7915 4898/2682/7912 
f 4906/2684/7920 4908/2685/7922 4909/2686/7923 4910/2685/7924 
f 4911/2685/7925 4903/2684/7917 4906/2684/7920 4910/2685/7924 
f 4908/2685/7922 4912/2686/7926 4909/2686/7923 
f 4913/2686/7927 4911/2685/7925 4910/2685/7924 4909/2686/7923 
f 4911/2685/7925 4907/2684/7921 4903/2684/7917 
f 4914/2687/7928 4912/2686/7926 4915/2687/7929 4916/2688/7930 
f 4914/2687/7928 4917/2687/7931 4909/2686/7923 4912/2686/7926 
f 4915/2687/7929 4918/2688/7932 4916/2688/7930 
f 4917/2687/7931 4914/2687/7928 4916/2688/7930 4919/2688/7933 
f 4917/2687/7931 4913/2686/7927 4909/2686/7923 
f 4920/2689/7934 4921/2690/7935 4922/2689/7936 4918/2688/7932 
f 4922/2689/7936 4923/2689/7937 4916/2688/7930 4918/2688/7932 
f 4920/2689/7934 4924/2690/7938 4921/2690/7935 
f 4923/2689/7937 4922/2689/7936 4921/2690/7935 4925/2690/7939 
f 4923/2689/7937 4919/2688/7933 4916/2688/7930 
f 4926/2691/7940 4924/2690/7938 4927/2691/7941 4928/2692/7942 
f 4921/2690/7935 4924/2690/7938 4926/2691/7940 4929/2691/7943 
f 4927/2691/7941 4930/2692/7944 4928/2692/7942 
f 4929/2691/7943 4926/2691/7940 4928/2692/7942 4931/2692/7945 
f 4929/2691/7943 4925/2690/7939 4921/2690/7935 
f 4932/2693/7946 4933/2694/7947 4934/2693/7948 4930/2692/7944 
f 4935/2693/7949 4928/2692/7942 4930/2692/7944 4934/2693/7948 
f 4932/2693/7946 4936/2694/7950 4933/2694/7947 
f 4935/2693/7949 4934/2693/7948 4933/2694/7947 4937/2694/7951 
f 4935/2693/7949 4931/2692/7945 4928/2692/7942 
f 4938/2695/7952 4936/2694/7950 4939/2695/7953 4940/2696/7954 
f 4933/2694/7947 4936/2694/7950 4938/2695/7952 4941/2695/7955 
f 4939/2695/7953 4942/2696/7956 4940/2696/7954 
f 4940/2696/7954 4943/2696/7957 4941/2695/7955 4938/2695/7952 
f 4941/2695/7955 4937/2694/7951 4933/2694/7947 
f 4944/2697/7958 4945/2698/7959 4946/2697/7960 4942/2696/7956 
f 4940/2696/7954 4942/2696/7956 4946/2697/7960 4947/2697/7961 
f 4944/2697/7958 4948/2698/7962 4945/2698/7959 
f 4945/2698/7959 4949/2698/7963 4947/2697/7961 4946/2697/7960 
f 4947/2697/7961 4943/2696/7957 4940/2696/7954 
f 4950/2700/7964 4951/2699/7965 4948/2698/7962 4952/2699/7966 
f 4945/2698/7959 4948/2698/7962 4951/2699/7965 4953/2699/7967 
f 4952/2699/7966 4954/2700/7968 4950/2700/7964 
f 4950/2700/7964 4955/2700/7969 4953/2699/7967 4951/2699/7965 
f 4953/2699/7967 4949/2698/7963 4945/2698/7959 
f 4956/2701/7970 4957/2702/7971 4958/2701/7972 4954/2700/7968 
f 4954/2700/7968 4958/2701/7972 4959/2701/7973 4950/2700/7964 
f 4956/2701/7970 4960/2702/7974 4957/2702/7971 
f 4959/2701/7973 4958/2701/7972 4957/2702/7971 4961/2702/7975 
f 4959/2701/7973 4955/2700/7969 4950/2700/7964 
f 4962/2704/7976 4963/2703/7977 4960/2702/7974 4964/2703/7978 
f 4960/2702/7974 4963/2703/7977 4965/2703/7979 4957/2702/7971 
f 4964/2703/7978 4966/2704/7980 4962/2704/7976 
f 4962/2704/7976 4967/2704/7981 4965/2703/7979 4963/2703/7977 
f 4965/2703/7979 4961/2702/7975 4957/2702/7971 
f 4968/2706/7982 4966/2704/7980 4969/2706/7983 4970/2705/7984 
f 4971/2706/7985 4962/2704/7976 4966/2704/7980 4968/2706/7982 
f 4969/2706/7983 4972/2705/7986 4970/2705/7984 
f 4970/2705/7984 4973/2705/7987 4971/2706/7985 4968/2706/7982 
f 4971/2706/7985 4967/2704/7981 4962/2704/7976 
f 4974/2707/7988 4975/2708/7989 4976/2707/7990 4972/2705/7986 
f 4970/2705/7984 4972/2705/7986 4976/2707/7990 4977/2707/7991 
f 4974/2707/7988 4978/2708/7992 4975/2708/7989 
f 4979/2708/7993 4977/2707/7991 4976/2707/7990 4975/2708/7989 
f 4977/2707/7991 4973/2705/7987 4970/2705/7984 
f 4980/2710/7994 4981/2709/7995 4978/2708/7992 4982/2709/7996 
f 4983/2709/7997 4975/2708/7989 4978/2708/7992 4981/2709/7995 
f 4982/2709/7996 4984/2710/7998 4980/2710/7994 
f 4980/2710/7994 4985/2710/7999 4983/2709/7997 4981/2709/7995 
f 4983/2709/7997 4979/2708/7993 4975/2708/7989 
f 4986/2712/8000 4987/2711/8001 4984/2710/7998 4988/2711/8002 
f 4980/2710/7994 4984/2710/7998 4987/2711/8001 4989/2711/8003 
f 4988/2711/8002 4990/2712/8004 4986/2712/8000 
f 4986/2712/8000 4991/2712/8005 4989/2711/8003 4987/2711/8001 
f 4989/2711/8003 4985/2710/7999 4980/2710/7994 
f 4990/2712/8004 4992/2714/8006 4993/2713/8007 4994/2714/8008 
f 4990/2712/8004 4994/2714/8008 4995/2714/8009 4986/2712/8000 
f 4992/2714/8006 4996/2713/8010 4993/2713/8007 
f 4995/2714/8009 4994/2714/8008 4993/2713/8007 4997/2713/8011 
f 4995/2714/8009 4991/2712/8005 4986/2712/8000 
f 4998/2715/8012 4999/2716/8013 5000/2715/8014 4996/2713/8010 
f 4993/2713/8007 4996/2713/8010 5000/2715/8014 5001/2715/8015 
f 4998/2715/8012 5002/2716/8016 4999/2716/8013 
f 4999/2716/8013 5003/2716/8017 5001/2715/8015 5000/2715/8014 
f 5001/2715/8015 4997/2713/8011 4993/2713/8007 
f 5004/2717/8018 4891/2680/7905 5005/2717/8019 5002/2716/8016 
f 5002/2716/8016 5005/2717/8019 5006/2717/8020 4999/2716/8013 
f 5004/2717/8018 4888/2680/7902 4891/2680/7905 
f 5005/2717/8019 4891/2680/7905 4895/2680/7909 5006/2717/8020 
f 5006/2717/8020 5003/2716/8017 4999/2716/8013 
f 5007/2678/8021 5008/2718/8022 5009/2678/8023 5010/2719/8024 
f 5008/2718/8022 5007/2678/8021 5011/2678/8025 5012/2718/8026 
f 5009/2678/8023 5013/2719/8027 5010/2719/8024 
f 5014/2719/8028 5011/2678/8025 5007/2678/8021 5010/2719/8024 
f 5011/2678/8025 5015/2718/8029 5012/2718/8026 
f 5016/2720/8030 5017/2683/8031 5018/2721/8032 5019/2683/8033 
f 5020/2683/8034 5021/2721/8035 5018/2721/8032 5017/2683/8031 
f 5019/2683/8033 5022/2720/8036 5016/2720/8030 
f 5020/2683/8034 5017/2683/8031 5016/2720/8030 5023/2720/8037 
f 5020/2683/8034 5024/2721/8038 5021/2721/8035 
f 5025/2722/8039 5026/2687/8040 5027/2723/8041 5028/2687/8042 
f 5027/2723/8041 5026/2687/8040 5029/2687/8043 5030/2723/8044 
f 5028/2687/8042 5031/2722/8045 5025/2722/8039 
f 5029/2687/8043 5026/2687/8040 5025/2722/8039 5032/2722/8046 
f 5029/2687/8043 5033/2723/8047 5030/2723/8044 
f 5034/2691/8048 5035/2724/8049 5036/2691/8050 5037/2725/8051 
f 5038/2724/8052 5035/2724/8049 5034/2691/8048 5039/2691/8053 
f 5036/2691/8050 5040/2725/8054 5037/2725/8051 
f 5041/2725/8055 5039/2691/8053 5034/2691/8048 5037/2725/8051 
f 5039/2691/8053 5042/2724/8056 5038/2724/8052 
f 5043/2695/8057 5044/2726/8058 5045/2695/8059 5046/2727/8060 
f 5047/2695/8061 5048/2727/8062 5046/2727/8060 5045/2695/8059 
f 5043/2695/8057 5049/2726/8063 5044/2726/8058 
f 5047/2695/8061 5045/2695/8059 5044/2726/8058 5050/2726/8064 
f 5047/2695/8061 5051/2727/8065 5048/2727/8062 
f 5052/2728/8066 5053/2699/8067 5054/2729/8068 5055/2699/8069 
f 5055/2699/8069 5056/2699/8070 5057/2728/8071 5052/2728/8066 
f 5053/2699/8067 5058/2729/8072 5054/2729/8068 
f 5054/2729/8068 5059/2729/8073 5056/2699/8070 5055/2699/8069 
f 5056/2699/8070 5060/2728/8074 5057/2728/8071 
f 5061/2730/8075 5062/2703/8076 5063/2731/8077 5064/2703/8078 
f 5065/2731/8079 5063/2731/8077 5062/2703/8076 5066/2703/8080 
f 5064/2703/8078 5067/2730/8081 5061/2730/8075 
f 5068/2730/8082 5066/2703/8080 5062/2703/8076 5061/2730/8075 
f 5066/2703/8080 5069/2731/8083 5065/2731/8079 
f 5070/2732/8084 5071/2707/8085 5072/2733/8086 5073/2707/8087 
f 5072/2733/8086 5071/2707/8085 5074/2707/8088 5075/2733/8089 
f 5073/2707/8087 5076/2732/8090 5070/2732/8084 
f 5070/2732/8084 5077/2732/8091 5074/2707/8088 5071/2707/8085 
f 5074/2707/8088 5078/2733/8092 5075/2733/8089 
f 5079/2711/8093 5080/2734/8094 5081/2711/8095 5082/2735/8096 
f 5082/2735/8096 5081/2711/8095 5083/2711/8097 5084/2735/8098 
f 5079/2711/8093 5085/2734/8099 5080/2734/8094 
f 5080/2734/8094 5086/2734/8100 5083/2711/8097 5081/2711/8095 
f 5083/2711/8097 5087/2735/8101 5084/2735/8098 
f 5088/2715/8102 5089/2736/8103 5090/2715/8104 5091/2737/8105 
f 5090/2715/8104 5092/2715/8106 5093/2737/8107 5091/2737/8105 
f 5088/2715/8102 5094/2736/8108 5089/2736/8103 
f 5089/2736/8103 5095/2736/8109 5092/2715/8106 5090/2715/8104 
f 5092/2715/8106 5096/2737/8110 5093/2737/8107 
f 5097/2678/8111 5098/2679/8112 5099/2678/8113 5100/2680/8114 
f 5100/2680/8114 5099/2678/8113 5101/2678/8115 5102/2680/8116 
f 5097/2678/8111 5103/2679/8117 5098/2679/8112 
f 5104/2679/8118 5101/2678/8115 5099/2678/8113 5098/2679/8112 
f 5101/2678/8115 5105/2680/8119 5102/2680/8116 
f 5106/2681/8120 5107/2682/8121 5108/2681/8122 5103/2679/8117 
f 5109/2681/8123 5098/2679/8112 5103/2679/8117 5108/2681/8122 
f 5106/2681/8120 5110/2682/8124 5107/2682/8121 
f 5108/2681/8122 5107/2682/8121 5111/2682/8125 5109/2681/8123 
f 5109/2681/8123 5104/2679/8118 5098/2679/8112 
f 5112/2684/8126 5113/2683/8127 5110/2682/8124 5114/2683/8128 
f 5107/2682/8121 5110/2682/8124 5113/2683/8127 5115/2683/8129 
f 5114/2683/8128 5116/2684/8130 5112/2684/8126 
f 5117/2684/8131 5115/2683/8129 5113/2683/8127 5112/2684/8126 
f 5115/2683/8129 5111/2682/8125 5107/2682/8121 
f 5118/2685/8132 5116/2684/8130 5119/2685/8133 5120/2686/8134 
f 5116/2684/8130 5118/2685/8132 5121/2685/8135 5112/2684/8126 
f 5119/2685/8133 5122/2686/8136 5120/2686/8134 
f 5121/2685/8135 5118/2685/8132 5120/2686/8134 5123/2686/8137 
f 5121/2685/8135 5117/2684/8131 5112/2684/8126 
f 5124/2687/8138 5122/2686/8136 5125/2687/8139 5126/2688/8140 
f 5120/2686/8134 5122/2686/8136 5124/2687/8138 5127/2687/8141 
f 5125/2687/8139 5128/2688/8142 5126/2688/8140 
f 5129/2688/8143 5127/2687/8141 5124/2687/8138 5126/2688/8140 
f 5127/2687/8141 5123/2686/8137 5120/2686/8134 
f 5130/2690/8144 5131/2689/8145 5128/2688/8142 5132/2689/8146 
f 5133/2689/8147 5126/2688/8140 5128/2688/8142 5131/2689/8145 
f 5132/2689/8146 5134/2690/8148 5130/2690/8144 
f 5133/2689/8147 5131/2689/8145 5130/2690/8144 5135/2690/8149 
f 5133/2689/8147 5129/2688/8143 5126/2688/8140 
f 5136/2692/8150 5137/2691/8151 5134/2690/8148 5138/2691/8152 
f 5130/2690/8144 5134/2690/8148 5137/2691/8151 5139/2691/8153 
f 5138/2691/8152 5140/2692/8154 5136/2692/8150 
f 5136/2692/8150 5141/2692/8155 5139/2691/8153 5137/2691/8151 
f 5139/2691/8153 5135/2690/8149 5130/2690/8144 
f 5140/2692/8154 5142/2693/8156 5143/2694/8157 5144/2693/8158 
f 5136/2692/8150 5140/2692/8154 5144/2693/8158 5145/2693/8159 
f 5142/2693/8156 5146/2694/8160 5143/2694/8157 
f 5143/2694/8157 5147/2694/8161 5145/2693/8159 5144/2693/8158 
f 5145/2693/8159 5141/2692/8155 5136/2692/8150 
f 5146/2694/8160 5148/2695/8162 5149/2696/8163 5150/2695/8164 
f 5151/2695/8165 5143/2694/8157 5146/2694/8160 5150/2695/8164 
f 5148/2695/8162 5152/2696/8166 5149/2696/8163 
f 5150/2695/8164 5149/2696/8163 5153/2696/8167 5151/2695/8165 
f 5151/2695/8165 5147/2694/8161 5143/2694/8157 
f 5154/2697/8168 5155/2698/8169 5156/2697/8170 5152/2696/8166 
f 5152/2696/8166 5156/2697/8170 5157/2697/8171 5149/2696/8163 
f 5154/2697/8168 5158/2698/8172 5155/2698/8169 
f 5155/2698/8169 5159/2698/8173 5157/2697/8171 5156/2697/8170 
f 5157/2697/8171 5153/2696/8167 5149/2696/8163 
f 5158/2698/8172 5160/2699/8174 5161/2700/8175 5162/2699/8176 
f 5163/2699/8177 5155/2698/8169 5158/2698/8172 5162/2699/8176 
f 5160/2699/8174 5164/2700/8178 5161/2700/8175 
f 5163/2699/8177 5162/2699/8176 5161/2700/8175 5165/2700/8179 
f 5163/2699/8177 5159/2698/8173 5155/2698/8169 
f 5166/2701/8180 5164/2700/8178 5167/2701/8181 5168/2702/8182 
f 5164/2700/8178 5166/2701/8180 5169/2701/8183 5161/2700/8175 
f 5167/2701/8181 5170/2702/8184 5168/2702/8182 
f 5169/2701/8183 5166/2701/8180 5168/2702/8182 5171/2702/8185 
f 5169/2701/8183 5165/2700/8179 5161/2700/8175 
f 5172/2704/8186 5173/2703/8187 5170/2702/8184 5174/2703/8188 
f 5173/2703/8187 5175/2703/8189 5168/2702/8182 5170/2702/8184 
f 5174/2703/8188 5176/2704/8190 5172/2704/8186 
f 5173/2703/8187 5172/2704/8186 5177/2704/8191 5175/2703/8189 
f 5175/2703/8189 5171/2702/8185 5168/2702/8182 
f 5178/2706/8192 5176/2704/8190 5179/2706/8193 5180/2705/8194 
f 5178/2706/8192 5181/2706/8195 5172/2704/8186 5176/2704/8190 
f 5179/2706/8193 5182/2705/8196 5180/2705/8194 
f 5183/2705/8197 5181/2706/8195 5178/2706/8192 5180/2705/8194 
f 5181/2706/8195 5177/2704/8191 5172/2704/8186 
f 5184/2707/8198 5185/2708/8199 5186/2707/8200 5182/2705/8196 
f 5182/2705/8196 5186/2707/8200 5187/2707/8201 5180/2705/8194 
f 5184/2707/8198 5188/2708/8202 5185/2708/8199 
f 5189/2708/8203 5187/2707/8201 5186/2707/8200 5185/2708/8199 
f 5187/2707/8201 5183/2705/8197 5180/2705/8194 
f 5190/2709/8204 5191/2710/8205 5192/2709/8206 5188/2708/8202 
f 5185/2708/8199 5188/2708/8202 5192/2709/8206 5193/2709/8207 
f 5190/2709/8204 5194/2710/8208 5191/2710/8205 
f 5195/2710/8209 5193/2709/8207 5192/2709/8206 5191/2710/8205 
f 5193/2709/8207 5189/2708/8203 5185/2708/8199 
f 5194/2710/8208 5196/2711/8210 5197/2712/8211 5198/2711/8212 
f 5198/2711/8212 5199/2711/8213 5191/2710/8205 5194/2710/8208 
f 5196/2711/8210 5200/2712/8214 5197/2712/8211 
f 5198/2711/8212 5197/2712/8211 5201/2712/8215 5199/2711/8213 
f 5199/2711/8213 5195/2710/8209 5191/2710/8205 
f 5202/2713/8216 5203/2714/8217 5200/2712/8214 5204/2714/8218 
f 5197/2712/8211 5200/2712/8214 5203/2714/8217 5205/2714/8219 
f 5204/2714/8218 5206/2713/8220 5202/2713/8216 
f 5205/2714/8219 5203/2714/8217 5202/2713/8216 5207/2713/8221 
f 5205/2714/8219 5201/2712/8215 5197/2712/8211 
f 5208/2716/8222 5209/2715/8223 5206/2713/8220 5210/2715/8224 
f 5206/2713/8220 5209/2715/8223 5211/2715/8225 5202/2713/8216 
f 5210/2715/8224 5212/2716/8226 5208/2716/8222 
f 5211/2715/8225 5209/2715/8223 5208/2716/8222 5213/2716/8227 
f 5211/2715/8225 5207/2713/8221 5202/2713/8216 
f 5214/2717/8228 5102/2680/8116 5215/2717/8229 5212/2716/8226 
f 5208/2716/8222 5212/2716/8226 5215/2717/8229 5216/2717/8230 
f 5214/2717/8228 5100/2680/8114 5102/2680/8116 
f 5102/2680/8116 5105/2680/8119 5216/2717/8230 5215/2717/8229 
f 5216/2717/8230 5213/2716/8227 5208/2716/8222 
f 5217/2678/8231 5218/2679/8232 5219/2678/8233 5220/2680/8234 
f 5219/2678/8233 5221/2678/8235 5222/2680/8236 5220/2680/8234 
f 5217/2678/8231 5223/2679/8237 5218/2679/8232 
f 5224/2679/8238 5221/2678/8235 5219/2678/8233 5218/2679/8232 
f 5221/2678/8235 5225/2680/8239 5222/2680/8236 
f 5226/2682/8240 5227/2681/8241 5223/2679/8237 5228/2681/8242 
f 5229/2681/8243 5218/2679/8232 5223/2679/8237 5227/2681/8241 
f 5228/2681/8242 5230/2682/8244 5226/2682/8240 
f 5226/2682/8240 5231/2682/8245 5229/2681/8243 5227/2681/8241 
f 5229/2681/8243 5224/2679/8238 5218/2679/8232 
f 5232/2683/8246 5230/2682/8244 5233/2683/8247 5234/2684/8248 
f 5230/2682/8244 5232/2683/8246 5235/2683/8249 5226/2682/8240 
f 5233/2683/8247 5236/2684/8250 5234/2684/8248 
f 5234/2684/8248 5237/2684/8251 5235/2683/8249 5232/2683/8246 
f 5235/2683/8249 5231/2682/8245 5226/2682/8240 
f 5236/2684/8250 5238/2685/8252 5239/2686/8253 5240/2685/8254 
f 5236/2684/8250 5240/2685/8254 5241/2685/8255 5234/2684/8248 
f 5238/2685/8252 5242/2686/8256 5239/2686/8253 
f 5241/2685/8255 5240/2685/8254 5239/2686/8253 5243/2686/8257 
f 5241/2685/8255 5237/2684/8251 5234/2684/8248 
f 5244/2687/8258 5245/2688/8259 5246/2687/8260 5242/2686/8256 
f 5247/2687/8261 5239/2686/8253 5242/2686/8256 5246/2687/8260 
f 5244/2687/8258 5248/2688/8262 5245/2688/8259 
f 5246/2687/8260 5245/2688/8259 5249/2688/8263 5247/2687/8261 
f 5247/2687/8261 5243/2686/8257 5239/2686/8253 
f 5250/2690/8264 5251/2689/8265 5248/2688/8262 5252/2689/8266 
f 5251/2689/8265 5253/2689/8267 5245/2688/8259 5248/2688/8262 
f 5252/2689/8266 5254/2690/8268 5250/2690/8264 
f 5253/2689/8267 5251/2689/8265 5250/2690/8264 5255/2690/8269 
f 5253/2689/8267 5249/2688/8263 5245/2688/8259 
f 5254/2690/8268 5256/2691/8270 5257/2692/8271 5258/2691/8272 
f 5259/2691/8273 5250/2690/8264 5254/2690/8268 5258/2691/8272 
f 5256/2691/8270 5260/2692/8274 5257/2692/8271 
f 5259/2691/8273 5258/2691/8272 5257/2692/8271 5261/2692/8275 
f 5259/2691/8273 5255/2690/8269 5250/2690/8264 
f 5262/2694/8276 5263/2693/8277 5260/2692/8274 5264/2693/8278 
f 5260/2692/8274 5263/2693/8277 5265/2693/8279 5257/2692/8271 
f 5264/2693/8278 5266/2694/8280 5262/2694/8276 
f 5262/2694/8276 5267/2694/8281 5265/2693/8279 5263/2693/8277 
f 5265/2693/8279 5261/2692/8275 5257/2692/8271 
f 5268/2695/8282 5269/2696/8283 5270/2695/8284 5266/2694/8280 
f 5266/2694/8280 5270/2695/8284 5271/2695/8285 5262/2694/8276 
f 5268/2695/8282 5272/2696/8286 5269/2696/8283 
f 5270/2695/8284 5269/2696/8283 5273/2696/8287 5271/2695/8285 
f 5271/2695/8285 5267/2694/8281 5262/2694/8276 
f 5274/2697/8288 5275/2698/8289 5276/2697/8290 5272/2696/8286 
f 5269/2696/8283 5272/2696/8286 5276/2697/8290 5277/2697/8291 
f 5274/2697/8288 5278/2698/8292 5275/2698/8289 
f 5276/2697/8290 5275/2698/8289 5279/2698/8293 5277/2697/8291 
f 5277/2697/8291 5273/2696/8287 5269/2696/8283 
f 5278/2698/8292 5280/2699/8294 5281/2700/8295 5282/2699/8296 
f 5275/2698/8289 5278/2698/8292 5282/2699/8296 5283/2699/8297 
f 5280/2699/8294 5284/2700/8298 5281/2700/8295 
f 5285/2700/8299 5283/2699/8297 5282/2699/8296 5281/2700/8295 
f 5283/2699/8297 5279/2698/8293 5275/2698/8289 
f 5286/2701/8300 5284/2700/8298 5287/2701/8301 5288/2702/8302 
f 5284/2700/8298 5286/2701/8300 5289/2701/8303 5281/2700/8295 
f 5287/2701/8301 5290/2702/8304 5288/2702/8302 
f 5289/2701/8303 5286/2701/8300 5288/2702/8302 5291/2702/8305 
f 5289/2701/8303 5285/2700/8299 5281/2700/8295 
f 5292/2704/8306 5293/2703/8307 5290/2702/8304 5294/2703/8308 
f 5295/2703/8309 5288/2702/8302 5290/2702/8304 5293/2703/8307 
f 5294/2703/8308 5296/2704/8310 5292/2704/8306 
f 5292/2704/8306 5297/2704/8311 5295/2703/8309 5293/2703/8307 
f 5295/2703/8309 5291/2702/8305 5288/2702/8302 
f 5298/2706/8312 5296/2704/8310 5299/2706/8313 5300/2705/8314 
f 5296/2704/8310 5298/2706/8312 5301/2706/8315 5292/2704/8306 
f 5299/2706/8313 5302/2705/8316 5300/2705/8314 
f 5301/2706/8315 5298/2706/8312 5300/2705/8314 5303/2705/8317 
f 5301/2706/8315 5297/2704/8311 5292/2704/8306 
f 5304/2707/8318 5302/2705/8316 5305/2707/8319 5306/2708/8320 
f 5300/2705/8314 5302/2705/8316 5304/2707/8318 5307/2707/8321 
f 5305/2707/8319 5308/2708/8322 5306/2708/8320 
f 5306/2708/8320 5309/2708/8323 5307/2707/8321 5304/2707/8318 
f 5307/2707/8321 5303/2705/8317 5300/2705/8314 
f 5310/2709/8324 5311/2710/8325 5312/2709/8326 5308/2708/8322 
f 5312/2709/8326 5313/2709/8327 5306/2708/8320 5308/2708/8322 
f 5310/2709/8324 5314/2710/8328 5311/2710/8325 
f 5315/2710/8329 5313/2709/8327 5312/2709/8326 5311/2710/8325 
f 5313/2709/8327 5309/2708/8323 5306/2708/8320 
f 5314/2710/8328 5316/2711/8330 5317/2712/8331 5318/2711/8332 
f 5318/2711/8332 5319/2711/8333 5311/2710/8325 5314/2710/8328 
f 5316/2711/8330 5320/2712/8334 5317/2712/8331 
f 5319/2711/8333 5318/2711/8332 5317/2712/8331 5321/2712/8335 
f 5319/2711/8333 5315/2710/8329 5311/2710/8325 
f 5320/2712/8334 5322/2714/8336 5323/2713/8337 5324/2714/8338 
f 5325/2714/8339 5317/2712/8331 5320/2712/8334 5324/2714/8338 
f 5322/2714/8336 5326/2713/8340 5323/2713/8337 
f 5324/2714/8338 5323/2713/8337 5327/2713/8341 5325/2714/8339 
f 5325/2714/8339 5321/2712/8335 5317/2712/8331 
f 5328/2715/8342 5326/2713/8340 5329/2715/8343 5330/2716/8344 
f 5328/2715/8342 5331/2715/8345 5323/2713/8337 5326/2713/8340 
f 5329/2715/8343 5332/2716/8346 5330/2716/8344 
f 5331/2715/8345 5328/2715/8342 5330/2716/8344 5333/2716/8347 
f 5331/2715/8345 5327/2713/8341 5323/2713/8337 
f 5334/2717/8348 5222/2680/8236 5335/2717/8349 5332/2716/8346 
f 5336/2717/8350 5330/2716/8344 5332/2716/8346 5335/2717/8349 
f 5334/2717/8348 5220/2680/8234 5222/2680/8236 
f 5336/2717/8350 5335/2717/8349 5222/2680/8236 5225/2680/8239 
f 5336/2717/8350 5333/2716/8347 5330/2716/8344 
f 5337/2678/8351 5225/2680/8239 5221/2678/8235 5338/2679/8352 
f 5339/2680/8353 5225/2680/8239 5337/2678/8351 5340/2678/8354 
f 5221/2678/8235 5224/2679/8238 5338/2679/8352 
f 5341/2679/8355 5340/2678/8354 5337/2678/8351 5338/2679/8352 
f 5340/2678/8354 5342/2680/8356 5339/2680/8353 
f 5343/2681/8357 5224/2679/8238 5229/2681/8243 5344/2682/8358 
f 5345/2681/8359 5338/2679/8352 5224/2679/8238 5343/2681/8357 
f 5229/2681/8243 5231/2682/8245 5344/2682/8358 
f 5344/2682/8358 5346/2682/8360 5345/2681/8359 5343/2681/8357 
f 5345/2681/8359 5341/2679/8355 5338/2679/8352 
f 5347/2683/8361 5231/2682/8245 5235/2683/8249 5348/2684/8362 
f 5349/2683/8363 5344/2682/8358 5231/2682/8245 5347/2683/8361 
f 5235/2683/8249 5237/2684/8251 5348/2684/8362 
f 5347/2683/8361 5348/2684/8362 5350/2684/8364 5349/2683/8363 
f 5349/2683/8363 5346/2682/8360 5344/2682/8358 
f 5237/2684/8251 5241/2685/8255 5351/2686/8365 5352/2685/8366 
f 5352/2685/8366 5353/2685/8367 5348/2684/8362 5237/2684/8251 
f 5241/2685/8255 5243/2686/8257 5351/2686/8365 
f 5351/2686/8365 5354/2686/8368 5353/2685/8367 5352/2685/8366 
f 5353/2685/8367 5350/2684/8364 5348/2684/8362 
f 5355/2687/8369 5243/2686/8257 5247/2687/8261 5356/2688/8370 
f 5357/2687/8371 5351/2686/8365 5243/2686/8257 5355/2687/8369 
f 5247/2687/8261 5249/2688/8263 5356/2688/8370 
f 5357/2687/8371 5355/2687/8369 5356/2688/8370 5358/2688/8372 
f 5357/2687/8371 5354/2686/8368 5351/2686/8365 
f 5359/2689/8373 5249/2688/8263 5253/2689/8267 5360/2690/8374 
f 5361/2689/8375 5356/2688/8370 5249/2688/8263 5359/2689/8373 
f 5253/2689/8267 5255/2690/8269 5360/2690/8374 
f 5359/2689/8373 5360/2690/8374 5362/2690/8376 5361/2689/8375 
f 5361/2689/8375 5358/2688/8372 5356/2688/8370 
f 5259/2691/8273 5363/2692/8377 5364/2691/8378 5255/2690/8269 
f 5255/2690/8269 5364/2691/8378 5365/2691/8379 5360/2690/8374 
f 5259/2691/8273 5261/2692/8275 5363/2692/8377 
f 5366/2692/8380 5365/2691/8379 5364/2691/8378 5363/2692/8377 
f 5365/2691/8379 5362/2690/8376 5360/2690/8374 
f 5367/2693/8381 5261/2692/8275 5265/2693/8279 5368/2694/8382 
f 5367/2693/8381 5369/2693/8383 5363/2692/8377 5261/2692/8275 
f 5265/2693/8279 5267/2694/8281 5368/2694/8382 
f 5368/2694/8382 5370/2694/8384 5369/2693/8383 5367/2693/8381 
f 5369/2693/8383 5366/2692/8380 5363/2692/8377 
f 5371/2695/8385 5267/2694/8281 5271/2695/8285 5372/2696/8386 
f 5368/2694/8382 5267/2694/8281 5371/2695/8385 5373/2695/8387 
f 5271/2695/8285 5273/2696/8287 5372/2696/8386 
f 5374/2696/8388 5373/2695/8387 5371/2695/8385 5372/2696/8386 
f 5373/2695/8387 5370/2694/8384 5368/2694/8382 
f 5375/2698/8389 5376/2697/8390 5273/2696/8287 5277/2697/8291 
f 5376/2697/8390 5377/2697/8391 5372/2696/8386 5273/2696/8287 
f 5277/2697/8291 5279/2698/8293 5375/2698/8389 
f 5375/2698/8389 5378/2698/8392 5377/2697/8391 5376/2697/8390 
f 5377/2697/8391 5374/2696/8388 5372/2696/8386 
f 5283/2699/8297 5379/2700/8393 5380/2699/8394 5279/2698/8293 
f 5381/2699/8395 5375/2698/8389 5279/2698/8293 5380/2699/8394 
f 5283/2699/8297 5285/2700/8299 5379/2700/8393 
f 5382/2700/8396 5381/2699/8395 5380/2699/8394 5379/2700/8393 
f 5381/2699/8395 5378/2698/8392 5375/2698/8389 
f 5383/2702/8397 5384/2701/8398 5285/2700/8299 5289/2701/8303 
f 5379/2700/8393 5285/2700/8299 5384/2701/8398 5385/2701/8399 
f 5289/2701/8303 5291/2702/8305 5383/2702/8397 
f 5384/2701/8398 5383/2702/8397 5386/2702/8400 5385/2701/8399 
f 5385/2701/8399 5382/2700/8396 5379/2700/8393 
f 5387/2703/8401 5291/2702/8305 5295/2703/8309 5388/2704/8402 
f 5291/2702/8305 5387/2703/8401 5389/2703/8403 5383/2702/8397 
f 5295/2703/8309 5297/2704/8311 5388/2704/8402 
f 5389/2703/8403 5387/2703/8401 5388/2704/8402 5390/2704/8404 
f 5389/2703/8403 5386/2702/8400 5383/2702/8397 
f 5301/2706/8315 5391/2705/8405 5392/2706/8406 5297/2704/8311 
f 5297/2704/8311 5392/2706/8406 5393/2706/8407 5388/2704/8402 
f 5301/2706/8315 5303/2705/8317 5391/2705/8405 
f 5393/2706/8407 5392/2706/8406 5391/2705/8405 5394/2705/8408 
f 5393/2706/8407 5390/2704/8404 5388/2704/8402 
f 5395/2707/8409 5303/2705/8317 5307/2707/8321 5396/2708/8410 
f 5397/2707/8411 5391/2705/8405 5303/2705/8317 5395/2707/8409 
f 5307/2707/8321 5309/2708/8323 5396/2708/8410 
f 5397/2707/8411 5395/2707/8409 5396/2708/8410 5398/2708/8412 
f 5397/2707/8411 5394/2705/8408 5391/2705/8405 
f 5313/2709/8327 5399/2710/8413 5400/2709/8414 5309/2708/8323 
f 5401/2709/8415 5396/2708/8410 5309/2708/8323 5400/2709/8414 
f 5313/2709/8327 5315/2710/8329 5399/2710/8413 
f 5401/2709/8415 5400/2709/8414 5399/2710/8413 5402/2710/8416 
f 5401/2709/8415 5398/2708/8412 5396/2708/8410 
f 5315/2710/8329 5319/2711/8333 5403/2712/8417 5404/2711/8418 
f 5404/2711/8418 5405/2711/8419 5399/2710/8413 5315/2710/8329 
f 5319/2711/8333 5321/2712/8335 5403/2712/8417 
f 5403/2712/8417 5406/2712/8420 5405/2711/8419 5404/2711/8418 
f 5405/2711/8419 5402/2710/8416 5399/2710/8413 
f 5407/2714/8421 5321/2712/8335 5325/2714/8339 5408/2713/8422 
f 5321/2712/8335 5407/2714/8421 5409/2714/8423 5403/2712/8417 
f 5325/2714/8339 5327/2713/8341 5408/2713/8422 
f 5409/2714/8423 5407/2714/8421 5408/2713/8422 5410/2713/8424 
f 5409/2714/8423 5406/2712/8420 5403/2712/8417 
f 5327/2713/8341 5331/2715/8345 5411/2716/8425 5412/2715/8426 
f 5413/2715/8427 5408/2713/8422 5327/2713/8341 5412/2715/8426 
f 5331/2715/8345 5333/2716/8347 5411/2716/8425 
f 5412/2715/8426 5411/2716/8425 5414/2716/8428 5413/2715/8427 
f 5413/2715/8427 5410/2713/8424 5408/2713/8422 
f 5339/2680/8353 5415/2717/8429 5333/2716/8347 5336/2717/8350 
f 5333/2716/8347 5415/2717/8429 5416/2717/8430 5411/2716/8425 
f 5336/2717/8350 5225/2680/8239 5339/2680/8353 
f 5339/2680/8353 5342/2680/8356 5416/2717/8430 5415/2717/8429 
f 5416/2717/8430 5414/2716/8428 5411/2716/8425 
f 5417/2679/8431 5418/2678/8432 5419/2680/8433 5420/2678/8434 
f 5419/2680/8433 5418/2678/8432 5421/2640/8435 5422/2680/8436 
f 5420/2678/8434 5423/2679/8437 5417/2679/8431 
f 5424/2738/8438 5421/2640/8435 5418/2678/8432 5417/2679/8431 
f 5421/2640/8435 5425/2739/8439 5422/2680/8436 
f 5426/2681/8440 5427/2682/8441 5428/2681/8442 5423/2679/8437 
f 5428/2681/8442 5429/2637/8443 5417/2679/8431 5423/2679/8437 
f 5426/2681/8440 5430/2682/8444 5427/2682/8441 
f 5429/2637/8443 5428/2681/8442 5427/2682/8441 5431/2740/8445 
f 5429/2637/8443 5424/2738/8438 5417/2679/8431 
f 5430/2682/8444 5432/2683/8446 5433/2684/8447 5434/2683/8448 
f 5435/2644/8449 5427/2682/8441 5430/2682/8444 5434/2683/8448 
f 5432/2683/8446 5436/2684/8450 5433/2684/8447 
f 5435/2644/8449 5434/2683/8448 5433/2684/8447 5437/2741/8451 
f 5435/2644/8449 5431/2740/8445 5427/2682/8441 
f 5438/2685/8452 5436/2684/8450 5439/2685/8453 5440/2686/8454 
f 5436/2684/8450 5438/2685/8452 5441/2645/8455 5433/2684/8447 
f 5439/2685/8453 5442/2686/8456 5440/2686/8454 
f 5438/2685/8452 5440/2686/8454 5443/2742/8457 5441/2645/8455 
f 5441/2645/8455 5437/2741/8451 5433/2684/8447 
f 5444/2687/8458 5442/2686/8456 5445/2687/8459 5446/2688/8460 
f 5447/2649/8461 5440/2686/8454 5442/2686/8456 5444/2687/8458 
f 5445/2687/8459 5448/2688/8462 5446/2688/8460 
f 5446/2688/8460 5449/2743/8463 5447/2649/8461 5444/2687/8458 
f 5447/2649/8461 5443/2742/8457 5440/2686/8454 
f 5450/2689/8464 5451/2690/8465 5452/2689/8466 5448/2688/8462 
f 5446/2688/8460 5448/2688/8462 5452/2689/8466 5453/2650/8467 
f 5450/2689/8464 5454/2690/8468 5451/2690/8465 
f 5455/2744/8469 5453/2650/8467 5452/2689/8466 5451/2690/8465 
f 5453/2650/8467 5449/2743/8463 5446/2688/8460 
f 5454/2690/8468 5456/2691/8470 5457/2692/8471 5458/2691/8472 
f 5451/2690/8465 5454/2690/8468 5458/2691/8472 5459/2654/8473 
f 5456/2691/8470 5460/2692/8474 5457/2692/8471 
f 5457/2692/8471 5461/2745/8475 5459/2654/8473 5458/2691/8472 
f 5459/2654/8473 5455/2744/8469 5451/2690/8465 
f 5460/2692/8474 5462/2693/8476 5463/2694/8477 5464/2693/8478 
f 5457/2692/8471 5460/2692/8474 5464/2693/8478 5465/2652/8479 
f 5462/2693/8476 5466/2694/8480 5463/2694/8477 
f 5465/2652/8479 5464/2693/8478 5463/2694/8477 5467/2746/8481 
f 5465/2652/8479 5461/2745/8475 5457/2692/8471 
f 5466/2694/8480 5468/2695/8482 5469/2696/8483 5470/2695/8484 
f 5466/2694/8480 5470/2695/8484 5471/2657/8485 5463/2694/8477 
f 5468/2695/8482 5472/2696/8486 5469/2696/8483 
f 5469/2696/8483 5473/2747/8487 5471/2657/8485 5470/2695/8484 
f 5471/2657/8485 5467/2746/8481 5463/2694/8477 
f 5472/2696/8486 5474/2697/8488 5475/2698/8489 5476/2697/8490 
f 5477/2658/8491 5469/2696/8483 5472/2696/8486 5476/2697/8490 
f 5474/2697/8488 5478/2698/8492 5475/2698/8489 
f 5479/2748/8493 5477/2658/8491 5476/2697/8490 5475/2698/8489 
f 5477/2658/8491 5473/2747/8487 5469/2696/8483 
f 5480/2699/8494 5478/2698/8492 5481/2699/8495 5482/2700/8496 
f 5475/2698/8489 5478/2698/8492 5480/2699/8494 5483/2660/8497 
f 5481/2699/8495 5484/2700/8498 5482/2700/8496 
f 5482/2700/8496 5485/2749/8499 5483/2660/8497 5480/2699/8494 
f 5483/2660/8497 5479/2748/8493 5475/2698/8489 
f 5484/2700/8498 5486/2701/8500 5487/2702/8501 5488/2701/8502 
f 5489/2661/8503 5482/2700/8496 5484/2700/8498 5488/2701/8502 
f 5486/2701/8500 5490/2702/8504 5487/2702/8501 
f 5489/2661/8503 5488/2701/8502 5487/2702/8501 5491/2750/8505 
f 5489/2661/8503 5485/2749/8499 5482/2700/8496 
f 5492/2703/8506 5490/2702/8504 5493/2703/8507 5494/2704/8508 
f 5490/2702/8504 5492/2703/8506 5495/2664/8509 5487/2702/8501 
f 5493/2703/8507 5496/2704/8510 5494/2704/8508 
f 5494/2704/8508 5497/2751/8511 5495/2664/8509 5492/2703/8506 
f 5495/2664/8509 5491/2750/8505 5487/2702/8501 
f 5498/2706/8512 5499/2705/8513 5500/2706/8514 5496/2704/8510 
f 5501/2665/8515 5494/2704/8508 5496/2704/8510 5500/2706/8514 
f 5498/2706/8512 5502/2705/8516 5499/2705/8513 
f 5503/2752/8517 5501/2665/8515 5500/2706/8514 5499/2705/8513 
f 5501/2665/8515 5497/2751/8511 5494/2704/8508 
f 5504/2707/8518 5505/2708/8519 5506/2707/8520 5502/2705/8516 
f 5507/2668/8521 5499/2705/8513 5502/2705/8516 5506/2707/8520 
f 5504/2707/8518 5508/2708/8522 5505/2708/8519 
f 5507/2668/8521 5506/2707/8520 5505/2708/8519 5509/2753/8523 
f 5507/2668/8521 5503/2752/8517 5499/2705/8513 
f 5510/2709/8524 5511/2710/8525 5512/2709/8526 5508/2708/8522 
f 5508/2708/8522 5512/2709/8526 5513/2669/8527 5505/2708/8519 
f 5510/2709/8524 5514/2710/8528 5511/2710/8525 
f 5513/2669/8527 5512/2709/8526 5511/2710/8525 5515/2754/8529 
f 5513/2669/8527 5509/2753/8523 5505/2708/8519 
f 5514/2710/8528 5516/2711/8530 5517/2712/8531 5518/2711/8532 
f 5519/2672/8533 5511/2710/8525 5514/2710/8528 5518/2711/8532 
f 5516/2711/8530 5520/2712/8534 5517/2712/8531 
f 5521/2755/8535 5519/2672/8533 5518/2711/8532 5517/2712/8531 
f 5519/2672/8533 5515/2754/8529 5511/2710/8525 
f 5522/2714/8536 5523/2713/8537 5524/2714/8538 5520/2712/8534 
f 5520/2712/8534 5524/2714/8538 5525/2673/8539 5517/2712/8531 
f 5522/2714/8536 5526/2713/8540 5523/2713/8537 
f 5525/2673/8539 5524/2714/8538 5523/2713/8537 5527/2756/8541 
f 5525/2673/8539 5521/2755/8535 5517/2712/8531 
f 5526/2713/8540 5528/2715/8542 5529/2716/8543 5530/2715/8544 
f 5523/2713/8537 5526/2713/8540 5530/2715/8544 5531/2641/8545 
f 5528/2715/8542 5532/2716/8546 5529/2716/8543 
f 5531/2641/8545 5530/2715/8544 5529/2716/8543 5533/2757/8547 
f 5531/2641/8545 5527/2756/8541 5523/2713/8537 
f 5532/2716/8546 5534/2717/8548 5422/2680/8436 5535/2717/8549 
f 5532/2716/8546 5535/2717/8549 5536/2642/8550 5529/2716/8543 
f 5534/2717/8548 5419/2680/8433 5422/2680/8436 
f 5535/2717/8549 5422/2680/8436 5425/2739/8439 5536/2642/8550 
f 5536/2642/8550 5533/2757/8547 5529/2716/8543 
f 5537/2640/8551 5538/2679/8552 5539/2678/8553 5540/2739/8554 
f 5541/2680/8555 5540/2739/8554 5539/2678/8553 5542/2678/8556 
f 5537/2640/8551 5543/2738/8557 5538/2679/8552 
f 5544/2679/8558 5542/2678/8556 5539/2678/8553 5538/2679/8552 
f 5542/2678/8556 5545/2680/8559 5541/2680/8555 
f 5543/2738/8557 5546/2637/8560 5547/2682/8561 5548/2681/8562 
f 5538/2679/8552 5543/2738/8557 5548/2681/8562 5549/2681/8563 
f 5546/2637/8560 5550/2740/8564 5547/2682/8561 
f 5551/2682/8565 5549/2681/8563 5548/2681/8562 5547/2682/8561 
f 5549/2681/8563 5544/2679/8558 5538/2679/8552 
f 5550/2740/8564 5552/2644/8566 5553/2684/8567 5554/2683/8568 
f 5547/2682/8561 5550/2740/8564 5554/2683/8568 5555/2683/8569 
f 5552/2644/8566 5556/2741/8570 5553/2684/8567 
f 5554/2683/8568 5553/2684/8567 5557/2684/8571 5555/2683/8569 
f 5555/2683/8569 5551/2682/8565 5547/2682/8561 
f 5556/2741/8570 5558/2645/8572 5559/2686/8573 5560/2685/8574 
f 5561/2685/8575 5553/2684/8567 5556/2741/8570 5560/2685/8574 
f 5558/2645/8572 5562/2742/8576 5559/2686/8573 
f 5563/2686/8577 5561/2685/8575 5560/2685/8574 5559/2686/8573 
f 5561/2685/8575 5557/2684/8571 5553/2684/8567 
f 5564/2688/8578 5565/2687/8579 5562/2742/8576 5566/2649/8580 
f 5559/2686/8573 5562/2742/8576 5565/2687/8579 5567/2687/8581 
f 5566/2649/8580 5568/2743/8582 5564/2688/8578 
f 5564/2688/8578 5569/2688/8583 5567/2687/8581 5565/2687/8579 
f 5567/2687/8581 5563/2686/8577 5559/2686/8573 
f 5568/2743/8582 5570/2650/8584 5571/2690/8585 5572/2689/8586 
f 5572/2689/8586 5573/2689/8587 5564/2688/8578 5568/2743/8582 
f 5570/2650/8584 5574/2744/8588 5571/2690/8585 
f 5573/2689/8587 5572/2689/8586 5571/2690/8585 5575/2690/8589 
f 5573/2689/8587 5569/2688/8583 5564/2688/8578 
f 5576/2691/8590 5574/2744/8588 5577/2654/8591 5578/2692/8592 
f 5579/2691/8593 5571/2690/8585 5574/2744/8588 5576/2691/8590 
f 5577/2654/8591 5580/2745/8594 5578/2692/8592 
f 5576/2691/8590 5578/2692/8592 5581/2692/8595 5579/2691/8593 
f 5579/2691/8593 5575/2690/8589 5571/2690/8585 
f 5582/2693/8596 5580/2745/8594 5583/2652/8597 5584/2694/8598 
f 5585/2693/8599 5578/2692/8592 5580/2745/8594 5582/2693/8596 
f 5583/2652/8597 5586/2746/8600 5584/2694/8598 
f 5584/2694/8598 5587/2694/8601 5585/2693/8599 5582/2693/8596 
f 5585/2693/8599 5581/2692/8595 5578/2692/8592 
f 5588/2657/8602 5589/2696/8603 5590/2695/8604 5586/2746/8600 
f 5586/2746/8600 5590/2695/8604 5591/2695/8605 5584/2694/8598 
f 5588/2657/8602 5592/2747/8606 5589/2696/8603 
f 5593/2696/8607 5591/2695/8605 5590/2695/8604 5589/2696/8603 
f 5591/2695/8605 5587/2694/8601 5584/2694/8598 
f 5592/2747/8606 5594/2658/8608 5595/2698/8609 5596/2697/8610 
f 5597/2697/8611 5589/2696/8603 5592/2747/8606 5596/2697/8610 
f 5594/2658/8608 5598/2748/8612 5595/2698/8609 
f 5599/2698/8613 5597/2697/8611 5596/2697/8610 5595/2698/8609 
f 5597/2697/8611 5593/2696/8607 5589/2696/8603 
f 5600/2660/8614 5601/2700/8615 5602/2699/8616 5598/2748/8612 
f 5603/2699/8617 5595/2698/8609 5598/2748/8612 5602/2699/8616 
f 5600/2660/8614 5604/2749/8618 5601/2700/8615 
f 5603/2699/8617 5602/2699/8616 5601/2700/8615 5605/2700/8619 
f 5603/2699/8617 5599/2698/8613 5595/2698/8609 
f 5606/2661/8620 5607/2702/8621 5608/2701/8622 5604/2749/8618 
f 5604/2749/8618 5608/2701/8622 5609/2701/8623 5601/2700/8615 
f 5606/2661/8620 5610/2750/8624 5607/2702/8621 
f 5611/2702/8625 5609/2701/8623 5608/2701/8622 5607/2702/8621 
f 5609/2701/8623 5605/2700/8619 5601/2700/8615 
f 5610/2750/8624 5612/2664/8626 5613/2704/8627 5614/2703/8628 
f 5610/2750/8624 5614/2703/8628 5615/2703/8629 5607/2702/8621 
f 5612/2664/8626 5616/2751/8630 5613/2704/8627 
f 5615/2703/8629 5614/2703/8628 5613/2704/8627 5617/2704/8631 
f 5615/2703/8629 5611/2702/8625 5607/2702/8621 
f 5618/2705/8632 5619/2706/8633 5616/2751/8630 5620/2665/8634 
f 5619/2706/8633 5621/2706/8635 5613/2704/8627 5616/2751/8630 
f 5620/2665/8634 5622/2752/8636 5618/2705/8632 
f 5619/2706/8633 5618/2705/8632 5623/2705/8637 5621/2706/8635 
f 5621/2706/8635 5617/2704/8631 5613/2704/8627 
f 5624/2707/8638 5622/2752/8636 5625/2668/8639 5626/2708/8640 
f 5627/2707/8641 5618/2705/8632 5622/2752/8636 5624/2707/8638 
f 5625/2668/8639 5628/2753/8642 5626/2708/8640 
f 5626/2708/8640 5629/2708/8643 5627/2707/8641 5624/2707/8638 
f 5627/2707/8641 5623/2705/8637 5618/2705/8632 
f 5630/2709/8644 5628/2753/8642 5631/2669/8645 5632/2710/8646 
f 5630/2709/8644 5633/2709/8647 5626/2708/8640 5628/2753/8642 
f 5631/2669/8645 5634/2754/8648 5632/2710/8646 
f 5632/2710/8646 5635/2710/8649 5633/2709/8647 5630/2709/8644 
f 5633/2709/8647 5629/2708/8643 5626/2708/8640 
f 5636/2672/8650 5637/2712/8651 5638/2711/8652 5634/2754/8648 
f 5639/2711/8653 5632/2710/8646 5634/2754/8648 5638/2711/8652 
f 5636/2672/8650 5640/2755/8654 5637/2712/8651 
f 5641/2712/8655 5639/2711/8653 5638/2711/8652 5637/2712/8651 
f 5639/2711/8653 5635/2710/8649 5632/2710/8646 
f 5642/2673/8656 5643/2713/8657 5644/2714/8658 5640/2755/8654 
f 5644/2714/8658 5645/2714/8659 5637/2712/8651 5640/2755/8654 
f 5642/2673/8656 5646/2756/8660 5643/2713/8657 
f 5643/2713/8657 5647/2713/8661 5645/2714/8659 5644/2714/8658 
f 5645/2714/8659 5641/2712/8655 5637/2712/8651 
f 5648/2641/8662 5649/2716/8663 5650/2715/8664 5646/2756/8660 
f 5650/2715/8664 5651/2715/8665 5643/2713/8657 5646/2756/8660 
f 5648/2641/8662 5652/2757/8666 5649/2716/8663 
f 5653/2716/8667 5651/2715/8665 5650/2715/8664 5649/2716/8663 
f 5651/2715/8665 5647/2713/8661 5643/2713/8657 
f 5654/2642/8668 5541/2680/8555 5655/2717/8669 5652/2757/8666 
f 5652/2757/8666 5655/2717/8669 5656/2717/8670 5649/2716/8663 
f 5654/2642/8668 5540/2739/8554 5541/2680/8555 
f 5656/2717/8670 5655/2717/8669 5541/2680/8555 5545/2680/8559 
f 5656/2717/8670 5653/2716/8667 5649/2716/8663 
f 4647/2678/7661 5657/2680/8671 5658/2678/8672 4653/2679/7667 
f 5659/2679/8673 4653/2679/7667 5658/2678/8672 5660/2678/8674 
f 4647/2678/7661 4650/2680/7664 5657/2680/8671 
f 5660/2678/8674 5658/2678/8672 5657/2680/8671 5661/2680/8675 
f 5660/2678/8674 5662/2679/8676 5659/2679/8673 
f 4660/2682/7674 4656/2681/7670 5659/2679/8673 5663/2681/8677 
f 5664/2682/8678 4660/2682/7674 5663/2681/8677 5665/2681/8679 
f 4656/2681/7670 4653/2679/7667 5659/2679/8673 
f 5663/2681/8677 5659/2679/8673 5662/2679/8676 5665/2681/8679 
f 5665/2681/8679 5666/2682/8680 5664/2682/8678 
f 5667/2683/8681 4666/2684/7680 4662/2683/7676 5664/2682/8678 
f 4666/2684/7680 5667/2683/8681 5668/2683/8682 5669/2684/8683 
f 4662/2683/7676 4660/2682/7674 5664/2682/8678 
f 5667/2683/8681 5664/2682/8678 5666/2682/8680 5668/2683/8682 
f 5668/2683/8682 5670/2684/8684 5669/2684/8683 
f 5671/2685/8685 4672/2686/7686 4668/2685/7682 5669/2684/8683 
f 5672/2686/8686 4672/2686/7686 5671/2685/8685 5673/2685/8687 
f 4668/2685/7682 4666/2684/7680 5669/2684/8683 
f 5673/2685/8687 5671/2685/8685 5669/2684/8683 5670/2684/8684 
f 5673/2685/8687 5674/2686/8688 5672/2686/8686 
f 5675/2687/8689 4678/2688/7692 4674/2687/7688 5672/2686/8686 
f 5676/2687/8690 5677/2688/8691 4678/2688/7692 5675/2687/8689 
f 4674/2687/7688 4672/2686/7686 5672/2686/8686 
f 5675/2687/8689 5672/2686/8686 5674/2686/8688 5676/2687/8690 
f 5676/2687/8690 5678/2688/8692 5677/2688/8691 
f 4680/2689/7694 5677/2688/8691 5679/2689/8693 4684/2690/7698 
f 5679/2689/8693 5680/2689/8694 5681/2690/8695 4684/2690/7698 
f 4680/2689/7694 4678/2688/7692 5677/2688/8691 
f 5678/2688/8692 5680/2689/8694 5679/2689/8693 5677/2688/8691 
f 5680/2689/8694 5682/2690/8696 5681/2690/8695 
f 5681/2690/8695 5683/2691/8697 4690/2692/7704 4686/2691/7700 
f 5684/2691/8698 5685/2692/8699 4690/2692/7704 5683/2691/8697 
f 4686/2691/7700 4684/2690/7698 5681/2690/8695 
f 5684/2691/8698 5683/2691/8697 5681/2690/8695 5682/2690/8696 
f 5684/2691/8698 5686/2692/8700 5685/2692/8699 
f 4692/2693/7706 5685/2692/8699 5687/2693/8701 4696/2694/7710 
f 5687/2693/8701 5688/2693/8702 5689/2694/8703 4696/2694/7710 
f 4692/2693/7706 4690/2692/7704 5685/2692/8699 
f 5688/2693/8702 5687/2693/8701 5685/2692/8699 5686/2692/8700 
f 5688/2693/8702 5690/2694/8704 5689/2694/8703 
f 4699/2695/7713 5689/2694/8703 5691/2695/8705 4702/2696/7716 
f 5691/2695/8705 5692/2695/8706 5693/2696/8707 4702/2696/7716 
f 4699/2695/7713 4696/2694/7710 5689/2694/8703 
f 5691/2695/8705 5689/2694/8703 5690/2694/8704 5692/2695/8706 
f 5692/2695/8706 5694/2696/8708 5693/2696/8707 
f 4704/2697/7718 5693/2696/8707 5695/2697/8709 4708/2698/7722 
f 5696/2697/8710 5697/2698/8711 4708/2698/7722 5695/2697/8709 
f 4704/2697/7718 4702/2696/7716 5693/2696/8707 
f 5694/2696/8708 5696/2697/8710 5695/2697/8709 5693/2696/8707 
f 5696/2697/8710 5698/2698/8712 5697/2698/8711 
f 5697/2698/8711 5699/2699/8713 4714/2700/7728 4711/2699/7725 
f 5700/2699/8714 5701/2700/8715 4714/2700/7728 5699/2699/8713 
f 4711/2699/7725 4708/2698/7722 5697/2698/8711 
f 5700/2699/8714 5699/2699/8713 5697/2698/8711 5698/2698/8712 
f 5700/2699/8714 5702/2700/8716 5701/2700/8715 
f 5701/2700/8715 5703/2701/8717 4720/2702/7734 4716/2701/7730 
f 5704/2701/8718 5705/2702/8719 4720/2702/7734 5703/2701/8717 
f 4716/2701/7730 4714/2700/7728 5701/2700/8715 
f 5702/2700/8716 5704/2701/8718 5703/2701/8717 5701/2700/8715 
f 5704/2701/8718 5706/2702/8720 5705/2702/8719 
f 5707/2703/8721 4726/2704/7740 4723/2703/7737 5705/2702/8719 
f 5708/2703/8722 5709/2704/8723 4726/2704/7740 5707/2703/8721 
f 4723/2703/7737 4720/2702/7734 5705/2702/8719 
f 5705/2702/8719 5706/2702/8720 5708/2703/8722 5707/2703/8721 
f 5708/2703/8722 5710/2704/8724 5709/2704/8723 
f 4730/2706/7744 5709/2704/8723 5711/2706/8725 4732/2705/7746 
f 5711/2706/8725 5712/2706/8726 5713/2705/8727 4732/2705/7746 
f 4730/2706/7744 4726/2704/7740 5709/2704/8723 
f 5711/2706/8725 5709/2704/8723 5710/2704/8724 5712/2706/8726 
f 5712/2706/8726 5714/2705/8728 5713/2705/8727 
f 5713/2705/8727 5715/2707/8729 4738/2708/7752 4735/2707/7749 
f 5716/2707/8730 5717/2708/8731 4738/2708/7752 5715/2707/8729 
f 4735/2707/7749 4732/2705/7746 5713/2705/8727 
f 5716/2707/8730 5715/2707/8729 5713/2705/8727 5714/2705/8728 
f 5716/2707/8730 5718/2708/8732 5717/2708/8731 
f 5719/2709/8733 4744/2710/7758 4740/2709/7754 5717/2708/8731 
f 5719/2709/8733 5720/2709/8734 5721/2710/8735 4744/2710/7758 
f 4740/2709/7754 4738/2708/7752 5717/2708/8731 
f 5717/2708/8731 5718/2708/8732 5720/2709/8734 5719/2709/8733 
f 5720/2709/8734 5722/2710/8736 5721/2710/8735 
f 5723/2711/8737 4750/2712/7764 4747/2711/7761 5721/2710/8735 
f 5724/2711/8738 5725/2712/8739 4750/2712/7764 5723/2711/8737 
f 4747/2711/7761 4744/2710/7758 5721/2710/8735 
f 5723/2711/8737 5721/2710/8735 5722/2710/8736 5724/2711/8738 
f 5724/2711/8738 5726/2712/8740 5725/2712/8739 
f 4756/2713/7770 4754/2714/7768 5725/2712/8739 5727/2714/8741 
f 5728/2714/8742 5729/2713/8743 4756/2713/7770 5727/2714/8741 
f 4754/2714/7768 4750/2712/7764 5725/2712/8739 
f 5726/2712/8740 5728/2714/8742 5727/2714/8741 5725/2712/8739 
f 5728/2714/8742 5730/2713/8744 5729/2713/8743 
f 4759/2715/7773 5729/2713/8743 5731/2715/8745 4762/2716/7776 
f 5732/2716/8746 4762/2716/7776 5731/2715/8745 5733/2715/8747 
f 4759/2715/7773 4756/2713/7770 5729/2713/8743 
f 5731/2715/8745 5729/2713/8743 5730/2713/8744 5733/2715/8747 
f 5733/2715/8747 5734/2716/8748 5732/2716/8746 
f 4650/2680/7664 4765/2717/7779 5732/2716/8746 5735/2717/8749 
f 5735/2717/8749 5736/2717/8750 5657/2680/8671 4650/2680/7664 
f 4765/2717/7779 4762/2716/7776 5732/2716/8746 
f 5735/2717/8749 5732/2716/8746 5734/2716/8748 5736/2717/8750 
f 5736/2717/8750 5661/2680/8675 5657/2680/8671 
f 5737/2680/8751 5738/2678/8752 5662/2679/8676 5660/2678/8674 
f 5662/2679/8676 5738/2678/8752 5739/2678/8753 5740/2679/8754 
f 5660/2678/8674 5661/2680/8675 5737/2680/8751 
f 5738/2678/8752 5737/2680/8751 5741/2680/8755 5739/2678/8753 
f 5739/2678/8753 5742/2679/8756 5740/2679/8754 
f 5743/2681/8757 5666/2682/8680 5665/2681/8679 5740/2679/8754 
f 5743/2681/8757 5744/2681/8758 5745/2682/8759 5666/2682/8680 
f 5665/2681/8679 5662/2679/8676 5740/2679/8754 
f 5742/2679/8756 5744/2681/8758 5743/2681/8757 5740/2679/8754 
f 5744/2681/8758 5746/2682/8760 5745/2682/8759 
f 5670/2684/8684 5668/2683/8682 5745/2682/8759 5747/2683/8761 
f 5670/2684/8684 5747/2683/8761 5748/2683/8762 5749/2684/8763 
f 5668/2683/8682 5666/2682/8680 5745/2682/8759 
f 5747/2683/8761 5745/2682/8759 5746/2682/8760 5748/2683/8762 
f 5748/2683/8762 5750/2684/8764 5749/2684/8763 
f 5749/2684/8763 5751/2685/8765 5674/2686/8688 5673/2685/8687 
f 5752/2685/8766 5753/2686/8767 5674/2686/8688 5751/2685/8765 
f 5673/2685/8687 5670/2684/8684 5749/2684/8763 
f 5752/2685/8766 5751/2685/8765 5749/2684/8763 5750/2684/8764 
f 5752/2685/8766 5754/2686/8768 5753/2686/8767 
f 5676/2687/8690 5753/2686/8767 5755/2687/8769 5678/2688/8692 
f 5756/2688/8770 5678/2688/8692 5755/2687/8769 5757/2687/8771 
f 5676/2687/8690 5674/2686/8688 5753/2686/8767 
f 5755/2687/8769 5753/2686/8767 5754/2686/8768 5757/2687/8771 
f 5757/2687/8771 5758/2688/8772 5756/2688/8770 
f 5682/2690/8696 5680/2689/8694 5756/2688/8770 5759/2689/8773 
f 5760/2689/8774 5761/2690/8775 5682/2690/8696 5759/2689/8773 
f 5680/2689/8694 5678/2688/8692 5756/2688/8770 
f 5759/2689/8773 5756/2688/8770 5758/2688/8772 5760/2689/8774 
f 5760/2689/8774 5762/2690/8776 5761/2690/8775 
f 5763/2691/8777 5686/2692/8700 5684/2691/8698 5761/2690/8775 
f 5764/2692/8778 5686/2692/8700 5763/2691/8777 5765/2691/8779 
f 5684/2691/8698 5682/2690/8696 5761/2690/8775 
f 5761/2690/8775 5762/2690/8776 5765/2691/8779 5763/2691/8777 
f 5765/2691/8779 5766/2692/8780 5764/2692/8778 
f 5688/2693/8702 5764/2692/8778 5767/2693/8781 5690/2694/8704 
f 5768/2694/8782 5690/2694/8704 5767/2693/8781 5769/2693/8783 
f 5688/2693/8702 5686/2692/8700 5764/2692/8778 
f 5769/2693/8783 5767/2693/8781 5764/2692/8778 5766/2692/8780 
f 5769/2693/8783 5770/2694/8784 5768/2694/8782 
f 5692/2695/8706 5768/2694/8782 5771/2695/8785 5694/2696/8708 
f 5771/2695/8785 5772/2695/8786 5773/2696/8787 5694/2696/8708 
f 5692/2695/8706 5690/2694/8704 5768/2694/8782 
f 5771/2695/8785 5768/2694/8782 5770/2694/8784 5772/2695/8786 
f 5772/2695/8786 5774/2696/8788 5773/2696/8787 
f 5775/2697/8789 5698/2698/8712 5696/2697/8710 5773/2696/8787 
f 5775/2697/8789 5776/2697/8790 5777/2698/8791 5698/2698/8712 
f 5696/2697/8710 5694/2696/8708 5773/2696/8787 
f 5775/2697/8789 5773/2696/8787 5774/2696/8788 5776/2697/8790 
f 5776/2697/8790 5778/2698/8792 5777/2698/8791 
f 5777/2698/8791 5779/2699/8793 5702/2700/8716 5700/2699/8714 
f 5780/2699/8794 5781/2700/8795 5702/2700/8716 5779/2699/8793 
f 5700/2699/8714 5698/2698/8712 5777/2698/8791 
f 5779/2699/8793 5777/2698/8791 5778/2698/8792 5780/2699/8794 
f 5780/2699/8794 5782/2700/8796 5781/2700/8795 
f 5704/2701/8718 5781/2700/8795 5783/2701/8797 5706/2702/8720 
f 5783/2701/8797 5784/2701/8798 5785/2702/8799 5706/2702/8720 
f 5704/2701/8718 5702/2700/8716 5781/2700/8795 
f 5781/2700/8795 5782/2700/8796 5784/2701/8798 5783/2701/8797 
f 5784/2701/8798 5786/2702/8800 5785/2702/8799 
f 5708/2703/8722 5785/2702/8799 5787/2703/8801 5710/2704/8724 
f 5787/2703/8801 5788/2703/8802 5789/2704/8803 5710/2704/8724 
f 5708/2703/8722 5706/2702/8720 5785/2702/8799 
f 5787/2703/8801 5785/2702/8799 5786/2702/8800 5788/2703/8802 
f 5788/2703/8802 5790/2704/8804 5789/2704/8803 
f 5789/2704/8803 5791/2706/8805 5714/2705/8728 5712/2706/8726 
f 5792/2706/8806 5793/2705/8807 5714/2705/8728 5791/2706/8805 
f 5712/2706/8726 5710/2704/8724 5789/2704/8803 
f 5792/2706/8806 5791/2706/8805 5789/2704/8803 5790/2704/8804 
f 5792/2706/8806 5794/2705/8808 5793/2705/8807 
f 5716/2707/8730 5793/2705/8807 5795/2707/8809 5718/2708/8732 
f 5796/2708/8810 5718/2708/8732 5795/2707/8809 5797/2707/8811 
f 5716/2707/8730 5714/2705/8728 5793/2705/8807 
f 5795/2707/8809 5793/2705/8807 5794/2705/8808 5797/2707/8811 
f 5797/2707/8811 5798/2708/8812 5796/2708/8810 
f 5796/2708/8810 5799/2709/8813 5722/2710/8736 5720/2709/8734 
f 5800/2709/8814 5801/2710/8815 5722/2710/8736 5799/2709/8813 
f 5720/2709/8734 5718/2708/8732 5796/2708/8810 
f 5800/2709/8814 5799/2709/8813 5796/2708/8810 5798/2708/8812 
f 5800/2709/8814 5802/2710/8816 5801/2710/8815 
f 5724/2711/8738 5801/2710/8815 5803/2711/8817 5726/2712/8740 
f 5803/2711/8817 5804/2711/8818 5805/2712/8819 5726/2712/8740 
f 5724/2711/8738 5722/2710/8736 5801/2710/8815 
f 5803/2711/8817 5801/2710/8815 5802/2710/8816 5804/2711/8818 
f 5804/2711/8818 5806/2712/8820 5805/2712/8819 
f 5805/2712/8819 5807/2714/8821 5730/2713/8744 5728/2714/8742 
f 5808/2713/8822 5730/2713/8744 5807/2714/8821 5809/2714/8823 
f 5728/2714/8742 5726/2712/8740 5805/2712/8819 
f 5809/2714/8823 5807/2714/8821 5805/2712/8819 5806/2712/8820 
f 5809/2714/8823 5810/2713/8824 5808/2713/8822 
f 5808/2713/8822 5811/2715/8825 5734/2716/8748 5733/2715/8747 
f 5811/2715/8825 5812/2715/8826 5813/2716/8827 5734/2716/8748 
f 5733/2715/8747 5730/2713/8744 5808/2713/8822 
f 5810/2713/8824 5812/2715/8826 5811/2715/8825 5808/2713/8822 
f 5812/2715/8826 5814/2716/8828 5813/2716/8827 
f 5736/2717/8750 5813/2716/8827 5815/2717/8829 5661/2680/8675 
f 5737/2680/8751 5661/2680/8675 5815/2717/8829 5816/2717/8830 
f 5736/2717/8750 5734/2716/8748 5813/2716/8827 
f 5814/2716/8828 5816/2717/8830 5815/2717/8829 5813/2716/8827 
f 5816/2717/8830 5741/2680/8755 5737/2680/8751 
f 5817/2679/8831 5097/2678/8111 5818/2678/8832 5819/2758/8833 
f 5819/2758/8833 5818/2678/8832 5820/2678/8834 5821/2719/8835 
f 5817/2679/8831 5103/2679/8117 5097/2678/8111 
f 5822/2680/8836 5823/2718/8837 5818/2678/8832 5100/2680/8114 
f 5818/2678/8832 5097/2678/8111 5100/2680/8114 
f 5822/2680/8836 5824/2759/8838 5823/2718/8837 
f 5825/2718/8839 5820/2678/8834 5818/2678/8832 5823/2718/8837 
f 5820/2678/8834 5826/2719/8840 5821/2719/8835 
f 5827/2760/8841 5828/2682/8842 5106/2681/8120 5829/2681/8843 
f 5817/2679/8831 5830/2681/8844 5827/2760/8841 5829/2681/8843 
f 5828/2682/8842 5110/2682/8124 5106/2681/8120 
f 5829/2681/8843 5106/2681/8120 5103/2679/8117 5817/2679/8831 
f 5817/2679/8831 5819/2758/8833 5830/2681/8844 
f 5831/2684/8845 5114/2683/8128 5832/2683/8846 5833/2761/8847 
f 5834/2683/8848 5835/2720/8849 5833/2761/8847 5832/2683/8846 
f 5831/2684/8845 5116/2684/8130 5114/2683/8128 
f 5832/2683/8846 5110/2682/8124 5828/2682/8842 5836/2721/8850 
f 5832/2683/8846 5114/2683/8128 5110/2682/8124 
f 5828/2682/8842 5827/2760/8841 5836/2721/8850 
f 5836/2721/8850 5837/2721/8851 5834/2683/8848 5832/2683/8846 
f 5834/2683/8848 5838/2720/8852 5835/2720/8849 
f 5839/2762/8853 5840/2686/8854 5119/2685/8133 5841/2685/8855 
f 5831/2684/8845 5842/2685/8856 5839/2762/8853 5841/2685/8855 
f 5840/2686/8854 5122/2686/8136 5119/2685/8133 
f 5116/2684/8130 5831/2684/8845 5841/2685/8855 5119/2685/8133 
f 5831/2684/8845 5833/2761/8847 5842/2685/8856 
f 5843/2763/8857 5844/2688/8858 5125/2687/8139 5845/2687/8859 
f 5845/2687/8859 5846/2687/8860 5847/2722/8861 5843/2763/8857 
f 5844/2688/8858 5128/2688/8142 5125/2687/8139 
f 5845/2687/8859 5122/2686/8136 5840/2686/8854 5848/2723/8862 
f 5845/2687/8859 5125/2687/8139 5122/2686/8136 
f 5840/2686/8854 5839/2762/8853 5848/2723/8862 
f 5845/2687/8859 5848/2723/8862 5849/2723/8863 5846/2687/8860 
f 5846/2687/8860 5850/2722/8864 5847/2722/8861 
f 5851/2690/8865 5132/2689/8146 5852/2689/8866 5853/2764/8867 
f 5853/2764/8867 5852/2689/8866 5844/2688/8858 5854/2689/8868 
f 5851/2690/8865 5134/2690/8148 5132/2689/8146 
f 5852/2689/8866 5132/2689/8146 5128/2688/8142 5844/2688/8858 
f 5844/2688/8858 5843/2763/8857 5854/2689/8868 
f 5855/2691/8869 5856/2765/8870 5857/2692/8871 5138/2691/8152 
f 5855/2691/8869 5858/2691/8872 5859/2725/8873 5856/2765/8870 
f 5857/2692/8871 5140/2692/8154 5138/2691/8152 
f 5860/2724/8874 5855/2691/8869 5134/2690/8148 5851/2690/8865 
f 5855/2691/8869 5138/2691/8152 5134/2690/8148 
f 5851/2690/8865 5853/2764/8867 5860/2724/8874 
f 5860/2724/8874 5861/2724/8875 5858/2691/8872 5855/2691/8869 
f 5858/2691/8872 5862/2725/8876 5859/2725/8873 
f 5863/2694/8877 5142/2693/8156 5864/2693/8878 5865/2766/8879 
f 5865/2766/8879 5864/2693/8878 5857/2692/8871 5866/2693/8880 
f 5863/2694/8877 5146/2694/8160 5142/2693/8156 
f 5864/2693/8878 5142/2693/8156 5140/2692/8154 5857/2692/8871 
f 5857/2692/8871 5856/2765/8870 5866/2693/8880 
f 5867/2695/8881 5868/2767/8882 5869/2696/8883 5148/2695/8162 
f 5868/2767/8882 5867/2695/8881 5870/2695/8884 5871/2726/8885 
f 5869/2696/8883 5152/2696/8166 5148/2695/8162 
f 5146/2694/8160 5863/2694/8877 5872/2727/8886 5867/2695/8881 
f 5867/2695/8881 5148/2695/8162 5146/2694/8160 
f 5863/2694/8877 5865/2766/8879 5872/2727/8886 
f 5872/2727/8886 5873/2727/8887 5870/2695/8884 5867/2695/8881 
f 5870/2695/8884 5874/2726/8888 5871/2726/8885 
f 5875/2698/8889 5154/2697/8168 5876/2697/8890 5877/2768/8891 
f 5876/2697/8890 5869/2696/8883 5878/2697/8892 5877/2768/8891 
f 5875/2698/8889 5158/2698/8172 5154/2697/8168 
f 5152/2696/8166 5869/2696/8883 5876/2697/8890 5154/2697/8168 
f 5869/2696/8883 5868/2767/8882 5878/2697/8892 
f 5879/2699/8893 5880/2769/8894 5881/2700/8895 5160/2699/8174 
f 5882/2699/8896 5883/2729/8897 5880/2769/8894 5879/2699/8893 
f 5881/2700/8895 5164/2700/8178 5160/2699/8174 
f 5875/2698/8889 5884/2728/8898 5879/2699/8893 5158/2698/8172 
f 5879/2699/8893 5160/2699/8174 5158/2698/8172 
f 5875/2698/8889 5877/2768/8891 5884/2728/8898 
f 5885/2728/8899 5882/2699/8896 5879/2699/8893 5884/2728/8898 
f 5882/2699/8896 5886/2729/8900 5883/2729/8897 
f 5887/2701/8901 5888/2770/8902 5889/2702/8903 5167/2701/8181 
f 5888/2770/8902 5887/2701/8901 5881/2700/8895 5890/2701/8904 
f 5889/2702/8903 5170/2702/8184 5167/2701/8181 
f 5164/2700/8178 5881/2700/8895 5887/2701/8901 5167/2701/8181 
f 5881/2700/8895 5880/2769/8894 5890/2701/8904 
f 5891/2703/8905 5892/2771/8906 5893/2704/8907 5174/2703/8188 
f 5894/2730/8908 5892/2771/8906 5891/2703/8905 5895/2703/8909 
f 5893/2704/8907 5176/2704/8190 5174/2703/8188 
f 5170/2702/8184 5889/2702/8903 5896/2731/8910 5891/2703/8905 
f 5891/2703/8905 5174/2703/8188 5170/2702/8184 
f 5889/2702/8903 5888/2770/8902 5896/2731/8910 
f 5895/2703/8909 5891/2703/8905 5896/2731/8910 5897/2731/8911 
f 5895/2703/8909 5898/2730/8912 5894/2730/8908 
f 5899/2706/8913 5900/2772/8914 5901/2705/8915 5179/2706/8193 
f 5900/2772/8914 5899/2706/8913 5893/2704/8907 5902/2706/8916 
f 5901/2705/8915 5182/2705/8196 5179/2706/8193 
f 5899/2706/8913 5179/2706/8193 5176/2704/8190 5893/2704/8907 
f 5893/2704/8907 5892/2771/8906 5902/2706/8916 
f 5903/2773/8917 5904/2708/8918 5184/2707/8198 5905/2707/8919 
f 5906/2707/8920 5907/2732/8921 5903/2773/8917 5905/2707/8919 
f 5904/2708/8918 5188/2708/8202 5184/2707/8198 
f 5905/2707/8919 5182/2705/8196 5901/2705/8915 5908/2733/8922 
f 5905/2707/8919 5184/2707/8198 5182/2705/8196 
f 5901/2705/8915 5900/2772/8914 5908/2733/8922 
f 5908/2733/8922 5909/2733/8923 5906/2707/8920 5905/2707/8919 
f 5906/2707/8920 5910/2732/8924 5907/2732/8921 
f 5911/2710/8925 5190/2709/8204 5912/2709/8926 5913/2774/8927 
f 5912/2709/8926 5904/2708/8918 5914/2709/8928 5913/2774/8927 
f 5911/2710/8925 5194/2710/8208 5190/2709/8204 
f 5912/2709/8926 5190/2709/8204 5188/2708/8202 5904/2708/8918 
f 5904/2708/8918 5903/2773/8917 5914/2709/8928 
f 5196/2711/8210 5915/2711/8929 5916/2775/8930 5917/2712/8931 
f 5918/2734/8932 5916/2775/8930 5915/2711/8929 5919/2711/8933 
f 5917/2712/8931 5200/2712/8214 5196/2711/8210 
f 5194/2710/8208 5911/2710/8925 5920/2735/8934 5915/2711/8929 
f 5915/2711/8929 5196/2711/8210 5194/2710/8208 
f 5911/2710/8925 5913/2774/8927 5920/2735/8934 
f 5915/2711/8929 5920/2735/8934 5921/2735/8935 5919/2711/8933 
f 5919/2711/8933 5922/2734/8936 5918/2734/8932 
f 5923/2714/8937 5924/2776/8938 5925/2713/8939 5204/2714/8218 
f 5923/2714/8937 5917/2712/8931 5926/2714/8940 5924/2776/8938 
f 5925/2713/8939 5206/2713/8220 5204/2714/8218 
f 5917/2712/8931 5923/2714/8937 5204/2714/8218 5200/2712/8214 
f 5917/2712/8931 5916/2775/8930 5926/2714/8940 
f 5927/2777/8941 5928/2716/8942 5210/2715/8224 5929/2715/8943 
f 5930/2715/8944 5931/2736/8945 5927/2777/8941 5929/2715/8943 
f 5928/2716/8942 5212/2716/8226 5210/2715/8224 
f 5932/2737/8946 5929/2715/8943 5206/2713/8220 5925/2713/8939 
f 5929/2715/8943 5210/2715/8224 5206/2713/8220 
f 5925/2713/8939 5924/2776/8938 5932/2737/8946 
f 5930/2715/8944 5929/2715/8943 5932/2737/8946 5933/2737/8947 
f 5930/2715/8944 5934/2736/8948 5931/2736/8945 
f 5822/2680/8836 5214/2717/8228 5935/2717/8949 5824/2759/8838 
f 5936/2717/8950 5824/2759/8838 5935/2717/8949 5928/2716/8942 
f 5822/2680/8836 5100/2680/8114 5214/2717/8228 
f 5928/2716/8942 5935/2717/8949 5214/2717/8228 5212/2716/8226 
f 5928/2716/8942 5927/2777/8941 5936/2717/8950 
f 5826/2719/8840 5820/2678/8834 5937/2718/8951 5938/2678/8952 
f 5938/2678/8952 5011/2678/8025 5939/2719/8953 5826/2719/8840 
f 5820/2678/8834 5825/2718/8839 5937/2718/8951 
f 5937/2718/8951 5015/2718/8029 5011/2678/8025 5938/2678/8952 
f 5011/2678/8025 5014/2719/8028 5939/2719/8953 
f 5940/2721/8954 5941/2683/8955 5838/2720/8852 5834/2683/8848 
f 5942/2720/8956 5838/2720/8852 5941/2683/8955 5020/2683/8034 
f 5834/2683/8848 5837/2721/8851 5940/2721/8954 
f 5940/2721/8954 5024/2721/8038 5020/2683/8034 5941/2683/8955 
f 5020/2683/8034 5023/2720/8037 5942/2720/8956 
f 5850/2722/8864 5846/2687/8860 5943/2723/8957 5944/2687/8958 
f 5945/2722/8959 5850/2722/8864 5944/2687/8958 5029/2687/8043 
f 5846/2687/8860 5849/2723/8863 5943/2723/8957 
f 5943/2723/8957 5033/2723/8047 5029/2687/8043 5944/2687/8958 
f 5029/2687/8043 5032/2722/8046 5945/2722/8959 
f 5946/2691/8960 5862/2725/8876 5858/2691/8872 5947/2724/8961 
f 5946/2691/8960 5039/2691/8053 5948/2725/8962 5862/2725/8876 
f 5858/2691/8872 5861/2724/8875 5947/2724/8961 
f 5042/2724/8056 5039/2691/8053 5946/2691/8960 5947/2724/8961 
f 5039/2691/8053 5041/2725/8055 5948/2725/8962 
f 5949/2695/8963 5874/2726/8888 5870/2695/8884 5950/2727/8964 
f 5949/2695/8963 5047/2695/8061 5951/2726/8965 5874/2726/8888 
f 5870/2695/8884 5873/2727/8887 5950/2727/8964 
f 5949/2695/8963 5950/2727/8964 5051/2727/8065 5047/2695/8061 
f 5047/2695/8061 5050/2726/8064 5951/2726/8965 
f 5952/2728/8966 5953/2699/8967 5886/2729/8900 5882/2699/8896 
f 5954/2729/8968 5886/2729/8900 5953/2699/8967 5056/2699/8070 
f 5882/2699/8896 5885/2728/8899 5952/2728/8966 
f 5056/2699/8070 5953/2699/8967 5952/2728/8966 5060/2728/8074 
f 5056/2699/8070 5059/2729/8073 5954/2729/8968 
f 5898/2730/8912 5895/2703/8909 5955/2731/8969 5956/2703/8970 
f 5957/2730/8971 5898/2730/8912 5956/2703/8970 5066/2703/8080 
f 5895/2703/8909 5897/2731/8911 5955/2731/8969 
f 5956/2703/8970 5955/2731/8969 5069/2731/8083 5066/2703/8080 
f 5066/2703/8080 5068/2730/8082 5957/2730/8971 
f 5958/2733/8972 5959/2707/8973 5910/2732/8924 5906/2707/8920 
f 5910/2732/8924 5959/2707/8973 5074/2707/8088 5960/2732/8974 
f 5906/2707/8920 5909/2733/8923 5958/2733/8972 
f 5959/2707/8973 5958/2733/8972 5078/2733/8092 5074/2707/8088 
f 5074/2707/8088 5077/2732/8091 5960/2732/8974 
f 5961/2735/8975 5962/2711/8976 5922/2734/8936 5919/2711/8933 
f 5962/2711/8976 5083/2711/8097 5963/2734/8977 5922/2734/8936 
f 5919/2711/8933 5921/2735/8935 5961/2735/8975 
f 5962/2711/8976 5961/2735/8975 5087/2735/8101 5083/2711/8097 
f 5083/2711/8097 5086/2734/8100 5963/2734/8977 
f 5930/2715/8944 5964/2737/8978 5965/2715/8979 5934/2736/8948 
f 5965/2715/8979 5092/2715/8106 5966/2736/8980 5934/2736/8948 
f 5930/2715/8944 5933/2737/8947 5964/2737/8978 
f 5092/2715/8106 5965/2715/8979 5964/2737/8978 5096/2737/8110 
f 5092/2715/8106 5095/2736/8109 5966/2736/8980 
f 5967/2638/8981 5479/2748/8493 5483/2660/8497 5968/2638/8982 
f 5537/2640/8551 5969/2638/8983 5479/2748/8493 5967/2638/8981 
f 5483/2660/8497 5485/2749/8499 5968/2638/8982 
f 5968/2638/8982 5543/2738/8557 5537/2640/8551 5967/2638/8981 
f 5537/2640/8551 5540/2739/8554 5969/2638/8983 
f 5489/2661/8503 5970/2638/8984 5971/2638/8985 5485/2749/8499 
f 5968/2638/8982 5485/2749/8499 5971/2638/8985 5546/2637/8560 
f 5489/2661/8503 5491/2750/8505 5970/2638/8984 
f 5970/2638/8984 5550/2740/8564 5546/2637/8560 5971/2638/8985 
f 5546/2637/8560 5543/2738/8557 5968/2638/8982 
f 5972/2638/8986 5491/2750/8505 5495/2664/8509 5973/2638/8987 
f 5972/2638/8986 5552/2644/8566 5970/2638/8984 5491/2750/8505 
f 5495/2664/8509 5497/2751/8511 5973/2638/8987 
f 5972/2638/8986 5973/2638/8987 5556/2741/8570 5552/2644/8566 
f 5552/2644/8566 5550/2740/8564 5970/2638/8984 
f 5974/2638/8988 5497/2751/8511 5501/2665/8515 5975/2638/8989 
f 5973/2638/8987 5497/2751/8511 5974/2638/8988 5558/2645/8572 
f 5501/2665/8515 5503/2752/8517 5975/2638/8989 
f 5562/2742/8576 5558/2645/8572 5974/2638/8988 5975/2638/8989 
f 5558/2645/8572 5556/2741/8570 5973/2638/8987 
f 5503/2752/8517 5507/2668/8521 5976/2638/8990 5977/2638/8991 
f 5566/2649/8580 5975/2638/8989 5503/2752/8517 5977/2638/8991 
f 5507/2668/8521 5509/2753/8523 5976/2638/8990 
f 5566/2649/8580 5977/2638/8991 5976/2638/8990 5568/2743/8582 
f 5566/2649/8580 5562/2742/8576 5975/2638/8989 
f 5978/2638/8992 5509/2753/8523 5513/2669/8527 5979/2638/8993 
f 5570/2650/8584 5976/2638/8990 5509/2753/8523 5978/2638/8992 
f 5513/2669/8527 5515/2754/8529 5979/2638/8993 
f 5978/2638/8992 5979/2638/8993 5574/2744/8588 5570/2650/8584 
f 5570/2650/8584 5568/2743/8582 5976/2638/8990 
f 5980/2638/8994 5515/2754/8529 5519/2672/8533 5981/2638/8995 
f 5979/2638/8993 5515/2754/8529 5980/2638/8994 5577/2654/8591 
f 5519/2672/8533 5521/2755/8535 5981/2638/8995 
f 5980/2638/8994 5981/2638/8995 5580/2745/8594 5577/2654/8591 
f 5577/2654/8591 5574/2744/8588 5979/2638/8993 
f 5982/2638/8996 5983/2638/8997 5521/2755/8535 5525/2673/8539 
f 5981/2638/8995 5521/2755/8535 5983/2638/8997 5583/2652/8597 
f 5525/2673/8539 5527/2756/8541 5982/2638/8996 
f 5982/2638/8996 5586/2746/8600 5583/2652/8597 5983/2638/8997 
f 5583/2652/8597 5580/2745/8594 5981/2638/8995 
f 5984/2638/8998 5527/2756/8541 5531/2641/8545 5985/2638/8999 
f 5982/2638/8996 5527/2756/8541 5984/2638/8998 5588/2657/8602 
f 5531/2641/8545 5533/2757/8547 5985/2638/8999 
f 5588/2657/8602 5984/2638/8998 5985/2638/8999 5592/2747/8606 
f 5588/2657/8602 5586/2746/8600 5982/2638/8996 
f 5986/2638/9000 5533/2757/8547 5536/2642/8550 5987/2638/9001 
f 5594/2658/8608 5985/2638/8999 5533/2757/8547 5986/2638/9000 
f 5536/2642/8550 5425/2739/8439 5987/2638/9001 
f 5986/2638/9000 5987/2638/9001 5598/2748/8612 5594/2658/8608 
f 5594/2658/8608 5592/2747/8606 5985/2638/8999 
f 5988/2638/9002 5989/2638/9003 5425/2739/8439 5421/2640/8435 
f 5987/2638/9001 5425/2739/8439 5989/2638/9003 5600/2660/8614 
f 5421/2640/8435 5424/2738/8438 5988/2638/9002 
f 5600/2660/8614 5989/2638/9003 5988/2638/9002 5604/2749/8618 
f 5600/2660/8614 5598/2748/8612 5987/2638/9001 
f 5990/2638/9004 5424/2738/8438 5429/2637/8443 5991/2638/9005 
f 5988/2638/9002 5424/2738/8438 5990/2638/9004 5606/2661/8620 
f 5429/2637/8443 5431/2740/8445 5991/2638/9005 
f 5991/2638/9005 5610/2750/8624 5606/2661/8620 5990/2638/9004 
f 5606/2661/8620 5604/2749/8618 5988/2638/9002 
f 5992/2638/9006 5431/2740/8445 5435/2644/8449 5993/2638/9007 
f 5992/2638/9006 5612/2664/8626 5991/2638/9005 5431/2740/8445 
f 5435/2644/8449 5437/2741/8451 5993/2638/9007 
f 5612/2664/8626 5992/2638/9006 5993/2638/9007 5616/2751/8630 
f 5612/2664/8626 5610/2750/8624 5991/2638/9005 
f 5994/2638/9008 5437/2741/8451 5441/2645/8455 5995/2638/9009 
f 5993/2638/9007 5437/2741/8451 5994/2638/9008 5620/2665/8634 
f 5441/2645/8455 5443/2742/8457 5995/2638/9009 
f 5995/2638/9009 5622/2752/8636 5620/2665/8634 5994/2638/9008 
f 5620/2665/8634 5616/2751/8630 5993/2638/9007 
f 5996/2638/9010 5443/2742/8457 5447/2649/8461 5997/2638/9011 
f 5995/2638/9009 5443/2742/8457 5996/2638/9010 5625/2668/8639 
f 5447/2649/8461 5449/2743/8463 5997/2638/9011 
f 5996/2638/9010 5997/2638/9011 5628/2753/8642 5625/2668/8639 
f 5625/2668/8639 5622/2752/8636 5995/2638/9009 
f 5998/2638/9012 5999/2638/9013 5449/2743/8463 5453/2650/8467 
f 5999/2638/9013 5631/2669/8645 5997/2638/9011 5449/2743/8463 
f 5453/2650/8467 5455/2744/8469 5998/2638/9012 
f 5634/2754/8648 5631/2669/8645 5999/2638/9013 5998/2638/9012 
f 5631/2669/8645 5628/2753/8642 5997/2638/9011 
f 6000/2638/9014 5455/2744/8469 5459/2654/8473 6001/2638/9015 
f 6000/2638/9014 5636/2672/8650 5998/2638/9012 5455/2744/8469 
f 5459/2654/8473 5461/2745/8475 6001/2638/9015 
f 5640/2755/8654 5636/2672/8650 6000/2638/9014 6001/2638/9015 
f 5636/2672/8650 5634/2754/8648 5998/2638/9012 
f 6002/2638/9016 6003/2638/9017 5461/2745/8475 5465/2652/8479 
f 6001/2638/9015 5461/2745/8475 6003/2638/9017 5642/2673/8656 
f 5465/2652/8479 5467/2746/8481 6002/2638/9016 
f 5642/2673/8656 6003/2638/9017 6002/2638/9016 5646/2756/8660 
f 5642/2673/8656 5640/2755/8654 6001/2638/9015 
f 5471/2657/8485 6004/2638/9018 6005/2638/9019 5467/2746/8481 
f 5648/2641/8662 6002/2638/9016 5467/2746/8481 6005/2638/9019 
f 5471/2657/8485 5473/2747/8487 6004/2638/9018 
f 5648/2641/8662 6005/2638/9019 6004/2638/9018 5652/2757/8666 
f 5648/2641/8662 5646/2756/8660 6002/2638/9016 
f 5969/2638/8983 6006/2638/9020 5473/2747/8487 5477/2658/8491 
f 6004/2638/9018 5473/2747/8487 6006/2638/9020 5654/2642/8668 
f 5477/2658/8491 5479/2748/8493 5969/2638/8983 
f 5969/2638/8983 5540/2739/8554 5654/2642/8668 6006/2638/9020 
f 5654/2642/8668 5652/2757/8666 6004/2638/9018 
f 6007/2679/9021 6008/2719/9022 6009/2678/9023 4894/2679/7908 
f 4894/2679/7908 6009/2678/9023 6010/2680/9024 4892/2678/7906 
f 6007/2679/9021 6011/2758/9025 6008/2719/9022 
f 5013/2719/8027 5009/2678/8023 6012/2718/9026 6009/2678/9023 
f 6009/2678/9023 6008/2719/9022 5013/2719/8027 
f 5009/2678/8023 5008/2718/8022 6012/2718/9026 
f 6012/2718/9026 6013/2759/9027 6010/2680/9024 6009/2678/9023 
f 6010/2680/9024 4895/2680/7909 4892/2678/7906 
f 6014/2682/9028 6015/2681/9029 6016/2681/9030 4901/2682/7915 
f 6007/2679/9021 4899/2681/7913 4901/2682/7915 6016/2681/9030 
f 6014/2682/9028 6017/2760/9031 6015/2681/9029 
f 6015/2681/9029 6011/2758/9025 6007/2679/9021 6016/2681/9030 
f 6007/2679/9021 4894/2679/7908 4899/2681/7913 
f 6018/2683/9032 4907/2684/7921 6019/2684/9033 6020/2720/9034 
f 4905/2683/7919 4907/2684/7921 6018/2683/9032 6014/2682/9028 
f 6019/2684/9033 6021/2761/9035 6020/2720/9034 
f 6018/2683/9032 5022/2720/8036 5019/2683/8033 6022/2721/9036 
f 6018/2683/9032 6020/2720/9034 5022/2720/8036 
f 5019/2683/8033 5018/2721/8032 6022/2721/9036 
f 6017/2760/9031 6014/2682/9028 6018/2683/9032 6022/2721/9036 
f 6014/2682/9028 4901/2682/7915 4905/2683/7919 
f 4913/2686/7927 6023/2686/9037 6024/2685/9038 6025/2685/9039 
f 6019/2684/9033 4911/2685/7925 4913/2686/7927 6025/2685/9039 
f 6023/2686/9037 6026/2762/9040 6024/2685/9038 
f 6021/2761/9035 6019/2684/9033 6025/2685/9039 6024/2685/9038 
f 6019/2684/9033 4907/2684/7921 4911/2685/7925 
f 6027/2687/9041 4919/2688/7933 6028/2688/9042 6029/2722/9043 
f 6023/2686/9037 4917/2687/7931 4919/2688/7933 6027/2687/9041 
f 6028/2688/9042 6030/2763/9044 6029/2722/9043 
f 6027/2687/9041 5031/2722/8045 5028/2687/8042 6031/2723/9045 
f 6027/2687/9041 6029/2722/9043 5031/2722/8045 
f 5028/2687/8042 5027/2723/8041 6031/2723/9045 
f 6027/2687/9041 6031/2723/9045 6026/2762/9040 6023/2686/9037 
f 6023/2686/9037 4913/2686/7927 4917/2687/7931 
f 6032/2689/9046 6033/2689/9047 4925/2690/7939 6034/2690/9048 
f 4923/2689/7937 4925/2690/7939 6033/2689/9047 6028/2688/9042 
f 6034/2690/9048 6035/2764/9049 6032/2689/9046 
f 6033/2689/9047 6032/2689/9046 6030/2763/9044 6028/2688/9042 
f 6028/2688/9042 4919/2688/7933 4923/2689/7937 
f 6036/2725/9050 6037/2691/9051 4931/2692/7945 6038/2692/9052 
f 4929/2691/7943 4931/2692/7945 6037/2691/9051 6034/2690/9048 
f 6038/2692/9052 6039/2765/9053 6036/2725/9050 
f 6037/2691/9051 5040/2725/8054 5036/2691/8050 6040/2724/9054 
f 6037/2691/9051 6036/2725/9050 5040/2725/8054 
f 5036/2691/8050 5035/2724/8049 6040/2724/9054 
f 6037/2691/9051 6040/2724/9054 6035/2764/9049 6034/2690/9048 
f 6034/2690/9048 4925/2690/7939 4929/2691/7943 
f 6041/2693/9055 4937/2694/7951 6042/2694/9056 6043/2693/9057 
f 6038/2692/9052 4935/2693/7949 4937/2694/7951 6041/2693/9055 
f 6042/2694/9056 6044/2766/9058 6043/2693/9057 
f 6041/2693/9055 6043/2693/9057 6039/2765/9053 6038/2692/9052 
f 6038/2692/9052 4931/2692/7945 4935/2693/7949 
f 6045/2695/9059 4943/2696/7957 6046/2696/9060 6047/2726/9061 
f 6042/2694/9056 4941/2695/7955 4943/2696/7957 6045/2695/9059 
f 6046/2696/9060 6048/2767/9062 6047/2726/9061 
f 5043/2695/8057 6049/2727/9063 6045/2695/9059 5049/2726/8063 
f 6045/2695/9059 6047/2726/9061 5049/2726/8063 
f 5043/2695/8057 5046/2727/8060 6049/2727/9063 
f 6049/2727/9063 6044/2766/9058 6042/2694/9056 6045/2695/9059 
f 6042/2694/9056 4937/2694/7951 4941/2695/7955 
f 6050/2697/9064 4949/2698/7963 6051/2698/9065 6052/2697/9066 
f 6046/2696/9060 4947/2697/7961 4949/2698/7963 6050/2697/9064 
f 6051/2698/9065 6053/2768/9067 6052/2697/9066 
f 6048/2767/9062 6046/2696/9060 6050/2697/9064 6052/2697/9066 
f 6046/2696/9060 4943/2696/7957 4947/2697/7961 
f 6054/2700/9068 6055/2729/9069 6056/2699/9070 4955/2700/7969 
f 6051/2698/9065 4953/2699/7967 4955/2700/7969 6056/2699/9070 
f 6054/2700/9068 6057/2769/9071 6055/2729/9069 
f 6056/2699/9070 5058/2729/8072 5053/2699/8067 6058/2728/9072 
f 6056/2699/9070 6055/2729/9069 5058/2729/8072 
f 5053/2699/8067 5052/2728/8066 6058/2728/9072 
f 6053/2768/9067 6051/2698/9065 6056/2699/9070 6058/2728/9072 
f 6051/2698/9065 4949/2698/7963 4953/2699/7967 
f 6059/2702/9073 6060/2701/9074 6061/2701/9075 4961/2702/7975 
f 4961/2702/7975 6061/2701/9075 6054/2700/9068 4959/2701/7973 
f 6059/2702/9073 6062/2770/9076 6060/2701/9074 
f 6054/2700/9068 6061/2701/9075 6060/2701/9074 6057/2769/9071 
f 6054/2700/9068 4955/2700/7969 4959/2701/7973 
f 6063/2703/9077 4967/2704/7981 6064/2704/9078 6065/2730/9079 
f 6063/2703/9077 6059/2702/9073 4965/2703/7979 4967/2704/7981 
f 6064/2704/9078 6066/2771/9080 6065/2730/9079 
f 6063/2703/9077 5067/2730/8081 5064/2703/8078 6067/2731/9081 
f 6063/2703/9077 6065/2730/9079 5067/2730/8081 
f 5064/2703/8078 5063/2731/8077 6067/2731/9081 
f 6063/2703/9077 6067/2731/9081 6062/2770/9076 6059/2702/9073 
f 6059/2702/9073 4961/2702/7975 4965/2703/7979 
f 6068/2705/9082 6069/2706/9083 6070/2706/9084 4973/2705/7987 
f 6064/2704/9078 4971/2706/7985 4973/2705/7987 6070/2706/9084 
f 6068/2705/9082 6071/2772/9085 6069/2706/9083 
f 6069/2706/9083 6066/2771/9080 6064/2704/9078 6070/2706/9084 
f 6064/2704/9078 4967/2704/7981 4971/2706/7985 
f 6072/2732/9086 6073/2707/9087 4979/2708/7993 6074/2708/9088 
f 4979/2708/7993 6073/2707/9087 6068/2705/9082 4977/2707/7991 
f 6074/2708/9088 6075/2773/9089 6072/2732/9086 
f 6073/2707/9087 5076/2732/8090 5073/2707/8087 6076/2733/9090 
f 6073/2707/9087 6072/2732/9086 5076/2732/8090 
f 5073/2707/8087 5072/2733/8086 6076/2733/9090 
f 6073/2707/9087 6076/2733/9090 6071/2772/9085 6068/2705/9082 
f 6068/2705/9082 4973/2705/7987 4977/2707/7991 
f 6077/2709/9091 4985/2710/7999 6078/2710/9092 6079/2709/9093 
f 6074/2708/9088 4983/2709/7997 4985/2710/7999 6077/2709/9091 
f 6078/2710/9092 6080/2774/9094 6079/2709/9093 
f 6075/2773/9089 6074/2708/9088 6077/2709/9091 6079/2709/9093 
f 6074/2708/9088 4979/2708/7993 4983/2709/7997 
f 6081/2711/9095 4991/2712/8005 6082/2712/9096 6083/2734/9097 
f 4989/2711/8003 4991/2712/8005 6081/2711/9095 6078/2710/9092 
f 6082/2712/9096 6084/2775/9098 6083/2734/9097 
f 6081/2711/9095 5085/2734/8099 5079/2711/8093 6085/2735/9099 
f 6081/2711/9095 6083/2734/9097 5085/2734/8099 
f 5079/2711/8093 5082/2735/8096 6085/2735/9099 
f 6081/2711/9095 6085/2735/9099 6080/2774/9094 6078/2710/9092 
f 6078/2710/9092 4985/2710/7999 4989/2711/8003 
f 6086/2714/9100 4997/2713/8011 6087/2713/9101 6088/2714/9102 
f 4995/2714/8009 4997/2713/8011 6086/2714/9100 6082/2712/9096 
f 6087/2713/9101 6089/2776/9103 6088/2714/9102 
f 6082/2712/9096 6086/2714/9100 6088/2714/9102 6084/2775/9098 
f 6082/2712/9096 4991/2712/8005 4995/2714/8009 
f 6090/2715/9104 5003/2716/8017 6091/2716/9105 6092/2736/9106 
f 5001/2715/8015 5003/2716/8017 6090/2715/9104 6087/2713/9101 
f 6091/2716/9105 6093/2777/9107 6092/2736/9106 
f 6090/2715/9104 5094/2736/8108 5088/2715/8102 6094/2737/9108 
f 6090/2715/9104 6092/2736/9106 5094/2736/8108 
f 5088/2715/8102 5091/2737/8105 6094/2737/9108 
f 6090/2715/9104 6094/2737/9108 6089/2776/9103 6087/2713/9101 
f 6087/2713/9101 4997/2713/8011 5001/2715/8015 
f 6095/2717/9109 4895/2680/7909 6010/2680/9024 6096/2717/9110 
f 6091/2716/9105 5006/2717/8020 4895/2680/7909 6095/2717/9109 
f 6010/2680/9024 6013/2759/9027 6096/2717/9110 
f 6093/2777/9107 6091/2716/9105 6095/2717/9109 6096/2717/9110 
f 6091/2716/9105 5003/2716/8017 5006/2717/8020 
f 6097/2678/9111 5419/2680/8433 6098/2680/9112 6099/2678/9113 
f 6097/2678/9111 6100/2679/9114 5420/2678/8434 5419/2680/8433 
f 6098/2680/9112 6101/2680/9115 6099/2678/9113 
f 6100/2679/9114 6097/2678/9111 6099/2678/9113 6102/2679/9116 
f 6100/2679/9114 5423/2679/8437 5420/2678/8434 
f 6103/2681/9117 6104/2681/9118 5423/2679/8437 6100/2679/9114 
f 6105/2682/9119 5426/2681/8440 5423/2679/8437 6104/2681/9118 
f 6100/2679/9114 6102/2679/9116 6103/2681/9117 
f 6104/2681/9118 6103/2681/9117 6106/2682/9120 6105/2682/9119 
f 6105/2682/9119 5430/2682/8444 5426/2681/8440 
f 6107/2683/9121 5430/2682/8444 6105/2682/9119 6108/2683/9122 
f 6107/2683/9121 6109/2684/9123 5432/2683/8446 5430/2682/8444 
f 6105/2682/9119 6106/2682/9120 6108/2683/9122 
f 6108/2683/9122 6110/2684/9124 6109/2684/9123 6107/2683/9121 
f 6109/2684/9123 5436/2684/8450 5432/2683/8446 
f 5436/2684/8450 6109/2684/9123 6111/2685/9125 6112/2685/9126 
f 6113/2686/9127 5439/2685/8453 5436/2684/8450 6112/2685/9126 
f 6109/2684/9123 6110/2684/9124 6111/2685/9125 
f 6113/2686/9127 6112/2685/9126 6111/2685/9125 6114/2686/9128 
f 6113/2686/9127 5442/2686/8456 5439/2685/8453 
f 6115/2687/9129 5442/2686/8456 6113/2686/9127 6116/2687/9130 
f 5442/2686/8456 6115/2687/9129 6117/2688/9131 5445/2687/8459 
f 6113/2686/9127 6114/2686/9128 6116/2687/9130 
f 6115/2687/9129 6116/2687/9130 6118/2688/9132 6117/2688/9131 
f 6117/2688/9131 5448/2688/8462 5445/2687/8459 
f 6119/2689/9133 5448/2688/8462 6117/2688/9131 6120/2689/9134 
f 6121/2690/9135 5450/2689/8464 5448/2688/8462 6119/2689/9133 
f 6117/2688/9131 6118/2688/9132 6120/2689/9134 
f 6121/2690/9135 6119/2689/9133 6120/2689/9134 6122/2690/9136 
f 6121/2690/9135 5454/2690/8468 5450/2689/8464 
f 6123/2691/9137 5454/2690/8468 6121/2690/9135 6124/2691/9138 
f 5456/2691/8470 5454/2690/8468 6123/2691/9137 6125/2692/9139 
f 6121/2690/9135 6122/2690/9136 6124/2691/9138 
f 6125/2692/9139 6123/2691/9137 6124/2691/9138 6126/2692/9140 
f 6125/2692/9139 5460/2692/8474 5456/2691/8470 
f 6127/2693/9141 5460/2692/8474 6125/2692/9139 6128/2693/9142 
f 5462/2693/8476 5460/2692/8474 6127/2693/9141 6129/2694/9143 
f 6125/2692/9139 6126/2692/9140 6128/2693/9142 
f 6127/2693/9141 6128/2693/9142 6130/2694/9144 6129/2694/9143 
f 6129/2694/9143 5466/2694/8480 5462/2693/8476 
f 6131/2695/9145 5466/2694/8480 6129/2694/9143 6132/2695/9146 
f 6133/2696/9147 5468/2695/8482 5466/2694/8480 6131/2695/9145 
f 6129/2694/9143 6130/2694/9144 6132/2695/9146 
f 6134/2696/9148 6133/2696/9147 6131/2695/9145 6132/2695/9146 
f 6133/2696/9147 5472/2696/8486 5468/2695/8482 
f 6135/2697/9149 6136/2697/9150 5472/2696/8486 6133/2696/9147 
f 5472/2696/8486 6136/2697/9150 6137/2698/9151 5474/2697/8488 
f 6133/2696/9147 6134/2696/9148 6135/2697/9149 
f 6138/2698/9152 6137/2698/9151 6136/2697/9150 6135/2697/9149 
f 6137/2698/9151 5478/2698/8492 5474/2697/8488 
f 6139/2699/9153 6140/2699/9154 5478/2698/8492 6137/2698/9151 
f 5481/2699/8495 5478/2698/8492 6140/2699/9154 6141/2700/9155 
f 6137/2698/9151 6138/2698/9152 6139/2699/9153 
f 6142/2700/9156 6141/2700/9155 6140/2699/9154 6139/2699/9153 
f 6141/2700/9155 5484/2700/8498 5481/2699/8495 
f 6143/2701/9157 5484/2700/8498 6141/2700/9155 6144/2701/9158 
f 6145/2702/9159 5486/2701/8500 5484/2700/8498 6143/2701/9157 
f 6141/2700/9155 6142/2700/9156 6144/2701/9158 
f 6143/2701/9157 6144/2701/9158 6146/2702/9160 6145/2702/9159 
f 6145/2702/9159 5490/2702/8504 5486/2701/8500 
f 6147/2703/9161 6148/2703/9162 5490/2702/8504 6145/2702/9159 
f 6148/2703/9162 6149/2704/9163 5493/2703/8507 5490/2702/8504 
f 6145/2702/9159 6146/2702/9160 6147/2703/9161 
f 6147/2703/9161 6150/2704/9164 6149/2704/9163 6148/2703/9162 
f 6149/2704/9163 5496/2704/8510 5493/2703/8507 
f 6151/2706/9165 5496/2704/8510 6149/2704/9163 6152/2706/9166 
f 6153/2705/9167 5498/2706/8512 5496/2704/8510 6151/2706/9165 
f 6149/2704/9163 6150/2704/9164 6152/2706/9166 
f 6152/2706/9166 6154/2705/9168 6153/2705/9167 6151/2706/9165 
f 6153/2705/9167 5502/2705/8516 5498/2706/8512 
f 6155/2707/9169 5502/2705/8516 6153/2705/9167 6156/2707/9170 
f 5502/2705/8516 6155/2707/9169 6157/2708/9171 5504/2707/8518 
f 6153/2705/9167 6154/2705/9168 6156/2707/9170 
f 6157/2708/9171 6155/2707/9169 6156/2707/9170 6158/2708/9172 
f 6157/2708/9171 5508/2708/8522 5504/2707/8518 
f 6159/2709/9173 5508/2708/8522 6157/2708/9171 6160/2709/9174 
f 5510/2709/8524 5508/2708/8522 6159/2709/9173 6161/2710/9175 
f 6157/2708/9171 6158/2708/9172 6160/2709/9174 
f 6162/2710/9176 6161/2710/9175 6159/2709/9173 6160/2709/9174 
f 6161/2710/9175 5514/2710/8528 5510/2709/8524 
f 5514/2710/8528 6161/2710/9175 6163/2711/9177 6164/2711/9178 
f 6165/2712/9179 5516/2711/8530 5514/2710/8528 6164/2711/9178 
f 6161/2710/9175 6162/2710/9176 6163/2711/9177 
f 6166/2712/9180 6165/2712/9179 6164/2711/9178 6163/2711/9177 
f 6165/2712/9179 5520/2712/8534 5516/2711/8530 
f 6167/2714/9181 6168/2714/9182 5520/2712/8534 6165/2712/9179 
f 6169/2713/9183 5522/2714/8536 5520/2712/8534 6168/2714/9182 
f 6165/2712/9179 6166/2712/9180 6167/2714/9181 
f 6167/2714/9181 6170/2713/9184 6169/2713/9183 6168/2714/9182 
f 6169/2713/9183 5526/2713/8540 5522/2714/8536 
f 6171/2715/9185 5526/2713/8540 6169/2713/9183 6172/2715/9186 
f 5528/2715/8542 5526/2713/8540 6171/2715/9185 6173/2716/9187 
f 6169/2713/9183 6170/2713/9184 6172/2715/9186 
f 6173/2716/9187 6171/2715/9185 6172/2715/9186 6174/2716/9188 
f 6173/2716/9187 5532/2716/8546 5528/2715/8542 
f 6175/2717/9189 6176/2717/9190 5532/2716/8546 6173/2716/9187 
f 6176/2717/9190 6098/2680/9112 5534/2717/8548 5532/2716/8546 
f 6173/2716/9187 6174/2716/9188 6175/2717/9189 
f 6175/2717/9189 6101/2680/9115 6098/2680/9112 6176/2717/9190 
f 6098/2680/9112 5419/2680/8433 5534/2717/8548 
f 5542/2678/8556 6177/2679/9191 6178/2678/9192 5545/2680/8559 
f 6178/2678/9192 4609/2640/7630 6179/2680/9193 5545/2680/8559 
f 5542/2678/8556 5544/2679/8558 6177/2679/9191 
f 6177/2679/9191 4612/2643/7633 4609/2640/7630 6178/2678/9192 
f 4609/2640/7630 4608/2639/7629 6179/2680/9193 
f 5549/2681/8563 6180/2682/9194 6181/2681/9195 5544/2679/8558 
f 6181/2681/9195 4606/2637/7627 6177/2679/9191 5544/2679/8558 
f 5549/2681/8563 5551/2682/8565 6180/2682/9194 
f 4606/2637/7627 6181/2681/9195 6180/2682/9194 4615/2646/7636 
f 4606/2637/7627 4612/2643/7633 6177/2679/9191 
f 5555/2683/8569 6182/2684/9196 6183/2683/9197 5551/2682/8565 
f 6183/2683/9197 4613/2644/7634 6180/2682/9194 5551/2682/8565 
f 5555/2683/8569 5557/2684/8571 6182/2684/9196 
f 6182/2684/9196 4616/2647/7633 4613/2644/7634 6183/2683/9197 
f 4613/2644/7634 4615/2646/7636 6180/2682/9194 
f 6184/2685/9198 5557/2684/8571 5561/2685/8575 6185/2686/9199 
f 6184/2685/9198 4614/2645/7635 6182/2684/9196 5557/2684/8571 
f 5561/2685/8575 5563/2686/8577 6185/2686/9199 
f 4617/2648/7637 4614/2645/7635 6184/2685/9198 6185/2686/9199 
f 4614/2645/7635 4616/2647/7633 6182/2684/9196 
f 5567/2687/8581 6186/2688/9200 6187/2687/9201 5563/2686/8577 
f 6187/2687/9201 4618/2649/7638 6185/2686/9199 5563/2686/8577 
f 5567/2687/8581 5569/2688/8583 6186/2688/9200 
f 6187/2687/9201 6186/2688/9200 4620/2651/7633 4618/2649/7638 
f 4618/2649/7638 4617/2648/7637 6185/2686/9199 
f 6188/2689/9202 5569/2688/8583 5573/2689/8587 6189/2690/9203 
f 6188/2689/9202 4619/2650/7639 6186/2688/9200 5569/2688/8583 
f 5573/2689/8587 5575/2690/8589 6189/2690/9203 
f 6188/2689/9202 6189/2690/9203 4622/2653/7641 4619/2650/7639 
f 4619/2650/7639 4620/2651/7633 6186/2688/9200 
f 6190/2691/9204 5575/2690/8589 5579/2691/8593 6191/2692/9205 
f 4623/2654/7642 6189/2690/9203 5575/2690/8589 6190/2691/9204 
f 5579/2691/8593 5581/2692/8595 6191/2692/9205 
f 6191/2692/9205 4624/2655/7633 4623/2654/7642 6190/2691/9204 
f 4623/2654/7642 4622/2653/7641 6189/2690/9203 
f 5585/2693/8599 6192/2694/9206 6193/2693/9207 5581/2692/8595 
f 6191/2692/9205 5581/2692/8595 6193/2693/9207 4621/2652/7640 
f 5585/2693/8599 5587/2694/8601 6192/2694/9206 
f 4621/2652/7640 6193/2693/9207 6192/2694/9206 4625/2656/7643 
f 4621/2652/7640 4624/2655/7633 6191/2692/9205 
f 6194/2696/9208 6195/2695/9209 5587/2694/8601 5591/2695/8605 
f 6192/2694/9206 5587/2694/8601 6195/2695/9209 4626/2657/7644 
f 5591/2695/8605 5593/2696/8607 6194/2696/9208 
f 6194/2696/9208 4628/2659/7633 4626/2657/7644 6195/2695/9209 
f 4626/2657/7644 4625/2656/7643 6192/2694/9206 
f 6196/2698/9210 6197/2697/9211 5593/2696/8607 5597/2697/8611 
f 6197/2697/9211 4627/2658/7645 6194/2696/9208 5593/2696/8607 
f 5597/2697/8611 5599/2698/8613 6196/2698/9210 
f 6196/2698/9210 4631/2662/7648 4627/2658/7645 6197/2697/9211 
f 4627/2658/7645 4628/2659/7633 6194/2696/9208 
f 6198/2700/9212 6199/2699/9213 5599/2698/8613 5603/2699/8617 
f 4629/2660/7646 6196/2698/9210 5599/2698/8613 6199/2699/9213 
f 5603/2699/8617 5605/2700/8619 6198/2700/9212 
f 4629/2660/7646 6199/2699/9213 6198/2700/9212 4632/2663/7649 
f 4629/2660/7646 4631/2662/7648 6196/2698/9210 
f 6200/2702/9214 6201/2701/9215 5605/2700/8619 5609/2701/8623 
f 6201/2701/9215 4630/2661/7647 6198/2700/9212 5605/2700/8619 
f 5609/2701/8623 5611/2702/8625 6200/2702/9214 
f 4630/2661/7647 6201/2701/9215 6200/2702/9214 4635/2666/7652 
f 4630/2661/7647 4632/2663/7649 6198/2700/9212 
f 6202/2704/9216 6203/2703/9217 5611/2702/8625 5615/2703/8629 
f 6200/2702/9214 5611/2702/8625 6203/2703/9217 4633/2664/7650 
f 5615/2703/8629 5617/2704/8631 6202/2704/9216 
f 4633/2664/7650 6203/2703/9217 6202/2704/9216 4636/2667/7633 
f 4633/2664/7650 4635/2666/7652 6200/2702/9214 
f 5621/2706/8635 6204/2705/9218 6205/2706/9219 5617/2704/8631 
f 6202/2704/9216 5617/2704/8631 6205/2706/9219 4634/2665/7651 
f 5621/2706/8635 5623/2705/8637 6204/2705/9218 
f 4634/2665/7651 6205/2706/9219 6204/2705/9218 4639/2670/7655 
f 4634/2665/7651 4636/2667/7633 6202/2704/9216 
f 5627/2707/8641 6206/2708/9220 6207/2707/9221 5623/2705/8637 
f 6207/2707/9221 4637/2668/7653 6204/2705/9218 5623/2705/8637 
f 5627/2707/8641 5629/2708/8643 6206/2708/9220 
f 6206/2708/9220 4640/2671/7633 4637/2668/7653 6207/2707/9221 
f 4637/2668/7653 4639/2670/7655 6204/2705/9218 
f 6208/2709/9222 5629/2708/8643 5633/2709/8647 6209/2710/9223 
f 6208/2709/9222 4638/2669/7654 6206/2708/9220 5629/2708/8643 
f 5633/2709/8647 5635/2710/8649 6209/2710/9223 
f 6209/2710/9223 4643/2674/7658 4638/2669/7654 6208/2709/9222 
f 4638/2669/7654 4640/2671/7633 6206/2708/9220 
f 6210/2711/9224 5635/2710/8649 5639/2711/8653 6211/2712/9225 
f 4641/2672/7656 6209/2710/9223 5635/2710/8649 6210/2711/9224 
f 5639/2711/8653 5641/2712/8655 6211/2712/9225 
f 4641/2672/7656 6210/2711/9224 6211/2712/9225 4644/2675/7659 
f 4641/2672/7656 4643/2674/7658 6209/2710/9223 
f 6212/2714/9226 5641/2712/8655 5645/2714/8659 6213/2713/9227 
f 6212/2714/9226 4642/2673/7657 6211/2712/9225 5641/2712/8655 
f 5645/2714/8659 5647/2713/8661 6213/2713/9227 
f 6213/2713/9227 4645/2676/7660 4642/2673/7657 6212/2714/9226 
f 4642/2673/7657 4644/2675/7659 6211/2712/9225 
f 5651/2715/8665 6214/2716/9228 6215/2715/9229 5647/2713/8661 
f 6213/2713/9227 5647/2713/8661 6215/2715/9229 4610/2641/7631 
f 5651/2715/8665 5653/2716/8667 6214/2716/9228 
f 4610/2641/7631 6215/2715/9229 6214/2716/9228 4646/2677/7649 
f 4610/2641/7631 4645/2676/7660 6213/2713/9227 
f 6179/2680/9193 6216/2717/9230 5653/2716/8667 5656/2717/8670 
f 6214/2716/9228 5653/2716/8667 6216/2717/9230 4611/2642/7632 
f 5656/2717/8670 5545/2680/8559 6179/2680/9193 
f 6216/2717/9230 6179/2680/9193 4608/2639/7629 4611/2642/7632 
f 4611/2642/7632 4646/2677/7649 6214/2716/9228 
f 5101/2678/8115 6217/2678/9231 5220/2680/8234 6218/2680/9232 
f 6219/2679/9233 5217/2678/8231 5220/2680/8234 6217/2678/9231 
f 6218/2680/9232 5105/2680/8119 5101/2678/8115 
f 5101/2678/8115 5104/2679/8118 6219/2679/9233 6217/2678/9231 
f 6219/2679/9233 5223/2679/8237 5217/2678/8231 
f 6220/2681/9234 5223/2679/8237 6219/2679/9233 5109/2681/8123 
f 5223/2679/8237 6220/2681/9234 6221/2682/9235 5228/2681/8242 
f 6219/2679/9233 5104/2679/8118 5109/2681/8123 
f 6220/2681/9234 5109/2681/8123 5111/2682/8125 6221/2682/9235 
f 6221/2682/9235 5230/2682/8244 5228/2681/8242 
f 6222/2683/9236 5230/2682/8244 6221/2682/9235 5115/2683/8129 
f 6223/2684/9237 5233/2683/8247 5230/2682/8244 6222/2683/9236 
f 6221/2682/9235 5111/2682/8125 5115/2683/8129 
f 6223/2684/9237 6222/2683/9236 5115/2683/8129 5117/2684/8131 
f 6223/2684/9237 5236/2684/8250 5233/2683/8247 
f 6223/2684/9237 5121/2685/8135 6224/2685/9238 5236/2684/8250 
f 6225/2686/9239 5238/2685/8252 5236/2684/8250 6224/2685/9238 
f 6223/2684/9237 5117/2684/8131 5121/2685/8135 
f 5123/2686/8137 6225/2686/9239 6224/2685/9238 5121/2685/8135 
f 6225/2686/9239 5242/2686/8256 5238/2685/8252 
f 6225/2686/9239 5127/2687/8141 6226/2687/9240 5242/2686/8256 
f 6227/2688/9241 5244/2687/8258 5242/2686/8256 6226/2687/9240 
f 6225/2686/9239 5123/2686/8137 5127/2687/8141 
f 5127/2687/8141 5129/2688/8143 6227/2688/9241 6226/2687/9240 
f 6227/2688/9241 5248/2688/8262 5244/2687/8258 
f 6227/2688/9241 5133/2689/8147 6228/2689/9242 5248/2688/8262 
f 5252/2689/8266 5248/2688/8262 6228/2689/9242 6229/2690/9243 
f 6227/2688/9241 5129/2688/8143 5133/2689/8147 
f 6228/2689/9242 5133/2689/8147 5135/2690/8149 6229/2690/9243 
f 6229/2690/9243 5254/2690/8268 5252/2689/8266 
f 6230/2691/9244 5254/2690/8268 6229/2690/9243 5139/2691/8153 
f 5254/2690/8268 6230/2691/9244 6231/2692/9245 5256/2691/8270 
f 6229/2690/9243 5135/2690/8149 5139/2691/8153 
f 6230/2691/9244 5139/2691/8153 5141/2692/8155 6231/2692/9245 
f 6231/2692/9245 5260/2692/8274 5256/2691/8270 
f 5145/2693/8159 6232/2693/9246 5260/2692/8274 6231/2692/9245 
f 6232/2693/9246 6233/2694/9247 5264/2693/8278 5260/2692/8274 
f 6231/2692/9245 5141/2692/8155 5145/2693/8159 
f 6233/2694/9247 6232/2693/9246 5145/2693/8159 5147/2694/8161 
f 6233/2694/9247 5266/2694/8280 5264/2693/8278 
f 5151/2695/8165 6234/2695/9248 5266/2694/8280 6233/2694/9247 
f 6235/2696/9249 5268/2695/8282 5266/2694/8280 6234/2695/9248 
f 6233/2694/9247 5147/2694/8161 5151/2695/8165 
f 6235/2696/9249 6234/2695/9248 5151/2695/8165 5153/2696/8167 
f 6235/2696/9249 5272/2696/8286 5268/2695/8282 
f 5272/2696/8286 6235/2696/9249 5157/2697/8171 6236/2697/9250 
f 5272/2696/8286 6236/2697/9250 6237/2698/9251 5274/2697/8288 
f 6235/2696/9249 5153/2696/8167 5157/2697/8171 
f 6237/2698/9251 6236/2697/9250 5157/2697/8171 5159/2698/8173 
f 6237/2698/9251 5278/2698/8292 5274/2697/8288 
f 5278/2698/8292 6237/2698/9251 5163/2699/8177 6238/2699/9252 
f 5278/2698/8292 6238/2699/9252 6239/2700/9253 5280/2699/8294 
f 6237/2698/9251 5159/2698/8173 5163/2699/8177 
f 6238/2699/9252 5163/2699/8177 5165/2700/8179 6239/2700/9253 
f 6239/2700/9253 5284/2700/8298 5280/2699/8294 
f 6240/2701/9254 5284/2700/8298 6239/2700/9253 5169/2701/8183 
f 5287/2701/8301 5284/2700/8298 6240/2701/9254 6241/2702/9255 
f 6239/2700/9253 5165/2700/8179 5169/2701/8183 
f 6240/2701/9254 5169/2701/8183 5171/2702/8185 6241/2702/9255 
f 6241/2702/9255 5290/2702/8304 5287/2701/8301 
f 5175/2703/8189 6242/2703/9256 5290/2702/8304 6241/2702/9255 
f 6243/2704/9257 5294/2703/8308 5290/2702/8304 6242/2703/9256 
f 6241/2702/9255 5171/2702/8185 5175/2703/8189 
f 5175/2703/8189 5177/2704/8191 6243/2704/9257 6242/2703/9256 
f 6243/2704/9257 5296/2704/8310 5294/2703/8308 
f 5296/2704/8310 6243/2704/9257 5181/2706/8195 6244/2706/9258 
f 6245/2705/9259 5299/2706/8313 5296/2704/8310 6244/2706/9258 
f 6243/2704/9257 5177/2704/8191 5181/2706/8195 
f 5181/2706/8195 5183/2705/8197 6245/2705/9259 6244/2706/9258 
f 6245/2705/9259 5302/2705/8316 5299/2706/8313 
f 5187/2707/8201 6246/2707/9260 5302/2705/8316 6245/2705/9259 
f 6246/2707/9260 6247/2708/9261 5305/2707/8319 5302/2705/8316 
f 6245/2705/9259 5183/2705/8197 5187/2707/8201 
f 6247/2708/9261 6246/2707/9260 5187/2707/8201 5189/2708/8203 
f 6247/2708/9261 5308/2708/8322 5305/2707/8319 
f 5308/2708/8322 6247/2708/9261 5193/2709/8207 6248/2709/9262 
f 5310/2709/8324 5308/2708/8322 6248/2709/9262 6249/2710/9263 
f 6247/2708/9261 5189/2708/8203 5193/2709/8207 
f 6248/2709/9262 5193/2709/8207 5195/2710/8209 6249/2710/9263 
f 6249/2710/9263 5314/2710/8328 5310/2709/8324 
f 5199/2711/8213 6250/2711/9264 5314/2710/8328 6249/2710/9263 
f 5316/2711/8330 5314/2710/8328 6250/2711/9264 6251/2712/9265 
f 6249/2710/9263 5195/2710/8209 5199/2711/8213 
f 6251/2712/9265 6250/2711/9264 5199/2711/8213 5201/2712/8215 
f 6251/2712/9265 5320/2712/8334 5316/2711/8330 
f 6252/2714/9266 5320/2712/8334 6251/2712/9265 5205/2714/8219 
f 5322/2714/8336 5320/2712/8334 6252/2714/9266 6253/2713/9267 
f 6251/2712/9265 5201/2712/8215 5205/2714/8219 
f 6252/2714/9266 5205/2714/8219 5207/2713/8221 6253/2713/9267 
f 6253/2713/9267 5326/2713/8340 5322/2714/8336 
f 5326/2713/8340 6253/2713/9267 5211/2715/8225 6254/2715/9268 
f 5326/2713/8340 6254/2715/9268 6255/2716/9269 5329/2715/8343 
f 6253/2713/9267 5207/2713/8221 5211/2715/8225 
f 6254/2715/9268 5211/2715/8225 5213/2716/8227 6255/2716/9269 
f 6255/2716/9269 5332/2716/8346 5329/2715/8343 
f 5332/2716/8346 6255/2716/9269 5216/2717/8230 6256/2717/9270 
f 5334/2717/8348 5332/2716/8346 6256/2717/9270 6218/2680/9232 
f 6255/2716/9269 5213/2716/8227 5216/2717/8230 
f 6256/2717/9270 5216/2717/8230 5105/2680/8119 6218/2680/9232 
f 6218/2680/9232 5220/2680/8234 5334/2717/8348 
f 6257/2778/9271 5013/2719/8027 6258/2778/9272 6259/2778/9273 
f 6260/2778/9274 5010/2719/8024 5013/2719/8027 6257/2778/9271 
f 6258/2778/9272 6261/2779/9275 6259/2778/9273 
f 6259/2778/9273 6262/2778/9276 6260/2778/9274 6257/2778/9271 
f 6260/2778/9274 5014/2719/8028 5010/2719/8024 
f 6263/2780/9277 6264/2780/9278 6265/2780/9279 5015/2718/8029 
f 6266/2780/9280 5012/2718/8026 5015/2718/8029 6265/2780/9279 
f 6263/2780/9277 6267/2780/9281 6264/2780/9278 
f 6266/2780/9280 6265/2780/9279 6264/2780/9278 6268/2781/9282 
f 6266/2780/9280 5008/2718/8022 5012/2718/8026 
f 5022/2720/8036 6269/2782/9283 6270/2782/9284 6271/2782/9285 
f 6272/2782/9286 5016/2720/8030 5022/2720/8036 6271/2782/9285 
f 6269/2782/9283 6273/2783/9287 6270/2782/9284 
f 6272/2782/9286 6271/2782/9285 6270/2782/9284 6274/2782/9288 
f 6272/2782/9286 5023/2720/8037 5016/2720/8030 
f 6275/2784/9289 5024/2721/8038 6276/2784/9290 6277/2784/9291 
f 5021/2721/8035 5024/2721/8038 6275/2784/9289 6278/2784/9292 
f 6276/2784/9290 6279/2784/9293 6277/2784/9291 
f 6275/2784/9289 6277/2784/9291 6280/2785/9294 6278/2784/9292 
f 6278/2784/9292 5018/2721/8032 5021/2721/8035 
f 6281/2786/9295 6282/2786/9296 5031/2722/8045 6283/2786/9297 
f 5031/2722/8045 6282/2786/9296 6284/2786/9298 5025/2722/8039 
f 6283/2786/9297 6285/2787/9299 6281/2786/9295 
f 6284/2786/9298 6282/2786/9296 6281/2786/9295 6286/2786/9300 
f 6284/2786/9298 5032/2722/8046 5025/2722/8039 
f 6287/2788/9301 6288/2788/9302 5033/2723/8047 6289/2788/9303 
f 6290/2788/9304 5030/2723/8044 5033/2723/8047 6288/2788/9302 
f 6289/2788/9303 6291/2788/9305 6287/2788/9301 
f 6290/2788/9304 6288/2788/9302 6287/2788/9301 6292/2789/9306 
f 6290/2788/9304 5027/2723/8041 5030/2723/8044 
f 6293/2790/9307 6294/2790/9308 6295/2790/9309 5040/2725/8054 
f 6295/2790/9309 6296/2790/9310 5037/2725/8051 5040/2725/8054 
f 6293/2790/9307 6297/2791/9311 6294/2790/9308 
f 6294/2790/9308 6298/2790/9312 6296/2790/9310 6295/2790/9309 
f 6296/2790/9310 5041/2725/8055 5037/2725/8051 
f 6299/2792/9313 5042/2724/8056 6300/2792/9314 6301/2792/9315 
f 6302/2792/9316 5038/2724/8052 5042/2724/8056 6299/2792/9313 
f 6300/2792/9314 6303/2792/9317 6301/2792/9315 
f 6302/2792/9316 6299/2792/9313 6301/2792/9315 6304/2793/9318 
f 6302/2792/9316 5035/2724/8049 5038/2724/8052 
f 6305/2794/9319 5049/2726/8063 6306/2794/9320 6307/2794/9321 
f 6308/2794/9322 5044/2726/8058 5049/2726/8063 6305/2794/9319 
f 6306/2794/9320 6309/2795/9323 6307/2794/9321 
f 6310/2794/9324 6308/2794/9322 6305/2794/9319 6307/2794/9321 
f 6308/2794/9322 5050/2726/8064 5044/2726/8058 
f 6311/2796/9325 6312/2796/9326 6313/2796/9327 5051/2727/8065 
f 5048/2727/8062 5051/2727/8065 6313/2796/9327 6314/2796/9328 
f 6311/2796/9325 6315/2796/9329 6312/2796/9326 
f 6314/2796/9328 6313/2796/9327 6312/2796/9326 6316/2797/9330 
f 6314/2796/9328 5046/2727/8060 5048/2727/8062 
f 6317/2798/9331 6318/2798/9332 6319/2798/9333 5058/2729/8072 
f 5054/2729/8068 5058/2729/8072 6319/2798/9333 6320/2798/9334 
f 6317/2798/9331 6321/2799/9335 6318/2798/9332 
f 6322/2798/9336 6320/2798/9334 6319/2798/9333 6318/2798/9332 
f 6320/2798/9334 5059/2729/8073 5054/2729/8068 
f 6323/2800/9337 5060/2728/8074 6324/2800/9338 6325/2800/9339 
f 6326/2800/9340 5057/2728/8071 5060/2728/8074 6323/2800/9337 
f 6324/2800/9338 6327/2800/9341 6325/2800/9339 
f 6325/2800/9339 6328/2801/9342 6326/2800/9340 6323/2800/9337 
f 6326/2800/9340 5052/2728/8066 5057/2728/8071 
f 6329/2802/9343 6330/2802/9344 6331/2802/9345 5067/2730/8081 
f 5067/2730/8081 6331/2802/9345 6332/2802/9346 5061/2730/8075 
f 6329/2802/9343 6333/2803/9347 6330/2802/9344 
f 6334/2802/9348 6332/2802/9346 6331/2802/9345 6330/2802/9344 
f 6332/2802/9346 5068/2730/8082 5061/2730/8075 
f 6335/2804/9349 5069/2731/8083 6336/2804/9350 6337/2804/9351 
f 6338/2804/9352 5065/2731/8079 5069/2731/8083 6335/2804/9349 
f 6336/2804/9350 6339/2804/9353 6337/2804/9351 
f 6338/2804/9352 6335/2804/9349 6337/2804/9351 6340/2805/9354 
f 6338/2804/9352 5063/2731/8077 5065/2731/8079 
f 6341/2806/9355 5076/2732/8090 6342/2806/9356 6343/2806/9357 
f 6344/2806/9358 5070/2732/8084 5076/2732/8090 6341/2806/9355 
f 6342/2806/9356 6345/2807/9359 6343/2806/9357 
f 6343/2806/9357 6346/2806/9360 6344/2806/9358 6341/2806/9355 
f 6344/2806/9358 5077/2732/8091 5070/2732/8084 
f 6347/2808/9361 6348/2808/9362 6349/2808/9363 5078/2733/8092 
f 6350/2808/9364 5075/2733/8089 5078/2733/8092 6349/2808/9363 
f 6347/2808/9361 6351/2808/9365 6348/2808/9362 
f 6350/2808/9364 6349/2808/9363 6348/2808/9362 6352/2809/9366 
f 6350/2808/9364 5072/2733/8086 5075/2733/8089 
f 6353/2810/9367 5085/2734/8099 6354/2810/9368 6355/2810/9369 
f 6356/2810/9370 5080/2734/8094 5085/2734/8099 6353/2810/9367 
f 6354/2810/9368 6357/2811/9371 6355/2810/9369 
f 6353/2810/9367 6355/2810/9369 6358/2810/9372 6356/2810/9370 
f 6356/2810/9370 5086/2734/8100 5080/2734/8094 
f 6359/2812/9373 5087/2735/8101 6360/2812/9374 6361/2812/9375 
f 6362/2812/9376 5084/2735/8098 5087/2735/8101 6359/2812/9373 
f 6360/2812/9374 6363/2812/9377 6361/2812/9375 
f 6361/2812/9375 6364/2813/9378 6362/2812/9376 6359/2812/9373 
f 6362/2812/9376 5082/2735/8096 5084/2735/8098 
f 6365/2814/9379 5094/2736/8108 6366/2814/9380 6367/2814/9381 
f 6368/2814/9382 5089/2736/8103 5094/2736/8108 6365/2814/9379 
f 6366/2814/9380 6369/2815/9383 6367/2814/9381 
f 6367/2814/9381 6370/2814/9384 6368/2814/9382 6365/2814/9379 
f 6368/2814/9382 5095/2736/8109 5089/2736/8103 
f 6371/2816/9385 6372/2816/9386 6373/2816/9387 5096/2737/8110 
f 5096/2737/8110 6373/2816/9387 6374/2816/9388 5093/2737/8107 
f 6371/2816/9385 6375/2816/9389 6372/2816/9386 
f 6372/2816/9386 6376/2817/9390 6374/2816/9388 6373/2816/9387 
f 6374/2816/9388 5091/2737/8105 5093/2737/8107 
f 6377/2780/9391 5824/2759/8838 6378/2781/9392 6379/2780/9393 
f 5824/2759/8838 6377/2780/9391 5825/2718/8839 5823/2718/8837 
f 6378/2781/9392 6380/2781/9394 6379/2780/9393 
f 6377/2780/9391 6379/2780/9393 5825/2718/8839 
f 6381/2778/9395 5826/2719/8840 6382/2778/9396 6383/2779/9397 
f 5819/2758/8833 5821/2719/8835 5826/2719/8840 6381/2778/9395 
f 6382/2778/9396 6384/2779/9398 6383/2779/9397 
f 6381/2778/9395 6383/2779/9397 5819/2758/8833 
f 6385/2681/9399 6386/2681/9400 5819/2758/8833 6383/2779/9397 
f 5830/2681/8844 5819/2758/8833 6386/2681/9400 6387/2785/9401 
f 6383/2779/9397 6384/2779/9398 6385/2681/9399 
f 6385/2681/9399 6388/2785/9402 6387/2785/9401 6386/2681/9400 
f 6387/2785/9401 5827/2760/8841 5830/2681/8844 
f 5827/2760/8841 6387/2785/9401 6389/2784/9403 6390/2784/9404 
f 6390/2784/9404 5837/2721/8851 5836/2721/8850 5827/2760/8841 
f 6387/2785/9401 6388/2785/9402 6389/2784/9403 
f 6390/2784/9404 6389/2784/9403 5837/2721/8851 
f 5838/2720/8852 6391/2782/9405 6392/2783/9406 6393/2782/9407 
f 6393/2782/9407 5833/2761/8847 5835/2720/8849 5838/2720/8852 
f 6391/2782/9405 6394/2783/9408 6392/2783/9406 
f 6393/2782/9407 6392/2783/9406 5833/2761/8847 
f 5833/2761/8847 6392/2783/9406 6395/2685/9409 6396/2685/9410 
f 6397/2789/9411 5842/2685/8856 5833/2761/8847 6396/2685/9410 
f 6392/2783/9406 6394/2783/9408 6395/2685/9409 
f 6395/2685/9409 6398/2789/9412 6397/2789/9411 6396/2685/9410 
f 6397/2789/9411 5839/2762/8853 5842/2685/8856 
f 6399/2788/9413 5839/2762/8853 6397/2789/9411 6400/2788/9414 
f 6399/2788/9413 5849/2723/8863 5848/2723/8862 5839/2762/8853 
f 6397/2789/9411 6398/2789/9412 6400/2788/9414 
f 6399/2788/9413 6400/2788/9414 5849/2723/8863 
f 6401/2787/9415 6402/2786/9416 5850/2722/8864 6403/2786/9417 
f 5847/2722/8861 5850/2722/8864 6402/2786/9416 5843/2763/8857 
f 6403/2786/9417 6404/2787/9418 6401/2787/9415 
f 6402/2786/9416 6401/2787/9415 5843/2763/8857 
f 6405/2689/9419 6406/2689/9420 5843/2763/8857 6401/2787/9415 
f 5854/2689/8868 5843/2763/8857 6406/2689/9420 6407/2793/9421 
f 6401/2787/9415 6404/2787/9418 6405/2689/9419 
f 6407/2793/9421 6406/2689/9420 6405/2689/9419 6408/2793/9422 
f 6407/2793/9421 5853/2764/8867 5854/2689/8868 
f 6407/2793/9421 6409/2792/9423 6410/2792/9424 5853/2764/8867 
f 5853/2764/8867 6410/2792/9424 5861/2724/8875 5860/2724/8874 
f 6407/2793/9421 6408/2793/9422 6409/2792/9423 
f 6410/2792/9424 6409/2792/9423 5861/2724/8875 
f 5862/2725/8876 6411/2790/9425 6412/2791/9426 6413/2790/9427 
f 5856/2765/8870 5859/2725/8873 5862/2725/8876 6413/2790/9427 
f 6411/2790/9425 6414/2791/9428 6412/2791/9426 
f 6413/2790/9427 6412/2791/9426 5856/2765/8870 
f 6415/2693/9429 6416/2693/9430 5856/2765/8870 6412/2791/9426 
f 5856/2765/8870 6416/2693/9430 6417/2797/9431 5866/2693/8880 
f 6412/2791/9426 6414/2791/9428 6415/2693/9429 
f 6418/2797/9432 6417/2797/9431 6416/2693/9430 6415/2693/9429 
f 6417/2797/9431 5865/2766/8879 5866/2693/8880 
f 6419/2796/9433 6420/2796/9434 5865/2766/8879 6417/2797/9431 
f 5865/2766/8879 6420/2796/9434 5873/2727/8887 5872/2727/8886 
f 6417/2797/9431 6418/2797/9432 6419/2796/9433 
f 6420/2796/9434 6419/2796/9433 5873/2727/8887 
f 6421/2794/9435 5874/2726/8888 6422/2794/9436 6423/2795/9437 
f 5868/2767/8882 5871/2726/8885 5874/2726/8888 6421/2794/9435 
f 6422/2794/9436 6424/2795/9438 6423/2795/9437 
f 6421/2794/9435 6423/2795/9437 5868/2767/8882 
f 6425/2697/9439 6426/2697/9440 5868/2767/8882 6423/2795/9437 
f 6427/2801/9441 5878/2697/8892 5868/2767/8882 6426/2697/9440 
f 6423/2795/9437 6424/2795/9438 6425/2697/9439 
f 6427/2801/9441 6426/2697/9440 6425/2697/9439 6428/2801/9442 
f 6427/2801/9441 5877/2768/8891 5878/2697/8892 
f 6427/2801/9441 6429/2800/9443 6430/2800/9444 5877/2768/8891 
f 5877/2768/8891 6430/2800/9444 5885/2728/8899 5884/2728/8898 
f 6427/2801/9441 6428/2801/9442 6429/2800/9443 
f 6430/2800/9444 6429/2800/9443 5885/2728/8899 
f 6431/2799/9445 6432/2798/9446 5886/2729/8900 6433/2798/9447 
f 5886/2729/8900 6432/2798/9446 5880/2769/8894 5883/2729/8897 
f 6433/2798/9447 6434/2799/9448 6431/2799/9445 
f 6432/2798/9446 6431/2799/9445 5880/2769/8894 
f 6435/2701/9449 5880/2769/8894 6431/2799/9445 6436/2701/9450 
f 6437/2805/9451 5890/2701/8904 5880/2769/8894 6435/2701/9449 
f 6431/2799/9445 6434/2799/9448 6436/2701/9450 
f 6438/2805/9452 6437/2805/9451 6435/2701/9449 6436/2701/9450 
f 6437/2805/9451 5888/2770/8902 5890/2701/8904 
f 6437/2805/9451 6439/2804/9453 6440/2804/9454 5888/2770/8902 
f 5897/2731/8911 5896/2731/8910 5888/2770/8902 6440/2804/9454 
f 6437/2805/9451 6438/2805/9452 6439/2804/9453 
f 6440/2804/9454 6439/2804/9453 5897/2731/8911 
f 6441/2802/9455 6442/2803/9456 6443/2802/9457 5898/2730/8912 
f 5898/2730/8912 6443/2802/9457 5892/2771/8906 5894/2730/8908 
f 6441/2802/9455 6444/2803/9458 6442/2803/9456 
f 6443/2802/9457 6442/2803/9456 5892/2771/8906 
f 5892/2771/8906 6442/2803/9456 6445/2706/9459 6446/2706/9460 
f 6447/2809/9461 5902/2706/8916 5892/2771/8906 6446/2706/9460 
f 6442/2803/9456 6444/2803/9458 6445/2706/9459 
f 6446/2706/9460 6445/2706/9459 6448/2809/9462 6447/2809/9461 
f 6447/2809/9461 5900/2772/8914 5902/2706/8916 
f 6447/2809/9461 6449/2808/9463 6450/2808/9464 5900/2772/8914 
f 5900/2772/8914 6450/2808/9464 5909/2733/8923 5908/2733/8922 
f 6447/2809/9461 6448/2809/9462 6449/2808/9463 
f 6450/2808/9464 6449/2808/9463 5909/2733/8923 
f 5910/2732/8924 6451/2806/9465 6452/2807/9466 6453/2806/9467 
f 6453/2806/9467 5903/2773/8917 5907/2732/8921 5910/2732/8924 
f 6451/2806/9465 6454/2807/9468 6452/2807/9466 
f 6453/2806/9467 6452/2807/9466 5903/2773/8917 
f 6455/2709/9469 6456/2709/9470 5903/2773/8917 6452/2807/9466 
f 5903/2773/8917 6456/2709/9470 6457/2813/9471 5914/2709/8928 
f 6452/2807/9466 6454/2807/9468 6455/2709/9469 
f 6457/2813/9471 6456/2709/9470 6455/2709/9469 6458/2813/9472 
f 6457/2813/9471 5913/2774/8927 5914/2709/8928 
f 6459/2812/9473 5913/2774/8927 6457/2813/9471 6460/2812/9474 
f 6459/2812/9473 5921/2735/8935 5920/2735/8934 5913/2774/8927 
f 6457/2813/9471 6458/2813/9472 6460/2812/9474 
f 6459/2812/9473 6460/2812/9474 5921/2735/8935 
f 6461/2810/9475 5922/2734/8936 6462/2810/9476 6463/2811/9477 
f 5916/2775/8930 5918/2734/8932 5922/2734/8936 6461/2810/9475 
f 6462/2810/9476 6464/2811/9478 6463/2811/9477 
f 6461/2810/9475 6463/2811/9477 5916/2775/8930 
f 6463/2811/9477 6465/2714/9479 6466/2714/9480 5916/2775/8930 
f 6467/2817/9481 5926/2714/8940 5916/2775/8930 6466/2714/9480 
f 6463/2811/9477 6464/2811/9478 6465/2714/9479 
f 6467/2817/9481 6466/2714/9480 6465/2714/9479 6468/2817/9482 
f 6467/2817/9481 5924/2776/8938 5926/2714/8940 
f 6469/2816/9483 5924/2776/8938 6467/2817/9481 6470/2816/9484 
f 5924/2776/8938 6469/2816/9483 5933/2737/8947 5932/2737/8946 
f 6467/2817/9481 6468/2817/9482 6470/2816/9484 
f 6469/2816/9483 6470/2816/9484 5933/2737/8947 
f 5934/2736/8948 6471/2814/9485 6472/2815/9486 6473/2814/9487 
f 5934/2736/8948 6473/2814/9487 5927/2777/8941 5931/2736/8945 
f 6471/2814/9485 6474/2815/9488 6472/2815/9486 
f 6473/2814/9487 6472/2815/9486 5927/2777/8941 
f 6475/2717/9489 6476/2717/9490 5927/2777/8941 6472/2815/9486 
f 6378/2781/9392 5936/2717/8950 5927/2777/8941 6476/2717/9490 
f 6472/2815/9486 6474/2815/9488 6475/2717/9489 
f 6380/2781/9394 6378/2781/9392 6476/2717/9490 6475/2717/9489 
f 6378/2781/9392 5824/2759/8838 5936/2717/8950 
f 6477/2780/9491 5825/2718/8839 6379/2780/9393 6478/2780/9492 
f 5825/2718/8839 6477/2780/9491 6263/2780/9277 5937/2718/8951 
f 6379/2780/9393 6380/2781/9394 6478/2780/9492 
f 6478/2780/9492 6267/2780/9281 6263/2780/9277 6477/2780/9491 
f 6263/2780/9277 5015/2718/8029 5937/2718/8951 
f 6479/2778/9493 6480/2778/9494 5014/2719/8028 6260/2778/9274 
f 6382/2778/9396 5939/2719/8953 5014/2719/8028 6480/2778/9494 
f 6260/2778/9274 6262/2778/9276 6479/2778/9493 
f 6382/2778/9396 6480/2778/9494 6479/2778/9493 6384/2779/9398 
f 6382/2778/9396 5826/2719/8840 5939/2719/8953 
f 6389/2784/9403 6481/2784/9495 6482/2784/9496 5837/2721/8851 
f 5940/2721/8954 5837/2721/8851 6482/2784/9496 6276/2784/9290 
f 6389/2784/9403 6388/2785/9402 6481/2784/9495 
f 6481/2784/9495 6279/2784/9293 6276/2784/9290 6482/2784/9496 
f 6276/2784/9290 5024/2721/8038 5940/2721/8954 
f 6483/2782/9497 5023/2720/8037 6272/2782/9286 6484/2782/9498 
f 5023/2720/8037 6483/2782/9497 6391/2782/9405 5942/2720/8956 
f 6272/2782/9286 6274/2782/9288 6484/2782/9498 
f 6484/2782/9498 6394/2783/9408 6391/2782/9405 6483/2782/9497 
f 6391/2782/9405 5838/2720/8852 5942/2720/8956 
f 5849/2723/8863 6400/2788/9414 6485/2788/9499 6486/2788/9500 
f 5943/2723/8957 5849/2723/8863 6486/2788/9500 6289/2788/9303 
f 6400/2788/9414 6398/2789/9412 6485/2788/9499 
f 6289/2788/9303 6486/2788/9500 6485/2788/9499 6291/2788/9305 
f 6289/2788/9303 5033/2723/8047 5943/2723/8957 
f 6487/2786/9501 5032/2722/8046 6284/2786/9298 6488/2786/9502 
f 5032/2722/8046 6487/2786/9501 6403/2786/9417 5945/2722/8959 
f 6284/2786/9298 6286/2786/9300 6488/2786/9502 
f 6403/2786/9417 6487/2786/9501 6488/2786/9502 6404/2787/9418 
f 6403/2786/9417 5850/2722/8864 5945/2722/8959 
f 6489/2792/9503 5861/2724/8875 6409/2792/9423 6490/2792/9504 
f 6300/2792/9314 5947/2724/8961 5861/2724/8875 6489/2792/9503 
f 6409/2792/9423 6408/2793/9422 6490/2792/9504 
f 6300/2792/9314 6489/2792/9503 6490/2792/9504 6303/2792/9317 
f 6300/2792/9314 5042/2724/8056 5947/2724/8961 
f 6491/2790/9505 5041/2725/8055 6296/2790/9310 6492/2790/9506 
f 5041/2725/8055 6491/2790/9505 6411/2790/9425 5948/2725/8962 
f 6296/2790/9310 6298/2790/9312 6492/2790/9506 
f 6414/2791/9428 6411/2790/9425 6491/2790/9505 6492/2790/9506 
f 6411/2790/9425 5862/2725/8876 5948/2725/8962 
f 6419/2796/9433 6493/2796/9507 6494/2796/9508 5873/2727/8887 
f 6494/2796/9508 6311/2796/9325 5950/2727/8964 5873/2727/8887 
f 6419/2796/9433 6418/2797/9432 6493/2796/9507 
f 6315/2796/9329 6311/2796/9325 6494/2796/9508 6493/2796/9507 
f 6311/2796/9325 5051/2727/8065 5950/2727/8964 
f 5050/2726/8064 6308/2794/9322 6495/2794/9509 6496/2794/9510 
f 5050/2726/8064 6496/2794/9510 6422/2794/9436 5951/2726/8965 
f 6308/2794/9322 6310/2794/9324 6495/2794/9509 
f 6424/2795/9438 6422/2794/9436 6496/2794/9510 6495/2794/9509 
f 6422/2794/9436 5874/2726/8888 5951/2726/8965 
f 6429/2800/9443 6497/2800/9511 6498/2800/9512 5885/2728/8899 
f 6498/2800/9512 6324/2800/9338 5952/2728/8966 5885/2728/8899 
f 6429/2800/9443 6428/2801/9442 6497/2800/9511 
f 6497/2800/9511 6327/2800/9341 6324/2800/9338 6498/2800/9512 
f 6324/2800/9338 5060/2728/8074 5952/2728/8966 
f 6499/2798/9513 6500/2798/9514 5059/2729/8073 6320/2798/9334 
f 6433/2798/9447 5954/2729/8968 5059/2729/8073 6500/2798/9514 
f 6320/2798/9334 6322/2798/9336 6499/2798/9513 
f 6434/2799/9448 6433/2798/9447 6500/2798/9514 6499/2798/9513 
f 6433/2798/9447 5886/2729/8900 5954/2729/8968 
f 6501/2804/9515 5897/2731/8911 6439/2804/9453 6502/2804/9516 
f 5955/2731/8969 5897/2731/8911 6501/2804/9515 6336/2804/9350 
f 6439/2804/9453 6438/2805/9452 6502/2804/9516 
f 6339/2804/9353 6336/2804/9350 6501/2804/9515 6502/2804/9516 
f 6336/2804/9350 5069/2731/8083 5955/2731/8969 
f 6503/2802/9517 6504/2802/9518 5068/2730/8082 6332/2802/9346 
f 6441/2802/9455 5957/2730/8971 5068/2730/8082 6504/2802/9518 
f 6332/2802/9346 6334/2802/9348 6503/2802/9517 
f 6444/2803/9458 6441/2802/9455 6504/2802/9518 6503/2802/9517 
f 6441/2802/9455 5898/2730/8912 5957/2730/8971 
f 6449/2808/9463 6505/2808/9519 6506/2808/9520 5909/2733/8923 
f 5958/2733/8972 5909/2733/8923 6506/2808/9520 6347/2808/9361 
f 6449/2808/9463 6448/2809/9462 6505/2808/9519 
f 6505/2808/9519 6351/2808/9365 6347/2808/9361 6506/2808/9520 
f 6347/2808/9361 5078/2733/8092 5958/2733/8972 
f 6344/2806/9358 6507/2806/9521 6508/2806/9522 5077/2732/8091 
f 6451/2806/9465 5960/2732/8974 5077/2732/8091 6508/2806/9522 
f 6344/2806/9358 6346/2806/9360 6507/2806/9521 
f 6451/2806/9465 6508/2806/9522 6507/2806/9521 6454/2807/9468 
f 6451/2806/9465 5910/2732/8924 5960/2732/8974 
f 6509/2812/9523 5921/2735/8935 6460/2812/9474 6510/2812/9524 
f 5961/2735/8975 5921/2735/8935 6509/2812/9523 6360/2812/9374 
f 6460/2812/9474 6458/2813/9472 6510/2812/9524 
f 6509/2812/9523 6510/2812/9524 6363/2812/9377 6360/2812/9374 
f 6360/2812/9374 5087/2735/8101 5961/2735/8975 
f 6511/2810/9525 6512/2810/9526 5086/2734/8100 6356/2810/9370 
f 5086/2734/8100 6512/2810/9526 6462/2810/9476 5963/2734/8977 
f 6356/2810/9370 6358/2810/9372 6511/2810/9525 
f 6462/2810/9476 6512/2810/9526 6511/2810/9525 6464/2811/9478 
f 6462/2810/9476 5922/2734/8936 5963/2734/8977 
f 5933/2737/8947 6470/2816/9484 6513/2816/9527 6514/2816/9528 
f 5964/2737/8978 5933/2737/8947 6514/2816/9528 6371/2816/9385 
f 6470/2816/9484 6468/2817/9482 6513/2816/9527 
f 6513/2816/9527 6375/2816/9389 6371/2816/9385 6514/2816/9528 
f 6371/2816/9385 5096/2737/8110 5964/2737/8978 
f 6515/2814/9529 5095/2736/8109 6368/2814/9382 6516/2814/9530 
f 6515/2814/9529 6471/2814/9485 5966/2736/8980 5095/2736/8109 
f 6368/2814/9382 6370/2814/9384 6516/2814/9530 
f 6471/2814/9485 6515/2814/9529 6516/2814/9530 6474/2815/9488 
f 6471/2814/9485 5934/2736/8948 5966/2736/8980 
f 6517/2778/9531 6011/2758/9025 6518/2779/9532 6258/2778/9272 
f 6011/2758/9025 6517/2778/9531 5013/2719/8027 6008/2719/9022 
f 6518/2779/9532 6261/2779/9275 6258/2778/9272 
f 6517/2778/9531 6258/2778/9272 5013/2719/8027 
f 6266/2780/9280 6519/2781/9533 6520/2780/9534 5008/2718/8022 
f 6012/2718/9026 5008/2718/8022 6520/2780/9534 6013/2759/9027 
f 6266/2780/9280 6268/2781/9282 6519/2781/9533 
f 6520/2780/9534 6519/2781/9533 6013/2759/9027 
f 6521/2681/9535 6017/2760/9031 6522/2785/9536 6523/2681/9537 
f 6017/2760/9031 6521/2681/9535 6518/2779/9532 6015/2681/9029 
f 6522/2785/9536 6280/2785/9294 6523/2681/9537 
f 6523/2681/9537 6261/2779/9275 6518/2779/9532 6521/2681/9535 
f 6518/2779/9532 6011/2758/9025 6015/2681/9029 
f 6524/2783/9538 6269/2782/9283 6525/2782/9539 6021/2761/9035 
f 6021/2761/9035 6525/2782/9539 5022/2720/8036 6020/2720/9034 
f 6524/2783/9538 6273/2783/9287 6269/2782/9283 
f 6525/2782/9539 6269/2782/9283 5022/2720/8036 
f 6522/2785/9536 6526/2784/9540 5018/2721/8032 6278/2784/9292 
f 6022/2721/9036 5018/2721/8032 6526/2784/9540 6017/2760/9031 
f 6278/2784/9292 6280/2785/9294 6522/2785/9536 
f 6526/2784/9540 6522/2785/9536 6017/2760/9031 
f 6026/2762/9040 6527/2789/9541 6528/2685/9542 6529/2685/9543 
f 6026/2762/9040 6529/2685/9543 6524/2783/9538 6024/2685/9038 
f 6527/2789/9541 6292/2789/9306 6528/2685/9542 
f 6528/2685/9542 6273/2783/9287 6524/2783/9538 6529/2685/9543 
f 6524/2783/9538 6021/2761/9035 6024/2685/9038 
f 6530/2787/9544 6283/2786/9297 6531/2786/9545 6030/2763/9044 
f 6531/2786/9545 5031/2722/8045 6029/2722/9043 6030/2763/9044 
f 6530/2787/9544 6285/2787/9299 6283/2786/9297 
f 6531/2786/9545 6283/2786/9297 5031/2722/8045 
f 6527/2789/9541 6532/2788/9546 5027/2723/8041 6290/2788/9304 
f 6031/2723/9045 5027/2723/8041 6532/2788/9546 6026/2762/9040 
f 6290/2788/9304 6292/2789/9306 6527/2789/9541 
f 6532/2788/9546 6527/2789/9541 6026/2762/9040 
f 6533/2689/9547 6035/2764/9049 6534/2793/9548 6535/2689/9549 
f 6035/2764/9049 6533/2689/9547 6530/2787/9544 6032/2689/9046 
f 6534/2793/9548 6304/2793/9318 6535/2689/9549 
f 6535/2689/9549 6285/2787/9299 6530/2787/9544 6533/2689/9547 
f 6530/2787/9544 6030/2763/9044 6032/2689/9046 
f 6536/2791/9550 6293/2790/9307 6537/2790/9551 6039/2765/9053 
f 6039/2765/9053 6537/2790/9551 5040/2725/8054 6036/2725/9050 
f 6536/2791/9550 6297/2791/9311 6293/2790/9307 
f 6537/2790/9551 6293/2790/9307 5040/2725/8054 
f 5035/2724/8049 6302/2792/9316 6534/2793/9548 6538/2792/9552 
f 5035/2724/8049 6538/2792/9552 6035/2764/9049 6040/2724/9054 
f 6302/2792/9316 6304/2793/9318 6534/2793/9548 
f 6538/2792/9552 6534/2793/9548 6035/2764/9049 
f 6539/2693/9553 6044/2766/9058 6540/2797/9554 6541/2693/9555 
f 6044/2766/9058 6539/2693/9553 6536/2791/9550 6043/2693/9057 
f 6540/2797/9554 6316/2797/9330 6541/2693/9555 
f 6539/2693/9553 6541/2693/9555 6297/2791/9311 6536/2791/9550 
f 6536/2791/9550 6039/2765/9053 6043/2693/9057 
f 6542/2795/9556 6306/2794/9320 6543/2794/9557 6048/2767/9062 
f 6048/2767/9062 6543/2794/9557 5049/2726/8063 6047/2726/9061 
f 6542/2795/9556 6309/2795/9323 6306/2794/9320 
f 6543/2794/9557 6306/2794/9320 5049/2726/8063 
f 6540/2797/9554 6544/2796/9558 5046/2727/8060 6314/2796/9328 
f 6049/2727/9063 5046/2727/8060 6544/2796/9558 6044/2766/9058 
f 6314/2796/9328 6316/2797/9330 6540/2797/9554 
f 6544/2796/9558 6540/2797/9554 6044/2766/9058 
f 6545/2697/9559 6053/2768/9067 6546/2801/9560 6547/2697/9561 
f 6542/2795/9556 6052/2697/9066 6053/2768/9067 6545/2697/9559 
f 6546/2801/9560 6328/2801/9342 6547/2697/9561 
f 6309/2795/9323 6542/2795/9556 6545/2697/9559 6547/2697/9561 
f 6542/2795/9556 6048/2767/9062 6052/2697/9066 
f 6548/2799/9562 6317/2798/9331 6549/2798/9563 6057/2769/9071 
f 6057/2769/9071 6549/2798/9563 5058/2729/8072 6055/2729/9069 
f 6548/2799/9562 6321/2799/9335 6317/2798/9331 
f 6549/2798/9563 6317/2798/9331 5058/2729/8072 
f 6546/2801/9560 6550/2800/9564 5052/2728/8066 6326/2800/9340 
f 5052/2728/8066 6550/2800/9564 6053/2768/9067 6058/2728/9072 
f 6326/2800/9340 6328/2801/9342 6546/2801/9560 
f 6550/2800/9564 6546/2801/9560 6053/2768/9067 
f 6551/2701/9565 6552/2701/9566 6062/2770/9076 6553/2805/9567 
f 6548/2799/9562 6060/2701/9074 6062/2770/9076 6552/2701/9566 
f 6553/2805/9567 6340/2805/9354 6551/2701/9565 
f 6548/2799/9562 6552/2701/9566 6551/2701/9565 6321/2799/9335 
f 6548/2799/9562 6057/2769/9071 6060/2701/9074 
f 6329/2802/9343 6554/2802/9568 6066/2771/9080 6555/2803/9569 
f 6066/2771/9080 6554/2802/9568 5067/2730/8081 6065/2730/9079 
f 6555/2803/9569 6333/2803/9347 6329/2802/9343 
f 6554/2802/9568 6329/2802/9343 5067/2730/8081 
f 6556/2804/9570 5063/2731/8077 6338/2804/9352 6553/2805/9567 
f 6067/2731/9081 5063/2731/8077 6556/2804/9570 6062/2770/9076 
f 6338/2804/9352 6340/2805/9354 6553/2805/9567 
f 6556/2804/9570 6553/2805/9567 6062/2770/9076 
f 6557/2809/9571 6558/2706/9572 6559/2706/9573 6071/2772/9085 
f 6555/2803/9569 6069/2706/9083 6071/2772/9085 6559/2706/9573 
f 6557/2809/9571 6352/2809/9366 6558/2706/9572 
f 6333/2803/9347 6555/2803/9569 6559/2706/9573 6558/2706/9572 
f 6555/2803/9569 6066/2771/9080 6069/2706/9083 
f 6560/2806/9574 6075/2773/9089 6561/2807/9575 6342/2806/9356 
f 6075/2773/9089 6560/2806/9574 5076/2732/8090 6072/2732/9086 
f 6561/2807/9575 6345/2807/9359 6342/2806/9356 
f 6560/2806/9574 6342/2806/9356 5076/2732/8090 
f 5072/2733/8086 6350/2808/9364 6557/2809/9571 6562/2808/9576 
f 6076/2733/9090 5072/2733/8086 6562/2808/9576 6071/2772/9085 
f 6350/2808/9364 6352/2809/9366 6557/2809/9571 
f 6562/2808/9576 6557/2809/9571 6071/2772/9085 
f 6563/2709/9577 6080/2774/9094 6564/2813/9578 6565/2709/9579 
f 6080/2774/9094 6563/2709/9577 6561/2807/9575 6079/2709/9093 
f 6564/2813/9578 6364/2813/9378 6565/2709/9579 
f 6565/2709/9579 6345/2807/9359 6561/2807/9575 6563/2709/9577 
f 6561/2807/9575 6075/2773/9089 6079/2709/9093 
f 6566/2810/9580 6084/2775/9098 6567/2811/9581 6354/2810/9368 
f 6084/2775/9098 6566/2810/9580 5085/2734/8099 6083/2734/9097 
f 6567/2811/9581 6357/2811/9371 6354/2810/9368 
f 6566/2810/9580 6354/2810/9368 5085/2734/8099 
f 5082/2735/8096 6362/2812/9376 6564/2813/9578 6568/2812/9582 
f 5082/2735/8096 6568/2812/9582 6080/2774/9094 6085/2735/9099 
f 6362/2812/9376 6364/2813/9378 6564/2813/9578 
f 6568/2812/9582 6564/2813/9578 6080/2774/9094 
f 6089/2776/9103 6569/2817/9583 6570/2714/9584 6571/2714/9585 
f 6089/2776/9103 6571/2714/9585 6567/2811/9581 6088/2714/9102 
f 6569/2817/9583 6376/2817/9390 6570/2714/9584 
f 6357/2811/9371 6567/2811/9581 6571/2714/9585 6570/2714/9584 
f 6567/2811/9581 6084/2775/9098 6088/2714/9102 
f 6572/2814/9586 6093/2777/9107 6573/2815/9587 6366/2814/9380 
f 6572/2814/9586 5094/2736/8108 6092/2736/9106 6093/2777/9107 
f 6573/2815/9587 6369/2815/9383 6366/2814/9380 
f 6572/2814/9586 6366/2814/9380 5094/2736/8108 
f 5091/2737/8105 6374/2816/9388 6569/2817/9583 6574/2816/9588 
f 6089/2776/9103 6094/2737/9108 5091/2737/8105 6574/2816/9588 
f 6374/2816/9388 6376/2817/9390 6569/2817/9583 
f 6574/2816/9588 6569/2817/9583 6089/2776/9103 
f 6519/2781/9533 6575/2717/9589 6576/2717/9590 6013/2759/9027 
f 6096/2717/9110 6013/2759/9027 6576/2717/9590 6573/2815/9587 
f 6519/2781/9533 6268/2781/9282 6575/2717/9589 
f 6575/2717/9589 6369/2815/9383 6573/2815/9587 6576/2717/9590 
f 6573/2815/9587 6093/2777/9107 6096/2717/9110 
f 6577/2679/9591 6099/2678/9113 6578/2678/9592 5341/2679/8355 
f 6579/2680/9593 5340/2678/8354 5341/2679/8355 6578/2678/9592 
f 6577/2679/9591 6102/2679/9116 6099/2678/9113 
f 6579/2680/9593 6578/2678/9592 6099/2678/9113 6101/2680/9115 
f 6579/2680/9593 5342/2680/8356 5340/2678/8354 
f 6580/2682/9594 6103/2681/9117 6581/2681/9595 5346/2682/8360 
f 5346/2682/8360 6581/2681/9595 6577/2679/9591 5345/2681/8359 
f 6580/2682/9594 6106/2682/9120 6103/2681/9117 
f 6581/2681/9595 6103/2681/9117 6102/2679/9116 6577/2679/9591 
f 6577/2679/9591 5341/2679/8355 5345/2681/8359 
f 6582/2684/9596 6108/2683/9122 6583/2683/9597 5350/2684/8364 
f 6583/2683/9597 6580/2682/9594 5349/2683/8363 5350/2684/8364 
f 6582/2684/9596 6110/2684/9124 6108/2683/9122 
f 6108/2683/9122 6106/2682/9120 6580/2682/9594 6583/2683/9597 
f 6580/2682/9594 5346/2682/8360 5349/2683/8363 
f 6584/2686/9598 6111/2685/9125 6585/2685/9599 5354/2686/8368 
f 6585/2685/9599 6582/2684/9596 5353/2685/8367 5354/2686/8368 
f 6584/2686/9598 6114/2686/9128 6111/2685/9125 
f 6585/2685/9599 6111/2685/9125 6110/2684/9124 6582/2684/9596 
f 6582/2684/9596 5350/2684/8364 5353/2685/8367 
f 6586/2688/9600 6116/2687/9130 6587/2687/9601 5358/2688/8372 
f 5357/2687/8371 5358/2688/8372 6587/2687/9601 6584/2686/9598 
f 6586/2688/9600 6118/2688/9132 6116/2687/9130 
f 6116/2687/9130 6114/2686/9128 6584/2686/9598 6587/2687/9601 
f 6584/2686/9598 5354/2686/8368 5357/2687/8371 
f 6588/2689/9602 5362/2690/8376 6589/2690/9603 6120/2689/9134 
f 6588/2689/9602 6586/2688/9600 5361/2689/8375 5362/2690/8376 
f 6589/2690/9603 6122/2690/9136 6120/2689/9134 
f 6588/2689/9602 6120/2689/9134 6118/2688/9132 6586/2688/9600 
f 6586/2688/9600 5358/2688/8372 5361/2689/8375 
f 6590/2691/9604 5366/2692/8380 6591/2692/9605 6124/2691/9138 
f 6589/2690/9603 5365/2691/8379 5366/2692/8380 6590/2691/9604 
f 6591/2692/9605 6126/2692/9140 6124/2691/9138 
f 6590/2691/9604 6124/2691/9138 6122/2690/9136 6589/2690/9603 
f 6589/2690/9603 5362/2690/8376 5365/2691/8379 
f 6592/2694/9606 6128/2693/9142 6593/2693/9607 5370/2694/8384 
f 5369/2693/8383 5370/2694/8384 6593/2693/9607 6591/2692/9605 
f 6592/2694/9606 6130/2694/9144 6128/2693/9142 
f 6593/2693/9607 6128/2693/9142 6126/2692/9140 6591/2692/9605 
f 6591/2692/9605 5366/2692/8380 5369/2693/8383 
f 6594/2696/9608 6132/2695/9146 6595/2695/9609 5374/2696/8388 
f 5374/2696/8388 6595/2695/9609 6592/2694/9606 5373/2695/8387 
f 6594/2696/9608 6134/2696/9148 6132/2695/9146 
f 6132/2695/9146 6130/2694/9144 6592/2694/9606 6595/2695/9609 
f 6592/2694/9606 5370/2694/8384 5373/2695/8387 
f 6596/2698/9610 6135/2697/9149 6597/2697/9611 5378/2698/8392 
f 6594/2696/9608 5377/2697/8391 5378/2698/8392 6597/2697/9611 
f 6596/2698/9610 6138/2698/9152 6135/2697/9149 
f 6134/2696/9148 6594/2696/9608 6597/2697/9611 6135/2697/9149 
f 6594/2696/9608 5374/2696/8388 5377/2697/8391 
f 6598/2699/9612 5382/2700/8396 6599/2700/9613 6139/2699/9153 
f 6596/2698/9610 5381/2699/8395 5382/2700/8396 6598/2699/9612 
f 6599/2700/9613 6142/2700/9156 6139/2699/9153 
f 6596/2698/9610 6598/2699/9612 6139/2699/9153 6138/2698/9152 
f 6596/2698/9610 5378/2698/8392 5381/2699/8395 
f 6600/2702/9614 6144/2701/9158 6601/2701/9615 5386/2702/8400 
f 6599/2700/9613 5385/2701/8399 5386/2702/8400 6601/2701/9615 
f 6600/2702/9614 6146/2702/9160 6144/2701/9158 
f 6142/2700/9156 6599/2700/9613 6601/2701/9615 6144/2701/9158 
f 6599/2700/9613 5382/2700/8396 5385/2701/8399 
f 6602/2704/9616 6147/2703/9161 6603/2703/9617 5390/2704/8404 
f 5389/2703/8403 5390/2704/8404 6603/2703/9617 6600/2702/9614 
f 6602/2704/9616 6150/2704/9164 6147/2703/9161 
f 6146/2702/9160 6600/2702/9614 6603/2703/9617 6147/2703/9161 
f 6600/2702/9614 5386/2702/8400 5389/2703/8403 
f 6604/2706/9618 5394/2705/8408 6605/2705/9619 6152/2706/9166 
f 5393/2706/8407 5394/2705/8408 6604/2706/9618 6602/2704/9616 
f 6605/2705/9619 6154/2705/9168 6152/2706/9166 
f 6604/2706/9618 6152/2706/9166 6150/2704/9164 6602/2704/9616 
f 6602/2704/9616 5390/2704/8404 5393/2706/8407 
f 6606/2708/9620 6156/2707/9170 6607/2707/9621 5398/2708/8412 
f 5398/2708/8412 6607/2707/9621 6605/2705/9619 5397/2707/8411 
f 6606/2708/9620 6158/2708/9172 6156/2707/9170 
f 6156/2707/9170 6154/2705/9168 6605/2705/9619 6607/2707/9621 
f 6605/2705/9619 5394/2705/8408 5397/2707/8411 
f 6608/2710/9622 6160/2709/9174 6609/2709/9623 5402/2710/8416 
f 5401/2709/8415 5402/2710/8416 6609/2709/9623 6606/2708/9620 
f 6608/2710/9622 6162/2710/9176 6160/2709/9174 
f 6606/2708/9620 6609/2709/9623 6160/2709/9174 6158/2708/9172 
f 6606/2708/9620 5398/2708/8412 5401/2709/8415 
f 6610/2712/9624 6163/2711/9177 6611/2711/9625 5406/2712/8420 
f 5406/2712/8420 6611/2711/9625 6608/2710/9622 5405/2711/8419 
f 6610/2712/9624 6166/2712/9180 6163/2711/9177 
f 6163/2711/9177 6162/2710/9176 6608/2710/9622 6611/2711/9625 
f 6608/2710/9622 5402/2710/8416 5405/2711/8419 
f 6612/2713/9626 6167/2714/9181 6613/2714/9627 5410/2713/8424 
f 6610/2712/9624 5409/2714/8423 5410/2713/8424 6613/2714/9627 
f 6612/2713/9626 6170/2713/9184 6167/2714/9181 
f 6613/2714/9627 6167/2714/9181 6166/2712/9180 6610/2712/9624 
f 6610/2712/9624 5406/2712/8420 5409/2714/8423 
f 6614/2715/9628 5414/2716/8428 6615/2716/9629 6172/2715/9186 
f 5413/2715/8427 5414/2716/8428 6614/2715/9628 6612/2713/9626 
f 6615/2716/9629 6174/2716/9188 6172/2715/9186 
f 6614/2715/9628 6172/2715/9186 6170/2713/9184 6612/2713/9626 
f 6612/2713/9626 5410/2713/8424 5413/2715/8427 
f 6175/2717/9189 6616/2717/9630 5342/2680/8356 6579/2680/9593 
f 5416/2717/8430 5342/2680/8356 6616/2717/9630 6615/2716/9629 
f 6579/2680/9593 6101/2680/9115 6175/2717/9189 
f 6615/2716/9629 6616/2717/9630 6175/2717/9189 6174/2716/9188 
f 6615/2716/9629 5414/2716/8428 5416/2717/8430 
f 4769/2680/7783 6617/2680/9631 4652/2678/7666 6618/2678/9632 
f 6619/2679/9633 4770/2678/7784 4769/2680/7783 6618/2678/9632 
f 6617/2680/9631 4655/2680/7669 4652/2678/7666 
f 6618/2678/9632 4652/2678/7666 4654/2679/7668 6619/2679/9633 
f 6619/2679/9633 4773/2679/7787 4770/2678/7784 
f 6619/2679/9633 4659/2681/7673 6620/2681/9634 4773/2679/7787 
f 6621/2682/9635 4776/2681/7790 4773/2679/7787 6620/2681/9634 
f 6619/2679/9633 4654/2679/7668 4659/2681/7673 
f 4659/2681/7673 4661/2682/7675 6621/2682/9635 6620/2681/9634 
f 6621/2682/9635 4780/2682/7794 4776/2681/7790 
f 6621/2682/9635 4665/2683/7679 6622/2683/9636 4780/2682/7794 
f 6623/2684/9637 4782/2683/7796 4780/2682/7794 6622/2683/9636 
f 6621/2682/9635 4661/2682/7675 4665/2683/7679 
f 4665/2683/7679 4667/2684/7681 6623/2684/9637 6622/2683/9636 
f 6623/2684/9637 4786/2684/7800 4782/2683/7796 
f 6623/2684/9637 4671/2685/7685 6624/2685/9638 4786/2684/7800 
f 4789/2685/7803 4786/2684/7800 6624/2685/9638 6625/2686/9639 
f 6623/2684/9637 4667/2684/7681 4671/2685/7685 
f 6624/2685/9638 4671/2685/7685 4673/2686/7687 6625/2686/9639 
f 6625/2686/9639 4792/2686/7806 4789/2685/7803 
f 6625/2686/9639 4677/2687/7691 6626/2687/9640 4792/2686/7806 
f 4794/2687/7808 4792/2686/7806 6626/2687/9640 6627/2688/9641 
f 6625/2686/9639 4673/2686/7687 4677/2687/7691 
f 6626/2687/9640 4677/2687/7691 4679/2688/7693 6627/2688/9641 
f 6627/2688/9641 4798/2688/7812 4794/2687/7808 
f 6627/2688/9641 4683/2689/7697 6628/2689/9642 4798/2688/7812 
f 4798/2688/7812 6628/2689/9642 6629/2690/9643 4801/2689/7815 
f 6627/2688/9641 4679/2688/7693 4683/2689/7697 
f 4685/2690/7699 6629/2690/9643 6628/2689/9642 4683/2689/7697 
f 6629/2690/9643 4804/2690/7818 4801/2689/7815 
f 6629/2690/9643 4689/2691/7703 6630/2691/9644 4804/2690/7818 
f 6631/2692/9645 4808/2691/7822 4804/2690/7818 6630/2691/9644 
f 6629/2690/9643 4685/2690/7699 4689/2691/7703 
f 6631/2692/9645 6630/2691/9644 4689/2691/7703 4691/2692/7705 
f 6631/2692/9645 4810/2692/7824 4808/2691/7822 
f 6631/2692/9645 4695/2693/7709 6632/2693/9646 4810/2692/7824 
f 6633/2694/9647 4812/2693/7826 4810/2692/7824 6632/2693/9646 
f 6631/2692/9645 4691/2692/7705 4695/2693/7709 
f 6632/2693/9646 4695/2693/7709 4697/2694/7711 6633/2694/9647 
f 6633/2694/9647 4816/2694/7830 4812/2693/7826 
f 6633/2694/9647 4701/2695/7715 6634/2695/9648 4816/2694/7830 
f 4816/2694/7830 6634/2695/9648 6635/2696/9649 4818/2695/7832 
f 6633/2694/9647 4697/2694/7711 4701/2695/7715 
f 4703/2696/7717 6635/2696/9649 6634/2695/9648 4701/2695/7715 
f 6635/2696/9649 4822/2696/7836 4818/2695/7832 
f 6635/2696/9649 4707/2697/7721 6636/2697/9650 4822/2696/7836 
f 6637/2698/9651 4826/2697/7840 4822/2696/7836 6636/2697/9650 
f 6635/2696/9649 4703/2696/7717 4707/2697/7721 
f 6636/2697/9650 4707/2697/7721 4709/2698/7723 6637/2698/9651 
f 6637/2698/9651 4828/2698/7842 4826/2697/7840 
f 6637/2698/9651 4713/2699/7727 6638/2699/9652 4828/2698/7842 
f 4828/2698/7842 6638/2699/9652 6639/2700/9653 4831/2699/7845 
f 6637/2698/9651 4709/2698/7723 4713/2699/7727 
f 6639/2700/9653 6638/2699/9652 4713/2699/7727 4715/2700/7729 
f 6639/2700/9653 4834/2700/7848 4831/2699/7845 
f 6639/2700/9653 4719/2701/7733 6640/2701/9654 4834/2700/7848 
f 4834/2700/7848 6640/2701/9654 6641/2702/9655 4836/2701/7850 
f 6639/2700/9653 4715/2700/7729 4719/2701/7733 
f 4719/2701/7733 4721/2702/7735 6641/2702/9655 6640/2701/9654 
f 6641/2702/9655 4840/2702/7854 4836/2701/7850 
f 6641/2702/9655 4725/2703/7739 6642/2703/9656 4840/2702/7854 
f 4843/2703/7857 4840/2702/7854 6642/2703/9656 6643/2704/9657 
f 6641/2702/9655 4721/2702/7735 4725/2703/7739 
f 4725/2703/7739 4727/2704/7741 6643/2704/9657 6642/2703/9656 
f 6643/2704/9657 4846/2704/7860 4843/2703/7857 
f 4846/2704/7860 6643/2704/9657 4731/2706/7745 6644/2706/9658 
f 6644/2706/9658 6645/2705/9659 4849/2706/7863 4846/2704/7860 
f 6643/2704/9657 4727/2704/7741 4731/2706/7745 
f 6644/2706/9658 4731/2706/7745 4733/2705/7747 6645/2705/9659 
f 6645/2705/9659 4852/2705/7866 4849/2706/7863 
f 6645/2705/9659 4737/2707/7751 6646/2707/9660 4852/2705/7866 
f 4854/2707/7868 4852/2705/7866 6646/2707/9660 6647/2708/9661 
f 6645/2705/9659 4733/2705/7747 4737/2707/7751 
f 6646/2707/9660 4737/2707/7751 4739/2708/7753 6647/2708/9661 
f 6647/2708/9661 4858/2708/7872 4854/2707/7868 
f 6647/2708/9661 4743/2709/7757 6648/2709/9662 4858/2708/7872 
f 4858/2708/7872 6648/2709/9662 6649/2710/9663 4861/2709/7875 
f 6647/2708/9661 4739/2708/7753 4743/2709/7757 
f 6648/2709/9662 4743/2709/7757 4745/2710/7759 6649/2710/9663 
f 6649/2710/9663 4864/2710/7878 4861/2709/7875 
f 6649/2710/9663 4749/2711/7763 6650/2711/9664 4864/2710/7878 
f 6651/2712/9665 4868/2711/7882 4864/2710/7878 6650/2711/9664 
f 6649/2710/9663 4745/2710/7759 4749/2711/7763 
f 6651/2712/9665 6650/2711/9664 4749/2711/7763 4751/2712/7765 
f 6651/2712/9665 4870/2712/7884 4868/2711/7882 
f 6651/2712/9665 4755/2714/7769 6652/2714/9666 4870/2712/7884 
f 6653/2713/9667 4872/2714/7886 4870/2712/7884 6652/2714/9666 
f 6651/2712/9665 4751/2712/7765 4755/2714/7769 
f 6653/2713/9667 6652/2714/9666 4755/2714/7769 4757/2713/7771 
f 6653/2713/9667 4876/2713/7890 4872/2714/7886 
f 6653/2713/9667 4761/2715/7775 6654/2715/9668 4876/2713/7890 
f 6655/2716/9669 4878/2715/7892 4876/2713/7890 6654/2715/9668 
f 6653/2713/9667 4757/2713/7771 4761/2715/7775 
f 4761/2715/7775 4763/2716/7777 6655/2716/9669 6654/2715/9668 
f 6655/2716/9669 4882/2716/7896 4878/2715/7892 
f 6655/2716/9669 4766/2717/7780 6656/2717/9670 4882/2716/7896 
f 6617/2680/9631 4884/2717/7898 4882/2716/7896 6656/2717/9670 
f 6655/2716/9669 4763/2716/7777 4766/2717/7780 
f 4766/2717/7780 4655/2680/7669 6617/2680/9631 6656/2717/9670 
f 6617/2680/9631 4769/2680/7783 4884/2717/7898 
f 6657/2680/9671 4771/2678/7785 6658/2678/9672 4888/2680/7902 
f 6659/2679/9673 4889/2678/7903 4888/2680/7902 6658/2678/9672 
f 6657/2680/9671 4775/2680/7789 4771/2678/7785 
f 4771/2678/7785 4774/2679/7788 6659/2679/9673 6658/2678/9672 
f 6659/2679/9673 4893/2679/7907 4889/2678/7903 
f 4779/2681/7793 6660/2681/9674 4893/2679/7907 6659/2679/9673 
f 4897/2681/7911 4893/2679/7907 6660/2681/9674 6661/2682/9675 
f 6659/2679/9673 4774/2679/7788 4779/2681/7793 
f 6661/2682/9675 6660/2681/9674 4779/2681/7793 4781/2682/7795 
f 6661/2682/9675 4900/2682/7914 4897/2681/7911 
f 6661/2682/9675 4785/2683/7799 6662/2683/9676 4900/2682/7914 
f 6663/2684/9677 4902/2683/7916 4900/2682/7914 6662/2683/9676 
f 6661/2682/9675 4781/2682/7795 4785/2683/7799 
f 4785/2683/7799 4787/2684/7801 6663/2684/9677 6662/2683/9676 
f 6663/2684/9677 4906/2684/7920 4902/2683/7916 
f 6663/2684/9677 4791/2685/7805 6664/2685/9678 4906/2684/7920 
f 6665/2686/9679 4908/2685/7922 4906/2684/7920 6664/2685/9678 
f 6663/2684/9677 4787/2684/7801 4791/2685/7805 
f 6665/2686/9679 6664/2685/9678 4791/2685/7805 4793/2686/7807 
f 6665/2686/9679 4912/2686/7926 4908/2685/7922 
f 6665/2686/9679 4797/2687/7811 6666/2687/9680 4912/2686/7926 
f 6667/2688/9681 4915/2687/7929 4912/2686/7926 6666/2687/9680 
f 6665/2686/9679 4793/2686/7807 4797/2687/7811 
f 6667/2688/9681 6666/2687/9680 4797/2687/7811 4799/2688/7813 
f 6667/2688/9681 4918/2688/7932 4915/2687/7929 
f 6667/2688/9681 4803/2689/7817 6668/2689/9682 4918/2688/7932 
f 6669/2690/9683 4920/2689/7934 4918/2688/7932 6668/2689/9682 
f 6667/2688/9681 4799/2688/7813 4803/2689/7817 
f 6668/2689/9682 4803/2689/7817 4805/2690/7819 6669/2690/9683 
f 6669/2690/9683 4924/2690/7938 4920/2689/7934 
f 6669/2690/9683 4809/2691/7823 6670/2691/9684 4924/2690/7938 
f 4927/2691/7941 4924/2690/7938 6670/2691/9684 6671/2692/9685 
f 6669/2690/9683 4805/2690/7819 4809/2691/7823 
f 6670/2691/9684 4809/2691/7823 4811/2692/7825 6671/2692/9685 
f 6671/2692/9685 4930/2692/7944 4927/2691/7941 
f 6671/2692/9685 4815/2693/7829 6672/2693/9686 4930/2692/7944 
f 4930/2692/7944 6672/2693/9686 6673/2694/9687 4932/2693/7946 
f 6671/2692/9685 4811/2692/7825 4815/2693/7829 
f 4815/2693/7829 4817/2694/7831 6673/2694/9687 6672/2693/9686 
f 6673/2694/9687 4936/2694/7950 4932/2693/7946 
f 6673/2694/9687 4821/2695/7835 6674/2695/9688 4936/2694/7950 
f 4939/2695/7953 4936/2694/7950 6674/2695/9688 6675/2696/9689 
f 6673/2694/9687 4817/2694/7831 4821/2695/7835 
f 6674/2695/9688 4821/2695/7835 4823/2696/7837 6675/2696/9689 
f 6675/2696/9689 4942/2696/7956 4939/2695/7953 
f 4942/2696/7956 6675/2696/9689 4827/2697/7841 6676/2697/9690 
f 4942/2696/7956 6676/2697/9690 6677/2698/9691 4944/2697/7958 
f 6675/2696/9689 4823/2696/7837 4827/2697/7841 
f 6677/2698/9691 6676/2697/9690 4827/2697/7841 4829/2698/7843 
f 6677/2698/9691 4948/2698/7962 4944/2697/7958 
f 6677/2698/9691 4833/2699/7847 6678/2699/9692 4948/2698/7962 
f 6679/2700/9693 4952/2699/7966 4948/2698/7962 6678/2699/9692 
f 6677/2698/9691 4829/2698/7843 4833/2699/7847 
f 6678/2699/9692 4833/2699/7847 4835/2700/7849 6679/2700/9693 
f 6679/2700/9693 4954/2700/7968 4952/2699/7966 
f 4954/2700/7968 6679/2700/9693 4839/2701/7853 6680/2701/9694 
f 4954/2700/7968 6680/2701/9694 6681/2702/9695 4956/2701/7970 
f 6679/2700/9693 4835/2700/7849 4839/2701/7853 
f 6681/2702/9695 6680/2701/9694 4839/2701/7853 4841/2702/7855 
f 6681/2702/9695 4960/2702/7974 4956/2701/7970 
f 6681/2702/9695 4845/2703/7859 6682/2703/9696 4960/2702/7974 
f 6683/2704/9697 4964/2703/7978 4960/2702/7974 6682/2703/9696 
f 6681/2702/9695 4841/2702/7855 4845/2703/7859 
f 4847/2704/7861 6683/2704/9697 6682/2703/9696 4845/2703/7859 
f 6683/2704/9697 4966/2704/7980 4964/2703/7978 
f 6683/2704/9697 4851/2706/7865 6684/2706/9698 4966/2704/7980 
f 4969/2706/7983 4966/2704/7980 6684/2706/9698 6685/2705/9699 
f 6683/2704/9697 4847/2704/7861 4851/2706/7865 
f 6684/2706/9698 4851/2706/7865 4853/2705/7867 6685/2705/9699 
f 6685/2705/9699 4972/2705/7986 4969/2706/7983 
f 4972/2705/7986 6685/2705/9699 4857/2707/7871 6686/2707/9700 
f 4974/2707/7988 4972/2705/7986 6686/2707/9700 6687/2708/9701 
f 6685/2705/9699 4853/2705/7867 4857/2707/7871 
f 4859/2708/7873 6687/2708/9701 6686/2707/9700 4857/2707/7871 
f 6687/2708/9701 4978/2708/7992 4974/2707/7988 
f 4978/2708/7992 6687/2708/9701 4863/2709/7877 6688/2709/9702 
f 6688/2709/9702 6689/2710/9703 4982/2709/7996 4978/2708/7992 
f 6687/2708/9701 4859/2708/7873 4863/2709/7877 
f 6689/2710/9703 6688/2709/9702 4863/2709/7877 4865/2710/7879 
f 6689/2710/9703 4984/2710/7998 4982/2709/7996 
f 4984/2710/7998 6689/2710/9703 4869/2711/7883 6690/2711/9704 
f 4988/2711/8002 4984/2710/7998 6690/2711/9704 6691/2712/9705 
f 6689/2710/9703 4865/2710/7879 4869/2711/7883 
f 6690/2711/9704 4869/2711/7883 4871/2712/7885 6691/2712/9705 
f 6691/2712/9705 4990/2712/8004 4988/2711/8002 
f 6691/2712/9705 4875/2714/7889 6692/2714/9706 4990/2712/8004 
f 6693/2713/9707 4992/2714/8006 4990/2712/8004 6692/2714/9706 
f 6691/2712/9705 4871/2712/7885 4875/2714/7889 
f 4875/2714/7889 4877/2713/7891 6693/2713/9707 6692/2714/9706 
f 6693/2713/9707 4996/2713/8010 4992/2714/8006 
f 6693/2713/9707 4881/2715/7895 6694/2715/9708 4996/2713/8010 
f 4998/2715/8012 4996/2713/8010 6694/2715/9708 6695/2716/9709 
f 6693/2713/9707 4877/2713/7891 4881/2715/7895 
f 4881/2715/7895 4883/2716/7897 6695/2716/9709 6694/2715/9708 
f 6695/2716/9709 5002/2716/8016 4998/2715/8012 
f 4886/2717/7900 6696/2717/9710 5002/2716/8016 6695/2716/9709 
f 5002/2716/8016 6696/2717/9710 6657/2680/9671 5004/2717/8018 
f 6695/2716/9709 4883/2716/7897 4886/2717/7900 
f 4886/2717/7900 4775/2680/7789 6657/2680/9671 6696/2717/9710 
f 6657/2680/9671 4888/2680/7902 5004/2717/8018 
# 1491 polygons - 1058 triangles

#
# object llanta_frontal_i
#

v  1.2634 1.4427 4.8831
v  1.3539 1.1539 4.8916
v  1.6216 1.2350 4.8936
v  1.5847 2.0000 4.8740
v  1.5044 2.6368 4.8571
v  2.8128 0.6765 4.9250
v  2.8523 1.1918 4.9128
v  1.4549 0.8313 4.9011
v  1.6229 0.6199 4.9089
v  1.6386 1.1469 4.8960
v  1.3813 1.0663 4.8942
v  1.3955 1.0209 4.8955
v  0.9234 2.5276 4.8511
v  1.2763 2.5854 4.8549
v  1.4341 2.7955 4.8520
v  0.8644 2.7159 4.8456
v  2.0049 2.6782 4.8634
v  2.2979 2.2816 4.8776
v  2.5060 2.3554 4.8788
v  2.6922 1.7920 4.8955
v  2.8671 1.8828 4.8959
v  3.0452 1.3154 4.9126
v  3.0155 0.7293 4.9267
v  2.7870 0.1870 4.9367
v  2.5198 0.1583 4.9335
v  2.2480 -0.1023 4.9360
v  2.3902 -0.2372 4.9414
v  1.8142 -0.3154 4.9349
v  1.8732 -0.5037 4.9404
v  1.2453 1.5004 4.8814
v  1.0878 1.0677 4.8898
v  0.6815 1.7169 4.8678
v  0.3841 2.2856 4.8492
v  0.1336 0.2412 4.8963
v  0.4283 -0.0711 4.9084
v  1.4376 0.5618 4.9075
v  1.1241 0.9856 4.8924
v  0.6007 2.3736 4.8503
v  0.3512 2.4560 4.8445
v  -0.0504 2.0338 4.8490
v  -0.0648 1.5408 4.8611
v  -0.2778 1.4826 4.8594
v  -0.3046 0.8884 4.8737
v  -0.1090 0.9137 4.8760
v  -0.1270 0.3208 4.8905
v  0.2317 -0.1436 4.9073
v  0.9646 -0.3293 4.9227
v  0.7288 -0.4583 4.9224
v  1.2967 -0.5800 4.9338
v  1.3365 -0.3881 4.9297
v  1.6089 1.9429 4.8408
v  1.6438 1.2189 4.8593
v  1.6455 1.2159 4.7411
v  1.6106 1.9400 4.7226
v  1.2284 1.5578 4.7265
v  1.2266 1.5607 4.8447
v  1.2552 2.5598 4.8203
v  1.2569 2.5568 4.7021
v  2.7893 0.6696 4.7715
v  2.7875 0.6726 4.8898
v  2.8118 1.2674 4.7570
v  1.5876 2.5739 4.7065
v  1.5859 2.5768 4.8247
v  2.8100 1.2703 4.8752
v  2.5165 0.1933 4.8977
v  2.5182 0.1903 4.7795
v  1.6475 1.1671 4.7423
v  1.6457 1.1700 4.8605
v  2.2168 -0.0994 4.7822
v  2.2150 -0.0964 4.9004
v  1.6073 0.6057 4.8740
v  1.6090 0.6027 4.7558
v  1.3773 1.0824 4.7405
v  1.3756 1.0853 4.8587
v  0.9303 2.5065 4.8168
v  0.9320 2.5036 4.6986
v  0.8537 2.7535 4.6912
v  0.8523 2.7559 4.7873
v  1.4484 2.8334 4.7942
v  1.4499 2.8310 4.6981
v  2.0351 2.7024 4.8061
v  2.0365 2.7001 4.7100
v  2.2871 2.2607 4.7246
v  2.2853 2.2636 4.8428
v  2.5428 2.3764 4.7255
v  2.5414 2.3788 4.8216
v  2.6753 1.7785 4.7423
v  2.6736 1.7814 4.8606
v  2.9065 1.9014 4.8388
v  2.9079 1.8991 4.7427
v  3.0861 1.3280 4.8557
v  3.0876 1.3256 4.7596
v  3.0588 0.7275 4.8702
v  3.0602 0.7251 4.7741
v  2.8278 0.1727 4.8806
v  2.8292 0.1703 4.7845
v  2.4222 -0.2722 4.7896
v  2.4208 -0.2698 4.8856
v  1.8084 -0.2961 4.8994
v  1.8102 -0.2990 4.7812
v  1.8885 -0.5489 4.7885
v  1.8870 -0.5466 4.8846
v  1.3606 1.1331 4.8573
v  1.3623 1.1302 4.7390
v  1.4728 0.7749 4.8678
v  1.4746 0.7720 4.7496
v  0.6964 1.6533 4.7162
v  1.0810 1.0389 4.7372
v  1.0793 1.0419 4.8554
v  0.6947 1.6563 4.8344
v  0.4518 -0.0598 4.8734
v  0.4535 -0.0627 4.7553
v  0.1241 0.3300 4.8590
v  0.3520 2.1899 4.8162
v  0.3536 2.1870 4.6979
v  0.1258 0.3271 4.7407
v  1.1073 0.9977 4.7385
v  0.9497 -0.3015 4.7685
v  0.9479 -0.2985 4.8868
v  1.1055 1.0006 4.8568
v  1.3607 -0.3643 4.8945
v  1.3625 -0.3672 4.7762
v  1.4608 0.5563 4.7548
v  1.4590 0.5592 4.8729
v  0.6332 2.3647 4.8160
v  0.6349 2.3618 4.6978
v  0.3186 2.4792 4.7863
v  0.3200 2.4768 4.6902
v  -0.0884 2.0367 4.7913
v  -0.0869 2.0343 4.6952
v  -0.0437 1.5334 4.8266
v  -0.0420 1.5304 4.7083
v  -0.3181 1.4794 4.7056
v  -0.3195 1.4818 4.8017
v  -0.0873 0.9158 4.8413
v  -0.0856 0.9128 4.7231
v  -0.3454 0.8790 4.7201
v  -0.3468 0.8814 4.8162
v  -0.1657 0.3056 4.7370
v  -0.1672 0.3079 4.8330
v  0.1993 -0.1719 4.7542
v  0.1979 -0.1695 4.8503
v  0.7058 -0.4955 4.7697
v  0.7043 -0.4931 4.8658
v  1.2924 -0.6265 4.7817
v  1.2910 -0.6241 4.8777
v  1.4354 2.8158 4.8166
v  0.8586 2.7353 4.8101
v  2.0134 2.6970 4.8281
v  2.5209 2.3702 4.8437
v  2.8865 1.8917 4.8610
v  3.0668 1.3172 4.8778
v  3.0368 0.7237 4.8922
v  2.8053 0.1747 4.9023
v  2.4035 -0.2550 4.9072
v  1.8801 -0.5249 4.9061
v  0.3391 2.4721 4.8089
v  -0.0678 2.0445 4.8136
v  -0.2980 1.4863 4.8240
v  -0.3252 0.8848 4.8386
v  -0.1453 0.3101 4.8555
v  0.2180 -0.1601 4.8725
v  0.7213 -0.4788 4.8879
v  1.2963 -0.6022 4.8994
# 164 vertices

vn 0.8199 -0.0000 0.5724
vn 0.8199 0.0000 0.5724
vn 0.8199 0.0000 0.5725
vn 0.8199 -0.0000 0.5725
vn 0.5724 -0.0000 -0.8199
vn -0.5539 0.2527 0.7933
vn 0.5412 -0.3260 -0.7751
vn 0.5169 0.4297 -0.7404
vn -0.5157 -0.4341 0.7386
vn -0.5217 -0.4116 0.7472
vn 0.5251 0.3983 -0.7521
vn 0.5298 0.3789 -0.7588
vn -0.0000 -1.0000 -0.0000
vn 0.0806 0.9900 -0.1155
vn 0.0000 1.0000 0.0000
vn -0.1958 -0.9397 0.2804
vn -0.3680 -0.7660 0.5270
vn 0.3796 0.7486 -0.5436
vn 0.4692 0.5728 -0.6721
vn -0.4958 -0.5000 0.7101
vn 0.5646 0.1649 -0.8087
vn -0.5638 -0.1736 0.8075
vn 0.5719 -0.0427 -0.8192
vn -0.5638 0.1736 0.8075
vn -0.4958 0.5000 0.7101
vn 0.3913 -0.7300 -0.5604
vn -0.3680 0.7660 0.5270
vn -0.1958 0.9397 0.2804
vn 0.0871 -0.9884 -0.1248
vn 0.0055 1.0000 -0.0079
vn 0.5342 0.3593 -0.7652
vn 0.5539 0.2527 -0.7933
vn -0.0055 1.0000 0.0079
vn -0.5169 0.4297 0.7404
vn 0.5214 -0.4127 -0.7469
vn 0.5217 -0.4116 -0.7472
vn -0.5251 0.3983 0.7521
vn -0.5298 0.3789 0.7588
vn -0.5342 0.3593 0.7652
vn -0.0806 0.9900 0.1155
vn 0.1958 -0.9397 -0.2804
vn 0.3680 -0.7660 -0.5270
vn -0.3796 0.7486 0.5436
vn -0.4692 0.5728 0.6721
vn 0.4958 -0.5000 -0.7101
vn -0.5646 0.1649 0.8087
vn 0.5638 -0.1736 -0.8075
vn -0.5719 -0.0427 0.8192
vn 0.5638 0.1736 -0.8075
vn 0.4958 0.5000 -0.7101
vn -0.3913 -0.7300 0.5604
vn 0.3680 0.7660 -0.5270
vn 0.1958 0.9397 -0.2804
vn -0.0871 -0.9884 0.1248
vn -0.5412 -0.3260 0.7751
vn 0.3320 -0.7739 0.5392
vn 0.3701 -0.7076 0.6019
vn 0.5802 -0.7087 0.4014
vn 0.5118 -0.7824 0.3550
vn 0.1142 -0.6821 0.7223
vn 0.1278 -0.6025 0.7878
vn 0.1026 -0.4101 0.9063
vn 0.1900 -0.3480 0.9180
vn 0.0714 -0.1357 0.9882
vn 0.1811 -0.1229 0.9758
vn 0.1446 0.1081 0.9836
vn 0.0464 0.1544 0.9869
vn 0.1010 0.4150 0.9042
vn 0.1874 0.3493 0.9181
vn 0.2620 0.5555 0.7892
vn 0.1963 0.6329 0.7490
vn 0.3575 0.7427 0.5662
vn 0.4287 0.6675 0.6089
vn 0.5113 0.7815 0.3575
vn 0.5790 0.7075 0.4051
vn 0.6992 -0.7006 0.1421
vn 0.6187 -0.7758 0.1239
vn 0.7112 -0.6885 -0.1424
vn 0.7812 -0.6065 -0.1480
vn 0.9273 -0.3475 -0.1389
vn 0.8866 -0.4092 -0.2157
vn 0.9784 -0.1227 -0.1663
vn 0.9523 -0.1356 -0.2735
vn 0.9731 0.1067 -0.2041
vn 0.9429 0.1529 -0.2959
vn 0.9256 0.3507 -0.1426
vn 0.8842 0.4143 -0.2159
vn 0.7724 0.6309 -0.0732
vn 0.8302 0.5567 -0.0288
vn 0.7168 0.6702 0.1925
vn 0.6547 0.7424 0.1419
vn -0.0538 0.2168 0.9747
vn 0.8648 0.3686 -0.3410
vn 0.7570 -0.6262 -0.1866
vn -0.0262 -0.3531 0.9352
vn 0.4214 -0.8579 0.2942
vn 0.8689 -0.3531 -0.3469
vn 0.0857 -0.6262 0.7749
vn -0.0221 0.3686 0.9293
vn 0.8965 0.2168 -0.3864
vn 0.4166 0.8578 0.3010
vn 0.4214 0.8578 0.2942
vn 0.4261 0.8578 0.2874
vn 0.8856 -0.2797 -0.3708
vn -0.0429 -0.2797 0.9591
vn 0.3522 0.8493 0.3932
vn 0.4245 0.8556 0.2963
vn 0.4905 0.8493 0.1951
vn -0.0698 -0.3832 0.9210
vn -0.0649 -0.3820 0.9219
vn 0.0158 -0.3619 0.9321
vn 0.0152 -0.3620 0.9320
vn 0.8296 0.4877 -0.2719
vn 0.7470 0.6422 -0.1722
vn 0.9097 0.1406 -0.3908
vn 0.9120 -0.0367 -0.4086
vn 0.8718 0.3417 -0.3510
vn 0.8759 0.3250 -0.3567
vn 0.4961 -0.8479 0.1871
vn 0.4250 -0.8552 0.2967
vn 0.3466 -0.8479 0.4012
vn -0.0330 0.3250 0.9451
vn -0.0291 0.3417 0.9394
vn -0.0369 0.3082 0.9506
vn 0.8796 0.3082 -0.3623
vn 0.4256 -0.8547 0.2971
vn 0.2647 -0.8068 0.5283
vn 0.5871 -0.8068 0.0664
vn 0.7384 -0.6579 -0.1485
vn 0.8501 -0.4258 -0.3099
vn 0.9077 -0.1484 -0.3924
vn 0.9076 0.1502 -0.3919
vn 0.8485 0.4306 -0.3076
vn 0.7382 0.6579 -0.1493
vn 0.5908 0.8045 0.0612
vn 0.4260 0.8545 0.2974
vn 0.2611 0.8045 0.5335
vn 0.1143 0.6579 0.7444
vn 0.0037 0.4306 0.9025
vn -0.0551 0.1502 0.9871
vn -0.0556 -0.1484 0.9874
vn 0.0020 -0.4258 0.9048
vn 0.1150 -0.6579 0.7443
vn 0.8687 -0.3540 -0.3465
vn -0.0534 0.1406 0.9886
vn -0.0693 -0.0367 0.9969
vn 0.0306 0.4877 0.8725
vn 0.0958 0.6422 0.7605
# 148 vertex normals

vt 0.5293 0.4537 0.0000
vt 0.5292 0.4544 0.0000
vt 0.5246 0.4544 0.0000
vt 0.5298 0.4537 0.0000
vt 0.4848 0.4434 0.0000
vt 0.4848 0.4415 0.0000
vt 0.4981 0.4415 0.0000
vt 0.4979 0.4434 0.0000
vt 0.4984 0.4396 0.0000
vt 0.4848 0.4396 0.0000
vt 0.4848 0.4378 0.0000
vt 0.4979 0.4378 0.0000
vt 0.4848 0.4359 0.0000
vt 0.4979 0.4359 0.0000
vt 0.4848 0.4336 0.0000
vt 0.4980 0.4340 0.0000
vt 0.4848 0.4321 0.0000
vt 0.4979 0.4321 0.0000
vt 0.4980 0.4302 0.0000
vt 0.4848 0.4500 0.0000
vt 0.4848 0.4493 0.0000
vt 0.4979 0.4283 0.0000
vt 0.4848 0.4264 0.0000
vt 0.4979 0.4264 0.0000
vt 0.5138 0.4611 0.0000
vt 0.4848 0.4340 0.0000
vt 0.4991 0.4434 0.0000
vt 0.4991 0.4415 0.0000
vt 0.4991 0.4396 0.0000
vt 0.4991 0.4378 0.0000
vt 0.4991 0.4359 0.0000
vt 0.4848 0.4343 0.0000
vt 0.4991 0.4340 0.0000
vt 0.4991 0.4321 0.0000
vt 0.4991 0.4302 0.0000
vt 0.4991 0.4283 0.0000
vt 0.4991 0.4264 0.0000
# 37 texture coords

o llanta_frontal_i
g llanta_frontal_i
usemtl 03___Default
s 1
f 6697/2818/9711 6698/2819/9711 6699/2820/9711 6700/2821/9712 
f 6701/2821/9711 6700/2821/9712 6702/2821/9713 6703/2821/9714 
f 6704/2821/9712 6705/2821/9712 6706/2821/9712 6707/2821/9712 
f 6707/2821/9712 6708/2821/9715 6704/2821/9712 
f 6709/2822/9712 6710/2823/9711 6711/2824/9714 6712/2825/9711 
f 6713/2826/9714 6711/2824/9714 6710/2823/9711 6701/2827/9711 
f 6713/2826/9714 6701/2827/9711 6714/2828/9712 6715/2829/9712 
f 6715/2829/9712 6714/2828/9712 6716/2830/9711 6717/2831/9711 
f 6703/2832/9714 6718/2833/9714 6717/2831/9711 6716/2830/9711 
f 6702/2834/9713 6719/2835/9713 6718/2833/9714 6703/2832/9714 
f 6720/2836/9711 6719/2835/9713 6702/2834/9713 6721/2837/9711 
f 6721/2837/9711 6722/2838/9712 6723/2839/9712 6720/2836/9711 
f 6724/2840/9712 6725/2841/9711 6723/2839/9712 6722/2838/9712 
f 6710/2842/9711 6726/2842/9711 6700/2821/9712 6701/2821/9711 
f 6697/2818/9711 6700/2821/9712 6726/2842/9711 
f 6727/2820/9711 6698/2819/9711 6697/2818/9711 6728/2821/9712 
f 6729/2821/9711 6730/2821/9711 6731/2821/9712 6728/2821/9712 
f 6704/2821/9715 6708/2821/9715 6707/2821/9715 
f 6732/2821/9712 6704/2821/9712 6707/2821/9712 
f 6732/2821/9712 6707/2821/9712 6733/2821/9712 
f 6734/2823/9711 6709/2822/9712 6712/2825/9711 6735/2824/9711 
f 6736/2826/9711 6729/2827/9711 6734/2823/9711 6735/2824/9711 
f 6737/2828/9712 6729/2827/9711 6736/2826/9711 6738/2829/9712 
f 6738/2829/9712 6739/2831/9711 6740/2830/9711 6737/2828/9712 
f 6740/2830/9711 6739/2831/9711 6741/2833/9711 6730/2843/9711 
f 6741/2833/9711 6742/2835/9712 6731/2834/9712 6730/2843/9711 
f 6743/2837/9711 6731/2834/9712 6742/2835/9712 6744/2836/9711 
f 6744/2836/9711 6745/2839/9712 6746/2838/9712 6743/2837/9711 
f 6725/2841/9711 6724/2840/9712 6746/2838/9712 6745/2839/9712 
f 6728/2821/9712 6726/2842/9711 6734/2842/9711 6729/2821/9711 
f 6697/2818/9711 6726/2842/9711 6728/2821/9712 
f 6747/2821/9716 6748/2820/9716 6749/2820/9716 6750/2821/9716 
f 6751/2842/9717 6752/2842/9717 6753/2842/9717 6754/2842/9717 
s 2
f 6755/2821/9718 6756/2821/9718 6747/2821/9718 6750/2821/9718 
f 6757/2821/9719 6758/2821/9719 6759/2821/9719 6760/2821/9719 
s 1
f 6761/2821/9720 6762/2821/9720 6763/2821/9720 6764/2821/9720 
f 6765/2821/9721 6766/2821/9721 6767/2821/9722 6768/2821/9722 
s 2
f 6763/2821/9723 6769/2821/9723 6770/2821/9723 6764/2821/9723 
f 6754/2823/9724 6753/2823/9724 6771/2822/9725 6772/2822/9725 
s 1
f 6773/2844/9723 6774/2844/9723 6775/2845/9726 6776/2845/9726 
f 6777/2846/9727 6778/2846/9727 6776/2845/9726 6775/2845/9726 
s 4
f 6759/2827/9728 6758/2827/9728 6779/2828/9729 6780/2828/9729 
s 1
f 6781/2847/9730 6778/2846/9727 6777/2846/9727 6782/2847/9730 
s 4
f 6779/2828/9729 6783/2830/9731 6784/2830/9731 6780/2828/9729 
s 1
f 6785/2848/9732 6786/2848/9732 6781/2847/9730 6782/2847/9730 
s 4
f 6784/2830/9731 6783/2830/9731 6757/2849/9733 6760/2849/9733 
s 1
f 6786/2848/9732 6785/2848/9732 6787/2850/9734 6788/2850/9734 
f 6789/2851/9735 6790/2851/9735 6788/2850/9734 6787/2850/9734 
s 4
f 6762/2837/9736 6761/2837/9736 6756/2834/9736 6755/2834/9736 
s 1
f 6790/2851/9735 6789/2851/9735 6791/2852/9737 6792/2852/9737 
f 6793/2853/9738 6792/2852/9737 6791/2852/9737 6794/2853/9738 
s 2
f 6795/2840/9723 6766/2838/9739 6765/2838/9739 6796/2840/9723 
s 1
f 6797/2854/9725 6793/2853/9738 6794/2853/9738 6798/2854/9725 
s 2
f 6748/2820/9740 6799/2819/9725 6800/2819/9725 6749/2820/9740 
s 1
f 6768/2821/9722 6767/2821/9722 6801/2821/9741 6802/2821/9741 
f 6803/2821/9742 6804/2820/9742 6805/2820/9742 6806/2821/9742 
s 2
f 6799/2819/9725 6805/2820/9743 6804/2820/9743 6800/2819/9725 
f 6803/2821/9744 6806/2821/9744 6807/2821/9744 6808/2821/9744 
s 1
f 6809/2821/9745 6810/2821/9745 6811/2821/9745 6812/2821/9745 
f 6813/2821/9746 6814/2821/9746 6815/2821/9746 6816/2821/9746 
s 4
f 6817/2821/9747 6818/2821/9747 6819/2821/9748 6820/2821/9748 
s 2
f 6816/2821/9723 6770/2821/9723 6769/2821/9723 6813/2821/9723 
s 4
f 6820/2821/9748 6819/2821/9748 6802/2821/9749 6801/2821/9749 
s 2
f 6771/2822/9725 6821/2823/9750 6822/2823/9750 6772/2822/9725 
s 1
f 6823/2845/9751 6774/2844/9723 6773/2844/9723 6824/2845/9751 
f 6825/2846/9752 6823/2845/9751 6824/2845/9751 6826/2846/9752 
s 2
f 6811/2827/9753 6810/2827/9753 6827/2828/9754 6828/2828/9754 
s 1
f 6825/2846/9752 6826/2846/9752 6829/2847/9755 6830/2847/9755 
s 2
f 6828/2828/9754 6827/2828/9754 6831/2830/9756 6832/2830/9756 
s 1
f 6830/2847/9755 6829/2847/9755 6833/2848/9757 6834/2848/9757 
s 2
f 6831/2830/9756 6809/2843/9758 6812/2843/9758 6832/2830/9756 
s 1
f 6835/2850/9759 6836/2850/9759 6834/2848/9757 6833/2848/9757 
f 6836/2850/9759 6835/2850/9759 6837/2851/9760 6838/2851/9760 
s 4
f 6814/2837/9761 6808/2834/9761 6807/2834/9761 6815/2837/9761 
s 1
f 6837/2851/9760 6839/2852/9762 6840/2852/9762 6838/2851/9760 
f 6841/2853/9763 6842/2853/9763 6840/2852/9762 6839/2852/9762 
s 2
f 6818/2838/9764 6817/2838/9764 6795/2840/9723 6796/2840/9723 
s 1
f 6842/2853/9763 6841/2853/9763 6797/2854/9725 6798/2854/9725 
s 4
f 6752/2842/9765 6751/2842/9765 6822/2842/9765 6821/2842/9765 
s 2
f 6843/2824/9766 6775/2845/9767 6774/2844/9768 6844/2825/9769 
f 6845/2826/9770 6777/2846/9771 6775/2845/9767 6843/2824/9766 
f 6846/2829/9772 6782/2847/9773 6777/2846/9771 6845/2826/9770 
f 6847/2831/9774 6785/2848/9775 6782/2847/9773 6846/2829/9772 
f 6787/2850/9776 6785/2848/9775 6847/2831/9774 6848/2833/9777 
f 6849/2835/9778 6789/2851/9779 6787/2850/9776 6848/2833/9777 
f 6791/2852/9780 6789/2851/9779 6849/2835/9778 6850/2836/9781 
f 6851/2839/9782 6794/2853/9783 6791/2852/9780 6850/2836/9781 
f 6851/2839/9782 6852/2841/9784 6798/2854/9785 6794/2853/9783 
f 6774/2844/9768 6823/2845/9786 6853/2824/9787 6844/2825/9769 
f 6854/2826/9788 6853/2824/9787 6823/2845/9786 6825/2846/9789 
f 6825/2846/9789 6830/2847/9790 6855/2829/9791 6854/2826/9788 
f 6834/2848/9792 6856/2831/9793 6855/2829/9791 6830/2847/9790 
f 6836/2850/9794 6857/2833/9795 6856/2831/9793 6834/2848/9792 
f 6838/2851/9796 6858/2835/9797 6857/2833/9795 6836/2850/9794 
f 6859/2836/9798 6858/2835/9797 6838/2851/9796 6840/2852/9799 
f 6842/2853/9800 6860/2839/9801 6859/2836/9798 6840/2852/9799 
f 6852/2841/9784 6860/2839/9801 6842/2853/9800 6798/2854/9785 
s 1
f 6705/2821/9712 6722/2821/9712 6721/2837/9711 6706/2821/9712 
f 6746/2838/9712 6732/2821/9712 6733/2821/9712 6743/2821/9711 
s 4
f 6747/2821/9802 6700/2821/9802 6699/2820/9802 6748/2820/9802 
s 8
f 6756/2821/9803 6702/2821/9803 6700/2821/9803 6747/2821/9803 
s 16
f 6721/2837/9804 6702/2834/9804 6756/2834/9804 6761/2837/9804 
s 8
f 6706/2821/9805 6721/2837/9805 6761/2837/9805 6764/2821/9805 
s 4
f 6764/2821/9806 6770/2821/9806 6707/2821/9806 6706/2821/9806 
f 6733/2821/9806 6707/2821/9806 6770/2821/9806 6816/2821/9806 
s 8
f 6733/2821/9807 6816/2821/9807 6815/2821/9807 6743/2821/9807 
s 16
f 6743/2837/9808 6815/2837/9808 6807/2834/9808 6731/2834/9808 
s 8
f 6728/2821/9809 6731/2821/9809 6807/2821/9809 6806/2821/9809 
s 4
f 6727/2820/9810 6728/2821/9810 6806/2821/9810 6805/2820/9810 
s 8
f 6805/2820/9811 6799/2819/9812 6698/2819/9812 6727/2820/9811 
f 6698/2819/9812 6799/2819/9812 6748/2820/9813 6699/2820/9813 
f 6726/2842/9814 6710/2842/9814 6753/2842/9814 6752/2842/9814 
s 16
f 6726/2842/9815 6752/2842/9815 6821/2842/9815 6734/2842/9815 
s 32
f 6734/2823/9816 6821/2823/9816 6771/2822/9817 6709/2822/9817 
f 6771/2822/9817 6753/2823/9818 6710/2823/9818 6709/2822/9817 
s 8
f 6759/2821/9819 6701/2821/9820 6703/2821/9821 6760/2821/9822 
s 16
f 6780/2828/9823 6714/2828/9823 6701/2827/9824 6759/2827/9824 
f 6784/2830/9825 6716/2830/9825 6714/2828/9823 6780/2828/9823 
f 6703/2832/9826 6716/2830/9825 6784/2830/9825 6760/2849/9826 
s 8
f 6722/2821/9827 6705/2821/9828 6767/2821/9828 6766/2821/9827 
s 16
f 6722/2838/9829 6766/2838/9829 6795/2840/9830 6724/2840/9830 
f 6817/2838/9831 6746/2838/9831 6724/2840/9830 6795/2840/9830 
s 32
f 6732/2821/9832 6746/2838/9833 6817/2838/9833 6820/2821/9832 
f 6820/2821/9832 6801/2821/9834 6704/2821/9834 6732/2821/9832 
s 8
f 6704/2821/9835 6801/2821/9835 6767/2821/9828 6705/2821/9828 
s 2
f 6712/2825/9836 6711/2824/9837 6843/2824/9766 6844/2825/9769 
f 6735/2824/9838 6712/2825/9836 6844/2825/9769 6853/2824/9787 
f 6735/2824/9838 6853/2824/9787 6854/2826/9788 6736/2826/9839 
f 6736/2826/9839 6854/2826/9788 6855/2829/9791 6738/2829/9840 
f 6739/2831/9841 6738/2829/9840 6855/2829/9791 6856/2831/9793 
f 6857/2833/9795 6741/2833/9842 6739/2831/9841 6856/2831/9793 
f 6858/2835/9797 6742/2835/9843 6741/2833/9842 6857/2833/9795 
f 6742/2835/9843 6858/2835/9797 6859/2836/9798 6744/2836/9844 
f 6860/2839/9801 6745/2839/9845 6744/2836/9844 6859/2836/9798 
f 6860/2839/9801 6852/2841/9784 6725/2841/9846 6745/2839/9845 
f 6852/2841/9784 6851/2839/9782 6723/2839/9847 6725/2841/9846 
f 6850/2836/9781 6720/2836/9848 6723/2839/9847 6851/2839/9782 
f 6849/2835/9778 6719/2835/9849 6720/2836/9848 6850/2836/9781 
f 6849/2835/9778 6848/2833/9777 6718/2833/9850 6719/2835/9849 
f 6848/2833/9777 6847/2831/9774 6717/2831/9851 6718/2833/9850 
f 6846/2829/9772 6715/2829/9852 6717/2831/9851 6847/2831/9774 
f 6845/2826/9770 6713/2826/9853 6715/2829/9852 6846/2829/9772 
f 6843/2824/9766 6711/2824/9837 6713/2826/9853 6845/2826/9770 
s 4
f 6729/2821/9854 6810/2821/9854 6809/2821/9854 6730/2821/9854 
s 8
f 6831/2830/9855 6740/2830/9855 6730/2843/9856 6809/2843/9856 
f 6827/2828/9857 6737/2828/9857 6740/2830/9855 6831/2830/9855 
f 6810/2827/9858 6729/2827/9858 6737/2828/9857 6827/2828/9857 
# 141 polygons - 6 triangles

